{
  "37425333": {
    "gameId": 817280750,
    "invalid": false,
    "gameMode": "CLASSIC",
    "gameType": "MATCHED_GAME",
    "subType": "CAP_5x5",
    "mapId": 1,
    "teamId": 200,
    "championId": 236,
    "spell1": 4,
    "spell2": 7,
    "level": 30,
    "ipEarned": 124,
    "createDate": 1398243888393,
    "fellowPlayers": [
      {
        "summonerId": 40975889,
        "teamId": 100,
        "championId": 7
      },
      {
        "summonerId": 36772549,
        "teamId": 200,
        "championId": 53
      },
      {
        "summonerId": 31694910,
        "teamId": 200,
        "championId": 7
      },
      {
        "summonerId": 36173065,
        "teamId": 200,
        "championId": 121
      },
      {
        "summonerId": 40765593,
        "teamId": 100,
        "championId": 254
      },
      {
        "summonerId": 39817529,
        "teamId": 100,
        "championId": 23
      },
      {
        "summonerId": 38944884,
        "teamId": 100,
        "championId": 412
      },
      {
        "summonerId": 21982215,
        "teamId": 100,
        "championId": 133
      },
      {
        "summonerId": 36385786,
        "teamId": 200,
        "championId": 35
      }
    ],
    "stats": {
      "level": 18,
      "goldEarned": 16277,
      "numDeaths": 6,
      "turretsKilled": 1,
      "minionsKilled": 233,
      "championsKilled": 10,
      "goldSpent": 15028,
      "totalDamageDealt": 190612,
      "totalDamageTaken": 30858,
      "doubleKills": 2,
      "killingSprees": 4,
      "largestKillingSpree": 3,
      "team": 200,
      "win": true,
      "neutralMinionsKilled": 11,
      "largestMultiKill": 2,
      "physicalDamageDealtPlayer": 172964,
      "magicDamageDealtPlayer": 16422,
      "physicalDamageTaken": 23583,
      "magicDamageTaken": 6978,
      "largestCriticalStrike": 1088,
      "timePlayed": 2802,
      "totalHeal": 6736,
      "totalUnitsHealed": 3,
      "assists": 11,
      "item0": 1055,
      "item1": 3072,
      "item2": 3078,
      "item3": 3031,
      "item4": 3250,
      "item5": 3035,
      "item6": 3340,
      "magicDamageDealtToChampions": 4228,
      "physicalDamageDealtToChampions": 21795,
      "totalDamageDealtToChampions": 26724,
      "trueDamageDealtPlayer": 1226,
      "trueDamageDealtToChampions": 700,
      "trueDamageTaken": 296,
      "wardPlaced": 6,
      "neutralMinionsKilledEnemyJungle": 7,
      "neutralMinionsKilledYourJungle": 4,
      "totalTimeCrowdControlDealt": 221
    }
  },
  "summonerCount": 10,
  "36772549": {
    "gameId": 817280750,
    "invalid": false,
    "gameMode": "CLASSIC",
    "gameType": "MATCHED_GAME",
    "subType": "CAP_5x5",
    "mapId": 1,
    "teamId": 200,
    "championId": 53,
    "spell1": 4,
    "spell2": 7,
    "level": 30,
    "ipEarned": 274,
    "createDate": 1398243888392,
    "fellowPlayers": [
      {
        "summonerId": 37425333,
        "teamId": 200,
        "championId": 236
      },
      {
        "summonerId": 40975889,
        "teamId": 100,
        "championId": 7
      },
      {
        "summonerId": 31694910,
        "teamId": 200,
        "championId": 7
      },
      {
        "summonerId": 36173065,
        "teamId": 200,
        "championId": 121
      },
      {
        "summonerId": 40765593,
        "teamId": 100,
        "championId": 254
      },
      {
        "summonerId": 39817529,
        "teamId": 100,
        "championId": 23
      },
      {
        "summonerId": 38944884,
        "teamId": 100,
        "championId": 412
      },
      {
        "summonerId": 21982215,
        "teamId": 100,
        "championId": 133
      },
      {
        "summonerId": 36385786,
        "teamId": 200,
        "championId": 35
      }
    ],
    "stats": {
      "level": 18,
      "goldEarned": 14004,
      "numDeaths": 11,
      "minionsKilled": 47,
      "championsKilled": 4,
      "goldSpent": 12885,
      "totalDamageDealt": 69073,
      "totalDamageTaken": 41973,
      "team": 200,
      "win": true,
      "neutralMinionsKilled": 12,
      "largestMultiKill": 1,
      "physicalDamageDealtPlayer": 20142,
      "magicDamageDealtPlayer": 47985,
      "physicalDamageTaken": 30898,
      "magicDamageTaken": 10119,
      "timePlayed": 2802,
      "totalHeal": 5784,
      "totalUnitsHealed": 5,
      "assists": 20,
      "item0": 3143,
      "item1": 2045,
      "item2": 3069,
      "item3": 3025,
      "item4": 3270,
      "item5": 1057,
      "item6": 3341,
      "sightWardsBought": 2,
      "visionWardsBought": 2,
      "magicDamageDealtToChampions": 10779,
      "physicalDamageDealtToChampions": 5238,
      "totalDamageDealtToChampions": 16419,
      "trueDamageDealtPlayer": 946,
      "trueDamageDealtToChampions": 402,
      "trueDamageTaken": 955,
      "wardKilled": 2,
      "wardPlaced": 19,
      "neutralMinionsKilledYourJungle": 12,
      "totalTimeCrowdControlDealt": 514
    }
  },
  "39817529": {
    "gameId": 817280750,
    "invalid": false,
    "gameMode": "CLASSIC",
    "gameType": "MATCHED_GAME",
    "subType": "CAP_5x5",
    "mapId": 1,
    "teamId": 100,
    "championId": 23,
    "spell1": 14,
    "spell2": 4,
    "level": 30,
    "ipEarned": 81,
    "createDate": 1398243888383,
    "fellowPlayers": [
      {
        "summonerId": 37425333,
        "teamId": 200,
        "championId": 236
      },
      {
        "summonerId": 40975889,
        "teamId": 100,
        "championId": 7
      },
      {
        "summonerId": 36772549,
        "teamId": 200,
        "championId": 53
      },
      {
        "summonerId": 31694910,
        "teamId": 200,
        "championId": 7
      },
      {
        "summonerId": 36173065,
        "teamId": 200,
        "championId": 121
      },
      {
        "summonerId": 40765593,
        "teamId": 100,
        "championId": 254
      },
      {
        "summonerId": 38944884,
        "teamId": 100,
        "championId": 412
      },
      {
        "summonerId": 21982215,
        "teamId": 100,
        "championId": 133
      },
      {
        "summonerId": 36385786,
        "teamId": 200,
        "championId": 35
      }
    ],
    "stats": {
      "level": 18,
      "goldEarned": 17513,
      "numDeaths": 16,
      "turretsKilled": 3,
      "minionsKilled": 216,
      "championsKilled": 16,
      "goldSpent": 16625,
      "totalDamageDealt": 240264,
      "totalDamageTaken": 62533,
      "doubleKills": 1,
      "killingSprees": 2,
      "largestKillingSpree": 4,
      "team": 100,
      "win": false,
      "neutralMinionsKilled": 16,
      "largestMultiKill": 2,
      "physicalDamageDealtPlayer": 204859,
      "magicDamageDealtPlayer": 33746,
      "physicalDamageTaken": 34214,
      "magicDamageTaken": 27060,
      "largestCriticalStrike": 947,
      "timePlayed": 2802,
      "totalHeal": 11369,
      "totalUnitsHealed": 1,
      "assists": 3,
      "item0": 3077,
      "item1": 3087,
      "item2": 3031,
      "item3": 3250,
      "item4": 3072,
      "item5": 3153,
      "item6": 3340,
      "magicDamageDealtToChampions": 5443,
      "physicalDamageDealtToChampions": 46433,
      "totalDamageDealtToChampions": 53479,
      "trueDamageDealtPlayer": 1658,
      "trueDamageDealtToChampions": 1602,
      "trueDamageTaken": 1258,
      "wardPlaced": 6,
      "neutralMinionsKilledEnemyJungle": 8,
      "neutralMinionsKilledYourJungle": 8,
      "totalTimeCrowdControlDealt": 221
    }
  },
  "40765593": {
    "gameId": 817280750,
    "invalid": false,
    "gameMode": "CLASSIC",
    "gameType": "MATCHED_GAME",
    "subType": "CAP_5x5",
    "mapId": 1,
    "teamId": 100,
    "championId": 254,
    "spell1": 11,
    "spell2": 4,
    "level": 30,
    "ipEarned": 81,
    "createDate": 1398243888385,
    "fellowPlayers": [
      {
        "summonerId": 37425333,
        "teamId": 200,
        "championId": 236
      },
      {
        "summonerId": 40975889,
        "teamId": 100,
        "championId": 7
      },
      {
        "summonerId": 36772549,
        "teamId": 200,
        "championId": 53
      },
      {
        "summonerId": 31694910,
        "teamId": 200,
        "championId": 7
      },
      {
        "summonerId": 36173065,
        "teamId": 200,
        "championId": 121
      },
      {
        "summonerId": 39817529,
        "teamId": 100,
        "championId": 23
      },
      {
        "summonerId": 38944884,
        "teamId": 100,
        "championId": 412
      },
      {
        "summonerId": 21982215,
        "teamId": 100,
        "championId": 133
      },
      {
        "summonerId": 36385786,
        "teamId": 200,
        "championId": 35
      }
    ],
    "stats": {
      "level": 18,
      "goldEarned": 13424,
      "numDeaths": 8,
      "minionsKilled": 61,
      "championsKilled": 7,
      "goldSpent": 12800,
      "totalDamageDealt": 164607,
      "totalDamageTaken": 30880,
      "doubleKills": 1,
      "killingSprees": 2,
      "largestKillingSpree": 3,
      "team": 100,
      "win": false,
      "neutralMinionsKilled": 86,
      "largestMultiKill": 2,
      "physicalDamageDealtPlayer": 148990,
      "magicDamageDealtPlayer": 856,
      "physicalDamageTaken": 16414,
      "magicDamageTaken": 13257,
      "timePlayed": 2802,
      "totalHeal": 3795,
      "totalUnitsHealed": 1,
      "assists": 8,
      "item0": 3209,
      "item1": 3265,
      "item2": 3025,
      "item3": 3022,
      "item4": 3065,
      "item6": 3341,
      "physicalDamageDealtToChampions": 14357,
      "totalDamageDealtToChampions": 16082,
      "trueDamageDealtPlayer": 14759,
      "trueDamageDealtToChampions": 1724,
      "trueDamageTaken": 1208,
      "wardKilled": 1,
      "wardPlaced": 1,
      "neutralMinionsKilledEnemyJungle": 16,
      "neutralMinionsKilledYourJungle": 70,
      "totalTimeCrowdControlDealt": 789
    }
  },
  "36385786": {
    "gameId": 817280750,
    "invalid": false,
    "gameMode": "CLASSIC",
    "gameType": "MATCHED_GAME",
    "subType": "CAP_5x5",
    "mapId": 1,
    "teamId": 200,
    "championId": 35,
    "spell1": 11,
    "spell2": 14,
    "level": 30,
    "ipEarned": 274,
    "createDate": 1398243888389,
    "fellowPlayers": [
      {
        "summonerId": 37425333,
        "teamId": 200,
        "championId": 236
      },
      {
        "summonerId": 40975889,
        "teamId": 100,
        "championId": 7
      },
      {
        "summonerId": 36772549,
        "teamId": 200,
        "championId": 53
      },
      {
        "summonerId": 31694910,
        "teamId": 200,
        "championId": 7
      },
      {
        "summonerId": 36173065,
        "teamId": 200,
        "championId": 121
      },
      {
        "summonerId": 40765593,
        "teamId": 100,
        "championId": 254
      },
      {
        "summonerId": 39817529,
        "teamId": 100,
        "championId": 23
      },
      {
        "summonerId": 38944884,
        "teamId": 100,
        "championId": 412
      },
      {
        "summonerId": 21982215,
        "teamId": 100,
        "championId": 133
      }
    ],
    "stats": {
      "level": 18,
      "goldEarned": 14468,
      "numDeaths": 7,
      "minionsKilled": 133,
      "championsKilled": 10,
      "goldSpent": 11850,
      "totalDamageDealt": 156069,
      "totalDamageTaken": 32978,
      "doubleKills": 1,
      "killingSprees": 3,
      "largestKillingSpree": 4,
      "team": 200,
      "win": true,
      "neutralMinionsKilled": 27,
      "largestMultiKill": 2,
      "physicalDamageDealtPlayer": 97099,
      "magicDamageDealtPlayer": 43641,
      "physicalDamageTaken": 26143,
      "magicDamageTaken": 6148,
      "largestCriticalStrike": 472,
      "timePlayed": 2802,
      "totalHeal": 2989,
      "totalUnitsHealed": 1,
      "assists": 12,
      "item0": 3154,
      "item1": 1001,
      "item2": 3087,
      "item3": 3074,
      "item4": 3026,
      "item5": 1011,
      "item6": 3341,
      "magicDamageDealtToChampions": 11711,
      "physicalDamageDealtToChampions": 11449,
      "totalDamageDealtToChampions": 24801,
      "trueDamageDealtPlayer": 15328,
      "trueDamageDealtToChampions": 1640,
      "trueDamageTaken": 685,
      "wardKilled": 2,
      "wardPlaced": 4,
      "neutralMinionsKilledEnemyJungle": 8,
      "neutralMinionsKilledYourJungle": 19,
      "totalTimeCrowdControlDealt": 975
    }
  },
  "36173065": {
    "gameId": 817280750,
    "invalid": false,
    "gameMode": "CLASSIC",
    "gameType": "MATCHED_GAME",
    "subType": "CAP_5x5",
    "mapId": 1,
    "teamId": 200,
    "championId": 121,
    "spell1": 4,
    "spell2": 14,
    "level": 30,
    "ipEarned": 274,
    "createDate": 1398243888390,
    "fellowPlayers": [
      {
        "summonerId": 37425333,
        "teamId": 200,
        "championId": 236
      },
      {
        "summonerId": 40975889,
        "teamId": 100,
        "championId": 7
      },
      {
        "summonerId": 36772549,
        "teamId": 200,
        "championId": 53
      },
      {
        "summonerId": 31694910,
        "teamId": 200,
        "championId": 7
      },
      {
        "summonerId": 40765593,
        "teamId": 100,
        "championId": 254
      },
      {
        "summonerId": 39817529,
        "teamId": 100,
        "championId": 23
      },
      {
        "summonerId": 38944884,
        "teamId": 100,
        "championId": 412
      },
      {
        "summonerId": 21982215,
        "teamId": 100,
        "championId": 133
      },
      {
        "summonerId": 36385786,
        "teamId": 200,
        "championId": 35
      }
    ],
    "stats": {
      "level": 18,
      "goldEarned": 15434,
      "numDeaths": 8,
      "minionsKilled": 145,
      "championsKilled": 9,
      "goldSpent": 15800,
      "totalDamageDealt": 172452,
      "totalDamageTaken": 39638,
      "doubleKills": 1,
      "tripleKills": 1,
      "quadraKills": 1,
      "pentaKills": 1,
      "killingSprees": 1,
      "largestKillingSpree": 5,
      "team": 200,
      "win": true,
      "neutralMinionsKilled": 45,
      "largestMultiKill": 5,
      "physicalDamageDealtPlayer": 170348,
      "magicDamageDealtPlayer": 1324,
      "physicalDamageTaken": 32919,
      "magicDamageTaken": 5246,
      "timePlayed": 2802,
      "totalHeal": 5899,
      "totalUnitsHealed": 1,
      "assists": 12,
      "item0": 3074,
      "item1": 3158,
      "item2": 3026,
      "item3": 1038,
      "item4": 3143,
      "item5": 1036,
      "item6": 3340,
      "magicDamageDealtToChampions": 1324,
      "physicalDamageDealtToChampions": 17460,
      "totalDamageDealtToChampions": 19267,
      "trueDamageDealtPlayer": 780,
      "trueDamageDealtToChampions": 482,
      "trueDamageTaken": 1472,
      "wardPlaced": 13,
      "neutralMinionsKilledEnemyJungle": 9,
      "neutralMinionsKilledYourJungle": 36,
      "totalTimeCrowdControlDealt": 551
    }
  },
  "31694910": {
    "gameId": 817280750,
    "invalid": false,
    "gameMode": "CLASSIC",
    "gameType": "MATCHED_GAME",
    "subType": "CAP_5x5",
    "mapId": 1,
    "teamId": 200,
    "championId": 7,
    "spell1": 4,
    "spell2": 14,
    "level": 30,
    "ipEarned": 274,
    "createDate": 1398243888391,
    "fellowPlayers": [
      {
        "summonerId": 37425333,
        "teamId": 200,
        "championId": 236
      },
      {
        "summonerId": 40975889,
        "teamId": 100,
        "championId": 7
      },
      {
        "summonerId": 36772549,
        "teamId": 200,
        "championId": 53
      },
      {
        "summonerId": 36173065,
        "teamId": 200,
        "championId": 121
      },
      {
        "summonerId": 40765593,
        "teamId": 100,
        "championId": 254
      },
      {
        "summonerId": 39817529,
        "teamId": 100,
        "championId": 23
      },
      {
        "summonerId": 38944884,
        "teamId": 100,
        "championId": 412
      },
      {
        "summonerId": 21982215,
        "teamId": 100,
        "championId": 133
      },
      {
        "summonerId": 36385786,
        "teamId": 200,
        "championId": 35
      }
    ],
    "stats": {
      "level": 18,
      "goldEarned": 16939,
      "numDeaths": 7,
      "turretsKilled": 1,
      "minionsKilled": 194,
      "championsKilled": 14,
      "goldSpent": 16650,
      "totalDamageDealt": 169940,
      "totalDamageTaken": 28065,
      "killingSprees": 3,
      "largestKillingSpree": 5,
      "team": 200,
      "win": true,
      "neutralMinionsKilled": 5,
      "largestMultiKill": 1,
      "physicalDamageDealtPlayer": 23491,
      "magicDamageDealtPlayer": 144192,
      "physicalDamageTaken": 18825,
      "magicDamageTaken": 8584,
      "timePlayed": 2802,
      "totalHeal": 880,
      "totalUnitsHealed": 1,
      "assists": 17,
      "item1": 3157,
      "item2": 3128,
      "item3": 3089,
      "item4": 3255,
      "item5": 3135,
      "item6": 3340,
      "sightWardsBought": 1,
      "magicDamageDealtToChampions": 43157,
      "physicalDamageDealtToChampions": 3124,
      "totalDamageDealtToChampions": 47292,
      "trueDamageDealtPlayer": 2256,
      "trueDamageDealtToChampions": 1010,
      "trueDamageTaken": 655,
      "wardPlaced": 10,
      "neutralMinionsKilledEnemyJungle": 2,
      "neutralMinionsKilledYourJungle": 3,
      "totalTimeCrowdControlDealt": 213
    }
  },
  "38944884": {
    "gameId": 817280750,
    "invalid": false,
    "gameMode": "CLASSIC",
    "gameType": "MATCHED_GAME",
    "subType": "CAP_5x5",
    "mapId": 1,
    "teamId": 100,
    "championId": 412,
    "spell1": 3,
    "spell2": 4,
    "level": 30,
    "ipEarned": 81,
    "createDate": 1398243888387,
    "fellowPlayers": [
      {
        "summonerId": 37425333,
        "teamId": 200,
        "championId": 236
      },
      {
        "summonerId": 40975889,
        "teamId": 100,
        "championId": 7
      },
      {
        "summonerId": 36772549,
        "teamId": 200,
        "championId": 53
      },
      {
        "summonerId": 31694910,
        "teamId": 200,
        "championId": 7
      },
      {
        "summonerId": 36173065,
        "teamId": 200,
        "championId": 121
      },
      {
        "summonerId": 40765593,
        "teamId": 100,
        "championId": 254
      },
      {
        "summonerId": 39817529,
        "teamId": 100,
        "championId": 23
      },
      {
        "summonerId": 21982215,
        "teamId": 100,
        "championId": 133
      },
      {
        "summonerId": 36385786,
        "teamId": 200,
        "championId": 35
      }
    ],
    "stats": {
      "level": 17,
      "goldEarned": 11761,
      "numDeaths": 6,
      "turretsKilled": 2,
      "minionsKilled": 21,
      "goldSpent": 12045,
      "totalDamageDealt": 39492,
      "totalDamageTaken": 28938,
      "team": 100,
      "win": false,
      "physicalDamageDealtPlayer": 9606,
      "magicDamageDealtPlayer": 29885,
      "physicalDamageTaken": 16834,
      "magicDamageTaken": 10954,
      "timePlayed": 2802,
      "totalHeal": 2700,
      "totalUnitsHealed": 1,
      "assists": 20,
      "item0": 3069,
      "item1": 3065,
      "item2": 3270,
      "item3": 2049,
      "item4": 3083,
      "item5": 3211,
      "item6": 3341,
      "sightWardsBought": 1,
      "magicDamageDealtToChampions": 13264,
      "physicalDamageDealtToChampions": 2228,
      "totalDamageDealtToChampions": 15493,
      "trueDamageTaken": 1150,
      "wardKilled": 1,
      "wardPlaced": 28,
      "totalTimeCrowdControlDealt": 169
    }
  },
  "40975889": {
    "gameId": 817280750,
    "invalid": false,
    "gameMode": "CLASSIC",
    "gameType": "MATCHED_GAME",
    "subType": "CAP_5x5",
    "mapId": 1,
    "teamId": 100,
    "championId": 7,
    "spell1": 4,
    "spell2": 14,
    "level": 30,
    "ipEarned": 81,
    "createDate": 1398243888388,
    "fellowPlayers": [
      {
        "summonerId": 37425333,
        "teamId": 200,
        "championId": 236
      },
      {
        "summonerId": 36772549,
        "teamId": 200,
        "championId": 53
      },
      {
        "summonerId": 31694910,
        "teamId": 200,
        "championId": 7
      },
      {
        "summonerId": 36173065,
        "teamId": 200,
        "championId": 121
      },
      {
        "summonerId": 40765593,
        "teamId": 100,
        "championId": 254
      },
      {
        "summonerId": 39817529,
        "teamId": 100,
        "championId": 23
      },
      {
        "summonerId": 38944884,
        "teamId": 100,
        "championId": 412
      },
      {
        "summonerId": 21982215,
        "teamId": 100,
        "championId": 133
      },
      {
        "summonerId": 36385786,
        "teamId": 200,
        "championId": 35
      }
    ],
    "stats": {
      "level": 17,
      "goldEarned": 12604,
      "numDeaths": 7,
      "minionsKilled": 181,
      "championsKilled": 4,
      "goldSpent": 12335,
      "totalDamageDealt": 136438,
      "totalDamageTaken": 19974,
      "killingSprees": 1,
      "largestKillingSpree": 2,
      "team": 100,
      "win": false,
      "neutralMinionsKilled": 2,
      "largestMultiKill": 1,
      "physicalDamageDealtPlayer": 30656,
      "magicDamageDealtPlayer": 105527,
      "physicalDamageTaken": 9052,
      "magicDamageTaken": 10609,
      "timePlayed": 2802,
      "totalHeal": 553,
      "totalUnitsHealed": 1,
      "assists": 7,
      "item0": 1056,
      "item1": 3128,
      "item2": 3157,
      "item3": 3020,
      "item4": 3089,
      "item6": 3340,
      "magicDamageDealtToChampions": 13802,
      "physicalDamageDealtToChampions": 2120,
      "totalDamageDealtToChampions": 16176,
      "trueDamageDealtPlayer": 254,
      "trueDamageDealtToChampions": 254,
      "trueDamageTaken": 312,
      "wardPlaced": 6,
      "neutralMinionsKilledEnemyJungle": 1,
      "neutralMinionsKilledYourJungle": 1,
      "totalTimeCrowdControlDealt": 58
    }
  },
  "37425333": {
    "gameId": 817280750,
    "invalid": false,
    "gameMode": "CLASSIC",
    "gameType": "MATCHED_GAME",
    "subType": "CAP_5x5",
    "mapId": 1,
    "teamId": 200,
    "championId": 236,
    "spell1": 4,
    "spell2": 7,
    "level": 30,
    "ipEarned": 124,
    "createDate": 1398243888393,
    "fellowPlayers": [
      {
        "summonerId": 40975889,
        "teamId": 100,
        "championId": 7
      },
      {
        "summonerId": 36772549,
        "teamId": 200,
        "championId": 53
      },
      {
        "summonerId": 31694910,
        "teamId": 200,
        "championId": 7
      },
      {
        "summonerId": 36173065,
        "teamId": 200,
        "championId": 121
      },
      {
        "summonerId": 40765593,
        "teamId": 100,
        "championId": 254
      },
      {
        "summonerId": 39817529,
        "teamId": 100,
        "championId": 23
      },
      {
        "summonerId": 38944884,
        "teamId": 100,
        "championId": 412
      },
      {
        "summonerId": 21982215,
        "teamId": 100,
        "championId": 133
      },
      {
        "summonerId": 36385786,
        "teamId": 200,
        "championId": 35
      }
    ],
    "stats": {
      "level": 18,
      "goldEarned": 16277,
      "numDeaths": 6,
      "turretsKilled": 1,
      "minionsKilled": 233,
      "championsKilled": 10,
      "goldSpent": 15028,
      "totalDamageDealt": 190612,
      "totalDamageTaken": 30858,
      "doubleKills": 2,
      "killingSprees": 4,
      "largestKillingSpree": 3,
      "team": 200,
      "win": true,
      "neutralMinionsKilled": 11,
      "largestMultiKill": 2,
      "physicalDamageDealtPlayer": 172964,
      "magicDamageDealtPlayer": 16422,
      "physicalDamageTaken": 23583,
      "magicDamageTaken": 6978,
      "largestCriticalStrike": 1088,
      "timePlayed": 2802,
      "totalHeal": 6736,
      "totalUnitsHealed": 3,
      "assists": 11,
      "item0": 1055,
      "item1": 3072,
      "item2": 3078,
      "item3": 3031,
      "item4": 3250,
      "item5": 3035,
      "item6": 3340,
      "magicDamageDealtToChampions": 4228,
      "physicalDamageDealtToChampions": 21795,
      "totalDamageDealtToChampions": 26724,
      "trueDamageDealtPlayer": 1226,
      "trueDamageDealtToChampions": 700,
      "trueDamageTaken": 296,
      "wardPlaced": 6,
      "neutralMinionsKilledEnemyJungle": 7,
      "neutralMinionsKilledYourJungle": 4,
      "totalTimeCrowdControlDealt": 221
    }
  }
}