{
  "39228487": {
    "gameId": 817260629,
    "invalid": false,
    "gameMode": "CLASSIC",
    "gameType": "MATCHED_GAME",
    "subType": "CAP_5x5",
    "mapId": 1,
    "teamId": 200,
    "championId": 222,
    "spell1": 4,
    "spell2": 7,
    "level": 30,
    "ipEarned": 244,
    "createDate": 1398242711417,
    "fellowPlayers": [
      {
        "summonerId": 36304009,
        "teamId": 200,
        "championId": 57
      },
      {
        "summonerId": 39667978,
        "teamId": 100,
        "championId": 32
      },
      {
        "summonerId": 37714991,
        "teamId": 100,
        "championId": 83
      },
      {
        "summonerId": 43933915,
        "teamId": 200,
        "championId": 238
      },
      {
        "summonerId": 36325039,
        "teamId": 200,
        "championId": 8
      },
      {
        "summonerId": 41454476,
        "teamId": 200,
        "championId": 77
      },
      {
        "summonerId": 25911126,
        "teamId": 100,
        "championId": 29
      },
      {
        "summonerId": 31507818,
        "teamId": 100,
        "championId": 39
      },
      {
        "summonerId": 37979283,
        "teamId": 100,
        "championId": 238
      }
    ],
    "stats": {
      "level": 18,
      "goldEarned": 14214,
      "numDeaths": 7,
      "turretsKilled": 1,
      "minionsKilled": 141,
      "championsKilled": 13,
      "goldSpent": 11610,
      "totalDamageDealt": 146111,
      "totalDamageTaken": 25009,
      "doubleKills": 3,
      "killingSprees": 4,
      "largestKillingSpree": 4,
      "team": 200,
      "win": true,
      "neutralMinionsKilled": 25,
      "largestMultiKill": 2,
      "physicalDamageDealtPlayer": 130604,
      "magicDamageDealtPlayer": 14902,
      "physicalDamageTaken": 17838,
      "magicDamageTaken": 5326,
      "largestCriticalStrike": 570,
      "timePlayed": 2014,
      "totalHeal": 4037,
      "totalUnitsHealed": 5,
      "assists": 14,
      "item0": 3035,
      "item2": 3072,
      "item3": 3087,
      "item4": 3250,
      "item5": 1037,
      "item6": 3340,
      "magicDamageDealtToChampions": 3533,
      "physicalDamageDealtToChampions": 29231,
      "totalDamageDealtToChampions": 33144,
      "trueDamageDealtPlayer": 604,
      "trueDamageDealtToChampions": 380,
      "trueDamageTaken": 1845,
      "wardPlaced": 8,
      "neutralMinionsKilledEnemyJungle": 1,
      "neutralMinionsKilledYourJungle": 24,
      "totalTimeCrowdControlDealt": 311
    }
  },
  "summonerCount": 10,
  "31507818": {
    "gameId": 817260629,
    "invalid": false,
    "gameMode": "CLASSIC",
    "gameType": "MATCHED_GAME",
    "subType": "CAP_5x5",
    "mapId": 1,
    "teamId": 100,
    "championId": 39,
    "spell1": 4,
    "spell2": 14,
    "level": 30,
    "ipEarned": 62,
    "createDate": 1398242711414,
    "fellowPlayers": [
      {
        "summonerId": 36304009,
        "teamId": 200,
        "championId": 57
      },
      {
        "summonerId": 39667978,
        "teamId": 100,
        "championId": 32
      },
      {
        "summonerId": 37714991,
        "teamId": 100,
        "championId": 83
      },
      {
        "summonerId": 43933915,
        "teamId": 200,
        "championId": 238
      },
      {
        "summonerId": 36325039,
        "teamId": 200,
        "championId": 8
      },
      {
        "summonerId": 39228487,
        "teamId": 200,
        "championId": 222
      },
      {
        "summonerId": 41454476,
        "teamId": 200,
        "championId": 77
      },
      {
        "summonerId": 25911126,
        "teamId": 100,
        "championId": 29
      },
      {
        "summonerId": 37979283,
        "teamId": 100,
        "championId": 238
      }
    ],
    "stats": {
      "level": 13,
      "goldEarned": 9574,
      "numDeaths": 10,
      "turretsKilled": 1,
      "minionsKilled": 29,
      "championsKilled": 9,
      "goldSpent": 9115,
      "totalDamageDealt": 54789,
      "totalDamageTaken": 30998,
      "doubleKills": 2,
      "killingSprees": 2,
      "largestKillingSpree": 3,
      "team": 100,
      "win": false,
      "neutralMinionsKilled": 9,
      "largestMultiKill": 2,
      "physicalDamageDealtPlayer": 47015,
      "magicDamageDealtPlayer": 3989,
      "physicalDamageTaken": 20264,
      "magicDamageTaken": 10657,
      "largestCriticalStrike": 145,
      "timePlayed": 2014,
      "totalHeal": 3741,
      "totalUnitsHealed": 1,
      "assists": 5,
      "item0": 3265,
      "item1": 3153,
      "item2": 3022,
      "item3": 1042,
      "item4": 1033,
      "item6": 3340,
      "magicDamageDealtToChampions": 2683,
      "physicalDamageDealtToChampions": 14233,
      "totalDamageDealtToChampions": 18811,
      "trueDamageDealtPlayer": 3784,
      "trueDamageDealtToChampions": 1894,
      "trueDamageTaken": 76,
      "wardPlaced": 4,
      "neutralMinionsKilledYourJungle": 9,
      "totalTimeCrowdControlDealt": 188
    }
  },
  "36304009": {
    "gameId": 817260629,
    "invalid": false,
    "gameMode": "CLASSIC",
    "gameType": "MATCHED_GAME",
    "subType": "CAP_5x5",
    "mapId": 1,
    "teamId": 200,
    "championId": 57,
    "spell1": 4,
    "spell2": 3,
    "level": 30,
    "ipEarned": 94,
    "createDate": 1398242711418,
    "fellowPlayers": [
      {
        "summonerId": 39667978,
        "teamId": 100,
        "championId": 32
      },
      {
        "summonerId": 37714991,
        "teamId": 100,
        "championId": 83
      },
      {
        "summonerId": 43933915,
        "teamId": 200,
        "championId": 238
      },
      {
        "summonerId": 36325039,
        "teamId": 200,
        "championId": 8
      },
      {
        "summonerId": 39228487,
        "teamId": 200,
        "championId": 222
      },
      {
        "summonerId": 41454476,
        "teamId": 200,
        "championId": 77
      },
      {
        "summonerId": 25911126,
        "teamId": 100,
        "championId": 29
      },
      {
        "summonerId": 31507818,
        "teamId": 100,
        "championId": 39
      },
      {
        "summonerId": 37979283,
        "teamId": 100,
        "championId": 238
      }
    ],
    "stats": {
      "level": 15,
      "goldEarned": 10832,
      "numDeaths": 7,
      "minionsKilled": 47,
      "championsKilled": 6,
      "goldSpent": 9853,
      "totalDamageDealt": 51732,
      "totalDamageTaken": 22348,
      "killingSprees": 1,
      "largestKillingSpree": 3,
      "team": 200,
      "win": true,
      "largestMultiKill": 1,
      "physicalDamageDealtPlayer": 6702,
      "magicDamageDealtPlayer": 44958,
      "physicalDamageTaken": 14295,
      "magicDamageTaken": 5423,
      "timePlayed": 2014,
      "totalHeal": 2408,
      "totalUnitsHealed": 1,
      "assists": 12,
      "item0": 3078,
      "item1": 3028,
      "item2": 3047,
      "item3": 3068,
      "item4": 1029,
      "item5": 1031,
      "item6": 3340,
      "sightWardsBought": 8,
      "magicDamageDealtToChampions": 17575,
      "physicalDamageDealtToChampions": 2107,
      "totalDamageDealtToChampions": 19754,
      "trueDamageDealtPlayer": 72,
      "trueDamageDealtToChampions": 72,
      "trueDamageTaken": 2630,
      "wardPlaced": 18,
      "totalTimeCrowdControlDealt": 313
    }
  },
  "36325039": {
    "gameId": 817260629,
    "invalid": false,
    "gameMode": "CLASSIC",
    "gameType": "MATCHED_GAME",
    "subType": "CAP_5x5",
    "mapId": 1,
    "teamId": 200,
    "championId": 8,
    "spell1": 21,
    "spell2": 4,
    "level": 30,
    "ipEarned": 244,
    "createDate": 1398242711416,
    "fellowPlayers": [
      {
        "summonerId": 36304009,
        "teamId": 200,
        "championId": 57
      },
      {
        "summonerId": 39667978,
        "teamId": 100,
        "championId": 32
      },
      {
        "summonerId": 37714991,
        "teamId": 100,
        "championId": 83
      },
      {
        "summonerId": 43933915,
        "teamId": 200,
        "championId": 238
      },
      {
        "summonerId": 39228487,
        "teamId": 200,
        "championId": 222
      },
      {
        "summonerId": 41454476,
        "teamId": 200,
        "championId": 77
      },
      {
        "summonerId": 25911126,
        "teamId": 100,
        "championId": 29
      },
      {
        "summonerId": 31507818,
        "teamId": 100,
        "championId": 39
      },
      {
        "summonerId": 37979283,
        "teamId": 100,
        "championId": 238
      }
    ],
    "stats": {
      "level": 17,
      "goldEarned": 12126,
      "numDeaths": 5,
      "barracksKilled": 1,
      "turretsKilled": 2,
      "minionsKilled": 160,
      "championsKilled": 6,
      "goldSpent": 9450,
      "totalDamageDealt": 117824,
      "totalDamageTaken": 18878,
      "doubleKills": 1,
      "killingSprees": 2,
      "largestKillingSpree": 4,
      "team": 200,
      "win": true,
      "neutralMinionsKilled": 4,
      "largestMultiKill": 2,
      "physicalDamageDealtPlayer": 19065,
      "magicDamageDealtPlayer": 98758,
      "physicalDamageTaken": 10638,
      "magicDamageTaken": 7288,
      "timePlayed": 2014,
      "totalHeal": 9434,
      "totalUnitsHealed": 1,
      "assists": 16,
      "item0": 1058,
      "item1": 3116,
      "item2": 1026,
      "item3": 3152,
      "item5": 3020,
      "item6": 3340,
      "magicDamageDealtToChampions": 19802,
      "physicalDamageDealtToChampions": 1946,
      "totalDamageDealtToChampions": 21749,
      "trueDamageTaken": 951,
      "wardPlaced": 11,
      "neutralMinionsKilledYourJungle": 4,
      "totalTimeCrowdControlDealt": 783
    }
  },
  "25911126": {
    "gameId": 817260629,
    "invalid": false,
    "gameMode": "CLASSIC",
    "gameType": "MATCHED_GAME",
    "subType": "CAP_5x5",
    "mapId": 1,
    "teamId": 100,
    "championId": 29,
    "spell1": 4,
    "spell2": 21,
    "level": 30,
    "ipEarned": 62,
    "createDate": 1398242711413,
    "fellowPlayers": [
      {
        "summonerId": 36304009,
        "teamId": 200,
        "championId": 57
      },
      {
        "summonerId": 39667978,
        "teamId": 100,
        "championId": 32
      },
      {
        "summonerId": 37714991,
        "teamId": 100,
        "championId": 83
      },
      {
        "summonerId": 43933915,
        "teamId": 200,
        "championId": 238
      },
      {
        "summonerId": 36325039,
        "teamId": 200,
        "championId": 8
      },
      {
        "summonerId": 39228487,
        "teamId": 200,
        "championId": 222
      },
      {
        "summonerId": 41454476,
        "teamId": 200,
        "championId": 77
      },
      {
        "summonerId": 31507818,
        "teamId": 100,
        "championId": 39
      },
      {
        "summonerId": 37979283,
        "teamId": 100,
        "championId": 238
      }
    ],
    "stats": {
      "level": 15,
      "goldEarned": 11578,
      "numDeaths": 5,
      "barracksKilled": 1,
      "minionsKilled": 162,
      "championsKilled": 7,
      "goldSpent": 11650,
      "totalDamageDealt": 107988,
      "totalDamageTaken": 16331,
      "doubleKills": 1,
      "killingSprees": 2,
      "largestKillingSpree": 3,
      "team": 100,
      "win": false,
      "neutralMinionsKilled": 1,
      "largestMultiKill": 2,
      "physicalDamageDealtPlayer": 99914,
      "physicalDamageTaken": 11540,
      "magicDamageTaken": 4689,
      "largestCriticalStrike": 581,
      "timePlayed": 2014,
      "totalHeal": 1107,
      "totalUnitsHealed": 1,
      "assists": 7,
      "item0": 3031,
      "item1": 3072,
      "item2": 3250,
      "item3": 3046,
      "item6": 3340,
      "physicalDamageDealtToChampions": 13830,
      "totalDamageDealtToChampions": 17220,
      "trueDamageDealtPlayer": 8074,
      "trueDamageDealtToChampions": 3390,
      "trueDamageTaken": 102,
      "wardPlaced": 5,
      "neutralMinionsKilledEnemyJungle": 1,
      "totalTimeCrowdControlDealt": 367
    }
  },
  "41454476": {
    "gameId": 817260629,
    "invalid": false,
    "gameMode": "CLASSIC",
    "gameType": "MATCHED_GAME",
    "subType": "CAP_5x5",
    "mapId": 1,
    "teamId": 200,
    "championId": 77,
    "spell1": 6,
    "spell2": 11,
    "level": 30,
    "ipEarned": 244,
    "createDate": 1398242711419,
    "fellowPlayers": [
      {
        "summonerId": 36304009,
        "teamId": 200,
        "championId": 57
      },
      {
        "summonerId": 39667978,
        "teamId": 100,
        "championId": 32
      },
      {
        "summonerId": 37714991,
        "teamId": 100,
        "championId": 83
      },
      {
        "summonerId": 43933915,
        "teamId": 200,
        "championId": 238
      },
      {
        "summonerId": 36325039,
        "teamId": 200,
        "championId": 8
      },
      {
        "summonerId": 39228487,
        "teamId": 200,
        "championId": 222
      },
      {
        "summonerId": 25911126,
        "teamId": 100,
        "championId": 29
      },
      {
        "summonerId": 31507818,
        "teamId": 100,
        "championId": 39
      },
      {
        "summonerId": 37979283,
        "teamId": 100,
        "championId": 238
      }
    ],
    "stats": {
      "level": 18,
      "goldEarned": 13773,
      "numDeaths": 3,
      "turretsKilled": 3,
      "minionsKilled": 130,
      "championsKilled": 3,
      "goldSpent": 10538,
      "totalDamageDealt": 279774,
      "totalDamageTaken": 27424,
      "killingSprees": 1,
      "largestKillingSpree": 3,
      "team": 200,
      "win": true,
      "neutralMinionsKilled": 124,
      "largestMultiKill": 1,
      "physicalDamageDealtPlayer": 88704,
      "magicDamageDealtPlayer": 168893,
      "physicalDamageTaken": 22501,
      "magicDamageTaken": 4448,
      "largestCriticalStrike": 412,
      "timePlayed": 2014,
      "totalHeal": 8844,
      "totalUnitsHealed": 1,
      "assists": 6,
      "item0": 3160,
      "item1": 2010,
      "item2": 3078,
      "item3": 3111,
      "item4": 3143,
      "item5": 1028,
      "item6": 3340,
      "sightWardsBought": 3,
      "magicDamageDealtToChampions": 5883,
      "physicalDamageDealtToChampions": 5576,
      "totalDamageDealtToChampions": 11587,
      "trueDamageDealtPlayer": 22176,
      "trueDamageDealtToChampions": 128,
      "trueDamageTaken": 474,
      "wardPlaced": 6,
      "neutralMinionsKilledEnemyJungle": 26,
      "neutralMinionsKilledYourJungle": 98,
      "totalTimeCrowdControlDealt": 1315
    }
  },
  "37979283": {
    "gameId": 817260629,
    "invalid": false,
    "gameMode": "CLASSIC",
    "gameType": "MATCHED_GAME",
    "subType": "CAP_5x5",
    "mapId": 1,
    "teamId": 100,
    "championId": 238,
    "spell1": 4,
    "spell2": 14,
    "level": 30,
    "ipEarned": 62,
    "createDate": 1398242711411,
    "fellowPlayers": [
      {
        "summonerId": 36304009,
        "teamId": 200,
        "championId": 57
      },
      {
        "summonerId": 39667978,
        "teamId": 100,
        "championId": 32
      },
      {
        "summonerId": 37714991,
        "teamId": 100,
        "championId": 83
      },
      {
        "summonerId": 43933915,
        "teamId": 200,
        "championId": 238
      },
      {
        "summonerId": 36325039,
        "teamId": 200,
        "championId": 8
      },
      {
        "summonerId": 39228487,
        "teamId": 200,
        "championId": 222
      },
      {
        "summonerId": 41454476,
        "teamId": 200,
        "championId": 77
      },
      {
        "summonerId": 25911126,
        "teamId": 100,
        "championId": 29
      },
      {
        "summonerId": 31507818,
        "teamId": 100,
        "championId": 39
      }
    ],
    "stats": {
      "level": 15,
      "goldEarned": 9323,
      "numDeaths": 12,
      "turretsKilled": 1,
      "minionsKilled": 111,
      "championsKilled": 4,
      "goldSpent": 10040,
      "totalDamageDealt": 97603,
      "totalDamageTaken": 25961,
      "team": 100,
      "win": false,
      "neutralMinionsKilled": 16,
      "largestMultiKill": 1,
      "physicalDamageDealtPlayer": 90926,
      "magicDamageDealtPlayer": 5283,
      "physicalDamageTaken": 17656,
      "magicDamageTaken": 7874,
      "timePlayed": 2014,
      "totalHeal": 1201,
      "totalUnitsHealed": 1,
      "assists": 6,
      "item0": 3153,
      "item1": 3072,
      "item2": 1028,
      "item3": 1036,
      "item4": 3270,
      "item5": 1036,
      "item6": 3340,
      "magicDamageDealtToChampions": 1347,
      "physicalDamageDealtToChampions": 12360,
      "totalDamageDealtToChampions": 15042,
      "trueDamageDealtPlayer": 1394,
      "trueDamageDealtToChampions": 1334,
      "trueDamageTaken": 430,
      "wardPlaced": 18,
      "neutralMinionsKilledEnemyJungle": 4,
      "neutralMinionsKilledYourJungle": 12,
      "totalTimeCrowdControlDealt": 178
    }
  },
  "43933915": {
    "gameId": 817260629,
    "invalid": false,
    "gameMode": "CLASSIC",
    "gameType": "MATCHED_GAME",
    "subType": "CAP_5x5",
    "mapId": 1,
    "teamId": 200,
    "championId": 238,
    "spell1": 14,
    "spell2": 4,
    "level": 30,
    "ipEarned": 244,
    "createDate": 1398242711415,
    "fellowPlayers": [
      {
        "summonerId": 36304009,
        "teamId": 200,
        "championId": 57
      },
      {
        "summonerId": 39667978,
        "teamId": 100,
        "championId": 32
      },
      {
        "summonerId": 37714991,
        "teamId": 100,
        "championId": 83
      },
      {
        "summonerId": 36325039,
        "teamId": 200,
        "championId": 8
      },
      {
        "summonerId": 39228487,
        "teamId": 200,
        "championId": 222
      },
      {
        "summonerId": 41454476,
        "teamId": 200,
        "championId": 77
      },
      {
        "summonerId": 25911126,
        "teamId": 100,
        "championId": 29
      },
      {
        "summonerId": 31507818,
        "teamId": 100,
        "championId": 39
      },
      {
        "summonerId": 37979283,
        "teamId": 100,
        "championId": 238
      }
    ],
    "stats": {
      "level": 14,
      "goldEarned": 11587,
      "numDeaths": 10,
      "turretsKilled": 1,
      "minionsKilled": 98,
      "championsKilled": 10,
      "goldSpent": 9885,
      "totalDamageDealt": 76277,
      "totalDamageTaken": 20849,
      "doubleKills": 1,
      "killingSprees": 3,
      "largestKillingSpree": 3,
      "team": 200,
      "win": true,
      "neutralMinionsKilled": 5,
      "largestMultiKill": 2,
      "physicalDamageDealtPlayer": 72343,
      "magicDamageDealtPlayer": 3144,
      "physicalDamageTaken": 13742,
      "magicDamageTaken": 5764,
      "timePlayed": 2014,
      "totalHeal": 317,
      "totalUnitsHealed": 1,
      "assists": 4,
      "item0": 3144,
      "item1": 3072,
      "item2": 3071,
      "item3": 3270,
      "item4": 1042,
      "item5": 1042,
      "item6": 3340,
      "magicDamageDealtToChampions": 724,
      "physicalDamageDealtToChampions": 18297,
      "totalDamageDealtToChampions": 19672,
      "trueDamageDealtPlayer": 790,
      "trueDamageDealtToChampions": 650,
      "trueDamageTaken": 1342,
      "wardPlaced": 21,
      "neutralMinionsKilledEnemyJungle": 2,
      "neutralMinionsKilledYourJungle": 3,
      "totalTimeCrowdControlDealt": 286
    }
  },
  "39667978": {
    "gameId": 817260629,
    "invalid": false,
    "gameMode": "CLASSIC",
    "gameType": "MATCHED_GAME",
    "subType": "CAP_5x5",
    "mapId": 1,
    "teamId": 100,
    "championId": 32,
    "spell1": 4,
    "spell2": 11,
    "level": 30,
    "ipEarned": 62,
    "createDate": 1398242711412,
    "fellowPlayers": [
      {
        "summonerId": 36304009,
        "teamId": 200,
        "championId": 57
      },
      {
        "summonerId": 37714991,
        "teamId": 100,
        "championId": 83
      },
      {
        "summonerId": 43933915,
        "teamId": 200,
        "championId": 238
      },
      {
        "summonerId": 36325039,
        "teamId": 200,
        "championId": 8
      },
      {
        "summonerId": 39228487,
        "teamId": 200,
        "championId": 222
      },
      {
        "summonerId": 41454476,
        "teamId": 200,
        "championId": 77
      },
      {
        "summonerId": 25911126,
        "teamId": 100,
        "championId": 29
      },
      {
        "summonerId": 31507818,
        "teamId": 100,
        "championId": 39
      },
      {
        "summonerId": 37979283,
        "teamId": 100,
        "championId": 238
      }
    ],
    "stats": {
      "level": 16,
      "goldEarned": 11100,
      "numDeaths": 5,
      "turretsKilled": 1,
      "minionsKilled": 58,
      "championsKilled": 9,
      "goldSpent": 10130,
      "totalDamageDealt": 105159,
      "totalDamageTaken": 33412,
      "doubleKills": 2,
      "killingSprees": 1,
      "largestKillingSpree": 9,
      "team": 100,
      "win": false,
      "neutralMinionsKilled": 38,
      "largestMultiKill": 2,
      "physicalDamageDealtPlayer": 14464,
      "magicDamageDealtPlayer": 81932,
      "physicalDamageTaken": 21230,
      "magicDamageTaken": 10950,
      "timePlayed": 2014,
      "totalHeal": 2011,
      "totalUnitsHealed": 1,
      "assists": 12,
      "item0": 3207,
      "item1": 3274,
      "item2": 3068,
      "item3": 3024,
      "item4": 3116,
      "item6": 3340,
      "sightWardsBought": 1,
      "magicDamageDealtToChampions": 16330,
      "physicalDamageDealtToChampions": 1715,
      "totalDamageDealtToChampions": 18521,
      "trueDamageDealtPlayer": 8762,
      "trueDamageDealtToChampions": 476,
      "trueDamageTaken": 1231,
      "wardPlaced": 7,
      "neutralMinionsKilledEnemyJungle": 5,
      "neutralMinionsKilledYourJungle": 33,
      "totalTimeCrowdControlDealt": 502
    }
  },
  "39228487": {
    "gameId": 817260629,
    "invalid": false,
    "gameMode": "CLASSIC",
    "gameType": "MATCHED_GAME",
    "subType": "CAP_5x5",
    "mapId": 1,
    "teamId": 200,
    "championId": 222,
    "spell1": 4,
    "spell2": 7,
    "level": 30,
    "ipEarned": 244,
    "createDate": 1398242711417,
    "fellowPlayers": [
      {
        "summonerId": 36304009,
        "teamId": 200,
        "championId": 57
      },
      {
        "summonerId": 39667978,
        "teamId": 100,
        "championId": 32
      },
      {
        "summonerId": 37714991,
        "teamId": 100,
        "championId": 83
      },
      {
        "summonerId": 43933915,
        "teamId": 200,
        "championId": 238
      },
      {
        "summonerId": 36325039,
        "teamId": 200,
        "championId": 8
      },
      {
        "summonerId": 41454476,
        "teamId": 200,
        "championId": 77
      },
      {
        "summonerId": 25911126,
        "teamId": 100,
        "championId": 29
      },
      {
        "summonerId": 31507818,
        "teamId": 100,
        "championId": 39
      },
      {
        "summonerId": 37979283,
        "teamId": 100,
        "championId": 238
      }
    ],
    "stats": {
      "level": 18,
      "goldEarned": 14214,
      "numDeaths": 7,
      "turretsKilled": 1,
      "minionsKilled": 141,
      "championsKilled": 13,
      "goldSpent": 11610,
      "totalDamageDealt": 146111,
      "totalDamageTaken": 25009,
      "doubleKills": 3,
      "killingSprees": 4,
      "largestKillingSpree": 4,
      "team": 200,
      "win": true,
      "neutralMinionsKilled": 25,
      "largestMultiKill": 2,
      "physicalDamageDealtPlayer": 130604,
      "magicDamageDealtPlayer": 14902,
      "physicalDamageTaken": 17838,
      "magicDamageTaken": 5326,
      "largestCriticalStrike": 570,
      "timePlayed": 2014,
      "totalHeal": 4037,
      "totalUnitsHealed": 5,
      "assists": 14,
      "item0": 3035,
      "item2": 3072,
      "item3": 3087,
      "item4": 3250,
      "item5": 1037,
      "item6": 3340,
      "magicDamageDealtToChampions": 3533,
      "physicalDamageDealtToChampions": 29231,
      "totalDamageDealtToChampions": 33144,
      "trueDamageDealtPlayer": 604,
      "trueDamageDealtToChampions": 380,
      "trueDamageTaken": 1845,
      "wardPlaced": 8,
      "neutralMinionsKilledEnemyJungle": 1,
      "neutralMinionsKilledYourJungle": 24,
      "totalTimeCrowdControlDealt": 311
    }
  }
}