{
  "28704991": {
    "gameId": 817260637,
    "invalid": false,
    "gameMode": "CLASSIC",
    "gameType": "MATCHED_GAME",
    "subType": "CAP_5x5",
    "mapId": 1,
    "teamId": 200,
    "championId": 53,
    "spell1": 3,
    "spell2": 4,
    "level": 30,
    "ipEarned": 242,
    "createDate": 1398243235703,
    "fellowPlayers": [
      {
        "summonerId": 38051443,
        "teamId": 100,
        "championId": 92
      },
      {
        "summonerId": 35735747,
        "teamId": 100,
        "championId": 267
      },
      {
        "summonerId": 42020541,
        "teamId": 200,
        "championId": 48
      },
      {
        "summonerId": 95805,
        "teamId": 200,
        "championId": 104
      },
      {
        "summonerId": 19889563,
        "teamId": 200,
        "championId": 92
      },
      {
        "summonerId": 25138356,
        "teamId": 100,
        "championId": 103
      },
      {
        "summonerId": 31163130,
        "teamId": 100,
        "championId": 11
      },
      {
        "summonerId": 39823487,
        "teamId": 200,
        "championId": 115
      },
      {
        "summonerId": 35038642,
        "teamId": 100,
        "championId": 67
      }
    ],
    "stats": {
      "level": 14,
      "goldEarned": 9808,
      "numDeaths": 3,
      "minionsKilled": 26,
      "championsKilled": 5,
      "goldSpent": 9200,
      "totalDamageDealt": 31965,
      "totalDamageTaken": 14219,
      "killingSprees": 2,
      "largestKillingSpree": 3,
      "team": 200,
      "win": true,
      "neutralMinionsKilled": 1,
      "largestMultiKill": 1,
      "physicalDamageDealtPlayer": 11643,
      "magicDamageDealtPlayer": 20321,
      "physicalDamageTaken": 6491,
      "magicDamageTaken": 5379,
      "timePlayed": 1928,
      "totalHeal": 431,
      "totalUnitsHealed": 1,
      "assists": 11,
      "item0": 3069,
      "item1": 3027,
      "item2": 3025,
      "item3": 3117,
      "item4": 1036,
      "item6": 3340,
      "magicDamageDealtToChampions": 7469,
      "physicalDamageDealtToChampions": 4855,
      "totalDamageDealtToChampions": 12325,
      "trueDamageTaken": 2349,
      "wardPlaced": 11,
      "neutralMinionsKilledYourJungle": 1,
      "totalTimeCrowdControlDealt": 102
    }
  },
  "summonerCount": 10,
  "38051443": {
    "gameId": 817260637,
    "invalid": false,
    "gameMode": "CLASSIC",
    "gameType": "MATCHED_GAME",
    "subType": "CAP_5x5",
    "mapId": 1,
    "teamId": 100,
    "championId": 92,
    "spell1": 14,
    "spell2": 4,
    "level": 30,
    "ipEarned": 61,
    "createDate": 1398243235694,
    "fellowPlayers": [
      {
        "summonerId": 35735747,
        "teamId": 100,
        "championId": 267
      },
      {
        "summonerId": 42020541,
        "teamId": 200,
        "championId": 48
      },
      {
        "summonerId": 95805,
        "teamId": 200,
        "championId": 104
      },
      {
        "summonerId": 28704991,
        "teamId": 200,
        "championId": 53
      },
      {
        "summonerId": 19889563,
        "teamId": 200,
        "championId": 92
      },
      {
        "summonerId": 25138356,
        "teamId": 100,
        "championId": 103
      },
      {
        "summonerId": 31163130,
        "teamId": 100,
        "championId": 11
      },
      {
        "summonerId": 39823487,
        "teamId": 200,
        "championId": 115
      },
      {
        "summonerId": 35038642,
        "teamId": 100,
        "championId": 67
      }
    ],
    "stats": {
      "level": 15,
      "goldEarned": 10275,
      "numDeaths": 9,
      "minionsKilled": 136,
      "championsKilled": 7,
      "goldSpent": 10285,
      "totalDamageDealt": 88780,
      "totalDamageTaken": 24798,
      "killingSprees": 1,
      "largestKillingSpree": 2,
      "team": 100,
      "win": false,
      "neutralMinionsKilled": 3,
      "largestMultiKill": 1,
      "physicalDamageDealtPlayer": 87764,
      "magicDamageDealtPlayer": 198,
      "physicalDamageTaken": 21236,
      "magicDamageTaken": 2828,
      "timePlayed": 1928,
      "totalHeal": 1384,
      "totalUnitsHealed": 1,
      "assists": 8,
      "item0": 3074,
      "item1": 3071,
      "item2": 3158,
      "item3": 1036,
      "item4": 1037,
      "item6": 3340,
      "magicDamageDealtToChampions": 56,
      "physicalDamageDealtToChampions": 15992,
      "totalDamageDealtToChampions": 16866,
      "trueDamageDealtPlayer": 818,
      "trueDamageDealtToChampions": 818,
      "trueDamageTaken": 733,
      "wardPlaced": 6,
      "neutralMinionsKilledYourJungle": 3,
      "totalTimeCrowdControlDealt": 72
    }
  },
  "42020541": {
    "gameId": 817260637,
    "invalid": false,
    "gameMode": "CLASSIC",
    "gameType": "MATCHED_GAME",
    "subType": "CAP_5x5",
    "mapId": 1,
    "teamId": 200,
    "championId": 48,
    "spell1": 6,
    "spell2": 11,
    "level": 30,
    "ipEarned": 92,
    "createDate": 1398243235700,
    "fellowPlayers": [
      {
        "summonerId": 38051443,
        "teamId": 100,
        "championId": 92
      },
      {
        "summonerId": 35735747,
        "teamId": 100,
        "championId": 267
      },
      {
        "summonerId": 95805,
        "teamId": 200,
        "championId": 104
      },
      {
        "summonerId": 28704991,
        "teamId": 200,
        "championId": 53
      },
      {
        "summonerId": 19889563,
        "teamId": 200,
        "championId": 92
      },
      {
        "summonerId": 25138356,
        "teamId": 100,
        "championId": 103
      },
      {
        "summonerId": 31163130,
        "teamId": 100,
        "championId": 11
      },
      {
        "summonerId": 39823487,
        "teamId": 200,
        "championId": 115
      },
      {
        "summonerId": 35038642,
        "teamId": 100,
        "championId": 67
      }
    ],
    "stats": {
      "level": 17,
      "goldEarned": 12807,
      "numDeaths": 6,
      "minionsKilled": 37,
      "championsKilled": 5,
      "goldSpent": 10573,
      "totalDamageDealt": 136886,
      "totalDamageTaken": 32842,
      "killingSprees": 1,
      "largestKillingSpree": 3,
      "team": 200,
      "win": true,
      "neutralMinionsKilled": 77,
      "largestMultiKill": 1,
      "physicalDamageDealtPlayer": 93680,
      "magicDamageDealtPlayer": 28950,
      "physicalDamageTaken": 23134,
      "magicDamageTaken": 5911,
      "largestCriticalStrike": 645,
      "timePlayed": 1928,
      "totalHeal": 11775,
      "totalUnitsHealed": 1,
      "assists": 18,
      "item0": 3153,
      "item1": 2003,
      "item2": 2004,
      "item3": 3160,
      "item4": 3047,
      "item5": 3078,
      "item6": 3341,
      "visionWardsBought": 1,
      "magicDamageDealtToChampions": 2282,
      "physicalDamageDealtToChampions": 10622,
      "totalDamageDealtToChampions": 13167,
      "trueDamageDealtPlayer": 14256,
      "trueDamageDealtToChampions": 262,
      "trueDamageTaken": 3796,
      "wardPlaced": 4,
      "neutralMinionsKilledEnemyJungle": 10,
      "neutralMinionsKilledYourJungle": 67,
      "totalTimeCrowdControlDealt": 561
    }
  },
  "19889563": {
    "gameId": 817260637,
    "invalid": false,
    "gameMode": "CLASSIC",
    "gameType": "MATCHED_GAME",
    "subType": "CAP_5x5",
    "mapId": 1,
    "teamId": 200,
    "championId": 92,
    "spell1": 14,
    "spell2": 4,
    "level": 30,
    "ipEarned": 92,
    "createDate": 1398243235699,
    "fellowPlayers": [
      {
        "summonerId": 38051443,
        "teamId": 100,
        "championId": 92
      },
      {
        "summonerId": 35735747,
        "teamId": 100,
        "championId": 267
      },
      {
        "summonerId": 42020541,
        "teamId": 200,
        "championId": 48
      },
      {
        "summonerId": 95805,
        "teamId": 200,
        "championId": 104
      },
      {
        "summonerId": 28704991,
        "teamId": 200,
        "championId": 53
      },
      {
        "summonerId": 25138356,
        "teamId": 100,
        "championId": 103
      },
      {
        "summonerId": 31163130,
        "teamId": 100,
        "championId": 11
      },
      {
        "summonerId": 39823487,
        "teamId": 200,
        "championId": 115
      },
      {
        "summonerId": 35038642,
        "teamId": 100,
        "championId": 67
      }
    ],
    "stats": {
      "level": 17,
      "goldEarned": 12988,
      "numDeaths": 7,
      "barracksKilled": 1,
      "turretsKilled": 2,
      "minionsKilled": 102,
      "championsKilled": 16,
      "goldSpent": 10670,
      "totalDamageDealt": 120711,
      "totalDamageTaken": 20804,
      "doubleKills": 2,
      "tripleKills": 1,
      "killingSprees": 3,
      "largestKillingSpree": 5,
      "team": 200,
      "win": true,
      "neutralMinionsKilled": 23,
      "largestMultiKill": 3,
      "physicalDamageDealtPlayer": 119367,
      "physicalDamageTaken": 17905,
      "magicDamageTaken": 1391,
      "timePlayed": 1928,
      "totalHeal": 1368,
      "totalUnitsHealed": 1,
      "assists": 5,
      "item0": 3074,
      "item1": 3035,
      "item2": 1055,
      "item3": 3158,
      "item4": 3071,
      "item6": 3340,
      "physicalDamageDealtToChampions": 21523,
      "totalDamageDealtToChampions": 22643,
      "trueDamageDealtPlayer": 1343,
      "trueDamageDealtToChampions": 1119,
      "trueDamageTaken": 1507,
      "wardPlaced": 7,
      "neutralMinionsKilledEnemyJungle": 1,
      "neutralMinionsKilledYourJungle": 22,
      "totalTimeCrowdControlDealt": 144
    }
  },
  "35038642": {
    "gameId": 817260637,
    "invalid": false,
    "gameMode": "CLASSIC",
    "gameType": "MATCHED_GAME",
    "subType": "CAP_5x5",
    "mapId": 1,
    "teamId": 100,
    "championId": 67,
    "spell1": 4,
    "spell2": 7,
    "level": 30,
    "ipEarned": 61,
    "createDate": 1398243235693,
    "fellowPlayers": [
      {
        "summonerId": 38051443,
        "teamId": 100,
        "championId": 92
      },
      {
        "summonerId": 35735747,
        "teamId": 100,
        "championId": 267
      },
      {
        "summonerId": 42020541,
        "teamId": 200,
        "championId": 48
      },
      {
        "summonerId": 95805,
        "teamId": 200,
        "championId": 104
      },
      {
        "summonerId": 28704991,
        "teamId": 200,
        "championId": 53
      },
      {
        "summonerId": 19889563,
        "teamId": 200,
        "championId": 92
      },
      {
        "summonerId": 25138356,
        "teamId": 100,
        "championId": 103
      },
      {
        "summonerId": 31163130,
        "teamId": 100,
        "championId": 11
      },
      {
        "summonerId": 39823487,
        "teamId": 200,
        "championId": 115
      }
    ],
    "stats": {
      "level": 14,
      "goldEarned": 8465,
      "numDeaths": 7,
      "minionsKilled": 76,
      "championsKilled": 5,
      "goldSpent": 8025,
      "totalDamageDealt": 50737,
      "totalDamageTaken": 17228,
      "killingSprees": 1,
      "largestKillingSpree": 2,
      "team": 100,
      "win": false,
      "neutralMinionsKilled": 4,
      "largestMultiKill": 1,
      "physicalDamageDealtPlayer": 42792,
      "magicDamageDealtPlayer": 410,
      "physicalDamageTaken": 12954,
      "magicDamageTaken": 4193,
      "largestCriticalStrike": 293,
      "timePlayed": 1928,
      "totalHeal": 2343,
      "totalUnitsHealed": 3,
      "assists": 4,
      "item0": 1055,
      "item1": 3153,
      "item2": 3046,
      "item3": 3250,
      "item6": 3340,
      "magicDamageDealtToChampions": 37,
      "physicalDamageDealtToChampions": 6655,
      "totalDamageDealtToChampions": 9316,
      "trueDamageDealtPlayer": 7534,
      "trueDamageDealtToChampions": 2624,
      "trueDamageTaken": 80,
      "wardPlaced": 4,
      "neutralMinionsKilledYourJungle": 4,
      "totalTimeCrowdControlDealt": 31
    }
  },
  "25138356": {
    "gameId": 817260637,
    "invalid": false,
    "gameMode": "CLASSIC",
    "gameType": "MATCHED_GAME",
    "subType": "CAP_5x5",
    "mapId": 1,
    "teamId": 100,
    "championId": 103,
    "spell1": 7,
    "spell2": 4,
    "level": 30,
    "ipEarned": 61,
    "createDate": 1398243235695,
    "fellowPlayers": [
      {
        "summonerId": 38051443,
        "teamId": 100,
        "championId": 92
      },
      {
        "summonerId": 35735747,
        "teamId": 100,
        "championId": 267
      },
      {
        "summonerId": 42020541,
        "teamId": 200,
        "championId": 48
      },
      {
        "summonerId": 95805,
        "teamId": 200,
        "championId": 104
      },
      {
        "summonerId": 28704991,
        "teamId": 200,
        "championId": 53
      },
      {
        "summonerId": 19889563,
        "teamId": 200,
        "championId": 92
      },
      {
        "summonerId": 31163130,
        "teamId": 100,
        "championId": 11
      },
      {
        "summonerId": 39823487,
        "teamId": 200,
        "championId": 115
      },
      {
        "summonerId": 35038642,
        "teamId": 100,
        "championId": 67
      }
    ],
    "stats": {
      "level": 16,
      "goldEarned": 10618,
      "numDeaths": 6,
      "turretsKilled": 1,
      "minionsKilled": 172,
      "championsKilled": 5,
      "goldSpent": 9890,
      "totalDamageDealt": 100289,
      "totalDamageTaken": 23713,
      "killingSprees": 2,
      "largestKillingSpree": 2,
      "team": 100,
      "win": false,
      "neutralMinionsKilled": 7,
      "largestMultiKill": 1,
      "physicalDamageDealtPlayer": 18780,
      "magicDamageDealtPlayer": 54672,
      "physicalDamageTaken": 9770,
      "magicDamageTaken": 13310,
      "timePlayed": 1928,
      "totalHeal": 5577,
      "totalUnitsHealed": 4,
      "assists": 10,
      "item0": 3128,
      "item1": 3157,
      "item2": 2003,
      "item3": 3255,
      "item4": 2041,
      "item5": 1026,
      "item6": 3340,
      "magicDamageDealtToChampions": 16818,
      "physicalDamageDealtToChampions": 2304,
      "totalDamageDealtToChampions": 25581,
      "trueDamageDealtPlayer": 26835,
      "trueDamageDealtToChampions": 6457,
      "trueDamageTaken": 632,
      "wardPlaced": 4,
      "neutralMinionsKilledYourJungle": 7,
      "totalTimeCrowdControlDealt": 35
    }
  },
  "31163130": {
    "gameId": 817260637,
    "invalid": false,
    "gameMode": "CLASSIC",
    "gameType": "MATCHED_GAME",
    "subType": "CAP_5x5",
    "mapId": 1,
    "teamId": 100,
    "championId": 11,
    "spell1": 11,
    "spell2": 12,
    "level": 30,
    "ipEarned": 61,
    "createDate": 1398243235697,
    "fellowPlayers": [
      {
        "summonerId": 38051443,
        "teamId": 100,
        "championId": 92
      },
      {
        "summonerId": 35735747,
        "teamId": 100,
        "championId": 267
      },
      {
        "summonerId": 42020541,
        "teamId": 200,
        "championId": 48
      },
      {
        "summonerId": 95805,
        "teamId": 200,
        "championId": 104
      },
      {
        "summonerId": 28704991,
        "teamId": 200,
        "championId": 53
      },
      {
        "summonerId": 19889563,
        "teamId": 200,
        "championId": 92
      },
      {
        "summonerId": 25138356,
        "teamId": 100,
        "championId": 103
      },
      {
        "summonerId": 39823487,
        "teamId": 200,
        "championId": 115
      },
      {
        "summonerId": 35038642,
        "teamId": 100,
        "championId": 67
      }
    ],
    "stats": {
      "level": 15,
      "goldEarned": 11463,
      "numDeaths": 11,
      "turretsKilled": 1,
      "minionsKilled": 58,
      "championsKilled": 7,
      "goldSpent": 13155,
      "totalDamageDealt": 167920,
      "totalDamageTaken": 34171,
      "doubleKills": 2,
      "killingSprees": 2,
      "largestKillingSpree": 4,
      "team": 100,
      "win": false,
      "neutralMinionsKilled": 94,
      "largestMultiKill": 2,
      "physicalDamageDealtPlayer": 129687,
      "magicDamageDealtPlayer": 22678,
      "physicalDamageTaken": 27055,
      "magicDamageTaken": 5979,
      "largestCriticalStrike": 690,
      "timePlayed": 1928,
      "totalHeal": 5117,
      "totalUnitsHealed": 1,
      "assists": 3,
      "item0": 3160,
      "item1": 3083,
      "item2": 3250,
      "item3": 3142,
      "item4": 1031,
      "item5": 1018,
      "item6": 3340,
      "sightWardsBought": 1,
      "magicDamageDealtToChampions": 103,
      "physicalDamageDealtToChampions": 12354,
      "totalDamageDealtToChampions": 14086,
      "trueDamageDealtPlayer": 15554,
      "trueDamageDealtToChampions": 1628,
      "trueDamageTaken": 1136,
      "wardPlaced": 12,
      "neutralMinionsKilledEnemyJungle": 14,
      "neutralMinionsKilledYourJungle": 80,
      "totalTimeCrowdControlDealt": 580
    }
  },
  "95805": {
    "gameId": 817260637,
    "invalid": false,
    "gameMode": "CLASSIC",
    "gameType": "MATCHED_GAME",
    "subType": "CAP_5x5",
    "mapId": 1,
    "teamId": 200,
    "championId": 104,
    "spell1": 7,
    "spell2": 4,
    "level": 30,
    "ipEarned": 242,
    "createDate": 1398243235702,
    "fellowPlayers": [
      {
        "summonerId": 38051443,
        "teamId": 100,
        "championId": 92
      },
      {
        "summonerId": 35735747,
        "teamId": 100,
        "championId": 267
      },
      {
        "summonerId": 42020541,
        "teamId": 200,
        "championId": 48
      },
      {
        "summonerId": 28704991,
        "teamId": 200,
        "championId": 53
      },
      {
        "summonerId": 19889563,
        "teamId": 200,
        "championId": 92
      },
      {
        "summonerId": 25138356,
        "teamId": 100,
        "championId": 103
      },
      {
        "summonerId": 31163130,
        "teamId": 100,
        "championId": 11
      },
      {
        "summonerId": 39823487,
        "teamId": 200,
        "championId": 115
      },
      {
        "summonerId": 35038642,
        "teamId": 100,
        "championId": 67
      }
    ],
    "stats": {
      "level": 17,
      "goldEarned": 15154,
      "numDeaths": 2,
      "turretsKilled": 4,
      "minionsKilled": 230,
      "championsKilled": 12,
      "goldSpent": 11390,
      "totalDamageDealt": 172654,
      "totalDamageTaken": 18705,
      "doubleKills": 3,
      "tripleKills": 1,
      "quadraKills": 1,
      "killingSprees": 3,
      "largestKillingSpree": 8,
      "team": 200,
      "win": true,
      "neutralMinionsKilled": 18,
      "largestMultiKill": 4,
      "physicalDamageDealtPlayer": 170115,
      "magicDamageDealtPlayer": 774,
      "physicalDamageTaken": 11081,
      "magicDamageTaken": 5742,
      "largestCriticalStrike": 771,
      "timePlayed": 1928,
      "totalHeal": 2550,
      "totalUnitsHealed": 2,
      "assists": 11,
      "item0": 1055,
      "item1": 2003,
      "item2": 3046,
      "item3": 3072,
      "item4": 3006,
      "item5": 3031,
      "item6": 3340,
      "sightWardsBought": 1,
      "magicDamageDealtToChampions": 237,
      "physicalDamageDealtToChampions": 28794,
      "totalDamageDealtToChampions": 30224,
      "trueDamageDealtPlayer": 1764,
      "trueDamageDealtToChampions": 1192,
      "trueDamageTaken": 1881,
      "wardPlaced": 9,
      "neutralMinionsKilledEnemyJungle": 5,
      "neutralMinionsKilledYourJungle": 13,
      "totalTimeCrowdControlDealt": 353
    }
  },
  "39823487": {
    "gameId": 817260637,
    "invalid": false,
    "gameMode": "CLASSIC",
    "gameType": "MATCHED_GAME",
    "subType": "CAP_5x5",
    "mapId": 1,
    "teamId": 200,
    "championId": 115,
    "spell1": 14,
    "spell2": 4,
    "level": 30,
    "ipEarned": 92,
    "createDate": 1398243235701,
    "fellowPlayers": [
      {
        "summonerId": 38051443,
        "teamId": 100,
        "championId": 92
      },
      {
        "summonerId": 35735747,
        "teamId": 100,
        "championId": 267
      },
      {
        "summonerId": 42020541,
        "teamId": 200,
        "championId": 48
      },
      {
        "summonerId": 95805,
        "teamId": 200,
        "championId": 104
      },
      {
        "summonerId": 28704991,
        "teamId": 200,
        "championId": 53
      },
      {
        "summonerId": 19889563,
        "teamId": 200,
        "championId": 92
      },
      {
        "summonerId": 25138356,
        "teamId": 100,
        "championId": 103
      },
      {
        "summonerId": 31163130,
        "teamId": 100,
        "championId": 11
      },
      {
        "summonerId": 35038642,
        "teamId": 100,
        "championId": 67
      }
    ],
    "stats": {
      "level": 15,
      "goldEarned": 11301,
      "numDeaths": 6,
      "turretsKilled": 1,
      "minionsKilled": 189,
      "championsKilled": 5,
      "goldSpent": 10590,
      "totalDamageDealt": 107081,
      "totalDamageTaken": 15394,
      "killingSprees": 2,
      "largestKillingSpree": 3,
      "team": 200,
      "win": true,
      "neutralMinionsKilled": 1,
      "largestMultiKill": 1,
      "physicalDamageDealtPlayer": 13186,
      "magicDamageDealtPlayer": 93473,
      "physicalDamageTaken": 7557,
      "magicDamageTaken": 5738,
      "timePlayed": 1928,
      "assists": 10,
      "item0": 3089,
      "item1": 3174,
      "item2": 3020,
      "item3": 1056,
      "item4": 1058,
      "item5": 3191,
      "item6": 3340,
      "sightWardsBought": 2,
      "magicDamageDealtToChampions": 25580,
      "physicalDamageDealtToChampions": 652,
      "totalDamageDealtToChampions": 26654,
      "trueDamageDealtPlayer": 422,
      "trueDamageDealtToChampions": 422,
      "trueDamageTaken": 2099,
      "wardPlaced": 11,
      "neutralMinionsKilledYourJungle": 1,
      "totalTimeCrowdControlDealt": 249
    }
  },
  "28704991": {
    "gameId": 817260637,
    "invalid": false,
    "gameMode": "CLASSIC",
    "gameType": "MATCHED_GAME",
    "subType": "CAP_5x5",
    "mapId": 1,
    "teamId": 200,
    "championId": 53,
    "spell1": 3,
    "spell2": 4,
    "level": 30,
    "ipEarned": 242,
    "createDate": 1398243235703,
    "fellowPlayers": [
      {
        "summonerId": 38051443,
        "teamId": 100,
        "championId": 92
      },
      {
        "summonerId": 35735747,
        "teamId": 100,
        "championId": 267
      },
      {
        "summonerId": 42020541,
        "teamId": 200,
        "championId": 48
      },
      {
        "summonerId": 95805,
        "teamId": 200,
        "championId": 104
      },
      {
        "summonerId": 19889563,
        "teamId": 200,
        "championId": 92
      },
      {
        "summonerId": 25138356,
        "teamId": 100,
        "championId": 103
      },
      {
        "summonerId": 31163130,
        "teamId": 100,
        "championId": 11
      },
      {
        "summonerId": 39823487,
        "teamId": 200,
        "championId": 115
      },
      {
        "summonerId": 35038642,
        "teamId": 100,
        "championId": 67
      }
    ],
    "stats": {
      "level": 14,
      "goldEarned": 9808,
      "numDeaths": 3,
      "minionsKilled": 26,
      "championsKilled": 5,
      "goldSpent": 9200,
      "totalDamageDealt": 31965,
      "totalDamageTaken": 14219,
      "killingSprees": 2,
      "largestKillingSpree": 3,
      "team": 200,
      "win": true,
      "neutralMinionsKilled": 1,
      "largestMultiKill": 1,
      "physicalDamageDealtPlayer": 11643,
      "magicDamageDealtPlayer": 20321,
      "physicalDamageTaken": 6491,
      "magicDamageTaken": 5379,
      "timePlayed": 1928,
      "totalHeal": 431,
      "totalUnitsHealed": 1,
      "assists": 11,
      "item0": 3069,
      "item1": 3027,
      "item2": 3025,
      "item3": 3117,
      "item4": 1036,
      "item6": 3340,
      "magicDamageDealtToChampions": 7469,
      "physicalDamageDealtToChampions": 4855,
      "totalDamageDealtToChampions": 12325,
      "trueDamageTaken": 2349,
      "wardPlaced": 11,
      "neutralMinionsKilledYourJungle": 1,
      "totalTimeCrowdControlDealt": 102
    }
  }
}