{
  "33746663": {
    "gameId": 818168477,
    "invalid": false,
    "gameMode": "CLASSIC",
    "gameType": "MATCHED_GAME",
    "subType": "RANKED_SOLO_5x5",
    "mapId": 1,
    "teamId": 100,
    "championId": 80,
    "spell1": 4,
    "spell2": 14,
    "level": 30,
    "ipEarned": 87,
    "createDate": 1398242745040,
    "fellowPlayers": [
      {
        "summonerId": 35480857,
        "teamId": 200,
        "championId": 92
      },
      {
        "summonerId": 29794742,
        "teamId": 200,
        "championId": 18
      },
      {
        "summonerId": 40825285,
        "teamId": 200,
        "championId": 91
      },
      {
        "summonerId": 31533509,
        "teamId": 100,
        "championId": 122
      },
      {
        "summonerId": 42303746,
        "teamId": 200,
        "championId": 16
      },
      {
        "summonerId": 21497583,
        "teamId": 100,
        "championId": 67
      },
      {
        "summonerId": 29132016,
        "teamId": 100,
        "championId": 121
      },
      {
        "summonerId": 26503103,
        "teamId": 100,
        "championId": 89
      },
      {
        "summonerId": 41607181,
        "teamId": 200,
        "championId": 36
      }
    ],
    "stats": {
      "level": 16,
      "goldEarned": 11400,
      "numDeaths": 7,
      "turretsKilled": 1,
      "minionsKilled": 95,
      "championsKilled": 6,
      "goldSpent": 11450,
      "totalDamageDealt": 108514,
      "totalDamageTaken": 18539,
      "killingSprees": 2,
      "largestKillingSpree": 2,
      "team": 100,
      "win": true,
      "neutralMinionsKilled": 17,
      "largestMultiKill": 1,
      "physicalDamageDealtPlayer": 90885,
      "magicDamageDealtPlayer": 16012,
      "physicalDamageTaken": 14208,
      "magicDamageTaken": 4215,
      "largestCriticalStrike": 1082,
      "timePlayed": 1852,
      "totalHeal": 257,
      "totalUnitsHealed": 1,
      "assists": 11,
      "item0": 3153,
      "item1": 3071,
      "item2": 3031,
      "item5": 3117,
      "item6": 3340,
      "magicDamageDealtToChampions": 2933,
      "physicalDamageDealtToChampions": 15095,
      "totalDamageDealtToChampions": 19575,
      "trueDamageDealtPlayer": 1617,
      "trueDamageDealtToChampions": 1545,
      "trueDamageTaken": 116,
      "wardPlaced": 8,
      "neutralMinionsKilledEnemyJungle": 1,
      "neutralMinionsKilledYourJungle": 16,
      "totalTimeCrowdControlDealt": 111
    }
  },
  "summonerCount": 10,
  "40825285": {
    "gameId": 818168477,
    "invalid": false,
    "gameMode": "CLASSIC",
    "gameType": "MATCHED_GAME",
    "subType": "RANKED_SOLO_5x5",
    "mapId": 1,
    "teamId": 200,
    "championId": 91,
    "spell1": 4,
    "spell2": 14,
    "level": 30,
    "ipEarned": 58,
    "createDate": 1398242745043,
    "fellowPlayers": [
      {
        "summonerId": 35480857,
        "teamId": 200,
        "championId": 92
      },
      {
        "summonerId": 29794742,
        "teamId": 200,
        "championId": 18
      },
      {
        "summonerId": 31533509,
        "teamId": 100,
        "championId": 122
      },
      {
        "summonerId": 33746663,
        "teamId": 100,
        "championId": 80
      },
      {
        "summonerId": 42303746,
        "teamId": 200,
        "championId": 16
      },
      {
        "summonerId": 21497583,
        "teamId": 100,
        "championId": 67
      },
      {
        "summonerId": 29132016,
        "teamId": 100,
        "championId": 121
      },
      {
        "summonerId": 26503103,
        "teamId": 100,
        "championId": 89
      },
      {
        "summonerId": 41607181,
        "teamId": 200,
        "championId": 36
      }
    ],
    "stats": {
      "level": 16,
      "goldEarned": 13885,
      "numDeaths": 9,
      "turretsKilled": 1,
      "minionsKilled": 126,
      "championsKilled": 21,
      "goldSpent": 14475,
      "totalDamageDealt": 123275,
      "totalDamageTaken": 22940,
      "doubleKills": 4,
      "tripleKills": 1,
      "killingSprees": 5,
      "largestKillingSpree": 6,
      "team": 200,
      "win": false,
      "neutralMinionsKilled": 5,
      "largestMultiKill": 3,
      "physicalDamageDealtPlayer": 122441,
      "physicalDamageTaken": 17533,
      "magicDamageTaken": 3297,
      "largestCriticalStrike": 1056,
      "timePlayed": 1852,
      "totalHeal": 31,
      "totalUnitsHealed": 1,
      "assists": 1,
      "item0": 3142,
      "item1": 3077,
      "item2": 2041,
      "item3": 3270,
      "item4": 3072,
      "item5": 3031,
      "item6": 3340,
      "physicalDamageDealtToChampions": 32700,
      "totalDamageDealtToChampions": 33534,
      "trueDamageDealtPlayer": 834,
      "trueDamageDealtToChampions": 834,
      "trueDamageTaken": 2109,
      "wardKilled": 1,
      "wardPlaced": 6,
      "neutralMinionsKilledEnemyJungle": 1,
      "neutralMinionsKilledYourJungle": 4,
      "totalTimeCrowdControlDealt": 804
    }
  },
  "29794742": {
    "gameId": 818168477,
    "invalid": false,
    "gameMode": "CLASSIC",
    "gameType": "MATCHED_GAME",
    "subType": "RANKED_SOLO_5x5",
    "mapId": 1,
    "teamId": 200,
    "championId": 18,
    "spell1": 7,
    "spell2": 4,
    "level": 30,
    "ipEarned": 58,
    "createDate": 1398242745044,
    "fellowPlayers": [
      {
        "summonerId": 35480857,
        "teamId": 200,
        "championId": 92
      },
      {
        "summonerId": 40825285,
        "teamId": 200,
        "championId": 91
      },
      {
        "summonerId": 31533509,
        "teamId": 100,
        "championId": 122
      },
      {
        "summonerId": 33746663,
        "teamId": 100,
        "championId": 80
      },
      {
        "summonerId": 42303746,
        "teamId": 200,
        "championId": 16
      },
      {
        "summonerId": 21497583,
        "teamId": 100,
        "championId": 67
      },
      {
        "summonerId": 29132016,
        "teamId": 100,
        "championId": 121
      },
      {
        "summonerId": 26503103,
        "teamId": 100,
        "championId": 89
      },
      {
        "summonerId": 41607181,
        "teamId": 200,
        "championId": 36
      }
    ],
    "stats": {
      "level": 15,
      "goldEarned": 9870,
      "numDeaths": 11,
      "minionsKilled": 115,
      "championsKilled": 8,
      "goldSpent": 10925,
      "totalDamageDealt": 86791,
      "totalDamageTaken": 27165,
      "killingSprees": 1,
      "largestKillingSpree": 3,
      "team": 200,
      "win": false,
      "neutralMinionsKilled": 13,
      "largestMultiKill": 1,
      "physicalDamageDealtPlayer": 66849,
      "magicDamageDealtPlayer": 19942,
      "physicalDamageTaken": 19495,
      "magicDamageTaken": 3763,
      "largestCriticalStrike": 667,
      "timePlayed": 1852,
      "totalHeal": 2324,
      "totalUnitsHealed": 3,
      "assists": 6,
      "item0": 1055,
      "item1": 3072,
      "item2": 3031,
      "item3": 3006,
      "item4": 1018,
      "item6": 3340,
      "magicDamageDealtToChampions": 4535,
      "physicalDamageDealtToChampions": 8658,
      "totalDamageDealtToChampions": 13194,
      "trueDamageTaken": 3907,
      "wardPlaced": 3,
      "neutralMinionsKilledYourJungle": 13,
      "totalTimeCrowdControlDealt": 47
    }
  },
  "21497583": {
    "gameId": 818168477,
    "invalid": false,
    "gameMode": "CLASSIC",
    "gameType": "MATCHED_GAME",
    "subType": "RANKED_SOLO_5x5",
    "mapId": 1,
    "teamId": 100,
    "championId": 67,
    "spell1": 4,
    "spell2": 7,
    "level": 30,
    "ipEarned": 87,
    "createDate": 1398242745041,
    "fellowPlayers": [
      {
        "summonerId": 35480857,
        "teamId": 200,
        "championId": 92
      },
      {
        "summonerId": 29794742,
        "teamId": 200,
        "championId": 18
      },
      {
        "summonerId": 40825285,
        "teamId": 200,
        "championId": 91
      },
      {
        "summonerId": 31533509,
        "teamId": 100,
        "championId": 122
      },
      {
        "summonerId": 33746663,
        "teamId": 100,
        "championId": 80
      },
      {
        "summonerId": 42303746,
        "teamId": 200,
        "championId": 16
      },
      {
        "summonerId": 29132016,
        "teamId": 100,
        "championId": 121
      },
      {
        "summonerId": 26503103,
        "teamId": 100,
        "championId": 89
      },
      {
        "summonerId": 41607181,
        "teamId": 200,
        "championId": 36
      }
    ],
    "stats": {
      "level": 16,
      "goldEarned": 14748,
      "numDeaths": 7,
      "barracksKilled": 1,
      "minionsKilled": 171,
      "championsKilled": 17,
      "goldSpent": 14230,
      "totalDamageDealt": 139951,
      "totalDamageTaken": 25440,
      "doubleKills": 3,
      "tripleKills": 1,
      "killingSprees": 5,
      "largestKillingSpree": 5,
      "team": 100,
      "win": true,
      "neutralMinionsKilled": 16,
      "largestMultiKill": 3,
      "physicalDamageDealtPlayer": 124057,
      "magicDamageDealtPlayer": 1944,
      "physicalDamageTaken": 19512,
      "magicDamageTaken": 5016,
      "largestCriticalStrike": 681,
      "timePlayed": 1852,
      "totalHeal": 3445,
      "totalUnitsHealed": 3,
      "assists": 5,
      "item0": 3252,
      "item1": 3153,
      "item2": 3046,
      "item3": 1038,
      "item4": 3035,
      "item5": 3044,
      "item6": 3340,
      "sightWardsBought": 3,
      "magicDamageDealtToChampions": 1447,
      "physicalDamageDealtToChampions": 29004,
      "totalDamageDealtToChampions": 37854,
      "trueDamageDealtPlayer": 13950,
      "trueDamageDealtToChampions": 7402,
      "trueDamageTaken": 911,
      "wardPlaced": 5,
      "neutralMinionsKilledEnemyJungle": 12,
      "neutralMinionsKilledYourJungle": 4,
      "totalTimeCrowdControlDealt": 334
    }
  },
  "31533509": {
    "gameId": 818168477,
    "invalid": false,
    "gameMode": "CLASSIC",
    "gameType": "MATCHED_GAME",
    "subType": "RANKED_SOLO_5x5",
    "mapId": 1,
    "teamId": 100,
    "championId": 122,
    "spell1": 4,
    "spell2": 14,
    "level": 30,
    "ipEarned": 87,
    "createDate": 1398242745037,
    "fellowPlayers": [
      {
        "summonerId": 35480857,
        "teamId": 200,
        "championId": 92
      },
      {
        "summonerId": 29794742,
        "teamId": 200,
        "championId": 18
      },
      {
        "summonerId": 40825285,
        "teamId": 200,
        "championId": 91
      },
      {
        "summonerId": 33746663,
        "teamId": 100,
        "championId": 80
      },
      {
        "summonerId": 42303746,
        "teamId": 200,
        "championId": 16
      },
      {
        "summonerId": 21497583,
        "teamId": 100,
        "championId": 67
      },
      {
        "summonerId": 29132016,
        "teamId": 100,
        "championId": 121
      },
      {
        "summonerId": 26503103,
        "teamId": 100,
        "championId": 89
      },
      {
        "summonerId": 41607181,
        "teamId": 200,
        "championId": 36
      }
    ],
    "stats": {
      "level": 16,
      "goldEarned": 14652,
      "numDeaths": 6,
      "barracksKilled": 1,
      "turretsKilled": 2,
      "minionsKilled": 179,
      "championsKilled": 13,
      "goldSpent": 15220,
      "totalDamageDealt": 123214,
      "totalDamageTaken": 28131,
      "doubleKills": 1,
      "killingSprees": 3,
      "largestKillingSpree": 3,
      "team": 100,
      "win": true,
      "neutralMinionsKilled": 5,
      "largestMultiKill": 2,
      "physicalDamageDealtPlayer": 102201,
      "magicDamageDealtPlayer": 16327,
      "physicalDamageTaken": 18706,
      "magicDamageTaken": 9035,
      "timePlayed": 1852,
      "totalHeal": 2068,
      "totalUnitsHealed": 1,
      "assists": 13,
      "item0": 3047,
      "item1": 3074,
      "item2": 3143,
      "item3": 3068,
      "item4": 3035,
      "item5": 1011,
      "item6": 3340,
      "sightWardsBought": 1,
      "magicDamageDealtToChampions": 7444,
      "physicalDamageDealtToChampions": 22269,
      "totalDamageDealtToChampions": 34321,
      "trueDamageDealtPlayer": 4684,
      "trueDamageDealtToChampions": 4608,
      "trueDamageTaken": 390,
      "wardPlaced": 4,
      "neutralMinionsKilledEnemyJungle": 5,
      "totalTimeCrowdControlDealt": 182
    }
  },
  "26503103": {
    "gameId": 818168477,
    "invalid": false,
    "gameMode": "CLASSIC",
    "gameType": "MATCHED_GAME",
    "subType": "RANKED_SOLO_5x5",
    "mapId": 1,
    "teamId": 100,
    "championId": 89,
    "spell1": 4,
    "spell2": 7,
    "level": 30,
    "ipEarned": 87,
    "createDate": 1398242745038,
    "fellowPlayers": [
      {
        "summonerId": 35480857,
        "teamId": 200,
        "championId": 92
      },
      {
        "summonerId": 29794742,
        "teamId": 200,
        "championId": 18
      },
      {
        "summonerId": 40825285,
        "teamId": 200,
        "championId": 91
      },
      {
        "summonerId": 31533509,
        "teamId": 100,
        "championId": 122
      },
      {
        "summonerId": 33746663,
        "teamId": 100,
        "championId": 80
      },
      {
        "summonerId": 42303746,
        "teamId": 200,
        "championId": 16
      },
      {
        "summonerId": 21497583,
        "teamId": 100,
        "championId": 67
      },
      {
        "summonerId": 29132016,
        "teamId": 100,
        "championId": 121
      },
      {
        "summonerId": 41607181,
        "teamId": 200,
        "championId": 36
      }
    ],
    "stats": {
      "level": 14,
      "goldEarned": 12631,
      "numDeaths": 7,
      "minionsKilled": 32,
      "championsKilled": 7,
      "goldSpent": 11925,
      "totalDamageDealt": 34246,
      "totalDamageTaken": 29049,
      "doubleKills": 2,
      "killingSprees": 2,
      "largestKillingSpree": 3,
      "team": 100,
      "win": true,
      "neutralMinionsKilled": 2,
      "largestMultiKill": 2,
      "physicalDamageDealtPlayer": 9117,
      "magicDamageDealtPlayer": 22919,
      "physicalDamageTaken": 18848,
      "magicDamageTaken": 9358,
      "timePlayed": 1852,
      "totalHeal": 3673,
      "totalUnitsHealed": 5,
      "assists": 20,
      "item0": 3401,
      "item1": 3143,
      "item2": 2045,
      "item3": 3111,
      "item4": 3068,
      "item5": 3024,
      "item6": 3341,
      "sightWardsBought": 2,
      "magicDamageDealtToChampions": 11004,
      "physicalDamageDealtToChampions": 4034,
      "totalDamageDealtToChampions": 15421,
      "trueDamageDealtPlayer": 2209,
      "trueDamageDealtToChampions": 382,
      "trueDamageTaken": 842,
      "wardKilled": 1,
      "wardPlaced": 12,
      "neutralMinionsKilledYourJungle": 2,
      "totalTimeCrowdControlDealt": 224
    }
  },
  "41607181": {
    "gameId": 818168477,
    "invalid": false,
    "gameMode": "CLASSIC",
    "gameType": "MATCHED_GAME",
    "subType": "RANKED_SOLO_5x5",
    "mapId": 1,
    "teamId": 200,
    "championId": 36,
    "spell1": 11,
    "spell2": 4,
    "level": 30,
    "ipEarned": 58,
    "createDate": 1398242745046,
    "fellowPlayers": [
      {
        "summonerId": 35480857,
        "teamId": 200,
        "championId": 92
      },
      {
        "summonerId": 29794742,
        "teamId": 200,
        "championId": 18
      },
      {
        "summonerId": 40825285,
        "teamId": 200,
        "championId": 91
      },
      {
        "summonerId": 31533509,
        "teamId": 100,
        "championId": 122
      },
      {
        "summonerId": 33746663,
        "teamId": 100,
        "championId": 80
      },
      {
        "summonerId": 42303746,
        "teamId": 200,
        "championId": 16
      },
      {
        "summonerId": 21497583,
        "teamId": 100,
        "championId": 67
      },
      {
        "summonerId": 29132016,
        "teamId": 100,
        "championId": 121
      },
      {
        "summonerId": 26503103,
        "teamId": 100,
        "championId": 89
      }
    ],
    "stats": {
      "level": 14,
      "goldEarned": 7989,
      "numDeaths": 8,
      "minionsKilled": 52,
      "championsKilled": 3,
      "goldSpent": 7680,
      "totalDamageDealt": 65316,
      "totalDamageTaken": 29430,
      "killingSprees": 1,
      "largestKillingSpree": 2,
      "team": 200,
      "win": false,
      "neutralMinionsKilled": 23,
      "largestMultiKill": 1,
      "physicalDamageDealtPlayer": 18333,
      "magicDamageDealtPlayer": 41621,
      "physicalDamageTaken": 19645,
      "magicDamageTaken": 6404,
      "timePlayed": 1852,
      "totalHeal": 5350,
      "totalUnitsHealed": 1,
      "assists": 8,
      "item0": 3207,
      "item1": 2003,
      "item2": 3047,
      "item3": 3143,
      "item4": 3211,
      "item6": 3341,
      "magicDamageDealtToChampions": 13864,
      "physicalDamageDealtToChampions": 2037,
      "totalDamageDealtToChampions": 16029,
      "trueDamageDealtPlayer": 5362,
      "trueDamageDealtToChampions": 128,
      "trueDamageTaken": 3380,
      "wardKilled": 2,
      "neutralMinionsKilledYourJungle": 23,
      "totalTimeCrowdControlDealt": 371
    }
  },
  "35480857": {
    "gameId": 818168477,
    "invalid": false,
    "gameMode": "CLASSIC",
    "gameType": "MATCHED_GAME",
    "subType": "RANKED_SOLO_5x5",
    "mapId": 1,
    "teamId": 200,
    "championId": 92,
    "spell1": 4,
    "spell2": 14,
    "level": 30,
    "ipEarned": 58,
    "createDate": 1398242745045,
    "fellowPlayers": [
      {
        "summonerId": 29794742,
        "teamId": 200,
        "championId": 18
      },
      {
        "summonerId": 40825285,
        "teamId": 200,
        "championId": 91
      },
      {
        "summonerId": 31533509,
        "teamId": 100,
        "championId": 122
      },
      {
        "summonerId": 33746663,
        "teamId": 100,
        "championId": 80
      },
      {
        "summonerId": 42303746,
        "teamId": 200,
        "championId": 16
      },
      {
        "summonerId": 21497583,
        "teamId": 100,
        "championId": 67
      },
      {
        "summonerId": 29132016,
        "teamId": 100,
        "championId": 121
      },
      {
        "summonerId": 26503103,
        "teamId": 100,
        "championId": 89
      },
      {
        "summonerId": 41607181,
        "teamId": 200,
        "championId": 36
      }
    ],
    "stats": {
      "level": 14,
      "goldEarned": 7970,
      "numDeaths": 11,
      "minionsKilled": 88,
      "championsKilled": 2,
      "goldSpent": 7435,
      "totalDamageDealt": 65967,
      "totalDamageTaken": 27283,
      "team": 200,
      "win": false,
      "neutralMinionsKilled": 3,
      "largestMultiKill": 1,
      "physicalDamageDealtPlayer": 64371,
      "physicalDamageTaken": 19740,
      "magicDamageTaken": 5412,
      "timePlayed": 1852,
      "totalHeal": 716,
      "totalUnitsHealed": 1,
      "assists": 10,
      "item0": 1054,
      "item1": 3260,
      "item2": 3071,
      "item3": 1037,
      "item4": 1011,
      "item5": 1028,
      "item6": 3340,
      "physicalDamageDealtToChampions": 9107,
      "totalDamageDealtToChampions": 10351,
      "trueDamageDealtPlayer": 1596,
      "trueDamageDealtToChampions": 1244,
      "trueDamageTaken": 2130,
      "wardPlaced": 2,
      "neutralMinionsKilledYourJungle": 3,
      "totalTimeCrowdControlDealt": 184
    }
  },
  "42303746": {
    "gameId": 818168477,
    "invalid": false,
    "gameMode": "CLASSIC",
    "gameType": "MATCHED_GAME",
    "subType": "RANKED_SOLO_5x5",
    "mapId": 1,
    "teamId": 200,
    "championId": 16,
    "spell1": 7,
    "spell2": 4,
    "level": 30,
    "ipEarned": 58,
    "createDate": 1398242745042,
    "fellowPlayers": [
      {
        "summonerId": 35480857,
        "teamId": 200,
        "championId": 92
      },
      {
        "summonerId": 29794742,
        "teamId": 200,
        "championId": 18
      },
      {
        "summonerId": 40825285,
        "teamId": 200,
        "championId": 91
      },
      {
        "summonerId": 31533509,
        "teamId": 100,
        "championId": 122
      },
      {
        "summonerId": 33746663,
        "teamId": 100,
        "championId": 80
      },
      {
        "summonerId": 21497583,
        "teamId": 100,
        "championId": 67
      },
      {
        "summonerId": 29132016,
        "teamId": 100,
        "championId": 121
      },
      {
        "summonerId": 26503103,
        "teamId": 100,
        "championId": 89
      },
      {
        "summonerId": 41607181,
        "teamId": 200,
        "championId": 36
      }
    ],
    "stats": {
      "level": 14,
      "goldEarned": 8628,
      "numDeaths": 9,
      "turretsKilled": 1,
      "minionsKilled": 21,
      "championsKilled": 3,
      "goldSpent": 7950,
      "totalDamageDealt": 33313,
      "totalDamageTaken": 26050,
      "team": 200,
      "win": false,
      "largestMultiKill": 1,
      "physicalDamageDealtPlayer": 5498,
      "magicDamageDealtPlayer": 27527,
      "physicalDamageTaken": 19187,
      "magicDamageTaken": 4417,
      "timePlayed": 1852,
      "totalHeal": 17657,
      "totalUnitsHealed": 6,
      "assists": 14,
      "item0": 3096,
      "item1": 3158,
      "item2": 1026,
      "item3": 3174,
      "item4": 2045,
      "item5": 1052,
      "item6": 3341,
      "sightWardsBought": 6,
      "magicDamageDealtToChampions": 10365,
      "physicalDamageDealtToChampions": 2792,
      "totalDamageDealtToChampions": 13382,
      "trueDamageDealtPlayer": 288,
      "trueDamageDealtToChampions": 224,
      "trueDamageTaken": 2446,
      "wardPlaced": 11,
      "totalTimeCrowdControlDealt": 94
    }
  },
  "33746663": {
    "gameId": 818168477,
    "invalid": false,
    "gameMode": "CLASSIC",
    "gameType": "MATCHED_GAME",
    "subType": "RANKED_SOLO_5x5",
    "mapId": 1,
    "teamId": 100,
    "championId": 80,
    "spell1": 4,
    "spell2": 14,
    "level": 30,
    "ipEarned": 87,
    "createDate": 1398242745040,
    "fellowPlayers": [
      {
        "summonerId": 35480857,
        "teamId": 200,
        "championId": 92
      },
      {
        "summonerId": 29794742,
        "teamId": 200,
        "championId": 18
      },
      {
        "summonerId": 40825285,
        "teamId": 200,
        "championId": 91
      },
      {
        "summonerId": 31533509,
        "teamId": 100,
        "championId": 122
      },
      {
        "summonerId": 42303746,
        "teamId": 200,
        "championId": 16
      },
      {
        "summonerId": 21497583,
        "teamId": 100,
        "championId": 67
      },
      {
        "summonerId": 29132016,
        "teamId": 100,
        "championId": 121
      },
      {
        "summonerId": 26503103,
        "teamId": 100,
        "championId": 89
      },
      {
        "summonerId": 41607181,
        "teamId": 200,
        "championId": 36
      }
    ],
    "stats": {
      "level": 16,
      "goldEarned": 11400,
      "numDeaths": 7,
      "turretsKilled": 1,
      "minionsKilled": 95,
      "championsKilled": 6,
      "goldSpent": 11450,
      "totalDamageDealt": 108514,
      "totalDamageTaken": 18539,
      "killingSprees": 2,
      "largestKillingSpree": 2,
      "team": 100,
      "win": true,
      "neutralMinionsKilled": 17,
      "largestMultiKill": 1,
      "physicalDamageDealtPlayer": 90885,
      "magicDamageDealtPlayer": 16012,
      "physicalDamageTaken": 14208,
      "magicDamageTaken": 4215,
      "largestCriticalStrike": 1082,
      "timePlayed": 1852,
      "totalHeal": 257,
      "totalUnitsHealed": 1,
      "assists": 11,
      "item0": 3153,
      "item1": 3071,
      "item2": 3031,
      "item5": 3117,
      "item6": 3340,
      "magicDamageDealtToChampions": 2933,
      "physicalDamageDealtToChampions": 15095,
      "totalDamageDealtToChampions": 19575,
      "trueDamageDealtPlayer": 1617,
      "trueDamageDealtToChampions": 1545,
      "trueDamageTaken": 116,
      "wardPlaced": 8,
      "neutralMinionsKilledEnemyJungle": 1,
      "neutralMinionsKilledYourJungle": 16,
      "totalTimeCrowdControlDealt": 111
    }
  }
}