{
  "31963842": {
    "gameId": 818169009,
    "invalid": false,
    "gameMode": "CLASSIC",
    "gameType": "MATCHED_GAME",
    "subType": "RANKED_SOLO_5x5",
    "mapId": 1,
    "teamId": 200,
    "championId": 53,
    "spell1": 4,
    "spell2": 14,
    "level": 30,
    "ipEarned": 0,
    "createDate": 1398242234380,
    "fellowPlayers": [
      {
        "summonerId": 34447237,
        "teamId": 200,
        "championId": 238
      },
      {
        "summonerId": 29863179,
        "teamId": 100,
        "championId": 80
      },
      {
        "summonerId": 27957035,
        "teamId": 100,
        "championId": 7
      },
      {
        "summonerId": 35514585,
        "teamId": 100,
        "championId": 51
      },
      {
        "summonerId": 22066532,
        "teamId": 100,
        "championId": 35
      },
      {
        "summonerId": 38476152,
        "teamId": 100,
        "championId": 54
      },
      {
        "summonerId": 33573025,
        "teamId": 200,
        "championId": 119
      },
      {
        "summonerId": 28103767,
        "teamId": 200,
        "championId": 131
      },
      {
        "summonerId": 19579300,
        "teamId": 200,
        "championId": 83
      }
    ],
    "stats": {
      "level": 7,
      "goldEarned": 3445,
      "numDeaths": 2,
      "minionsKilled": 6,
      "championsKilled": 2,
      "goldSpent": 2105,
      "totalDamageDealt": 5308,
      "totalDamageTaken": 4387,
      "killingSprees": 1,
      "largestKillingSpree": 2,
      "team": 200,
      "win": false,
      "largestMultiKill": 1,
      "physicalDamageDealtPlayer": 1536,
      "magicDamageDealtPlayer": 3605,
      "physicalDamageTaken": 2678,
      "magicDamageTaken": 1709,
      "timePlayed": 1168,
      "totalHeal": 274,
      "totalUnitsHealed": 1,
      "item0": 3301,
      "item1": 2044,
      "item2": 2049,
      "item3": 1027,
      "item4": 2003,
      "item5": 1001,
      "item6": 3340,
      "sightWardsBought": 1,
      "magicDamageDealtToChampions": 2015,
      "physicalDamageDealtToChampions": 1045,
      "totalDamageDealtToChampions": 3227,
      "trueDamageDealtPlayer": 166,
      "trueDamageDealtToChampions": 166,
      "wardPlaced": 2,
      "totalTimeCrowdControlDealt": 19
    }
  },
  "summonerCount": 10,
  "38476152": {
    "gameId": 818169009,
    "invalid": false,
    "gameMode": "CLASSIC",
    "gameType": "MATCHED_GAME",
    "subType": "RANKED_SOLO_5x5",
    "mapId": 1,
    "teamId": 100,
    "championId": 54,
    "spell1": 4,
    "spell2": 14,
    "level": 30,
    "ipEarned": 226,
    "createDate": 1398242234376,
    "fellowPlayers": [
      {
        "summonerId": 34447237,
        "teamId": 200,
        "championId": 238
      },
      {
        "summonerId": 29863179,
        "teamId": 100,
        "championId": 80
      },
      {
        "summonerId": 27957035,
        "teamId": 100,
        "championId": 7
      },
      {
        "summonerId": 35514585,
        "teamId": 100,
        "championId": 51
      },
      {
        "summonerId": 22066532,
        "teamId": 100,
        "championId": 35
      },
      {
        "summonerId": 31963842,
        "teamId": 200,
        "championId": 53
      },
      {
        "summonerId": 33573025,
        "teamId": 200,
        "championId": 119
      },
      {
        "summonerId": 28103767,
        "teamId": 200,
        "championId": 131
      },
      {
        "summonerId": 19579300,
        "teamId": 200,
        "championId": 83
      }
    ],
    "stats": {
      "level": 11,
      "goldEarned": 6885,
      "numDeaths": 1,
      "barracksKilled": 1,
      "turretsKilled": 2,
      "minionsKilled": 30,
      "championsKilled": 4,
      "goldSpent": 3875,
      "totalDamageDealt": 32325,
      "totalDamageTaken": 6161,
      "killingSprees": 2,
      "largestKillingSpree": 2,
      "team": 100,
      "win": true,
      "largestMultiKill": 1,
      "physicalDamageDealtPlayer": 11500,
      "magicDamageDealtPlayer": 20390,
      "physicalDamageTaken": 4650,
      "magicDamageTaken": 1510,
      "timePlayed": 1168,
      "totalHeal": 400,
      "totalUnitsHealed": 1,
      "assists": 5,
      "item0": 2003,
      "item2": 3136,
      "item3": 3020,
      "item4": 3096,
      "item6": 3340,
      "sightWardsBought": 1,
      "magicDamageDealtToChampions": 6755,
      "physicalDamageDealtToChampions": 1272,
      "totalDamageDealtToChampions": 8461,
      "trueDamageDealtPlayer": 434,
      "trueDamageDealtToChampions": 434,
      "wardPlaced": 7,
      "totalTimeCrowdControlDealt": 404
    }
  },
  "34447237": {
    "gameId": 818169009,
    "invalid": false,
    "gameMode": "CLASSIC",
    "gameType": "MATCHED_GAME",
    "subType": "RANKED_SOLO_5x5",
    "mapId": 1,
    "teamId": 200,
    "championId": 238,
    "spell1": 4,
    "spell2": 14,
    "level": 30,
    "ipEarned": 51,
    "createDate": 1398242234383,
    "fellowPlayers": [
      {
        "summonerId": 29863179,
        "teamId": 100,
        "championId": 80
      },
      {
        "summonerId": 27957035,
        "teamId": 100,
        "championId": 7
      },
      {
        "summonerId": 35514585,
        "teamId": 100,
        "championId": 51
      },
      {
        "summonerId": 22066532,
        "teamId": 100,
        "championId": 35
      },
      {
        "summonerId": 38476152,
        "teamId": 100,
        "championId": 54
      },
      {
        "summonerId": 31963842,
        "teamId": 200,
        "championId": 53
      },
      {
        "summonerId": 33573025,
        "teamId": 200,
        "championId": 119
      },
      {
        "summonerId": 28103767,
        "teamId": 200,
        "championId": 131
      },
      {
        "summonerId": 19579300,
        "teamId": 200,
        "championId": 83
      }
    ],
    "stats": {
      "level": 7,
      "goldEarned": 3461,
      "numDeaths": 5,
      "minionsKilled": 48,
      "goldSpent": 2382,
      "totalDamageDealt": 18920,
      "totalDamageTaken": 7842,
      "team": 200,
      "win": false,
      "physicalDamageDealtPlayer": 17737,
      "magicDamageDealtPlayer": 903,
      "physicalDamageTaken": 2224,
      "magicDamageTaken": 5264,
      "timePlayed": 1168,
      "item0": 1053,
      "item1": 3134,
      "item6": 3340,
      "magicDamageDealtToChampions": 110,
      "physicalDamageDealtToChampions": 2430,
      "totalDamageDealtToChampions": 2630,
      "trueDamageDealtPlayer": 280,
      "trueDamageDealtToChampions": 90,
      "trueDamageTaken": 354,
      "wardPlaced": 7,
      "totalTimeCrowdControlDealt": 16
    }
  },
  "22066532": {
    "gameId": 818169009,
    "invalid": false,
    "gameMode": "CLASSIC",
    "gameType": "MATCHED_GAME",
    "subType": "RANKED_SOLO_5x5",
    "mapId": 1,
    "teamId": 100,
    "championId": 35,
    "spell1": 4,
    "spell2": 11,
    "level": 30,
    "ipEarned": 76,
    "createDate": 1398242234375,
    "fellowPlayers": [
      {
        "summonerId": 34447237,
        "teamId": 200,
        "championId": 238
      },
      {
        "summonerId": 29863179,
        "teamId": 100,
        "championId": 80
      },
      {
        "summonerId": 27957035,
        "teamId": 100,
        "championId": 7
      },
      {
        "summonerId": 35514585,
        "teamId": 100,
        "championId": 51
      },
      {
        "summonerId": 38476152,
        "teamId": 100,
        "championId": 54
      },
      {
        "summonerId": 31963842,
        "teamId": 200,
        "championId": 53
      },
      {
        "summonerId": 33573025,
        "teamId": 200,
        "championId": 119
      },
      {
        "summonerId": 28103767,
        "teamId": 200,
        "championId": 131
      },
      {
        "summonerId": 19579300,
        "teamId": 200,
        "championId": 83
      }
    ],
    "stats": {
      "level": 13,
      "goldEarned": 7781,
      "numDeaths": 1,
      "barracksKilled": 1,
      "turretsKilled": 2,
      "minionsKilled": 20,
      "championsKilled": 4,
      "goldSpent": 5770,
      "totalDamageDealt": 84827,
      "totalDamageTaken": 12666,
      "killingSprees": 1,
      "largestKillingSpree": 3,
      "team": 100,
      "win": true,
      "neutralMinionsKilled": 54,
      "largestMultiKill": 1,
      "physicalDamageDealtPlayer": 45902,
      "magicDamageDealtPlayer": 27581,
      "physicalDamageTaken": 9189,
      "magicDamageTaken": 2936,
      "largestCriticalStrike": 286,
      "timePlayed": 1168,
      "totalHeal": 2162,
      "totalUnitsHealed": 1,
      "assists": 6,
      "item0": 3154,
      "item2": 3252,
      "item3": 1042,
      "item4": 3093,
      "item5": 1053,
      "item6": 3340,
      "magicDamageDealtToChampions": 1843,
      "physicalDamageDealtToChampions": 4345,
      "totalDamageDealtToChampions": 6593,
      "trueDamageDealtPlayer": 11344,
      "trueDamageDealtToChampions": 404,
      "trueDamageTaken": 540,
      "wardPlaced": 4,
      "neutralMinionsKilledEnemyJungle": 11,
      "neutralMinionsKilledYourJungle": 43,
      "totalTimeCrowdControlDealt": 1008
    }
  },
  "33573025": {
    "gameId": 818169009,
    "invalid": false,
    "gameMode": "CLASSIC",
    "gameType": "MATCHED_GAME",
    "subType": "RANKED_SOLO_5x5",
    "mapId": 1,
    "teamId": 200,
    "championId": 119,
    "spell1": 7,
    "spell2": 4,
    "level": 30,
    "ipEarned": 0,
    "createDate": 1398242234384,
    "fellowPlayers": [
      {
        "summonerId": 34447237,
        "teamId": 200,
        "championId": 238
      },
      {
        "summonerId": 29863179,
        "teamId": 100,
        "championId": 80
      },
      {
        "summonerId": 27957035,
        "teamId": 100,
        "championId": 7
      },
      {
        "summonerId": 35514585,
        "teamId": 100,
        "championId": 51
      },
      {
        "summonerId": 22066532,
        "teamId": 100,
        "championId": 35
      },
      {
        "summonerId": 38476152,
        "teamId": 100,
        "championId": 54
      },
      {
        "summonerId": 31963842,
        "teamId": 200,
        "championId": 53
      },
      {
        "summonerId": 28103767,
        "teamId": 200,
        "championId": 131
      },
      {
        "summonerId": 19579300,
        "teamId": 200,
        "championId": 83
      }
    ],
    "stats": {
      "level": 8,
      "goldEarned": 4208,
      "numDeaths": 5,
      "minionsKilled": 71,
      "goldSpent": 2315,
      "totalDamageDealt": 19709,
      "totalDamageTaken": 8973,
      "team": 200,
      "win": false,
      "physicalDamageDealtPlayer": 19709,
      "physicalDamageTaken": 5010,
      "magicDamageTaken": 3605,
      "timePlayed": 1168,
      "totalHeal": 1082,
      "totalUnitsHealed": 3,
      "assists": 2,
      "item0": 1055,
      "item1": 1053,
      "item2": 2003,
      "item3": 3006,
      "item6": 3340,
      "physicalDamageDealtToChampions": 3213,
      "totalDamageDealtToChampions": 3213,
      "trueDamageTaken": 358,
      "totalTimeCrowdControlDealt": 22
    }
  },
  "35514585": {
    "gameId": 818169009,
    "invalid": false,
    "gameMode": "CLASSIC",
    "gameType": "MATCHED_GAME",
    "subType": "RANKED_SOLO_5x5",
    "mapId": 1,
    "teamId": 100,
    "championId": 51,
    "spell1": 4,
    "spell2": 7,
    "level": 30,
    "ipEarned": 226,
    "createDate": 1398242234377,
    "fellowPlayers": [
      {
        "summonerId": 34447237,
        "teamId": 200,
        "championId": 238
      },
      {
        "summonerId": 29863179,
        "teamId": 100,
        "championId": 80
      },
      {
        "summonerId": 27957035,
        "teamId": 100,
        "championId": 7
      },
      {
        "summonerId": 22066532,
        "teamId": 100,
        "championId": 35
      },
      {
        "summonerId": 38476152,
        "teamId": 100,
        "championId": 54
      },
      {
        "summonerId": 31963842,
        "teamId": 200,
        "championId": 53
      },
      {
        "summonerId": 33573025,
        "teamId": 200,
        "championId": 119
      },
      {
        "summonerId": 28103767,
        "teamId": 200,
        "championId": 131
      },
      {
        "summonerId": 19579300,
        "teamId": 200,
        "championId": 83
      }
    ],
    "stats": {
      "level": 12,
      "goldEarned": 8056,
      "numDeaths": 1,
      "turretsKilled": 2,
      "minionsKilled": 124,
      "championsKilled": 2,
      "goldSpent": 5955,
      "totalDamageDealt": 72756,
      "totalDamageTaken": 8683,
      "killingSprees": 1,
      "largestKillingSpree": 2,
      "team": 100,
      "win": true,
      "neutralMinionsKilled": 2,
      "largestMultiKill": 1,
      "physicalDamageDealtPlayer": 71980,
      "magicDamageDealtPlayer": 775,
      "physicalDamageTaken": 5698,
      "magicDamageTaken": 2819,
      "timePlayed": 1168,
      "totalHeal": 1712,
      "totalUnitsHealed": 3,
      "assists": 7,
      "item0": 1055,
      "item1": 3072,
      "item2": 1055,
      "item3": 3250,
      "item6": 3340,
      "magicDamageDealtToChampions": 691,
      "physicalDamageDealtToChampions": 8010,
      "totalDamageDealtToChampions": 8701,
      "trueDamageTaken": 166,
      "wardPlaced": 3,
      "neutralMinionsKilledYourJungle": 2,
      "totalTimeCrowdControlDealt": 43
    }
  },
  "27957035": {
    "gameId": 818169009,
    "invalid": false,
    "gameMode": "CLASSIC",
    "gameType": "MATCHED_GAME",
    "subType": "RANKED_SOLO_5x5",
    "mapId": 1,
    "teamId": 100,
    "championId": 7,
    "spell1": 14,
    "spell2": 4,
    "level": 30,
    "ipEarned": 226,
    "createDate": 1398242234378,
    "fellowPlayers": [
      {
        "summonerId": 34447237,
        "teamId": 200,
        "championId": 238
      },
      {
        "summonerId": 29863179,
        "teamId": 100,
        "championId": 80
      },
      {
        "summonerId": 35514585,
        "teamId": 100,
        "championId": 51
      },
      {
        "summonerId": 22066532,
        "teamId": 100,
        "championId": 35
      },
      {
        "summonerId": 38476152,
        "teamId": 100,
        "championId": 54
      },
      {
        "summonerId": 31963842,
        "teamId": 200,
        "championId": 53
      },
      {
        "summonerId": 33573025,
        "teamId": 200,
        "championId": 119
      },
      {
        "summonerId": 28103767,
        "teamId": 200,
        "championId": 131
      },
      {
        "summonerId": 19579300,
        "teamId": 200,
        "championId": 83
      }
    ],
    "stats": {
      "level": 12,
      "goldEarned": 7352,
      "turretsKilled": 1,
      "minionsKilled": 83,
      "championsKilled": 7,
      "goldSpent": 6710,
      "totalDamageDealt": 39309,
      "totalDamageTaken": 6102,
      "killingSprees": 1,
      "largestKillingSpree": 7,
      "team": 100,
      "win": true,
      "largestMultiKill": 1,
      "physicalDamageDealtPlayer": 20680,
      "magicDamageDealtPlayer": 18031,
      "physicalDamageTaken": 4850,
      "magicDamageTaken": 1251,
      "timePlayed": 1168,
      "totalHeal": 181,
      "totalUnitsHealed": 1,
      "item0": 1056,
      "item1": 3089,
      "item2": 1058,
      "item3": 3191,
      "item4": 2044,
      "item6": 3340,
      "sightWardsBought": 1,
      "magicDamageDealtToChampions": 8941,
      "physicalDamageDealtToChampions": 1392,
      "totalDamageDealtToChampions": 10932,
      "trueDamageDealtPlayer": 598,
      "trueDamageDealtToChampions": 598,
      "wardPlaced": 1,
      "totalTimeCrowdControlDealt": 52
    }
  },
  "19579300": {
    "gameId": 818169009,
    "invalid": false,
    "gameMode": "CLASSIC",
    "gameType": "MATCHED_GAME",
    "subType": "RANKED_SOLO_5x5",
    "mapId": 1,
    "teamId": 200,
    "championId": 83,
    "spell1": 4,
    "spell2": 14,
    "level": 30,
    "ipEarned": 51,
    "createDate": 1398242234382,
    "fellowPlayers": [
      {
        "summonerId": 34447237,
        "teamId": 200,
        "championId": 238
      },
      {
        "summonerId": 29863179,
        "teamId": 100,
        "championId": 80
      },
      {
        "summonerId": 27957035,
        "teamId": 100,
        "championId": 7
      },
      {
        "summonerId": 35514585,
        "teamId": 100,
        "championId": 51
      },
      {
        "summonerId": 22066532,
        "teamId": 100,
        "championId": 35
      },
      {
        "summonerId": 38476152,
        "teamId": 100,
        "championId": 54
      },
      {
        "summonerId": 31963842,
        "teamId": 200,
        "championId": 53
      },
      {
        "summonerId": 33573025,
        "teamId": 200,
        "championId": 119
      },
      {
        "summonerId": 28103767,
        "teamId": 200,
        "championId": 131
      }
    ],
    "stats": {
      "level": 11,
      "goldEarned": 4229,
      "numDeaths": 7,
      "minionsKilled": 56,
      "championsKilled": 2,
      "goldSpent": 3345,
      "totalDamageDealt": 26484,
      "totalDamageTaken": 16019,
      "team": 200,
      "win": false,
      "largestMultiKill": 1,
      "physicalDamageDealtPlayer": 18071,
      "magicDamageDealtPlayer": 7874,
      "physicalDamageTaken": 12813,
      "magicDamageTaken": 2903,
      "timePlayed": 1168,
      "totalHeal": 5177,
      "totalUnitsHealed": 1,
      "item0": 3004,
      "item1": 3047,
      "item6": 3340,
      "magicDamageDealtToChampions": 3616,
      "physicalDamageDealtToChampions": 4064,
      "totalDamageDealtToChampions": 8218,
      "trueDamageDealtPlayer": 538,
      "trueDamageDealtToChampions": 538,
      "trueDamageTaken": 302,
      "wardPlaced": 2,
      "totalTimeCrowdControlDealt": 541
    }
  },
  "29863179": {
    "gameId": 818169009,
    "invalid": false,
    "gameMode": "CLASSIC",
    "gameType": "MATCHED_GAME",
    "subType": "RANKED_SOLO_5x5",
    "mapId": 1,
    "teamId": 100,
    "championId": 80,
    "spell1": 4,
    "spell2": 14,
    "level": 30,
    "ipEarned": 76,
    "createDate": 1398242234373,
    "fellowPlayers": [
      {
        "summonerId": 34447237,
        "teamId": 200,
        "championId": 238
      },
      {
        "summonerId": 27957035,
        "teamId": 100,
        "championId": 7
      },
      {
        "summonerId": 35514585,
        "teamId": 100,
        "championId": 51
      },
      {
        "summonerId": 22066532,
        "teamId": 100,
        "championId": 35
      },
      {
        "summonerId": 38476152,
        "teamId": 100,
        "championId": 54
      },
      {
        "summonerId": 31963842,
        "teamId": 200,
        "championId": 53
      },
      {
        "summonerId": 33573025,
        "teamId": 200,
        "championId": 119
      },
      {
        "summonerId": 28103767,
        "teamId": 200,
        "championId": 131
      },
      {
        "summonerId": 19579300,
        "teamId": 200,
        "championId": 83
      }
    ],
    "stats": {
      "level": 12,
      "goldEarned": 7468,
      "numDeaths": 2,
      "turretsKilled": 1,
      "minionsKilled": 85,
      "championsKilled": 7,
      "goldSpent": 6002,
      "totalDamageDealt": 47105,
      "totalDamageTaken": 8589,
      "killingSprees": 2,
      "largestKillingSpree": 4,
      "team": 100,
      "win": true,
      "largestMultiKill": 1,
      "physicalDamageDealtPlayer": 43788,
      "magicDamageDealtPlayer": 3014,
      "physicalDamageTaken": 5093,
      "magicDamageTaken": 3208,
      "largestCriticalStrike": 554,
      "timePlayed": 1168,
      "totalHeal": 208,
      "totalUnitsHealed": 1,
      "assists": 1,
      "item0": 2003,
      "item1": 3074,
      "item2": 2004,
      "item3": 3134,
      "item4": 3117,
      "item6": 3340,
      "sightWardsBought": 1,
      "magicDamageDealtToChampions": 737,
      "physicalDamageDealtToChampions": 10184,
      "totalDamageDealtToChampions": 11224,
      "trueDamageDealtPlayer": 302,
      "trueDamageDealtToChampions": 302,
      "trueDamageTaken": 288,
      "wardPlaced": 4,
      "totalTimeCrowdControlDealt": 633
    }
  },
  "31963842": {
    "gameId": 818169009,
    "invalid": false,
    "gameMode": "CLASSIC",
    "gameType": "MATCHED_GAME",
    "subType": "RANKED_SOLO_5x5",
    "mapId": 1,
    "teamId": 200,
    "championId": 53,
    "spell1": 4,
    "spell2": 14,
    "level": 30,
    "ipEarned": 0,
    "createDate": 1398242234380,
    "fellowPlayers": [
      {
        "summonerId": 34447237,
        "teamId": 200,
        "championId": 238
      },
      {
        "summonerId": 29863179,
        "teamId": 100,
        "championId": 80
      },
      {
        "summonerId": 27957035,
        "teamId": 100,
        "championId": 7
      },
      {
        "summonerId": 35514585,
        "teamId": 100,
        "championId": 51
      },
      {
        "summonerId": 22066532,
        "teamId": 100,
        "championId": 35
      },
      {
        "summonerId": 38476152,
        "teamId": 100,
        "championId": 54
      },
      {
        "summonerId": 33573025,
        "teamId": 200,
        "championId": 119
      },
      {
        "summonerId": 28103767,
        "teamId": 200,
        "championId": 131
      },
      {
        "summonerId": 19579300,
        "teamId": 200,
        "championId": 83
      }
    ],
    "stats": {
      "level": 7,
      "goldEarned": 3445,
      "numDeaths": 2,
      "minionsKilled": 6,
      "championsKilled": 2,
      "goldSpent": 2105,
      "totalDamageDealt": 5308,
      "totalDamageTaken": 4387,
      "killingSprees": 1,
      "largestKillingSpree": 2,
      "team": 200,
      "win": false,
      "largestMultiKill": 1,
      "physicalDamageDealtPlayer": 1536,
      "magicDamageDealtPlayer": 3605,
      "physicalDamageTaken": 2678,
      "magicDamageTaken": 1709,
      "timePlayed": 1168,
      "totalHeal": 274,
      "totalUnitsHealed": 1,
      "item0": 3301,
      "item1": 2044,
      "item2": 2049,
      "item3": 1027,
      "item4": 2003,
      "item5": 1001,
      "item6": 3340,
      "sightWardsBought": 1,
      "magicDamageDealtToChampions": 2015,
      "physicalDamageDealtToChampions": 1045,
      "totalDamageDealtToChampions": 3227,
      "trueDamageDealtPlayer": 166,
      "trueDamageDealtToChampions": 166,
      "wardPlaced": 2,
      "totalTimeCrowdControlDealt": 19
    }
  }
}