{
  "37238243": {
    "gameId": 818169028,
    "invalid": false,
    "gameMode": "CLASSIC",
    "gameType": "MATCHED_GAME",
    "subType": "NORMAL",
    "mapId": 1,
    "teamId": 200,
    "championId": 254,
    "spell1": 4,
    "spell2": 11,
    "level": 30,
    "ipEarned": 57,
    "createDate": 1398242629674,
    "fellowPlayers": [
      {
        "summonerId": 34207092,
        "teamId": 200,
        "championId": 29
      },
      {
        "summonerId": 409136,
        "teamId": 100,
        "championId": 18
      },
      {
        "summonerId": 38236056,
        "teamId": 200,
        "championId": 43
      },
      {
        "summonerId": 39643642,
        "teamId": 100,
        "championId": 19
      },
      {
        "summonerId": 29203551,
        "teamId": 100,
        "championId": 412
      },
      {
        "summonerId": 28914606,
        "teamId": 100,
        "championId": 115
      },
      {
        "summonerId": 26194011,
        "teamId": 200,
        "championId": 17
      },
      {
        "summonerId": 31254236,
        "teamId": 200,
        "championId": 115
      },
      {
        "summonerId": 28027266,
        "teamId": 100,
        "championId": 64
      }
    ],
    "stats": {
      "level": 14,
      "goldEarned": 10117,
      "numDeaths": 12,
      "minionsKilled": 22,
      "championsKilled": 9,
      "goldSpent": 9815,
      "totalDamageDealt": 104555,
      "totalDamageTaken": 28689,
      "doubleKills": 2,
      "killingSprees": 2,
      "largestKillingSpree": 3,
      "team": 200,
      "win": false,
      "neutralMinionsKilled": 66,
      "largestMultiKill": 2,
      "physicalDamageDealtPlayer": 92724,
      "magicDamageDealtPlayer": 566,
      "physicalDamageTaken": 15605,
      "magicDamageTaken": 12106,
      "timePlayed": 1766,
      "totalHeal": 3511,
      "totalUnitsHealed": 1,
      "assists": 5,
      "item0": 3071,
      "item1": 3209,
      "item2": 3025,
      "item3": 3111,
      "item4": 1028,
      "item6": 3341,
      "physicalDamageDealtToChampions": 17766,
      "totalDamageDealtToChampions": 19044,
      "trueDamageDealtPlayer": 11264,
      "trueDamageDealtToChampions": 1278,
      "trueDamageTaken": 977,
      "wardKilled": 2,
      "neutralMinionsKilledEnemyJungle": 7,
      "neutralMinionsKilledYourJungle": 59,
      "totalTimeCrowdControlDealt": 257
    }
  },
  "summonerCount": 10,
  "28914606": {
    "gameId": 818169028,
    "invalid": false,
    "gameMode": "CLASSIC",
    "gameType": "MATCHED_GAME",
    "subType": "NORMAL",
    "mapId": 1,
    "teamId": 100,
    "championId": 115,
    "spell1": 4,
    "spell2": 14,
    "level": 30,
    "ipEarned": 85,
    "createDate": 1398242629667,
    "fellowPlayers": [
      {
        "summonerId": 34207092,
        "teamId": 200,
        "championId": 29
      },
      {
        "summonerId": 409136,
        "teamId": 100,
        "championId": 18
      },
      {
        "summonerId": 38236056,
        "teamId": 200,
        "championId": 43
      },
      {
        "summonerId": 39643642,
        "teamId": 100,
        "championId": 19
      },
      {
        "summonerId": 29203551,
        "teamId": 100,
        "championId": 412
      },
      {
        "summonerId": 37238243,
        "teamId": 200,
        "championId": 254
      },
      {
        "summonerId": 26194011,
        "teamId": 200,
        "championId": 17
      },
      {
        "summonerId": 31254236,
        "teamId": 200,
        "championId": 115
      },
      {
        "summonerId": 28027266,
        "teamId": 100,
        "championId": 64
      }
    ],
    "stats": {
      "level": 16,
      "goldEarned": 16835,
      "numDeaths": 2,
      "barracksKilled": 1,
      "turretsKilled": 1,
      "minionsKilled": 151,
      "championsKilled": 19,
      "goldSpent": 16190,
      "totalDamageDealt": 133666,
      "totalDamageTaken": 13309,
      "doubleKills": 4,
      "killingSprees": 3,
      "largestKillingSpree": 8,
      "team": 100,
      "win": true,
      "neutralMinionsKilled": 7,
      "largestMultiKill": 2,
      "physicalDamageDealtPlayer": 26995,
      "magicDamageDealtPlayer": 105931,
      "physicalDamageTaken": 6873,
      "magicDamageTaken": 5360,
      "timePlayed": 1766,
      "totalHeal": 2872,
      "totalUnitsHealed": 1,
      "assists": 11,
      "item0": 3092,
      "item1": 3174,
      "item2": 3255,
      "item3": 3089,
      "item4": 3116,
      "item5": 3100,
      "item6": 3340,
      "magicDamageDealtToChampions": 33284,
      "physicalDamageDealtToChampions": 2335,
      "totalDamageDealtToChampions": 35992,
      "trueDamageDealtPlayer": 740,
      "trueDamageDealtToChampions": 372,
      "trueDamageTaken": 1075,
      "wardPlaced": 3,
      "neutralMinionsKilledEnemyJungle": 4,
      "neutralMinionsKilledYourJungle": 3,
      "totalTimeCrowdControlDealt": 497
    }
  },
  "28027266": {
    "gameId": 818169028,
    "invalid": false,
    "gameMode": "CLASSIC",
    "gameType": "MATCHED_GAME",
    "subType": "NORMAL",
    "mapId": 1,
    "teamId": 100,
    "championId": 64,
    "spell1": 4,
    "spell2": 11,
    "level": 30,
    "ipEarned": 235,
    "createDate": 1398242629669,
    "fellowPlayers": [
      {
        "summonerId": 34207092,
        "teamId": 200,
        "championId": 29
      },
      {
        "summonerId": 409136,
        "teamId": 100,
        "championId": 18
      },
      {
        "summonerId": 38236056,
        "teamId": 200,
        "championId": 43
      },
      {
        "summonerId": 39643642,
        "teamId": 100,
        "championId": 19
      },
      {
        "summonerId": 29203551,
        "teamId": 100,
        "championId": 412
      },
      {
        "summonerId": 28914606,
        "teamId": 100,
        "championId": 115
      },
      {
        "summonerId": 37238243,
        "teamId": 200,
        "championId": 254
      },
      {
        "summonerId": 26194011,
        "teamId": 200,
        "championId": 17
      },
      {
        "summonerId": 31254236,
        "teamId": 200,
        "championId": 115
      }
    ],
    "stats": {
      "level": 15,
      "goldEarned": 11376,
      "numDeaths": 6,
      "turretsKilled": 1,
      "minionsKilled": 25,
      "championsKilled": 10,
      "goldSpent": 10053,
      "totalDamageDealt": 92940,
      "totalDamageTaken": 22960,
      "doubleKills": 3,
      "killingSprees": 3,
      "largestKillingSpree": 4,
      "team": 100,
      "win": true,
      "neutralMinionsKilled": 55,
      "largestMultiKill": 2,
      "physicalDamageDealtPlayer": 62200,
      "magicDamageDealtPlayer": 22396,
      "physicalDamageTaken": 16042,
      "magicDamageTaken": 5786,
      "largestCriticalStrike": 477,
      "timePlayed": 1766,
      "totalHeal": 2355,
      "totalUnitsHealed": 1,
      "assists": 11,
      "item0": 3154,
      "item1": 3111,
      "item2": 3078,
      "item3": 3143,
      "item6": 3340,
      "magicDamageDealtToChampions": 1117,
      "physicalDamageDealtToChampions": 15090,
      "totalDamageDealtToChampions": 16847,
      "trueDamageDealtPlayer": 8344,
      "trueDamageDealtToChampions": 640,
      "trueDamageTaken": 1131,
      "wardPlaced": 15,
      "neutralMinionsKilledEnemyJungle": 8,
      "neutralMinionsKilledYourJungle": 47,
      "totalTimeCrowdControlDealt": 669
    }
  },
  "39643642": {
    "gameId": 818169028,
    "invalid": false,
    "gameMode": "CLASSIC",
    "gameType": "MATCHED_GAME",
    "subType": "NORMAL",
    "mapId": 1,
    "teamId": 100,
    "championId": 19,
    "spell1": 12,
    "spell2": 4,
    "level": 30,
    "ipEarned": 235,
    "createDate": 1398242629670,
    "fellowPlayers": [
      {
        "summonerId": 34207092,
        "teamId": 200,
        "championId": 29
      },
      {
        "summonerId": 409136,
        "teamId": 100,
        "championId": 18
      },
      {
        "summonerId": 38236056,
        "teamId": 200,
        "championId": 43
      },
      {
        "summonerId": 29203551,
        "teamId": 100,
        "championId": 412
      },
      {
        "summonerId": 28914606,
        "teamId": 100,
        "championId": 115
      },
      {
        "summonerId": 37238243,
        "teamId": 200,
        "championId": 254
      },
      {
        "summonerId": 26194011,
        "teamId": 200,
        "championId": 17
      },
      {
        "summonerId": 31254236,
        "teamId": 200,
        "championId": 115
      },
      {
        "summonerId": 28027266,
        "teamId": 100,
        "championId": 64
      }
    ],
    "stats": {
      "level": 16,
      "goldEarned": 10665,
      "numDeaths": 4,
      "barracksKilled": 2,
      "turretsKilled": 2,
      "minionsKilled": 127,
      "championsKilled": 6,
      "goldSpent": 9170,
      "totalDamageDealt": 109999,
      "totalDamageTaken": 30219,
      "killingSprees": 2,
      "largestKillingSpree": 3,
      "team": 100,
      "win": true,
      "neutralMinionsKilled": 19,
      "largestMultiKill": 1,
      "physicalDamageDealtPlayer": 75758,
      "magicDamageDealtPlayer": 32919,
      "physicalDamageTaken": 17795,
      "magicDamageTaken": 11148,
      "timePlayed": 1766,
      "totalHeal": 15638,
      "totalUnitsHealed": 1,
      "assists": 5,
      "item0": 3091,
      "item1": 3153,
      "item2": 1028,
      "item3": 3004,
      "item4": 3047,
      "item6": 3340,
      "magicDamageDealtToChampions": 8910,
      "physicalDamageDealtToChampions": 4124,
      "totalDamageDealtToChampions": 13420,
      "trueDamageDealtPlayer": 1322,
      "trueDamageDealtToChampions": 386,
      "trueDamageTaken": 1276,
      "wardPlaced": 5,
      "neutralMinionsKilledEnemyJungle": 8,
      "neutralMinionsKilledYourJungle": 11,
      "totalTimeCrowdControlDealt": 119
    }
  },
  "409136": {
    "gameId": 818169028,
    "invalid": false,
    "gameMode": "CLASSIC",
    "gameType": "MATCHED_GAME",
    "subType": "NORMAL",
    "mapId": 1,
    "teamId": 100,
    "championId": 18,
    "spell1": 4,
    "spell2": 21,
    "level": 30,
    "ipEarned": 85,
    "createDate": 1398242629671,
    "fellowPlayers": [
      {
        "summonerId": 34207092,
        "teamId": 200,
        "championId": 29
      },
      {
        "summonerId": 38236056,
        "teamId": 200,
        "championId": 43
      },
      {
        "summonerId": 39643642,
        "teamId": 100,
        "championId": 19
      },
      {
        "summonerId": 29203551,
        "teamId": 100,
        "championId": 412
      },
      {
        "summonerId": 28914606,
        "teamId": 100,
        "championId": 115
      },
      {
        "summonerId": 37238243,
        "teamId": 200,
        "championId": 254
      },
      {
        "summonerId": 26194011,
        "teamId": 200,
        "championId": 17
      },
      {
        "summonerId": 31254236,
        "teamId": 200,
        "championId": 115
      },
      {
        "summonerId": 28027266,
        "teamId": 100,
        "championId": 64
      }
    ],
    "stats": {
      "level": 14,
      "goldEarned": 10346,
      "numDeaths": 5,
      "turretsKilled": 1,
      "minionsKilled": 107,
      "championsKilled": 10,
      "goldSpent": 9650,
      "totalDamageDealt": 80437,
      "totalDamageTaken": 20077,
      "killingSprees": 2,
      "largestKillingSpree": 6,
      "team": 100,
      "win": true,
      "largestMultiKill": 1,
      "physicalDamageDealtPlayer": 61322,
      "magicDamageDealtPlayer": 19115,
      "physicalDamageTaken": 10376,
      "magicDamageTaken": 8461,
      "largestCriticalStrike": 465,
      "timePlayed": 1766,
      "totalHeal": 836,
      "totalUnitsHealed": 1,
      "assists": 7,
      "item0": 3072,
      "item1": 1055,
      "item2": 3006,
      "item3": 3078,
      "item4": 3134,
      "item6": 3340,
      "magicDamageDealtToChampions": 5777,
      "physicalDamageDealtToChampions": 11486,
      "totalDamageDealtToChampions": 17264,
      "trueDamageTaken": 1239,
      "wardPlaced": 3,
      "totalTimeCrowdControlDealt": 72
    }
  },
  "31254236": {
    "gameId": 818169028,
    "invalid": false,
    "gameMode": "CLASSIC",
    "gameType": "MATCHED_GAME",
    "subType": "NORMAL",
    "mapId": 1,
    "teamId": 200,
    "championId": 115,
    "spell1": 4,
    "spell2": 14,
    "level": 30,
    "ipEarned": 57,
    "createDate": 1398242629675,
    "fellowPlayers": [
      {
        "summonerId": 34207092,
        "teamId": 200,
        "championId": 29
      },
      {
        "summonerId": 409136,
        "teamId": 100,
        "championId": 18
      },
      {
        "summonerId": 38236056,
        "teamId": 200,
        "championId": 43
      },
      {
        "summonerId": 39643642,
        "teamId": 100,
        "championId": 19
      },
      {
        "summonerId": 29203551,
        "teamId": 100,
        "championId": 412
      },
      {
        "summonerId": 28914606,
        "teamId": 100,
        "championId": 115
      },
      {
        "summonerId": 37238243,
        "teamId": 200,
        "championId": 254
      },
      {
        "summonerId": 26194011,
        "teamId": 200,
        "championId": 17
      },
      {
        "summonerId": 28027266,
        "teamId": 100,
        "championId": 64
      }
    ],
    "stats": {
      "level": 13,
      "goldEarned": 6897,
      "numDeaths": 13,
      "minionsKilled": 74,
      "championsKilled": 2,
      "goldSpent": 7030,
      "totalDamageDealt": 55812,
      "totalDamageTaken": 24772,
      "team": 200,
      "win": false,
      "largestMultiKill": 1,
      "physicalDamageDealtPlayer": 7652,
      "magicDamageDealtPlayer": 48159,
      "physicalDamageTaken": 11149,
      "magicDamageTaken": 13414,
      "timePlayed": 1766,
      "totalHeal": 225,
      "totalUnitsHealed": 1,
      "assists": 4,
      "item0": 1056,
      "item1": 3089,
      "item2": 3116,
      "item6": 3340,
      "magicDamageDealtToChampions": 12399,
      "physicalDamageDealtToChampions": 465,
      "totalDamageDealtToChampions": 12865,
      "trueDamageTaken": 208,
      "wardPlaced": 1,
      "totalTimeCrowdControlDealt": 357
    }
  },
  "38236056": {
    "gameId": 818169028,
    "invalid": false,
    "gameMode": "CLASSIC",
    "gameType": "MATCHED_GAME",
    "subType": "NORMAL",
    "mapId": 1,
    "teamId": 200,
    "championId": 43,
    "spell1": 4,
    "spell2": 7,
    "level": 30,
    "ipEarned": 57,
    "createDate": 1398242629676,
    "fellowPlayers": [
      {
        "summonerId": 34207092,
        "teamId": 200,
        "championId": 29
      },
      {
        "summonerId": 409136,
        "teamId": 100,
        "championId": 18
      },
      {
        "summonerId": 39643642,
        "teamId": 100,
        "championId": 19
      },
      {
        "summonerId": 29203551,
        "teamId": 100,
        "championId": 412
      },
      {
        "summonerId": 28914606,
        "teamId": 100,
        "championId": 115
      },
      {
        "summonerId": 37238243,
        "teamId": 200,
        "championId": 254
      },
      {
        "summonerId": 26194011,
        "teamId": 200,
        "championId": 17
      },
      {
        "summonerId": 31254236,
        "teamId": 200,
        "championId": 115
      },
      {
        "summonerId": 28027266,
        "teamId": 100,
        "championId": 64
      }
    ],
    "stats": {
      "level": 13,
      "goldEarned": 7520,
      "numDeaths": 4,
      "turretsKilled": 1,
      "minionsKilled": 41,
      "championsKilled": 1,
      "goldSpent": 6060,
      "totalDamageDealt": 53884,
      "totalDamageTaken": 16682,
      "team": 200,
      "win": false,
      "largestMultiKill": 1,
      "physicalDamageDealtPlayer": 8794,
      "magicDamageDealtPlayer": 45089,
      "physicalDamageTaken": 5989,
      "magicDamageTaken": 10504,
      "timePlayed": 1766,
      "totalHeal": 974,
      "totalUnitsHealed": 2,
      "assists": 8,
      "item0": 2049,
      "item1": 3020,
      "item2": 3089,
      "item3": 3303,
      "item5": 2044,
      "item6": 3340,
      "sightWardsBought": 1,
      "magicDamageDealtToChampions": 7361,
      "physicalDamageDealtToChampions": 1262,
      "totalDamageDealtToChampions": 8623,
      "trueDamageTaken": 188,
      "wardKilled": 1,
      "wardPlaced": 5,
      "totalTimeCrowdControlDealt": 330
    }
  },
  "29203551": {
    "gameId": 818169028,
    "invalid": false,
    "gameMode": "CLASSIC",
    "gameType": "MATCHED_GAME",
    "subType": "NORMAL",
    "mapId": 1,
    "teamId": 100,
    "championId": 412,
    "spell1": 4,
    "spell2": 3,
    "level": 30,
    "ipEarned": 85,
    "createDate": 1398242629666,
    "fellowPlayers": [
      {
        "summonerId": 34207092,
        "teamId": 200,
        "championId": 29
      },
      {
        "summonerId": 409136,
        "teamId": 100,
        "championId": 18
      },
      {
        "summonerId": 38236056,
        "teamId": 200,
        "championId": 43
      },
      {
        "summonerId": 39643642,
        "teamId": 100,
        "championId": 19
      },
      {
        "summonerId": 28914606,
        "teamId": 100,
        "championId": 115
      },
      {
        "summonerId": 37238243,
        "teamId": 200,
        "championId": 254
      },
      {
        "summonerId": 26194011,
        "teamId": 200,
        "championId": 17
      },
      {
        "summonerId": 31254236,
        "teamId": 200,
        "championId": 115
      },
      {
        "summonerId": 28027266,
        "teamId": 100,
        "championId": 64
      }
    ],
    "stats": {
      "level": 13,
      "goldEarned": 9717,
      "numDeaths": 5,
      "turretsKilled": 1,
      "minionsKilled": 7,
      "championsKilled": 4,
      "goldSpent": 9635,
      "totalDamageDealt": 16775,
      "totalDamageTaken": 17494,
      "killingSprees": 2,
      "largestKillingSpree": 2,
      "team": 100,
      "win": true,
      "largestMultiKill": 1,
      "physicalDamageDealtPlayer": 4123,
      "magicDamageDealtPlayer": 12652,
      "physicalDamageTaken": 8547,
      "magicDamageTaken": 8064,
      "timePlayed": 1766,
      "totalHeal": 1112,
      "totalUnitsHealed": 1,
      "assists": 16,
      "item0": 3303,
      "item1": 2049,
      "item2": 3116,
      "item3": 3151,
      "item4": 1058,
      "item5": 1026,
      "item6": 3341,
      "magicDamageDealtToChampions": 9975,
      "physicalDamageDealtToChampions": 1131,
      "totalDamageDealtToChampions": 11106,
      "trueDamageTaken": 883,
      "wardKilled": 1,
      "wardPlaced": 17,
      "totalTimeCrowdControlDealt": 183
    }
  },
  "26194011": {
    "gameId": 818169028,
    "invalid": false,
    "gameMode": "CLASSIC",
    "gameType": "MATCHED_GAME",
    "subType": "NORMAL",
    "mapId": 1,
    "teamId": 200,
    "championId": 17,
    "spell1": 21,
    "spell2": 14,
    "level": 30,
    "ipEarned": 57,
    "createDate": 1398242629673,
    "fellowPlayers": [
      {
        "summonerId": 34207092,
        "teamId": 200,
        "championId": 29
      },
      {
        "summonerId": 409136,
        "teamId": 100,
        "championId": 18
      },
      {
        "summonerId": 38236056,
        "teamId": 200,
        "championId": 43
      },
      {
        "summonerId": 39643642,
        "teamId": 100,
        "championId": 19
      },
      {
        "summonerId": 29203551,
        "teamId": 100,
        "championId": 412
      },
      {
        "summonerId": 28914606,
        "teamId": 100,
        "championId": 115
      },
      {
        "summonerId": 37238243,
        "teamId": 200,
        "championId": 254
      },
      {
        "summonerId": 31254236,
        "teamId": 200,
        "championId": 115
      },
      {
        "summonerId": 28027266,
        "teamId": 100,
        "championId": 64
      }
    ],
    "stats": {
      "level": 14,
      "goldEarned": 8255,
      "numDeaths": 7,
      "minionsKilled": 110,
      "championsKilled": 4,
      "goldSpent": 7580,
      "totalDamageDealt": 63933,
      "totalDamageTaken": 20212,
      "team": 200,
      "win": false,
      "largestMultiKill": 1,
      "physicalDamageDealtPlayer": 16946,
      "magicDamageDealtPlayer": 45919,
      "physicalDamageTaken": 8800,
      "magicDamageTaken": 11263,
      "timePlayed": 1766,
      "assists": 6,
      "item0": 1056,
      "item1": 3151,
      "item2": 3116,
      "item4": 3020,
      "item6": 3341,
      "magicDamageDealtToChampions": 19060,
      "physicalDamageDealtToChampions": 2984,
      "totalDamageDealtToChampions": 23112,
      "trueDamageDealtPlayer": 1068,
      "trueDamageDealtToChampions": 1068,
      "trueDamageTaken": 148,
      "wardPlaced": 32,
      "totalTimeCrowdControlDealt": 224
    }
  },
  "37238243": {
    "gameId": 818169028,
    "invalid": false,
    "gameMode": "CLASSIC",
    "gameType": "MATCHED_GAME",
    "subType": "NORMAL",
    "mapId": 1,
    "teamId": 200,
    "championId": 254,
    "spell1": 4,
    "spell2": 11,
    "level": 30,
    "ipEarned": 57,
    "createDate": 1398242629674,
    "fellowPlayers": [
      {
        "summonerId": 34207092,
        "teamId": 200,
        "championId": 29
      },
      {
        "summonerId": 409136,
        "teamId": 100,
        "championId": 18
      },
      {
        "summonerId": 38236056,
        "teamId": 200,
        "championId": 43
      },
      {
        "summonerId": 39643642,
        "teamId": 100,
        "championId": 19
      },
      {
        "summonerId": 29203551,
        "teamId": 100,
        "championId": 412
      },
      {
        "summonerId": 28914606,
        "teamId": 100,
        "championId": 115
      },
      {
        "summonerId": 26194011,
        "teamId": 200,
        "championId": 17
      },
      {
        "summonerId": 31254236,
        "teamId": 200,
        "championId": 115
      },
      {
        "summonerId": 28027266,
        "teamId": 100,
        "championId": 64
      }
    ],
    "stats": {
      "level": 14,
      "goldEarned": 10117,
      "numDeaths": 12,
      "minionsKilled": 22,
      "championsKilled": 9,
      "goldSpent": 9815,
      "totalDamageDealt": 104555,
      "totalDamageTaken": 28689,
      "doubleKills": 2,
      "killingSprees": 2,
      "largestKillingSpree": 3,
      "team": 200,
      "win": false,
      "neutralMinionsKilled": 66,
      "largestMultiKill": 2,
      "physicalDamageDealtPlayer": 92724,
      "magicDamageDealtPlayer": 566,
      "physicalDamageTaken": 15605,
      "magicDamageTaken": 12106,
      "timePlayed": 1766,
      "totalHeal": 3511,
      "totalUnitsHealed": 1,
      "assists": 5,
      "item0": 3071,
      "item1": 3209,
      "item2": 3025,
      "item3": 3111,
      "item4": 1028,
      "item6": 3341,
      "physicalDamageDealtToChampions": 17766,
      "totalDamageDealtToChampions": 19044,
      "trueDamageDealtPlayer": 11264,
      "trueDamageDealtToChampions": 1278,
      "trueDamageTaken": 977,
      "wardKilled": 2,
      "neutralMinionsKilledEnemyJungle": 7,
      "neutralMinionsKilledYourJungle": 59,
      "totalTimeCrowdControlDealt": 257
    }
  }
}