{
  "39307888": {
    "gameId": 818194836,
    "invalid": false,
    "gameMode": "CLASSIC",
    "gameType": "MATCHED_GAME",
    "subType": "NORMAL",
    "mapId": 1,
    "teamId": 200,
    "championId": 106,
    "spell1": 6,
    "spell2": 11,
    "level": 30,
    "ipEarned": 106,
    "createDate": 1398248901581,
    "fellowPlayers": [
      {
        "summonerId": 37032630,
        "teamId": 100,
        "championId": 74
      },
      {
        "summonerId": 39543117,
        "teamId": 100,
        "championId": 85
      },
      {
        "summonerId": 40543311,
        "teamId": 100,
        "championId": 64
      },
      {
        "summonerId": 24553340,
        "teamId": 200,
        "championId": 222
      },
      {
        "summonerId": 40152225,
        "teamId": 100,
        "championId": 51
      },
      {
        "summonerId": 23586458,
        "teamId": 200,
        "championId": 69
      },
      {
        "summonerId": 38486121,
        "teamId": 200,
        "championId": 8
      },
      {
        "summonerId": 41604701,
        "teamId": 100,
        "championId": 238
      },
      {
        "summonerId": 36485521,
        "teamId": 200,
        "championId": 53
      }
    ],
    "stats": {
      "level": 18,
      "goldEarned": 15520,
      "numDeaths": 6,
      "turretsKilled": 1,
      "minionsKilled": 86,
      "championsKilled": 10,
      "goldSpent": 14005,
      "totalDamageDealt": 162166,
      "totalDamageTaken": 41913,
      "killingSprees": 3,
      "largestKillingSpree": 3,
      "team": 200,
      "win": true,
      "neutralMinionsKilled": 78,
      "largestMultiKill": 1,
      "physicalDamageDealtPlayer": 101792,
      "magicDamageDealtPlayer": 46757,
      "physicalDamageTaken": 28939,
      "magicDamageTaken": 11948,
      "largestCriticalStrike": 350,
      "timePlayed": 2299,
      "totalHeal": 6983,
      "totalUnitsHealed": 1,
      "assists": 21,
      "item0": 3143,
      "item1": 3265,
      "item2": 3207,
      "item3": 3083,
      "item4": 3087,
      "item5": 1031,
      "item6": 3341,
      "magicDamageDealtToChampions": 6665,
      "physicalDamageDealtToChampions": 12454,
      "totalDamageDealtToChampions": 20281,
      "trueDamageDealtPlayer": 13616,
      "trueDamageDealtToChampions": 1162,
      "trueDamageTaken": 1025,
      "neutralMinionsKilledEnemyJungle": 2,
      "neutralMinionsKilledYourJungle": 76,
      "totalTimeCrowdControlDealt": 9426
    }
  },
  "summonerCount": 10,
  "23586458": {
    "gameId": 818194836,
    "invalid": false,
    "gameMode": "CLASSIC",
    "gameType": "MATCHED_GAME",
    "subType": "NORMAL",
    "mapId": 1,
    "teamId": 200,
    "championId": 69,
    "spell1": 14,
    "spell2": 4,
    "level": 30,
    "ipEarned": 106,
    "createDate": 1398248901584,
    "fellowPlayers": [
      {
        "summonerId": 37032630,
        "teamId": 100,
        "championId": 74
      },
      {
        "summonerId": 39543117,
        "teamId": 100,
        "championId": 85
      },
      {
        "summonerId": 40543311,
        "teamId": 100,
        "championId": 64
      },
      {
        "summonerId": 24553340,
        "teamId": 200,
        "championId": 222
      },
      {
        "summonerId": 40152225,
        "teamId": 100,
        "championId": 51
      },
      {
        "summonerId": 38486121,
        "teamId": 200,
        "championId": 8
      },
      {
        "summonerId": 39307888,
        "teamId": 200,
        "championId": 106
      },
      {
        "summonerId": 41604701,
        "teamId": 100,
        "championId": 238
      },
      {
        "summonerId": 36485521,
        "teamId": 200,
        "championId": 53
      }
    ],
    "stats": {
      "level": 18,
      "goldEarned": 15631,
      "numDeaths": 3,
      "minionsKilled": 136,
      "championsKilled": 16,
      "goldSpent": 13775,
      "totalDamageDealt": 161917,
      "totalDamageTaken": 20232,
      "doubleKills": 2,
      "tripleKills": 2,
      "killingSprees": 1,
      "largestKillingSpree": 14,
      "team": 200,
      "win": true,
      "neutralMinionsKilled": 30,
      "largestMultiKill": 3,
      "physicalDamageDealtPlayer": 8002,
      "magicDamageDealtPlayer": 153298,
      "physicalDamageTaken": 11356,
      "magicDamageTaken": 8638,
      "timePlayed": 2299,
      "totalHeal": 2163,
      "totalUnitsHealed": 1,
      "assists": 17,
      "item0": 3157,
      "item1": 3089,
      "item2": 3174,
      "item3": 3255,
      "item4": 3116,
      "item6": 3340,
      "magicDamageDealtToChampions": 33048,
      "physicalDamageDealtToChampions": 681,
      "totalDamageDealtToChampions": 34254,
      "trueDamageDealtPlayer": 616,
      "trueDamageDealtToChampions": 524,
      "trueDamageTaken": 238,
      "wardPlaced": 6,
      "neutralMinionsKilledEnemyJungle": 13,
      "neutralMinionsKilledYourJungle": 17,
      "totalTimeCrowdControlDealt": 6049
    }
  },
  "41604701": {
    "gameId": 818194836,
    "invalid": false,
    "gameMode": "CLASSIC",
    "gameType": "MATCHED_GAME",
    "subType": "NORMAL",
    "mapId": 1,
    "teamId": 100,
    "championId": 238,
    "spell1": 14,
    "spell2": 4,
    "level": 30,
    "ipEarned": 69,
    "createDate": 1398248901576,
    "fellowPlayers": [
      {
        "summonerId": 37032630,
        "teamId": 100,
        "championId": 74
      },
      {
        "summonerId": 39543117,
        "teamId": 100,
        "championId": 85
      },
      {
        "summonerId": 40543311,
        "teamId": 100,
        "championId": 64
      },
      {
        "summonerId": 24553340,
        "teamId": 200,
        "championId": 222
      },
      {
        "summonerId": 40152225,
        "teamId": 100,
        "championId": 51
      },
      {
        "summonerId": 23586458,
        "teamId": 200,
        "championId": 69
      },
      {
        "summonerId": 38486121,
        "teamId": 200,
        "championId": 8
      },
      {
        "summonerId": 39307888,
        "teamId": 200,
        "championId": 106
      },
      {
        "summonerId": 36485521,
        "teamId": 200,
        "championId": 53
      }
    ],
    "stats": {
      "level": 15,
      "goldEarned": 12572,
      "numDeaths": 13,
      "minionsKilled": 119,
      "championsKilled": 11,
      "goldSpent": 12965,
      "totalDamageDealt": 110672,
      "totalDamageTaken": 31047,
      "killingSprees": 2,
      "largestKillingSpree": 2,
      "team": 100,
      "win": false,
      "neutralMinionsKilled": 14,
      "largestMultiKill": 1,
      "physicalDamageDealtPlayer": 104042,
      "magicDamageDealtPlayer": 5678,
      "physicalDamageTaken": 14469,
      "magicDamageTaken": 15078,
      "timePlayed": 2299,
      "totalHeal": 1560,
      "totalUnitsHealed": 1,
      "assists": 11,
      "item0": 3153,
      "item1": 3071,
      "item2": 3035,
      "item3": 3270,
      "item4": 3155,
      "item5": 1037,
      "item6": 3340,
      "sightWardsBought": 1,
      "magicDamageDealtToChampions": 2058,
      "physicalDamageDealtToChampions": 25275,
      "totalDamageDealtToChampions": 28220,
      "trueDamageDealtPlayer": 950,
      "trueDamageDealtToChampions": 886,
      "trueDamageTaken": 1498,
      "wardPlaced": 30,
      "neutralMinionsKilledEnemyJungle": 2,
      "neutralMinionsKilledYourJungle": 12,
      "totalTimeCrowdControlDealt": 129
    }
  },
  "40543311": {
    "gameId": 818194836,
    "invalid": false,
    "gameMode": "CLASSIC",
    "gameType": "MATCHED_GAME",
    "subType": "NORMAL",
    "mapId": 1,
    "teamId": 100,
    "championId": 64,
    "spell1": 4,
    "spell2": 11,
    "level": 30,
    "ipEarned": 69,
    "createDate": 1398248901577,
    "fellowPlayers": [
      {
        "summonerId": 37032630,
        "teamId": 100,
        "championId": 74
      },
      {
        "summonerId": 39543117,
        "teamId": 100,
        "championId": 85
      },
      {
        "summonerId": 24553340,
        "teamId": 200,
        "championId": 222
      },
      {
        "summonerId": 40152225,
        "teamId": 100,
        "championId": 51
      },
      {
        "summonerId": 23586458,
        "teamId": 200,
        "championId": 69
      },
      {
        "summonerId": 38486121,
        "teamId": 200,
        "championId": 8
      },
      {
        "summonerId": 39307888,
        "teamId": 200,
        "championId": 106
      },
      {
        "summonerId": 41604701,
        "teamId": 100,
        "championId": 238
      },
      {
        "summonerId": 36485521,
        "teamId": 200,
        "championId": 53
      }
    ],
    "stats": {
      "level": 14,
      "goldEarned": 10321,
      "numDeaths": 15,
      "minionsKilled": 27,
      "championsKilled": 4,
      "goldSpent": 9205,
      "totalDamageDealt": 87588,
      "totalDamageTaken": 44843,
      "killingSprees": 1,
      "largestKillingSpree": 3,
      "team": 100,
      "win": false,
      "neutralMinionsKilled": 42,
      "largestMultiKill": 1,
      "physicalDamageDealtPlayer": 66212,
      "magicDamageDealtPlayer": 10808,
      "physicalDamageTaken": 25598,
      "magicDamageTaken": 18344,
      "timePlayed": 2299,
      "totalHeal": 2513,
      "totalUnitsHealed": 1,
      "assists": 12,
      "item0": 3074,
      "item1": 3117,
      "item2": 3082,
      "item3": 3207,
      "item4": 1011,
      "item5": 1057,
      "item6": 3340,
      "magicDamageDealtToChampions": 2033,
      "physicalDamageDealtToChampions": 13343,
      "totalDamageDealtToChampions": 15630,
      "trueDamageDealtPlayer": 10568,
      "trueDamageDealtToChampions": 254,
      "trueDamageTaken": 901,
      "wardPlaced": 11,
      "neutralMinionsKilledEnemyJungle": 12,
      "neutralMinionsKilledYourJungle": 30,
      "totalTimeCrowdControlDealt": 345
    }
  },
  "37032630": {
    "gameId": 818194836,
    "invalid": false,
    "gameMode": "CLASSIC",
    "gameType": "MATCHED_GAME",
    "subType": "NORMAL",
    "mapId": 1,
    "teamId": 100,
    "championId": 74,
    "spell1": 14,
    "spell2": 4,
    "level": 30,
    "ipEarned": 69,
    "createDate": 1398248901580,
    "fellowPlayers": [
      {
        "summonerId": 39543117,
        "teamId": 100,
        "championId": 85
      },
      {
        "summonerId": 40543311,
        "teamId": 100,
        "championId": 64
      },
      {
        "summonerId": 24553340,
        "teamId": 200,
        "championId": 222
      },
      {
        "summonerId": 40152225,
        "teamId": 100,
        "championId": 51
      },
      {
        "summonerId": 23586458,
        "teamId": 200,
        "championId": 69
      },
      {
        "summonerId": 38486121,
        "teamId": 200,
        "championId": 8
      },
      {
        "summonerId": 39307888,
        "teamId": 200,
        "championId": 106
      },
      {
        "summonerId": 41604701,
        "teamId": 100,
        "championId": 238
      },
      {
        "summonerId": 36485521,
        "teamId": 200,
        "championId": 53
      }
    ],
    "stats": {
      "level": 16,
      "goldEarned": 11990,
      "numDeaths": 10,
      "minionsKilled": 153,
      "championsKilled": 3,
      "goldSpent": 12285,
      "totalDamageDealt": 154376,
      "totalDamageTaken": 22721,
      "team": 100,
      "win": false,
      "neutralMinionsKilled": 7,
      "largestMultiKill": 1,
      "physicalDamageDealtPlayer": 14327,
      "magicDamageDealtPlayer": 138723,
      "physicalDamageTaken": 9425,
      "magicDamageTaken": 12847,
      "timePlayed": 2299,
      "totalHeal": 1235,
      "totalUnitsHealed": 1,
      "assists": 14,
      "item0": 3157,
      "item1": 3028,
      "item2": 3255,
      "item3": 1056,
      "item4": 3089,
      "item5": 3135,
      "item6": 3340,
      "magicDamageDealtToChampions": 43062,
      "physicalDamageDealtToChampions": 1573,
      "totalDamageDealtToChampions": 45921,
      "trueDamageDealtPlayer": 1325,
      "trueDamageDealtToChampions": 1285,
      "trueDamageTaken": 448,
      "wardPlaced": 6,
      "neutralMinionsKilledEnemyJungle": 1,
      "neutralMinionsKilledYourJungle": 6,
      "totalTimeCrowdControlDealt": 265
    }
  },
  "39543117": {
    "gameId": 818194836,
    "invalid": false,
    "gameMode": "CLASSIC",
    "gameType": "MATCHED_GAME",
    "subType": "NORMAL",
    "mapId": 1,
    "teamId": 100,
    "championId": 85,
    "spell1": 4,
    "spell2": 7,
    "level": 30,
    "ipEarned": 69,
    "createDate": 1398248901579,
    "fellowPlayers": [
      {
        "summonerId": 37032630,
        "teamId": 100,
        "championId": 74
      },
      {
        "summonerId": 40543311,
        "teamId": 100,
        "championId": 64
      },
      {
        "summonerId": 24553340,
        "teamId": 200,
        "championId": 222
      },
      {
        "summonerId": 40152225,
        "teamId": 100,
        "championId": 51
      },
      {
        "summonerId": 23586458,
        "teamId": 200,
        "championId": 69
      },
      {
        "summonerId": 38486121,
        "teamId": 200,
        "championId": 8
      },
      {
        "summonerId": 39307888,
        "teamId": 200,
        "championId": 106
      },
      {
        "summonerId": 41604701,
        "teamId": 100,
        "championId": 238
      },
      {
        "summonerId": 36485521,
        "teamId": 200,
        "championId": 53
      }
    ],
    "stats": {
      "level": 16,
      "goldEarned": 13190,
      "numDeaths": 10,
      "minionsKilled": 171,
      "championsKilled": 9,
      "goldSpent": 13040,
      "totalDamageDealt": 134670,
      "totalDamageTaken": 26581,
      "doubleKills": 1,
      "tripleKills": 1,
      "killingSprees": 2,
      "largestKillingSpree": 4,
      "team": 100,
      "win": false,
      "neutralMinionsKilled": 14,
      "largestMultiKill": 3,
      "physicalDamageDealtPlayer": 88124,
      "magicDamageDealtPlayer": 45993,
      "physicalDamageTaken": 13951,
      "magicDamageTaken": 12018,
      "largestCriticalStrike": 718,
      "timePlayed": 2299,
      "totalHeal": 3510,
      "totalUnitsHealed": 3,
      "assists": 4,
      "item0": 3071,
      "item1": 1018,
      "item2": 3072,
      "item3": 3250,
      "item4": 3087,
      "item5": 1038,
      "item6": 3340,
      "magicDamageDealtToChampions": 12693,
      "physicalDamageDealtToChampions": 6721,
      "totalDamageDealtToChampions": 19572,
      "trueDamageDealtPlayer": 553,
      "trueDamageDealtToChampions": 157,
      "trueDamageTaken": 612,
      "wardKilled": 1,
      "wardPlaced": 7,
      "neutralMinionsKilledEnemyJungle": 1,
      "neutralMinionsKilledYourJungle": 13,
      "totalTimeCrowdControlDealt": 141
    }
  },
  "36485521": {
    "gameId": 818194836,
    "invalid": false,
    "gameMode": "CLASSIC",
    "gameType": "MATCHED_GAME",
    "subType": "NORMAL",
    "mapId": 1,
    "teamId": 200,
    "championId": 53,
    "spell1": 3,
    "spell2": 4,
    "level": 30,
    "ipEarned": 106,
    "createDate": 1398248901585,
    "fellowPlayers": [
      {
        "summonerId": 37032630,
        "teamId": 100,
        "championId": 74
      },
      {
        "summonerId": 39543117,
        "teamId": 100,
        "championId": 85
      },
      {
        "summonerId": 40543311,
        "teamId": 100,
        "championId": 64
      },
      {
        "summonerId": 24553340,
        "teamId": 200,
        "championId": 222
      },
      {
        "summonerId": 40152225,
        "teamId": 100,
        "championId": 51
      },
      {
        "summonerId": 23586458,
        "teamId": 200,
        "championId": 69
      },
      {
        "summonerId": 38486121,
        "teamId": 200,
        "championId": 8
      },
      {
        "summonerId": 39307888,
        "teamId": 200,
        "championId": 106
      },
      {
        "summonerId": 41604701,
        "teamId": 100,
        "championId": 238
      }
    ],
    "stats": {
      "level": 16,
      "goldEarned": 12566,
      "numDeaths": 8,
      "turretsKilled": 1,
      "minionsKilled": 50,
      "championsKilled": 3,
      "goldSpent": 10970,
      "totalDamageDealt": 56707,
      "totalDamageTaken": 30488,
      "killingSprees": 1,
      "largestKillingSpree": 2,
      "team": 200,
      "win": true,
      "largestMultiKill": 1,
      "physicalDamageDealtPlayer": 13283,
      "magicDamageDealtPlayer": 43423,
      "physicalDamageTaken": 14353,
      "magicDamageTaken": 15440,
      "timePlayed": 2299,
      "totalHeal": 4970,
      "totalUnitsHealed": 1,
      "assists": 25,
      "item0": 2045,
      "item1": 3270,
      "item2": 3069,
      "item3": 3025,
      "item4": 3110,
      "item6": 3340,
      "sightWardsBought": 2,
      "magicDamageDealtToChampions": 8833,
      "physicalDamageDealtToChampions": 5348,
      "totalDamageDealtToChampions": 14182,
      "trueDamageTaken": 695,
      "wardPlaced": 20,
      "totalTimeCrowdControlDealt": 3329
    }
  },
  "24553340": {
    "gameId": 818194836,
    "invalid": false,
    "gameMode": "CLASSIC",
    "gameType": "MATCHED_GAME",
    "subType": "NORMAL",
    "mapId": 1,
    "teamId": 200,
    "championId": 222,
    "spell1": 7,
    "spell2": 4,
    "level": 30,
    "ipEarned": 106,
    "createDate": 1398248901583,
    "fellowPlayers": [
      {
        "summonerId": 37032630,
        "teamId": 100,
        "championId": 74
      },
      {
        "summonerId": 39543117,
        "teamId": 100,
        "championId": 85
      },
      {
        "summonerId": 40543311,
        "teamId": 100,
        "championId": 64
      },
      {
        "summonerId": 40152225,
        "teamId": 100,
        "championId": 51
      },
      {
        "summonerId": 23586458,
        "teamId": 200,
        "championId": 69
      },
      {
        "summonerId": 38486121,
        "teamId": 200,
        "championId": 8
      },
      {
        "summonerId": 39307888,
        "teamId": 200,
        "championId": 106
      },
      {
        "summonerId": 41604701,
        "teamId": 100,
        "championId": 238
      },
      {
        "summonerId": 36485521,
        "teamId": 200,
        "championId": 53
      }
    ],
    "stats": {
      "level": 17,
      "goldEarned": 16345,
      "numDeaths": 4,
      "barracksKilled": 1,
      "turretsKilled": 4,
      "minionsKilled": 210,
      "championsKilled": 15,
      "goldSpent": 15080,
      "totalDamageDealt": 178006,
      "totalDamageTaken": 27938,
      "doubleKills": 3,
      "killingSprees": 3,
      "largestKillingSpree": 7,
      "team": 200,
      "win": true,
      "neutralMinionsKilled": 5,
      "largestMultiKill": 2,
      "physicalDamageDealtPlayer": 160770,
      "magicDamageDealtPlayer": 15792,
      "physicalDamageTaken": 13542,
      "magicDamageTaken": 14363,
      "largestCriticalStrike": 758,
      "timePlayed": 2299,
      "totalHeal": 4807,
      "totalUnitsHealed": 4,
      "assists": 20,
      "item0": 3143,
      "item1": 3031,
      "item2": 3072,
      "item3": 3087,
      "item4": 3254,
      "item6": 3340,
      "magicDamageDealtToChampions": 2535,
      "physicalDamageDealtToChampions": 31476,
      "totalDamageDealtToChampions": 34654,
      "trueDamageDealtPlayer": 1444,
      "trueDamageDealtToChampions": 642,
      "trueDamageTaken": 32,
      "wardPlaced": 2,
      "neutralMinionsKilledEnemyJungle": 2,
      "neutralMinionsKilledYourJungle": 3,
      "totalTimeCrowdControlDealt": 4376
    }
  },
  "38486121": {
    "gameId": 818194836,
    "invalid": false,
    "gameMode": "CLASSIC",
    "gameType": "MATCHED_GAME",
    "subType": "NORMAL",
    "mapId": 1,
    "teamId": 200,
    "championId": 8,
    "spell1": 14,
    "spell2": 4,
    "level": 30,
    "ipEarned": 106,
    "createDate": 1398248901582,
    "fellowPlayers": [
      {
        "summonerId": 37032630,
        "teamId": 100,
        "championId": 74
      },
      {
        "summonerId": 39543117,
        "teamId": 100,
        "championId": 85
      },
      {
        "summonerId": 40543311,
        "teamId": 100,
        "championId": 64
      },
      {
        "summonerId": 24553340,
        "teamId": 200,
        "championId": 222
      },
      {
        "summonerId": 40152225,
        "teamId": 100,
        "championId": 51
      },
      {
        "summonerId": 23586458,
        "teamId": 200,
        "championId": 69
      },
      {
        "summonerId": 39307888,
        "teamId": 200,
        "championId": 106
      },
      {
        "summonerId": 41604701,
        "teamId": 100,
        "championId": 238
      },
      {
        "summonerId": 36485521,
        "teamId": 200,
        "championId": 53
      }
    ],
    "stats": {
      "level": 18,
      "goldEarned": 12712,
      "numDeaths": 9,
      "turretsKilled": 1,
      "minionsKilled": 110,
      "championsKilled": 10,
      "goldSpent": 12025,
      "totalDamageDealt": 108081,
      "totalDamageTaken": 31549,
      "doubleKills": 1,
      "killingSprees": 3,
      "largestKillingSpree": 3,
      "team": 200,
      "win": true,
      "neutralMinionsKilled": 16,
      "largestMultiKill": 2,
      "physicalDamageDealtPlayer": 19565,
      "magicDamageDealtPlayer": 86906,
      "physicalDamageTaken": 19318,
      "magicDamageTaken": 11333,
      "timePlayed": 2299,
      "totalHeal": 14190,
      "totalUnitsHealed": 1,
      "assists": 20,
      "item0": 3116,
      "item1": 3152,
      "item2": 3020,
      "item3": 3089,
      "item4": 1011,
      "item5": 1028,
      "item6": 3340,
      "magicDamageDealtToChampions": 14742,
      "physicalDamageDealtToChampions": 1378,
      "totalDamageDealtToChampions": 17337,
      "trueDamageDealtPlayer": 1610,
      "trueDamageDealtToChampions": 1216,
      "trueDamageTaken": 898,
      "wardKilled": 1,
      "wardPlaced": 12,
      "neutralMinionsKilledEnemyJungle": 4,
      "neutralMinionsKilledYourJungle": 12,
      "totalTimeCrowdControlDealt": 2130
    }
  },
  "39307888": {
    "gameId": 818194836,
    "invalid": false,
    "gameMode": "CLASSIC",
    "gameType": "MATCHED_GAME",
    "subType": "NORMAL",
    "mapId": 1,
    "teamId": 200,
    "championId": 106,
    "spell1": 6,
    "spell2": 11,
    "level": 30,
    "ipEarned": 106,
    "createDate": 1398248901581,
    "fellowPlayers": [
      {
        "summonerId": 37032630,
        "teamId": 100,
        "championId": 74
      },
      {
        "summonerId": 39543117,
        "teamId": 100,
        "championId": 85
      },
      {
        "summonerId": 40543311,
        "teamId": 100,
        "championId": 64
      },
      {
        "summonerId": 24553340,
        "teamId": 200,
        "championId": 222
      },
      {
        "summonerId": 40152225,
        "teamId": 100,
        "championId": 51
      },
      {
        "summonerId": 23586458,
        "teamId": 200,
        "championId": 69
      },
      {
        "summonerId": 38486121,
        "teamId": 200,
        "championId": 8
      },
      {
        "summonerId": 41604701,
        "teamId": 100,
        "championId": 238
      },
      {
        "summonerId": 36485521,
        "teamId": 200,
        "championId": 53
      }
    ],
    "stats": {
      "level": 18,
      "goldEarned": 15520,
      "numDeaths": 6,
      "turretsKilled": 1,
      "minionsKilled": 86,
      "championsKilled": 10,
      "goldSpent": 14005,
      "totalDamageDealt": 162166,
      "totalDamageTaken": 41913,
      "killingSprees": 3,
      "largestKillingSpree": 3,
      "team": 200,
      "win": true,
      "neutralMinionsKilled": 78,
      "largestMultiKill": 1,
      "physicalDamageDealtPlayer": 101792,
      "magicDamageDealtPlayer": 46757,
      "physicalDamageTaken": 28939,
      "magicDamageTaken": 11948,
      "largestCriticalStrike": 350,
      "timePlayed": 2299,
      "totalHeal": 6983,
      "totalUnitsHealed": 1,
      "assists": 21,
      "item0": 3143,
      "item1": 3265,
      "item2": 3207,
      "item3": 3083,
      "item4": 3087,
      "item5": 1031,
      "item6": 3341,
      "magicDamageDealtToChampions": 6665,
      "physicalDamageDealtToChampions": 12454,
      "totalDamageDealtToChampions": 20281,
      "trueDamageDealtPlayer": 13616,
      "trueDamageDealtToChampions": 1162,
      "trueDamageTaken": 1025,
      "neutralMinionsKilledEnemyJungle": 2,
      "neutralMinionsKilledYourJungle": 76,
      "totalTimeCrowdControlDealt": 9426
    }
  }
}