{
  "21814735": {
    "gameId": 818168722,
    "invalid": false,
    "gameMode": "CLASSIC",
    "gameType": "MATCHED_GAME",
    "subType": "RANKED_SOLO_5x5",
    "mapId": 1,
    "teamId": 100,
    "championId": 64,
    "spell1": 11,
    "spell2": 4,
    "level": 30,
    "ipEarned": 89,
    "createDate": 1398242752332,
    "fellowPlayers": [
      {
        "summonerId": 31603169,
        "teamId": 200,
        "championId": 62
      },
      {
        "summonerId": 32666140,
        "teamId": 200,
        "championId": 56
      },
      {
        "summonerId": 43474286,
        "teamId": 100,
        "championId": 37
      },
      {
        "summonerId": 29094561,
        "teamId": 100,
        "championId": 19
      },
      {
        "summonerId": 38441403,
        "teamId": 200,
        "championId": 7
      },
      {
        "summonerId": 21607943,
        "teamId": 100,
        "championId": 29
      },
      {
        "summonerId": 42349738,
        "teamId": 100,
        "championId": 105
      },
      {
        "summonerId": 31805278,
        "teamId": 200,
        "championId": 53
      },
      {
        "summonerId": 21166472,
        "teamId": 200,
        "championId": 236
      }
    ],
    "stats": {
      "level": 16,
      "goldEarned": 11289,
      "numDeaths": 7,
      "turretsKilled": 1,
      "minionsKilled": 27,
      "championsKilled": 6,
      "goldSpent": 10555,
      "totalDamageDealt": 111157,
      "totalDamageTaken": 30450,
      "killingSprees": 1,
      "largestKillingSpree": 3,
      "team": 100,
      "win": true,
      "neutralMinionsKilled": 69,
      "largestMultiKill": 1,
      "physicalDamageDealtPlayer": 75441,
      "magicDamageDealtPlayer": 26605,
      "physicalDamageTaken": 19551,
      "magicDamageTaken": 10183,
      "timePlayed": 1887,
      "totalHeal": 5341,
      "totalUnitsHealed": 1,
      "assists": 11,
      "item0": 3207,
      "item1": 3072,
      "item2": 3265,
      "item3": 3211,
      "item4": 3057,
      "item6": 3340,
      "magicDamageDealtToChampions": 3436,
      "physicalDamageDealtToChampions": 6224,
      "totalDamageDealtToChampions": 10398,
      "trueDamageDealtPlayer": 9110,
      "trueDamageDealtToChampions": 738,
      "trueDamageTaken": 716,
      "wardPlaced": 4,
      "neutralMinionsKilledEnemyJungle": 9,
      "neutralMinionsKilledYourJungle": 60,
      "totalTimeCrowdControlDealt": 814
    }
  },
  "summonerCount": 10,
  "29094561": {
    "gameId": 818168722,
    "invalid": false,
    "gameMode": "CLASSIC",
    "gameType": "MATCHED_GAME",
    "subType": "RANKED_SOLO_5x5",
    "mapId": 1,
    "teamId": 100,
    "championId": 19,
    "spell1": 14,
    "spell2": 7,
    "level": 30,
    "ipEarned": 89,
    "createDate": 1398242752334,
    "fellowPlayers": [
      {
        "summonerId": 31603169,
        "teamId": 200,
        "championId": 62
      },
      {
        "summonerId": 32666140,
        "teamId": 200,
        "championId": 56
      },
      {
        "summonerId": 43474286,
        "teamId": 100,
        "championId": 37
      },
      {
        "summonerId": 38441403,
        "teamId": 200,
        "championId": 7
      },
      {
        "summonerId": 21607943,
        "teamId": 100,
        "championId": 29
      },
      {
        "summonerId": 42349738,
        "teamId": 100,
        "championId": 105
      },
      {
        "summonerId": 21814735,
        "teamId": 100,
        "championId": 64
      },
      {
        "summonerId": 31805278,
        "teamId": 200,
        "championId": 53
      },
      {
        "summonerId": 21166472,
        "teamId": 200,
        "championId": 236
      }
    ],
    "stats": {
      "level": 18,
      "goldEarned": 13250,
      "numDeaths": 8,
      "barracksKilled": 1,
      "minionsKilled": 96,
      "championsKilled": 14,
      "goldSpent": 12555,
      "totalDamageDealt": 85670,
      "totalDamageTaken": 40470,
      "doubleKills": 2,
      "killingSprees": 6,
      "largestKillingSpree": 3,
      "team": 100,
      "win": true,
      "neutralMinionsKilled": 7,
      "largestMultiKill": 2,
      "physicalDamageDealtPlayer": 60329,
      "magicDamageDealtPlayer": 21978,
      "physicalDamageTaken": 27441,
      "magicDamageTaken": 11465,
      "timePlayed": 1887,
      "totalHeal": 18157,
      "totalUnitsHealed": 3,
      "assists": 13,
      "item0": 3091,
      "item1": 3269,
      "item2": 3153,
      "item3": 3024,
      "item4": 3065,
      "item5": 3082,
      "item6": 3340,
      "magicDamageDealtToChampions": 12474,
      "physicalDamageDealtToChampions": 8369,
      "totalDamageDealtToChampions": 22995,
      "trueDamageDealtPlayer": 3362,
      "trueDamageDealtToChampions": 2152,
      "trueDamageTaken": 1563,
      "wardPlaced": 4,
      "neutralMinionsKilledEnemyJungle": 2,
      "neutralMinionsKilledYourJungle": 5,
      "totalTimeCrowdControlDealt": 262
    }
  },
  "21166472": {
    "gameId": 818168722,
    "invalid": false,
    "gameMode": "CLASSIC",
    "gameType": "MATCHED_GAME",
    "subType": "RANKED_SOLO_5x5",
    "mapId": 1,
    "teamId": 200,
    "championId": 236,
    "spell1": 4,
    "spell2": 7,
    "level": 30,
    "ipEarned": 60,
    "createDate": 1398242752340,
    "fellowPlayers": [
      {
        "summonerId": 31603169,
        "teamId": 200,
        "championId": 62
      },
      {
        "summonerId": 32666140,
        "teamId": 200,
        "championId": 56
      },
      {
        "summonerId": 43474286,
        "teamId": 100,
        "championId": 37
      },
      {
        "summonerId": 29094561,
        "teamId": 100,
        "championId": 19
      },
      {
        "summonerId": 38441403,
        "teamId": 200,
        "championId": 7
      },
      {
        "summonerId": 21607943,
        "teamId": 100,
        "championId": 29
      },
      {
        "summonerId": 42349738,
        "teamId": 100,
        "championId": 105
      },
      {
        "summonerId": 21814735,
        "teamId": 100,
        "championId": 64
      },
      {
        "summonerId": 31805278,
        "teamId": 200,
        "championId": 53
      }
    ],
    "stats": {
      "level": 15,
      "goldEarned": 10372,
      "numDeaths": 10,
      "turretsKilled": 1,
      "minionsKilled": 128,
      "championsKilled": 6,
      "goldSpent": 10208,
      "totalDamageDealt": 86182,
      "totalDamageTaken": 27101,
      "killingSprees": 2,
      "largestKillingSpree": 2,
      "team": 200,
      "win": false,
      "neutralMinionsKilled": 8,
      "largestMultiKill": 1,
      "physicalDamageDealtPlayer": 80050,
      "magicDamageDealtPlayer": 5956,
      "physicalDamageTaken": 18447,
      "magicDamageTaken": 6536,
      "largestCriticalStrike": 349,
      "timePlayed": 1887,
      "totalHeal": 3671,
      "totalUnitsHealed": 4,
      "assists": 8,
      "item0": 3078,
      "item1": 3153,
      "item2": 3252,
      "item3": 1037,
      "item6": 3340,
      "magicDamageDealtToChampions": 1767,
      "physicalDamageDealtToChampions": 16132,
      "totalDamageDealtToChampions": 17968,
      "trueDamageDealtPlayer": 176,
      "trueDamageDealtToChampions": 68,
      "trueDamageTaken": 2117,
      "wardPlaced": 5,
      "neutralMinionsKilledEnemyJungle": 4,
      "neutralMinionsKilledYourJungle": 4,
      "totalTimeCrowdControlDealt": 46
    }
  },
  "43474286": {
    "gameId": 818168722,
    "invalid": false,
    "gameMode": "CLASSIC",
    "gameType": "MATCHED_GAME",
    "subType": "RANKED_SOLO_5x5",
    "mapId": 1,
    "teamId": 100,
    "championId": 37,
    "spell1": 4,
    "spell2": 14,
    "level": 30,
    "ipEarned": 89,
    "createDate": 1398242752335,
    "fellowPlayers": [
      {
        "summonerId": 31603169,
        "teamId": 200,
        "championId": 62
      },
      {
        "summonerId": 32666140,
        "teamId": 200,
        "championId": 56
      },
      {
        "summonerId": 29094561,
        "teamId": 100,
        "championId": 19
      },
      {
        "summonerId": 38441403,
        "teamId": 200,
        "championId": 7
      },
      {
        "summonerId": 21607943,
        "teamId": 100,
        "championId": 29
      },
      {
        "summonerId": 42349738,
        "teamId": 100,
        "championId": 105
      },
      {
        "summonerId": 21814735,
        "teamId": 100,
        "championId": 64
      },
      {
        "summonerId": 31805278,
        "teamId": 200,
        "championId": 53
      },
      {
        "summonerId": 21166472,
        "teamId": 200,
        "championId": 236
      }
    ],
    "stats": {
      "level": 16,
      "goldEarned": 12630,
      "numDeaths": 10,
      "minionsKilled": 42,
      "championsKilled": 2,
      "goldSpent": 12785,
      "totalDamageDealt": 46868,
      "totalDamageTaken": 21386,
      "team": 100,
      "win": true,
      "largestMultiKill": 1,
      "physicalDamageDealtPlayer": 10525,
      "magicDamageDealtPlayer": 35834,
      "physicalDamageTaken": 12058,
      "magicDamageTaken": 8596,
      "timePlayed": 1887,
      "totalHeal": 8175,
      "totalUnitsHealed": 5,
      "assists": 23,
      "item0": 3092,
      "item1": 3020,
      "item2": 3089,
      "item3": 3001,
      "item4": 1058,
      "item5": 3057,
      "item6": 3340,
      "sightWardsBought": 2,
      "visionWardsBought": 1,
      "magicDamageDealtToChampions": 15217,
      "physicalDamageDealtToChampions": 2625,
      "totalDamageDealtToChampions": 18351,
      "trueDamageDealtPlayer": 508,
      "trueDamageDealtToChampions": 508,
      "trueDamageTaken": 732,
      "wardPlaced": 8,
      "totalTimeCrowdControlDealt": 25
    }
  },
  "42349738": {
    "gameId": 818168722,
    "invalid": false,
    "gameMode": "CLASSIC",
    "gameType": "MATCHED_GAME",
    "subType": "RANKED_SOLO_5x5",
    "mapId": 1,
    "teamId": 100,
    "championId": 105,
    "spell1": 14,
    "spell2": 4,
    "level": 30,
    "ipEarned": 89,
    "createDate": 1398242752331,
    "fellowPlayers": [
      {
        "summonerId": 31603169,
        "teamId": 200,
        "championId": 62
      },
      {
        "summonerId": 32666140,
        "teamId": 200,
        "championId": 56
      },
      {
        "summonerId": 43474286,
        "teamId": 100,
        "championId": 37
      },
      {
        "summonerId": 29094561,
        "teamId": 100,
        "championId": 19
      },
      {
        "summonerId": 38441403,
        "teamId": 200,
        "championId": 7
      },
      {
        "summonerId": 21607943,
        "teamId": 100,
        "championId": 29
      },
      {
        "summonerId": 21814735,
        "teamId": 100,
        "championId": 64
      },
      {
        "summonerId": 31805278,
        "teamId": 200,
        "championId": 53
      },
      {
        "summonerId": 21166472,
        "teamId": 200,
        "championId": 236
      }
    ],
    "stats": {
      "level": 14,
      "goldEarned": 8232,
      "numDeaths": 9,
      "turretsKilled": 1,
      "minionsKilled": 62,
      "championsKilled": 3,
      "goldSpent": 7815,
      "totalDamageDealt": 41228,
      "totalDamageTaken": 16614,
      "killingSprees": 1,
      "largestKillingSpree": 2,
      "team": 100,
      "win": true,
      "neutralMinionsKilled": 5,
      "largestMultiKill": 1,
      "physicalDamageDealtPlayer": 14770,
      "magicDamageDealtPlayer": 25726,
      "physicalDamageTaken": 6280,
      "magicDamageTaken": 9323,
      "timePlayed": 1887,
      "totalHeal": 58,
      "totalUnitsHealed": 1,
      "assists": 4,
      "item0": 3157,
      "item1": 3020,
      "item2": 1056,
      "item3": 3057,
      "item4": 3108,
      "item5": 1026,
      "item6": 3340,
      "magicDamageDealtToChampions": 5731,
      "physicalDamageDealtToChampions": 1598,
      "totalDamageDealtToChampions": 8062,
      "trueDamageDealtPlayer": 732,
      "trueDamageDealtToChampions": 732,
      "trueDamageTaken": 1010,
      "wardPlaced": 9,
      "neutralMinionsKilledYourJungle": 5,
      "totalTimeCrowdControlDealt": 32
    }
  },
  "21607943": {
    "gameId": 818168722,
    "invalid": false,
    "gameMode": "CLASSIC",
    "gameType": "MATCHED_GAME",
    "subType": "RANKED_SOLO_5x5",
    "mapId": 1,
    "teamId": 100,
    "championId": 29,
    "spell1": 4,
    "spell2": 7,
    "level": 30,
    "ipEarned": 89,
    "createDate": 1398242752336,
    "fellowPlayers": [
      {
        "summonerId": 31603169,
        "teamId": 200,
        "championId": 62
      },
      {
        "summonerId": 32666140,
        "teamId": 200,
        "championId": 56
      },
      {
        "summonerId": 43474286,
        "teamId": 100,
        "championId": 37
      },
      {
        "summonerId": 29094561,
        "teamId": 100,
        "championId": 19
      },
      {
        "summonerId": 38441403,
        "teamId": 200,
        "championId": 7
      },
      {
        "summonerId": 42349738,
        "teamId": 100,
        "championId": 105
      },
      {
        "summonerId": 21814735,
        "teamId": 100,
        "championId": 64
      },
      {
        "summonerId": 31805278,
        "teamId": 200,
        "championId": 53
      },
      {
        "summonerId": 21166472,
        "teamId": 200,
        "championId": 236
      }
    ],
    "stats": {
      "level": 18,
      "goldEarned": 16608,
      "numDeaths": 8,
      "turretsKilled": 3,
      "minionsKilled": 199,
      "championsKilled": 19,
      "goldSpent": 14555,
      "totalDamageDealt": 162365,
      "totalDamageTaken": 31676,
      "doubleKills": 3,
      "killingSprees": 5,
      "largestKillingSpree": 5,
      "team": 100,
      "win": true,
      "neutralMinionsKilled": 14,
      "largestMultiKill": 2,
      "physicalDamageDealtPlayer": 141219,
      "magicDamageDealtPlayer": 10549,
      "physicalDamageTaken": 18312,
      "magicDamageTaken": 13046,
      "largestCriticalStrike": 801,
      "timePlayed": 1887,
      "totalHeal": 3287,
      "totalUnitsHealed": 2,
      "assists": 9,
      "item0": 3087,
      "item1": 3035,
      "item2": 3153,
      "item3": 1053,
      "item4": 3031,
      "item5": 3250,
      "item6": 3340,
      "magicDamageDealtToChampions": 1546,
      "physicalDamageDealtToChampions": 26371,
      "totalDamageDealtToChampions": 31877,
      "trueDamageDealtPlayer": 10597,
      "trueDamageDealtToChampions": 3959,
      "trueDamageTaken": 318,
      "wardPlaced": 8,
      "neutralMinionsKilledEnemyJungle": 1,
      "neutralMinionsKilledYourJungle": 13,
      "totalTimeCrowdControlDealt": 469
    }
  },
  "32666140": {
    "gameId": 818168722,
    "invalid": false,
    "gameMode": "CLASSIC",
    "gameType": "MATCHED_GAME",
    "subType": "RANKED_SOLO_5x5",
    "mapId": 1,
    "teamId": 200,
    "championId": 56,
    "spell1": 4,
    "spell2": 11,
    "level": 30,
    "ipEarned": 60,
    "createDate": 1398242752342,
    "fellowPlayers": [
      {
        "summonerId": 31603169,
        "teamId": 200,
        "championId": 62
      },
      {
        "summonerId": 43474286,
        "teamId": 100,
        "championId": 37
      },
      {
        "summonerId": 29094561,
        "teamId": 100,
        "championId": 19
      },
      {
        "summonerId": 38441403,
        "teamId": 200,
        "championId": 7
      },
      {
        "summonerId": 21607943,
        "teamId": 100,
        "championId": 29
      },
      {
        "summonerId": 42349738,
        "teamId": 100,
        "championId": 105
      },
      {
        "summonerId": 21814735,
        "teamId": 100,
        "championId": 64
      },
      {
        "summonerId": 31805278,
        "teamId": 200,
        "championId": 53
      },
      {
        "summonerId": 21166472,
        "teamId": 200,
        "championId": 236
      }
    ],
    "stats": {
      "level": 15,
      "goldEarned": 10105,
      "numDeaths": 8,
      "minionsKilled": 55,
      "championsKilled": 5,
      "goldSpent": 9200,
      "totalDamageDealt": 149412,
      "totalDamageTaken": 28265,
      "killingSprees": 2,
      "largestKillingSpree": 2,
      "team": 200,
      "win": false,
      "neutralMinionsKilled": 91,
      "largestMultiKill": 1,
      "physicalDamageDealtPlayer": 98319,
      "magicDamageDealtPlayer": 38986,
      "physicalDamageTaken": 19675,
      "magicDamageTaken": 6360,
      "timePlayed": 1887,
      "totalHeal": 6490,
      "totalUnitsHealed": 1,
      "assists": 6,
      "item0": 3160,
      "item1": 3068,
      "item2": 1053,
      "item3": 3075,
      "item4": 3047,
      "item5": 1028,
      "item6": 3340,
      "magicDamageDealtToChampions": 3576,
      "physicalDamageDealtToChampions": 7750,
      "totalDamageDealtToChampions": 11605,
      "trueDamageDealtPlayer": 12106,
      "trueDamageDealtToChampions": 278,
      "trueDamageTaken": 2229,
      "wardPlaced": 6,
      "neutralMinionsKilledEnemyJungle": 10,
      "neutralMinionsKilledYourJungle": 81,
      "totalTimeCrowdControlDealt": 309
    }
  },
  "31805278": {
    "gameId": 818168722,
    "invalid": false,
    "gameMode": "CLASSIC",
    "gameType": "MATCHED_GAME",
    "subType": "RANKED_SOLO_5x5",
    "mapId": 1,
    "teamId": 200,
    "championId": 53,
    "spell1": 4,
    "spell2": 14,
    "level": 30,
    "ipEarned": 60,
    "createDate": 1398242752337,
    "fellowPlayers": [
      {
        "summonerId": 31603169,
        "teamId": 200,
        "championId": 62
      },
      {
        "summonerId": 32666140,
        "teamId": 200,
        "championId": 56
      },
      {
        "summonerId": 43474286,
        "teamId": 100,
        "championId": 37
      },
      {
        "summonerId": 29094561,
        "teamId": 100,
        "championId": 19
      },
      {
        "summonerId": 38441403,
        "teamId": 200,
        "championId": 7
      },
      {
        "summonerId": 21607943,
        "teamId": 100,
        "championId": 29
      },
      {
        "summonerId": 42349738,
        "teamId": 100,
        "championId": 105
      },
      {
        "summonerId": 21814735,
        "teamId": 100,
        "championId": 64
      },
      {
        "summonerId": 21166472,
        "teamId": 200,
        "championId": 236
      }
    ],
    "stats": {
      "level": 15,
      "goldEarned": 8859,
      "numDeaths": 7,
      "minionsKilled": 26,
      "championsKilled": 4,
      "goldSpent": 7685,
      "totalDamageDealt": 35449,
      "totalDamageTaken": 18670,
      "killingSprees": 1,
      "largestKillingSpree": 2,
      "team": 200,
      "win": false,
      "largestMultiKill": 1,
      "physicalDamageDealtPlayer": 8113,
      "magicDamageDealtPlayer": 26649,
      "physicalDamageTaken": 10566,
      "magicDamageTaken": 6646,
      "timePlayed": 1887,
      "totalHeal": 520,
      "totalUnitsHealed": 1,
      "assists": 10,
      "item0": 3301,
      "item1": 3089,
      "item2": 3025,
      "item3": 3117,
      "item6": 3340,
      "sightWardsBought": 1,
      "magicDamageDealtToChampions": 9814,
      "physicalDamageDealtToChampions": 3755,
      "totalDamageDealtToChampions": 14256,
      "trueDamageDealtPlayer": 686,
      "trueDamageDealtToChampions": 686,
      "trueDamageTaken": 1457,
      "wardPlaced": 7,
      "totalTimeCrowdControlDealt": 109
    }
  },
  "38441403": {
    "gameId": 818168722,
    "invalid": false,
    "gameMode": "CLASSIC",
    "gameType": "MATCHED_GAME",
    "subType": "RANKED_SOLO_5x5",
    "mapId": 1,
    "teamId": 200,
    "championId": 7,
    "spell1": 4,
    "spell2": 14,
    "level": 30,
    "ipEarned": 60,
    "createDate": 1398242752341,
    "fellowPlayers": [
      {
        "summonerId": 31603169,
        "teamId": 200,
        "championId": 62
      },
      {
        "summonerId": 32666140,
        "teamId": 200,
        "championId": 56
      },
      {
        "summonerId": 43474286,
        "teamId": 100,
        "championId": 37
      },
      {
        "summonerId": 29094561,
        "teamId": 100,
        "championId": 19
      },
      {
        "summonerId": 21607943,
        "teamId": 100,
        "championId": 29
      },
      {
        "summonerId": 42349738,
        "teamId": 100,
        "championId": 105
      },
      {
        "summonerId": 21814735,
        "teamId": 100,
        "championId": 64
      },
      {
        "summonerId": 31805278,
        "teamId": 200,
        "championId": 53
      },
      {
        "summonerId": 21166472,
        "teamId": 200,
        "championId": 236
      }
    ],
    "stats": {
      "level": 17,
      "goldEarned": 15086,
      "numDeaths": 7,
      "turretsKilled": 1,
      "minionsKilled": 133,
      "championsKilled": 22,
      "goldSpent": 14280,
      "totalDamageDealt": 92752,
      "totalDamageTaken": 19301,
      "doubleKills": 2,
      "killingSprees": 5,
      "largestKillingSpree": 9,
      "team": 200,
      "win": false,
      "neutralMinionsKilled": 5,
      "largestMultiKill": 2,
      "physicalDamageDealtPlayer": 20752,
      "magicDamageDealtPlayer": 69777,
      "physicalDamageTaken": 6822,
      "magicDamageTaken": 11516,
      "timePlayed": 1887,
      "totalHeal": 935,
      "totalUnitsHealed": 1,
      "assists": 5,
      "item0": 1056,
      "item1": 3157,
      "item2": 3128,
      "item3": 3255,
      "item4": 3089,
      "item5": 3135,
      "item6": 3340,
      "magicDamageDealtToChampions": 35461,
      "physicalDamageDealtToChampions": 1966,
      "totalDamageDealtToChampions": 38569,
      "trueDamageDealtPlayer": 2222,
      "trueDamageDealtToChampions": 1142,
      "trueDamageTaken": 962,
      "wardPlaced": 3,
      "neutralMinionsKilledYourJungle": 5,
      "totalTimeCrowdControlDealt": 305
    }
  },
  "21814735": {
    "gameId": 818168722,
    "invalid": false,
    "gameMode": "CLASSIC",
    "gameType": "MATCHED_GAME",
    "subType": "RANKED_SOLO_5x5",
    "mapId": 1,
    "teamId": 100,
    "championId": 64,
    "spell1": 11,
    "spell2": 4,
    "level": 30,
    "ipEarned": 89,
    "createDate": 1398242752332,
    "fellowPlayers": [
      {
        "summonerId": 31603169,
        "teamId": 200,
        "championId": 62
      },
      {
        "summonerId": 32666140,
        "teamId": 200,
        "championId": 56
      },
      {
        "summonerId": 43474286,
        "teamId": 100,
        "championId": 37
      },
      {
        "summonerId": 29094561,
        "teamId": 100,
        "championId": 19
      },
      {
        "summonerId": 38441403,
        "teamId": 200,
        "championId": 7
      },
      {
        "summonerId": 21607943,
        "teamId": 100,
        "championId": 29
      },
      {
        "summonerId": 42349738,
        "teamId": 100,
        "championId": 105
      },
      {
        "summonerId": 31805278,
        "teamId": 200,
        "championId": 53
      },
      {
        "summonerId": 21166472,
        "teamId": 200,
        "championId": 236
      }
    ],
    "stats": {
      "level": 16,
      "goldEarned": 11289,
      "numDeaths": 7,
      "turretsKilled": 1,
      "minionsKilled": 27,
      "championsKilled": 6,
      "goldSpent": 10555,
      "totalDamageDealt": 111157,
      "totalDamageTaken": 30450,
      "killingSprees": 1,
      "largestKillingSpree": 3,
      "team": 100,
      "win": true,
      "neutralMinionsKilled": 69,
      "largestMultiKill": 1,
      "physicalDamageDealtPlayer": 75441,
      "magicDamageDealtPlayer": 26605,
      "physicalDamageTaken": 19551,
      "magicDamageTaken": 10183,
      "timePlayed": 1887,
      "totalHeal": 5341,
      "totalUnitsHealed": 1,
      "assists": 11,
      "item0": 3207,
      "item1": 3072,
      "item2": 3265,
      "item3": 3211,
      "item4": 3057,
      "item6": 3340,
      "magicDamageDealtToChampions": 3436,
      "physicalDamageDealtToChampions": 6224,
      "totalDamageDealtToChampions": 10398,
      "trueDamageDealtPlayer": 9110,
      "trueDamageDealtToChampions": 738,
      "trueDamageTaken": 716,
      "wardPlaced": 4,
      "neutralMinionsKilledEnemyJungle": 9,
      "neutralMinionsKilledYourJungle": 60,
      "totalTimeCrowdControlDealt": 814
    }
  }
}