{
  "36585675": {
    "gameId": 818161383,
    "invalid": false,
    "gameMode": "CLASSIC",
    "gameType": "MATCHED_GAME",
    "subType": "RANKED_SOLO_5x5",
    "mapId": 1,
    "teamId": 200,
    "championId": 58,
    "spell1": 4,
    "spell2": 14,
    "level": 30,
    "ipEarned": 65,
    "createDate": 1398243328171,
    "fellowPlayers": [
      {
        "summonerId": 29184969,
        "teamId": 100,
        "championId": 10
      },
      {
        "summonerId": 30438283,
        "teamId": 100,
        "championId": 84
      },
      {
        "summonerId": 34458097,
        "teamId": 200,
        "championId": 121
      },
      {
        "summonerId": 35822725,
        "teamId": 200,
        "championId": 117
      },
      {
        "summonerId": 19155015,
        "teamId": 200,
        "championId": 63
      },
      {
        "summonerId": 25012961,
        "teamId": 200,
        "championId": 236
      },
      {
        "summonerId": 25571099,
        "teamId": 100,
        "championId": 64
      },
      {
        "summonerId": 34315999,
        "teamId": 100,
        "championId": 1
      },
      {
        "summonerId": 21319426,
        "teamId": 100,
        "championId": 110
      }
    ],
    "stats": {
      "level": 14,
      "goldEarned": 9540,
      "numDeaths": 7,
      "minionsKilled": 130,
      "championsKilled": 4,
      "goldSpent": 8845,
      "totalDamageDealt": 92654,
      "totalDamageTaken": 32714,
      "doubleKills": 1,
      "killingSprees": 1,
      "largestKillingSpree": 2,
      "team": 200,
      "win": false,
      "neutralMinionsKilled": 25,
      "largestMultiKill": 2,
      "physicalDamageDealtPlayer": 86971,
      "magicDamageDealtPlayer": 4368,
      "physicalDamageTaken": 20169,
      "magicDamageTaken": 10746,
      "timePlayed": 2156,
      "totalHeal": 4649,
      "totalUnitsHealed": 1,
      "assists": 4,
      "item0": 3077,
      "item1": 1054,
      "item2": 3265,
      "item3": 1053,
      "item4": 3065,
      "item5": 1011,
      "item6": 3340,
      "magicDamageDealtToChampions": 1959,
      "physicalDamageDealtToChampions": 6554,
      "totalDamageDealtToChampions": 8899,
      "trueDamageDealtPlayer": 1314,
      "trueDamageDealtToChampions": 386,
      "trueDamageTaken": 1799,
      "wardPlaced": 13,
      "neutralMinionsKilledEnemyJungle": 7,
      "neutralMinionsKilledYourJungle": 18,
      "totalTimeCrowdControlDealt": 156
    }
  },
  "summonerCount": 10,
  "25571099": {
    "gameId": 818161383,
    "invalid": false,
    "gameMode": "CLASSIC",
    "gameType": "MATCHED_GAME",
    "subType": "RANKED_SOLO_5x5",
    "mapId": 1,
    "teamId": 100,
    "championId": 64,
    "spell1": 11,
    "spell2": 4,
    "level": 30,
    "ipEarned": 99,
    "createDate": 1398243328167,
    "fellowPlayers": [
      {
        "summonerId": 29184969,
        "teamId": 100,
        "championId": 10
      },
      {
        "summonerId": 30438283,
        "teamId": 100,
        "championId": 84
      },
      {
        "summonerId": 34458097,
        "teamId": 200,
        "championId": 121
      },
      {
        "summonerId": 35822725,
        "teamId": 200,
        "championId": 117
      },
      {
        "summonerId": 19155015,
        "teamId": 200,
        "championId": 63
      },
      {
        "summonerId": 25012961,
        "teamId": 200,
        "championId": 236
      },
      {
        "summonerId": 34315999,
        "teamId": 100,
        "championId": 1
      },
      {
        "summonerId": 36585675,
        "teamId": 200,
        "championId": 58
      },
      {
        "summonerId": 21319426,
        "teamId": 100,
        "championId": 110
      }
    ],
    "stats": {
      "level": 16,
      "goldEarned": 11827,
      "numDeaths": 4,
      "minionsKilled": 34,
      "championsKilled": 4,
      "goldSpent": 9980,
      "totalDamageDealt": 109620,
      "totalDamageTaken": 28208,
      "doubleKills": 1,
      "tripleKills": 1,
      "killingSprees": 1,
      "largestKillingSpree": 4,
      "team": 100,
      "win": true,
      "neutralMinionsKilled": 65,
      "largestMultiKill": 3,
      "physicalDamageDealtPlayer": 64466,
      "magicDamageDealtPlayer": 26936,
      "physicalDamageTaken": 16624,
      "magicDamageTaken": 9775,
      "timePlayed": 2156,
      "totalHeal": 3127,
      "totalUnitsHealed": 1,
      "assists": 14,
      "item0": 3209,
      "item1": 3143,
      "item2": 3044,
      "item3": 3274,
      "item4": 1011,
      "item5": 1053,
      "item6": 3340,
      "sightWardsBought": 4,
      "magicDamageDealtToChampions": 2272,
      "physicalDamageDealtToChampions": 8052,
      "totalDamageDealtToChampions": 11909,
      "trueDamageDealtPlayer": 18217,
      "trueDamageDealtToChampions": 1583,
      "trueDamageTaken": 1807,
      "wardPlaced": 15,
      "neutralMinionsKilledEnemyJungle": 1,
      "neutralMinionsKilledYourJungle": 64,
      "totalTimeCrowdControlDealt": 1052
    }
  },
  "25012961": {
    "gameId": 818161383,
    "invalid": false,
    "gameMode": "CLASSIC",
    "gameType": "MATCHED_GAME",
    "subType": "RANKED_SOLO_5x5",
    "mapId": 1,
    "teamId": 200,
    "championId": 236,
    "spell1": 21,
    "spell2": 4,
    "level": 30,
    "ipEarned": 65,
    "createDate": 1398243328169,
    "fellowPlayers": [
      {
        "summonerId": 29184969,
        "teamId": 100,
        "championId": 10
      },
      {
        "summonerId": 30438283,
        "teamId": 100,
        "championId": 84
      },
      {
        "summonerId": 34458097,
        "teamId": 200,
        "championId": 121
      },
      {
        "summonerId": 35822725,
        "teamId": 200,
        "championId": 117
      },
      {
        "summonerId": 19155015,
        "teamId": 200,
        "championId": 63
      },
      {
        "summonerId": 25571099,
        "teamId": 100,
        "championId": 64
      },
      {
        "summonerId": 34315999,
        "teamId": 100,
        "championId": 1
      },
      {
        "summonerId": 36585675,
        "teamId": 200,
        "championId": 58
      },
      {
        "summonerId": 21319426,
        "teamId": 100,
        "championId": 110
      }
    ],
    "stats": {
      "level": 14,
      "goldEarned": 9734,
      "numDeaths": 7,
      "minionsKilled": 183,
      "championsKilled": 1,
      "goldSpent": 9615,
      "totalDamageDealt": 127998,
      "totalDamageTaken": 24360,
      "team": 200,
      "win": false,
      "neutralMinionsKilled": 20,
      "largestMultiKill": 1,
      "physicalDamageDealtPlayer": 119256,
      "magicDamageDealtPlayer": 8742,
      "physicalDamageTaken": 11682,
      "magicDamageTaken": 12081,
      "largestCriticalStrike": 444,
      "timePlayed": 2156,
      "totalHeal": 1550,
      "totalUnitsHealed": 1,
      "assists": 4,
      "item0": 3078,
      "item1": 3006,
      "item2": 3153,
      "item4": 3134,
      "item6": 3340,
      "magicDamageDealtToChampions": 1342,
      "physicalDamageDealtToChampions": 10576,
      "totalDamageDealtToChampions": 11918,
      "trueDamageTaken": 596,
      "wardPlaced": 6,
      "neutralMinionsKilledEnemyJungle": 5,
      "neutralMinionsKilledYourJungle": 15,
      "totalTimeCrowdControlDealt": 6
    }
  },
  "19155015": {
    "gameId": 818161383,
    "invalid": false,
    "gameMode": "CLASSIC",
    "gameType": "MATCHED_GAME",
    "subType": "RANKED_SOLO_5x5",
    "mapId": 1,
    "teamId": 200,
    "championId": 63,
    "spell1": 4,
    "spell2": 14,
    "level": 30,
    "ipEarned": 65,
    "createDate": 1398243328170,
    "fellowPlayers": [
      {
        "summonerId": 29184969,
        "teamId": 100,
        "championId": 10
      },
      {
        "summonerId": 30438283,
        "teamId": 100,
        "championId": 84
      },
      {
        "summonerId": 34458097,
        "teamId": 200,
        "championId": 121
      },
      {
        "summonerId": 35822725,
        "teamId": 200,
        "championId": 117
      },
      {
        "summonerId": 25012961,
        "teamId": 200,
        "championId": 236
      },
      {
        "summonerId": 25571099,
        "teamId": 100,
        "championId": 64
      },
      {
        "summonerId": 34315999,
        "teamId": 100,
        "championId": 1
      },
      {
        "summonerId": 36585675,
        "teamId": 200,
        "championId": 58
      },
      {
        "summonerId": 21319426,
        "teamId": 100,
        "championId": 110
      }
    ],
    "stats": {
      "level": 15,
      "goldEarned": 11106,
      "numDeaths": 4,
      "turretsKilled": 1,
      "minionsKilled": 192,
      "championsKilled": 5,
      "goldSpent": 10550,
      "totalDamageDealt": 127272,
      "totalDamageTaken": 18791,
      "doubleKills": 1,
      "killingSprees": 1,
      "largestKillingSpree": 3,
      "team": 200,
      "win": false,
      "neutralMinionsKilled": 4,
      "largestMultiKill": 2,
      "physicalDamageDealtPlayer": 16797,
      "magicDamageDealtPlayer": 109676,
      "physicalDamageTaken": 10298,
      "magicDamageTaken": 7511,
      "timePlayed": 2156,
      "totalHeal": 1637,
      "totalUnitsHealed": 1,
      "assists": 4,
      "item0": 1058,
      "item1": 3151,
      "item2": 3174,
      "item3": 3255,
      "item4": 3191,
      "item5": 1056,
      "item6": 3340,
      "magicDamageDealtToChampions": 23832,
      "physicalDamageDealtToChampions": 968,
      "totalDamageDealtToChampions": 25600,
      "trueDamageDealtPlayer": 798,
      "trueDamageDealtToChampions": 798,
      "trueDamageTaken": 982,
      "wardPlaced": 5,
      "neutralMinionsKilledYourJungle": 4,
      "totalTimeCrowdControlDealt": 44
    }
  },
  "30438283": {
    "gameId": 818161383,
    "invalid": false,
    "gameMode": "CLASSIC",
    "gameType": "MATCHED_GAME",
    "subType": "RANKED_SOLO_5x5",
    "mapId": 1,
    "teamId": 100,
    "championId": 84,
    "spell1": 4,
    "spell2": 14,
    "level": 30,
    "ipEarned": 249,
    "createDate": 1398243328163,
    "fellowPlayers": [
      {
        "summonerId": 29184969,
        "teamId": 100,
        "championId": 10
      },
      {
        "summonerId": 34458097,
        "teamId": 200,
        "championId": 121
      },
      {
        "summonerId": 35822725,
        "teamId": 200,
        "championId": 117
      },
      {
        "summonerId": 19155015,
        "teamId": 200,
        "championId": 63
      },
      {
        "summonerId": 25012961,
        "teamId": 200,
        "championId": 236
      },
      {
        "summonerId": 25571099,
        "teamId": 100,
        "championId": 64
      },
      {
        "summonerId": 34315999,
        "teamId": 100,
        "championId": 1
      },
      {
        "summonerId": 36585675,
        "teamId": 200,
        "championId": 58
      },
      {
        "summonerId": 21319426,
        "teamId": 100,
        "championId": 110
      }
    ],
    "stats": {
      "level": 17,
      "goldEarned": 15858,
      "numDeaths": 3,
      "barracksKilled": 1,
      "minionsKilled": 186,
      "championsKilled": 17,
      "goldSpent": 12070,
      "totalDamageDealt": 120191,
      "totalDamageTaken": 24188,
      "doubleKills": 4,
      "tripleKills": 1,
      "killingSprees": 3,
      "largestKillingSpree": 9,
      "team": 100,
      "win": true,
      "neutralMinionsKilled": 12,
      "largestMultiKill": 3,
      "physicalDamageDealtPlayer": 68311,
      "magicDamageDealtPlayer": 49903,
      "physicalDamageTaken": 13186,
      "magicDamageTaken": 10026,
      "timePlayed": 2156,
      "assists": 11,
      "item0": 3146,
      "item1": 3157,
      "item2": 3001,
      "item3": 3020,
      "item4": 1011,
      "item5": 1052,
      "item6": 3340,
      "magicDamageDealtToChampions": 17883,
      "physicalDamageDealtToChampions": 5953,
      "totalDamageDealtToChampions": 24963,
      "trueDamageDealtPlayer": 1976,
      "trueDamageDealtToChampions": 1126,
      "trueDamageTaken": 975,
      "wardPlaced": 7,
      "neutralMinionsKilledEnemyJungle": 4,
      "neutralMinionsKilledYourJungle": 8,
      "totalTimeCrowdControlDealt": 613
    }
  },
  "34458097": {
    "gameId": 818161383,
    "invalid": false,
    "gameMode": "CLASSIC",
    "gameType": "MATCHED_GAME",
    "subType": "RANKED_SOLO_5x5",
    "mapId": 1,
    "teamId": 200,
    "championId": 121,
    "spell1": 11,
    "spell2": 4,
    "level": 30,
    "ipEarned": 65,
    "createDate": 1398243328168,
    "fellowPlayers": [
      {
        "summonerId": 29184969,
        "teamId": 100,
        "championId": 10
      },
      {
        "summonerId": 30438283,
        "teamId": 100,
        "championId": 84
      },
      {
        "summonerId": 35822725,
        "teamId": 200,
        "championId": 117
      },
      {
        "summonerId": 19155015,
        "teamId": 200,
        "championId": 63
      },
      {
        "summonerId": 25012961,
        "teamId": 200,
        "championId": 236
      },
      {
        "summonerId": 25571099,
        "teamId": 100,
        "championId": 64
      },
      {
        "summonerId": 34315999,
        "teamId": 100,
        "championId": 1
      },
      {
        "summonerId": 36585675,
        "teamId": 200,
        "championId": 58
      },
      {
        "summonerId": 21319426,
        "teamId": 100,
        "championId": 110
      }
    ],
    "stats": {
      "level": 15,
      "goldEarned": 10471,
      "numDeaths": 7,
      "turretsKilled": 1,
      "minionsKilled": 11,
      "championsKilled": 8,
      "goldSpent": 9890,
      "totalDamageDealt": 110783,
      "totalDamageTaken": 26891,
      "doubleKills": 2,
      "killingSprees": 2,
      "largestKillingSpree": 6,
      "team": 200,
      "win": false,
      "neutralMinionsKilled": 72,
      "largestMultiKill": 2,
      "physicalDamageDealtPlayer": 93193,
      "magicDamageDealtPlayer": 2108,
      "physicalDamageTaken": 17395,
      "magicDamageTaken": 8613,
      "timePlayed": 2156,
      "totalHeal": 5595,
      "totalUnitsHealed": 1,
      "assists": 7,
      "item2": 3074,
      "item3": 3035,
      "item4": 3275,
      "item5": 3209,
      "item6": 3340,
      "sightWardsBought": 2,
      "magicDamageDealtToChampions": 1547,
      "physicalDamageDealtToChampions": 15384,
      "totalDamageDealtToChampions": 18929,
      "trueDamageDealtPlayer": 15481,
      "trueDamageDealtToChampions": 1996,
      "trueDamageTaken": 882,
      "wardPlaced": 13,
      "neutralMinionsKilledEnemyJungle": 4,
      "neutralMinionsKilledYourJungle": 68,
      "totalTimeCrowdControlDealt": 536
    }
  },
  "35822725": {
    "gameId": 818161383,
    "invalid": false,
    "gameMode": "CLASSIC",
    "gameType": "MATCHED_GAME",
    "subType": "RANKED_SOLO_5x5",
    "mapId": 1,
    "teamId": 200,
    "championId": 117,
    "spell1": 3,
    "spell2": 4,
    "level": 30,
    "ipEarned": 65,
    "createDate": 1398243328172,
    "fellowPlayers": [
      {
        "summonerId": 29184969,
        "teamId": 100,
        "championId": 10
      },
      {
        "summonerId": 30438283,
        "teamId": 100,
        "championId": 84
      },
      {
        "summonerId": 34458097,
        "teamId": 200,
        "championId": 121
      },
      {
        "summonerId": 19155015,
        "teamId": 200,
        "championId": 63
      },
      {
        "summonerId": 25012961,
        "teamId": 200,
        "championId": 236
      },
      {
        "summonerId": 25571099,
        "teamId": 100,
        "championId": 64
      },
      {
        "summonerId": 34315999,
        "teamId": 100,
        "championId": 1
      },
      {
        "summonerId": 36585675,
        "teamId": 200,
        "championId": 58
      },
      {
        "summonerId": 21319426,
        "teamId": 100,
        "championId": 110
      }
    ],
    "stats": {
      "level": 13,
      "goldEarned": 8571,
      "numDeaths": 6,
      "turretsKilled": 1,
      "minionsKilled": 20,
      "championsKilled": 1,
      "goldSpent": 8165,
      "totalDamageDealt": 19704,
      "totalDamageTaken": 16645,
      "team": 200,
      "win": false,
      "largestMultiKill": 1,
      "physicalDamageDealtPlayer": 4495,
      "magicDamageDealtPlayer": 15208,
      "physicalDamageTaken": 6178,
      "magicDamageTaken": 9872,
      "timePlayed": 2156,
      "totalHeal": 80,
      "totalUnitsHealed": 1,
      "assists": 9,
      "item0": 3092,
      "item1": 3143,
      "item2": 2049,
      "item3": 3047,
      "item4": 2010,
      "item5": 3028,
      "item6": 3340,
      "sightWardsBought": 1,
      "magicDamageDealtToChampions": 5642,
      "physicalDamageDealtToChampions": 1322,
      "totalDamageDealtToChampions": 6965,
      "trueDamageTaken": 594,
      "wardPlaced": 17,
      "totalTimeCrowdControlDealt": 326
    }
  },
  "21319426": {
    "gameId": 818161383,
    "invalid": false,
    "gameMode": "CLASSIC",
    "gameType": "MATCHED_GAME",
    "subType": "RANKED_SOLO_5x5",
    "mapId": 1,
    "teamId": 100,
    "championId": 110,
    "spell1": 21,
    "spell2": 4,
    "level": 30,
    "ipEarned": 99,
    "createDate": 1398243328166,
    "fellowPlayers": [
      {
        "summonerId": 29184969,
        "teamId": 100,
        "championId": 10
      },
      {
        "summonerId": 30438283,
        "teamId": 100,
        "championId": 84
      },
      {
        "summonerId": 34458097,
        "teamId": 200,
        "championId": 121
      },
      {
        "summonerId": 35822725,
        "teamId": 200,
        "championId": 117
      },
      {
        "summonerId": 19155015,
        "teamId": 200,
        "championId": 63
      },
      {
        "summonerId": 25012961,
        "teamId": 200,
        "championId": 236
      },
      {
        "summonerId": 25571099,
        "teamId": 100,
        "championId": 64
      },
      {
        "summonerId": 34315999,
        "teamId": 100,
        "championId": 1
      },
      {
        "summonerId": 36585675,
        "teamId": 200,
        "championId": 58
      }
    ],
    "stats": {
      "level": 16,
      "goldEarned": 12560,
      "numDeaths": 4,
      "turretsKilled": 4,
      "minionsKilled": 175,
      "championsKilled": 5,
      "goldSpent": 11945,
      "totalDamageDealt": 134447,
      "totalDamageTaken": 15359,
      "killingSprees": 1,
      "largestKillingSpree": 5,
      "team": 100,
      "win": true,
      "neutralMinionsKilled": 10,
      "largestMultiKill": 1,
      "physicalDamageDealtPlayer": 116548,
      "magicDamageDealtPlayer": 17281,
      "physicalDamageTaken": 11063,
      "magicDamageTaken": 3919,
      "largestCriticalStrike": 589,
      "timePlayed": 2156,
      "assists": 10,
      "item0": 3072,
      "item1": 3006,
      "item2": 3087,
      "item3": 3031,
      "item4": 1031,
      "item5": 1057,
      "item6": 3340,
      "magicDamageDealtToChampions": 3054,
      "physicalDamageDealtToChampions": 16291,
      "totalDamageDealtToChampions": 19770,
      "trueDamageDealtPlayer": 618,
      "trueDamageDealtToChampions": 424,
      "trueDamageTaken": 376,
      "wardPlaced": 9,
      "neutralMinionsKilledEnemyJungle": 7,
      "neutralMinionsKilledYourJungle": 3,
      "totalTimeCrowdControlDealt": 342
    }
  },
  "29184969": {
    "gameId": 818161383,
    "invalid": false,
    "gameMode": "CLASSIC",
    "gameType": "MATCHED_GAME",
    "subType": "RANKED_SOLO_5x5",
    "mapId": 1,
    "teamId": 100,
    "championId": 10,
    "spell1": 14,
    "spell2": 4,
    "level": 30,
    "ipEarned": 99,
    "createDate": 1398243328162,
    "fellowPlayers": [
      {
        "summonerId": 30438283,
        "teamId": 100,
        "championId": 84
      },
      {
        "summonerId": 34458097,
        "teamId": 200,
        "championId": 121
      },
      {
        "summonerId": 35822725,
        "teamId": 200,
        "championId": 117
      },
      {
        "summonerId": 19155015,
        "teamId": 200,
        "championId": 63
      },
      {
        "summonerId": 25012961,
        "teamId": 200,
        "championId": 236
      },
      {
        "summonerId": 25571099,
        "teamId": 100,
        "championId": 64
      },
      {
        "summonerId": 34315999,
        "teamId": 100,
        "championId": 1
      },
      {
        "summonerId": 36585675,
        "teamId": 200,
        "championId": 58
      },
      {
        "summonerId": 21319426,
        "teamId": 100,
        "championId": 110
      }
    ],
    "stats": {
      "level": 17,
      "goldEarned": 13755,
      "numDeaths": 3,
      "turretsKilled": 4,
      "minionsKilled": 204,
      "championsKilled": 5,
      "goldSpent": 11830,
      "totalDamageDealt": 159016,
      "totalDamageTaken": 20230,
      "killingSprees": 2,
      "largestKillingSpree": 2,
      "team": 100,
      "win": true,
      "neutralMinionsKilled": 9,
      "largestMultiKill": 1,
      "physicalDamageDealtPlayer": 51119,
      "magicDamageDealtPlayer": 106899,
      "physicalDamageTaken": 14124,
      "magicDamageTaken": 5854,
      "timePlayed": 2156,
      "totalHeal": 5630,
      "totalUnitsHealed": 2,
      "assists": 12,
      "item0": 3115,
      "item1": 3124,
      "item2": 3089,
      "item3": 1031,
      "item4": 1057,
      "item5": 3020,
      "item6": 3340,
      "magicDamageDealtToChampions": 16358,
      "physicalDamageDealtToChampions": 4828,
      "totalDamageDealtToChampions": 22184,
      "trueDamageDealtPlayer": 998,
      "trueDamageDealtToChampions": 998,
      "trueDamageTaken": 250,
      "wardPlaced": 11,
      "neutralMinionsKilledEnemyJungle": 5,
      "neutralMinionsKilledYourJungle": 4,
      "totalTimeCrowdControlDealt": 105
    }
  },
  "36585675": {
    "gameId": 818161383,
    "invalid": false,
    "gameMode": "CLASSIC",
    "gameType": "MATCHED_GAME",
    "subType": "RANKED_SOLO_5x5",
    "mapId": 1,
    "teamId": 200,
    "championId": 58,
    "spell1": 4,
    "spell2": 14,
    "level": 30,
    "ipEarned": 65,
    "createDate": 1398243328171,
    "fellowPlayers": [
      {
        "summonerId": 29184969,
        "teamId": 100,
        "championId": 10
      },
      {
        "summonerId": 30438283,
        "teamId": 100,
        "championId": 84
      },
      {
        "summonerId": 34458097,
        "teamId": 200,
        "championId": 121
      },
      {
        "summonerId": 35822725,
        "teamId": 200,
        "championId": 117
      },
      {
        "summonerId": 19155015,
        "teamId": 200,
        "championId": 63
      },
      {
        "summonerId": 25012961,
        "teamId": 200,
        "championId": 236
      },
      {
        "summonerId": 25571099,
        "teamId": 100,
        "championId": 64
      },
      {
        "summonerId": 34315999,
        "teamId": 100,
        "championId": 1
      },
      {
        "summonerId": 21319426,
        "teamId": 100,
        "championId": 110
      }
    ],
    "stats": {
      "level": 14,
      "goldEarned": 9540,
      "numDeaths": 7,
      "minionsKilled": 130,
      "championsKilled": 4,
      "goldSpent": 8845,
      "totalDamageDealt": 92654,
      "totalDamageTaken": 32714,
      "doubleKills": 1,
      "killingSprees": 1,
      "largestKillingSpree": 2,
      "team": 200,
      "win": false,
      "neutralMinionsKilled": 25,
      "largestMultiKill": 2,
      "physicalDamageDealtPlayer": 86971,
      "magicDamageDealtPlayer": 4368,
      "physicalDamageTaken": 20169,
      "magicDamageTaken": 10746,
      "timePlayed": 2156,
      "totalHeal": 4649,
      "totalUnitsHealed": 1,
      "assists": 4,
      "item0": 3077,
      "item1": 1054,
      "item2": 3265,
      "item3": 1053,
      "item4": 3065,
      "item5": 1011,
      "item6": 3340,
      "magicDamageDealtToChampions": 1959,
      "physicalDamageDealtToChampions": 6554,
      "totalDamageDealtToChampions": 8899,
      "trueDamageDealtPlayer": 1314,
      "trueDamageDealtToChampions": 386,
      "trueDamageTaken": 1799,
      "wardPlaced": 13,
      "neutralMinionsKilledEnemyJungle": 7,
      "neutralMinionsKilledYourJungle": 18,
      "totalTimeCrowdControlDealt": 156
    }
  }
}