{
  "24696923": {
    "gameId": 818169085,
    "invalid": false,
    "gameMode": "CLASSIC",
    "gameType": "MATCHED_GAME",
    "subType": "RANKED_SOLO_5x5",
    "mapId": 1,
    "teamId": 200,
    "championId": 29,
    "spell1": 4,
    "spell2": 7,
    "level": 30,
    "ipEarned": 76,
    "createDate": 1398242272220,
    "fellowPlayers": [
      {
        "summonerId": 35005162,
        "teamId": 200,
        "championId": 84
      },
      {
        "summonerId": 36080344,
        "teamId": 100,
        "championId": 11
      },
      {
        "summonerId": 39498540,
        "teamId": 200,
        "championId": 25
      },
      {
        "summonerId": 40989574,
        "teamId": 100,
        "championId": 51
      },
      {
        "summonerId": 19976487,
        "teamId": 200,
        "championId": 62
      },
      {
        "summonerId": 27779887,
        "teamId": 100,
        "championId": 114
      },
      {
        "summonerId": 34447200,
        "teamId": 100,
        "championId": 98
      },
      {
        "summonerId": 40898034,
        "teamId": 200,
        "championId": 80
      },
      {
        "summonerId": 38994794,
        "teamId": 100,
        "championId": 9
      }
    ],
    "stats": {
      "level": 11,
      "goldEarned": 7855,
      "numDeaths": 7,
      "minionsKilled": 101,
      "championsKilled": 8,
      "goldSpent": 7575,
      "totalDamageDealt": 54519,
      "totalDamageTaken": 15068,
      "killingSprees": 2,
      "largestKillingSpree": 3,
      "team": 200,
      "win": true,
      "neutralMinionsKilled": 3,
      "largestMultiKill": 1,
      "physicalDamageDealtPlayer": 48644,
      "magicDamageDealtPlayer": 74,
      "physicalDamageTaken": 13082,
      "magicDamageTaken": 1797,
      "largestCriticalStrike": 365,
      "timePlayed": 1219,
      "totalHeal": 2801,
      "totalUnitsHealed": 2,
      "assists": 4,
      "item0": 1055,
      "item1": 1038,
      "item2": 3153,
      "item3": 1055,
      "item4": 1018,
      "item5": 3006,
      "item6": 3340,
      "magicDamageDealtToChampions": 74,
      "physicalDamageDealtToChampions": 12899,
      "totalDamageDealtToChampions": 16392,
      "trueDamageDealtPlayer": 5800,
      "trueDamageDealtToChampions": 3418,
      "trueDamageTaken": 189,
      "wardPlaced": 1,
      "neutralMinionsKilledEnemyJungle": 3,
      "totalTimeCrowdControlDealt": 353
    }
  },
  "summonerCount": 10,
  "34447200": {
    "gameId": 818169085,
    "invalid": false,
    "gameMode": "CLASSIC",
    "gameType": "MATCHED_GAME",
    "subType": "RANKED_SOLO_5x5",
    "mapId": 1,
    "teamId": 100,
    "championId": 98,
    "spell1": 4,
    "spell2": 7,
    "level": 30,
    "ipEarned": 51,
    "createDate": 1398242272212,
    "fellowPlayers": [
      {
        "summonerId": 35005162,
        "teamId": 200,
        "championId": 84
      },
      {
        "summonerId": 36080344,
        "teamId": 100,
        "championId": 11
      },
      {
        "summonerId": 39498540,
        "teamId": 200,
        "championId": 25
      },
      {
        "summonerId": 40989574,
        "teamId": 100,
        "championId": 51
      },
      {
        "summonerId": 24696923,
        "teamId": 200,
        "championId": 29
      },
      {
        "summonerId": 19976487,
        "teamId": 200,
        "championId": 62
      },
      {
        "summonerId": 27779887,
        "teamId": 100,
        "championId": 114
      },
      {
        "summonerId": 40898034,
        "teamId": 200,
        "championId": 80
      },
      {
        "summonerId": 38994794,
        "teamId": 100,
        "championId": 9
      }
    ],
    "stats": {
      "level": 8,
      "goldEarned": 3199,
      "numDeaths": 5,
      "minionsKilled": 6,
      "goldSpent": 2795,
      "totalDamageDealt": 5208,
      "totalDamageTaken": 11655,
      "team": 100,
      "win": false,
      "physicalDamageDealtPlayer": 3151,
      "magicDamageDealtPlayer": 2056,
      "physicalDamageTaken": 6720,
      "magicDamageTaken": 3634,
      "timePlayed": 1219,
      "totalHeal": 708,
      "totalUnitsHealed": 2,
      "assists": 3,
      "item0": 2045,
      "item1": 1001,
      "item2": 1033,
      "item6": 3340,
      "sightWardsBought": 3,
      "magicDamageDealtToChampions": 1485,
      "physicalDamageDealtToChampions": 1238,
      "totalDamageDealtToChampions": 2723,
      "trueDamageTaken": 1300,
      "wardPlaced": 9,
      "totalTimeCrowdControlDealt": 8
    }
  },
  "40898034": {
    "gameId": 818169085,
    "invalid": false,
    "gameMode": "CLASSIC",
    "gameType": "MATCHED_GAME",
    "subType": "RANKED_SOLO_5x5",
    "mapId": 1,
    "teamId": 200,
    "championId": 80,
    "spell1": 21,
    "spell2": 14,
    "level": 30,
    "ipEarned": 226,
    "createDate": 1398242272217,
    "fellowPlayers": [
      {
        "summonerId": 35005162,
        "teamId": 200,
        "championId": 84
      },
      {
        "summonerId": 36080344,
        "teamId": 100,
        "championId": 11
      },
      {
        "summonerId": 39498540,
        "teamId": 200,
        "championId": 25
      },
      {
        "summonerId": 40989574,
        "teamId": 100,
        "championId": 51
      },
      {
        "summonerId": 24696923,
        "teamId": 200,
        "championId": 29
      },
      {
        "summonerId": 19976487,
        "teamId": 200,
        "championId": 62
      },
      {
        "summonerId": 27779887,
        "teamId": 100,
        "championId": 114
      },
      {
        "summonerId": 34447200,
        "teamId": 100,
        "championId": 98
      },
      {
        "summonerId": 38994794,
        "teamId": 100,
        "championId": 9
      }
    ],
    "stats": {
      "level": 14,
      "goldEarned": 8227,
      "numDeaths": 2,
      "turretsKilled": 2,
      "minionsKilled": 126,
      "championsKilled": 8,
      "goldSpent": 7240,
      "totalDamageDealt": 74382,
      "totalDamageTaken": 9975,
      "doubleKills": 1,
      "killingSprees": 3,
      "largestKillingSpree": 3,
      "team": 200,
      "win": true,
      "largestMultiKill": 2,
      "physicalDamageDealtPlayer": 70287,
      "magicDamageDealtPlayer": 2905,
      "physicalDamageTaken": 9487,
      "magicDamageTaken": 89,
      "largestCriticalStrike": 490,
      "timePlayed": 1219,
      "totalHeal": 414,
      "totalUnitsHealed": 1,
      "assists": 1,
      "item0": 3074,
      "item1": 1028,
      "item2": 2004,
      "item3": 1011,
      "item4": 3047,
      "item5": 1037,
      "item6": 3340,
      "magicDamageDealtToChampions": 546,
      "physicalDamageDealtToChampions": 10534,
      "totalDamageDealtToChampions": 11618,
      "trueDamageDealtPlayer": 1190,
      "trueDamageDealtToChampions": 538,
      "trueDamageTaken": 399,
      "wardPlaced": 5,
      "totalTimeCrowdControlDealt": 172
    }
  },
  "36080344": {
    "gameId": 818169085,
    "invalid": false,
    "gameMode": "CLASSIC",
    "gameType": "MATCHED_GAME",
    "subType": "RANKED_SOLO_5x5",
    "mapId": 1,
    "teamId": 100,
    "championId": 11,
    "spell1": 11,
    "spell2": 4,
    "level": 30,
    "ipEarned": 51,
    "createDate": 1398242272215,
    "fellowPlayers": [
      {
        "summonerId": 35005162,
        "teamId": 200,
        "championId": 84
      },
      {
        "summonerId": 39498540,
        "teamId": 200,
        "championId": 25
      },
      {
        "summonerId": 40989574,
        "teamId": 100,
        "championId": 51
      },
      {
        "summonerId": 24696923,
        "teamId": 200,
        "championId": 29
      },
      {
        "summonerId": 19976487,
        "teamId": 200,
        "championId": 62
      },
      {
        "summonerId": 27779887,
        "teamId": 100,
        "championId": 114
      },
      {
        "summonerId": 34447200,
        "teamId": 100,
        "championId": 98
      },
      {
        "summonerId": 40898034,
        "teamId": 200,
        "championId": 80
      },
      {
        "summonerId": 38994794,
        "teamId": 100,
        "championId": 9
      }
    ],
    "stats": {
      "level": 10,
      "goldEarned": 4798,
      "numDeaths": 9,
      "minionsKilled": 16,
      "championsKilled": 2,
      "goldSpent": 4605,
      "totalDamageDealt": 50671,
      "totalDamageTaken": 15350,
      "team": 100,
      "win": false,
      "neutralMinionsKilled": 36,
      "largestMultiKill": 1,
      "physicalDamageDealtPlayer": 41326,
      "magicDamageDealtPlayer": 2513,
      "physicalDamageTaken": 12119,
      "magicDamageTaken": 2746,
      "largestCriticalStrike": 543,
      "timePlayed": 1219,
      "totalHeal": 2440,
      "totalUnitsHealed": 1,
      "assists": 1,
      "item0": 1001,
      "item1": 3087,
      "item2": 3093,
      "item3": 1042,
      "item6": 3342,
      "magicDamageDealtToChampions": 457,
      "physicalDamageDealtToChampions": 4786,
      "totalDamageDealtToChampions": 6280,
      "trueDamageDealtPlayer": 6832,
      "trueDamageDealtToChampions": 1036,
      "trueDamageTaken": 484,
      "neutralMinionsKilledEnemyJungle": 2,
      "neutralMinionsKilledYourJungle": 34,
      "totalTimeCrowdControlDealt": 154
    }
  },
  "39498540": {
    "gameId": 818169085,
    "invalid": false,
    "gameMode": "CLASSIC",
    "gameType": "MATCHED_GAME",
    "subType": "RANKED_SOLO_5x5",
    "mapId": 1,
    "teamId": 200,
    "championId": 25,
    "spell1": 3,
    "spell2": 4,
    "level": 30,
    "ipEarned": 226,
    "createDate": 1398242272221,
    "fellowPlayers": [
      {
        "summonerId": 35005162,
        "teamId": 200,
        "championId": 84
      },
      {
        "summonerId": 36080344,
        "teamId": 100,
        "championId": 11
      },
      {
        "summonerId": 40989574,
        "teamId": 100,
        "championId": 51
      },
      {
        "summonerId": 24696923,
        "teamId": 200,
        "championId": 29
      },
      {
        "summonerId": 19976487,
        "teamId": 200,
        "championId": 62
      },
      {
        "summonerId": 27779887,
        "teamId": 100,
        "championId": 114
      },
      {
        "summonerId": 34447200,
        "teamId": 100,
        "championId": 98
      },
      {
        "summonerId": 40898034,
        "teamId": 200,
        "championId": 80
      },
      {
        "summonerId": 38994794,
        "teamId": 100,
        "championId": 9
      }
    ],
    "stats": {
      "level": 11,
      "goldEarned": 7046,
      "numDeaths": 3,
      "minionsKilled": 31,
      "championsKilled": 6,
      "goldSpent": 6665,
      "totalDamageDealt": 30583,
      "totalDamageTaken": 9760,
      "doubleKills": 1,
      "killingSprees": 1,
      "largestKillingSpree": 6,
      "team": 200,
      "win": true,
      "largestMultiKill": 2,
      "physicalDamageDealtPlayer": 5489,
      "magicDamageDealtPlayer": 25094,
      "physicalDamageTaken": 8029,
      "magicDamageTaken": 1438,
      "timePlayed": 1219,
      "totalHeal": 488,
      "totalUnitsHealed": 1,
      "assists": 7,
      "item0": 1056,
      "item1": 3157,
      "item2": 2003,
      "item3": 1026,
      "item4": 3096,
      "item5": 3020,
      "item6": 3340,
      "sightWardsBought": 1,
      "magicDamageDealtToChampions": 10189,
      "physicalDamageDealtToChampions": 2387,
      "totalDamageDealtToChampions": 12576,
      "trueDamageTaken": 293,
      "wardPlaced": 3,
      "totalTimeCrowdControlDealt": 92
    }
  },
  "27779887": {
    "gameId": 818169085,
    "invalid": false,
    "gameMode": "CLASSIC",
    "gameType": "MATCHED_GAME",
    "subType": "RANKED_SOLO_5x5",
    "mapId": 1,
    "teamId": 100,
    "championId": 114,
    "spell1": 4,
    "spell2": 21,
    "level": 30,
    "ipEarned": 51,
    "createDate": 1398242272211,
    "fellowPlayers": [
      {
        "summonerId": 35005162,
        "teamId": 200,
        "championId": 84
      },
      {
        "summonerId": 36080344,
        "teamId": 100,
        "championId": 11
      },
      {
        "summonerId": 39498540,
        "teamId": 200,
        "championId": 25
      },
      {
        "summonerId": 40989574,
        "teamId": 100,
        "championId": 51
      },
      {
        "summonerId": 24696923,
        "teamId": 200,
        "championId": 29
      },
      {
        "summonerId": 19976487,
        "teamId": 200,
        "championId": 62
      },
      {
        "summonerId": 34447200,
        "teamId": 100,
        "championId": 98
      },
      {
        "summonerId": 40898034,
        "teamId": 200,
        "championId": 80
      },
      {
        "summonerId": 38994794,
        "teamId": 100,
        "championId": 9
      }
    ],
    "stats": {
      "level": 11,
      "goldEarned": 5523,
      "numDeaths": 6,
      "minionsKilled": 50,
      "championsKilled": 4,
      "goldSpent": 5355,
      "totalDamageDealt": 32829,
      "totalDamageTaken": 14437,
      "killingSprees": 1,
      "largestKillingSpree": 2,
      "team": 100,
      "win": false,
      "neutralMinionsKilled": 3,
      "largestMultiKill": 1,
      "physicalDamageDealtPlayer": 32146,
      "magicDamageDealtPlayer": 240,
      "physicalDamageTaken": 11925,
      "magicDamageTaken": 2079,
      "timePlayed": 1219,
      "totalHeal": 954,
      "totalUnitsHealed": 1,
      "assists": 1,
      "item0": 1055,
      "item1": 3074,
      "item2": 1028,
      "item5": 3006,
      "item6": 3340,
      "magicDamageDealtToChampions": 177,
      "physicalDamageDealtToChampions": 5649,
      "totalDamageDealtToChampions": 6018,
      "trueDamageDealtPlayer": 442,
      "trueDamageDealtToChampions": 192,
      "trueDamageTaken": 432,
      "wardPlaced": 2,
      "neutralMinionsKilledYourJungle": 3,
      "totalTimeCrowdControlDealt": 105
    }
  },
  "38994794": {
    "gameId": 818169085,
    "invalid": false,
    "gameMode": "CLASSIC",
    "gameType": "MATCHED_GAME",
    "subType": "RANKED_SOLO_5x5",
    "mapId": 1,
    "teamId": 100,
    "championId": 9,
    "spell1": 4,
    "spell2": 21,
    "level": 30,
    "ipEarned": 51,
    "createDate": 1398242272213,
    "fellowPlayers": [
      {
        "summonerId": 35005162,
        "teamId": 200,
        "championId": 84
      },
      {
        "summonerId": 36080344,
        "teamId": 100,
        "championId": 11
      },
      {
        "summonerId": 39498540,
        "teamId": 200,
        "championId": 25
      },
      {
        "summonerId": 40989574,
        "teamId": 100,
        "championId": 51
      },
      {
        "summonerId": 24696923,
        "teamId": 200,
        "championId": 29
      },
      {
        "summonerId": 19976487,
        "teamId": 200,
        "championId": 62
      },
      {
        "summonerId": 27779887,
        "teamId": 100,
        "championId": 114
      },
      {
        "summonerId": 34447200,
        "teamId": 100,
        "championId": 98
      },
      {
        "summonerId": 40898034,
        "teamId": 200,
        "championId": 80
      }
    ],
    "stats": {
      "level": 10,
      "goldEarned": 3805,
      "numDeaths": 6,
      "minionsKilled": 49,
      "championsKilled": 1,
      "goldSpent": 2095,
      "totalDamageDealt": 31592,
      "totalDamageTaken": 9700,
      "team": 100,
      "win": false,
      "largestMultiKill": 1,
      "physicalDamageDealtPlayer": 14409,
      "magicDamageDealtPlayer": 17183,
      "physicalDamageTaken": 4290,
      "magicDamageTaken": 4540,
      "timePlayed": 1219,
      "totalHeal": 868,
      "totalUnitsHealed": 1,
      "item0": 1056,
      "item1": 2003,
      "item2": 2004,
      "item3": 3191,
      "item4": 1001,
      "item6": 3340,
      "magicDamageDealtToChampions": 4145,
      "physicalDamageDealtToChampions": 214,
      "totalDamageDealtToChampions": 4360,
      "trueDamageTaken": 870,
      "wardPlaced": 5,
      "totalTimeCrowdControlDealt": 160
    }
  },
  "19976487": {
    "gameId": 818169085,
    "invalid": false,
    "gameMode": "CLASSIC",
    "gameType": "MATCHED_GAME",
    "subType": "RANKED_SOLO_5x5",
    "mapId": 1,
    "teamId": 200,
    "championId": 62,
    "spell1": 11,
    "spell2": 4,
    "level": 30,
    "ipEarned": 76,
    "createDate": 1398242272219,
    "fellowPlayers": [
      {
        "summonerId": 35005162,
        "teamId": 200,
        "championId": 84
      },
      {
        "summonerId": 36080344,
        "teamId": 100,
        "championId": 11
      },
      {
        "summonerId": 39498540,
        "teamId": 200,
        "championId": 25
      },
      {
        "summonerId": 40989574,
        "teamId": 100,
        "championId": 51
      },
      {
        "summonerId": 24696923,
        "teamId": 200,
        "championId": 29
      },
      {
        "summonerId": 27779887,
        "teamId": 100,
        "championId": 114
      },
      {
        "summonerId": 34447200,
        "teamId": 100,
        "championId": 98
      },
      {
        "summonerId": 40898034,
        "teamId": 200,
        "championId": 80
      },
      {
        "summonerId": 38994794,
        "teamId": 100,
        "championId": 9
      }
    ],
    "stats": {
      "level": 11,
      "goldEarned": 6047,
      "numDeaths": 1,
      "minionsKilled": 9,
      "championsKilled": 3,
      "goldSpent": 5737,
      "totalDamageDealt": 68547,
      "totalDamageTaken": 11287,
      "killingSprees": 1,
      "largestKillingSpree": 2,
      "team": 200,
      "win": true,
      "neutralMinionsKilled": 62,
      "largestMultiKill": 1,
      "physicalDamageDealtPlayer": 43899,
      "magicDamageDealtPlayer": 17444,
      "physicalDamageTaken": 10406,
      "magicDamageTaken": 533,
      "timePlayed": 1219,
      "totalHeal": 2669,
      "totalUnitsHealed": 1,
      "assists": 3,
      "item0": 3154,
      "item1": 3111,
      "item2": 3134,
      "item3": 1037,
      "item6": 3341,
      "magicDamageDealtToChampions": 100,
      "physicalDamageDealtToChampions": 3160,
      "totalDamageDealtToChampions": 3383,
      "trueDamageDealtPlayer": 7204,
      "trueDamageDealtToChampions": 122,
      "trueDamageTaken": 347,
      "wardKilled": 3,
      "wardPlaced": 1,
      "neutralMinionsKilledEnemyJungle": 5,
      "neutralMinionsKilledYourJungle": 57,
      "totalTimeCrowdControlDealt": 450
    }
  },
  "35005162": {
    "gameId": 818169085,
    "invalid": false,
    "gameMode": "CLASSIC",
    "gameType": "MATCHED_GAME",
    "subType": "RANKED_SOLO_5x5",
    "mapId": 1,
    "teamId": 200,
    "championId": 84,
    "spell1": 4,
    "spell2": 14,
    "level": 30,
    "ipEarned": 76,
    "createDate": 1398242272218,
    "fellowPlayers": [
      {
        "summonerId": 36080344,
        "teamId": 100,
        "championId": 11
      },
      {
        "summonerId": 39498540,
        "teamId": 200,
        "championId": 25
      },
      {
        "summonerId": 40989574,
        "teamId": 100,
        "championId": 51
      },
      {
        "summonerId": 24696923,
        "teamId": 200,
        "championId": 29
      },
      {
        "summonerId": 19976487,
        "teamId": 200,
        "championId": 62
      },
      {
        "summonerId": 27779887,
        "teamId": 100,
        "championId": 114
      },
      {
        "summonerId": 34447200,
        "teamId": 100,
        "championId": 98
      },
      {
        "summonerId": 40898034,
        "teamId": 200,
        "championId": 80
      },
      {
        "summonerId": 38994794,
        "teamId": 100,
        "championId": 9
      }
    ],
    "stats": {
      "level": 13,
      "goldEarned": 7031,
      "turretsKilled": 2,
      "minionsKilled": 100,
      "championsKilled": 5,
      "goldSpent": 4295,
      "totalDamageDealt": 52917,
      "totalDamageTaken": 8705,
      "killingSprees": 1,
      "largestKillingSpree": 5,
      "team": 200,
      "win": true,
      "largestMultiKill": 1,
      "physicalDamageDealtPlayer": 38115,
      "magicDamageDealtPlayer": 13989,
      "physicalDamageTaken": 4477,
      "magicDamageTaken": 4228,
      "timePlayed": 1219,
      "totalHeal": 346,
      "totalUnitsHealed": 1,
      "assists": 4,
      "item0": 3146,
      "item1": 1026,
      "item6": 3340,
      "magicDamageDealtToChampions": 6087,
      "physicalDamageDealtToChampions": 3033,
      "totalDamageDealtToChampions": 9932,
      "trueDamageDealtPlayer": 812,
      "trueDamageDealtToChampions": 812,
      "wardPlaced": 5,
      "totalTimeCrowdControlDealt": 331
    }
  },
  "24696923": {
    "gameId": 818169085,
    "invalid": false,
    "gameMode": "CLASSIC",
    "gameType": "MATCHED_GAME",
    "subType": "RANKED_SOLO_5x5",
    "mapId": 1,
    "teamId": 200,
    "championId": 29,
    "spell1": 4,
    "spell2": 7,
    "level": 30,
    "ipEarned": 76,
    "createDate": 1398242272220,
    "fellowPlayers": [
      {
        "summonerId": 35005162,
        "teamId": 200,
        "championId": 84
      },
      {
        "summonerId": 36080344,
        "teamId": 100,
        "championId": 11
      },
      {
        "summonerId": 39498540,
        "teamId": 200,
        "championId": 25
      },
      {
        "summonerId": 40989574,
        "teamId": 100,
        "championId": 51
      },
      {
        "summonerId": 19976487,
        "teamId": 200,
        "championId": 62
      },
      {
        "summonerId": 27779887,
        "teamId": 100,
        "championId": 114
      },
      {
        "summonerId": 34447200,
        "teamId": 100,
        "championId": 98
      },
      {
        "summonerId": 40898034,
        "teamId": 200,
        "championId": 80
      },
      {
        "summonerId": 38994794,
        "teamId": 100,
        "championId": 9
      }
    ],
    "stats": {
      "level": 11,
      "goldEarned": 7855,
      "numDeaths": 7,
      "minionsKilled": 101,
      "championsKilled": 8,
      "goldSpent": 7575,
      "totalDamageDealt": 54519,
      "totalDamageTaken": 15068,
      "killingSprees": 2,
      "largestKillingSpree": 3,
      "team": 200,
      "win": true,
      "neutralMinionsKilled": 3,
      "largestMultiKill": 1,
      "physicalDamageDealtPlayer": 48644,
      "magicDamageDealtPlayer": 74,
      "physicalDamageTaken": 13082,
      "magicDamageTaken": 1797,
      "largestCriticalStrike": 365,
      "timePlayed": 1219,
      "totalHeal": 2801,
      "totalUnitsHealed": 2,
      "assists": 4,
      "item0": 1055,
      "item1": 1038,
      "item2": 3153,
      "item3": 1055,
      "item4": 1018,
      "item5": 3006,
      "item6": 3340,
      "magicDamageDealtToChampions": 74,
      "physicalDamageDealtToChampions": 12899,
      "totalDamageDealtToChampions": 16392,
      "trueDamageDealtPlayer": 5800,
      "trueDamageDealtToChampions": 3418,
      "trueDamageTaken": 189,
      "wardPlaced": 1,
      "neutralMinionsKilledEnemyJungle": 3,
      "totalTimeCrowdControlDealt": 353
    }
  }
}