{
  "29426472": {
    "gameId": 818161362,
    "invalid": false,
    "gameMode": "CLASSIC",
    "gameType": "MATCHED_GAME",
    "subType": "NORMAL",
    "mapId": 1,
    "teamId": 100,
    "championId": 78,
    "spell1": 6,
    "spell2": 14,
    "level": 30,
    "ipEarned": 71,
    "createDate": 1398243319720,
    "fellowPlayers": [
      {
        "summonerId": 40799124,
        "teamId": 200,
        "championId": 267
      },
      {
        "summonerId": 26783971,
        "teamId": 100,
        "championId": 81
      },
      {
        "summonerId": 41603724,
        "teamId": 200,
        "championId": 77
      },
      {
        "summonerId": 39225042,
        "teamId": 200,
        "championId": 67
      },
      {
        "summonerId": 34882659,
        "teamId": 100,
        "championId": 39
      },
      {
        "summonerId": 37966150,
        "teamId": 200,
        "championId": 74
      },
      {
        "summonerId": 24246571,
        "teamId": 200,
        "championId": 24
      },
      {
        "summonerId": 33456883,
        "teamId": 100,
        "championId": 76
      },
      {
        "summonerId": 29394179,
        "teamId": 100,
        "championId": 67
      }
    ],
    "stats": {
      "level": 16,
      "goldEarned": 9394,
      "numDeaths": 12,
      "minionsKilled": 47,
      "championsKilled": 6,
      "goldSpent": 9028,
      "totalDamageDealt": 55224,
      "totalDamageTaken": 32422,
      "killingSprees": 2,
      "largestKillingSpree": 3,
      "team": 100,
      "win": false,
      "neutralMinionsKilled": 10,
      "largestMultiKill": 1,
      "physicalDamageDealtPlayer": 30857,
      "magicDamageDealtPlayer": 22213,
      "physicalDamageTaken": 12561,
      "magicDamageTaken": 18667,
      "largestCriticalStrike": 365,
      "timePlayed": 2379,
      "assists": 7,
      "item0": 1054,
      "item1": 3047,
      "item2": 3078,
      "item3": 3068,
      "item4": 3145,
      "item6": 3341,
      "magicDamageDealtToChampions": 10852,
      "physicalDamageDealtToChampions": 4357,
      "totalDamageDealtToChampions": 17212,
      "trueDamageDealtPlayer": 2154,
      "trueDamageDealtToChampions": 2002,
      "trueDamageTaken": 1192,
      "neutralMinionsKilledYourJungle": 10,
      "totalTimeCrowdControlDealt": 8503
    }
  },
  "summonerCount": 10,
  "24246571": {
    "gameId": 818161362,
    "invalid": false,
    "gameMode": "CLASSIC",
    "gameType": "MATCHED_GAME",
    "subType": "NORMAL",
    "mapId": 1,
    "teamId": 200,
    "championId": 24,
    "spell1": 4,
    "spell2": 14,
    "level": 30,
    "ipEarned": 258,
    "createDate": 1398243319726,
    "fellowPlayers": [
      {
        "summonerId": 40799124,
        "teamId": 200,
        "championId": 267
      },
      {
        "summonerId": 26783971,
        "teamId": 100,
        "championId": 81
      },
      {
        "summonerId": 41603724,
        "teamId": 200,
        "championId": 77
      },
      {
        "summonerId": 39225042,
        "teamId": 200,
        "championId": 67
      },
      {
        "summonerId": 29426472,
        "teamId": 100,
        "championId": 78
      },
      {
        "summonerId": 34882659,
        "teamId": 100,
        "championId": 39
      },
      {
        "summonerId": 37966150,
        "teamId": 200,
        "championId": 74
      },
      {
        "summonerId": 33456883,
        "teamId": 100,
        "championId": 76
      },
      {
        "summonerId": 29394179,
        "teamId": 100,
        "championId": 67
      }
    ],
    "stats": {
      "level": 18,
      "goldEarned": 15511,
      "numDeaths": 8,
      "turretsKilled": 5,
      "minionsKilled": 205,
      "championsKilled": 12,
      "goldSpent": 15810,
      "totalDamageDealt": 163197,
      "totalDamageTaken": 36373,
      "killingSprees": 4,
      "largestKillingSpree": 3,
      "team": 200,
      "win": true,
      "neutralMinionsKilled": 18,
      "largestMultiKill": 1,
      "physicalDamageDealtPlayer": 127071,
      "magicDamageDealtPlayer": 34341,
      "physicalDamageTaken": 21760,
      "magicDamageTaken": 11144,
      "timePlayed": 2379,
      "totalHeal": 2128,
      "totalUnitsHealed": 1,
      "assists": 3,
      "item0": 3265,
      "item1": 3146,
      "item2": 3153,
      "item3": 1037,
      "item4": 3026,
      "item5": 3068,
      "item6": 3340,
      "magicDamageDealtToChampions": 10188,
      "physicalDamageDealtToChampions": 17096,
      "totalDamageDealtToChampions": 28936,
      "trueDamageDealtPlayer": 1784,
      "trueDamageDealtToChampions": 1652,
      "trueDamageTaken": 3468,
      "wardPlaced": 5,
      "neutralMinionsKilledEnemyJungle": 5,
      "neutralMinionsKilledYourJungle": 13,
      "totalTimeCrowdControlDealt": 215
    }
  },
  "26783971": {
    "gameId": 818161362,
    "invalid": false,
    "gameMode": "CLASSIC",
    "gameType": "MATCHED_GAME",
    "subType": "NORMAL",
    "mapId": 1,
    "teamId": 100,
    "championId": 81,
    "spell1": 14,
    "spell2": 4,
    "level": 30,
    "ipEarned": 71,
    "createDate": 1398243319722,
    "fellowPlayers": [
      {
        "summonerId": 40799124,
        "teamId": 200,
        "championId": 267
      },
      {
        "summonerId": 41603724,
        "teamId": 200,
        "championId": 77
      },
      {
        "summonerId": 39225042,
        "teamId": 200,
        "championId": 67
      },
      {
        "summonerId": 29426472,
        "teamId": 100,
        "championId": 78
      },
      {
        "summonerId": 34882659,
        "teamId": 100,
        "championId": 39
      },
      {
        "summonerId": 37966150,
        "teamId": 200,
        "championId": 74
      },
      {
        "summonerId": 24246571,
        "teamId": 200,
        "championId": 24
      },
      {
        "summonerId": 33456883,
        "teamId": 100,
        "championId": 76
      },
      {
        "summonerId": 29394179,
        "teamId": 100,
        "championId": 67
      }
    ],
    "stats": {
      "level": 17,
      "goldEarned": 13964,
      "numDeaths": 13,
      "turretsKilled": 1,
      "minionsKilled": 177,
      "championsKilled": 13,
      "goldSpent": 14525,
      "totalDamageDealt": 131458,
      "totalDamageTaken": 29430,
      "killingSprees": 2,
      "largestKillingSpree": 4,
      "team": 100,
      "win": false,
      "neutralMinionsKilled": 1,
      "largestMultiKill": 1,
      "physicalDamageDealtPlayer": 68487,
      "magicDamageDealtPlayer": 60667,
      "physicalDamageTaken": 14330,
      "magicDamageTaken": 14456,
      "timePlayed": 2379,
      "totalHeal": 792,
      "totalUnitsHealed": 1,
      "assists": 6,
      "item0": 1011,
      "item1": 1026,
      "item2": 3174,
      "item3": 3100,
      "item4": 3255,
      "item5": 3089,
      "item6": 3340,
      "magicDamageDealtToChampions": 25691,
      "physicalDamageDealtToChampions": 9057,
      "totalDamageDealtToChampions": 36368,
      "trueDamageDealtPlayer": 2304,
      "trueDamageDealtToChampions": 1620,
      "trueDamageTaken": 643,
      "wardKilled": 1,
      "wardPlaced": 6,
      "neutralMinionsKilledYourJungle": 1,
      "totalTimeCrowdControlDealt": 4512
    }
  },
  "41603724": {
    "gameId": 818161362,
    "invalid": false,
    "gameMode": "CLASSIC",
    "gameType": "MATCHED_GAME",
    "subType": "NORMAL",
    "mapId": 1,
    "teamId": 200,
    "championId": 77,
    "spell1": 11,
    "spell2": 6,
    "level": 30,
    "ipEarned": 108,
    "createDate": 1398243319724,
    "fellowPlayers": [
      {
        "summonerId": 40799124,
        "teamId": 200,
        "championId": 267
      },
      {
        "summonerId": 26783971,
        "teamId": 100,
        "championId": 81
      },
      {
        "summonerId": 39225042,
        "teamId": 200,
        "championId": 67
      },
      {
        "summonerId": 29426472,
        "teamId": 100,
        "championId": 78
      },
      {
        "summonerId": 34882659,
        "teamId": 100,
        "championId": 39
      },
      {
        "summonerId": 37966150,
        "teamId": 200,
        "championId": 74
      },
      {
        "summonerId": 24246571,
        "teamId": 200,
        "championId": 24
      },
      {
        "summonerId": 33456883,
        "teamId": 100,
        "championId": 76
      },
      {
        "summonerId": 29394179,
        "teamId": 100,
        "championId": 67
      }
    ],
    "stats": {
      "level": 18,
      "goldEarned": 22688,
      "numDeaths": 3,
      "turretsKilled": 1,
      "minionsKilled": 67,
      "championsKilled": 22,
      "goldSpent": 16658,
      "totalDamageDealt": 436005,
      "totalDamageTaken": 52493,
      "doubleKills": 6,
      "tripleKills": 2,
      "killingSprees": 3,
      "largestKillingSpree": 10,
      "team": 200,
      "win": true,
      "neutralMinionsKilled": 223,
      "largestMultiKill": 3,
      "physicalDamageDealtPlayer": 178483,
      "magicDamageDealtPlayer": 234756,
      "physicalDamageTaken": 32349,
      "magicDamageTaken": 17083,
      "largestCriticalStrike": 652,
      "timePlayed": 2379,
      "totalHeal": 29189,
      "totalUnitsHealed": 1,
      "assists": 8,
      "item0": 3160,
      "item1": 3143,
      "item2": 3270,
      "item3": 3065,
      "item4": 3078,
      "item5": 3172,
      "item6": 3340,
      "magicDamageDealtToChampions": 14960,
      "physicalDamageDealtToChampions": 25562,
      "totalDamageDealtToChampions": 41971,
      "trueDamageDealtPlayer": 22766,
      "trueDamageDealtToChampions": 1448,
      "trueDamageTaken": 3060,
      "wardPlaced": 16,
      "neutralMinionsKilledEnemyJungle": 95,
      "neutralMinionsKilledYourJungle": 128,
      "totalTimeCrowdControlDealt": 1933
    }
  },
  "34882659": {
    "gameId": 818161362,
    "invalid": false,
    "gameMode": "CLASSIC",
    "gameType": "MATCHED_GAME",
    "subType": "NORMAL",
    "mapId": 1,
    "teamId": 100,
    "championId": 39,
    "spell1": 12,
    "spell2": 14,
    "level": 30,
    "ipEarned": 71,
    "createDate": 1398243319723,
    "fellowPlayers": [
      {
        "summonerId": 40799124,
        "teamId": 200,
        "championId": 267
      },
      {
        "summonerId": 26783971,
        "teamId": 100,
        "championId": 81
      },
      {
        "summonerId": 41603724,
        "teamId": 200,
        "championId": 77
      },
      {
        "summonerId": 39225042,
        "teamId": 200,
        "championId": 67
      },
      {
        "summonerId": 29426472,
        "teamId": 100,
        "championId": 78
      },
      {
        "summonerId": 37966150,
        "teamId": 200,
        "championId": 74
      },
      {
        "summonerId": 24246571,
        "teamId": 200,
        "championId": 24
      },
      {
        "summonerId": 33456883,
        "teamId": 100,
        "championId": 76
      },
      {
        "summonerId": 29394179,
        "teamId": 100,
        "championId": 67
      }
    ],
    "stats": {
      "level": 16,
      "goldEarned": 10689,
      "numDeaths": 12,
      "turretsKilled": 3,
      "minionsKilled": 152,
      "championsKilled": 3,
      "goldSpent": 17015,
      "totalDamageDealt": 140104,
      "totalDamageTaken": 41915,
      "team": 100,
      "win": false,
      "neutralMinionsKilled": 21,
      "largestMultiKill": 1,
      "physicalDamageDealtPlayer": 128785,
      "magicDamageDealtPlayer": 7163,
      "physicalDamageTaken": 21307,
      "magicDamageTaken": 19621,
      "largestCriticalStrike": 470,
      "timePlayed": 2379,
      "totalHeal": 5601,
      "totalUnitsHealed": 1,
      "assists": 4,
      "item0": 3083,
      "item1": 3022,
      "item2": 3082,
      "item6": 3342,
      "magicDamageDealtToChampions": 2441,
      "physicalDamageDealtToChampions": 12491,
      "totalDamageDealtToChampions": 16872,
      "trueDamageDealtPlayer": 4156,
      "trueDamageDealtToChampions": 1940,
      "trueDamageTaken": 986,
      "neutralMinionsKilledEnemyJungle": 4,
      "neutralMinionsKilledYourJungle": 17,
      "totalTimeCrowdControlDealt": 4818
    }
  },
  "29394179": {
    "gameId": 818161362,
    "invalid": false,
    "gameMode": "CLASSIC",
    "gameType": "MATCHED_GAME",
    "subType": "NORMAL",
    "mapId": 1,
    "teamId": 100,
    "championId": 67,
    "spell1": 7,
    "spell2": 4,
    "level": 30,
    "ipEarned": 71,
    "createDate": 1398243319718,
    "fellowPlayers": [
      {
        "summonerId": 40799124,
        "teamId": 200,
        "championId": 267
      },
      {
        "summonerId": 26783971,
        "teamId": 100,
        "championId": 81
      },
      {
        "summonerId": 41603724,
        "teamId": 200,
        "championId": 77
      },
      {
        "summonerId": 39225042,
        "teamId": 200,
        "championId": 67
      },
      {
        "summonerId": 29426472,
        "teamId": 100,
        "championId": 78
      },
      {
        "summonerId": 34882659,
        "teamId": 100,
        "championId": 39
      },
      {
        "summonerId": 37966150,
        "teamId": 200,
        "championId": 74
      },
      {
        "summonerId": 24246571,
        "teamId": 200,
        "championId": 24
      },
      {
        "summonerId": 33456883,
        "teamId": 100,
        "championId": 76
      }
    ],
    "stats": {
      "level": 16,
      "goldEarned": 11102,
      "numDeaths": 12,
      "minionsKilled": 151,
      "championsKilled": 6,
      "goldSpent": 10645,
      "totalDamageDealt": 103199,
      "totalDamageTaken": 33191,
      "killingSprees": 1,
      "largestKillingSpree": 2,
      "team": 100,
      "win": false,
      "neutralMinionsKilled": 5,
      "largestMultiKill": 1,
      "physicalDamageDealtPlayer": 81003,
      "magicDamageDealtPlayer": 11059,
      "physicalDamageTaken": 20501,
      "magicDamageTaken": 11299,
      "largestCriticalStrike": 457,
      "timePlayed": 2379,
      "totalHeal": 2822,
      "totalUnitsHealed": 3,
      "assists": 3,
      "item0": 3087,
      "item1": 3153,
      "item2": 3006,
      "item3": 3031,
      "item6": 3340,
      "magicDamageDealtToChampions": 1890,
      "physicalDamageDealtToChampions": 13938,
      "totalDamageDealtToChampions": 20395,
      "trueDamageDealtPlayer": 11136,
      "trueDamageDealtToChampions": 4565,
      "trueDamageTaken": 1391,
      "wardPlaced": 7,
      "neutralMinionsKilledYourJungle": 5,
      "totalTimeCrowdControlDealt": 579
    }
  },
  "40799124": {
    "gameId": 818161362,
    "invalid": false,
    "gameMode": "CLASSIC",
    "gameType": "MATCHED_GAME",
    "subType": "NORMAL",
    "mapId": 1,
    "teamId": 200,
    "championId": 267,
    "spell1": 4,
    "spell2": 3,
    "level": 30,
    "ipEarned": 108,
    "createDate": 1398243319727,
    "fellowPlayers": [
      {
        "summonerId": 26783971,
        "teamId": 100,
        "championId": 81
      },
      {
        "summonerId": 41603724,
        "teamId": 200,
        "championId": 77
      },
      {
        "summonerId": 39225042,
        "teamId": 200,
        "championId": 67
      },
      {
        "summonerId": 29426472,
        "teamId": 100,
        "championId": 78
      },
      {
        "summonerId": 34882659,
        "teamId": 100,
        "championId": 39
      },
      {
        "summonerId": 37966150,
        "teamId": 200,
        "championId": 74
      },
      {
        "summonerId": 24246571,
        "teamId": 200,
        "championId": 24
      },
      {
        "summonerId": 33456883,
        "teamId": 100,
        "championId": 76
      },
      {
        "summonerId": 29394179,
        "teamId": 100,
        "championId": 67
      }
    ],
    "stats": {
      "level": 17,
      "goldEarned": 10727,
      "numDeaths": 8,
      "minionsKilled": 29,
      "championsKilled": 4,
      "goldSpent": 10275,
      "totalDamageDealt": 35313,
      "totalDamageTaken": 23261,
      "team": 200,
      "win": true,
      "largestMultiKill": 1,
      "physicalDamageDealtPlayer": 13584,
      "magicDamageDealtPlayer": 21728,
      "physicalDamageTaken": 9224,
      "magicDamageTaken": 12584,
      "timePlayed": 2379,
      "totalHeal": 6749,
      "totalUnitsHealed": 5,
      "assists": 14,
      "item0": 3023,
      "item1": 2049,
      "item2": 3047,
      "item3": 1058,
      "item4": 3083,
      "item5": 1026,
      "item6": 3340,
      "magicDamageDealtToChampions": 6000,
      "physicalDamageDealtToChampions": 1666,
      "totalDamageDealtToChampions": 7667,
      "trueDamageTaken": 1452,
      "wardPlaced": 14,
      "totalTimeCrowdControlDealt": 159
    }
  },
  "37966150": {
    "gameId": 818161362,
    "invalid": false,
    "gameMode": "CLASSIC",
    "gameType": "MATCHED_GAME",
    "subType": "NORMAL",
    "mapId": 1,
    "teamId": 200,
    "championId": 74,
    "spell1": 4,
    "spell2": 21,
    "level": 30,
    "ipEarned": 258,
    "createDate": 1398243319728,
    "fellowPlayers": [
      {
        "summonerId": 40799124,
        "teamId": 200,
        "championId": 267
      },
      {
        "summonerId": 26783971,
        "teamId": 100,
        "championId": 81
      },
      {
        "summonerId": 41603724,
        "teamId": 200,
        "championId": 77
      },
      {
        "summonerId": 39225042,
        "teamId": 200,
        "championId": 67
      },
      {
        "summonerId": 29426472,
        "teamId": 100,
        "championId": 78
      },
      {
        "summonerId": 34882659,
        "teamId": 100,
        "championId": 39
      },
      {
        "summonerId": 24246571,
        "teamId": 200,
        "championId": 24
      },
      {
        "summonerId": 33456883,
        "teamId": 100,
        "championId": 76
      },
      {
        "summonerId": 29394179,
        "teamId": 100,
        "championId": 67
      }
    ],
    "stats": {
      "level": 18,
      "goldEarned": 16270,
      "numDeaths": 10,
      "barracksKilled": 1,
      "turretsKilled": 2,
      "minionsKilled": 191,
      "championsKilled": 14,
      "goldSpent": 13845,
      "totalDamageDealt": 158091,
      "totalDamageTaken": 27564,
      "doubleKills": 2,
      "killingSprees": 4,
      "largestKillingSpree": 4,
      "team": 200,
      "win": true,
      "largestMultiKill": 2,
      "physicalDamageDealtPlayer": 16819,
      "magicDamageDealtPlayer": 141183,
      "physicalDamageTaken": 8597,
      "magicDamageTaken": 18025,
      "timePlayed": 2379,
      "totalHeal": 845,
      "totalUnitsHealed": 1,
      "assists": 10,
      "item0": 3157,
      "item1": 3041,
      "item2": 3089,
      "item3": 3259,
      "item4": 3116,
      "item5": 3108,
      "item6": 3340,
      "magicDamageDealtToChampions": 49887,
      "physicalDamageDealtToChampions": 2080,
      "totalDamageDealtToChampions": 52006,
      "trueDamageDealtPlayer": 88,
      "trueDamageDealtToChampions": 38,
      "trueDamageTaken": 941,
      "wardPlaced": 6,
      "totalTimeCrowdControlDealt": 273
    }
  },
  "39225042": {
    "gameId": 818161362,
    "invalid": false,
    "gameMode": "CLASSIC",
    "gameType": "MATCHED_GAME",
    "subType": "NORMAL",
    "mapId": 1,
    "teamId": 200,
    "championId": 67,
    "spell1": 21,
    "spell2": 4,
    "level": 30,
    "ipEarned": 0,
    "createDate": 1398243319725,
    "fellowPlayers": [
      {
        "summonerId": 40799124,
        "teamId": 200,
        "championId": 267
      },
      {
        "summonerId": 26783971,
        "teamId": 100,
        "championId": 81
      },
      {
        "summonerId": 41603724,
        "teamId": 200,
        "championId": 77
      },
      {
        "summonerId": 29426472,
        "teamId": 100,
        "championId": 78
      },
      {
        "summonerId": 34882659,
        "teamId": 100,
        "championId": 39
      },
      {
        "summonerId": 37966150,
        "teamId": 200,
        "championId": 74
      },
      {
        "summonerId": 24246571,
        "teamId": 200,
        "championId": 24
      },
      {
        "summonerId": 33456883,
        "teamId": 100,
        "championId": 76
      },
      {
        "summonerId": 29394179,
        "teamId": 100,
        "championId": 67
      }
    ],
    "stats": {
      "level": 13,
      "goldEarned": 11291,
      "numDeaths": 5,
      "minionsKilled": 124,
      "championsKilled": 6,
      "goldSpent": 7655,
      "totalDamageDealt": 58141,
      "totalDamageTaken": 19032,
      "doubleKills": 1,
      "killingSprees": 2,
      "largestKillingSpree": 4,
      "team": 200,
      "win": true,
      "neutralMinionsKilled": 4,
      "largestMultiKill": 2,
      "physicalDamageDealtPlayer": 53278,
      "magicDamageDealtPlayer": 176,
      "physicalDamageTaken": 10699,
      "magicDamageTaken": 6843,
      "largestCriticalStrike": 357,
      "timePlayed": 2379,
      "totalHeal": 1170,
      "totalUnitsHealed": 1,
      "assists": 3,
      "item0": 1055,
      "item1": 3153,
      "item2": 3006,
      "item3": 3046,
      "item6": 3340,
      "magicDamageDealtToChampions": 176,
      "physicalDamageDealtToChampions": 10342,
      "totalDamageDealtToChampions": 12582,
      "trueDamageDealtPlayer": 4686,
      "trueDamageDealtToChampions": 2063,
      "trueDamageTaken": 1490,
      "wardPlaced": 3,
      "neutralMinionsKilledYourJungle": 4,
      "totalTimeCrowdControlDealt": 22
    }
  },
  "29426472": {
    "gameId": 818161362,
    "invalid": false,
    "gameMode": "CLASSIC",
    "gameType": "MATCHED_GAME",
    "subType": "NORMAL",
    "mapId": 1,
    "teamId": 100,
    "championId": 78,
    "spell1": 6,
    "spell2": 14,
    "level": 30,
    "ipEarned": 71,
    "createDate": 1398243319720,
    "fellowPlayers": [
      {
        "summonerId": 40799124,
        "teamId": 200,
        "championId": 267
      },
      {
        "summonerId": 26783971,
        "teamId": 100,
        "championId": 81
      },
      {
        "summonerId": 41603724,
        "teamId": 200,
        "championId": 77
      },
      {
        "summonerId": 39225042,
        "teamId": 200,
        "championId": 67
      },
      {
        "summonerId": 34882659,
        "teamId": 100,
        "championId": 39
      },
      {
        "summonerId": 37966150,
        "teamId": 200,
        "championId": 74
      },
      {
        "summonerId": 24246571,
        "teamId": 200,
        "championId": 24
      },
      {
        "summonerId": 33456883,
        "teamId": 100,
        "championId": 76
      },
      {
        "summonerId": 29394179,
        "teamId": 100,
        "championId": 67
      }
    ],
    "stats": {
      "level": 16,
      "goldEarned": 9394,
      "numDeaths": 12,
      "minionsKilled": 47,
      "championsKilled": 6,
      "goldSpent": 9028,
      "totalDamageDealt": 55224,
      "totalDamageTaken": 32422,
      "killingSprees": 2,
      "largestKillingSpree": 3,
      "team": 100,
      "win": false,
      "neutralMinionsKilled": 10,
      "largestMultiKill": 1,
      "physicalDamageDealtPlayer": 30857,
      "magicDamageDealtPlayer": 22213,
      "physicalDamageTaken": 12561,
      "magicDamageTaken": 18667,
      "largestCriticalStrike": 365,
      "timePlayed": 2379,
      "assists": 7,
      "item0": 1054,
      "item1": 3047,
      "item2": 3078,
      "item3": 3068,
      "item4": 3145,
      "item6": 3341,
      "magicDamageDealtToChampions": 10852,
      "physicalDamageDealtToChampions": 4357,
      "totalDamageDealtToChampions": 17212,
      "trueDamageDealtPlayer": 2154,
      "trueDamageDealtToChampions": 2002,
      "trueDamageTaken": 1192,
      "neutralMinionsKilledYourJungle": 10,
      "totalTimeCrowdControlDealt": 8503
    }
  }
}