{
  "30165840": {
    "gameId": 818169421,
    "invalid": false,
    "gameMode": "CLASSIC",
    "gameType": "MATCHED_GAME",
    "subType": "RANKED_SOLO_5x5",
    "mapId": 1,
    "teamId": 200,
    "championId": 113,
    "spell1": 11,
    "spell2": 4,
    "level": 30,
    "ipEarned": 106,
    "createDate": 1398243453804,
    "fellowPlayers": [
      {
        "summonerId": 28433803,
        "teamId": 200,
        "championId": 51
      },
      {
        "summonerId": 34917929,
        "teamId": 200,
        "championId": 7
      },
      {
        "summonerId": 23820986,
        "teamId": 100,
        "championId": 55
      },
      {
        "summonerId": 29735856,
        "teamId": 200,
        "championId": 266
      },
      {
        "summonerId": 28916410,
        "teamId": 100,
        "championId": 32
      },
      {
        "summonerId": 36738512,
        "teamId": 100,
        "championId": 119
      },
      {
        "summonerId": 24514372,
        "teamId": 100,
        "championId": 80
      },
      {
        "summonerId": 40309279,
        "teamId": 200,
        "championId": 16
      },
      {
        "summonerId": 29804425,
        "teamId": 100,
        "championId": 412
      }
    ],
    "stats": {
      "level": 17,
      "goldEarned": 12551,
      "numDeaths": 2,
      "turretsKilled": 1,
      "minionsKilled": 70,
      "championsKilled": 4,
      "goldSpent": 11980,
      "totalDamageDealt": 133225,
      "totalDamageTaken": 33275,
      "killingSprees": 1,
      "largestKillingSpree": 3,
      "team": 200,
      "win": true,
      "neutralMinionsKilled": 61,
      "largestMultiKill": 1,
      "physicalDamageDealtPlayer": 30608,
      "magicDamageDealtPlayer": 88985,
      "physicalDamageTaken": 21371,
      "magicDamageTaken": 10737,
      "timePlayed": 2307,
      "totalHeal": 3687,
      "totalUnitsHealed": 1,
      "assists": 18,
      "item0": 3207,
      "item1": 3047,
      "item2": 3143,
      "item3": 3083,
      "item4": 3068,
      "item6": 3341,
      "sightWardsBought": 2,
      "magicDamageDealtToChampions": 16905,
      "physicalDamageDealtToChampions": 1782,
      "totalDamageDealtToChampions": 18933,
      "trueDamageDealtPlayer": 13632,
      "trueDamageDealtToChampions": 246,
      "trueDamageTaken": 1167,
      "wardKilled": 3,
      "wardPlaced": 2,
      "neutralMinionsKilledEnemyJungle": 8,
      "neutralMinionsKilledYourJungle": 53,
      "totalTimeCrowdControlDealt": 788
    }
  },
  "summonerCount": 10,
  "29804425": {
    "gameId": 818169421,
    "invalid": false,
    "gameMode": "CLASSIC",
    "gameType": "MATCHED_GAME",
    "subType": "RANKED_SOLO_5x5",
    "mapId": 1,
    "teamId": 100,
    "championId": 412,
    "spell1": 14,
    "spell2": 4,
    "level": 30,
    "ipEarned": 69,
    "createDate": 1398243453800,
    "fellowPlayers": [
      {
        "summonerId": 28433803,
        "teamId": 200,
        "championId": 51
      },
      {
        "summonerId": 34917929,
        "teamId": 200,
        "championId": 7
      },
      {
        "summonerId": 30165840,
        "teamId": 200,
        "championId": 113
      },
      {
        "summonerId": 23820986,
        "teamId": 100,
        "championId": 55
      },
      {
        "summonerId": 29735856,
        "teamId": 200,
        "championId": 266
      },
      {
        "summonerId": 28916410,
        "teamId": 100,
        "championId": 32
      },
      {
        "summonerId": 36738512,
        "teamId": 100,
        "championId": 119
      },
      {
        "summonerId": 24514372,
        "teamId": 100,
        "championId": 80
      },
      {
        "summonerId": 40309279,
        "teamId": 200,
        "championId": 16
      }
    ],
    "stats": {
      "level": 14,
      "goldEarned": 7704,
      "numDeaths": 6,
      "turretsKilled": 1,
      "minionsKilled": 24,
      "championsKilled": 4,
      "goldSpent": 6930,
      "totalDamageDealt": 21086,
      "totalDamageTaken": 20933,
      "doubleKills": 1,
      "killingSprees": 1,
      "largestKillingSpree": 3,
      "team": 100,
      "win": false,
      "largestMultiKill": 2,
      "physicalDamageDealtPlayer": 5371,
      "magicDamageDealtPlayer": 14553,
      "physicalDamageTaken": 9105,
      "magicDamageTaken": 11596,
      "timePlayed": 2307,
      "totalHeal": 812,
      "totalUnitsHealed": 4,
      "assists": 3,
      "item0": 3401,
      "item1": 2045,
      "item2": 3117,
      "item3": 2003,
      "item4": 3105,
      "item6": 3340,
      "sightWardsBought": 2,
      "magicDamageDealtToChampions": 9350,
      "physicalDamageDealtToChampions": 1324,
      "totalDamageDealtToChampions": 11837,
      "trueDamageDealtPlayer": 1162,
      "trueDamageDealtToChampions": 1162,
      "trueDamageTaken": 232,
      "wardPlaced": 22,
      "totalTimeCrowdControlDealt": 79
    }
  },
  "40309279": {
    "gameId": 818169421,
    "invalid": false,
    "gameMode": "CLASSIC",
    "gameType": "MATCHED_GAME",
    "subType": "RANKED_SOLO_5x5",
    "mapId": 1,
    "teamId": 200,
    "championId": 16,
    "spell1": 4,
    "spell2": 7,
    "level": 30,
    "ipEarned": 106,
    "createDate": 1398243453802,
    "fellowPlayers": [
      {
        "summonerId": 28433803,
        "teamId": 200,
        "championId": 51
      },
      {
        "summonerId": 34917929,
        "teamId": 200,
        "championId": 7
      },
      {
        "summonerId": 30165840,
        "teamId": 200,
        "championId": 113
      },
      {
        "summonerId": 23820986,
        "teamId": 100,
        "championId": 55
      },
      {
        "summonerId": 29735856,
        "teamId": 200,
        "championId": 266
      },
      {
        "summonerId": 28916410,
        "teamId": 100,
        "championId": 32
      },
      {
        "summonerId": 36738512,
        "teamId": 100,
        "championId": 119
      },
      {
        "summonerId": 24514372,
        "teamId": 100,
        "championId": 80
      },
      {
        "summonerId": 29804425,
        "teamId": 100,
        "championId": 412
      }
    ],
    "stats": {
      "level": 16,
      "goldEarned": 11235,
      "numDeaths": 4,
      "turretsKilled": 1,
      "minionsKilled": 15,
      "championsKilled": 2,
      "goldSpent": 8485,
      "totalDamageDealt": 27865,
      "totalDamageTaken": 21533,
      "team": 200,
      "win": true,
      "neutralMinionsKilled": 1,
      "largestMultiKill": 1,
      "physicalDamageDealtPlayer": 8413,
      "magicDamageDealtPlayer": 19355,
      "physicalDamageTaken": 12328,
      "magicDamageTaken": 8878,
      "timePlayed": 2307,
      "totalHeal": 24732,
      "totalUnitsHealed": 5,
      "assists": 23,
      "item0": 2049,
      "item1": 3023,
      "item2": 3024,
      "item3": 3303,
      "item4": 3116,
      "item5": 1031,
      "item6": 3340,
      "magicDamageDealtToChampions": 8516,
      "physicalDamageDealtToChampions": 1170,
      "totalDamageDealtToChampions": 9783,
      "trueDamageDealtPlayer": 96,
      "trueDamageDealtToChampions": 96,
      "trueDamageTaken": 326,
      "wardKilled": 1,
      "wardPlaced": 35,
      "neutralMinionsKilledYourJungle": 1,
      "totalTimeCrowdControlDealt": 187
    }
  },
  "28916410": {
    "gameId": 818169421,
    "invalid": false,
    "gameMode": "CLASSIC",
    "gameType": "MATCHED_GAME",
    "subType": "RANKED_SOLO_5x5",
    "mapId": 1,
    "teamId": 100,
    "championId": 32,
    "spell1": 11,
    "spell2": 4,
    "level": 30,
    "ipEarned": 69,
    "createDate": 1398243453799,
    "fellowPlayers": [
      {
        "summonerId": 28433803,
        "teamId": 200,
        "championId": 51
      },
      {
        "summonerId": 34917929,
        "teamId": 200,
        "championId": 7
      },
      {
        "summonerId": 30165840,
        "teamId": 200,
        "championId": 113
      },
      {
        "summonerId": 23820986,
        "teamId": 100,
        "championId": 55
      },
      {
        "summonerId": 29735856,
        "teamId": 200,
        "championId": 266
      },
      {
        "summonerId": 36738512,
        "teamId": 100,
        "championId": 119
      },
      {
        "summonerId": 24514372,
        "teamId": 100,
        "championId": 80
      },
      {
        "summonerId": 40309279,
        "teamId": 200,
        "championId": 16
      },
      {
        "summonerId": 29804425,
        "teamId": 100,
        "championId": 412
      }
    ],
    "stats": {
      "level": 14,
      "goldEarned": 8682,
      "numDeaths": 10,
      "minionsKilled": 41,
      "championsKilled": 1,
      "goldSpent": 8040,
      "totalDamageDealt": 87418,
      "totalDamageTaken": 31646,
      "team": 100,
      "win": false,
      "neutralMinionsKilled": 44,
      "largestMultiKill": 1,
      "physicalDamageDealtPlayer": 7877,
      "magicDamageDealtPlayer": 70144,
      "physicalDamageTaken": 12609,
      "magicDamageTaken": 18588,
      "timePlayed": 2307,
      "totalHeal": 1558,
      "totalUnitsHealed": 1,
      "assists": 9,
      "item0": 3206,
      "item1": 1001,
      "item2": 3068,
      "item3": 3102,
      "item6": 3340,
      "magicDamageDealtToChampions": 14592,
      "physicalDamageDealtToChampions": 976,
      "totalDamageDealtToChampions": 15760,
      "trueDamageDealtPlayer": 9396,
      "trueDamageDealtToChampions": 192,
      "trueDamageTaken": 448,
      "wardPlaced": 8,
      "neutralMinionsKilledEnemyJungle": 3,
      "neutralMinionsKilledYourJungle": 41,
      "totalTimeCrowdControlDealt": 175
    }
  },
  "34917929": {
    "gameId": 818169421,
    "invalid": false,
    "gameMode": "CLASSIC",
    "gameType": "MATCHED_GAME",
    "subType": "RANKED_SOLO_5x5",
    "mapId": 1,
    "teamId": 200,
    "championId": 7,
    "spell1": 4,
    "spell2": 14,
    "level": 30,
    "ipEarned": 106,
    "createDate": 1398243453801,
    "fellowPlayers": [
      {
        "summonerId": 28433803,
        "teamId": 200,
        "championId": 51
      },
      {
        "summonerId": 30165840,
        "teamId": 200,
        "championId": 113
      },
      {
        "summonerId": 23820986,
        "teamId": 100,
        "championId": 55
      },
      {
        "summonerId": 29735856,
        "teamId": 200,
        "championId": 266
      },
      {
        "summonerId": 28916410,
        "teamId": 100,
        "championId": 32
      },
      {
        "summonerId": 36738512,
        "teamId": 100,
        "championId": 119
      },
      {
        "summonerId": 24514372,
        "teamId": 100,
        "championId": 80
      },
      {
        "summonerId": 40309279,
        "teamId": 200,
        "championId": 16
      },
      {
        "summonerId": 29804425,
        "teamId": 100,
        "championId": 412
      }
    ],
    "stats": {
      "level": 18,
      "goldEarned": 16514,
      "numDeaths": 5,
      "minionsKilled": 138,
      "championsKilled": 22,
      "goldSpent": 14455,
      "totalDamageDealt": 127778,
      "totalDamageTaken": 20397,
      "doubleKills": 3,
      "killingSprees": 6,
      "largestKillingSpree": 7,
      "team": 200,
      "win": true,
      "neutralMinionsKilled": 15,
      "largestMultiKill": 2,
      "physicalDamageDealtPlayer": 17925,
      "magicDamageDealtPlayer": 108729,
      "physicalDamageTaken": 9725,
      "magicDamageTaken": 9923,
      "timePlayed": 2307,
      "totalHeal": 511,
      "totalUnitsHealed": 1,
      "assists": 10,
      "item0": 3128,
      "item1": 3157,
      "item2": 3020,
      "item3": 3089,
      "item4": 3135,
      "item5": 1052,
      "item6": 3340,
      "magicDamageDealtToChampions": 41996,
      "physicalDamageDealtToChampions": 2031,
      "totalDamageDealtToChampions": 45151,
      "trueDamageDealtPlayer": 1124,
      "trueDamageDealtToChampions": 1124,
      "trueDamageTaken": 748,
      "wardPlaced": 7,
      "neutralMinionsKilledEnemyJungle": 3,
      "neutralMinionsKilledYourJungle": 12,
      "totalTimeCrowdControlDealt": 145
    }
  },
  "24514372": {
    "gameId": 818169421,
    "invalid": false,
    "gameMode": "CLASSIC",
    "gameType": "MATCHED_GAME",
    "subType": "RANKED_SOLO_5x5",
    "mapId": 1,
    "teamId": 100,
    "championId": 80,
    "spell1": 4,
    "spell2": 14,
    "level": 30,
    "ipEarned": 69,
    "createDate": 1398243453797,
    "fellowPlayers": [
      {
        "summonerId": 28433803,
        "teamId": 200,
        "championId": 51
      },
      {
        "summonerId": 34917929,
        "teamId": 200,
        "championId": 7
      },
      {
        "summonerId": 30165840,
        "teamId": 200,
        "championId": 113
      },
      {
        "summonerId": 23820986,
        "teamId": 100,
        "championId": 55
      },
      {
        "summonerId": 29735856,
        "teamId": 200,
        "championId": 266
      },
      {
        "summonerId": 28916410,
        "teamId": 100,
        "championId": 32
      },
      {
        "summonerId": 36738512,
        "teamId": 100,
        "championId": 119
      },
      {
        "summonerId": 40309279,
        "teamId": 200,
        "championId": 16
      },
      {
        "summonerId": 29804425,
        "teamId": 100,
        "championId": 412
      }
    ],
    "stats": {
      "level": 16,
      "goldEarned": 12419,
      "numDeaths": 9,
      "turretsKilled": 1,
      "minionsKilled": 216,
      "championsKilled": 6,
      "goldSpent": 12105,
      "totalDamageDealt": 139860,
      "totalDamageTaken": 32451,
      "killingSprees": 2,
      "largestKillingSpree": 3,
      "team": 100,
      "win": false,
      "neutralMinionsKilled": 5,
      "largestMultiKill": 1,
      "physicalDamageDealtPlayer": 121686,
      "magicDamageDealtPlayer": 16700,
      "physicalDamageTaken": 11227,
      "magicDamageTaken": 20075,
      "largestCriticalStrike": 603,
      "timePlayed": 2307,
      "totalHeal": 2150,
      "totalUnitsHealed": 1,
      "assists": 6,
      "item0": 3270,
      "item1": 3071,
      "item2": 3074,
      "item3": 3026,
      "item4": 1037,
      "item5": 1036,
      "item6": 3340,
      "magicDamageDealtToChampions": 1668,
      "physicalDamageDealtToChampions": 20164,
      "totalDamageDealtToChampions": 23306,
      "trueDamageDealtPlayer": 1474,
      "trueDamageDealtToChampions": 1474,
      "trueDamageTaken": 1148,
      "wardPlaced": 1,
      "neutralMinionsKilledYourJungle": 5,
      "totalTimeCrowdControlDealt": 45
    }
  },
  "36738512": {
    "gameId": 818169421,
    "invalid": false,
    "gameMode": "CLASSIC",
    "gameType": "MATCHED_GAME",
    "subType": "RANKED_SOLO_5x5",
    "mapId": 1,
    "teamId": 100,
    "championId": 119,
    "spell1": 7,
    "spell2": 4,
    "level": 30,
    "ipEarned": 69,
    "createDate": 1398243453798,
    "fellowPlayers": [
      {
        "summonerId": 28433803,
        "teamId": 200,
        "championId": 51
      },
      {
        "summonerId": 34917929,
        "teamId": 200,
        "championId": 7
      },
      {
        "summonerId": 30165840,
        "teamId": 200,
        "championId": 113
      },
      {
        "summonerId": 23820986,
        "teamId": 100,
        "championId": 55
      },
      {
        "summonerId": 29735856,
        "teamId": 200,
        "championId": 266
      },
      {
        "summonerId": 28916410,
        "teamId": 100,
        "championId": 32
      },
      {
        "summonerId": 24514372,
        "teamId": 100,
        "championId": 80
      },
      {
        "summonerId": 40309279,
        "teamId": 200,
        "championId": 16
      },
      {
        "summonerId": 29804425,
        "teamId": 100,
        "championId": 412
      }
    ],
    "stats": {
      "level": 16,
      "goldEarned": 13432,
      "numDeaths": 5,
      "minionsKilled": 232,
      "championsKilled": 4,
      "goldSpent": 13215,
      "totalDamageDealt": 160017,
      "totalDamageTaken": 26882,
      "killingSprees": 1,
      "largestKillingSpree": 3,
      "team": 100,
      "win": false,
      "neutralMinionsKilled": 25,
      "largestMultiKill": 1,
      "physicalDamageDealtPlayer": 159221,
      "physicalDamageTaken": 12021,
      "magicDamageTaken": 14339,
      "largestCriticalStrike": 883,
      "timePlayed": 2307,
      "totalHeal": 4281,
      "totalUnitsHealed": 4,
      "assists": 6,
      "item0": 3006,
      "item1": 3046,
      "item2": 3072,
      "item3": 1018,
      "item4": 1038,
      "item5": 3035,
      "item6": 3340,
      "physicalDamageDealtToChampions": 25998,
      "totalDamageDealtToChampions": 26198,
      "trueDamageDealtPlayer": 796,
      "trueDamageDealtToChampions": 200,
      "trueDamageTaken": 522,
      "wardPlaced": 6,
      "neutralMinionsKilledYourJungle": 25,
      "totalTimeCrowdControlDealt": 360
    }
  },
  "28433803": {
    "gameId": 818169421,
    "invalid": false,
    "gameMode": "CLASSIC",
    "gameType": "MATCHED_GAME",
    "subType": "RANKED_SOLO_5x5",
    "mapId": 1,
    "teamId": 200,
    "championId": 51,
    "spell1": 4,
    "spell2": 7,
    "level": 30,
    "ipEarned": 106,
    "createDate": 1398243453805,
    "fellowPlayers": [
      {
        "summonerId": 34917929,
        "teamId": 200,
        "championId": 7
      },
      {
        "summonerId": 30165840,
        "teamId": 200,
        "championId": 113
      },
      {
        "summonerId": 23820986,
        "teamId": 100,
        "championId": 55
      },
      {
        "summonerId": 29735856,
        "teamId": 200,
        "championId": 266
      },
      {
        "summonerId": 28916410,
        "teamId": 100,
        "championId": 32
      },
      {
        "summonerId": 36738512,
        "teamId": 100,
        "championId": 119
      },
      {
        "summonerId": 24514372,
        "teamId": 100,
        "championId": 80
      },
      {
        "summonerId": 40309279,
        "teamId": 200,
        "championId": 16
      },
      {
        "summonerId": 29804425,
        "teamId": 100,
        "championId": 412
      }
    ],
    "stats": {
      "level": 17,
      "goldEarned": 15922,
      "numDeaths": 5,
      "barracksKilled": 1,
      "turretsKilled": 2,
      "minionsKilled": 261,
      "championsKilled": 9,
      "goldSpent": 11575,
      "totalDamageDealt": 197825,
      "totalDamageTaken": 22770,
      "doubleKills": 3,
      "killingSprees": 2,
      "largestKillingSpree": 4,
      "team": 200,
      "win": true,
      "neutralMinionsKilled": 15,
      "largestMultiKill": 2,
      "physicalDamageDealtPlayer": 179118,
      "magicDamageDealtPlayer": 18404,
      "physicalDamageTaken": 12988,
      "magicDamageTaken": 8818,
      "largestCriticalStrike": 1170,
      "timePlayed": 2307,
      "totalHeal": 3172,
      "totalUnitsHealed": 3,
      "assists": 11,
      "item0": 1055,
      "item1": 3072,
      "item2": 3250,
      "item3": 3087,
      "item4": 3035,
      "item5": 1038,
      "item6": 3340,
      "magicDamageDealtToChampions": 4555,
      "physicalDamageDealtToChampions": 22475,
      "totalDamageDealtToChampions": 27296,
      "trueDamageDealtPlayer": 302,
      "trueDamageDealtToChampions": 266,
      "trueDamageTaken": 963,
      "wardKilled": 1,
      "wardPlaced": 10,
      "neutralMinionsKilledEnemyJungle": 8,
      "neutralMinionsKilledYourJungle": 7,
      "totalTimeCrowdControlDealt": 212
    }
  },
  "23820986": {
    "gameId": 818169421,
    "invalid": false,
    "gameMode": "CLASSIC",
    "gameType": "MATCHED_GAME",
    "subType": "RANKED_SOLO_5x5",
    "mapId": 1,
    "teamId": 100,
    "championId": 55,
    "spell1": 4,
    "spell2": 14,
    "level": 30,
    "ipEarned": 69,
    "createDate": 1398243453796,
    "fellowPlayers": [
      {
        "summonerId": 28433803,
        "teamId": 200,
        "championId": 51
      },
      {
        "summonerId": 34917929,
        "teamId": 200,
        "championId": 7
      },
      {
        "summonerId": 30165840,
        "teamId": 200,
        "championId": 113
      },
      {
        "summonerId": 29735856,
        "teamId": 200,
        "championId": 266
      },
      {
        "summonerId": 28916410,
        "teamId": 100,
        "championId": 32
      },
      {
        "summonerId": 36738512,
        "teamId": 100,
        "championId": 119
      },
      {
        "summonerId": 24514372,
        "teamId": 100,
        "championId": 80
      },
      {
        "summonerId": 40309279,
        "teamId": 200,
        "championId": 16
      },
      {
        "summonerId": 29804425,
        "teamId": 100,
        "championId": 412
      }
    ],
    "stats": {
      "level": 14,
      "goldEarned": 10190,
      "numDeaths": 11,
      "turretsKilled": 1,
      "minionsKilled": 147,
      "championsKilled": 6,
      "goldSpent": 9460,
      "totalDamageDealt": 104247,
      "totalDamageTaken": 24118,
      "doubleKills": 1,
      "killingSprees": 1,
      "largestKillingSpree": 4,
      "team": 100,
      "win": false,
      "largestMultiKill": 2,
      "physicalDamageDealtPlayer": 10402,
      "magicDamageDealtPlayer": 92924,
      "physicalDamageTaken": 8301,
      "magicDamageTaken": 15229,
      "timePlayed": 2307,
      "totalHeal": 289,
      "totalUnitsHealed": 1,
      "assists": 3,
      "item0": 3020,
      "item1": 3089,
      "item2": 3151,
      "item3": 3191,
      "item4": 1057,
      "item6": 3340,
      "magicDamageDealtToChampions": 21027,
      "physicalDamageDealtToChampions": 296,
      "totalDamageDealtToChampions": 22154,
      "trueDamageDealtPlayer": 920,
      "trueDamageDealtToChampions": 830,
      "trueDamageTaken": 588,
      "wardPlaced": 10,
      "totalTimeCrowdControlDealt": 15
    }
  },
  "30165840": {
    "gameId": 818169421,
    "invalid": false,
    "gameMode": "CLASSIC",
    "gameType": "MATCHED_GAME",
    "subType": "RANKED_SOLO_5x5",
    "mapId": 1,
    "teamId": 200,
    "championId": 113,
    "spell1": 11,
    "spell2": 4,
    "level": 30,
    "ipEarned": 106,
    "createDate": 1398243453804,
    "fellowPlayers": [
      {
        "summonerId": 28433803,
        "teamId": 200,
        "championId": 51
      },
      {
        "summonerId": 34917929,
        "teamId": 200,
        "championId": 7
      },
      {
        "summonerId": 23820986,
        "teamId": 100,
        "championId": 55
      },
      {
        "summonerId": 29735856,
        "teamId": 200,
        "championId": 266
      },
      {
        "summonerId": 28916410,
        "teamId": 100,
        "championId": 32
      },
      {
        "summonerId": 36738512,
        "teamId": 100,
        "championId": 119
      },
      {
        "summonerId": 24514372,
        "teamId": 100,
        "championId": 80
      },
      {
        "summonerId": 40309279,
        "teamId": 200,
        "championId": 16
      },
      {
        "summonerId": 29804425,
        "teamId": 100,
        "championId": 412
      }
    ],
    "stats": {
      "level": 17,
      "goldEarned": 12551,
      "numDeaths": 2,
      "turretsKilled": 1,
      "minionsKilled": 70,
      "championsKilled": 4,
      "goldSpent": 11980,
      "totalDamageDealt": 133225,
      "totalDamageTaken": 33275,
      "killingSprees": 1,
      "largestKillingSpree": 3,
      "team": 200,
      "win": true,
      "neutralMinionsKilled": 61,
      "largestMultiKill": 1,
      "physicalDamageDealtPlayer": 30608,
      "magicDamageDealtPlayer": 88985,
      "physicalDamageTaken": 21371,
      "magicDamageTaken": 10737,
      "timePlayed": 2307,
      "totalHeal": 3687,
      "totalUnitsHealed": 1,
      "assists": 18,
      "item0": 3207,
      "item1": 3047,
      "item2": 3143,
      "item3": 3083,
      "item4": 3068,
      "item6": 3341,
      "sightWardsBought": 2,
      "magicDamageDealtToChampions": 16905,
      "physicalDamageDealtToChampions": 1782,
      "totalDamageDealtToChampions": 18933,
      "trueDamageDealtPlayer": 13632,
      "trueDamageDealtToChampions": 246,
      "trueDamageTaken": 1167,
      "wardKilled": 3,
      "wardPlaced": 2,
      "neutralMinionsKilledEnemyJungle": 8,
      "neutralMinionsKilledYourJungle": 53,
      "totalTimeCrowdControlDealt": 788
    }
  }
}