{
  "31765717": {
    "gameId": 818161386,
    "invalid": false,
    "gameMode": "CLASSIC",
    "gameType": "MATCHED_GAME",
    "subType": "NORMAL",
    "mapId": 1,
    "teamId": 200,
    "championId": 69,
    "spell1": 14,
    "spell2": 4,
    "level": 30,
    "ipEarned": 101,
    "createDate": 1398243040989,
    "fellowPlayers": [
      {
        "summonerId": 32392975,
        "teamId": 100,
        "championId": 115
      },
      {
        "summonerId": 30045725,
        "teamId": 200,
        "championId": 92
      },
      {
        "summonerId": 39833002,
        "teamId": 100,
        "championId": 17
      },
      {
        "summonerId": 25785675,
        "teamId": 200,
        "championId": 11
      },
      {
        "summonerId": 32673114,
        "teamId": 200,
        "championId": 117
      },
      {
        "summonerId": 22091232,
        "teamId": 100,
        "championId": 78
      },
      {
        "summonerId": 28691416,
        "teamId": 100,
        "championId": 5
      },
      {
        "summonerId": 32833058,
        "teamId": 200,
        "championId": 29
      },
      {
        "summonerId": 34088862,
        "teamId": 100,
        "championId": 110
      }
    ],
    "stats": {
      "level": 17,
      "goldEarned": 11293,
      "numDeaths": 9,
      "minionsKilled": 101,
      "championsKilled": 7,
      "goldSpent": 10205,
      "totalDamageDealt": 82451,
      "totalDamageTaken": 27847,
      "doubleKills": 1,
      "killingSprees": 2,
      "largestKillingSpree": 2,
      "team": 200,
      "win": true,
      "neutralMinionsKilled": 5,
      "largestMultiKill": 2,
      "physicalDamageDealtPlayer": 11885,
      "magicDamageDealtPlayer": 69981,
      "physicalDamageTaken": 11426,
      "magicDamageTaken": 16181,
      "timePlayed": 2167,
      "totalHeal": 1008,
      "totalUnitsHealed": 1,
      "assists": 10,
      "item0": 3020,
      "item1": 3116,
      "item2": 1056,
      "item3": 3151,
      "item4": 3145,
      "item5": 1026,
      "item6": 3340,
      "magicDamageDealtToChampions": 17049,
      "physicalDamageDealtToChampions": 1166,
      "totalDamageDealtToChampions": 18799,
      "trueDamageDealtPlayer": 584,
      "trueDamageDealtToChampions": 584,
      "trueDamageTaken": 240,
      "wardPlaced": 9,
      "neutralMinionsKilledYourJungle": 5,
      "totalTimeCrowdControlDealt": 1223
    }
  },
  "summonerCount": 10,
  "30045725": {
    "gameId": 818161386,
    "invalid": false,
    "gameMode": "CLASSIC",
    "gameType": "MATCHED_GAME",
    "subType": "NORMAL",
    "mapId": 1,
    "teamId": 200,
    "championId": 92,
    "spell1": 14,
    "spell2": 4,
    "level": 30,
    "ipEarned": 0,
    "createDate": 1398243040988,
    "fellowPlayers": [
      {
        "summonerId": 32392975,
        "teamId": 100,
        "championId": 115
      },
      {
        "summonerId": 39833002,
        "teamId": 100,
        "championId": 17
      },
      {
        "summonerId": 25785675,
        "teamId": 200,
        "championId": 11
      },
      {
        "summonerId": 32673114,
        "teamId": 200,
        "championId": 117
      },
      {
        "summonerId": 22091232,
        "teamId": 100,
        "championId": 78
      },
      {
        "summonerId": 28691416,
        "teamId": 100,
        "championId": 5
      },
      {
        "summonerId": 31765717,
        "teamId": 200,
        "championId": 69
      },
      {
        "summonerId": 32833058,
        "teamId": 200,
        "championId": 29
      },
      {
        "summonerId": 34088862,
        "teamId": 100,
        "championId": 110
      }
    ],
    "stats": {
      "level": 6,
      "goldEarned": 6371,
      "numDeaths": 3,
      "minionsKilled": 29,
      "goldSpent": 1335,
      "totalDamageDealt": 9684,
      "totalDamageTaken": 3089,
      "team": 200,
      "win": true,
      "physicalDamageDealtPlayer": 9594,
      "physicalDamageTaken": 2005,
      "magicDamageTaken": 827,
      "timePlayed": 2167,
      "totalHeal": 140,
      "totalUnitsHealed": 1,
      "assists": 1,
      "item0": 1055,
      "item1": 2003,
      "item2": 1036,
      "item3": 1036,
      "item6": 3340,
      "physicalDamageDealtToChampions": 2271,
      "totalDamageDealtToChampions": 2361,
      "trueDamageDealtPlayer": 90,
      "trueDamageDealtToChampions": 90,
      "trueDamageTaken": 256,
      "wardPlaced": 1,
      "totalTimeCrowdControlDealt": 12
    }
  },
  "39833002": {
    "gameId": 818161386,
    "invalid": false,
    "gameMode": "CLASSIC",
    "gameType": "MATCHED_GAME",
    "subType": "NORMAL",
    "mapId": 1,
    "teamId": 100,
    "championId": 17,
    "spell1": 14,
    "spell2": 4,
    "level": 30,
    "ipEarned": 67,
    "createDate": 1398243040985,
    "fellowPlayers": [
      {
        "summonerId": 32392975,
        "teamId": 100,
        "championId": 115
      },
      {
        "summonerId": 30045725,
        "teamId": 200,
        "championId": 92
      },
      {
        "summonerId": 25785675,
        "teamId": 200,
        "championId": 11
      },
      {
        "summonerId": 32673114,
        "teamId": 200,
        "championId": 117
      },
      {
        "summonerId": 22091232,
        "teamId": 100,
        "championId": 78
      },
      {
        "summonerId": 28691416,
        "teamId": 100,
        "championId": 5
      },
      {
        "summonerId": 31765717,
        "teamId": 200,
        "championId": 69
      },
      {
        "summonerId": 32833058,
        "teamId": 200,
        "championId": 29
      },
      {
        "summonerId": 34088862,
        "teamId": 100,
        "championId": 110
      }
    ],
    "stats": {
      "level": 14,
      "goldEarned": 8452,
      "numDeaths": 11,
      "minionsKilled": 54,
      "championsKilled": 1,
      "goldSpent": 9155,
      "totalDamageDealt": 50850,
      "totalDamageTaken": 18639,
      "team": 100,
      "win": false,
      "neutralMinionsKilled": 1,
      "largestMultiKill": 1,
      "physicalDamageDealtPlayer": 11045,
      "magicDamageDealtPlayer": 38890,
      "physicalDamageTaken": 10383,
      "magicDamageTaken": 6976,
      "timePlayed": 2167,
      "assists": 9,
      "item0": 2003,
      "item1": 3115,
      "item2": 1056,
      "item3": 3151,
      "item4": 3020,
      "item6": 3340,
      "magicDamageDealtToChampions": 14971,
      "physicalDamageDealtToChampions": 1349,
      "totalDamageDealtToChampions": 17235,
      "trueDamageDealtPlayer": 914,
      "trueDamageDealtToChampions": 914,
      "trueDamageTaken": 1280,
      "wardPlaced": 59,
      "neutralMinionsKilledEnemyJungle": 1,
      "totalTimeCrowdControlDealt": 371
    }
  },
  "32392975": {
    "gameId": 818161386,
    "invalid": false,
    "gameMode": "CLASSIC",
    "gameType": "MATCHED_GAME",
    "subType": "NORMAL",
    "mapId": 1,
    "teamId": 100,
    "championId": 115,
    "spell1": 14,
    "spell2": 4,
    "level": 30,
    "ipEarned": 67,
    "createDate": 1398243040982,
    "fellowPlayers": [
      {
        "summonerId": 30045725,
        "teamId": 200,
        "championId": 92
      },
      {
        "summonerId": 39833002,
        "teamId": 100,
        "championId": 17
      },
      {
        "summonerId": 25785675,
        "teamId": 200,
        "championId": 11
      },
      {
        "summonerId": 32673114,
        "teamId": 200,
        "championId": 117
      },
      {
        "summonerId": 22091232,
        "teamId": 100,
        "championId": 78
      },
      {
        "summonerId": 28691416,
        "teamId": 100,
        "championId": 5
      },
      {
        "summonerId": 31765717,
        "teamId": 200,
        "championId": 69
      },
      {
        "summonerId": 32833058,
        "teamId": 200,
        "championId": 29
      },
      {
        "summonerId": 34088862,
        "teamId": 100,
        "championId": 110
      }
    ],
    "stats": {
      "level": 16,
      "goldEarned": 11876,
      "numDeaths": 8,
      "minionsKilled": 137,
      "championsKilled": 9,
      "goldSpent": 12620,
      "totalDamageDealt": 105900,
      "totalDamageTaken": 23518,
      "doubleKills": 1,
      "killingSprees": 3,
      "largestKillingSpree": 3,
      "team": 100,
      "win": false,
      "neutralMinionsKilled": 5,
      "largestMultiKill": 2,
      "physicalDamageDealtPlayer": 18306,
      "magicDamageDealtPlayer": 86277,
      "physicalDamageTaken": 16249,
      "magicDamageTaken": 4757,
      "timePlayed": 2167,
      "totalHeal": 906,
      "totalUnitsHealed": 1,
      "assists": 6,
      "item0": 3089,
      "item1": 3255,
      "item2": 3100,
      "item3": 3152,
      "item6": 3342,
      "magicDamageDealtToChampions": 20799,
      "physicalDamageDealtToChampions": 1189,
      "totalDamageDealtToChampions": 22984,
      "trueDamageDealtPlayer": 1316,
      "trueDamageDealtToChampions": 996,
      "trueDamageTaken": 2512,
      "neutralMinionsKilledEnemyJungle": 1,
      "neutralMinionsKilledYourJungle": 4,
      "totalTimeCrowdControlDealt": 282
    }
  },
  "25785675": {
    "gameId": 818161386,
    "invalid": false,
    "gameMode": "CLASSIC",
    "gameType": "MATCHED_GAME",
    "subType": "NORMAL",
    "mapId": 1,
    "teamId": 200,
    "championId": 11,
    "spell1": 11,
    "spell2": 4,
    "level": 30,
    "ipEarned": 101,
    "createDate": 1398243040987,
    "fellowPlayers": [
      {
        "summonerId": 32392975,
        "teamId": 100,
        "championId": 115
      },
      {
        "summonerId": 30045725,
        "teamId": 200,
        "championId": 92
      },
      {
        "summonerId": 39833002,
        "teamId": 100,
        "championId": 17
      },
      {
        "summonerId": 32673114,
        "teamId": 200,
        "championId": 117
      },
      {
        "summonerId": 22091232,
        "teamId": 100,
        "championId": 78
      },
      {
        "summonerId": 28691416,
        "teamId": 100,
        "championId": 5
      },
      {
        "summonerId": 31765717,
        "teamId": 200,
        "championId": 69
      },
      {
        "summonerId": 32833058,
        "teamId": 200,
        "championId": 29
      },
      {
        "summonerId": 34088862,
        "teamId": 100,
        "championId": 110
      }
    ],
    "stats": {
      "level": 18,
      "goldEarned": 18924,
      "numDeaths": 7,
      "turretsKilled": 2,
      "minionsKilled": 126,
      "championsKilled": 22,
      "goldSpent": 15800,
      "totalDamageDealt": 289720,
      "totalDamageTaken": 44207,
      "doubleKills": 4,
      "tripleKills": 2,
      "killingSprees": 6,
      "largestKillingSpree": 4,
      "team": 200,
      "win": true,
      "neutralMinionsKilled": 110,
      "largestMultiKill": 3,
      "physicalDamageDealtPlayer": 229827,
      "magicDamageDealtPlayer": 32592,
      "physicalDamageTaken": 27701,
      "magicDamageTaken": 14698,
      "largestCriticalStrike": 1125,
      "timePlayed": 2167,
      "totalHeal": 14365,
      "totalUnitsHealed": 1,
      "assists": 6,
      "item0": 3160,
      "item1": 3250,
      "item2": 3142,
      "item3": 3031,
      "item4": 3072,
      "item5": 3026,
      "item6": 3340,
      "magicDamageDealtToChampions": 2399,
      "physicalDamageDealtToChampions": 35511,
      "totalDamageDealtToChampions": 45448,
      "trueDamageDealtPlayer": 27301,
      "trueDamageDealtToChampions": 7537,
      "trueDamageTaken": 1807,
      "wardPlaced": 16,
      "neutralMinionsKilledEnemyJungle": 19,
      "neutralMinionsKilledYourJungle": 91,
      "totalTimeCrowdControlDealt": 776
    }
  },
  "32673114": {
    "gameId": 818161386,
    "invalid": false,
    "gameMode": "CLASSIC",
    "gameType": "MATCHED_GAME",
    "subType": "NORMAL",
    "mapId": 1,
    "teamId": 200,
    "championId": 117,
    "spell1": 7,
    "spell2": 4,
    "level": 30,
    "ipEarned": 251,
    "createDate": 1398243040991,
    "fellowPlayers": [
      {
        "summonerId": 32392975,
        "teamId": 100,
        "championId": 115
      },
      {
        "summonerId": 30045725,
        "teamId": 200,
        "championId": 92
      },
      {
        "summonerId": 39833002,
        "teamId": 100,
        "championId": 17
      },
      {
        "summonerId": 25785675,
        "teamId": 200,
        "championId": 11
      },
      {
        "summonerId": 22091232,
        "teamId": 100,
        "championId": 78
      },
      {
        "summonerId": 28691416,
        "teamId": 100,
        "championId": 5
      },
      {
        "summonerId": 31765717,
        "teamId": 200,
        "championId": 69
      },
      {
        "summonerId": 32833058,
        "teamId": 200,
        "championId": 29
      },
      {
        "summonerId": 34088862,
        "teamId": 100,
        "championId": 110
      }
    ],
    "stats": {
      "level": 17,
      "goldEarned": 13205,
      "numDeaths": 6,
      "minionsKilled": 28,
      "championsKilled": 2,
      "goldSpent": 10995,
      "totalDamageDealt": 24863,
      "totalDamageTaken": 27751,
      "team": 200,
      "win": true,
      "largestMultiKill": 1,
      "physicalDamageDealtPlayer": 7857,
      "magicDamageDealtPlayer": 17005,
      "physicalDamageTaken": 13801,
      "magicDamageTaken": 13518,
      "timePlayed": 2167,
      "totalHeal": 3618,
      "totalUnitsHealed": 4,
      "assists": 31,
      "item0": 3222,
      "item1": 3069,
      "item2": 3143,
      "item3": 2049,
      "item4": 1058,
      "item5": 3275,
      "item6": 3341,
      "sightWardsBought": 1,
      "magicDamageDealtToChampions": 8886,
      "physicalDamageDealtToChampions": 2695,
      "totalDamageDealtToChampions": 11582,
      "trueDamageTaken": 432,
      "wardKilled": 2,
      "wardPlaced": 16,
      "totalTimeCrowdControlDealt": 404
    }
  },
  "22091232": {
    "gameId": 818161386,
    "invalid": false,
    "gameMode": "CLASSIC",
    "gameType": "MATCHED_GAME",
    "subType": "NORMAL",
    "mapId": 1,
    "teamId": 100,
    "championId": 78,
    "spell1": 4,
    "spell2": 14,
    "level": 30,
    "ipEarned": 67,
    "createDate": 1398243040983,
    "fellowPlayers": [
      {
        "summonerId": 32392975,
        "teamId": 100,
        "championId": 115
      },
      {
        "summonerId": 30045725,
        "teamId": 200,
        "championId": 92
      },
      {
        "summonerId": 39833002,
        "teamId": 100,
        "championId": 17
      },
      {
        "summonerId": 25785675,
        "teamId": 200,
        "championId": 11
      },
      {
        "summonerId": 32673114,
        "teamId": 200,
        "championId": 117
      },
      {
        "summonerId": 28691416,
        "teamId": 100,
        "championId": 5
      },
      {
        "summonerId": 31765717,
        "teamId": 200,
        "championId": 69
      },
      {
        "summonerId": 32833058,
        "teamId": 200,
        "championId": 29
      },
      {
        "summonerId": 34088862,
        "teamId": 100,
        "championId": 110
      }
    ],
    "stats": {
      "level": 17,
      "goldEarned": 13829,
      "numDeaths": 6,
      "turretsKilled": 2,
      "minionsKilled": 188,
      "championsKilled": 12,
      "goldSpent": 13663,
      "totalDamageDealt": 115477,
      "totalDamageTaken": 28434,
      "killingSprees": 3,
      "largestKillingSpree": 5,
      "team": 100,
      "win": false,
      "largestMultiKill": 1,
      "physicalDamageDealtPlayer": 87651,
      "magicDamageDealtPlayer": 26152,
      "physicalDamageTaken": 17617,
      "magicDamageTaken": 7640,
      "largestCriticalStrike": 735,
      "timePlayed": 2167,
      "totalHeal": 3904,
      "totalUnitsHealed": 1,
      "assists": 4,
      "item0": 3153,
      "item1": 3026,
      "item2": 3078,
      "item3": 1018,
      "item4": 3265,
      "item5": 1037,
      "item6": 3340,
      "sightWardsBought": 2,
      "magicDamageDealtToChampions": 13511,
      "physicalDamageDealtToChampions": 14801,
      "totalDamageDealtToChampions": 29378,
      "trueDamageDealtPlayer": 1674,
      "trueDamageDealtToChampions": 1066,
      "trueDamageTaken": 3177,
      "wardPlaced": 10,
      "totalTimeCrowdControlDealt": 310
    }
  },
  "34088862": {
    "gameId": 818161386,
    "invalid": false,
    "gameMode": "CLASSIC",
    "gameType": "MATCHED_GAME",
    "subType": "NORMAL",
    "mapId": 1,
    "teamId": 100,
    "championId": 110,
    "spell1": 21,
    "spell2": 4,
    "level": 30,
    "ipEarned": 67,
    "createDate": 1398243040981,
    "fellowPlayers": [
      {
        "summonerId": 32392975,
        "teamId": 100,
        "championId": 115
      },
      {
        "summonerId": 30045725,
        "teamId": 200,
        "championId": 92
      },
      {
        "summonerId": 39833002,
        "teamId": 100,
        "championId": 17
      },
      {
        "summonerId": 25785675,
        "teamId": 200,
        "championId": 11
      },
      {
        "summonerId": 32673114,
        "teamId": 200,
        "championId": 117
      },
      {
        "summonerId": 22091232,
        "teamId": 100,
        "championId": 78
      },
      {
        "summonerId": 28691416,
        "teamId": 100,
        "championId": 5
      },
      {
        "summonerId": 31765717,
        "teamId": 200,
        "championId": 69
      },
      {
        "summonerId": 32833058,
        "teamId": 200,
        "championId": 29
      }
    ],
    "stats": {
      "level": 16,
      "goldEarned": 12656,
      "numDeaths": 11,
      "turretsKilled": 2,
      "minionsKilled": 172,
      "championsKilled": 5,
      "goldSpent": 12175,
      "totalDamageDealt": 136234,
      "totalDamageTaken": 22576,
      "killingSprees": 1,
      "largestKillingSpree": 2,
      "team": 100,
      "win": false,
      "neutralMinionsKilled": 13,
      "largestMultiKill": 1,
      "physicalDamageDealtPlayer": 125583,
      "magicDamageDealtPlayer": 10250,
      "physicalDamageTaken": 15771,
      "magicDamageTaken": 4633,
      "timePlayed": 2167,
      "totalHeal": 1226,
      "totalUnitsHealed": 1,
      "assists": 11,
      "item0": 3085,
      "item1": 3072,
      "item2": 3254,
      "item3": 3035,
      "item4": 1038,
      "item5": 1037,
      "item6": 3340,
      "magicDamageDealtToChampions": 3625,
      "physicalDamageDealtToChampions": 22119,
      "totalDamageDealtToChampions": 26024,
      "trueDamageDealtPlayer": 400,
      "trueDamageDealtToChampions": 280,
      "trueDamageTaken": 2172,
      "wardPlaced": 8,
      "neutralMinionsKilledEnemyJungle": 1,
      "neutralMinionsKilledYourJungle": 12,
      "totalTimeCrowdControlDealt": 193
    }
  },
  "32833058": {
    "gameId": 818161386,
    "invalid": false,
    "gameMode": "CLASSIC",
    "gameType": "MATCHED_GAME",
    "subType": "NORMAL",
    "mapId": 1,
    "teamId": 200,
    "championId": 29,
    "spell1": 4,
    "spell2": 7,
    "level": 30,
    "ipEarned": 101,
    "createDate": 1398243040986,
    "fellowPlayers": [
      {
        "summonerId": 32392975,
        "teamId": 100,
        "championId": 115
      },
      {
        "summonerId": 30045725,
        "teamId": 200,
        "championId": 92
      },
      {
        "summonerId": 39833002,
        "teamId": 100,
        "championId": 17
      },
      {
        "summonerId": 25785675,
        "teamId": 200,
        "championId": 11
      },
      {
        "summonerId": 32673114,
        "teamId": 200,
        "championId": 117
      },
      {
        "summonerId": 22091232,
        "teamId": 100,
        "championId": 78
      },
      {
        "summonerId": 28691416,
        "teamId": 100,
        "championId": 5
      },
      {
        "summonerId": 31765717,
        "teamId": 200,
        "championId": 69
      },
      {
        "summonerId": 34088862,
        "teamId": 100,
        "championId": 110
      }
    ],
    "stats": {
      "level": 18,
      "goldEarned": 15131,
      "numDeaths": 6,
      "barracksKilled": 1,
      "turretsKilled": 3,
      "minionsKilled": 169,
      "championsKilled": 16,
      "goldSpent": 12170,
      "totalDamageDealt": 127397,
      "totalDamageTaken": 31629,
      "doubleKills": 1,
      "killingSprees": 4,
      "largestKillingSpree": 5,
      "team": 200,
      "win": true,
      "neutralMinionsKilled": 9,
      "largestMultiKill": 2,
      "physicalDamageDealtPlayer": 113473,
      "magicDamageDealtPlayer": 2387,
      "physicalDamageTaken": 20578,
      "magicDamageTaken": 9743,
      "largestCriticalStrike": 358,
      "timePlayed": 2167,
      "totalHeal": 5348,
      "totalUnitsHealed": 2,
      "assists": 12,
      "item0": 3131,
      "item1": 3072,
      "item2": 3153,
      "item3": 1055,
      "item4": 3250,
      "item5": 1031,
      "item6": 3340,
      "magicDamageDealtToChampions": 948,
      "physicalDamageDealtToChampions": 21648,
      "totalDamageDealtToChampions": 27369,
      "trueDamageDealtPlayer": 11536,
      "trueDamageDealtToChampions": 4772,
      "trueDamageTaken": 1308,
      "wardKilled": 1,
      "wardPlaced": 8,
      "neutralMinionsKilledEnemyJungle": 6,
      "neutralMinionsKilledYourJungle": 3,
      "totalTimeCrowdControlDealt": 502
    }
  },
  "31765717": {
    "gameId": 818161386,
    "invalid": false,
    "gameMode": "CLASSIC",
    "gameType": "MATCHED_GAME",
    "subType": "NORMAL",
    "mapId": 1,
    "teamId": 200,
    "championId": 69,
    "spell1": 14,
    "spell2": 4,
    "level": 30,
    "ipEarned": 101,
    "createDate": 1398243040989,
    "fellowPlayers": [
      {
        "summonerId": 32392975,
        "teamId": 100,
        "championId": 115
      },
      {
        "summonerId": 30045725,
        "teamId": 200,
        "championId": 92
      },
      {
        "summonerId": 39833002,
        "teamId": 100,
        "championId": 17
      },
      {
        "summonerId": 25785675,
        "teamId": 200,
        "championId": 11
      },
      {
        "summonerId": 32673114,
        "teamId": 200,
        "championId": 117
      },
      {
        "summonerId": 22091232,
        "teamId": 100,
        "championId": 78
      },
      {
        "summonerId": 28691416,
        "teamId": 100,
        "championId": 5
      },
      {
        "summonerId": 32833058,
        "teamId": 200,
        "championId": 29
      },
      {
        "summonerId": 34088862,
        "teamId": 100,
        "championId": 110
      }
    ],
    "stats": {
      "level": 17,
      "goldEarned": 11293,
      "numDeaths": 9,
      "minionsKilled": 101,
      "championsKilled": 7,
      "goldSpent": 10205,
      "totalDamageDealt": 82451,
      "totalDamageTaken": 27847,
      "doubleKills": 1,
      "killingSprees": 2,
      "largestKillingSpree": 2,
      "team": 200,
      "win": true,
      "neutralMinionsKilled": 5,
      "largestMultiKill": 2,
      "physicalDamageDealtPlayer": 11885,
      "magicDamageDealtPlayer": 69981,
      "physicalDamageTaken": 11426,
      "magicDamageTaken": 16181,
      "timePlayed": 2167,
      "totalHeal": 1008,
      "totalUnitsHealed": 1,
      "assists": 10,
      "item0": 3020,
      "item1": 3116,
      "item2": 1056,
      "item3": 3151,
      "item4": 3145,
      "item5": 1026,
      "item6": 3340,
      "magicDamageDealtToChampions": 17049,
      "physicalDamageDealtToChampions": 1166,
      "totalDamageDealtToChampions": 18799,
      "trueDamageDealtPlayer": 584,
      "trueDamageDealtToChampions": 584,
      "trueDamageTaken": 240,
      "wardPlaced": 9,
      "neutralMinionsKilledYourJungle": 5,
      "totalTimeCrowdControlDealt": 1223
    }
  }
}