{
  "26507452": {
    "gameId": 818161293,
    "invalid": false,
    "gameMode": "CLASSIC",
    "gameType": "MATCHED_GAME",
    "subType": "RANKED_SOLO_5x5",
    "mapId": 1,
    "teamId": 200,
    "championId": 89,
    "spell1": 4,
    "spell2": 14,
    "level": 30,
    "ipEarned": 91,
    "createDate": 1398244286456,
    "fellowPlayers": [
      {
        "summonerId": 26505602,
        "teamId": 200,
        "championId": 104
      },
      {
        "summonerId": 26283378,
        "teamId": 200,
        "championId": 17
      },
      {
        "summonerId": 32313061,
        "teamId": 100,
        "championId": 67
      },
      {
        "summonerId": 33394856,
        "teamId": 200,
        "championId": 254
      },
      {
        "summonerId": 27211714,
        "teamId": 100,
        "championId": 23
      },
      {
        "summonerId": 36656817,
        "teamId": 100,
        "championId": 24
      },
      {
        "summonerId": 33993403,
        "teamId": 200,
        "championId": 105
      },
      {
        "summonerId": 29746652,
        "teamId": 100,
        "championId": 25
      },
      {
        "summonerId": 31205608,
        "teamId": 100,
        "championId": 121
      }
    ],
    "stats": {
      "level": 18,
      "goldEarned": 14071,
      "numDeaths": 11,
      "minionsKilled": 71,
      "championsKilled": 5,
      "goldSpent": 13780,
      "totalDamageDealt": 85130,
      "totalDamageTaken": 51005,
      "killingSprees": 1,
      "largestKillingSpree": 2,
      "team": 200,
      "win": false,
      "largestMultiKill": 1,
      "physicalDamageDealtPlayer": 27334,
      "magicDamageDealtPlayer": 51791,
      "physicalDamageTaken": 38806,
      "magicDamageTaken": 8431,
      "timePlayed": 3226,
      "totalHeal": 8458,
      "totalUnitsHealed": 5,
      "assists": 20,
      "item0": 2045,
      "item1": 3401,
      "item2": 3190,
      "item3": 3065,
      "item4": 3068,
      "item5": 3270,
      "item6": 3340,
      "sightWardsBought": 3,
      "magicDamageDealtToChampions": 12289,
      "physicalDamageDealtToChampions": 6507,
      "totalDamageDealtToChampions": 20815,
      "trueDamageDealtPlayer": 6004,
      "trueDamageDealtToChampions": 2018,
      "trueDamageTaken": 3767,
      "wardPlaced": 18,
      "totalTimeCrowdControlDealt": 74
    }
  },
  "summonerCount": 10,
  "29746652": {
    "gameId": 818161293,
    "invalid": false,
    "gameMode": "CLASSIC",
    "gameType": "MATCHED_GAME",
    "subType": "RANKED_SOLO_5x5",
    "mapId": 1,
    "teamId": 100,
    "championId": 25,
    "spell1": 3,
    "spell2": 4,
    "level": 30,
    "ipEarned": 140,
    "createDate": 1398244286448,
    "fellowPlayers": [
      {
        "summonerId": 26505602,
        "teamId": 200,
        "championId": 104
      },
      {
        "summonerId": 26283378,
        "teamId": 200,
        "championId": 17
      },
      {
        "summonerId": 32313061,
        "teamId": 100,
        "championId": 67
      },
      {
        "summonerId": 33394856,
        "teamId": 200,
        "championId": 254
      },
      {
        "summonerId": 27211714,
        "teamId": 100,
        "championId": 23
      },
      {
        "summonerId": 36656817,
        "teamId": 100,
        "championId": 24
      },
      {
        "summonerId": 26507452,
        "teamId": 200,
        "championId": 89
      },
      {
        "summonerId": 33993403,
        "teamId": 200,
        "championId": 105
      },
      {
        "summonerId": 31205608,
        "teamId": 100,
        "championId": 121
      }
    ],
    "stats": {
      "level": 18,
      "goldEarned": 16560,
      "numDeaths": 10,
      "barracksKilled": 1,
      "minionsKilled": 77,
      "championsKilled": 5,
      "goldSpent": 17355,
      "totalDamageDealt": 85271,
      "totalDamageTaken": 34973,
      "killingSprees": 1,
      "largestKillingSpree": 2,
      "team": 100,
      "win": true,
      "neutralMinionsKilled": 1,
      "largestMultiKill": 1,
      "physicalDamageDealtPlayer": 18900,
      "magicDamageDealtPlayer": 66034,
      "physicalDamageTaken": 18242,
      "magicDamageTaken": 15695,
      "timePlayed": 3226,
      "assists": 21,
      "item0": 3001,
      "item1": 3255,
      "item2": 3157,
      "item3": 3089,
      "item4": 3027,
      "item5": 1057,
      "item6": 3340,
      "sightWardsBought": 1,
      "magicDamageDealtToChampions": 31262,
      "physicalDamageDealtToChampions": 2993,
      "totalDamageDealtToChampions": 34255,
      "trueDamageDealtPlayer": 336,
      "trueDamageTaken": 1035,
      "wardKilled": 1,
      "wardPlaced": 7,
      "neutralMinionsKilledYourJungle": 1,
      "totalTimeCrowdControlDealt": 263
    }
  },
  "31205608": {
    "gameId": 818161293,
    "invalid": false,
    "gameMode": "CLASSIC",
    "gameType": "MATCHED_GAME",
    "subType": "RANKED_SOLO_5x5",
    "mapId": 1,
    "teamId": 100,
    "championId": 121,
    "spell1": 4,
    "spell2": 14,
    "level": 30,
    "ipEarned": 290,
    "createDate": 1398244286449,
    "fellowPlayers": [
      {
        "summonerId": 26505602,
        "teamId": 200,
        "championId": 104
      },
      {
        "summonerId": 26283378,
        "teamId": 200,
        "championId": 17
      },
      {
        "summonerId": 32313061,
        "teamId": 100,
        "championId": 67
      },
      {
        "summonerId": 33394856,
        "teamId": 200,
        "championId": 254
      },
      {
        "summonerId": 27211714,
        "teamId": 100,
        "championId": 23
      },
      {
        "summonerId": 36656817,
        "teamId": 100,
        "championId": 24
      },
      {
        "summonerId": 26507452,
        "teamId": 200,
        "championId": 89
      },
      {
        "summonerId": 33993403,
        "teamId": 200,
        "championId": 105
      },
      {
        "summonerId": 29746652,
        "teamId": 100,
        "championId": 25
      }
    ],
    "stats": {
      "level": 18,
      "goldEarned": 18962,
      "numDeaths": 9,
      "minionsKilled": 106,
      "championsKilled": 21,
      "goldSpent": 18060,
      "totalDamageDealt": 115367,
      "totalDamageTaken": 45667,
      "doubleKills": 5,
      "tripleKills": 1,
      "killingSprees": 5,
      "largestKillingSpree": 6,
      "team": 100,
      "win": true,
      "neutralMinionsKilled": 7,
      "largestMultiKill": 3,
      "physicalDamageDealtPlayer": 109822,
      "magicDamageDealtPlayer": 2725,
      "physicalDamageTaken": 27567,
      "magicDamageTaken": 15132,
      "timePlayed": 3226,
      "totalHeal": 5281,
      "totalUnitsHealed": 1,
      "assists": 14,
      "item0": 3026,
      "item1": 3071,
      "item2": 3265,
      "item3": 3035,
      "item4": 3072,
      "item5": 3156,
      "item6": 3340,
      "sightWardsBought": 1,
      "magicDamageDealtToChampions": 2725,
      "physicalDamageDealtToChampions": 38246,
      "totalDamageDealtToChampions": 43493,
      "trueDamageDealtPlayer": 2820,
      "trueDamageDealtToChampions": 2522,
      "trueDamageTaken": 2968,
      "wardPlaced": 13,
      "neutralMinionsKilledEnemyJungle": 1,
      "neutralMinionsKilledYourJungle": 6,
      "totalTimeCrowdControlDealt": 372
    }
  },
  "33394856": {
    "gameId": 818161293,
    "invalid": false,
    "gameMode": "CLASSIC",
    "gameType": "MATCHED_GAME",
    "subType": "RANKED_SOLO_5x5",
    "mapId": 1,
    "teamId": 200,
    "championId": 254,
    "spell1": 12,
    "spell2": 11,
    "level": 30,
    "ipEarned": 91,
    "createDate": 1398244286455,
    "fellowPlayers": [
      {
        "summonerId": 26505602,
        "teamId": 200,
        "championId": 104
      },
      {
        "summonerId": 26283378,
        "teamId": 200,
        "championId": 17
      },
      {
        "summonerId": 32313061,
        "teamId": 100,
        "championId": 67
      },
      {
        "summonerId": 27211714,
        "teamId": 100,
        "championId": 23
      },
      {
        "summonerId": 36656817,
        "teamId": 100,
        "championId": 24
      },
      {
        "summonerId": 26507452,
        "teamId": 200,
        "championId": 89
      },
      {
        "summonerId": 33993403,
        "teamId": 200,
        "championId": 105
      },
      {
        "summonerId": 29746652,
        "teamId": 100,
        "championId": 25
      },
      {
        "summonerId": 31205608,
        "teamId": 100,
        "championId": 121
      }
    ],
    "stats": {
      "level": 18,
      "goldEarned": 19167,
      "numDeaths": 13,
      "turretsKilled": 2,
      "minionsKilled": 195,
      "championsKilled": 7,
      "goldSpent": 19590,
      "totalDamageDealt": 282139,
      "totalDamageTaken": 56233,
      "doubleKills": 2,
      "killingSprees": 2,
      "largestKillingSpree": 2,
      "team": 200,
      "win": false,
      "neutralMinionsKilled": 92,
      "largestMultiKill": 2,
      "physicalDamageDealtPlayer": 237323,
      "magicDamageDealtPlayer": 28540,
      "physicalDamageTaken": 40670,
      "magicDamageTaken": 13891,
      "timePlayed": 3226,
      "totalHeal": 5506,
      "totalUnitsHealed": 1,
      "assists": 14,
      "item0": 3083,
      "item1": 3143,
      "item2": 3265,
      "item3": 3068,
      "item4": 3071,
      "item5": 3110,
      "item6": 3341,
      "magicDamageDealtToChampions": 3375,
      "physicalDamageDealtToChampions": 23301,
      "totalDamageDealtToChampions": 27383,
      "trueDamageDealtPlayer": 16276,
      "trueDamageDealtToChampions": 706,
      "trueDamageTaken": 1672,
      "wardKilled": 1,
      "neutralMinionsKilledEnemyJungle": 4,
      "neutralMinionsKilledYourJungle": 88,
      "totalTimeCrowdControlDealt": 1427
    }
  },
  "36656817": {
    "gameId": 818161293,
    "invalid": false,
    "gameMode": "CLASSIC",
    "gameType": "MATCHED_GAME",
    "subType": "RANKED_SOLO_5x5",
    "mapId": 1,
    "teamId": 100,
    "championId": 24,
    "spell1": 4,
    "spell2": 14,
    "level": 30,
    "ipEarned": 290,
    "createDate": 1398244286450,
    "fellowPlayers": [
      {
        "summonerId": 26505602,
        "teamId": 200,
        "championId": 104
      },
      {
        "summonerId": 26283378,
        "teamId": 200,
        "championId": 17
      },
      {
        "summonerId": 32313061,
        "teamId": 100,
        "championId": 67
      },
      {
        "summonerId": 33394856,
        "teamId": 200,
        "championId": 254
      },
      {
        "summonerId": 27211714,
        "teamId": 100,
        "championId": 23
      },
      {
        "summonerId": 26507452,
        "teamId": 200,
        "championId": 89
      },
      {
        "summonerId": 33993403,
        "teamId": 200,
        "championId": 105
      },
      {
        "summonerId": 29746652,
        "teamId": 100,
        "championId": 25
      },
      {
        "summonerId": 31205608,
        "teamId": 100,
        "championId": 121
      }
    ],
    "stats": {
      "level": 18,
      "goldEarned": 18905,
      "numDeaths": 8,
      "barracksKilled": 1,
      "turretsKilled": 2,
      "minionsKilled": 164,
      "championsKilled": 12,
      "goldSpent": 20383,
      "totalDamageDealt": 161934,
      "totalDamageTaken": 56761,
      "doubleKills": 2,
      "killingSprees": 3,
      "largestKillingSpree": 4,
      "team": 100,
      "win": true,
      "neutralMinionsKilled": 19,
      "largestMultiKill": 2,
      "physicalDamageDealtPlayer": 126497,
      "magicDamageDealtPlayer": 33106,
      "physicalDamageTaken": 26337,
      "magicDamageTaken": 27998,
      "largestCriticalStrike": 560,
      "timePlayed": 3226,
      "totalHeal": 10687,
      "totalUnitsHealed": 1,
      "assists": 17,
      "item0": 3153,
      "item1": 3265,
      "item2": 3143,
      "item3": 3078,
      "item4": 3026,
      "item5": 3211,
      "item6": 3341,
      "sightWardsBought": 1,
      "magicDamageDealtToChampions": 9170,
      "physicalDamageDealtToChampions": 25435,
      "totalDamageDealtToChampions": 36760,
      "trueDamageDealtPlayer": 2330,
      "trueDamageDealtToChampions": 2154,
      "trueDamageTaken": 2426,
      "wardKilled": 2,
      "wardPlaced": 15,
      "neutralMinionsKilledEnemyJungle": 7,
      "neutralMinionsKilledYourJungle": 12,
      "totalTimeCrowdControlDealt": 843
    }
  },
  "26505602": {
    "gameId": 818161293,
    "invalid": false,
    "gameMode": "CLASSIC",
    "gameType": "MATCHED_GAME",
    "subType": "RANKED_SOLO_5x5",
    "mapId": 1,
    "teamId": 200,
    "championId": 104,
    "spell1": 4,
    "spell2": 7,
    "level": 30,
    "ipEarned": 91,
    "createDate": 1398244286454,
    "fellowPlayers": [
      {
        "summonerId": 26283378,
        "teamId": 200,
        "championId": 17
      },
      {
        "summonerId": 32313061,
        "teamId": 100,
        "championId": 67
      },
      {
        "summonerId": 33394856,
        "teamId": 200,
        "championId": 254
      },
      {
        "summonerId": 27211714,
        "teamId": 100,
        "championId": 23
      },
      {
        "summonerId": 36656817,
        "teamId": 100,
        "championId": 24
      },
      {
        "summonerId": 26507452,
        "teamId": 200,
        "championId": 89
      },
      {
        "summonerId": 33993403,
        "teamId": 200,
        "championId": 105
      },
      {
        "summonerId": 29746652,
        "teamId": 100,
        "championId": 25
      },
      {
        "summonerId": 31205608,
        "teamId": 100,
        "championId": 121
      }
    ],
    "stats": {
      "level": 18,
      "goldEarned": 21046,
      "numDeaths": 8,
      "barracksKilled": 2,
      "turretsKilled": 3,
      "minionsKilled": 308,
      "championsKilled": 11,
      "goldSpent": 20025,
      "totalDamageDealt": 291845,
      "totalDamageTaken": 39468,
      "doubleKills": 1,
      "killingSprees": 2,
      "largestKillingSpree": 5,
      "team": 200,
      "win": false,
      "neutralMinionsKilled": 25,
      "largestMultiKill": 2,
      "physicalDamageDealtPlayer": 260225,
      "magicDamageDealtPlayer": 29478,
      "physicalDamageTaken": 28419,
      "magicDamageTaken": 9997,
      "largestCriticalStrike": 1072,
      "timePlayed": 3226,
      "totalHeal": 6450,
      "totalUnitsHealed": 4,
      "assists": 19,
      "item0": 3035,
      "item1": 3139,
      "item2": 3072,
      "item3": 3252,
      "item4": 3031,
      "item5": 3087,
      "item6": 3340,
      "sightWardsBought": 2,
      "visionWardsBought": 2,
      "magicDamageDealtToChampions": 5842,
      "physicalDamageDealtToChampions": 47582,
      "totalDamageDealtToChampions": 54957,
      "trueDamageDealtPlayer": 2140,
      "trueDamageDealtToChampions": 1532,
      "trueDamageTaken": 1051,
      "wardKilled": 2,
      "wardPlaced": 11,
      "neutralMinionsKilledEnemyJungle": 6,
      "neutralMinionsKilledYourJungle": 19,
      "totalTimeCrowdControlDealt": 313
    }
  },
  "27211714": {
    "gameId": 818161293,
    "invalid": false,
    "gameMode": "CLASSIC",
    "gameType": "MATCHED_GAME",
    "subType": "RANKED_SOLO_5x5",
    "mapId": 1,
    "teamId": 100,
    "championId": 23,
    "spell1": 11,
    "spell2": 4,
    "level": 30,
    "ipEarned": 290,
    "createDate": 1398244286446,
    "fellowPlayers": [
      {
        "summonerId": 26505602,
        "teamId": 200,
        "championId": 104
      },
      {
        "summonerId": 26283378,
        "teamId": 200,
        "championId": 17
      },
      {
        "summonerId": 32313061,
        "teamId": 100,
        "championId": 67
      },
      {
        "summonerId": 33394856,
        "teamId": 200,
        "championId": 254
      },
      {
        "summonerId": 36656817,
        "teamId": 100,
        "championId": 24
      },
      {
        "summonerId": 26507452,
        "teamId": 200,
        "championId": 89
      },
      {
        "summonerId": 33993403,
        "teamId": 200,
        "championId": 105
      },
      {
        "summonerId": 29746652,
        "teamId": 100,
        "championId": 25
      },
      {
        "summonerId": 31205608,
        "teamId": 100,
        "championId": 121
      }
    ],
    "stats": {
      "level": 18,
      "goldEarned": 22707,
      "numDeaths": 12,
      "barracksKilled": 2,
      "turretsKilled": 2,
      "minionsKilled": 203,
      "championsKilled": 10,
      "goldSpent": 23910,
      "totalDamageDealt": 380956,
      "totalDamageTaken": 73969,
      "doubleKills": 2,
      "killingSprees": 3,
      "largestKillingSpree": 4,
      "team": 100,
      "win": true,
      "neutralMinionsKilled": 112,
      "largestMultiKill": 2,
      "physicalDamageDealtPlayer": 305193,
      "magicDamageDealtPlayer": 67995,
      "physicalDamageTaken": 50058,
      "magicDamageTaken": 22234,
      "largestCriticalStrike": 946,
      "timePlayed": 3226,
      "totalHeal": 17811,
      "totalUnitsHealed": 1,
      "assists": 20,
      "item0": 3160,
      "item1": 3074,
      "item2": 3087,
      "item3": 3111,
      "item4": 3031,
      "item5": 3102,
      "item6": 3362,
      "magicDamageDealtToChampions": 3951,
      "physicalDamageDealtToChampions": 34846,
      "totalDamageDealtToChampions": 39339,
      "trueDamageDealtPlayer": 7768,
      "trueDamageDealtToChampions": 542,
      "trueDamageTaken": 1676,
      "wardPlaced": 13,
      "neutralMinionsKilledEnemyJungle": 11,
      "neutralMinionsKilledYourJungle": 101,
      "totalTimeCrowdControlDealt": 520
    }
  },
  "26283378": {
    "gameId": 818161293,
    "invalid": false,
    "gameMode": "CLASSIC",
    "gameType": "MATCHED_GAME",
    "subType": "RANKED_SOLO_5x5",
    "mapId": 1,
    "teamId": 200,
    "championId": 17,
    "spell1": 14,
    "spell2": 4,
    "level": 30,
    "ipEarned": 91,
    "createDate": 1398244286453,
    "fellowPlayers": [
      {
        "summonerId": 26505602,
        "teamId": 200,
        "championId": 104
      },
      {
        "summonerId": 32313061,
        "teamId": 100,
        "championId": 67
      },
      {
        "summonerId": 33394856,
        "teamId": 200,
        "championId": 254
      },
      {
        "summonerId": 27211714,
        "teamId": 100,
        "championId": 23
      },
      {
        "summonerId": 36656817,
        "teamId": 100,
        "championId": 24
      },
      {
        "summonerId": 26507452,
        "teamId": 200,
        "championId": 89
      },
      {
        "summonerId": 33993403,
        "teamId": 200,
        "championId": 105
      },
      {
        "summonerId": 29746652,
        "teamId": 100,
        "championId": 25
      },
      {
        "summonerId": 31205608,
        "teamId": 100,
        "championId": 121
      }
    ],
    "stats": {
      "level": 18,
      "goldEarned": 18133,
      "numDeaths": 11,
      "minionsKilled": 227,
      "championsKilled": 11,
      "goldSpent": 19830,
      "totalDamageDealt": 190501,
      "totalDamageTaken": 36702,
      "doubleKills": 2,
      "tripleKills": 1,
      "killingSprees": 3,
      "largestKillingSpree": 5,
      "team": 200,
      "win": false,
      "neutralMinionsKilled": 6,
      "largestMultiKill": 3,
      "physicalDamageDealtPlayer": 32545,
      "magicDamageDealtPlayer": 154765,
      "physicalDamageTaken": 27583,
      "magicDamageTaken": 8321,
      "timePlayed": 3226,
      "totalHeal": 1809,
      "totalUnitsHealed": 1,
      "assists": 11,
      "item0": 3151,
      "item1": 3089,
      "item2": 3157,
      "item3": 3100,
      "item4": 3250,
      "item5": 3135,
      "item6": 3340,
      "magicDamageDealtToChampions": 45066,
      "physicalDamageDealtToChampions": 3987,
      "totalDamageDealtToChampions": 51976,
      "trueDamageDealtPlayer": 3190,
      "trueDamageDealtToChampions": 2922,
      "trueDamageTaken": 798,
      "wardPlaced": 78,
      "neutralMinionsKilledEnemyJungle": 3,
      "neutralMinionsKilledYourJungle": 3,
      "totalTimeCrowdControlDealt": 833
    }
  },
  "33993403": {
    "gameId": 818161293,
    "invalid": false,
    "gameMode": "CLASSIC",
    "gameType": "MATCHED_GAME",
    "subType": "RANKED_SOLO_5x5",
    "mapId": 1,
    "teamId": 200,
    "championId": 105,
    "spell1": 4,
    "spell2": 14,
    "level": 30,
    "ipEarned": 91,
    "createDate": 1398244286452,
    "fellowPlayers": [
      {
        "summonerId": 26505602,
        "teamId": 200,
        "championId": 104
      },
      {
        "summonerId": 26283378,
        "teamId": 200,
        "championId": 17
      },
      {
        "summonerId": 32313061,
        "teamId": 100,
        "championId": 67
      },
      {
        "summonerId": 33394856,
        "teamId": 200,
        "championId": 254
      },
      {
        "summonerId": 27211714,
        "teamId": 100,
        "championId": 23
      },
      {
        "summonerId": 36656817,
        "teamId": 100,
        "championId": 24
      },
      {
        "summonerId": 26507452,
        "teamId": 200,
        "championId": 89
      },
      {
        "summonerId": 29746652,
        "teamId": 100,
        "championId": 25
      },
      {
        "summonerId": 31205608,
        "teamId": 100,
        "championId": 121
      }
    ],
    "stats": {
      "level": 18,
      "goldEarned": 18294,
      "numDeaths": 12,
      "turretsKilled": 1,
      "minionsKilled": 147,
      "championsKilled": 18,
      "goldSpent": 18180,
      "totalDamageDealt": 149350,
      "totalDamageTaken": 37455,
      "doubleKills": 2,
      "killingSprees": 4,
      "largestKillingSpree": 5,
      "team": 200,
      "win": false,
      "neutralMinionsKilled": 3,
      "largestMultiKill": 2,
      "physicalDamageDealtPlayer": 29728,
      "magicDamageDealtPlayer": 115479,
      "physicalDamageTaken": 27481,
      "magicDamageTaken": 7434,
      "timePlayed": 3226,
      "totalHeal": 2178,
      "totalUnitsHealed": 1,
      "assists": 11,
      "item0": 3157,
      "item1": 3026,
      "item2": 3089,
      "item3": 3100,
      "item4": 3255,
      "item5": 3116,
      "item6": 3340,
      "magicDamageDealtToChampions": 34568,
      "physicalDamageDealtToChampions": 6133,
      "totalDamageDealtToChampions": 44011,
      "trueDamageDealtPlayer": 4142,
      "trueDamageDealtToChampions": 3310,
      "trueDamageTaken": 2539,
      "wardPlaced": 21,
      "neutralMinionsKilledYourJungle": 3,
      "totalTimeCrowdControlDealt": 356
    }
  },
  "26507452": {
    "gameId": 818161293,
    "invalid": false,
    "gameMode": "CLASSIC",
    "gameType": "MATCHED_GAME",
    "subType": "RANKED_SOLO_5x5",
    "mapId": 1,
    "teamId": 200,
    "championId": 89,
    "spell1": 4,
    "spell2": 14,
    "level": 30,
    "ipEarned": 91,
    "createDate": 1398244286456,
    "fellowPlayers": [
      {
        "summonerId": 26505602,
        "teamId": 200,
        "championId": 104
      },
      {
        "summonerId": 26283378,
        "teamId": 200,
        "championId": 17
      },
      {
        "summonerId": 32313061,
        "teamId": 100,
        "championId": 67
      },
      {
        "summonerId": 33394856,
        "teamId": 200,
        "championId": 254
      },
      {
        "summonerId": 27211714,
        "teamId": 100,
        "championId": 23
      },
      {
        "summonerId": 36656817,
        "teamId": 100,
        "championId": 24
      },
      {
        "summonerId": 33993403,
        "teamId": 200,
        "championId": 105
      },
      {
        "summonerId": 29746652,
        "teamId": 100,
        "championId": 25
      },
      {
        "summonerId": 31205608,
        "teamId": 100,
        "championId": 121
      }
    ],
    "stats": {
      "level": 18,
      "goldEarned": 14071,
      "numDeaths": 11,
      "minionsKilled": 71,
      "championsKilled": 5,
      "goldSpent": 13780,
      "totalDamageDealt": 85130,
      "totalDamageTaken": 51005,
      "killingSprees": 1,
      "largestKillingSpree": 2,
      "team": 200,
      "win": false,
      "largestMultiKill": 1,
      "physicalDamageDealtPlayer": 27334,
      "magicDamageDealtPlayer": 51791,
      "physicalDamageTaken": 38806,
      "magicDamageTaken": 8431,
      "timePlayed": 3226,
      "totalHeal": 8458,
      "totalUnitsHealed": 5,
      "assists": 20,
      "item0": 2045,
      "item1": 3401,
      "item2": 3190,
      "item3": 3065,
      "item4": 3068,
      "item5": 3270,
      "item6": 3340,
      "sightWardsBought": 3,
      "magicDamageDealtToChampions": 12289,
      "physicalDamageDealtToChampions": 6507,
      "totalDamageDealtToChampions": 20815,
      "trueDamageDealtPlayer": 6004,
      "trueDamageDealtToChampions": 2018,
      "trueDamageTaken": 3767,
      "wardPlaced": 18,
      "totalTimeCrowdControlDealt": 74
    }
  }
}