{
  "35377065": {
    "gameId": 818161111,
    "invalid": false,
    "gameMode": "CLASSIC",
    "gameType": "MATCHED_GAME",
    "subType": "NORMAL",
    "mapId": 1,
    "teamId": 100,
    "championId": 115,
    "spell1": 4,
    "spell2": 14,
    "level": 30,
    "ipEarned": 237,
    "createDate": 1398242605981,
    "fellowPlayers": [
      {
        "summonerId": 20947610,
        "teamId": 200,
        "championId": 64
      },
      {
        "summonerId": 42318680,
        "teamId": 100,
        "championId": 254
      },
      {
        "summonerId": 24718028,
        "teamId": 200,
        "championId": 23
      },
      {
        "summonerId": 20688362,
        "teamId": 100,
        "championId": 412
      },
      {
        "summonerId": 41027485,
        "teamId": 200,
        "championId": 115
      },
      {
        "summonerId": 23234241,
        "teamId": 100,
        "championId": 64
      },
      {
        "summonerId": 33383162,
        "teamId": 100,
        "championId": 15
      },
      {
        "summonerId": 24224114,
        "teamId": 200,
        "championId": 254
      },
      {
        "summonerId": 27863090,
        "teamId": 200,
        "championId": 22
      }
    ],
    "stats": {
      "level": 18,
      "goldEarned": 12138,
      "numDeaths": 3,
      "minionsKilled": 187,
      "championsKilled": 7,
      "goldSpent": 11400,
      "totalDamageDealt": 148240,
      "totalDamageTaken": 13225,
      "killingSprees": 2,
      "largestKillingSpree": 5,
      "team": 100,
      "win": true,
      "neutralMinionsKilled": 21,
      "largestMultiKill": 1,
      "physicalDamageDealtPlayer": 22454,
      "magicDamageDealtPlayer": 125217,
      "physicalDamageTaken": 5532,
      "magicDamageTaken": 7462,
      "timePlayed": 1855,
      "totalHeal": 377,
      "totalUnitsHealed": 1,
      "assists": 7,
      "item0": 3174,
      "item1": 1056,
      "item2": 3057,
      "item3": 3135,
      "item4": 3020,
      "item5": 3089,
      "item6": 3340,
      "magicDamageDealtToChampions": 21761,
      "physicalDamageDealtToChampions": 1492,
      "totalDamageDealtToChampions": 23822,
      "trueDamageDealtPlayer": 568,
      "trueDamageDealtToChampions": 568,
      "trueDamageTaken": 231,
      "wardPlaced": 5,
      "neutralMinionsKilledEnemyJungle": 6,
      "neutralMinionsKilledYourJungle": 15,
      "totalTimeCrowdControlDealt": 331
    }
  },
  "summonerCount": 10,
  "27863090": {
    "gameId": 818161111,
    "invalid": false,
    "gameMode": "CLASSIC",
    "gameType": "MATCHED_GAME",
    "subType": "NORMAL",
    "mapId": 1,
    "teamId": 200,
    "championId": 22,
    "spell1": 14,
    "spell2": 4,
    "level": 30,
    "ipEarned": 58,
    "createDate": 1398242605987,
    "fellowPlayers": [
      {
        "summonerId": 20947610,
        "teamId": 200,
        "championId": 64
      },
      {
        "summonerId": 42318680,
        "teamId": 100,
        "championId": 254
      },
      {
        "summonerId": 24718028,
        "teamId": 200,
        "championId": 23
      },
      {
        "summonerId": 20688362,
        "teamId": 100,
        "championId": 412
      },
      {
        "summonerId": 41027485,
        "teamId": 200,
        "championId": 115
      },
      {
        "summonerId": 23234241,
        "teamId": 100,
        "championId": 64
      },
      {
        "summonerId": 33383162,
        "teamId": 100,
        "championId": 15
      },
      {
        "summonerId": 24224114,
        "teamId": 200,
        "championId": 254
      },
      {
        "summonerId": 35377065,
        "teamId": 100,
        "championId": 115
      }
    ],
    "stats": {
      "level": 11,
      "goldEarned": 6148,
      "numDeaths": 7,
      "minionsKilled": 57,
      "championsKilled": 2,
      "goldSpent": 5765,
      "totalDamageDealt": 35623,
      "totalDamageTaken": 11861,
      "killingSprees": 1,
      "largestKillingSpree": 2,
      "team": 200,
      "win": false,
      "neutralMinionsKilled": 2,
      "largestMultiKill": 1,
      "physicalDamageDealtPlayer": 28846,
      "magicDamageDealtPlayer": 6369,
      "physicalDamageTaken": 6401,
      "magicDamageTaken": 5198,
      "largestCriticalStrike": 273,
      "timePlayed": 1855,
      "totalHeal": 801,
      "totalUnitsHealed": 1,
      "item0": 1055,
      "item1": 2004,
      "item2": 3087,
      "item3": 1055,
      "item4": 1053,
      "item5": 3254,
      "item6": 3340,
      "magicDamageDealtToChampions": 1506,
      "physicalDamageDealtToChampions": 4452,
      "totalDamageDealtToChampions": 6367,
      "trueDamageDealtPlayer": 408,
      "trueDamageDealtToChampions": 408,
      "trueDamageTaken": 262,
      "wardPlaced": 2,
      "neutralMinionsKilledYourJungle": 2,
      "totalTimeCrowdControlDealt": 318
    }
  },
  "41027485": {
    "gameId": 818161111,
    "invalid": false,
    "gameMode": "CLASSIC",
    "gameType": "MATCHED_GAME",
    "subType": "NORMAL",
    "mapId": 1,
    "teamId": 200,
    "championId": 115,
    "spell1": 21,
    "spell2": 4,
    "level": 30,
    "ipEarned": 58,
    "createDate": 1398242605990,
    "fellowPlayers": [
      {
        "summonerId": 20947610,
        "teamId": 200,
        "championId": 64
      },
      {
        "summonerId": 42318680,
        "teamId": 100,
        "championId": 254
      },
      {
        "summonerId": 24718028,
        "teamId": 200,
        "championId": 23
      },
      {
        "summonerId": 20688362,
        "teamId": 100,
        "championId": 412
      },
      {
        "summonerId": 23234241,
        "teamId": 100,
        "championId": 64
      },
      {
        "summonerId": 33383162,
        "teamId": 100,
        "championId": 15
      },
      {
        "summonerId": 24224114,
        "teamId": 200,
        "championId": 254
      },
      {
        "summonerId": 27863090,
        "teamId": 200,
        "championId": 22
      },
      {
        "summonerId": 35377065,
        "teamId": 100,
        "championId": 115
      }
    ],
    "stats": {
      "level": 16,
      "goldEarned": 9679,
      "numDeaths": 5,
      "minionsKilled": 216,
      "championsKilled": 3,
      "goldSpent": 9605,
      "totalDamageDealt": 129615,
      "totalDamageTaken": 15596,
      "killingSprees": 1,
      "largestKillingSpree": 2,
      "team": 200,
      "win": false,
      "neutralMinionsKilled": 4,
      "largestMultiKill": 1,
      "physicalDamageDealtPlayer": 14000,
      "magicDamageDealtPlayer": 115614,
      "physicalDamageTaken": 5653,
      "magicDamageTaken": 8898,
      "timePlayed": 1855,
      "totalHeal": 238,
      "totalUnitsHealed": 1,
      "assists": 2,
      "item0": 3174,
      "item1": 3100,
      "item2": 3135,
      "item3": 3020,
      "item6": 3340,
      "magicDamageDealtToChampions": 12828,
      "physicalDamageDealtToChampions": 1140,
      "totalDamageDealtToChampions": 13969,
      "trueDamageTaken": 1044,
      "wardPlaced": 8,
      "neutralMinionsKilledYourJungle": 4,
      "totalTimeCrowdControlDealt": 263
    }
  },
  "20947610": {
    "gameId": 818161111,
    "invalid": false,
    "gameMode": "CLASSIC",
    "gameType": "MATCHED_GAME",
    "subType": "NORMAL",
    "mapId": 1,
    "teamId": 200,
    "championId": 64,
    "spell1": 14,
    "spell2": 4,
    "level": 30,
    "ipEarned": 58,
    "createDate": 1398242605985,
    "fellowPlayers": [
      {
        "summonerId": 42318680,
        "teamId": 100,
        "championId": 254
      },
      {
        "summonerId": 24718028,
        "teamId": 200,
        "championId": 23
      },
      {
        "summonerId": 20688362,
        "teamId": 100,
        "championId": 412
      },
      {
        "summonerId": 41027485,
        "teamId": 200,
        "championId": 115
      },
      {
        "summonerId": 23234241,
        "teamId": 100,
        "championId": 64
      },
      {
        "summonerId": 33383162,
        "teamId": 100,
        "championId": 15
      },
      {
        "summonerId": 24224114,
        "teamId": 200,
        "championId": 254
      },
      {
        "summonerId": 27863090,
        "teamId": 200,
        "championId": 22
      },
      {
        "summonerId": 35377065,
        "teamId": 100,
        "championId": 115
      }
    ],
    "stats": {
      "level": 13,
      "goldEarned": 7603,
      "numDeaths": 8,
      "turretsKilled": 1,
      "minionsKilled": 76,
      "championsKilled": 2,
      "goldSpent": 6915,
      "totalDamageDealt": 82648,
      "totalDamageTaken": 22029,
      "team": 200,
      "win": false,
      "neutralMinionsKilled": 16,
      "largestMultiKill": 1,
      "physicalDamageDealtPlayer": 67430,
      "magicDamageDealtPlayer": 15118,
      "physicalDamageTaken": 18875,
      "magicDamageTaken": 2996,
      "timePlayed": 1855,
      "totalHeal": 587,
      "totalUnitsHealed": 1,
      "assists": 2,
      "item0": 3074,
      "item1": 3047,
      "item2": 3035,
      "item6": 3340,
      "magicDamageDealtToChampions": 953,
      "physicalDamageDealtToChampions": 7462,
      "totalDamageDealtToChampions": 8516,
      "trueDamageDealtPlayer": 100,
      "trueDamageDealtToChampions": 100,
      "trueDamageTaken": 158,
      "wardPlaced": 6,
      "neutralMinionsKilledEnemyJungle": 7,
      "neutralMinionsKilledYourJungle": 9,
      "totalTimeCrowdControlDealt": 347
    }
  },
  "23234241": {
    "gameId": 818161111,
    "invalid": false,
    "gameMode": "CLASSIC",
    "gameType": "MATCHED_GAME",
    "subType": "NORMAL",
    "mapId": 1,
    "teamId": 100,
    "championId": 64,
    "spell1": 3,
    "spell2": 14,
    "level": 30,
    "ipEarned": 87,
    "createDate": 1398242605982,
    "fellowPlayers": [
      {
        "summonerId": 20947610,
        "teamId": 200,
        "championId": 64
      },
      {
        "summonerId": 42318680,
        "teamId": 100,
        "championId": 254
      },
      {
        "summonerId": 24718028,
        "teamId": 200,
        "championId": 23
      },
      {
        "summonerId": 20688362,
        "teamId": 100,
        "championId": 412
      },
      {
        "summonerId": 41027485,
        "teamId": 200,
        "championId": 115
      },
      {
        "summonerId": 33383162,
        "teamId": 100,
        "championId": 15
      },
      {
        "summonerId": 24224114,
        "teamId": 200,
        "championId": 254
      },
      {
        "summonerId": 27863090,
        "teamId": 200,
        "championId": 22
      },
      {
        "summonerId": 35377065,
        "teamId": 100,
        "championId": 115
      }
    ],
    "stats": {
      "level": 18,
      "goldEarned": 14332,
      "numDeaths": 2,
      "turretsKilled": 3,
      "minionsKilled": 196,
      "championsKilled": 13,
      "goldSpent": 10710,
      "totalDamageDealt": 142847,
      "totalDamageTaken": 16479,
      "doubleKills": 3,
      "killingSprees": 2,
      "largestKillingSpree": 11,
      "team": 100,
      "win": true,
      "neutralMinionsKilled": 13,
      "largestMultiKill": 2,
      "physicalDamageDealtPlayer": 108691,
      "magicDamageDealtPlayer": 33245,
      "physicalDamageTaken": 13332,
      "magicDamageTaken": 2684,
      "timePlayed": 1855,
      "totalHeal": 2328,
      "totalUnitsHealed": 1,
      "assists": 9,
      "item0": 3074,
      "item1": 3143,
      "item2": 3156,
      "item3": 3047,
      "item6": 3340,
      "magicDamageDealtToChampions": 4408,
      "physicalDamageDealtToChampions": 13332,
      "totalDamageDealtToChampions": 18651,
      "trueDamageDealtPlayer": 910,
      "trueDamageDealtToChampions": 910,
      "trueDamageTaken": 462,
      "wardPlaced": 7,
      "neutralMinionsKilledEnemyJungle": 6,
      "neutralMinionsKilledYourJungle": 7,
      "totalTimeCrowdControlDealt": 671
    }
  },
  "42318680": {
    "gameId": 818161111,
    "invalid": false,
    "gameMode": "CLASSIC",
    "gameType": "MATCHED_GAME",
    "subType": "NORMAL",
    "mapId": 1,
    "teamId": 100,
    "championId": 254,
    "spell1": 11,
    "spell2": 4,
    "level": 30,
    "ipEarned": 87,
    "createDate": 1398242605984,
    "fellowPlayers": [
      {
        "summonerId": 20947610,
        "teamId": 200,
        "championId": 64
      },
      {
        "summonerId": 24718028,
        "teamId": 200,
        "championId": 23
      },
      {
        "summonerId": 20688362,
        "teamId": 100,
        "championId": 412
      },
      {
        "summonerId": 41027485,
        "teamId": 200,
        "championId": 115
      },
      {
        "summonerId": 23234241,
        "teamId": 100,
        "championId": 64
      },
      {
        "summonerId": 33383162,
        "teamId": 100,
        "championId": 15
      },
      {
        "summonerId": 24224114,
        "teamId": 200,
        "championId": 254
      },
      {
        "summonerId": 27863090,
        "teamId": 200,
        "championId": 22
      },
      {
        "summonerId": 35377065,
        "teamId": 100,
        "championId": 115
      }
    ],
    "stats": {
      "level": 18,
      "goldEarned": 13406,
      "minionsKilled": 33,
      "championsKilled": 8,
      "goldSpent": 12455,
      "totalDamageDealt": 196410,
      "totalDamageTaken": 14423,
      "killingSprees": 1,
      "largestKillingSpree": 8,
      "team": 100,
      "win": true,
      "neutralMinionsKilled": 109,
      "largestMultiKill": 1,
      "physicalDamageDealtPlayer": 139585,
      "magicDamageDealtPlayer": 39368,
      "physicalDamageTaken": 12108,
      "magicDamageTaken": 2125,
      "largestCriticalStrike": 546,
      "timePlayed": 1855,
      "totalHeal": 3740,
      "totalUnitsHealed": 1,
      "assists": 12,
      "item0": 3160,
      "item1": 1053,
      "item2": 3078,
      "item3": 3111,
      "item4": 3022,
      "item5": 3134,
      "item6": 3340,
      "magicDamageDealtToChampions": 603,
      "physicalDamageDealtToChampions": 16694,
      "totalDamageDealtToChampions": 17900,
      "trueDamageDealtPlayer": 17456,
      "trueDamageDealtToChampions": 602,
      "trueDamageTaken": 189,
      "wardPlaced": 9,
      "neutralMinionsKilledEnemyJungle": 40,
      "neutralMinionsKilledYourJungle": 69,
      "totalTimeCrowdControlDealt": 758
    }
  },
  "24718028": {
    "gameId": 818161111,
    "invalid": false,
    "gameMode": "CLASSIC",
    "gameType": "MATCHED_GAME",
    "subType": "NORMAL",
    "mapId": 1,
    "teamId": 200,
    "championId": 23,
    "spell1": 6,
    "spell2": 11,
    "level": 30,
    "ipEarned": 58,
    "createDate": 1398242605986,
    "fellowPlayers": [
      {
        "summonerId": 20947610,
        "teamId": 200,
        "championId": 64
      },
      {
        "summonerId": 42318680,
        "teamId": 100,
        "championId": 254
      },
      {
        "summonerId": 20688362,
        "teamId": 100,
        "championId": 412
      },
      {
        "summonerId": 41027485,
        "teamId": 200,
        "championId": 115
      },
      {
        "summonerId": 23234241,
        "teamId": 100,
        "championId": 64
      },
      {
        "summonerId": 33383162,
        "teamId": 100,
        "championId": 15
      },
      {
        "summonerId": 24224114,
        "teamId": 200,
        "championId": 254
      },
      {
        "summonerId": 27863090,
        "teamId": 200,
        "championId": 22
      },
      {
        "summonerId": 35377065,
        "teamId": 100,
        "championId": 115
      }
    ],
    "stats": {
      "level": 15,
      "goldEarned": 8591,
      "numDeaths": 6,
      "minionsKilled": 27,
      "championsKilled": 1,
      "goldSpent": 8840,
      "totalDamageDealt": 161011,
      "totalDamageTaken": 31865,
      "team": 200,
      "win": false,
      "neutralMinionsKilled": 113,
      "largestMultiKill": 1,
      "physicalDamageDealtPlayer": 110567,
      "magicDamageDealtPlayer": 39993,
      "physicalDamageTaken": 25945,
      "magicDamageTaken": 5105,
      "largestCriticalStrike": 429,
      "timePlayed": 1855,
      "totalHeal": 6374,
      "totalUnitsHealed": 1,
      "assists": 2,
      "item0": 3144,
      "item1": 3160,
      "item2": 3087,
      "item3": 3006,
      "item4": 1037,
      "item5": 1036,
      "item6": 3341,
      "sightWardsBought": 2,
      "magicDamageDealtToChampions": 493,
      "physicalDamageDealtToChampions": 4684,
      "totalDamageDealtToChampions": 5579,
      "trueDamageDealtPlayer": 10450,
      "trueDamageDealtToChampions": 402,
      "trueDamageTaken": 814,
      "wardKilled": 1,
      "wardPlaced": 6,
      "neutralMinionsKilledEnemyJungle": 15,
      "neutralMinionsKilledYourJungle": 98,
      "totalTimeCrowdControlDealt": 348
    }
  },
  "20688362": {
    "gameId": 818161111,
    "invalid": false,
    "gameMode": "CLASSIC",
    "gameType": "MATCHED_GAME",
    "subType": "NORMAL",
    "mapId": 1,
    "teamId": 100,
    "championId": 412,
    "spell1": 7,
    "spell2": 4,
    "level": 30,
    "ipEarned": 87,
    "createDate": 1398242605978,
    "fellowPlayers": [
      {
        "summonerId": 20947610,
        "teamId": 200,
        "championId": 64
      },
      {
        "summonerId": 42318680,
        "teamId": 100,
        "championId": 254
      },
      {
        "summonerId": 24718028,
        "teamId": 200,
        "championId": 23
      },
      {
        "summonerId": 41027485,
        "teamId": 200,
        "championId": 115
      },
      {
        "summonerId": 23234241,
        "teamId": 100,
        "championId": 64
      },
      {
        "summonerId": 33383162,
        "teamId": 100,
        "championId": 15
      },
      {
        "summonerId": 24224114,
        "teamId": 200,
        "championId": 254
      },
      {
        "summonerId": 27863090,
        "teamId": 200,
        "championId": 22
      },
      {
        "summonerId": 35377065,
        "teamId": 100,
        "championId": 115
      }
    ],
    "stats": {
      "level": 11,
      "goldEarned": 7933,
      "numDeaths": 2,
      "minionsKilled": 17,
      "goldSpent": 5065,
      "totalDamageDealt": 13239,
      "totalDamageTaken": 8825,
      "team": 100,
      "win": true,
      "physicalDamageDealtPlayer": 6369,
      "magicDamageDealtPlayer": 6870,
      "physicalDamageTaken": 6459,
      "magicDamageTaken": 2021,
      "timePlayed": 1855,
      "totalHeal": 1906,
      "totalUnitsHealed": 3,
      "assists": 7,
      "item0": 3069,
      "item1": 2049,
      "item2": 3117,
      "item3": 1028,
      "item4": 1057,
      "item6": 3341,
      "sightWardsBought": 1,
      "magicDamageDealtToChampions": 1991,
      "physicalDamageDealtToChampions": 539,
      "totalDamageDealtToChampions": 2531,
      "trueDamageTaken": 344,
      "wardPlaced": 9,
      "totalTimeCrowdControlDealt": 56
    }
  },
  "24224114": {
    "gameId": 818161111,
    "invalid": false,
    "gameMode": "CLASSIC",
    "gameType": "MATCHED_GAME",
    "subType": "NORMAL",
    "mapId": 1,
    "teamId": 200,
    "championId": 254,
    "spell1": 4,
    "spell2": 14,
    "level": 30,
    "ipEarned": 58,
    "createDate": 1398242605989,
    "fellowPlayers": [
      {
        "summonerId": 20947610,
        "teamId": 200,
        "championId": 64
      },
      {
        "summonerId": 42318680,
        "teamId": 100,
        "championId": 254
      },
      {
        "summonerId": 24718028,
        "teamId": 200,
        "championId": 23
      },
      {
        "summonerId": 20688362,
        "teamId": 100,
        "championId": 412
      },
      {
        "summonerId": 41027485,
        "teamId": 200,
        "championId": 115
      },
      {
        "summonerId": 23234241,
        "teamId": 100,
        "championId": 64
      },
      {
        "summonerId": 33383162,
        "teamId": 100,
        "championId": 15
      },
      {
        "summonerId": 27863090,
        "teamId": 200,
        "championId": 22
      },
      {
        "summonerId": 35377065,
        "teamId": 100,
        "championId": 115
      }
    ],
    "stats": {
      "level": 13,
      "goldEarned": 7263,
      "numDeaths": 10,
      "minionsKilled": 147,
      "goldSpent": 5910,
      "totalDamageDealt": 74743,
      "totalDamageTaken": 25887,
      "team": 200,
      "win": false,
      "neutralMinionsKilled": 2,
      "physicalDamageDealtPlayer": 74453,
      "physicalDamageTaken": 18474,
      "magicDamageTaken": 7022,
      "timePlayed": 1855,
      "totalHeal": 920,
      "totalUnitsHealed": 1,
      "assists": 1,
      "item0": 1055,
      "item1": 1011,
      "item2": 3025,
      "item3": 1029,
      "item4": 1001,
      "item5": 1037,
      "item6": 3340,
      "physicalDamageDealtToChampions": 7546,
      "totalDamageDealtToChampions": 7836,
      "trueDamageDealtPlayer": 290,
      "trueDamageDealtToChampions": 290,
      "trueDamageTaken": 390,
      "wardPlaced": 3,
      "neutralMinionsKilledYourJungle": 2,
      "totalTimeCrowdControlDealt": 118
    }
  },
  "35377065": {
    "gameId": 818161111,
    "invalid": false,
    "gameMode": "CLASSIC",
    "gameType": "MATCHED_GAME",
    "subType": "NORMAL",
    "mapId": 1,
    "teamId": 100,
    "championId": 115,
    "spell1": 4,
    "spell2": 14,
    "level": 30,
    "ipEarned": 237,
    "createDate": 1398242605981,
    "fellowPlayers": [
      {
        "summonerId": 20947610,
        "teamId": 200,
        "championId": 64
      },
      {
        "summonerId": 42318680,
        "teamId": 100,
        "championId": 254
      },
      {
        "summonerId": 24718028,
        "teamId": 200,
        "championId": 23
      },
      {
        "summonerId": 20688362,
        "teamId": 100,
        "championId": 412
      },
      {
        "summonerId": 41027485,
        "teamId": 200,
        "championId": 115
      },
      {
        "summonerId": 23234241,
        "teamId": 100,
        "championId": 64
      },
      {
        "summonerId": 33383162,
        "teamId": 100,
        "championId": 15
      },
      {
        "summonerId": 24224114,
        "teamId": 200,
        "championId": 254
      },
      {
        "summonerId": 27863090,
        "teamId": 200,
        "championId": 22
      }
    ],
    "stats": {
      "level": 18,
      "goldEarned": 12138,
      "numDeaths": 3,
      "minionsKilled": 187,
      "championsKilled": 7,
      "goldSpent": 11400,
      "totalDamageDealt": 148240,
      "totalDamageTaken": 13225,
      "killingSprees": 2,
      "largestKillingSpree": 5,
      "team": 100,
      "win": true,
      "neutralMinionsKilled": 21,
      "largestMultiKill": 1,
      "physicalDamageDealtPlayer": 22454,
      "magicDamageDealtPlayer": 125217,
      "physicalDamageTaken": 5532,
      "magicDamageTaken": 7462,
      "timePlayed": 1855,
      "totalHeal": 377,
      "totalUnitsHealed": 1,
      "assists": 7,
      "item0": 3174,
      "item1": 1056,
      "item2": 3057,
      "item3": 3135,
      "item4": 3020,
      "item5": 3089,
      "item6": 3340,
      "magicDamageDealtToChampions": 21761,
      "physicalDamageDealtToChampions": 1492,
      "totalDamageDealtToChampions": 23822,
      "trueDamageDealtPlayer": 568,
      "trueDamageDealtToChampions": 568,
      "trueDamageTaken": 231,
      "wardPlaced": 5,
      "neutralMinionsKilledEnemyJungle": 6,
      "neutralMinionsKilledYourJungle": 15,
      "totalTimeCrowdControlDealt": 331
    }
  }
}