{
  "38093389": {
    "gameId": 818169577,
    "invalid": false,
    "gameMode": "CLASSIC",
    "gameType": "MATCHED_GAME",
    "subType": "RANKED_SOLO_5x5",
    "mapId": 1,
    "teamId": 100,
    "championId": 24,
    "spell1": 11,
    "spell2": 4,
    "level": 30,
    "ipEarned": 74,
    "createDate": 1398243745108,
    "fellowPlayers": [
      {
        "summonerId": 29824304,
        "teamId": 100,
        "championId": 1
      },
      {
        "summonerId": 41606742,
        "teamId": 200,
        "championId": 17
      },
      {
        "summonerId": 21958882,
        "teamId": 100,
        "championId": 51
      },
      {
        "summonerId": 24346047,
        "teamId": 100,
        "championId": 105
      },
      {
        "summonerId": 40309542,
        "teamId": 200,
        "championId": 16
      },
      {
        "summonerId": 35287105,
        "teamId": 200,
        "championId": 236
      },
      {
        "summonerId": 25530186,
        "teamId": 100,
        "championId": 39
      },
      {
        "summonerId": 33873168,
        "teamId": 200,
        "championId": 238
      },
      {
        "summonerId": 21474418,
        "teamId": 200,
        "championId": 19
      }
    ],
    "stats": {
      "level": 15,
      "goldEarned": 9742,
      "numDeaths": 10,
      "minionsKilled": 64,
      "championsKilled": 2,
      "goldSpent": 9258,
      "totalDamageDealt": 118554,
      "totalDamageTaken": 42988,
      "team": 100,
      "win": false,
      "neutralMinionsKilled": 45,
      "largestMultiKill": 1,
      "physicalDamageDealtPlayer": 80801,
      "magicDamageDealtPlayer": 26153,
      "physicalDamageTaken": 29146,
      "magicDamageTaken": 11925,
      "largestCriticalStrike": 387,
      "timePlayed": 2467,
      "totalHeal": 1782,
      "totalUnitsHealed": 1,
      "assists": 8,
      "item0": 1055,
      "item1": 3146,
      "item2": 3078,
      "item3": 3047,
      "item4": 1028,
      "item6": 3340,
      "magicDamageDealtToChampions": 9202,
      "physicalDamageDealtToChampions": 15357,
      "totalDamageDealtToChampions": 25017,
      "trueDamageDealtPlayer": 11600,
      "trueDamageDealtToChampions": 458,
      "trueDamageTaken": 1916,
      "wardPlaced": 8,
      "neutralMinionsKilledEnemyJungle": 2,
      "neutralMinionsKilledYourJungle": 43,
      "totalTimeCrowdControlDealt": 348
    }
  },
  "summonerCount": 10,
  "41606742": {
    "gameId": 818169577,
    "invalid": false,
    "gameMode": "CLASSIC",
    "gameType": "MATCHED_GAME",
    "subType": "RANKED_SOLO_5x5",
    "mapId": 1,
    "teamId": 200,
    "championId": 17,
    "spell1": 4,
    "spell2": 14,
    "level": 30,
    "ipEarned": 113,
    "createDate": 1398243745115,
    "fellowPlayers": [
      {
        "summonerId": 29824304,
        "teamId": 100,
        "championId": 1
      },
      {
        "summonerId": 21958882,
        "teamId": 100,
        "championId": 51
      },
      {
        "summonerId": 38093389,
        "teamId": 100,
        "championId": 24
      },
      {
        "summonerId": 24346047,
        "teamId": 100,
        "championId": 105
      },
      {
        "summonerId": 40309542,
        "teamId": 200,
        "championId": 16
      },
      {
        "summonerId": 35287105,
        "teamId": 200,
        "championId": 236
      },
      {
        "summonerId": 25530186,
        "teamId": 100,
        "championId": 39
      },
      {
        "summonerId": 33873168,
        "teamId": 200,
        "championId": 238
      },
      {
        "summonerId": 21474418,
        "teamId": 200,
        "championId": 19
      }
    ],
    "stats": {
      "level": 17,
      "goldEarned": 13398,
      "numDeaths": 9,
      "barracksKilled": 1,
      "turretsKilled": 2,
      "minionsKilled": 137,
      "championsKilled": 6,
      "goldSpent": 11250,
      "totalDamageDealt": 109288,
      "totalDamageTaken": 24063,
      "killingSprees": 1,
      "largestKillingSpree": 2,
      "team": 200,
      "win": true,
      "neutralMinionsKilled": 2,
      "largestMultiKill": 1,
      "physicalDamageDealtPlayer": 35305,
      "magicDamageDealtPlayer": 72144,
      "physicalDamageTaken": 14189,
      "magicDamageTaken": 7368,
      "timePlayed": 2467,
      "totalHeal": 855,
      "totalUnitsHealed": 1,
      "assists": 14,
      "item0": 3157,
      "item1": 3115,
      "item2": 3255,
      "item3": 3001,
      "item4": 1056,
      "item6": 3340,
      "sightWardsBought": 2,
      "magicDamageDealtToChampions": 27204,
      "physicalDamageDealtToChampions": 2738,
      "totalDamageDealtToChampions": 31780,
      "trueDamageDealtPlayer": 1838,
      "trueDamageDealtToChampions": 1838,
      "trueDamageTaken": 2506,
      "wardKilled": 1,
      "wardPlaced": 75,
      "neutralMinionsKilledEnemyJungle": 2,
      "totalTimeCrowdControlDealt": 262
    }
  },
  "21958882": {
    "gameId": 818169577,
    "invalid": false,
    "gameMode": "CLASSIC",
    "gameType": "MATCHED_GAME",
    "subType": "RANKED_SOLO_5x5",
    "mapId": 1,
    "teamId": 100,
    "championId": 51,
    "spell1": 4,
    "spell2": 7,
    "level": 30,
    "ipEarned": 74,
    "createDate": 1398243745110,
    "fellowPlayers": [
      {
        "summonerId": 29824304,
        "teamId": 100,
        "championId": 1
      },
      {
        "summonerId": 41606742,
        "teamId": 200,
        "championId": 17
      },
      {
        "summonerId": 38093389,
        "teamId": 100,
        "championId": 24
      },
      {
        "summonerId": 24346047,
        "teamId": 100,
        "championId": 105
      },
      {
        "summonerId": 40309542,
        "teamId": 200,
        "championId": 16
      },
      {
        "summonerId": 35287105,
        "teamId": 200,
        "championId": 236
      },
      {
        "summonerId": 25530186,
        "teamId": 100,
        "championId": 39
      },
      {
        "summonerId": 33873168,
        "teamId": 200,
        "championId": 238
      },
      {
        "summonerId": 21474418,
        "teamId": 200,
        "championId": 19
      }
    ],
    "stats": {
      "level": 17,
      "goldEarned": 14509,
      "numDeaths": 10,
      "minionsKilled": 195,
      "championsKilled": 11,
      "goldSpent": 13755,
      "totalDamageDealt": 181676,
      "totalDamageTaken": 33249,
      "killingSprees": 2,
      "largestKillingSpree": 3,
      "team": 100,
      "win": false,
      "neutralMinionsKilled": 24,
      "largestMultiKill": 1,
      "physicalDamageDealtPlayer": 161401,
      "magicDamageDealtPlayer": 19026,
      "physicalDamageTaken": 23138,
      "magicDamageTaken": 10022,
      "largestCriticalStrike": 702,
      "timePlayed": 2467,
      "totalHeal": 4746,
      "totalUnitsHealed": 5,
      "assists": 8,
      "item0": 1055,
      "item1": 3031,
      "item2": 3250,
      "item3": 3072,
      "item4": 3087,
      "item5": 3035,
      "item6": 3340,
      "magicDamageDealtToChampions": 7283,
      "physicalDamageDealtToChampions": 31487,
      "totalDamageDealtToChampions": 39614,
      "trueDamageDealtPlayer": 1248,
      "trueDamageDealtToChampions": 844,
      "trueDamageTaken": 88,
      "wardPlaced": 6,
      "neutralMinionsKilledYourJungle": 24,
      "totalTimeCrowdControlDealt": 256
    }
  },
  "24346047": {
    "gameId": 818169577,
    "invalid": false,
    "gameMode": "CLASSIC",
    "gameType": "MATCHED_GAME",
    "subType": "RANKED_SOLO_5x5",
    "mapId": 1,
    "teamId": 100,
    "championId": 105,
    "spell1": 14,
    "spell2": 4,
    "level": 30,
    "ipEarned": 74,
    "createDate": 1398243745109,
    "fellowPlayers": [
      {
        "summonerId": 29824304,
        "teamId": 100,
        "championId": 1
      },
      {
        "summonerId": 41606742,
        "teamId": 200,
        "championId": 17
      },
      {
        "summonerId": 21958882,
        "teamId": 100,
        "championId": 51
      },
      {
        "summonerId": 38093389,
        "teamId": 100,
        "championId": 24
      },
      {
        "summonerId": 40309542,
        "teamId": 200,
        "championId": 16
      },
      {
        "summonerId": 35287105,
        "teamId": 200,
        "championId": 236
      },
      {
        "summonerId": 25530186,
        "teamId": 100,
        "championId": 39
      },
      {
        "summonerId": 33873168,
        "teamId": 200,
        "championId": 238
      },
      {
        "summonerId": 21474418,
        "teamId": 200,
        "championId": 19
      }
    ],
    "stats": {
      "level": 16,
      "goldEarned": 10145,
      "numDeaths": 12,
      "minionsKilled": 91,
      "championsKilled": 4,
      "goldSpent": 10010,
      "totalDamageDealt": 56453,
      "totalDamageTaken": 27048,
      "team": 100,
      "win": false,
      "largestMultiKill": 1,
      "physicalDamageDealtPlayer": 16362,
      "magicDamageDealtPlayer": 39201,
      "physicalDamageTaken": 16314,
      "magicDamageTaken": 9899,
      "timePlayed": 2467,
      "totalHeal": 538,
      "totalUnitsHealed": 1,
      "assists": 10,
      "item0": 3157,
      "item1": 1056,
      "item2": 3255,
      "item3": 3100,
      "item4": 1058,
      "item6": 3340,
      "magicDamageDealtToChampions": 18202,
      "physicalDamageDealtToChampions": 2613,
      "totalDamageDealtToChampions": 21705,
      "trueDamageDealtPlayer": 890,
      "trueDamageDealtToChampions": 890,
      "trueDamageTaken": 834,
      "wardPlaced": 15,
      "totalTimeCrowdControlDealt": 83
    }
  },
  "25530186": {
    "gameId": 818169577,
    "invalid": false,
    "gameMode": "CLASSIC",
    "gameType": "MATCHED_GAME",
    "subType": "RANKED_SOLO_5x5",
    "mapId": 1,
    "teamId": 100,
    "championId": 39,
    "spell1": 14,
    "spell2": 4,
    "level": 30,
    "ipEarned": 74,
    "createDate": 1398243745106,
    "fellowPlayers": [
      {
        "summonerId": 29824304,
        "teamId": 100,
        "championId": 1
      },
      {
        "summonerId": 41606742,
        "teamId": 200,
        "championId": 17
      },
      {
        "summonerId": 21958882,
        "teamId": 100,
        "championId": 51
      },
      {
        "summonerId": 38093389,
        "teamId": 100,
        "championId": 24
      },
      {
        "summonerId": 24346047,
        "teamId": 100,
        "championId": 105
      },
      {
        "summonerId": 40309542,
        "teamId": 200,
        "championId": 16
      },
      {
        "summonerId": 35287105,
        "teamId": 200,
        "championId": 236
      },
      {
        "summonerId": 33873168,
        "teamId": 200,
        "championId": 238
      },
      {
        "summonerId": 21474418,
        "teamId": 200,
        "championId": 19
      }
    ],
    "stats": {
      "level": 18,
      "goldEarned": 15840,
      "numDeaths": 10,
      "turretsKilled": 2,
      "minionsKilled": 248,
      "championsKilled": 13,
      "goldSpent": 15853,
      "totalDamageDealt": 154263,
      "totalDamageTaken": 50420,
      "doubleKills": 1,
      "killingSprees": 4,
      "largestKillingSpree": 4,
      "team": 100,
      "win": false,
      "largestMultiKill": 2,
      "physicalDamageDealtPlayer": 144621,
      "magicDamageDealtPlayer": 2994,
      "physicalDamageTaken": 32328,
      "magicDamageTaken": 15906,
      "largestCriticalStrike": 508,
      "timePlayed": 2467,
      "totalHeal": 15117,
      "totalUnitsHealed": 1,
      "assists": 6,
      "item0": 3153,
      "item1": 3143,
      "item2": 3078,
      "item3": 3031,
      "item4": 3265,
      "item6": 3340,
      "magicDamageDealtToChampions": 2994,
      "physicalDamageDealtToChampions": 27435,
      "totalDamageDealtToChampions": 36611,
      "trueDamageDealtPlayer": 6647,
      "trueDamageDealtToChampions": 6182,
      "trueDamageTaken": 2186,
      "wardPlaced": 11,
      "totalTimeCrowdControlDealt": 508
    }
  },
  "40309542": {
    "gameId": 818169577,
    "invalid": false,
    "gameMode": "CLASSIC",
    "gameType": "MATCHED_GAME",
    "subType": "RANKED_SOLO_5x5",
    "mapId": 1,
    "teamId": 200,
    "championId": 16,
    "spell1": 3,
    "spell2": 4,
    "level": 30,
    "ipEarned": 113,
    "createDate": 1398243745111,
    "fellowPlayers": [
      {
        "summonerId": 29824304,
        "teamId": 100,
        "championId": 1
      },
      {
        "summonerId": 41606742,
        "teamId": 200,
        "championId": 17
      },
      {
        "summonerId": 21958882,
        "teamId": 100,
        "championId": 51
      },
      {
        "summonerId": 38093389,
        "teamId": 100,
        "championId": 24
      },
      {
        "summonerId": 24346047,
        "teamId": 100,
        "championId": 105
      },
      {
        "summonerId": 35287105,
        "teamId": 200,
        "championId": 236
      },
      {
        "summonerId": 25530186,
        "teamId": 100,
        "championId": 39
      },
      {
        "summonerId": 33873168,
        "teamId": 200,
        "championId": 238
      },
      {
        "summonerId": 21474418,
        "teamId": 200,
        "championId": 19
      }
    ],
    "stats": {
      "level": 17,
      "goldEarned": 10949,
      "numDeaths": 9,
      "turretsKilled": 1,
      "minionsKilled": 11,
      "goldSpent": 9755,
      "totalDamageDealt": 20956,
      "totalDamageTaken": 26796,
      "team": 200,
      "win": true,
      "neutralMinionsKilled": 3,
      "physicalDamageDealtPlayer": 6067,
      "magicDamageDealtPlayer": 14889,
      "physicalDamageTaken": 17666,
      "magicDamageTaken": 8556,
      "timePlayed": 2467,
      "totalHeal": 22686,
      "totalUnitsHealed": 6,
      "assists": 18,
      "item0": 2049,
      "item1": 3069,
      "item2": 3270,
      "item3": 3028,
      "item4": 3116,
      "item5": 1052,
      "item6": 3341,
      "sightWardsBought": 5,
      "magicDamageDealtToChampions": 4706,
      "physicalDamageDealtToChampions": 799,
      "totalDamageDealtToChampions": 5505,
      "trueDamageTaken": 574,
      "wardKilled": 2,
      "wardPlaced": 18,
      "neutralMinionsKilledEnemyJungle": 3,
      "totalTimeCrowdControlDealt": 137
    }
  },
  "35287105": {
    "gameId": 818169577,
    "invalid": false,
    "gameMode": "CLASSIC",
    "gameType": "MATCHED_GAME",
    "subType": "RANKED_SOLO_5x5",
    "mapId": 1,
    "teamId": 200,
    "championId": 236,
    "spell1": 4,
    "spell2": 7,
    "level": 30,
    "ipEarned": 113,
    "createDate": 1398243745114,
    "fellowPlayers": [
      {
        "summonerId": 29824304,
        "teamId": 100,
        "championId": 1
      },
      {
        "summonerId": 41606742,
        "teamId": 200,
        "championId": 17
      },
      {
        "summonerId": 21958882,
        "teamId": 100,
        "championId": 51
      },
      {
        "summonerId": 38093389,
        "teamId": 100,
        "championId": 24
      },
      {
        "summonerId": 24346047,
        "teamId": 100,
        "championId": 105
      },
      {
        "summonerId": 40309542,
        "teamId": 200,
        "championId": 16
      },
      {
        "summonerId": 25530186,
        "teamId": 100,
        "championId": 39
      },
      {
        "summonerId": 33873168,
        "teamId": 200,
        "championId": 238
      },
      {
        "summonerId": 21474418,
        "teamId": 200,
        "championId": 19
      }
    ],
    "stats": {
      "level": 18,
      "goldEarned": 16024,
      "numDeaths": 6,
      "turretsKilled": 2,
      "minionsKilled": 220,
      "championsKilled": 8,
      "goldSpent": 15253,
      "totalDamageDealt": 159936,
      "totalDamageTaken": 34419,
      "killingSprees": 2,
      "largestKillingSpree": 4,
      "team": 200,
      "win": true,
      "neutralMinionsKilled": 10,
      "largestMultiKill": 1,
      "physicalDamageDealtPlayer": 148524,
      "magicDamageDealtPlayer": 10867,
      "physicalDamageTaken": 23124,
      "magicDamageTaken": 9360,
      "largestCriticalStrike": 936,
      "timePlayed": 2467,
      "totalHeal": 3392,
      "totalUnitsHealed": 3,
      "assists": 17,
      "item0": 3072,
      "item1": 3006,
      "item2": 3078,
      "item3": 3035,
      "item4": 3031,
      "item5": 3086,
      "item6": 3340,
      "magicDamageDealtToChampions": 7058,
      "physicalDamageDealtToChampions": 31253,
      "totalDamageDealtToChampions": 38536,
      "trueDamageDealtPlayer": 544,
      "trueDamageDealtToChampions": 224,
      "trueDamageTaken": 1934,
      "wardKilled": 2,
      "wardPlaced": 11,
      "neutralMinionsKilledEnemyJungle": 9,
      "neutralMinionsKilledYourJungle": 1,
      "totalTimeCrowdControlDealt": 144
    }
  },
  "33873168": {
    "gameId": 818169577,
    "invalid": false,
    "gameMode": "CLASSIC",
    "gameType": "MATCHED_GAME",
    "subType": "RANKED_SOLO_5x5",
    "mapId": 1,
    "teamId": 200,
    "championId": 238,
    "spell1": 4,
    "spell2": 14,
    "level": 30,
    "ipEarned": 263,
    "createDate": 1398243745113,
    "fellowPlayers": [
      {
        "summonerId": 29824304,
        "teamId": 100,
        "championId": 1
      },
      {
        "summonerId": 41606742,
        "teamId": 200,
        "championId": 17
      },
      {
        "summonerId": 21958882,
        "teamId": 100,
        "championId": 51
      },
      {
        "summonerId": 38093389,
        "teamId": 100,
        "championId": 24
      },
      {
        "summonerId": 24346047,
        "teamId": 100,
        "championId": 105
      },
      {
        "summonerId": 40309542,
        "teamId": 200,
        "championId": 16
      },
      {
        "summonerId": 35287105,
        "teamId": 200,
        "championId": 236
      },
      {
        "summonerId": 25530186,
        "teamId": 100,
        "championId": 39
      },
      {
        "summonerId": 21474418,
        "teamId": 200,
        "championId": 19
      }
    ],
    "stats": {
      "level": 18,
      "goldEarned": 20189,
      "numDeaths": 5,
      "barracksKilled": 1,
      "turretsKilled": 3,
      "minionsKilled": 268,
      "championsKilled": 26,
      "goldSpent": 16355,
      "totalDamageDealt": 233259,
      "totalDamageTaken": 31956,
      "doubleKills": 5,
      "tripleKills": 1,
      "killingSprees": 5,
      "largestKillingSpree": 9,
      "team": 200,
      "win": true,
      "neutralMinionsKilled": 3,
      "largestMultiKill": 3,
      "physicalDamageDealtPlayer": 223174,
      "magicDamageDealtPlayer": 8450,
      "physicalDamageTaken": 21364,
      "magicDamageTaken": 8242,
      "largestCriticalStrike": 903,
      "timePlayed": 2467,
      "totalHeal": 2709,
      "totalUnitsHealed": 1,
      "assists": 7,
      "item0": 3153,
      "item1": 3142,
      "item2": 3265,
      "item3": 3035,
      "item4": 3156,
      "item5": 3071,
      "item6": 3340,
      "magicDamageDealtToChampions": 2165,
      "physicalDamageDealtToChampions": 41450,
      "totalDamageDealtToChampions": 45129,
      "trueDamageDealtPlayer": 1634,
      "trueDamageDealtToChampions": 1514,
      "trueDamageTaken": 2349,
      "wardPlaced": 43,
      "neutralMinionsKilledEnemyJungle": 3,
      "totalTimeCrowdControlDealt": 286
    }
  },
  "21474418": {
    "gameId": 818169577,
    "invalid": false,
    "gameMode": "CLASSIC",
    "gameType": "MATCHED_GAME",
    "subType": "RANKED_SOLO_5x5",
    "mapId": 1,
    "teamId": 200,
    "championId": 19,
    "spell1": 4,
    "spell2": 11,
    "level": 30,
    "ipEarned": 263,
    "createDate": 1398243745112,
    "fellowPlayers": [
      {
        "summonerId": 29824304,
        "teamId": 100,
        "championId": 1
      },
      {
        "summonerId": 41606742,
        "teamId": 200,
        "championId": 17
      },
      {
        "summonerId": 21958882,
        "teamId": 100,
        "championId": 51
      },
      {
        "summonerId": 38093389,
        "teamId": 100,
        "championId": 24
      },
      {
        "summonerId": 24346047,
        "teamId": 100,
        "championId": 105
      },
      {
        "summonerId": 40309542,
        "teamId": 200,
        "championId": 16
      },
      {
        "summonerId": 35287105,
        "teamId": 200,
        "championId": 236
      },
      {
        "summonerId": 25530186,
        "teamId": 100,
        "championId": 39
      },
      {
        "summonerId": 33873168,
        "teamId": 200,
        "championId": 238
      }
    ],
    "stats": {
      "level": 18,
      "goldEarned": 17593,
      "numDeaths": 3,
      "minionsKilled": 52,
      "championsKilled": 18,
      "goldSpent": 15430,
      "totalDamageDealt": 208644,
      "totalDamageTaken": 55912,
      "doubleKills": 3,
      "tripleKills": 1,
      "killingSprees": 4,
      "largestKillingSpree": 10,
      "team": 200,
      "win": true,
      "neutralMinionsKilled": 103,
      "largestMultiKill": 3,
      "physicalDamageDealtPlayer": 141329,
      "magicDamageDealtPlayer": 50557,
      "physicalDamageTaken": 35438,
      "magicDamageTaken": 18509,
      "timePlayed": 2467,
      "totalHeal": 29578,
      "totalUnitsHealed": 1,
      "assists": 12,
      "item0": 3153,
      "item1": 3074,
      "item2": 3143,
      "item3": 3047,
      "item4": 3068,
      "item5": 3207,
      "item6": 3340,
      "magicDamageDealtToChampions": 14979,
      "physicalDamageDealtToChampions": 12557,
      "totalDamageDealtToChampions": 30209,
      "trueDamageDealtPlayer": 16758,
      "trueDamageDealtToChampions": 2672,
      "trueDamageTaken": 1964,
      "wardPlaced": 8,
      "neutralMinionsKilledEnemyJungle": 20,
      "neutralMinionsKilledYourJungle": 83,
      "totalTimeCrowdControlDealt": 1805
    }
  },
  "38093389": {
    "gameId": 818169577,
    "invalid": false,
    "gameMode": "CLASSIC",
    "gameType": "MATCHED_GAME",
    "subType": "RANKED_SOLO_5x5",
    "mapId": 1,
    "teamId": 100,
    "championId": 24,
    "spell1": 11,
    "spell2": 4,
    "level": 30,
    "ipEarned": 74,
    "createDate": 1398243745108,
    "fellowPlayers": [
      {
        "summonerId": 29824304,
        "teamId": 100,
        "championId": 1
      },
      {
        "summonerId": 41606742,
        "teamId": 200,
        "championId": 17
      },
      {
        "summonerId": 21958882,
        "teamId": 100,
        "championId": 51
      },
      {
        "summonerId": 24346047,
        "teamId": 100,
        "championId": 105
      },
      {
        "summonerId": 40309542,
        "teamId": 200,
        "championId": 16
      },
      {
        "summonerId": 35287105,
        "teamId": 200,
        "championId": 236
      },
      {
        "summonerId": 25530186,
        "teamId": 100,
        "championId": 39
      },
      {
        "summonerId": 33873168,
        "teamId": 200,
        "championId": 238
      },
      {
        "summonerId": 21474418,
        "teamId": 200,
        "championId": 19
      }
    ],
    "stats": {
      "level": 15,
      "goldEarned": 9742,
      "numDeaths": 10,
      "minionsKilled": 64,
      "championsKilled": 2,
      "goldSpent": 9258,
      "totalDamageDealt": 118554,
      "totalDamageTaken": 42988,
      "team": 100,
      "win": false,
      "neutralMinionsKilled": 45,
      "largestMultiKill": 1,
      "physicalDamageDealtPlayer": 80801,
      "magicDamageDealtPlayer": 26153,
      "physicalDamageTaken": 29146,
      "magicDamageTaken": 11925,
      "largestCriticalStrike": 387,
      "timePlayed": 2467,
      "totalHeal": 1782,
      "totalUnitsHealed": 1,
      "assists": 8,
      "item0": 1055,
      "item1": 3146,
      "item2": 3078,
      "item3": 3047,
      "item4": 1028,
      "item6": 3340,
      "magicDamageDealtToChampions": 9202,
      "physicalDamageDealtToChampions": 15357,
      "totalDamageDealtToChampions": 25017,
      "trueDamageDealtPlayer": 11600,
      "trueDamageDealtToChampions": 458,
      "trueDamageTaken": 1916,
      "wardPlaced": 8,
      "neutralMinionsKilledEnemyJungle": 2,
      "neutralMinionsKilledYourJungle": 43,
      "totalTimeCrowdControlDealt": 348
    }
  }
}