{
  "31898685": {
    "gameId": 818161131,
    "invalid": false,
    "gameMode": "CLASSIC",
    "gameType": "MATCHED_GAME",
    "subType": "NORMAL",
    "mapId": 1,
    "teamId": 200,
    "championId": 92,
    "spell1": 4,
    "spell2": 14,
    "level": 30,
    "ipEarned": 74,
    "createDate": 1398243257642,
    "fellowPlayers": [
      {
        "summonerId": 37029900,
        "teamId": 200,
        "championId": 76
      },
      {
        "summonerId": 33378065,
        "teamId": 200,
        "championId": 104
      },
      {
        "summonerId": 36391983,
        "teamId": 100,
        "championId": 236
      },
      {
        "summonerId": 21593981,
        "teamId": 100,
        "championId": 238
      },
      {
        "summonerId": 34137328,
        "teamId": 100,
        "championId": 53
      },
      {
        "summonerId": 35487044,
        "teamId": 200,
        "championId": 80
      },
      {
        "summonerId": 32168180,
        "teamId": 200,
        "championId": 16
      },
      {
        "summonerId": 28323670,
        "teamId": 100,
        "championId": 80
      },
      {
        "summonerId": 31266733,
        "teamId": 100,
        "championId": 134
      }
    ],
    "stats": {
      "level": 18,
      "goldEarned": 14564,
      "numDeaths": 7,
      "turretsKilled": 1,
      "minionsKilled": 297,
      "championsKilled": 5,
      "goldSpent": 14312,
      "totalDamageDealt": 226804,
      "totalDamageTaken": 39499,
      "killingSprees": 1,
      "largestKillingSpree": 4,
      "team": 200,
      "win": false,
      "neutralMinionsKilled": 44,
      "largestMultiKill": 1,
      "physicalDamageDealtPlayer": 226646,
      "physicalDamageTaken": 25707,
      "magicDamageTaken": 13000,
      "timePlayed": 2485,
      "totalHeal": 3290,
      "totalUnitsHealed": 1,
      "assists": 6,
      "item0": 3022,
      "item1": 3074,
      "item2": 3072,
      "item3": 3275,
      "item4": 3134,
      "item5": 1037,
      "item6": 3340,
      "physicalDamageDealtToChampions": 16936,
      "totalDamageDealtToChampions": 17094,
      "trueDamageDealtPlayer": 158,
      "trueDamageDealtToChampions": 158,
      "trueDamageTaken": 791,
      "wardPlaced": 7,
      "neutralMinionsKilledEnemyJungle": 6,
      "neutralMinionsKilledYourJungle": 38,
      "totalTimeCrowdControlDealt": 69
    }
  },
  "summonerCount": 10,
  "31266733": {
    "gameId": 818161131,
    "invalid": false,
    "gameMode": "CLASSIC",
    "gameType": "MATCHED_GAME",
    "subType": "NORMAL",
    "mapId": 1,
    "teamId": 100,
    "championId": 134,
    "spell1": 4,
    "spell2": 14,
    "level": 30,
    "ipEarned": 113,
    "createDate": 1398243257638,
    "fellowPlayers": [
      {
        "summonerId": 31898685,
        "teamId": 200,
        "championId": 92
      },
      {
        "summonerId": 37029900,
        "teamId": 200,
        "championId": 76
      },
      {
        "summonerId": 33378065,
        "teamId": 200,
        "championId": 104
      },
      {
        "summonerId": 36391983,
        "teamId": 100,
        "championId": 236
      },
      {
        "summonerId": 21593981,
        "teamId": 100,
        "championId": 238
      },
      {
        "summonerId": 34137328,
        "teamId": 100,
        "championId": 53
      },
      {
        "summonerId": 35487044,
        "teamId": 200,
        "championId": 80
      },
      {
        "summonerId": 32168180,
        "teamId": 200,
        "championId": 16
      },
      {
        "summonerId": 28323670,
        "teamId": 100,
        "championId": 80
      }
    ],
    "stats": {
      "level": 18,
      "goldEarned": 15543,
      "numDeaths": 5,
      "turretsKilled": 1,
      "minionsKilled": 243,
      "championsKilled": 7,
      "goldSpent": 13845,
      "totalDamageDealt": 186928,
      "totalDamageTaken": 17740,
      "doubleKills": 1,
      "killingSprees": 3,
      "largestKillingSpree": 3,
      "team": 100,
      "win": true,
      "neutralMinionsKilled": 7,
      "largestMultiKill": 2,
      "physicalDamageDealtPlayer": 18260,
      "magicDamageDealtPlayer": 168449,
      "physicalDamageTaken": 14446,
      "magicDamageTaken": 2907,
      "timePlayed": 2485,
      "totalHeal": 201,
      "totalUnitsHealed": 1,
      "assists": 8,
      "item0": 3157,
      "item1": 3020,
      "item2": 3089,
      "item3": 3135,
      "item4": 3174,
      "item5": 1056,
      "item6": 3340,
      "magicDamageDealtToChampions": 24859,
      "physicalDamageDealtToChampions": 1731,
      "totalDamageDealtToChampions": 26809,
      "trueDamageDealtPlayer": 218,
      "trueDamageDealtToChampions": 218,
      "trueDamageTaken": 386,
      "wardPlaced": 6,
      "neutralMinionsKilledYourJungle": 7,
      "totalTimeCrowdControlDealt": 415
    }
  },
  "37029900": {
    "gameId": 818161131,
    "invalid": false,
    "gameMode": "CLASSIC",
    "gameType": "MATCHED_GAME",
    "subType": "NORMAL",
    "mapId": 1,
    "teamId": 200,
    "championId": 76,
    "spell1": 4,
    "spell2": 14,
    "level": 30,
    "ipEarned": 74,
    "createDate": 1398243257647,
    "fellowPlayers": [
      {
        "summonerId": 31898685,
        "teamId": 200,
        "championId": 92
      },
      {
        "summonerId": 33378065,
        "teamId": 200,
        "championId": 104
      },
      {
        "summonerId": 36391983,
        "teamId": 100,
        "championId": 236
      },
      {
        "summonerId": 21593981,
        "teamId": 100,
        "championId": 238
      },
      {
        "summonerId": 34137328,
        "teamId": 100,
        "championId": 53
      },
      {
        "summonerId": 35487044,
        "teamId": 200,
        "championId": 80
      },
      {
        "summonerId": 32168180,
        "teamId": 200,
        "championId": 16
      },
      {
        "summonerId": 28323670,
        "teamId": 100,
        "championId": 80
      },
      {
        "summonerId": 31266733,
        "teamId": 100,
        "championId": 134
      }
    ],
    "stats": {
      "level": 16,
      "goldEarned": 8504,
      "numDeaths": 3,
      "minionsKilled": 66,
      "championsKilled": 2,
      "goldSpent": 8300,
      "totalDamageDealt": 61159,
      "totalDamageTaken": 19011,
      "team": 200,
      "win": false,
      "neutralMinionsKilled": 2,
      "largestMultiKill": 1,
      "physicalDamageDealtPlayer": 10632,
      "magicDamageDealtPlayer": 50133,
      "physicalDamageTaken": 13582,
      "magicDamageTaken": 5128,
      "timePlayed": 2485,
      "totalHeal": 7616,
      "totalUnitsHealed": 5,
      "assists": 7,
      "item0": 3135,
      "item2": 2049,
      "item3": 3020,
      "item4": 3174,
      "item6": 3341,
      "magicDamageDealtToChampions": 20145,
      "physicalDamageDealtToChampions": 938,
      "totalDamageDealtToChampions": 21476,
      "trueDamageDealtPlayer": 392,
      "trueDamageDealtToChampions": 392,
      "trueDamageTaken": 299,
      "wardKilled": 2,
      "wardPlaced": 30,
      "neutralMinionsKilledYourJungle": 2
    }
  },
  "36391983": {
    "gameId": 818161131,
    "invalid": false,
    "gameMode": "CLASSIC",
    "gameType": "MATCHED_GAME",
    "subType": "NORMAL",
    "mapId": 1,
    "teamId": 100,
    "championId": 236,
    "spell1": 4,
    "spell2": 7,
    "level": 30,
    "ipEarned": 113,
    "createDate": 1398243257641,
    "fellowPlayers": [
      {
        "summonerId": 31898685,
        "teamId": 200,
        "championId": 92
      },
      {
        "summonerId": 37029900,
        "teamId": 200,
        "championId": 76
      },
      {
        "summonerId": 33378065,
        "teamId": 200,
        "championId": 104
      },
      {
        "summonerId": 21593981,
        "teamId": 100,
        "championId": 238
      },
      {
        "summonerId": 34137328,
        "teamId": 100,
        "championId": 53
      },
      {
        "summonerId": 35487044,
        "teamId": 200,
        "championId": 80
      },
      {
        "summonerId": 32168180,
        "teamId": 200,
        "championId": 16
      },
      {
        "summonerId": 28323670,
        "teamId": 100,
        "championId": 80
      },
      {
        "summonerId": 31266733,
        "teamId": 100,
        "championId": 134
      }
    ],
    "stats": {
      "level": 18,
      "goldEarned": 18394,
      "numDeaths": 5,
      "turretsKilled": 3,
      "minionsKilled": 297,
      "championsKilled": 10,
      "goldSpent": 15228,
      "totalDamageDealt": 240166,
      "totalDamageTaken": 32571,
      "killingSprees": 2,
      "largestKillingSpree": 6,
      "team": 100,
      "win": true,
      "neutralMinionsKilled": 23,
      "largestMultiKill": 1,
      "physicalDamageDealtPlayer": 220722,
      "magicDamageDealtPlayer": 17725,
      "physicalDamageTaken": 23042,
      "magicDamageTaken": 9182,
      "largestCriticalStrike": 868,
      "timePlayed": 2485,
      "totalHeal": 2667,
      "totalUnitsHealed": 3,
      "assists": 10,
      "item0": 3153,
      "item1": 3140,
      "item2": 3078,
      "item3": 3072,
      "item4": 3006,
      "item5": 1038,
      "item6": 3340,
      "magicDamageDealtToChampions": 4097,
      "physicalDamageDealtToChampions": 31852,
      "totalDamageDealtToChampions": 36524,
      "trueDamageDealtPlayer": 1718,
      "trueDamageDealtToChampions": 574,
      "trueDamageTaken": 346,
      "wardKilled": 2,
      "wardPlaced": 9,
      "neutralMinionsKilledEnemyJungle": 11,
      "neutralMinionsKilledYourJungle": 12,
      "totalTimeCrowdControlDealt": 212
    }
  },
  "33378065": {
    "gameId": 818161131,
    "invalid": false,
    "gameMode": "CLASSIC",
    "gameType": "MATCHED_GAME",
    "subType": "NORMAL",
    "mapId": 1,
    "teamId": 200,
    "championId": 104,
    "spell1": 4,
    "spell2": 7,
    "level": 30,
    "ipEarned": 74,
    "createDate": 1398243257646,
    "fellowPlayers": [
      {
        "summonerId": 31898685,
        "teamId": 200,
        "championId": 92
      },
      {
        "summonerId": 37029900,
        "teamId": 200,
        "championId": 76
      },
      {
        "summonerId": 36391983,
        "teamId": 100,
        "championId": 236
      },
      {
        "summonerId": 21593981,
        "teamId": 100,
        "championId": 238
      },
      {
        "summonerId": 34137328,
        "teamId": 100,
        "championId": 53
      },
      {
        "summonerId": 35487044,
        "teamId": 200,
        "championId": 80
      },
      {
        "summonerId": 32168180,
        "teamId": 200,
        "championId": 16
      },
      {
        "summonerId": 28323670,
        "teamId": 100,
        "championId": 80
      },
      {
        "summonerId": 31266733,
        "teamId": 100,
        "championId": 134
      }
    ],
    "stats": {
      "level": 16,
      "goldEarned": 12813,
      "numDeaths": 12,
      "turretsKilled": 2,
      "minionsKilled": 215,
      "championsKilled": 5,
      "goldSpent": 12370,
      "totalDamageDealt": 139021,
      "totalDamageTaken": 36577,
      "doubleKills": 1,
      "killingSprees": 2,
      "largestKillingSpree": 2,
      "team": 200,
      "win": false,
      "neutralMinionsKilled": 3,
      "largestMultiKill": 2,
      "physicalDamageDealtPlayer": 137461,
      "magicDamageDealtPlayer": 1559,
      "physicalDamageTaken": 25471,
      "magicDamageTaken": 10640,
      "largestCriticalStrike": 739,
      "timePlayed": 2485,
      "totalHeal": 4342,
      "totalUnitsHealed": 4,
      "assists": 9,
      "item0": 1055,
      "item1": 3072,
      "item2": 3046,
      "item3": 3006,
      "item4": 3031,
      "item5": 1031,
      "item6": 3340,
      "magicDamageDealtToChampions": 675,
      "physicalDamageDealtToChampions": 21014,
      "totalDamageDealtToChampions": 21689,
      "trueDamageTaken": 465,
      "wardKilled": 5,
      "wardPlaced": 3,
      "neutralMinionsKilledYourJungle": 3,
      "totalTimeCrowdControlDealt": 51
    }
  },
  "35487044": {
    "gameId": 818161131,
    "invalid": false,
    "gameMode": "CLASSIC",
    "gameType": "MATCHED_GAME",
    "subType": "NORMAL",
    "mapId": 1,
    "teamId": 200,
    "championId": 80,
    "spell1": 4,
    "spell2": 11,
    "level": 30,
    "ipEarned": 74,
    "createDate": 1398243257643,
    "fellowPlayers": [
      {
        "summonerId": 31898685,
        "teamId": 200,
        "championId": 92
      },
      {
        "summonerId": 37029900,
        "teamId": 200,
        "championId": 76
      },
      {
        "summonerId": 33378065,
        "teamId": 200,
        "championId": 104
      },
      {
        "summonerId": 36391983,
        "teamId": 100,
        "championId": 236
      },
      {
        "summonerId": 21593981,
        "teamId": 100,
        "championId": 238
      },
      {
        "summonerId": 34137328,
        "teamId": 100,
        "championId": 53
      },
      {
        "summonerId": 32168180,
        "teamId": 200,
        "championId": 16
      },
      {
        "summonerId": 28323670,
        "teamId": 100,
        "championId": 80
      },
      {
        "summonerId": 31266733,
        "teamId": 100,
        "championId": 134
      }
    ],
    "stats": {
      "level": 17,
      "goldEarned": 12076,
      "numDeaths": 9,
      "minionsKilled": 32,
      "championsKilled": 9,
      "goldSpent": 11510,
      "totalDamageDealt": 140710,
      "totalDamageTaken": 33105,
      "doubleKills": 1,
      "killingSprees": 3,
      "largestKillingSpree": 2,
      "team": 200,
      "win": false,
      "neutralMinionsKilled": 79,
      "largestMultiKill": 2,
      "physicalDamageDealtPlayer": 114413,
      "magicDamageDealtPlayer": 7767,
      "physicalDamageTaken": 26143,
      "magicDamageTaken": 6088,
      "largestCriticalStrike": 699,
      "timePlayed": 2485,
      "totalHeal": 3552,
      "totalUnitsHealed": 1,
      "assists": 5,
      "item0": 3209,
      "item1": 3071,
      "item2": 3074,
      "item3": 3082,
      "item4": 1011,
      "item6": 3340,
      "magicDamageDealtToChampions": 2915,
      "physicalDamageDealtToChampions": 14218,
      "totalDamageDealtToChampions": 18602,
      "trueDamageDealtPlayer": 18529,
      "trueDamageDealtToChampions": 1468,
      "trueDamageTaken": 872,
      "wardPlaced": 8,
      "neutralMinionsKilledEnemyJungle": 5,
      "neutralMinionsKilledYourJungle": 74,
      "totalTimeCrowdControlDealt": 549
    }
  },
  "32168180": {
    "gameId": 818161131,
    "invalid": false,
    "gameMode": "CLASSIC",
    "gameType": "MATCHED_GAME",
    "subType": "NORMAL",
    "mapId": 1,
    "teamId": 200,
    "championId": 16,
    "spell1": 4,
    "spell2": 7,
    "level": 30,
    "ipEarned": 74,
    "createDate": 1398243257644,
    "fellowPlayers": [
      {
        "summonerId": 31898685,
        "teamId": 200,
        "championId": 92
      },
      {
        "summonerId": 37029900,
        "teamId": 200,
        "championId": 76
      },
      {
        "summonerId": 33378065,
        "teamId": 200,
        "championId": 104
      },
      {
        "summonerId": 36391983,
        "teamId": 100,
        "championId": 236
      },
      {
        "summonerId": 21593981,
        "teamId": 100,
        "championId": 238
      },
      {
        "summonerId": 34137328,
        "teamId": 100,
        "championId": 53
      },
      {
        "summonerId": 35487044,
        "teamId": 200,
        "championId": 80
      },
      {
        "summonerId": 28323670,
        "teamId": 100,
        "championId": 80
      },
      {
        "summonerId": 31266733,
        "teamId": 100,
        "championId": 134
      }
    ],
    "stats": {
      "level": 18,
      "goldEarned": 13111,
      "numDeaths": 8,
      "minionsKilled": 213,
      "championsKilled": 5,
      "goldSpent": 11350,
      "totalDamageDealt": 165742,
      "totalDamageTaken": 34274,
      "killingSprees": 1,
      "largestKillingSpree": 2,
      "team": 200,
      "win": false,
      "neutralMinionsKilled": 22,
      "largestMultiKill": 1,
      "physicalDamageDealtPlayer": 14044,
      "magicDamageDealtPlayer": 151697,
      "physicalDamageTaken": 24265,
      "magicDamageTaken": 8976,
      "timePlayed": 2485,
      "totalHeal": 22796,
      "totalUnitsHealed": 6,
      "assists": 11,
      "item0": 1056,
      "item1": 3174,
      "item2": 3157,
      "item3": 3116,
      "item4": 3047,
      "item5": 1026,
      "item6": 3340,
      "sightWardsBought": 3,
      "magicDamageDealtToChampions": 13979,
      "physicalDamageDealtToChampions": 966,
      "totalDamageDealtToChampions": 14946,
      "trueDamageTaken": 1032,
      "wardPlaced": 15,
      "neutralMinionsKilledYourJungle": 22,
      "totalTimeCrowdControlDealt": 448
    }
  },
  "21593981": {
    "gameId": 818161131,
    "invalid": false,
    "gameMode": "CLASSIC",
    "gameType": "MATCHED_GAME",
    "subType": "NORMAL",
    "mapId": 1,
    "teamId": 100,
    "championId": 238,
    "spell1": 4,
    "spell2": 14,
    "level": 30,
    "ipEarned": 263,
    "createDate": 1398243257639,
    "fellowPlayers": [
      {
        "summonerId": 31898685,
        "teamId": 200,
        "championId": 92
      },
      {
        "summonerId": 37029900,
        "teamId": 200,
        "championId": 76
      },
      {
        "summonerId": 33378065,
        "teamId": 200,
        "championId": 104
      },
      {
        "summonerId": 36391983,
        "teamId": 100,
        "championId": 236
      },
      {
        "summonerId": 34137328,
        "teamId": 100,
        "championId": 53
      },
      {
        "summonerId": 35487044,
        "teamId": 200,
        "championId": 80
      },
      {
        "summonerId": 32168180,
        "teamId": 200,
        "championId": 16
      },
      {
        "summonerId": 28323670,
        "teamId": 100,
        "championId": 80
      },
      {
        "summonerId": 31266733,
        "teamId": 100,
        "championId": 134
      }
    ],
    "stats": {
      "level": 18,
      "goldEarned": 15440,
      "numDeaths": 5,
      "turretsKilled": 1,
      "minionsKilled": 186,
      "championsKilled": 8,
      "goldSpent": 13930,
      "totalDamageDealt": 200078,
      "totalDamageTaken": 26798,
      "killingSprees": 1,
      "largestKillingSpree": 7,
      "team": 100,
      "win": true,
      "neutralMinionsKilled": 43,
      "largestMultiKill": 1,
      "physicalDamageDealtPlayer": 188855,
      "magicDamageDealtPlayer": 10322,
      "physicalDamageTaken": 17232,
      "magicDamageTaken": 9028,
      "timePlayed": 2485,
      "totalHeal": 4074,
      "totalUnitsHealed": 1,
      "assists": 8,
      "item0": 1055,
      "item1": 3071,
      "item2": 3153,
      "item3": 3035,
      "item4": 3072,
      "item5": 3275,
      "item6": 3340,
      "magicDamageDealtToChampions": 1445,
      "physicalDamageDealtToChampions": 21690,
      "totalDamageDealtToChampions": 23525,
      "trueDamageDealtPlayer": 900,
      "trueDamageDealtToChampions": 390,
      "trueDamageTaken": 538,
      "wardPlaced": 31,
      "neutralMinionsKilledEnemyJungle": 10,
      "neutralMinionsKilledYourJungle": 33,
      "totalTimeCrowdControlDealt": 366
    }
  },
  "28323670": {
    "gameId": 818161131,
    "invalid": false,
    "gameMode": "CLASSIC",
    "gameType": "MATCHED_GAME",
    "subType": "NORMAL",
    "mapId": 1,
    "teamId": 100,
    "championId": 80,
    "spell1": 4,
    "spell2": 11,
    "level": 30,
    "ipEarned": 113,
    "createDate": 1398243257640,
    "fellowPlayers": [
      {
        "summonerId": 31898685,
        "teamId": 200,
        "championId": 92
      },
      {
        "summonerId": 37029900,
        "teamId": 200,
        "championId": 76
      },
      {
        "summonerId": 33378065,
        "teamId": 200,
        "championId": 104
      },
      {
        "summonerId": 36391983,
        "teamId": 100,
        "championId": 236
      },
      {
        "summonerId": 21593981,
        "teamId": 100,
        "championId": 238
      },
      {
        "summonerId": 34137328,
        "teamId": 100,
        "championId": 53
      },
      {
        "summonerId": 35487044,
        "teamId": 200,
        "championId": 80
      },
      {
        "summonerId": 32168180,
        "teamId": 200,
        "championId": 16
      },
      {
        "summonerId": 31266733,
        "teamId": 100,
        "championId": 134
      }
    ],
    "stats": {
      "level": 18,
      "goldEarned": 17300,
      "numDeaths": 4,
      "barracksKilled": 1,
      "turretsKilled": 2,
      "minionsKilled": 62,
      "championsKilled": 11,
      "goldSpent": 13790,
      "totalDamageDealt": 255848,
      "totalDamageTaken": 32825,
      "doubleKills": 1,
      "killingSprees": 4,
      "largestKillingSpree": 5,
      "team": 100,
      "win": true,
      "neutralMinionsKilled": 116,
      "largestMultiKill": 2,
      "physicalDamageDealtPlayer": 216863,
      "magicDamageDealtPlayer": 7119,
      "physicalDamageTaken": 24097,
      "magicDamageTaken": 7735,
      "largestCriticalStrike": 811,
      "timePlayed": 2485,
      "totalHeal": 10571,
      "totalUnitsHealed": 1,
      "assists": 12,
      "item0": 3071,
      "item1": 3035,
      "item2": 3143,
      "item3": 3270,
      "item4": 3209,
      "item5": 3155,
      "item6": 3364,
      "sightWardsBought": 1,
      "magicDamageDealtToChampions": 2655,
      "physicalDamageDealtToChampions": 25824,
      "totalDamageDealtToChampions": 30759,
      "trueDamageDealtPlayer": 31864,
      "trueDamageDealtToChampions": 2279,
      "trueDamageTaken": 992,
      "wardPlaced": 7,
      "neutralMinionsKilledEnemyJungle": 18,
      "neutralMinionsKilledYourJungle": 98,
      "totalTimeCrowdControlDealt": 832
    }
  },
  "31898685": {
    "gameId": 818161131,
    "invalid": false,
    "gameMode": "CLASSIC",
    "gameType": "MATCHED_GAME",
    "subType": "NORMAL",
    "mapId": 1,
    "teamId": 200,
    "championId": 92,
    "spell1": 4,
    "spell2": 14,
    "level": 30,
    "ipEarned": 74,
    "createDate": 1398243257642,
    "fellowPlayers": [
      {
        "summonerId": 37029900,
        "teamId": 200,
        "championId": 76
      },
      {
        "summonerId": 33378065,
        "teamId": 200,
        "championId": 104
      },
      {
        "summonerId": 36391983,
        "teamId": 100,
        "championId": 236
      },
      {
        "summonerId": 21593981,
        "teamId": 100,
        "championId": 238
      },
      {
        "summonerId": 34137328,
        "teamId": 100,
        "championId": 53
      },
      {
        "summonerId": 35487044,
        "teamId": 200,
        "championId": 80
      },
      {
        "summonerId": 32168180,
        "teamId": 200,
        "championId": 16
      },
      {
        "summonerId": 28323670,
        "teamId": 100,
        "championId": 80
      },
      {
        "summonerId": 31266733,
        "teamId": 100,
        "championId": 134
      }
    ],
    "stats": {
      "level": 18,
      "goldEarned": 14564,
      "numDeaths": 7,
      "turretsKilled": 1,
      "minionsKilled": 297,
      "championsKilled": 5,
      "goldSpent": 14312,
      "totalDamageDealt": 226804,
      "totalDamageTaken": 39499,
      "killingSprees": 1,
      "largestKillingSpree": 4,
      "team": 200,
      "win": false,
      "neutralMinionsKilled": 44,
      "largestMultiKill": 1,
      "physicalDamageDealtPlayer": 226646,
      "physicalDamageTaken": 25707,
      "magicDamageTaken": 13000,
      "timePlayed": 2485,
      "totalHeal": 3290,
      "totalUnitsHealed": 1,
      "assists": 6,
      "item0": 3022,
      "item1": 3074,
      "item2": 3072,
      "item3": 3275,
      "item4": 3134,
      "item5": 1037,
      "item6": 3340,
      "physicalDamageDealtToChampions": 16936,
      "totalDamageDealtToChampions": 17094,
      "trueDamageDealtPlayer": 158,
      "trueDamageDealtToChampions": 158,
      "trueDamageTaken": 791,
      "wardPlaced": 7,
      "neutralMinionsKilledEnemyJungle": 6,
      "neutralMinionsKilledYourJungle": 38,
      "totalTimeCrowdControlDealt": 69
    }
  }
}