{
  "22707183": {
    "gameId": 818169291,
    "invalid": false,
    "gameMode": "CLASSIC",
    "gameType": "MATCHED_GAME",
    "subType": "RANKED_SOLO_5x5",
    "mapId": 1,
    "teamId": 100,
    "championId": 51,
    "spell1": 4,
    "spell2": 7,
    "level": 30,
    "ipEarned": 76,
    "createDate": 1398242271582,
    "fellowPlayers": [
      {
        "summonerId": 37915321,
        "teamId": 200,
        "championId": 24
      },
      {
        "summonerId": 27193348,
        "teamId": 200,
        "championId": 61
      },
      {
        "summonerId": 21945523,
        "teamId": 100,
        "championId": 131
      },
      {
        "summonerId": 25809658,
        "teamId": 200,
        "championId": 53
      },
      {
        "summonerId": 27985978,
        "teamId": 100,
        "championId": 412
      },
      {
        "summonerId": 27774014,
        "teamId": 100,
        "championId": 58
      },
      {
        "summonerId": 28003798,
        "teamId": 100,
        "championId": 157
      },
      {
        "summonerId": 25915017,
        "teamId": 200,
        "championId": 222
      },
      {
        "summonerId": 33273260,
        "teamId": 200,
        "championId": 62
      }
    ],
    "stats": {
      "level": 11,
      "goldEarned": 7554,
      "numDeaths": 3,
      "turretsKilled": 2,
      "minionsKilled": 121,
      "championsKilled": 1,
      "goldSpent": 6220,
      "totalDamageDealt": 64054,
      "totalDamageTaken": 7784,
      "team": 100,
      "win": true,
      "neutralMinionsKilled": 2,
      "largestMultiKill": 1,
      "physicalDamageDealtPlayer": 63513,
      "magicDamageDealtPlayer": 540,
      "physicalDamageTaken": 5392,
      "magicDamageTaken": 2392,
      "largestCriticalStrike": 674,
      "timePlayed": 1132,
      "totalHeal": 1772,
      "totalUnitsHealed": 3,
      "assists": 7,
      "item0": 1055,
      "item1": 3072,
      "item2": 3006,
      "item3": 3086,
      "item4": 1042,
      "item6": 3340,
      "magicDamageDealtToChampions": 462,
      "physicalDamageDealtToChampions": 7179,
      "totalDamageDealtToChampions": 7642,
      "wardPlaced": 5,
      "neutralMinionsKilledYourJungle": 2,
      "totalTimeCrowdControlDealt": 16
    }
  },
  "summonerCount": 10,
  "27774014": {
    "gameId": 818169291,
    "invalid": false,
    "gameMode": "CLASSIC",
    "gameType": "MATCHED_GAME",
    "subType": "RANKED_SOLO_5x5",
    "mapId": 1,
    "teamId": 100,
    "championId": 58,
    "spell1": 4,
    "spell2": 14,
    "level": 30,
    "ipEarned": 226,
    "createDate": 1398242271584,
    "fellowPlayers": [
      {
        "summonerId": 37915321,
        "teamId": 200,
        "championId": 24
      },
      {
        "summonerId": 27193348,
        "teamId": 200,
        "championId": 61
      },
      {
        "summonerId": 21945523,
        "teamId": 100,
        "championId": 131
      },
      {
        "summonerId": 22707183,
        "teamId": 100,
        "championId": 51
      },
      {
        "summonerId": 25809658,
        "teamId": 200,
        "championId": 53
      },
      {
        "summonerId": 27985978,
        "teamId": 100,
        "championId": 412
      },
      {
        "summonerId": 28003798,
        "teamId": 100,
        "championId": 157
      },
      {
        "summonerId": 25915017,
        "teamId": 200,
        "championId": 222
      },
      {
        "summonerId": 33273260,
        "teamId": 200,
        "championId": 62
      }
    ],
    "stats": {
      "level": 13,
      "goldEarned": 9639,
      "numDeaths": 1,
      "barracksKilled": 2,
      "turretsKilled": 2,
      "minionsKilled": 147,
      "championsKilled": 11,
      "goldSpent": 7455,
      "totalDamageDealt": 98938,
      "totalDamageTaken": 13511,
      "doubleKills": 1,
      "tripleKills": 1,
      "killingSprees": 2,
      "largestKillingSpree": 8,
      "team": 100,
      "win": true,
      "neutralMinionsKilled": 5,
      "largestMultiKill": 3,
      "physicalDamageDealtPlayer": 96610,
      "magicDamageDealtPlayer": 1617,
      "physicalDamageTaken": 11454,
      "magicDamageTaken": 1716,
      "timePlayed": 1132,
      "totalHeal": 4860,
      "totalUnitsHealed": 1,
      "assists": 1,
      "item0": 1055,
      "item1": 3074,
      "item2": 3111,
      "item3": 3035,
      "item5": 2003,
      "item6": 3340,
      "sightWardsBought": 1,
      "magicDamageDealtToChampions": 134,
      "physicalDamageDealtToChampions": 13466,
      "totalDamageDealtToChampions": 14311,
      "trueDamageDealtPlayer": 710,
      "trueDamageDealtToChampions": 710,
      "trueDamageTaken": 340,
      "wardPlaced": 3,
      "neutralMinionsKilledEnemyJungle": 5,
      "totalTimeCrowdControlDealt": 21
    }
  },
  "27193348": {
    "gameId": 818169291,
    "invalid": false,
    "gameMode": "CLASSIC",
    "gameType": "MATCHED_GAME",
    "subType": "RANKED_SOLO_5x5",
    "mapId": 1,
    "teamId": 200,
    "championId": 61,
    "spell1": 14,
    "spell2": 4,
    "level": 30,
    "ipEarned": 51,
    "createDate": 1398242271587,
    "fellowPlayers": [
      {
        "summonerId": 37915321,
        "teamId": 200,
        "championId": 24
      },
      {
        "summonerId": 21945523,
        "teamId": 100,
        "championId": 131
      },
      {
        "summonerId": 22707183,
        "teamId": 100,
        "championId": 51
      },
      {
        "summonerId": 25809658,
        "teamId": 200,
        "championId": 53
      },
      {
        "summonerId": 27985978,
        "teamId": 100,
        "championId": 412
      },
      {
        "summonerId": 27774014,
        "teamId": 100,
        "championId": 58
      },
      {
        "summonerId": 28003798,
        "teamId": 100,
        "championId": 157
      },
      {
        "summonerId": 25915017,
        "teamId": 200,
        "championId": 222
      },
      {
        "summonerId": 33273260,
        "teamId": 200,
        "championId": 62
      }
    ],
    "stats": {
      "level": 10,
      "goldEarned": 5048,
      "numDeaths": 1,
      "minionsKilled": 64,
      "championsKilled": 3,
      "goldSpent": 4320,
      "totalDamageDealt": 23810,
      "totalDamageTaken": 6308,
      "doubleKills": 1,
      "killingSprees": 1,
      "largestKillingSpree": 3,
      "team": 200,
      "win": false,
      "largestMultiKill": 2,
      "physicalDamageDealtPlayer": 5766,
      "magicDamageDealtPlayer": 17887,
      "physicalDamageTaken": 5543,
      "magicDamageTaken": 542,
      "timePlayed": 1132,
      "totalHeal": 63,
      "totalUnitsHealed": 1,
      "assists": 3,
      "item0": 1029,
      "item1": 3174,
      "item2": 3020,
      "item3": 2044,
      "item6": 3340,
      "sightWardsBought": 1,
      "magicDamageDealtToChampions": 5936,
      "physicalDamageDealtToChampions": 1134,
      "totalDamageDealtToChampions": 7227,
      "trueDamageDealtPlayer": 156,
      "trueDamageDealtToChampions": 156,
      "trueDamageTaken": 222,
      "totalTimeCrowdControlDealt": 387
    }
  },
  "25915017": {
    "gameId": 818169291,
    "invalid": false,
    "gameMode": "CLASSIC",
    "gameType": "MATCHED_GAME",
    "subType": "RANKED_SOLO_5x5",
    "mapId": 1,
    "teamId": 200,
    "championId": 222,
    "spell1": 4,
    "spell2": 7,
    "level": 30,
    "ipEarned": 51,
    "createDate": 1398242271591,
    "fellowPlayers": [
      {
        "summonerId": 37915321,
        "teamId": 200,
        "championId": 24
      },
      {
        "summonerId": 27193348,
        "teamId": 200,
        "championId": 61
      },
      {
        "summonerId": 21945523,
        "teamId": 100,
        "championId": 131
      },
      {
        "summonerId": 22707183,
        "teamId": 100,
        "championId": 51
      },
      {
        "summonerId": 25809658,
        "teamId": 200,
        "championId": 53
      },
      {
        "summonerId": 27985978,
        "teamId": 100,
        "championId": 412
      },
      {
        "summonerId": 27774014,
        "teamId": 100,
        "championId": 58
      },
      {
        "summonerId": 28003798,
        "teamId": 100,
        "championId": 157
      },
      {
        "summonerId": 33273260,
        "teamId": 200,
        "championId": 62
      }
    ],
    "stats": {
      "level": 9,
      "goldEarned": 4896,
      "numDeaths": 2,
      "minionsKilled": 75,
      "championsKilled": 1,
      "goldSpent": 4625,
      "totalDamageDealt": 26663,
      "totalDamageTaken": 4605,
      "team": 200,
      "win": false,
      "largestMultiKill": 1,
      "physicalDamageDealtPlayer": 26421,
      "magicDamageDealtPlayer": 242,
      "physicalDamageTaken": 3512,
      "magicDamageTaken": 1092,
      "timePlayed": 1132,
      "totalHeal": 1369,
      "totalUnitsHealed": 2,
      "assists": 6,
      "item0": 2049,
      "item1": 3250,
      "item2": 1055,
      "item6": 3340,
      "sightWardsBought": 3,
      "visionWardsBought": 2,
      "magicDamageDealtToChampions": 242,
      "physicalDamageDealtToChampions": 4553,
      "totalDamageDealtToChampions": 4796,
      "wardPlaced": 84,
      "totalTimeCrowdControlDealt": 22
    }
  },
  "27985978": {
    "gameId": 818169291,
    "invalid": false,
    "gameMode": "CLASSIC",
    "gameType": "MATCHED_GAME",
    "subType": "RANKED_SOLO_5x5",
    "mapId": 1,
    "teamId": 100,
    "championId": 412,
    "spell1": 3,
    "spell2": 4,
    "level": 30,
    "ipEarned": 76,
    "createDate": 1398242271583,
    "fellowPlayers": [
      {
        "summonerId": 37915321,
        "teamId": 200,
        "championId": 24
      },
      {
        "summonerId": 27193348,
        "teamId": 200,
        "championId": 61
      },
      {
        "summonerId": 21945523,
        "teamId": 100,
        "championId": 131
      },
      {
        "summonerId": 22707183,
        "teamId": 100,
        "championId": 51
      },
      {
        "summonerId": 25809658,
        "teamId": 200,
        "championId": 53
      },
      {
        "summonerId": 27774014,
        "teamId": 100,
        "championId": 58
      },
      {
        "summonerId": 28003798,
        "teamId": 100,
        "championId": 157
      },
      {
        "summonerId": 25915017,
        "teamId": 200,
        "championId": 222
      },
      {
        "summonerId": 33273260,
        "teamId": 200,
        "championId": 62
      }
    ],
    "stats": {
      "level": 11,
      "goldEarned": 5918,
      "numDeaths": 1,
      "minionsKilled": 21,
      "championsKilled": 2,
      "goldSpent": 4985,
      "totalDamageDealt": 15131,
      "totalDamageTaken": 6597,
      "killingSprees": 1,
      "largestKillingSpree": 2,
      "team": 100,
      "win": true,
      "largestMultiKill": 1,
      "physicalDamageDealtPlayer": 6485,
      "magicDamageDealtPlayer": 8645,
      "physicalDamageTaken": 4882,
      "magicDamageTaken": 1714,
      "timePlayed": 1132,
      "totalHeal": 993,
      "totalUnitsHealed": 1,
      "assists": 8,
      "item0": 3068,
      "item1": 3117,
      "item2": 3301,
      "item3": 3113,
      "item6": 3341,
      "sightWardsBought": 2,
      "magicDamageDealtToChampions": 3867,
      "physicalDamageDealtToChampions": 1157,
      "totalDamageDealtToChampions": 5024,
      "wardKilled": 1,
      "wardPlaced": 2,
      "totalTimeCrowdControlDealt": 65
    }
  },
  "28003798": {
    "gameId": 818169291,
    "invalid": false,
    "gameMode": "CLASSIC",
    "gameType": "MATCHED_GAME",
    "subType": "RANKED_SOLO_5x5",
    "mapId": 1,
    "teamId": 100,
    "championId": 157,
    "spell1": 4,
    "spell2": 14,
    "level": 30,
    "ipEarned": 76,
    "createDate": 1398242271579,
    "fellowPlayers": [
      {
        "summonerId": 37915321,
        "teamId": 200,
        "championId": 24
      },
      {
        "summonerId": 27193348,
        "teamId": 200,
        "championId": 61
      },
      {
        "summonerId": 21945523,
        "teamId": 100,
        "championId": 131
      },
      {
        "summonerId": 22707183,
        "teamId": 100,
        "championId": 51
      },
      {
        "summonerId": 25809658,
        "teamId": 200,
        "championId": 53
      },
      {
        "summonerId": 27985978,
        "teamId": 100,
        "championId": 412
      },
      {
        "summonerId": 27774014,
        "teamId": 100,
        "championId": 58
      },
      {
        "summonerId": 25915017,
        "teamId": 200,
        "championId": 222
      },
      {
        "summonerId": 33273260,
        "teamId": 200,
        "championId": 62
      }
    ],
    "stats": {
      "level": 12,
      "goldEarned": 7950,
      "numDeaths": 2,
      "turretsKilled": 2,
      "minionsKilled": 131,
      "championsKilled": 6,
      "goldSpent": 7250,
      "totalDamageDealt": 81807,
      "totalDamageTaken": 7120,
      "killingSprees": 1,
      "largestKillingSpree": 6,
      "team": 100,
      "win": true,
      "neutralMinionsKilled": 10,
      "largestMultiKill": 1,
      "physicalDamageDealtPlayer": 69781,
      "magicDamageDealtPlayer": 10481,
      "physicalDamageTaken": 3567,
      "magicDamageTaken": 3246,
      "largestCriticalStrike": 365,
      "timePlayed": 1132,
      "totalHeal": 1942,
      "totalUnitsHealed": 1,
      "assists": 1,
      "item0": 1055,
      "item1": 1055,
      "item2": 3087,
      "item3": 3250,
      "item4": 1018,
      "item5": 1038,
      "item6": 3340,
      "sightWardsBought": 1,
      "magicDamageDealtToChampions": 1280,
      "physicalDamageDealtToChampions": 6585,
      "totalDamageDealtToChampions": 8866,
      "trueDamageDealtPlayer": 1544,
      "trueDamageDealtToChampions": 1000,
      "trueDamageTaken": 306,
      "wardPlaced": 10,
      "neutralMinionsKilledEnemyJungle": 9,
      "neutralMinionsKilledYourJungle": 1,
      "totalTimeCrowdControlDealt": 215
    }
  },
  "37915321": {
    "gameId": 818169291,
    "invalid": false,
    "gameMode": "CLASSIC",
    "gameType": "MATCHED_GAME",
    "subType": "RANKED_SOLO_5x5",
    "mapId": 1,
    "teamId": 200,
    "championId": 24,
    "spell1": 4,
    "spell2": 14,
    "level": 30,
    "ipEarned": 51,
    "createDate": 1398242271589,
    "fellowPlayers": [
      {
        "summonerId": 27193348,
        "teamId": 200,
        "championId": 61
      },
      {
        "summonerId": 21945523,
        "teamId": 100,
        "championId": 131
      },
      {
        "summonerId": 22707183,
        "teamId": 100,
        "championId": 51
      },
      {
        "summonerId": 25809658,
        "teamId": 200,
        "championId": 53
      },
      {
        "summonerId": 27985978,
        "teamId": 100,
        "championId": 412
      },
      {
        "summonerId": 27774014,
        "teamId": 100,
        "championId": 58
      },
      {
        "summonerId": 28003798,
        "teamId": 100,
        "championId": 157
      },
      {
        "summonerId": 25915017,
        "teamId": 200,
        "championId": 222
      },
      {
        "summonerId": 33273260,
        "teamId": 200,
        "championId": 62
      }
    ],
    "stats": {
      "level": 11,
      "goldEarned": 5051,
      "numDeaths": 5,
      "minionsKilled": 93,
      "championsKilled": 1,
      "goldSpent": 4965,
      "totalDamageDealt": 33704,
      "totalDamageTaken": 10907,
      "team": 200,
      "win": false,
      "neutralMinionsKilled": 2,
      "largestMultiKill": 1,
      "physicalDamageDealtPlayer": 27485,
      "magicDamageDealtPlayer": 5728,
      "physicalDamageTaken": 9514,
      "magicDamageTaken": 993,
      "timePlayed": 1132,
      "assists": 2,
      "item0": 3082,
      "item1": 2004,
      "item2": 3153,
      "item3": 2003,
      "item6": 3340,
      "magicDamageDealtToChampions": 1292,
      "physicalDamageDealtToChampions": 3379,
      "totalDamageDealtToChampions": 5161,
      "trueDamageDealtPlayer": 490,
      "trueDamageDealtToChampions": 490,
      "trueDamageTaken": 400,
      "wardPlaced": 2,
      "neutralMinionsKilledYourJungle": 2,
      "totalTimeCrowdControlDealt": 50
    }
  },
  "33273260": {
    "gameId": 818169291,
    "invalid": false,
    "gameMode": "CLASSIC",
    "gameType": "MATCHED_GAME",
    "subType": "RANKED_SOLO_5x5",
    "mapId": 1,
    "teamId": 200,
    "championId": 62,
    "spell1": 4,
    "spell2": 11,
    "level": 30,
    "ipEarned": 51,
    "createDate": 1398242271585,
    "fellowPlayers": [
      {
        "summonerId": 37915321,
        "teamId": 200,
        "championId": 24
      },
      {
        "summonerId": 27193348,
        "teamId": 200,
        "championId": 61
      },
      {
        "summonerId": 21945523,
        "teamId": 100,
        "championId": 131
      },
      {
        "summonerId": 22707183,
        "teamId": 100,
        "championId": 51
      },
      {
        "summonerId": 25809658,
        "teamId": 200,
        "championId": 53
      },
      {
        "summonerId": 27985978,
        "teamId": 100,
        "championId": 412
      },
      {
        "summonerId": 27774014,
        "teamId": 100,
        "championId": 58
      },
      {
        "summonerId": 28003798,
        "teamId": 100,
        "championId": 157
      },
      {
        "summonerId": 25915017,
        "teamId": 200,
        "championId": 222
      }
    ],
    "stats": {
      "level": 9,
      "goldEarned": 3766,
      "numDeaths": 12,
      "minionsKilled": 11,
      "championsKilled": 2,
      "goldSpent": 4405,
      "totalDamageDealt": 20385,
      "totalDamageTaken": 16636,
      "doubleKills": 1,
      "killingSprees": 1,
      "largestKillingSpree": 2,
      "team": 200,
      "win": false,
      "neutralMinionsKilled": 17,
      "largestMultiKill": 2,
      "physicalDamageDealtPlayer": 17147,
      "magicDamageDealtPlayer": 1518,
      "physicalDamageTaken": 12347,
      "magicDamageTaken": 3451,
      "largestCriticalStrike": 283,
      "timePlayed": 1132,
      "totalHeal": 479,
      "totalUnitsHealed": 1,
      "assists": 2,
      "item0": 3274,
      "item1": 3086,
      "item2": 1036,
      "item6": 3341,
      "magicDamageDealtToChampions": 118,
      "physicalDamageDealtToChampions": 1700,
      "totalDamageDealtToChampions": 1818,
      "trueDamageDealtPlayer": 1720,
      "trueDamageTaken": 838,
      "neutralMinionsKilledEnemyJungle": 1,
      "neutralMinionsKilledYourJungle": 16,
      "totalTimeCrowdControlDealt": 9
    }
  },
  "25809658": {
    "gameId": 818169291,
    "invalid": false,
    "gameMode": "CLASSIC",
    "gameType": "MATCHED_GAME",
    "subType": "RANKED_SOLO_5x5",
    "mapId": 1,
    "teamId": 200,
    "championId": 53,
    "spell1": 4,
    "spell2": 3,
    "level": 30,
    "ipEarned": 51,
    "createDate": 1398242271588,
    "fellowPlayers": [
      {
        "summonerId": 37915321,
        "teamId": 200,
        "championId": 24
      },
      {
        "summonerId": 27193348,
        "teamId": 200,
        "championId": 61
      },
      {
        "summonerId": 21945523,
        "teamId": 100,
        "championId": 131
      },
      {
        "summonerId": 22707183,
        "teamId": 100,
        "championId": 51
      },
      {
        "summonerId": 27985978,
        "teamId": 100,
        "championId": 412
      },
      {
        "summonerId": 27774014,
        "teamId": 100,
        "championId": 58
      },
      {
        "summonerId": 28003798,
        "teamId": 100,
        "championId": 157
      },
      {
        "summonerId": 25915017,
        "teamId": 200,
        "championId": 222
      },
      {
        "summonerId": 33273260,
        "teamId": 200,
        "championId": 62
      }
    ],
    "stats": {
      "level": 9,
      "goldEarned": 4183,
      "numDeaths": 3,
      "minionsKilled": 12,
      "championsKilled": 1,
      "goldSpent": 4335,
      "totalDamageDealt": 9802,
      "totalDamageTaken": 9573,
      "team": 200,
      "win": false,
      "largestMultiKill": 1,
      "physicalDamageDealtPlayer": 3565,
      "magicDamageDealtPlayer": 6236,
      "physicalDamageTaken": 6981,
      "magicDamageTaken": 2282,
      "timePlayed": 1132,
      "totalHeal": 783,
      "totalUnitsHealed": 1,
      "assists": 5,
      "item0": 2010,
      "item1": 1055,
      "item2": 2049,
      "item3": 1038,
      "item6": 3340,
      "sightWardsBought": 1,
      "magicDamageDealtToChampions": 2187,
      "physicalDamageDealtToChampions": 2153,
      "totalDamageDealtToChampions": 4340,
      "trueDamageTaken": 310,
      "wardPlaced": 121,
      "totalTimeCrowdControlDealt": 36
    }
  },
  "22707183": {
    "gameId": 818169291,
    "invalid": false,
    "gameMode": "CLASSIC",
    "gameType": "MATCHED_GAME",
    "subType": "RANKED_SOLO_5x5",
    "mapId": 1,
    "teamId": 100,
    "championId": 51,
    "spell1": 4,
    "spell2": 7,
    "level": 30,
    "ipEarned": 76,
    "createDate": 1398242271582,
    "fellowPlayers": [
      {
        "summonerId": 37915321,
        "teamId": 200,
        "championId": 24
      },
      {
        "summonerId": 27193348,
        "teamId": 200,
        "championId": 61
      },
      {
        "summonerId": 21945523,
        "teamId": 100,
        "championId": 131
      },
      {
        "summonerId": 25809658,
        "teamId": 200,
        "championId": 53
      },
      {
        "summonerId": 27985978,
        "teamId": 100,
        "championId": 412
      },
      {
        "summonerId": 27774014,
        "teamId": 100,
        "championId": 58
      },
      {
        "summonerId": 28003798,
        "teamId": 100,
        "championId": 157
      },
      {
        "summonerId": 25915017,
        "teamId": 200,
        "championId": 222
      },
      {
        "summonerId": 33273260,
        "teamId": 200,
        "championId": 62
      }
    ],
    "stats": {
      "level": 11,
      "goldEarned": 7554,
      "numDeaths": 3,
      "turretsKilled": 2,
      "minionsKilled": 121,
      "championsKilled": 1,
      "goldSpent": 6220,
      "totalDamageDealt": 64054,
      "totalDamageTaken": 7784,
      "team": 100,
      "win": true,
      "neutralMinionsKilled": 2,
      "largestMultiKill": 1,
      "physicalDamageDealtPlayer": 63513,
      "magicDamageDealtPlayer": 540,
      "physicalDamageTaken": 5392,
      "magicDamageTaken": 2392,
      "largestCriticalStrike": 674,
      "timePlayed": 1132,
      "totalHeal": 1772,
      "totalUnitsHealed": 3,
      "assists": 7,
      "item0": 1055,
      "item1": 3072,
      "item2": 3006,
      "item3": 3086,
      "item4": 1042,
      "item6": 3340,
      "magicDamageDealtToChampions": 462,
      "physicalDamageDealtToChampions": 7179,
      "totalDamageDealtToChampions": 7642,
      "wardPlaced": 5,
      "neutralMinionsKilledYourJungle": 2,
      "totalTimeCrowdControlDealt": 16
    }
  }
}