{
  "33407376": {
    "gameId": 818169843,
    "invalid": false,
    "gameMode": "CLASSIC",
    "gameType": "MATCHED_GAME",
    "subType": "NORMAL",
    "mapId": 1,
    "teamId": 200,
    "championId": 92,
    "spell1": 4,
    "spell2": 14,
    "level": 30,
    "ipEarned": 89,
    "createDate": 1398243066746,
    "fellowPlayers": [
      {
        "summonerId": 27122048,
        "teamId": 200,
        "championId": 30
      },
      {
        "summonerId": 25866177,
        "teamId": 100,
        "championId": 53
      },
      {
        "summonerId": 33287436,
        "teamId": 200,
        "championId": 127
      },
      {
        "summonerId": 27202237,
        "teamId": 200,
        "championId": 254
      },
      {
        "summonerId": 19809782,
        "teamId": 100,
        "championId": 236
      },
      {
        "summonerId": 33990367,
        "teamId": 100,
        "championId": 76
      },
      {
        "summonerId": 30453538,
        "teamId": 100,
        "championId": 24
      },
      {
        "summonerId": 36823146,
        "teamId": 100,
        "championId": 48
      },
      {
        "summonerId": 37158786,
        "teamId": 200,
        "championId": 18
      }
    ],
    "stats": {
      "level": 18,
      "goldEarned": 13842,
      "numDeaths": 1,
      "barracksKilled": 1,
      "turretsKilled": 3,
      "minionsKilled": 235,
      "championsKilled": 5,
      "goldSpent": 13925,
      "totalDamageDealt": 199879,
      "totalDamageTaken": 23820,
      "killingSprees": 1,
      "largestKillingSpree": 4,
      "team": 200,
      "win": true,
      "neutralMinionsKilled": 37,
      "largestMultiKill": 1,
      "physicalDamageDealtPlayer": 198669,
      "physicalDamageTaken": 17977,
      "magicDamageTaken": 5579,
      "timePlayed": 1877,
      "totalHeal": 3641,
      "totalUnitsHealed": 1,
      "assists": 4,
      "item0": 3074,
      "item1": 3072,
      "item2": 3158,
      "item3": 3071,
      "item4": 3035,
      "item6": 3340,
      "physicalDamageDealtToChampions": 15421,
      "totalDamageDealtToChampions": 16469,
      "trueDamageDealtPlayer": 1210,
      "trueDamageDealtToChampions": 1048,
      "trueDamageTaken": 264,
      "wardPlaced": 4,
      "neutralMinionsKilledEnemyJungle": 30,
      "neutralMinionsKilledYourJungle": 7,
      "totalTimeCrowdControlDealt": 142
    }
  },
  "summonerCount": 10,
  "36823146": {
    "gameId": 818169843,
    "invalid": false,
    "gameMode": "CLASSIC",
    "gameType": "MATCHED_GAME",
    "subType": "NORMAL",
    "mapId": 1,
    "teamId": 100,
    "championId": 48,
    "spell1": 4,
    "spell2": 11,
    "level": 30,
    "ipEarned": 60,
    "createDate": 1398243066741,
    "fellowPlayers": [
      {
        "summonerId": 27122048,
        "teamId": 200,
        "championId": 30
      },
      {
        "summonerId": 33407376,
        "teamId": 200,
        "championId": 92
      },
      {
        "summonerId": 25866177,
        "teamId": 100,
        "championId": 53
      },
      {
        "summonerId": 33287436,
        "teamId": 200,
        "championId": 127
      },
      {
        "summonerId": 27202237,
        "teamId": 200,
        "championId": 254
      },
      {
        "summonerId": 19809782,
        "teamId": 100,
        "championId": 236
      },
      {
        "summonerId": 33990367,
        "teamId": 100,
        "championId": 76
      },
      {
        "summonerId": 30453538,
        "teamId": 100,
        "championId": 24
      },
      {
        "summonerId": 37158786,
        "teamId": 200,
        "championId": 18
      }
    ],
    "stats": {
      "level": 1,
      "goldEarned": 3972,
      "numDeaths": 2,
      "goldSpent": 3775,
      "totalDamageDealt": 1253,
      "totalDamageTaken": 2772,
      "team": 100,
      "win": false,
      "physicalDamageDealtPlayer": 1091,
      "magicDamageDealtPlayer": 161,
      "physicalDamageTaken": 647,
      "magicDamageTaken": 2124,
      "timePlayed": 1877,
      "totalHeal": 50,
      "totalUnitsHealed": 1,
      "item0": 2003,
      "item1": 3089,
      "item3": 1039,
      "item6": 3340,
      "physicalDamageDealtToChampions": 63,
      "totalDamageDealtToChampions": 63,
      "totalTimeCrowdControlDealt": 4
    }
  },
  "33287436": {
    "gameId": 818169843,
    "invalid": false,
    "gameMode": "CLASSIC",
    "gameType": "MATCHED_GAME",
    "subType": "NORMAL",
    "mapId": 1,
    "teamId": 200,
    "championId": 127,
    "spell1": 4,
    "spell2": 7,
    "level": 30,
    "ipEarned": 89,
    "createDate": 1398243066749,
    "fellowPlayers": [
      {
        "summonerId": 27122048,
        "teamId": 200,
        "championId": 30
      },
      {
        "summonerId": 33407376,
        "teamId": 200,
        "championId": 92
      },
      {
        "summonerId": 25866177,
        "teamId": 100,
        "championId": 53
      },
      {
        "summonerId": 27202237,
        "teamId": 200,
        "championId": 254
      },
      {
        "summonerId": 19809782,
        "teamId": 100,
        "championId": 236
      },
      {
        "summonerId": 33990367,
        "teamId": 100,
        "championId": 76
      },
      {
        "summonerId": 30453538,
        "teamId": 100,
        "championId": 24
      },
      {
        "summonerId": 36823146,
        "teamId": 100,
        "championId": 48
      },
      {
        "summonerId": 37158786,
        "teamId": 200,
        "championId": 18
      }
    ],
    "stats": {
      "level": 14,
      "goldEarned": 10966,
      "numDeaths": 6,
      "minionsKilled": 40,
      "championsKilled": 2,
      "goldSpent": 10580,
      "totalDamageDealt": 57524,
      "totalDamageTaken": 19302,
      "team": 200,
      "win": true,
      "neutralMinionsKilled": 1,
      "largestMultiKill": 1,
      "physicalDamageDealtPlayer": 6260,
      "magicDamageDealtPlayer": 51264,
      "physicalDamageTaken": 11571,
      "magicDamageTaken": 7581,
      "timePlayed": 1877,
      "totalHeal": 2613,
      "totalUnitsHealed": 4,
      "assists": 10,
      "item0": 3092,
      "item1": 2049,
      "item2": 3151,
      "item3": 3020,
      "item4": 3089,
      "item6": 3340,
      "magicDamageDealtToChampions": 12942,
      "physicalDamageDealtToChampions": 1750,
      "totalDamageDealtToChampions": 14693,
      "trueDamageTaken": 150,
      "wardPlaced": 19,
      "neutralMinionsKilledEnemyJungle": 1,
      "totalTimeCrowdControlDealt": 228
    }
  },
  "30453538": {
    "gameId": 818169843,
    "invalid": false,
    "gameMode": "CLASSIC",
    "gameType": "MATCHED_GAME",
    "subType": "NORMAL",
    "mapId": 1,
    "teamId": 100,
    "championId": 24,
    "spell1": 12,
    "spell2": 4,
    "level": 30,
    "ipEarned": 60,
    "createDate": 1398243066744,
    "fellowPlayers": [
      {
        "summonerId": 27122048,
        "teamId": 200,
        "championId": 30
      },
      {
        "summonerId": 33407376,
        "teamId": 200,
        "championId": 92
      },
      {
        "summonerId": 25866177,
        "teamId": 100,
        "championId": 53
      },
      {
        "summonerId": 33287436,
        "teamId": 200,
        "championId": 127
      },
      {
        "summonerId": 27202237,
        "teamId": 200,
        "championId": 254
      },
      {
        "summonerId": 19809782,
        "teamId": 100,
        "championId": 236
      },
      {
        "summonerId": 33990367,
        "teamId": 100,
        "championId": 76
      },
      {
        "summonerId": 36823146,
        "teamId": 100,
        "championId": 48
      },
      {
        "summonerId": 37158786,
        "teamId": 200,
        "championId": 18
      }
    ],
    "stats": {
      "level": 15,
      "goldEarned": 8799,
      "numDeaths": 5,
      "minionsKilled": 194,
      "championsKilled": 2,
      "goldSpent": 10110,
      "totalDamageDealt": 102744,
      "totalDamageTaken": 26315,
      "killingSprees": 1,
      "largestKillingSpree": 2,
      "team": 100,
      "win": false,
      "neutralMinionsKilled": 4,
      "largestMultiKill": 1,
      "physicalDamageDealtPlayer": 79294,
      "magicDamageDealtPlayer": 23450,
      "physicalDamageTaken": 17305,
      "magicDamageTaken": 8090,
      "timePlayed": 1877,
      "totalHeal": 2703,
      "totalUnitsHealed": 1,
      "assists": 3,
      "item0": 3057,
      "item1": 3044,
      "item2": 3153,
      "item3": 1055,
      "item4": 3047,
      "item5": 1011,
      "item6": 3340,
      "magicDamageDealtToChampions": 3605,
      "physicalDamageDealtToChampions": 9436,
      "totalDamageDealtToChampions": 13041,
      "trueDamageTaken": 919,
      "wardPlaced": 2,
      "neutralMinionsKilledEnemyJungle": 1,
      "neutralMinionsKilledYourJungle": 3,
      "totalTimeCrowdControlDealt": 54
    }
  },
  "33990367": {
    "gameId": 818169843,
    "invalid": false,
    "gameMode": "CLASSIC",
    "gameType": "MATCHED_GAME",
    "subType": "NORMAL",
    "mapId": 1,
    "teamId": 100,
    "championId": 76,
    "spell1": 4,
    "spell2": 7,
    "level": 30,
    "ipEarned": 60,
    "createDate": 1398243066742,
    "fellowPlayers": [
      {
        "summonerId": 27122048,
        "teamId": 200,
        "championId": 30
      },
      {
        "summonerId": 33407376,
        "teamId": 200,
        "championId": 92
      },
      {
        "summonerId": 25866177,
        "teamId": 100,
        "championId": 53
      },
      {
        "summonerId": 33287436,
        "teamId": 200,
        "championId": 127
      },
      {
        "summonerId": 27202237,
        "teamId": 200,
        "championId": 254
      },
      {
        "summonerId": 19809782,
        "teamId": 100,
        "championId": 236
      },
      {
        "summonerId": 30453538,
        "teamId": 100,
        "championId": 24
      },
      {
        "summonerId": 36823146,
        "teamId": 100,
        "championId": 48
      },
      {
        "summonerId": 37158786,
        "teamId": 200,
        "championId": 18
      }
    ],
    "stats": {
      "level": 17,
      "goldEarned": 11823,
      "numDeaths": 4,
      "turretsKilled": 1,
      "minionsKilled": 162,
      "championsKilled": 13,
      "goldSpent": 11590,
      "totalDamageDealt": 114759,
      "totalDamageTaken": 27546,
      "killingSprees": 3,
      "largestKillingSpree": 6,
      "team": 100,
      "win": false,
      "neutralMinionsKilled": 1,
      "largestMultiKill": 1,
      "physicalDamageDealtPlayer": 27099,
      "magicDamageDealtPlayer": 87407,
      "physicalDamageTaken": 12882,
      "magicDamageTaken": 13742,
      "timePlayed": 1877,
      "totalHeal": 15748,
      "totalUnitsHealed": 4,
      "assists": 3,
      "item0": 1056,
      "item1": 3157,
      "item2": 3020,
      "item3": 3089,
      "item4": 3174,
      "item5": 1026,
      "item6": 3340,
      "magicDamageDealtToChampions": 24141,
      "physicalDamageDealtToChampions": 3759,
      "totalDamageDealtToChampions": 28069,
      "trueDamageDealtPlayer": 252,
      "trueDamageDealtToChampions": 168,
      "trueDamageTaken": 921,
      "wardPlaced": 5,
      "neutralMinionsKilledYourJungle": 1,
      "totalTimeCrowdControlDealt": 27
    }
  },
  "19809782": {
    "gameId": 818169843,
    "invalid": false,
    "gameMode": "CLASSIC",
    "gameType": "MATCHED_GAME",
    "subType": "NORMAL",
    "mapId": 1,
    "teamId": 100,
    "championId": 236,
    "spell1": 4,
    "spell2": 7,
    "level": 30,
    "ipEarned": 60,
    "createDate": 1398243066743,
    "fellowPlayers": [
      {
        "summonerId": 27122048,
        "teamId": 200,
        "championId": 30
      },
      {
        "summonerId": 33407376,
        "teamId": 200,
        "championId": 92
      },
      {
        "summonerId": 25866177,
        "teamId": 100,
        "championId": 53
      },
      {
        "summonerId": 33287436,
        "teamId": 200,
        "championId": 127
      },
      {
        "summonerId": 27202237,
        "teamId": 200,
        "championId": 254
      },
      {
        "summonerId": 33990367,
        "teamId": 100,
        "championId": 76
      },
      {
        "summonerId": 30453538,
        "teamId": 100,
        "championId": 24
      },
      {
        "summonerId": 36823146,
        "teamId": 100,
        "championId": 48
      },
      {
        "summonerId": 37158786,
        "teamId": 200,
        "championId": 18
      }
    ],
    "stats": {
      "level": 14,
      "goldEarned": 9555,
      "numDeaths": 6,
      "minionsKilled": 192,
      "championsKilled": 4,
      "goldSpent": 9168,
      "totalDamageDealt": 104386,
      "totalDamageTaken": 27277,
      "killingSprees": 1,
      "largestKillingSpree": 2,
      "team": 100,
      "win": false,
      "neutralMinionsKilled": 13,
      "largestMultiKill": 1,
      "physicalDamageDealtPlayer": 94181,
      "magicDamageDealtPlayer": 9390,
      "physicalDamageTaken": 16246,
      "magicDamageTaken": 10254,
      "largestCriticalStrike": 427,
      "timePlayed": 1877,
      "totalHeal": 2667,
      "totalUnitsHealed": 2,
      "assists": 3,
      "item1": 1055,
      "item2": 1036,
      "item3": 3072,
      "item4": 3078,
      "item5": 3006,
      "item6": 3340,
      "sightWardsBought": 1,
      "magicDamageDealtToChampions": 2101,
      "physicalDamageDealtToChampions": 17775,
      "totalDamageDealtToChampions": 20024,
      "trueDamageDealtPlayer": 814,
      "trueDamageDealtToChampions": 148,
      "trueDamageTaken": 776,
      "wardPlaced": 6,
      "neutralMinionsKilledYourJungle": 13,
      "totalTimeCrowdControlDealt": 180
    }
  },
  "37158786": {
    "gameId": 818169843,
    "invalid": false,
    "gameMode": "CLASSIC",
    "gameType": "MATCHED_GAME",
    "subType": "NORMAL",
    "mapId": 1,
    "teamId": 200,
    "championId": 18,
    "spell1": 4,
    "spell2": 7,
    "level": 30,
    "ipEarned": 89,
    "createDate": 1398243066745,
    "fellowPlayers": [
      {
        "summonerId": 27122048,
        "teamId": 200,
        "championId": 30
      },
      {
        "summonerId": 33407376,
        "teamId": 200,
        "championId": 92
      },
      {
        "summonerId": 25866177,
        "teamId": 100,
        "championId": 53
      },
      {
        "summonerId": 33287436,
        "teamId": 200,
        "championId": 127
      },
      {
        "summonerId": 27202237,
        "teamId": 200,
        "championId": 254
      },
      {
        "summonerId": 19809782,
        "teamId": 100,
        "championId": 236
      },
      {
        "summonerId": 33990367,
        "teamId": 100,
        "championId": 76
      },
      {
        "summonerId": 30453538,
        "teamId": 100,
        "championId": 24
      },
      {
        "summonerId": 36823146,
        "teamId": 100,
        "championId": 48
      }
    ],
    "stats": {
      "level": 17,
      "goldEarned": 13426,
      "numDeaths": 3,
      "barracksKilled": 2,
      "turretsKilled": 4,
      "minionsKilled": 136,
      "championsKilled": 10,
      "goldSpent": 12785,
      "totalDamageDealt": 116583,
      "totalDamageTaken": 21581,
      "doubleKills": 2,
      "killingSprees": 2,
      "largestKillingSpree": 7,
      "team": 200,
      "win": true,
      "neutralMinionsKilled": 16,
      "largestMultiKill": 2,
      "physicalDamageDealtPlayer": 90898,
      "magicDamageDealtPlayer": 24297,
      "physicalDamageTaken": 13221,
      "magicDamageTaken": 8097,
      "largestCriticalStrike": 627,
      "timePlayed": 1877,
      "totalHeal": 3171,
      "totalUnitsHealed": 2,
      "assists": 6,
      "item0": 3250,
      "item1": 3072,
      "item2": 1038,
      "item3": 1037,
      "item4": 3046,
      "item5": 3035,
      "item6": 3340,
      "magicDamageDealtToChampions": 5125,
      "physicalDamageDealtToChampions": 18545,
      "totalDamageDealtToChampions": 24679,
      "trueDamageDealtPlayer": 1388,
      "trueDamageDealtToChampions": 1008,
      "trueDamageTaken": 262,
      "wardPlaced": 3,
      "neutralMinionsKilledEnemyJungle": 8,
      "neutralMinionsKilledYourJungle": 8,
      "totalTimeCrowdControlDealt": 299
    }
  },
  "27122048": {
    "gameId": 818169843,
    "invalid": false,
    "gameMode": "CLASSIC",
    "gameType": "MATCHED_GAME",
    "subType": "NORMAL",
    "mapId": 1,
    "teamId": 200,
    "championId": 30,
    "spell1": 4,
    "spell2": 21,
    "level": 30,
    "ipEarned": 239,
    "createDate": 1398243066747,
    "fellowPlayers": [
      {
        "summonerId": 33407376,
        "teamId": 200,
        "championId": 92
      },
      {
        "summonerId": 25866177,
        "teamId": 100,
        "championId": 53
      },
      {
        "summonerId": 33287436,
        "teamId": 200,
        "championId": 127
      },
      {
        "summonerId": 27202237,
        "teamId": 200,
        "championId": 254
      },
      {
        "summonerId": 19809782,
        "teamId": 100,
        "championId": 236
      },
      {
        "summonerId": 33990367,
        "teamId": 100,
        "championId": 76
      },
      {
        "summonerId": 30453538,
        "teamId": 100,
        "championId": 24
      },
      {
        "summonerId": 36823146,
        "teamId": 100,
        "championId": 48
      },
      {
        "summonerId": 37158786,
        "teamId": 200,
        "championId": 18
      }
    ],
    "stats": {
      "level": 16,
      "goldEarned": 12731,
      "numDeaths": 6,
      "turretsKilled": 1,
      "minionsKilled": 202,
      "championsKilled": 4,
      "goldSpent": 12765,
      "totalDamageDealt": 160365,
      "totalDamageTaken": 18214,
      "doubleKills": 1,
      "tripleKills": 1,
      "killingSprees": 1,
      "largestKillingSpree": 2,
      "team": 200,
      "win": true,
      "neutralMinionsKilled": 35,
      "largestMultiKill": 3,
      "physicalDamageDealtPlayer": 9177,
      "magicDamageDealtPlayer": 151188,
      "physicalDamageTaken": 7612,
      "magicDamageTaken": 10602,
      "timePlayed": 1877,
      "totalHeal": 779,
      "totalUnitsHealed": 1,
      "assists": 6,
      "item0": 3027,
      "item1": 3089,
      "item2": 3040,
      "item3": 3020,
      "item4": 1058,
      "item6": 3340,
      "sightWardsBought": 5,
      "magicDamageDealtToChampions": 24580,
      "physicalDamageDealtToChampions": 578,
      "totalDamageDealtToChampions": 25159,
      "wardPlaced": 10,
      "neutralMinionsKilledEnemyJungle": 21,
      "neutralMinionsKilledYourJungle": 14,
      "totalTimeCrowdControlDealt": 145
    }
  },
  "25866177": {
    "gameId": 818169843,
    "invalid": false,
    "gameMode": "CLASSIC",
    "gameType": "MATCHED_GAME",
    "subType": "NORMAL",
    "mapId": 1,
    "teamId": 100,
    "championId": 53,
    "spell1": 3,
    "spell2": 4,
    "level": 30,
    "ipEarned": 60,
    "createDate": 1398243066740,
    "fellowPlayers": [
      {
        "summonerId": 27122048,
        "teamId": 200,
        "championId": 30
      },
      {
        "summonerId": 33407376,
        "teamId": 200,
        "championId": 92
      },
      {
        "summonerId": 33287436,
        "teamId": 200,
        "championId": 127
      },
      {
        "summonerId": 27202237,
        "teamId": 200,
        "championId": 254
      },
      {
        "summonerId": 19809782,
        "teamId": 100,
        "championId": 236
      },
      {
        "summonerId": 33990367,
        "teamId": 100,
        "championId": 76
      },
      {
        "summonerId": 30453538,
        "teamId": 100,
        "championId": 24
      },
      {
        "summonerId": 36823146,
        "teamId": 100,
        "championId": 48
      },
      {
        "summonerId": 37158786,
        "teamId": 200,
        "championId": 18
      }
    ],
    "stats": {
      "level": 14,
      "goldEarned": 7488,
      "numDeaths": 9,
      "minionsKilled": 29,
      "goldSpent": 5785,
      "totalDamageDealt": 34584,
      "totalDamageTaken": 23794,
      "team": 100,
      "win": false,
      "physicalDamageDealtPlayer": 9133,
      "magicDamageDealtPlayer": 25450,
      "physicalDamageTaken": 14787,
      "magicDamageTaken": 8436,
      "timePlayed": 1877,
      "totalHeal": 927,
      "totalUnitsHealed": 1,
      "assists": 8,
      "item0": 3111,
      "item1": 2049,
      "item2": 3110,
      "item3": 3096,
      "item6": 3341,
      "sightWardsBought": 1,
      "magicDamageDealtToChampions": 6502,
      "physicalDamageDealtToChampions": 3780,
      "totalDamageDealtToChampions": 10283,
      "trueDamageTaken": 570,
      "wardKilled": 2,
      "wardPlaced": 17,
      "totalTimeCrowdControlDealt": 849
    }
  },
  "33407376": {
    "gameId": 818169843,
    "invalid": false,
    "gameMode": "CLASSIC",
    "gameType": "MATCHED_GAME",
    "subType": "NORMAL",
    "mapId": 1,
    "teamId": 200,
    "championId": 92,
    "spell1": 4,
    "spell2": 14,
    "level": 30,
    "ipEarned": 89,
    "createDate": 1398243066746,
    "fellowPlayers": [
      {
        "summonerId": 27122048,
        "teamId": 200,
        "championId": 30
      },
      {
        "summonerId": 25866177,
        "teamId": 100,
        "championId": 53
      },
      {
        "summonerId": 33287436,
        "teamId": 200,
        "championId": 127
      },
      {
        "summonerId": 27202237,
        "teamId": 200,
        "championId": 254
      },
      {
        "summonerId": 19809782,
        "teamId": 100,
        "championId": 236
      },
      {
        "summonerId": 33990367,
        "teamId": 100,
        "championId": 76
      },
      {
        "summonerId": 30453538,
        "teamId": 100,
        "championId": 24
      },
      {
        "summonerId": 36823146,
        "teamId": 100,
        "championId": 48
      },
      {
        "summonerId": 37158786,
        "teamId": 200,
        "championId": 18
      }
    ],
    "stats": {
      "level": 18,
      "goldEarned": 13842,
      "numDeaths": 1,
      "barracksKilled": 1,
      "turretsKilled": 3,
      "minionsKilled": 235,
      "championsKilled": 5,
      "goldSpent": 13925,
      "totalDamageDealt": 199879,
      "totalDamageTaken": 23820,
      "killingSprees": 1,
      "largestKillingSpree": 4,
      "team": 200,
      "win": true,
      "neutralMinionsKilled": 37,
      "largestMultiKill": 1,
      "physicalDamageDealtPlayer": 198669,
      "physicalDamageTaken": 17977,
      "magicDamageTaken": 5579,
      "timePlayed": 1877,
      "totalHeal": 3641,
      "totalUnitsHealed": 1,
      "assists": 4,
      "item0": 3074,
      "item1": 3072,
      "item2": 3158,
      "item3": 3071,
      "item4": 3035,
      "item6": 3340,
      "physicalDamageDealtToChampions": 15421,
      "totalDamageDealtToChampions": 16469,
      "trueDamageDealtPlayer": 1210,
      "trueDamageDealtToChampions": 1048,
      "trueDamageTaken": 264,
      "wardPlaced": 4,
      "neutralMinionsKilledEnemyJungle": 30,
      "neutralMinionsKilledYourJungle": 7,
      "totalTimeCrowdControlDealt": 142
    }
  }
}