{
  "24523664": {
    "gameId": 818160388,
    "invalid": false,
    "gameMode": "CLASSIC",
    "gameType": "MATCHED_GAME",
    "subType": "NORMAL",
    "mapId": 1,
    "teamId": 100,
    "championId": 238,
    "spell1": 14,
    "spell2": 4,
    "level": 30,
    "ipEarned": 76,
    "createDate": 1398242106994,
    "fellowPlayers": [
      {
        "summonerId": 35768394,
        "teamId": 200,
        "championId": 157
      },
      {
        "summonerId": 30738294,
        "teamId": 100,
        "championId": 2
      },
      {
        "summonerId": 37323214,
        "teamId": 200,
        "championId": 43
      },
      {
        "summonerId": 35143221,
        "teamId": 100,
        "championId": 412
      },
      {
        "summonerId": 33363283,
        "teamId": 200,
        "championId": 51
      },
      {
        "summonerId": 38830939,
        "teamId": 200,
        "championId": 64
      },
      {
        "summonerId": 34196610,
        "teamId": 100,
        "championId": 133
      },
      {
        "summonerId": 26813832,
        "teamId": 100,
        "championId": 13
      },
      {
        "summonerId": 37298579,
        "teamId": 200,
        "championId": 58
      }
    ],
    "stats": {
      "level": 15,
      "goldEarned": 10455,
      "numDeaths": 2,
      "barracksKilled": 1,
      "turretsKilled": 5,
      "minionsKilled": 177,
      "championsKilled": 6,
      "goldSpent": 9542,
      "totalDamageDealt": 114634,
      "totalDamageTaken": 13627,
      "killingSprees": 2,
      "largestKillingSpree": 3,
      "team": 100,
      "win": true,
      "neutralMinionsKilled": 12,
      "largestMultiKill": 1,
      "physicalDamageDealtPlayer": 108695,
      "magicDamageDealtPlayer": 5226,
      "physicalDamageTaken": 12519,
      "magicDamageTaken": 827,
      "timePlayed": 1500,
      "totalHeal": 1044,
      "totalUnitsHealed": 1,
      "assists": 4,
      "item0": 3134,
      "item1": 3153,
      "item2": 3047,
      "item3": 3035,
      "item4": 1037,
      "item6": 3340,
      "sightWardsBought": 1,
      "magicDamageDealtToChampions": 800,
      "physicalDamageDealtToChampions": 9420,
      "totalDamageDealtToChampions": 10933,
      "trueDamageDealtPlayer": 712,
      "trueDamageDealtToChampions": 712,
      "trueDamageTaken": 280,
      "wardPlaced": 20,
      "neutralMinionsKilledEnemyJungle": 5,
      "neutralMinionsKilledYourJungle": 7,
      "totalTimeCrowdControlDealt": 147
    }
  },
  "summonerCount": 10,
  "35768394": {
    "gameId": 818160388,
    "invalid": false,
    "gameMode": "CLASSIC",
    "gameType": "MATCHED_GAME",
    "subType": "NORMAL",
    "mapId": 1,
    "teamId": 200,
    "championId": 157,
    "spell1": 4,
    "spell2": 7,
    "level": 30,
    "ipEarned": 51,
    "createDate": 1398242106995,
    "fellowPlayers": [
      {
        "summonerId": 24523664,
        "teamId": 100,
        "championId": 238
      },
      {
        "summonerId": 30738294,
        "teamId": 100,
        "championId": 2
      },
      {
        "summonerId": 37323214,
        "teamId": 200,
        "championId": 43
      },
      {
        "summonerId": 35143221,
        "teamId": 100,
        "championId": 412
      },
      {
        "summonerId": 33363283,
        "teamId": 200,
        "championId": 51
      },
      {
        "summonerId": 38830939,
        "teamId": 200,
        "championId": 64
      },
      {
        "summonerId": 34196610,
        "teamId": 100,
        "championId": 133
      },
      {
        "summonerId": 26813832,
        "teamId": 100,
        "championId": 13
      },
      {
        "summonerId": 37298579,
        "teamId": 200,
        "championId": 58
      }
    ],
    "stats": {
      "level": 13,
      "goldEarned": 6884,
      "numDeaths": 7,
      "minionsKilled": 142,
      "championsKilled": 1,
      "goldSpent": 6110,
      "totalDamageDealt": 75227,
      "totalDamageTaken": 17876,
      "team": 200,
      "win": false,
      "neutralMinionsKilled": 7,
      "largestMultiKill": 1,
      "physicalDamageDealtPlayer": 67617,
      "magicDamageDealtPlayer": 7610,
      "physicalDamageTaken": 11837,
      "magicDamageTaken": 4472,
      "largestCriticalStrike": 332,
      "timePlayed": 1500,
      "totalHeal": 1500,
      "totalUnitsHealed": 1,
      "assists": 1,
      "item0": 3144,
      "item1": 3087,
      "item2": 3006,
      "item3": 1055,
      "item4": 1042,
      "item5": 1042,
      "item6": 3340,
      "magicDamageDealtToChampions": 1860,
      "physicalDamageDealtToChampions": 5326,
      "totalDamageDealtToChampions": 7186,
      "trueDamageTaken": 1566,
      "wardPlaced": 4,
      "neutralMinionsKilledYourJungle": 7,
      "totalTimeCrowdControlDealt": 25
    }
  },
  "38830939": {
    "gameId": 818160388,
    "invalid": false,
    "gameMode": "CLASSIC",
    "gameType": "MATCHED_GAME",
    "subType": "NORMAL",
    "mapId": 1,
    "teamId": 200,
    "championId": 64,
    "spell1": 11,
    "spell2": 4,
    "level": 30,
    "ipEarned": 51,
    "createDate": 1398242106999,
    "fellowPlayers": [
      {
        "summonerId": 35768394,
        "teamId": 200,
        "championId": 157
      },
      {
        "summonerId": 24523664,
        "teamId": 100,
        "championId": 238
      },
      {
        "summonerId": 30738294,
        "teamId": 100,
        "championId": 2
      },
      {
        "summonerId": 37323214,
        "teamId": 200,
        "championId": 43
      },
      {
        "summonerId": 35143221,
        "teamId": 100,
        "championId": 412
      },
      {
        "summonerId": 33363283,
        "teamId": 200,
        "championId": 51
      },
      {
        "summonerId": 34196610,
        "teamId": 100,
        "championId": 133
      },
      {
        "summonerId": 26813832,
        "teamId": 100,
        "championId": 13
      },
      {
        "summonerId": 37298579,
        "teamId": 200,
        "championId": 58
      }
    ],
    "stats": {
      "level": 13,
      "goldEarned": 6859,
      "numDeaths": 5,
      "minionsKilled": 27,
      "championsKilled": 4,
      "goldSpent": 6390,
      "totalDamageDealt": 76917,
      "totalDamageTaken": 18939,
      "killingSprees": 1,
      "largestKillingSpree": 2,
      "team": 200,
      "win": false,
      "neutralMinionsKilled": 56,
      "largestMultiKill": 1,
      "physicalDamageDealtPlayer": 54879,
      "magicDamageDealtPlayer": 10429,
      "physicalDamageTaken": 15132,
      "magicDamageTaken": 2903,
      "timePlayed": 1500,
      "totalHeal": 2521,
      "totalUnitsHealed": 1,
      "item0": 2049,
      "item1": 1053,
      "item2": 3111,
      "item3": 3209,
      "item4": 1036,
      "item5": 1037,
      "item6": 3340,
      "sightWardsBought": 1,
      "magicDamageDealtToChampions": 622,
      "physicalDamageDealtToChampions": 7417,
      "totalDamageDealtToChampions": 8821,
      "trueDamageDealtPlayer": 11608,
      "trueDamageDealtToChampions": 781,
      "trueDamageTaken": 904,
      "wardPlaced": 8,
      "neutralMinionsKilledEnemyJungle": 5,
      "neutralMinionsKilledYourJungle": 51,
      "totalTimeCrowdControlDealt": 572
    }
  },
  "37298579": {
    "gameId": 818160388,
    "invalid": false,
    "gameMode": "CLASSIC",
    "gameType": "MATCHED_GAME",
    "subType": "NORMAL",
    "mapId": 1,
    "teamId": 200,
    "championId": 58,
    "spell1": 4,
    "spell2": 12,
    "level": 30,
    "ipEarned": 51,
    "createDate": 1398242106996,
    "fellowPlayers": [
      {
        "summonerId": 35768394,
        "teamId": 200,
        "championId": 157
      },
      {
        "summonerId": 24523664,
        "teamId": 100,
        "championId": 238
      },
      {
        "summonerId": 30738294,
        "teamId": 100,
        "championId": 2
      },
      {
        "summonerId": 37323214,
        "teamId": 200,
        "championId": 43
      },
      {
        "summonerId": 35143221,
        "teamId": 100,
        "championId": 412
      },
      {
        "summonerId": 33363283,
        "teamId": 200,
        "championId": 51
      },
      {
        "summonerId": 38830939,
        "teamId": 200,
        "championId": 64
      },
      {
        "summonerId": 34196610,
        "teamId": 100,
        "championId": 133
      },
      {
        "summonerId": 26813832,
        "teamId": 100,
        "championId": 13
      }
    ],
    "stats": {
      "level": 12,
      "goldEarned": 6338,
      "numDeaths": 7,
      "minionsKilled": 108,
      "championsKilled": 3,
      "goldSpent": 5995,
      "totalDamageDealt": 66576,
      "totalDamageTaken": 20202,
      "team": 200,
      "win": false,
      "neutralMinionsKilled": 5,
      "largestMultiKill": 1,
      "physicalDamageDealtPlayer": 61763,
      "magicDamageDealtPlayer": 4813,
      "physicalDamageTaken": 11727,
      "magicDamageTaken": 6237,
      "timePlayed": 1500,
      "totalHeal": 3465,
      "totalUnitsHealed": 1,
      "item0": 3153,
      "item1": 1055,
      "item2": 3111,
      "item3": 1057,
      "item6": 3340,
      "magicDamageDealtToChampions": 1275,
      "physicalDamageDealtToChampions": 8741,
      "totalDamageDealtToChampions": 10016,
      "trueDamageTaken": 2238,
      "wardPlaced": 4,
      "neutralMinionsKilledYourJungle": 5,
      "totalTimeCrowdControlDealt": 45
    }
  },
  "34196610": {
    "gameId": 818160388,
    "invalid": false,
    "gameMode": "CLASSIC",
    "gameType": "MATCHED_GAME",
    "subType": "NORMAL",
    "mapId": 1,
    "teamId": 100,
    "championId": 133,
    "spell1": 7,
    "spell2": 4,
    "level": 30,
    "ipEarned": 76,
    "createDate": 1398242106989,
    "fellowPlayers": [
      {
        "summonerId": 35768394,
        "teamId": 200,
        "championId": 157
      },
      {
        "summonerId": 24523664,
        "teamId": 100,
        "championId": 238
      },
      {
        "summonerId": 30738294,
        "teamId": 100,
        "championId": 2
      },
      {
        "summonerId": 37323214,
        "teamId": 200,
        "championId": 43
      },
      {
        "summonerId": 35143221,
        "teamId": 100,
        "championId": 412
      },
      {
        "summonerId": 33363283,
        "teamId": 200,
        "championId": 51
      },
      {
        "summonerId": 38830939,
        "teamId": 200,
        "championId": 64
      },
      {
        "summonerId": 26813832,
        "teamId": 100,
        "championId": 13
      },
      {
        "summonerId": 37298579,
        "teamId": 200,
        "championId": 58
      }
    ],
    "stats": {
      "level": 15,
      "goldEarned": 11947,
      "numDeaths": 3,
      "turretsKilled": 3,
      "minionsKilled": 141,
      "championsKilled": 12,
      "goldSpent": 10120,
      "totalDamageDealt": 105564,
      "totalDamageTaken": 11332,
      "doubleKills": 1,
      "killingSprees": 3,
      "largestKillingSpree": 6,
      "team": 100,
      "win": true,
      "neutralMinionsKilled": 2,
      "largestMultiKill": 2,
      "physicalDamageDealtPlayer": 104825,
      "physicalDamageTaken": 9849,
      "magicDamageTaken": 1385,
      "largestCriticalStrike": 947,
      "timePlayed": 1500,
      "totalHeal": 2797,
      "totalUnitsHealed": 4,
      "assists": 9,
      "item0": 3142,
      "item1": 3209,
      "item2": 3031,
      "item3": 3158,
      "item4": 1055,
      "item6": 3340,
      "sightWardsBought": 1,
      "physicalDamageDealtToChampions": 19415,
      "totalDamageDealtToChampions": 19890,
      "trueDamageDealtPlayer": 738,
      "trueDamageDealtToChampions": 474,
      "trueDamageTaken": 97,
      "wardPlaced": 9,
      "neutralMinionsKilledEnemyJungle": 2,
      "totalTimeCrowdControlDealt": 130
    }
  },
  "37323214": {
    "gameId": 818160388,
    "invalid": false,
    "gameMode": "CLASSIC",
    "gameType": "MATCHED_GAME",
    "subType": "NORMAL",
    "mapId": 1,
    "teamId": 200,
    "championId": 43,
    "spell1": 7,
    "spell2": 4,
    "level": 30,
    "ipEarned": 0,
    "createDate": 1398242106997,
    "fellowPlayers": [
      {
        "summonerId": 35768394,
        "teamId": 200,
        "championId": 157
      },
      {
        "summonerId": 24523664,
        "teamId": 100,
        "championId": 238
      },
      {
        "summonerId": 30738294,
        "teamId": 100,
        "championId": 2
      },
      {
        "summonerId": 35143221,
        "teamId": 100,
        "championId": 412
      },
      {
        "summonerId": 33363283,
        "teamId": 200,
        "championId": 51
      },
      {
        "summonerId": 38830939,
        "teamId": 200,
        "championId": 64
      },
      {
        "summonerId": 34196610,
        "teamId": 100,
        "championId": 133
      },
      {
        "summonerId": 26813832,
        "teamId": 100,
        "championId": 13
      },
      {
        "summonerId": 37298579,
        "teamId": 200,
        "championId": 58
      }
    ],
    "stats": {
      "level": 2,
      "goldEarned": 3910,
      "numDeaths": 1,
      "goldSpent": 510,
      "totalDamageDealt": 543,
      "totalDamageTaken": 596,
      "team": 200,
      "win": false,
      "physicalDamageDealtPlayer": 281,
      "magicDamageDealtPlayer": 262,
      "physicalDamageTaken": 596,
      "timePlayed": 1500,
      "totalHeal": 107,
      "totalUnitsHealed": 2,
      "item0": 2010,
      "item1": 2044,
      "item2": 3303,
      "item6": 3340,
      "sightWardsBought": 1,
      "magicDamageDealtToChampions": 262,
      "physicalDamageDealtToChampions": 281,
      "totalDamageDealtToChampions": 543,
      "totalTimeCrowdControlDealt": 8
    }
  },
  "30738294": {
    "gameId": 818160388,
    "invalid": false,
    "gameMode": "CLASSIC",
    "gameType": "MATCHED_GAME",
    "subType": "NORMAL",
    "mapId": 1,
    "teamId": 100,
    "championId": 2,
    "spell1": 11,
    "spell2": 6,
    "level": 30,
    "ipEarned": 226,
    "createDate": 1398242106990,
    "fellowPlayers": [
      {
        "summonerId": 35768394,
        "teamId": 200,
        "championId": 157
      },
      {
        "summonerId": 24523664,
        "teamId": 100,
        "championId": 238
      },
      {
        "summonerId": 37323214,
        "teamId": 200,
        "championId": 43
      },
      {
        "summonerId": 35143221,
        "teamId": 100,
        "championId": 412
      },
      {
        "summonerId": 33363283,
        "teamId": 200,
        "championId": 51
      },
      {
        "summonerId": 38830939,
        "teamId": 200,
        "championId": 64
      },
      {
        "summonerId": 34196610,
        "teamId": 100,
        "championId": 133
      },
      {
        "summonerId": 26813832,
        "teamId": 100,
        "championId": 13
      },
      {
        "summonerId": 37298579,
        "teamId": 200,
        "championId": 58
      }
    ],
    "stats": {
      "level": 15,
      "goldEarned": 9085,
      "numDeaths": 3,
      "turretsKilled": 1,
      "minionsKilled": 47,
      "championsKilled": 4,
      "goldSpent": 6410,
      "totalDamageDealt": 126771,
      "totalDamageTaken": 20481,
      "killingSprees": 1,
      "largestKillingSpree": 2,
      "team": 100,
      "win": true,
      "neutralMinionsKilled": 78,
      "largestMultiKill": 1,
      "physicalDamageDealtPlayer": 82857,
      "magicDamageDealtPlayer": 25232,
      "physicalDamageTaken": 19199,
      "magicDamageTaken": 866,
      "timePlayed": 1500,
      "totalHeal": 4714,
      "totalUnitsHealed": 1,
      "assists": 3,
      "item0": 3153,
      "item2": 3154,
      "item3": 3117,
      "item4": 2003,
      "item6": 3341,
      "sightWardsBought": 3,
      "magicDamageDealtToChampions": 44,
      "physicalDamageDealtToChampions": 5702,
      "totalDamageDealtToChampions": 9400,
      "trueDamageDealtPlayer": 18681,
      "trueDamageDealtToChampions": 3653,
      "trueDamageTaken": 415,
      "wardKilled": 2,
      "wardPlaced": 6,
      "neutralMinionsKilledEnemyJungle": 20,
      "neutralMinionsKilledYourJungle": 58,
      "totalTimeCrowdControlDealt": 704
    }
  },
  "33363283": {
    "gameId": 818160388,
    "invalid": false,
    "gameMode": "CLASSIC",
    "gameType": "MATCHED_GAME",
    "subType": "NORMAL",
    "mapId": 1,
    "teamId": 200,
    "championId": 51,
    "spell1": 7,
    "spell2": 4,
    "level": 30,
    "ipEarned": 51,
    "createDate": 1398242106998,
    "fellowPlayers": [
      {
        "summonerId": 35768394,
        "teamId": 200,
        "championId": 157
      },
      {
        "summonerId": 24523664,
        "teamId": 100,
        "championId": 238
      },
      {
        "summonerId": 30738294,
        "teamId": 100,
        "championId": 2
      },
      {
        "summonerId": 37323214,
        "teamId": 200,
        "championId": 43
      },
      {
        "summonerId": 35143221,
        "teamId": 100,
        "championId": 412
      },
      {
        "summonerId": 38830939,
        "teamId": 200,
        "championId": 64
      },
      {
        "summonerId": 34196610,
        "teamId": 100,
        "championId": 133
      },
      {
        "summonerId": 26813832,
        "teamId": 100,
        "championId": 13
      },
      {
        "summonerId": 37298579,
        "teamId": 200,
        "championId": 58
      }
    ],
    "stats": {
      "level": 15,
      "goldEarned": 8186,
      "numDeaths": 10,
      "turretsKilled": 2,
      "minionsKilled": 145,
      "championsKilled": 4,
      "goldSpent": 6535,
      "totalDamageDealt": 103569,
      "totalDamageTaken": 20148,
      "team": 200,
      "win": false,
      "neutralMinionsKilled": 5,
      "largestMultiKill": 1,
      "physicalDamageDealtPlayer": 97484,
      "magicDamageDealtPlayer": 6084,
      "physicalDamageTaken": 15403,
      "magicDamageTaken": 3474,
      "largestCriticalStrike": 751,
      "timePlayed": 1500,
      "totalHeal": 1779,
      "totalUnitsHealed": 1,
      "item0": 1055,
      "item1": 1001,
      "item2": 3072,
      "item3": 3087,
      "item6": 3340,
      "magicDamageDealtToChampions": 1415,
      "physicalDamageDealtToChampions": 9016,
      "totalDamageDealtToChampions": 10432,
      "trueDamageTaken": 1271,
      "wardPlaced": 3,
      "neutralMinionsKilledEnemyJungle": 2,
      "neutralMinionsKilledYourJungle": 3,
      "totalTimeCrowdControlDealt": 44
    }
  },
  "26813832": {
    "gameId": 818160388,
    "invalid": false,
    "gameMode": "CLASSIC",
    "gameType": "MATCHED_GAME",
    "subType": "NORMAL",
    "mapId": 1,
    "teamId": 100,
    "championId": 13,
    "spell1": 14,
    "spell2": 4,
    "level": 30,
    "ipEarned": 76,
    "createDate": 1398242106992,
    "fellowPlayers": [
      {
        "summonerId": 35768394,
        "teamId": 200,
        "championId": 157
      },
      {
        "summonerId": 24523664,
        "teamId": 100,
        "championId": 238
      },
      {
        "summonerId": 30738294,
        "teamId": 100,
        "championId": 2
      },
      {
        "summonerId": 37323214,
        "teamId": 200,
        "championId": 43
      },
      {
        "summonerId": 35143221,
        "teamId": 100,
        "championId": 412
      },
      {
        "summonerId": 33363283,
        "teamId": 200,
        "championId": 51
      },
      {
        "summonerId": 38830939,
        "teamId": 200,
        "championId": 64
      },
      {
        "summonerId": 34196610,
        "teamId": 100,
        "championId": 133
      },
      {
        "summonerId": 37298579,
        "teamId": 200,
        "championId": 58
      }
    ],
    "stats": {
      "level": 15,
      "goldEarned": 9461,
      "numDeaths": 3,
      "minionsKilled": 128,
      "championsKilled": 5,
      "goldSpent": 5810,
      "totalDamageDealt": 73063,
      "totalDamageTaken": 13189,
      "killingSprees": 1,
      "largestKillingSpree": 3,
      "team": 100,
      "win": true,
      "neutralMinionsKilled": 5,
      "largestMultiKill": 1,
      "physicalDamageDealtPlayer": 18167,
      "magicDamageDealtPlayer": 54248,
      "physicalDamageTaken": 11575,
      "magicDamageTaken": 1430,
      "timePlayed": 1500,
      "totalHeal": 333,
      "totalUnitsHealed": 1,
      "assists": 7,
      "item0": 1026,
      "item2": 3020,
      "item3": 3070,
      "item4": 3024,
      "item5": 3010,
      "item6": 3340,
      "sightWardsBought": 4,
      "magicDamageDealtToChampions": 12282,
      "physicalDamageDealtToChampions": 1587,
      "totalDamageDealtToChampions": 14517,
      "trueDamageDealtPlayer": 648,
      "trueDamageDealtToChampions": 648,
      "trueDamageTaken": 183,
      "wardPlaced": 7,
      "neutralMinionsKilledEnemyJungle": 3,
      "neutralMinionsKilledYourJungle": 2,
      "totalTimeCrowdControlDealt": 38
    }
  },
  "24523664": {
    "gameId": 818160388,
    "invalid": false,
    "gameMode": "CLASSIC",
    "gameType": "MATCHED_GAME",
    "subType": "NORMAL",
    "mapId": 1,
    "teamId": 100,
    "championId": 238,
    "spell1": 14,
    "spell2": 4,
    "level": 30,
    "ipEarned": 76,
    "createDate": 1398242106994,
    "fellowPlayers": [
      {
        "summonerId": 35768394,
        "teamId": 200,
        "championId": 157
      },
      {
        "summonerId": 30738294,
        "teamId": 100,
        "championId": 2
      },
      {
        "summonerId": 37323214,
        "teamId": 200,
        "championId": 43
      },
      {
        "summonerId": 35143221,
        "teamId": 100,
        "championId": 412
      },
      {
        "summonerId": 33363283,
        "teamId": 200,
        "championId": 51
      },
      {
        "summonerId": 38830939,
        "teamId": 200,
        "championId": 64
      },
      {
        "summonerId": 34196610,
        "teamId": 100,
        "championId": 133
      },
      {
        "summonerId": 26813832,
        "teamId": 100,
        "championId": 13
      },
      {
        "summonerId": 37298579,
        "teamId": 200,
        "championId": 58
      }
    ],
    "stats": {
      "level": 15,
      "goldEarned": 10455,
      "numDeaths": 2,
      "barracksKilled": 1,
      "turretsKilled": 5,
      "minionsKilled": 177,
      "championsKilled": 6,
      "goldSpent": 9542,
      "totalDamageDealt": 114634,
      "totalDamageTaken": 13627,
      "killingSprees": 2,
      "largestKillingSpree": 3,
      "team": 100,
      "win": true,
      "neutralMinionsKilled": 12,
      "largestMultiKill": 1,
      "physicalDamageDealtPlayer": 108695,
      "magicDamageDealtPlayer": 5226,
      "physicalDamageTaken": 12519,
      "magicDamageTaken": 827,
      "timePlayed": 1500,
      "totalHeal": 1044,
      "totalUnitsHealed": 1,
      "assists": 4,
      "item0": 3134,
      "item1": 3153,
      "item2": 3047,
      "item3": 3035,
      "item4": 1037,
      "item6": 3340,
      "sightWardsBought": 1,
      "magicDamageDealtToChampions": 800,
      "physicalDamageDealtToChampions": 9420,
      "totalDamageDealtToChampions": 10933,
      "trueDamageDealtPlayer": 712,
      "trueDamageDealtToChampions": 712,
      "trueDamageTaken": 280,
      "wardPlaced": 20,
      "neutralMinionsKilledEnemyJungle": 5,
      "neutralMinionsKilledYourJungle": 7,
      "totalTimeCrowdControlDealt": 147
    }
  }
}