{
  "43933226": {
    "gameId": 818168478,
    "invalid": false,
    "gameMode": "CLASSIC",
    "gameType": "MATCHED_GAME",
    "subType": "RANKED_SOLO_5x5",
    "mapId": 1,
    "teamId": 200,
    "championId": 37,
    "spell1": 4,
    "spell2": 7,
    "level": 30,
    "ipEarned": 68,
    "createDate": 1398243009791,
    "fellowPlayers": [
      {
        "summonerId": 27808265,
        "teamId": 100,
        "championId": 89
      },
      {
        "summonerId": 26998586,
        "teamId": 100,
        "championId": 42
      },
      {
        "summonerId": 29948118,
        "teamId": 100,
        "championId": 23
      },
      {
        "summonerId": 31227121,
        "teamId": 200,
        "championId": 82
      },
      {
        "summonerId": 27112619,
        "teamId": 100,
        "championId": 8
      },
      {
        "summonerId": 33058385,
        "teamId": 200,
        "championId": 32
      },
      {
        "summonerId": 24761509,
        "teamId": 100,
        "championId": 64
      },
      {
        "summonerId": 42323032,
        "teamId": 200,
        "championId": 81
      },
      {
        "summonerId": 19840296,
        "teamId": 200,
        "championId": 58
      }
    ],
    "stats": {
      "level": 14,
      "goldEarned": 10181,
      "numDeaths": 7,
      "minionsKilled": 17,
      "championsKilled": 3,
      "goldSpent": 9310,
      "totalDamageDealt": 37849,
      "totalDamageTaken": 20580,
      "doubleKills": 1,
      "killingSprees": 1,
      "largestKillingSpree": 2,
      "team": 200,
      "win": false,
      "neutralMinionsKilled": 2,
      "largestMultiKill": 2,
      "physicalDamageDealtPlayer": 7587,
      "magicDamageDealtPlayer": 30262,
      "physicalDamageTaken": 12123,
      "magicDamageTaken": 8108,
      "timePlayed": 2268,
      "totalHeal": 7255,
      "totalUnitsHealed": 5,
      "assists": 11,
      "item0": 3092,
      "item1": 2045,
      "item2": 3028,
      "item3": 3158,
      "item4": 3100,
      "item6": 3341,
      "sightWardsBought": 1,
      "visionWardsBought": 1,
      "magicDamageDealtToChampions": 12596,
      "physicalDamageDealtToChampions": 2965,
      "totalDamageDealtToChampions": 15561,
      "trueDamageTaken": 348,
      "wardKilled": 3,
      "wardPlaced": 29,
      "neutralMinionsKilledEnemyJungle": 1,
      "neutralMinionsKilledYourJungle": 1,
      "totalTimeCrowdControlDealt": 49
    }
  },
  "summonerCount": 10,
  "29948118": {
    "gameId": 818168478,
    "invalid": false,
    "gameMode": "CLASSIC",
    "gameType": "MATCHED_GAME",
    "subType": "RANKED_SOLO_5x5",
    "mapId": 1,
    "teamId": 100,
    "championId": 23,
    "spell1": 14,
    "spell2": 4,
    "level": 30,
    "ipEarned": 103,
    "createDate": 1398243009786,
    "fellowPlayers": [
      {
        "summonerId": 27808265,
        "teamId": 100,
        "championId": 89
      },
      {
        "summonerId": 43933226,
        "teamId": 200,
        "championId": 37
      },
      {
        "summonerId": 26998586,
        "teamId": 100,
        "championId": 42
      },
      {
        "summonerId": 31227121,
        "teamId": 200,
        "championId": 82
      },
      {
        "summonerId": 27112619,
        "teamId": 100,
        "championId": 8
      },
      {
        "summonerId": 33058385,
        "teamId": 200,
        "championId": 32
      },
      {
        "summonerId": 24761509,
        "teamId": 100,
        "championId": 64
      },
      {
        "summonerId": 42323032,
        "teamId": 200,
        "championId": 81
      },
      {
        "summonerId": 19840296,
        "teamId": 200,
        "championId": 58
      }
    ],
    "stats": {
      "level": 18,
      "goldEarned": 18019,
      "numDeaths": 3,
      "barracksKilled": 2,
      "turretsKilled": 3,
      "minionsKilled": 247,
      "championsKilled": 15,
      "goldSpent": 15235,
      "totalDamageDealt": 234186,
      "totalDamageTaken": 43744,
      "doubleKills": 4,
      "tripleKills": 2,
      "quadraKills": 1,
      "killingSprees": 3,
      "largestKillingSpree": 10,
      "team": 100,
      "win": true,
      "neutralMinionsKilled": 30,
      "largestMultiKill": 4,
      "physicalDamageDealtPlayer": 207581,
      "magicDamageDealtPlayer": 25368,
      "physicalDamageTaken": 23714,
      "magicDamageTaken": 18377,
      "largestCriticalStrike": 986,
      "timePlayed": 2268,
      "totalHeal": 8503,
      "totalUnitsHealed": 1,
      "assists": 7,
      "item0": 3153,
      "item1": 3087,
      "item2": 3031,
      "item3": 3250,
      "item4": 3035,
      "item5": 1038,
      "item6": 3340,
      "magicDamageDealtToChampions": 3463,
      "physicalDamageDealtToChampions": 26162,
      "totalDamageDealtToChampions": 30551,
      "trueDamageDealtPlayer": 1236,
      "trueDamageDealtToChampions": 926,
      "trueDamageTaken": 1651,
      "wardKilled": 1,
      "wardPlaced": 8,
      "neutralMinionsKilledEnemyJungle": 9,
      "neutralMinionsKilledYourJungle": 21,
      "totalTimeCrowdControlDealt": 294
    }
  },
  "27112619": {
    "gameId": 818168478,
    "invalid": false,
    "gameMode": "CLASSIC",
    "gameType": "MATCHED_GAME",
    "subType": "RANKED_SOLO_5x5",
    "mapId": 1,
    "teamId": 100,
    "championId": 8,
    "spell1": 4,
    "spell2": 7,
    "level": 30,
    "ipEarned": 253,
    "createDate": 1398243009785,
    "fellowPlayers": [
      {
        "summonerId": 27808265,
        "teamId": 100,
        "championId": 89
      },
      {
        "summonerId": 43933226,
        "teamId": 200,
        "championId": 37
      },
      {
        "summonerId": 26998586,
        "teamId": 100,
        "championId": 42
      },
      {
        "summonerId": 29948118,
        "teamId": 100,
        "championId": 23
      },
      {
        "summonerId": 31227121,
        "teamId": 200,
        "championId": 82
      },
      {
        "summonerId": 33058385,
        "teamId": 200,
        "championId": 32
      },
      {
        "summonerId": 24761509,
        "teamId": 100,
        "championId": 64
      },
      {
        "summonerId": 42323032,
        "teamId": 200,
        "championId": 81
      },
      {
        "summonerId": 19840296,
        "teamId": 200,
        "championId": 58
      }
    ],
    "stats": {
      "level": 17,
      "goldEarned": 12564,
      "numDeaths": 7,
      "barracksKilled": 1,
      "minionsKilled": 166,
      "championsKilled": 3,
      "goldSpent": 12310,
      "totalDamageDealt": 117326,
      "totalDamageTaken": 31735,
      "killingSprees": 1,
      "largestKillingSpree": 2,
      "team": 100,
      "win": true,
      "neutralMinionsKilled": 4,
      "largestMultiKill": 1,
      "physicalDamageDealtPlayer": 13182,
      "magicDamageDealtPlayer": 104143,
      "physicalDamageTaken": 10270,
      "magicDamageTaken": 20817,
      "timePlayed": 2268,
      "totalHeal": 12666,
      "totalUnitsHealed": 2,
      "assists": 14,
      "item0": 1058,
      "item1": 3020,
      "item2": 3152,
      "item3": 3116,
      "item4": 3135,
      "item5": 3191,
      "item6": 3340,
      "magicDamageDealtToChampions": 19544,
      "physicalDamageDealtToChampions": 664,
      "totalDamageDealtToChampions": 20208,
      "trueDamageTaken": 648,
      "wardPlaced": 9,
      "neutralMinionsKilledEnemyJungle": 1,
      "neutralMinionsKilledYourJungle": 3,
      "totalTimeCrowdControlDealt": 335
    }
  },
  "24761509": {
    "gameId": 818168478,
    "invalid": false,
    "gameMode": "CLASSIC",
    "gameType": "MATCHED_GAME",
    "subType": "RANKED_SOLO_5x5",
    "mapId": 1,
    "teamId": 100,
    "championId": 64,
    "spell1": 4,
    "spell2": 11,
    "level": 30,
    "ipEarned": 253,
    "createDate": 1398243009782,
    "fellowPlayers": [
      {
        "summonerId": 27808265,
        "teamId": 100,
        "championId": 89
      },
      {
        "summonerId": 43933226,
        "teamId": 200,
        "championId": 37
      },
      {
        "summonerId": 26998586,
        "teamId": 100,
        "championId": 42
      },
      {
        "summonerId": 29948118,
        "teamId": 100,
        "championId": 23
      },
      {
        "summonerId": 31227121,
        "teamId": 200,
        "championId": 82
      },
      {
        "summonerId": 27112619,
        "teamId": 100,
        "championId": 8
      },
      {
        "summonerId": 33058385,
        "teamId": 200,
        "championId": 32
      },
      {
        "summonerId": 42323032,
        "teamId": 200,
        "championId": 81
      },
      {
        "summonerId": 19840296,
        "teamId": 200,
        "championId": 58
      }
    ],
    "stats": {
      "level": 16,
      "goldEarned": 11850,
      "numDeaths": 6,
      "turretsKilled": 1,
      "minionsKilled": 35,
      "championsKilled": 2,
      "goldSpent": 9550,
      "totalDamageDealt": 104082,
      "totalDamageTaken": 28356,
      "killingSprees": 1,
      "largestKillingSpree": 2,
      "team": 100,
      "win": true,
      "neutralMinionsKilled": 67,
      "largestMultiKill": 1,
      "physicalDamageDealtPlayer": 66385,
      "magicDamageDealtPlayer": 21459,
      "physicalDamageTaken": 14108,
      "magicDamageTaken": 13523,
      "timePlayed": 2268,
      "totalHeal": 4739,
      "totalUnitsHealed": 1,
      "assists": 19,
      "item0": 3270,
      "item1": 2049,
      "item2": 3143,
      "item3": 3209,
      "item4": 3211,
      "item5": 1028,
      "item6": 3341,
      "sightWardsBought": 2,
      "magicDamageDealtToChampions": 1357,
      "physicalDamageDealtToChampions": 5948,
      "totalDamageDealtToChampions": 7937,
      "trueDamageDealtPlayer": 16237,
      "trueDamageDealtToChampions": 631,
      "trueDamageTaken": 725,
      "wardKilled": 2,
      "wardPlaced": 33,
      "neutralMinionsKilledEnemyJungle": 2,
      "neutralMinionsKilledYourJungle": 65,
      "totalTimeCrowdControlDealt": 897
    }
  },
  "27808265": {
    "gameId": 818168478,
    "invalid": false,
    "gameMode": "CLASSIC",
    "gameType": "MATCHED_GAME",
    "subType": "RANKED_SOLO_5x5",
    "mapId": 1,
    "teamId": 100,
    "championId": 89,
    "spell1": 7,
    "spell2": 4,
    "level": 30,
    "ipEarned": 103,
    "createDate": 1398243009784,
    "fellowPlayers": [
      {
        "summonerId": 43933226,
        "teamId": 200,
        "championId": 37
      },
      {
        "summonerId": 26998586,
        "teamId": 100,
        "championId": 42
      },
      {
        "summonerId": 29948118,
        "teamId": 100,
        "championId": 23
      },
      {
        "summonerId": 31227121,
        "teamId": 200,
        "championId": 82
      },
      {
        "summonerId": 27112619,
        "teamId": 100,
        "championId": 8
      },
      {
        "summonerId": 33058385,
        "teamId": 200,
        "championId": 32
      },
      {
        "summonerId": 24761509,
        "teamId": 100,
        "championId": 64
      },
      {
        "summonerId": 42323032,
        "teamId": 200,
        "championId": 81
      },
      {
        "summonerId": 19840296,
        "teamId": 200,
        "championId": 58
      }
    ],
    "stats": {
      "level": 15,
      "goldEarned": 10446,
      "numDeaths": 4,
      "turretsKilled": 2,
      "minionsKilled": 34,
      "championsKilled": 3,
      "goldSpent": 8200,
      "totalDamageDealt": 30516,
      "totalDamageTaken": 22648,
      "killingSprees": 1,
      "largestKillingSpree": 2,
      "team": 100,
      "win": true,
      "neutralMinionsKilled": 1,
      "largestMultiKill": 1,
      "physicalDamageDealtPlayer": 14102,
      "magicDamageDealtPlayer": 13151,
      "physicalDamageTaken": 10210,
      "magicDamageTaken": 12186,
      "timePlayed": 2268,
      "totalHeal": 4076,
      "totalUnitsHealed": 5,
      "assists": 12,
      "item0": 3143,
      "item1": 2049,
      "item2": 3047,
      "item3": 3302,
      "item4": 3102,
      "item6": 3341,
      "sightWardsBought": 1,
      "magicDamageDealtToChampions": 2962,
      "physicalDamageDealtToChampions": 1571,
      "totalDamageDealtToChampions": 4534,
      "trueDamageDealtPlayer": 3263,
      "trueDamageTaken": 252,
      "wardKilled": 1,
      "wardPlaced": 27,
      "neutralMinionsKilledEnemyJungle": 1,
      "totalTimeCrowdControlDealt": 259
    }
  },
  "33058385": {
    "gameId": 818168478,
    "invalid": false,
    "gameMode": "CLASSIC",
    "gameType": "MATCHED_GAME",
    "subType": "RANKED_SOLO_5x5",
    "mapId": 1,
    "teamId": 200,
    "championId": 32,
    "spell1": 11,
    "spell2": 4,
    "level": 30,
    "ipEarned": 68,
    "createDate": 1398243009788,
    "fellowPlayers": [
      {
        "summonerId": 27808265,
        "teamId": 100,
        "championId": 89
      },
      {
        "summonerId": 43933226,
        "teamId": 200,
        "championId": 37
      },
      {
        "summonerId": 26998586,
        "teamId": 100,
        "championId": 42
      },
      {
        "summonerId": 29948118,
        "teamId": 100,
        "championId": 23
      },
      {
        "summonerId": 31227121,
        "teamId": 200,
        "championId": 82
      },
      {
        "summonerId": 27112619,
        "teamId": 100,
        "championId": 8
      },
      {
        "summonerId": 24761509,
        "teamId": 100,
        "championId": 64
      },
      {
        "summonerId": 42323032,
        "teamId": 200,
        "championId": 81
      },
      {
        "summonerId": 19840296,
        "teamId": 200,
        "championId": 58
      }
    ],
    "stats": {
      "level": 16,
      "goldEarned": 11317,
      "numDeaths": 6,
      "minionsKilled": 59,
      "championsKilled": 3,
      "goldSpent": 10355,
      "totalDamageDealt": 159376,
      "totalDamageTaken": 30901,
      "team": 200,
      "win": false,
      "neutralMinionsKilled": 84,
      "largestMultiKill": 1,
      "physicalDamageDealtPlayer": 17150,
      "magicDamageDealtPlayer": 130707,
      "physicalDamageTaken": 20734,
      "magicDamageTaken": 9220,
      "timePlayed": 2268,
      "totalHeal": 6945,
      "totalUnitsHealed": 1,
      "assists": 10,
      "item0": 3190,
      "item1": 3270,
      "item2": 3068,
      "item3": 3206,
      "item4": 3082,
      "item6": 3340,
      "magicDamageDealtToChampions": 19091,
      "physicalDamageDealtToChampions": 994,
      "totalDamageDealtToChampions": 20532,
      "trueDamageDealtPlayer": 11518,
      "trueDamageDealtToChampions": 446,
      "trueDamageTaken": 945,
      "wardPlaced": 9,
      "neutralMinionsKilledEnemyJungle": 16,
      "neutralMinionsKilledYourJungle": 68,
      "totalTimeCrowdControlDealt": 175
    }
  },
  "19840296": {
    "gameId": 818168478,
    "invalid": false,
    "gameMode": "CLASSIC",
    "gameType": "MATCHED_GAME",
    "subType": "RANKED_SOLO_5x5",
    "mapId": 1,
    "teamId": 200,
    "championId": 58,
    "spell1": 4,
    "spell2": 14,
    "level": 30,
    "ipEarned": 68,
    "createDate": 1398243009790,
    "fellowPlayers": [
      {
        "summonerId": 27808265,
        "teamId": 100,
        "championId": 89
      },
      {
        "summonerId": 43933226,
        "teamId": 200,
        "championId": 37
      },
      {
        "summonerId": 26998586,
        "teamId": 100,
        "championId": 42
      },
      {
        "summonerId": 29948118,
        "teamId": 100,
        "championId": 23
      },
      {
        "summonerId": 31227121,
        "teamId": 200,
        "championId": 82
      },
      {
        "summonerId": 27112619,
        "teamId": 100,
        "championId": 8
      },
      {
        "summonerId": 33058385,
        "teamId": 200,
        "championId": 32
      },
      {
        "summonerId": 24761509,
        "teamId": 100,
        "championId": 64
      },
      {
        "summonerId": 42323032,
        "teamId": 200,
        "championId": 81
      }
    ],
    "stats": {
      "level": 15,
      "goldEarned": 10470,
      "numDeaths": 8,
      "turretsKilled": 1,
      "minionsKilled": 141,
      "championsKilled": 3,
      "goldSpent": 10227,
      "totalDamageDealt": 102624,
      "totalDamageTaken": 32564,
      "team": 200,
      "win": false,
      "neutralMinionsKilled": 15,
      "largestMultiKill": 1,
      "physicalDamageDealtPlayer": 89681,
      "magicDamageDealtPlayer": 11319,
      "physicalDamageTaken": 22651,
      "magicDamageTaken": 8990,
      "timePlayed": 2268,
      "totalHeal": 3128,
      "totalUnitsHealed": 1,
      "assists": 8,
      "item0": 1031,
      "item1": 3111,
      "item2": 3074,
      "item3": 3134,
      "item4": 1029,
      "item5": 3068,
      "item6": 3340,
      "magicDamageDealtToChampions": 2025,
      "physicalDamageDealtToChampions": 10413,
      "totalDamageDealtToChampions": 14062,
      "trueDamageDealtPlayer": 1622,
      "trueDamageDealtToChampions": 1622,
      "trueDamageTaken": 922,
      "wardPlaced": 8,
      "neutralMinionsKilledYourJungle": 15,
      "totalTimeCrowdControlDealt": 54
    }
  },
  "42323032": {
    "gameId": 818168478,
    "invalid": false,
    "gameMode": "CLASSIC",
    "gameType": "MATCHED_GAME",
    "subType": "RANKED_SOLO_5x5",
    "mapId": 1,
    "teamId": 200,
    "championId": 81,
    "spell1": 7,
    "spell2": 4,
    "level": 30,
    "ipEarned": 68,
    "createDate": 1398243009792,
    "fellowPlayers": [
      {
        "summonerId": 27808265,
        "teamId": 100,
        "championId": 89
      },
      {
        "summonerId": 43933226,
        "teamId": 200,
        "championId": 37
      },
      {
        "summonerId": 26998586,
        "teamId": 100,
        "championId": 42
      },
      {
        "summonerId": 29948118,
        "teamId": 100,
        "championId": 23
      },
      {
        "summonerId": 31227121,
        "teamId": 200,
        "championId": 82
      },
      {
        "summonerId": 27112619,
        "teamId": 100,
        "championId": 8
      },
      {
        "summonerId": 33058385,
        "teamId": 200,
        "championId": 32
      },
      {
        "summonerId": 24761509,
        "teamId": 100,
        "championId": 64
      },
      {
        "summonerId": 19840296,
        "teamId": 200,
        "championId": 58
      }
    ],
    "stats": {
      "level": 16,
      "goldEarned": 11485,
      "numDeaths": 6,
      "turretsKilled": 2,
      "minionsKilled": 198,
      "championsKilled": 4,
      "goldSpent": 10463,
      "totalDamageDealt": 145666,
      "totalDamageTaken": 28034,
      "team": 200,
      "win": false,
      "neutralMinionsKilled": 14,
      "largestMultiKill": 1,
      "physicalDamageDealtPlayer": 111346,
      "magicDamageDealtPlayer": 33557,
      "physicalDamageTaken": 17450,
      "magicDamageTaken": 9925,
      "largestCriticalStrike": 668,
      "timePlayed": 2268,
      "totalHeal": 3117,
      "totalUnitsHealed": 2,
      "assists": 8,
      "item0": 3078,
      "item1": 3250,
      "item2": 3072,
      "item3": 1018,
      "item4": 1037,
      "item6": 3340,
      "magicDamageDealtToChampions": 8127,
      "physicalDamageDealtToChampions": 20138,
      "totalDamageDealtToChampions": 28990,
      "trueDamageDealtPlayer": 762,
      "trueDamageDealtToChampions": 724,
      "trueDamageTaken": 659,
      "wardPlaced": 9,
      "neutralMinionsKilledEnemyJungle": 2,
      "neutralMinionsKilledYourJungle": 12,
      "totalTimeCrowdControlDealt": 84
    }
  },
  "31227121": {
    "gameId": 818168478,
    "invalid": false,
    "gameMode": "CLASSIC",
    "gameType": "MATCHED_GAME",
    "subType": "RANKED_SOLO_5x5",
    "mapId": 1,
    "teamId": 200,
    "championId": 82,
    "spell1": 7,
    "spell2": 4,
    "level": 30,
    "ipEarned": 68,
    "createDate": 1398243009787,
    "fellowPlayers": [
      {
        "summonerId": 27808265,
        "teamId": 100,
        "championId": 89
      },
      {
        "summonerId": 43933226,
        "teamId": 200,
        "championId": 37
      },
      {
        "summonerId": 26998586,
        "teamId": 100,
        "championId": 42
      },
      {
        "summonerId": 29948118,
        "teamId": 100,
        "championId": 23
      },
      {
        "summonerId": 27112619,
        "teamId": 100,
        "championId": 8
      },
      {
        "summonerId": 33058385,
        "teamId": 200,
        "championId": 32
      },
      {
        "summonerId": 24761509,
        "teamId": 100,
        "championId": 64
      },
      {
        "summonerId": 42323032,
        "teamId": 200,
        "championId": 81
      },
      {
        "summonerId": 19840296,
        "teamId": 200,
        "championId": 58
      }
    ],
    "stats": {
      "level": 17,
      "goldEarned": 13718,
      "numDeaths": 7,
      "turretsKilled": 2,
      "minionsKilled": 254,
      "championsKilled": 10,
      "goldSpent": 13510,
      "totalDamageDealt": 175309,
      "totalDamageTaken": 17034,
      "killingSprees": 3,
      "largestKillingSpree": 3,
      "team": 200,
      "win": false,
      "neutralMinionsKilled": 6,
      "largestMultiKill": 1,
      "physicalDamageDealtPlayer": 11319,
      "magicDamageDealtPlayer": 163990,
      "physicalDamageTaken": 8574,
      "magicDamageTaken": 8076,
      "timePlayed": 2268,
      "totalHeal": 4262,
      "totalUnitsHealed": 4,
      "assists": 3,
      "item0": 3128,
      "item1": 3152,
      "item2": 3255,
      "item3": 3089,
      "item4": 3026,
      "item6": 3340,
      "sightWardsBought": 1,
      "magicDamageDealtToChampions": 35006,
      "physicalDamageDealtToChampions": 399,
      "totalDamageDealtToChampions": 35405,
      "trueDamageTaken": 383,
      "wardKilled": 2,
      "wardPlaced": 9,
      "neutralMinionsKilledEnemyJungle": 4,
      "neutralMinionsKilledYourJungle": 2,
      "totalTimeCrowdControlDealt": 12
    }
  },
  "43933226": {
    "gameId": 818168478,
    "invalid": false,
    "gameMode": "CLASSIC",
    "gameType": "MATCHED_GAME",
    "subType": "RANKED_SOLO_5x5",
    "mapId": 1,
    "teamId": 200,
    "championId": 37,
    "spell1": 4,
    "spell2": 7,
    "level": 30,
    "ipEarned": 68,
    "createDate": 1398243009791,
    "fellowPlayers": [
      {
        "summonerId": 27808265,
        "teamId": 100,
        "championId": 89
      },
      {
        "summonerId": 26998586,
        "teamId": 100,
        "championId": 42
      },
      {
        "summonerId": 29948118,
        "teamId": 100,
        "championId": 23
      },
      {
        "summonerId": 31227121,
        "teamId": 200,
        "championId": 82
      },
      {
        "summonerId": 27112619,
        "teamId": 100,
        "championId": 8
      },
      {
        "summonerId": 33058385,
        "teamId": 200,
        "championId": 32
      },
      {
        "summonerId": 24761509,
        "teamId": 100,
        "championId": 64
      },
      {
        "summonerId": 42323032,
        "teamId": 200,
        "championId": 81
      },
      {
        "summonerId": 19840296,
        "teamId": 200,
        "championId": 58
      }
    ],
    "stats": {
      "level": 14,
      "goldEarned": 10181,
      "numDeaths": 7,
      "minionsKilled": 17,
      "championsKilled": 3,
      "goldSpent": 9310,
      "totalDamageDealt": 37849,
      "totalDamageTaken": 20580,
      "doubleKills": 1,
      "killingSprees": 1,
      "largestKillingSpree": 2,
      "team": 200,
      "win": false,
      "neutralMinionsKilled": 2,
      "largestMultiKill": 2,
      "physicalDamageDealtPlayer": 7587,
      "magicDamageDealtPlayer": 30262,
      "physicalDamageTaken": 12123,
      "magicDamageTaken": 8108,
      "timePlayed": 2268,
      "totalHeal": 7255,
      "totalUnitsHealed": 5,
      "assists": 11,
      "item0": 3092,
      "item1": 2045,
      "item2": 3028,
      "item3": 3158,
      "item4": 3100,
      "item6": 3341,
      "sightWardsBought": 1,
      "visionWardsBought": 1,
      "magicDamageDealtToChampions": 12596,
      "physicalDamageDealtToChampions": 2965,
      "totalDamageDealtToChampions": 15561,
      "trueDamageTaken": 348,
      "wardKilled": 3,
      "wardPlaced": 29,
      "neutralMinionsKilledEnemyJungle": 1,
      "neutralMinionsKilledYourJungle": 1,
      "totalTimeCrowdControlDealt": 49
    }
  }
}