{
  "30439053": {
    "gameId": 818168554,
    "invalid": false,
    "gameMode": "CLASSIC",
    "gameType": "MATCHED_GAME",
    "subType": "RANKED_SOLO_5x5",
    "mapId": 1,
    "teamId": 200,
    "championId": 64,
    "spell1": 4,
    "spell2": 11,
    "level": 30,
    "ipEarned": 76,
    "createDate": 1398242221761,
    "fellowPlayers": [
      {
        "summonerId": 26877252,
        "teamId": 200,
        "championId": 80
      },
      {
        "summonerId": 40833067,
        "teamId": 100,
        "championId": 236
      },
      {
        "summonerId": 22115322,
        "teamId": 200,
        "championId": 110
      },
      {
        "summonerId": 30920752,
        "teamId": 100,
        "championId": 28
      },
      {
        "summonerId": 29112266,
        "teamId": 200,
        "championId": 412
      },
      {
        "summonerId": 33093999,
        "teamId": 100,
        "championId": 76
      },
      {
        "summonerId": 35759542,
        "teamId": 200,
        "championId": 84
      },
      {
        "summonerId": 27276812,
        "teamId": 100,
        "championId": 92
      },
      {
        "summonerId": 26628714,
        "teamId": 100,
        "championId": 39
      }
    ],
    "stats": {
      "level": 13,
      "goldEarned": 8815,
      "numDeaths": 3,
      "minionsKilled": 19,
      "championsKilled": 5,
      "goldSpent": 7835,
      "totalDamageDealt": 101889,
      "totalDamageTaken": 17095,
      "killingSprees": 2,
      "largestKillingSpree": 2,
      "team": 200,
      "win": true,
      "neutralMinionsKilled": 73,
      "largestMultiKill": 1,
      "physicalDamageDealtPlayer": 58033,
      "magicDamageDealtPlayer": 29337,
      "physicalDamageTaken": 14461,
      "magicDamageTaken": 2068,
      "timePlayed": 1431,
      "totalHeal": 3470,
      "totalUnitsHealed": 1,
      "assists": 5,
      "item0": 3077,
      "item1": 2003,
      "item2": 2044,
      "item3": 3068,
      "item4": 1001,
      "item5": 3209,
      "item6": 3340,
      "sightWardsBought": 4,
      "visionWardsBought": 1,
      "magicDamageDealtToChampions": 1330,
      "physicalDamageDealtToChampions": 5745,
      "totalDamageDealtToChampions": 7456,
      "trueDamageDealtPlayer": 14518,
      "trueDamageDealtToChampions": 380,
      "trueDamageTaken": 566,
      "wardPlaced": 7,
      "neutralMinionsKilledEnemyJungle": 7,
      "neutralMinionsKilledYourJungle": 66,
      "totalTimeCrowdControlDealt": 604
    }
  },
  "summonerCount": 10,
  "26877252": {
    "gameId": 818168554,
    "invalid": false,
    "gameMode": "CLASSIC",
    "gameType": "MATCHED_GAME",
    "subType": "RANKED_SOLO_5x5",
    "mapId": 1,
    "teamId": 200,
    "championId": 80,
    "spell1": 4,
    "spell2": 14,
    "level": 30,
    "ipEarned": 226,
    "createDate": 1398242221760,
    "fellowPlayers": [
      {
        "summonerId": 40833067,
        "teamId": 100,
        "championId": 236
      },
      {
        "summonerId": 22115322,
        "teamId": 200,
        "championId": 110
      },
      {
        "summonerId": 30920752,
        "teamId": 100,
        "championId": 28
      },
      {
        "summonerId": 29112266,
        "teamId": 200,
        "championId": 412
      },
      {
        "summonerId": 33093999,
        "teamId": 100,
        "championId": 76
      },
      {
        "summonerId": 35759542,
        "teamId": 200,
        "championId": 84
      },
      {
        "summonerId": 27276812,
        "teamId": 100,
        "championId": 92
      },
      {
        "summonerId": 30439053,
        "teamId": 200,
        "championId": 64
      },
      {
        "summonerId": 26628714,
        "teamId": 100,
        "championId": 39
      }
    ],
    "stats": {
      "level": 16,
      "goldEarned": 11123,
      "turretsKilled": 2,
      "minionsKilled": 217,
      "championsKilled": 7,
      "goldSpent": 7702,
      "totalDamageDealt": 121715,
      "totalDamageTaken": 9144,
      "killingSprees": 1,
      "largestKillingSpree": 7,
      "team": 200,
      "win": true,
      "neutralMinionsKilled": 3,
      "largestMultiKill": 1,
      "physicalDamageDealtPlayer": 115703,
      "magicDamageDealtPlayer": 5451,
      "physicalDamageTaken": 5771,
      "magicDamageTaken": 2459,
      "largestCriticalStrike": 830,
      "timePlayed": 1431,
      "totalHeal": 1413,
      "totalUnitsHealed": 1,
      "assists": 4,
      "item0": 1055,
      "item1": 3134,
      "item2": 1018,
      "item3": 3047,
      "item4": 1055,
      "item5": 3072,
      "item6": 3340,
      "magicDamageDealtToChampions": 1254,
      "physicalDamageDealtToChampions": 15949,
      "totalDamageDealtToChampions": 17626,
      "trueDamageDealtPlayer": 560,
      "trueDamageDealtToChampions": 422,
      "trueDamageTaken": 913,
      "wardKilled": 1,
      "wardPlaced": 4,
      "neutralMinionsKilledYourJungle": 3,
      "totalTimeCrowdControlDealt": 87
    }
  },
  "26628714": {
    "gameId": 818168554,
    "invalid": false,
    "gameMode": "CLASSIC",
    "gameType": "MATCHED_GAME",
    "subType": "RANKED_SOLO_5x5",
    "mapId": 1,
    "teamId": 100,
    "championId": 39,
    "spell1": 14,
    "spell2": 4,
    "level": 30,
    "ipEarned": 51,
    "createDate": 1398242221755,
    "fellowPlayers": [
      {
        "summonerId": 26877252,
        "teamId": 200,
        "championId": 80
      },
      {
        "summonerId": 40833067,
        "teamId": 100,
        "championId": 236
      },
      {
        "summonerId": 22115322,
        "teamId": 200,
        "championId": 110
      },
      {
        "summonerId": 30920752,
        "teamId": 100,
        "championId": 28
      },
      {
        "summonerId": 29112266,
        "teamId": 200,
        "championId": 412
      },
      {
        "summonerId": 33093999,
        "teamId": 100,
        "championId": 76
      },
      {
        "summonerId": 35759542,
        "teamId": 200,
        "championId": 84
      },
      {
        "summonerId": 27276812,
        "teamId": 100,
        "championId": 92
      },
      {
        "summonerId": 30439053,
        "teamId": 200,
        "championId": 64
      }
    ],
    "stats": {
      "level": 10,
      "goldEarned": 5107,
      "numDeaths": 4,
      "minionsKilled": 82,
      "championsKilled": 1,
      "goldSpent": 4250,
      "totalDamageDealt": 29919,
      "totalDamageTaken": 13813,
      "team": 100,
      "win": false,
      "neutralMinionsKilled": 1,
      "largestMultiKill": 1,
      "physicalDamageDealtPlayer": 25649,
      "magicDamageDealtPlayer": 931,
      "physicalDamageTaken": 11465,
      "magicDamageTaken": 2189,
      "timePlayed": 1431,
      "totalHeal": 3076,
      "totalUnitsHealed": 1,
      "assists": 1,
      "item0": 1055,
      "item1": 1055,
      "item2": 1001,
      "item3": 3044,
      "item4": 3057,
      "item5": 2041,
      "item6": 3340,
      "magicDamageDealtToChampions": 722,
      "physicalDamageDealtToChampions": 2477,
      "totalDamageDealtToChampions": 4108,
      "trueDamageDealtPlayer": 3338,
      "trueDamageDealtToChampions": 908,
      "trueDamageTaken": 158,
      "wardPlaced": 3,
      "neutralMinionsKilledYourJungle": 1,
      "totalTimeCrowdControlDealt": 11
    }
  },
  "33093999": {
    "gameId": 818168554,
    "invalid": false,
    "gameMode": "CLASSIC",
    "gameType": "MATCHED_GAME",
    "subType": "RANKED_SOLO_5x5",
    "mapId": 1,
    "teamId": 100,
    "championId": 76,
    "spell1": 14,
    "spell2": 4,
    "level": 30,
    "ipEarned": 51,
    "createDate": 1398242221757,
    "fellowPlayers": [
      {
        "summonerId": 26877252,
        "teamId": 200,
        "championId": 80
      },
      {
        "summonerId": 40833067,
        "teamId": 100,
        "championId": 236
      },
      {
        "summonerId": 22115322,
        "teamId": 200,
        "championId": 110
      },
      {
        "summonerId": 30920752,
        "teamId": 100,
        "championId": 28
      },
      {
        "summonerId": 29112266,
        "teamId": 200,
        "championId": 412
      },
      {
        "summonerId": 35759542,
        "teamId": 200,
        "championId": 84
      },
      {
        "summonerId": 27276812,
        "teamId": 100,
        "championId": 92
      },
      {
        "summonerId": 30439053,
        "teamId": 200,
        "championId": 64
      },
      {
        "summonerId": 26628714,
        "teamId": 100,
        "championId": 39
      }
    ],
    "stats": {
      "level": 10,
      "goldEarned": 5264,
      "numDeaths": 4,
      "minionsKilled": 40,
      "championsKilled": 1,
      "goldSpent": 4725,
      "totalDamageDealt": 36370,
      "totalDamageTaken": 9084,
      "team": 100,
      "win": false,
      "neutralMinionsKilled": 6,
      "largestMultiKill": 1,
      "physicalDamageDealtPlayer": 9905,
      "magicDamageDealtPlayer": 26129,
      "physicalDamageTaken": 7064,
      "magicDamageTaken": 2000,
      "timePlayed": 1431,
      "totalHeal": 811,
      "totalUnitsHealed": 3,
      "assists": 1,
      "item0": 1056,
      "item1": 3098,
      "item2": 3165,
      "item3": 1052,
      "item5": 1001,
      "item6": 3340,
      "sightWardsBought": 3,
      "visionWardsBought": 1,
      "magicDamageDealtToChampions": 7403,
      "physicalDamageDealtToChampions": 635,
      "totalDamageDealtToChampions": 8374,
      "trueDamageDealtPlayer": 336,
      "trueDamageDealtToChampions": 336,
      "trueDamageTaken": 20,
      "wardPlaced": 10,
      "neutralMinionsKilledYourJungle": 6
    }
  },
  "35759542": {
    "gameId": 818168554,
    "invalid": false,
    "gameMode": "CLASSIC",
    "gameType": "MATCHED_GAME",
    "subType": "RANKED_SOLO_5x5",
    "mapId": 1,
    "teamId": 200,
    "championId": 84,
    "spell1": 14,
    "spell2": 4,
    "level": 30,
    "ipEarned": 76,
    "createDate": 1398242221762,
    "fellowPlayers": [
      {
        "summonerId": 26877252,
        "teamId": 200,
        "championId": 80
      },
      {
        "summonerId": 40833067,
        "teamId": 100,
        "championId": 236
      },
      {
        "summonerId": 22115322,
        "teamId": 200,
        "championId": 110
      },
      {
        "summonerId": 30920752,
        "teamId": 100,
        "championId": 28
      },
      {
        "summonerId": 29112266,
        "teamId": 200,
        "championId": 412
      },
      {
        "summonerId": 33093999,
        "teamId": 100,
        "championId": 76
      },
      {
        "summonerId": 27276812,
        "teamId": 100,
        "championId": 92
      },
      {
        "summonerId": 30439053,
        "teamId": 200,
        "championId": 64
      },
      {
        "summonerId": 26628714,
        "teamId": 100,
        "championId": 39
      }
    ],
    "stats": {
      "level": 14,
      "goldEarned": 8645,
      "numDeaths": 2,
      "turretsKilled": 1,
      "minionsKilled": 97,
      "championsKilled": 7,
      "goldSpent": 5955,
      "totalDamageDealt": 59592,
      "totalDamageTaken": 14208,
      "doubleKills": 1,
      "killingSprees": 2,
      "largestKillingSpree": 4,
      "team": 200,
      "win": true,
      "neutralMinionsKilled": 1,
      "largestMultiKill": 2,
      "physicalDamageDealtPlayer": 31401,
      "magicDamageDealtPlayer": 27777,
      "physicalDamageTaken": 9074,
      "magicDamageTaken": 4507,
      "timePlayed": 1431,
      "totalHeal": 226,
      "totalUnitsHealed": 1,
      "assists": 3,
      "item0": 3146,
      "item1": 1001,
      "item2": 3191,
      "item3": 1026,
      "item6": 3340,
      "magicDamageDealtToChampions": 10378,
      "physicalDamageDealtToChampions": 3081,
      "totalDamageDealtToChampions": 13873,
      "trueDamageDealtPlayer": 414,
      "trueDamageDealtToChampions": 414,
      "trueDamageTaken": 626,
      "wardPlaced": 6,
      "neutralMinionsKilledEnemyJungle": 1,
      "totalTimeCrowdControlDealt": 450
    }
  },
  "27276812": {
    "gameId": 818168554,
    "invalid": false,
    "gameMode": "CLASSIC",
    "gameType": "MATCHED_GAME",
    "subType": "RANKED_SOLO_5x5",
    "mapId": 1,
    "teamId": 100,
    "championId": 92,
    "spell1": 4,
    "spell2": 14,
    "level": 30,
    "ipEarned": 51,
    "createDate": 1398242221754,
    "fellowPlayers": [
      {
        "summonerId": 26877252,
        "teamId": 200,
        "championId": 80
      },
      {
        "summonerId": 40833067,
        "teamId": 100,
        "championId": 236
      },
      {
        "summonerId": 22115322,
        "teamId": 200,
        "championId": 110
      },
      {
        "summonerId": 30920752,
        "teamId": 100,
        "championId": 28
      },
      {
        "summonerId": 29112266,
        "teamId": 200,
        "championId": 412
      },
      {
        "summonerId": 33093999,
        "teamId": 100,
        "championId": 76
      },
      {
        "summonerId": 35759542,
        "teamId": 200,
        "championId": 84
      },
      {
        "summonerId": 30439053,
        "teamId": 200,
        "championId": 64
      },
      {
        "summonerId": 26628714,
        "teamId": 100,
        "championId": 39
      }
    ],
    "stats": {
      "level": 12,
      "goldEarned": 6450,
      "numDeaths": 7,
      "minionsKilled": 105,
      "championsKilled": 3,
      "goldSpent": 6012,
      "totalDamageDealt": 75583,
      "totalDamageTaken": 18627,
      "killingSprees": 1,
      "largestKillingSpree": 2,
      "team": 100,
      "win": false,
      "neutralMinionsKilled": 23,
      "largestMultiKill": 1,
      "physicalDamageDealtPlayer": 74951,
      "physicalDamageTaken": 10887,
      "magicDamageTaken": 7345,
      "timePlayed": 1431,
      "totalHeal": 1403,
      "totalUnitsHealed": 1,
      "assists": 2,
      "item0": 3074,
      "item1": 2043,
      "item2": 1055,
      "item3": 1055,
      "item4": 3134,
      "item5": 1001,
      "item6": 3340,
      "visionWardsBought": 1,
      "physicalDamageDealtToChampions": 10403,
      "totalDamageDealtToChampions": 11035,
      "trueDamageDealtPlayer": 632,
      "trueDamageDealtToChampions": 632,
      "trueDamageTaken": 395,
      "wardPlaced": 7,
      "neutralMinionsKilledYourJungle": 23,
      "totalTimeCrowdControlDealt": 58
    }
  },
  "22115322": {
    "gameId": 818168554,
    "invalid": false,
    "gameMode": "CLASSIC",
    "gameType": "MATCHED_GAME",
    "subType": "RANKED_SOLO_5x5",
    "mapId": 1,
    "teamId": 200,
    "championId": 110,
    "spell1": 4,
    "spell2": 7,
    "level": 30,
    "ipEarned": 76,
    "createDate": 1398242221763,
    "fellowPlayers": [
      {
        "summonerId": 26877252,
        "teamId": 200,
        "championId": 80
      },
      {
        "summonerId": 40833067,
        "teamId": 100,
        "championId": 236
      },
      {
        "summonerId": 30920752,
        "teamId": 100,
        "championId": 28
      },
      {
        "summonerId": 29112266,
        "teamId": 200,
        "championId": 412
      },
      {
        "summonerId": 33093999,
        "teamId": 100,
        "championId": 76
      },
      {
        "summonerId": 35759542,
        "teamId": 200,
        "championId": 84
      },
      {
        "summonerId": 27276812,
        "teamId": 100,
        "championId": 92
      },
      {
        "summonerId": 30439053,
        "teamId": 200,
        "championId": 64
      },
      {
        "summonerId": 26628714,
        "teamId": 100,
        "championId": 39
      }
    ],
    "stats": {
      "level": 12,
      "goldEarned": 8862,
      "turretsKilled": 3,
      "minionsKilled": 164,
      "championsKilled": 3,
      "goldSpent": 6990,
      "totalDamageDealt": 79789,
      "totalDamageTaken": 8058,
      "killingSprees": 1,
      "largestKillingSpree": 3,
      "team": 200,
      "win": true,
      "neutralMinionsKilled": 1,
      "largestMultiKill": 1,
      "physicalDamageDealtPlayer": 74205,
      "magicDamageDealtPlayer": 5583,
      "physicalDamageTaken": 4566,
      "magicDamageTaken": 3426,
      "largestCriticalStrike": 446,
      "timePlayed": 1431,
      "totalHeal": 2395,
      "totalUnitsHealed": 4,
      "assists": 6,
      "item0": 1055,
      "item1": 3072,
      "item2": 1055,
      "item3": 3006,
      "item4": 3086,
      "item5": 1018,
      "item6": 3340,
      "magicDamageDealtToChampions": 980,
      "physicalDamageDealtToChampions": 8340,
      "totalDamageDealtToChampions": 9321,
      "trueDamageTaken": 66,
      "wardKilled": 1,
      "wardPlaced": 5,
      "neutralMinionsKilledEnemyJungle": 1,
      "totalTimeCrowdControlDealt": 81
    }
  },
  "30920752": {
    "gameId": 818168554,
    "invalid": false,
    "gameMode": "CLASSIC",
    "gameType": "MATCHED_GAME",
    "subType": "RANKED_SOLO_5x5",
    "mapId": 1,
    "teamId": 100,
    "championId": 28,
    "spell1": 4,
    "spell2": 11,
    "level": 30,
    "ipEarned": 51,
    "createDate": 1398242221753,
    "fellowPlayers": [
      {
        "summonerId": 26877252,
        "teamId": 200,
        "championId": 80
      },
      {
        "summonerId": 40833067,
        "teamId": 100,
        "championId": 236
      },
      {
        "summonerId": 22115322,
        "teamId": 200,
        "championId": 110
      },
      {
        "summonerId": 29112266,
        "teamId": 200,
        "championId": 412
      },
      {
        "summonerId": 33093999,
        "teamId": 100,
        "championId": 76
      },
      {
        "summonerId": 35759542,
        "teamId": 200,
        "championId": 84
      },
      {
        "summonerId": 27276812,
        "teamId": 100,
        "championId": 92
      },
      {
        "summonerId": 30439053,
        "teamId": 200,
        "championId": 64
      },
      {
        "summonerId": 26628714,
        "teamId": 100,
        "championId": 39
      }
    ],
    "stats": {
      "level": 12,
      "goldEarned": 6618,
      "numDeaths": 4,
      "minionsKilled": 23,
      "championsKilled": 1,
      "goldSpent": 6430,
      "totalDamageDealt": 96780,
      "totalDamageTaken": 18545,
      "team": 100,
      "win": false,
      "neutralMinionsKilled": 73,
      "largestMultiKill": 1,
      "physicalDamageDealtPlayer": 30810,
      "magicDamageDealtPlayer": 53602,
      "physicalDamageTaken": 14717,
      "magicDamageTaken": 3305,
      "timePlayed": 1431,
      "totalHeal": 4108,
      "totalUnitsHealed": 1,
      "assists": 4,
      "item0": 3206,
      "item1": 3020,
      "item2": 2010,
      "item3": 2004,
      "item4": 3136,
      "item5": 1011,
      "item6": 3340,
      "sightWardsBought": 1,
      "magicDamageDealtToChampions": 5585,
      "physicalDamageDealtToChampions": 2287,
      "totalDamageDealtToChampions": 8122,
      "trueDamageDealtPlayer": 12368,
      "trueDamageDealtToChampions": 250,
      "trueDamageTaken": 522,
      "wardPlaced": 4,
      "neutralMinionsKilledEnemyJungle": 7,
      "neutralMinionsKilledYourJungle": 66,
      "totalTimeCrowdControlDealt": 429
    }
  },
  "29112266": {
    "gameId": 818168554,
    "invalid": false,
    "gameMode": "CLASSIC",
    "gameType": "MATCHED_GAME",
    "subType": "RANKED_SOLO_5x5",
    "mapId": 1,
    "teamId": 200,
    "championId": 412,
    "spell1": 4,
    "spell2": 3,
    "level": 30,
    "ipEarned": 76,
    "createDate": 1398242221759,
    "fellowPlayers": [
      {
        "summonerId": 26877252,
        "teamId": 200,
        "championId": 80
      },
      {
        "summonerId": 40833067,
        "teamId": 100,
        "championId": 236
      },
      {
        "summonerId": 22115322,
        "teamId": 200,
        "championId": 110
      },
      {
        "summonerId": 30920752,
        "teamId": 100,
        "championId": 28
      },
      {
        "summonerId": 33093999,
        "teamId": 100,
        "championId": 76
      },
      {
        "summonerId": 35759542,
        "teamId": 200,
        "championId": 84
      },
      {
        "summonerId": 27276812,
        "teamId": 100,
        "championId": 92
      },
      {
        "summonerId": 30439053,
        "teamId": 200,
        "championId": 64
      },
      {
        "summonerId": 26628714,
        "teamId": 100,
        "championId": 39
      }
    ],
    "stats": {
      "level": 12,
      "goldEarned": 7084,
      "numDeaths": 1,
      "turretsKilled": 1,
      "minionsKilled": 19,
      "championsKilled": 2,
      "goldSpent": 6055,
      "totalDamageDealt": 13108,
      "totalDamageTaken": 7504,
      "team": 200,
      "win": true,
      "largestMultiKill": 1,
      "physicalDamageDealtPlayer": 4037,
      "magicDamageDealtPlayer": 9071,
      "physicalDamageTaken": 5282,
      "magicDamageTaken": 1816,
      "timePlayed": 1431,
      "totalHeal": 1251,
      "totalUnitsHealed": 3,
      "assists": 9,
      "item0": 2045,
      "item1": 2010,
      "item2": 3069,
      "item3": 2043,
      "item4": 3117,
      "item6": 3341,
      "sightWardsBought": 1,
      "visionWardsBought": 2,
      "magicDamageDealtToChampions": 3299,
      "physicalDamageDealtToChampions": 793,
      "totalDamageDealtToChampions": 4093,
      "trueDamageTaken": 405,
      "wardKilled": 2,
      "wardPlaced": 18,
      "totalTimeCrowdControlDealt": 92
    }
  },
  "30439053": {
    "gameId": 818168554,
    "invalid": false,
    "gameMode": "CLASSIC",
    "gameType": "MATCHED_GAME",
    "subType": "RANKED_SOLO_5x5",
    "mapId": 1,
    "teamId": 200,
    "championId": 64,
    "spell1": 4,
    "spell2": 11,
    "level": 30,
    "ipEarned": 76,
    "createDate": 1398242221761,
    "fellowPlayers": [
      {
        "summonerId": 26877252,
        "teamId": 200,
        "championId": 80
      },
      {
        "summonerId": 40833067,
        "teamId": 100,
        "championId": 236
      },
      {
        "summonerId": 22115322,
        "teamId": 200,
        "championId": 110
      },
      {
        "summonerId": 30920752,
        "teamId": 100,
        "championId": 28
      },
      {
        "summonerId": 29112266,
        "teamId": 200,
        "championId": 412
      },
      {
        "summonerId": 33093999,
        "teamId": 100,
        "championId": 76
      },
      {
        "summonerId": 35759542,
        "teamId": 200,
        "championId": 84
      },
      {
        "summonerId": 27276812,
        "teamId": 100,
        "championId": 92
      },
      {
        "summonerId": 26628714,
        "teamId": 100,
        "championId": 39
      }
    ],
    "stats": {
      "level": 13,
      "goldEarned": 8815,
      "numDeaths": 3,
      "minionsKilled": 19,
      "championsKilled": 5,
      "goldSpent": 7835,
      "totalDamageDealt": 101889,
      "totalDamageTaken": 17095,
      "killingSprees": 2,
      "largestKillingSpree": 2,
      "team": 200,
      "win": true,
      "neutralMinionsKilled": 73,
      "largestMultiKill": 1,
      "physicalDamageDealtPlayer": 58033,
      "magicDamageDealtPlayer": 29337,
      "physicalDamageTaken": 14461,
      "magicDamageTaken": 2068,
      "timePlayed": 1431,
      "totalHeal": 3470,
      "totalUnitsHealed": 1,
      "assists": 5,
      "item0": 3077,
      "item1": 2003,
      "item2": 2044,
      "item3": 3068,
      "item4": 1001,
      "item5": 3209,
      "item6": 3340,
      "sightWardsBought": 4,
      "visionWardsBought": 1,
      "magicDamageDealtToChampions": 1330,
      "physicalDamageDealtToChampions": 5745,
      "totalDamageDealtToChampions": 7456,
      "trueDamageDealtPlayer": 14518,
      "trueDamageDealtToChampions": 380,
      "trueDamageTaken": 566,
      "wardPlaced": 7,
      "neutralMinionsKilledEnemyJungle": 7,
      "neutralMinionsKilledYourJungle": 66,
      "totalTimeCrowdControlDealt": 604
    }
  }
}