{
  "20401850": {
    "gameId": 818159927,
    "invalid": false,
    "gameMode": "CLASSIC",
    "gameType": "MATCHED_GAME",
    "subType": "RANKED_SOLO_5x5",
    "mapId": 1,
    "teamId": 100,
    "championId": 121,
    "spell1": 11,
    "spell2": 4,
    "level": 30,
    "ipEarned": 94,
    "createDate": 1398242379365,
    "fellowPlayers": [
      {
        "summonerId": 23481668,
        "teamId": 200,
        "championId": 105
      },
      {
        "summonerId": 34314141,
        "teamId": 100,
        "championId": 59
      },
      {
        "summonerId": 39769807,
        "teamId": 100,
        "championId": 236
      },
      {
        "summonerId": 33971439,
        "teamId": 200,
        "championId": 120
      },
      {
        "summonerId": 26551218,
        "teamId": 200,
        "championId": 24
      },
      {
        "summonerId": 35431930,
        "teamId": 100,
        "championId": 13
      },
      {
        "summonerId": 42973253,
        "teamId": 100,
        "championId": 412
      },
      {
        "summonerId": 20874401,
        "teamId": 200,
        "championId": 25
      },
      {
        "summonerId": 42339926,
        "teamId": 200,
        "championId": 29
      }
    ],
    "stats": {
      "level": 16,
      "goldEarned": 11392,
      "numDeaths": 8,
      "barracksKilled": 1,
      "turretsKilled": 1,
      "minionsKilled": 17,
      "championsKilled": 10,
      "goldSpent": 11215,
      "totalDamageDealt": 98173,
      "totalDamageTaken": 26687,
      "killingSprees": 3,
      "largestKillingSpree": 3,
      "team": 100,
      "win": true,
      "neutralMinionsKilled": 57,
      "largestMultiKill": 1,
      "physicalDamageDealtPlayer": 89456,
      "magicDamageDealtPlayer": 3395,
      "physicalDamageTaken": 18642,
      "magicDamageTaken": 7097,
      "timePlayed": 2030,
      "totalHeal": 3124,
      "totalUnitsHealed": 1,
      "assists": 11,
      "item0": 3275,
      "item1": 3072,
      "item2": 3044,
      "item3": 3071,
      "item4": 1042,
      "item5": 3057,
      "item6": 3340,
      "magicDamageDealtToChampions": 1460,
      "physicalDamageDealtToChampions": 16775,
      "totalDamageDealtToChampions": 18296,
      "trueDamageDealtPlayer": 5322,
      "trueDamageDealtToChampions": 60,
      "trueDamageTaken": 947,
      "wardPlaced": 6,
      "neutralMinionsKilledEnemyJungle": 4,
      "neutralMinionsKilledYourJungle": 53,
      "totalTimeCrowdControlDealt": 391
    }
  },
  "summonerCount": 10,
  "26551218": {
    "gameId": 818159927,
    "invalid": false,
    "gameMode": "CLASSIC",
    "gameType": "MATCHED_GAME",
    "subType": "RANKED_SOLO_5x5",
    "mapId": 1,
    "teamId": 200,
    "championId": 24,
    "spell1": 14,
    "spell2": 4,
    "level": 30,
    "ipEarned": 62,
    "createDate": 1398242379366,
    "fellowPlayers": [
      {
        "summonerId": 23481668,
        "teamId": 200,
        "championId": 105
      },
      {
        "summonerId": 34314141,
        "teamId": 100,
        "championId": 59
      },
      {
        "summonerId": 39769807,
        "teamId": 100,
        "championId": 236
      },
      {
        "summonerId": 33971439,
        "teamId": 200,
        "championId": 120
      },
      {
        "summonerId": 20401850,
        "teamId": 100,
        "championId": 121
      },
      {
        "summonerId": 35431930,
        "teamId": 100,
        "championId": 13
      },
      {
        "summonerId": 42973253,
        "teamId": 100,
        "championId": 412
      },
      {
        "summonerId": 20874401,
        "teamId": 200,
        "championId": 25
      },
      {
        "summonerId": 42339926,
        "teamId": 200,
        "championId": 29
      }
    ],
    "stats": {
      "level": 17,
      "goldEarned": 12967,
      "numDeaths": 8,
      "turretsKilled": 2,
      "minionsKilled": 174,
      "championsKilled": 10,
      "goldSpent": 12838,
      "totalDamageDealt": 130443,
      "totalDamageTaken": 32653,
      "doubleKills": 1,
      "killingSprees": 3,
      "largestKillingSpree": 3,
      "team": 200,
      "win": false,
      "neutralMinionsKilled": 11,
      "largestMultiKill": 2,
      "physicalDamageDealtPlayer": 104676,
      "magicDamageDealtPlayer": 24644,
      "physicalDamageTaken": 21280,
      "magicDamageTaken": 10291,
      "largestCriticalStrike": 577,
      "timePlayed": 2030,
      "totalHeal": 4031,
      "totalUnitsHealed": 1,
      "assists": 8,
      "item0": 3153,
      "item1": 3143,
      "item2": 3078,
      "item3": 3265,
      "item4": 1055,
      "item5": 1033,
      "item6": 3340,
      "magicDamageDealtToChampions": 6937,
      "physicalDamageDealtToChampions": 19549,
      "totalDamageDealtToChampions": 27609,
      "trueDamageDealtPlayer": 1122,
      "trueDamageDealtToChampions": 1122,
      "trueDamageTaken": 1082,
      "wardPlaced": 8,
      "neutralMinionsKilledEnemyJungle": 2,
      "neutralMinionsKilledYourJungle": 9,
      "totalTimeCrowdControlDealt": 179
    }
  },
  "20874401": {
    "gameId": 818159927,
    "invalid": false,
    "gameMode": "CLASSIC",
    "gameType": "MATCHED_GAME",
    "subType": "RANKED_SOLO_5x5",
    "mapId": 1,
    "teamId": 200,
    "championId": 25,
    "spell1": 4,
    "spell2": 3,
    "level": 30,
    "ipEarned": 62,
    "createDate": 1398242379369,
    "fellowPlayers": [
      {
        "summonerId": 23481668,
        "teamId": 200,
        "championId": 105
      },
      {
        "summonerId": 34314141,
        "teamId": 100,
        "championId": 59
      },
      {
        "summonerId": 39769807,
        "teamId": 100,
        "championId": 236
      },
      {
        "summonerId": 33971439,
        "teamId": 200,
        "championId": 120
      },
      {
        "summonerId": 26551218,
        "teamId": 200,
        "championId": 24
      },
      {
        "summonerId": 20401850,
        "teamId": 100,
        "championId": 121
      },
      {
        "summonerId": 35431930,
        "teamId": 100,
        "championId": 13
      },
      {
        "summonerId": 42973253,
        "teamId": 100,
        "championId": 412
      },
      {
        "summonerId": 42339926,
        "teamId": 200,
        "championId": 29
      }
    ],
    "stats": {
      "level": 15,
      "goldEarned": 12229,
      "numDeaths": 5,
      "minionsKilled": 44,
      "championsKilled": 4,
      "goldSpent": 10675,
      "totalDamageDealt": 53058,
      "totalDamageTaken": 25940,
      "doubleKills": 1,
      "tripleKills": 1,
      "killingSprees": 1,
      "largestKillingSpree": 3,
      "team": 200,
      "win": false,
      "neutralMinionsKilled": 5,
      "largestMultiKill": 3,
      "physicalDamageDealtPlayer": 5897,
      "magicDamageDealtPlayer": 47128,
      "physicalDamageTaken": 16856,
      "magicDamageTaken": 8646,
      "timePlayed": 2030,
      "totalHeal": 60,
      "totalUnitsHealed": 1,
      "assists": 17,
      "item0": 3020,
      "item1": 3157,
      "item2": 2045,
      "item3": 3098,
      "item4": 3027,
      "item5": 1057,
      "item6": 3341,
      "sightWardsBought": 3,
      "magicDamageDealtToChampions": 21384,
      "physicalDamageDealtToChampions": 1535,
      "totalDamageDealtToChampions": 22952,
      "trueDamageDealtPlayer": 32,
      "trueDamageDealtToChampions": 32,
      "trueDamageTaken": 438,
      "wardKilled": 1,
      "wardPlaced": 26,
      "neutralMinionsKilledEnemyJungle": 2,
      "neutralMinionsKilledYourJungle": 3,
      "totalTimeCrowdControlDealt": 177
    }
  },
  "39769807": {
    "gameId": 818159927,
    "invalid": false,
    "gameMode": "CLASSIC",
    "gameType": "MATCHED_GAME",
    "subType": "RANKED_SOLO_5x5",
    "mapId": 1,
    "teamId": 100,
    "championId": 236,
    "spell1": 4,
    "spell2": 21,
    "level": 30,
    "ipEarned": 94,
    "createDate": 1398242379364,
    "fellowPlayers": [
      {
        "summonerId": 23481668,
        "teamId": 200,
        "championId": 105
      },
      {
        "summonerId": 34314141,
        "teamId": 100,
        "championId": 59
      },
      {
        "summonerId": 33971439,
        "teamId": 200,
        "championId": 120
      },
      {
        "summonerId": 26551218,
        "teamId": 200,
        "championId": 24
      },
      {
        "summonerId": 20401850,
        "teamId": 100,
        "championId": 121
      },
      {
        "summonerId": 35431930,
        "teamId": 100,
        "championId": 13
      },
      {
        "summonerId": 42973253,
        "teamId": 100,
        "championId": 412
      },
      {
        "summonerId": 20874401,
        "teamId": 200,
        "championId": 25
      },
      {
        "summonerId": 42339926,
        "teamId": 200,
        "championId": 29
      }
    ],
    "stats": {
      "level": 17,
      "goldEarned": 15143,
      "numDeaths": 6,
      "turretsKilled": 4,
      "minionsKilled": 218,
      "championsKilled": 10,
      "goldSpent": 12988,
      "totalDamageDealt": 153249,
      "totalDamageTaken": 15521,
      "doubleKills": 1,
      "killingSprees": 3,
      "largestKillingSpree": 4,
      "team": 100,
      "win": true,
      "neutralMinionsKilled": 14,
      "largestMultiKill": 2,
      "physicalDamageDealtPlayer": 140400,
      "magicDamageDealtPlayer": 11769,
      "physicalDamageTaken": 8432,
      "magicDamageTaken": 6114,
      "largestCriticalStrike": 840,
      "timePlayed": 2030,
      "totalHeal": 906,
      "totalUnitsHealed": 1,
      "assists": 16,
      "item0": 3072,
      "item1": 3252,
      "item2": 1055,
      "item3": 3035,
      "item4": 3078,
      "item5": 1038,
      "item6": 3340,
      "magicDamageDealtToChampions": 4526,
      "physicalDamageDealtToChampions": 30488,
      "totalDamageDealtToChampions": 35909,
      "trueDamageDealtPlayer": 1080,
      "trueDamageDealtToChampions": 894,
      "trueDamageTaken": 974,
      "wardPlaced": 3,
      "neutralMinionsKilledEnemyJungle": 8,
      "neutralMinionsKilledYourJungle": 6,
      "totalTimeCrowdControlDealt": 240
    }
  },
  "42973253": {
    "gameId": 818159927,
    "invalid": false,
    "gameMode": "CLASSIC",
    "gameType": "MATCHED_GAME",
    "subType": "RANKED_SOLO_5x5",
    "mapId": 1,
    "teamId": 100,
    "championId": 412,
    "spell1": 14,
    "spell2": 4,
    "level": 30,
    "ipEarned": 94,
    "createDate": 1398242379361,
    "fellowPlayers": [
      {
        "summonerId": 23481668,
        "teamId": 200,
        "championId": 105
      },
      {
        "summonerId": 34314141,
        "teamId": 100,
        "championId": 59
      },
      {
        "summonerId": 39769807,
        "teamId": 100,
        "championId": 236
      },
      {
        "summonerId": 33971439,
        "teamId": 200,
        "championId": 120
      },
      {
        "summonerId": 26551218,
        "teamId": 200,
        "championId": 24
      },
      {
        "summonerId": 20401850,
        "teamId": 100,
        "championId": 121
      },
      {
        "summonerId": 35431930,
        "teamId": 100,
        "championId": 13
      },
      {
        "summonerId": 20874401,
        "teamId": 200,
        "championId": 25
      },
      {
        "summonerId": 42339926,
        "teamId": 200,
        "championId": 29
      }
    ],
    "stats": {
      "level": 16,
      "goldEarned": 12303,
      "numDeaths": 8,
      "minionsKilled": 38,
      "championsKilled": 5,
      "goldSpent": 9250,
      "totalDamageDealt": 38833,
      "totalDamageTaken": 29111,
      "doubleKills": 1,
      "killingSprees": 2,
      "largestKillingSpree": 2,
      "team": 100,
      "win": true,
      "neutralMinionsKilled": 1,
      "largestMultiKill": 2,
      "physicalDamageDealtPlayer": 8746,
      "magicDamageDealtPlayer": 27975,
      "physicalDamageTaken": 14298,
      "magicDamageTaken": 13611,
      "timePlayed": 2030,
      "totalHeal": 671,
      "totalUnitsHealed": 1,
      "assists": 22,
      "item0": 3143,
      "item1": 2045,
      "item2": 3069,
      "item3": 1054,
      "item4": 3117,
      "item5": 3067,
      "item6": 3341,
      "sightWardsBought": 2,
      "magicDamageDealtToChampions": 9956,
      "physicalDamageDealtToChampions": 1468,
      "totalDamageDealtToChampions": 12615,
      "trueDamageDealtPlayer": 2112,
      "trueDamageDealtToChampions": 1190,
      "trueDamageTaken": 1201,
      "wardKilled": 1,
      "wardPlaced": 16,
      "neutralMinionsKilledEnemyJungle": 1,
      "totalTimeCrowdControlDealt": 304
    }
  },
  "33971439": {
    "gameId": 818159927,
    "invalid": false,
    "gameMode": "CLASSIC",
    "gameType": "MATCHED_GAME",
    "subType": "RANKED_SOLO_5x5",
    "mapId": 1,
    "teamId": 200,
    "championId": 120,
    "spell1": 11,
    "spell2": 4,
    "level": 30,
    "ipEarned": 62,
    "createDate": 1398242379370,
    "fellowPlayers": [
      {
        "summonerId": 23481668,
        "teamId": 200,
        "championId": 105
      },
      {
        "summonerId": 34314141,
        "teamId": 100,
        "championId": 59
      },
      {
        "summonerId": 39769807,
        "teamId": 100,
        "championId": 236
      },
      {
        "summonerId": 26551218,
        "teamId": 200,
        "championId": 24
      },
      {
        "summonerId": 20401850,
        "teamId": 100,
        "championId": 121
      },
      {
        "summonerId": 35431930,
        "teamId": 100,
        "championId": 13
      },
      {
        "summonerId": 42973253,
        "teamId": 100,
        "championId": 412
      },
      {
        "summonerId": 20874401,
        "teamId": 200,
        "championId": 25
      },
      {
        "summonerId": 42339926,
        "teamId": 200,
        "championId": 29
      }
    ],
    "stats": {
      "level": 16,
      "goldEarned": 10649,
      "numDeaths": 8,
      "turretsKilled": 1,
      "minionsKilled": 73,
      "championsKilled": 4,
      "goldSpent": 10060,
      "totalDamageDealt": 132303,
      "totalDamageTaken": 39682,
      "killingSprees": 1,
      "largestKillingSpree": 2,
      "team": 200,
      "win": false,
      "neutralMinionsKilled": 71,
      "largestMultiKill": 1,
      "physicalDamageDealtPlayer": 88804,
      "magicDamageDealtPlayer": 26657,
      "physicalDamageTaken": 25898,
      "magicDamageTaken": 12441,
      "timePlayed": 2030,
      "totalHeal": 9150,
      "totalUnitsHealed": 1,
      "assists": 9,
      "item0": 3209,
      "item1": 3068,
      "item2": 3270,
      "item3": 3065,
      "item4": 1011,
      "item6": 3340,
      "magicDamageDealtToChampions": 4771,
      "physicalDamageDealtToChampions": 6813,
      "totalDamageDealtToChampions": 12598,
      "trueDamageDealtPlayer": 16841,
      "trueDamageDealtToChampions": 1012,
      "trueDamageTaken": 1342,
      "wardKilled": 1,
      "wardPlaced": 4,
      "neutralMinionsKilledEnemyJungle": 7,
      "neutralMinionsKilledYourJungle": 64,
      "totalTimeCrowdControlDealt": 268
    }
  },
  "42339926": {
    "gameId": 818159927,
    "invalid": false,
    "gameMode": "CLASSIC",
    "gameType": "MATCHED_GAME",
    "subType": "RANKED_SOLO_5x5",
    "mapId": 1,
    "teamId": 200,
    "championId": 29,
    "spell1": 4,
    "spell2": 7,
    "level": 30,
    "ipEarned": 62,
    "createDate": 1398242379368,
    "fellowPlayers": [
      {
        "summonerId": 23481668,
        "teamId": 200,
        "championId": 105
      },
      {
        "summonerId": 34314141,
        "teamId": 100,
        "championId": 59
      },
      {
        "summonerId": 39769807,
        "teamId": 100,
        "championId": 236
      },
      {
        "summonerId": 33971439,
        "teamId": 200,
        "championId": 120
      },
      {
        "summonerId": 26551218,
        "teamId": 200,
        "championId": 24
      },
      {
        "summonerId": 20401850,
        "teamId": 100,
        "championId": 121
      },
      {
        "summonerId": 35431930,
        "teamId": 100,
        "championId": 13
      },
      {
        "summonerId": 42973253,
        "teamId": 100,
        "championId": 412
      },
      {
        "summonerId": 20874401,
        "teamId": 200,
        "championId": 25
      }
    ],
    "stats": {
      "level": 15,
      "goldEarned": 12040,
      "numDeaths": 12,
      "turretsKilled": 1,
      "minionsKilled": 125,
      "championsKilled": 9,
      "goldSpent": 12115,
      "totalDamageDealt": 104538,
      "totalDamageTaken": 30853,
      "doubleKills": 1,
      "killingSprees": 2,
      "largestKillingSpree": 4,
      "team": 200,
      "win": false,
      "neutralMinionsKilled": 19,
      "largestMultiKill": 2,
      "physicalDamageDealtPlayer": 96014,
      "physicalDamageTaken": 18303,
      "magicDamageTaken": 11971,
      "largestCriticalStrike": 460,
      "timePlayed": 2030,
      "totalHeal": 4716,
      "totalUnitsHealed": 3,
      "assists": 9,
      "item0": 3153,
      "item1": 3046,
      "item2": 3250,
      "item3": 1036,
      "item4": 3031,
      "item6": 3340,
      "physicalDamageDealtToChampions": 18932,
      "totalDamageDealtToChampions": 22996,
      "trueDamageDealtPlayer": 8524,
      "trueDamageDealtToChampions": 4064,
      "trueDamageTaken": 578,
      "wardKilled": 1,
      "wardPlaced": 4,
      "neutralMinionsKilledEnemyJungle": 3,
      "neutralMinionsKilledYourJungle": 16,
      "totalTimeCrowdControlDealt": 272
    }
  },
  "23481668": {
    "gameId": 818159927,
    "invalid": false,
    "gameMode": "CLASSIC",
    "gameType": "MATCHED_GAME",
    "subType": "RANKED_SOLO_5x5",
    "mapId": 1,
    "teamId": 200,
    "championId": 105,
    "spell1": 4,
    "spell2": 14,
    "level": 30,
    "ipEarned": 62,
    "createDate": 1398242379367,
    "fellowPlayers": [
      {
        "summonerId": 34314141,
        "teamId": 100,
        "championId": 59
      },
      {
        "summonerId": 39769807,
        "teamId": 100,
        "championId": 236
      },
      {
        "summonerId": 33971439,
        "teamId": 200,
        "championId": 120
      },
      {
        "summonerId": 26551218,
        "teamId": 200,
        "championId": 24
      },
      {
        "summonerId": 20401850,
        "teamId": 100,
        "championId": 121
      },
      {
        "summonerId": 35431930,
        "teamId": 100,
        "championId": 13
      },
      {
        "summonerId": 42973253,
        "teamId": 100,
        "championId": 412
      },
      {
        "summonerId": 20874401,
        "teamId": 200,
        "championId": 25
      },
      {
        "summonerId": 42339926,
        "teamId": 200,
        "championId": 29
      }
    ],
    "stats": {
      "level": 17,
      "goldEarned": 12063,
      "numDeaths": 8,
      "turretsKilled": 1,
      "minionsKilled": 129,
      "championsKilled": 9,
      "goldSpent": 11995,
      "totalDamageDealt": 121119,
      "totalDamageTaken": 31280,
      "doubleKills": 1,
      "killingSprees": 4,
      "largestKillingSpree": 2,
      "team": 200,
      "win": false,
      "neutralMinionsKilled": 21,
      "largestMultiKill": 2,
      "physicalDamageDealtPlayer": 23888,
      "magicDamageDealtPlayer": 96553,
      "physicalDamageTaken": 19650,
      "magicDamageTaken": 11046,
      "timePlayed": 2030,
      "totalHeal": 1686,
      "totalUnitsHealed": 1,
      "assists": 6,
      "item0": 3089,
      "item2": 3255,
      "item3": 3100,
      "item4": 3083,
      "item6": 3340,
      "magicDamageDealtToChampions": 15118,
      "physicalDamageDealtToChampions": 3033,
      "totalDamageDealtToChampions": 18830,
      "trueDamageDealtPlayer": 678,
      "trueDamageDealtToChampions": 678,
      "trueDamageTaken": 583,
      "wardPlaced": 10,
      "neutralMinionsKilledEnemyJungle": 1,
      "neutralMinionsKilledYourJungle": 20,
      "totalTimeCrowdControlDealt": 349
    }
  },
  "35431930": {
    "gameId": 818159927,
    "invalid": false,
    "gameMode": "CLASSIC",
    "gameType": "MATCHED_GAME",
    "subType": "RANKED_SOLO_5x5",
    "mapId": 1,
    "teamId": 100,
    "championId": 13,
    "spell1": 12,
    "spell2": 4,
    "level": 30,
    "ipEarned": 94,
    "createDate": 1398242379363,
    "fellowPlayers": [
      {
        "summonerId": 23481668,
        "teamId": 200,
        "championId": 105
      },
      {
        "summonerId": 34314141,
        "teamId": 100,
        "championId": 59
      },
      {
        "summonerId": 39769807,
        "teamId": 100,
        "championId": 236
      },
      {
        "summonerId": 33971439,
        "teamId": 200,
        "championId": 120
      },
      {
        "summonerId": 26551218,
        "teamId": 200,
        "championId": 24
      },
      {
        "summonerId": 20401850,
        "teamId": 100,
        "championId": 121
      },
      {
        "summonerId": 42973253,
        "teamId": 100,
        "championId": 412
      },
      {
        "summonerId": 20874401,
        "teamId": 200,
        "championId": 25
      },
      {
        "summonerId": 42339926,
        "teamId": 200,
        "championId": 29
      }
    ],
    "stats": {
      "level": 18,
      "goldEarned": 14577,
      "numDeaths": 5,
      "turretsKilled": 1,
      "minionsKilled": 181,
      "championsKilled": 13,
      "goldSpent": 13565,
      "totalDamageDealt": 151784,
      "totalDamageTaken": 30383,
      "doubleKills": 2,
      "tripleKills": 1,
      "killingSprees": 3,
      "largestKillingSpree": 5,
      "team": 100,
      "win": true,
      "neutralMinionsKilled": 17,
      "largestMultiKill": 3,
      "physicalDamageDealtPlayer": 25140,
      "magicDamageDealtPlayer": 125149,
      "physicalDamageTaken": 17826,
      "magicDamageTaken": 10337,
      "timePlayed": 2030,
      "totalHeal": 827,
      "totalUnitsHealed": 1,
      "assists": 10,
      "item0": 3027,
      "item1": 3040,
      "item2": 3020,
      "item3": 3152,
      "item4": 3110,
      "item5": 3067,
      "item6": 3340,
      "magicDamageDealtToChampions": 36390,
      "physicalDamageDealtToChampions": 2812,
      "totalDamageDealtToChampions": 39632,
      "trueDamageDealtPlayer": 1494,
      "trueDamageDealtToChampions": 430,
      "trueDamageTaken": 2220,
      "wardPlaced": 5,
      "neutralMinionsKilledEnemyJungle": 5,
      "neutralMinionsKilledYourJungle": 12,
      "totalTimeCrowdControlDealt": 710
    }
  },
  "20401850": {
    "gameId": 818159927,
    "invalid": false,
    "gameMode": "CLASSIC",
    "gameType": "MATCHED_GAME",
    "subType": "RANKED_SOLO_5x5",
    "mapId": 1,
    "teamId": 100,
    "championId": 121,
    "spell1": 11,
    "spell2": 4,
    "level": 30,
    "ipEarned": 94,
    "createDate": 1398242379365,
    "fellowPlayers": [
      {
        "summonerId": 23481668,
        "teamId": 200,
        "championId": 105
      },
      {
        "summonerId": 34314141,
        "teamId": 100,
        "championId": 59
      },
      {
        "summonerId": 39769807,
        "teamId": 100,
        "championId": 236
      },
      {
        "summonerId": 33971439,
        "teamId": 200,
        "championId": 120
      },
      {
        "summonerId": 26551218,
        "teamId": 200,
        "championId": 24
      },
      {
        "summonerId": 35431930,
        "teamId": 100,
        "championId": 13
      },
      {
        "summonerId": 42973253,
        "teamId": 100,
        "championId": 412
      },
      {
        "summonerId": 20874401,
        "teamId": 200,
        "championId": 25
      },
      {
        "summonerId": 42339926,
        "teamId": 200,
        "championId": 29
      }
    ],
    "stats": {
      "level": 16,
      "goldEarned": 11392,
      "numDeaths": 8,
      "barracksKilled": 1,
      "turretsKilled": 1,
      "minionsKilled": 17,
      "championsKilled": 10,
      "goldSpent": 11215,
      "totalDamageDealt": 98173,
      "totalDamageTaken": 26687,
      "killingSprees": 3,
      "largestKillingSpree": 3,
      "team": 100,
      "win": true,
      "neutralMinionsKilled": 57,
      "largestMultiKill": 1,
      "physicalDamageDealtPlayer": 89456,
      "magicDamageDealtPlayer": 3395,
      "physicalDamageTaken": 18642,
      "magicDamageTaken": 7097,
      "timePlayed": 2030,
      "totalHeal": 3124,
      "totalUnitsHealed": 1,
      "assists": 11,
      "item0": 3275,
      "item1": 3072,
      "item2": 3044,
      "item3": 3071,
      "item4": 1042,
      "item5": 3057,
      "item6": 3340,
      "magicDamageDealtToChampions": 1460,
      "physicalDamageDealtToChampions": 16775,
      "totalDamageDealtToChampions": 18296,
      "trueDamageDealtPlayer": 5322,
      "trueDamageDealtToChampions": 60,
      "trueDamageTaken": 947,
      "wardPlaced": 6,
      "neutralMinionsKilledEnemyJungle": 4,
      "neutralMinionsKilledYourJungle": 53,
      "totalTimeCrowdControlDealt": 391
    }
  }
}