{
  "27135072": {
    "gameId": 818160638,
    "invalid": false,
    "gameMode": "ARAM",
    "gameType": "MATCHED_GAME",
    "subType": "ARAM_UNRANKED_5x5",
    "mapId": 12,
    "teamId": 100,
    "championId": 55,
    "spell1": 21,
    "spell2": 4,
    "level": 30,
    "ipEarned": 45,
    "createDate": 1398241943865,
    "fellowPlayers": [
      {
        "summonerId": 36117595,
        "teamId": 200,
        "championId": 80
      },
      {
        "summonerId": 32707114,
        "teamId": 200,
        "championId": 41
      },
      {
        "summonerId": 43101881,
        "teamId": 100,
        "championId": 267
      },
      {
        "summonerId": 35447125,
        "teamId": 200,
        "championId": 133
      },
      {
        "summonerId": 20888905,
        "teamId": 100,
        "championId": 114
      },
      {
        "summonerId": 25823291,
        "teamId": 200,
        "championId": 83
      },
      {
        "summonerId": 35815690,
        "teamId": 200,
        "championId": 43
      },
      {
        "summonerId": 36121541,
        "teamId": 100,
        "championId": 62
      },
      {
        "summonerId": 30433100,
        "teamId": 100,
        "championId": 58
      }
    ],
    "stats": {
      "level": 17,
      "goldEarned": 11221,
      "numDeaths": 15,
      "minionsKilled": 40,
      "championsKilled": 12,
      "goldSpent": 10700,
      "totalDamageDealt": 76338,
      "totalDamageTaken": 30905,
      "doubleKills": 3,
      "killingSprees": 5,
      "largestKillingSpree": 2,
      "team": 100,
      "win": false,
      "largestMultiKill": 2,
      "physicalDamageDealtPlayer": 5268,
      "magicDamageDealtPlayer": 71070,
      "physicalDamageTaken": 21310,
      "magicDamageTaken": 9457,
      "timePlayed": 1333,
      "totalHeal": 1480,
      "totalUnitsHealed": 1,
      "assists": 14,
      "item0": 3157,
      "item1": 3020,
      "item2": 3151,
      "item3": 3089,
      "magicDamageDealtToChampions": 37533,
      "physicalDamageDealtToChampions": 1352,
      "totalDamageDealtToChampions": 38885,
      "trueDamageTaken": 138,
      "totalTimeCrowdControlDealt": 321
    }
  },
  "summonerCount": 10,
  "32707114": {
    "gameId": 818160638,
    "invalid": false,
    "gameMode": "ARAM",
    "gameType": "MATCHED_GAME",
    "subType": "ARAM_UNRANKED_5x5",
    "mapId": 12,
    "teamId": 200,
    "championId": 41,
    "spell1": 4,
    "spell2": 7,
    "level": 30,
    "ipEarned": 66,
    "createDate": 1398241943872,
    "fellowPlayers": [
      {
        "summonerId": 36117595,
        "teamId": 200,
        "championId": 80
      },
      {
        "summonerId": 43101881,
        "teamId": 100,
        "championId": 267
      },
      {
        "summonerId": 35447125,
        "teamId": 200,
        "championId": 133
      },
      {
        "summonerId": 20888905,
        "teamId": 100,
        "championId": 114
      },
      {
        "summonerId": 25823291,
        "teamId": 200,
        "championId": 83
      },
      {
        "summonerId": 27135072,
        "teamId": 100,
        "championId": 55
      },
      {
        "summonerId": 35815690,
        "teamId": 200,
        "championId": 43
      },
      {
        "summonerId": 36121541,
        "teamId": 100,
        "championId": 62
      },
      {
        "summonerId": 30433100,
        "teamId": 100,
        "championId": 58
      }
    ],
    "stats": {
      "level": 18,
      "goldEarned": 12276,
      "numDeaths": 7,
      "turretsKilled": 1,
      "minionsKilled": 42,
      "championsKilled": 12,
      "goldSpent": 10175,
      "totalDamageDealt": 58642,
      "totalDamageTaken": 26175,
      "doubleKills": 1,
      "killingSprees": 2,
      "largestKillingSpree": 5,
      "team": 200,
      "win": true,
      "largestMultiKill": 2,
      "physicalDamageDealtPlayer": 33937,
      "magicDamageDealtPlayer": 24704,
      "physicalDamageTaken": 14131,
      "magicDamageTaken": 12043,
      "largestCriticalStrike": 554,
      "timePlayed": 1333,
      "totalHeal": 10700,
      "totalUnitsHealed": 3,
      "assists": 31,
      "item0": 3031,
      "item1": 3087,
      "item2": 3086,
      "item3": 3044,
      "item4": 3070,
      "item5": 1001,
      "item6": 2052,
      "magicDamageDealtToChampions": 11464,
      "physicalDamageDealtToChampions": 19422,
      "totalDamageDealtToChampions": 30886,
      "totalTimeCrowdControlDealt": 624
    }
  },
  "35447125": {
    "gameId": 818160638,
    "invalid": false,
    "gameMode": "ARAM",
    "gameType": "MATCHED_GAME",
    "subType": "ARAM_UNRANKED_5x5",
    "mapId": 12,
    "teamId": 200,
    "championId": 133,
    "spell1": 4,
    "spell2": 7,
    "level": 30,
    "ipEarned": 66,
    "createDate": 1398241943870,
    "fellowPlayers": [
      {
        "summonerId": 36117595,
        "teamId": 200,
        "championId": 80
      },
      {
        "summonerId": 32707114,
        "teamId": 200,
        "championId": 41
      },
      {
        "summonerId": 43101881,
        "teamId": 100,
        "championId": 267
      },
      {
        "summonerId": 20888905,
        "teamId": 100,
        "championId": 114
      },
      {
        "summonerId": 25823291,
        "teamId": 200,
        "championId": 83
      },
      {
        "summonerId": 27135072,
        "teamId": 100,
        "championId": 55
      },
      {
        "summonerId": 35815690,
        "teamId": 200,
        "championId": 43
      },
      {
        "summonerId": 36121541,
        "teamId": 100,
        "championId": 62
      },
      {
        "summonerId": 30433100,
        "teamId": 100,
        "championId": 58
      }
    ],
    "stats": {
      "level": 16,
      "goldEarned": 11098,
      "numDeaths": 7,
      "barracksKilled": 1,
      "minionsKilled": 33,
      "championsKilled": 8,
      "goldSpent": 10563,
      "totalDamageDealt": 43214,
      "totalDamageTaken": 17863,
      "doubleKills": 2,
      "killingSprees": 3,
      "largestKillingSpree": 3,
      "team": 200,
      "win": true,
      "largestMultiKill": 2,
      "physicalDamageDealtPlayer": 43214,
      "physicalDamageTaken": 9652,
      "magicDamageTaken": 8210,
      "largestCriticalStrike": 786,
      "timePlayed": 1333,
      "totalHeal": 2327,
      "totalUnitsHealed": 4,
      "assists": 23,
      "item0": 3153,
      "item1": 3181,
      "item2": 3078,
      "item3": 3086,
      "item6": 2052,
      "physicalDamageDealtToChampions": 20861,
      "totalDamageDealtToChampions": 20861,
      "totalTimeCrowdControlDealt": 94
    }
  },
  "25823291": {
    "gameId": 818160638,
    "invalid": false,
    "gameMode": "ARAM",
    "gameType": "MATCHED_GAME",
    "subType": "ARAM_UNRANKED_5x5",
    "mapId": 12,
    "teamId": 200,
    "championId": 83,
    "spell1": 4,
    "spell2": 7,
    "level": 30,
    "ipEarned": 66,
    "createDate": 1398241943871,
    "fellowPlayers": [
      {
        "summonerId": 36117595,
        "teamId": 200,
        "championId": 80
      },
      {
        "summonerId": 32707114,
        "teamId": 200,
        "championId": 41
      },
      {
        "summonerId": 43101881,
        "teamId": 100,
        "championId": 267
      },
      {
        "summonerId": 35447125,
        "teamId": 200,
        "championId": 133
      },
      {
        "summonerId": 20888905,
        "teamId": 100,
        "championId": 114
      },
      {
        "summonerId": 27135072,
        "teamId": 100,
        "championId": 55
      },
      {
        "summonerId": 35815690,
        "teamId": 200,
        "championId": 43
      },
      {
        "summonerId": 36121541,
        "teamId": 100,
        "championId": 62
      },
      {
        "summonerId": 30433100,
        "teamId": 100,
        "championId": 58
      }
    ],
    "stats": {
      "level": 17,
      "goldEarned": 11378,
      "numDeaths": 7,
      "turretsKilled": 1,
      "minionsKilled": 26,
      "championsKilled": 6,
      "goldSpent": 10525,
      "totalDamageDealt": 38418,
      "totalDamageTaken": 21290,
      "doubleKills": 1,
      "killingSprees": 2,
      "largestKillingSpree": 2,
      "team": 200,
      "win": true,
      "largestMultiKill": 2,
      "physicalDamageDealtPlayer": 26712,
      "magicDamageDealtPlayer": 11706,
      "physicalDamageTaken": 8873,
      "magicDamageTaken": 12417,
      "timePlayed": 1333,
      "totalHeal": 6900,
      "totalUnitsHealed": 3,
      "assists": 35,
      "item0": 3004,
      "item1": 3110,
      "item2": 3065,
      "item3": 3025,
      "item6": 2052,
      "magicDamageDealtToChampions": 7299,
      "physicalDamageDealtToChampions": 13228,
      "totalDamageDealtToChampions": 20527,
      "totalTimeCrowdControlDealt": 1167
    }
  },
  "36117595": {
    "gameId": 818160638,
    "invalid": false,
    "gameMode": "ARAM",
    "gameType": "MATCHED_GAME",
    "subType": "ARAM_UNRANKED_5x5",
    "mapId": 12,
    "teamId": 200,
    "championId": 80,
    "spell1": 21,
    "spell2": 14,
    "level": 30,
    "ipEarned": 66,
    "createDate": 1398241943873,
    "fellowPlayers": [
      {
        "summonerId": 32707114,
        "teamId": 200,
        "championId": 41
      },
      {
        "summonerId": 43101881,
        "teamId": 100,
        "championId": 267
      },
      {
        "summonerId": 35447125,
        "teamId": 200,
        "championId": 133
      },
      {
        "summonerId": 20888905,
        "teamId": 100,
        "championId": 114
      },
      {
        "summonerId": 25823291,
        "teamId": 200,
        "championId": 83
      },
      {
        "summonerId": 27135072,
        "teamId": 100,
        "championId": 55
      },
      {
        "summonerId": 35815690,
        "teamId": 200,
        "championId": 43
      },
      {
        "summonerId": 36121541,
        "teamId": 100,
        "championId": 62
      },
      {
        "summonerId": 30433100,
        "teamId": 100,
        "championId": 58
      }
    ],
    "stats": {
      "level": 17,
      "goldEarned": 11638,
      "numDeaths": 7,
      "minionsKilled": 22,
      "championsKilled": 20,
      "goldSpent": 10635,
      "totalDamageDealt": 42166,
      "totalDamageTaken": 22450,
      "doubleKills": 3,
      "killingSprees": 4,
      "largestKillingSpree": 7,
      "team": 200,
      "win": true,
      "largestMultiKill": 2,
      "physicalDamageDealtPlayer": 39304,
      "magicDamageDealtPlayer": 2140,
      "physicalDamageTaken": 8982,
      "magicDamageTaken": 13467,
      "largestCriticalStrike": 710,
      "timePlayed": 1333,
      "totalHeal": 4204,
      "totalUnitsHealed": 1,
      "assists": 19,
      "item0": 3071,
      "item1": 3158,
      "item2": 3031,
      "item3": 3181,
      "item4": 2003,
      "item6": 2052,
      "magicDamageDealtToChampions": 1832,
      "physicalDamageDealtToChampions": 24630,
      "totalDamageDealtToChampions": 27184,
      "trueDamageDealtPlayer": 722,
      "trueDamageDealtToChampions": 722,
      "totalTimeCrowdControlDealt": 33
    }
  },
  "20888905": {
    "gameId": 818160638,
    "invalid": false,
    "gameMode": "ARAM",
    "gameType": "MATCHED_GAME",
    "subType": "ARAM_UNRANKED_5x5",
    "mapId": 12,
    "teamId": 100,
    "championId": 114,
    "spell1": 7,
    "spell2": 4,
    "level": 30,
    "ipEarned": 45,
    "createDate": 1398241943866,
    "fellowPlayers": [
      {
        "summonerId": 36117595,
        "teamId": 200,
        "championId": 80
      },
      {
        "summonerId": 32707114,
        "teamId": 200,
        "championId": 41
      },
      {
        "summonerId": 43101881,
        "teamId": 100,
        "championId": 267
      },
      {
        "summonerId": 35447125,
        "teamId": 200,
        "championId": 133
      },
      {
        "summonerId": 25823291,
        "teamId": 200,
        "championId": 83
      },
      {
        "summonerId": 27135072,
        "teamId": 100,
        "championId": 55
      },
      {
        "summonerId": 35815690,
        "teamId": 200,
        "championId": 43
      },
      {
        "summonerId": 36121541,
        "teamId": 100,
        "championId": 62
      },
      {
        "summonerId": 30433100,
        "teamId": 100,
        "championId": 58
      }
    ],
    "stats": {
      "level": 17,
      "goldEarned": 11711,
      "numDeaths": 13,
      "turretsKilled": 1,
      "minionsKilled": 78,
      "championsKilled": 11,
      "goldSpent": 11150,
      "totalDamageDealt": 78854,
      "totalDamageTaken": 36744,
      "doubleKills": 2,
      "killingSprees": 2,
      "largestKillingSpree": 3,
      "team": 100,
      "win": false,
      "largestMultiKill": 2,
      "physicalDamageDealtPlayer": 75737,
      "magicDamageDealtPlayer": 3116,
      "physicalDamageTaken": 23733,
      "magicDamageTaken": 12866,
      "timePlayed": 1333,
      "totalHeal": 3995,
      "totalUnitsHealed": 5,
      "assists": 9,
      "item0": 3254,
      "item1": 3074,
      "item2": 3181,
      "item3": 3156,
      "item4": 1011,
      "magicDamageDealtToChampions": 1291,
      "physicalDamageDealtToChampions": 23966,
      "totalDamageDealtToChampions": 25257,
      "trueDamageTaken": 144,
      "totalTimeCrowdControlDealt": 378
    }
  },
  "43101881": {
    "gameId": 818160638,
    "invalid": false,
    "gameMode": "ARAM",
    "gameType": "MATCHED_GAME",
    "subType": "ARAM_UNRANKED_5x5",
    "mapId": 12,
    "teamId": 100,
    "championId": 267,
    "spell1": 21,
    "spell2": 7,
    "level": 27,
    "ipEarned": 45,
    "createDate": 1398241943867,
    "fellowPlayers": [
      {
        "summonerId": 36117595,
        "teamId": 200,
        "championId": 80
      },
      {
        "summonerId": 32707114,
        "teamId": 200,
        "championId": 41
      },
      {
        "summonerId": 35447125,
        "teamId": 200,
        "championId": 133
      },
      {
        "summonerId": 20888905,
        "teamId": 100,
        "championId": 114
      },
      {
        "summonerId": 25823291,
        "teamId": 200,
        "championId": 83
      },
      {
        "summonerId": 27135072,
        "teamId": 100,
        "championId": 55
      },
      {
        "summonerId": 35815690,
        "teamId": 200,
        "championId": 43
      },
      {
        "summonerId": 36121541,
        "teamId": 100,
        "championId": 62
      },
      {
        "summonerId": 30433100,
        "teamId": 100,
        "championId": 58
      }
    ],
    "stats": {
      "level": 17,
      "goldEarned": 10104,
      "numDeaths": 9,
      "minionsKilled": 31,
      "championsKilled": 1,
      "goldSpent": 8935,
      "totalDamageDealt": 32587,
      "totalDamageTaken": 19153,
      "team": 100,
      "win": false,
      "largestMultiKill": 1,
      "physicalDamageDealtPlayer": 7627,
      "magicDamageDealtPlayer": 24960,
      "physicalDamageTaken": 12296,
      "magicDamageTaken": 6566,
      "timePlayed": 1333,
      "totalHeal": 10952,
      "totalUnitsHealed": 5,
      "assists": 23,
      "item0": 3174,
      "item1": 3222,
      "item2": 3191,
      "item3": 3158,
      "item4": 3060,
      "item6": 2052,
      "magicDamageDealtToChampions": 7267,
      "physicalDamageDealtToChampions": 1367,
      "totalDamageDealtToChampions": 8634,
      "trueDamageTaken": 290,
      "totalTimeCrowdControlDealt": 417
    }
  },
  "30433100": {
    "gameId": 818160638,
    "invalid": false,
    "gameMode": "ARAM",
    "gameType": "MATCHED_GAME",
    "subType": "ARAM_UNRANKED_5x5",
    "mapId": 12,
    "teamId": 100,
    "championId": 58,
    "spell1": 7,
    "spell2": 4,
    "level": 30,
    "ipEarned": 45,
    "createDate": 1398241943869,
    "fellowPlayers": [
      {
        "summonerId": 36117595,
        "teamId": 200,
        "championId": 80
      },
      {
        "summonerId": 32707114,
        "teamId": 200,
        "championId": 41
      },
      {
        "summonerId": 43101881,
        "teamId": 100,
        "championId": 267
      },
      {
        "summonerId": 35447125,
        "teamId": 200,
        "championId": 133
      },
      {
        "summonerId": 20888905,
        "teamId": 100,
        "championId": 114
      },
      {
        "summonerId": 25823291,
        "teamId": 200,
        "championId": 83
      },
      {
        "summonerId": 27135072,
        "teamId": 100,
        "championId": 55
      },
      {
        "summonerId": 35815690,
        "teamId": 200,
        "championId": 43
      },
      {
        "summonerId": 36121541,
        "teamId": 100,
        "championId": 62
      }
    ],
    "stats": {
      "level": 17,
      "goldEarned": 10830,
      "numDeaths": 15,
      "minionsKilled": 41,
      "championsKilled": 8,
      "goldSpent": 9905,
      "totalDamageDealt": 60298,
      "totalDamageTaken": 50601,
      "doubleKills": 2,
      "tripleKills": 1,
      "killingSprees": 3,
      "largestKillingSpree": 3,
      "team": 100,
      "win": false,
      "largestMultiKill": 3,
      "physicalDamageDealtPlayer": 37854,
      "magicDamageDealtPlayer": 22443,
      "physicalDamageTaken": 35575,
      "magicDamageTaken": 14876,
      "timePlayed": 1333,
      "totalHeal": 7006,
      "totalUnitsHealed": 4,
      "assists": 15,
      "item0": 3068,
      "item1": 2051,
      "item2": 3065,
      "item3": 3111,
      "item4": 1011,
      "item5": 3082,
      "item6": 2052,
      "magicDamageDealtToChampions": 6378,
      "physicalDamageDealtToChampions": 12631,
      "totalDamageDealtToChampions": 19010,
      "trueDamageTaken": 150,
      "totalTimeCrowdControlDealt": 337
    }
  },
  "35815690": {
    "gameId": 818160638,
    "invalid": false,
    "gameMode": "ARAM",
    "gameType": "MATCHED_GAME",
    "subType": "ARAM_UNRANKED_5x5",
    "mapId": 12,
    "teamId": 200,
    "championId": 43,
    "spell1": 7,
    "spell2": 21,
    "level": 30,
    "ipEarned": 66,
    "createDate": 1398241943870,
    "fellowPlayers": [
      {
        "summonerId": 36117595,
        "teamId": 200,
        "championId": 80
      },
      {
        "summonerId": 32707114,
        "teamId": 200,
        "championId": 41
      },
      {
        "summonerId": 43101881,
        "teamId": 100,
        "championId": 267
      },
      {
        "summonerId": 35447125,
        "teamId": 200,
        "championId": 133
      },
      {
        "summonerId": 20888905,
        "teamId": 100,
        "championId": 114
      },
      {
        "summonerId": 25823291,
        "teamId": 200,
        "championId": 83
      },
      {
        "summonerId": 27135072,
        "teamId": 100,
        "championId": 55
      },
      {
        "summonerId": 36121541,
        "teamId": 100,
        "championId": 62
      },
      {
        "summonerId": 30433100,
        "teamId": 100,
        "championId": 58
      }
    ],
    "stats": {
      "level": 18,
      "goldEarned": 12409,
      "numDeaths": 7,
      "barracksKilled": 1,
      "turretsKilled": 1,
      "minionsKilled": 45,
      "championsKilled": 9,
      "goldSpent": 10875,
      "totalDamageDealt": 72594,
      "totalDamageTaken": 18991,
      "doubleKills": 1,
      "killingSprees": 3,
      "largestKillingSpree": 4,
      "team": 200,
      "win": true,
      "largestMultiKill": 2,
      "physicalDamageDealtPlayer": 11710,
      "magicDamageDealtPlayer": 60883,
      "physicalDamageTaken": 11794,
      "magicDamageTaken": 7196,
      "timePlayed": 1333,
      "totalHeal": 6357,
      "totalUnitsHealed": 4,
      "assists": 37,
      "item0": 3174,
      "item1": 1056,
      "item2": 3020,
      "item3": 3089,
      "item4": 3135,
      "item5": 1029,
      "item6": 2052,
      "magicDamageDealtToChampions": 27202,
      "physicalDamageDealtToChampions": 3596,
      "totalDamageDealtToChampions": 30798,
      "totalTimeCrowdControlDealt": 298
    }
  },
  "27135072": {
    "gameId": 818160638,
    "invalid": false,
    "gameMode": "ARAM",
    "gameType": "MATCHED_GAME",
    "subType": "ARAM_UNRANKED_5x5",
    "mapId": 12,
    "teamId": 100,
    "championId": 55,
    "spell1": 21,
    "spell2": 4,
    "level": 30,
    "ipEarned": 45,
    "createDate": 1398241943865,
    "fellowPlayers": [
      {
        "summonerId": 36117595,
        "teamId": 200,
        "championId": 80
      },
      {
        "summonerId": 32707114,
        "teamId": 200,
        "championId": 41
      },
      {
        "summonerId": 43101881,
        "teamId": 100,
        "championId": 267
      },
      {
        "summonerId": 35447125,
        "teamId": 200,
        "championId": 133
      },
      {
        "summonerId": 20888905,
        "teamId": 100,
        "championId": 114
      },
      {
        "summonerId": 25823291,
        "teamId": 200,
        "championId": 83
      },
      {
        "summonerId": 35815690,
        "teamId": 200,
        "championId": 43
      },
      {
        "summonerId": 36121541,
        "teamId": 100,
        "championId": 62
      },
      {
        "summonerId": 30433100,
        "teamId": 100,
        "championId": 58
      }
    ],
    "stats": {
      "level": 17,
      "goldEarned": 11221,
      "numDeaths": 15,
      "minionsKilled": 40,
      "championsKilled": 12,
      "goldSpent": 10700,
      "totalDamageDealt": 76338,
      "totalDamageTaken": 30905,
      "doubleKills": 3,
      "killingSprees": 5,
      "largestKillingSpree": 2,
      "team": 100,
      "win": false,
      "largestMultiKill": 2,
      "physicalDamageDealtPlayer": 5268,
      "magicDamageDealtPlayer": 71070,
      "physicalDamageTaken": 21310,
      "magicDamageTaken": 9457,
      "timePlayed": 1333,
      "totalHeal": 1480,
      "totalUnitsHealed": 1,
      "assists": 14,
      "item0": 3157,
      "item1": 3020,
      "item2": 3151,
      "item3": 3089,
      "magicDamageDealtToChampions": 37533,
      "physicalDamageDealtToChampions": 1352,
      "totalDamageDealtToChampions": 38885,
      "trueDamageTaken": 138,
      "totalTimeCrowdControlDealt": 321
    }
  }
}