{
  "35768702": {
    "gameId": 818168327,
    "invalid": false,
    "gameMode": "CLASSIC",
    "gameType": "MATCHED_GAME",
    "subType": "RANKED_SOLO_5x5",
    "mapId": 1,
    "teamId": 100,
    "championId": 1,
    "spell1": 3,
    "spell2": 4,
    "level": 30,
    "ipEarned": 117,
    "createDate": 1398243391820,
    "fellowPlayers": [
      {
        "summonerId": 19237780,
        "teamId": 100,
        "championId": 29
      },
      {
        "summonerId": 21651368,
        "teamId": 200,
        "championId": 119
      },
      {
        "summonerId": 26073942,
        "teamId": 200,
        "championId": 11
      },
      {
        "summonerId": 24281529,
        "teamId": 200,
        "championId": 37
      },
      {
        "summonerId": 29723830,
        "teamId": 100,
        "championId": 64
      },
      {
        "summonerId": 22397922,
        "teamId": 200,
        "championId": 115
      },
      {
        "summonerId": 42355377,
        "teamId": 100,
        "championId": 59
      },
      {
        "summonerId": 33536579,
        "teamId": 100,
        "championId": 10
      },
      {
        "summonerId": 22835356,
        "teamId": 200,
        "championId": 98
      }
    ],
    "stats": {
      "level": 17,
      "goldEarned": 12561,
      "numDeaths": 7,
      "minionsKilled": 59,
      "championsKilled": 1,
      "goldSpent": 11315,
      "totalDamageDealt": 81961,
      "totalDamageTaken": 29281,
      "team": 100,
      "win": true,
      "largestMultiKill": 1,
      "physicalDamageDealtPlayer": 14306,
      "magicDamageDealtPlayer": 67655,
      "physicalDamageTaken": 13594,
      "magicDamageTaken": 15149,
      "timePlayed": 2610,
      "totalHeal": 1858,
      "totalUnitsHealed": 1,
      "assists": 19,
      "item0": 3303,
      "item1": 1026,
      "item2": 3089,
      "item3": 3027,
      "item4": 3255,
      "item5": 1011,
      "item6": 3340,
      "visionWardsBought": 1,
      "magicDamageDealtToChampions": 23091,
      "physicalDamageDealtToChampions": 1969,
      "totalDamageDealtToChampions": 25061,
      "trueDamageTaken": 538,
      "wardPlaced": 10,
      "totalTimeCrowdControlDealt": 71
    }
  },
  "summonerCount": 10,
  "19237780": {
    "gameId": 818168327,
    "invalid": false,
    "gameMode": "CLASSIC",
    "gameType": "MATCHED_GAME",
    "subType": "RANKED_SOLO_5x5",
    "mapId": 1,
    "teamId": 100,
    "championId": 29,
    "spell1": 4,
    "spell2": 7,
    "level": 30,
    "ipEarned": 117,
    "createDate": 1398243391822,
    "fellowPlayers": [
      {
        "summonerId": 21651368,
        "teamId": 200,
        "championId": 119
      },
      {
        "summonerId": 26073942,
        "teamId": 200,
        "championId": 11
      },
      {
        "summonerId": 24281529,
        "teamId": 200,
        "championId": 37
      },
      {
        "summonerId": 29723830,
        "teamId": 100,
        "championId": 64
      },
      {
        "summonerId": 35768702,
        "teamId": 100,
        "championId": 1
      },
      {
        "summonerId": 22397922,
        "teamId": 200,
        "championId": 115
      },
      {
        "summonerId": 42355377,
        "teamId": 100,
        "championId": 59
      },
      {
        "summonerId": 33536579,
        "teamId": 100,
        "championId": 10
      },
      {
        "summonerId": 22835356,
        "teamId": 200,
        "championId": 98
      }
    ],
    "stats": {
      "level": 18,
      "goldEarned": 17354,
      "numDeaths": 13,
      "barracksKilled": 1,
      "turretsKilled": 3,
      "minionsKilled": 132,
      "championsKilled": 20,
      "goldSpent": 23195,
      "totalDamageDealt": 129337,
      "totalDamageTaken": 41111,
      "doubleKills": 2,
      "killingSprees": 6,
      "largestKillingSpree": 6,
      "team": 100,
      "win": true,
      "neutralMinionsKilled": 11,
      "largestMultiKill": 2,
      "physicalDamageDealtPlayer": 119614,
      "physicalDamageTaken": 18758,
      "magicDamageTaken": 22153,
      "largestCriticalStrike": 800,
      "timePlayed": 2610,
      "totalHeal": 4988,
      "totalUnitsHealed": 2,
      "assists": 9,
      "item0": 3085,
      "item1": 3072,
      "item2": 3006,
      "item3": 3046,
      "item4": 3031,
      "item5": 3087,
      "item6": 3340,
      "physicalDamageDealtToChampions": 34696,
      "totalDamageDealtToChampions": 41243,
      "trueDamageDealtPlayer": 9723,
      "trueDamageDealtToChampions": 6547,
      "trueDamageTaken": 200,
      "wardKilled": 2,
      "wardPlaced": 9,
      "neutralMinionsKilledEnemyJungle": 3,
      "neutralMinionsKilledYourJungle": 8,
      "totalTimeCrowdControlDealt": 238
    }
  },
  "42355377": {
    "gameId": 818168327,
    "invalid": false,
    "gameMode": "CLASSIC",
    "gameType": "MATCHED_GAME",
    "subType": "RANKED_SOLO_5x5",
    "mapId": 1,
    "teamId": 100,
    "championId": 59,
    "spell1": 14,
    "spell2": 4,
    "level": 30,
    "ipEarned": 117,
    "createDate": 1398243391818,
    "fellowPlayers": [
      {
        "summonerId": 19237780,
        "teamId": 100,
        "championId": 29
      },
      {
        "summonerId": 21651368,
        "teamId": 200,
        "championId": 119
      },
      {
        "summonerId": 26073942,
        "teamId": 200,
        "championId": 11
      },
      {
        "summonerId": 24281529,
        "teamId": 200,
        "championId": 37
      },
      {
        "summonerId": 29723830,
        "teamId": 100,
        "championId": 64
      },
      {
        "summonerId": 35768702,
        "teamId": 100,
        "championId": 1
      },
      {
        "summonerId": 22397922,
        "teamId": 200,
        "championId": 115
      },
      {
        "summonerId": 33536579,
        "teamId": 100,
        "championId": 10
      },
      {
        "summonerId": 22835356,
        "teamId": 200,
        "championId": 98
      }
    ],
    "stats": {
      "level": 18,
      "goldEarned": 15462,
      "numDeaths": 4,
      "turretsKilled": 2,
      "minionsKilled": 183,
      "championsKilled": 5,
      "goldSpent": 14600,
      "totalDamageDealt": 135071,
      "totalDamageTaken": 41077,
      "doubleKills": 1,
      "killingSprees": 1,
      "largestKillingSpree": 3,
      "team": 100,
      "win": true,
      "neutralMinionsKilled": 11,
      "largestMultiKill": 2,
      "physicalDamageDealtPlayer": 112819,
      "magicDamageDealtPlayer": 18426,
      "physicalDamageTaken": 16494,
      "magicDamageTaken": 22714,
      "timePlayed": 2610,
      "totalHeal": 3719,
      "totalUnitsHealed": 1,
      "assists": 18,
      "item0": 3074,
      "item1": 3190,
      "item2": 3068,
      "item3": 1011,
      "item4": 3047,
      "item5": 3022,
      "item6": 3340,
      "sightWardsBought": 1,
      "magicDamageDealtToChampions": 4807,
      "physicalDamageDealtToChampions": 20732,
      "totalDamageDealtToChampions": 28344,
      "trueDamageDealtPlayer": 3825,
      "trueDamageDealtToChampions": 2803,
      "trueDamageTaken": 1868,
      "wardPlaced": 6,
      "neutralMinionsKilledEnemyJungle": 4,
      "neutralMinionsKilledYourJungle": 7,
      "totalTimeCrowdControlDealt": 392
    }
  },
  "29723830": {
    "gameId": 818168327,
    "invalid": false,
    "gameMode": "CLASSIC",
    "gameType": "MATCHED_GAME",
    "subType": "RANKED_SOLO_5x5",
    "mapId": 1,
    "teamId": 100,
    "championId": 64,
    "spell1": 4,
    "spell2": 11,
    "level": 30,
    "ipEarned": 117,
    "createDate": 1398243391821,
    "fellowPlayers": [
      {
        "summonerId": 19237780,
        "teamId": 100,
        "championId": 29
      },
      {
        "summonerId": 21651368,
        "teamId": 200,
        "championId": 119
      },
      {
        "summonerId": 26073942,
        "teamId": 200,
        "championId": 11
      },
      {
        "summonerId": 24281529,
        "teamId": 200,
        "championId": 37
      },
      {
        "summonerId": 35768702,
        "teamId": 100,
        "championId": 1
      },
      {
        "summonerId": 22397922,
        "teamId": 200,
        "championId": 115
      },
      {
        "summonerId": 42355377,
        "teamId": 100,
        "championId": 59
      },
      {
        "summonerId": 33536579,
        "teamId": 100,
        "championId": 10
      },
      {
        "summonerId": 22835356,
        "teamId": 200,
        "championId": 98
      }
    ],
    "stats": {
      "level": 18,
      "goldEarned": 13991,
      "numDeaths": 5,
      "barracksKilled": 1,
      "turretsKilled": 2,
      "minionsKilled": 32,
      "championsKilled": 5,
      "goldSpent": 12725,
      "totalDamageDealt": 171290,
      "totalDamageTaken": 38929,
      "doubleKills": 1,
      "killingSprees": 1,
      "largestKillingSpree": 3,
      "team": 100,
      "win": true,
      "neutralMinionsKilled": 102,
      "largestMultiKill": 2,
      "physicalDamageDealtPlayer": 99443,
      "magicDamageDealtPlayer": 57667,
      "physicalDamageTaken": 21195,
      "magicDamageTaken": 16879,
      "timePlayed": 2610,
      "totalHeal": 7413,
      "totalUnitsHealed": 1,
      "assists": 14,
      "item0": 3160,
      "item1": 3143,
      "item2": 2049,
      "item3": 3035,
      "item4": 3072,
      "item5": 3047,
      "item6": 3341,
      "visionWardsBought": 1,
      "magicDamageDealtToChampions": 2173,
      "physicalDamageDealtToChampions": 11443,
      "totalDamageDealtToChampions": 13809,
      "trueDamageDealtPlayer": 14180,
      "trueDamageDealtToChampions": 192,
      "trueDamageTaken": 855,
      "wardKilled": 1,
      "wardPlaced": 25,
      "neutralMinionsKilledEnemyJungle": 18,
      "neutralMinionsKilledYourJungle": 84,
      "totalTimeCrowdControlDealt": 1411
    }
  },
  "24281529": {
    "gameId": 818168327,
    "invalid": false,
    "gameMode": "CLASSIC",
    "gameType": "MATCHED_GAME",
    "subType": "RANKED_SOLO_5x5",
    "mapId": 1,
    "teamId": 200,
    "championId": 37,
    "spell1": 4,
    "spell2": 3,
    "level": 30,
    "ipEarned": 77,
    "createDate": 1398243391825,
    "fellowPlayers": [
      {
        "summonerId": 19237780,
        "teamId": 100,
        "championId": 29
      },
      {
        "summonerId": 21651368,
        "teamId": 200,
        "championId": 119
      },
      {
        "summonerId": 26073942,
        "teamId": 200,
        "championId": 11
      },
      {
        "summonerId": 29723830,
        "teamId": 100,
        "championId": 64
      },
      {
        "summonerId": 35768702,
        "teamId": 100,
        "championId": 1
      },
      {
        "summonerId": 22397922,
        "teamId": 200,
        "championId": 115
      },
      {
        "summonerId": 42355377,
        "teamId": 100,
        "championId": 59
      },
      {
        "summonerId": 33536579,
        "teamId": 100,
        "championId": 10
      },
      {
        "summonerId": 22835356,
        "teamId": 200,
        "championId": 98
      }
    ],
    "stats": {
      "level": 16,
      "goldEarned": 12151,
      "numDeaths": 8,
      "minionsKilled": 14,
      "goldSpent": 10975,
      "totalDamageDealt": 25535,
      "totalDamageTaken": 29324,
      "team": 200,
      "win": false,
      "physicalDamageDealtPlayer": 5625,
      "magicDamageDealtPlayer": 19909,
      "physicalDamageTaken": 14892,
      "magicDamageTaken": 12485,
      "timePlayed": 2610,
      "totalHeal": 8523,
      "totalUnitsHealed": 5,
      "assists": 22,
      "item0": 3279,
      "item1": 2045,
      "item2": 3143,
      "item3": 3098,
      "item4": 3174,
      "item5": 3211,
      "item6": 3340,
      "magicDamageDealtToChampions": 12593,
      "physicalDamageDealtToChampions": 2864,
      "totalDamageDealtToChampions": 15457,
      "trueDamageTaken": 1946,
      "wardKilled": 1,
      "wardPlaced": 22,
      "totalTimeCrowdControlDealt": 183
    }
  },
  "33536579": {
    "gameId": 818168327,
    "invalid": false,
    "gameMode": "CLASSIC",
    "gameType": "MATCHED_GAME",
    "subType": "RANKED_SOLO_5x5",
    "mapId": 1,
    "teamId": 100,
    "championId": 10,
    "spell1": 14,
    "spell2": 4,
    "level": 30,
    "ipEarned": 117,
    "createDate": 1398243391819,
    "fellowPlayers": [
      {
        "summonerId": 19237780,
        "teamId": 100,
        "championId": 29
      },
      {
        "summonerId": 21651368,
        "teamId": 200,
        "championId": 119
      },
      {
        "summonerId": 26073942,
        "teamId": 200,
        "championId": 11
      },
      {
        "summonerId": 24281529,
        "teamId": 200,
        "championId": 37
      },
      {
        "summonerId": 29723830,
        "teamId": 100,
        "championId": 64
      },
      {
        "summonerId": 35768702,
        "teamId": 100,
        "championId": 1
      },
      {
        "summonerId": 22397922,
        "teamId": 200,
        "championId": 115
      },
      {
        "summonerId": 42355377,
        "teamId": 100,
        "championId": 59
      },
      {
        "summonerId": 22835356,
        "teamId": 200,
        "championId": 98
      }
    ],
    "stats": {
      "level": 18,
      "goldEarned": 17032,
      "numDeaths": 7,
      "barracksKilled": 1,
      "turretsKilled": 1,
      "minionsKilled": 250,
      "championsKilled": 8,
      "goldSpent": 16080,
      "totalDamageDealt": 226418,
      "totalDamageTaken": 36964,
      "doubleKills": 1,
      "killingSprees": 2,
      "largestKillingSpree": 2,
      "team": 100,
      "win": true,
      "neutralMinionsKilled": 55,
      "largestMultiKill": 2,
      "physicalDamageDealtPlayer": 48025,
      "magicDamageDealtPlayer": 176962,
      "physicalDamageTaken": 16601,
      "magicDamageTaken": 19488,
      "timePlayed": 2610,
      "totalHeal": 17292,
      "totalUnitsHealed": 4,
      "assists": 10,
      "item0": 1058,
      "item1": 3115,
      "item2": 3100,
      "item3": 3020,
      "item4": 3089,
      "item5": 3135,
      "item6": 3340,
      "sightWardsBought": 1,
      "magicDamageDealtToChampions": 28551,
      "physicalDamageDealtToChampions": 3825,
      "totalDamageDealtToChampions": 33807,
      "trueDamageDealtPlayer": 1430,
      "trueDamageDealtToChampions": 1430,
      "trueDamageTaken": 874,
      "wardKilled": 1,
      "wardPlaced": 12,
      "neutralMinionsKilledEnemyJungle": 12,
      "neutralMinionsKilledYourJungle": 43,
      "totalTimeCrowdControlDealt": 170
    }
  },
  "22397922": {
    "gameId": 818168327,
    "invalid": false,
    "gameMode": "CLASSIC",
    "gameType": "MATCHED_GAME",
    "subType": "RANKED_SOLO_5x5",
    "mapId": 1,
    "teamId": 200,
    "championId": 115,
    "spell1": 4,
    "spell2": 21,
    "level": 30,
    "ipEarned": 77,
    "createDate": 1398243391827,
    "fellowPlayers": [
      {
        "summonerId": 19237780,
        "teamId": 100,
        "championId": 29
      },
      {
        "summonerId": 21651368,
        "teamId": 200,
        "championId": 119
      },
      {
        "summonerId": 26073942,
        "teamId": 200,
        "championId": 11
      },
      {
        "summonerId": 24281529,
        "teamId": 200,
        "championId": 37
      },
      {
        "summonerId": 29723830,
        "teamId": 100,
        "championId": 64
      },
      {
        "summonerId": 35768702,
        "teamId": 100,
        "championId": 1
      },
      {
        "summonerId": 42355377,
        "teamId": 100,
        "championId": 59
      },
      {
        "summonerId": 33536579,
        "teamId": 100,
        "championId": 10
      },
      {
        "summonerId": 22835356,
        "teamId": 200,
        "championId": 98
      }
    ],
    "stats": {
      "level": 18,
      "goldEarned": 18161,
      "numDeaths": 5,
      "minionsKilled": 281,
      "championsKilled": 15,
      "goldSpent": 14965,
      "totalDamageDealt": 287310,
      "totalDamageTaken": 20410,
      "doubleKills": 3,
      "tripleKills": 1,
      "killingSprees": 3,
      "largestKillingSpree": 5,
      "team": 200,
      "win": false,
      "neutralMinionsKilled": 19,
      "largestMultiKill": 3,
      "physicalDamageDealtPlayer": 18656,
      "magicDamageDealtPlayer": 268197,
      "physicalDamageTaken": 11746,
      "magicDamageTaken": 7160,
      "timePlayed": 2610,
      "totalHeal": 1472,
      "totalUnitsHealed": 1,
      "assists": 8,
      "item0": 3255,
      "item1": 3089,
      "item2": 3157,
      "item3": 3174,
      "item4": 3135,
      "item5": 1011,
      "item6": 3340,
      "sightWardsBought": 1,
      "magicDamageDealtToChampions": 58750,
      "physicalDamageDealtToChampions": 1824,
      "totalDamageDealtToChampions": 60875,
      "trueDamageDealtPlayer": 456,
      "trueDamageDealtToChampions": 300,
      "trueDamageTaken": 1504,
      "wardKilled": 1,
      "wardPlaced": 12,
      "neutralMinionsKilledEnemyJungle": 4,
      "neutralMinionsKilledYourJungle": 15,
      "totalTimeCrowdControlDealt": 829
    }
  },
  "22835356": {
    "gameId": 818168327,
    "invalid": false,
    "gameMode": "CLASSIC",
    "gameType": "MATCHED_GAME",
    "subType": "RANKED_SOLO_5x5",
    "mapId": 1,
    "teamId": 200,
    "championId": 98,
    "spell1": 12,
    "spell2": 4,
    "level": 30,
    "ipEarned": 77,
    "createDate": 1398243391824,
    "fellowPlayers": [
      {
        "summonerId": 19237780,
        "teamId": 100,
        "championId": 29
      },
      {
        "summonerId": 21651368,
        "teamId": 200,
        "championId": 119
      },
      {
        "summonerId": 26073942,
        "teamId": 200,
        "championId": 11
      },
      {
        "summonerId": 24281529,
        "teamId": 200,
        "championId": 37
      },
      {
        "summonerId": 29723830,
        "teamId": 100,
        "championId": 64
      },
      {
        "summonerId": 35768702,
        "teamId": 100,
        "championId": 1
      },
      {
        "summonerId": 22397922,
        "teamId": 200,
        "championId": 115
      },
      {
        "summonerId": 42355377,
        "teamId": 100,
        "championId": 59
      },
      {
        "summonerId": 33536579,
        "teamId": 100,
        "championId": 10
      }
    ],
    "stats": {
      "level": 18,
      "goldEarned": 14294,
      "numDeaths": 6,
      "minionsKilled": 236,
      "championsKilled": 3,
      "goldSpent": 13615,
      "totalDamageDealt": 123519,
      "totalDamageTaken": 49168,
      "team": 200,
      "win": false,
      "largestMultiKill": 1,
      "physicalDamageDealtPlayer": 40116,
      "magicDamageDealtPlayer": 83402,
      "physicalDamageTaken": 27519,
      "magicDamageTaken": 18648,
      "timePlayed": 2610,
      "totalHeal": 7789,
      "totalUnitsHealed": 1,
      "assists": 17,
      "item0": 1011,
      "item1": 3068,
      "item2": 3075,
      "item3": 3265,
      "item4": 3065,
      "item5": 3083,
      "item6": 3340,
      "magicDamageDealtToChampions": 22071,
      "physicalDamageDealtToChampions": 5493,
      "totalDamageDealtToChampions": 27564,
      "trueDamageTaken": 3000,
      "wardPlaced": 1,
      "totalTimeCrowdControlDealt": 52
    }
  },
  "26073942": {
    "gameId": 818168327,
    "invalid": false,
    "gameMode": "CLASSIC",
    "gameType": "MATCHED_GAME",
    "subType": "RANKED_SOLO_5x5",
    "mapId": 1,
    "teamId": 200,
    "championId": 11,
    "spell1": 4,
    "spell2": 11,
    "level": 30,
    "ipEarned": 77,
    "createDate": 1398243391823,
    "fellowPlayers": [
      {
        "summonerId": 19237780,
        "teamId": 100,
        "championId": 29
      },
      {
        "summonerId": 21651368,
        "teamId": 200,
        "championId": 119
      },
      {
        "summonerId": 24281529,
        "teamId": 200,
        "championId": 37
      },
      {
        "summonerId": 29723830,
        "teamId": 100,
        "championId": 64
      },
      {
        "summonerId": 35768702,
        "teamId": 100,
        "championId": 1
      },
      {
        "summonerId": 22397922,
        "teamId": 200,
        "championId": 115
      },
      {
        "summonerId": 42355377,
        "teamId": 100,
        "championId": 59
      },
      {
        "summonerId": 33536579,
        "teamId": 100,
        "championId": 10
      },
      {
        "summonerId": 22835356,
        "teamId": 200,
        "championId": 98
      }
    ],
    "stats": {
      "level": 18,
      "goldEarned": 15774,
      "numDeaths": 9,
      "turretsKilled": 3,
      "minionsKilled": 66,
      "championsKilled": 13,
      "goldSpent": 15660,
      "totalDamageDealt": 222673,
      "totalDamageTaken": 43377,
      "doubleKills": 2,
      "killingSprees": 5,
      "largestKillingSpree": 4,
      "team": 200,
      "win": false,
      "neutralMinionsKilled": 112,
      "largestMultiKill": 2,
      "physicalDamageDealtPlayer": 174408,
      "magicDamageDealtPlayer": 25904,
      "physicalDamageTaken": 31212,
      "magicDamageTaken": 9600,
      "largestCriticalStrike": 940,
      "timePlayed": 2610,
      "totalHeal": 5601,
      "totalUnitsHealed": 1,
      "assists": 7,
      "item0": 3153,
      "item1": 3046,
      "item2": 3250,
      "item3": 3031,
      "item4": 3035,
      "item6": 3340,
      "magicDamageDealtToChampions": 659,
      "physicalDamageDealtToChampions": 18900,
      "totalDamageDealtToChampions": 22729,
      "trueDamageDealtPlayer": 22361,
      "trueDamageDealtToChampions": 3170,
      "trueDamageTaken": 2565,
      "wardPlaced": 16,
      "neutralMinionsKilledEnemyJungle": 19,
      "neutralMinionsKilledYourJungle": 93,
      "totalTimeCrowdControlDealt": 478
    }
  },
  "35768702": {
    "gameId": 818168327,
    "invalid": false,
    "gameMode": "CLASSIC",
    "gameType": "MATCHED_GAME",
    "subType": "RANKED_SOLO_5x5",
    "mapId": 1,
    "teamId": 100,
    "championId": 1,
    "spell1": 3,
    "spell2": 4,
    "level": 30,
    "ipEarned": 117,
    "createDate": 1398243391820,
    "fellowPlayers": [
      {
        "summonerId": 19237780,
        "teamId": 100,
        "championId": 29
      },
      {
        "summonerId": 21651368,
        "teamId": 200,
        "championId": 119
      },
      {
        "summonerId": 26073942,
        "teamId": 200,
        "championId": 11
      },
      {
        "summonerId": 24281529,
        "teamId": 200,
        "championId": 37
      },
      {
        "summonerId": 29723830,
        "teamId": 100,
        "championId": 64
      },
      {
        "summonerId": 22397922,
        "teamId": 200,
        "championId": 115
      },
      {
        "summonerId": 42355377,
        "teamId": 100,
        "championId": 59
      },
      {
        "summonerId": 33536579,
        "teamId": 100,
        "championId": 10
      },
      {
        "summonerId": 22835356,
        "teamId": 200,
        "championId": 98
      }
    ],
    "stats": {
      "level": 17,
      "goldEarned": 12561,
      "numDeaths": 7,
      "minionsKilled": 59,
      "championsKilled": 1,
      "goldSpent": 11315,
      "totalDamageDealt": 81961,
      "totalDamageTaken": 29281,
      "team": 100,
      "win": true,
      "largestMultiKill": 1,
      "physicalDamageDealtPlayer": 14306,
      "magicDamageDealtPlayer": 67655,
      "physicalDamageTaken": 13594,
      "magicDamageTaken": 15149,
      "timePlayed": 2610,
      "totalHeal": 1858,
      "totalUnitsHealed": 1,
      "assists": 19,
      "item0": 3303,
      "item1": 1026,
      "item2": 3089,
      "item3": 3027,
      "item4": 3255,
      "item5": 1011,
      "item6": 3340,
      "visionWardsBought": 1,
      "magicDamageDealtToChampions": 23091,
      "physicalDamageDealtToChampions": 1969,
      "totalDamageDealtToChampions": 25061,
      "trueDamageTaken": 538,
      "wardPlaced": 10,
      "totalTimeCrowdControlDealt": 71
    }
  }
}