{
  "35482465": {
    "gameId": 818160722,
    "invalid": false,
    "gameMode": "CLASSIC",
    "gameType": "MATCHED_GAME",
    "subType": "RANKED_SOLO_5x5",
    "mapId": 1,
    "teamId": 200,
    "championId": 102,
    "spell1": 4,
    "spell2": 12,
    "level": 30,
    "ipEarned": 106,
    "createDate": 1398243177591,
    "fellowPlayers": [
      {
        "summonerId": 30686783,
        "teamId": 200,
        "championId": 78
      },
      {
        "summonerId": 33531625,
        "teamId": 200,
        "championId": 25
      },
      {
        "summonerId": 24512099,
        "teamId": 200,
        "championId": 222
      },
      {
        "summonerId": 31686472,
        "teamId": 100,
        "championId": 21
      },
      {
        "summonerId": 20650382,
        "teamId": 200,
        "championId": 115
      },
      {
        "summonerId": 29208990,
        "teamId": 100,
        "championId": 31
      },
      {
        "summonerId": 20332194,
        "teamId": 100,
        "championId": 37
      },
      {
        "summonerId": 29018653,
        "teamId": 100,
        "championId": 157
      },
      {
        "summonerId": 23594407,
        "teamId": 100,
        "championId": 62
      }
    ],
    "stats": {
      "level": 18,
      "goldEarned": 14946,
      "numDeaths": 6,
      "turretsKilled": 1,
      "minionsKilled": 216,
      "championsKilled": 7,
      "goldSpent": 12625,
      "totalDamageDealt": 182993,
      "totalDamageTaken": 41179,
      "killingSprees": 3,
      "largestKillingSpree": 2,
      "team": 200,
      "win": true,
      "neutralMinionsKilled": 20,
      "largestMultiKill": 1,
      "physicalDamageDealtPlayer": 62580,
      "magicDamageDealtPlayer": 119753,
      "physicalDamageTaken": 30147,
      "magicDamageTaken": 8632,
      "timePlayed": 2306,
      "totalHeal": 3584,
      "totalUnitsHealed": 1,
      "assists": 4,
      "item0": 3082,
      "item1": 3068,
      "item2": 3153,
      "item3": 3111,
      "item4": 3065,
      "item5": 1011,
      "item6": 3340,
      "magicDamageDealtToChampions": 17444,
      "physicalDamageDealtToChampions": 10554,
      "totalDamageDealtToChampions": 28279,
      "trueDamageDealtPlayer": 660,
      "trueDamageDealtToChampions": 280,
      "trueDamageTaken": 2398,
      "wardPlaced": 8,
      "neutralMinionsKilledEnemyJungle": 2,
      "neutralMinionsKilledYourJungle": 18,
      "totalTimeCrowdControlDealt": 175
    }
  },
  "summonerCount": 10,
  "31686472": {
    "gameId": 818160722,
    "invalid": false,
    "gameMode": "CLASSIC",
    "gameType": "MATCHED_GAME",
    "subType": "RANKED_SOLO_5x5",
    "mapId": 1,
    "teamId": 100,
    "championId": 21,
    "spell1": 21,
    "spell2": 4,
    "level": 30,
    "ipEarned": 69,
    "createDate": 1398243177581,
    "fellowPlayers": [
      {
        "summonerId": 30686783,
        "teamId": 200,
        "championId": 78
      },
      {
        "summonerId": 33531625,
        "teamId": 200,
        "championId": 25
      },
      {
        "summonerId": 24512099,
        "teamId": 200,
        "championId": 222
      },
      {
        "summonerId": 20650382,
        "teamId": 200,
        "championId": 115
      },
      {
        "summonerId": 29208990,
        "teamId": 100,
        "championId": 31
      },
      {
        "summonerId": 20332194,
        "teamId": 100,
        "championId": 37
      },
      {
        "summonerId": 29018653,
        "teamId": 100,
        "championId": 157
      },
      {
        "summonerId": 35482465,
        "teamId": 200,
        "championId": 102
      },
      {
        "summonerId": 23594407,
        "teamId": 100,
        "championId": 62
      }
    ],
    "stats": {
      "level": 17,
      "goldEarned": 13023,
      "numDeaths": 7,
      "minionsKilled": 207,
      "championsKilled": 9,
      "goldSpent": 12700,
      "totalDamageDealt": 151778,
      "totalDamageTaken": 31620,
      "doubleKills": 2,
      "killingSprees": 2,
      "largestKillingSpree": 5,
      "team": 100,
      "win": false,
      "neutralMinionsKilled": 11,
      "largestMultiKill": 2,
      "physicalDamageDealtPlayer": 130746,
      "magicDamageDealtPlayer": 19822,
      "physicalDamageTaken": 16347,
      "magicDamageTaken": 14885,
      "largestCriticalStrike": 740,
      "timePlayed": 2306,
      "totalHeal": 3037,
      "totalUnitsHealed": 1,
      "assists": 8,
      "item0": 3072,
      "item1": 1055,
      "item2": 3250,
      "item3": 1055,
      "item4": 3046,
      "item5": 3031,
      "item6": 3340,
      "magicDamageDealtToChampions": 7103,
      "physicalDamageDealtToChampions": 21008,
      "totalDamageDealtToChampions": 28545,
      "trueDamageDealtPlayer": 1210,
      "trueDamageDealtToChampions": 434,
      "trueDamageTaken": 388,
      "wardPlaced": 5,
      "neutralMinionsKilledYourJungle": 11,
      "totalTimeCrowdControlDealt": 424
    }
  },
  "20650382": {
    "gameId": 818160722,
    "invalid": false,
    "gameMode": "CLASSIC",
    "gameType": "MATCHED_GAME",
    "subType": "RANKED_SOLO_5x5",
    "mapId": 1,
    "teamId": 200,
    "championId": 115,
    "spell1": 4,
    "spell2": 14,
    "level": 30,
    "ipEarned": 256,
    "createDate": 1398243177587,
    "fellowPlayers": [
      {
        "summonerId": 30686783,
        "teamId": 200,
        "championId": 78
      },
      {
        "summonerId": 33531625,
        "teamId": 200,
        "championId": 25
      },
      {
        "summonerId": 24512099,
        "teamId": 200,
        "championId": 222
      },
      {
        "summonerId": 31686472,
        "teamId": 100,
        "championId": 21
      },
      {
        "summonerId": 29208990,
        "teamId": 100,
        "championId": 31
      },
      {
        "summonerId": 20332194,
        "teamId": 100,
        "championId": 37
      },
      {
        "summonerId": 29018653,
        "teamId": 100,
        "championId": 157
      },
      {
        "summonerId": 35482465,
        "teamId": 200,
        "championId": 102
      },
      {
        "summonerId": 23594407,
        "teamId": 100,
        "championId": 62
      }
    ],
    "stats": {
      "level": 18,
      "goldEarned": 17816,
      "numDeaths": 6,
      "barracksKilled": 1,
      "turretsKilled": 1,
      "minionsKilled": 297,
      "championsKilled": 11,
      "goldSpent": 15680,
      "totalDamageDealt": 265690,
      "totalDamageTaken": 20563,
      "doubleKills": 1,
      "killingSprees": 3,
      "largestKillingSpree": 4,
      "team": 200,
      "win": true,
      "neutralMinionsKilled": 26,
      "largestMultiKill": 2,
      "physicalDamageDealtPlayer": 26677,
      "magicDamageDealtPlayer": 237488,
      "physicalDamageTaken": 13570,
      "magicDamageTaken": 5609,
      "timePlayed": 2306,
      "totalHeal": 1374,
      "totalUnitsHealed": 1,
      "assists": 6,
      "item0": 3157,
      "item1": 3089,
      "item2": 3174,
      "item3": 3255,
      "item4": 3100,
      "item5": 1011,
      "item6": 3340,
      "magicDamageDealtToChampions": 37309,
      "physicalDamageDealtToChampions": 1479,
      "totalDamageDealtToChampions": 39877,
      "trueDamageDealtPlayer": 1524,
      "trueDamageDealtToChampions": 1088,
      "trueDamageTaken": 1383,
      "wardPlaced": 6,
      "neutralMinionsKilledEnemyJungle": 10,
      "neutralMinionsKilledYourJungle": 16,
      "totalTimeCrowdControlDealt": 678
    }
  },
  "20332194": {
    "gameId": 818160722,
    "invalid": false,
    "gameMode": "CLASSIC",
    "gameType": "MATCHED_GAME",
    "subType": "RANKED_SOLO_5x5",
    "mapId": 1,
    "teamId": 100,
    "championId": 37,
    "spell1": 4,
    "spell2": 7,
    "level": 30,
    "ipEarned": 69,
    "createDate": 1398243177584,
    "fellowPlayers": [
      {
        "summonerId": 30686783,
        "teamId": 200,
        "championId": 78
      },
      {
        "summonerId": 33531625,
        "teamId": 200,
        "championId": 25
      },
      {
        "summonerId": 24512099,
        "teamId": 200,
        "championId": 222
      },
      {
        "summonerId": 31686472,
        "teamId": 100,
        "championId": 21
      },
      {
        "summonerId": 20650382,
        "teamId": 200,
        "championId": 115
      },
      {
        "summonerId": 29208990,
        "teamId": 100,
        "championId": 31
      },
      {
        "summonerId": 29018653,
        "teamId": 100,
        "championId": 157
      },
      {
        "summonerId": 35482465,
        "teamId": 200,
        "championId": 102
      },
      {
        "summonerId": 23594407,
        "teamId": 100,
        "championId": 62
      }
    ],
    "stats": {
      "level": 15,
      "goldEarned": 9372,
      "numDeaths": 5,
      "minionsKilled": 20,
      "championsKilled": 2,
      "goldSpent": 8800,
      "totalDamageDealt": 23197,
      "totalDamageTaken": 21176,
      "team": 100,
      "win": false,
      "neutralMinionsKilled": 1,
      "largestMultiKill": 1,
      "physicalDamageDealtPlayer": 5533,
      "magicDamageDealtPlayer": 17513,
      "physicalDamageTaken": 8945,
      "magicDamageTaken": 12099,
      "timePlayed": 2306,
      "totalHeal": 11103,
      "totalUnitsHealed": 5,
      "assists": 17,
      "item0": 3069,
      "item1": 3190,
      "item2": 2045,
      "item5": 3260,
      "item6": 3364,
      "sightWardsBought": 1,
      "magicDamageDealtToChampions": 9541,
      "physicalDamageDealtToChampions": 2333,
      "totalDamageDealtToChampions": 11935,
      "trueDamageDealtPlayer": 150,
      "trueDamageDealtToChampions": 60,
      "trueDamageTaken": 132,
      "wardPlaced": 23,
      "neutralMinionsKilledYourJungle": 1,
      "totalTimeCrowdControlDealt": 78
    }
  },
  "23594407": {
    "gameId": 818160722,
    "invalid": false,
    "gameMode": "CLASSIC",
    "gameType": "MATCHED_GAME",
    "subType": "RANKED_SOLO_5x5",
    "mapId": 1,
    "teamId": 100,
    "championId": 62,
    "spell1": 4,
    "spell2": 11,
    "level": 30,
    "ipEarned": 69,
    "createDate": 1398243177585,
    "fellowPlayers": [
      {
        "summonerId": 30686783,
        "teamId": 200,
        "championId": 78
      },
      {
        "summonerId": 33531625,
        "teamId": 200,
        "championId": 25
      },
      {
        "summonerId": 24512099,
        "teamId": 200,
        "championId": 222
      },
      {
        "summonerId": 31686472,
        "teamId": 100,
        "championId": 21
      },
      {
        "summonerId": 20650382,
        "teamId": 200,
        "championId": 115
      },
      {
        "summonerId": 29208990,
        "teamId": 100,
        "championId": 31
      },
      {
        "summonerId": 20332194,
        "teamId": 100,
        "championId": 37
      },
      {
        "summonerId": 29018653,
        "teamId": 100,
        "championId": 157
      },
      {
        "summonerId": 35482465,
        "teamId": 200,
        "championId": 102
      }
    ],
    "stats": {
      "level": 18,
      "goldEarned": 12461,
      "numDeaths": 5,
      "minionsKilled": 68,
      "championsKilled": 8,
      "goldSpent": 11850,
      "totalDamageDealt": 191616,
      "totalDamageTaken": 31797,
      "doubleKills": 1,
      "killingSprees": 2,
      "largestKillingSpree": 3,
      "team": 100,
      "win": false,
      "neutralMinionsKilled": 97,
      "largestMultiKill": 2,
      "physicalDamageDealtPlayer": 164793,
      "magicDamageDealtPlayer": 5098,
      "physicalDamageTaken": 18430,
      "magicDamageTaken": 13094,
      "timePlayed": 2306,
      "totalHeal": 5489,
      "totalUnitsHealed": 1,
      "assists": 9,
      "item0": 3209,
      "item1": 1001,
      "item2": 3074,
      "item3": 3071,
      "item4": 3068,
      "item6": 3340,
      "magicDamageDealtToChampions": 892,
      "physicalDamageDealtToChampions": 20730,
      "totalDamageDealtToChampions": 23684,
      "trueDamageDealtPlayer": 21724,
      "trueDamageDealtToChampions": 2061,
      "trueDamageTaken": 272,
      "wardPlaced": 5,
      "neutralMinionsKilledEnemyJungle": 3,
      "neutralMinionsKilledYourJungle": 94,
      "totalTimeCrowdControlDealt": 286
    }
  },
  "29208990": {
    "gameId": 818160722,
    "invalid": false,
    "gameMode": "CLASSIC",
    "gameType": "MATCHED_GAME",
    "subType": "RANKED_SOLO_5x5",
    "mapId": 1,
    "teamId": 100,
    "championId": 31,
    "spell1": 4,
    "spell2": 14,
    "level": 30,
    "ipEarned": 69,
    "createDate": 1398243177586,
    "fellowPlayers": [
      {
        "summonerId": 30686783,
        "teamId": 200,
        "championId": 78
      },
      {
        "summonerId": 33531625,
        "teamId": 200,
        "championId": 25
      },
      {
        "summonerId": 24512099,
        "teamId": 200,
        "championId": 222
      },
      {
        "summonerId": 31686472,
        "teamId": 100,
        "championId": 21
      },
      {
        "summonerId": 20650382,
        "teamId": 200,
        "championId": 115
      },
      {
        "summonerId": 20332194,
        "teamId": 100,
        "championId": 37
      },
      {
        "summonerId": 29018653,
        "teamId": 100,
        "championId": 157
      },
      {
        "summonerId": 35482465,
        "teamId": 200,
        "championId": 102
      },
      {
        "summonerId": 23594407,
        "teamId": 100,
        "championId": 62
      }
    ],
    "stats": {
      "level": 17,
      "goldEarned": 10058,
      "numDeaths": 7,
      "minionsKilled": 148,
      "championsKilled": 4,
      "goldSpent": 9800,
      "totalDamageDealt": 117181,
      "totalDamageTaken": 40426,
      "killingSprees": 1,
      "largestKillingSpree": 2,
      "team": 100,
      "win": false,
      "neutralMinionsKilled": 22,
      "largestMultiKill": 1,
      "physicalDamageDealtPlayer": 12367,
      "magicDamageDealtPlayer": 84730,
      "physicalDamageTaken": 17307,
      "magicDamageTaken": 21733,
      "timePlayed": 2306,
      "totalHeal": 6658,
      "totalUnitsHealed": 1,
      "assists": 7,
      "item0": 3027,
      "item1": 3047,
      "item2": 3065,
      "item3": 3110,
      "item6": 3340,
      "sightWardsBought": 1,
      "magicDamageDealtToChampions": 9342,
      "physicalDamageDealtToChampions": 1442,
      "totalDamageDealtToChampions": 14898,
      "trueDamageDealtPlayer": 20083,
      "trueDamageDealtToChampions": 4113,
      "trueDamageTaken": 1386,
      "wardPlaced": 10,
      "neutralMinionsKilledYourJungle": 22,
      "totalTimeCrowdControlDealt": 587
    }
  },
  "24512099": {
    "gameId": 818160722,
    "invalid": false,
    "gameMode": "CLASSIC",
    "gameType": "MATCHED_GAME",
    "subType": "RANKED_SOLO_5x5",
    "mapId": 1,
    "teamId": 200,
    "championId": 222,
    "spell1": 4,
    "spell2": 7,
    "level": 30,
    "ipEarned": 256,
    "createDate": 1398243177589,
    "fellowPlayers": [
      {
        "summonerId": 30686783,
        "teamId": 200,
        "championId": 78
      },
      {
        "summonerId": 33531625,
        "teamId": 200,
        "championId": 25
      },
      {
        "summonerId": 31686472,
        "teamId": 100,
        "championId": 21
      },
      {
        "summonerId": 20650382,
        "teamId": 200,
        "championId": 115
      },
      {
        "summonerId": 29208990,
        "teamId": 100,
        "championId": 31
      },
      {
        "summonerId": 20332194,
        "teamId": 100,
        "championId": 37
      },
      {
        "summonerId": 29018653,
        "teamId": 100,
        "championId": 157
      },
      {
        "summonerId": 35482465,
        "teamId": 200,
        "championId": 102
      },
      {
        "summonerId": 23594407,
        "teamId": 100,
        "championId": 62
      }
    ],
    "stats": {
      "level": 17,
      "goldEarned": 15488,
      "numDeaths": 7,
      "turretsKilled": 4,
      "minionsKilled": 179,
      "championsKilled": 7,
      "goldSpent": 14415,
      "totalDamageDealt": 167685,
      "totalDamageTaken": 29851,
      "doubleKills": 1,
      "killingSprees": 2,
      "largestKillingSpree": 2,
      "team": 200,
      "win": true,
      "neutralMinionsKilled": 10,
      "largestMultiKill": 2,
      "physicalDamageDealtPlayer": 147481,
      "magicDamageDealtPlayer": 19188,
      "physicalDamageTaken": 23185,
      "magicDamageTaken": 6078,
      "largestCriticalStrike": 850,
      "timePlayed": 2306,
      "totalHeal": 4592,
      "totalUnitsHealed": 4,
      "assists": 12,
      "item0": 3072,
      "item1": 3031,
      "item2": 3087,
      "item3": 1055,
      "item4": 3250,
      "item5": 3026,
      "item6": 3340,
      "magicDamageDealtToChampions": 2986,
      "physicalDamageDealtToChampions": 26935,
      "totalDamageDealtToChampions": 30242,
      "trueDamageDealtPlayer": 1016,
      "trueDamageDealtToChampions": 320,
      "trueDamageTaken": 587,
      "wardKilled": 1,
      "wardPlaced": 12,
      "neutralMinionsKilledEnemyJungle": 7,
      "neutralMinionsKilledYourJungle": 3,
      "totalTimeCrowdControlDealt": 307
    }
  },
  "29018653": {
    "gameId": 818160722,
    "invalid": false,
    "gameMode": "CLASSIC",
    "gameType": "MATCHED_GAME",
    "subType": "RANKED_SOLO_5x5",
    "mapId": 1,
    "teamId": 100,
    "championId": 157,
    "spell1": 4,
    "spell2": 12,
    "level": 30,
    "ipEarned": 69,
    "createDate": 1398243177582,
    "fellowPlayers": [
      {
        "summonerId": 30686783,
        "teamId": 200,
        "championId": 78
      },
      {
        "summonerId": 33531625,
        "teamId": 200,
        "championId": 25
      },
      {
        "summonerId": 24512099,
        "teamId": 200,
        "championId": 222
      },
      {
        "summonerId": 31686472,
        "teamId": 100,
        "championId": 21
      },
      {
        "summonerId": 20650382,
        "teamId": 200,
        "championId": 115
      },
      {
        "summonerId": 29208990,
        "teamId": 100,
        "championId": 31
      },
      {
        "summonerId": 20332194,
        "teamId": 100,
        "championId": 37
      },
      {
        "summonerId": 35482465,
        "teamId": 200,
        "championId": 102
      },
      {
        "summonerId": 23594407,
        "teamId": 100,
        "championId": 62
      }
    ],
    "stats": {
      "level": 17,
      "goldEarned": 11843,
      "numDeaths": 11,
      "turretsKilled": 1,
      "minionsKilled": 160,
      "championsKilled": 8,
      "goldSpent": 11350,
      "totalDamageDealt": 138067,
      "totalDamageTaken": 31292,
      "doubleKills": 1,
      "killingSprees": 3,
      "largestKillingSpree": 2,
      "team": 100,
      "win": false,
      "neutralMinionsKilled": 15,
      "largestMultiKill": 2,
      "physicalDamageDealtPlayer": 105812,
      "magicDamageDealtPlayer": 31831,
      "physicalDamageTaken": 11139,
      "magicDamageTaken": 19266,
      "largestCriticalStrike": 543,
      "timePlayed": 2306,
      "totalHeal": 1789,
      "totalUnitsHealed": 1,
      "assists": 8,
      "item0": 3087,
      "item1": 3250,
      "item2": 3072,
      "item3": 3031,
      "item6": 3340,
      "magicDamageDealtToChampions": 4827,
      "physicalDamageDealtToChampions": 15755,
      "totalDamageDealtToChampions": 20702,
      "trueDamageDealtPlayer": 424,
      "trueDamageDealtToChampions": 120,
      "trueDamageTaken": 886,
      "wardPlaced": 9,
      "neutralMinionsKilledYourJungle": 15,
      "totalTimeCrowdControlDealt": 193
    }
  },
  "33531625": {
    "gameId": 818160722,
    "invalid": false,
    "gameMode": "CLASSIC",
    "gameType": "MATCHED_GAME",
    "subType": "RANKED_SOLO_5x5",
    "mapId": 1,
    "teamId": 200,
    "championId": 25,
    "spell1": 4,
    "spell2": 3,
    "level": 30,
    "ipEarned": 106,
    "createDate": 1398243177588,
    "fellowPlayers": [
      {
        "summonerId": 30686783,
        "teamId": 200,
        "championId": 78
      },
      {
        "summonerId": 24512099,
        "teamId": 200,
        "championId": 222
      },
      {
        "summonerId": 31686472,
        "teamId": 100,
        "championId": 21
      },
      {
        "summonerId": 20650382,
        "teamId": 200,
        "championId": 115
      },
      {
        "summonerId": 29208990,
        "teamId": 100,
        "championId": 31
      },
      {
        "summonerId": 20332194,
        "teamId": 100,
        "championId": 37
      },
      {
        "summonerId": 29018653,
        "teamId": 100,
        "championId": 157
      },
      {
        "summonerId": 35482465,
        "teamId": 200,
        "championId": 102
      },
      {
        "summonerId": 23594407,
        "teamId": 100,
        "championId": 62
      }
    ],
    "stats": {
      "level": 16,
      "goldEarned": 11919,
      "numDeaths": 7,
      "minionsKilled": 24,
      "championsKilled": 3,
      "goldSpent": 9360,
      "totalDamageDealt": 37219,
      "totalDamageTaken": 21116,
      "team": 200,
      "win": true,
      "neutralMinionsKilled": 1,
      "largestMultiKill": 1,
      "physicalDamageDealtPlayer": 9090,
      "magicDamageDealtPlayer": 28129,
      "physicalDamageTaken": 13819,
      "magicDamageTaken": 5551,
      "timePlayed": 2306,
      "totalHeal": 1569,
      "totalUnitsHealed": 1,
      "assists": 11,
      "item0": 3020,
      "item1": 3157,
      "item2": 2049,
      "item3": 3092,
      "item4": 1026,
      "item5": 1052,
      "item6": 3341,
      "sightWardsBought": 1,
      "magicDamageDealtToChampions": 9002,
      "physicalDamageDealtToChampions": 1311,
      "totalDamageDealtToChampions": 10313,
      "trueDamageTaken": 1745,
      "wardKilled": 1,
      "wardPlaced": 31,
      "neutralMinionsKilledEnemyJungle": 1,
      "totalTimeCrowdControlDealt": 118
    }
  },
  "35482465": {
    "gameId": 818160722,
    "invalid": false,
    "gameMode": "CLASSIC",
    "gameType": "MATCHED_GAME",
    "subType": "RANKED_SOLO_5x5",
    "mapId": 1,
    "teamId": 200,
    "championId": 102,
    "spell1": 4,
    "spell2": 12,
    "level": 30,
    "ipEarned": 106,
    "createDate": 1398243177591,
    "fellowPlayers": [
      {
        "summonerId": 30686783,
        "teamId": 200,
        "championId": 78
      },
      {
        "summonerId": 33531625,
        "teamId": 200,
        "championId": 25
      },
      {
        "summonerId": 24512099,
        "teamId": 200,
        "championId": 222
      },
      {
        "summonerId": 31686472,
        "teamId": 100,
        "championId": 21
      },
      {
        "summonerId": 20650382,
        "teamId": 200,
        "championId": 115
      },
      {
        "summonerId": 29208990,
        "teamId": 100,
        "championId": 31
      },
      {
        "summonerId": 20332194,
        "teamId": 100,
        "championId": 37
      },
      {
        "summonerId": 29018653,
        "teamId": 100,
        "championId": 157
      },
      {
        "summonerId": 23594407,
        "teamId": 100,
        "championId": 62
      }
    ],
    "stats": {
      "level": 18,
      "goldEarned": 14946,
      "numDeaths": 6,
      "turretsKilled": 1,
      "minionsKilled": 216,
      "championsKilled": 7,
      "goldSpent": 12625,
      "totalDamageDealt": 182993,
      "totalDamageTaken": 41179,
      "killingSprees": 3,
      "largestKillingSpree": 2,
      "team": 200,
      "win": true,
      "neutralMinionsKilled": 20,
      "largestMultiKill": 1,
      "physicalDamageDealtPlayer": 62580,
      "magicDamageDealtPlayer": 119753,
      "physicalDamageTaken": 30147,
      "magicDamageTaken": 8632,
      "timePlayed": 2306,
      "totalHeal": 3584,
      "totalUnitsHealed": 1,
      "assists": 4,
      "item0": 3082,
      "item1": 3068,
      "item2": 3153,
      "item3": 3111,
      "item4": 3065,
      "item5": 1011,
      "item6": 3340,
      "magicDamageDealtToChampions": 17444,
      "physicalDamageDealtToChampions": 10554,
      "totalDamageDealtToChampions": 28279,
      "trueDamageDealtPlayer": 660,
      "trueDamageDealtToChampions": 280,
      "trueDamageTaken": 2398,
      "wardPlaced": 8,
      "neutralMinionsKilledEnemyJungle": 2,
      "neutralMinionsKilledYourJungle": 18,
      "totalTimeCrowdControlDealt": 175
    }
  }
}