{
  "38143587": {
    "gameId": 818169101,
    "invalid": false,
    "gameMode": "CLASSIC",
    "gameType": "MATCHED_GAME",
    "subType": "NORMAL",
    "mapId": 1,
    "teamId": 200,
    "championId": 3,
    "spell1": 4,
    "spell2": 14,
    "level": 30,
    "ipEarned": 76,
    "createDate": 1398242381238,
    "fellowPlayers": [
      {
        "summonerId": 33539674,
        "teamId": 100,
        "championId": 4
      },
      {
        "summonerId": 37513950,
        "teamId": 100,
        "championId": 64
      },
      {
        "summonerId": 24461760,
        "teamId": 100,
        "championId": 89
      },
      {
        "summonerId": 22636392,
        "teamId": 200,
        "championId": 110
      },
      {
        "summonerId": 42993081,
        "teamId": 200,
        "championId": 17
      },
      {
        "summonerId": 26881100,
        "teamId": 200,
        "championId": 26
      },
      {
        "summonerId": 30392656,
        "teamId": 100,
        "championId": 29
      },
      {
        "summonerId": 29517233,
        "teamId": 200,
        "championId": 62
      },
      {
        "summonerId": 35473029,
        "teamId": 100,
        "championId": 43
      }
    ],
    "stats": {
      "level": 15,
      "goldEarned": 9852,
      "numDeaths": 3,
      "turretsKilled": 2,
      "minionsKilled": 159,
      "championsKilled": 6,
      "goldSpent": 8275,
      "totalDamageDealt": 123794,
      "totalDamageTaken": 16167,
      "killingSprees": 1,
      "largestKillingSpree": 4,
      "team": 200,
      "win": true,
      "neutralMinionsKilled": 17,
      "largestMultiKill": 1,
      "physicalDamageDealtPlayer": 18999,
      "magicDamageDealtPlayer": 103021,
      "physicalDamageTaken": 9067,
      "magicDamageTaken": 6274,
      "timePlayed": 1543,
      "totalHeal": 5589,
      "totalUnitsHealed": 1,
      "assists": 6,
      "item0": 3089,
      "item1": 3028,
      "item2": 3211,
      "item3": 3067,
      "item4": 3111,
      "item5": 1056,
      "item6": 3340,
      "magicDamageDealtToChampions": 13039,
      "physicalDamageDealtToChampions": 782,
      "totalDamageDealtToChampions": 14638,
      "trueDamageDealtPlayer": 1774,
      "trueDamageDealtToChampions": 816,
      "trueDamageTaken": 826,
      "wardPlaced": 3,
      "neutralMinionsKilledYourJungle": 17,
      "totalTimeCrowdControlDealt": 526
    }
  },
  "summonerCount": 10,
  "30392656": {
    "gameId": 818169101,
    "invalid": false,
    "gameMode": "CLASSIC",
    "gameType": "MATCHED_GAME",
    "subType": "NORMAL",
    "mapId": 1,
    "teamId": 100,
    "championId": 29,
    "spell1": 4,
    "spell2": 21,
    "level": 30,
    "ipEarned": 51,
    "createDate": 1398242381233,
    "fellowPlayers": [
      {
        "summonerId": 33539674,
        "teamId": 100,
        "championId": 4
      },
      {
        "summonerId": 37513950,
        "teamId": 100,
        "championId": 64
      },
      {
        "summonerId": 24461760,
        "teamId": 100,
        "championId": 89
      },
      {
        "summonerId": 22636392,
        "teamId": 200,
        "championId": 110
      },
      {
        "summonerId": 42993081,
        "teamId": 200,
        "championId": 17
      },
      {
        "summonerId": 26881100,
        "teamId": 200,
        "championId": 26
      },
      {
        "summonerId": 38143587,
        "teamId": 200,
        "championId": 3
      },
      {
        "summonerId": 29517233,
        "teamId": 200,
        "championId": 62
      },
      {
        "summonerId": 35473029,
        "teamId": 100,
        "championId": 43
      }
    ],
    "stats": {
      "level": 15,
      "goldEarned": 11062,
      "numDeaths": 9,
      "minionsKilled": 152,
      "championsKilled": 12,
      "goldSpent": 10360,
      "totalDamageDealt": 96596,
      "totalDamageTaken": 22213,
      "doubleKills": 3,
      "killingSprees": 5,
      "largestKillingSpree": 2,
      "team": 100,
      "win": false,
      "neutralMinionsKilled": 5,
      "largestMultiKill": 2,
      "physicalDamageDealtPlayer": 87526,
      "magicDamageDealtPlayer": 2983,
      "physicalDamageTaken": 13380,
      "magicDamageTaken": 7735,
      "largestCriticalStrike": 680,
      "timePlayed": 1543,
      "totalHeal": 899,
      "totalUnitsHealed": 1,
      "assists": 3,
      "item0": 3046,
      "item1": 3031,
      "item2": 3006,
      "item3": 1053,
      "item4": 1038,
      "item6": 3340,
      "magicDamageDealtToChampions": 1478,
      "physicalDamageDealtToChampions": 20361,
      "totalDamageDealtToChampions": 25169,
      "trueDamageDealtPlayer": 6086,
      "trueDamageDealtToChampions": 3330,
      "trueDamageTaken": 1097,
      "wardPlaced": 6,
      "neutralMinionsKilledYourJungle": 5,
      "totalTimeCrowdControlDealt": 467
    }
  },
  "24461760": {
    "gameId": 818169101,
    "invalid": false,
    "gameMode": "CLASSIC",
    "gameType": "MATCHED_GAME",
    "subType": "NORMAL",
    "mapId": 1,
    "teamId": 100,
    "championId": 89,
    "spell1": 7,
    "spell2": 4,
    "level": 30,
    "ipEarned": 51,
    "createDate": 1398242381234,
    "fellowPlayers": [
      {
        "summonerId": 33539674,
        "teamId": 100,
        "championId": 4
      },
      {
        "summonerId": 37513950,
        "teamId": 100,
        "championId": 64
      },
      {
        "summonerId": 22636392,
        "teamId": 200,
        "championId": 110
      },
      {
        "summonerId": 42993081,
        "teamId": 200,
        "championId": 17
      },
      {
        "summonerId": 26881100,
        "teamId": 200,
        "championId": 26
      },
      {
        "summonerId": 38143587,
        "teamId": 200,
        "championId": 3
      },
      {
        "summonerId": 30392656,
        "teamId": 100,
        "championId": 29
      },
      {
        "summonerId": 29517233,
        "teamId": 200,
        "championId": 62
      },
      {
        "summonerId": 35473029,
        "teamId": 100,
        "championId": 43
      }
    ],
    "stats": {
      "level": 13,
      "goldEarned": 7972,
      "numDeaths": 7,
      "turretsKilled": 1,
      "minionsKilled": 40,
      "championsKilled": 3,
      "goldSpent": 7825,
      "totalDamageDealt": 31938,
      "totalDamageTaken": 21982,
      "doubleKills": 1,
      "killingSprees": 1,
      "largestKillingSpree": 2,
      "team": 100,
      "win": false,
      "largestMultiKill": 2,
      "physicalDamageDealtPlayer": 11851,
      "magicDamageDealtPlayer": 18465,
      "physicalDamageTaken": 12506,
      "magicDamageTaken": 8987,
      "timePlayed": 1543,
      "totalHeal": 2682,
      "totalUnitsHealed": 2,
      "assists": 10,
      "item0": 3097,
      "item1": 3025,
      "item2": 3117,
      "item3": 3068,
      "item4": 1028,
      "item6": 3340,
      "magicDamageDealtToChampions": 5627,
      "physicalDamageDealtToChampions": 4519,
      "totalDamageDealtToChampions": 10146,
      "trueDamageDealtPlayer": 1621,
      "trueDamageTaken": 488,
      "wardPlaced": 5,
      "totalTimeCrowdControlDealt": 131
    }
  },
  "35473029": {
    "gameId": 818169101,
    "invalid": false,
    "gameMode": "CLASSIC",
    "gameType": "MATCHED_GAME",
    "subType": "NORMAL",
    "mapId": 1,
    "teamId": 100,
    "championId": 43,
    "spell1": 14,
    "spell2": 4,
    "level": 30,
    "ipEarned": 51,
    "createDate": 1398242381232,
    "fellowPlayers": [
      {
        "summonerId": 33539674,
        "teamId": 100,
        "championId": 4
      },
      {
        "summonerId": 37513950,
        "teamId": 100,
        "championId": 64
      },
      {
        "summonerId": 24461760,
        "teamId": 100,
        "championId": 89
      },
      {
        "summonerId": 22636392,
        "teamId": 200,
        "championId": 110
      },
      {
        "summonerId": 42993081,
        "teamId": 200,
        "championId": 17
      },
      {
        "summonerId": 26881100,
        "teamId": 200,
        "championId": 26
      },
      {
        "summonerId": 38143587,
        "teamId": 200,
        "championId": 3
      },
      {
        "summonerId": 30392656,
        "teamId": 100,
        "championId": 29
      },
      {
        "summonerId": 29517233,
        "teamId": 200,
        "championId": 62
      }
    ],
    "stats": {
      "level": 15,
      "goldEarned": 8060,
      "numDeaths": 3,
      "turretsKilled": 1,
      "minionsKilled": 197,
      "championsKilled": 2,
      "goldSpent": 8520,
      "totalDamageDealt": 96663,
      "totalDamageTaken": 10085,
      "killingSprees": 1,
      "largestKillingSpree": 2,
      "team": 100,
      "win": false,
      "neutralMinionsKilled": 5,
      "largestMultiKill": 1,
      "physicalDamageDealtPlayer": 15211,
      "magicDamageDealtPlayer": 81337,
      "physicalDamageTaken": 3952,
      "magicDamageTaken": 6017,
      "timePlayed": 1543,
      "totalHeal": 987,
      "totalUnitsHealed": 1,
      "item0": 3174,
      "item1": 3255,
      "item2": 3089,
      "item6": 3340,
      "magicDamageDealtToChampions": 9588,
      "physicalDamageDealtToChampions": 257,
      "totalDamageDealtToChampions": 9959,
      "trueDamageDealtPlayer": 114,
      "trueDamageDealtToChampions": 114,
      "trueDamageTaken": 116,
      "wardPlaced": 4,
      "neutralMinionsKilledYourJungle": 5,
      "totalTimeCrowdControlDealt": 409
    }
  },
  "33539674": {
    "gameId": 818169101,
    "invalid": false,
    "gameMode": "CLASSIC",
    "gameType": "MATCHED_GAME",
    "subType": "NORMAL",
    "mapId": 1,
    "teamId": 100,
    "championId": 4,
    "spell1": 14,
    "spell2": 4,
    "level": 30,
    "ipEarned": 51,
    "createDate": 1398242381231,
    "fellowPlayers": [
      {
        "summonerId": 37513950,
        "teamId": 100,
        "championId": 64
      },
      {
        "summonerId": 24461760,
        "teamId": 100,
        "championId": 89
      },
      {
        "summonerId": 22636392,
        "teamId": 200,
        "championId": 110
      },
      {
        "summonerId": 42993081,
        "teamId": 200,
        "championId": 17
      },
      {
        "summonerId": 26881100,
        "teamId": 200,
        "championId": 26
      },
      {
        "summonerId": 38143587,
        "teamId": 200,
        "championId": 3
      },
      {
        "summonerId": 30392656,
        "teamId": 100,
        "championId": 29
      },
      {
        "summonerId": 29517233,
        "teamId": 200,
        "championId": 62
      },
      {
        "summonerId": 35473029,
        "teamId": 100,
        "championId": 43
      }
    ],
    "stats": {
      "level": 13,
      "goldEarned": 7009,
      "numDeaths": 6,
      "minionsKilled": 74,
      "championsKilled": 1,
      "goldSpent": 6225,
      "totalDamageDealt": 69101,
      "totalDamageTaken": 13710,
      "team": 100,
      "win": false,
      "neutralMinionsKilled": 22,
      "largestMultiKill": 1,
      "physicalDamageDealtPlayer": 8038,
      "magicDamageDealtPlayer": 60723,
      "physicalDamageTaken": 5511,
      "magicDamageTaken": 7861,
      "timePlayed": 1543,
      "assists": 4,
      "item0": 1056,
      "item1": 3135,
      "item2": 3100,
      "item3": 1001,
      "item6": 3340,
      "visionWardsBought": 1,
      "magicDamageDealtToChampions": 5913,
      "physicalDamageDealtToChampions": 466,
      "totalDamageDealtToChampions": 6720,
      "trueDamageDealtPlayer": 340,
      "trueDamageDealtToChampions": 340,
      "trueDamageTaken": 337,
      "wardPlaced": 3,
      "neutralMinionsKilledYourJungle": 22,
      "totalTimeCrowdControlDealt": 160
    }
  },
  "37513950": {
    "gameId": 818169101,
    "invalid": false,
    "gameMode": "CLASSIC",
    "gameType": "MATCHED_GAME",
    "subType": "NORMAL",
    "mapId": 1,
    "teamId": 100,
    "championId": 64,
    "spell1": 11,
    "spell2": 4,
    "level": 30,
    "ipEarned": 51,
    "createDate": 1398242381235,
    "fellowPlayers": [
      {
        "summonerId": 33539674,
        "teamId": 100,
        "championId": 4
      },
      {
        "summonerId": 24461760,
        "teamId": 100,
        "championId": 89
      },
      {
        "summonerId": 22636392,
        "teamId": 200,
        "championId": 110
      },
      {
        "summonerId": 42993081,
        "teamId": 200,
        "championId": 17
      },
      {
        "summonerId": 26881100,
        "teamId": 200,
        "championId": 26
      },
      {
        "summonerId": 38143587,
        "teamId": 200,
        "championId": 3
      },
      {
        "summonerId": 30392656,
        "teamId": 100,
        "championId": 29
      },
      {
        "summonerId": 29517233,
        "teamId": 200,
        "championId": 62
      },
      {
        "summonerId": 35473029,
        "teamId": 100,
        "championId": 43
      }
    ],
    "stats": {
      "level": 7,
      "goldEarned": 5375,
      "numDeaths": 2,
      "minionsKilled": 14,
      "championsKilled": 4,
      "goldSpent": 3030,
      "totalDamageDealt": 21010,
      "totalDamageTaken": 4576,
      "killingSprees": 1,
      "largestKillingSpree": 2,
      "team": 100,
      "win": false,
      "neutralMinionsKilled": 18,
      "largestMultiKill": 1,
      "physicalDamageDealtPlayer": 14774,
      "magicDamageDealtPlayer": 4506,
      "physicalDamageTaken": 3797,
      "magicDamageTaken": 624,
      "timePlayed": 1543,
      "totalHeal": 744,
      "totalUnitsHealed": 1,
      "assists": 1,
      "item0": 1080,
      "item1": 2003,
      "item2": 3047,
      "item3": 1036,
      "item4": 1036,
      "item5": 1028,
      "item6": 3340,
      "magicDamageDealtToChampions": 427,
      "physicalDamageDealtToChampions": 1753,
      "totalDamageDealtToChampions": 2278,
      "trueDamageDealtPlayer": 1730,
      "trueDamageDealtToChampions": 98,
      "trueDamageTaken": 154,
      "neutralMinionsKilledYourJungle": 18,
      "totalTimeCrowdControlDealt": 268
    }
  },
  "22636392": {
    "gameId": 818169101,
    "invalid": false,
    "gameMode": "CLASSIC",
    "gameType": "MATCHED_GAME",
    "subType": "NORMAL",
    "mapId": 1,
    "teamId": 200,
    "championId": 110,
    "spell1": 4,
    "spell2": 7,
    "level": 30,
    "ipEarned": 76,
    "createDate": 1398242381237,
    "fellowPlayers": [
      {
        "summonerId": 33539674,
        "teamId": 100,
        "championId": 4
      },
      {
        "summonerId": 37513950,
        "teamId": 100,
        "championId": 64
      },
      {
        "summonerId": 24461760,
        "teamId": 100,
        "championId": 89
      },
      {
        "summonerId": 42993081,
        "teamId": 200,
        "championId": 17
      },
      {
        "summonerId": 26881100,
        "teamId": 200,
        "championId": 26
      },
      {
        "summonerId": 38143587,
        "teamId": 200,
        "championId": 3
      },
      {
        "summonerId": 30392656,
        "teamId": 100,
        "championId": 29
      },
      {
        "summonerId": 29517233,
        "teamId": 200,
        "championId": 62
      },
      {
        "summonerId": 35473029,
        "teamId": 100,
        "championId": 43
      }
    ],
    "stats": {
      "level": 13,
      "goldEarned": 8460,
      "numDeaths": 6,
      "minionsKilled": 114,
      "championsKilled": 5,
      "goldSpent": 6260,
      "totalDamageDealt": 62955,
      "totalDamageTaken": 17335,
      "killingSprees": 1,
      "largestKillingSpree": 2,
      "team": 200,
      "win": true,
      "neutralMinionsKilled": 6,
      "largestMultiKill": 1,
      "physicalDamageDealtPlayer": 55837,
      "magicDamageDealtPlayer": 7049,
      "physicalDamageTaken": 11935,
      "magicDamageTaken": 3819,
      "largestCriticalStrike": 456,
      "timePlayed": 1543,
      "totalHeal": 3042,
      "totalUnitsHealed": 3,
      "assists": 5,
      "item0": 1055,
      "item1": 3006,
      "item2": 1055,
      "item3": 3072,
      "item4": 3086,
      "item6": 3340,
      "magicDamageDealtToChampions": 2905,
      "physicalDamageDealtToChampions": 9481,
      "totalDamageDealtToChampions": 12455,
      "trueDamageDealtPlayer": 68,
      "trueDamageDealtToChampions": 68,
      "trueDamageTaken": 1580,
      "wardPlaced": 4,
      "neutralMinionsKilledEnemyJungle": 3,
      "neutralMinionsKilledYourJungle": 3,
      "totalTimeCrowdControlDealt": 135
    }
  },
  "26881100": {
    "gameId": 818169101,
    "invalid": false,
    "gameMode": "CLASSIC",
    "gameType": "MATCHED_GAME",
    "subType": "NORMAL",
    "mapId": 1,
    "teamId": 200,
    "championId": 26,
    "spell1": 4,
    "spell2": 21,
    "level": 30,
    "ipEarned": 76,
    "createDate": 1398242381239,
    "fellowPlayers": [
      {
        "summonerId": 33539674,
        "teamId": 100,
        "championId": 4
      },
      {
        "summonerId": 37513950,
        "teamId": 100,
        "championId": 64
      },
      {
        "summonerId": 24461760,
        "teamId": 100,
        "championId": 89
      },
      {
        "summonerId": 22636392,
        "teamId": 200,
        "championId": 110
      },
      {
        "summonerId": 42993081,
        "teamId": 200,
        "championId": 17
      },
      {
        "summonerId": 38143587,
        "teamId": 200,
        "championId": 3
      },
      {
        "summonerId": 30392656,
        "teamId": 100,
        "championId": 29
      },
      {
        "summonerId": 29517233,
        "teamId": 200,
        "championId": 62
      },
      {
        "summonerId": 35473029,
        "teamId": 100,
        "championId": 43
      }
    ],
    "stats": {
      "level": 12,
      "goldEarned": 6278,
      "numDeaths": 4,
      "minionsKilled": 25,
      "championsKilled": 3,
      "goldSpent": 5455,
      "totalDamageDealt": 24974,
      "totalDamageTaken": 10865,
      "killingSprees": 1,
      "largestKillingSpree": 2,
      "team": 200,
      "win": true,
      "largestMultiKill": 1,
      "physicalDamageDealtPlayer": 7838,
      "magicDamageDealtPlayer": 17136,
      "physicalDamageTaken": 7616,
      "magicDamageTaken": 2582,
      "timePlayed": 1543,
      "totalHeal": 1052,
      "totalUnitsHealed": 1,
      "assists": 7,
      "item0": 3003,
      "item1": 3041,
      "item6": 3340,
      "sightWardsBought": 1,
      "magicDamageDealtToChampions": 5422,
      "physicalDamageDealtToChampions": 990,
      "totalDamageDealtToChampions": 6412,
      "trueDamageTaken": 666,
      "wardPlaced": 7,
      "totalTimeCrowdControlDealt": 7
    }
  },
  "42993081": {
    "gameId": 818169101,
    "invalid": false,
    "gameMode": "CLASSIC",
    "gameType": "MATCHED_GAME",
    "subType": "NORMAL",
    "mapId": 1,
    "teamId": 200,
    "championId": 17,
    "spell1": 4,
    "spell2": 12,
    "level": 30,
    "ipEarned": 226,
    "createDate": 1398242381236,
    "fellowPlayers": [
      {
        "summonerId": 33539674,
        "teamId": 100,
        "championId": 4
      },
      {
        "summonerId": 37513950,
        "teamId": 100,
        "championId": 64
      },
      {
        "summonerId": 24461760,
        "teamId": 100,
        "championId": 89
      },
      {
        "summonerId": 22636392,
        "teamId": 200,
        "championId": 110
      },
      {
        "summonerId": 26881100,
        "teamId": 200,
        "championId": 26
      },
      {
        "summonerId": 38143587,
        "teamId": 200,
        "championId": 3
      },
      {
        "summonerId": 30392656,
        "teamId": 100,
        "championId": 29
      },
      {
        "summonerId": 29517233,
        "teamId": 200,
        "championId": 62
      },
      {
        "summonerId": 35473029,
        "teamId": 100,
        "championId": 43
      }
    ],
    "stats": {
      "level": 14,
      "goldEarned": 7783,
      "numDeaths": 5,
      "turretsKilled": 1,
      "minionsKilled": 129,
      "championsKilled": 3,
      "goldSpent": 7630,
      "totalDamageDealt": 62533,
      "totalDamageTaken": 11013,
      "team": 200,
      "win": true,
      "neutralMinionsKilled": 1,
      "largestMultiKill": 1,
      "physicalDamageDealtPlayer": 20072,
      "magicDamageDealtPlayer": 42461,
      "physicalDamageTaken": 4267,
      "magicDamageTaken": 6248,
      "timePlayed": 1543,
      "totalHeal": 275,
      "totalUnitsHealed": 1,
      "assists": 3,
      "item0": 1056,
      "item1": 1058,
      "item2": 1026,
      "item3": 3020,
      "item4": 3115,
      "item6": 3340,
      "magicDamageDealtToChampions": 9858,
      "physicalDamageDealtToChampions": 1537,
      "totalDamageDealtToChampions": 11395,
      "trueDamageTaken": 498,
      "wardPlaced": 38,
      "neutralMinionsKilledEnemyJungle": 1,
      "totalTimeCrowdControlDealt": 215
    }
  },
  "38143587": {
    "gameId": 818169101,
    "invalid": false,
    "gameMode": "CLASSIC",
    "gameType": "MATCHED_GAME",
    "subType": "NORMAL",
    "mapId": 1,
    "teamId": 200,
    "championId": 3,
    "spell1": 4,
    "spell2": 14,
    "level": 30,
    "ipEarned": 76,
    "createDate": 1398242381238,
    "fellowPlayers": [
      {
        "summonerId": 33539674,
        "teamId": 100,
        "championId": 4
      },
      {
        "summonerId": 37513950,
        "teamId": 100,
        "championId": 64
      },
      {
        "summonerId": 24461760,
        "teamId": 100,
        "championId": 89
      },
      {
        "summonerId": 22636392,
        "teamId": 200,
        "championId": 110
      },
      {
        "summonerId": 42993081,
        "teamId": 200,
        "championId": 17
      },
      {
        "summonerId": 26881100,
        "teamId": 200,
        "championId": 26
      },
      {
        "summonerId": 30392656,
        "teamId": 100,
        "championId": 29
      },
      {
        "summonerId": 29517233,
        "teamId": 200,
        "championId": 62
      },
      {
        "summonerId": 35473029,
        "teamId": 100,
        "championId": 43
      }
    ],
    "stats": {
      "level": 15,
      "goldEarned": 9852,
      "numDeaths": 3,
      "turretsKilled": 2,
      "minionsKilled": 159,
      "championsKilled": 6,
      "goldSpent": 8275,
      "totalDamageDealt": 123794,
      "totalDamageTaken": 16167,
      "killingSprees": 1,
      "largestKillingSpree": 4,
      "team": 200,
      "win": true,
      "neutralMinionsKilled": 17,
      "largestMultiKill": 1,
      "physicalDamageDealtPlayer": 18999,
      "magicDamageDealtPlayer": 103021,
      "physicalDamageTaken": 9067,
      "magicDamageTaken": 6274,
      "timePlayed": 1543,
      "totalHeal": 5589,
      "totalUnitsHealed": 1,
      "assists": 6,
      "item0": 3089,
      "item1": 3028,
      "item2": 3211,
      "item3": 3067,
      "item4": 3111,
      "item5": 1056,
      "item6": 3340,
      "magicDamageDealtToChampions": 13039,
      "physicalDamageDealtToChampions": 782,
      "totalDamageDealtToChampions": 14638,
      "trueDamageDealtPlayer": 1774,
      "trueDamageDealtToChampions": 816,
      "trueDamageTaken": 826,
      "wardPlaced": 3,
      "neutralMinionsKilledYourJungle": 17,
      "totalTimeCrowdControlDealt": 526
    }
  }
}