{
  "27977567": {
    "gameId": 818169458,
    "invalid": false,
    "gameMode": "CLASSIC",
    "gameType": "MATCHED_GAME",
    "subType": "RANKED_SOLO_5x5",
    "mapId": 1,
    "teamId": 100,
    "championId": 62,
    "spell1": 11,
    "spell2": 4,
    "level": 30,
    "ipEarned": 65,
    "createDate": 1398243317274,
    "fellowPlayers": [
      {
        "summonerId": 30448394,
        "teamId": 200,
        "championId": 77
      },
      {
        "summonerId": 19324661,
        "teamId": 200,
        "championId": 254
      },
      {
        "summonerId": 22785088,
        "teamId": 200,
        "championId": 67
      },
      {
        "summonerId": 21554423,
        "teamId": 100,
        "championId": 51
      },
      {
        "summonerId": 34925386,
        "teamId": 200,
        "championId": 238
      },
      {
        "summonerId": 41604311,
        "teamId": 100,
        "championId": 115
      },
      {
        "summonerId": 36548079,
        "teamId": 200,
        "championId": 43
      },
      {
        "summonerId": 26275776,
        "teamId": 100,
        "championId": 13
      },
      {
        "summonerId": 23854360,
        "teamId": 100,
        "championId": 117
      }
    ],
    "stats": {
      "level": 15,
      "goldEarned": 9180,
      "numDeaths": 4,
      "minionsKilled": 35,
      "championsKilled": 3,
      "goldSpent": 8925,
      "totalDamageDealt": 122511,
      "totalDamageTaken": 27832,
      "killingSprees": 1,
      "largestKillingSpree": 2,
      "team": 100,
      "win": false,
      "neutralMinionsKilled": 81,
      "largestMultiKill": 1,
      "physicalDamageDealtPlayer": 106161,
      "magicDamageDealtPlayer": 5102,
      "physicalDamageTaken": 23994,
      "magicDamageTaken": 2705,
      "timePlayed": 2135,
      "totalHeal": 4254,
      "totalUnitsHealed": 1,
      "assists": 3,
      "item0": 3209,
      "item1": 3265,
      "item2": 3143,
      "item3": 1053,
      "item4": 1037,
      "item6": 3340,
      "sightWardsBought": 3,
      "magicDamageDealtToChampions": 222,
      "physicalDamageDealtToChampions": 13536,
      "totalDamageDealtToChampions": 15706,
      "trueDamageDealtPlayer": 11247,
      "trueDamageDealtToChampions": 1947,
      "trueDamageTaken": 1132,
      "wardKilled": 1,
      "wardPlaced": 10,
      "neutralMinionsKilledEnemyJungle": 5,
      "neutralMinionsKilledYourJungle": 76,
      "totalTimeCrowdControlDealt": 427
    }
  },
  "summonerCount": 10,
  "36548079": {
    "gameId": 818169458,
    "invalid": false,
    "gameMode": "CLASSIC",
    "gameType": "MATCHED_GAME",
    "subType": "RANKED_SOLO_5x5",
    "mapId": 1,
    "teamId": 200,
    "championId": 43,
    "spell1": 3,
    "spell2": 4,
    "level": 30,
    "ipEarned": 249,
    "createDate": 1398243317279,
    "fellowPlayers": [
      {
        "summonerId": 30448394,
        "teamId": 200,
        "championId": 77
      },
      {
        "summonerId": 19324661,
        "teamId": 200,
        "championId": 254
      },
      {
        "summonerId": 27977567,
        "teamId": 100,
        "championId": 62
      },
      {
        "summonerId": 22785088,
        "teamId": 200,
        "championId": 67
      },
      {
        "summonerId": 21554423,
        "teamId": 100,
        "championId": 51
      },
      {
        "summonerId": 34925386,
        "teamId": 200,
        "championId": 238
      },
      {
        "summonerId": 41604311,
        "teamId": 100,
        "championId": 115
      },
      {
        "summonerId": 26275776,
        "teamId": 100,
        "championId": 13
      },
      {
        "summonerId": 23854360,
        "teamId": 100,
        "championId": 117
      }
    ],
    "stats": {
      "level": 15,
      "goldEarned": 11562,
      "numDeaths": 2,
      "minionsKilled": 20,
      "championsKilled": 2,
      "goldSpent": 9375,
      "totalDamageDealt": 34387,
      "totalDamageTaken": 20399,
      "killingSprees": 1,
      "largestKillingSpree": 2,
      "team": 200,
      "win": true,
      "largestMultiKill": 1,
      "physicalDamageDealtPlayer": 5221,
      "magicDamageDealtPlayer": 29166,
      "physicalDamageTaken": 11292,
      "magicDamageTaken": 8666,
      "timePlayed": 2135,
      "totalHeal": 3443,
      "totalUnitsHealed": 1,
      "assists": 14,
      "item0": 3098,
      "item1": 2049,
      "item2": 3190,
      "item3": 3102,
      "item4": 3255,
      "item6": 3341,
      "sightWardsBought": 1,
      "visionWardsBought": 3,
      "magicDamageDealtToChampions": 13093,
      "physicalDamageDealtToChampions": 1320,
      "totalDamageDealtToChampions": 14413,
      "trueDamageTaken": 440,
      "wardKilled": 4,
      "wardPlaced": 26,
      "totalTimeCrowdControlDealt": 273
    }
  },
  "19324661": {
    "gameId": 818169458,
    "invalid": false,
    "gameMode": "CLASSIC",
    "gameType": "MATCHED_GAME",
    "subType": "RANKED_SOLO_5x5",
    "mapId": 1,
    "teamId": 200,
    "championId": 254,
    "spell1": 4,
    "spell2": 11,
    "level": 30,
    "ipEarned": 249,
    "createDate": 1398243317278,
    "fellowPlayers": [
      {
        "summonerId": 30448394,
        "teamId": 200,
        "championId": 77
      },
      {
        "summonerId": 27977567,
        "teamId": 100,
        "championId": 62
      },
      {
        "summonerId": 22785088,
        "teamId": 200,
        "championId": 67
      },
      {
        "summonerId": 21554423,
        "teamId": 100,
        "championId": 51
      },
      {
        "summonerId": 34925386,
        "teamId": 200,
        "championId": 238
      },
      {
        "summonerId": 41604311,
        "teamId": 100,
        "championId": 115
      },
      {
        "summonerId": 36548079,
        "teamId": 200,
        "championId": 43
      },
      {
        "summonerId": 26275776,
        "teamId": 100,
        "championId": 13
      },
      {
        "summonerId": 23854360,
        "teamId": 100,
        "championId": 117
      }
    ],
    "stats": {
      "level": 17,
      "goldEarned": 12894,
      "numDeaths": 4,
      "minionsKilled": 32,
      "championsKilled": 5,
      "goldSpent": 11860,
      "totalDamageDealt": 149877,
      "totalDamageTaken": 21489,
      "killingSprees": 2,
      "largestKillingSpree": 3,
      "team": 200,
      "win": true,
      "neutralMinionsKilled": 88,
      "largestMultiKill": 1,
      "physicalDamageDealtPlayer": 131657,
      "magicDamageDealtPlayer": 774,
      "physicalDamageTaken": 12152,
      "magicDamageTaken": 8221,
      "largestCriticalStrike": 343,
      "timePlayed": 2135,
      "totalHeal": 3973,
      "totalUnitsHealed": 1,
      "assists": 9,
      "item0": 3209,
      "item1": 3009,
      "item2": 3025,
      "item3": 3071,
      "item4": 3102,
      "item6": 3341,
      "physicalDamageDealtToChampions": 13801,
      "totalDamageDealtToChampions": 15232,
      "trueDamageDealtPlayer": 17445,
      "trueDamageDealtToChampions": 1430,
      "trueDamageTaken": 1114,
      "neutralMinionsKilledEnemyJungle": 9,
      "neutralMinionsKilledYourJungle": 79,
      "totalTimeCrowdControlDealt": 395
    }
  },
  "21554423": {
    "gameId": 818169458,
    "invalid": false,
    "gameMode": "CLASSIC",
    "gameType": "MATCHED_GAME",
    "subType": "RANKED_SOLO_5x5",
    "mapId": 1,
    "teamId": 100,
    "championId": 51,
    "spell1": 7,
    "spell2": 4,
    "level": 30,
    "ipEarned": 65,
    "createDate": 1398243317275,
    "fellowPlayers": [
      {
        "summonerId": 30448394,
        "teamId": 200,
        "championId": 77
      },
      {
        "summonerId": 19324661,
        "teamId": 200,
        "championId": 254
      },
      {
        "summonerId": 27977567,
        "teamId": 100,
        "championId": 62
      },
      {
        "summonerId": 22785088,
        "teamId": 200,
        "championId": 67
      },
      {
        "summonerId": 34925386,
        "teamId": 200,
        "championId": 238
      },
      {
        "summonerId": 41604311,
        "teamId": 100,
        "championId": 115
      },
      {
        "summonerId": 36548079,
        "teamId": 200,
        "championId": 43
      },
      {
        "summonerId": 26275776,
        "teamId": 100,
        "championId": 13
      },
      {
        "summonerId": 23854360,
        "teamId": 100,
        "championId": 117
      }
    ],
    "stats": {
      "level": 16,
      "goldEarned": 11967,
      "numDeaths": 9,
      "turretsKilled": 2,
      "minionsKilled": 192,
      "championsKilled": 7,
      "goldSpent": 12120,
      "totalDamageDealt": 128209,
      "totalDamageTaken": 24300,
      "killingSprees": 2,
      "largestKillingSpree": 3,
      "team": 100,
      "win": false,
      "neutralMinionsKilled": 12,
      "largestMultiKill": 1,
      "physicalDamageDealtPlayer": 125331,
      "magicDamageDealtPlayer": 2403,
      "physicalDamageTaken": 18466,
      "magicDamageTaken": 4310,
      "largestCriticalStrike": 616,
      "timePlayed": 2135,
      "totalHeal": 3374,
      "totalUnitsHealed": 3,
      "assists": 6,
      "item0": 3153,
      "item1": 1018,
      "item2": 3072,
      "item3": 1038,
      "item4": 3250,
      "item5": 1037,
      "item6": 3340,
      "magicDamageDealtToChampions": 2203,
      "physicalDamageDealtToChampions": 16581,
      "totalDamageDealtToChampions": 19127,
      "trueDamageDealtPlayer": 474,
      "trueDamageDealtToChampions": 342,
      "trueDamageTaken": 1523,
      "wardKilled": 2,
      "wardPlaced": 2,
      "neutralMinionsKilledEnemyJungle": 2,
      "neutralMinionsKilledYourJungle": 10,
      "totalTimeCrowdControlDealt": 140
    }
  },
  "30448394": {
    "gameId": 818169458,
    "invalid": false,
    "gameMode": "CLASSIC",
    "gameType": "MATCHED_GAME",
    "subType": "RANKED_SOLO_5x5",
    "mapId": 1,
    "teamId": 200,
    "championId": 77,
    "spell1": 4,
    "spell2": 12,
    "level": 30,
    "ipEarned": 99,
    "createDate": 1398243317277,
    "fellowPlayers": [
      {
        "summonerId": 19324661,
        "teamId": 200,
        "championId": 254
      },
      {
        "summonerId": 27977567,
        "teamId": 100,
        "championId": 62
      },
      {
        "summonerId": 22785088,
        "teamId": 200,
        "championId": 67
      },
      {
        "summonerId": 21554423,
        "teamId": 100,
        "championId": 51
      },
      {
        "summonerId": 34925386,
        "teamId": 200,
        "championId": 238
      },
      {
        "summonerId": 41604311,
        "teamId": 100,
        "championId": 115
      },
      {
        "summonerId": 36548079,
        "teamId": 200,
        "championId": 43
      },
      {
        "summonerId": 26275776,
        "teamId": 100,
        "championId": 13
      },
      {
        "summonerId": 23854360,
        "teamId": 100,
        "championId": 117
      }
    ],
    "stats": {
      "level": 18,
      "goldEarned": 15446,
      "numDeaths": 2,
      "barracksKilled": 2,
      "turretsKilled": 5,
      "minionsKilled": 188,
      "championsKilled": 11,
      "goldSpent": 14548,
      "totalDamageDealt": 125965,
      "totalDamageTaken": 33046,
      "doubleKills": 1,
      "killingSprees": 3,
      "largestKillingSpree": 5,
      "team": 200,
      "win": true,
      "neutralMinionsKilled": 5,
      "largestMultiKill": 2,
      "physicalDamageDealtPlayer": 125965,
      "physicalDamageTaken": 14297,
      "magicDamageTaken": 17548,
      "largestCriticalStrike": 592,
      "timePlayed": 2135,
      "totalHeal": 1050,
      "totalUnitsHealed": 1,
      "assists": 10,
      "item0": 3078,
      "item1": 3110,
      "item2": 3047,
      "item3": 3172,
      "item4": 3102,
      "item6": 3340,
      "physicalDamageDealtToChampions": 25452,
      "totalDamageDealtToChampions": 25452,
      "trueDamageTaken": 1200,
      "wardPlaced": 2,
      "neutralMinionsKilledEnemyJungle": 3,
      "neutralMinionsKilledYourJungle": 2,
      "totalTimeCrowdControlDealt": 699
    }
  },
  "41604311": {
    "gameId": 818169458,
    "invalid": false,
    "gameMode": "CLASSIC",
    "gameType": "MATCHED_GAME",
    "subType": "RANKED_SOLO_5x5",
    "mapId": 1,
    "teamId": 100,
    "championId": 115,
    "spell1": 4,
    "spell2": 7,
    "level": 30,
    "ipEarned": 65,
    "createDate": 1398243317272,
    "fellowPlayers": [
      {
        "summonerId": 30448394,
        "teamId": 200,
        "championId": 77
      },
      {
        "summonerId": 19324661,
        "teamId": 200,
        "championId": 254
      },
      {
        "summonerId": 27977567,
        "teamId": 100,
        "championId": 62
      },
      {
        "summonerId": 22785088,
        "teamId": 200,
        "championId": 67
      },
      {
        "summonerId": 21554423,
        "teamId": 100,
        "championId": 51
      },
      {
        "summonerId": 34925386,
        "teamId": 200,
        "championId": 238
      },
      {
        "summonerId": 36548079,
        "teamId": 200,
        "championId": 43
      },
      {
        "summonerId": 26275776,
        "teamId": 100,
        "championId": 13
      },
      {
        "summonerId": 23854360,
        "teamId": 100,
        "championId": 117
      }
    ],
    "stats": {
      "level": 16,
      "goldEarned": 11532,
      "numDeaths": 7,
      "turretsKilled": 1,
      "minionsKilled": 239,
      "championsKilled": 4,
      "goldSpent": 10785,
      "totalDamageDealt": 157281,
      "totalDamageTaken": 18436,
      "killingSprees": 2,
      "largestKillingSpree": 2,
      "team": 100,
      "win": false,
      "neutralMinionsKilled": 4,
      "largestMultiKill": 1,
      "physicalDamageDealtPlayer": 12726,
      "magicDamageDealtPlayer": 144554,
      "physicalDamageTaken": 16068,
      "magicDamageTaken": 1637,
      "timePlayed": 2135,
      "totalHeal": 2808,
      "totalUnitsHealed": 3,
      "assists": 5,
      "item0": 3089,
      "item1": 3174,
      "item4": 3135,
      "item5": 3255,
      "item6": 3340,
      "sightWardsBought": 1,
      "magicDamageDealtToChampions": 25037,
      "physicalDamageDealtToChampions": 1361,
      "totalDamageDealtToChampions": 26398,
      "trueDamageTaken": 730,
      "wardPlaced": 8,
      "neutralMinionsKilledEnemyJungle": 1,
      "neutralMinionsKilledYourJungle": 3,
      "totalTimeCrowdControlDealt": 428
    }
  },
  "23854360": {
    "gameId": 818169458,
    "invalid": false,
    "gameMode": "CLASSIC",
    "gameType": "MATCHED_GAME",
    "subType": "RANKED_SOLO_5x5",
    "mapId": 1,
    "teamId": 100,
    "championId": 117,
    "spell1": 7,
    "spell2": 4,
    "level": 30,
    "ipEarned": 65,
    "createDate": 1398243317273,
    "fellowPlayers": [
      {
        "summonerId": 30448394,
        "teamId": 200,
        "championId": 77
      },
      {
        "summonerId": 19324661,
        "teamId": 200,
        "championId": 254
      },
      {
        "summonerId": 27977567,
        "teamId": 100,
        "championId": 62
      },
      {
        "summonerId": 22785088,
        "teamId": 200,
        "championId": 67
      },
      {
        "summonerId": 21554423,
        "teamId": 100,
        "championId": 51
      },
      {
        "summonerId": 34925386,
        "teamId": 200,
        "championId": 238
      },
      {
        "summonerId": 41604311,
        "teamId": 100,
        "championId": 115
      },
      {
        "summonerId": 36548079,
        "teamId": 200,
        "championId": 43
      },
      {
        "summonerId": 26275776,
        "teamId": 100,
        "championId": 13
      }
    ],
    "stats": {
      "level": 15,
      "goldEarned": 9097,
      "numDeaths": 5,
      "minionsKilled": 20,
      "championsKilled": 2,
      "goldSpent": 8340,
      "totalDamageDealt": 29323,
      "totalDamageTaken": 21052,
      "killingSprees": 1,
      "largestKillingSpree": 2,
      "team": 100,
      "win": false,
      "largestMultiKill": 1,
      "physicalDamageDealtPlayer": 7275,
      "magicDamageDealtPlayer": 21317,
      "physicalDamageTaken": 13831,
      "magicDamageTaken": 5152,
      "timePlayed": 2135,
      "totalHeal": 3187,
      "totalUnitsHealed": 3,
      "assists": 10,
      "item0": 3069,
      "item1": 3110,
      "item2": 3260,
      "item3": 1028,
      "item4": 1031,
      "item5": 1057,
      "item6": 3341,
      "sightWardsBought": 3,
      "magicDamageDealtToChampions": 10059,
      "physicalDamageDealtToChampions": 2431,
      "totalDamageDealtToChampions": 13220,
      "trueDamageDealtPlayer": 730,
      "trueDamageDealtToChampions": 730,
      "trueDamageTaken": 2068,
      "wardKilled": 1,
      "wardPlaced": 3,
      "totalTimeCrowdControlDealt": 1247
    }
  },
  "26275776": {
    "gameId": 818169458,
    "invalid": false,
    "gameMode": "CLASSIC",
    "gameType": "MATCHED_GAME",
    "subType": "RANKED_SOLO_5x5",
    "mapId": 1,
    "teamId": 100,
    "championId": 13,
    "spell1": 4,
    "spell2": 12,
    "level": 30,
    "ipEarned": 65,
    "createDate": 1398243317276,
    "fellowPlayers": [
      {
        "summonerId": 30448394,
        "teamId": 200,
        "championId": 77
      },
      {
        "summonerId": 19324661,
        "teamId": 200,
        "championId": 254
      },
      {
        "summonerId": 27977567,
        "teamId": 100,
        "championId": 62
      },
      {
        "summonerId": 22785088,
        "teamId": 200,
        "championId": 67
      },
      {
        "summonerId": 21554423,
        "teamId": 100,
        "championId": 51
      },
      {
        "summonerId": 34925386,
        "teamId": 200,
        "championId": 238
      },
      {
        "summonerId": 41604311,
        "teamId": 100,
        "championId": 115
      },
      {
        "summonerId": 36548079,
        "teamId": 200,
        "championId": 43
      },
      {
        "summonerId": 23854360,
        "teamId": 100,
        "championId": 117
      }
    ],
    "stats": {
      "level": 15,
      "goldEarned": 9867,
      "numDeaths": 10,
      "minionsKilled": 194,
      "championsKilled": 2,
      "goldSpent": 9585,
      "totalDamageDealt": 120620,
      "totalDamageTaken": 32036,
      "team": 100,
      "win": false,
      "neutralMinionsKilled": 3,
      "largestMultiKill": 1,
      "physicalDamageDealtPlayer": 18223,
      "magicDamageDealtPlayer": 102397,
      "physicalDamageTaken": 26735,
      "magicDamageTaken": 4161,
      "timePlayed": 2135,
      "assists": 4,
      "item0": 3040,
      "item1": 3027,
      "item2": 3110,
      "item3": 3020,
      "item6": 3340,
      "magicDamageDealtToChampions": 21122,
      "physicalDamageDealtToChampions": 1175,
      "totalDamageDealtToChampions": 22297,
      "trueDamageTaken": 1139,
      "wardPlaced": 6,
      "neutralMinionsKilledEnemyJungle": 1,
      "neutralMinionsKilledYourJungle": 2,
      "totalTimeCrowdControlDealt": 173
    }
  },
  "22785088": {
    "gameId": 818169458,
    "invalid": false,
    "gameMode": "CLASSIC",
    "gameType": "MATCHED_GAME",
    "subType": "RANKED_SOLO_5x5",
    "mapId": 1,
    "teamId": 200,
    "championId": 67,
    "spell1": 4,
    "spell2": 7,
    "level": 30,
    "ipEarned": 99,
    "createDate": 1398243317281,
    "fellowPlayers": [
      {
        "summonerId": 30448394,
        "teamId": 200,
        "championId": 77
      },
      {
        "summonerId": 19324661,
        "teamId": 200,
        "championId": 254
      },
      {
        "summonerId": 27977567,
        "teamId": 100,
        "championId": 62
      },
      {
        "summonerId": 21554423,
        "teamId": 100,
        "championId": 51
      },
      {
        "summonerId": 34925386,
        "teamId": 200,
        "championId": 238
      },
      {
        "summonerId": 41604311,
        "teamId": 100,
        "championId": 115
      },
      {
        "summonerId": 36548079,
        "teamId": 200,
        "championId": 43
      },
      {
        "summonerId": 26275776,
        "teamId": 100,
        "championId": 13
      },
      {
        "summonerId": 23854360,
        "teamId": 100,
        "championId": 117
      }
    ],
    "stats": {
      "level": 17,
      "goldEarned": 14597,
      "numDeaths": 5,
      "turretsKilled": 4,
      "minionsKilled": 185,
      "championsKilled": 9,
      "goldSpent": 12280,
      "totalDamageDealt": 155774,
      "totalDamageTaken": 24035,
      "killingSprees": 3,
      "largestKillingSpree": 4,
      "team": 200,
      "win": true,
      "neutralMinionsKilled": 12,
      "largestMultiKill": 1,
      "physicalDamageDealtPlayer": 116048,
      "magicDamageDealtPlayer": 28108,
      "physicalDamageTaken": 12127,
      "magicDamageTaken": 11410,
      "largestCriticalStrike": 734,
      "timePlayed": 2135,
      "totalHeal": 3502,
      "totalUnitsHealed": 3,
      "assists": 10,
      "item0": 3046,
      "item1": 3006,
      "item2": 3087,
      "item3": 3035,
      "item4": 3072,
      "item6": 3340,
      "magicDamageDealtToChampions": 4070,
      "physicalDamageDealtToChampions": 16639,
      "totalDamageDealtToChampions": 24706,
      "trueDamageDealtPlayer": 11617,
      "trueDamageDealtToChampions": 3996,
      "trueDamageTaken": 496,
      "wardPlaced": 2,
      "neutralMinionsKilledEnemyJungle": 3,
      "neutralMinionsKilledYourJungle": 9,
      "totalTimeCrowdControlDealt": 17
    }
  },
  "27977567": {
    "gameId": 818169458,
    "invalid": false,
    "gameMode": "CLASSIC",
    "gameType": "MATCHED_GAME",
    "subType": "RANKED_SOLO_5x5",
    "mapId": 1,
    "teamId": 100,
    "championId": 62,
    "spell1": 11,
    "spell2": 4,
    "level": 30,
    "ipEarned": 65,
    "createDate": 1398243317274,
    "fellowPlayers": [
      {
        "summonerId": 30448394,
        "teamId": 200,
        "championId": 77
      },
      {
        "summonerId": 19324661,
        "teamId": 200,
        "championId": 254
      },
      {
        "summonerId": 22785088,
        "teamId": 200,
        "championId": 67
      },
      {
        "summonerId": 21554423,
        "teamId": 100,
        "championId": 51
      },
      {
        "summonerId": 34925386,
        "teamId": 200,
        "championId": 238
      },
      {
        "summonerId": 41604311,
        "teamId": 100,
        "championId": 115
      },
      {
        "summonerId": 36548079,
        "teamId": 200,
        "championId": 43
      },
      {
        "summonerId": 26275776,
        "teamId": 100,
        "championId": 13
      },
      {
        "summonerId": 23854360,
        "teamId": 100,
        "championId": 117
      }
    ],
    "stats": {
      "level": 15,
      "goldEarned": 9180,
      "numDeaths": 4,
      "minionsKilled": 35,
      "championsKilled": 3,
      "goldSpent": 8925,
      "totalDamageDealt": 122511,
      "totalDamageTaken": 27832,
      "killingSprees": 1,
      "largestKillingSpree": 2,
      "team": 100,
      "win": false,
      "neutralMinionsKilled": 81,
      "largestMultiKill": 1,
      "physicalDamageDealtPlayer": 106161,
      "magicDamageDealtPlayer": 5102,
      "physicalDamageTaken": 23994,
      "magicDamageTaken": 2705,
      "timePlayed": 2135,
      "totalHeal": 4254,
      "totalUnitsHealed": 1,
      "assists": 3,
      "item0": 3209,
      "item1": 3265,
      "item2": 3143,
      "item3": 1053,
      "item4": 1037,
      "item6": 3340,
      "sightWardsBought": 3,
      "magicDamageDealtToChampions": 222,
      "physicalDamageDealtToChampions": 13536,
      "totalDamageDealtToChampions": 15706,
      "trueDamageDealtPlayer": 11247,
      "trueDamageDealtToChampions": 1947,
      "trueDamageTaken": 1132,
      "wardKilled": 1,
      "wardPlaced": 10,
      "neutralMinionsKilledEnemyJungle": 5,
      "neutralMinionsKilledYourJungle": 76,
      "totalTimeCrowdControlDealt": 427
    }
  }
}