{
  "27683699": {
    "gameId": 818168607,
    "invalid": false,
    "gameMode": "CLASSIC",
    "gameType": "MATCHED_GAME",
    "subType": "RANKED_TEAM_5x5",
    "mapId": 1,
    "teamId": 200,
    "championId": 58,
    "spell1": 4,
    "spell2": 12,
    "level": 30,
    "ipEarned": 103,
    "createDate": 1398243214842,
    "fellowPlayers": [
      {
        "summonerId": 33991412,
        "teamId": 100,
        "championId": 131
      },
      {
        "summonerId": 25905135,
        "teamId": 100,
        "championId": 17
      },
      {
        "summonerId": 28774334,
        "teamId": 200,
        "championId": 121
      },
      {
        "summonerId": 26005277,
        "teamId": 100,
        "championId": 29
      },
      {
        "summonerId": 35439626,
        "teamId": 100,
        "championId": 43
      },
      {
        "summonerId": 19741511,
        "teamId": 200,
        "championId": 67
      },
      {
        "summonerId": 25854077,
        "teamId": 100,
        "championId": 56
      },
      {
        "summonerId": 33003571,
        "teamId": 200,
        "championId": 99
      },
      {
        "summonerId": 33083145,
        "teamId": 200,
        "championId": 40
      }
    ],
    "stats": {
      "level": 18,
      "goldEarned": 14321,
      "numDeaths": 3,
      "barracksKilled": 1,
      "turretsKilled": 2,
      "minionsKilled": 210,
      "championsKilled": 5,
      "goldSpent": 15540,
      "totalDamageDealt": 172079,
      "totalDamageTaken": 42226,
      "killingSprees": 2,
      "largestKillingSpree": 2,
      "team": 200,
      "win": true,
      "neutralMinionsKilled": 10,
      "largestMultiKill": 1,
      "physicalDamageDealtPlayer": 158558,
      "magicDamageDealtPlayer": 13455,
      "physicalDamageTaken": 27103,
      "magicDamageTaken": 12182,
      "timePlayed": 2266,
      "totalHeal": 8564,
      "totalUnitsHealed": 1,
      "assists": 14,
      "item0": 3143,
      "item1": 3153,
      "item2": 3265,
      "item3": 1054,
      "item4": 3068,
      "item5": 3065,
      "item6": 3340,
      "magicDamageDealtToChampions": 2848,
      "physicalDamageDealtToChampions": 18095,
      "totalDamageDealtToChampions": 20945,
      "trueDamageDealtPlayer": 65,
      "trueDamageDealtToChampions": 1,
      "trueDamageTaken": 2940,
      "wardPlaced": 7,
      "neutralMinionsKilledEnemyJungle": 8,
      "neutralMinionsKilledYourJungle": 2,
      "totalTimeCrowdControlDealt": 230
    }
  },
  "summonerCount": 10,
  "28774334": {
    "gameId": 818168607,
    "invalid": false,
    "gameMode": "CLASSIC",
    "gameType": "MATCHED_GAME",
    "subType": "RANKED_TEAM_5x5",
    "mapId": 1,
    "teamId": 200,
    "championId": 121,
    "spell1": 11,
    "spell2": 4,
    "level": 30,
    "ipEarned": 103,
    "createDate": 1398243214844,
    "fellowPlayers": [
      {
        "summonerId": 33991412,
        "teamId": 100,
        "championId": 131
      },
      {
        "summonerId": 25905135,
        "teamId": 100,
        "championId": 17
      },
      {
        "summonerId": 27683699,
        "teamId": 200,
        "championId": 58
      },
      {
        "summonerId": 26005277,
        "teamId": 100,
        "championId": 29
      },
      {
        "summonerId": 35439626,
        "teamId": 100,
        "championId": 43
      },
      {
        "summonerId": 19741511,
        "teamId": 200,
        "championId": 67
      },
      {
        "summonerId": 25854077,
        "teamId": 100,
        "championId": 56
      },
      {
        "summonerId": 33003571,
        "teamId": 200,
        "championId": 99
      },
      {
        "summonerId": 33083145,
        "teamId": 200,
        "championId": 40
      }
    ],
    "stats": {
      "level": 18,
      "goldEarned": 13513,
      "numDeaths": 5,
      "turretsKilled": 1,
      "minionsKilled": 55,
      "championsKilled": 9,
      "goldSpent": 11697,
      "totalDamageDealt": 186924,
      "totalDamageTaken": 34462,
      "doubleKills": 1,
      "killingSprees": 2,
      "largestKillingSpree": 3,
      "team": 200,
      "win": true,
      "neutralMinionsKilled": 96,
      "largestMultiKill": 2,
      "physicalDamageDealtPlayer": 172077,
      "magicDamageDealtPlayer": 2000,
      "physicalDamageTaken": 24154,
      "magicDamageTaken": 9379,
      "timePlayed": 2266,
      "totalHeal": 9261,
      "totalUnitsHealed": 1,
      "assists": 5,
      "item0": 3207,
      "item1": 3074,
      "item2": 3072,
      "item3": 3134,
      "item4": 1028,
      "item5": 3158,
      "item6": 3341,
      "sightWardsBought": 1,
      "magicDamageDealtToChampions": 1287,
      "physicalDamageDealtToChampions": 13164,
      "totalDamageDealtToChampions": 14978,
      "trueDamageDealtPlayer": 12846,
      "trueDamageDealtToChampions": 526,
      "trueDamageTaken": 927,
      "wardKilled": 1,
      "wardPlaced": 1,
      "neutralMinionsKilledEnemyJungle": 16,
      "neutralMinionsKilledYourJungle": 80,
      "totalTimeCrowdControlDealt": 595
    }
  },
  "35439626": {
    "gameId": 818168607,
    "invalid": false,
    "gameMode": "CLASSIC",
    "gameType": "MATCHED_GAME",
    "subType": "RANKED_TEAM_5x5",
    "mapId": 1,
    "teamId": 100,
    "championId": 43,
    "spell1": 3,
    "spell2": 4,
    "level": 30,
    "ipEarned": 68,
    "createDate": 1398243214836,
    "fellowPlayers": [
      {
        "summonerId": 33991412,
        "teamId": 100,
        "championId": 131
      },
      {
        "summonerId": 25905135,
        "teamId": 100,
        "championId": 17
      },
      {
        "summonerId": 27683699,
        "teamId": 200,
        "championId": 58
      },
      {
        "summonerId": 28774334,
        "teamId": 200,
        "championId": 121
      },
      {
        "summonerId": 26005277,
        "teamId": 100,
        "championId": 29
      },
      {
        "summonerId": 19741511,
        "teamId": 200,
        "championId": 67
      },
      {
        "summonerId": 25854077,
        "teamId": 100,
        "championId": 56
      },
      {
        "summonerId": 33003571,
        "teamId": 200,
        "championId": 99
      },
      {
        "summonerId": 33083145,
        "teamId": 200,
        "championId": 40
      }
    ],
    "stats": {
      "level": 15,
      "goldEarned": 10169,
      "numDeaths": 10,
      "minionsKilled": 16,
      "championsKilled": 1,
      "goldSpent": 9315,
      "totalDamageDealt": 30426,
      "totalDamageTaken": 24321,
      "team": 100,
      "win": false,
      "neutralMinionsKilled": 1,
      "largestMultiKill": 1,
      "physicalDamageDealtPlayer": 7335,
      "magicDamageDealtPlayer": 23091,
      "physicalDamageTaken": 14452,
      "magicDamageTaken": 8295,
      "timePlayed": 2266,
      "totalHeal": 571,
      "totalUnitsHealed": 1,
      "assists": 16,
      "item0": 2045,
      "item1": 3092,
      "item2": 3275,
      "item3": 3110,
      "item4": 1057,
      "item5": 1028,
      "item6": 3340,
      "sightWardsBought": 1,
      "magicDamageDealtToChampions": 8125,
      "physicalDamageDealtToChampions": 3665,
      "totalDamageDealtToChampions": 11790,
      "trueDamageTaken": 1574,
      "wardKilled": 1,
      "wardPlaced": 20,
      "neutralMinionsKilledYourJungle": 1,
      "totalTimeCrowdControlDealt": 532
    }
  },
  "25905135": {
    "gameId": 818168607,
    "invalid": false,
    "gameMode": "CLASSIC",
    "gameType": "MATCHED_GAME",
    "subType": "RANKED_TEAM_5x5",
    "mapId": 1,
    "teamId": 100,
    "championId": 17,
    "spell1": 4,
    "spell2": 14,
    "level": 30,
    "ipEarned": 68,
    "createDate": 1398243214839,
    "fellowPlayers": [
      {
        "summonerId": 33991412,
        "teamId": 100,
        "championId": 131
      },
      {
        "summonerId": 27683699,
        "teamId": 200,
        "championId": 58
      },
      {
        "summonerId": 28774334,
        "teamId": 200,
        "championId": 121
      },
      {
        "summonerId": 26005277,
        "teamId": 100,
        "championId": 29
      },
      {
        "summonerId": 35439626,
        "teamId": 100,
        "championId": 43
      },
      {
        "summonerId": 19741511,
        "teamId": 200,
        "championId": 67
      },
      {
        "summonerId": 25854077,
        "teamId": 100,
        "championId": 56
      },
      {
        "summonerId": 33003571,
        "teamId": 200,
        "championId": 99
      },
      {
        "summonerId": 33083145,
        "teamId": 200,
        "championId": 40
      }
    ],
    "stats": {
      "level": 16,
      "goldEarned": 11631,
      "numDeaths": 12,
      "minionsKilled": 157,
      "championsKilled": 10,
      "goldSpent": 11165,
      "totalDamageDealt": 115466,
      "totalDamageTaken": 25381,
      "killingSprees": 2,
      "largestKillingSpree": 5,
      "team": 100,
      "win": false,
      "neutralMinionsKilled": 3,
      "largestMultiKill": 1,
      "physicalDamageDealtPlayer": 25246,
      "magicDamageDealtPlayer": 88079,
      "physicalDamageTaken": 15604,
      "magicDamageTaken": 8519,
      "timePlayed": 2266,
      "totalHeal": 507,
      "totalUnitsHealed": 1,
      "assists": 3,
      "item0": 1056,
      "item1": 3115,
      "item2": 3255,
      "item3": 3089,
      "item4": 3151,
      "item6": 3340,
      "magicDamageDealtToChampions": 24280,
      "physicalDamageDealtToChampions": 3064,
      "totalDamageDealtToChampions": 29175,
      "trueDamageDealtPlayer": 2140,
      "trueDamageDealtToChampions": 1830,
      "trueDamageTaken": 1257,
      "wardPlaced": 55,
      "neutralMinionsKilledYourJungle": 3,
      "totalTimeCrowdControlDealt": 753
    }
  },
  "19741511": {
    "gameId": 818168607,
    "invalid": false,
    "gameMode": "CLASSIC",
    "gameType": "MATCHED_GAME",
    "subType": "RANKED_TEAM_5x5",
    "mapId": 1,
    "teamId": 200,
    "championId": 67,
    "spell1": 7,
    "spell2": 4,
    "level": 30,
    "ipEarned": 103,
    "createDate": 1398243214840,
    "fellowPlayers": [
      {
        "summonerId": 33991412,
        "teamId": 100,
        "championId": 131
      },
      {
        "summonerId": 25905135,
        "teamId": 100,
        "championId": 17
      },
      {
        "summonerId": 27683699,
        "teamId": 200,
        "championId": 58
      },
      {
        "summonerId": 28774334,
        "teamId": 200,
        "championId": 121
      },
      {
        "summonerId": 26005277,
        "teamId": 100,
        "championId": 29
      },
      {
        "summonerId": 35439626,
        "teamId": 100,
        "championId": 43
      },
      {
        "summonerId": 25854077,
        "teamId": 100,
        "championId": 56
      },
      {
        "summonerId": 33003571,
        "teamId": 200,
        "championId": 99
      },
      {
        "summonerId": 33083145,
        "teamId": 200,
        "championId": 40
      }
    ],
    "stats": {
      "level": 17,
      "goldEarned": 17647,
      "numDeaths": 9,
      "barracksKilled": 1,
      "turretsKilled": 3,
      "minionsKilled": 195,
      "championsKilled": 22,
      "goldSpent": 16650,
      "totalDamageDealt": 164348,
      "totalDamageTaken": 36410,
      "doubleKills": 5,
      "killingSprees": 5,
      "largestKillingSpree": 7,
      "team": 200,
      "win": true,
      "neutralMinionsKilled": 16,
      "largestMultiKill": 2,
      "physicalDamageDealtPlayer": 139846,
      "magicDamageDealtPlayer": 75,
      "physicalDamageTaken": 21509,
      "magicDamageTaken": 12891,
      "largestCriticalStrike": 788,
      "timePlayed": 2266,
      "totalHeal": 5333,
      "totalUnitsHealed": 3,
      "assists": 3,
      "item0": 3250,
      "item1": 3140,
      "item2": 3153,
      "item3": 3046,
      "item4": 3031,
      "item5": 3046,
      "item6": 3362,
      "magicDamageDealtToChampions": 75,
      "physicalDamageDealtToChampions": 39014,
      "totalDamageDealtToChampions": 50896,
      "trueDamageDealtPlayer": 24426,
      "trueDamageDealtToChampions": 11807,
      "trueDamageTaken": 2009,
      "wardKilled": 3,
      "wardPlaced": 10,
      "neutralMinionsKilledEnemyJungle": 2,
      "neutralMinionsKilledYourJungle": 14,
      "totalTimeCrowdControlDealt": 561
    }
  },
  "26005277": {
    "gameId": 818168607,
    "invalid": false,
    "gameMode": "CLASSIC",
    "gameType": "MATCHED_GAME",
    "subType": "RANKED_TEAM_5x5",
    "mapId": 1,
    "teamId": 100,
    "championId": 29,
    "spell1": 4,
    "spell2": 7,
    "level": 30,
    "ipEarned": 68,
    "createDate": 1398243214837,
    "fellowPlayers": [
      {
        "summonerId": 33991412,
        "teamId": 100,
        "championId": 131
      },
      {
        "summonerId": 25905135,
        "teamId": 100,
        "championId": 17
      },
      {
        "summonerId": 27683699,
        "teamId": 200,
        "championId": 58
      },
      {
        "summonerId": 28774334,
        "teamId": 200,
        "championId": 121
      },
      {
        "summonerId": 35439626,
        "teamId": 100,
        "championId": 43
      },
      {
        "summonerId": 19741511,
        "teamId": 200,
        "championId": 67
      },
      {
        "summonerId": 25854077,
        "teamId": 100,
        "championId": 56
      },
      {
        "summonerId": 33003571,
        "teamId": 200,
        "championId": 99
      },
      {
        "summonerId": 33083145,
        "teamId": 200,
        "championId": 40
      }
    ],
    "stats": {
      "level": 16,
      "goldEarned": 10742,
      "numDeaths": 5,
      "minionsKilled": 149,
      "championsKilled": 4,
      "goldSpent": 9985,
      "totalDamageDealt": 102092,
      "totalDamageTaken": 28574,
      "killingSprees": 1,
      "largestKillingSpree": 2,
      "team": 100,
      "win": false,
      "neutralMinionsKilled": 9,
      "largestMultiKill": 1,
      "physicalDamageDealtPlayer": 91492,
      "magicDamageDealtPlayer": 372,
      "physicalDamageTaken": 19555,
      "magicDamageTaken": 7309,
      "largestCriticalStrike": 663,
      "timePlayed": 2266,
      "totalHeal": 4482,
      "totalUnitsHealed": 3,
      "assists": 12,
      "item0": 1055,
      "item1": 3144,
      "item2": 3031,
      "item3": 3072,
      "item4": 3006,
      "item6": 3341,
      "magicDamageDealtToChampions": 372,
      "physicalDamageDealtToChampions": 15543,
      "totalDamageDealtToChampions": 20409,
      "trueDamageDealtPlayer": 10227,
      "trueDamageDealtToChampions": 4493,
      "trueDamageTaken": 1708,
      "wardPlaced": 1,
      "neutralMinionsKilledEnemyJungle": 1,
      "neutralMinionsKilledYourJungle": 8,
      "totalTimeCrowdControlDealt": 352
    }
  },
  "25854077": {
    "gameId": 818168607,
    "invalid": false,
    "gameMode": "CLASSIC",
    "gameType": "MATCHED_GAME",
    "subType": "RANKED_TEAM_5x5",
    "mapId": 1,
    "teamId": 100,
    "championId": 56,
    "spell1": 4,
    "spell2": 11,
    "level": 30,
    "ipEarned": 68,
    "createDate": 1398243214835,
    "fellowPlayers": [
      {
        "summonerId": 33991412,
        "teamId": 100,
        "championId": 131
      },
      {
        "summonerId": 25905135,
        "teamId": 100,
        "championId": 17
      },
      {
        "summonerId": 27683699,
        "teamId": 200,
        "championId": 58
      },
      {
        "summonerId": 28774334,
        "teamId": 200,
        "championId": 121
      },
      {
        "summonerId": 26005277,
        "teamId": 100,
        "championId": 29
      },
      {
        "summonerId": 35439626,
        "teamId": 100,
        "championId": 43
      },
      {
        "summonerId": 19741511,
        "teamId": 200,
        "championId": 67
      },
      {
        "summonerId": 33003571,
        "teamId": 200,
        "championId": 99
      },
      {
        "summonerId": 33083145,
        "teamId": 200,
        "championId": 40
      }
    ],
    "stats": {
      "level": 17,
      "goldEarned": 14081,
      "numDeaths": 8,
      "turretsKilled": 1,
      "minionsKilled": 118,
      "championsKilled": 12,
      "goldSpent": 12955,
      "totalDamageDealt": 195986,
      "totalDamageTaken": 41813,
      "killingSprees": 4,
      "largestKillingSpree": 2,
      "team": 100,
      "win": false,
      "neutralMinionsKilled": 76,
      "largestMultiKill": 1,
      "physicalDamageDealtPlayer": 167432,
      "magicDamageDealtPlayer": 23406,
      "physicalDamageTaken": 30920,
      "magicDamageTaken": 6563,
      "timePlayed": 2266,
      "totalHeal": 10030,
      "totalUnitsHealed": 1,
      "assists": 3,
      "item0": 3074,
      "item1": 3143,
      "item2": 3154,
      "item3": 3270,
      "item4": 3022,
      "item6": 3341,
      "magicDamageDealtToChampions": 2159,
      "physicalDamageDealtToChampions": 24343,
      "totalDamageDealtToChampions": 27185,
      "trueDamageDealtPlayer": 5148,
      "trueDamageDealtToChampions": 682,
      "trueDamageTaken": 4329,
      "wardKilled": 1,
      "wardPlaced": 9,
      "neutralMinionsKilledEnemyJungle": 6,
      "neutralMinionsKilledYourJungle": 70,
      "totalTimeCrowdControlDealt": 805
    }
  },
  "33083145": {
    "gameId": 818168607,
    "invalid": false,
    "gameMode": "CLASSIC",
    "gameType": "MATCHED_GAME",
    "subType": "RANKED_TEAM_5x5",
    "mapId": 1,
    "teamId": 200,
    "championId": 40,
    "spell1": 7,
    "spell2": 4,
    "level": 30,
    "ipEarned": 253,
    "createDate": 1398243214841,
    "fellowPlayers": [
      {
        "summonerId": 33991412,
        "teamId": 100,
        "championId": 131
      },
      {
        "summonerId": 25905135,
        "teamId": 100,
        "championId": 17
      },
      {
        "summonerId": 27683699,
        "teamId": 200,
        "championId": 58
      },
      {
        "summonerId": 28774334,
        "teamId": 200,
        "championId": 121
      },
      {
        "summonerId": 26005277,
        "teamId": 100,
        "championId": 29
      },
      {
        "summonerId": 35439626,
        "teamId": 100,
        "championId": 43
      },
      {
        "summonerId": 19741511,
        "teamId": 200,
        "championId": 67
      },
      {
        "summonerId": 25854077,
        "teamId": 100,
        "championId": 56
      },
      {
        "summonerId": 33003571,
        "teamId": 200,
        "championId": 99
      }
    ],
    "stats": {
      "level": 17,
      "goldEarned": 13825,
      "numDeaths": 4,
      "minionsKilled": 24,
      "championsKilled": 1,
      "goldSpent": 12515,
      "totalDamageDealt": 33353,
      "totalDamageTaken": 22313,
      "team": 200,
      "win": true,
      "largestMultiKill": 1,
      "physicalDamageDealtPlayer": 9254,
      "magicDamageDealtPlayer": 24098,
      "physicalDamageTaken": 14631,
      "magicDamageTaken": 6302,
      "timePlayed": 2266,
      "totalHeal": 12504,
      "totalUnitsHealed": 11,
      "assists": 26,
      "item0": 3069,
      "item1": 3222,
      "item2": 3190,
      "item3": 3023,
      "item4": 3270,
      "item5": 2045,
      "item6": 3340,
      "sightWardsBought": 2,
      "magicDamageDealtToChampions": 6825,
      "physicalDamageDealtToChampions": 2229,
      "totalDamageDealtToChampions": 9055,
      "trueDamageTaken": 1380,
      "wardPlaced": 20,
      "totalTimeCrowdControlDealt": 206
    }
  },
  "33991412": {
    "gameId": 818168607,
    "invalid": false,
    "gameMode": "CLASSIC",
    "gameType": "MATCHED_GAME",
    "subType": "RANKED_TEAM_5x5",
    "mapId": 1,
    "teamId": 100,
    "championId": 131,
    "spell1": 4,
    "spell2": 21,
    "level": 30,
    "ipEarned": 68,
    "createDate": 1398243214838,
    "fellowPlayers": [
      {
        "summonerId": 25905135,
        "teamId": 100,
        "championId": 17
      },
      {
        "summonerId": 27683699,
        "teamId": 200,
        "championId": 58
      },
      {
        "summonerId": 28774334,
        "teamId": 200,
        "championId": 121
      },
      {
        "summonerId": 26005277,
        "teamId": 100,
        "championId": 29
      },
      {
        "summonerId": 35439626,
        "teamId": 100,
        "championId": 43
      },
      {
        "summonerId": 19741511,
        "teamId": 200,
        "championId": 67
      },
      {
        "summonerId": 25854077,
        "teamId": 100,
        "championId": 56
      },
      {
        "summonerId": 33003571,
        "teamId": 200,
        "championId": 99
      },
      {
        "summonerId": 33083145,
        "teamId": 200,
        "championId": 40
      }
    ],
    "stats": {
      "level": 15,
      "goldEarned": 7932,
      "numDeaths": 12,
      "minionsKilled": 30,
      "championsKilled": 4,
      "goldSpent": 7830,
      "totalDamageDealt": 62783,
      "totalDamageTaken": 26297,
      "team": 100,
      "win": false,
      "neutralMinionsKilled": 19,
      "largestMultiKill": 1,
      "physicalDamageDealtPlayer": 11552,
      "magicDamageDealtPlayer": 50602,
      "physicalDamageTaken": 17138,
      "magicDamageTaken": 5695,
      "timePlayed": 2266,
      "totalHeal": 556,
      "totalUnitsHealed": 1,
      "assists": 8,
      "item0": 3128,
      "item1": 3191,
      "item2": 3020,
      "item3": 1056,
      "item4": 1057,
      "item6": 3340,
      "magicDamageDealtToChampions": 12358,
      "physicalDamageDealtToChampions": 2895,
      "totalDamageDealtToChampions": 15494,
      "trueDamageDealtPlayer": 628,
      "trueDamageDealtToChampions": 240,
      "trueDamageTaken": 3464,
      "wardPlaced": 3,
      "neutralMinionsKilledYourJungle": 19,
      "totalTimeCrowdControlDealt": 179
    }
  },
  "27683699": {
    "gameId": 818168607,
    "invalid": false,
    "gameMode": "CLASSIC",
    "gameType": "MATCHED_GAME",
    "subType": "RANKED_TEAM_5x5",
    "mapId": 1,
    "teamId": 200,
    "championId": 58,
    "spell1": 4,
    "spell2": 12,
    "level": 30,
    "ipEarned": 103,
    "createDate": 1398243214842,
    "fellowPlayers": [
      {
        "summonerId": 33991412,
        "teamId": 100,
        "championId": 131
      },
      {
        "summonerId": 25905135,
        "teamId": 100,
        "championId": 17
      },
      {
        "summonerId": 28774334,
        "teamId": 200,
        "championId": 121
      },
      {
        "summonerId": 26005277,
        "teamId": 100,
        "championId": 29
      },
      {
        "summonerId": 35439626,
        "teamId": 100,
        "championId": 43
      },
      {
        "summonerId": 19741511,
        "teamId": 200,
        "championId": 67
      },
      {
        "summonerId": 25854077,
        "teamId": 100,
        "championId": 56
      },
      {
        "summonerId": 33003571,
        "teamId": 200,
        "championId": 99
      },
      {
        "summonerId": 33083145,
        "teamId": 200,
        "championId": 40
      }
    ],
    "stats": {
      "level": 18,
      "goldEarned": 14321,
      "numDeaths": 3,
      "barracksKilled": 1,
      "turretsKilled": 2,
      "minionsKilled": 210,
      "championsKilled": 5,
      "goldSpent": 15540,
      "totalDamageDealt": 172079,
      "totalDamageTaken": 42226,
      "killingSprees": 2,
      "largestKillingSpree": 2,
      "team": 200,
      "win": true,
      "neutralMinionsKilled": 10,
      "largestMultiKill": 1,
      "physicalDamageDealtPlayer": 158558,
      "magicDamageDealtPlayer": 13455,
      "physicalDamageTaken": 27103,
      "magicDamageTaken": 12182,
      "timePlayed": 2266,
      "totalHeal": 8564,
      "totalUnitsHealed": 1,
      "assists": 14,
      "item0": 3143,
      "item1": 3153,
      "item2": 3265,
      "item3": 1054,
      "item4": 3068,
      "item5": 3065,
      "item6": 3340,
      "magicDamageDealtToChampions": 2848,
      "physicalDamageDealtToChampions": 18095,
      "totalDamageDealtToChampions": 20945,
      "trueDamageDealtPlayer": 65,
      "trueDamageDealtToChampions": 1,
      "trueDamageTaken": 2940,
      "wardPlaced": 7,
      "neutralMinionsKilledEnemyJungle": 8,
      "neutralMinionsKilledYourJungle": 2,
      "totalTimeCrowdControlDealt": 230
    }
  }
}