{
  "22137269": {
    "gameId": 818161756,
    "invalid": false,
    "gameMode": "CLASSIC",
    "gameType": "MATCHED_GAME",
    "subType": "RANKED_SOLO_5x5",
    "mapId": 1,
    "teamId": 200,
    "championId": 120,
    "spell1": 4,
    "spell2": 11,
    "level": 30,
    "ipEarned": 113,
    "createDate": 1398243761021,
    "fellowPlayers": [
      {
        "summonerId": 26257101,
        "teamId": 100,
        "championId": 99
      },
      {
        "summonerId": 37803185,
        "teamId": 200,
        "championId": 53
      },
      {
        "summonerId": 38694047,
        "teamId": 200,
        "championId": 110
      },
      {
        "summonerId": 34398381,
        "teamId": 100,
        "championId": 154
      },
      {
        "summonerId": 27637775,
        "teamId": 200,
        "championId": 13
      },
      {
        "summonerId": 36753035,
        "teamId": 200,
        "championId": 9
      },
      {
        "summonerId": 26043761,
        "teamId": 100,
        "championId": 58
      },
      {
        "summonerId": 38705961,
        "teamId": 100,
        "championId": 51
      },
      {
        "summonerId": 37578769,
        "teamId": 100,
        "championId": 43
      }
    ],
    "stats": {
      "level": 17,
      "goldEarned": 13420,
      "numDeaths": 9,
      "barracksKilled": 1,
      "minionsKilled": 52,
      "championsKilled": 8,
      "goldSpent": 12375,
      "totalDamageDealt": 118128,
      "totalDamageTaken": 35692,
      "killingSprees": 2,
      "largestKillingSpree": 2,
      "team": 200,
      "win": true,
      "neutralMinionsKilled": 40,
      "largestMultiKill": 1,
      "physicalDamageDealtPlayer": 81395,
      "magicDamageDealtPlayer": 19097,
      "physicalDamageTaken": 18373,
      "magicDamageTaken": 16980,
      "timePlayed": 2479,
      "totalHeal": 7232,
      "totalUnitsHealed": 1,
      "assists": 16,
      "item0": 3209,
      "item1": 3025,
      "item2": 3143,
      "item3": 3270,
      "item4": 1011,
      "item5": 1031,
      "item6": 3340,
      "magicDamageDealtToChampions": 3441,
      "physicalDamageDealtToChampions": 13664,
      "totalDamageDealtToChampions": 19228,
      "trueDamageDealtPlayer": 17635,
      "trueDamageDealtToChampions": 2122,
      "trueDamageTaken": 338,
      "wardKilled": 1,
      "wardPlaced": 8,
      "neutralMinionsKilledEnemyJungle": 8,
      "neutralMinionsKilledYourJungle": 32,
      "totalTimeCrowdControlDealt": 594
    }
  },
  "summonerCount": 10,
  "38705961": {
    "gameId": 818161756,
    "invalid": false,
    "gameMode": "CLASSIC",
    "gameType": "MATCHED_GAME",
    "subType": "RANKED_SOLO_5x5",
    "mapId": 1,
    "teamId": 100,
    "championId": 51,
    "spell1": 7,
    "spell2": 4,
    "level": 30,
    "ipEarned": 74,
    "createDate": 1398243761018,
    "fellowPlayers": [
      {
        "summonerId": 26257101,
        "teamId": 100,
        "championId": 99
      },
      {
        "summonerId": 37803185,
        "teamId": 200,
        "championId": 53
      },
      {
        "summonerId": 38694047,
        "teamId": 200,
        "championId": 110
      },
      {
        "summonerId": 34398381,
        "teamId": 100,
        "championId": 154
      },
      {
        "summonerId": 27637775,
        "teamId": 200,
        "championId": 13
      },
      {
        "summonerId": 22137269,
        "teamId": 200,
        "championId": 120
      },
      {
        "summonerId": 36753035,
        "teamId": 200,
        "championId": 9
      },
      {
        "summonerId": 26043761,
        "teamId": 100,
        "championId": 58
      },
      {
        "summonerId": 37578769,
        "teamId": 100,
        "championId": 43
      }
    ],
    "stats": {
      "level": 18,
      "goldEarned": 13597,
      "numDeaths": 14,
      "turretsKilled": 1,
      "minionsKilled": 214,
      "championsKilled": 6,
      "goldSpent": 13615,
      "totalDamageDealt": 204233,
      "totalDamageTaken": 36424,
      "killingSprees": 1,
      "largestKillingSpree": 3,
      "team": 100,
      "win": false,
      "neutralMinionsKilled": 20,
      "largestMultiKill": 1,
      "physicalDamageDealtPlayer": 201600,
      "magicDamageDealtPlayer": 1295,
      "physicalDamageTaken": 17842,
      "magicDamageTaken": 18044,
      "largestCriticalStrike": 1228,
      "timePlayed": 2479,
      "totalHeal": 3849,
      "totalUnitsHealed": 4,
      "assists": 10,
      "item0": 1036,
      "item1": 3031,
      "item2": 3072,
      "item3": 3250,
      "item4": 3046,
      "item5": 1037,
      "item6": 3340,
      "magicDamageDealtToChampions": 1129,
      "physicalDamageDealtToChampions": 20943,
      "totalDamageDealtToChampions": 22503,
      "trueDamageDealtPlayer": 1336,
      "trueDamageDealtToChampions": 430,
      "trueDamageTaken": 538,
      "wardKilled": 1,
      "wardPlaced": 7,
      "neutralMinionsKilledEnemyJungle": 1,
      "neutralMinionsKilledYourJungle": 19,
      "totalTimeCrowdControlDealt": 290
    }
  },
  "37578769": {
    "gameId": 818161756,
    "invalid": false,
    "gameMode": "CLASSIC",
    "gameType": "MATCHED_GAME",
    "subType": "RANKED_SOLO_5x5",
    "mapId": 1,
    "teamId": 100,
    "championId": 43,
    "spell1": 4,
    "spell2": 3,
    "level": 30,
    "ipEarned": 74,
    "createDate": 1398243761016,
    "fellowPlayers": [
      {
        "summonerId": 26257101,
        "teamId": 100,
        "championId": 99
      },
      {
        "summonerId": 37803185,
        "teamId": 200,
        "championId": 53
      },
      {
        "summonerId": 38694047,
        "teamId": 200,
        "championId": 110
      },
      {
        "summonerId": 34398381,
        "teamId": 100,
        "championId": 154
      },
      {
        "summonerId": 27637775,
        "teamId": 200,
        "championId": 13
      },
      {
        "summonerId": 22137269,
        "teamId": 200,
        "championId": 120
      },
      {
        "summonerId": 36753035,
        "teamId": 200,
        "championId": 9
      },
      {
        "summonerId": 26043761,
        "teamId": 100,
        "championId": 58
      },
      {
        "summonerId": 38705961,
        "teamId": 100,
        "championId": 51
      }
    ],
    "stats": {
      "level": 16,
      "goldEarned": 10491,
      "numDeaths": 9,
      "minionsKilled": 65,
      "championsKilled": 3,
      "goldSpent": 9715,
      "totalDamageDealt": 71645,
      "totalDamageTaken": 23362,
      "team": 100,
      "win": false,
      "largestMultiKill": 1,
      "physicalDamageDealtPlayer": 5410,
      "magicDamageDealtPlayer": 66011,
      "physicalDamageTaken": 9539,
      "magicDamageTaken": 13184,
      "timePlayed": 2479,
      "totalHeal": 569,
      "totalUnitsHealed": 1,
      "assists": 10,
      "item0": 3092,
      "item1": 3174,
      "item2": 2049,
      "item3": 3136,
      "item4": 3255,
      "item5": 1052,
      "item6": 3341,
      "sightWardsBought": 6,
      "visionWardsBought": 1,
      "magicDamageDealtToChampions": 20533,
      "physicalDamageDealtToChampions": 1308,
      "totalDamageDealtToChampions": 21921,
      "trueDamageDealtPlayer": 224,
      "trueDamageDealtToChampions": 80,
      "trueDamageTaken": 639,
      "wardKilled": 1,
      "wardPlaced": 24,
      "totalTimeCrowdControlDealt": 462
    }
  },
  "36753035": {
    "gameId": 818161756,
    "invalid": false,
    "gameMode": "CLASSIC",
    "gameType": "MATCHED_GAME",
    "subType": "RANKED_SOLO_5x5",
    "mapId": 1,
    "teamId": 200,
    "championId": 9,
    "spell1": 14,
    "spell2": 4,
    "level": 30,
    "ipEarned": 113,
    "createDate": 1398243761020,
    "fellowPlayers": [
      {
        "summonerId": 26257101,
        "teamId": 100,
        "championId": 99
      },
      {
        "summonerId": 37803185,
        "teamId": 200,
        "championId": 53
      },
      {
        "summonerId": 38694047,
        "teamId": 200,
        "championId": 110
      },
      {
        "summonerId": 34398381,
        "teamId": 100,
        "championId": 154
      },
      {
        "summonerId": 27637775,
        "teamId": 200,
        "championId": 13
      },
      {
        "summonerId": 22137269,
        "teamId": 200,
        "championId": 120
      },
      {
        "summonerId": 26043761,
        "teamId": 100,
        "championId": 58
      },
      {
        "summonerId": 38705961,
        "teamId": 100,
        "championId": 51
      },
      {
        "summonerId": 37578769,
        "teamId": 100,
        "championId": 43
      }
    ],
    "stats": {
      "level": 18,
      "goldEarned": 16406,
      "numDeaths": 5,
      "barracksKilled": 1,
      "turretsKilled": 2,
      "minionsKilled": 184,
      "championsKilled": 13,
      "goldSpent": 14955,
      "totalDamageDealt": 184867,
      "totalDamageTaken": 27930,
      "doubleKills": 1,
      "killingSprees": 3,
      "largestKillingSpree": 8,
      "team": 200,
      "win": true,
      "neutralMinionsKilled": 28,
      "largestMultiKill": 2,
      "physicalDamageDealtPlayer": 21815,
      "magicDamageDealtPlayer": 161564,
      "physicalDamageTaken": 11225,
      "magicDamageTaken": 16221,
      "timePlayed": 2479,
      "totalHeal": 12578,
      "totalUnitsHealed": 1,
      "assists": 13,
      "item0": 3089,
      "item1": 3157,
      "item2": 3255,
      "item3": 3116,
      "item4": 1057,
      "item5": 3135,
      "item6": 3340,
      "magicDamageDealtToChampions": 30596,
      "physicalDamageDealtToChampions": 990,
      "totalDamageDealtToChampions": 32547,
      "trueDamageDealtPlayer": 1488,
      "trueDamageDealtToChampions": 960,
      "trueDamageTaken": 483,
      "wardPlaced": 12,
      "neutralMinionsKilledEnemyJungle": 17,
      "neutralMinionsKilledYourJungle": 11,
      "totalTimeCrowdControlDealt": 771
    }
  },
  "26043761": {
    "gameId": 818161756,
    "invalid": false,
    "gameMode": "CLASSIC",
    "gameType": "MATCHED_GAME",
    "subType": "RANKED_SOLO_5x5",
    "mapId": 1,
    "teamId": 100,
    "championId": 58,
    "spell1": 4,
    "spell2": 12,
    "level": 30,
    "ipEarned": 74,
    "createDate": 1398243761017,
    "fellowPlayers": [
      {
        "summonerId": 26257101,
        "teamId": 100,
        "championId": 99
      },
      {
        "summonerId": 37803185,
        "teamId": 200,
        "championId": 53
      },
      {
        "summonerId": 38694047,
        "teamId": 200,
        "championId": 110
      },
      {
        "summonerId": 34398381,
        "teamId": 100,
        "championId": 154
      },
      {
        "summonerId": 27637775,
        "teamId": 200,
        "championId": 13
      },
      {
        "summonerId": 22137269,
        "teamId": 200,
        "championId": 120
      },
      {
        "summonerId": 36753035,
        "teamId": 200,
        "championId": 9
      },
      {
        "summonerId": 38705961,
        "teamId": 100,
        "championId": 51
      },
      {
        "summonerId": 37578769,
        "teamId": 100,
        "championId": 43
      }
    ],
    "stats": {
      "level": 17,
      "goldEarned": 10033,
      "numDeaths": 10,
      "minionsKilled": 128,
      "championsKilled": 3,
      "goldSpent": 11185,
      "totalDamageDealt": 97588,
      "totalDamageTaken": 49338,
      "team": 100,
      "win": false,
      "neutralMinionsKilled": 5,
      "largestMultiKill": 1,
      "physicalDamageDealtPlayer": 89296,
      "magicDamageDealtPlayer": 8211,
      "physicalDamageTaken": 23486,
      "magicDamageTaken": 24041,
      "timePlayed": 2479,
      "totalHeal": 7210,
      "totalUnitsHealed": 1,
      "assists": 7,
      "item0": 3065,
      "item1": 3077,
      "item2": 3047,
      "item3": 3068,
      "item6": 3340,
      "magicDamageDealtToChampions": 2363,
      "physicalDamageDealtToChampions": 10282,
      "totalDamageDealtToChampions": 12726,
      "trueDamageDealtPlayer": 80,
      "trueDamageDealtToChampions": 80,
      "trueDamageTaken": 1811,
      "wardPlaced": 4,
      "neutralMinionsKilledEnemyJungle": 1,
      "neutralMinionsKilledYourJungle": 4,
      "totalTimeCrowdControlDealt": 55
    }
  },
  "37803185": {
    "gameId": 818161756,
    "invalid": false,
    "gameMode": "CLASSIC",
    "gameType": "MATCHED_GAME",
    "subType": "RANKED_SOLO_5x5",
    "mapId": 1,
    "teamId": 200,
    "championId": 53,
    "spell1": 4,
    "spell2": 3,
    "level": 30,
    "ipEarned": 113,
    "createDate": 1398243761024,
    "fellowPlayers": [
      {
        "summonerId": 26257101,
        "teamId": 100,
        "championId": 99
      },
      {
        "summonerId": 38694047,
        "teamId": 200,
        "championId": 110
      },
      {
        "summonerId": 34398381,
        "teamId": 100,
        "championId": 154
      },
      {
        "summonerId": 27637775,
        "teamId": 200,
        "championId": 13
      },
      {
        "summonerId": 22137269,
        "teamId": 200,
        "championId": 120
      },
      {
        "summonerId": 36753035,
        "teamId": 200,
        "championId": 9
      },
      {
        "summonerId": 26043761,
        "teamId": 100,
        "championId": 58
      },
      {
        "summonerId": 38705961,
        "teamId": 100,
        "championId": 51
      },
      {
        "summonerId": 37578769,
        "teamId": 100,
        "championId": 43
      }
    ],
    "stats": {
      "level": 16,
      "goldEarned": 11700,
      "numDeaths": 9,
      "barracksKilled": 1,
      "turretsKilled": 1,
      "minionsKilled": 10,
      "championsKilled": 1,
      "goldSpent": 9810,
      "totalDamageDealt": 27335,
      "totalDamageTaken": 27604,
      "team": 200,
      "win": true,
      "largestMultiKill": 1,
      "physicalDamageDealtPlayer": 9056,
      "magicDamageDealtPlayer": 18278,
      "physicalDamageTaken": 11943,
      "magicDamageTaken": 15555,
      "timePlayed": 2479,
      "totalHeal": 1666,
      "totalUnitsHealed": 1,
      "assists": 20,
      "item0": 3069,
      "item1": 3025,
      "item2": 2049,
      "item3": 3270,
      "item4": 3056,
      "item6": 3341,
      "sightWardsBought": 8,
      "magicDamageDealtToChampions": 10162,
      "physicalDamageDealtToChampions": 4341,
      "totalDamageDealtToChampions": 14503,
      "trueDamageTaken": 106,
      "wardKilled": 1,
      "wardPlaced": 29,
      "totalTimeCrowdControlDealt": 128
    }
  },
  "34398381": {
    "gameId": 818161756,
    "invalid": false,
    "gameMode": "CLASSIC",
    "gameType": "MATCHED_GAME",
    "subType": "RANKED_SOLO_5x5",
    "mapId": 1,
    "teamId": 100,
    "championId": 154,
    "spell1": 11,
    "spell2": 6,
    "level": 30,
    "ipEarned": 74,
    "createDate": 1398243761019,
    "fellowPlayers": [
      {
        "summonerId": 26257101,
        "teamId": 100,
        "championId": 99
      },
      {
        "summonerId": 37803185,
        "teamId": 200,
        "championId": 53
      },
      {
        "summonerId": 38694047,
        "teamId": 200,
        "championId": 110
      },
      {
        "summonerId": 27637775,
        "teamId": 200,
        "championId": 13
      },
      {
        "summonerId": 22137269,
        "teamId": 200,
        "championId": 120
      },
      {
        "summonerId": 36753035,
        "teamId": 200,
        "championId": 9
      },
      {
        "summonerId": 26043761,
        "teamId": 100,
        "championId": 58
      },
      {
        "summonerId": 38705961,
        "teamId": 100,
        "championId": 51
      },
      {
        "summonerId": 37578769,
        "teamId": 100,
        "championId": 43
      }
    ],
    "stats": {
      "level": 16,
      "goldEarned": 11442,
      "numDeaths": 7,
      "minionsKilled": 37,
      "championsKilled": 6,
      "goldSpent": 11165,
      "totalDamageDealt": 95035,
      "totalDamageTaken": 40987,
      "killingSprees": 2,
      "largestKillingSpree": 2,
      "team": 100,
      "win": false,
      "neutralMinionsKilled": 46,
      "largestMultiKill": 1,
      "physicalDamageDealtPlayer": 13172,
      "magicDamageDealtPlayer": 73756,
      "physicalDamageTaken": 23555,
      "magicDamageTaken": 16251,
      "timePlayed": 2479,
      "totalHeal": 23959,
      "totalUnitsHealed": 1,
      "assists": 14,
      "item0": 3207,
      "item1": 3270,
      "item2": 1011,
      "item3": 3068,
      "item4": 3001,
      "item5": 3082,
      "item6": 3341,
      "magicDamageDealtToChampions": 16536,
      "physicalDamageDealtToChampions": 1054,
      "totalDamageDealtToChampions": 17747,
      "trueDamageDealtPlayer": 8106,
      "trueDamageDealtToChampions": 156,
      "trueDamageTaken": 1180,
      "wardKilled": 1,
      "neutralMinionsKilledEnemyJungle": 6,
      "neutralMinionsKilledYourJungle": 40,
      "totalTimeCrowdControlDealt": 435
    }
  },
  "27637775": {
    "gameId": 818161756,
    "invalid": false,
    "gameMode": "CLASSIC",
    "gameType": "MATCHED_GAME",
    "subType": "RANKED_SOLO_5x5",
    "mapId": 1,
    "teamId": 200,
    "championId": 13,
    "spell1": 4,
    "spell2": 14,
    "level": 30,
    "ipEarned": 113,
    "createDate": 1398243761025,
    "fellowPlayers": [
      {
        "summonerId": 26257101,
        "teamId": 100,
        "championId": 99
      },
      {
        "summonerId": 37803185,
        "teamId": 200,
        "championId": 53
      },
      {
        "summonerId": 38694047,
        "teamId": 200,
        "championId": 110
      },
      {
        "summonerId": 34398381,
        "teamId": 100,
        "championId": 154
      },
      {
        "summonerId": 22137269,
        "teamId": 200,
        "championId": 120
      },
      {
        "summonerId": 36753035,
        "teamId": 200,
        "championId": 9
      },
      {
        "summonerId": 26043761,
        "teamId": 100,
        "championId": 58
      },
      {
        "summonerId": 38705961,
        "teamId": 100,
        "championId": 51
      },
      {
        "summonerId": 37578769,
        "teamId": 100,
        "championId": 43
      }
    ],
    "stats": {
      "level": 18,
      "goldEarned": 15156,
      "numDeaths": 5,
      "turretsKilled": 3,
      "minionsKilled": 207,
      "championsKilled": 11,
      "goldSpent": 13105,
      "totalDamageDealt": 121366,
      "totalDamageTaken": 32265,
      "doubleKills": 2,
      "tripleKills": 1,
      "killingSprees": 4,
      "largestKillingSpree": 3,
      "team": 200,
      "win": true,
      "largestMultiKill": 3,
      "physicalDamageDealtPlayer": 29631,
      "magicDamageDealtPlayer": 90402,
      "physicalDamageTaken": 20409,
      "magicDamageTaken": 11347,
      "timePlayed": 2479,
      "totalHeal": 140,
      "totalUnitsHealed": 1,
      "assists": 6,
      "item0": 3040,
      "item1": 3255,
      "item2": 3110,
      "item3": 3102,
      "item4": 3027,
      "item5": 1052,
      "item6": 3340,
      "magicDamageDealtToChampions": 34700,
      "physicalDamageDealtToChampions": 1845,
      "totalDamageDealtToChampions": 37877,
      "trueDamageDealtPlayer": 1331,
      "trueDamageDealtToChampions": 1331,
      "trueDamageTaken": 508,
      "wardPlaced": 3,
      "totalTimeCrowdControlDealt": 338
    }
  },
  "26257101": {
    "gameId": 818161756,
    "invalid": false,
    "gameMode": "CLASSIC",
    "gameType": "MATCHED_GAME",
    "subType": "RANKED_SOLO_5x5",
    "mapId": 1,
    "teamId": 100,
    "championId": 99,
    "spell1": 4,
    "spell2": 21,
    "level": 30,
    "ipEarned": 74,
    "createDate": 1398243761015,
    "fellowPlayers": [
      {
        "summonerId": 37803185,
        "teamId": 200,
        "championId": 53
      },
      {
        "summonerId": 38694047,
        "teamId": 200,
        "championId": 110
      },
      {
        "summonerId": 34398381,
        "teamId": 100,
        "championId": 154
      },
      {
        "summonerId": 27637775,
        "teamId": 200,
        "championId": 13
      },
      {
        "summonerId": 22137269,
        "teamId": 200,
        "championId": 120
      },
      {
        "summonerId": 36753035,
        "teamId": 200,
        "championId": 9
      },
      {
        "summonerId": 26043761,
        "teamId": 100,
        "championId": 58
      },
      {
        "summonerId": 38705961,
        "teamId": 100,
        "championId": 51
      },
      {
        "summonerId": 37578769,
        "teamId": 100,
        "championId": 43
      }
    ],
    "stats": {
      "level": 18,
      "goldEarned": 14782,
      "numDeaths": 11,
      "minionsKilled": 185,
      "championsKilled": 14,
      "goldSpent": 13255,
      "totalDamageDealt": 149260,
      "totalDamageTaken": 23324,
      "doubleKills": 2,
      "killingSprees": 4,
      "largestKillingSpree": 7,
      "team": 100,
      "win": false,
      "neutralMinionsKilled": 10,
      "largestMultiKill": 2,
      "physicalDamageDealtPlayer": 13611,
      "magicDamageDealtPlayer": 135292,
      "physicalDamageTaken": 10462,
      "magicDamageTaken": 12179,
      "timePlayed": 2479,
      "totalHeal": 612,
      "totalUnitsHealed": 1,
      "assists": 8,
      "item0": 3041,
      "item1": 3108,
      "item2": 3157,
      "item3": 3020,
      "item4": 3089,
      "item5": 3174,
      "item6": 3340,
      "magicDamageDealtToChampions": 34880,
      "physicalDamageDealtToChampions": 2246,
      "totalDamageDealtToChampions": 37359,
      "trueDamageDealtPlayer": 356,
      "trueDamageDealtToChampions": 232,
      "trueDamageTaken": 682,
      "wardKilled": 1,
      "wardPlaced": 11,
      "neutralMinionsKilledEnemyJungle": 2,
      "neutralMinionsKilledYourJungle": 8,
      "totalTimeCrowdControlDealt": 364
    }
  },
  "22137269": {
    "gameId": 818161756,
    "invalid": false,
    "gameMode": "CLASSIC",
    "gameType": "MATCHED_GAME",
    "subType": "RANKED_SOLO_5x5",
    "mapId": 1,
    "teamId": 200,
    "championId": 120,
    "spell1": 4,
    "spell2": 11,
    "level": 30,
    "ipEarned": 113,
    "createDate": 1398243761021,
    "fellowPlayers": [
      {
        "summonerId": 26257101,
        "teamId": 100,
        "championId": 99
      },
      {
        "summonerId": 37803185,
        "teamId": 200,
        "championId": 53
      },
      {
        "summonerId": 38694047,
        "teamId": 200,
        "championId": 110
      },
      {
        "summonerId": 34398381,
        "teamId": 100,
        "championId": 154
      },
      {
        "summonerId": 27637775,
        "teamId": 200,
        "championId": 13
      },
      {
        "summonerId": 36753035,
        "teamId": 200,
        "championId": 9
      },
      {
        "summonerId": 26043761,
        "teamId": 100,
        "championId": 58
      },
      {
        "summonerId": 38705961,
        "teamId": 100,
        "championId": 51
      },
      {
        "summonerId": 37578769,
        "teamId": 100,
        "championId": 43
      }
    ],
    "stats": {
      "level": 17,
      "goldEarned": 13420,
      "numDeaths": 9,
      "barracksKilled": 1,
      "minionsKilled": 52,
      "championsKilled": 8,
      "goldSpent": 12375,
      "totalDamageDealt": 118128,
      "totalDamageTaken": 35692,
      "killingSprees": 2,
      "largestKillingSpree": 2,
      "team": 200,
      "win": true,
      "neutralMinionsKilled": 40,
      "largestMultiKill": 1,
      "physicalDamageDealtPlayer": 81395,
      "magicDamageDealtPlayer": 19097,
      "physicalDamageTaken": 18373,
      "magicDamageTaken": 16980,
      "timePlayed": 2479,
      "totalHeal": 7232,
      "totalUnitsHealed": 1,
      "assists": 16,
      "item0": 3209,
      "item1": 3025,
      "item2": 3143,
      "item3": 3270,
      "item4": 1011,
      "item5": 1031,
      "item6": 3340,
      "magicDamageDealtToChampions": 3441,
      "physicalDamageDealtToChampions": 13664,
      "totalDamageDealtToChampions": 19228,
      "trueDamageDealtPlayer": 17635,
      "trueDamageDealtToChampions": 2122,
      "trueDamageTaken": 338,
      "wardKilled": 1,
      "wardPlaced": 8,
      "neutralMinionsKilledEnemyJungle": 8,
      "neutralMinionsKilledYourJungle": 32,
      "totalTimeCrowdControlDealt": 594
    }
  }
}