{
  "41106555": {
    "gameId": 818160962,
    "invalid": false,
    "gameMode": "CLASSIC",
    "gameType": "MATCHED_GAME",
    "subType": "RANKED_SOLO_5x5",
    "mapId": 1,
    "teamId": 100,
    "championId": 1,
    "spell1": 4,
    "spell2": 14,
    "level": 30,
    "ipEarned": 57,
    "createDate": 1398242653504,
    "fellowPlayers": [
      {
        "summonerId": 34477841,
        "teamId": 200,
        "championId": 64
      },
      {
        "summonerId": 20465097,
        "teamId": 100,
        "championId": 24
      },
      {
        "summonerId": 25547734,
        "teamId": 200,
        "championId": 51
      },
      {
        "summonerId": 29016717,
        "teamId": 100,
        "championId": 76
      },
      {
        "summonerId": 20891572,
        "teamId": 100,
        "championId": 222
      },
      {
        "summonerId": 30377755,
        "teamId": 200,
        "championId": 412
      },
      {
        "summonerId": 37888093,
        "teamId": 100,
        "championId": 254
      },
      {
        "summonerId": 31473019,
        "teamId": 200,
        "championId": 4
      },
      {
        "summonerId": 30815940,
        "teamId": 200,
        "championId": 120
      }
    ],
    "stats": {
      "level": 12,
      "goldEarned": 5290,
      "numDeaths": 7,
      "minionsKilled": 13,
      "goldSpent": 3855,
      "totalDamageDealt": 12798,
      "totalDamageTaken": 15941,
      "team": 100,
      "win": false,
      "physicalDamageDealtPlayer": 4778,
      "magicDamageDealtPlayer": 8019,
      "physicalDamageTaken": 10549,
      "magicDamageTaken": 5180,
      "timePlayed": 1751,
      "assists": 4,
      "item0": 2049,
      "item1": 1054,
      "item2": 2003,
      "item3": 3020,
      "item4": 3010,
      "item6": 3340,
      "magicDamageDealtToChampions": 5525,
      "physicalDamageDealtToChampions": 1706,
      "totalDamageDealtToChampions": 7232,
      "trueDamageTaken": 212,
      "wardPlaced": 11,
      "totalTimeCrowdControlDealt": 26
    }
  },
  "summonerCount": 10,
  "25547734": {
    "gameId": 818160962,
    "invalid": false,
    "gameMode": "CLASSIC",
    "gameType": "MATCHED_GAME",
    "subType": "RANKED_SOLO_5x5",
    "mapId": 1,
    "teamId": 200,
    "championId": 51,
    "spell1": 4,
    "spell2": 7,
    "level": 30,
    "ipEarned": 85,
    "createDate": 1398242653510,
    "fellowPlayers": [
      {
        "summonerId": 34477841,
        "teamId": 200,
        "championId": 64
      },
      {
        "summonerId": 20465097,
        "teamId": 100,
        "championId": 24
      },
      {
        "summonerId": 41106555,
        "teamId": 100,
        "championId": 1
      },
      {
        "summonerId": 29016717,
        "teamId": 100,
        "championId": 76
      },
      {
        "summonerId": 20891572,
        "teamId": 100,
        "championId": 222
      },
      {
        "summonerId": 30377755,
        "teamId": 200,
        "championId": 412
      },
      {
        "summonerId": 37888093,
        "teamId": 100,
        "championId": 254
      },
      {
        "summonerId": 31473019,
        "teamId": 200,
        "championId": 4
      },
      {
        "summonerId": 30815940,
        "teamId": 200,
        "championId": 120
      }
    ],
    "stats": {
      "level": 16,
      "goldEarned": 14004,
      "numDeaths": 1,
      "barracksKilled": 1,
      "turretsKilled": 4,
      "minionsKilled": 210,
      "championsKilled": 9,
      "goldSpent": 11405,
      "totalDamageDealt": 181805,
      "totalDamageTaken": 15267,
      "killingSprees": 2,
      "largestKillingSpree": 6,
      "team": 200,
      "win": true,
      "neutralMinionsKilled": 14,
      "largestMultiKill": 1,
      "physicalDamageDealtPlayer": 177999,
      "magicDamageDealtPlayer": 2506,
      "physicalDamageTaken": 12020,
      "magicDamageTaken": 2304,
      "largestCriticalStrike": 1104,
      "timePlayed": 1751,
      "totalHeal": 3002,
      "totalUnitsHealed": 4,
      "assists": 12,
      "item0": 2003,
      "item1": 3046,
      "item2": 3006,
      "item3": 3035,
      "item4": 3072,
      "item5": 1038,
      "item6": 3340,
      "sightWardsBought": 1,
      "magicDamageDealtToChampions": 1245,
      "physicalDamageDealtToChampions": 23088,
      "totalDamageDealtToChampions": 24592,
      "trueDamageDealtPlayer": 1300,
      "trueDamageDealtToChampions": 258,
      "trueDamageTaken": 943,
      "wardPlaced": 4,
      "neutralMinionsKilledEnemyJungle": 7,
      "neutralMinionsKilledYourJungle": 7,
      "totalTimeCrowdControlDealt": 245
    }
  },
  "30815940": {
    "gameId": 818160962,
    "invalid": false,
    "gameMode": "CLASSIC",
    "gameType": "MATCHED_GAME",
    "subType": "RANKED_SOLO_5x5",
    "mapId": 1,
    "teamId": 200,
    "championId": 120,
    "spell1": 11,
    "spell2": 6,
    "level": 30,
    "ipEarned": 85,
    "createDate": 1398242653512,
    "fellowPlayers": [
      {
        "summonerId": 34477841,
        "teamId": 200,
        "championId": 64
      },
      {
        "summonerId": 20465097,
        "teamId": 100,
        "championId": 24
      },
      {
        "summonerId": 25547734,
        "teamId": 200,
        "championId": 51
      },
      {
        "summonerId": 41106555,
        "teamId": 100,
        "championId": 1
      },
      {
        "summonerId": 29016717,
        "teamId": 100,
        "championId": 76
      },
      {
        "summonerId": 20891572,
        "teamId": 100,
        "championId": 222
      },
      {
        "summonerId": 30377755,
        "teamId": 200,
        "championId": 412
      },
      {
        "summonerId": 37888093,
        "teamId": 100,
        "championId": 254
      },
      {
        "summonerId": 31473019,
        "teamId": 200,
        "championId": 4
      }
    ],
    "stats": {
      "level": 15,
      "goldEarned": 11514,
      "numDeaths": 5,
      "barracksKilled": 1,
      "turretsKilled": 1,
      "minionsKilled": 34,
      "championsKilled": 8,
      "goldSpent": 8930,
      "totalDamageDealt": 97503,
      "totalDamageTaken": 24646,
      "doubleKills": 2,
      "killingSprees": 2,
      "largestKillingSpree": 4,
      "team": 200,
      "win": true,
      "neutralMinionsKilled": 57,
      "largestMultiKill": 2,
      "physicalDamageDealtPlayer": 63192,
      "magicDamageDealtPlayer": 26542,
      "physicalDamageTaken": 18272,
      "magicDamageTaken": 6100,
      "timePlayed": 1751,
      "totalHeal": 5720,
      "totalUnitsHealed": 1,
      "assists": 16,
      "item0": 1039,
      "item1": 3025,
      "item2": 3009,
      "item3": 3068,
      "item4": 3211,
      "item5": 1028,
      "item6": 3341,
      "magicDamageDealtToChampions": 4793,
      "physicalDamageDealtToChampions": 10246,
      "totalDamageDealtToChampions": 15571,
      "trueDamageDealtPlayer": 7768,
      "trueDamageDealtToChampions": 532,
      "trueDamageTaken": 274,
      "wardKilled": 1,
      "neutralMinionsKilledEnemyJungle": 3,
      "neutralMinionsKilledYourJungle": 54,
      "totalTimeCrowdControlDealt": 510
    }
  },
  "20465097": {
    "gameId": 818160962,
    "invalid": false,
    "gameMode": "CLASSIC",
    "gameType": "MATCHED_GAME",
    "subType": "RANKED_SOLO_5x5",
    "mapId": 1,
    "teamId": 100,
    "championId": 24,
    "spell1": 3,
    "spell2": 14,
    "level": 30,
    "ipEarned": 57,
    "createDate": 1398242653506,
    "fellowPlayers": [
      {
        "summonerId": 34477841,
        "teamId": 200,
        "championId": 64
      },
      {
        "summonerId": 25547734,
        "teamId": 200,
        "championId": 51
      },
      {
        "summonerId": 41106555,
        "teamId": 100,
        "championId": 1
      },
      {
        "summonerId": 29016717,
        "teamId": 100,
        "championId": 76
      },
      {
        "summonerId": 20891572,
        "teamId": 100,
        "championId": 222
      },
      {
        "summonerId": 30377755,
        "teamId": 200,
        "championId": 412
      },
      {
        "summonerId": 37888093,
        "teamId": 100,
        "championId": 254
      },
      {
        "summonerId": 31473019,
        "teamId": 200,
        "championId": 4
      },
      {
        "summonerId": 30815940,
        "teamId": 200,
        "championId": 120
      }
    ],
    "stats": {
      "level": 16,
      "goldEarned": 10820,
      "numDeaths": 12,
      "turretsKilled": 2,
      "minionsKilled": 137,
      "championsKilled": 10,
      "goldSpent": 10628,
      "totalDamageDealt": 94863,
      "totalDamageTaken": 30529,
      "doubleKills": 1,
      "killingSprees": 2,
      "largestKillingSpree": 2,
      "team": 100,
      "win": false,
      "neutralMinionsKilled": 4,
      "largestMultiKill": 2,
      "physicalDamageDealtPlayer": 75631,
      "magicDamageDealtPlayer": 18172,
      "physicalDamageTaken": 18396,
      "magicDamageTaken": 10889,
      "largestCriticalStrike": 373,
      "timePlayed": 1751,
      "totalHeal": 280,
      "totalUnitsHealed": 1,
      "assists": 3,
      "item0": 3264,
      "item1": 3078,
      "item2": 3146,
      "item3": 1026,
      "item4": 1037,
      "item6": 3340,
      "magicDamageDealtToChampions": 6612,
      "physicalDamageDealtToChampions": 15872,
      "totalDamageDealtToChampions": 23545,
      "trueDamageDealtPlayer": 1060,
      "trueDamageDealtToChampions": 1060,
      "trueDamageTaken": 1244,
      "wardPlaced": 3,
      "neutralMinionsKilledEnemyJungle": 1,
      "neutralMinionsKilledYourJungle": 3,
      "totalTimeCrowdControlDealt": 90
    }
  },
  "30377755": {
    "gameId": 818160962,
    "invalid": false,
    "gameMode": "CLASSIC",
    "gameType": "MATCHED_GAME",
    "subType": "RANKED_SOLO_5x5",
    "mapId": 1,
    "teamId": 200,
    "championId": 412,
    "spell1": 4,
    "spell2": 3,
    "level": 30,
    "ipEarned": 235,
    "createDate": 1398242653514,
    "fellowPlayers": [
      {
        "summonerId": 34477841,
        "teamId": 200,
        "championId": 64
      },
      {
        "summonerId": 20465097,
        "teamId": 100,
        "championId": 24
      },
      {
        "summonerId": 25547734,
        "teamId": 200,
        "championId": 51
      },
      {
        "summonerId": 41106555,
        "teamId": 100,
        "championId": 1
      },
      {
        "summonerId": 29016717,
        "teamId": 100,
        "championId": 76
      },
      {
        "summonerId": 20891572,
        "teamId": 100,
        "championId": 222
      },
      {
        "summonerId": 37888093,
        "teamId": 100,
        "championId": 254
      },
      {
        "summonerId": 31473019,
        "teamId": 200,
        "championId": 4
      },
      {
        "summonerId": 30815940,
        "teamId": 200,
        "championId": 120
      }
    ],
    "stats": {
      "level": 14,
      "goldEarned": 9999,
      "numDeaths": 3,
      "minionsKilled": 31,
      "championsKilled": 2,
      "goldSpent": 8985,
      "totalDamageDealt": 25526,
      "totalDamageTaken": 15475,
      "team": 200,
      "win": true,
      "largestMultiKill": 1,
      "physicalDamageDealtPlayer": 7839,
      "magicDamageDealtPlayer": 17686,
      "physicalDamageTaken": 11939,
      "magicDamageTaken": 3296,
      "timePlayed": 1751,
      "totalHeal": 1772,
      "totalUnitsHealed": 1,
      "assists": 20,
      "item0": 3068,
      "item1": 3117,
      "item2": 2045,
      "item3": 3069,
      "item4": 1028,
      "item5": 1057,
      "item6": 3341,
      "sightWardsBought": 4,
      "magicDamageDealtToChampions": 8383,
      "physicalDamageDealtToChampions": 2114,
      "totalDamageDealtToChampions": 10497,
      "trueDamageTaken": 239,
      "wardKilled": 1,
      "wardPlaced": 10,
      "totalTimeCrowdControlDealt": 110
    }
  },
  "37888093": {
    "gameId": 818160962,
    "invalid": false,
    "gameMode": "CLASSIC",
    "gameType": "MATCHED_GAME",
    "subType": "RANKED_SOLO_5x5",
    "mapId": 1,
    "teamId": 100,
    "championId": 254,
    "spell1": 4,
    "spell2": 11,
    "level": 30,
    "ipEarned": 57,
    "createDate": 1398242653505,
    "fellowPlayers": [
      {
        "summonerId": 34477841,
        "teamId": 200,
        "championId": 64
      },
      {
        "summonerId": 20465097,
        "teamId": 100,
        "championId": 24
      },
      {
        "summonerId": 25547734,
        "teamId": 200,
        "championId": 51
      },
      {
        "summonerId": 41106555,
        "teamId": 100,
        "championId": 1
      },
      {
        "summonerId": 29016717,
        "teamId": 100,
        "championId": 76
      },
      {
        "summonerId": 20891572,
        "teamId": 100,
        "championId": 222
      },
      {
        "summonerId": 30377755,
        "teamId": 200,
        "championId": 412
      },
      {
        "summonerId": 31473019,
        "teamId": 200,
        "championId": 4
      },
      {
        "summonerId": 30815940,
        "teamId": 200,
        "championId": 120
      }
    ],
    "stats": {
      "level": 11,
      "goldEarned": 7357,
      "numDeaths": 7,
      "minionsKilled": 26,
      "championsKilled": 5,
      "goldSpent": 6640,
      "totalDamageDealt": 63826,
      "totalDamageTaken": 18580,
      "killingSprees": 2,
      "largestKillingSpree": 2,
      "team": 100,
      "win": false,
      "neutralMinionsKilled": 45,
      "largestMultiKill": 1,
      "physicalDamageDealtPlayer": 53717,
      "magicDamageDealtPlayer": 807,
      "physicalDamageTaken": 12719,
      "magicDamageTaken": 5439,
      "largestCriticalStrike": 182,
      "timePlayed": 1751,
      "totalHeal": 1382,
      "totalUnitsHealed": 1,
      "assists": 2,
      "item0": 3057,
      "item2": 3209,
      "item3": 1011,
      "item4": 1001,
      "item5": 1037,
      "item6": 3340,
      "physicalDamageDealtToChampions": 7164,
      "totalDamageDealtToChampions": 8041,
      "trueDamageDealtPlayer": 9301,
      "trueDamageDealtToChampions": 876,
      "trueDamageTaken": 422,
      "wardPlaced": 7,
      "neutralMinionsKilledEnemyJungle": 1,
      "neutralMinionsKilledYourJungle": 44,
      "totalTimeCrowdControlDealt": 243
    }
  },
  "29016717": {
    "gameId": 818160962,
    "invalid": false,
    "gameMode": "CLASSIC",
    "gameType": "MATCHED_GAME",
    "subType": "RANKED_SOLO_5x5",
    "mapId": 1,
    "teamId": 100,
    "championId": 76,
    "spell1": 4,
    "spell2": 7,
    "level": 30,
    "ipEarned": 57,
    "createDate": 1398242653508,
    "fellowPlayers": [
      {
        "summonerId": 34477841,
        "teamId": 200,
        "championId": 64
      },
      {
        "summonerId": 20465097,
        "teamId": 100,
        "championId": 24
      },
      {
        "summonerId": 25547734,
        "teamId": 200,
        "championId": 51
      },
      {
        "summonerId": 41106555,
        "teamId": 100,
        "championId": 1
      },
      {
        "summonerId": 20891572,
        "teamId": 100,
        "championId": 222
      },
      {
        "summonerId": 30377755,
        "teamId": 200,
        "championId": 412
      },
      {
        "summonerId": 37888093,
        "teamId": 100,
        "championId": 254
      },
      {
        "summonerId": 31473019,
        "teamId": 200,
        "championId": 4
      },
      {
        "summonerId": 30815940,
        "teamId": 200,
        "championId": 120
      }
    ],
    "stats": {
      "level": 13,
      "goldEarned": 7063,
      "numDeaths": 9,
      "minionsKilled": 116,
      "championsKilled": 1,
      "goldSpent": 6640,
      "totalDamageDealt": 71153,
      "totalDamageTaken": 21346,
      "team": 100,
      "win": false,
      "neutralMinionsKilled": 8,
      "largestMultiKill": 1,
      "physicalDamageDealtPlayer": 19379,
      "magicDamageDealtPlayer": 51774,
      "physicalDamageTaken": 12433,
      "magicDamageTaken": 8391,
      "timePlayed": 1751,
      "totalHeal": 7624,
      "totalUnitsHealed": 4,
      "assists": 3,
      "item0": 1056,
      "item1": 3070,
      "item2": 3020,
      "item3": 3089,
      "item4": 1026,
      "item5": 2003,
      "item6": 3340,
      "magicDamageDealtToChampions": 9989,
      "physicalDamageDealtToChampions": 1126,
      "totalDamageDealtToChampions": 11115,
      "trueDamageTaken": 521,
      "wardPlaced": 2,
      "neutralMinionsKilledEnemyJungle": 1,
      "neutralMinionsKilledYourJungle": 7
    }
  },
  "34477841": {
    "gameId": 818160962,
    "invalid": false,
    "gameMode": "CLASSIC",
    "gameType": "MATCHED_GAME",
    "subType": "RANKED_SOLO_5x5",
    "mapId": 1,
    "teamId": 200,
    "championId": 64,
    "spell1": 14,
    "spell2": 4,
    "level": 30,
    "ipEarned": 85,
    "createDate": 1398242653511,
    "fellowPlayers": [
      {
        "summonerId": 20465097,
        "teamId": 100,
        "championId": 24
      },
      {
        "summonerId": 25547734,
        "teamId": 200,
        "championId": 51
      },
      {
        "summonerId": 41106555,
        "teamId": 100,
        "championId": 1
      },
      {
        "summonerId": 29016717,
        "teamId": 100,
        "championId": 76
      },
      {
        "summonerId": 20891572,
        "teamId": 100,
        "championId": 222
      },
      {
        "summonerId": 30377755,
        "teamId": 200,
        "championId": 412
      },
      {
        "summonerId": 37888093,
        "teamId": 100,
        "championId": 254
      },
      {
        "summonerId": 31473019,
        "teamId": 200,
        "championId": 4
      },
      {
        "summonerId": 30815940,
        "teamId": 200,
        "championId": 120
      }
    ],
    "stats": {
      "level": 16,
      "goldEarned": 13438,
      "numDeaths": 4,
      "barracksKilled": 1,
      "turretsKilled": 1,
      "minionsKilled": 125,
      "championsKilled": 16,
      "goldSpent": 12910,
      "totalDamageDealt": 114260,
      "totalDamageTaken": 23405,
      "doubleKills": 3,
      "killingSprees": 2,
      "largestKillingSpree": 12,
      "team": 200,
      "win": true,
      "neutralMinionsKilled": 16,
      "largestMultiKill": 2,
      "physicalDamageDealtPlayer": 83078,
      "magicDamageDealtPlayer": 29444,
      "physicalDamageTaken": 15386,
      "magicDamageTaken": 7069,
      "timePlayed": 1751,
      "totalHeal": 3638,
      "totalUnitsHealed": 1,
      "assists": 5,
      "item0": 3153,
      "item1": 3074,
      "item2": 3143,
      "item3": 3265,
      "item4": 1057,
      "item5": 1028,
      "item6": 3340,
      "magicDamageDealtToChampions": 5314,
      "physicalDamageDealtToChampions": 17698,
      "totalDamageDealtToChampions": 23986,
      "trueDamageDealtPlayer": 1738,
      "trueDamageDealtToChampions": 974,
      "trueDamageTaken": 949,
      "wardPlaced": 7,
      "neutralMinionsKilledEnemyJungle": 3,
      "neutralMinionsKilledYourJungle": 13,
      "totalTimeCrowdControlDealt": 762
    }
  },
  "31473019": {
    "gameId": 818160962,
    "invalid": false,
    "gameMode": "CLASSIC",
    "gameType": "MATCHED_GAME",
    "subType": "RANKED_SOLO_5x5",
    "mapId": 1,
    "teamId": 200,
    "championId": 4,
    "spell1": 4,
    "spell2": 14,
    "level": 30,
    "ipEarned": 85,
    "createDate": 1398242653513,
    "fellowPlayers": [
      {
        "summonerId": 34477841,
        "teamId": 200,
        "championId": 64
      },
      {
        "summonerId": 20465097,
        "teamId": 100,
        "championId": 24
      },
      {
        "summonerId": 25547734,
        "teamId": 200,
        "championId": 51
      },
      {
        "summonerId": 41106555,
        "teamId": 100,
        "championId": 1
      },
      {
        "summonerId": 29016717,
        "teamId": 100,
        "championId": 76
      },
      {
        "summonerId": 20891572,
        "teamId": 100,
        "championId": 222
      },
      {
        "summonerId": 30377755,
        "teamId": 200,
        "championId": 412
      },
      {
        "summonerId": 37888093,
        "teamId": 100,
        "championId": 254
      },
      {
        "summonerId": 30815940,
        "teamId": 200,
        "championId": 120
      }
    ],
    "stats": {
      "level": 16,
      "goldEarned": 13982,
      "numDeaths": 4,
      "turretsKilled": 2,
      "minionsKilled": 175,
      "championsKilled": 11,
      "goldSpent": 13885,
      "totalDamageDealt": 121279,
      "totalDamageTaken": 14872,
      "killingSprees": 1,
      "largestKillingSpree": 8,
      "team": 200,
      "win": true,
      "neutralMinionsKilled": 8,
      "largestMultiKill": 1,
      "physicalDamageDealtPlayer": 22744,
      "magicDamageDealtPlayer": 97064,
      "physicalDamageTaken": 10719,
      "magicDamageTaken": 4006,
      "timePlayed": 1751,
      "totalHeal": 1031,
      "totalUnitsHealed": 1,
      "assists": 10,
      "item0": 3100,
      "item1": 3135,
      "item2": 3257,
      "item3": 3211,
      "item4": 3089,
      "item5": 1028,
      "item6": 3340,
      "sightWardsBought": 3,
      "magicDamageDealtToChampions": 16510,
      "physicalDamageDealtToChampions": 1796,
      "totalDamageDealtToChampions": 19143,
      "trueDamageDealtPlayer": 1470,
      "trueDamageDealtToChampions": 836,
      "trueDamageTaken": 146,
      "wardPlaced": 10,
      "neutralMinionsKilledYourJungle": 8,
      "totalTimeCrowdControlDealt": 362
    }
  },
  "41106555": {
    "gameId": 818160962,
    "invalid": false,
    "gameMode": "CLASSIC",
    "gameType": "MATCHED_GAME",
    "subType": "RANKED_SOLO_5x5",
    "mapId": 1,
    "teamId": 100,
    "championId": 1,
    "spell1": 4,
    "spell2": 14,
    "level": 30,
    "ipEarned": 57,
    "createDate": 1398242653504,
    "fellowPlayers": [
      {
        "summonerId": 34477841,
        "teamId": 200,
        "championId": 64
      },
      {
        "summonerId": 20465097,
        "teamId": 100,
        "championId": 24
      },
      {
        "summonerId": 25547734,
        "teamId": 200,
        "championId": 51
      },
      {
        "summonerId": 29016717,
        "teamId": 100,
        "championId": 76
      },
      {
        "summonerId": 20891572,
        "teamId": 100,
        "championId": 222
      },
      {
        "summonerId": 30377755,
        "teamId": 200,
        "championId": 412
      },
      {
        "summonerId": 37888093,
        "teamId": 100,
        "championId": 254
      },
      {
        "summonerId": 31473019,
        "teamId": 200,
        "championId": 4
      },
      {
        "summonerId": 30815940,
        "teamId": 200,
        "championId": 120
      }
    ],
    "stats": {
      "level": 12,
      "goldEarned": 5290,
      "numDeaths": 7,
      "minionsKilled": 13,
      "goldSpent": 3855,
      "totalDamageDealt": 12798,
      "totalDamageTaken": 15941,
      "team": 100,
      "win": false,
      "physicalDamageDealtPlayer": 4778,
      "magicDamageDealtPlayer": 8019,
      "physicalDamageTaken": 10549,
      "magicDamageTaken": 5180,
      "timePlayed": 1751,
      "assists": 4,
      "item0": 2049,
      "item1": 1054,
      "item2": 2003,
      "item3": 3020,
      "item4": 3010,
      "item6": 3340,
      "magicDamageDealtToChampions": 5525,
      "physicalDamageDealtToChampions": 1706,
      "totalDamageDealtToChampions": 7232,
      "trueDamageTaken": 212,
      "wardPlaced": 11,
      "totalTimeCrowdControlDealt": 26
    }
  }
}