{
  "28141204": {
    "gameId": 818168474,
    "invalid": false,
    "gameMode": "CLASSIC",
    "gameType": "MATCHED_GAME",
    "subType": "RANKED_SOLO_5x5",
    "mapId": 1,
    "teamId": 200,
    "championId": 62,
    "spell1": 4,
    "spell2": 14,
    "level": 30,
    "ipEarned": 117,
    "createDate": 1398243413338,
    "fellowPlayers": [
      {
        "summonerId": 36808745,
        "teamId": 100,
        "championId": 53
      },
      {
        "summonerId": 20778877,
        "teamId": 200,
        "championId": 104
      },
      {
        "summonerId": 21915949,
        "teamId": 100,
        "championId": 79
      },
      {
        "summonerId": 39495670,
        "teamId": 200,
        "championId": 103
      },
      {
        "summonerId": 35317690,
        "teamId": 100,
        "championId": 24
      },
      {
        "summonerId": 21917850,
        "teamId": 100,
        "championId": 120
      },
      {
        "summonerId": 23236887,
        "teamId": 100,
        "championId": 18
      },
      {
        "summonerId": 28943323,
        "teamId": 200,
        "championId": 54
      },
      {
        "summonerId": 22405922,
        "teamId": 200,
        "championId": 43
      }
    ],
    "stats": {
      "level": 18,
      "goldEarned": 17251,
      "numDeaths": 7,
      "turretsKilled": 2,
      "minionsKilled": 248,
      "championsKilled": 14,
      "goldSpent": 15615,
      "totalDamageDealt": 211851,
      "totalDamageTaken": 39401,
      "doubleKills": 1,
      "killingSprees": 3,
      "largestKillingSpree": 7,
      "team": 200,
      "win": true,
      "neutralMinionsKilled": 19,
      "largestMultiKill": 2,
      "physicalDamageDealtPlayer": 192374,
      "magicDamageDealtPlayer": 16919,
      "physicalDamageTaken": 23458,
      "magicDamageTaken": 14739,
      "timePlayed": 2604,
      "totalHeal": 1070,
      "totalUnitsHealed": 1,
      "assists": 7,
      "item0": 3074,
      "item1": 3265,
      "item2": 3068,
      "item3": 3071,
      "item4": 3035,
      "item5": 3082,
      "item6": 3362,
      "sightWardsBought": 1,
      "magicDamageDealtToChampions": 3245,
      "physicalDamageDealtToChampions": 38114,
      "totalDamageDealtToChampions": 43640,
      "trueDamageDealtPlayer": 2558,
      "trueDamageDealtToChampions": 2280,
      "trueDamageTaken": 1203,
      "wardKilled": 1,
      "wardPlaced": 10,
      "neutralMinionsKilledEnemyJungle": 3,
      "neutralMinionsKilledYourJungle": 16,
      "totalTimeCrowdControlDealt": 209
    }
  },
  "summonerCount": 10,
  "36808745": {
    "gameId": 818168474,
    "invalid": false,
    "gameMode": "CLASSIC",
    "gameType": "MATCHED_GAME",
    "subType": "RANKED_SOLO_5x5",
    "mapId": 1,
    "teamId": 100,
    "championId": 53,
    "spell1": 14,
    "spell2": 4,
    "level": 30,
    "ipEarned": 77,
    "createDate": 1398243413333,
    "fellowPlayers": [
      {
        "summonerId": 20778877,
        "teamId": 200,
        "championId": 104
      },
      {
        "summonerId": 21915949,
        "teamId": 100,
        "championId": 79
      },
      {
        "summonerId": 39495670,
        "teamId": 200,
        "championId": 103
      },
      {
        "summonerId": 35317690,
        "teamId": 100,
        "championId": 24
      },
      {
        "summonerId": 21917850,
        "teamId": 100,
        "championId": 120
      },
      {
        "summonerId": 28141204,
        "teamId": 200,
        "championId": 62
      },
      {
        "summonerId": 23236887,
        "teamId": 100,
        "championId": 18
      },
      {
        "summonerId": 28943323,
        "teamId": 200,
        "championId": 54
      },
      {
        "summonerId": 22405922,
        "teamId": 200,
        "championId": 43
      }
    ],
    "stats": {
      "level": 14,
      "goldEarned": 11227,
      "numDeaths": 10,
      "minionsKilled": 16,
      "championsKilled": 5,
      "goldSpent": 10440,
      "totalDamageDealt": 18804,
      "totalDamageTaken": 43678,
      "doubleKills": 1,
      "killingSprees": 2,
      "largestKillingSpree": 2,
      "team": 100,
      "win": false,
      "largestMultiKill": 2,
      "physicalDamageDealtPlayer": 6419,
      "magicDamageDealtPlayer": 11548,
      "physicalDamageTaken": 23186,
      "magicDamageTaken": 18883,
      "timePlayed": 2604,
      "totalHeal": 2926,
      "totalUnitsHealed": 1,
      "assists": 13,
      "item0": 3069,
      "item1": 3082,
      "item2": 2049,
      "item3": 3083,
      "item4": 1011,
      "item5": 3270,
      "item6": 3341,
      "visionWardsBought": 6,
      "magicDamageDealtToChampions": 6575,
      "physicalDamageDealtToChampions": 4588,
      "totalDamageDealtToChampions": 11999,
      "trueDamageDealtPlayer": 836,
      "trueDamageDealtToChampions": 836,
      "trueDamageTaken": 1608,
      "wardKilled": 7,
      "wardPlaced": 55,
      "totalTimeCrowdControlDealt": 69
    }
  },
  "22405922": {
    "gameId": 818168474,
    "invalid": false,
    "gameMode": "CLASSIC",
    "gameType": "MATCHED_GAME",
    "subType": "RANKED_SOLO_5x5",
    "mapId": 1,
    "teamId": 200,
    "championId": 43,
    "spell1": 4,
    "spell2": 14,
    "level": 30,
    "ipEarned": 267,
    "createDate": 1398243413335,
    "fellowPlayers": [
      {
        "summonerId": 36808745,
        "teamId": 100,
        "championId": 53
      },
      {
        "summonerId": 20778877,
        "teamId": 200,
        "championId": 104
      },
      {
        "summonerId": 21915949,
        "teamId": 100,
        "championId": 79
      },
      {
        "summonerId": 39495670,
        "teamId": 200,
        "championId": 103
      },
      {
        "summonerId": 35317690,
        "teamId": 100,
        "championId": 24
      },
      {
        "summonerId": 21917850,
        "teamId": 100,
        "championId": 120
      },
      {
        "summonerId": 28141204,
        "teamId": 200,
        "championId": 62
      },
      {
        "summonerId": 23236887,
        "teamId": 100,
        "championId": 18
      },
      {
        "summonerId": 28943323,
        "teamId": 200,
        "championId": 54
      }
    ],
    "stats": {
      "level": 18,
      "goldEarned": 15292,
      "numDeaths": 8,
      "minionsKilled": 54,
      "championsKilled": 6,
      "goldSpent": 11805,
      "totalDamageDealt": 75474,
      "totalDamageTaken": 26588,
      "killingSprees": 1,
      "largestKillingSpree": 2,
      "team": 200,
      "win": true,
      "neutralMinionsKilled": 7,
      "largestMultiKill": 1,
      "physicalDamageDealtPlayer": 7261,
      "magicDamageDealtPlayer": 66773,
      "physicalDamageTaken": 12299,
      "magicDamageTaken": 13474,
      "timePlayed": 2604,
      "totalHeal": 180,
      "totalUnitsHealed": 1,
      "assists": 17,
      "item0": 3092,
      "item1": 2049,
      "item2": 3151,
      "item3": 3116,
      "item4": 3020,
      "item5": 1026,
      "item6": 3341,
      "sightWardsBought": 3,
      "visionWardsBought": 4,
      "magicDamageDealtToChampions": 25679,
      "physicalDamageDealtToChampions": 838,
      "totalDamageDealtToChampions": 27848,
      "trueDamageDealtPlayer": 1440,
      "trueDamageDealtToChampions": 1330,
      "trueDamageTaken": 814,
      "wardKilled": 6,
      "wardPlaced": 40,
      "neutralMinionsKilledYourJungle": 7,
      "totalTimeCrowdControlDealt": 415
    }
  },
  "35317690": {
    "gameId": 818168474,
    "invalid": false,
    "gameMode": "CLASSIC",
    "gameType": "MATCHED_GAME",
    "subType": "RANKED_SOLO_5x5",
    "mapId": 1,
    "teamId": 100,
    "championId": 24,
    "spell1": 4,
    "spell2": 14,
    "level": 30,
    "ipEarned": 77,
    "createDate": 1398243413330,
    "fellowPlayers": [
      {
        "summonerId": 36808745,
        "teamId": 100,
        "championId": 53
      },
      {
        "summonerId": 20778877,
        "teamId": 200,
        "championId": 104
      },
      {
        "summonerId": 21915949,
        "teamId": 100,
        "championId": 79
      },
      {
        "summonerId": 39495670,
        "teamId": 200,
        "championId": 103
      },
      {
        "summonerId": 21917850,
        "teamId": 100,
        "championId": 120
      },
      {
        "summonerId": 28141204,
        "teamId": 200,
        "championId": 62
      },
      {
        "summonerId": 23236887,
        "teamId": 100,
        "championId": 18
      },
      {
        "summonerId": 28943323,
        "teamId": 200,
        "championId": 54
      },
      {
        "summonerId": 22405922,
        "teamId": 200,
        "championId": 43
      }
    ],
    "stats": {
      "level": 16,
      "goldEarned": 9562,
      "numDeaths": 10,
      "minionsKilled": 91,
      "goldSpent": 9050,
      "totalDamageDealt": 55761,
      "totalDamageTaken": 33097,
      "team": 100,
      "win": false,
      "neutralMinionsKilled": 6,
      "physicalDamageDealtPlayer": 46329,
      "magicDamageDealtPlayer": 9182,
      "physicalDamageTaken": 19373,
      "magicDamageTaken": 11597,
      "timePlayed": 2604,
      "assists": 8,
      "item0": 3047,
      "item1": 3146,
      "item2": 3143,
      "item3": 1028,
      "item4": 1036,
      "item6": 3340,
      "magicDamageDealtToChampions": 1027,
      "physicalDamageDealtToChampions": 2453,
      "totalDamageDealtToChampions": 3730,
      "trueDamageDealtPlayer": 250,
      "trueDamageDealtToChampions": 250,
      "trueDamageTaken": 2126,
      "wardPlaced": 12,
      "neutralMinionsKilledYourJungle": 6,
      "totalTimeCrowdControlDealt": 158
    }
  },
  "20778877": {
    "gameId": 818168474,
    "invalid": false,
    "gameMode": "CLASSIC",
    "gameType": "MATCHED_GAME",
    "subType": "RANKED_SOLO_5x5",
    "mapId": 1,
    "teamId": 200,
    "championId": 104,
    "spell1": 7,
    "spell2": 4,
    "level": 30,
    "ipEarned": 117,
    "createDate": 1398243413336,
    "fellowPlayers": [
      {
        "summonerId": 36808745,
        "teamId": 100,
        "championId": 53
      },
      {
        "summonerId": 21915949,
        "teamId": 100,
        "championId": 79
      },
      {
        "summonerId": 39495670,
        "teamId": 200,
        "championId": 103
      },
      {
        "summonerId": 35317690,
        "teamId": 100,
        "championId": 24
      },
      {
        "summonerId": 21917850,
        "teamId": 100,
        "championId": 120
      },
      {
        "summonerId": 28141204,
        "teamId": 200,
        "championId": 62
      },
      {
        "summonerId": 23236887,
        "teamId": 100,
        "championId": 18
      },
      {
        "summonerId": 28943323,
        "teamId": 200,
        "championId": 54
      },
      {
        "summonerId": 22405922,
        "teamId": 200,
        "championId": 43
      }
    ],
    "stats": {
      "level": 18,
      "goldEarned": 18441,
      "numDeaths": 5,
      "barracksKilled": 1,
      "turretsKilled": 3,
      "minionsKilled": 242,
      "championsKilled": 16,
      "goldSpent": 17245,
      "totalDamageDealt": 199225,
      "totalDamageTaken": 30514,
      "doubleKills": 4,
      "tripleKills": 2,
      "quadraKills": 1,
      "pentaKills": 1,
      "killingSprees": 3,
      "largestKillingSpree": 6,
      "team": 200,
      "win": true,
      "neutralMinionsKilled": 8,
      "largestMultiKill": 5,
      "physicalDamageDealtPlayer": 191548,
      "magicDamageDealtPlayer": 5047,
      "physicalDamageTaken": 17955,
      "magicDamageTaken": 11849,
      "largestCriticalStrike": 980,
      "timePlayed": 2604,
      "totalHeal": 3649,
      "totalUnitsHealed": 3,
      "assists": 6,
      "item0": 3026,
      "item1": 3250,
      "item2": 3072,
      "item3": 3046,
      "item4": 3035,
      "item5": 3031,
      "item6": 3340,
      "magicDamageDealtToChampions": 2270,
      "physicalDamageDealtToChampions": 43898,
      "totalDamageDealtToChampions": 48113,
      "trueDamageDealtPlayer": 2629,
      "trueDamageDealtToChampions": 1945,
      "trueDamageTaken": 710,
      "wardKilled": 6,
      "wardPlaced": 13,
      "neutralMinionsKilledEnemyJungle": 5,
      "neutralMinionsKilledYourJungle": 3,
      "totalTimeCrowdControlDealt": 427
    }
  },
  "21917850": {
    "gameId": 818168474,
    "invalid": false,
    "gameMode": "CLASSIC",
    "gameType": "MATCHED_GAME",
    "subType": "RANKED_SOLO_5x5",
    "mapId": 1,
    "teamId": 100,
    "championId": 120,
    "spell1": 6,
    "spell2": 11,
    "level": 30,
    "ipEarned": 77,
    "createDate": 1398243413331,
    "fellowPlayers": [
      {
        "summonerId": 36808745,
        "teamId": 100,
        "championId": 53
      },
      {
        "summonerId": 20778877,
        "teamId": 200,
        "championId": 104
      },
      {
        "summonerId": 21915949,
        "teamId": 100,
        "championId": 79
      },
      {
        "summonerId": 39495670,
        "teamId": 200,
        "championId": 103
      },
      {
        "summonerId": 35317690,
        "teamId": 100,
        "championId": 24
      },
      {
        "summonerId": 28141204,
        "teamId": 200,
        "championId": 62
      },
      {
        "summonerId": 23236887,
        "teamId": 100,
        "championId": 18
      },
      {
        "summonerId": 28943323,
        "teamId": 200,
        "championId": 54
      },
      {
        "summonerId": 22405922,
        "teamId": 200,
        "championId": 43
      }
    ],
    "stats": {
      "level": 18,
      "goldEarned": 13624,
      "numDeaths": 6,
      "minionsKilled": 83,
      "championsKilled": 3,
      "goldSpent": 14068,
      "totalDamageDealt": 171224,
      "totalDamageTaken": 39787,
      "killingSprees": 1,
      "largestKillingSpree": 2,
      "team": 100,
      "win": false,
      "neutralMinionsKilled": 99,
      "largestMultiKill": 1,
      "physicalDamageDealtPlayer": 115400,
      "magicDamageDealtPlayer": 33415,
      "physicalDamageTaken": 29434,
      "magicDamageTaken": 8496,
      "timePlayed": 2604,
      "totalHeal": 10668,
      "totalUnitsHealed": 1,
      "assists": 15,
      "item0": 3260,
      "item1": 3078,
      "item2": 3065,
      "item3": 3209,
      "item4": 3068,
      "item6": 3340,
      "magicDamageDealtToChampions": 4157,
      "physicalDamageDealtToChampions": 7179,
      "totalDamageDealtToChampions": 12824,
      "trueDamageDealtPlayer": 22407,
      "trueDamageDealtToChampions": 1487,
      "trueDamageTaken": 1856,
      "wardPlaced": 10,
      "neutralMinionsKilledEnemyJungle": 5,
      "neutralMinionsKilledYourJungle": 94,
      "totalTimeCrowdControlDealt": 251
    }
  },
  "39495670": {
    "gameId": 818168474,
    "invalid": false,
    "gameMode": "CLASSIC",
    "gameType": "MATCHED_GAME",
    "subType": "RANKED_SOLO_5x5",
    "mapId": 1,
    "teamId": 200,
    "championId": 103,
    "spell1": 4,
    "spell2": 14,
    "level": 30,
    "ipEarned": 267,
    "createDate": 1398243413337,
    "fellowPlayers": [
      {
        "summonerId": 36808745,
        "teamId": 100,
        "championId": 53
      },
      {
        "summonerId": 20778877,
        "teamId": 200,
        "championId": 104
      },
      {
        "summonerId": 21915949,
        "teamId": 100,
        "championId": 79
      },
      {
        "summonerId": 35317690,
        "teamId": 100,
        "championId": 24
      },
      {
        "summonerId": 21917850,
        "teamId": 100,
        "championId": 120
      },
      {
        "summonerId": 28141204,
        "teamId": 200,
        "championId": 62
      },
      {
        "summonerId": 23236887,
        "teamId": 100,
        "championId": 18
      },
      {
        "summonerId": 28943323,
        "teamId": 200,
        "championId": 54
      },
      {
        "summonerId": 22405922,
        "teamId": 200,
        "championId": 43
      }
    ],
    "stats": {
      "level": 18,
      "goldEarned": 11808,
      "numDeaths": 11,
      "turretsKilled": 1,
      "minionsKilled": 124,
      "championsKilled": 3,
      "goldSpent": 10215,
      "totalDamageDealt": 122092,
      "totalDamageTaken": 26941,
      "team": 200,
      "win": true,
      "neutralMinionsKilled": 15,
      "largestMultiKill": 1,
      "physicalDamageDealtPlayer": 28831,
      "magicDamageDealtPlayer": 69104,
      "physicalDamageTaken": 14023,
      "magicDamageTaken": 12083,
      "timePlayed": 2604,
      "totalHeal": 3045,
      "totalUnitsHealed": 1,
      "assists": 11,
      "item0": 3128,
      "item1": 1058,
      "item2": 1026,
      "item4": 3135,
      "item5": 3255,
      "item6": 3340,
      "magicDamageDealtToChampions": 14920,
      "physicalDamageDealtToChampions": 1482,
      "totalDamageDealtToChampions": 20962,
      "trueDamageDealtPlayer": 24155,
      "trueDamageDealtToChampions": 4559,
      "trueDamageTaken": 835,
      "wardPlaced": 2,
      "neutralMinionsKilledYourJungle": 15,
      "totalTimeCrowdControlDealt": 25
    }
  },
  "21915949": {
    "gameId": 818168474,
    "invalid": false,
    "gameMode": "CLASSIC",
    "gameType": "MATCHED_GAME",
    "subType": "RANKED_SOLO_5x5",
    "mapId": 1,
    "teamId": 100,
    "championId": 79,
    "spell1": 4,
    "spell2": 14,
    "level": 30,
    "ipEarned": 77,
    "createDate": 1398243413329,
    "fellowPlayers": [
      {
        "summonerId": 36808745,
        "teamId": 100,
        "championId": 53
      },
      {
        "summonerId": 20778877,
        "teamId": 200,
        "championId": 104
      },
      {
        "summonerId": 39495670,
        "teamId": 200,
        "championId": 103
      },
      {
        "summonerId": 35317690,
        "teamId": 100,
        "championId": 24
      },
      {
        "summonerId": 21917850,
        "teamId": 100,
        "championId": 120
      },
      {
        "summonerId": 28141204,
        "teamId": 200,
        "championId": 62
      },
      {
        "summonerId": 23236887,
        "teamId": 100,
        "championId": 18
      },
      {
        "summonerId": 28943323,
        "teamId": 200,
        "championId": 54
      },
      {
        "summonerId": 22405922,
        "teamId": 200,
        "championId": 43
      }
    ],
    "stats": {
      "level": 18,
      "goldEarned": 16665,
      "numDeaths": 9,
      "barracksKilled": 1,
      "minionsKilled": 154,
      "championsKilled": 17,
      "goldSpent": 16020,
      "totalDamageDealt": 161361,
      "totalDamageTaken": 41763,
      "doubleKills": 2,
      "tripleKills": 1,
      "killingSprees": 4,
      "largestKillingSpree": 6,
      "team": 100,
      "win": false,
      "neutralMinionsKilled": 14,
      "largestMultiKill": 3,
      "physicalDamageDealtPlayer": 14453,
      "magicDamageDealtPlayer": 146278,
      "physicalDamageTaken": 25944,
      "magicDamageTaken": 13289,
      "largestCriticalStrike": 567,
      "timePlayed": 2604,
      "totalHeal": 11007,
      "totalUnitsHealed": 1,
      "assists": 8,
      "item0": 3089,
      "item1": 3255,
      "item2": 3152,
      "item3": 3135,
      "item4": 3116,
      "item5": 3003,
      "item6": 3340,
      "magicDamageDealtToChampions": 39109,
      "physicalDamageDealtToChampions": 1460,
      "totalDamageDealtToChampions": 41045,
      "trueDamageDealtPlayer": 630,
      "trueDamageDealtToChampions": 476,
      "trueDamageTaken": 2529,
      "wardPlaced": 12,
      "neutralMinionsKilledEnemyJungle": 2,
      "neutralMinionsKilledYourJungle": 12,
      "totalTimeCrowdControlDealt": 719
    }
  },
  "23236887": {
    "gameId": 818168474,
    "invalid": false,
    "gameMode": "CLASSIC",
    "gameType": "MATCHED_GAME",
    "subType": "RANKED_SOLO_5x5",
    "mapId": 1,
    "teamId": 100,
    "championId": 18,
    "spell1": 7,
    "spell2": 4,
    "level": 30,
    "ipEarned": 77,
    "createDate": 1398243413334,
    "fellowPlayers": [
      {
        "summonerId": 36808745,
        "teamId": 100,
        "championId": 53
      },
      {
        "summonerId": 20778877,
        "teamId": 200,
        "championId": 104
      },
      {
        "summonerId": 21915949,
        "teamId": 100,
        "championId": 79
      },
      {
        "summonerId": 39495670,
        "teamId": 200,
        "championId": 103
      },
      {
        "summonerId": 35317690,
        "teamId": 100,
        "championId": 24
      },
      {
        "summonerId": 21917850,
        "teamId": 100,
        "championId": 120
      },
      {
        "summonerId": 28141204,
        "teamId": 200,
        "championId": 62
      },
      {
        "summonerId": 28943323,
        "teamId": 200,
        "championId": 54
      },
      {
        "summonerId": 22405922,
        "teamId": 200,
        "championId": 43
      }
    ],
    "stats": {
      "level": 18,
      "goldEarned": 19769,
      "numDeaths": 6,
      "turretsKilled": 3,
      "minionsKilled": 305,
      "championsKilled": 13,
      "goldSpent": 18770,
      "totalDamageDealt": 311614,
      "totalDamageTaken": 39869,
      "doubleKills": 2,
      "killingSprees": 5,
      "largestKillingSpree": 3,
      "team": 100,
      "win": false,
      "neutralMinionsKilled": 45,
      "largestMultiKill": 2,
      "physicalDamageDealtPlayer": 236266,
      "magicDamageDealtPlayer": 74091,
      "physicalDamageTaken": 25953,
      "magicDamageTaken": 11456,
      "largestCriticalStrike": 924,
      "timePlayed": 2604,
      "totalHeal": 7391,
      "totalUnitsHealed": 3,
      "assists": 12,
      "item0": 3026,
      "item1": 3031,
      "item2": 3087,
      "item3": 3252,
      "item4": 3072,
      "item5": 3035,
      "item6": 3340,
      "sightWardsBought": 1,
      "magicDamageDealtToChampions": 10758,
      "physicalDamageDealtToChampions": 40419,
      "totalDamageDealtToChampions": 52101,
      "trueDamageDealtPlayer": 1256,
      "trueDamageDealtToChampions": 924,
      "trueDamageTaken": 2459,
      "wardKilled": 5,
      "wardPlaced": 9,
      "neutralMinionsKilledEnemyJungle": 9,
      "neutralMinionsKilledYourJungle": 36,
      "totalTimeCrowdControlDealt": 233
    }
  },
  "28141204": {
    "gameId": 818168474,
    "invalid": false,
    "gameMode": "CLASSIC",
    "gameType": "MATCHED_GAME",
    "subType": "RANKED_SOLO_5x5",
    "mapId": 1,
    "teamId": 200,
    "championId": 62,
    "spell1": 4,
    "spell2": 14,
    "level": 30,
    "ipEarned": 117,
    "createDate": 1398243413338,
    "fellowPlayers": [
      {
        "summonerId": 36808745,
        "teamId": 100,
        "championId": 53
      },
      {
        "summonerId": 20778877,
        "teamId": 200,
        "championId": 104
      },
      {
        "summonerId": 21915949,
        "teamId": 100,
        "championId": 79
      },
      {
        "summonerId": 39495670,
        "teamId": 200,
        "championId": 103
      },
      {
        "summonerId": 35317690,
        "teamId": 100,
        "championId": 24
      },
      {
        "summonerId": 21917850,
        "teamId": 100,
        "championId": 120
      },
      {
        "summonerId": 23236887,
        "teamId": 100,
        "championId": 18
      },
      {
        "summonerId": 28943323,
        "teamId": 200,
        "championId": 54
      },
      {
        "summonerId": 22405922,
        "teamId": 200,
        "championId": 43
      }
    ],
    "stats": {
      "level": 18,
      "goldEarned": 17251,
      "numDeaths": 7,
      "turretsKilled": 2,
      "minionsKilled": 248,
      "championsKilled": 14,
      "goldSpent": 15615,
      "totalDamageDealt": 211851,
      "totalDamageTaken": 39401,
      "doubleKills": 1,
      "killingSprees": 3,
      "largestKillingSpree": 7,
      "team": 200,
      "win": true,
      "neutralMinionsKilled": 19,
      "largestMultiKill": 2,
      "physicalDamageDealtPlayer": 192374,
      "magicDamageDealtPlayer": 16919,
      "physicalDamageTaken": 23458,
      "magicDamageTaken": 14739,
      "timePlayed": 2604,
      "totalHeal": 1070,
      "totalUnitsHealed": 1,
      "assists": 7,
      "item0": 3074,
      "item1": 3265,
      "item2": 3068,
      "item3": 3071,
      "item4": 3035,
      "item5": 3082,
      "item6": 3362,
      "sightWardsBought": 1,
      "magicDamageDealtToChampions": 3245,
      "physicalDamageDealtToChampions": 38114,
      "totalDamageDealtToChampions": 43640,
      "trueDamageDealtPlayer": 2558,
      "trueDamageDealtToChampions": 2280,
      "trueDamageTaken": 1203,
      "wardKilled": 1,
      "wardPlaced": 10,
      "neutralMinionsKilledEnemyJungle": 3,
      "neutralMinionsKilledYourJungle": 16,
      "totalTimeCrowdControlDealt": 209
    }
  }
}