{
  "36368851": {
    "gameId": 818169475,
    "invalid": false,
    "gameMode": "CLASSIC",
    "gameType": "MATCHED_GAME",
    "subType": "NORMAL",
    "mapId": 1,
    "teamId": 200,
    "championId": 74,
    "spell1": 7,
    "spell2": 4,
    "level": 30,
    "ipEarned": 242,
    "createDate": 1398242978326,
    "fellowPlayers": [
      {
        "summonerId": 38022729,
        "teamId": 100,
        "championId": 74
      },
      {
        "summonerId": 22193287,
        "teamId": 100,
        "championId": 53
      },
      {
        "summonerId": 38235739,
        "teamId": 200,
        "championId": 157
      },
      {
        "summonerId": 44683433,
        "teamId": 100,
        "championId": 238
      },
      {
        "summonerId": 40927353,
        "teamId": 200,
        "championId": 76
      },
      {
        "summonerId": 33950342,
        "teamId": 200,
        "championId": 119
      },
      {
        "summonerId": 27717829,
        "teamId": 200,
        "championId": 28
      },
      {
        "summonerId": 24121791,
        "teamId": 100,
        "championId": 133
      },
      {
        "summonerId": 40121316,
        "teamId": 100,
        "championId": 120
      }
    ],
    "stats": {
      "level": 17,
      "goldEarned": 11447,
      "numDeaths": 4,
      "barracksKilled": 1,
      "turretsKilled": 2,
      "minionsKilled": 201,
      "championsKilled": 6,
      "goldSpent": 9050,
      "totalDamageDealt": 127608,
      "totalDamageTaken": 14796,
      "killingSprees": 2,
      "largestKillingSpree": 3,
      "team": 200,
      "win": true,
      "neutralMinionsKilled": 2,
      "largestMultiKill": 1,
      "physicalDamageDealtPlayer": 26117,
      "magicDamageDealtPlayer": 101420,
      "physicalDamageTaken": 5387,
      "magicDamageTaken": 8886,
      "timePlayed": 1950,
      "totalHeal": 1922,
      "totalUnitsHealed": 2,
      "assists": 4,
      "item0": 3157,
      "item1": 3111,
      "item2": 1056,
      "item3": 3089,
      "item4": 3108,
      "item6": 3340,
      "magicDamageDealtToChampions": 20940,
      "physicalDamageDealtToChampions": 697,
      "totalDamageDealtToChampions": 21637,
      "trueDamageDealtPlayer": 70,
      "trueDamageTaken": 522,
      "wardPlaced": 4,
      "neutralMinionsKilledYourJungle": 2,
      "totalTimeCrowdControlDealt": 5455
    }
  },
  "summonerCount": 10,
  "38022729": {
    "gameId": 818169475,
    "invalid": false,
    "gameMode": "CLASSIC",
    "gameType": "MATCHED_GAME",
    "subType": "NORMAL",
    "mapId": 1,
    "teamId": 100,
    "championId": 74,
    "spell1": 12,
    "spell2": 4,
    "level": 30,
    "ipEarned": 61,
    "createDate": 1398242978318,
    "fellowPlayers": [
      {
        "summonerId": 36368851,
        "teamId": 200,
        "championId": 74
      },
      {
        "summonerId": 22193287,
        "teamId": 100,
        "championId": 53
      },
      {
        "summonerId": 38235739,
        "teamId": 200,
        "championId": 157
      },
      {
        "summonerId": 44683433,
        "teamId": 100,
        "championId": 238
      },
      {
        "summonerId": 40927353,
        "teamId": 200,
        "championId": 76
      },
      {
        "summonerId": 33950342,
        "teamId": 200,
        "championId": 119
      },
      {
        "summonerId": 27717829,
        "teamId": 200,
        "championId": 28
      },
      {
        "summonerId": 24121791,
        "teamId": 100,
        "championId": 133
      },
      {
        "summonerId": 40121316,
        "teamId": 100,
        "championId": 120
      }
    ],
    "stats": {
      "level": 16,
      "goldEarned": 10346,
      "numDeaths": 15,
      "minionsKilled": 127,
      "championsKilled": 9,
      "goldSpent": 10095,
      "totalDamageDealt": 103124,
      "totalDamageTaken": 29703,
      "killingSprees": 1,
      "largestKillingSpree": 2,
      "team": 100,
      "win": false,
      "largestMultiKill": 1,
      "physicalDamageDealtPlayer": 12611,
      "magicDamageDealtPlayer": 90503,
      "physicalDamageTaken": 14537,
      "magicDamageTaken": 14943,
      "timePlayed": 1950,
      "totalHeal": 1041,
      "totalUnitsHealed": 1,
      "assists": 4,
      "item0": 3157,
      "item1": 3020,
      "item2": 3060,
      "item3": 3089,
      "item6": 3340,
      "magicDamageDealtToChampions": 24961,
      "physicalDamageDealtToChampions": 767,
      "totalDamageDealtToChampions": 25729,
      "trueDamageDealtPlayer": 10,
      "trueDamageTaken": 222,
      "totalTimeCrowdControlDealt": 3815
    }
  },
  "22193287": {
    "gameId": 818169475,
    "invalid": false,
    "gameMode": "CLASSIC",
    "gameType": "MATCHED_GAME",
    "subType": "NORMAL",
    "mapId": 1,
    "teamId": 100,
    "championId": 53,
    "spell1": 7,
    "spell2": 4,
    "level": 30,
    "ipEarned": 61,
    "createDate": 1398242978321,
    "fellowPlayers": [
      {
        "summonerId": 38022729,
        "teamId": 100,
        "championId": 74
      },
      {
        "summonerId": 36368851,
        "teamId": 200,
        "championId": 74
      },
      {
        "summonerId": 38235739,
        "teamId": 200,
        "championId": 157
      },
      {
        "summonerId": 44683433,
        "teamId": 100,
        "championId": 238
      },
      {
        "summonerId": 40927353,
        "teamId": 200,
        "championId": 76
      },
      {
        "summonerId": 33950342,
        "teamId": 200,
        "championId": 119
      },
      {
        "summonerId": 27717829,
        "teamId": 200,
        "championId": 28
      },
      {
        "summonerId": 24121791,
        "teamId": 100,
        "championId": 133
      },
      {
        "summonerId": 40121316,
        "teamId": 100,
        "championId": 120
      }
    ],
    "stats": {
      "level": 14,
      "goldEarned": 8875,
      "numDeaths": 11,
      "minionsKilled": 31,
      "championsKilled": 6,
      "goldSpent": 8175,
      "totalDamageDealt": 38520,
      "totalDamageTaken": 28948,
      "killingSprees": 3,
      "largestKillingSpree": 2,
      "team": 100,
      "win": false,
      "largestMultiKill": 1,
      "physicalDamageDealtPlayer": 11540,
      "magicDamageDealtPlayer": 26786,
      "physicalDamageTaken": 18753,
      "magicDamageTaken": 10107,
      "timePlayed": 1950,
      "totalHeal": 3000,
      "totalUnitsHealed": 3,
      "assists": 9,
      "item0": 3301,
      "item1": 3117,
      "item2": 3070,
      "item3": 3025,
      "item4": 3089,
      "item6": 3340,
      "sightWardsBought": 1,
      "magicDamageDealtToChampions": 11640,
      "physicalDamageDealtToChampions": 4226,
      "totalDamageDealtToChampions": 16060,
      "trueDamageDealtPlayer": 194,
      "trueDamageDealtToChampions": 194,
      "trueDamageTaken": 88,
      "wardPlaced": 10,
      "totalTimeCrowdControlDealt": 1228
    }
  },
  "44683433": {
    "gameId": 818169475,
    "invalid": false,
    "gameMode": "CLASSIC",
    "gameType": "MATCHED_GAME",
    "subType": "NORMAL",
    "mapId": 1,
    "teamId": 100,
    "championId": 238,
    "spell1": 4,
    "spell2": 14,
    "level": 30,
    "ipEarned": 61,
    "createDate": 1398242978316,
    "fellowPlayers": [
      {
        "summonerId": 38022729,
        "teamId": 100,
        "championId": 74
      },
      {
        "summonerId": 36368851,
        "teamId": 200,
        "championId": 74
      },
      {
        "summonerId": 22193287,
        "teamId": 100,
        "championId": 53
      },
      {
        "summonerId": 38235739,
        "teamId": 200,
        "championId": 157
      },
      {
        "summonerId": 40927353,
        "teamId": 200,
        "championId": 76
      },
      {
        "summonerId": 33950342,
        "teamId": 200,
        "championId": 119
      },
      {
        "summonerId": 27717829,
        "teamId": 200,
        "championId": 28
      },
      {
        "summonerId": 24121791,
        "teamId": 100,
        "championId": 133
      },
      {
        "summonerId": 40121316,
        "teamId": 100,
        "championId": 120
      }
    ],
    "stats": {
      "level": 15,
      "goldEarned": 8200,
      "numDeaths": 9,
      "turretsKilled": 1,
      "minionsKilled": 145,
      "championsKilled": 2,
      "goldSpent": 8100,
      "totalDamageDealt": 111932,
      "totalDamageTaken": 27654,
      "team": 100,
      "win": false,
      "neutralMinionsKilled": 8,
      "largestMultiKill": 1,
      "physicalDamageDealtPlayer": 105456,
      "magicDamageDealtPlayer": 5351,
      "physicalDamageTaken": 19505,
      "magicDamageTaken": 7757,
      "timePlayed": 1950,
      "totalHeal": 2975,
      "totalUnitsHealed": 1,
      "assists": 2,
      "item0": 3071,
      "item1": 3153,
      "item3": 3270,
      "item6": 3340,
      "magicDamageDealtToChampions": 410,
      "physicalDamageDealtToChampions": 10697,
      "totalDamageDealtToChampions": 12232,
      "trueDamageDealtPlayer": 1124,
      "trueDamageDealtToChampions": 1124,
      "trueDamageTaken": 392,
      "wardPlaced": 26,
      "neutralMinionsKilledEnemyJungle": 1,
      "neutralMinionsKilledYourJungle": 7,
      "totalTimeCrowdControlDealt": 1497
    }
  },
  "33950342": {
    "gameId": 818169475,
    "invalid": false,
    "gameMode": "CLASSIC",
    "gameType": "MATCHED_GAME",
    "subType": "NORMAL",
    "mapId": 1,
    "teamId": 200,
    "championId": 119,
    "spell1": 7,
    "spell2": 4,
    "level": 30,
    "ipEarned": 92,
    "createDate": 1398242978325,
    "fellowPlayers": [
      {
        "summonerId": 38022729,
        "teamId": 100,
        "championId": 74
      },
      {
        "summonerId": 36368851,
        "teamId": 200,
        "championId": 74
      },
      {
        "summonerId": 22193287,
        "teamId": 100,
        "championId": 53
      },
      {
        "summonerId": 38235739,
        "teamId": 200,
        "championId": 157
      },
      {
        "summonerId": 44683433,
        "teamId": 100,
        "championId": 238
      },
      {
        "summonerId": 40927353,
        "teamId": 200,
        "championId": 76
      },
      {
        "summonerId": 27717829,
        "teamId": 200,
        "championId": 28
      },
      {
        "summonerId": 24121791,
        "teamId": 100,
        "championId": 133
      },
      {
        "summonerId": 40121316,
        "teamId": 100,
        "championId": 120
      }
    ],
    "stats": {
      "level": 17,
      "goldEarned": 17483,
      "numDeaths": 7,
      "minionsKilled": 199,
      "championsKilled": 18,
      "goldSpent": 19610,
      "totalDamageDealt": 195665,
      "totalDamageTaken": 29005,
      "doubleKills": 2,
      "tripleKills": 1,
      "killingSprees": 4,
      "largestKillingSpree": 6,
      "team": 200,
      "win": true,
      "neutralMinionsKilled": 17,
      "largestMultiKill": 3,
      "physicalDamageDealtPlayer": 195617,
      "physicalDamageTaken": 21369,
      "magicDamageTaken": 7139,
      "largestCriticalStrike": 1712,
      "timePlayed": 1950,
      "totalHeal": 2392,
      "totalUnitsHealed": 2,
      "assists": 8,
      "item0": 3035,
      "item1": 3046,
      "item2": 3072,
      "item3": 3006,
      "item4": 3031,
      "item5": 3046,
      "item6": 3340,
      "physicalDamageDealtToChampions": 37280,
      "totalDamageDealtToChampions": 37280,
      "trueDamageDealtPlayer": 48,
      "trueDamageTaken": 495,
      "wardPlaced": 1,
      "neutralMinionsKilledEnemyJungle": 12,
      "neutralMinionsKilledYourJungle": 5,
      "totalTimeCrowdControlDealt": 1283
    }
  },
  "38235739": {
    "gameId": 818169475,
    "invalid": false,
    "gameMode": "CLASSIC",
    "gameType": "MATCHED_GAME",
    "subType": "NORMAL",
    "mapId": 1,
    "teamId": 200,
    "championId": 157,
    "spell1": 14,
    "spell2": 4,
    "level": 30,
    "ipEarned": 92,
    "createDate": 1398242978323,
    "fellowPlayers": [
      {
        "summonerId": 38022729,
        "teamId": 100,
        "championId": 74
      },
      {
        "summonerId": 36368851,
        "teamId": 200,
        "championId": 74
      },
      {
        "summonerId": 22193287,
        "teamId": 100,
        "championId": 53
      },
      {
        "summonerId": 44683433,
        "teamId": 100,
        "championId": 238
      },
      {
        "summonerId": 40927353,
        "teamId": 200,
        "championId": 76
      },
      {
        "summonerId": 33950342,
        "teamId": 200,
        "championId": 119
      },
      {
        "summonerId": 27717829,
        "teamId": 200,
        "championId": 28
      },
      {
        "summonerId": 24121791,
        "teamId": 100,
        "championId": 133
      },
      {
        "summonerId": 40121316,
        "teamId": 100,
        "championId": 120
      }
    ],
    "stats": {
      "level": 18,
      "goldEarned": 15289,
      "numDeaths": 5,
      "barracksKilled": 1,
      "turretsKilled": 2,
      "minionsKilled": 215,
      "championsKilled": 15,
      "goldSpent": 12853,
      "totalDamageDealt": 171979,
      "totalDamageTaken": 23898,
      "doubleKills": 2,
      "tripleKills": 1,
      "killingSprees": 3,
      "largestKillingSpree": 8,
      "team": 200,
      "win": true,
      "neutralMinionsKilled": 4,
      "largestMultiKill": 3,
      "physicalDamageDealtPlayer": 137605,
      "magicDamageDealtPlayer": 33910,
      "physicalDamageTaken": 14795,
      "magicDamageTaken": 8449,
      "largestCriticalStrike": 1568,
      "timePlayed": 1950,
      "totalHeal": 1847,
      "totalUnitsHealed": 1,
      "assists": 10,
      "item0": 1055,
      "item1": 3087,
      "item2": 3144,
      "item3": 3078,
      "item4": 3006,
      "item5": 3031,
      "item6": 3340,
      "sightWardsBought": 1,
      "magicDamageDealtToChampions": 6741,
      "physicalDamageDealtToChampions": 20968,
      "totalDamageDealtToChampions": 28136,
      "trueDamageDealtPlayer": 464,
      "trueDamageDealtToChampions": 426,
      "trueDamageTaken": 654,
      "wardPlaced": 12,
      "neutralMinionsKilledYourJungle": 4,
      "totalTimeCrowdControlDealt": 3521
    }
  },
  "27717829": {
    "gameId": 818169475,
    "invalid": false,
    "gameMode": "CLASSIC",
    "gameType": "MATCHED_GAME",
    "subType": "NORMAL",
    "mapId": 1,
    "teamId": 200,
    "championId": 28,
    "spell1": 4,
    "spell2": 11,
    "level": 30,
    "ipEarned": 242,
    "createDate": 1398242978324,
    "fellowPlayers": [
      {
        "summonerId": 38022729,
        "teamId": 100,
        "championId": 74
      },
      {
        "summonerId": 36368851,
        "teamId": 200,
        "championId": 74
      },
      {
        "summonerId": 22193287,
        "teamId": 100,
        "championId": 53
      },
      {
        "summonerId": 38235739,
        "teamId": 200,
        "championId": 157
      },
      {
        "summonerId": 44683433,
        "teamId": 100,
        "championId": 238
      },
      {
        "summonerId": 40927353,
        "teamId": 200,
        "championId": 76
      },
      {
        "summonerId": 33950342,
        "teamId": 200,
        "championId": 119
      },
      {
        "summonerId": 24121791,
        "teamId": 100,
        "championId": 133
      },
      {
        "summonerId": 40121316,
        "teamId": 100,
        "championId": 120
      }
    ],
    "stats": {
      "level": 16,
      "goldEarned": 10629,
      "numDeaths": 3,
      "barracksKilled": 1,
      "minionsKilled": 10,
      "championsKilled": 8,
      "goldSpent": 10410,
      "totalDamageDealt": 106361,
      "totalDamageTaken": 19795,
      "doubleKills": 1,
      "killingSprees": 2,
      "largestKillingSpree": 3,
      "team": 200,
      "win": true,
      "neutralMinionsKilled": 74,
      "largestMultiKill": 2,
      "physicalDamageDealtPlayer": 31471,
      "magicDamageDealtPlayer": 65762,
      "physicalDamageTaken": 13538,
      "magicDamageTaken": 6182,
      "timePlayed": 1950,
      "totalHeal": 4309,
      "totalUnitsHealed": 1,
      "assists": 5,
      "item0": 3206,
      "item1": 3116,
      "item2": 3117,
      "item3": 3151,
      "item4": 1058,
      "item6": 3341,
      "magicDamageDealtToChampions": 5103,
      "physicalDamageDealtToChampions": 2592,
      "totalDamageDealtToChampions": 8019,
      "trueDamageDealtPlayer": 9128,
      "trueDamageDealtToChampions": 324,
      "trueDamageTaken": 75,
      "neutralMinionsKilledEnemyJungle": 15,
      "neutralMinionsKilledYourJungle": 59,
      "totalTimeCrowdControlDealt": 6128
    }
  },
  "24121791": {
    "gameId": 818169475,
    "invalid": false,
    "gameMode": "CLASSIC",
    "gameType": "MATCHED_GAME",
    "subType": "NORMAL",
    "mapId": 1,
    "teamId": 100,
    "championId": 133,
    "spell1": 7,
    "spell2": 4,
    "level": 30,
    "ipEarned": 61,
    "createDate": 1398242978320,
    "fellowPlayers": [
      {
        "summonerId": 38022729,
        "teamId": 100,
        "championId": 74
      },
      {
        "summonerId": 36368851,
        "teamId": 200,
        "championId": 74
      },
      {
        "summonerId": 22193287,
        "teamId": 100,
        "championId": 53
      },
      {
        "summonerId": 38235739,
        "teamId": 200,
        "championId": 157
      },
      {
        "summonerId": 44683433,
        "teamId": 100,
        "championId": 238
      },
      {
        "summonerId": 40927353,
        "teamId": 200,
        "championId": 76
      },
      {
        "summonerId": 33950342,
        "teamId": 200,
        "championId": 119
      },
      {
        "summonerId": 27717829,
        "teamId": 200,
        "championId": 28
      },
      {
        "summonerId": 40121316,
        "teamId": 100,
        "championId": 120
      }
    ],
    "stats": {
      "level": 16,
      "goldEarned": 10776,
      "numDeaths": 12,
      "minionsKilled": 160,
      "championsKilled": 6,
      "goldSpent": 7980,
      "totalDamageDealt": 123373,
      "totalDamageTaken": 31131,
      "team": 100,
      "win": false,
      "neutralMinionsKilled": 15,
      "largestMultiKill": 1,
      "physicalDamageDealtPlayer": 113195,
      "magicDamageDealtPlayer": 10178,
      "physicalDamageTaken": 19676,
      "magicDamageTaken": 11407,
      "largestCriticalStrike": 661,
      "timePlayed": 1950,
      "totalHeal": 2664,
      "totalUnitsHealed": 3,
      "assists": 7,
      "item0": 1055,
      "item1": 3006,
      "item2": 3072,
      "item3": 3087,
      "item4": 1018,
      "item6": 3340,
      "magicDamageDealtToChampions": 1481,
      "physicalDamageDealtToChampions": 19891,
      "totalDamageDealtToChampions": 21373,
      "trueDamageTaken": 48,
      "wardKilled": 1,
      "wardPlaced": 6,
      "neutralMinionsKilledEnemyJungle": 1,
      "neutralMinionsKilledYourJungle": 14,
      "totalTimeCrowdControlDealt": 2144
    }
  },
  "40927353": {
    "gameId": 818169475,
    "invalid": false,
    "gameMode": "CLASSIC",
    "gameType": "MATCHED_GAME",
    "subType": "NORMAL",
    "mapId": 1,
    "teamId": 200,
    "championId": 76,
    "spell1": 7,
    "spell2": 4,
    "level": 29,
    "ipEarned": 92,
    "createDate": 1398242978322,
    "fellowPlayers": [
      {
        "summonerId": 38022729,
        "teamId": 100,
        "championId": 74
      },
      {
        "summonerId": 36368851,
        "teamId": 200,
        "championId": 74
      },
      {
        "summonerId": 22193287,
        "teamId": 100,
        "championId": 53
      },
      {
        "summonerId": 38235739,
        "teamId": 200,
        "championId": 157
      },
      {
        "summonerId": 44683433,
        "teamId": 100,
        "championId": 238
      },
      {
        "summonerId": 33950342,
        "teamId": 200,
        "championId": 119
      },
      {
        "summonerId": 27717829,
        "teamId": 200,
        "championId": 28
      },
      {
        "summonerId": 24121791,
        "teamId": 100,
        "championId": 133
      },
      {
        "summonerId": 40121316,
        "teamId": 100,
        "championId": 120
      }
    ],
    "stats": {
      "level": 16,
      "goldEarned": 10146,
      "numDeaths": 7,
      "turretsKilled": 2,
      "minionsKilled": 51,
      "championsKilled": 4,
      "goldSpent": 9515,
      "totalDamageDealt": 57113,
      "totalDamageTaken": 19865,
      "killingSprees": 1,
      "largestKillingSpree": 2,
      "team": 200,
      "win": true,
      "neutralMinionsKilled": 1,
      "largestMultiKill": 1,
      "physicalDamageDealtPlayer": 14928,
      "magicDamageDealtPlayer": 42185,
      "physicalDamageTaken": 10064,
      "magicDamageTaken": 9527,
      "timePlayed": 1950,
      "totalHeal": 11953,
      "totalUnitsHealed": 5,
      "assists": 17,
      "item0": 3089,
      "item1": 3255,
      "item2": 3191,
      "item3": 3040,
      "item5": 1056,
      "item6": 3340,
      "visionWardsBought": 1,
      "magicDamageDealtToChampions": 18060,
      "physicalDamageDealtToChampions": 2910,
      "totalDamageDealtToChampions": 20970,
      "trueDamageTaken": 273,
      "wardPlaced": 7,
      "neutralMinionsKilledYourJungle": 1,
      "totalTimeCrowdControlDealt": 1885
    }
  },
  "36368851": {
    "gameId": 818169475,
    "invalid": false,
    "gameMode": "CLASSIC",
    "gameType": "MATCHED_GAME",
    "subType": "NORMAL",
    "mapId": 1,
    "teamId": 200,
    "championId": 74,
    "spell1": 7,
    "spell2": 4,
    "level": 30,
    "ipEarned": 242,
    "createDate": 1398242978326,
    "fellowPlayers": [
      {
        "summonerId": 38022729,
        "teamId": 100,
        "championId": 74
      },
      {
        "summonerId": 22193287,
        "teamId": 100,
        "championId": 53
      },
      {
        "summonerId": 38235739,
        "teamId": 200,
        "championId": 157
      },
      {
        "summonerId": 44683433,
        "teamId": 100,
        "championId": 238
      },
      {
        "summonerId": 40927353,
        "teamId": 200,
        "championId": 76
      },
      {
        "summonerId": 33950342,
        "teamId": 200,
        "championId": 119
      },
      {
        "summonerId": 27717829,
        "teamId": 200,
        "championId": 28
      },
      {
        "summonerId": 24121791,
        "teamId": 100,
        "championId": 133
      },
      {
        "summonerId": 40121316,
        "teamId": 100,
        "championId": 120
      }
    ],
    "stats": {
      "level": 17,
      "goldEarned": 11447,
      "numDeaths": 4,
      "barracksKilled": 1,
      "turretsKilled": 2,
      "minionsKilled": 201,
      "championsKilled": 6,
      "goldSpent": 9050,
      "totalDamageDealt": 127608,
      "totalDamageTaken": 14796,
      "killingSprees": 2,
      "largestKillingSpree": 3,
      "team": 200,
      "win": true,
      "neutralMinionsKilled": 2,
      "largestMultiKill": 1,
      "physicalDamageDealtPlayer": 26117,
      "magicDamageDealtPlayer": 101420,
      "physicalDamageTaken": 5387,
      "magicDamageTaken": 8886,
      "timePlayed": 1950,
      "totalHeal": 1922,
      "totalUnitsHealed": 2,
      "assists": 4,
      "item0": 3157,
      "item1": 3111,
      "item2": 1056,
      "item3": 3089,
      "item4": 3108,
      "item6": 3340,
      "magicDamageDealtToChampions": 20940,
      "physicalDamageDealtToChampions": 697,
      "totalDamageDealtToChampions": 21637,
      "trueDamageDealtPlayer": 70,
      "trueDamageTaken": 522,
      "wardPlaced": 4,
      "neutralMinionsKilledYourJungle": 2,
      "totalTimeCrowdControlDealt": 5455
    }
  }
}