{
  "34516686": {
    "gameId": 818168337,
    "invalid": false,
    "gameMode": "CLASSIC",
    "gameType": "MATCHED_GAME",
    "subType": "RANKED_SOLO_5x5",
    "mapId": 1,
    "teamId": 100,
    "championId": 117,
    "spell1": 3,
    "spell2": 4,
    "level": 30,
    "ipEarned": 76,
    "createDate": 1398242217549,
    "fellowPlayers": [
      {
        "summonerId": 21440986,
        "teamId": 100,
        "championId": 64
      },
      {
        "summonerId": 28413141,
        "teamId": 100,
        "championId": 8
      },
      {
        "summonerId": 19447829,
        "teamId": 200,
        "championId": 58
      },
      {
        "summonerId": 21039199,
        "teamId": 100,
        "championId": 85
      },
      {
        "summonerId": 26213533,
        "teamId": 200,
        "championId": 51
      },
      {
        "summonerId": 42349074,
        "teamId": 200,
        "championId": 55
      },
      {
        "summonerId": 19115017,
        "teamId": 100,
        "championId": 157
      },
      {
        "summonerId": 27581340,
        "teamId": 200,
        "championId": 53
      },
      {
        "summonerId": 19795505,
        "teamId": 200,
        "championId": 2
      }
    ],
    "stats": {
      "level": 12,
      "goldEarned": 6358,
      "numDeaths": 2,
      "minionsKilled": 13,
      "goldSpent": 5855,
      "totalDamageDealt": 19083,
      "totalDamageTaken": 9547,
      "team": 100,
      "win": true,
      "physicalDamageDealtPlayer": 5699,
      "magicDamageDealtPlayer": 13384,
      "physicalDamageTaken": 7430,
      "magicDamageTaken": 1182,
      "timePlayed": 1436,
      "totalHeal": 726,
      "totalUnitsHealed": 1,
      "assists": 6,
      "item0": 2049,
      "item1": 3092,
      "item2": 3260,
      "item3": 2010,
      "item5": 3028,
      "item6": 3340,
      "sightWardsBought": 2,
      "magicDamageDealtToChampions": 2476,
      "physicalDamageDealtToChampions": 959,
      "totalDamageDealtToChampions": 3435,
      "trueDamageTaken": 934,
      "wardPlaced": 11,
      "totalTimeCrowdControlDealt": 166
    }
  },
  "summonerCount": 10,
  "27581340": {
    "gameId": 818168337,
    "invalid": false,
    "gameMode": "CLASSIC",
    "gameType": "MATCHED_GAME",
    "subType": "RANKED_SOLO_5x5",
    "mapId": 1,
    "teamId": 200,
    "championId": 53,
    "spell1": 14,
    "spell2": 4,
    "level": 30,
    "ipEarned": 51,
    "createDate": 1398242217554,
    "fellowPlayers": [
      {
        "summonerId": 21440986,
        "teamId": 100,
        "championId": 64
      },
      {
        "summonerId": 28413141,
        "teamId": 100,
        "championId": 8
      },
      {
        "summonerId": 34516686,
        "teamId": 100,
        "championId": 117
      },
      {
        "summonerId": 19447829,
        "teamId": 200,
        "championId": 58
      },
      {
        "summonerId": 21039199,
        "teamId": 100,
        "championId": 85
      },
      {
        "summonerId": 26213533,
        "teamId": 200,
        "championId": 51
      },
      {
        "summonerId": 42349074,
        "teamId": 200,
        "championId": 55
      },
      {
        "summonerId": 19115017,
        "teamId": 100,
        "championId": 157
      },
      {
        "summonerId": 19795505,
        "teamId": 200,
        "championId": 2
      }
    ],
    "stats": {
      "level": 10,
      "goldEarned": 5143,
      "numDeaths": 6,
      "minionsKilled": 7,
      "championsKilled": 1,
      "goldSpent": 4780,
      "totalDamageDealt": 12098,
      "totalDamageTaken": 13251,
      "team": 200,
      "win": false,
      "neutralMinionsKilled": 1,
      "largestMultiKill": 1,
      "physicalDamageDealtPlayer": 3912,
      "magicDamageDealtPlayer": 7466,
      "physicalDamageTaken": 6683,
      "magicDamageTaken": 6520,
      "timePlayed": 1436,
      "totalHeal": 463,
      "totalUnitsHealed": 1,
      "assists": 4,
      "item0": 3069,
      "item1": 3117,
      "item2": 2045,
      "item6": 3341,
      "sightWardsBought": 1,
      "magicDamageDealtToChampions": 3023,
      "physicalDamageDealtToChampions": 2163,
      "totalDamageDealtToChampions": 5906,
      "trueDamageDealtPlayer": 720,
      "trueDamageDealtToChampions": 720,
      "trueDamageTaken": 48,
      "wardKilled": 3,
      "wardPlaced": 4,
      "neutralMinionsKilledEnemyJungle": 1,
      "totalTimeCrowdControlDealt": 34
    }
  },
  "28413141": {
    "gameId": 818168337,
    "invalid": false,
    "gameMode": "CLASSIC",
    "gameType": "MATCHED_GAME",
    "subType": "RANKED_SOLO_5x5",
    "mapId": 1,
    "teamId": 100,
    "championId": 8,
    "spell1": 6,
    "spell2": 4,
    "level": 30,
    "ipEarned": 76,
    "createDate": 1398242217553,
    "fellowPlayers": [
      {
        "summonerId": 21440986,
        "teamId": 100,
        "championId": 64
      },
      {
        "summonerId": 34516686,
        "teamId": 100,
        "championId": 117
      },
      {
        "summonerId": 19447829,
        "teamId": 200,
        "championId": 58
      },
      {
        "summonerId": 21039199,
        "teamId": 100,
        "championId": 85
      },
      {
        "summonerId": 26213533,
        "teamId": 200,
        "championId": 51
      },
      {
        "summonerId": 42349074,
        "teamId": 200,
        "championId": 55
      },
      {
        "summonerId": 19115017,
        "teamId": 100,
        "championId": 157
      },
      {
        "summonerId": 27581340,
        "teamId": 200,
        "championId": 53
      },
      {
        "summonerId": 19795505,
        "teamId": 200,
        "championId": 2
      }
    ],
    "stats": {
      "level": 15,
      "goldEarned": 9234,
      "numDeaths": 1,
      "turretsKilled": 1,
      "minionsKilled": 165,
      "championsKilled": 3,
      "goldSpent": 7815,
      "totalDamageDealt": 99931,
      "totalDamageTaken": 18730,
      "killingSprees": 1,
      "largestKillingSpree": 2,
      "team": 100,
      "win": true,
      "largestMultiKill": 1,
      "physicalDamageDealtPlayer": 12056,
      "magicDamageDealtPlayer": 87875,
      "physicalDamageTaken": 13828,
      "magicDamageTaken": 4413,
      "timePlayed": 1436,
      "totalHeal": 7524,
      "totalUnitsHealed": 1,
      "assists": 7,
      "item1": 1054,
      "item3": 3116,
      "item4": 3152,
      "item5": 3255,
      "item6": 3340,
      "sightWardsBought": 3,
      "magicDamageDealtToChampions": 18393,
      "physicalDamageDealtToChampions": 1898,
      "totalDamageDealtToChampions": 20292,
      "trueDamageTaken": 487,
      "wardPlaced": 6,
      "totalTimeCrowdControlDealt": 187
    }
  },
  "42349074": {
    "gameId": 818168337,
    "invalid": false,
    "gameMode": "CLASSIC",
    "gameType": "MATCHED_GAME",
    "subType": "RANKED_SOLO_5x5",
    "mapId": 1,
    "teamId": 200,
    "championId": 55,
    "spell1": 4,
    "spell2": 14,
    "level": 30,
    "ipEarned": 51,
    "createDate": 1398242217556,
    "fellowPlayers": [
      {
        "summonerId": 21440986,
        "teamId": 100,
        "championId": 64
      },
      {
        "summonerId": 28413141,
        "teamId": 100,
        "championId": 8
      },
      {
        "summonerId": 34516686,
        "teamId": 100,
        "championId": 117
      },
      {
        "summonerId": 19447829,
        "teamId": 200,
        "championId": 58
      },
      {
        "summonerId": 21039199,
        "teamId": 100,
        "championId": 85
      },
      {
        "summonerId": 26213533,
        "teamId": 200,
        "championId": 51
      },
      {
        "summonerId": 19115017,
        "teamId": 100,
        "championId": 157
      },
      {
        "summonerId": 27581340,
        "teamId": 200,
        "championId": 53
      },
      {
        "summonerId": 19795505,
        "teamId": 200,
        "championId": 2
      }
    ],
    "stats": {
      "level": 12,
      "goldEarned": 5982,
      "numDeaths": 9,
      "minionsKilled": 103,
      "championsKilled": 2,
      "goldSpent": 5830,
      "totalDamageDealt": 64239,
      "totalDamageTaken": 17158,
      "team": 200,
      "win": false,
      "neutralMinionsKilled": 3,
      "largestMultiKill": 1,
      "physicalDamageDealtPlayer": 7381,
      "magicDamageDealtPlayer": 55901,
      "physicalDamageTaken": 11881,
      "magicDamageTaken": 5177,
      "timePlayed": 1436,
      "totalHeal": 187,
      "totalUnitsHealed": 1,
      "assists": 1,
      "item0": 1054,
      "item1": 3108,
      "item2": 1058,
      "item3": 3020,
      "item4": 3136,
      "item6": 3340,
      "magicDamageDealtToChampions": 8895,
      "physicalDamageDealtToChampions": 623,
      "totalDamageDealtToChampions": 10474,
      "trueDamageDealtPlayer": 956,
      "trueDamageDealtToChampions": 956,
      "trueDamageTaken": 100,
      "wardPlaced": 5,
      "neutralMinionsKilledYourJungle": 3
    }
  },
  "19795505": {
    "gameId": 818168337,
    "invalid": false,
    "gameMode": "CLASSIC",
    "gameType": "MATCHED_GAME",
    "subType": "RANKED_SOLO_5x5",
    "mapId": 1,
    "teamId": 200,
    "championId": 2,
    "spell1": 11,
    "spell2": 6,
    "level": 30,
    "ipEarned": 51,
    "createDate": 1398242217558,
    "fellowPlayers": [
      {
        "summonerId": 21440986,
        "teamId": 100,
        "championId": 64
      },
      {
        "summonerId": 28413141,
        "teamId": 100,
        "championId": 8
      },
      {
        "summonerId": 34516686,
        "teamId": 100,
        "championId": 117
      },
      {
        "summonerId": 19447829,
        "teamId": 200,
        "championId": 58
      },
      {
        "summonerId": 21039199,
        "teamId": 100,
        "championId": 85
      },
      {
        "summonerId": 26213533,
        "teamId": 200,
        "championId": 51
      },
      {
        "summonerId": 42349074,
        "teamId": 200,
        "championId": 55
      },
      {
        "summonerId": 19115017,
        "teamId": 100,
        "championId": 157
      },
      {
        "summonerId": 27581340,
        "teamId": 200,
        "championId": 53
      }
    ],
    "stats": {
      "level": 11,
      "goldEarned": 5016,
      "numDeaths": 9,
      "minionsKilled": 33,
      "goldSpent": 4710,
      "totalDamageDealt": 69252,
      "totalDamageTaken": 24690,
      "team": 200,
      "win": false,
      "neutralMinionsKilled": 54,
      "physicalDamageDealtPlayer": 60365,
      "magicDamageDealtPlayer": 798,
      "physicalDamageTaken": 19549,
      "magicDamageTaken": 4762,
      "timePlayed": 1436,
      "totalHeal": 3198,
      "totalUnitsHealed": 1,
      "assists": 1,
      "item0": 3047,
      "item1": 3207,
      "item2": 3044,
      "item6": 3340,
      "physicalDamageDealtToChampions": 2661,
      "totalDamageDealtToChampions": 3317,
      "trueDamageDealtPlayer": 8088,
      "trueDamageDealtToChampions": 655,
      "trueDamageTaken": 378,
      "wardPlaced": 3,
      "neutralMinionsKilledEnemyJungle": 3,
      "neutralMinionsKilledYourJungle": 51,
      "totalTimeCrowdControlDealt": 318
    }
  },
  "26213533": {
    "gameId": 818168337,
    "invalid": false,
    "gameMode": "CLASSIC",
    "gameType": "MATCHED_GAME",
    "subType": "RANKED_SOLO_5x5",
    "mapId": 1,
    "teamId": 200,
    "championId": 51,
    "spell1": 4,
    "spell2": 7,
    "level": 30,
    "ipEarned": 51,
    "createDate": 1398242217555,
    "fellowPlayers": [
      {
        "summonerId": 21440986,
        "teamId": 100,
        "championId": 64
      },
      {
        "summonerId": 28413141,
        "teamId": 100,
        "championId": 8
      },
      {
        "summonerId": 34516686,
        "teamId": 100,
        "championId": 117
      },
      {
        "summonerId": 19447829,
        "teamId": 200,
        "championId": 58
      },
      {
        "summonerId": 21039199,
        "teamId": 100,
        "championId": 85
      },
      {
        "summonerId": 42349074,
        "teamId": 200,
        "championId": 55
      },
      {
        "summonerId": 19115017,
        "teamId": 100,
        "championId": 157
      },
      {
        "summonerId": 27581340,
        "teamId": 200,
        "championId": 53
      },
      {
        "summonerId": 19795505,
        "teamId": 200,
        "championId": 2
      }
    ],
    "stats": {
      "level": 10,
      "goldEarned": 6577,
      "numDeaths": 4,
      "minionsKilled": 133,
      "championsKilled": 3,
      "goldSpent": 6030,
      "totalDamageDealt": 58954,
      "totalDamageTaken": 10835,
      "killingSprees": 1,
      "largestKillingSpree": 2,
      "team": 200,
      "win": false,
      "largestMultiKill": 1,
      "physicalDamageDealtPlayer": 57715,
      "magicDamageDealtPlayer": 1239,
      "physicalDamageTaken": 7115,
      "magicDamageTaken": 3552,
      "timePlayed": 1436,
      "totalHeal": 1701,
      "totalUnitsHealed": 3,
      "item0": 1055,
      "item1": 3072,
      "item2": 1055,
      "item3": 3006,
      "item4": 1037,
      "item6": 3340,
      "magicDamageDealtToChampions": 947,
      "physicalDamageDealtToChampions": 6894,
      "totalDamageDealtToChampions": 7842,
      "trueDamageTaken": 168,
      "wardKilled": 1,
      "wardPlaced": 3,
      "totalTimeCrowdControlDealt": 36
    }
  },
  "21039199": {
    "gameId": 818168337,
    "invalid": false,
    "gameMode": "CLASSIC",
    "gameType": "MATCHED_GAME",
    "subType": "RANKED_SOLO_5x5",
    "mapId": 1,
    "teamId": 100,
    "championId": 85,
    "spell1": 4,
    "spell2": 7,
    "level": 30,
    "ipEarned": 76,
    "createDate": 1398242217552,
    "fellowPlayers": [
      {
        "summonerId": 21440986,
        "teamId": 100,
        "championId": 64
      },
      {
        "summonerId": 28413141,
        "teamId": 100,
        "championId": 8
      },
      {
        "summonerId": 34516686,
        "teamId": 100,
        "championId": 117
      },
      {
        "summonerId": 19447829,
        "teamId": 200,
        "championId": 58
      },
      {
        "summonerId": 26213533,
        "teamId": 200,
        "championId": 51
      },
      {
        "summonerId": 42349074,
        "teamId": 200,
        "championId": 55
      },
      {
        "summonerId": 19115017,
        "teamId": 100,
        "championId": 157
      },
      {
        "summonerId": 27581340,
        "teamId": 200,
        "championId": 53
      },
      {
        "summonerId": 19795505,
        "teamId": 200,
        "championId": 2
      }
    ],
    "stats": {
      "level": 13,
      "goldEarned": 9026,
      "numDeaths": 2,
      "barracksKilled": 1,
      "turretsKilled": 1,
      "minionsKilled": 150,
      "championsKilled": 5,
      "goldSpent": 7135,
      "totalDamageDealt": 102844,
      "totalDamageTaken": 9350,
      "killingSprees": 1,
      "largestKillingSpree": 3,
      "team": 100,
      "win": true,
      "neutralMinionsKilled": 10,
      "largestMultiKill": 1,
      "physicalDamageDealtPlayer": 57891,
      "magicDamageDealtPlayer": 44152,
      "physicalDamageTaken": 7672,
      "magicDamageTaken": 1161,
      "largestCriticalStrike": 390,
      "timePlayed": 1436,
      "totalHeal": 2026,
      "totalUnitsHealed": 2,
      "assists": 4,
      "item0": 3087,
      "item1": 3006,
      "item2": 1037,
      "item3": 1018,
      "item4": 1038,
      "item5": 1055,
      "item6": 3340,
      "magicDamageDealtToChampions": 6666,
      "physicalDamageDealtToChampions": 5843,
      "totalDamageDealtToChampions": 12659,
      "trueDamageDealtPlayer": 800,
      "trueDamageDealtToChampions": 150,
      "trueDamageTaken": 517,
      "wardPlaced": 7,
      "neutralMinionsKilledEnemyJungle": 7,
      "neutralMinionsKilledYourJungle": 3,
      "totalTimeCrowdControlDealt": 192
    }
  },
  "21440986": {
    "gameId": 818168337,
    "invalid": false,
    "gameMode": "CLASSIC",
    "gameType": "MATCHED_GAME",
    "subType": "RANKED_SOLO_5x5",
    "mapId": 1,
    "teamId": 100,
    "championId": 64,
    "spell1": 4,
    "spell2": 11,
    "level": 30,
    "ipEarned": 226,
    "createDate": 1398242217548,
    "fellowPlayers": [
      {
        "summonerId": 28413141,
        "teamId": 100,
        "championId": 8
      },
      {
        "summonerId": 34516686,
        "teamId": 100,
        "championId": 117
      },
      {
        "summonerId": 19447829,
        "teamId": 200,
        "championId": 58
      },
      {
        "summonerId": 21039199,
        "teamId": 100,
        "championId": 85
      },
      {
        "summonerId": 26213533,
        "teamId": 200,
        "championId": 51
      },
      {
        "summonerId": 42349074,
        "teamId": 200,
        "championId": 55
      },
      {
        "summonerId": 19115017,
        "teamId": 100,
        "championId": 157
      },
      {
        "summonerId": 27581340,
        "teamId": 200,
        "championId": 53
      },
      {
        "summonerId": 19795505,
        "teamId": 200,
        "championId": 2
      }
    ],
    "stats": {
      "level": 14,
      "goldEarned": 8358,
      "turretsKilled": 1,
      "minionsKilled": 12,
      "championsKilled": 4,
      "goldSpent": 5985,
      "totalDamageDealt": 99122,
      "totalDamageTaken": 10804,
      "killingSprees": 1,
      "largestKillingSpree": 4,
      "team": 100,
      "win": true,
      "neutralMinionsKilled": 74,
      "largestMultiKill": 1,
      "physicalDamageDealtPlayer": 56384,
      "magicDamageDealtPlayer": 29226,
      "physicalDamageTaken": 9301,
      "magicDamageTaken": 1503,
      "timePlayed": 1436,
      "totalHeal": 2084,
      "totalUnitsHealed": 1,
      "assists": 7,
      "item0": 3143,
      "item1": 3117,
      "item3": 3160,
      "item6": 3340,
      "magicDamageDealtToChampions": 952,
      "physicalDamageDealtToChampions": 7330,
      "totalDamageDealtToChampions": 8815,
      "trueDamageDealtPlayer": 13512,
      "trueDamageDealtToChampions": 532,
      "wardPlaced": 4,
      "neutralMinionsKilledEnemyJungle": 17,
      "neutralMinionsKilledYourJungle": 57,
      "totalTimeCrowdControlDealt": 1024
    }
  },
  "19447829": {
    "gameId": 818168337,
    "invalid": false,
    "gameMode": "CLASSIC",
    "gameType": "MATCHED_GAME",
    "subType": "RANKED_SOLO_5x5",
    "mapId": 1,
    "teamId": 200,
    "championId": 58,
    "spell1": 4,
    "spell2": 12,
    "level": 30,
    "ipEarned": 51,
    "createDate": 1398242217557,
    "fellowPlayers": [
      {
        "summonerId": 21440986,
        "teamId": 100,
        "championId": 64
      },
      {
        "summonerId": 28413141,
        "teamId": 100,
        "championId": 8
      },
      {
        "summonerId": 34516686,
        "teamId": 100,
        "championId": 117
      },
      {
        "summonerId": 21039199,
        "teamId": 100,
        "championId": 85
      },
      {
        "summonerId": 26213533,
        "teamId": 200,
        "championId": 51
      },
      {
        "summonerId": 42349074,
        "teamId": 200,
        "championId": 55
      },
      {
        "summonerId": 19115017,
        "teamId": 100,
        "championId": 157
      },
      {
        "summonerId": 27581340,
        "teamId": 200,
        "championId": 53
      },
      {
        "summonerId": 19795505,
        "teamId": 200,
        "championId": 2
      }
    ],
    "stats": {
      "level": 12,
      "goldEarned": 5981,
      "numDeaths": 4,
      "minionsKilled": 105,
      "championsKilled": 1,
      "goldSpent": 5380,
      "totalDamageDealt": 52493,
      "totalDamageTaken": 24022,
      "team": 200,
      "win": false,
      "neutralMinionsKilled": 8,
      "largestMultiKill": 1,
      "physicalDamageDealtPlayer": 51223,
      "magicDamageDealtPlayer": 1269,
      "physicalDamageTaken": 10238,
      "magicDamageTaken": 13575,
      "timePlayed": 1436,
      "totalHeal": 3696,
      "totalUnitsHealed": 1,
      "assists": 1,
      "item0": 1054,
      "item1": 3065,
      "item2": 3047,
      "item3": 1031,
      "item6": 3340,
      "sightWardsBought": 3,
      "magicDamageDealtToChampions": 1095,
      "physicalDamageDealtToChampions": 6979,
      "totalDamageDealtToChampions": 8074,
      "trueDamageTaken": 208,
      "wardPlaced": 7,
      "neutralMinionsKilledYourJungle": 8,
      "totalTimeCrowdControlDealt": 37
    }
  },
  "34516686": {
    "gameId": 818168337,
    "invalid": false,
    "gameMode": "CLASSIC",
    "gameType": "MATCHED_GAME",
    "subType": "RANKED_SOLO_5x5",
    "mapId": 1,
    "teamId": 100,
    "championId": 117,
    "spell1": 3,
    "spell2": 4,
    "level": 30,
    "ipEarned": 76,
    "createDate": 1398242217549,
    "fellowPlayers": [
      {
        "summonerId": 21440986,
        "teamId": 100,
        "championId": 64
      },
      {
        "summonerId": 28413141,
        "teamId": 100,
        "championId": 8
      },
      {
        "summonerId": 19447829,
        "teamId": 200,
        "championId": 58
      },
      {
        "summonerId": 21039199,
        "teamId": 100,
        "championId": 85
      },
      {
        "summonerId": 26213533,
        "teamId": 200,
        "championId": 51
      },
      {
        "summonerId": 42349074,
        "teamId": 200,
        "championId": 55
      },
      {
        "summonerId": 19115017,
        "teamId": 100,
        "championId": 157
      },
      {
        "summonerId": 27581340,
        "teamId": 200,
        "championId": 53
      },
      {
        "summonerId": 19795505,
        "teamId": 200,
        "championId": 2
      }
    ],
    "stats": {
      "level": 12,
      "goldEarned": 6358,
      "numDeaths": 2,
      "minionsKilled": 13,
      "goldSpent": 5855,
      "totalDamageDealt": 19083,
      "totalDamageTaken": 9547,
      "team": 100,
      "win": true,
      "physicalDamageDealtPlayer": 5699,
      "magicDamageDealtPlayer": 13384,
      "physicalDamageTaken": 7430,
      "magicDamageTaken": 1182,
      "timePlayed": 1436,
      "totalHeal": 726,
      "totalUnitsHealed": 1,
      "assists": 6,
      "item0": 2049,
      "item1": 3092,
      "item2": 3260,
      "item3": 2010,
      "item5": 3028,
      "item6": 3340,
      "sightWardsBought": 2,
      "magicDamageDealtToChampions": 2476,
      "physicalDamageDealtToChampions": 959,
      "totalDamageDealtToChampions": 3435,
      "trueDamageTaken": 934,
      "wardPlaced": 11,
      "totalTimeCrowdControlDealt": 166
    }
  }
}