{
  "28917567": {
    "gameId": 818161743,
    "invalid": false,
    "gameMode": "CLASSIC",
    "gameType": "MATCHED_GAME",
    "subType": "RANKED_SOLO_5x5",
    "mapId": 1,
    "teamId": 100,
    "championId": 89,
    "spell1": 3,
    "spell2": 4,
    "level": 30,
    "ipEarned": 71,
    "createDate": 1398243711768,
    "fellowPlayers": [
      {
        "summonerId": 19283433,
        "teamId": 200,
        "championId": 117
      },
      {
        "summonerId": 30413047,
        "teamId": 200,
        "championId": 61
      },
      {
        "summonerId": 27798442,
        "teamId": 200,
        "championId": 75
      },
      {
        "summonerId": 19332580,
        "teamId": 200,
        "championId": 18
      },
      {
        "summonerId": 24470675,
        "teamId": 100,
        "championId": 29
      },
      {
        "summonerId": 20634722,
        "teamId": 100,
        "championId": 5
      },
      {
        "summonerId": 25806678,
        "teamId": 100,
        "championId": 4
      },
      {
        "summonerId": 27060308,
        "teamId": 200,
        "championId": 54
      },
      {
        "summonerId": 36436196,
        "teamId": 100,
        "championId": 92
      }
    ],
    "stats": {
      "level": 15,
      "goldEarned": 11802,
      "numDeaths": 5,
      "minionsKilled": 26,
      "championsKilled": 2,
      "goldSpent": 10730,
      "totalDamageDealt": 27845,
      "totalDamageTaken": 22675,
      "killingSprees": 1,
      "largestKillingSpree": 2,
      "team": 100,
      "win": false,
      "largestMultiKill": 1,
      "physicalDamageDealtPlayer": 10433,
      "magicDamageDealtPlayer": 16247,
      "physicalDamageTaken": 12526,
      "magicDamageTaken": 9301,
      "timePlayed": 2371,
      "totalHeal": 1498,
      "totalUnitsHealed": 3,
      "assists": 25,
      "item0": 3401,
      "item1": 3190,
      "item2": 3222,
      "item3": 3082,
      "item4": 3260,
      "item5": 2049,
      "item6": 3341,
      "sightWardsBought": 1,
      "visionWardsBought": 1,
      "magicDamageDealtToChampions": 7804,
      "physicalDamageDealtToChampions": 3576,
      "totalDamageDealtToChampions": 11381,
      "trueDamageDealtPlayer": 1164,
      "trueDamageTaken": 847,
      "wardKilled": 2,
      "wardPlaced": 30,
      "totalTimeCrowdControlDealt": 116
    }
  },
  "summonerCount": 10,
  "24470675": {
    "gameId": 818161743,
    "invalid": false,
    "gameMode": "CLASSIC",
    "gameType": "MATCHED_GAME",
    "subType": "RANKED_SOLO_5x5",
    "mapId": 1,
    "teamId": 100,
    "championId": 29,
    "spell1": 4,
    "spell2": 7,
    "level": 30,
    "ipEarned": 71,
    "createDate": 1398243711769,
    "fellowPlayers": [
      {
        "summonerId": 19283433,
        "teamId": 200,
        "championId": 117
      },
      {
        "summonerId": 30413047,
        "teamId": 200,
        "championId": 61
      },
      {
        "summonerId": 27798442,
        "teamId": 200,
        "championId": 75
      },
      {
        "summonerId": 19332580,
        "teamId": 200,
        "championId": 18
      },
      {
        "summonerId": 20634722,
        "teamId": 100,
        "championId": 5
      },
      {
        "summonerId": 25806678,
        "teamId": 100,
        "championId": 4
      },
      {
        "summonerId": 28917567,
        "teamId": 100,
        "championId": 89
      },
      {
        "summonerId": 27060308,
        "teamId": 200,
        "championId": 54
      },
      {
        "summonerId": 36436196,
        "teamId": 100,
        "championId": 92
      }
    ],
    "stats": {
      "level": 18,
      "goldEarned": 15994,
      "numDeaths": 6,
      "barracksKilled": 2,
      "turretsKilled": 2,
      "minionsKilled": 230,
      "championsKilled": 10,
      "goldSpent": 14990,
      "totalDamageDealt": 195197,
      "totalDamageTaken": 25687,
      "doubleKills": 3,
      "killingSprees": 1,
      "largestKillingSpree": 9,
      "team": 100,
      "win": false,
      "neutralMinionsKilled": 20,
      "largestMultiKill": 2,
      "physicalDamageDealtPlayer": 181499,
      "magicDamageDealtPlayer": 1319,
      "physicalDamageTaken": 11880,
      "magicDamageTaken": 13767,
      "largestCriticalStrike": 821,
      "timePlayed": 2371,
      "totalHeal": 2902,
      "totalUnitsHealed": 4,
      "assists": 12,
      "item0": 3252,
      "item1": 3072,
      "item2": 3046,
      "item3": 3035,
      "item4": 3031,
      "item5": 1043,
      "item6": 3340,
      "magicDamageDealtToChampions": 1058,
      "physicalDamageDealtToChampions": 20931,
      "totalDamageDealtToChampions": 28345,
      "trueDamageDealtPlayer": 12378,
      "trueDamageDealtToChampions": 6354,
      "trueDamageTaken": 40,
      "wardPlaced": 7,
      "neutralMinionsKilledEnemyJungle": 16,
      "neutralMinionsKilledYourJungle": 4,
      "totalTimeCrowdControlDealt": 632
    }
  },
  "19332580": {
    "gameId": 818161743,
    "invalid": false,
    "gameMode": "CLASSIC",
    "gameType": "MATCHED_GAME",
    "subType": "RANKED_SOLO_5x5",
    "mapId": 1,
    "teamId": 200,
    "championId": 18,
    "spell1": 4,
    "spell2": 21,
    "level": 30,
    "ipEarned": 258,
    "createDate": 1398243711776,
    "fellowPlayers": [
      {
        "summonerId": 19283433,
        "teamId": 200,
        "championId": 117
      },
      {
        "summonerId": 30413047,
        "teamId": 200,
        "championId": 61
      },
      {
        "summonerId": 27798442,
        "teamId": 200,
        "championId": 75
      },
      {
        "summonerId": 24470675,
        "teamId": 100,
        "championId": 29
      },
      {
        "summonerId": 20634722,
        "teamId": 100,
        "championId": 5
      },
      {
        "summonerId": 25806678,
        "teamId": 100,
        "championId": 4
      },
      {
        "summonerId": 28917567,
        "teamId": 100,
        "championId": 89
      },
      {
        "summonerId": 27060308,
        "teamId": 200,
        "championId": 54
      },
      {
        "summonerId": 36436196,
        "teamId": 100,
        "championId": 92
      }
    ],
    "stats": {
      "level": 16,
      "goldEarned": 12915,
      "numDeaths": 6,
      "turretsKilled": 2,
      "minionsKilled": 187,
      "championsKilled": 7,
      "goldSpent": 10085,
      "totalDamageDealt": 130236,
      "totalDamageTaken": 29975,
      "doubleKills": 1,
      "tripleKills": 1,
      "quadraKills": 1,
      "killingSprees": 2,
      "largestKillingSpree": 4,
      "team": 200,
      "win": true,
      "largestMultiKill": 4,
      "physicalDamageDealtPlayer": 102978,
      "magicDamageDealtPlayer": 26910,
      "physicalDamageTaken": 20881,
      "magicDamageTaken": 6512,
      "largestCriticalStrike": 532,
      "timePlayed": 2371,
      "totalHeal": 1821,
      "totalUnitsHealed": 1,
      "assists": 7,
      "item0": 3072,
      "item1": 3046,
      "item2": 3250,
      "item3": 1038,
      "item4": 1055,
      "item5": 1055,
      "item6": 3340,
      "magicDamageDealtToChampions": 4898,
      "physicalDamageDealtToChampions": 14192,
      "totalDamageDealtToChampions": 19398,
      "trueDamageDealtPlayer": 348,
      "trueDamageDealtToChampions": 308,
      "trueDamageTaken": 2581,
      "wardPlaced": 7,
      "totalTimeCrowdControlDealt": 130
    }
  },
  "19283433": {
    "gameId": 818161743,
    "invalid": false,
    "gameMode": "CLASSIC",
    "gameType": "MATCHED_GAME",
    "subType": "RANKED_SOLO_5x5",
    "mapId": 1,
    "teamId": 200,
    "championId": 117,
    "spell1": 7,
    "spell2": 4,
    "level": 30,
    "ipEarned": 108,
    "createDate": 1398243711777,
    "fellowPlayers": [
      {
        "summonerId": 30413047,
        "teamId": 200,
        "championId": 61
      },
      {
        "summonerId": 27798442,
        "teamId": 200,
        "championId": 75
      },
      {
        "summonerId": 19332580,
        "teamId": 200,
        "championId": 18
      },
      {
        "summonerId": 24470675,
        "teamId": 100,
        "championId": 29
      },
      {
        "summonerId": 20634722,
        "teamId": 100,
        "championId": 5
      },
      {
        "summonerId": 25806678,
        "teamId": 100,
        "championId": 4
      },
      {
        "summonerId": 28917567,
        "teamId": 100,
        "championId": 89
      },
      {
        "summonerId": 27060308,
        "teamId": 200,
        "championId": 54
      },
      {
        "summonerId": 36436196,
        "teamId": 100,
        "championId": 92
      }
    ],
    "stats": {
      "level": 16,
      "goldEarned": 12040,
      "numDeaths": 10,
      "barracksKilled": 1,
      "turretsKilled": 1,
      "minionsKilled": 28,
      "championsKilled": 2,
      "goldSpent": 9755,
      "totalDamageDealt": 35202,
      "totalDamageTaken": 25967,
      "team": 200,
      "win": true,
      "neutralMinionsKilled": 3,
      "largestMultiKill": 1,
      "physicalDamageDealtPlayer": 11015,
      "magicDamageDealtPlayer": 24187,
      "physicalDamageTaken": 17093,
      "magicDamageTaken": 7579,
      "timePlayed": 2371,
      "totalHeal": 3583,
      "totalUnitsHealed": 5,
      "assists": 17,
      "item0": 3276,
      "item1": 1058,
      "item2": 2049,
      "item3": 3092,
      "item4": 3165,
      "item5": 1026,
      "item6": 3341,
      "sightWardsBought": 1,
      "magicDamageDealtToChampions": 7669,
      "physicalDamageDealtToChampions": 2436,
      "totalDamageDealtToChampions": 10105,
      "trueDamageTaken": 1295,
      "wardKilled": 4,
      "wardPlaced": 26,
      "neutralMinionsKilledEnemyJungle": 1,
      "neutralMinionsKilledYourJungle": 2,
      "totalTimeCrowdControlDealt": 416
    }
  },
  "30413047": {
    "gameId": 818161743,
    "invalid": false,
    "gameMode": "CLASSIC",
    "gameType": "MATCHED_GAME",
    "subType": "RANKED_SOLO_5x5",
    "mapId": 1,
    "teamId": 200,
    "championId": 61,
    "spell1": 14,
    "spell2": 4,
    "level": 30,
    "ipEarned": 258,
    "createDate": 1398243711772,
    "fellowPlayers": [
      {
        "summonerId": 19283433,
        "teamId": 200,
        "championId": 117
      },
      {
        "summonerId": 27798442,
        "teamId": 200,
        "championId": 75
      },
      {
        "summonerId": 19332580,
        "teamId": 200,
        "championId": 18
      },
      {
        "summonerId": 24470675,
        "teamId": 100,
        "championId": 29
      },
      {
        "summonerId": 20634722,
        "teamId": 100,
        "championId": 5
      },
      {
        "summonerId": 25806678,
        "teamId": 100,
        "championId": 4
      },
      {
        "summonerId": 28917567,
        "teamId": 100,
        "championId": 89
      },
      {
        "summonerId": 27060308,
        "teamId": 200,
        "championId": 54
      },
      {
        "summonerId": 36436196,
        "teamId": 100,
        "championId": 92
      }
    ],
    "stats": {
      "level": 16,
      "goldEarned": 11946,
      "numDeaths": 11,
      "minionsKilled": 184,
      "championsKilled": 5,
      "goldSpent": 12615,
      "totalDamageDealt": 125351,
      "totalDamageTaken": 27854,
      "killingSprees": 1,
      "largestKillingSpree": 4,
      "team": 200,
      "win": true,
      "neutralMinionsKilled": 1,
      "largestMultiKill": 1,
      "physicalDamageDealtPlayer": 16977,
      "magicDamageDealtPlayer": 106556,
      "physicalDamageTaken": 19951,
      "magicDamageTaken": 6543,
      "timePlayed": 2371,
      "totalHeal": 42,
      "totalUnitsHealed": 1,
      "assists": 9,
      "item0": 3174,
      "item1": 3135,
      "item2": 3255,
      "item3": 3116,
      "item4": 1058,
      "item6": 3340,
      "magicDamageDealtToChampions": 16240,
      "physicalDamageDealtToChampions": 1214,
      "totalDamageDealtToChampions": 19091,
      "trueDamageDealtPlayer": 1817,
      "trueDamageDealtToChampions": 1635,
      "trueDamageTaken": 1359,
      "wardPlaced": 8,
      "neutralMinionsKilledEnemyJungle": 1,
      "totalTimeCrowdControlDealt": 1276
    }
  },
  "27798442": {
    "gameId": 818161743,
    "invalid": false,
    "gameMode": "CLASSIC",
    "gameType": "MATCHED_GAME",
    "subType": "RANKED_SOLO_5x5",
    "mapId": 1,
    "teamId": 200,
    "championId": 75,
    "spell1": 6,
    "spell2": 12,
    "level": 30,
    "ipEarned": 108,
    "createDate": 1398243711773,
    "fellowPlayers": [
      {
        "summonerId": 19283433,
        "teamId": 200,
        "championId": 117
      },
      {
        "summonerId": 30413047,
        "teamId": 200,
        "championId": 61
      },
      {
        "summonerId": 19332580,
        "teamId": 200,
        "championId": 18
      },
      {
        "summonerId": 24470675,
        "teamId": 100,
        "championId": 29
      },
      {
        "summonerId": 20634722,
        "teamId": 100,
        "championId": 5
      },
      {
        "summonerId": 25806678,
        "teamId": 100,
        "championId": 4
      },
      {
        "summonerId": 28917567,
        "teamId": 100,
        "championId": 89
      },
      {
        "summonerId": 27060308,
        "teamId": 200,
        "championId": 54
      },
      {
        "summonerId": 36436196,
        "teamId": 100,
        "championId": 92
      }
    ],
    "stats": {
      "level": 18,
      "goldEarned": 14324,
      "numDeaths": 8,
      "turretsKilled": 3,
      "minionsKilled": 211,
      "championsKilled": 7,
      "goldSpent": 12345,
      "totalDamageDealt": 155085,
      "totalDamageTaken": 40493,
      "doubleKills": 1,
      "killingSprees": 1,
      "largestKillingSpree": 5,
      "team": 200,
      "win": true,
      "neutralMinionsKilled": 10,
      "largestMultiKill": 2,
      "physicalDamageDealtPlayer": 134085,
      "magicDamageDealtPlayer": 21000,
      "physicalDamageTaken": 29853,
      "magicDamageTaken": 7645,
      "timePlayed": 2371,
      "assists": 9,
      "item0": 3260,
      "item1": 3110,
      "item2": 3143,
      "item3": 3025,
      "item4": 1011,
      "item5": 1031,
      "item6": 3340,
      "magicDamageDealtToChampions": 9167,
      "physicalDamageDealtToChampions": 16862,
      "totalDamageDealtToChampions": 26030,
      "trueDamageTaken": 2994,
      "wardKilled": 1,
      "wardPlaced": 4,
      "neutralMinionsKilledYourJungle": 10,
      "totalTimeCrowdControlDealt": 2868
    }
  },
  "20634722": {
    "gameId": 818161743,
    "invalid": false,
    "gameMode": "CLASSIC",
    "gameType": "MATCHED_GAME",
    "subType": "RANKED_SOLO_5x5",
    "mapId": 1,
    "teamId": 100,
    "championId": 5,
    "spell1": 11,
    "spell2": 6,
    "level": 30,
    "ipEarned": 71,
    "createDate": 1398243711770,
    "fellowPlayers": [
      {
        "summonerId": 19283433,
        "teamId": 200,
        "championId": 117
      },
      {
        "summonerId": 30413047,
        "teamId": 200,
        "championId": 61
      },
      {
        "summonerId": 27798442,
        "teamId": 200,
        "championId": 75
      },
      {
        "summonerId": 19332580,
        "teamId": 200,
        "championId": 18
      },
      {
        "summonerId": 24470675,
        "teamId": 100,
        "championId": 29
      },
      {
        "summonerId": 25806678,
        "teamId": 100,
        "championId": 4
      },
      {
        "summonerId": 28917567,
        "teamId": 100,
        "championId": 89
      },
      {
        "summonerId": 27060308,
        "teamId": 200,
        "championId": 54
      },
      {
        "summonerId": 36436196,
        "teamId": 100,
        "championId": 92
      }
    ],
    "stats": {
      "level": 18,
      "goldEarned": 16372,
      "numDeaths": 6,
      "turretsKilled": 1,
      "minionsKilled": 125,
      "championsKilled": 12,
      "goldSpent": 15278,
      "totalDamageDealt": 273349,
      "totalDamageTaken": 38423,
      "doubleKills": 2,
      "killingSprees": 2,
      "largestKillingSpree": 7,
      "team": 100,
      "win": false,
      "neutralMinionsKilled": 122,
      "largestMultiKill": 2,
      "physicalDamageDealtPlayer": 180872,
      "magicDamageDealtPlayer": 83668,
      "physicalDamageTaken": 26575,
      "magicDamageTaken": 11180,
      "largestCriticalStrike": 970,
      "timePlayed": 2371,
      "totalHeal": 17516,
      "totalUnitsHealed": 1,
      "assists": 6,
      "item0": 3074,
      "item1": 3160,
      "item2": 3117,
      "item3": 3156,
      "item4": 3035,
      "item5": 3078,
      "item6": 3340,
      "magicDamageDealtToChampions": 7587,
      "physicalDamageDealtToChampions": 25304,
      "totalDamageDealtToChampions": 34053,
      "trueDamageDealtPlayer": 8808,
      "trueDamageDealtToChampions": 1162,
      "trueDamageTaken": 668,
      "wardPlaced": 7,
      "neutralMinionsKilledEnemyJungle": 32,
      "neutralMinionsKilledYourJungle": 90,
      "totalTimeCrowdControlDealt": 1137
    }
  },
  "27060308": {
    "gameId": 818161743,
    "invalid": false,
    "gameMode": "CLASSIC",
    "gameType": "MATCHED_GAME",
    "subType": "RANKED_SOLO_5x5",
    "mapId": 1,
    "teamId": 200,
    "championId": 54,
    "spell1": 11,
    "spell2": 4,
    "level": 30,
    "ipEarned": 108,
    "createDate": 1398243711775,
    "fellowPlayers": [
      {
        "summonerId": 19283433,
        "teamId": 200,
        "championId": 117
      },
      {
        "summonerId": 30413047,
        "teamId": 200,
        "championId": 61
      },
      {
        "summonerId": 27798442,
        "teamId": 200,
        "championId": 75
      },
      {
        "summonerId": 19332580,
        "teamId": 200,
        "championId": 18
      },
      {
        "summonerId": 24470675,
        "teamId": 100,
        "championId": 29
      },
      {
        "summonerId": 20634722,
        "teamId": 100,
        "championId": 5
      },
      {
        "summonerId": 25806678,
        "teamId": 100,
        "championId": 4
      },
      {
        "summonerId": 28917567,
        "teamId": 100,
        "championId": 89
      },
      {
        "summonerId": 36436196,
        "teamId": 100,
        "championId": 92
      }
    ],
    "stats": {
      "level": 17,
      "goldEarned": 11224,
      "numDeaths": 9,
      "minionsKilled": 56,
      "championsKilled": 6,
      "goldSpent": 10705,
      "totalDamageDealt": 82976,
      "totalDamageTaken": 30746,
      "killingSprees": 1,
      "largestKillingSpree": 2,
      "team": 200,
      "win": true,
      "neutralMinionsKilled": 27,
      "largestMultiKill": 1,
      "physicalDamageDealtPlayer": 23637,
      "magicDamageDealtPlayer": 43191,
      "physicalDamageTaken": 19060,
      "magicDamageTaken": 10007,
      "timePlayed": 2371,
      "totalHeal": 940,
      "totalUnitsHealed": 1,
      "assists": 12,
      "item0": 3047,
      "item1": 3143,
      "item2": 3206,
      "item3": 3116,
      "item4": 3191,
      "item6": 3340,
      "magicDamageDealtToChampions": 12820,
      "physicalDamageDealtToChampions": 2673,
      "totalDamageDealtToChampions": 15576,
      "trueDamageDealtPlayer": 16148,
      "trueDamageDealtToChampions": 82,
      "trueDamageTaken": 1679,
      "wardPlaced": 3,
      "neutralMinionsKilledEnemyJungle": 1,
      "neutralMinionsKilledYourJungle": 26,
      "totalTimeCrowdControlDealt": 1323
    }
  },
  "36436196": {
    "gameId": 818161743,
    "invalid": false,
    "gameMode": "CLASSIC",
    "gameType": "MATCHED_GAME",
    "subType": "RANKED_SOLO_5x5",
    "mapId": 1,
    "teamId": 100,
    "championId": 92,
    "spell1": 14,
    "spell2": 4,
    "level": 30,
    "ipEarned": 71,
    "createDate": 1398243711767,
    "fellowPlayers": [
      {
        "summonerId": 19283433,
        "teamId": 200,
        "championId": 117
      },
      {
        "summonerId": 30413047,
        "teamId": 200,
        "championId": 61
      },
      {
        "summonerId": 27798442,
        "teamId": 200,
        "championId": 75
      },
      {
        "summonerId": 19332580,
        "teamId": 200,
        "championId": 18
      },
      {
        "summonerId": 24470675,
        "teamId": 100,
        "championId": 29
      },
      {
        "summonerId": 20634722,
        "teamId": 100,
        "championId": 5
      },
      {
        "summonerId": 25806678,
        "teamId": 100,
        "championId": 4
      },
      {
        "summonerId": 28917567,
        "teamId": 100,
        "championId": 89
      },
      {
        "summonerId": 27060308,
        "teamId": 200,
        "championId": 54
      }
    ],
    "stats": {
      "level": 18,
      "goldEarned": 16221,
      "numDeaths": 5,
      "turretsKilled": 1,
      "minionsKilled": 210,
      "championsKilled": 12,
      "goldSpent": 16460,
      "totalDamageDealt": 185361,
      "totalDamageTaken": 28845,
      "doubleKills": 1,
      "killingSprees": 4,
      "largestKillingSpree": 3,
      "team": 100,
      "win": false,
      "neutralMinionsKilled": 24,
      "largestMultiKill": 2,
      "physicalDamageDealtPlayer": 182793,
      "magicDamageDealtPlayer": 998,
      "physicalDamageTaken": 17337,
      "magicDamageTaken": 10895,
      "largestCriticalStrike": 793,
      "timePlayed": 2371,
      "totalHeal": 3515,
      "totalUnitsHealed": 1,
      "assists": 16,
      "item0": 3074,
      "item1": 3142,
      "item2": 3275,
      "item3": 3035,
      "item4": 3211,
      "item5": 3072,
      "item6": 3340,
      "sightWardsBought": 4,
      "visionWardsBought": 1,
      "magicDamageDealtToChampions": 850,
      "physicalDamageDealtToChampions": 34792,
      "totalDamageDealtToChampions": 36970,
      "trueDamageDealtPlayer": 1569,
      "trueDamageDealtToChampions": 1327,
      "trueDamageTaken": 612,
      "wardPlaced": 12,
      "neutralMinionsKilledEnemyJungle": 18,
      "neutralMinionsKilledYourJungle": 6,
      "totalTimeCrowdControlDealt": 185
    }
  },
  "28917567": {
    "gameId": 818161743,
    "invalid": false,
    "gameMode": "CLASSIC",
    "gameType": "MATCHED_GAME",
    "subType": "RANKED_SOLO_5x5",
    "mapId": 1,
    "teamId": 100,
    "championId": 89,
    "spell1": 3,
    "spell2": 4,
    "level": 30,
    "ipEarned": 71,
    "createDate": 1398243711768,
    "fellowPlayers": [
      {
        "summonerId": 19283433,
        "teamId": 200,
        "championId": 117
      },
      {
        "summonerId": 30413047,
        "teamId": 200,
        "championId": 61
      },
      {
        "summonerId": 27798442,
        "teamId": 200,
        "championId": 75
      },
      {
        "summonerId": 19332580,
        "teamId": 200,
        "championId": 18
      },
      {
        "summonerId": 24470675,
        "teamId": 100,
        "championId": 29
      },
      {
        "summonerId": 20634722,
        "teamId": 100,
        "championId": 5
      },
      {
        "summonerId": 25806678,
        "teamId": 100,
        "championId": 4
      },
      {
        "summonerId": 27060308,
        "teamId": 200,
        "championId": 54
      },
      {
        "summonerId": 36436196,
        "teamId": 100,
        "championId": 92
      }
    ],
    "stats": {
      "level": 15,
      "goldEarned": 11802,
      "numDeaths": 5,
      "minionsKilled": 26,
      "championsKilled": 2,
      "goldSpent": 10730,
      "totalDamageDealt": 27845,
      "totalDamageTaken": 22675,
      "killingSprees": 1,
      "largestKillingSpree": 2,
      "team": 100,
      "win": false,
      "largestMultiKill": 1,
      "physicalDamageDealtPlayer": 10433,
      "magicDamageDealtPlayer": 16247,
      "physicalDamageTaken": 12526,
      "magicDamageTaken": 9301,
      "timePlayed": 2371,
      "totalHeal": 1498,
      "totalUnitsHealed": 3,
      "assists": 25,
      "item0": 3401,
      "item1": 3190,
      "item2": 3222,
      "item3": 3082,
      "item4": 3260,
      "item5": 2049,
      "item6": 3341,
      "sightWardsBought": 1,
      "visionWardsBought": 1,
      "magicDamageDealtToChampions": 7804,
      "physicalDamageDealtToChampions": 3576,
      "totalDamageDealtToChampions": 11381,
      "trueDamageDealtPlayer": 1164,
      "trueDamageTaken": 847,
      "wardKilled": 2,
      "wardPlaced": 30,
      "totalTimeCrowdControlDealt": 116
    }
  }
}