{
  "19093077": {
    "gameId": 818162103,
    "invalid": false,
    "gameMode": "CLASSIC",
    "gameType": "MATCHED_GAME",
    "subType": "RANKED_SOLO_5x5",
    "mapId": 1,
    "teamId": 200,
    "championId": 89,
    "spell1": 4,
    "spell2": 7,
    "level": 30,
    "ipEarned": 67,
    "createDate": 1398243530871,
    "fellowPlayers": [
      {
        "summonerId": 26921236,
        "teamId": 200,
        "championId": 121
      },
      {
        "summonerId": 31697314,
        "teamId": 200,
        "championId": 104
      },
      {
        "summonerId": 42318622,
        "teamId": 200,
        "championId": 62
      },
      {
        "summonerId": 20041326,
        "teamId": 200,
        "championId": 56
      },
      {
        "summonerId": 38804054,
        "teamId": 100,
        "championId": 238
      },
      {
        "summonerId": 30225352,
        "teamId": 100,
        "championId": 68
      },
      {
        "summonerId": 33529840,
        "teamId": 100,
        "championId": 15
      },
      {
        "summonerId": 38099843,
        "teamId": 100,
        "championId": 412
      },
      {
        "summonerId": 25198140,
        "teamId": 100,
        "championId": 113
      }
    ],
    "stats": {
      "level": 14,
      "goldEarned": 7392,
      "numDeaths": 5,
      "minionsKilled": 43,
      "goldSpent": 6850,
      "totalDamageDealt": 25625,
      "totalDamageTaken": 26520,
      "team": 200,
      "win": false,
      "physicalDamageDealtPlayer": 6374,
      "magicDamageDealtPlayer": 13588,
      "physicalDamageTaken": 13972,
      "magicDamageTaken": 12319,
      "timePlayed": 2160,
      "totalHeal": 4272,
      "totalUnitsHealed": 5,
      "assists": 7,
      "item0": 3401,
      "item1": 2045,
      "item2": 1011,
      "item3": 3117,
      "item4": 1031,
      "item6": 3341,
      "sightWardsBought": 1,
      "magicDamageDealtToChampions": 6220,
      "physicalDamageDealtToChampions": 1895,
      "totalDamageDealtToChampions": 8116,
      "trueDamageDealtPlayer": 5663,
      "trueDamageTaken": 228,
      "wardKilled": 5,
      "wardPlaced": 24,
      "totalTimeCrowdControlDealt": 39
    }
  },
  "summonerCount": 10,
  "25198140": {
    "gameId": 818162103,
    "invalid": false,
    "gameMode": "CLASSIC",
    "gameType": "MATCHED_GAME",
    "subType": "RANKED_SOLO_5x5",
    "mapId": 1,
    "teamId": 100,
    "championId": 113,
    "spell1": 11,
    "spell2": 4,
    "level": 30,
    "ipEarned": 101,
    "createDate": 1398243530853,
    "fellowPlayers": [
      {
        "summonerId": 26921236,
        "teamId": 200,
        "championId": 121
      },
      {
        "summonerId": 31697314,
        "teamId": 200,
        "championId": 104
      },
      {
        "summonerId": 42318622,
        "teamId": 200,
        "championId": 62
      },
      {
        "summonerId": 20041326,
        "teamId": 200,
        "championId": 56
      },
      {
        "summonerId": 38804054,
        "teamId": 100,
        "championId": 238
      },
      {
        "summonerId": 30225352,
        "teamId": 100,
        "championId": 68
      },
      {
        "summonerId": 33529840,
        "teamId": 100,
        "championId": 15
      },
      {
        "summonerId": 19093077,
        "teamId": 200,
        "championId": 89
      },
      {
        "summonerId": 38099843,
        "teamId": 100,
        "championId": 412
      }
    ],
    "stats": {
      "level": 17,
      "goldEarned": 12883,
      "numDeaths": 2,
      "minionsKilled": 54,
      "championsKilled": 8,
      "goldSpent": 12910,
      "totalDamageDealt": 112268,
      "totalDamageTaken": 30835,
      "doubleKills": 1,
      "killingSprees": 2,
      "largestKillingSpree": 4,
      "team": 100,
      "win": true,
      "neutralMinionsKilled": 58,
      "largestMultiKill": 2,
      "physicalDamageDealtPlayer": 19011,
      "magicDamageDealtPlayer": 84576,
      "physicalDamageTaken": 26724,
      "magicDamageTaken": 3266,
      "timePlayed": 2160,
      "totalHeal": 2533,
      "totalUnitsHealed": 1,
      "assists": 16,
      "item0": 3207,
      "item1": 3047,
      "item2": 2045,
      "item3": 3075,
      "item4": 3068,
      "item5": 3083,
      "item6": 3340,
      "magicDamageDealtToChampions": 16248,
      "physicalDamageDealtToChampions": 2297,
      "totalDamageDealtToChampions": 18854,
      "trueDamageDealtPlayer": 8680,
      "trueDamageDealtToChampions": 308,
      "trueDamageTaken": 845,
      "wardKilled": 1,
      "wardPlaced": 14,
      "neutralMinionsKilledEnemyJungle": 7,
      "neutralMinionsKilledYourJungle": 51,
      "totalTimeCrowdControlDealt": 622
    }
  },
  "26921236": {
    "gameId": 818162103,
    "invalid": false,
    "gameMode": "CLASSIC",
    "gameType": "MATCHED_GAME",
    "subType": "RANKED_SOLO_5x5",
    "mapId": 1,
    "teamId": 200,
    "championId": 121,
    "spell1": 4,
    "spell2": 14,
    "level": 30,
    "ipEarned": 67,
    "createDate": 1398243530857,
    "fellowPlayers": [
      {
        "summonerId": 31697314,
        "teamId": 200,
        "championId": 104
      },
      {
        "summonerId": 42318622,
        "teamId": 200,
        "championId": 62
      },
      {
        "summonerId": 20041326,
        "teamId": 200,
        "championId": 56
      },
      {
        "summonerId": 38804054,
        "teamId": 100,
        "championId": 238
      },
      {
        "summonerId": 30225352,
        "teamId": 100,
        "championId": 68
      },
      {
        "summonerId": 33529840,
        "teamId": 100,
        "championId": 15
      },
      {
        "summonerId": 19093077,
        "teamId": 200,
        "championId": 89
      },
      {
        "summonerId": 38099843,
        "teamId": 100,
        "championId": 412
      },
      {
        "summonerId": 25198140,
        "teamId": 100,
        "championId": 113
      }
    ],
    "stats": {
      "level": 16,
      "goldEarned": 11120,
      "numDeaths": 10,
      "turretsKilled": 1,
      "minionsKilled": 163,
      "championsKilled": 6,
      "goldSpent": 10517,
      "totalDamageDealt": 144097,
      "totalDamageTaken": 31562,
      "killingSprees": 2,
      "largestKillingSpree": 2,
      "team": 200,
      "win": false,
      "neutralMinionsKilled": 33,
      "largestMultiKill": 1,
      "physicalDamageDealtPlayer": 140395,
      "magicDamageDealtPlayer": 2409,
      "physicalDamageTaken": 20895,
      "magicDamageTaken": 9452,
      "timePlayed": 2160,
      "totalHeal": 3627,
      "totalUnitsHealed": 1,
      "assists": 4,
      "item0": 3074,
      "item1": 3047,
      "item2": 3134,
      "item3": 3082,
      "item4": 3035,
      "item5": 1011,
      "item6": 3340,
      "magicDamageDealtToChampions": 2318,
      "physicalDamageDealtToChampions": 22292,
      "totalDamageDealtToChampions": 25902,
      "trueDamageDealtPlayer": 1292,
      "trueDamageDealtToChampions": 1292,
      "trueDamageTaken": 1214,
      "wardKilled": 2,
      "wardPlaced": 7,
      "neutralMinionsKilledEnemyJungle": 3,
      "neutralMinionsKilledYourJungle": 30,
      "totalTimeCrowdControlDealt": 207
    }
  },
  "20041326": {
    "gameId": 818162103,
    "invalid": false,
    "gameMode": "CLASSIC",
    "gameType": "MATCHED_GAME",
    "subType": "RANKED_SOLO_5x5",
    "mapId": 1,
    "teamId": 200,
    "championId": 56,
    "spell1": 4,
    "spell2": 11,
    "level": 30,
    "ipEarned": 67,
    "createDate": 1398243530869,
    "fellowPlayers": [
      {
        "summonerId": 26921236,
        "teamId": 200,
        "championId": 121
      },
      {
        "summonerId": 31697314,
        "teamId": 200,
        "championId": 104
      },
      {
        "summonerId": 42318622,
        "teamId": 200,
        "championId": 62
      },
      {
        "summonerId": 38804054,
        "teamId": 100,
        "championId": 238
      },
      {
        "summonerId": 30225352,
        "teamId": 100,
        "championId": 68
      },
      {
        "summonerId": 33529840,
        "teamId": 100,
        "championId": 15
      },
      {
        "summonerId": 19093077,
        "teamId": 200,
        "championId": 89
      },
      {
        "summonerId": 38099843,
        "teamId": 100,
        "championId": 412
      },
      {
        "summonerId": 25198140,
        "teamId": 100,
        "championId": 113
      }
    ],
    "stats": {
      "level": 18,
      "goldEarned": 12503,
      "numDeaths": 6,
      "turretsKilled": 2,
      "minionsKilled": 101,
      "championsKilled": 2,
      "goldSpent": 11575,
      "totalDamageDealt": 262233,
      "totalDamageTaken": 26953,
      "team": 200,
      "win": false,
      "neutralMinionsKilled": 136,
      "largestMultiKill": 1,
      "physicalDamageDealtPlayer": 196202,
      "magicDamageDealtPlayer": 45379,
      "physicalDamageTaken": 19122,
      "magicDamageTaken": 7274,
      "timePlayed": 2160,
      "totalHeal": 7491,
      "totalUnitsHealed": 1,
      "assists": 3,
      "item0": 3160,
      "item1": 3074,
      "item2": 3111,
      "item3": 3022,
      "item4": 3211,
      "item5": 1028,
      "item6": 3340,
      "magicDamageDealtToChampions": 1323,
      "physicalDamageDealtToChampions": 7537,
      "totalDamageDealtToChampions": 9209,
      "trueDamageDealtPlayer": 20652,
      "trueDamageDealtToChampions": 348,
      "trueDamageTaken": 556,
      "wardPlaced": 11,
      "neutralMinionsKilledEnemyJungle": 15,
      "neutralMinionsKilledYourJungle": 121,
      "totalTimeCrowdControlDealt": 770
    }
  },
  "30225352": {
    "gameId": 818162103,
    "invalid": false,
    "gameMode": "CLASSIC",
    "gameType": "MATCHED_GAME",
    "subType": "RANKED_SOLO_5x5",
    "mapId": 1,
    "teamId": 100,
    "championId": 68,
    "spell1": 4,
    "spell2": 12,
    "level": 30,
    "ipEarned": 101,
    "createDate": 1398243530856,
    "fellowPlayers": [
      {
        "summonerId": 26921236,
        "teamId": 200,
        "championId": 121
      },
      {
        "summonerId": 31697314,
        "teamId": 200,
        "championId": 104
      },
      {
        "summonerId": 42318622,
        "teamId": 200,
        "championId": 62
      },
      {
        "summonerId": 20041326,
        "teamId": 200,
        "championId": 56
      },
      {
        "summonerId": 38804054,
        "teamId": 100,
        "championId": 238
      },
      {
        "summonerId": 33529840,
        "teamId": 100,
        "championId": 15
      },
      {
        "summonerId": 19093077,
        "teamId": 200,
        "championId": 89
      },
      {
        "summonerId": 38099843,
        "teamId": 100,
        "championId": 412
      },
      {
        "summonerId": 25198140,
        "teamId": 100,
        "championId": 113
      }
    ],
    "stats": {
      "level": 18,
      "goldEarned": 14271,
      "numDeaths": 2,
      "turretsKilled": 3,
      "minionsKilled": 209,
      "championsKilled": 8,
      "goldSpent": 13720,
      "totalDamageDealt": 159442,
      "totalDamageTaken": 21381,
      "killingSprees": 2,
      "largestKillingSpree": 5,
      "team": 100,
      "win": true,
      "neutralMinionsKilled": 13,
      "largestMultiKill": 1,
      "physicalDamageDealtPlayer": 32205,
      "magicDamageDealtPlayer": 126655,
      "physicalDamageTaken": 17692,
      "magicDamageTaken": 2533,
      "timePlayed": 2160,
      "assists": 14,
      "item0": 3135,
      "item1": 3116,
      "item2": 3157,
      "item3": 3047,
      "item4": 3151,
      "item6": 3340,
      "sightWardsBought": 3,
      "magicDamageDealtToChampions": 25940,
      "physicalDamageDealtToChampions": 2417,
      "totalDamageDealtToChampions": 28634,
      "trueDamageDealtPlayer": 582,
      "trueDamageDealtToChampions": 276,
      "trueDamageTaken": 1155,
      "wardPlaced": 11,
      "neutralMinionsKilledYourJungle": 13,
      "totalTimeCrowdControlDealt": 1757
    }
  },
  "33529840": {
    "gameId": 818162103,
    "invalid": false,
    "gameMode": "CLASSIC",
    "gameType": "MATCHED_GAME",
    "subType": "RANKED_SOLO_5x5",
    "mapId": 1,
    "teamId": 100,
    "championId": 15,
    "spell1": 4,
    "spell2": 7,
    "level": 30,
    "ipEarned": 101,
    "createDate": 1398243530855,
    "fellowPlayers": [
      {
        "summonerId": 26921236,
        "teamId": 200,
        "championId": 121
      },
      {
        "summonerId": 31697314,
        "teamId": 200,
        "championId": 104
      },
      {
        "summonerId": 42318622,
        "teamId": 200,
        "championId": 62
      },
      {
        "summonerId": 20041326,
        "teamId": 200,
        "championId": 56
      },
      {
        "summonerId": 38804054,
        "teamId": 100,
        "championId": 238
      },
      {
        "summonerId": 30225352,
        "teamId": 100,
        "championId": 68
      },
      {
        "summonerId": 19093077,
        "teamId": 200,
        "championId": 89
      },
      {
        "summonerId": 38099843,
        "teamId": 100,
        "championId": 412
      },
      {
        "summonerId": 25198140,
        "teamId": 100,
        "championId": 113
      }
    ],
    "stats": {
      "level": 17,
      "goldEarned": 14589,
      "numDeaths": 2,
      "barracksKilled": 2,
      "turretsKilled": 1,
      "minionsKilled": 289,
      "championsKilled": 5,
      "goldSpent": 13795,
      "totalDamageDealt": 200430,
      "totalDamageTaken": 15799,
      "doubleKills": 1,
      "killingSprees": 2,
      "largestKillingSpree": 3,
      "team": 100,
      "win": true,
      "neutralMinionsKilled": 15,
      "largestMultiKill": 2,
      "physicalDamageDealtPlayer": 199870,
      "physicalDamageTaken": 13534,
      "magicDamageTaken": 1826,
      "largestCriticalStrike": 667,
      "timePlayed": 2160,
      "totalHeal": 2872,
      "totalUnitsHealed": 3,
      "assists": 10,
      "item0": 3035,
      "item1": 3031,
      "item2": 3006,
      "item3": 3046,
      "item4": 3072,
      "item5": 1055,
      "item6": 3340,
      "sightWardsBought": 1,
      "physicalDamageDealtToChampions": 17342,
      "totalDamageDealtToChampions": 17502,
      "trueDamageDealtPlayer": 560,
      "trueDamageDealtToChampions": 160,
      "trueDamageTaken": 438,
      "wardKilled": 1,
      "wardPlaced": 8,
      "neutralMinionsKilledEnemyJungle": 2,
      "neutralMinionsKilledYourJungle": 13,
      "totalTimeCrowdControlDealt": 166
    }
  },
  "31697314": {
    "gameId": 818162103,
    "invalid": false,
    "gameMode": "CLASSIC",
    "gameType": "MATCHED_GAME",
    "subType": "RANKED_SOLO_5x5",
    "mapId": 1,
    "teamId": 200,
    "championId": 104,
    "spell1": 3,
    "spell2": 4,
    "level": 30,
    "ipEarned": 67,
    "createDate": 1398243530872,
    "fellowPlayers": [
      {
        "summonerId": 26921236,
        "teamId": 200,
        "championId": 121
      },
      {
        "summonerId": 42318622,
        "teamId": 200,
        "championId": 62
      },
      {
        "summonerId": 20041326,
        "teamId": 200,
        "championId": 56
      },
      {
        "summonerId": 38804054,
        "teamId": 100,
        "championId": 238
      },
      {
        "summonerId": 30225352,
        "teamId": 100,
        "championId": 68
      },
      {
        "summonerId": 33529840,
        "teamId": 100,
        "championId": 15
      },
      {
        "summonerId": 19093077,
        "teamId": 200,
        "championId": 89
      },
      {
        "summonerId": 38099843,
        "teamId": 100,
        "championId": 412
      },
      {
        "summonerId": 25198140,
        "teamId": 100,
        "championId": 113
      }
    ],
    "stats": {
      "level": 15,
      "goldEarned": 11682,
      "numDeaths": 5,
      "minionsKilled": 236,
      "championsKilled": 4,
      "goldSpent": 11690,
      "totalDamageDealt": 128370,
      "totalDamageTaken": 19308,
      "killingSprees": 2,
      "largestKillingSpree": 2,
      "team": 200,
      "win": false,
      "neutralMinionsKilled": 12,
      "largestMultiKill": 1,
      "physicalDamageDealtPlayer": 125226,
      "magicDamageDealtPlayer": 3143,
      "physicalDamageTaken": 12136,
      "magicDamageTaken": 7171,
      "largestCriticalStrike": 854,
      "timePlayed": 2160,
      "totalHeal": 1043,
      "totalUnitsHealed": 1,
      "assists": 1,
      "item0": 1055,
      "item1": 3072,
      "item2": 3035,
      "item3": 3031,
      "item4": 3006,
      "item6": 3340,
      "magicDamageDealtToChampions": 1567,
      "physicalDamageDealtToChampions": 13719,
      "totalDamageDealtToChampions": 15286,
      "wardKilled": 2,
      "wardPlaced": 4,
      "neutralMinionsKilledEnemyJungle": 2,
      "neutralMinionsKilledYourJungle": 10,
      "totalTimeCrowdControlDealt": 64
    }
  },
  "38099843": {
    "gameId": 818162103,
    "invalid": false,
    "gameMode": "CLASSIC",
    "gameType": "MATCHED_GAME",
    "subType": "RANKED_SOLO_5x5",
    "mapId": 1,
    "teamId": 100,
    "championId": 412,
    "spell1": 3,
    "spell2": 4,
    "level": 30,
    "ipEarned": 101,
    "createDate": 1398243530852,
    "fellowPlayers": [
      {
        "summonerId": 26921236,
        "teamId": 200,
        "championId": 121
      },
      {
        "summonerId": 31697314,
        "teamId": 200,
        "championId": 104
      },
      {
        "summonerId": 42318622,
        "teamId": 200,
        "championId": 62
      },
      {
        "summonerId": 20041326,
        "teamId": 200,
        "championId": 56
      },
      {
        "summonerId": 38804054,
        "teamId": 100,
        "championId": 238
      },
      {
        "summonerId": 30225352,
        "teamId": 100,
        "championId": 68
      },
      {
        "summonerId": 33529840,
        "teamId": 100,
        "championId": 15
      },
      {
        "summonerId": 19093077,
        "teamId": 200,
        "championId": 89
      },
      {
        "summonerId": 25198140,
        "teamId": 100,
        "championId": 113
      }
    ],
    "stats": {
      "level": 14,
      "goldEarned": 9293,
      "numDeaths": 3,
      "minionsKilled": 13,
      "championsKilled": 1,
      "goldSpent": 9270,
      "totalDamageDealt": 16600,
      "totalDamageTaken": 11023,
      "team": 100,
      "win": true,
      "largestMultiKill": 1,
      "physicalDamageDealtPlayer": 4961,
      "magicDamageDealtPlayer": 11638,
      "physicalDamageTaken": 8162,
      "magicDamageTaken": 2323,
      "timePlayed": 2160,
      "totalHeal": 603,
      "totalUnitsHealed": 1,
      "assists": 14,
      "item0": 3069,
      "item1": 2049,
      "item2": 3271,
      "item3": 3050,
      "item4": 3105,
      "item6": 3341,
      "sightWardsBought": 2,
      "visionWardsBought": 3,
      "magicDamageDealtToChampions": 5933,
      "physicalDamageDealtToChampions": 879,
      "totalDamageDealtToChampions": 6813,
      "trueDamageTaken": 538,
      "wardKilled": 5,
      "wardPlaced": 26,
      "totalTimeCrowdControlDealt": 120
    }
  },
  "42318622": {
    "gameId": 818162103,
    "invalid": false,
    "gameMode": "CLASSIC",
    "gameType": "MATCHED_GAME",
    "subType": "RANKED_SOLO_5x5",
    "mapId": 1,
    "teamId": 200,
    "championId": 62,
    "spell1": 4,
    "spell2": 14,
    "level": 30,
    "ipEarned": 67,
    "createDate": 1398243530870,
    "fellowPlayers": [
      {
        "summonerId": 26921236,
        "teamId": 200,
        "championId": 121
      },
      {
        "summonerId": 31697314,
        "teamId": 200,
        "championId": 104
      },
      {
        "summonerId": 20041326,
        "teamId": 200,
        "championId": 56
      },
      {
        "summonerId": 38804054,
        "teamId": 100,
        "championId": 238
      },
      {
        "summonerId": 30225352,
        "teamId": 100,
        "championId": 68
      },
      {
        "summonerId": 33529840,
        "teamId": 100,
        "championId": 15
      },
      {
        "summonerId": 19093077,
        "teamId": 200,
        "championId": 89
      },
      {
        "summonerId": 38099843,
        "teamId": 100,
        "championId": 412
      },
      {
        "summonerId": 25198140,
        "teamId": 100,
        "championId": 113
      }
    ],
    "stats": {
      "level": 16,
      "goldEarned": 10603,
      "numDeaths": 6,
      "turretsKilled": 1,
      "minionsKilled": 224,
      "championsKilled": 2,
      "goldSpent": 8787,
      "totalDamageDealt": 119211,
      "totalDamageTaken": 22149,
      "team": 200,
      "win": false,
      "neutralMinionsKilled": 11,
      "largestMultiKill": 1,
      "physicalDamageDealtPlayer": 115951,
      "magicDamageDealtPlayer": 1684,
      "physicalDamageTaken": 8888,
      "magicDamageTaken": 12780,
      "timePlayed": 2160,
      "totalHeal": 1551,
      "totalUnitsHealed": 1,
      "assists": 1,
      "item0": 3074,
      "item1": 3134,
      "item2": 3111,
      "item3": 1055,
      "item4": 3035,
      "item6": 3340,
      "magicDamageDealtToChampions": 304,
      "physicalDamageDealtToChampions": 12989,
      "totalDamageDealtToChampions": 14665,
      "trueDamageDealtPlayer": 1576,
      "trueDamageDealtToChampions": 1372,
      "trueDamageTaken": 480,
      "wardPlaced": 9,
      "neutralMinionsKilledEnemyJungle": 4,
      "neutralMinionsKilledYourJungle": 7,
      "totalTimeCrowdControlDealt": 80
    }
  },
  "19093077": {
    "gameId": 818162103,
    "invalid": false,
    "gameMode": "CLASSIC",
    "gameType": "MATCHED_GAME",
    "subType": "RANKED_SOLO_5x5",
    "mapId": 1,
    "teamId": 200,
    "championId": 89,
    "spell1": 4,
    "spell2": 7,
    "level": 30,
    "ipEarned": 67,
    "createDate": 1398243530871,
    "fellowPlayers": [
      {
        "summonerId": 26921236,
        "teamId": 200,
        "championId": 121
      },
      {
        "summonerId": 31697314,
        "teamId": 200,
        "championId": 104
      },
      {
        "summonerId": 42318622,
        "teamId": 200,
        "championId": 62
      },
      {
        "summonerId": 20041326,
        "teamId": 200,
        "championId": 56
      },
      {
        "summonerId": 38804054,
        "teamId": 100,
        "championId": 238
      },
      {
        "summonerId": 30225352,
        "teamId": 100,
        "championId": 68
      },
      {
        "summonerId": 33529840,
        "teamId": 100,
        "championId": 15
      },
      {
        "summonerId": 38099843,
        "teamId": 100,
        "championId": 412
      },
      {
        "summonerId": 25198140,
        "teamId": 100,
        "championId": 113
      }
    ],
    "stats": {
      "level": 14,
      "goldEarned": 7392,
      "numDeaths": 5,
      "minionsKilled": 43,
      "goldSpent": 6850,
      "totalDamageDealt": 25625,
      "totalDamageTaken": 26520,
      "team": 200,
      "win": false,
      "physicalDamageDealtPlayer": 6374,
      "magicDamageDealtPlayer": 13588,
      "physicalDamageTaken": 13972,
      "magicDamageTaken": 12319,
      "timePlayed": 2160,
      "totalHeal": 4272,
      "totalUnitsHealed": 5,
      "assists": 7,
      "item0": 3401,
      "item1": 2045,
      "item2": 1011,
      "item3": 3117,
      "item4": 1031,
      "item6": 3341,
      "sightWardsBought": 1,
      "magicDamageDealtToChampions": 6220,
      "physicalDamageDealtToChampions": 1895,
      "totalDamageDealtToChampions": 8116,
      "trueDamageDealtPlayer": 5663,
      "trueDamageTaken": 228,
      "wardKilled": 5,
      "wardPlaced": 24,
      "totalTimeCrowdControlDealt": 39
    }
  }
}