{
  "30752823": {
    "gameId": 824851383,
    "invalid": false,
    "gameMode": "CLASSIC",
    "gameType": "MATCHED_GAME",
    "subType": "CAP_5x5",
    "mapId": 1,
    "teamId": 100,
    "championId": 67,
    "spell1": 4,
    "spell2": 7,
    "level": 30,
    "ipEarned": 76,
    "createDate": 1399030488500,
    "fellowPlayers": [
      {
        "summonerId": 43473605,
        "teamId": 100,
        "championId": 412
      },
      {
        "summonerId": 30913874,
        "teamId": 100,
        "championId": 107
      },
      {
        "summonerId": 36113280,
        "teamId": 100,
        "championId": 19
      },
      {
        "summonerId": 19376027,
        "teamId": 200,
        "championId": 161
      },
      {
        "summonerId": 26897446,
        "teamId": 200,
        "championId": 43
      },
      {
        "summonerId": 24235404,
        "teamId": 200,
        "championId": 254
      },
      {
        "summonerId": 41187130,
        "teamId": 200,
        "championId": 222
      },
      {
        "summonerId": 30759864,
        "teamId": 100,
        "championId": 1
      },
      {
        "summonerId": 33093629,
        "teamId": 200,
        "championId": 39
      }
    ],
    "stats": {
      "level": 11,
      "goldEarned": 7365,
      "numDeaths": 1,
      "turretsKilled": 4,
      "minionsKilled": 106,
      "championsKilled": 5,
      "goldSpent": 5365,
      "totalDamageDealt": 61079,
      "totalDamageTaken": 8311,
      "killingSprees": 1,
      "largestKillingSpree": 4,
      "team": 100,
      "win": true,
      "largestMultiKill": 1,
      "physicalDamageDealtPlayer": 57227,
      "physicalDamageTaken": 5660,
      "magicDamageTaken": 2111,
      "largestCriticalStrike": 312,
      "timePlayed": 1047,
      "totalHeal": 1357,
      "totalUnitsHealed": 2,
      "item0": 1055,
      "item1": 3153,
      "item2": 1038,
      "item6": 3340,
      "physicalDamageDealtToChampions": 5617,
      "totalDamageDealtToChampions": 6540,
      "trueDamageDealtPlayer": 3851,
      "trueDamageDealtToChampions": 923,
      "trueDamageTaken": 540,
      "wardPlaced": 1,
      "totalTimeCrowdControlDealt": 12
    }
  },
  "summonerCount": 10,
  "33093629": {
    "gameId": 824851383,
    "invalid": false,
    "gameMode": "CLASSIC",
    "gameType": "MATCHED_GAME",
    "subType": "CAP_5x5",
    "mapId": 1,
    "teamId": 200,
    "championId": 39,
    "spell1": 4,
    "spell2": 12,
    "level": 30,
    "ipEarned": 0,
    "createDate": 1399030488505,
    "fellowPlayers": [
      {
        "summonerId": 43473605,
        "teamId": 100,
        "championId": 412
      },
      {
        "summonerId": 30913874,
        "teamId": 100,
        "championId": 107
      },
      {
        "summonerId": 36113280,
        "teamId": 100,
        "championId": 19
      },
      {
        "summonerId": 19376027,
        "teamId": 200,
        "championId": 161
      },
      {
        "summonerId": 26897446,
        "teamId": 200,
        "championId": 43
      },
      {
        "summonerId": 30752823,
        "teamId": 100,
        "championId": 67
      },
      {
        "summonerId": 24235404,
        "teamId": 200,
        "championId": 254
      },
      {
        "summonerId": 41187130,
        "teamId": 200,
        "championId": 222
      },
      {
        "summonerId": 30759864,
        "teamId": 100,
        "championId": 1
      }
    ],
    "stats": {
      "level": 8,
      "goldEarned": 3027,
      "numDeaths": 4,
      "minionsKilled": 39,
      "goldSpent": 1675,
      "totalDamageDealt": 10936,
      "totalDamageTaken": 8722,
      "team": 200,
      "win": false,
      "physicalDamageDealtPlayer": 9483,
      "magicDamageDealtPlayer": 702,
      "physicalDamageTaken": 7643,
      "magicDamageTaken": 881,
      "timePlayed": 1047,
      "totalHeal": 1885,
      "totalUnitsHealed": 1,
      "item0": 1054,
      "item1": 1001,
      "item2": 1028,
      "item3": 1055,
      "item6": 3340,
      "magicDamageDealtToChampions": 541,
      "physicalDamageDealtToChampions": 2231,
      "totalDamageDealtToChampions": 3268,
      "trueDamageDealtPlayer": 750,
      "trueDamageDealtToChampions": 495,
      "trueDamageTaken": 198,
      "wardPlaced": 1,
      "totalTimeCrowdControlDealt": 20
    }
  },
  "30759864": {
    "gameId": 824851383,
    "invalid": false,
    "gameMode": "CLASSIC",
    "gameType": "MATCHED_GAME",
    "subType": "CAP_5x5",
    "mapId": 1,
    "teamId": 100,
    "championId": 1,
    "spell1": 4,
    "spell2": 14,
    "level": 30,
    "ipEarned": 76,
    "createDate": 1399030488501,
    "fellowPlayers": [
      {
        "summonerId": 43473605,
        "teamId": 100,
        "championId": 412
      },
      {
        "summonerId": 30913874,
        "teamId": 100,
        "championId": 107
      },
      {
        "summonerId": 36113280,
        "teamId": 100,
        "championId": 19
      },
      {
        "summonerId": 19376027,
        "teamId": 200,
        "championId": 161
      },
      {
        "summonerId": 26897446,
        "teamId": 200,
        "championId": 43
      },
      {
        "summonerId": 30752823,
        "teamId": 100,
        "championId": 67
      },
      {
        "summonerId": 24235404,
        "teamId": 200,
        "championId": 254
      },
      {
        "summonerId": 41187130,
        "teamId": 200,
        "championId": 222
      },
      {
        "summonerId": 33093629,
        "teamId": 200,
        "championId": 39
      }
    ],
    "stats": {
      "level": 11,
      "goldEarned": 5321,
      "numDeaths": 1,
      "barracksKilled": 1,
      "minionsKilled": 63,
      "goldSpent": 4750,
      "totalDamageDealt": 36268,
      "totalDamageTaken": 5276,
      "team": 100,
      "win": true,
      "neutralMinionsKilled": 3,
      "physicalDamageDealtPlayer": 9647,
      "magicDamageDealtPlayer": 26544,
      "physicalDamageTaken": 695,
      "magicDamageTaken": 3781,
      "timePlayed": 1047,
      "totalHeal": 99,
      "totalUnitsHealed": 1,
      "assists": 3,
      "item0": 3128,
      "item1": 2003,
      "item2": 2004,
      "item3": 1001,
      "item4": 1028,
      "item5": 1056,
      "item6": 3340,
      "magicDamageDealtToChampions": 1967,
      "physicalDamageDealtToChampions": 310,
      "totalDamageDealtToChampions": 2353,
      "trueDamageDealtPlayer": 76,
      "trueDamageDealtToChampions": 76,
      "trueDamageTaken": 799,
      "wardPlaced": 3,
      "neutralMinionsKilledYourJungle": 3,
      "totalTimeCrowdControlDealt": 72
    }
  },
  "30913874": {
    "gameId": 824851383,
    "invalid": false,
    "gameMode": "CLASSIC",
    "gameType": "MATCHED_GAME",
    "subType": "CAP_5x5",
    "mapId": 1,
    "teamId": 100,
    "championId": 107,
    "spell1": 6,
    "spell2": 14,
    "level": 30,
    "ipEarned": 76,
    "createDate": 1399030488504,
    "fellowPlayers": [
      {
        "summonerId": 43473605,
        "teamId": 100,
        "championId": 412
      },
      {
        "summonerId": 36113280,
        "teamId": 100,
        "championId": 19
      },
      {
        "summonerId": 19376027,
        "teamId": 200,
        "championId": 161
      },
      {
        "summonerId": 26897446,
        "teamId": 200,
        "championId": 43
      },
      {
        "summonerId": 30752823,
        "teamId": 100,
        "championId": 67
      },
      {
        "summonerId": 24235404,
        "teamId": 200,
        "championId": 254
      },
      {
        "summonerId": 41187130,
        "teamId": 200,
        "championId": 222
      },
      {
        "summonerId": 30759864,
        "teamId": 100,
        "championId": 1
      },
      {
        "summonerId": 33093629,
        "teamId": 200,
        "championId": 39
      }
    ],
    "stats": {
      "level": 13,
      "goldEarned": 8293,
      "numDeaths": 1,
      "barracksKilled": 1,
      "turretsKilled": 3,
      "minionsKilled": 118,
      "championsKilled": 8,
      "goldSpent": 7175,
      "totalDamageDealt": 71905,
      "totalDamageTaken": 13184,
      "killingSprees": 1,
      "largestKillingSpree": 8,
      "team": 100,
      "win": true,
      "neutralMinionsKilled": 5,
      "largestMultiKill": 1,
      "physicalDamageDealtPlayer": 55273,
      "magicDamageDealtPlayer": 16433,
      "physicalDamageTaken": 8122,
      "magicDamageTaken": 3615,
      "timePlayed": 1047,
      "totalHeal": 6048,
      "totalUnitsHealed": 1,
      "assists": 1,
      "item0": 3153,
      "item1": 3158,
      "item2": 1054,
      "item3": 3087,
      "item6": 3168,
      "magicDamageDealtToChampions": 1422,
      "physicalDamageDealtToChampions": 8241,
      "totalDamageDealtToChampions": 9861,
      "trueDamageDealtPlayer": 198,
      "trueDamageDealtToChampions": 198,
      "trueDamageTaken": 1447,
      "wardPlaced": 4,
      "neutralMinionsKilledEnemyJungle": 5,
      "totalTimeCrowdControlDealt": 133
    }
  },
  "43473605": {
    "gameId": 824851383,
    "invalid": false,
    "gameMode": "CLASSIC",
    "gameType": "MATCHED_GAME",
    "subType": "CAP_5x5",
    "mapId": 1,
    "teamId": 100,
    "championId": 412,
    "spell1": 3,
    "spell2": 4,
    "level": 30,
    "ipEarned": 76,
    "createDate": 1399030488502,
    "fellowPlayers": [
      {
        "summonerId": 30913874,
        "teamId": 100,
        "championId": 107
      },
      {
        "summonerId": 36113280,
        "teamId": 100,
        "championId": 19
      },
      {
        "summonerId": 19376027,
        "teamId": 200,
        "championId": 161
      },
      {
        "summonerId": 26897446,
        "teamId": 200,
        "championId": 43
      },
      {
        "summonerId": 30752823,
        "teamId": 100,
        "championId": 67
      },
      {
        "summonerId": 24235404,
        "teamId": 200,
        "championId": 254
      },
      {
        "summonerId": 41187130,
        "teamId": 200,
        "championId": 222
      },
      {
        "summonerId": 30759864,
        "teamId": 100,
        "championId": 1
      },
      {
        "summonerId": 33093629,
        "teamId": 200,
        "championId": 39
      }
    ],
    "stats": {
      "level": 11,
      "goldEarned": 5445,
      "minionsKilled": 10,
      "goldSpent": 3560,
      "totalDamageDealt": 7907,
      "totalDamageTaken": 4098,
      "team": 100,
      "win": true,
      "physicalDamageDealtPlayer": 4277,
      "magicDamageDealtPlayer": 3629,
      "physicalDamageTaken": 2884,
      "magicDamageTaken": 1079,
      "timePlayed": 1047,
      "totalHeal": 515,
      "totalUnitsHealed": 3,
      "assists": 7,
      "item0": 3401,
      "item1": 2004,
      "item2": 1001,
      "item3": 2044,
      "item4": 2043,
      "item5": 2010,
      "item6": 3340,
      "sightWardsBought": 6,
      "visionWardsBought": 2,
      "magicDamageDealtToChampions": 2133,
      "physicalDamageDealtToChampions": 676,
      "totalDamageDealtToChampions": 2809,
      "trueDamageTaken": 135,
      "wardPlaced": 6,
      "totalTimeCrowdControlDealt": 51
    }
  },
  "24235404": {
    "gameId": 824851383,
    "invalid": false,
    "gameMode": "CLASSIC",
    "gameType": "MATCHED_GAME",
    "subType": "CAP_5x5",
    "mapId": 1,
    "teamId": 200,
    "championId": 254,
    "spell1": 11,
    "spell2": 6,
    "level": 30,
    "ipEarned": 51,
    "createDate": 1399030488510,
    "fellowPlayers": [
      {
        "summonerId": 43473605,
        "teamId": 100,
        "championId": 412
      },
      {
        "summonerId": 30913874,
        "teamId": 100,
        "championId": 107
      },
      {
        "summonerId": 36113280,
        "teamId": 100,
        "championId": 19
      },
      {
        "summonerId": 19376027,
        "teamId": 200,
        "championId": 161
      },
      {
        "summonerId": 26897446,
        "teamId": 200,
        "championId": 43
      },
      {
        "summonerId": 30752823,
        "teamId": 100,
        "championId": 67
      },
      {
        "summonerId": 41187130,
        "teamId": 200,
        "championId": 222
      },
      {
        "summonerId": 30759864,
        "teamId": 100,
        "championId": 1
      },
      {
        "summonerId": 33093629,
        "teamId": 200,
        "championId": 39
      }
    ],
    "stats": {
      "level": 7,
      "goldEarned": 2995,
      "numDeaths": 2,
      "minionsKilled": 3,
      "goldSpent": 2715,
      "totalDamageDealt": 23145,
      "totalDamageTaken": 5696,
      "team": 200,
      "win": false,
      "neutralMinionsKilled": 24,
      "physicalDamageDealtPlayer": 20633,
      "magicDamageDealtPlayer": 801,
      "physicalDamageTaken": 4990,
      "magicDamageTaken": 554,
      "timePlayed": 1047,
      "totalHeal": 822,
      "totalUnitsHealed": 1,
      "assists": 1,
      "item0": 1080,
      "item1": 2003,
      "item2": 3117,
      "item3": 1028,
      "item4": 1036,
      "physicalDamageDealtToChampions": 2340,
      "totalDamageDealtToChampions": 2340,
      "trueDamageDealtPlayer": 1710,
      "trueDamageTaken": 150,
      "neutralMinionsKilledYourJungle": 24,
      "totalTimeCrowdControlDealt": 7
    }
  },
  "19376027": {
    "gameId": 824851383,
    "invalid": false,
    "gameMode": "CLASSIC",
    "gameType": "MATCHED_GAME",
    "subType": "CAP_5x5",
    "mapId": 1,
    "teamId": 200,
    "championId": 161,
    "spell1": 14,
    "spell2": 4,
    "level": 30,
    "ipEarned": 51,
    "createDate": 1399030488507,
    "fellowPlayers": [
      {
        "summonerId": 43473605,
        "teamId": 100,
        "championId": 412
      },
      {
        "summonerId": 30913874,
        "teamId": 100,
        "championId": 107
      },
      {
        "summonerId": 36113280,
        "teamId": 100,
        "championId": 19
      },
      {
        "summonerId": 26897446,
        "teamId": 200,
        "championId": 43
      },
      {
        "summonerId": 30752823,
        "teamId": 100,
        "championId": 67
      },
      {
        "summonerId": 24235404,
        "teamId": 200,
        "championId": 254
      },
      {
        "summonerId": 41187130,
        "teamId": 200,
        "championId": 222
      },
      {
        "summonerId": 30759864,
        "teamId": 100,
        "championId": 1
      },
      {
        "summonerId": 33093629,
        "teamId": 200,
        "championId": 39
      }
    ],
    "stats": {
      "level": 11,
      "goldEarned": 5403,
      "numDeaths": 4,
      "minionsKilled": 79,
      "championsKilled": 4,
      "goldSpent": 4530,
      "totalDamageDealt": 54092,
      "totalDamageTaken": 9894,
      "killingSprees": 1,
      "largestKillingSpree": 2,
      "team": 200,
      "win": false,
      "neutralMinionsKilled": 3,
      "largestMultiKill": 1,
      "physicalDamageDealtPlayer": 10257,
      "magicDamageDealtPlayer": 38271,
      "physicalDamageTaken": 5680,
      "magicDamageTaken": 3643,
      "timePlayed": 1047,
      "totalHeal": 79,
      "totalUnitsHealed": 1,
      "item0": 1056,
      "item1": 1056,
      "item2": 1058,
      "item3": 1001,
      "item4": 3028,
      "item5": 3108,
      "item6": 3340,
      "magicDamageDealtToChampions": 10816,
      "physicalDamageDealtToChampions": 614,
      "totalDamageDealtToChampions": 14132,
      "trueDamageDealtPlayer": 5563,
      "trueDamageDealtToChampions": 2701,
      "trueDamageTaken": 571,
      "wardPlaced": 2,
      "neutralMinionsKilledYourJungle": 3,
      "totalTimeCrowdControlDealt": 259
    }
  },
  "41187130": {
    "gameId": 824851383,
    "invalid": false,
    "gameMode": "CLASSIC",
    "gameType": "MATCHED_GAME",
    "subType": "CAP_5x5",
    "mapId": 1,
    "teamId": 200,
    "championId": 222,
    "spell1": 14,
    "spell2": 4,
    "level": 30,
    "ipEarned": 51,
    "createDate": 1399030488508,
    "fellowPlayers": [
      {
        "summonerId": 43473605,
        "teamId": 100,
        "championId": 412
      },
      {
        "summonerId": 30913874,
        "teamId": 100,
        "championId": 107
      },
      {
        "summonerId": 36113280,
        "teamId": 100,
        "championId": 19
      },
      {
        "summonerId": 19376027,
        "teamId": 200,
        "championId": 161
      },
      {
        "summonerId": 26897446,
        "teamId": 200,
        "championId": 43
      },
      {
        "summonerId": 30752823,
        "teamId": 100,
        "championId": 67
      },
      {
        "summonerId": 24235404,
        "teamId": 200,
        "championId": 254
      },
      {
        "summonerId": 30759864,
        "teamId": 100,
        "championId": 1
      },
      {
        "summonerId": 33093629,
        "teamId": 200,
        "championId": 39
      }
    ],
    "stats": {
      "level": 7,
      "goldEarned": 2942,
      "numDeaths": 5,
      "minionsKilled": 18,
      "goldSpent": 2590,
      "totalDamageDealt": 12599,
      "totalDamageTaken": 5520,
      "team": 200,
      "win": false,
      "physicalDamageDealtPlayer": 11916,
      "magicDamageDealtPlayer": 683,
      "physicalDamageTaken": 4099,
      "magicDamageTaken": 1121,
      "largestCriticalStrike": 198,
      "timePlayed": 1047,
      "totalHeal": 120,
      "totalUnitsHealed": 1,
      "assists": 1,
      "item0": 1055,
      "item1": 3086,
      "item2": 3093,
      "item5": 2003,
      "item6": 3340,
      "magicDamageDealtToChampions": 185,
      "physicalDamageDealtToChampions": 1929,
      "totalDamageDealtToChampions": 2114,
      "trueDamageTaken": 298,
      "wardPlaced": 2,
      "totalTimeCrowdControlDealt": 25
    }
  },
  "36113280": {
    "gameId": 824851383,
    "invalid": false,
    "gameMode": "CLASSIC",
    "gameType": "MATCHED_GAME",
    "subType": "CAP_5x5",
    "mapId": 1,
    "teamId": 100,
    "championId": 19,
    "spell1": 4,
    "spell2": 11,
    "level": 30,
    "ipEarned": 226,
    "createDate": 1399030488503,
    "fellowPlayers": [
      {
        "summonerId": 43473605,
        "teamId": 100,
        "championId": 412
      },
      {
        "summonerId": 30913874,
        "teamId": 100,
        "championId": 107
      },
      {
        "summonerId": 19376027,
        "teamId": 200,
        "championId": 161
      },
      {
        "summonerId": 26897446,
        "teamId": 200,
        "championId": 43
      },
      {
        "summonerId": 30752823,
        "teamId": 100,
        "championId": 67
      },
      {
        "summonerId": 24235404,
        "teamId": 200,
        "championId": 254
      },
      {
        "summonerId": 41187130,
        "teamId": 200,
        "championId": 222
      },
      {
        "summonerId": 30759864,
        "teamId": 100,
        "championId": 1
      },
      {
        "summonerId": 33093629,
        "teamId": 200,
        "championId": 39
      }
    ],
    "stats": {
      "level": 11,
      "goldEarned": 6451,
      "numDeaths": 1,
      "championsKilled": 2,
      "goldSpent": 1975,
      "totalDamageDealt": 84741,
      "totalDamageTaken": 13504,
      "killingSprees": 1,
      "largestKillingSpree": 2,
      "team": 100,
      "win": true,
      "neutralMinionsKilled": 72,
      "largestMultiKill": 1,
      "physicalDamageDealtPlayer": 36027,
      "magicDamageDealtPlayer": 41530,
      "physicalDamageTaken": 11927,
      "magicDamageTaken": 957,
      "timePlayed": 1047,
      "totalHeal": 10209,
      "totalUnitsHealed": 1,
      "item0": 3154,
      "item6": 3341,
      "magicDamageDealtToChampions": 678,
      "totalDamageDealtToChampions": 700,
      "trueDamageDealtPlayer": 7184,
      "trueDamageDealtToChampions": 22,
      "trueDamageTaken": 620,
      "wardPlaced": 2,
      "neutralMinionsKilledEnemyJungle": 22,
      "neutralMinionsKilledYourJungle": 50,
      "totalTimeCrowdControlDealt": 567
    }
  },
  "26897446": {
    "gameId": 824851383,
    "invalid": false,
    "gameMode": "CLASSIC",
    "gameType": "MATCHED_GAME",
    "subType": "CAP_5x5",
    "mapId": 1,
    "teamId": 200,
    "championId": 43,
    "spell1": 4,
    "spell2": 7,
    "level": 30,
    "ipEarned": 0,
    "createDate": 1399030488509,
    "fellowPlayers": [
      {
        "summonerId": 43473605,
        "teamId": 100,
        "championId": 412
      },
      {
        "summonerId": 30913874,
        "teamId": 100,
        "championId": 107
      },
      {
        "summonerId": 36113280,
        "teamId": 100,
        "championId": 19
      },
      {
        "summonerId": 19376027,
        "teamId": 200,
        "championId": 161
      },
      {
        "summonerId": 30752823,
        "teamId": 100,
        "championId": 67
      },
      {
        "summonerId": 24235404,
        "teamId": 200,
        "championId": 254
      },
      {
        "summonerId": 41187130,
        "teamId": 200,
        "championId": 222
      },
      {
        "summonerId": 30759864,
        "teamId": 100,
        "championId": 1
      },
      {
        "summonerId": 33093629,
        "teamId": 200,
        "championId": 39
      }
    ],
    "stats": {
      "level": 2,
      "goldEarned": 2477,
      "team": 200,
      "win": false,
      "timePlayed": 1047
    }
  }
}