{
  "25475015": {
    "gameId": 824851402,
    "invalid": false,
    "gameMode": "CLASSIC",
    "gameType": "MATCHED_GAME",
    "subType": "CAP_5x5",
    "mapId": 1,
    "teamId": 200,
    "championId": 117,
    "spell1": 4,
    "spell2": 14,
    "level": 30,
    "ipEarned": 62,
    "createDate": 1399031813956,
    "fellowPlayers": [
      {
        "summonerId": 24268616,
        "teamId": 100,
        "championId": 19
      },
      {
        "summonerId": 33998354,
        "teamId": 100,
        "championId": 75
      },
      {
        "summonerId": 26573731,
        "teamId": 100,
        "championId": 117
      },
      {
        "summonerId": 31735940,
        "teamId": 100,
        "championId": 131
      },
      {
        "summonerId": 25334211,
        "teamId": 100,
        "championId": 119
      },
      {
        "summonerId": 31229864,
        "teamId": 200,
        "championId": 23
      },
      {
        "summonerId": 19096663,
        "teamId": 200,
        "championId": 17
      },
      {
        "summonerId": 19739410,
        "teamId": 200,
        "championId": 412
      },
      {
        "summonerId": 31463463,
        "teamId": 200,
        "championId": 24
      }
    ],
    "stats": {
      "level": 16,
      "goldEarned": 11312,
      "numDeaths": 9,
      "minionsKilled": 111,
      "championsKilled": 6,
      "goldSpent": 11240,
      "totalDamageDealt": 70582,
      "totalDamageTaken": 25849,
      "killingSprees": 2,
      "largestKillingSpree": 2,
      "team": 200,
      "win": false,
      "neutralMinionsKilled": 1,
      "largestMultiKill": 1,
      "physicalDamageDealtPlayer": 16725,
      "magicDamageDealtPlayer": 52545,
      "physicalDamageTaken": 11087,
      "magicDamageTaken": 14026,
      "timePlayed": 2035,
      "totalHeal": 394,
      "totalUnitsHealed": 1,
      "assists": 8,
      "item0": 3092,
      "item1": 3135,
      "item2": 3020,
      "item3": 3174,
      "item4": 1052,
      "item5": 1058,
      "item6": 3340,
      "magicDamageDealtToChampions": 19474,
      "physicalDamageDealtToChampions": 1900,
      "totalDamageDealtToChampions": 22311,
      "trueDamageDealtPlayer": 1312,
      "trueDamageDealtToChampions": 936,
      "trueDamageTaken": 735,
      "wardPlaced": 7,
      "neutralMinionsKilledYourJungle": 1,
      "totalTimeCrowdControlDealt": 446
    }
  },
  "summonerCount": 10,
  "24268616": {
    "gameId": 824851402,
    "invalid": false,
    "gameMode": "CLASSIC",
    "gameType": "MATCHED_GAME",
    "subType": "CAP_5x5",
    "mapId": 1,
    "teamId": 100,
    "championId": 19,
    "spell1": 11,
    "spell2": 4,
    "level": 30,
    "ipEarned": 94,
    "createDate": 1399031813951,
    "fellowPlayers": [
      {
        "summonerId": 33998354,
        "teamId": 100,
        "championId": 75
      },
      {
        "summonerId": 26573731,
        "teamId": 100,
        "championId": 117
      },
      {
        "summonerId": 31735940,
        "teamId": 100,
        "championId": 131
      },
      {
        "summonerId": 25475015,
        "teamId": 200,
        "championId": 117
      },
      {
        "summonerId": 25334211,
        "teamId": 100,
        "championId": 119
      },
      {
        "summonerId": 31229864,
        "teamId": 200,
        "championId": 23
      },
      {
        "summonerId": 19096663,
        "teamId": 200,
        "championId": 17
      },
      {
        "summonerId": 19739410,
        "teamId": 200,
        "championId": 412
      },
      {
        "summonerId": 31463463,
        "teamId": 200,
        "championId": 24
      }
    ],
    "stats": {
      "level": 17,
      "goldEarned": 13427,
      "numDeaths": 5,
      "barracksKilled": 1,
      "turretsKilled": 1,
      "minionsKilled": 21,
      "championsKilled": 6,
      "goldSpent": 11050,
      "totalDamageDealt": 170512,
      "totalDamageTaken": 35375,
      "killingSprees": 2,
      "largestKillingSpree": 3,
      "team": 100,
      "win": true,
      "neutralMinionsKilled": 94,
      "largestMultiKill": 1,
      "physicalDamageDealtPlayer": 83496,
      "magicDamageDealtPlayer": 75410,
      "physicalDamageTaken": 24630,
      "magicDamageTaken": 9868,
      "timePlayed": 2035,
      "totalHeal": 17873,
      "totalUnitsHealed": 1,
      "assists": 17,
      "item0": 3160,
      "item1": 3153,
      "item2": 3091,
      "item3": 3260,
      "item4": 3082,
      "item5": 1011,
      "item6": 3340,
      "magicDamageDealtToChampions": 10623,
      "physicalDamageDealtToChampions": 6309,
      "totalDamageDealtToChampions": 17021,
      "trueDamageDealtPlayer": 11604,
      "trueDamageDealtToChampions": 88,
      "trueDamageTaken": 876,
      "wardPlaced": 5,
      "neutralMinionsKilledEnemyJungle": 11,
      "neutralMinionsKilledYourJungle": 83,
      "totalTimeCrowdControlDealt": 537
    }
  },
  "19739410": {
    "gameId": 824851402,
    "invalid": false,
    "gameMode": "CLASSIC",
    "gameType": "MATCHED_GAME",
    "subType": "CAP_5x5",
    "mapId": 1,
    "teamId": 200,
    "championId": 412,
    "spell1": 14,
    "spell2": 4,
    "level": 30,
    "ipEarned": 62,
    "createDate": 1399031813954,
    "fellowPlayers": [
      {
        "summonerId": 24268616,
        "teamId": 100,
        "championId": 19
      },
      {
        "summonerId": 33998354,
        "teamId": 100,
        "championId": 75
      },
      {
        "summonerId": 26573731,
        "teamId": 100,
        "championId": 117
      },
      {
        "summonerId": 31735940,
        "teamId": 100,
        "championId": 131
      },
      {
        "summonerId": 25475015,
        "teamId": 200,
        "championId": 117
      },
      {
        "summonerId": 25334211,
        "teamId": 100,
        "championId": 119
      },
      {
        "summonerId": 31229864,
        "teamId": 200,
        "championId": 23
      },
      {
        "summonerId": 19096663,
        "teamId": 200,
        "championId": 17
      },
      {
        "summonerId": 31463463,
        "teamId": 200,
        "championId": 24
      }
    ],
    "stats": {
      "level": 15,
      "goldEarned": 10572,
      "numDeaths": 5,
      "turretsKilled": 1,
      "minionsKilled": 63,
      "championsKilled": 6,
      "goldSpent": 10485,
      "totalDamageDealt": 34256,
      "totalDamageTaken": 28411,
      "doubleKills": 1,
      "killingSprees": 1,
      "largestKillingSpree": 4,
      "team": 200,
      "win": false,
      "largestMultiKill": 2,
      "physicalDamageDealtPlayer": 8397,
      "magicDamageDealtPlayer": 24094,
      "physicalDamageTaken": 16594,
      "magicDamageTaken": 11752,
      "timePlayed": 2035,
      "totalHeal": 3549,
      "totalUnitsHealed": 4,
      "assists": 10,
      "item0": 3075,
      "item1": 3222,
      "item2": 2045,
      "item3": 3190,
      "item4": 3270,
      "item6": 3340,
      "sightWardsBought": 1,
      "magicDamageDealtToChampions": 10416,
      "physicalDamageDealtToChampions": 1913,
      "totalDamageDealtToChampions": 14022,
      "trueDamageDealtPlayer": 1764,
      "trueDamageDealtToChampions": 1692,
      "trueDamageTaken": 64,
      "wardPlaced": 8,
      "totalTimeCrowdControlDealt": 183
    }
  },
  "25334211": {
    "gameId": 824851402,
    "invalid": false,
    "gameMode": "CLASSIC",
    "gameType": "MATCHED_GAME",
    "subType": "CAP_5x5",
    "mapId": 1,
    "teamId": 100,
    "championId": 119,
    "spell1": 7,
    "spell2": 4,
    "level": 30,
    "ipEarned": 94,
    "createDate": 1399031813952,
    "fellowPlayers": [
      {
        "summonerId": 24268616,
        "teamId": 100,
        "championId": 19
      },
      {
        "summonerId": 33998354,
        "teamId": 100,
        "championId": 75
      },
      {
        "summonerId": 26573731,
        "teamId": 100,
        "championId": 117
      },
      {
        "summonerId": 31735940,
        "teamId": 100,
        "championId": 131
      },
      {
        "summonerId": 25475015,
        "teamId": 200,
        "championId": 117
      },
      {
        "summonerId": 31229864,
        "teamId": 200,
        "championId": 23
      },
      {
        "summonerId": 19096663,
        "teamId": 200,
        "championId": 17
      },
      {
        "summonerId": 19739410,
        "teamId": 200,
        "championId": 412
      },
      {
        "summonerId": 31463463,
        "teamId": 200,
        "championId": 24
      }
    ],
    "stats": {
      "level": 17,
      "goldEarned": 16703,
      "numDeaths": 2,
      "barracksKilled": 1,
      "turretsKilled": 2,
      "minionsKilled": 179,
      "championsKilled": 14,
      "goldSpent": 13925,
      "totalDamageDealt": 158698,
      "totalDamageTaken": 19706,
      "doubleKills": 1,
      "killingSprees": 2,
      "largestKillingSpree": 11,
      "team": 100,
      "win": true,
      "neutralMinionsKilled": 21,
      "largestMultiKill": 2,
      "physicalDamageDealtPlayer": 157256,
      "magicDamageDealtPlayer": 180,
      "physicalDamageTaken": 11720,
      "magicDamageTaken": 7816,
      "largestCriticalStrike": 947,
      "timePlayed": 2035,
      "totalHeal": 2443,
      "totalUnitsHealed": 2,
      "assists": 8,
      "item0": 1055,
      "item1": 3072,
      "item2": 3006,
      "item3": 3046,
      "item4": 3031,
      "item5": 3026,
      "item6": 3340,
      "magicDamageDealtToChampions": 75,
      "physicalDamageDealtToChampions": 26226,
      "totalDamageDealtToChampions": 27009,
      "trueDamageDealtPlayer": 1261,
      "trueDamageDealtToChampions": 707,
      "trueDamageTaken": 170,
      "wardKilled": 1,
      "wardPlaced": 2,
      "neutralMinionsKilledEnemyJungle": 5,
      "neutralMinionsKilledYourJungle": 16,
      "totalTimeCrowdControlDealt": 478
    }
  },
  "26573731": {
    "gameId": 824851402,
    "invalid": false,
    "gameMode": "CLASSIC",
    "gameType": "MATCHED_GAME",
    "subType": "CAP_5x5",
    "mapId": 1,
    "teamId": 100,
    "championId": 117,
    "spell1": 7,
    "spell2": 4,
    "level": 30,
    "ipEarned": 94,
    "createDate": 1399031813879,
    "fellowPlayers": [
      {
        "summonerId": 24268616,
        "teamId": 100,
        "championId": 19
      },
      {
        "summonerId": 33998354,
        "teamId": 100,
        "championId": 75
      },
      {
        "summonerId": 31735940,
        "teamId": 100,
        "championId": 131
      },
      {
        "summonerId": 25475015,
        "teamId": 200,
        "championId": 117
      },
      {
        "summonerId": 25334211,
        "teamId": 100,
        "championId": 119
      },
      {
        "summonerId": 31229864,
        "teamId": 200,
        "championId": 23
      },
      {
        "summonerId": 19096663,
        "teamId": 200,
        "championId": 17
      },
      {
        "summonerId": 19739410,
        "teamId": 200,
        "championId": 412
      },
      {
        "summonerId": 31463463,
        "teamId": 200,
        "championId": 24
      }
    ],
    "stats": {
      "level": 15,
      "goldEarned": 12239,
      "numDeaths": 7,
      "minionsKilled": 35,
      "championsKilled": 2,
      "goldSpent": 11785,
      "totalDamageDealt": 45352,
      "totalDamageTaken": 19491,
      "team": 100,
      "win": true,
      "neutralMinionsKilled": 1,
      "largestMultiKill": 1,
      "physicalDamageDealtPlayer": 9749,
      "magicDamageDealtPlayer": 35602,
      "physicalDamageTaken": 10322,
      "magicDamageTaken": 8758,
      "timePlayed": 2035,
      "totalHeal": 2746,
      "totalUnitsHealed": 4,
      "assists": 19,
      "item0": 3222,
      "item1": 3092,
      "item2": 2045,
      "item3": 3255,
      "item4": 3089,
      "item5": 1011,
      "item6": 3341,
      "sightWardsBought": 4,
      "magicDamageDealtToChampions": 9623,
      "physicalDamageDealtToChampions": 2154,
      "totalDamageDealtToChampions": 11778,
      "trueDamageTaken": 410,
      "wardPlaced": 22,
      "neutralMinionsKilledEnemyJungle": 1,
      "totalTimeCrowdControlDealt": 454
    }
  },
  "33998354": {
    "gameId": 824851402,
    "invalid": false,
    "gameMode": "CLASSIC",
    "gameType": "MATCHED_GAME",
    "subType": "CAP_5x5",
    "mapId": 1,
    "teamId": 100,
    "championId": 75,
    "spell1": 12,
    "spell2": 6,
    "level": 30,
    "ipEarned": 94,
    "createDate": 1399031813950,
    "fellowPlayers": [
      {
        "summonerId": 24268616,
        "teamId": 100,
        "championId": 19
      },
      {
        "summonerId": 26573731,
        "teamId": 100,
        "championId": 117
      },
      {
        "summonerId": 31735940,
        "teamId": 100,
        "championId": 131
      },
      {
        "summonerId": 25475015,
        "teamId": 200,
        "championId": 117
      },
      {
        "summonerId": 25334211,
        "teamId": 100,
        "championId": 119
      },
      {
        "summonerId": 31229864,
        "teamId": 200,
        "championId": 23
      },
      {
        "summonerId": 19096663,
        "teamId": 200,
        "championId": 17
      },
      {
        "summonerId": 19739410,
        "teamId": 200,
        "championId": 412
      },
      {
        "summonerId": 31463463,
        "teamId": 200,
        "championId": 24
      }
    ],
    "stats": {
      "level": 17,
      "goldEarned": 12264,
      "numDeaths": 4,
      "turretsKilled": 2,
      "minionsKilled": 219,
      "championsKilled": 6,
      "goldSpent": 11568,
      "totalDamageDealt": 136292,
      "totalDamageTaken": 35430,
      "killingSprees": 1,
      "largestKillingSpree": 6,
      "team": 100,
      "win": true,
      "neutralMinionsKilled": 1,
      "largestMultiKill": 1,
      "physicalDamageDealtPlayer": 117754,
      "magicDamageDealtPlayer": 18538,
      "physicalDamageTaken": 23665,
      "magicDamageTaken": 9833,
      "largestCriticalStrike": 330,
      "timePlayed": 2035,
      "totalHeal": 2206,
      "totalUnitsHealed": 1,
      "assists": 2,
      "item0": 1054,
      "item1": 3065,
      "item2": 3078,
      "item3": 3110,
      "item4": 3009,
      "item5": 1031,
      "item6": 3340,
      "sightWardsBought": 1,
      "magicDamageDealtToChampions": 4727,
      "physicalDamageDealtToChampions": 15663,
      "totalDamageDealtToChampions": 20391,
      "trueDamageTaken": 1932,
      "wardPlaced": 6,
      "neutralMinionsKilledEnemyJungle": 1,
      "totalTimeCrowdControlDealt": 2225
    }
  },
  "31735940": {
    "gameId": 824851402,
    "invalid": false,
    "gameMode": "CLASSIC",
    "gameType": "MATCHED_GAME",
    "subType": "CAP_5x5",
    "mapId": 1,
    "teamId": 100,
    "championId": 131,
    "spell1": 14,
    "spell2": 4,
    "level": 30,
    "ipEarned": 94,
    "createDate": 1399031813886,
    "fellowPlayers": [
      {
        "summonerId": 24268616,
        "teamId": 100,
        "championId": 19
      },
      {
        "summonerId": 33998354,
        "teamId": 100,
        "championId": 75
      },
      {
        "summonerId": 26573731,
        "teamId": 100,
        "championId": 117
      },
      {
        "summonerId": 25475015,
        "teamId": 200,
        "championId": 117
      },
      {
        "summonerId": 25334211,
        "teamId": 100,
        "championId": 119
      },
      {
        "summonerId": 31229864,
        "teamId": 200,
        "championId": 23
      },
      {
        "summonerId": 19096663,
        "teamId": 200,
        "championId": 17
      },
      {
        "summonerId": 19739410,
        "teamId": 200,
        "championId": 412
      },
      {
        "summonerId": 31463463,
        "teamId": 200,
        "championId": 24
      }
    ],
    "stats": {
      "level": 18,
      "goldEarned": 15597,
      "numDeaths": 7,
      "minionsKilled": 151,
      "championsKilled": 18,
      "goldSpent": 15900,
      "totalDamageDealt": 149871,
      "totalDamageTaken": 28574,
      "doubleKills": 4,
      "killingSprees": 5,
      "largestKillingSpree": 7,
      "team": 100,
      "win": true,
      "neutralMinionsKilled": 13,
      "largestMultiKill": 2,
      "physicalDamageDealtPlayer": 21995,
      "magicDamageDealtPlayer": 126554,
      "physicalDamageTaken": 15600,
      "magicDamageTaken": 11845,
      "timePlayed": 2035,
      "totalHeal": 760,
      "totalUnitsHealed": 1,
      "assists": 11,
      "item0": 1056,
      "item1": 3255,
      "item2": 1058,
      "item3": 3100,
      "item4": 3089,
      "item5": 3115,
      "item6": 3340,
      "magicDamageDealtToChampions": 39197,
      "physicalDamageDealtToChampions": 4283,
      "totalDamageDealtToChampions": 44548,
      "trueDamageDealtPlayer": 1321,
      "trueDamageDealtToChampions": 1067,
      "trueDamageTaken": 1128,
      "wardKilled": 2,
      "wardPlaced": 9,
      "neutralMinionsKilledEnemyJungle": 4,
      "neutralMinionsKilledYourJungle": 9,
      "totalTimeCrowdControlDealt": 196
    }
  },
  "19096663": {
    "gameId": 824851402,
    "invalid": false,
    "gameMode": "CLASSIC",
    "gameType": "MATCHED_GAME",
    "subType": "CAP_5x5",
    "mapId": 1,
    "teamId": 200,
    "championId": 17,
    "spell1": 4,
    "spell2": 7,
    "level": 30,
    "ipEarned": 62,
    "createDate": 1399031813955,
    "fellowPlayers": [
      {
        "summonerId": 24268616,
        "teamId": 100,
        "championId": 19
      },
      {
        "summonerId": 33998354,
        "teamId": 100,
        "championId": 75
      },
      {
        "summonerId": 26573731,
        "teamId": 100,
        "championId": 117
      },
      {
        "summonerId": 31735940,
        "teamId": 100,
        "championId": 131
      },
      {
        "summonerId": 25475015,
        "teamId": 200,
        "championId": 117
      },
      {
        "summonerId": 25334211,
        "teamId": 100,
        "championId": 119
      },
      {
        "summonerId": 31229864,
        "teamId": 200,
        "championId": 23
      },
      {
        "summonerId": 19739410,
        "teamId": 200,
        "championId": 412
      },
      {
        "summonerId": 31463463,
        "teamId": 200,
        "championId": 24
      }
    ],
    "stats": {
      "level": 15,
      "goldEarned": 10776,
      "numDeaths": 13,
      "turretsKilled": 1,
      "minionsKilled": 146,
      "championsKilled": 4,
      "goldSpent": 10535,
      "totalDamageDealt": 98245,
      "totalDamageTaken": 31700,
      "team": 200,
      "win": false,
      "neutralMinionsKilled": 1,
      "largestMultiKill": 1,
      "physicalDamageDealtPlayer": 58306,
      "magicDamageDealtPlayer": 39939,
      "physicalDamageTaken": 16309,
      "magicDamageTaken": 14911,
      "timePlayed": 2035,
      "totalHeal": 2170,
      "totalUnitsHealed": 4,
      "assists": 11,
      "item0": 3153,
      "item1": 3006,
      "item2": 3022,
      "item3": 3035,
      "item4": 1042,
      "item5": 1042,
      "item6": 3340,
      "magicDamageDealtToChampions": 13052,
      "physicalDamageDealtToChampions": 10337,
      "totalDamageDealtToChampions": 23390,
      "trueDamageTaken": 480,
      "wardPlaced": 41,
      "neutralMinionsKilledYourJungle": 1,
      "totalTimeCrowdControlDealt": 564
    }
  },
  "31463463": {
    "gameId": 824851402,
    "invalid": false,
    "gameMode": "CLASSIC",
    "gameType": "MATCHED_GAME",
    "subType": "CAP_5x5",
    "mapId": 1,
    "teamId": 200,
    "championId": 24,
    "spell1": 11,
    "spell2": 4,
    "level": 30,
    "ipEarned": 62,
    "createDate": 1399031813959,
    "fellowPlayers": [
      {
        "summonerId": 24268616,
        "teamId": 100,
        "championId": 19
      },
      {
        "summonerId": 33998354,
        "teamId": 100,
        "championId": 75
      },
      {
        "summonerId": 26573731,
        "teamId": 100,
        "championId": 117
      },
      {
        "summonerId": 31735940,
        "teamId": 100,
        "championId": 131
      },
      {
        "summonerId": 25475015,
        "teamId": 200,
        "championId": 117
      },
      {
        "summonerId": 25334211,
        "teamId": 100,
        "championId": 119
      },
      {
        "summonerId": 31229864,
        "teamId": 200,
        "championId": 23
      },
      {
        "summonerId": 19096663,
        "teamId": 200,
        "championId": 17
      },
      {
        "summonerId": 19739410,
        "teamId": 200,
        "championId": 412
      }
    ],
    "stats": {
      "level": 15,
      "goldEarned": 9763,
      "numDeaths": 8,
      "turretsKilled": 1,
      "minionsKilled": 43,
      "championsKilled": 2,
      "goldSpent": 9513,
      "totalDamageDealt": 125917,
      "totalDamageTaken": 26911,
      "team": 200,
      "win": false,
      "neutralMinionsKilled": 79,
      "largestMultiKill": 1,
      "physicalDamageDealtPlayer": 73575,
      "magicDamageDealtPlayer": 43230,
      "physicalDamageTaken": 13686,
      "magicDamageTaken": 12908,
      "largestCriticalStrike": 591,
      "timePlayed": 2035,
      "totalHeal": 2952,
      "totalUnitsHealed": 1,
      "assists": 6,
      "item0": 3154,
      "item1": 2003,
      "item2": 3144,
      "item3": 3078,
      "item4": 3260,
      "item6": 3341,
      "sightWardsBought": 1,
      "visionWardsBought": 1,
      "magicDamageDealtToChampions": 3299,
      "physicalDamageDealtToChampions": 7693,
      "totalDamageDealtToChampions": 11284,
      "trueDamageDealtPlayer": 9112,
      "trueDamageDealtToChampions": 292,
      "trueDamageTaken": 316,
      "wardKilled": 1,
      "wardPlaced": 4,
      "neutralMinionsKilledEnemyJungle": 7,
      "neutralMinionsKilledYourJungle": 72,
      "totalTimeCrowdControlDealt": 431
    }
  },
  "31229864": {
    "gameId": 824851402,
    "invalid": false,
    "gameMode": "CLASSIC",
    "gameType": "MATCHED_GAME",
    "subType": "CAP_5x5",
    "mapId": 1,
    "teamId": 200,
    "championId": 23,
    "spell1": 4,
    "spell2": 14,
    "level": 30,
    "ipEarned": 62,
    "createDate": 1399031813957,
    "fellowPlayers": [
      {
        "summonerId": 24268616,
        "teamId": 100,
        "championId": 19
      },
      {
        "summonerId": 33998354,
        "teamId": 100,
        "championId": 75
      },
      {
        "summonerId": 26573731,
        "teamId": 100,
        "championId": 117
      },
      {
        "summonerId": 31735940,
        "teamId": 100,
        "championId": 131
      },
      {
        "summonerId": 25475015,
        "teamId": 200,
        "championId": 117
      },
      {
        "summonerId": 25334211,
        "teamId": 100,
        "championId": 119
      },
      {
        "summonerId": 19096663,
        "teamId": 200,
        "championId": 17
      },
      {
        "summonerId": 19739410,
        "teamId": 200,
        "championId": 412
      },
      {
        "summonerId": 31463463,
        "teamId": 200,
        "championId": 24
      }
    ],
    "stats": {
      "level": 16,
      "goldEarned": 11870,
      "numDeaths": 11,
      "turretsKilled": 2,
      "minionsKilled": 195,
      "championsKilled": 7,
      "goldSpent": 11495,
      "totalDamageDealt": 125675,
      "totalDamageTaken": 39252,
      "doubleKills": 1,
      "killingSprees": 2,
      "largestKillingSpree": 2,
      "team": 200,
      "win": false,
      "neutralMinionsKilled": 4,
      "largestMultiKill": 2,
      "physicalDamageDealtPlayer": 118941,
      "magicDamageDealtPlayer": 5738,
      "physicalDamageTaken": 28335,
      "magicDamageTaken": 10649,
      "largestCriticalStrike": 466,
      "timePlayed": 2035,
      "totalHeal": 9509,
      "totalUnitsHealed": 1,
      "assists": 4,
      "item0": 3153,
      "item1": 3087,
      "item2": 3031,
      "item4": 3250,
      "item6": 3340,
      "sightWardsBought": 1,
      "magicDamageDealtToChampions": 1394,
      "physicalDamageDealtToChampions": 25228,
      "totalDamageDealtToChampions": 27618,
      "trueDamageDealtPlayer": 996,
      "trueDamageDealtToChampions": 996,
      "trueDamageTaken": 267,
      "wardPlaced": 4,
      "neutralMinionsKilledEnemyJungle": 2,
      "neutralMinionsKilledYourJungle": 2,
      "totalTimeCrowdControlDealt": 50
    }
  }
}