{
  "39786739": {
    "gameId": 824961000,
    "invalid": false,
    "gameMode": "CLASSIC",
    "gameType": "MATCHED_GAME",
    "subType": "CAP_5x5",
    "mapId": 1,
    "teamId": 100,
    "championId": 222,
    "spell1": 7,
    "spell2": 4,
    "level": 30,
    "ipEarned": 87,
    "createDate": 1399031830723,
    "fellowPlayers": [
      {
        "summonerId": 21253307,
        "teamId": 100,
        "championId": 105
      },
      {
        "summonerId": 39610872,
        "teamId": 100,
        "championId": 23
      },
      {
        "summonerId": 28079107,
        "teamId": 100,
        "championId": 25
      },
      {
        "summonerId": 34447443,
        "teamId": 200,
        "championId": 89
      },
      {
        "summonerId": 27403183,
        "teamId": 200,
        "championId": 19
      },
      {
        "summonerId": 34354332,
        "teamId": 200,
        "championId": 117
      },
      {
        "summonerId": 40759365,
        "teamId": 200,
        "championId": 92
      },
      {
        "summonerId": 30090584,
        "teamId": 100,
        "championId": 11
      },
      {
        "summonerId": 30716189,
        "teamId": 200,
        "championId": 222
      }
    ],
    "stats": {
      "level": 15,
      "goldEarned": 12814,
      "numDeaths": 5,
      "minionsKilled": 194,
      "championsKilled": 9,
      "goldSpent": 11650,
      "totalDamageDealt": 131485,
      "totalDamageTaken": 16607,
      "killingSprees": 3,
      "largestKillingSpree": 4,
      "team": 100,
      "win": true,
      "neutralMinionsKilled": 3,
      "largestMultiKill": 1,
      "physicalDamageDealtPlayer": 129060,
      "magicDamageDealtPlayer": 1547,
      "physicalDamageTaken": 10733,
      "magicDamageTaken": 5234,
      "largestCriticalStrike": 749,
      "timePlayed": 1837,
      "totalHeal": 2942,
      "totalUnitsHealed": 4,
      "assists": 9,
      "item0": 3031,
      "item1": 3250,
      "item2": 3072,
      "item3": 3046,
      "item6": 3340,
      "magicDamageDealtToChampions": 552,
      "physicalDamageDealtToChampions": 20365,
      "totalDamageDealtToChampions": 21247,
      "trueDamageDealtPlayer": 878,
      "trueDamageDealtToChampions": 330,
      "trueDamageTaken": 640,
      "wardKilled": 1,
      "wardPlaced": 4,
      "neutralMinionsKilledEnemyJungle": 3,
      "totalTimeCrowdControlDealt": 282
    }
  },
  "summonerCount": 10,
  "30716189": {
    "gameId": 824961000,
    "invalid": false,
    "gameMode": "CLASSIC",
    "gameType": "MATCHED_GAME",
    "subType": "CAP_5x5",
    "mapId": 1,
    "teamId": 200,
    "championId": 222,
    "spell1": 7,
    "spell2": 4,
    "level": 30,
    "ipEarned": 58,
    "createDate": 1399031830731,
    "fellowPlayers": [
      {
        "summonerId": 21253307,
        "teamId": 100,
        "championId": 105
      },
      {
        "summonerId": 39610872,
        "teamId": 100,
        "championId": 23
      },
      {
        "summonerId": 28079107,
        "teamId": 100,
        "championId": 25
      },
      {
        "summonerId": 34447443,
        "teamId": 200,
        "championId": 89
      },
      {
        "summonerId": 27403183,
        "teamId": 200,
        "championId": 19
      },
      {
        "summonerId": 34354332,
        "teamId": 200,
        "championId": 117
      },
      {
        "summonerId": 39786739,
        "teamId": 100,
        "championId": 222
      },
      {
        "summonerId": 40759365,
        "teamId": 200,
        "championId": 92
      },
      {
        "summonerId": 30090584,
        "teamId": 100,
        "championId": 11
      }
    ],
    "stats": {
      "level": 13,
      "goldEarned": 7926,
      "numDeaths": 12,
      "minionsKilled": 142,
      "championsKilled": 3,
      "goldSpent": 7920,
      "totalDamageDealt": 73862,
      "totalDamageTaken": 24033,
      "killingSprees": 1,
      "largestKillingSpree": 2,
      "team": 200,
      "win": false,
      "largestMultiKill": 1,
      "physicalDamageDealtPlayer": 70603,
      "magicDamageDealtPlayer": 3024,
      "physicalDamageTaken": 15100,
      "magicDamageTaken": 8362,
      "largestCriticalStrike": 417,
      "timePlayed": 1837,
      "totalHeal": 1622,
      "totalUnitsHealed": 4,
      "assists": 4,
      "item0": 3072,
      "item1": 3046,
      "item2": 3250,
      "item6": 3340,
      "magicDamageDealtToChampions": 1290,
      "physicalDamageDealtToChampions": 14648,
      "totalDamageDealtToChampions": 15939,
      "trueDamageDealtPlayer": 234,
      "trueDamageTaken": 570,
      "wardPlaced": 5,
      "totalTimeCrowdControlDealt": 181
    }
  },
  "30090584": {
    "gameId": 824961000,
    "invalid": false,
    "gameMode": "CLASSIC",
    "gameType": "MATCHED_GAME",
    "subType": "CAP_5x5",
    "mapId": 1,
    "teamId": 100,
    "championId": 11,
    "spell1": 11,
    "spell2": 4,
    "level": 30,
    "ipEarned": 237,
    "createDate": 1399031830724,
    "fellowPlayers": [
      {
        "summonerId": 21253307,
        "teamId": 100,
        "championId": 105
      },
      {
        "summonerId": 39610872,
        "teamId": 100,
        "championId": 23
      },
      {
        "summonerId": 28079107,
        "teamId": 100,
        "championId": 25
      },
      {
        "summonerId": 34447443,
        "teamId": 200,
        "championId": 89
      },
      {
        "summonerId": 27403183,
        "teamId": 200,
        "championId": 19
      },
      {
        "summonerId": 34354332,
        "teamId": 200,
        "championId": 117
      },
      {
        "summonerId": 39786739,
        "teamId": 100,
        "championId": 222
      },
      {
        "summonerId": 40759365,
        "teamId": 200,
        "championId": 92
      },
      {
        "summonerId": 30716189,
        "teamId": 200,
        "championId": 222
      }
    ],
    "stats": {
      "level": 17,
      "goldEarned": 12213,
      "numDeaths": 2,
      "minionsKilled": 39,
      "championsKilled": 7,
      "goldSpent": 10132,
      "totalDamageDealt": 219631,
      "totalDamageTaken": 25364,
      "doubleKills": 1,
      "killingSprees": 1,
      "largestKillingSpree": 5,
      "team": 100,
      "win": true,
      "neutralMinionsKilled": 128,
      "largestMultiKill": 2,
      "physicalDamageDealtPlayer": 154221,
      "magicDamageDealtPlayer": 43603,
      "physicalDamageTaken": 19983,
      "magicDamageTaken": 4288,
      "largestCriticalStrike": 725,
      "timePlayed": 1837,
      "totalHeal": 7538,
      "totalUnitsHealed": 1,
      "assists": 1,
      "item0": 3160,
      "item1": 3153,
      "item2": 3087,
      "item3": 3006,
      "item4": 3134,
      "item6": 3340,
      "sightWardsBought": 2,
      "magicDamageDealtToChampions": 1175,
      "physicalDamageDealtToChampions": 9271,
      "totalDamageDealtToChampions": 12889,
      "trueDamageDealtPlayer": 21806,
      "trueDamageDealtToChampions": 2442,
      "trueDamageTaken": 1092,
      "wardPlaced": 14,
      "neutralMinionsKilledEnemyJungle": 23,
      "neutralMinionsKilledYourJungle": 105,
      "totalTimeCrowdControlDealt": 558
    }
  },
  "39610872": {
    "gameId": 824961000,
    "invalid": false,
    "gameMode": "CLASSIC",
    "gameType": "MATCHED_GAME",
    "subType": "CAP_5x5",
    "mapId": 1,
    "teamId": 100,
    "championId": 23,
    "spell1": 4,
    "spell2": 14,
    "level": 30,
    "ipEarned": 237,
    "createDate": 1399031830720,
    "fellowPlayers": [
      {
        "summonerId": 21253307,
        "teamId": 100,
        "championId": 105
      },
      {
        "summonerId": 28079107,
        "teamId": 100,
        "championId": 25
      },
      {
        "summonerId": 34447443,
        "teamId": 200,
        "championId": 89
      },
      {
        "summonerId": 27403183,
        "teamId": 200,
        "championId": 19
      },
      {
        "summonerId": 34354332,
        "teamId": 200,
        "championId": 117
      },
      {
        "summonerId": 39786739,
        "teamId": 100,
        "championId": 222
      },
      {
        "summonerId": 40759365,
        "teamId": 200,
        "championId": 92
      },
      {
        "summonerId": 30090584,
        "teamId": 100,
        "championId": 11
      },
      {
        "summonerId": 30716189,
        "teamId": 200,
        "championId": 222
      }
    ],
    "stats": {
      "level": 16,
      "goldEarned": 9804,
      "numDeaths": 2,
      "turretsKilled": 3,
      "minionsKilled": 164,
      "championsKilled": 1,
      "goldSpent": 8290,
      "totalDamageDealt": 137858,
      "totalDamageTaken": 20288,
      "team": 100,
      "win": true,
      "neutralMinionsKilled": 28,
      "largestMultiKill": 1,
      "physicalDamageDealtPlayer": 122720,
      "magicDamageDealtPlayer": 14390,
      "physicalDamageTaken": 14097,
      "magicDamageTaken": 5535,
      "largestCriticalStrike": 460,
      "timePlayed": 1837,
      "totalHeal": 3282,
      "totalUnitsHealed": 1,
      "assists": 1,
      "item0": 3006,
      "item1": 3153,
      "item2": 3087,
      "item3": 1038,
      "item6": 3340,
      "magicDamageDealtToChampions": 770,
      "physicalDamageDealtToChampions": 4895,
      "totalDamageDealtToChampions": 6262,
      "trueDamageDealtPlayer": 748,
      "trueDamageDealtToChampions": 596,
      "trueDamageTaken": 654,
      "wardPlaced": 7,
      "neutralMinionsKilledEnemyJungle": 14,
      "neutralMinionsKilledYourJungle": 14,
      "totalTimeCrowdControlDealt": 169
    }
  },
  "28079107": {
    "gameId": 824961000,
    "invalid": false,
    "gameMode": "CLASSIC",
    "gameType": "MATCHED_GAME",
    "subType": "CAP_5x5",
    "mapId": 1,
    "teamId": 100,
    "championId": 25,
    "spell1": 4,
    "spell2": 3,
    "level": 30,
    "ipEarned": 87,
    "createDate": 1399031830725,
    "fellowPlayers": [
      {
        "summonerId": 21253307,
        "teamId": 100,
        "championId": 105
      },
      {
        "summonerId": 39610872,
        "teamId": 100,
        "championId": 23
      },
      {
        "summonerId": 34447443,
        "teamId": 200,
        "championId": 89
      },
      {
        "summonerId": 27403183,
        "teamId": 200,
        "championId": 19
      },
      {
        "summonerId": 34354332,
        "teamId": 200,
        "championId": 117
      },
      {
        "summonerId": 39786739,
        "teamId": 100,
        "championId": 222
      },
      {
        "summonerId": 40759365,
        "teamId": 200,
        "championId": 92
      },
      {
        "summonerId": 30090584,
        "teamId": 100,
        "championId": 11
      },
      {
        "summonerId": 30716189,
        "teamId": 200,
        "championId": 222
      }
    ],
    "stats": {
      "level": 14,
      "goldEarned": 10868,
      "turretsKilled": 1,
      "minionsKilled": 35,
      "championsKilled": 4,
      "goldSpent": 10435,
      "totalDamageDealt": 52818,
      "totalDamageTaken": 9701,
      "killingSprees": 1,
      "largestKillingSpree": 4,
      "team": 100,
      "win": true,
      "neutralMinionsKilled": 1,
      "largestMultiKill": 1,
      "physicalDamageDealtPlayer": 9219,
      "magicDamageDealtPlayer": 43358,
      "physicalDamageTaken": 6789,
      "magicDamageTaken": 2799,
      "timePlayed": 1837,
      "totalHeal": 66,
      "totalUnitsHealed": 1,
      "assists": 14,
      "item0": 3020,
      "item1": 3092,
      "item2": 3089,
      "item3": 3027,
      "item4": 1026,
      "item6": 3340,
      "magicDamageDealtToChampions": 17261,
      "physicalDamageDealtToChampions": 1879,
      "totalDamageDealtToChampions": 19237,
      "trueDamageDealtPlayer": 240,
      "trueDamageDealtToChampions": 96,
      "trueDamageTaken": 112,
      "wardPlaced": 9,
      "neutralMinionsKilledEnemyJungle": 1,
      "totalTimeCrowdControlDealt": 150
    }
  },
  "34354332": {
    "gameId": 824961000,
    "invalid": false,
    "gameMode": "CLASSIC",
    "gameType": "MATCHED_GAME",
    "subType": "CAP_5x5",
    "mapId": 1,
    "teamId": 200,
    "championId": 117,
    "spell1": 4,
    "spell2": 14,
    "level": 30,
    "ipEarned": 58,
    "createDate": 1399031830728,
    "fellowPlayers": [
      {
        "summonerId": 21253307,
        "teamId": 100,
        "championId": 105
      },
      {
        "summonerId": 39610872,
        "teamId": 100,
        "championId": 23
      },
      {
        "summonerId": 28079107,
        "teamId": 100,
        "championId": 25
      },
      {
        "summonerId": 34447443,
        "teamId": 200,
        "championId": 89
      },
      {
        "summonerId": 27403183,
        "teamId": 200,
        "championId": 19
      },
      {
        "summonerId": 39786739,
        "teamId": 100,
        "championId": 222
      },
      {
        "summonerId": 40759365,
        "teamId": 200,
        "championId": 92
      },
      {
        "summonerId": 30090584,
        "teamId": 100,
        "championId": 11
      },
      {
        "summonerId": 30716189,
        "teamId": 200,
        "championId": 222
      }
    ],
    "stats": {
      "level": 15,
      "goldEarned": 8720,
      "numDeaths": 4,
      "minionsKilled": 142,
      "championsKilled": 5,
      "goldSpent": 8175,
      "totalDamageDealt": 93838,
      "totalDamageTaken": 17997,
      "killingSprees": 2,
      "largestKillingSpree": 2,
      "team": 200,
      "win": false,
      "neutralMinionsKilled": 13,
      "largestMultiKill": 1,
      "physicalDamageDealtPlayer": 21101,
      "magicDamageDealtPlayer": 71944,
      "physicalDamageTaken": 11445,
      "magicDamageTaken": 5590,
      "timePlayed": 1837,
      "totalHeal": 926,
      "totalUnitsHealed": 1,
      "assists": 3,
      "item0": 3255,
      "item1": 3135,
      "item3": 1056,
      "item5": 3089,
      "item6": 3340,
      "sightWardsBought": 2,
      "magicDamageDealtToChampions": 15370,
      "physicalDamageDealtToChampions": 2597,
      "totalDamageDealtToChampions": 18759,
      "trueDamageDealtPlayer": 791,
      "trueDamageDealtToChampions": 791,
      "trueDamageTaken": 961,
      "wardPlaced": 12,
      "neutralMinionsKilledEnemyJungle": 3,
      "neutralMinionsKilledYourJungle": 10,
      "totalTimeCrowdControlDealt": 414
    }
  },
  "40759365": {
    "gameId": 824961000,
    "invalid": false,
    "gameMode": "CLASSIC",
    "gameType": "MATCHED_GAME",
    "subType": "CAP_5x5",
    "mapId": 1,
    "teamId": 200,
    "championId": 92,
    "spell1": 14,
    "spell2": 4,
    "level": 30,
    "ipEarned": 0,
    "createDate": 1399031830729,
    "fellowPlayers": [
      {
        "summonerId": 21253307,
        "teamId": 100,
        "championId": 105
      },
      {
        "summonerId": 39610872,
        "teamId": 100,
        "championId": 23
      },
      {
        "summonerId": 28079107,
        "teamId": 100,
        "championId": 25
      },
      {
        "summonerId": 34447443,
        "teamId": 200,
        "championId": 89
      },
      {
        "summonerId": 27403183,
        "teamId": 200,
        "championId": 19
      },
      {
        "summonerId": 34354332,
        "teamId": 200,
        "championId": 117
      },
      {
        "summonerId": 39786739,
        "teamId": 100,
        "championId": 222
      },
      {
        "summonerId": 30090584,
        "teamId": 100,
        "championId": 11
      },
      {
        "summonerId": 30716189,
        "teamId": 200,
        "championId": 222
      }
    ],
    "stats": {
      "level": 9,
      "goldEarned": 5645,
      "minionsKilled": 71,
      "championsKilled": 1,
      "goldSpent": 3522,
      "totalDamageDealt": 33934,
      "totalDamageTaken": 4028,
      "team": 200,
      "win": false,
      "neutralMinionsKilled": 10,
      "largestMultiKill": 1,
      "physicalDamageDealtPlayer": 33934,
      "physicalDamageTaken": 3950,
      "timePlayed": 1837,
      "item0": 1054,
      "item1": 3134,
      "item2": 1053,
      "item3": 1037,
      "item6": 3340,
      "physicalDamageDealtToChampions": 1997,
      "totalDamageDealtToChampions": 1997,
      "trueDamageTaken": 78,
      "wardPlaced": 4,
      "neutralMinionsKilledYourJungle": 10,
      "totalTimeCrowdControlDealt": 37
    }
  },
  "34447443": {
    "gameId": 824961000,
    "invalid": false,
    "gameMode": "CLASSIC",
    "gameType": "MATCHED_GAME",
    "subType": "CAP_5x5",
    "mapId": 1,
    "teamId": 200,
    "championId": 89,
    "spell1": 4,
    "spell2": 14,
    "level": 30,
    "ipEarned": 58,
    "createDate": 1399031830727,
    "fellowPlayers": [
      {
        "summonerId": 21253307,
        "teamId": 100,
        "championId": 105
      },
      {
        "summonerId": 39610872,
        "teamId": 100,
        "championId": 23
      },
      {
        "summonerId": 28079107,
        "teamId": 100,
        "championId": 25
      },
      {
        "summonerId": 27403183,
        "teamId": 200,
        "championId": 19
      },
      {
        "summonerId": 34354332,
        "teamId": 200,
        "championId": 117
      },
      {
        "summonerId": 39786739,
        "teamId": 100,
        "championId": 222
      },
      {
        "summonerId": 40759365,
        "teamId": 200,
        "championId": 92
      },
      {
        "summonerId": 30090584,
        "teamId": 100,
        "championId": 11
      },
      {
        "summonerId": 30716189,
        "teamId": 200,
        "championId": 222
      }
    ],
    "stats": {
      "level": 13,
      "goldEarned": 6691,
      "numDeaths": 3,
      "minionsKilled": 48,
      "championsKilled": 2,
      "goldSpent": 6140,
      "totalDamageDealt": 31113,
      "totalDamageTaken": 14473,
      "team": 200,
      "win": false,
      "largestMultiKill": 1,
      "physicalDamageDealtPlayer": 6562,
      "magicDamageDealtPlayer": 20798,
      "physicalDamageTaken": 9718,
      "magicDamageTaken": 3445,
      "timePlayed": 1837,
      "totalHeal": 1860,
      "totalUnitsHealed": 4,
      "assists": 5,
      "item0": 3401,
      "item1": 3270,
      "item2": 2049,
      "item3": 1057,
      "item4": 1028,
      "item6": 3341,
      "sightWardsBought": 1,
      "visionWardsBought": 2,
      "magicDamageDealtToChampions": 3534,
      "physicalDamageDealtToChampions": 1505,
      "totalDamageDealtToChampions": 6277,
      "trueDamageDealtPlayer": 3752,
      "trueDamageDealtToChampions": 1237,
      "trueDamageTaken": 1310,
      "wardKilled": 3,
      "wardPlaced": 20,
      "totalTimeCrowdControlDealt": 146
    }
  },
  "21253307": {
    "gameId": 824961000,
    "invalid": false,
    "gameMode": "CLASSIC",
    "gameType": "MATCHED_GAME",
    "subType": "CAP_5x5",
    "mapId": 1,
    "teamId": 100,
    "championId": 105,
    "spell1": 4,
    "spell2": 14,
    "level": 30,
    "ipEarned": 237,
    "createDate": 1399031830722,
    "fellowPlayers": [
      {
        "summonerId": 39610872,
        "teamId": 100,
        "championId": 23
      },
      {
        "summonerId": 28079107,
        "teamId": 100,
        "championId": 25
      },
      {
        "summonerId": 34447443,
        "teamId": 200,
        "championId": 89
      },
      {
        "summonerId": 27403183,
        "teamId": 200,
        "championId": 19
      },
      {
        "summonerId": 34354332,
        "teamId": 200,
        "championId": 117
      },
      {
        "summonerId": 39786739,
        "teamId": 100,
        "championId": 222
      },
      {
        "summonerId": 40759365,
        "teamId": 200,
        "championId": 92
      },
      {
        "summonerId": 30090584,
        "teamId": 100,
        "championId": 11
      },
      {
        "summonerId": 30716189,
        "teamId": 200,
        "championId": 222
      }
    ],
    "stats": {
      "level": 15,
      "goldEarned": 8540,
      "numDeaths": 5,
      "turretsKilled": 1,
      "minionsKilled": 89,
      "championsKilled": 4,
      "goldSpent": 6215,
      "totalDamageDealt": 45695,
      "totalDamageTaken": 14199,
      "killingSprees": 1,
      "largestKillingSpree": 2,
      "team": 100,
      "win": true,
      "largestMultiKill": 1,
      "physicalDamageDealtPlayer": 17957,
      "magicDamageDealtPlayer": 27024,
      "physicalDamageTaken": 5667,
      "magicDamageTaken": 8044,
      "timePlayed": 1837,
      "totalHeal": 265,
      "totalUnitsHealed": 1,
      "assists": 4,
      "item0": 1056,
      "item1": 3191,
      "item2": 1001,
      "item3": 3089,
      "item4": 3108,
      "item6": 3340,
      "magicDamageDealtToChampions": 7713,
      "physicalDamageDealtToChampions": 1696,
      "totalDamageDealtToChampions": 9846,
      "trueDamageDealtPlayer": 714,
      "trueDamageDealtToChampions": 436,
      "trueDamageTaken": 487,
      "wardPlaced": 9,
      "totalTimeCrowdControlDealt": 127
    }
  },
  "27403183": {
    "gameId": 824961000,
    "invalid": false,
    "gameMode": "CLASSIC",
    "gameType": "MATCHED_GAME",
    "subType": "CAP_5x5",
    "mapId": 1,
    "teamId": 200,
    "championId": 19,
    "spell1": 11,
    "spell2": 4,
    "level": 30,
    "ipEarned": 58,
    "createDate": 1399031830732,
    "fellowPlayers": [
      {
        "summonerId": 21253307,
        "teamId": 100,
        "championId": 105
      },
      {
        "summonerId": 39610872,
        "teamId": 100,
        "championId": 23
      },
      {
        "summonerId": 28079107,
        "teamId": 100,
        "championId": 25
      },
      {
        "summonerId": 34447443,
        "teamId": 200,
        "championId": 89
      },
      {
        "summonerId": 34354332,
        "teamId": 200,
        "championId": 117
      },
      {
        "summonerId": 39786739,
        "teamId": 100,
        "championId": 222
      },
      {
        "summonerId": 40759365,
        "teamId": 200,
        "championId": 92
      },
      {
        "summonerId": 30090584,
        "teamId": 100,
        "championId": 11
      },
      {
        "summonerId": 30716189,
        "teamId": 200,
        "championId": 222
      }
    ],
    "stats": {
      "level": 15,
      "goldEarned": 8527,
      "numDeaths": 8,
      "minionsKilled": 41,
      "championsKilled": 3,
      "goldSpent": 6575,
      "totalDamageDealt": 136730,
      "totalDamageTaken": 35533,
      "team": 200,
      "win": false,
      "neutralMinionsKilled": 96,
      "largestMultiKill": 1,
      "physicalDamageDealtPlayer": 71982,
      "magicDamageDealtPlayer": 55382,
      "physicalDamageTaken": 21923,
      "magicDamageTaken": 12628,
      "timePlayed": 1837,
      "totalHeal": 14637,
      "totalUnitsHealed": 1,
      "assists": 2,
      "item0": 3153,
      "item1": 3047,
      "item2": 3160,
      "item3": 1028,
      "item6": 3340,
      "magicDamageDealtToChampions": 5707,
      "physicalDamageDealtToChampions": 4464,
      "totalDamageDealtToChampions": 10543,
      "trueDamageDealtPlayer": 9365,
      "trueDamageDealtToChampions": 371,
      "trueDamageTaken": 981,
      "wardPlaced": 3,
      "neutralMinionsKilledEnemyJungle": 17,
      "neutralMinionsKilledYourJungle": 79,
      "totalTimeCrowdControlDealt": 374
    }
  }
}