{
  "33776858": {
    "gameId": 824960979,
    "invalid": false,
    "gameMode": "CLASSIC",
    "gameType": "MATCHED_GAME",
    "subType": "CAP_5x5",
    "mapId": 1,
    "teamId": 200,
    "championId": 4,
    "spell1": 4,
    "spell2": 7,
    "level": 30,
    "ipEarned": 55,
    "createDate": 1399031263555,
    "fellowPlayers": [
      {
        "summonerId": 37146130,
        "teamId": 100,
        "championId": 82
      },
      {
        "summonerId": 34529395,
        "teamId": 200,
        "championId": 7
      },
      {
        "summonerId": 41604488,
        "teamId": 200,
        "championId": 77
      },
      {
        "summonerId": 30700048,
        "teamId": 200,
        "championId": 59
      },
      {
        "summonerId": 27529632,
        "teamId": 100,
        "championId": 121
      },
      {
        "summonerId": 25403518,
        "teamId": 100,
        "championId": 25
      },
      {
        "summonerId": 41604476,
        "teamId": 200,
        "championId": 13
      },
      {
        "summonerId": 31758270,
        "teamId": 100,
        "championId": 13
      },
      {
        "summonerId": 25915707,
        "teamId": 100,
        "championId": 236
      }
    ],
    "stats": {
      "level": 15,
      "goldEarned": 10364,
      "numDeaths": 10,
      "minionsKilled": 162,
      "championsKilled": 7,
      "goldSpent": 10490,
      "totalDamageDealt": 90920,
      "totalDamageTaken": 26752,
      "killingSprees": 2,
      "largestKillingSpree": 3,
      "team": 200,
      "win": false,
      "largestMultiKill": 1,
      "physicalDamageDealtPlayer": 63728,
      "magicDamageDealtPlayer": 26812,
      "physicalDamageTaken": 16339,
      "magicDamageTaken": 9951,
      "largestCriticalStrike": 697,
      "timePlayed": 1714,
      "totalHeal": 3865,
      "totalUnitsHealed": 3,
      "assists": 5,
      "item0": 3031,
      "item1": 3072,
      "item2": 3250,
      "item3": 1042,
      "item4": 1051,
      "item6": 3340,
      "magicDamageDealtToChampions": 5945,
      "physicalDamageDealtToChampions": 10993,
      "totalDamageDealtToChampions": 17204,
      "trueDamageDealtPlayer": 380,
      "trueDamageDealtToChampions": 266,
      "trueDamageTaken": 460,
      "wardPlaced": 4,
      "totalTimeCrowdControlDealt": 158
    }
  },
  "summonerCount": 10,
  "25403518": {
    "gameId": 824960979,
    "invalid": false,
    "gameMode": "CLASSIC",
    "gameType": "MATCHED_GAME",
    "subType": "CAP_5x5",
    "mapId": 1,
    "teamId": 100,
    "championId": 25,
    "spell1": 4,
    "spell2": 3,
    "level": 30,
    "ipEarned": 232,
    "createDate": 1399031263541,
    "fellowPlayers": [
      {
        "summonerId": 37146130,
        "teamId": 100,
        "championId": 82
      },
      {
        "summonerId": 34529395,
        "teamId": 200,
        "championId": 7
      },
      {
        "summonerId": 41604488,
        "teamId": 200,
        "championId": 77
      },
      {
        "summonerId": 30700048,
        "teamId": 200,
        "championId": 59
      },
      {
        "summonerId": 27529632,
        "teamId": 100,
        "championId": 121
      },
      {
        "summonerId": 41604476,
        "teamId": 200,
        "championId": 13
      },
      {
        "summonerId": 31758270,
        "teamId": 100,
        "championId": 13
      },
      {
        "summonerId": 33776858,
        "teamId": 200,
        "championId": 4
      },
      {
        "summonerId": 25915707,
        "teamId": 100,
        "championId": 236
      }
    ],
    "stats": {
      "level": 15,
      "goldEarned": 11030,
      "numDeaths": 3,
      "minionsKilled": 22,
      "championsKilled": 2,
      "goldSpent": 9210,
      "totalDamageDealt": 26548,
      "totalDamageTaken": 9742,
      "team": 100,
      "win": true,
      "largestMultiKill": 1,
      "physicalDamageDealtPlayer": 7187,
      "magicDamageDealtPlayer": 19361,
      "physicalDamageTaken": 4110,
      "magicDamageTaken": 5308,
      "timePlayed": 1714,
      "totalHeal": 90,
      "totalUnitsHealed": 1,
      "assists": 17,
      "item0": 3098,
      "item1": 3157,
      "item2": 2049,
      "item3": 3158,
      "item4": 3174,
      "item5": 1052,
      "item6": 3340,
      "sightWardsBought": 1,
      "magicDamageDealtToChampions": 5867,
      "physicalDamageDealtToChampions": 1161,
      "totalDamageDealtToChampions": 7028,
      "trueDamageTaken": 324,
      "wardKilled": 1,
      "wardPlaced": 16,
      "totalTimeCrowdControlDealt": 85
    }
  },
  "25915707": {
    "gameId": 824960979,
    "invalid": false,
    "gameMode": "CLASSIC",
    "gameType": "MATCHED_GAME",
    "subType": "CAP_5x5",
    "mapId": 1,
    "teamId": 100,
    "championId": 236,
    "spell1": 7,
    "spell2": 4,
    "level": 30,
    "ipEarned": 82,
    "createDate": 1399031263544,
    "fellowPlayers": [
      {
        "summonerId": 37146130,
        "teamId": 100,
        "championId": 82
      },
      {
        "summonerId": 34529395,
        "teamId": 200,
        "championId": 7
      },
      {
        "summonerId": 41604488,
        "teamId": 200,
        "championId": 77
      },
      {
        "summonerId": 30700048,
        "teamId": 200,
        "championId": 59
      },
      {
        "summonerId": 27529632,
        "teamId": 100,
        "championId": 121
      },
      {
        "summonerId": 25403518,
        "teamId": 100,
        "championId": 25
      },
      {
        "summonerId": 41604476,
        "teamId": 200,
        "championId": 13
      },
      {
        "summonerId": 31758270,
        "teamId": 100,
        "championId": 13
      },
      {
        "summonerId": 33776858,
        "teamId": 200,
        "championId": 4
      }
    ],
    "stats": {
      "level": 16,
      "goldEarned": 12845,
      "numDeaths": 6,
      "barracksKilled": 1,
      "turretsKilled": 3,
      "minionsKilled": 149,
      "championsKilled": 10,
      "goldSpent": 12673,
      "totalDamageDealt": 100938,
      "totalDamageTaken": 21695,
      "killingSprees": 2,
      "largestKillingSpree": 6,
      "team": 100,
      "win": true,
      "neutralMinionsKilled": 4,
      "largestMultiKill": 1,
      "physicalDamageDealtPlayer": 90402,
      "magicDamageDealtPlayer": 9537,
      "physicalDamageTaken": 10651,
      "magicDamageTaken": 10186,
      "largestCriticalStrike": 559,
      "timePlayed": 1714,
      "totalHeal": 2789,
      "totalUnitsHealed": 3,
      "assists": 12,
      "item0": 3078,
      "item1": 3035,
      "item2": 3072,
      "item3": 1055,
      "item4": 3006,
      "item5": 1038,
      "item6": 3340,
      "magicDamageDealtToChampions": 3366,
      "physicalDamageDealtToChampions": 20916,
      "totalDamageDealtToChampions": 24848,
      "trueDamageDealtPlayer": 998,
      "trueDamageDealtToChampions": 566,
      "trueDamageTaken": 858,
      "wardPlaced": 6,
      "neutralMinionsKilledEnemyJungle": 1,
      "neutralMinionsKilledYourJungle": 3,
      "totalTimeCrowdControlDealt": 121
    }
  },
  "34529395": {
    "gameId": 824960979,
    "invalid": false,
    "gameMode": "CLASSIC",
    "gameType": "MATCHED_GAME",
    "subType": "CAP_5x5",
    "mapId": 1,
    "teamId": 200,
    "championId": 7,
    "spell1": 14,
    "spell2": 4,
    "level": 30,
    "ipEarned": 55,
    "createDate": 1399031263572,
    "fellowPlayers": [
      {
        "summonerId": 37146130,
        "teamId": 100,
        "championId": 82
      },
      {
        "summonerId": 41604488,
        "teamId": 200,
        "championId": 77
      },
      {
        "summonerId": 30700048,
        "teamId": 200,
        "championId": 59
      },
      {
        "summonerId": 27529632,
        "teamId": 100,
        "championId": 121
      },
      {
        "summonerId": 25403518,
        "teamId": 100,
        "championId": 25
      },
      {
        "summonerId": 41604476,
        "teamId": 200,
        "championId": 13
      },
      {
        "summonerId": 31758270,
        "teamId": 100,
        "championId": 13
      },
      {
        "summonerId": 33776858,
        "teamId": 200,
        "championId": 4
      },
      {
        "summonerId": 25915707,
        "teamId": 100,
        "championId": 236
      }
    ],
    "stats": {
      "level": 14,
      "goldEarned": 9127,
      "numDeaths": 8,
      "minionsKilled": 57,
      "championsKilled": 6,
      "goldSpent": 8080,
      "totalDamageDealt": 53849,
      "totalDamageTaken": 17644,
      "killingSprees": 2,
      "largestKillingSpree": 2,
      "team": 200,
      "win": false,
      "largestMultiKill": 1,
      "physicalDamageDealtPlayer": 7818,
      "magicDamageDealtPlayer": 45161,
      "physicalDamageTaken": 10583,
      "magicDamageTaken": 6478,
      "timePlayed": 1714,
      "totalHeal": 505,
      "totalUnitsHealed": 1,
      "assists": 9,
      "item0": 3128,
      "item1": 3174,
      "item2": 3020,
      "item4": 3098,
      "item6": 3340,
      "visionWardsBought": 1,
      "magicDamageDealtToChampions": 15214,
      "physicalDamageDealtToChampions": 3122,
      "totalDamageDealtToChampions": 19207,
      "trueDamageDealtPlayer": 870,
      "trueDamageDealtToChampions": 870,
      "trueDamageTaken": 583,
      "wardKilled": 2,
      "wardPlaced": 12,
      "totalTimeCrowdControlDealt": 112
    }
  },
  "27529632": {
    "gameId": 824960979,
    "invalid": false,
    "gameMode": "CLASSIC",
    "gameType": "MATCHED_GAME",
    "subType": "CAP_5x5",
    "mapId": 1,
    "teamId": 100,
    "championId": 121,
    "spell1": 11,
    "spell2": 4,
    "level": 30,
    "ipEarned": 232,
    "createDate": 1399031263540,
    "fellowPlayers": [
      {
        "summonerId": 37146130,
        "teamId": 100,
        "championId": 82
      },
      {
        "summonerId": 34529395,
        "teamId": 200,
        "championId": 7
      },
      {
        "summonerId": 41604488,
        "teamId": 200,
        "championId": 77
      },
      {
        "summonerId": 30700048,
        "teamId": 200,
        "championId": 59
      },
      {
        "summonerId": 25403518,
        "teamId": 100,
        "championId": 25
      },
      {
        "summonerId": 41604476,
        "teamId": 200,
        "championId": 13
      },
      {
        "summonerId": 31758270,
        "teamId": 100,
        "championId": 13
      },
      {
        "summonerId": 33776858,
        "teamId": 200,
        "championId": 4
      },
      {
        "summonerId": 25915707,
        "teamId": 100,
        "championId": 236
      }
    ],
    "stats": {
      "level": 16,
      "goldEarned": 12736,
      "minionsKilled": 35,
      "championsKilled": 11,
      "goldSpent": 11640,
      "totalDamageDealt": 113817,
      "totalDamageTaken": 17461,
      "doubleKills": 2,
      "tripleKills": 1,
      "killingSprees": 1,
      "largestKillingSpree": 11,
      "team": 100,
      "win": true,
      "neutralMinionsKilled": 64,
      "largestMultiKill": 3,
      "physicalDamageDealtPlayer": 98962,
      "magicDamageDealtPlayer": 2213,
      "physicalDamageTaken": 13712,
      "magicDamageTaken": 3092,
      "timePlayed": 1714,
      "totalHeal": 6001,
      "totalUnitsHealed": 1,
      "assists": 8,
      "item0": 3209,
      "item2": 3158,
      "item3": 3071,
      "item4": 3068,
      "item5": 3035,
      "item6": 3340,
      "visionWardsBought": 2,
      "magicDamageDealtToChampions": 1208,
      "physicalDamageDealtToChampions": 13843,
      "totalDamageDealtToChampions": 15692,
      "trueDamageDealtPlayer": 12642,
      "trueDamageDealtToChampions": 639,
      "trueDamageTaken": 656,
      "wardPlaced": 8,
      "neutralMinionsKilledEnemyJungle": 9,
      "neutralMinionsKilledYourJungle": 55,
      "totalTimeCrowdControlDealt": 521
    }
  },
  "41604476": {
    "gameId": 824960979,
    "invalid": false,
    "gameMode": "CLASSIC",
    "gameType": "MATCHED_GAME",
    "subType": "CAP_5x5",
    "mapId": 1,
    "teamId": 200,
    "championId": 13,
    "spell1": 14,
    "spell2": 4,
    "level": 30,
    "ipEarned": 55,
    "createDate": 1399031263546,
    "fellowPlayers": [
      {
        "summonerId": 37146130,
        "teamId": 100,
        "championId": 82
      },
      {
        "summonerId": 34529395,
        "teamId": 200,
        "championId": 7
      },
      {
        "summonerId": 41604488,
        "teamId": 200,
        "championId": 77
      },
      {
        "summonerId": 30700048,
        "teamId": 200,
        "championId": 59
      },
      {
        "summonerId": 27529632,
        "teamId": 100,
        "championId": 121
      },
      {
        "summonerId": 25403518,
        "teamId": 100,
        "championId": 25
      },
      {
        "summonerId": 31758270,
        "teamId": 100,
        "championId": 13
      },
      {
        "summonerId": 33776858,
        "teamId": 200,
        "championId": 4
      },
      {
        "summonerId": 25915707,
        "teamId": 100,
        "championId": 236
      }
    ],
    "stats": {
      "level": 15,
      "goldEarned": 7936,
      "numDeaths": 6,
      "minionsKilled": 140,
      "championsKilled": 1,
      "goldSpent": 7115,
      "totalDamageDealt": 94392,
      "totalDamageTaken": 26110,
      "team": 200,
      "win": false,
      "neutralMinionsKilled": 7,
      "largestMultiKill": 1,
      "physicalDamageDealtPlayer": 16654,
      "magicDamageDealtPlayer": 77276,
      "physicalDamageTaken": 9733,
      "magicDamageTaken": 15710,
      "timePlayed": 1714,
      "totalHeal": 361,
      "totalUnitsHealed": 1,
      "assists": 7,
      "item0": 3040,
      "item1": 2004,
      "item2": 3027,
      "item3": 3280,
      "item6": 3340,
      "magicDamageDealtToChampions": 6699,
      "physicalDamageDealtToChampions": 890,
      "totalDamageDealtToChampions": 8051,
      "trueDamageDealtPlayer": 461,
      "trueDamageDealtToChampions": 461,
      "trueDamageTaken": 667,
      "wardPlaced": 2,
      "neutralMinionsKilledYourJungle": 7,
      "totalTimeCrowdControlDealt": 37
    }
  },
  "37146130": {
    "gameId": 824960979,
    "invalid": false,
    "gameMode": "CLASSIC",
    "gameType": "MATCHED_GAME",
    "subType": "CAP_5x5",
    "mapId": 1,
    "teamId": 100,
    "championId": 82,
    "spell1": 4,
    "spell2": 14,
    "level": 30,
    "ipEarned": 82,
    "createDate": 1399031263539,
    "fellowPlayers": [
      {
        "summonerId": 34529395,
        "teamId": 200,
        "championId": 7
      },
      {
        "summonerId": 41604488,
        "teamId": 200,
        "championId": 77
      },
      {
        "summonerId": 30700048,
        "teamId": 200,
        "championId": 59
      },
      {
        "summonerId": 27529632,
        "teamId": 100,
        "championId": 121
      },
      {
        "summonerId": 25403518,
        "teamId": 100,
        "championId": 25
      },
      {
        "summonerId": 41604476,
        "teamId": 200,
        "championId": 13
      },
      {
        "summonerId": 31758270,
        "teamId": 100,
        "championId": 13
      },
      {
        "summonerId": 33776858,
        "teamId": 200,
        "championId": 4
      },
      {
        "summonerId": 25915707,
        "teamId": 100,
        "championId": 236
      }
    ],
    "stats": {
      "level": 16,
      "goldEarned": 12814,
      "numDeaths": 5,
      "turretsKilled": 4,
      "minionsKilled": 164,
      "championsKilled": 10,
      "goldSpent": 11045,
      "totalDamageDealt": 146921,
      "totalDamageTaken": 13423,
      "doubleKills": 1,
      "killingSprees": 3,
      "largestKillingSpree": 4,
      "team": 100,
      "win": true,
      "neutralMinionsKilled": 12,
      "largestMultiKill": 2,
      "physicalDamageDealtPlayer": 23261,
      "magicDamageDealtPlayer": 122662,
      "physicalDamageTaken": 8080,
      "magicDamageTaken": 4853,
      "timePlayed": 1714,
      "totalHeal": 1433,
      "totalUnitsHealed": 1,
      "assists": 6,
      "item0": 3146,
      "item1": 3255,
      "item2": 3151,
      "item3": 2003,
      "item5": 3001,
      "item6": 3340,
      "sightWardsBought": 3,
      "magicDamageDealtToChampions": 20790,
      "physicalDamageDealtToChampions": 1075,
      "totalDamageDealtToChampions": 22632,
      "trueDamageDealtPlayer": 998,
      "trueDamageDealtToChampions": 766,
      "trueDamageTaken": 490,
      "wardPlaced": 6,
      "neutralMinionsKilledEnemyJungle": 5,
      "neutralMinionsKilledYourJungle": 7,
      "totalTimeCrowdControlDealt": 91
    }
  },
  "31758270": {
    "gameId": 824960979,
    "invalid": false,
    "gameMode": "CLASSIC",
    "gameType": "MATCHED_GAME",
    "subType": "CAP_5x5",
    "mapId": 1,
    "teamId": 100,
    "championId": 13,
    "spell1": 14,
    "spell2": 4,
    "level": 30,
    "ipEarned": 232,
    "createDate": 1399031263537,
    "fellowPlayers": [
      {
        "summonerId": 37146130,
        "teamId": 100,
        "championId": 82
      },
      {
        "summonerId": 34529395,
        "teamId": 200,
        "championId": 7
      },
      {
        "summonerId": 41604488,
        "teamId": 200,
        "championId": 77
      },
      {
        "summonerId": 30700048,
        "teamId": 200,
        "championId": 59
      },
      {
        "summonerId": 27529632,
        "teamId": 100,
        "championId": 121
      },
      {
        "summonerId": 25403518,
        "teamId": 100,
        "championId": 25
      },
      {
        "summonerId": 41604476,
        "teamId": 200,
        "championId": 13
      },
      {
        "summonerId": 33776858,
        "teamId": 200,
        "championId": 4
      },
      {
        "summonerId": 25915707,
        "teamId": 100,
        "championId": 236
      }
    ],
    "stats": {
      "level": 16,
      "goldEarned": 11206,
      "numDeaths": 4,
      "barracksKilled": 2,
      "turretsKilled": 1,
      "minionsKilled": 149,
      "championsKilled": 6,
      "goldSpent": 9955,
      "totalDamageDealt": 101014,
      "totalDamageTaken": 14939,
      "doubleKills": 1,
      "tripleKills": 1,
      "killingSprees": 2,
      "largestKillingSpree": 3,
      "team": 100,
      "win": true,
      "neutralMinionsKilled": 4,
      "largestMultiKill": 3,
      "physicalDamageDealtPlayer": 22736,
      "magicDamageDealtPlayer": 77769,
      "physicalDamageTaken": 10305,
      "magicDamageTaken": 4487,
      "timePlayed": 1714,
      "totalHeal": 429,
      "totalUnitsHealed": 1,
      "assists": 4,
      "item0": 3110,
      "item1": 3040,
      "item4": 3020,
      "item5": 3027,
      "item6": 3340,
      "sightWardsBought": 4,
      "magicDamageDealtToChampions": 17225,
      "physicalDamageDealtToChampions": 1124,
      "totalDamageDealtToChampions": 18858,
      "trueDamageDealtPlayer": 508,
      "trueDamageDealtToChampions": 508,
      "trueDamageTaken": 146,
      "wardPlaced": 8,
      "neutralMinionsKilledEnemyJungle": 4,
      "totalTimeCrowdControlDealt": 41
    }
  },
  "30700048": {
    "gameId": 824960979,
    "invalid": false,
    "gameMode": "CLASSIC",
    "gameType": "MATCHED_GAME",
    "subType": "CAP_5x5",
    "mapId": 1,
    "teamId": 200,
    "championId": 59,
    "spell1": 4,
    "spell2": 11,
    "level": 30,
    "ipEarned": 55,
    "createDate": 1399031263547,
    "fellowPlayers": [
      {
        "summonerId": 37146130,
        "teamId": 100,
        "championId": 82
      },
      {
        "summonerId": 34529395,
        "teamId": 200,
        "championId": 7
      },
      {
        "summonerId": 41604488,
        "teamId": 200,
        "championId": 77
      },
      {
        "summonerId": 27529632,
        "teamId": 100,
        "championId": 121
      },
      {
        "summonerId": 25403518,
        "teamId": 100,
        "championId": 25
      },
      {
        "summonerId": 41604476,
        "teamId": 200,
        "championId": 13
      },
      {
        "summonerId": 31758270,
        "teamId": 100,
        "championId": 13
      },
      {
        "summonerId": 33776858,
        "teamId": 200,
        "championId": 4
      },
      {
        "summonerId": 25915707,
        "teamId": 100,
        "championId": 236
      }
    ],
    "stats": {
      "level": 10,
      "goldEarned": 5320,
      "numDeaths": 5,
      "minionsKilled": 7,
      "goldSpent": 5385,
      "totalDamageDealt": 49581,
      "totalDamageTaken": 14147,
      "team": 200,
      "win": false,
      "neutralMinionsKilled": 48,
      "physicalDamageDealtPlayer": 30053,
      "magicDamageDealtPlayer": 13150,
      "physicalDamageTaken": 9005,
      "magicDamageTaken": 4795,
      "timePlayed": 1714,
      "totalHeal": 2252,
      "totalUnitsHealed": 1,
      "assists": 3,
      "item0": 3117,
      "item1": 3117,
      "item2": 1029,
      "item3": 3117,
      "item4": 1001,
      "item5": 2004,
      "item6": 3341,
      "magicDamageDealtToChampions": 68,
      "physicalDamageDealtToChampions": 1637,
      "totalDamageDealtToChampions": 1797,
      "trueDamageDealtPlayer": 6377,
      "trueDamageDealtToChampions": 91,
      "trueDamageTaken": 346,
      "neutralMinionsKilledEnemyJungle": 2,
      "neutralMinionsKilledYourJungle": 46,
      "totalTimeCrowdControlDealt": 317
    }
  },
  "41604488": {
    "gameId": 824960979,
    "invalid": false,
    "gameMode": "CLASSIC",
    "gameType": "MATCHED_GAME",
    "subType": "CAP_5x5",
    "mapId": 1,
    "teamId": 200,
    "championId": 77,
    "spell1": 6,
    "spell2": 14,
    "level": 30,
    "ipEarned": 55,
    "createDate": 1399031263564,
    "fellowPlayers": [
      {
        "summonerId": 37146130,
        "teamId": 100,
        "championId": 82
      },
      {
        "summonerId": 34529395,
        "teamId": 200,
        "championId": 7
      },
      {
        "summonerId": 30700048,
        "teamId": 200,
        "championId": 59
      },
      {
        "summonerId": 27529632,
        "teamId": 100,
        "championId": 121
      },
      {
        "summonerId": 25403518,
        "teamId": 100,
        "championId": 25
      },
      {
        "summonerId": 41604476,
        "teamId": 200,
        "championId": 13
      },
      {
        "summonerId": 31758270,
        "teamId": 100,
        "championId": 13
      },
      {
        "summonerId": 33776858,
        "teamId": 200,
        "championId": 4
      },
      {
        "summonerId": 25915707,
        "teamId": 100,
        "championId": 236
      }
    ],
    "stats": {
      "level": 13,
      "goldEarned": 6870,
      "numDeaths": 11,
      "minionsKilled": 74,
      "championsKilled": 4,
      "goldSpent": 6373,
      "totalDamageDealt": 85532,
      "totalDamageTaken": 29169,
      "killingSprees": 1,
      "largestKillingSpree": 2,
      "team": 200,
      "win": false,
      "neutralMinionsKilled": 36,
      "largestMultiKill": 1,
      "physicalDamageDealtPlayer": 58145,
      "magicDamageDealtPlayer": 27210,
      "physicalDamageTaken": 16458,
      "magicDamageTaken": 12289,
      "largestCriticalStrike": 390,
      "timePlayed": 1714,
      "assists": 1,
      "item0": 3078,
      "item1": 3117,
      "item2": 1028,
      "item3": 2003,
      "item4": 1037,
      "item6": 3340,
      "physicalDamageDealtToChampions": 6287,
      "totalDamageDealtToChampions": 6463,
      "trueDamageDealtPlayer": 176,
      "trueDamageDealtToChampions": 176,
      "trueDamageTaken": 421,
      "wardPlaced": 4,
      "neutralMinionsKilledEnemyJungle": 1,
      "neutralMinionsKilledYourJungle": 35,
      "totalTimeCrowdControlDealt": 22
    }
  }
}