{
  "23068912": {
    "gameId": 825976688,
    "invalid": false,
    "gameMode": "CLASSIC",
    "gameType": "MATCHED_GAME",
    "subType": "RANKED_SOLO_5x5",
    "mapId": 1,
    "teamId": 200,
    "championId": 25,
    "spell1": 14,
    "spell2": 4,
    "level": 30,
    "ipEarned": 232,
    "createDate": 1399031099721,
    "fellowPlayers": [
      {
        "summonerId": 27436744,
        "teamId": 200,
        "championId": 24
      },
      {
        "summonerId": 25887018,
        "teamId": 100,
        "championId": 57
      },
      {
        "summonerId": 24221262,
        "teamId": 200,
        "championId": 222
      },
      {
        "summonerId": 22915782,
        "teamId": 100,
        "championId": 126
      },
      {
        "summonerId": 22632402,
        "teamId": 100,
        "championId": 99
      },
      {
        "summonerId": 41604305,
        "teamId": 200,
        "championId": 64
      },
      {
        "summonerId": 34994774,
        "teamId": 200,
        "championId": 61
      },
      {
        "summonerId": 23661624,
        "teamId": 100,
        "championId": 40
      },
      {
        "summonerId": 21778966,
        "teamId": 100,
        "championId": 236
      }
    ],
    "stats": {
      "level": 12,
      "goldEarned": 8483,
      "turretsKilled": 1,
      "minionsKilled": 20,
      "championsKilled": 2,
      "goldSpent": 7545,
      "totalDamageDealt": 31596,
      "totalDamageTaken": 8897,
      "killingSprees": 1,
      "largestKillingSpree": 2,
      "team": 200,
      "win": true,
      "neutralMinionsKilled": 1,
      "largestMultiKill": 1,
      "physicalDamageDealtPlayer": 7628,
      "magicDamageDealtPlayer": 23090,
      "physicalDamageTaken": 6005,
      "magicDamageTaken": 2784,
      "timePlayed": 1727,
      "totalHeal": 255,
      "totalUnitsHealed": 1,
      "assists": 12,
      "item0": 3092,
      "item1": 2010,
      "item2": 2049,
      "item3": 3158,
      "item4": 3191,
      "item5": 1058,
      "item6": 3340,
      "sightWardsBought": 3,
      "magicDamageDealtToChampions": 6753,
      "physicalDamageDealtToChampions": 1299,
      "totalDamageDealtToChampions": 8930,
      "trueDamageDealtPlayer": 878,
      "trueDamageDealtToChampions": 878,
      "trueDamageTaken": 107,
      "wardPlaced": 17,
      "neutralMinionsKilledEnemyJungle": 1,
      "totalTimeCrowdControlDealt": 105
    }
  },
  "summonerCount": 10,
  "21778966": {
    "gameId": 825976688,
    "invalid": false,
    "gameMode": "CLASSIC",
    "gameType": "MATCHED_GAME",
    "subType": "RANKED_SOLO_5x5",
    "mapId": 1,
    "teamId": 100,
    "championId": 236,
    "spell1": 4,
    "spell2": 7,
    "level": 30,
    "ipEarned": 55,
    "createDate": 1399031099713,
    "fellowPlayers": [
      {
        "summonerId": 23068912,
        "teamId": 200,
        "championId": 25
      },
      {
        "summonerId": 27436744,
        "teamId": 200,
        "championId": 24
      },
      {
        "summonerId": 25887018,
        "teamId": 100,
        "championId": 57
      },
      {
        "summonerId": 24221262,
        "teamId": 200,
        "championId": 222
      },
      {
        "summonerId": 22915782,
        "teamId": 100,
        "championId": 126
      },
      {
        "summonerId": 22632402,
        "teamId": 100,
        "championId": 99
      },
      {
        "summonerId": 41604305,
        "teamId": 200,
        "championId": 64
      },
      {
        "summonerId": 34994774,
        "teamId": 200,
        "championId": 61
      },
      {
        "summonerId": 23661624,
        "teamId": 100,
        "championId": 40
      }
    ],
    "stats": {
      "level": 13,
      "goldEarned": 9129,
      "numDeaths": 1,
      "minionsKilled": 194,
      "championsKilled": 3,
      "goldSpent": 7855,
      "totalDamageDealt": 91416,
      "totalDamageTaken": 12313,
      "killingSprees": 1,
      "largestKillingSpree": 3,
      "team": 100,
      "win": false,
      "neutralMinionsKilled": 4,
      "largestMultiKill": 1,
      "physicalDamageDealtPlayer": 83795,
      "magicDamageDealtPlayer": 7319,
      "physicalDamageTaken": 8423,
      "magicDamageTaken": 3074,
      "largestCriticalStrike": 488,
      "timePlayed": 1727,
      "totalHeal": 2585,
      "totalUnitsHealed": 3,
      "assists": 3,
      "item0": 1055,
      "item1": 3086,
      "item2": 3057,
      "item3": 3072,
      "item4": 3006,
      "item5": 1036,
      "item6": 3340,
      "magicDamageDealtToChampions": 1383,
      "physicalDamageDealtToChampions": 10165,
      "totalDamageDealtToChampions": 11578,
      "trueDamageDealtPlayer": 302,
      "trueDamageDealtToChampions": 30,
      "trueDamageTaken": 816,
      "wardPlaced": 3,
      "neutralMinionsKilledYourJungle": 4,
      "totalTimeCrowdControlDealt": 145
    }
  },
  "25887018": {
    "gameId": 825976688,
    "invalid": false,
    "gameMode": "CLASSIC",
    "gameType": "MATCHED_GAME",
    "subType": "RANKED_SOLO_5x5",
    "mapId": 1,
    "teamId": 100,
    "championId": 57,
    "spell1": 11,
    "spell2": 4,
    "level": 30,
    "ipEarned": 55,
    "createDate": 1399031099712,
    "fellowPlayers": [
      {
        "summonerId": 23068912,
        "teamId": 200,
        "championId": 25
      },
      {
        "summonerId": 27436744,
        "teamId": 200,
        "championId": 24
      },
      {
        "summonerId": 24221262,
        "teamId": 200,
        "championId": 222
      },
      {
        "summonerId": 22915782,
        "teamId": 100,
        "championId": 126
      },
      {
        "summonerId": 22632402,
        "teamId": 100,
        "championId": 99
      },
      {
        "summonerId": 41604305,
        "teamId": 200,
        "championId": 64
      },
      {
        "summonerId": 34994774,
        "teamId": 200,
        "championId": 61
      },
      {
        "summonerId": 23661624,
        "teamId": 100,
        "championId": 40
      },
      {
        "summonerId": 21778966,
        "teamId": 100,
        "championId": 236
      }
    ],
    "stats": {
      "level": 12,
      "goldEarned": 6906,
      "numDeaths": 5,
      "minionsKilled": 14,
      "championsKilled": 1,
      "goldSpent": 6350,
      "totalDamageDealt": 91400,
      "totalDamageTaken": 24893,
      "team": 100,
      "win": false,
      "neutralMinionsKilled": 69,
      "largestMultiKill": 1,
      "physicalDamageDealtPlayer": 26812,
      "magicDamageDealtPlayer": 54707,
      "physicalDamageTaken": 17667,
      "magicDamageTaken": 6419,
      "timePlayed": 1727,
      "totalHeal": 8303,
      "totalUnitsHealed": 1,
      "assists": 3,
      "item0": 3207,
      "item1": 3270,
      "item2": 3025,
      "item6": 3341,
      "magicDamageDealtToChampions": 4571,
      "physicalDamageDealtToChampions": 480,
      "totalDamageDealtToChampions": 5052,
      "trueDamageDealtPlayer": 9880,
      "trueDamageTaken": 806,
      "wardPlaced": 1,
      "neutralMinionsKilledEnemyJungle": 5,
      "neutralMinionsKilledYourJungle": 64,
      "totalTimeCrowdControlDealt": 606
    }
  },
  "41604305": {
    "gameId": 825976688,
    "invalid": false,
    "gameMode": "CLASSIC",
    "gameType": "MATCHED_GAME",
    "subType": "RANKED_SOLO_5x5",
    "mapId": 1,
    "teamId": 200,
    "championId": 64,
    "spell1": 11,
    "spell2": 4,
    "level": 30,
    "ipEarned": 82,
    "createDate": 1399031099719,
    "fellowPlayers": [
      {
        "summonerId": 23068912,
        "teamId": 200,
        "championId": 25
      },
      {
        "summonerId": 27436744,
        "teamId": 200,
        "championId": 24
      },
      {
        "summonerId": 25887018,
        "teamId": 100,
        "championId": 57
      },
      {
        "summonerId": 24221262,
        "teamId": 200,
        "championId": 222
      },
      {
        "summonerId": 22915782,
        "teamId": 100,
        "championId": 126
      },
      {
        "summonerId": 22632402,
        "teamId": 100,
        "championId": 99
      },
      {
        "summonerId": 34994774,
        "teamId": 200,
        "championId": 61
      },
      {
        "summonerId": 23661624,
        "teamId": 100,
        "championId": 40
      },
      {
        "summonerId": 21778966,
        "teamId": 100,
        "championId": 236
      }
    ],
    "stats": {
      "level": 14,
      "goldEarned": 8306,
      "numDeaths": 2,
      "minionsKilled": 17,
      "championsKilled": 3,
      "goldSpent": 5900,
      "totalDamageDealt": 100110,
      "totalDamageTaken": 16147,
      "killingSprees": 1,
      "largestKillingSpree": 2,
      "team": 200,
      "win": true,
      "neutralMinionsKilled": 74,
      "largestMultiKill": 1,
      "physicalDamageDealtPlayer": 68331,
      "magicDamageDealtPlayer": 19138,
      "physicalDamageTaken": 12689,
      "magicDamageTaken": 3319,
      "timePlayed": 1727,
      "totalHeal": 4604,
      "totalUnitsHealed": 1,
      "assists": 7,
      "item0": 3209,
      "item1": 1055,
      "item2": 3047,
      "item3": 1031,
      "item4": 1011,
      "item6": 3340,
      "visionWardsBought": 1,
      "magicDamageDealtToChampions": 1410,
      "physicalDamageDealtToChampions": 4894,
      "totalDamageDealtToChampions": 7003,
      "trueDamageDealtPlayer": 12640,
      "trueDamageDealtToChampions": 697,
      "trueDamageTaken": 139,
      "wardPlaced": 6,
      "neutralMinionsKilledEnemyJungle": 13,
      "neutralMinionsKilledYourJungle": 61,
      "totalTimeCrowdControlDealt": 739
    }
  },
  "22632402": {
    "gameId": 825976688,
    "invalid": false,
    "gameMode": "CLASSIC",
    "gameType": "MATCHED_GAME",
    "subType": "RANKED_SOLO_5x5",
    "mapId": 1,
    "teamId": 100,
    "championId": 99,
    "spell1": 7,
    "spell2": 4,
    "level": 30,
    "ipEarned": 55,
    "createDate": 1399031099714,
    "fellowPlayers": [
      {
        "summonerId": 23068912,
        "teamId": 200,
        "championId": 25
      },
      {
        "summonerId": 27436744,
        "teamId": 200,
        "championId": 24
      },
      {
        "summonerId": 25887018,
        "teamId": 100,
        "championId": 57
      },
      {
        "summonerId": 24221262,
        "teamId": 200,
        "championId": 222
      },
      {
        "summonerId": 22915782,
        "teamId": 100,
        "championId": 126
      },
      {
        "summonerId": 41604305,
        "teamId": 200,
        "championId": 64
      },
      {
        "summonerId": 34994774,
        "teamId": 200,
        "championId": 61
      },
      {
        "summonerId": 23661624,
        "teamId": 100,
        "championId": 40
      },
      {
        "summonerId": 21778966,
        "teamId": 100,
        "championId": 236
      }
    ],
    "stats": {
      "level": 13,
      "goldEarned": 7500,
      "numDeaths": 2,
      "minionsKilled": 140,
      "championsKilled": 1,
      "goldSpent": 6840,
      "totalDamageDealt": 81264,
      "totalDamageTaken": 9659,
      "team": 100,
      "win": false,
      "neutralMinionsKilled": 5,
      "largestMultiKill": 1,
      "physicalDamageDealtPlayer": 17504,
      "magicDamageDealtPlayer": 63760,
      "physicalDamageTaken": 5583,
      "magicDamageTaken": 3865,
      "timePlayed": 1727,
      "totalHeal": 1372,
      "totalUnitsHealed": 3,
      "assists": 5,
      "item0": 2003,
      "item1": 3020,
      "item2": 1058,
      "item3": 1026,
      "item4": 3174,
      "item5": 1056,
      "item6": 3340,
      "magicDamageDealtToChampions": 9267,
      "physicalDamageDealtToChampions": 317,
      "totalDamageDealtToChampions": 9585,
      "trueDamageTaken": 210,
      "wardPlaced": 7,
      "neutralMinionsKilledYourJungle": 5,
      "totalTimeCrowdControlDealt": 255
    }
  },
  "22915782": {
    "gameId": 825976688,
    "invalid": false,
    "gameMode": "CLASSIC",
    "gameType": "MATCHED_GAME",
    "subType": "RANKED_SOLO_5x5",
    "mapId": 1,
    "teamId": 100,
    "championId": 126,
    "spell1": 4,
    "spell2": 12,
    "level": 30,
    "ipEarned": 55,
    "createDate": 1399031099717,
    "fellowPlayers": [
      {
        "summonerId": 23068912,
        "teamId": 200,
        "championId": 25
      },
      {
        "summonerId": 27436744,
        "teamId": 200,
        "championId": 24
      },
      {
        "summonerId": 25887018,
        "teamId": 100,
        "championId": 57
      },
      {
        "summonerId": 24221262,
        "teamId": 200,
        "championId": 222
      },
      {
        "summonerId": 22632402,
        "teamId": 100,
        "championId": 99
      },
      {
        "summonerId": 41604305,
        "teamId": 200,
        "championId": 64
      },
      {
        "summonerId": 34994774,
        "teamId": 200,
        "championId": 61
      },
      {
        "summonerId": 23661624,
        "teamId": 100,
        "championId": 40
      },
      {
        "summonerId": 21778966,
        "teamId": 100,
        "championId": 236
      }
    ],
    "stats": {
      "level": 13,
      "goldEarned": 8232,
      "numDeaths": 5,
      "turretsKilled": 1,
      "minionsKilled": 171,
      "championsKilled": 2,
      "goldSpent": 7220,
      "totalDamageDealt": 98144,
      "totalDamageTaken": 16631,
      "team": 100,
      "win": false,
      "neutralMinionsKilled": 7,
      "largestMultiKill": 1,
      "physicalDamageDealtPlayer": 89939,
      "magicDamageDealtPlayer": 7979,
      "physicalDamageTaken": 11053,
      "magicDamageTaken": 5095,
      "timePlayed": 1727,
      "totalHeal": 743,
      "totalUnitsHealed": 1,
      "assists": 1,
      "item0": 1055,
      "item1": 3071,
      "item2": 3004,
      "item4": 3111,
      "item6": 3340,
      "sightWardsBought": 5,
      "magicDamageDealtToChampions": 2613,
      "physicalDamageDealtToChampions": 17826,
      "totalDamageDealtToChampions": 20634,
      "trueDamageDealtPlayer": 224,
      "trueDamageDealtToChampions": 194,
      "trueDamageTaken": 482,
      "wardKilled": 1,
      "wardPlaced": 14,
      "neutralMinionsKilledYourJungle": 7,
      "totalTimeCrowdControlDealt": 192
    }
  },
  "27436744": {
    "gameId": 825976688,
    "invalid": false,
    "gameMode": "CLASSIC",
    "gameType": "MATCHED_GAME",
    "subType": "RANKED_SOLO_5x5",
    "mapId": 1,
    "teamId": 200,
    "championId": 24,
    "spell1": 4,
    "spell2": 14,
    "level": 30,
    "ipEarned": 82,
    "createDate": 1399031099718,
    "fellowPlayers": [
      {
        "summonerId": 23068912,
        "teamId": 200,
        "championId": 25
      },
      {
        "summonerId": 25887018,
        "teamId": 100,
        "championId": 57
      },
      {
        "summonerId": 24221262,
        "teamId": 200,
        "championId": 222
      },
      {
        "summonerId": 22915782,
        "teamId": 100,
        "championId": 126
      },
      {
        "summonerId": 22632402,
        "teamId": 100,
        "championId": 99
      },
      {
        "summonerId": 41604305,
        "teamId": 200,
        "championId": 64
      },
      {
        "summonerId": 34994774,
        "teamId": 200,
        "championId": 61
      },
      {
        "summonerId": 23661624,
        "teamId": 100,
        "championId": 40
      },
      {
        "summonerId": 21778966,
        "teamId": 100,
        "championId": 236
      }
    ],
    "stats": {
      "level": 13,
      "goldEarned": 8759,
      "numDeaths": 3,
      "turretsKilled": 1,
      "minionsKilled": 152,
      "championsKilled": 4,
      "goldSpent": 7515,
      "totalDamageDealt": 65532,
      "totalDamageTaken": 20052,
      "killingSprees": 1,
      "largestKillingSpree": 2,
      "team": 200,
      "win": true,
      "largestMultiKill": 1,
      "physicalDamageDealtPlayer": 55962,
      "magicDamageDealtPlayer": 8627,
      "physicalDamageTaken": 14735,
      "magicDamageTaken": 5282,
      "timePlayed": 1727,
      "totalHeal": 1892,
      "totalUnitsHealed": 1,
      "assists": 2,
      "item0": 3153,
      "item1": 1055,
      "item2": 1011,
      "item3": 3044,
      "item4": 2003,
      "item5": 3111,
      "item6": 3340,
      "magicDamageDealtToChampions": 1637,
      "physicalDamageDealtToChampions": 4748,
      "totalDamageDealtToChampions": 7328,
      "trueDamageDealtPlayer": 942,
      "trueDamageDealtToChampions": 942,
      "trueDamageTaken": 34,
      "wardPlaced": 3,
      "totalTimeCrowdControlDealt": 31
    }
  },
  "34994774": {
    "gameId": 825976688,
    "invalid": false,
    "gameMode": "CLASSIC",
    "gameType": "MATCHED_GAME",
    "subType": "RANKED_SOLO_5x5",
    "mapId": 1,
    "teamId": 200,
    "championId": 61,
    "spell1": 4,
    "spell2": 7,
    "level": 30,
    "ipEarned": 232,
    "createDate": 1399031099720,
    "fellowPlayers": [
      {
        "summonerId": 23068912,
        "teamId": 200,
        "championId": 25
      },
      {
        "summonerId": 27436744,
        "teamId": 200,
        "championId": 24
      },
      {
        "summonerId": 25887018,
        "teamId": 100,
        "championId": 57
      },
      {
        "summonerId": 24221262,
        "teamId": 200,
        "championId": 222
      },
      {
        "summonerId": 22915782,
        "teamId": 100,
        "championId": 126
      },
      {
        "summonerId": 22632402,
        "teamId": 100,
        "championId": 99
      },
      {
        "summonerId": 41604305,
        "teamId": 200,
        "championId": 64
      },
      {
        "summonerId": 23661624,
        "teamId": 100,
        "championId": 40
      },
      {
        "summonerId": 21778966,
        "teamId": 100,
        "championId": 236
      }
    ],
    "stats": {
      "level": 15,
      "goldEarned": 10596,
      "minionsKilled": 214,
      "championsKilled": 3,
      "goldSpent": 9520,
      "totalDamageDealt": 133041,
      "totalDamageTaken": 8647,
      "killingSprees": 1,
      "largestKillingSpree": 3,
      "team": 200,
      "win": true,
      "neutralMinionsKilled": 27,
      "largestMultiKill": 1,
      "physicalDamageDealtPlayer": 16143,
      "magicDamageDealtPlayer": 116141,
      "physicalDamageTaken": 4751,
      "magicDamageTaken": 3622,
      "timePlayed": 1727,
      "totalHeal": 1800,
      "totalUnitsHealed": 3,
      "assists": 8,
      "item0": 1056,
      "item1": 3089,
      "item2": 3174,
      "item3": 3047,
      "item4": 1029,
      "item5": 1058,
      "item6": 3340,
      "sightWardsBought": 1,
      "magicDamageDealtToChampions": 11867,
      "physicalDamageDealtToChampions": 418,
      "totalDamageDealtToChampions": 12286,
      "trueDamageDealtPlayer": 756,
      "trueDamageTaken": 274,
      "wardPlaced": 10,
      "neutralMinionsKilledYourJungle": 27,
      "totalTimeCrowdControlDealt": 1359
    }
  },
  "23661624": {
    "gameId": 825976688,
    "invalid": false,
    "gameMode": "CLASSIC",
    "gameType": "MATCHED_GAME",
    "subType": "RANKED_SOLO_5x5",
    "mapId": 1,
    "teamId": 100,
    "championId": 40,
    "spell1": 3,
    "spell2": 4,
    "level": 30,
    "ipEarned": 55,
    "createDate": 1399031099715,
    "fellowPlayers": [
      {
        "summonerId": 23068912,
        "teamId": 200,
        "championId": 25
      },
      {
        "summonerId": 27436744,
        "teamId": 200,
        "championId": 24
      },
      {
        "summonerId": 25887018,
        "teamId": 100,
        "championId": 57
      },
      {
        "summonerId": 24221262,
        "teamId": 200,
        "championId": 222
      },
      {
        "summonerId": 22915782,
        "teamId": 100,
        "championId": 126
      },
      {
        "summonerId": 22632402,
        "teamId": 100,
        "championId": 99
      },
      {
        "summonerId": 41604305,
        "teamId": 200,
        "championId": 64
      },
      {
        "summonerId": 34994774,
        "teamId": 200,
        "championId": 61
      },
      {
        "summonerId": 21778966,
        "teamId": 100,
        "championId": 236
      }
    ],
    "stats": {
      "level": 11,
      "goldEarned": 7353,
      "numDeaths": 6,
      "minionsKilled": 7,
      "championsKilled": 1,
      "goldSpent": 6890,
      "totalDamageDealt": 8336,
      "totalDamageTaken": 12596,
      "team": 100,
      "win": false,
      "largestMultiKill": 1,
      "physicalDamageDealtPlayer": 2822,
      "magicDamageDealtPlayer": 5514,
      "physicalDamageTaken": 8386,
      "magicDamageTaken": 3361,
      "timePlayed": 1727,
      "totalHeal": 3883,
      "totalUnitsHealed": 6,
      "assists": 6,
      "item0": 3098,
      "item1": 2049,
      "item2": 3003,
      "item3": 3024,
      "item4": 3158,
      "item6": 3341,
      "magicDamageDealtToChampions": 2579,
      "physicalDamageDealtToChampions": 979,
      "totalDamageDealtToChampions": 3558,
      "trueDamageTaken": 848,
      "wardKilled": 2,
      "wardPlaced": 16,
      "totalTimeCrowdControlDealt": 70
    }
  },
  "24221262": {
    "gameId": 825976688,
    "invalid": false,
    "gameMode": "CLASSIC",
    "gameType": "MATCHED_GAME",
    "subType": "RANKED_SOLO_5x5",
    "mapId": 1,
    "teamId": 200,
    "championId": 222,
    "spell1": 4,
    "spell2": 7,
    "level": 30,
    "ipEarned": 232,
    "createDate": 1399031099723,
    "fellowPlayers": [
      {
        "summonerId": 23068912,
        "teamId": 200,
        "championId": 25
      },
      {
        "summonerId": 27436744,
        "teamId": 200,
        "championId": 24
      },
      {
        "summonerId": 25887018,
        "teamId": 100,
        "championId": 57
      },
      {
        "summonerId": 22915782,
        "teamId": 100,
        "championId": 126
      },
      {
        "summonerId": 22632402,
        "teamId": 100,
        "championId": 99
      },
      {
        "summonerId": 41604305,
        "teamId": 200,
        "championId": 64
      },
      {
        "summonerId": 34994774,
        "teamId": 200,
        "championId": 61
      },
      {
        "summonerId": 23661624,
        "teamId": 100,
        "championId": 40
      },
      {
        "summonerId": 21778966,
        "teamId": 100,
        "championId": 236
      }
    ],
    "stats": {
      "level": 14,
      "goldEarned": 11346,
      "numDeaths": 3,
      "turretsKilled": 3,
      "minionsKilled": 188,
      "championsKilled": 7,
      "goldSpent": 10395,
      "totalDamageDealt": 129467,
      "totalDamageTaken": 16491,
      "doubleKills": 1,
      "killingSprees": 2,
      "largestKillingSpree": 4,
      "team": 200,
      "win": true,
      "neutralMinionsKilled": 15,
      "largestMultiKill": 2,
      "physicalDamageDealtPlayer": 128329,
      "magicDamageDealtPlayer": 462,
      "physicalDamageTaken": 11085,
      "magicDamageTaken": 5405,
      "largestCriticalStrike": 570,
      "timePlayed": 1727,
      "totalHeal": 3892,
      "totalUnitsHealed": 3,
      "assists": 8,
      "item0": 3072,
      "item1": 3006,
      "item2": 3035,
      "item3": 1055,
      "item4": 1055,
      "item5": 3046,
      "item6": 3340,
      "magicDamageDealtToChampions": 148,
      "physicalDamageDealtToChampions": 20053,
      "totalDamageDealtToChampions": 20654,
      "trueDamageDealtPlayer": 676,
      "trueDamageDealtToChampions": 452,
      "wardPlaced": 3,
      "neutralMinionsKilledEnemyJungle": 3,
      "neutralMinionsKilledYourJungle": 12,
      "totalTimeCrowdControlDealt": 205
    }
  }
}