{
  "38495094": {
    "gameId": 825976570,
    "invalid": false,
    "gameMode": "CLASSIC",
    "gameType": "MATCHED_GAME",
    "subType": "RANKED_TEAM_5x5",
    "mapId": 1,
    "teamId": 100,
    "championId": 222,
    "spell1": 4,
    "spell2": 7,
    "level": 30,
    "ipEarned": 57,
    "createDate": 1399031110265,
    "fellowPlayers": [
      {
        "summonerId": 28303139,
        "teamId": 100,
        "championId": 50
      },
      {
        "summonerId": 27804076,
        "teamId": 100,
        "championId": 37
      },
      {
        "summonerId": 33497749,
        "teamId": 100,
        "championId": 64
      },
      {
        "summonerId": 27871417,
        "teamId": 200,
        "championId": 39
      },
      {
        "summonerId": 34202004,
        "teamId": 200,
        "championId": 81
      },
      {
        "summonerId": 24345471,
        "teamId": 200,
        "championId": 5
      },
      {
        "summonerId": 35644129,
        "teamId": 200,
        "championId": 412
      },
      {
        "summonerId": 29885340,
        "teamId": 200,
        "championId": 117
      },
      {
        "summonerId": 27267629,
        "teamId": 100,
        "championId": 154
      }
    ],
    "stats": {
      "level": 12,
      "goldEarned": 8092,
      "numDeaths": 11,
      "minionsKilled": 122,
      "championsKilled": 4,
      "goldSpent": 7885,
      "totalDamageDealt": 73705,
      "totalDamageTaken": 24965,
      "doubleKills": 2,
      "killingSprees": 2,
      "largestKillingSpree": 2,
      "team": 100,
      "win": false,
      "largestMultiKill": 2,
      "physicalDamageDealtPlayer": 71391,
      "magicDamageDealtPlayer": 2313,
      "physicalDamageTaken": 16559,
      "magicDamageTaken": 7594,
      "timePlayed": 1786,
      "totalHeal": 2277,
      "totalUnitsHealed": 3,
      "assists": 6,
      "item0": 1055,
      "item1": 3072,
      "item2": 3006,
      "item3": 2003,
      "item4": 3035,
      "item5": 1042,
      "item6": 3340,
      "magicDamageDealtToChampions": 1265,
      "physicalDamageDealtToChampions": 21575,
      "totalDamageDealtToChampions": 22840,
      "trueDamageTaken": 812,
      "wardPlaced": 8,
      "totalTimeCrowdControlDealt": 73
    }
  },
  "summonerCount": 10,
  "34202004": {
    "gameId": 825976570,
    "invalid": false,
    "gameMode": "CLASSIC",
    "gameType": "MATCHED_GAME",
    "subType": "RANKED_TEAM_5x5",
    "mapId": 1,
    "teamId": 200,
    "championId": 81,
    "spell1": 7,
    "spell2": 4,
    "level": 30,
    "ipEarned": 85,
    "createDate": 1399031110273,
    "fellowPlayers": [
      {
        "summonerId": 28303139,
        "teamId": 100,
        "championId": 50
      },
      {
        "summonerId": 27804076,
        "teamId": 100,
        "championId": 37
      },
      {
        "summonerId": 33497749,
        "teamId": 100,
        "championId": 64
      },
      {
        "summonerId": 27871417,
        "teamId": 200,
        "championId": 39
      },
      {
        "summonerId": 24345471,
        "teamId": 200,
        "championId": 5
      },
      {
        "summonerId": 35644129,
        "teamId": 200,
        "championId": 412
      },
      {
        "summonerId": 29885340,
        "teamId": 200,
        "championId": 117
      },
      {
        "summonerId": 27267629,
        "teamId": 100,
        "championId": 154
      },
      {
        "summonerId": 38495094,
        "teamId": 100,
        "championId": 222
      }
    ],
    "stats": {
      "level": 16,
      "goldEarned": 14902,
      "numDeaths": 6,
      "turretsKilled": 2,
      "minionsKilled": 185,
      "championsKilled": 15,
      "goldSpent": 14993,
      "totalDamageDealt": 146157,
      "totalDamageTaken": 27040,
      "doubleKills": 3,
      "killingSprees": 4,
      "largestKillingSpree": 7,
      "team": 200,
      "win": true,
      "neutralMinionsKilled": 9,
      "largestMultiKill": 2,
      "physicalDamageDealtPlayer": 121887,
      "magicDamageDealtPlayer": 23283,
      "physicalDamageTaken": 16045,
      "magicDamageTaken": 10851,
      "largestCriticalStrike": 710,
      "timePlayed": 1786,
      "totalHeal": 4153,
      "totalUnitsHealed": 2,
      "assists": 16,
      "item0": 3031,
      "item1": 3072,
      "item2": 3078,
      "item3": 3006,
      "item4": 3035,
      "item6": 3340,
      "magicDamageDealtToChampions": 6679,
      "physicalDamageDealtToChampions": 31090,
      "totalDamageDealtToChampions": 38687,
      "trueDamageDealtPlayer": 986,
      "trueDamageDealtToChampions": 918,
      "trueDamageTaken": 143,
      "wardPlaced": 1,
      "neutralMinionsKilledEnemyJungle": 8,
      "neutralMinionsKilledYourJungle": 1,
      "totalTimeCrowdControlDealt": 86
    }
  },
  "27804076": {
    "gameId": 825976570,
    "invalid": false,
    "gameMode": "CLASSIC",
    "gameType": "MATCHED_GAME",
    "subType": "RANKED_TEAM_5x5",
    "mapId": 1,
    "teamId": 100,
    "championId": 37,
    "spell1": 4,
    "spell2": 7,
    "level": 30,
    "ipEarned": 57,
    "createDate": 1399031110269,
    "fellowPlayers": [
      {
        "summonerId": 28303139,
        "teamId": 100,
        "championId": 50
      },
      {
        "summonerId": 33497749,
        "teamId": 100,
        "championId": 64
      },
      {
        "summonerId": 27871417,
        "teamId": 200,
        "championId": 39
      },
      {
        "summonerId": 34202004,
        "teamId": 200,
        "championId": 81
      },
      {
        "summonerId": 24345471,
        "teamId": 200,
        "championId": 5
      },
      {
        "summonerId": 35644129,
        "teamId": 200,
        "championId": 412
      },
      {
        "summonerId": 29885340,
        "teamId": 200,
        "championId": 117
      },
      {
        "summonerId": 27267629,
        "teamId": 100,
        "championId": 154
      },
      {
        "summonerId": 38495094,
        "teamId": 100,
        "championId": 222
      }
    ],
    "stats": {
      "level": 12,
      "goldEarned": 6495,
      "numDeaths": 14,
      "minionsKilled": 13,
      "goldSpent": 5020,
      "totalDamageDealt": 11844,
      "totalDamageTaken": 23345,
      "team": 100,
      "win": false,
      "physicalDamageDealtPlayer": 2961,
      "magicDamageDealtPlayer": 8882,
      "physicalDamageTaken": 16188,
      "magicDamageTaken": 6228,
      "timePlayed": 1786,
      "totalHeal": 7418,
      "totalUnitsHealed": 5,
      "assists": 8,
      "item0": 3303,
      "item1": 3174,
      "item2": 2010,
      "item3": 2044,
      "item4": 1028,
      "item5": 3158,
      "item6": 3341,
      "sightWardsBought": 5,
      "magicDamageDealtToChampions": 5298,
      "physicalDamageDealtToChampions": 1928,
      "totalDamageDealtToChampions": 7226,
      "trueDamageTaken": 928,
      "wardKilled": 2,
      "wardPlaced": 2,
      "totalTimeCrowdControlDealt": 24
    }
  },
  "29885340": {
    "gameId": 825976570,
    "invalid": false,
    "gameMode": "CLASSIC",
    "gameType": "MATCHED_GAME",
    "subType": "RANKED_TEAM_5x5",
    "mapId": 1,
    "teamId": 200,
    "championId": 117,
    "spell1": 4,
    "spell2": 14,
    "level": 30,
    "ipEarned": 85,
    "createDate": 1399031110275,
    "fellowPlayers": [
      {
        "summonerId": 28303139,
        "teamId": 100,
        "championId": 50
      },
      {
        "summonerId": 27804076,
        "teamId": 100,
        "championId": 37
      },
      {
        "summonerId": 33497749,
        "teamId": 100,
        "championId": 64
      },
      {
        "summonerId": 27871417,
        "teamId": 200,
        "championId": 39
      },
      {
        "summonerId": 34202004,
        "teamId": 200,
        "championId": 81
      },
      {
        "summonerId": 24345471,
        "teamId": 200,
        "championId": 5
      },
      {
        "summonerId": 35644129,
        "teamId": 200,
        "championId": 412
      },
      {
        "summonerId": 27267629,
        "teamId": 100,
        "championId": 154
      },
      {
        "summonerId": 38495094,
        "teamId": 100,
        "championId": 222
      }
    ],
    "stats": {
      "level": 17,
      "goldEarned": 13731,
      "numDeaths": 4,
      "barracksKilled": 1,
      "minionsKilled": 191,
      "championsKilled": 10,
      "goldSpent": 11000,
      "totalDamageDealt": 126899,
      "totalDamageTaken": 20860,
      "doubleKills": 1,
      "killingSprees": 2,
      "largestKillingSpree": 5,
      "team": 200,
      "win": true,
      "neutralMinionsKilled": 19,
      "largestMultiKill": 2,
      "physicalDamageDealtPlayer": 26742,
      "magicDamageDealtPlayer": 98259,
      "physicalDamageTaken": 10161,
      "magicDamageTaken": 9843,
      "timePlayed": 1786,
      "totalHeal": 1312,
      "totalUnitsHealed": 1,
      "assists": 16,
      "item0": 1056,
      "item1": 3089,
      "item2": 3174,
      "item3": 3020,
      "item4": 3135,
      "item5": 3057,
      "item6": 3341,
      "magicDamageDealtToChampions": 17666,
      "physicalDamageDealtToChampions": 3217,
      "totalDamageDealtToChampions": 22211,
      "trueDamageDealtPlayer": 1898,
      "trueDamageDealtToChampions": 1328,
      "trueDamageTaken": 856,
      "wardKilled": 1,
      "wardPlaced": 2,
      "neutralMinionsKilledEnemyJungle": 1,
      "neutralMinionsKilledYourJungle": 18,
      "totalTimeCrowdControlDealt": 612
    }
  },
  "27267629": {
    "gameId": 825976570,
    "invalid": false,
    "gameMode": "CLASSIC",
    "gameType": "MATCHED_GAME",
    "subType": "RANKED_TEAM_5x5",
    "mapId": 1,
    "teamId": 100,
    "championId": 154,
    "spell1": 11,
    "spell2": 4,
    "level": 30,
    "ipEarned": 57,
    "createDate": 1399031110264,
    "fellowPlayers": [
      {
        "summonerId": 28303139,
        "teamId": 100,
        "championId": 50
      },
      {
        "summonerId": 27804076,
        "teamId": 100,
        "championId": 37
      },
      {
        "summonerId": 33497749,
        "teamId": 100,
        "championId": 64
      },
      {
        "summonerId": 27871417,
        "teamId": 200,
        "championId": 39
      },
      {
        "summonerId": 34202004,
        "teamId": 200,
        "championId": 81
      },
      {
        "summonerId": 24345471,
        "teamId": 200,
        "championId": 5
      },
      {
        "summonerId": 35644129,
        "teamId": 200,
        "championId": 412
      },
      {
        "summonerId": 29885340,
        "teamId": 200,
        "championId": 117
      },
      {
        "summonerId": 38495094,
        "teamId": 100,
        "championId": 222
      }
    ],
    "stats": {
      "level": 12,
      "goldEarned": 7797,
      "numDeaths": 12,
      "minionsKilled": 28,
      "championsKilled": 3,
      "goldSpent": 6595,
      "totalDamageDealt": 61500,
      "totalDamageTaken": 35084,
      "team": 100,
      "win": false,
      "neutralMinionsKilled": 34,
      "largestMultiKill": 1,
      "physicalDamageDealtPlayer": 7246,
      "magicDamageDealtPlayer": 47456,
      "physicalDamageTaken": 26672,
      "magicDamageTaken": 7324,
      "timePlayed": 1786,
      "totalHeal": 10120,
      "totalUnitsHealed": 1,
      "assists": 10,
      "item0": 3190,
      "item2": 3111,
      "item3": 3207,
      "item6": 3340,
      "magicDamageDealtToChampions": 11541,
      "physicalDamageDealtToChampions": 1500,
      "totalDamageDealtToChampions": 13090,
      "trueDamageDealtPlayer": 6798,
      "trueDamageDealtToChampions": 48,
      "trueDamageTaken": 1087,
      "wardPlaced": 4,
      "neutralMinionsKilledEnemyJungle": 4,
      "neutralMinionsKilledYourJungle": 30,
      "totalTimeCrowdControlDealt": 316
    }
  },
  "33497749": {
    "gameId": 825976570,
    "invalid": false,
    "gameMode": "CLASSIC",
    "gameType": "MATCHED_GAME",
    "subType": "RANKED_TEAM_5x5",
    "mapId": 1,
    "teamId": 100,
    "championId": 64,
    "spell1": 4,
    "spell2": 14,
    "level": 30,
    "ipEarned": 57,
    "createDate": 1399031110266,
    "fellowPlayers": [
      {
        "summonerId": 28303139,
        "teamId": 100,
        "championId": 50
      },
      {
        "summonerId": 27804076,
        "teamId": 100,
        "championId": 37
      },
      {
        "summonerId": 27871417,
        "teamId": 200,
        "championId": 39
      },
      {
        "summonerId": 34202004,
        "teamId": 200,
        "championId": 81
      },
      {
        "summonerId": 24345471,
        "teamId": 200,
        "championId": 5
      },
      {
        "summonerId": 35644129,
        "teamId": 200,
        "championId": 412
      },
      {
        "summonerId": 29885340,
        "teamId": 200,
        "championId": 117
      },
      {
        "summonerId": 27267629,
        "teamId": 100,
        "championId": 154
      },
      {
        "summonerId": 38495094,
        "teamId": 100,
        "championId": 222
      }
    ],
    "stats": {
      "level": 12,
      "goldEarned": 6501,
      "numDeaths": 15,
      "minionsKilled": 65,
      "championsKilled": 2,
      "goldSpent": 6055,
      "totalDamageDealt": 43447,
      "totalDamageTaken": 29855,
      "team": 100,
      "win": false,
      "neutralMinionsKilled": 2,
      "largestMultiKill": 1,
      "physicalDamageDealtPlayer": 33879,
      "magicDamageDealtPlayer": 9078,
      "physicalDamageTaken": 17644,
      "magicDamageTaken": 10434,
      "timePlayed": 1786,
      "totalHeal": 219,
      "totalUnitsHealed": 1,
      "assists": 4,
      "item0": 3047,
      "item1": 3074,
      "item2": 1028,
      "item3": 1011,
      "item6": 3340,
      "sightWardsBought": 1,
      "magicDamageDealtToChampions": 2220,
      "physicalDamageDealtToChampions": 11012,
      "totalDamageDealtToChampions": 13723,
      "trueDamageDealtPlayer": 490,
      "trueDamageDealtToChampions": 490,
      "trueDamageTaken": 1776,
      "wardPlaced": 8,
      "neutralMinionsKilledYourJungle": 2,
      "totalTimeCrowdControlDealt": 124
    }
  },
  "27871417": {
    "gameId": 825976570,
    "invalid": false,
    "gameMode": "CLASSIC",
    "gameType": "MATCHED_GAME",
    "subType": "RANKED_TEAM_5x5",
    "mapId": 1,
    "teamId": 200,
    "championId": 39,
    "spell1": 4,
    "spell2": 12,
    "level": 30,
    "ipEarned": 85,
    "createDate": 1399031110274,
    "fellowPlayers": [
      {
        "summonerId": 28303139,
        "teamId": 100,
        "championId": 50
      },
      {
        "summonerId": 27804076,
        "teamId": 100,
        "championId": 37
      },
      {
        "summonerId": 33497749,
        "teamId": 100,
        "championId": 64
      },
      {
        "summonerId": 34202004,
        "teamId": 200,
        "championId": 81
      },
      {
        "summonerId": 24345471,
        "teamId": 200,
        "championId": 5
      },
      {
        "summonerId": 35644129,
        "teamId": 200,
        "championId": 412
      },
      {
        "summonerId": 29885340,
        "teamId": 200,
        "championId": 117
      },
      {
        "summonerId": 27267629,
        "teamId": 100,
        "championId": 154
      },
      {
        "summonerId": 38495094,
        "teamId": 100,
        "championId": 222
      }
    ],
    "stats": {
      "level": 17,
      "goldEarned": 14874,
      "numDeaths": 4,
      "barracksKilled": 1,
      "turretsKilled": 4,
      "minionsKilled": 167,
      "championsKilled": 18,
      "goldSpent": 12003,
      "totalDamageDealt": 114488,
      "totalDamageTaken": 29142,
      "doubleKills": 3,
      "tripleKills": 2,
      "killingSprees": 3,
      "largestKillingSpree": 10,
      "team": 200,
      "win": true,
      "neutralMinionsKilled": 2,
      "largestMultiKill": 3,
      "physicalDamageDealtPlayer": 101751,
      "magicDamageDealtPlayer": 2622,
      "physicalDamageTaken": 18299,
      "magicDamageTaken": 10108,
      "largestCriticalStrike": 531,
      "timePlayed": 1786,
      "totalHeal": 8333,
      "totalUnitsHealed": 1,
      "assists": 16,
      "item0": 3153,
      "item1": 3078,
      "item2": 1011,
      "item3": 3265,
      "item4": 1037,
      "item6": 3340,
      "magicDamageDealtToChampions": 2407,
      "physicalDamageDealtToChampions": 24305,
      "totalDamageDealtToChampions": 29852,
      "trueDamageDealtPlayer": 10115,
      "trueDamageDealtToChampions": 3140,
      "trueDamageTaken": 734,
      "wardPlaced": 7,
      "neutralMinionsKilledEnemyJungle": 2,
      "totalTimeCrowdControlDealt": 51
    }
  },
  "28303139": {
    "gameId": 825976570,
    "invalid": false,
    "gameMode": "CLASSIC",
    "gameType": "MATCHED_GAME",
    "subType": "RANKED_TEAM_5x5",
    "mapId": 1,
    "teamId": 100,
    "championId": 50,
    "spell1": 4,
    "spell2": 14,
    "level": 30,
    "ipEarned": 57,
    "createDate": 1399031110268,
    "fellowPlayers": [
      {
        "summonerId": 27804076,
        "teamId": 100,
        "championId": 37
      },
      {
        "summonerId": 33497749,
        "teamId": 100,
        "championId": 64
      },
      {
        "summonerId": 27871417,
        "teamId": 200,
        "championId": 39
      },
      {
        "summonerId": 34202004,
        "teamId": 200,
        "championId": 81
      },
      {
        "summonerId": 24345471,
        "teamId": 200,
        "championId": 5
      },
      {
        "summonerId": 35644129,
        "teamId": 200,
        "championId": 412
      },
      {
        "summonerId": 29885340,
        "teamId": 200,
        "championId": 117
      },
      {
        "summonerId": 27267629,
        "teamId": 100,
        "championId": 154
      },
      {
        "summonerId": 38495094,
        "teamId": 100,
        "championId": 222
      }
    ],
    "stats": {
      "level": 14,
      "goldEarned": 10340,
      "numDeaths": 10,
      "minionsKilled": 109,
      "championsKilled": 10,
      "goldSpent": 9960,
      "totalDamageDealt": 60892,
      "totalDamageTaken": 32668,
      "killingSprees": 1,
      "largestKillingSpree": 2,
      "team": 100,
      "win": false,
      "largestMultiKill": 1,
      "physicalDamageDealtPlayer": 18874,
      "magicDamageDealtPlayer": 39677,
      "physicalDamageTaken": 19430,
      "magicDamageTaken": 10717,
      "timePlayed": 1786,
      "totalHeal": 8800,
      "totalUnitsHealed": 1,
      "assists": 3,
      "item0": 3157,
      "item1": 2003,
      "item2": 3136,
      "item3": 3020,
      "item4": 3065,
      "item5": 1052,
      "item6": 3340,
      "sightWardsBought": 1,
      "magicDamageDealtToChampions": 24514,
      "physicalDamageDealtToChampions": 1979,
      "totalDamageDealtToChampions": 28426,
      "trueDamageDealtPlayer": 2340,
      "trueDamageDealtToChampions": 1932,
      "trueDamageTaken": 2521,
      "wardPlaced": 8,
      "totalTimeCrowdControlDealt": 248
    }
  },
  "24345471": {
    "gameId": 825976570,
    "invalid": false,
    "gameMode": "CLASSIC",
    "gameType": "MATCHED_GAME",
    "subType": "RANKED_TEAM_5x5",
    "mapId": 1,
    "teamId": 200,
    "championId": 5,
    "spell1": 11,
    "spell2": 4,
    "level": 30,
    "ipEarned": 85,
    "createDate": 1399031110271,
    "fellowPlayers": [
      {
        "summonerId": 28303139,
        "teamId": 100,
        "championId": 50
      },
      {
        "summonerId": 27804076,
        "teamId": 100,
        "championId": 37
      },
      {
        "summonerId": 33497749,
        "teamId": 100,
        "championId": 64
      },
      {
        "summonerId": 27871417,
        "teamId": 200,
        "championId": 39
      },
      {
        "summonerId": 34202004,
        "teamId": 200,
        "championId": 81
      },
      {
        "summonerId": 35644129,
        "teamId": 200,
        "championId": 412
      },
      {
        "summonerId": 29885340,
        "teamId": 200,
        "championId": 117
      },
      {
        "summonerId": 27267629,
        "teamId": 100,
        "championId": 154
      },
      {
        "summonerId": 38495094,
        "teamId": 100,
        "championId": 222
      }
    ],
    "stats": {
      "level": 17,
      "goldEarned": 13757,
      "numDeaths": 2,
      "barracksKilled": 1,
      "turretsKilled": 1,
      "minionsKilled": 40,
      "championsKilled": 11,
      "goldSpent": 9795,
      "totalDamageDealt": 181113,
      "totalDamageTaken": 32341,
      "doubleKills": 1,
      "killingSprees": 2,
      "largestKillingSpree": 6,
      "team": 200,
      "win": true,
      "neutralMinionsKilled": 88,
      "largestMultiKill": 2,
      "physicalDamageDealtPlayer": 104648,
      "magicDamageDealtPlayer": 64147,
      "physicalDamageTaken": 21571,
      "magicDamageTaken": 9712,
      "timePlayed": 1786,
      "totalHeal": 13551,
      "totalUnitsHealed": 1,
      "assists": 19,
      "item0": 3160,
      "item1": 3006,
      "item2": 3068,
      "item3": 3065,
      "item4": 3155,
      "item6": 3341,
      "visionWardsBought": 1,
      "magicDamageDealtToChampions": 4764,
      "physicalDamageDealtToChampions": 19768,
      "totalDamageDealtToChampions": 25224,
      "trueDamageDealtPlayer": 12318,
      "trueDamageDealtToChampions": 692,
      "trueDamageTaken": 1057,
      "wardPlaced": 2,
      "neutralMinionsKilledEnemyJungle": 17,
      "neutralMinionsKilledYourJungle": 71,
      "totalTimeCrowdControlDealt": 1042
    }
  },
  "35644129": {
    "gameId": 825976570,
    "invalid": false,
    "gameMode": "CLASSIC",
    "gameType": "MATCHED_GAME",
    "subType": "RANKED_TEAM_5x5",
    "mapId": 1,
    "teamId": 200,
    "championId": 412,
    "spell1": 4,
    "spell2": 14,
    "level": 30,
    "ipEarned": 85,
    "createDate": 1399031110270,
    "fellowPlayers": [
      {
        "summonerId": 28303139,
        "teamId": 100,
        "championId": 50
      },
      {
        "summonerId": 27804076,
        "teamId": 100,
        "championId": 37
      },
      {
        "summonerId": 33497749,
        "teamId": 100,
        "championId": 64
      },
      {
        "summonerId": 27871417,
        "teamId": 200,
        "championId": 39
      },
      {
        "summonerId": 34202004,
        "teamId": 200,
        "championId": 81
      },
      {
        "summonerId": 24345471,
        "teamId": 200,
        "championId": 5
      },
      {
        "summonerId": 29885340,
        "teamId": 200,
        "championId": 117
      },
      {
        "summonerId": 27267629,
        "teamId": 100,
        "championId": 154
      },
      {
        "summonerId": 38495094,
        "teamId": 100,
        "championId": 222
      }
    ],
    "stats": {
      "level": 16,
      "goldEarned": 12228,
      "numDeaths": 3,
      "turretsKilled": 2,
      "minionsKilled": 17,
      "championsKilled": 8,
      "goldSpent": 8465,
      "totalDamageDealt": 32320,
      "totalDamageTaken": 19904,
      "killingSprees": 2,
      "largestKillingSpree": 5,
      "team": 200,
      "win": true,
      "largestMultiKill": 1,
      "physicalDamageDealtPlayer": 11197,
      "magicDamageDealtPlayer": 20086,
      "physicalDamageTaken": 15005,
      "magicDamageTaken": 4649,
      "timePlayed": 1786,
      "totalHeal": 1689,
      "totalUnitsHealed": 1,
      "assists": 27,
      "item0": 3222,
      "item1": 3069,
      "item2": 2045,
      "item3": 3047,
      "item4": 1011,
      "item5": 1031,
      "item6": 3341,
      "sightWardsBought": 1,
      "visionWardsBought": 2,
      "magicDamageDealtToChampions": 10783,
      "physicalDamageDealtToChampions": 3192,
      "totalDamageDealtToChampions": 15012,
      "trueDamageDealtPlayer": 1036,
      "trueDamageDealtToChampions": 1036,
      "trueDamageTaken": 250,
      "wardPlaced": 16,
      "totalTimeCrowdControlDealt": 128
    }
  }
}