{
  "40227845": {
    "gameId": 825985647,
    "invalid": false,
    "gameMode": "CLASSIC",
    "gameType": "MATCHED_GAME",
    "subType": "NORMAL",
    "mapId": 1,
    "teamId": 200,
    "championId": 222,
    "spell1": 4,
    "spell2": 7,
    "level": 30,
    "ipEarned": 51,
    "createDate": 1399030541599,
    "fellowPlayers": [
      {
        "summonerId": 26060663,
        "teamId": 100,
        "championId": 67
      },
      {
        "summonerId": 40716532,
        "teamId": 100,
        "championId": 5
      },
      {
        "summonerId": 38899213,
        "teamId": 200,
        "championId": 76
      },
      {
        "summonerId": 41959758,
        "teamId": 100,
        "championId": 114
      },
      {
        "summonerId": 39493057,
        "teamId": 100,
        "championId": 25
      },
      {
        "summonerId": 42013997,
        "teamId": 200,
        "championId": 89
      },
      {
        "summonerId": 34385869,
        "teamId": 200,
        "championId": 64
      },
      {
        "summonerId": 33068713,
        "teamId": 200,
        "championId": 48
      },
      {
        "summonerId": 42843768,
        "teamId": 100,
        "championId": 55
      }
    ],
    "stats": {
      "level": 9,
      "goldEarned": 4284,
      "numDeaths": 10,
      "minionsKilled": 64,
      "championsKilled": 1,
      "goldSpent": 3885,
      "totalDamageDealt": 28603,
      "totalDamageTaken": 13503,
      "team": 200,
      "win": false,
      "largestMultiKill": 1,
      "physicalDamageDealtPlayer": 26713,
      "magicDamageDealtPlayer": 1889,
      "physicalDamageTaken": 9329,
      "magicDamageTaken": 2858,
      "timePlayed": 1226,
      "totalHeal": 1021,
      "totalUnitsHealed": 3,
      "item0": 3072,
      "item6": 3340,
      "magicDamageDealtToChampions": 738,
      "physicalDamageDealtToChampions": 4469,
      "totalDamageDealtToChampions": 5207,
      "trueDamageTaken": 1315,
      "wardPlaced": 6,
      "totalTimeCrowdControlDealt": 25
    }
  },
  "summonerCount": 10,
  "38899213": {
    "gameId": 825985647,
    "invalid": false,
    "gameMode": "CLASSIC",
    "gameType": "MATCHED_GAME",
    "subType": "NORMAL",
    "mapId": 1,
    "teamId": 200,
    "championId": 76,
    "spell1": 4,
    "spell2": 7,
    "level": 30,
    "ipEarned": 51,
    "createDate": 1399030541560,
    "fellowPlayers": [
      {
        "summonerId": 26060663,
        "teamId": 100,
        "championId": 67
      },
      {
        "summonerId": 40716532,
        "teamId": 100,
        "championId": 5
      },
      {
        "summonerId": 41959758,
        "teamId": 100,
        "championId": 114
      },
      {
        "summonerId": 39493057,
        "teamId": 100,
        "championId": 25
      },
      {
        "summonerId": 42013997,
        "teamId": 200,
        "championId": 89
      },
      {
        "summonerId": 34385869,
        "teamId": 200,
        "championId": 64
      },
      {
        "summonerId": 33068713,
        "teamId": 200,
        "championId": 48
      },
      {
        "summonerId": 40227845,
        "teamId": 200,
        "championId": 222
      },
      {
        "summonerId": 42843768,
        "teamId": 100,
        "championId": 55
      }
    ],
    "stats": {
      "level": 10,
      "goldEarned": 4393,
      "numDeaths": 10,
      "minionsKilled": 53,
      "goldSpent": 3465,
      "totalDamageDealt": 36939,
      "totalDamageTaken": 16884,
      "team": 200,
      "win": false,
      "neutralMinionsKilled": 3,
      "physicalDamageDealtPlayer": 13998,
      "magicDamageDealtPlayer": 22940,
      "physicalDamageTaken": 11384,
      "magicDamageTaken": 4465,
      "timePlayed": 1226,
      "totalHeal": 3111,
      "totalUnitsHealed": 3,
      "assists": 3,
      "item0": 3135,
      "item1": 3070,
      "item6": 3340,
      "magicDamageDealtToChampions": 6544,
      "physicalDamageDealtToChampions": 1902,
      "totalDamageDealtToChampions": 8446,
      "trueDamageTaken": 1033,
      "wardPlaced": 2,
      "neutralMinionsKilledYourJungle": 3
    }
  },
  "41959758": {
    "gameId": 825985647,
    "invalid": false,
    "gameMode": "CLASSIC",
    "gameType": "MATCHED_GAME",
    "subType": "NORMAL",
    "mapId": 1,
    "teamId": 100,
    "championId": 114,
    "spell1": 4,
    "spell2": 7,
    "level": 30,
    "ipEarned": 76,
    "createDate": 1399030541555,
    "fellowPlayers": [
      {
        "summonerId": 26060663,
        "teamId": 100,
        "championId": 67
      },
      {
        "summonerId": 40716532,
        "teamId": 100,
        "championId": 5
      },
      {
        "summonerId": 38899213,
        "teamId": 200,
        "championId": 76
      },
      {
        "summonerId": 39493057,
        "teamId": 100,
        "championId": 25
      },
      {
        "summonerId": 42013997,
        "teamId": 200,
        "championId": 89
      },
      {
        "summonerId": 34385869,
        "teamId": 200,
        "championId": 64
      },
      {
        "summonerId": 33068713,
        "teamId": 200,
        "championId": 48
      },
      {
        "summonerId": 40227845,
        "teamId": 200,
        "championId": 222
      },
      {
        "summonerId": 42843768,
        "teamId": 100,
        "championId": 55
      }
    ],
    "stats": {
      "level": 11,
      "goldEarned": 7191,
      "numDeaths": 4,
      "turretsKilled": 1,
      "minionsKilled": 66,
      "championsKilled": 6,
      "goldSpent": 6800,
      "totalDamageDealt": 43127,
      "totalDamageTaken": 10355,
      "doubleKills": 2,
      "killingSprees": 3,
      "largestKillingSpree": 2,
      "team": 100,
      "win": true,
      "largestMultiKill": 2,
      "physicalDamageDealtPlayer": 42824,
      "magicDamageDealtPlayer": 42,
      "physicalDamageTaken": 7864,
      "magicDamageTaken": 2133,
      "timePlayed": 1226,
      "totalHeal": 980,
      "totalUnitsHealed": 2,
      "assists": 3,
      "item0": 3074,
      "item1": 1001,
      "item2": 1038,
      "item3": 1053,
      "item6": 3340,
      "magicDamageDealtToChampions": 42,
      "physicalDamageDealtToChampions": 7424,
      "totalDamageDealtToChampions": 7595,
      "trueDamageDealtPlayer": 260,
      "trueDamageDealtToChampions": 128,
      "trueDamageTaken": 358,
      "wardPlaced": 2,
      "totalTimeCrowdControlDealt": 66
    }
  },
  "39493057": {
    "gameId": 825985647,
    "invalid": false,
    "gameMode": "CLASSIC",
    "gameType": "MATCHED_GAME",
    "subType": "NORMAL",
    "mapId": 1,
    "teamId": 100,
    "championId": 25,
    "spell1": 4,
    "spell2": 14,
    "level": 30,
    "ipEarned": 76,
    "createDate": 1399030541554,
    "fellowPlayers": [
      {
        "summonerId": 26060663,
        "teamId": 100,
        "championId": 67
      },
      {
        "summonerId": 40716532,
        "teamId": 100,
        "championId": 5
      },
      {
        "summonerId": 38899213,
        "teamId": 200,
        "championId": 76
      },
      {
        "summonerId": 41959758,
        "teamId": 100,
        "championId": 114
      },
      {
        "summonerId": 42013997,
        "teamId": 200,
        "championId": 89
      },
      {
        "summonerId": 34385869,
        "teamId": 200,
        "championId": 64
      },
      {
        "summonerId": 33068713,
        "teamId": 200,
        "championId": 48
      },
      {
        "summonerId": 40227845,
        "teamId": 200,
        "championId": 222
      },
      {
        "summonerId": 42843768,
        "teamId": 100,
        "championId": 55
      }
    ],
    "stats": {
      "level": 14,
      "goldEarned": 10997,
      "barracksKilled": 1,
      "turretsKilled": 1,
      "minionsKilled": 6,
      "championsKilled": 8,
      "goldSpent": 7995,
      "totalDamageDealt": 19517,
      "totalDamageTaken": 9749,
      "doubleKills": 1,
      "killingSprees": 1,
      "largestKillingSpree": 8,
      "team": 100,
      "win": true,
      "largestMultiKill": 2,
      "physicalDamageDealtPlayer": 6444,
      "magicDamageDealtPlayer": 12528,
      "physicalDamageTaken": 7385,
      "magicDamageTaken": 2103,
      "timePlayed": 1226,
      "totalHeal": 120,
      "totalUnitsHealed": 1,
      "assists": 25,
      "item0": 1029,
      "item1": 2049,
      "item2": 3111,
      "item3": 3092,
      "item4": 3143,
      "item6": 3340,
      "sightWardsBought": 2,
      "visionWardsBought": 1,
      "magicDamageDealtToChampions": 7438,
      "physicalDamageDealtToChampions": 1822,
      "totalDamageDealtToChampions": 9804,
      "trueDamageDealtPlayer": 544,
      "trueDamageDealtToChampions": 544,
      "trueDamageTaken": 260,
      "wardPlaced": 8,
      "totalTimeCrowdControlDealt": 190
    }
  },
  "42843768": {
    "gameId": 825985647,
    "invalid": false,
    "gameMode": "CLASSIC",
    "gameType": "MATCHED_GAME",
    "subType": "NORMAL",
    "mapId": 1,
    "teamId": 100,
    "championId": 55,
    "spell1": 4,
    "spell2": 14,
    "level": 30,
    "ipEarned": 226,
    "createDate": 1399030541557,
    "fellowPlayers": [
      {
        "summonerId": 26060663,
        "teamId": 100,
        "championId": 67
      },
      {
        "summonerId": 40716532,
        "teamId": 100,
        "championId": 5
      },
      {
        "summonerId": 38899213,
        "teamId": 200,
        "championId": 76
      },
      {
        "summonerId": 41959758,
        "teamId": 100,
        "championId": 114
      },
      {
        "summonerId": 39493057,
        "teamId": 100,
        "championId": 25
      },
      {
        "summonerId": 42013997,
        "teamId": 200,
        "championId": 89
      },
      {
        "summonerId": 34385869,
        "teamId": 200,
        "championId": 64
      },
      {
        "summonerId": 33068713,
        "teamId": 200,
        "championId": 48
      },
      {
        "summonerId": 40227845,
        "teamId": 200,
        "championId": 222
      }
    ],
    "stats": {
      "level": 12,
      "goldEarned": 6635,
      "numDeaths": 3,
      "minionsKilled": 54,
      "championsKilled": 5,
      "goldSpent": 6200,
      "totalDamageDealt": 38139,
      "totalDamageTaken": 10573,
      "killingSprees": 2,
      "largestKillingSpree": 2,
      "team": 100,
      "win": true,
      "largestMultiKill": 1,
      "physicalDamageDealtPlayer": 7960,
      "magicDamageDealtPlayer": 29627,
      "physicalDamageTaken": 7291,
      "magicDamageTaken": 3112,
      "timePlayed": 1226,
      "totalHeal": 382,
      "totalUnitsHealed": 1,
      "assists": 7,
      "item0": 3020,
      "item1": 3135,
      "item2": 1026,
      "item3": 3136,
      "item6": 3340,
      "sightWardsBought": 1,
      "magicDamageDealtToChampions": 8426,
      "physicalDamageDealtToChampions": 1659,
      "totalDamageDealtToChampions": 10472,
      "trueDamageDealtPlayer": 552,
      "trueDamageDealtToChampions": 386,
      "trueDamageTaken": 170,
      "wardPlaced": 5,
      "totalTimeCrowdControlDealt": 27
    }
  },
  "26060663": {
    "gameId": 825985647,
    "invalid": false,
    "gameMode": "CLASSIC",
    "gameType": "MATCHED_GAME",
    "subType": "NORMAL",
    "mapId": 1,
    "teamId": 100,
    "championId": 67,
    "spell1": 7,
    "spell2": 4,
    "level": 30,
    "ipEarned": 76,
    "createDate": 1399030541558,
    "fellowPlayers": [
      {
        "summonerId": 40716532,
        "teamId": 100,
        "championId": 5
      },
      {
        "summonerId": 38899213,
        "teamId": 200,
        "championId": 76
      },
      {
        "summonerId": 41959758,
        "teamId": 100,
        "championId": 114
      },
      {
        "summonerId": 39493057,
        "teamId": 100,
        "championId": 25
      },
      {
        "summonerId": 42013997,
        "teamId": 200,
        "championId": 89
      },
      {
        "summonerId": 34385869,
        "teamId": 200,
        "championId": 64
      },
      {
        "summonerId": 33068713,
        "teamId": 200,
        "championId": 48
      },
      {
        "summonerId": 40227845,
        "teamId": 200,
        "championId": 222
      },
      {
        "summonerId": 42843768,
        "teamId": 100,
        "championId": 55
      }
    ],
    "stats": {
      "level": 14,
      "goldEarned": 14434,
      "numDeaths": 1,
      "turretsKilled": 2,
      "minionsKilled": 172,
      "championsKilled": 28,
      "goldSpent": 9885,
      "totalDamageDealt": 124140,
      "totalDamageTaken": 12786,
      "doubleKills": 7,
      "tripleKills": 3,
      "quadraKills": 1,
      "pentaKills": 1,
      "killingSprees": 2,
      "largestKillingSpree": 19,
      "team": 100,
      "win": true,
      "neutralMinionsKilled": 4,
      "largestMultiKill": 5,
      "physicalDamageDealtPlayer": 114477,
      "magicDamageDealtPlayer": 89,
      "physicalDamageTaken": 9998,
      "magicDamageTaken": 2322,
      "largestCriticalStrike": 516,
      "timePlayed": 1226,
      "totalHeal": 3505,
      "totalUnitsHealed": 2,
      "assists": 9,
      "item0": 3153,
      "item1": 3035,
      "item2": 3046,
      "item3": 1055,
      "item4": 3006,
      "item6": 3340,
      "magicDamageDealtToChampions": 89,
      "physicalDamageDealtToChampions": 31130,
      "totalDamageDealtToChampions": 36826,
      "trueDamageDealtPlayer": 9573,
      "trueDamageDealtToChampions": 5607,
      "trueDamageTaken": 466,
      "wardPlaced": 3,
      "neutralMinionsKilledEnemyJungle": 1,
      "neutralMinionsKilledYourJungle": 3,
      "totalTimeCrowdControlDealt": 281
    }
  },
  "34385869": {
    "gameId": 825985647,
    "invalid": false,
    "gameMode": "CLASSIC",
    "gameType": "MATCHED_GAME",
    "subType": "NORMAL",
    "mapId": 1,
    "teamId": 200,
    "championId": 64,
    "spell1": 14,
    "spell2": 4,
    "level": 30,
    "ipEarned": 51,
    "createDate": 1399030541597,
    "fellowPlayers": [
      {
        "summonerId": 26060663,
        "teamId": 100,
        "championId": 67
      },
      {
        "summonerId": 40716532,
        "teamId": 100,
        "championId": 5
      },
      {
        "summonerId": 38899213,
        "teamId": 200,
        "championId": 76
      },
      {
        "summonerId": 41959758,
        "teamId": 100,
        "championId": 114
      },
      {
        "summonerId": 39493057,
        "teamId": 100,
        "championId": 25
      },
      {
        "summonerId": 42013997,
        "teamId": 200,
        "championId": 89
      },
      {
        "summonerId": 33068713,
        "teamId": 200,
        "championId": 48
      },
      {
        "summonerId": 40227845,
        "teamId": 200,
        "championId": 222
      },
      {
        "summonerId": 42843768,
        "teamId": 100,
        "championId": 55
      }
    ],
    "stats": {
      "level": 12,
      "goldEarned": 7719,
      "numDeaths": 7,
      "minionsKilled": 112,
      "championsKilled": 8,
      "goldSpent": 7700,
      "totalDamageDealt": 69866,
      "totalDamageTaken": 13837,
      "doubleKills": 1,
      "killingSprees": 3,
      "largestKillingSpree": 3,
      "team": 200,
      "win": false,
      "neutralMinionsKilled": 2,
      "largestMultiKill": 2,
      "physicalDamageDealtPlayer": 49463,
      "magicDamageDealtPlayer": 19719,
      "physicalDamageTaken": 11436,
      "magicDamageTaken": 1670,
      "timePlayed": 1226,
      "totalHeal": 795,
      "totalUnitsHealed": 1,
      "item0": 3074,
      "item1": 3117,
      "item2": 2003,
      "item3": 3035,
      "item4": 1055,
      "item6": 3340,
      "sightWardsBought": 2,
      "magicDamageDealtToChampions": 1486,
      "physicalDamageDealtToChampions": 8735,
      "totalDamageDealtToChampions": 10661,
      "trueDamageDealtPlayer": 684,
      "trueDamageDealtToChampions": 440,
      "trueDamageTaken": 731,
      "wardPlaced": 4,
      "neutralMinionsKilledYourJungle": 2,
      "totalTimeCrowdControlDealt": 241
    }
  },
  "42013997": {
    "gameId": 825985647,
    "invalid": false,
    "gameMode": "CLASSIC",
    "gameType": "MATCHED_GAME",
    "subType": "NORMAL",
    "mapId": 1,
    "teamId": 200,
    "championId": 89,
    "spell1": 14,
    "spell2": 21,
    "level": 29,
    "ipEarned": 51,
    "createDate": 1399030541602,
    "fellowPlayers": [
      {
        "summonerId": 26060663,
        "teamId": 100,
        "championId": 67
      },
      {
        "summonerId": 40716532,
        "teamId": 100,
        "championId": 5
      },
      {
        "summonerId": 38899213,
        "teamId": 200,
        "championId": 76
      },
      {
        "summonerId": 41959758,
        "teamId": 100,
        "championId": 114
      },
      {
        "summonerId": 39493057,
        "teamId": 100,
        "championId": 25
      },
      {
        "summonerId": 34385869,
        "teamId": 200,
        "championId": 64
      },
      {
        "summonerId": 33068713,
        "teamId": 200,
        "championId": 48
      },
      {
        "summonerId": 40227845,
        "teamId": 200,
        "championId": 222
      },
      {
        "summonerId": 42843768,
        "teamId": 100,
        "championId": 55
      }
    ],
    "stats": {
      "level": 7,
      "goldEarned": 2807,
      "numDeaths": 11,
      "minionsKilled": 4,
      "goldSpent": 2585,
      "totalDamageDealt": 7362,
      "totalDamageTaken": 16392,
      "team": 200,
      "win": false,
      "neutralMinionsKilled": 1,
      "physicalDamageDealtPlayer": 2182,
      "magicDamageDealtPlayer": 4069,
      "physicalDamageTaken": 11141,
      "magicDamageTaken": 3217,
      "timePlayed": 1226,
      "totalHeal": 776,
      "totalUnitsHealed": 2,
      "item0": 3401,
      "item1": 2003,
      "item6": 3340,
      "magicDamageDealtToChampions": 1437,
      "physicalDamageDealtToChampions": 1566,
      "totalDamageDealtToChampions": 3604,
      "trueDamageDealtPlayer": 1110,
      "trueDamageDealtToChampions": 600,
      "trueDamageTaken": 2033,
      "wardPlaced": 1,
      "neutralMinionsKilledYourJungle": 1,
      "totalTimeCrowdControlDealt": 20
    }
  },
  "40716532": {
    "gameId": 825985647,
    "invalid": false,
    "gameMode": "CLASSIC",
    "gameType": "MATCHED_GAME",
    "subType": "NORMAL",
    "mapId": 1,
    "teamId": 100,
    "championId": 5,
    "spell1": 14,
    "spell2": 4,
    "level": 30,
    "ipEarned": 226,
    "createDate": 1399030541559,
    "fellowPlayers": [
      {
        "summonerId": 26060663,
        "teamId": 100,
        "championId": 67
      },
      {
        "summonerId": 38899213,
        "teamId": 200,
        "championId": 76
      },
      {
        "summonerId": 41959758,
        "teamId": 100,
        "championId": 114
      },
      {
        "summonerId": 39493057,
        "teamId": 100,
        "championId": 25
      },
      {
        "summonerId": 42013997,
        "teamId": 200,
        "championId": 89
      },
      {
        "summonerId": 34385869,
        "teamId": 200,
        "championId": 64
      },
      {
        "summonerId": 33068713,
        "teamId": 200,
        "championId": 48
      },
      {
        "summonerId": 40227845,
        "teamId": 200,
        "championId": 222
      },
      {
        "summonerId": 42843768,
        "teamId": 100,
        "championId": 55
      }
    ],
    "stats": {
      "level": 10,
      "goldEarned": 5473,
      "numDeaths": 2,
      "turretsKilled": 1,
      "minionsKilled": 34,
      "championsKilled": 2,
      "goldSpent": 4665,
      "totalDamageDealt": 23738,
      "totalDamageTaken": 7893,
      "team": 100,
      "win": true,
      "largestMultiKill": 1,
      "physicalDamageDealtPlayer": 21518,
      "magicDamageDealtPlayer": 1674,
      "physicalDamageTaken": 6310,
      "magicDamageTaken": 1523,
      "timePlayed": 1226,
      "totalHeal": 1464,
      "totalUnitsHealed": 1,
      "assists": 4,
      "item0": 1055,
      "item1": 3071,
      "item2": 1037,
      "item3": 2003,
      "item6": 3340,
      "magicDamageDealtToChampions": 471,
      "physicalDamageDealtToChampions": 3805,
      "totalDamageDealtToChampions": 4429,
      "trueDamageDealtPlayer": 546,
      "trueDamageDealtToChampions": 152,
      "trueDamageTaken": 60,
      "wardPlaced": 2,
      "totalTimeCrowdControlDealt": 159
    }
  },
  "33068713": {
    "gameId": 825985647,
    "invalid": false,
    "gameMode": "CLASSIC",
    "gameType": "MATCHED_GAME",
    "subType": "NORMAL",
    "mapId": 1,
    "teamId": 200,
    "championId": 48,
    "spell1": 4,
    "spell2": 11,
    "level": 30,
    "ipEarned": 51,
    "createDate": 1399030541600,
    "fellowPlayers": [
      {
        "summonerId": 26060663,
        "teamId": 100,
        "championId": 67
      },
      {
        "summonerId": 40716532,
        "teamId": 100,
        "championId": 5
      },
      {
        "summonerId": 38899213,
        "teamId": 200,
        "championId": 76
      },
      {
        "summonerId": 41959758,
        "teamId": 100,
        "championId": 114
      },
      {
        "summonerId": 39493057,
        "teamId": 100,
        "championId": 25
      },
      {
        "summonerId": 42013997,
        "teamId": 200,
        "championId": 89
      },
      {
        "summonerId": 34385869,
        "teamId": 200,
        "championId": 64
      },
      {
        "summonerId": 40227845,
        "teamId": 200,
        "championId": 222
      },
      {
        "summonerId": 42843768,
        "teamId": 100,
        "championId": 55
      }
    ],
    "stats": {
      "level": 9,
      "goldEarned": 4835,
      "numDeaths": 11,
      "minionsKilled": 13,
      "championsKilled": 1,
      "goldSpent": 3845,
      "totalDamageDealt": 44643,
      "totalDamageTaken": 20593,
      "team": 200,
      "win": false,
      "neutralMinionsKilled": 42,
      "largestMultiKill": 1,
      "physicalDamageDealtPlayer": 32790,
      "magicDamageDealtPlayer": 8848,
      "physicalDamageTaken": 14632,
      "magicDamageTaken": 4256,
      "timePlayed": 1226,
      "totalHeal": 3170,
      "totalUnitsHealed": 1,
      "assists": 4,
      "item0": 3154,
      "item1": 3144,
      "item2": 2004,
      "item3": 1042,
      "item6": 3341,
      "magicDamageDealtToChampions": 988,
      "physicalDamageDealtToChampions": 5643,
      "totalDamageDealtToChampions": 6906,
      "trueDamageDealtPlayer": 3004,
      "trueDamageDealtToChampions": 274,
      "trueDamageTaken": 1703,
      "neutralMinionsKilledEnemyJungle": 14,
      "neutralMinionsKilledYourJungle": 28,
      "totalTimeCrowdControlDealt": 484
    }
  }
}