{
  "22788277": {
    "gameId": 825985208,
    "invalid": false,
    "gameMode": "CLASSIC",
    "gameType": "MATCHED_GAME",
    "subType": "RANKED_SOLO_5x5",
    "mapId": 1,
    "teamId": 100,
    "championId": 127,
    "spell1": 14,
    "spell2": 4,
    "level": 30,
    "ipEarned": 99,
    "createDate": 1399031641349,
    "fellowPlayers": [
      {
        "summonerId": 27334638,
        "teamId": 200,
        "championId": 12
      },
      {
        "summonerId": 26084120,
        "teamId": 200,
        "championId": 11
      },
      {
        "summonerId": 22272528,
        "teamId": 100,
        "championId": 59
      },
      {
        "summonerId": 22473448,
        "teamId": 200,
        "championId": 25
      },
      {
        "summonerId": 30052749,
        "teamId": 200,
        "championId": 236
      },
      {
        "summonerId": 26266653,
        "teamId": 100,
        "championId": 89
      },
      {
        "summonerId": 36573793,
        "teamId": 200,
        "championId": 106
      },
      {
        "summonerId": 33304898,
        "teamId": 100,
        "championId": 13
      },
      {
        "summonerId": 20279913,
        "teamId": 100,
        "championId": 81
      }
    ],
    "stats": {
      "level": 17,
      "goldEarned": 13673,
      "numDeaths": 8,
      "barracksKilled": 1,
      "minionsKilled": 180,
      "championsKilled": 6,
      "goldSpent": 11280,
      "totalDamageDealt": 161439,
      "totalDamageTaken": 27661,
      "killingSprees": 1,
      "largestKillingSpree": 3,
      "team": 100,
      "win": true,
      "neutralMinionsKilled": 15,
      "largestMultiKill": 1,
      "physicalDamageDealtPlayer": 16971,
      "magicDamageDealtPlayer": 143573,
      "physicalDamageTaken": 12794,
      "magicDamageTaken": 13170,
      "timePlayed": 2146,
      "totalHeal": 200,
      "totalUnitsHealed": 1,
      "assists": 19,
      "item0": 3157,
      "item1": 1056,
      "item2": 1056,
      "item3": 3151,
      "item4": 3027,
      "item5": 3020,
      "item6": 3340,
      "magicDamageDealtToChampions": 25034,
      "physicalDamageDealtToChampions": 2650,
      "totalDamageDealtToChampions": 28579,
      "trueDamageDealtPlayer": 894,
      "trueDamageDealtToChampions": 894,
      "trueDamageTaken": 1696,
      "wardPlaced": 3,
      "neutralMinionsKilledEnemyJungle": 11,
      "neutralMinionsKilledYourJungle": 4,
      "totalTimeCrowdControlDealt": 426
    }
  },
  "summonerCount": 10,
  "26266653": {
    "gameId": 825985208,
    "invalid": false,
    "gameMode": "CLASSIC",
    "gameType": "MATCHED_GAME",
    "subType": "RANKED_SOLO_5x5",
    "mapId": 1,
    "teamId": 100,
    "championId": 89,
    "spell1": 4,
    "spell2": 7,
    "level": 30,
    "ipEarned": 99,
    "createDate": 1399031641352,
    "fellowPlayers": [
      {
        "summonerId": 27334638,
        "teamId": 200,
        "championId": 12
      },
      {
        "summonerId": 26084120,
        "teamId": 200,
        "championId": 11
      },
      {
        "summonerId": 22272528,
        "teamId": 100,
        "championId": 59
      },
      {
        "summonerId": 22788277,
        "teamId": 100,
        "championId": 127
      },
      {
        "summonerId": 22473448,
        "teamId": 200,
        "championId": 25
      },
      {
        "summonerId": 30052749,
        "teamId": 200,
        "championId": 236
      },
      {
        "summonerId": 36573793,
        "teamId": 200,
        "championId": 106
      },
      {
        "summonerId": 33304898,
        "teamId": 100,
        "championId": 13
      },
      {
        "summonerId": 20279913,
        "teamId": 100,
        "championId": 81
      }
    ],
    "stats": {
      "level": 16,
      "goldEarned": 11759,
      "numDeaths": 5,
      "turretsKilled": 2,
      "minionsKilled": 20,
      "championsKilled": 5,
      "goldSpent": 9970,
      "totalDamageDealt": 26381,
      "totalDamageTaken": 28043,
      "doubleKills": 1,
      "killingSprees": 2,
      "largestKillingSpree": 2,
      "team": 100,
      "win": true,
      "largestMultiKill": 2,
      "physicalDamageDealtPlayer": 8015,
      "magicDamageDealtPlayer": 16148,
      "physicalDamageTaken": 18079,
      "magicDamageTaken": 8450,
      "timePlayed": 2146,
      "totalHeal": 4541,
      "totalUnitsHealed": 5,
      "assists": 22,
      "item0": 3047,
      "item1": 3068,
      "item2": 3143,
      "item3": 2045,
      "item4": 3302,
      "item5": 1011,
      "item6": 3340,
      "sightWardsBought": 1,
      "magicDamageDealtToChampions": 9361,
      "physicalDamageDealtToChampions": 3271,
      "totalDamageDealtToChampions": 12743,
      "trueDamageDealtPlayer": 2217,
      "trueDamageDealtToChampions": 110,
      "trueDamageTaken": 1514,
      "wardPlaced": 19,
      "totalTimeCrowdControlDealt": 195
    }
  },
  "22272528": {
    "gameId": 825985208,
    "invalid": false,
    "gameMode": "CLASSIC",
    "gameType": "MATCHED_GAME",
    "subType": "RANKED_SOLO_5x5",
    "mapId": 1,
    "teamId": 100,
    "championId": 59,
    "spell1": 4,
    "spell2": 11,
    "level": 30,
    "ipEarned": 99,
    "createDate": 1399031641350,
    "fellowPlayers": [
      {
        "summonerId": 27334638,
        "teamId": 200,
        "championId": 12
      },
      {
        "summonerId": 26084120,
        "teamId": 200,
        "championId": 11
      },
      {
        "summonerId": 22788277,
        "teamId": 100,
        "championId": 127
      },
      {
        "summonerId": 22473448,
        "teamId": 200,
        "championId": 25
      },
      {
        "summonerId": 30052749,
        "teamId": 200,
        "championId": 236
      },
      {
        "summonerId": 26266653,
        "teamId": 100,
        "championId": 89
      },
      {
        "summonerId": 36573793,
        "teamId": 200,
        "championId": 106
      },
      {
        "summonerId": 33304898,
        "teamId": 100,
        "championId": 13
      },
      {
        "summonerId": 20279913,
        "teamId": 100,
        "championId": 81
      }
    ],
    "stats": {
      "level": 17,
      "goldEarned": 13259,
      "numDeaths": 7,
      "minionsKilled": 29,
      "championsKilled": 8,
      "goldSpent": 11935,
      "totalDamageDealt": 117300,
      "totalDamageTaken": 23053,
      "doubleKills": 1,
      "tripleKills": 1,
      "killingSprees": 2,
      "largestKillingSpree": 4,
      "team": 100,
      "win": true,
      "neutralMinionsKilled": 78,
      "largestMultiKill": 3,
      "physicalDamageDealtPlayer": 80433,
      "magicDamageDealtPlayer": 27807,
      "physicalDamageTaken": 15889,
      "magicDamageTaken": 5339,
      "timePlayed": 2146,
      "totalHeal": 2392,
      "totalUnitsHealed": 1,
      "assists": 19,
      "item0": 1011,
      "item1": 3071,
      "item2": 3075,
      "item3": 3265,
      "item4": 3156,
      "item6": 3341,
      "magicDamageDealtToChampions": 4627,
      "physicalDamageDealtToChampions": 10498,
      "totalDamageDealtToChampions": 15662,
      "trueDamageDealtPlayer": 9060,
      "trueDamageDealtToChampions": 536,
      "trueDamageTaken": 1825,
      "wardKilled": 2,
      "neutralMinionsKilledEnemyJungle": 12,
      "neutralMinionsKilledYourJungle": 66,
      "totalTimeCrowdControlDealt": 484
    }
  },
  "26084120": {
    "gameId": 825985208,
    "invalid": false,
    "gameMode": "CLASSIC",
    "gameType": "MATCHED_GAME",
    "subType": "RANKED_SOLO_5x5",
    "mapId": 1,
    "teamId": 200,
    "championId": 11,
    "spell1": 4,
    "spell2": 11,
    "level": 30,
    "ipEarned": 65,
    "createDate": 1399031641355,
    "fellowPlayers": [
      {
        "summonerId": 27334638,
        "teamId": 200,
        "championId": 12
      },
      {
        "summonerId": 22272528,
        "teamId": 100,
        "championId": 59
      },
      {
        "summonerId": 22788277,
        "teamId": 100,
        "championId": 127
      },
      {
        "summonerId": 22473448,
        "teamId": 200,
        "championId": 25
      },
      {
        "summonerId": 30052749,
        "teamId": 200,
        "championId": 236
      },
      {
        "summonerId": 26266653,
        "teamId": 100,
        "championId": 89
      },
      {
        "summonerId": 36573793,
        "teamId": 200,
        "championId": 106
      },
      {
        "summonerId": 33304898,
        "teamId": 100,
        "championId": 13
      },
      {
        "summonerId": 20279913,
        "teamId": 100,
        "championId": 81
      }
    ],
    "stats": {
      "level": 17,
      "goldEarned": 14247,
      "numDeaths": 10,
      "turretsKilled": 1,
      "minionsKilled": 80,
      "championsKilled": 11,
      "goldSpent": 13258,
      "totalDamageDealt": 232353,
      "totalDamageTaken": 37127,
      "doubleKills": 4,
      "killingSprees": 5,
      "largestKillingSpree": 3,
      "team": 200,
      "win": false,
      "neutralMinionsKilled": 114,
      "largestMultiKill": 2,
      "physicalDamageDealtPlayer": 171576,
      "magicDamageDealtPlayer": 40577,
      "physicalDamageTaken": 20528,
      "magicDamageTaken": 15462,
      "largestCriticalStrike": 835,
      "timePlayed": 2146,
      "totalHeal": 7151,
      "totalUnitsHealed": 1,
      "assists": 5,
      "item0": 3160,
      "item1": 3142,
      "item2": 3078,
      "item3": 3006,
      "item4": 3035,
      "item5": 3211,
      "item6": 3340,
      "magicDamageDealtToChampions": 1968,
      "physicalDamageDealtToChampions": 18708,
      "totalDamageDealtToChampions": 24239,
      "trueDamageDealtPlayer": 20200,
      "trueDamageDealtToChampions": 3562,
      "trueDamageTaken": 1136,
      "wardPlaced": 7,
      "neutralMinionsKilledEnemyJungle": 8,
      "neutralMinionsKilledYourJungle": 106,
      "totalTimeCrowdControlDealt": 525
    }
  },
  "33304898": {
    "gameId": 825985208,
    "invalid": false,
    "gameMode": "CLASSIC",
    "gameType": "MATCHED_GAME",
    "subType": "RANKED_SOLO_5x5",
    "mapId": 1,
    "teamId": 100,
    "championId": 13,
    "spell1": 4,
    "spell2": 14,
    "level": 30,
    "ipEarned": 99,
    "createDate": 1399031641354,
    "fellowPlayers": [
      {
        "summonerId": 27334638,
        "teamId": 200,
        "championId": 12
      },
      {
        "summonerId": 26084120,
        "teamId": 200,
        "championId": 11
      },
      {
        "summonerId": 22272528,
        "teamId": 100,
        "championId": 59
      },
      {
        "summonerId": 22788277,
        "teamId": 100,
        "championId": 127
      },
      {
        "summonerId": 22473448,
        "teamId": 200,
        "championId": 25
      },
      {
        "summonerId": 30052749,
        "teamId": 200,
        "championId": 236
      },
      {
        "summonerId": 26266653,
        "teamId": 100,
        "championId": 89
      },
      {
        "summonerId": 36573793,
        "teamId": 200,
        "championId": 106
      },
      {
        "summonerId": 20279913,
        "teamId": 100,
        "championId": 81
      }
    ],
    "stats": {
      "level": 17,
      "goldEarned": 11315,
      "numDeaths": 3,
      "turretsKilled": 2,
      "minionsKilled": 133,
      "championsKilled": 6,
      "goldSpent": 10390,
      "totalDamageDealt": 107066,
      "totalDamageTaken": 16764,
      "killingSprees": 3,
      "largestKillingSpree": 2,
      "team": 100,
      "win": true,
      "neutralMinionsKilled": 12,
      "largestMultiKill": 1,
      "physicalDamageDealtPlayer": 29621,
      "magicDamageDealtPlayer": 76459,
      "physicalDamageTaken": 10547,
      "magicDamageTaken": 5854,
      "timePlayed": 2146,
      "totalHeal": 2588,
      "totalUnitsHealed": 1,
      "assists": 7,
      "item0": 3040,
      "item1": 3110,
      "item2": 3027,
      "item3": 1056,
      "item5": 3255,
      "item6": 3340,
      "magicDamageDealtToChampions": 18449,
      "physicalDamageDealtToChampions": 2145,
      "totalDamageDealtToChampions": 21581,
      "trueDamageDealtPlayer": 986,
      "trueDamageDealtToChampions": 986,
      "trueDamageTaken": 362,
      "wardPlaced": 9,
      "neutralMinionsKilledYourJungle": 12,
      "totalTimeCrowdControlDealt": 89
    }
  },
  "36573793": {
    "gameId": 825985208,
    "invalid": false,
    "gameMode": "CLASSIC",
    "gameType": "MATCHED_GAME",
    "subType": "RANKED_SOLO_5x5",
    "mapId": 1,
    "teamId": 200,
    "championId": 106,
    "spell1": 4,
    "spell2": 14,
    "level": 30,
    "ipEarned": 65,
    "createDate": 1399031641358,
    "fellowPlayers": [
      {
        "summonerId": 27334638,
        "teamId": 200,
        "championId": 12
      },
      {
        "summonerId": 26084120,
        "teamId": 200,
        "championId": 11
      },
      {
        "summonerId": 22272528,
        "teamId": 100,
        "championId": 59
      },
      {
        "summonerId": 22788277,
        "teamId": 100,
        "championId": 127
      },
      {
        "summonerId": 22473448,
        "teamId": 200,
        "championId": 25
      },
      {
        "summonerId": 30052749,
        "teamId": 200,
        "championId": 236
      },
      {
        "summonerId": 26266653,
        "teamId": 100,
        "championId": 89
      },
      {
        "summonerId": 33304898,
        "teamId": 100,
        "championId": 13
      },
      {
        "summonerId": 20279913,
        "teamId": 100,
        "championId": 81
      }
    ],
    "stats": {
      "level": 16,
      "goldEarned": 10761,
      "numDeaths": 9,
      "minionsKilled": 106,
      "championsKilled": 9,
      "goldSpent": 10725,
      "totalDamageDealt": 58033,
      "totalDamageTaken": 43048,
      "doubleKills": 1,
      "killingSprees": 2,
      "largestKillingSpree": 2,
      "team": 200,
      "win": false,
      "largestMultiKill": 2,
      "physicalDamageDealtPlayer": 33982,
      "magicDamageDealtPlayer": 22002,
      "physicalDamageTaken": 20541,
      "magicDamageTaken": 20643,
      "timePlayed": 2146,
      "totalHeal": 3018,
      "totalUnitsHealed": 1,
      "assists": 10,
      "item0": 3265,
      "item1": 3068,
      "item2": 3143,
      "item3": 1054,
      "item5": 3065,
      "item6": 3340,
      "magicDamageDealtToChampions": 5351,
      "physicalDamageDealtToChampions": 5802,
      "totalDamageDealtToChampions": 13201,
      "trueDamageDealtPlayer": 2048,
      "trueDamageDealtToChampions": 2048,
      "trueDamageTaken": 1864,
      "wardPlaced": 3,
      "totalTimeCrowdControlDealt": 1121
    }
  },
  "20279913": {
    "gameId": 825985208,
    "invalid": false,
    "gameMode": "CLASSIC",
    "gameType": "MATCHED_GAME",
    "subType": "RANKED_SOLO_5x5",
    "mapId": 1,
    "teamId": 100,
    "championId": 81,
    "spell1": 21,
    "spell2": 4,
    "level": 30,
    "ipEarned": 99,
    "createDate": 1399031641351,
    "fellowPlayers": [
      {
        "summonerId": 27334638,
        "teamId": 200,
        "championId": 12
      },
      {
        "summonerId": 26084120,
        "teamId": 200,
        "championId": 11
      },
      {
        "summonerId": 22272528,
        "teamId": 100,
        "championId": 59
      },
      {
        "summonerId": 22788277,
        "teamId": 100,
        "championId": 127
      },
      {
        "summonerId": 22473448,
        "teamId": 200,
        "championId": 25
      },
      {
        "summonerId": 30052749,
        "teamId": 200,
        "championId": 236
      },
      {
        "summonerId": 26266653,
        "teamId": 100,
        "championId": 89
      },
      {
        "summonerId": 36573793,
        "teamId": 200,
        "championId": 106
      },
      {
        "summonerId": 33304898,
        "teamId": 100,
        "championId": 13
      }
    ],
    "stats": {
      "level": 18,
      "goldEarned": 18535,
      "numDeaths": 6,
      "barracksKilled": 2,
      "turretsKilled": 3,
      "minionsKilled": 235,
      "championsKilled": 20,
      "goldSpent": 15793,
      "totalDamageDealt": 230762,
      "totalDamageTaken": 31137,
      "doubleKills": 3,
      "tripleKills": 3,
      "killingSprees": 4,
      "largestKillingSpree": 6,
      "team": 100,
      "win": true,
      "neutralMinionsKilled": 23,
      "largestMultiKill": 3,
      "physicalDamageDealtPlayer": 194911,
      "magicDamageDealtPlayer": 30747,
      "physicalDamageTaken": 22112,
      "magicDamageTaken": 6869,
      "largestCriticalStrike": 1031,
      "timePlayed": 2146,
      "totalHeal": 2402,
      "totalUnitsHealed": 1,
      "assists": 13,
      "item0": 1055,
      "item1": 3031,
      "item2": 3078,
      "item3": 3072,
      "item4": 3252,
      "item5": 3035,
      "item6": 3362,
      "magicDamageDealtToChampions": 13453,
      "physicalDamageDealtToChampions": 45225,
      "totalDamageDealtToChampions": 61849,
      "trueDamageDealtPlayer": 5104,
      "trueDamageDealtToChampions": 3170,
      "trueDamageTaken": 2155,
      "wardPlaced": 9,
      "neutralMinionsKilledEnemyJungle": 14,
      "neutralMinionsKilledYourJungle": 9,
      "totalTimeCrowdControlDealt": 619
    }
  },
  "30052749": {
    "gameId": 825985208,
    "invalid": false,
    "gameMode": "CLASSIC",
    "gameType": "MATCHED_GAME",
    "subType": "RANKED_SOLO_5x5",
    "mapId": 1,
    "teamId": 200,
    "championId": 236,
    "spell1": 4,
    "spell2": 7,
    "level": 30,
    "ipEarned": 65,
    "createDate": 1399031641359,
    "fellowPlayers": [
      {
        "summonerId": 27334638,
        "teamId": 200,
        "championId": 12
      },
      {
        "summonerId": 26084120,
        "teamId": 200,
        "championId": 11
      },
      {
        "summonerId": 22272528,
        "teamId": 100,
        "championId": 59
      },
      {
        "summonerId": 22788277,
        "teamId": 100,
        "championId": 127
      },
      {
        "summonerId": 22473448,
        "teamId": 200,
        "championId": 25
      },
      {
        "summonerId": 26266653,
        "teamId": 100,
        "championId": 89
      },
      {
        "summonerId": 36573793,
        "teamId": 200,
        "championId": 106
      },
      {
        "summonerId": 33304898,
        "teamId": 100,
        "championId": 13
      },
      {
        "summonerId": 20279913,
        "teamId": 100,
        "championId": 81
      }
    ],
    "stats": {
      "level": 15,
      "goldEarned": 10714,
      "numDeaths": 8,
      "minionsKilled": 185,
      "championsKilled": 3,
      "goldSpent": 10995,
      "totalDamageDealt": 113907,
      "totalDamageTaken": 23710,
      "team": 200,
      "win": false,
      "neutralMinionsKilled": 4,
      "largestMultiKill": 1,
      "physicalDamageDealtPlayer": 104564,
      "magicDamageDealtPlayer": 9342,
      "physicalDamageTaken": 13559,
      "magicDamageTaken": 9712,
      "timePlayed": 2146,
      "totalHeal": 3516,
      "totalUnitsHealed": 4,
      "assists": 11,
      "item0": 3072,
      "item1": 3279,
      "item2": 3035,
      "item3": 3057,
      "item4": 3044,
      "item5": 1042,
      "item6": 3340,
      "sightWardsBought": 1,
      "magicDamageDealtToChampions": 2267,
      "physicalDamageDealtToChampions": 14707,
      "totalDamageDealtToChampions": 16975,
      "trueDamageTaken": 438,
      "wardPlaced": 4,
      "neutralMinionsKilledYourJungle": 4
    }
  },
  "22473448": {
    "gameId": 825985208,
    "invalid": false,
    "gameMode": "CLASSIC",
    "gameType": "MATCHED_GAME",
    "subType": "RANKED_SOLO_5x5",
    "mapId": 1,
    "teamId": 200,
    "championId": 25,
    "spell1": 14,
    "spell2": 4,
    "level": 30,
    "ipEarned": 65,
    "createDate": 1399031641357,
    "fellowPlayers": [
      {
        "summonerId": 27334638,
        "teamId": 200,
        "championId": 12
      },
      {
        "summonerId": 26084120,
        "teamId": 200,
        "championId": 11
      },
      {
        "summonerId": 22272528,
        "teamId": 100,
        "championId": 59
      },
      {
        "summonerId": 22788277,
        "teamId": 100,
        "championId": 127
      },
      {
        "summonerId": 30052749,
        "teamId": 200,
        "championId": 236
      },
      {
        "summonerId": 26266653,
        "teamId": 100,
        "championId": 89
      },
      {
        "summonerId": 36573793,
        "teamId": 200,
        "championId": 106
      },
      {
        "summonerId": 33304898,
        "teamId": 100,
        "championId": 13
      },
      {
        "summonerId": 20279913,
        "teamId": 100,
        "championId": 81
      }
    ],
    "stats": {
      "level": 15,
      "goldEarned": 8971,
      "numDeaths": 10,
      "minionsKilled": 133,
      "championsKilled": 5,
      "goldSpent": 7610,
      "totalDamageDealt": 106336,
      "totalDamageTaken": 26394,
      "killingSprees": 1,
      "largestKillingSpree": 3,
      "team": 200,
      "win": false,
      "largestMultiKill": 1,
      "physicalDamageDealtPlayer": 12675,
      "magicDamageDealtPlayer": 92018,
      "physicalDamageTaken": 12716,
      "magicDamageTaken": 12605,
      "timePlayed": 2146,
      "totalHeal": 315,
      "totalUnitsHealed": 1,
      "assists": 8,
      "item0": 1056,
      "item1": 3174,
      "item2": 3020,
      "item4": 3157,
      "item6": 3340,
      "sightWardsBought": 1,
      "magicDamageDealtToChampions": 26560,
      "physicalDamageDealtToChampions": 2282,
      "totalDamageDealtToChampions": 30485,
      "trueDamageDealtPlayer": 1642,
      "trueDamageDealtToChampions": 1642,
      "trueDamageTaken": 1072,
      "wardPlaced": 8,
      "totalTimeCrowdControlDealt": 157
    }
  },
  "27334638": {
    "gameId": 825985208,
    "invalid": false,
    "gameMode": "CLASSIC",
    "gameType": "MATCHED_GAME",
    "subType": "RANKED_SOLO_5x5",
    "mapId": 1,
    "teamId": 200,
    "championId": 12,
    "spell1": 4,
    "spell2": 3,
    "level": 30,
    "ipEarned": 65,
    "createDate": 1399031641360,
    "fellowPlayers": [
      {
        "summonerId": 26084120,
        "teamId": 200,
        "championId": 11
      },
      {
        "summonerId": 22272528,
        "teamId": 100,
        "championId": 59
      },
      {
        "summonerId": 22788277,
        "teamId": 100,
        "championId": 127
      },
      {
        "summonerId": 22473448,
        "teamId": 200,
        "championId": 25
      },
      {
        "summonerId": 30052749,
        "teamId": 200,
        "championId": 236
      },
      {
        "summonerId": 26266653,
        "teamId": 100,
        "championId": 89
      },
      {
        "summonerId": 36573793,
        "teamId": 200,
        "championId": 106
      },
      {
        "summonerId": 33304898,
        "teamId": 100,
        "championId": 13
      },
      {
        "summonerId": 20279913,
        "teamId": 100,
        "championId": 81
      }
    ],
    "stats": {
      "level": 15,
      "goldEarned": 7444,
      "numDeaths": 8,
      "minionsKilled": 13,
      "championsKilled": 1,
      "goldSpent": 7400,
      "totalDamageDealt": 20557,
      "totalDamageTaken": 31040,
      "team": 200,
      "win": false,
      "neutralMinionsKilled": 1,
      "largestMultiKill": 1,
      "physicalDamageDealtPlayer": 3498,
      "magicDamageDealtPlayer": 17058,
      "physicalDamageTaken": 17352,
      "magicDamageTaken": 12502,
      "timePlayed": 2146,
      "totalHeal": 10635,
      "totalUnitsHealed": 22,
      "assists": 12,
      "item0": 3069,
      "item1": 2045,
      "item2": 1031,
      "item3": 3024,
      "item4": 3111,
      "item5": 1029,
      "item6": 3340,
      "sightWardsBought": 2,
      "magicDamageDealtToChampions": 3535,
      "physicalDamageDealtToChampions": 1871,
      "totalDamageDealtToChampions": 5407,
      "trueDamageTaken": 1186,
      "wardPlaced": 26,
      "neutralMinionsKilledYourJungle": 1,
      "totalTimeCrowdControlDealt": 157
    }
  }
}