{
  "29596106": {
    "gameId": 825983259,
    "invalid": false,
    "gameMode": "CLASSIC",
    "gameType": "MATCHED_GAME",
    "subType": "NORMAL",
    "mapId": 1,
    "teamId": 100,
    "championId": 22,
    "spell1": 4,
    "spell2": 21,
    "level": 30,
    "ipEarned": 110,
    "createDate": 1399031615383,
    "fellowPlayers": [
      {
        "summonerId": 25293392,
        "teamId": 200,
        "championId": 64
      },
      {
        "summonerId": 32513360,
        "teamId": 200,
        "championId": 84
      },
      {
        "summonerId": 29494864,
        "teamId": 100,
        "championId": 69
      },
      {
        "summonerId": 27973133,
        "teamId": 200,
        "championId": 29
      },
      {
        "summonerId": 31837676,
        "teamId": 200,
        "championId": 82
      },
      {
        "summonerId": 40094749,
        "teamId": 200,
        "championId": 76
      },
      {
        "summonerId": 31435994,
        "teamId": 100,
        "championId": 412
      },
      {
        "summonerId": 34559464,
        "teamId": 100,
        "championId": 77
      },
      {
        "summonerId": 37733065,
        "teamId": 100,
        "championId": 24
      }
    ],
    "stats": {
      "level": 18,
      "goldEarned": 17429,
      "numDeaths": 5,
      "barracksKilled": 2,
      "turretsKilled": 3,
      "minionsKilled": 251,
      "championsKilled": 9,
      "goldSpent": 14655,
      "totalDamageDealt": 219706,
      "totalDamageTaken": 22122,
      "doubleKills": 2,
      "tripleKills": 1,
      "killingSprees": 2,
      "largestKillingSpree": 6,
      "team": 100,
      "win": true,
      "neutralMinionsKilled": 23,
      "largestMultiKill": 3,
      "physicalDamageDealtPlayer": 194014,
      "magicDamageDealtPlayer": 25349,
      "physicalDamageTaken": 15134,
      "magicDamageTaken": 5057,
      "largestCriticalStrike": 824,
      "timePlayed": 2452,
      "totalHeal": 1540,
      "totalUnitsHealed": 1,
      "assists": 5,
      "item0": 3072,
      "item1": 3006,
      "item2": 3031,
      "item3": 3087,
      "item4": 3046,
      "item5": 1037,
      "item6": 3340,
      "magicDamageDealtToChampions": 5655,
      "physicalDamageDealtToChampions": 26340,
      "totalDamageDealtToChampions": 32186,
      "trueDamageDealtPlayer": 342,
      "trueDamageDealtToChampions": 190,
      "trueDamageTaken": 1930,
      "wardPlaced": 9,
      "neutralMinionsKilledEnemyJungle": 2,
      "neutralMinionsKilledYourJungle": 21,
      "totalTimeCrowdControlDealt": 848
    }
  },
  "summonerCount": 10,
  "29494864": {
    "gameId": 825983259,
    "invalid": false,
    "gameMode": "CLASSIC",
    "gameType": "MATCHED_GAME",
    "subType": "NORMAL",
    "mapId": 1,
    "teamId": 100,
    "championId": 69,
    "spell1": 4,
    "spell2": 14,
    "level": 30,
    "ipEarned": 260,
    "createDate": 1399031615382,
    "fellowPlayers": [
      {
        "summonerId": 25293392,
        "teamId": 200,
        "championId": 64
      },
      {
        "summonerId": 32513360,
        "teamId": 200,
        "championId": 84
      },
      {
        "summonerId": 27973133,
        "teamId": 200,
        "championId": 29
      },
      {
        "summonerId": 31837676,
        "teamId": 200,
        "championId": 82
      },
      {
        "summonerId": 40094749,
        "teamId": 200,
        "championId": 76
      },
      {
        "summonerId": 31435994,
        "teamId": 100,
        "championId": 412
      },
      {
        "summonerId": 29596106,
        "teamId": 100,
        "championId": 22
      },
      {
        "summonerId": 34559464,
        "teamId": 100,
        "championId": 77
      },
      {
        "summonerId": 37733065,
        "teamId": 100,
        "championId": 24
      }
    ],
    "stats": {
      "level": 18,
      "goldEarned": 15698,
      "numDeaths": 3,
      "minionsKilled": 232,
      "championsKilled": 10,
      "goldSpent": 15150,
      "totalDamageDealt": 163765,
      "totalDamageTaken": 23909,
      "doubleKills": 1,
      "killingSprees": 3,
      "largestKillingSpree": 4,
      "team": 100,
      "win": true,
      "neutralMinionsKilled": 12,
      "largestMultiKill": 2,
      "physicalDamageDealtPlayer": 15831,
      "magicDamageDealtPlayer": 145932,
      "physicalDamageTaken": 13736,
      "magicDamageTaken": 8406,
      "timePlayed": 2452,
      "totalHeal": 2035,
      "totalUnitsHealed": 1,
      "assists": 7,
      "item0": 3116,
      "item1": 3174,
      "item2": 3191,
      "item3": 3151,
      "item4": 3255,
      "item5": 3089,
      "item6": 3340,
      "magicDamageDealtToChampions": 35267,
      "physicalDamageDealtToChampions": 978,
      "totalDamageDealtToChampions": 37989,
      "trueDamageDealtPlayer": 2001,
      "trueDamageDealtToChampions": 1743,
      "trueDamageTaken": 1766,
      "wardPlaced": 7,
      "neutralMinionsKilledEnemyJungle": 7,
      "neutralMinionsKilledYourJungle": 5,
      "totalTimeCrowdControlDealt": 2661
    }
  },
  "31837676": {
    "gameId": 825983259,
    "invalid": false,
    "gameMode": "CLASSIC",
    "gameType": "MATCHED_GAME",
    "subType": "NORMAL",
    "mapId": 1,
    "teamId": 200,
    "championId": 82,
    "spell1": 4,
    "spell2": 14,
    "level": 30,
    "ipEarned": 72,
    "createDate": 1399031615389,
    "fellowPlayers": [
      {
        "summonerId": 25293392,
        "teamId": 200,
        "championId": 64
      },
      {
        "summonerId": 32513360,
        "teamId": 200,
        "championId": 84
      },
      {
        "summonerId": 29494864,
        "teamId": 100,
        "championId": 69
      },
      {
        "summonerId": 27973133,
        "teamId": 200,
        "championId": 29
      },
      {
        "summonerId": 40094749,
        "teamId": 200,
        "championId": 76
      },
      {
        "summonerId": 31435994,
        "teamId": 100,
        "championId": 412
      },
      {
        "summonerId": 29596106,
        "teamId": 100,
        "championId": 22
      },
      {
        "summonerId": 34559464,
        "teamId": 100,
        "championId": 77
      },
      {
        "summonerId": 37733065,
        "teamId": 100,
        "championId": 24
      }
    ],
    "stats": {
      "level": 17,
      "goldEarned": 12685,
      "numDeaths": 7,
      "turretsKilled": 1,
      "minionsKilled": 204,
      "championsKilled": 7,
      "goldSpent": 12740,
      "totalDamageDealt": 148881,
      "totalDamageTaken": 23025,
      "doubleKills": 1,
      "killingSprees": 1,
      "largestKillingSpree": 4,
      "team": 200,
      "win": false,
      "neutralMinionsKilled": 10,
      "largestMultiKill": 2,
      "physicalDamageDealtPlayer": 15060,
      "magicDamageDealtPlayer": 130981,
      "physicalDamageTaken": 9160,
      "magicDamageTaken": 13089,
      "timePlayed": 2452,
      "totalHeal": 5357,
      "totalUnitsHealed": 1,
      "assists": 4,
      "item0": 3116,
      "item1": 3089,
      "item2": 3152,
      "item3": 3020,
      "item4": 3136,
      "item5": 1052,
      "item6": 3341,
      "magicDamageDealtToChampions": 23071,
      "physicalDamageDealtToChampions": 833,
      "totalDamageDealtToChampions": 25584,
      "trueDamageDealtPlayer": 2840,
      "trueDamageDealtToChampions": 1680,
      "trueDamageTaken": 775,
      "wardPlaced": 12,
      "neutralMinionsKilledEnemyJungle": 1,
      "neutralMinionsKilledYourJungle": 9,
      "totalTimeCrowdControlDealt": 193
    }
  },
  "37733065": {
    "gameId": 825983259,
    "invalid": false,
    "gameMode": "CLASSIC",
    "gameType": "MATCHED_GAME",
    "subType": "NORMAL",
    "mapId": 1,
    "teamId": 100,
    "championId": 24,
    "spell1": 12,
    "spell2": 4,
    "level": 30,
    "ipEarned": 110,
    "createDate": 1399031615379,
    "fellowPlayers": [
      {
        "summonerId": 25293392,
        "teamId": 200,
        "championId": 64
      },
      {
        "summonerId": 32513360,
        "teamId": 200,
        "championId": 84
      },
      {
        "summonerId": 29494864,
        "teamId": 100,
        "championId": 69
      },
      {
        "summonerId": 27973133,
        "teamId": 200,
        "championId": 29
      },
      {
        "summonerId": 31837676,
        "teamId": 200,
        "championId": 82
      },
      {
        "summonerId": 40094749,
        "teamId": 200,
        "championId": 76
      },
      {
        "summonerId": 31435994,
        "teamId": 100,
        "championId": 412
      },
      {
        "summonerId": 29596106,
        "teamId": 100,
        "championId": 22
      },
      {
        "summonerId": 34559464,
        "teamId": 100,
        "championId": 77
      }
    ],
    "stats": {
      "level": 18,
      "goldEarned": 12995,
      "numDeaths": 7,
      "turretsKilled": 6,
      "minionsKilled": 198,
      "championsKilled": 2,
      "goldSpent": 11430,
      "totalDamageDealt": 127946,
      "totalDamageTaken": 29910,
      "team": 100,
      "win": true,
      "neutralMinionsKilled": 10,
      "largestMultiKill": 1,
      "physicalDamageDealtPlayer": 110405,
      "magicDamageDealtPlayer": 17541,
      "physicalDamageTaken": 13467,
      "magicDamageTaken": 14931,
      "largestCriticalStrike": 436,
      "timePlayed": 2452,
      "totalHeal": 1707,
      "totalUnitsHealed": 1,
      "assists": 6,
      "item0": 1055,
      "item1": 3153,
      "item2": 3047,
      "item3": 3146,
      "item5": 3086,
      "item6": 3340,
      "sightWardsBought": 2,
      "magicDamageDealtToChampions": 2120,
      "physicalDamageDealtToChampions": 7851,
      "totalDamageDealtToChampions": 9971,
      "trueDamageTaken": 1512,
      "wardPlaced": 13,
      "neutralMinionsKilledEnemyJungle": 3,
      "neutralMinionsKilledYourJungle": 7,
      "totalTimeCrowdControlDealt": 56
    }
  },
  "27973133": {
    "gameId": 825983259,
    "invalid": false,
    "gameMode": "CLASSIC",
    "gameType": "MATCHED_GAME",
    "subType": "NORMAL",
    "mapId": 1,
    "teamId": 200,
    "championId": 29,
    "spell1": 4,
    "spell2": 21,
    "level": 30,
    "ipEarned": 72,
    "createDate": 1399031615390,
    "fellowPlayers": [
      {
        "summonerId": 25293392,
        "teamId": 200,
        "championId": 64
      },
      {
        "summonerId": 32513360,
        "teamId": 200,
        "championId": 84
      },
      {
        "summonerId": 29494864,
        "teamId": 100,
        "championId": 69
      },
      {
        "summonerId": 31837676,
        "teamId": 200,
        "championId": 82
      },
      {
        "summonerId": 40094749,
        "teamId": 200,
        "championId": 76
      },
      {
        "summonerId": 31435994,
        "teamId": 100,
        "championId": 412
      },
      {
        "summonerId": 29596106,
        "teamId": 100,
        "championId": 22
      },
      {
        "summonerId": 34559464,
        "teamId": 100,
        "championId": 77
      },
      {
        "summonerId": 37733065,
        "teamId": 100,
        "championId": 24
      }
    ],
    "stats": {
      "level": 17,
      "goldEarned": 13235,
      "numDeaths": 5,
      "minionsKilled": 181,
      "championsKilled": 8,
      "goldSpent": 11625,
      "totalDamageDealt": 126735,
      "totalDamageTaken": 26971,
      "doubleKills": 2,
      "killingSprees": 3,
      "largestKillingSpree": 4,
      "team": 200,
      "win": false,
      "neutralMinionsKilled": 16,
      "largestMultiKill": 2,
      "physicalDamageDealtPlayer": 117262,
      "magicDamageDealtPlayer": 80,
      "physicalDamageTaken": 15929,
      "magicDamageTaken": 10826,
      "largestCriticalStrike": 606,
      "timePlayed": 2452,
      "totalHeal": 2002,
      "totalUnitsHealed": 1,
      "assists": 7,
      "item0": 3006,
      "item1": 3153,
      "item2": 3072,
      "item3": 3046,
      "item4": 1037,
      "item6": 3340,
      "magicDamageDealtToChampions": 80,
      "physicalDamageDealtToChampions": 17937,
      "totalDamageDealtToChampions": 22412,
      "trueDamageDealtPlayer": 9392,
      "trueDamageDealtToChampions": 4394,
      "trueDamageTaken": 216,
      "wardKilled": 1,
      "wardPlaced": 9,
      "neutralMinionsKilledEnemyJungle": 5,
      "neutralMinionsKilledYourJungle": 11,
      "totalTimeCrowdControlDealt": 314
    }
  },
  "31435994": {
    "gameId": 825983259,
    "invalid": false,
    "gameMode": "CLASSIC",
    "gameType": "MATCHED_GAME",
    "subType": "NORMAL",
    "mapId": 1,
    "teamId": 100,
    "championId": 412,
    "spell1": 3,
    "spell2": 4,
    "level": 30,
    "ipEarned": 260,
    "createDate": 1399031615384,
    "fellowPlayers": [
      {
        "summonerId": 25293392,
        "teamId": 200,
        "championId": 64
      },
      {
        "summonerId": 32513360,
        "teamId": 200,
        "championId": 84
      },
      {
        "summonerId": 29494864,
        "teamId": 100,
        "championId": 69
      },
      {
        "summonerId": 27973133,
        "teamId": 200,
        "championId": 29
      },
      {
        "summonerId": 31837676,
        "teamId": 200,
        "championId": 82
      },
      {
        "summonerId": 40094749,
        "teamId": 200,
        "championId": 76
      },
      {
        "summonerId": 29596106,
        "teamId": 100,
        "championId": 22
      },
      {
        "summonerId": 34559464,
        "teamId": 100,
        "championId": 77
      },
      {
        "summonerId": 37733065,
        "teamId": 100,
        "championId": 24
      }
    ],
    "stats": {
      "level": 16,
      "goldEarned": 10724,
      "numDeaths": 7,
      "minionsKilled": 13,
      "championsKilled": 1,
      "goldSpent": 10425,
      "totalDamageDealt": 21177,
      "totalDamageTaken": 25565,
      "team": 100,
      "win": true,
      "largestMultiKill": 1,
      "physicalDamageDealtPlayer": 6581,
      "magicDamageDealtPlayer": 14595,
      "physicalDamageTaken": 11906,
      "magicDamageTaken": 12302,
      "timePlayed": 2452,
      "totalHeal": 652,
      "totalUnitsHealed": 1,
      "assists": 15,
      "item0": 3069,
      "item1": 2049,
      "item2": 3143,
      "item3": 1054,
      "item4": 3050,
      "item5": 3117,
      "item6": 3341,
      "sightWardsBought": 2,
      "visionWardsBought": 2,
      "magicDamageDealtToChampions": 7636,
      "physicalDamageDealtToChampions": 2146,
      "totalDamageDealtToChampions": 9783,
      "trueDamageTaken": 1356,
      "wardPlaced": 24,
      "totalTimeCrowdControlDealt": 177
    }
  },
  "34559464": {
    "gameId": 825983259,
    "invalid": false,
    "gameMode": "CLASSIC",
    "gameType": "MATCHED_GAME",
    "subType": "NORMAL",
    "mapId": 1,
    "teamId": 100,
    "championId": 77,
    "spell1": 11,
    "spell2": 4,
    "level": 30,
    "ipEarned": 110,
    "createDate": 1399031615381,
    "fellowPlayers": [
      {
        "summonerId": 25293392,
        "teamId": 200,
        "championId": 64
      },
      {
        "summonerId": 32513360,
        "teamId": 200,
        "championId": 84
      },
      {
        "summonerId": 29494864,
        "teamId": 100,
        "championId": 69
      },
      {
        "summonerId": 27973133,
        "teamId": 200,
        "championId": 29
      },
      {
        "summonerId": 31837676,
        "teamId": 200,
        "championId": 82
      },
      {
        "summonerId": 40094749,
        "teamId": 200,
        "championId": 76
      },
      {
        "summonerId": 31435994,
        "teamId": 100,
        "championId": 412
      },
      {
        "summonerId": 29596106,
        "teamId": 100,
        "championId": 22
      },
      {
        "summonerId": 37733065,
        "teamId": 100,
        "championId": 24
      }
    ],
    "stats": {
      "level": 18,
      "goldEarned": 13619,
      "numDeaths": 3,
      "minionsKilled": 41,
      "championsKilled": 5,
      "goldSpent": 10973,
      "totalDamageDealt": 205183,
      "totalDamageTaken": 30882,
      "killingSprees": 1,
      "largestKillingSpree": 4,
      "team": 100,
      "win": true,
      "neutralMinionsKilled": 125,
      "largestMultiKill": 1,
      "physicalDamageDealtPlayer": 129651,
      "magicDamageDealtPlayer": 55555,
      "physicalDamageTaken": 20532,
      "magicDamageTaken": 9193,
      "largestCriticalStrike": 516,
      "timePlayed": 2452,
      "totalHeal": 7603,
      "totalUnitsHealed": 1,
      "assists": 7,
      "item0": 3160,
      "item1": 3078,
      "item2": 3284,
      "item3": 3082,
      "item4": 3065,
      "item6": 3340,
      "magicDamageDealtToChampions": 1148,
      "physicalDamageDealtToChampions": 11570,
      "totalDamageDealtToChampions": 13639,
      "trueDamageDealtPlayer": 19976,
      "trueDamageDealtToChampions": 920,
      "trueDamageTaken": 1156,
      "wardKilled": 1,
      "wardPlaced": 5,
      "neutralMinionsKilledEnemyJungle": 20,
      "neutralMinionsKilledYourJungle": 105,
      "totalTimeCrowdControlDealt": 1176
    }
  },
  "25293392": {
    "gameId": 825983259,
    "invalid": false,
    "gameMode": "CLASSIC",
    "gameType": "MATCHED_GAME",
    "subType": "NORMAL",
    "mapId": 1,
    "teamId": 200,
    "championId": 64,
    "spell1": 4,
    "spell2": 11,
    "level": 30,
    "ipEarned": 72,
    "createDate": 1399031615385,
    "fellowPlayers": [
      {
        "summonerId": 32513360,
        "teamId": 200,
        "championId": 84
      },
      {
        "summonerId": 29494864,
        "teamId": 100,
        "championId": 69
      },
      {
        "summonerId": 27973133,
        "teamId": 200,
        "championId": 29
      },
      {
        "summonerId": 31837676,
        "teamId": 200,
        "championId": 82
      },
      {
        "summonerId": 40094749,
        "teamId": 200,
        "championId": 76
      },
      {
        "summonerId": 31435994,
        "teamId": 100,
        "championId": 412
      },
      {
        "summonerId": 29596106,
        "teamId": 100,
        "championId": 22
      },
      {
        "summonerId": 34559464,
        "teamId": 100,
        "championId": 77
      },
      {
        "summonerId": 37733065,
        "teamId": 100,
        "championId": 24
      }
    ],
    "stats": {
      "level": 16,
      "goldEarned": 11017,
      "numDeaths": 2,
      "minionsKilled": 44,
      "championsKilled": 4,
      "goldSpent": 9820,
      "totalDamageDealt": 105445,
      "totalDamageTaken": 32482,
      "killingSprees": 1,
      "largestKillingSpree": 3,
      "team": 200,
      "win": false,
      "neutralMinionsKilled": 62,
      "largestMultiKill": 1,
      "physicalDamageDealtPlayer": 64481,
      "magicDamageDealtPlayer": 30518,
      "physicalDamageTaken": 24063,
      "magicDamageTaken": 7574,
      "timePlayed": 2452,
      "totalHeal": 3389,
      "totalUnitsHealed": 1,
      "assists": 10,
      "item0": 3207,
      "item1": 3068,
      "item2": 3111,
      "item3": 3102,
      "item4": 2049,
      "item6": 3340,
      "magicDamageDealtToChampions": 2702,
      "physicalDamageDealtToChampions": 9438,
      "totalDamageDealtToChampions": 12552,
      "trueDamageDealtPlayer": 10445,
      "trueDamageDealtToChampions": 411,
      "trueDamageTaken": 844,
      "wardPlaced": 15,
      "neutralMinionsKilledEnemyJungle": 4,
      "neutralMinionsKilledYourJungle": 58,
      "totalTimeCrowdControlDealt": 292
    }
  },
  "32513360": {
    "gameId": 825983259,
    "invalid": false,
    "gameMode": "CLASSIC",
    "gameType": "MATCHED_GAME",
    "subType": "NORMAL",
    "mapId": 1,
    "teamId": 200,
    "championId": 84,
    "spell1": 4,
    "spell2": 14,
    "level": 30,
    "ipEarned": 72,
    "createDate": 1399031615387,
    "fellowPlayers": [
      {
        "summonerId": 25293392,
        "teamId": 200,
        "championId": 64
      },
      {
        "summonerId": 29494864,
        "teamId": 100,
        "championId": 69
      },
      {
        "summonerId": 27973133,
        "teamId": 200,
        "championId": 29
      },
      {
        "summonerId": 31837676,
        "teamId": 200,
        "championId": 82
      },
      {
        "summonerId": 40094749,
        "teamId": 200,
        "championId": 76
      },
      {
        "summonerId": 31435994,
        "teamId": 100,
        "championId": 412
      },
      {
        "summonerId": 29596106,
        "teamId": 100,
        "championId": 22
      },
      {
        "summonerId": 34559464,
        "teamId": 100,
        "championId": 77
      },
      {
        "summonerId": 37733065,
        "teamId": 100,
        "championId": 24
      }
    ],
    "stats": {
      "level": 17,
      "goldEarned": 12657,
      "numDeaths": 10,
      "turretsKilled": 1,
      "minionsKilled": 200,
      "championsKilled": 6,
      "goldSpent": 12570,
      "totalDamageDealt": 140149,
      "totalDamageTaken": 36719,
      "killingSprees": 1,
      "largestKillingSpree": 2,
      "team": 200,
      "win": false,
      "neutralMinionsKilled": 18,
      "largestMultiKill": 1,
      "physicalDamageDealtPlayer": 107874,
      "magicDamageDealtPlayer": 31309,
      "physicalDamageTaken": 19121,
      "magicDamageTaken": 16397,
      "largestCriticalStrike": 431,
      "timePlayed": 2452,
      "totalHeal": 2051,
      "totalUnitsHealed": 1,
      "assists": 1,
      "item0": 3074,
      "item1": 3153,
      "item2": 3006,
      "item3": 3087,
      "item4": 3057,
      "item5": 1028,
      "item6": 3340,
      "magicDamageDealtToChampions": 8311,
      "physicalDamageDealtToChampions": 9548,
      "totalDamageDealtToChampions": 18825,
      "trueDamageDealtPlayer": 965,
      "trueDamageDealtToChampions": 965,
      "trueDamageTaken": 1200,
      "wardPlaced": 9,
      "neutralMinionsKilledYourJungle": 18,
      "totalTimeCrowdControlDealt": 431
    }
  },
  "40094749": {
    "gameId": 825983259,
    "invalid": false,
    "gameMode": "CLASSIC",
    "gameType": "MATCHED_GAME",
    "subType": "NORMAL",
    "mapId": 1,
    "teamId": 200,
    "championId": 76,
    "spell1": 4,
    "spell2": 7,
    "level": 30,
    "ipEarned": 72,
    "createDate": 1399031615388,
    "fellowPlayers": [
      {
        "summonerId": 25293392,
        "teamId": 200,
        "championId": 64
      },
      {
        "summonerId": 32513360,
        "teamId": 200,
        "championId": 84
      },
      {
        "summonerId": 29494864,
        "teamId": 100,
        "championId": 69
      },
      {
        "summonerId": 27973133,
        "teamId": 200,
        "championId": 29
      },
      {
        "summonerId": 31837676,
        "teamId": 200,
        "championId": 82
      },
      {
        "summonerId": 31435994,
        "teamId": 100,
        "championId": 412
      },
      {
        "summonerId": 29596106,
        "teamId": 100,
        "championId": 22
      },
      {
        "summonerId": 34559464,
        "teamId": 100,
        "championId": 77
      },
      {
        "summonerId": 37733065,
        "teamId": 100,
        "championId": 24
      }
    ],
    "stats": {
      "level": 16,
      "goldEarned": 8910,
      "numDeaths": 3,
      "turretsKilled": 1,
      "minionsKilled": 50,
      "goldSpent": 8325,
      "totalDamageDealt": 61073,
      "totalDamageTaken": 15322,
      "team": 200,
      "win": false,
      "neutralMinionsKilled": 3,
      "physicalDamageDealtPlayer": 14593,
      "magicDamageDealtPlayer": 46479,
      "physicalDamageTaken": 11175,
      "magicDamageTaken": 4059,
      "timePlayed": 2452,
      "totalHeal": 9801,
      "totalUnitsHealed": 5,
      "assists": 9,
      "item0": 3020,
      "item1": 3303,
      "item2": 3040,
      "item3": 3089,
      "item4": 1052,
      "item6": 3340,
      "magicDamageDealtToChampions": 15702,
      "physicalDamageDealtToChampions": 935,
      "totalDamageDealtToChampions": 16637,
      "trueDamageTaken": 88,
      "wardKilled": 1,
      "wardPlaced": 7,
      "neutralMinionsKilledYourJungle": 3
    }
  }
}