{
  "38394199": {
    "gameId": 825976202,
    "invalid": false,
    "gameMode": "CLASSIC",
    "gameType": "MATCHED_GAME",
    "subType": "RANKED_SOLO_5x5",
    "mapId": 1,
    "teamId": 100,
    "championId": 122,
    "spell1": 7,
    "spell2": 4,
    "level": 30,
    "ipEarned": 76,
    "createDate": 1399030557639,
    "fellowPlayers": [
      {
        "summonerId": 34865953,
        "teamId": 100,
        "championId": 238
      },
      {
        "summonerId": 37240311,
        "teamId": 100,
        "championId": 55
      },
      {
        "summonerId": 34576558,
        "teamId": 200,
        "championId": 21
      },
      {
        "summonerId": 31507776,
        "teamId": 100,
        "championId": 37
      },
      {
        "summonerId": 41231079,
        "teamId": 200,
        "championId": 11
      },
      {
        "summonerId": 43464113,
        "teamId": 200,
        "championId": 16
      },
      {
        "summonerId": 27833758,
        "teamId": 100,
        "championId": 22
      },
      {
        "summonerId": 41962197,
        "teamId": 200,
        "championId": 13
      },
      {
        "summonerId": 20836513,
        "teamId": 200,
        "championId": 80
      }
    ],
    "stats": {
      "level": 10,
      "goldEarned": 5673,
      "numDeaths": 3,
      "minionsKilled": 53,
      "championsKilled": 5,
      "goldSpent": 4825,
      "totalDamageDealt": 40897,
      "totalDamageTaken": 7895,
      "killingSprees": 1,
      "largestKillingSpree": 2,
      "team": 100,
      "win": true,
      "neutralMinionsKilled": 6,
      "largestMultiKill": 1,
      "physicalDamageDealtPlayer": 37352,
      "magicDamageDealtPlayer": 2291,
      "physicalDamageTaken": 5546,
      "magicDamageTaken": 2129,
      "timePlayed": 1213,
      "totalHeal": 1231,
      "totalUnitsHealed": 3,
      "assists": 1,
      "item0": 3077,
      "item1": 3270,
      "item2": 1011,
      "item6": 3340,
      "magicDamageDealtToChampions": 842,
      "physicalDamageDealtToChampions": 4378,
      "totalDamageDealtToChampions": 6307,
      "trueDamageDealtPlayer": 1254,
      "trueDamageDealtToChampions": 1086,
      "trueDamageTaken": 220,
      "wardPlaced": 8,
      "neutralMinionsKilledEnemyJungle": 6,
      "totalTimeCrowdControlDealt": 87
    }
  },
  "summonerCount": 10,
  "34865953": {
    "gameId": 825976202,
    "invalid": false,
    "gameMode": "CLASSIC",
    "gameType": "MATCHED_GAME",
    "subType": "RANKED_SOLO_5x5",
    "mapId": 1,
    "teamId": 100,
    "championId": 238,
    "spell1": 4,
    "spell2": 7,
    "level": 30,
    "ipEarned": 76,
    "createDate": 1399030557641,
    "fellowPlayers": [
      {
        "summonerId": 37240311,
        "teamId": 100,
        "championId": 55
      },
      {
        "summonerId": 34576558,
        "teamId": 200,
        "championId": 21
      },
      {
        "summonerId": 38394199,
        "teamId": 100,
        "championId": 122
      },
      {
        "summonerId": 31507776,
        "teamId": 100,
        "championId": 37
      },
      {
        "summonerId": 41231079,
        "teamId": 200,
        "championId": 11
      },
      {
        "summonerId": 43464113,
        "teamId": 200,
        "championId": 16
      },
      {
        "summonerId": 27833758,
        "teamId": 100,
        "championId": 22
      },
      {
        "summonerId": 41962197,
        "teamId": 200,
        "championId": 13
      },
      {
        "summonerId": 20836513,
        "teamId": 200,
        "championId": 80
      }
    ],
    "stats": {
      "level": 10,
      "goldEarned": 5470,
      "numDeaths": 1,
      "minionsKilled": 89,
      "goldSpent": 4675,
      "totalDamageDealt": 52472,
      "totalDamageTaken": 3232,
      "team": 100,
      "win": true,
      "physicalDamageDealtPlayer": 50125,
      "magicDamageDealtPlayer": 2346,
      "physicalDamageTaken": 2103,
      "magicDamageTaken": 1128,
      "timePlayed": 1213,
      "totalHeal": 620,
      "totalUnitsHealed": 3,
      "assists": 5,
      "item0": 1055,
      "item1": 3153,
      "item2": 1011,
      "item6": 3340,
      "magicDamageDealtToChampions": 184,
      "physicalDamageDealtToChampions": 5149,
      "totalDamageDealtToChampions": 5334,
      "wardPlaced": 9,
      "totalTimeCrowdControlDealt": 129
    }
  },
  "20836513": {
    "gameId": 825976202,
    "invalid": false,
    "gameMode": "CLASSIC",
    "gameType": "MATCHED_GAME",
    "subType": "RANKED_SOLO_5x5",
    "mapId": 1,
    "teamId": 200,
    "championId": 80,
    "spell1": 4,
    "spell2": 14,
    "level": 30,
    "ipEarned": 51,
    "createDate": 1399030557646,
    "fellowPlayers": [
      {
        "summonerId": 34865953,
        "teamId": 100,
        "championId": 238
      },
      {
        "summonerId": 37240311,
        "teamId": 100,
        "championId": 55
      },
      {
        "summonerId": 34576558,
        "teamId": 200,
        "championId": 21
      },
      {
        "summonerId": 38394199,
        "teamId": 100,
        "championId": 122
      },
      {
        "summonerId": 31507776,
        "teamId": 100,
        "championId": 37
      },
      {
        "summonerId": 41231079,
        "teamId": 200,
        "championId": 11
      },
      {
        "summonerId": 43464113,
        "teamId": 200,
        "championId": 16
      },
      {
        "summonerId": 27833758,
        "teamId": 100,
        "championId": 22
      },
      {
        "summonerId": 41962197,
        "teamId": 200,
        "championId": 13
      }
    ],
    "stats": {
      "level": 12,
      "goldEarned": 5164,
      "numDeaths": 4,
      "minionsKilled": 49,
      "championsKilled": 5,
      "goldSpent": 4755,
      "totalDamageDealt": 32825,
      "totalDamageTaken": 10819,
      "killingSprees": 2,
      "largestKillingSpree": 3,
      "team": 200,
      "win": false,
      "largestMultiKill": 1,
      "physicalDamageDealtPlayer": 27984,
      "magicDamageDealtPlayer": 4574,
      "physicalDamageTaken": 7606,
      "magicDamageTaken": 3044,
      "largestCriticalStrike": 367,
      "timePlayed": 1213,
      "totalHeal": 235,
      "totalUnitsHealed": 1,
      "item1": 3074,
      "item2": 3047,
      "item6": 3340,
      "magicDamageDealtToChampions": 1139,
      "physicalDamageDealtToChampions": 6080,
      "totalDamageDealtToChampions": 7485,
      "trueDamageDealtPlayer": 266,
      "trueDamageDealtToChampions": 266,
      "trueDamageTaken": 168,
      "wardPlaced": 3,
      "totalTimeCrowdControlDealt": 24
    }
  },
  "37240311": {
    "gameId": 825976202,
    "invalid": false,
    "gameMode": "CLASSIC",
    "gameType": "MATCHED_GAME",
    "subType": "RANKED_SOLO_5x5",
    "mapId": 1,
    "teamId": 100,
    "championId": 55,
    "spell1": 4,
    "spell2": 14,
    "level": 30,
    "ipEarned": 226,
    "createDate": 1399030557638,
    "fellowPlayers": [
      {
        "summonerId": 34865953,
        "teamId": 100,
        "championId": 238
      },
      {
        "summonerId": 34576558,
        "teamId": 200,
        "championId": 21
      },
      {
        "summonerId": 38394199,
        "teamId": 100,
        "championId": 122
      },
      {
        "summonerId": 31507776,
        "teamId": 100,
        "championId": 37
      },
      {
        "summonerId": 41231079,
        "teamId": 200,
        "championId": 11
      },
      {
        "summonerId": 43464113,
        "teamId": 200,
        "championId": 16
      },
      {
        "summonerId": 27833758,
        "teamId": 100,
        "championId": 22
      },
      {
        "summonerId": 41962197,
        "teamId": 200,
        "championId": 13
      },
      {
        "summonerId": 20836513,
        "teamId": 200,
        "championId": 80
      }
    ],
    "stats": {
      "level": 12,
      "goldEarned": 7514,
      "numDeaths": 3,
      "minionsKilled": 72,
      "championsKilled": 9,
      "goldSpent": 7320,
      "totalDamageDealt": 54605,
      "totalDamageTaken": 9053,
      "doubleKills": 2,
      "killingSprees": 1,
      "largestKillingSpree": 8,
      "team": 100,
      "win": true,
      "largestMultiKill": 2,
      "physicalDamageDealtPlayer": 9843,
      "magicDamageDealtPlayer": 44394,
      "physicalDamageTaken": 5203,
      "magicDamageTaken": 3473,
      "timePlayed": 1213,
      "totalHeal": 293,
      "totalUnitsHealed": 1,
      "assists": 7,
      "item0": 3145,
      "item1": 3157,
      "item2": 2003,
      "item3": 1026,
      "item4": 3259,
      "item6": 3340,
      "sightWardsBought": 1,
      "magicDamageDealtToChampions": 9800,
      "physicalDamageDealtToChampions": 1425,
      "totalDamageDealtToChampions": 11594,
      "trueDamageDealtPlayer": 368,
      "trueDamageDealtToChampions": 368,
      "trueDamageTaken": 376,
      "wardPlaced": 6
    }
  },
  "43464113": {
    "gameId": 825976202,
    "invalid": false,
    "gameMode": "CLASSIC",
    "gameType": "MATCHED_GAME",
    "subType": "RANKED_SOLO_5x5",
    "mapId": 1,
    "teamId": 200,
    "championId": 16,
    "spell1": 3,
    "spell2": 4,
    "level": 30,
    "ipEarned": 51,
    "createDate": 1399030557645,
    "fellowPlayers": [
      {
        "summonerId": 34865953,
        "teamId": 100,
        "championId": 238
      },
      {
        "summonerId": 37240311,
        "teamId": 100,
        "championId": 55
      },
      {
        "summonerId": 34576558,
        "teamId": 200,
        "championId": 21
      },
      {
        "summonerId": 38394199,
        "teamId": 100,
        "championId": 122
      },
      {
        "summonerId": 31507776,
        "teamId": 100,
        "championId": 37
      },
      {
        "summonerId": 41231079,
        "teamId": 200,
        "championId": 11
      },
      {
        "summonerId": 27833758,
        "teamId": 100,
        "championId": 22
      },
      {
        "summonerId": 41962197,
        "teamId": 200,
        "championId": 13
      },
      {
        "summonerId": 20836513,
        "teamId": 200,
        "championId": 80
      }
    ],
    "stats": {
      "level": 8,
      "goldEarned": 3504,
      "numDeaths": 6,
      "minionsKilled": 8,
      "goldSpent": 3115,
      "totalDamageDealt": 8221,
      "totalDamageTaken": 10075,
      "team": 200,
      "win": false,
      "physicalDamageDealtPlayer": 1522,
      "magicDamageDealtPlayer": 6699,
      "physicalDamageTaken": 4959,
      "magicDamageTaken": 5062,
      "timePlayed": 1213,
      "totalHeal": 4677,
      "totalUnitsHealed": 5,
      "item0": 2004,
      "item1": 2049,
      "item2": 3096,
      "item3": 3028,
      "item4": 1001,
      "item6": 3341,
      "magicDamageDealtToChampions": 1544,
      "physicalDamageDealtToChampions": 173,
      "totalDamageDealtToChampions": 1718,
      "trueDamageTaken": 54,
      "wardPlaced": 3,
      "totalTimeCrowdControlDealt": 25
    }
  },
  "34576558": {
    "gameId": 825976202,
    "invalid": false,
    "gameMode": "CLASSIC",
    "gameType": "MATCHED_GAME",
    "subType": "RANKED_SOLO_5x5",
    "mapId": 1,
    "teamId": 200,
    "championId": 21,
    "spell1": 4,
    "spell2": 21,
    "level": 30,
    "ipEarned": 51,
    "createDate": 1399030557647,
    "fellowPlayers": [
      {
        "summonerId": 34865953,
        "teamId": 100,
        "championId": 238
      },
      {
        "summonerId": 37240311,
        "teamId": 100,
        "championId": 55
      },
      {
        "summonerId": 38394199,
        "teamId": 100,
        "championId": 122
      },
      {
        "summonerId": 31507776,
        "teamId": 100,
        "championId": 37
      },
      {
        "summonerId": 41231079,
        "teamId": 200,
        "championId": 11
      },
      {
        "summonerId": 43464113,
        "teamId": 200,
        "championId": 16
      },
      {
        "summonerId": 27833758,
        "teamId": 100,
        "championId": 22
      },
      {
        "summonerId": 41962197,
        "teamId": 200,
        "championId": 13
      },
      {
        "summonerId": 20836513,
        "teamId": 200,
        "championId": 80
      }
    ],
    "stats": {
      "level": 10,
      "goldEarned": 4194,
      "numDeaths": 4,
      "minionsKilled": 84,
      "goldSpent": 2930,
      "totalDamageDealt": 41255,
      "totalDamageTaken": 9406,
      "team": 200,
      "win": false,
      "physicalDamageDealtPlayer": 30089,
      "magicDamageDealtPlayer": 11166,
      "physicalDamageTaken": 5076,
      "magicDamageTaken": 4257,
      "timePlayed": 1213,
      "totalHeal": 435,
      "totalUnitsHealed": 1,
      "item0": 1055,
      "item1": 1038,
      "item3": 1053,
      "item6": 3340,
      "magicDamageDealtToChampions": 1999,
      "physicalDamageDealtToChampions": 3998,
      "totalDamageDealtToChampions": 5998,
      "trueDamageTaken": 73,
      "wardPlaced": 7,
      "totalTimeCrowdControlDealt": 278
    }
  },
  "31507776": {
    "gameId": 825976202,
    "invalid": false,
    "gameMode": "CLASSIC",
    "gameType": "MATCHED_GAME",
    "subType": "RANKED_SOLO_5x5",
    "mapId": 1,
    "teamId": 100,
    "championId": 37,
    "spell1": 3,
    "spell2": 4,
    "level": 30,
    "ipEarned": 226,
    "createDate": 1399030557644,
    "fellowPlayers": [
      {
        "summonerId": 34865953,
        "teamId": 100,
        "championId": 238
      },
      {
        "summonerId": 37240311,
        "teamId": 100,
        "championId": 55
      },
      {
        "summonerId": 34576558,
        "teamId": 200,
        "championId": 21
      },
      {
        "summonerId": 38394199,
        "teamId": 100,
        "championId": 122
      },
      {
        "summonerId": 41231079,
        "teamId": 200,
        "championId": 11
      },
      {
        "summonerId": 43464113,
        "teamId": 200,
        "championId": 16
      },
      {
        "summonerId": 27833758,
        "teamId": 100,
        "championId": 22
      },
      {
        "summonerId": 41962197,
        "teamId": 200,
        "championId": 13
      },
      {
        "summonerId": 20836513,
        "teamId": 200,
        "championId": 80
      }
    ],
    "stats": {
      "level": 10,
      "goldEarned": 5817,
      "numDeaths": 1,
      "minionsKilled": 9,
      "championsKilled": 1,
      "goldSpent": 4990,
      "totalDamageDealt": 15586,
      "totalDamageTaken": 6841,
      "team": 100,
      "win": true,
      "largestMultiKill": 1,
      "physicalDamageDealtPlayer": 3746,
      "magicDamageDealtPlayer": 11839,
      "physicalDamageTaken": 5347,
      "magicDamageTaken": 1382,
      "timePlayed": 1213,
      "totalHeal": 3781,
      "totalUnitsHealed": 4,
      "assists": 11,
      "item0": 2049,
      "item1": 3092,
      "item3": 3028,
      "item4": 3158,
      "item6": 3341,
      "sightWardsBought": 1,
      "magicDamageDealtToChampions": 6554,
      "physicalDamageDealtToChampions": 1499,
      "totalDamageDealtToChampions": 8054,
      "trueDamageTaken": 111,
      "wardPlaced": 11,
      "totalTimeCrowdControlDealt": 6
    }
  },
  "41231079": {
    "gameId": 825976202,
    "invalid": false,
    "gameMode": "CLASSIC",
    "gameType": "MATCHED_GAME",
    "subType": "RANKED_SOLO_5x5",
    "mapId": 1,
    "teamId": 200,
    "championId": 11,
    "spell1": 21,
    "spell2": 11,
    "level": 30,
    "ipEarned": 51,
    "createDate": 1399030557650,
    "fellowPlayers": [
      {
        "summonerId": 34865953,
        "teamId": 100,
        "championId": 238
      },
      {
        "summonerId": 37240311,
        "teamId": 100,
        "championId": 55
      },
      {
        "summonerId": 34576558,
        "teamId": 200,
        "championId": 21
      },
      {
        "summonerId": 38394199,
        "teamId": 100,
        "championId": 122
      },
      {
        "summonerId": 31507776,
        "teamId": 100,
        "championId": 37
      },
      {
        "summonerId": 43464113,
        "teamId": 200,
        "championId": 16
      },
      {
        "summonerId": 27833758,
        "teamId": 100,
        "championId": 22
      },
      {
        "summonerId": 41962197,
        "teamId": 200,
        "championId": 13
      },
      {
        "summonerId": 20836513,
        "teamId": 200,
        "championId": 80
      }
    ],
    "stats": {
      "level": 10,
      "goldEarned": 5424,
      "numDeaths": 6,
      "turretsKilled": 1,
      "minionsKilled": 54,
      "championsKilled": 1,
      "goldSpent": 4675,
      "totalDamageDealt": 60268,
      "totalDamageTaken": 14083,
      "team": 200,
      "win": false,
      "neutralMinionsKilled": 34,
      "largestMultiKill": 1,
      "physicalDamageDealtPlayer": 54189,
      "magicDamageDealtPlayer": 1552,
      "physicalDamageTaken": 10014,
      "magicDamageTaken": 3282,
      "timePlayed": 1213,
      "totalHeal": 2458,
      "totalUnitsHealed": 1,
      "assists": 2,
      "item0": 1039,
      "item1": 3006,
      "item2": 3074,
      "physicalDamageDealtToChampions": 3445,
      "totalDamageDealtToChampions": 3896,
      "trueDamageDealtPlayer": 4527,
      "trueDamageDealtToChampions": 451,
      "trueDamageTaken": 786,
      "neutralMinionsKilledEnemyJungle": 6,
      "neutralMinionsKilledYourJungle": 28,
      "totalTimeCrowdControlDealt": 114
    }
  },
  "27833758": {
    "gameId": 825976202,
    "invalid": false,
    "gameMode": "CLASSIC",
    "gameType": "MATCHED_GAME",
    "subType": "RANKED_SOLO_5x5",
    "mapId": 1,
    "teamId": 100,
    "championId": 22,
    "spell1": 4,
    "spell2": 14,
    "level": 30,
    "ipEarned": 394,
    "createDate": 1399030557642,
    "fellowPlayers": [
      {
        "summonerId": 34865953,
        "teamId": 100,
        "championId": 238
      },
      {
        "summonerId": 37240311,
        "teamId": 100,
        "championId": 55
      },
      {
        "summonerId": 34576558,
        "teamId": 200,
        "championId": 21
      },
      {
        "summonerId": 38394199,
        "teamId": 100,
        "championId": 122
      },
      {
        "summonerId": 31507776,
        "teamId": 100,
        "championId": 37
      },
      {
        "summonerId": 41231079,
        "teamId": 200,
        "championId": 11
      },
      {
        "summonerId": 43464113,
        "teamId": 200,
        "championId": 16
      },
      {
        "summonerId": 41962197,
        "teamId": 200,
        "championId": 13
      },
      {
        "summonerId": 20836513,
        "teamId": 200,
        "championId": 80
      }
    ],
    "stats": {
      "level": 11,
      "goldEarned": 7378,
      "numDeaths": 1,
      "minionsKilled": 73,
      "championsKilled": 8,
      "goldSpent": 6215,
      "totalDamageDealt": 43669,
      "totalDamageTaken": 8792,
      "killingSprees": 1,
      "largestKillingSpree": 7,
      "team": 100,
      "win": true,
      "largestMultiKill": 1,
      "physicalDamageDealtPlayer": 42196,
      "magicDamageDealtPlayer": 1231,
      "physicalDamageTaken": 7319,
      "magicDamageTaken": 1243,
      "largestCriticalStrike": 406,
      "timePlayed": 1213,
      "assists": 6,
      "item0": 3072,
      "item1": 1018,
      "item2": 3006,
      "item4": 3086,
      "item6": 3340,
      "magicDamageDealtToChampions": 1231,
      "physicalDamageDealtToChampions": 11542,
      "totalDamageDealtToChampions": 13015,
      "trueDamageDealtPlayer": 241,
      "trueDamageDealtToChampions": 241,
      "trueDamageTaken": 230,
      "wardPlaced": 5,
      "totalTimeCrowdControlDealt": 276
    }
  },
  "41962197": {
    "gameId": 825976202,
    "invalid": false,
    "gameMode": "CLASSIC",
    "gameType": "MATCHED_GAME",
    "subType": "RANKED_SOLO_5x5",
    "mapId": 1,
    "teamId": 200,
    "championId": 13,
    "spell1": 4,
    "spell2": 14,
    "level": 30,
    "ipEarned": 51,
    "createDate": 1399030557649,
    "fellowPlayers": [
      {
        "summonerId": 34865953,
        "teamId": 100,
        "championId": 238
      },
      {
        "summonerId": 37240311,
        "teamId": 100,
        "championId": 55
      },
      {
        "summonerId": 34576558,
        "teamId": 200,
        "championId": 21
      },
      {
        "summonerId": 38394199,
        "teamId": 100,
        "championId": 122
      },
      {
        "summonerId": 31507776,
        "teamId": 100,
        "championId": 37
      },
      {
        "summonerId": 41231079,
        "teamId": 200,
        "championId": 11
      },
      {
        "summonerId": 43464113,
        "teamId": 200,
        "championId": 16
      },
      {
        "summonerId": 27833758,
        "teamId": 100,
        "championId": 22
      },
      {
        "summonerId": 20836513,
        "teamId": 200,
        "championId": 80
      }
    ],
    "stats": {
      "level": 10,
      "goldEarned": 4352,
      "numDeaths": 3,
      "minionsKilled": 40,
      "championsKilled": 3,
      "goldSpent": 3570,
      "totalDamageDealt": 17753,
      "totalDamageTaken": 9861,
      "killingSprees": 1,
      "largestKillingSpree": 3,
      "team": 200,
      "win": false,
      "largestMultiKill": 1,
      "physicalDamageDealtPlayer": 8657,
      "magicDamageDealtPlayer": 8875,
      "physicalDamageTaken": 6282,
      "magicDamageTaken": 2965,
      "timePlayed": 1213,
      "totalHeal": 82,
      "totalUnitsHealed": 1,
      "item0": 3070,
      "item1": 3027,
      "item6": 3340,
      "magicDamageDealtToChampions": 4674,
      "physicalDamageDealtToChampions": 888,
      "totalDamageDealtToChampions": 5782,
      "trueDamageDealtPlayer": 220,
      "trueDamageDealtToChampions": 220,
      "trueDamageTaken": 613,
      "totalTimeCrowdControlDealt": 8
    }
  }
}