{
  "39936462": {
    "gameId": 825968199,
    "invalid": false,
    "gameMode": "CLASSIC",
    "gameType": "MATCHED_GAME",
    "subType": "NORMAL",
    "mapId": 1,
    "teamId": 100,
    "championId": 61,
    "spell1": 4,
    "spell2": 14,
    "level": 30,
    "ipEarned": 76,
    "createDate": 1399028891788,
    "fellowPlayers": [
      {
        "summonerId": 39233366,
        "teamId": 200,
        "championId": 111
      },
      {
        "summonerId": 29587444,
        "teamId": 100,
        "championId": 37
      },
      {
        "summonerId": 33964043,
        "teamId": 200,
        "championId": 99
      },
      {
        "summonerId": 29933788,
        "teamId": 100,
        "championId": 64
      },
      {
        "summonerId": 36194353,
        "teamId": 200,
        "championId": 21
      },
      {
        "summonerId": 29497234,
        "teamId": 100,
        "championId": 110
      },
      {
        "summonerId": 26106187,
        "teamId": 200,
        "championId": 23
      },
      {
        "summonerId": 38423144,
        "teamId": 200,
        "championId": 45
      },
      {
        "summonerId": 38458332,
        "teamId": 100,
        "championId": 80
      }
    ],
    "stats": {
      "level": 14,
      "goldEarned": 10200,
      "numDeaths": 2,
      "turretsKilled": 2,
      "minionsKilled": 121,
      "championsKilled": 9,
      "goldSpent": 9155,
      "totalDamageDealt": 81530,
      "totalDamageTaken": 12493,
      "killingSprees": 1,
      "largestKillingSpree": 9,
      "team": 100,
      "win": true,
      "neutralMinionsKilled": 10,
      "largestMultiKill": 1,
      "physicalDamageDealtPlayer": 15527,
      "magicDamageDealtPlayer": 65270,
      "physicalDamageTaken": 5203,
      "magicDamageTaken": 7103,
      "timePlayed": 1462,
      "totalHeal": 1447,
      "totalUnitsHealed": 1,
      "assists": 10,
      "item0": 1056,
      "item1": 2003,
      "item2": 2004,
      "item3": 1058,
      "item4": 3089,
      "item5": 3255,
      "item6": 3340,
      "sightWardsBought": 1,
      "magicDamageDealtToChampions": 17625,
      "physicalDamageDealtToChampions": 2169,
      "totalDamageDealtToChampions": 20527,
      "trueDamageDealtPlayer": 732,
      "trueDamageDealtToChampions": 732,
      "trueDamageTaken": 185,
      "wardPlaced": 6,
      "neutralMinionsKilledEnemyJungle": 5,
      "neutralMinionsKilledYourJungle": 5,
      "totalTimeCrowdControlDealt": 962
    }
  },
  "summonerCount": 10,
  "29497234": {
    "gameId": 825968199,
    "invalid": false,
    "gameMode": "CLASSIC",
    "gameType": "MATCHED_GAME",
    "subType": "NORMAL",
    "mapId": 1,
    "teamId": 100,
    "championId": 110,
    "spell1": 4,
    "spell2": 14,
    "level": 30,
    "ipEarned": 226,
    "createDate": 1399028891787,
    "fellowPlayers": [
      {
        "summonerId": 39233366,
        "teamId": 200,
        "championId": 111
      },
      {
        "summonerId": 29587444,
        "teamId": 100,
        "championId": 37
      },
      {
        "summonerId": 33964043,
        "teamId": 200,
        "championId": 99
      },
      {
        "summonerId": 39936462,
        "teamId": 100,
        "championId": 61
      },
      {
        "summonerId": 29933788,
        "teamId": 100,
        "championId": 64
      },
      {
        "summonerId": 36194353,
        "teamId": 200,
        "championId": 21
      },
      {
        "summonerId": 26106187,
        "teamId": 200,
        "championId": 23
      },
      {
        "summonerId": 38423144,
        "teamId": 200,
        "championId": 45
      },
      {
        "summonerId": 38458332,
        "teamId": 100,
        "championId": 80
      }
    ],
    "stats": {
      "level": 12,
      "goldEarned": 8678,
      "numDeaths": 4,
      "turretsKilled": 1,
      "minionsKilled": 136,
      "championsKilled": 6,
      "goldSpent": 8250,
      "totalDamageDealt": 91851,
      "totalDamageTaken": 13765,
      "doubleKills": 1,
      "killingSprees": 1,
      "largestKillingSpree": 3,
      "team": 100,
      "win": true,
      "neutralMinionsKilled": 3,
      "largestMultiKill": 2,
      "physicalDamageDealtPlayer": 87142,
      "magicDamageDealtPlayer": 4182,
      "physicalDamageTaken": 7353,
      "magicDamageTaken": 5993,
      "largestCriticalStrike": 460,
      "timePlayed": 1462,
      "totalHeal": 364,
      "totalUnitsHealed": 1,
      "assists": 3,
      "item0": 3072,
      "item1": 3006,
      "item2": 3046,
      "item3": 1037,
      "item6": 3340,
      "magicDamageDealtToChampions": 1054,
      "physicalDamageDealtToChampions": 10304,
      "totalDamageDealtToChampions": 11885,
      "trueDamageDealtPlayer": 526,
      "trueDamageDealtToChampions": 526,
      "trueDamageTaken": 418,
      "wardKilled": 1,
      "wardPlaced": 6,
      "neutralMinionsKilledEnemyJungle": 3,
      "totalTimeCrowdControlDealt": 128
    }
  },
  "36194353": {
    "gameId": 825968199,
    "invalid": false,
    "gameMode": "CLASSIC",
    "gameType": "MATCHED_GAME",
    "subType": "NORMAL",
    "mapId": 1,
    "teamId": 200,
    "championId": 21,
    "spell1": 21,
    "spell2": 4,
    "level": 30,
    "ipEarned": 51,
    "createDate": 1399028891790,
    "fellowPlayers": [
      {
        "summonerId": 39233366,
        "teamId": 200,
        "championId": 111
      },
      {
        "summonerId": 29587444,
        "teamId": 100,
        "championId": 37
      },
      {
        "summonerId": 33964043,
        "teamId": 200,
        "championId": 99
      },
      {
        "summonerId": 39936462,
        "teamId": 100,
        "championId": 61
      },
      {
        "summonerId": 29933788,
        "teamId": 100,
        "championId": 64
      },
      {
        "summonerId": 29497234,
        "teamId": 100,
        "championId": 110
      },
      {
        "summonerId": 26106187,
        "teamId": 200,
        "championId": 23
      },
      {
        "summonerId": 38423144,
        "teamId": 200,
        "championId": 45
      },
      {
        "summonerId": 38458332,
        "teamId": 100,
        "championId": 80
      }
    ],
    "stats": {
      "level": 11,
      "goldEarned": 6111,
      "numDeaths": 7,
      "minionsKilled": 85,
      "championsKilled": 3,
      "goldSpent": 5615,
      "totalDamageDealt": 53472,
      "totalDamageTaken": 14704,
      "killingSprees": 1,
      "largestKillingSpree": 2,
      "team": 200,
      "win": false,
      "neutralMinionsKilled": 4,
      "largestMultiKill": 1,
      "physicalDamageDealtPlayer": 41414,
      "magicDamageDealtPlayer": 11880,
      "physicalDamageTaken": 9795,
      "magicDamageTaken": 4453,
      "timePlayed": 1462,
      "totalHeal": 786,
      "totalUnitsHealed": 1,
      "assists": 2,
      "item0": 1053,
      "item1": 3004,
      "item2": 3006,
      "item3": 1055,
      "item4": 1036,
      "item5": 1037,
      "item6": 3340,
      "magicDamageDealtToChampions": 2578,
      "physicalDamageDealtToChampions": 6605,
      "totalDamageDealtToChampions": 9322,
      "trueDamageDealtPlayer": 178,
      "trueDamageDealtToChampions": 138,
      "trueDamageTaken": 456,
      "wardPlaced": 3,
      "neutralMinionsKilledYourJungle": 4,
      "totalTimeCrowdControlDealt": 264
    }
  },
  "33964043": {
    "gameId": 825968199,
    "invalid": false,
    "gameMode": "CLASSIC",
    "gameType": "MATCHED_GAME",
    "subType": "NORMAL",
    "mapId": 1,
    "teamId": 200,
    "championId": 99,
    "spell1": 14,
    "spell2": 4,
    "level": 30,
    "ipEarned": 51,
    "createDate": 1399028891793,
    "fellowPlayers": [
      {
        "summonerId": 39233366,
        "teamId": 200,
        "championId": 111
      },
      {
        "summonerId": 29587444,
        "teamId": 100,
        "championId": 37
      },
      {
        "summonerId": 39936462,
        "teamId": 100,
        "championId": 61
      },
      {
        "summonerId": 29933788,
        "teamId": 100,
        "championId": 64
      },
      {
        "summonerId": 36194353,
        "teamId": 200,
        "championId": 21
      },
      {
        "summonerId": 29497234,
        "teamId": 100,
        "championId": 110
      },
      {
        "summonerId": 26106187,
        "teamId": 200,
        "championId": 23
      },
      {
        "summonerId": 38423144,
        "teamId": 200,
        "championId": 45
      },
      {
        "summonerId": 38458332,
        "teamId": 100,
        "championId": 80
      }
    ],
    "stats": {
      "level": 9,
      "goldEarned": 4699,
      "numDeaths": 7,
      "minionsKilled": 22,
      "goldSpent": 4450,
      "totalDamageDealt": 27533,
      "totalDamageTaken": 11418,
      "team": 200,
      "win": false,
      "physicalDamageDealtPlayer": 3801,
      "magicDamageDealtPlayer": 23248,
      "physicalDamageTaken": 7418,
      "magicDamageTaken": 3630,
      "timePlayed": 1462,
      "assists": 6,
      "item0": 3174,
      "item1": 3020,
      "item2": 1056,
      "item6": 3340,
      "sightWardsBought": 1,
      "visionWardsBought": 1,
      "magicDamageDealtToChampions": 8603,
      "physicalDamageDealtToChampions": 1707,
      "totalDamageDealtToChampions": 10794,
      "trueDamageDealtPlayer": 484,
      "trueDamageDealtToChampions": 484,
      "trueDamageTaken": 369,
      "wardPlaced": 10,
      "totalTimeCrowdControlDealt": 124
    }
  },
  "39233366": {
    "gameId": 825968199,
    "invalid": false,
    "gameMode": "CLASSIC",
    "gameType": "MATCHED_GAME",
    "subType": "NORMAL",
    "mapId": 1,
    "teamId": 200,
    "championId": 111,
    "spell1": 11,
    "spell2": 4,
    "level": 30,
    "ipEarned": 51,
    "createDate": 1399028891789,
    "fellowPlayers": [
      {
        "summonerId": 29587444,
        "teamId": 100,
        "championId": 37
      },
      {
        "summonerId": 33964043,
        "teamId": 200,
        "championId": 99
      },
      {
        "summonerId": 39936462,
        "teamId": 100,
        "championId": 61
      },
      {
        "summonerId": 29933788,
        "teamId": 100,
        "championId": 64
      },
      {
        "summonerId": 36194353,
        "teamId": 200,
        "championId": 21
      },
      {
        "summonerId": 29497234,
        "teamId": 100,
        "championId": 110
      },
      {
        "summonerId": 26106187,
        "teamId": 200,
        "championId": 23
      },
      {
        "summonerId": 38423144,
        "teamId": 200,
        "championId": 45
      },
      {
        "summonerId": 38458332,
        "teamId": 100,
        "championId": 80
      }
    ],
    "stats": {
      "level": 11,
      "goldEarned": 5396,
      "numDeaths": 3,
      "minionsKilled": 8,
      "championsKilled": 1,
      "goldSpent": 4980,
      "totalDamageDealt": 49724,
      "totalDamageTaken": 14913,
      "team": 200,
      "win": false,
      "neutralMinionsKilled": 44,
      "largestMultiKill": 1,
      "physicalDamageDealtPlayer": 16093,
      "magicDamageDealtPlayer": 26970,
      "physicalDamageTaken": 10274,
      "magicDamageTaken": 4286,
      "timePlayed": 1462,
      "totalHeal": 1136,
      "totalUnitsHealed": 1,
      "assists": 3,
      "item0": 3207,
      "item1": 3117,
      "item2": 3105,
      "item6": 3340,
      "magicDamageDealtToChampions": 3120,
      "physicalDamageDealtToChampions": 726,
      "totalDamageDealtToChampions": 3895,
      "trueDamageDealtPlayer": 6660,
      "trueDamageDealtToChampions": 48,
      "trueDamageTaken": 352,
      "wardPlaced": 7,
      "neutralMinionsKilledEnemyJungle": 2,
      "neutralMinionsKilledYourJungle": 42,
      "totalTimeCrowdControlDealt": 540
    }
  },
  "38458332": {
    "gameId": 825968199,
    "invalid": false,
    "gameMode": "CLASSIC",
    "gameType": "MATCHED_GAME",
    "subType": "NORMAL",
    "mapId": 1,
    "teamId": 100,
    "championId": 80,
    "spell1": 14,
    "spell2": 4,
    "level": 30,
    "ipEarned": 76,
    "createDate": 1399028891782,
    "fellowPlayers": [
      {
        "summonerId": 39233366,
        "teamId": 200,
        "championId": 111
      },
      {
        "summonerId": 29587444,
        "teamId": 100,
        "championId": 37
      },
      {
        "summonerId": 33964043,
        "teamId": 200,
        "championId": 99
      },
      {
        "summonerId": 39936462,
        "teamId": 100,
        "championId": 61
      },
      {
        "summonerId": 29933788,
        "teamId": 100,
        "championId": 64
      },
      {
        "summonerId": 36194353,
        "teamId": 200,
        "championId": 21
      },
      {
        "summonerId": 29497234,
        "teamId": 100,
        "championId": 110
      },
      {
        "summonerId": 26106187,
        "teamId": 200,
        "championId": 23
      },
      {
        "summonerId": 38423144,
        "teamId": 200,
        "championId": 45
      }
    ],
    "stats": {
      "level": 14,
      "goldEarned": 7997,
      "numDeaths": 1,
      "minionsKilled": 98,
      "championsKilled": 7,
      "goldSpent": 6760,
      "totalDamageDealt": 69572,
      "totalDamageTaken": 11469,
      "doubleKills": 1,
      "killingSprees": 2,
      "largestKillingSpree": 5,
      "team": 100,
      "win": true,
      "neutralMinionsKilled": 5,
      "largestMultiKill": 2,
      "physicalDamageDealtPlayer": 68628,
      "magicDamageDealtPlayer": 484,
      "physicalDamageTaken": 8813,
      "magicDamageTaken": 2025,
      "largestCriticalStrike": 492,
      "timePlayed": 1462,
      "totalHeal": 1183,
      "totalUnitsHealed": 1,
      "assists": 2,
      "item0": 3077,
      "item1": 3071,
      "item2": 3047,
      "item3": 2003,
      "item4": 1055,
      "item6": 3340,
      "magicDamageDealtToChampions": 433,
      "physicalDamageDealtToChampions": 17225,
      "totalDamageDealtToChampions": 18010,
      "trueDamageDealtPlayer": 459,
      "trueDamageDealtToChampions": 351,
      "trueDamageTaken": 630,
      "wardPlaced": 2,
      "neutralMinionsKilledEnemyJungle": 1,
      "neutralMinionsKilledYourJungle": 4,
      "totalTimeCrowdControlDealt": 60
    }
  },
  "38423144": {
    "gameId": 825968199,
    "invalid": false,
    "gameMode": "CLASSIC",
    "gameType": "MATCHED_GAME",
    "subType": "NORMAL",
    "mapId": 1,
    "teamId": 200,
    "championId": 45,
    "spell1": 14,
    "spell2": 4,
    "level": 30,
    "ipEarned": 51,
    "createDate": 1399028891792,
    "fellowPlayers": [
      {
        "summonerId": 39233366,
        "teamId": 200,
        "championId": 111
      },
      {
        "summonerId": 29587444,
        "teamId": 100,
        "championId": 37
      },
      {
        "summonerId": 33964043,
        "teamId": 200,
        "championId": 99
      },
      {
        "summonerId": 39936462,
        "teamId": 100,
        "championId": 61
      },
      {
        "summonerId": 29933788,
        "teamId": 100,
        "championId": 64
      },
      {
        "summonerId": 36194353,
        "teamId": 200,
        "championId": 21
      },
      {
        "summonerId": 29497234,
        "teamId": 100,
        "championId": 110
      },
      {
        "summonerId": 26106187,
        "teamId": 200,
        "championId": 23
      },
      {
        "summonerId": 38458332,
        "teamId": 100,
        "championId": 80
      }
    ],
    "stats": {
      "level": 11,
      "goldEarned": 5975,
      "numDeaths": 8,
      "minionsKilled": 77,
      "championsKilled": 3,
      "goldSpent": 5670,
      "totalDamageDealt": 47516,
      "totalDamageTaken": 13299,
      "killingSprees": 1,
      "largestKillingSpree": 2,
      "team": 200,
      "win": false,
      "neutralMinionsKilled": 1,
      "largestMultiKill": 1,
      "physicalDamageDealtPlayer": 7692,
      "magicDamageDealtPlayer": 39293,
      "physicalDamageTaken": 3366,
      "magicDamageTaken": 9576,
      "timePlayed": 1462,
      "assists": 3,
      "item0": 1056,
      "item1": 3003,
      "item2": 3020,
      "item3": 1026,
      "item4": 1052,
      "item6": 3340,
      "magicDamageDealtToChampions": 7335,
      "physicalDamageDealtToChampions": 468,
      "totalDamageDealtToChampions": 8334,
      "trueDamageDealtPlayer": 529,
      "trueDamageDealtToChampions": 529,
      "trueDamageTaken": 356,
      "wardPlaced": 1,
      "neutralMinionsKilledYourJungle": 1,
      "totalTimeCrowdControlDealt": 52
    }
  },
  "26106187": {
    "gameId": 825968199,
    "invalid": false,
    "gameMode": "CLASSIC",
    "gameType": "MATCHED_GAME",
    "subType": "NORMAL",
    "mapId": 1,
    "teamId": 200,
    "championId": 23,
    "spell1": 4,
    "spell2": 14,
    "level": 30,
    "ipEarned": 51,
    "createDate": 1399028891794,
    "fellowPlayers": [
      {
        "summonerId": 39233366,
        "teamId": 200,
        "championId": 111
      },
      {
        "summonerId": 29587444,
        "teamId": 100,
        "championId": 37
      },
      {
        "summonerId": 33964043,
        "teamId": 200,
        "championId": 99
      },
      {
        "summonerId": 39936462,
        "teamId": 100,
        "championId": 61
      },
      {
        "summonerId": 29933788,
        "teamId": 100,
        "championId": 64
      },
      {
        "summonerId": 36194353,
        "teamId": 200,
        "championId": 21
      },
      {
        "summonerId": 29497234,
        "teamId": 100,
        "championId": 110
      },
      {
        "summonerId": 38423144,
        "teamId": 200,
        "championId": 45
      },
      {
        "summonerId": 38458332,
        "teamId": 100,
        "championId": 80
      }
    ],
    "stats": {
      "level": 13,
      "goldEarned": 7017,
      "numDeaths": 5,
      "turretsKilled": 1,
      "minionsKilled": 126,
      "championsKilled": 3,
      "goldSpent": 6420,
      "totalDamageDealt": 82149,
      "totalDamageTaken": 23372,
      "team": 200,
      "win": false,
      "neutralMinionsKilled": 4,
      "largestMultiKill": 1,
      "physicalDamageDealtPlayer": 74245,
      "magicDamageDealtPlayer": 7466,
      "physicalDamageTaken": 20285,
      "magicDamageTaken": 2472,
      "largestCriticalStrike": 377,
      "timePlayed": 1462,
      "totalHeal": 6527,
      "totalUnitsHealed": 1,
      "item0": 3153,
      "item1": 1055,
      "item2": 3087,
      "item6": 3340,
      "magicDamageDealtToChampions": 602,
      "physicalDamageDealtToChampions": 5669,
      "totalDamageDealtToChampions": 6709,
      "trueDamageDealtPlayer": 438,
      "trueDamageDealtToChampions": 438,
      "trueDamageTaken": 613,
      "wardPlaced": 2,
      "neutralMinionsKilledYourJungle": 4,
      "totalTimeCrowdControlDealt": 49
    }
  },
  "29587444": {
    "gameId": 825968199,
    "invalid": false,
    "gameMode": "CLASSIC",
    "gameType": "MATCHED_GAME",
    "subType": "NORMAL",
    "mapId": 1,
    "teamId": 100,
    "championId": 37,
    "spell1": 4,
    "spell2": 7,
    "level": 30,
    "ipEarned": 76,
    "createDate": 1399028891784,
    "fellowPlayers": [
      {
        "summonerId": 39233366,
        "teamId": 200,
        "championId": 111
      },
      {
        "summonerId": 33964043,
        "teamId": 200,
        "championId": 99
      },
      {
        "summonerId": 39936462,
        "teamId": 100,
        "championId": 61
      },
      {
        "summonerId": 29933788,
        "teamId": 100,
        "championId": 64
      },
      {
        "summonerId": 36194353,
        "teamId": 200,
        "championId": 21
      },
      {
        "summonerId": 29497234,
        "teamId": 100,
        "championId": 110
      },
      {
        "summonerId": 26106187,
        "teamId": 200,
        "championId": 23
      },
      {
        "summonerId": 38423144,
        "teamId": 200,
        "championId": 45
      },
      {
        "summonerId": 38458332,
        "teamId": 100,
        "championId": 80
      }
    ],
    "stats": {
      "level": 11,
      "goldEarned": 6995,
      "numDeaths": 2,
      "turretsKilled": 3,
      "minionsKilled": 24,
      "championsKilled": 4,
      "goldSpent": 6820,
      "totalDamageDealt": 24858,
      "totalDamageTaken": 7086,
      "killingSprees": 1,
      "largestKillingSpree": 2,
      "team": 100,
      "win": true,
      "neutralMinionsKilled": 2,
      "largestMultiKill": 1,
      "physicalDamageDealtPlayer": 8111,
      "magicDamageDealtPlayer": 16507,
      "physicalDamageTaken": 3322,
      "magicDamageTaken": 3581,
      "timePlayed": 1462,
      "totalHeal": 5394,
      "totalUnitsHealed": 5,
      "assists": 5,
      "item0": 2045,
      "item1": 3069,
      "item2": 3158,
      "item3": 3067,
      "item4": 1028,
      "item6": 3340,
      "sightWardsBought": 4,
      "magicDamageDealtToChampions": 4392,
      "physicalDamageDealtToChampions": 1356,
      "totalDamageDealtToChampions": 5848,
      "trueDamageDealtPlayer": 240,
      "trueDamageDealtToChampions": 100,
      "trueDamageTaken": 183,
      "wardPlaced": 12,
      "neutralMinionsKilledEnemyJungle": 2,
      "totalTimeCrowdControlDealt": 45
    }
  },
  "29933788": {
    "gameId": 825968199,
    "invalid": false,
    "gameMode": "CLASSIC",
    "gameType": "MATCHED_GAME",
    "subType": "NORMAL",
    "mapId": 1,
    "teamId": 100,
    "championId": 64,
    "spell1": 11,
    "spell2": 4,
    "level": 30,
    "ipEarned": 76,
    "createDate": 1399028891785,
    "fellowPlayers": [
      {
        "summonerId": 39233366,
        "teamId": 200,
        "championId": 111
      },
      {
        "summonerId": 29587444,
        "teamId": 100,
        "championId": 37
      },
      {
        "summonerId": 33964043,
        "teamId": 200,
        "championId": 99
      },
      {
        "summonerId": 39936462,
        "teamId": 100,
        "championId": 61
      },
      {
        "summonerId": 36194353,
        "teamId": 200,
        "championId": 21
      },
      {
        "summonerId": 29497234,
        "teamId": 100,
        "championId": 110
      },
      {
        "summonerId": 26106187,
        "teamId": 200,
        "championId": 23
      },
      {
        "summonerId": 38423144,
        "teamId": 200,
        "championId": 45
      },
      {
        "summonerId": 38458332,
        "teamId": 100,
        "championId": 80
      }
    ],
    "stats": {
      "level": 12,
      "goldEarned": 7574,
      "numDeaths": 1,
      "minionsKilled": 12,
      "championsKilled": 4,
      "goldSpent": 7350,
      "totalDamageDealt": 74718,
      "totalDamageTaken": 16272,
      "killingSprees": 1,
      "largestKillingSpree": 3,
      "team": 100,
      "win": true,
      "neutralMinionsKilled": 56,
      "largestMultiKill": 1,
      "physicalDamageDealtPlayer": 56000,
      "magicDamageDealtPlayer": 13848,
      "physicalDamageTaken": 12364,
      "magicDamageTaken": 3536,
      "timePlayed": 1462,
      "totalHeal": 3628,
      "totalUnitsHealed": 1,
      "assists": 9,
      "item0": 3207,
      "item1": 2003,
      "item2": 3074,
      "item3": 1037,
      "item4": 1036,
      "item5": 1001,
      "item6": 3340,
      "magicDamageDealtToChampions": 912,
      "physicalDamageDealtToChampions": 5105,
      "totalDamageDealtToChampions": 6455,
      "trueDamageDealtPlayer": 4869,
      "trueDamageDealtToChampions": 437,
      "trueDamageTaken": 371,
      "wardPlaced": 6,
      "neutralMinionsKilledEnemyJungle": 8,
      "neutralMinionsKilledYourJungle": 48,
      "totalTimeCrowdControlDealt": 812
    }
  }
}