{
  "34128019": {
    "gameId": 825976458,
    "invalid": false,
    "gameMode": "CLASSIC",
    "gameType": "MATCHED_GAME",
    "subType": "RANKED_SOLO_5x5",
    "mapId": 1,
    "teamId": 200,
    "championId": 51,
    "spell1": 7,
    "spell2": 4,
    "level": 30,
    "ipEarned": 87,
    "createDate": 1399031133221,
    "fellowPlayers": [
      {
        "summonerId": 29087180,
        "teamId": 100,
        "championId": 25
      },
      {
        "summonerId": 27734839,
        "teamId": 100,
        "championId": 55
      },
      {
        "summonerId": 30439042,
        "teamId": 100,
        "championId": 24
      },
      {
        "summonerId": 25237235,
        "teamId": 100,
        "championId": 19
      },
      {
        "summonerId": 27119196,
        "teamId": 200,
        "championId": 412
      },
      {
        "summonerId": 33998243,
        "teamId": 200,
        "championId": 9
      },
      {
        "summonerId": 26173388,
        "teamId": 200,
        "championId": 18
      },
      {
        "summonerId": 33263348,
        "teamId": 200,
        "championId": 58
      },
      {
        "summonerId": 28928375,
        "teamId": 100,
        "championId": 110
      }
    ],
    "stats": {
      "level": 14,
      "goldEarned": 11964,
      "numDeaths": 5,
      "minionsKilled": 181,
      "championsKilled": 6,
      "goldSpent": 10615,
      "totalDamageDealt": 117834,
      "totalDamageTaken": 16600,
      "doubleKills": 1,
      "killingSprees": 1,
      "largestKillingSpree": 3,
      "team": 200,
      "win": true,
      "largestMultiKill": 2,
      "physicalDamageDealtPlayer": 116725,
      "magicDamageDealtPlayer": 739,
      "physicalDamageTaken": 9962,
      "magicDamageTaken": 6153,
      "largestCriticalStrike": 797,
      "timePlayed": 1818,
      "totalHeal": 2399,
      "totalUnitsHealed": 3,
      "assists": 7,
      "item0": 1055,
      "item1": 3086,
      "item2": 3072,
      "item3": 3031,
      "item4": 3006,
      "item5": 1018,
      "item6": 3340,
      "magicDamageDealtToChampions": 564,
      "physicalDamageDealtToChampions": 15954,
      "totalDamageDealtToChampions": 16752,
      "trueDamageDealtPlayer": 370,
      "trueDamageDealtToChampions": 234,
      "trueDamageTaken": 485,
      "wardPlaced": 3,
      "totalTimeCrowdControlDealt": 66
    }
  },
  "summonerCount": 10,
  "33263348": {
    "gameId": 825976458,
    "invalid": false,
    "gameMode": "CLASSIC",
    "gameType": "MATCHED_GAME",
    "subType": "RANKED_SOLO_5x5",
    "mapId": 1,
    "teamId": 200,
    "championId": 58,
    "spell1": 4,
    "spell2": 14,
    "level": 30,
    "ipEarned": 87,
    "createDate": 1399031133222,
    "fellowPlayers": [
      {
        "summonerId": 29087180,
        "teamId": 100,
        "championId": 25
      },
      {
        "summonerId": 34128019,
        "teamId": 200,
        "championId": 51
      },
      {
        "summonerId": 27734839,
        "teamId": 100,
        "championId": 55
      },
      {
        "summonerId": 30439042,
        "teamId": 100,
        "championId": 24
      },
      {
        "summonerId": 25237235,
        "teamId": 100,
        "championId": 19
      },
      {
        "summonerId": 27119196,
        "teamId": 200,
        "championId": 412
      },
      {
        "summonerId": 33998243,
        "teamId": 200,
        "championId": 9
      },
      {
        "summonerId": 26173388,
        "teamId": 200,
        "championId": 18
      },
      {
        "summonerId": 28928375,
        "teamId": 100,
        "championId": 110
      }
    ],
    "stats": {
      "level": 17,
      "goldEarned": 12958,
      "numDeaths": 3,
      "turretsKilled": 3,
      "minionsKilled": 188,
      "championsKilled": 7,
      "goldSpent": 10215,
      "totalDamageDealt": 135827,
      "totalDamageTaken": 26400,
      "doubleKills": 1,
      "tripleKills": 1,
      "quadraKills": 1,
      "pentaKills": 1,
      "killingSprees": 2,
      "largestKillingSpree": 5,
      "team": 200,
      "win": true,
      "neutralMinionsKilled": 13,
      "largestMultiKill": 5,
      "physicalDamageDealtPlayer": 113595,
      "magicDamageDealtPlayer": 20556,
      "physicalDamageTaken": 15570,
      "magicDamageTaken": 9863,
      "timePlayed": 1818,
      "totalHeal": 4246,
      "totalUnitsHealed": 1,
      "assists": 6,
      "item0": 3111,
      "item1": 3071,
      "item2": 1055,
      "item3": 1054,
      "item4": 3067,
      "item5": 3068,
      "item6": 3340,
      "sightWardsBought": 1,
      "magicDamageDealtToChampions": 4466,
      "physicalDamageDealtToChampions": 15485,
      "totalDamageDealtToChampions": 21094,
      "trueDamageDealtPlayer": 1676,
      "trueDamageDealtToChampions": 1142,
      "trueDamageTaken": 966,
      "wardPlaced": 10,
      "neutralMinionsKilledEnemyJungle": 6,
      "neutralMinionsKilledYourJungle": 7,
      "totalTimeCrowdControlDealt": 238
    }
  },
  "29087180": {
    "gameId": 825976458,
    "invalid": false,
    "gameMode": "CLASSIC",
    "gameType": "MATCHED_GAME",
    "subType": "RANKED_SOLO_5x5",
    "mapId": 1,
    "teamId": 100,
    "championId": 25,
    "spell1": 4,
    "spell2": 7,
    "level": 30,
    "ipEarned": 58,
    "createDate": 1399031133219,
    "fellowPlayers": [
      {
        "summonerId": 34128019,
        "teamId": 200,
        "championId": 51
      },
      {
        "summonerId": 27734839,
        "teamId": 100,
        "championId": 55
      },
      {
        "summonerId": 30439042,
        "teamId": 100,
        "championId": 24
      },
      {
        "summonerId": 25237235,
        "teamId": 100,
        "championId": 19
      },
      {
        "summonerId": 27119196,
        "teamId": 200,
        "championId": 412
      },
      {
        "summonerId": 33998243,
        "teamId": 200,
        "championId": 9
      },
      {
        "summonerId": 26173388,
        "teamId": 200,
        "championId": 18
      },
      {
        "summonerId": 33263348,
        "teamId": 200,
        "championId": 58
      },
      {
        "summonerId": 28928375,
        "teamId": 100,
        "championId": 110
      }
    ],
    "stats": {
      "level": 14,
      "goldEarned": 8118,
      "numDeaths": 4,
      "turretsKilled": 1,
      "minionsKilled": 27,
      "championsKilled": 2,
      "goldSpent": 9425,
      "totalDamageDealt": 24969,
      "totalDamageTaken": 18153,
      "team": 100,
      "win": false,
      "largestMultiKill": 1,
      "physicalDamageDealtPlayer": 8601,
      "magicDamageDealtPlayer": 16368,
      "physicalDamageTaken": 8289,
      "magicDamageTaken": 9628,
      "timePlayed": 1818,
      "totalHeal": 1880,
      "totalUnitsHealed": 2,
      "assists": 17,
      "item0": 3096,
      "item1": 3157,
      "item2": 1001,
      "item3": 3027,
      "item6": 3340,
      "sightWardsBought": 1,
      "magicDamageDealtToChampions": 8938,
      "physicalDamageDealtToChampions": 884,
      "totalDamageDealtToChampions": 9823,
      "trueDamageTaken": 236,
      "wardPlaced": 9,
      "totalTimeCrowdControlDealt": 109
    }
  },
  "27734839": {
    "gameId": 825976458,
    "invalid": false,
    "gameMode": "CLASSIC",
    "gameType": "MATCHED_GAME",
    "subType": "RANKED_SOLO_5x5",
    "mapId": 1,
    "teamId": 100,
    "championId": 55,
    "spell1": 4,
    "spell2": 14,
    "level": 30,
    "ipEarned": 58,
    "createDate": 1399031133218,
    "fellowPlayers": [
      {
        "summonerId": 29087180,
        "teamId": 100,
        "championId": 25
      },
      {
        "summonerId": 34128019,
        "teamId": 200,
        "championId": 51
      },
      {
        "summonerId": 30439042,
        "teamId": 100,
        "championId": 24
      },
      {
        "summonerId": 25237235,
        "teamId": 100,
        "championId": 19
      },
      {
        "summonerId": 27119196,
        "teamId": 200,
        "championId": 412
      },
      {
        "summonerId": 33998243,
        "teamId": 200,
        "championId": 9
      },
      {
        "summonerId": 26173388,
        "teamId": 200,
        "championId": 18
      },
      {
        "summonerId": 33263348,
        "teamId": 200,
        "championId": 58
      },
      {
        "summonerId": 28928375,
        "teamId": 100,
        "championId": 110
      }
    ],
    "stats": {
      "level": 14,
      "goldEarned": 10719,
      "numDeaths": 4,
      "minionsKilled": 139,
      "championsKilled": 9,
      "goldSpent": 9720,
      "totalDamageDealt": 87788,
      "totalDamageTaken": 17668,
      "doubleKills": 1,
      "killingSprees": 3,
      "largestKillingSpree": 5,
      "team": 100,
      "win": false,
      "neutralMinionsKilled": 1,
      "largestMultiKill": 2,
      "physicalDamageDealtPlayer": 8898,
      "magicDamageDealtPlayer": 78136,
      "physicalDamageTaken": 7515,
      "magicDamageTaken": 9552,
      "timePlayed": 1818,
      "totalHeal": 1369,
      "totalUnitsHealed": 1,
      "assists": 12,
      "item0": 3020,
      "item1": 3128,
      "item2": 3026,
      "item3": 3136,
      "item5": 1026,
      "item6": 3340,
      "sightWardsBought": 1,
      "magicDamageDealtToChampions": 20132,
      "physicalDamageDealtToChampions": 794,
      "totalDamageDealtToChampions": 21681,
      "trueDamageDealtPlayer": 754,
      "trueDamageDealtToChampions": 754,
      "trueDamageTaken": 600,
      "wardPlaced": 9,
      "neutralMinionsKilledYourJungle": 1,
      "totalTimeCrowdControlDealt": 1
    }
  },
  "28928375": {
    "gameId": 825976458,
    "invalid": false,
    "gameMode": "CLASSIC",
    "gameType": "MATCHED_GAME",
    "subType": "RANKED_SOLO_5x5",
    "mapId": 1,
    "teamId": 100,
    "championId": 110,
    "spell1": 4,
    "spell2": 7,
    "level": 30,
    "ipEarned": 58,
    "createDate": 1399031133215,
    "fellowPlayers": [
      {
        "summonerId": 29087180,
        "teamId": 100,
        "championId": 25
      },
      {
        "summonerId": 34128019,
        "teamId": 200,
        "championId": 51
      },
      {
        "summonerId": 27734839,
        "teamId": 100,
        "championId": 55
      },
      {
        "summonerId": 30439042,
        "teamId": 100,
        "championId": 24
      },
      {
        "summonerId": 25237235,
        "teamId": 100,
        "championId": 19
      },
      {
        "summonerId": 27119196,
        "teamId": 200,
        "championId": 412
      },
      {
        "summonerId": 33998243,
        "teamId": 200,
        "championId": 9
      },
      {
        "summonerId": 26173388,
        "teamId": 200,
        "championId": 18
      },
      {
        "summonerId": 33263348,
        "teamId": 200,
        "championId": 58
      }
    ],
    "stats": {
      "level": 14,
      "goldEarned": 9695,
      "numDeaths": 7,
      "turretsKilled": 1,
      "minionsKilled": 161,
      "championsKilled": 3,
      "goldSpent": 10590,
      "totalDamageDealt": 96626,
      "totalDamageTaken": 20873,
      "killingSprees": 1,
      "largestKillingSpree": 2,
      "team": 100,
      "win": false,
      "neutralMinionsKilled": 4,
      "largestMultiKill": 1,
      "physicalDamageDealtPlayer": 92328,
      "magicDamageDealtPlayer": 4298,
      "physicalDamageTaken": 10497,
      "magicDamageTaken": 10376,
      "largestCriticalStrike": 344,
      "timePlayed": 1818,
      "totalHeal": 2397,
      "totalUnitsHealed": 3,
      "assists": 13,
      "item0": 1055,
      "item1": 3072,
      "item2": 3031,
      "item3": 3250,
      "item6": 3340,
      "magicDamageDealtToChampions": 2129,
      "physicalDamageDealtToChampions": 17931,
      "totalDamageDealtToChampions": 20061,
      "wardPlaced": 5,
      "neutralMinionsKilledYourJungle": 4,
      "totalTimeCrowdControlDealt": 101
    }
  },
  "26173388": {
    "gameId": 825976458,
    "invalid": false,
    "gameMode": "CLASSIC",
    "gameType": "MATCHED_GAME",
    "subType": "RANKED_SOLO_5x5",
    "mapId": 1,
    "teamId": 200,
    "championId": 18,
    "spell1": 14,
    "spell2": 4,
    "level": 30,
    "ipEarned": 87,
    "createDate": 1399031133224,
    "fellowPlayers": [
      {
        "summonerId": 29087180,
        "teamId": 100,
        "championId": 25
      },
      {
        "summonerId": 34128019,
        "teamId": 200,
        "championId": 51
      },
      {
        "summonerId": 27734839,
        "teamId": 100,
        "championId": 55
      },
      {
        "summonerId": 30439042,
        "teamId": 100,
        "championId": 24
      },
      {
        "summonerId": 25237235,
        "teamId": 100,
        "championId": 19
      },
      {
        "summonerId": 27119196,
        "teamId": 200,
        "championId": 412
      },
      {
        "summonerId": 33998243,
        "teamId": 200,
        "championId": 9
      },
      {
        "summonerId": 33263348,
        "teamId": 200,
        "championId": 58
      },
      {
        "summonerId": 28928375,
        "teamId": 100,
        "championId": 110
      }
    ],
    "stats": {
      "level": 16,
      "goldEarned": 13537,
      "numDeaths": 5,
      "barracksKilled": 2,
      "turretsKilled": 6,
      "minionsKilled": 142,
      "championsKilled": 12,
      "goldSpent": 12290,
      "totalDamageDealt": 98260,
      "totalDamageTaken": 13897,
      "doubleKills": 2,
      "killingSprees": 3,
      "largestKillingSpree": 6,
      "team": 200,
      "win": true,
      "neutralMinionsKilled": 4,
      "largestMultiKill": 2,
      "physicalDamageDealtPlayer": 36748,
      "magicDamageDealtPlayer": 60548,
      "physicalDamageTaken": 6198,
      "magicDamageTaken": 7572,
      "timePlayed": 1818,
      "assists": 7,
      "item0": 1056,
      "item1": 3089,
      "item2": 3135,
      "item3": 3128,
      "item4": 3191,
      "item5": 3020,
      "item6": 3340,
      "sightWardsBought": 2,
      "magicDamageDealtToChampions": 21851,
      "physicalDamageDealtToChampions": 2953,
      "totalDamageDealtToChampions": 25768,
      "trueDamageDealtPlayer": 964,
      "trueDamageDealtToChampions": 964,
      "trueDamageTaken": 126,
      "wardPlaced": 8,
      "neutralMinionsKilledYourJungle": 4,
      "totalTimeCrowdControlDealt": 177
    }
  },
  "30439042": {
    "gameId": 825976458,
    "invalid": false,
    "gameMode": "CLASSIC",
    "gameType": "MATCHED_GAME",
    "subType": "RANKED_SOLO_5x5",
    "mapId": 1,
    "teamId": 100,
    "championId": 24,
    "spell1": 4,
    "spell2": 14,
    "level": 30,
    "ipEarned": 58,
    "createDate": 1399031133217,
    "fellowPlayers": [
      {
        "summonerId": 29087180,
        "teamId": 100,
        "championId": 25
      },
      {
        "summonerId": 34128019,
        "teamId": 200,
        "championId": 51
      },
      {
        "summonerId": 27734839,
        "teamId": 100,
        "championId": 55
      },
      {
        "summonerId": 25237235,
        "teamId": 100,
        "championId": 19
      },
      {
        "summonerId": 27119196,
        "teamId": 200,
        "championId": 412
      },
      {
        "summonerId": 33998243,
        "teamId": 200,
        "championId": 9
      },
      {
        "summonerId": 26173388,
        "teamId": 200,
        "championId": 18
      },
      {
        "summonerId": 33263348,
        "teamId": 200,
        "championId": 58
      },
      {
        "summonerId": 28928375,
        "teamId": 100,
        "championId": 110
      }
    ],
    "stats": {
      "level": 14,
      "goldEarned": 7871,
      "numDeaths": 8,
      "minionsKilled": 134,
      "championsKilled": 3,
      "goldSpent": 6870,
      "totalDamageDealt": 63832,
      "totalDamageTaken": 27785,
      "killingSprees": 1,
      "largestKillingSpree": 2,
      "team": 100,
      "win": false,
      "largestMultiKill": 1,
      "physicalDamageDealtPlayer": 48268,
      "magicDamageDealtPlayer": 14048,
      "physicalDamageTaken": 15553,
      "magicDamageTaken": 11156,
      "timePlayed": 1818,
      "totalHeal": 4768,
      "totalUnitsHealed": 1,
      "assists": 4,
      "item0": 1055,
      "item1": 1055,
      "item2": 3260,
      "item3": 1011,
      "item4": 3153,
      "item6": 3340,
      "magicDamageDealtToChampions": 3182,
      "physicalDamageDealtToChampions": 6907,
      "totalDamageDealtToChampions": 11427,
      "trueDamageDealtPlayer": 1516,
      "trueDamageDealtToChampions": 1338,
      "trueDamageTaken": 1076,
      "wardPlaced": 5,
      "totalTimeCrowdControlDealt": 205
    }
  },
  "25237235": {
    "gameId": 825976458,
    "invalid": false,
    "gameMode": "CLASSIC",
    "gameType": "MATCHED_GAME",
    "subType": "RANKED_SOLO_5x5",
    "mapId": 1,
    "teamId": 100,
    "championId": 19,
    "spell1": 11,
    "spell2": 4,
    "level": 30,
    "ipEarned": 58,
    "createDate": 1399031133214,
    "fellowPlayers": [
      {
        "summonerId": 29087180,
        "teamId": 100,
        "championId": 25
      },
      {
        "summonerId": 34128019,
        "teamId": 200,
        "championId": 51
      },
      {
        "summonerId": 27734839,
        "teamId": 100,
        "championId": 55
      },
      {
        "summonerId": 30439042,
        "teamId": 100,
        "championId": 24
      },
      {
        "summonerId": 27119196,
        "teamId": 200,
        "championId": 412
      },
      {
        "summonerId": 33998243,
        "teamId": 200,
        "championId": 9
      },
      {
        "summonerId": 26173388,
        "teamId": 200,
        "championId": 18
      },
      {
        "summonerId": 33263348,
        "teamId": 200,
        "championId": 58
      },
      {
        "summonerId": 28928375,
        "teamId": 100,
        "championId": 110
      }
    ],
    "stats": {
      "level": 15,
      "goldEarned": 9774,
      "numDeaths": 7,
      "minionsKilled": 17,
      "championsKilled": 7,
      "goldSpent": 9380,
      "totalDamageDealt": 126533,
      "totalDamageTaken": 36824,
      "killingSprees": 2,
      "largestKillingSpree": 2,
      "team": 100,
      "win": false,
      "neutralMinionsKilled": 100,
      "largestMultiKill": 1,
      "physicalDamageDealtPlayer": 57933,
      "magicDamageDealtPlayer": 55703,
      "physicalDamageTaken": 20731,
      "magicDamageTaken": 15664,
      "timePlayed": 1818,
      "totalHeal": 14689,
      "totalUnitsHealed": 1,
      "assists": 9,
      "item0": 3143,
      "item1": 3153,
      "item2": 3160,
      "item3": 3270,
      "item6": 3340,
      "magicDamageDealtToChampions": 6548,
      "physicalDamageDealtToChampions": 2644,
      "totalDamageDealtToChampions": 9445,
      "trueDamageDealtPlayer": 12896,
      "trueDamageDealtToChampions": 252,
      "trueDamageTaken": 428,
      "wardPlaced": 12,
      "neutralMinionsKilledEnemyJungle": 4,
      "neutralMinionsKilledYourJungle": 96,
      "totalTimeCrowdControlDealt": 556
    }
  },
  "27119196": {
    "gameId": 825976458,
    "invalid": false,
    "gameMode": "CLASSIC",
    "gameType": "MATCHED_GAME",
    "subType": "RANKED_SOLO_5x5",
    "mapId": 1,
    "teamId": 200,
    "championId": 412,
    "spell1": 4,
    "spell2": 7,
    "level": 30,
    "ipEarned": 87,
    "createDate": 1399031133223,
    "fellowPlayers": [
      {
        "summonerId": 29087180,
        "teamId": 100,
        "championId": 25
      },
      {
        "summonerId": 34128019,
        "teamId": 200,
        "championId": 51
      },
      {
        "summonerId": 27734839,
        "teamId": 100,
        "championId": 55
      },
      {
        "summonerId": 30439042,
        "teamId": 100,
        "championId": 24
      },
      {
        "summonerId": 25237235,
        "teamId": 100,
        "championId": 19
      },
      {
        "summonerId": 33998243,
        "teamId": 200,
        "championId": 9
      },
      {
        "summonerId": 26173388,
        "teamId": 200,
        "championId": 18
      },
      {
        "summonerId": 33263348,
        "teamId": 200,
        "championId": 58
      },
      {
        "summonerId": 28928375,
        "teamId": 100,
        "championId": 110
      }
    ],
    "stats": {
      "level": 14,
      "goldEarned": 9179,
      "numDeaths": 5,
      "minionsKilled": 24,
      "championsKilled": 1,
      "goldSpent": 8865,
      "totalDamageDealt": 21249,
      "totalDamageTaken": 23363,
      "team": 200,
      "win": true,
      "largestMultiKill": 1,
      "physicalDamageDealtPlayer": 6637,
      "magicDamageDealtPlayer": 14611,
      "physicalDamageTaken": 13856,
      "magicDamageTaken": 8924,
      "timePlayed": 1818,
      "totalHeal": 3027,
      "totalUnitsHealed": 5,
      "assists": 18,
      "item0": 2049,
      "item1": 3401,
      "item2": 3190,
      "item3": 3047,
      "item6": 3340,
      "sightWardsBought": 1,
      "magicDamageDealtToChampions": 7937,
      "physicalDamageDealtToChampions": 1775,
      "totalDamageDealtToChampions": 9712,
      "trueDamageTaken": 583,
      "wardPlaced": 17,
      "totalTimeCrowdControlDealt": 66
    }
  },
  "33998243": {
    "gameId": 825976458,
    "invalid": false,
    "gameMode": "CLASSIC",
    "gameType": "MATCHED_GAME",
    "subType": "RANKED_SOLO_5x5",
    "mapId": 1,
    "teamId": 200,
    "championId": 9,
    "spell1": 11,
    "spell2": 4,
    "level": 30,
    "ipEarned": 87,
    "createDate": 1399031133220,
    "fellowPlayers": [
      {
        "summonerId": 29087180,
        "teamId": 100,
        "championId": 25
      },
      {
        "summonerId": 34128019,
        "teamId": 200,
        "championId": 51
      },
      {
        "summonerId": 27734839,
        "teamId": 100,
        "championId": 55
      },
      {
        "summonerId": 30439042,
        "teamId": 100,
        "championId": 24
      },
      {
        "summonerId": 25237235,
        "teamId": 100,
        "championId": 19
      },
      {
        "summonerId": 27119196,
        "teamId": 200,
        "championId": 412
      },
      {
        "summonerId": 26173388,
        "teamId": 200,
        "championId": 18
      },
      {
        "summonerId": 33263348,
        "teamId": 200,
        "championId": 58
      },
      {
        "summonerId": 28928375,
        "teamId": 100,
        "championId": 110
      }
    ],
    "stats": {
      "level": 15,
      "goldEarned": 12153,
      "numDeaths": 6,
      "turretsKilled": 1,
      "minionsKilled": 39,
      "championsKilled": 4,
      "goldSpent": 10310,
      "totalDamageDealt": 159853,
      "totalDamageTaken": 30780,
      "killingSprees": 2,
      "largestKillingSpree": 2,
      "team": 200,
      "win": true,
      "neutralMinionsKilled": 84,
      "largestMultiKill": 1,
      "physicalDamageDealtPlayer": 12262,
      "magicDamageDealtPlayer": 137090,
      "physicalDamageTaken": 20619,
      "magicDamageTaken": 9107,
      "timePlayed": 1818,
      "totalHeal": 19338,
      "totalUnitsHealed": 1,
      "assists": 11,
      "item0": 3157,
      "item1": 3206,
      "item2": 3255,
      "item3": 3089,
      "item6": 3340,
      "magicDamageDealtToChampions": 21558,
      "physicalDamageDealtToChampions": 297,
      "totalDamageDealtToChampions": 21856,
      "trueDamageDealtPlayer": 10502,
      "trueDamageTaken": 1054,
      "wardKilled": 1,
      "wardPlaced": 6,
      "neutralMinionsKilledEnemyJungle": 14,
      "neutralMinionsKilledYourJungle": 70,
      "totalTimeCrowdControlDealt": 350
    }
  }
}