{
  "40033251": {
    "gameId": 825967943,
    "invalid": false,
    "gameMode": "CLASSIC",
    "gameType": "MATCHED_GAME",
    "subType": "RANKED_SOLO_5x5",
    "mapId": 1,
    "teamId": 100,
    "championId": 15,
    "spell1": 4,
    "spell2": 7,
    "level": 30,
    "ipEarned": 76,
    "createDate": 1399028986547,
    "fellowPlayers": [
      {
        "summonerId": 31603985,
        "teamId": 200,
        "championId": 412
      },
      {
        "summonerId": 35020639,
        "teamId": 100,
        "championId": 16
      },
      {
        "summonerId": 31354139,
        "teamId": 200,
        "championId": 24
      },
      {
        "summonerId": 25808199,
        "teamId": 200,
        "championId": 5
      },
      {
        "summonerId": 35525065,
        "teamId": 100,
        "championId": 99
      },
      {
        "summonerId": 19720897,
        "teamId": 200,
        "championId": 43
      },
      {
        "summonerId": 29727349,
        "teamId": 200,
        "championId": 29
      },
      {
        "summonerId": 39963183,
        "teamId": 100,
        "championId": 58
      },
      {
        "summonerId": 41454629,
        "teamId": 100,
        "championId": 121
      }
    ],
    "stats": {
      "level": 13,
      "goldEarned": 10276,
      "numDeaths": 2,
      "turretsKilled": 2,
      "minionsKilled": 168,
      "championsKilled": 6,
      "goldSpent": 9710,
      "totalDamageDealt": 95154,
      "totalDamageTaken": 7079,
      "doubleKills": 1,
      "killingSprees": 1,
      "largestKillingSpree": 5,
      "team": 100,
      "win": true,
      "neutralMinionsKilled": 4,
      "largestMultiKill": 2,
      "physicalDamageDealtPlayer": 94149,
      "magicDamageDealtPlayer": 691,
      "physicalDamageTaken": 5280,
      "magicDamageTaken": 1366,
      "largestCriticalStrike": 534,
      "timePlayed": 1459,
      "totalHeal": 1325,
      "totalUnitsHealed": 2,
      "assists": 12,
      "item0": 1055,
      "item1": 3072,
      "item2": 3087,
      "item3": 3006,
      "item4": 1038,
      "item5": 1037,
      "item6": 3340,
      "physicalDamageDealtToChampions": 14701,
      "totalDamageDealtToChampions": 14813,
      "trueDamageDealtPlayer": 314,
      "trueDamageDealtToChampions": 112,
      "trueDamageTaken": 432,
      "wardPlaced": 7,
      "neutralMinionsKilledEnemyJungle": 1,
      "neutralMinionsKilledYourJungle": 3,
      "totalTimeCrowdControlDealt": 63
    }
  },
  "summonerCount": 10,
  "41454629": {
    "gameId": 825967943,
    "invalid": false,
    "gameMode": "CLASSIC",
    "gameType": "MATCHED_GAME",
    "subType": "RANKED_SOLO_5x5",
    "mapId": 1,
    "teamId": 100,
    "championId": 121,
    "spell1": 4,
    "spell2": 11,
    "level": 30,
    "ipEarned": 76,
    "createDate": 1399028986549,
    "fellowPlayers": [
      {
        "summonerId": 31603985,
        "teamId": 200,
        "championId": 412
      },
      {
        "summonerId": 35020639,
        "teamId": 100,
        "championId": 16
      },
      {
        "summonerId": 40033251,
        "teamId": 100,
        "championId": 15
      },
      {
        "summonerId": 31354139,
        "teamId": 200,
        "championId": 24
      },
      {
        "summonerId": 25808199,
        "teamId": 200,
        "championId": 5
      },
      {
        "summonerId": 35525065,
        "teamId": 100,
        "championId": 99
      },
      {
        "summonerId": 19720897,
        "teamId": 200,
        "championId": 43
      },
      {
        "summonerId": 29727349,
        "teamId": 200,
        "championId": 29
      },
      {
        "summonerId": 39963183,
        "teamId": 100,
        "championId": 58
      }
    ],
    "stats": {
      "level": 13,
      "goldEarned": 8611,
      "numDeaths": 4,
      "turretsKilled": 1,
      "minionsKilled": 9,
      "championsKilled": 5,
      "goldSpent": 8510,
      "totalDamageDealt": 107882,
      "totalDamageTaken": 21734,
      "killingSprees": 1,
      "largestKillingSpree": 3,
      "team": 100,
      "win": true,
      "neutralMinionsKilled": 79,
      "largestMultiKill": 1,
      "physicalDamageDealtPlayer": 92809,
      "magicDamageDealtPlayer": 1315,
      "physicalDamageTaken": 17676,
      "magicDamageTaken": 3374,
      "timePlayed": 1459,
      "totalHeal": 7599,
      "totalUnitsHealed": 1,
      "assists": 6,
      "item0": 2003,
      "item1": 3209,
      "item2": 3071,
      "item3": 3262,
      "item4": 1011,
      "item6": 3340,
      "magicDamageDealtToChampions": 535,
      "physicalDamageDealtToChampions": 7647,
      "totalDamageDealtToChampions": 8976,
      "trueDamageDealtPlayer": 13757,
      "trueDamageDealtToChampions": 793,
      "trueDamageTaken": 684,
      "wardPlaced": 5,
      "neutralMinionsKilledEnemyJungle": 18,
      "neutralMinionsKilledYourJungle": 61,
      "totalTimeCrowdControlDealt": 572
    }
  },
  "35020639": {
    "gameId": 825967943,
    "invalid": false,
    "gameMode": "CLASSIC",
    "gameType": "MATCHED_GAME",
    "subType": "RANKED_SOLO_5x5",
    "mapId": 1,
    "teamId": 100,
    "championId": 16,
    "spell1": 4,
    "spell2": 3,
    "level": 30,
    "ipEarned": 76,
    "createDate": 1399028986546,
    "fellowPlayers": [
      {
        "summonerId": 31603985,
        "teamId": 200,
        "championId": 412
      },
      {
        "summonerId": 40033251,
        "teamId": 100,
        "championId": 15
      },
      {
        "summonerId": 31354139,
        "teamId": 200,
        "championId": 24
      },
      {
        "summonerId": 25808199,
        "teamId": 200,
        "championId": 5
      },
      {
        "summonerId": 35525065,
        "teamId": 100,
        "championId": 99
      },
      {
        "summonerId": 19720897,
        "teamId": 200,
        "championId": 43
      },
      {
        "summonerId": 29727349,
        "teamId": 200,
        "championId": 29
      },
      {
        "summonerId": 39963183,
        "teamId": 100,
        "championId": 58
      },
      {
        "summonerId": 41454629,
        "teamId": 100,
        "championId": 121
      }
    ],
    "stats": {
      "level": 12,
      "goldEarned": 7415,
      "numDeaths": 2,
      "turretsKilled": 1,
      "minionsKilled": 12,
      "championsKilled": 1,
      "goldSpent": 6805,
      "totalDamageDealt": 23167,
      "totalDamageTaken": 12175,
      "team": 100,
      "win": true,
      "neutralMinionsKilled": 1,
      "largestMultiKill": 1,
      "physicalDamageDealtPlayer": 8914,
      "magicDamageDealtPlayer": 14252,
      "physicalDamageTaken": 8719,
      "magicDamageTaken": 2474,
      "timePlayed": 1459,
      "totalHeal": 9441,
      "totalUnitsHealed": 5,
      "assists": 12,
      "item0": 3092,
      "item1": 2049,
      "item2": 3151,
      "item3": 1001,
      "item6": 3362,
      "magicDamageDealtToChampions": 5821,
      "physicalDamageDealtToChampions": 2927,
      "totalDamageDealtToChampions": 8749,
      "trueDamageTaken": 982,
      "wardPlaced": 15,
      "neutralMinionsKilledEnemyJungle": 1,
      "totalTimeCrowdControlDealt": 55
    }
  },
  "19720897": {
    "gameId": 825967943,
    "invalid": false,
    "gameMode": "CLASSIC",
    "gameType": "MATCHED_GAME",
    "subType": "RANKED_SOLO_5x5",
    "mapId": 1,
    "teamId": 200,
    "championId": 43,
    "spell1": 4,
    "spell2": 14,
    "level": 30,
    "ipEarned": 51,
    "createDate": 1399028986551,
    "fellowPlayers": [
      {
        "summonerId": 31603985,
        "teamId": 200,
        "championId": 412
      },
      {
        "summonerId": 35020639,
        "teamId": 100,
        "championId": 16
      },
      {
        "summonerId": 40033251,
        "teamId": 100,
        "championId": 15
      },
      {
        "summonerId": 31354139,
        "teamId": 200,
        "championId": 24
      },
      {
        "summonerId": 25808199,
        "teamId": 200,
        "championId": 5
      },
      {
        "summonerId": 35525065,
        "teamId": 100,
        "championId": 99
      },
      {
        "summonerId": 29727349,
        "teamId": 200,
        "championId": 29
      },
      {
        "summonerId": 39963183,
        "teamId": 100,
        "championId": 58
      },
      {
        "summonerId": 41454629,
        "teamId": 100,
        "championId": 121
      }
    ],
    "stats": {
      "level": 12,
      "goldEarned": 7199,
      "numDeaths": 7,
      "minionsKilled": 134,
      "championsKilled": 4,
      "goldSpent": 5940,
      "totalDamageDealt": 62891,
      "totalDamageTaken": 13042,
      "killingSprees": 1,
      "largestKillingSpree": 2,
      "team": 200,
      "win": false,
      "neutralMinionsKilled": 1,
      "largestMultiKill": 1,
      "physicalDamageDealtPlayer": 10599,
      "magicDamageDealtPlayer": 52005,
      "physicalDamageTaken": 5117,
      "magicDamageTaken": 7834,
      "timePlayed": 1459,
      "totalHeal": 492,
      "totalUnitsHealed": 1,
      "assists": 1,
      "item0": 3165,
      "item1": 3255,
      "item2": 3136,
      "item5": 1052,
      "item6": 3340,
      "magicDamageDealtToChampions": 7035,
      "physicalDamageDealtToChampions": 705,
      "totalDamageDealtToChampions": 7907,
      "trueDamageDealtPlayer": 286,
      "trueDamageDealtToChampions": 166,
      "trueDamageTaken": 90,
      "wardKilled": 1,
      "wardPlaced": 4,
      "neutralMinionsKilledYourJungle": 1,
      "totalTimeCrowdControlDealt": 336
    }
  },
  "35525065": {
    "gameId": 825967943,
    "invalid": false,
    "gameMode": "CLASSIC",
    "gameType": "MATCHED_GAME",
    "subType": "RANKED_SOLO_5x5",
    "mapId": 1,
    "teamId": 100,
    "championId": 99,
    "spell1": 14,
    "spell2": 4,
    "level": 30,
    "ipEarned": 76,
    "createDate": 1399028986545,
    "fellowPlayers": [
      {
        "summonerId": 31603985,
        "teamId": 200,
        "championId": 412
      },
      {
        "summonerId": 35020639,
        "teamId": 100,
        "championId": 16
      },
      {
        "summonerId": 40033251,
        "teamId": 100,
        "championId": 15
      },
      {
        "summonerId": 31354139,
        "teamId": 200,
        "championId": 24
      },
      {
        "summonerId": 25808199,
        "teamId": 200,
        "championId": 5
      },
      {
        "summonerId": 19720897,
        "teamId": 200,
        "championId": 43
      },
      {
        "summonerId": 29727349,
        "teamId": 200,
        "championId": 29
      },
      {
        "summonerId": 39963183,
        "teamId": 100,
        "championId": 58
      },
      {
        "summonerId": 41454629,
        "teamId": 100,
        "championId": 121
      }
    ],
    "stats": {
      "level": 15,
      "goldEarned": 11986,
      "turretsKilled": 2,
      "minionsKilled": 179,
      "championsKilled": 14,
      "goldSpent": 10805,
      "totalDamageDealt": 100989,
      "totalDamageTaken": 4796,
      "doubleKills": 4,
      "killingSprees": 1,
      "largestKillingSpree": 14,
      "team": 100,
      "win": true,
      "neutralMinionsKilled": 2,
      "largestMultiKill": 2,
      "physicalDamageDealtPlayer": 14512,
      "magicDamageDealtPlayer": 85724,
      "physicalDamageTaken": 1949,
      "magicDamageTaken": 2615,
      "timePlayed": 1459,
      "totalHeal": 558,
      "totalUnitsHealed": 1,
      "assists": 8,
      "item0": 1056,
      "item1": 3089,
      "item2": 3174,
      "item3": 3135,
      "item4": 3020,
      "item5": 3108,
      "item6": 3340,
      "sightWardsBought": 2,
      "magicDamageDealtToChampions": 18459,
      "physicalDamageDealtToChampions": 1533,
      "totalDamageDealtToChampions": 20540,
      "trueDamageDealtPlayer": 752,
      "trueDamageDealtToChampions": 548,
      "trueDamageTaken": 232,
      "wardPlaced": 7,
      "neutralMinionsKilledEnemyJungle": 1,
      "neutralMinionsKilledYourJungle": 1,
      "totalTimeCrowdControlDealt": 242
    }
  },
  "31603985": {
    "gameId": 825967943,
    "invalid": false,
    "gameMode": "CLASSIC",
    "gameType": "MATCHED_GAME",
    "subType": "RANKED_SOLO_5x5",
    "mapId": 1,
    "teamId": 200,
    "championId": 412,
    "spell1": 4,
    "spell2": 3,
    "level": 30,
    "ipEarned": 51,
    "createDate": 1399028986553,
    "fellowPlayers": [
      {
        "summonerId": 35020639,
        "teamId": 100,
        "championId": 16
      },
      {
        "summonerId": 40033251,
        "teamId": 100,
        "championId": 15
      },
      {
        "summonerId": 31354139,
        "teamId": 200,
        "championId": 24
      },
      {
        "summonerId": 25808199,
        "teamId": 200,
        "championId": 5
      },
      {
        "summonerId": 35525065,
        "teamId": 100,
        "championId": 99
      },
      {
        "summonerId": 19720897,
        "teamId": 200,
        "championId": 43
      },
      {
        "summonerId": 29727349,
        "teamId": 200,
        "championId": 29
      },
      {
        "summonerId": 39963183,
        "teamId": 100,
        "championId": 58
      },
      {
        "summonerId": 41454629,
        "teamId": 100,
        "championId": 121
      }
    ],
    "stats": {
      "level": 10,
      "goldEarned": 4835,
      "numDeaths": 7,
      "minionsKilled": 13,
      "goldSpent": 4435,
      "totalDamageDealt": 12052,
      "totalDamageTaken": 14909,
      "team": 200,
      "win": false,
      "physicalDamageDealtPlayer": 3335,
      "magicDamageDealtPlayer": 8716,
      "physicalDamageTaken": 8279,
      "magicDamageTaken": 6558,
      "timePlayed": 1459,
      "totalHeal": 741,
      "totalUnitsHealed": 1,
      "assists": 2,
      "item0": 3096,
      "item1": 2049,
      "item2": 1031,
      "item3": 3114,
      "item4": 3117,
      "item6": 3341,
      "sightWardsBought": 2,
      "magicDamageDealtToChampions": 2560,
      "physicalDamageDealtToChampions": 424,
      "totalDamageDealtToChampions": 2984,
      "trueDamageTaken": 71,
      "wardPlaced": 10,
      "totalTimeCrowdControlDealt": 63
    }
  },
  "39963183": {
    "gameId": 825967943,
    "invalid": false,
    "gameMode": "CLASSIC",
    "gameType": "MATCHED_GAME",
    "subType": "RANKED_SOLO_5x5",
    "mapId": 1,
    "teamId": 100,
    "championId": 58,
    "spell1": 4,
    "spell2": 14,
    "level": 30,
    "ipEarned": 226,
    "createDate": 1399028986550,
    "fellowPlayers": [
      {
        "summonerId": 31603985,
        "teamId": 200,
        "championId": 412
      },
      {
        "summonerId": 35020639,
        "teamId": 100,
        "championId": 16
      },
      {
        "summonerId": 40033251,
        "teamId": 100,
        "championId": 15
      },
      {
        "summonerId": 31354139,
        "teamId": 200,
        "championId": 24
      },
      {
        "summonerId": 25808199,
        "teamId": 200,
        "championId": 5
      },
      {
        "summonerId": 35525065,
        "teamId": 100,
        "championId": 99
      },
      {
        "summonerId": 19720897,
        "teamId": 200,
        "championId": 43
      },
      {
        "summonerId": 29727349,
        "teamId": 200,
        "championId": 29
      },
      {
        "summonerId": 41454629,
        "teamId": 100,
        "championId": 121
      }
    ],
    "stats": {
      "level": 13,
      "goldEarned": 8917,
      "numDeaths": 5,
      "minionsKilled": 154,
      "championsKilled": 5,
      "goldSpent": 7960,
      "totalDamageDealt": 84909,
      "totalDamageTaken": 17804,
      "doubleKills": 1,
      "killingSprees": 1,
      "largestKillingSpree": 3,
      "team": 100,
      "win": true,
      "largestMultiKill": 2,
      "physicalDamageDealtPlayer": 78721,
      "magicDamageDealtPlayer": 5562,
      "physicalDamageTaken": 12509,
      "magicDamageTaken": 4570,
      "timePlayed": 1459,
      "totalHeal": 3457,
      "totalUnitsHealed": 1,
      "assists": 4,
      "item0": 1055,
      "item1": 3074,
      "item2": 2003,
      "item3": 3047,
      "item4": 3068,
      "item6": 3340,
      "magicDamageDealtToChampions": 2011,
      "physicalDamageDealtToChampions": 11373,
      "totalDamageDealtToChampions": 14011,
      "trueDamageDealtPlayer": 626,
      "trueDamageDealtToChampions": 626,
      "trueDamageTaken": 724,
      "wardPlaced": 6,
      "totalTimeCrowdControlDealt": 17
    }
  },
  "25808199": {
    "gameId": 825967943,
    "invalid": false,
    "gameMode": "CLASSIC",
    "gameType": "MATCHED_GAME",
    "subType": "RANKED_SOLO_5x5",
    "mapId": 1,
    "teamId": 200,
    "championId": 5,
    "spell1": 4,
    "spell2": 11,
    "level": 30,
    "ipEarned": 51,
    "createDate": 1399028986552,
    "fellowPlayers": [
      {
        "summonerId": 31603985,
        "teamId": 200,
        "championId": 412
      },
      {
        "summonerId": 35020639,
        "teamId": 100,
        "championId": 16
      },
      {
        "summonerId": 40033251,
        "teamId": 100,
        "championId": 15
      },
      {
        "summonerId": 31354139,
        "teamId": 200,
        "championId": 24
      },
      {
        "summonerId": 35525065,
        "teamId": 100,
        "championId": 99
      },
      {
        "summonerId": 19720897,
        "teamId": 200,
        "championId": 43
      },
      {
        "summonerId": 29727349,
        "teamId": 200,
        "championId": 29
      },
      {
        "summonerId": 39963183,
        "teamId": 100,
        "championId": 58
      },
      {
        "summonerId": 41454629,
        "teamId": 100,
        "championId": 121
      }
    ],
    "stats": {
      "level": 11,
      "goldEarned": 6238,
      "numDeaths": 7,
      "minionsKilled": 2,
      "championsKilled": 4,
      "goldSpent": 5945,
      "totalDamageDealt": 56528,
      "totalDamageTaken": 18903,
      "killingSprees": 1,
      "largestKillingSpree": 3,
      "team": 200,
      "win": false,
      "neutralMinionsKilled": 42,
      "largestMultiKill": 1,
      "physicalDamageDealtPlayer": 36899,
      "magicDamageDealtPlayer": 14901,
      "physicalDamageTaken": 13391,
      "magicDamageTaken": 4751,
      "largestCriticalStrike": 207,
      "timePlayed": 1459,
      "totalHeal": 5199,
      "totalUnitsHealed": 1,
      "assists": 4,
      "item0": 3154,
      "item1": 3047,
      "item2": 3044,
      "item3": 3086,
      "item4": 1052,
      "item6": 3341,
      "magicDamageDealtToChampions": 970,
      "physicalDamageDealtToChampions": 9679,
      "totalDamageDealtToChampions": 11519,
      "trueDamageDealtPlayer": 4728,
      "trueDamageDealtToChampions": 870,
      "trueDamageTaken": 761,
      "wardPlaced": 3,
      "neutralMinionsKilledEnemyJungle": 3,
      "neutralMinionsKilledYourJungle": 39,
      "totalTimeCrowdControlDealt": 460
    }
  },
  "31354139": {
    "gameId": 825967943,
    "invalid": false,
    "gameMode": "CLASSIC",
    "gameType": "MATCHED_GAME",
    "subType": "RANKED_SOLO_5x5",
    "mapId": 1,
    "teamId": 200,
    "championId": 24,
    "spell1": 14,
    "spell2": 4,
    "level": 30,
    "ipEarned": 51,
    "createDate": 1399028986554,
    "fellowPlayers": [
      {
        "summonerId": 31603985,
        "teamId": 200,
        "championId": 412
      },
      {
        "summonerId": 35020639,
        "teamId": 100,
        "championId": 16
      },
      {
        "summonerId": 40033251,
        "teamId": 100,
        "championId": 15
      },
      {
        "summonerId": 25808199,
        "teamId": 200,
        "championId": 5
      },
      {
        "summonerId": 35525065,
        "teamId": 100,
        "championId": 99
      },
      {
        "summonerId": 19720897,
        "teamId": 200,
        "championId": 43
      },
      {
        "summonerId": 29727349,
        "teamId": 200,
        "championId": 29
      },
      {
        "summonerId": 39963183,
        "teamId": 100,
        "championId": 58
      },
      {
        "summonerId": 41454629,
        "teamId": 100,
        "championId": 121
      }
    ],
    "stats": {
      "level": 13,
      "goldEarned": 7502,
      "numDeaths": 5,
      "turretsKilled": 1,
      "minionsKilled": 141,
      "championsKilled": 3,
      "goldSpent": 6385,
      "totalDamageDealt": 73854,
      "totalDamageTaken": 19467,
      "killingSprees": 1,
      "largestKillingSpree": 2,
      "team": 200,
      "win": false,
      "neutralMinionsKilled": 6,
      "largestMultiKill": 1,
      "physicalDamageDealtPlayer": 56112,
      "magicDamageDealtPlayer": 17524,
      "physicalDamageTaken": 16699,
      "magicDamageTaken": 1731,
      "timePlayed": 1459,
      "totalHeal": 1961,
      "totalUnitsHealed": 1,
      "assists": 2,
      "item0": 3153,
      "item1": 3111,
      "item3": 1055,
      "item4": 3044,
      "item6": 3340,
      "sightWardsBought": 2,
      "magicDamageDealtToChampions": 3756,
      "physicalDamageDealtToChampions": 7931,
      "totalDamageDealtToChampions": 11905,
      "trueDamageDealtPlayer": 218,
      "trueDamageDealtToChampions": 218,
      "trueDamageTaken": 1036,
      "wardPlaced": 4,
      "neutralMinionsKilledYourJungle": 6,
      "totalTimeCrowdControlDealt": 43
    }
  },
  "29727349": {
    "gameId": 825967943,
    "invalid": false,
    "gameMode": "CLASSIC",
    "gameType": "MATCHED_GAME",
    "subType": "RANKED_SOLO_5x5",
    "mapId": 1,
    "teamId": 200,
    "championId": 29,
    "spell1": 4,
    "spell2": 7,
    "level": 30,
    "ipEarned": 51,
    "createDate": 1399028986555,
    "fellowPlayers": [
      {
        "summonerId": 31603985,
        "teamId": 200,
        "championId": 412
      },
      {
        "summonerId": 35020639,
        "teamId": 100,
        "championId": 16
      },
      {
        "summonerId": 40033251,
        "teamId": 100,
        "championId": 15
      },
      {
        "summonerId": 31354139,
        "teamId": 200,
        "championId": 24
      },
      {
        "summonerId": 25808199,
        "teamId": 200,
        "championId": 5
      },
      {
        "summonerId": 35525065,
        "teamId": 100,
        "championId": 99
      },
      {
        "summonerId": 19720897,
        "teamId": 200,
        "championId": 43
      },
      {
        "summonerId": 39963183,
        "teamId": 100,
        "championId": 58
      },
      {
        "summonerId": 41454629,
        "teamId": 100,
        "championId": 121
      }
    ],
    "stats": {
      "level": 10,
      "goldEarned": 5791,
      "numDeaths": 5,
      "minionsKilled": 109,
      "championsKilled": 1,
      "goldSpent": 5480,
      "totalDamageDealt": 46305,
      "totalDamageTaken": 15003,
      "team": 200,
      "win": false,
      "neutralMinionsKilled": 1,
      "largestMultiKill": 1,
      "physicalDamageDealtPlayer": 42933,
      "magicDamageDealtPlayer": 78,
      "physicalDamageTaken": 8930,
      "magicDamageTaken": 5952,
      "timePlayed": 1459,
      "totalHeal": 2289,
      "totalUnitsHealed": 3,
      "assists": 1,
      "item0": 1055,
      "item1": 3153,
      "item2": 3006,
      "item3": 1042,
      "item4": 1051,
      "item6": 3340,
      "magicDamageDealtToChampions": 78,
      "physicalDamageDealtToChampions": 5159,
      "totalDamageDealtToChampions": 6693,
      "trueDamageDealtPlayer": 3293,
      "trueDamageDealtToChampions": 1455,
      "trueDamageTaken": 120,
      "wardKilled": 1,
      "wardPlaced": 8,
      "neutralMinionsKilledEnemyJungle": 1,
      "totalTimeCrowdControlDealt": 68
    }
  }
}