{
  "26465497": {
    "gameId": 825985583,
    "invalid": false,
    "gameMode": "CLASSIC",
    "gameType": "MATCHED_GAME",
    "subType": "RANKED_SOLO_5x5",
    "mapId": 1,
    "teamId": 100,
    "championId": 11,
    "spell1": 11,
    "spell2": 4,
    "level": 30,
    "ipEarned": 51,
    "createDate": 1399030878718,
    "fellowPlayers": [
      {
        "summonerId": 24472936,
        "teamId": 100,
        "championId": 51
      },
      {
        "summonerId": 19784234,
        "teamId": 100,
        "championId": 105
      },
      {
        "summonerId": 32266044,
        "teamId": 200,
        "championId": 119
      },
      {
        "summonerId": 27003806,
        "teamId": 100,
        "championId": 19
      },
      {
        "summonerId": 37240052,
        "teamId": 200,
        "championId": 157
      },
      {
        "summonerId": 32986244,
        "teamId": 200,
        "championId": 58
      },
      {
        "summonerId": 21687327,
        "teamId": 200,
        "championId": 5
      },
      {
        "summonerId": 35365663,
        "teamId": 200,
        "championId": 40
      },
      {
        "summonerId": 24505989,
        "teamId": 100,
        "championId": 25
      }
    ],
    "stats": {
      "level": 12,
      "goldEarned": 6801,
      "numDeaths": 5,
      "turretsKilled": 1,
      "minionsKilled": 17,
      "championsKilled": 3,
      "goldSpent": 6410,
      "totalDamageDealt": 102486,
      "totalDamageTaken": 18529,
      "killingSprees": 1,
      "largestKillingSpree": 2,
      "team": 100,
      "win": false,
      "neutralMinionsKilled": 79,
      "largestMultiKill": 1,
      "physicalDamageDealtPlayer": 69689,
      "magicDamageDealtPlayer": 18647,
      "physicalDamageTaken": 16114,
      "magicDamageTaken": 1709,
      "timePlayed": 1380,
      "totalHeal": 3316,
      "totalUnitsHealed": 1,
      "assists": 4,
      "item0": 3153,
      "item1": 3111,
      "item2": 3154,
      "item6": 3341,
      "magicDamageDealtToChampions": 136,
      "physicalDamageDealtToChampions": 6035,
      "totalDamageDealtToChampions": 7533,
      "trueDamageDealtPlayer": 14149,
      "trueDamageDealtToChampions": 1360,
      "trueDamageTaken": 706,
      "wardPlaced": 4,
      "neutralMinionsKilledEnemyJungle": 14,
      "neutralMinionsKilledYourJungle": 65,
      "totalTimeCrowdControlDealt": 343
    }
  },
  "summonerCount": 10,
  "21687327": {
    "gameId": 825985583,
    "invalid": false,
    "gameMode": "CLASSIC",
    "gameType": "MATCHED_GAME",
    "subType": "RANKED_SOLO_5x5",
    "mapId": 1,
    "teamId": 200,
    "championId": 5,
    "spell1": 4,
    "spell2": 11,
    "level": 30,
    "ipEarned": 76,
    "createDate": 1399030878725,
    "fellowPlayers": [
      {
        "summonerId": 24472936,
        "teamId": 100,
        "championId": 51
      },
      {
        "summonerId": 19784234,
        "teamId": 100,
        "championId": 105
      },
      {
        "summonerId": 32266044,
        "teamId": 200,
        "championId": 119
      },
      {
        "summonerId": 27003806,
        "teamId": 100,
        "championId": 19
      },
      {
        "summonerId": 37240052,
        "teamId": 200,
        "championId": 157
      },
      {
        "summonerId": 32986244,
        "teamId": 200,
        "championId": 58
      },
      {
        "summonerId": 26465497,
        "teamId": 100,
        "championId": 11
      },
      {
        "summonerId": 35365663,
        "teamId": 200,
        "championId": 40
      },
      {
        "summonerId": 24505989,
        "teamId": 100,
        "championId": 25
      }
    ],
    "stats": {
      "level": 14,
      "goldEarned": 10296,
      "numDeaths": 4,
      "turretsKilled": 1,
      "minionsKilled": 27,
      "championsKilled": 10,
      "goldSpent": 6605,
      "totalDamageDealt": 129851,
      "totalDamageTaken": 22226,
      "doubleKills": 1,
      "killingSprees": 3,
      "largestKillingSpree": 4,
      "team": 200,
      "win": true,
      "neutralMinionsKilled": 84,
      "largestMultiKill": 2,
      "physicalDamageDealtPlayer": 68398,
      "magicDamageDealtPlayer": 46796,
      "physicalDamageTaken": 17297,
      "magicDamageTaken": 3546,
      "timePlayed": 1380,
      "totalHeal": 6654,
      "totalUnitsHealed": 1,
      "assists": 6,
      "item0": 3160,
      "item1": 1001,
      "item2": 3072,
      "item3": 1011,
      "item6": 3340,
      "magicDamageDealtToChampions": 3329,
      "physicalDamageDealtToChampions": 9220,
      "totalDamageDealtToChampions": 13339,
      "trueDamageDealtPlayer": 14656,
      "trueDamageDealtToChampions": 790,
      "trueDamageTaken": 1383,
      "wardPlaced": 11,
      "neutralMinionsKilledEnemyJungle": 27,
      "neutralMinionsKilledYourJungle": 57,
      "totalTimeCrowdControlDealt": 924
    }
  },
  "24505989": {
    "gameId": 825985583,
    "invalid": false,
    "gameMode": "CLASSIC",
    "gameType": "MATCHED_GAME",
    "subType": "RANKED_SOLO_5x5",
    "mapId": 1,
    "teamId": 100,
    "championId": 25,
    "spell1": 14,
    "spell2": 4,
    "level": 30,
    "ipEarned": 51,
    "createDate": 1399030878721,
    "fellowPlayers": [
      {
        "summonerId": 24472936,
        "teamId": 100,
        "championId": 51
      },
      {
        "summonerId": 19784234,
        "teamId": 100,
        "championId": 105
      },
      {
        "summonerId": 32266044,
        "teamId": 200,
        "championId": 119
      },
      {
        "summonerId": 27003806,
        "teamId": 100,
        "championId": 19
      },
      {
        "summonerId": 37240052,
        "teamId": 200,
        "championId": 157
      },
      {
        "summonerId": 32986244,
        "teamId": 200,
        "championId": 58
      },
      {
        "summonerId": 21687327,
        "teamId": 200,
        "championId": 5
      },
      {
        "summonerId": 26465497,
        "teamId": 100,
        "championId": 11
      },
      {
        "summonerId": 35365663,
        "teamId": 200,
        "championId": 40
      }
    ],
    "stats": {
      "level": 10,
      "goldEarned": 5826,
      "numDeaths": 5,
      "minionsKilled": 5,
      "championsKilled": 2,
      "goldSpent": 6090,
      "totalDamageDealt": 15471,
      "totalDamageTaken": 10631,
      "team": 100,
      "win": false,
      "largestMultiKill": 1,
      "physicalDamageDealtPlayer": 4337,
      "magicDamageDealtPlayer": 10146,
      "physicalDamageTaken": 7937,
      "magicDamageTaken": 2271,
      "timePlayed": 1380,
      "assists": 6,
      "item0": 3098,
      "item1": 3157,
      "item2": 2049,
      "item6": 3341,
      "sightWardsBought": 3,
      "visionWardsBought": 1,
      "magicDamageDealtToChampions": 6577,
      "physicalDamageDealtToChampions": 898,
      "totalDamageDealtToChampions": 7957,
      "trueDamageDealtPlayer": 987,
      "trueDamageDealtToChampions": 481,
      "trueDamageTaken": 422,
      "wardKilled": 1,
      "wardPlaced": 11,
      "totalTimeCrowdControlDealt": 131
    }
  },
  "35365663": {
    "gameId": 825985583,
    "invalid": false,
    "gameMode": "CLASSIC",
    "gameType": "MATCHED_GAME",
    "subType": "RANKED_SOLO_5x5",
    "mapId": 1,
    "teamId": 200,
    "championId": 40,
    "spell1": 3,
    "spell2": 4,
    "level": 30,
    "ipEarned": 76,
    "createDate": 1399030878730,
    "fellowPlayers": [
      {
        "summonerId": 24472936,
        "teamId": 100,
        "championId": 51
      },
      {
        "summonerId": 19784234,
        "teamId": 100,
        "championId": 105
      },
      {
        "summonerId": 32266044,
        "teamId": 200,
        "championId": 119
      },
      {
        "summonerId": 27003806,
        "teamId": 100,
        "championId": 19
      },
      {
        "summonerId": 37240052,
        "teamId": 200,
        "championId": 157
      },
      {
        "summonerId": 32986244,
        "teamId": 200,
        "championId": 58
      },
      {
        "summonerId": 21687327,
        "teamId": 200,
        "championId": 5
      },
      {
        "summonerId": 26465497,
        "teamId": 100,
        "championId": 11
      },
      {
        "summonerId": 24505989,
        "teamId": 100,
        "championId": 25
      }
    ],
    "stats": {
      "level": 12,
      "goldEarned": 7646,
      "minionsKilled": 8,
      "goldSpent": 6470,
      "totalDamageDealt": 11046,
      "totalDamageTaken": 8178,
      "team": 200,
      "win": true,
      "physicalDamageDealtPlayer": 4392,
      "magicDamageDealtPlayer": 6653,
      "physicalDamageTaken": 4258,
      "magicDamageTaken": 3741,
      "timePlayed": 1380,
      "totalHeal": 2426,
      "totalUnitsHealed": 9,
      "assists": 18,
      "item0": 3113,
      "item1": 3069,
      "item2": 2045,
      "item4": 3117,
      "item5": 1052,
      "item6": 3340,
      "sightWardsBought": 1,
      "visionWardsBought": 2,
      "magicDamageDealtToChampions": 1836,
      "physicalDamageDealtToChampions": 690,
      "totalDamageDealtToChampions": 2526,
      "trueDamageTaken": 178,
      "wardKilled": 1,
      "wardPlaced": 17,
      "totalTimeCrowdControlDealt": 104
    }
  },
  "27003806": {
    "gameId": 825985583,
    "invalid": false,
    "gameMode": "CLASSIC",
    "gameType": "MATCHED_GAME",
    "subType": "RANKED_SOLO_5x5",
    "mapId": 1,
    "teamId": 100,
    "championId": 19,
    "spell1": 4,
    "spell2": 14,
    "level": 30,
    "ipEarned": 51,
    "createDate": 1399030878719,
    "fellowPlayers": [
      {
        "summonerId": 24472936,
        "teamId": 100,
        "championId": 51
      },
      {
        "summonerId": 19784234,
        "teamId": 100,
        "championId": 105
      },
      {
        "summonerId": 32266044,
        "teamId": 200,
        "championId": 119
      },
      {
        "summonerId": 37240052,
        "teamId": 200,
        "championId": 157
      },
      {
        "summonerId": 32986244,
        "teamId": 200,
        "championId": 58
      },
      {
        "summonerId": 21687327,
        "teamId": 200,
        "championId": 5
      },
      {
        "summonerId": 26465497,
        "teamId": 100,
        "championId": 11
      },
      {
        "summonerId": 35365663,
        "teamId": 200,
        "championId": 40
      },
      {
        "summonerId": 24505989,
        "teamId": 100,
        "championId": 25
      }
    ],
    "stats": {
      "level": 13,
      "goldEarned": 6578,
      "numDeaths": 5,
      "minionsKilled": 101,
      "championsKilled": 3,
      "goldSpent": 5470,
      "totalDamageDealt": 51038,
      "totalDamageTaken": 17376,
      "killingSprees": 1,
      "largestKillingSpree": 2,
      "team": 100,
      "win": false,
      "largestMultiKill": 1,
      "physicalDamageDealtPlayer": 35741,
      "magicDamageDealtPlayer": 14463,
      "physicalDamageTaken": 15839,
      "magicDamageTaken": 1049,
      "timePlayed": 1380,
      "totalHeal": 6781,
      "totalUnitsHealed": 1,
      "assists": 2,
      "item0": 2003,
      "item1": 3153,
      "item2": 1056,
      "item3": 1043,
      "item4": 1033,
      "item5": 1001,
      "item6": 3340,
      "magicDamageDealtToChampions": 4299,
      "physicalDamageDealtToChampions": 1889,
      "totalDamageDealtToChampions": 6846,
      "trueDamageDealtPlayer": 834,
      "trueDamageDealtToChampions": 658,
      "trueDamageTaken": 488,
      "wardPlaced": 1,
      "totalTimeCrowdControlDealt": 123
    }
  },
  "19784234": {
    "gameId": 825985583,
    "invalid": false,
    "gameMode": "CLASSIC",
    "gameType": "MATCHED_GAME",
    "subType": "RANKED_SOLO_5x5",
    "mapId": 1,
    "teamId": 100,
    "championId": 105,
    "spell1": 4,
    "spell2": 14,
    "level": 30,
    "ipEarned": 51,
    "createDate": 1399030878723,
    "fellowPlayers": [
      {
        "summonerId": 24472936,
        "teamId": 100,
        "championId": 51
      },
      {
        "summonerId": 32266044,
        "teamId": 200,
        "championId": 119
      },
      {
        "summonerId": 27003806,
        "teamId": 100,
        "championId": 19
      },
      {
        "summonerId": 37240052,
        "teamId": 200,
        "championId": 157
      },
      {
        "summonerId": 32986244,
        "teamId": 200,
        "championId": 58
      },
      {
        "summonerId": 21687327,
        "teamId": 200,
        "championId": 5
      },
      {
        "summonerId": 26465497,
        "teamId": 100,
        "championId": 11
      },
      {
        "summonerId": 35365663,
        "teamId": 200,
        "championId": 40
      },
      {
        "summonerId": 24505989,
        "teamId": 100,
        "championId": 25
      }
    ],
    "stats": {
      "level": 10,
      "goldEarned": 5689,
      "numDeaths": 8,
      "minionsKilled": 67,
      "championsKilled": 4,
      "goldSpent": 5180,
      "totalDamageDealt": 24346,
      "totalDamageTaken": 14437,
      "team": 100,
      "win": false,
      "largestMultiKill": 1,
      "physicalDamageDealtPlayer": 8698,
      "magicDamageDealtPlayer": 15039,
      "physicalDamageTaken": 11142,
      "magicDamageTaken": 2661,
      "timePlayed": 1380,
      "totalHeal": 358,
      "totalUnitsHealed": 1,
      "assists": 3,
      "item0": 1056,
      "item1": 3100,
      "item2": 3020,
      "item4": 1052,
      "item6": 3340,
      "magicDamageDealtToChampions": 6724,
      "physicalDamageDealtToChampions": 2619,
      "totalDamageDealtToChampions": 9952,
      "trueDamageDealtPlayer": 608,
      "trueDamageDealtToChampions": 608,
      "trueDamageTaken": 634,
      "wardKilled": 1,
      "wardPlaced": 6,
      "totalTimeCrowdControlDealt": 65
    }
  },
  "32266044": {
    "gameId": 825985583,
    "invalid": false,
    "gameMode": "CLASSIC",
    "gameType": "MATCHED_GAME",
    "subType": "RANKED_SOLO_5x5",
    "mapId": 1,
    "teamId": 200,
    "championId": 119,
    "spell1": 4,
    "spell2": 7,
    "level": 30,
    "ipEarned": 76,
    "createDate": 1399030878729,
    "fellowPlayers": [
      {
        "summonerId": 24472936,
        "teamId": 100,
        "championId": 51
      },
      {
        "summonerId": 19784234,
        "teamId": 100,
        "championId": 105
      },
      {
        "summonerId": 27003806,
        "teamId": 100,
        "championId": 19
      },
      {
        "summonerId": 37240052,
        "teamId": 200,
        "championId": 157
      },
      {
        "summonerId": 32986244,
        "teamId": 200,
        "championId": 58
      },
      {
        "summonerId": 21687327,
        "teamId": 200,
        "championId": 5
      },
      {
        "summonerId": 26465497,
        "teamId": 100,
        "championId": 11
      },
      {
        "summonerId": 35365663,
        "teamId": 200,
        "championId": 40
      },
      {
        "summonerId": 24505989,
        "teamId": 100,
        "championId": 25
      }
    ],
    "stats": {
      "level": 13,
      "goldEarned": 9938,
      "numDeaths": 2,
      "turretsKilled": 1,
      "minionsKilled": 151,
      "championsKilled": 5,
      "goldSpent": 9525,
      "totalDamageDealt": 115625,
      "totalDamageTaken": 13598,
      "doubleKills": 1,
      "killingSprees": 1,
      "largestKillingSpree": 5,
      "team": 200,
      "win": true,
      "neutralMinionsKilled": 16,
      "largestMultiKill": 2,
      "physicalDamageDealtPlayer": 114809,
      "physicalDamageTaken": 10023,
      "magicDamageTaken": 2804,
      "largestCriticalStrike": 858,
      "timePlayed": 1380,
      "totalHeal": 1428,
      "totalUnitsHealed": 2,
      "assists": 3,
      "item0": 1055,
      "item1": 3031,
      "item2": 3072,
      "item3": 3006,
      "item4": 1018,
      "item6": 3340,
      "physicalDamageDealtToChampions": 11784,
      "totalDamageDealtToChampions": 12008,
      "trueDamageDealtPlayer": 816,
      "trueDamageDealtToChampions": 224,
      "trueDamageTaken": 770,
      "wardPlaced": 4,
      "neutralMinionsKilledEnemyJungle": 7,
      "neutralMinionsKilledYourJungle": 9,
      "totalTimeCrowdControlDealt": 230
    }
  },
  "37240052": {
    "gameId": 825985583,
    "invalid": false,
    "gameMode": "CLASSIC",
    "gameType": "MATCHED_GAME",
    "subType": "RANKED_SOLO_5x5",
    "mapId": 1,
    "teamId": 200,
    "championId": 157,
    "spell1": 4,
    "spell2": 14,
    "level": 30,
    "ipEarned": 76,
    "createDate": 1399030878727,
    "fellowPlayers": [
      {
        "summonerId": 24472936,
        "teamId": 100,
        "championId": 51
      },
      {
        "summonerId": 19784234,
        "teamId": 100,
        "championId": 105
      },
      {
        "summonerId": 32266044,
        "teamId": 200,
        "championId": 119
      },
      {
        "summonerId": 27003806,
        "teamId": 100,
        "championId": 19
      },
      {
        "summonerId": 32986244,
        "teamId": 200,
        "championId": 58
      },
      {
        "summonerId": 21687327,
        "teamId": 200,
        "championId": 5
      },
      {
        "summonerId": 26465497,
        "teamId": 100,
        "championId": 11
      },
      {
        "summonerId": 35365663,
        "teamId": 200,
        "championId": 40
      },
      {
        "summonerId": 24505989,
        "teamId": 100,
        "championId": 25
      }
    ],
    "stats": {
      "level": 12,
      "goldEarned": 8807,
      "numDeaths": 5,
      "turretsKilled": 3,
      "minionsKilled": 107,
      "championsKilled": 7,
      "goldSpent": 7850,
      "totalDamageDealt": 67501,
      "totalDamageTaken": 11471,
      "doubleKills": 1,
      "killingSprees": 2,
      "largestKillingSpree": 4,
      "team": 200,
      "win": true,
      "neutralMinionsKilled": 2,
      "largestMultiKill": 2,
      "physicalDamageDealtPlayer": 56463,
      "magicDamageDealtPlayer": 10108,
      "physicalDamageTaken": 6381,
      "magicDamageTaken": 4204,
      "largestCriticalStrike": 463,
      "timePlayed": 1380,
      "totalHeal": 726,
      "totalUnitsHealed": 1,
      "assists": 4,
      "item0": 3031,
      "item1": 3087,
      "item2": 3006,
      "item3": 1055,
      "item6": 3340,
      "magicDamageDealtToChampions": 2051,
      "physicalDamageDealtToChampions": 9584,
      "totalDamageDealtToChampions": 12566,
      "trueDamageDealtPlayer": 930,
      "trueDamageDealtToChampions": 930,
      "trueDamageTaken": 885,
      "wardPlaced": 7,
      "neutralMinionsKilledEnemyJungle": 2,
      "totalTimeCrowdControlDealt": 85
    }
  },
  "24472936": {
    "gameId": 825985583,
    "invalid": false,
    "gameMode": "CLASSIC",
    "gameType": "MATCHED_GAME",
    "subType": "RANKED_SOLO_5x5",
    "mapId": 1,
    "teamId": 100,
    "championId": 51,
    "spell1": 4,
    "spell2": 7,
    "level": 30,
    "ipEarned": 51,
    "createDate": 1399030878724,
    "fellowPlayers": [
      {
        "summonerId": 19784234,
        "teamId": 100,
        "championId": 105
      },
      {
        "summonerId": 32266044,
        "teamId": 200,
        "championId": 119
      },
      {
        "summonerId": 27003806,
        "teamId": 100,
        "championId": 19
      },
      {
        "summonerId": 37240052,
        "teamId": 200,
        "championId": 157
      },
      {
        "summonerId": 32986244,
        "teamId": 200,
        "championId": 58
      },
      {
        "summonerId": 21687327,
        "teamId": 200,
        "championId": 5
      },
      {
        "summonerId": 26465497,
        "teamId": 100,
        "championId": 11
      },
      {
        "summonerId": 35365663,
        "teamId": 200,
        "championId": 40
      },
      {
        "summonerId": 24505989,
        "teamId": 100,
        "championId": 25
      }
    ],
    "stats": {
      "level": 12,
      "goldEarned": 6752,
      "numDeaths": 4,
      "minionsKilled": 148,
      "championsKilled": 1,
      "goldSpent": 6045,
      "totalDamageDealt": 74857,
      "totalDamageTaken": 12396,
      "team": 100,
      "win": false,
      "neutralMinionsKilled": 5,
      "largestMultiKill": 1,
      "physicalDamageDealtPlayer": 73205,
      "magicDamageDealtPlayer": 1219,
      "physicalDamageTaken": 10613,
      "magicDamageTaken": 1531,
      "largestCriticalStrike": 492,
      "timePlayed": 1380,
      "totalHeal": 1987,
      "totalUnitsHealed": 2,
      "assists": 4,
      "item0": 1055,
      "item1": 1053,
      "item2": 3031,
      "item4": 3006,
      "item6": 3340,
      "magicDamageDealtToChampions": 1057,
      "physicalDamageDealtToChampions": 7991,
      "totalDamageDealtToChampions": 9337,
      "trueDamageDealtPlayer": 432,
      "trueDamageDealtToChampions": 288,
      "trueDamageTaken": 252,
      "wardKilled": 1,
      "wardPlaced": 1,
      "neutralMinionsKilledYourJungle": 5,
      "totalTimeCrowdControlDealt": 82
    }
  },
  "32986244": {
    "gameId": 825985583,
    "invalid": false,
    "gameMode": "CLASSIC",
    "gameType": "MATCHED_GAME",
    "subType": "RANKED_SOLO_5x5",
    "mapId": 1,
    "teamId": 200,
    "championId": 58,
    "spell1": 4,
    "spell2": 14,
    "level": 30,
    "ipEarned": 76,
    "createDate": 1399030878726,
    "fellowPlayers": [
      {
        "summonerId": 24472936,
        "teamId": 100,
        "championId": 51
      },
      {
        "summonerId": 19784234,
        "teamId": 100,
        "championId": 105
      },
      {
        "summonerId": 32266044,
        "teamId": 200,
        "championId": 119
      },
      {
        "summonerId": 27003806,
        "teamId": 100,
        "championId": 19
      },
      {
        "summonerId": 37240052,
        "teamId": 200,
        "championId": 157
      },
      {
        "summonerId": 21687327,
        "teamId": 200,
        "championId": 5
      },
      {
        "summonerId": 26465497,
        "teamId": 100,
        "championId": 11
      },
      {
        "summonerId": 35365663,
        "teamId": 200,
        "championId": 40
      },
      {
        "summonerId": 24505989,
        "teamId": 100,
        "championId": 25
      }
    ],
    "stats": {
      "level": 14,
      "goldEarned": 9456,
      "numDeaths": 2,
      "barracksKilled": 1,
      "turretsKilled": 1,
      "minionsKilled": 160,
      "championsKilled": 5,
      "goldSpent": 8600,
      "totalDamageDealt": 92275,
      "totalDamageTaken": 16157,
      "killingSprees": 2,
      "largestKillingSpree": 3,
      "team": 200,
      "win": true,
      "neutralMinionsKilled": 7,
      "largestMultiKill": 1,
      "physicalDamageDealtPlayer": 78432,
      "magicDamageDealtPlayer": 13285,
      "physicalDamageTaken": 10968,
      "magicDamageTaken": 4499,
      "timePlayed": 1380,
      "totalHeal": 3226,
      "totalUnitsHealed": 1,
      "assists": 8,
      "item0": 3068,
      "item1": 3074,
      "item2": 3211,
      "item3": 1001,
      "item4": 1029,
      "item6": 3340,
      "sightWardsBought": 2,
      "magicDamageDealtToChampions": 2005,
      "physicalDamageDealtToChampions": 11983,
      "totalDamageDealtToChampions": 14547,
      "trueDamageDealtPlayer": 558,
      "trueDamageDealtToChampions": 558,
      "trueDamageTaken": 690,
      "wardPlaced": 8,
      "neutralMinionsKilledEnemyJungle": 3,
      "neutralMinionsKilledYourJungle": 4,
      "totalTimeCrowdControlDealt": 27
    }
  }
}