{
  "27783157": {
    "gameId": 825984900,
    "invalid": false,
    "gameMode": "CLASSIC",
    "gameType": "MATCHED_GAME",
    "subType": "RANKED_SOLO_5x5",
    "mapId": 1,
    "teamId": 200,
    "championId": 90,
    "spell1": 4,
    "spell2": 14,
    "level": 30,
    "ipEarned": 78,
    "createDate": 1399031977182,
    "fellowPlayers": [
      {
        "summonerId": 23625741,
        "teamId": 100,
        "championId": 412
      },
      {
        "summonerId": 25976349,
        "teamId": 100,
        "championId": 121
      },
      {
        "summonerId": 31155945,
        "teamId": 200,
        "championId": 119
      },
      {
        "summonerId": 34194201,
        "teamId": 200,
        "championId": 36
      },
      {
        "summonerId": 43934457,
        "teamId": 100,
        "championId": 51
      },
      {
        "summonerId": 22904584,
        "teamId": 100,
        "championId": 64
      },
      {
        "summonerId": 21574661,
        "teamId": 200,
        "championId": 62
      },
      {
        "summonerId": 24251190,
        "teamId": 100,
        "championId": 61
      },
      {
        "summonerId": 26035771,
        "teamId": 200,
        "championId": 89
      }
    ],
    "stats": {
      "level": 18,
      "goldEarned": 15008,
      "numDeaths": 5,
      "minionsKilled": 216,
      "championsKilled": 6,
      "goldSpent": 14790,
      "totalDamageDealt": 192743,
      "totalDamageTaken": 21477,
      "killingSprees": 2,
      "largestKillingSpree": 3,
      "team": 200,
      "win": false,
      "neutralMinionsKilled": 23,
      "largestMultiKill": 1,
      "physicalDamageDealtPlayer": 42847,
      "magicDamageDealtPlayer": 148712,
      "physicalDamageTaken": 10287,
      "magicDamageTaken": 10409,
      "timePlayed": 2647,
      "totalHeal": 389,
      "totalUnitsHealed": 1,
      "assists": 9,
      "item0": 3102,
      "item1": 3157,
      "item2": 3027,
      "item3": 3259,
      "item4": 3089,
      "item5": 2044,
      "item6": 3340,
      "sightWardsBought": 8,
      "magicDamageDealtToChampions": 21162,
      "physicalDamageDealtToChampions": 3287,
      "totalDamageDealtToChampions": 25634,
      "trueDamageDealtPlayer": 1183,
      "trueDamageDealtToChampions": 1183,
      "trueDamageTaken": 781,
      "wardKilled": 1,
      "wardPlaced": 16,
      "neutralMinionsKilledEnemyJungle": 3,
      "neutralMinionsKilledYourJungle": 20,
      "totalTimeCrowdControlDealt": 74
    }
  },
  "summonerCount": 10,
  "25976349": {
    "gameId": 825984900,
    "invalid": false,
    "gameMode": "CLASSIC",
    "gameType": "MATCHED_GAME",
    "subType": "RANKED_SOLO_5x5",
    "mapId": 1,
    "teamId": 100,
    "championId": 121,
    "spell1": 11,
    "spell2": 4,
    "level": 30,
    "ipEarned": 270,
    "createDate": 1399031977174,
    "fellowPlayers": [
      {
        "summonerId": 23625741,
        "teamId": 100,
        "championId": 412
      },
      {
        "summonerId": 27783157,
        "teamId": 200,
        "championId": 90
      },
      {
        "summonerId": 31155945,
        "teamId": 200,
        "championId": 119
      },
      {
        "summonerId": 34194201,
        "teamId": 200,
        "championId": 36
      },
      {
        "summonerId": 43934457,
        "teamId": 100,
        "championId": 51
      },
      {
        "summonerId": 22904584,
        "teamId": 100,
        "championId": 64
      },
      {
        "summonerId": 21574661,
        "teamId": 200,
        "championId": 62
      },
      {
        "summonerId": 24251190,
        "teamId": 100,
        "championId": 61
      },
      {
        "summonerId": 26035771,
        "teamId": 200,
        "championId": 89
      }
    ],
    "stats": {
      "level": 18,
      "goldEarned": 14975,
      "numDeaths": 5,
      "minionsKilled": 58,
      "championsKilled": 9,
      "goldSpent": 13220,
      "totalDamageDealt": 223001,
      "totalDamageTaken": 42770,
      "killingSprees": 2,
      "largestKillingSpree": 5,
      "team": 100,
      "win": true,
      "neutralMinionsKilled": 112,
      "largestMultiKill": 1,
      "physicalDamageDealtPlayer": 187404,
      "magicDamageDealtPlayer": 4078,
      "physicalDamageTaken": 30608,
      "magicDamageTaken": 10683,
      "timePlayed": 2647,
      "totalHeal": 12618,
      "totalUnitsHealed": 1,
      "assists": 14,
      "item0": 3209,
      "item1": 3074,
      "item2": 3143,
      "item3": 3265,
      "item4": 3068,
      "item6": 3340,
      "magicDamageDealtToChampions": 2290,
      "physicalDamageDealtToChampions": 23246,
      "totalDamageDealtToChampions": 28809,
      "trueDamageDealtPlayer": 31518,
      "trueDamageDealtToChampions": 3272,
      "trueDamageTaken": 1478,
      "wardPlaced": 12,
      "neutralMinionsKilledEnemyJungle": 3,
      "neutralMinionsKilledYourJungle": 109,
      "totalTimeCrowdControlDealt": 1058
    }
  },
  "21574661": {
    "gameId": 825984900,
    "invalid": false,
    "gameMode": "CLASSIC",
    "gameType": "MATCHED_GAME",
    "subType": "RANKED_SOLO_5x5",
    "mapId": 1,
    "teamId": 200,
    "championId": 62,
    "spell1": 11,
    "spell2": 4,
    "level": 30,
    "ipEarned": 78,
    "createDate": 1399031977184,
    "fellowPlayers": [
      {
        "summonerId": 23625741,
        "teamId": 100,
        "championId": 412
      },
      {
        "summonerId": 25976349,
        "teamId": 100,
        "championId": 121
      },
      {
        "summonerId": 27783157,
        "teamId": 200,
        "championId": 90
      },
      {
        "summonerId": 31155945,
        "teamId": 200,
        "championId": 119
      },
      {
        "summonerId": 34194201,
        "teamId": 200,
        "championId": 36
      },
      {
        "summonerId": 43934457,
        "teamId": 100,
        "championId": 51
      },
      {
        "summonerId": 22904584,
        "teamId": 100,
        "championId": 64
      },
      {
        "summonerId": 24251190,
        "teamId": 100,
        "championId": 61
      },
      {
        "summonerId": 26035771,
        "teamId": 200,
        "championId": 89
      }
    ],
    "stats": {
      "level": 17,
      "goldEarned": 12933,
      "numDeaths": 9,
      "minionsKilled": 75,
      "championsKilled": 2,
      "goldSpent": 13502,
      "totalDamageDealt": 161540,
      "totalDamageTaken": 45027,
      "team": 200,
      "win": false,
      "neutralMinionsKilled": 78,
      "largestMultiKill": 1,
      "physicalDamageDealtPlayer": 123875,
      "magicDamageDealtPlayer": 13171,
      "physicalDamageTaken": 32135,
      "magicDamageTaken": 11358,
      "timePlayed": 2647,
      "totalHeal": 9494,
      "totalUnitsHealed": 1,
      "assists": 12,
      "item0": 3209,
      "item1": 3265,
      "item2": 3068,
      "item3": 3134,
      "item4": 3102,
      "item5": 1028,
      "item6": 3341,
      "magicDamageDealtToChampions": 2911,
      "physicalDamageDealtToChampions": 17127,
      "totalDamageDealtToChampions": 22299,
      "trueDamageDealtPlayer": 24494,
      "trueDamageDealtToChampions": 2260,
      "trueDamageTaken": 1532,
      "wardKilled": 1,
      "neutralMinionsKilledEnemyJungle": 6,
      "neutralMinionsKilledYourJungle": 72,
      "totalTimeCrowdControlDealt": 376
    }
  },
  "22904584": {
    "gameId": 825984900,
    "invalid": false,
    "gameMode": "CLASSIC",
    "gameType": "MATCHED_GAME",
    "subType": "RANKED_SOLO_5x5",
    "mapId": 1,
    "teamId": 100,
    "championId": 64,
    "spell1": 14,
    "spell2": 4,
    "level": 30,
    "ipEarned": 120,
    "createDate": 1399031977175,
    "fellowPlayers": [
      {
        "summonerId": 23625741,
        "teamId": 100,
        "championId": 412
      },
      {
        "summonerId": 25976349,
        "teamId": 100,
        "championId": 121
      },
      {
        "summonerId": 27783157,
        "teamId": 200,
        "championId": 90
      },
      {
        "summonerId": 31155945,
        "teamId": 200,
        "championId": 119
      },
      {
        "summonerId": 34194201,
        "teamId": 200,
        "championId": 36
      },
      {
        "summonerId": 43934457,
        "teamId": 100,
        "championId": 51
      },
      {
        "summonerId": 21574661,
        "teamId": 200,
        "championId": 62
      },
      {
        "summonerId": 24251190,
        "teamId": 100,
        "championId": 61
      },
      {
        "summonerId": 26035771,
        "teamId": 200,
        "championId": 89
      }
    ],
    "stats": {
      "level": 18,
      "goldEarned": 14077,
      "numDeaths": 5,
      "turretsKilled": 2,
      "minionsKilled": 248,
      "championsKilled": 5,
      "goldSpent": 13000,
      "totalDamageDealt": 166886,
      "totalDamageTaken": 36906,
      "killingSprees": 1,
      "largestKillingSpree": 3,
      "team": 100,
      "win": true,
      "neutralMinionsKilled": 13,
      "largestMultiKill": 1,
      "physicalDamageDealtPlayer": 134273,
      "magicDamageDealtPlayer": 31829,
      "physicalDamageTaken": 19784,
      "magicDamageTaken": 15687,
      "largestCriticalStrike": 374,
      "timePlayed": 2647,
      "totalHeal": 5165,
      "totalUnitsHealed": 1,
      "assists": 8,
      "item0": 3074,
      "item1": 3075,
      "item2": 3211,
      "item3": 3143,
      "item4": 1011,
      "item5": 3111,
      "item6": 3340,
      "sightWardsBought": 1,
      "magicDamageDealtToChampions": 4305,
      "physicalDamageDealtToChampions": 15338,
      "totalDamageDealtToChampions": 20427,
      "trueDamageDealtPlayer": 784,
      "trueDamageDealtToChampions": 784,
      "trueDamageTaken": 1434,
      "wardPlaced": 12,
      "neutralMinionsKilledEnemyJungle": 3,
      "neutralMinionsKilledYourJungle": 10,
      "totalTimeCrowdControlDealt": 611
    }
  },
  "23625741": {
    "gameId": 825984900,
    "invalid": false,
    "gameMode": "CLASSIC",
    "gameType": "MATCHED_GAME",
    "subType": "RANKED_SOLO_5x5",
    "mapId": 1,
    "teamId": 100,
    "championId": 412,
    "spell1": 3,
    "spell2": 4,
    "level": 30,
    "ipEarned": 270,
    "createDate": 1399031977178,
    "fellowPlayers": [
      {
        "summonerId": 25976349,
        "teamId": 100,
        "championId": 121
      },
      {
        "summonerId": 27783157,
        "teamId": 200,
        "championId": 90
      },
      {
        "summonerId": 31155945,
        "teamId": 200,
        "championId": 119
      },
      {
        "summonerId": 34194201,
        "teamId": 200,
        "championId": 36
      },
      {
        "summonerId": 43934457,
        "teamId": 100,
        "championId": 51
      },
      {
        "summonerId": 22904584,
        "teamId": 100,
        "championId": 64
      },
      {
        "summonerId": 21574661,
        "teamId": 200,
        "championId": 62
      },
      {
        "summonerId": 24251190,
        "teamId": 100,
        "championId": 61
      },
      {
        "summonerId": 26035771,
        "teamId": 200,
        "championId": 89
      }
    ],
    "stats": {
      "level": 17,
      "goldEarned": 11568,
      "numDeaths": 7,
      "turretsKilled": 1,
      "minionsKilled": 51,
      "championsKilled": 2,
      "goldSpent": 9865,
      "totalDamageDealt": 45112,
      "totalDamageTaken": 29783,
      "team": 100,
      "win": true,
      "neutralMinionsKilled": 1,
      "largestMultiKill": 1,
      "physicalDamageDealtPlayer": 11405,
      "magicDamageDealtPlayer": 33706,
      "physicalDamageTaken": 19920,
      "magicDamageTaken": 9265,
      "timePlayed": 2647,
      "totalHeal": 1295,
      "totalUnitsHealed": 1,
      "assists": 14,
      "item0": 2045,
      "item1": 3069,
      "item2": 3190,
      "item3": 3117,
      "item4": 3082,
      "item5": 1011,
      "item6": 3341,
      "sightWardsBought": 2,
      "magicDamageDealtToChampions": 10841,
      "physicalDamageDealtToChampions": 1461,
      "totalDamageDealtToChampions": 12302,
      "trueDamageTaken": 598,
      "wardKilled": 2,
      "wardPlaced": 14,
      "neutralMinionsKilledEnemyJungle": 1,
      "totalTimeCrowdControlDealt": 241
    }
  },
  "43934457": {
    "gameId": 825984900,
    "invalid": false,
    "gameMode": "CLASSIC",
    "gameType": "MATCHED_GAME",
    "subType": "RANKED_SOLO_5x5",
    "mapId": 1,
    "teamId": 100,
    "championId": 51,
    "spell1": 4,
    "spell2": 7,
    "level": 30,
    "ipEarned": 270,
    "createDate": 1399031977179,
    "fellowPlayers": [
      {
        "summonerId": 23625741,
        "teamId": 100,
        "championId": 412
      },
      {
        "summonerId": 25976349,
        "teamId": 100,
        "championId": 121
      },
      {
        "summonerId": 27783157,
        "teamId": 200,
        "championId": 90
      },
      {
        "summonerId": 31155945,
        "teamId": 200,
        "championId": 119
      },
      {
        "summonerId": 34194201,
        "teamId": 200,
        "championId": 36
      },
      {
        "summonerId": 22904584,
        "teamId": 100,
        "championId": 64
      },
      {
        "summonerId": 21574661,
        "teamId": 200,
        "championId": 62
      },
      {
        "summonerId": 24251190,
        "teamId": 100,
        "championId": 61
      },
      {
        "summonerId": 26035771,
        "teamId": 200,
        "championId": 89
      }
    ],
    "stats": {
      "level": 18,
      "goldEarned": 15944,
      "numDeaths": 7,
      "barracksKilled": 1,
      "turretsKilled": 2,
      "minionsKilled": 275,
      "championsKilled": 5,
      "goldSpent": 13825,
      "totalDamageDealt": 252931,
      "totalDamageTaken": 26367,
      "doubleKills": 1,
      "killingSprees": 1,
      "largestKillingSpree": 5,
      "team": 100,
      "win": true,
      "neutralMinionsKilled": 20,
      "largestMultiKill": 2,
      "physicalDamageDealtPlayer": 234728,
      "magicDamageDealtPlayer": 15728,
      "physicalDamageTaken": 17446,
      "magicDamageTaken": 8419,
      "largestCriticalStrike": 920,
      "timePlayed": 2647,
      "totalHeal": 3652,
      "totalUnitsHealed": 4,
      "assists": 10,
      "item0": 3035,
      "item1": 3072,
      "item2": 3087,
      "item3": 3250,
      "item4": 3031,
      "item6": 3340,
      "magicDamageDealtToChampions": 5857,
      "physicalDamageDealtToChampions": 24256,
      "totalDamageDealtToChampions": 31792,
      "trueDamageDealtPlayer": 2474,
      "trueDamageDealtToChampions": 1678,
      "trueDamageTaken": 501,
      "wardPlaced": 11,
      "neutralMinionsKilledYourJungle": 20,
      "totalTimeCrowdControlDealt": 361
    }
  },
  "31155945": {
    "gameId": 825984900,
    "invalid": false,
    "gameMode": "CLASSIC",
    "gameType": "MATCHED_GAME",
    "subType": "RANKED_SOLO_5x5",
    "mapId": 1,
    "teamId": 200,
    "championId": 119,
    "spell1": 4,
    "spell2": 7,
    "level": 30,
    "ipEarned": 78,
    "createDate": 1399031977185,
    "fellowPlayers": [
      {
        "summonerId": 23625741,
        "teamId": 100,
        "championId": 412
      },
      {
        "summonerId": 25976349,
        "teamId": 100,
        "championId": 121
      },
      {
        "summonerId": 27783157,
        "teamId": 200,
        "championId": 90
      },
      {
        "summonerId": 34194201,
        "teamId": 200,
        "championId": 36
      },
      {
        "summonerId": 43934457,
        "teamId": 100,
        "championId": 51
      },
      {
        "summonerId": 22904584,
        "teamId": 100,
        "championId": 64
      },
      {
        "summonerId": 21574661,
        "teamId": 200,
        "championId": 62
      },
      {
        "summonerId": 24251190,
        "teamId": 100,
        "championId": 61
      },
      {
        "summonerId": 26035771,
        "teamId": 200,
        "championId": 89
      }
    ],
    "stats": {
      "level": 18,
      "goldEarned": 21178,
      "numDeaths": 8,
      "barracksKilled": 1,
      "turretsKilled": 5,
      "minionsKilled": 238,
      "championsKilled": 19,
      "goldSpent": 23181,
      "totalDamageDealt": 245160,
      "totalDamageTaken": 33076,
      "doubleKills": 2,
      "killingSprees": 5,
      "largestKillingSpree": 5,
      "team": 200,
      "win": false,
      "neutralMinionsKilled": 24,
      "largestMultiKill": 2,
      "physicalDamageDealtPlayer": 242796,
      "magicDamageDealtPlayer": 1422,
      "physicalDamageTaken": 16769,
      "magicDamageTaken": 15710,
      "largestCriticalStrike": 1638,
      "timePlayed": 2647,
      "totalHeal": 5455,
      "totalUnitsHealed": 4,
      "assists": 8,
      "item0": 3035,
      "item1": 3026,
      "item2": 3072,
      "item3": 3252,
      "item4": 3031,
      "item5": 3078,
      "item6": 3363,
      "magicDamageDealtToChampions": 918,
      "physicalDamageDealtToChampions": 46021,
      "totalDamageDealtToChampions": 47680,
      "trueDamageDealtPlayer": 942,
      "trueDamageDealtToChampions": 740,
      "trueDamageTaken": 597,
      "wardPlaced": 6,
      "neutralMinionsKilledEnemyJungle": 5,
      "neutralMinionsKilledYourJungle": 19,
      "totalTimeCrowdControlDealt": 354
    }
  },
  "24251190": {
    "gameId": 825984900,
    "invalid": false,
    "gameMode": "CLASSIC",
    "gameType": "MATCHED_GAME",
    "subType": "RANKED_SOLO_5x5",
    "mapId": 1,
    "teamId": 100,
    "championId": 61,
    "spell1": 4,
    "spell2": 7,
    "level": 30,
    "ipEarned": 120,
    "createDate": 1399031977177,
    "fellowPlayers": [
      {
        "summonerId": 23625741,
        "teamId": 100,
        "championId": 412
      },
      {
        "summonerId": 25976349,
        "teamId": 100,
        "championId": 121
      },
      {
        "summonerId": 27783157,
        "teamId": 200,
        "championId": 90
      },
      {
        "summonerId": 31155945,
        "teamId": 200,
        "championId": 119
      },
      {
        "summonerId": 34194201,
        "teamId": 200,
        "championId": 36
      },
      {
        "summonerId": 43934457,
        "teamId": 100,
        "championId": 51
      },
      {
        "summonerId": 22904584,
        "teamId": 100,
        "championId": 64
      },
      {
        "summonerId": 21574661,
        "teamId": 200,
        "championId": 62
      },
      {
        "summonerId": 26035771,
        "teamId": 200,
        "championId": 89
      }
    ],
    "stats": {
      "level": 18,
      "goldEarned": 17085,
      "numDeaths": 7,
      "minionsKilled": 277,
      "championsKilled": 8,
      "goldSpent": 14610,
      "totalDamageDealt": 252812,
      "totalDamageTaken": 25354,
      "doubleKills": 2,
      "killingSprees": 1,
      "largestKillingSpree": 4,
      "team": 100,
      "win": true,
      "neutralMinionsKilled": 30,
      "largestMultiKill": 2,
      "physicalDamageDealtPlayer": 23132,
      "magicDamageDealtPlayer": 229322,
      "physicalDamageTaken": 17458,
      "magicDamageTaken": 7441,
      "timePlayed": 2647,
      "totalHeal": 4343,
      "totalUnitsHealed": 3,
      "assists": 12,
      "item0": 3157,
      "item1": 3255,
      "item2": 3089,
      "item3": 3135,
      "item4": 3174,
      "item5": 1056,
      "item6": 3340,
      "magicDamageDealtToChampions": 38901,
      "physicalDamageDealtToChampions": 960,
      "totalDamageDealtToChampions": 39946,
      "trueDamageDealtPlayer": 358,
      "trueDamageDealtToChampions": 84,
      "trueDamageTaken": 454,
      "wardKilled": 1,
      "wardPlaced": 5,
      "neutralMinionsKilledEnemyJungle": 1,
      "neutralMinionsKilledYourJungle": 29,
      "totalTimeCrowdControlDealt": 2174
    }
  },
  "26035771": {
    "gameId": 825984900,
    "invalid": false,
    "gameMode": "CLASSIC",
    "gameType": "MATCHED_GAME",
    "subType": "RANKED_SOLO_5x5",
    "mapId": 1,
    "teamId": 200,
    "championId": 89,
    "spell1": 3,
    "spell2": 4,
    "level": 30,
    "ipEarned": 78,
    "createDate": 1399031977180,
    "fellowPlayers": [
      {
        "summonerId": 23625741,
        "teamId": 100,
        "championId": 412
      },
      {
        "summonerId": 25976349,
        "teamId": 100,
        "championId": 121
      },
      {
        "summonerId": 27783157,
        "teamId": 200,
        "championId": 90
      },
      {
        "summonerId": 31155945,
        "teamId": 200,
        "championId": 119
      },
      {
        "summonerId": 34194201,
        "teamId": 200,
        "championId": 36
      },
      {
        "summonerId": 43934457,
        "teamId": 100,
        "championId": 51
      },
      {
        "summonerId": 22904584,
        "teamId": 100,
        "championId": 64
      },
      {
        "summonerId": 21574661,
        "teamId": 200,
        "championId": 62
      },
      {
        "summonerId": 24251190,
        "teamId": 100,
        "championId": 61
      }
    ],
    "stats": {
      "level": 16,
      "goldEarned": 12132,
      "numDeaths": 3,
      "barracksKilled": 1,
      "minionsKilled": 37,
      "championsKilled": 2,
      "goldSpent": 11080,
      "totalDamageDealt": 34972,
      "totalDamageTaken": 26987,
      "killingSprees": 1,
      "largestKillingSpree": 2,
      "team": 200,
      "win": false,
      "largestMultiKill": 1,
      "physicalDamageDealtPlayer": 14560,
      "magicDamageDealtPlayer": 15949,
      "physicalDamageTaken": 16218,
      "magicDamageTaken": 9327,
      "timePlayed": 2647,
      "totalHeal": 2996,
      "totalUnitsHealed": 4,
      "assists": 17,
      "item0": 3222,
      "item1": 3401,
      "item2": 3143,
      "item3": 2045,
      "item4": 3111,
      "item5": 1057,
      "item6": 3341,
      "sightWardsBought": 6,
      "visionWardsBought": 1,
      "magicDamageDealtToChampions": 6860,
      "physicalDamageDealtToChampions": 4533,
      "totalDamageDealtToChampions": 11394,
      "trueDamageDealtPlayer": 4462,
      "trueDamageTaken": 1442,
      "wardKilled": 3,
      "wardPlaced": 31,
      "totalTimeCrowdControlDealt": 396
    }
  },
  "34194201": {
    "gameId": 825984900,
    "invalid": false,
    "gameMode": "CLASSIC",
    "gameType": "MATCHED_GAME",
    "subType": "RANKED_SOLO_5x5",
    "mapId": 1,
    "teamId": 200,
    "championId": 36,
    "spell1": 4,
    "spell2": 12,
    "level": 30,
    "ipEarned": 78,
    "createDate": 1399031977183,
    "fellowPlayers": [
      {
        "summonerId": 23625741,
        "teamId": 100,
        "championId": 412
      },
      {
        "summonerId": 25976349,
        "teamId": 100,
        "championId": 121
      },
      {
        "summonerId": 27783157,
        "teamId": 200,
        "championId": 90
      },
      {
        "summonerId": 31155945,
        "teamId": 200,
        "championId": 119
      },
      {
        "summonerId": 43934457,
        "teamId": 100,
        "championId": 51
      },
      {
        "summonerId": 22904584,
        "teamId": 100,
        "championId": 64
      },
      {
        "summonerId": 21574661,
        "teamId": 200,
        "championId": 62
      },
      {
        "summonerId": 24251190,
        "teamId": 100,
        "championId": 61
      },
      {
        "summonerId": 26035771,
        "teamId": 200,
        "championId": 89
      }
    ],
    "stats": {
      "level": 17,
      "goldEarned": 13084,
      "numDeaths": 4,
      "minionsKilled": 211,
      "championsKilled": 2,
      "goldSpent": 12965,
      "totalDamageDealt": 131921,
      "totalDamageTaken": 47054,
      "killingSprees": 1,
      "largestKillingSpree": 2,
      "team": 200,
      "win": false,
      "neutralMinionsKilled": 9,
      "largestMultiKill": 1,
      "physicalDamageDealtPlayer": 44246,
      "magicDamageDealtPlayer": 86817,
      "physicalDamageTaken": 29283,
      "magicDamageTaken": 15391,
      "timePlayed": 2647,
      "totalHeal": 11242,
      "totalUnitsHealed": 1,
      "assists": 9,
      "item0": 3065,
      "item1": 3083,
      "item2": 3075,
      "item3": 3143,
      "item4": 3265,
      "item6": 3340,
      "magicDamageDealtToChampions": 19344,
      "physicalDamageDealtToChampions": 4769,
      "totalDamageDealtToChampions": 24398,
      "trueDamageDealtPlayer": 858,
      "trueDamageDealtToChampions": 284,
      "trueDamageTaken": 2379,
      "wardKilled": 1,
      "wardPlaced": 13,
      "neutralMinionsKilledYourJungle": 9,
      "totalTimeCrowdControlDealt": 855
    }
  }
}