{
  "36400456": {
    "gameId": 825985167,
    "invalid": false,
    "gameMode": "CLASSIC",
    "gameType": "MATCHED_GAME",
    "subType": "RANKED_SOLO_5x5",
    "mapId": 1,
    "teamId": 100,
    "championId": 102,
    "spell1": 4,
    "spell2": 14,
    "level": 30,
    "ipEarned": 75,
    "createDate": 1399032030632,
    "fellowPlayers": [
      {
        "summonerId": 38055191,
        "teamId": 200,
        "championId": 62
      },
      {
        "summonerId": 42902982,
        "teamId": 100,
        "championId": 77
      },
      {
        "summonerId": 39009496,
        "teamId": 200,
        "championId": 222
      },
      {
        "summonerId": 32171179,
        "teamId": 200,
        "championId": 54
      },
      {
        "summonerId": 25256397,
        "teamId": 100,
        "championId": 1
      },
      {
        "summonerId": 19769038,
        "teamId": 200,
        "championId": 89
      },
      {
        "summonerId": 42402582,
        "teamId": 200,
        "championId": 157
      },
      {
        "summonerId": 20536433,
        "teamId": 100,
        "championId": 119
      },
      {
        "summonerId": 35296058,
        "teamId": 100,
        "championId": 33
      }
    ],
    "stats": {
      "level": 18,
      "goldEarned": 12072,
      "numDeaths": 11,
      "minionsKilled": 65,
      "championsKilled": 5,
      "goldSpent": 11620,
      "totalDamageDealt": 85552,
      "totalDamageTaken": 43296,
      "team": 100,
      "win": false,
      "largestMultiKill": 1,
      "physicalDamageDealtPlayer": 28161,
      "magicDamageDealtPlayer": 55096,
      "physicalDamageTaken": 30275,
      "magicDamageTaken": 12383,
      "timePlayed": 2579,
      "totalHeal": 2358,
      "totalUnitsHealed": 1,
      "assists": 26,
      "item0": 3022,
      "item1": 3091,
      "item2": 3068,
      "item3": 3075,
      "item4": 1011,
      "item6": 3340,
      "magicDamageDealtToChampions": 12929,
      "physicalDamageDealtToChampions": 7313,
      "totalDamageDealtToChampions": 22456,
      "trueDamageDealtPlayer": 2294,
      "trueDamageDealtToChampions": 2214,
      "trueDamageTaken": 638,
      "wardPlaced": 1,
      "totalTimeCrowdControlDealt": 282
    }
  },
  "summonerCount": 10,
  "19769038": {
    "gameId": 825985167,
    "invalid": false,
    "gameMode": "CLASSIC",
    "gameType": "MATCHED_GAME",
    "subType": "RANKED_SOLO_5x5",
    "mapId": 1,
    "teamId": 200,
    "championId": 89,
    "spell1": 4,
    "spell2": 7,
    "level": 30,
    "ipEarned": 115,
    "createDate": 1399032030640,
    "fellowPlayers": [
      {
        "summonerId": 38055191,
        "teamId": 200,
        "championId": 62
      },
      {
        "summonerId": 42902982,
        "teamId": 100,
        "championId": 77
      },
      {
        "summonerId": 39009496,
        "teamId": 200,
        "championId": 222
      },
      {
        "summonerId": 32171179,
        "teamId": 200,
        "championId": 54
      },
      {
        "summonerId": 25256397,
        "teamId": 100,
        "championId": 1
      },
      {
        "summonerId": 42402582,
        "teamId": 200,
        "championId": 157
      },
      {
        "summonerId": 20536433,
        "teamId": 100,
        "championId": 119
      },
      {
        "summonerId": 36400456,
        "teamId": 100,
        "championId": 102
      },
      {
        "summonerId": 35296058,
        "teamId": 100,
        "championId": 33
      }
    ],
    "stats": {
      "level": 18,
      "goldEarned": 14051,
      "numDeaths": 10,
      "minionsKilled": 65,
      "championsKilled": 2,
      "goldSpent": 13655,
      "totalDamageDealt": 62565,
      "totalDamageTaken": 49736,
      "team": 200,
      "win": true,
      "largestMultiKill": 1,
      "physicalDamageDealtPlayer": 19556,
      "magicDamageDealtPlayer": 38257,
      "physicalDamageTaken": 36094,
      "magicDamageTaken": 11290,
      "timePlayed": 2579,
      "totalHeal": 9022,
      "totalUnitsHealed": 5,
      "assists": 29,
      "item0": 3083,
      "item1": 2045,
      "item2": 3269,
      "item3": 3068,
      "item4": 3102,
      "item5": 1029,
      "item6": 3362,
      "sightWardsBought": 2,
      "magicDamageDealtToChampions": 16109,
      "physicalDamageDealtToChampions": 4427,
      "totalDamageDealtToChampions": 20536,
      "trueDamageDealtPlayer": 4750,
      "trueDamageTaken": 2352,
      "wardPlaced": 35,
      "totalTimeCrowdControlDealt": 113
    }
  },
  "38055191": {
    "gameId": 825985167,
    "invalid": false,
    "gameMode": "CLASSIC",
    "gameType": "MATCHED_GAME",
    "subType": "RANKED_SOLO_5x5",
    "mapId": 1,
    "teamId": 200,
    "championId": 62,
    "spell1": 4,
    "spell2": 11,
    "level": 30,
    "ipEarned": 115,
    "createDate": 1399032030641,
    "fellowPlayers": [
      {
        "summonerId": 42902982,
        "teamId": 100,
        "championId": 77
      },
      {
        "summonerId": 39009496,
        "teamId": 200,
        "championId": 222
      },
      {
        "summonerId": 32171179,
        "teamId": 200,
        "championId": 54
      },
      {
        "summonerId": 25256397,
        "teamId": 100,
        "championId": 1
      },
      {
        "summonerId": 19769038,
        "teamId": 200,
        "championId": 89
      },
      {
        "summonerId": 42402582,
        "teamId": 200,
        "championId": 157
      },
      {
        "summonerId": 20536433,
        "teamId": 100,
        "championId": 119
      },
      {
        "summonerId": 36400456,
        "teamId": 100,
        "championId": 102
      },
      {
        "summonerId": 35296058,
        "teamId": 100,
        "championId": 33
      }
    ],
    "stats": {
      "level": 18,
      "goldEarned": 21774,
      "numDeaths": 9,
      "minionsKilled": 76,
      "championsKilled": 16,
      "goldSpent": 18833,
      "totalDamageDealt": 334262,
      "totalDamageTaken": 45704,
      "doubleKills": 5,
      "tripleKills": 2,
      "killingSprees": 4,
      "largestKillingSpree": 5,
      "team": 200,
      "win": true,
      "neutralMinionsKilled": 156,
      "largestMultiKill": 3,
      "physicalDamageDealtPlayer": 236082,
      "magicDamageDealtPlayer": 75485,
      "physicalDamageTaken": 29195,
      "magicDamageTaken": 14223,
      "largestCriticalStrike": 1183,
      "timePlayed": 2579,
      "totalHeal": 12646,
      "totalUnitsHealed": 1,
      "assists": 18,
      "item0": 3074,
      "item1": 3160,
      "item2": 3071,
      "item3": 3078,
      "item4": 3260,
      "item5": 3022,
      "item6": 3340,
      "magicDamageDealtToChampions": 4116,
      "physicalDamageDealtToChampions": 43503,
      "totalDamageDealtToChampions": 49151,
      "trueDamageDealtPlayer": 22694,
      "trueDamageDealtToChampions": 1532,
      "trueDamageTaken": 2286,
      "wardPlaced": 18,
      "neutralMinionsKilledEnemyJungle": 41,
      "neutralMinionsKilledYourJungle": 115,
      "totalTimeCrowdControlDealt": 757
    }
  },
  "35296058": {
    "gameId": 825985167,
    "invalid": false,
    "gameMode": "CLASSIC",
    "gameType": "MATCHED_GAME",
    "subType": "RANKED_SOLO_5x5",
    "mapId": 1,
    "teamId": 100,
    "championId": 33,
    "spell1": 4,
    "spell2": 14,
    "level": 30,
    "ipEarned": 75,
    "createDate": 1399032030631,
    "fellowPlayers": [
      {
        "summonerId": 38055191,
        "teamId": 200,
        "championId": 62
      },
      {
        "summonerId": 42902982,
        "teamId": 100,
        "championId": 77
      },
      {
        "summonerId": 39009496,
        "teamId": 200,
        "championId": 222
      },
      {
        "summonerId": 32171179,
        "teamId": 200,
        "championId": 54
      },
      {
        "summonerId": 25256397,
        "teamId": 100,
        "championId": 1
      },
      {
        "summonerId": 19769038,
        "teamId": 200,
        "championId": 89
      },
      {
        "summonerId": 42402582,
        "teamId": 200,
        "championId": 157
      },
      {
        "summonerId": 20536433,
        "teamId": 100,
        "championId": 119
      },
      {
        "summonerId": 36400456,
        "teamId": 100,
        "championId": 102
      }
    ],
    "stats": {
      "level": 17,
      "goldEarned": 11011,
      "numDeaths": 21,
      "turretsKilled": 1,
      "minionsKilled": 71,
      "championsKilled": 6,
      "goldSpent": 11305,
      "totalDamageDealt": 72131,
      "totalDamageTaken": 70606,
      "team": 100,
      "win": false,
      "neutralMinionsKilled": 2,
      "largestMultiKill": 1,
      "physicalDamageDealtPlayer": 16269,
      "magicDamageDealtPlayer": 53994,
      "physicalDamageTaken": 46408,
      "magicDamageTaken": 22977,
      "timePlayed": 2579,
      "totalHeal": 2167,
      "totalUnitsHealed": 1,
      "assists": 18,
      "item0": 3083,
      "item1": 3083,
      "item2": 3083,
      "item3": 3270,
      "item4": 1028,
      "item6": 3341,
      "magicDamageDealtToChampions": 10842,
      "physicalDamageDealtToChampions": 3165,
      "totalDamageDealtToChampions": 15876,
      "trueDamageDealtPlayer": 1868,
      "trueDamageDealtToChampions": 1868,
      "trueDamageTaken": 1220,
      "neutralMinionsKilledYourJungle": 2,
      "totalTimeCrowdControlDealt": 529
    }
  },
  "42902982": {
    "gameId": 825985167,
    "invalid": false,
    "gameMode": "CLASSIC",
    "gameType": "MATCHED_GAME",
    "subType": "RANKED_SOLO_5x5",
    "mapId": 1,
    "teamId": 100,
    "championId": 77,
    "spell1": 4,
    "spell2": 11,
    "level": 30,
    "ipEarned": 75,
    "createDate": 1399032030635,
    "fellowPlayers": [
      {
        "summonerId": 38055191,
        "teamId": 200,
        "championId": 62
      },
      {
        "summonerId": 39009496,
        "teamId": 200,
        "championId": 222
      },
      {
        "summonerId": 32171179,
        "teamId": 200,
        "championId": 54
      },
      {
        "summonerId": 25256397,
        "teamId": 100,
        "championId": 1
      },
      {
        "summonerId": 19769038,
        "teamId": 200,
        "championId": 89
      },
      {
        "summonerId": 42402582,
        "teamId": 200,
        "championId": 157
      },
      {
        "summonerId": 20536433,
        "teamId": 100,
        "championId": 119
      },
      {
        "summonerId": 36400456,
        "teamId": 100,
        "championId": 102
      },
      {
        "summonerId": 35296058,
        "teamId": 100,
        "championId": 33
      }
    ],
    "stats": {
      "level": 18,
      "goldEarned": 15481,
      "numDeaths": 8,
      "minionsKilled": 103,
      "championsKilled": 11,
      "goldSpent": 16103,
      "totalDamageDealt": 169707,
      "totalDamageTaken": 43740,
      "doubleKills": 2,
      "killingSprees": 5,
      "largestKillingSpree": 2,
      "team": 100,
      "win": false,
      "neutralMinionsKilled": 65,
      "largestMultiKill": 2,
      "physicalDamageDealtPlayer": 145574,
      "magicDamageDealtPlayer": 16078,
      "physicalDamageTaken": 30631,
      "magicDamageTaken": 12121,
      "largestCriticalStrike": 603,
      "timePlayed": 2579,
      "totalHeal": 2009,
      "totalUnitsHealed": 1,
      "assists": 17,
      "item0": 3047,
      "item1": 3143,
      "item2": 3078,
      "item3": 3172,
      "item4": 1031,
      "item5": 3065,
      "item6": 3340,
      "physicalDamageDealtToChampions": 30829,
      "totalDamageDealtToChampions": 31653,
      "trueDamageDealtPlayer": 8054,
      "trueDamageDealtToChampions": 824,
      "trueDamageTaken": 988,
      "wardPlaced": 7,
      "neutralMinionsKilledEnemyJungle": 4,
      "neutralMinionsKilledYourJungle": 61,
      "totalTimeCrowdControlDealt": 970
    }
  },
  "20536433": {
    "gameId": 825985167,
    "invalid": false,
    "gameMode": "CLASSIC",
    "gameType": "MATCHED_GAME",
    "subType": "RANKED_SOLO_5x5",
    "mapId": 1,
    "teamId": 100,
    "championId": 119,
    "spell1": 14,
    "spell2": 4,
    "level": 30,
    "ipEarned": 75,
    "createDate": 1399032030633,
    "fellowPlayers": [
      {
        "summonerId": 38055191,
        "teamId": 200,
        "championId": 62
      },
      {
        "summonerId": 42902982,
        "teamId": 100,
        "championId": 77
      },
      {
        "summonerId": 39009496,
        "teamId": 200,
        "championId": 222
      },
      {
        "summonerId": 32171179,
        "teamId": 200,
        "championId": 54
      },
      {
        "summonerId": 25256397,
        "teamId": 100,
        "championId": 1
      },
      {
        "summonerId": 19769038,
        "teamId": 200,
        "championId": 89
      },
      {
        "summonerId": 42402582,
        "teamId": 200,
        "championId": 157
      },
      {
        "summonerId": 36400456,
        "teamId": 100,
        "championId": 102
      },
      {
        "summonerId": 35296058,
        "teamId": 100,
        "championId": 33
      }
    ],
    "stats": {
      "level": 18,
      "goldEarned": 15639,
      "numDeaths": 16,
      "minionsKilled": 155,
      "championsKilled": 11,
      "goldSpent": 14775,
      "totalDamageDealt": 166459,
      "totalDamageTaken": 38174,
      "doubleKills": 4,
      "tripleKills": 1,
      "killingSprees": 3,
      "largestKillingSpree": 5,
      "team": 100,
      "win": false,
      "neutralMinionsKilled": 18,
      "largestMultiKill": 3,
      "physicalDamageDealtPlayer": 164193,
      "physicalDamageTaken": 21749,
      "magicDamageTaken": 15929,
      "largestCriticalStrike": 1161,
      "timePlayed": 2579,
      "totalHeal": 1963,
      "totalUnitsHealed": 1,
      "assists": 17,
      "item0": 3252,
      "item1": 3031,
      "item2": 3072,
      "item3": 1057,
      "item4": 3035,
      "item5": 3046,
      "item6": 3340,
      "physicalDamageDealtToChampions": 34295,
      "totalDamageDealtToChampions": 36093,
      "trueDamageDealtPlayer": 2266,
      "trueDamageDealtToChampions": 1798,
      "trueDamageTaken": 496,
      "wardPlaced": 7,
      "neutralMinionsKilledEnemyJungle": 1,
      "neutralMinionsKilledYourJungle": 17,
      "totalTimeCrowdControlDealt": 409
    }
  },
  "39009496": {
    "gameId": 825985167,
    "invalid": false,
    "gameMode": "CLASSIC",
    "gameType": "MATCHED_GAME",
    "subType": "RANKED_SOLO_5x5",
    "mapId": 1,
    "teamId": 200,
    "championId": 222,
    "spell1": 4,
    "spell2": 7,
    "level": 30,
    "ipEarned": 265,
    "createDate": 1399032030638,
    "fellowPlayers": [
      {
        "summonerId": 38055191,
        "teamId": 200,
        "championId": 62
      },
      {
        "summonerId": 42902982,
        "teamId": 100,
        "championId": 77
      },
      {
        "summonerId": 32171179,
        "teamId": 200,
        "championId": 54
      },
      {
        "summonerId": 25256397,
        "teamId": 100,
        "championId": 1
      },
      {
        "summonerId": 19769038,
        "teamId": 200,
        "championId": 89
      },
      {
        "summonerId": 42402582,
        "teamId": 200,
        "championId": 157
      },
      {
        "summonerId": 20536433,
        "teamId": 100,
        "championId": 119
      },
      {
        "summonerId": 36400456,
        "teamId": 100,
        "championId": 102
      },
      {
        "summonerId": 35296058,
        "teamId": 100,
        "championId": 33
      }
    ],
    "stats": {
      "level": 18,
      "goldEarned": 21806,
      "numDeaths": 12,
      "barracksKilled": 1,
      "turretsKilled": 5,
      "minionsKilled": 256,
      "championsKilled": 24,
      "goldSpent": 18800,
      "totalDamageDealt": 270677,
      "totalDamageTaken": 32689,
      "doubleKills": 6,
      "killingSprees": 9,
      "largestKillingSpree": 6,
      "team": 200,
      "win": true,
      "neutralMinionsKilled": 17,
      "largestMultiKill": 2,
      "physicalDamageDealtPlayer": 264093,
      "magicDamageDealtPlayer": 6101,
      "physicalDamageTaken": 22723,
      "magicDamageTaken": 8348,
      "largestCriticalStrike": 914,
      "timePlayed": 2579,
      "totalHeal": 3252,
      "totalUnitsHealed": 3,
      "assists": 9,
      "item0": 3250,
      "item1": 3072,
      "item2": 3031,
      "item3": 3046,
      "item4": 3035,
      "item5": 3026,
      "item6": 3361,
      "magicDamageDealtToChampions": 4102,
      "physicalDamageDealtToChampions": 46917,
      "totalDamageDealtToChampions": 51460,
      "trueDamageDealtPlayer": 482,
      "trueDamageDealtToChampions": 440,
      "trueDamageTaken": 1618,
      "wardPlaced": 9,
      "neutralMinionsKilledEnemyJungle": 2,
      "neutralMinionsKilledYourJungle": 15,
      "totalTimeCrowdControlDealt": 230
    }
  },
  "25256397": {
    "gameId": 825985167,
    "invalid": false,
    "gameMode": "CLASSIC",
    "gameType": "MATCHED_GAME",
    "subType": "RANKED_SOLO_5x5",
    "mapId": 1,
    "teamId": 100,
    "championId": 1,
    "spell1": 7,
    "spell2": 4,
    "level": 30,
    "ipEarned": 75,
    "createDate": 1399032030634,
    "fellowPlayers": [
      {
        "summonerId": 38055191,
        "teamId": 200,
        "championId": 62
      },
      {
        "summonerId": 42902982,
        "teamId": 100,
        "championId": 77
      },
      {
        "summonerId": 39009496,
        "teamId": 200,
        "championId": 222
      },
      {
        "summonerId": 32171179,
        "teamId": 200,
        "championId": 54
      },
      {
        "summonerId": 19769038,
        "teamId": 200,
        "championId": 89
      },
      {
        "summonerId": 42402582,
        "teamId": 200,
        "championId": 157
      },
      {
        "summonerId": 20536433,
        "teamId": 100,
        "championId": 119
      },
      {
        "summonerId": 36400456,
        "teamId": 100,
        "championId": 102
      },
      {
        "summonerId": 35296058,
        "teamId": 100,
        "championId": 33
      }
    ],
    "stats": {
      "level": 18,
      "goldEarned": 17776,
      "numDeaths": 13,
      "turretsKilled": 2,
      "minionsKilled": 198,
      "championsKilled": 13,
      "goldSpent": 17535,
      "totalDamageDealt": 171593,
      "totalDamageTaken": 38606,
      "doubleKills": 2,
      "tripleKills": 1,
      "killingSprees": 4,
      "largestKillingSpree": 4,
      "team": 100,
      "win": false,
      "neutralMinionsKilled": 13,
      "largestMultiKill": 3,
      "physicalDamageDealtPlayer": 13713,
      "magicDamageDealtPlayer": 157561,
      "physicalDamageTaken": 15783,
      "magicDamageTaken": 22213,
      "timePlayed": 2579,
      "totalHeal": 7586,
      "totalUnitsHealed": 5,
      "assists": 14,
      "item0": 1058,
      "item1": 3255,
      "item2": 3027,
      "item3": 3001,
      "item4": 3157,
      "item5": 3116,
      "item6": 3340,
      "sightWardsBought": 1,
      "magicDamageDealtToChampions": 31607,
      "physicalDamageDealtToChampions": 1101,
      "totalDamageDealtToChampions": 32764,
      "trueDamageDealtPlayer": 318,
      "trueDamageDealtToChampions": 56,
      "trueDamageTaken": 610,
      "wardPlaced": 7,
      "neutralMinionsKilledYourJungle": 13,
      "totalTimeCrowdControlDealt": 342
    }
  },
  "32171179": {
    "gameId": 825985167,
    "invalid": false,
    "gameMode": "CLASSIC",
    "gameType": "MATCHED_GAME",
    "subType": "RANKED_SOLO_5x5",
    "mapId": 1,
    "teamId": 200,
    "championId": 54,
    "spell1": 4,
    "spell2": 14,
    "level": 30,
    "ipEarned": 115,
    "createDate": 1399032030636,
    "fellowPlayers": [
      {
        "summonerId": 38055191,
        "teamId": 200,
        "championId": 62
      },
      {
        "summonerId": 42902982,
        "teamId": 100,
        "championId": 77
      },
      {
        "summonerId": 39009496,
        "teamId": 200,
        "championId": 222
      },
      {
        "summonerId": 25256397,
        "teamId": 100,
        "championId": 1
      },
      {
        "summonerId": 19769038,
        "teamId": 200,
        "championId": 89
      },
      {
        "summonerId": 42402582,
        "teamId": 200,
        "championId": 157
      },
      {
        "summonerId": 20536433,
        "teamId": 100,
        "championId": 119
      },
      {
        "summonerId": 36400456,
        "teamId": 100,
        "championId": 102
      },
      {
        "summonerId": 35296058,
        "teamId": 100,
        "championId": 33
      }
    ],
    "stats": {
      "level": 18,
      "goldEarned": 18408,
      "numDeaths": 9,
      "turretsKilled": 2,
      "minionsKilled": 142,
      "championsKilled": 19,
      "goldSpent": 18230,
      "totalDamageDealt": 140576,
      "totalDamageTaken": 29066,
      "doubleKills": 2,
      "killingSprees": 6,
      "largestKillingSpree": 6,
      "team": 200,
      "win": true,
      "neutralMinionsKilled": 7,
      "largestMultiKill": 2,
      "physicalDamageDealtPlayer": 29435,
      "magicDamageDealtPlayer": 109639,
      "physicalDamageTaken": 15877,
      "magicDamageTaken": 11889,
      "timePlayed": 2579,
      "totalHeal": 1818,
      "totalUnitsHealed": 1,
      "assists": 22,
      "item0": 3255,
      "item1": 3128,
      "item2": 3174,
      "item3": 3089,
      "item4": 3151,
      "item5": 3116,
      "item6": 3340,
      "magicDamageDealtToChampions": 55338,
      "physicalDamageDealtToChampions": 2417,
      "totalDamageDealtToChampions": 59106,
      "trueDamageDealtPlayer": 1502,
      "trueDamageDealtToChampions": 1350,
      "trueDamageTaken": 1300,
      "wardPlaced": 7,
      "neutralMinionsKilledEnemyJungle": 7,
      "totalTimeCrowdControlDealt": 1070
    }
  },
  "42402582": {
    "gameId": 825985167,
    "invalid": false,
    "gameMode": "CLASSIC",
    "gameType": "MATCHED_GAME",
    "subType": "RANKED_SOLO_5x5",
    "mapId": 1,
    "teamId": 200,
    "championId": 157,
    "spell1": 4,
    "spell2": 14,
    "level": 30,
    "ipEarned": 115,
    "createDate": 1399032030639,
    "fellowPlayers": [
      {
        "summonerId": 38055191,
        "teamId": 200,
        "championId": 62
      },
      {
        "summonerId": 42902982,
        "teamId": 100,
        "championId": 77
      },
      {
        "summonerId": 39009496,
        "teamId": 200,
        "championId": 222
      },
      {
        "summonerId": 32171179,
        "teamId": 200,
        "championId": 54
      },
      {
        "summonerId": 25256397,
        "teamId": 100,
        "championId": 1
      },
      {
        "summonerId": 19769038,
        "teamId": 200,
        "championId": 89
      },
      {
        "summonerId": 20536433,
        "teamId": 100,
        "championId": 119
      },
      {
        "summonerId": 36400456,
        "teamId": 100,
        "championId": 102
      },
      {
        "summonerId": 35296058,
        "teamId": 100,
        "championId": 33
      }
    ],
    "stats": {
      "level": 18,
      "goldEarned": 14728,
      "numDeaths": 6,
      "barracksKilled": 1,
      "turretsKilled": 1,
      "minionsKilled": 188,
      "championsKilled": 8,
      "goldSpent": 14325,
      "totalDamageDealt": 157636,
      "totalDamageTaken": 27863,
      "doubleKills": 1,
      "killingSprees": 3,
      "largestKillingSpree": 3,
      "team": 200,
      "win": true,
      "neutralMinionsKilled": 12,
      "largestMultiKill": 2,
      "physicalDamageDealtPlayer": 122183,
      "magicDamageDealtPlayer": 34822,
      "physicalDamageTaken": 18042,
      "magicDamageTaken": 9627,
      "largestCriticalStrike": 487,
      "timePlayed": 2579,
      "totalHeal": 6051,
      "totalUnitsHealed": 1,
      "assists": 12,
      "item0": 1055,
      "item1": 3087,
      "item2": 3031,
      "item3": 3250,
      "item4": 3153,
      "item5": 3026,
      "item6": 3340,
      "sightWardsBought": 3,
      "magicDamageDealtToChampions": 5935,
      "physicalDamageDealtToChampions": 16676,
      "totalDamageDealtToChampions": 23242,
      "trueDamageDealtPlayer": 630,
      "trueDamageDealtToChampions": 630,
      "trueDamageTaken": 194,
      "wardPlaced": 15,
      "neutralMinionsKilledEnemyJungle": 11,
      "neutralMinionsKilledYourJungle": 1,
      "totalTimeCrowdControlDealt": 64
    }
  }
}