{
  "35039073": {
    "gameId": 825985639,
    "invalid": false,
    "gameMode": "CLASSIC",
    "gameType": "MATCHED_GAME",
    "subType": "NORMAL",
    "mapId": 1,
    "teamId": 200,
    "championId": 69,
    "spell1": 21,
    "spell2": 4,
    "level": 30,
    "ipEarned": 78,
    "createDate": 1399030982953,
    "fellowPlayers": [
      {
        "summonerId": 42467898,
        "teamId": 100,
        "championId": 157
      },
      {
        "summonerId": 40696324,
        "teamId": 100,
        "championId": 75
      },
      {
        "summonerId": 28710385,
        "teamId": 200,
        "championId": 54
      },
      {
        "summonerId": 43142699,
        "teamId": 200,
        "championId": 55
      },
      {
        "summonerId": 43149736,
        "teamId": 100,
        "championId": 25
      },
      {
        "summonerId": 31164339,
        "teamId": 100,
        "championId": 121
      },
      {
        "summonerId": 33440962,
        "teamId": 200,
        "championId": 81
      },
      {
        "summonerId": 40543278,
        "teamId": 200,
        "championId": 28
      },
      {
        "summonerId": 38749978,
        "teamId": 100,
        "championId": 222
      }
    ],
    "stats": {
      "level": 15,
      "goldEarned": 11399,
      "numDeaths": 10,
      "turretsKilled": 1,
      "minionsKilled": 27,
      "championsKilled": 14,
      "goldSpent": 9375,
      "totalDamageDealt": 51899,
      "totalDamageTaken": 15495,
      "doubleKills": 3,
      "tripleKills": 1,
      "killingSprees": 4,
      "largestKillingSpree": 5,
      "team": 200,
      "win": true,
      "neutralMinionsKilled": 5,
      "largestMultiKill": 3,
      "physicalDamageDealtPlayer": 7509,
      "magicDamageDealtPlayer": 44390,
      "physicalDamageTaken": 10907,
      "magicDamageTaken": 4246,
      "timePlayed": 1585,
      "totalHeal": 121,
      "totalUnitsHealed": 1,
      "assists": 16,
      "item0": 3255,
      "item1": 3151,
      "item2": 3001,
      "item5": 3092,
      "item6": 3340,
      "magicDamageDealtToChampions": 27321,
      "physicalDamageDealtToChampions": 529,
      "totalDamageDealtToChampions": 27850,
      "trueDamageTaken": 341,
      "wardPlaced": 3,
      "neutralMinionsKilledYourJungle": 5,
      "totalTimeCrowdControlDealt": 769
    }
  },
  "summonerCount": 10,
  "33440962": {
    "gameId": 825985639,
    "invalid": false,
    "gameMode": "CLASSIC",
    "gameType": "MATCHED_GAME",
    "subType": "NORMAL",
    "mapId": 1,
    "teamId": 200,
    "championId": 81,
    "spell1": 11,
    "spell2": 4,
    "level": 30,
    "ipEarned": 78,
    "createDate": 1399030982951,
    "fellowPlayers": [
      {
        "summonerId": 42467898,
        "teamId": 100,
        "championId": 157
      },
      {
        "summonerId": 35039073,
        "teamId": 200,
        "championId": 69
      },
      {
        "summonerId": 40696324,
        "teamId": 100,
        "championId": 75
      },
      {
        "summonerId": 28710385,
        "teamId": 200,
        "championId": 54
      },
      {
        "summonerId": 43142699,
        "teamId": 200,
        "championId": 55
      },
      {
        "summonerId": 43149736,
        "teamId": 100,
        "championId": 25
      },
      {
        "summonerId": 31164339,
        "teamId": 100,
        "championId": 121
      },
      {
        "summonerId": 40543278,
        "teamId": 200,
        "championId": 28
      },
      {
        "summonerId": 38749978,
        "teamId": 100,
        "championId": 222
      }
    ],
    "stats": {
      "level": 15,
      "goldEarned": 10630,
      "numDeaths": 3,
      "turretsKilled": 1,
      "minionsKilled": 39,
      "championsKilled": 9,
      "goldSpent": 9830,
      "totalDamageDealt": 114164,
      "totalDamageTaken": 16103,
      "doubleKills": 2,
      "killingSprees": 3,
      "largestKillingSpree": 3,
      "team": 200,
      "win": true,
      "neutralMinionsKilled": 76,
      "largestMultiKill": 2,
      "physicalDamageDealtPlayer": 81171,
      "magicDamageDealtPlayer": 19878,
      "physicalDamageTaken": 12949,
      "magicDamageTaken": 2190,
      "largestCriticalStrike": 326,
      "timePlayed": 1585,
      "totalHeal": 4256,
      "totalUnitsHealed": 1,
      "assists": 13,
      "item0": 3209,
      "item1": 3025,
      "item2": 3275,
      "item3": 3035,
      "item4": 3070,
      "item5": 2004,
      "item6": 3340,
      "magicDamageDealtToChampions": 5169,
      "physicalDamageDealtToChampions": 9425,
      "totalDamageDealtToChampions": 15846,
      "trueDamageDealtPlayer": 13115,
      "trueDamageDealtToChampions": 1251,
      "trueDamageTaken": 963,
      "wardPlaced": 3,
      "neutralMinionsKilledEnemyJungle": 2,
      "neutralMinionsKilledYourJungle": 74,
      "totalTimeCrowdControlDealt": 955
    }
  },
  "31164339": {
    "gameId": 825985639,
    "invalid": false,
    "gameMode": "CLASSIC",
    "gameType": "MATCHED_GAME",
    "subType": "NORMAL",
    "mapId": 1,
    "teamId": 100,
    "championId": 121,
    "spell1": 11,
    "spell2": 4,
    "level": 30,
    "ipEarned": 52,
    "createDate": 1399030982940,
    "fellowPlayers": [
      {
        "summonerId": 42467898,
        "teamId": 100,
        "championId": 157
      },
      {
        "summonerId": 35039073,
        "teamId": 200,
        "championId": 69
      },
      {
        "summonerId": 40696324,
        "teamId": 100,
        "championId": 75
      },
      {
        "summonerId": 28710385,
        "teamId": 200,
        "championId": 54
      },
      {
        "summonerId": 43142699,
        "teamId": 200,
        "championId": 55
      },
      {
        "summonerId": 43149736,
        "teamId": 100,
        "championId": 25
      },
      {
        "summonerId": 33440962,
        "teamId": 200,
        "championId": 81
      },
      {
        "summonerId": 40543278,
        "teamId": 200,
        "championId": 28
      },
      {
        "summonerId": 38749978,
        "teamId": 100,
        "championId": 222
      }
    ],
    "stats": {
      "level": 15,
      "goldEarned": 10755,
      "numDeaths": 7,
      "minionsKilled": 31,
      "championsKilled": 9,
      "goldSpent": 9500,
      "totalDamageDealt": 126634,
      "totalDamageTaken": 24888,
      "doubleKills": 2,
      "killingSprees": 3,
      "largestKillingSpree": 3,
      "team": 100,
      "win": false,
      "neutralMinionsKilled": 88,
      "largestMultiKill": 2,
      "physicalDamageDealtPlayer": 112630,
      "magicDamageDealtPlayer": 1349,
      "physicalDamageTaken": 13376,
      "magicDamageTaken": 10935,
      "timePlayed": 1585,
      "totalHeal": 6477,
      "totalUnitsHealed": 1,
      "assists": 3,
      "item0": 3074,
      "item1": 3275,
      "item2": 3209,
      "item3": 3155,
      "item4": 1037,
      "item6": 3340,
      "sightWardsBought": 2,
      "magicDamageDealtToChampions": 705,
      "physicalDamageDealtToChampions": 10794,
      "totalDamageDealtToChampions": 12684,
      "trueDamageDealtPlayer": 12654,
      "trueDamageDealtToChampions": 1183,
      "trueDamageTaken": 576,
      "wardPlaced": 9,
      "neutralMinionsKilledEnemyJungle": 9,
      "neutralMinionsKilledYourJungle": 79,
      "totalTimeCrowdControlDealt": 540
    }
  },
  "43142699": {
    "gameId": 825985639,
    "invalid": false,
    "gameMode": "CLASSIC",
    "gameType": "MATCHED_GAME",
    "subType": "NORMAL",
    "mapId": 1,
    "teamId": 200,
    "championId": 55,
    "spell1": 12,
    "spell2": 14,
    "level": 11,
    "ipEarned": 78,
    "createDate": 1399030982946,
    "fellowPlayers": [
      {
        "summonerId": 42467898,
        "teamId": 100,
        "championId": 157
      },
      {
        "summonerId": 35039073,
        "teamId": 200,
        "championId": 69
      },
      {
        "summonerId": 40696324,
        "teamId": 100,
        "championId": 75
      },
      {
        "summonerId": 28710385,
        "teamId": 200,
        "championId": 54
      },
      {
        "summonerId": 43149736,
        "teamId": 100,
        "championId": 25
      },
      {
        "summonerId": 31164339,
        "teamId": 100,
        "championId": 121
      },
      {
        "summonerId": 33440962,
        "teamId": 200,
        "championId": 81
      },
      {
        "summonerId": 40543278,
        "teamId": 200,
        "championId": 28
      },
      {
        "summonerId": 38749978,
        "teamId": 100,
        "championId": 222
      }
    ],
    "stats": {
      "level": 15,
      "goldEarned": 12606,
      "numDeaths": 4,
      "turretsKilled": 1,
      "minionsKilled": 135,
      "championsKilled": 17,
      "goldSpent": 10925,
      "totalDamageDealt": 105672,
      "totalDamageTaken": 13740,
      "doubleKills": 5,
      "tripleKills": 1,
      "killingSprees": 4,
      "largestKillingSpree": 6,
      "team": 200,
      "win": true,
      "neutralMinionsKilled": 4,
      "largestMultiKill": 3,
      "physicalDamageDealtPlayer": 12879,
      "magicDamageDealtPlayer": 92397,
      "physicalDamageTaken": 10282,
      "magicDamageTaken": 2603,
      "timePlayed": 1585,
      "assists": 15,
      "item0": 3117,
      "item1": 2003,
      "item2": 3146,
      "item3": 3151,
      "item4": 3089,
      "item6": 3340,
      "magicDamageDealtToChampions": 22641,
      "physicalDamageDealtToChampions": 948,
      "totalDamageDealtToChampions": 23984,
      "trueDamageDealtPlayer": 394,
      "trueDamageDealtToChampions": 394,
      "trueDamageTaken": 853,
      "wardPlaced": 6,
      "neutralMinionsKilledEnemyJungle": 3,
      "neutralMinionsKilledYourJungle": 1,
      "totalTimeCrowdControlDealt": 28
    }
  },
  "40543278": {
    "gameId": 825985639,
    "invalid": false,
    "gameMode": "CLASSIC",
    "gameType": "MATCHED_GAME",
    "subType": "NORMAL",
    "mapId": 1,
    "teamId": 200,
    "championId": 28,
    "spell1": 4,
    "spell2": 14,
    "level": 28,
    "ipEarned": 78,
    "createDate": 1399030982950,
    "fellowPlayers": [
      {
        "summonerId": 42467898,
        "teamId": 100,
        "championId": 157
      },
      {
        "summonerId": 35039073,
        "teamId": 200,
        "championId": 69
      },
      {
        "summonerId": 40696324,
        "teamId": 100,
        "championId": 75
      },
      {
        "summonerId": 28710385,
        "teamId": 200,
        "championId": 54
      },
      {
        "summonerId": 43142699,
        "teamId": 200,
        "championId": 55
      },
      {
        "summonerId": 43149736,
        "teamId": 100,
        "championId": 25
      },
      {
        "summonerId": 31164339,
        "teamId": 100,
        "championId": 121
      },
      {
        "summonerId": 33440962,
        "teamId": 200,
        "championId": 81
      },
      {
        "summonerId": 38749978,
        "teamId": 100,
        "championId": 222
      }
    ],
    "stats": {
      "level": 13,
      "goldEarned": 7013,
      "numDeaths": 7,
      "minionsKilled": 68,
      "championsKilled": 3,
      "goldSpent": 6540,
      "totalDamageDealt": 67765,
      "totalDamageTaken": 15222,
      "team": 200,
      "win": true,
      "neutralMinionsKilled": 20,
      "largestMultiKill": 1,
      "physicalDamageDealtPlayer": 32358,
      "magicDamageDealtPlayer": 34237,
      "physicalDamageTaken": 12608,
      "magicDamageTaken": 2521,
      "timePlayed": 1585,
      "totalHeal": 1387,
      "totalUnitsHealed": 1,
      "assists": 5,
      "item0": 3206,
      "item1": 3020,
      "item2": 3151,
      "item3": 1052,
      "item6": 3340,
      "magicDamageDealtToChampions": 2918,
      "physicalDamageDealtToChampions": 2844,
      "totalDamageDealtToChampions": 6531,
      "trueDamageDealtPlayer": 1169,
      "trueDamageDealtToChampions": 769,
      "trueDamageTaken": 92,
      "wardPlaced": 4,
      "neutralMinionsKilledEnemyJungle": 1,
      "neutralMinionsKilledYourJungle": 19,
      "totalTimeCrowdControlDealt": 104
    }
  },
  "28710385": {
    "gameId": 825985639,
    "invalid": false,
    "gameMode": "CLASSIC",
    "gameType": "MATCHED_GAME",
    "subType": "NORMAL",
    "mapId": 1,
    "teamId": 200,
    "championId": 54,
    "spell1": 14,
    "spell2": 4,
    "level": 30,
    "ipEarned": 78,
    "createDate": 1399030982948,
    "fellowPlayers": [
      {
        "summonerId": 42467898,
        "teamId": 100,
        "championId": 157
      },
      {
        "summonerId": 35039073,
        "teamId": 200,
        "championId": 69
      },
      {
        "summonerId": 40696324,
        "teamId": 100,
        "championId": 75
      },
      {
        "summonerId": 43142699,
        "teamId": 200,
        "championId": 55
      },
      {
        "summonerId": 43149736,
        "teamId": 100,
        "championId": 25
      },
      {
        "summonerId": 31164339,
        "teamId": 100,
        "championId": 121
      },
      {
        "summonerId": 33440962,
        "teamId": 200,
        "championId": 81
      },
      {
        "summonerId": 40543278,
        "teamId": 200,
        "championId": 28
      },
      {
        "summonerId": 38749978,
        "teamId": 100,
        "championId": 222
      }
    ],
    "stats": {
      "level": 14,
      "goldEarned": 8202,
      "numDeaths": 2,
      "minionsKilled": 125,
      "championsKilled": 3,
      "goldSpent": 6705,
      "totalDamageDealt": 58150,
      "totalDamageTaken": 12730,
      "killingSprees": 1,
      "largestKillingSpree": 3,
      "team": 200,
      "win": true,
      "largestMultiKill": 1,
      "physicalDamageDealtPlayer": 21414,
      "magicDamageDealtPlayer": 36187,
      "physicalDamageTaken": 9932,
      "magicDamageTaken": 1673,
      "timePlayed": 1585,
      "totalHeal": 1056,
      "totalUnitsHealed": 1,
      "assists": 11,
      "item0": 1054,
      "item1": 3110,
      "item2": 3047,
      "item3": 3001,
      "item6": 3340,
      "magicDamageDealtToChampions": 8425,
      "physicalDamageDealtToChampions": 1769,
      "totalDamageDealtToChampions": 10743,
      "trueDamageDealtPlayer": 548,
      "trueDamageDealtToChampions": 548,
      "trueDamageTaken": 1124,
      "wardPlaced": 6,
      "totalTimeCrowdControlDealt": 761
    }
  },
  "38749978": {
    "gameId": 825985639,
    "invalid": false,
    "gameMode": "CLASSIC",
    "gameType": "MATCHED_GAME",
    "subType": "NORMAL",
    "mapId": 1,
    "teamId": 100,
    "championId": 222,
    "spell1": 21,
    "spell2": 4,
    "level": 29,
    "ipEarned": 52,
    "createDate": 1399030982939,
    "fellowPlayers": [
      {
        "summonerId": 42467898,
        "teamId": 100,
        "championId": 157
      },
      {
        "summonerId": 35039073,
        "teamId": 200,
        "championId": 69
      },
      {
        "summonerId": 40696324,
        "teamId": 100,
        "championId": 75
      },
      {
        "summonerId": 28710385,
        "teamId": 200,
        "championId": 54
      },
      {
        "summonerId": 43142699,
        "teamId": 200,
        "championId": 55
      },
      {
        "summonerId": 43149736,
        "teamId": 100,
        "championId": 25
      },
      {
        "summonerId": 31164339,
        "teamId": 100,
        "championId": 121
      },
      {
        "summonerId": 33440962,
        "teamId": 200,
        "championId": 81
      },
      {
        "summonerId": 40543278,
        "teamId": 200,
        "championId": 28
      }
    ],
    "stats": {
      "level": 12,
      "goldEarned": 8563,
      "numDeaths": 13,
      "turretsKilled": 3,
      "minionsKilled": 81,
      "championsKilled": 5,
      "goldSpent": 8175,
      "totalDamageDealt": 57569,
      "totalDamageTaken": 18150,
      "team": 100,
      "win": false,
      "neutralMinionsKilled": 2,
      "largestMultiKill": 1,
      "physicalDamageDealtPlayer": 56394,
      "magicDamageDealtPlayer": 1174,
      "physicalDamageTaken": 2833,
      "magicDamageTaken": 14806,
      "timePlayed": 1585,
      "totalHeal": 451,
      "totalUnitsHealed": 1,
      "assists": 10,
      "item0": 3153,
      "item1": 1055,
      "item2": 3006,
      "item3": 3072,
      "item4": 1042,
      "item6": 3340,
      "magicDamageDealtToChampions": 479,
      "physicalDamageDealtToChampions": 9398,
      "totalDamageDealtToChampions": 9877,
      "trueDamageTaken": 510,
      "wardPlaced": 5,
      "neutralMinionsKilledYourJungle": 2,
      "totalTimeCrowdControlDealt": 63
    }
  },
  "40696324": {
    "gameId": 825985639,
    "invalid": false,
    "gameMode": "CLASSIC",
    "gameType": "MATCHED_GAME",
    "subType": "NORMAL",
    "mapId": 1,
    "teamId": 100,
    "championId": 75,
    "spell1": 14,
    "spell2": 7,
    "level": 23,
    "ipEarned": 52,
    "createDate": 1399030982942,
    "fellowPlayers": [
      {
        "summonerId": 42467898,
        "teamId": 100,
        "championId": 157
      },
      {
        "summonerId": 35039073,
        "teamId": 200,
        "championId": 69
      },
      {
        "summonerId": 28710385,
        "teamId": 200,
        "championId": 54
      },
      {
        "summonerId": 43142699,
        "teamId": 200,
        "championId": 55
      },
      {
        "summonerId": 43149736,
        "teamId": 100,
        "championId": 25
      },
      {
        "summonerId": 31164339,
        "teamId": 100,
        "championId": 121
      },
      {
        "summonerId": 33440962,
        "teamId": 200,
        "championId": 81
      },
      {
        "summonerId": 40543278,
        "teamId": 200,
        "championId": 28
      },
      {
        "summonerId": 38749978,
        "teamId": 100,
        "championId": 222
      }
    ],
    "stats": {
      "level": 14,
      "goldEarned": 8223,
      "numDeaths": 5,
      "minionsKilled": 116,
      "championsKilled": 5,
      "goldSpent": 7060,
      "totalDamageDealt": 67234,
      "totalDamageTaken": 27588,
      "doubleKills": 1,
      "killingSprees": 1,
      "largestKillingSpree": 4,
      "team": 100,
      "win": false,
      "neutralMinionsKilled": 7,
      "largestMultiKill": 2,
      "physicalDamageDealtPlayer": 49389,
      "magicDamageDealtPlayer": 15964,
      "physicalDamageTaken": 13333,
      "magicDamageTaken": 13186,
      "timePlayed": 1585,
      "totalHeal": 2004,
      "totalUnitsHealed": 1,
      "assists": 1,
      "item0": 1054,
      "item1": 3065,
      "item2": 3190,
      "item3": 3009,
      "item6": 3340,
      "magicDamageDealtToChampions": 3996,
      "physicalDamageDealtToChampions": 5370,
      "totalDamageDealtToChampions": 10958,
      "trueDamageDealtPlayer": 1880,
      "trueDamageDealtToChampions": 1592,
      "trueDamageTaken": 1068,
      "wardPlaced": 6,
      "neutralMinionsKilledEnemyJungle": 1,
      "neutralMinionsKilledYourJungle": 6,
      "totalTimeCrowdControlDealt": 158
    }
  },
  "42467898": {
    "gameId": 825985639,
    "invalid": false,
    "gameMode": "CLASSIC",
    "gameType": "MATCHED_GAME",
    "subType": "NORMAL",
    "mapId": 1,
    "teamId": 100,
    "championId": 157,
    "spell1": 4,
    "spell2": 14,
    "level": 29,
    "ipEarned": 52,
    "createDate": 1399030982945,
    "fellowPlayers": [
      {
        "summonerId": 35039073,
        "teamId": 200,
        "championId": 69
      },
      {
        "summonerId": 40696324,
        "teamId": 100,
        "championId": 75
      },
      {
        "summonerId": 28710385,
        "teamId": 200,
        "championId": 54
      },
      {
        "summonerId": 43142699,
        "teamId": 200,
        "championId": 55
      },
      {
        "summonerId": 43149736,
        "teamId": 100,
        "championId": 25
      },
      {
        "summonerId": 31164339,
        "teamId": 100,
        "championId": 121
      },
      {
        "summonerId": 33440962,
        "teamId": 200,
        "championId": 81
      },
      {
        "summonerId": 40543278,
        "teamId": 200,
        "championId": 28
      },
      {
        "summonerId": 38749978,
        "teamId": 100,
        "championId": 222
      }
    ],
    "stats": {
      "level": 12,
      "goldEarned": 7615,
      "numDeaths": 8,
      "minionsKilled": 112,
      "championsKilled": 3,
      "goldSpent": 6875,
      "totalDamageDealt": 62704,
      "totalDamageTaken": 16921,
      "killingSprees": 1,
      "largestKillingSpree": 2,
      "team": 100,
      "win": false,
      "largestMultiKill": 1,
      "physicalDamageDealtPlayer": 50028,
      "magicDamageDealtPlayer": 12623,
      "physicalDamageTaken": 3917,
      "magicDamageTaken": 12569,
      "largestCriticalStrike": 319,
      "timePlayed": 1585,
      "assists": 8,
      "item0": 1053,
      "item1": 2003,
      "item2": 3087,
      "item3": 3250,
      "item4": 1037,
      "item5": 1018,
      "item6": 3340,
      "magicDamageDealtToChampions": 1587,
      "physicalDamageDealtToChampions": 5330,
      "totalDamageDealtToChampions": 6970,
      "trueDamageDealtPlayer": 52,
      "trueDamageDealtToChampions": 52,
      "trueDamageTaken": 435,
      "wardPlaced": 5,
      "totalTimeCrowdControlDealt": 48
    }
  },
  "43149736": {
    "gameId": 825985639,
    "invalid": false,
    "gameMode": "CLASSIC",
    "gameType": "MATCHED_GAME",
    "subType": "NORMAL",
    "mapId": 1,
    "teamId": 100,
    "championId": 25,
    "spell1": 14,
    "spell2": 4,
    "level": 27,
    "ipEarned": 52,
    "createDate": 1399030982943,
    "fellowPlayers": [
      {
        "summonerId": 42467898,
        "teamId": 100,
        "championId": 157
      },
      {
        "summonerId": 35039073,
        "teamId": 200,
        "championId": 69
      },
      {
        "summonerId": 40696324,
        "teamId": 100,
        "championId": 75
      },
      {
        "summonerId": 28710385,
        "teamId": 200,
        "championId": 54
      },
      {
        "summonerId": 43142699,
        "teamId": 200,
        "championId": 55
      },
      {
        "summonerId": 31164339,
        "teamId": 100,
        "championId": 121
      },
      {
        "summonerId": 33440962,
        "teamId": 200,
        "championId": 81
      },
      {
        "summonerId": 40543278,
        "teamId": 200,
        "championId": 28
      },
      {
        "summonerId": 38749978,
        "teamId": 100,
        "championId": 222
      }
    ],
    "stats": {
      "level": 11,
      "goldEarned": 6908,
      "numDeaths": 13,
      "minionsKilled": 30,
      "championsKilled": 4,
      "goldSpent": 5910,
      "totalDamageDealt": 25518,
      "totalDamageTaken": 20019,
      "killingSprees": 1,
      "largestKillingSpree": 2,
      "team": 100,
      "win": false,
      "largestMultiKill": 1,
      "physicalDamageDealtPlayer": 4160,
      "magicDamageDealtPlayer": 20810,
      "physicalDamageTaken": 4668,
      "magicDamageTaken": 14979,
      "timePlayed": 1585,
      "totalHeal": 567,
      "totalUnitsHealed": 1,
      "assists": 12,
      "item0": 1056,
      "item3": 3275,
      "item4": 3089,
      "item6": 3340,
      "magicDamageDealtToChampions": 6465,
      "physicalDamageDealtToChampions": 1243,
      "totalDamageDealtToChampions": 8257,
      "trueDamageDealtPlayer": 548,
      "trueDamageDealtToChampions": 548,
      "trueDamageTaken": 372,
      "wardPlaced": 6,
      "totalTimeCrowdControlDealt": 84
    }
  }
}