{
  "30171624": {
    "gameId": 825979570,
    "invalid": false,
    "gameMode": "CLASSIC",
    "gameType": "MATCHED_GAME",
    "subType": "NORMAL",
    "mapId": 1,
    "teamId": 100,
    "championId": 157,
    "spell1": 14,
    "spell2": 4,
    "level": 30,
    "ipEarned": 79,
    "createDate": 1399030863664,
    "fellowPlayers": [
      {
        "summonerId": 36153126,
        "teamId": 200,
        "championId": 89
      },
      {
        "summonerId": 36381411,
        "teamId": 200,
        "championId": 412
      },
      {
        "summonerId": 23476441,
        "teamId": 100,
        "championId": 236
      },
      {
        "summonerId": 28327142,
        "teamId": 100,
        "championId": 19
      },
      {
        "summonerId": 33445274,
        "teamId": 200,
        "championId": 25
      },
      {
        "summonerId": 27242029,
        "teamId": 200,
        "championId": 106
      },
      {
        "summonerId": 28493713,
        "teamId": 100,
        "championId": 102
      },
      {
        "summonerId": 19820737,
        "teamId": 100,
        "championId": 43
      },
      {
        "summonerId": 36816813,
        "teamId": 200,
        "championId": 43
      }
    ],
    "stats": {
      "level": 17,
      "goldEarned": 12896,
      "numDeaths": 19,
      "turretsKilled": 1,
      "minionsKilled": 147,
      "championsKilled": 6,
      "goldSpent": 12265,
      "totalDamageDealt": 143104,
      "totalDamageTaken": 41143,
      "killingSprees": 1,
      "largestKillingSpree": 2,
      "team": 100,
      "win": false,
      "neutralMinionsKilled": 22,
      "largestMultiKill": 1,
      "physicalDamageDealtPlayer": 120079,
      "magicDamageDealtPlayer": 21719,
      "physicalDamageTaken": 13731,
      "magicDamageTaken": 26574,
      "largestCriticalStrike": 516,
      "timePlayed": 2727,
      "totalHeal": 697,
      "totalUnitsHealed": 1,
      "assists": 9,
      "item0": 3144,
      "item1": 3074,
      "item2": 3072,
      "item3": 3087,
      "item4": 3250,
      "item6": 3340,
      "magicDamageDealtToChampions": 3117,
      "physicalDamageDealtToChampions": 17938,
      "totalDamageDealtToChampions": 22305,
      "trueDamageDealtPlayer": 1306,
      "trueDamageDealtToChampions": 1250,
      "trueDamageTaken": 836,
      "wardPlaced": 18,
      "neutralMinionsKilledEnemyJungle": 7,
      "neutralMinionsKilledYourJungle": 15,
      "totalTimeCrowdControlDealt": 91
    }
  },
  "summonerCount": 10,
  "19820737": {
    "gameId": 825979570,
    "invalid": false,
    "gameMode": "CLASSIC",
    "gameType": "MATCHED_GAME",
    "subType": "NORMAL",
    "mapId": 1,
    "teamId": 100,
    "championId": 43,
    "spell1": 7,
    "spell2": 4,
    "level": 30,
    "ipEarned": 79,
    "createDate": 1399030863661,
    "fellowPlayers": [
      {
        "summonerId": 36153126,
        "teamId": 200,
        "championId": 89
      },
      {
        "summonerId": 36381411,
        "teamId": 200,
        "championId": 412
      },
      {
        "summonerId": 30171624,
        "teamId": 100,
        "championId": 157
      },
      {
        "summonerId": 23476441,
        "teamId": 100,
        "championId": 236
      },
      {
        "summonerId": 28327142,
        "teamId": 100,
        "championId": 19
      },
      {
        "summonerId": 33445274,
        "teamId": 200,
        "championId": 25
      },
      {
        "summonerId": 27242029,
        "teamId": 200,
        "championId": 106
      },
      {
        "summonerId": 28493713,
        "teamId": 100,
        "championId": 102
      },
      {
        "summonerId": 36816813,
        "teamId": 200,
        "championId": 43
      }
    ],
    "stats": {
      "level": 18,
      "goldEarned": 15563,
      "numDeaths": 11,
      "turretsKilled": 1,
      "minionsKilled": 91,
      "championsKilled": 8,
      "goldSpent": 14720,
      "totalDamageDealt": 127749,
      "totalDamageTaken": 35916,
      "killingSprees": 2,
      "largestKillingSpree": 3,
      "team": 100,
      "win": false,
      "neutralMinionsKilled": 5,
      "largestMultiKill": 1,
      "physicalDamageDealtPlayer": 12993,
      "magicDamageDealtPlayer": 114318,
      "physicalDamageTaken": 12020,
      "magicDamageTaken": 23156,
      "timePlayed": 2727,
      "totalHeal": 6866,
      "totalUnitsHealed": 5,
      "assists": 17,
      "item0": 3092,
      "item1": 3165,
      "item2": 3255,
      "item3": 3116,
      "item4": 3135,
      "item5": 3089,
      "item6": 3340,
      "sightWardsBought": 1,
      "magicDamageDealtToChampions": 35863,
      "physicalDamageDealtToChampions": 3025,
      "totalDamageDealtToChampions": 39242,
      "trueDamageDealtPlayer": 438,
      "trueDamageDealtToChampions": 354,
      "trueDamageTaken": 740,
      "wardPlaced": 5,
      "neutralMinionsKilledYourJungle": 5,
      "totalTimeCrowdControlDealt": 783
    }
  },
  "36816813": {
    "gameId": 825979570,
    "invalid": false,
    "gameMode": "CLASSIC",
    "gameType": "MATCHED_GAME",
    "subType": "NORMAL",
    "mapId": 1,
    "teamId": 200,
    "championId": 43,
    "spell1": 7,
    "spell2": 4,
    "level": 30,
    "ipEarned": 122,
    "createDate": 1399030863671,
    "fellowPlayers": [
      {
        "summonerId": 36153126,
        "teamId": 200,
        "championId": 89
      },
      {
        "summonerId": 36381411,
        "teamId": 200,
        "championId": 412
      },
      {
        "summonerId": 30171624,
        "teamId": 100,
        "championId": 157
      },
      {
        "summonerId": 23476441,
        "teamId": 100,
        "championId": 236
      },
      {
        "summonerId": 28327142,
        "teamId": 100,
        "championId": 19
      },
      {
        "summonerId": 33445274,
        "teamId": 200,
        "championId": 25
      },
      {
        "summonerId": 27242029,
        "teamId": 200,
        "championId": 106
      },
      {
        "summonerId": 28493713,
        "teamId": 100,
        "championId": 102
      },
      {
        "summonerId": 19820737,
        "teamId": 100,
        "championId": 43
      }
    ],
    "stats": {
      "level": 18,
      "goldEarned": 17619,
      "numDeaths": 5,
      "minionsKilled": 80,
      "championsKilled": 4,
      "goldSpent": 17670,
      "totalDamageDealt": 106325,
      "totalDamageTaken": 26113,
      "killingSprees": 1,
      "largestKillingSpree": 3,
      "team": 200,
      "win": true,
      "neutralMinionsKilled": 2,
      "largestMultiKill": 1,
      "physicalDamageDealtPlayer": 18838,
      "magicDamageDealtPlayer": 87487,
      "physicalDamageTaken": 16663,
      "magicDamageTaken": 8837,
      "largestCriticalStrike": 263,
      "timePlayed": 2727,
      "totalHeal": 5067,
      "totalUnitsHealed": 4,
      "assists": 34,
      "item0": 3092,
      "item1": 3128,
      "item2": 3151,
      "item3": 3089,
      "item4": 3259,
      "item5": 3165,
      "item6": 3361,
      "magicDamageDealtToChampions": 19908,
      "physicalDamageDealtToChampions": 3058,
      "totalDamageDealtToChampions": 22967,
      "trueDamageTaken": 612,
      "wardPlaced": 10,
      "neutralMinionsKilledYourJungle": 2,
      "totalTimeCrowdControlDealt": 302
    }
  },
  "28327142": {
    "gameId": 825979570,
    "invalid": false,
    "gameMode": "CLASSIC",
    "gameType": "MATCHED_GAME",
    "subType": "NORMAL",
    "mapId": 1,
    "teamId": 100,
    "championId": 19,
    "spell1": 4,
    "spell2": 11,
    "level": 30,
    "ipEarned": 79,
    "createDate": 1399030863665,
    "fellowPlayers": [
      {
        "summonerId": 36153126,
        "teamId": 200,
        "championId": 89
      },
      {
        "summonerId": 36381411,
        "teamId": 200,
        "championId": 412
      },
      {
        "summonerId": 30171624,
        "teamId": 100,
        "championId": 157
      },
      {
        "summonerId": 23476441,
        "teamId": 100,
        "championId": 236
      },
      {
        "summonerId": 33445274,
        "teamId": 200,
        "championId": 25
      },
      {
        "summonerId": 27242029,
        "teamId": 200,
        "championId": 106
      },
      {
        "summonerId": 28493713,
        "teamId": 100,
        "championId": 102
      },
      {
        "summonerId": 19820737,
        "teamId": 100,
        "championId": 43
      },
      {
        "summonerId": 36816813,
        "teamId": 200,
        "championId": 43
      }
    ],
    "stats": {
      "level": 18,
      "goldEarned": 11990,
      "numDeaths": 10,
      "minionsKilled": 32,
      "championsKilled": 5,
      "goldSpent": 12275,
      "totalDamageDealt": 146265,
      "totalDamageTaken": 55473,
      "killingSprees": 1,
      "largestKillingSpree": 2,
      "team": 100,
      "win": false,
      "neutralMinionsKilled": 83,
      "largestMultiKill": 1,
      "physicalDamageDealtPlayer": 60613,
      "magicDamageDealtPlayer": 75469,
      "physicalDamageTaken": 32862,
      "magicDamageTaken": 20931,
      "timePlayed": 2727,
      "totalHeal": 22637,
      "totalUnitsHealed": 1,
      "assists": 8,
      "item0": 3160,
      "item1": 3065,
      "item2": 3270,
      "item3": 3083,
      "item4": 3091,
      "item6": 3341,
      "magicDamageDealtToChampions": 6702,
      "physicalDamageDealtToChampions": 1392,
      "totalDamageDealtToChampions": 8426,
      "trueDamageDealtPlayer": 10181,
      "trueDamageDealtToChampions": 331,
      "trueDamageTaken": 1680,
      "wardPlaced": 2,
      "neutralMinionsKilledEnemyJungle": 10,
      "neutralMinionsKilledYourJungle": 73,
      "totalTimeCrowdControlDealt": 312
    }
  },
  "36153126": {
    "gameId": 825979570,
    "invalid": false,
    "gameMode": "CLASSIC",
    "gameType": "MATCHED_GAME",
    "subType": "NORMAL",
    "mapId": 1,
    "teamId": 200,
    "championId": 89,
    "spell1": 12,
    "spell2": 4,
    "level": 30,
    "ipEarned": 122,
    "createDate": 1399030863666,
    "fellowPlayers": [
      {
        "summonerId": 36381411,
        "teamId": 200,
        "championId": 412
      },
      {
        "summonerId": 30171624,
        "teamId": 100,
        "championId": 157
      },
      {
        "summonerId": 23476441,
        "teamId": 100,
        "championId": 236
      },
      {
        "summonerId": 28327142,
        "teamId": 100,
        "championId": 19
      },
      {
        "summonerId": 33445274,
        "teamId": 200,
        "championId": 25
      },
      {
        "summonerId": 27242029,
        "teamId": 200,
        "championId": 106
      },
      {
        "summonerId": 28493713,
        "teamId": 100,
        "championId": 102
      },
      {
        "summonerId": 19820737,
        "teamId": 100,
        "championId": 43
      },
      {
        "summonerId": 36816813,
        "teamId": 200,
        "championId": 43
      }
    ],
    "stats": {
      "level": 18,
      "goldEarned": 15506,
      "numDeaths": 6,
      "minionsKilled": 164,
      "championsKilled": 2,
      "goldSpent": 15015,
      "totalDamageDealt": 129337,
      "totalDamageTaken": 47847,
      "team": 200,
      "win": true,
      "neutralMinionsKilled": 13,
      "largestMultiKill": 1,
      "physicalDamageDealtPlayer": 43272,
      "magicDamageDealtPlayer": 85316,
      "physicalDamageTaken": 25918,
      "magicDamageTaken": 20485,
      "timePlayed": 2727,
      "assists": 21,
      "item0": 3083,
      "item1": 3075,
      "item2": 3068,
      "item3": 3047,
      "item4": 3025,
      "item5": 3065,
      "item6": 3340,
      "magicDamageDealtToChampions": 18830,
      "physicalDamageDealtToChampions": 7283,
      "totalDamageDealtToChampions": 26633,
      "trueDamageDealtPlayer": 748,
      "trueDamageDealtToChampions": 520,
      "trueDamageTaken": 1444,
      "wardPlaced": 7,
      "neutralMinionsKilledEnemyJungle": 4,
      "neutralMinionsKilledYourJungle": 9,
      "totalTimeCrowdControlDealt": 350
    }
  },
  "33445274": {
    "gameId": 825979570,
    "invalid": false,
    "gameMode": "CLASSIC",
    "gameType": "MATCHED_GAME",
    "subType": "NORMAL",
    "mapId": 1,
    "teamId": 200,
    "championId": 25,
    "spell1": 4,
    "spell2": 14,
    "level": 30,
    "ipEarned": 122,
    "createDate": 1399030863672,
    "fellowPlayers": [
      {
        "summonerId": 36153126,
        "teamId": 200,
        "championId": 89
      },
      {
        "summonerId": 36381411,
        "teamId": 200,
        "championId": 412
      },
      {
        "summonerId": 30171624,
        "teamId": 100,
        "championId": 157
      },
      {
        "summonerId": 23476441,
        "teamId": 100,
        "championId": 236
      },
      {
        "summonerId": 28327142,
        "teamId": 100,
        "championId": 19
      },
      {
        "summonerId": 27242029,
        "teamId": 200,
        "championId": 106
      },
      {
        "summonerId": 28493713,
        "teamId": 100,
        "championId": 102
      },
      {
        "summonerId": 19820737,
        "teamId": 100,
        "championId": 43
      },
      {
        "summonerId": 36816813,
        "teamId": 200,
        "championId": 43
      }
    ],
    "stats": {
      "level": 18,
      "goldEarned": 17863,
      "numDeaths": 12,
      "barracksKilled": 2,
      "turretsKilled": 1,
      "minionsKilled": 127,
      "championsKilled": 18,
      "goldSpent": 16710,
      "totalDamageDealt": 132537,
      "totalDamageTaken": 36289,
      "doubleKills": 2,
      "tripleKills": 1,
      "quadraKills": 1,
      "killingSprees": 3,
      "largestKillingSpree": 6,
      "team": 200,
      "win": true,
      "neutralMinionsKilled": 12,
      "largestMultiKill": 4,
      "physicalDamageDealtPlayer": 21765,
      "magicDamageDealtPlayer": 108135,
      "physicalDamageTaken": 21561,
      "magicDamageTaken": 13234,
      "timePlayed": 2727,
      "totalHeal": 1507,
      "totalUnitsHealed": 1,
      "assists": 16,
      "item0": 3089,
      "item1": 3157,
      "item2": 3020,
      "item3": 3135,
      "item4": 3027,
      "item5": 3001,
      "item6": 3340,
      "magicDamageDealtToChampions": 52278,
      "physicalDamageDealtToChampions": 3222,
      "totalDamageDealtToChampions": 57414,
      "trueDamageDealtPlayer": 2636,
      "trueDamageDealtToChampions": 1912,
      "trueDamageTaken": 1494,
      "wardPlaced": 11,
      "neutralMinionsKilledEnemyJungle": 2,
      "neutralMinionsKilledYourJungle": 10,
      "totalTimeCrowdControlDealt": 333
    }
  },
  "28493713": {
    "gameId": 825979570,
    "invalid": false,
    "gameMode": "CLASSIC",
    "gameType": "MATCHED_GAME",
    "subType": "NORMAL",
    "mapId": 1,
    "teamId": 100,
    "championId": 102,
    "spell1": 14,
    "spell2": 4,
    "level": 30,
    "ipEarned": 79,
    "createDate": 1399030863662,
    "fellowPlayers": [
      {
        "summonerId": 36153126,
        "teamId": 200,
        "championId": 89
      },
      {
        "summonerId": 36381411,
        "teamId": 200,
        "championId": 412
      },
      {
        "summonerId": 30171624,
        "teamId": 100,
        "championId": 157
      },
      {
        "summonerId": 23476441,
        "teamId": 100,
        "championId": 236
      },
      {
        "summonerId": 28327142,
        "teamId": 100,
        "championId": 19
      },
      {
        "summonerId": 33445274,
        "teamId": 200,
        "championId": 25
      },
      {
        "summonerId": 27242029,
        "teamId": 200,
        "championId": 106
      },
      {
        "summonerId": 19820737,
        "teamId": 100,
        "championId": 43
      },
      {
        "summonerId": 36816813,
        "teamId": 200,
        "championId": 43
      }
    ],
    "stats": {
      "level": 18,
      "goldEarned": 13068,
      "numDeaths": 9,
      "minionsKilled": 218,
      "championsKilled": 2,
      "goldSpent": 15590,
      "totalDamageDealt": 197095,
      "totalDamageTaken": 57678,
      "team": 100,
      "win": false,
      "neutralMinionsKilled": 31,
      "largestMultiKill": 1,
      "physicalDamageDealtPlayer": 112730,
      "magicDamageDealtPlayer": 80510,
      "physicalDamageTaken": 27245,
      "magicDamageTaken": 29874,
      "timePlayed": 2727,
      "totalHeal": 5827,
      "totalUnitsHealed": 1,
      "assists": 11,
      "item0": 3074,
      "item1": 3143,
      "item2": 3065,
      "item3": 3117,
      "item4": 1052,
      "item5": 1028,
      "item6": 3340,
      "magicDamageDealtToChampions": 10097,
      "physicalDamageDealtToChampions": 12001,
      "totalDamageDealtToChampions": 24541,
      "trueDamageDealtPlayer": 3854,
      "trueDamageDealtToChampions": 2442,
      "trueDamageTaken": 558,
      "wardPlaced": 12,
      "neutralMinionsKilledEnemyJungle": 2,
      "neutralMinionsKilledYourJungle": 29,
      "totalTimeCrowdControlDealt": 444
    }
  },
  "36381411": {
    "gameId": 825979570,
    "invalid": false,
    "gameMode": "CLASSIC",
    "gameType": "MATCHED_GAME",
    "subType": "NORMAL",
    "mapId": 1,
    "teamId": 200,
    "championId": 412,
    "spell1": 4,
    "spell2": 21,
    "level": 30,
    "ipEarned": 122,
    "createDate": 1399030863668,
    "fellowPlayers": [
      {
        "summonerId": 36153126,
        "teamId": 200,
        "championId": 89
      },
      {
        "summonerId": 30171624,
        "teamId": 100,
        "championId": 157
      },
      {
        "summonerId": 23476441,
        "teamId": 100,
        "championId": 236
      },
      {
        "summonerId": 28327142,
        "teamId": 100,
        "championId": 19
      },
      {
        "summonerId": 33445274,
        "teamId": 200,
        "championId": 25
      },
      {
        "summonerId": 27242029,
        "teamId": 200,
        "championId": 106
      },
      {
        "summonerId": 28493713,
        "teamId": 100,
        "championId": 102
      },
      {
        "summonerId": 19820737,
        "teamId": 100,
        "championId": 43
      },
      {
        "summonerId": 36816813,
        "teamId": 200,
        "championId": 43
      }
    ],
    "stats": {
      "level": 18,
      "goldEarned": 18163,
      "numDeaths": 9,
      "barracksKilled": 1,
      "turretsKilled": 3,
      "minionsKilled": 148,
      "championsKilled": 15,
      "goldSpent": 17510,
      "totalDamageDealt": 187763,
      "totalDamageTaken": 32331,
      "doubleKills": 3,
      "tripleKills": 1,
      "quadraKills": 1,
      "killingSprees": 3,
      "largestKillingSpree": 4,
      "team": 200,
      "win": true,
      "neutralMinionsKilled": 36,
      "largestMultiKill": 4,
      "physicalDamageDealtPlayer": 111308,
      "magicDamageDealtPlayer": 75914,
      "physicalDamageTaken": 19349,
      "magicDamageTaken": 12895,
      "largestCriticalStrike": 974,
      "timePlayed": 2727,
      "totalHeal": 1643,
      "totalUnitsHealed": 1,
      "assists": 13,
      "item0": 3031,
      "item1": 3072,
      "item2": 3006,
      "item3": 3087,
      "item4": 3031,
      "item5": 3046,
      "item6": 3340,
      "magicDamageDealtToChampions": 18106,
      "physicalDamageDealtToChampions": 15218,
      "totalDamageDealtToChampions": 33456,
      "trueDamageDealtPlayer": 540,
      "trueDamageDealtToChampions": 132,
      "trueDamageTaken": 86,
      "wardPlaced": 7,
      "neutralMinionsKilledEnemyJungle": 14,
      "neutralMinionsKilledYourJungle": 22,
      "totalTimeCrowdControlDealt": 214
    }
  },
  "27242029": {
    "gameId": 825979570,
    "invalid": false,
    "gameMode": "CLASSIC",
    "gameType": "MATCHED_GAME",
    "subType": "NORMAL",
    "mapId": 1,
    "teamId": 200,
    "championId": 106,
    "spell1": 11,
    "spell2": 4,
    "level": 30,
    "ipEarned": 272,
    "createDate": 1399030863669,
    "fellowPlayers": [
      {
        "summonerId": 36153126,
        "teamId": 200,
        "championId": 89
      },
      {
        "summonerId": 36381411,
        "teamId": 200,
        "championId": 412
      },
      {
        "summonerId": 30171624,
        "teamId": 100,
        "championId": 157
      },
      {
        "summonerId": 23476441,
        "teamId": 100,
        "championId": 236
      },
      {
        "summonerId": 28327142,
        "teamId": 100,
        "championId": 19
      },
      {
        "summonerId": 33445274,
        "teamId": 200,
        "championId": 25
      },
      {
        "summonerId": 28493713,
        "teamId": 100,
        "championId": 102
      },
      {
        "summonerId": 19820737,
        "teamId": 100,
        "championId": 43
      },
      {
        "summonerId": 36816813,
        "teamId": 200,
        "championId": 43
      }
    ],
    "stats": {
      "level": 18,
      "goldEarned": 19718,
      "numDeaths": 3,
      "turretsKilled": 5,
      "minionsKilled": 63,
      "championsKilled": 18,
      "goldSpent": 15993,
      "totalDamageDealt": 306633,
      "totalDamageTaken": 50214,
      "doubleKills": 1,
      "killingSprees": 2,
      "largestKillingSpree": 13,
      "team": 200,
      "win": true,
      "neutralMinionsKilled": 124,
      "largestMultiKill": 2,
      "physicalDamageDealtPlayer": 144569,
      "magicDamageDealtPlayer": 137404,
      "physicalDamageTaken": 34543,
      "magicDamageTaken": 13800,
      "largestCriticalStrike": 567,
      "timePlayed": 2727,
      "totalHeal": 16015,
      "totalUnitsHealed": 1,
      "assists": 12,
      "item0": 3160,
      "item1": 3265,
      "item2": 3091,
      "item3": 3078,
      "item4": 3083,
      "item5": 3022,
      "item6": 3340,
      "sightWardsBought": 1,
      "magicDamageDealtToChampions": 13776,
      "physicalDamageDealtToChampions": 20077,
      "totalDamageDealtToChampions": 35580,
      "trueDamageDealtPlayer": 24660,
      "trueDamageDealtToChampions": 1726,
      "trueDamageTaken": 1870,
      "wardPlaced": 20,
      "neutralMinionsKilledEnemyJungle": 27,
      "neutralMinionsKilledYourJungle": 97,
      "totalTimeCrowdControlDealt": 2403
    }
  },
  "23476441": {
    "gameId": 825979570,
    "invalid": false,
    "gameMode": "CLASSIC",
    "gameType": "MATCHED_GAME",
    "subType": "NORMAL",
    "mapId": 1,
    "teamId": 100,
    "championId": 236,
    "spell1": 4,
    "spell2": 7,
    "level": 30,
    "ipEarned": 79,
    "createDate": 1399030863660,
    "fellowPlayers": [
      {
        "summonerId": 36153126,
        "teamId": 200,
        "championId": 89
      },
      {
        "summonerId": 36381411,
        "teamId": 200,
        "championId": 412
      },
      {
        "summonerId": 30171624,
        "teamId": 100,
        "championId": 157
      },
      {
        "summonerId": 28327142,
        "teamId": 100,
        "championId": 19
      },
      {
        "summonerId": 33445274,
        "teamId": 200,
        "championId": 25
      },
      {
        "summonerId": 27242029,
        "teamId": 200,
        "championId": 106
      },
      {
        "summonerId": 28493713,
        "teamId": 100,
        "championId": 102
      },
      {
        "summonerId": 19820737,
        "teamId": 100,
        "championId": 43
      },
      {
        "summonerId": 36816813,
        "teamId": 200,
        "championId": 43
      }
    ],
    "stats": {
      "level": 18,
      "goldEarned": 17676,
      "numDeaths": 8,
      "turretsKilled": 3,
      "minionsKilled": 267,
      "championsKilled": 14,
      "goldSpent": 17658,
      "totalDamageDealt": 254078,
      "totalDamageTaken": 34532,
      "doubleKills": 1,
      "killingSprees": 4,
      "largestKillingSpree": 4,
      "team": 100,
      "win": false,
      "neutralMinionsKilled": 10,
      "largestMultiKill": 2,
      "physicalDamageDealtPlayer": 210211,
      "magicDamageDealtPlayer": 43407,
      "physicalDamageTaken": 11693,
      "magicDamageTaken": 22362,
      "largestCriticalStrike": 1048,
      "timePlayed": 2727,
      "totalHeal": 3429,
      "totalUnitsHealed": 3,
      "assists": 10,
      "item0": 3072,
      "item1": 3252,
      "item2": 3078,
      "item3": 3031,
      "item4": 3035,
      "item5": 3026,
      "item6": 3340,
      "magicDamageDealtToChampions": 12147,
      "physicalDamageDealtToChampions": 36870,
      "totalDamageDealtToChampions": 49442,
      "trueDamageDealtPlayer": 460,
      "trueDamageDealtToChampions": 424,
      "trueDamageTaken": 476,
      "wardPlaced": 3,
      "neutralMinionsKilledEnemyJungle": 2,
      "neutralMinionsKilledYourJungle": 8,
      "totalTimeCrowdControlDealt": 145
    }
  }
}