{
  "33502813": {
    "gameId": 825985458,
    "invalid": false,
    "gameMode": "CLASSIC",
    "gameType": "MATCHED_GAME",
    "subType": "RANKED_SOLO_5x5",
    "mapId": 1,
    "teamId": 100,
    "championId": 412,
    "spell1": 4,
    "spell2": 3,
    "level": 30,
    "ipEarned": 58,
    "createDate": 1399031248433,
    "fellowPlayers": [
      {
        "summonerId": 29957684,
        "teamId": 200,
        "championId": 104
      },
      {
        "summonerId": 22656113,
        "teamId": 200,
        "championId": 105
      },
      {
        "summonerId": 33286959,
        "teamId": 100,
        "championId": 222
      },
      {
        "summonerId": 26423336,
        "teamId": 100,
        "championId": 61
      },
      {
        "summonerId": 36593842,
        "teamId": 100,
        "championId": 54
      },
      {
        "summonerId": 38143753,
        "teamId": 200,
        "championId": 254
      },
      {
        "summonerId": 30711708,
        "teamId": 200,
        "championId": 25
      },
      {
        "summonerId": 26663279,
        "teamId": 100,
        "championId": 5
      },
      {
        "summonerId": 24443517,
        "teamId": 200,
        "championId": 24
      }
    ],
    "stats": {
      "level": 13,
      "goldEarned": 7610,
      "numDeaths": 4,
      "minionsKilled": 33,
      "championsKilled": 4,
      "goldSpent": 7410,
      "totalDamageDealt": 24521,
      "totalDamageTaken": 17120,
      "killingSprees": 1,
      "largestKillingSpree": 2,
      "team": 100,
      "win": false,
      "largestMultiKill": 1,
      "physicalDamageDealtPlayer": 6350,
      "magicDamageDealtPlayer": 18171,
      "physicalDamageTaken": 11907,
      "magicDamageTaken": 4493,
      "timePlayed": 1803,
      "totalHeal": 1510,
      "totalUnitsHealed": 1,
      "assists": 9,
      "item0": 3069,
      "item1": 2045,
      "item2": 3111,
      "item3": 1054,
      "item4": 3211,
      "item5": 1028,
      "item6": 3341,
      "visionWardsBought": 1,
      "magicDamageDealtToChampions": 6111,
      "physicalDamageDealtToChampions": 1764,
      "totalDamageDealtToChampions": 7876,
      "trueDamageTaken": 719,
      "wardKilled": 3,
      "wardPlaced": 21,
      "totalTimeCrowdControlDealt": 151
    }
  },
  "summonerCount": 10,
  "22656113": {
    "gameId": 825985458,
    "invalid": false,
    "gameMode": "CLASSIC",
    "gameType": "MATCHED_GAME",
    "subType": "RANKED_SOLO_5x5",
    "mapId": 1,
    "teamId": 200,
    "championId": 105,
    "spell1": 14,
    "spell2": 4,
    "level": 30,
    "ipEarned": 237,
    "createDate": 1399031248437,
    "fellowPlayers": [
      {
        "summonerId": 29957684,
        "teamId": 200,
        "championId": 104
      },
      {
        "summonerId": 33502813,
        "teamId": 100,
        "championId": 412
      },
      {
        "summonerId": 33286959,
        "teamId": 100,
        "championId": 222
      },
      {
        "summonerId": 26423336,
        "teamId": 100,
        "championId": 61
      },
      {
        "summonerId": 36593842,
        "teamId": 100,
        "championId": 54
      },
      {
        "summonerId": 38143753,
        "teamId": 200,
        "championId": 254
      },
      {
        "summonerId": 30711708,
        "teamId": 200,
        "championId": 25
      },
      {
        "summonerId": 26663279,
        "teamId": 100,
        "championId": 5
      },
      {
        "summonerId": 24443517,
        "teamId": 200,
        "championId": 24
      }
    ],
    "stats": {
      "level": 17,
      "goldEarned": 14079,
      "numDeaths": 3,
      "barracksKilled": 1,
      "turretsKilled": 1,
      "minionsKilled": 158,
      "championsKilled": 15,
      "goldSpent": 11690,
      "totalDamageDealt": 118991,
      "totalDamageTaken": 16631,
      "doubleKills": 2,
      "tripleKills": 1,
      "killingSprees": 3,
      "largestKillingSpree": 7,
      "team": 200,
      "win": true,
      "neutralMinionsKilled": 14,
      "largestMultiKill": 3,
      "physicalDamageDealtPlayer": 23074,
      "magicDamageDealtPlayer": 93908,
      "physicalDamageTaken": 7791,
      "magicDamageTaken": 8437,
      "timePlayed": 1803,
      "totalHeal": 411,
      "totalUnitsHealed": 1,
      "assists": 3,
      "item0": 3191,
      "item1": 3128,
      "item2": 2041,
      "item3": 3100,
      "item4": 3135,
      "item5": 3158,
      "item6": 3340,
      "sightWardsBought": 1,
      "magicDamageDealtToChampions": 19246,
      "physicalDamageDealtToChampions": 3138,
      "totalDamageDealtToChampions": 23405,
      "trueDamageDealtPlayer": 2008,
      "trueDamageDealtToChampions": 1020,
      "trueDamageTaken": 402,
      "wardPlaced": 8,
      "neutralMinionsKilledEnemyJungle": 5,
      "neutralMinionsKilledYourJungle": 9,
      "totalTimeCrowdControlDealt": 411
    }
  },
  "30711708": {
    "gameId": 825985458,
    "invalid": false,
    "gameMode": "CLASSIC",
    "gameType": "MATCHED_GAME",
    "subType": "RANKED_SOLO_5x5",
    "mapId": 1,
    "teamId": 200,
    "championId": 25,
    "spell1": 4,
    "spell2": 3,
    "level": 30,
    "ipEarned": 237,
    "createDate": 1399031248441,
    "fellowPlayers": [
      {
        "summonerId": 29957684,
        "teamId": 200,
        "championId": 104
      },
      {
        "summonerId": 22656113,
        "teamId": 200,
        "championId": 105
      },
      {
        "summonerId": 33502813,
        "teamId": 100,
        "championId": 412
      },
      {
        "summonerId": 33286959,
        "teamId": 100,
        "championId": 222
      },
      {
        "summonerId": 26423336,
        "teamId": 100,
        "championId": 61
      },
      {
        "summonerId": 36593842,
        "teamId": 100,
        "championId": 54
      },
      {
        "summonerId": 38143753,
        "teamId": 200,
        "championId": 254
      },
      {
        "summonerId": 26663279,
        "teamId": 100,
        "championId": 5
      },
      {
        "summonerId": 24443517,
        "teamId": 200,
        "championId": 24
      }
    ],
    "stats": {
      "level": 14,
      "goldEarned": 9084,
      "numDeaths": 5,
      "minionsKilled": 9,
      "championsKilled": 1,
      "goldSpent": 8185,
      "totalDamageDealt": 17034,
      "totalDamageTaken": 13211,
      "team": 200,
      "win": true,
      "neutralMinionsKilled": 1,
      "largestMultiKill": 1,
      "physicalDamageDealtPlayer": 8217,
      "magicDamageDealtPlayer": 8817,
      "physicalDamageTaken": 7366,
      "magicDamageTaken": 5593,
      "timePlayed": 1803,
      "totalHeal": 140,
      "totalUnitsHealed": 1,
      "assists": 7,
      "item0": 3157,
      "item1": 3092,
      "item2": 2049,
      "item3": 2010,
      "item4": 3270,
      "item6": 3340,
      "sightWardsBought": 4,
      "magicDamageDealtToChampions": 5817,
      "physicalDamageDealtToChampions": 2048,
      "totalDamageDealtToChampions": 7865,
      "trueDamageTaken": 252,
      "wardKilled": 1,
      "wardPlaced": 20,
      "neutralMinionsKilledEnemyJungle": 1,
      "totalTimeCrowdControlDealt": 108
    }
  },
  "36593842": {
    "gameId": 825985458,
    "invalid": false,
    "gameMode": "CLASSIC",
    "gameType": "MATCHED_GAME",
    "subType": "RANKED_SOLO_5x5",
    "mapId": 1,
    "teamId": 100,
    "championId": 54,
    "spell1": 4,
    "spell2": 14,
    "level": 30,
    "ipEarned": 58,
    "createDate": 1399031248434,
    "fellowPlayers": [
      {
        "summonerId": 29957684,
        "teamId": 200,
        "championId": 104
      },
      {
        "summonerId": 22656113,
        "teamId": 200,
        "championId": 105
      },
      {
        "summonerId": 33502813,
        "teamId": 100,
        "championId": 412
      },
      {
        "summonerId": 33286959,
        "teamId": 100,
        "championId": 222
      },
      {
        "summonerId": 26423336,
        "teamId": 100,
        "championId": 61
      },
      {
        "summonerId": 38143753,
        "teamId": 200,
        "championId": 254
      },
      {
        "summonerId": 30711708,
        "teamId": 200,
        "championId": 25
      },
      {
        "summonerId": 26663279,
        "teamId": 100,
        "championId": 5
      },
      {
        "summonerId": 24443517,
        "teamId": 200,
        "championId": 24
      }
    ],
    "stats": {
      "level": 14,
      "goldEarned": 7351,
      "numDeaths": 3,
      "minionsKilled": 133,
      "goldSpent": 6545,
      "totalDamageDealt": 79254,
      "totalDamageTaken": 12176,
      "team": 100,
      "win": false,
      "neutralMinionsKilled": 5,
      "physicalDamageDealtPlayer": 33181,
      "magicDamageDealtPlayer": 44901,
      "physicalDamageTaken": 7344,
      "magicDamageTaken": 4263,
      "timePlayed": 1803,
      "totalHeal": 305,
      "totalUnitsHealed": 1,
      "assists": 7,
      "item0": 1056,
      "item1": 3047,
      "item2": 3110,
      "item3": 1057,
      "item4": 1011,
      "item5": 1031,
      "item6": 3340,
      "magicDamageDealtToChampions": 10109,
      "physicalDamageDealtToChampions": 2278,
      "totalDamageDealtToChampions": 13559,
      "trueDamageDealtPlayer": 1172,
      "trueDamageDealtToChampions": 1172,
      "trueDamageTaken": 567,
      "wardPlaced": 9,
      "neutralMinionsKilledEnemyJungle": 2,
      "neutralMinionsKilledYourJungle": 3,
      "totalTimeCrowdControlDealt": 1974
    }
  },
  "24443517": {
    "gameId": 825985458,
    "invalid": false,
    "gameMode": "CLASSIC",
    "gameType": "MATCHED_GAME",
    "subType": "RANKED_SOLO_5x5",
    "mapId": 1,
    "teamId": 200,
    "championId": 24,
    "spell1": 4,
    "spell2": 14,
    "level": 30,
    "ipEarned": 87,
    "createDate": 1399031248435,
    "fellowPlayers": [
      {
        "summonerId": 29957684,
        "teamId": 200,
        "championId": 104
      },
      {
        "summonerId": 22656113,
        "teamId": 200,
        "championId": 105
      },
      {
        "summonerId": 33502813,
        "teamId": 100,
        "championId": 412
      },
      {
        "summonerId": 33286959,
        "teamId": 100,
        "championId": 222
      },
      {
        "summonerId": 26423336,
        "teamId": 100,
        "championId": 61
      },
      {
        "summonerId": 36593842,
        "teamId": 100,
        "championId": 54
      },
      {
        "summonerId": 38143753,
        "teamId": 200,
        "championId": 254
      },
      {
        "summonerId": 30711708,
        "teamId": 200,
        "championId": 25
      },
      {
        "summonerId": 26663279,
        "teamId": 100,
        "championId": 5
      }
    ],
    "stats": {
      "level": 17,
      "goldEarned": 13276,
      "numDeaths": 2,
      "turretsKilled": 1,
      "minionsKilled": 208,
      "championsKilled": 7,
      "goldSpent": 12683,
      "totalDamageDealt": 133797,
      "totalDamageTaken": 24106,
      "doubleKills": 1,
      "killingSprees": 2,
      "largestKillingSpree": 5,
      "team": 200,
      "win": true,
      "neutralMinionsKilled": 19,
      "largestMultiKill": 2,
      "physicalDamageDealtPlayer": 111635,
      "magicDamageDealtPlayer": 21138,
      "physicalDamageTaken": 13977,
      "magicDamageTaken": 9024,
      "timePlayed": 1803,
      "totalHeal": 1327,
      "totalUnitsHealed": 1,
      "assists": 3,
      "item0": 3111,
      "item1": 3153,
      "item2": 3074,
      "item3": 3078,
      "item4": 1011,
      "item6": 3340,
      "magicDamageDealtToChampions": 2965,
      "physicalDamageDealtToChampions": 8012,
      "totalDamageDealtToChampions": 11504,
      "trueDamageDealtPlayer": 1024,
      "trueDamageDealtToChampions": 526,
      "trueDamageTaken": 1105,
      "wardPlaced": 8,
      "neutralMinionsKilledEnemyJungle": 5,
      "neutralMinionsKilledYourJungle": 14,
      "totalTimeCrowdControlDealt": 307
    }
  },
  "33286959": {
    "gameId": 825985458,
    "invalid": false,
    "gameMode": "CLASSIC",
    "gameType": "MATCHED_GAME",
    "subType": "RANKED_SOLO_5x5",
    "mapId": 1,
    "teamId": 100,
    "championId": 222,
    "spell1": 7,
    "spell2": 4,
    "level": 30,
    "ipEarned": 58,
    "createDate": 1399031248431,
    "fellowPlayers": [
      {
        "summonerId": 29957684,
        "teamId": 200,
        "championId": 104
      },
      {
        "summonerId": 22656113,
        "teamId": 200,
        "championId": 105
      },
      {
        "summonerId": 33502813,
        "teamId": 100,
        "championId": 412
      },
      {
        "summonerId": 26423336,
        "teamId": 100,
        "championId": 61
      },
      {
        "summonerId": 36593842,
        "teamId": 100,
        "championId": 54
      },
      {
        "summonerId": 38143753,
        "teamId": 200,
        "championId": 254
      },
      {
        "summonerId": 30711708,
        "teamId": 200,
        "championId": 25
      },
      {
        "summonerId": 26663279,
        "teamId": 100,
        "championId": 5
      },
      {
        "summonerId": 24443517,
        "teamId": 200,
        "championId": 24
      }
    ],
    "stats": {
      "level": 13,
      "goldEarned": 8437,
      "numDeaths": 9,
      "turretsKilled": 1,
      "minionsKilled": 128,
      "championsKilled": 4,
      "goldSpent": 7480,
      "totalDamageDealt": 70939,
      "totalDamageTaken": 19453,
      "team": 100,
      "win": false,
      "neutralMinionsKilled": 2,
      "largestMultiKill": 1,
      "physicalDamageDealtPlayer": 70296,
      "magicDamageDealtPlayer": 480,
      "physicalDamageTaken": 12737,
      "magicDamageTaken": 6385,
      "largestCriticalStrike": 400,
      "timePlayed": 1803,
      "totalHeal": 2921,
      "totalUnitsHealed": 4,
      "assists": 6,
      "item0": 1055,
      "item1": 3072,
      "item2": 3006,
      "item3": 3046,
      "item6": 3340,
      "magicDamageDealtToChampions": 218,
      "physicalDamageDealtToChampions": 12003,
      "totalDamageDealtToChampions": 12350,
      "trueDamageDealtPlayer": 162,
      "trueDamageDealtToChampions": 128,
      "trueDamageTaken": 329,
      "wardKilled": 1,
      "wardPlaced": 6,
      "neutralMinionsKilledYourJungle": 2,
      "totalTimeCrowdControlDealt": 106
    }
  },
  "29957684": {
    "gameId": 825985458,
    "invalid": false,
    "gameMode": "CLASSIC",
    "gameType": "MATCHED_GAME",
    "subType": "RANKED_SOLO_5x5",
    "mapId": 1,
    "teamId": 200,
    "championId": 104,
    "spell1": 7,
    "spell2": 4,
    "level": 30,
    "ipEarned": 87,
    "createDate": 1399031248439,
    "fellowPlayers": [
      {
        "summonerId": 22656113,
        "teamId": 200,
        "championId": 105
      },
      {
        "summonerId": 33502813,
        "teamId": 100,
        "championId": 412
      },
      {
        "summonerId": 33286959,
        "teamId": 100,
        "championId": 222
      },
      {
        "summonerId": 26423336,
        "teamId": 100,
        "championId": 61
      },
      {
        "summonerId": 36593842,
        "teamId": 100,
        "championId": 54
      },
      {
        "summonerId": 38143753,
        "teamId": 200,
        "championId": 254
      },
      {
        "summonerId": 30711708,
        "teamId": 200,
        "championId": 25
      },
      {
        "summonerId": 26663279,
        "teamId": 100,
        "championId": 5
      },
      {
        "summonerId": 24443517,
        "teamId": 200,
        "championId": 24
      }
    ],
    "stats": {
      "level": 16,
      "goldEarned": 12873,
      "numDeaths": 1,
      "barracksKilled": 1,
      "turretsKilled": 5,
      "minionsKilled": 199,
      "championsKilled": 5,
      "goldSpent": 10615,
      "totalDamageDealt": 155766,
      "totalDamageTaken": 14161,
      "killingSprees": 2,
      "largestKillingSpree": 3,
      "team": 200,
      "win": true,
      "neutralMinionsKilled": 9,
      "largestMultiKill": 1,
      "physicalDamageDealtPlayer": 154575,
      "magicDamageDealtPlayer": 817,
      "physicalDamageTaken": 10191,
      "magicDamageTaken": 3877,
      "largestCriticalStrike": 611,
      "timePlayed": 1803,
      "totalHeal": 1478,
      "totalUnitsHealed": 1,
      "assists": 6,
      "item0": 1055,
      "item1": 3072,
      "item2": 3252,
      "item4": 3046,
      "item5": 1038,
      "item6": 3340,
      "magicDamageDealtToChampions": 457,
      "physicalDamageDealtToChampions": 12277,
      "totalDamageDealtToChampions": 12734,
      "trueDamageDealtPlayer": 374,
      "trueDamageTaken": 93,
      "wardPlaced": 9,
      "neutralMinionsKilledEnemyJungle": 9,
      "totalTimeCrowdControlDealt": 136
    }
  },
  "26663279": {
    "gameId": 825985458,
    "invalid": false,
    "gameMode": "CLASSIC",
    "gameType": "MATCHED_GAME",
    "subType": "RANKED_SOLO_5x5",
    "mapId": 1,
    "teamId": 100,
    "championId": 5,
    "spell1": 4,
    "spell2": 11,
    "level": 30,
    "ipEarned": 58,
    "createDate": 1399031248428,
    "fellowPlayers": [
      {
        "summonerId": 29957684,
        "teamId": 200,
        "championId": 104
      },
      {
        "summonerId": 22656113,
        "teamId": 200,
        "championId": 105
      },
      {
        "summonerId": 33502813,
        "teamId": 100,
        "championId": 412
      },
      {
        "summonerId": 33286959,
        "teamId": 100,
        "championId": 222
      },
      {
        "summonerId": 26423336,
        "teamId": 100,
        "championId": 61
      },
      {
        "summonerId": 36593842,
        "teamId": 100,
        "championId": 54
      },
      {
        "summonerId": 38143753,
        "teamId": 200,
        "championId": 254
      },
      {
        "summonerId": 30711708,
        "teamId": 200,
        "championId": 25
      },
      {
        "summonerId": 24443517,
        "teamId": 200,
        "championId": 24
      }
    ],
    "stats": {
      "level": 14,
      "goldEarned": 7921,
      "numDeaths": 10,
      "minionsKilled": 8,
      "championsKilled": 4,
      "goldSpent": 7140,
      "totalDamageDealt": 110917,
      "totalDamageTaken": 29038,
      "killingSprees": 2,
      "largestKillingSpree": 2,
      "team": 100,
      "win": false,
      "neutralMinionsKilled": 92,
      "largestMultiKill": 1,
      "physicalDamageDealtPlayer": 52070,
      "magicDamageDealtPlayer": 49860,
      "physicalDamageTaken": 23587,
      "magicDamageTaken": 4661,
      "largestCriticalStrike": 318,
      "timePlayed": 1803,
      "totalHeal": 7456,
      "totalUnitsHealed": 1,
      "assists": 4,
      "item0": 3160,
      "item1": 3068,
      "item3": 3086,
      "item5": 3111,
      "item6": 3340,
      "magicDamageDealtToChampions": 2481,
      "physicalDamageDealtToChampions": 5693,
      "totalDamageDealtToChampions": 8390,
      "trueDamageDealtPlayer": 8988,
      "trueDamageDealtToChampions": 216,
      "trueDamageTaken": 789,
      "wardPlaced": 5,
      "neutralMinionsKilledEnemyJungle": 2,
      "neutralMinionsKilledYourJungle": 90,
      "totalTimeCrowdControlDealt": 516
    }
  },
  "26423336": {
    "gameId": 825985458,
    "invalid": false,
    "gameMode": "CLASSIC",
    "gameType": "MATCHED_GAME",
    "subType": "RANKED_SOLO_5x5",
    "mapId": 1,
    "teamId": 100,
    "championId": 61,
    "spell1": 4,
    "spell2": 14,
    "level": 30,
    "ipEarned": 58,
    "createDate": 1399031248430,
    "fellowPlayers": [
      {
        "summonerId": 29957684,
        "teamId": 200,
        "championId": 104
      },
      {
        "summonerId": 22656113,
        "teamId": 200,
        "championId": 105
      },
      {
        "summonerId": 33502813,
        "teamId": 100,
        "championId": 412
      },
      {
        "summonerId": 33286959,
        "teamId": 100,
        "championId": 222
      },
      {
        "summonerId": 36593842,
        "teamId": 100,
        "championId": 54
      },
      {
        "summonerId": 38143753,
        "teamId": 200,
        "championId": 254
      },
      {
        "summonerId": 30711708,
        "teamId": 200,
        "championId": 25
      },
      {
        "summonerId": 26663279,
        "teamId": 100,
        "championId": 5
      },
      {
        "summonerId": 24443517,
        "teamId": 200,
        "championId": 24
      }
    ],
    "stats": {
      "level": 14,
      "goldEarned": 8551,
      "numDeaths": 11,
      "minionsKilled": 152,
      "championsKilled": 3,
      "goldSpent": 7500,
      "totalDamageDealt": 80293,
      "totalDamageTaken": 16931,
      "killingSprees": 1,
      "largestKillingSpree": 2,
      "team": 100,
      "win": false,
      "neutralMinionsKilled": 1,
      "largestMultiKill": 1,
      "physicalDamageDealtPlayer": 6687,
      "magicDamageDealtPlayer": 73277,
      "physicalDamageTaken": 7572,
      "magicDamageTaken": 8681,
      "timePlayed": 1803,
      "assists": 5,
      "item0": 3157,
      "item1": 2003,
      "item2": 3174,
      "item3": 3020,
      "item4": 1056,
      "item6": 3340,
      "magicDamageDealtToChampions": 10986,
      "physicalDamageDealtToChampions": 852,
      "totalDamageDealtToChampions": 12167,
      "trueDamageDealtPlayer": 328,
      "trueDamageDealtToChampions": 328,
      "trueDamageTaken": 677,
      "wardPlaced": 9,
      "neutralMinionsKilledYourJungle": 1,
      "totalTimeCrowdControlDealt": 1325
    }
  },
  "38143753": {
    "gameId": 825985458,
    "invalid": false,
    "gameMode": "CLASSIC",
    "gameType": "MATCHED_GAME",
    "subType": "RANKED_SOLO_5x5",
    "mapId": 1,
    "teamId": 200,
    "championId": 254,
    "spell1": 4,
    "spell2": 11,
    "level": 30,
    "ipEarned": 87,
    "createDate": 1399031248438,
    "fellowPlayers": [
      {
        "summonerId": 29957684,
        "teamId": 200,
        "championId": 104
      },
      {
        "summonerId": 22656113,
        "teamId": 200,
        "championId": 105
      },
      {
        "summonerId": 33502813,
        "teamId": 100,
        "championId": 412
      },
      {
        "summonerId": 33286959,
        "teamId": 100,
        "championId": 222
      },
      {
        "summonerId": 26423336,
        "teamId": 100,
        "championId": 61
      },
      {
        "summonerId": 36593842,
        "teamId": 100,
        "championId": 54
      },
      {
        "summonerId": 30711708,
        "teamId": 200,
        "championId": 25
      },
      {
        "summonerId": 26663279,
        "teamId": 100,
        "championId": 5
      },
      {
        "summonerId": 24443517,
        "teamId": 200,
        "championId": 24
      }
    ],
    "stats": {
      "level": 17,
      "goldEarned": 13155,
      "numDeaths": 4,
      "turretsKilled": 1,
      "minionsKilled": 29,
      "championsKilled": 9,
      "goldSpent": 12025,
      "totalDamageDealt": 135961,
      "totalDamageTaken": 23031,
      "doubleKills": 1,
      "killingSprees": 2,
      "largestKillingSpree": 4,
      "team": 200,
      "win": true,
      "neutralMinionsKilled": 72,
      "largestMultiKill": 2,
      "physicalDamageDealtPlayer": 116578,
      "magicDamageDealtPlayer": 358,
      "physicalDamageTaken": 17595,
      "magicDamageTaken": 4948,
      "timePlayed": 1803,
      "totalHeal": 4583,
      "totalUnitsHealed": 1,
      "assists": 12,
      "item0": 3209,
      "item1": 3022,
      "item2": 3025,
      "item3": 3280,
      "item4": 1011,
      "item5": 3082,
      "item6": 3340,
      "physicalDamageDealtToChampions": 21149,
      "totalDamageDealtToChampions": 22688,
      "trueDamageDealtPlayer": 19024,
      "trueDamageDealtToChampions": 1538,
      "trueDamageTaken": 487,
      "wardPlaced": 5,
      "neutralMinionsKilledEnemyJungle": 25,
      "neutralMinionsKilledYourJungle": 47,
      "totalTimeCrowdControlDealt": 851
    }
  }
}