{
  "41393239": {
    "gameId": 825968638,
    "invalid": false,
    "gameMode": "CLASSIC",
    "gameType": "MATCHED_GAME",
    "subType": "NORMAL",
    "mapId": 1,
    "teamId": 100,
    "championId": 103,
    "spell1": 14,
    "spell2": 4,
    "level": 30,
    "ipEarned": 54,
    "createDate": 1399029158356,
    "fellowPlayers": [
      {
        "summonerId": 35884755,
        "teamId": 200,
        "championId": 25
      },
      {
        "summonerId": 40232019,
        "teamId": 100,
        "championId": 121
      },
      {
        "summonerId": 41293215,
        "teamId": 100,
        "championId": 51
      },
      {
        "summonerId": 37269107,
        "teamId": 200,
        "championId": 48
      },
      {
        "summonerId": 41571473,
        "teamId": 200,
        "championId": 61
      },
      {
        "summonerId": 25525037,
        "teamId": 200,
        "championId": 67
      },
      {
        "summonerId": 26944121,
        "teamId": 200,
        "championId": 121
      },
      {
        "summonerId": 35354374,
        "teamId": 100,
        "championId": 37
      },
      {
        "summonerId": 30672680,
        "teamId": 100,
        "championId": 254
      }
    ],
    "stats": {
      "level": 13,
      "goldEarned": 7628,
      "numDeaths": 4,
      "minionsKilled": 126,
      "championsKilled": 3,
      "goldSpent": 6875,
      "totalDamageDealt": 54177,
      "totalDamageTaken": 12541,
      "killingSprees": 1,
      "largestKillingSpree": 2,
      "team": 100,
      "win": false,
      "neutralMinionsKilled": 1,
      "largestMultiKill": 1,
      "physicalDamageDealtPlayer": 16936,
      "magicDamageDealtPlayer": 23318,
      "physicalDamageTaken": 6543,
      "magicDamageTaken": 5237,
      "timePlayed": 1632,
      "totalHeal": 1052,
      "totalUnitsHealed": 1,
      "assists": 1,
      "item0": 1056,
      "item1": 2003,
      "item2": 3174,
      "item3": 3020,
      "item4": 1058,
      "item5": 1026,
      "item6": 3340,
      "magicDamageDealtToChampions": 5541,
      "physicalDamageDealtToChampions": 1128,
      "totalDamageDealtToChampions": 9543,
      "trueDamageDealtPlayer": 13922,
      "trueDamageDealtToChampions": 2873,
      "trueDamageTaken": 760,
      "wardPlaced": 2,
      "neutralMinionsKilledYourJungle": 1,
      "totalTimeCrowdControlDealt": 16
    }
  },
  "summonerCount": 10,
  "41571473": {
    "gameId": 825968638,
    "invalid": false,
    "gameMode": "CLASSIC",
    "gameType": "MATCHED_GAME",
    "subType": "NORMAL",
    "mapId": 1,
    "teamId": 200,
    "championId": 61,
    "spell1": 7,
    "spell2": 4,
    "level": 30,
    "ipEarned": 80,
    "createDate": 1399029158361,
    "fellowPlayers": [
      {
        "summonerId": 41393239,
        "teamId": 100,
        "championId": 103
      },
      {
        "summonerId": 35884755,
        "teamId": 200,
        "championId": 25
      },
      {
        "summonerId": 40232019,
        "teamId": 100,
        "championId": 121
      },
      {
        "summonerId": 41293215,
        "teamId": 100,
        "championId": 51
      },
      {
        "summonerId": 37269107,
        "teamId": 200,
        "championId": 48
      },
      {
        "summonerId": 25525037,
        "teamId": 200,
        "championId": 67
      },
      {
        "summonerId": 26944121,
        "teamId": 200,
        "championId": 121
      },
      {
        "summonerId": 35354374,
        "teamId": 100,
        "championId": 37
      },
      {
        "summonerId": 30672680,
        "teamId": 100,
        "championId": 254
      }
    ],
    "stats": {
      "level": 15,
      "goldEarned": 10057,
      "numDeaths": 3,
      "turretsKilled": 1,
      "minionsKilled": 161,
      "championsKilled": 7,
      "goldSpent": 10360,
      "totalDamageDealt": 88645,
      "totalDamageTaken": 12306,
      "doubleKills": 2,
      "killingSprees": 1,
      "largestKillingSpree": 7,
      "team": 200,
      "win": true,
      "neutralMinionsKilled": 2,
      "largestMultiKill": 2,
      "physicalDamageDealtPlayer": 14758,
      "magicDamageDealtPlayer": 73886,
      "physicalDamageTaken": 7596,
      "magicDamageTaken": 3062,
      "timePlayed": 1632,
      "totalHeal": 1221,
      "totalUnitsHealed": 2,
      "assists": 5,
      "item0": 3089,
      "item1": 1052,
      "item2": 1011,
      "item3": 3255,
      "item4": 3174,
      "item6": 3340,
      "magicDamageDealtToChampions": 16280,
      "physicalDamageDealtToChampions": 830,
      "totalDamageDealtToChampions": 17111,
      "trueDamageTaken": 1647,
      "wardPlaced": 5,
      "neutralMinionsKilledEnemyJungle": 1,
      "neutralMinionsKilledYourJungle": 1,
      "totalTimeCrowdControlDealt": 1269
    }
  },
  "35354374": {
    "gameId": 825968638,
    "invalid": false,
    "gameMode": "CLASSIC",
    "gameType": "MATCHED_GAME",
    "subType": "NORMAL",
    "mapId": 1,
    "teamId": 100,
    "championId": 37,
    "spell1": 4,
    "spell2": 7,
    "level": 30,
    "ipEarned": 54,
    "createDate": 1399029158355,
    "fellowPlayers": [
      {
        "summonerId": 41393239,
        "teamId": 100,
        "championId": 103
      },
      {
        "summonerId": 35884755,
        "teamId": 200,
        "championId": 25
      },
      {
        "summonerId": 40232019,
        "teamId": 100,
        "championId": 121
      },
      {
        "summonerId": 41293215,
        "teamId": 100,
        "championId": 51
      },
      {
        "summonerId": 37269107,
        "teamId": 200,
        "championId": 48
      },
      {
        "summonerId": 41571473,
        "teamId": 200,
        "championId": 61
      },
      {
        "summonerId": 25525037,
        "teamId": 200,
        "championId": 67
      },
      {
        "summonerId": 26944121,
        "teamId": 200,
        "championId": 121
      },
      {
        "summonerId": 30672680,
        "teamId": 100,
        "championId": 254
      }
    ],
    "stats": {
      "level": 12,
      "goldEarned": 6929,
      "numDeaths": 5,
      "minionsKilled": 17,
      "goldSpent": 6265,
      "totalDamageDealt": 20556,
      "totalDamageTaken": 11576,
      "team": 100,
      "win": false,
      "physicalDamageDealtPlayer": 5509,
      "magicDamageDealtPlayer": 15046,
      "physicalDamageTaken": 5852,
      "magicDamageTaken": 5221,
      "timePlayed": 1632,
      "totalHeal": 5413,
      "totalUnitsHealed": 5,
      "assists": 9,
      "item0": 3303,
      "item1": 3100,
      "item2": 2045,
      "item6": 3341,
      "sightWardsBought": 7,
      "visionWardsBought": 1,
      "magicDamageDealtToChampions": 7231,
      "physicalDamageDealtToChampions": 2359,
      "totalDamageDealtToChampions": 9590,
      "trueDamageTaken": 502,
      "wardKilled": 2,
      "wardPlaced": 13,
      "totalTimeCrowdControlDealt": 20
    }
  },
  "41293215": {
    "gameId": 825968638,
    "invalid": false,
    "gameMode": "CLASSIC",
    "gameType": "MATCHED_GAME",
    "subType": "NORMAL",
    "mapId": 1,
    "teamId": 100,
    "championId": 51,
    "spell1": 7,
    "spell2": 4,
    "level": 30,
    "ipEarned": 54,
    "createDate": 1399029158354,
    "fellowPlayers": [
      {
        "summonerId": 41393239,
        "teamId": 100,
        "championId": 103
      },
      {
        "summonerId": 35884755,
        "teamId": 200,
        "championId": 25
      },
      {
        "summonerId": 40232019,
        "teamId": 100,
        "championId": 121
      },
      {
        "summonerId": 37269107,
        "teamId": 200,
        "championId": 48
      },
      {
        "summonerId": 41571473,
        "teamId": 200,
        "championId": 61
      },
      {
        "summonerId": 25525037,
        "teamId": 200,
        "championId": 67
      },
      {
        "summonerId": 26944121,
        "teamId": 200,
        "championId": 121
      },
      {
        "summonerId": 35354374,
        "teamId": 100,
        "championId": 37
      },
      {
        "summonerId": 30672680,
        "teamId": 100,
        "championId": 254
      }
    ],
    "stats": {
      "level": 13,
      "goldEarned": 8634,
      "numDeaths": 2,
      "turretsKilled": 1,
      "minionsKilled": 163,
      "championsKilled": 3,
      "goldSpent": 7445,
      "totalDamageDealt": 85546,
      "totalDamageTaken": 9183,
      "killingSprees": 1,
      "largestKillingSpree": 3,
      "team": 100,
      "win": false,
      "neutralMinionsKilled": 2,
      "largestMultiKill": 1,
      "physicalDamageDealtPlayer": 84514,
      "magicDamageDealtPlayer": 1032,
      "physicalDamageTaken": 4138,
      "magicDamageTaken": 4853,
      "largestCriticalStrike": 736,
      "timePlayed": 1632,
      "totalHeal": 1387,
      "totalUnitsHealed": 3,
      "assists": 5,
      "item0": 2003,
      "item1": 1055,
      "item2": 3072,
      "item3": 3006,
      "item4": 3046,
      "item6": 3340,
      "magicDamageDealtToChampions": 739,
      "physicalDamageDealtToChampions": 10516,
      "totalDamageDealtToChampions": 11256,
      "trueDamageTaken": 190,
      "wardPlaced": 6,
      "neutralMinionsKilledYourJungle": 2,
      "totalTimeCrowdControlDealt": 24
    }
  },
  "37269107": {
    "gameId": 825968638,
    "invalid": false,
    "gameMode": "CLASSIC",
    "gameType": "MATCHED_GAME",
    "subType": "NORMAL",
    "mapId": 1,
    "teamId": 200,
    "championId": 48,
    "spell1": 14,
    "spell2": 4,
    "level": 30,
    "ipEarned": 80,
    "createDate": 1399029158362,
    "fellowPlayers": [
      {
        "summonerId": 41393239,
        "teamId": 100,
        "championId": 103
      },
      {
        "summonerId": 35884755,
        "teamId": 200,
        "championId": 25
      },
      {
        "summonerId": 40232019,
        "teamId": 100,
        "championId": 121
      },
      {
        "summonerId": 41293215,
        "teamId": 100,
        "championId": 51
      },
      {
        "summonerId": 41571473,
        "teamId": 200,
        "championId": 61
      },
      {
        "summonerId": 25525037,
        "teamId": 200,
        "championId": 67
      },
      {
        "summonerId": 26944121,
        "teamId": 200,
        "championId": 121
      },
      {
        "summonerId": 35354374,
        "teamId": 100,
        "championId": 37
      },
      {
        "summonerId": 30672680,
        "teamId": 100,
        "championId": 254
      }
    ],
    "stats": {
      "level": 16,
      "goldEarned": 10950,
      "numDeaths": 3,
      "barracksKilled": 1,
      "turretsKilled": 4,
      "minionsKilled": 166,
      "championsKilled": 8,
      "goldSpent": 10168,
      "totalDamageDealt": 116586,
      "totalDamageTaken": 26830,
      "doubleKills": 1,
      "killingSprees": 1,
      "largestKillingSpree": 6,
      "team": 200,
      "win": true,
      "neutralMinionsKilled": 13,
      "largestMultiKill": 2,
      "physicalDamageDealtPlayer": 114243,
      "magicDamageDealtPlayer": 1600,
      "physicalDamageTaken": 21847,
      "magicDamageTaken": 3577,
      "largestCriticalStrike": 536,
      "timePlayed": 1632,
      "totalHeal": 6906,
      "totalUnitsHealed": 1,
      "assists": 7,
      "item0": 3153,
      "item1": 3078,
      "item2": 3260,
      "item3": 1055,
      "item4": 3082,
      "item6": 3340,
      "magicDamageDealtToChampions": 1600,
      "physicalDamageDealtToChampions": 14593,
      "totalDamageDealtToChampions": 16936,
      "trueDamageDealtPlayer": 743,
      "trueDamageDealtToChampions": 743,
      "trueDamageTaken": 1404,
      "wardPlaced": 5,
      "neutralMinionsKilledEnemyJungle": 7,
      "neutralMinionsKilledYourJungle": 6,
      "totalTimeCrowdControlDealt": 285
    }
  },
  "26944121": {
    "gameId": 825968638,
    "invalid": false,
    "gameMode": "CLASSIC",
    "gameType": "MATCHED_GAME",
    "subType": "NORMAL",
    "mapId": 1,
    "teamId": 200,
    "championId": 121,
    "spell1": 4,
    "spell2": 11,
    "level": 30,
    "ipEarned": 80,
    "createDate": 1399029158359,
    "fellowPlayers": [
      {
        "summonerId": 41393239,
        "teamId": 100,
        "championId": 103
      },
      {
        "summonerId": 35884755,
        "teamId": 200,
        "championId": 25
      },
      {
        "summonerId": 40232019,
        "teamId": 100,
        "championId": 121
      },
      {
        "summonerId": 41293215,
        "teamId": 100,
        "championId": 51
      },
      {
        "summonerId": 37269107,
        "teamId": 200,
        "championId": 48
      },
      {
        "summonerId": 41571473,
        "teamId": 200,
        "championId": 61
      },
      {
        "summonerId": 25525037,
        "teamId": 200,
        "championId": 67
      },
      {
        "summonerId": 35354374,
        "teamId": 100,
        "championId": 37
      },
      {
        "summonerId": 30672680,
        "teamId": 100,
        "championId": 254
      }
    ],
    "stats": {
      "level": 14,
      "goldEarned": 9011,
      "numDeaths": 1,
      "minionsKilled": 28,
      "championsKilled": 4,
      "goldSpent": 10377,
      "totalDamageDealt": 96082,
      "totalDamageTaken": 19863,
      "killingSprees": 1,
      "largestKillingSpree": 4,
      "team": 200,
      "win": true,
      "neutralMinionsKilled": 66,
      "largestMultiKill": 1,
      "physicalDamageDealtPlayer": 79774,
      "magicDamageDealtPlayer": 1377,
      "physicalDamageTaken": 16195,
      "magicDamageTaken": 2568,
      "timePlayed": 1632,
      "totalHeal": 6814,
      "totalUnitsHealed": 1,
      "assists": 10,
      "item0": 3035,
      "item1": 1038,
      "item2": 3209,
      "item3": 3117,
      "item4": 3134,
      "item6": 3340,
      "magicDamageDealtToChampions": 706,
      "physicalDamageDealtToChampions": 8510,
      "totalDamageDealtToChampions": 10425,
      "trueDamageDealtPlayer": 14931,
      "trueDamageDealtToChampions": 1209,
      "trueDamageTaken": 1098,
      "wardPlaced": 6,
      "neutralMinionsKilledEnemyJungle": 7,
      "neutralMinionsKilledYourJungle": 59,
      "totalTimeCrowdControlDealt": 640
    }
  },
  "30672680": {
    "gameId": 825968638,
    "invalid": false,
    "gameMode": "CLASSIC",
    "gameType": "MATCHED_GAME",
    "subType": "NORMAL",
    "mapId": 1,
    "teamId": 100,
    "championId": 254,
    "spell1": 14,
    "spell2": 4,
    "level": 30,
    "ipEarned": 54,
    "createDate": 1399029158358,
    "fellowPlayers": [
      {
        "summonerId": 41393239,
        "teamId": 100,
        "championId": 103
      },
      {
        "summonerId": 35884755,
        "teamId": 200,
        "championId": 25
      },
      {
        "summonerId": 40232019,
        "teamId": 100,
        "championId": 121
      },
      {
        "summonerId": 41293215,
        "teamId": 100,
        "championId": 51
      },
      {
        "summonerId": 37269107,
        "teamId": 200,
        "championId": 48
      },
      {
        "summonerId": 41571473,
        "teamId": 200,
        "championId": 61
      },
      {
        "summonerId": 25525037,
        "teamId": 200,
        "championId": 67
      },
      {
        "summonerId": 26944121,
        "teamId": 200,
        "championId": 121
      },
      {
        "summonerId": 35354374,
        "teamId": 100,
        "championId": 37
      }
    ],
    "stats": {
      "level": 13,
      "goldEarned": 8597,
      "numDeaths": 7,
      "turretsKilled": 1,
      "minionsKilled": 148,
      "championsKilled": 4,
      "goldSpent": 6470,
      "totalDamageDealt": 70775,
      "totalDamageTaken": 18619,
      "killingSprees": 1,
      "largestKillingSpree": 3,
      "team": 100,
      "win": false,
      "largestMultiKill": 1,
      "physicalDamageDealtPlayer": 69721,
      "physicalDamageTaken": 13897,
      "magicDamageTaken": 4035,
      "timePlayed": 1632,
      "item0": 3111,
      "item1": 3071,
      "item2": 1011,
      "item3": 1054,
      "item4": 1028,
      "item6": 3340,
      "sightWardsBought": 1,
      "physicalDamageDealtToChampions": 10376,
      "totalDamageDealtToChampions": 11430,
      "trueDamageDealtPlayer": 1054,
      "trueDamageDealtToChampions": 1054,
      "trueDamageTaken": 687,
      "wardPlaced": 8,
      "totalTimeCrowdControlDealt": 28
    }
  },
  "25525037": {
    "gameId": 825968638,
    "invalid": false,
    "gameMode": "CLASSIC",
    "gameType": "MATCHED_GAME",
    "subType": "NORMAL",
    "mapId": 1,
    "teamId": 200,
    "championId": 67,
    "spell1": 21,
    "spell2": 4,
    "level": 30,
    "ipEarned": 80,
    "createDate": 1399029158364,
    "fellowPlayers": [
      {
        "summonerId": 41393239,
        "teamId": 100,
        "championId": 103
      },
      {
        "summonerId": 35884755,
        "teamId": 200,
        "championId": 25
      },
      {
        "summonerId": 40232019,
        "teamId": 100,
        "championId": 121
      },
      {
        "summonerId": 41293215,
        "teamId": 100,
        "championId": 51
      },
      {
        "summonerId": 37269107,
        "teamId": 200,
        "championId": 48
      },
      {
        "summonerId": 41571473,
        "teamId": 200,
        "championId": 61
      },
      {
        "summonerId": 26944121,
        "teamId": 200,
        "championId": 121
      },
      {
        "summonerId": 35354374,
        "teamId": 100,
        "championId": 37
      },
      {
        "summonerId": 30672680,
        "teamId": 100,
        "championId": 254
      }
    ],
    "stats": {
      "level": 13,
      "goldEarned": 8981,
      "numDeaths": 3,
      "minionsKilled": 166,
      "championsKilled": 3,
      "goldSpent": 8025,
      "totalDamageDealt": 73479,
      "totalDamageTaken": 13806,
      "killingSprees": 1,
      "largestKillingSpree": 2,
      "team": 200,
      "win": true,
      "neutralMinionsKilled": 5,
      "largestMultiKill": 1,
      "physicalDamageDealtPlayer": 66970,
      "physicalDamageTaken": 10921,
      "magicDamageTaken": 2885,
      "largestCriticalStrike": 324,
      "timePlayed": 1632,
      "totalHeal": 535,
      "totalUnitsHealed": 1,
      "assists": 2,
      "item0": 3252,
      "item1": 3046,
      "item2": 3153,
      "item6": 3340,
      "physicalDamageDealtToChampions": 4869,
      "totalDamageDealtToChampions": 5405,
      "trueDamageDealtPlayer": 6509,
      "trueDamageDealtToChampions": 536,
      "wardPlaced": 6,
      "neutralMinionsKilledEnemyJungle": 2,
      "neutralMinionsKilledYourJungle": 3,
      "totalTimeCrowdControlDealt": 4
    }
  },
  "40232019": {
    "gameId": 825968638,
    "invalid": false,
    "gameMode": "CLASSIC",
    "gameType": "MATCHED_GAME",
    "subType": "NORMAL",
    "mapId": 1,
    "teamId": 100,
    "championId": 121,
    "spell1": 4,
    "spell2": 11,
    "level": 30,
    "ipEarned": 54,
    "createDate": 1399029158353,
    "fellowPlayers": [
      {
        "summonerId": 41393239,
        "teamId": 100,
        "championId": 103
      },
      {
        "summonerId": 35884755,
        "teamId": 200,
        "championId": 25
      },
      {
        "summonerId": 41293215,
        "teamId": 100,
        "championId": 51
      },
      {
        "summonerId": 37269107,
        "teamId": 200,
        "championId": 48
      },
      {
        "summonerId": 41571473,
        "teamId": 200,
        "championId": 61
      },
      {
        "summonerId": 25525037,
        "teamId": 200,
        "championId": 67
      },
      {
        "summonerId": 26944121,
        "teamId": 200,
        "championId": 121
      },
      {
        "summonerId": 35354374,
        "teamId": 100,
        "championId": 37
      },
      {
        "summonerId": 30672680,
        "teamId": 100,
        "championId": 254
      }
    ],
    "stats": {
      "level": 12,
      "goldEarned": 6533,
      "numDeaths": 4,
      "minionsKilled": 15,
      "championsKilled": 2,
      "goldSpent": 5767,
      "totalDamageDealt": 72953,
      "totalDamageTaken": 20602,
      "team": 100,
      "win": false,
      "neutralMinionsKilled": 49,
      "largestMultiKill": 1,
      "physicalDamageDealtPlayer": 64569,
      "magicDamageDealtPlayer": 1228,
      "physicalDamageTaken": 15358,
      "magicDamageTaken": 4355,
      "timePlayed": 1632,
      "totalHeal": 3574,
      "totalUnitsHealed": 1,
      "assists": 4,
      "item0": 3209,
      "item1": 1053,
      "item2": 3158,
      "item3": 3134,
      "item4": 2003,
      "item6": 3340,
      "magicDamageDealtToChampions": 628,
      "physicalDamageDealtToChampions": 7909,
      "totalDamageDealtToChampions": 8973,
      "trueDamageDealtPlayer": 7155,
      "trueDamageDealtToChampions": 436,
      "trueDamageTaken": 888,
      "wardPlaced": 5,
      "neutralMinionsKilledEnemyJungle": 5,
      "neutralMinionsKilledYourJungle": 44,
      "totalTimeCrowdControlDealt": 281
    }
  },
  "35884755": {
    "gameId": 825968638,
    "invalid": false,
    "gameMode": "CLASSIC",
    "gameType": "MATCHED_GAME",
    "subType": "NORMAL",
    "mapId": 1,
    "teamId": 200,
    "championId": 25,
    "spell1": 4,
    "spell2": 7,
    "level": 30,
    "ipEarned": 80,
    "createDate": 1399029158360,
    "fellowPlayers": [
      {
        "summonerId": 41393239,
        "teamId": 100,
        "championId": 103
      },
      {
        "summonerId": 40232019,
        "teamId": 100,
        "championId": 121
      },
      {
        "summonerId": 41293215,
        "teamId": 100,
        "championId": 51
      },
      {
        "summonerId": 37269107,
        "teamId": 200,
        "championId": 48
      },
      {
        "summonerId": 41571473,
        "teamId": 200,
        "championId": 61
      },
      {
        "summonerId": 25525037,
        "teamId": 200,
        "championId": 67
      },
      {
        "summonerId": 26944121,
        "teamId": 200,
        "championId": 121
      },
      {
        "summonerId": 35354374,
        "teamId": 100,
        "championId": 37
      },
      {
        "summonerId": 30672680,
        "teamId": 100,
        "championId": 254
      }
    ],
    "stats": {
      "level": 12,
      "goldEarned": 6525,
      "numDeaths": 2,
      "turretsKilled": 1,
      "minionsKilled": 10,
      "goldSpent": 5720,
      "totalDamageDealt": 13505,
      "totalDamageTaken": 6426,
      "team": 200,
      "win": true,
      "physicalDamageDealtPlayer": 2340,
      "magicDamageDealtPlayer": 11164,
      "physicalDamageTaken": 4166,
      "magicDamageTaken": 2046,
      "timePlayed": 1632,
      "totalHeal": 1704,
      "totalUnitsHealed": 3,
      "assists": 6,
      "item0": 3117,
      "item1": 2010,
      "item2": 2004,
      "item3": 3092,
      "item4": 2049,
      "item5": 1058,
      "item6": 3340,
      "sightWardsBought": 1,
      "magicDamageDealtToChampions": 5116,
      "physicalDamageDealtToChampions": 297,
      "totalDamageDealtToChampions": 5414,
      "trueDamageTaken": 212,
      "wardPlaced": 10,
      "totalTimeCrowdControlDealt": 71
    }
  }
}