{
  "32684134": {
    "gameId": 825985605,
    "invalid": false,
    "gameMode": "CLASSIC",
    "gameType": "MATCHED_GAME",
    "subType": "RANKED_SOLO_5x5",
    "mapId": 1,
    "teamId": 200,
    "championId": 29,
    "spell1": 7,
    "spell2": 4,
    "level": 30,
    "ipEarned": 51,
    "createDate": 1399030957163,
    "fellowPlayers": [
      {
        "summonerId": 27155635,
        "teamId": 200,
        "championId": 56
      },
      {
        "summonerId": 27788987,
        "teamId": 100,
        "championId": 58
      },
      {
        "summonerId": 24308454,
        "teamId": 200,
        "championId": 31
      },
      {
        "summonerId": 25132382,
        "teamId": 100,
        "championId": 117
      },
      {
        "summonerId": 34063646,
        "teamId": 100,
        "championId": 254
      },
      {
        "summonerId": 33523948,
        "teamId": 200,
        "championId": 25
      },
      {
        "summonerId": 23465295,
        "teamId": 200,
        "championId": 238
      },
      {
        "summonerId": 42665745,
        "teamId": 100,
        "championId": 115
      },
      {
        "summonerId": 19528625,
        "teamId": 100,
        "championId": 81
      }
    ],
    "stats": {
      "level": 10,
      "goldEarned": 5139,
      "numDeaths": 9,
      "minionsKilled": 79,
      "championsKilled": 1,
      "goldSpent": 4035,
      "totalDamageDealt": 36741,
      "totalDamageTaken": 17360,
      "team": 200,
      "win": false,
      "neutralMinionsKilled": 1,
      "largestMultiKill": 1,
      "physicalDamageDealtPlayer": 32193,
      "magicDamageDealtPlayer": 66,
      "physicalDamageTaken": 11180,
      "magicDamageTaken": 5893,
      "timePlayed": 1415,
      "totalHeal": 2033,
      "totalUnitsHealed": 3,
      "assists": 1,
      "item0": 3250,
      "item1": 3144,
      "item2": 1055,
      "item3": 1042,
      "item6": 3340,
      "magicDamageDealtToChampions": 66,
      "physicalDamageDealtToChampions": 4618,
      "totalDamageDealtToChampions": 6590,
      "trueDamageDealtPlayer": 4482,
      "trueDamageDealtToChampions": 1906,
      "trueDamageTaken": 286,
      "wardPlaced": 9,
      "neutralMinionsKilledEnemyJungle": 1,
      "totalTimeCrowdControlDealt": 202
    }
  },
  "summonerCount": 10,
  "25132382": {
    "gameId": 825985605,
    "invalid": false,
    "gameMode": "CLASSIC",
    "gameType": "MATCHED_GAME",
    "subType": "RANKED_SOLO_5x5",
    "mapId": 1,
    "teamId": 100,
    "championId": 117,
    "spell1": 14,
    "spell2": 4,
    "level": 30,
    "ipEarned": 76,
    "createDate": 1399030957156,
    "fellowPlayers": [
      {
        "summonerId": 27155635,
        "teamId": 200,
        "championId": 56
      },
      {
        "summonerId": 27788987,
        "teamId": 100,
        "championId": 58
      },
      {
        "summonerId": 24308454,
        "teamId": 200,
        "championId": 31
      },
      {
        "summonerId": 34063646,
        "teamId": 100,
        "championId": 254
      },
      {
        "summonerId": 32684134,
        "teamId": 200,
        "championId": 29
      },
      {
        "summonerId": 33523948,
        "teamId": 200,
        "championId": 25
      },
      {
        "summonerId": 23465295,
        "teamId": 200,
        "championId": 238
      },
      {
        "summonerId": 42665745,
        "teamId": 100,
        "championId": 115
      },
      {
        "summonerId": 19528625,
        "teamId": 100,
        "championId": 81
      }
    ],
    "stats": {
      "level": 11,
      "goldEarned": 7002,
      "numDeaths": 2,
      "championsKilled": 1,
      "goldSpent": 5550,
      "totalDamageDealt": 12415,
      "totalDamageTaken": 8530,
      "team": 100,
      "win": true,
      "largestMultiKill": 1,
      "physicalDamageDealtPlayer": 3821,
      "magicDamageDealtPlayer": 8053,
      "physicalDamageTaken": 5906,
      "magicDamageTaken": 1409,
      "timePlayed": 1415,
      "totalHeal": 712,
      "totalUnitsHealed": 2,
      "assists": 12,
      "item1": 2045,
      "item2": 3222,
      "item3": 3098,
      "item4": 3117,
      "item5": 1027,
      "item6": 3340,
      "sightWardsBought": 1,
      "magicDamageDealtToChampions": 2784,
      "physicalDamageDealtToChampions": 1951,
      "totalDamageDealtToChampions": 5276,
      "trueDamageDealtPlayer": 540,
      "trueDamageDealtToChampions": 540,
      "trueDamageTaken": 1215,
      "wardPlaced": 12,
      "totalTimeCrowdControlDealt": 121
    }
  },
  "23465295": {
    "gameId": 825985605,
    "invalid": false,
    "gameMode": "CLASSIC",
    "gameType": "MATCHED_GAME",
    "subType": "RANKED_SOLO_5x5",
    "mapId": 1,
    "teamId": 200,
    "championId": 238,
    "spell1": 4,
    "spell2": 14,
    "level": 30,
    "ipEarned": 51,
    "createDate": 1399030957160,
    "fellowPlayers": [
      {
        "summonerId": 27155635,
        "teamId": 200,
        "championId": 56
      },
      {
        "summonerId": 27788987,
        "teamId": 100,
        "championId": 58
      },
      {
        "summonerId": 24308454,
        "teamId": 200,
        "championId": 31
      },
      {
        "summonerId": 25132382,
        "teamId": 100,
        "championId": 117
      },
      {
        "summonerId": 34063646,
        "teamId": 100,
        "championId": 254
      },
      {
        "summonerId": 32684134,
        "teamId": 200,
        "championId": 29
      },
      {
        "summonerId": 33523948,
        "teamId": 200,
        "championId": 25
      },
      {
        "summonerId": 42665745,
        "teamId": 100,
        "championId": 115
      },
      {
        "summonerId": 19528625,
        "teamId": 100,
        "championId": 81
      }
    ],
    "stats": {
      "level": 9,
      "goldEarned": 4149,
      "numDeaths": 6,
      "minionsKilled": 49,
      "championsKilled": 1,
      "goldSpent": 3585,
      "totalDamageDealt": 27963,
      "totalDamageTaken": 9649,
      "team": 200,
      "win": false,
      "neutralMinionsKilled": 2,
      "largestMultiKill": 1,
      "physicalDamageDealtPlayer": 25911,
      "magicDamageDealtPlayer": 1610,
      "physicalDamageTaken": 3687,
      "magicDamageTaken": 5803,
      "timePlayed": 1415,
      "item0": 3153,
      "item3": 2003,
      "item6": 3340,
      "magicDamageDealtToChampions": 192,
      "physicalDamageDealtToChampions": 3560,
      "totalDamageDealtToChampions": 4194,
      "trueDamageDealtPlayer": 442,
      "trueDamageDealtToChampions": 442,
      "trueDamageTaken": 158,
      "wardPlaced": 6,
      "neutralMinionsKilledYourJungle": 2,
      "totalTimeCrowdControlDealt": 72
    }
  },
  "42665745": {
    "gameId": 825985605,
    "invalid": false,
    "gameMode": "CLASSIC",
    "gameType": "MATCHED_GAME",
    "subType": "RANKED_SOLO_5x5",
    "mapId": 1,
    "teamId": 100,
    "championId": 115,
    "spell1": 7,
    "spell2": 4,
    "level": 30,
    "ipEarned": 76,
    "createDate": 1399030957152,
    "fellowPlayers": [
      {
        "summonerId": 27155635,
        "teamId": 200,
        "championId": 56
      },
      {
        "summonerId": 27788987,
        "teamId": 100,
        "championId": 58
      },
      {
        "summonerId": 24308454,
        "teamId": 200,
        "championId": 31
      },
      {
        "summonerId": 25132382,
        "teamId": 100,
        "championId": 117
      },
      {
        "summonerId": 34063646,
        "teamId": 100,
        "championId": 254
      },
      {
        "summonerId": 32684134,
        "teamId": 200,
        "championId": 29
      },
      {
        "summonerId": 33523948,
        "teamId": 200,
        "championId": 25
      },
      {
        "summonerId": 23465295,
        "teamId": 200,
        "championId": 238
      },
      {
        "summonerId": 19528625,
        "teamId": 100,
        "championId": 81
      }
    ],
    "stats": {
      "level": 14,
      "goldEarned": 10455,
      "numDeaths": 2,
      "turretsKilled": 1,
      "minionsKilled": 165,
      "championsKilled": 10,
      "goldSpent": 8645,
      "totalDamageDealt": 111963,
      "totalDamageTaken": 10262,
      "killingSprees": 3,
      "largestKillingSpree": 4,
      "team": 100,
      "win": true,
      "neutralMinionsKilled": 8,
      "largestMultiKill": 1,
      "physicalDamageDealtPlayer": 17867,
      "magicDamageDealtPlayer": 93772,
      "physicalDamageTaken": 7294,
      "magicDamageTaken": 2325,
      "timePlayed": 1415,
      "totalHeal": 1921,
      "totalUnitsHealed": 2,
      "assists": 6,
      "item0": 3157,
      "item1": 3174,
      "item2": 1056,
      "item3": 3020,
      "item4": 1026,
      "item6": 3340,
      "magicDamageDealtToChampions": 20745,
      "physicalDamageDealtToChampions": 2641,
      "totalDamageDealtToChampions": 23567,
      "trueDamageDealtPlayer": 324,
      "trueDamageDealtToChampions": 180,
      "trueDamageTaken": 642,
      "wardPlaced": 3,
      "neutralMinionsKilledEnemyJungle": 3,
      "neutralMinionsKilledYourJungle": 5,
      "totalTimeCrowdControlDealt": 351
    }
  },
  "33523948": {
    "gameId": 825985605,
    "invalid": false,
    "gameMode": "CLASSIC",
    "gameType": "MATCHED_GAME",
    "subType": "RANKED_SOLO_5x5",
    "mapId": 1,
    "teamId": 200,
    "championId": 25,
    "spell1": 3,
    "spell2": 4,
    "level": 30,
    "ipEarned": 51,
    "createDate": 1399030957162,
    "fellowPlayers": [
      {
        "summonerId": 27155635,
        "teamId": 200,
        "championId": 56
      },
      {
        "summonerId": 27788987,
        "teamId": 100,
        "championId": 58
      },
      {
        "summonerId": 24308454,
        "teamId": 200,
        "championId": 31
      },
      {
        "summonerId": 25132382,
        "teamId": 100,
        "championId": 117
      },
      {
        "summonerId": 34063646,
        "teamId": 100,
        "championId": 254
      },
      {
        "summonerId": 32684134,
        "teamId": 200,
        "championId": 29
      },
      {
        "summonerId": 23465295,
        "teamId": 200,
        "championId": 238
      },
      {
        "summonerId": 42665745,
        "teamId": 100,
        "championId": 115
      },
      {
        "summonerId": 19528625,
        "teamId": 100,
        "championId": 81
      }
    ],
    "stats": {
      "level": 10,
      "goldEarned": 5071,
      "numDeaths": 4,
      "minionsKilled": 33,
      "goldSpent": 4515,
      "totalDamageDealt": 18902,
      "totalDamageTaken": 14697,
      "team": 200,
      "win": false,
      "physicalDamageDealtPlayer": 5174,
      "magicDamageDealtPlayer": 13728,
      "physicalDamageTaken": 7618,
      "magicDamageTaken": 6722,
      "timePlayed": 1415,
      "totalHeal": 578,
      "totalUnitsHealed": 1,
      "assists": 2,
      "item0": 3069,
      "item1": 2010,
      "item2": 2045,
      "item5": 1001,
      "item6": 3341,
      "sightWardsBought": 1,
      "magicDamageDealtToChampions": 3430,
      "physicalDamageDealtToChampions": 988,
      "totalDamageDealtToChampions": 4419,
      "trueDamageTaken": 356,
      "wardPlaced": 11,
      "totalTimeCrowdControlDealt": 116
    }
  },
  "27788987": {
    "gameId": 825985605,
    "invalid": false,
    "gameMode": "CLASSIC",
    "gameType": "MATCHED_GAME",
    "subType": "RANKED_SOLO_5x5",
    "mapId": 1,
    "teamId": 100,
    "championId": 58,
    "spell1": 4,
    "spell2": 14,
    "level": 30,
    "ipEarned": 226,
    "createDate": 1399030957155,
    "fellowPlayers": [
      {
        "summonerId": 27155635,
        "teamId": 200,
        "championId": 56
      },
      {
        "summonerId": 24308454,
        "teamId": 200,
        "championId": 31
      },
      {
        "summonerId": 25132382,
        "teamId": 100,
        "championId": 117
      },
      {
        "summonerId": 34063646,
        "teamId": 100,
        "championId": 254
      },
      {
        "summonerId": 32684134,
        "teamId": 200,
        "championId": 29
      },
      {
        "summonerId": 33523948,
        "teamId": 200,
        "championId": 25
      },
      {
        "summonerId": 23465295,
        "teamId": 200,
        "championId": 238
      },
      {
        "summonerId": 42665745,
        "teamId": 100,
        "championId": 115
      },
      {
        "summonerId": 19528625,
        "teamId": 100,
        "championId": 81
      }
    ],
    "stats": {
      "level": 15,
      "goldEarned": 10863,
      "numDeaths": 2,
      "turretsKilled": 1,
      "minionsKilled": 205,
      "championsKilled": 9,
      "goldSpent": 10460,
      "totalDamageDealt": 124102,
      "totalDamageTaken": 22928,
      "killingSprees": 3,
      "largestKillingSpree": 4,
      "team": 100,
      "win": true,
      "neutralMinionsKilled": 7,
      "largestMultiKill": 1,
      "physicalDamageDealtPlayer": 117687,
      "magicDamageDealtPlayer": 5802,
      "physicalDamageTaken": 15075,
      "magicDamageTaken": 6104,
      "timePlayed": 1415,
      "totalHeal": 5114,
      "totalUnitsHealed": 1,
      "assists": 2,
      "item0": 1055,
      "item1": 3068,
      "item2": 3074,
      "item3": 1001,
      "item4": 1054,
      "item5": 3156,
      "item6": 3340,
      "magicDamageDealtToChampions": 1766,
      "physicalDamageDealtToChampions": 17370,
      "totalDamageDealtToChampions": 19749,
      "trueDamageDealtPlayer": 612,
      "trueDamageDealtToChampions": 612,
      "trueDamageTaken": 1748,
      "wardPlaced": 5,
      "neutralMinionsKilledEnemyJungle": 7,
      "totalTimeCrowdControlDealt": 37
    }
  },
  "34063646": {
    "gameId": 825985605,
    "invalid": false,
    "gameMode": "CLASSIC",
    "gameType": "MATCHED_GAME",
    "subType": "RANKED_SOLO_5x5",
    "mapId": 1,
    "teamId": 100,
    "championId": 254,
    "spell1": 11,
    "spell2": 4,
    "level": 30,
    "ipEarned": 76,
    "createDate": 1399030957153,
    "fellowPlayers": [
      {
        "summonerId": 27155635,
        "teamId": 200,
        "championId": 56
      },
      {
        "summonerId": 27788987,
        "teamId": 100,
        "championId": 58
      },
      {
        "summonerId": 24308454,
        "teamId": 200,
        "championId": 31
      },
      {
        "summonerId": 25132382,
        "teamId": 100,
        "championId": 117
      },
      {
        "summonerId": 32684134,
        "teamId": 200,
        "championId": 29
      },
      {
        "summonerId": 33523948,
        "teamId": 200,
        "championId": 25
      },
      {
        "summonerId": 23465295,
        "teamId": 200,
        "championId": 238
      },
      {
        "summonerId": 42665745,
        "teamId": 100,
        "championId": 115
      },
      {
        "summonerId": 19528625,
        "teamId": 100,
        "championId": 81
      }
    ],
    "stats": {
      "level": 13,
      "goldEarned": 7477,
      "numDeaths": 1,
      "turretsKilled": 2,
      "minionsKilled": 30,
      "goldSpent": 7402,
      "totalDamageDealt": 90385,
      "totalDamageTaken": 12467,
      "team": 100,
      "win": true,
      "neutralMinionsKilled": 63,
      "physicalDamageDealtPlayer": 80363,
      "magicDamageDealtPlayer": 1829,
      "physicalDamageTaken": 11577,
      "magicDamageTaken": 182,
      "timePlayed": 1415,
      "totalHeal": 2434,
      "totalUnitsHealed": 1,
      "assists": 7,
      "item0": 3207,
      "item1": 3047,
      "item2": 2003,
      "item3": 3134,
      "item4": 1011,
      "item5": 1028,
      "item6": 3340,
      "sightWardsBought": 3,
      "visionWardsBought": 1,
      "physicalDamageDealtToChampions": 3748,
      "totalDamageDealtToChampions": 4048,
      "trueDamageDealtPlayer": 8192,
      "trueDamageDealtToChampions": 300,
      "trueDamageTaken": 708,
      "wardKilled": 1,
      "wardPlaced": 9,
      "neutralMinionsKilledEnemyJungle": 15,
      "neutralMinionsKilledYourJungle": 48,
      "totalTimeCrowdControlDealt": 341
    }
  },
  "19528625": {
    "gameId": 825985605,
    "invalid": false,
    "gameMode": "CLASSIC",
    "gameType": "MATCHED_GAME",
    "subType": "RANKED_SOLO_5x5",
    "mapId": 1,
    "teamId": 100,
    "championId": 81,
    "spell1": 4,
    "spell2": 7,
    "level": 30,
    "ipEarned": 76,
    "createDate": 1399030957158,
    "fellowPlayers": [
      {
        "summonerId": 27155635,
        "teamId": 200,
        "championId": 56
      },
      {
        "summonerId": 27788987,
        "teamId": 100,
        "championId": 58
      },
      {
        "summonerId": 24308454,
        "teamId": 200,
        "championId": 31
      },
      {
        "summonerId": 25132382,
        "teamId": 100,
        "championId": 117
      },
      {
        "summonerId": 34063646,
        "teamId": 100,
        "championId": 254
      },
      {
        "summonerId": 32684134,
        "teamId": 200,
        "championId": 29
      },
      {
        "summonerId": 33523948,
        "teamId": 200,
        "championId": 25
      },
      {
        "summonerId": 23465295,
        "teamId": 200,
        "championId": 238
      },
      {
        "summonerId": 42665745,
        "teamId": 100,
        "championId": 115
      }
    ],
    "stats": {
      "level": 12,
      "goldEarned": 9209,
      "numDeaths": 1,
      "turretsKilled": 1,
      "minionsKilled": 136,
      "championsKilled": 9,
      "goldSpent": 7905,
      "totalDamageDealt": 67129,
      "totalDamageTaken": 6883,
      "doubleKills": 1,
      "killingSprees": 2,
      "largestKillingSpree": 6,
      "team": 100,
      "win": true,
      "neutralMinionsKilled": 1,
      "largestMultiKill": 2,
      "physicalDamageDealtPlayer": 59129,
      "magicDamageDealtPlayer": 7999,
      "physicalDamageTaken": 5439,
      "magicDamageTaken": 1069,
      "largestCriticalStrike": 538,
      "timePlayed": 1415,
      "totalHeal": 1187,
      "totalUnitsHealed": 3,
      "assists": 5,
      "item0": 3072,
      "item1": 3006,
      "item2": 3025,
      "item3": 1018,
      "item6": 3341,
      "magicDamageDealtToChampions": 2395,
      "physicalDamageDealtToChampions": 14102,
      "totalDamageDealtToChampions": 16498,
      "trueDamageTaken": 374,
      "wardKilled": 1,
      "neutralMinionsKilledYourJungle": 1,
      "totalTimeCrowdControlDealt": 91
    }
  },
  "27155635": {
    "gameId": 825985605,
    "invalid": false,
    "gameMode": "CLASSIC",
    "gameType": "MATCHED_GAME",
    "subType": "RANKED_SOLO_5x5",
    "mapId": 1,
    "teamId": 200,
    "championId": 56,
    "spell1": 11,
    "spell2": 4,
    "level": 30,
    "ipEarned": 51,
    "createDate": 1399030957159,
    "fellowPlayers": [
      {
        "summonerId": 27788987,
        "teamId": 100,
        "championId": 58
      },
      {
        "summonerId": 24308454,
        "teamId": 200,
        "championId": 31
      },
      {
        "summonerId": 25132382,
        "teamId": 100,
        "championId": 117
      },
      {
        "summonerId": 34063646,
        "teamId": 100,
        "championId": 254
      },
      {
        "summonerId": 32684134,
        "teamId": 200,
        "championId": 29
      },
      {
        "summonerId": 33523948,
        "teamId": 200,
        "championId": 25
      },
      {
        "summonerId": 23465295,
        "teamId": 200,
        "championId": 238
      },
      {
        "summonerId": 42665745,
        "teamId": 100,
        "championId": 115
      },
      {
        "summonerId": 19528625,
        "teamId": 100,
        "championId": 81
      }
    ],
    "stats": {
      "level": 13,
      "goldEarned": 8051,
      "numDeaths": 2,
      "minionsKilled": 42,
      "championsKilled": 5,
      "goldSpent": 7815,
      "totalDamageDealt": 114229,
      "totalDamageTaken": 19898,
      "killingSprees": 1,
      "largestKillingSpree": 5,
      "team": 200,
      "win": false,
      "neutralMinionsKilled": 72,
      "largestMultiKill": 1,
      "physicalDamageDealtPlayer": 84724,
      "magicDamageDealtPlayer": 17672,
      "physicalDamageTaken": 13240,
      "magicDamageTaken": 6541,
      "timePlayed": 1415,
      "totalHeal": 4630,
      "totalUnitsHealed": 1,
      "assists": 1,
      "item0": 3143,
      "item1": 3144,
      "item2": 3154,
      "item3": 3006,
      "item4": 1042,
      "item6": 3340,
      "magicDamageDealtToChampions": 799,
      "physicalDamageDealtToChampions": 8734,
      "totalDamageDealtToChampions": 10248,
      "trueDamageDealtPlayer": 11832,
      "trueDamageDealtToChampions": 714,
      "trueDamageTaken": 116,
      "wardPlaced": 10,
      "neutralMinionsKilledEnemyJungle": 9,
      "neutralMinionsKilledYourJungle": 63,
      "totalTimeCrowdControlDealt": 793
    }
  },
  "24308454": {
    "gameId": 825985605,
    "invalid": false,
    "gameMode": "CLASSIC",
    "gameType": "MATCHED_GAME",
    "subType": "RANKED_SOLO_5x5",
    "mapId": 1,
    "teamId": 200,
    "championId": 31,
    "spell1": 4,
    "spell2": 14,
    "level": 30,
    "ipEarned": 51,
    "createDate": 1399030957164,
    "fellowPlayers": [
      {
        "summonerId": 27155635,
        "teamId": 200,
        "championId": 56
      },
      {
        "summonerId": 27788987,
        "teamId": 100,
        "championId": 58
      },
      {
        "summonerId": 25132382,
        "teamId": 100,
        "championId": 117
      },
      {
        "summonerId": 34063646,
        "teamId": 100,
        "championId": 254
      },
      {
        "summonerId": 32684134,
        "teamId": 200,
        "championId": 29
      },
      {
        "summonerId": 33523948,
        "teamId": 200,
        "championId": 25
      },
      {
        "summonerId": 23465295,
        "teamId": 200,
        "championId": 238
      },
      {
        "summonerId": 42665745,
        "teamId": 100,
        "championId": 115
      },
      {
        "summonerId": 19528625,
        "teamId": 100,
        "championId": 81
      }
    ],
    "stats": {
      "level": 13,
      "goldEarned": 6252,
      "numDeaths": 8,
      "minionsKilled": 102,
      "championsKilled": 1,
      "goldSpent": 5720,
      "totalDamageDealt": 74469,
      "totalDamageTaken": 24147,
      "team": 200,
      "win": false,
      "neutralMinionsKilled": 5,
      "largestMultiKill": 1,
      "physicalDamageDealtPlayer": 11765,
      "magicDamageDealtPlayer": 52093,
      "physicalDamageTaken": 20701,
      "magicDamageTaken": 2730,
      "timePlayed": 1415,
      "totalHeal": 4933,
      "totalUnitsHealed": 1,
      "assists": 3,
      "item0": 1001,
      "item1": 1054,
      "item2": 1029,
      "item3": 1056,
      "item4": 3082,
      "item5": 3027,
      "item6": 3340,
      "magicDamageDealtToChampions": 6602,
      "physicalDamageDealtToChampions": 957,
      "totalDamageDealtToChampions": 8839,
      "trueDamageDealtPlayer": 10610,
      "trueDamageDealtToChampions": 1280,
      "trueDamageTaken": 716,
      "wardPlaced": 7,
      "neutralMinionsKilledYourJungle": 5,
      "totalTimeCrowdControlDealt": 339
    }
  }
}