{
  "38133866": {
    "gameId": 825984991,
    "invalid": false,
    "gameMode": "CLASSIC",
    "gameType": "MATCHED_GAME",
    "subType": "RANKED_SOLO_5x5",
    "mapId": 1,
    "teamId": 200,
    "championId": 56,
    "spell1": 11,
    "spell2": 4,
    "level": 30,
    "ipEarned": 68,
    "createDate": 1399031722944,
    "fellowPlayers": [
      {
        "summonerId": 19316781,
        "teamId": 100,
        "championId": 43
      },
      {
        "summonerId": 35304351,
        "teamId": 100,
        "championId": 19
      },
      {
        "summonerId": 35076513,
        "teamId": 200,
        "championId": 10
      },
      {
        "summonerId": 19723340,
        "teamId": 200,
        "championId": 25
      },
      {
        "summonerId": 30675887,
        "teamId": 200,
        "championId": 81
      },
      {
        "summonerId": 43474802,
        "teamId": 200,
        "championId": 2
      },
      {
        "summonerId": 35831477,
        "teamId": 100,
        "championId": 77
      },
      {
        "summonerId": 30488823,
        "teamId": 100,
        "championId": 21
      },
      {
        "summonerId": 35727459,
        "teamId": 100,
        "championId": 16
      }
    ],
    "stats": {
      "level": 17,
      "goldEarned": 11485,
      "numDeaths": 4,
      "turretsKilled": 1,
      "minionsKilled": 69,
      "championsKilled": 3,
      "goldSpent": 11560,
      "totalDamageDealt": 201281,
      "totalDamageTaken": 34047,
      "killingSprees": 1,
      "largestKillingSpree": 2,
      "team": 200,
      "win": false,
      "neutralMinionsKilled": 111,
      "largestMultiKill": 1,
      "physicalDamageDealtPlayer": 140346,
      "magicDamageDealtPlayer": 41361,
      "physicalDamageTaken": 23241,
      "magicDamageTaken": 10376,
      "timePlayed": 2277,
      "totalHeal": 8798,
      "totalUnitsHealed": 1,
      "assists": 4,
      "item0": 3160,
      "item1": 3143,
      "item2": 3153,
      "item3": 3270,
      "item4": 1011,
      "item5": 1028,
      "item6": 3341,
      "sightWardsBought": 1,
      "visionWardsBought": 1,
      "magicDamageDealtToChampions": 2392,
      "physicalDamageDealtToChampions": 10290,
      "totalDamageDealtToChampions": 13126,
      "trueDamageDealtPlayer": 19574,
      "trueDamageDealtToChampions": 444,
      "trueDamageTaken": 430,
      "wardPlaced": 7,
      "neutralMinionsKilledEnemyJungle": 21,
      "neutralMinionsKilledYourJungle": 90,
      "totalTimeCrowdControlDealt": 955
    }
  },
  "summonerCount": 10,
  "35304351": {
    "gameId": 825984991,
    "invalid": false,
    "gameMode": "CLASSIC",
    "gameType": "MATCHED_GAME",
    "subType": "RANKED_SOLO_5x5",
    "mapId": 1,
    "teamId": 100,
    "championId": 19,
    "spell1": 14,
    "spell2": 4,
    "level": 30,
    "ipEarned": 103,
    "createDate": 1399031722935,
    "fellowPlayers": [
      {
        "summonerId": 19316781,
        "teamId": 100,
        "championId": 43
      },
      {
        "summonerId": 35076513,
        "teamId": 200,
        "championId": 10
      },
      {
        "summonerId": 19723340,
        "teamId": 200,
        "championId": 25
      },
      {
        "summonerId": 30675887,
        "teamId": 200,
        "championId": 81
      },
      {
        "summonerId": 38133866,
        "teamId": 200,
        "championId": 56
      },
      {
        "summonerId": 43474802,
        "teamId": 200,
        "championId": 2
      },
      {
        "summonerId": 35831477,
        "teamId": 100,
        "championId": 77
      },
      {
        "summonerId": 30488823,
        "teamId": 100,
        "championId": 21
      },
      {
        "summonerId": 35727459,
        "teamId": 100,
        "championId": 16
      }
    ],
    "stats": {
      "level": 16,
      "goldEarned": 12967,
      "numDeaths": 4,
      "barracksKilled": 1,
      "turretsKilled": 1,
      "minionsKilled": 182,
      "championsKilled": 6,
      "goldSpent": 11235,
      "totalDamageDealt": 91717,
      "totalDamageTaken": 36376,
      "killingSprees": 2,
      "largestKillingSpree": 2,
      "team": 100,
      "win": true,
      "neutralMinionsKilled": 5,
      "largestMultiKill": 1,
      "physicalDamageDealtPlayer": 71992,
      "magicDamageDealtPlayer": 18997,
      "physicalDamageTaken": 17899,
      "magicDamageTaken": 8981,
      "timePlayed": 2277,
      "totalHeal": 12565,
      "totalUnitsHealed": 1,
      "assists": 9,
      "item0": 1054,
      "item1": 3143,
      "item2": 3153,
      "item3": 3111,
      "item4": 3065,
      "item6": 3340,
      "sightWardsBought": 2,
      "magicDamageDealtToChampions": 8684,
      "physicalDamageDealtToChampions": 7463,
      "totalDamageDealtToChampions": 16876,
      "trueDamageDealtPlayer": 728,
      "trueDamageDealtToChampions": 728,
      "trueDamageTaken": 9495,
      "wardPlaced": 11,
      "neutralMinionsKilledEnemyJungle": 1,
      "neutralMinionsKilledYourJungle": 4,
      "totalTimeCrowdControlDealt": 705
    }
  },
  "35831477": {
    "gameId": 825984991,
    "invalid": false,
    "gameMode": "CLASSIC",
    "gameType": "MATCHED_GAME",
    "subType": "RANKED_SOLO_5x5",
    "mapId": 1,
    "teamId": 100,
    "championId": 77,
    "spell1": 6,
    "spell2": 11,
    "level": 30,
    "ipEarned": 103,
    "createDate": 1399031722939,
    "fellowPlayers": [
      {
        "summonerId": 19316781,
        "teamId": 100,
        "championId": 43
      },
      {
        "summonerId": 35304351,
        "teamId": 100,
        "championId": 19
      },
      {
        "summonerId": 35076513,
        "teamId": 200,
        "championId": 10
      },
      {
        "summonerId": 19723340,
        "teamId": 200,
        "championId": 25
      },
      {
        "summonerId": 30675887,
        "teamId": 200,
        "championId": 81
      },
      {
        "summonerId": 38133866,
        "teamId": 200,
        "championId": 56
      },
      {
        "summonerId": 43474802,
        "teamId": 200,
        "championId": 2
      },
      {
        "summonerId": 30488823,
        "teamId": 100,
        "championId": 21
      },
      {
        "summonerId": 35727459,
        "teamId": 100,
        "championId": 16
      }
    ],
    "stats": {
      "level": 17,
      "goldEarned": 13198,
      "numDeaths": 4,
      "turretsKilled": 1,
      "minionsKilled": 81,
      "championsKilled": 2,
      "goldSpent": 10968,
      "totalDamageDealt": 225235,
      "totalDamageTaken": 32796,
      "team": 100,
      "win": true,
      "neutralMinionsKilled": 123,
      "largestMultiKill": 1,
      "physicalDamageDealtPlayer": 80602,
      "magicDamageDealtPlayer": 123056,
      "physicalDamageTaken": 20248,
      "magicDamageTaken": 9685,
      "largestCriticalStrike": 331,
      "timePlayed": 2277,
      "totalHeal": 9692,
      "totalUnitsHealed": 1,
      "assists": 12,
      "item0": 3160,
      "item1": 3047,
      "item2": 3078,
      "item3": 3065,
      "item4": 1011,
      "item6": 3341,
      "magicDamageDealtToChampions": 4365,
      "physicalDamageDealtToChampions": 8278,
      "totalDamageDealtToChampions": 13232,
      "trueDamageDealtPlayer": 21576,
      "trueDamageDealtToChampions": 588,
      "trueDamageTaken": 2862,
      "wardKilled": 1,
      "wardPlaced": 5,
      "neutralMinionsKilledEnemyJungle": 21,
      "neutralMinionsKilledYourJungle": 102,
      "totalTimeCrowdControlDealt": 712
    }
  },
  "43474802": {
    "gameId": 825984991,
    "invalid": false,
    "gameMode": "CLASSIC",
    "gameType": "MATCHED_GAME",
    "subType": "RANKED_SOLO_5x5",
    "mapId": 1,
    "teamId": 200,
    "championId": 2,
    "spell1": 4,
    "spell2": 14,
    "level": 30,
    "ipEarned": 68,
    "createDate": 1399031722943,
    "fellowPlayers": [
      {
        "summonerId": 19316781,
        "teamId": 100,
        "championId": 43
      },
      {
        "summonerId": 35304351,
        "teamId": 100,
        "championId": 19
      },
      {
        "summonerId": 35076513,
        "teamId": 200,
        "championId": 10
      },
      {
        "summonerId": 19723340,
        "teamId": 200,
        "championId": 25
      },
      {
        "summonerId": 30675887,
        "teamId": 200,
        "championId": 81
      },
      {
        "summonerId": 38133866,
        "teamId": 200,
        "championId": 56
      },
      {
        "summonerId": 35831477,
        "teamId": 100,
        "championId": 77
      },
      {
        "summonerId": 30488823,
        "teamId": 100,
        "championId": 21
      },
      {
        "summonerId": 35727459,
        "teamId": 100,
        "championId": 16
      }
    ],
    "stats": {
      "level": 15,
      "goldEarned": 10641,
      "numDeaths": 5,
      "minionsKilled": 151,
      "championsKilled": 6,
      "goldSpent": 10525,
      "totalDamageDealt": 117332,
      "totalDamageTaken": 26705,
      "killingSprees": 1,
      "largestKillingSpree": 3,
      "team": 200,
      "win": false,
      "neutralMinionsKilled": 12,
      "largestMultiKill": 1,
      "physicalDamageDealtPlayer": 94284,
      "magicDamageDealtPlayer": 7825,
      "physicalDamageTaken": 16228,
      "magicDamageTaken": 9423,
      "timePlayed": 2277,
      "totalHeal": 1783,
      "totalUnitsHealed": 1,
      "assists": 2,
      "item0": 3153,
      "item1": 3211,
      "item2": 3067,
      "item3": 3068,
      "item4": 1054,
      "item5": 3111,
      "item6": 3340,
      "sightWardsBought": 3,
      "magicDamageDealtToChampions": 872,
      "physicalDamageDealtToChampions": 12519,
      "totalDamageDealtToChampions": 24472,
      "trueDamageDealtPlayer": 15222,
      "trueDamageDealtToChampions": 11080,
      "trueDamageTaken": 1054,
      "wardKilled": 1,
      "wardPlaced": 10,
      "neutralMinionsKilledYourJungle": 12,
      "totalTimeCrowdControlDealt": 458
    }
  },
  "35727459": {
    "gameId": 825984991,
    "invalid": false,
    "gameMode": "CLASSIC",
    "gameType": "MATCHED_GAME",
    "subType": "RANKED_SOLO_5x5",
    "mapId": 1,
    "teamId": 100,
    "championId": 16,
    "spell1": 4,
    "spell2": 14,
    "level": 30,
    "ipEarned": 103,
    "createDate": 1399031722933,
    "fellowPlayers": [
      {
        "summonerId": 19316781,
        "teamId": 100,
        "championId": 43
      },
      {
        "summonerId": 35304351,
        "teamId": 100,
        "championId": 19
      },
      {
        "summonerId": 35076513,
        "teamId": 200,
        "championId": 10
      },
      {
        "summonerId": 19723340,
        "teamId": 200,
        "championId": 25
      },
      {
        "summonerId": 30675887,
        "teamId": 200,
        "championId": 81
      },
      {
        "summonerId": 38133866,
        "teamId": 200,
        "championId": 56
      },
      {
        "summonerId": 43474802,
        "teamId": 200,
        "championId": 2
      },
      {
        "summonerId": 35831477,
        "teamId": 100,
        "championId": 77
      },
      {
        "summonerId": 30488823,
        "teamId": 100,
        "championId": 21
      }
    ],
    "stats": {
      "level": 17,
      "goldEarned": 12645,
      "numDeaths": 3,
      "turretsKilled": 1,
      "minionsKilled": 178,
      "championsKilled": 4,
      "goldSpent": 10685,
      "totalDamageDealt": 144112,
      "totalDamageTaken": 25360,
      "doubleKills": 1,
      "killingSprees": 1,
      "largestKillingSpree": 2,
      "team": 100,
      "win": true,
      "neutralMinionsKilled": 18,
      "largestMultiKill": 2,
      "physicalDamageDealtPlayer": 15040,
      "magicDamageDealtPlayer": 128511,
      "physicalDamageTaken": 13752,
      "magicDamageTaken": 10243,
      "timePlayed": 2277,
      "totalHeal": 22576,
      "totalUnitsHealed": 5,
      "assists": 11,
      "item0": 3174,
      "item1": 3265,
      "item2": 3116,
      "item3": 1056,
      "item4": 1026,
      "item5": 1058,
      "item6": 3340,
      "sightWardsBought": 1,
      "magicDamageDealtToChampions": 15804,
      "physicalDamageDealtToChampions": 2803,
      "totalDamageDealtToChampions": 19167,
      "trueDamageDealtPlayer": 560,
      "trueDamageDealtToChampions": 560,
      "trueDamageTaken": 1363,
      "wardKilled": 1,
      "wardPlaced": 11,
      "neutralMinionsKilledEnemyJungle": 7,
      "neutralMinionsKilledYourJungle": 11,
      "totalTimeCrowdControlDealt": 333
    }
  },
  "19316781": {
    "gameId": 825984991,
    "invalid": false,
    "gameMode": "CLASSIC",
    "gameType": "MATCHED_GAME",
    "subType": "RANKED_SOLO_5x5",
    "mapId": 1,
    "teamId": 100,
    "championId": 43,
    "spell1": 7,
    "spell2": 4,
    "level": 30,
    "ipEarned": 103,
    "createDate": 1399031722938,
    "fellowPlayers": [
      {
        "summonerId": 35304351,
        "teamId": 100,
        "championId": 19
      },
      {
        "summonerId": 35076513,
        "teamId": 200,
        "championId": 10
      },
      {
        "summonerId": 19723340,
        "teamId": 200,
        "championId": 25
      },
      {
        "summonerId": 30675887,
        "teamId": 200,
        "championId": 81
      },
      {
        "summonerId": 38133866,
        "teamId": 200,
        "championId": 56
      },
      {
        "summonerId": 43474802,
        "teamId": 200,
        "championId": 2
      },
      {
        "summonerId": 35831477,
        "teamId": 100,
        "championId": 77
      },
      {
        "summonerId": 30488823,
        "teamId": 100,
        "championId": 21
      },
      {
        "summonerId": 35727459,
        "teamId": 100,
        "championId": 16
      }
    ],
    "stats": {
      "level": 14,
      "goldEarned": 9094,
      "numDeaths": 6,
      "barracksKilled": 1,
      "minionsKilled": 25,
      "championsKilled": 1,
      "goldSpent": 7435,
      "totalDamageDealt": 30148,
      "totalDamageTaken": 15402,
      "team": 100,
      "win": true,
      "largestMultiKill": 1,
      "physicalDamageDealtPlayer": 6173,
      "magicDamageDealtPlayer": 23974,
      "physicalDamageTaken": 7725,
      "magicDamageTaken": 7409,
      "timePlayed": 2277,
      "totalHeal": 2278,
      "totalUnitsHealed": 4,
      "assists": 8,
      "item0": 3092,
      "item1": 2049,
      "item2": 3174,
      "item3": 2044,
      "item4": 3117,
      "item5": 3108,
      "item6": 3340,
      "sightWardsBought": 1,
      "magicDamageDealtToChampions": 9155,
      "physicalDamageDealtToChampions": 1046,
      "totalDamageDealtToChampions": 10201,
      "trueDamageTaken": 268,
      "wardKilled": 1,
      "wardPlaced": 21,
      "totalTimeCrowdControlDealt": 183
    }
  },
  "30488823": {
    "gameId": 825984991,
    "invalid": false,
    "gameMode": "CLASSIC",
    "gameType": "MATCHED_GAME",
    "subType": "RANKED_SOLO_5x5",
    "mapId": 1,
    "teamId": 100,
    "championId": 21,
    "spell1": 7,
    "spell2": 4,
    "level": 30,
    "ipEarned": 253,
    "createDate": 1399031722936,
    "fellowPlayers": [
      {
        "summonerId": 19316781,
        "teamId": 100,
        "championId": 43
      },
      {
        "summonerId": 35304351,
        "teamId": 100,
        "championId": 19
      },
      {
        "summonerId": 35076513,
        "teamId": 200,
        "championId": 10
      },
      {
        "summonerId": 19723340,
        "teamId": 200,
        "championId": 25
      },
      {
        "summonerId": 30675887,
        "teamId": 200,
        "championId": 81
      },
      {
        "summonerId": 38133866,
        "teamId": 200,
        "championId": 56
      },
      {
        "summonerId": 43474802,
        "teamId": 200,
        "championId": 2
      },
      {
        "summonerId": 35831477,
        "teamId": 100,
        "championId": 77
      },
      {
        "summonerId": 35727459,
        "teamId": 100,
        "championId": 16
      }
    ],
    "stats": {
      "level": 16,
      "goldEarned": 12354,
      "numDeaths": 5,
      "turretsKilled": 3,
      "minionsKilled": 152,
      "championsKilled": 7,
      "goldSpent": 10090,
      "totalDamageDealt": 125711,
      "totalDamageTaken": 22097,
      "doubleKills": 1,
      "killingSprees": 3,
      "largestKillingSpree": 3,
      "team": 100,
      "win": true,
      "neutralMinionsKilled": 12,
      "largestMultiKill": 2,
      "physicalDamageDealtPlayer": 107359,
      "magicDamageDealtPlayer": 17696,
      "physicalDamageTaken": 13116,
      "magicDamageTaken": 8776,
      "largestCriticalStrike": 727,
      "timePlayed": 2277,
      "totalHeal": 2905,
      "totalUnitsHealed": 3,
      "assists": 8,
      "item0": 3031,
      "item1": 3006,
      "item2": 3072,
      "item3": 3086,
      "item4": 1042,
      "item6": 3340,
      "magicDamageDealtToChampions": 6820,
      "physicalDamageDealtToChampions": 19112,
      "totalDamageDealtToChampions": 26468,
      "trueDamageDealtPlayer": 656,
      "trueDamageDealtToChampions": 536,
      "trueDamageTaken": 204,
      "wardPlaced": 10,
      "neutralMinionsKilledYourJungle": 12,
      "totalTimeCrowdControlDealt": 234
    }
  },
  "19723340": {
    "gameId": 825984991,
    "invalid": false,
    "gameMode": "CLASSIC",
    "gameType": "MATCHED_GAME",
    "subType": "RANKED_SOLO_5x5",
    "mapId": 1,
    "teamId": 200,
    "championId": 25,
    "spell1": 3,
    "spell2": 4,
    "level": 30,
    "ipEarned": 68,
    "createDate": 1399031722945,
    "fellowPlayers": [
      {
        "summonerId": 19316781,
        "teamId": 100,
        "championId": 43
      },
      {
        "summonerId": 35304351,
        "teamId": 100,
        "championId": 19
      },
      {
        "summonerId": 35076513,
        "teamId": 200,
        "championId": 10
      },
      {
        "summonerId": 30675887,
        "teamId": 200,
        "championId": 81
      },
      {
        "summonerId": 38133866,
        "teamId": 200,
        "championId": 56
      },
      {
        "summonerId": 43474802,
        "teamId": 200,
        "championId": 2
      },
      {
        "summonerId": 35831477,
        "teamId": 100,
        "championId": 77
      },
      {
        "summonerId": 30488823,
        "teamId": 100,
        "championId": 21
      },
      {
        "summonerId": 35727459,
        "teamId": 100,
        "championId": 16
      }
    ],
    "stats": {
      "level": 13,
      "goldEarned": 9517,
      "numDeaths": 3,
      "turretsKilled": 1,
      "minionsKilled": 19,
      "championsKilled": 1,
      "goldSpent": 9085,
      "totalDamageDealt": 30958,
      "totalDamageTaken": 14800,
      "team": 200,
      "win": false,
      "largestMultiKill": 1,
      "physicalDamageDealtPlayer": 3776,
      "magicDamageDealtPlayer": 27181,
      "physicalDamageTaken": 9597,
      "magicDamageTaken": 4740,
      "timePlayed": 2277,
      "assists": 10,
      "item0": 2045,
      "item1": 3092,
      "item2": 3275,
      "item3": 3174,
      "item6": 3362,
      "sightWardsBought": 1,
      "magicDamageDealtToChampions": 12383,
      "physicalDamageDealtToChampions": 1239,
      "totalDamageDealtToChampions": 13623,
      "trueDamageTaken": 462,
      "wardPlaced": 22,
      "totalTimeCrowdControlDealt": 172
    }
  },
  "35076513": {
    "gameId": 825984991,
    "invalid": false,
    "gameMode": "CLASSIC",
    "gameType": "MATCHED_GAME",
    "subType": "RANKED_SOLO_5x5",
    "mapId": 1,
    "teamId": 200,
    "championId": 10,
    "spell1": 4,
    "spell2": 14,
    "level": 30,
    "ipEarned": 68,
    "createDate": 1399031722941,
    "fellowPlayers": [
      {
        "summonerId": 19316781,
        "teamId": 100,
        "championId": 43
      },
      {
        "summonerId": 35304351,
        "teamId": 100,
        "championId": 19
      },
      {
        "summonerId": 19723340,
        "teamId": 200,
        "championId": 25
      },
      {
        "summonerId": 30675887,
        "teamId": 200,
        "championId": 81
      },
      {
        "summonerId": 38133866,
        "teamId": 200,
        "championId": 56
      },
      {
        "summonerId": 43474802,
        "teamId": 200,
        "championId": 2
      },
      {
        "summonerId": 35831477,
        "teamId": 100,
        "championId": 77
      },
      {
        "summonerId": 30488823,
        "teamId": 100,
        "championId": 21
      },
      {
        "summonerId": 35727459,
        "teamId": 100,
        "championId": 16
      }
    ],
    "stats": {
      "level": 16,
      "goldEarned": 12557,
      "numDeaths": 7,
      "turretsKilled": 3,
      "minionsKilled": 195,
      "championsKilled": 8,
      "goldSpent": 12020,
      "totalDamageDealt": 148426,
      "totalDamageTaken": 27336,
      "killingSprees": 2,
      "largestKillingSpree": 3,
      "team": 200,
      "win": false,
      "neutralMinionsKilled": 11,
      "largestMultiKill": 1,
      "physicalDamageDealtPlayer": 28716,
      "magicDamageDealtPlayer": 118141,
      "physicalDamageTaken": 12415,
      "magicDamageTaken": 14454,
      "timePlayed": 2277,
      "totalHeal": 8431,
      "totalUnitsHealed": 4,
      "assists": 4,
      "item0": 1056,
      "item1": 3115,
      "item2": 3089,
      "item3": 3124,
      "item4": 3255,
      "item5": 1031,
      "item6": 3340,
      "sightWardsBought": 3,
      "magicDamageDealtToChampions": 22327,
      "physicalDamageDealtToChampions": 4322,
      "totalDamageDealtToChampions": 28217,
      "trueDamageDealtPlayer": 1568,
      "trueDamageDealtToChampions": 1568,
      "trueDamageTaken": 466,
      "wardPlaced": 12,
      "neutralMinionsKilledEnemyJungle": 5,
      "neutralMinionsKilledYourJungle": 6,
      "totalTimeCrowdControlDealt": 134
    }
  },
  "30675887": {
    "gameId": 825984991,
    "invalid": false,
    "gameMode": "CLASSIC",
    "gameType": "MATCHED_GAME",
    "subType": "RANKED_SOLO_5x5",
    "mapId": 1,
    "teamId": 200,
    "championId": 81,
    "spell1": 4,
    "spell2": 7,
    "level": 30,
    "ipEarned": 68,
    "createDate": 1399031722942,
    "fellowPlayers": [
      {
        "summonerId": 19316781,
        "teamId": 100,
        "championId": 43
      },
      {
        "summonerId": 35304351,
        "teamId": 100,
        "championId": 19
      },
      {
        "summonerId": 35076513,
        "teamId": 200,
        "championId": 10
      },
      {
        "summonerId": 19723340,
        "teamId": 200,
        "championId": 25
      },
      {
        "summonerId": 38133866,
        "teamId": 200,
        "championId": 56
      },
      {
        "summonerId": 43474802,
        "teamId": 200,
        "championId": 2
      },
      {
        "summonerId": 35831477,
        "teamId": 100,
        "championId": 77
      },
      {
        "summonerId": 30488823,
        "teamId": 100,
        "championId": 21
      },
      {
        "summonerId": 35727459,
        "teamId": 100,
        "championId": 16
      }
    ],
    "stats": {
      "level": 14,
      "goldEarned": 10342,
      "numDeaths": 1,
      "minionsKilled": 140,
      "championsKilled": 4,
      "goldSpent": 11028,
      "totalDamageDealt": 98557,
      "totalDamageTaken": 18103,
      "killingSprees": 1,
      "largestKillingSpree": 4,
      "team": 200,
      "win": false,
      "neutralMinionsKilled": 6,
      "largestMultiKill": 1,
      "physicalDamageDealtPlayer": 80462,
      "magicDamageDealtPlayer": 17443,
      "physicalDamageTaken": 12057,
      "magicDamageTaken": 5836,
      "largestCriticalStrike": 369,
      "timePlayed": 2277,
      "totalHeal": 4738,
      "totalUnitsHealed": 4,
      "assists": 8,
      "item0": 3072,
      "item1": 2003,
      "item2": 1037,
      "item3": 3250,
      "item4": 3078,
      "item6": 3340,
      "sightWardsBought": 2,
      "magicDamageDealtToChampions": 7120,
      "physicalDamageDealtToChampions": 14147,
      "totalDamageDealtToChampions": 21859,
      "trueDamageDealtPlayer": 650,
      "trueDamageDealtToChampions": 590,
      "trueDamageTaken": 210,
      "wardPlaced": 7,
      "neutralMinionsKilledEnemyJungle": 2,
      "neutralMinionsKilledYourJungle": 4,
      "totalTimeCrowdControlDealt": 74
    }
  }
}