{
  "30294981": {
    "gameId": 825984722,
    "invalid": false,
    "gameMode": "CLASSIC",
    "gameType": "MATCHED_GAME",
    "subType": "RANKED_SOLO_5x5",
    "mapId": 1,
    "teamId": 100,
    "championId": 25,
    "spell1": 4,
    "spell2": 3,
    "level": 30,
    "ipEarned": 251,
    "createDate": 1399031621079,
    "fellowPlayers": [
      {
        "summonerId": 31407461,
        "teamId": 100,
        "championId": 110
      },
      {
        "summonerId": 25836949,
        "teamId": 200,
        "championId": 11
      },
      {
        "summonerId": 29335734,
        "teamId": 200,
        "championId": 50
      },
      {
        "summonerId": 34882443,
        "teamId": 200,
        "championId": 106
      },
      {
        "summonerId": 28366290,
        "teamId": 200,
        "championId": 119
      },
      {
        "summonerId": 30743521,
        "teamId": 100,
        "championId": 64
      },
      {
        "summonerId": 35730724,
        "teamId": 100,
        "championId": 131
      },
      {
        "summonerId": 33920002,
        "teamId": 100,
        "championId": 102
      },
      {
        "summonerId": 29326324,
        "teamId": 200,
        "championId": 44
      }
    ],
    "stats": {
      "level": 17,
      "goldEarned": 14401,
      "numDeaths": 8,
      "minionsKilled": 46,
      "championsKilled": 6,
      "goldSpent": 12705,
      "totalDamageDealt": 55587,
      "totalDamageTaken": 25918,
      "doubleKills": 1,
      "killingSprees": 1,
      "largestKillingSpree": 3,
      "team": 100,
      "win": true,
      "largestMultiKill": 2,
      "physicalDamageDealtPlayer": 9604,
      "magicDamageDealtPlayer": 45922,
      "physicalDamageTaken": 14666,
      "magicDamageTaken": 9596,
      "timePlayed": 2191,
      "totalHeal": 1153,
      "totalUnitsHealed": 1,
      "assists": 27,
      "item0": 3092,
      "item1": 3157,
      "item2": 2045,
      "item3": 3260,
      "item4": 3024,
      "item5": 3065,
      "item6": 3341,
      "sightWardsBought": 3,
      "magicDamageDealtToChampions": 20633,
      "physicalDamageDealtToChampions": 3085,
      "totalDamageDealtToChampions": 23779,
      "trueDamageDealtPlayer": 60,
      "trueDamageDealtToChampions": 60,
      "trueDamageTaken": 1655,
      "wardPlaced": 18,
      "totalTimeCrowdControlDealt": 235
    }
  },
  "summonerCount": 10,
  "29326324": {
    "gameId": 825984722,
    "invalid": false,
    "gameMode": "CLASSIC",
    "gameType": "MATCHED_GAME",
    "subType": "RANKED_SOLO_5x5",
    "mapId": 1,
    "teamId": 200,
    "championId": 44,
    "spell1": 4,
    "spell2": 14,
    "level": 30,
    "ipEarned": 67,
    "createDate": 1399031621085,
    "fellowPlayers": [
      {
        "summonerId": 30294981,
        "teamId": 100,
        "championId": 25
      },
      {
        "summonerId": 31407461,
        "teamId": 100,
        "championId": 110
      },
      {
        "summonerId": 25836949,
        "teamId": 200,
        "championId": 11
      },
      {
        "summonerId": 29335734,
        "teamId": 200,
        "championId": 50
      },
      {
        "summonerId": 34882443,
        "teamId": 200,
        "championId": 106
      },
      {
        "summonerId": 28366290,
        "teamId": 200,
        "championId": 119
      },
      {
        "summonerId": 30743521,
        "teamId": 100,
        "championId": 64
      },
      {
        "summonerId": 35730724,
        "teamId": 100,
        "championId": 131
      },
      {
        "summonerId": 33920002,
        "teamId": 100,
        "championId": 102
      }
    ],
    "stats": {
      "level": 15,
      "goldEarned": 9256,
      "numDeaths": 10,
      "minionsKilled": 37,
      "championsKilled": 2,
      "goldSpent": 9105,
      "totalDamageDealt": 20088,
      "totalDamageTaken": 35674,
      "team": 200,
      "win": false,
      "neutralMinionsKilled": 1,
      "largestMultiKill": 1,
      "physicalDamageDealtPlayer": 9450,
      "magicDamageDealtPlayer": 6641,
      "physicalDamageTaken": 16580,
      "magicDamageTaken": 18719,
      "timePlayed": 2191,
      "totalHeal": 15116,
      "totalUnitsHealed": 7,
      "assists": 12,
      "item0": 3401,
      "item1": 3025,
      "item2": 3082,
      "item3": 3260,
      "item4": 3024,
      "item6": 3340,
      "sightWardsBought": 4,
      "magicDamageDealtToChampions": 5218,
      "physicalDamageDealtToChampions": 1574,
      "totalDamageDealtToChampions": 8057,
      "trueDamageDealtPlayer": 3996,
      "trueDamageDealtToChampions": 1264,
      "trueDamageTaken": 374,
      "wardPlaced": 8,
      "neutralMinionsKilledEnemyJungle": 1,
      "totalTimeCrowdControlDealt": 60
    }
  },
  "29335734": {
    "gameId": 825984722,
    "invalid": false,
    "gameMode": "CLASSIC",
    "gameType": "MATCHED_GAME",
    "subType": "RANKED_SOLO_5x5",
    "mapId": 1,
    "teamId": 200,
    "championId": 50,
    "spell1": 21,
    "spell2": 4,
    "level": 30,
    "ipEarned": 67,
    "createDate": 1399031621083,
    "fellowPlayers": [
      {
        "summonerId": 30294981,
        "teamId": 100,
        "championId": 25
      },
      {
        "summonerId": 31407461,
        "teamId": 100,
        "championId": 110
      },
      {
        "summonerId": 25836949,
        "teamId": 200,
        "championId": 11
      },
      {
        "summonerId": 34882443,
        "teamId": 200,
        "championId": 106
      },
      {
        "summonerId": 28366290,
        "teamId": 200,
        "championId": 119
      },
      {
        "summonerId": 30743521,
        "teamId": 100,
        "championId": 64
      },
      {
        "summonerId": 35730724,
        "teamId": 100,
        "championId": 131
      },
      {
        "summonerId": 33920002,
        "teamId": 100,
        "championId": 102
      },
      {
        "summonerId": 29326324,
        "teamId": 200,
        "championId": 44
      }
    ],
    "stats": {
      "level": 17,
      "goldEarned": 12855,
      "numDeaths": 9,
      "turretsKilled": 1,
      "minionsKilled": 134,
      "championsKilled": 6,
      "goldSpent": 12700,
      "totalDamageDealt": 122440,
      "totalDamageTaken": 45849,
      "killingSprees": 2,
      "largestKillingSpree": 3,
      "team": 200,
      "win": false,
      "neutralMinionsKilled": 18,
      "largestMultiKill": 1,
      "physicalDamageDealtPlayer": 21602,
      "magicDamageDealtPlayer": 100518,
      "physicalDamageTaken": 20704,
      "magicDamageTaken": 23976,
      "timePlayed": 2191,
      "totalHeal": 19752,
      "totalUnitsHealed": 1,
      "assists": 15,
      "item0": 3157,
      "item1": 3020,
      "item2": 3135,
      "item3": 3027,
      "item4": 1026,
      "item5": 1058,
      "item6": 3340,
      "magicDamageDealtToChampions": 35347,
      "physicalDamageDealtToChampions": 2984,
      "totalDamageDealtToChampions": 38532,
      "trueDamageDealtPlayer": 320,
      "trueDamageDealtToChampions": 200,
      "trueDamageTaken": 1169,
      "wardPlaced": 7,
      "neutralMinionsKilledEnemyJungle": 3,
      "neutralMinionsKilledYourJungle": 15,
      "totalTimeCrowdControlDealt": 335
    }
  },
  "28366290": {
    "gameId": 825984722,
    "invalid": false,
    "gameMode": "CLASSIC",
    "gameType": "MATCHED_GAME",
    "subType": "RANKED_SOLO_5x5",
    "mapId": 1,
    "teamId": 200,
    "championId": 119,
    "spell1": 4,
    "spell2": 21,
    "level": 30,
    "ipEarned": 67,
    "createDate": 1399031621082,
    "fellowPlayers": [
      {
        "summonerId": 30294981,
        "teamId": 100,
        "championId": 25
      },
      {
        "summonerId": 31407461,
        "teamId": 100,
        "championId": 110
      },
      {
        "summonerId": 25836949,
        "teamId": 200,
        "championId": 11
      },
      {
        "summonerId": 29335734,
        "teamId": 200,
        "championId": 50
      },
      {
        "summonerId": 34882443,
        "teamId": 200,
        "championId": 106
      },
      {
        "summonerId": 30743521,
        "teamId": 100,
        "championId": 64
      },
      {
        "summonerId": 35730724,
        "teamId": 100,
        "championId": 131
      },
      {
        "summonerId": 33920002,
        "teamId": 100,
        "championId": 102
      },
      {
        "summonerId": 29326324,
        "teamId": 200,
        "championId": 44
      }
    ],
    "stats": {
      "level": 15,
      "goldEarned": 14679,
      "numDeaths": 12,
      "minionsKilled": 160,
      "championsKilled": 12,
      "goldSpent": 13885,
      "totalDamageDealt": 141725,
      "totalDamageTaken": 31846,
      "killingSprees": 3,
      "largestKillingSpree": 3,
      "team": 200,
      "win": false,
      "neutralMinionsKilled": 5,
      "largestMultiKill": 1,
      "physicalDamageDealtPlayer": 137363,
      "magicDamageDealtPlayer": 2761,
      "physicalDamageTaken": 16977,
      "magicDamageTaken": 14015,
      "largestCriticalStrike": 930,
      "timePlayed": 2191,
      "totalHeal": 968,
      "totalUnitsHealed": 1,
      "assists": 6,
      "item0": 3131,
      "item1": 1057,
      "item2": 3072,
      "item3": 3006,
      "item4": 3031,
      "item5": 3087,
      "item6": 3340,
      "magicDamageDealtToChampions": 430,
      "physicalDamageDealtToChampions": 28125,
      "totalDamageDealtToChampions": 29530,
      "trueDamageDealtPlayer": 1600,
      "trueDamageDealtToChampions": 974,
      "trueDamageTaken": 853,
      "wardPlaced": 7,
      "neutralMinionsKilledEnemyJungle": 2,
      "neutralMinionsKilledYourJungle": 3,
      "totalTimeCrowdControlDealt": 207
    }
  },
  "34882443": {
    "gameId": 825984722,
    "invalid": false,
    "gameMode": "CLASSIC",
    "gameType": "MATCHED_GAME",
    "subType": "RANKED_SOLO_5x5",
    "mapId": 1,
    "teamId": 200,
    "championId": 106,
    "spell1": 12,
    "spell2": 4,
    "level": 30,
    "ipEarned": 67,
    "createDate": 1399031621086,
    "fellowPlayers": [
      {
        "summonerId": 30294981,
        "teamId": 100,
        "championId": 25
      },
      {
        "summonerId": 31407461,
        "teamId": 100,
        "championId": 110
      },
      {
        "summonerId": 25836949,
        "teamId": 200,
        "championId": 11
      },
      {
        "summonerId": 29335734,
        "teamId": 200,
        "championId": 50
      },
      {
        "summonerId": 28366290,
        "teamId": 200,
        "championId": 119
      },
      {
        "summonerId": 30743521,
        "teamId": 100,
        "championId": 64
      },
      {
        "summonerId": 35730724,
        "teamId": 100,
        "championId": 131
      },
      {
        "summonerId": 33920002,
        "teamId": 100,
        "championId": 102
      },
      {
        "summonerId": 29326324,
        "teamId": 200,
        "championId": 44
      }
    ],
    "stats": {
      "level": 16,
      "goldEarned": 10514,
      "numDeaths": 7,
      "turretsKilled": 1,
      "minionsKilled": 185,
      "championsKilled": 2,
      "goldSpent": 10575,
      "totalDamageDealt": 95983,
      "totalDamageTaken": 42135,
      "killingSprees": 1,
      "largestKillingSpree": 2,
      "team": 200,
      "win": false,
      "largestMultiKill": 1,
      "physicalDamageDealtPlayer": 73190,
      "magicDamageDealtPlayer": 22793,
      "physicalDamageTaken": 24354,
      "magicDamageTaken": 16781,
      "timePlayed": 2191,
      "assists": 4,
      "item0": 3143,
      "item1": 1011,
      "item2": 1054,
      "item3": 3083,
      "item4": 1028,
      "item5": 3009,
      "item6": 3340,
      "sightWardsBought": 3,
      "magicDamageDealtToChampions": 5098,
      "physicalDamageDealtToChampions": 8271,
      "totalDamageDealtToChampions": 13370,
      "trueDamageTaken": 1000,
      "wardPlaced": 7,
      "totalTimeCrowdControlDealt": 1029
    }
  },
  "33920002": {
    "gameId": 825984722,
    "invalid": false,
    "gameMode": "CLASSIC",
    "gameType": "MATCHED_GAME",
    "subType": "RANKED_SOLO_5x5",
    "mapId": 1,
    "teamId": 100,
    "championId": 102,
    "spell1": 11,
    "spell2": 4,
    "level": 30,
    "ipEarned": 101,
    "createDate": 1399031621077,
    "fellowPlayers": [
      {
        "summonerId": 30294981,
        "teamId": 100,
        "championId": 25
      },
      {
        "summonerId": 31407461,
        "teamId": 100,
        "championId": 110
      },
      {
        "summonerId": 25836949,
        "teamId": 200,
        "championId": 11
      },
      {
        "summonerId": 29335734,
        "teamId": 200,
        "championId": 50
      },
      {
        "summonerId": 34882443,
        "teamId": 200,
        "championId": 106
      },
      {
        "summonerId": 28366290,
        "teamId": 200,
        "championId": 119
      },
      {
        "summonerId": 30743521,
        "teamId": 100,
        "championId": 64
      },
      {
        "summonerId": 35730724,
        "teamId": 100,
        "championId": 131
      },
      {
        "summonerId": 29326324,
        "teamId": 200,
        "championId": 44
      }
    ],
    "stats": {
      "level": 17,
      "goldEarned": 13517,
      "numDeaths": 8,
      "turretsKilled": 1,
      "minionsKilled": 49,
      "championsKilled": 4,
      "goldSpent": 14030,
      "totalDamageDealt": 135450,
      "totalDamageTaken": 34894,
      "team": 100,
      "win": true,
      "neutralMinionsKilled": 72,
      "largestMultiKill": 1,
      "physicalDamageDealtPlayer": 51163,
      "magicDamageDealtPlayer": 72655,
      "physicalDamageTaken": 18770,
      "magicDamageTaken": 14985,
      "timePlayed": 2191,
      "totalHeal": 5492,
      "totalUnitsHealed": 1,
      "assists": 24,
      "item0": 3207,
      "item1": 3153,
      "item2": 3047,
      "item3": 3143,
      "item4": 3068,
      "item5": 1053,
      "item6": 3340,
      "magicDamageDealtToChampions": 14889,
      "physicalDamageDealtToChampions": 9762,
      "totalDamageDealtToChampions": 25048,
      "trueDamageDealtPlayer": 11632,
      "trueDamageDealtToChampions": 396,
      "trueDamageTaken": 1139,
      "wardPlaced": 2,
      "neutralMinionsKilledEnemyJungle": 7,
      "neutralMinionsKilledYourJungle": 65,
      "totalTimeCrowdControlDealt": 353
    }
  },
  "25836949": {
    "gameId": 825984722,
    "invalid": false,
    "gameMode": "CLASSIC",
    "gameType": "MATCHED_GAME",
    "subType": "RANKED_SOLO_5x5",
    "mapId": 1,
    "teamId": 200,
    "championId": 11,
    "spell1": 11,
    "spell2": 4,
    "level": 30,
    "ipEarned": 67,
    "createDate": 1399031621084,
    "fellowPlayers": [
      {
        "summonerId": 30294981,
        "teamId": 100,
        "championId": 25
      },
      {
        "summonerId": 31407461,
        "teamId": 100,
        "championId": 110
      },
      {
        "summonerId": 29335734,
        "teamId": 200,
        "championId": 50
      },
      {
        "summonerId": 34882443,
        "teamId": 200,
        "championId": 106
      },
      {
        "summonerId": 28366290,
        "teamId": 200,
        "championId": 119
      },
      {
        "summonerId": 30743521,
        "teamId": 100,
        "championId": 64
      },
      {
        "summonerId": 35730724,
        "teamId": 100,
        "championId": 131
      },
      {
        "summonerId": 33920002,
        "teamId": 100,
        "championId": 102
      },
      {
        "summonerId": 29326324,
        "teamId": 200,
        "championId": 44
      }
    ],
    "stats": {
      "level": 17,
      "goldEarned": 14169,
      "numDeaths": 11,
      "turretsKilled": 2,
      "minionsKilled": 58,
      "championsKilled": 12,
      "goldSpent": 13830,
      "totalDamageDealt": 185352,
      "totalDamageTaken": 38747,
      "doubleKills": 3,
      "tripleKills": 2,
      "killingSprees": 4,
      "largestKillingSpree": 4,
      "team": 200,
      "win": false,
      "neutralMinionsKilled": 97,
      "largestMultiKill": 3,
      "physicalDamageDealtPlayer": 124949,
      "magicDamageDealtPlayer": 38841,
      "physicalDamageTaken": 23650,
      "magicDamageTaken": 14814,
      "largestCriticalStrike": 765,
      "timePlayed": 2191,
      "totalHeal": 5497,
      "totalUnitsHealed": 1,
      "assists": 10,
      "item0": 3153,
      "item1": 3160,
      "item2": 3252,
      "item3": 3087,
      "item4": 3031,
      "item5": 1037,
      "item6": 3341,
      "magicDamageDealtToChampions": 2379,
      "physicalDamageDealtToChampions": 20226,
      "totalDamageDealtToChampions": 26953,
      "trueDamageDealtPlayer": 21560,
      "trueDamageDealtToChampions": 4347,
      "trueDamageTaken": 282,
      "wardPlaced": 6,
      "neutralMinionsKilledEnemyJungle": 9,
      "neutralMinionsKilledYourJungle": 88,
      "totalTimeCrowdControlDealt": 514
    }
  },
  "30743521": {
    "gameId": 825984722,
    "invalid": false,
    "gameMode": "CLASSIC",
    "gameType": "MATCHED_GAME",
    "subType": "RANKED_SOLO_5x5",
    "mapId": 1,
    "teamId": 100,
    "championId": 64,
    "spell1": 14,
    "spell2": 4,
    "level": 30,
    "ipEarned": 101,
    "createDate": 1399031621081,
    "fellowPlayers": [
      {
        "summonerId": 30294981,
        "teamId": 100,
        "championId": 25
      },
      {
        "summonerId": 31407461,
        "teamId": 100,
        "championId": 110
      },
      {
        "summonerId": 25836949,
        "teamId": 200,
        "championId": 11
      },
      {
        "summonerId": 29335734,
        "teamId": 200,
        "championId": 50
      },
      {
        "summonerId": 34882443,
        "teamId": 200,
        "championId": 106
      },
      {
        "summonerId": 28366290,
        "teamId": 200,
        "championId": 119
      },
      {
        "summonerId": 35730724,
        "teamId": 100,
        "championId": 131
      },
      {
        "summonerId": 33920002,
        "teamId": 100,
        "championId": 102
      },
      {
        "summonerId": 29326324,
        "teamId": 200,
        "championId": 44
      }
    ],
    "stats": {
      "level": 18,
      "goldEarned": 15871,
      "numDeaths": 3,
      "turretsKilled": 3,
      "minionsKilled": 176,
      "championsKilled": 13,
      "goldSpent": 13130,
      "totalDamageDealt": 162211,
      "totalDamageTaken": 36297,
      "doubleKills": 1,
      "killingSprees": 2,
      "largestKillingSpree": 8,
      "team": 100,
      "win": true,
      "neutralMinionsKilled": 26,
      "largestMultiKill": 2,
      "physicalDamageDealtPlayer": 104376,
      "magicDamageDealtPlayer": 54957,
      "physicalDamageTaken": 25485,
      "magicDamageTaken": 9461,
      "timePlayed": 2191,
      "totalHeal": 2744,
      "totalUnitsHealed": 1,
      "assists": 17,
      "item0": 3190,
      "item1": 3143,
      "item2": 3111,
      "item3": 3072,
      "item4": 3068,
      "item6": 3340,
      "magicDamageDealtToChampions": 9661,
      "physicalDamageDealtToChampions": 20346,
      "totalDamageDealtToChampions": 32050,
      "trueDamageDealtPlayer": 2878,
      "trueDamageDealtToChampions": 2042,
      "trueDamageTaken": 1350,
      "wardPlaced": 8,
      "neutralMinionsKilledEnemyJungle": 10,
      "neutralMinionsKilledYourJungle": 16,
      "totalTimeCrowdControlDealt": 1370
    }
  },
  "31407461": {
    "gameId": 825984722,
    "invalid": false,
    "gameMode": "CLASSIC",
    "gameType": "MATCHED_GAME",
    "subType": "RANKED_SOLO_5x5",
    "mapId": 1,
    "teamId": 100,
    "championId": 110,
    "spell1": 4,
    "spell2": 7,
    "level": 30,
    "ipEarned": 101,
    "createDate": 1399031621080,
    "fellowPlayers": [
      {
        "summonerId": 30294981,
        "teamId": 100,
        "championId": 25
      },
      {
        "summonerId": 25836949,
        "teamId": 200,
        "championId": 11
      },
      {
        "summonerId": 29335734,
        "teamId": 200,
        "championId": 50
      },
      {
        "summonerId": 34882443,
        "teamId": 200,
        "championId": 106
      },
      {
        "summonerId": 28366290,
        "teamId": 200,
        "championId": 119
      },
      {
        "summonerId": 30743521,
        "teamId": 100,
        "championId": 64
      },
      {
        "summonerId": 35730724,
        "teamId": 100,
        "championId": 131
      },
      {
        "summonerId": 33920002,
        "teamId": 100,
        "championId": 102
      },
      {
        "summonerId": 29326324,
        "teamId": 200,
        "championId": 44
      }
    ],
    "stats": {
      "level": 18,
      "goldEarned": 15008,
      "numDeaths": 9,
      "minionsKilled": 162,
      "championsKilled": 10,
      "goldSpent": 15225,
      "totalDamageDealt": 169586,
      "totalDamageTaken": 27610,
      "killingSprees": 3,
      "largestKillingSpree": 3,
      "team": 100,
      "win": true,
      "neutralMinionsKilled": 19,
      "largestMultiKill": 1,
      "physicalDamageDealtPlayer": 154287,
      "magicDamageDealtPlayer": 13022,
      "physicalDamageTaken": 18589,
      "magicDamageTaken": 7287,
      "largestCriticalStrike": 889,
      "timePlayed": 2191,
      "totalHeal": 3610,
      "totalUnitsHealed": 4,
      "assists": 20,
      "item0": 1055,
      "item1": 3072,
      "item2": 3250,
      "item3": 3035,
      "item4": 3031,
      "item5": 3046,
      "item6": 3340,
      "magicDamageDealtToChampions": 6115,
      "physicalDamageDealtToChampions": 26139,
      "totalDamageDealtToChampions": 32917,
      "trueDamageDealtPlayer": 2276,
      "trueDamageDealtToChampions": 662,
      "trueDamageTaken": 1733,
      "wardPlaced": 7,
      "neutralMinionsKilledEnemyJungle": 4,
      "neutralMinionsKilledYourJungle": 15,
      "totalTimeCrowdControlDealt": 446
    }
  },
  "35730724": {
    "gameId": 825984722,
    "invalid": false,
    "gameMode": "CLASSIC",
    "gameType": "MATCHED_GAME",
    "subType": "RANKED_SOLO_5x5",
    "mapId": 1,
    "teamId": 100,
    "championId": 131,
    "spell1": 4,
    "spell2": 7,
    "level": 30,
    "ipEarned": 101,
    "createDate": 1399031621078,
    "fellowPlayers": [
      {
        "summonerId": 30294981,
        "teamId": 100,
        "championId": 25
      },
      {
        "summonerId": 31407461,
        "teamId": 100,
        "championId": 110
      },
      {
        "summonerId": 25836949,
        "teamId": 200,
        "championId": 11
      },
      {
        "summonerId": 29335734,
        "teamId": 200,
        "championId": 50
      },
      {
        "summonerId": 34882443,
        "teamId": 200,
        "championId": 106
      },
      {
        "summonerId": 28366290,
        "teamId": 200,
        "championId": 119
      },
      {
        "summonerId": 30743521,
        "teamId": 100,
        "championId": 64
      },
      {
        "summonerId": 33920002,
        "teamId": 100,
        "championId": 102
      },
      {
        "summonerId": 29326324,
        "teamId": 200,
        "championId": 44
      }
    ],
    "stats": {
      "level": 18,
      "goldEarned": 16866,
      "numDeaths": 6,
      "barracksKilled": 1,
      "turretsKilled": 2,
      "minionsKilled": 172,
      "championsKilled": 16,
      "goldSpent": 13795,
      "totalDamageDealt": 182339,
      "totalDamageTaken": 23186,
      "doubleKills": 4,
      "tripleKills": 2,
      "killingSprees": 2,
      "largestKillingSpree": 10,
      "team": 100,
      "win": true,
      "neutralMinionsKilled": 25,
      "largestMultiKill": 3,
      "physicalDamageDealtPlayer": 28003,
      "magicDamageDealtPlayer": 153924,
      "physicalDamageTaken": 11689,
      "magicDamageTaken": 10108,
      "timePlayed": 2191,
      "totalHeal": 2953,
      "totalUnitsHealed": 3,
      "assists": 13,
      "item0": 1011,
      "item1": 3001,
      "item2": 3110,
      "item3": 3020,
      "item4": 3115,
      "item5": 3116,
      "item6": 3340,
      "magicDamageDealtToChampions": 33744,
      "physicalDamageDealtToChampions": 3578,
      "totalDamageDealtToChampions": 37451,
      "trueDamageDealtPlayer": 412,
      "trueDamageDealtToChampions": 128,
      "trueDamageTaken": 1388,
      "wardPlaced": 5,
      "neutralMinionsKilledEnemyJungle": 5,
      "neutralMinionsKilledYourJungle": 20,
      "totalTimeCrowdControlDealt": 774
    }
  }
}