{
  "35894683": {
    "gameId": 825985225,
    "invalid": false,
    "gameMode": "CLASSIC",
    "gameType": "MATCHED_GAME",
    "subType": "NORMAL",
    "mapId": 1,
    "teamId": 100,
    "championId": 222,
    "spell1": 4,
    "spell2": 7,
    "level": 30,
    "ipEarned": 258,
    "createDate": 1399031618618,
    "fellowPlayers": [
      {
        "summonerId": 23451430,
        "teamId": 200,
        "championId": 236
      },
      {
        "summonerId": 31251489,
        "teamId": 100,
        "championId": 76
      },
      {
        "summonerId": 30125068,
        "teamId": 100,
        "championId": 48
      },
      {
        "summonerId": 32684137,
        "teamId": 200,
        "championId": 16
      },
      {
        "summonerId": 33944632,
        "teamId": 200,
        "championId": 23
      },
      {
        "summonerId": 20206237,
        "teamId": 100,
        "championId": 107
      },
      {
        "summonerId": 29110054,
        "teamId": 200,
        "championId": 64
      },
      {
        "summonerId": 25484025,
        "teamId": 200,
        "championId": 134
      },
      {
        "summonerId": 23249874,
        "teamId": 100,
        "championId": 53
      }
    ],
    "stats": {
      "level": 18,
      "goldEarned": 15572,
      "numDeaths": 8,
      "turretsKilled": 3,
      "minionsKilled": 180,
      "championsKilled": 11,
      "goldSpent": 12410,
      "totalDamageDealt": 191444,
      "totalDamageTaken": 32127,
      "doubleKills": 1,
      "killingSprees": 3,
      "largestKillingSpree": 3,
      "team": 100,
      "win": true,
      "neutralMinionsKilled": 24,
      "largestMultiKill": 2,
      "physicalDamageDealtPlayer": 189549,
      "magicDamageDealtPlayer": 1822,
      "physicalDamageTaken": 19914,
      "magicDamageTaken": 12056,
      "largestCriticalStrike": 796,
      "timePlayed": 2384,
      "totalHeal": 4394,
      "totalUnitsHealed": 4,
      "assists": 14,
      "item0": 1037,
      "item1": 3072,
      "item2": 3006,
      "item3": 3035,
      "item4": 3046,
      "item5": 1038,
      "item6": 3340,
      "visionWardsBought": 1,
      "magicDamageDealtToChampions": 1253,
      "physicalDamageDealtToChampions": 26355,
      "totalDamageDealtToChampions": 27680,
      "trueDamageDealtPlayer": 72,
      "trueDamageDealtToChampions": 72,
      "trueDamageTaken": 156,
      "wardPlaced": 4,
      "neutralMinionsKilledEnemyJungle": 2,
      "neutralMinionsKilledYourJungle": 22,
      "totalTimeCrowdControlDealt": 81
    }
  },
  "summonerCount": 10,
  "29110054": {
    "gameId": 825985225,
    "invalid": false,
    "gameMode": "CLASSIC",
    "gameType": "MATCHED_GAME",
    "subType": "NORMAL",
    "mapId": 1,
    "teamId": 200,
    "championId": 64,
    "spell1": 4,
    "spell2": 11,
    "level": 30,
    "ipEarned": 71,
    "createDate": 1399031618630,
    "fellowPlayers": [
      {
        "summonerId": 23451430,
        "teamId": 200,
        "championId": 236
      },
      {
        "summonerId": 31251489,
        "teamId": 100,
        "championId": 76
      },
      {
        "summonerId": 35894683,
        "teamId": 100,
        "championId": 222
      },
      {
        "summonerId": 30125068,
        "teamId": 100,
        "championId": 48
      },
      {
        "summonerId": 32684137,
        "teamId": 200,
        "championId": 16
      },
      {
        "summonerId": 33944632,
        "teamId": 200,
        "championId": 23
      },
      {
        "summonerId": 20206237,
        "teamId": 100,
        "championId": 107
      },
      {
        "summonerId": 25484025,
        "teamId": 200,
        "championId": 134
      },
      {
        "summonerId": 23249874,
        "teamId": 100,
        "championId": 53
      }
    ],
    "stats": {
      "level": 18,
      "goldEarned": 13630,
      "numDeaths": 7,
      "barracksKilled": 1,
      "minionsKilled": 53,
      "championsKilled": 4,
      "goldSpent": 13335,
      "totalDamageDealt": 219718,
      "totalDamageTaken": 39225,
      "team": 200,
      "win": false,
      "neutralMinionsKilled": 120,
      "largestMultiKill": 1,
      "physicalDamageDealtPlayer": 117469,
      "magicDamageDealtPlayer": 81641,
      "physicalDamageTaken": 25602,
      "magicDamageTaken": 13152,
      "timePlayed": 2384,
      "totalHeal": 8804,
      "totalUnitsHealed": 1,
      "assists": 14,
      "item0": 3160,
      "item1": 3143,
      "item2": 3074,
      "item3": 3047,
      "item4": 3072,
      "item5": 1031,
      "item6": 3340,
      "magicDamageDealtToChampions": 4635,
      "physicalDamageDealtToChampions": 11378,
      "totalDamageDealtToChampions": 16157,
      "trueDamageDealtPlayer": 20608,
      "trueDamageDealtToChampions": 144,
      "trueDamageTaken": 471,
      "wardPlaced": 14,
      "neutralMinionsKilledEnemyJungle": 15,
      "neutralMinionsKilledYourJungle": 105,
      "totalTimeCrowdControlDealt": 1444
    }
  },
  "30125068": {
    "gameId": 825985225,
    "invalid": false,
    "gameMode": "CLASSIC",
    "gameType": "MATCHED_GAME",
    "subType": "NORMAL",
    "mapId": 1,
    "teamId": 100,
    "championId": 48,
    "spell1": 11,
    "spell2": 4,
    "level": 30,
    "ipEarned": 108,
    "createDate": 1399031618622,
    "fellowPlayers": [
      {
        "summonerId": 23451430,
        "teamId": 200,
        "championId": 236
      },
      {
        "summonerId": 31251489,
        "teamId": 100,
        "championId": 76
      },
      {
        "summonerId": 35894683,
        "teamId": 100,
        "championId": 222
      },
      {
        "summonerId": 32684137,
        "teamId": 200,
        "championId": 16
      },
      {
        "summonerId": 33944632,
        "teamId": 200,
        "championId": 23
      },
      {
        "summonerId": 20206237,
        "teamId": 100,
        "championId": 107
      },
      {
        "summonerId": 29110054,
        "teamId": 200,
        "championId": 64
      },
      {
        "summonerId": 25484025,
        "teamId": 200,
        "championId": 134
      },
      {
        "summonerId": 23249874,
        "teamId": 100,
        "championId": 53
      }
    ],
    "stats": {
      "level": 18,
      "goldEarned": 19251,
      "numDeaths": 8,
      "turretsKilled": 1,
      "minionsKilled": 46,
      "championsKilled": 17,
      "goldSpent": 17310,
      "totalDamageDealt": 306012,
      "totalDamageTaken": 64441,
      "doubleKills": 5,
      "killingSprees": 3,
      "largestKillingSpree": 8,
      "team": 100,
      "win": true,
      "neutralMinionsKilled": 142,
      "largestMultiKill": 2,
      "physicalDamageDealtPlayer": 219470,
      "magicDamageDealtPlayer": 64375,
      "physicalDamageTaken": 40774,
      "magicDamageTaken": 21407,
      "largestCriticalStrike": 1064,
      "timePlayed": 2384,
      "totalHeal": 29764,
      "totalUnitsHealed": 1,
      "assists": 15,
      "item0": 3142,
      "item1": 3074,
      "item2": 3022,
      "item3": 3141,
      "item4": 3160,
      "item5": 3250,
      "item6": 3341,
      "magicDamageDealtToChampions": 7385,
      "physicalDamageDealtToChampions": 32579,
      "totalDamageDealtToChampions": 41154,
      "trueDamageDealtPlayer": 22165,
      "trueDamageDealtToChampions": 1189,
      "trueDamageTaken": 2260,
      "wardKilled": 1,
      "wardPlaced": 6,
      "neutralMinionsKilledEnemyJungle": 18,
      "neutralMinionsKilledYourJungle": 124,
      "totalTimeCrowdControlDealt": 1664
    }
  },
  "31251489": {
    "gameId": 825985225,
    "invalid": false,
    "gameMode": "CLASSIC",
    "gameType": "MATCHED_GAME",
    "subType": "NORMAL",
    "mapId": 1,
    "teamId": 100,
    "championId": 76,
    "spell1": 4,
    "spell2": 3,
    "level": 30,
    "ipEarned": 108,
    "createDate": 1399031618621,
    "fellowPlayers": [
      {
        "summonerId": 23451430,
        "teamId": 200,
        "championId": 236
      },
      {
        "summonerId": 35894683,
        "teamId": 100,
        "championId": 222
      },
      {
        "summonerId": 30125068,
        "teamId": 100,
        "championId": 48
      },
      {
        "summonerId": 32684137,
        "teamId": 200,
        "championId": 16
      },
      {
        "summonerId": 33944632,
        "teamId": 200,
        "championId": 23
      },
      {
        "summonerId": 20206237,
        "teamId": 100,
        "championId": 107
      },
      {
        "summonerId": 29110054,
        "teamId": 200,
        "championId": 64
      },
      {
        "summonerId": 25484025,
        "teamId": 200,
        "championId": 134
      },
      {
        "summonerId": 23249874,
        "teamId": 100,
        "championId": 53
      }
    ],
    "stats": {
      "level": 18,
      "goldEarned": 15402,
      "numDeaths": 8,
      "barracksKilled": 1,
      "turretsKilled": 2,
      "minionsKilled": 180,
      "championsKilled": 9,
      "goldSpent": 13270,
      "totalDamageDealt": 164572,
      "totalDamageTaken": 35353,
      "doubleKills": 1,
      "killingSprees": 3,
      "largestKillingSpree": 3,
      "team": 100,
      "win": true,
      "neutralMinionsKilled": 12,
      "largestMultiKill": 2,
      "physicalDamageDealtPlayer": 36118,
      "magicDamageDealtPlayer": 128040,
      "physicalDamageTaken": 18717,
      "magicDamageTaken": 15410,
      "timePlayed": 2384,
      "totalHeal": 18480,
      "totalUnitsHealed": 5,
      "assists": 16,
      "item0": 3135,
      "item1": 3174,
      "item2": 3020,
      "item3": 3089,
      "item5": 3157,
      "item6": 3340,
      "magicDamageDealtToChampions": 33894,
      "physicalDamageDealtToChampions": 3870,
      "totalDamageDealtToChampions": 37908,
      "trueDamageDealtPlayer": 414,
      "trueDamageDealtToChampions": 144,
      "trueDamageTaken": 1225,
      "wardPlaced": 8,
      "neutralMinionsKilledEnemyJungle": 5,
      "neutralMinionsKilledYourJungle": 7,
      "totalTimeCrowdControlDealt": 88
    }
  },
  "23249874": {
    "gameId": 825985225,
    "invalid": false,
    "gameMode": "CLASSIC",
    "gameType": "MATCHED_GAME",
    "subType": "NORMAL",
    "mapId": 1,
    "teamId": 100,
    "championId": 53,
    "spell1": 3,
    "spell2": 4,
    "level": 30,
    "ipEarned": 108,
    "createDate": 1399031618623,
    "fellowPlayers": [
      {
        "summonerId": 23451430,
        "teamId": 200,
        "championId": 236
      },
      {
        "summonerId": 31251489,
        "teamId": 100,
        "championId": 76
      },
      {
        "summonerId": 35894683,
        "teamId": 100,
        "championId": 222
      },
      {
        "summonerId": 30125068,
        "teamId": 100,
        "championId": 48
      },
      {
        "summonerId": 32684137,
        "teamId": 200,
        "championId": 16
      },
      {
        "summonerId": 33944632,
        "teamId": 200,
        "championId": 23
      },
      {
        "summonerId": 20206237,
        "teamId": 100,
        "championId": 107
      },
      {
        "summonerId": 29110054,
        "teamId": 200,
        "championId": 64
      },
      {
        "summonerId": 25484025,
        "teamId": 200,
        "championId": 134
      }
    ],
    "stats": {
      "level": 18,
      "goldEarned": 13247,
      "numDeaths": 10,
      "minionsKilled": 35,
      "championsKilled": 5,
      "goldSpent": 10810,
      "totalDamageDealt": 46873,
      "totalDamageTaken": 36762,
      "killingSprees": 1,
      "largestKillingSpree": 2,
      "team": 100,
      "win": true,
      "neutralMinionsKilled": 2,
      "largestMultiKill": 1,
      "physicalDamageDealtPlayer": 13006,
      "magicDamageDealtPlayer": 33866,
      "physicalDamageTaken": 20452,
      "magicDamageTaken": 15091,
      "timePlayed": 2384,
      "totalHeal": 3870,
      "totalUnitsHealed": 1,
      "assists": 20,
      "item0": 3047,
      "item1": 3110,
      "item2": 3025,
      "item3": 3069,
      "item4": 2045,
      "item6": 3341,
      "sightWardsBought": 4,
      "magicDamageDealtToChampions": 14361,
      "physicalDamageDealtToChampions": 6025,
      "totalDamageDealtToChampions": 20387,
      "trueDamageTaken": 1218,
      "wardPlaced": 14,
      "neutralMinionsKilledYourJungle": 2,
      "totalTimeCrowdControlDealt": 1468
    }
  },
  "32684137": {
    "gameId": 825985225,
    "invalid": false,
    "gameMode": "CLASSIC",
    "gameType": "MATCHED_GAME",
    "subType": "NORMAL",
    "mapId": 1,
    "teamId": 200,
    "championId": 16,
    "spell1": 4,
    "spell2": 14,
    "level": 30,
    "ipEarned": 71,
    "createDate": 1399031618632,
    "fellowPlayers": [
      {
        "summonerId": 23451430,
        "teamId": 200,
        "championId": 236
      },
      {
        "summonerId": 31251489,
        "teamId": 100,
        "championId": 76
      },
      {
        "summonerId": 35894683,
        "teamId": 100,
        "championId": 222
      },
      {
        "summonerId": 30125068,
        "teamId": 100,
        "championId": 48
      },
      {
        "summonerId": 33944632,
        "teamId": 200,
        "championId": 23
      },
      {
        "summonerId": 20206237,
        "teamId": 100,
        "championId": 107
      },
      {
        "summonerId": 29110054,
        "teamId": 200,
        "championId": 64
      },
      {
        "summonerId": 25484025,
        "teamId": 200,
        "championId": 134
      },
      {
        "summonerId": 23249874,
        "teamId": 100,
        "championId": 53
      }
    ],
    "stats": {
      "level": 16,
      "goldEarned": 15176,
      "numDeaths": 13,
      "turretsKilled": 3,
      "minionsKilled": 83,
      "championsKilled": 6,
      "goldSpent": 14955,
      "totalDamageDealt": 109379,
      "totalDamageTaken": 35681,
      "doubleKills": 1,
      "killingSprees": 2,
      "largestKillingSpree": 3,
      "team": 200,
      "win": false,
      "neutralMinionsKilled": 9,
      "largestMultiKill": 2,
      "physicalDamageDealtPlayer": 9355,
      "magicDamageDealtPlayer": 98575,
      "physicalDamageTaken": 26671,
      "magicDamageTaken": 8516,
      "timePlayed": 2384,
      "totalHeal": 26941,
      "totalUnitsHealed": 6,
      "assists": 21,
      "item0": 3257,
      "item1": 3152,
      "item2": 3116,
      "item3": 1026,
      "item4": 3174,
      "item5": 3151,
      "item6": 3340,
      "sightWardsBought": 4,
      "magicDamageDealtToChampions": 31457,
      "physicalDamageDealtToChampions": 2009,
      "totalDamageDealtToChampions": 34914,
      "trueDamageDealtPlayer": 1448,
      "trueDamageDealtToChampions": 1448,
      "trueDamageTaken": 494,
      "wardPlaced": 8,
      "neutralMinionsKilledYourJungle": 9,
      "totalTimeCrowdControlDealt": 323
    }
  },
  "25484025": {
    "gameId": 825985225,
    "invalid": false,
    "gameMode": "CLASSIC",
    "gameType": "MATCHED_GAME",
    "subType": "NORMAL",
    "mapId": 1,
    "teamId": 200,
    "championId": 134,
    "spell1": 4,
    "spell2": 14,
    "level": 30,
    "ipEarned": 71,
    "createDate": 1399031618625,
    "fellowPlayers": [
      {
        "summonerId": 23451430,
        "teamId": 200,
        "championId": 236
      },
      {
        "summonerId": 31251489,
        "teamId": 100,
        "championId": 76
      },
      {
        "summonerId": 35894683,
        "teamId": 100,
        "championId": 222
      },
      {
        "summonerId": 30125068,
        "teamId": 100,
        "championId": 48
      },
      {
        "summonerId": 32684137,
        "teamId": 200,
        "championId": 16
      },
      {
        "summonerId": 33944632,
        "teamId": 200,
        "championId": 23
      },
      {
        "summonerId": 20206237,
        "teamId": 100,
        "championId": 107
      },
      {
        "summonerId": 29110054,
        "teamId": 200,
        "championId": 64
      },
      {
        "summonerId": 23249874,
        "teamId": 100,
        "championId": 53
      }
    ],
    "stats": {
      "level": 18,
      "goldEarned": 13429,
      "numDeaths": 11,
      "minionsKilled": 169,
      "championsKilled": 9,
      "goldSpent": 12980,
      "totalDamageDealt": 142138,
      "totalDamageTaken": 30953,
      "doubleKills": 2,
      "killingSprees": 1,
      "largestKillingSpree": 5,
      "team": 200,
      "win": false,
      "neutralMinionsKilled": 8,
      "largestMultiKill": 2,
      "physicalDamageDealtPlayer": 18592,
      "magicDamageDealtPlayer": 121574,
      "physicalDamageTaken": 14963,
      "magicDamageTaken": 15229,
      "timePlayed": 2384,
      "assists": 13,
      "item0": 1056,
      "item1": 3116,
      "item2": 3020,
      "item3": 3174,
      "item4": 3089,
      "item5": 3135,
      "item6": 3340,
      "magicDamageDealtToChampions": 32728,
      "physicalDamageDealtToChampions": 2300,
      "totalDamageDealtToChampions": 36819,
      "trueDamageDealtPlayer": 1970,
      "trueDamageDealtToChampions": 1790,
      "trueDamageTaken": 761,
      "wardPlaced": 8,
      "neutralMinionsKilledYourJungle": 8,
      "totalTimeCrowdControlDealt": 738
    }
  },
  "23451430": {
    "gameId": 825985225,
    "invalid": false,
    "gameMode": "CLASSIC",
    "gameType": "MATCHED_GAME",
    "subType": "NORMAL",
    "mapId": 1,
    "teamId": 200,
    "championId": 236,
    "spell1": 4,
    "spell2": 7,
    "level": 30,
    "ipEarned": 142,
    "createDate": 1399031618629,
    "fellowPlayers": [
      {
        "summonerId": 31251489,
        "teamId": 100,
        "championId": 76
      },
      {
        "summonerId": 35894683,
        "teamId": 100,
        "championId": 222
      },
      {
        "summonerId": 30125068,
        "teamId": 100,
        "championId": 48
      },
      {
        "summonerId": 32684137,
        "teamId": 200,
        "championId": 16
      },
      {
        "summonerId": 33944632,
        "teamId": 200,
        "championId": 23
      },
      {
        "summonerId": 20206237,
        "teamId": 100,
        "championId": 107
      },
      {
        "summonerId": 29110054,
        "teamId": 200,
        "championId": 64
      },
      {
        "summonerId": 25484025,
        "teamId": 200,
        "championId": 134
      },
      {
        "summonerId": 23249874,
        "teamId": 100,
        "championId": 53
      }
    ],
    "stats": {
      "level": 18,
      "goldEarned": 14875,
      "numDeaths": 10,
      "turretsKilled": 2,
      "minionsKilled": 129,
      "championsKilled": 11,
      "goldSpent": 14483,
      "totalDamageDealt": 140989,
      "totalDamageTaken": 35126,
      "doubleKills": 1,
      "tripleKills": 1,
      "killingSprees": 3,
      "largestKillingSpree": 3,
      "team": 200,
      "win": false,
      "neutralMinionsKilled": 20,
      "largestMultiKill": 3,
      "physicalDamageDealtPlayer": 133577,
      "magicDamageDealtPlayer": 5958,
      "physicalDamageTaken": 22668,
      "magicDamageTaken": 11914,
      "largestCriticalStrike": 750,
      "timePlayed": 2384,
      "totalHeal": 2637,
      "totalUnitsHealed": 3,
      "assists": 15,
      "item0": 3072,
      "item1": 3006,
      "item2": 3078,
      "item3": 3035,
      "item4": 3031,
      "item6": 3340,
      "magicDamageDealtToChampions": 3984,
      "physicalDamageDealtToChampions": 39182,
      "totalDamageDealtToChampions": 43867,
      "trueDamageDealtPlayer": 1454,
      "trueDamageDealtToChampions": 700,
      "trueDamageTaken": 543,
      "wardPlaced": 6,
      "neutralMinionsKilledEnemyJungle": 2,
      "neutralMinionsKilledYourJungle": 18,
      "totalTimeCrowdControlDealt": 194
    }
  },
  "20206237": {
    "gameId": 825985225,
    "invalid": false,
    "gameMode": "CLASSIC",
    "gameType": "MATCHED_GAME",
    "subType": "NORMAL",
    "mapId": 1,
    "teamId": 100,
    "championId": 107,
    "spell1": 4,
    "spell2": 14,
    "level": 30,
    "ipEarned": 108,
    "createDate": 1399031618619,
    "fellowPlayers": [
      {
        "summonerId": 23451430,
        "teamId": 200,
        "championId": 236
      },
      {
        "summonerId": 31251489,
        "teamId": 100,
        "championId": 76
      },
      {
        "summonerId": 35894683,
        "teamId": 100,
        "championId": 222
      },
      {
        "summonerId": 30125068,
        "teamId": 100,
        "championId": 48
      },
      {
        "summonerId": 32684137,
        "teamId": 200,
        "championId": 16
      },
      {
        "summonerId": 33944632,
        "teamId": 200,
        "championId": 23
      },
      {
        "summonerId": 29110054,
        "teamId": 200,
        "championId": 64
      },
      {
        "summonerId": 25484025,
        "teamId": 200,
        "championId": 134
      },
      {
        "summonerId": 23249874,
        "teamId": 100,
        "championId": 53
      }
    ],
    "stats": {
      "level": 18,
      "goldEarned": 16009,
      "numDeaths": 5,
      "turretsKilled": 1,
      "minionsKilled": 183,
      "championsKilled": 12,
      "goldSpent": 13320,
      "totalDamageDealt": 126678,
      "totalDamageTaken": 38815,
      "doubleKills": 2,
      "killingSprees": 3,
      "largestKillingSpree": 5,
      "team": 100,
      "win": true,
      "neutralMinionsKilled": 4,
      "largestMultiKill": 2,
      "physicalDamageDealtPlayer": 71777,
      "magicDamageDealtPlayer": 53142,
      "physicalDamageTaken": 25891,
      "magicDamageTaken": 11085,
      "timePlayed": 2384,
      "totalHeal": 8763,
      "totalUnitsHealed": 1,
      "assists": 17,
      "item0": 3071,
      "item1": 3047,
      "item2": 3068,
      "item3": 3065,
      "item4": 3153,
      "item6": 3171,
      "magicDamageDealtToChampions": 8151,
      "physicalDamageDealtToChampions": 16333,
      "totalDamageDealtToChampions": 25902,
      "trueDamageDealtPlayer": 1759,
      "trueDamageDealtToChampions": 1417,
      "trueDamageTaken": 1839,
      "wardPlaced": 11,
      "neutralMinionsKilledEnemyJungle": 3,
      "neutralMinionsKilledYourJungle": 1,
      "totalTimeCrowdControlDealt": 443
    }
  },
  "33944632": {
    "gameId": 825985225,
    "invalid": false,
    "gameMode": "CLASSIC",
    "gameType": "MATCHED_GAME",
    "subType": "NORMAL",
    "mapId": 1,
    "teamId": 200,
    "championId": 23,
    "spell1": 4,
    "spell2": 14,
    "level": 30,
    "ipEarned": 71,
    "createDate": 1399031618627,
    "fellowPlayers": [
      {
        "summonerId": 23451430,
        "teamId": 200,
        "championId": 236
      },
      {
        "summonerId": 31251489,
        "teamId": 100,
        "championId": 76
      },
      {
        "summonerId": 35894683,
        "teamId": 100,
        "championId": 222
      },
      {
        "summonerId": 30125068,
        "teamId": 100,
        "championId": 48
      },
      {
        "summonerId": 32684137,
        "teamId": 200,
        "championId": 16
      },
      {
        "summonerId": 20206237,
        "teamId": 100,
        "championId": 107
      },
      {
        "summonerId": 29110054,
        "teamId": 200,
        "championId": 64
      },
      {
        "summonerId": 25484025,
        "teamId": 200,
        "championId": 134
      },
      {
        "summonerId": 23249874,
        "teamId": 100,
        "championId": 53
      }
    ],
    "stats": {
      "level": 18,
      "goldEarned": 14238,
      "numDeaths": 13,
      "minionsKilled": 147,
      "championsKilled": 9,
      "goldSpent": 13465,
      "totalDamageDealt": 175716,
      "totalDamageTaken": 53602,
      "doubleKills": 2,
      "killingSprees": 1,
      "largestKillingSpree": 6,
      "team": 200,
      "win": false,
      "neutralMinionsKilled": 38,
      "largestMultiKill": 2,
      "physicalDamageDealtPlayer": 155242,
      "magicDamageDealtPlayer": 17745,
      "physicalDamageTaken": 36203,
      "magicDamageTaken": 16289,
      "largestCriticalStrike": 676,
      "timePlayed": 2384,
      "totalHeal": 11259,
      "totalUnitsHealed": 1,
      "assists": 10,
      "item0": 1031,
      "item1": 3153,
      "item2": 3006,
      "item3": 3154,
      "item4": 3087,
      "item5": 3031,
      "item6": 3340,
      "magicDamageDealtToChampions": 1620,
      "physicalDamageDealtToChampions": 26275,
      "totalDamageDealtToChampions": 30092,
      "trueDamageDealtPlayer": 2728,
      "trueDamageDealtToChampions": 2196,
      "trueDamageTaken": 1109,
      "wardPlaced": 9,
      "neutralMinionsKilledEnemyJungle": 18,
      "neutralMinionsKilledYourJungle": 20,
      "totalTimeCrowdControlDealt": 457
    }
  }
}