{
  "36974251": {
    "gameId": 825985567,
    "invalid": false,
    "gameMode": "CLASSIC",
    "gameType": "MATCHED_GAME",
    "subType": "RANKED_SOLO_5x5",
    "mapId": 1,
    "teamId": 100,
    "championId": 55,
    "spell1": 4,
    "spell2": 14,
    "level": 30,
    "ipEarned": 69,
    "createDate": 1399031733217,
    "fellowPlayers": [
      {
        "summonerId": 33447282,
        "teamId": 200,
        "championId": 29
      },
      {
        "summonerId": 26544776,
        "teamId": 100,
        "championId": 84
      },
      {
        "summonerId": 30872183,
        "teamId": 100,
        "championId": 80
      },
      {
        "summonerId": 34763196,
        "teamId": 200,
        "championId": 103
      },
      {
        "summonerId": 33977786,
        "teamId": 200,
        "championId": 32
      },
      {
        "summonerId": 25906230,
        "teamId": 100,
        "championId": 51
      },
      {
        "summonerId": 38455058,
        "teamId": 200,
        "championId": 23
      },
      {
        "summonerId": 27125764,
        "teamId": 100,
        "championId": 62
      },
      {
        "summonerId": 39143824,
        "teamId": 200,
        "championId": 43
      }
    ],
    "stats": {
      "level": 17,
      "goldEarned": 11679,
      "numDeaths": 10,
      "minionsKilled": 191,
      "championsKilled": 4,
      "goldSpent": 11235,
      "totalDamageDealt": 116287,
      "totalDamageTaken": 26157,
      "killingSprees": 1,
      "largestKillingSpree": 3,
      "team": 100,
      "win": false,
      "neutralMinionsKilled": 2,
      "largestMultiKill": 1,
      "physicalDamageDealtPlayer": 13195,
      "magicDamageDealtPlayer": 102324,
      "physicalDamageTaken": 12962,
      "magicDamageTaken": 10917,
      "timePlayed": 2325,
      "totalHeal": 2188,
      "totalUnitsHealed": 1,
      "assists": 10,
      "item0": 3255,
      "item1": 3146,
      "item2": 3089,
      "item3": 3026,
      "item6": 3340,
      "magicDamageDealtToChampions": 14642,
      "physicalDamageDealtToChampions": 934,
      "totalDamageDealtToChampions": 16343,
      "trueDamageDealtPlayer": 766,
      "trueDamageDealtToChampions": 766,
      "trueDamageTaken": 2277,
      "wardPlaced": 8,
      "neutralMinionsKilledEnemyJungle": 2,
      "totalTimeCrowdControlDealt": 10
    }
  },
  "summonerCount": 10,
  "30872183": {
    "gameId": 825985567,
    "invalid": false,
    "gameMode": "CLASSIC",
    "gameType": "MATCHED_GAME",
    "subType": "RANKED_SOLO_5x5",
    "mapId": 1,
    "teamId": 100,
    "championId": 80,
    "spell1": 14,
    "spell2": 4,
    "level": 30,
    "ipEarned": 69,
    "createDate": 1399031733218,
    "fellowPlayers": [
      {
        "summonerId": 33447282,
        "teamId": 200,
        "championId": 29
      },
      {
        "summonerId": 26544776,
        "teamId": 100,
        "championId": 84
      },
      {
        "summonerId": 36974251,
        "teamId": 100,
        "championId": 55
      },
      {
        "summonerId": 34763196,
        "teamId": 200,
        "championId": 103
      },
      {
        "summonerId": 33977786,
        "teamId": 200,
        "championId": 32
      },
      {
        "summonerId": 25906230,
        "teamId": 100,
        "championId": 51
      },
      {
        "summonerId": 38455058,
        "teamId": 200,
        "championId": 23
      },
      {
        "summonerId": 27125764,
        "teamId": 100,
        "championId": 62
      },
      {
        "summonerId": 39143824,
        "teamId": 200,
        "championId": 43
      }
    ],
    "stats": {
      "level": 17,
      "goldEarned": 11646,
      "numDeaths": 9,
      "turretsKilled": 1,
      "minionsKilled": 138,
      "championsKilled": 8,
      "goldSpent": 13682,
      "totalDamageDealt": 129079,
      "totalDamageTaken": 31255,
      "killingSprees": 3,
      "largestKillingSpree": 3,
      "team": 100,
      "win": false,
      "neutralMinionsKilled": 30,
      "largestMultiKill": 1,
      "physicalDamageDealtPlayer": 126398,
      "magicDamageDealtPlayer": 1745,
      "physicalDamageTaken": 16843,
      "magicDamageTaken": 11854,
      "largestCriticalStrike": 919,
      "timePlayed": 2325,
      "totalHeal": 3690,
      "totalUnitsHealed": 1,
      "assists": 5,
      "item0": 3071,
      "item1": 2043,
      "item2": 3074,
      "item3": 3068,
      "item5": 3265,
      "item6": 3340,
      "visionWardsBought": 2,
      "magicDamageDealtToChampions": 1507,
      "physicalDamageDealtToChampions": 23616,
      "totalDamageDealtToChampions": 25933,
      "trueDamageDealtPlayer": 935,
      "trueDamageDealtToChampions": 809,
      "trueDamageTaken": 2557,
      "wardKilled": 1,
      "wardPlaced": 8,
      "neutralMinionsKilledEnemyJungle": 5,
      "neutralMinionsKilledYourJungle": 25,
      "totalTimeCrowdControlDealt": 54
    }
  },
  "33447282": {
    "gameId": 825985567,
    "invalid": false,
    "gameMode": "CLASSIC",
    "gameType": "MATCHED_GAME",
    "subType": "RANKED_SOLO_5x5",
    "mapId": 1,
    "teamId": 200,
    "championId": 29,
    "spell1": 7,
    "spell2": 4,
    "level": 30,
    "ipEarned": 256,
    "createDate": 1399031733226,
    "fellowPlayers": [
      {
        "summonerId": 26544776,
        "teamId": 100,
        "championId": 84
      },
      {
        "summonerId": 36974251,
        "teamId": 100,
        "championId": 55
      },
      {
        "summonerId": 30872183,
        "teamId": 100,
        "championId": 80
      },
      {
        "summonerId": 34763196,
        "teamId": 200,
        "championId": 103
      },
      {
        "summonerId": 33977786,
        "teamId": 200,
        "championId": 32
      },
      {
        "summonerId": 25906230,
        "teamId": 100,
        "championId": 51
      },
      {
        "summonerId": 38455058,
        "teamId": 200,
        "championId": 23
      },
      {
        "summonerId": 27125764,
        "teamId": 100,
        "championId": 62
      },
      {
        "summonerId": 39143824,
        "teamId": 200,
        "championId": 43
      }
    ],
    "stats": {
      "level": 18,
      "goldEarned": 16757,
      "numDeaths": 9,
      "turretsKilled": 1,
      "minionsKilled": 160,
      "championsKilled": 15,
      "goldSpent": 16315,
      "totalDamageDealt": 135672,
      "totalDamageTaken": 25202,
      "doubleKills": 1,
      "killingSprees": 3,
      "largestKillingSpree": 5,
      "team": 200,
      "win": true,
      "neutralMinionsKilled": 9,
      "largestMultiKill": 2,
      "physicalDamageDealtPlayer": 120753,
      "magicDamageDealtPlayer": 7418,
      "physicalDamageTaken": 12564,
      "magicDamageTaken": 12234,
      "largestCriticalStrike": 980,
      "timePlayed": 2325,
      "totalHeal": 4365,
      "totalUnitsHealed": 3,
      "assists": 14,
      "item0": 1038,
      "item1": 3072,
      "item2": 3035,
      "item3": 3087,
      "item4": 3006,
      "item5": 3031,
      "item6": 3340,
      "magicDamageDealtToChampions": 1128,
      "physicalDamageDealtToChampions": 22715,
      "totalDamageDealtToChampions": 26809,
      "trueDamageDealtPlayer": 7500,
      "trueDamageDealtToChampions": 2966,
      "trueDamageTaken": 404,
      "wardPlaced": 5,
      "neutralMinionsKilledEnemyJungle": 1,
      "neutralMinionsKilledYourJungle": 8,
      "totalTimeCrowdControlDealt": 482
    }
  },
  "34763196": {
    "gameId": 825985567,
    "invalid": false,
    "gameMode": "CLASSIC",
    "gameType": "MATCHED_GAME",
    "subType": "RANKED_SOLO_5x5",
    "mapId": 1,
    "teamId": 200,
    "championId": 103,
    "spell1": 14,
    "spell2": 4,
    "level": 30,
    "ipEarned": 256,
    "createDate": 1399031733224,
    "fellowPlayers": [
      {
        "summonerId": 33447282,
        "teamId": 200,
        "championId": 29
      },
      {
        "summonerId": 26544776,
        "teamId": 100,
        "championId": 84
      },
      {
        "summonerId": 36974251,
        "teamId": 100,
        "championId": 55
      },
      {
        "summonerId": 30872183,
        "teamId": 100,
        "championId": 80
      },
      {
        "summonerId": 33977786,
        "teamId": 200,
        "championId": 32
      },
      {
        "summonerId": 25906230,
        "teamId": 100,
        "championId": 51
      },
      {
        "summonerId": 38455058,
        "teamId": 200,
        "championId": 23
      },
      {
        "summonerId": 27125764,
        "teamId": 100,
        "championId": 62
      },
      {
        "summonerId": 39143824,
        "teamId": 200,
        "championId": 43
      }
    ],
    "stats": {
      "level": 18,
      "goldEarned": 15050,
      "numDeaths": 8,
      "minionsKilled": 173,
      "championsKilled": 12,
      "goldSpent": 16210,
      "totalDamageDealt": 135020,
      "totalDamageTaken": 22562,
      "doubleKills": 1,
      "killingSprees": 4,
      "largestKillingSpree": 3,
      "team": 200,
      "win": true,
      "neutralMinionsKilled": 6,
      "largestMultiKill": 2,
      "physicalDamageDealtPlayer": 17998,
      "magicDamageDealtPlayer": 80402,
      "physicalDamageTaken": 10380,
      "magicDamageTaken": 11428,
      "timePlayed": 2325,
      "totalHeal": 4007,
      "totalUnitsHealed": 1,
      "assists": 13,
      "item0": 3128,
      "item1": 3157,
      "item2": 3255,
      "item3": 3089,
      "item5": 3135,
      "item6": 3340,
      "magicDamageDealtToChampions": 22108,
      "physicalDamageDealtToChampions": 1369,
      "totalDamageDealtToChampions": 29665,
      "trueDamageDealtPlayer": 36619,
      "trueDamageDealtToChampions": 6187,
      "trueDamageTaken": 754,
      "wardPlaced": 8,
      "neutralMinionsKilledYourJungle": 6,
      "totalTimeCrowdControlDealt": 31
    }
  },
  "27125764": {
    "gameId": 825985567,
    "invalid": false,
    "gameMode": "CLASSIC",
    "gameType": "MATCHED_GAME",
    "subType": "RANKED_SOLO_5x5",
    "mapId": 1,
    "teamId": 100,
    "championId": 62,
    "spell1": 11,
    "spell2": 4,
    "level": 30,
    "ipEarned": 69,
    "createDate": 1399031733221,
    "fellowPlayers": [
      {
        "summonerId": 33447282,
        "teamId": 200,
        "championId": 29
      },
      {
        "summonerId": 26544776,
        "teamId": 100,
        "championId": 84
      },
      {
        "summonerId": 36974251,
        "teamId": 100,
        "championId": 55
      },
      {
        "summonerId": 30872183,
        "teamId": 100,
        "championId": 80
      },
      {
        "summonerId": 34763196,
        "teamId": 200,
        "championId": 103
      },
      {
        "summonerId": 33977786,
        "teamId": 200,
        "championId": 32
      },
      {
        "summonerId": 25906230,
        "teamId": 100,
        "championId": 51
      },
      {
        "summonerId": 38455058,
        "teamId": 200,
        "championId": 23
      },
      {
        "summonerId": 39143824,
        "teamId": 200,
        "championId": 43
      }
    ],
    "stats": {
      "level": 17,
      "goldEarned": 12353,
      "numDeaths": 8,
      "turretsKilled": 1,
      "minionsKilled": 55,
      "championsKilled": 6,
      "goldSpent": 11895,
      "totalDamageDealt": 161466,
      "totalDamageTaken": 33024,
      "killingSprees": 2,
      "largestKillingSpree": 2,
      "team": 100,
      "win": false,
      "neutralMinionsKilled": 95,
      "largestMultiKill": 1,
      "physicalDamageDealtPlayer": 127120,
      "magicDamageDealtPlayer": 13748,
      "physicalDamageTaken": 19019,
      "magicDamageTaken": 11822,
      "timePlayed": 2325,
      "totalHeal": 4901,
      "totalUnitsHealed": 1,
      "assists": 9,
      "item0": 3260,
      "item1": 3074,
      "item2": 3068,
      "item3": 3155,
      "item4": 1037,
      "item5": 3209,
      "item6": 3340,
      "magicDamageDealtToChampions": 1830,
      "physicalDamageDealtToChampions": 17405,
      "totalDamageDealtToChampions": 20807,
      "trueDamageDealtPlayer": 20597,
      "trueDamageDealtToChampions": 1570,
      "trueDamageTaken": 2183,
      "wardKilled": 1,
      "wardPlaced": 12,
      "neutralMinionsKilledEnemyJungle": 18,
      "neutralMinionsKilledYourJungle": 77,
      "totalTimeCrowdControlDealt": 400
    }
  },
  "25906230": {
    "gameId": 825985567,
    "invalid": false,
    "gameMode": "CLASSIC",
    "gameType": "MATCHED_GAME",
    "subType": "RANKED_SOLO_5x5",
    "mapId": 1,
    "teamId": 100,
    "championId": 51,
    "spell1": 4,
    "spell2": 7,
    "level": 30,
    "ipEarned": 69,
    "createDate": 1399031733216,
    "fellowPlayers": [
      {
        "summonerId": 33447282,
        "teamId": 200,
        "championId": 29
      },
      {
        "summonerId": 26544776,
        "teamId": 100,
        "championId": 84
      },
      {
        "summonerId": 36974251,
        "teamId": 100,
        "championId": 55
      },
      {
        "summonerId": 30872183,
        "teamId": 100,
        "championId": 80
      },
      {
        "summonerId": 34763196,
        "teamId": 200,
        "championId": 103
      },
      {
        "summonerId": 33977786,
        "teamId": 200,
        "championId": 32
      },
      {
        "summonerId": 38455058,
        "teamId": 200,
        "championId": 23
      },
      {
        "summonerId": 27125764,
        "teamId": 100,
        "championId": 62
      },
      {
        "summonerId": 39143824,
        "teamId": 200,
        "championId": 43
      }
    ],
    "stats": {
      "level": 15,
      "goldEarned": 12376,
      "numDeaths": 11,
      "turretsKilled": 2,
      "minionsKilled": 172,
      "championsKilled": 5,
      "goldSpent": 11900,
      "totalDamageDealt": 127840,
      "totalDamageTaken": 26887,
      "killingSprees": 1,
      "largestKillingSpree": 4,
      "team": 100,
      "win": false,
      "neutralMinionsKilled": 6,
      "largestMultiKill": 1,
      "physicalDamageDealtPlayer": 123437,
      "magicDamageDealtPlayer": 4403,
      "physicalDamageTaken": 11441,
      "magicDamageTaken": 13809,
      "largestCriticalStrike": 836,
      "timePlayed": 2325,
      "totalHeal": 2474,
      "totalUnitsHealed": 4,
      "assists": 12,
      "item0": 3046,
      "item1": 3031,
      "item2": 3006,
      "item3": 1053,
      "item4": 3035,
      "item5": 1057,
      "item6": 3340,
      "magicDamageDealtToChampions": 3148,
      "physicalDamageDealtToChampions": 23110,
      "totalDamageDealtToChampions": 26258,
      "trueDamageTaken": 1636,
      "wardKilled": 2,
      "wardPlaced": 8,
      "neutralMinionsKilledEnemyJungle": 2,
      "neutralMinionsKilledYourJungle": 4,
      "totalTimeCrowdControlDealt": 92
    }
  },
  "33977786": {
    "gameId": 825985567,
    "invalid": false,
    "gameMode": "CLASSIC",
    "gameType": "MATCHED_GAME",
    "subType": "RANKED_SOLO_5x5",
    "mapId": 1,
    "teamId": 200,
    "championId": 32,
    "spell1": 11,
    "spell2": 4,
    "level": 30,
    "ipEarned": 106,
    "createDate": 1399031733222,
    "fellowPlayers": [
      {
        "summonerId": 33447282,
        "teamId": 200,
        "championId": 29
      },
      {
        "summonerId": 26544776,
        "teamId": 100,
        "championId": 84
      },
      {
        "summonerId": 36974251,
        "teamId": 100,
        "championId": 55
      },
      {
        "summonerId": 30872183,
        "teamId": 100,
        "championId": 80
      },
      {
        "summonerId": 34763196,
        "teamId": 200,
        "championId": 103
      },
      {
        "summonerId": 25906230,
        "teamId": 100,
        "championId": 51
      },
      {
        "summonerId": 38455058,
        "teamId": 200,
        "championId": 23
      },
      {
        "summonerId": 27125764,
        "teamId": 100,
        "championId": 62
      },
      {
        "summonerId": 39143824,
        "teamId": 200,
        "championId": 43
      }
    ],
    "stats": {
      "level": 18,
      "goldEarned": 15749,
      "numDeaths": 8,
      "turretsKilled": 2,
      "minionsKilled": 62,
      "championsKilled": 9,
      "goldSpent": 13150,
      "totalDamageDealt": 187882,
      "totalDamageTaken": 47418,
      "doubleKills": 2,
      "killingSprees": 3,
      "largestKillingSpree": 3,
      "team": 200,
      "win": true,
      "neutralMinionsKilled": 88,
      "largestMultiKill": 2,
      "physicalDamageDealtPlayer": 27758,
      "magicDamageDealtPlayer": 148041,
      "physicalDamageTaken": 36180,
      "magicDamageTaken": 9542,
      "timePlayed": 2325,
      "totalHeal": 9487,
      "totalUnitsHealed": 1,
      "assists": 22,
      "item0": 3206,
      "item1": 3265,
      "item2": 3068,
      "item3": 3065,
      "item4": 3151,
      "item5": 1011,
      "item6": 3341,
      "magicDamageDealtToChampions": 22759,
      "physicalDamageDealtToChampions": 715,
      "totalDamageDealtToChampions": 23514,
      "trueDamageDealtPlayer": 12082,
      "trueDamageDealtToChampions": 40,
      "trueDamageTaken": 1695,
      "wardKilled": 3,
      "neutralMinionsKilledEnemyJungle": 12,
      "neutralMinionsKilledYourJungle": 76,
      "totalTimeCrowdControlDealt": 229
    }
  },
  "38455058": {
    "gameId": 825985567,
    "invalid": false,
    "gameMode": "CLASSIC",
    "gameType": "MATCHED_GAME",
    "subType": "RANKED_SOLO_5x5",
    "mapId": 1,
    "teamId": 200,
    "championId": 23,
    "spell1": 14,
    "spell2": 6,
    "level": 30,
    "ipEarned": 106,
    "createDate": 1399031733223,
    "fellowPlayers": [
      {
        "summonerId": 33447282,
        "teamId": 200,
        "championId": 29
      },
      {
        "summonerId": 26544776,
        "teamId": 100,
        "championId": 84
      },
      {
        "summonerId": 36974251,
        "teamId": 100,
        "championId": 55
      },
      {
        "summonerId": 30872183,
        "teamId": 100,
        "championId": 80
      },
      {
        "summonerId": 34763196,
        "teamId": 200,
        "championId": 103
      },
      {
        "summonerId": 33977786,
        "teamId": 200,
        "championId": 32
      },
      {
        "summonerId": 25906230,
        "teamId": 100,
        "championId": 51
      },
      {
        "summonerId": 27125764,
        "teamId": 100,
        "championId": 62
      },
      {
        "summonerId": 39143824,
        "teamId": 200,
        "championId": 43
      }
    ],
    "stats": {
      "level": 18,
      "goldEarned": 19543,
      "numDeaths": 6,
      "barracksKilled": 1,
      "turretsKilled": 6,
      "minionsKilled": 243,
      "championsKilled": 16,
      "goldSpent": 17255,
      "totalDamageDealt": 243553,
      "totalDamageTaken": 54211,
      "doubleKills": 3,
      "tripleKills": 2,
      "killingSprees": 2,
      "largestKillingSpree": 9,
      "team": 200,
      "win": true,
      "neutralMinionsKilled": 16,
      "largestMultiKill": 3,
      "physicalDamageDealtPlayer": 217832,
      "magicDamageDealtPlayer": 23202,
      "physicalDamageTaken": 40117,
      "magicDamageTaken": 12854,
      "largestCriticalStrike": 771,
      "timePlayed": 2325,
      "totalHeal": 10952,
      "totalUnitsHealed": 1,
      "assists": 15,
      "item0": 3031,
      "item1": 3153,
      "item2": 3172,
      "item3": 3254,
      "item4": 3087,
      "item5": 3035,
      "item6": 3340,
      "magicDamageDealtToChampions": 2508,
      "physicalDamageDealtToChampions": 30352,
      "totalDamageDealtToChampions": 34750,
      "trueDamageDealtPlayer": 2518,
      "trueDamageDealtToChampions": 1890,
      "trueDamageTaken": 1239,
      "wardKilled": 1,
      "wardPlaced": 5,
      "neutralMinionsKilledEnemyJungle": 5,
      "neutralMinionsKilledYourJungle": 11,
      "totalTimeCrowdControlDealt": 434
    }
  },
  "39143824": {
    "gameId": 825985567,
    "invalid": false,
    "gameMode": "CLASSIC",
    "gameType": "MATCHED_GAME",
    "subType": "RANKED_SOLO_5x5",
    "mapId": 1,
    "teamId": 200,
    "championId": 43,
    "spell1": 4,
    "spell2": 3,
    "level": 30,
    "ipEarned": 256,
    "createDate": 1399031733225,
    "fellowPlayers": [
      {
        "summonerId": 33447282,
        "teamId": 200,
        "championId": 29
      },
      {
        "summonerId": 26544776,
        "teamId": 100,
        "championId": 84
      },
      {
        "summonerId": 36974251,
        "teamId": 100,
        "championId": 55
      },
      {
        "summonerId": 30872183,
        "teamId": 100,
        "championId": 80
      },
      {
        "summonerId": 34763196,
        "teamId": 200,
        "championId": 103
      },
      {
        "summonerId": 33977786,
        "teamId": 200,
        "championId": 32
      },
      {
        "summonerId": 25906230,
        "teamId": 100,
        "championId": 51
      },
      {
        "summonerId": 38455058,
        "teamId": 200,
        "championId": 23
      },
      {
        "summonerId": 27125764,
        "teamId": 100,
        "championId": 62
      }
    ],
    "stats": {
      "level": 16,
      "goldEarned": 11126,
      "numDeaths": 11,
      "minionsKilled": 20,
      "championsKilled": 2,
      "goldSpent": 11105,
      "totalDamageDealt": 31355,
      "totalDamageTaken": 25590,
      "team": 200,
      "win": true,
      "largestMultiKill": 1,
      "physicalDamageDealtPlayer": 4127,
      "magicDamageDealtPlayer": 27228,
      "physicalDamageTaken": 17107,
      "magicDamageTaken": 7410,
      "timePlayed": 2325,
      "totalHeal": 1412,
      "totalUnitsHealed": 1,
      "assists": 19,
      "item0": 2049,
      "item1": 3069,
      "item2": 3117,
      "item3": 3174,
      "item4": 3136,
      "item6": 3341,
      "sightWardsBought": 7,
      "visionWardsBought": 5,
      "magicDamageDealtToChampions": 13957,
      "physicalDamageDealtToChampions": 496,
      "totalDamageDealtToChampions": 14453,
      "trueDamageTaken": 1073,
      "wardPlaced": 26,
      "totalTimeCrowdControlDealt": 206
    }
  },
  "26544776": {
    "gameId": 825985567,
    "invalid": false,
    "gameMode": "CLASSIC",
    "gameType": "MATCHED_GAME",
    "subType": "RANKED_SOLO_5x5",
    "mapId": 1,
    "teamId": 100,
    "championId": 84,
    "spell1": 4,
    "spell2": 14,
    "level": 30,
    "ipEarned": 69,
    "createDate": 1399031733220,
    "fellowPlayers": [
      {
        "summonerId": 33447282,
        "teamId": 200,
        "championId": 29
      },
      {
        "summonerId": 36974251,
        "teamId": 100,
        "championId": 55
      },
      {
        "summonerId": 30872183,
        "teamId": 100,
        "championId": 80
      },
      {
        "summonerId": 34763196,
        "teamId": 200,
        "championId": 103
      },
      {
        "summonerId": 33977786,
        "teamId": 200,
        "championId": 32
      },
      {
        "summonerId": 25906230,
        "teamId": 100,
        "championId": 51
      },
      {
        "summonerId": 38455058,
        "teamId": 200,
        "championId": 23
      },
      {
        "summonerId": 27125764,
        "teamId": 100,
        "championId": 62
      },
      {
        "summonerId": 39143824,
        "teamId": 200,
        "championId": 43
      }
    ],
    "stats": {
      "level": 17,
      "goldEarned": 14272,
      "numDeaths": 16,
      "minionsKilled": 20,
      "championsKilled": 19,
      "goldSpent": 13445,
      "totalDamageDealt": 71214,
      "totalDamageTaken": 39968,
      "doubleKills": 4,
      "tripleKills": 1,
      "killingSprees": 6,
      "largestKillingSpree": 3,
      "team": 100,
      "win": false,
      "neutralMinionsKilled": 14,
      "largestMultiKill": 3,
      "physicalDamageDealtPlayer": 28346,
      "magicDamageDealtPlayer": 41431,
      "physicalDamageTaken": 22960,
      "magicDamageTaken": 14578,
      "timePlayed": 2325,
      "totalHeal": 2683,
      "totalUnitsHealed": 1,
      "assists": 9,
      "item0": 3146,
      "item1": 3157,
      "item2": 3255,
      "item3": 1057,
      "item4": 3089,
      "item5": 1031,
      "item6": 3340,
      "magicDamageDealtToChampions": 30184,
      "physicalDamageDealtToChampions": 9541,
      "totalDamageDealtToChampions": 41013,
      "trueDamageDealtPlayer": 1437,
      "trueDamageDealtToChampions": 1287,
      "trueDamageTaken": 2428,
      "wardPlaced": 9,
      "neutralMinionsKilledEnemyJungle": 1,
      "neutralMinionsKilledYourJungle": 13,
      "totalTimeCrowdControlDealt": 519
    }
  }
}