{
  "33457643": {
    "gameId": 825985104,
    "invalid": false,
    "gameMode": "CLASSIC",
    "gameType": "MATCHED_GAME",
    "subType": "RANKED_SOLO_5x5",
    "mapId": 1,
    "teamId": 200,
    "championId": 24,
    "spell1": 11,
    "spell2": 4,
    "level": 30,
    "ipEarned": 51,
    "createDate": 1399030956098,
    "fellowPlayers": [
      {
        "summonerId": 31951544,
        "teamId": 200,
        "championId": 76
      },
      {
        "summonerId": 28431034,
        "teamId": 100,
        "championId": 32
      },
      {
        "summonerId": 24763463,
        "teamId": 100,
        "championId": 19
      },
      {
        "summonerId": 33363295,
        "teamId": 200,
        "championId": 67
      },
      {
        "summonerId": 33888268,
        "teamId": 200,
        "championId": 238
      },
      {
        "summonerId": 19828244,
        "teamId": 100,
        "championId": 222
      },
      {
        "summonerId": 19866340,
        "teamId": 100,
        "championId": 99
      },
      {
        "summonerId": 24386718,
        "teamId": 100,
        "championId": 80
      },
      {
        "summonerId": 34386663,
        "teamId": 200,
        "championId": 412
      }
    ],
    "stats": {
      "level": 10,
      "goldEarned": 5931,
      "numDeaths": 8,
      "minionsKilled": 24,
      "championsKilled": 4,
      "goldSpent": 8035,
      "totalDamageDealt": 48805,
      "totalDamageTaken": 20932,
      "doubleKills": 1,
      "killingSprees": 1,
      "largestKillingSpree": 3,
      "team": 200,
      "win": false,
      "neutralMinionsKilled": 32,
      "largestMultiKill": 2,
      "physicalDamageDealtPlayer": 27711,
      "magicDamageDealtPlayer": 14029,
      "physicalDamageTaken": 12804,
      "magicDamageTaken": 7834,
      "timePlayed": 1385,
      "totalHeal": 1237,
      "totalUnitsHealed": 1,
      "assists": 2,
      "item0": 3083,
      "item6": 3340,
      "magicDamageDealtToChampions": 2946,
      "physicalDamageDealtToChampions": 4379,
      "totalDamageDealtToChampions": 7510,
      "trueDamageDealtPlayer": 7064,
      "trueDamageDealtToChampions": 184,
      "trueDamageTaken": 294,
      "wardPlaced": 9,
      "neutralMinionsKilledEnemyJungle": 2,
      "neutralMinionsKilledYourJungle": 30,
      "totalTimeCrowdControlDealt": 234
    }
  },
  "summonerCount": 10,
  "24763463": {
    "gameId": 825985104,
    "invalid": false,
    "gameMode": "CLASSIC",
    "gameType": "MATCHED_GAME",
    "subType": "RANKED_SOLO_5x5",
    "mapId": 1,
    "teamId": 100,
    "championId": 19,
    "spell1": 11,
    "spell2": 4,
    "level": 30,
    "ipEarned": 226,
    "createDate": 1399030956091,
    "fellowPlayers": [
      {
        "summonerId": 31951544,
        "teamId": 200,
        "championId": 76
      },
      {
        "summonerId": 28431034,
        "teamId": 100,
        "championId": 32
      },
      {
        "summonerId": 33363295,
        "teamId": 200,
        "championId": 67
      },
      {
        "summonerId": 33888268,
        "teamId": 200,
        "championId": 238
      },
      {
        "summonerId": 19828244,
        "teamId": 100,
        "championId": 222
      },
      {
        "summonerId": 19866340,
        "teamId": 100,
        "championId": 99
      },
      {
        "summonerId": 33457643,
        "teamId": 200,
        "championId": 24
      },
      {
        "summonerId": 24386718,
        "teamId": 100,
        "championId": 80
      },
      {
        "summonerId": 34386663,
        "teamId": 200,
        "championId": 412
      }
    ],
    "stats": {
      "level": 13,
      "goldEarned": 8635,
      "turretsKilled": 1,
      "minionsKilled": 35,
      "championsKilled": 6,
      "goldSpent": 7925,
      "totalDamageDealt": 87824,
      "totalDamageTaken": 14693,
      "doubleKills": 1,
      "killingSprees": 1,
      "largestKillingSpree": 6,
      "team": 100,
      "win": true,
      "neutralMinionsKilled": 57,
      "largestMultiKill": 2,
      "physicalDamageDealtPlayer": 52602,
      "magicDamageDealtPlayer": 27979,
      "physicalDamageTaken": 12910,
      "magicDamageTaken": 1341,
      "timePlayed": 1385,
      "totalHeal": 8679,
      "totalUnitsHealed": 1,
      "assists": 3,
      "item0": 3111,
      "item1": 3153,
      "item2": 3154,
      "item3": 1038,
      "item6": 3340,
      "magicDamageDealtToChampions": 3666,
      "physicalDamageDealtToChampions": 1515,
      "totalDamageDealtToChampions": 5241,
      "trueDamageDealtPlayer": 7242,
      "trueDamageDealtToChampions": 60,
      "trueDamageTaken": 442,
      "wardPlaced": 6,
      "neutralMinionsKilledEnemyJungle": 9,
      "neutralMinionsKilledYourJungle": 48,
      "totalTimeCrowdControlDealt": 428
    }
  },
  "31951544": {
    "gameId": 825985104,
    "invalid": false,
    "gameMode": "CLASSIC",
    "gameType": "MATCHED_GAME",
    "subType": "RANKED_SOLO_5x5",
    "mapId": 1,
    "teamId": 200,
    "championId": 76,
    "spell1": 4,
    "spell2": 12,
    "level": 30,
    "ipEarned": 51,
    "createDate": 1399030956100,
    "fellowPlayers": [
      {
        "summonerId": 28431034,
        "teamId": 100,
        "championId": 32
      },
      {
        "summonerId": 24763463,
        "teamId": 100,
        "championId": 19
      },
      {
        "summonerId": 33363295,
        "teamId": 200,
        "championId": 67
      },
      {
        "summonerId": 33888268,
        "teamId": 200,
        "championId": 238
      },
      {
        "summonerId": 19828244,
        "teamId": 100,
        "championId": 222
      },
      {
        "summonerId": 19866340,
        "teamId": 100,
        "championId": 99
      },
      {
        "summonerId": 33457643,
        "teamId": 200,
        "championId": 24
      },
      {
        "summonerId": 24386718,
        "teamId": 100,
        "championId": 80
      },
      {
        "summonerId": 34386663,
        "teamId": 200,
        "championId": 412
      }
    ],
    "stats": {
      "level": 12,
      "goldEarned": 4770,
      "numDeaths": 7,
      "minionsKilled": 93,
      "goldSpent": 4235,
      "totalDamageDealt": 57524,
      "totalDamageTaken": 16562,
      "team": 200,
      "win": false,
      "physicalDamageDealtPlayer": 13114,
      "magicDamageDealtPlayer": 44410,
      "physicalDamageTaken": 12412,
      "magicDamageTaken": 3620,
      "timePlayed": 1385,
      "totalHeal": 3512,
      "totalUnitsHealed": 4,
      "assists": 1,
      "item0": 1056,
      "item1": 1056,
      "item2": 3070,
      "item3": 1001,
      "item4": 3165,
      "item6": 3340,
      "magicDamageDealtToChampions": 10254,
      "physicalDamageDealtToChampions": 510,
      "totalDamageDealtToChampions": 10765,
      "trueDamageTaken": 530,
      "wardPlaced": 6,
      "totalTimeCrowdControlDealt": 7
    }
  },
  "34386663": {
    "gameId": 825985104,
    "invalid": false,
    "gameMode": "CLASSIC",
    "gameType": "MATCHED_GAME",
    "subType": "RANKED_SOLO_5x5",
    "mapId": 1,
    "teamId": 200,
    "championId": 412,
    "spell1": 4,
    "spell2": 7,
    "level": 30,
    "ipEarned": 51,
    "createDate": 1399030956103,
    "fellowPlayers": [
      {
        "summonerId": 31951544,
        "teamId": 200,
        "championId": 76
      },
      {
        "summonerId": 28431034,
        "teamId": 100,
        "championId": 32
      },
      {
        "summonerId": 24763463,
        "teamId": 100,
        "championId": 19
      },
      {
        "summonerId": 33363295,
        "teamId": 200,
        "championId": 67
      },
      {
        "summonerId": 33888268,
        "teamId": 200,
        "championId": 238
      },
      {
        "summonerId": 19828244,
        "teamId": 100,
        "championId": 222
      },
      {
        "summonerId": 19866340,
        "teamId": 100,
        "championId": 99
      },
      {
        "summonerId": 33457643,
        "teamId": 200,
        "championId": 24
      },
      {
        "summonerId": 24386718,
        "teamId": 100,
        "championId": 80
      }
    ],
    "stats": {
      "level": 7,
      "goldEarned": 3729,
      "numDeaths": 5,
      "minionsKilled": 12,
      "goldSpent": 2625,
      "totalDamageDealt": 8221,
      "totalDamageTaken": 9903,
      "team": 200,
      "win": false,
      "physicalDamageDealtPlayer": 3428,
      "magicDamageDealtPlayer": 4792,
      "physicalDamageTaken": 5949,
      "magicDamageTaken": 3892,
      "timePlayed": 1385,
      "totalHeal": 800,
      "totalUnitsHealed": 3,
      "assists": 1,
      "item0": 3096,
      "item1": 3117,
      "item2": 3114,
      "item4": 2003,
      "item6": 3340,
      "magicDamageDealtToChampions": 2112,
      "physicalDamageDealtToChampions": 283,
      "totalDamageDealtToChampions": 2396,
      "trueDamageTaken": 62,
      "wardPlaced": 1,
      "totalTimeCrowdControlDealt": 48
    }
  },
  "24386718": {
    "gameId": 825985104,
    "invalid": false,
    "gameMode": "CLASSIC",
    "gameType": "MATCHED_GAME",
    "subType": "RANKED_SOLO_5x5",
    "mapId": 1,
    "teamId": 100,
    "championId": 80,
    "spell1": 4,
    "spell2": 14,
    "level": 30,
    "ipEarned": 76,
    "createDate": 1399030956094,
    "fellowPlayers": [
      {
        "summonerId": 31951544,
        "teamId": 200,
        "championId": 76
      },
      {
        "summonerId": 28431034,
        "teamId": 100,
        "championId": 32
      },
      {
        "summonerId": 24763463,
        "teamId": 100,
        "championId": 19
      },
      {
        "summonerId": 33363295,
        "teamId": 200,
        "championId": 67
      },
      {
        "summonerId": 33888268,
        "teamId": 200,
        "championId": 238
      },
      {
        "summonerId": 19828244,
        "teamId": 100,
        "championId": 222
      },
      {
        "summonerId": 19866340,
        "teamId": 100,
        "championId": 99
      },
      {
        "summonerId": 33457643,
        "teamId": 200,
        "championId": 24
      },
      {
        "summonerId": 34386663,
        "teamId": 200,
        "championId": 412
      }
    ],
    "stats": {
      "level": 15,
      "goldEarned": 10212,
      "turretsKilled": 2,
      "minionsKilled": 166,
      "championsKilled": 5,
      "goldSpent": 6355,
      "totalDamageDealt": 101470,
      "totalDamageTaken": 12322,
      "killingSprees": 1,
      "largestKillingSpree": 5,
      "team": 100,
      "win": true,
      "neutralMinionsKilled": 2,
      "largestMultiKill": 1,
      "physicalDamageDealtPlayer": 95556,
      "magicDamageDealtPlayer": 4765,
      "physicalDamageTaken": 5030,
      "magicDamageTaken": 7291,
      "largestCriticalStrike": 724,
      "timePlayed": 1385,
      "totalHeal": 3689,
      "totalUnitsHealed": 1,
      "assists": 9,
      "item0": 1055,
      "item1": 3074,
      "item2": 1055,
      "item3": 3274,
      "item4": 1036,
      "item5": 1028,
      "item6": 3340,
      "magicDamageDealtToChampions": 874,
      "physicalDamageDealtToChampions": 12624,
      "totalDamageDealtToChampions": 14124,
      "trueDamageDealtPlayer": 1148,
      "trueDamageDealtToChampions": 626,
      "wardPlaced": 3,
      "neutralMinionsKilledEnemyJungle": 2,
      "totalTimeCrowdControlDealt": 119
    }
  },
  "19828244": {
    "gameId": 825985104,
    "invalid": false,
    "gameMode": "CLASSIC",
    "gameType": "MATCHED_GAME",
    "subType": "RANKED_SOLO_5x5",
    "mapId": 1,
    "teamId": 100,
    "championId": 222,
    "spell1": 4,
    "spell2": 7,
    "level": 30,
    "ipEarned": 76,
    "createDate": 1399030956096,
    "fellowPlayers": [
      {
        "summonerId": 31951544,
        "teamId": 200,
        "championId": 76
      },
      {
        "summonerId": 28431034,
        "teamId": 100,
        "championId": 32
      },
      {
        "summonerId": 24763463,
        "teamId": 100,
        "championId": 19
      },
      {
        "summonerId": 33363295,
        "teamId": 200,
        "championId": 67
      },
      {
        "summonerId": 33888268,
        "teamId": 200,
        "championId": 238
      },
      {
        "summonerId": 19866340,
        "teamId": 100,
        "championId": 99
      },
      {
        "summonerId": 33457643,
        "teamId": 200,
        "championId": 24
      },
      {
        "summonerId": 24386718,
        "teamId": 100,
        "championId": 80
      },
      {
        "summonerId": 34386663,
        "teamId": 200,
        "championId": 412
      }
    ],
    "stats": {
      "level": 14,
      "goldEarned": 12196,
      "numDeaths": 3,
      "barracksKilled": 1,
      "turretsKilled": 4,
      "minionsKilled": 147,
      "championsKilled": 13,
      "goldSpent": 9065,
      "totalDamageDealt": 97948,
      "totalDamageTaken": 13865,
      "doubleKills": 1,
      "killingSprees": 2,
      "largestKillingSpree": 7,
      "team": 100,
      "win": true,
      "neutralMinionsKilled": 7,
      "largestMultiKill": 2,
      "physicalDamageDealtPlayer": 95262,
      "magicDamageDealtPlayer": 2125,
      "physicalDamageTaken": 9362,
      "magicDamageTaken": 3868,
      "largestCriticalStrike": 554,
      "timePlayed": 1385,
      "totalHeal": 2521,
      "totalUnitsHealed": 2,
      "assists": 10,
      "item0": 1055,
      "item1": 3006,
      "item2": 3072,
      "item3": 3046,
      "item4": 1038,
      "item6": 3340,
      "magicDamageDealtToChampions": 724,
      "physicalDamageDealtToChampions": 21597,
      "totalDamageDealtToChampions": 22640,
      "trueDamageDealtPlayer": 560,
      "trueDamageDealtToChampions": 318,
      "trueDamageTaken": 634,
      "wardPlaced": 6,
      "neutralMinionsKilledEnemyJungle": 7,
      "totalTimeCrowdControlDealt": 283
    }
  },
  "33363295": {
    "gameId": 825985104,
    "invalid": false,
    "gameMode": "CLASSIC",
    "gameType": "MATCHED_GAME",
    "subType": "RANKED_SOLO_5x5",
    "mapId": 1,
    "teamId": 200,
    "championId": 67,
    "spell1": 4,
    "spell2": 7,
    "level": 30,
    "ipEarned": 51,
    "createDate": 1399030956101,
    "fellowPlayers": [
      {
        "summonerId": 31951544,
        "teamId": 200,
        "championId": 76
      },
      {
        "summonerId": 28431034,
        "teamId": 100,
        "championId": 32
      },
      {
        "summonerId": 24763463,
        "teamId": 100,
        "championId": 19
      },
      {
        "summonerId": 33888268,
        "teamId": 200,
        "championId": 238
      },
      {
        "summonerId": 19828244,
        "teamId": 100,
        "championId": 222
      },
      {
        "summonerId": 19866340,
        "teamId": 100,
        "championId": 99
      },
      {
        "summonerId": 33457643,
        "teamId": 200,
        "championId": 24
      },
      {
        "summonerId": 24386718,
        "teamId": 100,
        "championId": 80
      },
      {
        "summonerId": 34386663,
        "teamId": 200,
        "championId": 412
      }
    ],
    "stats": {
      "level": 11,
      "goldEarned": 5878,
      "numDeaths": 9,
      "minionsKilled": 79,
      "championsKilled": 3,
      "goldSpent": 4990,
      "totalDamageDealt": 35404,
      "totalDamageTaken": 16494,
      "doubleKills": 1,
      "killingSprees": 1,
      "largestKillingSpree": 2,
      "team": 200,
      "win": false,
      "neutralMinionsKilled": 4,
      "largestMultiKill": 2,
      "physicalDamageDealtPlayer": 32889,
      "magicDamageDealtPlayer": 79,
      "physicalDamageTaken": 10735,
      "magicDamageTaken": 5578,
      "largestCriticalStrike": 221,
      "timePlayed": 1385,
      "totalHeal": 2082,
      "totalUnitsHealed": 4,
      "assists": 4,
      "item0": 1055,
      "item1": 3153,
      "item2": 2003,
      "item3": 3086,
      "item6": 3340,
      "magicDamageDealtToChampions": 79,
      "physicalDamageDealtToChampions": 4992,
      "totalDamageDealtToChampions": 5520,
      "trueDamageDealtPlayer": 2435,
      "trueDamageDealtToChampions": 448,
      "trueDamageTaken": 180,
      "wardPlaced": 1,
      "neutralMinionsKilledYourJungle": 4,
      "totalTimeCrowdControlDealt": 16
    }
  },
  "19866340": {
    "gameId": 825985104,
    "invalid": false,
    "gameMode": "CLASSIC",
    "gameType": "MATCHED_GAME",
    "subType": "RANKED_SOLO_5x5",
    "mapId": 1,
    "teamId": 100,
    "championId": 99,
    "spell1": 14,
    "spell2": 4,
    "level": 30,
    "ipEarned": 226,
    "createDate": 1399030956095,
    "fellowPlayers": [
      {
        "summonerId": 31951544,
        "teamId": 200,
        "championId": 76
      },
      {
        "summonerId": 28431034,
        "teamId": 100,
        "championId": 32
      },
      {
        "summonerId": 24763463,
        "teamId": 100,
        "championId": 19
      },
      {
        "summonerId": 33363295,
        "teamId": 200,
        "championId": 67
      },
      {
        "summonerId": 33888268,
        "teamId": 200,
        "championId": 238
      },
      {
        "summonerId": 19828244,
        "teamId": 100,
        "championId": 222
      },
      {
        "summonerId": 33457643,
        "teamId": 200,
        "championId": 24
      },
      {
        "summonerId": 24386718,
        "teamId": 100,
        "championId": 80
      },
      {
        "summonerId": 34386663,
        "teamId": 200,
        "championId": 412
      }
    ],
    "stats": {
      "level": 14,
      "goldEarned": 10110,
      "numDeaths": 3,
      "turretsKilled": 1,
      "minionsKilled": 109,
      "championsKilled": 10,
      "goldSpent": 7975,
      "totalDamageDealt": 83886,
      "totalDamageTaken": 8359,
      "doubleKills": 2,
      "tripleKills": 1,
      "killingSprees": 2,
      "largestKillingSpree": 7,
      "team": 100,
      "win": true,
      "neutralMinionsKilled": 2,
      "largestMultiKill": 3,
      "physicalDamageDealtPlayer": 22015,
      "magicDamageDealtPlayer": 61530,
      "physicalDamageTaken": 6357,
      "magicDamageTaken": 1695,
      "timePlayed": 1385,
      "totalHeal": 291,
      "totalUnitsHealed": 1,
      "assists": 10,
      "item0": 1056,
      "item1": 3100,
      "item2": 3020,
      "item3": 3089,
      "item6": 3340,
      "magicDamageDealtToChampions": 18477,
      "physicalDamageDealtToChampions": 3155,
      "totalDamageDealtToChampions": 21973,
      "trueDamageDealtPlayer": 340,
      "trueDamageDealtToChampions": 340,
      "trueDamageTaken": 306,
      "wardPlaced": 5,
      "neutralMinionsKilledYourJungle": 2,
      "totalTimeCrowdControlDealt": 209
    }
  },
  "33888268": {
    "gameId": 825985104,
    "invalid": false,
    "gameMode": "CLASSIC",
    "gameType": "MATCHED_GAME",
    "subType": "RANKED_SOLO_5x5",
    "mapId": 1,
    "teamId": 200,
    "championId": 238,
    "spell1": 4,
    "spell2": 14,
    "level": 30,
    "ipEarned": 51,
    "createDate": 1399030956097,
    "fellowPlayers": [
      {
        "summonerId": 31951544,
        "teamId": 200,
        "championId": 76
      },
      {
        "summonerId": 28431034,
        "teamId": 100,
        "championId": 32
      },
      {
        "summonerId": 24763463,
        "teamId": 100,
        "championId": 19
      },
      {
        "summonerId": 33363295,
        "teamId": 200,
        "championId": 67
      },
      {
        "summonerId": 19828244,
        "teamId": 100,
        "championId": 222
      },
      {
        "summonerId": 19866340,
        "teamId": 100,
        "championId": 99
      },
      {
        "summonerId": 33457643,
        "teamId": 200,
        "championId": 24
      },
      {
        "summonerId": 24386718,
        "teamId": 100,
        "championId": 80
      },
      {
        "summonerId": 34386663,
        "teamId": 200,
        "championId": 412
      }
    ],
    "stats": {
      "level": 10,
      "goldEarned": 5059,
      "numDeaths": 12,
      "minionsKilled": 57,
      "championsKilled": 2,
      "goldSpent": 4437,
      "totalDamageDealt": 40019,
      "totalDamageTaken": 20314,
      "team": 200,
      "win": false,
      "neutralMinionsKilled": 7,
      "largestMultiKill": 1,
      "physicalDamageDealtPlayer": 38011,
      "magicDamageDealtPlayer": 1519,
      "physicalDamageTaken": 9738,
      "magicDamageTaken": 10298,
      "timePlayed": 1385,
      "totalHeal": 181,
      "totalUnitsHealed": 1,
      "assists": 3,
      "item0": 3144,
      "item1": 1028,
      "item2": 1001,
      "item3": 2003,
      "item4": 1053,
      "item5": 3134,
      "item6": 3340,
      "magicDamageDealtToChampions": 515,
      "physicalDamageDealtToChampions": 5677,
      "totalDamageDealtToChampions": 6681,
      "trueDamageDealtPlayer": 488,
      "trueDamageDealtToChampions": 488,
      "trueDamageTaken": 278,
      "wardPlaced": 12,
      "neutralMinionsKilledYourJungle": 7,
      "totalTimeCrowdControlDealt": 72
    }
  },
  "28431034": {
    "gameId": 825985104,
    "invalid": false,
    "gameMode": "CLASSIC",
    "gameType": "MATCHED_GAME",
    "subType": "RANKED_SOLO_5x5",
    "mapId": 1,
    "teamId": 100,
    "championId": 32,
    "spell1": 4,
    "spell2": 3,
    "level": 30,
    "ipEarned": 76,
    "createDate": 1399030956093,
    "fellowPlayers": [
      {
        "summonerId": 31951544,
        "teamId": 200,
        "championId": 76
      },
      {
        "summonerId": 24763463,
        "teamId": 100,
        "championId": 19
      },
      {
        "summonerId": 33363295,
        "teamId": 200,
        "championId": 67
      },
      {
        "summonerId": 33888268,
        "teamId": 200,
        "championId": 238
      },
      {
        "summonerId": 19828244,
        "teamId": 100,
        "championId": 222
      },
      {
        "summonerId": 19866340,
        "teamId": 100,
        "championId": 99
      },
      {
        "summonerId": 33457643,
        "teamId": 200,
        "championId": 24
      },
      {
        "summonerId": 24386718,
        "teamId": 100,
        "championId": 80
      },
      {
        "summonerId": 34386663,
        "teamId": 200,
        "championId": 412
      }
    ],
    "stats": {
      "level": 13,
      "goldEarned": 8370,
      "numDeaths": 4,
      "minionsKilled": 11,
      "championsKilled": 7,
      "goldSpent": 5590,
      "totalDamageDealt": 23013,
      "totalDamageTaken": 6050,
      "killingSprees": 3,
      "largestKillingSpree": 3,
      "team": 100,
      "win": true,
      "neutralMinionsKilled": 3,
      "largestMultiKill": 1,
      "physicalDamageDealtPlayer": 8136,
      "magicDamageDealtPlayer": 14876,
      "physicalDamageTaken": 4269,
      "magicDamageTaken": 1713,
      "timePlayed": 1385,
      "assists": 12,
      "item0": 2049,
      "item1": 3260,
      "item2": 3110,
      "item4": 2044,
      "item5": 2003,
      "item6": 3340,
      "sightWardsBought": 3,
      "magicDamageDealtToChampions": 7482,
      "physicalDamageDealtToChampions": 1503,
      "totalDamageDealtToChampions": 8985,
      "trueDamageTaken": 67,
      "wardPlaced": 8,
      "neutralMinionsKilledYourJungle": 3,
      "totalTimeCrowdControlDealt": 361
    }
  }
}