{
  "36365903": {
    "gameId": 825966614,
    "invalid": false,
    "gameMode": "ARAM",
    "gameType": "MATCHED_GAME",
    "subType": "ARAM_UNRANKED_5x5",
    "mapId": 12,
    "teamId": 200,
    "championId": 16,
    "spell1": 14,
    "spell2": 4,
    "level": 30,
    "ipEarned": 204,
    "createDate": 1399028459958,
    "fellowPlayers": [
      {
        "summonerId": 38515809,
        "teamId": 200,
        "championId": 24
      },
      {
        "summonerId": 19797199,
        "teamId": 200,
        "championId": 26
      },
      {
        "summonerId": 42555705,
        "teamId": 100,
        "championId": 55
      },
      {
        "summonerId": 30675257,
        "teamId": 100,
        "championId": 9
      },
      {
        "summonerId": 19567064,
        "teamId": 100,
        "championId": 33
      },
      {
        "summonerId": 37227577,
        "teamId": 200,
        "championId": 103
      },
      {
        "summonerId": 24360895,
        "teamId": 200,
        "championId": 117
      },
      {
        "summonerId": 19188098,
        "teamId": 100,
        "championId": 6
      },
      {
        "summonerId": 39881451,
        "teamId": 100,
        "championId": 22
      }
    ],
    "stats": {
      "level": 15,
      "goldEarned": 10036,
      "numDeaths": 4,
      "turretsKilled": 1,
      "minionsKilled": 60,
      "championsKilled": 7,
      "goldSpent": 8620,
      "totalDamageDealt": 50728,
      "totalDamageTaken": 14857,
      "doubleKills": 1,
      "killingSprees": 2,
      "largestKillingSpree": 3,
      "team": 200,
      "win": true,
      "largestMultiKill": 2,
      "physicalDamageDealtPlayer": 5861,
      "magicDamageDealtPlayer": 44357,
      "physicalDamageTaken": 6817,
      "magicDamageTaken": 8039,
      "timePlayed": 1026,
      "totalHeal": 18291,
      "totalUnitsHealed": 6,
      "assists": 25,
      "item0": 3174,
      "item1": 3100,
      "item2": 2004,
      "item3": 3158,
      "item4": 1058,
      "item6": 2052,
      "magicDamageDealtToChampions": 10901,
      "physicalDamageDealtToChampions": 944,
      "totalDamageDealtToChampions": 12356,
      "trueDamageDealtPlayer": 510,
      "trueDamageDealtToChampions": 510,
      "totalTimeCrowdControlDealt": 39
    }
  },
  "summonerCount": 10,
  "37227577": {
    "gameId": 825966614,
    "invalid": false,
    "gameMode": "ARAM",
    "gameType": "MATCHED_GAME",
    "subType": "ARAM_UNRANKED_5x5",
    "mapId": 12,
    "teamId": 200,
    "championId": 103,
    "spell1": 4,
    "spell2": 7,
    "level": 30,
    "ipEarned": 204,
    "createDate": 1399028459957,
    "fellowPlayers": [
      {
        "summonerId": 38515809,
        "teamId": 200,
        "championId": 24
      },
      {
        "summonerId": 36365903,
        "teamId": 200,
        "championId": 16
      },
      {
        "summonerId": 19797199,
        "teamId": 200,
        "championId": 26
      },
      {
        "summonerId": 42555705,
        "teamId": 100,
        "championId": 55
      },
      {
        "summonerId": 30675257,
        "teamId": 100,
        "championId": 9
      },
      {
        "summonerId": 19567064,
        "teamId": 100,
        "championId": 33
      },
      {
        "summonerId": 24360895,
        "teamId": 200,
        "championId": 117
      },
      {
        "summonerId": 19188098,
        "teamId": 100,
        "championId": 6
      },
      {
        "summonerId": 39881451,
        "teamId": 100,
        "championId": 22
      }
    ],
    "stats": {
      "level": 15,
      "goldEarned": 8620,
      "numDeaths": 5,
      "barracksKilled": 1,
      "turretsKilled": 1,
      "minionsKilled": 43,
      "championsKilled": 3,
      "goldSpent": 7450,
      "totalDamageDealt": 38632,
      "totalDamageTaken": 16237,
      "killingSprees": 1,
      "largestKillingSpree": 2,
      "team": 200,
      "win": true,
      "largestMultiKill": 1,
      "physicalDamageDealtPlayer": 7618,
      "magicDamageDealtPlayer": 23961,
      "physicalDamageTaken": 8649,
      "magicDamageTaken": 7587,
      "timePlayed": 1026,
      "totalHeal": 4111,
      "totalUnitsHealed": 3,
      "assists": 18,
      "item0": 3003,
      "item1": 3020,
      "item2": 3089,
      "magicDamageDealtToChampions": 12492,
      "physicalDamageDealtToChampions": 838,
      "totalDamageDealtToChampions": 16277,
      "trueDamageDealtPlayer": 7051,
      "trueDamageDealtToChampions": 2946,
      "totalTimeCrowdControlDealt": 56
    }
  },
  "19188098": {
    "gameId": 825966614,
    "invalid": false,
    "gameMode": "ARAM",
    "gameType": "MATCHED_GAME",
    "subType": "ARAM_UNRANKED_5x5",
    "mapId": 12,
    "teamId": 100,
    "championId": 6,
    "spell1": 7,
    "spell2": 4,
    "level": 30,
    "ipEarned": 38,
    "createDate": 1399028459950,
    "fellowPlayers": [
      {
        "summonerId": 38515809,
        "teamId": 200,
        "championId": 24
      },
      {
        "summonerId": 36365903,
        "teamId": 200,
        "championId": 16
      },
      {
        "summonerId": 19797199,
        "teamId": 200,
        "championId": 26
      },
      {
        "summonerId": 42555705,
        "teamId": 100,
        "championId": 55
      },
      {
        "summonerId": 30675257,
        "teamId": 100,
        "championId": 9
      },
      {
        "summonerId": 19567064,
        "teamId": 100,
        "championId": 33
      },
      {
        "summonerId": 37227577,
        "teamId": 200,
        "championId": 103
      },
      {
        "summonerId": 24360895,
        "teamId": 200,
        "championId": 117
      },
      {
        "summonerId": 39881451,
        "teamId": 100,
        "championId": 22
      }
    ],
    "stats": {
      "level": 14,
      "goldEarned": 7448,
      "numDeaths": 9,
      "minionsKilled": 22,
      "championsKilled": 2,
      "goldSpent": 7782,
      "totalDamageDealt": 23183,
      "totalDamageTaken": 18604,
      "team": 100,
      "win": false,
      "largestMultiKill": 1,
      "physicalDamageDealtPlayer": 23183,
      "physicalDamageTaken": 4139,
      "magicDamageTaken": 13267,
      "timePlayed": 1026,
      "totalHeal": 2227,
      "totalUnitsHealed": 3,
      "assists": 11,
      "item0": 3181,
      "item1": 1057,
      "item2": 3134,
      "item3": 3065,
      "item6": 2052,
      "physicalDamageDealtToChampions": 10438,
      "totalDamageDealtToChampions": 10438,
      "trueDamageTaken": 1196,
      "totalTimeCrowdControlDealt": 27
    }
  },
  "42555705": {
    "gameId": 825966614,
    "invalid": false,
    "gameMode": "ARAM",
    "gameType": "MATCHED_GAME",
    "subType": "ARAM_UNRANKED_5x5",
    "mapId": 12,
    "teamId": 100,
    "championId": 55,
    "spell1": 7,
    "spell2": 21,
    "level": 30,
    "ipEarned": 38,
    "createDate": 1399028459951,
    "fellowPlayers": [
      {
        "summonerId": 38515809,
        "teamId": 200,
        "championId": 24
      },
      {
        "summonerId": 36365903,
        "teamId": 200,
        "championId": 16
      },
      {
        "summonerId": 19797199,
        "teamId": 200,
        "championId": 26
      },
      {
        "summonerId": 30675257,
        "teamId": 100,
        "championId": 9
      },
      {
        "summonerId": 19567064,
        "teamId": 100,
        "championId": 33
      },
      {
        "summonerId": 37227577,
        "teamId": 200,
        "championId": 103
      },
      {
        "summonerId": 24360895,
        "teamId": 200,
        "championId": 117
      },
      {
        "summonerId": 19188098,
        "teamId": 100,
        "championId": 6
      },
      {
        "summonerId": 39881451,
        "teamId": 100,
        "championId": 22
      }
    ],
    "stats": {
      "level": 15,
      "goldEarned": 8388,
      "numDeaths": 8,
      "minionsKilled": 45,
      "championsKilled": 8,
      "goldSpent": 7430,
      "totalDamageDealt": 60367,
      "totalDamageTaken": 16271,
      "doubleKills": 3,
      "killingSprees": 3,
      "largestKillingSpree": 3,
      "team": 100,
      "win": false,
      "largestMultiKill": 2,
      "physicalDamageDealtPlayer": 1930,
      "magicDamageDealtPlayer": 58437,
      "physicalDamageTaken": 3480,
      "magicDamageTaken": 12001,
      "timePlayed": 1026,
      "totalHeal": 1657,
      "totalUnitsHealed": 3,
      "assists": 8,
      "item0": 3089,
      "item1": 3191,
      "item2": 3151,
      "magicDamageDealtToChampions": 22719,
      "physicalDamageDealtToChampions": 538,
      "totalDamageDealtToChampions": 23257,
      "trueDamageTaken": 789,
      "totalTimeCrowdControlDealt": 62
    }
  },
  "30675257": {
    "gameId": 825966614,
    "invalid": false,
    "gameMode": "ARAM",
    "gameType": "MATCHED_GAME",
    "subType": "ARAM_UNRANKED_5x5",
    "mapId": 12,
    "teamId": 100,
    "championId": 9,
    "spell1": 4,
    "spell2": 21,
    "level": 30,
    "ipEarned": 38,
    "createDate": 1399028459949,
    "fellowPlayers": [
      {
        "summonerId": 38515809,
        "teamId": 200,
        "championId": 24
      },
      {
        "summonerId": 36365903,
        "teamId": 200,
        "championId": 16
      },
      {
        "summonerId": 19797199,
        "teamId": 200,
        "championId": 26
      },
      {
        "summonerId": 42555705,
        "teamId": 100,
        "championId": 55
      },
      {
        "summonerId": 19567064,
        "teamId": 100,
        "championId": 33
      },
      {
        "summonerId": 37227577,
        "teamId": 200,
        "championId": 103
      },
      {
        "summonerId": 24360895,
        "teamId": 200,
        "championId": 117
      },
      {
        "summonerId": 19188098,
        "teamId": 100,
        "championId": 6
      },
      {
        "summonerId": 39881451,
        "teamId": 100,
        "championId": 22
      }
    ],
    "stats": {
      "level": 15,
      "goldEarned": 7454,
      "numDeaths": 6,
      "minionsKilled": 28,
      "championsKilled": 6,
      "goldSpent": 6170,
      "totalDamageDealt": 39987,
      "totalDamageTaken": 12295,
      "doubleKills": 1,
      "killingSprees": 1,
      "largestKillingSpree": 2,
      "team": 100,
      "win": false,
      "largestMultiKill": 2,
      "physicalDamageDealtPlayer": 2083,
      "magicDamageDealtPlayer": 37903,
      "physicalDamageTaken": 1753,
      "magicDamageTaken": 9813,
      "timePlayed": 1026,
      "totalHeal": 2393,
      "totalUnitsHealed": 1,
      "assists": 5,
      "item0": 3020,
      "item1": 3157,
      "item2": 1058,
      "magicDamageDealtToChampions": 13530,
      "physicalDamageDealtToChampions": 158,
      "totalDamageDealtToChampions": 13688,
      "trueDamageTaken": 728,
      "totalTimeCrowdControlDealt": 230
    }
  },
  "19797199": {
    "gameId": 825966614,
    "invalid": false,
    "gameMode": "ARAM",
    "gameType": "MATCHED_GAME",
    "subType": "ARAM_UNRANKED_5x5",
    "mapId": 12,
    "teamId": 200,
    "championId": 26,
    "spell1": 4,
    "spell2": 7,
    "level": 30,
    "ipEarned": 54,
    "createDate": 1399028459955,
    "fellowPlayers": [
      {
        "summonerId": 38515809,
        "teamId": 200,
        "championId": 24
      },
      {
        "summonerId": 36365903,
        "teamId": 200,
        "championId": 16
      },
      {
        "summonerId": 42555705,
        "teamId": 100,
        "championId": 55
      },
      {
        "summonerId": 30675257,
        "teamId": 100,
        "championId": 9
      },
      {
        "summonerId": 19567064,
        "teamId": 100,
        "championId": 33
      },
      {
        "summonerId": 37227577,
        "teamId": 200,
        "championId": 103
      },
      {
        "summonerId": 24360895,
        "teamId": 200,
        "championId": 117
      },
      {
        "summonerId": 19188098,
        "teamId": 100,
        "championId": 6
      },
      {
        "summonerId": 39881451,
        "teamId": 100,
        "championId": 22
      }
    ],
    "stats": {
      "level": 15,
      "goldEarned": 8695,
      "numDeaths": 4,
      "minionsKilled": 22,
      "championsKilled": 6,
      "goldSpent": 7305,
      "totalDamageDealt": 25683,
      "totalDamageTaken": 10307,
      "killingSprees": 1,
      "largestKillingSpree": 2,
      "team": 200,
      "win": true,
      "largestMultiKill": 1,
      "physicalDamageDealtPlayer": 7813,
      "magicDamageDealtPlayer": 17869,
      "physicalDamageTaken": 5176,
      "magicDamageTaken": 5131,
      "timePlayed": 1026,
      "totalHeal": 1777,
      "totalUnitsHealed": 5,
      "assists": 22,
      "item0": 3135,
      "item1": 3020,
      "item2": 3001,
      "item3": 1026,
      "magicDamageDealtToChampions": 12000,
      "physicalDamageDealtToChampions": 392,
      "totalDamageDealtToChampions": 12392,
      "totalTimeCrowdControlDealt": 80
    }
  },
  "39881451": {
    "gameId": 825966614,
    "invalid": false,
    "gameMode": "ARAM",
    "gameType": "MATCHED_GAME",
    "subType": "ARAM_UNRANKED_5x5",
    "mapId": 12,
    "teamId": 100,
    "championId": 22,
    "spell1": 7,
    "spell2": 4,
    "level": 30,
    "ipEarned": 38,
    "createDate": 1399028459948,
    "fellowPlayers": [
      {
        "summonerId": 38515809,
        "teamId": 200,
        "championId": 24
      },
      {
        "summonerId": 36365903,
        "teamId": 200,
        "championId": 16
      },
      {
        "summonerId": 19797199,
        "teamId": 200,
        "championId": 26
      },
      {
        "summonerId": 42555705,
        "teamId": 100,
        "championId": 55
      },
      {
        "summonerId": 30675257,
        "teamId": 100,
        "championId": 9
      },
      {
        "summonerId": 19567064,
        "teamId": 100,
        "championId": 33
      },
      {
        "summonerId": 37227577,
        "teamId": 200,
        "championId": 103
      },
      {
        "summonerId": 24360895,
        "teamId": 200,
        "championId": 117
      },
      {
        "summonerId": 19188098,
        "teamId": 100,
        "championId": 6
      }
    ],
    "stats": {
      "level": 15,
      "goldEarned": 9104,
      "numDeaths": 10,
      "minionsKilled": 40,
      "championsKilled": 5,
      "goldSpent": 8605,
      "totalDamageDealt": 48754,
      "totalDamageTaken": 18108,
      "doubleKills": 1,
      "killingSprees": 1,
      "largestKillingSpree": 2,
      "team": 100,
      "win": false,
      "largestMultiKill": 2,
      "physicalDamageDealtPlayer": 45826,
      "magicDamageDealtPlayer": 2928,
      "physicalDamageTaken": 4960,
      "magicDamageTaken": 12405,
      "largestCriticalStrike": 513,
      "timePlayed": 1026,
      "totalHeal": 1878,
      "totalUnitsHealed": 4,
      "assists": 14,
      "item0": 3004,
      "item1": 3181,
      "item2": 1038,
      "item3": 3006,
      "item4": 1037,
      "item5": 1018,
      "magicDamageDealtToChampions": 1952,
      "physicalDamageDealtToChampions": 18030,
      "totalDamageDealtToChampions": 19982,
      "trueDamageTaken": 741,
      "totalTimeCrowdControlDealt": 750
    }
  },
  "24360895": {
    "gameId": 825966614,
    "invalid": false,
    "gameMode": "ARAM",
    "gameType": "MATCHED_GAME",
    "subType": "ARAM_UNRANKED_5x5",
    "mapId": 12,
    "teamId": 200,
    "championId": 117,
    "spell1": 7,
    "spell2": 4,
    "level": 30,
    "ipEarned": 204,
    "createDate": 1399028459953,
    "fellowPlayers": [
      {
        "summonerId": 38515809,
        "teamId": 200,
        "championId": 24
      },
      {
        "summonerId": 36365903,
        "teamId": 200,
        "championId": 16
      },
      {
        "summonerId": 19797199,
        "teamId": 200,
        "championId": 26
      },
      {
        "summonerId": 42555705,
        "teamId": 100,
        "championId": 55
      },
      {
        "summonerId": 30675257,
        "teamId": 100,
        "championId": 9
      },
      {
        "summonerId": 19567064,
        "teamId": 100,
        "championId": 33
      },
      {
        "summonerId": 37227577,
        "teamId": 200,
        "championId": 103
      },
      {
        "summonerId": 19188098,
        "teamId": 100,
        "championId": 6
      },
      {
        "summonerId": 39881451,
        "teamId": 100,
        "championId": 22
      }
    ],
    "stats": {
      "level": 15,
      "goldEarned": 8682,
      "numDeaths": 2,
      "minionsKilled": 14,
      "championsKilled": 5,
      "goldSpent": 5410,
      "totalDamageDealt": 22768,
      "totalDamageTaken": 14913,
      "killingSprees": 2,
      "largestKillingSpree": 2,
      "team": 200,
      "win": true,
      "largestMultiKill": 1,
      "physicalDamageDealtPlayer": 6011,
      "magicDamageDealtPlayer": 16756,
      "physicalDamageTaken": 9002,
      "magicDamageTaken": 5911,
      "timePlayed": 1026,
      "totalHeal": 4243,
      "totalUnitsHealed": 4,
      "assists": 25,
      "item0": 1058,
      "item1": 3158,
      "item2": 3174,
      "magicDamageDealtToChampions": 7456,
      "physicalDamageDealtToChampions": 1162,
      "totalDamageDealtToChampions": 8619,
      "totalTimeCrowdControlDealt": 304
    }
  },
  "19567064": {
    "gameId": 825966614,
    "invalid": false,
    "gameMode": "ARAM",
    "gameType": "MATCHED_GAME",
    "subType": "ARAM_UNRANKED_5x5",
    "mapId": 12,
    "teamId": 100,
    "championId": 33,
    "spell1": 4,
    "spell2": 14,
    "level": 30,
    "ipEarned": 0,
    "createDate": 1399028459952,
    "fellowPlayers": [
      {
        "summonerId": 38515809,
        "teamId": 200,
        "championId": 24
      },
      {
        "summonerId": 36365903,
        "teamId": 200,
        "championId": 16
      },
      {
        "summonerId": 19797199,
        "teamId": 200,
        "championId": 26
      },
      {
        "summonerId": 42555705,
        "teamId": 100,
        "championId": 55
      },
      {
        "summonerId": 30675257,
        "teamId": 100,
        "championId": 9
      },
      {
        "summonerId": 37227577,
        "teamId": 200,
        "championId": 103
      },
      {
        "summonerId": 24360895,
        "teamId": 200,
        "championId": 117
      },
      {
        "summonerId": 19188098,
        "teamId": 100,
        "championId": 6
      },
      {
        "summonerId": 39881451,
        "teamId": 100,
        "championId": 22
      }
    ],
    "stats": {
      "level": 10,
      "goldEarned": 5654,
      "numDeaths": 1,
      "goldSpent": 2055,
      "totalDamageDealt": 693,
      "totalDamageTaken": 1454,
      "team": 100,
      "win": false,
      "physicalDamageDealtPlayer": 310,
      "magicDamageDealtPlayer": 232,
      "physicalDamageTaken": 489,
      "magicDamageTaken": 964,
      "timePlayed": 1026,
      "assists": 1,
      "item0": 2003,
      "item1": 2051,
      "item2": 1029,
      "item3": 1029,
      "item4": 1001,
      "item6": 2052,
      "magicDamageDealtToChampions": 150,
      "physicalDamageDealtToChampions": 95,
      "totalDamageDealtToChampions": 396,
      "trueDamageDealtPlayer": 150,
      "trueDamageDealtToChampions": 150,
      "totalTimeCrowdControlDealt": 5
    }
  },
  "38515809": {
    "gameId": 825966614,
    "invalid": false,
    "gameMode": "ARAM",
    "gameType": "MATCHED_GAME",
    "subType": "ARAM_UNRANKED_5x5",
    "mapId": 12,
    "teamId": 200,
    "championId": 24,
    "spell1": 6,
    "spell2": 21,
    "level": 30,
    "ipEarned": 54,
    "createDate": 1399028459956,
    "fellowPlayers": [
      {
        "summonerId": 36365903,
        "teamId": 200,
        "championId": 16
      },
      {
        "summonerId": 19797199,
        "teamId": 200,
        "championId": 26
      },
      {
        "summonerId": 42555705,
        "teamId": 100,
        "championId": 55
      },
      {
        "summonerId": 30675257,
        "teamId": 100,
        "championId": 9
      },
      {
        "summonerId": 19567064,
        "teamId": 100,
        "championId": 33
      },
      {
        "summonerId": 37227577,
        "teamId": 200,
        "championId": 103
      },
      {
        "summonerId": 24360895,
        "teamId": 200,
        "championId": 117
      },
      {
        "summonerId": 19188098,
        "teamId": 100,
        "championId": 6
      },
      {
        "summonerId": 39881451,
        "teamId": 100,
        "championId": 22
      }
    ],
    "stats": {
      "level": 15,
      "goldEarned": 9394,
      "numDeaths": 6,
      "barracksKilled": 1,
      "turretsKilled": 2,
      "minionsKilled": 20,
      "championsKilled": 13,
      "goldSpent": 8350,
      "totalDamageDealt": 30041,
      "totalDamageTaken": 23474,
      "doubleKills": 2,
      "tripleKills": 1,
      "killingSprees": 4,
      "largestKillingSpree": 3,
      "team": 200,
      "win": true,
      "largestMultiKill": 3,
      "physicalDamageDealtPlayer": 18677,
      "magicDamageDealtPlayer": 11133,
      "physicalDamageTaken": 11641,
      "magicDamageTaken": 11682,
      "timePlayed": 1026,
      "totalHeal": 2109,
      "totalUnitsHealed": 3,
      "assists": 15,
      "item0": 3068,
      "item1": 3102,
      "item2": 3401,
      "item3": 1028,
      "magicDamageDealtToChampions": 5602,
      "physicalDamageDealtToChampions": 8075,
      "totalDamageDealtToChampions": 13677,
      "trueDamageDealtPlayer": 230,
      "trueDamageTaken": 150,
      "totalTimeCrowdControlDealt": 135
    }
  }
}