{
  "36704252": {
    "gameId": 825985559,
    "invalid": false,
    "gameMode": "CLASSIC",
    "gameType": "MATCHED_GAME",
    "subType": "RANKED_SOLO_5x5",
    "mapId": 1,
    "teamId": 100,
    "championId": 58,
    "spell1": 4,
    "spell2": 14,
    "level": 30,
    "ipEarned": 87,
    "createDate": 1399031300602,
    "fellowPlayers": [
      {
        "summonerId": 23220957,
        "teamId": 200,
        "championId": 61
      },
      {
        "summonerId": 24200177,
        "teamId": 200,
        "championId": 37
      },
      {
        "summonerId": 25505697,
        "teamId": 200,
        "championId": 121
      },
      {
        "summonerId": 24417930,
        "teamId": 100,
        "championId": 5
      },
      {
        "summonerId": 23143026,
        "teamId": 200,
        "championId": 119
      },
      {
        "summonerId": 27996638,
        "teamId": 100,
        "championId": 117
      },
      {
        "summonerId": 32217992,
        "teamId": 100,
        "championId": 115
      },
      {
        "summonerId": 20081035,
        "teamId": 200,
        "championId": 85
      },
      {
        "summonerId": 26869556,
        "teamId": 100,
        "championId": 104
      }
    ],
    "stats": {
      "level": 16,
      "goldEarned": 12225,
      "numDeaths": 7,
      "barracksKilled": 1,
      "turretsKilled": 1,
      "minionsKilled": 191,
      "championsKilled": 9,
      "goldSpent": 11652,
      "totalDamageDealt": 146674,
      "totalDamageTaken": 36072,
      "killingSprees": 2,
      "largestKillingSpree": 3,
      "team": 100,
      "win": true,
      "neutralMinionsKilled": 14,
      "largestMultiKill": 1,
      "physicalDamageDealtPlayer": 140424,
      "magicDamageDealtPlayer": 4665,
      "physicalDamageTaken": 20792,
      "magicDamageTaken": 13909,
      "timePlayed": 1801,
      "totalHeal": 7494,
      "totalUnitsHealed": 1,
      "item0": 3074,
      "item1": 3065,
      "item2": 3265,
      "item3": 3134,
      "item4": 1054,
      "item5": 1031,
      "item6": 3340,
      "sightWardsBought": 2,
      "magicDamageDealtToChampions": 2430,
      "physicalDamageDealtToChampions": 19358,
      "totalDamageDealtToChampions": 23269,
      "trueDamageDealtPlayer": 1584,
      "trueDamageDealtToChampions": 1480,
      "trueDamageTaken": 1370,
      "wardKilled": 1,
      "wardPlaced": 5,
      "neutralMinionsKilledEnemyJungle": 14,
      "totalTimeCrowdControlDealt": 123
    }
  },
  "summonerCount": 10,
  "24417930": {
    "gameId": 825985559,
    "invalid": false,
    "gameMode": "CLASSIC",
    "gameType": "MATCHED_GAME",
    "subType": "RANKED_SOLO_5x5",
    "mapId": 1,
    "teamId": 100,
    "championId": 5,
    "spell1": 4,
    "spell2": 11,
    "level": 30,
    "ipEarned": 87,
    "createDate": 1399031300598,
    "fellowPlayers": [
      {
        "summonerId": 23220957,
        "teamId": 200,
        "championId": 61
      },
      {
        "summonerId": 24200177,
        "teamId": 200,
        "championId": 37
      },
      {
        "summonerId": 25505697,
        "teamId": 200,
        "championId": 121
      },
      {
        "summonerId": 36704252,
        "teamId": 100,
        "championId": 58
      },
      {
        "summonerId": 23143026,
        "teamId": 200,
        "championId": 119
      },
      {
        "summonerId": 27996638,
        "teamId": 100,
        "championId": 117
      },
      {
        "summonerId": 32217992,
        "teamId": 100,
        "championId": 115
      },
      {
        "summonerId": 20081035,
        "teamId": 200,
        "championId": 85
      },
      {
        "summonerId": 26869556,
        "teamId": 100,
        "championId": 104
      }
    ],
    "stats": {
      "level": 15,
      "goldEarned": 9703,
      "numDeaths": 2,
      "barracksKilled": 2,
      "turretsKilled": 1,
      "minionsKilled": 12,
      "championsKilled": 4,
      "goldSpent": 8950,
      "totalDamageDealt": 130003,
      "totalDamageTaken": 23051,
      "killingSprees": 1,
      "largestKillingSpree": 4,
      "team": 100,
      "win": true,
      "neutralMinionsKilled": 87,
      "largestMultiKill": 1,
      "physicalDamageDealtPlayer": 70193,
      "magicDamageDealtPlayer": 47261,
      "physicalDamageTaken": 15781,
      "magicDamageTaken": 6722,
      "timePlayed": 1801,
      "totalHeal": 8567,
      "totalUnitsHealed": 1,
      "assists": 2,
      "item1": 3153,
      "item2": 3160,
      "item3": 1011,
      "item4": 3082,
      "item5": 3111,
      "item6": 3364,
      "visionWardsBought": 1,
      "magicDamageDealtToChampions": 1993,
      "physicalDamageDealtToChampions": 6514,
      "totalDamageDealtToChampions": 8858,
      "trueDamageDealtPlayer": 12548,
      "trueDamageDealtToChampions": 350,
      "trueDamageTaken": 547,
      "wardPlaced": 10,
      "neutralMinionsKilledEnemyJungle": 9,
      "neutralMinionsKilledYourJungle": 78,
      "totalTimeCrowdControlDealt": 802
    }
  },
  "27996638": {
    "gameId": 825985559,
    "invalid": false,
    "gameMode": "CLASSIC",
    "gameType": "MATCHED_GAME",
    "subType": "RANKED_SOLO_5x5",
    "mapId": 1,
    "teamId": 100,
    "championId": 117,
    "spell1": 4,
    "spell2": 3,
    "level": 30,
    "ipEarned": 87,
    "createDate": 1399031300600,
    "fellowPlayers": [
      {
        "summonerId": 23220957,
        "teamId": 200,
        "championId": 61
      },
      {
        "summonerId": 24200177,
        "teamId": 200,
        "championId": 37
      },
      {
        "summonerId": 25505697,
        "teamId": 200,
        "championId": 121
      },
      {
        "summonerId": 36704252,
        "teamId": 100,
        "championId": 58
      },
      {
        "summonerId": 24417930,
        "teamId": 100,
        "championId": 5
      },
      {
        "summonerId": 23143026,
        "teamId": 200,
        "championId": 119
      },
      {
        "summonerId": 32217992,
        "teamId": 100,
        "championId": 115
      },
      {
        "summonerId": 20081035,
        "teamId": 200,
        "championId": 85
      },
      {
        "summonerId": 26869556,
        "teamId": 100,
        "championId": 104
      }
    ],
    "stats": {
      "level": 13,
      "goldEarned": 9381,
      "numDeaths": 3,
      "barracksKilled": 1,
      "minionsKilled": 16,
      "championsKilled": 1,
      "goldSpent": 8275,
      "totalDamageDealt": 28575,
      "totalDamageTaken": 17608,
      "team": 100,
      "win": true,
      "largestMultiKill": 1,
      "physicalDamageDealtPlayer": 11296,
      "magicDamageDealtPlayer": 17278,
      "physicalDamageTaken": 10330,
      "magicDamageTaken": 7006,
      "timePlayed": 1801,
      "totalHeal": 2614,
      "totalUnitsHealed": 2,
      "assists": 13,
      "item0": 3222,
      "item1": 2049,
      "item2": 3092,
      "item3": 3111,
      "item4": 1011,
      "item5": 1031,
      "item6": 3363,
      "sightWardsBought": 1,
      "visionWardsBought": 1,
      "magicDamageDealtToChampions": 7364,
      "physicalDamageDealtToChampions": 2627,
      "totalDamageDealtToChampions": 9991,
      "trueDamageTaken": 272,
      "wardPlaced": 20,
      "totalTimeCrowdControlDealt": 221
    }
  },
  "26869556": {
    "gameId": 825985559,
    "invalid": false,
    "gameMode": "CLASSIC",
    "gameType": "MATCHED_GAME",
    "subType": "RANKED_SOLO_5x5",
    "mapId": 1,
    "teamId": 100,
    "championId": 104,
    "spell1": 7,
    "spell2": 4,
    "level": 30,
    "ipEarned": 87,
    "createDate": 1399031300603,
    "fellowPlayers": [
      {
        "summonerId": 23220957,
        "teamId": 200,
        "championId": 61
      },
      {
        "summonerId": 24200177,
        "teamId": 200,
        "championId": 37
      },
      {
        "summonerId": 25505697,
        "teamId": 200,
        "championId": 121
      },
      {
        "summonerId": 36704252,
        "teamId": 100,
        "championId": 58
      },
      {
        "summonerId": 24417930,
        "teamId": 100,
        "championId": 5
      },
      {
        "summonerId": 23143026,
        "teamId": 200,
        "championId": 119
      },
      {
        "summonerId": 27996638,
        "teamId": 100,
        "championId": 117
      },
      {
        "summonerId": 32217992,
        "teamId": 100,
        "championId": 115
      },
      {
        "summonerId": 20081035,
        "teamId": 200,
        "championId": 85
      }
    ],
    "stats": {
      "level": 14,
      "goldEarned": 11657,
      "numDeaths": 3,
      "turretsKilled": 4,
      "minionsKilled": 161,
      "championsKilled": 8,
      "goldSpent": 10800,
      "totalDamageDealt": 144702,
      "totalDamageTaken": 24161,
      "killingSprees": 1,
      "largestKillingSpree": 7,
      "team": 100,
      "win": true,
      "neutralMinionsKilled": 3,
      "largestMultiKill": 1,
      "physicalDamageDealtPlayer": 142992,
      "magicDamageDealtPlayer": 1268,
      "physicalDamageTaken": 17359,
      "magicDamageTaken": 6549,
      "largestCriticalStrike": 597,
      "timePlayed": 1801,
      "totalHeal": 3846,
      "totalUnitsHealed": 3,
      "assists": 5,
      "item0": 1055,
      "item1": 3046,
      "item2": 1055,
      "item3": 3250,
      "item4": 3072,
      "item5": 3035,
      "item6": 3340,
      "magicDamageDealtToChampions": 785,
      "physicalDamageDealtToChampions": 22279,
      "totalDamageDealtToChampions": 23472,
      "trueDamageDealtPlayer": 442,
      "trueDamageDealtToChampions": 408,
      "trueDamageTaken": 252,
      "wardPlaced": 3,
      "neutralMinionsKilledEnemyJungle": 3,
      "totalTimeCrowdControlDealt": 107
    }
  },
  "20081035": {
    "gameId": 825985559,
    "invalid": false,
    "gameMode": "CLASSIC",
    "gameType": "MATCHED_GAME",
    "subType": "RANKED_SOLO_5x5",
    "mapId": 1,
    "teamId": 200,
    "championId": 85,
    "spell1": 14,
    "spell2": 4,
    "level": 30,
    "ipEarned": 58,
    "createDate": 1399031300611,
    "fellowPlayers": [
      {
        "summonerId": 23220957,
        "teamId": 200,
        "championId": 61
      },
      {
        "summonerId": 24200177,
        "teamId": 200,
        "championId": 37
      },
      {
        "summonerId": 25505697,
        "teamId": 200,
        "championId": 121
      },
      {
        "summonerId": 36704252,
        "teamId": 100,
        "championId": 58
      },
      {
        "summonerId": 24417930,
        "teamId": 100,
        "championId": 5
      },
      {
        "summonerId": 23143026,
        "teamId": 200,
        "championId": 119
      },
      {
        "summonerId": 27996638,
        "teamId": 100,
        "championId": 117
      },
      {
        "summonerId": 32217992,
        "teamId": 100,
        "championId": 115
      },
      {
        "summonerId": 26869556,
        "teamId": 100,
        "championId": 104
      }
    ],
    "stats": {
      "level": 13,
      "goldEarned": 8212,
      "numDeaths": 10,
      "minionsKilled": 134,
      "championsKilled": 4,
      "goldSpent": 6960,
      "totalDamageDealt": 72256,
      "totalDamageTaken": 21605,
      "killingSprees": 1,
      "largestKillingSpree": 2,
      "team": 200,
      "win": false,
      "neutralMinionsKilled": 2,
      "largestMultiKill": 1,
      "physicalDamageDealtPlayer": 25248,
      "magicDamageDealtPlayer": 46037,
      "physicalDamageTaken": 16564,
      "magicDamageTaken": 3761,
      "timePlayed": 1801,
      "totalHeal": 1557,
      "totalUnitsHealed": 1,
      "assists": 3,
      "item0": 1055,
      "item1": 1054,
      "item2": 3136,
      "item3": 3191,
      "item4": 3259,
      "item5": 1026,
      "item6": 3340,
      "magicDamageDealtToChampions": 12890,
      "physicalDamageDealtToChampions": 3909,
      "totalDamageDealtToChampions": 17769,
      "trueDamageDealtPlayer": 970,
      "trueDamageDealtToChampions": 970,
      "trueDamageTaken": 1280,
      "wardPlaced": 2,
      "neutralMinionsKilledYourJungle": 2,
      "totalTimeCrowdControlDealt": 40
    }
  },
  "25505697": {
    "gameId": 825985559,
    "invalid": false,
    "gameMode": "CLASSIC",
    "gameType": "MATCHED_GAME",
    "subType": "RANKED_SOLO_5x5",
    "mapId": 1,
    "teamId": 200,
    "championId": 121,
    "spell1": 4,
    "spell2": 11,
    "level": 30,
    "ipEarned": 58,
    "createDate": 1399031300606,
    "fellowPlayers": [
      {
        "summonerId": 23220957,
        "teamId": 200,
        "championId": 61
      },
      {
        "summonerId": 24200177,
        "teamId": 200,
        "championId": 37
      },
      {
        "summonerId": 36704252,
        "teamId": 100,
        "championId": 58
      },
      {
        "summonerId": 24417930,
        "teamId": 100,
        "championId": 5
      },
      {
        "summonerId": 23143026,
        "teamId": 200,
        "championId": 119
      },
      {
        "summonerId": 27996638,
        "teamId": 100,
        "championId": 117
      },
      {
        "summonerId": 32217992,
        "teamId": 100,
        "championId": 115
      },
      {
        "summonerId": 20081035,
        "teamId": 200,
        "championId": 85
      },
      {
        "summonerId": 26869556,
        "teamId": 100,
        "championId": 104
      }
    ],
    "stats": {
      "level": 15,
      "goldEarned": 9960,
      "numDeaths": 4,
      "minionsKilled": 44,
      "championsKilled": 7,
      "goldSpent": 9512,
      "totalDamageDealt": 120180,
      "totalDamageTaken": 33177,
      "doubleKills": 1,
      "tripleKills": 1,
      "quadraKills": 1,
      "killingSprees": 1,
      "largestKillingSpree": 4,
      "team": 200,
      "win": false,
      "neutralMinionsKilled": 73,
      "largestMultiKill": 4,
      "physicalDamageDealtPlayer": 104719,
      "magicDamageDealtPlayer": 1584,
      "physicalDamageTaken": 24081,
      "magicDamageTaken": 8818,
      "timePlayed": 1801,
      "totalHeal": 9188,
      "totalUnitsHealed": 1,
      "assists": 7,
      "item0": 3209,
      "item1": 3270,
      "item2": 3134,
      "item3": 3035,
      "item4": 3082,
      "item5": 1011,
      "item6": 3340,
      "sightWardsBought": 1,
      "magicDamageDealtToChampions": 867,
      "physicalDamageDealtToChampions": 16113,
      "totalDamageDealtToChampions": 18314,
      "trueDamageDealtPlayer": 13876,
      "trueDamageDealtToChampions": 1332,
      "trueDamageTaken": 278,
      "wardPlaced": 5,
      "neutralMinionsKilledEnemyJungle": 4,
      "neutralMinionsKilledYourJungle": 69,
      "totalTimeCrowdControlDealt": 648
    }
  },
  "23220957": {
    "gameId": 825985559,
    "invalid": false,
    "gameMode": "CLASSIC",
    "gameType": "MATCHED_GAME",
    "subType": "RANKED_SOLO_5x5",
    "mapId": 1,
    "teamId": 200,
    "championId": 61,
    "spell1": 21,
    "spell2": 4,
    "level": 30,
    "ipEarned": 58,
    "createDate": 1399031300610,
    "fellowPlayers": [
      {
        "summonerId": 24200177,
        "teamId": 200,
        "championId": 37
      },
      {
        "summonerId": 25505697,
        "teamId": 200,
        "championId": 121
      },
      {
        "summonerId": 36704252,
        "teamId": 100,
        "championId": 58
      },
      {
        "summonerId": 24417930,
        "teamId": 100,
        "championId": 5
      },
      {
        "summonerId": 23143026,
        "teamId": 200,
        "championId": 119
      },
      {
        "summonerId": 27996638,
        "teamId": 100,
        "championId": 117
      },
      {
        "summonerId": 32217992,
        "teamId": 100,
        "championId": 115
      },
      {
        "summonerId": 20081035,
        "teamId": 200,
        "championId": 85
      },
      {
        "summonerId": 26869556,
        "teamId": 100,
        "championId": 104
      }
    ],
    "stats": {
      "level": 16,
      "goldEarned": 9971,
      "numDeaths": 1,
      "minionsKilled": 236,
      "championsKilled": 1,
      "goldSpent": 9360,
      "totalDamageDealt": 143300,
      "totalDamageTaken": 15212,
      "team": 200,
      "win": false,
      "neutralMinionsKilled": 6,
      "largestMultiKill": 1,
      "physicalDamageDealtPlayer": 14667,
      "magicDamageDealtPlayer": 128632,
      "physicalDamageTaken": 7379,
      "magicDamageTaken": 7721,
      "timePlayed": 1801,
      "totalHeal": 615,
      "totalUnitsHealed": 1,
      "assists": 8,
      "item0": 3174,
      "item1": 3089,
      "item2": 3191,
      "item4": 3255,
      "item6": 3340,
      "sightWardsBought": 2,
      "magicDamageDealtToChampions": 15765,
      "physicalDamageDealtToChampions": 1058,
      "totalDamageDealtToChampions": 16823,
      "trueDamageTaken": 112,
      "wardPlaced": 7,
      "neutralMinionsKilledYourJungle": 6,
      "totalTimeCrowdControlDealt": 1983
    }
  },
  "23143026": {
    "gameId": 825985559,
    "invalid": false,
    "gameMode": "CLASSIC",
    "gameType": "MATCHED_GAME",
    "subType": "RANKED_SOLO_5x5",
    "mapId": 1,
    "teamId": 200,
    "championId": 119,
    "spell1": 4,
    "spell2": 7,
    "level": 30,
    "ipEarned": 58,
    "createDate": 1399031300607,
    "fellowPlayers": [
      {
        "summonerId": 23220957,
        "teamId": 200,
        "championId": 61
      },
      {
        "summonerId": 24200177,
        "teamId": 200,
        "championId": 37
      },
      {
        "summonerId": 25505697,
        "teamId": 200,
        "championId": 121
      },
      {
        "summonerId": 36704252,
        "teamId": 100,
        "championId": 58
      },
      {
        "summonerId": 24417930,
        "teamId": 100,
        "championId": 5
      },
      {
        "summonerId": 27996638,
        "teamId": 100,
        "championId": 117
      },
      {
        "summonerId": 32217992,
        "teamId": 100,
        "championId": 115
      },
      {
        "summonerId": 20081035,
        "teamId": 200,
        "championId": 85
      },
      {
        "summonerId": 26869556,
        "teamId": 100,
        "championId": 104
      }
    ],
    "stats": {
      "level": 15,
      "goldEarned": 9855,
      "numDeaths": 4,
      "minionsKilled": 197,
      "championsKilled": 2,
      "goldSpent": 9065,
      "totalDamageDealt": 131492,
      "totalDamageTaken": 24538,
      "killingSprees": 1,
      "largestKillingSpree": 2,
      "team": 200,
      "win": false,
      "neutralMinionsKilled": 4,
      "largestMultiKill": 1,
      "physicalDamageDealtPlayer": 131492,
      "physicalDamageTaken": 18556,
      "magicDamageTaken": 5624,
      "largestCriticalStrike": 743,
      "timePlayed": 1801,
      "totalHeal": 2944,
      "totalUnitsHealed": 3,
      "assists": 4,
      "item0": 1055,
      "item1": 3072,
      "item2": 3006,
      "item3": 3046,
      "item4": 1038,
      "item6": 3340,
      "physicalDamageDealtToChampions": 13480,
      "totalDamageDealtToChampions": 13480,
      "trueDamageTaken": 358,
      "wardKilled": 1,
      "neutralMinionsKilledEnemyJungle": 1,
      "neutralMinionsKilledYourJungle": 3,
      "totalTimeCrowdControlDealt": 140
    }
  },
  "32217992": {
    "gameId": 825985559,
    "invalid": false,
    "gameMode": "CLASSIC",
    "gameType": "MATCHED_GAME",
    "subType": "RANKED_SOLO_5x5",
    "mapId": 1,
    "teamId": 100,
    "championId": 115,
    "spell1": 7,
    "spell2": 4,
    "level": 30,
    "ipEarned": 237,
    "createDate": 1399031300604,
    "fellowPlayers": [
      {
        "summonerId": 23220957,
        "teamId": 200,
        "championId": 61
      },
      {
        "summonerId": 24200177,
        "teamId": 200,
        "championId": 37
      },
      {
        "summonerId": 25505697,
        "teamId": 200,
        "championId": 121
      },
      {
        "summonerId": 36704252,
        "teamId": 100,
        "championId": 58
      },
      {
        "summonerId": 24417930,
        "teamId": 100,
        "championId": 5
      },
      {
        "summonerId": 23143026,
        "teamId": 200,
        "championId": 119
      },
      {
        "summonerId": 27996638,
        "teamId": 100,
        "championId": 117
      },
      {
        "summonerId": 20081035,
        "teamId": 200,
        "championId": 85
      },
      {
        "summonerId": 26869556,
        "teamId": 100,
        "championId": 104
      }
    ],
    "stats": {
      "level": 16,
      "goldEarned": 11354,
      "numDeaths": 1,
      "turretsKilled": 1,
      "minionsKilled": 200,
      "championsKilled": 3,
      "goldSpent": 10310,
      "totalDamageDealt": 129768,
      "totalDamageTaken": 9665,
      "killingSprees": 1,
      "largestKillingSpree": 3,
      "team": 100,
      "win": true,
      "neutralMinionsKilled": 6,
      "largestMultiKill": 1,
      "physicalDamageDealtPlayer": 12303,
      "magicDamageDealtPlayer": 117464,
      "physicalDamageTaken": 4801,
      "magicDamageTaken": 4644,
      "timePlayed": 1801,
      "totalHeal": 1493,
      "totalUnitsHealed": 3,
      "assists": 6,
      "item0": 1056,
      "item1": 3157,
      "item2": 3089,
      "item3": 3174,
      "item4": 1052,
      "item6": 3340,
      "magicDamageDealtToChampions": 22295,
      "physicalDamageDealtToChampions": 753,
      "totalDamageDealtToChampions": 23048,
      "trueDamageTaken": 220,
      "wardPlaced": 10,
      "neutralMinionsKilledYourJungle": 6,
      "totalTimeCrowdControlDealt": 351
    }
  },
  "24200177": {
    "gameId": 825985559,
    "invalid": false,
    "gameMode": "CLASSIC",
    "gameType": "MATCHED_GAME",
    "subType": "RANKED_SOLO_5x5",
    "mapId": 1,
    "teamId": 200,
    "championId": 37,
    "spell1": 3,
    "spell2": 4,
    "level": 30,
    "ipEarned": 58,
    "createDate": 1399031300608,
    "fellowPlayers": [
      {
        "summonerId": 23220957,
        "teamId": 200,
        "championId": 61
      },
      {
        "summonerId": 25505697,
        "teamId": 200,
        "championId": 121
      },
      {
        "summonerId": 36704252,
        "teamId": 100,
        "championId": 58
      },
      {
        "summonerId": 24417930,
        "teamId": 100,
        "championId": 5
      },
      {
        "summonerId": 23143026,
        "teamId": 200,
        "championId": 119
      },
      {
        "summonerId": 27996638,
        "teamId": 100,
        "championId": 117
      },
      {
        "summonerId": 32217992,
        "teamId": 100,
        "championId": 115
      },
      {
        "summonerId": 20081035,
        "teamId": 200,
        "championId": 85
      },
      {
        "summonerId": 26869556,
        "teamId": 100,
        "championId": 104
      }
    ],
    "stats": {
      "level": 14,
      "goldEarned": 8801,
      "numDeaths": 7,
      "minionsKilled": 21,
      "championsKilled": 2,
      "goldSpent": 8235,
      "totalDamageDealt": 31286,
      "totalDamageTaken": 24604,
      "team": 200,
      "win": false,
      "largestMultiKill": 1,
      "physicalDamageDealtPlayer": 11622,
      "magicDamageDealtPlayer": 19663,
      "physicalDamageTaken": 15452,
      "magicDamageTaken": 8941,
      "timePlayed": 1801,
      "totalHeal": 14426,
      "totalUnitsHealed": 5,
      "assists": 9,
      "item0": 3098,
      "item1": 2010,
      "item2": 2045,
      "item3": 3158,
      "item4": 3174,
      "item5": 1058,
      "item6": 3341,
      "sightWardsBought": 2,
      "magicDamageDealtToChampions": 8693,
      "physicalDamageDealtToChampions": 4791,
      "totalDamageDealtToChampions": 13485,
      "trueDamageTaken": 210,
      "wardKilled": 4,
      "wardPlaced": 22,
      "totalTimeCrowdControlDealt": 48
    }
  }
}