{
  "42346337": {
    "gameId": 825976813,
    "invalid": false,
    "gameMode": "CLASSIC",
    "gameType": "MATCHED_GAME",
    "subType": "RANKED_SOLO_5x5",
    "mapId": 1,
    "teamId": 100,
    "championId": 55,
    "spell1": 4,
    "spell2": 14,
    "level": 30,
    "ipEarned": 65,
    "createDate": 1399031536030,
    "fellowPlayers": [
      {
        "summonerId": 31728179,
        "teamId": 100,
        "championId": 67
      },
      {
        "summonerId": 25536930,
        "teamId": 200,
        "championId": 89
      },
      {
        "summonerId": 26036144,
        "teamId": 200,
        "championId": 51
      },
      {
        "summonerId": 25004315,
        "teamId": 100,
        "championId": 40
      },
      {
        "summonerId": 31190162,
        "teamId": 200,
        "championId": 50
      },
      {
        "summonerId": 26545023,
        "teamId": 100,
        "championId": 102
      },
      {
        "summonerId": 23233100,
        "teamId": 100,
        "championId": 8
      },
      {
        "summonerId": 27024431,
        "teamId": 200,
        "championId": 35
      },
      {
        "summonerId": 41762161,
        "teamId": 200,
        "championId": 114
      }
    ],
    "stats": {
      "level": 15,
      "goldEarned": 9407,
      "numDeaths": 13,
      "minionsKilled": 125,
      "championsKilled": 6,
      "goldSpent": 9675,
      "totalDamageDealt": 93473,
      "totalDamageTaken": 25665,
      "killingSprees": 1,
      "largestKillingSpree": 2,
      "team": 100,
      "win": false,
      "largestMultiKill": 1,
      "physicalDamageDealtPlayer": 8976,
      "magicDamageDealtPlayer": 83134,
      "physicalDamageTaken": 10657,
      "magicDamageTaken": 13465,
      "timePlayed": 2102,
      "assists": 2,
      "item0": 3135,
      "item1": 3146,
      "item2": 3117,
      "item3": 1026,
      "item4": 1011,
      "item5": 1052,
      "item6": 3340,
      "magicDamageDealtToChampions": 21886,
      "physicalDamageDealtToChampions": 1830,
      "totalDamageDealtToChampions": 25078,
      "trueDamageDealtPlayer": 1362,
      "trueDamageDealtToChampions": 1362,
      "trueDamageTaken": 1542,
      "wardPlaced": 12,
      "totalTimeCrowdControlDealt": 23
    }
  },
  "summonerCount": 10,
  "26545023": {
    "gameId": 825976813,
    "invalid": false,
    "gameMode": "CLASSIC",
    "gameType": "MATCHED_GAME",
    "subType": "RANKED_SOLO_5x5",
    "mapId": 1,
    "teamId": 100,
    "championId": 102,
    "spell1": 4,
    "spell2": 11,
    "level": 30,
    "ipEarned": 65,
    "createDate": 1399031536028,
    "fellowPlayers": [
      {
        "summonerId": 31728179,
        "teamId": 100,
        "championId": 67
      },
      {
        "summonerId": 25536930,
        "teamId": 200,
        "championId": 89
      },
      {
        "summonerId": 26036144,
        "teamId": 200,
        "championId": 51
      },
      {
        "summonerId": 42346337,
        "teamId": 100,
        "championId": 55
      },
      {
        "summonerId": 25004315,
        "teamId": 100,
        "championId": 40
      },
      {
        "summonerId": 31190162,
        "teamId": 200,
        "championId": 50
      },
      {
        "summonerId": 23233100,
        "teamId": 100,
        "championId": 8
      },
      {
        "summonerId": 27024431,
        "teamId": 200,
        "championId": 35
      },
      {
        "summonerId": 41762161,
        "teamId": 200,
        "championId": 114
      }
    ],
    "stats": {
      "level": 15,
      "goldEarned": 8435,
      "numDeaths": 6,
      "minionsKilled": 67,
      "championsKilled": 2,
      "goldSpent": 7970,
      "totalDamageDealt": 82550,
      "totalDamageTaken": 33278,
      "killingSprees": 1,
      "largestKillingSpree": 2,
      "team": 100,
      "win": false,
      "neutralMinionsKilled": 39,
      "largestMultiKill": 1,
      "physicalDamageDealtPlayer": 32894,
      "magicDamageDealtPlayer": 47240,
      "physicalDamageTaken": 22699,
      "magicDamageTaken": 9869,
      "timePlayed": 2102,
      "totalHeal": 3985,
      "totalUnitsHealed": 1,
      "assists": 9,
      "item0": 3207,
      "item1": 3077,
      "item2": 3265,
      "item3": 1053,
      "item5": 1011,
      "item6": 3341,
      "magicDamageDealtToChampions": 6096,
      "physicalDamageDealtToChampions": 3808,
      "totalDamageDealtToChampions": 9958,
      "trueDamageDealtPlayer": 2416,
      "trueDamageDealtToChampions": 54,
      "trueDamageTaken": 710,
      "wardKilled": 1,
      "neutralMinionsKilledYourJungle": 39,
      "totalTimeCrowdControlDealt": 132
    }
  },
  "27024431": {
    "gameId": 825976813,
    "invalid": false,
    "gameMode": "CLASSIC",
    "gameType": "MATCHED_GAME",
    "subType": "RANKED_SOLO_5x5",
    "mapId": 1,
    "teamId": 200,
    "championId": 35,
    "spell1": 11,
    "spell2": 14,
    "level": 30,
    "ipEarned": 99,
    "createDate": 1399031536034,
    "fellowPlayers": [
      {
        "summonerId": 31728179,
        "teamId": 100,
        "championId": 67
      },
      {
        "summonerId": 25536930,
        "teamId": 200,
        "championId": 89
      },
      {
        "summonerId": 26036144,
        "teamId": 200,
        "championId": 51
      },
      {
        "summonerId": 42346337,
        "teamId": 100,
        "championId": 55
      },
      {
        "summonerId": 25004315,
        "teamId": 100,
        "championId": 40
      },
      {
        "summonerId": 31190162,
        "teamId": 200,
        "championId": 50
      },
      {
        "summonerId": 26545023,
        "teamId": 100,
        "championId": 102
      },
      {
        "summonerId": 23233100,
        "teamId": 100,
        "championId": 8
      },
      {
        "summonerId": 41762161,
        "teamId": 200,
        "championId": 114
      }
    ],
    "stats": {
      "level": 18,
      "goldEarned": 16964,
      "numDeaths": 3,
      "barracksKilled": 1,
      "turretsKilled": 2,
      "minionsKilled": 127,
      "championsKilled": 16,
      "goldSpent": 14050,
      "totalDamageDealt": 191435,
      "totalDamageTaken": 25035,
      "killingSprees": 3,
      "largestKillingSpree": 8,
      "team": 200,
      "win": true,
      "neutralMinionsKilled": 67,
      "largestMultiKill": 1,
      "physicalDamageDealtPlayer": 128643,
      "magicDamageDealtPlayer": 44064,
      "physicalDamageTaken": 12872,
      "magicDamageTaken": 10502,
      "largestCriticalStrike": 548,
      "timePlayed": 2102,
      "totalHeal": 2824,
      "totalUnitsHealed": 1,
      "assists": 13,
      "item0": 3074,
      "item1": 3143,
      "item2": 3065,
      "item3": 3274,
      "item5": 3087,
      "item6": 3341,
      "magicDamageDealtToChampions": 12859,
      "physicalDamageDealtToChampions": 13916,
      "totalDamageDealtToChampions": 28705,
      "trueDamageDealtPlayer": 18728,
      "trueDamageDealtToChampions": 1930,
      "trueDamageTaken": 1660,
      "wardKilled": 2,
      "neutralMinionsKilledEnemyJungle": 20,
      "neutralMinionsKilledYourJungle": 47,
      "totalTimeCrowdControlDealt": 1032
    }
  },
  "25536930": {
    "gameId": 825976813,
    "invalid": false,
    "gameMode": "CLASSIC",
    "gameType": "MATCHED_GAME",
    "subType": "RANKED_SOLO_5x5",
    "mapId": 1,
    "teamId": 200,
    "championId": 89,
    "spell1": 4,
    "spell2": 7,
    "level": 30,
    "ipEarned": 99,
    "createDate": 1399031536036,
    "fellowPlayers": [
      {
        "summonerId": 31728179,
        "teamId": 100,
        "championId": 67
      },
      {
        "summonerId": 26036144,
        "teamId": 200,
        "championId": 51
      },
      {
        "summonerId": 42346337,
        "teamId": 100,
        "championId": 55
      },
      {
        "summonerId": 25004315,
        "teamId": 100,
        "championId": 40
      },
      {
        "summonerId": 31190162,
        "teamId": 200,
        "championId": 50
      },
      {
        "summonerId": 26545023,
        "teamId": 100,
        "championId": 102
      },
      {
        "summonerId": 23233100,
        "teamId": 100,
        "championId": 8
      },
      {
        "summonerId": 27024431,
        "teamId": 200,
        "championId": 35
      },
      {
        "summonerId": 41762161,
        "teamId": 200,
        "championId": 114
      }
    ],
    "stats": {
      "level": 15,
      "goldEarned": 9944,
      "numDeaths": 9,
      "barracksKilled": 1,
      "turretsKilled": 1,
      "minionsKilled": 22,
      "championsKilled": 2,
      "goldSpent": 9585,
      "totalDamageDealt": 30367,
      "totalDamageTaken": 28676,
      "team": 200,
      "win": true,
      "largestMultiKill": 1,
      "physicalDamageDealtPlayer": 9836,
      "magicDamageDealtPlayer": 17633,
      "physicalDamageTaken": 17036,
      "magicDamageTaken": 8666,
      "timePlayed": 2102,
      "totalHeal": 7236,
      "totalUnitsHealed": 6,
      "assists": 17,
      "item0": 3401,
      "item1": 2045,
      "item2": 3158,
      "item3": 3068,
      "item4": 3024,
      "item5": 1052,
      "item6": 3340,
      "sightWardsBought": 4,
      "visionWardsBought": 1,
      "magicDamageDealtToChampions": 7197,
      "physicalDamageDealtToChampions": 3823,
      "totalDamageDealtToChampions": 11021,
      "trueDamageDealtPlayer": 2897,
      "trueDamageTaken": 2973,
      "wardPlaced": 26,
      "totalTimeCrowdControlDealt": 73
    }
  },
  "23233100": {
    "gameId": 825976813,
    "invalid": false,
    "gameMode": "CLASSIC",
    "gameType": "MATCHED_GAME",
    "subType": "RANKED_SOLO_5x5",
    "mapId": 1,
    "teamId": 100,
    "championId": 8,
    "spell1": 4,
    "spell2": 14,
    "level": 30,
    "ipEarned": 65,
    "createDate": 1399031536026,
    "fellowPlayers": [
      {
        "summonerId": 31728179,
        "teamId": 100,
        "championId": 67
      },
      {
        "summonerId": 25536930,
        "teamId": 200,
        "championId": 89
      },
      {
        "summonerId": 26036144,
        "teamId": 200,
        "championId": 51
      },
      {
        "summonerId": 42346337,
        "teamId": 100,
        "championId": 55
      },
      {
        "summonerId": 25004315,
        "teamId": 100,
        "championId": 40
      },
      {
        "summonerId": 31190162,
        "teamId": 200,
        "championId": 50
      },
      {
        "summonerId": 26545023,
        "teamId": 100,
        "championId": 102
      },
      {
        "summonerId": 27024431,
        "teamId": 200,
        "championId": 35
      },
      {
        "summonerId": 41762161,
        "teamId": 200,
        "championId": 114
      }
    ],
    "stats": {
      "level": 15,
      "goldEarned": 10417,
      "numDeaths": 12,
      "turretsKilled": 1,
      "minionsKilled": 204,
      "championsKilled": 4,
      "goldSpent": 9875,
      "totalDamageDealt": 138338,
      "totalDamageTaken": 36671,
      "killingSprees": 1,
      "largestKillingSpree": 2,
      "team": 100,
      "win": false,
      "neutralMinionsKilled": 4,
      "largestMultiKill": 1,
      "physicalDamageDealtPlayer": 11227,
      "magicDamageDealtPlayer": 125341,
      "physicalDamageTaken": 26585,
      "magicDamageTaken": 8534,
      "timePlayed": 2102,
      "totalHeal": 8003,
      "totalUnitsHealed": 1,
      "assists": 4,
      "item0": 3152,
      "item1": 1054,
      "item2": 3191,
      "item3": 3116,
      "item4": 3108,
      "item5": 3020,
      "item6": 3340,
      "sightWardsBought": 2,
      "magicDamageDealtToChampions": 20742,
      "physicalDamageDealtToChampions": 1114,
      "totalDamageDealtToChampions": 23626,
      "trueDamageDealtPlayer": 1770,
      "trueDamageDealtToChampions": 1770,
      "trueDamageTaken": 1552,
      "wardPlaced": 6,
      "neutralMinionsKilledEnemyJungle": 1,
      "neutralMinionsKilledYourJungle": 3,
      "totalTimeCrowdControlDealt": 57
    }
  },
  "31190162": {
    "gameId": 825976813,
    "invalid": false,
    "gameMode": "CLASSIC",
    "gameType": "MATCHED_GAME",
    "subType": "RANKED_SOLO_5x5",
    "mapId": 1,
    "teamId": 200,
    "championId": 50,
    "spell1": 14,
    "spell2": 4,
    "level": 30,
    "ipEarned": 99,
    "createDate": 1399031536031,
    "fellowPlayers": [
      {
        "summonerId": 31728179,
        "teamId": 100,
        "championId": 67
      },
      {
        "summonerId": 25536930,
        "teamId": 200,
        "championId": 89
      },
      {
        "summonerId": 26036144,
        "teamId": 200,
        "championId": 51
      },
      {
        "summonerId": 42346337,
        "teamId": 100,
        "championId": 55
      },
      {
        "summonerId": 25004315,
        "teamId": 100,
        "championId": 40
      },
      {
        "summonerId": 26545023,
        "teamId": 100,
        "championId": 102
      },
      {
        "summonerId": 23233100,
        "teamId": 100,
        "championId": 8
      },
      {
        "summonerId": 27024431,
        "teamId": 200,
        "championId": 35
      },
      {
        "summonerId": 41762161,
        "teamId": 200,
        "championId": 114
      }
    ],
    "stats": {
      "level": 17,
      "goldEarned": 12740,
      "numDeaths": 5,
      "turretsKilled": 1,
      "minionsKilled": 143,
      "championsKilled": 9,
      "goldSpent": 11830,
      "totalDamageDealt": 84942,
      "totalDamageTaken": 27990,
      "killingSprees": 4,
      "largestKillingSpree": 3,
      "team": 200,
      "win": true,
      "largestMultiKill": 1,
      "physicalDamageDealtPlayer": 24622,
      "magicDamageDealtPlayer": 59379,
      "physicalDamageTaken": 11071,
      "magicDamageTaken": 15046,
      "timePlayed": 2102,
      "totalHeal": 9147,
      "totalUnitsHealed": 1,
      "assists": 10,
      "item0": 3157,
      "item1": 3027,
      "item2": 3020,
      "item3": 3174,
      "item4": 1056,
      "item5": 1058,
      "item6": 3340,
      "magicDamageDealtToChampions": 22897,
      "physicalDamageDealtToChampions": 1658,
      "totalDamageDealtToChampions": 25495,
      "trueDamageDealtPlayer": 940,
      "trueDamageDealtToChampions": 940,
      "trueDamageTaken": 1872,
      "wardPlaced": 6,
      "totalTimeCrowdControlDealt": 183
    }
  },
  "26036144": {
    "gameId": 825976813,
    "invalid": false,
    "gameMode": "CLASSIC",
    "gameType": "MATCHED_GAME",
    "subType": "RANKED_SOLO_5x5",
    "mapId": 1,
    "teamId": 200,
    "championId": 51,
    "spell1": 7,
    "spell2": 4,
    "level": 30,
    "ipEarned": 268,
    "createDate": 1399031536035,
    "fellowPlayers": [
      {
        "summonerId": 31728179,
        "teamId": 100,
        "championId": 67
      },
      {
        "summonerId": 25536930,
        "teamId": 200,
        "championId": 89
      },
      {
        "summonerId": 42346337,
        "teamId": 100,
        "championId": 55
      },
      {
        "summonerId": 25004315,
        "teamId": 100,
        "championId": 40
      },
      {
        "summonerId": 31190162,
        "teamId": 200,
        "championId": 50
      },
      {
        "summonerId": 26545023,
        "teamId": 100,
        "championId": 102
      },
      {
        "summonerId": 23233100,
        "teamId": 100,
        "championId": 8
      },
      {
        "summonerId": 27024431,
        "teamId": 200,
        "championId": 35
      },
      {
        "summonerId": 41762161,
        "teamId": 200,
        "championId": 114
      }
    ],
    "stats": {
      "level": 18,
      "goldEarned": 14994,
      "numDeaths": 3,
      "turretsKilled": 3,
      "minionsKilled": 200,
      "championsKilled": 13,
      "goldSpent": 10690,
      "totalDamageDealt": 154352,
      "totalDamageTaken": 22358,
      "doubleKills": 2,
      "killingSprees": 3,
      "largestKillingSpree": 7,
      "team": 200,
      "win": true,
      "neutralMinionsKilled": 5,
      "largestMultiKill": 2,
      "physicalDamageDealtPlayer": 147004,
      "magicDamageDealtPlayer": 5699,
      "physicalDamageTaken": 10417,
      "magicDamageTaken": 10702,
      "largestCriticalStrike": 912,
      "timePlayed": 2102,
      "totalHeal": 3624,
      "totalUnitsHealed": 3,
      "assists": 10,
      "item0": 1037,
      "item1": 3072,
      "item2": 3006,
      "item3": 3035,
      "item4": 3046,
      "item6": 3340,
      "magicDamageDealtToChampions": 4869,
      "physicalDamageDealtToChampions": 30634,
      "totalDamageDealtToChampions": 36877,
      "trueDamageDealtPlayer": 1648,
      "trueDamageDealtToChampions": 1374,
      "trueDamageTaken": 1238,
      "wardPlaced": 4,
      "neutralMinionsKilledEnemyJungle": 2,
      "neutralMinionsKilledYourJungle": 3,
      "totalTimeCrowdControlDealt": 344
    }
  },
  "31728179": {
    "gameId": 825976813,
    "invalid": false,
    "gameMode": "CLASSIC",
    "gameType": "MATCHED_GAME",
    "subType": "RANKED_SOLO_5x5",
    "mapId": 1,
    "teamId": 100,
    "championId": 67,
    "spell1": 7,
    "spell2": 4,
    "level": 30,
    "ipEarned": 65,
    "createDate": 1399031536027,
    "fellowPlayers": [
      {
        "summonerId": 25536930,
        "teamId": 200,
        "championId": 89
      },
      {
        "summonerId": 26036144,
        "teamId": 200,
        "championId": 51
      },
      {
        "summonerId": 42346337,
        "teamId": 100,
        "championId": 55
      },
      {
        "summonerId": 25004315,
        "teamId": 100,
        "championId": 40
      },
      {
        "summonerId": 31190162,
        "teamId": 200,
        "championId": 50
      },
      {
        "summonerId": 26545023,
        "teamId": 100,
        "championId": 102
      },
      {
        "summonerId": 23233100,
        "teamId": 100,
        "championId": 8
      },
      {
        "summonerId": 27024431,
        "teamId": 200,
        "championId": 35
      },
      {
        "summonerId": 41762161,
        "teamId": 200,
        "championId": 114
      }
    ],
    "stats": {
      "level": 15,
      "goldEarned": 11915,
      "numDeaths": 9,
      "turretsKilled": 1,
      "minionsKilled": 166,
      "championsKilled": 10,
      "goldSpent": 11790,
      "totalDamageDealt": 101095,
      "totalDamageTaken": 31775,
      "doubleKills": 1,
      "killingSprees": 4,
      "largestKillingSpree": 2,
      "team": 100,
      "win": false,
      "neutralMinionsKilled": 6,
      "largestMultiKill": 2,
      "physicalDamageDealtPlayer": 91470,
      "magicDamageDealtPlayer": 63,
      "physicalDamageTaken": 20010,
      "magicDamageTaken": 10132,
      "largestCriticalStrike": 483,
      "timePlayed": 2102,
      "totalHeal": 5596,
      "totalUnitsHealed": 5,
      "assists": 4,
      "item0": 3252,
      "item1": 3153,
      "item2": 3046,
      "item3": 3031,
      "item6": 3340,
      "magicDamageDealtToChampions": 63,
      "physicalDamageDealtToChampions": 20881,
      "totalDamageDealtToChampions": 26425,
      "trueDamageDealtPlayer": 9561,
      "trueDamageDealtToChampions": 5480,
      "trueDamageTaken": 1633,
      "wardPlaced": 6,
      "neutralMinionsKilledYourJungle": 6,
      "totalTimeCrowdControlDealt": 129
    }
  },
  "25004315": {
    "gameId": 825976813,
    "invalid": false,
    "gameMode": "CLASSIC",
    "gameType": "MATCHED_GAME",
    "subType": "RANKED_SOLO_5x5",
    "mapId": 1,
    "teamId": 100,
    "championId": 40,
    "spell1": 14,
    "spell2": 4,
    "level": 30,
    "ipEarned": 65,
    "createDate": 1399031536029,
    "fellowPlayers": [
      {
        "summonerId": 31728179,
        "teamId": 100,
        "championId": 67
      },
      {
        "summonerId": 25536930,
        "teamId": 200,
        "championId": 89
      },
      {
        "summonerId": 26036144,
        "teamId": 200,
        "championId": 51
      },
      {
        "summonerId": 42346337,
        "teamId": 100,
        "championId": 55
      },
      {
        "summonerId": 31190162,
        "teamId": 200,
        "championId": 50
      },
      {
        "summonerId": 26545023,
        "teamId": 100,
        "championId": 102
      },
      {
        "summonerId": 23233100,
        "teamId": 100,
        "championId": 8
      },
      {
        "summonerId": 27024431,
        "teamId": 200,
        "championId": 35
      },
      {
        "summonerId": 41762161,
        "teamId": 200,
        "championId": 114
      }
    ],
    "stats": {
      "level": 14,
      "goldEarned": 9936,
      "numDeaths": 10,
      "minionsKilled": 26,
      "championsKilled": 3,
      "goldSpent": 9445,
      "totalDamageDealt": 46439,
      "totalDamageTaken": 25577,
      "team": 100,
      "win": false,
      "neutralMinionsKilled": 3,
      "largestMultiKill": 1,
      "physicalDamageDealtPlayer": 8729,
      "magicDamageDealtPlayer": 37322,
      "physicalDamageTaken": 18685,
      "magicDamageTaken": 6620,
      "timePlayed": 2102,
      "totalHeal": 6306,
      "totalUnitsHealed": 10,
      "assists": 13,
      "item0": 3275,
      "item1": 3065,
      "item2": 3082,
      "item3": 3092,
      "item4": 3222,
      "item6": 3340,
      "magicDamageDealtToChampions": 10716,
      "physicalDamageDealtToChampions": 1473,
      "totalDamageDealtToChampions": 12578,
      "trueDamageDealtPlayer": 388,
      "trueDamageDealtToChampions": 388,
      "trueDamageTaken": 272,
      "wardPlaced": 10,
      "neutralMinionsKilledYourJungle": 3,
      "totalTimeCrowdControlDealt": 344
    }
  },
  "41762161": {
    "gameId": 825976813,
    "invalid": false,
    "gameMode": "CLASSIC",
    "gameType": "MATCHED_GAME",
    "subType": "RANKED_SOLO_5x5",
    "mapId": 1,
    "teamId": 200,
    "championId": 114,
    "spell1": 14,
    "spell2": 4,
    "level": 30,
    "ipEarned": 249,
    "createDate": 1399031536032,
    "fellowPlayers": [
      {
        "summonerId": 31728179,
        "teamId": 100,
        "championId": 67
      },
      {
        "summonerId": 25536930,
        "teamId": 200,
        "championId": 89
      },
      {
        "summonerId": 26036144,
        "teamId": 200,
        "championId": 51
      },
      {
        "summonerId": 42346337,
        "teamId": 100,
        "championId": 55
      },
      {
        "summonerId": 25004315,
        "teamId": 100,
        "championId": 40
      },
      {
        "summonerId": 31190162,
        "teamId": 200,
        "championId": 50
      },
      {
        "summonerId": 26545023,
        "teamId": 100,
        "championId": 102
      },
      {
        "summonerId": 23233100,
        "teamId": 100,
        "championId": 8
      },
      {
        "summonerId": 27024431,
        "teamId": 200,
        "championId": 35
      }
    ],
    "stats": {
      "level": 18,
      "goldEarned": 12969,
      "numDeaths": 5,
      "minionsKilled": 120,
      "championsKilled": 10,
      "goldSpent": 11740,
      "totalDamageDealt": 129500,
      "totalDamageTaken": 34373,
      "killingSprees": 2,
      "largestKillingSpree": 5,
      "team": 200,
      "win": true,
      "neutralMinionsKilled": 16,
      "largestMultiKill": 1,
      "physicalDamageDealtPlayer": 125671,
      "magicDamageDealtPlayer": 2314,
      "physicalDamageTaken": 17966,
      "magicDamageTaken": 14587,
      "timePlayed": 2102,
      "totalHeal": 966,
      "totalUnitsHealed": 1,
      "assists": 12,
      "item0": 3022,
      "item1": 3074,
      "item2": 3250,
      "item3": 3035,
      "item4": 3044,
      "item6": 3340,
      "magicDamageDealtToChampions": 798,
      "physicalDamageDealtToChampions": 29827,
      "totalDamageDealtToChampions": 31835,
      "trueDamageDealtPlayer": 1514,
      "trueDamageDealtToChampions": 1210,
      "trueDamageTaken": 1819,
      "wardPlaced": 3,
      "neutralMinionsKilledEnemyJungle": 7,
      "neutralMinionsKilledYourJungle": 9,
      "totalTimeCrowdControlDealt": 302
    }
  }
}