{
  "41605383": {
    "gameId": 825984830,
    "invalid": false,
    "gameMode": "CLASSIC",
    "gameType": "MATCHED_GAME",
    "subType": "NORMAL",
    "mapId": 1,
    "teamId": 100,
    "championId": 51,
    "spell1": 4,
    "spell2": 7,
    "level": 30,
    "ipEarned": 251,
    "createDate": 1399031472801,
    "fellowPlayers": [
      {
        "summonerId": 27115942,
        "teamId": 200,
        "championId": 37
      },
      {
        "summonerId": 35099766,
        "teamId": 200,
        "championId": 81
      },
      {
        "summonerId": 41605741,
        "teamId": 100,
        "championId": 121
      },
      {
        "summonerId": 30394579,
        "teamId": 100,
        "championId": 103
      },
      {
        "summonerId": 30038547,
        "teamId": 100,
        "championId": 1
      },
      {
        "summonerId": 30255868,
        "teamId": 200,
        "championId": 4
      },
      {
        "summonerId": 32248268,
        "teamId": 200,
        "championId": 28
      },
      {
        "summonerId": 29108537,
        "teamId": 200,
        "championId": 114
      },
      {
        "summonerId": 27548343,
        "teamId": 100,
        "championId": 41
      }
    ],
    "stats": {
      "level": 17,
      "goldEarned": 17011,
      "numDeaths": 4,
      "turretsKilled": 3,
      "minionsKilled": 255,
      "championsKilled": 16,
      "goldSpent": 14755,
      "totalDamageDealt": 205324,
      "totalDamageTaken": 16787,
      "doubleKills": 4,
      "killingSprees": 3,
      "largestKillingSpree": 7,
      "team": 100,
      "win": true,
      "neutralMinionsKilled": 16,
      "largestMultiKill": 2,
      "physicalDamageDealtPlayer": 187440,
      "magicDamageDealtPlayer": 16776,
      "physicalDamageTaken": 7823,
      "magicDamageTaken": 8874,
      "largestCriticalStrike": 1470,
      "timePlayed": 2215,
      "totalHeal": 2004,
      "totalUnitsHealed": 2,
      "assists": 5,
      "item0": 3082,
      "item1": 3072,
      "item2": 3035,
      "item3": 3252,
      "item4": 3087,
      "item5": 3031,
      "item6": 3340,
      "magicDamageDealtToChampions": 2850,
      "physicalDamageDealtToChampions": 31604,
      "totalDamageDealtToChampions": 35086,
      "trueDamageDealtPlayer": 1108,
      "trueDamageDealtToChampions": 632,
      "trueDamageTaken": 90,
      "wardKilled": 1,
      "wardPlaced": 4,
      "neutralMinionsKilledEnemyJungle": 3,
      "neutralMinionsKilledYourJungle": 13,
      "totalTimeCrowdControlDealt": 201
    }
  },
  "summonerCount": 10,
  "32248268": {
    "gameId": 825984830,
    "invalid": false,
    "gameMode": "CLASSIC",
    "gameType": "MATCHED_GAME",
    "subType": "NORMAL",
    "mapId": 1,
    "teamId": 200,
    "championId": 28,
    "spell1": 11,
    "spell2": 4,
    "level": 30,
    "ipEarned": 67,
    "createDate": 1399031472806,
    "fellowPlayers": [
      {
        "summonerId": 27115942,
        "teamId": 200,
        "championId": 37
      },
      {
        "summonerId": 35099766,
        "teamId": 200,
        "championId": 81
      },
      {
        "summonerId": 41605741,
        "teamId": 100,
        "championId": 121
      },
      {
        "summonerId": 30394579,
        "teamId": 100,
        "championId": 103
      },
      {
        "summonerId": 30038547,
        "teamId": 100,
        "championId": 1
      },
      {
        "summonerId": 41605383,
        "teamId": 100,
        "championId": 51
      },
      {
        "summonerId": 30255868,
        "teamId": 200,
        "championId": 4
      },
      {
        "summonerId": 29108537,
        "teamId": 200,
        "championId": 114
      },
      {
        "summonerId": 27548343,
        "teamId": 100,
        "championId": 41
      }
    ],
    "stats": {
      "level": 18,
      "goldEarned": 12574,
      "numDeaths": 5,
      "minionsKilled": 88,
      "championsKilled": 4,
      "goldSpent": 11915,
      "totalDamageDealt": 164928,
      "totalDamageTaken": 29584,
      "killingSprees": 1,
      "largestKillingSpree": 2,
      "team": 200,
      "win": false,
      "neutralMinionsKilled": 79,
      "largestMultiKill": 1,
      "physicalDamageDealtPlayer": 61898,
      "magicDamageDealtPlayer": 82678,
      "physicalDamageTaken": 21581,
      "magicDamageTaken": 6089,
      "timePlayed": 2215,
      "totalHeal": 4056,
      "totalUnitsHealed": 1,
      "assists": 8,
      "item0": 3153,
      "item1": 3143,
      "item2": 1057,
      "item3": 3269,
      "item4": 3209,
      "item5": 1054,
      "item6": 3340,
      "sightWardsBought": 1,
      "magicDamageDealtToChampions": 6017,
      "physicalDamageDealtToChampions": 4863,
      "totalDamageDealtToChampions": 11568,
      "trueDamageDealtPlayer": 20350,
      "trueDamageDealtToChampions": 687,
      "trueDamageTaken": 1913,
      "wardKilled": 1,
      "wardPlaced": 8,
      "neutralMinionsKilledEnemyJungle": 9,
      "neutralMinionsKilledYourJungle": 70,
      "totalTimeCrowdControlDealt": 486
    }
  },
  "35099766": {
    "gameId": 825984830,
    "invalid": false,
    "gameMode": "CLASSIC",
    "gameType": "MATCHED_GAME",
    "subType": "NORMAL",
    "mapId": 1,
    "teamId": 200,
    "championId": 81,
    "spell1": 4,
    "spell2": 7,
    "level": 30,
    "ipEarned": 67,
    "createDate": 1399031472811,
    "fellowPlayers": [
      {
        "summonerId": 27115942,
        "teamId": 200,
        "championId": 37
      },
      {
        "summonerId": 41605741,
        "teamId": 100,
        "championId": 121
      },
      {
        "summonerId": 30394579,
        "teamId": 100,
        "championId": 103
      },
      {
        "summonerId": 30038547,
        "teamId": 100,
        "championId": 1
      },
      {
        "summonerId": 41605383,
        "teamId": 100,
        "championId": 51
      },
      {
        "summonerId": 30255868,
        "teamId": 200,
        "championId": 4
      },
      {
        "summonerId": 32248268,
        "teamId": 200,
        "championId": 28
      },
      {
        "summonerId": 29108537,
        "teamId": 200,
        "championId": 114
      },
      {
        "summonerId": 27548343,
        "teamId": 100,
        "championId": 41
      }
    ],
    "stats": {
      "level": 17,
      "goldEarned": 14234,
      "numDeaths": 5,
      "turretsKilled": 5,
      "minionsKilled": 215,
      "championsKilled": 7,
      "goldSpent": 14548,
      "totalDamageDealt": 169492,
      "totalDamageTaken": 29984,
      "killingSprees": 2,
      "largestKillingSpree": 3,
      "team": 200,
      "win": false,
      "neutralMinionsKilled": 17,
      "largestMultiKill": 1,
      "physicalDamageDealtPlayer": 145257,
      "magicDamageDealtPlayer": 23228,
      "physicalDamageTaken": 19200,
      "magicDamageTaken": 9340,
      "largestCriticalStrike": 966,
      "timePlayed": 2215,
      "totalHeal": 3444,
      "totalUnitsHealed": 2,
      "assists": 7,
      "item0": 3031,
      "item1": 3072,
      "item2": 3078,
      "item3": 3006,
      "item4": 1037,
      "item5": 1036,
      "item6": 3340,
      "magicDamageDealtToChampions": 7409,
      "physicalDamageDealtToChampions": 10902,
      "totalDamageDealtToChampions": 18978,
      "trueDamageDealtPlayer": 1006,
      "trueDamageDealtToChampions": 666,
      "trueDamageTaken": 1443,
      "wardKilled": 1,
      "wardPlaced": 3,
      "neutralMinionsKilledEnemyJungle": 8,
      "neutralMinionsKilledYourJungle": 9,
      "totalTimeCrowdControlDealt": 198
    }
  },
  "30255868": {
    "gameId": 825984830,
    "invalid": false,
    "gameMode": "CLASSIC",
    "gameType": "MATCHED_GAME",
    "subType": "NORMAL",
    "mapId": 1,
    "teamId": 200,
    "championId": 4,
    "spell1": 4,
    "spell2": 14,
    "level": 30,
    "ipEarned": 67,
    "createDate": 1399031472808,
    "fellowPlayers": [
      {
        "summonerId": 27115942,
        "teamId": 200,
        "championId": 37
      },
      {
        "summonerId": 35099766,
        "teamId": 200,
        "championId": 81
      },
      {
        "summonerId": 41605741,
        "teamId": 100,
        "championId": 121
      },
      {
        "summonerId": 30394579,
        "teamId": 100,
        "championId": 103
      },
      {
        "summonerId": 30038547,
        "teamId": 100,
        "championId": 1
      },
      {
        "summonerId": 41605383,
        "teamId": 100,
        "championId": 51
      },
      {
        "summonerId": 32248268,
        "teamId": 200,
        "championId": 28
      },
      {
        "summonerId": 29108537,
        "teamId": 200,
        "championId": 114
      },
      {
        "summonerId": 27548343,
        "teamId": 100,
        "championId": 41
      }
    ],
    "stats": {
      "level": 16,
      "goldEarned": 13260,
      "numDeaths": 13,
      "minionsKilled": 193,
      "championsKilled": 5,
      "goldSpent": 12710,
      "totalDamageDealt": 128570,
      "totalDamageTaken": 25408,
      "killingSprees": 1,
      "largestKillingSpree": 3,
      "team": 200,
      "win": false,
      "neutralMinionsKilled": 4,
      "largestMultiKill": 1,
      "physicalDamageDealtPlayer": 13807,
      "magicDamageDealtPlayer": 113855,
      "physicalDamageTaken": 17136,
      "magicDamageTaken": 7538,
      "timePlayed": 2215,
      "totalHeal": 858,
      "totalUnitsHealed": 1,
      "assists": 5,
      "item0": 1056,
      "item1": 3020,
      "item2": 3128,
      "item3": 3089,
      "item4": 3100,
      "item5": 1058,
      "item6": 3340,
      "magicDamageDealtToChampions": 14389,
      "physicalDamageDealtToChampions": 1125,
      "totalDamageDealtToChampions": 16422,
      "trueDamageDealtPlayer": 908,
      "trueDamageDealtToChampions": 908,
      "trueDamageTaken": 733,
      "wardPlaced": 5,
      "neutralMinionsKilledYourJungle": 4,
      "totalTimeCrowdControlDealt": 293
    }
  },
  "41605741": {
    "gameId": 825984830,
    "invalid": false,
    "gameMode": "CLASSIC",
    "gameType": "MATCHED_GAME",
    "subType": "NORMAL",
    "mapId": 1,
    "teamId": 100,
    "championId": 121,
    "spell1": 4,
    "spell2": 11,
    "level": 30,
    "ipEarned": 251,
    "createDate": 1399031472805,
    "fellowPlayers": [
      {
        "summonerId": 27115942,
        "teamId": 200,
        "championId": 37
      },
      {
        "summonerId": 35099766,
        "teamId": 200,
        "championId": 81
      },
      {
        "summonerId": 30394579,
        "teamId": 100,
        "championId": 103
      },
      {
        "summonerId": 30038547,
        "teamId": 100,
        "championId": 1
      },
      {
        "summonerId": 41605383,
        "teamId": 100,
        "championId": 51
      },
      {
        "summonerId": 30255868,
        "teamId": 200,
        "championId": 4
      },
      {
        "summonerId": 32248268,
        "teamId": 200,
        "championId": 28
      },
      {
        "summonerId": 29108537,
        "teamId": 200,
        "championId": 114
      },
      {
        "summonerId": 27548343,
        "teamId": 100,
        "championId": 41
      }
    ],
    "stats": {
      "level": 16,
      "goldEarned": 10748,
      "numDeaths": 6,
      "minionsKilled": 17,
      "championsKilled": 7,
      "goldSpent": 9835,
      "totalDamageDealt": 93302,
      "totalDamageTaken": 23983,
      "killingSprees": 2,
      "largestKillingSpree": 2,
      "team": 100,
      "win": true,
      "neutralMinionsKilled": 59,
      "largestMultiKill": 1,
      "physicalDamageDealtPlayer": 79212,
      "magicDamageDealtPlayer": 1196,
      "physicalDamageTaken": 15275,
      "magicDamageTaken": 8405,
      "timePlayed": 2215,
      "totalHeal": 4791,
      "totalUnitsHealed": 1,
      "assists": 10,
      "item0": 3074,
      "item2": 3143,
      "item3": 1001,
      "item4": 3209,
      "item6": 3340,
      "magicDamageDealtToChampions": 546,
      "physicalDamageDealtToChampions": 7593,
      "totalDamageDealtToChampions": 8815,
      "trueDamageDealtPlayer": 12893,
      "trueDamageDealtToChampions": 676,
      "trueDamageTaken": 303,
      "wardPlaced": 9,
      "neutralMinionsKilledEnemyJungle": 5,
      "neutralMinionsKilledYourJungle": 54,
      "totalTimeCrowdControlDealt": 513
    }
  },
  "27548343": {
    "gameId": 825984830,
    "invalid": false,
    "gameMode": "CLASSIC",
    "gameType": "MATCHED_GAME",
    "subType": "NORMAL",
    "mapId": 1,
    "teamId": 100,
    "championId": 41,
    "spell1": 12,
    "spell2": 4,
    "level": 30,
    "ipEarned": 101,
    "createDate": 1399031472802,
    "fellowPlayers": [
      {
        "summonerId": 27115942,
        "teamId": 200,
        "championId": 37
      },
      {
        "summonerId": 35099766,
        "teamId": 200,
        "championId": 81
      },
      {
        "summonerId": 41605741,
        "teamId": 100,
        "championId": 121
      },
      {
        "summonerId": 30394579,
        "teamId": 100,
        "championId": 103
      },
      {
        "summonerId": 30038547,
        "teamId": 100,
        "championId": 1
      },
      {
        "summonerId": 41605383,
        "teamId": 100,
        "championId": 51
      },
      {
        "summonerId": 30255868,
        "teamId": 200,
        "championId": 4
      },
      {
        "summonerId": 32248268,
        "teamId": 200,
        "championId": 28
      },
      {
        "summonerId": 29108537,
        "teamId": 200,
        "championId": 114
      }
    ],
    "stats": {
      "level": 18,
      "goldEarned": 15983,
      "numDeaths": 8,
      "turretsKilled": 1,
      "minionsKilled": 233,
      "championsKilled": 5,
      "goldSpent": 16223,
      "totalDamageDealt": 167417,
      "totalDamageTaken": 28987,
      "killingSprees": 1,
      "largestKillingSpree": 2,
      "team": 100,
      "win": true,
      "neutralMinionsKilled": 15,
      "largestMultiKill": 1,
      "physicalDamageDealtPlayer": 149636,
      "magicDamageDealtPlayer": 17781,
      "physicalDamageTaken": 20240,
      "magicDamageTaken": 6784,
      "largestCriticalStrike": 879,
      "timePlayed": 2215,
      "totalHeal": 5321,
      "totalUnitsHealed": 1,
      "assists": 19,
      "item0": 3074,
      "item1": 3087,
      "item2": 3082,
      "item3": 3110,
      "item4": 3275,
      "item5": 3078,
      "item6": 3340,
      "magicDamageDealtToChampions": 6865,
      "physicalDamageDealtToChampions": 13940,
      "totalDamageDealtToChampions": 20805,
      "trueDamageTaken": 1962,
      "wardPlaced": 4,
      "neutralMinionsKilledEnemyJungle": 2,
      "neutralMinionsKilledYourJungle": 13,
      "totalTimeCrowdControlDealt": 2537
    }
  },
  "29108537": {
    "gameId": 825984830,
    "invalid": false,
    "gameMode": "CLASSIC",
    "gameType": "MATCHED_GAME",
    "subType": "NORMAL",
    "mapId": 1,
    "teamId": 200,
    "championId": 114,
    "spell1": 14,
    "spell2": 4,
    "level": 30,
    "ipEarned": 67,
    "createDate": 1399031472809,
    "fellowPlayers": [
      {
        "summonerId": 27115942,
        "teamId": 200,
        "championId": 37
      },
      {
        "summonerId": 35099766,
        "teamId": 200,
        "championId": 81
      },
      {
        "summonerId": 41605741,
        "teamId": 100,
        "championId": 121
      },
      {
        "summonerId": 30394579,
        "teamId": 100,
        "championId": 103
      },
      {
        "summonerId": 30038547,
        "teamId": 100,
        "championId": 1
      },
      {
        "summonerId": 41605383,
        "teamId": 100,
        "championId": 51
      },
      {
        "summonerId": 30255868,
        "teamId": 200,
        "championId": 4
      },
      {
        "summonerId": 32248268,
        "teamId": 200,
        "championId": 28
      },
      {
        "summonerId": 27548343,
        "teamId": 100,
        "championId": 41
      }
    ],
    "stats": {
      "level": 18,
      "goldEarned": 15760,
      "numDeaths": 5,
      "turretsKilled": 2,
      "minionsKilled": 216,
      "championsKilled": 11,
      "goldSpent": 15397,
      "totalDamageDealt": 198961,
      "totalDamageTaken": 33314,
      "doubleKills": 1,
      "killingSprees": 2,
      "largestKillingSpree": 8,
      "team": 200,
      "win": false,
      "neutralMinionsKilled": 33,
      "largestMultiKill": 2,
      "physicalDamageDealtPlayer": 195150,
      "magicDamageDealtPlayer": 2726,
      "physicalDamageTaken": 23939,
      "magicDamageTaken": 8315,
      "timePlayed": 2215,
      "totalHeal": 3771,
      "totalUnitsHealed": 1,
      "assists": 5,
      "item0": 3250,
      "item1": 3074,
      "item2": 3035,
      "item3": 3134,
      "item4": 3072,
      "item5": 3072,
      "item6": 3340,
      "magicDamageDealtToChampions": 614,
      "physicalDamageDealtToChampions": 22731,
      "totalDamageDealtToChampions": 24429,
      "trueDamageDealtPlayer": 1084,
      "trueDamageDealtToChampions": 1084,
      "trueDamageTaken": 1058,
      "wardPlaced": 9,
      "neutralMinionsKilledEnemyJungle": 24,
      "neutralMinionsKilledYourJungle": 9
    }
  },
  "30038547": {
    "gameId": 825984830,
    "invalid": false,
    "gameMode": "CLASSIC",
    "gameType": "MATCHED_GAME",
    "subType": "NORMAL",
    "mapId": 1,
    "teamId": 100,
    "championId": 1,
    "spell1": 4,
    "spell2": 3,
    "level": 30,
    "ipEarned": 101,
    "createDate": 1399031472799,
    "fellowPlayers": [
      {
        "summonerId": 27115942,
        "teamId": 200,
        "championId": 37
      },
      {
        "summonerId": 35099766,
        "teamId": 200,
        "championId": 81
      },
      {
        "summonerId": 41605741,
        "teamId": 100,
        "championId": 121
      },
      {
        "summonerId": 30394579,
        "teamId": 100,
        "championId": 103
      },
      {
        "summonerId": 41605383,
        "teamId": 100,
        "championId": 51
      },
      {
        "summonerId": 30255868,
        "teamId": 200,
        "championId": 4
      },
      {
        "summonerId": 32248268,
        "teamId": 200,
        "championId": 28
      },
      {
        "summonerId": 29108537,
        "teamId": 200,
        "championId": 114
      },
      {
        "summonerId": 27548343,
        "teamId": 100,
        "championId": 41
      }
    ],
    "stats": {
      "level": 15,
      "goldEarned": 11134,
      "numDeaths": 5,
      "barracksKilled": 1,
      "minionsKilled": 21,
      "championsKilled": 1,
      "goldSpent": 10070,
      "totalDamageDealt": 34571,
      "totalDamageTaken": 13480,
      "team": 100,
      "win": true,
      "neutralMinionsKilled": 1,
      "largestMultiKill": 1,
      "physicalDamageDealtPlayer": 7531,
      "magicDamageDealtPlayer": 27039,
      "physicalDamageTaken": 8271,
      "magicDamageTaken": 4897,
      "timePlayed": 2215,
      "totalHeal": 512,
      "totalUnitsHealed": 2,
      "assists": 20,
      "item0": 3092,
      "item1": 3157,
      "item2": 3222,
      "item3": 2049,
      "item4": 3020,
      "item5": 1026,
      "item6": 3341,
      "sightWardsBought": 1,
      "magicDamageDealtToChampions": 14401,
      "physicalDamageDealtToChampions": 1886,
      "totalDamageDealtToChampions": 16288,
      "trueDamageTaken": 312,
      "wardPlaced": 21,
      "neutralMinionsKilledYourJungle": 1,
      "totalTimeCrowdControlDealt": 80
    }
  },
  "27115942": {
    "gameId": 825984830,
    "invalid": false,
    "gameMode": "CLASSIC",
    "gameType": "MATCHED_GAME",
    "subType": "NORMAL",
    "mapId": 1,
    "teamId": 200,
    "championId": 37,
    "spell1": 4,
    "spell2": 3,
    "level": 30,
    "ipEarned": 67,
    "createDate": 1399031472812,
    "fellowPlayers": [
      {
        "summonerId": 35099766,
        "teamId": 200,
        "championId": 81
      },
      {
        "summonerId": 41605741,
        "teamId": 100,
        "championId": 121
      },
      {
        "summonerId": 30394579,
        "teamId": 100,
        "championId": 103
      },
      {
        "summonerId": 30038547,
        "teamId": 100,
        "championId": 1
      },
      {
        "summonerId": 41605383,
        "teamId": 100,
        "championId": 51
      },
      {
        "summonerId": 30255868,
        "teamId": 200,
        "championId": 4
      },
      {
        "summonerId": 32248268,
        "teamId": 200,
        "championId": 28
      },
      {
        "summonerId": 29108537,
        "teamId": 200,
        "championId": 114
      },
      {
        "summonerId": 27548343,
        "teamId": 100,
        "championId": 41
      }
    ],
    "stats": {
      "level": 16,
      "goldEarned": 11308,
      "numDeaths": 6,
      "minionsKilled": 8,
      "championsKilled": 4,
      "goldSpent": 10750,
      "totalDamageDealt": 29601,
      "totalDamageTaken": 25687,
      "killingSprees": 1,
      "largestKillingSpree": 2,
      "team": 200,
      "win": false,
      "neutralMinionsKilled": 2,
      "largestMultiKill": 1,
      "physicalDamageDealtPlayer": 8879,
      "magicDamageDealtPlayer": 20456,
      "physicalDamageTaken": 17836,
      "magicDamageTaken": 6657,
      "timePlayed": 2215,
      "totalHeal": 11866,
      "totalUnitsHealed": 5,
      "assists": 14,
      "item0": 3069,
      "item1": 3222,
      "item2": 3190,
      "item3": 2045,
      "item4": 3111,
      "item6": 3364,
      "sightWardsBought": 3,
      "visionWardsBought": 3,
      "magicDamageDealtToChampions": 8742,
      "physicalDamageDealtToChampions": 1921,
      "totalDamageDealtToChampions": 10777,
      "trueDamageDealtPlayer": 266,
      "trueDamageDealtToChampions": 114,
      "trueDamageTaken": 1193,
      "wardKilled": 2,
      "wardPlaced": 35,
      "neutralMinionsKilledEnemyJungle": 2,
      "totalTimeCrowdControlDealt": 94
    }
  },
  "30394579": {
    "gameId": 825984830,
    "invalid": false,
    "gameMode": "CLASSIC",
    "gameType": "MATCHED_GAME",
    "subType": "NORMAL",
    "mapId": 1,
    "teamId": 100,
    "championId": 103,
    "spell1": 14,
    "spell2": 4,
    "level": 30,
    "ipEarned": 101,
    "createDate": 1399031472804,
    "fellowPlayers": [
      {
        "summonerId": 27115942,
        "teamId": 200,
        "championId": 37
      },
      {
        "summonerId": 35099766,
        "teamId": 200,
        "championId": 81
      },
      {
        "summonerId": 41605741,
        "teamId": 100,
        "championId": 121
      },
      {
        "summonerId": 30038547,
        "teamId": 100,
        "championId": 1
      },
      {
        "summonerId": 41605383,
        "teamId": 100,
        "championId": 51
      },
      {
        "summonerId": 30255868,
        "teamId": 200,
        "championId": 4
      },
      {
        "summonerId": 32248268,
        "teamId": 200,
        "championId": 28
      },
      {
        "summonerId": 29108537,
        "teamId": 200,
        "championId": 114
      },
      {
        "summonerId": 27548343,
        "teamId": 100,
        "championId": 41
      }
    ],
    "stats": {
      "level": 16,
      "goldEarned": 11088,
      "numDeaths": 8,
      "turretsKilled": 1,
      "minionsKilled": 138,
      "championsKilled": 5,
      "goldSpent": 10390,
      "totalDamageDealt": 101163,
      "totalDamageTaken": 22336,
      "killingSprees": 1,
      "largestKillingSpree": 2,
      "team": 100,
      "win": true,
      "neutralMinionsKilled": 13,
      "largestMultiKill": 1,
      "physicalDamageDealtPlayer": 18551,
      "magicDamageDealtPlayer": 56927,
      "physicalDamageTaken": 13242,
      "magicDamageTaken": 8210,
      "timePlayed": 2215,
      "totalHeal": 1817,
      "totalUnitsHealed": 1,
      "assists": 7,
      "item0": 3020,
      "item1": 3174,
      "item2": 3128,
      "item3": 1056,
      "item4": 3135,
      "item6": 3340,
      "sightWardsBought": 1,
      "magicDamageDealtToChampions": 12479,
      "physicalDamageDealtToChampions": 1377,
      "totalDamageDealtToChampions": 18289,
      "trueDamageDealtPlayer": 25684,
      "trueDamageDealtToChampions": 4433,
      "trueDamageTaken": 882,
      "wardPlaced": 6,
      "neutralMinionsKilledYourJungle": 13,
      "totalTimeCrowdControlDealt": 32
    }
  }
}