{
  "27835652": {
    "gameId": 825976707,
    "invalid": false,
    "gameMode": "CLASSIC",
    "gameType": "MATCHED_GAME",
    "subType": "RANKED_SOLO_5x5",
    "mapId": 1,
    "teamId": 100,
    "championId": 105,
    "spell1": 4,
    "spell2": 14,
    "level": 30,
    "ipEarned": 51,
    "createDate": 1399030929285,
    "fellowPlayers": [
      {
        "summonerId": 26393637,
        "teamId": 200,
        "championId": 19
      },
      {
        "summonerId": 36044596,
        "teamId": 200,
        "championId": 67
      },
      {
        "summonerId": 26936444,
        "teamId": 200,
        "championId": 110
      },
      {
        "summonerId": 33816047,
        "teamId": 100,
        "championId": 5
      },
      {
        "summonerId": 29228803,
        "teamId": 100,
        "championId": 412
      },
      {
        "summonerId": 26075371,
        "teamId": 200,
        "championId": 90
      },
      {
        "summonerId": 24963405,
        "teamId": 200,
        "championId": 16
      },
      {
        "summonerId": 32226479,
        "teamId": 100,
        "championId": 236
      },
      {
        "summonerId": 29703047,
        "teamId": 100,
        "championId": 58
      }
    ],
    "stats": {
      "level": 14,
      "goldEarned": 8112,
      "numDeaths": 6,
      "minionsKilled": 77,
      "championsKilled": 8,
      "goldSpent": 7820,
      "totalDamageDealt": 50391,
      "totalDamageTaken": 17718,
      "killingSprees": 3,
      "largestKillingSpree": 3,
      "team": 100,
      "win": false,
      "neutralMinionsKilled": 6,
      "largestMultiKill": 1,
      "physicalDamageDealtPlayer": 18077,
      "magicDamageDealtPlayer": 31205,
      "physicalDamageTaken": 7474,
      "magicDamageTaken": 8936,
      "timePlayed": 1539,
      "totalHeal": 346,
      "totalUnitsHealed": 1,
      "assists": 4,
      "item0": 1056,
      "item1": 3255,
      "item2": 3100,
      "item3": 1026,
      "item4": 1058,
      "item6": 3340,
      "magicDamageDealtToChampions": 10555,
      "physicalDamageDealtToChampions": 2361,
      "totalDamageDealtToChampions": 13957,
      "trueDamageDealtPlayer": 1108,
      "trueDamageDealtToChampions": 1040,
      "trueDamageTaken": 1307,
      "wardPlaced": 4,
      "neutralMinionsKilledYourJungle": 6,
      "totalTimeCrowdControlDealt": 144
    }
  },
  "summonerCount": 10,
  "29228803": {
    "gameId": 825976707,
    "invalid": false,
    "gameMode": "CLASSIC",
    "gameType": "MATCHED_GAME",
    "subType": "RANKED_SOLO_5x5",
    "mapId": 1,
    "teamId": 100,
    "championId": 412,
    "spell1": 4,
    "spell2": 14,
    "level": 30,
    "ipEarned": 51,
    "createDate": 1399030929287,
    "fellowPlayers": [
      {
        "summonerId": 26393637,
        "teamId": 200,
        "championId": 19
      },
      {
        "summonerId": 36044596,
        "teamId": 200,
        "championId": 67
      },
      {
        "summonerId": 26936444,
        "teamId": 200,
        "championId": 110
      },
      {
        "summonerId": 33816047,
        "teamId": 100,
        "championId": 5
      },
      {
        "summonerId": 26075371,
        "teamId": 200,
        "championId": 90
      },
      {
        "summonerId": 24963405,
        "teamId": 200,
        "championId": 16
      },
      {
        "summonerId": 27835652,
        "teamId": 100,
        "championId": 105
      },
      {
        "summonerId": 32226479,
        "teamId": 100,
        "championId": 236
      },
      {
        "summonerId": 29703047,
        "teamId": 100,
        "championId": 58
      }
    ],
    "stats": {
      "level": 11,
      "goldEarned": 6591,
      "numDeaths": 7,
      "minionsKilled": 9,
      "goldSpent": 6195,
      "totalDamageDealt": 15051,
      "totalDamageTaken": 14840,
      "team": 100,
      "win": false,
      "physicalDamageDealtPlayer": 5092,
      "magicDamageDealtPlayer": 9288,
      "physicalDamageTaken": 8443,
      "magicDamageTaken": 6307,
      "timePlayed": 1539,
      "totalHeal": 596,
      "totalUnitsHealed": 1,
      "assists": 12,
      "item0": 3069,
      "item1": 3117,
      "item2": 3068,
      "item3": 2010,
      "item6": 3341,
      "sightWardsBought": 4,
      "magicDamageDealtToChampions": 5626,
      "physicalDamageDealtToChampions": 1336,
      "totalDamageDealtToChampions": 7632,
      "trueDamageDealtPlayer": 670,
      "trueDamageDealtToChampions": 670,
      "trueDamageTaken": 90,
      "wardKilled": 1,
      "wardPlaced": 3,
      "totalTimeCrowdControlDealt": 69
    }
  },
  "36044596": {
    "gameId": 825976707,
    "invalid": false,
    "gameMode": "CLASSIC",
    "gameType": "MATCHED_GAME",
    "subType": "RANKED_SOLO_5x5",
    "mapId": 1,
    "teamId": 200,
    "championId": 67,
    "spell1": 14,
    "spell2": 4,
    "level": 30,
    "ipEarned": 226,
    "createDate": 1399030929295,
    "fellowPlayers": [
      {
        "summonerId": 26393637,
        "teamId": 200,
        "championId": 19
      },
      {
        "summonerId": 26936444,
        "teamId": 200,
        "championId": 110
      },
      {
        "summonerId": 33816047,
        "teamId": 100,
        "championId": 5
      },
      {
        "summonerId": 29228803,
        "teamId": 100,
        "championId": 412
      },
      {
        "summonerId": 26075371,
        "teamId": 200,
        "championId": 90
      },
      {
        "summonerId": 24963405,
        "teamId": 200,
        "championId": 16
      },
      {
        "summonerId": 27835652,
        "teamId": 100,
        "championId": 105
      },
      {
        "summonerId": 32226479,
        "teamId": 100,
        "championId": 236
      },
      {
        "summonerId": 29703047,
        "teamId": 100,
        "championId": 58
      }
    ],
    "stats": {
      "level": 14,
      "goldEarned": 9382,
      "numDeaths": 9,
      "turretsKilled": 2,
      "minionsKilled": 106,
      "championsKilled": 5,
      "goldSpent": 7565,
      "totalDamageDealt": 60481,
      "totalDamageTaken": 16709,
      "team": 200,
      "win": true,
      "neutralMinionsKilled": 3,
      "largestMultiKill": 1,
      "physicalDamageDealtPlayer": 53207,
      "magicDamageDealtPlayer": 74,
      "physicalDamageTaken": 11215,
      "magicDamageTaken": 4675,
      "largestCriticalStrike": 196,
      "timePlayed": 1539,
      "totalHeal": 509,
      "totalUnitsHealed": 1,
      "assists": 10,
      "item0": 3153,
      "item1": 3071,
      "item2": 3006,
      "item6": 3340,
      "sightWardsBought": 2,
      "magicDamageDealtToChampions": 74,
      "physicalDamageDealtToChampions": 10655,
      "totalDamageDealtToChampions": 14431,
      "trueDamageDealtPlayer": 7199,
      "trueDamageDealtToChampions": 3701,
      "trueDamageTaken": 818,
      "wardPlaced": 6,
      "neutralMinionsKilledYourJungle": 3,
      "totalTimeCrowdControlDealt": 84
    }
  },
  "33816047": {
    "gameId": 825976707,
    "invalid": false,
    "gameMode": "CLASSIC",
    "gameType": "MATCHED_GAME",
    "subType": "RANKED_SOLO_5x5",
    "mapId": 1,
    "teamId": 100,
    "championId": 5,
    "spell1": 11,
    "spell2": 4,
    "level": 30,
    "ipEarned": 51,
    "createDate": 1399030929290,
    "fellowPlayers": [
      {
        "summonerId": 26393637,
        "teamId": 200,
        "championId": 19
      },
      {
        "summonerId": 36044596,
        "teamId": 200,
        "championId": 67
      },
      {
        "summonerId": 26936444,
        "teamId": 200,
        "championId": 110
      },
      {
        "summonerId": 29228803,
        "teamId": 100,
        "championId": 412
      },
      {
        "summonerId": 26075371,
        "teamId": 200,
        "championId": 90
      },
      {
        "summonerId": 24963405,
        "teamId": 200,
        "championId": 16
      },
      {
        "summonerId": 27835652,
        "teamId": 100,
        "championId": 105
      },
      {
        "summonerId": 32226479,
        "teamId": 100,
        "championId": 236
      },
      {
        "summonerId": 29703047,
        "teamId": 100,
        "championId": 58
      }
    ],
    "stats": {
      "level": 13,
      "goldEarned": 8835,
      "numDeaths": 5,
      "minionsKilled": 44,
      "championsKilled": 7,
      "goldSpent": 7913,
      "totalDamageDealt": 84479,
      "totalDamageTaken": 22589,
      "killingSprees": 2,
      "largestKillingSpree": 3,
      "team": 100,
      "win": false,
      "neutralMinionsKilled": 46,
      "largestMultiKill": 1,
      "physicalDamageDealtPlayer": 61516,
      "magicDamageDealtPlayer": 15072,
      "physicalDamageTaken": 16370,
      "magicDamageTaken": 5514,
      "largestCriticalStrike": 378,
      "timePlayed": 1539,
      "totalHeal": 6047,
      "totalUnitsHealed": 1,
      "assists": 8,
      "item0": 3111,
      "item1": 3078,
      "item2": 1011,
      "item3": 3154,
      "item6": 3340,
      "magicDamageDealtToChampions": 1107,
      "physicalDamageDealtToChampions": 10560,
      "totalDamageDealtToChampions": 12010,
      "trueDamageDealtPlayer": 7890,
      "trueDamageDealtToChampions": 342,
      "trueDamageTaken": 704,
      "wardPlaced": 5,
      "neutralMinionsKilledEnemyJungle": 2,
      "neutralMinionsKilledYourJungle": 44,
      "totalTimeCrowdControlDealt": 510
    }
  },
  "24963405": {
    "gameId": 825976707,
    "invalid": false,
    "gameMode": "CLASSIC",
    "gameType": "MATCHED_GAME",
    "subType": "RANKED_SOLO_5x5",
    "mapId": 1,
    "teamId": 200,
    "championId": 16,
    "spell1": 4,
    "spell2": 3,
    "level": 30,
    "ipEarned": 226,
    "createDate": 1399030929291,
    "fellowPlayers": [
      {
        "summonerId": 26393637,
        "teamId": 200,
        "championId": 19
      },
      {
        "summonerId": 36044596,
        "teamId": 200,
        "championId": 67
      },
      {
        "summonerId": 26936444,
        "teamId": 200,
        "championId": 110
      },
      {
        "summonerId": 33816047,
        "teamId": 100,
        "championId": 5
      },
      {
        "summonerId": 29228803,
        "teamId": 100,
        "championId": 412
      },
      {
        "summonerId": 26075371,
        "teamId": 200,
        "championId": 90
      },
      {
        "summonerId": 27835652,
        "teamId": 100,
        "championId": 105
      },
      {
        "summonerId": 32226479,
        "teamId": 100,
        "championId": 236
      },
      {
        "summonerId": 29703047,
        "teamId": 100,
        "championId": 58
      }
    ],
    "stats": {
      "level": 13,
      "goldEarned": 9892,
      "numDeaths": 4,
      "barracksKilled": 1,
      "turretsKilled": 1,
      "minionsKilled": 24,
      "championsKilled": 5,
      "goldSpent": 8500,
      "totalDamageDealt": 30840,
      "totalDamageTaken": 16677,
      "doubleKills": 1,
      "killingSprees": 2,
      "largestKillingSpree": 2,
      "team": 200,
      "win": true,
      "largestMultiKill": 2,
      "physicalDamageDealtPlayer": 4341,
      "magicDamageDealtPlayer": 26498,
      "physicalDamageTaken": 13290,
      "magicDamageTaken": 2803,
      "timePlayed": 1539,
      "totalHeal": 9271,
      "totalUnitsHealed": 6,
      "assists": 17,
      "item0": 3069,
      "item1": 2049,
      "item3": 3083,
      "item4": 3111,
      "item5": 1026,
      "item6": 3341,
      "sightWardsBought": 3,
      "magicDamageDealtToChampions": 8689,
      "physicalDamageDealtToChampions": 1392,
      "totalDamageDealtToChampions": 10082,
      "trueDamageTaken": 584,
      "wardKilled": 2,
      "wardPlaced": 12,
      "totalTimeCrowdControlDealt": 41
    }
  },
  "26075371": {
    "gameId": 825976707,
    "invalid": false,
    "gameMode": "CLASSIC",
    "gameType": "MATCHED_GAME",
    "subType": "RANKED_SOLO_5x5",
    "mapId": 1,
    "teamId": 200,
    "championId": 90,
    "spell1": 4,
    "spell2": 14,
    "level": 30,
    "ipEarned": 76,
    "createDate": 1399030929294,
    "fellowPlayers": [
      {
        "summonerId": 26393637,
        "teamId": 200,
        "championId": 19
      },
      {
        "summonerId": 36044596,
        "teamId": 200,
        "championId": 67
      },
      {
        "summonerId": 26936444,
        "teamId": 200,
        "championId": 110
      },
      {
        "summonerId": 33816047,
        "teamId": 100,
        "championId": 5
      },
      {
        "summonerId": 29228803,
        "teamId": 100,
        "championId": 412
      },
      {
        "summonerId": 24963405,
        "teamId": 200,
        "championId": 16
      },
      {
        "summonerId": 27835652,
        "teamId": 100,
        "championId": 105
      },
      {
        "summonerId": 32226479,
        "teamId": 100,
        "championId": 236
      },
      {
        "summonerId": 29703047,
        "teamId": 100,
        "championId": 58
      }
    ],
    "stats": {
      "level": 14,
      "goldEarned": 9918,
      "numDeaths": 4,
      "barracksKilled": 1,
      "turretsKilled": 1,
      "minionsKilled": 105,
      "championsKilled": 7,
      "goldSpent": 8335,
      "totalDamageDealt": 83627,
      "totalDamageTaken": 13225,
      "doubleKills": 1,
      "killingSprees": 1,
      "largestKillingSpree": 4,
      "team": 200,
      "win": true,
      "neutralMinionsKilled": 3,
      "largestMultiKill": 2,
      "physicalDamageDealtPlayer": 25061,
      "magicDamageDealtPlayer": 57815,
      "physicalDamageTaken": 7988,
      "magicDamageTaken": 4676,
      "timePlayed": 1539,
      "totalHeal": 784,
      "totalUnitsHealed": 1,
      "assists": 14,
      "item1": 3001,
      "item2": 1026,
      "item3": 3027,
      "item4": 3020,
      "item6": 3340,
      "sightWardsBought": 4,
      "magicDamageDealtToChampions": 15035,
      "physicalDamageDealtToChampions": 2973,
      "totalDamageDealtToChampions": 18759,
      "trueDamageDealtPlayer": 750,
      "trueDamageDealtToChampions": 750,
      "trueDamageTaken": 560,
      "wardPlaced": 9,
      "neutralMinionsKilledYourJungle": 3,
      "totalTimeCrowdControlDealt": 55
    }
  },
  "26393637": {
    "gameId": 825976707,
    "invalid": false,
    "gameMode": "CLASSIC",
    "gameType": "MATCHED_GAME",
    "subType": "RANKED_SOLO_5x5",
    "mapId": 1,
    "teamId": 200,
    "championId": 19,
    "spell1": 4,
    "spell2": 11,
    "level": 30,
    "ipEarned": 76,
    "createDate": 1399030929293,
    "fellowPlayers": [
      {
        "summonerId": 36044596,
        "teamId": 200,
        "championId": 67
      },
      {
        "summonerId": 26936444,
        "teamId": 200,
        "championId": 110
      },
      {
        "summonerId": 33816047,
        "teamId": 100,
        "championId": 5
      },
      {
        "summonerId": 29228803,
        "teamId": 100,
        "championId": 412
      },
      {
        "summonerId": 26075371,
        "teamId": 200,
        "championId": 90
      },
      {
        "summonerId": 24963405,
        "teamId": 200,
        "championId": 16
      },
      {
        "summonerId": 27835652,
        "teamId": 100,
        "championId": 105
      },
      {
        "summonerId": 32226479,
        "teamId": 100,
        "championId": 236
      },
      {
        "summonerId": 29703047,
        "teamId": 100,
        "championId": 58
      }
    ],
    "stats": {
      "level": 15,
      "goldEarned": 9927,
      "numDeaths": 2,
      "turretsKilled": 2,
      "minionsKilled": 34,
      "championsKilled": 5,
      "goldSpent": 8000,
      "totalDamageDealt": 111266,
      "totalDamageTaken": 25192,
      "doubleKills": 1,
      "killingSprees": 2,
      "largestKillingSpree": 2,
      "team": 200,
      "win": true,
      "neutralMinionsKilled": 81,
      "largestMultiKill": 2,
      "physicalDamageDealtPlayer": 69076,
      "magicDamageDealtPlayer": 34570,
      "physicalDamageTaken": 21282,
      "magicDamageTaken": 3590,
      "timePlayed": 1539,
      "totalHeal": 11413,
      "totalUnitsHealed": 1,
      "assists": 14,
      "item0": 3154,
      "item1": 3153,
      "item2": 1011,
      "item3": 3009,
      "item4": 1031,
      "item6": 3340,
      "magicDamageDealtToChampions": 6254,
      "physicalDamageDealtToChampions": 6158,
      "totalDamageDealtToChampions": 13076,
      "trueDamageDealtPlayer": 7620,
      "trueDamageDealtToChampions": 664,
      "trueDamageTaken": 319,
      "wardPlaced": 9,
      "neutralMinionsKilledEnemyJungle": 21,
      "neutralMinionsKilledYourJungle": 60,
      "totalTimeCrowdControlDealt": 843
    }
  },
  "29703047": {
    "gameId": 825976707,
    "invalid": false,
    "gameMode": "CLASSIC",
    "gameType": "MATCHED_GAME",
    "subType": "RANKED_SOLO_5x5",
    "mapId": 1,
    "teamId": 100,
    "championId": 58,
    "spell1": 14,
    "spell2": 4,
    "level": 30,
    "ipEarned": 51,
    "createDate": 1399030929286,
    "fellowPlayers": [
      {
        "summonerId": 26393637,
        "teamId": 200,
        "championId": 19
      },
      {
        "summonerId": 36044596,
        "teamId": 200,
        "championId": 67
      },
      {
        "summonerId": 26936444,
        "teamId": 200,
        "championId": 110
      },
      {
        "summonerId": 33816047,
        "teamId": 100,
        "championId": 5
      },
      {
        "summonerId": 29228803,
        "teamId": 100,
        "championId": 412
      },
      {
        "summonerId": 26075371,
        "teamId": 200,
        "championId": 90
      },
      {
        "summonerId": 24963405,
        "teamId": 200,
        "championId": 16
      },
      {
        "summonerId": 27835652,
        "teamId": 100,
        "championId": 105
      },
      {
        "summonerId": 32226479,
        "teamId": 100,
        "championId": 236
      }
    ],
    "stats": {
      "level": 13,
      "goldEarned": 7749,
      "numDeaths": 8,
      "turretsKilled": 1,
      "minionsKilled": 107,
      "championsKilled": 5,
      "goldSpent": 6805,
      "totalDamageDealt": 76501,
      "totalDamageTaken": 26345,
      "killingSprees": 2,
      "largestKillingSpree": 2,
      "team": 100,
      "win": false,
      "neutralMinionsKilled": 2,
      "largestMultiKill": 1,
      "physicalDamageDealtPlayer": 74207,
      "magicDamageDealtPlayer": 1729,
      "physicalDamageTaken": 15542,
      "magicDamageTaken": 8039,
      "timePlayed": 1539,
      "totalHeal": 4520,
      "totalUnitsHealed": 1,
      "assists": 5,
      "item0": 3074,
      "item1": 1011,
      "item2": 3111,
      "item3": 1055,
      "item4": 1031,
      "item6": 3340,
      "sightWardsBought": 1,
      "magicDamageDealtToChampions": 647,
      "physicalDamageDealtToChampions": 12862,
      "totalDamageDealtToChampions": 14073,
      "trueDamageDealtPlayer": 564,
      "trueDamageDealtToChampions": 564,
      "trueDamageTaken": 2764,
      "wardPlaced": 6,
      "neutralMinionsKilledEnemyJungle": 2,
      "totalTimeCrowdControlDealt": 48
    }
  },
  "32226479": {
    "gameId": 825976707,
    "invalid": false,
    "gameMode": "CLASSIC",
    "gameType": "MATCHED_GAME",
    "subType": "RANKED_SOLO_5x5",
    "mapId": 1,
    "teamId": 100,
    "championId": 236,
    "spell1": 4,
    "spell2": 7,
    "level": 30,
    "ipEarned": 51,
    "createDate": 1399030929288,
    "fellowPlayers": [
      {
        "summonerId": 26393637,
        "teamId": 200,
        "championId": 19
      },
      {
        "summonerId": 36044596,
        "teamId": 200,
        "championId": 67
      },
      {
        "summonerId": 26936444,
        "teamId": 200,
        "championId": 110
      },
      {
        "summonerId": 33816047,
        "teamId": 100,
        "championId": 5
      },
      {
        "summonerId": 29228803,
        "teamId": 100,
        "championId": 412
      },
      {
        "summonerId": 26075371,
        "teamId": 200,
        "championId": 90
      },
      {
        "summonerId": 24963405,
        "teamId": 200,
        "championId": 16
      },
      {
        "summonerId": 27835652,
        "teamId": 100,
        "championId": 105
      },
      {
        "summonerId": 29703047,
        "teamId": 100,
        "championId": 58
      }
    ],
    "stats": {
      "level": 12,
      "goldEarned": 7584,
      "numDeaths": 5,
      "turretsKilled": 1,
      "minionsKilled": 125,
      "championsKilled": 4,
      "goldSpent": 6900,
      "totalDamageDealt": 83180,
      "totalDamageTaken": 16807,
      "killingSprees": 1,
      "largestKillingSpree": 4,
      "team": 100,
      "win": false,
      "neutralMinionsKilled": 6,
      "largestMultiKill": 1,
      "physicalDamageDealtPlayer": 76873,
      "magicDamageDealtPlayer": 6307,
      "physicalDamageTaken": 12171,
      "magicDamageTaken": 3953,
      "largestCriticalStrike": 431,
      "timePlayed": 1539,
      "totalHeal": 2360,
      "totalUnitsHealed": 4,
      "assists": 3,
      "item0": 1055,
      "item2": 1053,
      "item3": 3072,
      "item4": 3006,
      "item5": 3086,
      "item6": 3340,
      "magicDamageDealtToChampions": 1504,
      "physicalDamageDealtToChampions": 9905,
      "totalDamageDealtToChampions": 11409,
      "trueDamageTaken": 682,
      "wardPlaced": 4,
      "neutralMinionsKilledYourJungle": 6,
      "totalTimeCrowdControlDealt": 1
    }
  },
  "26936444": {
    "gameId": 825976707,
    "invalid": false,
    "gameMode": "CLASSIC",
    "gameType": "MATCHED_GAME",
    "subType": "RANKED_SOLO_5x5",
    "mapId": 1,
    "teamId": 200,
    "championId": 110,
    "spell1": 4,
    "spell2": 7,
    "level": 30,
    "ipEarned": 226,
    "createDate": 1399030929292,
    "fellowPlayers": [
      {
        "summonerId": 26393637,
        "teamId": 200,
        "championId": 19
      },
      {
        "summonerId": 36044596,
        "teamId": 200,
        "championId": 67
      },
      {
        "summonerId": 33816047,
        "teamId": 100,
        "championId": 5
      },
      {
        "summonerId": 29228803,
        "teamId": 100,
        "championId": 412
      },
      {
        "summonerId": 26075371,
        "teamId": 200,
        "championId": 90
      },
      {
        "summonerId": 24963405,
        "teamId": 200,
        "championId": 16
      },
      {
        "summonerId": 27835652,
        "teamId": 100,
        "championId": 105
      },
      {
        "summonerId": 32226479,
        "teamId": 100,
        "championId": 236
      },
      {
        "summonerId": 29703047,
        "teamId": 100,
        "championId": 58
      }
    ],
    "stats": {
      "level": 15,
      "goldEarned": 11214,
      "numDeaths": 5,
      "turretsKilled": 2,
      "minionsKilled": 162,
      "championsKilled": 9,
      "goldSpent": 8460,
      "totalDamageDealt": 117738,
      "totalDamageTaken": 14327,
      "doubleKills": 3,
      "killingSprees": 1,
      "largestKillingSpree": 9,
      "team": 200,
      "win": true,
      "neutralMinionsKilled": 6,
      "largestMultiKill": 2,
      "physicalDamageDealtPlayer": 109453,
      "magicDamageDealtPlayer": 7797,
      "physicalDamageTaken": 10133,
      "magicDamageTaken": 3694,
      "largestCriticalStrike": 495,
      "timePlayed": 1539,
      "totalHeal": 1406,
      "totalUnitsHealed": 2,
      "assists": 9,
      "item0": 3072,
      "item1": 3006,
      "item2": 3046,
      "item3": 1037,
      "item4": 2003,
      "item6": 3340,
      "magicDamageDealtToChampions": 2697,
      "physicalDamageDealtToChampions": 18127,
      "totalDamageDealtToChampions": 20972,
      "trueDamageDealtPlayer": 488,
      "trueDamageDealtToChampions": 148,
      "trueDamageTaken": 500,
      "wardPlaced": 6,
      "neutralMinionsKilledEnemyJungle": 6,
      "totalTimeCrowdControlDealt": 311
    }
  }
}