{
  "23888272": {
    "gameId": 825985337,
    "invalid": false,
    "gameMode": "CLASSIC",
    "gameType": "MATCHED_GAME",
    "subType": "RANKED_SOLO_5x5",
    "mapId": 1,
    "teamId": 200,
    "championId": 134,
    "spell1": 4,
    "spell2": 14,
    "level": 30,
    "ipEarned": 94,
    "createDate": 1399031484629,
    "fellowPlayers": [
      {
        "summonerId": 36956603,
        "teamId": 200,
        "championId": 19
      },
      {
        "summonerId": 26611177,
        "teamId": 100,
        "championId": 126
      },
      {
        "summonerId": 30879774,
        "teamId": 100,
        "championId": 222
      },
      {
        "summonerId": 24109890,
        "teamId": 200,
        "championId": 25
      },
      {
        "summonerId": 37914960,
        "teamId": 200,
        "championId": 80
      },
      {
        "summonerId": 38868552,
        "teamId": 100,
        "championId": 89
      },
      {
        "summonerId": 33513131,
        "teamId": 100,
        "championId": 105
      },
      {
        "summonerId": 32647070,
        "teamId": 200,
        "championId": 81
      },
      {
        "summonerId": 19137179,
        "teamId": 100,
        "championId": 5
      }
    ],
    "stats": {
      "level": 16,
      "goldEarned": 12592,
      "numDeaths": 8,
      "turretsKilled": 1,
      "minionsKilled": 140,
      "championsKilled": 7,
      "goldSpent": 12000,
      "totalDamageDealt": 105857,
      "totalDamageTaken": 17315,
      "killingSprees": 1,
      "largestKillingSpree": 6,
      "team": 200,
      "win": true,
      "neutralMinionsKilled": 4,
      "largestMultiKill": 1,
      "physicalDamageDealtPlayer": 10044,
      "magicDamageDealtPlayer": 94723,
      "physicalDamageTaken": 11419,
      "magicDamageTaken": 5258,
      "timePlayed": 2039,
      "totalHeal": 648,
      "totalUnitsHealed": 1,
      "assists": 12,
      "item0": 1056,
      "item1": 3128,
      "item2": 3255,
      "item3": 3135,
      "item4": 1058,
      "item5": 3174,
      "item6": 3340,
      "sightWardsBought": 2,
      "magicDamageDealtToChampions": 15360,
      "physicalDamageDealtToChampions": 2525,
      "totalDamageDealtToChampions": 18939,
      "trueDamageDealtPlayer": 1090,
      "trueDamageDealtToChampions": 1054,
      "trueDamageTaken": 638,
      "wardKilled": 1,
      "wardPlaced": 7,
      "neutralMinionsKilledYourJungle": 4,
      "totalTimeCrowdControlDealt": 358
    }
  },
  "summonerCount": 10,
  "32647070": {
    "gameId": 825985337,
    "invalid": false,
    "gameMode": "CLASSIC",
    "gameType": "MATCHED_GAME",
    "subType": "RANKED_SOLO_5x5",
    "mapId": 1,
    "teamId": 200,
    "championId": 81,
    "spell1": 7,
    "spell2": 4,
    "level": 30,
    "ipEarned": 94,
    "createDate": 1399031484631,
    "fellowPlayers": [
      {
        "summonerId": 36956603,
        "teamId": 200,
        "championId": 19
      },
      {
        "summonerId": 26611177,
        "teamId": 100,
        "championId": 126
      },
      {
        "summonerId": 30879774,
        "teamId": 100,
        "championId": 222
      },
      {
        "summonerId": 24109890,
        "teamId": 200,
        "championId": 25
      },
      {
        "summonerId": 23888272,
        "teamId": 200,
        "championId": 134
      },
      {
        "summonerId": 37914960,
        "teamId": 200,
        "championId": 80
      },
      {
        "summonerId": 38868552,
        "teamId": 100,
        "championId": 89
      },
      {
        "summonerId": 33513131,
        "teamId": 100,
        "championId": 105
      },
      {
        "summonerId": 19137179,
        "teamId": 100,
        "championId": 5
      }
    ],
    "stats": {
      "level": 17,
      "goldEarned": 14059,
      "numDeaths": 4,
      "turretsKilled": 3,
      "minionsKilled": 184,
      "championsKilled": 5,
      "goldSpent": 13823,
      "totalDamageDealt": 110423,
      "totalDamageTaken": 17728,
      "killingSprees": 2,
      "largestKillingSpree": 2,
      "team": 200,
      "win": true,
      "neutralMinionsKilled": 1,
      "largestMultiKill": 1,
      "physicalDamageDealtPlayer": 99712,
      "magicDamageDealtPlayer": 10086,
      "physicalDamageTaken": 12093,
      "magicDamageTaken": 5260,
      "largestCriticalStrike": 557,
      "timePlayed": 2039,
      "totalHeal": 2270,
      "totalUnitsHealed": 2,
      "assists": 14,
      "item0": 3031,
      "item1": 3072,
      "item2": 3252,
      "item3": 3078,
      "item4": 1037,
      "item5": 1036,
      "item6": 3340,
      "magicDamageDealtToChampions": 6163,
      "physicalDamageDealtToChampions": 17134,
      "totalDamageDealtToChampions": 23519,
      "trueDamageDealtPlayer": 624,
      "trueDamageDealtToChampions": 222,
      "trueDamageTaken": 374,
      "wardPlaced": 5,
      "neutralMinionsKilledEnemyJungle": 1,
      "totalTimeCrowdControlDealt": 178
    }
  },
  "24109890": {
    "gameId": 825985337,
    "invalid": false,
    "gameMode": "CLASSIC",
    "gameType": "MATCHED_GAME",
    "subType": "RANKED_SOLO_5x5",
    "mapId": 1,
    "teamId": 200,
    "championId": 25,
    "spell1": 4,
    "spell2": 3,
    "level": 30,
    "ipEarned": 244,
    "createDate": 1399031484633,
    "fellowPlayers": [
      {
        "summonerId": 36956603,
        "teamId": 200,
        "championId": 19
      },
      {
        "summonerId": 26611177,
        "teamId": 100,
        "championId": 126
      },
      {
        "summonerId": 30879774,
        "teamId": 100,
        "championId": 222
      },
      {
        "summonerId": 23888272,
        "teamId": 200,
        "championId": 134
      },
      {
        "summonerId": 37914960,
        "teamId": 200,
        "championId": 80
      },
      {
        "summonerId": 38868552,
        "teamId": 100,
        "championId": 89
      },
      {
        "summonerId": 33513131,
        "teamId": 100,
        "championId": 105
      },
      {
        "summonerId": 32647070,
        "teamId": 200,
        "championId": 81
      },
      {
        "summonerId": 19137179,
        "teamId": 100,
        "championId": 5
      }
    ],
    "stats": {
      "level": 15,
      "goldEarned": 11513,
      "numDeaths": 9,
      "minionsKilled": 40,
      "championsKilled": 3,
      "goldSpent": 9180,
      "totalDamageDealt": 47874,
      "totalDamageTaken": 22172,
      "doubleKills": 1,
      "team": 200,
      "win": true,
      "largestMultiKill": 2,
      "physicalDamageDealtPlayer": 10720,
      "magicDamageDealtPlayer": 37153,
      "physicalDamageTaken": 13997,
      "magicDamageTaken": 7030,
      "timePlayed": 2039,
      "totalHeal": 50,
      "totalUnitsHealed": 1,
      "assists": 12,
      "item0": 2049,
      "item1": 3092,
      "item2": 1058,
      "item3": 3020,
      "item4": 3027,
      "item5": 1028,
      "item6": 3341,
      "sightWardsBought": 1,
      "visionWardsBought": 1,
      "magicDamageDealtToChampions": 11194,
      "physicalDamageDealtToChampions": 1263,
      "totalDamageDealtToChampions": 12457,
      "trueDamageTaken": 1144,
      "wardPlaced": 18,
      "totalTimeCrowdControlDealt": 149
    }
  },
  "38868552": {
    "gameId": 825985337,
    "invalid": false,
    "gameMode": "CLASSIC",
    "gameType": "MATCHED_GAME",
    "subType": "RANKED_SOLO_5x5",
    "mapId": 1,
    "teamId": 100,
    "championId": 89,
    "spell1": 4,
    "spell2": 7,
    "level": 30,
    "ipEarned": 62,
    "createDate": 1399031484623,
    "fellowPlayers": [
      {
        "summonerId": 36956603,
        "teamId": 200,
        "championId": 19
      },
      {
        "summonerId": 26611177,
        "teamId": 100,
        "championId": 126
      },
      {
        "summonerId": 30879774,
        "teamId": 100,
        "championId": 222
      },
      {
        "summonerId": 24109890,
        "teamId": 200,
        "championId": 25
      },
      {
        "summonerId": 23888272,
        "teamId": 200,
        "championId": 134
      },
      {
        "summonerId": 37914960,
        "teamId": 200,
        "championId": 80
      },
      {
        "summonerId": 33513131,
        "teamId": 100,
        "championId": 105
      },
      {
        "summonerId": 32647070,
        "teamId": 200,
        "championId": 81
      },
      {
        "summonerId": 19137179,
        "teamId": 100,
        "championId": 5
      }
    ],
    "stats": {
      "level": 14,
      "goldEarned": 9422,
      "numDeaths": 4,
      "minionsKilled": 20,
      "championsKilled": 1,
      "goldSpent": 9395,
      "totalDamageDealt": 18446,
      "totalDamageTaken": 21757,
      "team": 100,
      "win": false,
      "largestMultiKill": 1,
      "physicalDamageDealtPlayer": 5230,
      "magicDamageDealtPlayer": 12202,
      "physicalDamageTaken": 12041,
      "magicDamageTaken": 9301,
      "timePlayed": 2039,
      "totalHeal": 4033,
      "totalUnitsHealed": 5,
      "assists": 18,
      "item0": 3401,
      "item1": 2049,
      "item2": 3111,
      "item3": 3068,
      "item4": 3082,
      "item5": 1011,
      "item6": 3340,
      "sightWardsBought": 4,
      "magicDamageDealtToChampions": 5226,
      "physicalDamageDealtToChampions": 2192,
      "totalDamageDealtToChampions": 7419,
      "trueDamageDealtPlayer": 1012,
      "trueDamageTaken": 415,
      "wardKilled": 1,
      "wardPlaced": 31,
      "totalTimeCrowdControlDealt": 67
    }
  },
  "30879774": {
    "gameId": 825985337,
    "invalid": false,
    "gameMode": "CLASSIC",
    "gameType": "MATCHED_GAME",
    "subType": "RANKED_SOLO_5x5",
    "mapId": 1,
    "teamId": 100,
    "championId": 222,
    "spell1": 21,
    "spell2": 4,
    "level": 30,
    "ipEarned": 62,
    "createDate": 1399031484625,
    "fellowPlayers": [
      {
        "summonerId": 36956603,
        "teamId": 200,
        "championId": 19
      },
      {
        "summonerId": 26611177,
        "teamId": 100,
        "championId": 126
      },
      {
        "summonerId": 24109890,
        "teamId": 200,
        "championId": 25
      },
      {
        "summonerId": 23888272,
        "teamId": 200,
        "championId": 134
      },
      {
        "summonerId": 37914960,
        "teamId": 200,
        "championId": 80
      },
      {
        "summonerId": 38868552,
        "teamId": 100,
        "championId": 89
      },
      {
        "summonerId": 33513131,
        "teamId": 100,
        "championId": 105
      },
      {
        "summonerId": 32647070,
        "teamId": 200,
        "championId": 81
      },
      {
        "summonerId": 19137179,
        "teamId": 100,
        "championId": 5
      }
    ],
    "stats": {
      "level": 17,
      "goldEarned": 15350,
      "numDeaths": 7,
      "turretsKilled": 2,
      "minionsKilled": 213,
      "championsKilled": 13,
      "goldSpent": 13950,
      "totalDamageDealt": 170545,
      "totalDamageTaken": 22998,
      "doubleKills": 2,
      "killingSprees": 5,
      "largestKillingSpree": 3,
      "team": 100,
      "win": false,
      "neutralMinionsKilled": 10,
      "largestMultiKill": 2,
      "physicalDamageDealtPlayer": 166662,
      "magicDamageDealtPlayer": 3020,
      "physicalDamageTaken": 12146,
      "magicDamageTaken": 10071,
      "largestCriticalStrike": 862,
      "timePlayed": 2039,
      "totalHeal": 926,
      "totalUnitsHealed": 1,
      "assists": 13,
      "item0": 1055,
      "item1": 3031,
      "item2": 3072,
      "item3": 3250,
      "item4": 3035,
      "item5": 3046,
      "item6": 3340,
      "magicDamageDealtToChampions": 1682,
      "physicalDamageDealtToChampions": 26856,
      "totalDamageDealtToChampions": 29207,
      "trueDamageDealtPlayer": 862,
      "trueDamageDealtToChampions": 668,
      "trueDamageTaken": 781,
      "wardPlaced": 2,
      "neutralMinionsKilledEnemyJungle": 1,
      "neutralMinionsKilledYourJungle": 9,
      "totalTimeCrowdControlDealt": 279
    }
  },
  "26611177": {
    "gameId": 825985337,
    "invalid": false,
    "gameMode": "CLASSIC",
    "gameType": "MATCHED_GAME",
    "subType": "RANKED_SOLO_5x5",
    "mapId": 1,
    "teamId": 100,
    "championId": 126,
    "spell1": 14,
    "spell2": 4,
    "level": 30,
    "ipEarned": 62,
    "createDate": 1399031484627,
    "fellowPlayers": [
      {
        "summonerId": 36956603,
        "teamId": 200,
        "championId": 19
      },
      {
        "summonerId": 30879774,
        "teamId": 100,
        "championId": 222
      },
      {
        "summonerId": 24109890,
        "teamId": 200,
        "championId": 25
      },
      {
        "summonerId": 23888272,
        "teamId": 200,
        "championId": 134
      },
      {
        "summonerId": 37914960,
        "teamId": 200,
        "championId": 80
      },
      {
        "summonerId": 38868552,
        "teamId": 100,
        "championId": 89
      },
      {
        "summonerId": 33513131,
        "teamId": 100,
        "championId": 105
      },
      {
        "summonerId": 32647070,
        "teamId": 200,
        "championId": 81
      },
      {
        "summonerId": 19137179,
        "teamId": 100,
        "championId": 5
      }
    ],
    "stats": {
      "level": 13,
      "goldEarned": 10968,
      "numDeaths": 5,
      "turretsKilled": 2,
      "minionsKilled": 139,
      "championsKilled": 4,
      "goldSpent": 7487,
      "totalDamageDealt": 68652,
      "totalDamageTaken": 14696,
      "doubleKills": 1,
      "killingSprees": 1,
      "largestKillingSpree": 2,
      "team": 100,
      "win": false,
      "largestMultiKill": 2,
      "physicalDamageDealtPlayer": 61503,
      "magicDamageDealtPlayer": 6272,
      "physicalDamageTaken": 9820,
      "magicDamageTaken": 4465,
      "timePlayed": 2039,
      "assists": 11,
      "item0": 1028,
      "item1": 3035,
      "item2": 1053,
      "item3": 3047,
      "item4": 3134,
      "item5": 3057,
      "item6": 3340,
      "magicDamageDealtToChampions": 2805,
      "physicalDamageDealtToChampions": 11031,
      "totalDamageDealtToChampions": 14526,
      "trueDamageDealtPlayer": 876,
      "trueDamageDealtToChampions": 690,
      "trueDamageTaken": 410,
      "wardPlaced": 6,
      "totalTimeCrowdControlDealt": 150
    }
  },
  "37914960": {
    "gameId": 825985337,
    "invalid": false,
    "gameMode": "CLASSIC",
    "gameType": "MATCHED_GAME",
    "subType": "RANKED_SOLO_5x5",
    "mapId": 1,
    "teamId": 200,
    "championId": 80,
    "spell1": 14,
    "spell2": 4,
    "level": 30,
    "ipEarned": 94,
    "createDate": 1399031484632,
    "fellowPlayers": [
      {
        "summonerId": 36956603,
        "teamId": 200,
        "championId": 19
      },
      {
        "summonerId": 26611177,
        "teamId": 100,
        "championId": 126
      },
      {
        "summonerId": 30879774,
        "teamId": 100,
        "championId": 222
      },
      {
        "summonerId": 24109890,
        "teamId": 200,
        "championId": 25
      },
      {
        "summonerId": 23888272,
        "teamId": 200,
        "championId": 134
      },
      {
        "summonerId": 38868552,
        "teamId": 100,
        "championId": 89
      },
      {
        "summonerId": 33513131,
        "teamId": 100,
        "championId": 105
      },
      {
        "summonerId": 32647070,
        "teamId": 200,
        "championId": 81
      },
      {
        "summonerId": 19137179,
        "teamId": 100,
        "championId": 5
      }
    ],
    "stats": {
      "level": 17,
      "goldEarned": 11006,
      "numDeaths": 8,
      "turretsKilled": 1,
      "minionsKilled": 110,
      "championsKilled": 7,
      "goldSpent": 8350,
      "totalDamageDealt": 92683,
      "totalDamageTaken": 19392,
      "doubleKills": 2,
      "killingSprees": 3,
      "largestKillingSpree": 2,
      "team": 200,
      "win": true,
      "neutralMinionsKilled": 9,
      "largestMultiKill": 2,
      "physicalDamageDealtPlayer": 89521,
      "magicDamageDealtPlayer": 2493,
      "physicalDamageTaken": 10367,
      "magicDamageTaken": 8568,
      "largestCriticalStrike": 722,
      "timePlayed": 2039,
      "totalHeal": 361,
      "totalUnitsHealed": 1,
      "assists": 4,
      "item0": 3270,
      "item1": 3074,
      "item2": 1031,
      "item3": 1038,
      "item4": 1028,
      "item5": 1057,
      "item6": 3340,
      "magicDamageDealtToChampions": 1401,
      "physicalDamageDealtToChampions": 9299,
      "totalDamageDealtToChampions": 11369,
      "trueDamageDealtPlayer": 668,
      "trueDamageDealtToChampions": 668,
      "trueDamageTaken": 456,
      "wardPlaced": 12,
      "neutralMinionsKilledEnemyJungle": 4,
      "neutralMinionsKilledYourJungle": 5,
      "totalTimeCrowdControlDealt": 32
    }
  },
  "36956603": {
    "gameId": 825985337,
    "invalid": false,
    "gameMode": "CLASSIC",
    "gameType": "MATCHED_GAME",
    "subType": "RANKED_SOLO_5x5",
    "mapId": 1,
    "teamId": 200,
    "championId": 19,
    "spell1": 4,
    "spell2": 11,
    "level": 30,
    "ipEarned": 94,
    "createDate": 1399031484630,
    "fellowPlayers": [
      {
        "summonerId": 26611177,
        "teamId": 100,
        "championId": 126
      },
      {
        "summonerId": 30879774,
        "teamId": 100,
        "championId": 222
      },
      {
        "summonerId": 24109890,
        "teamId": 200,
        "championId": 25
      },
      {
        "summonerId": 23888272,
        "teamId": 200,
        "championId": 134
      },
      {
        "summonerId": 37914960,
        "teamId": 200,
        "championId": 80
      },
      {
        "summonerId": 38868552,
        "teamId": 100,
        "championId": 89
      },
      {
        "summonerId": 33513131,
        "teamId": 100,
        "championId": 105
      },
      {
        "summonerId": 32647070,
        "teamId": 200,
        "championId": 81
      },
      {
        "summonerId": 19137179,
        "teamId": 100,
        "championId": 5
      }
    ],
    "stats": {
      "level": 17,
      "goldEarned": 13844,
      "numDeaths": 8,
      "barracksKilled": 1,
      "turretsKilled": 3,
      "minionsKilled": 26,
      "championsKilled": 11,
      "goldSpent": 11225,
      "totalDamageDealt": 164713,
      "totalDamageTaken": 40307,
      "doubleKills": 1,
      "tripleKills": 1,
      "killingSprees": 4,
      "largestKillingSpree": 3,
      "team": 200,
      "win": true,
      "neutralMinionsKilled": 97,
      "largestMultiKill": 3,
      "physicalDamageDealtPlayer": 83759,
      "magicDamageDealtPlayer": 69326,
      "physicalDamageTaken": 33133,
      "magicDamageTaken": 6935,
      "timePlayed": 2039,
      "totalHeal": 16960,
      "totalUnitsHealed": 1,
      "assists": 7,
      "item0": 3160,
      "item1": 3260,
      "item2": 3065,
      "item3": 3082,
      "item4": 1011,
      "item5": 3153,
      "item6": 3340,
      "magicDamageDealtToChampions": 9881,
      "physicalDamageDealtToChampions": 5935,
      "totalDamageDealtToChampions": 16554,
      "trueDamageDealtPlayer": 11628,
      "trueDamageDealtToChampions": 738,
      "trueDamageTaken": 238,
      "wardPlaced": 2,
      "neutralMinionsKilledEnemyJungle": 10,
      "neutralMinionsKilledYourJungle": 87,
      "totalTimeCrowdControlDealt": 830
    }
  },
  "19137179": {
    "gameId": 825985337,
    "invalid": false,
    "gameMode": "CLASSIC",
    "gameType": "MATCHED_GAME",
    "subType": "RANKED_SOLO_5x5",
    "mapId": 1,
    "teamId": 100,
    "championId": 5,
    "spell1": 4,
    "spell2": 11,
    "level": 30,
    "ipEarned": 62,
    "createDate": 1399031484622,
    "fellowPlayers": [
      {
        "summonerId": 36956603,
        "teamId": 200,
        "championId": 19
      },
      {
        "summonerId": 26611177,
        "teamId": 100,
        "championId": 126
      },
      {
        "summonerId": 30879774,
        "teamId": 100,
        "championId": 222
      },
      {
        "summonerId": 24109890,
        "teamId": 200,
        "championId": 25
      },
      {
        "summonerId": 23888272,
        "teamId": 200,
        "championId": 134
      },
      {
        "summonerId": 37914960,
        "teamId": 200,
        "championId": 80
      },
      {
        "summonerId": 38868552,
        "teamId": 100,
        "championId": 89
      },
      {
        "summonerId": 33513131,
        "teamId": 100,
        "championId": 105
      },
      {
        "summonerId": 32647070,
        "teamId": 200,
        "championId": 81
      }
    ],
    "stats": {
      "level": 16,
      "goldEarned": 11932,
      "numDeaths": 6,
      "turretsKilled": 1,
      "minionsKilled": 39,
      "championsKilled": 4,
      "goldSpent": 11103,
      "totalDamageDealt": 136940,
      "totalDamageTaken": 32639,
      "killingSprees": 1,
      "largestKillingSpree": 2,
      "team": 100,
      "win": false,
      "neutralMinionsKilled": 84,
      "largestMultiKill": 1,
      "physicalDamageDealtPlayer": 91233,
      "magicDamageDealtPlayer": 33774,
      "physicalDamageTaken": 23954,
      "magicDamageTaken": 7859,
      "largestCriticalStrike": 566,
      "timePlayed": 2039,
      "totalHeal": 12550,
      "totalUnitsHealed": 1,
      "assists": 14,
      "item1": 3160,
      "item2": 3265,
      "item3": 3065,
      "item4": 3078,
      "item5": 1031,
      "item6": 3340,
      "magicDamageDealtToChampions": 1360,
      "physicalDamageDealtToChampions": 9870,
      "totalDamageDealtToChampions": 11387,
      "trueDamageDealtPlayer": 11932,
      "trueDamageDealtToChampions": 156,
      "trueDamageTaken": 825,
      "wardPlaced": 9,
      "neutralMinionsKilledEnemyJungle": 8,
      "neutralMinionsKilledYourJungle": 76,
      "totalTimeCrowdControlDealt": 525
    }
  },
  "33513131": {
    "gameId": 825985337,
    "invalid": false,
    "gameMode": "CLASSIC",
    "gameType": "MATCHED_GAME",
    "subType": "RANKED_SOLO_5x5",
    "mapId": 1,
    "teamId": 100,
    "championId": 105,
    "spell1": 4,
    "spell2": 14,
    "level": 30,
    "ipEarned": 62,
    "createDate": 1399031484626,
    "fellowPlayers": [
      {
        "summonerId": 36956603,
        "teamId": 200,
        "championId": 19
      },
      {
        "summonerId": 26611177,
        "teamId": 100,
        "championId": 126
      },
      {
        "summonerId": 30879774,
        "teamId": 100,
        "championId": 222
      },
      {
        "summonerId": 24109890,
        "teamId": 200,
        "championId": 25
      },
      {
        "summonerId": 23888272,
        "teamId": 200,
        "championId": 134
      },
      {
        "summonerId": 37914960,
        "teamId": 200,
        "championId": 80
      },
      {
        "summonerId": 38868552,
        "teamId": 100,
        "championId": 89
      },
      {
        "summonerId": 32647070,
        "teamId": 200,
        "championId": 81
      },
      {
        "summonerId": 19137179,
        "teamId": 100,
        "championId": 5
      }
    ],
    "stats": {
      "level": 16,
      "goldEarned": 14538,
      "numDeaths": 11,
      "minionsKilled": 146,
      "championsKilled": 15,
      "goldSpent": 14720,
      "totalDamageDealt": 113078,
      "totalDamageTaken": 25941,
      "doubleKills": 2,
      "tripleKills": 1,
      "killingSprees": 3,
      "largestKillingSpree": 5,
      "team": 100,
      "win": false,
      "neutralMinionsKilled": 14,
      "largestMultiKill": 3,
      "physicalDamageDealtPlayer": 18450,
      "magicDamageDealtPlayer": 93004,
      "physicalDamageTaken": 12681,
      "magicDamageTaken": 12303,
      "timePlayed": 2039,
      "assists": 7,
      "item0": 3128,
      "item1": 3100,
      "item2": 3255,
      "item3": 3135,
      "item4": 3089,
      "item6": 3340,
      "magicDamageDealtToChampions": 21064,
      "physicalDamageDealtToChampions": 3183,
      "totalDamageDealtToChampions": 25583,
      "trueDamageDealtPlayer": 1624,
      "trueDamageDealtToChampions": 1336,
      "trueDamageTaken": 956,
      "wardPlaced": 10,
      "neutralMinionsKilledEnemyJungle": 1,
      "neutralMinionsKilledYourJungle": 13,
      "totalTimeCrowdControlDealt": 226
    }
  }
}