{
  "39659075": {
    "gameId": 825985106,
    "invalid": false,
    "gameMode": "CLASSIC",
    "gameType": "MATCHED_GAME",
    "subType": "RANKED_SOLO_5x5",
    "mapId": 1,
    "teamId": 200,
    "championId": 58,
    "spell1": 12,
    "spell2": 4,
    "level": 30,
    "ipEarned": 67,
    "createDate": 1399031544204,
    "fellowPlayers": [
      {
        "summonerId": 39923511,
        "teamId": 200,
        "championId": 28
      },
      {
        "summonerId": 24189474,
        "teamId": 200,
        "championId": 51
      },
      {
        "summonerId": 41456414,
        "teamId": 100,
        "championId": 5
      },
      {
        "summonerId": 33964043,
        "teamId": 100,
        "championId": 31
      },
      {
        "summonerId": 34905653,
        "teamId": 200,
        "championId": 238
      },
      {
        "summonerId": 31433007,
        "teamId": 100,
        "championId": 412
      },
      {
        "summonerId": 34854217,
        "teamId": 200,
        "championId": 13
      },
      {
        "summonerId": 39709965,
        "teamId": 100,
        "championId": 45
      },
      {
        "summonerId": 31464830,
        "teamId": 100,
        "championId": 29
      }
    ],
    "stats": {
      "level": 15,
      "goldEarned": 11290,
      "numDeaths": 9,
      "minionsKilled": 209,
      "championsKilled": 6,
      "goldSpent": 11020,
      "totalDamageDealt": 145117,
      "totalDamageTaken": 45492,
      "killingSprees": 2,
      "largestKillingSpree": 2,
      "team": 200,
      "win": false,
      "neutralMinionsKilled": 4,
      "largestMultiKill": 1,
      "physicalDamageDealtPlayer": 139222,
      "magicDamageDealtPlayer": 5412,
      "physicalDamageTaken": 28213,
      "magicDamageTaken": 13258,
      "timePlayed": 2160,
      "totalHeal": 6765,
      "totalUnitsHealed": 1,
      "assists": 4,
      "item0": 3065,
      "item1": 3074,
      "item2": 3102,
      "item3": 3047,
      "item4": 1036,
      "item5": 1055,
      "item6": 3340,
      "magicDamageDealtToChampions": 1539,
      "physicalDamageDealtToChampions": 19902,
      "totalDamageDealtToChampions": 21649,
      "trueDamageDealtPlayer": 482,
      "trueDamageDealtToChampions": 208,
      "trueDamageTaken": 4021,
      "wardPlaced": 9,
      "neutralMinionsKilledEnemyJungle": 2,
      "neutralMinionsKilledYourJungle": 2,
      "totalTimeCrowdControlDealt": 128
    }
  },
  "summonerCount": 10,
  "24189474": {
    "gameId": 825985106,
    "invalid": false,
    "gameMode": "CLASSIC",
    "gameType": "MATCHED_GAME",
    "subType": "RANKED_SOLO_5x5",
    "mapId": 1,
    "teamId": 200,
    "championId": 51,
    "spell1": 4,
    "spell2": 7,
    "level": 30,
    "ipEarned": 67,
    "createDate": 1399031544199,
    "fellowPlayers": [
      {
        "summonerId": 39923511,
        "teamId": 200,
        "championId": 28
      },
      {
        "summonerId": 41456414,
        "teamId": 100,
        "championId": 5
      },
      {
        "summonerId": 33964043,
        "teamId": 100,
        "championId": 31
      },
      {
        "summonerId": 34905653,
        "teamId": 200,
        "championId": 238
      },
      {
        "summonerId": 31433007,
        "teamId": 100,
        "championId": 412
      },
      {
        "summonerId": 34854217,
        "teamId": 200,
        "championId": 13
      },
      {
        "summonerId": 39709965,
        "teamId": 100,
        "championId": 45
      },
      {
        "summonerId": 39659075,
        "teamId": 200,
        "championId": 58
      },
      {
        "summonerId": 31464830,
        "teamId": 100,
        "championId": 29
      }
    ],
    "stats": {
      "level": 15,
      "goldEarned": 11771,
      "numDeaths": 8,
      "turretsKilled": 2,
      "minionsKilled": 152,
      "championsKilled": 8,
      "goldSpent": 11080,
      "totalDamageDealt": 116819,
      "totalDamageTaken": 27779,
      "killingSprees": 3,
      "largestKillingSpree": 2,
      "team": 200,
      "win": false,
      "neutralMinionsKilled": 8,
      "largestMultiKill": 1,
      "physicalDamageDealtPlayer": 112840,
      "magicDamageDealtPlayer": 3405,
      "physicalDamageTaken": 12495,
      "magicDamageTaken": 12350,
      "largestCriticalStrike": 720,
      "timePlayed": 2160,
      "totalHeal": 3783,
      "totalUnitsHealed": 4,
      "assists": 10,
      "item0": 3250,
      "item1": 3035,
      "item2": 3072,
      "item3": 1057,
      "item4": 1055,
      "item5": 3046,
      "item6": 3340,
      "magicDamageDealtToChampions": 3247,
      "physicalDamageDealtToChampions": 20758,
      "totalDamageDealtToChampions": 24218,
      "trueDamageDealtPlayer": 574,
      "trueDamageDealtToChampions": 212,
      "trueDamageTaken": 2933,
      "wardPlaced": 9,
      "neutralMinionsKilledYourJungle": 8,
      "totalTimeCrowdControlDealt": 185
    }
  },
  "39923511": {
    "gameId": 825985106,
    "invalid": false,
    "gameMode": "CLASSIC",
    "gameType": "MATCHED_GAME",
    "subType": "RANKED_SOLO_5x5",
    "mapId": 1,
    "teamId": 200,
    "championId": 28,
    "spell1": 11,
    "spell2": 4,
    "level": 30,
    "ipEarned": 67,
    "createDate": 1399031544201,
    "fellowPlayers": [
      {
        "summonerId": 24189474,
        "teamId": 200,
        "championId": 51
      },
      {
        "summonerId": 41456414,
        "teamId": 100,
        "championId": 5
      },
      {
        "summonerId": 33964043,
        "teamId": 100,
        "championId": 31
      },
      {
        "summonerId": 34905653,
        "teamId": 200,
        "championId": 238
      },
      {
        "summonerId": 31433007,
        "teamId": 100,
        "championId": 412
      },
      {
        "summonerId": 34854217,
        "teamId": 200,
        "championId": 13
      },
      {
        "summonerId": 39709965,
        "teamId": 100,
        "championId": 45
      },
      {
        "summonerId": 39659075,
        "teamId": 200,
        "championId": 58
      },
      {
        "summonerId": 31464830,
        "teamId": 100,
        "championId": 29
      }
    ],
    "stats": {
      "level": 15,
      "goldEarned": 9846,
      "numDeaths": 10,
      "minionsKilled": 18,
      "championsKilled": 2,
      "goldSpent": 8565,
      "totalDamageDealt": 126872,
      "totalDamageTaken": 36468,
      "team": 200,
      "win": false,
      "neutralMinionsKilled": 85,
      "largestMultiKill": 1,
      "physicalDamageDealtPlayer": 37894,
      "magicDamageDealtPlayer": 74828,
      "physicalDamageTaken": 22911,
      "magicDamageTaken": 9184,
      "timePlayed": 2160,
      "totalHeal": 5033,
      "totalUnitsHealed": 1,
      "assists": 9,
      "item0": 3206,
      "item1": 3255,
      "item2": 3116,
      "item3": 3191,
      "item6": 3364,
      "magicDamageDealtToChampions": 11271,
      "physicalDamageDealtToChampions": 5106,
      "totalDamageDealtToChampions": 17018,
      "trueDamageDealtPlayer": 14150,
      "trueDamageDealtToChampions": 640,
      "trueDamageTaken": 4371,
      "wardPlaced": 3,
      "neutralMinionsKilledEnemyJungle": 8,
      "neutralMinionsKilledYourJungle": 77,
      "totalTimeCrowdControlDealt": 535
    }
  },
  "41456414": {
    "gameId": 825985106,
    "invalid": false,
    "gameMode": "CLASSIC",
    "gameType": "MATCHED_GAME",
    "subType": "RANKED_SOLO_5x5",
    "mapId": 1,
    "teamId": 100,
    "championId": 5,
    "spell1": 11,
    "spell2": 4,
    "level": 30,
    "ipEarned": 101,
    "createDate": 1399031544198,
    "fellowPlayers": [
      {
        "summonerId": 39923511,
        "teamId": 200,
        "championId": 28
      },
      {
        "summonerId": 24189474,
        "teamId": 200,
        "championId": 51
      },
      {
        "summonerId": 33964043,
        "teamId": 100,
        "championId": 31
      },
      {
        "summonerId": 34905653,
        "teamId": 200,
        "championId": 238
      },
      {
        "summonerId": 31433007,
        "teamId": 100,
        "championId": 412
      },
      {
        "summonerId": 34854217,
        "teamId": 200,
        "championId": 13
      },
      {
        "summonerId": 39709965,
        "teamId": 100,
        "championId": 45
      },
      {
        "summonerId": 39659075,
        "teamId": 200,
        "championId": 58
      },
      {
        "summonerId": 31464830,
        "teamId": 100,
        "championId": 29
      }
    ],
    "stats": {
      "level": 18,
      "goldEarned": 13880,
      "numDeaths": 3,
      "turretsKilled": 2,
      "minionsKilled": 52,
      "championsKilled": 8,
      "goldSpent": 9635,
      "totalDamageDealt": 199351,
      "totalDamageTaken": 29270,
      "killingSprees": 1,
      "largestKillingSpree": 8,
      "team": 100,
      "win": true,
      "neutralMinionsKilled": 108,
      "largestMultiKill": 1,
      "physicalDamageDealtPlayer": 111057,
      "magicDamageDealtPlayer": 72032,
      "physicalDamageTaken": 24525,
      "magicDamageTaken": 4489,
      "timePlayed": 2160,
      "totalHeal": 14655,
      "totalUnitsHealed": 1,
      "assists": 9,
      "item0": 3143,
      "item1": 3071,
      "item2": 3117,
      "item3": 1057,
      "item5": 3160,
      "item6": 3340,
      "magicDamageDealtToChampions": 3093,
      "physicalDamageDealtToChampions": 12020,
      "totalDamageDealtToChampions": 16054,
      "trueDamageDealtPlayer": 16262,
      "trueDamageDealtToChampions": 940,
      "trueDamageTaken": 255,
      "wardPlaced": 11,
      "neutralMinionsKilledEnemyJungle": 16,
      "neutralMinionsKilledYourJungle": 92,
      "totalTimeCrowdControlDealt": 1686
    }
  },
  "39709965": {
    "gameId": 825985106,
    "invalid": false,
    "gameMode": "CLASSIC",
    "gameType": "MATCHED_GAME",
    "subType": "RANKED_SOLO_5x5",
    "mapId": 1,
    "teamId": 100,
    "championId": 45,
    "spell1": 4,
    "spell2": 14,
    "level": 30,
    "ipEarned": 101,
    "createDate": 1399031544196,
    "fellowPlayers": [
      {
        "summonerId": 39923511,
        "teamId": 200,
        "championId": 28
      },
      {
        "summonerId": 24189474,
        "teamId": 200,
        "championId": 51
      },
      {
        "summonerId": 41456414,
        "teamId": 100,
        "championId": 5
      },
      {
        "summonerId": 33964043,
        "teamId": 100,
        "championId": 31
      },
      {
        "summonerId": 34905653,
        "teamId": 200,
        "championId": 238
      },
      {
        "summonerId": 31433007,
        "teamId": 100,
        "championId": 412
      },
      {
        "summonerId": 34854217,
        "teamId": 200,
        "championId": 13
      },
      {
        "summonerId": 39659075,
        "teamId": 200,
        "championId": 58
      },
      {
        "summonerId": 31464830,
        "teamId": 100,
        "championId": 29
      }
    ],
    "stats": {
      "level": 18,
      "goldEarned": 13020,
      "numDeaths": 9,
      "barracksKilled": 1,
      "minionsKilled": 152,
      "championsKilled": 8,
      "goldSpent": 13005,
      "totalDamageDealt": 119961,
      "totalDamageTaken": 20089,
      "killingSprees": 2,
      "largestKillingSpree": 2,
      "team": 100,
      "win": true,
      "neutralMinionsKilled": 3,
      "largestMultiKill": 1,
      "physicalDamageDealtPlayer": 14072,
      "magicDamageDealtPlayer": 104614,
      "physicalDamageTaken": 16231,
      "magicDamageTaken": 3290,
      "timePlayed": 2160,
      "totalHeal": 522,
      "totalUnitsHealed": 1,
      "assists": 11,
      "item0": 3040,
      "item1": 3157,
      "item2": 3255,
      "item3": 3135,
      "item4": 1058,
      "item5": 1026,
      "item6": 3340,
      "magicDamageDealtToChampions": 25755,
      "physicalDamageDealtToChampions": 1547,
      "totalDamageDealtToChampions": 28577,
      "trueDamageDealtPlayer": 1274,
      "trueDamageDealtToChampions": 1274,
      "trueDamageTaken": 568,
      "wardPlaced": 10,
      "neutralMinionsKilledEnemyJungle": 1,
      "neutralMinionsKilledYourJungle": 2,
      "totalTimeCrowdControlDealt": 104
    }
  },
  "31464830": {
    "gameId": 825985106,
    "invalid": false,
    "gameMode": "CLASSIC",
    "gameType": "MATCHED_GAME",
    "subType": "RANKED_SOLO_5x5",
    "mapId": 1,
    "teamId": 100,
    "championId": 29,
    "spell1": 4,
    "spell2": 7,
    "level": 30,
    "ipEarned": 101,
    "createDate": 1399031544197,
    "fellowPlayers": [
      {
        "summonerId": 39923511,
        "teamId": 200,
        "championId": 28
      },
      {
        "summonerId": 24189474,
        "teamId": 200,
        "championId": 51
      },
      {
        "summonerId": 41456414,
        "teamId": 100,
        "championId": 5
      },
      {
        "summonerId": 33964043,
        "teamId": 100,
        "championId": 31
      },
      {
        "summonerId": 34905653,
        "teamId": 200,
        "championId": 238
      },
      {
        "summonerId": 31433007,
        "teamId": 100,
        "championId": 412
      },
      {
        "summonerId": 34854217,
        "teamId": 200,
        "championId": 13
      },
      {
        "summonerId": 39709965,
        "teamId": 100,
        "championId": 45
      },
      {
        "summonerId": 39659075,
        "teamId": 200,
        "championId": 58
      }
    ],
    "stats": {
      "level": 18,
      "goldEarned": 15815,
      "numDeaths": 4,
      "turretsKilled": 4,
      "minionsKilled": 213,
      "championsKilled": 14,
      "goldSpent": 12620,
      "totalDamageDealt": 167674,
      "totalDamageTaken": 29514,
      "doubleKills": 2,
      "killingSprees": 4,
      "largestKillingSpree": 6,
      "team": 100,
      "win": true,
      "neutralMinionsKilled": 10,
      "largestMultiKill": 2,
      "physicalDamageDealtPlayer": 154690,
      "physicalDamageTaken": 20588,
      "magicDamageTaken": 7867,
      "largestCriticalStrike": 651,
      "timePlayed": 2160,
      "totalHeal": 4070,
      "totalUnitsHealed": 4,
      "assists": 12,
      "item0": 1038,
      "item1": 3072,
      "item2": 3006,
      "item3": 3046,
      "item4": 3026,
      "item5": 1037,
      "item6": 3340,
      "physicalDamageDealtToChampions": 33072,
      "totalDamageDealtToChampions": 38975,
      "trueDamageDealtPlayer": 12984,
      "trueDamageDealtToChampions": 5904,
      "trueDamageTaken": 1059,
      "wardKilled": 1,
      "wardPlaced": 4,
      "neutralMinionsKilledYourJungle": 10,
      "totalTimeCrowdControlDealt": 414
    }
  },
  "34905653": {
    "gameId": 825985106,
    "invalid": false,
    "gameMode": "CLASSIC",
    "gameType": "MATCHED_GAME",
    "subType": "RANKED_SOLO_5x5",
    "mapId": 1,
    "teamId": 200,
    "championId": 238,
    "spell1": 4,
    "spell2": 14,
    "level": 30,
    "ipEarned": 67,
    "createDate": 1399031544202,
    "fellowPlayers": [
      {
        "summonerId": 39923511,
        "teamId": 200,
        "championId": 28
      },
      {
        "summonerId": 24189474,
        "teamId": 200,
        "championId": 51
      },
      {
        "summonerId": 41456414,
        "teamId": 100,
        "championId": 5
      },
      {
        "summonerId": 33964043,
        "teamId": 100,
        "championId": 31
      },
      {
        "summonerId": 31433007,
        "teamId": 100,
        "championId": 412
      },
      {
        "summonerId": 34854217,
        "teamId": 200,
        "championId": 13
      },
      {
        "summonerId": 39709965,
        "teamId": 100,
        "championId": 45
      },
      {
        "summonerId": 39659075,
        "teamId": 200,
        "championId": 58
      },
      {
        "summonerId": 31464830,
        "teamId": 100,
        "championId": 29
      }
    ],
    "stats": {
      "level": 16,
      "goldEarned": 11833,
      "numDeaths": 11,
      "minionsKilled": 188,
      "championsKilled": 9,
      "goldSpent": 11360,
      "totalDamageDealt": 115046,
      "totalDamageTaken": 33976,
      "killingSprees": 1,
      "largestKillingSpree": 2,
      "team": 200,
      "win": false,
      "largestMultiKill": 1,
      "physicalDamageDealtPlayer": 109339,
      "magicDamageDealtPlayer": 4635,
      "physicalDamageTaken": 15660,
      "magicDamageTaken": 16171,
      "largestCriticalStrike": 506,
      "timePlayed": 2160,
      "totalHeal": 2580,
      "totalUnitsHealed": 1,
      "assists": 5,
      "item0": 3275,
      "item1": 3153,
      "item2": 3142,
      "item3": 3035,
      "item4": 1057,
      "item5": 1031,
      "item6": 3340,
      "magicDamageDealtToChampions": 954,
      "physicalDamageDealtToChampions": 26562,
      "totalDamageDealtToChampions": 28589,
      "trueDamageDealtPlayer": 1072,
      "trueDamageDealtToChampions": 1072,
      "trueDamageTaken": 2144,
      "wardPlaced": 35,
      "totalTimeCrowdControlDealt": 140
    }
  },
  "34854217": {
    "gameId": 825985106,
    "invalid": false,
    "gameMode": "CLASSIC",
    "gameType": "MATCHED_GAME",
    "subType": "RANKED_SOLO_5x5",
    "mapId": 1,
    "teamId": 200,
    "championId": 13,
    "spell1": 4,
    "spell2": 14,
    "level": 30,
    "ipEarned": 67,
    "createDate": 1399031544203,
    "fellowPlayers": [
      {
        "summonerId": 39923511,
        "teamId": 200,
        "championId": 28
      },
      {
        "summonerId": 24189474,
        "teamId": 200,
        "championId": 51
      },
      {
        "summonerId": 41456414,
        "teamId": 100,
        "championId": 5
      },
      {
        "summonerId": 33964043,
        "teamId": 100,
        "championId": 31
      },
      {
        "summonerId": 34905653,
        "teamId": 200,
        "championId": 238
      },
      {
        "summonerId": 31433007,
        "teamId": 100,
        "championId": 412
      },
      {
        "summonerId": 39709965,
        "teamId": 100,
        "championId": 45
      },
      {
        "summonerId": 39659075,
        "teamId": 200,
        "championId": 58
      },
      {
        "summonerId": 31464830,
        "teamId": 100,
        "championId": 29
      }
    ],
    "stats": {
      "level": 15,
      "goldEarned": 9583,
      "numDeaths": 8,
      "minionsKilled": 47,
      "championsKilled": 5,
      "goldSpent": 8800,
      "totalDamageDealt": 59837,
      "totalDamageTaken": 22144,
      "killingSprees": 1,
      "largestKillingSpree": 2,
      "team": 200,
      "win": false,
      "neutralMinionsKilled": 4,
      "largestMultiKill": 1,
      "physicalDamageDealtPlayer": 8110,
      "magicDamageDealtPlayer": 50881,
      "physicalDamageTaken": 11654,
      "magicDamageTaken": 8757,
      "timePlayed": 2160,
      "assists": 6,
      "item0": 3092,
      "item1": 3020,
      "item2": 3070,
      "item3": 3027,
      "item4": 2044,
      "item5": 1058,
      "item6": 3340,
      "sightWardsBought": 3,
      "magicDamageDealtToChampions": 16070,
      "physicalDamageDealtToChampions": 1600,
      "totalDamageDealtToChampions": 18452,
      "trueDamageDealtPlayer": 846,
      "trueDamageDealtToChampions": 782,
      "trueDamageTaken": 1732,
      "wardKilled": 1,
      "wardPlaced": 13,
      "neutralMinionsKilledYourJungle": 4,
      "totalTimeCrowdControlDealt": 54
    }
  },
  "31433007": {
    "gameId": 825985106,
    "invalid": false,
    "gameMode": "CLASSIC",
    "gameType": "MATCHED_GAME",
    "subType": "RANKED_SOLO_5x5",
    "mapId": 1,
    "teamId": 100,
    "championId": 412,
    "spell1": 3,
    "spell2": 4,
    "level": 30,
    "ipEarned": 251,
    "createDate": 1399031544194,
    "fellowPlayers": [
      {
        "summonerId": 39923511,
        "teamId": 200,
        "championId": 28
      },
      {
        "summonerId": 24189474,
        "teamId": 200,
        "championId": 51
      },
      {
        "summonerId": 41456414,
        "teamId": 100,
        "championId": 5
      },
      {
        "summonerId": 33964043,
        "teamId": 100,
        "championId": 31
      },
      {
        "summonerId": 34905653,
        "teamId": 200,
        "championId": 238
      },
      {
        "summonerId": 34854217,
        "teamId": 200,
        "championId": 13
      },
      {
        "summonerId": 39709965,
        "teamId": 100,
        "championId": 45
      },
      {
        "summonerId": 39659075,
        "teamId": 200,
        "championId": 58
      },
      {
        "summonerId": 31464830,
        "teamId": 100,
        "championId": 29
      }
    ],
    "stats": {
      "level": 17,
      "goldEarned": 12573,
      "numDeaths": 10,
      "minionsKilled": 23,
      "championsKilled": 3,
      "goldSpent": 12900,
      "totalDamageDealt": 30568,
      "totalDamageTaken": 25615,
      "team": 100,
      "win": true,
      "neutralMinionsKilled": 2,
      "largestMultiKill": 1,
      "physicalDamageDealtPlayer": 7113,
      "magicDamageDealtPlayer": 23422,
      "physicalDamageTaken": 13792,
      "magicDamageTaken": 11407,
      "timePlayed": 2160,
      "totalHeal": 856,
      "totalUnitsHealed": 1,
      "assists": 24,
      "item0": 3069,
      "item1": 2049,
      "item2": 3068,
      "item3": 3009,
      "item4": 3105,
      "item5": 3143,
      "item6": 3340,
      "sightWardsBought": 1,
      "visionWardsBought": 1,
      "magicDamageDealtToChampions": 10692,
      "physicalDamageDealtToChampions": 1891,
      "totalDamageDealtToChampions": 12616,
      "trueDamageDealtPlayer": 32,
      "trueDamageDealtToChampions": 32,
      "trueDamageTaken": 416,
      "wardPlaced": 14,
      "neutralMinionsKilledEnemyJungle": 1,
      "neutralMinionsKilledYourJungle": 1,
      "totalTimeCrowdControlDealt": 171
    }
  },
  "33964043": {
    "gameId": 825985106,
    "invalid": false,
    "gameMode": "CLASSIC",
    "gameType": "MATCHED_GAME",
    "subType": "RANKED_SOLO_5x5",
    "mapId": 1,
    "teamId": 100,
    "championId": 31,
    "spell1": 14,
    "spell2": 4,
    "level": 30,
    "ipEarned": 101,
    "createDate": 1399031544195,
    "fellowPlayers": [
      {
        "summonerId": 39923511,
        "teamId": 200,
        "championId": 28
      },
      {
        "summonerId": 24189474,
        "teamId": 200,
        "championId": 51
      },
      {
        "summonerId": 41456414,
        "teamId": 100,
        "championId": 5
      },
      {
        "summonerId": 34905653,
        "teamId": 200,
        "championId": 238
      },
      {
        "summonerId": 31433007,
        "teamId": 100,
        "championId": 412
      },
      {
        "summonerId": 34854217,
        "teamId": 200,
        "championId": 13
      },
      {
        "summonerId": 39709965,
        "teamId": 100,
        "championId": 45
      },
      {
        "summonerId": 39659075,
        "teamId": 200,
        "championId": 58
      },
      {
        "summonerId": 31464830,
        "teamId": 100,
        "championId": 29
      }
    ],
    "stats": {
      "level": 18,
      "goldEarned": 15714,
      "numDeaths": 4,
      "turretsKilled": 2,
      "minionsKilled": 220,
      "championsKilled": 13,
      "goldSpent": 13120,
      "totalDamageDealt": 164031,
      "totalDamageTaken": 38355,
      "doubleKills": 2,
      "killingSprees": 3,
      "largestKillingSpree": 7,
      "team": 100,
      "win": true,
      "largestMultiKill": 2,
      "physicalDamageDealtPlayer": 32908,
      "magicDamageDealtPlayer": 114786,
      "physicalDamageTaken": 29981,
      "magicDamageTaken": 7338,
      "timePlayed": 2160,
      "totalHeal": 9879,
      "totalUnitsHealed": 1,
      "assists": 12,
      "item0": 3143,
      "item1": 3047,
      "item2": 1031,
      "item3": 3065,
      "item4": 3091,
      "item5": 3110,
      "item6": 3340,
      "magicDamageDealtToChampions": 20182,
      "physicalDamageDealtToChampions": 8342,
      "totalDamageDealtToChampions": 35398,
      "trueDamageDealtPlayer": 16336,
      "trueDamageDealtToChampions": 6873,
      "trueDamageTaken": 1036,
      "wardKilled": 1,
      "wardPlaced": 10,
      "totalTimeCrowdControlDealt": 2311
    }
  }
}