{
  "35566099": {
    "gameId": 825985410,
    "invalid": false,
    "gameMode": "ARAM",
    "gameType": "MATCHED_GAME",
    "subType": "ARAM_UNRANKED_5x5",
    "mapId": 12,
    "teamId": 200,
    "championId": 78,
    "spell1": 4,
    "spell2": 21,
    "level": 30,
    "ipEarned": 40,
    "createDate": 1399030354967,
    "fellowPlayers": [
      {
        "summonerId": 38775899,
        "teamId": 100,
        "championId": 17
      },
      {
        "summonerId": 36427023,
        "teamId": 200,
        "championId": 58
      },
      {
        "summonerId": 36366659,
        "teamId": 200,
        "championId": 25
      },
      {
        "summonerId": 35343388,
        "teamId": 200,
        "championId": 111
      },
      {
        "summonerId": 34425691,
        "teamId": 200,
        "championId": 57
      },
      {
        "summonerId": 24733272,
        "teamId": 100,
        "championId": 254
      },
      {
        "summonerId": 26024700,
        "teamId": 100,
        "championId": 12
      },
      {
        "summonerId": 25106861,
        "teamId": 100,
        "championId": 121
      },
      {
        "summonerId": 34830468,
        "teamId": 100,
        "championId": 79
      }
    ],
    "stats": {
      "level": 14,
      "goldEarned": 7606,
      "numDeaths": 15,
      "minionsKilled": 8,
      "championsKilled": 4,
      "goldSpent": 7425,
      "totalDamageDealt": 16323,
      "totalDamageTaken": 21313,
      "team": 200,
      "win": false,
      "largestMultiKill": 1,
      "physicalDamageDealtPlayer": 6872,
      "magicDamageDealtPlayer": 9451,
      "physicalDamageTaken": 9871,
      "magicDamageTaken": 11441,
      "timePlayed": 1164,
      "totalHeal": 1228,
      "totalUnitsHealed": 1,
      "assists": 9,
      "item0": 3025,
      "item1": 3155,
      "item2": 3111,
      "item3": 3211,
      "item4": 1028,
      "item6": 2052,
      "magicDamageDealtToChampions": 7494,
      "physicalDamageDealtToChampions": 3883,
      "totalDamageDealtToChampions": 11378,
      "totalTimeCrowdControlDealt": 190
    }
  },
  "summonerCount": 10,
  "38775899": {
    "gameId": 825985410,
    "invalid": false,
    "gameMode": "ARAM",
    "gameType": "MATCHED_GAME",
    "subType": "ARAM_UNRANKED_5x5",
    "mapId": 12,
    "teamId": 100,
    "championId": 17,
    "spell1": 7,
    "spell2": 4,
    "level": 30,
    "ipEarned": 59,
    "createDate": 1399030354964,
    "fellowPlayers": [
      {
        "summonerId": 36427023,
        "teamId": 200,
        "championId": 58
      },
      {
        "summonerId": 36366659,
        "teamId": 200,
        "championId": 25
      },
      {
        "summonerId": 35343388,
        "teamId": 200,
        "championId": 111
      },
      {
        "summonerId": 34425691,
        "teamId": 200,
        "championId": 57
      },
      {
        "summonerId": 35566099,
        "teamId": 200,
        "championId": 78
      },
      {
        "summonerId": 24733272,
        "teamId": 100,
        "championId": 254
      },
      {
        "summonerId": 26024700,
        "teamId": 100,
        "championId": 12
      },
      {
        "summonerId": 25106861,
        "teamId": 100,
        "championId": 121
      },
      {
        "summonerId": 34830468,
        "teamId": 100,
        "championId": 79
      }
    ],
    "stats": {
      "level": 16,
      "goldEarned": 11172,
      "numDeaths": 7,
      "barracksKilled": 1,
      "minionsKilled": 30,
      "championsKilled": 12,
      "goldSpent": 9555,
      "totalDamageDealt": 54535,
      "totalDamageTaken": 17693,
      "doubleKills": 1,
      "tripleKills": 1,
      "quadraKills": 1,
      "killingSprees": 3,
      "largestKillingSpree": 4,
      "team": 100,
      "win": true,
      "largestMultiKill": 4,
      "physicalDamageDealtPlayer": 15864,
      "magicDamageDealtPlayer": 38671,
      "physicalDamageTaken": 4069,
      "magicDamageTaken": 13623,
      "timePlayed": 1164,
      "totalHeal": 3723,
      "totalUnitsHealed": 3,
      "assists": 31,
      "item0": 3020,
      "item1": 1056,
      "item2": 1056,
      "item3": 3089,
      "item4": 3101,
      "item5": 3100,
      "magicDamageDealtToChampions": 30062,
      "physicalDamageDealtToChampions": 4446,
      "totalDamageDealtToChampions": 34509,
      "wardPlaced": 29,
      "totalTimeCrowdControlDealt": 230
    }
  },
  "26024700": {
    "gameId": 825985410,
    "invalid": false,
    "gameMode": "ARAM",
    "gameType": "MATCHED_GAME",
    "subType": "ARAM_UNRANKED_5x5",
    "mapId": 12,
    "teamId": 100,
    "championId": 12,
    "spell1": 4,
    "spell2": 21,
    "level": 30,
    "ipEarned": 59,
    "createDate": 1399030354960,
    "fellowPlayers": [
      {
        "summonerId": 38775899,
        "teamId": 100,
        "championId": 17
      },
      {
        "summonerId": 36427023,
        "teamId": 200,
        "championId": 58
      },
      {
        "summonerId": 36366659,
        "teamId": 200,
        "championId": 25
      },
      {
        "summonerId": 35343388,
        "teamId": 200,
        "championId": 111
      },
      {
        "summonerId": 34425691,
        "teamId": 200,
        "championId": 57
      },
      {
        "summonerId": 35566099,
        "teamId": 200,
        "championId": 78
      },
      {
        "summonerId": 24733272,
        "teamId": 100,
        "championId": 254
      },
      {
        "summonerId": 25106861,
        "teamId": 100,
        "championId": 121
      },
      {
        "summonerId": 34830468,
        "teamId": 100,
        "championId": 79
      }
    ],
    "stats": {
      "level": 17,
      "goldEarned": 11062,
      "numDeaths": 3,
      "turretsKilled": 1,
      "minionsKilled": 18,
      "championsKilled": 9,
      "goldSpent": 8790,
      "totalDamageDealt": 28453,
      "totalDamageTaken": 28510,
      "killingSprees": 2,
      "largestKillingSpree": 5,
      "team": 100,
      "win": true,
      "largestMultiKill": 1,
      "physicalDamageDealtPlayer": 7267,
      "magicDamageDealtPlayer": 21186,
      "physicalDamageTaken": 13255,
      "magicDamageTaken": 14859,
      "timePlayed": 1164,
      "totalHeal": 31458,
      "totalUnitsHealed": 68,
      "assists": 37,
      "item0": 3174,
      "item1": 1056,
      "item2": 3065,
      "item3": 3025,
      "magicDamageDealtToChampions": 10923,
      "physicalDamageDealtToChampions": 3512,
      "totalDamageDealtToChampions": 14436,
      "trueDamageTaken": 396,
      "totalTimeCrowdControlDealt": 150
    }
  },
  "34830468": {
    "gameId": 825985410,
    "invalid": false,
    "gameMode": "ARAM",
    "gameType": "MATCHED_GAME",
    "subType": "ARAM_UNRANKED_5x5",
    "mapId": 12,
    "teamId": 100,
    "championId": 79,
    "spell1": 7,
    "spell2": 4,
    "level": 30,
    "ipEarned": 59,
    "createDate": 1399030354961,
    "fellowPlayers": [
      {
        "summonerId": 38775899,
        "teamId": 100,
        "championId": 17
      },
      {
        "summonerId": 36427023,
        "teamId": 200,
        "championId": 58
      },
      {
        "summonerId": 36366659,
        "teamId": 200,
        "championId": 25
      },
      {
        "summonerId": 35343388,
        "teamId": 200,
        "championId": 111
      },
      {
        "summonerId": 34425691,
        "teamId": 200,
        "championId": 57
      },
      {
        "summonerId": 35566099,
        "teamId": 200,
        "championId": 78
      },
      {
        "summonerId": 24733272,
        "teamId": 100,
        "championId": 254
      },
      {
        "summonerId": 26024700,
        "teamId": 100,
        "championId": 12
      },
      {
        "summonerId": 25106861,
        "teamId": 100,
        "championId": 121
      }
    ],
    "stats": {
      "level": 16,
      "goldEarned": 10039,
      "numDeaths": 7,
      "turretsKilled": 1,
      "minionsKilled": 48,
      "championsKilled": 5,
      "goldSpent": 8825,
      "totalDamageDealt": 53111,
      "totalDamageTaken": 21810,
      "doubleKills": 1,
      "killingSprees": 1,
      "largestKillingSpree": 2,
      "team": 100,
      "win": true,
      "largestMultiKill": 2,
      "physicalDamageDealtPlayer": 3865,
      "magicDamageDealtPlayer": 49246,
      "physicalDamageTaken": 9635,
      "magicDamageTaken": 11832,
      "largestCriticalStrike": 633,
      "timePlayed": 1164,
      "totalHeal": 6200,
      "totalUnitsHealed": 3,
      "assists": 25,
      "item0": 3174,
      "item1": 3001,
      "item2": 3020,
      "item3": 1052,
      "item4": 3010,
      "item5": 1026,
      "magicDamageDealtToChampions": 22033,
      "physicalDamageDealtToChampions": 1909,
      "totalDamageDealtToChampions": 23942,
      "trueDamageTaken": 342,
      "totalTimeCrowdControlDealt": 349
    }
  },
  "35343388": {
    "gameId": 825985410,
    "invalid": false,
    "gameMode": "ARAM",
    "gameType": "MATCHED_GAME",
    "subType": "ARAM_UNRANKED_5x5",
    "mapId": 12,
    "teamId": 200,
    "championId": 111,
    "spell1": 7,
    "spell2": 4,
    "level": 30,
    "ipEarned": 40,
    "createDate": 1399030354966,
    "fellowPlayers": [
      {
        "summonerId": 38775899,
        "teamId": 100,
        "championId": 17
      },
      {
        "summonerId": 36427023,
        "teamId": 200,
        "championId": 58
      },
      {
        "summonerId": 36366659,
        "teamId": 200,
        "championId": 25
      },
      {
        "summonerId": 34425691,
        "teamId": 200,
        "championId": 57
      },
      {
        "summonerId": 35566099,
        "teamId": 200,
        "championId": 78
      },
      {
        "summonerId": 24733272,
        "teamId": 100,
        "championId": 254
      },
      {
        "summonerId": 26024700,
        "teamId": 100,
        "championId": 12
      },
      {
        "summonerId": 25106861,
        "teamId": 100,
        "championId": 121
      },
      {
        "summonerId": 34830468,
        "teamId": 100,
        "championId": 79
      }
    ],
    "stats": {
      "level": 16,
      "goldEarned": 8876,
      "numDeaths": 5,
      "minionsKilled": 11,
      "championsKilled": 2,
      "goldSpent": 8545,
      "totalDamageDealt": 28953,
      "totalDamageTaken": 19820,
      "killingSprees": 1,
      "largestKillingSpree": 2,
      "team": 200,
      "win": false,
      "largestMultiKill": 1,
      "physicalDamageDealtPlayer": 7798,
      "magicDamageDealtPlayer": 21155,
      "physicalDamageTaken": 11332,
      "magicDamageTaken": 8487,
      "timePlayed": 1164,
      "totalHeal": 3729,
      "totalUnitsHealed": 4,
      "assists": 26,
      "item0": 3111,
      "item1": 3102,
      "item2": 1011,
      "item3": 3143,
      "magicDamageDealtToChampions": 10659,
      "physicalDamageDealtToChampions": 5911,
      "totalDamageDealtToChampions": 16571,
      "totalTimeCrowdControlDealt": 784
    }
  },
  "25106861": {
    "gameId": 825985410,
    "invalid": false,
    "gameMode": "ARAM",
    "gameType": "MATCHED_GAME",
    "subType": "ARAM_UNRANKED_5x5",
    "mapId": 12,
    "teamId": 100,
    "championId": 121,
    "spell1": 7,
    "spell2": 4,
    "level": 30,
    "ipEarned": 59,
    "createDate": 1399030354962,
    "fellowPlayers": [
      {
        "summonerId": 38775899,
        "teamId": 100,
        "championId": 17
      },
      {
        "summonerId": 36427023,
        "teamId": 200,
        "championId": 58
      },
      {
        "summonerId": 36366659,
        "teamId": 200,
        "championId": 25
      },
      {
        "summonerId": 35343388,
        "teamId": 200,
        "championId": 111
      },
      {
        "summonerId": 34425691,
        "teamId": 200,
        "championId": 57
      },
      {
        "summonerId": 35566099,
        "teamId": 200,
        "championId": 78
      },
      {
        "summonerId": 24733272,
        "teamId": 100,
        "championId": 254
      },
      {
        "summonerId": 26024700,
        "teamId": 100,
        "championId": 12
      },
      {
        "summonerId": 34830468,
        "teamId": 100,
        "championId": 79
      }
    ],
    "stats": {
      "level": 16,
      "goldEarned": 10602,
      "numDeaths": 7,
      "turretsKilled": 1,
      "minionsKilled": 38,
      "championsKilled": 14,
      "goldSpent": 9282,
      "totalDamageDealt": 53419,
      "totalDamageTaken": 23031,
      "doubleKills": 2,
      "killingSprees": 4,
      "largestKillingSpree": 4,
      "team": 100,
      "win": true,
      "largestMultiKill": 2,
      "physicalDamageDealtPlayer": 52165,
      "magicDamageDealtPlayer": 1253,
      "physicalDamageTaken": 7913,
      "magicDamageTaken": 15118,
      "timePlayed": 1164,
      "totalHeal": 5736,
      "totalUnitsHealed": 3,
      "assists": 17,
      "item0": 3074,
      "item1": 3155,
      "item2": 3158,
      "item3": 3134,
      "item4": 1037,
      "magicDamageDealtToChampions": 1253,
      "physicalDamageDealtToChampions": 24822,
      "totalDamageDealtToChampions": 26075,
      "totalTimeCrowdControlDealt": 241
    }
  },
  "36366659": {
    "gameId": 825985410,
    "invalid": false,
    "gameMode": "ARAM",
    "gameType": "MATCHED_GAME",
    "subType": "ARAM_UNRANKED_5x5",
    "mapId": 12,
    "teamId": 200,
    "championId": 25,
    "spell1": 14,
    "spell2": 4,
    "level": 30,
    "ipEarned": 40,
    "createDate": 1399030354969,
    "fellowPlayers": [
      {
        "summonerId": 38775899,
        "teamId": 100,
        "championId": 17
      },
      {
        "summonerId": 36427023,
        "teamId": 200,
        "championId": 58
      },
      {
        "summonerId": 35343388,
        "teamId": 200,
        "championId": 111
      },
      {
        "summonerId": 34425691,
        "teamId": 200,
        "championId": 57
      },
      {
        "summonerId": 35566099,
        "teamId": 200,
        "championId": 78
      },
      {
        "summonerId": 24733272,
        "teamId": 100,
        "championId": 254
      },
      {
        "summonerId": 26024700,
        "teamId": 100,
        "championId": 12
      },
      {
        "summonerId": 25106861,
        "teamId": 100,
        "championId": 121
      },
      {
        "summonerId": 34830468,
        "teamId": 100,
        "championId": 79
      }
    ],
    "stats": {
      "level": 15,
      "goldEarned": 9311,
      "numDeaths": 9,
      "minionsKilled": 26,
      "championsKilled": 6,
      "goldSpent": 8440,
      "totalDamageDealt": 39237,
      "totalDamageTaken": 24410,
      "killingSprees": 2,
      "largestKillingSpree": 2,
      "team": 200,
      "win": false,
      "largestMultiKill": 1,
      "physicalDamageDealtPlayer": 5944,
      "magicDamageDealtPlayer": 32825,
      "physicalDamageTaken": 10859,
      "magicDamageTaken": 13550,
      "timePlayed": 1164,
      "totalHeal": 2020,
      "totalUnitsHealed": 1,
      "assists": 20,
      "item0": 3157,
      "item1": 3027,
      "item2": 3020,
      "item3": 1026,
      "item6": 2052,
      "magicDamageDealtToChampions": 18832,
      "physicalDamageDealtToChampions": 4148,
      "totalDamageDealtToChampions": 23449,
      "trueDamageDealtPlayer": 468,
      "trueDamageDealtToChampions": 468,
      "totalTimeCrowdControlDealt": 149
    }
  },
  "36427023": {
    "gameId": 825985410,
    "invalid": false,
    "gameMode": "ARAM",
    "gameType": "MATCHED_GAME",
    "subType": "ARAM_UNRANKED_5x5",
    "mapId": 12,
    "teamId": 200,
    "championId": 58,
    "spell1": 4,
    "spell2": 7,
    "level": 30,
    "ipEarned": 40,
    "createDate": 1399030354970,
    "fellowPlayers": [
      {
        "summonerId": 38775899,
        "teamId": 100,
        "championId": 17
      },
      {
        "summonerId": 36366659,
        "teamId": 200,
        "championId": 25
      },
      {
        "summonerId": 35343388,
        "teamId": 200,
        "championId": 111
      },
      {
        "summonerId": 34425691,
        "teamId": 200,
        "championId": 57
      },
      {
        "summonerId": 35566099,
        "teamId": 200,
        "championId": 78
      },
      {
        "summonerId": 24733272,
        "teamId": 100,
        "championId": 254
      },
      {
        "summonerId": 26024700,
        "teamId": 100,
        "championId": 12
      },
      {
        "summonerId": 25106861,
        "teamId": 100,
        "championId": 121
      },
      {
        "summonerId": 34830468,
        "teamId": 100,
        "championId": 79
      }
    ],
    "stats": {
      "level": 15,
      "goldEarned": 9239,
      "numDeaths": 10,
      "minionsKilled": 30,
      "championsKilled": 8,
      "goldSpent": 8757,
      "totalDamageDealt": 40865,
      "totalDamageTaken": 33688,
      "doubleKills": 1,
      "killingSprees": 3,
      "largestKillingSpree": 2,
      "team": 200,
      "win": false,
      "largestMultiKill": 2,
      "physicalDamageDealtPlayer": 32506,
      "magicDamageDealtPlayer": 8358,
      "physicalDamageTaken": 17708,
      "magicDamageTaken": 15980,
      "timePlayed": 1164,
      "totalHeal": 3772,
      "totalUnitsHealed": 3,
      "assists": 13,
      "item0": 3111,
      "item1": 3065,
      "item2": 3068,
      "item3": 3134,
      "item4": 1028,
      "item6": 2052,
      "magicDamageDealtToChampions": 4374,
      "physicalDamageDealtToChampions": 17025,
      "totalDamageDealtToChampions": 21400,
      "totalTimeCrowdControlDealt": 29
    }
  },
  "24733272": {
    "gameId": 825985410,
    "invalid": false,
    "gameMode": "ARAM",
    "gameType": "MATCHED_GAME",
    "subType": "ARAM_UNRANKED_5x5",
    "mapId": 12,
    "teamId": 100,
    "championId": 254,
    "spell1": 21,
    "spell2": 7,
    "level": 30,
    "ipEarned": 59,
    "createDate": 1399030354963,
    "fellowPlayers": [
      {
        "summonerId": 38775899,
        "teamId": 100,
        "championId": 17
      },
      {
        "summonerId": 36427023,
        "teamId": 200,
        "championId": 58
      },
      {
        "summonerId": 36366659,
        "teamId": 200,
        "championId": 25
      },
      {
        "summonerId": 35343388,
        "teamId": 200,
        "championId": 111
      },
      {
        "summonerId": 34425691,
        "teamId": 200,
        "championId": 57
      },
      {
        "summonerId": 35566099,
        "teamId": 200,
        "championId": 78
      },
      {
        "summonerId": 26024700,
        "teamId": 100,
        "championId": 12
      },
      {
        "summonerId": 25106861,
        "teamId": 100,
        "championId": 121
      },
      {
        "summonerId": 34830468,
        "teamId": 100,
        "championId": 79
      }
    ],
    "stats": {
      "level": 16,
      "goldEarned": 10612,
      "numDeaths": 9,
      "minionsKilled": 30,
      "championsKilled": 11,
      "goldSpent": 9673,
      "totalDamageDealt": 42835,
      "totalDamageTaken": 23043,
      "doubleKills": 2,
      "killingSprees": 2,
      "largestKillingSpree": 4,
      "team": 100,
      "win": true,
      "largestMultiKill": 2,
      "physicalDamageDealtPlayer": 42835,
      "physicalDamageTaken": 8248,
      "magicDamageTaken": 14415,
      "largestCriticalStrike": 435,
      "timePlayed": 1164,
      "totalHeal": 2559,
      "totalUnitsHealed": 4,
      "assists": 25,
      "item0": 3078,
      "item1": 3071,
      "item2": 3155,
      "item4": 3111,
      "physicalDamageDealtToChampions": 20737,
      "totalDamageDealtToChampions": 20737,
      "trueDamageTaken": 380,
      "totalTimeCrowdControlDealt": 107
    }
  },
  "34425691": {
    "gameId": 825985410,
    "invalid": false,
    "gameMode": "ARAM",
    "gameType": "MATCHED_GAME",
    "subType": "ARAM_UNRANKED_5x5",
    "mapId": 12,
    "teamId": 200,
    "championId": 57,
    "spell1": 14,
    "spell2": 21,
    "level": 30,
    "ipEarned": 40,
    "createDate": 1399030354965,
    "fellowPlayers": [
      {
        "summonerId": 38775899,
        "teamId": 100,
        "championId": 17
      },
      {
        "summonerId": 36427023,
        "teamId": 200,
        "championId": 58
      },
      {
        "summonerId": 36366659,
        "teamId": 200,
        "championId": 25
      },
      {
        "summonerId": 35343388,
        "teamId": 200,
        "championId": 111
      },
      {
        "summonerId": 35566099,
        "teamId": 200,
        "championId": 78
      },
      {
        "summonerId": 24733272,
        "teamId": 100,
        "championId": 254
      },
      {
        "summonerId": 26024700,
        "teamId": 100,
        "championId": 12
      },
      {
        "summonerId": 25106861,
        "teamId": 100,
        "championId": 121
      },
      {
        "summonerId": 34830468,
        "teamId": 100,
        "championId": 79
      }
    ],
    "stats": {
      "level": 16,
      "goldEarned": 10364,
      "numDeaths": 12,
      "minionsKilled": 58,
      "championsKilled": 13,
      "goldSpent": 9895,
      "totalDamageDealt": 71895,
      "totalDamageTaken": 27001,
      "doubleKills": 3,
      "killingSprees": 3,
      "largestKillingSpree": 4,
      "team": 200,
      "win": false,
      "largestMultiKill": 2,
      "physicalDamageDealtPlayer": 2639,
      "magicDamageDealtPlayer": 68606,
      "physicalDamageTaken": 12189,
      "magicDamageTaken": 14812,
      "timePlayed": 1164,
      "totalHeal": 2621,
      "totalUnitsHealed": 1,
      "assists": 13,
      "item0": 3003,
      "item2": 1026,
      "item3": 3165,
      "item4": 3116,
      "item5": 3111,
      "magicDamageDealtToChampions": 28487,
      "physicalDamageDealtToChampions": 2033,
      "totalDamageDealtToChampions": 31170,
      "trueDamageDealtPlayer": 650,
      "trueDamageDealtToChampions": 650,
      "totalTimeCrowdControlDealt": 334
    }
  }
}