{
  "20144764": {
    "gameId": 825985414,
    "invalid": false,
    "gameMode": "CLASSIC",
    "gameType": "MATCHED_GAME",
    "subType": "RANKED_SOLO_5x5",
    "mapId": 1,
    "teamId": 100,
    "championId": 67,
    "spell1": 4,
    "spell2": 21,
    "level": 30,
    "ipEarned": 96,
    "createDate": 1399031683531,
    "fellowPlayers": [
      {
        "summonerId": 41598502,
        "teamId": 200,
        "championId": 119
      },
      {
        "summonerId": 24670419,
        "teamId": 100,
        "championId": 84
      },
      {
        "summonerId": 25932398,
        "teamId": 100,
        "championId": 157
      },
      {
        "summonerId": 34434729,
        "teamId": 200,
        "championId": 4
      },
      {
        "summonerId": 37085255,
        "teamId": 200,
        "championId": 64
      },
      {
        "summonerId": 40096253,
        "teamId": 200,
        "championId": 106
      },
      {
        "summonerId": 27464378,
        "teamId": 100,
        "championId": 11
      },
      {
        "summonerId": 35516649,
        "teamId": 200,
        "championId": 13
      },
      {
        "summonerId": 41188226,
        "teamId": 100,
        "championId": 12
      }
    ],
    "stats": {
      "level": 17,
      "goldEarned": 13884,
      "numDeaths": 7,
      "barracksKilled": 1,
      "turretsKilled": 2,
      "minionsKilled": 150,
      "championsKilled": 12,
      "goldSpent": 11650,
      "totalDamageDealt": 111863,
      "totalDamageTaken": 25090,
      "doubleKills": 2,
      "tripleKills": 1,
      "killingSprees": 3,
      "largestKillingSpree": 5,
      "team": 100,
      "win": true,
      "neutralMinionsKilled": 9,
      "largestMultiKill": 3,
      "physicalDamageDealtPlayer": 97038,
      "magicDamageDealtPlayer": 127,
      "physicalDamageTaken": 12914,
      "magicDamageTaken": 11155,
      "largestCriticalStrike": 644,
      "timePlayed": 2076,
      "totalHeal": 2360,
      "totalUnitsHealed": 1,
      "assists": 9,
      "item0": 3111,
      "item1": 3153,
      "item2": 3046,
      "item3": 3031,
      "item4": 1055,
      "item6": 3340,
      "magicDamageDealtToChampions": 127,
      "physicalDamageDealtToChampions": 24380,
      "totalDamageDealtToChampions": 32500,
      "trueDamageDealtPlayer": 14697,
      "trueDamageDealtToChampions": 7992,
      "trueDamageTaken": 1020,
      "wardPlaced": 4,
      "neutralMinionsKilledYourJungle": 9,
      "totalTimeCrowdControlDealt": 114
    }
  },
  "summonerCount": 10,
  "27464378": {
    "gameId": 825985414,
    "invalid": false,
    "gameMode": "CLASSIC",
    "gameType": "MATCHED_GAME",
    "subType": "RANKED_SOLO_5x5",
    "mapId": 1,
    "teamId": 100,
    "championId": 11,
    "spell1": 4,
    "spell2": 11,
    "level": 30,
    "ipEarned": 96,
    "createDate": 1399031683533,
    "fellowPlayers": [
      {
        "summonerId": 20144764,
        "teamId": 100,
        "championId": 67
      },
      {
        "summonerId": 41598502,
        "teamId": 200,
        "championId": 119
      },
      {
        "summonerId": 24670419,
        "teamId": 100,
        "championId": 84
      },
      {
        "summonerId": 25932398,
        "teamId": 100,
        "championId": 157
      },
      {
        "summonerId": 34434729,
        "teamId": 200,
        "championId": 4
      },
      {
        "summonerId": 37085255,
        "teamId": 200,
        "championId": 64
      },
      {
        "summonerId": 40096253,
        "teamId": 200,
        "championId": 106
      },
      {
        "summonerId": 35516649,
        "teamId": 200,
        "championId": 13
      },
      {
        "summonerId": 41188226,
        "teamId": 100,
        "championId": 12
      }
    ],
    "stats": {
      "level": 17,
      "goldEarned": 14644,
      "numDeaths": 10,
      "turretsKilled": 3,
      "minionsKilled": 63,
      "championsKilled": 13,
      "goldSpent": 13755,
      "totalDamageDealt": 186100,
      "totalDamageTaken": 30210,
      "doubleKills": 3,
      "tripleKills": 1,
      "killingSprees": 3,
      "largestKillingSpree": 3,
      "team": 100,
      "win": true,
      "neutralMinionsKilled": 87,
      "largestMultiKill": 3,
      "physicalDamageDealtPlayer": 133148,
      "magicDamageDealtPlayer": 24717,
      "physicalDamageTaken": 18619,
      "magicDamageTaken": 10735,
      "largestCriticalStrike": 728,
      "timePlayed": 2076,
      "totalHeal": 4943,
      "totalUnitsHealed": 1,
      "assists": 7,
      "item0": 3087,
      "item1": 3153,
      "item2": 3031,
      "item3": 1053,
      "item4": 3254,
      "item5": 3160,
      "item6": 3341,
      "magicDamageDealtToChampions": 1331,
      "physicalDamageDealtToChampions": 23123,
      "totalDamageDealtToChampions": 29949,
      "trueDamageDealtPlayer": 28234,
      "trueDamageDealtToChampions": 5494,
      "trueDamageTaken": 855,
      "wardKilled": 2,
      "wardPlaced": 7,
      "neutralMinionsKilledEnemyJungle": 31,
      "neutralMinionsKilledYourJungle": 56,
      "totalTimeCrowdControlDealt": 591
    }
  },
  "40096253": {
    "gameId": 825985414,
    "invalid": false,
    "gameMode": "CLASSIC",
    "gameType": "MATCHED_GAME",
    "subType": "RANKED_SOLO_5x5",
    "mapId": 1,
    "teamId": 200,
    "championId": 106,
    "spell1": 14,
    "spell2": 4,
    "level": 30,
    "ipEarned": 64,
    "createDate": 1399031683538,
    "fellowPlayers": [
      {
        "summonerId": 20144764,
        "teamId": 100,
        "championId": 67
      },
      {
        "summonerId": 41598502,
        "teamId": 200,
        "championId": 119
      },
      {
        "summonerId": 24670419,
        "teamId": 100,
        "championId": 84
      },
      {
        "summonerId": 25932398,
        "teamId": 100,
        "championId": 157
      },
      {
        "summonerId": 34434729,
        "teamId": 200,
        "championId": 4
      },
      {
        "summonerId": 37085255,
        "teamId": 200,
        "championId": 64
      },
      {
        "summonerId": 27464378,
        "teamId": 100,
        "championId": 11
      },
      {
        "summonerId": 35516649,
        "teamId": 200,
        "championId": 13
      },
      {
        "summonerId": 41188226,
        "teamId": 100,
        "championId": 12
      }
    ],
    "stats": {
      "level": 15,
      "goldEarned": 10681,
      "numDeaths": 5,
      "minionsKilled": 109,
      "championsKilled": 9,
      "goldSpent": 9800,
      "totalDamageDealt": 61735,
      "totalDamageTaken": 36795,
      "killingSprees": 3,
      "largestKillingSpree": 3,
      "team": 200,
      "win": false,
      "largestMultiKill": 1,
      "physicalDamageDealtPlayer": 44178,
      "magicDamageDealtPlayer": 16327,
      "physicalDamageTaken": 25440,
      "magicDamageTaken": 6321,
      "timePlayed": 2076,
      "totalHeal": 2749,
      "totalUnitsHealed": 1,
      "assists": 11,
      "item0": 3143,
      "item1": 3065,
      "item2": 1054,
      "item3": 3265,
      "item4": 1028,
      "item5": 1011,
      "item6": 3340,
      "sightWardsBought": 1,
      "magicDamageDealtToChampions": 4720,
      "physicalDamageDealtToChampions": 10147,
      "totalDamageDealtToChampions": 15738,
      "trueDamageDealtPlayer": 1230,
      "trueDamageDealtToChampions": 870,
      "trueDamageTaken": 5033,
      "wardPlaced": 9,
      "totalTimeCrowdControlDealt": 1112
    }
  },
  "41598502": {
    "gameId": 825985414,
    "invalid": false,
    "gameMode": "CLASSIC",
    "gameType": "MATCHED_GAME",
    "subType": "RANKED_SOLO_5x5",
    "mapId": 1,
    "teamId": 200,
    "championId": 119,
    "spell1": 4,
    "spell2": 21,
    "level": 30,
    "ipEarned": 64,
    "createDate": 1399031683542,
    "fellowPlayers": [
      {
        "summonerId": 20144764,
        "teamId": 100,
        "championId": 67
      },
      {
        "summonerId": 24670419,
        "teamId": 100,
        "championId": 84
      },
      {
        "summonerId": 25932398,
        "teamId": 100,
        "championId": 157
      },
      {
        "summonerId": 34434729,
        "teamId": 200,
        "championId": 4
      },
      {
        "summonerId": 37085255,
        "teamId": 200,
        "championId": 64
      },
      {
        "summonerId": 40096253,
        "teamId": 200,
        "championId": 106
      },
      {
        "summonerId": 27464378,
        "teamId": 100,
        "championId": 11
      },
      {
        "summonerId": 35516649,
        "teamId": 200,
        "championId": 13
      },
      {
        "summonerId": 41188226,
        "teamId": 100,
        "championId": 12
      }
    ],
    "stats": {
      "level": 15,
      "goldEarned": 11438,
      "numDeaths": 9,
      "turretsKilled": 2,
      "minionsKilled": 122,
      "championsKilled": 8,
      "goldSpent": 11290,
      "totalDamageDealt": 99387,
      "totalDamageTaken": 23177,
      "killingSprees": 1,
      "largestKillingSpree": 4,
      "team": 200,
      "win": false,
      "neutralMinionsKilled": 5,
      "largestMultiKill": 1,
      "physicalDamageDealtPlayer": 98971,
      "physicalDamageTaken": 17075,
      "magicDamageTaken": 4628,
      "largestCriticalStrike": 810,
      "timePlayed": 2076,
      "totalHeal": 214,
      "totalUnitsHealed": 1,
      "assists": 7,
      "item0": 3072,
      "item1": 2003,
      "item2": 3250,
      "item3": 3035,
      "item4": 3031,
      "item6": 3340,
      "physicalDamageDealtToChampions": 20199,
      "totalDamageDealtToChampions": 20519,
      "trueDamageDealtPlayer": 416,
      "trueDamageDealtToChampions": 320,
      "trueDamageTaken": 1473,
      "wardPlaced": 5,
      "neutralMinionsKilledEnemyJungle": 1,
      "neutralMinionsKilledYourJungle": 4,
      "totalTimeCrowdControlDealt": 184
    }
  },
  "35516649": {
    "gameId": 825985414,
    "invalid": false,
    "gameMode": "CLASSIC",
    "gameType": "MATCHED_GAME",
    "subType": "RANKED_SOLO_5x5",
    "mapId": 1,
    "teamId": 200,
    "championId": 13,
    "spell1": 4,
    "spell2": 14,
    "level": 30,
    "ipEarned": 64,
    "createDate": 1399031683544,
    "fellowPlayers": [
      {
        "summonerId": 20144764,
        "teamId": 100,
        "championId": 67
      },
      {
        "summonerId": 41598502,
        "teamId": 200,
        "championId": 119
      },
      {
        "summonerId": 24670419,
        "teamId": 100,
        "championId": 84
      },
      {
        "summonerId": 25932398,
        "teamId": 100,
        "championId": 157
      },
      {
        "summonerId": 34434729,
        "teamId": 200,
        "championId": 4
      },
      {
        "summonerId": 37085255,
        "teamId": 200,
        "championId": 64
      },
      {
        "summonerId": 40096253,
        "teamId": 200,
        "championId": 106
      },
      {
        "summonerId": 27464378,
        "teamId": 100,
        "championId": 11
      },
      {
        "summonerId": 41188226,
        "teamId": 100,
        "championId": 12
      }
    ],
    "stats": {
      "level": 17,
      "goldEarned": 12072,
      "numDeaths": 11,
      "minionsKilled": 121,
      "championsKilled": 10,
      "goldSpent": 12670,
      "totalDamageDealt": 107652,
      "totalDamageTaken": 34700,
      "doubleKills": 1,
      "killingSprees": 3,
      "largestKillingSpree": 3,
      "team": 200,
      "win": false,
      "neutralMinionsKilled": 9,
      "largestMultiKill": 2,
      "physicalDamageDealtPlayer": 10551,
      "magicDamageDealtPlayer": 95947,
      "physicalDamageTaken": 25760,
      "magicDamageTaken": 4676,
      "timePlayed": 2076,
      "totalHeal": 992,
      "totalUnitsHealed": 1,
      "assists": 13,
      "item0": 3027,
      "item1": 3040,
      "item2": 3255,
      "item3": 3152,
      "item4": 3211,
      "item6": 3340,
      "magicDamageDealtToChampions": 30487,
      "physicalDamageDealtToChampions": 2119,
      "totalDamageDealtToChampions": 33760,
      "trueDamageDealtPlayer": 1154,
      "trueDamageDealtToChampions": 1154,
      "trueDamageTaken": 4263,
      "wardPlaced": 6,
      "neutralMinionsKilledYourJungle": 9,
      "totalTimeCrowdControlDealt": 90
    }
  },
  "24670419": {
    "gameId": 825985414,
    "invalid": false,
    "gameMode": "CLASSIC",
    "gameType": "MATCHED_GAME",
    "subType": "RANKED_SOLO_5x5",
    "mapId": 1,
    "teamId": 100,
    "championId": 84,
    "spell1": 4,
    "spell2": 14,
    "level": 30,
    "ipEarned": 246,
    "createDate": 1399031683535,
    "fellowPlayers": [
      {
        "summonerId": 20144764,
        "teamId": 100,
        "championId": 67
      },
      {
        "summonerId": 41598502,
        "teamId": 200,
        "championId": 119
      },
      {
        "summonerId": 25932398,
        "teamId": 100,
        "championId": 157
      },
      {
        "summonerId": 34434729,
        "teamId": 200,
        "championId": 4
      },
      {
        "summonerId": 37085255,
        "teamId": 200,
        "championId": 64
      },
      {
        "summonerId": 40096253,
        "teamId": 200,
        "championId": 106
      },
      {
        "summonerId": 27464378,
        "teamId": 100,
        "championId": 11
      },
      {
        "summonerId": 35516649,
        "teamId": 200,
        "championId": 13
      },
      {
        "summonerId": 41188226,
        "teamId": 100,
        "championId": 12
      }
    ],
    "stats": {
      "level": 17,
      "goldEarned": 13541,
      "numDeaths": 6,
      "turretsKilled": 2,
      "minionsKilled": 125,
      "championsKilled": 12,
      "goldSpent": 13220,
      "totalDamageDealt": 86808,
      "totalDamageTaken": 22679,
      "doubleKills": 2,
      "killingSprees": 3,
      "largestKillingSpree": 6,
      "team": 100,
      "win": true,
      "neutralMinionsKilled": 5,
      "largestMultiKill": 2,
      "physicalDamageDealtPlayer": 47999,
      "magicDamageDealtPlayer": 38490,
      "physicalDamageTaken": 12519,
      "magicDamageTaken": 9855,
      "timePlayed": 2076,
      "totalHeal": 580,
      "totalUnitsHealed": 1,
      "assists": 12,
      "item0": 3146,
      "item1": 3157,
      "item2": 2003,
      "item3": 3255,
      "item4": 3089,
      "item5": 1011,
      "item6": 3340,
      "magicDamageDealtToChampions": 15784,
      "physicalDamageDealtToChampions": 5383,
      "totalDamageDealtToChampions": 21286,
      "trueDamageDealtPlayer": 318,
      "trueDamageDealtToChampions": 118,
      "trueDamageTaken": 304,
      "wardPlaced": 5,
      "neutralMinionsKilledEnemyJungle": 2,
      "neutralMinionsKilledYourJungle": 3,
      "totalTimeCrowdControlDealt": 391
    }
  },
  "37085255": {
    "gameId": 825985414,
    "invalid": false,
    "gameMode": "CLASSIC",
    "gameType": "MATCHED_GAME",
    "subType": "RANKED_SOLO_5x5",
    "mapId": 1,
    "teamId": 200,
    "championId": 64,
    "spell1": 4,
    "spell2": 11,
    "level": 30,
    "ipEarned": 64,
    "createDate": 1399031683540,
    "fellowPlayers": [
      {
        "summonerId": 20144764,
        "teamId": 100,
        "championId": 67
      },
      {
        "summonerId": 41598502,
        "teamId": 200,
        "championId": 119
      },
      {
        "summonerId": 24670419,
        "teamId": 100,
        "championId": 84
      },
      {
        "summonerId": 25932398,
        "teamId": 100,
        "championId": 157
      },
      {
        "summonerId": 34434729,
        "teamId": 200,
        "championId": 4
      },
      {
        "summonerId": 40096253,
        "teamId": 200,
        "championId": 106
      },
      {
        "summonerId": 27464378,
        "teamId": 100,
        "championId": 11
      },
      {
        "summonerId": 35516649,
        "teamId": 200,
        "championId": 13
      },
      {
        "summonerId": 41188226,
        "teamId": 100,
        "championId": 12
      }
    ],
    "stats": {
      "level": 15,
      "goldEarned": 8984,
      "numDeaths": 11,
      "minionsKilled": 36,
      "championsKilled": 4,
      "goldSpent": 8005,
      "totalDamageDealt": 79163,
      "totalDamageTaken": 30685,
      "team": 200,
      "win": false,
      "neutralMinionsKilled": 51,
      "largestMultiKill": 1,
      "physicalDamageDealtPlayer": 49846,
      "magicDamageDealtPlayer": 19536,
      "physicalDamageTaken": 24678,
      "magicDamageTaken": 3303,
      "timePlayed": 2076,
      "totalHeal": 2273,
      "totalUnitsHealed": 1,
      "assists": 10,
      "item0": 3209,
      "item1": 2003,
      "item2": 1011,
      "item3": 3065,
      "item4": 3082,
      "item5": 3117,
      "item6": 3340,
      "magicDamageDealtToChampions": 1985,
      "physicalDamageDealtToChampions": 7844,
      "totalDamageDealtToChampions": 10803,
      "trueDamageDealtPlayer": 9780,
      "trueDamageDealtToChampions": 973,
      "trueDamageTaken": 2703,
      "wardPlaced": 11,
      "neutralMinionsKilledEnemyJungle": 7,
      "neutralMinionsKilledYourJungle": 44,
      "totalTimeCrowdControlDealt": 734
    }
  },
  "41188226": {
    "gameId": 825985414,
    "invalid": false,
    "gameMode": "CLASSIC",
    "gameType": "MATCHED_GAME",
    "subType": "RANKED_SOLO_5x5",
    "mapId": 1,
    "teamId": 100,
    "championId": 12,
    "spell1": 7,
    "spell2": 4,
    "level": 30,
    "ipEarned": 96,
    "createDate": 1399031683536,
    "fellowPlayers": [
      {
        "summonerId": 20144764,
        "teamId": 100,
        "championId": 67
      },
      {
        "summonerId": 41598502,
        "teamId": 200,
        "championId": 119
      },
      {
        "summonerId": 24670419,
        "teamId": 100,
        "championId": 84
      },
      {
        "summonerId": 25932398,
        "teamId": 100,
        "championId": 157
      },
      {
        "summonerId": 34434729,
        "teamId": 200,
        "championId": 4
      },
      {
        "summonerId": 37085255,
        "teamId": 200,
        "championId": 64
      },
      {
        "summonerId": 40096253,
        "teamId": 200,
        "championId": 106
      },
      {
        "summonerId": 27464378,
        "teamId": 100,
        "championId": 11
      },
      {
        "summonerId": 35516649,
        "teamId": 200,
        "championId": 13
      }
    ],
    "stats": {
      "level": 15,
      "goldEarned": 10775,
      "numDeaths": 5,
      "turretsKilled": 1,
      "minionsKilled": 9,
      "championsKilled": 2,
      "goldSpent": 9320,
      "totalDamageDealt": 21237,
      "totalDamageTaken": 24575,
      "team": 100,
      "win": true,
      "largestMultiKill": 1,
      "physicalDamageDealtPlayer": 10161,
      "magicDamageDealtPlayer": 11076,
      "physicalDamageTaken": 12660,
      "magicDamageTaken": 10995,
      "timePlayed": 2076,
      "totalHeal": 7543,
      "totalUnitsHealed": 30,
      "assists": 20,
      "item0": 3069,
      "item1": 3143,
      "item2": 3065,
      "item3": 2049,
      "item6": 3340,
      "sightWardsBought": 2,
      "magicDamageDealtToChampions": 5317,
      "physicalDamageDealtToChampions": 2479,
      "totalDamageDealtToChampions": 7796,
      "trueDamageTaken": 919,
      "wardPlaced": 9,
      "totalTimeCrowdControlDealt": 186
    }
  },
  "34434729": {
    "gameId": 825985414,
    "invalid": false,
    "gameMode": "CLASSIC",
    "gameType": "MATCHED_GAME",
    "subType": "RANKED_SOLO_5x5",
    "mapId": 1,
    "teamId": 200,
    "championId": 4,
    "spell1": 14,
    "spell2": 4,
    "level": 30,
    "ipEarned": 64,
    "createDate": 1399031683541,
    "fellowPlayers": [
      {
        "summonerId": 20144764,
        "teamId": 100,
        "championId": 67
      },
      {
        "summonerId": 41598502,
        "teamId": 200,
        "championId": 119
      },
      {
        "summonerId": 24670419,
        "teamId": 100,
        "championId": 84
      },
      {
        "summonerId": 25932398,
        "teamId": 100,
        "championId": 157
      },
      {
        "summonerId": 37085255,
        "teamId": 200,
        "championId": 64
      },
      {
        "summonerId": 40096253,
        "teamId": 200,
        "championId": 106
      },
      {
        "summonerId": 27464378,
        "teamId": 100,
        "championId": 11
      },
      {
        "summonerId": 35516649,
        "teamId": 200,
        "championId": 13
      },
      {
        "summonerId": 41188226,
        "teamId": 100,
        "championId": 12
      }
    ],
    "stats": {
      "level": 14,
      "goldEarned": 9282,
      "numDeaths": 14,
      "minionsKilled": 65,
      "championsKilled": 6,
      "goldSpent": 10380,
      "totalDamageDealt": 61847,
      "totalDamageTaken": 25896,
      "killingSprees": 2,
      "largestKillingSpree": 2,
      "team": 200,
      "win": false,
      "largestMultiKill": 1,
      "physicalDamageDealtPlayer": 7881,
      "magicDamageDealtPlayer": 53524,
      "physicalDamageTaken": 17873,
      "magicDamageTaken": 6134,
      "timePlayed": 2076,
      "totalHeal": 659,
      "totalUnitsHealed": 1,
      "assists": 10,
      "item0": 3020,
      "item1": 3100,
      "item2": 3027,
      "item3": 1026,
      "item6": 3340,
      "magicDamageDealtToChampions": 15582,
      "physicalDamageDealtToChampions": 1424,
      "totalDamageDealtToChampions": 17417,
      "trueDamageDealtPlayer": 442,
      "trueDamageDealtToChampions": 410,
      "trueDamageTaken": 1888,
      "wardPlaced": 8,
      "totalTimeCrowdControlDealt": 198
    }
  },
  "25932398": {
    "gameId": 825985414,
    "invalid": false,
    "gameMode": "CLASSIC",
    "gameType": "MATCHED_GAME",
    "subType": "RANKED_SOLO_5x5",
    "mapId": 1,
    "teamId": 100,
    "championId": 157,
    "spell1": 4,
    "spell2": 14,
    "level": 30,
    "ipEarned": 96,
    "createDate": 1399031683537,
    "fellowPlayers": [
      {
        "summonerId": 20144764,
        "teamId": 100,
        "championId": 67
      },
      {
        "summonerId": 41598502,
        "teamId": 200,
        "championId": 119
      },
      {
        "summonerId": 24670419,
        "teamId": 100,
        "championId": 84
      },
      {
        "summonerId": 34434729,
        "teamId": 200,
        "championId": 4
      },
      {
        "summonerId": 37085255,
        "teamId": 200,
        "championId": 64
      },
      {
        "summonerId": 40096253,
        "teamId": 200,
        "championId": 106
      },
      {
        "summonerId": 27464378,
        "teamId": 100,
        "championId": 11
      },
      {
        "summonerId": 35516649,
        "teamId": 200,
        "championId": 13
      },
      {
        "summonerId": 41188226,
        "teamId": 100,
        "championId": 12
      }
    ],
    "stats": {
      "level": 17,
      "goldEarned": 15317,
      "numDeaths": 9,
      "barracksKilled": 1,
      "turretsKilled": 2,
      "minionsKilled": 203,
      "championsKilled": 11,
      "goldSpent": 14315,
      "totalDamageDealt": 183992,
      "totalDamageTaken": 28448,
      "killingSprees": 3,
      "largestKillingSpree": 3,
      "team": 100,
      "win": true,
      "neutralMinionsKilled": 15,
      "largestMultiKill": 1,
      "physicalDamageDealtPlayer": 168692,
      "magicDamageDealtPlayer": 13249,
      "physicalDamageTaken": 17576,
      "magicDamageTaken": 10035,
      "largestCriticalStrike": 632,
      "timePlayed": 2076,
      "totalHeal": 2422,
      "totalUnitsHealed": 1,
      "assists": 11,
      "item0": 3153,
      "item1": 3074,
      "item2": 3006,
      "item3": 3031,
      "item4": 3087,
      "item6": 3340,
      "magicDamageDealtToChampions": 2503,
      "physicalDamageDealtToChampions": 28844,
      "totalDamageDealtToChampions": 33105,
      "trueDamageDealtPlayer": 2050,
      "trueDamageDealtToChampions": 1758,
      "trueDamageTaken": 837,
      "wardPlaced": 13,
      "neutralMinionsKilledEnemyJungle": 4,
      "neutralMinionsKilledYourJungle": 11,
      "totalTimeCrowdControlDealt": 280
    }
  }
}