{
  "30796702": {
    "gameId": 825976394,
    "invalid": false,
    "gameMode": "CLASSIC",
    "gameType": "MATCHED_GAME",
    "subType": "RANKED_SOLO_5x5",
    "mapId": 1,
    "teamId": 100,
    "championId": 81,
    "spell1": 4,
    "spell2": 7,
    "level": 30,
    "ipEarned": 67,
    "createDate": 1399031535993,
    "fellowPlayers": [
      {
        "summonerId": 30060671,
        "teamId": 100,
        "championId": 24
      },
      {
        "summonerId": 26384517,
        "teamId": 200,
        "championId": 19
      },
      {
        "summonerId": 28074671,
        "teamId": 100,
        "championId": 51
      },
      {
        "summonerId": 34814453,
        "teamId": 100,
        "championId": 102
      },
      {
        "summonerId": 26634424,
        "teamId": 200,
        "championId": 29
      },
      {
        "summonerId": 26387856,
        "teamId": 200,
        "championId": 53
      },
      {
        "summonerId": 32053152,
        "teamId": 100,
        "championId": 4
      },
      {
        "summonerId": 36015343,
        "teamId": 200,
        "championId": 55
      },
      {
        "summonerId": 23155051,
        "teamId": 200,
        "championId": 39
      }
    ],
    "stats": {
      "level": 16,
      "goldEarned": 11483,
      "numDeaths": 6,
      "minionsKilled": 107,
      "championsKilled": 7,
      "goldSpent": 11305,
      "totalDamageDealt": 91572,
      "totalDamageTaken": 18389,
      "killingSprees": 1,
      "largestKillingSpree": 3,
      "team": 100,
      "win": false,
      "neutralMinionsKilled": 2,
      "largestMultiKill": 1,
      "physicalDamageDealtPlayer": 31796,
      "magicDamageDealtPlayer": 59776,
      "physicalDamageTaken": 6995,
      "magicDamageTaken": 9772,
      "timePlayed": 2180,
      "totalHeal": 2357,
      "totalUnitsHealed": 3,
      "assists": 17,
      "item0": 3089,
      "item1": 3157,
      "item2": 3020,
      "item3": 3174,
      "item4": 1052,
      "item6": 3340,
      "magicDamageDealtToChampions": 22654,
      "physicalDamageDealtToChampions": 5401,
      "totalDamageDealtToChampions": 28056,
      "trueDamageTaken": 1621,
      "wardPlaced": 5,
      "neutralMinionsKilledYourJungle": 2,
      "totalTimeCrowdControlDealt": 3
    }
  },
  "summonerCount": 10,
  "30060671": {
    "gameId": 825976394,
    "invalid": false,
    "gameMode": "CLASSIC",
    "gameType": "MATCHED_GAME",
    "subType": "RANKED_SOLO_5x5",
    "mapId": 1,
    "teamId": 100,
    "championId": 24,
    "spell1": 4,
    "spell2": 14,
    "level": 30,
    "ipEarned": 67,
    "createDate": 1399031535990,
    "fellowPlayers": [
      {
        "summonerId": 26384517,
        "teamId": 200,
        "championId": 19
      },
      {
        "summonerId": 28074671,
        "teamId": 100,
        "championId": 51
      },
      {
        "summonerId": 34814453,
        "teamId": 100,
        "championId": 102
      },
      {
        "summonerId": 26634424,
        "teamId": 200,
        "championId": 29
      },
      {
        "summonerId": 30796702,
        "teamId": 100,
        "championId": 81
      },
      {
        "summonerId": 26387856,
        "teamId": 200,
        "championId": 53
      },
      {
        "summonerId": 32053152,
        "teamId": 100,
        "championId": 4
      },
      {
        "summonerId": 36015343,
        "teamId": 200,
        "championId": 55
      },
      {
        "summonerId": 23155051,
        "teamId": 200,
        "championId": 39
      }
    ],
    "stats": {
      "level": 16,
      "goldEarned": 11661,
      "numDeaths": 9,
      "turretsKilled": 1,
      "minionsKilled": 184,
      "championsKilled": 6,
      "goldSpent": 10843,
      "totalDamageDealt": 95407,
      "totalDamageTaken": 34663,
      "doubleKills": 1,
      "killingSprees": 2,
      "largestKillingSpree": 2,
      "team": 100,
      "win": false,
      "neutralMinionsKilled": 1,
      "largestMultiKill": 2,
      "physicalDamageDealtPlayer": 79781,
      "magicDamageDealtPlayer": 15006,
      "physicalDamageTaken": 14743,
      "magicDamageTaken": 15497,
      "largestCriticalStrike": 338,
      "timePlayed": 2180,
      "totalHeal": 4795,
      "totalUnitsHealed": 1,
      "assists": 9,
      "item0": 1055,
      "item1": 3047,
      "item2": 3153,
      "item3": 3078,
      "item4": 1011,
      "item5": 3082,
      "item6": 3340,
      "sightWardsBought": 2,
      "magicDamageDealtToChampions": 3683,
      "physicalDamageDealtToChampions": 12124,
      "totalDamageDealtToChampions": 16289,
      "trueDamageDealtPlayer": 619,
      "trueDamageDealtToChampions": 481,
      "trueDamageTaken": 4423,
      "wardPlaced": 9,
      "neutralMinionsKilledEnemyJungle": 1,
      "totalTimeCrowdControlDealt": 283
    }
  },
  "36015343": {
    "gameId": 825976394,
    "invalid": false,
    "gameMode": "CLASSIC",
    "gameType": "MATCHED_GAME",
    "subType": "RANKED_SOLO_5x5",
    "mapId": 1,
    "teamId": 200,
    "championId": 55,
    "spell1": 14,
    "spell2": 4,
    "level": 30,
    "ipEarned": 251,
    "createDate": 1399031535996,
    "fellowPlayers": [
      {
        "summonerId": 30060671,
        "teamId": 100,
        "championId": 24
      },
      {
        "summonerId": 26384517,
        "teamId": 200,
        "championId": 19
      },
      {
        "summonerId": 28074671,
        "teamId": 100,
        "championId": 51
      },
      {
        "summonerId": 34814453,
        "teamId": 100,
        "championId": 102
      },
      {
        "summonerId": 26634424,
        "teamId": 200,
        "championId": 29
      },
      {
        "summonerId": 30796702,
        "teamId": 100,
        "championId": 81
      },
      {
        "summonerId": 26387856,
        "teamId": 200,
        "championId": 53
      },
      {
        "summonerId": 32053152,
        "teamId": 100,
        "championId": 4
      },
      {
        "summonerId": 23155051,
        "teamId": 200,
        "championId": 39
      }
    ],
    "stats": {
      "level": 17,
      "goldEarned": 13678,
      "numDeaths": 6,
      "minionsKilled": 136,
      "championsKilled": 12,
      "goldSpent": 11720,
      "totalDamageDealt": 117772,
      "totalDamageTaken": 22456,
      "doubleKills": 3,
      "tripleKills": 2,
      "killingSprees": 3,
      "largestKillingSpree": 6,
      "team": 200,
      "win": true,
      "neutralMinionsKilled": 3,
      "largestMultiKill": 3,
      "physicalDamageDealtPlayer": 15369,
      "magicDamageDealtPlayer": 101293,
      "physicalDamageTaken": 9981,
      "magicDamageTaken": 11647,
      "timePlayed": 2180,
      "totalHeal": 728,
      "totalUnitsHealed": 1,
      "assists": 8,
      "item0": 3157,
      "item1": 3135,
      "item2": 3136,
      "item3": 3020,
      "item4": 3089,
      "item6": 3340,
      "magicDamageDealtToChampions": 31335,
      "physicalDamageDealtToChampions": 453,
      "totalDamageDealtToChampions": 32898,
      "trueDamageDealtPlayer": 1110,
      "trueDamageDealtToChampions": 1110,
      "trueDamageTaken": 828,
      "wardPlaced": 5,
      "neutralMinionsKilledYourJungle": 3,
      "totalTimeCrowdControlDealt": 3
    }
  },
  "26634424": {
    "gameId": 825976394,
    "invalid": false,
    "gameMode": "CLASSIC",
    "gameType": "MATCHED_GAME",
    "subType": "RANKED_SOLO_5x5",
    "mapId": 1,
    "teamId": 200,
    "championId": 29,
    "spell1": 7,
    "spell2": 4,
    "level": 30,
    "ipEarned": 251,
    "createDate": 1399031535995,
    "fellowPlayers": [
      {
        "summonerId": 30060671,
        "teamId": 100,
        "championId": 24
      },
      {
        "summonerId": 26384517,
        "teamId": 200,
        "championId": 19
      },
      {
        "summonerId": 28074671,
        "teamId": 100,
        "championId": 51
      },
      {
        "summonerId": 34814453,
        "teamId": 100,
        "championId": 102
      },
      {
        "summonerId": 30796702,
        "teamId": 100,
        "championId": 81
      },
      {
        "summonerId": 26387856,
        "teamId": 200,
        "championId": 53
      },
      {
        "summonerId": 32053152,
        "teamId": 100,
        "championId": 4
      },
      {
        "summonerId": 36015343,
        "teamId": 200,
        "championId": 55
      },
      {
        "summonerId": 23155051,
        "teamId": 200,
        "championId": 39
      }
    ],
    "stats": {
      "level": 16,
      "goldEarned": 13310,
      "numDeaths": 8,
      "barracksKilled": 1,
      "turretsKilled": 4,
      "minionsKilled": 192,
      "championsKilled": 4,
      "goldSpent": 13305,
      "totalDamageDealt": 129361,
      "totalDamageTaken": 25517,
      "killingSprees": 1,
      "largestKillingSpree": 2,
      "team": 200,
      "win": true,
      "neutralMinionsKilled": 9,
      "largestMultiKill": 1,
      "physicalDamageDealtPlayer": 121349,
      "physicalDamageTaken": 11220,
      "magicDamageTaken": 13958,
      "largestCriticalStrike": 671,
      "timePlayed": 2180,
      "totalHeal": 3494,
      "totalUnitsHealed": 4,
      "assists": 11,
      "item0": 3046,
      "item1": 3072,
      "item2": 3252,
      "item3": 3031,
      "item6": 3340,
      "physicalDamageDealtToChampions": 11162,
      "totalDamageDealtToChampions": 14636,
      "trueDamageDealtPlayer": 8012,
      "trueDamageDealtToChampions": 3474,
      "trueDamageTaken": 338,
      "wardPlaced": 4,
      "neutralMinionsKilledEnemyJungle": 3,
      "neutralMinionsKilledYourJungle": 6,
      "totalTimeCrowdControlDealt": 264
    }
  },
  "32053152": {
    "gameId": 825976394,
    "invalid": false,
    "gameMode": "CLASSIC",
    "gameType": "MATCHED_GAME",
    "subType": "RANKED_SOLO_5x5",
    "mapId": 1,
    "teamId": 100,
    "championId": 4,
    "spell1": 14,
    "spell2": 4,
    "level": 30,
    "ipEarned": 67,
    "createDate": 1399031535992,
    "fellowPlayers": [
      {
        "summonerId": 30060671,
        "teamId": 100,
        "championId": 24
      },
      {
        "summonerId": 26384517,
        "teamId": 200,
        "championId": 19
      },
      {
        "summonerId": 28074671,
        "teamId": 100,
        "championId": 51
      },
      {
        "summonerId": 34814453,
        "teamId": 100,
        "championId": 102
      },
      {
        "summonerId": 26634424,
        "teamId": 200,
        "championId": 29
      },
      {
        "summonerId": 30796702,
        "teamId": 100,
        "championId": 81
      },
      {
        "summonerId": 26387856,
        "teamId": 200,
        "championId": 53
      },
      {
        "summonerId": 36015343,
        "teamId": 200,
        "championId": 55
      },
      {
        "summonerId": 23155051,
        "teamId": 200,
        "championId": 39
      }
    ],
    "stats": {
      "level": 16,
      "goldEarned": 12709,
      "numDeaths": 7,
      "minionsKilled": 132,
      "championsKilled": 10,
      "goldSpent": 11885,
      "totalDamageDealt": 125897,
      "totalDamageTaken": 20565,
      "doubleKills": 2,
      "killingSprees": 3,
      "largestKillingSpree": 4,
      "team": 100,
      "win": false,
      "neutralMinionsKilled": 19,
      "largestMultiKill": 2,
      "physicalDamageDealtPlayer": 10753,
      "magicDamageDealtPlayer": 114578,
      "physicalDamageTaken": 8676,
      "magicDamageTaken": 9814,
      "timePlayed": 2180,
      "totalHeal": 743,
      "totalUnitsHealed": 1,
      "assists": 13,
      "item0": 3157,
      "item1": 3089,
      "item2": 2003,
      "item3": 1056,
      "item4": 3255,
      "item5": 3100,
      "item6": 3340,
      "magicDamageDealtToChampions": 27573,
      "physicalDamageDealtToChampions": 1549,
      "totalDamageDealtToChampions": 29689,
      "trueDamageDealtPlayer": 566,
      "trueDamageDealtToChampions": 566,
      "trueDamageTaken": 2074,
      "wardKilled": 1,
      "wardPlaced": 8,
      "neutralMinionsKilledYourJungle": 19,
      "totalTimeCrowdControlDealt": 138
    }
  },
  "26384517": {
    "gameId": 825976394,
    "invalid": false,
    "gameMode": "CLASSIC",
    "gameType": "MATCHED_GAME",
    "subType": "RANKED_SOLO_5x5",
    "mapId": 1,
    "teamId": 200,
    "championId": 19,
    "spell1": 4,
    "spell2": 11,
    "level": 30,
    "ipEarned": 101,
    "createDate": 1399031535997,
    "fellowPlayers": [
      {
        "summonerId": 30060671,
        "teamId": 100,
        "championId": 24
      },
      {
        "summonerId": 28074671,
        "teamId": 100,
        "championId": 51
      },
      {
        "summonerId": 34814453,
        "teamId": 100,
        "championId": 102
      },
      {
        "summonerId": 26634424,
        "teamId": 200,
        "championId": 29
      },
      {
        "summonerId": 30796702,
        "teamId": 100,
        "championId": 81
      },
      {
        "summonerId": 26387856,
        "teamId": 200,
        "championId": 53
      },
      {
        "summonerId": 32053152,
        "teamId": 100,
        "championId": 4
      },
      {
        "summonerId": 36015343,
        "teamId": 200,
        "championId": 55
      },
      {
        "summonerId": 23155051,
        "teamId": 200,
        "championId": 39
      }
    ],
    "stats": {
      "level": 18,
      "goldEarned": 14930,
      "numDeaths": 6,
      "barracksKilled": 1,
      "turretsKilled": 4,
      "minionsKilled": 33,
      "championsKilled": 7,
      "goldSpent": 12070,
      "totalDamageDealt": 141762,
      "totalDamageTaken": 48946,
      "doubleKills": 1,
      "killingSprees": 2,
      "largestKillingSpree": 2,
      "team": 200,
      "win": true,
      "neutralMinionsKilled": 80,
      "largestMultiKill": 2,
      "physicalDamageDealtPlayer": 65847,
      "magicDamageDealtPlayer": 56940,
      "physicalDamageTaken": 28074,
      "magicDamageTaken": 20201,
      "timePlayed": 2180,
      "totalHeal": 24002,
      "totalUnitsHealed": 1,
      "assists": 20,
      "item0": 3153,
      "item1": 3047,
      "item2": 3068,
      "item3": 3207,
      "item4": 3065,
      "item5": 1033,
      "item6": 3341,
      "magicDamageDealtToChampions": 12212,
      "physicalDamageDealtToChampions": 4765,
      "totalDamageDealtToChampions": 17950,
      "trueDamageDealtPlayer": 18974,
      "trueDamageDealtToChampions": 972,
      "trueDamageTaken": 671,
      "wardKilled": 2,
      "neutralMinionsKilledEnemyJungle": 9,
      "neutralMinionsKilledYourJungle": 71,
      "totalTimeCrowdControlDealt": 450
    }
  },
  "28074671": {
    "gameId": 825976394,
    "invalid": false,
    "gameMode": "CLASSIC",
    "gameType": "MATCHED_GAME",
    "subType": "RANKED_SOLO_5x5",
    "mapId": 1,
    "teamId": 100,
    "championId": 51,
    "spell1": 4,
    "spell2": 21,
    "level": 30,
    "ipEarned": 67,
    "createDate": 1399031535991,
    "fellowPlayers": [
      {
        "summonerId": 30060671,
        "teamId": 100,
        "championId": 24
      },
      {
        "summonerId": 26384517,
        "teamId": 200,
        "championId": 19
      },
      {
        "summonerId": 34814453,
        "teamId": 100,
        "championId": 102
      },
      {
        "summonerId": 26634424,
        "teamId": 200,
        "championId": 29
      },
      {
        "summonerId": 30796702,
        "teamId": 100,
        "championId": 81
      },
      {
        "summonerId": 26387856,
        "teamId": 200,
        "championId": 53
      },
      {
        "summonerId": 32053152,
        "teamId": 100,
        "championId": 4
      },
      {
        "summonerId": 36015343,
        "teamId": 200,
        "championId": 55
      },
      {
        "summonerId": 23155051,
        "teamId": 200,
        "championId": 39
      }
    ],
    "stats": {
      "level": 15,
      "goldEarned": 9752,
      "numDeaths": 9,
      "turretsKilled": 2,
      "minionsKilled": 105,
      "championsKilled": 3,
      "goldSpent": 8985,
      "totalDamageDealt": 84230,
      "totalDamageTaken": 18219,
      "team": 100,
      "win": false,
      "neutralMinionsKilled": 5,
      "largestMultiKill": 1,
      "physicalDamageDealtPlayer": 81842,
      "magicDamageDealtPlayer": 2387,
      "physicalDamageTaken": 8698,
      "magicDamageTaken": 8349,
      "largestCriticalStrike": 831,
      "timePlayed": 2180,
      "totalHeal": 578,
      "totalUnitsHealed": 1,
      "assists": 15,
      "item0": 1055,
      "item1": 3006,
      "item2": 1053,
      "item3": 3046,
      "item4": 3031,
      "item6": 3340,
      "magicDamageDealtToChampions": 2236,
      "physicalDamageDealtToChampions": 15218,
      "totalDamageDealtToChampions": 17454,
      "trueDamageTaken": 1172,
      "wardPlaced": 7,
      "neutralMinionsKilledYourJungle": 5,
      "totalTimeCrowdControlDealt": 44
    }
  },
  "26387856": {
    "gameId": 825976394,
    "invalid": false,
    "gameMode": "CLASSIC",
    "gameType": "MATCHED_GAME",
    "subType": "RANKED_SOLO_5x5",
    "mapId": 1,
    "teamId": 200,
    "championId": 53,
    "spell1": 14,
    "spell2": 4,
    "level": 30,
    "ipEarned": 101,
    "createDate": 1399031535999,
    "fellowPlayers": [
      {
        "summonerId": 30060671,
        "teamId": 100,
        "championId": 24
      },
      {
        "summonerId": 26384517,
        "teamId": 200,
        "championId": 19
      },
      {
        "summonerId": 28074671,
        "teamId": 100,
        "championId": 51
      },
      {
        "summonerId": 34814453,
        "teamId": 100,
        "championId": 102
      },
      {
        "summonerId": 26634424,
        "teamId": 200,
        "championId": 29
      },
      {
        "summonerId": 30796702,
        "teamId": 100,
        "championId": 81
      },
      {
        "summonerId": 32053152,
        "teamId": 100,
        "championId": 4
      },
      {
        "summonerId": 36015343,
        "teamId": 200,
        "championId": 55
      },
      {
        "summonerId": 23155051,
        "teamId": 200,
        "championId": 39
      }
    ],
    "stats": {
      "level": 16,
      "goldEarned": 11088,
      "numDeaths": 8,
      "minionsKilled": 30,
      "championsKilled": 1,
      "goldSpent": 8910,
      "totalDamageDealt": 36903,
      "totalDamageTaken": 24298,
      "team": 200,
      "win": true,
      "largestMultiKill": 1,
      "physicalDamageDealtPlayer": 10803,
      "magicDamageDealtPlayer": 25334,
      "physicalDamageTaken": 10281,
      "magicDamageTaken": 13292,
      "timePlayed": 2180,
      "totalHeal": 3022,
      "totalUnitsHealed": 1,
      "assists": 20,
      "item0": 2049,
      "item1": 3190,
      "item2": 3111,
      "item3": 3096,
      "item4": 3025,
      "item6": 3341,
      "sightWardsBought": 1,
      "visionWardsBought": 2,
      "magicDamageDealtToChampions": 7154,
      "physicalDamageDealtToChampions": 4662,
      "totalDamageDealtToChampions": 12582,
      "trueDamageDealtPlayer": 766,
      "trueDamageDealtToChampions": 766,
      "trueDamageTaken": 724,
      "wardKilled": 1,
      "wardPlaced": 22,
      "totalTimeCrowdControlDealt": 165
    }
  },
  "34814453": {
    "gameId": 825976394,
    "invalid": false,
    "gameMode": "CLASSIC",
    "gameType": "MATCHED_GAME",
    "subType": "RANKED_SOLO_5x5",
    "mapId": 1,
    "teamId": 100,
    "championId": 102,
    "spell1": 4,
    "spell2": 11,
    "level": 30,
    "ipEarned": 67,
    "createDate": 1399031535994,
    "fellowPlayers": [
      {
        "summonerId": 30060671,
        "teamId": 100,
        "championId": 24
      },
      {
        "summonerId": 26384517,
        "teamId": 200,
        "championId": 19
      },
      {
        "summonerId": 28074671,
        "teamId": 100,
        "championId": 51
      },
      {
        "summonerId": 26634424,
        "teamId": 200,
        "championId": 29
      },
      {
        "summonerId": 30796702,
        "teamId": 100,
        "championId": 81
      },
      {
        "summonerId": 26387856,
        "teamId": 200,
        "championId": 53
      },
      {
        "summonerId": 32053152,
        "teamId": 100,
        "championId": 4
      },
      {
        "summonerId": 36015343,
        "teamId": 200,
        "championId": 55
      },
      {
        "summonerId": 23155051,
        "teamId": 200,
        "championId": 39
      }
    ],
    "stats": {
      "level": 17,
      "goldEarned": 12327,
      "numDeaths": 8,
      "turretsKilled": 1,
      "minionsKilled": 61,
      "championsKilled": 7,
      "goldSpent": 11680,
      "totalDamageDealt": 183681,
      "totalDamageTaken": 38512,
      "doubleKills": 1,
      "killingSprees": 2,
      "largestKillingSpree": 3,
      "team": 100,
      "win": false,
      "neutralMinionsKilled": 102,
      "largestMultiKill": 2,
      "physicalDamageDealtPlayer": 59184,
      "magicDamageDealtPlayer": 107644,
      "physicalDamageTaken": 22832,
      "magicDamageTaken": 12014,
      "timePlayed": 2180,
      "totalHeal": 7153,
      "totalUnitsHealed": 1,
      "assists": 12,
      "item0": 3153,
      "item1": 3047,
      "item2": 3160,
      "item3": 3068,
      "item4": 3102,
      "item6": 3340,
      "magicDamageDealtToChampions": 16364,
      "physicalDamageDealtToChampions": 9884,
      "totalDamageDealtToChampions": 27335,
      "trueDamageDealtPlayer": 16852,
      "trueDamageDealtToChampions": 1086,
      "trueDamageTaken": 3666,
      "wardPlaced": 9,
      "neutralMinionsKilledEnemyJungle": 13,
      "neutralMinionsKilledYourJungle": 89,
      "totalTimeCrowdControlDealt": 818
    }
  },
  "23155051": {
    "gameId": 825976394,
    "invalid": false,
    "gameMode": "CLASSIC",
    "gameType": "MATCHED_GAME",
    "subType": "RANKED_SOLO_5x5",
    "mapId": 1,
    "teamId": 200,
    "championId": 39,
    "spell1": 4,
    "spell2": 14,
    "level": 30,
    "ipEarned": 251,
    "createDate": 1399031536000,
    "fellowPlayers": [
      {
        "summonerId": 30060671,
        "teamId": 100,
        "championId": 24
      },
      {
        "summonerId": 26384517,
        "teamId": 200,
        "championId": 19
      },
      {
        "summonerId": 28074671,
        "teamId": 100,
        "championId": 51
      },
      {
        "summonerId": 34814453,
        "teamId": 100,
        "championId": 102
      },
      {
        "summonerId": 26634424,
        "teamId": 200,
        "championId": 29
      },
      {
        "summonerId": 30796702,
        "teamId": 100,
        "championId": 81
      },
      {
        "summonerId": 26387856,
        "teamId": 200,
        "championId": 53
      },
      {
        "summonerId": 32053152,
        "teamId": 100,
        "championId": 4
      },
      {
        "summonerId": 36015343,
        "teamId": 200,
        "championId": 55
      }
    ],
    "stats": {
      "level": 18,
      "goldEarned": 16367,
      "numDeaths": 5,
      "turretsKilled": 1,
      "minionsKilled": 173,
      "championsKilled": 15,
      "goldSpent": 13768,
      "totalDamageDealt": 141642,
      "totalDamageTaken": 37940,
      "doubleKills": 1,
      "tripleKills": 1,
      "killingSprees": 4,
      "largestKillingSpree": 6,
      "team": 200,
      "win": true,
      "neutralMinionsKilled": 12,
      "largestMultiKill": 3,
      "physicalDamageDealtPlayer": 123550,
      "magicDamageDealtPlayer": 5003,
      "physicalDamageTaken": 23710,
      "magicDamageTaken": 13413,
      "largestCriticalStrike": 448,
      "timePlayed": 2180,
      "totalHeal": 12145,
      "totalUnitsHealed": 1,
      "assists": 11,
      "item0": 3078,
      "item1": 3153,
      "item2": 3172,
      "item3": 3284,
      "item4": 1055,
      "item5": 3082,
      "item6": 3340,
      "magicDamageDealtToChampions": 4746,
      "physicalDamageDealtToChampions": 20037,
      "totalDamageDealtToChampions": 31327,
      "trueDamageDealtPlayer": 13088,
      "trueDamageDealtToChampions": 6544,
      "trueDamageTaken": 817,
      "wardPlaced": 6,
      "neutralMinionsKilledEnemyJungle": 12,
      "totalTimeCrowdControlDealt": 467
    }
  }
}