{
  "28098415": {
    "gameId": 825974746,
    "invalid": false,
    "gameMode": "ARAM",
    "gameType": "MATCHED_GAME",
    "subType": "ARAM_UNRANKED_5x5",
    "mapId": 12,
    "teamId": 100,
    "championId": 84,
    "spell1": 21,
    "spell2": 14,
    "level": 30,
    "ipEarned": 33,
    "createDate": 1399029588589,
    "fellowPlayers": [
      {
        "summonerId": 36036371,
        "teamId": 100,
        "championId": 76
      },
      {
        "summonerId": 23790388,
        "teamId": 200,
        "championId": 99
      },
      {
        "summonerId": 34268414,
        "teamId": 100,
        "championId": 61
      },
      {
        "summonerId": 40729650,
        "teamId": 200,
        "championId": 37
      },
      {
        "summonerId": 23228665,
        "teamId": 100,
        "championId": 85
      },
      {
        "summonerId": 41499317,
        "teamId": 200,
        "championId": 30
      },
      {
        "summonerId": 30896613,
        "teamId": 200,
        "championId": 90
      },
      {
        "summonerId": 28124294,
        "teamId": 100,
        "championId": 10
      },
      {
        "summonerId": 19188098,
        "teamId": 200,
        "championId": 25
      }
    ],
    "stats": {
      "level": 13,
      "goldEarned": 6256,
      "numDeaths": 4,
      "minionsKilled": 26,
      "championsKilled": 4,
      "goldSpent": 5835,
      "totalDamageDealt": 20891,
      "totalDamageTaken": 12230,
      "killingSprees": 1,
      "largestKillingSpree": 2,
      "team": 100,
      "win": false,
      "largestMultiKill": 1,
      "physicalDamageDealtPlayer": 12499,
      "magicDamageDealtPlayer": 8173,
      "physicalDamageTaken": 2186,
      "magicDamageTaken": 10043,
      "timePlayed": 861,
      "totalHeal": 158,
      "totalUnitsHealed": 1,
      "assists": 2,
      "item0": 3146,
      "item1": 3020,
      "item2": 3191,
      "item6": 2052,
      "magicDamageDealtToChampions": 3195,
      "physicalDamageDealtToChampions": 3532,
      "totalDamageDealtToChampions": 6945,
      "trueDamageDealtPlayer": 218,
      "trueDamageDealtToChampions": 218,
      "totalTimeCrowdControlDealt": 259
    }
  },
  "summonerCount": 10,
  "23790388": {
    "gameId": 825974746,
    "invalid": false,
    "gameMode": "ARAM",
    "gameType": "MATCHED_GAME",
    "subType": "ARAM_UNRANKED_5x5",
    "mapId": 12,
    "teamId": 200,
    "championId": 99,
    "spell1": 7,
    "spell2": 21,
    "level": 30,
    "ipEarned": 197,
    "createDate": 1399029588600,
    "fellowPlayers": [
      {
        "summonerId": 36036371,
        "teamId": 100,
        "championId": 76
      },
      {
        "summonerId": 34268414,
        "teamId": 100,
        "championId": 61
      },
      {
        "summonerId": 40729650,
        "teamId": 200,
        "championId": 37
      },
      {
        "summonerId": 23228665,
        "teamId": 100,
        "championId": 85
      },
      {
        "summonerId": 41499317,
        "teamId": 200,
        "championId": 30
      },
      {
        "summonerId": 30896613,
        "teamId": 200,
        "championId": 90
      },
      {
        "summonerId": 28124294,
        "teamId": 100,
        "championId": 10
      },
      {
        "summonerId": 19188098,
        "teamId": 200,
        "championId": 25
      },
      {
        "summonerId": 28098415,
        "teamId": 100,
        "championId": 84
      }
    ],
    "stats": {
      "level": 13,
      "goldEarned": 6815,
      "numDeaths": 2,
      "turretsKilled": 2,
      "minionsKilled": 14,
      "championsKilled": 2,
      "goldSpent": 4805,
      "totalDamageDealt": 22963,
      "totalDamageTaken": 6249,
      "killingSprees": 1,
      "largestKillingSpree": 2,
      "team": 200,
      "win": true,
      "largestMultiKill": 1,
      "physicalDamageDealtPlayer": 5351,
      "magicDamageDealtPlayer": 17612,
      "physicalDamageTaken": 1462,
      "magicDamageTaken": 4678,
      "timePlayed": 861,
      "totalHeal": 1297,
      "totalUnitsHealed": 3,
      "assists": 11,
      "item0": 3070,
      "item1": 1056,
      "item2": 1058,
      "item3": 3158,
      "item4": 1026,
      "item6": 2052,
      "magicDamageDealtToChampions": 8072,
      "physicalDamageDealtToChampions": 1112,
      "totalDamageDealtToChampions": 9185,
      "trueDamageTaken": 108,
      "totalTimeCrowdControlDealt": 135
    }
  },
  "40729650": {
    "gameId": 825974746,
    "invalid": false,
    "gameMode": "ARAM",
    "gameType": "MATCHED_GAME",
    "subType": "ARAM_UNRANKED_5x5",
    "mapId": 12,
    "teamId": 200,
    "championId": 37,
    "spell1": 7,
    "spell2": 4,
    "level": 30,
    "ipEarned": 197,
    "createDate": 1399029588601,
    "fellowPlayers": [
      {
        "summonerId": 36036371,
        "teamId": 100,
        "championId": 76
      },
      {
        "summonerId": 23790388,
        "teamId": 200,
        "championId": 99
      },
      {
        "summonerId": 34268414,
        "teamId": 100,
        "championId": 61
      },
      {
        "summonerId": 23228665,
        "teamId": 100,
        "championId": 85
      },
      {
        "summonerId": 41499317,
        "teamId": 200,
        "championId": 30
      },
      {
        "summonerId": 30896613,
        "teamId": 200,
        "championId": 90
      },
      {
        "summonerId": 28124294,
        "teamId": 100,
        "championId": 10
      },
      {
        "summonerId": 19188098,
        "teamId": 200,
        "championId": 25
      },
      {
        "summonerId": 28098415,
        "teamId": 100,
        "championId": 84
      }
    ],
    "stats": {
      "level": 13,
      "goldEarned": 7723,
      "numDeaths": 3,
      "minionsKilled": 16,
      "championsKilled": 2,
      "goldSpent": 6220,
      "totalDamageDealt": 19576,
      "totalDamageTaken": 10975,
      "team": 200,
      "win": true,
      "largestMultiKill": 1,
      "physicalDamageDealtPlayer": 10707,
      "magicDamageDealtPlayer": 8869,
      "physicalDamageTaken": 3387,
      "magicDamageTaken": 7351,
      "timePlayed": 861,
      "totalHeal": 11241,
      "totalUnitsHealed": 5,
      "assists": 12,
      "item0": 3098,
      "item1": 1026,
      "item2": 3158,
      "item3": 3174,
      "item4": 1057,
      "item6": 2052,
      "magicDamageDealtToChampions": 2596,
      "physicalDamageDealtToChampions": 743,
      "totalDamageDealtToChampions": 3340,
      "trueDamageTaken": 236,
      "totalTimeCrowdControlDealt": 27
    }
  },
  "28124294": {
    "gameId": 825974746,
    "invalid": false,
    "gameMode": "ARAM",
    "gameType": "MATCHED_GAME",
    "subType": "ARAM_UNRANKED_5x5",
    "mapId": 12,
    "teamId": 100,
    "championId": 10,
    "spell1": 21,
    "spell2": 4,
    "level": 30,
    "ipEarned": 33,
    "createDate": 1399029588594,
    "fellowPlayers": [
      {
        "summonerId": 36036371,
        "teamId": 100,
        "championId": 76
      },
      {
        "summonerId": 23790388,
        "teamId": 200,
        "championId": 99
      },
      {
        "summonerId": 34268414,
        "teamId": 100,
        "championId": 61
      },
      {
        "summonerId": 40729650,
        "teamId": 200,
        "championId": 37
      },
      {
        "summonerId": 23228665,
        "teamId": 100,
        "championId": 85
      },
      {
        "summonerId": 41499317,
        "teamId": 200,
        "championId": 30
      },
      {
        "summonerId": 30896613,
        "teamId": 200,
        "championId": 90
      },
      {
        "summonerId": 19188098,
        "teamId": 200,
        "championId": 25
      },
      {
        "summonerId": 28098415,
        "teamId": 100,
        "championId": 84
      }
    ],
    "stats": {
      "level": 12,
      "goldEarned": 6018,
      "numDeaths": 5,
      "minionsKilled": 7,
      "championsKilled": 1,
      "goldSpent": 5360,
      "totalDamageDealt": 9753,
      "totalDamageTaken": 13641,
      "team": 100,
      "win": false,
      "largestMultiKill": 1,
      "physicalDamageDealtPlayer": 3361,
      "magicDamageDealtPlayer": 6391,
      "physicalDamageTaken": 1251,
      "magicDamageTaken": 12390,
      "timePlayed": 861,
      "totalHeal": 4758,
      "totalUnitsHealed": 5,
      "assists": 6,
      "item0": 3115,
      "item1": 3006,
      "item2": 3144,
      "item6": 2052,
      "magicDamageDealtToChampions": 4323,
      "physicalDamageDealtToChampions": 1419,
      "totalDamageDealtToChampions": 5742,
      "totalTimeCrowdControlDealt": 55
    }
  },
  "30896613": {
    "gameId": 825974746,
    "invalid": false,
    "gameMode": "ARAM",
    "gameType": "MATCHED_GAME",
    "subType": "ARAM_UNRANKED_5x5",
    "mapId": 12,
    "teamId": 200,
    "championId": 90,
    "spell1": 7,
    "spell2": 4,
    "level": 30,
    "ipEarned": 47,
    "createDate": 1399029588598,
    "fellowPlayers": [
      {
        "summonerId": 36036371,
        "teamId": 100,
        "championId": 76
      },
      {
        "summonerId": 23790388,
        "teamId": 200,
        "championId": 99
      },
      {
        "summonerId": 34268414,
        "teamId": 100,
        "championId": 61
      },
      {
        "summonerId": 40729650,
        "teamId": 200,
        "championId": 37
      },
      {
        "summonerId": 23228665,
        "teamId": 100,
        "championId": 85
      },
      {
        "summonerId": 41499317,
        "teamId": 200,
        "championId": 30
      },
      {
        "summonerId": 28124294,
        "teamId": 100,
        "championId": 10
      },
      {
        "summonerId": 19188098,
        "teamId": 200,
        "championId": 25
      },
      {
        "summonerId": 28098415,
        "teamId": 100,
        "championId": 84
      }
    ],
    "stats": {
      "level": 12,
      "goldEarned": 7962,
      "numDeaths": 4,
      "barracksKilled": 1,
      "minionsKilled": 57,
      "championsKilled": 5,
      "goldSpent": 6880,
      "totalDamageDealt": 31765,
      "totalDamageTaken": 8941,
      "killingSprees": 2,
      "largestKillingSpree": 2,
      "team": 200,
      "win": true,
      "largestMultiKill": 1,
      "physicalDamageDealtPlayer": 8805,
      "magicDamageDealtPlayer": 22959,
      "physicalDamageTaken": 3166,
      "magicDamageTaken": 5775,
      "timePlayed": 861,
      "totalHeal": 780,
      "totalUnitsHealed": 2,
      "assists": 8,
      "item0": 3151,
      "item1": 2003,
      "item2": 2004,
      "item3": 3020,
      "item4": 1026,
      "item5": 1058,
      "item6": 2052,
      "magicDamageDealtToChampions": 9614,
      "physicalDamageDealtToChampions": 1395,
      "totalDamageDealtToChampions": 11009,
      "totalTimeCrowdControlDealt": 20
    }
  },
  "36036371": {
    "gameId": 825974746,
    "invalid": false,
    "gameMode": "ARAM",
    "gameType": "MATCHED_GAME",
    "subType": "ARAM_UNRANKED_5x5",
    "mapId": 12,
    "teamId": 100,
    "championId": 76,
    "spell1": 4,
    "spell2": 7,
    "level": 30,
    "ipEarned": 33,
    "createDate": 1399029588590,
    "fellowPlayers": [
      {
        "summonerId": 23790388,
        "teamId": 200,
        "championId": 99
      },
      {
        "summonerId": 34268414,
        "teamId": 100,
        "championId": 61
      },
      {
        "summonerId": 40729650,
        "teamId": 200,
        "championId": 37
      },
      {
        "summonerId": 23228665,
        "teamId": 100,
        "championId": 85
      },
      {
        "summonerId": 41499317,
        "teamId": 200,
        "championId": 30
      },
      {
        "summonerId": 30896613,
        "teamId": 200,
        "championId": 90
      },
      {
        "summonerId": 28124294,
        "teamId": 100,
        "championId": 10
      },
      {
        "summonerId": 19188098,
        "teamId": 200,
        "championId": 25
      },
      {
        "summonerId": 28098415,
        "teamId": 100,
        "championId": 84
      }
    ],
    "stats": {
      "level": 13,
      "goldEarned": 6891,
      "numDeaths": 2,
      "minionsKilled": 10,
      "championsKilled": 9,
      "goldSpent": 6465,
      "totalDamageDealt": 24837,
      "totalDamageTaken": 6678,
      "doubleKills": 2,
      "killingSprees": 1,
      "largestKillingSpree": 8,
      "team": 100,
      "win": false,
      "largestMultiKill": 2,
      "physicalDamageDealtPlayer": 2530,
      "magicDamageDealtPlayer": 22307,
      "physicalDamageTaken": 1320,
      "magicDamageTaken": 5358,
      "timePlayed": 861,
      "totalHeal": 2297,
      "totalUnitsHealed": 4,
      "assists": 4,
      "item0": 3020,
      "item1": 3089,
      "item2": 1056,
      "item3": 3070,
      "item4": 1026,
      "item6": 2052,
      "magicDamageDealtToChampions": 15669,
      "physicalDamageDealtToChampions": 567,
      "totalDamageDealtToChampions": 16236
    }
  },
  "23228665": {
    "gameId": 825974746,
    "invalid": false,
    "gameMode": "ARAM",
    "gameType": "MATCHED_GAME",
    "subType": "ARAM_UNRANKED_5x5",
    "mapId": 12,
    "teamId": 100,
    "championId": 85,
    "spell1": 4,
    "spell2": 7,
    "level": 30,
    "ipEarned": 0,
    "createDate": 1399029588592,
    "fellowPlayers": [
      {
        "summonerId": 36036371,
        "teamId": 100,
        "championId": 76
      },
      {
        "summonerId": 23790388,
        "teamId": 200,
        "championId": 99
      },
      {
        "summonerId": 34268414,
        "teamId": 100,
        "championId": 61
      },
      {
        "summonerId": 40729650,
        "teamId": 200,
        "championId": 37
      },
      {
        "summonerId": 41499317,
        "teamId": 200,
        "championId": 30
      },
      {
        "summonerId": 30896613,
        "teamId": 200,
        "championId": 90
      },
      {
        "summonerId": 28124294,
        "teamId": 100,
        "championId": 10
      },
      {
        "summonerId": 19188098,
        "teamId": 200,
        "championId": 25
      },
      {
        "summonerId": 28098415,
        "teamId": 100,
        "championId": 84
      }
    ],
    "stats": {
      "level": 8,
      "goldEarned": 4925,
      "numDeaths": 2,
      "minionsKilled": 1,
      "goldSpent": 1100,
      "totalDamageDealt": 1519,
      "totalDamageTaken": 1852,
      "team": 100,
      "win": false,
      "physicalDamageDealtPlayer": 289,
      "magicDamageDealtPlayer": 1230,
      "physicalDamageTaken": 572,
      "magicDamageTaken": 1280,
      "timePlayed": 861,
      "totalHeal": 202,
      "totalUnitsHealed": 2,
      "item0": 3020,
      "item6": 2052,
      "magicDamageDealtToChampions": 987,
      "physicalDamageDealtToChampions": 43,
      "totalDamageDealtToChampions": 1030,
      "totalTimeCrowdControlDealt": 2
    }
  },
  "41499317": {
    "gameId": 825974746,
    "invalid": false,
    "gameMode": "ARAM",
    "gameType": "MATCHED_GAME",
    "subType": "ARAM_UNRANKED_5x5",
    "mapId": 12,
    "teamId": 200,
    "championId": 30,
    "spell1": 4,
    "spell2": 7,
    "level": 30,
    "ipEarned": 47,
    "createDate": 1399029588599,
    "fellowPlayers": [
      {
        "summonerId": 36036371,
        "teamId": 100,
        "championId": 76
      },
      {
        "summonerId": 23790388,
        "teamId": 200,
        "championId": 99
      },
      {
        "summonerId": 34268414,
        "teamId": 100,
        "championId": 61
      },
      {
        "summonerId": 40729650,
        "teamId": 200,
        "championId": 37
      },
      {
        "summonerId": 23228665,
        "teamId": 100,
        "championId": 85
      },
      {
        "summonerId": 30896613,
        "teamId": 200,
        "championId": 90
      },
      {
        "summonerId": 28124294,
        "teamId": 100,
        "championId": 10
      },
      {
        "summonerId": 19188098,
        "teamId": 200,
        "championId": 25
      },
      {
        "summonerId": 28098415,
        "teamId": 100,
        "championId": 84
      }
    ],
    "stats": {
      "level": 13,
      "goldEarned": 8042,
      "numDeaths": 2,
      "turretsKilled": 1,
      "minionsKilled": 19,
      "championsKilled": 8,
      "goldSpent": 6615,
      "totalDamageDealt": 21863,
      "totalDamageTaken": 8547,
      "doubleKills": 1,
      "killingSprees": 3,
      "largestKillingSpree": 4,
      "team": 200,
      "win": true,
      "largestMultiKill": 2,
      "physicalDamageDealtPlayer": 5927,
      "magicDamageDealtPlayer": 15935,
      "physicalDamageTaken": 2810,
      "magicDamageTaken": 5437,
      "timePlayed": 861,
      "totalHeal": 2279,
      "totalUnitsHealed": 3,
      "assists": 9,
      "item0": 3174,
      "item1": 1056,
      "item2": 3089,
      "item4": 2004,
      "item6": 2052,
      "magicDamageDealtToChampions": 8766,
      "physicalDamageDealtToChampions": 298,
      "totalDamageDealtToChampions": 9064,
      "trueDamageTaken": 300,
      "totalTimeCrowdControlDealt": 525
    }
  },
  "34268414": {
    "gameId": 825974746,
    "invalid": false,
    "gameMode": "ARAM",
    "gameType": "MATCHED_GAME",
    "subType": "ARAM_UNRANKED_5x5",
    "mapId": 12,
    "teamId": 100,
    "championId": 61,
    "spell1": 14,
    "spell2": 4,
    "level": 30,
    "ipEarned": 33,
    "createDate": 1399029588595,
    "fellowPlayers": [
      {
        "summonerId": 36036371,
        "teamId": 100,
        "championId": 76
      },
      {
        "summonerId": 23790388,
        "teamId": 200,
        "championId": 99
      },
      {
        "summonerId": 40729650,
        "teamId": 200,
        "championId": 37
      },
      {
        "summonerId": 23228665,
        "teamId": 100,
        "championId": 85
      },
      {
        "summonerId": 41499317,
        "teamId": 200,
        "championId": 30
      },
      {
        "summonerId": 30896613,
        "teamId": 200,
        "championId": 90
      },
      {
        "summonerId": 28124294,
        "teamId": 100,
        "championId": 10
      },
      {
        "summonerId": 19188098,
        "teamId": 200,
        "championId": 25
      },
      {
        "summonerId": 28098415,
        "teamId": 100,
        "championId": 84
      }
    ],
    "stats": {
      "level": 11,
      "goldEarned": 5941,
      "numDeaths": 6,
      "minionsKilled": 30,
      "championsKilled": 2,
      "goldSpent": 5285,
      "totalDamageDealt": 30204,
      "totalDamageTaken": 9719,
      "team": 100,
      "win": false,
      "largestMultiKill": 1,
      "physicalDamageDealtPlayer": 4723,
      "magicDamageDealtPlayer": 25054,
      "physicalDamageTaken": 1405,
      "magicDamageTaken": 8314,
      "timePlayed": 861,
      "totalHeal": 470,
      "totalUnitsHealed": 2,
      "assists": 2,
      "item0": 3135,
      "item1": 3158,
      "item2": 3222,
      "magicDamageDealtToChampions": 6977,
      "physicalDamageDealtToChampions": 731,
      "totalDamageDealtToChampions": 8135,
      "trueDamageDealtPlayer": 426,
      "trueDamageDealtToChampions": 426,
      "totalTimeCrowdControlDealt": 1046
    }
  },
  "19188098": {
    "gameId": 825974746,
    "invalid": false,
    "gameMode": "ARAM",
    "gameType": "MATCHED_GAME",
    "subType": "ARAM_UNRANKED_5x5",
    "mapId": 12,
    "teamId": 200,
    "championId": 25,
    "spell1": 7,
    "spell2": 4,
    "level": 30,
    "ipEarned": 47,
    "createDate": 1399029588596,
    "fellowPlayers": [
      {
        "summonerId": 36036371,
        "teamId": 100,
        "championId": 76
      },
      {
        "summonerId": 23790388,
        "teamId": 200,
        "championId": 99
      },
      {
        "summonerId": 34268414,
        "teamId": 100,
        "championId": 61
      },
      {
        "summonerId": 40729650,
        "teamId": 200,
        "championId": 37
      },
      {
        "summonerId": 23228665,
        "teamId": 100,
        "championId": 85
      },
      {
        "summonerId": 41499317,
        "teamId": 200,
        "championId": 30
      },
      {
        "summonerId": 30896613,
        "teamId": 200,
        "championId": 90
      },
      {
        "summonerId": 28124294,
        "teamId": 100,
        "championId": 10
      },
      {
        "summonerId": 28098415,
        "teamId": 100,
        "championId": 84
      }
    ],
    "stats": {
      "level": 11,
      "goldEarned": 6483,
      "numDeaths": 5,
      "minionsKilled": 13,
      "championsKilled": 2,
      "goldSpent": 5500,
      "totalDamageDealt": 17927,
      "totalDamageTaken": 9824,
      "team": 200,
      "win": true,
      "largestMultiKill": 1,
      "physicalDamageDealtPlayer": 3558,
      "magicDamageDealtPlayer": 14368,
      "physicalDamageTaken": 1913,
      "magicDamageTaken": 7910,
      "timePlayed": 861,
      "totalHeal": 1371,
      "totalUnitsHealed": 3,
      "assists": 6,
      "item0": 3027,
      "item1": 3003,
      "item6": 2052,
      "magicDamageDealtToChampions": 8337,
      "physicalDamageDealtToChampions": 373,
      "totalDamageDealtToChampions": 8710,
      "totalTimeCrowdControlDealt": 42
    }
  }
}