{
  "29733469": {
    "gameId": 825982820,
    "invalid": false,
    "gameMode": "CLASSIC",
    "gameType": "MATCHED_GAME",
    "subType": "NORMAL",
    "mapId": 1,
    "teamId": 200,
    "championId": 121,
    "spell1": 11,
    "spell2": 4,
    "level": 30,
    "ipEarned": 60,
    "createDate": 1399030632799,
    "fellowPlayers": [
      {
        "summonerId": 38518867,
        "teamId": 100,
        "championId": 59
      },
      {
        "summonerId": 30713155,
        "teamId": 200,
        "championId": 38
      },
      {
        "summonerId": 23438402,
        "teamId": 100,
        "championId": 4
      },
      {
        "summonerId": 19687153,
        "teamId": 200,
        "championId": 29
      },
      {
        "summonerId": 33485948,
        "teamId": 100,
        "championId": 24
      },
      {
        "summonerId": 40474407,
        "teamId": 100,
        "championId": 37
      },
      {
        "summonerId": 42993918,
        "teamId": 100,
        "championId": 81
      },
      {
        "summonerId": 19641915,
        "teamId": 200,
        "championId": 89
      },
      {
        "summonerId": 34477673,
        "teamId": 200,
        "championId": 92
      }
    ],
    "stats": {
      "level": 16,
      "goldEarned": 10870,
      "numDeaths": 9,
      "minionsKilled": 79,
      "championsKilled": 7,
      "goldSpent": 9987,
      "totalDamageDealt": 170553,
      "totalDamageTaken": 32727,
      "killingSprees": 2,
      "largestKillingSpree": 2,
      "team": 200,
      "win": false,
      "neutralMinionsKilled": 90,
      "largestMultiKill": 1,
      "physicalDamageDealtPlayer": 152567,
      "magicDamageDealtPlayer": 1471,
      "physicalDamageTaken": 22644,
      "magicDamageTaken": 9926,
      "timePlayed": 1909,
      "totalHeal": 8939,
      "totalUnitsHealed": 1,
      "assists": 2,
      "item0": 3209,
      "item1": 3158,
      "item2": 3074,
      "item3": 3134,
      "item4": 1011,
      "item5": 3082,
      "item6": 3340,
      "magicDamageDealtToChampions": 985,
      "physicalDamageDealtToChampions": 12777,
      "totalDamageDealtToChampions": 14780,
      "trueDamageDealtPlayer": 16515,
      "trueDamageDealtToChampions": 1017,
      "trueDamageTaken": 156,
      "wardPlaced": 9,
      "neutralMinionsKilledEnemyJungle": 4,
      "neutralMinionsKilledYourJungle": 86,
      "totalTimeCrowdControlDealt": 589
    }
  },
  "summonerCount": 10,
  "34477673": {
    "gameId": 825982820,
    "invalid": false,
    "gameMode": "CLASSIC",
    "gameType": "MATCHED_GAME",
    "subType": "NORMAL",
    "mapId": 1,
    "teamId": 200,
    "championId": 92,
    "spell1": 14,
    "spell2": 4,
    "level": 30,
    "ipEarned": 60,
    "createDate": 1399030632800,
    "fellowPlayers": [
      {
        "summonerId": 38518867,
        "teamId": 100,
        "championId": 59
      },
      {
        "summonerId": 30713155,
        "teamId": 200,
        "championId": 38
      },
      {
        "summonerId": 23438402,
        "teamId": 100,
        "championId": 4
      },
      {
        "summonerId": 19687153,
        "teamId": 200,
        "championId": 29
      },
      {
        "summonerId": 33485948,
        "teamId": 100,
        "championId": 24
      },
      {
        "summonerId": 29733469,
        "teamId": 200,
        "championId": 121
      },
      {
        "summonerId": 40474407,
        "teamId": 100,
        "championId": 37
      },
      {
        "summonerId": 42993918,
        "teamId": 100,
        "championId": 81
      },
      {
        "summonerId": 19641915,
        "teamId": 200,
        "championId": 89
      }
    ],
    "stats": {
      "level": 15,
      "goldEarned": 8755,
      "numDeaths": 4,
      "minionsKilled": 167,
      "championsKilled": 3,
      "goldSpent": 7957,
      "totalDamageDealt": 90624,
      "totalDamageTaken": 15757,
      "team": 200,
      "win": false,
      "neutralMinionsKilled": 8,
      "largestMultiKill": 1,
      "physicalDamageDealtPlayer": 90253,
      "magicDamageDealtPlayer": 116,
      "physicalDamageTaken": 10587,
      "magicDamageTaken": 4667,
      "timePlayed": 1909,
      "totalHeal": 394,
      "totalUnitsHealed": 1,
      "assists": 2,
      "item0": 2044,
      "item1": 3074,
      "item3": 3158,
      "item4": 3134,
      "item5": 1037,
      "item6": 3340,
      "sightWardsBought": 3,
      "magicDamageDealtToChampions": 116,
      "physicalDamageDealtToChampions": 5315,
      "totalDamageDealtToChampions": 5686,
      "trueDamageDealtPlayer": 254,
      "trueDamageDealtToChampions": 254,
      "trueDamageTaken": 502,
      "wardPlaced": 8,
      "neutralMinionsKilledYourJungle": 8,
      "totalTimeCrowdControlDealt": 85
    }
  },
  "19641915": {
    "gameId": 825982820,
    "invalid": false,
    "gameMode": "CLASSIC",
    "gameType": "MATCHED_GAME",
    "subType": "NORMAL",
    "mapId": 1,
    "teamId": 200,
    "championId": 89,
    "spell1": 4,
    "spell2": 3,
    "level": 30,
    "ipEarned": 60,
    "createDate": 1399030632798,
    "fellowPlayers": [
      {
        "summonerId": 38518867,
        "teamId": 100,
        "championId": 59
      },
      {
        "summonerId": 30713155,
        "teamId": 200,
        "championId": 38
      },
      {
        "summonerId": 23438402,
        "teamId": 100,
        "championId": 4
      },
      {
        "summonerId": 19687153,
        "teamId": 200,
        "championId": 29
      },
      {
        "summonerId": 33485948,
        "teamId": 100,
        "championId": 24
      },
      {
        "summonerId": 29733469,
        "teamId": 200,
        "championId": 121
      },
      {
        "summonerId": 40474407,
        "teamId": 100,
        "championId": 37
      },
      {
        "summonerId": 42993918,
        "teamId": 100,
        "championId": 81
      },
      {
        "summonerId": 34477673,
        "teamId": 200,
        "championId": 92
      }
    ],
    "stats": {
      "level": 12,
      "goldEarned": 6842,
      "numDeaths": 10,
      "minionsKilled": 32,
      "championsKilled": 4,
      "goldSpent": 6535,
      "totalDamageDealt": 28035,
      "totalDamageTaken": 27401,
      "team": 200,
      "win": false,
      "largestMultiKill": 1,
      "physicalDamageDealtPlayer": 6900,
      "magicDamageDealtPlayer": 19262,
      "physicalDamageTaken": 19049,
      "magicDamageTaken": 7516,
      "timePlayed": 1909,
      "totalHeal": 3751,
      "totalUnitsHealed": 3,
      "assists": 5,
      "item0": 1028,
      "item1": 3111,
      "item2": 3068,
      "item3": 3097,
      "item4": 1028,
      "item6": 3340,
      "sightWardsBought": 7,
      "magicDamageDealtToChampions": 10527,
      "physicalDamageDealtToChampions": 3832,
      "totalDamageDealtToChampions": 14360,
      "trueDamageDealtPlayer": 1872,
      "trueDamageTaken": 836,
      "wardPlaced": 15,
      "totalTimeCrowdControlDealt": 88
    }
  },
  "19687153": {
    "gameId": 825982820,
    "invalid": false,
    "gameMode": "CLASSIC",
    "gameType": "MATCHED_GAME",
    "subType": "NORMAL",
    "mapId": 1,
    "teamId": 200,
    "championId": 29,
    "spell1": 4,
    "spell2": 21,
    "level": 30,
    "ipEarned": 60,
    "createDate": 1399030632802,
    "fellowPlayers": [
      {
        "summonerId": 38518867,
        "teamId": 100,
        "championId": 59
      },
      {
        "summonerId": 30713155,
        "teamId": 200,
        "championId": 38
      },
      {
        "summonerId": 23438402,
        "teamId": 100,
        "championId": 4
      },
      {
        "summonerId": 33485948,
        "teamId": 100,
        "championId": 24
      },
      {
        "summonerId": 29733469,
        "teamId": 200,
        "championId": 121
      },
      {
        "summonerId": 40474407,
        "teamId": 100,
        "championId": 37
      },
      {
        "summonerId": 42993918,
        "teamId": 100,
        "championId": 81
      },
      {
        "summonerId": 19641915,
        "teamId": 200,
        "championId": 89
      },
      {
        "summonerId": 34477673,
        "teamId": 200,
        "championId": 92
      }
    ],
    "stats": {
      "level": 14,
      "goldEarned": 9603,
      "numDeaths": 10,
      "turretsKilled": 1,
      "minionsKilled": 142,
      "championsKilled": 5,
      "goldSpent": 8960,
      "totalDamageDealt": 77044,
      "totalDamageTaken": 22296,
      "doubleKills": 1,
      "killingSprees": 1,
      "largestKillingSpree": 2,
      "team": 200,
      "win": false,
      "neutralMinionsKilled": 5,
      "largestMultiKill": 2,
      "physicalDamageDealtPlayer": 69611,
      "magicDamageDealtPlayer": 2163,
      "physicalDamageTaken": 15097,
      "magicDamageTaken": 7199,
      "largestCriticalStrike": 502,
      "timePlayed": 1909,
      "totalHeal": 1608,
      "totalUnitsHealed": 1,
      "assists": 5,
      "item0": 3153,
      "item1": 3006,
      "item2": 3031,
      "item6": 3340,
      "sightWardsBought": 1,
      "magicDamageDealtToChampions": 1540,
      "physicalDamageDealtToChampions": 11088,
      "totalDamageDealtToChampions": 15333,
      "trueDamageDealtPlayer": 5270,
      "trueDamageDealtToChampions": 2704,
      "wardPlaced": 7,
      "neutralMinionsKilledYourJungle": 5,
      "totalTimeCrowdControlDealt": 139
    }
  },
  "42993918": {
    "gameId": 825982820,
    "invalid": false,
    "gameMode": "CLASSIC",
    "gameType": "MATCHED_GAME",
    "subType": "NORMAL",
    "mapId": 1,
    "teamId": 100,
    "championId": 81,
    "spell1": 4,
    "spell2": 21,
    "level": 30,
    "ipEarned": 89,
    "createDate": 1399030632796,
    "fellowPlayers": [
      {
        "summonerId": 38518867,
        "teamId": 100,
        "championId": 59
      },
      {
        "summonerId": 30713155,
        "teamId": 200,
        "championId": 38
      },
      {
        "summonerId": 23438402,
        "teamId": 100,
        "championId": 4
      },
      {
        "summonerId": 19687153,
        "teamId": 200,
        "championId": 29
      },
      {
        "summonerId": 33485948,
        "teamId": 100,
        "championId": 24
      },
      {
        "summonerId": 29733469,
        "teamId": 200,
        "championId": 121
      },
      {
        "summonerId": 40474407,
        "teamId": 100,
        "championId": 37
      },
      {
        "summonerId": 19641915,
        "teamId": 200,
        "championId": 89
      },
      {
        "summonerId": 34477673,
        "teamId": 200,
        "championId": 92
      }
    ],
    "stats": {
      "level": 16,
      "goldEarned": 12236,
      "numDeaths": 3,
      "barracksKilled": 1,
      "turretsKilled": 1,
      "minionsKilled": 167,
      "championsKilled": 5,
      "goldSpent": 11695,
      "totalDamageDealt": 126722,
      "totalDamageTaken": 17293,
      "killingSprees": 1,
      "largestKillingSpree": 4,
      "team": 100,
      "win": true,
      "neutralMinionsKilled": 14,
      "largestMultiKill": 1,
      "physicalDamageDealtPlayer": 108843,
      "magicDamageDealtPlayer": 17878,
      "physicalDamageTaken": 11575,
      "magicDamageTaken": 4572,
      "largestCriticalStrike": 884,
      "timePlayed": 1909,
      "totalHeal": 2371,
      "totalUnitsHealed": 1,
      "assists": 16,
      "item0": 3072,
      "item1": 1055,
      "item2": 3031,
      "item3": 3250,
      "item4": 3035,
      "item6": 3340,
      "magicDamageDealtToChampions": 5062,
      "physicalDamageDealtToChampions": 14857,
      "totalDamageDealtToChampions": 19920,
      "trueDamageTaken": 1146,
      "wardPlaced": 9,
      "neutralMinionsKilledEnemyJungle": 4,
      "neutralMinionsKilledYourJungle": 10
    }
  },
  "33485948": {
    "gameId": 825982820,
    "invalid": false,
    "gameMode": "CLASSIC",
    "gameType": "MATCHED_GAME",
    "subType": "NORMAL",
    "mapId": 1,
    "teamId": 100,
    "championId": 24,
    "spell1": 14,
    "spell2": 4,
    "level": 30,
    "ipEarned": 89,
    "createDate": 1399030632795,
    "fellowPlayers": [
      {
        "summonerId": 38518867,
        "teamId": 100,
        "championId": 59
      },
      {
        "summonerId": 30713155,
        "teamId": 200,
        "championId": 38
      },
      {
        "summonerId": 23438402,
        "teamId": 100,
        "championId": 4
      },
      {
        "summonerId": 19687153,
        "teamId": 200,
        "championId": 29
      },
      {
        "summonerId": 29733469,
        "teamId": 200,
        "championId": 121
      },
      {
        "summonerId": 40474407,
        "teamId": 100,
        "championId": 37
      },
      {
        "summonerId": 42993918,
        "teamId": 100,
        "championId": 81
      },
      {
        "summonerId": 19641915,
        "teamId": 200,
        "championId": 89
      },
      {
        "summonerId": 34477673,
        "teamId": 200,
        "championId": 92
      }
    ],
    "stats": {
      "level": 17,
      "goldEarned": 14274,
      "numDeaths": 2,
      "barracksKilled": 1,
      "turretsKilled": 3,
      "minionsKilled": 176,
      "championsKilled": 14,
      "goldSpent": 11733,
      "totalDamageDealt": 148965,
      "totalDamageTaken": 19203,
      "doubleKills": 3,
      "killingSprees": 1,
      "largestKillingSpree": 13,
      "team": 100,
      "win": true,
      "neutralMinionsKilled": 13,
      "largestMultiKill": 2,
      "physicalDamageDealtPlayer": 117501,
      "magicDamageDealtPlayer": 29910,
      "physicalDamageTaken": 14284,
      "magicDamageTaken": 4081,
      "largestCriticalStrike": 724,
      "timePlayed": 1909,
      "assists": 5,
      "item0": 3146,
      "item1": 3153,
      "item2": 3047,
      "item3": 3078,
      "item6": 3340,
      "sightWardsBought": 2,
      "magicDamageDealtToChampions": 7332,
      "physicalDamageDealtToChampions": 18654,
      "totalDamageDealtToChampions": 27066,
      "trueDamageDealtPlayer": 1554,
      "trueDamageDealtToChampions": 1080,
      "trueDamageTaken": 836,
      "wardPlaced": 9,
      "neutralMinionsKilledEnemyJungle": 13,
      "totalTimeCrowdControlDealt": 158
    }
  },
  "40474407": {
    "gameId": 825982820,
    "invalid": false,
    "gameMode": "CLASSIC",
    "gameType": "MATCHED_GAME",
    "subType": "NORMAL",
    "mapId": 1,
    "teamId": 100,
    "championId": 37,
    "spell1": 4,
    "spell2": 13,
    "level": 30,
    "ipEarned": 89,
    "createDate": 1399030632794,
    "fellowPlayers": [
      {
        "summonerId": 38518867,
        "teamId": 100,
        "championId": 59
      },
      {
        "summonerId": 30713155,
        "teamId": 200,
        "championId": 38
      },
      {
        "summonerId": 23438402,
        "teamId": 100,
        "championId": 4
      },
      {
        "summonerId": 19687153,
        "teamId": 200,
        "championId": 29
      },
      {
        "summonerId": 33485948,
        "teamId": 100,
        "championId": 24
      },
      {
        "summonerId": 29733469,
        "teamId": 200,
        "championId": 121
      },
      {
        "summonerId": 42993918,
        "teamId": 100,
        "championId": 81
      },
      {
        "summonerId": 19641915,
        "teamId": 200,
        "championId": 89
      },
      {
        "summonerId": 34477673,
        "teamId": 200,
        "championId": 92
      }
    ],
    "stats": {
      "level": 15,
      "goldEarned": 10637,
      "numDeaths": 6,
      "turretsKilled": 1,
      "minionsKilled": 23,
      "championsKilled": 4,
      "goldSpent": 9790,
      "totalDamageDealt": 25726,
      "totalDamageTaken": 14981,
      "killingSprees": 1,
      "largestKillingSpree": 2,
      "team": 100,
      "win": true,
      "largestMultiKill": 1,
      "physicalDamageDealtPlayer": 11393,
      "magicDamageDealtPlayer": 14333,
      "physicalDamageTaken": 9609,
      "magicDamageTaken": 4070,
      "timePlayed": 1909,
      "totalHeal": 9306,
      "totalUnitsHealed": 5,
      "assists": 21,
      "item0": 3174,
      "item1": 2049,
      "item2": 3117,
      "item3": 1058,
      "item4": 3116,
      "item5": 1052,
      "item6": 3340,
      "sightWardsBought": 2,
      "magicDamageDealtToChampions": 8298,
      "physicalDamageDealtToChampions": 3018,
      "totalDamageDealtToChampions": 11317,
      "trueDamageTaken": 1301,
      "wardPlaced": 19,
      "totalTimeCrowdControlDealt": 91
    }
  },
  "38518867": {
    "gameId": 825982820,
    "invalid": false,
    "gameMode": "CLASSIC",
    "gameType": "MATCHED_GAME",
    "subType": "NORMAL",
    "mapId": 1,
    "teamId": 100,
    "championId": 59,
    "spell1": 4,
    "spell2": 11,
    "level": 30,
    "ipEarned": 239,
    "createDate": 1399030632793,
    "fellowPlayers": [
      {
        "summonerId": 30713155,
        "teamId": 200,
        "championId": 38
      },
      {
        "summonerId": 23438402,
        "teamId": 100,
        "championId": 4
      },
      {
        "summonerId": 19687153,
        "teamId": 200,
        "championId": 29
      },
      {
        "summonerId": 33485948,
        "teamId": 100,
        "championId": 24
      },
      {
        "summonerId": 29733469,
        "teamId": 200,
        "championId": 121
      },
      {
        "summonerId": 40474407,
        "teamId": 100,
        "championId": 37
      },
      {
        "summonerId": 42993918,
        "teamId": 100,
        "championId": 81
      },
      {
        "summonerId": 19641915,
        "teamId": 200,
        "championId": 89
      },
      {
        "summonerId": 34477673,
        "teamId": 200,
        "championId": 92
      }
    ],
    "stats": {
      "level": 16,
      "goldEarned": 12394,
      "numDeaths": 2,
      "turretsKilled": 4,
      "minionsKilled": 28,
      "championsKilled": 9,
      "goldSpent": 11505,
      "totalDamageDealt": 108635,
      "totalDamageTaken": 15026,
      "doubleKills": 1,
      "killingSprees": 2,
      "largestKillingSpree": 5,
      "team": 100,
      "win": true,
      "neutralMinionsKilled": 62,
      "largestMultiKill": 2,
      "physicalDamageDealtPlayer": 75174,
      "magicDamageDealtPlayer": 22489,
      "physicalDamageTaken": 12817,
      "magicDamageTaken": 1653,
      "timePlayed": 1909,
      "totalHeal": 2177,
      "totalUnitsHealed": 1,
      "assists": 17,
      "item0": 3077,
      "item1": 3264,
      "item2": 3106,
      "item3": 3022,
      "item4": 3071,
      "item5": 1053,
      "item6": 3340,
      "magicDamageDealtToChampions": 1791,
      "physicalDamageDealtToChampions": 10018,
      "totalDamageDealtToChampions": 12320,
      "trueDamageDealtPlayer": 10972,
      "trueDamageDealtToChampions": 510,
      "trueDamageTaken": 555,
      "wardPlaced": 8,
      "neutralMinionsKilledEnemyJungle": 7,
      "neutralMinionsKilledYourJungle": 55,
      "totalTimeCrowdControlDealt": 616
    }
  },
  "30713155": {
    "gameId": 825982820,
    "invalid": false,
    "gameMode": "CLASSIC",
    "gameType": "MATCHED_GAME",
    "subType": "NORMAL",
    "mapId": 1,
    "teamId": 200,
    "championId": 38,
    "spell1": 14,
    "spell2": 4,
    "level": 30,
    "ipEarned": 60,
    "createDate": 1399030632797,
    "fellowPlayers": [
      {
        "summonerId": 38518867,
        "teamId": 100,
        "championId": 59
      },
      {
        "summonerId": 23438402,
        "teamId": 100,
        "championId": 4
      },
      {
        "summonerId": 19687153,
        "teamId": 200,
        "championId": 29
      },
      {
        "summonerId": 33485948,
        "teamId": 100,
        "championId": 24
      },
      {
        "summonerId": 29733469,
        "teamId": 200,
        "championId": 121
      },
      {
        "summonerId": 40474407,
        "teamId": 100,
        "championId": 37
      },
      {
        "summonerId": 42993918,
        "teamId": 100,
        "championId": 81
      },
      {
        "summonerId": 19641915,
        "teamId": 200,
        "championId": 89
      },
      {
        "summonerId": 34477673,
        "teamId": 200,
        "championId": 92
      }
    ],
    "stats": {
      "level": 14,
      "goldEarned": 8545,
      "numDeaths": 7,
      "minionsKilled": 116,
      "championsKilled": 6,
      "goldSpent": 8500,
      "totalDamageDealt": 65148,
      "totalDamageTaken": 25303,
      "killingSprees": 1,
      "largestKillingSpree": 4,
      "team": 200,
      "win": false,
      "neutralMinionsKilled": 2,
      "largestMultiKill": 1,
      "physicalDamageDealtPlayer": 16341,
      "magicDamageDealtPlayer": 47510,
      "physicalDamageTaken": 12473,
      "magicDamageTaken": 12508,
      "timePlayed": 1909,
      "totalHeal": 812,
      "totalUnitsHealed": 1,
      "assists": 3,
      "item0": 3070,
      "item1": 1004,
      "item2": 3027,
      "item3": 3020,
      "item4": 3089,
      "item6": 3340,
      "magicDamageDealtToChampions": 12331,
      "physicalDamageDealtToChampions": 1857,
      "totalDamageDealtToChampions": 15484,
      "trueDamageDealtPlayer": 1296,
      "trueDamageDealtToChampions": 1296,
      "trueDamageTaken": 322,
      "wardPlaced": 1,
      "neutralMinionsKilledYourJungle": 2,
      "totalTimeCrowdControlDealt": 206
    }
  },
  "23438402": {
    "gameId": 825982820,
    "invalid": false,
    "gameMode": "CLASSIC",
    "gameType": "MATCHED_GAME",
    "subType": "NORMAL",
    "mapId": 1,
    "teamId": 100,
    "championId": 4,
    "spell1": 4,
    "spell2": 7,
    "level": 30,
    "ipEarned": 89,
    "createDate": 1399030632792,
    "fellowPlayers": [
      {
        "summonerId": 38518867,
        "teamId": 100,
        "championId": 59
      },
      {
        "summonerId": 30713155,
        "teamId": 200,
        "championId": 38
      },
      {
        "summonerId": 19687153,
        "teamId": 200,
        "championId": 29
      },
      {
        "summonerId": 33485948,
        "teamId": 100,
        "championId": 24
      },
      {
        "summonerId": 29733469,
        "teamId": 200,
        "championId": 121
      },
      {
        "summonerId": 40474407,
        "teamId": 100,
        "championId": 37
      },
      {
        "summonerId": 42993918,
        "teamId": 100,
        "championId": 81
      },
      {
        "summonerId": 19641915,
        "teamId": 200,
        "championId": 89
      },
      {
        "summonerId": 34477673,
        "teamId": 200,
        "championId": 92
      }
    ],
    "stats": {
      "level": 16,
      "goldEarned": 12789,
      "numDeaths": 13,
      "minionsKilled": 158,
      "championsKilled": 8,
      "goldSpent": 10740,
      "totalDamageDealt": 127494,
      "totalDamageTaken": 25776,
      "killingSprees": 1,
      "largestKillingSpree": 2,
      "team": 100,
      "win": true,
      "neutralMinionsKilled": 7,
      "largestMultiKill": 1,
      "physicalDamageDealtPlayer": 16805,
      "magicDamageDealtPlayer": 110334,
      "physicalDamageTaken": 12800,
      "magicDamageTaken": 11124,
      "timePlayed": 1909,
      "totalHeal": 1970,
      "totalUnitsHealed": 2,
      "assists": 7,
      "item0": 1056,
      "item1": 3100,
      "item2": 3020,
      "item3": 3135,
      "item4": 1056,
      "item5": 3089,
      "item6": 3340,
      "magicDamageDealtToChampions": 19332,
      "physicalDamageDealtToChampions": 3046,
      "totalDamageDealtToChampions": 22605,
      "trueDamageDealtPlayer": 354,
      "trueDamageDealtToChampions": 226,
      "trueDamageTaken": 1851,
      "wardPlaced": 5,
      "neutralMinionsKilledYourJungle": 7,
      "totalTimeCrowdControlDealt": 330
    }
  }
}