{
  "26063120": {
    "gameId": 825977069,
    "invalid": false,
    "gameMode": "CLASSIC",
    "gameType": "MATCHED_GAME",
    "subType": "RANKED_SOLO_5x5",
    "mapId": 1,
    "teamId": 100,
    "championId": 10,
    "spell1": 21,
    "spell2": 14,
    "level": 30,
    "ipEarned": 69,
    "createDate": 1399031685355,
    "fellowPlayers": [
      {
        "summonerId": 30970339,
        "teamId": 200,
        "championId": 80
      },
      {
        "summonerId": 25216737,
        "teamId": 100,
        "championId": 131
      },
      {
        "summonerId": 27520858,
        "teamId": 100,
        "championId": 120
      },
      {
        "summonerId": 30845558,
        "teamId": 200,
        "championId": 55
      },
      {
        "summonerId": 22258448,
        "teamId": 200,
        "championId": 29
      },
      {
        "summonerId": 31194348,
        "teamId": 200,
        "championId": 13
      },
      {
        "summonerId": 44754478,
        "teamId": 200,
        "championId": 99
      },
      {
        "summonerId": 25282976,
        "teamId": 100,
        "championId": 51
      },
      {
        "summonerId": 30972794,
        "teamId": 100,
        "championId": 53
      }
    ],
    "stats": {
      "level": 18,
      "goldEarned": 17034,
      "numDeaths": 10,
      "turretsKilled": 4,
      "minionsKilled": 201,
      "championsKilled": 16,
      "goldSpent": 16950,
      "totalDamageDealt": 180611,
      "totalDamageTaken": 36741,
      "doubleKills": 1,
      "killingSprees": 5,
      "largestKillingSpree": 3,
      "team": 100,
      "win": false,
      "neutralMinionsKilled": 14,
      "largestMultiKill": 2,
      "physicalDamageDealtPlayer": 36475,
      "magicDamageDealtPlayer": 141457,
      "physicalDamageTaken": 15859,
      "magicDamageTaken": 20025,
      "timePlayed": 2315,
      "totalHeal": 11559,
      "totalUnitsHealed": 4,
      "assists": 12,
      "item0": 3128,
      "item1": 3115,
      "item2": 3255,
      "item3": 3100,
      "item4": 3001,
      "item5": 1058,
      "item6": 3340,
      "magicDamageDealtToChampions": 27760,
      "physicalDamageDealtToChampions": 6629,
      "totalDamageDealtToChampions": 36347,
      "trueDamageDealtPlayer": 2678,
      "trueDamageDealtToChampions": 1958,
      "trueDamageTaken": 856,
      "wardPlaced": 7,
      "neutralMinionsKilledEnemyJungle": 4,
      "neutralMinionsKilledYourJungle": 10,
      "totalTimeCrowdControlDealt": 378
    }
  },
  "summonerCount": 10,
  "25282976": {
    "gameId": 825977069,
    "invalid": false,
    "gameMode": "CLASSIC",
    "gameType": "MATCHED_GAME",
    "subType": "RANKED_SOLO_5x5",
    "mapId": 1,
    "teamId": 100,
    "championId": 51,
    "spell1": 4,
    "spell2": 7,
    "level": 30,
    "ipEarned": 69,
    "createDate": 1399031685354,
    "fellowPlayers": [
      {
        "summonerId": 30970339,
        "teamId": 200,
        "championId": 80
      },
      {
        "summonerId": 26063120,
        "teamId": 100,
        "championId": 10
      },
      {
        "summonerId": 25216737,
        "teamId": 100,
        "championId": 131
      },
      {
        "summonerId": 27520858,
        "teamId": 100,
        "championId": 120
      },
      {
        "summonerId": 30845558,
        "teamId": 200,
        "championId": 55
      },
      {
        "summonerId": 22258448,
        "teamId": 200,
        "championId": 29
      },
      {
        "summonerId": 31194348,
        "teamId": 200,
        "championId": 13
      },
      {
        "summonerId": 44754478,
        "teamId": 200,
        "championId": 99
      },
      {
        "summonerId": 30972794,
        "teamId": 100,
        "championId": 53
      }
    ],
    "stats": {
      "level": 16,
      "goldEarned": 13783,
      "numDeaths": 14,
      "barracksKilled": 1,
      "turretsKilled": 1,
      "minionsKilled": 141,
      "championsKilled": 11,
      "goldSpent": 13410,
      "totalDamageDealt": 113667,
      "totalDamageTaken": 30788,
      "doubleKills": 1,
      "killingSprees": 2,
      "largestKillingSpree": 2,
      "team": 100,
      "win": false,
      "neutralMinionsKilled": 5,
      "largestMultiKill": 2,
      "physicalDamageDealtPlayer": 109599,
      "magicDamageDealtPlayer": 3058,
      "physicalDamageTaken": 12852,
      "magicDamageTaken": 16720,
      "largestCriticalStrike": 1063,
      "timePlayed": 2315,
      "totalHeal": 3841,
      "totalUnitsHealed": 3,
      "assists": 10,
      "item0": 3250,
      "item1": 3031,
      "item2": 3072,
      "item3": 3046,
      "item4": 1037,
      "item5": 1036,
      "item6": 3340,
      "magicDamageDealtToChampions": 2669,
      "physicalDamageDealtToChampions": 20660,
      "totalDamageDealtToChampions": 23971,
      "trueDamageDealtPlayer": 1009,
      "trueDamageDealtToChampions": 641,
      "trueDamageTaken": 1216,
      "wardPlaced": 5,
      "neutralMinionsKilledYourJungle": 5,
      "totalTimeCrowdControlDealt": 256
    }
  },
  "30972794": {
    "gameId": 825977069,
    "invalid": false,
    "gameMode": "CLASSIC",
    "gameType": "MATCHED_GAME",
    "subType": "RANKED_SOLO_5x5",
    "mapId": 1,
    "teamId": 100,
    "championId": 53,
    "spell1": 4,
    "spell2": 3,
    "level": 30,
    "ipEarned": 69,
    "createDate": 1399031685353,
    "fellowPlayers": [
      {
        "summonerId": 30970339,
        "teamId": 200,
        "championId": 80
      },
      {
        "summonerId": 26063120,
        "teamId": 100,
        "championId": 10
      },
      {
        "summonerId": 25216737,
        "teamId": 100,
        "championId": 131
      },
      {
        "summonerId": 27520858,
        "teamId": 100,
        "championId": 120
      },
      {
        "summonerId": 30845558,
        "teamId": 200,
        "championId": 55
      },
      {
        "summonerId": 22258448,
        "teamId": 200,
        "championId": 29
      },
      {
        "summonerId": 31194348,
        "teamId": 200,
        "championId": 13
      },
      {
        "summonerId": 44754478,
        "teamId": 200,
        "championId": 99
      },
      {
        "summonerId": 25282976,
        "teamId": 100,
        "championId": 51
      }
    ],
    "stats": {
      "level": 16,
      "goldEarned": 11286,
      "numDeaths": 14,
      "minionsKilled": 20,
      "championsKilled": 2,
      "goldSpent": 11420,
      "totalDamageDealt": 34904,
      "totalDamageTaken": 41783,
      "team": 100,
      "win": false,
      "largestMultiKill": 1,
      "physicalDamageDealtPlayer": 9148,
      "magicDamageDealtPlayer": 25755,
      "physicalDamageTaken": 17155,
      "magicDamageTaken": 22365,
      "timePlayed": 2315,
      "totalHeal": 3896,
      "totalUnitsHealed": 1,
      "assists": 24,
      "item0": 3069,
      "item1": 3056,
      "item2": 2045,
      "item3": 3270,
      "item4": 3102,
      "item5": 1052,
      "item6": 3340,
      "sightWardsBought": 5,
      "magicDamageDealtToChampions": 10850,
      "physicalDamageDealtToChampions": 3782,
      "totalDamageDealtToChampions": 14632,
      "trueDamageTaken": 2262,
      "wardPlaced": 18,
      "totalTimeCrowdControlDealt": 83
    }
  },
  "22258448": {
    "gameId": 825977069,
    "invalid": false,
    "gameMode": "CLASSIC",
    "gameType": "MATCHED_GAME",
    "subType": "RANKED_SOLO_5x5",
    "mapId": 1,
    "teamId": 200,
    "championId": 29,
    "spell1": 7,
    "spell2": 4,
    "level": 30,
    "ipEarned": 106,
    "createDate": 1399031685360,
    "fellowPlayers": [
      {
        "summonerId": 30970339,
        "teamId": 200,
        "championId": 80
      },
      {
        "summonerId": 26063120,
        "teamId": 100,
        "championId": 10
      },
      {
        "summonerId": 25216737,
        "teamId": 100,
        "championId": 131
      },
      {
        "summonerId": 27520858,
        "teamId": 100,
        "championId": 120
      },
      {
        "summonerId": 30845558,
        "teamId": 200,
        "championId": 55
      },
      {
        "summonerId": 31194348,
        "teamId": 200,
        "championId": 13
      },
      {
        "summonerId": 44754478,
        "teamId": 200,
        "championId": 99
      },
      {
        "summonerId": 25282976,
        "teamId": 100,
        "championId": 51
      },
      {
        "summonerId": 30972794,
        "teamId": 100,
        "championId": 53
      }
    ],
    "stats": {
      "level": 17,
      "goldEarned": 14718,
      "numDeaths": 11,
      "barracksKilled": 1,
      "turretsKilled": 4,
      "minionsKilled": 172,
      "championsKilled": 12,
      "goldSpent": 13240,
      "totalDamageDealt": 118984,
      "totalDamageTaken": 30123,
      "doubleKills": 3,
      "tripleKills": 1,
      "quadraKills": 1,
      "killingSprees": 2,
      "largestKillingSpree": 5,
      "team": 200,
      "win": true,
      "neutralMinionsKilled": 13,
      "largestMultiKill": 4,
      "physicalDamageDealtPlayer": 109659,
      "physicalDamageTaken": 14282,
      "magicDamageTaken": 15042,
      "largestCriticalStrike": 705,
      "timePlayed": 2315,
      "totalHeal": 4061,
      "totalUnitsHealed": 3,
      "assists": 12,
      "item0": 3072,
      "item1": 3031,
      "item2": 3250,
      "item3": 1053,
      "item4": 3085,
      "item5": 3086,
      "item6": 3340,
      "physicalDamageDealtToChampions": 21412,
      "totalDamageDealtToChampions": 27132,
      "trueDamageDealtPlayer": 9325,
      "trueDamageDealtToChampions": 5719,
      "trueDamageTaken": 798,
      "wardPlaced": 13,
      "neutralMinionsKilledEnemyJungle": 8,
      "neutralMinionsKilledYourJungle": 5,
      "totalTimeCrowdControlDealt": 222
    }
  },
  "27520858": {
    "gameId": 825977069,
    "invalid": false,
    "gameMode": "CLASSIC",
    "gameType": "MATCHED_GAME",
    "subType": "RANKED_SOLO_5x5",
    "mapId": 1,
    "teamId": 100,
    "championId": 120,
    "spell1": 11,
    "spell2": 6,
    "level": 30,
    "ipEarned": 69,
    "createDate": 1399031685350,
    "fellowPlayers": [
      {
        "summonerId": 30970339,
        "teamId": 200,
        "championId": 80
      },
      {
        "summonerId": 26063120,
        "teamId": 100,
        "championId": 10
      },
      {
        "summonerId": 25216737,
        "teamId": 100,
        "championId": 131
      },
      {
        "summonerId": 30845558,
        "teamId": 200,
        "championId": 55
      },
      {
        "summonerId": 22258448,
        "teamId": 200,
        "championId": 29
      },
      {
        "summonerId": 31194348,
        "teamId": 200,
        "championId": 13
      },
      {
        "summonerId": 44754478,
        "teamId": 200,
        "championId": 99
      },
      {
        "summonerId": 25282976,
        "teamId": 100,
        "championId": 51
      },
      {
        "summonerId": 30972794,
        "teamId": 100,
        "championId": 53
      }
    ],
    "stats": {
      "level": 18,
      "goldEarned": 15071,
      "numDeaths": 7,
      "turretsKilled": 2,
      "minionsKilled": 74,
      "championsKilled": 9,
      "goldSpent": 14278,
      "totalDamageDealt": 166617,
      "totalDamageTaken": 44497,
      "killingSprees": 2,
      "largestKillingSpree": 5,
      "team": 100,
      "win": false,
      "neutralMinionsKilled": 72,
      "largestMultiKill": 1,
      "physicalDamageDealtPlayer": 116986,
      "magicDamageDealtPlayer": 30191,
      "physicalDamageTaken": 22280,
      "magicDamageTaken": 19343,
      "largestCriticalStrike": 658,
      "timePlayed": 2315,
      "totalHeal": 12260,
      "totalUnitsHealed": 1,
      "assists": 19,
      "item0": 3143,
      "item1": 3078,
      "item2": 3065,
      "item3": 3269,
      "item4": 3209,
      "item5": 1031,
      "item6": 3341,
      "sightWardsBought": 2,
      "magicDamageDealtToChampions": 7636,
      "physicalDamageDealtToChampions": 16605,
      "totalDamageDealtToChampions": 25996,
      "trueDamageDealtPlayer": 19439,
      "trueDamageDealtToChampions": 1754,
      "trueDamageTaken": 2874,
      "wardPlaced": 10,
      "neutralMinionsKilledEnemyJungle": 3,
      "neutralMinionsKilledYourJungle": 69,
      "totalTimeCrowdControlDealt": 407
    }
  },
  "25216737": {
    "gameId": 825977069,
    "invalid": false,
    "gameMode": "CLASSIC",
    "gameType": "MATCHED_GAME",
    "subType": "RANKED_SOLO_5x5",
    "mapId": 1,
    "teamId": 100,
    "championId": 131,
    "spell1": 4,
    "spell2": 7,
    "level": 30,
    "ipEarned": 69,
    "createDate": 1399031685352,
    "fellowPlayers": [
      {
        "summonerId": 30970339,
        "teamId": 200,
        "championId": 80
      },
      {
        "summonerId": 26063120,
        "teamId": 100,
        "championId": 10
      },
      {
        "summonerId": 27520858,
        "teamId": 100,
        "championId": 120
      },
      {
        "summonerId": 30845558,
        "teamId": 200,
        "championId": 55
      },
      {
        "summonerId": 22258448,
        "teamId": 200,
        "championId": 29
      },
      {
        "summonerId": 31194348,
        "teamId": 200,
        "championId": 13
      },
      {
        "summonerId": 44754478,
        "teamId": 200,
        "championId": 99
      },
      {
        "summonerId": 25282976,
        "teamId": 100,
        "championId": 51
      },
      {
        "summonerId": 30972794,
        "teamId": 100,
        "championId": 53
      }
    ],
    "stats": {
      "level": 18,
      "goldEarned": 15809,
      "numDeaths": 8,
      "minionsKilled": 93,
      "championsKilled": 14,
      "goldSpent": 15510,
      "totalDamageDealt": 97869,
      "totalDamageTaken": 34385,
      "doubleKills": 1,
      "killingSprees": 3,
      "largestKillingSpree": 5,
      "team": 100,
      "win": false,
      "neutralMinionsKilled": 2,
      "largestMultiKill": 2,
      "physicalDamageDealtPlayer": 20355,
      "magicDamageDealtPlayer": 76646,
      "physicalDamageTaken": 11978,
      "magicDamageTaken": 19709,
      "timePlayed": 2315,
      "totalHeal": 6145,
      "totalUnitsHealed": 3,
      "assists": 24,
      "item0": 3143,
      "item1": 3157,
      "item2": 3255,
      "item3": 3174,
      "item4": 3116,
      "item5": 1058,
      "item6": 3340,
      "magicDamageDealtToChampions": 24480,
      "physicalDamageDealtToChampions": 3540,
      "totalDamageDealtToChampions": 28618,
      "trueDamageDealtPlayer": 868,
      "trueDamageDealtToChampions": 598,
      "trueDamageTaken": 2697,
      "wardKilled": 1,
      "wardPlaced": 6,
      "neutralMinionsKilledEnemyJungle": 1,
      "neutralMinionsKilledYourJungle": 1,
      "totalTimeCrowdControlDealt": 530
    }
  },
  "30970339": {
    "gameId": 825977069,
    "invalid": false,
    "gameMode": "CLASSIC",
    "gameType": "MATCHED_GAME",
    "subType": "RANKED_SOLO_5x5",
    "mapId": 1,
    "teamId": 200,
    "championId": 80,
    "spell1": 11,
    "spell2": 4,
    "level": 30,
    "ipEarned": 256,
    "createDate": 1399031685356,
    "fellowPlayers": [
      {
        "summonerId": 26063120,
        "teamId": 100,
        "championId": 10
      },
      {
        "summonerId": 25216737,
        "teamId": 100,
        "championId": 131
      },
      {
        "summonerId": 27520858,
        "teamId": 100,
        "championId": 120
      },
      {
        "summonerId": 30845558,
        "teamId": 200,
        "championId": 55
      },
      {
        "summonerId": 22258448,
        "teamId": 200,
        "championId": 29
      },
      {
        "summonerId": 31194348,
        "teamId": 200,
        "championId": 13
      },
      {
        "summonerId": 44754478,
        "teamId": 200,
        "championId": 99
      },
      {
        "summonerId": 25282976,
        "teamId": 100,
        "championId": 51
      },
      {
        "summonerId": 30972794,
        "teamId": 100,
        "championId": 53
      }
    ],
    "stats": {
      "level": 17,
      "goldEarned": 12448,
      "numDeaths": 13,
      "minionsKilled": 25,
      "championsKilled": 10,
      "goldSpent": 11970,
      "totalDamageDealt": 127729,
      "totalDamageTaken": 37004,
      "killingSprees": 2,
      "largestKillingSpree": 2,
      "team": 200,
      "win": true,
      "neutralMinionsKilled": 64,
      "largestMultiKill": 1,
      "physicalDamageDealtPlayer": 112233,
      "magicDamageDealtPlayer": 8476,
      "physicalDamageTaken": 22977,
      "magicDamageTaken": 12915,
      "largestCriticalStrike": 734,
      "timePlayed": 2315,
      "totalHeal": 2905,
      "totalUnitsHealed": 1,
      "assists": 12,
      "item0": 3156,
      "item1": 3153,
      "item2": 3270,
      "item3": 3065,
      "item4": 1057,
      "item6": 3342,
      "magicDamageDealtToChampions": 3946,
      "physicalDamageDealtToChampions": 22264,
      "totalDamageDealtToChampions": 26494,
      "trueDamageDealtPlayer": 7020,
      "trueDamageDealtToChampions": 284,
      "trueDamageTaken": 1111,
      "wardKilled": 1,
      "neutralMinionsKilledEnemyJungle": 9,
      "neutralMinionsKilledYourJungle": 55,
      "totalTimeCrowdControlDealt": 257
    }
  },
  "30845558": {
    "gameId": 825977069,
    "invalid": false,
    "gameMode": "CLASSIC",
    "gameType": "MATCHED_GAME",
    "subType": "RANKED_SOLO_5x5",
    "mapId": 1,
    "teamId": 200,
    "championId": 55,
    "spell1": 14,
    "spell2": 4,
    "level": 30,
    "ipEarned": 106,
    "createDate": 1399031685357,
    "fellowPlayers": [
      {
        "summonerId": 30970339,
        "teamId": 200,
        "championId": 80
      },
      {
        "summonerId": 26063120,
        "teamId": 100,
        "championId": 10
      },
      {
        "summonerId": 25216737,
        "teamId": 100,
        "championId": 131
      },
      {
        "summonerId": 27520858,
        "teamId": 100,
        "championId": 120
      },
      {
        "summonerId": 22258448,
        "teamId": 200,
        "championId": 29
      },
      {
        "summonerId": 31194348,
        "teamId": 200,
        "championId": 13
      },
      {
        "summonerId": 44754478,
        "teamId": 200,
        "championId": 99
      },
      {
        "summonerId": 25282976,
        "teamId": 100,
        "championId": 51
      },
      {
        "summonerId": 30972794,
        "teamId": 100,
        "championId": 53
      }
    ],
    "stats": {
      "level": 18,
      "goldEarned": 15849,
      "numDeaths": 10,
      "minionsKilled": 180,
      "championsKilled": 15,
      "goldSpent": 15525,
      "totalDamageDealt": 149258,
      "totalDamageTaken": 28106,
      "doubleKills": 3,
      "tripleKills": 1,
      "killingSprees": 4,
      "largestKillingSpree": 4,
      "team": 200,
      "win": true,
      "neutralMinionsKilled": 4,
      "largestMultiKill": 3,
      "physicalDamageDealtPlayer": 14160,
      "magicDamageDealtPlayer": 133308,
      "physicalDamageTaken": 13721,
      "magicDamageTaken": 12910,
      "timePlayed": 2315,
      "totalHeal": 562,
      "totalUnitsHealed": 1,
      "assists": 13,
      "item0": 3128,
      "item1": 3135,
      "item2": 3089,
      "item3": 3026,
      "item4": 3259,
      "item6": 3340,
      "sightWardsBought": 2,
      "magicDamageDealtToChampions": 34639,
      "physicalDamageDealtToChampions": 720,
      "totalDamageDealtToChampions": 37015,
      "trueDamageDealtPlayer": 1789,
      "trueDamageDealtToChampions": 1655,
      "trueDamageTaken": 1474,
      "wardPlaced": 14,
      "neutralMinionsKilledEnemyJungle": 4,
      "totalTimeCrowdControlDealt": 45
    }
  },
  "31194348": {
    "gameId": 825977069,
    "invalid": false,
    "gameMode": "CLASSIC",
    "gameType": "MATCHED_GAME",
    "subType": "RANKED_SOLO_5x5",
    "mapId": 1,
    "teamId": 200,
    "championId": 13,
    "spell1": 4,
    "spell2": 14,
    "level": 30,
    "ipEarned": 106,
    "createDate": 1399031685359,
    "fellowPlayers": [
      {
        "summonerId": 30970339,
        "teamId": 200,
        "championId": 80
      },
      {
        "summonerId": 26063120,
        "teamId": 100,
        "championId": 10
      },
      {
        "summonerId": 25216737,
        "teamId": 100,
        "championId": 131
      },
      {
        "summonerId": 27520858,
        "teamId": 100,
        "championId": 120
      },
      {
        "summonerId": 30845558,
        "teamId": 200,
        "championId": 55
      },
      {
        "summonerId": 22258448,
        "teamId": 200,
        "championId": 29
      },
      {
        "summonerId": 44754478,
        "teamId": 200,
        "championId": 99
      },
      {
        "summonerId": 25282976,
        "teamId": 100,
        "championId": 51
      },
      {
        "summonerId": 30972794,
        "teamId": 100,
        "championId": 53
      }
    ],
    "stats": {
      "level": 16,
      "goldEarned": 10485,
      "numDeaths": 11,
      "minionsKilled": 122,
      "championsKilled": 2,
      "goldSpent": 9020,
      "totalDamageDealt": 87006,
      "totalDamageTaken": 33780,
      "team": 200,
      "win": true,
      "neutralMinionsKilled": 2,
      "largestMultiKill": 1,
      "physicalDamageDealtPlayer": 11839,
      "magicDamageDealtPlayer": 74014,
      "physicalDamageTaken": 12833,
      "magicDamageTaken": 19684,
      "timePlayed": 2315,
      "assists": 11,
      "item0": 3070,
      "item1": 3027,
      "item2": 3020,
      "item3": 3110,
      "item4": 3211,
      "item6": 3340,
      "magicDamageDealtToChampions": 17686,
      "physicalDamageDealtToChampions": 1161,
      "totalDamageDealtToChampions": 19770,
      "trueDamageDealtPlayer": 1152,
      "trueDamageDealtToChampions": 922,
      "trueDamageTaken": 1262,
      "wardPlaced": 6,
      "neutralMinionsKilledYourJungle": 2,
      "totalTimeCrowdControlDealt": 288
    }
  },
  "44754478": {
    "gameId": 825977069,
    "invalid": false,
    "gameMode": "CLASSIC",
    "gameType": "MATCHED_GAME",
    "subType": "RANKED_SOLO_5x5",
    "mapId": 1,
    "teamId": 200,
    "championId": 99,
    "spell1": 4,
    "spell2": 7,
    "level": 30,
    "ipEarned": 106,
    "createDate": 1399031685361,
    "fellowPlayers": [
      {
        "summonerId": 30970339,
        "teamId": 200,
        "championId": 80
      },
      {
        "summonerId": 26063120,
        "teamId": 100,
        "championId": 10
      },
      {
        "summonerId": 25216737,
        "teamId": 100,
        "championId": 131
      },
      {
        "summonerId": 27520858,
        "teamId": 100,
        "championId": 120
      },
      {
        "summonerId": 30845558,
        "teamId": 200,
        "championId": 55
      },
      {
        "summonerId": 22258448,
        "teamId": 200,
        "championId": 29
      },
      {
        "summonerId": 31194348,
        "teamId": 200,
        "championId": 13
      },
      {
        "summonerId": 25282976,
        "teamId": 100,
        "championId": 51
      },
      {
        "summonerId": 30972794,
        "teamId": 100,
        "championId": 53
      }
    ],
    "stats": {
      "level": 18,
      "goldEarned": 14987,
      "numDeaths": 7,
      "barracksKilled": 1,
      "turretsKilled": 1,
      "minionsKilled": 51,
      "championsKilled": 14,
      "goldSpent": 12555,
      "totalDamageDealt": 102397,
      "totalDamageTaken": 24282,
      "killingSprees": 4,
      "largestKillingSpree": 4,
      "team": 200,
      "win": true,
      "neutralMinionsKilled": 3,
      "largestMultiKill": 1,
      "physicalDamageDealtPlayer": 14799,
      "magicDamageDealtPlayer": 86822,
      "physicalDamageTaken": 10955,
      "magicDamageTaken": 12842,
      "timePlayed": 2315,
      "totalHeal": 5008,
      "totalUnitsHealed": 4,
      "assists": 24,
      "item0": 3100,
      "item1": 3255,
      "item2": 3135,
      "item3": 3089,
      "item4": 1056,
      "item5": 3191,
      "item6": 3340,
      "sightWardsBought": 4,
      "magicDamageDealtToChampions": 41439,
      "physicalDamageDealtToChampions": 3713,
      "totalDamageDealtToChampions": 45862,
      "trueDamageDealtPlayer": 775,
      "trueDamageDealtToChampions": 709,
      "trueDamageTaken": 484,
      "wardPlaced": 14,
      "neutralMinionsKilledEnemyJungle": 2,
      "neutralMinionsKilledYourJungle": 1,
      "totalTimeCrowdControlDealt": 323
    }
  }
}