{
  "33971195": {
    "gameId": 825985466,
    "invalid": false,
    "gameMode": "CLASSIC",
    "gameType": "MATCHED_GAME",
    "subType": "RANKED_SOLO_5x5",
    "mapId": 1,
    "teamId": 100,
    "championId": 102,
    "spell1": 4,
    "spell2": 11,
    "level": 30,
    "ipEarned": 94,
    "createDate": 1399031480676,
    "fellowPlayers": [
      {
        "summonerId": 37558443,
        "teamId": 200,
        "championId": 121
      },
      {
        "summonerId": 20928918,
        "teamId": 200,
        "championId": 16
      },
      {
        "summonerId": 34953355,
        "teamId": 100,
        "championId": 131
      },
      {
        "summonerId": 29259588,
        "teamId": 100,
        "championId": 24
      },
      {
        "summonerId": 38334736,
        "teamId": 200,
        "championId": 62
      },
      {
        "summonerId": 34023332,
        "teamId": 200,
        "championId": 51
      },
      {
        "summonerId": 21852165,
        "teamId": 100,
        "championId": 22
      },
      {
        "summonerId": 34053463,
        "teamId": 100,
        "championId": 25
      },
      {
        "summonerId": 34319566,
        "teamId": 200,
        "championId": 81
      }
    ],
    "stats": {
      "level": 16,
      "goldEarned": 13304,
      "numDeaths": 3,
      "barracksKilled": 1,
      "turretsKilled": 1,
      "minionsKilled": 44,
      "championsKilled": 7,
      "goldSpent": 11890,
      "totalDamageDealt": 186165,
      "totalDamageTaken": 33914,
      "killingSprees": 2,
      "largestKillingSpree": 4,
      "team": 100,
      "win": true,
      "neutralMinionsKilled": 109,
      "largestMultiKill": 1,
      "physicalDamageDealtPlayer": 48072,
      "magicDamageDealtPlayer": 122057,
      "physicalDamageTaken": 26947,
      "magicDamageTaken": 5915,
      "timePlayed": 2017,
      "totalHeal": 5569,
      "totalUnitsHealed": 1,
      "assists": 10,
      "item0": 3111,
      "item1": 3143,
      "item2": 3160,
      "item3": 3068,
      "item4": 3102,
      "item6": 3340,
      "magicDamageDealtToChampions": 13506,
      "physicalDamageDealtToChampions": 5847,
      "totalDamageDealtToChampions": 19599,
      "trueDamageDealtPlayer": 16036,
      "trueDamageDealtToChampions": 246,
      "trueDamageTaken": 1051,
      "wardPlaced": 19,
      "neutralMinionsKilledEnemyJungle": 21,
      "neutralMinionsKilledYourJungle": 88,
      "totalTimeCrowdControlDealt": 701
    }
  },
  "summonerCount": 10,
  "34953355": {
    "gameId": 825985466,
    "invalid": false,
    "gameMode": "CLASSIC",
    "gameType": "MATCHED_GAME",
    "subType": "RANKED_SOLO_5x5",
    "mapId": 1,
    "teamId": 100,
    "championId": 131,
    "spell1": 4,
    "spell2": 14,
    "level": 30,
    "ipEarned": 94,
    "createDate": 1399031480677,
    "fellowPlayers": [
      {
        "summonerId": 37558443,
        "teamId": 200,
        "championId": 121
      },
      {
        "summonerId": 20928918,
        "teamId": 200,
        "championId": 16
      },
      {
        "summonerId": 29259588,
        "teamId": 100,
        "championId": 24
      },
      {
        "summonerId": 38334736,
        "teamId": 200,
        "championId": 62
      },
      {
        "summonerId": 34023332,
        "teamId": 200,
        "championId": 51
      },
      {
        "summonerId": 33971195,
        "teamId": 100,
        "championId": 102
      },
      {
        "summonerId": 21852165,
        "teamId": 100,
        "championId": 22
      },
      {
        "summonerId": 34053463,
        "teamId": 100,
        "championId": 25
      },
      {
        "summonerId": 34319566,
        "teamId": 200,
        "championId": 81
      }
    ],
    "stats": {
      "level": 17,
      "goldEarned": 14925,
      "numDeaths": 5,
      "turretsKilled": 2,
      "minionsKilled": 133,
      "championsKilled": 16,
      "goldSpent": 12935,
      "totalDamageDealt": 136104,
      "totalDamageTaken": 20981,
      "doubleKills": 3,
      "killingSprees": 4,
      "largestKillingSpree": 8,
      "team": 100,
      "win": true,
      "neutralMinionsKilled": 22,
      "largestMultiKill": 2,
      "physicalDamageDealtPlayer": 18338,
      "magicDamageDealtPlayer": 116901,
      "physicalDamageTaken": 14630,
      "magicDamageTaken": 5351,
      "timePlayed": 2017,
      "totalHeal": 755,
      "totalUnitsHealed": 1,
      "assists": 9,
      "item0": 3020,
      "item1": 3157,
      "item2": 3001,
      "item3": 1011,
      "item4": 3089,
      "item5": 1026,
      "item6": 3340,
      "magicDamageDealtToChampions": 26838,
      "physicalDamageDealtToChampions": 2269,
      "totalDamageDealtToChampions": 29851,
      "trueDamageDealtPlayer": 864,
      "trueDamageDealtToChampions": 744,
      "trueDamageTaken": 999,
      "wardPlaced": 3,
      "neutralMinionsKilledEnemyJungle": 15,
      "neutralMinionsKilledYourJungle": 7,
      "totalTimeCrowdControlDealt": 74
    }
  },
  "38334736": {
    "gameId": 825985466,
    "invalid": false,
    "gameMode": "CLASSIC",
    "gameType": "MATCHED_GAME",
    "subType": "RANKED_SOLO_5x5",
    "mapId": 1,
    "teamId": 200,
    "championId": 62,
    "spell1": 4,
    "spell2": 11,
    "level": 30,
    "ipEarned": 62,
    "createDate": 1399031480681,
    "fellowPlayers": [
      {
        "summonerId": 37558443,
        "teamId": 200,
        "championId": 121
      },
      {
        "summonerId": 20928918,
        "teamId": 200,
        "championId": 16
      },
      {
        "summonerId": 34953355,
        "teamId": 100,
        "championId": 131
      },
      {
        "summonerId": 29259588,
        "teamId": 100,
        "championId": 24
      },
      {
        "summonerId": 34023332,
        "teamId": 200,
        "championId": 51
      },
      {
        "summonerId": 33971195,
        "teamId": 100,
        "championId": 102
      },
      {
        "summonerId": 21852165,
        "teamId": 100,
        "championId": 22
      },
      {
        "summonerId": 34053463,
        "teamId": 100,
        "championId": 25
      },
      {
        "summonerId": 34319566,
        "teamId": 200,
        "championId": 81
      }
    ],
    "stats": {
      "level": 16,
      "goldEarned": 11514,
      "numDeaths": 7,
      "minionsKilled": 48,
      "championsKilled": 10,
      "goldSpent": 10542,
      "totalDamageDealt": 114693,
      "totalDamageTaken": 32734,
      "doubleKills": 2,
      "killingSprees": 2,
      "largestKillingSpree": 5,
      "team": 200,
      "win": false,
      "neutralMinionsKilled": 60,
      "largestMultiKill": 2,
      "physicalDamageDealtPlayer": 99132,
      "magicDamageDealtPlayer": 2404,
      "physicalDamageTaken": 17997,
      "magicDamageTaken": 13825,
      "timePlayed": 2017,
      "totalHeal": 5635,
      "totalUnitsHealed": 1,
      "assists": 5,
      "item0": 3265,
      "item1": 3074,
      "item2": 3209,
      "item3": 3134,
      "item4": 1057,
      "item5": 1031,
      "item6": 3340,
      "magicDamageDealtToChampions": 444,
      "physicalDamageDealtToChampions": 14589,
      "totalDamageDealtToChampions": 16393,
      "trueDamageDealtPlayer": 13156,
      "trueDamageDealtToChampions": 1359,
      "trueDamageTaken": 911,
      "wardPlaced": 7,
      "neutralMinionsKilledEnemyJungle": 5,
      "neutralMinionsKilledYourJungle": 55,
      "totalTimeCrowdControlDealt": 265
    }
  },
  "21852165": {
    "gameId": 825985466,
    "invalid": false,
    "gameMode": "CLASSIC",
    "gameType": "MATCHED_GAME",
    "subType": "RANKED_SOLO_5x5",
    "mapId": 1,
    "teamId": 100,
    "championId": 22,
    "spell1": 4,
    "spell2": 21,
    "level": 30,
    "ipEarned": 94,
    "createDate": 1399031480673,
    "fellowPlayers": [
      {
        "summonerId": 37558443,
        "teamId": 200,
        "championId": 121
      },
      {
        "summonerId": 20928918,
        "teamId": 200,
        "championId": 16
      },
      {
        "summonerId": 34953355,
        "teamId": 100,
        "championId": 131
      },
      {
        "summonerId": 29259588,
        "teamId": 100,
        "championId": 24
      },
      {
        "summonerId": 38334736,
        "teamId": 200,
        "championId": 62
      },
      {
        "summonerId": 34023332,
        "teamId": 200,
        "championId": 51
      },
      {
        "summonerId": 33971195,
        "teamId": 100,
        "championId": 102
      },
      {
        "summonerId": 34053463,
        "teamId": 100,
        "championId": 25
      },
      {
        "summonerId": 34319566,
        "teamId": 200,
        "championId": 81
      }
    ],
    "stats": {
      "level": 17,
      "goldEarned": 15506,
      "numDeaths": 6,
      "turretsKilled": 3,
      "minionsKilled": 156,
      "championsKilled": 10,
      "goldSpent": 14310,
      "totalDamageDealt": 164869,
      "totalDamageTaken": 22160,
      "doubleKills": 2,
      "killingSprees": 2,
      "largestKillingSpree": 4,
      "team": 100,
      "win": true,
      "neutralMinionsKilled": 9,
      "largestMultiKill": 2,
      "physicalDamageDealtPlayer": 141686,
      "magicDamageDealtPlayer": 21481,
      "physicalDamageTaken": 16279,
      "magicDamageTaken": 5606,
      "largestCriticalStrike": 701,
      "timePlayed": 2017,
      "totalHeal": 1864,
      "totalUnitsHealed": 1,
      "assists": 15,
      "item0": 3072,
      "item1": 3250,
      "item3": 3087,
      "item4": 3031,
      "item5": 3026,
      "item6": 3340,
      "magicDamageDealtToChampions": 5236,
      "physicalDamageDealtToChampions": 33939,
      "totalDamageDealtToChampions": 40541,
      "trueDamageDealtPlayer": 1702,
      "trueDamageDealtToChampions": 1366,
      "trueDamageTaken": 274,
      "wardPlaced": 8,
      "neutralMinionsKilledEnemyJungle": 1,
      "neutralMinionsKilledYourJungle": 8,
      "totalTimeCrowdControlDealt": 1031
    }
  },
  "29259588": {
    "gameId": 825985466,
    "invalid": false,
    "gameMode": "CLASSIC",
    "gameType": "MATCHED_GAME",
    "subType": "RANKED_SOLO_5x5",
    "mapId": 1,
    "teamId": 100,
    "championId": 24,
    "spell1": 14,
    "spell2": 4,
    "level": 30,
    "ipEarned": 244,
    "createDate": 1399031480675,
    "fellowPlayers": [
      {
        "summonerId": 37558443,
        "teamId": 200,
        "championId": 121
      },
      {
        "summonerId": 20928918,
        "teamId": 200,
        "championId": 16
      },
      {
        "summonerId": 34953355,
        "teamId": 100,
        "championId": 131
      },
      {
        "summonerId": 38334736,
        "teamId": 200,
        "championId": 62
      },
      {
        "summonerId": 34023332,
        "teamId": 200,
        "championId": 51
      },
      {
        "summonerId": 33971195,
        "teamId": 100,
        "championId": 102
      },
      {
        "summonerId": 21852165,
        "teamId": 100,
        "championId": 22
      },
      {
        "summonerId": 34053463,
        "teamId": 100,
        "championId": 25
      },
      {
        "summonerId": 34319566,
        "teamId": 200,
        "championId": 81
      }
    ],
    "stats": {
      "level": 17,
      "goldEarned": 11628,
      "numDeaths": 8,
      "barracksKilled": 1,
      "turretsKilled": 2,
      "minionsKilled": 156,
      "championsKilled": 5,
      "goldSpent": 10823,
      "totalDamageDealt": 123713,
      "totalDamageTaken": 29282,
      "killingSprees": 1,
      "largestKillingSpree": 2,
      "team": 100,
      "win": true,
      "neutralMinionsKilled": 10,
      "largestMultiKill": 1,
      "physicalDamageDealtPlayer": 103745,
      "magicDamageDealtPlayer": 18362,
      "physicalDamageTaken": 25034,
      "magicDamageTaken": 3027,
      "largestCriticalStrike": 650,
      "timePlayed": 2017,
      "totalHeal": 1800,
      "totalUnitsHealed": 1,
      "assists": 3,
      "item0": 3153,
      "item1": 3047,
      "item2": 1055,
      "item3": 3078,
      "item4": 1011,
      "item5": 1037,
      "item6": 3340,
      "sightWardsBought": 2,
      "magicDamageDealtToChampions": 5282,
      "physicalDamageDealtToChampions": 15775,
      "totalDamageDealtToChampions": 22583,
      "trueDamageDealtPlayer": 1606,
      "trueDamageDealtToChampions": 1526,
      "trueDamageTaken": 1220,
      "wardPlaced": 7,
      "neutralMinionsKilledEnemyJungle": 10,
      "totalTimeCrowdControlDealt": 106
    }
  },
  "34053463": {
    "gameId": 825985466,
    "invalid": false,
    "gameMode": "CLASSIC",
    "gameType": "MATCHED_GAME",
    "subType": "RANKED_SOLO_5x5",
    "mapId": 1,
    "teamId": 100,
    "championId": 25,
    "spell1": 4,
    "spell2": 3,
    "level": 30,
    "ipEarned": 94,
    "createDate": 1399031480674,
    "fellowPlayers": [
      {
        "summonerId": 37558443,
        "teamId": 200,
        "championId": 121
      },
      {
        "summonerId": 20928918,
        "teamId": 200,
        "championId": 16
      },
      {
        "summonerId": 34953355,
        "teamId": 100,
        "championId": 131
      },
      {
        "summonerId": 29259588,
        "teamId": 100,
        "championId": 24
      },
      {
        "summonerId": 38334736,
        "teamId": 200,
        "championId": 62
      },
      {
        "summonerId": 34023332,
        "teamId": 200,
        "championId": 51
      },
      {
        "summonerId": 33971195,
        "teamId": 100,
        "championId": 102
      },
      {
        "summonerId": 21852165,
        "teamId": 100,
        "championId": 22
      },
      {
        "summonerId": 34319566,
        "teamId": 200,
        "championId": 81
      }
    ],
    "stats": {
      "level": 14,
      "goldEarned": 10735,
      "numDeaths": 6,
      "turretsKilled": 1,
      "minionsKilled": 26,
      "championsKilled": 1,
      "goldSpent": 9630,
      "totalDamageDealt": 29588,
      "totalDamageTaken": 20515,
      "team": 100,
      "win": true,
      "largestMultiKill": 1,
      "physicalDamageDealtPlayer": 9381,
      "magicDamageDealtPlayer": 20030,
      "physicalDamageTaken": 17094,
      "magicDamageTaken": 3121,
      "timePlayed": 2017,
      "totalHeal": 227,
      "totalUnitsHealed": 1,
      "assists": 14,
      "item0": 3190,
      "item1": 2045,
      "item2": 3222,
      "item3": 3098,
      "item4": 3270,
      "item5": 3191,
      "item6": 3341,
      "sightWardsBought": 3,
      "magicDamageDealtToChampions": 5519,
      "physicalDamageDealtToChampions": 1243,
      "totalDamageDealtToChampions": 6806,
      "trueDamageDealtPlayer": 176,
      "trueDamageDealtToChampions": 44,
      "trueDamageTaken": 299,
      "wardPlaced": 16,
      "totalTimeCrowdControlDealt": 107
    }
  },
  "37558443": {
    "gameId": 825985466,
    "invalid": false,
    "gameMode": "CLASSIC",
    "gameType": "MATCHED_GAME",
    "subType": "RANKED_SOLO_5x5",
    "mapId": 1,
    "teamId": 200,
    "championId": 121,
    "spell1": 14,
    "spell2": 4,
    "level": 30,
    "ipEarned": 62,
    "createDate": 1399031480682,
    "fellowPlayers": [
      {
        "summonerId": 20928918,
        "teamId": 200,
        "championId": 16
      },
      {
        "summonerId": 34953355,
        "teamId": 100,
        "championId": 131
      },
      {
        "summonerId": 29259588,
        "teamId": 100,
        "championId": 24
      },
      {
        "summonerId": 38334736,
        "teamId": 200,
        "championId": 62
      },
      {
        "summonerId": 34023332,
        "teamId": 200,
        "championId": 51
      },
      {
        "summonerId": 33971195,
        "teamId": 100,
        "championId": 102
      },
      {
        "summonerId": 21852165,
        "teamId": 100,
        "championId": 22
      },
      {
        "summonerId": 34053463,
        "teamId": 100,
        "championId": 25
      },
      {
        "summonerId": 34319566,
        "teamId": 200,
        "championId": 81
      }
    ],
    "stats": {
      "level": 17,
      "goldEarned": 12034,
      "numDeaths": 4,
      "turretsKilled": 1,
      "minionsKilled": 190,
      "championsKilled": 10,
      "goldSpent": 11445,
      "totalDamageDealt": 129872,
      "totalDamageTaken": 28243,
      "doubleKills": 1,
      "killingSprees": 3,
      "largestKillingSpree": 5,
      "team": 200,
      "win": false,
      "neutralMinionsKilled": 6,
      "largestMultiKill": 2,
      "physicalDamageDealtPlayer": 126289,
      "magicDamageDealtPlayer": 1812,
      "physicalDamageTaken": 17547,
      "magicDamageTaken": 9336,
      "timePlayed": 2017,
      "totalHeal": 4249,
      "totalUnitsHealed": 1,
      "assists": 6,
      "item0": 3275,
      "item1": 3071,
      "item2": 3072,
      "item3": 3035,
      "item4": 1028,
      "item5": 1036,
      "item6": 3340,
      "magicDamageDealtToChampions": 1812,
      "physicalDamageDealtToChampions": 23239,
      "totalDamageDealtToChampions": 26142,
      "trueDamageDealtPlayer": 1770,
      "trueDamageDealtToChampions": 1090,
      "trueDamageTaken": 1360,
      "wardPlaced": 3,
      "neutralMinionsKilledYourJungle": 6,
      "totalTimeCrowdControlDealt": 404
    }
  },
  "34023332": {
    "gameId": 825985466,
    "invalid": false,
    "gameMode": "CLASSIC",
    "gameType": "MATCHED_GAME",
    "subType": "RANKED_SOLO_5x5",
    "mapId": 1,
    "teamId": 200,
    "championId": 51,
    "spell1": 4,
    "spell2": 21,
    "level": 30,
    "ipEarned": 62,
    "createDate": 1399031480678,
    "fellowPlayers": [
      {
        "summonerId": 37558443,
        "teamId": 200,
        "championId": 121
      },
      {
        "summonerId": 20928918,
        "teamId": 200,
        "championId": 16
      },
      {
        "summonerId": 34953355,
        "teamId": 100,
        "championId": 131
      },
      {
        "summonerId": 29259588,
        "teamId": 100,
        "championId": 24
      },
      {
        "summonerId": 38334736,
        "teamId": 200,
        "championId": 62
      },
      {
        "summonerId": 33971195,
        "teamId": 100,
        "championId": 102
      },
      {
        "summonerId": 21852165,
        "teamId": 100,
        "championId": 22
      },
      {
        "summonerId": 34053463,
        "teamId": 100,
        "championId": 25
      },
      {
        "summonerId": 34319566,
        "teamId": 200,
        "championId": 81
      }
    ],
    "stats": {
      "level": 14,
      "goldEarned": 9915,
      "numDeaths": 7,
      "minionsKilled": 152,
      "championsKilled": 3,
      "goldSpent": 9155,
      "totalDamageDealt": 110497,
      "totalDamageTaken": 25212,
      "team": 200,
      "win": false,
      "neutralMinionsKilled": 4,
      "largestMultiKill": 1,
      "physicalDamageDealtPlayer": 107053,
      "magicDamageDealtPlayer": 2722,
      "physicalDamageTaken": 15187,
      "magicDamageTaken": 9271,
      "largestCriticalStrike": 754,
      "timePlayed": 2017,
      "totalHeal": 1481,
      "totalUnitsHealed": 1,
      "assists": 14,
      "item0": 1055,
      "item1": 3072,
      "item2": 3250,
      "item3": 3046,
      "item4": 1036,
      "item5": 1037,
      "item6": 3340,
      "magicDamageDealtToChampions": 2515,
      "physicalDamageDealtToChampions": 18027,
      "totalDamageDealtToChampions": 20602,
      "trueDamageDealtPlayer": 720,
      "trueDamageDealtToChampions": 60,
      "trueDamageTaken": 754,
      "wardPlaced": 6,
      "neutralMinionsKilledEnemyJungle": 1,
      "neutralMinionsKilledYourJungle": 3,
      "totalTimeCrowdControlDealt": 94
    }
  },
  "20928918": {
    "gameId": 825985466,
    "invalid": false,
    "gameMode": "CLASSIC",
    "gameType": "MATCHED_GAME",
    "subType": "RANKED_SOLO_5x5",
    "mapId": 1,
    "teamId": 200,
    "championId": 16,
    "spell1": 3,
    "spell2": 4,
    "level": 30,
    "ipEarned": 62,
    "createDate": 1399031480683,
    "fellowPlayers": [
      {
        "summonerId": 37558443,
        "teamId": 200,
        "championId": 121
      },
      {
        "summonerId": 34953355,
        "teamId": 100,
        "championId": 131
      },
      {
        "summonerId": 29259588,
        "teamId": 100,
        "championId": 24
      },
      {
        "summonerId": 38334736,
        "teamId": 200,
        "championId": 62
      },
      {
        "summonerId": 34023332,
        "teamId": 200,
        "championId": 51
      },
      {
        "summonerId": 33971195,
        "teamId": 100,
        "championId": 102
      },
      {
        "summonerId": 21852165,
        "teamId": 100,
        "championId": 22
      },
      {
        "summonerId": 34053463,
        "teamId": 100,
        "championId": 25
      },
      {
        "summonerId": 34319566,
        "teamId": 200,
        "championId": 81
      }
    ],
    "stats": {
      "level": 13,
      "goldEarned": 8010,
      "numDeaths": 10,
      "turretsKilled": 1,
      "minionsKilled": 9,
      "goldSpent": 7335,
      "totalDamageDealt": 14126,
      "totalDamageTaken": 27719,
      "team": 200,
      "win": false,
      "neutralMinionsKilled": 1,
      "physicalDamageDealtPlayer": 4138,
      "magicDamageDealtPlayer": 9987,
      "physicalDamageTaken": 15157,
      "magicDamageTaken": 11895,
      "timePlayed": 2017,
      "totalHeal": 17289,
      "totalUnitsHealed": 6,
      "assists": 16,
      "item0": 3069,
      "item1": 2045,
      "item2": 3158,
      "item3": 3211,
      "item4": 3067,
      "item6": 3340,
      "sightWardsBought": 1,
      "magicDamageDealtToChampions": 2432,
      "physicalDamageDealtToChampions": 958,
      "totalDamageDealtToChampions": 3391,
      "trueDamageTaken": 667,
      "wardPlaced": 16,
      "neutralMinionsKilledYourJungle": 1,
      "totalTimeCrowdControlDealt": 59
    }
  },
  "34319566": {
    "gameId": 825985466,
    "invalid": false,
    "gameMode": "CLASSIC",
    "gameType": "MATCHED_GAME",
    "subType": "RANKED_SOLO_5x5",
    "mapId": 1,
    "teamId": 200,
    "championId": 81,
    "spell1": 4,
    "spell2": 14,
    "level": 30,
    "ipEarned": 62,
    "createDate": 1399031480680,
    "fellowPlayers": [
      {
        "summonerId": 37558443,
        "teamId": 200,
        "championId": 121
      },
      {
        "summonerId": 20928918,
        "teamId": 200,
        "championId": 16
      },
      {
        "summonerId": 34953355,
        "teamId": 100,
        "championId": 131
      },
      {
        "summonerId": 29259588,
        "teamId": 100,
        "championId": 24
      },
      {
        "summonerId": 38334736,
        "teamId": 200,
        "championId": 62
      },
      {
        "summonerId": 34023332,
        "teamId": 200,
        "championId": 51
      },
      {
        "summonerId": 33971195,
        "teamId": 100,
        "championId": 102
      },
      {
        "summonerId": 21852165,
        "teamId": 100,
        "championId": 22
      },
      {
        "summonerId": 34053463,
        "teamId": 100,
        "championId": 25
      }
    ],
    "stats": {
      "level": 14,
      "goldEarned": 8902,
      "numDeaths": 11,
      "minionsKilled": 86,
      "championsKilled": 5,
      "goldSpent": 7780,
      "totalDamageDealt": 72439,
      "totalDamageTaken": 24839,
      "killingSprees": 1,
      "largestKillingSpree": 2,
      "team": 200,
      "win": false,
      "largestMultiKill": 1,
      "physicalDamageDealtPlayer": 28013,
      "magicDamageDealtPlayer": 43706,
      "physicalDamageTaken": 12251,
      "magicDamageTaken": 12054,
      "timePlayed": 2017,
      "totalHeal": 927,
      "totalUnitsHealed": 1,
      "assists": 11,
      "item0": 1056,
      "item1": 3100,
      "item2": 3001,
      "item3": 3255,
      "item4": 2003,
      "item6": 3340,
      "magicDamageDealtToChampions": 15288,
      "physicalDamageDealtToChampions": 8031,
      "totalDamageDealtToChampions": 24040,
      "trueDamageDealtPlayer": 720,
      "trueDamageDealtToChampions": 720,
      "trueDamageTaken": 534,
      "wardPlaced": 3
    }
  }
}