{
  "29276603": {
    "gameId": 825976501,
    "invalid": false,
    "gameMode": "CLASSIC",
    "gameType": "MATCHED_GAME",
    "subType": "RANKED_SOLO_5x5",
    "mapId": 1,
    "teamId": 100,
    "championId": 117,
    "spell1": 14,
    "spell2": 4,
    "level": 30,
    "ipEarned": 92,
    "createDate": 1399031343354,
    "fellowPlayers": [
      {
        "summonerId": 37134471,
        "teamId": 200,
        "championId": 61
      },
      {
        "summonerId": 33496861,
        "teamId": 200,
        "championId": 31
      },
      {
        "summonerId": 33273400,
        "teamId": 200,
        "championId": 32
      },
      {
        "summonerId": 36359961,
        "teamId": 100,
        "championId": 119
      },
      {
        "summonerId": 24585374,
        "teamId": 100,
        "championId": 254
      },
      {
        "summonerId": 27004034,
        "teamId": 100,
        "championId": 53
      },
      {
        "summonerId": 30424232,
        "teamId": 100,
        "championId": 75
      },
      {
        "summonerId": 31929339,
        "teamId": 200,
        "championId": 236
      },
      {
        "summonerId": 28438110,
        "teamId": 200,
        "championId": 26
      }
    ],
    "stats": {
      "level": 17,
      "goldEarned": 14878,
      "numDeaths": 4,
      "barracksKilled": 1,
      "turretsKilled": 3,
      "minionsKilled": 194,
      "championsKilled": 10,
      "goldSpent": 13380,
      "totalDamageDealt": 141878,
      "totalDamageTaken": 20125,
      "doubleKills": 1,
      "killingSprees": 2,
      "largestKillingSpree": 4,
      "team": 100,
      "win": true,
      "neutralMinionsKilled": 8,
      "largestMultiKill": 2,
      "physicalDamageDealtPlayer": 22780,
      "magicDamageDealtPlayer": 118656,
      "physicalDamageTaken": 4134,
      "magicDamageTaken": 13927,
      "timePlayed": 1940,
      "totalHeal": 2535,
      "totalUnitsHealed": 1,
      "assists": 11,
      "item0": 3255,
      "item1": 3089,
      "item2": 3100,
      "item3": 3135,
      "item4": 3174,
      "item6": 3340,
      "magicDamageDealtToChampions": 29147,
      "physicalDamageDealtToChampions": 3887,
      "totalDamageDealtToChampions": 33476,
      "trueDamageDealtPlayer": 441,
      "trueDamageDealtToChampions": 441,
      "trueDamageTaken": 2064,
      "wardPlaced": 6,
      "neutralMinionsKilledEnemyJungle": 3,
      "neutralMinionsKilledYourJungle": 5,
      "totalTimeCrowdControlDealt": 753
    }
  },
  "summonerCount": 10,
  "30424232": {
    "gameId": 825976501,
    "invalid": false,
    "gameMode": "CLASSIC",
    "gameType": "MATCHED_GAME",
    "subType": "RANKED_SOLO_5x5",
    "mapId": 1,
    "teamId": 100,
    "championId": 75,
    "spell1": 14,
    "spell2": 4,
    "level": 30,
    "ipEarned": 242,
    "createDate": 1399031343350,
    "fellowPlayers": [
      {
        "summonerId": 37134471,
        "teamId": 200,
        "championId": 61
      },
      {
        "summonerId": 33496861,
        "teamId": 200,
        "championId": 31
      },
      {
        "summonerId": 33273400,
        "teamId": 200,
        "championId": 32
      },
      {
        "summonerId": 36359961,
        "teamId": 100,
        "championId": 119
      },
      {
        "summonerId": 24585374,
        "teamId": 100,
        "championId": 254
      },
      {
        "summonerId": 27004034,
        "teamId": 100,
        "championId": 53
      },
      {
        "summonerId": 31929339,
        "teamId": 200,
        "championId": 236
      },
      {
        "summonerId": 29276603,
        "teamId": 100,
        "championId": 117
      },
      {
        "summonerId": 28438110,
        "teamId": 200,
        "championId": 26
      }
    ],
    "stats": {
      "level": 16,
      "goldEarned": 11916,
      "numDeaths": 3,
      "turretsKilled": 1,
      "minionsKilled": 167,
      "championsKilled": 6,
      "goldSpent": 11180,
      "totalDamageDealt": 103729,
      "totalDamageTaken": 28283,
      "killingSprees": 2,
      "largestKillingSpree": 4,
      "team": 100,
      "win": true,
      "neutralMinionsKilled": 2,
      "largestMultiKill": 1,
      "physicalDamageDealtPlayer": 79382,
      "magicDamageDealtPlayer": 23216,
      "physicalDamageTaken": 9651,
      "magicDamageTaken": 16246,
      "timePlayed": 1940,
      "totalHeal": 1872,
      "totalUnitsHealed": 1,
      "assists": 5,
      "item0": 3083,
      "item1": 3068,
      "item3": 3260,
      "item4": 3065,
      "item5": 1031,
      "item6": 3340,
      "magicDamageDealtToChampions": 7465,
      "physicalDamageDealtToChampions": 9480,
      "totalDamageDealtToChampions": 18075,
      "trueDamageDealtPlayer": 1130,
      "trueDamageDealtToChampions": 1130,
      "trueDamageTaken": 2385,
      "wardPlaced": 7,
      "neutralMinionsKilledEnemyJungle": 1,
      "neutralMinionsKilledYourJungle": 1,
      "totalTimeCrowdControlDealt": 115
    }
  },
  "24585374": {
    "gameId": 825976501,
    "invalid": false,
    "gameMode": "CLASSIC",
    "gameType": "MATCHED_GAME",
    "subType": "RANKED_SOLO_5x5",
    "mapId": 1,
    "teamId": 100,
    "championId": 254,
    "spell1": 11,
    "spell2": 4,
    "level": 30,
    "ipEarned": 92,
    "createDate": 1399031343351,
    "fellowPlayers": [
      {
        "summonerId": 37134471,
        "teamId": 200,
        "championId": 61
      },
      {
        "summonerId": 33496861,
        "teamId": 200,
        "championId": 31
      },
      {
        "summonerId": 33273400,
        "teamId": 200,
        "championId": 32
      },
      {
        "summonerId": 36359961,
        "teamId": 100,
        "championId": 119
      },
      {
        "summonerId": 27004034,
        "teamId": 100,
        "championId": 53
      },
      {
        "summonerId": 30424232,
        "teamId": 100,
        "championId": 75
      },
      {
        "summonerId": 31929339,
        "teamId": 200,
        "championId": 236
      },
      {
        "summonerId": 29276603,
        "teamId": 100,
        "championId": 117
      },
      {
        "summonerId": 28438110,
        "teamId": 200,
        "championId": 26
      }
    ],
    "stats": {
      "level": 14,
      "goldEarned": 9070,
      "numDeaths": 7,
      "minionsKilled": 48,
      "goldSpent": 5985,
      "totalDamageDealt": 86290,
      "totalDamageTaken": 25826,
      "team": 100,
      "win": true,
      "neutralMinionsKilled": 45,
      "physicalDamageDealtPlayer": 70285,
      "magicDamageDealtPlayer": 2016,
      "physicalDamageTaken": 10792,
      "magicDamageTaken": 12496,
      "timePlayed": 1940,
      "totalHeal": 4267,
      "totalUnitsHealed": 1,
      "assists": 9,
      "item0": 3209,
      "item1": 1011,
      "item2": 1006,
      "item3": 3067,
      "item4": 1028,
      "item5": 3270,
      "item6": 3340,
      "magicDamageDealtToChampions": 148,
      "physicalDamageDealtToChampions": 6785,
      "totalDamageDealtToChampions": 8027,
      "trueDamageDealtPlayer": 13988,
      "trueDamageDealtToChampions": 1092,
      "trueDamageTaken": 2538,
      "wardPlaced": 9,
      "neutralMinionsKilledEnemyJungle": 2,
      "neutralMinionsKilledYourJungle": 43,
      "totalTimeCrowdControlDealt": 337
    }
  },
  "27004034": {
    "gameId": 825976501,
    "invalid": false,
    "gameMode": "CLASSIC",
    "gameType": "MATCHED_GAME",
    "subType": "RANKED_SOLO_5x5",
    "mapId": 1,
    "teamId": 100,
    "championId": 53,
    "spell1": 4,
    "spell2": 3,
    "level": 30,
    "ipEarned": 242,
    "createDate": 1399031343353,
    "fellowPlayers": [
      {
        "summonerId": 37134471,
        "teamId": 200,
        "championId": 61
      },
      {
        "summonerId": 33496861,
        "teamId": 200,
        "championId": 31
      },
      {
        "summonerId": 33273400,
        "teamId": 200,
        "championId": 32
      },
      {
        "summonerId": 36359961,
        "teamId": 100,
        "championId": 119
      },
      {
        "summonerId": 24585374,
        "teamId": 100,
        "championId": 254
      },
      {
        "summonerId": 30424232,
        "teamId": 100,
        "championId": 75
      },
      {
        "summonerId": 31929339,
        "teamId": 200,
        "championId": 236
      },
      {
        "summonerId": 29276603,
        "teamId": 100,
        "championId": 117
      },
      {
        "summonerId": 28438110,
        "teamId": 200,
        "championId": 26
      }
    ],
    "stats": {
      "level": 15,
      "goldEarned": 11793,
      "numDeaths": 3,
      "minionsKilled": 21,
      "championsKilled": 5,
      "goldSpent": 9850,
      "totalDamageDealt": 41139,
      "totalDamageTaken": 26608,
      "killingSprees": 1,
      "largestKillingSpree": 4,
      "team": 100,
      "win": true,
      "neutralMinionsKilled": 2,
      "largestMultiKill": 1,
      "physicalDamageDealtPlayer": 10174,
      "magicDamageDealtPlayer": 29942,
      "physicalDamageTaken": 4206,
      "magicDamageTaken": 22025,
      "timePlayed": 1940,
      "totalHeal": 1836,
      "totalUnitsHealed": 5,
      "assists": 20,
      "item0": 3401,
      "item1": 2049,
      "item2": 3068,
      "item3": 3110,
      "item4": 3117,
      "item5": 1052,
      "item6": 3341,
      "sightWardsBought": 3,
      "magicDamageDealtToChampions": 11562,
      "physicalDamageDealtToChampions": 5000,
      "totalDamageDealtToChampions": 16562,
      "trueDamageDealtPlayer": 1023,
      "trueDamageTaken": 376,
      "wardKilled": 3,
      "wardPlaced": 18,
      "neutralMinionsKilledEnemyJungle": 2,
      "totalTimeCrowdControlDealt": 752
    }
  },
  "28438110": {
    "gameId": 825976501,
    "invalid": false,
    "gameMode": "CLASSIC",
    "gameType": "MATCHED_GAME",
    "subType": "RANKED_SOLO_5x5",
    "mapId": 1,
    "teamId": 200,
    "championId": 26,
    "spell1": 4,
    "spell2": 7,
    "level": 30,
    "ipEarned": 61,
    "createDate": 1399031343357,
    "fellowPlayers": [
      {
        "summonerId": 37134471,
        "teamId": 200,
        "championId": 61
      },
      {
        "summonerId": 33496861,
        "teamId": 200,
        "championId": 31
      },
      {
        "summonerId": 33273400,
        "teamId": 200,
        "championId": 32
      },
      {
        "summonerId": 36359961,
        "teamId": 100,
        "championId": 119
      },
      {
        "summonerId": 24585374,
        "teamId": 100,
        "championId": 254
      },
      {
        "summonerId": 27004034,
        "teamId": 100,
        "championId": 53
      },
      {
        "summonerId": 30424232,
        "teamId": 100,
        "championId": 75
      },
      {
        "summonerId": 31929339,
        "teamId": 200,
        "championId": 236
      },
      {
        "summonerId": 29276603,
        "teamId": 100,
        "championId": 117
      }
    ],
    "stats": {
      "level": 14,
      "goldEarned": 7904,
      "numDeaths": 10,
      "minionsKilled": 34,
      "championsKilled": 3,
      "goldSpent": 7335,
      "totalDamageDealt": 34048,
      "totalDamageTaken": 28385,
      "doubleKills": 1,
      "tripleKills": 1,
      "killingSprees": 1,
      "largestKillingSpree": 3,
      "team": 200,
      "win": false,
      "largestMultiKill": 3,
      "physicalDamageDealtPlayer": 5719,
      "magicDamageDealtPlayer": 28328,
      "physicalDamageTaken": 19805,
      "magicDamageTaken": 8437,
      "timePlayed": 1940,
      "totalHeal": 4025,
      "totalUnitsHealed": 3,
      "assists": 9,
      "item0": 3027,
      "item1": 2044,
      "item2": 3003,
      "item3": 3301,
      "item4": 1026,
      "item5": 1001,
      "item6": 3340,
      "sightWardsBought": 1,
      "magicDamageDealtToChampions": 9128,
      "physicalDamageDealtToChampions": 872,
      "totalDamageDealtToChampions": 10001,
      "trueDamageTaken": 142,
      "wardPlaced": 4
    }
  },
  "33273400": {
    "gameId": 825976501,
    "invalid": false,
    "gameMode": "CLASSIC",
    "gameType": "MATCHED_GAME",
    "subType": "RANKED_SOLO_5x5",
    "mapId": 1,
    "teamId": 200,
    "championId": 32,
    "spell1": 11,
    "spell2": 4,
    "level": 30,
    "ipEarned": 61,
    "createDate": 1399031343355,
    "fellowPlayers": [
      {
        "summonerId": 37134471,
        "teamId": 200,
        "championId": 61
      },
      {
        "summonerId": 33496861,
        "teamId": 200,
        "championId": 31
      },
      {
        "summonerId": 36359961,
        "teamId": 100,
        "championId": 119
      },
      {
        "summonerId": 24585374,
        "teamId": 100,
        "championId": 254
      },
      {
        "summonerId": 27004034,
        "teamId": 100,
        "championId": 53
      },
      {
        "summonerId": 30424232,
        "teamId": 100,
        "championId": 75
      },
      {
        "summonerId": 31929339,
        "teamId": 200,
        "championId": 236
      },
      {
        "summonerId": 29276603,
        "teamId": 100,
        "championId": 117
      },
      {
        "summonerId": 28438110,
        "teamId": 200,
        "championId": 26
      }
    ],
    "stats": {
      "level": 17,
      "goldEarned": 10709,
      "numDeaths": 3,
      "minionsKilled": 48,
      "championsKilled": 3,
      "goldSpent": 9980,
      "totalDamageDealt": 164307,
      "totalDamageTaken": 33112,
      "team": 200,
      "win": false,
      "neutralMinionsKilled": 93,
      "largestMultiKill": 1,
      "physicalDamageDealtPlayer": 20747,
      "magicDamageDealtPlayer": 129379,
      "physicalDamageTaken": 20506,
      "magicDamageTaken": 11512,
      "timePlayed": 1940,
      "totalHeal": 9249,
      "totalUnitsHealed": 1,
      "assists": 13,
      "item0": 1011,
      "item1": 3207,
      "item2": 3068,
      "item3": 3075,
      "item4": 3265,
      "item6": 3340,
      "magicDamageDealtToChampions": 26004,
      "physicalDamageDealtToChampions": 1396,
      "totalDamageDealtToChampions": 27876,
      "trueDamageDealtPlayer": 14180,
      "trueDamageDealtToChampions": 476,
      "trueDamageTaken": 1094,
      "wardPlaced": 4,
      "neutralMinionsKilledEnemyJungle": 6,
      "neutralMinionsKilledYourJungle": 87,
      "totalTimeCrowdControlDealt": 393
    }
  },
  "37134471": {
    "gameId": 825976501,
    "invalid": false,
    "gameMode": "CLASSIC",
    "gameType": "MATCHED_GAME",
    "subType": "RANKED_SOLO_5x5",
    "mapId": 1,
    "teamId": 200,
    "championId": 61,
    "spell1": 14,
    "spell2": 4,
    "level": 30,
    "ipEarned": 61,
    "createDate": 1399031343356,
    "fellowPlayers": [
      {
        "summonerId": 33496861,
        "teamId": 200,
        "championId": 31
      },
      {
        "summonerId": 33273400,
        "teamId": 200,
        "championId": 32
      },
      {
        "summonerId": 36359961,
        "teamId": 100,
        "championId": 119
      },
      {
        "summonerId": 24585374,
        "teamId": 100,
        "championId": 254
      },
      {
        "summonerId": 27004034,
        "teamId": 100,
        "championId": 53
      },
      {
        "summonerId": 30424232,
        "teamId": 100,
        "championId": 75
      },
      {
        "summonerId": 31929339,
        "teamId": 200,
        "championId": 236
      },
      {
        "summonerId": 29276603,
        "teamId": 100,
        "championId": 117
      },
      {
        "summonerId": 28438110,
        "teamId": 200,
        "championId": 26
      }
    ],
    "stats": {
      "level": 15,
      "goldEarned": 9135,
      "numDeaths": 11,
      "minionsKilled": 146,
      "championsKilled": 4,
      "goldSpent": 9845,
      "totalDamageDealt": 81551,
      "totalDamageTaken": 24144,
      "killingSprees": 1,
      "largestKillingSpree": 3,
      "team": 200,
      "win": false,
      "neutralMinionsKilled": 3,
      "largestMultiKill": 1,
      "physicalDamageDealtPlayer": 13271,
      "magicDamageDealtPlayer": 66952,
      "physicalDamageTaken": 12926,
      "magicDamageTaken": 10920,
      "timePlayed": 1940,
      "totalHeal": 1492,
      "totalUnitsHealed": 1,
      "assists": 8,
      "item0": 2003,
      "item1": 3089,
      "item2": 1026,
      "item3": 3020,
      "item4": 3174,
      "item5": 1052,
      "item6": 3340,
      "magicDamageDealtToChampions": 14980,
      "physicalDamageDealtToChampions": 1109,
      "totalDamageDealtToChampions": 17352,
      "trueDamageDealtPlayer": 1328,
      "trueDamageDealtToChampions": 1262,
      "trueDamageTaken": 297,
      "wardPlaced": 7,
      "neutralMinionsKilledYourJungle": 3,
      "totalTimeCrowdControlDealt": 1101
    }
  },
  "33496861": {
    "gameId": 825976501,
    "invalid": false,
    "gameMode": "CLASSIC",
    "gameType": "MATCHED_GAME",
    "subType": "RANKED_SOLO_5x5",
    "mapId": 1,
    "teamId": 200,
    "championId": 31,
    "spell1": 4,
    "spell2": 14,
    "level": 30,
    "ipEarned": 61,
    "createDate": 1399031343358,
    "fellowPlayers": [
      {
        "summonerId": 37134471,
        "teamId": 200,
        "championId": 61
      },
      {
        "summonerId": 33273400,
        "teamId": 200,
        "championId": 32
      },
      {
        "summonerId": 36359961,
        "teamId": 100,
        "championId": 119
      },
      {
        "summonerId": 24585374,
        "teamId": 100,
        "championId": 254
      },
      {
        "summonerId": 27004034,
        "teamId": 100,
        "championId": 53
      },
      {
        "summonerId": 30424232,
        "teamId": 100,
        "championId": 75
      },
      {
        "summonerId": 31929339,
        "teamId": 200,
        "championId": 236
      },
      {
        "summonerId": 29276603,
        "teamId": 100,
        "championId": 117
      },
      {
        "summonerId": 28438110,
        "teamId": 200,
        "championId": 26
      }
    ],
    "stats": {
      "level": 17,
      "goldEarned": 12616,
      "numDeaths": 6,
      "turretsKilled": 1,
      "minionsKilled": 190,
      "championsKilled": 12,
      "goldSpent": 11910,
      "totalDamageDealt": 152539,
      "totalDamageTaken": 32934,
      "doubleKills": 1,
      "killingSprees": 4,
      "largestKillingSpree": 4,
      "team": 200,
      "win": false,
      "neutralMinionsKilled": 5,
      "largestMultiKill": 2,
      "physicalDamageDealtPlayer": 14100,
      "magicDamageDealtPlayer": 122908,
      "physicalDamageTaken": 19172,
      "magicDamageTaken": 12664,
      "timePlayed": 1940,
      "totalHeal": 7937,
      "totalUnitsHealed": 1,
      "assists": 5,
      "item0": 1056,
      "item1": 3027,
      "item2": 3089,
      "item3": 3255,
      "item4": 1011,
      "item5": 3135,
      "item6": 3340,
      "magicDamageDealtToChampions": 29909,
      "physicalDamageDealtToChampions": 2026,
      "totalDamageDealtToChampions": 40442,
      "trueDamageDealtPlayer": 15531,
      "trueDamageDealtToChampions": 8506,
      "trueDamageTaken": 1097,
      "wardPlaced": 6,
      "neutralMinionsKilledYourJungle": 5,
      "totalTimeCrowdControlDealt": 490
    }
  },
  "36359961": {
    "gameId": 825976501,
    "invalid": false,
    "gameMode": "CLASSIC",
    "gameType": "MATCHED_GAME",
    "subType": "RANKED_SOLO_5x5",
    "mapId": 1,
    "teamId": 100,
    "championId": 119,
    "spell1": 4,
    "spell2": 7,
    "level": 30,
    "ipEarned": 92,
    "createDate": 1399031343349,
    "fellowPlayers": [
      {
        "summonerId": 37134471,
        "teamId": 200,
        "championId": 61
      },
      {
        "summonerId": 33496861,
        "teamId": 200,
        "championId": 31
      },
      {
        "summonerId": 33273400,
        "teamId": 200,
        "championId": 32
      },
      {
        "summonerId": 24585374,
        "teamId": 100,
        "championId": 254
      },
      {
        "summonerId": 27004034,
        "teamId": 100,
        "championId": 53
      },
      {
        "summonerId": 30424232,
        "teamId": 100,
        "championId": 75
      },
      {
        "summonerId": 31929339,
        "teamId": 200,
        "championId": 236
      },
      {
        "summonerId": 29276603,
        "teamId": 100,
        "championId": 117
      },
      {
        "summonerId": 28438110,
        "teamId": 200,
        "championId": 26
      }
    ],
    "stats": {
      "level": 18,
      "goldEarned": 18034,
      "numDeaths": 5,
      "barracksKilled": 1,
      "turretsKilled": 4,
      "minionsKilled": 242,
      "championsKilled": 15,
      "goldSpent": 14585,
      "totalDamageDealt": 252015,
      "totalDamageTaken": 30018,
      "doubleKills": 1,
      "killingSprees": 2,
      "largestKillingSpree": 10,
      "team": 100,
      "win": true,
      "neutralMinionsKilled": 25,
      "largestMultiKill": 2,
      "physicalDamageDealtPlayer": 251415,
      "physicalDamageTaken": 9689,
      "magicDamageTaken": 16736,
      "largestCriticalStrike": 1352,
      "timePlayed": 1940,
      "totalHeal": 3126,
      "totalUnitsHealed": 4,
      "assists": 6,
      "item0": 3006,
      "item1": 3072,
      "item2": 3072,
      "item3": 3031,
      "item4": 3046,
      "item6": 3340,
      "physicalDamageDealtToChampions": 36051,
      "totalDamageDealtToChampions": 36399,
      "trueDamageDealtPlayer": 600,
      "trueDamageDealtToChampions": 348,
      "trueDamageTaken": 3592,
      "wardPlaced": 3,
      "neutralMinionsKilledEnemyJungle": 5,
      "neutralMinionsKilledYourJungle": 20,
      "totalTimeCrowdControlDealt": 204
    }
  },
  "31929339": {
    "gameId": 825976501,
    "invalid": false,
    "gameMode": "CLASSIC",
    "gameType": "MATCHED_GAME",
    "subType": "RANKED_SOLO_5x5",
    "mapId": 1,
    "teamId": 200,
    "championId": 236,
    "spell1": 7,
    "spell2": 4,
    "level": 30,
    "ipEarned": 61,
    "createDate": 1399031343359,
    "fellowPlayers": [
      {
        "summonerId": 37134471,
        "teamId": 200,
        "championId": 61
      },
      {
        "summonerId": 33496861,
        "teamId": 200,
        "championId": 31
      },
      {
        "summonerId": 33273400,
        "teamId": 200,
        "championId": 32
      },
      {
        "summonerId": 36359961,
        "teamId": 100,
        "championId": 119
      },
      {
        "summonerId": 24585374,
        "teamId": 100,
        "championId": 254
      },
      {
        "summonerId": 27004034,
        "teamId": 100,
        "championId": 53
      },
      {
        "summonerId": 30424232,
        "teamId": 100,
        "championId": 75
      },
      {
        "summonerId": 29276603,
        "teamId": 100,
        "championId": 117
      },
      {
        "summonerId": 28438110,
        "teamId": 200,
        "championId": 26
      }
    ],
    "stats": {
      "level": 13,
      "goldEarned": 7012,
      "numDeaths": 6,
      "minionsKilled": 127,
      "goldSpent": 6730,
      "totalDamageDealt": 65862,
      "totalDamageTaken": 15562,
      "team": 200,
      "win": false,
      "physicalDamageDealtPlayer": 57366,
      "magicDamageDealtPlayer": 8496,
      "physicalDamageTaken": 10392,
      "magicDamageTaken": 4788,
      "largestCriticalStrike": 410,
      "timePlayed": 1940,
      "totalHeal": 2108,
      "totalUnitsHealed": 3,
      "assists": 4,
      "item0": 1055,
      "item1": 3006,
      "item2": 1055,
      "item3": 3072,
      "item4": 3086,
      "item5": 1028,
      "item6": 3340,
      "magicDamageDealtToChampions": 856,
      "physicalDamageDealtToChampions": 5675,
      "totalDamageDealtToChampions": 6532,
      "trueDamageTaken": 381,
      "wardPlaced": 5
    }
  }
}