{
  "22901103": {
    "gameId": 825976299,
    "invalid": false,
    "gameMode": "CLASSIC",
    "gameType": "MATCHED_GAME",
    "subType": "RANKED_SOLO_5x5",
    "mapId": 1,
    "teamId": 100,
    "championId": 21,
    "spell1": 7,
    "spell2": 4,
    "level": 30,
    "ipEarned": 242,
    "createDate": 1399031335407,
    "fellowPlayers": [
      {
        "summonerId": 25521606,
        "teamId": 200,
        "championId": 25
      },
      {
        "summonerId": 26827324,
        "teamId": 100,
        "championId": 107
      },
      {
        "summonerId": 20268377,
        "teamId": 100,
        "championId": 17
      },
      {
        "summonerId": 19656041,
        "teamId": 200,
        "championId": 10
      },
      {
        "summonerId": 34812129,
        "teamId": 200,
        "championId": 75
      },
      {
        "summonerId": 34399033,
        "teamId": 100,
        "championId": 24
      },
      {
        "summonerId": 19695049,
        "teamId": 200,
        "championId": 80
      },
      {
        "summonerId": 30333577,
        "teamId": 200,
        "championId": 222
      },
      {
        "summonerId": 29655353,
        "teamId": 100,
        "championId": 55
      }
    ],
    "stats": {
      "level": 17,
      "goldEarned": 15313,
      "numDeaths": 9,
      "barracksKilled": 1,
      "turretsKilled": 3,
      "minionsKilled": 146,
      "championsKilled": 10,
      "goldSpent": 15080,
      "totalDamageDealt": 145981,
      "totalDamageTaken": 29490,
      "killingSprees": 4,
      "largestKillingSpree": 3,
      "team": 100,
      "win": true,
      "neutralMinionsKilled": 13,
      "largestMultiKill": 1,
      "physicalDamageDealtPlayer": 125973,
      "magicDamageDealtPlayer": 19179,
      "physicalDamageTaken": 20361,
      "magicDamageTaken": 8889,
      "largestCriticalStrike": 926,
      "timePlayed": 1967,
      "totalHeal": 4803,
      "totalUnitsHealed": 3,
      "assists": 17,
      "item0": 3006,
      "item1": 3072,
      "item2": 3046,
      "item3": 3031,
      "item4": 3071,
      "item6": 3340,
      "magicDamageDealtToChampions": 8303,
      "physicalDamageDealtToChampions": 30261,
      "totalDamageDealtToChampions": 39221,
      "trueDamageDealtPlayer": 828,
      "trueDamageDealtToChampions": 656,
      "trueDamageTaken": 240,
      "wardPlaced": 1,
      "neutralMinionsKilledEnemyJungle": 10,
      "neutralMinionsKilledYourJungle": 3,
      "totalTimeCrowdControlDealt": 331
    }
  },
  "summonerCount": 10,
  "25521606": {
    "gameId": 825976299,
    "invalid": false,
    "gameMode": "CLASSIC",
    "gameType": "MATCHED_GAME",
    "subType": "RANKED_SOLO_5x5",
    "mapId": 1,
    "teamId": 200,
    "championId": 25,
    "spell1": 7,
    "spell2": 4,
    "level": 30,
    "ipEarned": 61,
    "createDate": 1399031335409,
    "fellowPlayers": [
      {
        "summonerId": 26827324,
        "teamId": 100,
        "championId": 107
      },
      {
        "summonerId": 20268377,
        "teamId": 100,
        "championId": 17
      },
      {
        "summonerId": 19656041,
        "teamId": 200,
        "championId": 10
      },
      {
        "summonerId": 22901103,
        "teamId": 100,
        "championId": 21
      },
      {
        "summonerId": 34812129,
        "teamId": 200,
        "championId": 75
      },
      {
        "summonerId": 34399033,
        "teamId": 100,
        "championId": 24
      },
      {
        "summonerId": 19695049,
        "teamId": 200,
        "championId": 80
      },
      {
        "summonerId": 30333577,
        "teamId": 200,
        "championId": 222
      },
      {
        "summonerId": 29655353,
        "teamId": 100,
        "championId": 55
      }
    ],
    "stats": {
      "level": 15,
      "goldEarned": 10132,
      "numDeaths": 8,
      "minionsKilled": 118,
      "championsKilled": 6,
      "goldSpent": 10110,
      "totalDamageDealt": 77258,
      "totalDamageTaken": 35697,
      "doubleKills": 1,
      "killingSprees": 2,
      "largestKillingSpree": 2,
      "team": 200,
      "win": false,
      "neutralMinionsKilled": 1,
      "largestMultiKill": 2,
      "physicalDamageDealtPlayer": 12888,
      "magicDamageDealtPlayer": 64370,
      "physicalDamageTaken": 18755,
      "magicDamageTaken": 16085,
      "timePlayed": 1967,
      "totalHeal": 2968,
      "totalUnitsHealed": 3,
      "assists": 15,
      "item0": 1056,
      "item1": 3027,
      "item2": 3001,
      "item3": 3020,
      "item4": 3191,
      "item5": 1058,
      "item6": 3340,
      "magicDamageDealtToChampions": 19247,
      "physicalDamageDealtToChampions": 2799,
      "totalDamageDealtToChampions": 22046,
      "trueDamageTaken": 856,
      "wardPlaced": 8,
      "neutralMinionsKilledYourJungle": 1,
      "totalTimeCrowdControlDealt": 146
    }
  },
  "20268377": {
    "gameId": 825976299,
    "invalid": false,
    "gameMode": "CLASSIC",
    "gameType": "MATCHED_GAME",
    "subType": "RANKED_SOLO_5x5",
    "mapId": 1,
    "teamId": 100,
    "championId": 17,
    "spell1": 4,
    "spell2": 21,
    "level": 30,
    "ipEarned": 242,
    "createDate": 1399031335408,
    "fellowPlayers": [
      {
        "summonerId": 25521606,
        "teamId": 200,
        "championId": 25
      },
      {
        "summonerId": 26827324,
        "teamId": 100,
        "championId": 107
      },
      {
        "summonerId": 19656041,
        "teamId": 200,
        "championId": 10
      },
      {
        "summonerId": 22901103,
        "teamId": 100,
        "championId": 21
      },
      {
        "summonerId": 34812129,
        "teamId": 200,
        "championId": 75
      },
      {
        "summonerId": 34399033,
        "teamId": 100,
        "championId": 24
      },
      {
        "summonerId": 19695049,
        "teamId": 200,
        "championId": 80
      },
      {
        "summonerId": 30333577,
        "teamId": 200,
        "championId": 222
      },
      {
        "summonerId": 29655353,
        "teamId": 100,
        "championId": 55
      }
    ],
    "stats": {
      "level": 16,
      "goldEarned": 12627,
      "numDeaths": 5,
      "barracksKilled": 1,
      "turretsKilled": 2,
      "minionsKilled": 15,
      "championsKilled": 9,
      "goldSpent": 11250,
      "totalDamageDealt": 60419,
      "totalDamageTaken": 16730,
      "doubleKills": 1,
      "killingSprees": 3,
      "largestKillingSpree": 2,
      "team": 100,
      "win": true,
      "neutralMinionsKilled": 5,
      "largestMultiKill": 2,
      "physicalDamageDealtPlayer": 15307,
      "magicDamageDealtPlayer": 45079,
      "physicalDamageTaken": 9680,
      "magicDamageTaken": 6981,
      "timePlayed": 1967,
      "totalHeal": 617,
      "totalUnitsHealed": 1,
      "assists": 11,
      "item0": 1052,
      "item1": 3003,
      "item2": 3089,
      "item3": 3151,
      "item5": 3117,
      "item6": 3340,
      "sightWardsBought": 1,
      "magicDamageDealtToChampions": 31359,
      "physicalDamageDealtToChampions": 3071,
      "totalDamageDealtToChampions": 34463,
      "trueDamageDealtPlayer": 32,
      "trueDamageDealtToChampions": 32,
      "trueDamageTaken": 68,
      "wardPlaced": 52,
      "neutralMinionsKilledEnemyJungle": 5,
      "totalTimeCrowdControlDealt": 324
    }
  },
  "29655353": {
    "gameId": 825976299,
    "invalid": false,
    "gameMode": "CLASSIC",
    "gameType": "MATCHED_GAME",
    "subType": "RANKED_SOLO_5x5",
    "mapId": 1,
    "teamId": 100,
    "championId": 55,
    "spell1": 4,
    "spell2": 14,
    "level": 30,
    "ipEarned": 92,
    "createDate": 1399031335403,
    "fellowPlayers": [
      {
        "summonerId": 25521606,
        "teamId": 200,
        "championId": 25
      },
      {
        "summonerId": 26827324,
        "teamId": 100,
        "championId": 107
      },
      {
        "summonerId": 20268377,
        "teamId": 100,
        "championId": 17
      },
      {
        "summonerId": 19656041,
        "teamId": 200,
        "championId": 10
      },
      {
        "summonerId": 22901103,
        "teamId": 100,
        "championId": 21
      },
      {
        "summonerId": 34812129,
        "teamId": 200,
        "championId": 75
      },
      {
        "summonerId": 34399033,
        "teamId": 100,
        "championId": 24
      },
      {
        "summonerId": 19695049,
        "teamId": 200,
        "championId": 80
      },
      {
        "summonerId": 30333577,
        "teamId": 200,
        "championId": 222
      }
    ],
    "stats": {
      "level": 17,
      "goldEarned": 15412,
      "numDeaths": 7,
      "turretsKilled": 1,
      "minionsKilled": 140,
      "championsKilled": 15,
      "goldSpent": 12430,
      "totalDamageDealt": 109752,
      "totalDamageTaken": 22441,
      "doubleKills": 1,
      "tripleKills": 1,
      "quadraKills": 1,
      "killingSprees": 3,
      "largestKillingSpree": 8,
      "team": 100,
      "win": true,
      "neutralMinionsKilled": 1,
      "largestMultiKill": 4,
      "physicalDamageDealtPlayer": 13332,
      "magicDamageDealtPlayer": 94921,
      "physicalDamageTaken": 15443,
      "magicDamageTaken": 6938,
      "timePlayed": 1967,
      "totalHeal": 717,
      "totalUnitsHealed": 1,
      "assists": 11,
      "item0": 3020,
      "item1": 3151,
      "item2": 3089,
      "item3": 3145,
      "item4": 3116,
      "item5": 1052,
      "item6": 3340,
      "magicDamageDealtToChampions": 28668,
      "physicalDamageDealtToChampions": 1597,
      "totalDamageDealtToChampions": 31187,
      "trueDamageDealtPlayer": 1498,
      "trueDamageDealtToChampions": 922,
      "trueDamageTaken": 60,
      "wardPlaced": 4,
      "neutralMinionsKilledEnemyJungle": 1,
      "totalTimeCrowdControlDealt": 190
    }
  },
  "26827324": {
    "gameId": 825976299,
    "invalid": false,
    "gameMode": "CLASSIC",
    "gameType": "MATCHED_GAME",
    "subType": "RANKED_SOLO_5x5",
    "mapId": 1,
    "teamId": 100,
    "championId": 107,
    "spell1": 11,
    "spell2": 4,
    "level": 30,
    "ipEarned": 242,
    "createDate": 1399031335404,
    "fellowPlayers": [
      {
        "summonerId": 25521606,
        "teamId": 200,
        "championId": 25
      },
      {
        "summonerId": 20268377,
        "teamId": 100,
        "championId": 17
      },
      {
        "summonerId": 19656041,
        "teamId": 200,
        "championId": 10
      },
      {
        "summonerId": 22901103,
        "teamId": 100,
        "championId": 21
      },
      {
        "summonerId": 34812129,
        "teamId": 200,
        "championId": 75
      },
      {
        "summonerId": 34399033,
        "teamId": 100,
        "championId": 24
      },
      {
        "summonerId": 19695049,
        "teamId": 200,
        "championId": 80
      },
      {
        "summonerId": 30333577,
        "teamId": 200,
        "championId": 222
      },
      {
        "summonerId": 29655353,
        "teamId": 100,
        "championId": 55
      }
    ],
    "stats": {
      "level": 18,
      "goldEarned": 15718,
      "numDeaths": 7,
      "turretsKilled": 1,
      "minionsKilled": 48,
      "championsKilled": 13,
      "goldSpent": 14753,
      "totalDamageDealt": 220518,
      "totalDamageTaken": 28496,
      "doubleKills": 1,
      "killingSprees": 4,
      "largestKillingSpree": 5,
      "team": 100,
      "win": true,
      "neutralMinionsKilled": 104,
      "largestMultiKill": 2,
      "physicalDamageDealtPlayer": 172153,
      "magicDamageDealtPlayer": 28069,
      "physicalDamageTaken": 22276,
      "magicDamageTaken": 5998,
      "largestCriticalStrike": 1260,
      "timePlayed": 1967,
      "totalHeal": 7993,
      "totalUnitsHealed": 1,
      "assists": 8,
      "item0": 3275,
      "item1": 3209,
      "item2": 3078,
      "item3": 1037,
      "item4": 3031,
      "item5": 3035,
      "item6": 3171,
      "sightWardsBought": 1,
      "magicDamageDealtToChampions": 1729,
      "physicalDamageDealtToChampions": 17336,
      "totalDamageDealtToChampions": 20666,
      "trueDamageDealtPlayer": 20295,
      "trueDamageDealtToChampions": 1600,
      "trueDamageTaken": 222,
      "wardPlaced": 9,
      "neutralMinionsKilledEnemyJungle": 29,
      "neutralMinionsKilledYourJungle": 75,
      "totalTimeCrowdControlDealt": 771
    }
  },
  "34399033": {
    "gameId": 825976299,
    "invalid": false,
    "gameMode": "CLASSIC",
    "gameType": "MATCHED_GAME",
    "subType": "RANKED_SOLO_5x5",
    "mapId": 1,
    "teamId": 100,
    "championId": 24,
    "spell1": 4,
    "spell2": 12,
    "level": 30,
    "ipEarned": 92,
    "createDate": 1399031335405,
    "fellowPlayers": [
      {
        "summonerId": 25521606,
        "teamId": 200,
        "championId": 25
      },
      {
        "summonerId": 26827324,
        "teamId": 100,
        "championId": 107
      },
      {
        "summonerId": 20268377,
        "teamId": 100,
        "championId": 17
      },
      {
        "summonerId": 19656041,
        "teamId": 200,
        "championId": 10
      },
      {
        "summonerId": 22901103,
        "teamId": 100,
        "championId": 21
      },
      {
        "summonerId": 34812129,
        "teamId": 200,
        "championId": 75
      },
      {
        "summonerId": 19695049,
        "teamId": 200,
        "championId": 80
      },
      {
        "summonerId": 30333577,
        "teamId": 200,
        "championId": 222
      },
      {
        "summonerId": 29655353,
        "teamId": 100,
        "championId": 55
      }
    ],
    "stats": {
      "level": 16,
      "goldEarned": 12519,
      "numDeaths": 7,
      "turretsKilled": 3,
      "minionsKilled": 146,
      "championsKilled": 4,
      "goldSpent": 12253,
      "totalDamageDealt": 85187,
      "totalDamageTaken": 31121,
      "killingSprees": 1,
      "largestKillingSpree": 3,
      "team": 100,
      "win": true,
      "neutralMinionsKilled": 4,
      "largestMultiKill": 1,
      "physicalDamageDealtPlayer": 72327,
      "magicDamageDealtPlayer": 12715,
      "physicalDamageTaken": 24187,
      "magicDamageTaken": 6357,
      "largestCriticalStrike": 380,
      "timePlayed": 1967,
      "totalHeal": 862,
      "totalUnitsHealed": 1,
      "assists": 12,
      "item0": 1054,
      "item1": 3153,
      "item2": 3078,
      "item3": 3020,
      "item4": 3145,
      "item6": 3340,
      "magicDamageDealtToChampions": 5362,
      "physicalDamageDealtToChampions": 14871,
      "totalDamageDealtToChampions": 20377,
      "trueDamageDealtPlayer": 144,
      "trueDamageDealtToChampions": 144,
      "trueDamageTaken": 576,
      "wardKilled": 1,
      "wardPlaced": 6,
      "neutralMinionsKilledYourJungle": 4,
      "totalTimeCrowdControlDealt": 118
    }
  },
  "34812129": {
    "gameId": 825976299,
    "invalid": false,
    "gameMode": "CLASSIC",
    "gameType": "MATCHED_GAME",
    "subType": "RANKED_SOLO_5x5",
    "mapId": 1,
    "teamId": 200,
    "championId": 75,
    "spell1": 12,
    "spell2": 4,
    "level": 30,
    "ipEarned": 61,
    "createDate": 1399031335411,
    "fellowPlayers": [
      {
        "summonerId": 25521606,
        "teamId": 200,
        "championId": 25
      },
      {
        "summonerId": 26827324,
        "teamId": 100,
        "championId": 107
      },
      {
        "summonerId": 20268377,
        "teamId": 100,
        "championId": 17
      },
      {
        "summonerId": 19656041,
        "teamId": 200,
        "championId": 10
      },
      {
        "summonerId": 22901103,
        "teamId": 100,
        "championId": 21
      },
      {
        "summonerId": 34399033,
        "teamId": 100,
        "championId": 24
      },
      {
        "summonerId": 19695049,
        "teamId": 200,
        "championId": 80
      },
      {
        "summonerId": 30333577,
        "teamId": 200,
        "championId": 222
      },
      {
        "summonerId": 29655353,
        "teamId": 100,
        "championId": 55
      }
    ],
    "stats": {
      "level": 16,
      "goldEarned": 10015,
      "numDeaths": 10,
      "minionsKilled": 155,
      "championsKilled": 4,
      "goldSpent": 9613,
      "totalDamageDealt": 109046,
      "totalDamageTaken": 36019,
      "team": 200,
      "win": false,
      "neutralMinionsKilled": 18,
      "largestMultiKill": 1,
      "physicalDamageDealtPlayer": 103928,
      "magicDamageDealtPlayer": 4191,
      "physicalDamageTaken": 19499,
      "magicDamageTaken": 16070,
      "largestCriticalStrike": 930,
      "timePlayed": 1967,
      "totalHeal": 1773,
      "totalUnitsHealed": 1,
      "assists": 12,
      "item0": 1054,
      "item1": 3025,
      "item2": 3078,
      "item3": 1011,
      "item4": 1001,
      "item5": 3082,
      "item6": 3340,
      "magicDamageDealtToChampions": 1425,
      "physicalDamageDealtToChampions": 13381,
      "totalDamageDealtToChampions": 15194,
      "trueDamageDealtPlayer": 926,
      "trueDamageDealtToChampions": 388,
      "trueDamageTaken": 450,
      "wardPlaced": 3,
      "neutralMinionsKilledEnemyJungle": 4,
      "neutralMinionsKilledYourJungle": 14,
      "totalTimeCrowdControlDealt": 1099
    }
  },
  "19695049": {
    "gameId": 825976299,
    "invalid": false,
    "gameMode": "CLASSIC",
    "gameType": "MATCHED_GAME",
    "subType": "RANKED_SOLO_5x5",
    "mapId": 1,
    "teamId": 200,
    "championId": 80,
    "spell1": 4,
    "spell2": 11,
    "level": 30,
    "ipEarned": 61,
    "createDate": 1399031335410,
    "fellowPlayers": [
      {
        "summonerId": 25521606,
        "teamId": 200,
        "championId": 25
      },
      {
        "summonerId": 26827324,
        "teamId": 100,
        "championId": 107
      },
      {
        "summonerId": 20268377,
        "teamId": 100,
        "championId": 17
      },
      {
        "summonerId": 19656041,
        "teamId": 200,
        "championId": 10
      },
      {
        "summonerId": 22901103,
        "teamId": 100,
        "championId": 21
      },
      {
        "summonerId": 34812129,
        "teamId": 200,
        "championId": 75
      },
      {
        "summonerId": 34399033,
        "teamId": 100,
        "championId": 24
      },
      {
        "summonerId": 30333577,
        "teamId": 200,
        "championId": 222
      },
      {
        "summonerId": 29655353,
        "teamId": 100,
        "championId": 55
      }
    ],
    "stats": {
      "level": 15,
      "goldEarned": 10250,
      "numDeaths": 13,
      "minionsKilled": 42,
      "championsKilled": 11,
      "goldSpent": 9315,
      "totalDamageDealt": 78656,
      "totalDamageTaken": 33389,
      "doubleKills": 1,
      "killingSprees": 4,
      "largestKillingSpree": 3,
      "team": 200,
      "win": false,
      "neutralMinionsKilled": 32,
      "largestMultiKill": 2,
      "physicalDamageDealtPlayer": 53134,
      "magicDamageDealtPlayer": 19627,
      "physicalDamageTaken": 16112,
      "magicDamageTaken": 16532,
      "largestCriticalStrike": 562,
      "timePlayed": 1967,
      "totalHeal": 934,
      "totalUnitsHealed": 1,
      "assists": 13,
      "item0": 3144,
      "item1": 3068,
      "item2": 3106,
      "item3": 3270,
      "item4": 3155,
      "item5": 3211,
      "item6": 3341,
      "magicDamageDealtToChampions": 4190,
      "physicalDamageDealtToChampions": 13002,
      "totalDamageDealtToChampions": 17610,
      "trueDamageDealtPlayer": 5894,
      "trueDamageDealtToChampions": 418,
      "trueDamageTaken": 744,
      "wardKilled": 2,
      "neutralMinionsKilledYourJungle": 32,
      "totalTimeCrowdControlDealt": 171
    }
  },
  "19656041": {
    "gameId": 825976299,
    "invalid": false,
    "gameMode": "CLASSIC",
    "gameType": "MATCHED_GAME",
    "subType": "RANKED_SOLO_5x5",
    "mapId": 1,
    "teamId": 200,
    "championId": 10,
    "spell1": 7,
    "spell2": 4,
    "level": 30,
    "ipEarned": 61,
    "createDate": 1399031335413,
    "fellowPlayers": [
      {
        "summonerId": 25521606,
        "teamId": 200,
        "championId": 25
      },
      {
        "summonerId": 26827324,
        "teamId": 100,
        "championId": 107
      },
      {
        "summonerId": 20268377,
        "teamId": 100,
        "championId": 17
      },
      {
        "summonerId": 22901103,
        "teamId": 100,
        "championId": 21
      },
      {
        "summonerId": 34812129,
        "teamId": 200,
        "championId": 75
      },
      {
        "summonerId": 34399033,
        "teamId": 100,
        "championId": 24
      },
      {
        "summonerId": 19695049,
        "teamId": 200,
        "championId": 80
      },
      {
        "summonerId": 30333577,
        "teamId": 200,
        "championId": 222
      },
      {
        "summonerId": 29655353,
        "teamId": 100,
        "championId": 55
      }
    ],
    "stats": {
      "level": 14,
      "goldEarned": 9212,
      "numDeaths": 9,
      "turretsKilled": 1,
      "minionsKilled": 34,
      "championsKilled": 3,
      "goldSpent": 9040,
      "totalDamageDealt": 30175,
      "totalDamageTaken": 29213,
      "team": 200,
      "win": false,
      "largestMultiKill": 1,
      "physicalDamageDealtPlayer": 8032,
      "magicDamageDealtPlayer": 22143,
      "physicalDamageTaken": 12846,
      "magicDamageTaken": 15407,
      "timePlayed": 1967,
      "totalHeal": 12553,
      "totalUnitsHealed": 5,
      "assists": 19,
      "item0": 2049,
      "item1": 3069,
      "item2": 3108,
      "item3": 3068,
      "item4": 3158,
      "item6": 3340,
      "sightWardsBought": 6,
      "visionWardsBought": 1,
      "magicDamageDealtToChampions": 8765,
      "physicalDamageDealtToChampions": 2918,
      "totalDamageDealtToChampions": 11683,
      "trueDamageTaken": 960,
      "wardPlaced": 17,
      "totalTimeCrowdControlDealt": 153
    }
  },
  "30333577": {
    "gameId": 825976299,
    "invalid": false,
    "gameMode": "CLASSIC",
    "gameType": "MATCHED_GAME",
    "subType": "RANKED_SOLO_5x5",
    "mapId": 1,
    "teamId": 200,
    "championId": 222,
    "spell1": 7,
    "spell2": 4,
    "level": 30,
    "ipEarned": 61,
    "createDate": 1399031335414,
    "fellowPlayers": [
      {
        "summonerId": 25521606,
        "teamId": 200,
        "championId": 25
      },
      {
        "summonerId": 26827324,
        "teamId": 100,
        "championId": 107
      },
      {
        "summonerId": 20268377,
        "teamId": 100,
        "championId": 17
      },
      {
        "summonerId": 19656041,
        "teamId": 200,
        "championId": 10
      },
      {
        "summonerId": 22901103,
        "teamId": 100,
        "championId": 21
      },
      {
        "summonerId": 34812129,
        "teamId": 200,
        "championId": 75
      },
      {
        "summonerId": 34399033,
        "teamId": 100,
        "championId": 24
      },
      {
        "summonerId": 19695049,
        "teamId": 200,
        "championId": 80
      },
      {
        "summonerId": 29655353,
        "teamId": 100,
        "championId": 55
      }
    ],
    "stats": {
      "level": 15,
      "goldEarned": 11525,
      "numDeaths": 11,
      "minionsKilled": 145,
      "championsKilled": 11,
      "goldSpent": 11315,
      "totalDamageDealt": 101350,
      "totalDamageTaken": 30039,
      "doubleKills": 1,
      "killingSprees": 3,
      "largestKillingSpree": 4,
      "team": 200,
      "win": false,
      "neutralMinionsKilled": 3,
      "largestMultiKill": 2,
      "physicalDamageDealtPlayer": 98908,
      "magicDamageDealtPlayer": 2201,
      "physicalDamageTaken": 18368,
      "magicDamageTaken": 11326,
      "largestCriticalStrike": 706,
      "timePlayed": 1967,
      "totalHeal": 3727,
      "totalUnitsHealed": 4,
      "assists": 7,
      "item0": 1055,
      "item1": 3006,
      "item2": 3072,
      "item3": 3031,
      "item4": 3046,
      "item6": 3340,
      "magicDamageDealtToChampions": 1240,
      "physicalDamageDealtToChampions": 19103,
      "totalDamageDealtToChampions": 20344,
      "trueDamageDealtPlayer": 240,
      "trueDamageTaken": 344,
      "wardPlaced": 5,
      "neutralMinionsKilledYourJungle": 3,
      "totalTimeCrowdControlDealt": 170
    }
  }
}