{
  "32298885": {
    "gameId": 825985606,
    "invalid": false,
    "gameMode": "CLASSIC",
    "gameType": "MATCHED_GAME",
    "subType": "RANKED_SOLO_5x5",
    "mapId": 1,
    "teamId": 100,
    "championId": 102,
    "spell1": 14,
    "spell2": 4,
    "level": 30,
    "ipEarned": 87,
    "createDate": 1399031360364,
    "fellowPlayers": [
      {
        "summonerId": 38792388,
        "teamId": 200,
        "championId": 412
      },
      {
        "summonerId": 39220690,
        "teamId": 200,
        "championId": 35
      },
      {
        "summonerId": 30108692,
        "teamId": 200,
        "championId": 50
      },
      {
        "summonerId": 24432189,
        "teamId": 100,
        "championId": 25
      },
      {
        "summonerId": 24505585,
        "teamId": 100,
        "championId": 115
      },
      {
        "summonerId": 34927702,
        "teamId": 200,
        "championId": 62
      },
      {
        "summonerId": 19325553,
        "teamId": 100,
        "championId": 11
      },
      {
        "summonerId": 35335279,
        "teamId": 200,
        "championId": 222
      },
      {
        "summonerId": 20295190,
        "teamId": 100,
        "championId": 236
      }
    ],
    "stats": {
      "level": 17,
      "goldEarned": 13643,
      "numDeaths": 4,
      "barracksKilled": 1,
      "turretsKilled": 3,
      "minionsKilled": 216,
      "championsKilled": 8,
      "goldSpent": 12285,
      "totalDamageDealt": 135472,
      "totalDamageTaken": 28528,
      "killingSprees": 2,
      "largestKillingSpree": 4,
      "team": 100,
      "win": true,
      "neutralMinionsKilled": 6,
      "largestMultiKill": 1,
      "physicalDamageDealtPlayer": 45547,
      "magicDamageDealtPlayer": 88894,
      "physicalDamageTaken": 20330,
      "magicDamageTaken": 7210,
      "timePlayed": 1822,
      "totalHeal": 2155,
      "totalUnitsHealed": 1,
      "assists": 12,
      "item0": 3153,
      "item1": 3068,
      "item2": 3065,
      "item3": 3047,
      "item4": 3082,
      "item5": 1011,
      "item6": 3340,
      "magicDamageDealtToChampions": 14967,
      "physicalDamageDealtToChampions": 8001,
      "totalDamageDealtToChampions": 23999,
      "trueDamageDealtPlayer": 1030,
      "trueDamageDealtToChampions": 1030,
      "trueDamageTaken": 987,
      "wardPlaced": 6,
      "neutralMinionsKilledEnemyJungle": 6,
      "totalTimeCrowdControlDealt": 39
    }
  },
  "summonerCount": 10,
  "24505585": {
    "gameId": 825985606,
    "invalid": false,
    "gameMode": "CLASSIC",
    "gameType": "MATCHED_GAME",
    "subType": "RANKED_SOLO_5x5",
    "mapId": 1,
    "teamId": 100,
    "championId": 115,
    "spell1": 4,
    "spell2": 14,
    "level": 30,
    "ipEarned": 87,
    "createDate": 1399031360363,
    "fellowPlayers": [
      {
        "summonerId": 38792388,
        "teamId": 200,
        "championId": 412
      },
      {
        "summonerId": 39220690,
        "teamId": 200,
        "championId": 35
      },
      {
        "summonerId": 30108692,
        "teamId": 200,
        "championId": 50
      },
      {
        "summonerId": 24432189,
        "teamId": 100,
        "championId": 25
      },
      {
        "summonerId": 34927702,
        "teamId": 200,
        "championId": 62
      },
      {
        "summonerId": 32298885,
        "teamId": 100,
        "championId": 102
      },
      {
        "summonerId": 19325553,
        "teamId": 100,
        "championId": 11
      },
      {
        "summonerId": 35335279,
        "teamId": 200,
        "championId": 222
      },
      {
        "summonerId": 20295190,
        "teamId": 100,
        "championId": 236
      }
    ],
    "stats": {
      "level": 17,
      "goldEarned": 13660,
      "numDeaths": 6,
      "minionsKilled": 165,
      "championsKilled": 12,
      "goldSpent": 12485,
      "totalDamageDealt": 134081,
      "totalDamageTaken": 13886,
      "doubleKills": 1,
      "killingSprees": 3,
      "largestKillingSpree": 6,
      "team": 100,
      "win": true,
      "neutralMinionsKilled": 15,
      "largestMultiKill": 2,
      "physicalDamageDealtPlayer": 13768,
      "magicDamageDealtPlayer": 118582,
      "physicalDamageTaken": 5977,
      "magicDamageTaken": 7255,
      "timePlayed": 1822,
      "totalHeal": 449,
      "totalUnitsHealed": 1,
      "assists": 6,
      "item1": 3174,
      "item2": 3020,
      "item3": 3116,
      "item4": 3191,
      "item5": 3089,
      "item6": 3340,
      "sightWardsBought": 1,
      "magicDamageDealtToChampions": 23374,
      "physicalDamageDealtToChampions": 2115,
      "totalDamageDealtToChampions": 26554,
      "trueDamageDealtPlayer": 1730,
      "trueDamageDealtToChampions": 1064,
      "trueDamageTaken": 654,
      "wardPlaced": 4,
      "neutralMinionsKilledEnemyJungle": 6,
      "neutralMinionsKilledYourJungle": 9,
      "totalTimeCrowdControlDealt": 600
    }
  },
  "34927702": {
    "gameId": 825985606,
    "invalid": false,
    "gameMode": "CLASSIC",
    "gameType": "MATCHED_GAME",
    "subType": "RANKED_SOLO_5x5",
    "mapId": 1,
    "teamId": 200,
    "championId": 62,
    "spell1": 14,
    "spell2": 4,
    "level": 30,
    "ipEarned": 58,
    "createDate": 1399031360366,
    "fellowPlayers": [
      {
        "summonerId": 38792388,
        "teamId": 200,
        "championId": 412
      },
      {
        "summonerId": 39220690,
        "teamId": 200,
        "championId": 35
      },
      {
        "summonerId": 30108692,
        "teamId": 200,
        "championId": 50
      },
      {
        "summonerId": 24432189,
        "teamId": 100,
        "championId": 25
      },
      {
        "summonerId": 24505585,
        "teamId": 100,
        "championId": 115
      },
      {
        "summonerId": 32298885,
        "teamId": 100,
        "championId": 102
      },
      {
        "summonerId": 19325553,
        "teamId": 100,
        "championId": 11
      },
      {
        "summonerId": 35335279,
        "teamId": 200,
        "championId": 222
      },
      {
        "summonerId": 20295190,
        "teamId": 100,
        "championId": 236
      }
    ],
    "stats": {
      "level": 16,
      "goldEarned": 9606,
      "numDeaths": 5,
      "minionsKilled": 195,
      "championsKilled": 1,
      "goldSpent": 8360,
      "totalDamageDealt": 95336,
      "totalDamageTaken": 19126,
      "team": 200,
      "win": false,
      "neutralMinionsKilled": 14,
      "largestMultiKill": 1,
      "physicalDamageDealtPlayer": 92870,
      "magicDamageDealtPlayer": 1859,
      "physicalDamageTaken": 10858,
      "magicDamageTaken": 7904,
      "timePlayed": 1822,
      "totalHeal": 1817,
      "totalUnitsHealed": 1,
      "assists": 4,
      "item0": 1055,
      "item1": 3143,
      "item2": 1054,
      "item3": 3071,
      "item4": 3111,
      "item6": 3340,
      "magicDamageDealtToChampions": 422,
      "physicalDamageDealtToChampions": 6301,
      "totalDamageDealtToChampions": 7329,
      "trueDamageDealtPlayer": 606,
      "trueDamageDealtToChampions": 606,
      "trueDamageTaken": 363,
      "wardPlaced": 4,
      "neutralMinionsKilledYourJungle": 14,
      "totalTimeCrowdControlDealt": 245
    }
  },
  "38792388": {
    "gameId": 825985606,
    "invalid": false,
    "gameMode": "CLASSIC",
    "gameType": "MATCHED_GAME",
    "subType": "RANKED_SOLO_5x5",
    "mapId": 1,
    "teamId": 200,
    "championId": 412,
    "spell1": 3,
    "spell2": 4,
    "level": 30,
    "ipEarned": 58,
    "createDate": 1399031360370,
    "fellowPlayers": [
      {
        "summonerId": 39220690,
        "teamId": 200,
        "championId": 35
      },
      {
        "summonerId": 30108692,
        "teamId": 200,
        "championId": 50
      },
      {
        "summonerId": 24432189,
        "teamId": 100,
        "championId": 25
      },
      {
        "summonerId": 24505585,
        "teamId": 100,
        "championId": 115
      },
      {
        "summonerId": 34927702,
        "teamId": 200,
        "championId": 62
      },
      {
        "summonerId": 32298885,
        "teamId": 100,
        "championId": 102
      },
      {
        "summonerId": 19325553,
        "teamId": 100,
        "championId": 11
      },
      {
        "summonerId": 35335279,
        "teamId": 200,
        "championId": 222
      },
      {
        "summonerId": 20295190,
        "teamId": 100,
        "championId": 236
      }
    ],
    "stats": {
      "level": 13,
      "goldEarned": 7234,
      "numDeaths": 5,
      "minionsKilled": 6,
      "goldSpent": 7105,
      "totalDamageDealt": 12178,
      "totalDamageTaken": 18531,
      "team": 200,
      "win": false,
      "physicalDamageDealtPlayer": 2716,
      "magicDamageDealtPlayer": 9462,
      "physicalDamageTaken": 9611,
      "magicDamageTaken": 8330,
      "timePlayed": 1822,
      "totalHeal": 2784,
      "totalUnitsHealed": 1,
      "assists": 10,
      "item0": 3069,
      "item1": 3265,
      "item2": 2049,
      "item3": 3211,
      "item4": 1028,
      "item6": 3341,
      "sightWardsBought": 1,
      "visionWardsBought": 1,
      "magicDamageDealtToChampions": 5729,
      "physicalDamageDealtToChampions": 1165,
      "totalDamageDealtToChampions": 6895,
      "trueDamageTaken": 590,
      "wardKilled": 1,
      "wardPlaced": 16,
      "totalTimeCrowdControlDealt": 121
    }
  },
  "30108692": {
    "gameId": 825985606,
    "invalid": false,
    "gameMode": "CLASSIC",
    "gameType": "MATCHED_GAME",
    "subType": "RANKED_SOLO_5x5",
    "mapId": 1,
    "teamId": 200,
    "championId": 50,
    "spell1": 4,
    "spell2": 14,
    "level": 30,
    "ipEarned": 58,
    "createDate": 1399031360371,
    "fellowPlayers": [
      {
        "summonerId": 38792388,
        "teamId": 200,
        "championId": 412
      },
      {
        "summonerId": 39220690,
        "teamId": 200,
        "championId": 35
      },
      {
        "summonerId": 24432189,
        "teamId": 100,
        "championId": 25
      },
      {
        "summonerId": 24505585,
        "teamId": 100,
        "championId": 115
      },
      {
        "summonerId": 34927702,
        "teamId": 200,
        "championId": 62
      },
      {
        "summonerId": 32298885,
        "teamId": 100,
        "championId": 102
      },
      {
        "summonerId": 19325553,
        "teamId": 100,
        "championId": 11
      },
      {
        "summonerId": 35335279,
        "teamId": 200,
        "championId": 222
      },
      {
        "summonerId": 20295190,
        "teamId": 100,
        "championId": 236
      }
    ],
    "stats": {
      "level": 14,
      "goldEarned": 8767,
      "numDeaths": 9,
      "minionsKilled": 109,
      "championsKilled": 5,
      "goldSpent": 6840,
      "totalDamageDealt": 65268,
      "totalDamageTaken": 28400,
      "killingSprees": 1,
      "largestKillingSpree": 3,
      "team": 200,
      "win": false,
      "neutralMinionsKilled": 4,
      "largestMultiKill": 1,
      "physicalDamageDealtPlayer": 13836,
      "magicDamageDealtPlayer": 50721,
      "physicalDamageTaken": 11824,
      "magicDamageTaken": 14546,
      "timePlayed": 1822,
      "totalHeal": 6954,
      "totalUnitsHealed": 1,
      "assists": 3,
      "item0": 1056,
      "item1": 3070,
      "item2": 3020,
      "item3": 3027,
      "item4": 1033,
      "item5": 3191,
      "item6": 3340,
      "magicDamageDealtToChampions": 14354,
      "physicalDamageDealtToChampions": 1182,
      "totalDamageDealtToChampions": 16247,
      "trueDamageDealtPlayer": 710,
      "trueDamageDealtToChampions": 710,
      "trueDamageTaken": 2030,
      "wardPlaced": 6,
      "neutralMinionsKilledYourJungle": 4,
      "totalTimeCrowdControlDealt": 196
    }
  },
  "19325553": {
    "gameId": 825985606,
    "invalid": false,
    "gameMode": "CLASSIC",
    "gameType": "MATCHED_GAME",
    "subType": "RANKED_SOLO_5x5",
    "mapId": 1,
    "teamId": 100,
    "championId": 11,
    "spell1": 4,
    "spell2": 11,
    "level": 30,
    "ipEarned": 87,
    "createDate": 1399031360360,
    "fellowPlayers": [
      {
        "summonerId": 38792388,
        "teamId": 200,
        "championId": 412
      },
      {
        "summonerId": 39220690,
        "teamId": 200,
        "championId": 35
      },
      {
        "summonerId": 30108692,
        "teamId": 200,
        "championId": 50
      },
      {
        "summonerId": 24432189,
        "teamId": 100,
        "championId": 25
      },
      {
        "summonerId": 24505585,
        "teamId": 100,
        "championId": 115
      },
      {
        "summonerId": 34927702,
        "teamId": 200,
        "championId": 62
      },
      {
        "summonerId": 32298885,
        "teamId": 100,
        "championId": 102
      },
      {
        "summonerId": 35335279,
        "teamId": 200,
        "championId": 222
      },
      {
        "summonerId": 20295190,
        "teamId": 100,
        "championId": 236
      }
    ],
    "stats": {
      "level": 16,
      "goldEarned": 12573,
      "numDeaths": 4,
      "barracksKilled": 1,
      "turretsKilled": 1,
      "minionsKilled": 46,
      "championsKilled": 7,
      "goldSpent": 11600,
      "totalDamageDealt": 198000,
      "totalDamageTaken": 25679,
      "doubleKills": 1,
      "killingSprees": 2,
      "largestKillingSpree": 3,
      "team": 100,
      "win": true,
      "neutralMinionsKilled": 110,
      "largestMultiKill": 2,
      "physicalDamageDealtPlayer": 143374,
      "magicDamageDealtPlayer": 32542,
      "physicalDamageTaken": 19190,
      "magicDamageTaken": 5806,
      "largestCriticalStrike": 850,
      "timePlayed": 1822,
      "totalHeal": 6851,
      "totalUnitsHealed": 1,
      "assists": 6,
      "item0": 3160,
      "item1": 3142,
      "item2": 3153,
      "item3": 3250,
      "item4": 1038,
      "item5": 1018,
      "item6": 3340,
      "magicDamageDealtToChampions": 1019,
      "physicalDamageDealtToChampions": 10240,
      "totalDamageDealtToChampions": 13032,
      "trueDamageDealtPlayer": 22084,
      "trueDamageDealtToChampions": 1773,
      "trueDamageTaken": 683,
      "wardPlaced": 9,
      "neutralMinionsKilledEnemyJungle": 21,
      "neutralMinionsKilledYourJungle": 89,
      "totalTimeCrowdControlDealt": 438
    }
  },
  "24432189": {
    "gameId": 825985606,
    "invalid": false,
    "gameMode": "CLASSIC",
    "gameType": "MATCHED_GAME",
    "subType": "RANKED_SOLO_5x5",
    "mapId": 1,
    "teamId": 100,
    "championId": 25,
    "spell1": 4,
    "spell2": 7,
    "level": 30,
    "ipEarned": 237,
    "createDate": 1399031360362,
    "fellowPlayers": [
      {
        "summonerId": 38792388,
        "teamId": 200,
        "championId": 412
      },
      {
        "summonerId": 39220690,
        "teamId": 200,
        "championId": 35
      },
      {
        "summonerId": 30108692,
        "teamId": 200,
        "championId": 50
      },
      {
        "summonerId": 24505585,
        "teamId": 100,
        "championId": 115
      },
      {
        "summonerId": 34927702,
        "teamId": 200,
        "championId": 62
      },
      {
        "summonerId": 32298885,
        "teamId": 100,
        "championId": 102
      },
      {
        "summonerId": 19325553,
        "teamId": 100,
        "championId": 11
      },
      {
        "summonerId": 35335279,
        "teamId": 200,
        "championId": 222
      },
      {
        "summonerId": 20295190,
        "teamId": 100,
        "championId": 236
      }
    ],
    "stats": {
      "level": 14,
      "goldEarned": 8661,
      "numDeaths": 5,
      "turretsKilled": 1,
      "minionsKilled": 9,
      "championsKilled": 2,
      "goldSpent": 7620,
      "totalDamageDealt": 18237,
      "totalDamageTaken": 14707,
      "killingSprees": 1,
      "largestKillingSpree": 2,
      "team": 100,
      "win": true,
      "largestMultiKill": 1,
      "physicalDamageDealtPlayer": 3153,
      "magicDamageDealtPlayer": 15084,
      "physicalDamageTaken": 9184,
      "magicDamageTaken": 5130,
      "timePlayed": 1822,
      "totalHeal": 2139,
      "totalUnitsHealed": 3,
      "assists": 9,
      "item0": 3117,
      "item1": 3157,
      "item2": 2049,
      "item3": 3096,
      "item4": 3114,
      "item5": 2043,
      "item6": 3364,
      "sightWardsBought": 3,
      "visionWardsBought": 2,
      "magicDamageDealtToChampions": 9555,
      "physicalDamageDealtToChampions": 739,
      "totalDamageDealtToChampions": 10294,
      "trueDamageTaken": 392,
      "wardKilled": 3,
      "wardPlaced": 15,
      "totalTimeCrowdControlDealt": 124
    }
  },
  "35335279": {
    "gameId": 825985606,
    "invalid": false,
    "gameMode": "CLASSIC",
    "gameType": "MATCHED_GAME",
    "subType": "RANKED_SOLO_5x5",
    "mapId": 1,
    "teamId": 200,
    "championId": 222,
    "spell1": 4,
    "spell2": 7,
    "level": 30,
    "ipEarned": 58,
    "createDate": 1399031360369,
    "fellowPlayers": [
      {
        "summonerId": 38792388,
        "teamId": 200,
        "championId": 412
      },
      {
        "summonerId": 39220690,
        "teamId": 200,
        "championId": 35
      },
      {
        "summonerId": 30108692,
        "teamId": 200,
        "championId": 50
      },
      {
        "summonerId": 24432189,
        "teamId": 100,
        "championId": 25
      },
      {
        "summonerId": 24505585,
        "teamId": 100,
        "championId": 115
      },
      {
        "summonerId": 34927702,
        "teamId": 200,
        "championId": 62
      },
      {
        "summonerId": 32298885,
        "teamId": 100,
        "championId": 102
      },
      {
        "summonerId": 19325553,
        "teamId": 100,
        "championId": 11
      },
      {
        "summonerId": 20295190,
        "teamId": 100,
        "championId": 236
      }
    ],
    "stats": {
      "level": 15,
      "goldEarned": 12614,
      "numDeaths": 7,
      "turretsKilled": 2,
      "minionsKilled": 225,
      "championsKilled": 10,
      "goldSpent": 13505,
      "totalDamageDealt": 137556,
      "totalDamageTaken": 26130,
      "doubleKills": 2,
      "tripleKills": 1,
      "killingSprees": 3,
      "largestKillingSpree": 4,
      "team": 200,
      "win": false,
      "neutralMinionsKilled": 1,
      "largestMultiKill": 3,
      "physicalDamageDealtPlayer": 128134,
      "magicDamageDealtPlayer": 9026,
      "physicalDamageTaken": 14054,
      "magicDamageTaken": 11576,
      "largestCriticalStrike": 617,
      "timePlayed": 1822,
      "totalHeal": 5117,
      "totalUnitsHealed": 3,
      "assists": 3,
      "item0": 1055,
      "item1": 3072,
      "item2": 3250,
      "item3": 3087,
      "item4": 1038,
      "item5": 3035,
      "item6": 3340,
      "magicDamageDealtToChampions": 2148,
      "physicalDamageDealtToChampions": 21618,
      "totalDamageDealtToChampions": 23963,
      "trueDamageDealtPlayer": 396,
      "trueDamageDealtToChampions": 196,
      "trueDamageTaken": 500,
      "wardPlaced": 1,
      "neutralMinionsKilledEnemyJungle": 1,
      "totalTimeCrowdControlDealt": 304
    }
  },
  "39220690": {
    "gameId": 825985606,
    "invalid": false,
    "gameMode": "CLASSIC",
    "gameType": "MATCHED_GAME",
    "subType": "RANKED_SOLO_5x5",
    "mapId": 1,
    "teamId": 200,
    "championId": 35,
    "spell1": 11,
    "spell2": 14,
    "level": 30,
    "ipEarned": 58,
    "createDate": 1399031360367,
    "fellowPlayers": [
      {
        "summonerId": 38792388,
        "teamId": 200,
        "championId": 412
      },
      {
        "summonerId": 30108692,
        "teamId": 200,
        "championId": 50
      },
      {
        "summonerId": 24432189,
        "teamId": 100,
        "championId": 25
      },
      {
        "summonerId": 24505585,
        "teamId": 100,
        "championId": 115
      },
      {
        "summonerId": 34927702,
        "teamId": 200,
        "championId": 62
      },
      {
        "summonerId": 32298885,
        "teamId": 100,
        "championId": 102
      },
      {
        "summonerId": 19325553,
        "teamId": 100,
        "championId": 11
      },
      {
        "summonerId": 35335279,
        "teamId": 200,
        "championId": 222
      },
      {
        "summonerId": 20295190,
        "teamId": 100,
        "championId": 236
      }
    ],
    "stats": {
      "level": 15,
      "goldEarned": 9600,
      "numDeaths": 6,
      "minionsKilled": 32,
      "championsKilled": 6,
      "goldSpent": 9410,
      "totalDamageDealt": 98508,
      "totalDamageTaken": 22218,
      "killingSprees": 2,
      "largestKillingSpree": 4,
      "team": 200,
      "win": false,
      "neutralMinionsKilled": 73,
      "largestMultiKill": 1,
      "physicalDamageDealtPlayer": 51403,
      "magicDamageDealtPlayer": 34080,
      "physicalDamageTaken": 12644,
      "magicDamageTaken": 8648,
      "largestCriticalStrike": 312,
      "timePlayed": 1822,
      "totalHeal": 2241,
      "totalUnitsHealed": 1,
      "assists": 4,
      "item0": 3153,
      "item1": 3087,
      "item2": 3154,
      "item3": 3047,
      "item6": 3341,
      "magicDamageDealtToChampions": 5848,
      "physicalDamageDealtToChampions": 4238,
      "totalDamageDealtToChampions": 11160,
      "trueDamageDealtPlayer": 13024,
      "trueDamageDealtToChampions": 1074,
      "trueDamageTaken": 925,
      "wardPlaced": 6,
      "neutralMinionsKilledEnemyJungle": 7,
      "neutralMinionsKilledYourJungle": 66,
      "totalTimeCrowdControlDealt": 1258
    }
  },
  "20295190": {
    "gameId": 825985606,
    "invalid": false,
    "gameMode": "CLASSIC",
    "gameType": "MATCHED_GAME",
    "subType": "RANKED_SOLO_5x5",
    "mapId": 1,
    "teamId": 100,
    "championId": 236,
    "spell1": 7,
    "spell2": 4,
    "level": 30,
    "ipEarned": 87,
    "createDate": 1399031360365,
    "fellowPlayers": [
      {
        "summonerId": 38792388,
        "teamId": 200,
        "championId": 412
      },
      {
        "summonerId": 39220690,
        "teamId": 200,
        "championId": 35
      },
      {
        "summonerId": 30108692,
        "teamId": 200,
        "championId": 50
      },
      {
        "summonerId": 24432189,
        "teamId": 100,
        "championId": 25
      },
      {
        "summonerId": 24505585,
        "teamId": 100,
        "championId": 115
      },
      {
        "summonerId": 34927702,
        "teamId": 200,
        "championId": 62
      },
      {
        "summonerId": 32298885,
        "teamId": 100,
        "championId": 102
      },
      {
        "summonerId": 19325553,
        "teamId": 100,
        "championId": 11
      },
      {
        "summonerId": 35335279,
        "teamId": 200,
        "championId": 222
      }
    ],
    "stats": {
      "level": 16,
      "goldEarned": 10990,
      "numDeaths": 3,
      "turretsKilled": 2,
      "minionsKilled": 181,
      "championsKilled": 3,
      "goldSpent": 9803,
      "totalDamageDealt": 114739,
      "totalDamageTaken": 16054,
      "killingSprees": 1,
      "largestKillingSpree": 2,
      "team": 100,
      "win": true,
      "neutralMinionsKilled": 8,
      "largestMultiKill": 1,
      "physicalDamageDealtPlayer": 107137,
      "magicDamageDealtPlayer": 6673,
      "physicalDamageTaken": 12186,
      "magicDamageTaken": 3728,
      "largestCriticalStrike": 575,
      "timePlayed": 1822,
      "totalHeal": 3271,
      "totalUnitsHealed": 3,
      "assists": 7,
      "item0": 1055,
      "item1": 3250,
      "item2": 3072,
      "item3": 3078,
      "item4": 1036,
      "item6": 3340,
      "sightWardsBought": 1,
      "magicDamageDealtToChampions": 2089,
      "physicalDamageDealtToChampions": 16061,
      "totalDamageDealtToChampions": 18617,
      "trueDamageDealtPlayer": 928,
      "trueDamageDealtToChampions": 466,
      "trueDamageTaken": 140,
      "wardPlaced": 8,
      "neutralMinionsKilledEnemyJungle": 2,
      "neutralMinionsKilledYourJungle": 6,
      "totalTimeCrowdControlDealt": 190
    }
  }
}