{
  "22294334": {
    "gameId": 825976075,
    "invalid": false,
    "gameMode": "CLASSIC",
    "gameType": "MATCHED_GAME",
    "subType": "RANKED_SOLO_5x5",
    "mapId": 1,
    "teamId": 100,
    "championId": 26,
    "spell1": 7,
    "spell2": 3,
    "level": 30,
    "ipEarned": 51,
    "createDate": 1399030883755,
    "fellowPlayers": [
      {
        "summonerId": 23176007,
        "teamId": 200,
        "championId": 16
      },
      {
        "summonerId": 41036222,
        "teamId": 200,
        "championId": 157
      },
      {
        "summonerId": 30768958,
        "teamId": 200,
        "championId": 236
      },
      {
        "summonerId": 28504025,
        "teamId": 100,
        "championId": 91
      },
      {
        "summonerId": 39681979,
        "teamId": 200,
        "championId": 32
      },
      {
        "summonerId": 33934128,
        "teamId": 200,
        "championId": 80
      },
      {
        "summonerId": 31357595,
        "teamId": 100,
        "championId": 7
      },
      {
        "summonerId": 28086113,
        "teamId": 100,
        "championId": 64
      },
      {
        "summonerId": 22147112,
        "teamId": 100,
        "championId": 22
      }
    ],
    "stats": {
      "level": 11,
      "goldEarned": 5884,
      "numDeaths": 6,
      "minionsKilled": 19,
      "championsKilled": 4,
      "goldSpent": 5240,
      "totalDamageDealt": 26755,
      "totalDamageTaken": 14702,
      "team": 100,
      "win": false,
      "largestMultiKill": 1,
      "physicalDamageDealtPlayer": 8279,
      "magicDamageDealtPlayer": 18475,
      "physicalDamageTaken": 10942,
      "magicDamageTaken": 3759,
      "timePlayed": 1475,
      "totalHeal": 2376,
      "totalUnitsHealed": 3,
      "assists": 6,
      "item0": 1056,
      "item1": 1026,
      "item2": 1058,
      "item3": 3158,
      "item4": 1056,
      "item5": 3070,
      "item6": 3340,
      "magicDamageDealtToChampions": 11275,
      "physicalDamageDealtToChampions": 648,
      "totalDamageDealtToChampions": 11923,
      "wardPlaced": 7,
      "totalTimeCrowdControlDealt": 10
    }
  },
  "summonerCount": 10,
  "33934128": {
    "gameId": 825976075,
    "invalid": false,
    "gameMode": "CLASSIC",
    "gameType": "MATCHED_GAME",
    "subType": "RANKED_SOLO_5x5",
    "mapId": 1,
    "teamId": 200,
    "championId": 80,
    "spell1": 4,
    "spell2": 14,
    "level": 30,
    "ipEarned": 76,
    "createDate": 1399030883761,
    "fellowPlayers": [
      {
        "summonerId": 23176007,
        "teamId": 200,
        "championId": 16
      },
      {
        "summonerId": 41036222,
        "teamId": 200,
        "championId": 157
      },
      {
        "summonerId": 30768958,
        "teamId": 200,
        "championId": 236
      },
      {
        "summonerId": 22294334,
        "teamId": 100,
        "championId": 26
      },
      {
        "summonerId": 28504025,
        "teamId": 100,
        "championId": 91
      },
      {
        "summonerId": 39681979,
        "teamId": 200,
        "championId": 32
      },
      {
        "summonerId": 31357595,
        "teamId": 100,
        "championId": 7
      },
      {
        "summonerId": 28086113,
        "teamId": 100,
        "championId": 64
      },
      {
        "summonerId": 22147112,
        "teamId": 100,
        "championId": 22
      }
    ],
    "stats": {
      "level": 14,
      "goldEarned": 10381,
      "numDeaths": 5,
      "turretsKilled": 2,
      "minionsKilled": 72,
      "championsKilled": 16,
      "goldSpent": 7835,
      "totalDamageDealt": 61958,
      "totalDamageTaken": 18909,
      "doubleKills": 2,
      "killingSprees": 3,
      "largestKillingSpree": 8,
      "team": 200,
      "win": true,
      "largestMultiKill": 2,
      "physicalDamageDealtPlayer": 60119,
      "magicDamageDealtPlayer": 1413,
      "physicalDamageTaken": 14964,
      "magicDamageTaken": 3511,
      "largestCriticalStrike": 794,
      "timePlayed": 1475,
      "totalHeal": 1377,
      "totalUnitsHealed": 1,
      "assists": 6,
      "item0": 1055,
      "item1": 3071,
      "item2": 3117,
      "item3": 3072,
      "item4": 1036,
      "item6": 3340,
      "magicDamageDealtToChampions": 1045,
      "physicalDamageDealtToChampions": 20120,
      "totalDamageDealtToChampions": 21591,
      "trueDamageDealtPlayer": 426,
      "trueDamageDealtToChampions": 426,
      "trueDamageTaken": 432,
      "wardPlaced": 5,
      "totalTimeCrowdControlDealt": 22
    }
  },
  "28504025": {
    "gameId": 825976075,
    "invalid": false,
    "gameMode": "CLASSIC",
    "gameType": "MATCHED_GAME",
    "subType": "RANKED_SOLO_5x5",
    "mapId": 1,
    "teamId": 100,
    "championId": 91,
    "spell1": 4,
    "spell2": 14,
    "level": 30,
    "ipEarned": 51,
    "createDate": 1399030883752,
    "fellowPlayers": [
      {
        "summonerId": 23176007,
        "teamId": 200,
        "championId": 16
      },
      {
        "summonerId": 41036222,
        "teamId": 200,
        "championId": 157
      },
      {
        "summonerId": 30768958,
        "teamId": 200,
        "championId": 236
      },
      {
        "summonerId": 22294334,
        "teamId": 100,
        "championId": 26
      },
      {
        "summonerId": 39681979,
        "teamId": 200,
        "championId": 32
      },
      {
        "summonerId": 33934128,
        "teamId": 200,
        "championId": 80
      },
      {
        "summonerId": 31357595,
        "teamId": 100,
        "championId": 7
      },
      {
        "summonerId": 28086113,
        "teamId": 100,
        "championId": 64
      },
      {
        "summonerId": 22147112,
        "teamId": 100,
        "championId": 22
      }
    ],
    "stats": {
      "level": 13,
      "goldEarned": 7341,
      "numDeaths": 9,
      "turretsKilled": 1,
      "minionsKilled": 96,
      "championsKilled": 2,
      "goldSpent": 7360,
      "totalDamageDealt": 62222,
      "totalDamageTaken": 15332,
      "team": 100,
      "win": false,
      "neutralMinionsKilled": 5,
      "largestMultiKill": 1,
      "physicalDamageDealtPlayer": 61672,
      "physicalDamageTaken": 11034,
      "magicDamageTaken": 4107,
      "timePlayed": 1475,
      "totalHeal": 683,
      "totalUnitsHealed": 1,
      "assists": 7,
      "item0": 3071,
      "item1": 3035,
      "item4": 3158,
      "item6": 3340,
      "physicalDamageDealtToChampions": 10527,
      "totalDamageDealtToChampions": 11077,
      "trueDamageDealtPlayer": 550,
      "trueDamageDealtToChampions": 550,
      "trueDamageTaken": 190,
      "wardPlaced": 5,
      "neutralMinionsKilledEnemyJungle": 2,
      "neutralMinionsKilledYourJungle": 3,
      "totalTimeCrowdControlDealt": 642
    }
  },
  "23176007": {
    "gameId": 825976075,
    "invalid": false,
    "gameMode": "CLASSIC",
    "gameType": "MATCHED_GAME",
    "subType": "RANKED_SOLO_5x5",
    "mapId": 1,
    "teamId": 200,
    "championId": 16,
    "spell1": 4,
    "spell2": 7,
    "level": 30,
    "ipEarned": 226,
    "createDate": 1399030883757,
    "fellowPlayers": [
      {
        "summonerId": 41036222,
        "teamId": 200,
        "championId": 157
      },
      {
        "summonerId": 30768958,
        "teamId": 200,
        "championId": 236
      },
      {
        "summonerId": 22294334,
        "teamId": 100,
        "championId": 26
      },
      {
        "summonerId": 28504025,
        "teamId": 100,
        "championId": 91
      },
      {
        "summonerId": 39681979,
        "teamId": 200,
        "championId": 32
      },
      {
        "summonerId": 33934128,
        "teamId": 200,
        "championId": 80
      },
      {
        "summonerId": 31357595,
        "teamId": 100,
        "championId": 7
      },
      {
        "summonerId": 28086113,
        "teamId": 100,
        "championId": 64
      },
      {
        "summonerId": 22147112,
        "teamId": 100,
        "championId": 22
      }
    ],
    "stats": {
      "level": 12,
      "goldEarned": 6650,
      "numDeaths": 1,
      "minionsKilled": 9,
      "goldSpent": 4915,
      "totalDamageDealt": 7840,
      "totalDamageTaken": 9909,
      "team": 200,
      "win": true,
      "neutralMinionsKilled": 1,
      "physicalDamageDealtPlayer": 6425,
      "magicDamageDealtPlayer": 1414,
      "physicalDamageTaken": 6064,
      "magicDamageTaken": 3808,
      "timePlayed": 1475,
      "totalHeal": 15814,
      "totalUnitsHealed": 5,
      "assists": 11,
      "item0": 3096,
      "item1": 3174,
      "item2": 3020,
      "item3": 2010,
      "item6": 3340,
      "magicDamageDealtToChampions": 867,
      "physicalDamageDealtToChampions": 1144,
      "totalDamageDealtToChampions": 2011,
      "trueDamageTaken": 36,
      "wardPlaced": 1,
      "neutralMinionsKilledYourJungle": 1,
      "totalTimeCrowdControlDealt": 25
    }
  },
  "39681979": {
    "gameId": 825976075,
    "invalid": false,
    "gameMode": "CLASSIC",
    "gameType": "MATCHED_GAME",
    "subType": "RANKED_SOLO_5x5",
    "mapId": 1,
    "teamId": 200,
    "championId": 32,
    "spell1": 4,
    "spell2": 11,
    "level": 30,
    "ipEarned": 76,
    "createDate": 1399030883762,
    "fellowPlayers": [
      {
        "summonerId": 23176007,
        "teamId": 200,
        "championId": 16
      },
      {
        "summonerId": 41036222,
        "teamId": 200,
        "championId": 157
      },
      {
        "summonerId": 30768958,
        "teamId": 200,
        "championId": 236
      },
      {
        "summonerId": 22294334,
        "teamId": 100,
        "championId": 26
      },
      {
        "summonerId": 28504025,
        "teamId": 100,
        "championId": 91
      },
      {
        "summonerId": 33934128,
        "teamId": 200,
        "championId": 80
      },
      {
        "summonerId": 31357595,
        "teamId": 100,
        "championId": 7
      },
      {
        "summonerId": 28086113,
        "teamId": 100,
        "championId": 64
      },
      {
        "summonerId": 22147112,
        "teamId": 100,
        "championId": 22
      }
    ],
    "stats": {
      "level": 14,
      "goldEarned": 10414,
      "numDeaths": 4,
      "minionsKilled": 34,
      "championsKilled": 7,
      "goldSpent": 8895,
      "totalDamageDealt": 130314,
      "totalDamageTaken": 20219,
      "doubleKills": 1,
      "tripleKills": 1,
      "killingSprees": 1,
      "largestKillingSpree": 6,
      "team": 200,
      "win": true,
      "neutralMinionsKilled": 82,
      "largestMultiKill": 3,
      "physicalDamageDealtPlayer": 17690,
      "magicDamageDealtPlayer": 98893,
      "physicalDamageTaken": 16811,
      "magicDamageTaken": 2412,
      "timePlayed": 1475,
      "totalHeal": 5479,
      "totalUnitsHealed": 1,
      "assists": 9,
      "item0": 3206,
      "item1": 3020,
      "item2": 3151,
      "item3": 3068,
      "item6": 3340,
      "magicDamageDealtToChampions": 13977,
      "physicalDamageDealtToChampions": 1003,
      "totalDamageDealtToChampions": 15213,
      "trueDamageDealtPlayer": 13730,
      "trueDamageDealtToChampions": 232,
      "trueDamageTaken": 995,
      "wardPlaced": 6,
      "neutralMinionsKilledEnemyJungle": 17,
      "neutralMinionsKilledYourJungle": 65,
      "totalTimeCrowdControlDealt": 374
    }
  },
  "30768958": {
    "gameId": 825976075,
    "invalid": false,
    "gameMode": "CLASSIC",
    "gameType": "MATCHED_GAME",
    "subType": "RANKED_SOLO_5x5",
    "mapId": 1,
    "teamId": 200,
    "championId": 236,
    "spell1": 7,
    "spell2": 4,
    "level": 30,
    "ipEarned": 76,
    "createDate": 1399030883758,
    "fellowPlayers": [
      {
        "summonerId": 23176007,
        "teamId": 200,
        "championId": 16
      },
      {
        "summonerId": 41036222,
        "teamId": 200,
        "championId": 157
      },
      {
        "summonerId": 22294334,
        "teamId": 100,
        "championId": 26
      },
      {
        "summonerId": 28504025,
        "teamId": 100,
        "championId": 91
      },
      {
        "summonerId": 39681979,
        "teamId": 200,
        "championId": 32
      },
      {
        "summonerId": 33934128,
        "teamId": 200,
        "championId": 80
      },
      {
        "summonerId": 31357595,
        "teamId": 100,
        "championId": 7
      },
      {
        "summonerId": 28086113,
        "teamId": 100,
        "championId": 64
      },
      {
        "summonerId": 22147112,
        "teamId": 100,
        "championId": 22
      }
    ],
    "stats": {
      "level": 12,
      "goldEarned": 7878,
      "numDeaths": 2,
      "turretsKilled": 1,
      "minionsKilled": 139,
      "championsKilled": 2,
      "goldSpent": 6040,
      "totalDamageDealt": 76115,
      "totalDamageTaken": 12071,
      "team": 200,
      "win": true,
      "neutralMinionsKilled": 1,
      "largestMultiKill": 1,
      "physicalDamageDealtPlayer": 65274,
      "magicDamageDealtPlayer": 10840,
      "physicalDamageTaken": 8061,
      "magicDamageTaken": 3860,
      "timePlayed": 1475,
      "totalHeal": 1774,
      "totalUnitsHealed": 4,
      "assists": 6,
      "item0": 1055,
      "item1": 3006,
      "item2": 3044,
      "item3": 3072,
      "item6": 3340,
      "magicDamageDealtToChampions": 3107,
      "physicalDamageDealtToChampions": 9845,
      "totalDamageDealtToChampions": 12952,
      "trueDamageTaken": 150,
      "wardPlaced": 5,
      "neutralMinionsKilledEnemyJungle": 1
    }
  },
  "28086113": {
    "gameId": 825976075,
    "invalid": false,
    "gameMode": "CLASSIC",
    "gameType": "MATCHED_GAME",
    "subType": "RANKED_SOLO_5x5",
    "mapId": 1,
    "teamId": 100,
    "championId": 64,
    "spell1": 4,
    "spell2": 11,
    "level": 30,
    "ipEarned": 51,
    "createDate": 1399030883753,
    "fellowPlayers": [
      {
        "summonerId": 23176007,
        "teamId": 200,
        "championId": 16
      },
      {
        "summonerId": 41036222,
        "teamId": 200,
        "championId": 157
      },
      {
        "summonerId": 30768958,
        "teamId": 200,
        "championId": 236
      },
      {
        "summonerId": 22294334,
        "teamId": 100,
        "championId": 26
      },
      {
        "summonerId": 28504025,
        "teamId": 100,
        "championId": 91
      },
      {
        "summonerId": 39681979,
        "teamId": 200,
        "championId": 32
      },
      {
        "summonerId": 33934128,
        "teamId": 200,
        "championId": 80
      },
      {
        "summonerId": 31357595,
        "teamId": 100,
        "championId": 7
      },
      {
        "summonerId": 22147112,
        "teamId": 100,
        "championId": 22
      }
    ],
    "stats": {
      "level": 12,
      "goldEarned": 7563,
      "numDeaths": 7,
      "minionsKilled": 7,
      "championsKilled": 6,
      "goldSpent": 5910,
      "totalDamageDealt": 77659,
      "totalDamageTaken": 20583,
      "doubleKills": 1,
      "killingSprees": 1,
      "largestKillingSpree": 2,
      "team": 100,
      "win": false,
      "neutralMinionsKilled": 59,
      "largestMultiKill": 2,
      "physicalDamageDealtPlayer": 55935,
      "magicDamageDealtPlayer": 11293,
      "physicalDamageTaken": 13479,
      "magicDamageTaken": 6450,
      "timePlayed": 1475,
      "totalHeal": 2643,
      "totalUnitsHealed": 1,
      "assists": 4,
      "item0": 3209,
      "item1": 1031,
      "item2": 2049,
      "item3": 1036,
      "item4": 1037,
      "item5": 3117,
      "item6": 3340,
      "sightWardsBought": 1,
      "magicDamageDealtToChampions": 2056,
      "physicalDamageDealtToChampions": 7823,
      "totalDamageDealtToChampions": 10768,
      "trueDamageDealtPlayer": 10430,
      "trueDamageDealtToChampions": 888,
      "trueDamageTaken": 654,
      "wardPlaced": 7,
      "neutralMinionsKilledEnemyJungle": 3,
      "neutralMinionsKilledYourJungle": 56,
      "totalTimeCrowdControlDealt": 524
    }
  },
  "41036222": {
    "gameId": 825976075,
    "invalid": false,
    "gameMode": "CLASSIC",
    "gameType": "MATCHED_GAME",
    "subType": "RANKED_SOLO_5x5",
    "mapId": 1,
    "teamId": 200,
    "championId": 157,
    "spell1": 14,
    "spell2": 4,
    "level": 30,
    "ipEarned": 76,
    "createDate": 1399030883759,
    "fellowPlayers": [
      {
        "summonerId": 23176007,
        "teamId": 200,
        "championId": 16
      },
      {
        "summonerId": 30768958,
        "teamId": 200,
        "championId": 236
      },
      {
        "summonerId": 22294334,
        "teamId": 100,
        "championId": 26
      },
      {
        "summonerId": 28504025,
        "teamId": 100,
        "championId": 91
      },
      {
        "summonerId": 39681979,
        "teamId": 200,
        "championId": 32
      },
      {
        "summonerId": 33934128,
        "teamId": 200,
        "championId": 80
      },
      {
        "summonerId": 31357595,
        "teamId": 100,
        "championId": 7
      },
      {
        "summonerId": 28086113,
        "teamId": 100,
        "championId": 64
      },
      {
        "summonerId": 22147112,
        "teamId": 100,
        "championId": 22
      }
    ],
    "stats": {
      "level": 13,
      "goldEarned": 10042,
      "numDeaths": 9,
      "turretsKilled": 1,
      "minionsKilled": 117,
      "championsKilled": 11,
      "goldSpent": 8760,
      "totalDamageDealt": 89442,
      "totalDamageTaken": 18936,
      "doubleKills": 1,
      "tripleKills": 1,
      "killingSprees": 4,
      "largestKillingSpree": 4,
      "team": 200,
      "win": true,
      "neutralMinionsKilled": 9,
      "largestMultiKill": 3,
      "physicalDamageDealtPlayer": 69592,
      "magicDamageDealtPlayer": 19436,
      "physicalDamageTaken": 13592,
      "magicDamageTaken": 4901,
      "largestCriticalStrike": 487,
      "timePlayed": 1475,
      "totalHeal": 1003,
      "totalUnitsHealed": 1,
      "assists": 4,
      "item0": 3031,
      "item2": 3006,
      "item3": 3087,
      "item4": 1053,
      "item6": 3340,
      "sightWardsBought": 1,
      "magicDamageDealtToChampions": 4186,
      "physicalDamageDealtToChampions": 13444,
      "totalDamageDealtToChampions": 18044,
      "trueDamageDealtPlayer": 414,
      "trueDamageDealtToChampions": 414,
      "trueDamageTaken": 443,
      "wardPlaced": 8,
      "neutralMinionsKilledEnemyJungle": 9,
      "totalTimeCrowdControlDealt": 55
    }
  },
  "31357595": {
    "gameId": 825976075,
    "invalid": false,
    "gameMode": "CLASSIC",
    "gameType": "MATCHED_GAME",
    "subType": "RANKED_SOLO_5x5",
    "mapId": 1,
    "teamId": 100,
    "championId": 7,
    "spell1": 14,
    "spell2": 4,
    "level": 30,
    "ipEarned": 51,
    "createDate": 1399030883756,
    "fellowPlayers": [
      {
        "summonerId": 23176007,
        "teamId": 200,
        "championId": 16
      },
      {
        "summonerId": 41036222,
        "teamId": 200,
        "championId": 157
      },
      {
        "summonerId": 30768958,
        "teamId": 200,
        "championId": 236
      },
      {
        "summonerId": 22294334,
        "teamId": 100,
        "championId": 26
      },
      {
        "summonerId": 28504025,
        "teamId": 100,
        "championId": 91
      },
      {
        "summonerId": 39681979,
        "teamId": 200,
        "championId": 32
      },
      {
        "summonerId": 33934128,
        "teamId": 200,
        "championId": 80
      },
      {
        "summonerId": 28086113,
        "teamId": 100,
        "championId": 64
      },
      {
        "summonerId": 22147112,
        "teamId": 100,
        "championId": 22
      }
    ],
    "stats": {
      "level": 10,
      "goldEarned": 5898,
      "numDeaths": 9,
      "minionsKilled": 20,
      "championsKilled": 5,
      "goldSpent": 5690,
      "totalDamageDealt": 13287,
      "totalDamageTaken": 17743,
      "killingSprees": 2,
      "largestKillingSpree": 3,
      "team": 100,
      "win": false,
      "largestMultiKill": 1,
      "physicalDamageDealtPlayer": 7044,
      "magicDamageDealtPlayer": 6058,
      "physicalDamageTaken": 13363,
      "magicDamageTaken": 4151,
      "timePlayed": 1475,
      "totalHeal": 351,
      "totalUnitsHealed": 1,
      "assists": 3,
      "item0": 1056,
      "item1": 3027,
      "item2": 3108,
      "item3": 1058,
      "item6": 3340,
      "magicDamageDealtToChampions": 3710,
      "physicalDamageDealtToChampions": 1197,
      "totalDamageDealtToChampions": 5092,
      "trueDamageDealtPlayer": 184,
      "trueDamageDealtToChampions": 184,
      "trueDamageTaken": 228,
      "wardPlaced": 4,
      "totalTimeCrowdControlDealt": 37
    }
  },
  "22147112": {
    "gameId": 825976075,
    "invalid": false,
    "gameMode": "CLASSIC",
    "gameType": "MATCHED_GAME",
    "subType": "RANKED_SOLO_5x5",
    "mapId": 1,
    "teamId": 100,
    "championId": 22,
    "spell1": 4,
    "spell2": 7,
    "level": 30,
    "ipEarned": 51,
    "createDate": 1399030883751,
    "fellowPlayers": [
      {
        "summonerId": 23176007,
        "teamId": 200,
        "championId": 16
      },
      {
        "summonerId": 41036222,
        "teamId": 200,
        "championId": 157
      },
      {
        "summonerId": 30768958,
        "teamId": 200,
        "championId": 236
      },
      {
        "summonerId": 22294334,
        "teamId": 100,
        "championId": 26
      },
      {
        "summonerId": 28504025,
        "teamId": 100,
        "championId": 91
      },
      {
        "summonerId": 39681979,
        "teamId": 200,
        "championId": 32
      },
      {
        "summonerId": 33934128,
        "teamId": 200,
        "championId": 80
      },
      {
        "summonerId": 31357595,
        "teamId": 100,
        "championId": 7
      },
      {
        "summonerId": 28086113,
        "teamId": 100,
        "championId": 64
      }
    ],
    "stats": {
      "level": 12,
      "goldEarned": 8344,
      "numDeaths": 5,
      "turretsKilled": 1,
      "minionsKilled": 116,
      "championsKilled": 4,
      "goldSpent": 7215,
      "totalDamageDealt": 62304,
      "totalDamageTaken": 13608,
      "killingSprees": 1,
      "largestKillingSpree": 2,
      "team": 100,
      "win": false,
      "neutralMinionsKilled": 4,
      "largestMultiKill": 1,
      "physicalDamageDealtPlayer": 59487,
      "magicDamageDealtPlayer": 2817,
      "physicalDamageTaken": 8893,
      "magicDamageTaken": 4715,
      "largestCriticalStrike": 399,
      "timePlayed": 1475,
      "totalHeal": 1778,
      "totalUnitsHealed": 3,
      "assists": 7,
      "item0": 3006,
      "item1": 3087,
      "item3": 1055,
      "item4": 3072,
      "item6": 3340,
      "magicDamageDealtToChampions": 1450,
      "physicalDamageDealtToChampions": 14138,
      "totalDamageDealtToChampions": 15588,
      "wardPlaced": 4,
      "neutralMinionsKilledYourJungle": 4,
      "totalTimeCrowdControlDealt": 344
    }
  }
}