{
  "27187170": {
    "gameId": 825985343,
    "invalid": false,
    "gameMode": "CLASSIC",
    "gameType": "MATCHED_GAME",
    "subType": "RANKED_SOLO_5x5",
    "mapId": 1,
    "teamId": 200,
    "championId": 102,
    "spell1": 11,
    "spell2": 4,
    "level": 30,
    "ipEarned": 115,
    "createDate": 1399032039704,
    "fellowPlayers": [
      {
        "summonerId": 43466032,
        "teamId": 200,
        "championId": 3
      },
      {
        "summonerId": 22645935,
        "teamId": 100,
        "championId": 79
      },
      {
        "summonerId": 24608546,
        "teamId": 200,
        "championId": 222
      },
      {
        "summonerId": 25284231,
        "teamId": 100,
        "championId": 105
      },
      {
        "summonerId": 27015606,
        "teamId": 100,
        "championId": 86
      },
      {
        "summonerId": 19849785,
        "teamId": 100,
        "championId": 267
      },
      {
        "summonerId": 25237478,
        "teamId": 100,
        "championId": 67
      },
      {
        "summonerId": 25119643,
        "teamId": 200,
        "championId": 60
      },
      {
        "summonerId": 22309589,
        "teamId": 200,
        "championId": 89
      }
    ],
    "stats": {
      "level": 18,
      "goldEarned": 18162,
      "numDeaths": 6,
      "barracksKilled": 2,
      "turretsKilled": 1,
      "minionsKilled": 164,
      "championsKilled": 5,
      "goldSpent": 14725,
      "totalDamageDealt": 312533,
      "totalDamageTaken": 37418,
      "killingSprees": 1,
      "largestKillingSpree": 3,
      "team": 200,
      "win": true,
      "neutralMinionsKilled": 118,
      "largestMultiKill": 1,
      "physicalDamageDealtPlayer": 107354,
      "magicDamageDealtPlayer": 193617,
      "physicalDamageTaken": 24453,
      "magicDamageTaken": 11857,
      "timePlayed": 2577,
      "totalHeal": 9340,
      "totalUnitsHealed": 1,
      "assists": 11,
      "item0": 3160,
      "item1": 3153,
      "item2": 3091,
      "item3": 3260,
      "item4": 3065,
      "item5": 3102,
      "item6": 3340,
      "magicDamageDealtToChampions": 15963,
      "physicalDamageDealtToChampions": 8446,
      "totalDamageDealtToChampions": 24625,
      "trueDamageDealtPlayer": 11562,
      "trueDamageDealtToChampions": 216,
      "trueDamageTaken": 1107,
      "wardPlaced": 8,
      "neutralMinionsKilledEnemyJungle": 17,
      "neutralMinionsKilledYourJungle": 101,
      "totalTimeCrowdControlDealt": 736
    }
  },
  "summonerCount": 10,
  "27015606": {
    "gameId": 825985343,
    "invalid": false,
    "gameMode": "CLASSIC",
    "gameType": "MATCHED_GAME",
    "subType": "RANKED_SOLO_5x5",
    "mapId": 1,
    "teamId": 100,
    "championId": 86,
    "spell1": 4,
    "spell2": 14,
    "level": 30,
    "ipEarned": 75,
    "createDate": 1399032039699,
    "fellowPlayers": [
      {
        "summonerId": 43466032,
        "teamId": 200,
        "championId": 3
      },
      {
        "summonerId": 22645935,
        "teamId": 100,
        "championId": 79
      },
      {
        "summonerId": 24608546,
        "teamId": 200,
        "championId": 222
      },
      {
        "summonerId": 25284231,
        "teamId": 100,
        "championId": 105
      },
      {
        "summonerId": 19849785,
        "teamId": 100,
        "championId": 267
      },
      {
        "summonerId": 25237478,
        "teamId": 100,
        "championId": 67
      },
      {
        "summonerId": 25119643,
        "teamId": 200,
        "championId": 60
      },
      {
        "summonerId": 27187170,
        "teamId": 200,
        "championId": 102
      },
      {
        "summonerId": 22309589,
        "teamId": 200,
        "championId": 89
      }
    ],
    "stats": {
      "level": 18,
      "goldEarned": 12756,
      "numDeaths": 5,
      "minionsKilled": 170,
      "championsKilled": 8,
      "goldSpent": 12175,
      "totalDamageDealt": 124692,
      "totalDamageTaken": 40599,
      "doubleKills": 1,
      "killingSprees": 2,
      "largestKillingSpree": 4,
      "team": 100,
      "win": false,
      "neutralMinionsKilled": 1,
      "largestMultiKill": 2,
      "physicalDamageDealtPlayer": 101763,
      "magicDamageDealtPlayer": 21674,
      "physicalDamageTaken": 18443,
      "magicDamageTaken": 20703,
      "timePlayed": 2577,
      "totalHeal": 3518,
      "totalUnitsHealed": 1,
      "assists": 7,
      "item0": 3071,
      "item1": 3111,
      "item2": 3068,
      "item3": 3083,
      "item4": 1038,
      "item5": 1037,
      "item6": 3340,
      "magicDamageDealtToChampions": 6773,
      "physicalDamageDealtToChampions": 17583,
      "totalDamageDealtToChampions": 25610,
      "trueDamageDealtPlayer": 1254,
      "trueDamageDealtToChampions": 1254,
      "trueDamageTaken": 1452,
      "wardPlaced": 10,
      "neutralMinionsKilledYourJungle": 1,
      "totalTimeCrowdControlDealt": 129
    }
  },
  "25237478": {
    "gameId": 825985343,
    "invalid": false,
    "gameMode": "CLASSIC",
    "gameType": "MATCHED_GAME",
    "subType": "RANKED_SOLO_5x5",
    "mapId": 1,
    "teamId": 100,
    "championId": 67,
    "spell1": 4,
    "spell2": 7,
    "level": 30,
    "ipEarned": 75,
    "createDate": 1399032039701,
    "fellowPlayers": [
      {
        "summonerId": 43466032,
        "teamId": 200,
        "championId": 3
      },
      {
        "summonerId": 22645935,
        "teamId": 100,
        "championId": 79
      },
      {
        "summonerId": 24608546,
        "teamId": 200,
        "championId": 222
      },
      {
        "summonerId": 25284231,
        "teamId": 100,
        "championId": 105
      },
      {
        "summonerId": 27015606,
        "teamId": 100,
        "championId": 86
      },
      {
        "summonerId": 19849785,
        "teamId": 100,
        "championId": 267
      },
      {
        "summonerId": 25119643,
        "teamId": 200,
        "championId": 60
      },
      {
        "summonerId": 27187170,
        "teamId": 200,
        "championId": 102
      },
      {
        "summonerId": 22309589,
        "teamId": 200,
        "championId": 89
      }
    ],
    "stats": {
      "level": 15,
      "goldEarned": 8566,
      "numDeaths": 7,
      "barracksKilled": 1,
      "minionsKilled": 78,
      "championsKilled": 1,
      "goldSpent": 8320,
      "totalDamageDealt": 70736,
      "totalDamageTaken": 18674,
      "team": 100,
      "win": false,
      "largestMultiKill": 1,
      "physicalDamageDealtPlayer": 53133,
      "magicDamageDealtPlayer": 3637,
      "physicalDamageTaken": 11777,
      "magicDamageTaken": 6813,
      "largestCriticalStrike": 279,
      "timePlayed": 2577,
      "totalHeal": 2178,
      "totalUnitsHealed": 3,
      "assists": 5,
      "item0": 3250,
      "item1": 3153,
      "item2": 3046,
      "item3": 1037,
      "item6": 3340,
      "magicDamageDealtToChampions": 908,
      "physicalDamageDealtToChampions": 6277,
      "totalDamageDealtToChampions": 9048,
      "trueDamageDealtPlayer": 13965,
      "trueDamageDealtToChampions": 1861,
      "trueDamageTaken": 84,
      "wardPlaced": 4,
      "totalTimeCrowdControlDealt": 59
    }
  },
  "25284231": {
    "gameId": 825985343,
    "invalid": false,
    "gameMode": "CLASSIC",
    "gameType": "MATCHED_GAME",
    "subType": "RANKED_SOLO_5x5",
    "mapId": 1,
    "teamId": 100,
    "championId": 105,
    "spell1": 4,
    "spell2": 7,
    "level": 30,
    "ipEarned": 75,
    "createDate": 1399032039700,
    "fellowPlayers": [
      {
        "summonerId": 43466032,
        "teamId": 200,
        "championId": 3
      },
      {
        "summonerId": 22645935,
        "teamId": 100,
        "championId": 79
      },
      {
        "summonerId": 24608546,
        "teamId": 200,
        "championId": 222
      },
      {
        "summonerId": 27015606,
        "teamId": 100,
        "championId": 86
      },
      {
        "summonerId": 19849785,
        "teamId": 100,
        "championId": 267
      },
      {
        "summonerId": 25237478,
        "teamId": 100,
        "championId": 67
      },
      {
        "summonerId": 25119643,
        "teamId": 200,
        "championId": 60
      },
      {
        "summonerId": 27187170,
        "teamId": 200,
        "championId": 102
      },
      {
        "summonerId": 22309589,
        "teamId": 200,
        "championId": 89
      }
    ],
    "stats": {
      "level": 18,
      "goldEarned": 15151,
      "numDeaths": 9,
      "turretsKilled": 3,
      "minionsKilled": 193,
      "championsKilled": 13,
      "goldSpent": 15100,
      "totalDamageDealt": 149711,
      "totalDamageTaken": 32680,
      "killingSprees": 3,
      "largestKillingSpree": 4,
      "team": 100,
      "win": false,
      "largestMultiKill": 1,
      "physicalDamageDealtPlayer": 27234,
      "magicDamageDealtPlayer": 122246,
      "physicalDamageTaken": 14618,
      "magicDamageTaken": 17807,
      "timePlayed": 2577,
      "totalHeal": 2433,
      "totalUnitsHealed": 1,
      "assists": 10,
      "item0": 3157,
      "item1": 3128,
      "item2": 3100,
      "item3": 3255,
      "item4": 3135,
      "item5": 1011,
      "item6": 3340,
      "magicDamageDealtToChampions": 30749,
      "physicalDamageDealtToChampions": 5436,
      "totalDamageDealtToChampions": 36415,
      "trueDamageDealtPlayer": 230,
      "trueDamageDealtToChampions": 230,
      "trueDamageTaken": 254,
      "wardPlaced": 14,
      "totalTimeCrowdControlDealt": 439
    }
  },
  "22645935": {
    "gameId": 825985343,
    "invalid": false,
    "gameMode": "CLASSIC",
    "gameType": "MATCHED_GAME",
    "subType": "RANKED_SOLO_5x5",
    "mapId": 1,
    "teamId": 100,
    "championId": 79,
    "spell1": 11,
    "spell2": 4,
    "level": 30,
    "ipEarned": 75,
    "createDate": 1399032039696,
    "fellowPlayers": [
      {
        "summonerId": 43466032,
        "teamId": 200,
        "championId": 3
      },
      {
        "summonerId": 24608546,
        "teamId": 200,
        "championId": 222
      },
      {
        "summonerId": 25284231,
        "teamId": 100,
        "championId": 105
      },
      {
        "summonerId": 27015606,
        "teamId": 100,
        "championId": 86
      },
      {
        "summonerId": 19849785,
        "teamId": 100,
        "championId": 267
      },
      {
        "summonerId": 25237478,
        "teamId": 100,
        "championId": 67
      },
      {
        "summonerId": 25119643,
        "teamId": 200,
        "championId": 60
      },
      {
        "summonerId": 27187170,
        "teamId": 200,
        "championId": 102
      },
      {
        "summonerId": 22309589,
        "teamId": 200,
        "championId": 89
      }
    ],
    "stats": {
      "level": 18,
      "goldEarned": 14307,
      "numDeaths": 4,
      "turretsKilled": 1,
      "minionsKilled": 166,
      "championsKilled": 9,
      "goldSpent": 13910,
      "totalDamageDealt": 221784,
      "totalDamageTaken": 41231,
      "killingSprees": 2,
      "largestKillingSpree": 4,
      "team": 100,
      "win": false,
      "neutralMinionsKilled": 61,
      "largestMultiKill": 1,
      "physicalDamageDealtPlayer": 33280,
      "magicDamageDealtPlayer": 174362,
      "physicalDamageTaken": 22131,
      "magicDamageTaken": 18869,
      "largestCriticalStrike": 783,
      "timePlayed": 2577,
      "totalHeal": 11327,
      "totalUnitsHealed": 1,
      "assists": 8,
      "item0": 3157,
      "item1": 3260,
      "item2": 3100,
      "item3": 3116,
      "item4": 3027,
      "item6": 3340,
      "magicDamageDealtToChampions": 21640,
      "physicalDamageDealtToChampions": 2583,
      "totalDamageDealtToChampions": 25253,
      "trueDamageDealtPlayer": 14142,
      "trueDamageDealtToChampions": 1030,
      "trueDamageTaken": 230,
      "wardPlaced": 5,
      "neutralMinionsKilledEnemyJungle": 4,
      "neutralMinionsKilledYourJungle": 57,
      "totalTimeCrowdControlDealt": 1301
    }
  },
  "25119643": {
    "gameId": 825985343,
    "invalid": false,
    "gameMode": "CLASSIC",
    "gameType": "MATCHED_GAME",
    "subType": "RANKED_SOLO_5x5",
    "mapId": 1,
    "teamId": 200,
    "championId": 60,
    "spell1": 4,
    "spell2": 14,
    "level": 30,
    "ipEarned": 115,
    "createDate": 1399032039705,
    "fellowPlayers": [
      {
        "summonerId": 43466032,
        "teamId": 200,
        "championId": 3
      },
      {
        "summonerId": 22645935,
        "teamId": 100,
        "championId": 79
      },
      {
        "summonerId": 24608546,
        "teamId": 200,
        "championId": 222
      },
      {
        "summonerId": 25284231,
        "teamId": 100,
        "championId": 105
      },
      {
        "summonerId": 27015606,
        "teamId": 100,
        "championId": 86
      },
      {
        "summonerId": 19849785,
        "teamId": 100,
        "championId": 267
      },
      {
        "summonerId": 25237478,
        "teamId": 100,
        "championId": 67
      },
      {
        "summonerId": 27187170,
        "teamId": 200,
        "championId": 102
      },
      {
        "summonerId": 22309589,
        "teamId": 200,
        "championId": 89
      }
    ],
    "stats": {
      "level": 18,
      "goldEarned": 13793,
      "numDeaths": 7,
      "turretsKilled": 1,
      "minionsKilled": 165,
      "championsKilled": 7,
      "goldSpent": 12535,
      "totalDamageDealt": 115548,
      "totalDamageTaken": 26988,
      "killingSprees": 1,
      "largestKillingSpree": 4,
      "team": 200,
      "win": true,
      "neutralMinionsKilled": 4,
      "largestMultiKill": 1,
      "physicalDamageDealtPlayer": 56426,
      "magicDamageDealtPlayer": 58399,
      "physicalDamageTaken": 11324,
      "magicDamageTaken": 14354,
      "timePlayed": 2577,
      "totalHeal": 3001,
      "totalUnitsHealed": 1,
      "assists": 4,
      "item0": 3157,
      "item1": 3116,
      "item2": 3255,
      "item3": 3136,
      "item4": 3110,
      "item5": 1052,
      "item6": 3340,
      "magicDamageDealtToChampions": 20624,
      "physicalDamageDealtToChampions": 5093,
      "totalDamageDealtToChampions": 26440,
      "trueDamageDealtPlayer": 722,
      "trueDamageDealtToChampions": 722,
      "trueDamageTaken": 1310,
      "wardPlaced": 5,
      "neutralMinionsKilledYourJungle": 4,
      "totalTimeCrowdControlDealt": 381
    }
  },
  "22309589": {
    "gameId": 825985343,
    "invalid": false,
    "gameMode": "CLASSIC",
    "gameType": "MATCHED_GAME",
    "subType": "RANKED_SOLO_5x5",
    "mapId": 1,
    "teamId": 200,
    "championId": 89,
    "spell1": 3,
    "spell2": 4,
    "level": 30,
    "ipEarned": 115,
    "createDate": 1399032039702,
    "fellowPlayers": [
      {
        "summonerId": 43466032,
        "teamId": 200,
        "championId": 3
      },
      {
        "summonerId": 22645935,
        "teamId": 100,
        "championId": 79
      },
      {
        "summonerId": 24608546,
        "teamId": 200,
        "championId": 222
      },
      {
        "summonerId": 25284231,
        "teamId": 100,
        "championId": 105
      },
      {
        "summonerId": 27015606,
        "teamId": 100,
        "championId": 86
      },
      {
        "summonerId": 19849785,
        "teamId": 100,
        "championId": 267
      },
      {
        "summonerId": 25237478,
        "teamId": 100,
        "championId": 67
      },
      {
        "summonerId": 25119643,
        "teamId": 200,
        "championId": 60
      },
      {
        "summonerId": 27187170,
        "teamId": 200,
        "championId": 102
      }
    ],
    "stats": {
      "level": 17,
      "goldEarned": 13823,
      "numDeaths": 5,
      "turretsKilled": 1,
      "minionsKilled": 43,
      "championsKilled": 3,
      "goldSpent": 13345,
      "totalDamageDealt": 44701,
      "totalDamageTaken": 26258,
      "team": 200,
      "win": true,
      "largestMultiKill": 1,
      "physicalDamageDealtPlayer": 12937,
      "magicDamageDealtPlayer": 26452,
      "physicalDamageTaken": 11008,
      "magicDamageTaken": 14515,
      "timePlayed": 2577,
      "totalHeal": 1883,
      "totalUnitsHealed": 4,
      "assists": 16,
      "item0": 3401,
      "item1": 2045,
      "item2": 3143,
      "item3": 3111,
      "item4": 3068,
      "item5": 3211,
      "item6": 3340,
      "sightWardsBought": 5,
      "magicDamageDealtToChampions": 8790,
      "physicalDamageDealtToChampions": 3674,
      "totalDamageDealtToChampions": 12465,
      "trueDamageDealtPlayer": 5310,
      "trueDamageTaken": 733,
      "wardPlaced": 17,
      "totalTimeCrowdControlDealt": 394
    }
  },
  "43466032": {
    "gameId": 825985343,
    "invalid": false,
    "gameMode": "CLASSIC",
    "gameType": "MATCHED_GAME",
    "subType": "RANKED_SOLO_5x5",
    "mapId": 1,
    "teamId": 200,
    "championId": 3,
    "spell1": 14,
    "spell2": 4,
    "level": 30,
    "ipEarned": 265,
    "createDate": 1399032039708,
    "fellowPlayers": [
      {
        "summonerId": 22645935,
        "teamId": 100,
        "championId": 79
      },
      {
        "summonerId": 24608546,
        "teamId": 200,
        "championId": 222
      },
      {
        "summonerId": 25284231,
        "teamId": 100,
        "championId": 105
      },
      {
        "summonerId": 27015606,
        "teamId": 100,
        "championId": 86
      },
      {
        "summonerId": 19849785,
        "teamId": 100,
        "championId": 267
      },
      {
        "summonerId": 25237478,
        "teamId": 100,
        "championId": 67
      },
      {
        "summonerId": 25119643,
        "teamId": 200,
        "championId": 60
      },
      {
        "summonerId": 27187170,
        "teamId": 200,
        "championId": 102
      },
      {
        "summonerId": 22309589,
        "teamId": 200,
        "championId": 89
      }
    ],
    "stats": {
      "level": 18,
      "goldEarned": 17165,
      "numDeaths": 4,
      "barracksKilled": 1,
      "turretsKilled": 1,
      "minionsKilled": 254,
      "championsKilled": 6,
      "goldSpent": 14505,
      "totalDamageDealt": 216795,
      "totalDamageTaken": 30885,
      "killingSprees": 2,
      "largestKillingSpree": 2,
      "team": 200,
      "win": true,
      "neutralMinionsKilled": 17,
      "largestMultiKill": 1,
      "physicalDamageDealtPlayer": 25731,
      "magicDamageDealtPlayer": 189775,
      "physicalDamageTaken": 17529,
      "magicDamageTaken": 12618,
      "timePlayed": 2577,
      "totalHeal": 7106,
      "totalUnitsHealed": 1,
      "assists": 16,
      "item0": 3157,
      "item1": 3023,
      "item2": 3174,
      "item3": 3265,
      "item4": 1026,
      "item5": 3065,
      "item6": 3340,
      "magicDamageDealtToChampions": 27896,
      "physicalDamageDealtToChampions": 1185,
      "totalDamageDealtToChampions": 30370,
      "trueDamageDealtPlayer": 1288,
      "trueDamageDealtToChampions": 1288,
      "trueDamageTaken": 736,
      "wardPlaced": 9,
      "neutralMinionsKilledYourJungle": 17,
      "totalTimeCrowdControlDealt": 666
    }
  },
  "19849785": {
    "gameId": 825985343,
    "invalid": false,
    "gameMode": "CLASSIC",
    "gameType": "MATCHED_GAME",
    "subType": "RANKED_SOLO_5x5",
    "mapId": 1,
    "teamId": 100,
    "championId": 267,
    "spell1": 4,
    "spell2": 7,
    "level": 30,
    "ipEarned": 75,
    "createDate": 1399032039698,
    "fellowPlayers": [
      {
        "summonerId": 43466032,
        "teamId": 200,
        "championId": 3
      },
      {
        "summonerId": 22645935,
        "teamId": 100,
        "championId": 79
      },
      {
        "summonerId": 24608546,
        "teamId": 200,
        "championId": 222
      },
      {
        "summonerId": 25284231,
        "teamId": 100,
        "championId": 105
      },
      {
        "summonerId": 27015606,
        "teamId": 100,
        "championId": 86
      },
      {
        "summonerId": 25237478,
        "teamId": 100,
        "championId": 67
      },
      {
        "summonerId": 25119643,
        "teamId": 200,
        "championId": 60
      },
      {
        "summonerId": 27187170,
        "teamId": 200,
        "championId": 102
      },
      {
        "summonerId": 22309589,
        "teamId": 200,
        "championId": 89
      }
    ],
    "stats": {
      "level": 16,
      "goldEarned": 12191,
      "numDeaths": 10,
      "barracksKilled": 1,
      "minionsKilled": 32,
      "championsKilled": 1,
      "goldSpent": 11205,
      "totalDamageDealt": 41050,
      "totalDamageTaken": 26463,
      "team": 100,
      "win": false,
      "largestMultiKill": 1,
      "physicalDamageDealtPlayer": 15502,
      "magicDamageDealtPlayer": 25548,
      "physicalDamageTaken": 15341,
      "magicDamageTaken": 10915,
      "timePlayed": 2577,
      "totalHeal": 20414,
      "totalUnitsHealed": 5,
      "assists": 19,
      "item0": 3069,
      "item1": 2049,
      "item2": 3089,
      "item3": 3158,
      "item4": 3116,
      "item5": 1026,
      "item6": 3340,
      "sightWardsBought": 1,
      "magicDamageDealtToChampions": 11734,
      "physicalDamageDealtToChampions": 2671,
      "totalDamageDealtToChampions": 14405,
      "trueDamageTaken": 206,
      "wardPlaced": 15,
      "totalTimeCrowdControlDealt": 257
    }
  },
  "24608546": {
    "gameId": 825985343,
    "invalid": false,
    "gameMode": "CLASSIC",
    "gameType": "MATCHED_GAME",
    "subType": "RANKED_SOLO_5x5",
    "mapId": 1,
    "teamId": 200,
    "championId": 222,
    "spell1": 4,
    "spell2": 7,
    "level": 30,
    "ipEarned": 115,
    "createDate": 1399032039706,
    "fellowPlayers": [
      {
        "summonerId": 43466032,
        "teamId": 200,
        "championId": 3
      },
      {
        "summonerId": 22645935,
        "teamId": 100,
        "championId": 79
      },
      {
        "summonerId": 25284231,
        "teamId": 100,
        "championId": 105
      },
      {
        "summonerId": 27015606,
        "teamId": 100,
        "championId": 86
      },
      {
        "summonerId": 19849785,
        "teamId": 100,
        "championId": 267
      },
      {
        "summonerId": 25237478,
        "teamId": 100,
        "championId": 67
      },
      {
        "summonerId": 25119643,
        "teamId": 200,
        "championId": 60
      },
      {
        "summonerId": 27187170,
        "teamId": 200,
        "championId": 102
      },
      {
        "summonerId": 22309589,
        "teamId": 200,
        "championId": 89
      }
    ],
    "stats": {
      "level": 18,
      "goldEarned": 17979,
      "numDeaths": 10,
      "barracksKilled": 3,
      "turretsKilled": 5,
      "minionsKilled": 224,
      "championsKilled": 13,
      "goldSpent": 15530,
      "totalDamageDealt": 179562,
      "totalDamageTaken": 30906,
      "doubleKills": 2,
      "tripleKills": 1,
      "killingSprees": 3,
      "largestKillingSpree": 3,
      "team": 200,
      "win": true,
      "neutralMinionsKilled": 15,
      "largestMultiKill": 3,
      "physicalDamageDealtPlayer": 175912,
      "magicDamageDealtPlayer": 3430,
      "physicalDamageTaken": 9310,
      "magicDamageTaken": 20658,
      "largestCriticalStrike": 745,
      "timePlayed": 2577,
      "totalHeal": 4260,
      "totalUnitsHealed": 3,
      "assists": 7,
      "item0": 3250,
      "item1": 3144,
      "item2": 3139,
      "item3": 3035,
      "item4": 3072,
      "item5": 3046,
      "item6": 3340,
      "magicDamageDealtToChampions": 1834,
      "physicalDamageDealtToChampions": 27636,
      "totalDamageDealtToChampions": 29471,
      "trueDamageDealtPlayer": 220,
      "trueDamageTaken": 937,
      "wardPlaced": 10,
      "neutralMinionsKilledEnemyJungle": 1,
      "neutralMinionsKilledYourJungle": 14,
      "totalTimeCrowdControlDealt": 99
    }
  }
}