{
  "24126200": {
    "gameId": 825984716,
    "invalid": false,
    "gameMode": "CLASSIC",
    "gameType": "MATCHED_GAME",
    "subType": "RANKED_SOLO_5x5",
    "mapId": 1,
    "teamId": 100,
    "championId": 236,
    "spell1": 7,
    "spell2": 4,
    "level": 30,
    "ipEarned": 239,
    "createDate": 1399031165169,
    "fellowPlayers": [
      {
        "summonerId": 29322011,
        "teamId": 100,
        "championId": 91
      },
      {
        "summonerId": 28206403,
        "teamId": 200,
        "championId": 63
      },
      {
        "summonerId": 43473098,
        "teamId": 200,
        "championId": 412
      },
      {
        "summonerId": 27041702,
        "teamId": 200,
        "championId": 24
      },
      {
        "summonerId": 22762456,
        "teamId": 100,
        "championId": 89
      },
      {
        "summonerId": 25878171,
        "teamId": 100,
        "championId": 77
      },
      {
        "summonerId": 34953173,
        "teamId": 200,
        "championId": 64
      },
      {
        "summonerId": 21921451,
        "teamId": 200,
        "championId": 51
      },
      {
        "summonerId": 33460820,
        "teamId": 100,
        "championId": 122
      }
    ],
    "stats": {
      "level": 17,
      "goldEarned": 14200,
      "numDeaths": 3,
      "barracksKilled": 1,
      "turretsKilled": 1,
      "minionsKilled": 181,
      "championsKilled": 9,
      "goldSpent": 12463,
      "totalDamageDealt": 171252,
      "totalDamageTaken": 18622,
      "doubleKills": 1,
      "killingSprees": 3,
      "largestKillingSpree": 4,
      "team": 100,
      "win": true,
      "neutralMinionsKilled": 43,
      "largestMultiKill": 2,
      "physicalDamageDealtPlayer": 144432,
      "magicDamageDealtPlayer": 26115,
      "physicalDamageTaken": 14897,
      "magicDamageTaken": 3373,
      "largestCriticalStrike": 875,
      "timePlayed": 1886,
      "totalHeal": 2952,
      "totalUnitsHealed": 3,
      "assists": 6,
      "item0": 1055,
      "item1": 3144,
      "item2": 3035,
      "item3": 3006,
      "item4": 3072,
      "item5": 3078,
      "item6": 3340,
      "visionWardsBought": 1,
      "magicDamageDealtToChampions": 4640,
      "physicalDamageDealtToChampions": 15226,
      "totalDamageDealtToChampions": 20259,
      "trueDamageDealtPlayer": 704,
      "trueDamageDealtToChampions": 392,
      "trueDamageTaken": 352,
      "wardKilled": 1,
      "wardPlaced": 7,
      "neutralMinionsKilledEnemyJungle": 14,
      "neutralMinionsKilledYourJungle": 29,
      "totalTimeCrowdControlDealt": 135
    }
  },
  "summonerCount": 10,
  "21921451": {
    "gameId": 825984716,
    "invalid": false,
    "gameMode": "CLASSIC",
    "gameType": "MATCHED_GAME",
    "subType": "RANKED_SOLO_5x5",
    "mapId": 1,
    "teamId": 200,
    "championId": 51,
    "spell1": 4,
    "spell2": 7,
    "level": 30,
    "ipEarned": 60,
    "createDate": 1399031165177,
    "fellowPlayers": [
      {
        "summonerId": 29322011,
        "teamId": 100,
        "championId": 91
      },
      {
        "summonerId": 28206403,
        "teamId": 200,
        "championId": 63
      },
      {
        "summonerId": 43473098,
        "teamId": 200,
        "championId": 412
      },
      {
        "summonerId": 24126200,
        "teamId": 100,
        "championId": 236
      },
      {
        "summonerId": 27041702,
        "teamId": 200,
        "championId": 24
      },
      {
        "summonerId": 22762456,
        "teamId": 100,
        "championId": 89
      },
      {
        "summonerId": 25878171,
        "teamId": 100,
        "championId": 77
      },
      {
        "summonerId": 34953173,
        "teamId": 200,
        "championId": 64
      },
      {
        "summonerId": 33460820,
        "teamId": 100,
        "championId": 122
      }
    ],
    "stats": {
      "level": 15,
      "goldEarned": 10527,
      "numDeaths": 6,
      "minionsKilled": 169,
      "championsKilled": 5,
      "goldSpent": 10060,
      "totalDamageDealt": 117848,
      "totalDamageTaken": 20221,
      "doubleKills": 1,
      "killingSprees": 2,
      "largestKillingSpree": 2,
      "team": 200,
      "win": false,
      "neutralMinionsKilled": 4,
      "largestMultiKill": 2,
      "physicalDamageDealtPlayer": 114209,
      "magicDamageDealtPlayer": 2608,
      "physicalDamageTaken": 15174,
      "magicDamageTaken": 4696,
      "largestCriticalStrike": 809,
      "timePlayed": 1886,
      "totalHeal": 2466,
      "totalUnitsHealed": 2,
      "assists": 11,
      "item0": 1055,
      "item1": 3072,
      "item2": 3006,
      "item3": 3046,
      "item4": 3035,
      "item6": 3340,
      "magicDamageDealtToChampions": 2137,
      "physicalDamageDealtToChampions": 18520,
      "totalDamageDealtToChampions": 20854,
      "trueDamageDealtPlayer": 1030,
      "trueDamageDealtToChampions": 196,
      "trueDamageTaken": 350,
      "wardPlaced": 7,
      "neutralMinionsKilledEnemyJungle": 1,
      "neutralMinionsKilledYourJungle": 3,
      "totalTimeCrowdControlDealt": 126
    }
  },
  "29322011": {
    "gameId": 825984716,
    "invalid": false,
    "gameMode": "CLASSIC",
    "gameType": "MATCHED_GAME",
    "subType": "RANKED_SOLO_5x5",
    "mapId": 1,
    "teamId": 100,
    "championId": 91,
    "spell1": 14,
    "spell2": 4,
    "level": 30,
    "ipEarned": 89,
    "createDate": 1399031165167,
    "fellowPlayers": [
      {
        "summonerId": 28206403,
        "teamId": 200,
        "championId": 63
      },
      {
        "summonerId": 43473098,
        "teamId": 200,
        "championId": 412
      },
      {
        "summonerId": 24126200,
        "teamId": 100,
        "championId": 236
      },
      {
        "summonerId": 27041702,
        "teamId": 200,
        "championId": 24
      },
      {
        "summonerId": 22762456,
        "teamId": 100,
        "championId": 89
      },
      {
        "summonerId": 25878171,
        "teamId": 100,
        "championId": 77
      },
      {
        "summonerId": 34953173,
        "teamId": 200,
        "championId": 64
      },
      {
        "summonerId": 21921451,
        "teamId": 200,
        "championId": 51
      },
      {
        "summonerId": 33460820,
        "teamId": 100,
        "championId": 122
      }
    ],
    "stats": {
      "level": 17,
      "goldEarned": 14602,
      "numDeaths": 10,
      "barracksKilled": 1,
      "turretsKilled": 3,
      "minionsKilled": 156,
      "championsKilled": 11,
      "goldSpent": 15737,
      "totalDamageDealt": 141237,
      "totalDamageTaken": 33632,
      "doubleKills": 1,
      "killingSprees": 3,
      "largestKillingSpree": 2,
      "team": 100,
      "win": true,
      "neutralMinionsKilled": 22,
      "largestMultiKill": 2,
      "physicalDamageDealtPlayer": 138260,
      "magicDamageDealtPlayer": 1701,
      "physicalDamageTaken": 17889,
      "magicDamageTaken": 15137,
      "timePlayed": 1886,
      "totalHeal": 4353,
      "totalUnitsHealed": 1,
      "assists": 12,
      "item0": 3270,
      "item1": 3071,
      "item2": 1055,
      "item3": 3072,
      "item4": 3074,
      "item5": 1036,
      "item6": 3340,
      "sightWardsBought": 2,
      "magicDamageDealtToChampions": 752,
      "physicalDamageDealtToChampions": 32717,
      "totalDamageDealtToChampions": 34670,
      "trueDamageDealtPlayer": 1276,
      "trueDamageDealtToChampions": 1200,
      "trueDamageTaken": 604,
      "wardPlaced": 10,
      "neutralMinionsKilledEnemyJungle": 15,
      "neutralMinionsKilledYourJungle": 7,
      "totalTimeCrowdControlDealt": 599
    }
  },
  "27041702": {
    "gameId": 825984716,
    "invalid": false,
    "gameMode": "CLASSIC",
    "gameType": "MATCHED_GAME",
    "subType": "RANKED_SOLO_5x5",
    "mapId": 1,
    "teamId": 200,
    "championId": 24,
    "spell1": 14,
    "spell2": 4,
    "level": 30,
    "ipEarned": 60,
    "createDate": 1399031165179,
    "fellowPlayers": [
      {
        "summonerId": 29322011,
        "teamId": 100,
        "championId": 91
      },
      {
        "summonerId": 28206403,
        "teamId": 200,
        "championId": 63
      },
      {
        "summonerId": 43473098,
        "teamId": 200,
        "championId": 412
      },
      {
        "summonerId": 24126200,
        "teamId": 100,
        "championId": 236
      },
      {
        "summonerId": 22762456,
        "teamId": 100,
        "championId": 89
      },
      {
        "summonerId": 25878171,
        "teamId": 100,
        "championId": 77
      },
      {
        "summonerId": 34953173,
        "teamId": 200,
        "championId": 64
      },
      {
        "summonerId": 21921451,
        "teamId": 200,
        "championId": 51
      },
      {
        "summonerId": 33460820,
        "teamId": 100,
        "championId": 122
      }
    ],
    "stats": {
      "level": 14,
      "goldEarned": 9775,
      "numDeaths": 9,
      "turretsKilled": 1,
      "minionsKilled": 119,
      "championsKilled": 6,
      "goldSpent": 9408,
      "totalDamageDealt": 93248,
      "totalDamageTaken": 29880,
      "killingSprees": 1,
      "largestKillingSpree": 5,
      "team": 200,
      "win": false,
      "neutralMinionsKilled": 5,
      "largestMultiKill": 1,
      "physicalDamageDealtPlayer": 71974,
      "magicDamageDealtPlayer": 20032,
      "physicalDamageTaken": 23705,
      "magicDamageTaken": 3686,
      "largestCriticalStrike": 363,
      "timePlayed": 1886,
      "totalHeal": 2634,
      "totalUnitsHealed": 1,
      "assists": 9,
      "item0": 3078,
      "item2": 3153,
      "item4": 3260,
      "item6": 3340,
      "magicDamageDealtToChampions": 6515,
      "physicalDamageDealtToChampions": 14778,
      "totalDamageDealtToChampions": 22536,
      "trueDamageDealtPlayer": 1242,
      "trueDamageDealtToChampions": 1242,
      "trueDamageTaken": 2488,
      "wardPlaced": 4,
      "neutralMinionsKilledYourJungle": 5,
      "totalTimeCrowdControlDealt": 113
    }
  },
  "28206403": {
    "gameId": 825984716,
    "invalid": false,
    "gameMode": "CLASSIC",
    "gameType": "MATCHED_GAME",
    "subType": "RANKED_SOLO_5x5",
    "mapId": 1,
    "teamId": 200,
    "championId": 63,
    "spell1": 4,
    "spell2": 7,
    "level": 30,
    "ipEarned": 60,
    "createDate": 1399031165175,
    "fellowPlayers": [
      {
        "summonerId": 29322011,
        "teamId": 100,
        "championId": 91
      },
      {
        "summonerId": 43473098,
        "teamId": 200,
        "championId": 412
      },
      {
        "summonerId": 24126200,
        "teamId": 100,
        "championId": 236
      },
      {
        "summonerId": 27041702,
        "teamId": 200,
        "championId": 24
      },
      {
        "summonerId": 22762456,
        "teamId": 100,
        "championId": 89
      },
      {
        "summonerId": 25878171,
        "teamId": 100,
        "championId": 77
      },
      {
        "summonerId": 34953173,
        "teamId": 200,
        "championId": 64
      },
      {
        "summonerId": 21921451,
        "teamId": 200,
        "championId": 51
      },
      {
        "summonerId": 33460820,
        "teamId": 100,
        "championId": 122
      }
    ],
    "stats": {
      "level": 14,
      "goldEarned": 10709,
      "numDeaths": 7,
      "minionsKilled": 123,
      "championsKilled": 11,
      "goldSpent": 10145,
      "totalDamageDealt": 98061,
      "totalDamageTaken": 20337,
      "killingSprees": 2,
      "largestKillingSpree": 3,
      "team": 200,
      "win": false,
      "neutralMinionsKilled": 3,
      "largestMultiKill": 1,
      "physicalDamageDealtPlayer": 12119,
      "magicDamageDealtPlayer": 85581,
      "physicalDamageTaken": 15531,
      "magicDamageTaken": 3155,
      "timePlayed": 1886,
      "totalHeal": 2781,
      "totalUnitsHealed": 3,
      "assists": 7,
      "item0": 1056,
      "item1": 3151,
      "item2": 3255,
      "item3": 3089,
      "item4": 1029,
      "item5": 1058,
      "item6": 3340,
      "magicDamageDealtToChampions": 30948,
      "physicalDamageDealtToChampions": 2102,
      "totalDamageDealtToChampions": 33290,
      "trueDamageDealtPlayer": 360,
      "trueDamageDealtToChampions": 240,
      "trueDamageTaken": 1650,
      "wardPlaced": 8,
      "neutralMinionsKilledYourJungle": 3,
      "totalTimeCrowdControlDealt": 93
    }
  },
  "22762456": {
    "gameId": 825984716,
    "invalid": false,
    "gameMode": "CLASSIC",
    "gameType": "MATCHED_GAME",
    "subType": "RANKED_SOLO_5x5",
    "mapId": 1,
    "teamId": 100,
    "championId": 89,
    "spell1": 7,
    "spell2": 4,
    "level": 30,
    "ipEarned": 89,
    "createDate": 1399031165174,
    "fellowPlayers": [
      {
        "summonerId": 29322011,
        "teamId": 100,
        "championId": 91
      },
      {
        "summonerId": 28206403,
        "teamId": 200,
        "championId": 63
      },
      {
        "summonerId": 43473098,
        "teamId": 200,
        "championId": 412
      },
      {
        "summonerId": 24126200,
        "teamId": 100,
        "championId": 236
      },
      {
        "summonerId": 27041702,
        "teamId": 200,
        "championId": 24
      },
      {
        "summonerId": 25878171,
        "teamId": 100,
        "championId": 77
      },
      {
        "summonerId": 34953173,
        "teamId": 200,
        "championId": 64
      },
      {
        "summonerId": 21921451,
        "teamId": 200,
        "championId": 51
      },
      {
        "summonerId": 33460820,
        "teamId": 100,
        "championId": 122
      }
    ],
    "stats": {
      "level": 15,
      "goldEarned": 12518,
      "numDeaths": 6,
      "turretsKilled": 1,
      "minionsKilled": 67,
      "championsKilled": 6,
      "goldSpent": 10630,
      "totalDamageDealt": 55033,
      "totalDamageTaken": 30240,
      "doubleKills": 1,
      "killingSprees": 2,
      "largestKillingSpree": 2,
      "team": 100,
      "win": true,
      "largestMultiKill": 2,
      "physicalDamageDealtPlayer": 13619,
      "magicDamageDealtPlayer": 36517,
      "physicalDamageTaken": 15909,
      "magicDamageTaken": 13344,
      "timePlayed": 1886,
      "totalHeal": 4880,
      "totalUnitsHealed": 5,
      "assists": 17,
      "item0": 3143,
      "item1": 3401,
      "item2": 2049,
      "item3": 3284,
      "item4": 3068,
      "item6": 3340,
      "sightWardsBought": 3,
      "magicDamageDealtToChampions": 11598,
      "physicalDamageDealtToChampions": 3670,
      "totalDamageDealtToChampions": 15615,
      "trueDamageDealtPlayer": 4896,
      "trueDamageDealtToChampions": 346,
      "trueDamageTaken": 986,
      "wardPlaced": 11,
      "totalTimeCrowdControlDealt": 229
    }
  },
  "25878171": {
    "gameId": 825984716,
    "invalid": false,
    "gameMode": "CLASSIC",
    "gameType": "MATCHED_GAME",
    "subType": "RANKED_SOLO_5x5",
    "mapId": 1,
    "teamId": 100,
    "championId": 77,
    "spell1": 11,
    "spell2": 4,
    "level": 30,
    "ipEarned": 89,
    "createDate": 1399031165172,
    "fellowPlayers": [
      {
        "summonerId": 29322011,
        "teamId": 100,
        "championId": 91
      },
      {
        "summonerId": 28206403,
        "teamId": 200,
        "championId": 63
      },
      {
        "summonerId": 43473098,
        "teamId": 200,
        "championId": 412
      },
      {
        "summonerId": 24126200,
        "teamId": 100,
        "championId": 236
      },
      {
        "summonerId": 27041702,
        "teamId": 200,
        "championId": 24
      },
      {
        "summonerId": 22762456,
        "teamId": 100,
        "championId": 89
      },
      {
        "summonerId": 34953173,
        "teamId": 200,
        "championId": 64
      },
      {
        "summonerId": 21921451,
        "teamId": 200,
        "championId": 51
      },
      {
        "summonerId": 33460820,
        "teamId": 100,
        "championId": 122
      }
    ],
    "stats": {
      "level": 17,
      "goldEarned": 11720,
      "numDeaths": 3,
      "barracksKilled": 1,
      "turretsKilled": 3,
      "minionsKilled": 63,
      "championsKilled": 2,
      "goldSpent": 11603,
      "totalDamageDealt": 186226,
      "totalDamageTaken": 25200,
      "team": 100,
      "win": true,
      "neutralMinionsKilled": 94,
      "largestMultiKill": 1,
      "physicalDamageDealtPlayer": 124197,
      "magicDamageDealtPlayer": 48990,
      "physicalDamageTaken": 16089,
      "magicDamageTaken": 8316,
      "largestCriticalStrike": 573,
      "timePlayed": 1886,
      "totalHeal": 5961,
      "totalUnitsHealed": 1,
      "assists": 6,
      "item0": 3160,
      "item1": 3078,
      "item2": 3074,
      "item3": 2010,
      "item4": 3117,
      "item5": 3101,
      "item6": 3340,
      "magicDamageDealtToChampions": 567,
      "physicalDamageDealtToChampions": 8124,
      "totalDamageDealtToChampions": 9416,
      "trueDamageDealtPlayer": 13038,
      "trueDamageDealtToChampions": 724,
      "trueDamageTaken": 794,
      "wardPlaced": 5,
      "neutralMinionsKilledEnemyJungle": 31,
      "neutralMinionsKilledYourJungle": 63,
      "totalTimeCrowdControlDealt": 788
    }
  },
  "43473098": {
    "gameId": 825984716,
    "invalid": false,
    "gameMode": "CLASSIC",
    "gameType": "MATCHED_GAME",
    "subType": "RANKED_SOLO_5x5",
    "mapId": 1,
    "teamId": 200,
    "championId": 412,
    "spell1": 4,
    "spell2": 3,
    "level": 30,
    "ipEarned": 60,
    "createDate": 1399031165180,
    "fellowPlayers": [
      {
        "summonerId": 29322011,
        "teamId": 100,
        "championId": 91
      },
      {
        "summonerId": 28206403,
        "teamId": 200,
        "championId": 63
      },
      {
        "summonerId": 24126200,
        "teamId": 100,
        "championId": 236
      },
      {
        "summonerId": 27041702,
        "teamId": 200,
        "championId": 24
      },
      {
        "summonerId": 22762456,
        "teamId": 100,
        "championId": 89
      },
      {
        "summonerId": 25878171,
        "teamId": 100,
        "championId": 77
      },
      {
        "summonerId": 34953173,
        "teamId": 200,
        "championId": 64
      },
      {
        "summonerId": 21921451,
        "teamId": 200,
        "championId": 51
      },
      {
        "summonerId": 33460820,
        "teamId": 100,
        "championId": 122
      }
    ],
    "stats": {
      "level": 13,
      "goldEarned": 7822,
      "numDeaths": 9,
      "minionsKilled": 30,
      "goldSpent": 7430,
      "totalDamageDealt": 27442,
      "totalDamageTaken": 21508,
      "team": 200,
      "win": false,
      "neutralMinionsKilled": 1,
      "physicalDamageDealtPlayer": 5577,
      "magicDamageDealtPlayer": 21865,
      "physicalDamageTaken": 15694,
      "magicDamageTaken": 5299,
      "timePlayed": 1886,
      "totalHeal": 863,
      "totalUnitsHealed": 1,
      "assists": 16,
      "item0": 2049,
      "item1": 3143,
      "item2": 3069,
      "item3": 1001,
      "item4": 1033,
      "item6": 3340,
      "sightWardsBought": 2,
      "visionWardsBought": 1,
      "magicDamageDealtToChampions": 11790,
      "physicalDamageDealtToChampions": 1589,
      "totalDamageDealtToChampions": 13380,
      "trueDamageTaken": 515,
      "wardPlaced": 12,
      "neutralMinionsKilledYourJungle": 1,
      "totalTimeCrowdControlDealt": 285
    }
  },
  "33460820": {
    "gameId": 825984716,
    "invalid": false,
    "gameMode": "CLASSIC",
    "gameType": "MATCHED_GAME",
    "subType": "RANKED_SOLO_5x5",
    "mapId": 1,
    "teamId": 100,
    "championId": 122,
    "spell1": 12,
    "spell2": 4,
    "level": 30,
    "ipEarned": 89,
    "createDate": 1399031165170,
    "fellowPlayers": [
      {
        "summonerId": 29322011,
        "teamId": 100,
        "championId": 91
      },
      {
        "summonerId": 28206403,
        "teamId": 200,
        "championId": 63
      },
      {
        "summonerId": 43473098,
        "teamId": 200,
        "championId": 412
      },
      {
        "summonerId": 24126200,
        "teamId": 100,
        "championId": 236
      },
      {
        "summonerId": 27041702,
        "teamId": 200,
        "championId": 24
      },
      {
        "summonerId": 22762456,
        "teamId": 100,
        "championId": 89
      },
      {
        "summonerId": 25878171,
        "teamId": 100,
        "championId": 77
      },
      {
        "summonerId": 34953173,
        "teamId": 200,
        "championId": 64
      },
      {
        "summonerId": 21921451,
        "teamId": 200,
        "championId": 51
      }
    ],
    "stats": {
      "level": 17,
      "goldEarned": 13712,
      "numDeaths": 4,
      "turretsKilled": 1,
      "minionsKilled": 166,
      "championsKilled": 11,
      "goldSpent": 12163,
      "totalDamageDealt": 87510,
      "totalDamageTaken": 28824,
      "doubleKills": 1,
      "killingSprees": 3,
      "largestKillingSpree": 5,
      "team": 100,
      "win": true,
      "largestMultiKill": 2,
      "physicalDamageDealtPlayer": 75911,
      "magicDamageDealtPlayer": 7695,
      "physicalDamageTaken": 14493,
      "magicDamageTaken": 13178,
      "largestCriticalStrike": 393,
      "timePlayed": 1886,
      "assists": 10,
      "item0": 3143,
      "item1": 3022,
      "item2": 3078,
      "item3": 3284,
      "item6": 3340,
      "magicDamageDealtToChampions": 2857,
      "physicalDamageDealtToChampions": 15458,
      "totalDamageDealtToChampions": 22219,
      "trueDamageDealtPlayer": 3903,
      "trueDamageDealtToChampions": 3903,
      "trueDamageTaken": 1152,
      "wardPlaced": 5,
      "totalTimeCrowdControlDealt": 776
    }
  },
  "34953173": {
    "gameId": 825984716,
    "invalid": false,
    "gameMode": "CLASSIC",
    "gameType": "MATCHED_GAME",
    "subType": "RANKED_SOLO_5x5",
    "mapId": 1,
    "teamId": 200,
    "championId": 64,
    "spell1": 4,
    "spell2": 11,
    "level": 30,
    "ipEarned": 60,
    "createDate": 1399031165176,
    "fellowPlayers": [
      {
        "summonerId": 29322011,
        "teamId": 100,
        "championId": 91
      },
      {
        "summonerId": 28206403,
        "teamId": 200,
        "championId": 63
      },
      {
        "summonerId": 43473098,
        "teamId": 200,
        "championId": 412
      },
      {
        "summonerId": 24126200,
        "teamId": 100,
        "championId": 236
      },
      {
        "summonerId": 27041702,
        "teamId": 200,
        "championId": 24
      },
      {
        "summonerId": 22762456,
        "teamId": 100,
        "championId": 89
      },
      {
        "summonerId": 25878171,
        "teamId": 100,
        "championId": 77
      },
      {
        "summonerId": 21921451,
        "teamId": 200,
        "championId": 51
      },
      {
        "summonerId": 33460820,
        "teamId": 100,
        "championId": 122
      }
    ],
    "stats": {
      "level": 14,
      "goldEarned": 8793,
      "numDeaths": 8,
      "turretsKilled": 1,
      "minionsKilled": 40,
      "championsKilled": 4,
      "goldSpent": 9130,
      "totalDamageDealt": 78051,
      "totalDamageTaken": 27427,
      "killingSprees": 1,
      "largestKillingSpree": 2,
      "team": 200,
      "win": false,
      "neutralMinionsKilled": 42,
      "largestMultiKill": 1,
      "physicalDamageDealtPlayer": 53198,
      "magicDamageDealtPlayer": 15351,
      "physicalDamageTaken": 21533,
      "magicDamageTaken": 4092,
      "largestCriticalStrike": 218,
      "timePlayed": 1886,
      "totalHeal": 2091,
      "totalUnitsHealed": 1,
      "assists": 12,
      "item0": 3143,
      "item1": 3209,
      "item2": 2049,
      "item3": 3270,
      "item4": 1028,
      "item6": 3340,
      "sightWardsBought": 3,
      "magicDamageDealtToChampions": 1958,
      "physicalDamageDealtToChampions": 8045,
      "totalDamageDealtToChampions": 11676,
      "trueDamageDealtPlayer": 9501,
      "trueDamageDealtToChampions": 1672,
      "trueDamageTaken": 1801,
      "wardPlaced": 17,
      "neutralMinionsKilledYourJungle": 42,
      "totalTimeCrowdControlDealt": 1018
    }
  }
}