{
  "36497974": {
    "gameId": 825984581,
    "invalid": false,
    "gameMode": "CLASSIC",
    "gameType": "MATCHED_GAME",
    "subType": "NORMAL",
    "mapId": 1,
    "teamId": 100,
    "championId": 11,
    "spell1": 11,
    "spell2": 4,
    "level": 30,
    "ipEarned": 122,
    "createDate": 1399031879336,
    "fellowPlayers": [
      {
        "summonerId": 38614461,
        "teamId": 200,
        "championId": 110
      },
      {
        "summonerId": 39913487,
        "teamId": 100,
        "championId": 111
      },
      {
        "summonerId": 25938639,
        "teamId": 200,
        "championId": 114
      },
      {
        "summonerId": 41779019,
        "teamId": 200,
        "championId": 86
      },
      {
        "summonerId": 33916913,
        "teamId": 100,
        "championId": 81
      },
      {
        "summonerId": 39947364,
        "teamId": 100,
        "championId": 17
      },
      {
        "summonerId": 25573621,
        "teamId": 200,
        "championId": 17
      },
      {
        "summonerId": 40321773,
        "teamId": 200,
        "championId": 105
      },
      {
        "summonerId": 40047529,
        "teamId": 100,
        "championId": 44
      }
    ],
    "stats": {
      "level": 18,
      "goldEarned": 24815,
      "numDeaths": 13,
      "barracksKilled": 1,
      "turretsKilled": 3,
      "minionsKilled": 202,
      "championsKilled": 25,
      "goldSpent": 16705,
      "totalDamageDealt": 378774,
      "totalDamageTaken": 56462,
      "doubleKills": 5,
      "killingSprees": 7,
      "largestKillingSpree": 5,
      "team": 100,
      "win": true,
      "neutralMinionsKilled": 111,
      "largestMultiKill": 2,
      "physicalDamageDealtPlayer": 292398,
      "magicDamageDealtPlayer": 69946,
      "physicalDamageTaken": 34923,
      "magicDamageTaken": 19453,
      "largestCriticalStrike": 1073,
      "timePlayed": 2752,
      "totalHeal": 16706,
      "totalUnitsHealed": 1,
      "assists": 11,
      "item0": 3143,
      "item1": 3142,
      "item2": 3250,
      "item3": 3087,
      "item4": 3160,
      "item5": 3031,
      "item6": 3364,
      "magicDamageDealtToChampions": 5869,
      "physicalDamageDealtToChampions": 38709,
      "totalDamageDealtToChampions": 50363,
      "trueDamageDealtPlayer": 16429,
      "trueDamageDealtToChampions": 5785,
      "trueDamageTaken": 2085,
      "wardPlaced": 5,
      "neutralMinionsKilledEnemyJungle": 27,
      "neutralMinionsKilledYourJungle": 84,
      "totalTimeCrowdControlDealt": 780
    }
  },
  "summonerCount": 10,
  "39913487": {
    "gameId": 825984581,
    "invalid": false,
    "gameMode": "CLASSIC",
    "gameType": "MATCHED_GAME",
    "subType": "NORMAL",
    "mapId": 1,
    "teamId": 100,
    "championId": 111,
    "spell1": 4,
    "spell2": 14,
    "level": 30,
    "ipEarned": 122,
    "createDate": 1399031879337,
    "fellowPlayers": [
      {
        "summonerId": 38614461,
        "teamId": 200,
        "championId": 110
      },
      {
        "summonerId": 25938639,
        "teamId": 200,
        "championId": 114
      },
      {
        "summonerId": 36497974,
        "teamId": 100,
        "championId": 11
      },
      {
        "summonerId": 41779019,
        "teamId": 200,
        "championId": 86
      },
      {
        "summonerId": 33916913,
        "teamId": 100,
        "championId": 81
      },
      {
        "summonerId": 39947364,
        "teamId": 100,
        "championId": 17
      },
      {
        "summonerId": 25573621,
        "teamId": 200,
        "championId": 17
      },
      {
        "summonerId": 40321773,
        "teamId": 200,
        "championId": 105
      },
      {
        "summonerId": 40047529,
        "teamId": 100,
        "championId": 44
      }
    ],
    "stats": {
      "level": 18,
      "goldEarned": 14770,
      "numDeaths": 11,
      "turretsKilled": 1,
      "minionsKilled": 138,
      "championsKilled": 9,
      "goldSpent": 15420,
      "totalDamageDealt": 133235,
      "totalDamageTaken": 44286,
      "doubleKills": 1,
      "killingSprees": 2,
      "largestKillingSpree": 2,
      "team": 100,
      "win": true,
      "neutralMinionsKilled": 6,
      "largestMultiKill": 2,
      "physicalDamageDealtPlayer": 78883,
      "magicDamageDealtPlayer": 52315,
      "physicalDamageTaken": 28747,
      "magicDamageTaken": 14841,
      "timePlayed": 2752,
      "totalHeal": 1717,
      "totalUnitsHealed": 1,
      "assists": 14,
      "item0": 3009,
      "item1": 3074,
      "item2": 3083,
      "item3": 1053,
      "item4": 3068,
      "item5": 1038,
      "item6": 3340,
      "sightWardsBought": 1,
      "magicDamageDealtToChampions": 11505,
      "physicalDamageDealtToChampions": 9099,
      "totalDamageDealtToChampions": 22497,
      "trueDamageDealtPlayer": 2036,
      "trueDamageDealtToChampions": 1892,
      "trueDamageTaken": 698,
      "wardPlaced": 2,
      "neutralMinionsKilledYourJungle": 6,
      "totalTimeCrowdControlDealt": 1181
    }
  },
  "41779019": {
    "gameId": 825984581,
    "invalid": false,
    "gameMode": "CLASSIC",
    "gameType": "MATCHED_GAME",
    "subType": "NORMAL",
    "mapId": 1,
    "teamId": 200,
    "championId": 86,
    "spell1": 7,
    "spell2": 4,
    "level": 30,
    "ipEarned": 79,
    "createDate": 1399031879341,
    "fellowPlayers": [
      {
        "summonerId": 38614461,
        "teamId": 200,
        "championId": 110
      },
      {
        "summonerId": 39913487,
        "teamId": 100,
        "championId": 111
      },
      {
        "summonerId": 25938639,
        "teamId": 200,
        "championId": 114
      },
      {
        "summonerId": 36497974,
        "teamId": 100,
        "championId": 11
      },
      {
        "summonerId": 33916913,
        "teamId": 100,
        "championId": 81
      },
      {
        "summonerId": 39947364,
        "teamId": 100,
        "championId": 17
      },
      {
        "summonerId": 25573621,
        "teamId": 200,
        "championId": 17
      },
      {
        "summonerId": 40321773,
        "teamId": 200,
        "championId": 105
      },
      {
        "summonerId": 40047529,
        "teamId": 100,
        "championId": 44
      }
    ],
    "stats": {
      "level": 17,
      "goldEarned": 12735,
      "numDeaths": 12,
      "turretsKilled": 1,
      "minionsKilled": 111,
      "championsKilled": 6,
      "goldSpent": 12605,
      "totalDamageDealt": 117603,
      "totalDamageTaken": 53948,
      "killingSprees": 1,
      "largestKillingSpree": 2,
      "team": 200,
      "win": false,
      "neutralMinionsKilled": 10,
      "largestMultiKill": 1,
      "physicalDamageDealtPlayer": 101432,
      "magicDamageDealtPlayer": 15606,
      "physicalDamageTaken": 24789,
      "magicDamageTaken": 27466,
      "largestCriticalStrike": 654,
      "timePlayed": 2752,
      "totalHeal": 3465,
      "totalUnitsHealed": 2,
      "assists": 13,
      "item0": 3071,
      "item1": 1011,
      "item2": 3068,
      "item3": 3009,
      "item4": 3031,
      "item6": 3340,
      "magicDamageDealtToChampions": 5891,
      "physicalDamageDealtToChampions": 17456,
      "totalDamageDealtToChampions": 23867,
      "trueDamageDealtPlayer": 564,
      "trueDamageDealtToChampions": 520,
      "trueDamageTaken": 1693,
      "wardPlaced": 5,
      "neutralMinionsKilledEnemyJungle": 3,
      "neutralMinionsKilledYourJungle": 7,
      "totalTimeCrowdControlDealt": 169
    }
  },
  "40047529": {
    "gameId": 825984581,
    "invalid": false,
    "gameMode": "CLASSIC",
    "gameType": "MATCHED_GAME",
    "subType": "NORMAL",
    "mapId": 1,
    "teamId": 100,
    "championId": 44,
    "spell1": 7,
    "spell2": 4,
    "level": 30,
    "ipEarned": 122,
    "createDate": 1399031879335,
    "fellowPlayers": [
      {
        "summonerId": 38614461,
        "teamId": 200,
        "championId": 110
      },
      {
        "summonerId": 39913487,
        "teamId": 100,
        "championId": 111
      },
      {
        "summonerId": 25938639,
        "teamId": 200,
        "championId": 114
      },
      {
        "summonerId": 36497974,
        "teamId": 100,
        "championId": 11
      },
      {
        "summonerId": 41779019,
        "teamId": 200,
        "championId": 86
      },
      {
        "summonerId": 33916913,
        "teamId": 100,
        "championId": 81
      },
      {
        "summonerId": 39947364,
        "teamId": 100,
        "championId": 17
      },
      {
        "summonerId": 25573621,
        "teamId": 200,
        "championId": 17
      },
      {
        "summonerId": 40321773,
        "teamId": 200,
        "championId": 105
      }
    ],
    "stats": {
      "level": 18,
      "goldEarned": 13673,
      "numDeaths": 6,
      "minionsKilled": 48,
      "championsKilled": 7,
      "goldSpent": 12750,
      "totalDamageDealt": 53638,
      "totalDamageTaken": 37726,
      "killingSprees": 3,
      "largestKillingSpree": 2,
      "team": 100,
      "win": true,
      "largestMultiKill": 1,
      "physicalDamageDealtPlayer": 22363,
      "magicDamageDealtPlayer": 28194,
      "physicalDamageTaken": 21519,
      "magicDamageTaken": 14764,
      "timePlayed": 2752,
      "totalHeal": 24107,
      "totalUnitsHealed": 6,
      "assists": 22,
      "item0": 3401,
      "item1": 3190,
      "item2": 2049,
      "item3": 3284,
      "item4": 3025,
      "item5": 1028,
      "item6": 3341,
      "sightWardsBought": 2,
      "visionWardsBought": 3,
      "magicDamageDealtToChampions": 14492,
      "physicalDamageDealtToChampions": 3562,
      "totalDamageDealtToChampions": 18055,
      "trueDamageDealtPlayer": 3080,
      "trueDamageTaken": 1442,
      "wardKilled": 5,
      "wardPlaced": 32,
      "totalTimeCrowdControlDealt": 310
    }
  },
  "25573621": {
    "gameId": 825984581,
    "invalid": false,
    "gameMode": "CLASSIC",
    "gameType": "MATCHED_GAME",
    "subType": "NORMAL",
    "mapId": 1,
    "teamId": 200,
    "championId": 17,
    "spell1": 4,
    "spell2": 6,
    "level": 30,
    "ipEarned": 79,
    "createDate": 1399031879342,
    "fellowPlayers": [
      {
        "summonerId": 38614461,
        "teamId": 200,
        "championId": 110
      },
      {
        "summonerId": 39913487,
        "teamId": 100,
        "championId": 111
      },
      {
        "summonerId": 25938639,
        "teamId": 200,
        "championId": 114
      },
      {
        "summonerId": 36497974,
        "teamId": 100,
        "championId": 11
      },
      {
        "summonerId": 41779019,
        "teamId": 200,
        "championId": 86
      },
      {
        "summonerId": 33916913,
        "teamId": 100,
        "championId": 81
      },
      {
        "summonerId": 39947364,
        "teamId": 100,
        "championId": 17
      },
      {
        "summonerId": 40321773,
        "teamId": 200,
        "championId": 105
      },
      {
        "summonerId": 40047529,
        "teamId": 100,
        "championId": 44
      }
    ],
    "stats": {
      "level": 18,
      "goldEarned": 15327,
      "numDeaths": 9,
      "turretsKilled": 2,
      "minionsKilled": 240,
      "championsKilled": 5,
      "goldSpent": 15160,
      "totalDamageDealt": 164394,
      "totalDamageTaken": 25771,
      "killingSprees": 1,
      "largestKillingSpree": 2,
      "team": 200,
      "win": false,
      "neutralMinionsKilled": 11,
      "largestMultiKill": 1,
      "physicalDamageDealtPlayer": 40648,
      "magicDamageDealtPlayer": 123569,
      "physicalDamageTaken": 12666,
      "magicDamageTaken": 12337,
      "timePlayed": 2752,
      "totalHeal": 640,
      "totalUnitsHealed": 1,
      "assists": 10,
      "item0": 3259,
      "item1": 3115,
      "item2": 3165,
      "item3": 3151,
      "item4": 3135,
      "item5": 1058,
      "item6": 3340,
      "magicDamageDealtToChampions": 29392,
      "physicalDamageDealtToChampions": 2119,
      "totalDamageDealtToChampions": 31599,
      "trueDamageDealtPlayer": 176,
      "trueDamageDealtToChampions": 88,
      "trueDamageTaken": 767,
      "wardKilled": 2,
      "wardPlaced": 79,
      "neutralMinionsKilledEnemyJungle": 4,
      "neutralMinionsKilledYourJungle": 7,
      "totalTimeCrowdControlDealt": 459
    }
  },
  "38614461": {
    "gameId": 825984581,
    "invalid": false,
    "gameMode": "CLASSIC",
    "gameType": "MATCHED_GAME",
    "subType": "NORMAL",
    "mapId": 1,
    "teamId": 200,
    "championId": 110,
    "spell1": 7,
    "spell2": 4,
    "level": 30,
    "ipEarned": 79,
    "createDate": 1399031879343,
    "fellowPlayers": [
      {
        "summonerId": 39913487,
        "teamId": 100,
        "championId": 111
      },
      {
        "summonerId": 25938639,
        "teamId": 200,
        "championId": 114
      },
      {
        "summonerId": 36497974,
        "teamId": 100,
        "championId": 11
      },
      {
        "summonerId": 41779019,
        "teamId": 200,
        "championId": 86
      },
      {
        "summonerId": 33916913,
        "teamId": 100,
        "championId": 81
      },
      {
        "summonerId": 39947364,
        "teamId": 100,
        "championId": 17
      },
      {
        "summonerId": 25573621,
        "teamId": 200,
        "championId": 17
      },
      {
        "summonerId": 40321773,
        "teamId": 200,
        "championId": 105
      },
      {
        "summonerId": 40047529,
        "teamId": 100,
        "championId": 44
      }
    ],
    "stats": {
      "level": 16,
      "goldEarned": 12020,
      "numDeaths": 15,
      "minionsKilled": 112,
      "championsKilled": 5,
      "goldSpent": 12000,
      "totalDamageDealt": 89535,
      "totalDamageTaken": 39978,
      "killingSprees": 1,
      "largestKillingSpree": 2,
      "team": 200,
      "win": false,
      "neutralMinionsKilled": 7,
      "largestMultiKill": 1,
      "physicalDamageDealtPlayer": 82159,
      "magicDamageDealtPlayer": 7147,
      "physicalDamageTaken": 16284,
      "magicDamageTaken": 22087,
      "largestCriticalStrike": 463,
      "timePlayed": 2752,
      "totalHeal": 3490,
      "totalUnitsHealed": 1,
      "assists": 11,
      "item0": 3031,
      "item1": 3072,
      "item2": 3006,
      "item3": 3046,
      "item4": 1031,
      "item6": 3340,
      "magicDamageDealtToChampions": 3493,
      "physicalDamageDealtToChampions": 18515,
      "totalDamageDealtToChampions": 22236,
      "trueDamageDealtPlayer": 228,
      "trueDamageDealtToChampions": 228,
      "trueDamageTaken": 1606,
      "wardPlaced": 7,
      "neutralMinionsKilledEnemyJungle": 1,
      "neutralMinionsKilledYourJungle": 6,
      "totalTimeCrowdControlDealt": 208
    }
  },
  "40321773": {
    "gameId": 825984581,
    "invalid": false,
    "gameMode": "CLASSIC",
    "gameType": "MATCHED_GAME",
    "subType": "NORMAL",
    "mapId": 1,
    "teamId": 200,
    "championId": 105,
    "spell1": 4,
    "spell2": 14,
    "level": 30,
    "ipEarned": 79,
    "createDate": 1399031879340,
    "fellowPlayers": [
      {
        "summonerId": 38614461,
        "teamId": 200,
        "championId": 110
      },
      {
        "summonerId": 39913487,
        "teamId": 100,
        "championId": 111
      },
      {
        "summonerId": 25938639,
        "teamId": 200,
        "championId": 114
      },
      {
        "summonerId": 36497974,
        "teamId": 100,
        "championId": 11
      },
      {
        "summonerId": 41779019,
        "teamId": 200,
        "championId": 86
      },
      {
        "summonerId": 33916913,
        "teamId": 100,
        "championId": 81
      },
      {
        "summonerId": 39947364,
        "teamId": 100,
        "championId": 17
      },
      {
        "summonerId": 25573621,
        "teamId": 200,
        "championId": 17
      },
      {
        "summonerId": 40047529,
        "teamId": 100,
        "championId": 44
      }
    ],
    "stats": {
      "level": 18,
      "goldEarned": 17835,
      "numDeaths": 15,
      "turretsKilled": 1,
      "minionsKilled": 62,
      "championsKilled": 24,
      "goldSpent": 17680,
      "totalDamageDealt": 91452,
      "totalDamageTaken": 36042,
      "doubleKills": 2,
      "tripleKills": 1,
      "killingSprees": 6,
      "largestKillingSpree": 4,
      "team": 200,
      "win": false,
      "neutralMinionsKilled": 3,
      "largestMultiKill": 3,
      "physicalDamageDealtPlayer": 25948,
      "magicDamageDealtPlayer": 61657,
      "physicalDamageTaken": 17859,
      "magicDamageTaken": 16421,
      "timePlayed": 2752,
      "totalHeal": 2002,
      "totalUnitsHealed": 1,
      "assists": 10,
      "item0": 3157,
      "item1": 3260,
      "item2": 3089,
      "item3": 3100,
      "item4": 3128,
      "item5": 3135,
      "item6": 3362,
      "magicDamageDealtToChampions": 41672,
      "physicalDamageDealtToChampions": 6696,
      "totalDamageDealtToChampions": 51958,
      "trueDamageDealtPlayer": 3846,
      "trueDamageDealtToChampions": 3590,
      "trueDamageTaken": 1761,
      "wardPlaced": 13,
      "neutralMinionsKilledYourJungle": 3,
      "totalTimeCrowdControlDealt": 210
    }
  },
  "33916913": {
    "gameId": 825984581,
    "invalid": false,
    "gameMode": "CLASSIC",
    "gameType": "MATCHED_GAME",
    "subType": "NORMAL",
    "mapId": 1,
    "teamId": 100,
    "championId": 81,
    "spell1": 4,
    "spell2": 7,
    "level": 30,
    "ipEarned": 122,
    "createDate": 1399031879338,
    "fellowPlayers": [
      {
        "summonerId": 38614461,
        "teamId": 200,
        "championId": 110
      },
      {
        "summonerId": 39913487,
        "teamId": 100,
        "championId": 111
      },
      {
        "summonerId": 25938639,
        "teamId": 200,
        "championId": 114
      },
      {
        "summonerId": 36497974,
        "teamId": 100,
        "championId": 11
      },
      {
        "summonerId": 41779019,
        "teamId": 200,
        "championId": 86
      },
      {
        "summonerId": 39947364,
        "teamId": 100,
        "championId": 17
      },
      {
        "summonerId": 25573621,
        "teamId": 200,
        "championId": 17
      },
      {
        "summonerId": 40321773,
        "teamId": 200,
        "championId": 105
      },
      {
        "summonerId": 40047529,
        "teamId": 100,
        "championId": 44
      }
    ],
    "stats": {
      "level": 18,
      "goldEarned": 17258,
      "numDeaths": 8,
      "barracksKilled": 1,
      "turretsKilled": 3,
      "minionsKilled": 232,
      "championsKilled": 8,
      "goldSpent": 16803,
      "totalDamageDealt": 219412,
      "totalDamageTaken": 39709,
      "killingSprees": 3,
      "largestKillingSpree": 3,
      "team": 100,
      "win": true,
      "neutralMinionsKilled": 25,
      "largestMultiKill": 1,
      "physicalDamageDealtPlayer": 195118,
      "magicDamageDealtPlayer": 22615,
      "physicalDamageTaken": 19735,
      "magicDamageTaken": 19110,
      "largestCriticalStrike": 872,
      "timePlayed": 2752,
      "totalHeal": 4775,
      "totalUnitsHealed": 3,
      "assists": 12,
      "item0": 3250,
      "item1": 3078,
      "item2": 3031,
      "item3": 3072,
      "item4": 3025,
      "item6": 3340,
      "sightWardsBought": 1,
      "magicDamageDealtToChampions": 10708,
      "physicalDamageDealtToChampions": 19828,
      "totalDamageDealtToChampions": 31353,
      "trueDamageDealtPlayer": 1678,
      "trueDamageDealtToChampions": 816,
      "trueDamageTaken": 864,
      "wardKilled": 1,
      "wardPlaced": 10,
      "neutralMinionsKilledEnemyJungle": 7,
      "neutralMinionsKilledYourJungle": 18,
      "totalTimeCrowdControlDealt": 416
    }
  },
  "25938639": {
    "gameId": 825984581,
    "invalid": false,
    "gameMode": "CLASSIC",
    "gameType": "MATCHED_GAME",
    "subType": "NORMAL",
    "mapId": 1,
    "teamId": 200,
    "championId": 114,
    "spell1": 14,
    "spell2": 4,
    "level": 30,
    "ipEarned": 79,
    "createDate": 1399031879344,
    "fellowPlayers": [
      {
        "summonerId": 38614461,
        "teamId": 200,
        "championId": 110
      },
      {
        "summonerId": 39913487,
        "teamId": 100,
        "championId": 111
      },
      {
        "summonerId": 36497974,
        "teamId": 100,
        "championId": 11
      },
      {
        "summonerId": 41779019,
        "teamId": 200,
        "championId": 86
      },
      {
        "summonerId": 33916913,
        "teamId": 100,
        "championId": 81
      },
      {
        "summonerId": 39947364,
        "teamId": 100,
        "championId": 17
      },
      {
        "summonerId": 25573621,
        "teamId": 200,
        "championId": 17
      },
      {
        "summonerId": 40321773,
        "teamId": 200,
        "championId": 105
      },
      {
        "summonerId": 40047529,
        "teamId": 100,
        "championId": 44
      }
    ],
    "stats": {
      "level": 18,
      "goldEarned": 15360,
      "numDeaths": 14,
      "barracksKilled": 2,
      "turretsKilled": 3,
      "minionsKilled": 195,
      "championsKilled": 10,
      "goldSpent": 15290,
      "totalDamageDealt": 210302,
      "totalDamageTaken": 55307,
      "killingSprees": 2,
      "largestKillingSpree": 4,
      "team": 200,
      "win": false,
      "neutralMinionsKilled": 13,
      "largestMultiKill": 1,
      "physicalDamageDealtPlayer": 204978,
      "magicDamageDealtPlayer": 4293,
      "physicalDamageTaken": 31843,
      "magicDamageTaken": 20098,
      "timePlayed": 2752,
      "totalHeal": 4588,
      "totalUnitsHealed": 1,
      "assists": 10,
      "item0": 3250,
      "item1": 3074,
      "item2": 3153,
      "item3": 3071,
      "item4": 3031,
      "item6": 3340,
      "magicDamageDealtToChampions": 2524,
      "physicalDamageDealtToChampions": 37395,
      "totalDamageDealtToChampions": 40949,
      "trueDamageDealtPlayer": 1030,
      "trueDamageDealtToChampions": 1030,
      "trueDamageTaken": 3366,
      "wardPlaced": 7,
      "neutralMinionsKilledEnemyJungle": 4,
      "neutralMinionsKilledYourJungle": 9,
      "totalTimeCrowdControlDealt": 141
    }
  },
  "39947364": {
    "gameId": 825984581,
    "invalid": false,
    "gameMode": "CLASSIC",
    "gameType": "MATCHED_GAME",
    "subType": "NORMAL",
    "mapId": 1,
    "teamId": 100,
    "championId": 17,
    "spell1": 4,
    "spell2": 21,
    "level": 30,
    "ipEarned": 122,
    "createDate": 1399031879334,
    "fellowPlayers": [
      {
        "summonerId": 38614461,
        "teamId": 200,
        "championId": 110
      },
      {
        "summonerId": 39913487,
        "teamId": 100,
        "championId": 111
      },
      {
        "summonerId": 25938639,
        "teamId": 200,
        "championId": 114
      },
      {
        "summonerId": 36497974,
        "teamId": 100,
        "championId": 11
      },
      {
        "summonerId": 41779019,
        "teamId": 200,
        "championId": 86
      },
      {
        "summonerId": 33916913,
        "teamId": 100,
        "championId": 81
      },
      {
        "summonerId": 25573621,
        "teamId": 200,
        "championId": 17
      },
      {
        "summonerId": 40321773,
        "teamId": 200,
        "championId": 105
      },
      {
        "summonerId": 40047529,
        "teamId": 100,
        "championId": 44
      }
    ],
    "stats": {
      "level": 18,
      "goldEarned": 16637,
      "numDeaths": 12,
      "barracksKilled": 1,
      "turretsKilled": 3,
      "minionsKilled": 140,
      "championsKilled": 16,
      "goldSpent": 15325,
      "totalDamageDealt": 145692,
      "totalDamageTaken": 36816,
      "doubleKills": 1,
      "killingSprees": 5,
      "largestKillingSpree": 3,
      "team": 100,
      "win": true,
      "neutralMinionsKilled": 4,
      "largestMultiKill": 2,
      "physicalDamageDealtPlayer": 37750,
      "magicDamageDealtPlayer": 106747,
      "physicalDamageTaken": 21329,
      "magicDamageTaken": 14804,
      "timePlayed": 2752,
      "totalHeal": 2936,
      "totalUnitsHealed": 1,
      "assists": 13,
      "item0": 3115,
      "item1": 3151,
      "item2": 3255,
      "item3": 3100,
      "item4": 3089,
      "item5": 3191,
      "item6": 3340,
      "magicDamageDealtToChampions": 55836,
      "physicalDamageDealtToChampions": 4386,
      "totalDamageDealtToChampions": 60923,
      "trueDamageDealtPlayer": 1194,
      "trueDamageDealtToChampions": 700,
      "trueDamageTaken": 682,
      "wardPlaced": 76,
      "neutralMinionsKilledEnemyJungle": 1,
      "neutralMinionsKilledYourJungle": 3,
      "totalTimeCrowdControlDealt": 873
    }
  }
}