{
  "34588945": {
    "gameId": 825984105,
    "invalid": false,
    "gameMode": "CLASSIC",
    "gameType": "MATCHED_GAME",
    "subType": "RANKED_SOLO_5x5",
    "mapId": 1,
    "teamId": 200,
    "championId": 134,
    "spell1": 4,
    "spell2": 14,
    "level": 30,
    "ipEarned": 72,
    "createDate": 1399031738776,
    "fellowPlayers": [
      {
        "summonerId": 34576750,
        "teamId": 200,
        "championId": 412
      },
      {
        "summonerId": 34527646,
        "teamId": 100,
        "championId": 43
      },
      {
        "summonerId": 34156439,
        "teamId": 100,
        "championId": 51
      },
      {
        "summonerId": 37157876,
        "teamId": 200,
        "championId": 122
      },
      {
        "summonerId": 21168518,
        "teamId": 200,
        "championId": 5
      },
      {
        "summonerId": 23490858,
        "teamId": 100,
        "championId": 4
      },
      {
        "summonerId": 19913137,
        "teamId": 200,
        "championId": 236
      },
      {
        "summonerId": 34869356,
        "teamId": 100,
        "championId": 59
      },
      {
        "summonerId": 42328234,
        "teamId": 100,
        "championId": 62
      }
    ],
    "stats": {
      "level": 18,
      "goldEarned": 19032,
      "numDeaths": 7,
      "turretsKilled": 1,
      "minionsKilled": 266,
      "championsKilled": 19,
      "goldSpent": 18465,
      "totalDamageDealt": 233939,
      "totalDamageTaken": 21425,
      "doubleKills": 2,
      "killingSprees": 4,
      "largestKillingSpree": 10,
      "team": 200,
      "win": false,
      "neutralMinionsKilled": 40,
      "largestMultiKill": 2,
      "physicalDamageDealtPlayer": 13278,
      "magicDamageDealtPlayer": 220140,
      "physicalDamageTaken": 9930,
      "magicDamageTaken": 11090,
      "timePlayed": 2455,
      "totalHeal": 1049,
      "totalUnitsHealed": 1,
      "assists": 6,
      "item0": 3255,
      "item1": 3157,
      "item2": 3128,
      "item3": 3174,
      "item4": 3089,
      "item5": 3135,
      "item6": 3361,
      "magicDamageDealtToChampions": 40537,
      "physicalDamageDealtToChampions": 1116,
      "totalDamageDealtToChampions": 42174,
      "trueDamageDealtPlayer": 520,
      "trueDamageDealtToChampions": 520,
      "trueDamageTaken": 404,
      "wardPlaced": 14,
      "neutralMinionsKilledYourJungle": 40,
      "totalTimeCrowdControlDealt": 653
    }
  },
  "summonerCount": 10,
  "21168518": {
    "gameId": 825984105,
    "invalid": false,
    "gameMode": "CLASSIC",
    "gameType": "MATCHED_GAME",
    "subType": "RANKED_SOLO_5x5",
    "mapId": 1,
    "teamId": 200,
    "championId": 5,
    "spell1": 4,
    "spell2": 11,
    "level": 30,
    "ipEarned": 72,
    "createDate": 1399031738777,
    "fellowPlayers": [
      {
        "summonerId": 34576750,
        "teamId": 200,
        "championId": 412
      },
      {
        "summonerId": 34527646,
        "teamId": 100,
        "championId": 43
      },
      {
        "summonerId": 34156439,
        "teamId": 100,
        "championId": 51
      },
      {
        "summonerId": 37157876,
        "teamId": 200,
        "championId": 122
      },
      {
        "summonerId": 34588945,
        "teamId": 200,
        "championId": 134
      },
      {
        "summonerId": 23490858,
        "teamId": 100,
        "championId": 4
      },
      {
        "summonerId": 19913137,
        "teamId": 200,
        "championId": 236
      },
      {
        "summonerId": 34869356,
        "teamId": 100,
        "championId": 59
      },
      {
        "summonerId": 42328234,
        "teamId": 100,
        "championId": 62
      }
    ],
    "stats": {
      "level": 18,
      "goldEarned": 12410,
      "numDeaths": 6,
      "minionsKilled": 36,
      "championsKilled": 6,
      "goldSpent": 11800,
      "totalDamageDealt": 193773,
      "totalDamageTaken": 46949,
      "doubleKills": 1,
      "killingSprees": 2,
      "largestKillingSpree": 2,
      "team": 200,
      "win": false,
      "neutralMinionsKilled": 99,
      "largestMultiKill": 2,
      "physicalDamageDealtPlayer": 119690,
      "magicDamageDealtPlayer": 64520,
      "physicalDamageTaken": 35443,
      "magicDamageTaken": 9312,
      "timePlayed": 2455,
      "totalHeal": 14770,
      "totalUnitsHealed": 1,
      "assists": 8,
      "item0": 3160,
      "item1": 3270,
      "item2": 3022,
      "item3": 3071,
      "item4": 3067,
      "item5": 3211,
      "item6": 3340,
      "magicDamageDealtToChampions": 2159,
      "physicalDamageDealtToChampions": 10861,
      "totalDamageDealtToChampions": 13395,
      "trueDamageDealtPlayer": 9562,
      "trueDamageDealtToChampions": 374,
      "trueDamageTaken": 2193,
      "wardPlaced": 11,
      "neutralMinionsKilledEnemyJungle": 17,
      "neutralMinionsKilledYourJungle": 82,
      "totalTimeCrowdControlDealt": 1107
    }
  },
  "34869356": {
    "gameId": 825984105,
    "invalid": false,
    "gameMode": "CLASSIC",
    "gameType": "MATCHED_GAME",
    "subType": "RANKED_SOLO_5x5",
    "mapId": 1,
    "teamId": 100,
    "championId": 59,
    "spell1": 11,
    "spell2": 4,
    "level": 30,
    "ipEarned": 110,
    "createDate": 1399031738768,
    "fellowPlayers": [
      {
        "summonerId": 34576750,
        "teamId": 200,
        "championId": 412
      },
      {
        "summonerId": 34527646,
        "teamId": 100,
        "championId": 43
      },
      {
        "summonerId": 34156439,
        "teamId": 100,
        "championId": 51
      },
      {
        "summonerId": 37157876,
        "teamId": 200,
        "championId": 122
      },
      {
        "summonerId": 21168518,
        "teamId": 200,
        "championId": 5
      },
      {
        "summonerId": 34588945,
        "teamId": 200,
        "championId": 134
      },
      {
        "summonerId": 23490858,
        "teamId": 100,
        "championId": 4
      },
      {
        "summonerId": 19913137,
        "teamId": 200,
        "championId": 236
      },
      {
        "summonerId": 42328234,
        "teamId": 100,
        "championId": 62
      }
    ],
    "stats": {
      "level": 18,
      "goldEarned": 16310,
      "numDeaths": 4,
      "turretsKilled": 2,
      "minionsKilled": 43,
      "championsKilled": 11,
      "goldSpent": 15115,
      "totalDamageDealt": 222694,
      "totalDamageTaken": 37412,
      "doubleKills": 2,
      "tripleKills": 1,
      "killingSprees": 2,
      "largestKillingSpree": 6,
      "team": 100,
      "win": true,
      "neutralMinionsKilled": 119,
      "largestMultiKill": 3,
      "physicalDamageDealtPlayer": 110903,
      "magicDamageDealtPlayer": 87244,
      "physicalDamageTaken": 24810,
      "magicDamageTaken": 11400,
      "timePlayed": 2455,
      "totalHeal": 10041,
      "totalUnitsHealed": 1,
      "assists": 19,
      "item0": 3143,
      "item1": 3160,
      "item2": 3065,
      "item3": 3068,
      "item4": 3026,
      "item5": 3269,
      "item6": 3340,
      "magicDamageDealtToChampions": 5726,
      "physicalDamageDealtToChampions": 15328,
      "totalDamageDealtToChampions": 22292,
      "trueDamageDealtPlayer": 24546,
      "trueDamageDealtToChampions": 1238,
      "trueDamageTaken": 1201,
      "wardKilled": 1,
      "wardPlaced": 13,
      "neutralMinionsKilledEnemyJungle": 13,
      "neutralMinionsKilledYourJungle": 106,
      "totalTimeCrowdControlDealt": 1648
    }
  },
  "42328234": {
    "gameId": 825984105,
    "invalid": false,
    "gameMode": "CLASSIC",
    "gameType": "MATCHED_GAME",
    "subType": "RANKED_SOLO_5x5",
    "mapId": 1,
    "teamId": 100,
    "championId": 62,
    "spell1": 4,
    "spell2": 14,
    "level": 30,
    "ipEarned": 110,
    "createDate": 1399031738772,
    "fellowPlayers": [
      {
        "summonerId": 34576750,
        "teamId": 200,
        "championId": 412
      },
      {
        "summonerId": 34527646,
        "teamId": 100,
        "championId": 43
      },
      {
        "summonerId": 34156439,
        "teamId": 100,
        "championId": 51
      },
      {
        "summonerId": 37157876,
        "teamId": 200,
        "championId": 122
      },
      {
        "summonerId": 21168518,
        "teamId": 200,
        "championId": 5
      },
      {
        "summonerId": 34588945,
        "teamId": 200,
        "championId": 134
      },
      {
        "summonerId": 23490858,
        "teamId": 100,
        "championId": 4
      },
      {
        "summonerId": 19913137,
        "teamId": 200,
        "championId": 236
      },
      {
        "summonerId": 34869356,
        "teamId": 100,
        "championId": 59
      }
    ],
    "stats": {
      "level": 18,
      "goldEarned": 16525,
      "numDeaths": 8,
      "turretsKilled": 2,
      "minionsKilled": 201,
      "championsKilled": 11,
      "goldSpent": 13300,
      "totalDamageDealt": 190804,
      "totalDamageTaken": 32666,
      "doubleKills": 2,
      "killingSprees": 2,
      "largestKillingSpree": 6,
      "team": 100,
      "win": true,
      "neutralMinionsKilled": 36,
      "largestMultiKill": 2,
      "physicalDamageDealtPlayer": 184925,
      "magicDamageDealtPlayer": 3578,
      "physicalDamageTaken": 17862,
      "magicDamageTaken": 11155,
      "largestCriticalStrike": 654,
      "timePlayed": 2455,
      "totalHeal": 3847,
      "totalUnitsHealed": 1,
      "assists": 14,
      "item0": 3074,
      "item1": 3143,
      "item2": 3026,
      "item3": 3260,
      "item4": 3005,
      "item6": 3340,
      "magicDamageDealtToChampions": 326,
      "physicalDamageDealtToChampions": 18800,
      "totalDamageDealtToChampions": 20806,
      "trueDamageDealtPlayer": 2300,
      "trueDamageDealtToChampions": 1680,
      "trueDamageTaken": 3649,
      "wardPlaced": 7,
      "neutralMinionsKilledEnemyJungle": 15,
      "neutralMinionsKilledYourJungle": 21,
      "totalTimeCrowdControlDealt": 703
    }
  },
  "34576750": {
    "gameId": 825984105,
    "invalid": false,
    "gameMode": "CLASSIC",
    "gameType": "MATCHED_GAME",
    "subType": "RANKED_SOLO_5x5",
    "mapId": 1,
    "teamId": 200,
    "championId": 412,
    "spell1": 4,
    "spell2": 3,
    "level": 30,
    "ipEarned": 72,
    "createDate": 1399031738778,
    "fellowPlayers": [
      {
        "summonerId": 34527646,
        "teamId": 100,
        "championId": 43
      },
      {
        "summonerId": 34156439,
        "teamId": 100,
        "championId": 51
      },
      {
        "summonerId": 37157876,
        "teamId": 200,
        "championId": 122
      },
      {
        "summonerId": 21168518,
        "teamId": 200,
        "championId": 5
      },
      {
        "summonerId": 34588945,
        "teamId": 200,
        "championId": 134
      },
      {
        "summonerId": 23490858,
        "teamId": 100,
        "championId": 4
      },
      {
        "summonerId": 19913137,
        "teamId": 200,
        "championId": 236
      },
      {
        "summonerId": 34869356,
        "teamId": 100,
        "championId": 59
      },
      {
        "summonerId": 42328234,
        "teamId": 100,
        "championId": 62
      }
    ],
    "stats": {
      "level": 16,
      "goldEarned": 8657,
      "numDeaths": 9,
      "minionsKilled": 18,
      "goldSpent": 8700,
      "totalDamageDealt": 19612,
      "totalDamageTaken": 28084,
      "team": 200,
      "win": false,
      "physicalDamageDealtPlayer": 5116,
      "magicDamageDealtPlayer": 14496,
      "physicalDamageTaken": 13436,
      "magicDamageTaken": 14316,
      "timePlayed": 2455,
      "totalHeal": 424,
      "totalUnitsHealed": 1,
      "assists": 9,
      "item0": 2045,
      "item1": 3111,
      "item2": 3096,
      "item3": 3065,
      "item4": 1031,
      "item6": 3341,
      "sightWardsBought": 2,
      "visionWardsBought": 2,
      "magicDamageDealtToChampions": 7896,
      "physicalDamageDealtToChampions": 978,
      "totalDamageDealtToChampions": 8874,
      "trueDamageTaken": 332,
      "wardKilled": 3,
      "wardPlaced": 22,
      "totalTimeCrowdControlDealt": 118
    }
  },
  "37157876": {
    "gameId": 825984105,
    "invalid": false,
    "gameMode": "CLASSIC",
    "gameType": "MATCHED_GAME",
    "subType": "RANKED_SOLO_5x5",
    "mapId": 1,
    "teamId": 200,
    "championId": 122,
    "spell1": 14,
    "spell2": 4,
    "level": 30,
    "ipEarned": 72,
    "createDate": 1399031738780,
    "fellowPlayers": [
      {
        "summonerId": 34576750,
        "teamId": 200,
        "championId": 412
      },
      {
        "summonerId": 34527646,
        "teamId": 100,
        "championId": 43
      },
      {
        "summonerId": 34156439,
        "teamId": 100,
        "championId": 51
      },
      {
        "summonerId": 21168518,
        "teamId": 200,
        "championId": 5
      },
      {
        "summonerId": 34588945,
        "teamId": 200,
        "championId": 134
      },
      {
        "summonerId": 23490858,
        "teamId": 100,
        "championId": 4
      },
      {
        "summonerId": 19913137,
        "teamId": 200,
        "championId": 236
      },
      {
        "summonerId": 34869356,
        "teamId": 100,
        "championId": 59
      },
      {
        "summonerId": 42328234,
        "teamId": 100,
        "championId": 62
      }
    ],
    "stats": {
      "level": 18,
      "goldEarned": 15342,
      "numDeaths": 9,
      "turretsKilled": 2,
      "minionsKilled": 258,
      "championsKilled": 7,
      "goldSpent": 17295,
      "totalDamageDealt": 222951,
      "totalDamageTaken": 38967,
      "doubleKills": 1,
      "killingSprees": 2,
      "largestKillingSpree": 3,
      "team": 200,
      "win": false,
      "neutralMinionsKilled": 32,
      "largestMultiKill": 2,
      "physicalDamageDealtPlayer": 182706,
      "magicDamageDealtPlayer": 34610,
      "physicalDamageTaken": 30004,
      "magicDamageTaken": 7182,
      "timePlayed": 2455,
      "totalHeal": 3005,
      "totalUnitsHealed": 1,
      "assists": 5,
      "item0": 3074,
      "item1": 3280,
      "item2": 3071,
      "item3": 3068,
      "item4": 1031,
      "item5": 3156,
      "item6": 3340,
      "sightWardsBought": 2,
      "magicDamageDealtToChampions": 4549,
      "physicalDamageDealtToChampions": 13271,
      "totalDamageDealtToChampions": 22364,
      "trueDamageDealtPlayer": 5633,
      "trueDamageDealtToChampions": 4543,
      "trueDamageTaken": 1780,
      "wardPlaced": 14,
      "neutralMinionsKilledEnemyJungle": 4,
      "neutralMinionsKilledYourJungle": 28,
      "totalTimeCrowdControlDealt": 306
    }
  },
  "34156439": {
    "gameId": 825984105,
    "invalid": false,
    "gameMode": "CLASSIC",
    "gameType": "MATCHED_GAME",
    "subType": "RANKED_SOLO_5x5",
    "mapId": 1,
    "teamId": 100,
    "championId": 51,
    "spell1": 21,
    "spell2": 4,
    "level": 30,
    "ipEarned": 260,
    "createDate": 1399031738773,
    "fellowPlayers": [
      {
        "summonerId": 34576750,
        "teamId": 200,
        "championId": 412
      },
      {
        "summonerId": 34527646,
        "teamId": 100,
        "championId": 43
      },
      {
        "summonerId": 37157876,
        "teamId": 200,
        "championId": 122
      },
      {
        "summonerId": 21168518,
        "teamId": 200,
        "championId": 5
      },
      {
        "summonerId": 34588945,
        "teamId": 200,
        "championId": 134
      },
      {
        "summonerId": 23490858,
        "teamId": 100,
        "championId": 4
      },
      {
        "summonerId": 19913137,
        "teamId": 200,
        "championId": 236
      },
      {
        "summonerId": 34869356,
        "teamId": 100,
        "championId": 59
      },
      {
        "summonerId": 42328234,
        "teamId": 100,
        "championId": 62
      }
    ],
    "stats": {
      "level": 18,
      "goldEarned": 14722,
      "numDeaths": 5,
      "barracksKilled": 1,
      "turretsKilled": 5,
      "minionsKilled": 212,
      "championsKilled": 5,
      "goldSpent": 14520,
      "totalDamageDealt": 208079,
      "totalDamageTaken": 28390,
      "killingSprees": 1,
      "largestKillingSpree": 4,
      "team": 100,
      "win": true,
      "neutralMinionsKilled": 23,
      "largestMultiKill": 1,
      "physicalDamageDealtPlayer": 203013,
      "magicDamageDealtPlayer": 3266,
      "physicalDamageTaken": 15946,
      "magicDamageTaken": 12443,
      "largestCriticalStrike": 1271,
      "timePlayed": 2455,
      "totalHeal": 2080,
      "totalUnitsHealed": 1,
      "assists": 13,
      "item0": 1038,
      "item1": 3072,
      "item2": 3006,
      "item3": 3046,
      "item4": 3031,
      "item5": 3140,
      "item6": 3340,
      "magicDamageDealtToChampions": 3193,
      "physicalDamageDealtToChampions": 25909,
      "totalDamageDealtToChampions": 29367,
      "trueDamageDealtPlayer": 1800,
      "trueDamageDealtToChampions": 264,
      "wardKilled": 2,
      "wardPlaced": 3,
      "neutralMinionsKilledEnemyJungle": 7,
      "neutralMinionsKilledYourJungle": 16,
      "totalTimeCrowdControlDealt": 265
    }
  },
  "19913137": {
    "gameId": 825984105,
    "invalid": false,
    "gameMode": "CLASSIC",
    "gameType": "MATCHED_GAME",
    "subType": "RANKED_SOLO_5x5",
    "mapId": 1,
    "teamId": 200,
    "championId": 236,
    "spell1": 4,
    "spell2": 7,
    "level": 30,
    "ipEarned": 72,
    "createDate": 1399031738775,
    "fellowPlayers": [
      {
        "summonerId": 34576750,
        "teamId": 200,
        "championId": 412
      },
      {
        "summonerId": 34527646,
        "teamId": 100,
        "championId": 43
      },
      {
        "summonerId": 34156439,
        "teamId": 100,
        "championId": 51
      },
      {
        "summonerId": 37157876,
        "teamId": 200,
        "championId": 122
      },
      {
        "summonerId": 21168518,
        "teamId": 200,
        "championId": 5
      },
      {
        "summonerId": 34588945,
        "teamId": 200,
        "championId": 134
      },
      {
        "summonerId": 23490858,
        "teamId": 100,
        "championId": 4
      },
      {
        "summonerId": 34869356,
        "teamId": 100,
        "championId": 59
      },
      {
        "summonerId": 42328234,
        "teamId": 100,
        "championId": 62
      }
    ],
    "stats": {
      "level": 17,
      "goldEarned": 12495,
      "numDeaths": 8,
      "turretsKilled": 1,
      "minionsKilled": 214,
      "championsKilled": 5,
      "goldSpent": 12535,
      "totalDamageDealt": 146777,
      "totalDamageTaken": 27577,
      "team": 200,
      "win": false,
      "neutralMinionsKilled": 3,
      "largestMultiKill": 1,
      "physicalDamageDealtPlayer": 124777,
      "magicDamageDealtPlayer": 21999,
      "physicalDamageTaken": 15791,
      "magicDamageTaken": 11234,
      "largestCriticalStrike": 854,
      "timePlayed": 2455,
      "totalHeal": 4590,
      "totalUnitsHealed": 5,
      "assists": 6,
      "item0": 3035,
      "item1": 3072,
      "item2": 3250,
      "item3": 3031,
      "item4": 3086,
      "item6": 3340,
      "magicDamageDealtToChampions": 5001,
      "physicalDamageDealtToChampions": 20179,
      "totalDamageDealtToChampions": 25181,
      "trueDamageTaken": 552,
      "wardPlaced": 4,
      "neutralMinionsKilledYourJungle": 3
    }
  },
  "23490858": {
    "gameId": 825984105,
    "invalid": false,
    "gameMode": "CLASSIC",
    "gameType": "MATCHED_GAME",
    "subType": "RANKED_SOLO_5x5",
    "mapId": 1,
    "teamId": 100,
    "championId": 4,
    "spell1": 4,
    "spell2": 14,
    "level": 30,
    "ipEarned": 110,
    "createDate": 1399031738769,
    "fellowPlayers": [
      {
        "summonerId": 34576750,
        "teamId": 200,
        "championId": 412
      },
      {
        "summonerId": 34527646,
        "teamId": 100,
        "championId": 43
      },
      {
        "summonerId": 34156439,
        "teamId": 100,
        "championId": 51
      },
      {
        "summonerId": 37157876,
        "teamId": 200,
        "championId": 122
      },
      {
        "summonerId": 21168518,
        "teamId": 200,
        "championId": 5
      },
      {
        "summonerId": 34588945,
        "teamId": 200,
        "championId": 134
      },
      {
        "summonerId": 19913137,
        "teamId": 200,
        "championId": 236
      },
      {
        "summonerId": 34869356,
        "teamId": 100,
        "championId": 59
      },
      {
        "summonerId": 42328234,
        "teamId": 100,
        "championId": 62
      }
    ],
    "stats": {
      "level": 18,
      "goldEarned": 14068,
      "numDeaths": 15,
      "minionsKilled": 144,
      "championsKilled": 7,
      "goldSpent": 13670,
      "totalDamageDealt": 138058,
      "totalDamageTaken": 31555,
      "doubleKills": 1,
      "killingSprees": 1,
      "largestKillingSpree": 2,
      "team": 100,
      "win": true,
      "neutralMinionsKilled": 15,
      "largestMultiKill": 2,
      "physicalDamageDealtPlayer": 19048,
      "magicDamageDealtPlayer": 117924,
      "physicalDamageTaken": 9175,
      "magicDamageTaken": 21597,
      "timePlayed": 2455,
      "totalHeal": 918,
      "totalUnitsHealed": 1,
      "assists": 14,
      "item0": 3020,
      "item1": 3157,
      "item2": 3089,
      "item3": 3135,
      "item4": 3100,
      "item6": 3340,
      "magicDamageDealtToChampions": 26537,
      "physicalDamageDealtToChampions": 2635,
      "totalDamageDealtToChampions": 30259,
      "trueDamageDealtPlayer": 1086,
      "trueDamageDealtToChampions": 1086,
      "trueDamageTaken": 782,
      "wardPlaced": 7,
      "neutralMinionsKilledYourJungle": 15,
      "totalTimeCrowdControlDealt": 143
    }
  },
  "34527646": {
    "gameId": 825984105,
    "invalid": false,
    "gameMode": "CLASSIC",
    "gameType": "MATCHED_GAME",
    "subType": "RANKED_SOLO_5x5",
    "mapId": 1,
    "teamId": 100,
    "championId": 43,
    "spell1": 7,
    "spell2": 4,
    "level": 30,
    "ipEarned": 260,
    "createDate": 1399031738771,
    "fellowPlayers": [
      {
        "summonerId": 34576750,
        "teamId": 200,
        "championId": 412
      },
      {
        "summonerId": 34156439,
        "teamId": 100,
        "championId": 51
      },
      {
        "summonerId": 37157876,
        "teamId": 200,
        "championId": 122
      },
      {
        "summonerId": 21168518,
        "teamId": 200,
        "championId": 5
      },
      {
        "summonerId": 34588945,
        "teamId": 200,
        "championId": 134
      },
      {
        "summonerId": 23490858,
        "teamId": 100,
        "championId": 4
      },
      {
        "summonerId": 19913137,
        "teamId": 200,
        "championId": 236
      },
      {
        "summonerId": 34869356,
        "teamId": 100,
        "championId": 59
      },
      {
        "summonerId": 42328234,
        "teamId": 100,
        "championId": 62
      }
    ],
    "stats": {
      "level": 17,
      "goldEarned": 12570,
      "numDeaths": 5,
      "minionsKilled": 47,
      "championsKilled": 4,
      "goldSpent": 11085,
      "totalDamageDealt": 58345,
      "totalDamageTaken": 15086,
      "killingSprees": 1,
      "largestKillingSpree": 2,
      "team": 100,
      "win": true,
      "neutralMinionsKilled": 3,
      "largestMultiKill": 1,
      "physicalDamageDealtPlayer": 7994,
      "magicDamageDealtPlayer": 50303,
      "physicalDamageTaken": 10436,
      "magicDamageTaken": 4650,
      "timePlayed": 2455,
      "totalHeal": 3579,
      "totalUnitsHealed": 4,
      "assists": 19,
      "item0": 2049,
      "item1": 3174,
      "item2": 3089,
      "item3": 1031,
      "item4": 1057,
      "item5": 3255,
      "item6": 3341,
      "sightWardsBought": 3,
      "magicDamageDealtToChampions": 16467,
      "physicalDamageDealtToChampions": 1776,
      "totalDamageDealtToChampions": 18291,
      "trueDamageDealtPlayer": 48,
      "trueDamageDealtToChampions": 48,
      "wardPlaced": 34,
      "neutralMinionsKilledEnemyJungle": 2,
      "neutralMinionsKilledYourJungle": 1,
      "totalTimeCrowdControlDealt": 361
    }
  }
}