{
  "32322995": {
    "gameId": 825985203,
    "invalid": false,
    "gameMode": "CLASSIC",
    "gameType": "MATCHED_GAME",
    "subType": "RANKED_SOLO_5x5",
    "mapId": 1,
    "teamId": 200,
    "championId": 58,
    "spell1": 14,
    "spell2": 4,
    "level": 30,
    "ipEarned": 228,
    "createDate": 1399031052795,
    "fellowPlayers": [
      {
        "summonerId": 36685484,
        "teamId": 200,
        "championId": 11
      },
      {
        "summonerId": 21725763,
        "teamId": 100,
        "championId": 7
      },
      {
        "summonerId": 29576218,
        "teamId": 200,
        "championId": 12
      },
      {
        "summonerId": 26373743,
        "teamId": 100,
        "championId": 86
      },
      {
        "summonerId": 37936283,
        "teamId": 100,
        "championId": 77
      },
      {
        "summonerId": 35413914,
        "teamId": 200,
        "championId": 126
      },
      {
        "summonerId": 30870396,
        "teamId": 100,
        "championId": 29
      },
      {
        "summonerId": 37753810,
        "teamId": 100,
        "championId": 89
      },
      {
        "summonerId": 31893798,
        "teamId": 200,
        "championId": 105
      }
    ],
    "stats": {
      "level": 16,
      "goldEarned": 9195,
      "numDeaths": 2,
      "minionsKilled": 179,
      "championsKilled": 4,
      "goldSpent": 8690,
      "totalDamageDealt": 102021,
      "totalDamageTaken": 21157,
      "killingSprees": 1,
      "largestKillingSpree": 3,
      "team": 200,
      "win": true,
      "largestMultiKill": 1,
      "physicalDamageDealtPlayer": 83821,
      "magicDamageDealtPlayer": 17549,
      "physicalDamageTaken": 14881,
      "magicDamageTaken": 5875,
      "timePlayed": 1617,
      "totalHeal": 4294,
      "totalUnitsHealed": 1,
      "assists": 6,
      "item0": 1054,
      "item1": 3068,
      "item2": 3047,
      "item3": 3022,
      "item4": 1053,
      "item6": 3340,
      "magicDamageDealtToChampions": 3404,
      "physicalDamageDealtToChampions": 13018,
      "totalDamageDealtToChampions": 17073,
      "trueDamageDealtPlayer": 650,
      "trueDamageDealtToChampions": 650,
      "trueDamageTaken": 400,
      "wardPlaced": 7,
      "totalTimeCrowdControlDealt": 123
    }
  },
  "summonerCount": 10,
  "21725763": {
    "gameId": 825985203,
    "invalid": false,
    "gameMode": "CLASSIC",
    "gameType": "MATCHED_GAME",
    "subType": "RANKED_SOLO_5x5",
    "mapId": 1,
    "teamId": 100,
    "championId": 7,
    "spell1": 14,
    "spell2": 21,
    "level": 30,
    "ipEarned": 52,
    "createDate": 1399031052787,
    "fellowPlayers": [
      {
        "summonerId": 36685484,
        "teamId": 200,
        "championId": 11
      },
      {
        "summonerId": 32322995,
        "teamId": 200,
        "championId": 58
      },
      {
        "summonerId": 29576218,
        "teamId": 200,
        "championId": 12
      },
      {
        "summonerId": 26373743,
        "teamId": 100,
        "championId": 86
      },
      {
        "summonerId": 37936283,
        "teamId": 100,
        "championId": 77
      },
      {
        "summonerId": 35413914,
        "teamId": 200,
        "championId": 126
      },
      {
        "summonerId": 30870396,
        "teamId": 100,
        "championId": 29
      },
      {
        "summonerId": 37753810,
        "teamId": 100,
        "championId": 89
      },
      {
        "summonerId": 31893798,
        "teamId": 200,
        "championId": 105
      }
    ],
    "stats": {
      "level": 12,
      "goldEarned": 7634,
      "numDeaths": 9,
      "minionsKilled": 86,
      "championsKilled": 6,
      "goldSpent": 7295,
      "totalDamageDealt": 43739,
      "totalDamageTaken": 16343,
      "killingSprees": 1,
      "largestKillingSpree": 2,
      "team": 100,
      "win": false,
      "largestMultiKill": 1,
      "physicalDamageDealtPlayer": 10287,
      "magicDamageDealtPlayer": 33069,
      "physicalDamageTaken": 8686,
      "magicDamageTaken": 5805,
      "timePlayed": 1617,
      "totalHeal": 206,
      "totalUnitsHealed": 1,
      "assists": 4,
      "item0": 3157,
      "item1": 2003,
      "item2": 1052,
      "item3": 3136,
      "item4": 3020,
      "item5": 1056,
      "item6": 3340,
      "magicDamageDealtToChampions": 13567,
      "physicalDamageDealtToChampions": 1519,
      "totalDamageDealtToChampions": 15289,
      "trueDamageDealtPlayer": 382,
      "trueDamageDealtToChampions": 202,
      "trueDamageTaken": 1851,
      "wardPlaced": 6,
      "totalTimeCrowdControlDealt": 80
    }
  },
  "30870396": {
    "gameId": 825985203,
    "invalid": false,
    "gameMode": "CLASSIC",
    "gameType": "MATCHED_GAME",
    "subType": "RANKED_SOLO_5x5",
    "mapId": 1,
    "teamId": 100,
    "championId": 29,
    "spell1": 4,
    "spell2": 7,
    "level": 30,
    "ipEarned": 52,
    "createDate": 1399031052791,
    "fellowPlayers": [
      {
        "summonerId": 36685484,
        "teamId": 200,
        "championId": 11
      },
      {
        "summonerId": 32322995,
        "teamId": 200,
        "championId": 58
      },
      {
        "summonerId": 21725763,
        "teamId": 100,
        "championId": 7
      },
      {
        "summonerId": 29576218,
        "teamId": 200,
        "championId": 12
      },
      {
        "summonerId": 26373743,
        "teamId": 100,
        "championId": 86
      },
      {
        "summonerId": 37936283,
        "teamId": 100,
        "championId": 77
      },
      {
        "summonerId": 35413914,
        "teamId": 200,
        "championId": 126
      },
      {
        "summonerId": 37753810,
        "teamId": 100,
        "championId": 89
      },
      {
        "summonerId": 31893798,
        "teamId": 200,
        "championId": 105
      }
    ],
    "stats": {
      "level": 12,
      "goldEarned": 7301,
      "numDeaths": 9,
      "minionsKilled": 83,
      "championsKilled": 5,
      "goldSpent": 6655,
      "totalDamageDealt": 41726,
      "totalDamageTaken": 19723,
      "doubleKills": 1,
      "killingSprees": 2,
      "largestKillingSpree": 3,
      "team": 100,
      "win": false,
      "neutralMinionsKilled": 6,
      "largestMultiKill": 2,
      "physicalDamageDealtPlayer": 34843,
      "magicDamageDealtPlayer": 1158,
      "physicalDamageTaken": 14809,
      "magicDamageTaken": 4219,
      "timePlayed": 1617,
      "totalHeal": 2010,
      "totalUnitsHealed": 4,
      "assists": 4,
      "item0": 3144,
      "item1": 2003,
      "item2": 1055,
      "item3": 3006,
      "item4": 3072,
      "item5": 1042,
      "item6": 3340,
      "magicDamageDealtToChampions": 660,
      "physicalDamageDealtToChampions": 6633,
      "totalDamageDealtToChampions": 10072,
      "trueDamageDealtPlayer": 5724,
      "trueDamageDealtToChampions": 2778,
      "trueDamageTaken": 694,
      "wardPlaced": 1,
      "neutralMinionsKilledYourJungle": 6,
      "totalTimeCrowdControlDealt": 248
    }
  },
  "26373743": {
    "gameId": 825985203,
    "invalid": false,
    "gameMode": "CLASSIC",
    "gameType": "MATCHED_GAME",
    "subType": "RANKED_SOLO_5x5",
    "mapId": 1,
    "teamId": 100,
    "championId": 86,
    "spell1": 12,
    "spell2": 4,
    "level": 30,
    "ipEarned": 52,
    "createDate": 1399031052793,
    "fellowPlayers": [
      {
        "summonerId": 36685484,
        "teamId": 200,
        "championId": 11
      },
      {
        "summonerId": 32322995,
        "teamId": 200,
        "championId": 58
      },
      {
        "summonerId": 21725763,
        "teamId": 100,
        "championId": 7
      },
      {
        "summonerId": 29576218,
        "teamId": 200,
        "championId": 12
      },
      {
        "summonerId": 37936283,
        "teamId": 100,
        "championId": 77
      },
      {
        "summonerId": 35413914,
        "teamId": 200,
        "championId": 126
      },
      {
        "summonerId": 30870396,
        "teamId": 100,
        "championId": 29
      },
      {
        "summonerId": 37753810,
        "teamId": 100,
        "championId": 89
      },
      {
        "summonerId": 31893798,
        "teamId": 200,
        "championId": 105
      }
    ],
    "stats": {
      "level": 14,
      "goldEarned": 6556,
      "numDeaths": 3,
      "minionsKilled": 124,
      "goldSpent": 5665,
      "totalDamageDealt": 60749,
      "totalDamageTaken": 18085,
      "team": 100,
      "win": false,
      "physicalDamageDealtPlayer": 50011,
      "magicDamageDealtPlayer": 10738,
      "physicalDamageTaken": 14814,
      "magicDamageTaken": 2258,
      "largestCriticalStrike": 371,
      "timePlayed": 1617,
      "totalHeal": 1495,
      "totalUnitsHealed": 1,
      "assists": 4,
      "item0": 3093,
      "item1": 3068,
      "item2": 3111,
      "item3": 1028,
      "item4": 1054,
      "item6": 3340,
      "magicDamageDealtToChampions": 2024,
      "physicalDamageDealtToChampions": 5275,
      "totalDamageDealtToChampions": 7300,
      "trueDamageTaken": 1012,
      "wardPlaced": 2,
      "totalTimeCrowdControlDealt": 133
    }
  },
  "36685484": {
    "gameId": 825985203,
    "invalid": false,
    "gameMode": "CLASSIC",
    "gameType": "MATCHED_GAME",
    "subType": "RANKED_SOLO_5x5",
    "mapId": 1,
    "teamId": 200,
    "championId": 11,
    "spell1": 4,
    "spell2": 11,
    "level": 30,
    "ipEarned": 78,
    "createDate": 1399031052800,
    "fellowPlayers": [
      {
        "summonerId": 32322995,
        "teamId": 200,
        "championId": 58
      },
      {
        "summonerId": 21725763,
        "teamId": 100,
        "championId": 7
      },
      {
        "summonerId": 29576218,
        "teamId": 200,
        "championId": 12
      },
      {
        "summonerId": 26373743,
        "teamId": 100,
        "championId": 86
      },
      {
        "summonerId": 37936283,
        "teamId": 100,
        "championId": 77
      },
      {
        "summonerId": 35413914,
        "teamId": 200,
        "championId": 126
      },
      {
        "summonerId": 30870396,
        "teamId": 100,
        "championId": 29
      },
      {
        "summonerId": 37753810,
        "teamId": 100,
        "championId": 89
      },
      {
        "summonerId": 31893798,
        "teamId": 200,
        "championId": 105
      }
    ],
    "stats": {
      "level": 15,
      "goldEarned": 10953,
      "numDeaths": 5,
      "turretsKilled": 1,
      "minionsKilled": 44,
      "championsKilled": 12,
      "goldSpent": 9865,
      "totalDamageDealt": 133427,
      "totalDamageTaken": 19992,
      "doubleKills": 2,
      "killingSprees": 4,
      "largestKillingSpree": 3,
      "team": 200,
      "win": true,
      "neutralMinionsKilled": 71,
      "largestMultiKill": 2,
      "physicalDamageDealtPlayer": 110865,
      "magicDamageDealtPlayer": 4099,
      "physicalDamageTaken": 14698,
      "magicDamageTaken": 4979,
      "largestCriticalStrike": 784,
      "timePlayed": 1617,
      "totalHeal": 3073,
      "totalUnitsHealed": 1,
      "assists": 7,
      "item0": 1053,
      "item1": 3031,
      "item2": 3087,
      "item3": 3006,
      "item4": 1038,
      "item6": 3340,
      "magicDamageDealtToChampions": 989,
      "physicalDamageDealtToChampions": 18845,
      "totalDamageDealtToChampions": 24146,
      "trueDamageDealtPlayer": 18462,
      "trueDamageDealtToChampions": 4311,
      "trueDamageTaken": 314,
      "wardPlaced": 6,
      "neutralMinionsKilledEnemyJungle": 20,
      "neutralMinionsKilledYourJungle": 51,
      "totalTimeCrowdControlDealt": 450
    }
  },
  "37753810": {
    "gameId": 825985203,
    "invalid": false,
    "gameMode": "CLASSIC",
    "gameType": "MATCHED_GAME",
    "subType": "RANKED_SOLO_5x5",
    "mapId": 1,
    "teamId": 100,
    "championId": 89,
    "spell1": 4,
    "spell2": 3,
    "level": 30,
    "ipEarned": 52,
    "createDate": 1399031052790,
    "fellowPlayers": [
      {
        "summonerId": 36685484,
        "teamId": 200,
        "championId": 11
      },
      {
        "summonerId": 32322995,
        "teamId": 200,
        "championId": 58
      },
      {
        "summonerId": 21725763,
        "teamId": 100,
        "championId": 7
      },
      {
        "summonerId": 29576218,
        "teamId": 200,
        "championId": 12
      },
      {
        "summonerId": 26373743,
        "teamId": 100,
        "championId": 86
      },
      {
        "summonerId": 37936283,
        "teamId": 100,
        "championId": 77
      },
      {
        "summonerId": 35413914,
        "teamId": 200,
        "championId": 126
      },
      {
        "summonerId": 30870396,
        "teamId": 100,
        "championId": 29
      },
      {
        "summonerId": 31893798,
        "teamId": 200,
        "championId": 105
      }
    ],
    "stats": {
      "level": 13,
      "goldEarned": 7022,
      "numDeaths": 4,
      "minionsKilled": 50,
      "championsKilled": 2,
      "goldSpent": 6605,
      "totalDamageDealt": 30802,
      "totalDamageTaken": 20150,
      "team": 100,
      "win": false,
      "largestMultiKill": 1,
      "physicalDamageDealtPlayer": 8222,
      "magicDamageDealtPlayer": 19841,
      "physicalDamageTaken": 12887,
      "magicDamageTaken": 5782,
      "timePlayed": 1617,
      "totalHeal": 2782,
      "totalUnitsHealed": 5,
      "assists": 11,
      "item0": 2049,
      "item1": 3143,
      "item2": 3097,
      "item3": 3117,
      "item4": 1011,
      "item6": 3341,
      "magicDamageDealtToChampions": 6755,
      "physicalDamageDealtToChampions": 2520,
      "totalDamageDealtToChampions": 9335,
      "trueDamageDealtPlayer": 2738,
      "trueDamageDealtToChampions": 60,
      "trueDamageTaken": 1481,
      "wardKilled": 2,
      "wardPlaced": 14,
      "totalTimeCrowdControlDealt": 258
    }
  },
  "35413914": {
    "gameId": 825985203,
    "invalid": false,
    "gameMode": "CLASSIC",
    "gameType": "MATCHED_GAME",
    "subType": "RANKED_SOLO_5x5",
    "mapId": 1,
    "teamId": 200,
    "championId": 126,
    "spell1": 7,
    "spell2": 4,
    "level": 30,
    "ipEarned": 78,
    "createDate": 1399031052798,
    "fellowPlayers": [
      {
        "summonerId": 36685484,
        "teamId": 200,
        "championId": 11
      },
      {
        "summonerId": 32322995,
        "teamId": 200,
        "championId": 58
      },
      {
        "summonerId": 21725763,
        "teamId": 100,
        "championId": 7
      },
      {
        "summonerId": 29576218,
        "teamId": 200,
        "championId": 12
      },
      {
        "summonerId": 26373743,
        "teamId": 100,
        "championId": 86
      },
      {
        "summonerId": 37936283,
        "teamId": 100,
        "championId": 77
      },
      {
        "summonerId": 30870396,
        "teamId": 100,
        "championId": 29
      },
      {
        "summonerId": 37753810,
        "teamId": 100,
        "championId": 89
      },
      {
        "summonerId": 31893798,
        "teamId": 200,
        "championId": 105
      }
    ],
    "stats": {
      "level": 13,
      "goldEarned": 8559,
      "numDeaths": 4,
      "barracksKilled": 1,
      "turretsKilled": 1,
      "minionsKilled": 135,
      "championsKilled": 3,
      "goldSpent": 9512,
      "totalDamageDealt": 76871,
      "totalDamageTaken": 14432,
      "killingSprees": 1,
      "largestKillingSpree": 2,
      "team": 200,
      "win": true,
      "neutralMinionsKilled": 5,
      "largestMultiKill": 1,
      "physicalDamageDealtPlayer": 71502,
      "magicDamageDealtPlayer": 5035,
      "physicalDamageTaken": 9991,
      "magicDamageTaken": 3683,
      "timePlayed": 1617,
      "totalHeal": 2038,
      "totalUnitsHealed": 4,
      "assists": 6,
      "item0": 1055,
      "item1": 3072,
      "item2": 3111,
      "item3": 1036,
      "item4": 3035,
      "item5": 1036,
      "item6": 3340,
      "magicDamageDealtToChampions": 2718,
      "physicalDamageDealtToChampions": 12649,
      "totalDamageDealtToChampions": 15668,
      "trueDamageDealtPlayer": 334,
      "trueDamageDealtToChampions": 300,
      "trueDamageTaken": 758,
      "wardPlaced": 2,
      "neutralMinionsKilledEnemyJungle": 1,
      "neutralMinionsKilledYourJungle": 4,
      "totalTimeCrowdControlDealt": 99
    }
  },
  "29576218": {
    "gameId": 825985203,
    "invalid": false,
    "gameMode": "CLASSIC",
    "gameType": "MATCHED_GAME",
    "subType": "RANKED_SOLO_5x5",
    "mapId": 1,
    "teamId": 200,
    "championId": 12,
    "spell1": 3,
    "spell2": 4,
    "level": 30,
    "ipEarned": 78,
    "createDate": 1399031052797,
    "fellowPlayers": [
      {
        "summonerId": 36685484,
        "teamId": 200,
        "championId": 11
      },
      {
        "summonerId": 32322995,
        "teamId": 200,
        "championId": 58
      },
      {
        "summonerId": 21725763,
        "teamId": 100,
        "championId": 7
      },
      {
        "summonerId": 26373743,
        "teamId": 100,
        "championId": 86
      },
      {
        "summonerId": 37936283,
        "teamId": 100,
        "championId": 77
      },
      {
        "summonerId": 35413914,
        "teamId": 200,
        "championId": 126
      },
      {
        "summonerId": 30870396,
        "teamId": 100,
        "championId": 29
      },
      {
        "summonerId": 37753810,
        "teamId": 100,
        "championId": 89
      },
      {
        "summonerId": 31893798,
        "teamId": 200,
        "championId": 105
      }
    ],
    "stats": {
      "level": 14,
      "goldEarned": 8556,
      "numDeaths": 6,
      "turretsKilled": 1,
      "minionsKilled": 21,
      "championsKilled": 4,
      "goldSpent": 7730,
      "totalDamageDealt": 23626,
      "totalDamageTaken": 18727,
      "killingSprees": 1,
      "largestKillingSpree": 2,
      "team": 200,
      "win": true,
      "neutralMinionsKilled": 1,
      "largestMultiKill": 1,
      "physicalDamageDealtPlayer": 5569,
      "magicDamageDealtPlayer": 18057,
      "physicalDamageTaken": 10027,
      "magicDamageTaken": 7501,
      "timePlayed": 1617,
      "totalHeal": 5856,
      "totalUnitsHealed": 57,
      "assists": 13,
      "item0": 3069,
      "item1": 3110,
      "item2": 1028,
      "item3": 2049,
      "item4": 3111,
      "item6": 3340,
      "sightWardsBought": 2,
      "visionWardsBought": 1,
      "magicDamageDealtToChampions": 5810,
      "physicalDamageDealtToChampions": 1169,
      "totalDamageDealtToChampions": 6979,
      "trueDamageTaken": 1198,
      "wardPlaced": 19,
      "neutralMinionsKilledEnemyJungle": 1,
      "totalTimeCrowdControlDealt": 237
    }
  },
  "37936283": {
    "gameId": 825985203,
    "invalid": false,
    "gameMode": "CLASSIC",
    "gameType": "MATCHED_GAME",
    "subType": "RANKED_SOLO_5x5",
    "mapId": 1,
    "teamId": 100,
    "championId": 77,
    "spell1": 4,
    "spell2": 11,
    "level": 30,
    "ipEarned": 52,
    "createDate": 1399031052789,
    "fellowPlayers": [
      {
        "summonerId": 36685484,
        "teamId": 200,
        "championId": 11
      },
      {
        "summonerId": 32322995,
        "teamId": 200,
        "championId": 58
      },
      {
        "summonerId": 21725763,
        "teamId": 100,
        "championId": 7
      },
      {
        "summonerId": 29576218,
        "teamId": 200,
        "championId": 12
      },
      {
        "summonerId": 26373743,
        "teamId": 100,
        "championId": 86
      },
      {
        "summonerId": 35413914,
        "teamId": 200,
        "championId": 126
      },
      {
        "summonerId": 30870396,
        "teamId": 100,
        "championId": 29
      },
      {
        "summonerId": 37753810,
        "teamId": 100,
        "championId": 89
      },
      {
        "summonerId": 31893798,
        "teamId": 200,
        "championId": 105
      }
    ],
    "stats": {
      "level": 14,
      "goldEarned": 8482,
      "numDeaths": 8,
      "minionsKilled": 12,
      "championsKilled": 8,
      "goldSpent": 7653,
      "totalDamageDealt": 106817,
      "totalDamageTaken": 25863,
      "doubleKills": 1,
      "killingSprees": 3,
      "largestKillingSpree": 3,
      "team": 100,
      "win": false,
      "neutralMinionsKilled": 68,
      "largestMultiKill": 2,
      "physicalDamageDealtPlayer": 38178,
      "magicDamageDealtPlayer": 60742,
      "physicalDamageTaken": 18105,
      "magicDamageTaken": 6342,
      "largestCriticalStrike": 292,
      "timePlayed": 1617,
      "totalHeal": 2352,
      "totalUnitsHealed": 1,
      "assists": 3,
      "item0": 2003,
      "item3": 3154,
      "item4": 3078,
      "item5": 3270,
      "item6": 3340,
      "magicDamageDealtToChampions": 5061,
      "physicalDamageDealtToChampions": 6268,
      "totalDamageDealtToChampions": 12066,
      "trueDamageDealtPlayer": 7896,
      "trueDamageDealtToChampions": 736,
      "trueDamageTaken": 1415,
      "wardPlaced": 4,
      "neutralMinionsKilledEnemyJungle": 5,
      "neutralMinionsKilledYourJungle": 63,
      "totalTimeCrowdControlDealt": 245
    }
  },
  "31893798": {
    "gameId": 825985203,
    "invalid": false,
    "gameMode": "CLASSIC",
    "gameType": "MATCHED_GAME",
    "subType": "RANKED_SOLO_5x5",
    "mapId": 1,
    "teamId": 200,
    "championId": 105,
    "spell1": 7,
    "spell2": 14,
    "level": 30,
    "ipEarned": 78,
    "createDate": 1399031052794,
    "fellowPlayers": [
      {
        "summonerId": 36685484,
        "teamId": 200,
        "championId": 11
      },
      {
        "summonerId": 32322995,
        "teamId": 200,
        "championId": 58
      },
      {
        "summonerId": 21725763,
        "teamId": 100,
        "championId": 7
      },
      {
        "summonerId": 29576218,
        "teamId": 200,
        "championId": 12
      },
      {
        "summonerId": 26373743,
        "teamId": 100,
        "championId": 86
      },
      {
        "summonerId": 37936283,
        "teamId": 100,
        "championId": 77
      },
      {
        "summonerId": 35413914,
        "teamId": 200,
        "championId": 126
      },
      {
        "summonerId": 30870396,
        "teamId": 100,
        "championId": 29
      },
      {
        "summonerId": 37753810,
        "teamId": 100,
        "championId": 89
      }
    ],
    "stats": {
      "level": 14,
      "goldEarned": 9566,
      "numDeaths": 4,
      "minionsKilled": 111,
      "championsKilled": 10,
      "goldSpent": 8670,
      "totalDamageDealt": 63365,
      "totalDamageTaken": 15606,
      "doubleKills": 1,
      "killingSprees": 3,
      "largestKillingSpree": 4,
      "team": 200,
      "win": true,
      "largestMultiKill": 2,
      "physicalDamageDealtPlayer": 22359,
      "magicDamageDealtPlayer": 40174,
      "physicalDamageTaken": 8470,
      "magicDamageTaken": 6029,
      "timePlayed": 1617,
      "totalHeal": 2584,
      "totalUnitsHealed": 3,
      "assists": 6,
      "item0": 1056,
      "item1": 1056,
      "item2": 3020,
      "item3": 3100,
      "item4": 3191,
      "item5": 1058,
      "item6": 3361,
      "sightWardsBought": 2,
      "magicDamageDealtToChampions": 11484,
      "physicalDamageDealtToChampions": 2471,
      "totalDamageDealtToChampions": 14788,
      "trueDamageDealtPlayer": 832,
      "trueDamageDealtToChampions": 832,
      "trueDamageTaken": 1106,
      "wardPlaced": 12,
      "totalTimeCrowdControlDealt": 125
    }
  }
}