{
  "33950949": {
    "gameId": 825985243,
    "invalid": false,
    "gameMode": "CLASSIC",
    "gameType": "MATCHED_GAME",
    "subType": "RANKED_SOLO_5x5",
    "mapId": 1,
    "teamId": 100,
    "championId": 64,
    "spell1": 11,
    "spell2": 4,
    "level": 30,
    "ipEarned": 76,
    "createDate": 1399030743484,
    "fellowPlayers": [
      {
        "summonerId": 19499993,
        "teamId": 100,
        "championId": 67
      },
      {
        "summonerId": 31416229,
        "teamId": 200,
        "championId": 157
      },
      {
        "summonerId": 30760146,
        "teamId": 200,
        "championId": 134
      },
      {
        "summonerId": 26594346,
        "teamId": 100,
        "championId": 38
      },
      {
        "summonerId": 24554929,
        "teamId": 100,
        "championId": 53
      },
      {
        "summonerId": 24506511,
        "teamId": 200,
        "championId": 412
      },
      {
        "summonerId": 33776094,
        "teamId": 200,
        "championId": 22
      },
      {
        "summonerId": 20128867,
        "teamId": 100,
        "championId": 92
      },
      {
        "summonerId": 22299578,
        "teamId": 200,
        "championId": 11
      }
    ],
    "stats": {
      "level": 14,
      "goldEarned": 9761,
      "numDeaths": 4,
      "barracksKilled": 1,
      "turretsKilled": 1,
      "minionsKilled": 4,
      "championsKilled": 5,
      "goldSpent": 5450,
      "totalDamageDealt": 91320,
      "totalDamageTaken": 18497,
      "killingSprees": 1,
      "largestKillingSpree": 4,
      "team": 100,
      "win": true,
      "neutralMinionsKilled": 64,
      "largestMultiKill": 1,
      "physicalDamageDealtPlayer": 55961,
      "magicDamageDealtPlayer": 26570,
      "physicalDamageTaken": 15315,
      "magicDamageTaken": 1962,
      "timePlayed": 1338,
      "totalHeal": 4464,
      "totalUnitsHealed": 1,
      "assists": 11,
      "item0": 3154,
      "item1": 1028,
      "item2": 1006,
      "item3": 1055,
      "item4": 1011,
      "item5": 3111,
      "item6": 3340,
      "sightWardsBought": 2,
      "magicDamageDealtToChampions": 818,
      "physicalDamageDealtToChampions": 6577,
      "totalDamageDealtToChampions": 7515,
      "trueDamageDealtPlayer": 8788,
      "trueDamageDealtToChampions": 120,
      "trueDamageTaken": 1219,
      "wardPlaced": 11,
      "neutralMinionsKilledEnemyJungle": 9,
      "neutralMinionsKilledYourJungle": 55,
      "totalTimeCrowdControlDealt": 495
    }
  },
  "summonerCount": 10,
  "22299578": {
    "gameId": 825985243,
    "invalid": false,
    "gameMode": "CLASSIC",
    "gameType": "MATCHED_GAME",
    "subType": "RANKED_SOLO_5x5",
    "mapId": 1,
    "teamId": 200,
    "championId": 11,
    "spell1": 11,
    "spell2": 12,
    "level": 30,
    "ipEarned": 51,
    "createDate": 1399030743487,
    "fellowPlayers": [
      {
        "summonerId": 19499993,
        "teamId": 100,
        "championId": 67
      },
      {
        "summonerId": 31416229,
        "teamId": 200,
        "championId": 157
      },
      {
        "summonerId": 30760146,
        "teamId": 200,
        "championId": 134
      },
      {
        "summonerId": 26594346,
        "teamId": 100,
        "championId": 38
      },
      {
        "summonerId": 24554929,
        "teamId": 100,
        "championId": 53
      },
      {
        "summonerId": 24506511,
        "teamId": 200,
        "championId": 412
      },
      {
        "summonerId": 33776094,
        "teamId": 200,
        "championId": 22
      },
      {
        "summonerId": 20128867,
        "teamId": 100,
        "championId": 92
      },
      {
        "summonerId": 33950949,
        "teamId": 100,
        "championId": 64
      }
    ],
    "stats": {
      "level": 12,
      "goldEarned": 7867,
      "numDeaths": 7,
      "minionsKilled": 27,
      "championsKilled": 6,
      "goldSpent": 7700,
      "totalDamageDealt": 85943,
      "totalDamageTaken": 18032,
      "doubleKills": 1,
      "killingSprees": 1,
      "largestKillingSpree": 4,
      "team": 200,
      "win": false,
      "neutralMinionsKilled": 66,
      "largestMultiKill": 2,
      "physicalDamageDealtPlayer": 62053,
      "magicDamageDealtPlayer": 13298,
      "physicalDamageTaken": 16136,
      "magicDamageTaken": 1680,
      "largestCriticalStrike": 576,
      "timePlayed": 1338,
      "totalHeal": 2526,
      "totalUnitsHealed": 1,
      "assists": 4,
      "item0": 3154,
      "item1": 3153,
      "item2": 3006,
      "item3": 3093,
      "item4": 1036,
      "item5": 1036,
      "item6": 3340,
      "magicDamageDealtToChampions": 202,
      "physicalDamageDealtToChampions": 8447,
      "totalDamageDealtToChampions": 10075,
      "trueDamageDealtPlayer": 10591,
      "trueDamageDealtToChampions": 1425,
      "trueDamageTaken": 216,
      "wardPlaced": 5,
      "neutralMinionsKilledEnemyJungle": 7,
      "neutralMinionsKilledYourJungle": 59,
      "totalTimeCrowdControlDealt": 349
    }
  },
  "30760146": {
    "gameId": 825985243,
    "invalid": false,
    "gameMode": "CLASSIC",
    "gameType": "MATCHED_GAME",
    "subType": "RANKED_SOLO_5x5",
    "mapId": 1,
    "teamId": 200,
    "championId": 134,
    "spell1": 4,
    "spell2": 14,
    "level": 30,
    "ipEarned": 51,
    "createDate": 1399030743488,
    "fellowPlayers": [
      {
        "summonerId": 19499993,
        "teamId": 100,
        "championId": 67
      },
      {
        "summonerId": 31416229,
        "teamId": 200,
        "championId": 157
      },
      {
        "summonerId": 26594346,
        "teamId": 100,
        "championId": 38
      },
      {
        "summonerId": 24554929,
        "teamId": 100,
        "championId": 53
      },
      {
        "summonerId": 24506511,
        "teamId": 200,
        "championId": 412
      },
      {
        "summonerId": 33776094,
        "teamId": 200,
        "championId": 22
      },
      {
        "summonerId": 20128867,
        "teamId": 100,
        "championId": 92
      },
      {
        "summonerId": 22299578,
        "teamId": 200,
        "championId": 11
      },
      {
        "summonerId": 33950949,
        "teamId": 100,
        "championId": 64
      }
    ],
    "stats": {
      "level": 12,
      "goldEarned": 7061,
      "numDeaths": 7,
      "turretsKilled": 1,
      "minionsKilled": 90,
      "championsKilled": 5,
      "goldSpent": 6770,
      "totalDamageDealt": 59022,
      "totalDamageTaken": 12815,
      "killingSprees": 2,
      "largestKillingSpree": 2,
      "team": 200,
      "win": false,
      "neutralMinionsKilled": 5,
      "largestMultiKill": 1,
      "physicalDamageDealtPlayer": 8478,
      "magicDamageDealtPlayer": 49834,
      "physicalDamageTaken": 7953,
      "magicDamageTaken": 4400,
      "timePlayed": 1338,
      "assists": 3,
      "item0": 3020,
      "item1": 1026,
      "item2": 1058,
      "item3": 3174,
      "item6": 3340,
      "magicDamageDealtToChampions": 8548,
      "physicalDamageDealtToChampions": 1466,
      "totalDamageDealtToChampions": 10725,
      "trueDamageDealtPlayer": 710,
      "trueDamageDealtToChampions": 710,
      "trueDamageTaken": 460,
      "wardPlaced": 3,
      "neutralMinionsKilledYourJungle": 5,
      "totalTimeCrowdControlDealt": 277
    }
  },
  "31416229": {
    "gameId": 825985243,
    "invalid": false,
    "gameMode": "CLASSIC",
    "gameType": "MATCHED_GAME",
    "subType": "RANKED_SOLO_5x5",
    "mapId": 1,
    "teamId": 200,
    "championId": 157,
    "spell1": 4,
    "spell2": 14,
    "level": 30,
    "ipEarned": 51,
    "createDate": 1399030743490,
    "fellowPlayers": [
      {
        "summonerId": 19499993,
        "teamId": 100,
        "championId": 67
      },
      {
        "summonerId": 30760146,
        "teamId": 200,
        "championId": 134
      },
      {
        "summonerId": 26594346,
        "teamId": 100,
        "championId": 38
      },
      {
        "summonerId": 24554929,
        "teamId": 100,
        "championId": 53
      },
      {
        "summonerId": 24506511,
        "teamId": 200,
        "championId": 412
      },
      {
        "summonerId": 33776094,
        "teamId": 200,
        "championId": 22
      },
      {
        "summonerId": 20128867,
        "teamId": 100,
        "championId": 92
      },
      {
        "summonerId": 22299578,
        "teamId": 200,
        "championId": 11
      },
      {
        "summonerId": 33950949,
        "teamId": 100,
        "championId": 64
      }
    ],
    "stats": {
      "level": 13,
      "goldEarned": 6489,
      "numDeaths": 7,
      "minionsKilled": 105,
      "championsKilled": 3,
      "goldSpent": 6530,
      "totalDamageDealt": 71093,
      "totalDamageTaken": 17773,
      "killingSprees": 1,
      "largestKillingSpree": 2,
      "team": 200,
      "win": false,
      "neutralMinionsKilled": 9,
      "largestMultiKill": 1,
      "physicalDamageDealtPlayer": 59781,
      "magicDamageDealtPlayer": 10641,
      "physicalDamageTaken": 15247,
      "magicDamageTaken": 1784,
      "largestCriticalStrike": 297,
      "timePlayed": 1338,
      "totalHeal": 942,
      "totalUnitsHealed": 1,
      "assists": 4,
      "item0": 1055,
      "item1": 3006,
      "item2": 3087,
      "item3": 3144,
      "item4": 1042,
      "item6": 3340,
      "sightWardsBought": 1,
      "magicDamageDealtToChampions": 1155,
      "physicalDamageDealtToChampions": 6642,
      "totalDamageDealtToChampions": 8469,
      "trueDamageDealtPlayer": 671,
      "trueDamageDealtToChampions": 671,
      "trueDamageTaken": 741,
      "wardPlaced": 4,
      "neutralMinionsKilledYourJungle": 9,
      "totalTimeCrowdControlDealt": 78
    }
  },
  "26594346": {
    "gameId": 825985243,
    "invalid": false,
    "gameMode": "CLASSIC",
    "gameType": "MATCHED_GAME",
    "subType": "RANKED_SOLO_5x5",
    "mapId": 1,
    "teamId": 100,
    "championId": 38,
    "spell1": 4,
    "spell2": 12,
    "level": 30,
    "ipEarned": 76,
    "createDate": 1399030743486,
    "fellowPlayers": [
      {
        "summonerId": 19499993,
        "teamId": 100,
        "championId": 67
      },
      {
        "summonerId": 31416229,
        "teamId": 200,
        "championId": 157
      },
      {
        "summonerId": 30760146,
        "teamId": 200,
        "championId": 134
      },
      {
        "summonerId": 24554929,
        "teamId": 100,
        "championId": 53
      },
      {
        "summonerId": 24506511,
        "teamId": 200,
        "championId": 412
      },
      {
        "summonerId": 33776094,
        "teamId": 200,
        "championId": 22
      },
      {
        "summonerId": 20128867,
        "teamId": 100,
        "championId": 92
      },
      {
        "summonerId": 22299578,
        "teamId": 200,
        "championId": 11
      },
      {
        "summonerId": 33950949,
        "teamId": 100,
        "championId": 64
      }
    ],
    "stats": {
      "level": 14,
      "goldEarned": 10528,
      "numDeaths": 3,
      "turretsKilled": 2,
      "minionsKilled": 136,
      "championsKilled": 9,
      "goldSpent": 8420,
      "totalDamageDealt": 78509,
      "totalDamageTaken": 11296,
      "doubleKills": 2,
      "killingSprees": 3,
      "largestKillingSpree": 4,
      "team": 100,
      "win": true,
      "neutralMinionsKilled": 2,
      "largestMultiKill": 2,
      "physicalDamageDealtPlayer": 28597,
      "magicDamageDealtPlayer": 49911,
      "physicalDamageTaken": 7221,
      "magicDamageTaken": 3602,
      "timePlayed": 1338,
      "totalHeal": 408,
      "totalUnitsHealed": 1,
      "assists": 4,
      "item0": 2041,
      "item1": 3070,
      "item2": 3089,
      "item3": 3191,
      "item4": 3020,
      "item5": 1058,
      "item6": 3340,
      "sightWardsBought": 1,
      "magicDamageDealtToChampions": 11020,
      "physicalDamageDealtToChampions": 1360,
      "totalDamageDealtToChampions": 12381,
      "trueDamageTaken": 472,
      "wardPlaced": 2,
      "neutralMinionsKilledEnemyJungle": 1,
      "neutralMinionsKilledYourJungle": 1,
      "totalTimeCrowdControlDealt": 238
    }
  },
  "19499993": {
    "gameId": 825985243,
    "invalid": false,
    "gameMode": "CLASSIC",
    "gameType": "MATCHED_GAME",
    "subType": "RANKED_SOLO_5x5",
    "mapId": 1,
    "teamId": 100,
    "championId": 67,
    "spell1": 4,
    "spell2": 7,
    "level": 30,
    "ipEarned": 76,
    "createDate": 1399030743482,
    "fellowPlayers": [
      {
        "summonerId": 31416229,
        "teamId": 200,
        "championId": 157
      },
      {
        "summonerId": 30760146,
        "teamId": 200,
        "championId": 134
      },
      {
        "summonerId": 26594346,
        "teamId": 100,
        "championId": 38
      },
      {
        "summonerId": 24554929,
        "teamId": 100,
        "championId": 53
      },
      {
        "summonerId": 24506511,
        "teamId": 200,
        "championId": 412
      },
      {
        "summonerId": 33776094,
        "teamId": 200,
        "championId": 22
      },
      {
        "summonerId": 20128867,
        "teamId": 100,
        "championId": 92
      },
      {
        "summonerId": 22299578,
        "teamId": 200,
        "championId": 11
      },
      {
        "summonerId": 33950949,
        "teamId": 100,
        "championId": 64
      }
    ],
    "stats": {
      "level": 13,
      "goldEarned": 10492,
      "numDeaths": 5,
      "turretsKilled": 1,
      "minionsKilled": 130,
      "championsKilled": 7,
      "goldSpent": 9030,
      "totalDamageDealt": 62632,
      "totalDamageTaken": 13637,
      "doubleKills": 2,
      "killingSprees": 2,
      "largestKillingSpree": 3,
      "team": 100,
      "win": true,
      "neutralMinionsKilled": 7,
      "largestMultiKill": 2,
      "physicalDamageDealtPlayer": 56747,
      "physicalDamageTaken": 9719,
      "magicDamageTaken": 3522,
      "largestCriticalStrike": 384,
      "timePlayed": 1338,
      "totalHeal": 2075,
      "totalUnitsHealed": 2,
      "assists": 7,
      "item0": 2003,
      "item1": 3153,
      "item2": 3006,
      "item3": 1055,
      "item4": 3046,
      "item5": 1038,
      "item6": 3340,
      "physicalDamageDealtToChampions": 12447,
      "totalDamageDealtToChampions": 14571,
      "trueDamageDealtPlayer": 5884,
      "trueDamageDealtToChampions": 2124,
      "trueDamageTaken": 396,
      "wardPlaced": 2,
      "neutralMinionsKilledEnemyJungle": 2,
      "neutralMinionsKilledYourJungle": 5,
      "totalTimeCrowdControlDealt": 271
    }
  },
  "33776094": {
    "gameId": 825985243,
    "invalid": false,
    "gameMode": "CLASSIC",
    "gameType": "MATCHED_GAME",
    "subType": "RANKED_SOLO_5x5",
    "mapId": 1,
    "teamId": 200,
    "championId": 22,
    "spell1": 7,
    "spell2": 4,
    "level": 30,
    "ipEarned": 51,
    "createDate": 1399030743489,
    "fellowPlayers": [
      {
        "summonerId": 19499993,
        "teamId": 100,
        "championId": 67
      },
      {
        "summonerId": 31416229,
        "teamId": 200,
        "championId": 157
      },
      {
        "summonerId": 30760146,
        "teamId": 200,
        "championId": 134
      },
      {
        "summonerId": 26594346,
        "teamId": 100,
        "championId": 38
      },
      {
        "summonerId": 24554929,
        "teamId": 100,
        "championId": 53
      },
      {
        "summonerId": 24506511,
        "teamId": 200,
        "championId": 412
      },
      {
        "summonerId": 20128867,
        "teamId": 100,
        "championId": 92
      },
      {
        "summonerId": 22299578,
        "teamId": 200,
        "championId": 11
      },
      {
        "summonerId": 33950949,
        "teamId": 100,
        "championId": 64
      }
    ],
    "stats": {
      "level": 12,
      "goldEarned": 7167,
      "numDeaths": 6,
      "minionsKilled": 82,
      "championsKilled": 5,
      "goldSpent": 6800,
      "totalDamageDealt": 50053,
      "totalDamageTaken": 14620,
      "killingSprees": 1,
      "largestKillingSpree": 4,
      "team": 200,
      "win": false,
      "neutralMinionsKilled": 2,
      "largestMultiKill": 1,
      "physicalDamageDealtPlayer": 48798,
      "magicDamageDealtPlayer": 1255,
      "physicalDamageTaken": 9875,
      "magicDamageTaken": 3903,
      "largestCriticalStrike": 289,
      "timePlayed": 1338,
      "totalHeal": 2414,
      "totalUnitsHealed": 2,
      "assists": 5,
      "item0": 1055,
      "item1": 3086,
      "item2": 1037,
      "item3": 1018,
      "item4": 3250,
      "item5": 1038,
      "item6": 3340,
      "sightWardsBought": 1,
      "magicDamageDealtToChampions": 944,
      "physicalDamageDealtToChampions": 7574,
      "totalDamageDealtToChampions": 8519,
      "trueDamageTaken": 841,
      "wardPlaced": 1,
      "neutralMinionsKilledYourJungle": 2,
      "totalTimeCrowdControlDealt": 297
    }
  },
  "24554929": {
    "gameId": 825985243,
    "invalid": false,
    "gameMode": "CLASSIC",
    "gameType": "MATCHED_GAME",
    "subType": "RANKED_SOLO_5x5",
    "mapId": 1,
    "teamId": 100,
    "championId": 53,
    "spell1": 4,
    "spell2": 3,
    "level": 30,
    "ipEarned": 76,
    "createDate": 1399030743485,
    "fellowPlayers": [
      {
        "summonerId": 19499993,
        "teamId": 100,
        "championId": 67
      },
      {
        "summonerId": 31416229,
        "teamId": 200,
        "championId": 157
      },
      {
        "summonerId": 30760146,
        "teamId": 200,
        "championId": 134
      },
      {
        "summonerId": 26594346,
        "teamId": 100,
        "championId": 38
      },
      {
        "summonerId": 24506511,
        "teamId": 200,
        "championId": 412
      },
      {
        "summonerId": 33776094,
        "teamId": 200,
        "championId": 22
      },
      {
        "summonerId": 20128867,
        "teamId": 100,
        "championId": 92
      },
      {
        "summonerId": 22299578,
        "teamId": 200,
        "championId": 11
      },
      {
        "summonerId": 33950949,
        "teamId": 100,
        "championId": 64
      }
    ],
    "stats": {
      "level": 12,
      "goldEarned": 7354,
      "numDeaths": 4,
      "minionsKilled": 12,
      "goldSpent": 6275,
      "totalDamageDealt": 20555,
      "totalDamageTaken": 15208,
      "team": 100,
      "win": true,
      "physicalDamageDealtPlayer": 5232,
      "magicDamageDealtPlayer": 15323,
      "physicalDamageTaken": 12045,
      "magicDamageTaken": 2657,
      "timePlayed": 1338,
      "totalHeal": 674,
      "totalUnitsHealed": 1,
      "assists": 11,
      "item0": 3069,
      "item1": 2049,
      "item2": 2004,
      "item3": 1031,
      "item4": 3117,
      "item5": 1011,
      "item6": 3340,
      "sightWardsBought": 1,
      "magicDamageDealtToChampions": 4445,
      "physicalDamageDealtToChampions": 2402,
      "totalDamageDealtToChampions": 6847,
      "trueDamageTaken": 506,
      "wardPlaced": 8,
      "totalTimeCrowdControlDealt": 63
    }
  },
  "20128867": {
    "gameId": 825985243,
    "invalid": false,
    "gameMode": "CLASSIC",
    "gameType": "MATCHED_GAME",
    "subType": "RANKED_SOLO_5x5",
    "mapId": 1,
    "teamId": 100,
    "championId": 92,
    "spell1": 4,
    "spell2": 14,
    "level": 30,
    "ipEarned": 76,
    "createDate": 1399030743483,
    "fellowPlayers": [
      {
        "summonerId": 19499993,
        "teamId": 100,
        "championId": 67
      },
      {
        "summonerId": 31416229,
        "teamId": 200,
        "championId": 157
      },
      {
        "summonerId": 30760146,
        "teamId": 200,
        "championId": 134
      },
      {
        "summonerId": 26594346,
        "teamId": 100,
        "championId": 38
      },
      {
        "summonerId": 24554929,
        "teamId": 100,
        "championId": 53
      },
      {
        "summonerId": 24506511,
        "teamId": 200,
        "championId": 412
      },
      {
        "summonerId": 33776094,
        "teamId": 200,
        "championId": 22
      },
      {
        "summonerId": 22299578,
        "teamId": 200,
        "championId": 11
      },
      {
        "summonerId": 33950949,
        "teamId": 100,
        "championId": 64
      }
    ],
    "stats": {
      "level": 16,
      "goldEarned": 12782,
      "numDeaths": 4,
      "barracksKilled": 1,
      "turretsKilled": 5,
      "minionsKilled": 187,
      "championsKilled": 13,
      "goldSpent": 9417,
      "totalDamageDealt": 118756,
      "totalDamageTaken": 13314,
      "doubleKills": 4,
      "killingSprees": 3,
      "largestKillingSpree": 5,
      "team": 100,
      "win": true,
      "largestMultiKill": 2,
      "physicalDamageDealtPlayer": 118200,
      "physicalDamageTaken": 10045,
      "magicDamageTaken": 2461,
      "timePlayed": 1338,
      "totalHeal": 1642,
      "totalUnitsHealed": 1,
      "assists": 2,
      "item0": 3074,
      "item1": 1055,
      "item2": 3134,
      "item3": 3158,
      "item4": 3035,
      "item5": 1054,
      "item6": 3340,
      "sightWardsBought": 1,
      "physicalDamageDealtToChampions": 21939,
      "totalDamageDealtToChampions": 22495,
      "trueDamageDealtPlayer": 556,
      "trueDamageDealtToChampions": 556,
      "trueDamageTaken": 807,
      "wardPlaced": 5,
      "totalTimeCrowdControlDealt": 57
    }
  },
  "24506511": {
    "gameId": 825985243,
    "invalid": false,
    "gameMode": "CLASSIC",
    "gameType": "MATCHED_GAME",
    "subType": "RANKED_SOLO_5x5",
    "mapId": 1,
    "teamId": 200,
    "championId": 412,
    "spell1": 4,
    "spell2": 7,
    "level": 30,
    "ipEarned": 51,
    "createDate": 1399030743491,
    "fellowPlayers": [
      {
        "summonerId": 19499993,
        "teamId": 100,
        "championId": 67
      },
      {
        "summonerId": 31416229,
        "teamId": 200,
        "championId": 157
      },
      {
        "summonerId": 30760146,
        "teamId": 200,
        "championId": 134
      },
      {
        "summonerId": 26594346,
        "teamId": 100,
        "championId": 38
      },
      {
        "summonerId": 24554929,
        "teamId": 100,
        "championId": 53
      },
      {
        "summonerId": 33776094,
        "teamId": 200,
        "championId": 22
      },
      {
        "summonerId": 20128867,
        "teamId": 100,
        "championId": 92
      },
      {
        "summonerId": 22299578,
        "teamId": 200,
        "championId": 11
      },
      {
        "summonerId": 33950949,
        "teamId": 100,
        "championId": 64
      }
    ],
    "stats": {
      "level": 9,
      "goldEarned": 4984,
      "numDeaths": 8,
      "minionsKilled": 6,
      "championsKilled": 1,
      "goldSpent": 3260,
      "totalDamageDealt": 10340,
      "totalDamageTaken": 14129,
      "team": 200,
      "win": false,
      "largestMultiKill": 1,
      "physicalDamageDealtPlayer": 3369,
      "magicDamageDealtPlayer": 6971,
      "physicalDamageTaken": 9074,
      "magicDamageTaken": 4514,
      "timePlayed": 1338,
      "totalHeal": 1085,
      "totalUnitsHealed": 2,
      "assists": 5,
      "item0": 3096,
      "item1": 2049,
      "item2": 2010,
      "item3": 2004,
      "item4": 3117,
      "item6": 3341,
      "sightWardsBought": 5,
      "magicDamageDealtToChampions": 3354,
      "physicalDamageDealtToChampions": 1061,
      "totalDamageDealtToChampions": 4415,
      "trueDamageTaken": 540,
      "wardPlaced": 12,
      "totalTimeCrowdControlDealt": 62
    }
  }
}