{
  "34577950": {
    "gameId": 825985576,
    "invalid": false,
    "gameMode": "CLASSIC",
    "gameType": "MATCHED_GAME",
    "subType": "RANKED_SOLO_5x5",
    "mapId": 1,
    "teamId": 100,
    "championId": 236,
    "spell1": 4,
    "spell2": 7,
    "level": 30,
    "ipEarned": 80,
    "createDate": 1399031181960,
    "fellowPlayers": [
      {
        "summonerId": 36645940,
        "teamId": 200,
        "championId": 102
      },
      {
        "summonerId": 28600541,
        "teamId": 200,
        "championId": 117
      },
      {
        "summonerId": 33998900,
        "teamId": 200,
        "championId": 67
      },
      {
        "summonerId": 23648934,
        "teamId": 100,
        "championId": 106
      },
      {
        "summonerId": 28475142,
        "teamId": 200,
        "championId": 75
      },
      {
        "summonerId": 22770762,
        "teamId": 200,
        "championId": 11
      },
      {
        "summonerId": 32668295,
        "teamId": 100,
        "championId": 44
      },
      {
        "summonerId": 26044369,
        "teamId": 100,
        "championId": 19
      },
      {
        "summonerId": 19511055,
        "teamId": 100,
        "championId": 7
      }
    ],
    "stats": {
      "level": 15,
      "goldEarned": 11691,
      "numDeaths": 2,
      "turretsKilled": 3,
      "minionsKilled": 215,
      "championsKilled": 7,
      "goldSpent": 10833,
      "totalDamageDealt": 123909,
      "totalDamageTaken": 13961,
      "doubleKills": 1,
      "killingSprees": 1,
      "largestKillingSpree": 6,
      "team": 100,
      "win": true,
      "neutralMinionsKilled": 3,
      "largestMultiKill": 2,
      "physicalDamageDealtPlayer": 97369,
      "magicDamageDealtPlayer": 26107,
      "physicalDamageTaken": 11950,
      "magicDamageTaken": 698,
      "largestCriticalStrike": 547,
      "timePlayed": 1644,
      "totalHeal": 2562,
      "totalUnitsHealed": 2,
      "assists": 3,
      "item0": 1055,
      "item1": 3078,
      "item2": 3006,
      "item3": 3072,
      "item4": 3035,
      "item6": 3340,
      "sightWardsBought": 2,
      "magicDamageDealtToChampions": 3588,
      "physicalDamageDealtToChampions": 10629,
      "totalDamageDealtToChampions": 14281,
      "trueDamageDealtPlayer": 432,
      "trueDamageDealtToChampions": 64,
      "trueDamageTaken": 1312,
      "wardKilled": 1,
      "wardPlaced": 10,
      "neutralMinionsKilledEnemyJungle": 3,
      "totalTimeCrowdControlDealt": 144
    }
  },
  "summonerCount": 10,
  "28600541": {
    "gameId": 825985576,
    "invalid": false,
    "gameMode": "CLASSIC",
    "gameType": "MATCHED_GAME",
    "subType": "RANKED_SOLO_5x5",
    "mapId": 1,
    "teamId": 200,
    "championId": 117,
    "spell1": 4,
    "spell2": 7,
    "level": 30,
    "ipEarned": 54,
    "createDate": 1399031181968,
    "fellowPlayers": [
      {
        "summonerId": 36645940,
        "teamId": 200,
        "championId": 102
      },
      {
        "summonerId": 33998900,
        "teamId": 200,
        "championId": 67
      },
      {
        "summonerId": 34577950,
        "teamId": 100,
        "championId": 236
      },
      {
        "summonerId": 23648934,
        "teamId": 100,
        "championId": 106
      },
      {
        "summonerId": 28475142,
        "teamId": 200,
        "championId": 75
      },
      {
        "summonerId": 22770762,
        "teamId": 200,
        "championId": 11
      },
      {
        "summonerId": 32668295,
        "teamId": 100,
        "championId": 44
      },
      {
        "summonerId": 26044369,
        "teamId": 100,
        "championId": 19
      },
      {
        "summonerId": 19511055,
        "teamId": 100,
        "championId": 7
      }
    ],
    "stats": {
      "level": 14,
      "goldEarned": 7661,
      "numDeaths": 3,
      "minionsKilled": 163,
      "championsKilled": 1,
      "goldSpent": 6245,
      "totalDamageDealt": 66898,
      "totalDamageTaken": 12156,
      "team": 200,
      "win": false,
      "neutralMinionsKilled": 2,
      "largestMultiKill": 1,
      "physicalDamageDealtPlayer": 14395,
      "magicDamageDealtPlayer": 52503,
      "physicalDamageTaken": 1444,
      "magicDamageTaken": 10455,
      "timePlayed": 1644,
      "totalHeal": 843,
      "totalUnitsHealed": 1,
      "assists": 3,
      "item0": 1056,
      "item1": 3057,
      "item2": 3020,
      "item3": 1058,
      "item4": 3191,
      "item6": 3340,
      "magicDamageDealtToChampions": 7321,
      "physicalDamageDealtToChampions": 1783,
      "totalDamageDealtToChampions": 9104,
      "trueDamageTaken": 256,
      "wardPlaced": 4,
      "neutralMinionsKilledYourJungle": 2,
      "totalTimeCrowdControlDealt": 374
    }
  },
  "26044369": {
    "gameId": 825985576,
    "invalid": false,
    "gameMode": "CLASSIC",
    "gameType": "MATCHED_GAME",
    "subType": "RANKED_SOLO_5x5",
    "mapId": 1,
    "teamId": 100,
    "championId": 19,
    "spell1": 4,
    "spell2": 11,
    "level": 30,
    "ipEarned": 80,
    "createDate": 1399031181964,
    "fellowPlayers": [
      {
        "summonerId": 36645940,
        "teamId": 200,
        "championId": 102
      },
      {
        "summonerId": 28600541,
        "teamId": 200,
        "championId": 117
      },
      {
        "summonerId": 33998900,
        "teamId": 200,
        "championId": 67
      },
      {
        "summonerId": 34577950,
        "teamId": 100,
        "championId": 236
      },
      {
        "summonerId": 23648934,
        "teamId": 100,
        "championId": 106
      },
      {
        "summonerId": 28475142,
        "teamId": 200,
        "championId": 75
      },
      {
        "summonerId": 22770762,
        "teamId": 200,
        "championId": 11
      },
      {
        "summonerId": 32668295,
        "teamId": 100,
        "championId": 44
      },
      {
        "summonerId": 19511055,
        "teamId": 100,
        "championId": 7
      }
    ],
    "stats": {
      "level": 17,
      "goldEarned": 11795,
      "numDeaths": 2,
      "turretsKilled": 1,
      "minionsKilled": 45,
      "championsKilled": 9,
      "goldSpent": 9155,
      "totalDamageDealt": 163078,
      "totalDamageTaken": 28992,
      "killingSprees": 2,
      "largestKillingSpree": 5,
      "team": 100,
      "win": true,
      "neutralMinionsKilled": 88,
      "largestMultiKill": 1,
      "physicalDamageDealtPlayer": 78174,
      "magicDamageDealtPlayer": 70369,
      "physicalDamageTaken": 21141,
      "magicDamageTaken": 5677,
      "timePlayed": 1644,
      "totalHeal": 19235,
      "totalUnitsHealed": 1,
      "assists": 9,
      "item0": 3160,
      "item1": 3091,
      "item2": 3117,
      "item3": 3153,
      "item4": 2043,
      "item5": 1036,
      "item6": 3340,
      "sightWardsBought": 3,
      "visionWardsBought": 3,
      "magicDamageDealtToChampions": 10903,
      "physicalDamageDealtToChampions": 7865,
      "totalDamageDealtToChampions": 19983,
      "trueDamageDealtPlayer": 14534,
      "trueDamageDealtToChampions": 1214,
      "trueDamageTaken": 2172,
      "wardPlaced": 14,
      "neutralMinionsKilledEnemyJungle": 15,
      "neutralMinionsKilledYourJungle": 73,
      "totalTimeCrowdControlDealt": 822
    }
  },
  "33998900": {
    "gameId": 825985576,
    "invalid": false,
    "gameMode": "CLASSIC",
    "gameType": "MATCHED_GAME",
    "subType": "RANKED_SOLO_5x5",
    "mapId": 1,
    "teamId": 200,
    "championId": 67,
    "spell1": 4,
    "spell2": 7,
    "level": 30,
    "ipEarned": 54,
    "createDate": 1399031181966,
    "fellowPlayers": [
      {
        "summonerId": 36645940,
        "teamId": 200,
        "championId": 102
      },
      {
        "summonerId": 28600541,
        "teamId": 200,
        "championId": 117
      },
      {
        "summonerId": 34577950,
        "teamId": 100,
        "championId": 236
      },
      {
        "summonerId": 23648934,
        "teamId": 100,
        "championId": 106
      },
      {
        "summonerId": 28475142,
        "teamId": 200,
        "championId": 75
      },
      {
        "summonerId": 22770762,
        "teamId": 200,
        "championId": 11
      },
      {
        "summonerId": 32668295,
        "teamId": 100,
        "championId": 44
      },
      {
        "summonerId": 26044369,
        "teamId": 100,
        "championId": 19
      },
      {
        "summonerId": 19511055,
        "teamId": 100,
        "championId": 7
      }
    ],
    "stats": {
      "level": 13,
      "goldEarned": 7510,
      "numDeaths": 8,
      "turretsKilled": 1,
      "minionsKilled": 121,
      "championsKilled": 4,
      "goldSpent": 12580,
      "totalDamageDealt": 57836,
      "totalDamageTaken": 17432,
      "killingSprees": 2,
      "largestKillingSpree": 2,
      "team": 200,
      "win": false,
      "largestMultiKill": 1,
      "physicalDamageDealtPlayer": 50630,
      "magicDamageDealtPlayer": 308,
      "physicalDamageTaken": 7998,
      "magicDamageTaken": 9086,
      "largestCriticalStrike": 285,
      "timePlayed": 1644,
      "totalHeal": 1472,
      "totalUnitsHealed": 1,
      "assists": 1,
      "item0": 3250,
      "item1": 3006,
      "item2": 3006,
      "item3": 3006,
      "item4": 3006,
      "item6": 3340,
      "physicalDamageDealtToChampions": 8024,
      "totalDamageDealtToChampions": 11072,
      "trueDamageDealtPlayer": 6897,
      "trueDamageDealtToChampions": 3048,
      "trueDamageTaken": 348,
      "wardKilled": 1,
      "wardPlaced": 6,
      "totalTimeCrowdControlDealt": 3
    }
  },
  "32668295": {
    "gameId": 825985576,
    "invalid": false,
    "gameMode": "CLASSIC",
    "gameType": "MATCHED_GAME",
    "subType": "RANKED_SOLO_5x5",
    "mapId": 1,
    "teamId": 100,
    "championId": 44,
    "spell1": 3,
    "spell2": 4,
    "level": 30,
    "ipEarned": 80,
    "createDate": 1399031181965,
    "fellowPlayers": [
      {
        "summonerId": 36645940,
        "teamId": 200,
        "championId": 102
      },
      {
        "summonerId": 28600541,
        "teamId": 200,
        "championId": 117
      },
      {
        "summonerId": 33998900,
        "teamId": 200,
        "championId": 67
      },
      {
        "summonerId": 34577950,
        "teamId": 100,
        "championId": 236
      },
      {
        "summonerId": 23648934,
        "teamId": 100,
        "championId": 106
      },
      {
        "summonerId": 28475142,
        "teamId": 200,
        "championId": 75
      },
      {
        "summonerId": 22770762,
        "teamId": 200,
        "championId": 11
      },
      {
        "summonerId": 26044369,
        "teamId": 100,
        "championId": 19
      },
      {
        "summonerId": 19511055,
        "teamId": 100,
        "championId": 7
      }
    ],
    "stats": {
      "level": 14,
      "goldEarned": 8434,
      "numDeaths": 2,
      "minionsKilled": 35,
      "championsKilled": 2,
      "goldSpent": 6275,
      "totalDamageDealt": 25641,
      "totalDamageTaken": 18230,
      "killingSprees": 1,
      "largestKillingSpree": 2,
      "team": 100,
      "win": true,
      "largestMultiKill": 1,
      "physicalDamageDealtPlayer": 11647,
      "magicDamageDealtPlayer": 9375,
      "physicalDamageTaken": 11409,
      "magicDamageTaken": 5359,
      "timePlayed": 1644,
      "totalHeal": 8920,
      "totalUnitsHealed": 4,
      "assists": 9,
      "item0": 3401,
      "item1": 2045,
      "item2": 3271,
      "item4": 1031,
      "item6": 3340,
      "sightWardsBought": 1,
      "magicDamageDealtToChampions": 5850,
      "physicalDamageDealtToChampions": 2397,
      "totalDamageDealtToChampions": 8247,
      "trueDamageDealtPlayer": 4618,
      "trueDamageTaken": 1461,
      "wardPlaced": 19,
      "totalTimeCrowdControlDealt": 55
    }
  },
  "22770762": {
    "gameId": 825985576,
    "invalid": false,
    "gameMode": "CLASSIC",
    "gameType": "MATCHED_GAME",
    "subType": "RANKED_SOLO_5x5",
    "mapId": 1,
    "teamId": 200,
    "championId": 11,
    "spell1": 3,
    "spell2": 4,
    "level": 30,
    "ipEarned": 54,
    "createDate": 1399031181967,
    "fellowPlayers": [
      {
        "summonerId": 36645940,
        "teamId": 200,
        "championId": 102
      },
      {
        "summonerId": 28600541,
        "teamId": 200,
        "championId": 117
      },
      {
        "summonerId": 33998900,
        "teamId": 200,
        "championId": 67
      },
      {
        "summonerId": 34577950,
        "teamId": 100,
        "championId": 236
      },
      {
        "summonerId": 23648934,
        "teamId": 100,
        "championId": 106
      },
      {
        "summonerId": 28475142,
        "teamId": 200,
        "championId": 75
      },
      {
        "summonerId": 32668295,
        "teamId": 100,
        "championId": 44
      },
      {
        "summonerId": 26044369,
        "teamId": 100,
        "championId": 19
      },
      {
        "summonerId": 19511055,
        "teamId": 100,
        "championId": 7
      }
    ],
    "stats": {
      "level": 12,
      "goldEarned": 5789,
      "numDeaths": 10,
      "minionsKilled": 59,
      "goldSpent": 4587,
      "totalDamageDealt": 58013,
      "totalDamageTaken": 24086,
      "team": 200,
      "win": false,
      "neutralMinionsKilled": 2,
      "physicalDamageDealtPlayer": 55978,
      "physicalDamageTaken": 14048,
      "magicDamageTaken": 9284,
      "timePlayed": 1644,
      "totalHeal": 2304,
      "totalUnitsHealed": 1,
      "assists": 5,
      "item0": 1055,
      "item1": 3006,
      "item2": 1053,
      "item3": 3134,
      "item4": 1028,
      "item6": 3341,
      "sightWardsBought": 3,
      "visionWardsBought": 1,
      "physicalDamageDealtToChampions": 9089,
      "totalDamageDealtToChampions": 10250,
      "trueDamageDealtPlayer": 2035,
      "trueDamageDealtToChampions": 1161,
      "trueDamageTaken": 754,
      "wardKilled": 2,
      "wardPlaced": 4,
      "neutralMinionsKilledEnemyJungle": 2,
      "totalTimeCrowdControlDealt": 15
    }
  },
  "23648934": {
    "gameId": 825985576,
    "invalid": false,
    "gameMode": "CLASSIC",
    "gameType": "MATCHED_GAME",
    "subType": "RANKED_SOLO_5x5",
    "mapId": 1,
    "teamId": 100,
    "championId": 106,
    "spell1": 4,
    "spell2": 14,
    "level": 30,
    "ipEarned": 80,
    "createDate": 1399031181963,
    "fellowPlayers": [
      {
        "summonerId": 36645940,
        "teamId": 200,
        "championId": 102
      },
      {
        "summonerId": 28600541,
        "teamId": 200,
        "championId": 117
      },
      {
        "summonerId": 33998900,
        "teamId": 200,
        "championId": 67
      },
      {
        "summonerId": 34577950,
        "teamId": 100,
        "championId": 236
      },
      {
        "summonerId": 28475142,
        "teamId": 200,
        "championId": 75
      },
      {
        "summonerId": 22770762,
        "teamId": 200,
        "championId": 11
      },
      {
        "summonerId": 32668295,
        "teamId": 100,
        "championId": 44
      },
      {
        "summonerId": 26044369,
        "teamId": 100,
        "championId": 19
      },
      {
        "summonerId": 19511055,
        "teamId": 100,
        "championId": 7
      }
    ],
    "stats": {
      "level": 15,
      "goldEarned": 9957,
      "numDeaths": 1,
      "turretsKilled": 2,
      "minionsKilled": 172,
      "championsKilled": 3,
      "goldSpent": 7445,
      "totalDamageDealt": 99746,
      "totalDamageTaken": 16440,
      "killingSprees": 1,
      "largestKillingSpree": 2,
      "team": 100,
      "win": true,
      "neutralMinionsKilled": 8,
      "largestMultiKill": 1,
      "physicalDamageDealtPlayer": 51808,
      "magicDamageDealtPlayer": 46965,
      "physicalDamageTaken": 10761,
      "magicDamageTaken": 4632,
      "timePlayed": 1644,
      "totalHeal": 518,
      "totalUnitsHealed": 1,
      "assists": 5,
      "item0": 1054,
      "item1": 3068,
      "item2": 3111,
      "item3": 3065,
      "item4": 1029,
      "item6": 3340,
      "magicDamageDealtToChampions": 5209,
      "physicalDamageDealtToChampions": 7487,
      "totalDamageDealtToChampions": 13669,
      "trueDamageDealtPlayer": 972,
      "trueDamageDealtToChampions": 972,
      "trueDamageTaken": 1046,
      "wardPlaced": 6,
      "neutralMinionsKilledEnemyJungle": 8,
      "totalTimeCrowdControlDealt": 727
    }
  },
  "19511055": {
    "gameId": 825985576,
    "invalid": false,
    "gameMode": "CLASSIC",
    "gameType": "MATCHED_GAME",
    "subType": "RANKED_SOLO_5x5",
    "mapId": 1,
    "teamId": 100,
    "championId": 7,
    "spell1": 4,
    "spell2": 14,
    "level": 30,
    "ipEarned": 230,
    "createDate": 1399031181962,
    "fellowPlayers": [
      {
        "summonerId": 36645940,
        "teamId": 200,
        "championId": 102
      },
      {
        "summonerId": 28600541,
        "teamId": 200,
        "championId": 117
      },
      {
        "summonerId": 33998900,
        "teamId": 200,
        "championId": 67
      },
      {
        "summonerId": 34577950,
        "teamId": 100,
        "championId": 236
      },
      {
        "summonerId": 23648934,
        "teamId": 100,
        "championId": 106
      },
      {
        "summonerId": 28475142,
        "teamId": 200,
        "championId": 75
      },
      {
        "summonerId": 22770762,
        "teamId": 200,
        "championId": 11
      },
      {
        "summonerId": 32668295,
        "teamId": 100,
        "championId": 44
      },
      {
        "summonerId": 26044369,
        "teamId": 100,
        "championId": 19
      }
    ],
    "stats": {
      "level": 15,
      "goldEarned": 9950,
      "numDeaths": 4,
      "barracksKilled": 2,
      "turretsKilled": 1,
      "minionsKilled": 117,
      "championsKilled": 7,
      "goldSpent": 7820,
      "totalDamageDealt": 67657,
      "totalDamageTaken": 11721,
      "killingSprees": 3,
      "largestKillingSpree": 2,
      "team": 100,
      "win": true,
      "largestMultiKill": 1,
      "physicalDamageDealtPlayer": 27465,
      "magicDamageDealtPlayer": 39802,
      "physicalDamageTaken": 5445,
      "magicDamageTaken": 6100,
      "timePlayed": 1644,
      "totalHeal": 388,
      "totalUnitsHealed": 1,
      "assists": 6,
      "item0": 1058,
      "item1": 3089,
      "item2": 1026,
      "item3": 1052,
      "item4": 1029,
      "item6": 3340,
      "magicDamageDealtToChampions": 16848,
      "physicalDamageDealtToChampions": 1313,
      "totalDamageDealtToChampions": 18551,
      "trueDamageDealtPlayer": 390,
      "trueDamageDealtToChampions": 390,
      "trueDamageTaken": 175,
      "wardPlaced": 3,
      "totalTimeCrowdControlDealt": 72
    }
  },
  "36645940": {
    "gameId": 825985576,
    "invalid": false,
    "gameMode": "CLASSIC",
    "gameType": "MATCHED_GAME",
    "subType": "RANKED_SOLO_5x5",
    "mapId": 1,
    "teamId": 200,
    "championId": 102,
    "spell1": 4,
    "spell2": 11,
    "level": 30,
    "ipEarned": 54,
    "createDate": 1399031181971,
    "fellowPlayers": [
      {
        "summonerId": 28600541,
        "teamId": 200,
        "championId": 117
      },
      {
        "summonerId": 33998900,
        "teamId": 200,
        "championId": 67
      },
      {
        "summonerId": 34577950,
        "teamId": 100,
        "championId": 236
      },
      {
        "summonerId": 23648934,
        "teamId": 100,
        "championId": 106
      },
      {
        "summonerId": 28475142,
        "teamId": 200,
        "championId": 75
      },
      {
        "summonerId": 22770762,
        "teamId": 200,
        "championId": 11
      },
      {
        "summonerId": 32668295,
        "teamId": 100,
        "championId": 44
      },
      {
        "summonerId": 26044369,
        "teamId": 100,
        "championId": 19
      },
      {
        "summonerId": 19511055,
        "teamId": 100,
        "championId": 7
      }
    ],
    "stats": {
      "level": 15,
      "goldEarned": 9323,
      "numDeaths": 3,
      "minionsKilled": 31,
      "championsKilled": 5,
      "goldSpent": 8675,
      "totalDamageDealt": 158127,
      "totalDamageTaken": 25552,
      "killingSprees": 1,
      "largestKillingSpree": 2,
      "team": 200,
      "win": false,
      "neutralMinionsKilled": 110,
      "largestMultiKill": 1,
      "physicalDamageDealtPlayer": 42839,
      "magicDamageDealtPlayer": 100641,
      "physicalDamageTaken": 17750,
      "magicDamageTaken": 6932,
      "largestCriticalStrike": 269,
      "timePlayed": 1644,
      "totalHeal": 4405,
      "totalUnitsHealed": 1,
      "item0": 3160,
      "item1": 3143,
      "item2": 3111,
      "item3": 3211,
      "item4": 3067,
      "item6": 3341,
      "sightWardsBought": 1,
      "magicDamageDealtToChampions": 10349,
      "physicalDamageDealtToChampions": 6574,
      "totalDamageDealtToChampions": 18343,
      "trueDamageDealtPlayer": 14645,
      "trueDamageDealtToChampions": 1419,
      "trueDamageTaken": 870,
      "wardKilled": 4,
      "wardPlaced": 4,
      "neutralMinionsKilledEnemyJungle": 8,
      "neutralMinionsKilledYourJungle": 102,
      "totalTimeCrowdControlDealt": 721
    }
  },
  "28475142": {
    "gameId": 825985576,
    "invalid": false,
    "gameMode": "CLASSIC",
    "gameType": "MATCHED_GAME",
    "subType": "RANKED_SOLO_5x5",
    "mapId": 1,
    "teamId": 200,
    "championId": 75,
    "spell1": 12,
    "spell2": 4,
    "level": 30,
    "ipEarned": 54,
    "createDate": 1399031181970,
    "fellowPlayers": [
      {
        "summonerId": 36645940,
        "teamId": 200,
        "championId": 102
      },
      {
        "summonerId": 28600541,
        "teamId": 200,
        "championId": 117
      },
      {
        "summonerId": 33998900,
        "teamId": 200,
        "championId": 67
      },
      {
        "summonerId": 34577950,
        "teamId": 100,
        "championId": 236
      },
      {
        "summonerId": 23648934,
        "teamId": 100,
        "championId": 106
      },
      {
        "summonerId": 22770762,
        "teamId": 200,
        "championId": 11
      },
      {
        "summonerId": 32668295,
        "teamId": 100,
        "championId": 44
      },
      {
        "summonerId": 26044369,
        "teamId": 100,
        "championId": 19
      },
      {
        "summonerId": 19511055,
        "teamId": 100,
        "championId": 7
      }
    ],
    "stats": {
      "level": 15,
      "goldEarned": 7859,
      "numDeaths": 4,
      "minionsKilled": 178,
      "championsKilled": 1,
      "goldSpent": 7235,
      "totalDamageDealt": 93420,
      "totalDamageTaken": 18422,
      "team": 200,
      "win": false,
      "neutralMinionsKilled": 10,
      "largestMultiKill": 1,
      "physicalDamageDealtPlayer": 76355,
      "magicDamageDealtPlayer": 17065,
      "physicalDamageTaken": 11038,
      "magicDamageTaken": 6641,
      "timePlayed": 1644,
      "assists": 2,
      "item0": 3025,
      "item1": 3068,
      "item3": 3047,
      "item4": 1054,
      "item6": 3340,
      "magicDamageDealtToChampions": 4797,
      "physicalDamageDealtToChampions": 7201,
      "totalDamageDealtToChampions": 11999,
      "trueDamageTaken": 742,
      "wardPlaced": 3,
      "neutralMinionsKilledYourJungle": 10,
      "totalTimeCrowdControlDealt": 307
    }
  }
}