{
  "40286911": {
    "gameId": 818161933,
    "invalid": false,
    "gameMode": "CLASSIC",
    "gameType": "MATCHED_GAME",
    "subType": "NORMAL",
    "mapId": 1,
    "teamId": 200,
    "championId": 122,
    "spell1": 14,
    "spell2": 4,
    "level": 26,
    "ipEarned": 76,
    "createDate": 1398242613990,
    "fellowPlayers": [
      {
        "summonerId": 21692497,
        "teamId": 200,
        "championId": 133
      },
      {
        "summonerId": 39063174,
        "teamId": 200,
        "championId": 11
      },
      {
        "summonerId": 37746911,
        "teamId": 100,
        "championId": 64
      },
      {
        "summonerId": 41940601,
        "teamId": 100,
        "championId": 76
      },
      {
        "summonerId": 34006496,
        "teamId": 100,
        "championId": 82
      },
      {
        "summonerId": 42963322,
        "teamId": 200,
        "championId": 24
      },
      {
        "summonerId": 41952119,
        "teamId": 100,
        "championId": 80
      },
      {
        "summonerId": 20403135,
        "teamId": 200,
        "championId": 238
      },
      {
        "summonerId": 40576341,
        "teamId": 100,
        "championId": 11
      }
    ],
    "stats": {
      "level": 12,
      "goldEarned": 6941,
      "turretsKilled": 2,
      "minionsKilled": 104,
      "championsKilled": 3,
      "goldSpent": 5853,
      "totalDamageDealt": 67117,
      "totalDamageTaken": 9428,
      "killingSprees": 1,
      "largestKillingSpree": 3,
      "team": 200,
      "win": true,
      "neutralMinionsKilled": 8,
      "largestMultiKill": 1,
      "physicalDamageDealtPlayer": 62838,
      "magicDamageDealtPlayer": 3049,
      "physicalDamageTaken": 5371,
      "magicDamageTaken": 4029,
      "largestCriticalStrike": 459,
      "timePlayed": 1473,
      "totalHeal": 1066,
      "totalUnitsHealed": 1,
      "assists": 1,
      "item0": 1055,
      "item1": 3078,
      "item2": 3269,
      "item6": 3340,
      "magicDamageDealtToChampions": 302,
      "physicalDamageDealtToChampions": 2488,
      "totalDamageDealtToChampions": 3893,
      "trueDamageDealtPlayer": 1230,
      "trueDamageDealtToChampions": 1102,
      "trueDamageTaken": 28,
      "wardPlaced": 6,
      "neutralMinionsKilledEnemyJungle": 8,
      "totalTimeCrowdControlDealt": 122
    }
  },
  "summonerCount": 10,
  "21692497": {
    "gameId": 818161933,
    "invalid": false,
    "gameMode": "CLASSIC",
    "gameType": "MATCHED_GAME",
    "subType": "NORMAL",
    "mapId": 1,
    "teamId": 200,
    "championId": 133,
    "spell1": 4,
    "spell2": 21,
    "level": 30,
    "ipEarned": 76,
    "createDate": 1398242613988,
    "fellowPlayers": [
      {
        "summonerId": 39063174,
        "teamId": 200,
        "championId": 11
      },
      {
        "summonerId": 37746911,
        "teamId": 100,
        "championId": 64
      },
      {
        "summonerId": 40286911,
        "teamId": 200,
        "championId": 122
      },
      {
        "summonerId": 41940601,
        "teamId": 100,
        "championId": 76
      },
      {
        "summonerId": 34006496,
        "teamId": 100,
        "championId": 82
      },
      {
        "summonerId": 42963322,
        "teamId": 200,
        "championId": 24
      },
      {
        "summonerId": 41952119,
        "teamId": 100,
        "championId": 80
      },
      {
        "summonerId": 20403135,
        "teamId": 200,
        "championId": 238
      },
      {
        "summonerId": 40576341,
        "teamId": 100,
        "championId": 11
      }
    ],
    "stats": {
      "level": 15,
      "goldEarned": 11588,
      "numDeaths": 1,
      "turretsKilled": 3,
      "minionsKilled": 162,
      "championsKilled": 12,
      "goldSpent": 10155,
      "totalDamageDealt": 125390,
      "totalDamageTaken": 14656,
      "doubleKills": 1,
      "killingSprees": 2,
      "largestKillingSpree": 10,
      "team": 200,
      "win": true,
      "neutralMinionsKilled": 6,
      "largestMultiKill": 2,
      "physicalDamageDealtPlayer": 98206,
      "magicDamageDealtPlayer": 26700,
      "physicalDamageTaken": 9721,
      "magicDamageTaken": 4597,
      "largestCriticalStrike": 613,
      "timePlayed": 1473,
      "totalHeal": 1120,
      "totalUnitsHealed": 1,
      "assists": 8,
      "item0": 1055,
      "item1": 3087,
      "item2": 3006,
      "item3": 3046,
      "item4": 3072,
      "item6": 3340,
      "magicDamageDealtToChampions": 2109,
      "physicalDamageDealtToChampions": 20820,
      "totalDamageDealtToChampions": 23184,
      "trueDamageDealtPlayer": 483,
      "trueDamageDealtToChampions": 253,
      "trueDamageTaken": 337,
      "wardPlaced": 4,
      "neutralMinionsKilledEnemyJungle": 6,
      "totalTimeCrowdControlDealt": 358
    }
  },
  "20403135": {
    "gameId": 818161933,
    "invalid": false,
    "gameMode": "CLASSIC",
    "gameType": "MATCHED_GAME",
    "subType": "NORMAL",
    "mapId": 1,
    "teamId": 200,
    "championId": 238,
    "spell1": 14,
    "spell2": 4,
    "level": 28,
    "ipEarned": 226,
    "createDate": 1398242613989,
    "fellowPlayers": [
      {
        "summonerId": 21692497,
        "teamId": 200,
        "championId": 133
      },
      {
        "summonerId": 39063174,
        "teamId": 200,
        "championId": 11
      },
      {
        "summonerId": 37746911,
        "teamId": 100,
        "championId": 64
      },
      {
        "summonerId": 40286911,
        "teamId": 200,
        "championId": 122
      },
      {
        "summonerId": 41940601,
        "teamId": 100,
        "championId": 76
      },
      {
        "summonerId": 34006496,
        "teamId": 100,
        "championId": 82
      },
      {
        "summonerId": 42963322,
        "teamId": 200,
        "championId": 24
      },
      {
        "summonerId": 41952119,
        "teamId": 100,
        "championId": 80
      },
      {
        "summonerId": 40576341,
        "teamId": 100,
        "championId": 11
      }
    ],
    "stats": {
      "level": 13,
      "goldEarned": 7264,
      "numDeaths": 1,
      "minionsKilled": 98,
      "championsKilled": 3,
      "goldSpent": 6045,
      "totalDamageDealt": 57329,
      "totalDamageTaken": 12463,
      "doubleKills": 1,
      "killingSprees": 1,
      "largestKillingSpree": 2,
      "team": 200,
      "win": true,
      "neutralMinionsKilled": 7,
      "largestMultiKill": 2,
      "physicalDamageDealtPlayer": 53924,
      "magicDamageDealtPlayer": 3087,
      "physicalDamageTaken": 4084,
      "magicDamageTaken": 8378,
      "timePlayed": 1473,
      "totalHeal": 965,
      "totalUnitsHealed": 1,
      "assists": 5,
      "item0": 1054,
      "item1": 3153,
      "item3": 1036,
      "item4": 3270,
      "item6": 3340,
      "magicDamageDealtToChampions": 471,
      "physicalDamageDealtToChampions": 5312,
      "totalDamageDealtToChampions": 6011,
      "trueDamageDealtPlayer": 318,
      "trueDamageDealtToChampions": 228,
      "wardPlaced": 14,
      "neutralMinionsKilledYourJungle": 7,
      "totalTimeCrowdControlDealt": 89
    }
  },
  "37746911": {
    "gameId": 818161933,
    "invalid": false,
    "gameMode": "CLASSIC",
    "gameType": "MATCHED_GAME",
    "subType": "NORMAL",
    "mapId": 1,
    "teamId": 100,
    "championId": 64,
    "spell1": 11,
    "spell2": 4,
    "level": 29,
    "ipEarned": 0,
    "createDate": 1398242613983,
    "fellowPlayers": [
      {
        "summonerId": 21692497,
        "teamId": 200,
        "championId": 133
      },
      {
        "summonerId": 39063174,
        "teamId": 200,
        "championId": 11
      },
      {
        "summonerId": 40286911,
        "teamId": 200,
        "championId": 122
      },
      {
        "summonerId": 41940601,
        "teamId": 100,
        "championId": 76
      },
      {
        "summonerId": 34006496,
        "teamId": 100,
        "championId": 82
      },
      {
        "summonerId": 42963322,
        "teamId": 200,
        "championId": 24
      },
      {
        "summonerId": 41952119,
        "teamId": 100,
        "championId": 80
      },
      {
        "summonerId": 20403135,
        "teamId": 200,
        "championId": 238
      },
      {
        "summonerId": 40576341,
        "teamId": 100,
        "championId": 11
      }
    ],
    "stats": {
      "level": 7,
      "goldEarned": 4499,
      "numDeaths": 4,
      "minionsKilled": 1,
      "championsKilled": 1,
      "goldSpent": 2235,
      "totalDamageDealt": 22825,
      "totalDamageTaken": 6409,
      "team": 100,
      "win": false,
      "neutralMinionsKilled": 23,
      "largestMultiKill": 1,
      "physicalDamageDealtPlayer": 14214,
      "magicDamageDealtPlayer": 5040,
      "physicalDamageTaken": 5918,
      "magicDamageTaken": 150,
      "largestCriticalStrike": 135,
      "timePlayed": 1473,
      "totalHeal": 984,
      "totalUnitsHealed": 1,
      "assists": 1,
      "item0": 1080,
      "item1": 3047,
      "item2": 1036,
      "item6": 3340,
      "magicDamageDealtToChampions": 382,
      "physicalDamageDealtToChampions": 1462,
      "totalDamageDealtToChampions": 1909,
      "trueDamageDealtPlayer": 3570,
      "trueDamageDealtToChampions": 64,
      "trueDamageTaken": 340,
      "neutralMinionsKilledEnemyJungle": 4,
      "neutralMinionsKilledYourJungle": 19,
      "totalTimeCrowdControlDealt": 284
    }
  },
  "42963322": {
    "gameId": 818161933,
    "invalid": false,
    "gameMode": "CLASSIC",
    "gameType": "MATCHED_GAME",
    "subType": "NORMAL",
    "mapId": 1,
    "teamId": 200,
    "championId": 24,
    "spell1": 4,
    "spell2": 14,
    "level": 29,
    "ipEarned": 76,
    "createDate": 1398242613991,
    "fellowPlayers": [
      {
        "summonerId": 21692497,
        "teamId": 200,
        "championId": 133
      },
      {
        "summonerId": 39063174,
        "teamId": 200,
        "championId": 11
      },
      {
        "summonerId": 37746911,
        "teamId": 100,
        "championId": 64
      },
      {
        "summonerId": 40286911,
        "teamId": 200,
        "championId": 122
      },
      {
        "summonerId": 41940601,
        "teamId": 100,
        "championId": 76
      },
      {
        "summonerId": 34006496,
        "teamId": 100,
        "championId": 82
      },
      {
        "summonerId": 41952119,
        "teamId": 100,
        "championId": 80
      },
      {
        "summonerId": 20403135,
        "teamId": 200,
        "championId": 238
      },
      {
        "summonerId": 40576341,
        "teamId": 100,
        "championId": 11
      }
    ],
    "stats": {
      "level": 11,
      "goldEarned": 6668,
      "turretsKilled": 1,
      "minionsKilled": 57,
      "championsKilled": 4,
      "goldSpent": 6292,
      "totalDamageDealt": 32089,
      "totalDamageTaken": 8470,
      "killingSprees": 1,
      "largestKillingSpree": 4,
      "team": 200,
      "win": true,
      "neutralMinionsKilled": 2,
      "largestMultiKill": 1,
      "physicalDamageDealtPlayer": 28054,
      "magicDamageDealtPlayer": 3783,
      "physicalDamageTaken": 3575,
      "magicDamageTaken": 4894,
      "timePlayed": 1473,
      "totalHeal": 399,
      "totalUnitsHealed": 1,
      "assists": 5,
      "item0": 3153,
      "item2": 1055,
      "item3": 3047,
      "item4": 3134,
      "item6": 3340,
      "magicDamageDealtToChampions": 1531,
      "physicalDamageDealtToChampions": 4094,
      "totalDamageDealtToChampions": 5877,
      "trueDamageDealtPlayer": 252,
      "trueDamageDealtToChampions": 252,
      "wardPlaced": 3,
      "neutralMinionsKilledYourJungle": 2,
      "totalTimeCrowdControlDealt": 34
    }
  },
  "34006496": {
    "gameId": 818161933,
    "invalid": false,
    "gameMode": "CLASSIC",
    "gameType": "MATCHED_GAME",
    "subType": "NORMAL",
    "mapId": 1,
    "teamId": 100,
    "championId": 82,
    "spell1": 4,
    "spell2": 21,
    "level": 30,
    "ipEarned": 51,
    "createDate": 1398242613984,
    "fellowPlayers": [
      {
        "summonerId": 21692497,
        "teamId": 200,
        "championId": 133
      },
      {
        "summonerId": 39063174,
        "teamId": 200,
        "championId": 11
      },
      {
        "summonerId": 37746911,
        "teamId": 100,
        "championId": 64
      },
      {
        "summonerId": 40286911,
        "teamId": 200,
        "championId": 122
      },
      {
        "summonerId": 41940601,
        "teamId": 100,
        "championId": 76
      },
      {
        "summonerId": 42963322,
        "teamId": 200,
        "championId": 24
      },
      {
        "summonerId": 41952119,
        "teamId": 100,
        "championId": 80
      },
      {
        "summonerId": 20403135,
        "teamId": 200,
        "championId": 238
      },
      {
        "summonerId": 40576341,
        "teamId": 100,
        "championId": 11
      }
    ],
    "stats": {
      "level": 12,
      "goldEarned": 6870,
      "numDeaths": 4,
      "turretsKilled": 1,
      "minionsKilled": 128,
      "championsKilled": 2,
      "goldSpent": 6180,
      "totalDamageDealt": 97721,
      "totalDamageTaken": 11902,
      "team": 100,
      "win": false,
      "neutralMinionsKilled": 3,
      "largestMultiKill": 1,
      "physicalDamageDealtPlayer": 8091,
      "magicDamageDealtPlayer": 89629,
      "physicalDamageTaken": 10157,
      "magicDamageTaken": 1181,
      "timePlayed": 1473,
      "totalHeal": 2033,
      "totalUnitsHealed": 1,
      "assists": 1,
      "item0": 3152,
      "item1": 3151,
      "item2": 2003,
      "item3": 1001,
      "item6": 3340,
      "magicDamageDealtToChampions": 17709,
      "physicalDamageDealtToChampions": 776,
      "totalDamageDealtToChampions": 18486,
      "trueDamageTaken": 563,
      "wardPlaced": 4,
      "neutralMinionsKilledEnemyJungle": 3
    }
  },
  "41940601": {
    "gameId": 818161933,
    "invalid": false,
    "gameMode": "CLASSIC",
    "gameType": "MATCHED_GAME",
    "subType": "NORMAL",
    "mapId": 1,
    "teamId": 100,
    "championId": 76,
    "spell1": 21,
    "spell2": 4,
    "level": 22,
    "ipEarned": 51,
    "createDate": 1398242613982,
    "fellowPlayers": [
      {
        "summonerId": 21692497,
        "teamId": 200,
        "championId": 133
      },
      {
        "summonerId": 39063174,
        "teamId": 200,
        "championId": 11
      },
      {
        "summonerId": 37746911,
        "teamId": 100,
        "championId": 64
      },
      {
        "summonerId": 40286911,
        "teamId": 200,
        "championId": 122
      },
      {
        "summonerId": 34006496,
        "teamId": 100,
        "championId": 82
      },
      {
        "summonerId": 42963322,
        "teamId": 200,
        "championId": 24
      },
      {
        "summonerId": 41952119,
        "teamId": 100,
        "championId": 80
      },
      {
        "summonerId": 20403135,
        "teamId": 200,
        "championId": 238
      },
      {
        "summonerId": 40576341,
        "teamId": 100,
        "championId": 11
      }
    ],
    "stats": {
      "level": 11,
      "goldEarned": 4932,
      "numDeaths": 5,
      "minionsKilled": 59,
      "championsKilled": 1,
      "goldSpent": 4240,
      "totalDamageDealt": 32853,
      "totalDamageTaken": 11420,
      "team": 100,
      "win": false,
      "largestMultiKill": 1,
      "physicalDamageDealtPlayer": 20818,
      "magicDamageDealtPlayer": 12035,
      "physicalDamageTaken": 9216,
      "magicDamageTaken": 1604,
      "timePlayed": 1473,
      "totalHeal": 1599,
      "totalUnitsHealed": 3,
      "assists": 1,
      "item0": 3100,
      "item1": 3070,
      "item6": 3340,
      "magicDamageDealtToChampions": 8347,
      "physicalDamageDealtToChampions": 1880,
      "totalDamageDealtToChampions": 10227,
      "trueDamageTaken": 600,
      "wardPlaced": 6
    }
  },
  "41952119": {
    "gameId": 818161933,
    "invalid": false,
    "gameMode": "CLASSIC",
    "gameType": "MATCHED_GAME",
    "subType": "NORMAL",
    "mapId": 1,
    "teamId": 100,
    "championId": 80,
    "spell1": 7,
    "spell2": 12,
    "level": 22,
    "ipEarned": 51,
    "createDate": 1398242613987,
    "fellowPlayers": [
      {
        "summonerId": 21692497,
        "teamId": 200,
        "championId": 133
      },
      {
        "summonerId": 39063174,
        "teamId": 200,
        "championId": 11
      },
      {
        "summonerId": 37746911,
        "teamId": 100,
        "championId": 64
      },
      {
        "summonerId": 40286911,
        "teamId": 200,
        "championId": 122
      },
      {
        "summonerId": 41940601,
        "teamId": 100,
        "championId": 76
      },
      {
        "summonerId": 34006496,
        "teamId": 100,
        "championId": 82
      },
      {
        "summonerId": 42963322,
        "teamId": 200,
        "championId": 24
      },
      {
        "summonerId": 20403135,
        "teamId": 200,
        "championId": 238
      },
      {
        "summonerId": 40576341,
        "teamId": 100,
        "championId": 11
      }
    ],
    "stats": {
      "level": 12,
      "goldEarned": 6037,
      "numDeaths": 6,
      "turretsKilled": 2,
      "minionsKilled": 68,
      "championsKilled": 2,
      "goldSpent": 5660,
      "totalDamageDealt": 67241,
      "totalDamageTaken": 15182,
      "killingSprees": 1,
      "largestKillingSpree": 2,
      "team": 100,
      "win": false,
      "neutralMinionsKilled": 23,
      "largestMultiKill": 1,
      "physicalDamageDealtPlayer": 64029,
      "magicDamageDealtPlayer": 2406,
      "physicalDamageTaken": 13642,
      "magicDamageTaken": 1012,
      "largestCriticalStrike": 347,
      "timePlayed": 1473,
      "totalHeal": 2151,
      "totalUnitsHealed": 3,
      "assists": 1,
      "item0": 1055,
      "item1": 3074,
      "item2": 3117,
      "item3": 1036,
      "item4": 1036,
      "item5": 1028,
      "item6": 3340,
      "magicDamageDealtToChampions": 1083,
      "physicalDamageDealtToChampions": 5087,
      "totalDamageDealtToChampions": 6171,
      "trueDamageDealtPlayer": 806,
      "trueDamageTaken": 528,
      "wardPlaced": 7,
      "neutralMinionsKilledEnemyJungle": 1,
      "neutralMinionsKilledYourJungle": 22,
      "totalTimeCrowdControlDealt": 172
    }
  },
  "40576341": {
    "gameId": 818161933,
    "invalid": false,
    "gameMode": "CLASSIC",
    "gameType": "MATCHED_GAME",
    "subType": "NORMAL",
    "mapId": 1,
    "teamId": 100,
    "championId": 11,
    "spell1": 4,
    "spell2": 14,
    "level": 26,
    "ipEarned": 51,
    "createDate": 1398242613986,
    "fellowPlayers": [
      {
        "summonerId": 21692497,
        "teamId": 200,
        "championId": 133
      },
      {
        "summonerId": 39063174,
        "teamId": 200,
        "championId": 11
      },
      {
        "summonerId": 37746911,
        "teamId": 100,
        "championId": 64
      },
      {
        "summonerId": 40286911,
        "teamId": 200,
        "championId": 122
      },
      {
        "summonerId": 41940601,
        "teamId": 100,
        "championId": 76
      },
      {
        "summonerId": 34006496,
        "teamId": 100,
        "championId": 82
      },
      {
        "summonerId": 42963322,
        "teamId": 200,
        "championId": 24
      },
      {
        "summonerId": 41952119,
        "teamId": 100,
        "championId": 80
      },
      {
        "summonerId": 20403135,
        "teamId": 200,
        "championId": 238
      }
    ],
    "stats": {
      "level": 12,
      "goldEarned": 6527,
      "numDeaths": 8,
      "minionsKilled": 89,
      "goldSpent": 6373,
      "totalDamageDealt": 70198,
      "totalDamageTaken": 16862,
      "team": 100,
      "win": false,
      "neutralMinionsKilled": 10,
      "physicalDamageDealtPlayer": 64824,
      "magicDamageDealtPlayer": 4342,
      "physicalDamageTaken": 15387,
      "magicDamageTaken": 985,
      "largestCriticalStrike": 521,
      "timePlayed": 1473,
      "totalHeal": 1268,
      "totalUnitsHealed": 1,
      "assists": 3,
      "item0": 3093,
      "item1": 3154,
      "item2": 3078,
      "item6": 3340,
      "physicalDamageDealtToChampions": 3690,
      "totalDamageDealtToChampions": 4197,
      "trueDamageDealtPlayer": 1032,
      "trueDamageDealtToChampions": 507,
      "trueDamageTaken": 490,
      "wardPlaced": 1,
      "neutralMinionsKilledEnemyJungle": 3,
      "neutralMinionsKilledYourJungle": 7,
      "totalTimeCrowdControlDealt": 24
    }
  },
  "40286911": {
    "gameId": 818161933,
    "invalid": false,
    "gameMode": "CLASSIC",
    "gameType": "MATCHED_GAME",
    "subType": "NORMAL",
    "mapId": 1,
    "teamId": 200,
    "championId": 122,
    "spell1": 14,
    "spell2": 4,
    "level": 26,
    "ipEarned": 76,
    "createDate": 1398242613990,
    "fellowPlayers": [
      {
        "summonerId": 21692497,
        "teamId": 200,
        "championId": 133
      },
      {
        "summonerId": 39063174,
        "teamId": 200,
        "championId": 11
      },
      {
        "summonerId": 37746911,
        "teamId": 100,
        "championId": 64
      },
      {
        "summonerId": 41940601,
        "teamId": 100,
        "championId": 76
      },
      {
        "summonerId": 34006496,
        "teamId": 100,
        "championId": 82
      },
      {
        "summonerId": 42963322,
        "teamId": 200,
        "championId": 24
      },
      {
        "summonerId": 41952119,
        "teamId": 100,
        "championId": 80
      },
      {
        "summonerId": 20403135,
        "teamId": 200,
        "championId": 238
      },
      {
        "summonerId": 40576341,
        "teamId": 100,
        "championId": 11
      }
    ],
    "stats": {
      "level": 12,
      "goldEarned": 6941,
      "turretsKilled": 2,
      "minionsKilled": 104,
      "championsKilled": 3,
      "goldSpent": 5853,
      "totalDamageDealt": 67117,
      "totalDamageTaken": 9428,
      "killingSprees": 1,
      "largestKillingSpree": 3,
      "team": 200,
      "win": true,
      "neutralMinionsKilled": 8,
      "largestMultiKill": 1,
      "physicalDamageDealtPlayer": 62838,
      "magicDamageDealtPlayer": 3049,
      "physicalDamageTaken": 5371,
      "magicDamageTaken": 4029,
      "largestCriticalStrike": 459,
      "timePlayed": 1473,
      "totalHeal": 1066,
      "totalUnitsHealed": 1,
      "assists": 1,
      "item0": 1055,
      "item1": 3078,
      "item2": 3269,
      "item6": 3340,
      "magicDamageDealtToChampions": 302,
      "physicalDamageDealtToChampions": 2488,
      "totalDamageDealtToChampions": 3893,
      "trueDamageDealtPlayer": 1230,
      "trueDamageDealtToChampions": 1102,
      "trueDamageTaken": 28,
      "wardPlaced": 6,
      "neutralMinionsKilledEnemyJungle": 8,
      "totalTimeCrowdControlDealt": 122
    }
  }
}