{
  "38835848": {
    "gameId": 818169548,
    "invalid": false,
    "gameMode": "CLASSIC",
    "gameType": "MATCHED_GAME",
    "subType": "RANKED_SOLO_5x5",
    "mapId": 1,
    "teamId": 200,
    "championId": 39,
    "spell1": 12,
    "spell2": 4,
    "level": 30,
    "ipEarned": 67,
    "createDate": 1398243451940,
    "fellowPlayers": [
      {
        "summonerId": 29334061,
        "teamId": 200,
        "championId": 67
      },
      {
        "summonerId": 24550873,
        "teamId": 100,
        "championId": 24
      },
      {
        "summonerId": 34472963,
        "teamId": 200,
        "championId": 117
      },
      {
        "summonerId": 34064171,
        "teamId": 200,
        "championId": 7
      },
      {
        "summonerId": 34439469,
        "teamId": 100,
        "championId": 238
      },
      {
        "summonerId": 23602692,
        "teamId": 200,
        "championId": 111
      },
      {
        "summonerId": 28313866,
        "teamId": 100,
        "championId": 25
      },
      {
        "summonerId": 33663852,
        "teamId": 100,
        "championId": 81
      },
      {
        "summonerId": 19310374,
        "teamId": 100,
        "championId": 28
      }
    ],
    "stats": {
      "level": 14,
      "goldEarned": 9743,
      "numDeaths": 6,
      "minionsKilled": 107,
      "championsKilled": 7,
      "goldSpent": 9363,
      "totalDamageDealt": 58527,
      "totalDamageTaken": 30663,
      "killingSprees": 3,
      "largestKillingSpree": 2,
      "team": 200,
      "win": false,
      "neutralMinionsKilled": 4,
      "largestMultiKill": 1,
      "physicalDamageDealtPlayer": 49434,
      "magicDamageDealtPlayer": 4472,
      "physicalDamageTaken": 21365,
      "magicDamageTaken": 8417,
      "timePlayed": 2210,
      "totalHeal": 7349,
      "totalUnitsHealed": 1,
      "assists": 5,
      "item0": 3078,
      "item2": 3143,
      "item3": 3111,
      "item4": 1055,
      "item5": 1055,
      "item6": 3340,
      "sightWardsBought": 1,
      "magicDamageDealtToChampions": 3364,
      "physicalDamageDealtToChampions": 8103,
      "totalDamageDealtToChampions": 13688,
      "trueDamageDealtPlayer": 4620,
      "trueDamageDealtToChampions": 2220,
      "trueDamageTaken": 879,
      "wardKilled": 1,
      "wardPlaced": 9,
      "neutralMinionsKilledYourJungle": 4,
      "totalTimeCrowdControlDealt": 571
    }
  },
  "summonerCount": 10,
  "34439469": {
    "gameId": 818169548,
    "invalid": false,
    "gameMode": "CLASSIC",
    "gameType": "MATCHED_GAME",
    "subType": "RANKED_SOLO_5x5",
    "mapId": 1,
    "teamId": 100,
    "championId": 238,
    "spell1": 4,
    "spell2": 14,
    "level": 30,
    "ipEarned": 251,
    "createDate": 1398243451934,
    "fellowPlayers": [
      {
        "summonerId": 38835848,
        "teamId": 200,
        "championId": 39
      },
      {
        "summonerId": 29334061,
        "teamId": 200,
        "championId": 67
      },
      {
        "summonerId": 24550873,
        "teamId": 100,
        "championId": 24
      },
      {
        "summonerId": 34472963,
        "teamId": 200,
        "championId": 117
      },
      {
        "summonerId": 34064171,
        "teamId": 200,
        "championId": 7
      },
      {
        "summonerId": 23602692,
        "teamId": 200,
        "championId": 111
      },
      {
        "summonerId": 28313866,
        "teamId": 100,
        "championId": 25
      },
      {
        "summonerId": 33663852,
        "teamId": 100,
        "championId": 81
      },
      {
        "summonerId": 19310374,
        "teamId": 100,
        "championId": 28
      }
    ],
    "stats": {
      "level": 17,
      "goldEarned": 13921,
      "numDeaths": 8,
      "turretsKilled": 1,
      "minionsKilled": 166,
      "championsKilled": 9,
      "goldSpent": 13390,
      "totalDamageDealt": 154009,
      "totalDamageTaken": 28768,
      "killingSprees": 3,
      "largestKillingSpree": 2,
      "team": 100,
      "win": true,
      "neutralMinionsKilled": 19,
      "largestMultiKill": 1,
      "physicalDamageDealtPlayer": 145714,
      "magicDamageDealtPlayer": 6862,
      "physicalDamageTaken": 17892,
      "magicDamageTaken": 8984,
      "timePlayed": 2210,
      "totalHeal": 1731,
      "totalUnitsHealed": 1,
      "assists": 10,
      "item0": 3153,
      "item1": 3035,
      "item2": 3071,
      "item3": 3265,
      "item4": 1038,
      "item5": 1053,
      "item6": 3340,
      "sightWardsBought": 1,
      "magicDamageDealtToChampions": 920,
      "physicalDamageDealtToChampions": 25124,
      "totalDamageDealtToChampions": 27380,
      "trueDamageDealtPlayer": 1432,
      "trueDamageDealtToChampions": 1336,
      "trueDamageTaken": 1891,
      "wardPlaced": 31,
      "neutralMinionsKilledEnemyJungle": 9,
      "neutralMinionsKilledYourJungle": 10,
      "totalTimeCrowdControlDealt": 157
    }
  },
  "33663852": {
    "gameId": 818169548,
    "invalid": false,
    "gameMode": "CLASSIC",
    "gameType": "MATCHED_GAME",
    "subType": "RANKED_SOLO_5x5",
    "mapId": 1,
    "teamId": 100,
    "championId": 81,
    "spell1": 4,
    "spell2": 7,
    "level": 30,
    "ipEarned": 101,
    "createDate": 1398243451933,
    "fellowPlayers": [
      {
        "summonerId": 38835848,
        "teamId": 200,
        "championId": 39
      },
      {
        "summonerId": 29334061,
        "teamId": 200,
        "championId": 67
      },
      {
        "summonerId": 24550873,
        "teamId": 100,
        "championId": 24
      },
      {
        "summonerId": 34472963,
        "teamId": 200,
        "championId": 117
      },
      {
        "summonerId": 34064171,
        "teamId": 200,
        "championId": 7
      },
      {
        "summonerId": 34439469,
        "teamId": 100,
        "championId": 238
      },
      {
        "summonerId": 23602692,
        "teamId": 200,
        "championId": 111
      },
      {
        "summonerId": 28313866,
        "teamId": 100,
        "championId": 25
      },
      {
        "summonerId": 19310374,
        "teamId": 100,
        "championId": 28
      }
    ],
    "stats": {
      "level": 17,
      "goldEarned": 16367,
      "numDeaths": 4,
      "barracksKilled": 1,
      "turretsKilled": 4,
      "minionsKilled": 240,
      "championsKilled": 15,
      "goldSpent": 12853,
      "totalDamageDealt": 197620,
      "totalDamageTaken": 28529,
      "doubleKills": 4,
      "tripleKills": 2,
      "killingSprees": 3,
      "largestKillingSpree": 6,
      "team": 100,
      "win": true,
      "neutralMinionsKilled": 18,
      "largestMultiKill": 3,
      "physicalDamageDealtPlayer": 170206,
      "magicDamageDealtPlayer": 27413,
      "physicalDamageTaken": 17061,
      "magicDamageTaken": 10515,
      "largestCriticalStrike": 687,
      "timePlayed": 2210,
      "totalHeal": 3098,
      "totalUnitsHealed": 3,
      "assists": 5,
      "item0": 3042,
      "item1": 3072,
      "item2": 3006,
      "item3": 3078,
      "item4": 3035,
      "item6": 3340,
      "magicDamageDealtToChampions": 8055,
      "physicalDamageDealtToChampions": 25211,
      "totalDamageDealtToChampions": 33266,
      "trueDamageTaken": 953,
      "wardPlaced": 6,
      "neutralMinionsKilledEnemyJungle": 11,
      "neutralMinionsKilledYourJungle": 7
    }
  },
  "29334061": {
    "gameId": 818169548,
    "invalid": false,
    "gameMode": "CLASSIC",
    "gameType": "MATCHED_GAME",
    "subType": "RANKED_SOLO_5x5",
    "mapId": 1,
    "teamId": 200,
    "championId": 67,
    "spell1": 7,
    "spell2": 4,
    "level": 30,
    "ipEarned": 67,
    "createDate": 1398243451939,
    "fellowPlayers": [
      {
        "summonerId": 38835848,
        "teamId": 200,
        "championId": 39
      },
      {
        "summonerId": 24550873,
        "teamId": 100,
        "championId": 24
      },
      {
        "summonerId": 34472963,
        "teamId": 200,
        "championId": 117
      },
      {
        "summonerId": 34064171,
        "teamId": 200,
        "championId": 7
      },
      {
        "summonerId": 34439469,
        "teamId": 100,
        "championId": 238
      },
      {
        "summonerId": 23602692,
        "teamId": 200,
        "championId": 111
      },
      {
        "summonerId": 28313866,
        "teamId": 100,
        "championId": 25
      },
      {
        "summonerId": 33663852,
        "teamId": 100,
        "championId": 81
      },
      {
        "summonerId": 19310374,
        "teamId": 100,
        "championId": 28
      }
    ],
    "stats": {
      "level": 17,
      "goldEarned": 14378,
      "numDeaths": 3,
      "minionsKilled": 231,
      "championsKilled": 10,
      "goldSpent": 13880,
      "totalDamageDealt": 166252,
      "totalDamageTaken": 32655,
      "doubleKills": 3,
      "killingSprees": 2,
      "largestKillingSpree": 6,
      "team": 200,
      "win": false,
      "neutralMinionsKilled": 17,
      "largestMultiKill": 2,
      "physicalDamageDealtPlayer": 150886,
      "magicDamageDealtPlayer": 2282,
      "physicalDamageTaken": 21036,
      "magicDamageTaken": 10930,
      "largestCriticalStrike": 655,
      "timePlayed": 2210,
      "totalHeal": 9733,
      "totalUnitsHealed": 4,
      "assists": 9,
      "item0": 3026,
      "item1": 3153,
      "item2": 3046,
      "item3": 3250,
      "item4": 3035,
      "item5": 1037,
      "item6": 3340,
      "magicDamageDealtToChampions": 945,
      "physicalDamageDealtToChampions": 27907,
      "totalDamageDealtToChampions": 32872,
      "trueDamageDealtPlayer": 13083,
      "trueDamageDealtToChampions": 4019,
      "trueDamageTaken": 688,
      "wardPlaced": 4,
      "neutralMinionsKilledEnemyJungle": 2,
      "neutralMinionsKilledYourJungle": 15,
      "totalTimeCrowdControlDealt": 446
    }
  },
  "28313866": {
    "gameId": 818169548,
    "invalid": false,
    "gameMode": "CLASSIC",
    "gameType": "MATCHED_GAME",
    "subType": "RANKED_SOLO_5x5",
    "mapId": 1,
    "teamId": 100,
    "championId": 25,
    "spell1": 3,
    "spell2": 4,
    "level": 30,
    "ipEarned": 101,
    "createDate": 1398243451936,
    "fellowPlayers": [
      {
        "summonerId": 38835848,
        "teamId": 200,
        "championId": 39
      },
      {
        "summonerId": 29334061,
        "teamId": 200,
        "championId": 67
      },
      {
        "summonerId": 24550873,
        "teamId": 100,
        "championId": 24
      },
      {
        "summonerId": 34472963,
        "teamId": 200,
        "championId": 117
      },
      {
        "summonerId": 34064171,
        "teamId": 200,
        "championId": 7
      },
      {
        "summonerId": 34439469,
        "teamId": 100,
        "championId": 238
      },
      {
        "summonerId": 23602692,
        "teamId": 200,
        "championId": 111
      },
      {
        "summonerId": 33663852,
        "teamId": 100,
        "championId": 81
      },
      {
        "summonerId": 19310374,
        "teamId": 100,
        "championId": 28
      }
    ],
    "stats": {
      "level": 15,
      "goldEarned": 13015,
      "numDeaths": 7,
      "minionsKilled": 30,
      "championsKilled": 2,
      "goldSpent": 10425,
      "totalDamageDealt": 49474,
      "totalDamageTaken": 18861,
      "team": 100,
      "win": true,
      "neutralMinionsKilled": 1,
      "largestMultiKill": 1,
      "physicalDamageDealtPlayer": 8041,
      "magicDamageDealtPlayer": 41432,
      "physicalDamageTaken": 11081,
      "magicDamageTaken": 6695,
      "timePlayed": 2210,
      "totalHeal": 2147,
      "totalUnitsHealed": 1,
      "assists": 19,
      "item0": 3092,
      "item1": 3157,
      "item2": 2049,
      "item3": 1058,
      "item4": 3255,
      "item6": 3364,
      "sightWardsBought": 1,
      "visionWardsBought": 3,
      "magicDamageDealtToChampions": 16844,
      "physicalDamageDealtToChampions": 1614,
      "totalDamageDealtToChampions": 18459,
      "trueDamageTaken": 1085,
      "wardKilled": 5,
      "wardPlaced": 19,
      "neutralMinionsKilledEnemyJungle": 1,
      "totalTimeCrowdControlDealt": 132
    }
  },
  "24550873": {
    "gameId": 818169548,
    "invalid": false,
    "gameMode": "CLASSIC",
    "gameType": "MATCHED_GAME",
    "subType": "RANKED_SOLO_5x5",
    "mapId": 1,
    "teamId": 100,
    "championId": 24,
    "spell1": 14,
    "spell2": 4,
    "level": 30,
    "ipEarned": 101,
    "createDate": 1398243451937,
    "fellowPlayers": [
      {
        "summonerId": 38835848,
        "teamId": 200,
        "championId": 39
      },
      {
        "summonerId": 29334061,
        "teamId": 200,
        "championId": 67
      },
      {
        "summonerId": 34472963,
        "teamId": 200,
        "championId": 117
      },
      {
        "summonerId": 34064171,
        "teamId": 200,
        "championId": 7
      },
      {
        "summonerId": 34439469,
        "teamId": 100,
        "championId": 238
      },
      {
        "summonerId": 23602692,
        "teamId": 200,
        "championId": 111
      },
      {
        "summonerId": 28313866,
        "teamId": 100,
        "championId": 25
      },
      {
        "summonerId": 33663852,
        "teamId": 100,
        "championId": 81
      },
      {
        "summonerId": 19310374,
        "teamId": 100,
        "championId": 28
      }
    ],
    "stats": {
      "level": 18,
      "goldEarned": 15558,
      "numDeaths": 3,
      "turretsKilled": 3,
      "minionsKilled": 203,
      "championsKilled": 13,
      "goldSpent": 13820,
      "totalDamageDealt": 151476,
      "totalDamageTaken": 36633,
      "doubleKills": 2,
      "tripleKills": 1,
      "quadraKills": 1,
      "killingSprees": 4,
      "largestKillingSpree": 4,
      "team": 100,
      "win": true,
      "neutralMinionsKilled": 10,
      "largestMultiKill": 4,
      "physicalDamageDealtPlayer": 125727,
      "magicDamageDealtPlayer": 23948,
      "physicalDamageTaken": 22300,
      "magicDamageTaken": 11322,
      "largestCriticalStrike": 551,
      "timePlayed": 2210,
      "totalHeal": 2837,
      "totalUnitsHealed": 1,
      "assists": 9,
      "item0": 3153,
      "item1": 3143,
      "item2": 3078,
      "item3": 3111,
      "item4": 3134,
      "item5": 1028,
      "item6": 3340,
      "sightWardsBought": 3,
      "magicDamageDealtToChampions": 7377,
      "physicalDamageDealtToChampions": 21124,
      "totalDamageDealtToChampions": 30125,
      "trueDamageDealtPlayer": 1800,
      "trueDamageDealtToChampions": 1624,
      "trueDamageTaken": 3010,
      "wardPlaced": 9,
      "neutralMinionsKilledEnemyJungle": 10,
      "totalTimeCrowdControlDealt": 463
    }
  },
  "34472963": {
    "gameId": 818169548,
    "invalid": false,
    "gameMode": "CLASSIC",
    "gameType": "MATCHED_GAME",
    "subType": "RANKED_SOLO_5x5",
    "mapId": 1,
    "teamId": 200,
    "championId": 117,
    "spell1": 14,
    "spell2": 4,
    "level": 30,
    "ipEarned": 67,
    "createDate": 1398243451942,
    "fellowPlayers": [
      {
        "summonerId": 38835848,
        "teamId": 200,
        "championId": 39
      },
      {
        "summonerId": 29334061,
        "teamId": 200,
        "championId": 67
      },
      {
        "summonerId": 24550873,
        "teamId": 100,
        "championId": 24
      },
      {
        "summonerId": 34064171,
        "teamId": 200,
        "championId": 7
      },
      {
        "summonerId": 34439469,
        "teamId": 100,
        "championId": 238
      },
      {
        "summonerId": 23602692,
        "teamId": 200,
        "championId": 111
      },
      {
        "summonerId": 28313866,
        "teamId": 100,
        "championId": 25
      },
      {
        "summonerId": 33663852,
        "teamId": 100,
        "championId": 81
      },
      {
        "summonerId": 19310374,
        "teamId": 100,
        "championId": 28
      }
    ],
    "stats": {
      "level": 15,
      "goldEarned": 11703,
      "numDeaths": 16,
      "minionsKilled": 44,
      "championsKilled": 4,
      "goldSpent": 10565,
      "totalDamageDealt": 46185,
      "totalDamageTaken": 31071,
      "doubleKills": 1,
      "killingSprees": 1,
      "largestKillingSpree": 2,
      "team": 200,
      "win": false,
      "largestMultiKill": 2,
      "physicalDamageDealtPlayer": 8152,
      "magicDamageDealtPlayer": 36961,
      "physicalDamageTaken": 23049,
      "magicDamageTaken": 7347,
      "timePlayed": 2210,
      "totalHeal": 806,
      "totalUnitsHealed": 2,
      "assists": 15,
      "item0": 3117,
      "item1": 3222,
      "item2": 3092,
      "item3": 3089,
      "item4": 2045,
      "item5": 1052,
      "item6": 3341,
      "sightWardsBought": 2,
      "visionWardsBought": 2,
      "magicDamageDealtToChampions": 14433,
      "physicalDamageDealtToChampions": 2805,
      "totalDamageDealtToChampions": 18310,
      "trueDamageDealtPlayer": 1072,
      "trueDamageDealtToChampions": 1072,
      "trueDamageTaken": 674,
      "wardKilled": 4,
      "wardPlaced": 13,
      "totalTimeCrowdControlDealt": 382
    }
  },
  "19310374": {
    "gameId": 818169548,
    "invalid": false,
    "gameMode": "CLASSIC",
    "gameType": "MATCHED_GAME",
    "subType": "RANKED_SOLO_5x5",
    "mapId": 1,
    "teamId": 100,
    "championId": 28,
    "spell1": 4,
    "spell2": 11,
    "level": 30,
    "ipEarned": 101,
    "createDate": 1398243451935,
    "fellowPlayers": [
      {
        "summonerId": 38835848,
        "teamId": 200,
        "championId": 39
      },
      {
        "summonerId": 29334061,
        "teamId": 200,
        "championId": 67
      },
      {
        "summonerId": 24550873,
        "teamId": 100,
        "championId": 24
      },
      {
        "summonerId": 34472963,
        "teamId": 200,
        "championId": 117
      },
      {
        "summonerId": 34064171,
        "teamId": 200,
        "championId": 7
      },
      {
        "summonerId": 34439469,
        "teamId": 100,
        "championId": 238
      },
      {
        "summonerId": 23602692,
        "teamId": 200,
        "championId": 111
      },
      {
        "summonerId": 28313866,
        "teamId": 100,
        "championId": 25
      },
      {
        "summonerId": 33663852,
        "teamId": 100,
        "championId": 81
      }
    ],
    "stats": {
      "level": 16,
      "goldEarned": 12431,
      "numDeaths": 4,
      "minionsKilled": 28,
      "championsKilled": 4,
      "goldSpent": 11895,
      "totalDamageDealt": 123458,
      "totalDamageTaken": 26301,
      "killingSprees": 1,
      "largestKillingSpree": 4,
      "team": 100,
      "win": true,
      "neutralMinionsKilled": 77,
      "largestMultiKill": 1,
      "physicalDamageDealtPlayer": 47173,
      "magicDamageDealtPlayer": 62285,
      "physicalDamageTaken": 19175,
      "magicDamageTaken": 4484,
      "timePlayed": 2210,
      "totalHeal": 3776,
      "totalUnitsHealed": 1,
      "assists": 15,
      "item0": 3209,
      "item1": 3156,
      "item2": 3211,
      "item3": 3108,
      "item4": 3117,
      "item5": 3143,
      "item6": 3340,
      "sightWardsBought": 2,
      "magicDamageDealtToChampions": 8562,
      "physicalDamageDealtToChampions": 5301,
      "totalDamageDealtToChampions": 14996,
      "trueDamageDealtPlayer": 14000,
      "trueDamageDealtToChampions": 1132,
      "trueDamageTaken": 2640,
      "wardPlaced": 8,
      "neutralMinionsKilledEnemyJungle": 30,
      "neutralMinionsKilledYourJungle": 47,
      "totalTimeCrowdControlDealt": 636
    }
  },
  "23602692": {
    "gameId": 818169548,
    "invalid": false,
    "gameMode": "CLASSIC",
    "gameType": "MATCHED_GAME",
    "subType": "RANKED_SOLO_5x5",
    "mapId": 1,
    "teamId": 200,
    "championId": 111,
    "spell1": 11,
    "spell2": 4,
    "level": 30,
    "ipEarned": 67,
    "createDate": 1398243451941,
    "fellowPlayers": [
      {
        "summonerId": 38835848,
        "teamId": 200,
        "championId": 39
      },
      {
        "summonerId": 29334061,
        "teamId": 200,
        "championId": 67
      },
      {
        "summonerId": 24550873,
        "teamId": 100,
        "championId": 24
      },
      {
        "summonerId": 34472963,
        "teamId": 200,
        "championId": 117
      },
      {
        "summonerId": 34064171,
        "teamId": 200,
        "championId": 7
      },
      {
        "summonerId": 34439469,
        "teamId": 100,
        "championId": 238
      },
      {
        "summonerId": 28313866,
        "teamId": 100,
        "championId": 25
      },
      {
        "summonerId": 33663852,
        "teamId": 100,
        "championId": 81
      },
      {
        "summonerId": 19310374,
        "teamId": 100,
        "championId": 28
      }
    ],
    "stats": {
      "level": 14,
      "goldEarned": 7780,
      "numDeaths": 7,
      "turretsKilled": 1,
      "minionsKilled": 17,
      "championsKilled": 1,
      "goldSpent": 7005,
      "totalDamageDealt": 44536,
      "totalDamageTaken": 25866,
      "team": 200,
      "win": false,
      "neutralMinionsKilled": 24,
      "largestMultiKill": 1,
      "physicalDamageDealtPlayer": 17835,
      "magicDamageDealtPlayer": 23585,
      "physicalDamageTaken": 15285,
      "magicDamageTaken": 9764,
      "timePlayed": 2210,
      "totalHeal": 2308,
      "totalUnitsHealed": 1,
      "assists": 14,
      "item0": 3207,
      "item1": 3143,
      "item2": 1001,
      "item3": 1031,
      "item6": 3340,
      "magicDamageDealtToChampions": 7030,
      "physicalDamageDealtToChampions": 3855,
      "totalDamageDealtToChampions": 11026,
      "trueDamageDealtPlayer": 3116,
      "trueDamageDealtToChampions": 140,
      "trueDamageTaken": 816,
      "wardPlaced": 2,
      "neutralMinionsKilledYourJungle": 24,
      "totalTimeCrowdControlDealt": 576
    }
  },
  "38835848": {
    "gameId": 818169548,
    "invalid": false,
    "gameMode": "CLASSIC",
    "gameType": "MATCHED_GAME",
    "subType": "RANKED_SOLO_5x5",
    "mapId": 1,
    "teamId": 200,
    "championId": 39,
    "spell1": 12,
    "spell2": 4,
    "level": 30,
    "ipEarned": 67,
    "createDate": 1398243451940,
    "fellowPlayers": [
      {
        "summonerId": 29334061,
        "teamId": 200,
        "championId": 67
      },
      {
        "summonerId": 24550873,
        "teamId": 100,
        "championId": 24
      },
      {
        "summonerId": 34472963,
        "teamId": 200,
        "championId": 117
      },
      {
        "summonerId": 34064171,
        "teamId": 200,
        "championId": 7
      },
      {
        "summonerId": 34439469,
        "teamId": 100,
        "championId": 238
      },
      {
        "summonerId": 23602692,
        "teamId": 200,
        "championId": 111
      },
      {
        "summonerId": 28313866,
        "teamId": 100,
        "championId": 25
      },
      {
        "summonerId": 33663852,
        "teamId": 100,
        "championId": 81
      },
      {
        "summonerId": 19310374,
        "teamId": 100,
        "championId": 28
      }
    ],
    "stats": {
      "level": 14,
      "goldEarned": 9743,
      "numDeaths": 6,
      "minionsKilled": 107,
      "championsKilled": 7,
      "goldSpent": 9363,
      "totalDamageDealt": 58527,
      "totalDamageTaken": 30663,
      "killingSprees": 3,
      "largestKillingSpree": 2,
      "team": 200,
      "win": false,
      "neutralMinionsKilled": 4,
      "largestMultiKill": 1,
      "physicalDamageDealtPlayer": 49434,
      "magicDamageDealtPlayer": 4472,
      "physicalDamageTaken": 21365,
      "magicDamageTaken": 8417,
      "timePlayed": 2210,
      "totalHeal": 7349,
      "totalUnitsHealed": 1,
      "assists": 5,
      "item0": 3078,
      "item2": 3143,
      "item3": 3111,
      "item4": 1055,
      "item5": 1055,
      "item6": 3340,
      "sightWardsBought": 1,
      "magicDamageDealtToChampions": 3364,
      "physicalDamageDealtToChampions": 8103,
      "totalDamageDealtToChampions": 13688,
      "trueDamageDealtPlayer": 4620,
      "trueDamageDealtToChampions": 2220,
      "trueDamageTaken": 879,
      "wardKilled": 1,
      "wardPlaced": 9,
      "neutralMinionsKilledYourJungle": 4,
      "totalTimeCrowdControlDealt": 571
    }
  }
}