{
  "35081852": {
    "gameId": 818168225,
    "invalid": false,
    "gameMode": "CLASSIC",
    "gameType": "MATCHED_GAME",
    "subType": "RANKED_SOLO_5x5",
    "mapId": 1,
    "teamId": 200,
    "championId": 55,
    "spell1": 21,
    "spell2": 4,
    "level": 30,
    "ipEarned": 51,
    "createDate": 1398241968370,
    "fellowPlayers": [
      {
        "summonerId": 26733199,
        "teamId": 100,
        "championId": 23
      },
      {
        "summonerId": 34577138,
        "teamId": 200,
        "championId": 106
      },
      {
        "summonerId": 38204215,
        "teamId": 100,
        "championId": 238
      },
      {
        "summonerId": 36381979,
        "teamId": 100,
        "championId": 40
      },
      {
        "summonerId": 24660503,
        "teamId": 200,
        "championId": 119
      },
      {
        "summonerId": 33527250,
        "teamId": 200,
        "championId": 16
      },
      {
        "summonerId": 25228121,
        "teamId": 100,
        "championId": 77
      },
      {
        "summonerId": 36336299,
        "teamId": 100,
        "championId": 51
      },
      {
        "summonerId": 28462994,
        "teamId": 200,
        "championId": 9
      }
    ],
    "stats": {
      "level": 11,
      "goldEarned": 6702,
      "numDeaths": 7,
      "minionsKilled": 59,
      "championsKilled": 7,
      "goldSpent": 8030,
      "totalDamageDealt": 46366,
      "totalDamageTaken": 14917,
      "doubleKills": 1,
      "tripleKills": 1,
      "killingSprees": 1,
      "largestKillingSpree": 4,
      "team": 200,
      "win": false,
      "largestMultiKill": 3,
      "physicalDamageDealtPlayer": 4935,
      "magicDamageDealtPlayer": 41257,
      "physicalDamageTaken": 13784,
      "magicDamageTaken": 761,
      "timePlayed": 1292,
      "totalHeal": 192,
      "totalUnitsHealed": 1,
      "assists": 4,
      "item0": 3020,
      "item1": 1058,
      "item2": 3151,
      "item3": 1052,
      "item4": 2003,
      "item6": 3340,
      "magicDamageDealtToChampions": 11723,
      "physicalDamageDealtToChampions": 961,
      "totalDamageDealtToChampions": 12684,
      "trueDamageDealtPlayer": 174,
      "trueDamageTaken": 372,
      "wardPlaced": 5,
      "totalTimeCrowdControlDealt": 35
    }
  },
  "summonerCount": 10,
  "25228121": {
    "gameId": 818168225,
    "invalid": false,
    "gameMode": "CLASSIC",
    "gameType": "MATCHED_GAME",
    "subType": "RANKED_SOLO_5x5",
    "mapId": 1,
    "teamId": 100,
    "championId": 77,
    "spell1": 4,
    "spell2": 11,
    "level": 30,
    "ipEarned": 226,
    "createDate": 1398241968365,
    "fellowPlayers": [
      {
        "summonerId": 26733199,
        "teamId": 100,
        "championId": 23
      },
      {
        "summonerId": 34577138,
        "teamId": 200,
        "championId": 106
      },
      {
        "summonerId": 38204215,
        "teamId": 100,
        "championId": 238
      },
      {
        "summonerId": 36381979,
        "teamId": 100,
        "championId": 40
      },
      {
        "summonerId": 24660503,
        "teamId": 200,
        "championId": 119
      },
      {
        "summonerId": 35081852,
        "teamId": 200,
        "championId": 55
      },
      {
        "summonerId": 33527250,
        "teamId": 200,
        "championId": 16
      },
      {
        "summonerId": 36336299,
        "teamId": 100,
        "championId": 51
      },
      {
        "summonerId": 28462994,
        "teamId": 200,
        "championId": 9
      }
    ],
    "stats": {
      "level": 11,
      "goldEarned": 6806,
      "numDeaths": 3,
      "minionsKilled": 8,
      "championsKilled": 6,
      "goldSpent": 5998,
      "totalDamageDealt": 60747,
      "totalDamageTaken": 13535,
      "killingSprees": 2,
      "largestKillingSpree": 3,
      "team": 100,
      "win": true,
      "neutralMinionsKilled": 46,
      "largestMultiKill": 1,
      "physicalDamageDealtPlayer": 49287,
      "magicDamageDealtPlayer": 1440,
      "physicalDamageTaken": 9426,
      "magicDamageTaken": 3891,
      "largestCriticalStrike": 237,
      "timePlayed": 1292,
      "totalHeal": 1943,
      "totalUnitsHealed": 1,
      "assists": 4,
      "item0": 1055,
      "item1": 3078,
      "item2": 3009,
      "item3": 3106,
      "item6": 3340,
      "physicalDamageDealtToChampions": 8249,
      "totalDamageDealtToChampions": 8857,
      "trueDamageDealtPlayer": 10020,
      "trueDamageDealtToChampions": 608,
      "trueDamageTaken": 216,
      "wardPlaced": 6,
      "neutralMinionsKilledEnemyJungle": 27,
      "neutralMinionsKilledYourJungle": 19,
      "totalTimeCrowdControlDealt": 598
    }
  },
  "28462994": {
    "gameId": 818168225,
    "invalid": false,
    "gameMode": "CLASSIC",
    "gameType": "MATCHED_GAME",
    "subType": "RANKED_SOLO_5x5",
    "mapId": 1,
    "teamId": 200,
    "championId": 9,
    "spell1": 11,
    "spell2": 4,
    "level": 30,
    "ipEarned": 51,
    "createDate": 1398241968368,
    "fellowPlayers": [
      {
        "summonerId": 26733199,
        "teamId": 100,
        "championId": 23
      },
      {
        "summonerId": 34577138,
        "teamId": 200,
        "championId": 106
      },
      {
        "summonerId": 38204215,
        "teamId": 100,
        "championId": 238
      },
      {
        "summonerId": 36381979,
        "teamId": 100,
        "championId": 40
      },
      {
        "summonerId": 24660503,
        "teamId": 200,
        "championId": 119
      },
      {
        "summonerId": 35081852,
        "teamId": 200,
        "championId": 55
      },
      {
        "summonerId": 33527250,
        "teamId": 200,
        "championId": 16
      },
      {
        "summonerId": 25228121,
        "teamId": 100,
        "championId": 77
      },
      {
        "summonerId": 36336299,
        "teamId": 100,
        "championId": 51
      }
    ],
    "stats": {
      "level": 11,
      "goldEarned": 4907,
      "numDeaths": 3,
      "minionsKilled": 23,
      "championsKilled": 1,
      "goldSpent": 4625,
      "totalDamageDealt": 55926,
      "totalDamageTaken": 13528,
      "team": 200,
      "win": false,
      "neutralMinionsKilled": 41,
      "largestMultiKill": 1,
      "physicalDamageDealtPlayer": 7905,
      "magicDamageDealtPlayer": 44491,
      "physicalDamageTaken": 12768,
      "magicDamageTaken": 514,
      "timePlayed": 1292,
      "totalHeal": 8204,
      "totalUnitsHealed": 1,
      "assists": 4,
      "item0": 3206,
      "item1": 3020,
      "item2": 1052,
      "item3": 1029,
      "item4": 1029,
      "item5": 2004,
      "item6": 3340,
      "magicDamageDealtToChampions": 4554,
      "physicalDamageDealtToChampions": 42,
      "totalDamageDealtToChampions": 4597,
      "trueDamageDealtPlayer": 3530,
      "trueDamageTaken": 246,
      "wardPlaced": 3,
      "neutralMinionsKilledEnemyJungle": 2,
      "neutralMinionsKilledYourJungle": 39,
      "totalTimeCrowdControlDealt": 189
    }
  },
  "34577138": {
    "gameId": 818168225,
    "invalid": false,
    "gameMode": "CLASSIC",
    "gameType": "MATCHED_GAME",
    "subType": "RANKED_SOLO_5x5",
    "mapId": 1,
    "teamId": 200,
    "championId": 106,
    "spell1": 14,
    "spell2": 4,
    "level": 30,
    "ipEarned": 51,
    "createDate": 1398241968371,
    "fellowPlayers": [
      {
        "summonerId": 26733199,
        "teamId": 100,
        "championId": 23
      },
      {
        "summonerId": 38204215,
        "teamId": 100,
        "championId": 238
      },
      {
        "summonerId": 36381979,
        "teamId": 100,
        "championId": 40
      },
      {
        "summonerId": 24660503,
        "teamId": 200,
        "championId": 119
      },
      {
        "summonerId": 35081852,
        "teamId": 200,
        "championId": 55
      },
      {
        "summonerId": 33527250,
        "teamId": 200,
        "championId": 16
      },
      {
        "summonerId": 25228121,
        "teamId": 100,
        "championId": 77
      },
      {
        "summonerId": 36336299,
        "teamId": 100,
        "championId": 51
      },
      {
        "summonerId": 28462994,
        "teamId": 200,
        "championId": 9
      }
    ],
    "stats": {
      "level": 12,
      "goldEarned": 6294,
      "numDeaths": 4,
      "minionsKilled": 73,
      "championsKilled": 3,
      "goldSpent": 5810,
      "totalDamageDealt": 44297,
      "totalDamageTaken": 15816,
      "killingSprees": 1,
      "largestKillingSpree": 2,
      "team": 200,
      "win": false,
      "largestMultiKill": 1,
      "physicalDamageDealtPlayer": 29218,
      "magicDamageDealtPlayer": 14507,
      "physicalDamageTaken": 14274,
      "magicDamageTaken": 616,
      "timePlayed": 1292,
      "totalHeal": 479,
      "totalUnitsHealed": 1,
      "assists": 8,
      "item0": 1054,
      "item1": 3111,
      "item2": 3153,
      "item3": 1031,
      "item6": 3341,
      "sightWardsBought": 1,
      "magicDamageDealtToChampions": 3103,
      "physicalDamageDealtToChampions": 8398,
      "totalDamageDealtToChampions": 12073,
      "trueDamageDealtPlayer": 572,
      "trueDamageDealtToChampions": 572,
      "trueDamageTaken": 926,
      "wardKilled": 1,
      "wardPlaced": 1,
      "totalTimeCrowdControlDealt": 414
    }
  },
  "24660503": {
    "gameId": 818168225,
    "invalid": false,
    "gameMode": "CLASSIC",
    "gameType": "MATCHED_GAME",
    "subType": "RANKED_SOLO_5x5",
    "mapId": 1,
    "teamId": 200,
    "championId": 119,
    "spell1": 4,
    "spell2": 7,
    "level": 30,
    "ipEarned": 51,
    "createDate": 1398241968372,
    "fellowPlayers": [
      {
        "summonerId": 26733199,
        "teamId": 100,
        "championId": 23
      },
      {
        "summonerId": 34577138,
        "teamId": 200,
        "championId": 106
      },
      {
        "summonerId": 38204215,
        "teamId": 100,
        "championId": 238
      },
      {
        "summonerId": 36381979,
        "teamId": 100,
        "championId": 40
      },
      {
        "summonerId": 35081852,
        "teamId": 200,
        "championId": 55
      },
      {
        "summonerId": 33527250,
        "teamId": 200,
        "championId": 16
      },
      {
        "summonerId": 25228121,
        "teamId": 100,
        "championId": 77
      },
      {
        "summonerId": 36336299,
        "teamId": 100,
        "championId": 51
      },
      {
        "summonerId": 28462994,
        "teamId": 200,
        "championId": 9
      }
    ],
    "stats": {
      "level": 9,
      "goldEarned": 6374,
      "numDeaths": 7,
      "turretsKilled": 1,
      "minionsKilled": 68,
      "championsKilled": 5,
      "goldSpent": 6060,
      "totalDamageDealt": 42310,
      "totalDamageTaken": 15840,
      "killingSprees": 2,
      "largestKillingSpree": 3,
      "team": 200,
      "win": false,
      "largestMultiKill": 1,
      "physicalDamageDealtPlayer": 42310,
      "physicalDamageTaken": 14361,
      "magicDamageTaken": 1229,
      "timePlayed": 1292,
      "totalHeal": 2198,
      "totalUnitsHealed": 3,
      "assists": 3,
      "item0": 1055,
      "item1": 1055,
      "item2": 3006,
      "item3": 3072,
      "item4": 1042,
      "item6": 3340,
      "physicalDamageDealtToChampions": 12456,
      "totalDamageDealtToChampions": 12456,
      "trueDamageTaken": 250,
      "wardPlaced": 3,
      "totalTimeCrowdControlDealt": 73
    }
  },
  "26733199": {
    "gameId": 818168225,
    "invalid": false,
    "gameMode": "CLASSIC",
    "gameType": "MATCHED_GAME",
    "subType": "RANKED_SOLO_5x5",
    "mapId": 1,
    "teamId": 100,
    "championId": 23,
    "spell1": 4,
    "spell2": 14,
    "level": 30,
    "ipEarned": 394,
    "createDate": 1398241968362,
    "fellowPlayers": [
      {
        "summonerId": 34577138,
        "teamId": 200,
        "championId": 106
      },
      {
        "summonerId": 38204215,
        "teamId": 100,
        "championId": 238
      },
      {
        "summonerId": 36381979,
        "teamId": 100,
        "championId": 40
      },
      {
        "summonerId": 24660503,
        "teamId": 200,
        "championId": 119
      },
      {
        "summonerId": 35081852,
        "teamId": 200,
        "championId": 55
      },
      {
        "summonerId": 33527250,
        "teamId": 200,
        "championId": 16
      },
      {
        "summonerId": 25228121,
        "teamId": 100,
        "championId": 77
      },
      {
        "summonerId": 36336299,
        "teamId": 100,
        "championId": 51
      },
      {
        "summonerId": 28462994,
        "teamId": 200,
        "championId": 9
      }
    ],
    "stats": {
      "level": 14,
      "goldEarned": 8250,
      "numDeaths": 3,
      "turretsKilled": 2,
      "minionsKilled": 128,
      "championsKilled": 5,
      "goldSpent": 7085,
      "totalDamageDealt": 98619,
      "totalDamageTaken": 17928,
      "killingSprees": 1,
      "largestKillingSpree": 5,
      "team": 100,
      "win": true,
      "neutralMinionsKilled": 9,
      "largestMultiKill": 1,
      "physicalDamageDealtPlayer": 94355,
      "magicDamageDealtPlayer": 3069,
      "physicalDamageTaken": 13753,
      "magicDamageTaken": 4064,
      "largestCriticalStrike": 568,
      "timePlayed": 1292,
      "totalHeal": 6262,
      "totalUnitsHealed": 1,
      "assists": 3,
      "item0": 3071,
      "item1": 3087,
      "item2": 3006,
      "item4": 1055,
      "item6": 3340,
      "magicDamageDealtToChampions": 123,
      "physicalDamageDealtToChampions": 9157,
      "totalDamageDealtToChampions": 10307,
      "trueDamageDealtPlayer": 1194,
      "trueDamageDealtToChampions": 1026,
      "trueDamageTaken": 110,
      "wardPlaced": 5,
      "neutralMinionsKilledEnemyJungle": 9,
      "totalTimeCrowdControlDealt": 163
    }
  },
  "36336299": {
    "gameId": 818168225,
    "invalid": false,
    "gameMode": "CLASSIC",
    "gameType": "MATCHED_GAME",
    "subType": "RANKED_SOLO_5x5",
    "mapId": 1,
    "teamId": 100,
    "championId": 51,
    "spell1": 4,
    "spell2": 7,
    "level": 30,
    "ipEarned": 226,
    "createDate": 1398241968367,
    "fellowPlayers": [
      {
        "summonerId": 26733199,
        "teamId": 100,
        "championId": 23
      },
      {
        "summonerId": 34577138,
        "teamId": 200,
        "championId": 106
      },
      {
        "summonerId": 38204215,
        "teamId": 100,
        "championId": 238
      },
      {
        "summonerId": 36381979,
        "teamId": 100,
        "championId": 40
      },
      {
        "summonerId": 24660503,
        "teamId": 200,
        "championId": 119
      },
      {
        "summonerId": 35081852,
        "teamId": 200,
        "championId": 55
      },
      {
        "summonerId": 33527250,
        "teamId": 200,
        "championId": 16
      },
      {
        "summonerId": 25228121,
        "teamId": 100,
        "championId": 77
      },
      {
        "summonerId": 28462994,
        "teamId": 200,
        "championId": 9
      }
    ],
    "stats": {
      "level": 11,
      "goldEarned": 8356,
      "numDeaths": 3,
      "turretsKilled": 1,
      "minionsKilled": 120,
      "championsKilled": 5,
      "goldSpent": 6435,
      "totalDamageDealt": 68664,
      "totalDamageTaken": 11857,
      "doubleKills": 1,
      "killingSprees": 2,
      "largestKillingSpree": 3,
      "team": 100,
      "win": true,
      "largestMultiKill": 2,
      "physicalDamageDealtPlayer": 67682,
      "magicDamageDealtPlayer": 981,
      "physicalDamageTaken": 7932,
      "magicDamageTaken": 3675,
      "largestCriticalStrike": 422,
      "timePlayed": 1292,
      "totalHeal": 1940,
      "totalUnitsHealed": 2,
      "assists": 5,
      "item0": 1055,
      "item1": 3072,
      "item2": 1055,
      "item3": 3086,
      "item4": 3006,
      "item5": 2004,
      "item6": 3340,
      "magicDamageDealtToChampions": 897,
      "physicalDamageDealtToChampions": 17094,
      "totalDamageDealtToChampions": 17991,
      "trueDamageTaken": 250,
      "wardPlaced": 1,
      "totalTimeCrowdControlDealt": 22
    }
  },
  "33527250": {
    "gameId": 818168225,
    "invalid": false,
    "gameMode": "CLASSIC",
    "gameType": "MATCHED_GAME",
    "subType": "RANKED_SOLO_5x5",
    "mapId": 1,
    "teamId": 200,
    "championId": 16,
    "spell1": 3,
    "spell2": 4,
    "level": 30,
    "ipEarned": 51,
    "createDate": 1398241968369,
    "fellowPlayers": [
      {
        "summonerId": 26733199,
        "teamId": 100,
        "championId": 23
      },
      {
        "summonerId": 34577138,
        "teamId": 200,
        "championId": 106
      },
      {
        "summonerId": 38204215,
        "teamId": 100,
        "championId": 238
      },
      {
        "summonerId": 36381979,
        "teamId": 100,
        "championId": 40
      },
      {
        "summonerId": 24660503,
        "teamId": 200,
        "championId": 119
      },
      {
        "summonerId": 35081852,
        "teamId": 200,
        "championId": 55
      },
      {
        "summonerId": 25228121,
        "teamId": 100,
        "championId": 77
      },
      {
        "summonerId": 36336299,
        "teamId": 100,
        "championId": 51
      },
      {
        "summonerId": 28462994,
        "teamId": 200,
        "championId": 9
      }
    ],
    "stats": {
      "level": 10,
      "goldEarned": 5646,
      "numDeaths": 4,
      "minionsKilled": 11,
      "championsKilled": 1,
      "goldSpent": 4640,
      "totalDamageDealt": 12973,
      "totalDamageTaken": 13705,
      "team": 200,
      "win": false,
      "largestMultiKill": 1,
      "physicalDamageDealtPlayer": 1944,
      "magicDamageDealtPlayer": 11029,
      "physicalDamageTaken": 11378,
      "magicDamageTaken": 1686,
      "timePlayed": 1292,
      "totalHeal": 10364,
      "totalUnitsHealed": 5,
      "assists": 7,
      "item0": 3069,
      "item1": 3158,
      "item2": 2044,
      "item3": 1011,
      "item6": 3340,
      "sightWardsBought": 4,
      "magicDamageDealtToChampions": 3947,
      "physicalDamageDealtToChampions": 1199,
      "totalDamageDealtToChampions": 5147,
      "trueDamageTaken": 640,
      "wardPlaced": 5,
      "totalTimeCrowdControlDealt": 41
    }
  },
  "36381979": {
    "gameId": 818168225,
    "invalid": false,
    "gameMode": "CLASSIC",
    "gameType": "MATCHED_GAME",
    "subType": "RANKED_SOLO_5x5",
    "mapId": 1,
    "teamId": 100,
    "championId": 40,
    "spell1": 4,
    "spell2": 7,
    "level": 30,
    "ipEarned": 76,
    "createDate": 1398241968364,
    "fellowPlayers": [
      {
        "summonerId": 26733199,
        "teamId": 100,
        "championId": 23
      },
      {
        "summonerId": 34577138,
        "teamId": 200,
        "championId": 106
      },
      {
        "summonerId": 38204215,
        "teamId": 100,
        "championId": 238
      },
      {
        "summonerId": 24660503,
        "teamId": 200,
        "championId": 119
      },
      {
        "summonerId": 35081852,
        "teamId": 200,
        "championId": 55
      },
      {
        "summonerId": 33527250,
        "teamId": 200,
        "championId": 16
      },
      {
        "summonerId": 25228121,
        "teamId": 100,
        "championId": 77
      },
      {
        "summonerId": 36336299,
        "teamId": 100,
        "championId": 51
      },
      {
        "summonerId": 28462994,
        "teamId": 200,
        "championId": 9
      }
    ],
    "stats": {
      "level": 10,
      "goldEarned": 5327,
      "numDeaths": 3,
      "turretsKilled": 1,
      "minionsKilled": 5,
      "championsKilled": 1,
      "goldSpent": 4380,
      "totalDamageDealt": 11501,
      "totalDamageTaken": 9220,
      "team": 100,
      "win": true,
      "largestMultiKill": 1,
      "physicalDamageDealtPlayer": 4360,
      "magicDamageDealtPlayer": 7141,
      "physicalDamageTaken": 5727,
      "magicDamageTaken": 3492,
      "timePlayed": 1292,
      "totalHeal": 3143,
      "totalUnitsHealed": 6,
      "assists": 7,
      "item0": 3096,
      "item1": 2049,
      "item2": 3028,
      "item3": 3114,
      "item4": 3117,
      "item6": 3340,
      "sightWardsBought": 1,
      "magicDamageDealtToChampions": 2965,
      "physicalDamageDealtToChampions": 1293,
      "totalDamageDealtToChampions": 4258,
      "wardPlaced": 13,
      "totalTimeCrowdControlDealt": 126
    }
  },
  "35081852": {
    "gameId": 818168225,
    "invalid": false,
    "gameMode": "CLASSIC",
    "gameType": "MATCHED_GAME",
    "subType": "RANKED_SOLO_5x5",
    "mapId": 1,
    "teamId": 200,
    "championId": 55,
    "spell1": 21,
    "spell2": 4,
    "level": 30,
    "ipEarned": 51,
    "createDate": 1398241968370,
    "fellowPlayers": [
      {
        "summonerId": 26733199,
        "teamId": 100,
        "championId": 23
      },
      {
        "summonerId": 34577138,
        "teamId": 200,
        "championId": 106
      },
      {
        "summonerId": 38204215,
        "teamId": 100,
        "championId": 238
      },
      {
        "summonerId": 36381979,
        "teamId": 100,
        "championId": 40
      },
      {
        "summonerId": 24660503,
        "teamId": 200,
        "championId": 119
      },
      {
        "summonerId": 33527250,
        "teamId": 200,
        "championId": 16
      },
      {
        "summonerId": 25228121,
        "teamId": 100,
        "championId": 77
      },
      {
        "summonerId": 36336299,
        "teamId": 100,
        "championId": 51
      },
      {
        "summonerId": 28462994,
        "teamId": 200,
        "championId": 9
      }
    ],
    "stats": {
      "level": 11,
      "goldEarned": 6702,
      "numDeaths": 7,
      "minionsKilled": 59,
      "championsKilled": 7,
      "goldSpent": 8030,
      "totalDamageDealt": 46366,
      "totalDamageTaken": 14917,
      "doubleKills": 1,
      "tripleKills": 1,
      "killingSprees": 1,
      "largestKillingSpree": 4,
      "team": 200,
      "win": false,
      "largestMultiKill": 3,
      "physicalDamageDealtPlayer": 4935,
      "magicDamageDealtPlayer": 41257,
      "physicalDamageTaken": 13784,
      "magicDamageTaken": 761,
      "timePlayed": 1292,
      "totalHeal": 192,
      "totalUnitsHealed": 1,
      "assists": 4,
      "item0": 3020,
      "item1": 1058,
      "item2": 3151,
      "item3": 1052,
      "item4": 2003,
      "item6": 3340,
      "magicDamageDealtToChampions": 11723,
      "physicalDamageDealtToChampions": 961,
      "totalDamageDealtToChampions": 12684,
      "trueDamageDealtPlayer": 174,
      "trueDamageTaken": 372,
      "wardPlaced": 5,
      "totalTimeCrowdControlDealt": 35
    }
  }
}