{
  "27868261": {
    "gameId": 818185857,
    "invalid": false,
    "gameMode": "CLASSIC",
    "gameType": "MATCHED_GAME",
    "subType": "RANKED_SOLO_5x5",
    "mapId": 1,
    "teamId": 200,
    "championId": 51,
    "spell1": 4,
    "spell2": 7,
    "level": 30,
    "ipEarned": 232,
    "createDate": 1398248235990,
    "fellowPlayers": [
      {
        "summonerId": 24299898,
        "teamId": 100,
        "championId": 99
      },
      {
        "summonerId": 19171671,
        "teamId": 100,
        "championId": 75
      },
      {
        "summonerId": 31156951,
        "teamId": 200,
        "championId": 56
      },
      {
        "summonerId": 27552709,
        "teamId": 200,
        "championId": 117
      },
      {
        "summonerId": 27799955,
        "teamId": 200,
        "championId": 412
      },
      {
        "summonerId": 23195060,
        "teamId": 200,
        "championId": 80
      },
      {
        "summonerId": 34513878,
        "teamId": 100,
        "championId": 222
      },
      {
        "summonerId": 25502361,
        "teamId": 100,
        "championId": 11
      },
      {
        "summonerId": 31424114,
        "teamId": 100,
        "championId": 55
      }
    ],
    "stats": {
      "level": 15,
      "goldEarned": 11304,
      "numDeaths": 1,
      "barracksKilled": 1,
      "turretsKilled": 1,
      "minionsKilled": 169,
      "championsKilled": 5,
      "goldSpent": 8310,
      "totalDamageDealt": 121935,
      "totalDamageTaken": 13346,
      "killingSprees": 1,
      "largestKillingSpree": 5,
      "team": 200,
      "win": true,
      "neutralMinionsKilled": 9,
      "largestMultiKill": 1,
      "physicalDamageDealtPlayer": 117381,
      "magicDamageDealtPlayer": 4477,
      "physicalDamageTaken": 8508,
      "magicDamageTaken": 4698,
      "largestCriticalStrike": 830,
      "timePlayed": 1710,
      "totalHeal": 1676,
      "totalUnitsHealed": 3,
      "assists": 10,
      "item0": 1055,
      "item1": 3072,
      "item2": 3006,
      "item3": 3087,
      "item4": 1037,
      "item5": 1036,
      "item6": 3340,
      "magicDamageDealtToChampions": 1377,
      "physicalDamageDealtToChampions": 11544,
      "totalDamageDealtToChampions": 12998,
      "trueDamageDealtPlayer": 76,
      "trueDamageDealtToChampions": 76,
      "trueDamageTaken": 140,
      "wardPlaced": 5,
      "neutralMinionsKilledEnemyJungle": 6,
      "neutralMinionsKilledYourJungle": 3,
      "totalTimeCrowdControlDealt": 48
    }
  },
  "summonerCount": 10,
  "27799955": {
    "gameId": 818185857,
    "invalid": false,
    "gameMode": "CLASSIC",
    "gameType": "MATCHED_GAME",
    "subType": "RANKED_SOLO_5x5",
    "mapId": 1,
    "teamId": 200,
    "championId": 412,
    "spell1": 14,
    "spell2": 4,
    "level": 30,
    "ipEarned": 232,
    "createDate": 1398248235989,
    "fellowPlayers": [
      {
        "summonerId": 24299898,
        "teamId": 100,
        "championId": 99
      },
      {
        "summonerId": 19171671,
        "teamId": 100,
        "championId": 75
      },
      {
        "summonerId": 31156951,
        "teamId": 200,
        "championId": 56
      },
      {
        "summonerId": 27552709,
        "teamId": 200,
        "championId": 117
      },
      {
        "summonerId": 23195060,
        "teamId": 200,
        "championId": 80
      },
      {
        "summonerId": 27868261,
        "teamId": 200,
        "championId": 51
      },
      {
        "summonerId": 34513878,
        "teamId": 100,
        "championId": 222
      },
      {
        "summonerId": 25502361,
        "teamId": 100,
        "championId": 11
      },
      {
        "summonerId": 31424114,
        "teamId": 100,
        "championId": 55
      }
    ],
    "stats": {
      "level": 14,
      "goldEarned": 8113,
      "numDeaths": 3,
      "turretsKilled": 1,
      "minionsKilled": 29,
      "championsKilled": 2,
      "goldSpent": 6760,
      "totalDamageDealt": 27347,
      "totalDamageTaken": 11353,
      "team": 200,
      "win": true,
      "largestMultiKill": 1,
      "physicalDamageDealtPlayer": 9125,
      "magicDamageDealtPlayer": 17458,
      "physicalDamageTaken": 5593,
      "magicDamageTaken": 5148,
      "timePlayed": 1710,
      "totalHeal": 1383,
      "totalUnitsHealed": 3,
      "assists": 11,
      "item0": 3096,
      "item1": 3222,
      "item2": 3117,
      "item3": 1006,
      "item4": 3068,
      "item6": 3340,
      "sightWardsBought": 3,
      "magicDamageDealtToChampions": 5095,
      "physicalDamageDealtToChampions": 1205,
      "totalDamageDealtToChampions": 7064,
      "trueDamageDealtPlayer": 764,
      "trueDamageDealtToChampions": 764,
      "trueDamageTaken": 611,
      "wardPlaced": 13,
      "totalTimeCrowdControlDealt": 112
    }
  },
  "27552709": {
    "gameId": 818185857,
    "invalid": false,
    "gameMode": "CLASSIC",
    "gameType": "MATCHED_GAME",
    "subType": "RANKED_SOLO_5x5",
    "mapId": 1,
    "teamId": 200,
    "championId": 117,
    "spell1": 7,
    "spell2": 4,
    "level": 30,
    "ipEarned": 82,
    "createDate": 1398248235988,
    "fellowPlayers": [
      {
        "summonerId": 24299898,
        "teamId": 100,
        "championId": 99
      },
      {
        "summonerId": 19171671,
        "teamId": 100,
        "championId": 75
      },
      {
        "summonerId": 31156951,
        "teamId": 200,
        "championId": 56
      },
      {
        "summonerId": 27799955,
        "teamId": 200,
        "championId": 412
      },
      {
        "summonerId": 23195060,
        "teamId": 200,
        "championId": 80
      },
      {
        "summonerId": 27868261,
        "teamId": 200,
        "championId": 51
      },
      {
        "summonerId": 34513878,
        "teamId": 100,
        "championId": 222
      },
      {
        "summonerId": 25502361,
        "teamId": 100,
        "championId": 11
      },
      {
        "summonerId": 31424114,
        "teamId": 100,
        "championId": 55
      }
    ],
    "stats": {
      "level": 16,
      "goldEarned": 12262,
      "numDeaths": 2,
      "turretsKilled": 2,
      "minionsKilled": 181,
      "championsKilled": 7,
      "goldSpent": 8470,
      "totalDamageDealt": 123916,
      "totalDamageTaken": 15341,
      "doubleKills": 1,
      "tripleKills": 1,
      "killingSprees": 2,
      "largestKillingSpree": 4,
      "team": 200,
      "win": true,
      "neutralMinionsKilled": 6,
      "largestMultiKill": 3,
      "physicalDamageDealtPlayer": 21523,
      "magicDamageDealtPlayer": 102393,
      "physicalDamageTaken": 7681,
      "magicDamageTaken": 6980,
      "timePlayed": 1710,
      "totalHeal": 3058,
      "totalUnitsHealed": 2,
      "assists": 10,
      "item0": 1056,
      "item1": 3100,
      "item2": 3174,
      "item3": 1058,
      "item4": 1001,
      "item6": 3340,
      "sightWardsBought": 4,
      "magicDamageDealtToChampions": 11385,
      "physicalDamageDealtToChampions": 1767,
      "totalDamageDealtToChampions": 13153,
      "trueDamageTaken": 679,
      "wardPlaced": 14,
      "neutralMinionsKilledEnemyJungle": 3,
      "neutralMinionsKilledYourJungle": 3,
      "totalTimeCrowdControlDealt": 726
    }
  },
  "31156951": {
    "gameId": 818185857,
    "invalid": false,
    "gameMode": "CLASSIC",
    "gameType": "MATCHED_GAME",
    "subType": "RANKED_SOLO_5x5",
    "mapId": 1,
    "teamId": 200,
    "championId": 56,
    "spell1": 4,
    "spell2": 11,
    "level": 30,
    "ipEarned": 232,
    "createDate": 1398248235991,
    "fellowPlayers": [
      {
        "summonerId": 24299898,
        "teamId": 100,
        "championId": 99
      },
      {
        "summonerId": 19171671,
        "teamId": 100,
        "championId": 75
      },
      {
        "summonerId": 27552709,
        "teamId": 200,
        "championId": 117
      },
      {
        "summonerId": 27799955,
        "teamId": 200,
        "championId": 412
      },
      {
        "summonerId": 23195060,
        "teamId": 200,
        "championId": 80
      },
      {
        "summonerId": 27868261,
        "teamId": 200,
        "championId": 51
      },
      {
        "summonerId": 34513878,
        "teamId": 100,
        "championId": 222
      },
      {
        "summonerId": 25502361,
        "teamId": 100,
        "championId": 11
      },
      {
        "summonerId": 31424114,
        "teamId": 100,
        "championId": 55
      }
    ],
    "stats": {
      "level": 15,
      "goldEarned": 9339,
      "numDeaths": 2,
      "barracksKilled": 1,
      "turretsKilled": 1,
      "minionsKilled": 25,
      "championsKilled": 1,
      "goldSpent": 8680,
      "totalDamageDealt": 145811,
      "totalDamageTaken": 16850,
      "team": 200,
      "win": true,
      "neutralMinionsKilled": 101,
      "largestMultiKill": 1,
      "physicalDamageDealtPlayer": 108082,
      "magicDamageDealtPlayer": 24433,
      "physicalDamageTaken": 13591,
      "magicDamageTaken": 3118,
      "largestCriticalStrike": 486,
      "timePlayed": 1710,
      "totalHeal": 5578,
      "totalUnitsHealed": 1,
      "assists": 7,
      "item0": 3160,
      "item1": 3142,
      "item2": 3082,
      "item3": 1001,
      "item4": 1011,
      "item6": 3340,
      "magicDamageDealtToChampions": 633,
      "physicalDamageDealtToChampions": 4550,
      "totalDamageDealtToChampions": 5248,
      "trueDamageDealtPlayer": 13296,
      "trueDamageDealtToChampions": 64,
      "trueDamageTaken": 141,
      "wardPlaced": 10,
      "neutralMinionsKilledEnemyJungle": 14,
      "neutralMinionsKilledYourJungle": 87,
      "totalTimeCrowdControlDealt": 348
    }
  },
  "31424114": {
    "gameId": 818185857,
    "invalid": false,
    "gameMode": "CLASSIC",
    "gameType": "MATCHED_GAME",
    "subType": "RANKED_SOLO_5x5",
    "mapId": 1,
    "teamId": 100,
    "championId": 55,
    "spell1": 4,
    "spell2": 14,
    "level": 30,
    "ipEarned": 55,
    "createDate": 1398248235983,
    "fellowPlayers": [
      {
        "summonerId": 24299898,
        "teamId": 100,
        "championId": 99
      },
      {
        "summonerId": 19171671,
        "teamId": 100,
        "championId": 75
      },
      {
        "summonerId": 31156951,
        "teamId": 200,
        "championId": 56
      },
      {
        "summonerId": 27552709,
        "teamId": 200,
        "championId": 117
      },
      {
        "summonerId": 27799955,
        "teamId": 200,
        "championId": 412
      },
      {
        "summonerId": 23195060,
        "teamId": 200,
        "championId": 80
      },
      {
        "summonerId": 27868261,
        "teamId": 200,
        "championId": 51
      },
      {
        "summonerId": 34513878,
        "teamId": 100,
        "championId": 222
      },
      {
        "summonerId": 25502361,
        "teamId": 100,
        "championId": 11
      }
    ],
    "stats": {
      "level": 13,
      "goldEarned": 8839,
      "numDeaths": 7,
      "minionsKilled": 140,
      "championsKilled": 6,
      "goldSpent": 9080,
      "totalDamageDealt": 77642,
      "totalDamageTaken": 16222,
      "doubleKills": 2,
      "killingSprees": 3,
      "largestKillingSpree": 2,
      "team": 100,
      "win": false,
      "largestMultiKill": 2,
      "physicalDamageDealtPlayer": 5271,
      "magicDamageDealtPlayer": 71417,
      "physicalDamageTaken": 9236,
      "magicDamageTaken": 6263,
      "timePlayed": 1710,
      "totalHeal": 778,
      "totalUnitsHealed": 1,
      "assists": 1,
      "item0": 3089,
      "item1": 3255,
      "item2": 3108,
      "item3": 1026,
      "item4": 3136,
      "item6": 3340,
      "sightWardsBought": 1,
      "magicDamageDealtToChampions": 13107,
      "physicalDamageDealtToChampions": 570,
      "totalDamageDealtToChampions": 14631,
      "trueDamageDealtPlayer": 953,
      "trueDamageDealtToChampions": 953,
      "trueDamageTaken": 722,
      "wardPlaced": 8
    }
  },
  "23195060": {
    "gameId": 818185857,
    "invalid": false,
    "gameMode": "CLASSIC",
    "gameType": "MATCHED_GAME",
    "subType": "RANKED_SOLO_5x5",
    "mapId": 1,
    "teamId": 200,
    "championId": 80,
    "spell1": 4,
    "spell2": 14,
    "level": 30,
    "ipEarned": 82,
    "createDate": 1398248235992,
    "fellowPlayers": [
      {
        "summonerId": 24299898,
        "teamId": 100,
        "championId": 99
      },
      {
        "summonerId": 19171671,
        "teamId": 100,
        "championId": 75
      },
      {
        "summonerId": 31156951,
        "teamId": 200,
        "championId": 56
      },
      {
        "summonerId": 27552709,
        "teamId": 200,
        "championId": 117
      },
      {
        "summonerId": 27799955,
        "teamId": 200,
        "championId": 412
      },
      {
        "summonerId": 27868261,
        "teamId": 200,
        "championId": 51
      },
      {
        "summonerId": 34513878,
        "teamId": 100,
        "championId": 222
      },
      {
        "summonerId": 25502361,
        "teamId": 100,
        "championId": 11
      },
      {
        "summonerId": 31424114,
        "teamId": 100,
        "championId": 55
      }
    ],
    "stats": {
      "level": 15,
      "goldEarned": 12779,
      "numDeaths": 2,
      "turretsKilled": 3,
      "minionsKilled": 109,
      "championsKilled": 16,
      "goldSpent": 11015,
      "totalDamageDealt": 104777,
      "totalDamageTaken": 20929,
      "doubleKills": 2,
      "killingSprees": 2,
      "largestKillingSpree": 11,
      "team": 200,
      "win": true,
      "largestMultiKill": 2,
      "physicalDamageDealtPlayer": 81433,
      "magicDamageDealtPlayer": 21811,
      "physicalDamageTaken": 13147,
      "magicDamageTaken": 6872,
      "largestCriticalStrike": 763,
      "timePlayed": 1710,
      "assists": 9,
      "item0": 3068,
      "item1": 2041,
      "item2": 3156,
      "item3": 3071,
      "item4": 3270,
      "item6": 3340,
      "sightWardsBought": 4,
      "magicDamageDealtToChampions": 3845,
      "physicalDamageDealtToChampions": 20239,
      "totalDamageDealtToChampions": 25103,
      "trueDamageDealtPlayer": 1532,
      "trueDamageDealtToChampions": 1018,
      "trueDamageTaken": 909,
      "wardPlaced": 13,
      "totalTimeCrowdControlDealt": 147
    }
  },
  "24299898": {
    "gameId": 818185857,
    "invalid": false,
    "gameMode": "CLASSIC",
    "gameType": "MATCHED_GAME",
    "subType": "RANKED_SOLO_5x5",
    "mapId": 1,
    "teamId": 100,
    "championId": 99,
    "spell1": 4,
    "spell2": 7,
    "level": 30,
    "ipEarned": 55,
    "createDate": 1398248235986,
    "fellowPlayers": [
      {
        "summonerId": 19171671,
        "teamId": 100,
        "championId": 75
      },
      {
        "summonerId": 31156951,
        "teamId": 200,
        "championId": 56
      },
      {
        "summonerId": 27552709,
        "teamId": 200,
        "championId": 117
      },
      {
        "summonerId": 27799955,
        "teamId": 200,
        "championId": 412
      },
      {
        "summonerId": 23195060,
        "teamId": 200,
        "championId": 80
      },
      {
        "summonerId": 27868261,
        "teamId": 200,
        "championId": 51
      },
      {
        "summonerId": 34513878,
        "teamId": 100,
        "championId": 222
      },
      {
        "summonerId": 25502361,
        "teamId": 100,
        "championId": 11
      },
      {
        "summonerId": 31424114,
        "teamId": 100,
        "championId": 55
      }
    ],
    "stats": {
      "level": 12,
      "goldEarned": 6810,
      "numDeaths": 7,
      "minionsKilled": 31,
      "goldSpent": 6900,
      "totalDamageDealt": 31781,
      "totalDamageTaken": 14164,
      "team": 100,
      "win": false,
      "neutralMinionsKilled": 2,
      "physicalDamageDealtPlayer": 5237,
      "magicDamageDealtPlayer": 26543,
      "physicalDamageTaken": 8226,
      "magicDamageTaken": 5875,
      "timePlayed": 1710,
      "totalHeal": 1532,
      "totalUnitsHealed": 2,
      "assists": 3,
      "item0": 3275,
      "item1": 3092,
      "item2": 2004,
      "item3": 3135,
      "item6": 3340,
      "sightWardsBought": 1,
      "magicDamageDealtToChampions": 8701,
      "physicalDamageDealtToChampions": 1213,
      "totalDamageDealtToChampions": 9915,
      "trueDamageTaken": 62,
      "wardPlaced": 7,
      "neutralMinionsKilledYourJungle": 2,
      "totalTimeCrowdControlDealt": 121
    }
  },
  "25502361": {
    "gameId": 818185857,
    "invalid": false,
    "gameMode": "CLASSIC",
    "gameType": "MATCHED_GAME",
    "subType": "RANKED_SOLO_5x5",
    "mapId": 1,
    "teamId": 100,
    "championId": 11,
    "spell1": 4,
    "spell2": 11,
    "level": 30,
    "ipEarned": 55,
    "createDate": 1398248235984,
    "fellowPlayers": [
      {
        "summonerId": 24299898,
        "teamId": 100,
        "championId": 99
      },
      {
        "summonerId": 19171671,
        "teamId": 100,
        "championId": 75
      },
      {
        "summonerId": 31156951,
        "teamId": 200,
        "championId": 56
      },
      {
        "summonerId": 27552709,
        "teamId": 200,
        "championId": 117
      },
      {
        "summonerId": 27799955,
        "teamId": 200,
        "championId": 412
      },
      {
        "summonerId": 23195060,
        "teamId": 200,
        "championId": 80
      },
      {
        "summonerId": 27868261,
        "teamId": 200,
        "championId": 51
      },
      {
        "summonerId": 34513878,
        "teamId": 100,
        "championId": 222
      },
      {
        "summonerId": 31424114,
        "teamId": 100,
        "championId": 55
      }
    ],
    "stats": {
      "level": 14,
      "goldEarned": 7965,
      "numDeaths": 6,
      "turretsKilled": 1,
      "minionsKilled": 55,
      "championsKilled": 1,
      "goldSpent": 7587,
      "totalDamageDealt": 134814,
      "totalDamageTaken": 20957,
      "team": 100,
      "win": false,
      "neutralMinionsKilled": 84,
      "largestMultiKill": 1,
      "physicalDamageDealtPlayer": 95928,
      "magicDamageDealtPlayer": 19391,
      "physicalDamageTaken": 17192,
      "magicDamageTaken": 3494,
      "timePlayed": 1710,
      "totalHeal": 2524,
      "totalUnitsHealed": 1,
      "assists": 1,
      "item0": 3153,
      "item1": 3160,
      "item2": 2003,
      "item3": 3006,
      "item4": 3134,
      "item6": 3340,
      "magicDamageDealtToChampions": 58,
      "physicalDamageDealtToChampions": 3631,
      "totalDamageDealtToChampions": 4470,
      "trueDamageDealtPlayer": 19494,
      "trueDamageDealtToChampions": 781,
      "trueDamageTaken": 270,
      "wardPlaced": 7,
      "neutralMinionsKilledEnemyJungle": 6,
      "neutralMinionsKilledYourJungle": 78,
      "totalTimeCrowdControlDealt": 284
    }
  },
  "19171671": {
    "gameId": 818185857,
    "invalid": false,
    "gameMode": "CLASSIC",
    "gameType": "MATCHED_GAME",
    "subType": "RANKED_SOLO_5x5",
    "mapId": 1,
    "teamId": 100,
    "championId": 75,
    "spell1": 4,
    "spell2": 12,
    "level": 30,
    "ipEarned": 55,
    "createDate": 1398248235982,
    "fellowPlayers": [
      {
        "summonerId": 24299898,
        "teamId": 100,
        "championId": 99
      },
      {
        "summonerId": 31156951,
        "teamId": 200,
        "championId": 56
      },
      {
        "summonerId": 27552709,
        "teamId": 200,
        "championId": 117
      },
      {
        "summonerId": 27799955,
        "teamId": 200,
        "championId": 412
      },
      {
        "summonerId": 23195060,
        "teamId": 200,
        "championId": 80
      },
      {
        "summonerId": 27868261,
        "teamId": 200,
        "championId": 51
      },
      {
        "summonerId": 34513878,
        "teamId": 100,
        "championId": 222
      },
      {
        "summonerId": 25502361,
        "teamId": 100,
        "championId": 11
      },
      {
        "summonerId": 31424114,
        "teamId": 100,
        "championId": 55
      }
    ],
    "stats": {
      "level": 15,
      "goldEarned": 8331,
      "numDeaths": 5,
      "turretsKilled": 1,
      "minionsKilled": 163,
      "championsKilled": 1,
      "goldSpent": 8163,
      "totalDamageDealt": 106818,
      "totalDamageTaken": 18449,
      "team": 100,
      "win": false,
      "neutralMinionsKilled": 12,
      "largestMultiKill": 1,
      "physicalDamageDealtPlayer": 73404,
      "magicDamageDealtPlayer": 33057,
      "physicalDamageTaken": 14692,
      "magicDamageTaken": 3160,
      "largestCriticalStrike": 917,
      "timePlayed": 1710,
      "totalHeal": 121,
      "totalUnitsHealed": 1,
      "assists": 1,
      "item0": 1054,
      "item1": 3110,
      "item2": 3009,
      "item3": 3078,
      "item6": 3340,
      "magicDamageDealtToChampions": 3328,
      "physicalDamageDealtToChampions": 2204,
      "totalDamageDealtToChampions": 5588,
      "trueDamageDealtPlayer": 356,
      "trueDamageDealtToChampions": 56,
      "trueDamageTaken": 596,
      "wardPlaced": 4,
      "neutralMinionsKilledEnemyJungle": 2,
      "neutralMinionsKilledYourJungle": 10,
      "totalTimeCrowdControlDealt": 1410
    }
  },
  "27868261": {
    "gameId": 818185857,
    "invalid": false,
    "gameMode": "CLASSIC",
    "gameType": "MATCHED_GAME",
    "subType": "RANKED_SOLO_5x5",
    "mapId": 1,
    "teamId": 200,
    "championId": 51,
    "spell1": 4,
    "spell2": 7,
    "level": 30,
    "ipEarned": 232,
    "createDate": 1398248235990,
    "fellowPlayers": [
      {
        "summonerId": 24299898,
        "teamId": 100,
        "championId": 99
      },
      {
        "summonerId": 19171671,
        "teamId": 100,
        "championId": 75
      },
      {
        "summonerId": 31156951,
        "teamId": 200,
        "championId": 56
      },
      {
        "summonerId": 27552709,
        "teamId": 200,
        "championId": 117
      },
      {
        "summonerId": 27799955,
        "teamId": 200,
        "championId": 412
      },
      {
        "summonerId": 23195060,
        "teamId": 200,
        "championId": 80
      },
      {
        "summonerId": 34513878,
        "teamId": 100,
        "championId": 222
      },
      {
        "summonerId": 25502361,
        "teamId": 100,
        "championId": 11
      },
      {
        "summonerId": 31424114,
        "teamId": 100,
        "championId": 55
      }
    ],
    "stats": {
      "level": 15,
      "goldEarned": 11304,
      "numDeaths": 1,
      "barracksKilled": 1,
      "turretsKilled": 1,
      "minionsKilled": 169,
      "championsKilled": 5,
      "goldSpent": 8310,
      "totalDamageDealt": 121935,
      "totalDamageTaken": 13346,
      "killingSprees": 1,
      "largestKillingSpree": 5,
      "team": 200,
      "win": true,
      "neutralMinionsKilled": 9,
      "largestMultiKill": 1,
      "physicalDamageDealtPlayer": 117381,
      "magicDamageDealtPlayer": 4477,
      "physicalDamageTaken": 8508,
      "magicDamageTaken": 4698,
      "largestCriticalStrike": 830,
      "timePlayed": 1710,
      "totalHeal": 1676,
      "totalUnitsHealed": 3,
      "assists": 10,
      "item0": 1055,
      "item1": 3072,
      "item2": 3006,
      "item3": 3087,
      "item4": 1037,
      "item5": 1036,
      "item6": 3340,
      "magicDamageDealtToChampions": 1377,
      "physicalDamageDealtToChampions": 11544,
      "totalDamageDealtToChampions": 12998,
      "trueDamageDealtPlayer": 76,
      "trueDamageDealtToChampions": 76,
      "trueDamageTaken": 140,
      "wardPlaced": 5,
      "neutralMinionsKilledEnemyJungle": 6,
      "neutralMinionsKilledYourJungle": 3,
      "totalTimeCrowdControlDealt": 48
    }
  }
}