{
  "27099485": {
    "gameId": 818161173,
    "invalid": false,
    "gameMode": "CLASSIC",
    "gameType": "MATCHED_GAME",
    "subType": "RANKED_SOLO_5x5",
    "mapId": 1,
    "teamId": 200,
    "championId": 98,
    "spell1": 4,
    "spell2": 14,
    "level": 30,
    "ipEarned": 67,
    "createDate": 1398243226982,
    "fellowPlayers": [
      {
        "summonerId": 32276509,
        "teamId": 100,
        "championId": 76
      },
      {
        "summonerId": 34106219,
        "teamId": 200,
        "championId": 18
      },
      {
        "summonerId": 20104195,
        "teamId": 200,
        "championId": 157
      },
      {
        "summonerId": 39535769,
        "teamId": 200,
        "championId": 25
      },
      {
        "summonerId": 38706365,
        "teamId": 100,
        "championId": 58
      },
      {
        "summonerId": 38655829,
        "teamId": 100,
        "championId": 53
      },
      {
        "summonerId": 35635064,
        "teamId": 100,
        "championId": 121
      },
      {
        "summonerId": 32568981,
        "teamId": 100,
        "championId": 222
      },
      {
        "summonerId": 34816087,
        "teamId": 200,
        "championId": 62
      }
    ],
    "stats": {
      "level": 16,
      "goldEarned": 10057,
      "numDeaths": 5,
      "minionsKilled": 124,
      "championsKilled": 5,
      "goldSpent": 10360,
      "totalDamageDealt": 56551,
      "totalDamageTaken": 26036,
      "killingSprees": 1,
      "largestKillingSpree": 2,
      "team": 200,
      "win": false,
      "largestMultiKill": 1,
      "physicalDamageDealtPlayer": 22871,
      "magicDamageDealtPlayer": 31815,
      "physicalDamageTaken": 14321,
      "magicDamageTaken": 10790,
      "timePlayed": 2186,
      "totalHeal": 247,
      "totalUnitsHealed": 1,
      "assists": 9,
      "item0": 3143,
      "item1": 1028,
      "item2": 3260,
      "item3": 3211,
      "item4": 1054,
      "item5": 3068,
      "item6": 3340,
      "sightWardsBought": 2,
      "magicDamageDealtToChampions": 9817,
      "physicalDamageDealtToChampions": 2436,
      "totalDamageDealtToChampions": 14084,
      "trueDamageDealtPlayer": 1864,
      "trueDamageDealtToChampions": 1830,
      "trueDamageTaken": 924,
      "wardPlaced": 7,
      "totalTimeCrowdControlDealt": 262
    }
  },
  "summonerCount": 10,
  "32276509": {
    "gameId": 818161173,
    "invalid": false,
    "gameMode": "CLASSIC",
    "gameType": "MATCHED_GAME",
    "subType": "RANKED_SOLO_5x5",
    "mapId": 1,
    "teamId": 100,
    "championId": 76,
    "spell1": 4,
    "spell2": 14,
    "level": 30,
    "ipEarned": 101,
    "createDate": 1398243226970,
    "fellowPlayers": [
      {
        "summonerId": 34106219,
        "teamId": 200,
        "championId": 18
      },
      {
        "summonerId": 20104195,
        "teamId": 200,
        "championId": 157
      },
      {
        "summonerId": 27099485,
        "teamId": 200,
        "championId": 98
      },
      {
        "summonerId": 39535769,
        "teamId": 200,
        "championId": 25
      },
      {
        "summonerId": 38706365,
        "teamId": 100,
        "championId": 58
      },
      {
        "summonerId": 38655829,
        "teamId": 100,
        "championId": 53
      },
      {
        "summonerId": 35635064,
        "teamId": 100,
        "championId": 121
      },
      {
        "summonerId": 32568981,
        "teamId": 100,
        "championId": 222
      },
      {
        "summonerId": 34816087,
        "teamId": 200,
        "championId": 62
      }
    ],
    "stats": {
      "level": 17,
      "goldEarned": 13471,
      "numDeaths": 5,
      "turretsKilled": 1,
      "minionsKilled": 126,
      "championsKilled": 9,
      "goldSpent": 11920,
      "totalDamageDealt": 107067,
      "totalDamageTaken": 18584,
      "doubleKills": 1,
      "killingSprees": 2,
      "largestKillingSpree": 5,
      "team": 100,
      "win": true,
      "neutralMinionsKilled": 8,
      "largestMultiKill": 2,
      "physicalDamageDealtPlayer": 31443,
      "magicDamageDealtPlayer": 74591,
      "physicalDamageTaken": 14213,
      "magicDamageTaken": 3724,
      "timePlayed": 2186,
      "totalHeal": 8345,
      "totalUnitsHealed": 5,
      "assists": 11,
      "item0": 2004,
      "item1": 3003,
      "item2": 3157,
      "item3": 3089,
      "item4": 3020,
      "item5": 1026,
      "magicDamageDealtToChampions": 25258,
      "physicalDamageDealtToChampions": 4192,
      "totalDamageDealtToChampions": 30484,
      "trueDamageDealtPlayer": 1033,
      "trueDamageDealtToChampions": 1033,
      "trueDamageTaken": 647,
      "neutralMinionsKilledEnemyJungle": 1,
      "neutralMinionsKilledYourJungle": 7
    }
  },
  "34106219": {
    "gameId": 818161173,
    "invalid": false,
    "gameMode": "CLASSIC",
    "gameType": "MATCHED_GAME",
    "subType": "RANKED_SOLO_5x5",
    "mapId": 1,
    "teamId": 200,
    "championId": 18,
    "spell1": 4,
    "spell2": 21,
    "level": 30,
    "ipEarned": 67,
    "createDate": 1398243226983,
    "fellowPlayers": [
      {
        "summonerId": 32276509,
        "teamId": 100,
        "championId": 76
      },
      {
        "summonerId": 20104195,
        "teamId": 200,
        "championId": 157
      },
      {
        "summonerId": 27099485,
        "teamId": 200,
        "championId": 98
      },
      {
        "summonerId": 39535769,
        "teamId": 200,
        "championId": 25
      },
      {
        "summonerId": 38706365,
        "teamId": 100,
        "championId": 58
      },
      {
        "summonerId": 38655829,
        "teamId": 100,
        "championId": 53
      },
      {
        "summonerId": 35635064,
        "teamId": 100,
        "championId": 121
      },
      {
        "summonerId": 32568981,
        "teamId": 100,
        "championId": 222
      },
      {
        "summonerId": 34816087,
        "teamId": 200,
        "championId": 62
      }
    ],
    "stats": {
      "level": 17,
      "goldEarned": 13232,
      "numDeaths": 7,
      "turretsKilled": 1,
      "minionsKilled": 179,
      "championsKilled": 11,
      "goldSpent": 12970,
      "totalDamageDealt": 149360,
      "totalDamageTaken": 33227,
      "killingSprees": 3,
      "largestKillingSpree": 5,
      "team": 200,
      "win": false,
      "neutralMinionsKilled": 11,
      "largestMultiKill": 1,
      "physicalDamageDealtPlayer": 114402,
      "magicDamageDealtPlayer": 34364,
      "physicalDamageTaken": 23359,
      "magicDamageTaken": 9428,
      "largestCriticalStrike": 515,
      "timePlayed": 2186,
      "totalHeal": 1453,
      "totalUnitsHealed": 1,
      "assists": 7,
      "item0": 3252,
      "item1": 3046,
      "item2": 3031,
      "item3": 3072,
      "item4": 1031,
      "item5": 1055,
      "item6": 3340,
      "sightWardsBought": 1,
      "magicDamageDealtToChampions": 7094,
      "physicalDamageDealtToChampions": 22350,
      "totalDamageDealtToChampions": 29661,
      "trueDamageDealtPlayer": 594,
      "trueDamageDealtToChampions": 216,
      "trueDamageTaken": 439,
      "wardKilled": 1,
      "wardPlaced": 11,
      "neutralMinionsKilledEnemyJungle": 2,
      "neutralMinionsKilledYourJungle": 9,
      "totalTimeCrowdControlDealt": 208
    }
  },
  "35635064": {
    "gameId": 818161173,
    "invalid": false,
    "gameMode": "CLASSIC",
    "gameType": "MATCHED_GAME",
    "subType": "RANKED_SOLO_5x5",
    "mapId": 1,
    "teamId": 100,
    "championId": 121,
    "spell1": 4,
    "spell2": 11,
    "level": 30,
    "ipEarned": 101,
    "createDate": 1398243226972,
    "fellowPlayers": [
      {
        "summonerId": 32276509,
        "teamId": 100,
        "championId": 76
      },
      {
        "summonerId": 34106219,
        "teamId": 200,
        "championId": 18
      },
      {
        "summonerId": 20104195,
        "teamId": 200,
        "championId": 157
      },
      {
        "summonerId": 27099485,
        "teamId": 200,
        "championId": 98
      },
      {
        "summonerId": 39535769,
        "teamId": 200,
        "championId": 25
      },
      {
        "summonerId": 38706365,
        "teamId": 100,
        "championId": 58
      },
      {
        "summonerId": 38655829,
        "teamId": 100,
        "championId": 53
      },
      {
        "summonerId": 32568981,
        "teamId": 100,
        "championId": 222
      },
      {
        "summonerId": 34816087,
        "teamId": 200,
        "championId": 62
      }
    ],
    "stats": {
      "level": 18,
      "goldEarned": 15522,
      "numDeaths": 7,
      "barracksKilled": 1,
      "minionsKilled": 53,
      "championsKilled": 12,
      "goldSpent": 14935,
      "totalDamageDealt": 231335,
      "totalDamageTaken": 35728,
      "doubleKills": 3,
      "killingSprees": 2,
      "largestKillingSpree": 6,
      "team": 100,
      "win": true,
      "neutralMinionsKilled": 122,
      "largestMultiKill": 2,
      "physicalDamageDealtPlayer": 205967,
      "magicDamageDealtPlayer": 1770,
      "physicalDamageTaken": 28080,
      "magicDamageTaken": 6268,
      "timePlayed": 2186,
      "totalHeal": 11761,
      "totalUnitsHealed": 1,
      "assists": 6,
      "item0": 3074,
      "item1": 3209,
      "item2": 3158,
      "item3": 3035,
      "item4": 3026,
      "item5": 3156,
      "item6": 3340,
      "magicDamageDealtToChampions": 1135,
      "physicalDamageDealtToChampions": 19120,
      "totalDamageDealtToChampions": 22007,
      "trueDamageDealtPlayer": 23596,
      "trueDamageDealtToChampions": 1752,
      "trueDamageTaken": 1379,
      "wardPlaced": 5,
      "neutralMinionsKilledEnemyJungle": 23,
      "neutralMinionsKilledYourJungle": 99,
      "totalTimeCrowdControlDealt": 721
    }
  },
  "20104195": {
    "gameId": 818161173,
    "invalid": false,
    "gameMode": "CLASSIC",
    "gameType": "MATCHED_GAME",
    "subType": "RANKED_SOLO_5x5",
    "mapId": 1,
    "teamId": 200,
    "championId": 157,
    "spell1": 14,
    "spell2": 4,
    "level": 30,
    "ipEarned": 67,
    "createDate": 1398243226973,
    "fellowPlayers": [
      {
        "summonerId": 32276509,
        "teamId": 100,
        "championId": 76
      },
      {
        "summonerId": 34106219,
        "teamId": 200,
        "championId": 18
      },
      {
        "summonerId": 27099485,
        "teamId": 200,
        "championId": 98
      },
      {
        "summonerId": 39535769,
        "teamId": 200,
        "championId": 25
      },
      {
        "summonerId": 38706365,
        "teamId": 100,
        "championId": 58
      },
      {
        "summonerId": 38655829,
        "teamId": 100,
        "championId": 53
      },
      {
        "summonerId": 35635064,
        "teamId": 100,
        "championId": 121
      },
      {
        "summonerId": 32568981,
        "teamId": 100,
        "championId": 222
      },
      {
        "summonerId": 34816087,
        "teamId": 200,
        "championId": 62
      }
    ],
    "stats": {
      "level": 17,
      "goldEarned": 12491,
      "numDeaths": 6,
      "minionsKilled": 203,
      "championsKilled": 7,
      "goldSpent": 12115,
      "totalDamageDealt": 165812,
      "totalDamageTaken": 25628,
      "doubleKills": 1,
      "killingSprees": 1,
      "largestKillingSpree": 4,
      "team": 200,
      "win": false,
      "neutralMinionsKilled": 20,
      "largestMultiKill": 2,
      "physicalDamageDealtPlayer": 135600,
      "magicDamageDealtPlayer": 28625,
      "physicalDamageTaken": 15627,
      "magicDamageTaken": 9148,
      "largestCriticalStrike": 622,
      "timePlayed": 2186,
      "totalHeal": 1889,
      "totalUnitsHealed": 1,
      "assists": 6,
      "item0": 3153,
      "item1": 1055,
      "item2": 3087,
      "item3": 3006,
      "item4": 3031,
      "item5": 1037,
      "item6": 3340,
      "sightWardsBought": 3,
      "magicDamageDealtToChampions": 4472,
      "physicalDamageDealtToChampions": 16130,
      "totalDamageDealtToChampions": 21763,
      "trueDamageDealtPlayer": 1586,
      "trueDamageDealtToChampions": 1160,
      "trueDamageTaken": 852,
      "wardPlaced": 18,
      "neutralMinionsKilledEnemyJungle": 1,
      "neutralMinionsKilledYourJungle": 19,
      "totalTimeCrowdControlDealt": 222
    }
  },
  "34816087": {
    "gameId": 818161173,
    "invalid": false,
    "gameMode": "CLASSIC",
    "gameType": "MATCHED_GAME",
    "subType": "RANKED_SOLO_5x5",
    "mapId": 1,
    "teamId": 200,
    "championId": 62,
    "spell1": 4,
    "spell2": 11,
    "level": 30,
    "ipEarned": 67,
    "createDate": 1398243226974,
    "fellowPlayers": [
      {
        "summonerId": 32276509,
        "teamId": 100,
        "championId": 76
      },
      {
        "summonerId": 34106219,
        "teamId": 200,
        "championId": 18
      },
      {
        "summonerId": 20104195,
        "teamId": 200,
        "championId": 157
      },
      {
        "summonerId": 27099485,
        "teamId": 200,
        "championId": 98
      },
      {
        "summonerId": 39535769,
        "teamId": 200,
        "championId": 25
      },
      {
        "summonerId": 38706365,
        "teamId": 100,
        "championId": 58
      },
      {
        "summonerId": 38655829,
        "teamId": 100,
        "championId": 53
      },
      {
        "summonerId": 35635064,
        "teamId": 100,
        "championId": 121
      },
      {
        "summonerId": 32568981,
        "teamId": 100,
        "championId": 222
      }
    ],
    "stats": {
      "level": 15,
      "goldEarned": 8880,
      "numDeaths": 11,
      "turretsKilled": 1,
      "minionsKilled": 65,
      "championsKilled": 2,
      "goldSpent": 9180,
      "totalDamageDealt": 133946,
      "totalDamageTaken": 34409,
      "team": 200,
      "win": false,
      "neutralMinionsKilled": 71,
      "largestMultiKill": 1,
      "physicalDamageDealtPlayer": 121784,
      "magicDamageDealtPlayer": 4160,
      "physicalDamageTaken": 22406,
      "magicDamageTaken": 10439,
      "timePlayed": 2186,
      "totalHeal": 4601,
      "totalUnitsHealed": 1,
      "assists": 6,
      "item0": 3143,
      "item2": 3074,
      "item3": 2003,
      "item4": 3260,
      "item6": 3340,
      "sightWardsBought": 1,
      "magicDamageDealtToChampions": 717,
      "physicalDamageDealtToChampions": 16764,
      "totalDamageDealtToChampions": 18153,
      "trueDamageDealtPlayer": 8002,
      "trueDamageDealtToChampions": 672,
      "trueDamageTaken": 1562,
      "wardPlaced": 7,
      "neutralMinionsKilledEnemyJungle": 10,
      "neutralMinionsKilledYourJungle": 61,
      "totalTimeCrowdControlDealt": 213
    }
  },
  "38655829": {
    "gameId": 818161173,
    "invalid": false,
    "gameMode": "CLASSIC",
    "gameType": "MATCHED_GAME",
    "subType": "RANKED_SOLO_5x5",
    "mapId": 1,
    "teamId": 100,
    "championId": 53,
    "spell1": 7,
    "spell2": 4,
    "level": 30,
    "ipEarned": 101,
    "createDate": 1398243226969,
    "fellowPlayers": [
      {
        "summonerId": 32276509,
        "teamId": 100,
        "championId": 76
      },
      {
        "summonerId": 34106219,
        "teamId": 200,
        "championId": 18
      },
      {
        "summonerId": 20104195,
        "teamId": 200,
        "championId": 157
      },
      {
        "summonerId": 27099485,
        "teamId": 200,
        "championId": 98
      },
      {
        "summonerId": 39535769,
        "teamId": 200,
        "championId": 25
      },
      {
        "summonerId": 38706365,
        "teamId": 100,
        "championId": 58
      },
      {
        "summonerId": 35635064,
        "teamId": 100,
        "championId": 121
      },
      {
        "summonerId": 32568981,
        "teamId": 100,
        "championId": 222
      },
      {
        "summonerId": 34816087,
        "teamId": 200,
        "championId": 62
      }
    ],
    "stats": {
      "level": 16,
      "goldEarned": 11600,
      "numDeaths": 6,
      "minionsKilled": 48,
      "championsKilled": 2,
      "goldSpent": 9260,
      "totalDamageDealt": 41624,
      "totalDamageTaken": 24131,
      "team": 100,
      "win": true,
      "neutralMinionsKilled": 1,
      "largestMultiKill": 1,
      "physicalDamageDealtPlayer": 6871,
      "magicDamageDealtPlayer": 34752,
      "physicalDamageTaken": 15012,
      "magicDamageTaken": 8813,
      "timePlayed": 2186,
      "totalHeal": 2803,
      "totalUnitsHealed": 3,
      "assists": 22,
      "item0": 3117,
      "item1": 2049,
      "item2": 3069,
      "item3": 3110,
      "item4": 3102,
      "item6": 3341,
      "sightWardsBought": 1,
      "magicDamageDealtToChampions": 9464,
      "physicalDamageDealtToChampions": 2645,
      "totalDamageDealtToChampions": 12109,
      "trueDamageTaken": 305,
      "wardKilled": 4,
      "wardPlaced": 15,
      "neutralMinionsKilledEnemyJungle": 1,
      "totalTimeCrowdControlDealt": 620
    }
  },
  "39535769": {
    "gameId": 818161173,
    "invalid": false,
    "gameMode": "CLASSIC",
    "gameType": "MATCHED_GAME",
    "subType": "RANKED_SOLO_5x5",
    "mapId": 1,
    "teamId": 200,
    "championId": 25,
    "spell1": 4,
    "spell2": 7,
    "level": 30,
    "ipEarned": 67,
    "createDate": 1398243226980,
    "fellowPlayers": [
      {
        "summonerId": 32276509,
        "teamId": 100,
        "championId": 76
      },
      {
        "summonerId": 34106219,
        "teamId": 200,
        "championId": 18
      },
      {
        "summonerId": 20104195,
        "teamId": 200,
        "championId": 157
      },
      {
        "summonerId": 27099485,
        "teamId": 200,
        "championId": 98
      },
      {
        "summonerId": 38706365,
        "teamId": 100,
        "championId": 58
      },
      {
        "summonerId": 38655829,
        "teamId": 100,
        "championId": 53
      },
      {
        "summonerId": 35635064,
        "teamId": 100,
        "championId": 121
      },
      {
        "summonerId": 32568981,
        "teamId": 100,
        "championId": 222
      },
      {
        "summonerId": 34816087,
        "teamId": 200,
        "championId": 62
      }
    ],
    "stats": {
      "level": 14,
      "goldEarned": 9269,
      "numDeaths": 9,
      "minionsKilled": 62,
      "championsKilled": 3,
      "goldSpent": 8995,
      "totalDamageDealt": 59440,
      "totalDamageTaken": 28327,
      "killingSprees": 1,
      "largestKillingSpree": 3,
      "team": 200,
      "win": false,
      "largestMultiKill": 1,
      "physicalDamageDealtPlayer": 9300,
      "magicDamageDealtPlayer": 50140,
      "physicalDamageTaken": 19342,
      "magicDamageTaken": 8588,
      "timePlayed": 2186,
      "totalHeal": 3180,
      "totalUnitsHealed": 3,
      "assists": 10,
      "item0": 2049,
      "item1": 3157,
      "item2": 1052,
      "item3": 3020,
      "item4": 3303,
      "item5": 3152,
      "item6": 3340,
      "sightWardsBought": 2,
      "magicDamageDealtToChampions": 16336,
      "physicalDamageDealtToChampions": 1260,
      "totalDamageDealtToChampions": 17596,
      "trueDamageTaken": 396,
      "wardPlaced": 13,
      "totalTimeCrowdControlDealt": 151
    }
  },
  "38706365": {
    "gameId": 818161173,
    "invalid": false,
    "gameMode": "CLASSIC",
    "gameType": "MATCHED_GAME",
    "subType": "RANKED_SOLO_5x5",
    "mapId": 1,
    "teamId": 100,
    "championId": 58,
    "spell1": 14,
    "spell2": 4,
    "level": 30,
    "ipEarned": 101,
    "createDate": 1398243226966,
    "fellowPlayers": [
      {
        "summonerId": 32276509,
        "teamId": 100,
        "championId": 76
      },
      {
        "summonerId": 34106219,
        "teamId": 200,
        "championId": 18
      },
      {
        "summonerId": 20104195,
        "teamId": 200,
        "championId": 157
      },
      {
        "summonerId": 27099485,
        "teamId": 200,
        "championId": 98
      },
      {
        "summonerId": 39535769,
        "teamId": 200,
        "championId": 25
      },
      {
        "summonerId": 38655829,
        "teamId": 100,
        "championId": 53
      },
      {
        "summonerId": 35635064,
        "teamId": 100,
        "championId": 121
      },
      {
        "summonerId": 32568981,
        "teamId": 100,
        "championId": 222
      },
      {
        "summonerId": 34816087,
        "teamId": 200,
        "championId": 62
      }
    ],
    "stats": {
      "level": 18,
      "goldEarned": 13154,
      "numDeaths": 4,
      "turretsKilled": 1,
      "minionsKilled": 187,
      "championsKilled": 4,
      "goldSpent": 11987,
      "totalDamageDealt": 131800,
      "totalDamageTaken": 38290,
      "killingSprees": 1,
      "largestKillingSpree": 3,
      "team": 100,
      "win": true,
      "neutralMinionsKilled": 5,
      "largestMultiKill": 1,
      "physicalDamageDealtPlayer": 98354,
      "magicDamageDealtPlayer": 31862,
      "physicalDamageTaken": 25354,
      "magicDamageTaken": 10848,
      "timePlayed": 2186,
      "totalHeal": 6895,
      "totalUnitsHealed": 1,
      "assists": 16,
      "item0": 3143,
      "item1": 3068,
      "item2": 3111,
      "item3": 3134,
      "item4": 1054,
      "item5": 3065,
      "item6": 3340,
      "magicDamageDealtToChampions": 7952,
      "physicalDamageDealtToChampions": 13515,
      "totalDamageDealtToChampions": 22812,
      "trueDamageDealtPlayer": 1582,
      "trueDamageDealtToChampions": 1344,
      "trueDamageTaken": 2087,
      "wardPlaced": 10,
      "neutralMinionsKilledEnemyJungle": 5,
      "totalTimeCrowdControlDealt": 351
    }
  },
  "27099485": {
    "gameId": 818161173,
    "invalid": false,
    "gameMode": "CLASSIC",
    "gameType": "MATCHED_GAME",
    "subType": "RANKED_SOLO_5x5",
    "mapId": 1,
    "teamId": 200,
    "championId": 98,
    "spell1": 4,
    "spell2": 14,
    "level": 30,
    "ipEarned": 67,
    "createDate": 1398243226982,
    "fellowPlayers": [
      {
        "summonerId": 32276509,
        "teamId": 100,
        "championId": 76
      },
      {
        "summonerId": 34106219,
        "teamId": 200,
        "championId": 18
      },
      {
        "summonerId": 20104195,
        "teamId": 200,
        "championId": 157
      },
      {
        "summonerId": 39535769,
        "teamId": 200,
        "championId": 25
      },
      {
        "summonerId": 38706365,
        "teamId": 100,
        "championId": 58
      },
      {
        "summonerId": 38655829,
        "teamId": 100,
        "championId": 53
      },
      {
        "summonerId": 35635064,
        "teamId": 100,
        "championId": 121
      },
      {
        "summonerId": 32568981,
        "teamId": 100,
        "championId": 222
      },
      {
        "summonerId": 34816087,
        "teamId": 200,
        "championId": 62
      }
    ],
    "stats": {
      "level": 16,
      "goldEarned": 10057,
      "numDeaths": 5,
      "minionsKilled": 124,
      "championsKilled": 5,
      "goldSpent": 10360,
      "totalDamageDealt": 56551,
      "totalDamageTaken": 26036,
      "killingSprees": 1,
      "largestKillingSpree": 2,
      "team": 200,
      "win": false,
      "largestMultiKill": 1,
      "physicalDamageDealtPlayer": 22871,
      "magicDamageDealtPlayer": 31815,
      "physicalDamageTaken": 14321,
      "magicDamageTaken": 10790,
      "timePlayed": 2186,
      "totalHeal": 247,
      "totalUnitsHealed": 1,
      "assists": 9,
      "item0": 3143,
      "item1": 1028,
      "item2": 3260,
      "item3": 3211,
      "item4": 1054,
      "item5": 3068,
      "item6": 3340,
      "sightWardsBought": 2,
      "magicDamageDealtToChampions": 9817,
      "physicalDamageDealtToChampions": 2436,
      "totalDamageDealtToChampions": 14084,
      "trueDamageDealtPlayer": 1864,
      "trueDamageDealtToChampions": 1830,
      "trueDamageTaken": 924,
      "wardPlaced": 7,
      "totalTimeCrowdControlDealt": 262
    }
  }
}