{
  "33517101": {
    "gameId": 818161030,
    "invalid": false,
    "gameMode": "CLASSIC",
    "gameType": "MATCHED_GAME",
    "subType": "RANKED_SOLO_5x5",
    "mapId": 1,
    "teamId": 200,
    "championId": 24,
    "spell1": 14,
    "spell2": 4,
    "level": 30,
    "ipEarned": 57,
    "createDate": 1398242605105,
    "fellowPlayers": [
      {
        "summonerId": 24652425,
        "teamId": 100,
        "championId": 121
      },
      {
        "summonerId": 42348649,
        "teamId": 200,
        "championId": 25
      },
      {
        "summonerId": 30716720,
        "teamId": 100,
        "championId": 117
      },
      {
        "summonerId": 20756304,
        "teamId": 200,
        "championId": 102
      },
      {
        "summonerId": 20202487,
        "teamId": 200,
        "championId": 119
      },
      {
        "summonerId": 37000633,
        "teamId": 100,
        "championId": 75
      },
      {
        "summonerId": 21115638,
        "teamId": 200,
        "championId": 1
      },
      {
        "summonerId": 28287420,
        "teamId": 100,
        "championId": 412
      },
      {
        "summonerId": 37209549,
        "teamId": 100,
        "championId": 21
      }
    ],
    "stats": {
      "level": 13,
      "goldEarned": 7455,
      "numDeaths": 10,
      "minionsKilled": 117,
      "championsKilled": 2,
      "goldSpent": 7570,
      "totalDamageDealt": 62807,
      "totalDamageTaken": 26966,
      "team": 200,
      "win": false,
      "neutralMinionsKilled": 10,
      "largestMultiKill": 1,
      "physicalDamageDealtPlayer": 53625,
      "magicDamageDealtPlayer": 8619,
      "physicalDamageTaken": 20087,
      "magicDamageTaken": 6470,
      "timePlayed": 1789,
      "totalHeal": 2854,
      "totalUnitsHealed": 1,
      "assists": 5,
      "item0": 3153,
      "item1": 1011,
      "item2": 3082,
      "item4": 3111,
      "item6": 3340,
      "sightWardsBought": 2,
      "magicDamageDealtToChampions": 1974,
      "physicalDamageDealtToChampions": 8124,
      "totalDamageDealtToChampions": 10660,
      "trueDamageDealtPlayer": 562,
      "trueDamageDealtToChampions": 562,
      "trueDamageTaken": 407,
      "wardKilled": 1,
      "wardPlaced": 8,
      "neutralMinionsKilledYourJungle": 10,
      "totalTimeCrowdControlDealt": 97
    }
  },
  "summonerCount": 10,
  "28287420": {
    "gameId": 818161030,
    "invalid": false,
    "gameMode": "CLASSIC",
    "gameType": "MATCHED_GAME",
    "subType": "RANKED_SOLO_5x5",
    "mapId": 1,
    "teamId": 100,
    "championId": 412,
    "spell1": 7,
    "spell2": 4,
    "level": 30,
    "ipEarned": 85,
    "createDate": 1398242605102,
    "fellowPlayers": [
      {
        "summonerId": 33517101,
        "teamId": 200,
        "championId": 24
      },
      {
        "summonerId": 24652425,
        "teamId": 100,
        "championId": 121
      },
      {
        "summonerId": 42348649,
        "teamId": 200,
        "championId": 25
      },
      {
        "summonerId": 30716720,
        "teamId": 100,
        "championId": 117
      },
      {
        "summonerId": 20756304,
        "teamId": 200,
        "championId": 102
      },
      {
        "summonerId": 20202487,
        "teamId": 200,
        "championId": 119
      },
      {
        "summonerId": 37000633,
        "teamId": 100,
        "championId": 75
      },
      {
        "summonerId": 21115638,
        "teamId": 200,
        "championId": 1
      },
      {
        "summonerId": 37209549,
        "teamId": 100,
        "championId": 21
      }
    ],
    "stats": {
      "level": 16,
      "goldEarned": 11119,
      "numDeaths": 3,
      "turretsKilled": 1,
      "minionsKilled": 11,
      "championsKilled": 1,
      "goldSpent": 8865,
      "totalDamageDealt": 28970,
      "totalDamageTaken": 17234,
      "team": 100,
      "win": true,
      "neutralMinionsKilled": 1,
      "largestMultiKill": 1,
      "physicalDamageDealtPlayer": 5647,
      "magicDamageDealtPlayer": 23323,
      "physicalDamageTaken": 9046,
      "magicDamageTaken": 8086,
      "timePlayed": 1789,
      "totalHeal": 3878,
      "totalUnitsHealed": 4,
      "assists": 22,
      "item0": 3117,
      "item1": 3190,
      "item2": 3069,
      "item3": 2045,
      "item6": 3364,
      "sightWardsBought": 2,
      "visionWardsBought": 2,
      "magicDamageDealtToChampions": 10710,
      "physicalDamageDealtToChampions": 1383,
      "totalDamageDealtToChampions": 12093,
      "trueDamageTaken": 102,
      "wardPlaced": 23,
      "neutralMinionsKilledEnemyJungle": 1,
      "totalTimeCrowdControlDealt": 172
    }
  },
  "42348649": {
    "gameId": 818161030,
    "invalid": false,
    "gameMode": "CLASSIC",
    "gameType": "MATCHED_GAME",
    "subType": "RANKED_SOLO_5x5",
    "mapId": 1,
    "teamId": 200,
    "championId": 25,
    "spell1": 14,
    "spell2": 4,
    "level": 30,
    "ipEarned": 57,
    "createDate": 1398242605104,
    "fellowPlayers": [
      {
        "summonerId": 33517101,
        "teamId": 200,
        "championId": 24
      },
      {
        "summonerId": 24652425,
        "teamId": 100,
        "championId": 121
      },
      {
        "summonerId": 30716720,
        "teamId": 100,
        "championId": 117
      },
      {
        "summonerId": 20756304,
        "teamId": 200,
        "championId": 102
      },
      {
        "summonerId": 20202487,
        "teamId": 200,
        "championId": 119
      },
      {
        "summonerId": 37000633,
        "teamId": 100,
        "championId": 75
      },
      {
        "summonerId": 21115638,
        "teamId": 200,
        "championId": 1
      },
      {
        "summonerId": 28287420,
        "teamId": 100,
        "championId": 412
      },
      {
        "summonerId": 37209549,
        "teamId": 100,
        "championId": 21
      }
    ],
    "stats": {
      "level": 14,
      "goldEarned": 8652,
      "numDeaths": 7,
      "minionsKilled": 149,
      "championsKilled": 5,
      "goldSpent": 7770,
      "totalDamageDealt": 87453,
      "totalDamageTaken": 21104,
      "killingSprees": 1,
      "largestKillingSpree": 4,
      "team": 200,
      "win": false,
      "neutralMinionsKilled": 4,
      "largestMultiKill": 1,
      "physicalDamageDealtPlayer": 11811,
      "magicDamageDealtPlayer": 75116,
      "physicalDamageTaken": 10969,
      "magicDamageTaken": 9858,
      "timePlayed": 1789,
      "totalHeal": 294,
      "totalUnitsHealed": 1,
      "assists": 3,
      "item0": 1056,
      "item1": 1056,
      "item2": 3157,
      "item3": 3020,
      "item4": 3135,
      "item6": 3340,
      "magicDamageDealtToChampions": 13956,
      "physicalDamageDealtToChampions": 1113,
      "totalDamageDealtToChampions": 15595,
      "trueDamageDealtPlayer": 526,
      "trueDamageDealtToChampions": 526,
      "trueDamageTaken": 276,
      "wardPlaced": 8,
      "neutralMinionsKilledYourJungle": 4,
      "totalTimeCrowdControlDealt": 125
    }
  },
  "20756304": {
    "gameId": 818161030,
    "invalid": false,
    "gameMode": "CLASSIC",
    "gameType": "MATCHED_GAME",
    "subType": "RANKED_SOLO_5x5",
    "mapId": 1,
    "teamId": 200,
    "championId": 102,
    "spell1": 4,
    "spell2": 11,
    "level": 30,
    "ipEarned": 57,
    "createDate": 1398242605107,
    "fellowPlayers": [
      {
        "summonerId": 33517101,
        "teamId": 200,
        "championId": 24
      },
      {
        "summonerId": 24652425,
        "teamId": 100,
        "championId": 121
      },
      {
        "summonerId": 42348649,
        "teamId": 200,
        "championId": 25
      },
      {
        "summonerId": 30716720,
        "teamId": 100,
        "championId": 117
      },
      {
        "summonerId": 20202487,
        "teamId": 200,
        "championId": 119
      },
      {
        "summonerId": 37000633,
        "teamId": 100,
        "championId": 75
      },
      {
        "summonerId": 21115638,
        "teamId": 200,
        "championId": 1
      },
      {
        "summonerId": 28287420,
        "teamId": 100,
        "championId": 412
      },
      {
        "summonerId": 37209549,
        "teamId": 100,
        "championId": 21
      }
    ],
    "stats": {
      "level": 15,
      "goldEarned": 10065,
      "numDeaths": 5,
      "turretsKilled": 1,
      "minionsKilled": 39,
      "championsKilled": 4,
      "goldSpent": 9960,
      "totalDamageDealt": 177470,
      "totalDamageTaken": 30143,
      "killingSprees": 1,
      "largestKillingSpree": 2,
      "team": 200,
      "win": false,
      "neutralMinionsKilled": 124,
      "largestMultiKill": 1,
      "physicalDamageDealtPlayer": 62226,
      "magicDamageDealtPlayer": 102163,
      "physicalDamageTaken": 21213,
      "magicDamageTaken": 8218,
      "timePlayed": 1789,
      "totalHeal": 6507,
      "totalUnitsHealed": 1,
      "assists": 7,
      "item0": 3160,
      "item1": 3143,
      "item2": 3153,
      "item3": 3047,
      "item4": 1028,
      "item6": 3340,
      "magicDamageDealtToChampions": 10802,
      "physicalDamageDealtToChampions": 9249,
      "totalDamageDealtToChampions": 20964,
      "trueDamageDealtPlayer": 13080,
      "trueDamageDealtToChampions": 912,
      "trueDamageTaken": 712,
      "wardKilled": 1,
      "wardPlaced": 6,
      "neutralMinionsKilledEnemyJungle": 7,
      "neutralMinionsKilledYourJungle": 117,
      "totalTimeCrowdControlDealt": 762
    }
  },
  "21115638": {
    "gameId": 818161030,
    "invalid": false,
    "gameMode": "CLASSIC",
    "gameType": "MATCHED_GAME",
    "subType": "RANKED_SOLO_5x5",
    "mapId": 1,
    "teamId": 200,
    "championId": 1,
    "spell1": 4,
    "spell2": 7,
    "level": 30,
    "ipEarned": 57,
    "createDate": 1398242605106,
    "fellowPlayers": [
      {
        "summonerId": 33517101,
        "teamId": 200,
        "championId": 24
      },
      {
        "summonerId": 24652425,
        "teamId": 100,
        "championId": 121
      },
      {
        "summonerId": 42348649,
        "teamId": 200,
        "championId": 25
      },
      {
        "summonerId": 30716720,
        "teamId": 100,
        "championId": 117
      },
      {
        "summonerId": 20756304,
        "teamId": 200,
        "championId": 102
      },
      {
        "summonerId": 20202487,
        "teamId": 200,
        "championId": 119
      },
      {
        "summonerId": 37000633,
        "teamId": 100,
        "championId": 75
      },
      {
        "summonerId": 28287420,
        "teamId": 100,
        "championId": 412
      },
      {
        "summonerId": 37209549,
        "teamId": 100,
        "championId": 21
      }
    ],
    "stats": {
      "level": 13,
      "goldEarned": 8660,
      "numDeaths": 4,
      "minionsKilled": 16,
      "championsKilled": 3,
      "goldSpent": 7225,
      "totalDamageDealt": 30189,
      "totalDamageTaken": 14625,
      "killingSprees": 1,
      "largestKillingSpree": 3,
      "team": 200,
      "win": false,
      "largestMultiKill": 1,
      "physicalDamageDealtPlayer": 3711,
      "magicDamageDealtPlayer": 26478,
      "physicalDamageTaken": 7853,
      "magicDamageTaken": 6674,
      "timePlayed": 1789,
      "totalHeal": 1896,
      "totalUnitsHealed": 4,
      "assists": 7,
      "item0": 3092,
      "item1": 3128,
      "item3": 3020,
      "item6": 3340,
      "sightWardsBought": 4,
      "magicDamageDealtToChampions": 13205,
      "physicalDamageDealtToChampions": 2659,
      "totalDamageDealtToChampions": 15865,
      "trueDamageTaken": 98,
      "wardKilled": 1,
      "wardPlaced": 13,
      "totalTimeCrowdControlDealt": 76
    }
  },
  "37209549": {
    "gameId": 818161030,
    "invalid": false,
    "gameMode": "CLASSIC",
    "gameType": "MATCHED_GAME",
    "subType": "RANKED_SOLO_5x5",
    "mapId": 1,
    "teamId": 100,
    "championId": 21,
    "spell1": 7,
    "spell2": 4,
    "level": 30,
    "ipEarned": 85,
    "createDate": 1398242605099,
    "fellowPlayers": [
      {
        "summonerId": 33517101,
        "teamId": 200,
        "championId": 24
      },
      {
        "summonerId": 24652425,
        "teamId": 100,
        "championId": 121
      },
      {
        "summonerId": 42348649,
        "teamId": 200,
        "championId": 25
      },
      {
        "summonerId": 30716720,
        "teamId": 100,
        "championId": 117
      },
      {
        "summonerId": 20756304,
        "teamId": 200,
        "championId": 102
      },
      {
        "summonerId": 20202487,
        "teamId": 200,
        "championId": 119
      },
      {
        "summonerId": 37000633,
        "teamId": 100,
        "championId": 75
      },
      {
        "summonerId": 21115638,
        "teamId": 200,
        "championId": 1
      },
      {
        "summonerId": 28287420,
        "teamId": 100,
        "championId": 412
      }
    ],
    "stats": {
      "level": 17,
      "goldEarned": 14609,
      "numDeaths": 5,
      "turretsKilled": 2,
      "minionsKilled": 231,
      "championsKilled": 6,
      "goldSpent": 10720,
      "totalDamageDealt": 161500,
      "totalDamageTaken": 21167,
      "doubleKills": 1,
      "killingSprees": 2,
      "largestKillingSpree": 3,
      "team": 100,
      "win": true,
      "neutralMinionsKilled": 16,
      "largestMultiKill": 2,
      "physicalDamageDealtPlayer": 137235,
      "magicDamageDealtPlayer": 22978,
      "physicalDamageTaken": 12503,
      "magicDamageTaken": 8324,
      "largestCriticalStrike": 562,
      "timePlayed": 1789,
      "totalHeal": 4268,
      "totalUnitsHealed": 2,
      "assists": 15,
      "item0": 3046,
      "item1": 3035,
      "item2": 3006,
      "item3": 1055,
      "item4": 3072,
      "item5": 1018,
      "item6": 3340,
      "magicDamageDealtToChampions": 3365,
      "physicalDamageDealtToChampions": 17410,
      "totalDamageDealtToChampions": 21407,
      "trueDamageDealtPlayer": 1286,
      "trueDamageDealtToChampions": 632,
      "trueDamageTaken": 340,
      "wardPlaced": 7,
      "neutralMinionsKilledYourJungle": 16,
      "totalTimeCrowdControlDealt": 523
    }
  },
  "20202487": {
    "gameId": 818161030,
    "invalid": false,
    "gameMode": "CLASSIC",
    "gameType": "MATCHED_GAME",
    "subType": "RANKED_SOLO_5x5",
    "mapId": 1,
    "teamId": 200,
    "championId": 119,
    "spell1": 4,
    "spell2": 7,
    "level": 30,
    "ipEarned": 57,
    "createDate": 1398242605103,
    "fellowPlayers": [
      {
        "summonerId": 33517101,
        "teamId": 200,
        "championId": 24
      },
      {
        "summonerId": 24652425,
        "teamId": 100,
        "championId": 121
      },
      {
        "summonerId": 42348649,
        "teamId": 200,
        "championId": 25
      },
      {
        "summonerId": 30716720,
        "teamId": 100,
        "championId": 117
      },
      {
        "summonerId": 20756304,
        "teamId": 200,
        "championId": 102
      },
      {
        "summonerId": 37000633,
        "teamId": 100,
        "championId": 75
      },
      {
        "summonerId": 21115638,
        "teamId": 200,
        "championId": 1
      },
      {
        "summonerId": 28287420,
        "teamId": 100,
        "championId": 412
      },
      {
        "summonerId": 37209549,
        "teamId": 100,
        "championId": 21
      }
    ],
    "stats": {
      "level": 15,
      "goldEarned": 11114,
      "numDeaths": 7,
      "turretsKilled": 1,
      "minionsKilled": 168,
      "championsKilled": 5,
      "goldSpent": 11525,
      "totalDamageDealt": 108547,
      "totalDamageTaken": 20225,
      "killingSprees": 1,
      "largestKillingSpree": 3,
      "team": 200,
      "win": false,
      "neutralMinionsKilled": 13,
      "largestMultiKill": 1,
      "physicalDamageDealtPlayer": 102928,
      "magicDamageDealtPlayer": 5469,
      "physicalDamageTaken": 14405,
      "magicDamageTaken": 5777,
      "largestCriticalStrike": 768,
      "timePlayed": 1789,
      "totalHeal": 2576,
      "totalUnitsHealed": 3,
      "assists": 5,
      "item0": 1055,
      "item1": 3139,
      "item2": 3006,
      "item3": 3087,
      "item5": 3072,
      "item6": 3340,
      "magicDamageDealtToChampions": 520,
      "physicalDamageDealtToChampions": 13976,
      "totalDamageDealtToChampions": 14646,
      "trueDamageDealtPlayer": 150,
      "trueDamageDealtToChampions": 150,
      "trueDamageTaken": 42,
      "wardPlaced": 3,
      "neutralMinionsKilledEnemyJungle": 2,
      "neutralMinionsKilledYourJungle": 11,
      "totalTimeCrowdControlDealt": 213
    }
  },
  "37000633": {
    "gameId": 818161030,
    "invalid": false,
    "gameMode": "CLASSIC",
    "gameType": "MATCHED_GAME",
    "subType": "RANKED_SOLO_5x5",
    "mapId": 1,
    "teamId": 100,
    "championId": 75,
    "spell1": 12,
    "spell2": 4,
    "level": 30,
    "ipEarned": 235,
    "createDate": 1398242605101,
    "fellowPlayers": [
      {
        "summonerId": 33517101,
        "teamId": 200,
        "championId": 24
      },
      {
        "summonerId": 24652425,
        "teamId": 100,
        "championId": 121
      },
      {
        "summonerId": 42348649,
        "teamId": 200,
        "championId": 25
      },
      {
        "summonerId": 30716720,
        "teamId": 100,
        "championId": 117
      },
      {
        "summonerId": 20756304,
        "teamId": 200,
        "championId": 102
      },
      {
        "summonerId": 20202487,
        "teamId": 200,
        "championId": 119
      },
      {
        "summonerId": 21115638,
        "teamId": 200,
        "championId": 1
      },
      {
        "summonerId": 28287420,
        "teamId": 100,
        "championId": 412
      },
      {
        "summonerId": 37209549,
        "teamId": 100,
        "championId": 21
      }
    ],
    "stats": {
      "level": 18,
      "goldEarned": 15082,
      "numDeaths": 1,
      "barracksKilled": 1,
      "turretsKilled": 4,
      "minionsKilled": 197,
      "championsKilled": 13,
      "goldSpent": 12633,
      "totalDamageDealt": 175297,
      "totalDamageTaken": 28748,
      "doubleKills": 2,
      "killingSprees": 2,
      "largestKillingSpree": 7,
      "team": 100,
      "win": true,
      "neutralMinionsKilled": 11,
      "largestMultiKill": 2,
      "physicalDamageDealtPlayer": 145189,
      "magicDamageDealtPlayer": 30107,
      "physicalDamageTaken": 21596,
      "magicDamageTaken": 6508,
      "largestCriticalStrike": 1488,
      "timePlayed": 1789,
      "totalHeal": 276,
      "totalUnitsHealed": 1,
      "assists": 6,
      "item0": 3078,
      "item1": 3075,
      "item2": 3065,
      "item3": 3110,
      "item4": 1033,
      "item5": 1001,
      "item6": 3340,
      "sightWardsBought": 1,
      "magicDamageDealtToChampions": 6572,
      "physicalDamageDealtToChampions": 20329,
      "totalDamageDealtToChampions": 26902,
      "trueDamageTaken": 644,
      "wardPlaced": 5,
      "neutralMinionsKilledEnemyJungle": 5,
      "neutralMinionsKilledYourJungle": 6,
      "totalTimeCrowdControlDealt": 706
    }
  },
  "24652425": {
    "gameId": 818161030,
    "invalid": false,
    "gameMode": "CLASSIC",
    "gameType": "MATCHED_GAME",
    "subType": "RANKED_SOLO_5x5",
    "mapId": 1,
    "teamId": 100,
    "championId": 121,
    "spell1": 4,
    "spell2": 11,
    "level": 30,
    "ipEarned": 85,
    "createDate": 1398242605100,
    "fellowPlayers": [
      {
        "summonerId": 33517101,
        "teamId": 200,
        "championId": 24
      },
      {
        "summonerId": 42348649,
        "teamId": 200,
        "championId": 25
      },
      {
        "summonerId": 30716720,
        "teamId": 100,
        "championId": 117
      },
      {
        "summonerId": 20756304,
        "teamId": 200,
        "championId": 102
      },
      {
        "summonerId": 20202487,
        "teamId": 200,
        "championId": 119
      },
      {
        "summonerId": 37000633,
        "teamId": 100,
        "championId": 75
      },
      {
        "summonerId": 21115638,
        "teamId": 200,
        "championId": 1
      },
      {
        "summonerId": 28287420,
        "teamId": 100,
        "championId": 412
      },
      {
        "summonerId": 37209549,
        "teamId": 100,
        "championId": 21
      }
    ],
    "stats": {
      "level": 16,
      "goldEarned": 12797,
      "numDeaths": 3,
      "turretsKilled": 1,
      "minionsKilled": 33,
      "championsKilled": 10,
      "goldSpent": 9835,
      "totalDamageDealt": 142886,
      "totalDamageTaken": 27519,
      "doubleKills": 1,
      "killingSprees": 3,
      "largestKillingSpree": 5,
      "team": 100,
      "win": true,
      "neutralMinionsKilled": 89,
      "largestMultiKill": 2,
      "physicalDamageDealtPlayer": 124199,
      "magicDamageDealtPlayer": 2527,
      "physicalDamageTaken": 19827,
      "magicDamageTaken": 6387,
      "timePlayed": 1789,
      "totalHeal": 9864,
      "totalUnitsHealed": 1,
      "assists": 7,
      "item0": 3209,
      "item1": 3156,
      "item2": 3265,
      "item3": 2003,
      "item4": 1011,
      "item5": 3082,
      "item6": 3341,
      "sightWardsBought": 4,
      "visionWardsBought": 1,
      "magicDamageDealtToChampions": 1156,
      "physicalDamageDealtToChampions": 11835,
      "totalDamageDealtToChampions": 13895,
      "trueDamageDealtPlayer": 16158,
      "trueDamageDealtToChampions": 904,
      "trueDamageTaken": 1304,
      "wardPlaced": 8,
      "neutralMinionsKilledEnemyJungle": 13,
      "neutralMinionsKilledYourJungle": 76,
      "totalTimeCrowdControlDealt": 674
    }
  },
  "33517101": {
    "gameId": 818161030,
    "invalid": false,
    "gameMode": "CLASSIC",
    "gameType": "MATCHED_GAME",
    "subType": "RANKED_SOLO_5x5",
    "mapId": 1,
    "teamId": 200,
    "championId": 24,
    "spell1": 14,
    "spell2": 4,
    "level": 30,
    "ipEarned": 57,
    "createDate": 1398242605105,
    "fellowPlayers": [
      {
        "summonerId": 24652425,
        "teamId": 100,
        "championId": 121
      },
      {
        "summonerId": 42348649,
        "teamId": 200,
        "championId": 25
      },
      {
        "summonerId": 30716720,
        "teamId": 100,
        "championId": 117
      },
      {
        "summonerId": 20756304,
        "teamId": 200,
        "championId": 102
      },
      {
        "summonerId": 20202487,
        "teamId": 200,
        "championId": 119
      },
      {
        "summonerId": 37000633,
        "teamId": 100,
        "championId": 75
      },
      {
        "summonerId": 21115638,
        "teamId": 200,
        "championId": 1
      },
      {
        "summonerId": 28287420,
        "teamId": 100,
        "championId": 412
      },
      {
        "summonerId": 37209549,
        "teamId": 100,
        "championId": 21
      }
    ],
    "stats": {
      "level": 13,
      "goldEarned": 7455,
      "numDeaths": 10,
      "minionsKilled": 117,
      "championsKilled": 2,
      "goldSpent": 7570,
      "totalDamageDealt": 62807,
      "totalDamageTaken": 26966,
      "team": 200,
      "win": false,
      "neutralMinionsKilled": 10,
      "largestMultiKill": 1,
      "physicalDamageDealtPlayer": 53625,
      "magicDamageDealtPlayer": 8619,
      "physicalDamageTaken": 20087,
      "magicDamageTaken": 6470,
      "timePlayed": 1789,
      "totalHeal": 2854,
      "totalUnitsHealed": 1,
      "assists": 5,
      "item0": 3153,
      "item1": 1011,
      "item2": 3082,
      "item4": 3111,
      "item6": 3340,
      "sightWardsBought": 2,
      "magicDamageDealtToChampions": 1974,
      "physicalDamageDealtToChampions": 8124,
      "totalDamageDealtToChampions": 10660,
      "trueDamageDealtPlayer": 562,
      "trueDamageDealtToChampions": 562,
      "trueDamageTaken": 407,
      "wardKilled": 1,
      "wardPlaced": 8,
      "neutralMinionsKilledYourJungle": 10,
      "totalTimeCrowdControlDealt": 97
    }
  }
}