{
  "26415131": {
    "gameId": 818169719,
    "invalid": false,
    "gameMode": "CLASSIC",
    "gameType": "MATCHED_GAME",
    "subType": "RANKED_SOLO_5x5",
    "mapId": 1,
    "teamId": 200,
    "championId": 11,
    "spell1": 4,
    "spell2": 11,
    "level": 30,
    "ipEarned": 76,
    "createDate": 1398242759984,
    "fellowPlayers": [
      {
        "summonerId": 32575844,
        "teamId": 100,
        "championId": 75
      },
      {
        "summonerId": 20798505,
        "teamId": 100,
        "championId": 236
      },
      {
        "summonerId": 25539321,
        "teamId": 100,
        "championId": 90
      },
      {
        "summonerId": 28834356,
        "teamId": 200,
        "championId": 89
      },
      {
        "summonerId": 19348613,
        "teamId": 100,
        "championId": 56
      },
      {
        "summonerId": 35479046,
        "teamId": 200,
        "championId": 80
      },
      {
        "summonerId": 30771204,
        "teamId": 200,
        "championId": 4
      },
      {
        "summonerId": 36806312,
        "teamId": 100,
        "championId": 412
      },
      {
        "summonerId": 27384951,
        "teamId": 200,
        "championId": 81
      }
    ],
    "stats": {
      "level": 13,
      "goldEarned": 7750,
      "numDeaths": 1,
      "turretsKilled": 1,
      "minionsKilled": 28,
      "championsKilled": 3,
      "goldSpent": 6500,
      "totalDamageDealt": 132678,
      "totalDamageTaken": 19674,
      "killingSprees": 1,
      "largestKillingSpree": 2,
      "team": 200,
      "win": true,
      "neutralMinionsKilled": 98,
      "largestMultiKill": 1,
      "physicalDamageDealtPlayer": 91921,
      "magicDamageDealtPlayer": 25955,
      "physicalDamageTaken": 15603,
      "magicDamageTaken": 3371,
      "timePlayed": 1417,
      "totalHeal": 4965,
      "totalUnitsHealed": 1,
      "assists": 3,
      "item0": 3006,
      "item1": 3160,
      "item2": 3153,
      "item6": 3340,
      "sightWardsBought": 2,
      "visionWardsBought": 1,
      "magicDamageDealtToChampions": 576,
      "physicalDamageDealtToChampions": 5932,
      "totalDamageDealtToChampions": 7635,
      "trueDamageDealtPlayer": 14802,
      "trueDamageDealtToChampions": 1126,
      "trueDamageTaken": 699,
      "wardKilled": 1,
      "wardPlaced": 11,
      "neutralMinionsKilledEnemyJungle": 11,
      "neutralMinionsKilledYourJungle": 87,
      "totalTimeCrowdControlDealt": 524
    }
  },
  "summonerCount": 10,
  "28834356": {
    "gameId": 818169719,
    "invalid": false,
    "gameMode": "CLASSIC",
    "gameType": "MATCHED_GAME",
    "subType": "RANKED_SOLO_5x5",
    "mapId": 1,
    "teamId": 200,
    "championId": 89,
    "spell1": 4,
    "spell2": 14,
    "level": 30,
    "ipEarned": 76,
    "createDate": 1398242759986,
    "fellowPlayers": [
      {
        "summonerId": 32575844,
        "teamId": 100,
        "championId": 75
      },
      {
        "summonerId": 20798505,
        "teamId": 100,
        "championId": 236
      },
      {
        "summonerId": 25539321,
        "teamId": 100,
        "championId": 90
      },
      {
        "summonerId": 19348613,
        "teamId": 100,
        "championId": 56
      },
      {
        "summonerId": 35479046,
        "teamId": 200,
        "championId": 80
      },
      {
        "summonerId": 26415131,
        "teamId": 200,
        "championId": 11
      },
      {
        "summonerId": 30771204,
        "teamId": 200,
        "championId": 4
      },
      {
        "summonerId": 36806312,
        "teamId": 100,
        "championId": 412
      },
      {
        "summonerId": 27384951,
        "teamId": 200,
        "championId": 81
      }
    ],
    "stats": {
      "level": 11,
      "goldEarned": 5819,
      "minionsKilled": 27,
      "championsKilled": 1,
      "goldSpent": 5180,
      "totalDamageDealt": 17326,
      "totalDamageTaken": 11682,
      "team": 200,
      "win": true,
      "largestMultiKill": 1,
      "physicalDamageDealtPlayer": 5277,
      "magicDamageDealtPlayer": 9611,
      "physicalDamageTaken": 9135,
      "magicDamageTaken": 2546,
      "timePlayed": 1417,
      "totalHeal": 1921,
      "totalUnitsHealed": 3,
      "assists": 10,
      "item0": 3401,
      "item1": 2045,
      "item2": 3111,
      "item3": 2003,
      "item6": 3340,
      "sightWardsBought": 1,
      "magicDamageDealtToChampions": 4515,
      "physicalDamageDealtToChampions": 1997,
      "totalDamageDealtToChampions": 7010,
      "trueDamageDealtPlayer": 2437,
      "trueDamageDealtToChampions": 498,
      "wardPlaced": 16,
      "totalTimeCrowdControlDealt": 30
    }
  },
  "25539321": {
    "gameId": 818169719,
    "invalid": false,
    "gameMode": "CLASSIC",
    "gameType": "MATCHED_GAME",
    "subType": "RANKED_SOLO_5x5",
    "mapId": 1,
    "teamId": 100,
    "championId": 90,
    "spell1": 14,
    "spell2": 4,
    "level": 30,
    "ipEarned": 51,
    "createDate": 1398242759979,
    "fellowPlayers": [
      {
        "summonerId": 32575844,
        "teamId": 100,
        "championId": 75
      },
      {
        "summonerId": 20798505,
        "teamId": 100,
        "championId": 236
      },
      {
        "summonerId": 28834356,
        "teamId": 200,
        "championId": 89
      },
      {
        "summonerId": 19348613,
        "teamId": 100,
        "championId": 56
      },
      {
        "summonerId": 35479046,
        "teamId": 200,
        "championId": 80
      },
      {
        "summonerId": 26415131,
        "teamId": 200,
        "championId": 11
      },
      {
        "summonerId": 30771204,
        "teamId": 200,
        "championId": 4
      },
      {
        "summonerId": 36806312,
        "teamId": 100,
        "championId": 412
      },
      {
        "summonerId": 27384951,
        "teamId": 200,
        "championId": 81
      }
    ],
    "stats": {
      "level": 13,
      "goldEarned": 6174,
      "minionsKilled": 160,
      "goldSpent": 5965,
      "totalDamageDealt": 81514,
      "totalDamageTaken": 5219,
      "team": 100,
      "win": false,
      "neutralMinionsKilled": 2,
      "physicalDamageDealtPlayer": 23063,
      "magicDamageDealtPlayer": 58261,
      "physicalDamageTaken": 1015,
      "magicDamageTaken": 4120,
      "timePlayed": 1417,
      "totalHeal": 310,
      "totalUnitsHealed": 1,
      "item0": 3255,
      "item1": 3027,
      "item2": 3108,
      "item3": 1056,
      "item6": 3340,
      "sightWardsBought": 4,
      "magicDamageDealtToChampions": 6289,
      "physicalDamageDealtToChampions": 1098,
      "totalDamageDealtToChampions": 7577,
      "trueDamageDealtPlayer": 190,
      "trueDamageDealtToChampions": 190,
      "trueDamageTaken": 84,
      "wardPlaced": 12,
      "neutralMinionsKilledYourJungle": 2,
      "totalTimeCrowdControlDealt": 27
    }
  },
  "27384951": {
    "gameId": 818169719,
    "invalid": false,
    "gameMode": "CLASSIC",
    "gameType": "MATCHED_GAME",
    "subType": "RANKED_SOLO_5x5",
    "mapId": 1,
    "teamId": 200,
    "championId": 81,
    "spell1": 7,
    "spell2": 4,
    "level": 30,
    "ipEarned": 226,
    "createDate": 1398242759985,
    "fellowPlayers": [
      {
        "summonerId": 32575844,
        "teamId": 100,
        "championId": 75
      },
      {
        "summonerId": 20798505,
        "teamId": 100,
        "championId": 236
      },
      {
        "summonerId": 25539321,
        "teamId": 100,
        "championId": 90
      },
      {
        "summonerId": 28834356,
        "teamId": 200,
        "championId": 89
      },
      {
        "summonerId": 19348613,
        "teamId": 100,
        "championId": 56
      },
      {
        "summonerId": 35479046,
        "teamId": 200,
        "championId": 80
      },
      {
        "summonerId": 26415131,
        "teamId": 200,
        "championId": 11
      },
      {
        "summonerId": 30771204,
        "teamId": 200,
        "championId": 4
      },
      {
        "summonerId": 36806312,
        "teamId": 100,
        "championId": 412
      }
    ],
    "stats": {
      "level": 13,
      "goldEarned": 8779,
      "numDeaths": 1,
      "minionsKilled": 168,
      "championsKilled": 7,
      "goldSpent": 7310,
      "totalDamageDealt": 86870,
      "totalDamageTaken": 9419,
      "doubleKills": 3,
      "killingSprees": 1,
      "largestKillingSpree": 7,
      "team": 200,
      "win": true,
      "neutralMinionsKilled": 1,
      "largestMultiKill": 2,
      "physicalDamageDealtPlayer": 73431,
      "magicDamageDealtPlayer": 13438,
      "physicalDamageTaken": 7627,
      "magicDamageTaken": 1791,
      "timePlayed": 1417,
      "totalHeal": 2088,
      "totalUnitsHealed": 2,
      "assists": 3,
      "item0": 1055,
      "item1": 3044,
      "item2": 2004,
      "item3": 3072,
      "item4": 3057,
      "item5": 3006,
      "item6": 3340,
      "magicDamageDealtToChampions": 4119,
      "physicalDamageDealtToChampions": 10141,
      "totalDamageDealtToChampions": 14261,
      "neutralMinionsKilledEnemyJungle": 1
    }
  },
  "19348613": {
    "gameId": 818169719,
    "invalid": false,
    "gameMode": "CLASSIC",
    "gameType": "MATCHED_GAME",
    "subType": "RANKED_SOLO_5x5",
    "mapId": 1,
    "teamId": 100,
    "championId": 56,
    "spell1": 4,
    "spell2": 11,
    "level": 30,
    "ipEarned": 51,
    "createDate": 1398242759980,
    "fellowPlayers": [
      {
        "summonerId": 32575844,
        "teamId": 100,
        "championId": 75
      },
      {
        "summonerId": 20798505,
        "teamId": 100,
        "championId": 236
      },
      {
        "summonerId": 25539321,
        "teamId": 100,
        "championId": 90
      },
      {
        "summonerId": 28834356,
        "teamId": 200,
        "championId": 89
      },
      {
        "summonerId": 35479046,
        "teamId": 200,
        "championId": 80
      },
      {
        "summonerId": 26415131,
        "teamId": 200,
        "championId": 11
      },
      {
        "summonerId": 30771204,
        "teamId": 200,
        "championId": 4
      },
      {
        "summonerId": 36806312,
        "teamId": 100,
        "championId": 412
      },
      {
        "summonerId": 27384951,
        "teamId": 200,
        "championId": 81
      }
    ],
    "stats": {
      "level": 13,
      "goldEarned": 7229,
      "numDeaths": 4,
      "minionsKilled": 22,
      "championsKilled": 2,
      "goldSpent": 5752,
      "totalDamageDealt": 128220,
      "totalDamageTaken": 17259,
      "team": 100,
      "win": false,
      "neutralMinionsKilled": 99,
      "largestMultiKill": 1,
      "physicalDamageDealtPlayer": 91021,
      "magicDamageDealtPlayer": 25299,
      "physicalDamageTaken": 14895,
      "magicDamageTaken": 1901,
      "timePlayed": 1417,
      "totalHeal": 4634,
      "totalUnitsHealed": 1,
      "assists": 1,
      "item0": 3144,
      "item1": 3134,
      "item2": 2003,
      "item3": 3160,
      "item4": 1001,
      "item5": 1042,
      "item6": 3340,
      "sightWardsBought": 1,
      "visionWardsBought": 1,
      "magicDamageDealtToChampions": 794,
      "physicalDamageDealtToChampions": 6334,
      "totalDamageDealtToChampions": 7744,
      "trueDamageDealtPlayer": 11900,
      "trueDamageDealtToChampions": 616,
      "trueDamageTaken": 462,
      "wardPlaced": 6,
      "neutralMinionsKilledEnemyJungle": 10,
      "neutralMinionsKilledYourJungle": 89,
      "totalTimeCrowdControlDealt": 534
    }
  },
  "32575844": {
    "gameId": 818169719,
    "invalid": false,
    "gameMode": "CLASSIC",
    "gameType": "MATCHED_GAME",
    "subType": "RANKED_SOLO_5x5",
    "mapId": 1,
    "teamId": 100,
    "championId": 75,
    "spell1": 6,
    "spell2": 12,
    "level": 30,
    "ipEarned": 51,
    "createDate": 1398242759975,
    "fellowPlayers": [
      {
        "summonerId": 20798505,
        "teamId": 100,
        "championId": 236
      },
      {
        "summonerId": 25539321,
        "teamId": 100,
        "championId": 90
      },
      {
        "summonerId": 28834356,
        "teamId": 200,
        "championId": 89
      },
      {
        "summonerId": 19348613,
        "teamId": 100,
        "championId": 56
      },
      {
        "summonerId": 35479046,
        "teamId": 200,
        "championId": 80
      },
      {
        "summonerId": 26415131,
        "teamId": 200,
        "championId": 11
      },
      {
        "summonerId": 30771204,
        "teamId": 200,
        "championId": 4
      },
      {
        "summonerId": 36806312,
        "teamId": 100,
        "championId": 412
      },
      {
        "summonerId": 27384951,
        "teamId": 200,
        "championId": 81
      }
    ],
    "stats": {
      "level": 11,
      "goldEarned": 5349,
      "numDeaths": 8,
      "minionsKilled": 85,
      "championsKilled": 1,
      "goldSpent": 4875,
      "totalDamageDealt": 51705,
      "totalDamageTaken": 20668,
      "team": 100,
      "win": false,
      "neutralMinionsKilled": 2,
      "largestMultiKill": 1,
      "physicalDamageDealtPlayer": 18054,
      "magicDamageDealtPlayer": 33651,
      "physicalDamageTaken": 16274,
      "magicDamageTaken": 3540,
      "timePlayed": 1417,
      "totalHeal": 1258,
      "totalUnitsHealed": 1,
      "assists": 1,
      "item0": 3047,
      "item1": 3057,
      "item2": 1028,
      "item3": 1054,
      "item4": 1036,
      "item5": 3024,
      "item6": 3340,
      "magicDamageDealtToChampions": 3564,
      "physicalDamageDealtToChampions": 2520,
      "totalDamageDealtToChampions": 6085,
      "trueDamageTaken": 853,
      "wardPlaced": 3,
      "neutralMinionsKilledEnemyJungle": 2,
      "totalTimeCrowdControlDealt": 75
    }
  },
  "36806312": {
    "gameId": 818169719,
    "invalid": false,
    "gameMode": "CLASSIC",
    "gameType": "MATCHED_GAME",
    "subType": "RANKED_SOLO_5x5",
    "mapId": 1,
    "teamId": 100,
    "championId": 412,
    "spell1": 3,
    "spell2": 4,
    "level": 30,
    "ipEarned": 51,
    "createDate": 1398242759976,
    "fellowPlayers": [
      {
        "summonerId": 32575844,
        "teamId": 100,
        "championId": 75
      },
      {
        "summonerId": 20798505,
        "teamId": 100,
        "championId": 236
      },
      {
        "summonerId": 25539321,
        "teamId": 100,
        "championId": 90
      },
      {
        "summonerId": 28834356,
        "teamId": 200,
        "championId": 89
      },
      {
        "summonerId": 19348613,
        "teamId": 100,
        "championId": 56
      },
      {
        "summonerId": 35479046,
        "teamId": 200,
        "championId": 80
      },
      {
        "summonerId": 26415131,
        "teamId": 200,
        "championId": 11
      },
      {
        "summonerId": 30771204,
        "teamId": 200,
        "championId": 4
      },
      {
        "summonerId": 27384951,
        "teamId": 200,
        "championId": 81
      }
    ],
    "stats": {
      "level": 10,
      "goldEarned": 3716,
      "numDeaths": 6,
      "minionsKilled": 2,
      "goldSpent": 2920,
      "totalDamageDealt": 8528,
      "totalDamageTaken": 13128,
      "team": 100,
      "win": false,
      "neutralMinionsKilled": 1,
      "physicalDamageDealtPlayer": 2190,
      "magicDamageDealtPlayer": 6337,
      "physicalDamageTaken": 7365,
      "magicDamageTaken": 5263,
      "timePlayed": 1417,
      "totalHeal": 1294,
      "totalUnitsHealed": 1,
      "item0": 2049,
      "item1": 3096,
      "item3": 1001,
      "item4": 3114,
      "item6": 3341,
      "sightWardsBought": 1,
      "magicDamageDealtToChampions": 3532,
      "physicalDamageDealtToChampions": 716,
      "totalDamageDealtToChampions": 4249,
      "trueDamageTaken": 500,
      "wardPlaced": 13,
      "neutralMinionsKilledYourJungle": 1,
      "totalTimeCrowdControlDealt": 64
    }
  },
  "30771204": {
    "gameId": 818169719,
    "invalid": false,
    "gameMode": "CLASSIC",
    "gameType": "MATCHED_GAME",
    "subType": "RANKED_SOLO_5x5",
    "mapId": 1,
    "teamId": 200,
    "championId": 4,
    "spell1": 4,
    "spell2": 7,
    "level": 30,
    "ipEarned": 76,
    "createDate": 1398242759982,
    "fellowPlayers": [
      {
        "summonerId": 32575844,
        "teamId": 100,
        "championId": 75
      },
      {
        "summonerId": 20798505,
        "teamId": 100,
        "championId": 236
      },
      {
        "summonerId": 25539321,
        "teamId": 100,
        "championId": 90
      },
      {
        "summonerId": 28834356,
        "teamId": 200,
        "championId": 89
      },
      {
        "summonerId": 19348613,
        "teamId": 100,
        "championId": 56
      },
      {
        "summonerId": 35479046,
        "teamId": 200,
        "championId": 80
      },
      {
        "summonerId": 26415131,
        "teamId": 200,
        "championId": 11
      },
      {
        "summonerId": 36806312,
        "teamId": 100,
        "championId": 412
      },
      {
        "summonerId": 27384951,
        "teamId": 200,
        "championId": 81
      }
    ],
    "stats": {
      "level": 13,
      "goldEarned": 8739,
      "turretsKilled": 1,
      "minionsKilled": 149,
      "championsKilled": 5,
      "goldSpent": 8080,
      "totalDamageDealt": 95813,
      "totalDamageTaken": 7293,
      "doubleKills": 1,
      "killingSprees": 1,
      "largestKillingSpree": 5,
      "team": 200,
      "win": true,
      "neutralMinionsKilled": 6,
      "largestMultiKill": 2,
      "physicalDamageDealtPlayer": 15168,
      "magicDamageDealtPlayer": 80301,
      "physicalDamageTaken": 2742,
      "magicDamageTaken": 4361,
      "timePlayed": 1417,
      "totalHeal": 515,
      "totalUnitsHealed": 1,
      "assists": 1,
      "item0": 1056,
      "item1": 3157,
      "item2": 3100,
      "item4": 3020,
      "item6": 3340,
      "sightWardsBought": 1,
      "magicDamageDealtToChampions": 7588,
      "physicalDamageDealtToChampions": 713,
      "totalDamageDealtToChampions": 8413,
      "trueDamageDealtPlayer": 344,
      "trueDamageDealtToChampions": 112,
      "trueDamageTaken": 190,
      "wardPlaced": 7,
      "neutralMinionsKilledYourJungle": 6,
      "totalTimeCrowdControlDealt": 250
    }
  },
  "20798505": {
    "gameId": 818169719,
    "invalid": false,
    "gameMode": "CLASSIC",
    "gameType": "MATCHED_GAME",
    "subType": "RANKED_SOLO_5x5",
    "mapId": 1,
    "teamId": 100,
    "championId": 236,
    "spell1": 7,
    "spell2": 4,
    "level": 30,
    "ipEarned": 51,
    "createDate": 1398242759977,
    "fellowPlayers": [
      {
        "summonerId": 32575844,
        "teamId": 100,
        "championId": 75
      },
      {
        "summonerId": 25539321,
        "teamId": 100,
        "championId": 90
      },
      {
        "summonerId": 28834356,
        "teamId": 200,
        "championId": 89
      },
      {
        "summonerId": 19348613,
        "teamId": 100,
        "championId": 56
      },
      {
        "summonerId": 35479046,
        "teamId": 200,
        "championId": 80
      },
      {
        "summonerId": 26415131,
        "teamId": 200,
        "championId": 11
      },
      {
        "summonerId": 30771204,
        "teamId": 200,
        "championId": 4
      },
      {
        "summonerId": 36806312,
        "teamId": 100,
        "championId": 412
      },
      {
        "summonerId": 27384951,
        "teamId": 200,
        "championId": 81
      }
    ],
    "stats": {
      "level": 11,
      "goldEarned": 6464,
      "numDeaths": 4,
      "minionsKilled": 148,
      "championsKilled": 1,
      "goldSpent": 4715,
      "totalDamageDealt": 69702,
      "totalDamageTaken": 11561,
      "team": 100,
      "win": false,
      "neutralMinionsKilled": 4,
      "largestMultiKill": 1,
      "physicalDamageDealtPlayer": 65020,
      "magicDamageDealtPlayer": 4681,
      "physicalDamageTaken": 8078,
      "magicDamageTaken": 3188,
      "largestCriticalStrike": 363,
      "timePlayed": 1417,
      "totalHeal": 1778,
      "totalUnitsHealed": 2,
      "item0": 1055,
      "item1": 2003,
      "item2": 3072,
      "item3": 3006,
      "item6": 3340,
      "magicDamageDealtToChampions": 833,
      "physicalDamageDealtToChampions": 9087,
      "totalDamageDealtToChampions": 9920,
      "trueDamageTaken": 294,
      "wardPlaced": 1,
      "neutralMinionsKilledYourJungle": 4
    }
  },
  "26415131": {
    "gameId": 818169719,
    "invalid": false,
    "gameMode": "CLASSIC",
    "gameType": "MATCHED_GAME",
    "subType": "RANKED_SOLO_5x5",
    "mapId": 1,
    "teamId": 200,
    "championId": 11,
    "spell1": 4,
    "spell2": 11,
    "level": 30,
    "ipEarned": 76,
    "createDate": 1398242759984,
    "fellowPlayers": [
      {
        "summonerId": 32575844,
        "teamId": 100,
        "championId": 75
      },
      {
        "summonerId": 20798505,
        "teamId": 100,
        "championId": 236
      },
      {
        "summonerId": 25539321,
        "teamId": 100,
        "championId": 90
      },
      {
        "summonerId": 28834356,
        "teamId": 200,
        "championId": 89
      },
      {
        "summonerId": 19348613,
        "teamId": 100,
        "championId": 56
      },
      {
        "summonerId": 35479046,
        "teamId": 200,
        "championId": 80
      },
      {
        "summonerId": 30771204,
        "teamId": 200,
        "championId": 4
      },
      {
        "summonerId": 36806312,
        "teamId": 100,
        "championId": 412
      },
      {
        "summonerId": 27384951,
        "teamId": 200,
        "championId": 81
      }
    ],
    "stats": {
      "level": 13,
      "goldEarned": 7750,
      "numDeaths": 1,
      "turretsKilled": 1,
      "minionsKilled": 28,
      "championsKilled": 3,
      "goldSpent": 6500,
      "totalDamageDealt": 132678,
      "totalDamageTaken": 19674,
      "killingSprees": 1,
      "largestKillingSpree": 2,
      "team": 200,
      "win": true,
      "neutralMinionsKilled": 98,
      "largestMultiKill": 1,
      "physicalDamageDealtPlayer": 91921,
      "magicDamageDealtPlayer": 25955,
      "physicalDamageTaken": 15603,
      "magicDamageTaken": 3371,
      "timePlayed": 1417,
      "totalHeal": 4965,
      "totalUnitsHealed": 1,
      "assists": 3,
      "item0": 3006,
      "item1": 3160,
      "item2": 3153,
      "item6": 3340,
      "sightWardsBought": 2,
      "visionWardsBought": 1,
      "magicDamageDealtToChampions": 576,
      "physicalDamageDealtToChampions": 5932,
      "totalDamageDealtToChampions": 7635,
      "trueDamageDealtPlayer": 14802,
      "trueDamageDealtToChampions": 1126,
      "trueDamageTaken": 699,
      "wardKilled": 1,
      "wardPlaced": 11,
      "neutralMinionsKilledEnemyJungle": 11,
      "neutralMinionsKilledYourJungle": 87,
      "totalTimeCrowdControlDealt": 524
    }
  }
}