{
  "35406618": {
    "gameId": 818161307,
    "invalid": false,
    "gameMode": "CLASSIC",
    "gameType": "MATCHED_GAME",
    "subType": "RANKED_TEAM_5x5",
    "mapId": 1,
    "teamId": 100,
    "championId": 76,
    "spell1": 4,
    "spell2": 14,
    "level": 30,
    "ipEarned": 64,
    "createDate": 1398243260214,
    "fellowPlayers": [
      {
        "summonerId": 35811244,
        "teamId": 100,
        "championId": 5
      },
      {
        "summonerId": 25152229,
        "teamId": 200,
        "championId": 64
      },
      {
        "summonerId": 36087118,
        "teamId": 200,
        "championId": 80
      },
      {
        "summonerId": 35811240,
        "teamId": 200,
        "championId": 1
      },
      {
        "summonerId": 36904560,
        "teamId": 200,
        "championId": 133
      },
      {
        "summonerId": 27228793,
        "teamId": 100,
        "championId": 121
      },
      {
        "summonerId": 30872490,
        "teamId": 200,
        "championId": 63
      },
      {
        "summonerId": 30771260,
        "teamId": 100,
        "championId": 29
      },
      {
        "summonerId": 34998945,
        "teamId": 100,
        "championId": 13
      }
    ],
    "stats": {
      "level": 15,
      "goldEarned": 8231,
      "numDeaths": 11,
      "minionsKilled": 26,
      "championsKilled": 3,
      "goldSpent": 7855,
      "totalDamageDealt": 51364,
      "totalDamageTaken": 22195,
      "team": 100,
      "win": false,
      "neutralMinionsKilled": 3,
      "largestMultiKill": 1,
      "physicalDamageDealtPlayer": 6444,
      "magicDamageDealtPlayer": 44460,
      "physicalDamageTaken": 14603,
      "magicDamageTaken": 7111,
      "timePlayed": 2070,
      "totalHeal": 6867,
      "totalUnitsHealed": 3,
      "assists": 15,
      "item0": 1001,
      "item1": 3040,
      "item2": 3128,
      "item3": 1052,
      "item4": 1026,
      "item6": 3340,
      "magicDamageDealtToChampions": 21394,
      "physicalDamageDealtToChampions": 872,
      "totalDamageDealtToChampions": 22727,
      "trueDamageDealtPlayer": 460,
      "trueDamageDealtToChampions": 460,
      "trueDamageTaken": 480,
      "wardPlaced": 7,
      "neutralMinionsKilledEnemyJungle": 1,
      "neutralMinionsKilledYourJungle": 2
    }
  },
  "summonerCount": 10,
  "34998945": {
    "gameId": 818161307,
    "invalid": false,
    "gameMode": "CLASSIC",
    "gameType": "MATCHED_GAME",
    "subType": "RANKED_TEAM_5x5",
    "mapId": 1,
    "teamId": 100,
    "championId": 13,
    "spell1": 14,
    "spell2": 4,
    "level": 30,
    "ipEarned": 64,
    "createDate": 1398243260211,
    "fellowPlayers": [
      {
        "summonerId": 35811244,
        "teamId": 100,
        "championId": 5
      },
      {
        "summonerId": 25152229,
        "teamId": 200,
        "championId": 64
      },
      {
        "summonerId": 36087118,
        "teamId": 200,
        "championId": 80
      },
      {
        "summonerId": 35811240,
        "teamId": 200,
        "championId": 1
      },
      {
        "summonerId": 36904560,
        "teamId": 200,
        "championId": 133
      },
      {
        "summonerId": 35406618,
        "teamId": 100,
        "championId": 76
      },
      {
        "summonerId": 27228793,
        "teamId": 100,
        "championId": 121
      },
      {
        "summonerId": 30872490,
        "teamId": 200,
        "championId": 63
      },
      {
        "summonerId": 30771260,
        "teamId": 100,
        "championId": 29
      }
    ],
    "stats": {
      "level": 15,
      "goldEarned": 9780,
      "numDeaths": 6,
      "minionsKilled": 140,
      "championsKilled": 6,
      "goldSpent": 9420,
      "totalDamageDealt": 89526,
      "totalDamageTaken": 24672,
      "killingSprees": 1,
      "largestKillingSpree": 4,
      "team": 100,
      "win": false,
      "neutralMinionsKilled": 1,
      "largestMultiKill": 1,
      "physicalDamageDealtPlayer": 11419,
      "magicDamageDealtPlayer": 77117,
      "physicalDamageTaken": 11880,
      "magicDamageTaken": 12030,
      "timePlayed": 2070,
      "totalHeal": 386,
      "totalUnitsHealed": 1,
      "assists": 4,
      "item0": 3003,
      "item1": 3020,
      "item2": 3065,
      "item3": 3027,
      "item6": 3340,
      "magicDamageDealtToChampions": 13464,
      "physicalDamageDealtToChampions": 673,
      "totalDamageDealtToChampions": 14640,
      "trueDamageDealtPlayer": 990,
      "trueDamageDealtToChampions": 502,
      "trueDamageTaken": 760,
      "wardPlaced": 4,
      "neutralMinionsKilledYourJungle": 1,
      "totalTimeCrowdControlDealt": 117
    }
  },
  "30872490": {
    "gameId": 818161307,
    "invalid": false,
    "gameMode": "CLASSIC",
    "gameType": "MATCHED_GAME",
    "subType": "RANKED_TEAM_5x5",
    "mapId": 1,
    "teamId": 200,
    "championId": 63,
    "spell1": 4,
    "spell2": 7,
    "level": 30,
    "ipEarned": 96,
    "createDate": 1398243260216,
    "fellowPlayers": [
      {
        "summonerId": 35811244,
        "teamId": 100,
        "championId": 5
      },
      {
        "summonerId": 25152229,
        "teamId": 200,
        "championId": 64
      },
      {
        "summonerId": 36087118,
        "teamId": 200,
        "championId": 80
      },
      {
        "summonerId": 35811240,
        "teamId": 200,
        "championId": 1
      },
      {
        "summonerId": 36904560,
        "teamId": 200,
        "championId": 133
      },
      {
        "summonerId": 35406618,
        "teamId": 100,
        "championId": 76
      },
      {
        "summonerId": 27228793,
        "teamId": 100,
        "championId": 121
      },
      {
        "summonerId": 30771260,
        "teamId": 100,
        "championId": 29
      },
      {
        "summonerId": 34998945,
        "teamId": 100,
        "championId": 13
      }
    ],
    "stats": {
      "level": 18,
      "goldEarned": 14065,
      "numDeaths": 2,
      "turretsKilled": 1,
      "minionsKilled": 211,
      "championsKilled": 5,
      "goldSpent": 12085,
      "totalDamageDealt": 164172,
      "totalDamageTaken": 16098,
      "killingSprees": 2,
      "largestKillingSpree": 2,
      "team": 200,
      "win": true,
      "neutralMinionsKilled": 13,
      "largestMultiKill": 1,
      "physicalDamageDealtPlayer": 29802,
      "magicDamageDealtPlayer": 134370,
      "physicalDamageTaken": 9387,
      "magicDamageTaken": 6319,
      "timePlayed": 2070,
      "totalHeal": 4326,
      "totalUnitsHealed": 4,
      "assists": 15,
      "item0": 3157,
      "item1": 3151,
      "item2": 3089,
      "item3": 3255,
      "item4": 1056,
      "item5": 1056,
      "item6": 3340,
      "sightWardsBought": 1,
      "magicDamageDealtToChampions": 36951,
      "physicalDamageDealtToChampions": 1475,
      "totalDamageDealtToChampions": 38426,
      "trueDamageTaken": 392,
      "wardPlaced": 14,
      "neutralMinionsKilledEnemyJungle": 2,
      "neutralMinionsKilledYourJungle": 11,
      "totalTimeCrowdControlDealt": 44
    }
  },
  "27228793": {
    "gameId": 818161307,
    "invalid": false,
    "gameMode": "CLASSIC",
    "gameType": "MATCHED_GAME",
    "subType": "RANKED_TEAM_5x5",
    "mapId": 1,
    "teamId": 100,
    "championId": 121,
    "spell1": 12,
    "spell2": 4,
    "level": 30,
    "ipEarned": 64,
    "createDate": 1398243260209,
    "fellowPlayers": [
      {
        "summonerId": 35811244,
        "teamId": 100,
        "championId": 5
      },
      {
        "summonerId": 25152229,
        "teamId": 200,
        "championId": 64
      },
      {
        "summonerId": 36087118,
        "teamId": 200,
        "championId": 80
      },
      {
        "summonerId": 35811240,
        "teamId": 200,
        "championId": 1
      },
      {
        "summonerId": 36904560,
        "teamId": 200,
        "championId": 133
      },
      {
        "summonerId": 35406618,
        "teamId": 100,
        "championId": 76
      },
      {
        "summonerId": 30872490,
        "teamId": 200,
        "championId": 63
      },
      {
        "summonerId": 30771260,
        "teamId": 100,
        "championId": 29
      },
      {
        "summonerId": 34998945,
        "teamId": 100,
        "championId": 13
      }
    ],
    "stats": {
      "level": 16,
      "goldEarned": 11557,
      "numDeaths": 6,
      "turretsKilled": 1,
      "minionsKilled": 184,
      "championsKilled": 7,
      "goldSpent": 11188,
      "totalDamageDealt": 123646,
      "totalDamageTaken": 25636,
      "killingSprees": 2,
      "largestKillingSpree": 2,
      "team": 100,
      "win": false,
      "neutralMinionsKilled": 14,
      "largestMultiKill": 1,
      "physicalDamageDealtPlayer": 121954,
      "magicDamageDealtPlayer": 1245,
      "physicalDamageTaken": 14911,
      "magicDamageTaken": 10202,
      "largestCriticalStrike": 667,
      "timePlayed": 2070,
      "totalHeal": 3908,
      "totalUnitsHealed": 1,
      "assists": 7,
      "item0": 3078,
      "item1": 3035,
      "item2": 3071,
      "item3": 1036,
      "item4": 3275,
      "item6": 3340,
      "magicDamageDealtToChampions": 1245,
      "physicalDamageDealtToChampions": 19592,
      "totalDamageDealtToChampions": 20958,
      "trueDamageDealtPlayer": 446,
      "trueDamageDealtToChampions": 120,
      "trueDamageTaken": 522,
      "wardPlaced": 5,
      "neutralMinionsKilledEnemyJungle": 3,
      "neutralMinionsKilledYourJungle": 11,
      "totalTimeCrowdControlDealt": 462
    }
  },
  "36904560": {
    "gameId": 818161307,
    "invalid": false,
    "gameMode": "CLASSIC",
    "gameType": "MATCHED_GAME",
    "subType": "RANKED_TEAM_5x5",
    "mapId": 1,
    "teamId": 200,
    "championId": 133,
    "spell1": 4,
    "spell2": 7,
    "level": 30,
    "ipEarned": 96,
    "createDate": 1398243260215,
    "fellowPlayers": [
      {
        "summonerId": 35811244,
        "teamId": 100,
        "championId": 5
      },
      {
        "summonerId": 25152229,
        "teamId": 200,
        "championId": 64
      },
      {
        "summonerId": 36087118,
        "teamId": 200,
        "championId": 80
      },
      {
        "summonerId": 35811240,
        "teamId": 200,
        "championId": 1
      },
      {
        "summonerId": 35406618,
        "teamId": 100,
        "championId": 76
      },
      {
        "summonerId": 27228793,
        "teamId": 100,
        "championId": 121
      },
      {
        "summonerId": 30872490,
        "teamId": 200,
        "championId": 63
      },
      {
        "summonerId": 30771260,
        "teamId": 100,
        "championId": 29
      },
      {
        "summonerId": 34998945,
        "teamId": 100,
        "championId": 13
      }
    ],
    "stats": {
      "level": 16,
      "goldEarned": 12036,
      "numDeaths": 9,
      "barracksKilled": 1,
      "turretsKilled": 3,
      "minionsKilled": 108,
      "championsKilled": 10,
      "goldSpent": 10770,
      "totalDamageDealt": 95992,
      "totalDamageTaken": 25965,
      "doubleKills": 1,
      "killingSprees": 3,
      "largestKillingSpree": 4,
      "team": 200,
      "win": true,
      "neutralMinionsKilled": 9,
      "largestMultiKill": 2,
      "physicalDamageDealtPlayer": 93897,
      "magicDamageDealtPlayer": 514,
      "physicalDamageTaken": 17687,
      "magicDamageTaken": 7206,
      "largestCriticalStrike": 669,
      "timePlayed": 2070,
      "totalHeal": 3180,
      "totalUnitsHealed": 3,
      "assists": 6,
      "item0": 3072,
      "item1": 3144,
      "item2": 3046,
      "item3": 3252,
      "item4": 1042,
      "item5": 1042,
      "item6": 3340,
      "magicDamageDealtToChampions": 514,
      "physicalDamageDealtToChampions": 23977,
      "totalDamageDealtToChampions": 25394,
      "trueDamageDealtPlayer": 1580,
      "trueDamageDealtToChampions": 902,
      "trueDamageTaken": 1072,
      "wardPlaced": 8,
      "neutralMinionsKilledEnemyJungle": 5,
      "neutralMinionsKilledYourJungle": 4,
      "totalTimeCrowdControlDealt": 387
    }
  },
  "35811240": {
    "gameId": 818161307,
    "invalid": false,
    "gameMode": "CLASSIC",
    "gameType": "MATCHED_GAME",
    "subType": "RANKED_TEAM_5x5",
    "mapId": 1,
    "teamId": 200,
    "championId": 1,
    "spell1": 3,
    "spell2": 4,
    "level": 30,
    "ipEarned": 246,
    "createDate": 1398243260219,
    "fellowPlayers": [
      {
        "summonerId": 35811244,
        "teamId": 100,
        "championId": 5
      },
      {
        "summonerId": 25152229,
        "teamId": 200,
        "championId": 64
      },
      {
        "summonerId": 36087118,
        "teamId": 200,
        "championId": 80
      },
      {
        "summonerId": 36904560,
        "teamId": 200,
        "championId": 133
      },
      {
        "summonerId": 35406618,
        "teamId": 100,
        "championId": 76
      },
      {
        "summonerId": 27228793,
        "teamId": 100,
        "championId": 121
      },
      {
        "summonerId": 30872490,
        "teamId": 200,
        "championId": 63
      },
      {
        "summonerId": 30771260,
        "teamId": 100,
        "championId": 29
      },
      {
        "summonerId": 34998945,
        "teamId": 100,
        "championId": 13
      }
    ],
    "stats": {
      "level": 15,
      "goldEarned": 12355,
      "numDeaths": 8,
      "minionsKilled": 13,
      "championsKilled": 6,
      "goldSpent": 11550,
      "totalDamageDealt": 26572,
      "totalDamageTaken": 21712,
      "doubleKills": 1,
      "killingSprees": 1,
      "largestKillingSpree": 2,
      "team": 200,
      "win": true,
      "neutralMinionsKilled": 1,
      "largestMultiKill": 2,
      "physicalDamageDealtPlayer": 8362,
      "magicDamageDealtPlayer": 17682,
      "physicalDamageTaken": 8690,
      "magicDamageTaken": 12153,
      "timePlayed": 2070,
      "totalHeal": 1060,
      "totalUnitsHealed": 1,
      "assists": 18,
      "item0": 3069,
      "item1": 3157,
      "item2": 3270,
      "item3": 3108,
      "item4": 1052,
      "item5": 3027,
      "item6": 3340,
      "sightWardsBought": 2,
      "magicDamageDealtToChampions": 11998,
      "physicalDamageDealtToChampions": 2764,
      "totalDamageDealtToChampions": 15091,
      "trueDamageDealtPlayer": 528,
      "trueDamageDealtToChampions": 328,
      "trueDamageTaken": 869,
      "wardPlaced": 8,
      "neutralMinionsKilledYourJungle": 1,
      "totalTimeCrowdControlDealt": 96
    }
  },
  "35811244": {
    "gameId": 818161307,
    "invalid": false,
    "gameMode": "CLASSIC",
    "gameType": "MATCHED_GAME",
    "subType": "RANKED_TEAM_5x5",
    "mapId": 1,
    "teamId": 100,
    "championId": 5,
    "spell1": 4,
    "spell2": 11,
    "level": 30,
    "ipEarned": 64,
    "createDate": 1398243260213,
    "fellowPlayers": [
      {
        "summonerId": 25152229,
        "teamId": 200,
        "championId": 64
      },
      {
        "summonerId": 36087118,
        "teamId": 200,
        "championId": 80
      },
      {
        "summonerId": 35811240,
        "teamId": 200,
        "championId": 1
      },
      {
        "summonerId": 36904560,
        "teamId": 200,
        "championId": 133
      },
      {
        "summonerId": 35406618,
        "teamId": 100,
        "championId": 76
      },
      {
        "summonerId": 27228793,
        "teamId": 100,
        "championId": 121
      },
      {
        "summonerId": 30872490,
        "teamId": 200,
        "championId": 63
      },
      {
        "summonerId": 30771260,
        "teamId": 100,
        "championId": 29
      },
      {
        "summonerId": 34998945,
        "teamId": 100,
        "championId": 13
      }
    ],
    "stats": {
      "level": 16,
      "goldEarned": 10292,
      "numDeaths": 11,
      "minionsKilled": 35,
      "championsKilled": 3,
      "goldSpent": 9510,
      "totalDamageDealt": 135602,
      "totalDamageTaken": 38413,
      "team": 100,
      "win": false,
      "neutralMinionsKilled": 83,
      "largestMultiKill": 1,
      "physicalDamageDealtPlayer": 72361,
      "magicDamageDealtPlayer": 49178,
      "physicalDamageTaken": 26008,
      "magicDamageTaken": 11633,
      "largestCriticalStrike": 354,
      "timePlayed": 2070,
      "totalHeal": 8882,
      "totalUnitsHealed": 1,
      "assists": 10,
      "item0": 3160,
      "item1": 3265,
      "item2": 3044,
      "item3": 3086,
      "item4": 3065,
      "item6": 3340,
      "magicDamageDealtToChampions": 3094,
      "physicalDamageDealtToChampions": 8861,
      "totalDamageDealtToChampions": 12124,
      "trueDamageDealtPlayer": 14062,
      "trueDamageDealtToChampions": 168,
      "trueDamageTaken": 770,
      "wardPlaced": 13,
      "neutralMinionsKilledEnemyJungle": 3,
      "neutralMinionsKilledYourJungle": 80,
      "totalTimeCrowdControlDealt": 571
    }
  },
  "36087118": {
    "gameId": 818161307,
    "invalid": false,
    "gameMode": "CLASSIC",
    "gameType": "MATCHED_GAME",
    "subType": "RANKED_TEAM_5x5",
    "mapId": 1,
    "teamId": 200,
    "championId": 80,
    "spell1": 4,
    "spell2": 14,
    "level": 30,
    "ipEarned": 96,
    "createDate": 1398243260217,
    "fellowPlayers": [
      {
        "summonerId": 35811244,
        "teamId": 100,
        "championId": 5
      },
      {
        "summonerId": 25152229,
        "teamId": 200,
        "championId": 64
      },
      {
        "summonerId": 35811240,
        "teamId": 200,
        "championId": 1
      },
      {
        "summonerId": 36904560,
        "teamId": 200,
        "championId": 133
      },
      {
        "summonerId": 35406618,
        "teamId": 100,
        "championId": 76
      },
      {
        "summonerId": 27228793,
        "teamId": 100,
        "championId": 121
      },
      {
        "summonerId": 30872490,
        "teamId": 200,
        "championId": 63
      },
      {
        "summonerId": 30771260,
        "teamId": 100,
        "championId": 29
      },
      {
        "summonerId": 34998945,
        "teamId": 100,
        "championId": 13
      }
    ],
    "stats": {
      "level": 15,
      "goldEarned": 11100,
      "numDeaths": 4,
      "barracksKilled": 1,
      "turretsKilled": 1,
      "minionsKilled": 112,
      "championsKilled": 7,
      "goldSpent": 11210,
      "totalDamageDealt": 87802,
      "totalDamageTaken": 22931,
      "killingSprees": 3,
      "largestKillingSpree": 3,
      "team": 200,
      "win": true,
      "neutralMinionsKilled": 6,
      "largestMultiKill": 1,
      "physicalDamageDealtPlayer": 86091,
      "magicDamageDealtPlayer": 1484,
      "physicalDamageTaken": 15921,
      "magicDamageTaken": 5444,
      "largestCriticalStrike": 538,
      "timePlayed": 2070,
      "totalHeal": 1383,
      "totalUnitsHealed": 1,
      "assists": 5,
      "item0": 3270,
      "item1": 3022,
      "item2": 3071,
      "item3": 3005,
      "item4": 1036,
      "item5": 1036,
      "item6": 3340,
      "magicDamageDealtToChampions": 770,
      "physicalDamageDealtToChampions": 12762,
      "totalDamageDealtToChampions": 13758,
      "trueDamageDealtPlayer": 226,
      "trueDamageDealtToChampions": 226,
      "trueDamageTaken": 1566,
      "wardPlaced": 11,
      "neutralMinionsKilledEnemyJungle": 3,
      "neutralMinionsKilledYourJungle": 3,
      "totalTimeCrowdControlDealt": 145
    }
  },
  "30771260": {
    "gameId": 818161307,
    "invalid": false,
    "gameMode": "CLASSIC",
    "gameType": "MATCHED_GAME",
    "subType": "RANKED_TEAM_5x5",
    "mapId": 1,
    "teamId": 100,
    "championId": 29,
    "spell1": 4,
    "spell2": 7,
    "level": 30,
    "ipEarned": 64,
    "createDate": 1398243260210,
    "fellowPlayers": [
      {
        "summonerId": 35811244,
        "teamId": 100,
        "championId": 5
      },
      {
        "summonerId": 25152229,
        "teamId": 200,
        "championId": 64
      },
      {
        "summonerId": 36087118,
        "teamId": 200,
        "championId": 80
      },
      {
        "summonerId": 35811240,
        "teamId": 200,
        "championId": 1
      },
      {
        "summonerId": 36904560,
        "teamId": 200,
        "championId": 133
      },
      {
        "summonerId": 35406618,
        "teamId": 100,
        "championId": 76
      },
      {
        "summonerId": 27228793,
        "teamId": 100,
        "championId": 121
      },
      {
        "summonerId": 30872490,
        "teamId": 200,
        "championId": 63
      },
      {
        "summonerId": 34998945,
        "teamId": 100,
        "championId": 13
      }
    ],
    "stats": {
      "level": 15,
      "goldEarned": 11375,
      "numDeaths": 10,
      "minionsKilled": 139,
      "championsKilled": 9,
      "goldSpent": 8830,
      "totalDamageDealt": 81741,
      "totalDamageTaken": 28961,
      "killingSprees": 2,
      "largestKillingSpree": 2,
      "team": 100,
      "win": false,
      "largestMultiKill": 1,
      "physicalDamageDealtPlayer": 75271,
      "physicalDamageTaken": 15976,
      "magicDamageTaken": 12439,
      "largestCriticalStrike": 464,
      "timePlayed": 2070,
      "totalHeal": 2802,
      "totalUnitsHealed": 2,
      "assists": 10,
      "item0": 1055,
      "item1": 3072,
      "item2": 3254,
      "item3": 3046,
      "item4": 1037,
      "item6": 3340,
      "physicalDamageDealtToChampions": 15287,
      "totalDamageDealtToChampions": 18759,
      "trueDamageDealtPlayer": 6470,
      "trueDamageDealtToChampions": 3472,
      "trueDamageTaken": 545,
      "wardPlaced": 4,
      "totalTimeCrowdControlDealt": 258
    }
  },
  "35406618": {
    "gameId": 818161307,
    "invalid": false,
    "gameMode": "CLASSIC",
    "gameType": "MATCHED_GAME",
    "subType": "RANKED_TEAM_5x5",
    "mapId": 1,
    "teamId": 100,
    "championId": 76,
    "spell1": 4,
    "spell2": 14,
    "level": 30,
    "ipEarned": 64,
    "createDate": 1398243260214,
    "fellowPlayers": [
      {
        "summonerId": 35811244,
        "teamId": 100,
        "championId": 5
      },
      {
        "summonerId": 25152229,
        "teamId": 200,
        "championId": 64
      },
      {
        "summonerId": 36087118,
        "teamId": 200,
        "championId": 80
      },
      {
        "summonerId": 35811240,
        "teamId": 200,
        "championId": 1
      },
      {
        "summonerId": 36904560,
        "teamId": 200,
        "championId": 133
      },
      {
        "summonerId": 27228793,
        "teamId": 100,
        "championId": 121
      },
      {
        "summonerId": 30872490,
        "teamId": 200,
        "championId": 63
      },
      {
        "summonerId": 30771260,
        "teamId": 100,
        "championId": 29
      },
      {
        "summonerId": 34998945,
        "teamId": 100,
        "championId": 13
      }
    ],
    "stats": {
      "level": 15,
      "goldEarned": 8231,
      "numDeaths": 11,
      "minionsKilled": 26,
      "championsKilled": 3,
      "goldSpent": 7855,
      "totalDamageDealt": 51364,
      "totalDamageTaken": 22195,
      "team": 100,
      "win": false,
      "neutralMinionsKilled": 3,
      "largestMultiKill": 1,
      "physicalDamageDealtPlayer": 6444,
      "magicDamageDealtPlayer": 44460,
      "physicalDamageTaken": 14603,
      "magicDamageTaken": 7111,
      "timePlayed": 2070,
      "totalHeal": 6867,
      "totalUnitsHealed": 3,
      "assists": 15,
      "item0": 1001,
      "item1": 3040,
      "item2": 3128,
      "item3": 1052,
      "item4": 1026,
      "item6": 3340,
      "magicDamageDealtToChampions": 21394,
      "physicalDamageDealtToChampions": 872,
      "totalDamageDealtToChampions": 22727,
      "trueDamageDealtPlayer": 460,
      "trueDamageDealtToChampions": 460,
      "trueDamageTaken": 480,
      "wardPlaced": 7,
      "neutralMinionsKilledEnemyJungle": 1,
      "neutralMinionsKilledYourJungle": 2
    }
  }
}