{
  "40853234": {
    "gameId": 818162462,
    "invalid": false,
    "gameMode": "ARAM",
    "gameType": "MATCHED_GAME",
    "subType": "ARAM_UNRANKED_5x5",
    "mapId": 12,
    "teamId": 100,
    "championId": 53,
    "spell1": 4,
    "spell2": 7,
    "level": 30,
    "ipEarned": 39,
    "createDate": 1398242451232,
    "fellowPlayers": [
      {
        "summonerId": 35334922,
        "teamId": 200,
        "championId": 42
      },
      {
        "summonerId": 23273084,
        "teamId": 200,
        "championId": 30
      },
      {
        "summonerId": 21478891,
        "teamId": 100,
        "championId": 238
      },
      {
        "summonerId": 23747597,
        "teamId": 100,
        "championId": 82
      },
      {
        "summonerId": 27334180,
        "teamId": 200,
        "championId": 81
      },
      {
        "summonerId": 37024103,
        "teamId": 100,
        "championId": 13
      },
      {
        "summonerId": 20682834,
        "teamId": 100,
        "championId": 36
      },
      {
        "summonerId": 36253826,
        "teamId": 200,
        "championId": 62
      },
      {
        "summonerId": 34896088,
        "teamId": 200,
        "championId": 17
      }
    ],
    "stats": {
      "level": 14,
      "goldEarned": 7401,
      "numDeaths": 10,
      "minionsKilled": 18,
      "championsKilled": 2,
      "goldSpent": 8270,
      "totalDamageDealt": 25226,
      "totalDamageTaken": 20131,
      "team": 100,
      "win": false,
      "largestMultiKill": 1,
      "physicalDamageDealtPlayer": 6397,
      "magicDamageDealtPlayer": 18828,
      "physicalDamageTaken": 7701,
      "magicDamageTaken": 12340,
      "timePlayed": 1099,
      "totalHeal": 1806,
      "totalUnitsHealed": 4,
      "assists": 14,
      "item0": 3070,
      "item1": 1001,
      "item2": 3025,
      "item3": 3110,
      "magicDamageDealtToChampions": 8310,
      "physicalDamageDealtToChampions": 2849,
      "totalDamageDealtToChampions": 11160,
      "trueDamageTaken": 89,
      "totalTimeCrowdControlDealt": 435
    }
  },
  "summonerCount": 10,
  "36253826": {
    "gameId": 818162462,
    "invalid": false,
    "gameMode": "ARAM",
    "gameType": "MATCHED_GAME",
    "subType": "ARAM_UNRANKED_5x5",
    "mapId": 12,
    "teamId": 200,
    "championId": 62,
    "spell1": 7,
    "spell2": 4,
    "level": 30,
    "ipEarned": 56,
    "createDate": 1398242451237,
    "fellowPlayers": [
      {
        "summonerId": 35334922,
        "teamId": 200,
        "championId": 42
      },
      {
        "summonerId": 23273084,
        "teamId": 200,
        "championId": 30
      },
      {
        "summonerId": 21478891,
        "teamId": 100,
        "championId": 238
      },
      {
        "summonerId": 23747597,
        "teamId": 100,
        "championId": 82
      },
      {
        "summonerId": 27334180,
        "teamId": 200,
        "championId": 81
      },
      {
        "summonerId": 40853234,
        "teamId": 100,
        "championId": 53
      },
      {
        "summonerId": 37024103,
        "teamId": 100,
        "championId": 13
      },
      {
        "summonerId": 20682834,
        "teamId": 100,
        "championId": 36
      },
      {
        "summonerId": 34896088,
        "teamId": 200,
        "championId": 17
      }
    ],
    "stats": {
      "level": 16,
      "goldEarned": 10025,
      "numDeaths": 6,
      "turretsKilled": 1,
      "minionsKilled": 24,
      "championsKilled": 9,
      "goldSpent": 8325,
      "totalDamageDealt": 40088,
      "totalDamageTaken": 18586,
      "killingSprees": 2,
      "largestKillingSpree": 5,
      "team": 200,
      "win": true,
      "largestMultiKill": 1,
      "physicalDamageDealtPlayer": 38985,
      "magicDamageDealtPlayer": 1103,
      "physicalDamageTaken": 5715,
      "magicDamageTaken": 12561,
      "timePlayed": 1099,
      "totalHeal": 3882,
      "totalUnitsHealed": 4,
      "assists": 24,
      "item0": 3074,
      "item2": 3071,
      "item4": 1036,
      "item5": 3158,
      "magicDamageDealtToChampions": 634,
      "physicalDamageDealtToChampions": 19451,
      "totalDamageDealtToChampions": 20085,
      "trueDamageTaken": 310,
      "totalTimeCrowdControlDealt": 171
    }
  },
  "35334922": {
    "gameId": 818162462,
    "invalid": false,
    "gameMode": "ARAM",
    "gameType": "MATCHED_GAME",
    "subType": "ARAM_UNRANKED_5x5",
    "mapId": 12,
    "teamId": 200,
    "championId": 42,
    "spell1": 7,
    "spell2": 4,
    "level": 30,
    "ipEarned": 56,
    "createDate": 1398242451236,
    "fellowPlayers": [
      {
        "summonerId": 23273084,
        "teamId": 200,
        "championId": 30
      },
      {
        "summonerId": 21478891,
        "teamId": 100,
        "championId": 238
      },
      {
        "summonerId": 23747597,
        "teamId": 100,
        "championId": 82
      },
      {
        "summonerId": 27334180,
        "teamId": 200,
        "championId": 81
      },
      {
        "summonerId": 40853234,
        "teamId": 100,
        "championId": 53
      },
      {
        "summonerId": 37024103,
        "teamId": 100,
        "championId": 13
      },
      {
        "summonerId": 20682834,
        "teamId": 100,
        "championId": 36
      },
      {
        "summonerId": 36253826,
        "teamId": 200,
        "championId": 62
      },
      {
        "summonerId": 34896088,
        "teamId": 200,
        "championId": 17
      }
    ],
    "stats": {
      "level": 15,
      "goldEarned": 9314,
      "numDeaths": 9,
      "barracksKilled": 1,
      "minionsKilled": 45,
      "championsKilled": 5,
      "goldSpent": 8040,
      "totalDamageDealt": 48116,
      "totalDamageTaken": 20375,
      "killingSprees": 1,
      "largestKillingSpree": 2,
      "team": 200,
      "win": true,
      "largestMultiKill": 1,
      "physicalDamageDealtPlayer": 22646,
      "magicDamageDealtPlayer": 23826,
      "physicalDamageTaken": 5909,
      "magicDamageTaken": 14355,
      "largestCriticalStrike": 222,
      "timePlayed": 1099,
      "totalHeal": 2377,
      "totalUnitsHealed": 4,
      "assists": 17,
      "item0": 1055,
      "item1": 1042,
      "item2": 3181,
      "item3": 3102,
      "item4": 3006,
      "item5": 1018,
      "item6": 2052,
      "magicDamageDealtToChampions": 9218,
      "physicalDamageDealtToChampions": 7500,
      "totalDamageDealtToChampions": 17530,
      "trueDamageDealtPlayer": 1642,
      "trueDamageDealtToChampions": 811,
      "trueDamageTaken": 110
    }
  },
  "27334180": {
    "gameId": 818162462,
    "invalid": false,
    "gameMode": "ARAM",
    "gameType": "MATCHED_GAME",
    "subType": "ARAM_UNRANKED_5x5",
    "mapId": 12,
    "teamId": 200,
    "championId": 81,
    "spell1": 21,
    "spell2": 4,
    "level": 30,
    "ipEarned": 206,
    "createDate": 1398242451234,
    "fellowPlayers": [
      {
        "summonerId": 35334922,
        "teamId": 200,
        "championId": 42
      },
      {
        "summonerId": 23273084,
        "teamId": 200,
        "championId": 30
      },
      {
        "summonerId": 21478891,
        "teamId": 100,
        "championId": 238
      },
      {
        "summonerId": 23747597,
        "teamId": 100,
        "championId": 82
      },
      {
        "summonerId": 40853234,
        "teamId": 100,
        "championId": 53
      },
      {
        "summonerId": 37024103,
        "teamId": 100,
        "championId": 13
      },
      {
        "summonerId": 20682834,
        "teamId": 100,
        "championId": 36
      },
      {
        "summonerId": 36253826,
        "teamId": 200,
        "championId": 62
      },
      {
        "summonerId": 34896088,
        "teamId": 200,
        "championId": 17
      }
    ],
    "stats": {
      "level": 16,
      "goldEarned": 10788,
      "numDeaths": 5,
      "turretsKilled": 3,
      "minionsKilled": 42,
      "championsKilled": 11,
      "goldSpent": 8295,
      "totalDamageDealt": 54856,
      "totalDamageTaken": 10471,
      "doubleKills": 3,
      "killingSprees": 3,
      "largestKillingSpree": 4,
      "team": 200,
      "win": true,
      "largestMultiKill": 2,
      "physicalDamageDealtPlayer": 37026,
      "magicDamageDealtPlayer": 17830,
      "physicalDamageTaken": 2385,
      "magicDamageTaken": 8085,
      "largestCriticalStrike": 343,
      "timePlayed": 1099,
      "totalHeal": 1185,
      "totalUnitsHealed": 1,
      "assists": 21,
      "item0": 3254,
      "item1": 3181,
      "item2": 1038,
      "item3": 3035,
      "item4": 1051,
      "item6": 2052,
      "magicDamageDealtToChampions": 7197,
      "physicalDamageDealtToChampions": 15113,
      "totalDamageDealtToChampions": 22311
    }
  },
  "21478891": {
    "gameId": 818162462,
    "invalid": false,
    "gameMode": "ARAM",
    "gameType": "MATCHED_GAME",
    "subType": "ARAM_UNRANKED_5x5",
    "mapId": 12,
    "teamId": 100,
    "championId": 238,
    "spell1": 14,
    "spell2": 7,
    "level": 30,
    "ipEarned": 39,
    "createDate": 1398242451228,
    "fellowPlayers": [
      {
        "summonerId": 35334922,
        "teamId": 200,
        "championId": 42
      },
      {
        "summonerId": 23273084,
        "teamId": 200,
        "championId": 30
      },
      {
        "summonerId": 23747597,
        "teamId": 100,
        "championId": 82
      },
      {
        "summonerId": 27334180,
        "teamId": 200,
        "championId": 81
      },
      {
        "summonerId": 40853234,
        "teamId": 100,
        "championId": 53
      },
      {
        "summonerId": 37024103,
        "teamId": 100,
        "championId": 13
      },
      {
        "summonerId": 20682834,
        "teamId": 100,
        "championId": 36
      },
      {
        "summonerId": 36253826,
        "teamId": 200,
        "championId": 62
      },
      {
        "summonerId": 34896088,
        "teamId": 200,
        "championId": 17
      }
    ],
    "stats": {
      "level": 15,
      "goldEarned": 8183,
      "numDeaths": 10,
      "minionsKilled": 24,
      "championsKilled": 5,
      "goldSpent": 7580,
      "totalDamageDealt": 25684,
      "totalDamageTaken": 22633,
      "killingSprees": 1,
      "largestKillingSpree": 2,
      "team": 100,
      "win": false,
      "largestMultiKill": 1,
      "physicalDamageDealtPlayer": 24185,
      "magicDamageDealtPlayer": 786,
      "physicalDamageTaken": 8976,
      "magicDamageTaken": 13450,
      "timePlayed": 1099,
      "totalHeal": 2368,
      "totalUnitsHealed": 4,
      "assists": 13,
      "item1": 3022,
      "item2": 3158,
      "item4": 3071,
      "item6": 2052,
      "magicDamageDealtToChampions": 300,
      "physicalDamageDealtToChampions": 11085,
      "totalDamageDealtToChampions": 12056,
      "trueDamageDealtPlayer": 712,
      "trueDamageDealtToChampions": 670,
      "trueDamageTaken": 205,
      "wardPlaced": 7,
      "totalTimeCrowdControlDealt": 16
    }
  },
  "23273084": {
    "gameId": 818162462,
    "invalid": false,
    "gameMode": "ARAM",
    "gameType": "MATCHED_GAME",
    "subType": "ARAM_UNRANKED_5x5",
    "mapId": 12,
    "teamId": 200,
    "championId": 30,
    "spell1": 4,
    "spell2": 7,
    "level": 30,
    "ipEarned": 206,
    "createDate": 1398242451233,
    "fellowPlayers": [
      {
        "summonerId": 35334922,
        "teamId": 200,
        "championId": 42
      },
      {
        "summonerId": 21478891,
        "teamId": 100,
        "championId": 238
      },
      {
        "summonerId": 23747597,
        "teamId": 100,
        "championId": 82
      },
      {
        "summonerId": 27334180,
        "teamId": 200,
        "championId": 81
      },
      {
        "summonerId": 40853234,
        "teamId": 100,
        "championId": 53
      },
      {
        "summonerId": 37024103,
        "teamId": 100,
        "championId": 13
      },
      {
        "summonerId": 20682834,
        "teamId": 100,
        "championId": 36
      },
      {
        "summonerId": 36253826,
        "teamId": 200,
        "championId": 62
      },
      {
        "summonerId": 34896088,
        "teamId": 200,
        "championId": 17
      }
    ],
    "stats": {
      "level": 15,
      "goldEarned": 9630,
      "numDeaths": 8,
      "minionsKilled": 23,
      "championsKilled": 7,
      "goldSpent": 8285,
      "totalDamageDealt": 43212,
      "totalDamageTaken": 17581,
      "doubleKills": 1,
      "killingSprees": 1,
      "largestKillingSpree": 3,
      "team": 200,
      "win": true,
      "largestMultiKill": 2,
      "physicalDamageDealtPlayer": 2227,
      "magicDamageDealtPlayer": 40984,
      "physicalDamageTaken": 3941,
      "magicDamageTaken": 13389,
      "timePlayed": 1099,
      "totalHeal": 2507,
      "totalUnitsHealed": 3,
      "assists": 23,
      "item0": 3027,
      "item1": 3191,
      "item2": 3089,
      "item3": 2003,
      "item4": 1001,
      "item6": 2052,
      "magicDamageDealtToChampions": 23772,
      "physicalDamageDealtToChampions": 206,
      "totalDamageDealtToChampions": 23979,
      "trueDamageTaken": 250,
      "totalTimeCrowdControlDealt": 868
    }
  },
  "20682834": {
    "gameId": 818162462,
    "invalid": false,
    "gameMode": "ARAM",
    "gameType": "MATCHED_GAME",
    "subType": "ARAM_UNRANKED_5x5",
    "mapId": 12,
    "teamId": 100,
    "championId": 36,
    "spell1": 7,
    "spell2": 4,
    "level": 30,
    "ipEarned": 39,
    "createDate": 1398242451231,
    "fellowPlayers": [
      {
        "summonerId": 35334922,
        "teamId": 200,
        "championId": 42
      },
      {
        "summonerId": 23273084,
        "teamId": 200,
        "championId": 30
      },
      {
        "summonerId": 21478891,
        "teamId": 100,
        "championId": 238
      },
      {
        "summonerId": 23747597,
        "teamId": 100,
        "championId": 82
      },
      {
        "summonerId": 27334180,
        "teamId": 200,
        "championId": 81
      },
      {
        "summonerId": 40853234,
        "teamId": 100,
        "championId": 53
      },
      {
        "summonerId": 37024103,
        "teamId": 100,
        "championId": 13
      },
      {
        "summonerId": 36253826,
        "teamId": 200,
        "championId": 62
      },
      {
        "summonerId": 34896088,
        "teamId": 200,
        "championId": 17
      }
    ],
    "stats": {
      "level": 15,
      "goldEarned": 8473,
      "numDeaths": 7,
      "minionsKilled": 19,
      "championsKilled": 6,
      "goldSpent": 8195,
      "totalDamageDealt": 29519,
      "totalDamageTaken": 29115,
      "killingSprees": 1,
      "largestKillingSpree": 3,
      "team": 100,
      "win": false,
      "largestMultiKill": 1,
      "physicalDamageDealtPlayer": 5087,
      "magicDamageDealtPlayer": 24431,
      "physicalDamageTaken": 14125,
      "magicDamageTaken": 14762,
      "timePlayed": 1099,
      "totalHeal": 8086,
      "totalUnitsHealed": 4,
      "assists": 17,
      "item0": 3065,
      "item1": 3111,
      "item2": 3143,
      "item3": 1011,
      "item6": 2052,
      "magicDamageDealtToChampions": 11823,
      "physicalDamageDealtToChampions": 2338,
      "totalDamageDealtToChampions": 14162,
      "trueDamageTaken": 227,
      "totalTimeCrowdControlDealt": 303
    }
  },
  "34896088": {
    "gameId": 818162462,
    "invalid": false,
    "gameMode": "ARAM",
    "gameType": "MATCHED_GAME",
    "subType": "ARAM_UNRANKED_5x5",
    "mapId": 12,
    "teamId": 200,
    "championId": 17,
    "spell1": 21,
    "spell2": 4,
    "level": 30,
    "ipEarned": 56,
    "createDate": 1398242451235,
    "fellowPlayers": [
      {
        "summonerId": 35334922,
        "teamId": 200,
        "championId": 42
      },
      {
        "summonerId": 23273084,
        "teamId": 200,
        "championId": 30
      },
      {
        "summonerId": 21478891,
        "teamId": 100,
        "championId": 238
      },
      {
        "summonerId": 23747597,
        "teamId": 100,
        "championId": 82
      },
      {
        "summonerId": 27334180,
        "teamId": 200,
        "championId": 81
      },
      {
        "summonerId": 40853234,
        "teamId": 100,
        "championId": 53
      },
      {
        "summonerId": 37024103,
        "teamId": 100,
        "championId": 13
      },
      {
        "summonerId": 20682834,
        "teamId": 100,
        "championId": 36
      },
      {
        "summonerId": 36253826,
        "teamId": 200,
        "championId": 62
      }
    ],
    "stats": {
      "level": 16,
      "goldEarned": 9819,
      "numDeaths": 4,
      "minionsKilled": 35,
      "championsKilled": 12,
      "goldSpent": 7210,
      "totalDamageDealt": 41084,
      "totalDamageTaken": 10334,
      "doubleKills": 1,
      "tripleKills": 1,
      "killingSprees": 4,
      "largestKillingSpree": 4,
      "team": 200,
      "win": true,
      "largestMultiKill": 3,
      "physicalDamageDealtPlayer": 9995,
      "magicDamageDealtPlayer": 31089,
      "physicalDamageTaken": 3837,
      "magicDamageTaken": 6496,
      "timePlayed": 1099,
      "totalHeal": 1378,
      "totalUnitsHealed": 1,
      "assists": 17,
      "item0": 3174,
      "item1": 3089,
      "item2": 3020,
      "magicDamageDealtToChampions": 23876,
      "physicalDamageDealtToChampions": 1914,
      "totalDamageDealtToChampions": 25790,
      "wardPlaced": 34,
      "totalTimeCrowdControlDealt": 382
    }
  },
  "23747597": {
    "gameId": 818162462,
    "invalid": false,
    "gameMode": "ARAM",
    "gameType": "MATCHED_GAME",
    "subType": "ARAM_UNRANKED_5x5",
    "mapId": 12,
    "teamId": 100,
    "championId": 82,
    "spell1": 4,
    "spell2": 21,
    "level": 30,
    "ipEarned": 39,
    "createDate": 1398242451227,
    "fellowPlayers": [
      {
        "summonerId": 35334922,
        "teamId": 200,
        "championId": 42
      },
      {
        "summonerId": 23273084,
        "teamId": 200,
        "championId": 30
      },
      {
        "summonerId": 21478891,
        "teamId": 100,
        "championId": 238
      },
      {
        "summonerId": 27334180,
        "teamId": 200,
        "championId": 81
      },
      {
        "summonerId": 40853234,
        "teamId": 100,
        "championId": 53
      },
      {
        "summonerId": 37024103,
        "teamId": 100,
        "championId": 13
      },
      {
        "summonerId": 20682834,
        "teamId": 100,
        "championId": 36
      },
      {
        "summonerId": 36253826,
        "teamId": 200,
        "championId": 62
      },
      {
        "summonerId": 34896088,
        "teamId": 200,
        "championId": 17
      }
    ],
    "stats": {
      "level": 15,
      "goldEarned": 9228,
      "numDeaths": 10,
      "minionsKilled": 38,
      "championsKilled": 10,
      "goldSpent": 8205,
      "totalDamageDealt": 48289,
      "totalDamageTaken": 21203,
      "doubleKills": 3,
      "killingSprees": 3,
      "largestKillingSpree": 4,
      "team": 100,
      "win": false,
      "largestMultiKill": 2,
      "physicalDamageDealtPlayer": 1991,
      "magicDamageDealtPlayer": 46297,
      "physicalDamageTaken": 9184,
      "magicDamageTaken": 11829,
      "timePlayed": 1099,
      "totalHeal": 2037,
      "totalUnitsHealed": 1,
      "assists": 14,
      "item0": 3145,
      "item2": 3111,
      "item4": 3068,
      "item5": 3001,
      "magicDamageDealtToChampions": 17601,
      "physicalDamageDealtToChampions": 605,
      "totalDamageDealtToChampions": 18206,
      "trueDamageTaken": 190,
      "totalTimeCrowdControlDealt": 86
    }
  },
  "40853234": {
    "gameId": 818162462,
    "invalid": false,
    "gameMode": "ARAM",
    "gameType": "MATCHED_GAME",
    "subType": "ARAM_UNRANKED_5x5",
    "mapId": 12,
    "teamId": 100,
    "championId": 53,
    "spell1": 4,
    "spell2": 7,
    "level": 30,
    "ipEarned": 39,
    "createDate": 1398242451232,
    "fellowPlayers": [
      {
        "summonerId": 35334922,
        "teamId": 200,
        "championId": 42
      },
      {
        "summonerId": 23273084,
        "teamId": 200,
        "championId": 30
      },
      {
        "summonerId": 21478891,
        "teamId": 100,
        "championId": 238
      },
      {
        "summonerId": 23747597,
        "teamId": 100,
        "championId": 82
      },
      {
        "summonerId": 27334180,
        "teamId": 200,
        "championId": 81
      },
      {
        "summonerId": 37024103,
        "teamId": 100,
        "championId": 13
      },
      {
        "summonerId": 20682834,
        "teamId": 100,
        "championId": 36
      },
      {
        "summonerId": 36253826,
        "teamId": 200,
        "championId": 62
      },
      {
        "summonerId": 34896088,
        "teamId": 200,
        "championId": 17
      }
    ],
    "stats": {
      "level": 14,
      "goldEarned": 7401,
      "numDeaths": 10,
      "minionsKilled": 18,
      "championsKilled": 2,
      "goldSpent": 8270,
      "totalDamageDealt": 25226,
      "totalDamageTaken": 20131,
      "team": 100,
      "win": false,
      "largestMultiKill": 1,
      "physicalDamageDealtPlayer": 6397,
      "magicDamageDealtPlayer": 18828,
      "physicalDamageTaken": 7701,
      "magicDamageTaken": 12340,
      "timePlayed": 1099,
      "totalHeal": 1806,
      "totalUnitsHealed": 4,
      "assists": 14,
      "item0": 3070,
      "item1": 1001,
      "item2": 3025,
      "item3": 3110,
      "magicDamageDealtToChampions": 8310,
      "physicalDamageDealtToChampions": 2849,
      "totalDamageDealtToChampions": 11160,
      "trueDamageTaken": 89,
      "totalTimeCrowdControlDealt": 435
    }
  }
}