{
  "35543211": {
    "gameId": 818168555,
    "invalid": false,
    "gameMode": "CLASSIC",
    "gameType": "MATCHED_GAME",
    "subType": "RANKED_SOLO_5x5",
    "mapId": 1,
    "teamId": 200,
    "championId": 222,
    "spell1": 4,
    "spell2": 7,
    "level": 30,
    "ipEarned": 51,
    "createDate": 1398242263370,
    "fellowPlayers": [
      {
        "summonerId": 20665798,
        "teamId": 100,
        "championId": 48
      },
      {
        "summonerId": 24651063,
        "teamId": 100,
        "championId": 29
      },
      {
        "summonerId": 26056079,
        "teamId": 200,
        "championId": 412
      },
      {
        "summonerId": 34057770,
        "teamId": 100,
        "championId": 82
      },
      {
        "summonerId": 37962987,
        "teamId": 100,
        "championId": 117
      },
      {
        "summonerId": 31902672,
        "teamId": 100,
        "championId": 83
      },
      {
        "summonerId": 22397339,
        "teamId": 200,
        "championId": 266
      },
      {
        "summonerId": 27213553,
        "teamId": 200,
        "championId": 45
      },
      {
        "summonerId": 34913703,
        "teamId": 200,
        "championId": 11
      }
    ],
    "stats": {
      "level": 12,
      "goldEarned": 9497,
      "numDeaths": 5,
      "turretsKilled": 2,
      "minionsKilled": 101,
      "championsKilled": 7,
      "goldSpent": 9385,
      "totalDamageDealt": 60644,
      "totalDamageTaken": 15852,
      "killingSprees": 3,
      "largestKillingSpree": 2,
      "team": 200,
      "win": false,
      "largestMultiKill": 1,
      "physicalDamageDealtPlayer": 57311,
      "magicDamageDealtPlayer": 2177,
      "physicalDamageTaken": 7775,
      "magicDamageTaken": 6908,
      "largestCriticalStrike": 476,
      "timePlayed": 1425,
      "totalHeal": 2203,
      "totalUnitsHealed": 3,
      "assists": 15,
      "item0": 1055,
      "item1": 3006,
      "item2": 3072,
      "item3": 3031,
      "item4": 1051,
      "item5": 1042,
      "item6": 3340,
      "magicDamageDealtToChampions": 1163,
      "physicalDamageDealtToChampions": 15965,
      "totalDamageDealtToChampions": 17472,
      "trueDamageDealtPlayer": 1156,
      "trueDamageDealtToChampions": 344,
      "trueDamageTaken": 1168,
      "wardPlaced": 3,
      "totalTimeCrowdControlDealt": 306
    }
  },
  "summonerCount": 10,
  "31902672": {
    "gameId": 818168555,
    "invalid": false,
    "gameMode": "CLASSIC",
    "gameType": "MATCHED_GAME",
    "subType": "RANKED_SOLO_5x5",
    "mapId": 1,
    "teamId": 100,
    "championId": 83,
    "spell1": 4,
    "spell2": 14,
    "level": 30,
    "ipEarned": 76,
    "createDate": 1398242263364,
    "fellowPlayers": [
      {
        "summonerId": 20665798,
        "teamId": 100,
        "championId": 48
      },
      {
        "summonerId": 35543211,
        "teamId": 200,
        "championId": 222
      },
      {
        "summonerId": 24651063,
        "teamId": 100,
        "championId": 29
      },
      {
        "summonerId": 26056079,
        "teamId": 200,
        "championId": 412
      },
      {
        "summonerId": 34057770,
        "teamId": 100,
        "championId": 82
      },
      {
        "summonerId": 37962987,
        "teamId": 100,
        "championId": 117
      },
      {
        "summonerId": 22397339,
        "teamId": 200,
        "championId": 266
      },
      {
        "summonerId": 27213553,
        "teamId": 200,
        "championId": 45
      },
      {
        "summonerId": 34913703,
        "teamId": 200,
        "championId": 11
      }
    ],
    "stats": {
      "level": 13,
      "goldEarned": 7342,
      "numDeaths": 4,
      "turretsKilled": 1,
      "minionsKilled": 63,
      "championsKilled": 6,
      "goldSpent": 7145,
      "totalDamageDealt": 55927,
      "totalDamageTaken": 20586,
      "killingSprees": 2,
      "largestKillingSpree": 3,
      "team": 100,
      "win": true,
      "neutralMinionsKilled": 2,
      "largestMultiKill": 1,
      "physicalDamageDealtPlayer": 44440,
      "magicDamageDealtPlayer": 10443,
      "physicalDamageTaken": 12832,
      "magicDamageTaken": 6851,
      "timePlayed": 1425,
      "totalHeal": 9068,
      "totalUnitsHealed": 1,
      "assists": 5,
      "item0": 1055,
      "item1": 3265,
      "item2": 3004,
      "item3": 1029,
      "item4": 3044,
      "item5": 3057,
      "item6": 3340,
      "magicDamageDealtToChampions": 3950,
      "physicalDamageDealtToChampions": 10536,
      "totalDamageDealtToChampions": 15531,
      "trueDamageDealtPlayer": 1044,
      "trueDamageDealtToChampions": 1044,
      "trueDamageTaken": 902,
      "wardPlaced": 4,
      "neutralMinionsKilledYourJungle": 2,
      "totalTimeCrowdControlDealt": 742
    }
  },
  "34057770": {
    "gameId": 818168555,
    "invalid": false,
    "gameMode": "CLASSIC",
    "gameType": "MATCHED_GAME",
    "subType": "RANKED_SOLO_5x5",
    "mapId": 1,
    "teamId": 100,
    "championId": 82,
    "spell1": 4,
    "spell2": 14,
    "level": 30,
    "ipEarned": 76,
    "createDate": 1398242263361,
    "fellowPlayers": [
      {
        "summonerId": 20665798,
        "teamId": 100,
        "championId": 48
      },
      {
        "summonerId": 35543211,
        "teamId": 200,
        "championId": 222
      },
      {
        "summonerId": 24651063,
        "teamId": 100,
        "championId": 29
      },
      {
        "summonerId": 26056079,
        "teamId": 200,
        "championId": 412
      },
      {
        "summonerId": 37962987,
        "teamId": 100,
        "championId": 117
      },
      {
        "summonerId": 31902672,
        "teamId": 100,
        "championId": 83
      },
      {
        "summonerId": 22397339,
        "teamId": 200,
        "championId": 266
      },
      {
        "summonerId": 27213553,
        "teamId": 200,
        "championId": 45
      },
      {
        "summonerId": 34913703,
        "teamId": 200,
        "championId": 11
      }
    ],
    "stats": {
      "level": 13,
      "goldEarned": 9556,
      "numDeaths": 11,
      "turretsKilled": 1,
      "minionsKilled": 125,
      "championsKilled": 7,
      "goldSpent": 10135,
      "totalDamageDealt": 97077,
      "totalDamageTaken": 18881,
      "doubleKills": 2,
      "killingSprees": 3,
      "largestKillingSpree": 2,
      "team": 100,
      "win": true,
      "largestMultiKill": 2,
      "physicalDamageDealtPlayer": 11468,
      "magicDamageDealtPlayer": 85002,
      "physicalDamageTaken": 10741,
      "magicDamageTaken": 7512,
      "timePlayed": 1425,
      "totalHeal": 1883,
      "totalUnitsHealed": 1,
      "assists": 7,
      "item0": 3146,
      "item1": 1058,
      "item2": 3152,
      "item3": 3255,
      "item6": 3340,
      "magicDamageDealtToChampions": 17755,
      "physicalDamageDealtToChampions": 729,
      "totalDamageDealtToChampions": 19057,
      "trueDamageDealtPlayer": 606,
      "trueDamageDealtToChampions": 572,
      "trueDamageTaken": 627,
      "totalTimeCrowdControlDealt": 20
    }
  },
  "24651063": {
    "gameId": 818168555,
    "invalid": false,
    "gameMode": "CLASSIC",
    "gameType": "MATCHED_GAME",
    "subType": "RANKED_SOLO_5x5",
    "mapId": 1,
    "teamId": 100,
    "championId": 29,
    "spell1": 4,
    "spell2": 7,
    "level": 30,
    "ipEarned": 226,
    "createDate": 1398242263362,
    "fellowPlayers": [
      {
        "summonerId": 20665798,
        "teamId": 100,
        "championId": 48
      },
      {
        "summonerId": 35543211,
        "teamId": 200,
        "championId": 222
      },
      {
        "summonerId": 26056079,
        "teamId": 200,
        "championId": 412
      },
      {
        "summonerId": 34057770,
        "teamId": 100,
        "championId": 82
      },
      {
        "summonerId": 37962987,
        "teamId": 100,
        "championId": 117
      },
      {
        "summonerId": 31902672,
        "teamId": 100,
        "championId": 83
      },
      {
        "summonerId": 22397339,
        "teamId": 200,
        "championId": 266
      },
      {
        "summonerId": 27213553,
        "teamId": 200,
        "championId": 45
      },
      {
        "summonerId": 34913703,
        "teamId": 200,
        "championId": 11
      }
    ],
    "stats": {
      "level": 11,
      "goldEarned": 8379,
      "numDeaths": 6,
      "barracksKilled": 1,
      "turretsKilled": 1,
      "minionsKilled": 89,
      "championsKilled": 7,
      "goldSpent": 7810,
      "totalDamageDealt": 54885,
      "totalDamageTaken": 12282,
      "doubleKills": 1,
      "killingSprees": 2,
      "largestKillingSpree": 4,
      "team": 100,
      "win": true,
      "neutralMinionsKilled": 7,
      "largestMultiKill": 2,
      "physicalDamageDealtPlayer": 49886,
      "physicalDamageTaken": 8090,
      "magicDamageTaken": 4091,
      "largestCriticalStrike": 408,
      "timePlayed": 1425,
      "totalHeal": 1860,
      "totalUnitsHealed": 2,
      "assists": 3,
      "item0": 1055,
      "item1": 3085,
      "item2": 3006,
      "item3": 3072,
      "item4": 1018,
      "item6": 3340,
      "physicalDamageDealtToChampions": 11848,
      "totalDamageDealtToChampions": 14552,
      "trueDamageDealtPlayer": 4998,
      "trueDamageDealtToChampions": 2704,
      "trueDamageTaken": 100,
      "wardPlaced": 2,
      "neutralMinionsKilledYourJungle": 7,
      "totalTimeCrowdControlDealt": 159
    }
  },
  "27213553": {
    "gameId": 818168555,
    "invalid": false,
    "gameMode": "CLASSIC",
    "gameType": "MATCHED_GAME",
    "subType": "RANKED_SOLO_5x5",
    "mapId": 1,
    "teamId": 200,
    "championId": 45,
    "spell1": 14,
    "spell2": 4,
    "level": 30,
    "ipEarned": 51,
    "createDate": 1398242263371,
    "fellowPlayers": [
      {
        "summonerId": 20665798,
        "teamId": 100,
        "championId": 48
      },
      {
        "summonerId": 35543211,
        "teamId": 200,
        "championId": 222
      },
      {
        "summonerId": 24651063,
        "teamId": 100,
        "championId": 29
      },
      {
        "summonerId": 26056079,
        "teamId": 200,
        "championId": 412
      },
      {
        "summonerId": 34057770,
        "teamId": 100,
        "championId": 82
      },
      {
        "summonerId": 37962987,
        "teamId": 100,
        "championId": 117
      },
      {
        "summonerId": 31902672,
        "teamId": 100,
        "championId": 83
      },
      {
        "summonerId": 22397339,
        "teamId": 200,
        "championId": 266
      },
      {
        "summonerId": 34913703,
        "teamId": 200,
        "championId": 11
      }
    ],
    "stats": {
      "level": 13,
      "goldEarned": 9166,
      "numDeaths": 6,
      "minionsKilled": 77,
      "championsKilled": 11,
      "goldSpent": 7740,
      "totalDamageDealt": 51491,
      "totalDamageTaken": 13610,
      "doubleKills": 1,
      "killingSprees": 3,
      "largestKillingSpree": 4,
      "team": 200,
      "win": false,
      "largestMultiKill": 2,
      "physicalDamageDealtPlayer": 6486,
      "magicDamageDealtPlayer": 43897,
      "physicalDamageTaken": 5769,
      "magicDamageTaken": 6581,
      "timePlayed": 1425,
      "totalHeal": 878,
      "totalUnitsHealed": 1,
      "assists": 11,
      "item0": 3174,
      "item1": 3157,
      "item2": 3020,
      "item3": 2004,
      "item6": 3340,
      "magicDamageDealtToChampions": 20484,
      "physicalDamageDealtToChampions": 669,
      "totalDamageDealtToChampions": 22193,
      "trueDamageDealtPlayer": 1108,
      "trueDamageDealtToChampions": 1040,
      "trueDamageTaken": 1258,
      "wardPlaced": 3,
      "totalTimeCrowdControlDealt": 279
    }
  },
  "34913703": {
    "gameId": 818168555,
    "invalid": false,
    "gameMode": "CLASSIC",
    "gameType": "MATCHED_GAME",
    "subType": "RANKED_SOLO_5x5",
    "mapId": 1,
    "teamId": 200,
    "championId": 11,
    "spell1": 4,
    "spell2": 11,
    "level": 30,
    "ipEarned": 51,
    "createDate": 1398242263369,
    "fellowPlayers": [
      {
        "summonerId": 20665798,
        "teamId": 100,
        "championId": 48
      },
      {
        "summonerId": 35543211,
        "teamId": 200,
        "championId": 222
      },
      {
        "summonerId": 24651063,
        "teamId": 100,
        "championId": 29
      },
      {
        "summonerId": 26056079,
        "teamId": 200,
        "championId": 412
      },
      {
        "summonerId": 34057770,
        "teamId": 100,
        "championId": 82
      },
      {
        "summonerId": 37962987,
        "teamId": 100,
        "championId": 117
      },
      {
        "summonerId": 31902672,
        "teamId": 100,
        "championId": 83
      },
      {
        "summonerId": 22397339,
        "teamId": 200,
        "championId": 266
      },
      {
        "summonerId": 27213553,
        "teamId": 200,
        "championId": 45
      }
    ],
    "stats": {
      "level": 14,
      "goldEarned": 9476,
      "numDeaths": 4,
      "minionsKilled": 53,
      "championsKilled": 9,
      "goldSpent": 9275,
      "totalDamageDealt": 121343,
      "totalDamageTaken": 18750,
      "doubleKills": 2,
      "killingSprees": 4,
      "largestKillingSpree": 3,
      "team": 200,
      "win": false,
      "neutralMinionsKilled": 69,
      "largestMultiKill": 2,
      "physicalDamageDealtPlayer": 100404,
      "magicDamageDealtPlayer": 11820,
      "physicalDamageTaken": 11185,
      "magicDamageTaken": 6502,
      "largestCriticalStrike": 733,
      "timePlayed": 1425,
      "totalHeal": 4107,
      "totalUnitsHealed": 1,
      "assists": 9,
      "item0": 3142,
      "item1": 3154,
      "item2": 3006,
      "item3": 2004,
      "item4": 3072,
      "item6": 3340,
      "physicalDamageDealtToChampions": 13176,
      "totalDamageDealtToChampions": 14333,
      "trueDamageDealtPlayer": 9118,
      "trueDamageDealtToChampions": 1157,
      "trueDamageTaken": 1062,
      "wardPlaced": 5,
      "neutralMinionsKilledEnemyJungle": 2,
      "neutralMinionsKilledYourJungle": 67,
      "totalTimeCrowdControlDealt": 267
    }
  },
  "22397339": {
    "gameId": 818168555,
    "invalid": false,
    "gameMode": "CLASSIC",
    "gameType": "MATCHED_GAME",
    "subType": "RANKED_SOLO_5x5",
    "mapId": 1,
    "teamId": 200,
    "championId": 266,
    "spell1": 4,
    "spell2": 14,
    "level": 30,
    "ipEarned": 51,
    "createDate": 1398242263368,
    "fellowPlayers": [
      {
        "summonerId": 20665798,
        "teamId": 100,
        "championId": 48
      },
      {
        "summonerId": 35543211,
        "teamId": 200,
        "championId": 222
      },
      {
        "summonerId": 24651063,
        "teamId": 100,
        "championId": 29
      },
      {
        "summonerId": 26056079,
        "teamId": 200,
        "championId": 412
      },
      {
        "summonerId": 34057770,
        "teamId": 100,
        "championId": 82
      },
      {
        "summonerId": 37962987,
        "teamId": 100,
        "championId": 117
      },
      {
        "summonerId": 31902672,
        "teamId": 100,
        "championId": 83
      },
      {
        "summonerId": 27213553,
        "teamId": 200,
        "championId": 45
      },
      {
        "summonerId": 34913703,
        "teamId": 200,
        "championId": 11
      }
    ],
    "stats": {
      "level": 12,
      "goldEarned": 7076,
      "numDeaths": 7,
      "turretsKilled": 1,
      "minionsKilled": 101,
      "championsKilled": 2,
      "goldSpent": 6585,
      "totalDamageDealt": 68723,
      "totalDamageTaken": 18886,
      "killingSprees": 1,
      "largestKillingSpree": 2,
      "team": 200,
      "win": false,
      "neutralMinionsKilled": 6,
      "largestMultiKill": 1,
      "physicalDamageDealtPlayer": 41200,
      "magicDamageDealtPlayer": 26750,
      "physicalDamageTaken": 13628,
      "magicDamageTaken": 4131,
      "timePlayed": 1425,
      "totalHeal": 6327,
      "totalUnitsHealed": 1,
      "assists": 9,
      "item0": 3153,
      "item1": 1029,
      "item2": 1054,
      "item3": 3082,
      "item4": 1001,
      "item5": 1011,
      "item6": 3340,
      "sightWardsBought": 1,
      "magicDamageDealtToChampions": 5258,
      "physicalDamageDealtToChampions": 5931,
      "totalDamageDealtToChampions": 11732,
      "trueDamageDealtPlayer": 772,
      "trueDamageDealtToChampions": 542,
      "trueDamageTaken": 1126,
      "wardPlaced": 4,
      "neutralMinionsKilledYourJungle": 6,
      "totalTimeCrowdControlDealt": 1125
    }
  },
  "26056079": {
    "gameId": 818168555,
    "invalid": false,
    "gameMode": "CLASSIC",
    "gameType": "MATCHED_GAME",
    "subType": "RANKED_SOLO_5x5",
    "mapId": 1,
    "teamId": 200,
    "championId": 412,
    "spell1": 3,
    "spell2": 4,
    "level": 30,
    "ipEarned": 51,
    "createDate": 1398242263367,
    "fellowPlayers": [
      {
        "summonerId": 20665798,
        "teamId": 100,
        "championId": 48
      },
      {
        "summonerId": 35543211,
        "teamId": 200,
        "championId": 222
      },
      {
        "summonerId": 24651063,
        "teamId": 100,
        "championId": 29
      },
      {
        "summonerId": 34057770,
        "teamId": 100,
        "championId": 82
      },
      {
        "summonerId": 37962987,
        "teamId": 100,
        "championId": 117
      },
      {
        "summonerId": 31902672,
        "teamId": 100,
        "championId": 83
      },
      {
        "summonerId": 22397339,
        "teamId": 200,
        "championId": 266
      },
      {
        "summonerId": 27213553,
        "teamId": 200,
        "championId": 45
      },
      {
        "summonerId": 34913703,
        "teamId": 200,
        "championId": 11
      }
    ],
    "stats": {
      "level": 11,
      "goldEarned": 7308,
      "numDeaths": 5,
      "minionsKilled": 17,
      "championsKilled": 3,
      "goldSpent": 6930,
      "totalDamageDealt": 14957,
      "totalDamageTaken": 16838,
      "killingSprees": 1,
      "largestKillingSpree": 2,
      "team": 200,
      "win": false,
      "neutralMinionsKilled": 1,
      "largestMultiKill": 1,
      "physicalDamageDealtPlayer": 4711,
      "magicDamageDealtPlayer": 10245,
      "physicalDamageTaken": 8767,
      "magicDamageTaken": 6723,
      "timePlayed": 1425,
      "totalHeal": 531,
      "totalUnitsHealed": 1,
      "assists": 15,
      "item0": 3117,
      "item1": 2045,
      "item2": 3069,
      "item3": 3082,
      "item4": 1011,
      "item6": 3340,
      "sightWardsBought": 3,
      "magicDamageDealtToChampions": 5020,
      "physicalDamageDealtToChampions": 1293,
      "totalDamageDealtToChampions": 6313,
      "trueDamageTaken": 1348,
      "wardPlaced": 12,
      "neutralMinionsKilledEnemyJungle": 1,
      "totalTimeCrowdControlDealt": 246
    }
  },
  "37962987": {
    "gameId": 818168555,
    "invalid": false,
    "gameMode": "CLASSIC",
    "gameType": "MATCHED_GAME",
    "subType": "RANKED_SOLO_5x5",
    "mapId": 1,
    "teamId": 100,
    "championId": 117,
    "spell1": 4,
    "spell2": 14,
    "level": 30,
    "ipEarned": 76,
    "createDate": 1398242263366,
    "fellowPlayers": [
      {
        "summonerId": 20665798,
        "teamId": 100,
        "championId": 48
      },
      {
        "summonerId": 35543211,
        "teamId": 200,
        "championId": 222
      },
      {
        "summonerId": 24651063,
        "teamId": 100,
        "championId": 29
      },
      {
        "summonerId": 26056079,
        "teamId": 200,
        "championId": 412
      },
      {
        "summonerId": 34057770,
        "teamId": 100,
        "championId": 82
      },
      {
        "summonerId": 31902672,
        "teamId": 100,
        "championId": 83
      },
      {
        "summonerId": 22397339,
        "teamId": 200,
        "championId": 266
      },
      {
        "summonerId": 27213553,
        "teamId": 200,
        "championId": 45
      },
      {
        "summonerId": 34913703,
        "teamId": 200,
        "championId": 11
      }
    ],
    "stats": {
      "level": 11,
      "goldEarned": 8344,
      "numDeaths": 6,
      "minionsKilled": 12,
      "championsKilled": 3,
      "goldSpent": 7715,
      "totalDamageDealt": 21114,
      "totalDamageTaken": 15220,
      "team": 100,
      "win": true,
      "largestMultiKill": 1,
      "physicalDamageDealtPlayer": 6653,
      "magicDamageDealtPlayer": 13619,
      "physicalDamageTaken": 7791,
      "magicDamageTaken": 6883,
      "timePlayed": 1425,
      "totalHeal": 160,
      "totalUnitsHealed": 1,
      "assists": 11,
      "item0": 2045,
      "item1": 3023,
      "item2": 3092,
      "item3": 3117,
      "item6": 3340,
      "sightWardsBought": 2,
      "magicDamageDealtToChampions": 7755,
      "physicalDamageDealtToChampions": 2516,
      "totalDamageDealtToChampions": 11113,
      "trueDamageDealtPlayer": 842,
      "trueDamageDealtToChampions": 842,
      "trueDamageTaken": 545,
      "wardPlaced": 12,
      "totalTimeCrowdControlDealt": 159
    }
  },
  "35543211": {
    "gameId": 818168555,
    "invalid": false,
    "gameMode": "CLASSIC",
    "gameType": "MATCHED_GAME",
    "subType": "RANKED_SOLO_5x5",
    "mapId": 1,
    "teamId": 200,
    "championId": 222,
    "spell1": 4,
    "spell2": 7,
    "level": 30,
    "ipEarned": 51,
    "createDate": 1398242263370,
    "fellowPlayers": [
      {
        "summonerId": 20665798,
        "teamId": 100,
        "championId": 48
      },
      {
        "summonerId": 24651063,
        "teamId": 100,
        "championId": 29
      },
      {
        "summonerId": 26056079,
        "teamId": 200,
        "championId": 412
      },
      {
        "summonerId": 34057770,
        "teamId": 100,
        "championId": 82
      },
      {
        "summonerId": 37962987,
        "teamId": 100,
        "championId": 117
      },
      {
        "summonerId": 31902672,
        "teamId": 100,
        "championId": 83
      },
      {
        "summonerId": 22397339,
        "teamId": 200,
        "championId": 266
      },
      {
        "summonerId": 27213553,
        "teamId": 200,
        "championId": 45
      },
      {
        "summonerId": 34913703,
        "teamId": 200,
        "championId": 11
      }
    ],
    "stats": {
      "level": 12,
      "goldEarned": 9497,
      "numDeaths": 5,
      "turretsKilled": 2,
      "minionsKilled": 101,
      "championsKilled": 7,
      "goldSpent": 9385,
      "totalDamageDealt": 60644,
      "totalDamageTaken": 15852,
      "killingSprees": 3,
      "largestKillingSpree": 2,
      "team": 200,
      "win": false,
      "largestMultiKill": 1,
      "physicalDamageDealtPlayer": 57311,
      "magicDamageDealtPlayer": 2177,
      "physicalDamageTaken": 7775,
      "magicDamageTaken": 6908,
      "largestCriticalStrike": 476,
      "timePlayed": 1425,
      "totalHeal": 2203,
      "totalUnitsHealed": 3,
      "assists": 15,
      "item0": 1055,
      "item1": 3006,
      "item2": 3072,
      "item3": 3031,
      "item4": 1051,
      "item5": 1042,
      "item6": 3340,
      "magicDamageDealtToChampions": 1163,
      "physicalDamageDealtToChampions": 15965,
      "totalDamageDealtToChampions": 17472,
      "trueDamageDealtPlayer": 1156,
      "trueDamageDealtToChampions": 344,
      "trueDamageTaken": 1168,
      "wardPlaced": 3,
      "totalTimeCrowdControlDealt": 306
    }
  }
}