{
  "44753438": {
    "gameId": 818169172,
    "invalid": false,
    "gameMode": "CLASSIC",
    "gameType": "MATCHED_GAME",
    "subType": "RANKED_SOLO_5x5",
    "mapId": 1,
    "teamId": 200,
    "championId": 51,
    "spell1": 7,
    "spell2": 4,
    "level": 30,
    "ipEarned": 94,
    "createDate": 1398243109494,
    "fellowPlayers": [
      {
        "summonerId": 42334381,
        "teamId": 200,
        "championId": 50
      },
      {
        "summonerId": 28307216,
        "teamId": 200,
        "championId": 23
      },
      {
        "summonerId": 33919164,
        "teamId": 100,
        "championId": 69
      },
      {
        "summonerId": 28681756,
        "teamId": 100,
        "championId": 1
      },
      {
        "summonerId": 38344202,
        "teamId": 200,
        "championId": 102
      },
      {
        "summonerId": 20656008,
        "teamId": 100,
        "championId": 29
      },
      {
        "summonerId": 30155846,
        "teamId": 100,
        "championId": 121
      },
      {
        "summonerId": 27040003,
        "teamId": 200,
        "championId": 412
      },
      {
        "summonerId": 32656748,
        "teamId": 100,
        "championId": 83
      }
    ],
    "stats": {
      "level": 17,
      "goldEarned": 16725,
      "numDeaths": 5,
      "turretsKilled": 2,
      "minionsKilled": 190,
      "championsKilled": 20,
      "goldSpent": 14545,
      "totalDamageDealt": 179445,
      "totalDamageTaken": 22975,
      "doubleKills": 5,
      "killingSprees": 5,
      "largestKillingSpree": 7,
      "team": 200,
      "win": true,
      "neutralMinionsKilled": 16,
      "largestMultiKill": 2,
      "physicalDamageDealtPlayer": 165270,
      "magicDamageDealtPlayer": 13228,
      "physicalDamageTaken": 12126,
      "magicDamageTaken": 9194,
      "largestCriticalStrike": 1412,
      "timePlayed": 1995,
      "totalHeal": 3238,
      "totalUnitsHealed": 2,
      "assists": 7,
      "item0": 3006,
      "item1": 3087,
      "item2": 3072,
      "item3": 3031,
      "item4": 3035,
      "item5": 1057,
      "item6": 3340,
      "magicDamageDealtToChampions": 2833,
      "physicalDamageDealtToChampions": 34600,
      "totalDamageDealtToChampions": 37991,
      "trueDamageDealtPlayer": 946,
      "trueDamageDealtToChampions": 558,
      "trueDamageTaken": 1653,
      "wardKilled": 1,
      "wardPlaced": 5,
      "neutralMinionsKilledEnemyJungle": 9,
      "neutralMinionsKilledYourJungle": 7,
      "totalTimeCrowdControlDealt": 322
    }
  },
  "summonerCount": 10,
  "27040003": {
    "gameId": 818169172,
    "invalid": false,
    "gameMode": "CLASSIC",
    "gameType": "MATCHED_GAME",
    "subType": "RANKED_SOLO_5x5",
    "mapId": 1,
    "teamId": 200,
    "championId": 412,
    "spell1": 4,
    "spell2": 3,
    "level": 30,
    "ipEarned": 94,
    "createDate": 1398243109497,
    "fellowPlayers": [
      {
        "summonerId": 42334381,
        "teamId": 200,
        "championId": 50
      },
      {
        "summonerId": 28307216,
        "teamId": 200,
        "championId": 23
      },
      {
        "summonerId": 33919164,
        "teamId": 100,
        "championId": 69
      },
      {
        "summonerId": 44753438,
        "teamId": 200,
        "championId": 51
      },
      {
        "summonerId": 28681756,
        "teamId": 100,
        "championId": 1
      },
      {
        "summonerId": 38344202,
        "teamId": 200,
        "championId": 102
      },
      {
        "summonerId": 20656008,
        "teamId": 100,
        "championId": 29
      },
      {
        "summonerId": 30155846,
        "teamId": 100,
        "championId": 121
      },
      {
        "summonerId": 32656748,
        "teamId": 100,
        "championId": 83
      }
    ],
    "stats": {
      "level": 15,
      "goldEarned": 12011,
      "numDeaths": 8,
      "turretsKilled": 2,
      "minionsKilled": 51,
      "championsKilled": 4,
      "goldSpent": 10490,
      "totalDamageDealt": 44573,
      "totalDamageTaken": 25793,
      "killingSprees": 1,
      "largestKillingSpree": 3,
      "team": 200,
      "win": true,
      "neutralMinionsKilled": 3,
      "largestMultiKill": 1,
      "physicalDamageDealtPlayer": 8591,
      "magicDamageDealtPlayer": 35982,
      "physicalDamageTaken": 12138,
      "magicDamageTaken": 12072,
      "timePlayed": 1995,
      "totalHeal": 2768,
      "totalUnitsHealed": 1,
      "assists": 20,
      "item0": 3069,
      "item1": 3190,
      "item2": 2049,
      "item3": 3117,
      "item4": 3068,
      "item5": 3028,
      "item6": 3340,
      "sightWardsBought": 3,
      "visionWardsBought": 1,
      "magicDamageDealtToChampions": 8215,
      "physicalDamageDealtToChampions": 1102,
      "totalDamageDealtToChampions": 9317,
      "trueDamageTaken": 1582,
      "wardPlaced": 20,
      "neutralMinionsKilledEnemyJungle": 3,
      "totalTimeCrowdControlDealt": 268
    }
  },
  "20656008": {
    "gameId": 818169172,
    "invalid": false,
    "gameMode": "CLASSIC",
    "gameType": "MATCHED_GAME",
    "subType": "RANKED_SOLO_5x5",
    "mapId": 1,
    "teamId": 100,
    "championId": 29,
    "spell1": 4,
    "spell2": 7,
    "level": 30,
    "ipEarned": 62,
    "createDate": 1398243109490,
    "fellowPlayers": [
      {
        "summonerId": 42334381,
        "teamId": 200,
        "championId": 50
      },
      {
        "summonerId": 28307216,
        "teamId": 200,
        "championId": 23
      },
      {
        "summonerId": 33919164,
        "teamId": 100,
        "championId": 69
      },
      {
        "summonerId": 44753438,
        "teamId": 200,
        "championId": 51
      },
      {
        "summonerId": 28681756,
        "teamId": 100,
        "championId": 1
      },
      {
        "summonerId": 38344202,
        "teamId": 200,
        "championId": 102
      },
      {
        "summonerId": 30155846,
        "teamId": 100,
        "championId": 121
      },
      {
        "summonerId": 27040003,
        "teamId": 200,
        "championId": 412
      },
      {
        "summonerId": 32656748,
        "teamId": 100,
        "championId": 83
      }
    ],
    "stats": {
      "level": 14,
      "goldEarned": 9397,
      "numDeaths": 8,
      "turretsKilled": 1,
      "minionsKilled": 162,
      "championsKilled": 4,
      "goldSpent": 8915,
      "totalDamageDealt": 84630,
      "totalDamageTaken": 19137,
      "killingSprees": 1,
      "largestKillingSpree": 2,
      "team": 100,
      "win": false,
      "neutralMinionsKilled": 8,
      "largestMultiKill": 1,
      "physicalDamageDealtPlayer": 77983,
      "magicDamageDealtPlayer": 36,
      "physicalDamageTaken": 15382,
      "magicDamageTaken": 3326,
      "largestCriticalStrike": 586,
      "timePlayed": 1995,
      "totalHeal": 2366,
      "totalUnitsHealed": 2,
      "assists": 2,
      "item0": 3144,
      "item1": 3031,
      "item2": 3006,
      "item3": 1055,
      "item4": 1042,
      "item5": 1053,
      "item6": 3340,
      "magicDamageDealtToChampions": 36,
      "physicalDamageDealtToChampions": 9897,
      "totalDamageDealtToChampions": 12520,
      "trueDamageDealtPlayer": 6610,
      "trueDamageDealtToChampions": 2586,
      "trueDamageTaken": 429,
      "wardKilled": 1,
      "wardPlaced": 6,
      "neutralMinionsKilledYourJungle": 8,
      "totalTimeCrowdControlDealt": 132
    }
  },
  "28307216": {
    "gameId": 818169172,
    "invalid": false,
    "gameMode": "CLASSIC",
    "gameType": "MATCHED_GAME",
    "subType": "RANKED_SOLO_5x5",
    "mapId": 1,
    "teamId": 200,
    "championId": 23,
    "spell1": 4,
    "spell2": 7,
    "level": 30,
    "ipEarned": 94,
    "createDate": 1398243109496,
    "fellowPlayers": [
      {
        "summonerId": 42334381,
        "teamId": 200,
        "championId": 50
      },
      {
        "summonerId": 33919164,
        "teamId": 100,
        "championId": 69
      },
      {
        "summonerId": 44753438,
        "teamId": 200,
        "championId": 51
      },
      {
        "summonerId": 28681756,
        "teamId": 100,
        "championId": 1
      },
      {
        "summonerId": 38344202,
        "teamId": 200,
        "championId": 102
      },
      {
        "summonerId": 20656008,
        "teamId": 100,
        "championId": 29
      },
      {
        "summonerId": 30155846,
        "teamId": 100,
        "championId": 121
      },
      {
        "summonerId": 27040003,
        "teamId": 200,
        "championId": 412
      },
      {
        "summonerId": 32656748,
        "teamId": 100,
        "championId": 83
      }
    ],
    "stats": {
      "level": 17,
      "goldEarned": 12408,
      "numDeaths": 4,
      "turretsKilled": 4,
      "minionsKilled": 240,
      "championsKilled": 4,
      "goldSpent": 10115,
      "totalDamageDealt": 183634,
      "totalDamageTaken": 47909,
      "killingSprees": 1,
      "largestKillingSpree": 2,
      "team": 200,
      "win": true,
      "neutralMinionsKilled": 25,
      "largestMultiKill": 1,
      "physicalDamageDealtPlayer": 175067,
      "magicDamageDealtPlayer": 8566,
      "physicalDamageTaken": 31172,
      "magicDamageTaken": 14554,
      "largestCriticalStrike": 514,
      "timePlayed": 1995,
      "totalHeal": 14639,
      "totalUnitsHealed": 3,
      "assists": 5,
      "item0": 3087,
      "item1": 3153,
      "item2": 3252,
      "item3": 1055,
      "item4": 1037,
      "item5": 1038,
      "item6": 3340,
      "magicDamageDealtToChampions": 921,
      "physicalDamageDealtToChampions": 16699,
      "totalDamageDealtToChampions": 17620,
      "trueDamageTaken": 2182,
      "wardPlaced": 1,
      "neutralMinionsKilledEnemyJungle": 6,
      "neutralMinionsKilledYourJungle": 19,
      "totalTimeCrowdControlDealt": 1137
    }
  },
  "42334381": {
    "gameId": 818169172,
    "invalid": false,
    "gameMode": "CLASSIC",
    "gameType": "MATCHED_GAME",
    "subType": "RANKED_SOLO_5x5",
    "mapId": 1,
    "teamId": 200,
    "championId": 50,
    "spell1": 14,
    "spell2": 4,
    "level": 30,
    "ipEarned": 244,
    "createDate": 1398243109493,
    "fellowPlayers": [
      {
        "summonerId": 28307216,
        "teamId": 200,
        "championId": 23
      },
      {
        "summonerId": 33919164,
        "teamId": 100,
        "championId": 69
      },
      {
        "summonerId": 44753438,
        "teamId": 200,
        "championId": 51
      },
      {
        "summonerId": 28681756,
        "teamId": 100,
        "championId": 1
      },
      {
        "summonerId": 38344202,
        "teamId": 200,
        "championId": 102
      },
      {
        "summonerId": 20656008,
        "teamId": 100,
        "championId": 29
      },
      {
        "summonerId": 30155846,
        "teamId": 100,
        "championId": 121
      },
      {
        "summonerId": 27040003,
        "teamId": 200,
        "championId": 412
      },
      {
        "summonerId": 32656748,
        "teamId": 100,
        "championId": 83
      }
    ],
    "stats": {
      "level": 16,
      "goldEarned": 10414,
      "numDeaths": 9,
      "barracksKilled": 1,
      "minionsKilled": 94,
      "championsKilled": 8,
      "goldSpent": 8560,
      "totalDamageDealt": 76143,
      "totalDamageTaken": 27588,
      "killingSprees": 1,
      "largestKillingSpree": 3,
      "team": 200,
      "win": true,
      "neutralMinionsKilled": 3,
      "largestMultiKill": 1,
      "physicalDamageDealtPlayer": 12604,
      "magicDamageDealtPlayer": 62570,
      "physicalDamageTaken": 9217,
      "magicDamageTaken": 17839,
      "timePlayed": 1995,
      "totalHeal": 7692,
      "totalUnitsHealed": 1,
      "assists": 7,
      "item0": 3157,
      "item1": 3020,
      "item2": 3027,
      "item3": 1026,
      "item6": 3340,
      "magicDamageDealtToChampions": 16188,
      "physicalDamageDealtToChampions": 862,
      "totalDamageDealtToChampions": 18018,
      "trueDamageDealtPlayer": 968,
      "trueDamageDealtToChampions": 968,
      "trueDamageTaken": 532,
      "wardPlaced": 6,
      "neutralMinionsKilledEnemyJungle": 3,
      "totalTimeCrowdControlDealt": 441
    }
  },
  "32656748": {
    "gameId": 818169172,
    "invalid": false,
    "gameMode": "CLASSIC",
    "gameType": "MATCHED_GAME",
    "subType": "RANKED_SOLO_5x5",
    "mapId": 1,
    "teamId": 100,
    "championId": 83,
    "spell1": 14,
    "spell2": 4,
    "level": 30,
    "ipEarned": 62,
    "createDate": 1398243109487,
    "fellowPlayers": [
      {
        "summonerId": 42334381,
        "teamId": 200,
        "championId": 50
      },
      {
        "summonerId": 28307216,
        "teamId": 200,
        "championId": 23
      },
      {
        "summonerId": 33919164,
        "teamId": 100,
        "championId": 69
      },
      {
        "summonerId": 44753438,
        "teamId": 200,
        "championId": 51
      },
      {
        "summonerId": 28681756,
        "teamId": 100,
        "championId": 1
      },
      {
        "summonerId": 38344202,
        "teamId": 200,
        "championId": 102
      },
      {
        "summonerId": 20656008,
        "teamId": 100,
        "championId": 29
      },
      {
        "summonerId": 30155846,
        "teamId": 100,
        "championId": 121
      },
      {
        "summonerId": 27040003,
        "teamId": 200,
        "championId": 412
      }
    ],
    "stats": {
      "level": 15,
      "goldEarned": 8745,
      "numDeaths": 9,
      "turretsKilled": 1,
      "minionsKilled": 103,
      "championsKilled": 3,
      "goldSpent": 8375,
      "totalDamageDealt": 75778,
      "totalDamageTaken": 30886,
      "team": 100,
      "win": false,
      "largestMultiKill": 1,
      "physicalDamageDealtPlayer": 49521,
      "magicDamageDealtPlayer": 25094,
      "physicalDamageTaken": 23258,
      "magicDamageTaken": 7124,
      "timePlayed": 1995,
      "totalHeal": 10549,
      "totalUnitsHealed": 1,
      "assists": 7,
      "item0": 1052,
      "item1": 3004,
      "item2": 3065,
      "item3": 3047,
      "item4": 3024,
      "item5": 2003,
      "item6": 3340,
      "magicDamageDealtToChampions": 9473,
      "physicalDamageDealtToChampions": 14146,
      "totalDamageDealtToChampions": 24783,
      "trueDamageDealtPlayer": 1162,
      "trueDamageDealtToChampions": 1162,
      "trueDamageTaken": 504,
      "wardKilled": 1,
      "wardPlaced": 5,
      "totalTimeCrowdControlDealt": 1330
    }
  },
  "28681756": {
    "gameId": 818169172,
    "invalid": false,
    "gameMode": "CLASSIC",
    "gameType": "MATCHED_GAME",
    "subType": "RANKED_SOLO_5x5",
    "mapId": 1,
    "teamId": 100,
    "championId": 1,
    "spell1": 7,
    "spell2": 4,
    "level": 30,
    "ipEarned": 62,
    "createDate": 1398243109492,
    "fellowPlayers": [
      {
        "summonerId": 42334381,
        "teamId": 200,
        "championId": 50
      },
      {
        "summonerId": 28307216,
        "teamId": 200,
        "championId": 23
      },
      {
        "summonerId": 33919164,
        "teamId": 100,
        "championId": 69
      },
      {
        "summonerId": 44753438,
        "teamId": 200,
        "championId": 51
      },
      {
        "summonerId": 38344202,
        "teamId": 200,
        "championId": 102
      },
      {
        "summonerId": 20656008,
        "teamId": 100,
        "championId": 29
      },
      {
        "summonerId": 30155846,
        "teamId": 100,
        "championId": 121
      },
      {
        "summonerId": 27040003,
        "teamId": 200,
        "championId": 412
      },
      {
        "summonerId": 32656748,
        "teamId": 100,
        "championId": 83
      }
    ],
    "stats": {
      "level": 14,
      "goldEarned": 10035,
      "numDeaths": 12,
      "minionsKilled": 35,
      "championsKilled": 3,
      "goldSpent": 11130,
      "totalDamageDealt": 46923,
      "totalDamageTaken": 24448,
      "killingSprees": 1,
      "largestKillingSpree": 2,
      "team": 100,
      "win": false,
      "neutralMinionsKilled": 2,
      "largestMultiKill": 1,
      "physicalDamageDealtPlayer": 5523,
      "magicDamageDealtPlayer": 41399,
      "physicalDamageTaken": 13889,
      "magicDamageTaken": 9921,
      "timePlayed": 1995,
      "totalHeal": 5981,
      "totalUnitsHealed": 4,
      "assists": 10,
      "item0": 3092,
      "item1": 3116,
      "item2": 1058,
      "item3": 1026,
      "item5": 3020,
      "item6": 3341,
      "sightWardsBought": 4,
      "visionWardsBought": 1,
      "magicDamageDealtToChampions": 16233,
      "physicalDamageDealtToChampions": 1641,
      "totalDamageDealtToChampions": 17875,
      "trueDamageTaken": 637,
      "wardKilled": 2,
      "wardPlaced": 4,
      "neutralMinionsKilledEnemyJungle": 2,
      "totalTimeCrowdControlDealt": 248
    }
  },
  "38344202": {
    "gameId": 818169172,
    "invalid": false,
    "gameMode": "CLASSIC",
    "gameType": "MATCHED_GAME",
    "subType": "RANKED_SOLO_5x5",
    "mapId": 1,
    "teamId": 200,
    "championId": 102,
    "spell1": 11,
    "spell2": 4,
    "level": 30,
    "ipEarned": 94,
    "createDate": 1398243109495,
    "fellowPlayers": [
      {
        "summonerId": 42334381,
        "teamId": 200,
        "championId": 50
      },
      {
        "summonerId": 28307216,
        "teamId": 200,
        "championId": 23
      },
      {
        "summonerId": 33919164,
        "teamId": 100,
        "championId": 69
      },
      {
        "summonerId": 44753438,
        "teamId": 200,
        "championId": 51
      },
      {
        "summonerId": 28681756,
        "teamId": 100,
        "championId": 1
      },
      {
        "summonerId": 20656008,
        "teamId": 100,
        "championId": 29
      },
      {
        "summonerId": 30155846,
        "teamId": 100,
        "championId": 121
      },
      {
        "summonerId": 27040003,
        "teamId": 200,
        "championId": 412
      },
      {
        "summonerId": 32656748,
        "teamId": 100,
        "championId": 83
      }
    ],
    "stats": {
      "level": 18,
      "goldEarned": 14739,
      "numDeaths": 3,
      "minionsKilled": 98,
      "championsKilled": 6,
      "goldSpent": 12515,
      "totalDamageDealt": 236055,
      "totalDamageTaken": 27920,
      "doubleKills": 1,
      "killingSprees": 1,
      "largestKillingSpree": 4,
      "team": 200,
      "win": true,
      "neutralMinionsKilled": 138,
      "largestMultiKill": 2,
      "physicalDamageDealtPlayer": 54370,
      "magicDamageDealtPlayer": 162649,
      "physicalDamageTaken": 19976,
      "magicDamageTaken": 7279,
      "timePlayed": 1995,
      "totalHeal": 8348,
      "totalUnitsHealed": 1,
      "assists": 8,
      "item0": 3160,
      "item1": 3111,
      "item2": 3068,
      "item3": 3143,
      "item4": 3102,
      "item5": 1053,
      "item6": 3340,
      "magicDamageDealtToChampions": 11015,
      "physicalDamageDealtToChampions": 3320,
      "totalDamageDealtToChampions": 14588,
      "trueDamageDealtPlayer": 19034,
      "trueDamageDealtToChampions": 252,
      "trueDamageTaken": 664,
      "wardPlaced": 7,
      "neutralMinionsKilledEnemyJungle": 13,
      "neutralMinionsKilledYourJungle": 125,
      "totalTimeCrowdControlDealt": 816
    }
  },
  "33919164": {
    "gameId": 818169172,
    "invalid": false,
    "gameMode": "CLASSIC",
    "gameType": "MATCHED_GAME",
    "subType": "RANKED_SOLO_5x5",
    "mapId": 1,
    "teamId": 100,
    "championId": 69,
    "spell1": 14,
    "spell2": 4,
    "level": 30,
    "ipEarned": 62,
    "createDate": 1398243109488,
    "fellowPlayers": [
      {
        "summonerId": 42334381,
        "teamId": 200,
        "championId": 50
      },
      {
        "summonerId": 28307216,
        "teamId": 200,
        "championId": 23
      },
      {
        "summonerId": 44753438,
        "teamId": 200,
        "championId": 51
      },
      {
        "summonerId": 28681756,
        "teamId": 100,
        "championId": 1
      },
      {
        "summonerId": 38344202,
        "teamId": 200,
        "championId": 102
      },
      {
        "summonerId": 20656008,
        "teamId": 100,
        "championId": 29
      },
      {
        "summonerId": 30155846,
        "teamId": 100,
        "championId": 121
      },
      {
        "summonerId": 27040003,
        "teamId": 200,
        "championId": 412
      },
      {
        "summonerId": 32656748,
        "teamId": 100,
        "championId": 83
      }
    ],
    "stats": {
      "level": 15,
      "goldEarned": 12000,
      "numDeaths": 10,
      "turretsKilled": 1,
      "minionsKilled": 133,
      "championsKilled": 11,
      "goldSpent": 11500,
      "totalDamageDealt": 106301,
      "totalDamageTaken": 23832,
      "killingSprees": 3,
      "largestKillingSpree": 3,
      "team": 100,
      "win": false,
      "largestMultiKill": 1,
      "physicalDamageDealtPlayer": 10858,
      "magicDamageDealtPlayer": 94125,
      "physicalDamageTaken": 10407,
      "magicDamageTaken": 13037,
      "timePlayed": 1995,
      "totalHeal": 749,
      "totalUnitsHealed": 1,
      "assists": 8,
      "item0": 1056,
      "item1": 3040,
      "item2": 3020,
      "item3": 3151,
      "item4": 3157,
      "item5": 1011,
      "item6": 3340,
      "magicDamageDealtToChampions": 34298,
      "physicalDamageDealtToChampions": 1793,
      "totalDamageDealtToChampions": 37410,
      "trueDamageDealtPlayer": 1318,
      "trueDamageDealtToChampions": 1318,
      "trueDamageTaken": 388,
      "wardPlaced": 6,
      "totalTimeCrowdControlDealt": 2998
    }
  },
  "44753438": {
    "gameId": 818169172,
    "invalid": false,
    "gameMode": "CLASSIC",
    "gameType": "MATCHED_GAME",
    "subType": "RANKED_SOLO_5x5",
    "mapId": 1,
    "teamId": 200,
    "championId": 51,
    "spell1": 7,
    "spell2": 4,
    "level": 30,
    "ipEarned": 94,
    "createDate": 1398243109494,
    "fellowPlayers": [
      {
        "summonerId": 42334381,
        "teamId": 200,
        "championId": 50
      },
      {
        "summonerId": 28307216,
        "teamId": 200,
        "championId": 23
      },
      {
        "summonerId": 33919164,
        "teamId": 100,
        "championId": 69
      },
      {
        "summonerId": 28681756,
        "teamId": 100,
        "championId": 1
      },
      {
        "summonerId": 38344202,
        "teamId": 200,
        "championId": 102
      },
      {
        "summonerId": 20656008,
        "teamId": 100,
        "championId": 29
      },
      {
        "summonerId": 30155846,
        "teamId": 100,
        "championId": 121
      },
      {
        "summonerId": 27040003,
        "teamId": 200,
        "championId": 412
      },
      {
        "summonerId": 32656748,
        "teamId": 100,
        "championId": 83
      }
    ],
    "stats": {
      "level": 17,
      "goldEarned": 16725,
      "numDeaths": 5,
      "turretsKilled": 2,
      "minionsKilled": 190,
      "championsKilled": 20,
      "goldSpent": 14545,
      "totalDamageDealt": 179445,
      "totalDamageTaken": 22975,
      "doubleKills": 5,
      "killingSprees": 5,
      "largestKillingSpree": 7,
      "team": 200,
      "win": true,
      "neutralMinionsKilled": 16,
      "largestMultiKill": 2,
      "physicalDamageDealtPlayer": 165270,
      "magicDamageDealtPlayer": 13228,
      "physicalDamageTaken": 12126,
      "magicDamageTaken": 9194,
      "largestCriticalStrike": 1412,
      "timePlayed": 1995,
      "totalHeal": 3238,
      "totalUnitsHealed": 2,
      "assists": 7,
      "item0": 3006,
      "item1": 3087,
      "item2": 3072,
      "item3": 3031,
      "item4": 3035,
      "item5": 1057,
      "item6": 3340,
      "magicDamageDealtToChampions": 2833,
      "physicalDamageDealtToChampions": 34600,
      "totalDamageDealtToChampions": 37991,
      "trueDamageDealtPlayer": 946,
      "trueDamageDealtToChampions": 558,
      "trueDamageTaken": 1653,
      "wardKilled": 1,
      "wardPlaced": 5,
      "neutralMinionsKilledEnemyJungle": 9,
      "neutralMinionsKilledYourJungle": 7,
      "totalTimeCrowdControlDealt": 322
    }
  }
}