{
  "28515043": {
    "gameId": 818161075,
    "invalid": false,
    "gameMode": "CLASSIC",
    "gameType": "MATCHED_GAME",
    "subType": "RANKED_SOLO_5x5",
    "mapId": 1,
    "teamId": 100,
    "championId": 55,
    "spell1": 4,
    "spell2": 14,
    "level": 30,
    "ipEarned": 89,
    "createDate": 1398242903590,
    "fellowPlayers": [
      {
        "summonerId": 26625168,
        "teamId": 100,
        "championId": 75
      },
      {
        "summonerId": 21289248,
        "teamId": 200,
        "championId": 76
      },
      {
        "summonerId": 23473502,
        "teamId": 100,
        "championId": 99
      },
      {
        "summonerId": 37281687,
        "teamId": 200,
        "championId": 58
      },
      {
        "summonerId": 23303380,
        "teamId": 200,
        "championId": 222
      },
      {
        "summonerId": 34871561,
        "teamId": 100,
        "championId": 67
      },
      {
        "summonerId": 23378135,
        "teamId": 200,
        "championId": 18
      },
      {
        "summonerId": 21864963,
        "teamId": 100,
        "championId": 32
      },
      {
        "summonerId": 38097376,
        "teamId": 200,
        "championId": 64
      }
    ],
    "stats": {
      "level": 17,
      "goldEarned": 16248,
      "numDeaths": 5,
      "barracksKilled": 1,
      "minionsKilled": 93,
      "championsKilled": 29,
      "goldSpent": 15870,
      "totalDamageDealt": 100723,
      "totalDamageTaken": 21463,
      "doubleKills": 7,
      "tripleKills": 3,
      "killingSprees": 4,
      "largestKillingSpree": 19,
      "team": 100,
      "win": true,
      "largestMultiKill": 3,
      "physicalDamageDealtPlayer": 9956,
      "magicDamageDealtPlayer": 90046,
      "physicalDamageTaken": 12895,
      "magicDamageTaken": 8477,
      "timePlayed": 1891,
      "totalHeal": 331,
      "totalUnitsHealed": 1,
      "assists": 10,
      "item0": 3020,
      "item1": 3089,
      "item2": 3157,
      "item3": 3116,
      "item4": 3136,
      "item5": 3001,
      "item6": 3340,
      "magicDamageDealtToChampions": 40864,
      "physicalDamageDealtToChampions": 1915,
      "totalDamageDealtToChampions": 43499,
      "trueDamageDealtPlayer": 720,
      "trueDamageDealtToChampions": 720,
      "trueDamageTaken": 90,
      "wardPlaced": 10,
      "totalTimeCrowdControlDealt": 309
    }
  },
  "summonerCount": 10,
  "34871561": {
    "gameId": 818161075,
    "invalid": false,
    "gameMode": "CLASSIC",
    "gameType": "MATCHED_GAME",
    "subType": "RANKED_SOLO_5x5",
    "mapId": 1,
    "teamId": 100,
    "championId": 67,
    "spell1": 4,
    "spell2": 7,
    "level": 30,
    "ipEarned": 89,
    "createDate": 1398242903588,
    "fellowPlayers": [
      {
        "summonerId": 26625168,
        "teamId": 100,
        "championId": 75
      },
      {
        "summonerId": 21289248,
        "teamId": 200,
        "championId": 76
      },
      {
        "summonerId": 23473502,
        "teamId": 100,
        "championId": 99
      },
      {
        "summonerId": 37281687,
        "teamId": 200,
        "championId": 58
      },
      {
        "summonerId": 23303380,
        "teamId": 200,
        "championId": 222
      },
      {
        "summonerId": 23378135,
        "teamId": 200,
        "championId": 18
      },
      {
        "summonerId": 21864963,
        "teamId": 100,
        "championId": 32
      },
      {
        "summonerId": 38097376,
        "teamId": 200,
        "championId": 64
      },
      {
        "summonerId": 28515043,
        "teamId": 100,
        "championId": 55
      }
    ],
    "stats": {
      "level": 16,
      "goldEarned": 12412,
      "numDeaths": 4,
      "turretsKilled": 1,
      "minionsKilled": 186,
      "championsKilled": 7,
      "goldSpent": 11315,
      "totalDamageDealt": 123330,
      "totalDamageTaken": 20982,
      "doubleKills": 2,
      "killingSprees": 2,
      "largestKillingSpree": 3,
      "team": 100,
      "win": true,
      "neutralMinionsKilled": 9,
      "largestMultiKill": 2,
      "physicalDamageDealtPlayer": 109996,
      "magicDamageDealtPlayer": 161,
      "physicalDamageTaken": 12030,
      "magicDamageTaken": 7727,
      "largestCriticalStrike": 537,
      "timePlayed": 1891,
      "totalHeal": 1535,
      "totalUnitsHealed": 2,
      "assists": 8,
      "item0": 3046,
      "item1": 3031,
      "item2": 3006,
      "item3": 3153,
      "item6": 3340,
      "magicDamageDealtToChampions": 161,
      "physicalDamageDealtToChampions": 9732,
      "totalDamageDealtToChampions": 11667,
      "trueDamageDealtPlayer": 13172,
      "trueDamageDealtToChampions": 1772,
      "trueDamageTaken": 1224,
      "wardPlaced": 4,
      "neutralMinionsKilledEnemyJungle": 3,
      "neutralMinionsKilledYourJungle": 6,
      "totalTimeCrowdControlDealt": 421
    }
  },
  "23378135": {
    "gameId": 818161075,
    "invalid": false,
    "gameMode": "CLASSIC",
    "gameType": "MATCHED_GAME",
    "subType": "RANKED_SOLO_5x5",
    "mapId": 1,
    "teamId": 200,
    "championId": 18,
    "spell1": 14,
    "spell2": 4,
    "level": 30,
    "ipEarned": 60,
    "createDate": 1398242903593,
    "fellowPlayers": [
      {
        "summonerId": 26625168,
        "teamId": 100,
        "championId": 75
      },
      {
        "summonerId": 21289248,
        "teamId": 200,
        "championId": 76
      },
      {
        "summonerId": 23473502,
        "teamId": 100,
        "championId": 99
      },
      {
        "summonerId": 37281687,
        "teamId": 200,
        "championId": 58
      },
      {
        "summonerId": 23303380,
        "teamId": 200,
        "championId": 222
      },
      {
        "summonerId": 34871561,
        "teamId": 100,
        "championId": 67
      },
      {
        "summonerId": 21864963,
        "teamId": 100,
        "championId": 32
      },
      {
        "summonerId": 38097376,
        "teamId": 200,
        "championId": 64
      },
      {
        "summonerId": 28515043,
        "teamId": 100,
        "championId": 55
      }
    ],
    "stats": {
      "level": 12,
      "goldEarned": 7259,
      "numDeaths": 11,
      "minionsKilled": 70,
      "championsKilled": 4,
      "goldSpent": 7800,
      "totalDamageDealt": 41397,
      "totalDamageTaken": 20298,
      "killingSprees": 1,
      "largestKillingSpree": 2,
      "team": 200,
      "win": false,
      "largestMultiKill": 1,
      "physicalDamageDealtPlayer": 15277,
      "magicDamageDealtPlayer": 25102,
      "physicalDamageTaken": 6169,
      "magicDamageTaken": 13289,
      "timePlayed": 1891,
      "totalHeal": 153,
      "totalUnitsHealed": 1,
      "assists": 3,
      "item0": 3128,
      "item1": 2004,
      "item2": 1058,
      "item5": 1026,
      "item6": 3340,
      "magicDamageDealtToChampions": 11372,
      "physicalDamageDealtToChampions": 1746,
      "totalDamageDealtToChampions": 14137,
      "trueDamageDealtPlayer": 1018,
      "trueDamageDealtToChampions": 1018,
      "trueDamageTaken": 840,
      "wardPlaced": 1,
      "totalTimeCrowdControlDealt": 29
    }
  },
  "37281687": {
    "gameId": 818161075,
    "invalid": false,
    "gameMode": "CLASSIC",
    "gameType": "MATCHED_GAME",
    "subType": "RANKED_SOLO_5x5",
    "mapId": 1,
    "teamId": 200,
    "championId": 58,
    "spell1": 4,
    "spell2": 12,
    "level": 30,
    "ipEarned": 60,
    "createDate": 1398242903591,
    "fellowPlayers": [
      {
        "summonerId": 26625168,
        "teamId": 100,
        "championId": 75
      },
      {
        "summonerId": 21289248,
        "teamId": 200,
        "championId": 76
      },
      {
        "summonerId": 23473502,
        "teamId": 100,
        "championId": 99
      },
      {
        "summonerId": 23303380,
        "teamId": 200,
        "championId": 222
      },
      {
        "summonerId": 34871561,
        "teamId": 100,
        "championId": 67
      },
      {
        "summonerId": 23378135,
        "teamId": 200,
        "championId": 18
      },
      {
        "summonerId": 21864963,
        "teamId": 100,
        "championId": 32
      },
      {
        "summonerId": 38097376,
        "teamId": 200,
        "championId": 64
      },
      {
        "summonerId": 28515043,
        "teamId": 100,
        "championId": 55
      }
    ],
    "stats": {
      "level": 15,
      "goldEarned": 11144,
      "numDeaths": 6,
      "turretsKilled": 2,
      "minionsKilled": 225,
      "championsKilled": 6,
      "goldSpent": 11785,
      "totalDamageDealt": 127817,
      "totalDamageTaken": 26451,
      "killingSprees": 2,
      "largestKillingSpree": 3,
      "team": 200,
      "win": false,
      "largestMultiKill": 1,
      "physicalDamageDealtPlayer": 108707,
      "magicDamageDealtPlayer": 18803,
      "physicalDamageTaken": 13974,
      "magicDamageTaken": 10846,
      "timePlayed": 1891,
      "totalHeal": 3569,
      "totalUnitsHealed": 1,
      "assists": 3,
      "item0": 1055,
      "item1": 3074,
      "item2": 3068,
      "item3": 3065,
      "item4": 3111,
      "item6": 3340,
      "visionWardsBought": 1,
      "magicDamageDealtToChampions": 2939,
      "physicalDamageDealtToChampions": 12982,
      "totalDamageDealtToChampions": 16159,
      "trueDamageDealtPlayer": 306,
      "trueDamageDealtToChampions": 238,
      "trueDamageTaken": 1631,
      "wardPlaced": 5,
      "totalTimeCrowdControlDealt": 94
    }
  },
  "23473502": {
    "gameId": 818161075,
    "invalid": false,
    "gameMode": "CLASSIC",
    "gameType": "MATCHED_GAME",
    "subType": "RANKED_SOLO_5x5",
    "mapId": 1,
    "teamId": 100,
    "championId": 99,
    "spell1": 21,
    "spell2": 4,
    "level": 30,
    "ipEarned": 239,
    "createDate": 1398242903589,
    "fellowPlayers": [
      {
        "summonerId": 26625168,
        "teamId": 100,
        "championId": 75
      },
      {
        "summonerId": 21289248,
        "teamId": 200,
        "championId": 76
      },
      {
        "summonerId": 37281687,
        "teamId": 200,
        "championId": 58
      },
      {
        "summonerId": 23303380,
        "teamId": 200,
        "championId": 222
      },
      {
        "summonerId": 34871561,
        "teamId": 100,
        "championId": 67
      },
      {
        "summonerId": 23378135,
        "teamId": 200,
        "championId": 18
      },
      {
        "summonerId": 21864963,
        "teamId": 100,
        "championId": 32
      },
      {
        "summonerId": 38097376,
        "teamId": 200,
        "championId": 64
      },
      {
        "summonerId": 28515043,
        "teamId": 100,
        "championId": 55
      }
    ],
    "stats": {
      "level": 15,
      "goldEarned": 10816,
      "numDeaths": 3,
      "turretsKilled": 2,
      "minionsKilled": 86,
      "championsKilled": 4,
      "goldSpent": 9770,
      "totalDamageDealt": 70218,
      "totalDamageTaken": 9702,
      "doubleKills": 1,
      "killingSprees": 1,
      "largestKillingSpree": 2,
      "team": 100,
      "win": true,
      "neutralMinionsKilled": 4,
      "largestMultiKill": 2,
      "physicalDamageDealtPlayer": 14067,
      "magicDamageDealtPlayer": 55933,
      "physicalDamageTaken": 5092,
      "magicDamageTaken": 4532,
      "timePlayed": 1891,
      "totalHeal": 195,
      "totalUnitsHealed": 1,
      "assists": 21,
      "item0": 3003,
      "item1": 3020,
      "item2": 3089,
      "item3": 3136,
      "item4": 1052,
      "item6": 3340,
      "magicDamageDealtToChampions": 16113,
      "physicalDamageDealtToChampions": 1140,
      "totalDamageDealtToChampions": 17326,
      "trueDamageDealtPlayer": 216,
      "trueDamageDealtToChampions": 72,
      "trueDamageTaken": 78,
      "wardPlaced": 6,
      "neutralMinionsKilledEnemyJungle": 4,
      "totalTimeCrowdControlDealt": 179
    }
  },
  "23303380": {
    "gameId": 818161075,
    "invalid": false,
    "gameMode": "CLASSIC",
    "gameType": "MATCHED_GAME",
    "subType": "RANKED_SOLO_5x5",
    "mapId": 1,
    "teamId": 200,
    "championId": 222,
    "spell1": 7,
    "spell2": 4,
    "level": 30,
    "ipEarned": 60,
    "createDate": 1398242903594,
    "fellowPlayers": [
      {
        "summonerId": 26625168,
        "teamId": 100,
        "championId": 75
      },
      {
        "summonerId": 21289248,
        "teamId": 200,
        "championId": 76
      },
      {
        "summonerId": 23473502,
        "teamId": 100,
        "championId": 99
      },
      {
        "summonerId": 37281687,
        "teamId": 200,
        "championId": 58
      },
      {
        "summonerId": 34871561,
        "teamId": 100,
        "championId": 67
      },
      {
        "summonerId": 23378135,
        "teamId": 200,
        "championId": 18
      },
      {
        "summonerId": 21864963,
        "teamId": 100,
        "championId": 32
      },
      {
        "summonerId": 38097376,
        "teamId": 200,
        "championId": 64
      },
      {
        "summonerId": 28515043,
        "teamId": 100,
        "championId": 55
      }
    ],
    "stats": {
      "level": 13,
      "goldEarned": 11264,
      "numDeaths": 8,
      "minionsKilled": 178,
      "championsKilled": 7,
      "goldSpent": 10670,
      "totalDamageDealt": 115294,
      "totalDamageTaken": 25517,
      "doubleKills": 1,
      "killingSprees": 1,
      "largestKillingSpree": 5,
      "team": 200,
      "win": false,
      "neutralMinionsKilled": 4,
      "largestMultiKill": 2,
      "physicalDamageDealtPlayer": 113642,
      "magicDamageDealtPlayer": 1288,
      "physicalDamageTaken": 9130,
      "magicDamageTaken": 15764,
      "largestCriticalStrike": 556,
      "timePlayed": 1891,
      "totalHeal": 2976,
      "totalUnitsHealed": 3,
      "assists": 6,
      "item0": 3072,
      "item1": 3046,
      "item2": 3006,
      "item3": 1055,
      "item4": 1038,
      "item5": 1037,
      "item6": 3340,
      "magicDamageDealtToChampions": 634,
      "physicalDamageDealtToChampions": 20140,
      "totalDamageDealtToChampions": 20970,
      "trueDamageDealtPlayer": 364,
      "trueDamageDealtToChampions": 196,
      "trueDamageTaken": 623,
      "wardPlaced": 5,
      "neutralMinionsKilledEnemyJungle": 1,
      "neutralMinionsKilledYourJungle": 3,
      "totalTimeCrowdControlDealt": 163
    }
  },
  "21289248": {
    "gameId": 818161075,
    "invalid": false,
    "gameMode": "CLASSIC",
    "gameType": "MATCHED_GAME",
    "subType": "RANKED_SOLO_5x5",
    "mapId": 1,
    "teamId": 200,
    "championId": 76,
    "spell1": 3,
    "spell2": 4,
    "level": 30,
    "ipEarned": 60,
    "createDate": 1398242903596,
    "fellowPlayers": [
      {
        "summonerId": 26625168,
        "teamId": 100,
        "championId": 75
      },
      {
        "summonerId": 23473502,
        "teamId": 100,
        "championId": 99
      },
      {
        "summonerId": 37281687,
        "teamId": 200,
        "championId": 58
      },
      {
        "summonerId": 23303380,
        "teamId": 200,
        "championId": 222
      },
      {
        "summonerId": 34871561,
        "teamId": 100,
        "championId": 67
      },
      {
        "summonerId": 23378135,
        "teamId": 200,
        "championId": 18
      },
      {
        "summonerId": 21864963,
        "teamId": 100,
        "championId": 32
      },
      {
        "summonerId": 38097376,
        "teamId": 200,
        "championId": 64
      },
      {
        "summonerId": 28515043,
        "teamId": 100,
        "championId": 55
      }
    ],
    "stats": {
      "level": 12,
      "goldEarned": 8851,
      "numDeaths": 8,
      "turretsKilled": 1,
      "minionsKilled": 38,
      "championsKilled": 4,
      "goldSpent": 7980,
      "totalDamageDealt": 37865,
      "totalDamageTaken": 14649,
      "killingSprees": 1,
      "largestKillingSpree": 2,
      "team": 200,
      "win": false,
      "largestMultiKill": 1,
      "physicalDamageDealtPlayer": 6890,
      "magicDamageDealtPlayer": 30849,
      "physicalDamageTaken": 2261,
      "magicDamageTaken": 12058,
      "timePlayed": 1891,
      "totalHeal": 3783,
      "totalUnitsHealed": 4,
      "assists": 8,
      "item0": 3098,
      "item1": 3020,
      "item2": 3040,
      "item3": 3135,
      "item4": 2049,
      "item6": 3340,
      "sightWardsBought": 2,
      "magicDamageDealtToChampions": 14954,
      "physicalDamageDealtToChampions": 1238,
      "totalDamageDealtToChampions": 16256,
      "trueDamageDealtPlayer": 126,
      "trueDamageDealtToChampions": 64,
      "trueDamageTaken": 329,
      "wardPlaced": 15,
      "totalTimeCrowdControlDealt": 37
    }
  },
  "26625168": {
    "gameId": 818161075,
    "invalid": false,
    "gameMode": "CLASSIC",
    "gameType": "MATCHED_GAME",
    "subType": "RANKED_SOLO_5x5",
    "mapId": 1,
    "teamId": 100,
    "championId": 75,
    "spell1": 4,
    "spell2": 14,
    "level": 30,
    "ipEarned": 89,
    "createDate": 1398242903587,
    "fellowPlayers": [
      {
        "summonerId": 21289248,
        "teamId": 200,
        "championId": 76
      },
      {
        "summonerId": 23473502,
        "teamId": 100,
        "championId": 99
      },
      {
        "summonerId": 37281687,
        "teamId": 200,
        "championId": 58
      },
      {
        "summonerId": 23303380,
        "teamId": 200,
        "championId": 222
      },
      {
        "summonerId": 34871561,
        "teamId": 100,
        "championId": 67
      },
      {
        "summonerId": 23378135,
        "teamId": 200,
        "championId": 18
      },
      {
        "summonerId": 21864963,
        "teamId": 100,
        "championId": 32
      },
      {
        "summonerId": 38097376,
        "teamId": 200,
        "championId": 64
      },
      {
        "summonerId": 28515043,
        "teamId": 100,
        "championId": 55
      }
    ],
    "stats": {
      "level": 15,
      "goldEarned": 9065,
      "numDeaths": 5,
      "minionsKilled": 99,
      "championsKilled": 2,
      "goldSpent": 8423,
      "totalDamageDealt": 81516,
      "totalDamageTaken": 20196,
      "team": 100,
      "win": true,
      "neutralMinionsKilled": 19,
      "largestMultiKill": 1,
      "physicalDamageDealtPlayer": 69452,
      "magicDamageDealtPlayer": 11379,
      "physicalDamageTaken": 14731,
      "magicDamageTaken": 5189,
      "largestCriticalStrike": 971,
      "timePlayed": 1891,
      "assists": 6,
      "item0": 1054,
      "item1": 3143,
      "item2": 3078,
      "item3": 3047,
      "item6": 3340,
      "magicDamageDealtToChampions": 1526,
      "physicalDamageDealtToChampions": 2698,
      "totalDamageDealtToChampions": 4908,
      "trueDamageDealtPlayer": 684,
      "trueDamageDealtToChampions": 684,
      "trueDamageTaken": 276,
      "neutralMinionsKilledEnemyJungle": 2,
      "neutralMinionsKilledYourJungle": 17,
      "totalTimeCrowdControlDealt": 196
    }
  },
  "38097376": {
    "gameId": 818161075,
    "invalid": false,
    "gameMode": "CLASSIC",
    "gameType": "MATCHED_GAME",
    "subType": "RANKED_SOLO_5x5",
    "mapId": 1,
    "teamId": 200,
    "championId": 64,
    "spell1": 11,
    "spell2": 4,
    "level": 30,
    "ipEarned": 60,
    "createDate": 1398242903592,
    "fellowPlayers": [
      {
        "summonerId": 26625168,
        "teamId": 100,
        "championId": 75
      },
      {
        "summonerId": 21289248,
        "teamId": 200,
        "championId": 76
      },
      {
        "summonerId": 23473502,
        "teamId": 100,
        "championId": 99
      },
      {
        "summonerId": 37281687,
        "teamId": 200,
        "championId": 58
      },
      {
        "summonerId": 23303380,
        "teamId": 200,
        "championId": 222
      },
      {
        "summonerId": 34871561,
        "teamId": 100,
        "championId": 67
      },
      {
        "summonerId": 23378135,
        "teamId": 200,
        "championId": 18
      },
      {
        "summonerId": 21864963,
        "teamId": 100,
        "championId": 32
      },
      {
        "summonerId": 28515043,
        "teamId": 100,
        "championId": 55
      }
    ],
    "stats": {
      "level": 12,
      "goldEarned": 7164,
      "numDeaths": 12,
      "minionsKilled": 18,
      "championsKilled": 1,
      "goldSpent": 6225,
      "totalDamageDealt": 58758,
      "totalDamageTaken": 28549,
      "team": 200,
      "win": false,
      "neutralMinionsKilled": 34,
      "largestMultiKill": 1,
      "physicalDamageDealtPlayer": 28669,
      "magicDamageDealtPlayer": 22918,
      "physicalDamageTaken": 9605,
      "magicDamageTaken": 18538,
      "timePlayed": 1891,
      "totalHeal": 2780,
      "totalUnitsHealed": 1,
      "assists": 9,
      "item1": 2049,
      "item2": 3154,
      "item3": 3082,
      "item4": 3270,
      "item5": 1011,
      "item6": 3341,
      "magicDamageDealtToChampions": 1186,
      "physicalDamageDealtToChampions": 4807,
      "totalDamageDealtToChampions": 6089,
      "trueDamageDealtPlayer": 7170,
      "trueDamageDealtToChampions": 96,
      "trueDamageTaken": 405,
      "wardPlaced": 15,
      "neutralMinionsKilledEnemyJungle": 8,
      "neutralMinionsKilledYourJungle": 26,
      "totalTimeCrowdControlDealt": 462
    }
  },
  "28515043": {
    "gameId": 818161075,
    "invalid": false,
    "gameMode": "CLASSIC",
    "gameType": "MATCHED_GAME",
    "subType": "RANKED_SOLO_5x5",
    "mapId": 1,
    "teamId": 100,
    "championId": 55,
    "spell1": 4,
    "spell2": 14,
    "level": 30,
    "ipEarned": 89,
    "createDate": 1398242903590,
    "fellowPlayers": [
      {
        "summonerId": 26625168,
        "teamId": 100,
        "championId": 75
      },
      {
        "summonerId": 21289248,
        "teamId": 200,
        "championId": 76
      },
      {
        "summonerId": 23473502,
        "teamId": 100,
        "championId": 99
      },
      {
        "summonerId": 37281687,
        "teamId": 200,
        "championId": 58
      },
      {
        "summonerId": 23303380,
        "teamId": 200,
        "championId": 222
      },
      {
        "summonerId": 34871561,
        "teamId": 100,
        "championId": 67
      },
      {
        "summonerId": 23378135,
        "teamId": 200,
        "championId": 18
      },
      {
        "summonerId": 21864963,
        "teamId": 100,
        "championId": 32
      },
      {
        "summonerId": 38097376,
        "teamId": 200,
        "championId": 64
      }
    ],
    "stats": {
      "level": 17,
      "goldEarned": 16248,
      "numDeaths": 5,
      "barracksKilled": 1,
      "minionsKilled": 93,
      "championsKilled": 29,
      "goldSpent": 15870,
      "totalDamageDealt": 100723,
      "totalDamageTaken": 21463,
      "doubleKills": 7,
      "tripleKills": 3,
      "killingSprees": 4,
      "largestKillingSpree": 19,
      "team": 100,
      "win": true,
      "largestMultiKill": 3,
      "physicalDamageDealtPlayer": 9956,
      "magicDamageDealtPlayer": 90046,
      "physicalDamageTaken": 12895,
      "magicDamageTaken": 8477,
      "timePlayed": 1891,
      "totalHeal": 331,
      "totalUnitsHealed": 1,
      "assists": 10,
      "item0": 3020,
      "item1": 3089,
      "item2": 3157,
      "item3": 3116,
      "item4": 3136,
      "item5": 3001,
      "item6": 3340,
      "magicDamageDealtToChampions": 40864,
      "physicalDamageDealtToChampions": 1915,
      "totalDamageDealtToChampions": 43499,
      "trueDamageDealtPlayer": 720,
      "trueDamageDealtToChampions": 720,
      "trueDamageTaken": 90,
      "wardPlaced": 10,
      "totalTimeCrowdControlDealt": 309
    }
  }
}