{
  "38756800": {
    "gameId": 818161491,
    "invalid": false,
    "gameMode": "CLASSIC",
    "gameType": "MATCHED_GAME",
    "subType": "NORMAL",
    "mapId": 1,
    "teamId": 200,
    "championId": 238,
    "spell1": 4,
    "spell2": 14,
    "level": 30,
    "ipEarned": 51,
    "createDate": 1398242448302,
    "fellowPlayers": [
      {
        "summonerId": 40337761,
        "teamId": 100,
        "championId": 267
      },
      {
        "summonerId": 35355733,
        "teamId": 200,
        "championId": 43
      },
      {
        "summonerId": 43935080,
        "teamId": 200,
        "championId": 99
      },
      {
        "summonerId": 38638741,
        "teamId": 100,
        "championId": 67
      },
      {
        "summonerId": 38052784,
        "teamId": 100,
        "championId": 105
      },
      {
        "summonerId": 37651422,
        "teamId": 200,
        "championId": 54
      },
      {
        "summonerId": 36765920,
        "teamId": 100,
        "championId": 33
      },
      {
        "summonerId": 37140024,
        "teamId": 100,
        "championId": 39
      },
      {
        "summonerId": 33346924,
        "teamId": 200,
        "championId": 23
      }
    ],
    "stats": {
      "level": 12,
      "goldEarned": 6410,
      "numDeaths": 9,
      "turretsKilled": 1,
      "minionsKilled": 65,
      "championsKilled": 5,
      "goldSpent": 6292,
      "totalDamageDealt": 41894,
      "totalDamageTaken": 14332,
      "doubleKills": 1,
      "killingSprees": 2,
      "largestKillingSpree": 3,
      "team": 200,
      "win": false,
      "neutralMinionsKilled": 6,
      "largestMultiKill": 2,
      "physicalDamageDealtPlayer": 38754,
      "magicDamageDealtPlayer": 2863,
      "physicalDamageTaken": 7295,
      "magicDamageTaken": 6306,
      "timePlayed": 1440,
      "item0": 3134,
      "item1": 3153,
      "item2": 1053,
      "item3": 1001,
      "item4": 2003,
      "item6": 3340,
      "magicDamageDealtToChampions": 459,
      "physicalDamageDealtToChampions": 5718,
      "totalDamageDealtToChampions": 6453,
      "trueDamageDealtPlayer": 276,
      "trueDamageDealtToChampions": 276,
      "trueDamageTaken": 730,
      "wardPlaced": 11,
      "neutralMinionsKilledEnemyJungle": 2,
      "neutralMinionsKilledYourJungle": 4,
      "totalTimeCrowdControlDealt": 59
    }
  },
  "summonerCount": 10,
  "38052784": {
    "gameId": 818161491,
    "invalid": false,
    "gameMode": "CLASSIC",
    "gameType": "MATCHED_GAME",
    "subType": "NORMAL",
    "mapId": 1,
    "teamId": 100,
    "championId": 105,
    "spell1": 14,
    "spell2": 4,
    "level": 30,
    "ipEarned": 226,
    "createDate": 1398242448299,
    "fellowPlayers": [
      {
        "summonerId": 40337761,
        "teamId": 100,
        "championId": 267
      },
      {
        "summonerId": 35355733,
        "teamId": 200,
        "championId": 43
      },
      {
        "summonerId": 43935080,
        "teamId": 200,
        "championId": 99
      },
      {
        "summonerId": 38638741,
        "teamId": 100,
        "championId": 67
      },
      {
        "summonerId": 37651422,
        "teamId": 200,
        "championId": 54
      },
      {
        "summonerId": 36765920,
        "teamId": 100,
        "championId": 33
      },
      {
        "summonerId": 37140024,
        "teamId": 100,
        "championId": 39
      },
      {
        "summonerId": 38756800,
        "teamId": 200,
        "championId": 238
      },
      {
        "summonerId": 33346924,
        "teamId": 200,
        "championId": 23
      }
    ],
    "stats": {
      "level": 14,
      "goldEarned": 11185,
      "numDeaths": 3,
      "minionsKilled": 72,
      "championsKilled": 18,
      "goldSpent": 8515,
      "totalDamageDealt": 56137,
      "totalDamageTaken": 12421,
      "doubleKills": 4,
      "killingSprees": 3,
      "largestKillingSpree": 6,
      "team": 100,
      "win": true,
      "neutralMinionsKilled": 3,
      "largestMultiKill": 2,
      "physicalDamageDealtPlayer": 20757,
      "magicDamageDealtPlayer": 34585,
      "physicalDamageTaken": 6981,
      "magicDamageTaken": 5334,
      "timePlayed": 1440,
      "totalHeal": 943,
      "totalUnitsHealed": 1,
      "assists": 10,
      "item0": 1056,
      "item1": 3020,
      "item2": 3100,
      "item3": 3089,
      "item4": 1052,
      "item6": 3340,
      "magicDamageDealtToChampions": 17579,
      "physicalDamageDealtToChampions": 4955,
      "totalDamageDealtToChampions": 23199,
      "trueDamageDealtPlayer": 794,
      "trueDamageDealtToChampions": 664,
      "trueDamageTaken": 106,
      "wardPlaced": 6,
      "neutralMinionsKilledEnemyJungle": 3,
      "totalTimeCrowdControlDealt": 122
    }
  },
  "35355733": {
    "gameId": 818161491,
    "invalid": false,
    "gameMode": "CLASSIC",
    "gameType": "MATCHED_GAME",
    "subType": "NORMAL",
    "mapId": 1,
    "teamId": 200,
    "championId": 43,
    "spell1": 4,
    "spell2": 14,
    "level": 30,
    "ipEarned": 51,
    "createDate": 1398242448304,
    "fellowPlayers": [
      {
        "summonerId": 40337761,
        "teamId": 100,
        "championId": 267
      },
      {
        "summonerId": 43935080,
        "teamId": 200,
        "championId": 99
      },
      {
        "summonerId": 38638741,
        "teamId": 100,
        "championId": 67
      },
      {
        "summonerId": 38052784,
        "teamId": 100,
        "championId": 105
      },
      {
        "summonerId": 37651422,
        "teamId": 200,
        "championId": 54
      },
      {
        "summonerId": 36765920,
        "teamId": 100,
        "championId": 33
      },
      {
        "summonerId": 37140024,
        "teamId": 100,
        "championId": 39
      },
      {
        "summonerId": 38756800,
        "teamId": 200,
        "championId": 238
      },
      {
        "summonerId": 33346924,
        "teamId": 200,
        "championId": 23
      }
    ],
    "stats": {
      "level": 9,
      "goldEarned": 5018,
      "numDeaths": 10,
      "minionsKilled": 13,
      "goldSpent": 4135,
      "totalDamageDealt": 17067,
      "totalDamageTaken": 14089,
      "team": 200,
      "win": false,
      "physicalDamageDealtPlayer": 4922,
      "magicDamageDealtPlayer": 11624,
      "physicalDamageTaken": 7732,
      "magicDamageTaken": 5579,
      "timePlayed": 1440,
      "totalHeal": 75,
      "totalUnitsHealed": 1,
      "assists": 4,
      "item0": 3098,
      "item1": 3165,
      "item2": 2003,
      "item3": 2004,
      "item4": 1004,
      "item5": 1028,
      "item6": 3340,
      "magicDamageDealtToChampions": 4356,
      "physicalDamageDealtToChampions": 882,
      "totalDamageDealtToChampions": 5758,
      "trueDamageDealtPlayer": 520,
      "trueDamageDealtToChampions": 520,
      "trueDamageTaken": 778,
      "wardKilled": 1,
      "wardPlaced": 2,
      "totalTimeCrowdControlDealt": 108
    }
  },
  "33346924": {
    "gameId": 818161491,
    "invalid": false,
    "gameMode": "CLASSIC",
    "gameType": "MATCHED_GAME",
    "subType": "NORMAL",
    "mapId": 1,
    "teamId": 200,
    "championId": 23,
    "spell1": 4,
    "spell2": 14,
    "level": 30,
    "ipEarned": 51,
    "createDate": 1398242448305,
    "fellowPlayers": [
      {
        "summonerId": 40337761,
        "teamId": 100,
        "championId": 267
      },
      {
        "summonerId": 35355733,
        "teamId": 200,
        "championId": 43
      },
      {
        "summonerId": 43935080,
        "teamId": 200,
        "championId": 99
      },
      {
        "summonerId": 38638741,
        "teamId": 100,
        "championId": 67
      },
      {
        "summonerId": 38052784,
        "teamId": 100,
        "championId": 105
      },
      {
        "summonerId": 37651422,
        "teamId": 200,
        "championId": 54
      },
      {
        "summonerId": 36765920,
        "teamId": 100,
        "championId": 33
      },
      {
        "summonerId": 37140024,
        "teamId": 100,
        "championId": 39
      },
      {
        "summonerId": 38756800,
        "teamId": 200,
        "championId": 238
      }
    ],
    "stats": {
      "level": 11,
      "goldEarned": 6692,
      "numDeaths": 9,
      "minionsKilled": 78,
      "championsKilled": 5,
      "goldSpent": 5740,
      "totalDamageDealt": 56039,
      "totalDamageTaken": 18360,
      "doubleKills": 1,
      "killingSprees": 1,
      "largestKillingSpree": 2,
      "team": 200,
      "win": false,
      "neutralMinionsKilled": 10,
      "largestMultiKill": 2,
      "physicalDamageDealtPlayer": 46808,
      "magicDamageDealtPlayer": 8777,
      "physicalDamageTaken": 10392,
      "magicDamageTaken": 6797,
      "largestCriticalStrike": 317,
      "timePlayed": 1440,
      "totalHeal": 2520,
      "totalUnitsHealed": 1,
      "assists": 1,
      "item0": 3087,
      "item1": 3006,
      "item2": 3144,
      "item3": 1042,
      "item4": 1042,
      "item6": 3340,
      "magicDamageDealtToChampions": 791,
      "physicalDamageDealtToChampions": 7482,
      "totalDamageDealtToChampions": 8728,
      "trueDamageDealtPlayer": 454,
      "trueDamageDealtToChampions": 454,
      "trueDamageTaken": 1170,
      "wardPlaced": 2,
      "neutralMinionsKilledEnemyJungle": 5,
      "neutralMinionsKilledYourJungle": 5,
      "totalTimeCrowdControlDealt": 35
    }
  },
  "38638741": {
    "gameId": 818161491,
    "invalid": false,
    "gameMode": "CLASSIC",
    "gameType": "MATCHED_GAME",
    "subType": "NORMAL",
    "mapId": 1,
    "teamId": 100,
    "championId": 67,
    "spell1": 4,
    "spell2": 14,
    "level": 30,
    "ipEarned": 76,
    "createDate": 1398242448301,
    "fellowPlayers": [
      {
        "summonerId": 40337761,
        "teamId": 100,
        "championId": 267
      },
      {
        "summonerId": 35355733,
        "teamId": 200,
        "championId": 43
      },
      {
        "summonerId": 43935080,
        "teamId": 200,
        "championId": 99
      },
      {
        "summonerId": 38052784,
        "teamId": 100,
        "championId": 105
      },
      {
        "summonerId": 37651422,
        "teamId": 200,
        "championId": 54
      },
      {
        "summonerId": 36765920,
        "teamId": 100,
        "championId": 33
      },
      {
        "summonerId": 37140024,
        "teamId": 100,
        "championId": 39
      },
      {
        "summonerId": 38756800,
        "teamId": 200,
        "championId": 238
      },
      {
        "summonerId": 33346924,
        "teamId": 200,
        "championId": 23
      }
    ],
    "stats": {
      "level": 13,
      "goldEarned": 10589,
      "numDeaths": 3,
      "barracksKilled": 1,
      "minionsKilled": 95,
      "championsKilled": 10,
      "goldSpent": 7515,
      "totalDamageDealt": 87516,
      "totalDamageTaken": 14771,
      "doubleKills": 1,
      "killingSprees": 3,
      "largestKillingSpree": 5,
      "team": 100,
      "win": true,
      "neutralMinionsKilled": 20,
      "largestMultiKill": 2,
      "physicalDamageDealtPlayer": 77208,
      "magicDamageDealtPlayer": 127,
      "physicalDamageTaken": 10745,
      "magicDamageTaken": 3580,
      "largestCriticalStrike": 323,
      "timePlayed": 1440,
      "totalHeal": 713,
      "totalUnitsHealed": 1,
      "assists": 19,
      "item0": 3153,
      "item1": 3250,
      "item2": 3046,
      "item6": 3340,
      "magicDamageDealtToChampions": 127,
      "physicalDamageDealtToChampions": 15293,
      "totalDamageDealtToChampions": 19507,
      "trueDamageDealtPlayer": 10181,
      "trueDamageDealtToChampions": 4086,
      "trueDamageTaken": 446,
      "wardPlaced": 5,
      "neutralMinionsKilledEnemyJungle": 7,
      "neutralMinionsKilledYourJungle": 13,
      "totalTimeCrowdControlDealt": 195
    }
  },
  "36765920": {
    "gameId": 818161491,
    "invalid": false,
    "gameMode": "CLASSIC",
    "gameType": "MATCHED_GAME",
    "subType": "NORMAL",
    "mapId": 1,
    "teamId": 100,
    "championId": 33,
    "spell1": 4,
    "spell2": 11,
    "level": 30,
    "ipEarned": 76,
    "createDate": 1398242448300,
    "fellowPlayers": [
      {
        "summonerId": 40337761,
        "teamId": 100,
        "championId": 267
      },
      {
        "summonerId": 35355733,
        "teamId": 200,
        "championId": 43
      },
      {
        "summonerId": 43935080,
        "teamId": 200,
        "championId": 99
      },
      {
        "summonerId": 38638741,
        "teamId": 100,
        "championId": 67
      },
      {
        "summonerId": 38052784,
        "teamId": 100,
        "championId": 105
      },
      {
        "summonerId": 37651422,
        "teamId": 200,
        "championId": 54
      },
      {
        "summonerId": 37140024,
        "teamId": 100,
        "championId": 39
      },
      {
        "summonerId": 38756800,
        "teamId": 200,
        "championId": 238
      },
      {
        "summonerId": 33346924,
        "teamId": 200,
        "championId": 23
      }
    ],
    "stats": {
      "level": 11,
      "goldEarned": 7427,
      "numDeaths": 1,
      "barracksKilled": 1,
      "turretsKilled": 2,
      "minionsKilled": 25,
      "championsKilled": 3,
      "goldSpent": 7380,
      "totalDamageDealt": 50497,
      "totalDamageTaken": 10528,
      "doubleKills": 1,
      "killingSprees": 1,
      "largestKillingSpree": 3,
      "team": 100,
      "win": true,
      "neutralMinionsKilled": 30,
      "largestMultiKill": 2,
      "physicalDamageDealtPlayer": 23433,
      "magicDamageDealtPlayer": 23015,
      "physicalDamageTaken": 8971,
      "magicDamageTaken": 1346,
      "timePlayed": 1440,
      "totalHeal": 904,
      "totalUnitsHealed": 1,
      "assists": 10,
      "item0": 3191,
      "item2": 3270,
      "item3": 3057,
      "item4": 1058,
      "item6": 3341,
      "magicDamageDealtToChampions": 3358,
      "physicalDamageDealtToChampions": 923,
      "totalDamageDealtToChampions": 4282,
      "trueDamageDealtPlayer": 4048,
      "trueDamageTaken": 210,
      "neutralMinionsKilledYourJungle": 30,
      "totalTimeCrowdControlDealt": 385
    }
  },
  "37651422": {
    "gameId": 818161491,
    "invalid": false,
    "gameMode": "CLASSIC",
    "gameType": "MATCHED_GAME",
    "subType": "NORMAL",
    "mapId": 1,
    "teamId": 200,
    "championId": 54,
    "spell1": 11,
    "spell2": 4,
    "level": 30,
    "ipEarned": 51,
    "createDate": 1398242448303,
    "fellowPlayers": [
      {
        "summonerId": 40337761,
        "teamId": 100,
        "championId": 267
      },
      {
        "summonerId": 35355733,
        "teamId": 200,
        "championId": 43
      },
      {
        "summonerId": 43935080,
        "teamId": 200,
        "championId": 99
      },
      {
        "summonerId": 38638741,
        "teamId": 100,
        "championId": 67
      },
      {
        "summonerId": 38052784,
        "teamId": 100,
        "championId": 105
      },
      {
        "summonerId": 36765920,
        "teamId": 100,
        "championId": 33
      },
      {
        "summonerId": 37140024,
        "teamId": 100,
        "championId": 39
      },
      {
        "summonerId": 38756800,
        "teamId": 200,
        "championId": 238
      },
      {
        "summonerId": 33346924,
        "teamId": 200,
        "championId": 23
      }
    ],
    "stats": {
      "level": 10,
      "goldEarned": 5590,
      "numDeaths": 9,
      "minionsKilled": 25,
      "championsKilled": 2,
      "goldSpent": 5255,
      "totalDamageDealt": 51247,
      "totalDamageTaken": 19298,
      "doubleKills": 1,
      "killingSprees": 1,
      "largestKillingSpree": 2,
      "team": 200,
      "win": false,
      "neutralMinionsKilled": 35,
      "largestMultiKill": 2,
      "physicalDamageDealtPlayer": 25065,
      "magicDamageDealtPlayer": 21529,
      "physicalDamageTaken": 11230,
      "magicDamageTaken": 6334,
      "timePlayed": 1440,
      "totalHeal": 2047,
      "totalUnitsHealed": 1,
      "assists": 4,
      "item0": 3207,
      "item1": 1001,
      "item2": 3068,
      "item6": 3341,
      "magicDamageDealtToChampions": 5043,
      "physicalDamageDealtToChampions": 2352,
      "totalDamageDealtToChampions": 7756,
      "trueDamageDealtPlayer": 4652,
      "trueDamageDealtToChampions": 360,
      "trueDamageTaken": 1733,
      "neutralMinionsKilledYourJungle": 35,
      "totalTimeCrowdControlDealt": 692
    }
  },
  "37140024": {
    "gameId": 818161491,
    "invalid": false,
    "gameMode": "CLASSIC",
    "gameType": "MATCHED_GAME",
    "subType": "NORMAL",
    "mapId": 1,
    "teamId": 100,
    "championId": 39,
    "spell1": 4,
    "spell2": 12,
    "level": 30,
    "ipEarned": 76,
    "createDate": 1398242448298,
    "fellowPlayers": [
      {
        "summonerId": 40337761,
        "teamId": 100,
        "championId": 267
      },
      {
        "summonerId": 35355733,
        "teamId": 200,
        "championId": 43
      },
      {
        "summonerId": 43935080,
        "teamId": 200,
        "championId": 99
      },
      {
        "summonerId": 38638741,
        "teamId": 100,
        "championId": 67
      },
      {
        "summonerId": 38052784,
        "teamId": 100,
        "championId": 105
      },
      {
        "summonerId": 37651422,
        "teamId": 200,
        "championId": 54
      },
      {
        "summonerId": 36765920,
        "teamId": 100,
        "championId": 33
      },
      {
        "summonerId": 38756800,
        "teamId": 200,
        "championId": 238
      },
      {
        "summonerId": 33346924,
        "teamId": 200,
        "championId": 23
      }
    ],
    "stats": {
      "level": 13,
      "goldEarned": 8275,
      "numDeaths": 2,
      "turretsKilled": 1,
      "minionsKilled": 61,
      "championsKilled": 10,
      "goldSpent": 9110,
      "totalDamageDealt": 55640,
      "totalDamageTaken": 17100,
      "doubleKills": 1,
      "killingSprees": 2,
      "largestKillingSpree": 6,
      "team": 100,
      "win": true,
      "neutralMinionsKilled": 4,
      "largestMultiKill": 2,
      "physicalDamageDealtPlayer": 45292,
      "magicDamageDealtPlayer": 7932,
      "physicalDamageTaken": 13420,
      "magicDamageTaken": 2668,
      "largestCriticalStrike": 289,
      "timePlayed": 1440,
      "totalHeal": 4530,
      "totalUnitsHealed": 1,
      "assists": 7,
      "item0": 3044,
      "item1": 3153,
      "item2": 3158,
      "item3": 3086,
      "item4": 1027,
      "item6": 3340,
      "magicDamageDealtToChampions": 2885,
      "physicalDamageDealtToChampions": 8010,
      "totalDamageDealtToChampions": 11735,
      "trueDamageDealtPlayer": 2416,
      "trueDamageDealtToChampions": 840,
      "trueDamageTaken": 1011,
      "wardPlaced": 4,
      "neutralMinionsKilledYourJungle": 4,
      "totalTimeCrowdControlDealt": 234
    }
  },
  "40337761": {
    "gameId": 818161491,
    "invalid": false,
    "gameMode": "CLASSIC",
    "gameType": "MATCHED_GAME",
    "subType": "NORMAL",
    "mapId": 1,
    "teamId": 100,
    "championId": 267,
    "spell1": 7,
    "spell2": 4,
    "level": 30,
    "ipEarned": 76,
    "createDate": 1398242448296,
    "fellowPlayers": [
      {
        "summonerId": 35355733,
        "teamId": 200,
        "championId": 43
      },
      {
        "summonerId": 43935080,
        "teamId": 200,
        "championId": 99
      },
      {
        "summonerId": 38638741,
        "teamId": 100,
        "championId": 67
      },
      {
        "summonerId": 38052784,
        "teamId": 100,
        "championId": 105
      },
      {
        "summonerId": 37651422,
        "teamId": 200,
        "championId": 54
      },
      {
        "summonerId": 36765920,
        "teamId": 100,
        "championId": 33
      },
      {
        "summonerId": 37140024,
        "teamId": 100,
        "championId": 39
      },
      {
        "summonerId": 38756800,
        "teamId": 200,
        "championId": 238
      },
      {
        "summonerId": 33346924,
        "teamId": 200,
        "championId": 23
      }
    ],
    "stats": {
      "level": 12,
      "goldEarned": 9624,
      "numDeaths": 5,
      "turretsKilled": 2,
      "minionsKilled": 28,
      "championsKilled": 6,
      "goldSpent": 9255,
      "totalDamageDealt": 29595,
      "totalDamageTaken": 11925,
      "doubleKills": 1,
      "killingSprees": 1,
      "largestKillingSpree": 3,
      "team": 100,
      "win": true,
      "largestMultiKill": 2,
      "physicalDamageDealtPlayer": 10352,
      "magicDamageDealtPlayer": 19243,
      "physicalDamageTaken": 8828,
      "magicDamageTaken": 2895,
      "timePlayed": 1440,
      "totalHeal": 13363,
      "totalUnitsHealed": 5,
      "assists": 23,
      "item0": 3174,
      "item1": 3275,
      "item2": 3089,
      "item3": 1052,
      "item4": 1027,
      "item6": 3340,
      "sightWardsBought": 1,
      "magicDamageDealtToChampions": 7974,
      "physicalDamageDealtToChampions": 1516,
      "totalDamageDealtToChampions": 9490,
      "trueDamageTaken": 202,
      "wardPlaced": 5,
      "totalTimeCrowdControlDealt": 151
    }
  },
  "38756800": {
    "gameId": 818161491,
    "invalid": false,
    "gameMode": "CLASSIC",
    "gameType": "MATCHED_GAME",
    "subType": "NORMAL",
    "mapId": 1,
    "teamId": 200,
    "championId": 238,
    "spell1": 4,
    "spell2": 14,
    "level": 30,
    "ipEarned": 51,
    "createDate": 1398242448302,
    "fellowPlayers": [
      {
        "summonerId": 40337761,
        "teamId": 100,
        "championId": 267
      },
      {
        "summonerId": 35355733,
        "teamId": 200,
        "championId": 43
      },
      {
        "summonerId": 43935080,
        "teamId": 200,
        "championId": 99
      },
      {
        "summonerId": 38638741,
        "teamId": 100,
        "championId": 67
      },
      {
        "summonerId": 38052784,
        "teamId": 100,
        "championId": 105
      },
      {
        "summonerId": 37651422,
        "teamId": 200,
        "championId": 54
      },
      {
        "summonerId": 36765920,
        "teamId": 100,
        "championId": 33
      },
      {
        "summonerId": 37140024,
        "teamId": 100,
        "championId": 39
      },
      {
        "summonerId": 33346924,
        "teamId": 200,
        "championId": 23
      }
    ],
    "stats": {
      "level": 12,
      "goldEarned": 6410,
      "numDeaths": 9,
      "turretsKilled": 1,
      "minionsKilled": 65,
      "championsKilled": 5,
      "goldSpent": 6292,
      "totalDamageDealt": 41894,
      "totalDamageTaken": 14332,
      "doubleKills": 1,
      "killingSprees": 2,
      "largestKillingSpree": 3,
      "team": 200,
      "win": false,
      "neutralMinionsKilled": 6,
      "largestMultiKill": 2,
      "physicalDamageDealtPlayer": 38754,
      "magicDamageDealtPlayer": 2863,
      "physicalDamageTaken": 7295,
      "magicDamageTaken": 6306,
      "timePlayed": 1440,
      "item0": 3134,
      "item1": 3153,
      "item2": 1053,
      "item3": 1001,
      "item4": 2003,
      "item6": 3340,
      "magicDamageDealtToChampions": 459,
      "physicalDamageDealtToChampions": 5718,
      "totalDamageDealtToChampions": 6453,
      "trueDamageDealtPlayer": 276,
      "trueDamageDealtToChampions": 276,
      "trueDamageTaken": 730,
      "wardPlaced": 11,
      "neutralMinionsKilledEnemyJungle": 2,
      "neutralMinionsKilledYourJungle": 4,
      "totalTimeCrowdControlDealt": 59
    }
  }
}