{
  "24293180": {
    "gameId": 818162476,
    "invalid": false,
    "gameMode": "CLASSIC",
    "gameType": "MATCHED_GAME",
    "subType": "NORMAL",
    "mapId": 1,
    "teamId": 200,
    "championId": 58,
    "spell1": 4,
    "spell2": 14,
    "level": 30,
    "ipEarned": 76,
    "createDate": 1398242847831,
    "fellowPlayers": [
      {
        "summonerId": 24183498,
        "teamId": 200,
        "championId": 25
      },
      {
        "summonerId": 27582315,
        "teamId": 200,
        "championId": 29
      },
      {
        "summonerId": 39729209,
        "teamId": 200,
        "championId": 115
      },
      {
        "summonerId": 34911886,
        "teamId": 100,
        "championId": 92
      },
      {
        "summonerId": 35839129,
        "teamId": 100,
        "championId": 119
      },
      {
        "summonerId": 27153182,
        "teamId": 100,
        "championId": 80
      },
      {
        "summonerId": 36705950,
        "teamId": 100,
        "championId": 7
      },
      {
        "summonerId": 22670358,
        "teamId": 200,
        "championId": 48
      },
      {
        "summonerId": 37022910,
        "teamId": 100,
        "championId": 412
      }
    ],
    "stats": {
      "level": 14,
      "goldEarned": 8868,
      "numDeaths": 3,
      "turretsKilled": 1,
      "minionsKilled": 126,
      "championsKilled": 3,
      "goldSpent": 7625,
      "totalDamageDealt": 74956,
      "totalDamageTaken": 16560,
      "killingSprees": 1,
      "largestKillingSpree": 2,
      "team": 200,
      "win": true,
      "neutralMinionsKilled": 10,
      "largestMultiKill": 1,
      "physicalDamageDealtPlayer": 62332,
      "magicDamageDealtPlayer": 11937,
      "physicalDamageTaken": 12386,
      "magicDamageTaken": 3690,
      "timePlayed": 1520,
      "totalHeal": 2160,
      "totalUnitsHealed": 1,
      "assists": 6,
      "item0": 1054,
      "item1": 3068,
      "item2": 3111,
      "item3": 1053,
      "item4": 1011,
      "item5": 3082,
      "item6": 3340,
      "magicDamageDealtToChampions": 812,
      "physicalDamageDealtToChampions": 4038,
      "totalDamageDealtToChampions": 5296,
      "trueDamageDealtPlayer": 686,
      "trueDamageDealtToChampions": 446,
      "trueDamageTaken": 484,
      "wardPlaced": 5,
      "neutralMinionsKilledEnemyJungle": 3,
      "neutralMinionsKilledYourJungle": 7,
      "totalTimeCrowdControlDealt": 207
    }
  },
  "summonerCount": 10,
  "35839129": {
    "gameId": 818162476,
    "invalid": false,
    "gameMode": "CLASSIC",
    "gameType": "MATCHED_GAME",
    "subType": "NORMAL",
    "mapId": 1,
    "teamId": 100,
    "championId": 119,
    "spell1": 4,
    "spell2": 7,
    "level": 29,
    "ipEarned": 51,
    "createDate": 1398242847822,
    "fellowPlayers": [
      {
        "summonerId": 24183498,
        "teamId": 200,
        "championId": 25
      },
      {
        "summonerId": 27582315,
        "teamId": 200,
        "championId": 29
      },
      {
        "summonerId": 39729209,
        "teamId": 200,
        "championId": 115
      },
      {
        "summonerId": 34911886,
        "teamId": 100,
        "championId": 92
      },
      {
        "summonerId": 24293180,
        "teamId": 200,
        "championId": 58
      },
      {
        "summonerId": 27153182,
        "teamId": 100,
        "championId": 80
      },
      {
        "summonerId": 36705950,
        "teamId": 100,
        "championId": 7
      },
      {
        "summonerId": 22670358,
        "teamId": 200,
        "championId": 48
      },
      {
        "summonerId": 37022910,
        "teamId": 100,
        "championId": 412
      }
    ],
    "stats": {
      "level": 11,
      "goldEarned": 6633,
      "numDeaths": 9,
      "minionsKilled": 130,
      "championsKilled": 1,
      "goldSpent": 5940,
      "totalDamageDealt": 69995,
      "totalDamageTaken": 18142,
      "team": 100,
      "win": false,
      "neutralMinionsKilled": 7,
      "largestMultiKill": 1,
      "physicalDamageDealtPlayer": 69995,
      "physicalDamageTaken": 12119,
      "magicDamageTaken": 5097,
      "timePlayed": 1520,
      "totalHeal": 1578,
      "totalUnitsHealed": 2,
      "assists": 3,
      "item0": 1055,
      "item1": 3072,
      "item2": 3101,
      "item3": 1037,
      "item6": 3340,
      "physicalDamageDealtToChampions": 11050,
      "totalDamageDealtToChampions": 11050,
      "trueDamageTaken": 926,
      "wardPlaced": 2,
      "neutralMinionsKilledYourJungle": 7,
      "totalTimeCrowdControlDealt": 44
    }
  },
  "27153182": {
    "gameId": 818162476,
    "invalid": false,
    "gameMode": "CLASSIC",
    "gameType": "MATCHED_GAME",
    "subType": "NORMAL",
    "mapId": 1,
    "teamId": 100,
    "championId": 80,
    "spell1": 4,
    "spell2": 11,
    "level": 30,
    "ipEarned": 51,
    "createDate": 1398242847825,
    "fellowPlayers": [
      {
        "summonerId": 24183498,
        "teamId": 200,
        "championId": 25
      },
      {
        "summonerId": 27582315,
        "teamId": 200,
        "championId": 29
      },
      {
        "summonerId": 39729209,
        "teamId": 200,
        "championId": 115
      },
      {
        "summonerId": 34911886,
        "teamId": 100,
        "championId": 92
      },
      {
        "summonerId": 35839129,
        "teamId": 100,
        "championId": 119
      },
      {
        "summonerId": 24293180,
        "teamId": 200,
        "championId": 58
      },
      {
        "summonerId": 36705950,
        "teamId": 100,
        "championId": 7
      },
      {
        "summonerId": 22670358,
        "teamId": 200,
        "championId": 48
      },
      {
        "summonerId": 37022910,
        "teamId": 100,
        "championId": 412
      }
    ],
    "stats": {
      "level": 11,
      "goldEarned": 6504,
      "numDeaths": 9,
      "minionsKilled": 19,
      "championsKilled": 4,
      "goldSpent": 6557,
      "totalDamageDealt": 57449,
      "totalDamageTaken": 20939,
      "killingSprees": 2,
      "largestKillingSpree": 2,
      "team": 100,
      "win": false,
      "neutralMinionsKilled": 42,
      "largestMultiKill": 1,
      "physicalDamageDealtPlayer": 47871,
      "magicDamageDealtPlayer": 4283,
      "physicalDamageTaken": 14453,
      "magicDamageTaken": 5573,
      "largestCriticalStrike": 512,
      "timePlayed": 1520,
      "totalHeal": 1981,
      "totalUnitsHealed": 1,
      "assists": 4,
      "item0": 3082,
      "item1": 2044,
      "item2": 1001,
      "item3": 3209,
      "item4": 1033,
      "item5": 3134,
      "item6": 3364,
      "sightWardsBought": 6,
      "magicDamageDealtToChampions": 1744,
      "physicalDamageDealtToChampions": 6278,
      "totalDamageDealtToChampions": 8496,
      "trueDamageDealtPlayer": 5295,
      "trueDamageDealtToChampions": 473,
      "trueDamageTaken": 912,
      "wardPlaced": 7,
      "neutralMinionsKilledEnemyJungle": 1,
      "neutralMinionsKilledYourJungle": 41,
      "totalTimeCrowdControlDealt": 176
    }
  },
  "34911886": {
    "gameId": 818162476,
    "invalid": false,
    "gameMode": "CLASSIC",
    "gameType": "MATCHED_GAME",
    "subType": "NORMAL",
    "mapId": 1,
    "teamId": 100,
    "championId": 92,
    "spell1": 14,
    "spell2": 4,
    "level": 30,
    "ipEarned": 51,
    "createDate": 1398242847826,
    "fellowPlayers": [
      {
        "summonerId": 24183498,
        "teamId": 200,
        "championId": 25
      },
      {
        "summonerId": 27582315,
        "teamId": 200,
        "championId": 29
      },
      {
        "summonerId": 39729209,
        "teamId": 200,
        "championId": 115
      },
      {
        "summonerId": 35839129,
        "teamId": 100,
        "championId": 119
      },
      {
        "summonerId": 24293180,
        "teamId": 200,
        "championId": 58
      },
      {
        "summonerId": 27153182,
        "teamId": 100,
        "championId": 80
      },
      {
        "summonerId": 36705950,
        "teamId": 100,
        "championId": 7
      },
      {
        "summonerId": 22670358,
        "teamId": 200,
        "championId": 48
      },
      {
        "summonerId": 37022910,
        "teamId": 100,
        "championId": 412
      }
    ],
    "stats": {
      "level": 15,
      "goldEarned": 10014,
      "numDeaths": 5,
      "turretsKilled": 1,
      "minionsKilled": 175,
      "championsKilled": 9,
      "goldSpent": 10832,
      "totalDamageDealt": 124546,
      "totalDamageTaken": 17032,
      "doubleKills": 2,
      "killingSprees": 2,
      "largestKillingSpree": 4,
      "team": 100,
      "win": false,
      "neutralMinionsKilled": 11,
      "largestMultiKill": 2,
      "physicalDamageDealtPlayer": 122906,
      "physicalDamageTaken": 10747,
      "magicDamageTaken": 5214,
      "timePlayed": 1520,
      "totalHeal": 673,
      "totalUnitsHealed": 1,
      "assists": 3,
      "item0": 3134,
      "item1": 3074,
      "item2": 3275,
      "item3": 3072,
      "item6": 3340,
      "sightWardsBought": 3,
      "physicalDamageDealtToChampions": 18819,
      "totalDamageDealtToChampions": 20183,
      "trueDamageDealtPlayer": 1640,
      "trueDamageDealtToChampions": 1364,
      "trueDamageTaken": 1070,
      "wardPlaced": 7,
      "neutralMinionsKilledEnemyJungle": 8,
      "neutralMinionsKilledYourJungle": 3,
      "totalTimeCrowdControlDealt": 168
    }
  },
  "27582315": {
    "gameId": 818162476,
    "invalid": false,
    "gameMode": "CLASSIC",
    "gameType": "MATCHED_GAME",
    "subType": "NORMAL",
    "mapId": 1,
    "teamId": 200,
    "championId": 29,
    "spell1": 4,
    "spell2": 21,
    "level": 30,
    "ipEarned": 226,
    "createDate": 1398242847830,
    "fellowPlayers": [
      {
        "summonerId": 24183498,
        "teamId": 200,
        "championId": 25
      },
      {
        "summonerId": 39729209,
        "teamId": 200,
        "championId": 115
      },
      {
        "summonerId": 34911886,
        "teamId": 100,
        "championId": 92
      },
      {
        "summonerId": 35839129,
        "teamId": 100,
        "championId": 119
      },
      {
        "summonerId": 24293180,
        "teamId": 200,
        "championId": 58
      },
      {
        "summonerId": 27153182,
        "teamId": 100,
        "championId": 80
      },
      {
        "summonerId": 36705950,
        "teamId": 100,
        "championId": 7
      },
      {
        "summonerId": 22670358,
        "teamId": 200,
        "championId": 48
      },
      {
        "summonerId": 37022910,
        "teamId": 100,
        "championId": 412
      }
    ],
    "stats": {
      "level": 15,
      "goldEarned": 14398,
      "numDeaths": 2,
      "turretsKilled": 1,
      "minionsKilled": 151,
      "championsKilled": 21,
      "goldSpent": 13950,
      "totalDamageDealt": 124097,
      "totalDamageTaken": 17405,
      "doubleKills": 5,
      "tripleKills": 2,
      "killingSprees": 3,
      "largestKillingSpree": 10,
      "team": 200,
      "win": true,
      "neutralMinionsKilled": 14,
      "largestMultiKill": 3,
      "physicalDamageDealtPlayer": 115821,
      "physicalDamageTaken": 15606,
      "magicDamageTaken": 1340,
      "largestCriticalStrike": 726,
      "timePlayed": 1520,
      "totalHeal": 981,
      "totalUnitsHealed": 1,
      "assists": 5,
      "item0": 3031,
      "item1": 3072,
      "item2": 3250,
      "item3": 3035,
      "item4": 3046,
      "item6": 3340,
      "physicalDamageDealtToChampions": 24770,
      "totalDamageDealtToChampions": 28118,
      "trueDamageDealtPlayer": 8276,
      "trueDamageDealtToChampions": 3348,
      "trueDamageTaken": 458,
      "wardKilled": 1,
      "wardPlaced": 5,
      "neutralMinionsKilledEnemyJungle": 7,
      "neutralMinionsKilledYourJungle": 7,
      "totalTimeCrowdControlDealt": 462
    }
  },
  "22670358": {
    "gameId": 818162476,
    "invalid": false,
    "gameMode": "CLASSIC",
    "gameType": "MATCHED_GAME",
    "subType": "NORMAL",
    "mapId": 1,
    "teamId": 200,
    "championId": 48,
    "spell1": 11,
    "spell2": 4,
    "level": 30,
    "ipEarned": 76,
    "createDate": 1398242847827,
    "fellowPlayers": [
      {
        "summonerId": 24183498,
        "teamId": 200,
        "championId": 25
      },
      {
        "summonerId": 27582315,
        "teamId": 200,
        "championId": 29
      },
      {
        "summonerId": 39729209,
        "teamId": 200,
        "championId": 115
      },
      {
        "summonerId": 34911886,
        "teamId": 100,
        "championId": 92
      },
      {
        "summonerId": 35839129,
        "teamId": 100,
        "championId": 119
      },
      {
        "summonerId": 24293180,
        "teamId": 200,
        "championId": 58
      },
      {
        "summonerId": 27153182,
        "teamId": 100,
        "championId": 80
      },
      {
        "summonerId": 36705950,
        "teamId": 100,
        "championId": 7
      },
      {
        "summonerId": 37022910,
        "teamId": 100,
        "championId": 412
      }
    ],
    "stats": {
      "level": 14,
      "goldEarned": 8622,
      "numDeaths": 5,
      "turretsKilled": 1,
      "minionsKilled": 11,
      "championsKilled": 2,
      "goldSpent": 8465,
      "totalDamageDealt": 114127,
      "totalDamageTaken": 24462,
      "team": 200,
      "win": true,
      "neutralMinionsKilled": 85,
      "largestMultiKill": 1,
      "physicalDamageDealtPlayer": 68812,
      "magicDamageDealtPlayer": 30150,
      "physicalDamageTaken": 20250,
      "magicDamageTaken": 3263,
      "timePlayed": 1520,
      "totalHeal": 9473,
      "totalUnitsHealed": 1,
      "assists": 6,
      "item0": 3144,
      "item1": 3160,
      "item2": 3143,
      "item3": 3047,
      "item6": 3340,
      "magicDamageDealtToChampions": 992,
      "physicalDamageDealtToChampions": 3694,
      "totalDamageDealtToChampions": 4978,
      "trueDamageDealtPlayer": 15164,
      "trueDamageDealtToChampions": 292,
      "trueDamageTaken": 948,
      "wardPlaced": 11,
      "neutralMinionsKilledEnemyJungle": 7,
      "neutralMinionsKilledYourJungle": 78,
      "totalTimeCrowdControlDealt": 603
    }
  },
  "37022910": {
    "gameId": 818162476,
    "invalid": false,
    "gameMode": "CLASSIC",
    "gameType": "MATCHED_GAME",
    "subType": "NORMAL",
    "mapId": 1,
    "teamId": 100,
    "championId": 412,
    "spell1": 4,
    "spell2": 7,
    "level": 30,
    "ipEarned": 51,
    "createDate": 1398242847823,
    "fellowPlayers": [
      {
        "summonerId": 24183498,
        "teamId": 200,
        "championId": 25
      },
      {
        "summonerId": 27582315,
        "teamId": 200,
        "championId": 29
      },
      {
        "summonerId": 39729209,
        "teamId": 200,
        "championId": 115
      },
      {
        "summonerId": 34911886,
        "teamId": 100,
        "championId": 92
      },
      {
        "summonerId": 35839129,
        "teamId": 100,
        "championId": 119
      },
      {
        "summonerId": 24293180,
        "teamId": 200,
        "championId": 58
      },
      {
        "summonerId": 27153182,
        "teamId": 100,
        "championId": 80
      },
      {
        "summonerId": 36705950,
        "teamId": 100,
        "championId": 7
      },
      {
        "summonerId": 22670358,
        "teamId": 200,
        "championId": 48
      }
    ],
    "stats": {
      "level": 10,
      "goldEarned": 4752,
      "numDeaths": 9,
      "minionsKilled": 2,
      "championsKilled": 1,
      "goldSpent": 4545,
      "totalDamageDealt": 3890,
      "totalDamageTaken": 14226,
      "team": 100,
      "win": false,
      "largestMultiKill": 1,
      "physicalDamageDealtPlayer": 667,
      "magicDamageDealtPlayer": 3222,
      "physicalDamageTaken": 7962,
      "magicDamageTaken": 5634,
      "timePlayed": 1520,
      "totalHeal": 2102,
      "totalUnitsHealed": 3,
      "assists": 2,
      "item0": 3096,
      "item1": 2010,
      "item2": 2049,
      "item3": 3117,
      "item4": 1011,
      "item5": 1031,
      "item6": 3341,
      "sightWardsBought": 2,
      "magicDamageDealtToChampions": 2747,
      "physicalDamageDealtToChampions": 614,
      "totalDamageDealtToChampions": 3361,
      "trueDamageTaken": 630,
      "wardPlaced": 16,
      "totalTimeCrowdControlDealt": 38
    }
  },
  "24183498": {
    "gameId": 818162476,
    "invalid": false,
    "gameMode": "CLASSIC",
    "gameType": "MATCHED_GAME",
    "subType": "NORMAL",
    "mapId": 1,
    "teamId": 200,
    "championId": 25,
    "spell1": 7,
    "spell2": 4,
    "level": 30,
    "ipEarned": 76,
    "createDate": 1398242847828,
    "fellowPlayers": [
      {
        "summonerId": 27582315,
        "teamId": 200,
        "championId": 29
      },
      {
        "summonerId": 39729209,
        "teamId": 200,
        "championId": 115
      },
      {
        "summonerId": 34911886,
        "teamId": 100,
        "championId": 92
      },
      {
        "summonerId": 35839129,
        "teamId": 100,
        "championId": 119
      },
      {
        "summonerId": 24293180,
        "teamId": 200,
        "championId": 58
      },
      {
        "summonerId": 27153182,
        "teamId": 100,
        "championId": 80
      },
      {
        "summonerId": 36705950,
        "teamId": 100,
        "championId": 7
      },
      {
        "summonerId": 22670358,
        "teamId": 200,
        "championId": 48
      },
      {
        "summonerId": 37022910,
        "teamId": 100,
        "championId": 412
      }
    ],
    "stats": {
      "level": 14,
      "goldEarned": 10750,
      "numDeaths": 3,
      "barracksKilled": 1,
      "turretsKilled": 3,
      "minionsKilled": 17,
      "championsKilled": 4,
      "goldSpent": 8840,
      "totalDamageDealt": 29016,
      "totalDamageTaken": 12234,
      "killingSprees": 1,
      "largestKillingSpree": 2,
      "team": 200,
      "win": true,
      "neutralMinionsKilled": 2,
      "largestMultiKill": 1,
      "physicalDamageDealtPlayer": 6020,
      "magicDamageDealtPlayer": 22996,
      "physicalDamageTaken": 8832,
      "magicDamageTaken": 3192,
      "timePlayed": 1520,
      "totalHeal": 2752,
      "totalUnitsHealed": 2,
      "assists": 21,
      "item0": 3069,
      "item1": 2049,
      "item2": 3157,
      "item3": 3020,
      "item4": 3024,
      "item5": 2010,
      "item6": 3341,
      "sightWardsBought": 1,
      "magicDamageDealtToChampions": 9813,
      "physicalDamageDealtToChampions": 1043,
      "totalDamageDealtToChampions": 10856,
      "trueDamageTaken": 210,
      "wardKilled": 1,
      "wardPlaced": 21,
      "neutralMinionsKilledEnemyJungle": 2,
      "totalTimeCrowdControlDealt": 105
    }
  },
  "39729209": {
    "gameId": 818162476,
    "invalid": false,
    "gameMode": "CLASSIC",
    "gameType": "MATCHED_GAME",
    "subType": "NORMAL",
    "mapId": 1,
    "teamId": 200,
    "championId": 115,
    "spell1": 14,
    "spell2": 4,
    "level": 30,
    "ipEarned": 76,
    "createDate": 1398242847829,
    "fellowPlayers": [
      {
        "summonerId": 24183498,
        "teamId": 200,
        "championId": 25
      },
      {
        "summonerId": 27582315,
        "teamId": 200,
        "championId": 29
      },
      {
        "summonerId": 34911886,
        "teamId": 100,
        "championId": 92
      },
      {
        "summonerId": 35839129,
        "teamId": 100,
        "championId": 119
      },
      {
        "summonerId": 24293180,
        "teamId": 200,
        "championId": 58
      },
      {
        "summonerId": 27153182,
        "teamId": 100,
        "championId": 80
      },
      {
        "summonerId": 36705950,
        "teamId": 100,
        "championId": 7
      },
      {
        "summonerId": 22670358,
        "teamId": 200,
        "championId": 48
      },
      {
        "summonerId": 37022910,
        "teamId": 100,
        "championId": 412
      }
    ],
    "stats": {
      "level": 14,
      "goldEarned": 10643,
      "numDeaths": 4,
      "minionsKilled": 160,
      "championsKilled": 7,
      "goldSpent": 8440,
      "totalDamageDealt": 102714,
      "totalDamageTaken": 9231,
      "doubleKills": 1,
      "killingSprees": 2,
      "largestKillingSpree": 3,
      "team": 200,
      "win": true,
      "neutralMinionsKilled": 1,
      "largestMultiKill": 2,
      "physicalDamageDealtPlayer": 11514,
      "magicDamageDealtPlayer": 90552,
      "physicalDamageTaken": 6512,
      "magicDamageTaken": 2370,
      "timePlayed": 1520,
      "totalHeal": 210,
      "totalUnitsHealed": 1,
      "assists": 7,
      "item0": 1056,
      "item1": 1026,
      "item2": 3174,
      "item3": 3157,
      "item4": 3158,
      "item6": 3340,
      "sightWardsBought": 1,
      "magicDamageDealtToChampions": 18509,
      "physicalDamageDealtToChampions": 1199,
      "totalDamageDealtToChampions": 20356,
      "trueDamageDealtPlayer": 648,
      "trueDamageDealtToChampions": 648,
      "trueDamageTaken": 349,
      "wardPlaced": 3,
      "neutralMinionsKilledEnemyJungle": 1,
      "totalTimeCrowdControlDealt": 179
    }
  },
  "24293180": {
    "gameId": 818162476,
    "invalid": false,
    "gameMode": "CLASSIC",
    "gameType": "MATCHED_GAME",
    "subType": "NORMAL",
    "mapId": 1,
    "teamId": 200,
    "championId": 58,
    "spell1": 4,
    "spell2": 14,
    "level": 30,
    "ipEarned": 76,
    "createDate": 1398242847831,
    "fellowPlayers": [
      {
        "summonerId": 24183498,
        "teamId": 200,
        "championId": 25
      },
      {
        "summonerId": 27582315,
        "teamId": 200,
        "championId": 29
      },
      {
        "summonerId": 39729209,
        "teamId": 200,
        "championId": 115
      },
      {
        "summonerId": 34911886,
        "teamId": 100,
        "championId": 92
      },
      {
        "summonerId": 35839129,
        "teamId": 100,
        "championId": 119
      },
      {
        "summonerId": 27153182,
        "teamId": 100,
        "championId": 80
      },
      {
        "summonerId": 36705950,
        "teamId": 100,
        "championId": 7
      },
      {
        "summonerId": 22670358,
        "teamId": 200,
        "championId": 48
      },
      {
        "summonerId": 37022910,
        "teamId": 100,
        "championId": 412
      }
    ],
    "stats": {
      "level": 14,
      "goldEarned": 8868,
      "numDeaths": 3,
      "turretsKilled": 1,
      "minionsKilled": 126,
      "championsKilled": 3,
      "goldSpent": 7625,
      "totalDamageDealt": 74956,
      "totalDamageTaken": 16560,
      "killingSprees": 1,
      "largestKillingSpree": 2,
      "team": 200,
      "win": true,
      "neutralMinionsKilled": 10,
      "largestMultiKill": 1,
      "physicalDamageDealtPlayer": 62332,
      "magicDamageDealtPlayer": 11937,
      "physicalDamageTaken": 12386,
      "magicDamageTaken": 3690,
      "timePlayed": 1520,
      "totalHeal": 2160,
      "totalUnitsHealed": 1,
      "assists": 6,
      "item0": 1054,
      "item1": 3068,
      "item2": 3111,
      "item3": 1053,
      "item4": 1011,
      "item5": 3082,
      "item6": 3340,
      "magicDamageDealtToChampions": 812,
      "physicalDamageDealtToChampions": 4038,
      "totalDamageDealtToChampions": 5296,
      "trueDamageDealtPlayer": 686,
      "trueDamageDealtToChampions": 446,
      "trueDamageTaken": 484,
      "wardPlaced": 5,
      "neutralMinionsKilledEnemyJungle": 3,
      "neutralMinionsKilledYourJungle": 7,
      "totalTimeCrowdControlDealt": 207
    }
  }
}