{
  "34929592": {
    "gameId": 818169298,
    "invalid": false,
    "gameMode": "CLASSIC",
    "gameType": "MATCHED_GAME",
    "subType": "NORMAL",
    "mapId": 1,
    "teamId": 200,
    "championId": 115,
    "spell1": 4,
    "spell2": 14,
    "level": 26,
    "ipEarned": 103,
    "createDate": 1398243189660,
    "fellowPlayers": [
      {
        "summonerId": 37342609,
        "teamId": 200,
        "championId": 133
      },
      {
        "summonerId": 30070954,
        "teamId": 100,
        "championId": 15
      },
      {
        "summonerId": 36245865,
        "teamId": 100,
        "championId": 98
      },
      {
        "summonerId": 36495656,
        "teamId": 100,
        "championId": 24
      },
      {
        "summonerId": 27508609,
        "teamId": 200,
        "championId": 99
      },
      {
        "summonerId": 35408767,
        "teamId": 200,
        "championId": 24
      },
      {
        "summonerId": 37232236,
        "teamId": 200,
        "championId": 80
      },
      {
        "summonerId": 34703828,
        "teamId": 100,
        "championId": 131
      },
      {
        "summonerId": 34191432,
        "teamId": 100,
        "championId": 92
      }
    ],
    "stats": {
      "level": 17,
      "goldEarned": 13399,
      "numDeaths": 8,
      "turretsKilled": 2,
      "minionsKilled": 156,
      "championsKilled": 6,
      "goldSpent": 12625,
      "totalDamageDealt": 125096,
      "totalDamageTaken": 15781,
      "killingSprees": 1,
      "largestKillingSpree": 2,
      "team": 200,
      "win": true,
      "neutralMinionsKilled": 1,
      "largestMultiKill": 1,
      "physicalDamageDealtPlayer": 21035,
      "magicDamageDealtPlayer": 103533,
      "physicalDamageTaken": 8289,
      "magicDamageTaken": 7010,
      "timePlayed": 2259,
      "totalHeal": 60,
      "totalUnitsHealed": 1,
      "assists": 12,
      "item0": 3157,
      "item1": 3108,
      "item2": 3255,
      "item3": 3027,
      "item4": 3089,
      "item6": 3340,
      "magicDamageDealtToChampions": 18806,
      "physicalDamageDealtToChampions": 1961,
      "totalDamageDealtToChampions": 21099,
      "trueDamageDealtPlayer": 528,
      "trueDamageDealtToChampions": 332,
      "trueDamageTaken": 482,
      "wardPlaced": 5,
      "neutralMinionsKilledYourJungle": 1,
      "totalTimeCrowdControlDealt": 458
    }
  },
  "summonerCount": 10,
  "36245865": {
    "gameId": 818169298,
    "invalid": false,
    "gameMode": "CLASSIC",
    "gameType": "MATCHED_GAME",
    "subType": "NORMAL",
    "mapId": 1,
    "teamId": 100,
    "championId": 98,
    "spell1": 4,
    "spell2": 7,
    "level": 25,
    "ipEarned": 68,
    "createDate": 1398243189650,
    "fellowPlayers": [
      {
        "summonerId": 37342609,
        "teamId": 200,
        "championId": 133
      },
      {
        "summonerId": 30070954,
        "teamId": 100,
        "championId": 15
      },
      {
        "summonerId": 36495656,
        "teamId": 100,
        "championId": 24
      },
      {
        "summonerId": 27508609,
        "teamId": 200,
        "championId": 99
      },
      {
        "summonerId": 35408767,
        "teamId": 200,
        "championId": 24
      },
      {
        "summonerId": 34929592,
        "teamId": 200,
        "championId": 115
      },
      {
        "summonerId": 37232236,
        "teamId": 200,
        "championId": 80
      },
      {
        "summonerId": 34703828,
        "teamId": 100,
        "championId": 131
      },
      {
        "summonerId": 34191432,
        "teamId": 100,
        "championId": 92
      }
    ],
    "stats": {
      "level": 15,
      "goldEarned": 9788,
      "numDeaths": 6,
      "turretsKilled": 1,
      "minionsKilled": 81,
      "championsKilled": 6,
      "goldSpent": 9383,
      "totalDamageDealt": 59530,
      "totalDamageTaken": 22886,
      "killingSprees": 2,
      "largestKillingSpree": 3,
      "team": 100,
      "win": false,
      "largestMultiKill": 1,
      "physicalDamageDealtPlayer": 24184,
      "magicDamageDealtPlayer": 35200,
      "physicalDamageTaken": 12659,
      "magicDamageTaken": 10064,
      "largestCriticalStrike": 408,
      "timePlayed": 2259,
      "totalHeal": 2486,
      "totalUnitsHealed": 3,
      "assists": 5,
      "item0": 3078,
      "item1": 3047,
      "item2": 3068,
      "item3": 1031,
      "item4": 3093,
      "item6": 3340,
      "magicDamageDealtToChampions": 8148,
      "physicalDamageDealtToChampions": 2639,
      "totalDamageDealtToChampions": 10934,
      "trueDamageDealtPlayer": 146,
      "trueDamageDealtToChampions": 146,
      "trueDamageTaken": 162,
      "wardPlaced": 7,
      "totalTimeCrowdControlDealt": 27
    }
  },
  "27508609": {
    "gameId": 818169298,
    "invalid": false,
    "gameMode": "CLASSIC",
    "gameType": "MATCHED_GAME",
    "subType": "NORMAL",
    "mapId": 1,
    "teamId": 200,
    "championId": 99,
    "spell1": 7,
    "spell2": 4,
    "level": 30,
    "ipEarned": 253,
    "createDate": 1398243189655,
    "fellowPlayers": [
      {
        "summonerId": 37342609,
        "teamId": 200,
        "championId": 133
      },
      {
        "summonerId": 30070954,
        "teamId": 100,
        "championId": 15
      },
      {
        "summonerId": 36245865,
        "teamId": 100,
        "championId": 98
      },
      {
        "summonerId": 36495656,
        "teamId": 100,
        "championId": 24
      },
      {
        "summonerId": 35408767,
        "teamId": 200,
        "championId": 24
      },
      {
        "summonerId": 34929592,
        "teamId": 200,
        "championId": 115
      },
      {
        "summonerId": 37232236,
        "teamId": 200,
        "championId": 80
      },
      {
        "summonerId": 34703828,
        "teamId": 100,
        "championId": 131
      },
      {
        "summonerId": 34191432,
        "teamId": 100,
        "championId": 92
      }
    ],
    "stats": {
      "level": 17,
      "goldEarned": 13105,
      "numDeaths": 5,
      "barracksKilled": 1,
      "minionsKilled": 65,
      "championsKilled": 3,
      "goldSpent": 10965,
      "totalDamageDealt": 80943,
      "totalDamageTaken": 20360,
      "team": 200,
      "win": true,
      "neutralMinionsKilled": 1,
      "largestMultiKill": 1,
      "physicalDamageDealtPlayer": 14076,
      "magicDamageDealtPlayer": 66758,
      "physicalDamageTaken": 13398,
      "magicDamageTaken": 6528,
      "timePlayed": 2259,
      "totalHeal": 2796,
      "totalUnitsHealed": 3,
      "assists": 23,
      "item0": 2049,
      "item1": 3165,
      "item2": 3020,
      "item3": 1052,
      "item4": 1026,
      "item5": 3116,
      "item6": 3340,
      "sightWardsBought": 6,
      "visionWardsBought": 2,
      "magicDamageDealtToChampions": 21047,
      "physicalDamageDealtToChampions": 2997,
      "totalDamageDealtToChampions": 24080,
      "trueDamageDealtPlayer": 108,
      "trueDamageDealtToChampions": 36,
      "trueDamageTaken": 433,
      "wardPlaced": 18,
      "neutralMinionsKilledYourJungle": 1,
      "totalTimeCrowdControlDealt": 292
    }
  },
  "37232236": {
    "gameId": 818169298,
    "invalid": false,
    "gameMode": "CLASSIC",
    "gameType": "MATCHED_GAME",
    "subType": "NORMAL",
    "mapId": 1,
    "teamId": 200,
    "championId": 80,
    "spell1": 4,
    "spell2": 7,
    "level": 24,
    "ipEarned": 253,
    "createDate": 1398243189658,
    "fellowPlayers": [
      {
        "summonerId": 37342609,
        "teamId": 200,
        "championId": 133
      },
      {
        "summonerId": 30070954,
        "teamId": 100,
        "championId": 15
      },
      {
        "summonerId": 36245865,
        "teamId": 100,
        "championId": 98
      },
      {
        "summonerId": 36495656,
        "teamId": 100,
        "championId": 24
      },
      {
        "summonerId": 27508609,
        "teamId": 200,
        "championId": 99
      },
      {
        "summonerId": 35408767,
        "teamId": 200,
        "championId": 24
      },
      {
        "summonerId": 34929592,
        "teamId": 200,
        "championId": 115
      },
      {
        "summonerId": 34703828,
        "teamId": 100,
        "championId": 131
      },
      {
        "summonerId": 34191432,
        "teamId": 100,
        "championId": 92
      }
    ],
    "stats": {
      "level": 17,
      "goldEarned": 10821,
      "numDeaths": 5,
      "turretsKilled": 1,
      "minionsKilled": 70,
      "championsKilled": 3,
      "goldSpent": 7555,
      "totalDamageDealt": 76454,
      "totalDamageTaken": 26771,
      "killingSprees": 1,
      "largestKillingSpree": 3,
      "team": 200,
      "win": true,
      "neutralMinionsKilled": 16,
      "largestMultiKill": 1,
      "physicalDamageDealtPlayer": 71597,
      "magicDamageDealtPlayer": 4856,
      "physicalDamageTaken": 15950,
      "magicDamageTaken": 9701,
      "largestCriticalStrike": 626,
      "timePlayed": 2259,
      "totalHeal": 6253,
      "totalUnitsHealed": 4,
      "assists": 14,
      "item0": 3077,
      "item1": 3143,
      "item2": 1055,
      "item3": 3270,
      "item4": 1053,
      "item6": 3340,
      "magicDamageDealtToChampions": 1006,
      "physicalDamageDealtToChampions": 7694,
      "totalDamageDealtToChampions": 8700,
      "trueDamageTaken": 1120,
      "wardPlaced": 13,
      "neutralMinionsKilledEnemyJungle": 1,
      "neutralMinionsKilledYourJungle": 15,
      "totalTimeCrowdControlDealt": 460
    }
  },
  "34703828": {
    "gameId": 818169298,
    "invalid": false,
    "gameMode": "CLASSIC",
    "gameType": "MATCHED_GAME",
    "subType": "NORMAL",
    "mapId": 1,
    "teamId": 100,
    "championId": 131,
    "spell1": 4,
    "spell2": 14,
    "level": 30,
    "ipEarned": 68,
    "createDate": 1398243189654,
    "fellowPlayers": [
      {
        "summonerId": 37342609,
        "teamId": 200,
        "championId": 133
      },
      {
        "summonerId": 30070954,
        "teamId": 100,
        "championId": 15
      },
      {
        "summonerId": 36245865,
        "teamId": 100,
        "championId": 98
      },
      {
        "summonerId": 36495656,
        "teamId": 100,
        "championId": 24
      },
      {
        "summonerId": 27508609,
        "teamId": 200,
        "championId": 99
      },
      {
        "summonerId": 35408767,
        "teamId": 200,
        "championId": 24
      },
      {
        "summonerId": 34929592,
        "teamId": 200,
        "championId": 115
      },
      {
        "summonerId": 37232236,
        "teamId": 200,
        "championId": 80
      },
      {
        "summonerId": 34191432,
        "teamId": 100,
        "championId": 92
      }
    ],
    "stats": {
      "level": 16,
      "goldEarned": 11639,
      "numDeaths": 10,
      "turretsKilled": 1,
      "minionsKilled": 114,
      "championsKilled": 10,
      "goldSpent": 11520,
      "totalDamageDealt": 106785,
      "totalDamageTaken": 30065,
      "killingSprees": 3,
      "largestKillingSpree": 4,
      "team": 100,
      "win": false,
      "neutralMinionsKilled": 3,
      "largestMultiKill": 1,
      "physicalDamageDealtPlayer": 14361,
      "magicDamageDealtPlayer": 91365,
      "physicalDamageTaken": 16954,
      "magicDamageTaken": 12523,
      "timePlayed": 2259,
      "assists": 8,
      "item0": 1056,
      "item1": 3157,
      "item2": 3001,
      "item3": 3135,
      "item4": 1026,
      "item5": 3020,
      "item6": 3340,
      "magicDamageDealtToChampions": 30631,
      "physicalDamageDealtToChampions": 1592,
      "totalDamageDealtToChampions": 33161,
      "trueDamageDealtPlayer": 1059,
      "trueDamageDealtToChampions": 937,
      "trueDamageTaken": 587,
      "wardKilled": 1,
      "wardPlaced": 7,
      "neutralMinionsKilledEnemyJungle": 1,
      "neutralMinionsKilledYourJungle": 2,
      "totalTimeCrowdControlDealt": 139
    }
  },
  "37342609": {
    "gameId": 818169298,
    "invalid": false,
    "gameMode": "CLASSIC",
    "gameType": "MATCHED_GAME",
    "subType": "NORMAL",
    "mapId": 1,
    "teamId": 200,
    "championId": 133,
    "spell1": 4,
    "spell2": 21,
    "level": 26,
    "ipEarned": 103,
    "createDate": 1398243189659,
    "fellowPlayers": [
      {
        "summonerId": 30070954,
        "teamId": 100,
        "championId": 15
      },
      {
        "summonerId": 36245865,
        "teamId": 100,
        "championId": 98
      },
      {
        "summonerId": 36495656,
        "teamId": 100,
        "championId": 24
      },
      {
        "summonerId": 27508609,
        "teamId": 200,
        "championId": 99
      },
      {
        "summonerId": 35408767,
        "teamId": 200,
        "championId": 24
      },
      {
        "summonerId": 34929592,
        "teamId": 200,
        "championId": 115
      },
      {
        "summonerId": 37232236,
        "teamId": 200,
        "championId": 80
      },
      {
        "summonerId": 34703828,
        "teamId": 100,
        "championId": 131
      },
      {
        "summonerId": 34191432,
        "teamId": 100,
        "championId": 92
      }
    ],
    "stats": {
      "level": 18,
      "goldEarned": 15336,
      "numDeaths": 7,
      "barracksKilled": 1,
      "turretsKilled": 3,
      "minionsKilled": 170,
      "championsKilled": 11,
      "goldSpent": 12320,
      "totalDamageDealt": 154235,
      "totalDamageTaken": 27807,
      "killingSprees": 3,
      "largestKillingSpree": 4,
      "team": 200,
      "win": true,
      "neutralMinionsKilled": 19,
      "largestMultiKill": 1,
      "physicalDamageDealtPlayer": 137755,
      "magicDamageDealtPlayer": 16422,
      "physicalDamageTaken": 18458,
      "magicDamageTaken": 9127,
      "largestCriticalStrike": 784,
      "timePlayed": 2259,
      "totalHeal": 2701,
      "totalUnitsHealed": 1,
      "assists": 9,
      "item0": 1055,
      "item1": 3087,
      "item2": 3250,
      "item3": 3072,
      "item4": 3046,
      "item5": 1011,
      "item6": 3340,
      "magicDamageDealtToChampions": 2383,
      "physicalDamageDealtToChampions": 21450,
      "totalDamageDealtToChampions": 23892,
      "trueDamageDealtPlayer": 58,
      "trueDamageDealtToChampions": 58,
      "trueDamageTaken": 222,
      "wardPlaced": 9,
      "neutralMinionsKilledEnemyJungle": 10,
      "neutralMinionsKilledYourJungle": 9,
      "totalTimeCrowdControlDealt": 213
    }
  },
  "36495656": {
    "gameId": 818169298,
    "invalid": false,
    "gameMode": "CLASSIC",
    "gameType": "MATCHED_GAME",
    "subType": "NORMAL",
    "mapId": 1,
    "teamId": 100,
    "championId": 24,
    "spell1": 14,
    "spell2": 7,
    "level": 12,
    "ipEarned": 68,
    "createDate": 1398243189651,
    "fellowPlayers": [
      {
        "summonerId": 37342609,
        "teamId": 200,
        "championId": 133
      },
      {
        "summonerId": 30070954,
        "teamId": 100,
        "championId": 15
      },
      {
        "summonerId": 36245865,
        "teamId": 100,
        "championId": 98
      },
      {
        "summonerId": 27508609,
        "teamId": 200,
        "championId": 99
      },
      {
        "summonerId": 35408767,
        "teamId": 200,
        "championId": 24
      },
      {
        "summonerId": 34929592,
        "teamId": 200,
        "championId": 115
      },
      {
        "summonerId": 37232236,
        "teamId": 200,
        "championId": 80
      },
      {
        "summonerId": 34703828,
        "teamId": 100,
        "championId": 131
      },
      {
        "summonerId": 34191432,
        "teamId": 100,
        "championId": 92
      }
    ],
    "stats": {
      "level": 14,
      "goldEarned": 8900,
      "numDeaths": 7,
      "turretsKilled": 1,
      "minionsKilled": 111,
      "goldSpent": 10218,
      "totalDamageDealt": 79144,
      "totalDamageTaken": 23665,
      "team": 100,
      "win": false,
      "physicalDamageDealtPlayer": 63677,
      "magicDamageDealtPlayer": 14606,
      "physicalDamageTaken": 15861,
      "magicDamageTaken": 7523,
      "largestCriticalStrike": 287,
      "timePlayed": 2259,
      "totalHeal": 1888,
      "totalUnitsHealed": 2,
      "assists": 6,
      "item0": 3078,
      "item1": 1001,
      "item2": 3153,
      "item3": 2003,
      "magicDamageDealtToChampions": 691,
      "physicalDamageDealtToChampions": 3414,
      "totalDamageDealtToChampions": 4965,
      "trueDamageDealtPlayer": 860,
      "trueDamageDealtToChampions": 860,
      "trueDamageTaken": 280,
      "totalTimeCrowdControlDealt": 52
    }
  },
  "30070954": {
    "gameId": 818169298,
    "invalid": false,
    "gameMode": "CLASSIC",
    "gameType": "MATCHED_GAME",
    "subType": "NORMAL",
    "mapId": 1,
    "teamId": 100,
    "championId": 15,
    "spell1": 4,
    "spell2": 21,
    "level": 30,
    "ipEarned": 68,
    "createDate": 1398243189653,
    "fellowPlayers": [
      {
        "summonerId": 37342609,
        "teamId": 200,
        "championId": 133
      },
      {
        "summonerId": 36245865,
        "teamId": 100,
        "championId": 98
      },
      {
        "summonerId": 36495656,
        "teamId": 100,
        "championId": 24
      },
      {
        "summonerId": 27508609,
        "teamId": 200,
        "championId": 99
      },
      {
        "summonerId": 35408767,
        "teamId": 200,
        "championId": 24
      },
      {
        "summonerId": 34929592,
        "teamId": 200,
        "championId": 115
      },
      {
        "summonerId": 37232236,
        "teamId": 200,
        "championId": 80
      },
      {
        "summonerId": 34703828,
        "teamId": 100,
        "championId": 131
      },
      {
        "summonerId": 34191432,
        "teamId": 100,
        "championId": 92
      }
    ],
    "stats": {
      "level": 16,
      "goldEarned": 11645,
      "numDeaths": 8,
      "turretsKilled": 2,
      "minionsKilled": 164,
      "championsKilled": 8,
      "goldSpent": 11000,
      "totalDamageDealt": 127362,
      "totalDamageTaken": 24334,
      "killingSprees": 1,
      "largestKillingSpree": 5,
      "team": 100,
      "win": false,
      "neutralMinionsKilled": 3,
      "largestMultiKill": 1,
      "physicalDamageDealtPlayer": 127362,
      "physicalDamageTaken": 15116,
      "magicDamageTaken": 9217,
      "largestCriticalStrike": 719,
      "timePlayed": 2259,
      "totalHeal": 1927,
      "totalUnitsHealed": 1,
      "assists": 3,
      "item0": 1055,
      "item1": 3250,
      "item2": 3072,
      "item3": 1031,
      "item4": 3031,
      "item5": 3086,
      "item6": 3340,
      "sightWardsBought": 2,
      "physicalDamageDealtToChampions": 19630,
      "totalDamageDealtToChampions": 19630,
      "wardKilled": 1,
      "wardPlaced": 12,
      "neutralMinionsKilledYourJungle": 3
    }
  },
  "35408767": {
    "gameId": 818169298,
    "invalid": false,
    "gameMode": "CLASSIC",
    "gameType": "MATCHED_GAME",
    "subType": "NORMAL",
    "mapId": 1,
    "teamId": 200,
    "championId": 24,
    "spell1": 4,
    "spell2": 11,
    "level": 30,
    "ipEarned": 253,
    "createDate": 1398243189656,
    "fellowPlayers": [
      {
        "summonerId": 37342609,
        "teamId": 200,
        "championId": 133
      },
      {
        "summonerId": 30070954,
        "teamId": 100,
        "championId": 15
      },
      {
        "summonerId": 36245865,
        "teamId": 100,
        "championId": 98
      },
      {
        "summonerId": 36495656,
        "teamId": 100,
        "championId": 24
      },
      {
        "summonerId": 27508609,
        "teamId": 200,
        "championId": 99
      },
      {
        "summonerId": 34929592,
        "teamId": 200,
        "championId": 115
      },
      {
        "summonerId": 37232236,
        "teamId": 200,
        "championId": 80
      },
      {
        "summonerId": 34703828,
        "teamId": 100,
        "championId": 131
      },
      {
        "summonerId": 34191432,
        "teamId": 100,
        "championId": 92
      }
    ],
    "stats": {
      "level": 18,
      "goldEarned": 17105,
      "numDeaths": 7,
      "barracksKilled": 2,
      "turretsKilled": 1,
      "minionsKilled": 37,
      "championsKilled": 18,
      "goldSpent": 14353,
      "totalDamageDealt": 198815,
      "totalDamageTaken": 38344,
      "doubleKills": 2,
      "tripleKills": 1,
      "killingSprees": 6,
      "largestKillingSpree": 5,
      "team": 200,
      "win": true,
      "neutralMinionsKilled": 90,
      "largestMultiKill": 3,
      "physicalDamageDealtPlayer": 121527,
      "magicDamageDealtPlayer": 63507,
      "physicalDamageTaken": 28354,
      "magicDamageTaken": 8464,
      "largestCriticalStrike": 415,
      "timePlayed": 2259,
      "totalHeal": 6295,
      "totalUnitsHealed": 1,
      "assists": 12,
      "item0": 3153,
      "item1": 3160,
      "item2": 3078,
      "item3": 3265,
      "item4": 3026,
      "item6": 3340,
      "sightWardsBought": 1,
      "magicDamageDealtToChampions": 9054,
      "physicalDamageDealtToChampions": 21011,
      "totalDamageDealtToChampions": 30991,
      "trueDamageDealtPlayer": 13779,
      "trueDamageDealtToChampions": 925,
      "trueDamageTaken": 1525,
      "wardPlaced": 13,
      "neutralMinionsKilledEnemyJungle": 28,
      "neutralMinionsKilledYourJungle": 62,
      "totalTimeCrowdControlDealt": 854
    }
  },
  "34929592": {
    "gameId": 818169298,
    "invalid": false,
    "gameMode": "CLASSIC",
    "gameType": "MATCHED_GAME",
    "subType": "NORMAL",
    "mapId": 1,
    "teamId": 200,
    "championId": 115,
    "spell1": 4,
    "spell2": 14,
    "level": 26,
    "ipEarned": 103,
    "createDate": 1398243189660,
    "fellowPlayers": [
      {
        "summonerId": 37342609,
        "teamId": 200,
        "championId": 133
      },
      {
        "summonerId": 30070954,
        "teamId": 100,
        "championId": 15
      },
      {
        "summonerId": 36245865,
        "teamId": 100,
        "championId": 98
      },
      {
        "summonerId": 36495656,
        "teamId": 100,
        "championId": 24
      },
      {
        "summonerId": 27508609,
        "teamId": 200,
        "championId": 99
      },
      {
        "summonerId": 35408767,
        "teamId": 200,
        "championId": 24
      },
      {
        "summonerId": 37232236,
        "teamId": 200,
        "championId": 80
      },
      {
        "summonerId": 34703828,
        "teamId": 100,
        "championId": 131
      },
      {
        "summonerId": 34191432,
        "teamId": 100,
        "championId": 92
      }
    ],
    "stats": {
      "level": 17,
      "goldEarned": 13399,
      "numDeaths": 8,
      "turretsKilled": 2,
      "minionsKilled": 156,
      "championsKilled": 6,
      "goldSpent": 12625,
      "totalDamageDealt": 125096,
      "totalDamageTaken": 15781,
      "killingSprees": 1,
      "largestKillingSpree": 2,
      "team": 200,
      "win": true,
      "neutralMinionsKilled": 1,
      "largestMultiKill": 1,
      "physicalDamageDealtPlayer": 21035,
      "magicDamageDealtPlayer": 103533,
      "physicalDamageTaken": 8289,
      "magicDamageTaken": 7010,
      "timePlayed": 2259,
      "totalHeal": 60,
      "totalUnitsHealed": 1,
      "assists": 12,
      "item0": 3157,
      "item1": 3108,
      "item2": 3255,
      "item3": 3027,
      "item4": 3089,
      "item6": 3340,
      "magicDamageDealtToChampions": 18806,
      "physicalDamageDealtToChampions": 1961,
      "totalDamageDealtToChampions": 21099,
      "trueDamageDealtPlayer": 528,
      "trueDamageDealtToChampions": 332,
      "trueDamageTaken": 482,
      "wardPlaced": 5,
      "neutralMinionsKilledYourJungle": 1,
      "totalTimeCrowdControlDealt": 458
    }
  }
}