{
  "31375914": {
    "gameId": 818186158,
    "invalid": false,
    "gameMode": "CLASSIC",
    "gameType": "MATCHED_GAME",
    "subType": "RANKED_SOLO_5x5",
    "mapId": 1,
    "teamId": 200,
    "championId": 25,
    "spell1": 14,
    "spell2": 4,
    "level": 30,
    "ipEarned": 92,
    "createDate": 1398248518676,
    "fellowPlayers": [
      {
        "summonerId": 29183530,
        "teamId": 200,
        "championId": 51
      },
      {
        "summonerId": 36974335,
        "teamId": 100,
        "championId": 62
      },
      {
        "summonerId": 37336398,
        "teamId": 200,
        "championId": 19
      },
      {
        "summonerId": 356662,
        "teamId": 200,
        "championId": 76
      },
      {
        "summonerId": 27097781,
        "teamId": 100,
        "championId": 1
      },
      {
        "summonerId": 20523983,
        "teamId": 200,
        "championId": 58
      },
      {
        "summonerId": 21463355,
        "teamId": 100,
        "championId": 63
      },
      {
        "summonerId": 19339445,
        "teamId": 100,
        "championId": 39
      },
      {
        "summonerId": 20172866,
        "teamId": 100,
        "championId": 222
      }
    ],
    "stats": {
      "level": 17,
      "goldEarned": 13452,
      "numDeaths": 7,
      "turretsKilled": 1,
      "minionsKilled": 131,
      "championsKilled": 11,
      "goldSpent": 14450,
      "totalDamageDealt": 94874,
      "totalDamageTaken": 27592,
      "doubleKills": 1,
      "killingSprees": 3,
      "largestKillingSpree": 7,
      "team": 200,
      "win": true,
      "neutralMinionsKilled": 7,
      "largestMultiKill": 2,
      "physicalDamageDealtPlayer": 17577,
      "magicDamageDealtPlayer": 76085,
      "physicalDamageTaken": 13196,
      "magicDamageTaken": 13284,
      "timePlayed": 1927,
      "totalHeal": 1727,
      "totalUnitsHealed": 1,
      "assists": 18,
      "item0": 1056,
      "item1": 3255,
      "item2": 3027,
      "item3": 3174,
      "item4": 3157,
      "item5": 1058,
      "item6": 3340,
      "sightWardsBought": 1,
      "magicDamageDealtToChampions": 28163,
      "physicalDamageDealtToChampions": 1516,
      "totalDamageDealtToChampions": 30710,
      "trueDamageDealtPlayer": 1212,
      "trueDamageDealtToChampions": 1030,
      "trueDamageTaken": 1111,
      "wardPlaced": 8,
      "neutralMinionsKilledYourJungle": 7,
      "totalTimeCrowdControlDealt": 202
    }
  },
  "summonerCount": 10,
  "21463355": {
    "gameId": 818186158,
    "invalid": false,
    "gameMode": "CLASSIC",
    "gameType": "MATCHED_GAME",
    "subType": "RANKED_SOLO_5x5",
    "mapId": 1,
    "teamId": 100,
    "championId": 63,
    "spell1": 4,
    "spell2": 14,
    "level": 30,
    "ipEarned": 61,
    "createDate": 1398248518671,
    "fellowPlayers": [
      {
        "summonerId": 29183530,
        "teamId": 200,
        "championId": 51
      },
      {
        "summonerId": 36974335,
        "teamId": 100,
        "championId": 62
      },
      {
        "summonerId": 37336398,
        "teamId": 200,
        "championId": 19
      },
      {
        "summonerId": 356662,
        "teamId": 200,
        "championId": 76
      },
      {
        "summonerId": 27097781,
        "teamId": 100,
        "championId": 1
      },
      {
        "summonerId": 20523983,
        "teamId": 200,
        "championId": 58
      },
      {
        "summonerId": 31375914,
        "teamId": 200,
        "championId": 25
      },
      {
        "summonerId": 19339445,
        "teamId": 100,
        "championId": 39
      },
      {
        "summonerId": 20172866,
        "teamId": 100,
        "championId": 222
      }
    ],
    "stats": {
      "level": 15,
      "goldEarned": 9489,
      "numDeaths": 12,
      "minionsKilled": 121,
      "championsKilled": 5,
      "goldSpent": 9560,
      "totalDamageDealt": 82163,
      "totalDamageTaken": 24432,
      "doubleKills": 1,
      "killingSprees": 1,
      "largestKillingSpree": 2,
      "team": 100,
      "win": false,
      "neutralMinionsKilled": 6,
      "largestMultiKill": 2,
      "physicalDamageDealtPlayer": 12111,
      "magicDamageDealtPlayer": 69297,
      "physicalDamageTaken": 6041,
      "magicDamageTaken": 17553,
      "timePlayed": 1927,
      "assists": 10,
      "item0": 1058,
      "item1": 3151,
      "item2": 3135,
      "item3": 3191,
      "item4": 3020,
      "item6": 3340,
      "magicDamageDealtToChampions": 26397,
      "physicalDamageDealtToChampions": 1293,
      "totalDamageDealtToChampions": 28413,
      "trueDamageDealtPlayer": 754,
      "trueDamageDealtToChampions": 722,
      "trueDamageTaken": 838,
      "wardPlaced": 4,
      "neutralMinionsKilledYourJungle": 6,
      "totalTimeCrowdControlDealt": 47
    }
  },
  "29183530": {
    "gameId": 818186158,
    "invalid": false,
    "gameMode": "CLASSIC",
    "gameType": "MATCHED_GAME",
    "subType": "RANKED_SOLO_5x5",
    "mapId": 1,
    "teamId": 200,
    "championId": 51,
    "spell1": 7,
    "spell2": 4,
    "level": 30,
    "ipEarned": 92,
    "createDate": 1398248518674,
    "fellowPlayers": [
      {
        "summonerId": 36974335,
        "teamId": 100,
        "championId": 62
      },
      {
        "summonerId": 37336398,
        "teamId": 200,
        "championId": 19
      },
      {
        "summonerId": 356662,
        "teamId": 200,
        "championId": 76
      },
      {
        "summonerId": 27097781,
        "teamId": 100,
        "championId": 1
      },
      {
        "summonerId": 20523983,
        "teamId": 200,
        "championId": 58
      },
      {
        "summonerId": 21463355,
        "teamId": 100,
        "championId": 63
      },
      {
        "summonerId": 31375914,
        "teamId": 200,
        "championId": 25
      },
      {
        "summonerId": 19339445,
        "teamId": 100,
        "championId": 39
      },
      {
        "summonerId": 20172866,
        "teamId": 100,
        "championId": 222
      }
    ],
    "stats": {
      "level": 17,
      "goldEarned": 15175,
      "numDeaths": 3,
      "turretsKilled": 5,
      "minionsKilled": 194,
      "championsKilled": 15,
      "goldSpent": 11320,
      "totalDamageDealt": 166507,
      "totalDamageTaken": 22518,
      "doubleKills": 5,
      "tripleKills": 2,
      "killingSprees": 3,
      "largestKillingSpree": 8,
      "team": 200,
      "win": true,
      "neutralMinionsKilled": 3,
      "largestMultiKill": 3,
      "physicalDamageDealtPlayer": 163191,
      "magicDamageDealtPlayer": 2367,
      "physicalDamageTaken": 11798,
      "magicDamageTaken": 9923,
      "largestCriticalStrike": 1405,
      "timePlayed": 1927,
      "totalHeal": 3203,
      "totalUnitsHealed": 3,
      "assists": 6,
      "item0": 1055,
      "item1": 3072,
      "item2": 3006,
      "item3": 3046,
      "item4": 3031,
      "item6": 3340,
      "sightWardsBought": 1,
      "magicDamageDealtToChampions": 1983,
      "physicalDamageDealtToChampions": 23130,
      "totalDamageDealtToChampions": 25686,
      "trueDamageDealtPlayer": 948,
      "trueDamageDealtToChampions": 572,
      "trueDamageTaken": 796,
      "wardPlaced": 6,
      "neutralMinionsKilledEnemyJungle": 3,
      "totalTimeCrowdControlDealt": 382
    }
  },
  "27097781": {
    "gameId": 818186158,
    "invalid": false,
    "gameMode": "CLASSIC",
    "gameType": "MATCHED_GAME",
    "subType": "RANKED_SOLO_5x5",
    "mapId": 1,
    "teamId": 100,
    "championId": 1,
    "spell1": 14,
    "spell2": 4,
    "level": 30,
    "ipEarned": 61,
    "createDate": 1398248518672,
    "fellowPlayers": [
      {
        "summonerId": 29183530,
        "teamId": 200,
        "championId": 51
      },
      {
        "summonerId": 36974335,
        "teamId": 100,
        "championId": 62
      },
      {
        "summonerId": 37336398,
        "teamId": 200,
        "championId": 19
      },
      {
        "summonerId": 356662,
        "teamId": 200,
        "championId": 76
      },
      {
        "summonerId": 20523983,
        "teamId": 200,
        "championId": 58
      },
      {
        "summonerId": 21463355,
        "teamId": 100,
        "championId": 63
      },
      {
        "summonerId": 31375914,
        "teamId": 200,
        "championId": 25
      },
      {
        "summonerId": 19339445,
        "teamId": 100,
        "championId": 39
      },
      {
        "summonerId": 20172866,
        "teamId": 100,
        "championId": 222
      }
    ],
    "stats": {
      "level": 15,
      "goldEarned": 8142,
      "numDeaths": 6,
      "turretsKilled": 1,
      "minionsKilled": 79,
      "championsKilled": 3,
      "goldSpent": 7485,
      "totalDamageDealt": 66266,
      "totalDamageTaken": 23223,
      "killingSprees": 1,
      "largestKillingSpree": 2,
      "team": 100,
      "win": false,
      "neutralMinionsKilled": 1,
      "largestMultiKill": 1,
      "physicalDamageDealtPlayer": 9758,
      "magicDamageDealtPlayer": 55935,
      "physicalDamageTaken": 13635,
      "magicDamageTaken": 8904,
      "timePlayed": 1927,
      "totalHeal": 1968,
      "totalUnitsHealed": 1,
      "assists": 9,
      "item0": 3128,
      "item1": 1011,
      "item2": 3010,
      "item3": 1056,
      "item4": 3255,
      "item6": 3340,
      "magicDamageDealtToChampions": 11139,
      "physicalDamageDealtToChampions": 748,
      "totalDamageDealtToChampions": 12256,
      "trueDamageDealtPlayer": 572,
      "trueDamageDealtToChampions": 368,
      "trueDamageTaken": 684,
      "wardPlaced": 6,
      "neutralMinionsKilledEnemyJungle": 1,
      "totalTimeCrowdControlDealt": 61
    }
  },
  "356662": {
    "gameId": 818186158,
    "invalid": false,
    "gameMode": "CLASSIC",
    "gameType": "MATCHED_GAME",
    "subType": "RANKED_SOLO_5x5",
    "mapId": 1,
    "teamId": 200,
    "championId": 76,
    "spell1": 4,
    "spell2": 14,
    "level": 30,
    "ipEarned": 242,
    "createDate": 1398248518673,
    "fellowPlayers": [
      {
        "summonerId": 29183530,
        "teamId": 200,
        "championId": 51
      },
      {
        "summonerId": 36974335,
        "teamId": 100,
        "championId": 62
      },
      {
        "summonerId": 37336398,
        "teamId": 200,
        "championId": 19
      },
      {
        "summonerId": 27097781,
        "teamId": 100,
        "championId": 1
      },
      {
        "summonerId": 20523983,
        "teamId": 200,
        "championId": 58
      },
      {
        "summonerId": 21463355,
        "teamId": 100,
        "championId": 63
      },
      {
        "summonerId": 31375914,
        "teamId": 200,
        "championId": 25
      },
      {
        "summonerId": 19339445,
        "teamId": 100,
        "championId": 39
      },
      {
        "summonerId": 20172866,
        "teamId": 100,
        "championId": 222
      }
    ],
    "stats": {
      "level": 15,
      "goldEarned": 11869,
      "numDeaths": 4,
      "minionsKilled": 72,
      "championsKilled": 7,
      "goldSpent": 9660,
      "totalDamageDealt": 71154,
      "totalDamageTaken": 17432,
      "killingSprees": 3,
      "largestKillingSpree": 2,
      "team": 200,
      "win": true,
      "largestMultiKill": 1,
      "physicalDamageDealtPlayer": 14674,
      "magicDamageDealtPlayer": 55365,
      "physicalDamageTaken": 10208,
      "magicDamageTaken": 6834,
      "timePlayed": 1927,
      "totalHeal": 9136,
      "totalUnitsHealed": 5,
      "assists": 10,
      "item0": 1056,
      "item1": 3070,
      "item2": 3092,
      "item3": 3255,
      "item4": 1026,
      "item5": 3089,
      "item6": 3341,
      "sightWardsBought": 2,
      "magicDamageDealtToChampions": 21644,
      "physicalDamageDealtToChampions": 1315,
      "totalDamageDealtToChampions": 23779,
      "trueDamageDealtPlayer": 1114,
      "trueDamageDealtToChampions": 820,
      "trueDamageTaken": 388,
      "wardKilled": 3,
      "wardPlaced": 2,
      "totalTimeCrowdControlDealt": 78
    }
  },
  "36974335": {
    "gameId": 818186158,
    "invalid": false,
    "gameMode": "CLASSIC",
    "gameType": "MATCHED_GAME",
    "subType": "RANKED_SOLO_5x5",
    "mapId": 1,
    "teamId": 100,
    "championId": 62,
    "spell1": 11,
    "spell2": 4,
    "level": 30,
    "ipEarned": 61,
    "createDate": 1398248518667,
    "fellowPlayers": [
      {
        "summonerId": 29183530,
        "teamId": 200,
        "championId": 51
      },
      {
        "summonerId": 37336398,
        "teamId": 200,
        "championId": 19
      },
      {
        "summonerId": 356662,
        "teamId": 200,
        "championId": 76
      },
      {
        "summonerId": 27097781,
        "teamId": 100,
        "championId": 1
      },
      {
        "summonerId": 20523983,
        "teamId": 200,
        "championId": 58
      },
      {
        "summonerId": 21463355,
        "teamId": 100,
        "championId": 63
      },
      {
        "summonerId": 31375914,
        "teamId": 200,
        "championId": 25
      },
      {
        "summonerId": 19339445,
        "teamId": 100,
        "championId": 39
      },
      {
        "summonerId": 20172866,
        "teamId": 100,
        "championId": 222
      }
    ],
    "stats": {
      "level": 15,
      "goldEarned": 9316,
      "numDeaths": 10,
      "minionsKilled": 42,
      "championsKilled": 5,
      "goldSpent": 8885,
      "totalDamageDealt": 110136,
      "totalDamageTaken": 26886,
      "doubleKills": 1,
      "killingSprees": 1,
      "largestKillingSpree": 3,
      "team": 100,
      "win": false,
      "neutralMinionsKilled": 56,
      "largestMultiKill": 2,
      "physicalDamageDealtPlayer": 97408,
      "magicDamageDealtPlayer": 1520,
      "physicalDamageTaken": 18273,
      "magicDamageTaken": 8167,
      "timePlayed": 1927,
      "totalHeal": 3308,
      "totalUnitsHealed": 1,
      "assists": 7,
      "item0": 3209,
      "item1": 3077,
      "item2": 3071,
      "item3": 3265,
      "item6": 3340,
      "visionWardsBought": 1,
      "magicDamageDealtToChampions": 122,
      "physicalDamageDealtToChampions": 13543,
      "totalDamageDealtToChampions": 14916,
      "trueDamageDealtPlayer": 11207,
      "trueDamageDealtToChampions": 1251,
      "trueDamageTaken": 446,
      "wardPlaced": 8,
      "neutralMinionsKilledEnemyJungle": 8,
      "neutralMinionsKilledYourJungle": 48,
      "totalTimeCrowdControlDealt": 273
    }
  },
  "20172866": {
    "gameId": 818186158,
    "invalid": false,
    "gameMode": "CLASSIC",
    "gameType": "MATCHED_GAME",
    "subType": "RANKED_SOLO_5x5",
    "mapId": 1,
    "teamId": 100,
    "championId": 222,
    "spell1": 7,
    "spell2": 4,
    "level": 30,
    "ipEarned": 61,
    "createDate": 1398248518670,
    "fellowPlayers": [
      {
        "summonerId": 29183530,
        "teamId": 200,
        "championId": 51
      },
      {
        "summonerId": 36974335,
        "teamId": 100,
        "championId": 62
      },
      {
        "summonerId": 37336398,
        "teamId": 200,
        "championId": 19
      },
      {
        "summonerId": 356662,
        "teamId": 200,
        "championId": 76
      },
      {
        "summonerId": 27097781,
        "teamId": 100,
        "championId": 1
      },
      {
        "summonerId": 20523983,
        "teamId": 200,
        "championId": 58
      },
      {
        "summonerId": 21463355,
        "teamId": 100,
        "championId": 63
      },
      {
        "summonerId": 31375914,
        "teamId": 200,
        "championId": 25
      },
      {
        "summonerId": 19339445,
        "teamId": 100,
        "championId": 39
      }
    ],
    "stats": {
      "level": 14,
      "goldEarned": 10244,
      "numDeaths": 7,
      "turretsKilled": 1,
      "minionsKilled": 132,
      "championsKilled": 7,
      "goldSpent": 9450,
      "totalDamageDealt": 80656,
      "totalDamageTaken": 22211,
      "killingSprees": 2,
      "largestKillingSpree": 2,
      "team": 100,
      "win": false,
      "neutralMinionsKilled": 4,
      "largestMultiKill": 1,
      "physicalDamageDealtPlayer": 75870,
      "magicDamageDealtPlayer": 4605,
      "physicalDamageTaken": 7613,
      "magicDamageTaken": 13952,
      "largestCriticalStrike": 484,
      "timePlayed": 1927,
      "totalHeal": 2679,
      "totalUnitsHealed": 3,
      "assists": 9,
      "item0": 3006,
      "item1": 3072,
      "item2": 3153,
      "item3": 1018,
      "item4": 1037,
      "item5": 1055,
      "item6": 3340,
      "magicDamageDealtToChampions": 1936,
      "physicalDamageDealtToChampions": 17283,
      "totalDamageDealtToChampions": 19399,
      "trueDamageDealtPlayer": 180,
      "trueDamageDealtToChampions": 180,
      "trueDamageTaken": 646,
      "wardPlaced": 8,
      "neutralMinionsKilledYourJungle": 4,
      "totalTimeCrowdControlDealt": 151
    }
  },
  "37336398": {
    "gameId": 818186158,
    "invalid": false,
    "gameMode": "CLASSIC",
    "gameType": "MATCHED_GAME",
    "subType": "RANKED_SOLO_5x5",
    "mapId": 1,
    "teamId": 200,
    "championId": 19,
    "spell1": 4,
    "spell2": 11,
    "level": 30,
    "ipEarned": 92,
    "createDate": 1398248518677,
    "fellowPlayers": [
      {
        "summonerId": 29183530,
        "teamId": 200,
        "championId": 51
      },
      {
        "summonerId": 36974335,
        "teamId": 100,
        "championId": 62
      },
      {
        "summonerId": 356662,
        "teamId": 200,
        "championId": 76
      },
      {
        "summonerId": 27097781,
        "teamId": 100,
        "championId": 1
      },
      {
        "summonerId": 20523983,
        "teamId": 200,
        "championId": 58
      },
      {
        "summonerId": 21463355,
        "teamId": 100,
        "championId": 63
      },
      {
        "summonerId": 31375914,
        "teamId": 200,
        "championId": 25
      },
      {
        "summonerId": 19339445,
        "teamId": 100,
        "championId": 39
      },
      {
        "summonerId": 20172866,
        "teamId": 100,
        "championId": 222
      }
    ],
    "stats": {
      "level": 17,
      "goldEarned": 12111,
      "numDeaths": 5,
      "minionsKilled": 12,
      "championsKilled": 5,
      "goldSpent": 11600,
      "totalDamageDealt": 122159,
      "totalDamageTaken": 35159,
      "doubleKills": 1,
      "killingSprees": 1,
      "largestKillingSpree": 3,
      "team": 200,
      "win": true,
      "neutralMinionsKilled": 80,
      "largestMultiKill": 2,
      "physicalDamageDealtPlayer": 63027,
      "magicDamageDealtPlayer": 46754,
      "physicalDamageTaken": 25020,
      "magicDamageTaken": 8516,
      "timePlayed": 1927,
      "totalHeal": 16764,
      "totalUnitsHealed": 1,
      "assists": 16,
      "item0": 3154,
      "item1": 3265,
      "item2": 3153,
      "item3": 3065,
      "item4": 3082,
      "item5": 1011,
      "item6": 3340,
      "magicDamageDealtToChampions": 5371,
      "physicalDamageDealtToChampions": 5797,
      "totalDamageDealtToChampions": 12063,
      "trueDamageDealtPlayer": 12376,
      "trueDamageDealtToChampions": 894,
      "trueDamageTaken": 1622,
      "wardPlaced": 6,
      "neutralMinionsKilledEnemyJungle": 9,
      "neutralMinionsKilledYourJungle": 71,
      "totalTimeCrowdControlDealt": 485
    }
  },
  "20523983": {
    "gameId": 818186158,
    "invalid": false,
    "gameMode": "CLASSIC",
    "gameType": "MATCHED_GAME",
    "subType": "RANKED_SOLO_5x5",
    "mapId": 1,
    "teamId": 200,
    "championId": 58,
    "spell1": 14,
    "spell2": 4,
    "level": 30,
    "ipEarned": 242,
    "createDate": 1398248518675,
    "fellowPlayers": [
      {
        "summonerId": 29183530,
        "teamId": 200,
        "championId": 51
      },
      {
        "summonerId": 36974335,
        "teamId": 100,
        "championId": 62
      },
      {
        "summonerId": 37336398,
        "teamId": 200,
        "championId": 19
      },
      {
        "summonerId": 356662,
        "teamId": 200,
        "championId": 76
      },
      {
        "summonerId": 27097781,
        "teamId": 100,
        "championId": 1
      },
      {
        "summonerId": 21463355,
        "teamId": 100,
        "championId": 63
      },
      {
        "summonerId": 31375914,
        "teamId": 200,
        "championId": 25
      },
      {
        "summonerId": 19339445,
        "teamId": 100,
        "championId": 39
      },
      {
        "summonerId": 20172866,
        "teamId": 100,
        "championId": 222
      }
    ],
    "stats": {
      "level": 17,
      "goldEarned": 12741,
      "numDeaths": 5,
      "barracksKilled": 2,
      "turretsKilled": 2,
      "minionsKilled": 213,
      "championsKilled": 5,
      "goldSpent": 8567,
      "totalDamageDealt": 156816,
      "totalDamageTaken": 28792,
      "doubleKills": 1,
      "killingSprees": 1,
      "largestKillingSpree": 2,
      "team": 200,
      "win": true,
      "neutralMinionsKilled": 17,
      "largestMultiKill": 2,
      "physicalDamageDealtPlayer": 125336,
      "magicDamageDealtPlayer": 30310,
      "physicalDamageTaken": 20456,
      "magicDamageTaken": 4790,
      "timePlayed": 1927,
      "totalHeal": 6485,
      "totalUnitsHealed": 1,
      "assists": 4,
      "item0": 3111,
      "item2": 3134,
      "item3": 3050,
      "item4": 3068,
      "item5": 1028,
      "item6": 3340,
      "sightWardsBought": 1,
      "magicDamageDealtToChampions": 2773,
      "physicalDamageDealtToChampions": 11802,
      "totalDamageDealtToChampions": 15746,
      "trueDamageDealtPlayer": 1170,
      "trueDamageDealtToChampions": 1170,
      "trueDamageTaken": 3546,
      "wardPlaced": 9,
      "neutralMinionsKilledEnemyJungle": 5,
      "neutralMinionsKilledYourJungle": 12,
      "totalTimeCrowdControlDealt": 42
    }
  },
  "31375914": {
    "gameId": 818186158,
    "invalid": false,
    "gameMode": "CLASSIC",
    "gameType": "MATCHED_GAME",
    "subType": "RANKED_SOLO_5x5",
    "mapId": 1,
    "teamId": 200,
    "championId": 25,
    "spell1": 14,
    "spell2": 4,
    "level": 30,
    "ipEarned": 92,
    "createDate": 1398248518676,
    "fellowPlayers": [
      {
        "summonerId": 29183530,
        "teamId": 200,
        "championId": 51
      },
      {
        "summonerId": 36974335,
        "teamId": 100,
        "championId": 62
      },
      {
        "summonerId": 37336398,
        "teamId": 200,
        "championId": 19
      },
      {
        "summonerId": 356662,
        "teamId": 200,
        "championId": 76
      },
      {
        "summonerId": 27097781,
        "teamId": 100,
        "championId": 1
      },
      {
        "summonerId": 20523983,
        "teamId": 200,
        "championId": 58
      },
      {
        "summonerId": 21463355,
        "teamId": 100,
        "championId": 63
      },
      {
        "summonerId": 19339445,
        "teamId": 100,
        "championId": 39
      },
      {
        "summonerId": 20172866,
        "teamId": 100,
        "championId": 222
      }
    ],
    "stats": {
      "level": 17,
      "goldEarned": 13452,
      "numDeaths": 7,
      "turretsKilled": 1,
      "minionsKilled": 131,
      "championsKilled": 11,
      "goldSpent": 14450,
      "totalDamageDealt": 94874,
      "totalDamageTaken": 27592,
      "doubleKills": 1,
      "killingSprees": 3,
      "largestKillingSpree": 7,
      "team": 200,
      "win": true,
      "neutralMinionsKilled": 7,
      "largestMultiKill": 2,
      "physicalDamageDealtPlayer": 17577,
      "magicDamageDealtPlayer": 76085,
      "physicalDamageTaken": 13196,
      "magicDamageTaken": 13284,
      "timePlayed": 1927,
      "totalHeal": 1727,
      "totalUnitsHealed": 1,
      "assists": 18,
      "item0": 1056,
      "item1": 3255,
      "item2": 3027,
      "item3": 3174,
      "item4": 3157,
      "item5": 1058,
      "item6": 3340,
      "sightWardsBought": 1,
      "magicDamageDealtToChampions": 28163,
      "physicalDamageDealtToChampions": 1516,
      "totalDamageDealtToChampions": 30710,
      "trueDamageDealtPlayer": 1212,
      "trueDamageDealtToChampions": 1030,
      "trueDamageTaken": 1111,
      "wardPlaced": 8,
      "neutralMinionsKilledYourJungle": 7,
      "totalTimeCrowdControlDealt": 202
    }
  }
}