{
  "43934952": {
    "gameId": 818169108,
    "invalid": false,
    "gameMode": "CLASSIC",
    "gameType": "MATCHED_GAME",
    "subType": "RANKED_SOLO_5x5",
    "mapId": 1,
    "teamId": 200,
    "championId": 13,
    "spell1": 4,
    "spell2": 12,
    "level": 30,
    "ipEarned": 226,
    "createDate": 1398242582781,
    "fellowPlayers": [
      {
        "summonerId": 43464200,
        "teamId": 200,
        "championId": 32
      },
      {
        "summonerId": 21868923,
        "teamId": 100,
        "championId": 67
      },
      {
        "summonerId": 29064858,
        "teamId": 100,
        "championId": 25
      },
      {
        "summonerId": 29907667,
        "teamId": 100,
        "championId": 154
      },
      {
        "summonerId": 38520272,
        "teamId": 200,
        "championId": 55
      },
      {
        "summonerId": 24658470,
        "teamId": 200,
        "championId": 16
      },
      {
        "summonerId": 22398018,
        "teamId": 200,
        "championId": 15
      },
      {
        "summonerId": 22493353,
        "teamId": 100,
        "championId": 43
      },
      {
        "summonerId": 36243710,
        "teamId": 100,
        "championId": 76
      }
    ],
    "stats": {
      "level": 14,
      "goldEarned": 9727,
      "numDeaths": 3,
      "barracksKilled": 1,
      "turretsKilled": 1,
      "minionsKilled": 144,
      "championsKilled": 5,
      "goldSpent": 9180,
      "totalDamageDealt": 91466,
      "totalDamageTaken": 17478,
      "killingSprees": 1,
      "largestKillingSpree": 2,
      "team": 200,
      "win": true,
      "neutralMinionsKilled": 12,
      "largestMultiKill": 1,
      "physicalDamageDealtPlayer": 21227,
      "magicDamageDealtPlayer": 70239,
      "physicalDamageTaken": 7567,
      "magicDamageTaken": 9755,
      "timePlayed": 1551,
      "totalHeal": 199,
      "totalUnitsHealed": 1,
      "assists": 4,
      "item0": 3070,
      "item1": 3027,
      "item2": 3065,
      "item3": 1026,
      "item4": 3020,
      "item5": 2039,
      "item6": 3340,
      "sightWardsBought": 4,
      "magicDamageDealtToChampions": 14244,
      "physicalDamageDealtToChampions": 1461,
      "totalDamageDealtToChampions": 15706,
      "trueDamageTaken": 156,
      "wardPlaced": 9,
      "neutralMinionsKilledEnemyJungle": 4,
      "neutralMinionsKilledYourJungle": 8,
      "totalTimeCrowdControlDealt": 77
    }
  },
  "summonerCount": 10,
  "24658470": {
    "gameId": 818169108,
    "invalid": false,
    "gameMode": "CLASSIC",
    "gameType": "MATCHED_GAME",
    "subType": "RANKED_SOLO_5x5",
    "mapId": 1,
    "teamId": 200,
    "championId": 16,
    "spell1": 4,
    "spell2": 14,
    "level": 30,
    "ipEarned": 76,
    "createDate": 1398242582782,
    "fellowPlayers": [
      {
        "summonerId": 43464200,
        "teamId": 200,
        "championId": 32
      },
      {
        "summonerId": 21868923,
        "teamId": 100,
        "championId": 67
      },
      {
        "summonerId": 29064858,
        "teamId": 100,
        "championId": 25
      },
      {
        "summonerId": 43934952,
        "teamId": 200,
        "championId": 13
      },
      {
        "summonerId": 29907667,
        "teamId": 100,
        "championId": 154
      },
      {
        "summonerId": 38520272,
        "teamId": 200,
        "championId": 55
      },
      {
        "summonerId": 22398018,
        "teamId": 200,
        "championId": 15
      },
      {
        "summonerId": 22493353,
        "teamId": 100,
        "championId": 43
      },
      {
        "summonerId": 36243710,
        "teamId": 100,
        "championId": 76
      }
    ],
    "stats": {
      "level": 13,
      "goldEarned": 10544,
      "numDeaths": 1,
      "turretsKilled": 2,
      "minionsKilled": 16,
      "championsKilled": 3,
      "goldSpent": 10400,
      "totalDamageDealt": 31239,
      "totalDamageTaken": 14471,
      "doubleKills": 1,
      "killingSprees": 1,
      "largestKillingSpree": 3,
      "team": 200,
      "win": true,
      "largestMultiKill": 2,
      "physicalDamageDealtPlayer": 12110,
      "magicDamageDealtPlayer": 18411,
      "physicalDamageTaken": 6852,
      "magicDamageTaken": 7236,
      "timePlayed": 1551,
      "totalHeal": 18414,
      "totalUnitsHealed": 5,
      "assists": 19,
      "item0": 3092,
      "item1": 3190,
      "item2": 2049,
      "item3": 3116,
      "item5": 3111,
      "item6": 3342,
      "sightWardsBought": 2,
      "magicDamageDealtToChampions": 6396,
      "physicalDamageDealtToChampions": 2456,
      "totalDamageDealtToChampions": 9571,
      "trueDamageDealtPlayer": 718,
      "trueDamageDealtToChampions": 718,
      "trueDamageTaken": 382,
      "wardPlaced": 9,
      "totalTimeCrowdControlDealt": 78
    }
  },
  "29064858": {
    "gameId": 818169108,
    "invalid": false,
    "gameMode": "CLASSIC",
    "gameType": "MATCHED_GAME",
    "subType": "RANKED_SOLO_5x5",
    "mapId": 1,
    "teamId": 100,
    "championId": 25,
    "spell1": 3,
    "spell2": 4,
    "level": 30,
    "ipEarned": 51,
    "createDate": 1398242582775,
    "fellowPlayers": [
      {
        "summonerId": 43464200,
        "teamId": 200,
        "championId": 32
      },
      {
        "summonerId": 21868923,
        "teamId": 100,
        "championId": 67
      },
      {
        "summonerId": 43934952,
        "teamId": 200,
        "championId": 13
      },
      {
        "summonerId": 29907667,
        "teamId": 100,
        "championId": 154
      },
      {
        "summonerId": 38520272,
        "teamId": 200,
        "championId": 55
      },
      {
        "summonerId": 24658470,
        "teamId": 200,
        "championId": 16
      },
      {
        "summonerId": 22398018,
        "teamId": 200,
        "championId": 15
      },
      {
        "summonerId": 22493353,
        "teamId": 100,
        "championId": 43
      },
      {
        "summonerId": 36243710,
        "teamId": 100,
        "championId": 76
      }
    ],
    "stats": {
      "level": 11,
      "goldEarned": 4945,
      "numDeaths": 9,
      "minionsKilled": 6,
      "goldSpent": 4455,
      "totalDamageDealt": 14888,
      "totalDamageTaken": 16915,
      "team": 100,
      "win": false,
      "physicalDamageDealtPlayer": 4199,
      "magicDamageDealtPlayer": 10689,
      "physicalDamageTaken": 11638,
      "magicDamageTaken": 5045,
      "timePlayed": 1551,
      "totalHeal": 456,
      "totalUnitsHealed": 1,
      "assists": 3,
      "item0": 3069,
      "item2": 1056,
      "item4": 3111,
      "item6": 3340,
      "sightWardsBought": 5,
      "magicDamageDealtToChampions": 3571,
      "physicalDamageDealtToChampions": 1547,
      "totalDamageDealtToChampions": 5118,
      "trueDamageTaken": 232,
      "wardKilled": 1,
      "wardPlaced": 8,
      "totalTimeCrowdControlDealt": 61
    }
  },
  "22398018": {
    "gameId": 818169108,
    "invalid": false,
    "gameMode": "CLASSIC",
    "gameType": "MATCHED_GAME",
    "subType": "RANKED_SOLO_5x5",
    "mapId": 1,
    "teamId": 200,
    "championId": 15,
    "spell1": 4,
    "spell2": 7,
    "level": 30,
    "ipEarned": 76,
    "createDate": 1398242582780,
    "fellowPlayers": [
      {
        "summonerId": 43464200,
        "teamId": 200,
        "championId": 32
      },
      {
        "summonerId": 21868923,
        "teamId": 100,
        "championId": 67
      },
      {
        "summonerId": 29064858,
        "teamId": 100,
        "championId": 25
      },
      {
        "summonerId": 43934952,
        "teamId": 200,
        "championId": 13
      },
      {
        "summonerId": 29907667,
        "teamId": 100,
        "championId": 154
      },
      {
        "summonerId": 38520272,
        "teamId": 200,
        "championId": 55
      },
      {
        "summonerId": 24658470,
        "teamId": 200,
        "championId": 16
      },
      {
        "summonerId": 22493353,
        "teamId": 100,
        "championId": 43
      },
      {
        "summonerId": 36243710,
        "teamId": 100,
        "championId": 76
      }
    ],
    "stats": {
      "level": 15,
      "goldEarned": 14251,
      "numDeaths": 3,
      "barracksKilled": 3,
      "turretsKilled": 5,
      "minionsKilled": 199,
      "championsKilled": 18,
      "goldSpent": 13490,
      "totalDamageDealt": 162529,
      "totalDamageTaken": 20583,
      "doubleKills": 3,
      "tripleKills": 2,
      "killingSprees": 3,
      "largestKillingSpree": 9,
      "team": 200,
      "win": true,
      "neutralMinionsKilled": 4,
      "largestMultiKill": 3,
      "physicalDamageDealtPlayer": 150133,
      "magicDamageDealtPlayer": 11582,
      "physicalDamageTaken": 9918,
      "magicDamageTaken": 9971,
      "largestCriticalStrike": 846,
      "timePlayed": 1551,
      "totalHeal": 1942,
      "totalUnitsHealed": 2,
      "assists": 11,
      "item0": 3006,
      "item1": 3035,
      "item2": 3072,
      "item3": 3087,
      "item4": 3031,
      "item5": 1055,
      "item6": 3340,
      "magicDamageDealtToChampions": 1999,
      "physicalDamageDealtToChampions": 31416,
      "totalDamageDealtToChampions": 33958,
      "trueDamageDealtPlayer": 814,
      "trueDamageDealtToChampions": 542,
      "trueDamageTaken": 694,
      "wardPlaced": 2,
      "neutralMinionsKilledEnemyJungle": 1,
      "neutralMinionsKilledYourJungle": 3,
      "totalTimeCrowdControlDealt": 181
    }
  },
  "29907667": {
    "gameId": 818169108,
    "invalid": false,
    "gameMode": "CLASSIC",
    "gameType": "MATCHED_GAME",
    "subType": "RANKED_SOLO_5x5",
    "mapId": 1,
    "teamId": 100,
    "championId": 154,
    "spell1": 11,
    "spell2": 4,
    "level": 30,
    "ipEarned": 51,
    "createDate": 1398242582773,
    "fellowPlayers": [
      {
        "summonerId": 43464200,
        "teamId": 200,
        "championId": 32
      },
      {
        "summonerId": 21868923,
        "teamId": 100,
        "championId": 67
      },
      {
        "summonerId": 29064858,
        "teamId": 100,
        "championId": 25
      },
      {
        "summonerId": 43934952,
        "teamId": 200,
        "championId": 13
      },
      {
        "summonerId": 38520272,
        "teamId": 200,
        "championId": 55
      },
      {
        "summonerId": 24658470,
        "teamId": 200,
        "championId": 16
      },
      {
        "summonerId": 22398018,
        "teamId": 200,
        "championId": 15
      },
      {
        "summonerId": 22493353,
        "teamId": 100,
        "championId": 43
      },
      {
        "summonerId": 36243710,
        "teamId": 100,
        "championId": 76
      }
    ],
    "stats": {
      "level": 11,
      "goldEarned": 5517,
      "numDeaths": 6,
      "minionsKilled": 39,
      "championsKilled": 1,
      "goldSpent": 5240,
      "totalDamageDealt": 68637,
      "totalDamageTaken": 25437,
      "team": 100,
      "win": false,
      "neutralMinionsKilled": 47,
      "largestMultiKill": 1,
      "physicalDamageDealtPlayer": 12138,
      "magicDamageDealtPlayer": 49965,
      "physicalDamageTaken": 15046,
      "magicDamageTaken": 10066,
      "timePlayed": 1551,
      "totalHeal": 11297,
      "totalUnitsHealed": 1,
      "assists": 1,
      "item0": 3083,
      "item1": 1029,
      "item3": 3111,
      "item6": 3340,
      "magicDamageDealtToChampions": 7175,
      "physicalDamageDealtToChampions": 1062,
      "totalDamageDealtToChampions": 8456,
      "trueDamageDealtPlayer": 6534,
      "trueDamageDealtToChampions": 218,
      "trueDamageTaken": 324,
      "wardPlaced": 6,
      "neutralMinionsKilledEnemyJungle": 3,
      "neutralMinionsKilledYourJungle": 44,
      "totalTimeCrowdControlDealt": 493
    }
  },
  "43464200": {
    "gameId": 818169108,
    "invalid": false,
    "gameMode": "CLASSIC",
    "gameType": "MATCHED_GAME",
    "subType": "RANKED_SOLO_5x5",
    "mapId": 1,
    "teamId": 200,
    "championId": 32,
    "spell1": 4,
    "spell2": 11,
    "level": 30,
    "ipEarned": 76,
    "createDate": 1398242582777,
    "fellowPlayers": [
      {
        "summonerId": 21868923,
        "teamId": 100,
        "championId": 67
      },
      {
        "summonerId": 29064858,
        "teamId": 100,
        "championId": 25
      },
      {
        "summonerId": 43934952,
        "teamId": 200,
        "championId": 13
      },
      {
        "summonerId": 29907667,
        "teamId": 100,
        "championId": 154
      },
      {
        "summonerId": 38520272,
        "teamId": 200,
        "championId": 55
      },
      {
        "summonerId": 24658470,
        "teamId": 200,
        "championId": 16
      },
      {
        "summonerId": 22398018,
        "teamId": 200,
        "championId": 15
      },
      {
        "summonerId": 22493353,
        "teamId": 100,
        "championId": 43
      },
      {
        "summonerId": 36243710,
        "teamId": 100,
        "championId": 76
      }
    ],
    "stats": {
      "level": 16,
      "goldEarned": 11239,
      "minionsKilled": 51,
      "championsKilled": 4,
      "goldSpent": 10520,
      "totalDamageDealt": 156363,
      "totalDamageTaken": 17655,
      "doubleKills": 1,
      "killingSprees": 1,
      "largestKillingSpree": 4,
      "team": 200,
      "win": true,
      "neutralMinionsKilled": 97,
      "largestMultiKill": 2,
      "physicalDamageDealtPlayer": 24270,
      "magicDamageDealtPlayer": 116495,
      "physicalDamageTaken": 11650,
      "magicDamageTaken": 5421,
      "timePlayed": 1551,
      "totalHeal": 4800,
      "totalUnitsHealed": 1,
      "assists": 12,
      "item0": 3206,
      "item1": 3020,
      "item2": 3068,
      "item3": 3136,
      "item4": 3116,
      "item6": 3340,
      "magicDamageDealtToChampions": 7834,
      "physicalDamageDealtToChampions": 780,
      "totalDamageDealtToChampions": 8753,
      "trueDamageDealtPlayer": 15598,
      "trueDamageDealtToChampions": 138,
      "trueDamageTaken": 584,
      "wardPlaced": 4,
      "neutralMinionsKilledEnemyJungle": 30,
      "neutralMinionsKilledYourJungle": 67,
      "totalTimeCrowdControlDealt": 595
    }
  },
  "36243710": {
    "gameId": 818169108,
    "invalid": false,
    "gameMode": "CLASSIC",
    "gameType": "MATCHED_GAME",
    "subType": "RANKED_SOLO_5x5",
    "mapId": 1,
    "teamId": 100,
    "championId": 76,
    "spell1": 4,
    "spell2": 7,
    "level": 30,
    "ipEarned": 51,
    "createDate": 1398242582770,
    "fellowPlayers": [
      {
        "summonerId": 43464200,
        "teamId": 200,
        "championId": 32
      },
      {
        "summonerId": 21868923,
        "teamId": 100,
        "championId": 67
      },
      {
        "summonerId": 29064858,
        "teamId": 100,
        "championId": 25
      },
      {
        "summonerId": 43934952,
        "teamId": 200,
        "championId": 13
      },
      {
        "summonerId": 29907667,
        "teamId": 100,
        "championId": 154
      },
      {
        "summonerId": 38520272,
        "teamId": 200,
        "championId": 55
      },
      {
        "summonerId": 24658470,
        "teamId": 200,
        "championId": 16
      },
      {
        "summonerId": 22398018,
        "teamId": 200,
        "championId": 15
      },
      {
        "summonerId": 22493353,
        "teamId": 100,
        "championId": 43
      }
    ],
    "stats": {
      "level": 13,
      "goldEarned": 7940,
      "numDeaths": 5,
      "turretsKilled": 1,
      "minionsKilled": 135,
      "championsKilled": 6,
      "goldSpent": 7685,
      "totalDamageDealt": 87103,
      "totalDamageTaken": 16916,
      "doubleKills": 1,
      "killingSprees": 1,
      "largestKillingSpree": 4,
      "team": 100,
      "win": false,
      "largestMultiKill": 2,
      "physicalDamageDealtPlayer": 21979,
      "magicDamageDealtPlayer": 65123,
      "physicalDamageTaken": 5997,
      "magicDamageTaken": 10874,
      "timePlayed": 1551,
      "totalHeal": 7452,
      "totalUnitsHealed": 4,
      "item0": 3089,
      "item1": 3020,
      "item2": 3174,
      "item6": 3340,
      "sightWardsBought": 1,
      "magicDamageDealtToChampions": 16542,
      "physicalDamageDealtToChampions": 2676,
      "totalDamageDealtToChampions": 19219,
      "trueDamageTaken": 44,
      "wardPlaced": 3
    }
  },
  "22493353": {
    "gameId": 818169108,
    "invalid": false,
    "gameMode": "CLASSIC",
    "gameType": "MATCHED_GAME",
    "subType": "RANKED_SOLO_5x5",
    "mapId": 1,
    "teamId": 100,
    "championId": 43,
    "spell1": 4,
    "spell2": 14,
    "level": 30,
    "ipEarned": 51,
    "createDate": 1398242582772,
    "fellowPlayers": [
      {
        "summonerId": 43464200,
        "teamId": 200,
        "championId": 32
      },
      {
        "summonerId": 21868923,
        "teamId": 100,
        "championId": 67
      },
      {
        "summonerId": 29064858,
        "teamId": 100,
        "championId": 25
      },
      {
        "summonerId": 43934952,
        "teamId": 200,
        "championId": 13
      },
      {
        "summonerId": 29907667,
        "teamId": 100,
        "championId": 154
      },
      {
        "summonerId": 38520272,
        "teamId": 200,
        "championId": 55
      },
      {
        "summonerId": 24658470,
        "teamId": 200,
        "championId": 16
      },
      {
        "summonerId": 22398018,
        "teamId": 200,
        "championId": 15
      },
      {
        "summonerId": 36243710,
        "teamId": 100,
        "championId": 76
      }
    ],
    "stats": {
      "level": 11,
      "goldEarned": 5395,
      "numDeaths": 12,
      "minionsKilled": 94,
      "championsKilled": 1,
      "goldSpent": 4025,
      "totalDamageDealt": 62809,
      "totalDamageTaken": 19014,
      "team": 100,
      "win": false,
      "largestMultiKill": 1,
      "physicalDamageDealtPlayer": 7653,
      "magicDamageDealtPlayer": 54615,
      "physicalDamageTaken": 6620,
      "magicDamageTaken": 12094,
      "timePlayed": 1551,
      "totalHeal": 198,
      "totalUnitsHealed": 1,
      "item0": 1056,
      "item1": 3165,
      "item2": 3020,
      "item6": 3340,
      "sightWardsBought": 2,
      "magicDamageDealtToChampions": 9790,
      "physicalDamageDealtToChampions": 1506,
      "totalDamageDealtToChampions": 11836,
      "trueDamageDealtPlayer": 540,
      "trueDamageDealtToChampions": 540,
      "trueDamageTaken": 300,
      "wardPlaced": 4,
      "totalTimeCrowdControlDealt": 289
    }
  },
  "38520272": {
    "gameId": 818169108,
    "invalid": false,
    "gameMode": "CLASSIC",
    "gameType": "MATCHED_GAME",
    "subType": "RANKED_SOLO_5x5",
    "mapId": 1,
    "teamId": 200,
    "championId": 55,
    "spell1": 4,
    "spell2": 12,
    "level": 30,
    "ipEarned": 226,
    "createDate": 1398242582778,
    "fellowPlayers": [
      {
        "summonerId": 43464200,
        "teamId": 200,
        "championId": 32
      },
      {
        "summonerId": 21868923,
        "teamId": 100,
        "championId": 67
      },
      {
        "summonerId": 29064858,
        "teamId": 100,
        "championId": 25
      },
      {
        "summonerId": 43934952,
        "teamId": 200,
        "championId": 13
      },
      {
        "summonerId": 29907667,
        "teamId": 100,
        "championId": 154
      },
      {
        "summonerId": 24658470,
        "teamId": 200,
        "championId": 16
      },
      {
        "summonerId": 22398018,
        "teamId": 200,
        "championId": 15
      },
      {
        "summonerId": 22493353,
        "teamId": 100,
        "championId": 43
      },
      {
        "summonerId": 36243710,
        "teamId": 100,
        "championId": 76
      }
    ],
    "stats": {
      "level": 14,
      "goldEarned": 10179,
      "numDeaths": 3,
      "turretsKilled": 1,
      "minionsKilled": 121,
      "championsKilled": 10,
      "goldSpent": 9400,
      "totalDamageDealt": 91647,
      "totalDamageTaken": 12284,
      "doubleKills": 1,
      "killingSprees": 1,
      "largestKillingSpree": 7,
      "team": 200,
      "win": true,
      "neutralMinionsKilled": 9,
      "largestMultiKill": 2,
      "physicalDamageDealtPlayer": 13700,
      "magicDamageDealtPlayer": 77947,
      "physicalDamageTaken": 7056,
      "magicDamageTaken": 4695,
      "timePlayed": 1551,
      "totalHeal": 363,
      "totalUnitsHealed": 1,
      "assists": 6,
      "item0": 3255,
      "item1": 3128,
      "item2": 1026,
      "item3": 3001,
      "item4": 1028,
      "item5": 1052,
      "item6": 3340,
      "sightWardsBought": 3,
      "magicDamageDealtToChampions": 12210,
      "physicalDamageDealtToChampions": 811,
      "totalDamageDealtToChampions": 13021,
      "trueDamageTaken": 532,
      "wardPlaced": 9,
      "neutralMinionsKilledEnemyJungle": 3,
      "neutralMinionsKilledYourJungle": 6,
      "totalTimeCrowdControlDealt": 14
    }
  },
  "43934952": {
    "gameId": 818169108,
    "invalid": false,
    "gameMode": "CLASSIC",
    "gameType": "MATCHED_GAME",
    "subType": "RANKED_SOLO_5x5",
    "mapId": 1,
    "teamId": 200,
    "championId": 13,
    "spell1": 4,
    "spell2": 12,
    "level": 30,
    "ipEarned": 226,
    "createDate": 1398242582781,
    "fellowPlayers": [
      {
        "summonerId": 43464200,
        "teamId": 200,
        "championId": 32
      },
      {
        "summonerId": 21868923,
        "teamId": 100,
        "championId": 67
      },
      {
        "summonerId": 29064858,
        "teamId": 100,
        "championId": 25
      },
      {
        "summonerId": 29907667,
        "teamId": 100,
        "championId": 154
      },
      {
        "summonerId": 38520272,
        "teamId": 200,
        "championId": 55
      },
      {
        "summonerId": 24658470,
        "teamId": 200,
        "championId": 16
      },
      {
        "summonerId": 22398018,
        "teamId": 200,
        "championId": 15
      },
      {
        "summonerId": 22493353,
        "teamId": 100,
        "championId": 43
      },
      {
        "summonerId": 36243710,
        "teamId": 100,
        "championId": 76
      }
    ],
    "stats": {
      "level": 14,
      "goldEarned": 9727,
      "numDeaths": 3,
      "barracksKilled": 1,
      "turretsKilled": 1,
      "minionsKilled": 144,
      "championsKilled": 5,
      "goldSpent": 9180,
      "totalDamageDealt": 91466,
      "totalDamageTaken": 17478,
      "killingSprees": 1,
      "largestKillingSpree": 2,
      "team": 200,
      "win": true,
      "neutralMinionsKilled": 12,
      "largestMultiKill": 1,
      "physicalDamageDealtPlayer": 21227,
      "magicDamageDealtPlayer": 70239,
      "physicalDamageTaken": 7567,
      "magicDamageTaken": 9755,
      "timePlayed": 1551,
      "totalHeal": 199,
      "totalUnitsHealed": 1,
      "assists": 4,
      "item0": 3070,
      "item1": 3027,
      "item2": 3065,
      "item3": 1026,
      "item4": 3020,
      "item5": 2039,
      "item6": 3340,
      "sightWardsBought": 4,
      "magicDamageDealtToChampions": 14244,
      "physicalDamageDealtToChampions": 1461,
      "totalDamageDealtToChampions": 15706,
      "trueDamageTaken": 156,
      "wardPlaced": 9,
      "neutralMinionsKilledEnemyJungle": 4,
      "neutralMinionsKilledYourJungle": 8,
      "totalTimeCrowdControlDealt": 77
    }
  }
}