{
  "19726880": {
    "gameId": 818161039,
    "invalid": false,
    "gameMode": "CLASSIC",
    "gameType": "MATCHED_GAME",
    "subType": "NORMAL",
    "mapId": 1,
    "teamId": 200,
    "championId": 238,
    "spell1": 14,
    "spell2": 4,
    "level": 30,
    "ipEarned": 60,
    "createDate": 1398242826658,
    "fellowPlayers": [
      {
        "summonerId": 19352229,
        "teamId": 100,
        "championId": 41
      },
      {
        "summonerId": 40030010,
        "teamId": 100,
        "championId": 102
      },
      {
        "summonerId": 29009393,
        "teamId": 100,
        "championId": 38
      },
      {
        "summonerId": 20493224,
        "teamId": 200,
        "championId": 126
      },
      {
        "summonerId": 34982686,
        "teamId": 200,
        "championId": 412
      },
      {
        "summonerId": 29764669,
        "teamId": 200,
        "championId": 77
      },
      {
        "summonerId": 23435161,
        "teamId": 200,
        "championId": 236
      },
      {
        "summonerId": 25159325,
        "teamId": 100,
        "championId": 267
      },
      {
        "summonerId": 39884881,
        "teamId": 100,
        "championId": 222
      }
    ],
    "stats": {
      "level": 15,
      "goldEarned": 10116,
      "numDeaths": 6,
      "turretsKilled": 1,
      "minionsKilled": 173,
      "championsKilled": 5,
      "goldSpent": 9915,
      "totalDamageDealt": 108372,
      "totalDamageTaken": 20696,
      "team": 200,
      "win": false,
      "neutralMinionsKilled": 11,
      "largestMultiKill": 1,
      "physicalDamageDealtPlayer": 103312,
      "magicDamageDealtPlayer": 4626,
      "physicalDamageTaken": 10830,
      "magicDamageTaken": 9159,
      "timePlayed": 1904,
      "totalHeal": 279,
      "totalUnitsHealed": 1,
      "assists": 4,
      "item0": 3153,
      "item1": 3071,
      "item3": 3158,
      "item4": 1037,
      "item5": 3155,
      "item6": 3340,
      "magicDamageDealtToChampions": 709,
      "physicalDamageDealtToChampions": 10583,
      "totalDamageDealtToChampions": 11726,
      "trueDamageDealtPlayer": 434,
      "trueDamageDealtToChampions": 434,
      "trueDamageTaken": 706,
      "wardPlaced": 21,
      "neutralMinionsKilledYourJungle": 11,
      "totalTimeCrowdControlDealt": 131
    }
  },
  "summonerCount": 10,
  "29009393": {
    "gameId": 818161039,
    "invalid": false,
    "gameMode": "CLASSIC",
    "gameType": "MATCHED_GAME",
    "subType": "NORMAL",
    "mapId": 1,
    "teamId": 100,
    "championId": 38,
    "spell1": 4,
    "spell2": 14,
    "level": 30,
    "ipEarned": 239,
    "createDate": 1398242826653,
    "fellowPlayers": [
      {
        "summonerId": 19352229,
        "teamId": 100,
        "championId": 41
      },
      {
        "summonerId": 40030010,
        "teamId": 100,
        "championId": 102
      },
      {
        "summonerId": 20493224,
        "teamId": 200,
        "championId": 126
      },
      {
        "summonerId": 19726880,
        "teamId": 200,
        "championId": 238
      },
      {
        "summonerId": 34982686,
        "teamId": 200,
        "championId": 412
      },
      {
        "summonerId": 29764669,
        "teamId": 200,
        "championId": 77
      },
      {
        "summonerId": 23435161,
        "teamId": 200,
        "championId": 236
      },
      {
        "summonerId": 25159325,
        "teamId": 100,
        "championId": 267
      },
      {
        "summonerId": 39884881,
        "teamId": 100,
        "championId": 222
      }
    ],
    "stats": {
      "level": 16,
      "goldEarned": 11300,
      "numDeaths": 8,
      "minionsKilled": 134,
      "championsKilled": 9,
      "goldSpent": 10690,
      "totalDamageDealt": 107206,
      "totalDamageTaken": 24189,
      "doubleKills": 1,
      "killingSprees": 2,
      "largestKillingSpree": 3,
      "team": 100,
      "win": true,
      "neutralMinionsKilled": 6,
      "largestMultiKill": 2,
      "physicalDamageDealtPlayer": 26533,
      "magicDamageDealtPlayer": 79289,
      "physicalDamageTaken": 21248,
      "magicDamageTaken": 1987,
      "timePlayed": 1904,
      "totalHeal": 526,
      "totalUnitsHealed": 1,
      "assists": 6,
      "item0": 1056,
      "item1": 3027,
      "item2": 3040,
      "item3": 3004,
      "item4": 1028,
      "item5": 3020,
      "item6": 3340,
      "magicDamageDealtToChampions": 15925,
      "physicalDamageDealtToChampions": 2422,
      "totalDamageDealtToChampions": 19490,
      "trueDamageDealtPlayer": 1382,
      "trueDamageDealtToChampions": 1142,
      "trueDamageTaken": 953,
      "wardPlaced": 5,
      "neutralMinionsKilledYourJungle": 6,
      "totalTimeCrowdControlDealt": 391
    }
  },
  "25159325": {
    "gameId": 818161039,
    "invalid": false,
    "gameMode": "CLASSIC",
    "gameType": "MATCHED_GAME",
    "subType": "NORMAL",
    "mapId": 1,
    "teamId": 100,
    "championId": 267,
    "spell1": 4,
    "spell2": 3,
    "level": 30,
    "ipEarned": 239,
    "createDate": 1398242826657,
    "fellowPlayers": [
      {
        "summonerId": 19352229,
        "teamId": 100,
        "championId": 41
      },
      {
        "summonerId": 40030010,
        "teamId": 100,
        "championId": 102
      },
      {
        "summonerId": 29009393,
        "teamId": 100,
        "championId": 38
      },
      {
        "summonerId": 20493224,
        "teamId": 200,
        "championId": 126
      },
      {
        "summonerId": 19726880,
        "teamId": 200,
        "championId": 238
      },
      {
        "summonerId": 34982686,
        "teamId": 200,
        "championId": 412
      },
      {
        "summonerId": 29764669,
        "teamId": 200,
        "championId": 77
      },
      {
        "summonerId": 23435161,
        "teamId": 200,
        "championId": 236
      },
      {
        "summonerId": 39884881,
        "teamId": 100,
        "championId": 222
      }
    ],
    "stats": {
      "level": 13,
      "goldEarned": 7971,
      "numDeaths": 7,
      "minionsKilled": 15,
      "goldSpent": 7735,
      "totalDamageDealt": 24824,
      "totalDamageTaken": 13014,
      "team": 100,
      "win": true,
      "physicalDamageDealtPlayer": 5593,
      "magicDamageDealtPlayer": 19231,
      "physicalDamageTaken": 8875,
      "magicDamageTaken": 4049,
      "timePlayed": 1904,
      "totalHeal": 5039,
      "totalUnitsHealed": 5,
      "assists": 14,
      "item0": 3092,
      "item1": 2003,
      "item2": 2049,
      "item3": 3108,
      "item4": 3260,
      "item6": 3341,
      "sightWardsBought": 2,
      "visionWardsBought": 3,
      "magicDamageDealtToChampions": 7902,
      "physicalDamageDealtToChampions": 1385,
      "totalDamageDealtToChampions": 9287,
      "trueDamageTaken": 90,
      "wardKilled": 2,
      "wardPlaced": 23,
      "totalTimeCrowdControlDealt": 190
    }
  },
  "23435161": {
    "gameId": 818161039,
    "invalid": false,
    "gameMode": "CLASSIC",
    "gameType": "MATCHED_GAME",
    "subType": "NORMAL",
    "mapId": 1,
    "teamId": 200,
    "championId": 236,
    "spell1": 4,
    "spell2": 7,
    "level": 30,
    "ipEarned": 60,
    "createDate": 1398242826663,
    "fellowPlayers": [
      {
        "summonerId": 19352229,
        "teamId": 100,
        "championId": 41
      },
      {
        "summonerId": 40030010,
        "teamId": 100,
        "championId": 102
      },
      {
        "summonerId": 29009393,
        "teamId": 100,
        "championId": 38
      },
      {
        "summonerId": 20493224,
        "teamId": 200,
        "championId": 126
      },
      {
        "summonerId": 19726880,
        "teamId": 200,
        "championId": 238
      },
      {
        "summonerId": 34982686,
        "teamId": 200,
        "championId": 412
      },
      {
        "summonerId": 29764669,
        "teamId": 200,
        "championId": 77
      },
      {
        "summonerId": 25159325,
        "teamId": 100,
        "championId": 267
      },
      {
        "summonerId": 39884881,
        "teamId": 100,
        "championId": 222
      }
    ],
    "stats": {
      "level": 14,
      "goldEarned": 11333,
      "numDeaths": 4,
      "turretsKilled": 1,
      "minionsKilled": 158,
      "championsKilled": 10,
      "goldSpent": 11158,
      "totalDamageDealt": 88421,
      "totalDamageTaken": 20533,
      "doubleKills": 1,
      "killingSprees": 2,
      "largestKillingSpree": 6,
      "team": 200,
      "win": false,
      "neutralMinionsKilled": 3,
      "largestMultiKill": 2,
      "physicalDamageDealtPlayer": 85175,
      "magicDamageDealtPlayer": 3246,
      "physicalDamageTaken": 12003,
      "magicDamageTaken": 8094,
      "largestCriticalStrike": 633,
      "timePlayed": 1904,
      "totalHeal": 2621,
      "totalUnitsHealed": 2,
      "assists": 5,
      "item0": 1055,
      "item1": 3072,
      "item2": 3078,
      "item3": 3250,
      "item4": 3035,
      "item6": 3340,
      "magicDamageDealtToChampions": 2849,
      "physicalDamageDealtToChampions": 21844,
      "totalDamageDealtToChampions": 24693,
      "trueDamageTaken": 436,
      "wardPlaced": 7,
      "neutralMinionsKilledEnemyJungle": 3
    }
  },
  "29764669": {
    "gameId": 818161039,
    "invalid": false,
    "gameMode": "CLASSIC",
    "gameType": "MATCHED_GAME",
    "subType": "NORMAL",
    "mapId": 1,
    "teamId": 200,
    "championId": 77,
    "spell1": 4,
    "spell2": 11,
    "level": 30,
    "ipEarned": 60,
    "createDate": 1398242826660,
    "fellowPlayers": [
      {
        "summonerId": 19352229,
        "teamId": 100,
        "championId": 41
      },
      {
        "summonerId": 40030010,
        "teamId": 100,
        "championId": 102
      },
      {
        "summonerId": 29009393,
        "teamId": 100,
        "championId": 38
      },
      {
        "summonerId": 20493224,
        "teamId": 200,
        "championId": 126
      },
      {
        "summonerId": 19726880,
        "teamId": 200,
        "championId": 238
      },
      {
        "summonerId": 34982686,
        "teamId": 200,
        "championId": 412
      },
      {
        "summonerId": 23435161,
        "teamId": 200,
        "championId": 236
      },
      {
        "summonerId": 25159325,
        "teamId": 100,
        "championId": 267
      },
      {
        "summonerId": 39884881,
        "teamId": 100,
        "championId": 222
      }
    ],
    "stats": {
      "level": 14,
      "goldEarned": 8362,
      "numDeaths": 6,
      "minionsKilled": 11,
      "championsKilled": 3,
      "goldSpent": 8148,
      "totalDamageDealt": 100155,
      "totalDamageTaken": 26086,
      "doubleKills": 1,
      "killingSprees": 1,
      "largestKillingSpree": 3,
      "team": 200,
      "win": false,
      "neutralMinionsKilled": 82,
      "largestMultiKill": 2,
      "physicalDamageDealtPlayer": 88528,
      "magicDamageDealtPlayer": 1528,
      "physicalDamageTaken": 20751,
      "magicDamageTaken": 4768,
      "largestCriticalStrike": 604,
      "timePlayed": 1904,
      "totalHeal": 4738,
      "totalUnitsHealed": 1,
      "assists": 4,
      "item0": 3207,
      "item1": 3111,
      "item2": 3078,
      "item3": 3082,
      "item6": 3341,
      "physicalDamageDealtToChampions": 7060,
      "totalDamageDealtToChampions": 7408,
      "trueDamageDealtPlayer": 10098,
      "trueDamageDealtToChampions": 348,
      "trueDamageTaken": 565,
      "wardKilled": 4,
      "neutralMinionsKilledEnemyJungle": 2,
      "neutralMinionsKilledYourJungle": 80,
      "totalTimeCrowdControlDealt": 717
    }
  },
  "19352229": {
    "gameId": 818161039,
    "invalid": false,
    "gameMode": "CLASSIC",
    "gameType": "MATCHED_GAME",
    "subType": "NORMAL",
    "mapId": 1,
    "teamId": 100,
    "championId": 41,
    "spell1": 4,
    "spell2": 14,
    "level": 30,
    "ipEarned": 235,
    "createDate": 1398242826652,
    "fellowPlayers": [
      {
        "summonerId": 40030010,
        "teamId": 100,
        "championId": 102
      },
      {
        "summonerId": 29009393,
        "teamId": 100,
        "championId": 38
      },
      {
        "summonerId": 20493224,
        "teamId": 200,
        "championId": 126
      },
      {
        "summonerId": 19726880,
        "teamId": 200,
        "championId": 238
      },
      {
        "summonerId": 34982686,
        "teamId": 200,
        "championId": 412
      },
      {
        "summonerId": 29764669,
        "teamId": 200,
        "championId": 77
      },
      {
        "summonerId": 23435161,
        "teamId": 200,
        "championId": 236
      },
      {
        "summonerId": 25159325,
        "teamId": 100,
        "championId": 267
      },
      {
        "summonerId": 39884881,
        "teamId": 100,
        "championId": 222
      }
    ],
    "stats": {
      "level": 17,
      "goldEarned": 14687,
      "numDeaths": 1,
      "barracksKilled": 1,
      "turretsKilled": 1,
      "minionsKilled": 247,
      "championsKilled": 8,
      "goldSpent": 12905,
      "totalDamageDealt": 117470,
      "totalDamageTaken": 22998,
      "doubleKills": 1,
      "killingSprees": 1,
      "largestKillingSpree": 8,
      "team": 100,
      "win": true,
      "neutralMinionsKilled": 2,
      "largestMultiKill": 2,
      "physicalDamageDealtPlayer": 100763,
      "magicDamageDealtPlayer": 15752,
      "physicalDamageTaken": 20688,
      "magicDamageTaken": 2070,
      "largestCriticalStrike": 1034,
      "timePlayed": 1904,
      "totalHeal": 9861,
      "totalUnitsHealed": 1,
      "assists": 9,
      "item0": 3083,
      "item1": 3074,
      "item2": 3093,
      "item3": 3070,
      "item4": 3047,
      "item5": 3031,
      "item6": 3340,
      "magicDamageDealtToChampions": 3578,
      "physicalDamageDealtToChampions": 11591,
      "totalDamageDealtToChampions": 15883,
      "trueDamageDealtPlayer": 954,
      "trueDamageDealtToChampions": 714,
      "trueDamageTaken": 240,
      "wardPlaced": 5,
      "neutralMinionsKilledEnemyJungle": 2,
      "totalTimeCrowdControlDealt": 1280
    }
  },
  "34982686": {
    "gameId": 818161039,
    "invalid": false,
    "gameMode": "CLASSIC",
    "gameType": "MATCHED_GAME",
    "subType": "NORMAL",
    "mapId": 1,
    "teamId": 200,
    "championId": 412,
    "spell1": 3,
    "spell2": 4,
    "level": 30,
    "ipEarned": 60,
    "createDate": 1398242826662,
    "fellowPlayers": [
      {
        "summonerId": 19352229,
        "teamId": 100,
        "championId": 41
      },
      {
        "summonerId": 40030010,
        "teamId": 100,
        "championId": 102
      },
      {
        "summonerId": 29009393,
        "teamId": 100,
        "championId": 38
      },
      {
        "summonerId": 20493224,
        "teamId": 200,
        "championId": 126
      },
      {
        "summonerId": 19726880,
        "teamId": 200,
        "championId": 238
      },
      {
        "summonerId": 29764669,
        "teamId": 200,
        "championId": 77
      },
      {
        "summonerId": 23435161,
        "teamId": 200,
        "championId": 236
      },
      {
        "summonerId": 25159325,
        "teamId": 100,
        "championId": 267
      },
      {
        "summonerId": 39884881,
        "teamId": 100,
        "championId": 222
      }
    ],
    "stats": {
      "level": 13,
      "goldEarned": 9009,
      "numDeaths": 7,
      "minionsKilled": 25,
      "championsKilled": 3,
      "goldSpent": 8515,
      "totalDamageDealt": 35198,
      "totalDamageTaken": 22343,
      "killingSprees": 1,
      "largestKillingSpree": 2,
      "team": 200,
      "win": false,
      "largestMultiKill": 1,
      "physicalDamageDealtPlayer": 12933,
      "magicDamageDealtPlayer": 22129,
      "physicalDamageTaken": 11762,
      "magicDamageTaken": 10266,
      "timePlayed": 1904,
      "totalHeal": 2611,
      "totalUnitsHealed": 1,
      "assists": 13,
      "item0": 3096,
      "item1": 2049,
      "item2": 3117,
      "item3": 3068,
      "item4": 3023,
      "item5": 3114,
      "item6": 3341,
      "sightWardsBought": 1,
      "magicDamageDealtToChampions": 8729,
      "physicalDamageDealtToChampions": 1716,
      "totalDamageDealtToChampions": 10581,
      "trueDamageDealtPlayer": 136,
      "trueDamageDealtToChampions": 136,
      "trueDamageTaken": 315,
      "wardKilled": 1,
      "wardPlaced": 11,
      "totalTimeCrowdControlDealt": 130
    }
  },
  "20493224": {
    "gameId": 818161039,
    "invalid": false,
    "gameMode": "CLASSIC",
    "gameType": "MATCHED_GAME",
    "subType": "NORMAL",
    "mapId": 1,
    "teamId": 200,
    "championId": 126,
    "spell1": 7,
    "spell2": 4,
    "level": 30,
    "ipEarned": 60,
    "createDate": 1398242826661,
    "fellowPlayers": [
      {
        "summonerId": 19352229,
        "teamId": 100,
        "championId": 41
      },
      {
        "summonerId": 40030010,
        "teamId": 100,
        "championId": 102
      },
      {
        "summonerId": 29009393,
        "teamId": 100,
        "championId": 38
      },
      {
        "summonerId": 19726880,
        "teamId": 200,
        "championId": 238
      },
      {
        "summonerId": 34982686,
        "teamId": 200,
        "championId": 412
      },
      {
        "summonerId": 29764669,
        "teamId": 200,
        "championId": 77
      },
      {
        "summonerId": 23435161,
        "teamId": 200,
        "championId": 236
      },
      {
        "summonerId": 25159325,
        "teamId": 100,
        "championId": 267
      },
      {
        "summonerId": 39884881,
        "teamId": 100,
        "championId": 222
      }
    ],
    "stats": {
      "level": 14,
      "goldEarned": 9136,
      "numDeaths": 5,
      "turretsKilled": 1,
      "minionsKilled": 191,
      "championsKilled": 2,
      "goldSpent": 8985,
      "totalDamageDealt": 108692,
      "totalDamageTaken": 16687,
      "team": 200,
      "win": false,
      "neutralMinionsKilled": 5,
      "largestMultiKill": 1,
      "physicalDamageDealtPlayer": 104184,
      "magicDamageDealtPlayer": 4339,
      "physicalDamageTaken": 11482,
      "magicDamageTaken": 4562,
      "largestCriticalStrike": 704,
      "timePlayed": 1904,
      "totalHeal": 2345,
      "totalUnitsHealed": 2,
      "assists": 2,
      "item0": 1055,
      "item1": 3143,
      "item2": 3070,
      "item3": 3031,
      "item4": 1053,
      "item6": 3340,
      "magicDamageDealtToChampions": 2006,
      "physicalDamageDealtToChampions": 12796,
      "totalDamageDealtToChampions": 14970,
      "trueDamageDealtPlayer": 168,
      "trueDamageDealtToChampions": 168,
      "trueDamageTaken": 642,
      "wardPlaced": 3,
      "neutralMinionsKilledEnemyJungle": 1,
      "neutralMinionsKilledYourJungle": 4,
      "totalTimeCrowdControlDealt": 46
    }
  },
  "40030010": {
    "gameId": 818161039,
    "invalid": false,
    "gameMode": "CLASSIC",
    "gameType": "MATCHED_GAME",
    "subType": "NORMAL",
    "mapId": 1,
    "teamId": 100,
    "championId": 102,
    "spell1": 11,
    "spell2": 4,
    "level": 30,
    "ipEarned": 239,
    "createDate": 1398242826656,
    "fellowPlayers": [
      {
        "summonerId": 19352229,
        "teamId": 100,
        "championId": 41
      },
      {
        "summonerId": 29009393,
        "teamId": 100,
        "championId": 38
      },
      {
        "summonerId": 20493224,
        "teamId": 200,
        "championId": 126
      },
      {
        "summonerId": 19726880,
        "teamId": 200,
        "championId": 238
      },
      {
        "summonerId": 34982686,
        "teamId": 200,
        "championId": 412
      },
      {
        "summonerId": 29764669,
        "teamId": 200,
        "championId": 77
      },
      {
        "summonerId": 23435161,
        "teamId": 200,
        "championId": 236
      },
      {
        "summonerId": 25159325,
        "teamId": 100,
        "championId": 267
      },
      {
        "summonerId": 39884881,
        "teamId": 100,
        "championId": 222
      }
    ],
    "stats": {
      "level": 18,
      "goldEarned": 14523,
      "numDeaths": 3,
      "minionsKilled": 72,
      "championsKilled": 6,
      "goldSpent": 14403,
      "totalDamageDealt": 278815,
      "totalDamageTaken": 26758,
      "doubleKills": 2,
      "tripleKills": 1,
      "killingSprees": 2,
      "largestKillingSpree": 3,
      "team": 100,
      "win": true,
      "neutralMinionsKilled": 165,
      "largestMultiKill": 3,
      "physicalDamageDealtPlayer": 147874,
      "magicDamageDealtPlayer": 121595,
      "physicalDamageTaken": 23519,
      "magicDamageTaken": 2950,
      "largestCriticalStrike": 770,
      "timePlayed": 1904,
      "totalHeal": 8112,
      "totalUnitsHealed": 1,
      "assists": 11,
      "item0": 3160,
      "item1": 3074,
      "item2": 3078,
      "item3": 3172,
      "item6": 3340,
      "magicDamageDealtToChampions": 8598,
      "physicalDamageDealtToChampions": 8948,
      "totalDamageDealtToChampions": 17896,
      "trueDamageDealtPlayer": 9345,
      "trueDamageDealtToChampions": 349,
      "trueDamageTaken": 289,
      "wardPlaced": 7,
      "neutralMinionsKilledEnemyJungle": 23,
      "neutralMinionsKilledYourJungle": 142,
      "totalTimeCrowdControlDealt": 852
    }
  },
  "19726880": {
    "gameId": 818161039,
    "invalid": false,
    "gameMode": "CLASSIC",
    "gameType": "MATCHED_GAME",
    "subType": "NORMAL",
    "mapId": 1,
    "teamId": 200,
    "championId": 238,
    "spell1": 14,
    "spell2": 4,
    "level": 30,
    "ipEarned": 60,
    "createDate": 1398242826658,
    "fellowPlayers": [
      {
        "summonerId": 19352229,
        "teamId": 100,
        "championId": 41
      },
      {
        "summonerId": 40030010,
        "teamId": 100,
        "championId": 102
      },
      {
        "summonerId": 29009393,
        "teamId": 100,
        "championId": 38
      },
      {
        "summonerId": 20493224,
        "teamId": 200,
        "championId": 126
      },
      {
        "summonerId": 34982686,
        "teamId": 200,
        "championId": 412
      },
      {
        "summonerId": 29764669,
        "teamId": 200,
        "championId": 77
      },
      {
        "summonerId": 23435161,
        "teamId": 200,
        "championId": 236
      },
      {
        "summonerId": 25159325,
        "teamId": 100,
        "championId": 267
      },
      {
        "summonerId": 39884881,
        "teamId": 100,
        "championId": 222
      }
    ],
    "stats": {
      "level": 15,
      "goldEarned": 10116,
      "numDeaths": 6,
      "turretsKilled": 1,
      "minionsKilled": 173,
      "championsKilled": 5,
      "goldSpent": 9915,
      "totalDamageDealt": 108372,
      "totalDamageTaken": 20696,
      "team": 200,
      "win": false,
      "neutralMinionsKilled": 11,
      "largestMultiKill": 1,
      "physicalDamageDealtPlayer": 103312,
      "magicDamageDealtPlayer": 4626,
      "physicalDamageTaken": 10830,
      "magicDamageTaken": 9159,
      "timePlayed": 1904,
      "totalHeal": 279,
      "totalUnitsHealed": 1,
      "assists": 4,
      "item0": 3153,
      "item1": 3071,
      "item3": 3158,
      "item4": 1037,
      "item5": 3155,
      "item6": 3340,
      "magicDamageDealtToChampions": 709,
      "physicalDamageDealtToChampions": 10583,
      "totalDamageDealtToChampions": 11726,
      "trueDamageDealtPlayer": 434,
      "trueDamageDealtToChampions": 434,
      "trueDamageTaken": 706,
      "wardPlaced": 21,
      "neutralMinionsKilledYourJungle": 11,
      "totalTimeCrowdControlDealt": 131
    }
  }
}