{
  "32627045": {
    "gameId": 818161261,
    "invalid": false,
    "gameMode": "CLASSIC",
    "gameType": "MATCHED_GAME",
    "subType": "NORMAL",
    "mapId": 1,
    "teamId": 200,
    "championId": 64,
    "spell1": 14,
    "spell2": 4,
    "level": 30,
    "ipEarned": 76,
    "createDate": 1398242060700,
    "fellowPlayers": [
      {
        "summonerId": 26016379,
        "teamId": 100,
        "championId": 12
      },
      {
        "summonerId": 29993893,
        "teamId": 200,
        "championId": 5
      },
      {
        "summonerId": 38076268,
        "teamId": 200,
        "championId": 84
      },
      {
        "summonerId": 33563496,
        "teamId": 200,
        "championId": 119
      },
      {
        "summonerId": 38269475,
        "teamId": 100,
        "championId": 64
      },
      {
        "summonerId": 28538097,
        "teamId": 100,
        "championId": 4
      },
      {
        "summonerId": 37048348,
        "teamId": 100,
        "championId": 238
      },
      {
        "summonerId": 36173555,
        "teamId": 100,
        "championId": 236
      },
      {
        "summonerId": 29917456,
        "teamId": 200,
        "championId": 43
      }
    ],
    "stats": {
      "level": 14,
      "goldEarned": 8167,
      "numDeaths": 3,
      "turretsKilled": 1,
      "minionsKilled": 128,
      "championsKilled": 5,
      "goldSpent": 7185,
      "totalDamageDealt": 79222,
      "totalDamageTaken": 11106,
      "killingSprees": 1,
      "largestKillingSpree": 2,
      "team": 200,
      "win": true,
      "neutralMinionsKilled": 4,
      "largestMultiKill": 1,
      "physicalDamageDealtPlayer": 64354,
      "magicDamageDealtPlayer": 14280,
      "physicalDamageTaken": 8288,
      "magicDamageTaken": 2226,
      "timePlayed": 1270,
      "totalHeal": 901,
      "totalUnitsHealed": 1,
      "assists": 4,
      "item0": 1055,
      "item1": 3074,
      "item2": 2044,
      "item3": 3035,
      "item4": 3047,
      "item6": 3340,
      "sightWardsBought": 1,
      "magicDamageDealtToChampions": 1262,
      "physicalDamageDealtToChampions": 10094,
      "totalDamageDealtToChampions": 11945,
      "trueDamageDealtPlayer": 588,
      "trueDamageDealtToChampions": 588,
      "trueDamageTaken": 591,
      "wardPlaced": 7,
      "neutralMinionsKilledEnemyJungle": 4,
      "totalTimeCrowdControlDealt": 149
    }
  },
  "summonerCount": 10,
  "37048348": {
    "gameId": 818161261,
    "invalid": false,
    "gameMode": "CLASSIC",
    "gameType": "MATCHED_GAME",
    "subType": "NORMAL",
    "mapId": 1,
    "teamId": 100,
    "championId": 238,
    "spell1": 4,
    "spell2": 11,
    "level": 30,
    "ipEarned": 51,
    "createDate": 1398242060696,
    "fellowPlayers": [
      {
        "summonerId": 26016379,
        "teamId": 100,
        "championId": 12
      },
      {
        "summonerId": 29993893,
        "teamId": 200,
        "championId": 5
      },
      {
        "summonerId": 38076268,
        "teamId": 200,
        "championId": 84
      },
      {
        "summonerId": 33563496,
        "teamId": 200,
        "championId": 119
      },
      {
        "summonerId": 32627045,
        "teamId": 200,
        "championId": 64
      },
      {
        "summonerId": 38269475,
        "teamId": 100,
        "championId": 64
      },
      {
        "summonerId": 28538097,
        "teamId": 100,
        "championId": 4
      },
      {
        "summonerId": 36173555,
        "teamId": 100,
        "championId": 236
      },
      {
        "summonerId": 29917456,
        "teamId": 200,
        "championId": 43
      }
    ],
    "stats": {
      "level": 11,
      "goldEarned": 4991,
      "numDeaths": 9,
      "minionsKilled": 10,
      "championsKilled": 1,
      "goldSpent": 4675,
      "totalDamageDealt": 69587,
      "totalDamageTaken": 17351,
      "team": 100,
      "win": false,
      "neutralMinionsKilled": 58,
      "largestMultiKill": 1,
      "physicalDamageDealtPlayer": 50211,
      "magicDamageDealtPlayer": 11642,
      "physicalDamageTaken": 13887,
      "magicDamageTaken": 3307,
      "timePlayed": 1270,
      "totalHeal": 1493,
      "totalUnitsHealed": 1,
      "assists": 1,
      "item0": 3144,
      "item1": 3154,
      "item2": 1001,
      "item3": 1042,
      "item4": 1042,
      "item6": 3341,
      "magicDamageDealtToChampions": 123,
      "physicalDamageDealtToChampions": 2683,
      "totalDamageDealtToChampions": 2899,
      "trueDamageDealtPlayer": 7734,
      "trueDamageDealtToChampions": 92,
      "trueDamageTaken": 156,
      "wardKilled": 1,
      "wardPlaced": 9,
      "neutralMinionsKilledEnemyJungle": 4,
      "neutralMinionsKilledYourJungle": 54,
      "totalTimeCrowdControlDealt": 272
    }
  },
  "38269475": {
    "gameId": 818161261,
    "invalid": false,
    "gameMode": "CLASSIC",
    "gameType": "MATCHED_GAME",
    "subType": "NORMAL",
    "mapId": 1,
    "teamId": 100,
    "championId": 64,
    "spell1": 4,
    "spell2": 14,
    "level": 30,
    "ipEarned": 51,
    "createDate": 1398242060697,
    "fellowPlayers": [
      {
        "summonerId": 26016379,
        "teamId": 100,
        "championId": 12
      },
      {
        "summonerId": 29993893,
        "teamId": 200,
        "championId": 5
      },
      {
        "summonerId": 38076268,
        "teamId": 200,
        "championId": 84
      },
      {
        "summonerId": 33563496,
        "teamId": 200,
        "championId": 119
      },
      {
        "summonerId": 32627045,
        "teamId": 200,
        "championId": 64
      },
      {
        "summonerId": 28538097,
        "teamId": 100,
        "championId": 4
      },
      {
        "summonerId": 37048348,
        "teamId": 100,
        "championId": 238
      },
      {
        "summonerId": 36173555,
        "teamId": 100,
        "championId": 236
      },
      {
        "summonerId": 29917456,
        "teamId": 200,
        "championId": 43
      }
    ],
    "stats": {
      "level": 11,
      "goldEarned": 5127,
      "numDeaths": 5,
      "minionsKilled": 76,
      "championsKilled": 3,
      "goldSpent": 4465,
      "totalDamageDealt": 39085,
      "totalDamageTaken": 10814,
      "team": 100,
      "win": false,
      "largestMultiKill": 1,
      "physicalDamageDealtPlayer": 27575,
      "magicDamageDealtPlayer": 10886,
      "physicalDamageTaken": 9168,
      "magicDamageTaken": 1094,
      "timePlayed": 1270,
      "item0": 3072,
      "item1": 3117,
      "item2": 1036,
      "item6": 3340,
      "magicDamageDealtToChampions": 1568,
      "physicalDamageDealtToChampions": 3427,
      "totalDamageDealtToChampions": 5411,
      "trueDamageDealtPlayer": 624,
      "trueDamageDealtToChampions": 416,
      "trueDamageTaken": 552,
      "wardPlaced": 5,
      "totalTimeCrowdControlDealt": 284
    }
  },
  "38076268": {
    "gameId": 818161261,
    "invalid": false,
    "gameMode": "CLASSIC",
    "gameType": "MATCHED_GAME",
    "subType": "NORMAL",
    "mapId": 1,
    "teamId": 200,
    "championId": 84,
    "spell1": 4,
    "spell2": 14,
    "level": 30,
    "ipEarned": 76,
    "createDate": 1398242060704,
    "fellowPlayers": [
      {
        "summonerId": 26016379,
        "teamId": 100,
        "championId": 12
      },
      {
        "summonerId": 29993893,
        "teamId": 200,
        "championId": 5
      },
      {
        "summonerId": 33563496,
        "teamId": 200,
        "championId": 119
      },
      {
        "summonerId": 32627045,
        "teamId": 200,
        "championId": 64
      },
      {
        "summonerId": 38269475,
        "teamId": 100,
        "championId": 64
      },
      {
        "summonerId": 28538097,
        "teamId": 100,
        "championId": 4
      },
      {
        "summonerId": 37048348,
        "teamId": 100,
        "championId": 238
      },
      {
        "summonerId": 36173555,
        "teamId": 100,
        "championId": 236
      },
      {
        "summonerId": 29917456,
        "teamId": 200,
        "championId": 43
      }
    ],
    "stats": {
      "level": 14,
      "goldEarned": 8916,
      "numDeaths": 1,
      "turretsKilled": 1,
      "minionsKilled": 136,
      "championsKilled": 8,
      "goldSpent": 8490,
      "totalDamageDealt": 69927,
      "totalDamageTaken": 9740,
      "doubleKills": 1,
      "killingSprees": 2,
      "largestKillingSpree": 5,
      "team": 200,
      "win": true,
      "neutralMinionsKilled": 3,
      "largestMultiKill": 2,
      "physicalDamageDealtPlayer": 38383,
      "magicDamageDealtPlayer": 30705,
      "physicalDamageTaken": 5602,
      "magicDamageTaken": 3582,
      "timePlayed": 1270,
      "totalHeal": 224,
      "totalUnitsHealed": 1,
      "assists": 5,
      "item0": 3146,
      "item1": 1026,
      "item2": 3020,
      "item3": 1058,
      "item4": 2003,
      "item6": 3340,
      "magicDamageDealtToChampions": 6174,
      "physicalDamageDealtToChampions": 2832,
      "totalDamageDealtToChampions": 9234,
      "trueDamageDealtPlayer": 838,
      "trueDamageDealtToChampions": 228,
      "trueDamageTaken": 556,
      "wardPlaced": 5,
      "neutralMinionsKilledEnemyJungle": 3,
      "totalTimeCrowdControlDealt": 592
    }
  },
  "29993893": {
    "gameId": 818161261,
    "invalid": false,
    "gameMode": "CLASSIC",
    "gameType": "MATCHED_GAME",
    "subType": "NORMAL",
    "mapId": 1,
    "teamId": 200,
    "championId": 5,
    "spell1": 11,
    "spell2": 4,
    "level": 30,
    "ipEarned": 226,
    "createDate": 1398242060703,
    "fellowPlayers": [
      {
        "summonerId": 26016379,
        "teamId": 100,
        "championId": 12
      },
      {
        "summonerId": 38076268,
        "teamId": 200,
        "championId": 84
      },
      {
        "summonerId": 33563496,
        "teamId": 200,
        "championId": 119
      },
      {
        "summonerId": 32627045,
        "teamId": 200,
        "championId": 64
      },
      {
        "summonerId": 38269475,
        "teamId": 100,
        "championId": 64
      },
      {
        "summonerId": 28538097,
        "teamId": 100,
        "championId": 4
      },
      {
        "summonerId": 37048348,
        "teamId": 100,
        "championId": 238
      },
      {
        "summonerId": 36173555,
        "teamId": 100,
        "championId": 236
      },
      {
        "summonerId": 29917456,
        "teamId": 200,
        "championId": 43
      }
    ],
    "stats": {
      "level": 13,
      "goldEarned": 8195,
      "minionsKilled": 10,
      "championsKilled": 7,
      "goldSpent": 8027,
      "totalDamageDealt": 93232,
      "totalDamageTaken": 13004,
      "killingSprees": 1,
      "largestKillingSpree": 7,
      "team": 200,
      "win": true,
      "neutralMinionsKilled": 64,
      "largestMultiKill": 1,
      "physicalDamageDealtPlayer": 58193,
      "magicDamageDealtPlayer": 24777,
      "physicalDamageTaken": 11944,
      "magicDamageTaken": 790,
      "timePlayed": 1270,
      "totalHeal": 5746,
      "totalUnitsHealed": 1,
      "assists": 4,
      "item0": 3006,
      "item1": 3154,
      "item2": 3153,
      "item3": 3134,
      "item4": 1042,
      "item6": 3340,
      "sightWardsBought": 1,
      "magicDamageDealtToChampions": 700,
      "physicalDamageDealtToChampions": 5007,
      "totalDamageDealtToChampions": 5995,
      "trueDamageDealtPlayer": 10262,
      "trueDamageDealtToChampions": 288,
      "trueDamageTaken": 270,
      "wardPlaced": 8,
      "neutralMinionsKilledEnemyJungle": 15,
      "neutralMinionsKilledYourJungle": 49,
      "totalTimeCrowdControlDealt": 404
    }
  },
  "26016379": {
    "gameId": 818161261,
    "invalid": false,
    "gameMode": "CLASSIC",
    "gameType": "MATCHED_GAME",
    "subType": "NORMAL",
    "mapId": 1,
    "teamId": 100,
    "championId": 12,
    "spell1": 14,
    "spell2": 4,
    "level": 30,
    "ipEarned": 51,
    "createDate": 1398242060694,
    "fellowPlayers": [
      {
        "summonerId": 29993893,
        "teamId": 200,
        "championId": 5
      },
      {
        "summonerId": 38076268,
        "teamId": 200,
        "championId": 84
      },
      {
        "summonerId": 33563496,
        "teamId": 200,
        "championId": 119
      },
      {
        "summonerId": 32627045,
        "teamId": 200,
        "championId": 64
      },
      {
        "summonerId": 38269475,
        "teamId": 100,
        "championId": 64
      },
      {
        "summonerId": 28538097,
        "teamId": 100,
        "championId": 4
      },
      {
        "summonerId": 37048348,
        "teamId": 100,
        "championId": 238
      },
      {
        "summonerId": 36173555,
        "teamId": 100,
        "championId": 236
      },
      {
        "summonerId": 29917456,
        "teamId": 200,
        "championId": 43
      }
    ],
    "stats": {
      "level": 9,
      "goldEarned": 4238,
      "numDeaths": 7,
      "minionsKilled": 4,
      "championsKilled": 1,
      "goldSpent": 3700,
      "totalDamageDealt": 5162,
      "totalDamageTaken": 14012,
      "team": 100,
      "win": false,
      "largestMultiKill": 1,
      "physicalDamageDealtPlayer": 929,
      "magicDamageDealtPlayer": 3900,
      "physicalDamageTaken": 11184,
      "magicDamageTaken": 2737,
      "timePlayed": 1270,
      "totalHeal": 5224,
      "totalUnitsHealed": 30,
      "assists": 3,
      "item0": 3096,
      "item1": 1001,
      "item2": 2049,
      "item3": 3070,
      "item6": 3341,
      "sightWardsBought": 1,
      "visionWardsBought": 1,
      "magicDamageDealtToChampions": 1816,
      "physicalDamageDealtToChampions": 793,
      "totalDamageDealtToChampions": 2942,
      "trueDamageDealtPlayer": 332,
      "trueDamageDealtToChampions": 332,
      "trueDamageTaken": 90,
      "wardKilled": 1,
      "wardPlaced": 3,
      "totalTimeCrowdControlDealt": 44
    }
  },
  "36173555": {
    "gameId": 818161261,
    "invalid": false,
    "gameMode": "CLASSIC",
    "gameType": "MATCHED_GAME",
    "subType": "NORMAL",
    "mapId": 1,
    "teamId": 100,
    "championId": 236,
    "spell1": 4,
    "spell2": 7,
    "level": 30,
    "ipEarned": 51,
    "createDate": 1398242060693,
    "fellowPlayers": [
      {
        "summonerId": 26016379,
        "teamId": 100,
        "championId": 12
      },
      {
        "summonerId": 29993893,
        "teamId": 200,
        "championId": 5
      },
      {
        "summonerId": 38076268,
        "teamId": 200,
        "championId": 84
      },
      {
        "summonerId": 33563496,
        "teamId": 200,
        "championId": 119
      },
      {
        "summonerId": 32627045,
        "teamId": 200,
        "championId": 64
      },
      {
        "summonerId": 38269475,
        "teamId": 100,
        "championId": 64
      },
      {
        "summonerId": 28538097,
        "teamId": 100,
        "championId": 4
      },
      {
        "summonerId": 37048348,
        "teamId": 100,
        "championId": 238
      },
      {
        "summonerId": 29917456,
        "teamId": 200,
        "championId": 43
      }
    ],
    "stats": {
      "level": 10,
      "goldEarned": 6239,
      "numDeaths": 5,
      "minionsKilled": 124,
      "championsKilled": 2,
      "goldSpent": 5045,
      "totalDamageDealt": 53979,
      "totalDamageTaken": 13351,
      "team": 100,
      "win": false,
      "neutralMinionsKilled": 2,
      "largestMultiKill": 1,
      "physicalDamageDealtPlayer": 46772,
      "magicDamageDealtPlayer": 7206,
      "physicalDamageTaken": 9475,
      "magicDamageTaken": 3812,
      "timePlayed": 1270,
      "totalHeal": 1601,
      "totalUnitsHealed": 3,
      "assists": 2,
      "item0": 1055,
      "item1": 3006,
      "item2": 3072,
      "item3": 1027,
      "item6": 3340,
      "magicDamageDealtToChampions": 1666,
      "physicalDamageDealtToChampions": 9030,
      "totalDamageDealtToChampions": 10697,
      "trueDamageTaken": 64,
      "wardKilled": 1,
      "wardPlaced": 4,
      "neutralMinionsKilledYourJungle": 2
    }
  },
  "28538097": {
    "gameId": 818161261,
    "invalid": false,
    "gameMode": "CLASSIC",
    "gameType": "MATCHED_GAME",
    "subType": "NORMAL",
    "mapId": 1,
    "teamId": 100,
    "championId": 4,
    "spell1": 14,
    "spell2": 4,
    "level": 30,
    "ipEarned": 51,
    "createDate": 1398242060698,
    "fellowPlayers": [
      {
        "summonerId": 26016379,
        "teamId": 100,
        "championId": 12
      },
      {
        "summonerId": 29993893,
        "teamId": 200,
        "championId": 5
      },
      {
        "summonerId": 38076268,
        "teamId": 200,
        "championId": 84
      },
      {
        "summonerId": 33563496,
        "teamId": 200,
        "championId": 119
      },
      {
        "summonerId": 32627045,
        "teamId": 200,
        "championId": 64
      },
      {
        "summonerId": 38269475,
        "teamId": 100,
        "championId": 64
      },
      {
        "summonerId": 37048348,
        "teamId": 100,
        "championId": 238
      },
      {
        "summonerId": 36173555,
        "teamId": 100,
        "championId": 236
      },
      {
        "summonerId": 29917456,
        "teamId": 200,
        "championId": 43
      }
    ],
    "stats": {
      "level": 11,
      "goldEarned": 6153,
      "numDeaths": 6,
      "minionsKilled": 102,
      "championsKilled": 1,
      "goldSpent": 5935,
      "totalDamageDealt": 54217,
      "totalDamageTaken": 11247,
      "team": 100,
      "win": false,
      "largestMultiKill": 1,
      "physicalDamageDealtPlayer": 7443,
      "magicDamageDealtPlayer": 46274,
      "physicalDamageTaken": 5815,
      "magicDamageTaken": 5189,
      "timePlayed": 1270,
      "assists": 3,
      "item0": 3113,
      "item1": 3255,
      "item2": 1056,
      "item3": 1058,
      "item4": 3057,
      "item6": 3340,
      "magicDamageDealtToChampions": 9118,
      "physicalDamageDealtToChampions": 729,
      "totalDamageDealtToChampions": 10348,
      "trueDamageDealtPlayer": 500,
      "trueDamageDealtToChampions": 500,
      "trueDamageTaken": 242,
      "wardPlaced": 2,
      "totalTimeCrowdControlDealt": 35
    }
  },
  "29917456": {
    "gameId": 818161261,
    "invalid": false,
    "gameMode": "CLASSIC",
    "gameType": "MATCHED_GAME",
    "subType": "NORMAL",
    "mapId": 1,
    "teamId": 200,
    "championId": 43,
    "spell1": 4,
    "spell2": 3,
    "level": 30,
    "ipEarned": 76,
    "createDate": 1398242060699,
    "fellowPlayers": [
      {
        "summonerId": 26016379,
        "teamId": 100,
        "championId": 12
      },
      {
        "summonerId": 29993893,
        "teamId": 200,
        "championId": 5
      },
      {
        "summonerId": 38076268,
        "teamId": 200,
        "championId": 84
      },
      {
        "summonerId": 33563496,
        "teamId": 200,
        "championId": 119
      },
      {
        "summonerId": 32627045,
        "teamId": 200,
        "championId": 64
      },
      {
        "summonerId": 38269475,
        "teamId": 100,
        "championId": 64
      },
      {
        "summonerId": 28538097,
        "teamId": 100,
        "championId": 4
      },
      {
        "summonerId": 37048348,
        "teamId": 100,
        "championId": 238
      },
      {
        "summonerId": 36173555,
        "teamId": 100,
        "championId": 236
      }
    ],
    "stats": {
      "level": 11,
      "goldEarned": 7769,
      "numDeaths": 1,
      "minionsKilled": 28,
      "championsKilled": 3,
      "goldSpent": 7260,
      "totalDamageDealt": 30720,
      "totalDamageTaken": 7418,
      "doubleKills": 1,
      "killingSprees": 1,
      "largestKillingSpree": 3,
      "team": 200,
      "win": true,
      "largestMultiKill": 2,
      "physicalDamageDealtPlayer": 3976,
      "magicDamageDealtPlayer": 26744,
      "physicalDamageTaken": 4396,
      "magicDamageTaken": 3022,
      "timePlayed": 1270,
      "totalHeal": 185,
      "totalUnitsHealed": 1,
      "assists": 11,
      "item0": 3092,
      "item1": 3151,
      "item2": 1001,
      "item3": 2049,
      "item4": 3114,
      "item6": 3340,
      "sightWardsBought": 1,
      "magicDamageDealtToChampions": 8003,
      "physicalDamageDealtToChampions": 1485,
      "totalDamageDealtToChampions": 9489,
      "wardPlaced": 13,
      "totalTimeCrowdControlDealt": 256
    }
  },
  "32627045": {
    "gameId": 818161261,
    "invalid": false,
    "gameMode": "CLASSIC",
    "gameType": "MATCHED_GAME",
    "subType": "NORMAL",
    "mapId": 1,
    "teamId": 200,
    "championId": 64,
    "spell1": 14,
    "spell2": 4,
    "level": 30,
    "ipEarned": 76,
    "createDate": 1398242060700,
    "fellowPlayers": [
      {
        "summonerId": 26016379,
        "teamId": 100,
        "championId": 12
      },
      {
        "summonerId": 29993893,
        "teamId": 200,
        "championId": 5
      },
      {
        "summonerId": 38076268,
        "teamId": 200,
        "championId": 84
      },
      {
        "summonerId": 33563496,
        "teamId": 200,
        "championId": 119
      },
      {
        "summonerId": 38269475,
        "teamId": 100,
        "championId": 64
      },
      {
        "summonerId": 28538097,
        "teamId": 100,
        "championId": 4
      },
      {
        "summonerId": 37048348,
        "teamId": 100,
        "championId": 238
      },
      {
        "summonerId": 36173555,
        "teamId": 100,
        "championId": 236
      },
      {
        "summonerId": 29917456,
        "teamId": 200,
        "championId": 43
      }
    ],
    "stats": {
      "level": 14,
      "goldEarned": 8167,
      "numDeaths": 3,
      "turretsKilled": 1,
      "minionsKilled": 128,
      "championsKilled": 5,
      "goldSpent": 7185,
      "totalDamageDealt": 79222,
      "totalDamageTaken": 11106,
      "killingSprees": 1,
      "largestKillingSpree": 2,
      "team": 200,
      "win": true,
      "neutralMinionsKilled": 4,
      "largestMultiKill": 1,
      "physicalDamageDealtPlayer": 64354,
      "magicDamageDealtPlayer": 14280,
      "physicalDamageTaken": 8288,
      "magicDamageTaken": 2226,
      "timePlayed": 1270,
      "totalHeal": 901,
      "totalUnitsHealed": 1,
      "assists": 4,
      "item0": 1055,
      "item1": 3074,
      "item2": 2044,
      "item3": 3035,
      "item4": 3047,
      "item6": 3340,
      "sightWardsBought": 1,
      "magicDamageDealtToChampions": 1262,
      "physicalDamageDealtToChampions": 10094,
      "totalDamageDealtToChampions": 11945,
      "trueDamageDealtPlayer": 588,
      "trueDamageDealtToChampions": 588,
      "trueDamageTaken": 591,
      "wardPlaced": 7,
      "neutralMinionsKilledEnemyJungle": 4,
      "totalTimeCrowdControlDealt": 149
    }
  }
}