{
  "19798922": {
    "gameId": 818168672,
    "invalid": false,
    "gameMode": "CLASSIC",
    "gameType": "MATCHED_GAME",
    "subType": "RANKED_SOLO_5x5",
    "mapId": 1,
    "teamId": 100,
    "championId": 51,
    "spell1": 4,
    "spell2": 21,
    "level": 30,
    "ipEarned": 226,
    "createDate": 1398241926167,
    "fellowPlayers": [
      {
        "summonerId": 34189435,
        "teamId": 200,
        "championId": 254
      },
      {
        "summonerId": 41604144,
        "teamId": 200,
        "championId": 43
      },
      {
        "summonerId": 43944888,
        "teamId": 200,
        "championId": 29
      },
      {
        "summonerId": 22395178,
        "teamId": 100,
        "championId": 35
      },
      {
        "summonerId": 19268929,
        "teamId": 200,
        "championId": 14
      },
      {
        "summonerId": 22404194,
        "teamId": 100,
        "championId": 76
      },
      {
        "summonerId": 20695486,
        "teamId": 100,
        "championId": 122
      },
      {
        "summonerId": 26938877,
        "teamId": 200,
        "championId": 266
      },
      {
        "summonerId": 31926149,
        "teamId": 100,
        "championId": 412
      }
    ],
    "stats": {
      "level": 11,
      "goldEarned": 7986,
      "barracksKilled": 1,
      "turretsKilled": 4,
      "minionsKilled": 137,
      "championsKilled": 3,
      "goldSpent": 5080,
      "totalDamageDealt": 77739,
      "totalDamageTaken": 6199,
      "doubleKills": 1,
      "killingSprees": 1,
      "largestKillingSpree": 3,
      "team": 100,
      "win": true,
      "neutralMinionsKilled": 3,
      "largestMultiKill": 2,
      "physicalDamageDealtPlayer": 77296,
      "magicDamageDealtPlayer": 443,
      "physicalDamageTaken": 4331,
      "magicDamageTaken": 1473,
      "timePlayed": 1006,
      "totalHeal": 535,
      "totalUnitsHealed": 1,
      "assists": 5,
      "item0": 3072,
      "item2": 3006,
      "item3": 1042,
      "item5": 1055,
      "item6": 3340,
      "magicDamageDealtToChampions": 443,
      "physicalDamageDealtToChampions": 8745,
      "totalDamageDealtToChampions": 9188,
      "trueDamageTaken": 394,
      "wardPlaced": 5,
      "neutralMinionsKilledEnemyJungle": 3,
      "totalTimeCrowdControlDealt": 16
    }
  },
  "summonerCount": 10,
  "20695486": {
    "gameId": 818168672,
    "invalid": false,
    "gameMode": "CLASSIC",
    "gameType": "MATCHED_GAME",
    "subType": "RANKED_SOLO_5x5",
    "mapId": 1,
    "teamId": 100,
    "championId": 122,
    "spell1": 4,
    "spell2": 14,
    "level": 30,
    "ipEarned": 76,
    "createDate": 1398241926169,
    "fellowPlayers": [
      {
        "summonerId": 19798922,
        "teamId": 100,
        "championId": 51
      },
      {
        "summonerId": 34189435,
        "teamId": 200,
        "championId": 254
      },
      {
        "summonerId": 41604144,
        "teamId": 200,
        "championId": 43
      },
      {
        "summonerId": 43944888,
        "teamId": 200,
        "championId": 29
      },
      {
        "summonerId": 22395178,
        "teamId": 100,
        "championId": 35
      },
      {
        "summonerId": 19268929,
        "teamId": 200,
        "championId": 14
      },
      {
        "summonerId": 22404194,
        "teamId": 100,
        "championId": 76
      },
      {
        "summonerId": 26938877,
        "teamId": 200,
        "championId": 266
      },
      {
        "summonerId": 31926149,
        "teamId": 100,
        "championId": 412
      }
    ],
    "stats": {
      "level": 11,
      "goldEarned": 6930,
      "numDeaths": 1,
      "turretsKilled": 2,
      "minionsKilled": 125,
      "championsKilled": 3,
      "goldSpent": 5292,
      "totalDamageDealt": 56009,
      "totalDamageTaken": 8434,
      "killingSprees": 1,
      "largestKillingSpree": 2,
      "team": 100,
      "win": true,
      "largestMultiKill": 1,
      "physicalDamageDealtPlayer": 52256,
      "magicDamageDealtPlayer": 3103,
      "physicalDamageTaken": 7164,
      "magicDamageTaken": 1195,
      "timePlayed": 1006,
      "totalHeal": 1015,
      "totalUnitsHealed": 1,
      "item0": 3144,
      "item1": 1011,
      "item2": 1001,
      "item3": 1055,
      "item4": 1055,
      "item5": 3134,
      "item6": 3340,
      "magicDamageDealtToChampions": 679,
      "physicalDamageDealtToChampions": 3438,
      "totalDamageDealtToChampions": 4767,
      "trueDamageDealtPlayer": 650,
      "trueDamageDealtToChampions": 650,
      "trueDamageTaken": 74,
      "wardPlaced": 3,
      "totalTimeCrowdControlDealt": 46
    }
  },
  "22404194": {
    "gameId": 818168672,
    "invalid": false,
    "gameMode": "CLASSIC",
    "gameType": "MATCHED_GAME",
    "subType": "RANKED_SOLO_5x5",
    "mapId": 1,
    "teamId": 100,
    "championId": 76,
    "spell1": 4,
    "spell2": 7,
    "level": 30,
    "ipEarned": 76,
    "createDate": 1398241926164,
    "fellowPlayers": [
      {
        "summonerId": 19798922,
        "teamId": 100,
        "championId": 51
      },
      {
        "summonerId": 34189435,
        "teamId": 200,
        "championId": 254
      },
      {
        "summonerId": 41604144,
        "teamId": 200,
        "championId": 43
      },
      {
        "summonerId": 43944888,
        "teamId": 200,
        "championId": 29
      },
      {
        "summonerId": 22395178,
        "teamId": 100,
        "championId": 35
      },
      {
        "summonerId": 19268929,
        "teamId": 200,
        "championId": 14
      },
      {
        "summonerId": 20695486,
        "teamId": 100,
        "championId": 122
      },
      {
        "summonerId": 26938877,
        "teamId": 200,
        "championId": 266
      },
      {
        "summonerId": 31926149,
        "teamId": 100,
        "championId": 412
      }
    ],
    "stats": {
      "level": 11,
      "goldEarned": 6384,
      "turretsKilled": 1,
      "minionsKilled": 86,
      "championsKilled": 3,
      "goldSpent": 4520,
      "totalDamageDealt": 41231,
      "totalDamageTaken": 5614,
      "killingSprees": 1,
      "largestKillingSpree": 3,
      "team": 100,
      "win": true,
      "neutralMinionsKilled": 1,
      "largestMultiKill": 1,
      "physicalDamageDealtPlayer": 19920,
      "magicDamageDealtPlayer": 21310,
      "physicalDamageTaken": 2404,
      "magicDamageTaken": 3089,
      "timePlayed": 1006,
      "totalHeal": 2894,
      "totalUnitsHealed": 3,
      "assists": 1,
      "item0": 1058,
      "item1": 2010,
      "item2": 3028,
      "item3": 1056,
      "item4": 1056,
      "item5": 3020,
      "item6": 3340,
      "magicDamageDealtToChampions": 4150,
      "physicalDamageDealtToChampions": 1793,
      "totalDamageDealtToChampions": 5943,
      "trueDamageTaken": 120,
      "wardPlaced": 4,
      "neutralMinionsKilledYourJungle": 1
    }
  },
  "19268929": {
    "gameId": 818168672,
    "invalid": false,
    "gameMode": "CLASSIC",
    "gameType": "MATCHED_GAME",
    "subType": "RANKED_SOLO_5x5",
    "mapId": 1,
    "teamId": 200,
    "championId": 14,
    "spell1": 14,
    "spell2": 4,
    "level": 30,
    "ipEarned": 51,
    "createDate": 1398241926174,
    "fellowPlayers": [
      {
        "summonerId": 19798922,
        "teamId": 100,
        "championId": 51
      },
      {
        "summonerId": 34189435,
        "teamId": 200,
        "championId": 254
      },
      {
        "summonerId": 41604144,
        "teamId": 200,
        "championId": 43
      },
      {
        "summonerId": 43944888,
        "teamId": 200,
        "championId": 29
      },
      {
        "summonerId": 22395178,
        "teamId": 100,
        "championId": 35
      },
      {
        "summonerId": 22404194,
        "teamId": 100,
        "championId": 76
      },
      {
        "summonerId": 20695486,
        "teamId": 100,
        "championId": 122
      },
      {
        "summonerId": 26938877,
        "teamId": 200,
        "championId": 266
      },
      {
        "summonerId": 31926149,
        "teamId": 100,
        "championId": 412
      }
    ],
    "stats": {
      "level": 9,
      "goldEarned": 4055,
      "numDeaths": 3,
      "minionsKilled": 91,
      "goldSpent": 3640,
      "totalDamageDealt": 36844,
      "totalDamageTaken": 7551,
      "team": 200,
      "win": false,
      "neutralMinionsKilled": 1,
      "physicalDamageDealtPlayer": 9630,
      "magicDamageDealtPlayer": 27167,
      "physicalDamageTaken": 3812,
      "magicDamageTaken": 3609,
      "timePlayed": 1006,
      "totalHeal": 31,
      "totalUnitsHealed": 1,
      "assists": 1,
      "item0": 2041,
      "item1": 1056,
      "item2": 1026,
      "item3": 3009,
      "item4": 2003,
      "item6": 3340,
      "magicDamageDealtToChampions": 5034,
      "physicalDamageDealtToChampions": 1412,
      "totalDamageDealtToChampions": 6492,
      "trueDamageDealtPlayer": 46,
      "trueDamageDealtToChampions": 46,
      "trueDamageTaken": 130,
      "wardKilled": 1,
      "wardPlaced": 4,
      "neutralMinionsKilledYourJungle": 1,
      "totalTimeCrowdControlDealt": 27
    }
  },
  "43944888": {
    "gameId": 818168672,
    "invalid": false,
    "gameMode": "CLASSIC",
    "gameType": "MATCHED_GAME",
    "subType": "RANKED_SOLO_5x5",
    "mapId": 1,
    "teamId": 200,
    "championId": 29,
    "spell1": 4,
    "spell2": 3,
    "level": 30,
    "ipEarned": 51,
    "createDate": 1398241926170,
    "fellowPlayers": [
      {
        "summonerId": 19798922,
        "teamId": 100,
        "championId": 51
      },
      {
        "summonerId": 34189435,
        "teamId": 200,
        "championId": 254
      },
      {
        "summonerId": 41604144,
        "teamId": 200,
        "championId": 43
      },
      {
        "summonerId": 22395178,
        "teamId": 100,
        "championId": 35
      },
      {
        "summonerId": 19268929,
        "teamId": 200,
        "championId": 14
      },
      {
        "summonerId": 22404194,
        "teamId": 100,
        "championId": 76
      },
      {
        "summonerId": 20695486,
        "teamId": 100,
        "championId": 122
      },
      {
        "summonerId": 26938877,
        "teamId": 200,
        "championId": 266
      },
      {
        "summonerId": 31926149,
        "teamId": 100,
        "championId": 412
      }
    ],
    "stats": {
      "level": 7,
      "goldEarned": 3344,
      "numDeaths": 3,
      "minionsKilled": 61,
      "goldSpent": 3080,
      "totalDamageDealt": 20846,
      "totalDamageTaken": 7875,
      "team": 200,
      "win": false,
      "physicalDamageDealtPlayer": 18860,
      "physicalDamageTaken": 5143,
      "magicDamageTaken": 2331,
      "largestCriticalStrike": 128,
      "timePlayed": 1006,
      "totalHeal": 717,
      "totalUnitsHealed": 1,
      "item0": 1055,
      "item1": 1055,
      "item2": 1053,
      "item3": 1036,
      "item4": 2003,
      "item5": 3006,
      "item6": 3340,
      "physicalDamageDealtToChampions": 3681,
      "totalDamageDealtToChampions": 4863,
      "trueDamageDealtPlayer": 1986,
      "trueDamageDealtToChampions": 1182,
      "trueDamageTaken": 400,
      "wardPlaced": 2,
      "totalTimeCrowdControlDealt": 10
    }
  },
  "31926149": {
    "gameId": 818168672,
    "invalid": false,
    "gameMode": "CLASSIC",
    "gameType": "MATCHED_GAME",
    "subType": "RANKED_SOLO_5x5",
    "mapId": 1,
    "teamId": 100,
    "championId": 412,
    "spell1": 4,
    "spell2": 14,
    "level": 30,
    "ipEarned": 226,
    "createDate": 1398241926168,
    "fellowPlayers": [
      {
        "summonerId": 19798922,
        "teamId": 100,
        "championId": 51
      },
      {
        "summonerId": 34189435,
        "teamId": 200,
        "championId": 254
      },
      {
        "summonerId": 41604144,
        "teamId": 200,
        "championId": 43
      },
      {
        "summonerId": 43944888,
        "teamId": 200,
        "championId": 29
      },
      {
        "summonerId": 22395178,
        "teamId": 100,
        "championId": 35
      },
      {
        "summonerId": 19268929,
        "teamId": 200,
        "championId": 14
      },
      {
        "summonerId": 22404194,
        "teamId": 100,
        "championId": 76
      },
      {
        "summonerId": 20695486,
        "teamId": 100,
        "championId": 122
      },
      {
        "summonerId": 26938877,
        "teamId": 200,
        "championId": 266
      }
    ],
    "stats": {
      "level": 10,
      "goldEarned": 5859,
      "numDeaths": 1,
      "minionsKilled": 12,
      "championsKilled": 3,
      "goldSpent": 3930,
      "totalDamageDealt": 12415,
      "totalDamageTaken": 5344,
      "killingSprees": 1,
      "largestKillingSpree": 3,
      "team": 100,
      "win": true,
      "largestMultiKill": 1,
      "physicalDamageDealtPlayer": 3715,
      "magicDamageDealtPlayer": 8384,
      "physicalDamageTaken": 3891,
      "magicDamageTaken": 957,
      "timePlayed": 1006,
      "totalHeal": 80,
      "totalUnitsHealed": 1,
      "assists": 4,
      "item0": 2045,
      "item1": 3047,
      "item2": 3028,
      "item6": 3341,
      "sightWardsBought": 1,
      "visionWardsBought": 2,
      "magicDamageDealtToChampions": 2562,
      "physicalDamageDealtToChampions": 944,
      "totalDamageDealtToChampions": 3823,
      "trueDamageDealtPlayer": 316,
      "trueDamageDealtToChampions": 316,
      "trueDamageTaken": 496,
      "wardPlaced": 10,
      "totalTimeCrowdControlDealt": 60
    }
  },
  "26938877": {
    "gameId": 818168672,
    "invalid": false,
    "gameMode": "CLASSIC",
    "gameType": "MATCHED_GAME",
    "subType": "RANKED_SOLO_5x5",
    "mapId": 1,
    "teamId": 200,
    "championId": 266,
    "spell1": 4,
    "spell2": 14,
    "level": 30,
    "ipEarned": 0,
    "createDate": 1398241926175,
    "fellowPlayers": [
      {
        "summonerId": 19798922,
        "teamId": 100,
        "championId": 51
      },
      {
        "summonerId": 34189435,
        "teamId": 200,
        "championId": 254
      },
      {
        "summonerId": 41604144,
        "teamId": 200,
        "championId": 43
      },
      {
        "summonerId": 43944888,
        "teamId": 200,
        "championId": 29
      },
      {
        "summonerId": 22395178,
        "teamId": 100,
        "championId": 35
      },
      {
        "summonerId": 19268929,
        "teamId": 200,
        "championId": 14
      },
      {
        "summonerId": 22404194,
        "teamId": 100,
        "championId": 76
      },
      {
        "summonerId": 20695486,
        "teamId": 100,
        "championId": 122
      },
      {
        "summonerId": 31926149,
        "teamId": 100,
        "championId": 412
      }
    ],
    "stats": {
      "level": 8,
      "goldEarned": 3838,
      "numDeaths": 3,
      "minionsKilled": 60,
      "championsKilled": 1,
      "goldSpent": 2845,
      "totalDamageDealt": 24580,
      "totalDamageTaken": 6308,
      "team": 200,
      "win": false,
      "neutralMinionsKilled": 4,
      "largestMultiKill": 1,
      "physicalDamageDealtPlayer": 16206,
      "magicDamageDealtPlayer": 8339,
      "physicalDamageTaken": 4931,
      "magicDamageTaken": 726,
      "timePlayed": 1006,
      "totalHeal": 2425,
      "totalUnitsHealed": 1,
      "item0": 1055,
      "item1": 2044,
      "item2": 1031,
      "item3": 3144,
      "item4": 2003,
      "item6": 3340,
      "sightWardsBought": 1,
      "magicDamageDealtToChampions": 1195,
      "physicalDamageDealtToChampions": 1978,
      "totalDamageDealtToChampions": 3208,
      "trueDamageDealtPlayer": 34,
      "trueDamageDealtToChampions": 34,
      "trueDamageTaken": 650,
      "neutralMinionsKilledYourJungle": 4,
      "totalTimeCrowdControlDealt": 130
    }
  },
  "34189435": {
    "gameId": 818168672,
    "invalid": false,
    "gameMode": "CLASSIC",
    "gameType": "MATCHED_GAME",
    "subType": "RANKED_SOLO_5x5",
    "mapId": 1,
    "teamId": 200,
    "championId": 254,
    "spell1": 4,
    "spell2": 11,
    "level": 30,
    "ipEarned": 51,
    "createDate": 1398241926171,
    "fellowPlayers": [
      {
        "summonerId": 19798922,
        "teamId": 100,
        "championId": 51
      },
      {
        "summonerId": 41604144,
        "teamId": 200,
        "championId": 43
      },
      {
        "summonerId": 43944888,
        "teamId": 200,
        "championId": 29
      },
      {
        "summonerId": 22395178,
        "teamId": 100,
        "championId": 35
      },
      {
        "summonerId": 19268929,
        "teamId": 200,
        "championId": 14
      },
      {
        "summonerId": 22404194,
        "teamId": 100,
        "championId": 76
      },
      {
        "summonerId": 20695486,
        "teamId": 100,
        "championId": 122
      },
      {
        "summonerId": 26938877,
        "teamId": 200,
        "championId": 266
      },
      {
        "summonerId": 31926149,
        "teamId": 100,
        "championId": 412
      }
    ],
    "stats": {
      "level": 9,
      "goldEarned": 3575,
      "numDeaths": 2,
      "minionsKilled": 2,
      "goldSpent": 2570,
      "totalDamageDealt": 50452,
      "totalDamageTaken": 7654,
      "team": 200,
      "win": false,
      "neutralMinionsKilled": 54,
      "physicalDamageDealtPlayer": 43809,
      "magicDamageDealtPlayer": 692,
      "physicalDamageTaken": 6824,
      "magicDamageTaken": 642,
      "timePlayed": 1006,
      "totalHeal": 1954,
      "totalUnitsHealed": 1,
      "assists": 1,
      "item0": 3209,
      "item1": 1001,
      "item2": 2003,
      "item3": 2004,
      "item6": 3340,
      "physicalDamageDealtToChampions": 1426,
      "totalDamageDealtToChampions": 1466,
      "trueDamageDealtPlayer": 5949,
      "trueDamageDealtToChampions": 40,
      "trueDamageTaken": 187,
      "wardPlaced": 2,
      "neutralMinionsKilledEnemyJungle": 2,
      "neutralMinionsKilledYourJungle": 52,
      "totalTimeCrowdControlDealt": 230
    }
  },
  "41604144": {
    "gameId": 818168672,
    "invalid": false,
    "gameMode": "CLASSIC",
    "gameType": "MATCHED_GAME",
    "subType": "RANKED_SOLO_5x5",
    "mapId": 1,
    "teamId": 200,
    "championId": 43,
    "spell1": 7,
    "spell2": 4,
    "level": 30,
    "ipEarned": 51,
    "createDate": 1398241926172,
    "fellowPlayers": [
      {
        "summonerId": 19798922,
        "teamId": 100,
        "championId": 51
      },
      {
        "summonerId": 34189435,
        "teamId": 200,
        "championId": 254
      },
      {
        "summonerId": 43944888,
        "teamId": 200,
        "championId": 29
      },
      {
        "summonerId": 22395178,
        "teamId": 100,
        "championId": 35
      },
      {
        "summonerId": 19268929,
        "teamId": 200,
        "championId": 14
      },
      {
        "summonerId": 22404194,
        "teamId": 100,
        "championId": 76
      },
      {
        "summonerId": 20695486,
        "teamId": 100,
        "championId": 122
      },
      {
        "summonerId": 26938877,
        "teamId": 200,
        "championId": 266
      },
      {
        "summonerId": 31926149,
        "teamId": 100,
        "championId": 412
      }
    ],
    "stats": {
      "level": 7,
      "goldEarned": 3078,
      "numDeaths": 3,
      "minionsKilled": 12,
      "championsKilled": 1,
      "goldSpent": 2475,
      "totalDamageDealt": 10439,
      "totalDamageTaken": 6234,
      "team": 200,
      "win": false,
      "largestMultiKill": 1,
      "physicalDamageDealtPlayer": 1509,
      "magicDamageDealtPlayer": 8929,
      "physicalDamageTaken": 4491,
      "magicDamageTaken": 1743,
      "timePlayed": 1006,
      "totalHeal": 1010,
      "totalUnitsHealed": 2,
      "item0": 2049,
      "item1": 2043,
      "item3": 1001,
      "item4": 3096,
      "item6": 3341,
      "sightWardsBought": 1,
      "visionWardsBought": 2,
      "magicDamageDealtToChampions": 2179,
      "physicalDamageDealtToChampions": 700,
      "totalDamageDealtToChampions": 2880,
      "wardPlaced": 13,
      "totalTimeCrowdControlDealt": 98
    }
  },
  "19798922": {
    "gameId": 818168672,
    "invalid": false,
    "gameMode": "CLASSIC",
    "gameType": "MATCHED_GAME",
    "subType": "RANKED_SOLO_5x5",
    "mapId": 1,
    "teamId": 100,
    "championId": 51,
    "spell1": 4,
    "spell2": 21,
    "level": 30,
    "ipEarned": 226,
    "createDate": 1398241926167,
    "fellowPlayers": [
      {
        "summonerId": 34189435,
        "teamId": 200,
        "championId": 254
      },
      {
        "summonerId": 41604144,
        "teamId": 200,
        "championId": 43
      },
      {
        "summonerId": 43944888,
        "teamId": 200,
        "championId": 29
      },
      {
        "summonerId": 22395178,
        "teamId": 100,
        "championId": 35
      },
      {
        "summonerId": 19268929,
        "teamId": 200,
        "championId": 14
      },
      {
        "summonerId": 22404194,
        "teamId": 100,
        "championId": 76
      },
      {
        "summonerId": 20695486,
        "teamId": 100,
        "championId": 122
      },
      {
        "summonerId": 26938877,
        "teamId": 200,
        "championId": 266
      },
      {
        "summonerId": 31926149,
        "teamId": 100,
        "championId": 412
      }
    ],
    "stats": {
      "level": 11,
      "goldEarned": 7986,
      "barracksKilled": 1,
      "turretsKilled": 4,
      "minionsKilled": 137,
      "championsKilled": 3,
      "goldSpent": 5080,
      "totalDamageDealt": 77739,
      "totalDamageTaken": 6199,
      "doubleKills": 1,
      "killingSprees": 1,
      "largestKillingSpree": 3,
      "team": 100,
      "win": true,
      "neutralMinionsKilled": 3,
      "largestMultiKill": 2,
      "physicalDamageDealtPlayer": 77296,
      "magicDamageDealtPlayer": 443,
      "physicalDamageTaken": 4331,
      "magicDamageTaken": 1473,
      "timePlayed": 1006,
      "totalHeal": 535,
      "totalUnitsHealed": 1,
      "assists": 5,
      "item0": 3072,
      "item2": 3006,
      "item3": 1042,
      "item5": 1055,
      "item6": 3340,
      "magicDamageDealtToChampions": 443,
      "physicalDamageDealtToChampions": 8745,
      "totalDamageDealtToChampions": 9188,
      "trueDamageTaken": 394,
      "wardPlaced": 5,
      "neutralMinionsKilledEnemyJungle": 3,
      "totalTimeCrowdControlDealt": 16
    }
  }
}