{
  "38248712": {
    "gameId": 818161209,
    "invalid": false,
    "gameMode": "CLASSIC",
    "gameType": "MATCHED_GAME",
    "subType": "NORMAL",
    "mapId": 1,
    "teamId": 100,
    "championId": 121,
    "spell1": 11,
    "spell2": 4,
    "level": 30,
    "ipEarned": 256,
    "createDate": 1398243140886,
    "fellowPlayers": [
      {
        "summonerId": 31908365,
        "teamId": 200,
        "championId": 43
      },
      {
        "summonerId": 25861709,
        "teamId": 200,
        "championId": 56
      },
      {
        "summonerId": 35528781,
        "teamId": 100,
        "championId": 99
      },
      {
        "summonerId": 29331001,
        "teamId": 100,
        "championId": 222
      },
      {
        "summonerId": 25528615,
        "teamId": 200,
        "championId": 114
      },
      {
        "summonerId": 44753610,
        "teamId": 100,
        "championId": 53
      },
      {
        "summonerId": 28091511,
        "teamId": 200,
        "championId": 18
      },
      {
        "summonerId": 41845884,
        "teamId": 100,
        "championId": 24
      },
      {
        "summonerId": 31747674,
        "teamId": 200,
        "championId": 8
      }
    ],
    "stats": {
      "level": 18,
      "goldEarned": 12983,
      "numDeaths": 7,
      "minionsKilled": 40,
      "championsKilled": 6,
      "goldSpent": 12765,
      "totalDamageDealt": 166992,
      "totalDamageTaken": 30888,
      "killingSprees": 2,
      "largestKillingSpree": 2,
      "team": 100,
      "win": true,
      "neutralMinionsKilled": 94,
      "largestMultiKill": 1,
      "physicalDamageDealtPlayer": 125632,
      "magicDamageDealtPlayer": 27469,
      "physicalDamageTaken": 19214,
      "magicDamageTaken": 10769,
      "timePlayed": 2332,
      "totalHeal": 6483,
      "totalUnitsHealed": 1,
      "assists": 9,
      "item0": 3160,
      "item1": 3260,
      "item2": 3071,
      "item3": 3035,
      "item4": 3072,
      "item6": 3340,
      "magicDamageDealtToChampions": 1615,
      "physicalDamageDealtToChampions": 18521,
      "totalDamageDealtToChampions": 20400,
      "trueDamageDealtPlayer": 13890,
      "trueDamageDealtToChampions": 264,
      "trueDamageTaken": 904,
      "wardPlaced": 16,
      "neutralMinionsKilledEnemyJungle": 21,
      "neutralMinionsKilledYourJungle": 73,
      "totalTimeCrowdControlDealt": 617
    }
  },
  "summonerCount": 10,
  "25528615": {
    "gameId": 818161209,
    "invalid": false,
    "gameMode": "CLASSIC",
    "gameType": "MATCHED_GAME",
    "subType": "NORMAL",
    "mapId": 1,
    "teamId": 200,
    "championId": 114,
    "spell1": 4,
    "spell2": 14,
    "level": 30,
    "ipEarned": 69,
    "createDate": 1398243140893,
    "fellowPlayers": [
      {
        "summonerId": 31908365,
        "teamId": 200,
        "championId": 43
      },
      {
        "summonerId": 25861709,
        "teamId": 200,
        "championId": 56
      },
      {
        "summonerId": 35528781,
        "teamId": 100,
        "championId": 99
      },
      {
        "summonerId": 38248712,
        "teamId": 100,
        "championId": 121
      },
      {
        "summonerId": 29331001,
        "teamId": 100,
        "championId": 222
      },
      {
        "summonerId": 44753610,
        "teamId": 100,
        "championId": 53
      },
      {
        "summonerId": 28091511,
        "teamId": 200,
        "championId": 18
      },
      {
        "summonerId": 41845884,
        "teamId": 100,
        "championId": 24
      },
      {
        "summonerId": 31747674,
        "teamId": 200,
        "championId": 8
      }
    ],
    "stats": {
      "level": 18,
      "goldEarned": 15277,
      "numDeaths": 4,
      "barracksKilled": 2,
      "turretsKilled": 1,
      "minionsKilled": 200,
      "championsKilled": 11,
      "goldSpent": 13090,
      "totalDamageDealt": 183594,
      "totalDamageTaken": 29506,
      "doubleKills": 1,
      "killingSprees": 2,
      "largestKillingSpree": 6,
      "team": 200,
      "win": false,
      "neutralMinionsKilled": 41,
      "largestMultiKill": 2,
      "physicalDamageDealtPlayer": 177417,
      "magicDamageDealtPlayer": 3356,
      "physicalDamageTaken": 20008,
      "magicDamageTaken": 9105,
      "largestCriticalStrike": 729,
      "timePlayed": 2332,
      "totalHeal": 2646,
      "totalUnitsHealed": 1,
      "assists": 8,
      "item0": 3074,
      "item1": 3142,
      "item2": 3047,
      "item3": 3026,
      "item4": 3156,
      "item6": 3340,
      "magicDamageDealtToChampions": 2354,
      "physicalDamageDealtToChampions": 28279,
      "totalDamageDealtToChampions": 33027,
      "trueDamageDealtPlayer": 2819,
      "trueDamageDealtToChampions": 2393,
      "trueDamageTaken": 393,
      "wardPlaced": 7,
      "neutralMinionsKilledEnemyJungle": 12,
      "neutralMinionsKilledYourJungle": 29,
      "totalTimeCrowdControlDealt": 330
    }
  },
  "28091511": {
    "gameId": 818161209,
    "invalid": false,
    "gameMode": "CLASSIC",
    "gameType": "MATCHED_GAME",
    "subType": "NORMAL",
    "mapId": 1,
    "teamId": 200,
    "championId": 18,
    "spell1": 4,
    "spell2": 7,
    "level": 30,
    "ipEarned": 69,
    "createDate": 1398243140891,
    "fellowPlayers": [
      {
        "summonerId": 31908365,
        "teamId": 200,
        "championId": 43
      },
      {
        "summonerId": 25861709,
        "teamId": 200,
        "championId": 56
      },
      {
        "summonerId": 35528781,
        "teamId": 100,
        "championId": 99
      },
      {
        "summonerId": 38248712,
        "teamId": 100,
        "championId": 121
      },
      {
        "summonerId": 29331001,
        "teamId": 100,
        "championId": 222
      },
      {
        "summonerId": 25528615,
        "teamId": 200,
        "championId": 114
      },
      {
        "summonerId": 44753610,
        "teamId": 100,
        "championId": 53
      },
      {
        "summonerId": 41845884,
        "teamId": 100,
        "championId": 24
      },
      {
        "summonerId": 31747674,
        "teamId": 200,
        "championId": 8
      }
    ],
    "stats": {
      "level": 17,
      "goldEarned": 14008,
      "numDeaths": 12,
      "turretsKilled": 2,
      "minionsKilled": 156,
      "championsKilled": 10,
      "goldSpent": 13315,
      "totalDamageDealt": 151485,
      "totalDamageTaken": 32271,
      "doubleKills": 2,
      "killingSprees": 3,
      "largestKillingSpree": 2,
      "team": 200,
      "win": false,
      "neutralMinionsKilled": 16,
      "largestMultiKill": 2,
      "physicalDamageDealtPlayer": 104042,
      "magicDamageDealtPlayer": 47359,
      "physicalDamageTaken": 21930,
      "magicDamageTaken": 10236,
      "largestCriticalStrike": 735,
      "timePlayed": 2332,
      "totalHeal": 3880,
      "totalUnitsHealed": 4,
      "assists": 8,
      "item0": 3087,
      "item1": 3006,
      "item2": 3072,
      "item3": 3035,
      "item4": 3031,
      "item6": 3340,
      "magicDamageDealtToChampions": 10460,
      "physicalDamageDealtToChampions": 19292,
      "totalDamageDealtToChampions": 29836,
      "trueDamageDealtPlayer": 84,
      "trueDamageDealtToChampions": 84,
      "trueDamageTaken": 105,
      "wardPlaced": 6,
      "neutralMinionsKilledEnemyJungle": 5,
      "neutralMinionsKilledYourJungle": 11,
      "totalTimeCrowdControlDealt": 26
    }
  },
  "31747674": {
    "gameId": 818161209,
    "invalid": false,
    "gameMode": "CLASSIC",
    "gameType": "MATCHED_GAME",
    "subType": "NORMAL",
    "mapId": 1,
    "teamId": 200,
    "championId": 8,
    "spell1": 14,
    "spell2": 4,
    "level": 30,
    "ipEarned": 69,
    "createDate": 1398243140890,
    "fellowPlayers": [
      {
        "summonerId": 31908365,
        "teamId": 200,
        "championId": 43
      },
      {
        "summonerId": 25861709,
        "teamId": 200,
        "championId": 56
      },
      {
        "summonerId": 35528781,
        "teamId": 100,
        "championId": 99
      },
      {
        "summonerId": 38248712,
        "teamId": 100,
        "championId": 121
      },
      {
        "summonerId": 29331001,
        "teamId": 100,
        "championId": 222
      },
      {
        "summonerId": 25528615,
        "teamId": 200,
        "championId": 114
      },
      {
        "summonerId": 44753610,
        "teamId": 100,
        "championId": 53
      },
      {
        "summonerId": 28091511,
        "teamId": 200,
        "championId": 18
      },
      {
        "summonerId": 41845884,
        "teamId": 100,
        "championId": 24
      }
    ],
    "stats": {
      "level": 16,
      "goldEarned": 13258,
      "numDeaths": 12,
      "turretsKilled": 1,
      "minionsKilled": 166,
      "championsKilled": 9,
      "goldSpent": 13045,
      "totalDamageDealt": 130488,
      "totalDamageTaken": 39724,
      "killingSprees": 2,
      "largestKillingSpree": 2,
      "team": 200,
      "win": false,
      "neutralMinionsKilled": 3,
      "largestMultiKill": 1,
      "physicalDamageDealtPlayer": 10635,
      "magicDamageDealtPlayer": 119135,
      "physicalDamageTaken": 27025,
      "magicDamageTaken": 12379,
      "timePlayed": 2332,
      "totalHeal": 7970,
      "totalUnitsHealed": 1,
      "assists": 8,
      "item0": 3152,
      "item1": 3146,
      "item2": 3255,
      "item3": 3151,
      "item4": 1026,
      "item5": 1058,
      "item6": 3340,
      "magicDamageDealtToChampions": 28701,
      "physicalDamageDealtToChampions": 1689,
      "totalDamageDealtToChampions": 31108,
      "trueDamageDealtPlayer": 718,
      "trueDamageDealtToChampions": 718,
      "trueDamageTaken": 320,
      "wardPlaced": 5,
      "neutralMinionsKilledYourJungle": 3,
      "totalTimeCrowdControlDealt": 117
    }
  },
  "25861709": {
    "gameId": 818161209,
    "invalid": false,
    "gameMode": "CLASSIC",
    "gameType": "MATCHED_GAME",
    "subType": "NORMAL",
    "mapId": 1,
    "teamId": 200,
    "championId": 56,
    "spell1": 11,
    "spell2": 4,
    "level": 30,
    "ipEarned": 69,
    "createDate": 1398243140892,
    "fellowPlayers": [
      {
        "summonerId": 31908365,
        "teamId": 200,
        "championId": 43
      },
      {
        "summonerId": 35528781,
        "teamId": 100,
        "championId": 99
      },
      {
        "summonerId": 38248712,
        "teamId": 100,
        "championId": 121
      },
      {
        "summonerId": 29331001,
        "teamId": 100,
        "championId": 222
      },
      {
        "summonerId": 25528615,
        "teamId": 200,
        "championId": 114
      },
      {
        "summonerId": 44753610,
        "teamId": 100,
        "championId": 53
      },
      {
        "summonerId": 28091511,
        "teamId": 200,
        "championId": 18
      },
      {
        "summonerId": 41845884,
        "teamId": 100,
        "championId": 24
      },
      {
        "summonerId": 31747674,
        "teamId": 200,
        "championId": 8
      }
    ],
    "stats": {
      "level": 16,
      "goldEarned": 11400,
      "numDeaths": 14,
      "turretsKilled": 1,
      "minionsKilled": 75,
      "championsKilled": 3,
      "goldSpent": 12230,
      "totalDamageDealt": 105899,
      "totalDamageTaken": 36656,
      "team": 200,
      "win": false,
      "neutralMinionsKilled": 41,
      "largestMultiKill": 1,
      "physicalDamageDealtPlayer": 92547,
      "magicDamageDealtPlayer": 3531,
      "physicalDamageTaken": 25323,
      "magicDamageTaken": 10523,
      "timePlayed": 2332,
      "totalHeal": 4315,
      "totalUnitsHealed": 1,
      "assists": 8,
      "item0": 1011,
      "item1": 3074,
      "item2": 3143,
      "item3": 3209,
      "item4": 3260,
      "item6": 3340,
      "magicDamageDealtToChampions": 1421,
      "physicalDamageDealtToChampions": 9089,
      "totalDamageDealtToChampions": 11625,
      "trueDamageDealtPlayer": 9820,
      "trueDamageDealtToChampions": 1114,
      "trueDamageTaken": 809,
      "wardKilled": 1,
      "wardPlaced": 9,
      "neutralMinionsKilledEnemyJungle": 3,
      "neutralMinionsKilledYourJungle": 38,
      "totalTimeCrowdControlDealt": 206
    }
  },
  "35528781": {
    "gameId": 818161209,
    "invalid": false,
    "gameMode": "CLASSIC",
    "gameType": "MATCHED_GAME",
    "subType": "NORMAL",
    "mapId": 1,
    "teamId": 100,
    "championId": 99,
    "spell1": 12,
    "spell2": 4,
    "level": 30,
    "ipEarned": 256,
    "createDate": 1398243140885,
    "fellowPlayers": [
      {
        "summonerId": 31908365,
        "teamId": 200,
        "championId": 43
      },
      {
        "summonerId": 25861709,
        "teamId": 200,
        "championId": 56
      },
      {
        "summonerId": 38248712,
        "teamId": 100,
        "championId": 121
      },
      {
        "summonerId": 29331001,
        "teamId": 100,
        "championId": 222
      },
      {
        "summonerId": 25528615,
        "teamId": 200,
        "championId": 114
      },
      {
        "summonerId": 44753610,
        "teamId": 100,
        "championId": 53
      },
      {
        "summonerId": 28091511,
        "teamId": 200,
        "championId": 18
      },
      {
        "summonerId": 41845884,
        "teamId": 100,
        "championId": 24
      },
      {
        "summonerId": 31747674,
        "teamId": 200,
        "championId": 8
      }
    ],
    "stats": {
      "level": 17,
      "goldEarned": 14484,
      "numDeaths": 7,
      "turretsKilled": 1,
      "minionsKilled": 183,
      "championsKilled": 11,
      "goldSpent": 13710,
      "totalDamageDealt": 138195,
      "totalDamageTaken": 21794,
      "killingSprees": 2,
      "largestKillingSpree": 6,
      "team": 100,
      "win": true,
      "neutralMinionsKilled": 2,
      "largestMultiKill": 1,
      "physicalDamageDealtPlayer": 16949,
      "magicDamageDealtPlayer": 121245,
      "physicalDamageTaken": 12447,
      "magicDamageTaken": 8588,
      "timePlayed": 2332,
      "totalHeal": 3153,
      "totalUnitsHealed": 1,
      "assists": 14,
      "item0": 3089,
      "item1": 3157,
      "item2": 3174,
      "item3": 3135,
      "item5": 3255,
      "item6": 3340,
      "magicDamageDealtToChampions": 28910,
      "physicalDamageDealtToChampions": 2998,
      "totalDamageDealtToChampions": 31908,
      "trueDamageTaken": 758,
      "wardPlaced": 6,
      "neutralMinionsKilledYourJungle": 2,
      "totalTimeCrowdControlDealt": 312
    }
  },
  "44753610": {
    "gameId": 818161209,
    "invalid": false,
    "gameMode": "CLASSIC",
    "gameType": "MATCHED_GAME",
    "subType": "NORMAL",
    "mapId": 1,
    "teamId": 100,
    "championId": 53,
    "spell1": 7,
    "spell2": 4,
    "level": 30,
    "ipEarned": 256,
    "createDate": 1398243140888,
    "fellowPlayers": [
      {
        "summonerId": 31908365,
        "teamId": 200,
        "championId": 43
      },
      {
        "summonerId": 25861709,
        "teamId": 200,
        "championId": 56
      },
      {
        "summonerId": 35528781,
        "teamId": 100,
        "championId": 99
      },
      {
        "summonerId": 38248712,
        "teamId": 100,
        "championId": 121
      },
      {
        "summonerId": 29331001,
        "teamId": 100,
        "championId": 222
      },
      {
        "summonerId": 25528615,
        "teamId": 200,
        "championId": 114
      },
      {
        "summonerId": 28091511,
        "teamId": 200,
        "championId": 18
      },
      {
        "summonerId": 41845884,
        "teamId": 100,
        "championId": 24
      },
      {
        "summonerId": 31747674,
        "teamId": 200,
        "championId": 8
      }
    ],
    "stats": {
      "level": 17,
      "goldEarned": 12849,
      "numDeaths": 8,
      "minionsKilled": 14,
      "championsKilled": 3,
      "goldSpent": 11625,
      "totalDamageDealt": 36913,
      "totalDamageTaken": 40820,
      "team": 100,
      "win": true,
      "neutralMinionsKilled": 2,
      "largestMultiKill": 1,
      "physicalDamageDealtPlayer": 8918,
      "magicDamageDealtPlayer": 27995,
      "physicalDamageTaken": 26707,
      "magicDamageTaken": 12458,
      "timePlayed": 2332,
      "totalHeal": 9774,
      "totalUnitsHealed": 4,
      "assists": 26,
      "item0": 2045,
      "item1": 3143,
      "item2": 3069,
      "item3": 3270,
      "item4": 3025,
      "item6": 3340,
      "magicDamageDealtToChampions": 11242,
      "physicalDamageDealtToChampions": 4629,
      "totalDamageDealtToChampions": 15872,
      "trueDamageTaken": 1654,
      "wardPlaced": 49,
      "neutralMinionsKilledEnemyJungle": 2,
      "totalTimeCrowdControlDealt": 194
    }
  },
  "31908365": {
    "gameId": 818161209,
    "invalid": false,
    "gameMode": "CLASSIC",
    "gameType": "MATCHED_GAME",
    "subType": "NORMAL",
    "mapId": 1,
    "teamId": 200,
    "championId": 43,
    "spell1": 14,
    "spell2": 4,
    "level": 30,
    "ipEarned": 69,
    "createDate": 1398243140894,
    "fellowPlayers": [
      {
        "summonerId": 25861709,
        "teamId": 200,
        "championId": 56
      },
      {
        "summonerId": 35528781,
        "teamId": 100,
        "championId": 99
      },
      {
        "summonerId": 38248712,
        "teamId": 100,
        "championId": 121
      },
      {
        "summonerId": 29331001,
        "teamId": 100,
        "championId": 222
      },
      {
        "summonerId": 25528615,
        "teamId": 200,
        "championId": 114
      },
      {
        "summonerId": 44753610,
        "teamId": 100,
        "championId": 53
      },
      {
        "summonerId": 28091511,
        "teamId": 200,
        "championId": 18
      },
      {
        "summonerId": 41845884,
        "teamId": 100,
        "championId": 24
      },
      {
        "summonerId": 31747674,
        "teamId": 200,
        "championId": 8
      }
    ],
    "stats": {
      "level": 16,
      "goldEarned": 12634,
      "numDeaths": 9,
      "minionsKilled": 43,
      "championsKilled": 3,
      "goldSpent": 12020,
      "totalDamageDealt": 58787,
      "totalDamageTaken": 23351,
      "killingSprees": 1,
      "largestKillingSpree": 2,
      "team": 200,
      "win": false,
      "neutralMinionsKilled": 5,
      "largestMultiKill": 1,
      "physicalDamageDealtPlayer": 10226,
      "magicDamageDealtPlayer": 48295,
      "physicalDamageTaken": 17649,
      "magicDamageTaken": 5473,
      "timePlayed": 2332,
      "totalHeal": 1742,
      "totalUnitsHealed": 2,
      "assists": 15,
      "item0": 3222,
      "item1": 3128,
      "item2": 3092,
      "item3": 3255,
      "item4": 3089,
      "item5": 2004,
      "item6": 3340,
      "magicDamageDealtToChampions": 15695,
      "physicalDamageDealtToChampions": 1519,
      "totalDamageDealtToChampions": 17480,
      "trueDamageDealtPlayer": 266,
      "trueDamageDealtToChampions": 266,
      "trueDamageTaken": 229,
      "wardPlaced": 6,
      "neutralMinionsKilledEnemyJungle": 2,
      "neutralMinionsKilledYourJungle": 3,
      "totalTimeCrowdControlDealt": 273
    }
  },
  "41845884": {
    "gameId": 818161209,
    "invalid": false,
    "gameMode": "CLASSIC",
    "gameType": "MATCHED_GAME",
    "subType": "NORMAL",
    "mapId": 1,
    "teamId": 100,
    "championId": 24,
    "spell1": 4,
    "spell2": 14,
    "level": 30,
    "ipEarned": 106,
    "createDate": 1398243140889,
    "fellowPlayers": [
      {
        "summonerId": 31908365,
        "teamId": 200,
        "championId": 43
      },
      {
        "summonerId": 25861709,
        "teamId": 200,
        "championId": 56
      },
      {
        "summonerId": 35528781,
        "teamId": 100,
        "championId": 99
      },
      {
        "summonerId": 38248712,
        "teamId": 100,
        "championId": 121
      },
      {
        "summonerId": 29331001,
        "teamId": 100,
        "championId": 222
      },
      {
        "summonerId": 25528615,
        "teamId": 200,
        "championId": 114
      },
      {
        "summonerId": 44753610,
        "teamId": 100,
        "championId": 53
      },
      {
        "summonerId": 28091511,
        "teamId": 200,
        "championId": 18
      },
      {
        "summonerId": 31747674,
        "teamId": 200,
        "championId": 8
      }
    ],
    "stats": {
      "level": 18,
      "goldEarned": 14515,
      "numDeaths": 6,
      "turretsKilled": 2,
      "minionsKilled": 152,
      "championsKilled": 13,
      "goldSpent": 12378,
      "totalDamageDealt": 130801,
      "totalDamageTaken": 34199,
      "killingSprees": 2,
      "largestKillingSpree": 7,
      "team": 100,
      "win": true,
      "neutralMinionsKilled": 18,
      "largestMultiKill": 1,
      "physicalDamageDealtPlayer": 106124,
      "magicDamageDealtPlayer": 23997,
      "physicalDamageTaken": 19478,
      "magicDamageTaken": 13885,
      "largestCriticalStrike": 402,
      "timePlayed": 2332,
      "totalHeal": 3410,
      "totalUnitsHealed": 1,
      "assists": 11,
      "item0": 3260,
      "item1": 3153,
      "item2": 3078,
      "item3": 3143,
      "item6": 3340,
      "magicDamageDealtToChampions": 4542,
      "physicalDamageDealtToChampions": 15892,
      "totalDamageDealtToChampions": 20999,
      "trueDamageDealtPlayer": 679,
      "trueDamageDealtToChampions": 563,
      "trueDamageTaken": 835,
      "wardPlaced": 10,
      "neutralMinionsKilledEnemyJungle": 3,
      "neutralMinionsKilledYourJungle": 15,
      "totalTimeCrowdControlDealt": 335
    }
  },
  "38248712": {
    "gameId": 818161209,
    "invalid": false,
    "gameMode": "CLASSIC",
    "gameType": "MATCHED_GAME",
    "subType": "NORMAL",
    "mapId": 1,
    "teamId": 100,
    "championId": 121,
    "spell1": 11,
    "spell2": 4,
    "level": 30,
    "ipEarned": 256,
    "createDate": 1398243140886,
    "fellowPlayers": [
      {
        "summonerId": 31908365,
        "teamId": 200,
        "championId": 43
      },
      {
        "summonerId": 25861709,
        "teamId": 200,
        "championId": 56
      },
      {
        "summonerId": 35528781,
        "teamId": 100,
        "championId": 99
      },
      {
        "summonerId": 29331001,
        "teamId": 100,
        "championId": 222
      },
      {
        "summonerId": 25528615,
        "teamId": 200,
        "championId": 114
      },
      {
        "summonerId": 44753610,
        "teamId": 100,
        "championId": 53
      },
      {
        "summonerId": 28091511,
        "teamId": 200,
        "championId": 18
      },
      {
        "summonerId": 41845884,
        "teamId": 100,
        "championId": 24
      },
      {
        "summonerId": 31747674,
        "teamId": 200,
        "championId": 8
      }
    ],
    "stats": {
      "level": 18,
      "goldEarned": 12983,
      "numDeaths": 7,
      "minionsKilled": 40,
      "championsKilled": 6,
      "goldSpent": 12765,
      "totalDamageDealt": 166992,
      "totalDamageTaken": 30888,
      "killingSprees": 2,
      "largestKillingSpree": 2,
      "team": 100,
      "win": true,
      "neutralMinionsKilled": 94,
      "largestMultiKill": 1,
      "physicalDamageDealtPlayer": 125632,
      "magicDamageDealtPlayer": 27469,
      "physicalDamageTaken": 19214,
      "magicDamageTaken": 10769,
      "timePlayed": 2332,
      "totalHeal": 6483,
      "totalUnitsHealed": 1,
      "assists": 9,
      "item0": 3160,
      "item1": 3260,
      "item2": 3071,
      "item3": 3035,
      "item4": 3072,
      "item6": 3340,
      "magicDamageDealtToChampions": 1615,
      "physicalDamageDealtToChampions": 18521,
      "totalDamageDealtToChampions": 20400,
      "trueDamageDealtPlayer": 13890,
      "trueDamageDealtToChampions": 264,
      "trueDamageTaken": 904,
      "wardPlaced": 16,
      "neutralMinionsKilledEnemyJungle": 21,
      "neutralMinionsKilledYourJungle": 73,
      "totalTimeCrowdControlDealt": 617
    }
  }
}