{
  "26166346": {
    "gameId": 818186261,
    "invalid": false,
    "gameMode": "CLASSIC",
    "gameType": "MATCHED_GAME",
    "subType": "RANKED_SOLO_5x5",
    "mapId": 1,
    "teamId": 200,
    "championId": 121,
    "spell1": 4,
    "spell2": 11,
    "level": 30,
    "ipEarned": 68,
    "createDate": 1398248932169,
    "fellowPlayers": [
      {
        "summonerId": 33967113,
        "teamId": 100,
        "championId": 110
      },
      {
        "summonerId": 20631424,
        "teamId": 200,
        "championId": 24
      },
      {
        "summonerId": 31847672,
        "teamId": 200,
        "championId": 38
      },
      {
        "summonerId": 27132741,
        "teamId": 200,
        "championId": 74
      },
      {
        "summonerId": 39961519,
        "teamId": 100,
        "championId": 120
      },
      {
        "summonerId": 38473077,
        "teamId": 100,
        "championId": 1
      },
      {
        "summonerId": 30787787,
        "teamId": 200,
        "championId": 22
      },
      {
        "summonerId": 34167520,
        "teamId": 100,
        "championId": 89
      },
      {
        "summonerId": 36707838,
        "teamId": 100,
        "championId": 86
      }
    ],
    "stats": {
      "level": 16,
      "goldEarned": 10344,
      "numDeaths": 13,
      "minionsKilled": 30,
      "championsKilled": 5,
      "goldSpent": 10120,
      "totalDamageDealt": 117804,
      "totalDamageTaken": 35783,
      "team": 200,
      "win": false,
      "neutralMinionsKilled": 62,
      "largestMultiKill": 1,
      "physicalDamageDealtPlayer": 101152,
      "magicDamageDealtPlayer": 1540,
      "physicalDamageTaken": 24092,
      "magicDamageTaken": 9996,
      "timePlayed": 2267,
      "totalHeal": 6687,
      "totalUnitsHealed": 1,
      "assists": 9,
      "item0": 3074,
      "item1": 3071,
      "item2": 3158,
      "item3": 1036,
      "item4": 3209,
      "item6": 3340,
      "magicDamageDealtToChampions": 1055,
      "physicalDamageDealtToChampions": 12906,
      "totalDamageDealtToChampions": 15667,
      "trueDamageDealtPlayer": 15111,
      "trueDamageDealtToChampions": 1706,
      "trueDamageTaken": 1694,
      "wardPlaced": 1,
      "neutralMinionsKilledEnemyJungle": 3,
      "neutralMinionsKilledYourJungle": 59,
      "totalTimeCrowdControlDealt": 462
    }
  },
  "summonerCount": 10,
  "30787787": {
    "gameId": 818186261,
    "invalid": false,
    "gameMode": "CLASSIC",
    "gameType": "MATCHED_GAME",
    "subType": "RANKED_SOLO_5x5",
    "mapId": 1,
    "teamId": 200,
    "championId": 22,
    "spell1": 4,
    "spell2": 21,
    "level": 30,
    "ipEarned": 68,
    "createDate": 1398248932164,
    "fellowPlayers": [
      {
        "summonerId": 33967113,
        "teamId": 100,
        "championId": 110
      },
      {
        "summonerId": 20631424,
        "teamId": 200,
        "championId": 24
      },
      {
        "summonerId": 31847672,
        "teamId": 200,
        "championId": 38
      },
      {
        "summonerId": 27132741,
        "teamId": 200,
        "championId": 74
      },
      {
        "summonerId": 26166346,
        "teamId": 200,
        "championId": 121
      },
      {
        "summonerId": 39961519,
        "teamId": 100,
        "championId": 120
      },
      {
        "summonerId": 38473077,
        "teamId": 100,
        "championId": 1
      },
      {
        "summonerId": 34167520,
        "teamId": 100,
        "championId": 89
      },
      {
        "summonerId": 36707838,
        "teamId": 100,
        "championId": 86
      }
    ],
    "stats": {
      "level": 16,
      "goldEarned": 11635,
      "numDeaths": 11,
      "minionsKilled": 142,
      "championsKilled": 5,
      "goldSpent": 11075,
      "totalDamageDealt": 107100,
      "totalDamageTaken": 25706,
      "killingSprees": 1,
      "largestKillingSpree": 2,
      "team": 200,
      "win": false,
      "neutralMinionsKilled": 4,
      "largestMultiKill": 1,
      "physicalDamageDealtPlayer": 102992,
      "magicDamageDealtPlayer": 4108,
      "physicalDamageTaken": 12632,
      "magicDamageTaken": 12306,
      "largestCriticalStrike": 523,
      "timePlayed": 2267,
      "totalHeal": 1282,
      "totalUnitsHealed": 1,
      "assists": 12,
      "item0": 3072,
      "item1": 3144,
      "item2": 3006,
      "item3": 3046,
      "item4": 3035,
      "item5": 1055,
      "item6": 3341,
      "magicDamageDealtToChampions": 2851,
      "physicalDamageDealtToChampions": 24628,
      "totalDamageDealtToChampions": 27479,
      "trueDamageTaken": 767,
      "wardKilled": 1,
      "neutralMinionsKilledYourJungle": 4,
      "totalTimeCrowdControlDealt": 704
    }
  },
  "31847672": {
    "gameId": 818186261,
    "invalid": false,
    "gameMode": "CLASSIC",
    "gameType": "MATCHED_GAME",
    "subType": "RANKED_SOLO_5x5",
    "mapId": 1,
    "teamId": 200,
    "championId": 38,
    "spell1": 21,
    "spell2": 4,
    "level": 30,
    "ipEarned": 68,
    "createDate": 1398248932165,
    "fellowPlayers": [
      {
        "summonerId": 33967113,
        "teamId": 100,
        "championId": 110
      },
      {
        "summonerId": 20631424,
        "teamId": 200,
        "championId": 24
      },
      {
        "summonerId": 27132741,
        "teamId": 200,
        "championId": 74
      },
      {
        "summonerId": 26166346,
        "teamId": 200,
        "championId": 121
      },
      {
        "summonerId": 39961519,
        "teamId": 100,
        "championId": 120
      },
      {
        "summonerId": 38473077,
        "teamId": 100,
        "championId": 1
      },
      {
        "summonerId": 30787787,
        "teamId": 200,
        "championId": 22
      },
      {
        "summonerId": 34167520,
        "teamId": 100,
        "championId": 89
      },
      {
        "summonerId": 36707838,
        "teamId": 100,
        "championId": 86
      }
    ],
    "stats": {
      "level": 17,
      "goldEarned": 14520,
      "numDeaths": 13,
      "turretsKilled": 1,
      "minionsKilled": 166,
      "championsKilled": 15,
      "goldSpent": 14335,
      "totalDamageDealt": 112256,
      "totalDamageTaken": 36372,
      "doubleKills": 3,
      "killingSprees": 4,
      "largestKillingSpree": 3,
      "team": 200,
      "win": false,
      "neutralMinionsKilled": 5,
      "largestMultiKill": 2,
      "physicalDamageDealtPlayer": 27953,
      "magicDamageDealtPlayer": 83306,
      "physicalDamageTaken": 20795,
      "magicDamageTaken": 14431,
      "timePlayed": 2267,
      "totalHeal": 672,
      "totalUnitsHealed": 1,
      "assists": 7,
      "item0": 3020,
      "item1": 3089,
      "item2": 3040,
      "item3": 3100,
      "item5": 3027,
      "item6": 3340,
      "magicDamageDealtToChampions": 24922,
      "physicalDamageDealtToChampions": 2673,
      "totalDamageDealtToChampions": 28249,
      "trueDamageDealtPlayer": 996,
      "trueDamageDealtToChampions": 654,
      "trueDamageTaken": 1145,
      "wardPlaced": 4,
      "neutralMinionsKilledYourJungle": 5,
      "totalTimeCrowdControlDealt": 413
    }
  },
  "36707838": {
    "gameId": 818186261,
    "invalid": false,
    "gameMode": "CLASSIC",
    "gameType": "MATCHED_GAME",
    "subType": "RANKED_SOLO_5x5",
    "mapId": 1,
    "teamId": 100,
    "championId": 86,
    "spell1": 14,
    "spell2": 4,
    "level": 30,
    "ipEarned": 103,
    "createDate": 1398248932163,
    "fellowPlayers": [
      {
        "summonerId": 33967113,
        "teamId": 100,
        "championId": 110
      },
      {
        "summonerId": 20631424,
        "teamId": 200,
        "championId": 24
      },
      {
        "summonerId": 31847672,
        "teamId": 200,
        "championId": 38
      },
      {
        "summonerId": 27132741,
        "teamId": 200,
        "championId": 74
      },
      {
        "summonerId": 26166346,
        "teamId": 200,
        "championId": 121
      },
      {
        "summonerId": 39961519,
        "teamId": 100,
        "championId": 120
      },
      {
        "summonerId": 38473077,
        "teamId": 100,
        "championId": 1
      },
      {
        "summonerId": 30787787,
        "teamId": 200,
        "championId": 22
      },
      {
        "summonerId": 34167520,
        "teamId": 100,
        "championId": 89
      }
    ],
    "stats": {
      "level": 18,
      "goldEarned": 13930,
      "numDeaths": 5,
      "turretsKilled": 2,
      "minionsKilled": 209,
      "championsKilled": 9,
      "goldSpent": 14370,
      "totalDamageDealt": 149247,
      "totalDamageTaken": 37290,
      "killingSprees": 2,
      "largestKillingSpree": 5,
      "team": 100,
      "win": true,
      "neutralMinionsKilled": 9,
      "largestMultiKill": 1,
      "physicalDamageDealtPlayer": 142836,
      "magicDamageDealtPlayer": 5141,
      "physicalDamageTaken": 25035,
      "magicDamageTaken": 11243,
      "timePlayed": 2267,
      "totalHeal": 6204,
      "totalUnitsHealed": 1,
      "assists": 3,
      "item0": 3071,
      "item1": 3026,
      "item2": 3280,
      "item3": 3143,
      "item4": 1028,
      "item5": 1011,
      "item6": 3340,
      "magicDamageDealtToChampions": 5141,
      "physicalDamageDealtToChampions": 15234,
      "totalDamageDealtToChampions": 21645,
      "trueDamageDealtPlayer": 1270,
      "trueDamageDealtToChampions": 1270,
      "trueDamageTaken": 1011,
      "wardPlaced": 8,
      "neutralMinionsKilledEnemyJungle": 5,
      "neutralMinionsKilledYourJungle": 4,
      "totalTimeCrowdControlDealt": 3352
    }
  },
  "27132741": {
    "gameId": 818186261,
    "invalid": false,
    "gameMode": "CLASSIC",
    "gameType": "MATCHED_GAME",
    "subType": "RANKED_SOLO_5x5",
    "mapId": 1,
    "teamId": 200,
    "championId": 74,
    "spell1": 14,
    "spell2": 4,
    "level": 30,
    "ipEarned": 68,
    "createDate": 1398248932167,
    "fellowPlayers": [
      {
        "summonerId": 33967113,
        "teamId": 100,
        "championId": 110
      },
      {
        "summonerId": 20631424,
        "teamId": 200,
        "championId": 24
      },
      {
        "summonerId": 31847672,
        "teamId": 200,
        "championId": 38
      },
      {
        "summonerId": 26166346,
        "teamId": 200,
        "championId": 121
      },
      {
        "summonerId": 39961519,
        "teamId": 100,
        "championId": 120
      },
      {
        "summonerId": 38473077,
        "teamId": 100,
        "championId": 1
      },
      {
        "summonerId": 30787787,
        "teamId": 200,
        "championId": 22
      },
      {
        "summonerId": 34167520,
        "teamId": 100,
        "championId": 89
      },
      {
        "summonerId": 36707838,
        "teamId": 100,
        "championId": 86
      }
    ],
    "stats": {
      "level": 15,
      "goldEarned": 8856,
      "numDeaths": 5,
      "turretsKilled": 1,
      "minionsKilled": 116,
      "championsKilled": 1,
      "goldSpent": 8765,
      "totalDamageDealt": 100994,
      "totalDamageTaken": 11648,
      "team": 200,
      "win": false,
      "neutralMinionsKilled": 11,
      "largestMultiKill": 1,
      "physicalDamageDealtPlayer": 19878,
      "magicDamageDealtPlayer": 80309,
      "physicalDamageTaken": 7151,
      "magicDamageTaken": 4089,
      "timePlayed": 2267,
      "totalHeal": 378,
      "totalUnitsHealed": 1,
      "assists": 5,
      "item0": 3255,
      "item1": 1056,
      "item2": 3191,
      "item3": 3165,
      "item4": 1026,
      "item5": 1058,
      "item6": 3340,
      "sightWardsBought": 2,
      "magicDamageDealtToChampions": 17988,
      "physicalDamageDealtToChampions": 2164,
      "totalDamageDealtToChampions": 20778,
      "trueDamageDealtPlayer": 806,
      "trueDamageDealtToChampions": 626,
      "trueDamageTaken": 408,
      "wardPlaced": 5,
      "neutralMinionsKilledEnemyJungle": 1,
      "neutralMinionsKilledYourJungle": 10,
      "totalTimeCrowdControlDealt": 165
    }
  },
  "38473077": {
    "gameId": 818186261,
    "invalid": false,
    "gameMode": "CLASSIC",
    "gameType": "MATCHED_GAME",
    "subType": "RANKED_SOLO_5x5",
    "mapId": 1,
    "teamId": 100,
    "championId": 1,
    "spell1": 4,
    "spell2": 14,
    "level": 30,
    "ipEarned": 103,
    "createDate": 1398248932158,
    "fellowPlayers": [
      {
        "summonerId": 33967113,
        "teamId": 100,
        "championId": 110
      },
      {
        "summonerId": 20631424,
        "teamId": 200,
        "championId": 24
      },
      {
        "summonerId": 31847672,
        "teamId": 200,
        "championId": 38
      },
      {
        "summonerId": 27132741,
        "teamId": 200,
        "championId": 74
      },
      {
        "summonerId": 26166346,
        "teamId": 200,
        "championId": 121
      },
      {
        "summonerId": 39961519,
        "teamId": 100,
        "championId": 120
      },
      {
        "summonerId": 30787787,
        "teamId": 200,
        "championId": 22
      },
      {
        "summonerId": 34167520,
        "teamId": 100,
        "championId": 89
      },
      {
        "summonerId": 36707838,
        "teamId": 100,
        "championId": 86
      }
    ],
    "stats": {
      "level": 18,
      "goldEarned": 13520,
      "numDeaths": 8,
      "turretsKilled": 2,
      "minionsKilled": 104,
      "championsKilled": 13,
      "goldSpent": 11245,
      "totalDamageDealt": 103971,
      "totalDamageTaken": 23536,
      "doubleKills": 2,
      "tripleKills": 1,
      "killingSprees": 4,
      "largestKillingSpree": 4,
      "team": 100,
      "win": true,
      "neutralMinionsKilled": 8,
      "largestMultiKill": 3,
      "physicalDamageDealtPlayer": 15751,
      "magicDamageDealtPlayer": 87391,
      "physicalDamageTaken": 9415,
      "magicDamageTaken": 13709,
      "timePlayed": 2267,
      "assists": 6,
      "item0": 3027,
      "item1": 3020,
      "item2": 3089,
      "item3": 3135,
      "item4": 1011,
      "item6": 3340,
      "magicDamageDealtToChampions": 25360,
      "physicalDamageDealtToChampions": 1700,
      "totalDamageDealtToChampions": 27889,
      "trueDamageDealtPlayer": 828,
      "trueDamageDealtToChampions": 828,
      "trueDamageTaken": 411,
      "wardPlaced": 13,
      "neutralMinionsKilledEnemyJungle": 8,
      "totalTimeCrowdControlDealt": 228
    }
  },
  "39961519": {
    "gameId": 818186261,
    "invalid": false,
    "gameMode": "CLASSIC",
    "gameType": "MATCHED_GAME",
    "subType": "RANKED_SOLO_5x5",
    "mapId": 1,
    "teamId": 100,
    "championId": 120,
    "spell1": 11,
    "spell2": 4,
    "level": 30,
    "ipEarned": 103,
    "createDate": 1398248932162,
    "fellowPlayers": [
      {
        "summonerId": 33967113,
        "teamId": 100,
        "championId": 110
      },
      {
        "summonerId": 20631424,
        "teamId": 200,
        "championId": 24
      },
      {
        "summonerId": 31847672,
        "teamId": 200,
        "championId": 38
      },
      {
        "summonerId": 27132741,
        "teamId": 200,
        "championId": 74
      },
      {
        "summonerId": 26166346,
        "teamId": 200,
        "championId": 121
      },
      {
        "summonerId": 38473077,
        "teamId": 100,
        "championId": 1
      },
      {
        "summonerId": 30787787,
        "teamId": 200,
        "championId": 22
      },
      {
        "summonerId": 34167520,
        "teamId": 100,
        "championId": 89
      },
      {
        "summonerId": 36707838,
        "teamId": 100,
        "championId": 86
      }
    ],
    "stats": {
      "level": 18,
      "goldEarned": 15235,
      "numDeaths": 4,
      "turretsKilled": 2,
      "minionsKilled": 64,
      "championsKilled": 7,
      "goldSpent": 13105,
      "totalDamageDealt": 132665,
      "totalDamageTaken": 31205,
      "killingSprees": 3,
      "largestKillingSpree": 3,
      "team": 100,
      "win": true,
      "neutralMinionsKilled": 53,
      "largestMultiKill": 1,
      "physicalDamageDealtPlayer": 82216,
      "magicDamageDealtPlayer": 36547,
      "physicalDamageTaken": 19295,
      "magicDamageTaken": 11214,
      "timePlayed": 2267,
      "totalHeal": 10287,
      "totalUnitsHealed": 1,
      "assists": 22,
      "item0": 3209,
      "item1": 3065,
      "item2": 3260,
      "item3": 3068,
      "item4": 3143,
      "item5": 3024,
      "item6": 3340,
      "magicDamageDealtToChampions": 7786,
      "physicalDamageDealtToChampions": 12458,
      "totalDamageDealtToChampions": 22235,
      "trueDamageDealtPlayer": 13901,
      "trueDamageDealtToChampions": 1989,
      "trueDamageTaken": 695,
      "wardPlaced": 5,
      "neutralMinionsKilledEnemyJungle": 6,
      "neutralMinionsKilledYourJungle": 47,
      "totalTimeCrowdControlDealt": 1672
    }
  },
  "20631424": {
    "gameId": 818186261,
    "invalid": false,
    "gameMode": "CLASSIC",
    "gameType": "MATCHED_GAME",
    "subType": "RANKED_SOLO_5x5",
    "mapId": 1,
    "teamId": 200,
    "championId": 24,
    "spell1": 14,
    "spell2": 4,
    "level": 30,
    "ipEarned": 68,
    "createDate": 1398248932166,
    "fellowPlayers": [
      {
        "summonerId": 33967113,
        "teamId": 100,
        "championId": 110
      },
      {
        "summonerId": 31847672,
        "teamId": 200,
        "championId": 38
      },
      {
        "summonerId": 27132741,
        "teamId": 200,
        "championId": 74
      },
      {
        "summonerId": 26166346,
        "teamId": 200,
        "championId": 121
      },
      {
        "summonerId": 39961519,
        "teamId": 100,
        "championId": 120
      },
      {
        "summonerId": 38473077,
        "teamId": 100,
        "championId": 1
      },
      {
        "summonerId": 30787787,
        "teamId": 200,
        "championId": 22
      },
      {
        "summonerId": 34167520,
        "teamId": 100,
        "championId": 89
      },
      {
        "summonerId": 36707838,
        "teamId": 100,
        "championId": 86
      }
    ],
    "stats": {
      "level": 15,
      "goldEarned": 11164,
      "numDeaths": 6,
      "turretsKilled": 1,
      "minionsKilled": 136,
      "championsKilled": 7,
      "goldSpent": 10378,
      "totalDamageDealt": 76546,
      "totalDamageTaken": 30134,
      "killingSprees": 1,
      "largestKillingSpree": 4,
      "team": 200,
      "win": false,
      "largestMultiKill": 1,
      "physicalDamageDealtPlayer": 65823,
      "magicDamageDealtPlayer": 10039,
      "physicalDamageTaken": 16384,
      "magicDamageTaken": 12789,
      "largestCriticalStrike": 552,
      "timePlayed": 2267,
      "totalHeal": 1348,
      "totalUnitsHealed": 1,
      "assists": 10,
      "item0": 3082,
      "item1": 3153,
      "item2": 3078,
      "item3": 3009,
      "item4": 1011,
      "item6": 3340,
      "magicDamageDealtToChampions": 3927,
      "physicalDamageDealtToChampions": 11949,
      "totalDamageDealtToChampions": 16561,
      "trueDamageDealtPlayer": 684,
      "trueDamageDealtToChampions": 684,
      "trueDamageTaken": 960,
      "wardPlaced": 5,
      "totalTimeCrowdControlDealt": 196
    }
  },
  "34167520": {
    "gameId": 818186261,
    "invalid": false,
    "gameMode": "CLASSIC",
    "gameType": "MATCHED_GAME",
    "subType": "RANKED_SOLO_5x5",
    "mapId": 1,
    "teamId": 100,
    "championId": 89,
    "spell1": 3,
    "spell2": 4,
    "level": 30,
    "ipEarned": 103,
    "createDate": 1398248932161,
    "fellowPlayers": [
      {
        "summonerId": 33967113,
        "teamId": 100,
        "championId": 110
      },
      {
        "summonerId": 20631424,
        "teamId": 200,
        "championId": 24
      },
      {
        "summonerId": 31847672,
        "teamId": 200,
        "championId": 38
      },
      {
        "summonerId": 27132741,
        "teamId": 200,
        "championId": 74
      },
      {
        "summonerId": 26166346,
        "teamId": 200,
        "championId": 121
      },
      {
        "summonerId": 39961519,
        "teamId": 100,
        "championId": 120
      },
      {
        "summonerId": 38473077,
        "teamId": 100,
        "championId": 1
      },
      {
        "summonerId": 30787787,
        "teamId": 200,
        "championId": 22
      },
      {
        "summonerId": 36707838,
        "teamId": 100,
        "championId": 86
      }
    ],
    "stats": {
      "level": 17,
      "goldEarned": 11631,
      "numDeaths": 10,
      "turretsKilled": 1,
      "minionsKilled": 19,
      "championsKilled": 7,
      "goldSpent": 10500,
      "totalDamageDealt": 42068,
      "totalDamageTaken": 24418,
      "killingSprees": 1,
      "largestKillingSpree": 3,
      "team": 100,
      "win": true,
      "neutralMinionsKilled": 4,
      "largestMultiKill": 1,
      "physicalDamageDealtPlayer": 11976,
      "magicDamageDealtPlayer": 30091,
      "physicalDamageTaken": 14715,
      "magicDamageTaken": 8322,
      "timePlayed": 2267,
      "totalHeal": 1845,
      "totalUnitsHealed": 1,
      "assists": 17,
      "item0": 3075,
      "item1": 2003,
      "item2": 3190,
      "item3": 3111,
      "item4": 3068,
      "item5": 3211,
      "item6": 3340,
      "sightWardsBought": 1,
      "magicDamageDealtToChampions": 11155,
      "physicalDamageDealtToChampions": 3251,
      "totalDamageDealtToChampions": 14406,
      "trueDamageTaken": 1380,
      "wardPlaced": 8,
      "neutralMinionsKilledEnemyJungle": 1,
      "neutralMinionsKilledYourJungle": 3,
      "totalTimeCrowdControlDealt": 2270
    }
  },
  "26166346": {
    "gameId": 818186261,
    "invalid": false,
    "gameMode": "CLASSIC",
    "gameType": "MATCHED_GAME",
    "subType": "RANKED_SOLO_5x5",
    "mapId": 1,
    "teamId": 200,
    "championId": 121,
    "spell1": 4,
    "spell2": 11,
    "level": 30,
    "ipEarned": 68,
    "createDate": 1398248932169,
    "fellowPlayers": [
      {
        "summonerId": 33967113,
        "teamId": 100,
        "championId": 110
      },
      {
        "summonerId": 20631424,
        "teamId": 200,
        "championId": 24
      },
      {
        "summonerId": 31847672,
        "teamId": 200,
        "championId": 38
      },
      {
        "summonerId": 27132741,
        "teamId": 200,
        "championId": 74
      },
      {
        "summonerId": 39961519,
        "teamId": 100,
        "championId": 120
      },
      {
        "summonerId": 38473077,
        "teamId": 100,
        "championId": 1
      },
      {
        "summonerId": 30787787,
        "teamId": 200,
        "championId": 22
      },
      {
        "summonerId": 34167520,
        "teamId": 100,
        "championId": 89
      },
      {
        "summonerId": 36707838,
        "teamId": 100,
        "championId": 86
      }
    ],
    "stats": {
      "level": 16,
      "goldEarned": 10344,
      "numDeaths": 13,
      "minionsKilled": 30,
      "championsKilled": 5,
      "goldSpent": 10120,
      "totalDamageDealt": 117804,
      "totalDamageTaken": 35783,
      "team": 200,
      "win": false,
      "neutralMinionsKilled": 62,
      "largestMultiKill": 1,
      "physicalDamageDealtPlayer": 101152,
      "magicDamageDealtPlayer": 1540,
      "physicalDamageTaken": 24092,
      "magicDamageTaken": 9996,
      "timePlayed": 2267,
      "totalHeal": 6687,
      "totalUnitsHealed": 1,
      "assists": 9,
      "item0": 3074,
      "item1": 3071,
      "item2": 3158,
      "item3": 1036,
      "item4": 3209,
      "item6": 3340,
      "magicDamageDealtToChampions": 1055,
      "physicalDamageDealtToChampions": 12906,
      "totalDamageDealtToChampions": 15667,
      "trueDamageDealtPlayer": 15111,
      "trueDamageDealtToChampions": 1706,
      "trueDamageTaken": 1694,
      "wardPlaced": 1,
      "neutralMinionsKilledEnemyJungle": 3,
      "neutralMinionsKilledYourJungle": 59,
      "totalTimeCrowdControlDealt": 462
    }
  }
}