{
  "20537371": {
    "gameId": 818161330,
    "invalid": false,
    "gameMode": "CLASSIC",
    "gameType": "MATCHED_GAME",
    "subType": "NORMAL",
    "mapId": 1,
    "teamId": 100,
    "championId": 51,
    "spell1": 4,
    "spell2": 7,
    "level": 30,
    "ipEarned": 72,
    "createDate": 1398243523556,
    "fellowPlayers": [
      {
        "summonerId": 21820113,
        "teamId": 200,
        "championId": 84
      },
      {
        "summonerId": 33531492,
        "teamId": 200,
        "championId": 58
      },
      {
        "summonerId": 36381240,
        "teamId": 200,
        "championId": 104
      },
      {
        "summonerId": 26531607,
        "teamId": 100,
        "championId": 24
      },
      {
        "summonerId": 25168175,
        "teamId": 200,
        "championId": 77
      },
      {
        "summonerId": 34899071,
        "teamId": 100,
        "championId": 64
      },
      {
        "summonerId": 30101780,
        "teamId": 200,
        "championId": 412
      },
      {
        "summonerId": 27255586,
        "teamId": 100,
        "championId": 115
      },
      {
        "summonerId": 38521997,
        "teamId": 100,
        "championId": 111
      }
    ],
    "stats": {
      "level": 17,
      "goldEarned": 14224,
      "numDeaths": 9,
      "turretsKilled": 1,
      "minionsKilled": 317,
      "championsKilled": 3,
      "goldSpent": 13965,
      "totalDamageDealt": 247782,
      "totalDamageTaken": 24779,
      "team": 100,
      "win": false,
      "neutralMinionsKilled": 5,
      "largestMultiKill": 1,
      "physicalDamageDealtPlayer": 244529,
      "magicDamageDealtPlayer": 2954,
      "physicalDamageTaken": 16512,
      "magicDamageTaken": 7914,
      "largestCriticalStrike": 1338,
      "timePlayed": 2420,
      "totalHeal": 1357,
      "totalUnitsHealed": 1,
      "assists": 1,
      "item0": 3035,
      "item1": 3046,
      "item2": 3072,
      "item3": 3006,
      "item5": 3031,
      "item6": 3340,
      "magicDamageDealtToChampions": 2790,
      "physicalDamageDealtToChampions": 17964,
      "totalDamageDealtToChampions": 20822,
      "trueDamageDealtPlayer": 298,
      "trueDamageDealtToChampions": 68,
      "trueDamageTaken": 352,
      "wardPlaced": 6,
      "neutralMinionsKilledEnemyJungle": 5,
      "totalTimeCrowdControlDealt": 97
    }
  },
  "summonerCount": 10,
  "26531607": {
    "gameId": 818161330,
    "invalid": false,
    "gameMode": "CLASSIC",
    "gameType": "MATCHED_GAME",
    "subType": "NORMAL",
    "mapId": 1,
    "teamId": 100,
    "championId": 24,
    "spell1": 12,
    "spell2": 4,
    "level": 30,
    "ipEarned": 72,
    "createDate": 1398243523557,
    "fellowPlayers": [
      {
        "summonerId": 20537371,
        "teamId": 100,
        "championId": 51
      },
      {
        "summonerId": 21820113,
        "teamId": 200,
        "championId": 84
      },
      {
        "summonerId": 33531492,
        "teamId": 200,
        "championId": 58
      },
      {
        "summonerId": 36381240,
        "teamId": 200,
        "championId": 104
      },
      {
        "summonerId": 25168175,
        "teamId": 200,
        "championId": 77
      },
      {
        "summonerId": 34899071,
        "teamId": 100,
        "championId": 64
      },
      {
        "summonerId": 30101780,
        "teamId": 200,
        "championId": 412
      },
      {
        "summonerId": 27255586,
        "teamId": 100,
        "championId": 115
      },
      {
        "summonerId": 38521997,
        "teamId": 100,
        "championId": 111
      }
    ],
    "stats": {
      "level": 18,
      "goldEarned": 13175,
      "numDeaths": 13,
      "turretsKilled": 2,
      "minionsKilled": 172,
      "championsKilled": 5,
      "goldSpent": 13188,
      "totalDamageDealt": 132787,
      "totalDamageTaken": 44912,
      "killingSprees": 1,
      "largestKillingSpree": 2,
      "team": 100,
      "win": false,
      "neutralMinionsKilled": 15,
      "largestMultiKill": 1,
      "physicalDamageDealtPlayer": 107118,
      "magicDamageDealtPlayer": 25528,
      "physicalDamageTaken": 28769,
      "magicDamageTaken": 13655,
      "largestCriticalStrike": 581,
      "timePlayed": 2420,
      "totalHeal": 1967,
      "totalUnitsHealed": 1,
      "assists": 8,
      "item0": 3153,
      "item1": 3143,
      "item2": 3006,
      "item3": 3078,
      "item4": 3145,
      "item5": 1036,
      "item6": 3340,
      "magicDamageDealtToChampions": 9707,
      "physicalDamageDealtToChampions": 23538,
      "totalDamageDealtToChampions": 33385,
      "trueDamageDealtPlayer": 140,
      "trueDamageDealtToChampions": 140,
      "trueDamageTaken": 2488,
      "wardPlaced": 8,
      "neutralMinionsKilledEnemyJungle": 3,
      "neutralMinionsKilledYourJungle": 12,
      "totalTimeCrowdControlDealt": 388
    }
  },
  "27255586": {
    "gameId": 818161330,
    "invalid": false,
    "gameMode": "CLASSIC",
    "gameType": "MATCHED_GAME",
    "subType": "NORMAL",
    "mapId": 1,
    "teamId": 100,
    "championId": 115,
    "spell1": 14,
    "spell2": 4,
    "level": 30,
    "ipEarned": 72,
    "createDate": 1398243523555,
    "fellowPlayers": [
      {
        "summonerId": 20537371,
        "teamId": 100,
        "championId": 51
      },
      {
        "summonerId": 21820113,
        "teamId": 200,
        "championId": 84
      },
      {
        "summonerId": 33531492,
        "teamId": 200,
        "championId": 58
      },
      {
        "summonerId": 36381240,
        "teamId": 200,
        "championId": 104
      },
      {
        "summonerId": 26531607,
        "teamId": 100,
        "championId": 24
      },
      {
        "summonerId": 25168175,
        "teamId": 200,
        "championId": 77
      },
      {
        "summonerId": 34899071,
        "teamId": 100,
        "championId": 64
      },
      {
        "summonerId": 30101780,
        "teamId": 200,
        "championId": 412
      },
      {
        "summonerId": 38521997,
        "teamId": 100,
        "championId": 111
      }
    ],
    "stats": {
      "level": 17,
      "goldEarned": 13794,
      "numDeaths": 7,
      "turretsKilled": 1,
      "minionsKilled": 269,
      "championsKilled": 5,
      "goldSpent": 13130,
      "totalDamageDealt": 199554,
      "totalDamageTaken": 16865,
      "doubleKills": 1,
      "killingSprees": 1,
      "largestKillingSpree": 2,
      "team": 100,
      "win": false,
      "neutralMinionsKilled": 17,
      "largestMultiKill": 2,
      "physicalDamageDealtPlayer": 16049,
      "magicDamageDealtPlayer": 182233,
      "physicalDamageTaken": 8087,
      "magicDamageTaken": 8084,
      "timePlayed": 2420,
      "assists": 2,
      "item0": 1056,
      "item1": 3157,
      "item2": 3135,
      "item3": 3020,
      "item4": 3089,
      "item5": 3174,
      "item6": 3340,
      "magicDamageDealtToChampions": 34868,
      "physicalDamageDealtToChampions": 1378,
      "totalDamageDealtToChampions": 37518,
      "trueDamageDealtPlayer": 1272,
      "trueDamageDealtToChampions": 1272,
      "trueDamageTaken": 694,
      "wardPlaced": 7,
      "neutralMinionsKilledEnemyJungle": 9,
      "neutralMinionsKilledYourJungle": 8,
      "totalTimeCrowdControlDealt": 585
    }
  },
  "30101780": {
    "gameId": 818161330,
    "invalid": false,
    "gameMode": "CLASSIC",
    "gameType": "MATCHED_GAME",
    "subType": "NORMAL",
    "mapId": 1,
    "teamId": 200,
    "championId": 412,
    "spell1": 7,
    "spell2": 4,
    "level": 30,
    "ipEarned": 110,
    "createDate": 1398243523561,
    "fellowPlayers": [
      {
        "summonerId": 20537371,
        "teamId": 100,
        "championId": 51
      },
      {
        "summonerId": 21820113,
        "teamId": 200,
        "championId": 84
      },
      {
        "summonerId": 33531492,
        "teamId": 200,
        "championId": 58
      },
      {
        "summonerId": 36381240,
        "teamId": 200,
        "championId": 104
      },
      {
        "summonerId": 26531607,
        "teamId": 100,
        "championId": 24
      },
      {
        "summonerId": 25168175,
        "teamId": 200,
        "championId": 77
      },
      {
        "summonerId": 34899071,
        "teamId": 100,
        "championId": 64
      },
      {
        "summonerId": 27255586,
        "teamId": 100,
        "championId": 115
      },
      {
        "summonerId": 38521997,
        "teamId": 100,
        "championId": 111
      }
    ],
    "stats": {
      "level": 18,
      "goldEarned": 13843,
      "numDeaths": 1,
      "turretsKilled": 1,
      "minionsKilled": 97,
      "championsKilled": 6,
      "goldSpent": 13245,
      "totalDamageDealt": 48342,
      "totalDamageTaken": 17608,
      "doubleKills": 1,
      "killingSprees": 2,
      "largestKillingSpree": 4,
      "team": 200,
      "win": true,
      "neutralMinionsKilled": 3,
      "largestMultiKill": 2,
      "physicalDamageDealtPlayer": 18193,
      "magicDamageDealtPlayer": 29883,
      "physicalDamageTaken": 7884,
      "magicDamageTaken": 9678,
      "timePlayed": 2420,
      "totalHeal": 4125,
      "totalUnitsHealed": 2,
      "assists": 14,
      "item0": 1038,
      "item1": 3069,
      "item2": 3143,
      "item3": 2045,
      "item4": 3270,
      "item5": 3083,
      "item6": 3364,
      "magicDamageDealtToChampions": 7728,
      "physicalDamageDealtToChampions": 2591,
      "totalDamageDealtToChampions": 10452,
      "trueDamageDealtPlayer": 266,
      "trueDamageDealtToChampions": 132,
      "trueDamageTaken": 45,
      "wardKilled": 4,
      "wardPlaced": 18,
      "neutralMinionsKilledYourJungle": 3,
      "totalTimeCrowdControlDealt": 240
    }
  },
  "21820113": {
    "gameId": 818161330,
    "invalid": false,
    "gameMode": "CLASSIC",
    "gameType": "MATCHED_GAME",
    "subType": "NORMAL",
    "mapId": 1,
    "teamId": 200,
    "championId": 84,
    "spell1": 4,
    "spell2": 14,
    "level": 30,
    "ipEarned": 110,
    "createDate": 1398243523562,
    "fellowPlayers": [
      {
        "summonerId": 20537371,
        "teamId": 100,
        "championId": 51
      },
      {
        "summonerId": 33531492,
        "teamId": 200,
        "championId": 58
      },
      {
        "summonerId": 36381240,
        "teamId": 200,
        "championId": 104
      },
      {
        "summonerId": 26531607,
        "teamId": 100,
        "championId": 24
      },
      {
        "summonerId": 25168175,
        "teamId": 200,
        "championId": 77
      },
      {
        "summonerId": 34899071,
        "teamId": 100,
        "championId": 64
      },
      {
        "summonerId": 30101780,
        "teamId": 200,
        "championId": 412
      },
      {
        "summonerId": 27255586,
        "teamId": 100,
        "championId": 115
      },
      {
        "summonerId": 38521997,
        "teamId": 100,
        "championId": 111
      }
    ],
    "stats": {
      "level": 18,
      "goldEarned": 14180,
      "numDeaths": 6,
      "minionsKilled": 136,
      "championsKilled": 14,
      "goldSpent": 13765,
      "totalDamageDealt": 106265,
      "totalDamageTaken": 35605,
      "doubleKills": 1,
      "killingSprees": 5,
      "largestKillingSpree": 4,
      "team": 200,
      "win": true,
      "neutralMinionsKilled": 13,
      "largestMultiKill": 2,
      "physicalDamageDealtPlayer": 51797,
      "magicDamageDealtPlayer": 52867,
      "physicalDamageTaken": 20369,
      "magicDamageTaken": 14136,
      "timePlayed": 2420,
      "totalHeal": 120,
      "totalUnitsHealed": 1,
      "assists": 7,
      "item0": 3146,
      "item1": 3157,
      "item2": 3255,
      "item3": 1058,
      "item4": 3116,
      "item6": 3341,
      "sightWardsBought": 4,
      "visionWardsBought": 1,
      "magicDamageDealtToChampions": 19924,
      "physicalDamageDealtToChampions": 6142,
      "totalDamageDealtToChampions": 27335,
      "trueDamageDealtPlayer": 1600,
      "trueDamageDealtToChampions": 1268,
      "trueDamageTaken": 1099,
      "wardKilled": 4,
      "wardPlaced": 11,
      "neutralMinionsKilledEnemyJungle": 4,
      "neutralMinionsKilledYourJungle": 9,
      "totalTimeCrowdControlDealt": 821
    }
  },
  "25168175": {
    "gameId": 818161330,
    "invalid": false,
    "gameMode": "CLASSIC",
    "gameType": "MATCHED_GAME",
    "subType": "NORMAL",
    "mapId": 1,
    "teamId": 200,
    "championId": 77,
    "spell1": 6,
    "spell2": 11,
    "level": 30,
    "ipEarned": 110,
    "createDate": 1398243523558,
    "fellowPlayers": [
      {
        "summonerId": 20537371,
        "teamId": 100,
        "championId": 51
      },
      {
        "summonerId": 21820113,
        "teamId": 200,
        "championId": 84
      },
      {
        "summonerId": 33531492,
        "teamId": 200,
        "championId": 58
      },
      {
        "summonerId": 36381240,
        "teamId": 200,
        "championId": 104
      },
      {
        "summonerId": 26531607,
        "teamId": 100,
        "championId": 24
      },
      {
        "summonerId": 34899071,
        "teamId": 100,
        "championId": 64
      },
      {
        "summonerId": 30101780,
        "teamId": 200,
        "championId": 412
      },
      {
        "summonerId": 27255586,
        "teamId": 100,
        "championId": 115
      },
      {
        "summonerId": 38521997,
        "teamId": 100,
        "championId": 111
      }
    ],
    "stats": {
      "level": 18,
      "goldEarned": 16458,
      "numDeaths": 5,
      "turretsKilled": 1,
      "minionsKilled": 127,
      "championsKilled": 5,
      "goldSpent": 16323,
      "totalDamageDealt": 258627,
      "totalDamageTaken": 38901,
      "doubleKills": 1,
      "killingSprees": 2,
      "largestKillingSpree": 3,
      "team": 200,
      "win": true,
      "neutralMinionsKilled": 123,
      "largestMultiKill": 2,
      "physicalDamageDealtPlayer": 73908,
      "magicDamageDealtPlayer": 163371,
      "physicalDamageTaken": 26346,
      "magicDamageTaken": 12021,
      "timePlayed": 2420,
      "totalHeal": 10121,
      "totalUnitsHealed": 1,
      "assists": 17,
      "item0": 3143,
      "item1": 3160,
      "item2": 3068,
      "item3": 3091,
      "item4": 3269,
      "item5": 3078,
      "item6": 3341,
      "sightWardsBought": 1,
      "magicDamageDealtToChampions": 10375,
      "physicalDamageDealtToChampions": 10459,
      "totalDamageDealtToChampions": 21755,
      "trueDamageDealtPlayer": 21346,
      "trueDamageDealtToChampions": 920,
      "trueDamageTaken": 533,
      "wardKilled": 7,
      "wardPlaced": 9,
      "neutralMinionsKilledEnemyJungle": 17,
      "neutralMinionsKilledYourJungle": 106,
      "totalTimeCrowdControlDealt": 987
    }
  },
  "33531492": {
    "gameId": 818161330,
    "invalid": false,
    "gameMode": "CLASSIC",
    "gameType": "MATCHED_GAME",
    "subType": "NORMAL",
    "mapId": 1,
    "teamId": 200,
    "championId": 58,
    "spell1": 4,
    "spell2": 14,
    "level": 30,
    "ipEarned": 110,
    "createDate": 1398243523559,
    "fellowPlayers": [
      {
        "summonerId": 20537371,
        "teamId": 100,
        "championId": 51
      },
      {
        "summonerId": 21820113,
        "teamId": 200,
        "championId": 84
      },
      {
        "summonerId": 36381240,
        "teamId": 200,
        "championId": 104
      },
      {
        "summonerId": 26531607,
        "teamId": 100,
        "championId": 24
      },
      {
        "summonerId": 25168175,
        "teamId": 200,
        "championId": 77
      },
      {
        "summonerId": 34899071,
        "teamId": 100,
        "championId": 64
      },
      {
        "summonerId": 30101780,
        "teamId": 200,
        "championId": 412
      },
      {
        "summonerId": 27255586,
        "teamId": 100,
        "championId": 115
      },
      {
        "summonerId": 38521997,
        "teamId": 100,
        "championId": 111
      }
    ],
    "stats": {
      "level": 18,
      "goldEarned": 15609,
      "numDeaths": 6,
      "turretsKilled": 2,
      "minionsKilled": 244,
      "championsKilled": 9,
      "goldSpent": 15032,
      "totalDamageDealt": 178374,
      "totalDamageTaken": 43209,
      "doubleKills": 1,
      "killingSprees": 3,
      "largestKillingSpree": 4,
      "team": 200,
      "win": true,
      "neutralMinionsKilled": 11,
      "largestMultiKill": 2,
      "physicalDamageDealtPlayer": 156946,
      "magicDamageDealtPlayer": 19405,
      "physicalDamageTaken": 27100,
      "magicDamageTaken": 15790,
      "timePlayed": 2420,
      "totalHeal": 8934,
      "totalUnitsHealed": 1,
      "assists": 12,
      "item0": 3068,
      "item1": 3074,
      "item2": 3260,
      "item3": 3134,
      "item4": 3065,
      "item5": 3068,
      "item6": 3340,
      "sightWardsBought": 2,
      "magicDamageDealtToChampions": 3862,
      "physicalDamageDealtToChampions": 22484,
      "totalDamageDealtToChampions": 28368,
      "trueDamageDealtPlayer": 2022,
      "trueDamageDealtToChampions": 2022,
      "trueDamageTaken": 319,
      "wardKilled": 1,
      "wardPlaced": 8,
      "neutralMinionsKilledEnemyJungle": 1,
      "neutralMinionsKilledYourJungle": 10,
      "totalTimeCrowdControlDealt": 75
    }
  },
  "34899071": {
    "gameId": 818161330,
    "invalid": false,
    "gameMode": "CLASSIC",
    "gameType": "MATCHED_GAME",
    "subType": "NORMAL",
    "mapId": 1,
    "teamId": 100,
    "championId": 64,
    "spell1": 4,
    "spell2": 11,
    "level": 30,
    "ipEarned": 72,
    "createDate": 1398243523553,
    "fellowPlayers": [
      {
        "summonerId": 20537371,
        "teamId": 100,
        "championId": 51
      },
      {
        "summonerId": 21820113,
        "teamId": 200,
        "championId": 84
      },
      {
        "summonerId": 33531492,
        "teamId": 200,
        "championId": 58
      },
      {
        "summonerId": 36381240,
        "teamId": 200,
        "championId": 104
      },
      {
        "summonerId": 26531607,
        "teamId": 100,
        "championId": 24
      },
      {
        "summonerId": 25168175,
        "teamId": 200,
        "championId": 77
      },
      {
        "summonerId": 30101780,
        "teamId": 200,
        "championId": 412
      },
      {
        "summonerId": 27255586,
        "teamId": 100,
        "championId": 115
      },
      {
        "summonerId": 38521997,
        "teamId": 100,
        "championId": 111
      }
    ],
    "stats": {
      "level": 16,
      "goldEarned": 11165,
      "numDeaths": 7,
      "minionsKilled": 22,
      "championsKilled": 4,
      "goldSpent": 10013,
      "totalDamageDealt": 133015,
      "totalDamageTaken": 36710,
      "killingSprees": 1,
      "largestKillingSpree": 2,
      "team": 100,
      "win": false,
      "neutralMinionsKilled": 85,
      "largestMultiKill": 1,
      "physicalDamageDealtPlayer": 97840,
      "magicDamageDealtPlayer": 19784,
      "physicalDamageTaken": 28296,
      "magicDamageTaken": 7422,
      "largestCriticalStrike": 414,
      "timePlayed": 2420,
      "totalHeal": 4493,
      "totalUnitsHealed": 1,
      "assists": 5,
      "item3": 3078,
      "item4": 3207,
      "item5": 3265,
      "item6": 3340,
      "sightWardsBought": 14,
      "visionWardsBought": 1,
      "magicDamageDealtToChampions": 2058,
      "physicalDamageDealtToChampions": 11767,
      "totalDamageDealtToChampions": 14251,
      "trueDamageDealtPlayer": 15390,
      "trueDamageDealtToChampions": 426,
      "trueDamageTaken": 991,
      "wardPlaced": 26,
      "neutralMinionsKilledEnemyJungle": 11,
      "neutralMinionsKilledYourJungle": 74,
      "totalTimeCrowdControlDealt": 897
    }
  },
  "38521997": {
    "gameId": 818161330,
    "invalid": false,
    "gameMode": "CLASSIC",
    "gameType": "MATCHED_GAME",
    "subType": "NORMAL",
    "mapId": 1,
    "teamId": 100,
    "championId": 111,
    "spell1": 4,
    "spell2": 3,
    "level": 30,
    "ipEarned": 72,
    "createDate": 1398243523554,
    "fellowPlayers": [
      {
        "summonerId": 20537371,
        "teamId": 100,
        "championId": 51
      },
      {
        "summonerId": 21820113,
        "teamId": 200,
        "championId": 84
      },
      {
        "summonerId": 33531492,
        "teamId": 200,
        "championId": 58
      },
      {
        "summonerId": 36381240,
        "teamId": 200,
        "championId": 104
      },
      {
        "summonerId": 26531607,
        "teamId": 100,
        "championId": 24
      },
      {
        "summonerId": 25168175,
        "teamId": 200,
        "championId": 77
      },
      {
        "summonerId": 34899071,
        "teamId": 100,
        "championId": 64
      },
      {
        "summonerId": 30101780,
        "teamId": 200,
        "championId": 412
      },
      {
        "summonerId": 27255586,
        "teamId": 100,
        "championId": 115
      }
    ],
    "stats": {
      "level": 13,
      "goldEarned": 8828,
      "numDeaths": 3,
      "turretsKilled": 1,
      "minionsKilled": 25,
      "championsKilled": 2,
      "goldSpent": 7690,
      "totalDamageDealt": 24340,
      "totalDamageTaken": 14501,
      "team": 100,
      "win": false,
      "largestMultiKill": 1,
      "physicalDamageDealtPlayer": 6433,
      "magicDamageDealtPlayer": 17873,
      "physicalDamageTaken": 8504,
      "magicDamageTaken": 5224,
      "timePlayed": 2420,
      "totalHeal": 1164,
      "totalUnitsHealed": 2,
      "assists": 5,
      "item0": 2045,
      "item1": 3222,
      "item2": 3143,
      "item3": 3117,
      "item6": 3362,
      "sightWardsBought": 1,
      "magicDamageDealtToChampions": 5941,
      "physicalDamageDealtToChampions": 1223,
      "totalDamageDealtToChampions": 7199,
      "trueDamageDealtPlayer": 34,
      "trueDamageDealtToChampions": 34,
      "trueDamageTaken": 772,
      "wardKilled": 1,
      "wardPlaced": 34,
      "totalTimeCrowdControlDealt": 371
    }
  },
  "20537371": {
    "gameId": 818161330,
    "invalid": false,
    "gameMode": "CLASSIC",
    "gameType": "MATCHED_GAME",
    "subType": "NORMAL",
    "mapId": 1,
    "teamId": 100,
    "championId": 51,
    "spell1": 4,
    "spell2": 7,
    "level": 30,
    "ipEarned": 72,
    "createDate": 1398243523556,
    "fellowPlayers": [
      {
        "summonerId": 21820113,
        "teamId": 200,
        "championId": 84
      },
      {
        "summonerId": 33531492,
        "teamId": 200,
        "championId": 58
      },
      {
        "summonerId": 36381240,
        "teamId": 200,
        "championId": 104
      },
      {
        "summonerId": 26531607,
        "teamId": 100,
        "championId": 24
      },
      {
        "summonerId": 25168175,
        "teamId": 200,
        "championId": 77
      },
      {
        "summonerId": 34899071,
        "teamId": 100,
        "championId": 64
      },
      {
        "summonerId": 30101780,
        "teamId": 200,
        "championId": 412
      },
      {
        "summonerId": 27255586,
        "teamId": 100,
        "championId": 115
      },
      {
        "summonerId": 38521997,
        "teamId": 100,
        "championId": 111
      }
    ],
    "stats": {
      "level": 17,
      "goldEarned": 14224,
      "numDeaths": 9,
      "turretsKilled": 1,
      "minionsKilled": 317,
      "championsKilled": 3,
      "goldSpent": 13965,
      "totalDamageDealt": 247782,
      "totalDamageTaken": 24779,
      "team": 100,
      "win": false,
      "neutralMinionsKilled": 5,
      "largestMultiKill": 1,
      "physicalDamageDealtPlayer": 244529,
      "magicDamageDealtPlayer": 2954,
      "physicalDamageTaken": 16512,
      "magicDamageTaken": 7914,
      "largestCriticalStrike": 1338,
      "timePlayed": 2420,
      "totalHeal": 1357,
      "totalUnitsHealed": 1,
      "assists": 1,
      "item0": 3035,
      "item1": 3046,
      "item2": 3072,
      "item3": 3006,
      "item5": 3031,
      "item6": 3340,
      "magicDamageDealtToChampions": 2790,
      "physicalDamageDealtToChampions": 17964,
      "totalDamageDealtToChampions": 20822,
      "trueDamageDealtPlayer": 298,
      "trueDamageDealtToChampions": 68,
      "trueDamageTaken": 352,
      "wardPlaced": 6,
      "neutralMinionsKilledEnemyJungle": 5,
      "totalTimeCrowdControlDealt": 97
    }
  }
}