{
  "25929107": {
    "gameId": 818161484,
    "invalid": false,
    "gameMode": "CLASSIC",
    "gameType": "MATCHED_GAME",
    "subType": "NORMAL",
    "mapId": 1,
    "teamId": 200,
    "championId": 39,
    "spell1": 4,
    "spell2": 14,
    "level": 30,
    "ipEarned": 94,
    "createDate": 1398243157872,
    "fellowPlayers": [
      {
        "summonerId": 29883593,
        "teamId": 200,
        "championId": 7
      },
      {
        "summonerId": 40026531,
        "teamId": 100,
        "championId": 64
      },
      {
        "summonerId": 27018864,
        "teamId": 200,
        "championId": 133
      },
      {
        "summonerId": 39375278,
        "teamId": 100,
        "championId": 238
      },
      {
        "summonerId": 32488206,
        "teamId": 100,
        "championId": 110
      },
      {
        "summonerId": 29783896,
        "teamId": 200,
        "championId": 121
      },
      {
        "summonerId": 40323911,
        "teamId": 100,
        "championId": 11
      },
      {
        "summonerId": 34747070,
        "teamId": 100,
        "championId": 7
      },
      {
        "summonerId": 35323955,
        "teamId": 200,
        "championId": 40
      }
    ],
    "stats": {
      "level": 17,
      "goldEarned": 9821,
      "numDeaths": 8,
      "turretsKilled": 1,
      "minionsKilled": 109,
      "championsKilled": 2,
      "goldSpent": 9715,
      "totalDamageDealt": 72102,
      "totalDamageTaken": 31946,
      "team": 200,
      "win": true,
      "largestMultiKill": 1,
      "physicalDamageDealtPlayer": 65475,
      "magicDamageDealtPlayer": 2392,
      "physicalDamageTaken": 27718,
      "magicDamageTaken": 3092,
      "timePlayed": 2020,
      "totalHeal": 8128,
      "totalUnitsHealed": 1,
      "assists": 15,
      "item0": 3153,
      "item1": 3143,
      "item2": 3111,
      "item3": 1055,
      "item4": 1055,
      "item5": 1057,
      "item6": 3340,
      "magicDamageDealtToChampions": 1962,
      "physicalDamageDealtToChampions": 11789,
      "totalDamageDealtToChampions": 16066,
      "trueDamageDealtPlayer": 4235,
      "trueDamageDealtToChampions": 2315,
      "trueDamageTaken": 1136,
      "wardPlaced": 9,
      "totalTimeCrowdControlDealt": 261
    }
  },
  "summonerCount": 10,
  "40026531": {
    "gameId": 818161484,
    "invalid": false,
    "gameMode": "CLASSIC",
    "gameType": "MATCHED_GAME",
    "subType": "NORMAL",
    "mapId": 1,
    "teamId": 100,
    "championId": 64,
    "spell1": 12,
    "spell2": 4,
    "level": 30,
    "ipEarned": 62,
    "createDate": 1398243157866,
    "fellowPlayers": [
      {
        "summonerId": 29883593,
        "teamId": 200,
        "championId": 7
      },
      {
        "summonerId": 25929107,
        "teamId": 200,
        "championId": 39
      },
      {
        "summonerId": 27018864,
        "teamId": 200,
        "championId": 133
      },
      {
        "summonerId": 39375278,
        "teamId": 100,
        "championId": 238
      },
      {
        "summonerId": 32488206,
        "teamId": 100,
        "championId": 110
      },
      {
        "summonerId": 29783896,
        "teamId": 200,
        "championId": 121
      },
      {
        "summonerId": 40323911,
        "teamId": 100,
        "championId": 11
      },
      {
        "summonerId": 34747070,
        "teamId": 100,
        "championId": 7
      },
      {
        "summonerId": 35323955,
        "teamId": 200,
        "championId": 40
      }
    ],
    "stats": {
      "level": 14,
      "goldEarned": 9277,
      "numDeaths": 10,
      "turretsKilled": 1,
      "minionsKilled": 77,
      "championsKilled": 4,
      "goldSpent": 9125,
      "totalDamageDealt": 60261,
      "totalDamageTaken": 28638,
      "killingSprees": 1,
      "largestKillingSpree": 2,
      "team": 100,
      "win": false,
      "largestMultiKill": 1,
      "physicalDamageDealtPlayer": 35718,
      "magicDamageDealtPlayer": 24542,
      "physicalDamageTaken": 22036,
      "magicDamageTaken": 5082,
      "largestCriticalStrike": 438,
      "timePlayed": 2020,
      "totalHeal": 269,
      "totalUnitsHealed": 1,
      "assists": 9,
      "item0": 1054,
      "item1": 3111,
      "item2": 3071,
      "item3": 3074,
      "item4": 2003,
      "item5": 1053,
      "item6": 3340,
      "magicDamageDealtToChampions": 4473,
      "physicalDamageDealtToChampions": 12163,
      "totalDamageDealtToChampions": 16637,
      "trueDamageTaken": 1520,
      "wardKilled": 1,
      "wardPlaced": 8,
      "totalTimeCrowdControlDealt": 225
    }
  },
  "29883593": {
    "gameId": 818161484,
    "invalid": false,
    "gameMode": "CLASSIC",
    "gameType": "MATCHED_GAME",
    "subType": "NORMAL",
    "mapId": 1,
    "teamId": 200,
    "championId": 7,
    "spell1": 4,
    "spell2": 14,
    "level": 30,
    "ipEarned": 244,
    "createDate": 1398243157868,
    "fellowPlayers": [
      {
        "summonerId": 40026531,
        "teamId": 100,
        "championId": 64
      },
      {
        "summonerId": 25929107,
        "teamId": 200,
        "championId": 39
      },
      {
        "summonerId": 27018864,
        "teamId": 200,
        "championId": 133
      },
      {
        "summonerId": 39375278,
        "teamId": 100,
        "championId": 238
      },
      {
        "summonerId": 32488206,
        "teamId": 100,
        "championId": 110
      },
      {
        "summonerId": 29783896,
        "teamId": 200,
        "championId": 121
      },
      {
        "summonerId": 40323911,
        "teamId": 100,
        "championId": 11
      },
      {
        "summonerId": 34747070,
        "teamId": 100,
        "championId": 7
      },
      {
        "summonerId": 35323955,
        "teamId": 200,
        "championId": 40
      }
    ],
    "stats": {
      "level": 16,
      "goldEarned": 10630,
      "numDeaths": 7,
      "turretsKilled": 1,
      "minionsKilled": 127,
      "championsKilled": 8,
      "goldSpent": 10505,
      "totalDamageDealt": 87512,
      "totalDamageTaken": 19705,
      "doubleKills": 1,
      "killingSprees": 3,
      "largestKillingSpree": 3,
      "team": 200,
      "win": true,
      "neutralMinionsKilled": 2,
      "largestMultiKill": 2,
      "physicalDamageDealtPlayer": 24483,
      "magicDamageDealtPlayer": 61402,
      "physicalDamageTaken": 15281,
      "magicDamageTaken": 4219,
      "timePlayed": 2020,
      "assists": 6,
      "item0": 3128,
      "item1": 3020,
      "item2": 3151,
      "item3": 1056,
      "item4": 3191,
      "item5": 1058,
      "item6": 3340,
      "magicDamageDealtToChampions": 21491,
      "physicalDamageDealtToChampions": 2531,
      "totalDamageDealtToChampions": 25352,
      "trueDamageDealtPlayer": 1626,
      "trueDamageDealtToChampions": 1330,
      "trueDamageTaken": 204,
      "wardPlaced": 6,
      "neutralMinionsKilledYourJungle": 2,
      "totalTimeCrowdControlDealt": 168
    }
  },
  "35323955": {
    "gameId": 818161484,
    "invalid": false,
    "gameMode": "CLASSIC",
    "gameType": "MATCHED_GAME",
    "subType": "NORMAL",
    "mapId": 1,
    "teamId": 200,
    "championId": 40,
    "spell1": 12,
    "spell2": 3,
    "level": 23,
    "ipEarned": 94,
    "createDate": 1398243157871,
    "fellowPlayers": [
      {
        "summonerId": 29883593,
        "teamId": 200,
        "championId": 7
      },
      {
        "summonerId": 40026531,
        "teamId": 100,
        "championId": 64
      },
      {
        "summonerId": 25929107,
        "teamId": 200,
        "championId": 39
      },
      {
        "summonerId": 27018864,
        "teamId": 200,
        "championId": 133
      },
      {
        "summonerId": 39375278,
        "teamId": 100,
        "championId": 238
      },
      {
        "summonerId": 32488206,
        "teamId": 100,
        "championId": 110
      },
      {
        "summonerId": 29783896,
        "teamId": 200,
        "championId": 121
      },
      {
        "summonerId": 40323911,
        "teamId": 100,
        "championId": 11
      },
      {
        "summonerId": 34747070,
        "teamId": 100,
        "championId": 7
      }
    ],
    "stats": {
      "level": 14,
      "goldEarned": 8165,
      "numDeaths": 4,
      "minionsKilled": 13,
      "championsKilled": 1,
      "goldSpent": 7890,
      "totalDamageDealt": 17255,
      "totalDamageTaken": 14871,
      "team": 200,
      "win": true,
      "largestMultiKill": 1,
      "physicalDamageDealtPlayer": 5762,
      "magicDamageDealtPlayer": 11492,
      "physicalDamageTaken": 12428,
      "magicDamageTaken": 1822,
      "largestCriticalStrike": 120,
      "timePlayed": 2020,
      "totalHeal": 3862,
      "totalUnitsHealed": 9,
      "assists": 11,
      "item0": 3069,
      "item1": 3023,
      "item2": 2045,
      "item3": 3067,
      "item4": 1006,
      "item5": 1028,
      "item6": 3342,
      "sightWardsBought": 3,
      "magicDamageDealtToChampions": 4557,
      "physicalDamageDealtToChampions": 692,
      "totalDamageDealtToChampions": 5249,
      "trueDamageTaken": 620,
      "wardPlaced": 13,
      "totalTimeCrowdControlDealt": 145
    }
  },
  "34747070": {
    "gameId": 818161484,
    "invalid": false,
    "gameMode": "CLASSIC",
    "gameType": "MATCHED_GAME",
    "subType": "NORMAL",
    "mapId": 1,
    "teamId": 100,
    "championId": 7,
    "spell1": 4,
    "spell2": 14,
    "level": 30,
    "ipEarned": 62,
    "createDate": 1398243157864,
    "fellowPlayers": [
      {
        "summonerId": 29883593,
        "teamId": 200,
        "championId": 7
      },
      {
        "summonerId": 40026531,
        "teamId": 100,
        "championId": 64
      },
      {
        "summonerId": 25929107,
        "teamId": 200,
        "championId": 39
      },
      {
        "summonerId": 27018864,
        "teamId": 200,
        "championId": 133
      },
      {
        "summonerId": 39375278,
        "teamId": 100,
        "championId": 238
      },
      {
        "summonerId": 32488206,
        "teamId": 100,
        "championId": 110
      },
      {
        "summonerId": 29783896,
        "teamId": 200,
        "championId": 121
      },
      {
        "summonerId": 40323911,
        "teamId": 100,
        "championId": 11
      },
      {
        "summonerId": 35323955,
        "teamId": 200,
        "championId": 40
      }
    ],
    "stats": {
      "level": 14,
      "goldEarned": 8203,
      "numDeaths": 9,
      "minionsKilled": 83,
      "championsKilled": 4,
      "goldSpent": 8010,
      "totalDamageDealt": 44178,
      "totalDamageTaken": 27177,
      "team": 100,
      "win": false,
      "neutralMinionsKilled": 3,
      "largestMultiKill": 1,
      "physicalDamageDealtPlayer": 17494,
      "magicDamageDealtPlayer": 26133,
      "physicalDamageTaken": 13174,
      "magicDamageTaken": 12421,
      "timePlayed": 2020,
      "assists": 3,
      "item0": 1056,
      "item1": 3116,
      "item2": 3157,
      "item3": 3020,
      "item6": 3340,
      "magicDamageDealtToChampions": 7155,
      "physicalDamageDealtToChampions": 2109,
      "totalDamageDealtToChampions": 9638,
      "trueDamageDealtPlayer": 550,
      "trueDamageDealtToChampions": 374,
      "trueDamageTaken": 1581,
      "wardPlaced": 7,
      "neutralMinionsKilledYourJungle": 3,
      "totalTimeCrowdControlDealt": 186
    }
  },
  "29783896": {
    "gameId": 818161484,
    "invalid": false,
    "gameMode": "CLASSIC",
    "gameType": "MATCHED_GAME",
    "subType": "NORMAL",
    "mapId": 1,
    "teamId": 200,
    "championId": 121,
    "spell1": 4,
    "spell2": 11,
    "level": 30,
    "ipEarned": 94,
    "createDate": 1398243157869,
    "fellowPlayers": [
      {
        "summonerId": 29883593,
        "teamId": 200,
        "championId": 7
      },
      {
        "summonerId": 40026531,
        "teamId": 100,
        "championId": 64
      },
      {
        "summonerId": 25929107,
        "teamId": 200,
        "championId": 39
      },
      {
        "summonerId": 27018864,
        "teamId": 200,
        "championId": 133
      },
      {
        "summonerId": 39375278,
        "teamId": 100,
        "championId": 238
      },
      {
        "summonerId": 32488206,
        "teamId": 100,
        "championId": 110
      },
      {
        "summonerId": 40323911,
        "teamId": 100,
        "championId": 11
      },
      {
        "summonerId": 34747070,
        "teamId": 100,
        "championId": 7
      },
      {
        "summonerId": 35323955,
        "teamId": 200,
        "championId": 40
      }
    ],
    "stats": {
      "level": 17,
      "goldEarned": 14131,
      "numDeaths": 5,
      "barracksKilled": 1,
      "turretsKilled": 1,
      "minionsKilled": 43,
      "championsKilled": 18,
      "goldSpent": 12800,
      "totalDamageDealt": 127764,
      "totalDamageTaken": 29584,
      "doubleKills": 2,
      "tripleKills": 1,
      "killingSprees": 4,
      "largestKillingSpree": 6,
      "team": 200,
      "win": true,
      "neutralMinionsKilled": 61,
      "largestMultiKill": 3,
      "physicalDamageDealtPlayer": 107613,
      "magicDamageDealtPlayer": 4593,
      "physicalDamageTaken": 25109,
      "magicDamageTaken": 3577,
      "timePlayed": 2020,
      "totalHeal": 8878,
      "totalUnitsHealed": 1,
      "assists": 7,
      "item0": 3209,
      "item1": 3074,
      "item2": 3071,
      "item3": 3117,
      "item4": 3068,
      "item5": 1037,
      "item6": 3340,
      "magicDamageDealtToChampions": 1462,
      "physicalDamageDealtToChampions": 21985,
      "totalDamageDealtToChampions": 25060,
      "trueDamageDealtPlayer": 15556,
      "trueDamageDealtToChampions": 1613,
      "trueDamageTaken": 898,
      "wardPlaced": 6,
      "neutralMinionsKilledEnemyJungle": 11,
      "neutralMinionsKilledYourJungle": 50,
      "totalTimeCrowdControlDealt": 504
    }
  },
  "27018864": {
    "gameId": 818161484,
    "invalid": false,
    "gameMode": "CLASSIC",
    "gameType": "MATCHED_GAME",
    "subType": "NORMAL",
    "mapId": 1,
    "teamId": 200,
    "championId": 133,
    "spell1": 4,
    "spell2": 7,
    "level": 30,
    "ipEarned": 94,
    "createDate": 1398243157870,
    "fellowPlayers": [
      {
        "summonerId": 29883593,
        "teamId": 200,
        "championId": 7
      },
      {
        "summonerId": 40026531,
        "teamId": 100,
        "championId": 64
      },
      {
        "summonerId": 25929107,
        "teamId": 200,
        "championId": 39
      },
      {
        "summonerId": 39375278,
        "teamId": 100,
        "championId": 238
      },
      {
        "summonerId": 32488206,
        "teamId": 100,
        "championId": 110
      },
      {
        "summonerId": 29783896,
        "teamId": 200,
        "championId": 121
      },
      {
        "summonerId": 40323911,
        "teamId": 100,
        "championId": 11
      },
      {
        "summonerId": 34747070,
        "teamId": 100,
        "championId": 7
      },
      {
        "summonerId": 35323955,
        "teamId": 200,
        "championId": 40
      }
    ],
    "stats": {
      "level": 17,
      "goldEarned": 15332,
      "numDeaths": 6,
      "barracksKilled": 1,
      "turretsKilled": 2,
      "minionsKilled": 203,
      "championsKilled": 15,
      "goldSpent": 13780,
      "totalDamageDealt": 166492,
      "totalDamageTaken": 29187,
      "doubleKills": 3,
      "killingSprees": 6,
      "largestKillingSpree": 3,
      "team": 200,
      "win": true,
      "neutralMinionsKilled": 8,
      "largestMultiKill": 2,
      "physicalDamageDealtPlayer": 140027,
      "magicDamageDealtPlayer": 25281,
      "physicalDamageTaken": 23550,
      "magicDamageTaken": 4644,
      "largestCriticalStrike": 1032,
      "timePlayed": 2020,
      "totalHeal": 4208,
      "totalUnitsHealed": 5,
      "assists": 12,
      "item0": 1055,
      "item1": 3072,
      "item2": 3087,
      "item3": 3006,
      "item4": 3031,
      "item5": 3046,
      "item6": 3340,
      "magicDamageDealtToChampions": 6132,
      "physicalDamageDealtToChampions": 45350,
      "totalDamageDealtToChampions": 52625,
      "trueDamageDealtPlayer": 1184,
      "trueDamageDealtToChampions": 1142,
      "trueDamageTaken": 992,
      "wardPlaced": 3,
      "neutralMinionsKilledEnemyJungle": 4,
      "neutralMinionsKilledYourJungle": 4,
      "totalTimeCrowdControlDealt": 351
    }
  },
  "32488206": {
    "gameId": 818161484,
    "invalid": false,
    "gameMode": "CLASSIC",
    "gameType": "MATCHED_GAME",
    "subType": "NORMAL",
    "mapId": 1,
    "teamId": 100,
    "championId": 110,
    "spell1": 4,
    "spell2": 21,
    "level": 30,
    "ipEarned": 62,
    "createDate": 1398243157862,
    "fellowPlayers": [
      {
        "summonerId": 29883593,
        "teamId": 200,
        "championId": 7
      },
      {
        "summonerId": 40026531,
        "teamId": 100,
        "championId": 64
      },
      {
        "summonerId": 25929107,
        "teamId": 200,
        "championId": 39
      },
      {
        "summonerId": 27018864,
        "teamId": 200,
        "championId": 133
      },
      {
        "summonerId": 39375278,
        "teamId": 100,
        "championId": 238
      },
      {
        "summonerId": 29783896,
        "teamId": 200,
        "championId": 121
      },
      {
        "summonerId": 40323911,
        "teamId": 100,
        "championId": 11
      },
      {
        "summonerId": 34747070,
        "teamId": 100,
        "championId": 7
      },
      {
        "summonerId": 35323955,
        "teamId": 200,
        "championId": 40
      }
    ],
    "stats": {
      "level": 15,
      "goldEarned": 10398,
      "numDeaths": 8,
      "minionsKilled": 90,
      "championsKilled": 8,
      "goldSpent": 9725,
      "totalDamageDealt": 80930,
      "totalDamageTaken": 24880,
      "killingSprees": 3,
      "largestKillingSpree": 2,
      "team": 100,
      "win": false,
      "largestMultiKill": 1,
      "physicalDamageDealtPlayer": 68933,
      "magicDamageDealtPlayer": 11449,
      "physicalDamageTaken": 16479,
      "magicDamageTaken": 8002,
      "largestCriticalStrike": 399,
      "timePlayed": 2020,
      "totalHeal": 825,
      "totalUnitsHealed": 1,
      "assists": 9,
      "item0": 1055,
      "item1": 3072,
      "item2": 3006,
      "item3": 3035,
      "item4": 3087,
      "item6": 3340,
      "magicDamageDealtToChampions": 4272,
      "physicalDamageDealtToChampions": 24042,
      "totalDamageDealtToChampions": 28786,
      "trueDamageDealtPlayer": 548,
      "trueDamageDealtToChampions": 472,
      "trueDamageTaken": 398,
      "wardKilled": 1,
      "wardPlaced": 8,
      "totalTimeCrowdControlDealt": 357
    }
  },
  "40323911": {
    "gameId": 818161484,
    "invalid": false,
    "gameMode": "CLASSIC",
    "gameType": "MATCHED_GAME",
    "subType": "NORMAL",
    "mapId": 1,
    "teamId": 100,
    "championId": 11,
    "spell1": 4,
    "spell2": 11,
    "level": 30,
    "ipEarned": 62,
    "createDate": 1398243157867,
    "fellowPlayers": [
      {
        "summonerId": 29883593,
        "teamId": 200,
        "championId": 7
      },
      {
        "summonerId": 40026531,
        "teamId": 100,
        "championId": 64
      },
      {
        "summonerId": 25929107,
        "teamId": 200,
        "championId": 39
      },
      {
        "summonerId": 27018864,
        "teamId": 200,
        "championId": 133
      },
      {
        "summonerId": 39375278,
        "teamId": 100,
        "championId": 238
      },
      {
        "summonerId": 32488206,
        "teamId": 100,
        "championId": 110
      },
      {
        "summonerId": 29783896,
        "teamId": 200,
        "championId": 121
      },
      {
        "summonerId": 34747070,
        "teamId": 100,
        "championId": 7
      },
      {
        "summonerId": 35323955,
        "teamId": 200,
        "championId": 40
      }
    ],
    "stats": {
      "level": 15,
      "goldEarned": 10052,
      "numDeaths": 7,
      "minionsKilled": 48,
      "championsKilled": 2,
      "goldSpent": 8590,
      "totalDamageDealt": 154953,
      "totalDamageTaken": 32426,
      "team": 100,
      "win": false,
      "neutralMinionsKilled": 93,
      "largestMultiKill": 1,
      "physicalDamageDealtPlayer": 112413,
      "magicDamageDealtPlayer": 24068,
      "physicalDamageTaken": 26903,
      "magicDamageTaken": 4779,
      "timePlayed": 2020,
      "totalHeal": 4614,
      "totalUnitsHealed": 1,
      "assists": 7,
      "item0": 3160,
      "item1": 3074,
      "item2": 3006,
      "item3": 1011,
      "item4": 1037,
      "item5": 1028,
      "item6": 3341,
      "magicDamageDealtToChampions": 404,
      "physicalDamageDealtToChampions": 8392,
      "totalDamageDealtToChampions": 10363,
      "trueDamageDealtPlayer": 18472,
      "trueDamageDealtToChampions": 1566,
      "trueDamageTaken": 743,
      "wardKilled": 3,
      "wardPlaced": 6,
      "neutralMinionsKilledEnemyJungle": 12,
      "neutralMinionsKilledYourJungle": 81,
      "totalTimeCrowdControlDealt": 240
    }
  },
  "25929107": {
    "gameId": 818161484,
    "invalid": false,
    "gameMode": "CLASSIC",
    "gameType": "MATCHED_GAME",
    "subType": "NORMAL",
    "mapId": 1,
    "teamId": 200,
    "championId": 39,
    "spell1": 4,
    "spell2": 14,
    "level": 30,
    "ipEarned": 94,
    "createDate": 1398243157872,
    "fellowPlayers": [
      {
        "summonerId": 29883593,
        "teamId": 200,
        "championId": 7
      },
      {
        "summonerId": 40026531,
        "teamId": 100,
        "championId": 64
      },
      {
        "summonerId": 27018864,
        "teamId": 200,
        "championId": 133
      },
      {
        "summonerId": 39375278,
        "teamId": 100,
        "championId": 238
      },
      {
        "summonerId": 32488206,
        "teamId": 100,
        "championId": 110
      },
      {
        "summonerId": 29783896,
        "teamId": 200,
        "championId": 121
      },
      {
        "summonerId": 40323911,
        "teamId": 100,
        "championId": 11
      },
      {
        "summonerId": 34747070,
        "teamId": 100,
        "championId": 7
      },
      {
        "summonerId": 35323955,
        "teamId": 200,
        "championId": 40
      }
    ],
    "stats": {
      "level": 17,
      "goldEarned": 9821,
      "numDeaths": 8,
      "turretsKilled": 1,
      "minionsKilled": 109,
      "championsKilled": 2,
      "goldSpent": 9715,
      "totalDamageDealt": 72102,
      "totalDamageTaken": 31946,
      "team": 200,
      "win": true,
      "largestMultiKill": 1,
      "physicalDamageDealtPlayer": 65475,
      "magicDamageDealtPlayer": 2392,
      "physicalDamageTaken": 27718,
      "magicDamageTaken": 3092,
      "timePlayed": 2020,
      "totalHeal": 8128,
      "totalUnitsHealed": 1,
      "assists": 15,
      "item0": 3153,
      "item1": 3143,
      "item2": 3111,
      "item3": 1055,
      "item4": 1055,
      "item5": 1057,
      "item6": 3340,
      "magicDamageDealtToChampions": 1962,
      "physicalDamageDealtToChampions": 11789,
      "totalDamageDealtToChampions": 16066,
      "trueDamageDealtPlayer": 4235,
      "trueDamageDealtToChampions": 2315,
      "trueDamageTaken": 1136,
      "wardPlaced": 9,
      "totalTimeCrowdControlDealt": 261
    }
  }
}