{
  "31303099": {
    "gameId": 818168530,
    "invalid": false,
    "gameMode": "CLASSIC",
    "gameType": "MATCHED_GAME",
    "subType": "RANKED_SOLO_5x5",
    "mapId": 1,
    "teamId": 100,
    "championId": 222,
    "spell1": 4,
    "spell2": 21,
    "level": 30,
    "ipEarned": 87,
    "createDate": 1398242661271,
    "fellowPlayers": [
      {
        "summonerId": 35446155,
        "teamId": 100,
        "championId": 412
      },
      {
        "summonerId": 35295037,
        "teamId": 200,
        "championId": 102
      },
      {
        "summonerId": 19570454,
        "teamId": 200,
        "championId": 89
      },
      {
        "summonerId": 39988850,
        "teamId": 200,
        "championId": 38
      },
      {
        "summonerId": 33403908,
        "teamId": 200,
        "championId": 238
      },
      {
        "summonerId": 27125764,
        "teamId": 100,
        "championId": 28
      },
      {
        "summonerId": 29795820,
        "teamId": 100,
        "championId": 48
      },
      {
        "summonerId": 38008530,
        "teamId": 100,
        "championId": 10
      },
      {
        "summonerId": 35517815,
        "teamId": 200,
        "championId": 51
      }
    ],
    "stats": {
      "level": 15,
      "goldEarned": 12274,
      "numDeaths": 7,
      "turretsKilled": 2,
      "minionsKilled": 139,
      "championsKilled": 7,
      "goldSpent": 9260,
      "totalDamageDealt": 93866,
      "totalDamageTaken": 22011,
      "doubleKills": 1,
      "killingSprees": 1,
      "largestKillingSpree": 4,
      "team": 100,
      "win": true,
      "neutralMinionsKilled": 9,
      "largestMultiKill": 2,
      "physicalDamageDealtPlayer": 91251,
      "magicDamageDealtPlayer": 1760,
      "physicalDamageTaken": 14309,
      "magicDamageTaken": 7148,
      "timePlayed": 1835,
      "totalHeal": 2194,
      "totalUnitsHealed": 1,
      "assists": 17,
      "item0": 3153,
      "item1": 1055,
      "item2": 3072,
      "item3": 3006,
      "item4": 1053,
      "item6": 3341,
      "magicDamageDealtToChampions": 845,
      "physicalDamageDealtToChampions": 20330,
      "totalDamageDealtToChampions": 21749,
      "trueDamageDealtPlayer": 854,
      "trueDamageDealtToChampions": 574,
      "trueDamageTaken": 553,
      "wardKilled": 8,
      "neutralMinionsKilledEnemyJungle": 2,
      "neutralMinionsKilledYourJungle": 7,
      "totalTimeCrowdControlDealt": 235
    }
  },
  "summonerCount": 10,
  "33403908": {
    "gameId": 818168530,
    "invalid": false,
    "gameMode": "CLASSIC",
    "gameType": "MATCHED_GAME",
    "subType": "RANKED_SOLO_5x5",
    "mapId": 1,
    "teamId": 200,
    "championId": 238,
    "spell1": 11,
    "spell2": 4,
    "level": 30,
    "ipEarned": 58,
    "createDate": 1398242661273,
    "fellowPlayers": [
      {
        "summonerId": 31303099,
        "teamId": 100,
        "championId": 222
      },
      {
        "summonerId": 35446155,
        "teamId": 100,
        "championId": 412
      },
      {
        "summonerId": 35295037,
        "teamId": 200,
        "championId": 102
      },
      {
        "summonerId": 19570454,
        "teamId": 200,
        "championId": 89
      },
      {
        "summonerId": 39988850,
        "teamId": 200,
        "championId": 38
      },
      {
        "summonerId": 27125764,
        "teamId": 100,
        "championId": 28
      },
      {
        "summonerId": 29795820,
        "teamId": 100,
        "championId": 48
      },
      {
        "summonerId": 38008530,
        "teamId": 100,
        "championId": 10
      },
      {
        "summonerId": 35517815,
        "teamId": 200,
        "championId": 51
      }
    ],
    "stats": {
      "level": 14,
      "goldEarned": 9927,
      "numDeaths": 8,
      "turretsKilled": 2,
      "minionsKilled": 61,
      "championsKilled": 5,
      "goldSpent": 9440,
      "totalDamageDealt": 122204,
      "totalDamageTaken": 23932,
      "killingSprees": 1,
      "largestKillingSpree": 3,
      "team": 200,
      "win": false,
      "neutralMinionsKilled": 63,
      "largestMultiKill": 1,
      "physicalDamageDealtPlayer": 89332,
      "magicDamageDealtPlayer": 20785,
      "physicalDamageTaken": 15509,
      "magicDamageTaken": 7431,
      "timePlayed": 1835,
      "totalHeal": 1387,
      "totalUnitsHealed": 1,
      "assists": 6,
      "item0": 3154,
      "item1": 3153,
      "item2": 1036,
      "item3": 3071,
      "item4": 3117,
      "item6": 3340,
      "magicDamageDealtToChampions": 1500,
      "physicalDamageDealtToChampions": 11701,
      "totalDamageDealtToChampions": 13230,
      "trueDamageDealtPlayer": 12086,
      "trueDamageDealtToChampions": 28,
      "trueDamageTaken": 990,
      "wardPlaced": 27,
      "neutralMinionsKilledEnemyJungle": 11,
      "neutralMinionsKilledYourJungle": 52,
      "totalTimeCrowdControlDealt": 292
    }
  },
  "19570454": {
    "gameId": 818168530,
    "invalid": false,
    "gameMode": "CLASSIC",
    "gameType": "MATCHED_GAME",
    "subType": "RANKED_SOLO_5x5",
    "mapId": 1,
    "teamId": 200,
    "championId": 89,
    "spell1": 4,
    "spell2": 14,
    "level": 30,
    "ipEarned": 58,
    "createDate": 1398242661272,
    "fellowPlayers": [
      {
        "summonerId": 31303099,
        "teamId": 100,
        "championId": 222
      },
      {
        "summonerId": 35446155,
        "teamId": 100,
        "championId": 412
      },
      {
        "summonerId": 35295037,
        "teamId": 200,
        "championId": 102
      },
      {
        "summonerId": 39988850,
        "teamId": 200,
        "championId": 38
      },
      {
        "summonerId": 33403908,
        "teamId": 200,
        "championId": 238
      },
      {
        "summonerId": 27125764,
        "teamId": 100,
        "championId": 28
      },
      {
        "summonerId": 29795820,
        "teamId": 100,
        "championId": 48
      },
      {
        "summonerId": 38008530,
        "teamId": 100,
        "championId": 10
      },
      {
        "summonerId": 35517815,
        "teamId": 200,
        "championId": 51
      }
    ],
    "stats": {
      "level": 12,
      "goldEarned": 8730,
      "numDeaths": 8,
      "minionsKilled": 30,
      "championsKilled": 4,
      "goldSpent": 8140,
      "totalDamageDealt": 34583,
      "totalDamageTaken": 21700,
      "killingSprees": 1,
      "largestKillingSpree": 2,
      "team": 200,
      "win": false,
      "largestMultiKill": 1,
      "physicalDamageDealtPlayer": 5042,
      "magicDamageDealtPlayer": 28511,
      "physicalDamageTaken": 12716,
      "magicDamageTaken": 8202,
      "timePlayed": 1835,
      "totalHeal": 622,
      "totalUnitsHealed": 1,
      "assists": 9,
      "item0": 3069,
      "item1": 2045,
      "item2": 3068,
      "item3": 3117,
      "item6": 3362,
      "sightWardsBought": 1,
      "visionWardsBought": 2,
      "magicDamageDealtToChampions": 11164,
      "physicalDamageDealtToChampions": 2903,
      "totalDamageDealtToChampions": 15096,
      "trueDamageDealtPlayer": 1029,
      "trueDamageDealtToChampions": 1029,
      "trueDamageTaken": 781,
      "wardKilled": 2,
      "wardPlaced": 34,
      "totalTimeCrowdControlDealt": 76
    }
  },
  "35295037": {
    "gameId": 818168530,
    "invalid": false,
    "gameMode": "CLASSIC",
    "gameType": "MATCHED_GAME",
    "subType": "RANKED_SOLO_5x5",
    "mapId": 1,
    "teamId": 200,
    "championId": 102,
    "spell1": 4,
    "spell2": 7,
    "level": 30,
    "ipEarned": 58,
    "createDate": 1398242661275,
    "fellowPlayers": [
      {
        "summonerId": 31303099,
        "teamId": 100,
        "championId": 222
      },
      {
        "summonerId": 35446155,
        "teamId": 100,
        "championId": 412
      },
      {
        "summonerId": 19570454,
        "teamId": 200,
        "championId": 89
      },
      {
        "summonerId": 39988850,
        "teamId": 200,
        "championId": 38
      },
      {
        "summonerId": 33403908,
        "teamId": 200,
        "championId": 238
      },
      {
        "summonerId": 27125764,
        "teamId": 100,
        "championId": 28
      },
      {
        "summonerId": 29795820,
        "teamId": 100,
        "championId": 48
      },
      {
        "summonerId": 38008530,
        "teamId": 100,
        "championId": 10
      },
      {
        "summonerId": 35517815,
        "teamId": 200,
        "championId": 51
      }
    ],
    "stats": {
      "level": 14,
      "goldEarned": 8615,
      "numDeaths": 7,
      "turretsKilled": 1,
      "minionsKilled": 132,
      "championsKilled": 2,
      "goldSpent": 8660,
      "totalDamageDealt": 97157,
      "totalDamageTaken": 24981,
      "killingSprees": 1,
      "largestKillingSpree": 2,
      "team": 200,
      "win": false,
      "neutralMinionsKilled": 10,
      "largestMultiKill": 1,
      "physicalDamageDealtPlayer": 49603,
      "magicDamageDealtPlayer": 47553,
      "physicalDamageTaken": 17576,
      "magicDamageTaken": 6169,
      "timePlayed": 1835,
      "totalHeal": 4498,
      "totalUnitsHealed": 1,
      "assists": 3,
      "item0": 3153,
      "item1": 3143,
      "item2": 1055,
      "item3": 1001,
      "item4": 1029,
      "item5": 3067,
      "item6": 3340,
      "magicDamageDealtToChampions": 9216,
      "physicalDamageDealtToChampions": 6585,
      "totalDamageDealtToChampions": 15801,
      "trueDamageTaken": 1236,
      "wardPlaced": 1,
      "neutralMinionsKilledYourJungle": 10,
      "totalTimeCrowdControlDealt": 218
    }
  },
  "29795820": {
    "gameId": 818168530,
    "invalid": false,
    "gameMode": "CLASSIC",
    "gameType": "MATCHED_GAME",
    "subType": "RANKED_SOLO_5x5",
    "mapId": 1,
    "teamId": 100,
    "championId": 48,
    "spell1": 4,
    "spell2": 14,
    "level": 30,
    "ipEarned": 87,
    "createDate": 1398242661267,
    "fellowPlayers": [
      {
        "summonerId": 31303099,
        "teamId": 100,
        "championId": 222
      },
      {
        "summonerId": 35446155,
        "teamId": 100,
        "championId": 412
      },
      {
        "summonerId": 35295037,
        "teamId": 200,
        "championId": 102
      },
      {
        "summonerId": 19570454,
        "teamId": 200,
        "championId": 89
      },
      {
        "summonerId": 39988850,
        "teamId": 200,
        "championId": 38
      },
      {
        "summonerId": 33403908,
        "teamId": 200,
        "championId": 238
      },
      {
        "summonerId": 27125764,
        "teamId": 100,
        "championId": 28
      },
      {
        "summonerId": 38008530,
        "teamId": 100,
        "championId": 10
      },
      {
        "summonerId": 35517815,
        "teamId": 200,
        "championId": 51
      }
    ],
    "stats": {
      "level": 16,
      "goldEarned": 10477,
      "numDeaths": 4,
      "turretsKilled": 2,
      "minionsKilled": 153,
      "championsKilled": 5,
      "goldSpent": 7843,
      "totalDamageDealt": 96558,
      "totalDamageTaken": 31385,
      "killingSprees": 1,
      "largestKillingSpree": 3,
      "team": 100,
      "win": true,
      "neutralMinionsKilled": 3,
      "largestMultiKill": 1,
      "physicalDamageDealtPlayer": 93098,
      "magicDamageDealtPlayer": 2593,
      "physicalDamageTaken": 20020,
      "magicDamageTaken": 11364,
      "largestCriticalStrike": 658,
      "timePlayed": 1835,
      "totalHeal": 8849,
      "totalUnitsHealed": 1,
      "assists": 13,
      "item0": 1054,
      "item1": 3153,
      "item2": 1001,
      "item3": 3078,
      "item6": 3340,
      "magicDamageDealtToChampions": 2593,
      "physicalDamageDealtToChampions": 16496,
      "totalDamageDealtToChampions": 19956,
      "trueDamageDealtPlayer": 866,
      "trueDamageDealtToChampions": 866,
      "wardPlaced": 4,
      "neutralMinionsKilledYourJungle": 3,
      "totalTimeCrowdControlDealt": 342
    }
  },
  "35446155": {
    "gameId": 818168530,
    "invalid": false,
    "gameMode": "CLASSIC",
    "gameType": "MATCHED_GAME",
    "subType": "RANKED_SOLO_5x5",
    "mapId": 1,
    "teamId": 100,
    "championId": 412,
    "spell1": 4,
    "spell2": 7,
    "level": 30,
    "ipEarned": 237,
    "createDate": 1398242661268,
    "fellowPlayers": [
      {
        "summonerId": 31303099,
        "teamId": 100,
        "championId": 222
      },
      {
        "summonerId": 35295037,
        "teamId": 200,
        "championId": 102
      },
      {
        "summonerId": 19570454,
        "teamId": 200,
        "championId": 89
      },
      {
        "summonerId": 39988850,
        "teamId": 200,
        "championId": 38
      },
      {
        "summonerId": 33403908,
        "teamId": 200,
        "championId": 238
      },
      {
        "summonerId": 27125764,
        "teamId": 100,
        "championId": 28
      },
      {
        "summonerId": 29795820,
        "teamId": 100,
        "championId": 48
      },
      {
        "summonerId": 38008530,
        "teamId": 100,
        "championId": 10
      },
      {
        "summonerId": 35517815,
        "teamId": 200,
        "championId": 51
      }
    ],
    "stats": {
      "level": 13,
      "goldEarned": 7606,
      "numDeaths": 9,
      "minionsKilled": 28,
      "championsKilled": 1,
      "goldSpent": 7205,
      "totalDamageDealt": 17009,
      "totalDamageTaken": 20849,
      "team": 100,
      "win": true,
      "largestMultiKill": 1,
      "physicalDamageDealtPlayer": 5475,
      "magicDamageDealtPlayer": 11534,
      "physicalDamageTaken": 11967,
      "magicDamageTaken": 8630,
      "timePlayed": 1835,
      "totalHeal": 2681,
      "totalUnitsHealed": 4,
      "assists": 18,
      "item0": 2049,
      "item1": 3069,
      "item2": 3068,
      "item5": 3270,
      "item6": 3340,
      "sightWardsBought": 1,
      "visionWardsBought": 1,
      "magicDamageDealtToChampions": 4657,
      "physicalDamageDealtToChampions": 1507,
      "totalDamageDealtToChampions": 6165,
      "trueDamageTaken": 252,
      "wardKilled": 3,
      "wardPlaced": 26,
      "totalTimeCrowdControlDealt": 104
    }
  },
  "27125764": {
    "gameId": 818168530,
    "invalid": false,
    "gameMode": "CLASSIC",
    "gameType": "MATCHED_GAME",
    "subType": "RANKED_SOLO_5x5",
    "mapId": 1,
    "teamId": 100,
    "championId": 28,
    "spell1": 11,
    "spell2": 6,
    "level": 30,
    "ipEarned": 87,
    "createDate": 1398242661269,
    "fellowPlayers": [
      {
        "summonerId": 31303099,
        "teamId": 100,
        "championId": 222
      },
      {
        "summonerId": 35446155,
        "teamId": 100,
        "championId": 412
      },
      {
        "summonerId": 35295037,
        "teamId": 200,
        "championId": 102
      },
      {
        "summonerId": 19570454,
        "teamId": 200,
        "championId": 89
      },
      {
        "summonerId": 39988850,
        "teamId": 200,
        "championId": 38
      },
      {
        "summonerId": 33403908,
        "teamId": 200,
        "championId": 238
      },
      {
        "summonerId": 29795820,
        "teamId": 100,
        "championId": 48
      },
      {
        "summonerId": 38008530,
        "teamId": 100,
        "championId": 10
      },
      {
        "summonerId": 35517815,
        "teamId": 200,
        "championId": 51
      }
    ],
    "stats": {
      "level": 16,
      "goldEarned": 12355,
      "numDeaths": 3,
      "minionsKilled": 46,
      "championsKilled": 10,
      "goldSpent": 10425,
      "totalDamageDealt": 131074,
      "totalDamageTaken": 24286,
      "killingSprees": 2,
      "largestKillingSpree": 6,
      "team": 100,
      "win": true,
      "neutralMinionsKilled": 74,
      "largestMultiKill": 1,
      "physicalDamageDealtPlayer": 40648,
      "magicDamageDealtPlayer": 76349,
      "physicalDamageTaken": 17163,
      "magicDamageTaken": 6802,
      "timePlayed": 1835,
      "totalHeal": 4732,
      "totalUnitsHealed": 1,
      "assists": 14,
      "item0": 3209,
      "item1": 3146,
      "item2": 3143,
      "item5": 3270,
      "item6": 3340,
      "sightWardsBought": 1,
      "magicDamageDealtToChampions": 12073,
      "physicalDamageDealtToChampions": 7608,
      "totalDamageDealtToChampions": 21383,
      "trueDamageDealtPlayer": 14076,
      "trueDamageDealtToChampions": 1700,
      "trueDamageTaken": 320,
      "wardPlaced": 11,
      "neutralMinionsKilledEnemyJungle": 20,
      "neutralMinionsKilledYourJungle": 54,
      "totalTimeCrowdControlDealt": 452
    }
  },
  "39988850": {
    "gameId": 818168530,
    "invalid": false,
    "gameMode": "CLASSIC",
    "gameType": "MATCHED_GAME",
    "subType": "RANKED_SOLO_5x5",
    "mapId": 1,
    "teamId": 200,
    "championId": 38,
    "spell1": 4,
    "spell2": 7,
    "level": 30,
    "ipEarned": 58,
    "createDate": 1398242661274,
    "fellowPlayers": [
      {
        "summonerId": 31303099,
        "teamId": 100,
        "championId": 222
      },
      {
        "summonerId": 35446155,
        "teamId": 100,
        "championId": 412
      },
      {
        "summonerId": 35295037,
        "teamId": 200,
        "championId": 102
      },
      {
        "summonerId": 19570454,
        "teamId": 200,
        "championId": 89
      },
      {
        "summonerId": 33403908,
        "teamId": 200,
        "championId": 238
      },
      {
        "summonerId": 27125764,
        "teamId": 100,
        "championId": 28
      },
      {
        "summonerId": 29795820,
        "teamId": 100,
        "championId": 48
      },
      {
        "summonerId": 38008530,
        "teamId": 100,
        "championId": 10
      },
      {
        "summonerId": 35517815,
        "teamId": 200,
        "championId": 51
      }
    ],
    "stats": {
      "level": 15,
      "goldEarned": 11172,
      "numDeaths": 7,
      "minionsKilled": 158,
      "championsKilled": 8,
      "goldSpent": 10735,
      "totalDamageDealt": 88764,
      "totalDamageTaken": 18224,
      "killingSprees": 2,
      "largestKillingSpree": 2,
      "team": 200,
      "win": false,
      "neutralMinionsKilled": 6,
      "largestMultiKill": 1,
      "physicalDamageDealtPlayer": 25313,
      "magicDamageDealtPlayer": 63451,
      "physicalDamageTaken": 10748,
      "magicDamageTaken": 6749,
      "timePlayed": 1835,
      "totalHeal": 1519,
      "totalUnitsHealed": 1,
      "assists": 6,
      "item0": 1056,
      "item1": 3100,
      "item2": 3191,
      "item3": 3020,
      "item4": 3089,
      "item5": 1058,
      "item6": 3340,
      "magicDamageDealtToChampions": 17934,
      "physicalDamageDealtToChampions": 2411,
      "totalDamageDealtToChampions": 20345,
      "trueDamageTaken": 726,
      "wardPlaced": 3,
      "neutralMinionsKilledEnemyJungle": 2,
      "neutralMinionsKilledYourJungle": 4,
      "totalTimeCrowdControlDealt": 282
    }
  },
  "38008530": {
    "gameId": 818168530,
    "invalid": false,
    "gameMode": "CLASSIC",
    "gameType": "MATCHED_GAME",
    "subType": "RANKED_SOLO_5x5",
    "mapId": 1,
    "teamId": 100,
    "championId": 10,
    "spell1": 4,
    "spell2": 14,
    "level": 30,
    "ipEarned": 237,
    "createDate": 1398242661270,
    "fellowPlayers": [
      {
        "summonerId": 31303099,
        "teamId": 100,
        "championId": 222
      },
      {
        "summonerId": 35446155,
        "teamId": 100,
        "championId": 412
      },
      {
        "summonerId": 35295037,
        "teamId": 200,
        "championId": 102
      },
      {
        "summonerId": 19570454,
        "teamId": 200,
        "championId": 89
      },
      {
        "summonerId": 39988850,
        "teamId": 200,
        "championId": 38
      },
      {
        "summonerId": 33403908,
        "teamId": 200,
        "championId": 238
      },
      {
        "summonerId": 27125764,
        "teamId": 100,
        "championId": 28
      },
      {
        "summonerId": 29795820,
        "teamId": 100,
        "championId": 48
      },
      {
        "summonerId": 35517815,
        "teamId": 200,
        "championId": 51
      }
    ],
    "stats": {
      "level": 16,
      "goldEarned": 13782,
      "numDeaths": 4,
      "barracksKilled": 1,
      "turretsKilled": 3,
      "minionsKilled": 164,
      "championsKilled": 14,
      "goldSpent": 12615,
      "totalDamageDealt": 125827,
      "totalDamageTaken": 17172,
      "doubleKills": 4,
      "tripleKills": 1,
      "killingSprees": 1,
      "largestKillingSpree": 14,
      "team": 100,
      "win": true,
      "neutralMinionsKilled": 8,
      "largestMultiKill": 3,
      "physicalDamageDealtPlayer": 29774,
      "magicDamageDealtPlayer": 94948,
      "physicalDamageTaken": 7093,
      "magicDamageTaken": 9923,
      "timePlayed": 1835,
      "totalHeal": 7415,
      "totalUnitsHealed": 4,
      "assists": 10,
      "item0": 1056,
      "item1": 3115,
      "item2": 3089,
      "item3": 3255,
      "item4": 3157,
      "item5": 3113,
      "item6": 3340,
      "magicDamageDealtToChampions": 14496,
      "physicalDamageDealtToChampions": 3290,
      "totalDamageDealtToChampions": 18703,
      "trueDamageDealtPlayer": 1104,
      "trueDamageDealtToChampions": 916,
      "trueDamageTaken": 156,
      "wardPlaced": 9,
      "neutralMinionsKilledEnemyJungle": 3,
      "neutralMinionsKilledYourJungle": 5,
      "totalTimeCrowdControlDealt": 261
    }
  },
  "31303099": {
    "gameId": 818168530,
    "invalid": false,
    "gameMode": "CLASSIC",
    "gameType": "MATCHED_GAME",
    "subType": "RANKED_SOLO_5x5",
    "mapId": 1,
    "teamId": 100,
    "championId": 222,
    "spell1": 4,
    "spell2": 21,
    "level": 30,
    "ipEarned": 87,
    "createDate": 1398242661271,
    "fellowPlayers": [
      {
        "summonerId": 35446155,
        "teamId": 100,
        "championId": 412
      },
      {
        "summonerId": 35295037,
        "teamId": 200,
        "championId": 102
      },
      {
        "summonerId": 19570454,
        "teamId": 200,
        "championId": 89
      },
      {
        "summonerId": 39988850,
        "teamId": 200,
        "championId": 38
      },
      {
        "summonerId": 33403908,
        "teamId": 200,
        "championId": 238
      },
      {
        "summonerId": 27125764,
        "teamId": 100,
        "championId": 28
      },
      {
        "summonerId": 29795820,
        "teamId": 100,
        "championId": 48
      },
      {
        "summonerId": 38008530,
        "teamId": 100,
        "championId": 10
      },
      {
        "summonerId": 35517815,
        "teamId": 200,
        "championId": 51
      }
    ],
    "stats": {
      "level": 15,
      "goldEarned": 12274,
      "numDeaths": 7,
      "turretsKilled": 2,
      "minionsKilled": 139,
      "championsKilled": 7,
      "goldSpent": 9260,
      "totalDamageDealt": 93866,
      "totalDamageTaken": 22011,
      "doubleKills": 1,
      "killingSprees": 1,
      "largestKillingSpree": 4,
      "team": 100,
      "win": true,
      "neutralMinionsKilled": 9,
      "largestMultiKill": 2,
      "physicalDamageDealtPlayer": 91251,
      "magicDamageDealtPlayer": 1760,
      "physicalDamageTaken": 14309,
      "magicDamageTaken": 7148,
      "timePlayed": 1835,
      "totalHeal": 2194,
      "totalUnitsHealed": 1,
      "assists": 17,
      "item0": 3153,
      "item1": 1055,
      "item2": 3072,
      "item3": 3006,
      "item4": 1053,
      "item6": 3341,
      "magicDamageDealtToChampions": 845,
      "physicalDamageDealtToChampions": 20330,
      "totalDamageDealtToChampions": 21749,
      "trueDamageDealtPlayer": 854,
      "trueDamageDealtToChampions": 574,
      "trueDamageTaken": 553,
      "wardKilled": 8,
      "neutralMinionsKilledEnemyJungle": 2,
      "neutralMinionsKilledYourJungle": 7,
      "totalTimeCrowdControlDealt": 235
    }
  }
}