{
  "21126643": {
    "gameId": 818161412,
    "invalid": false,
    "gameMode": "CLASSIC",
    "gameType": "MATCHED_GAME",
    "subType": "NORMAL",
    "mapId": 1,
    "teamId": 100,
    "championId": 29,
    "spell1": 4,
    "spell2": 11,
    "level": 30,
    "ipEarned": 78,
    "createDate": 1398243567654,
    "fellowPlayers": [
      {
        "summonerId": 21275445,
        "teamId": 200,
        "championId": 412
      },
      {
        "summonerId": 25885703,
        "teamId": 200,
        "championId": 92
      },
      {
        "summonerId": 24191632,
        "teamId": 100,
        "championId": 22
      },
      {
        "summonerId": 34017534,
        "teamId": 200,
        "championId": 119
      },
      {
        "summonerId": 30884773,
        "teamId": 100,
        "championId": 8
      },
      {
        "summonerId": 30168896,
        "teamId": 200,
        "championId": 64
      },
      {
        "summonerId": 22184002,
        "teamId": 100,
        "championId": 101
      },
      {
        "summonerId": 35447097,
        "teamId": 200,
        "championId": 7
      },
      {
        "summonerId": 34333383,
        "teamId": 100,
        "championId": 412
      }
    ],
    "stats": {
      "level": 18,
      "goldEarned": 14279,
      "numDeaths": 16,
      "turretsKilled": 2,
      "minionsKilled": 73,
      "championsKilled": 14,
      "goldSpent": 12750,
      "totalDamageDealt": 128194,
      "totalDamageTaken": 41749,
      "doubleKills": 1,
      "killingSprees": 4,
      "largestKillingSpree": 4,
      "team": 100,
      "win": false,
      "neutralMinionsKilled": 41,
      "largestMultiKill": 2,
      "physicalDamageDealtPlayer": 100024,
      "magicDamageDealtPlayer": 183,
      "physicalDamageTaken": 30335,
      "magicDamageTaken": 11107,
      "timePlayed": 2664,
      "totalHeal": 2246,
      "totalUnitsHealed": 1,
      "assists": 12,
      "item0": 3209,
      "item1": 3153,
      "item2": 3006,
      "item3": 3085,
      "item4": 3072,
      "item6": 3341,
      "physicalDamageDealtToChampions": 25883,
      "totalDamageDealtToChampions": 35417,
      "trueDamageDealtPlayer": 27986,
      "trueDamageDealtToChampions": 9533,
      "trueDamageTaken": 306,
      "neutralMinionsKilledYourJungle": 41,
      "totalTimeCrowdControlDealt": 846
    }
  },
  "summonerCount": 10,
  "22184002": {
    "gameId": 818161412,
    "invalid": false,
    "gameMode": "CLASSIC",
    "gameType": "MATCHED_GAME",
    "subType": "NORMAL",
    "mapId": 1,
    "teamId": 100,
    "championId": 101,
    "spell1": 4,
    "spell2": 12,
    "level": 30,
    "ipEarned": 78,
    "createDate": 1398243567655,
    "fellowPlayers": [
      {
        "summonerId": 21275445,
        "teamId": 200,
        "championId": 412
      },
      {
        "summonerId": 21126643,
        "teamId": 100,
        "championId": 29
      },
      {
        "summonerId": 25885703,
        "teamId": 200,
        "championId": 92
      },
      {
        "summonerId": 24191632,
        "teamId": 100,
        "championId": 22
      },
      {
        "summonerId": 34017534,
        "teamId": 200,
        "championId": 119
      },
      {
        "summonerId": 30884773,
        "teamId": 100,
        "championId": 8
      },
      {
        "summonerId": 30168896,
        "teamId": 200,
        "championId": 64
      },
      {
        "summonerId": 35447097,
        "teamId": 200,
        "championId": 7
      },
      {
        "summonerId": 34333383,
        "teamId": 100,
        "championId": 412
      }
    ],
    "stats": {
      "level": 18,
      "goldEarned": 16897,
      "numDeaths": 6,
      "turretsKilled": 1,
      "minionsKilled": 297,
      "championsKilled": 13,
      "goldSpent": 16435,
      "totalDamageDealt": 244235,
      "totalDamageTaken": 21152,
      "doubleKills": 1,
      "tripleKills": 1,
      "killingSprees": 3,
      "largestKillingSpree": 7,
      "team": 100,
      "win": false,
      "neutralMinionsKilled": 5,
      "largestMultiKill": 3,
      "physicalDamageDealtPlayer": 9611,
      "magicDamageDealtPlayer": 234585,
      "physicalDamageTaken": 12471,
      "magicDamageTaken": 8220,
      "timePlayed": 2664,
      "totalHeal": 408,
      "totalUnitsHealed": 1,
      "assists": 8,
      "item0": 3157,
      "item1": 3020,
      "item2": 3089,
      "item3": 3174,
      "item4": 3135,
      "item5": 3116,
      "item6": 3340,
      "visionWardsBought": 1,
      "magicDamageDealtToChampions": 49350,
      "physicalDamageDealtToChampions": 585,
      "totalDamageDealtToChampions": 49935,
      "trueDamageDealtPlayer": 38,
      "trueDamageTaken": 461,
      "wardKilled": 1,
      "wardPlaced": 9,
      "neutralMinionsKilledYourJungle": 5,
      "totalTimeCrowdControlDealt": 540
    }
  },
  "24191632": {
    "gameId": 818161412,
    "invalid": false,
    "gameMode": "CLASSIC",
    "gameType": "MATCHED_GAME",
    "subType": "NORMAL",
    "mapId": 1,
    "teamId": 100,
    "championId": 22,
    "spell1": 7,
    "spell2": 4,
    "level": 30,
    "ipEarned": 78,
    "createDate": 1398243567656,
    "fellowPlayers": [
      {
        "summonerId": 21275445,
        "teamId": 200,
        "championId": 412
      },
      {
        "summonerId": 21126643,
        "teamId": 100,
        "championId": 29
      },
      {
        "summonerId": 25885703,
        "teamId": 200,
        "championId": 92
      },
      {
        "summonerId": 34017534,
        "teamId": 200,
        "championId": 119
      },
      {
        "summonerId": 30884773,
        "teamId": 100,
        "championId": 8
      },
      {
        "summonerId": 30168896,
        "teamId": 200,
        "championId": 64
      },
      {
        "summonerId": 22184002,
        "teamId": 100,
        "championId": 101
      },
      {
        "summonerId": 35447097,
        "teamId": 200,
        "championId": 7
      },
      {
        "summonerId": 34333383,
        "teamId": 100,
        "championId": 412
      }
    ],
    "stats": {
      "level": 17,
      "goldEarned": 13471,
      "numDeaths": 10,
      "minionsKilled": 195,
      "championsKilled": 4,
      "goldSpent": 13820,
      "totalDamageDealt": 163536,
      "totalDamageTaken": 28062,
      "team": 100,
      "win": false,
      "neutralMinionsKilled": 1,
      "largestMultiKill": 1,
      "physicalDamageDealtPlayer": 144815,
      "magicDamageDealtPlayer": 18356,
      "physicalDamageTaken": 19828,
      "magicDamageTaken": 7392,
      "largestCriticalStrike": 687,
      "timePlayed": 2664,
      "totalHeal": 3373,
      "totalUnitsHealed": 2,
      "assists": 11,
      "item0": 3087,
      "item1": 3031,
      "item2": 3006,
      "item3": 3072,
      "item4": 1031,
      "item5": 1057,
      "item6": 3340,
      "magicDamageDealtToChampions": 3849,
      "physicalDamageDealtToChampions": 15904,
      "totalDamageDealtToChampions": 19818,
      "trueDamageDealtPlayer": 364,
      "trueDamageDealtToChampions": 64,
      "trueDamageTaken": 841,
      "wardPlaced": 13,
      "neutralMinionsKilledYourJungle": 1,
      "totalTimeCrowdControlDealt": 817
    }
  },
  "30884773": {
    "gameId": 818161412,
    "invalid": false,
    "gameMode": "CLASSIC",
    "gameType": "MATCHED_GAME",
    "subType": "NORMAL",
    "mapId": 1,
    "teamId": 100,
    "championId": 8,
    "spell1": 4,
    "spell2": 14,
    "level": 30,
    "ipEarned": 78,
    "createDate": 1398243567652,
    "fellowPlayers": [
      {
        "summonerId": 21275445,
        "teamId": 200,
        "championId": 412
      },
      {
        "summonerId": 21126643,
        "teamId": 100,
        "championId": 29
      },
      {
        "summonerId": 25885703,
        "teamId": 200,
        "championId": 92
      },
      {
        "summonerId": 24191632,
        "teamId": 100,
        "championId": 22
      },
      {
        "summonerId": 34017534,
        "teamId": 200,
        "championId": 119
      },
      {
        "summonerId": 30168896,
        "teamId": 200,
        "championId": 64
      },
      {
        "summonerId": 22184002,
        "teamId": 100,
        "championId": 101
      },
      {
        "summonerId": 35447097,
        "teamId": 200,
        "championId": 7
      },
      {
        "summonerId": 34333383,
        "teamId": 100,
        "championId": 412
      }
    ],
    "stats": {
      "level": 18,
      "goldEarned": 13918,
      "numDeaths": 9,
      "turretsKilled": 1,
      "minionsKilled": 205,
      "championsKilled": 4,
      "goldSpent": 14300,
      "totalDamageDealt": 167277,
      "totalDamageTaken": 42231,
      "doubleKills": 1,
      "killingSprees": 1,
      "largestKillingSpree": 3,
      "team": 100,
      "win": false,
      "neutralMinionsKilled": 15,
      "largestMultiKill": 2,
      "physicalDamageDealtPlayer": 17532,
      "magicDamageDealtPlayer": 148278,
      "physicalDamageTaken": 33052,
      "magicDamageTaken": 8725,
      "timePlayed": 2664,
      "totalHeal": 12085,
      "totalUnitsHealed": 1,
      "assists": 15,
      "item0": 3020,
      "item1": 3065,
      "item2": 3152,
      "item3": 3151,
      "item4": 3116,
      "item5": 1029,
      "item6": 3340,
      "sightWardsBought": 3,
      "magicDamageDealtToChampions": 27277,
      "physicalDamageDealtToChampions": 1204,
      "totalDamageDealtToChampions": 29884,
      "trueDamageDealtPlayer": 1466,
      "trueDamageDealtToChampions": 1402,
      "trueDamageTaken": 453,
      "wardKilled": 1,
      "wardPlaced": 10,
      "neutralMinionsKilledEnemyJungle": 3,
      "neutralMinionsKilledYourJungle": 12,
      "totalTimeCrowdControlDealt": 135
    }
  },
  "34017534": {
    "gameId": 818161412,
    "invalid": false,
    "gameMode": "CLASSIC",
    "gameType": "MATCHED_GAME",
    "subType": "NORMAL",
    "mapId": 1,
    "teamId": 200,
    "championId": 119,
    "spell1": 7,
    "spell2": 4,
    "level": 30,
    "ipEarned": 270,
    "createDate": 1398243567661,
    "fellowPlayers": [
      {
        "summonerId": 21275445,
        "teamId": 200,
        "championId": 412
      },
      {
        "summonerId": 21126643,
        "teamId": 100,
        "championId": 29
      },
      {
        "summonerId": 25885703,
        "teamId": 200,
        "championId": 92
      },
      {
        "summonerId": 24191632,
        "teamId": 100,
        "championId": 22
      },
      {
        "summonerId": 30884773,
        "teamId": 100,
        "championId": 8
      },
      {
        "summonerId": 30168896,
        "teamId": 200,
        "championId": 64
      },
      {
        "summonerId": 22184002,
        "teamId": 100,
        "championId": 101
      },
      {
        "summonerId": 35447097,
        "teamId": 200,
        "championId": 7
      },
      {
        "summonerId": 34333383,
        "teamId": 100,
        "championId": 412
      }
    ],
    "stats": {
      "level": 18,
      "goldEarned": 16741,
      "numDeaths": 14,
      "barracksKilled": 1,
      "turretsKilled": 2,
      "minionsKilled": 137,
      "championsKilled": 9,
      "goldSpent": 16850,
      "totalDamageDealt": 147041,
      "totalDamageTaken": 43090,
      "doubleKills": 1,
      "killingSprees": 3,
      "largestKillingSpree": 2,
      "team": 200,
      "win": true,
      "neutralMinionsKilled": 16,
      "largestMultiKill": 2,
      "physicalDamageDealtPlayer": 146775,
      "physicalDamageTaken": 21893,
      "magicDamageTaken": 18574,
      "largestCriticalStrike": 1054,
      "timePlayed": 2664,
      "totalHeal": 5516,
      "totalUnitsHealed": 3,
      "assists": 14,
      "item0": 3250,
      "item1": 3072,
      "item2": 3072,
      "item3": 3172,
      "item4": 3035,
      "item5": 3046,
      "item6": 3340,
      "physicalDamageDealtToChampions": 33487,
      "totalDamageDealtToChampions": 33677,
      "trueDamageDealtPlayer": 266,
      "trueDamageDealtToChampions": 190,
      "trueDamageTaken": 2623,
      "wardPlaced": 9,
      "neutralMinionsKilledEnemyJungle": 12,
      "neutralMinionsKilledYourJungle": 4,
      "totalTimeCrowdControlDealt": 165
    }
  },
  "21275445": {
    "gameId": 818161412,
    "invalid": false,
    "gameMode": "CLASSIC",
    "gameType": "MATCHED_GAME",
    "subType": "NORMAL",
    "mapId": 1,
    "teamId": 200,
    "championId": 412,
    "spell1": 4,
    "spell2": 3,
    "level": 30,
    "ipEarned": 263,
    "createDate": 1398243567662,
    "fellowPlayers": [
      {
        "summonerId": 21126643,
        "teamId": 100,
        "championId": 29
      },
      {
        "summonerId": 25885703,
        "teamId": 200,
        "championId": 92
      },
      {
        "summonerId": 24191632,
        "teamId": 100,
        "championId": 22
      },
      {
        "summonerId": 34017534,
        "teamId": 200,
        "championId": 119
      },
      {
        "summonerId": 30884773,
        "teamId": 100,
        "championId": 8
      },
      {
        "summonerId": 30168896,
        "teamId": 200,
        "championId": 64
      },
      {
        "summonerId": 22184002,
        "teamId": 100,
        "championId": 101
      },
      {
        "summonerId": 35447097,
        "teamId": 200,
        "championId": 7
      },
      {
        "summonerId": 34333383,
        "teamId": 100,
        "championId": 412
      }
    ],
    "stats": {
      "level": 18,
      "goldEarned": 17818,
      "numDeaths": 6,
      "turretsKilled": 1,
      "minionsKilled": 51,
      "championsKilled": 4,
      "goldSpent": 15045,
      "totalDamageDealt": 56102,
      "totalDamageTaken": 38682,
      "team": 200,
      "win": true,
      "neutralMinionsKilled": 4,
      "largestMultiKill": 1,
      "physicalDamageDealtPlayer": 15170,
      "magicDamageDealtPlayer": 40800,
      "physicalDamageTaken": 13555,
      "magicDamageTaken": 22552,
      "timePlayed": 2664,
      "totalHeal": 4712,
      "totalUnitsHealed": 1,
      "assists": 32,
      "item0": 3069,
      "item1": 3143,
      "item2": 2045,
      "item3": 3065,
      "item4": 3068,
      "item5": 3270,
      "item6": 3361,
      "sightWardsBought": 3,
      "visionWardsBought": 2,
      "magicDamageDealtToChampions": 13749,
      "physicalDamageDealtToChampions": 2183,
      "totalDamageDealtToChampions": 16021,
      "trueDamageDealtPlayer": 132,
      "trueDamageDealtToChampions": 88,
      "trueDamageTaken": 2574,
      "wardPlaced": 20,
      "neutralMinionsKilledEnemyJungle": 3,
      "neutralMinionsKilledYourJungle": 1,
      "totalTimeCrowdControlDealt": 234
    }
  },
  "35447097": {
    "gameId": 818161412,
    "invalid": false,
    "gameMode": "CLASSIC",
    "gameType": "MATCHED_GAME",
    "subType": "NORMAL",
    "mapId": 1,
    "teamId": 200,
    "championId": 7,
    "spell1": 14,
    "spell2": 4,
    "level": 30,
    "ipEarned": 270,
    "createDate": 1398243567657,
    "fellowPlayers": [
      {
        "summonerId": 21275445,
        "teamId": 200,
        "championId": 412
      },
      {
        "summonerId": 21126643,
        "teamId": 100,
        "championId": 29
      },
      {
        "summonerId": 25885703,
        "teamId": 200,
        "championId": 92
      },
      {
        "summonerId": 24191632,
        "teamId": 100,
        "championId": 22
      },
      {
        "summonerId": 34017534,
        "teamId": 200,
        "championId": 119
      },
      {
        "summonerId": 30884773,
        "teamId": 100,
        "championId": 8
      },
      {
        "summonerId": 30168896,
        "teamId": 200,
        "championId": 64
      },
      {
        "summonerId": 22184002,
        "teamId": 100,
        "championId": 101
      },
      {
        "summonerId": 34333383,
        "teamId": 100,
        "championId": 412
      }
    ],
    "stats": {
      "level": 18,
      "goldEarned": 18227,
      "numDeaths": 5,
      "barracksKilled": 1,
      "turretsKilled": 2,
      "minionsKilled": 191,
      "championsKilled": 16,
      "goldSpent": 16810,
      "totalDamageDealt": 142335,
      "totalDamageTaken": 25663,
      "doubleKills": 2,
      "tripleKills": 1,
      "killingSprees": 3,
      "largestKillingSpree": 9,
      "team": 200,
      "win": true,
      "neutralMinionsKilled": 2,
      "largestMultiKill": 3,
      "physicalDamageDealtPlayer": 22721,
      "magicDamageDealtPlayer": 119613,
      "physicalDamageTaken": 9697,
      "magicDamageTaken": 14281,
      "timePlayed": 2664,
      "totalHeal": 1518,
      "totalUnitsHealed": 1,
      "assists": 12,
      "item0": 3089,
      "item1": 3174,
      "item2": 3128,
      "item3": 3255,
      "item4": 3151,
      "item5": 3135,
      "item6": 3340,
      "magicDamageDealtToChampions": 29620,
      "physicalDamageDealtToChampions": 1490,
      "totalDamageDealtToChampions": 31111,
      "trueDamageTaken": 1684,
      "wardKilled": 1,
      "wardPlaced": 8,
      "neutralMinionsKilledEnemyJungle": 2,
      "totalTimeCrowdControlDealt": 149
    }
  },
  "25885703": {
    "gameId": 818161412,
    "invalid": false,
    "gameMode": "CLASSIC",
    "gameType": "MATCHED_GAME",
    "subType": "NORMAL",
    "mapId": 1,
    "teamId": 200,
    "championId": 92,
    "spell1": 4,
    "spell2": 14,
    "level": 30,
    "ipEarned": 270,
    "createDate": 1398243567659,
    "fellowPlayers": [
      {
        "summonerId": 21275445,
        "teamId": 200,
        "championId": 412
      },
      {
        "summonerId": 21126643,
        "teamId": 100,
        "championId": 29
      },
      {
        "summonerId": 24191632,
        "teamId": 100,
        "championId": 22
      },
      {
        "summonerId": 34017534,
        "teamId": 200,
        "championId": 119
      },
      {
        "summonerId": 30884773,
        "teamId": 100,
        "championId": 8
      },
      {
        "summonerId": 30168896,
        "teamId": 200,
        "championId": 64
      },
      {
        "summonerId": 22184002,
        "teamId": 100,
        "championId": 101
      },
      {
        "summonerId": 35447097,
        "teamId": 200,
        "championId": 7
      },
      {
        "summonerId": 34333383,
        "teamId": 100,
        "championId": 412
      }
    ],
    "stats": {
      "level": 18,
      "goldEarned": 18503,
      "numDeaths": 8,
      "barracksKilled": 1,
      "turretsKilled": 2,
      "minionsKilled": 232,
      "championsKilled": 10,
      "goldSpent": 16605,
      "totalDamageDealt": 251364,
      "totalDamageTaken": 42744,
      "killingSprees": 3,
      "largestKillingSpree": 3,
      "team": 200,
      "win": true,
      "neutralMinionsKilled": 36,
      "largestMultiKill": 1,
      "physicalDamageDealtPlayer": 250210,
      "physicalDamageTaken": 17750,
      "magicDamageTaken": 22669,
      "timePlayed": 2664,
      "totalHeal": 7021,
      "totalUnitsHealed": 1,
      "assists": 15,
      "item0": 3074,
      "item1": 3275,
      "item2": 3071,
      "item3": 3026,
      "item4": 3072,
      "item5": 3035,
      "item6": 3340,
      "physicalDamageDealtToChampions": 30662,
      "totalDamageDealtToChampions": 31714,
      "trueDamageDealtPlayer": 1154,
      "trueDamageDealtToChampions": 1052,
      "trueDamageTaken": 2323,
      "wardPlaced": 9,
      "neutralMinionsKilledEnemyJungle": 5,
      "neutralMinionsKilledYourJungle": 31,
      "totalTimeCrowdControlDealt": 163
    }
  },
  "30168896": {
    "gameId": 818161412,
    "invalid": false,
    "gameMode": "CLASSIC",
    "gameType": "MATCHED_GAME",
    "subType": "NORMAL",
    "mapId": 1,
    "teamId": 200,
    "championId": 64,
    "spell1": 4,
    "spell2": 11,
    "level": 30,
    "ipEarned": 120,
    "createDate": 1398243567658,
    "fellowPlayers": [
      {
        "summonerId": 21275445,
        "teamId": 200,
        "championId": 412
      },
      {
        "summonerId": 21126643,
        "teamId": 100,
        "championId": 29
      },
      {
        "summonerId": 25885703,
        "teamId": 200,
        "championId": 92
      },
      {
        "summonerId": 24191632,
        "teamId": 100,
        "championId": 22
      },
      {
        "summonerId": 34017534,
        "teamId": 200,
        "championId": 119
      },
      {
        "summonerId": 30884773,
        "teamId": 100,
        "championId": 8
      },
      {
        "summonerId": 22184002,
        "teamId": 100,
        "championId": 101
      },
      {
        "summonerId": 35447097,
        "teamId": 200,
        "championId": 7
      },
      {
        "summonerId": 34333383,
        "teamId": 100,
        "championId": 412
      }
    ],
    "stats": {
      "level": 18,
      "goldEarned": 21619,
      "numDeaths": 4,
      "barracksKilled": 1,
      "turretsKilled": 3,
      "minionsKilled": 137,
      "championsKilled": 12,
      "goldSpent": 20623,
      "totalDamageDealt": 337590,
      "totalDamageTaken": 39860,
      "doubleKills": 2,
      "killingSprees": 4,
      "largestKillingSpree": 5,
      "team": 200,
      "win": true,
      "neutralMinionsKilled": 130,
      "largestMultiKill": 2,
      "physicalDamageDealtPlayer": 232497,
      "magicDamageDealtPlayer": 64503,
      "physicalDamageTaken": 23224,
      "magicDamageTaken": 14029,
      "largestCriticalStrike": 1215,
      "timePlayed": 2664,
      "totalHeal": 7639,
      "totalUnitsHealed": 1,
      "assists": 16,
      "item0": 2045,
      "item1": 3074,
      "item2": 3035,
      "item3": 3265,
      "item4": 3078,
      "item5": 3072,
      "item6": 3364,
      "sightWardsBought": 2,
      "visionWardsBought": 2,
      "magicDamageDealtToChampions": 4363,
      "physicalDamageDealtToChampions": 25777,
      "totalDamageDealtToChampions": 31416,
      "trueDamageDealtPlayer": 40589,
      "trueDamageDealtToChampions": 1275,
      "trueDamageTaken": 2605,
      "wardPlaced": 18,
      "neutralMinionsKilledEnemyJungle": 44,
      "neutralMinionsKilledYourJungle": 86,
      "totalTimeCrowdControlDealt": 947
    }
  },
  "21126643": {
    "gameId": 818161412,
    "invalid": false,
    "gameMode": "CLASSIC",
    "gameType": "MATCHED_GAME",
    "subType": "NORMAL",
    "mapId": 1,
    "teamId": 100,
    "championId": 29,
    "spell1": 4,
    "spell2": 11,
    "level": 30,
    "ipEarned": 78,
    "createDate": 1398243567654,
    "fellowPlayers": [
      {
        "summonerId": 21275445,
        "teamId": 200,
        "championId": 412
      },
      {
        "summonerId": 25885703,
        "teamId": 200,
        "championId": 92
      },
      {
        "summonerId": 24191632,
        "teamId": 100,
        "championId": 22
      },
      {
        "summonerId": 34017534,
        "teamId": 200,
        "championId": 119
      },
      {
        "summonerId": 30884773,
        "teamId": 100,
        "championId": 8
      },
      {
        "summonerId": 30168896,
        "teamId": 200,
        "championId": 64
      },
      {
        "summonerId": 22184002,
        "teamId": 100,
        "championId": 101
      },
      {
        "summonerId": 35447097,
        "teamId": 200,
        "championId": 7
      },
      {
        "summonerId": 34333383,
        "teamId": 100,
        "championId": 412
      }
    ],
    "stats": {
      "level": 18,
      "goldEarned": 14279,
      "numDeaths": 16,
      "turretsKilled": 2,
      "minionsKilled": 73,
      "championsKilled": 14,
      "goldSpent": 12750,
      "totalDamageDealt": 128194,
      "totalDamageTaken": 41749,
      "doubleKills": 1,
      "killingSprees": 4,
      "largestKillingSpree": 4,
      "team": 100,
      "win": false,
      "neutralMinionsKilled": 41,
      "largestMultiKill": 2,
      "physicalDamageDealtPlayer": 100024,
      "magicDamageDealtPlayer": 183,
      "physicalDamageTaken": 30335,
      "magicDamageTaken": 11107,
      "timePlayed": 2664,
      "totalHeal": 2246,
      "totalUnitsHealed": 1,
      "assists": 12,
      "item0": 3209,
      "item1": 3153,
      "item2": 3006,
      "item3": 3085,
      "item4": 3072,
      "item6": 3341,
      "physicalDamageDealtToChampions": 25883,
      "totalDamageDealtToChampions": 35417,
      "trueDamageDealtPlayer": 27986,
      "trueDamageDealtToChampions": 9533,
      "trueDamageTaken": 306,
      "neutralMinionsKilledYourJungle": 41,
      "totalTimeCrowdControlDealt": 846
    }
  }
}