{
  "24299898": {
    "gameId": 818161806,
    "invalid": false,
    "gameMode": "CLASSIC",
    "gameType": "MATCHED_GAME",
    "subType": "RANKED_SOLO_5x5",
    "mapId": 1,
    "teamId": 100,
    "championId": 12,
    "spell1": 4,
    "spell2": 7,
    "level": 30,
    "ipEarned": 99,
    "createDate": 1398243462395,
    "fellowPlayers": [
      {
        "summonerId": 41606416,
        "teamId": 100,
        "championId": 34
      },
      {
        "summonerId": 41605484,
        "teamId": 100,
        "championId": 24
      },
      {
        "summonerId": 44683476,
        "teamId": 200,
        "championId": 119
      },
      {
        "summonerId": 20794970,
        "teamId": 200,
        "championId": 68
      },
      {
        "summonerId": 27787485,
        "teamId": 200,
        "championId": 115
      },
      {
        "summonerId": 20060067,
        "teamId": 200,
        "championId": 57
      },
      {
        "summonerId": 21005801,
        "teamId": 100,
        "championId": 19
      },
      {
        "summonerId": 25865775,
        "teamId": 200,
        "championId": 1
      },
      {
        "summonerId": 28148728,
        "teamId": 100,
        "championId": 67
      }
    ],
    "stats": {
      "level": 15,
      "goldEarned": 9372,
      "numDeaths": 6,
      "minionsKilled": 16,
      "championsKilled": 2,
      "goldSpent": 8240,
      "totalDamageDealt": 22401,
      "totalDamageTaken": 32173,
      "team": 100,
      "win": true,
      "largestMultiKill": 1,
      "physicalDamageDealtPlayer": 6230,
      "magicDamageDealtPlayer": 16170,
      "physicalDamageTaken": 17491,
      "magicDamageTaken": 14306,
      "timePlayed": 2128,
      "totalHeal": 18780,
      "totalUnitsHealed": 37,
      "assists": 14,
      "item0": 3117,
      "item1": 2049,
      "item2": 3110,
      "item3": 3065,
      "item6": 3340,
      "sightWardsBought": 1,
      "magicDamageDealtToChampions": 5173,
      "physicalDamageDealtToChampions": 2722,
      "totalDamageDealtToChampions": 7895,
      "trueDamageTaken": 376,
      "wardPlaced": 15,
      "totalTimeCrowdControlDealt": 513
    }
  },
  "summonerCount": 10,
  "28148728": {
    "gameId": 818161806,
    "invalid": false,
    "gameMode": "CLASSIC",
    "gameType": "MATCHED_GAME",
    "subType": "RANKED_SOLO_5x5",
    "mapId": 1,
    "teamId": 100,
    "championId": 67,
    "spell1": 4,
    "spell2": 7,
    "level": 30,
    "ipEarned": 99,
    "createDate": 1398243462391,
    "fellowPlayers": [
      {
        "summonerId": 24299898,
        "teamId": 100,
        "championId": 12
      },
      {
        "summonerId": 41606416,
        "teamId": 100,
        "championId": 34
      },
      {
        "summonerId": 41605484,
        "teamId": 100,
        "championId": 24
      },
      {
        "summonerId": 44683476,
        "teamId": 200,
        "championId": 119
      },
      {
        "summonerId": 20794970,
        "teamId": 200,
        "championId": 68
      },
      {
        "summonerId": 27787485,
        "teamId": 200,
        "championId": 115
      },
      {
        "summonerId": 20060067,
        "teamId": 200,
        "championId": 57
      },
      {
        "summonerId": 21005801,
        "teamId": 100,
        "championId": 19
      },
      {
        "summonerId": 25865775,
        "teamId": 200,
        "championId": 1
      }
    ],
    "stats": {
      "level": 16,
      "goldEarned": 11318,
      "numDeaths": 3,
      "turretsKilled": 1,
      "minionsKilled": 145,
      "championsKilled": 6,
      "goldSpent": 10395,
      "totalDamageDealt": 103278,
      "totalDamageTaken": 28272,
      "killingSprees": 1,
      "largestKillingSpree": 6,
      "team": 100,
      "win": true,
      "neutralMinionsKilled": 18,
      "largestMultiKill": 1,
      "physicalDamageDealtPlayer": 90357,
      "magicDamageDealtPlayer": 105,
      "physicalDamageTaken": 12792,
      "magicDamageTaken": 15455,
      "largestCriticalStrike": 670,
      "timePlayed": 2128,
      "totalHeal": 5848,
      "totalUnitsHealed": 3,
      "assists": 8,
      "item0": 1055,
      "item1": 3250,
      "item2": 3144,
      "item3": 3046,
      "item4": 3072,
      "item6": 3340,
      "magicDamageDealtToChampions": 105,
      "physicalDamageDealtToChampions": 15778,
      "totalDamageDealtToChampions": 20105,
      "trueDamageDealtPlayer": 12815,
      "trueDamageDealtToChampions": 4221,
      "trueDamageTaken": 24,
      "wardKilled": 1,
      "wardPlaced": 5,
      "neutralMinionsKilledEnemyJungle": 3,
      "neutralMinionsKilledYourJungle": 15,
      "totalTimeCrowdControlDealt": 108
    }
  },
  "25865775": {
    "gameId": 818161806,
    "invalid": false,
    "gameMode": "CLASSIC",
    "gameType": "MATCHED_GAME",
    "subType": "RANKED_SOLO_5x5",
    "mapId": 1,
    "teamId": 200,
    "championId": 1,
    "spell1": 7,
    "spell2": 4,
    "level": 30,
    "ipEarned": 65,
    "createDate": 1398243462399,
    "fellowPlayers": [
      {
        "summonerId": 24299898,
        "teamId": 100,
        "championId": 12
      },
      {
        "summonerId": 41606416,
        "teamId": 100,
        "championId": 34
      },
      {
        "summonerId": 41605484,
        "teamId": 100,
        "championId": 24
      },
      {
        "summonerId": 44683476,
        "teamId": 200,
        "championId": 119
      },
      {
        "summonerId": 20794970,
        "teamId": 200,
        "championId": 68
      },
      {
        "summonerId": 27787485,
        "teamId": 200,
        "championId": 115
      },
      {
        "summonerId": 20060067,
        "teamId": 200,
        "championId": 57
      },
      {
        "summonerId": 21005801,
        "teamId": 100,
        "championId": 19
      },
      {
        "summonerId": 28148728,
        "teamId": 100,
        "championId": 67
      }
    ],
    "stats": {
      "level": 13,
      "goldEarned": 9361,
      "numDeaths": 5,
      "minionsKilled": 17,
      "championsKilled": 1,
      "goldSpent": 8795,
      "totalDamageDealt": 40418,
      "totalDamageTaken": 19844,
      "team": 200,
      "win": false,
      "neutralMinionsKilled": 1,
      "largestMultiKill": 1,
      "physicalDamageDealtPlayer": 7216,
      "magicDamageDealtPlayer": 33201,
      "physicalDamageTaken": 9577,
      "magicDamageTaken": 8084,
      "timePlayed": 2128,
      "totalHeal": 2648,
      "totalUnitsHealed": 5,
      "assists": 9,
      "item0": 2049,
      "item1": 3020,
      "item2": 3092,
      "item3": 3116,
      "item4": 1057,
      "item5": 1026,
      "item6": 3341,
      "sightWardsBought": 1,
      "magicDamageDealtToChampions": 13737,
      "physicalDamageDealtToChampions": 3538,
      "totalDamageDealtToChampions": 17275,
      "trueDamageTaken": 2182,
      "wardKilled": 1,
      "wardPlaced": 27,
      "neutralMinionsKilledEnemyJungle": 1,
      "totalTimeCrowdControlDealt": 275
    }
  },
  "27787485": {
    "gameId": 818161806,
    "invalid": false,
    "gameMode": "CLASSIC",
    "gameType": "MATCHED_GAME",
    "subType": "RANKED_SOLO_5x5",
    "mapId": 1,
    "teamId": 200,
    "championId": 115,
    "spell1": 14,
    "spell2": 4,
    "level": 30,
    "ipEarned": 65,
    "createDate": 1398243462398,
    "fellowPlayers": [
      {
        "summonerId": 24299898,
        "teamId": 100,
        "championId": 12
      },
      {
        "summonerId": 41606416,
        "teamId": 100,
        "championId": 34
      },
      {
        "summonerId": 41605484,
        "teamId": 100,
        "championId": 24
      },
      {
        "summonerId": 44683476,
        "teamId": 200,
        "championId": 119
      },
      {
        "summonerId": 20794970,
        "teamId": 200,
        "championId": 68
      },
      {
        "summonerId": 20060067,
        "teamId": 200,
        "championId": 57
      },
      {
        "summonerId": 21005801,
        "teamId": 100,
        "championId": 19
      },
      {
        "summonerId": 25865775,
        "teamId": 200,
        "championId": 1
      },
      {
        "summonerId": 28148728,
        "teamId": 100,
        "championId": 67
      }
    ],
    "stats": {
      "level": 16,
      "goldEarned": 12451,
      "numDeaths": 7,
      "minionsKilled": 193,
      "championsKilled": 6,
      "goldSpent": 11545,
      "totalDamageDealt": 157441,
      "totalDamageTaken": 15549,
      "killingSprees": 2,
      "largestKillingSpree": 2,
      "team": 200,
      "win": false,
      "neutralMinionsKilled": 10,
      "largestMultiKill": 1,
      "physicalDamageDealtPlayer": 11235,
      "magicDamageDealtPlayer": 145114,
      "physicalDamageTaken": 5127,
      "magicDamageTaken": 9813,
      "timePlayed": 2128,
      "totalHeal": 239,
      "totalUnitsHealed": 1,
      "assists": 9,
      "item0": 1056,
      "item1": 2003,
      "item2": 3174,
      "item3": 3255,
      "item4": 3089,
      "item5": 3100,
      "item6": 3340,
      "sightWardsBought": 1,
      "magicDamageDealtToChampions": 32777,
      "physicalDamageDealtToChampions": 1579,
      "totalDamageDealtToChampions": 35449,
      "trueDamageDealtPlayer": 1092,
      "trueDamageDealtToChampions": 1092,
      "trueDamageTaken": 608,
      "wardPlaced": 11,
      "neutralMinionsKilledEnemyJungle": 4,
      "neutralMinionsKilledYourJungle": 6,
      "totalTimeCrowdControlDealt": 600
    }
  },
  "44683476": {
    "gameId": 818161806,
    "invalid": false,
    "gameMode": "CLASSIC",
    "gameType": "MATCHED_GAME",
    "subType": "RANKED_SOLO_5x5",
    "mapId": 1,
    "teamId": 200,
    "championId": 119,
    "spell1": 21,
    "spell2": 4,
    "level": 30,
    "ipEarned": 65,
    "createDate": 1398243462397,
    "fellowPlayers": [
      {
        "summonerId": 24299898,
        "teamId": 100,
        "championId": 12
      },
      {
        "summonerId": 41606416,
        "teamId": 100,
        "championId": 34
      },
      {
        "summonerId": 41605484,
        "teamId": 100,
        "championId": 24
      },
      {
        "summonerId": 20794970,
        "teamId": 200,
        "championId": 68
      },
      {
        "summonerId": 27787485,
        "teamId": 200,
        "championId": 115
      },
      {
        "summonerId": 20060067,
        "teamId": 200,
        "championId": 57
      },
      {
        "summonerId": 21005801,
        "teamId": 100,
        "championId": 19
      },
      {
        "summonerId": 25865775,
        "teamId": 200,
        "championId": 1
      },
      {
        "summonerId": 28148728,
        "teamId": 100,
        "championId": 67
      }
    ],
    "stats": {
      "level": 14,
      "goldEarned": 13256,
      "numDeaths": 6,
      "minionsKilled": 171,
      "championsKilled": 8,
      "goldSpent": 13115,
      "totalDamageDealt": 127508,
      "totalDamageTaken": 27801,
      "doubleKills": 2,
      "killingSprees": 1,
      "largestKillingSpree": 5,
      "team": 200,
      "win": false,
      "neutralMinionsKilled": 11,
      "largestMultiKill": 2,
      "physicalDamageDealtPlayer": 126864,
      "physicalDamageTaken": 15595,
      "magicDamageTaken": 11309,
      "largestCriticalStrike": 810,
      "timePlayed": 2128,
      "totalHeal": 1249,
      "totalUnitsHealed": 1,
      "assists": 4,
      "item0": 3031,
      "item1": 3072,
      "item2": 3006,
      "item3": 3046,
      "item4": 3211,
      "item5": 1028,
      "item6": 3340,
      "physicalDamageDealtToChampions": 29498,
      "totalDamageDealtToChampions": 29974,
      "trueDamageDealtPlayer": 644,
      "trueDamageDealtToChampions": 476,
      "trueDamageTaken": 895,
      "wardKilled": 3,
      "wardPlaced": 8,
      "neutralMinionsKilledEnemyJungle": 5,
      "neutralMinionsKilledYourJungle": 6,
      "totalTimeCrowdControlDealt": 174
    }
  },
  "41606416": {
    "gameId": 818161806,
    "invalid": false,
    "gameMode": "CLASSIC",
    "gameType": "MATCHED_GAME",
    "subType": "RANKED_SOLO_5x5",
    "mapId": 1,
    "teamId": 100,
    "championId": 34,
    "spell1": 4,
    "spell2": 14,
    "level": 30,
    "ipEarned": 99,
    "createDate": 1398243462392,
    "fellowPlayers": [
      {
        "summonerId": 24299898,
        "teamId": 100,
        "championId": 12
      },
      {
        "summonerId": 41605484,
        "teamId": 100,
        "championId": 24
      },
      {
        "summonerId": 44683476,
        "teamId": 200,
        "championId": 119
      },
      {
        "summonerId": 20794970,
        "teamId": 200,
        "championId": 68
      },
      {
        "summonerId": 27787485,
        "teamId": 200,
        "championId": 115
      },
      {
        "summonerId": 20060067,
        "teamId": 200,
        "championId": 57
      },
      {
        "summonerId": 21005801,
        "teamId": 100,
        "championId": 19
      },
      {
        "summonerId": 25865775,
        "teamId": 200,
        "championId": 1
      },
      {
        "summonerId": 28148728,
        "teamId": 100,
        "championId": 67
      }
    ],
    "stats": {
      "level": 17,
      "goldEarned": 13705,
      "numDeaths": 4,
      "minionsKilled": 187,
      "championsKilled": 11,
      "goldSpent": 12720,
      "totalDamageDealt": 153158,
      "totalDamageTaken": 29840,
      "killingSprees": 1,
      "largestKillingSpree": 9,
      "team": 100,
      "win": true,
      "neutralMinionsKilled": 17,
      "largestMultiKill": 1,
      "physicalDamageDealtPlayer": 11931,
      "magicDamageDealtPlayer": 140034,
      "physicalDamageTaken": 10227,
      "magicDamageTaken": 19212,
      "largestCriticalStrike": 704,
      "timePlayed": 2128,
      "totalHeal": 16341,
      "totalUnitsHealed": 1,
      "assists": 5,
      "item0": 3174,
      "item1": 3151,
      "item2": 1056,
      "item3": 3255,
      "item4": 1058,
      "item5": 3027,
      "item6": 3340,
      "visionWardsBought": 1,
      "magicDamageDealtToChampions": 25850,
      "physicalDamageDealtToChampions": 878,
      "totalDamageDealtToChampions": 27921,
      "trueDamageDealtPlayer": 1192,
      "trueDamageDealtToChampions": 1192,
      "trueDamageTaken": 400,
      "wardPlaced": 11,
      "neutralMinionsKilledEnemyJungle": 7,
      "neutralMinionsKilledYourJungle": 10,
      "totalTimeCrowdControlDealt": 4782
    }
  },
  "20794970": {
    "gameId": 818161806,
    "invalid": false,
    "gameMode": "CLASSIC",
    "gameType": "MATCHED_GAME",
    "subType": "RANKED_SOLO_5x5",
    "mapId": 1,
    "teamId": 200,
    "championId": 68,
    "spell1": 4,
    "spell2": 3,
    "level": 30,
    "ipEarned": 65,
    "createDate": 1398243462406,
    "fellowPlayers": [
      {
        "summonerId": 24299898,
        "teamId": 100,
        "championId": 12
      },
      {
        "summonerId": 41606416,
        "teamId": 100,
        "championId": 34
      },
      {
        "summonerId": 41605484,
        "teamId": 100,
        "championId": 24
      },
      {
        "summonerId": 44683476,
        "teamId": 200,
        "championId": 119
      },
      {
        "summonerId": 27787485,
        "teamId": 200,
        "championId": 115
      },
      {
        "summonerId": 20060067,
        "teamId": 200,
        "championId": 57
      },
      {
        "summonerId": 21005801,
        "teamId": 100,
        "championId": 19
      },
      {
        "summonerId": 25865775,
        "teamId": 200,
        "championId": 1
      },
      {
        "summonerId": 28148728,
        "teamId": 100,
        "championId": 67
      }
    ],
    "stats": {
      "level": 14,
      "goldEarned": 9222,
      "numDeaths": 7,
      "turretsKilled": 2,
      "minionsKilled": 96,
      "championsKilled": 4,
      "goldSpent": 9150,
      "totalDamageDealt": 79327,
      "totalDamageTaken": 20466,
      "doubleKills": 1,
      "killingSprees": 1,
      "largestKillingSpree": 2,
      "team": 200,
      "win": false,
      "largestMultiKill": 2,
      "physicalDamageDealtPlayer": 20737,
      "magicDamageDealtPlayer": 58063,
      "physicalDamageTaken": 11618,
      "magicDamageTaken": 7665,
      "timePlayed": 2128,
      "totalHeal": 1426,
      "totalUnitsHealed": 1,
      "assists": 6,
      "item0": 3191,
      "item1": 3111,
      "item2": 3146,
      "item3": 3151,
      "item6": 3340,
      "magicDamageDealtToChampions": 13934,
      "physicalDamageDealtToChampions": 3043,
      "totalDamageDealtToChampions": 17049,
      "trueDamageDealtPlayer": 526,
      "trueDamageDealtToChampions": 72,
      "trueDamageTaken": 1181,
      "wardPlaced": 7,
      "totalTimeCrowdControlDealt": 550
    }
  },
  "20060067": {
    "gameId": 818161806,
    "invalid": false,
    "gameMode": "CLASSIC",
    "gameType": "MATCHED_GAME",
    "subType": "RANKED_SOLO_5x5",
    "mapId": 1,
    "teamId": 200,
    "championId": 57,
    "spell1": 4,
    "spell2": 11,
    "level": 30,
    "ipEarned": 65,
    "createDate": 1398243462396,
    "fellowPlayers": [
      {
        "summonerId": 24299898,
        "teamId": 100,
        "championId": 12
      },
      {
        "summonerId": 41606416,
        "teamId": 100,
        "championId": 34
      },
      {
        "summonerId": 41605484,
        "teamId": 100,
        "championId": 24
      },
      {
        "summonerId": 44683476,
        "teamId": 200,
        "championId": 119
      },
      {
        "summonerId": 20794970,
        "teamId": 200,
        "championId": 68
      },
      {
        "summonerId": 27787485,
        "teamId": 200,
        "championId": 115
      },
      {
        "summonerId": 21005801,
        "teamId": 100,
        "championId": 19
      },
      {
        "summonerId": 25865775,
        "teamId": 200,
        "championId": 1
      },
      {
        "summonerId": 28148728,
        "teamId": 100,
        "championId": 67
      }
    ],
    "stats": {
      "level": 15,
      "goldEarned": 9301,
      "numDeaths": 8,
      "minionsKilled": 48,
      "championsKilled": 3,
      "goldSpent": 8865,
      "totalDamageDealt": 93294,
      "totalDamageTaken": 36901,
      "team": 200,
      "win": false,
      "neutralMinionsKilled": 39,
      "largestMultiKill": 1,
      "physicalDamageDealtPlayer": 16581,
      "magicDamageDealtPlayer": 70023,
      "physicalDamageTaken": 22372,
      "magicDamageTaken": 11048,
      "timePlayed": 2128,
      "totalHeal": 7089,
      "totalUnitsHealed": 1,
      "assists": 9,
      "item0": 3207,
      "item1": 3117,
      "item2": 3068,
      "item3": 3065,
      "item6": 3342,
      "magicDamageDealtToChampions": 17192,
      "physicalDamageDealtToChampions": 1989,
      "totalDamageDealtToChampions": 19241,
      "trueDamageDealtPlayer": 6690,
      "trueDamageDealtToChampions": 60,
      "trueDamageTaken": 3480,
      "neutralMinionsKilledEnemyJungle": 2,
      "neutralMinionsKilledYourJungle": 37,
      "totalTimeCrowdControlDealt": 542
    }
  },
  "21005801": {
    "gameId": 818161806,
    "invalid": false,
    "gameMode": "CLASSIC",
    "gameType": "MATCHED_GAME",
    "subType": "RANKED_SOLO_5x5",
    "mapId": 1,
    "teamId": 100,
    "championId": 19,
    "spell1": 14,
    "spell2": 4,
    "level": 30,
    "ipEarned": 99,
    "createDate": 1398243462394,
    "fellowPlayers": [
      {
        "summonerId": 24299898,
        "teamId": 100,
        "championId": 12
      },
      {
        "summonerId": 41606416,
        "teamId": 100,
        "championId": 34
      },
      {
        "summonerId": 41605484,
        "teamId": 100,
        "championId": 24
      },
      {
        "summonerId": 44683476,
        "teamId": 200,
        "championId": 119
      },
      {
        "summonerId": 20794970,
        "teamId": 200,
        "championId": 68
      },
      {
        "summonerId": 27787485,
        "teamId": 200,
        "championId": 115
      },
      {
        "summonerId": 20060067,
        "teamId": 200,
        "championId": 57
      },
      {
        "summonerId": 25865775,
        "teamId": 200,
        "championId": 1
      },
      {
        "summonerId": 28148728,
        "teamId": 100,
        "championId": 67
      }
    ],
    "stats": {
      "level": 17,
      "goldEarned": 13656,
      "numDeaths": 3,
      "barracksKilled": 1,
      "minionsKilled": 153,
      "championsKilled": 13,
      "goldSpent": 11595,
      "totalDamageDealt": 106560,
      "totalDamageTaken": 43929,
      "doubleKills": 3,
      "killingSprees": 2,
      "largestKillingSpree": 6,
      "team": 100,
      "win": true,
      "neutralMinionsKilled": 9,
      "largestMultiKill": 2,
      "physicalDamageDealtPlayer": 72138,
      "magicDamageDealtPlayer": 32086,
      "physicalDamageTaken": 28379,
      "magicDamageTaken": 14904,
      "timePlayed": 2128,
      "totalHeal": 19041,
      "totalUnitsHealed": 1,
      "assists": 12,
      "item0": 3111,
      "item1": 3091,
      "item2": 3155,
      "item3": 3065,
      "item4": 3068,
      "item5": 1011,
      "item6": 3340,
      "magicDamageDealtToChampions": 13417,
      "physicalDamageDealtToChampions": 7281,
      "totalDamageDealtToChampions": 22710,
      "trueDamageDealtPlayer": 2336,
      "trueDamageDealtToChampions": 2012,
      "trueDamageTaken": 646,
      "wardPlaced": 5,
      "neutralMinionsKilledEnemyJungle": 3,
      "neutralMinionsKilledYourJungle": 6,
      "totalTimeCrowdControlDealt": 150
    }
  },
  "24299898": {
    "gameId": 818161806,
    "invalid": false,
    "gameMode": "CLASSIC",
    "gameType": "MATCHED_GAME",
    "subType": "RANKED_SOLO_5x5",
    "mapId": 1,
    "teamId": 100,
    "championId": 12,
    "spell1": 4,
    "spell2": 7,
    "level": 30,
    "ipEarned": 99,
    "createDate": 1398243462395,
    "fellowPlayers": [
      {
        "summonerId": 41606416,
        "teamId": 100,
        "championId": 34
      },
      {
        "summonerId": 41605484,
        "teamId": 100,
        "championId": 24
      },
      {
        "summonerId": 44683476,
        "teamId": 200,
        "championId": 119
      },
      {
        "summonerId": 20794970,
        "teamId": 200,
        "championId": 68
      },
      {
        "summonerId": 27787485,
        "teamId": 200,
        "championId": 115
      },
      {
        "summonerId": 20060067,
        "teamId": 200,
        "championId": 57
      },
      {
        "summonerId": 21005801,
        "teamId": 100,
        "championId": 19
      },
      {
        "summonerId": 25865775,
        "teamId": 200,
        "championId": 1
      },
      {
        "summonerId": 28148728,
        "teamId": 100,
        "championId": 67
      }
    ],
    "stats": {
      "level": 15,
      "goldEarned": 9372,
      "numDeaths": 6,
      "minionsKilled": 16,
      "championsKilled": 2,
      "goldSpent": 8240,
      "totalDamageDealt": 22401,
      "totalDamageTaken": 32173,
      "team": 100,
      "win": true,
      "largestMultiKill": 1,
      "physicalDamageDealtPlayer": 6230,
      "magicDamageDealtPlayer": 16170,
      "physicalDamageTaken": 17491,
      "magicDamageTaken": 14306,
      "timePlayed": 2128,
      "totalHeal": 18780,
      "totalUnitsHealed": 37,
      "assists": 14,
      "item0": 3117,
      "item1": 2049,
      "item2": 3110,
      "item3": 3065,
      "item6": 3340,
      "sightWardsBought": 1,
      "magicDamageDealtToChampions": 5173,
      "physicalDamageDealtToChampions": 2722,
      "totalDamageDealtToChampions": 7895,
      "trueDamageTaken": 376,
      "wardPlaced": 15,
      "totalTimeCrowdControlDealt": 513
    }
  }
}