{
  "39709559": {
    "gameId": 818161781,
    "invalid": false,
    "gameMode": "CLASSIC",
    "gameType": "MATCHED_GAME",
    "subType": "NORMAL",
    "mapId": 1,
    "teamId": 200,
    "championId": 75,
    "spell1": 4,
    "spell2": 14,
    "level": 27,
    "ipEarned": 54,
    "createDate": 1398242713018,
    "fellowPlayers": [
      {
        "summonerId": 40966107,
        "teamId": 100,
        "championId": 15
      },
      {
        "summonerId": 26600795,
        "teamId": 100,
        "championId": 121
      },
      {
        "summonerId": 41816293,
        "teamId": 200,
        "championId": 11
      },
      {
        "summonerId": 41712681,
        "teamId": 200,
        "championId": 19
      },
      {
        "summonerId": 40385502,
        "teamId": 200,
        "championId": 8
      },
      {
        "summonerId": 42674757,
        "teamId": 100,
        "championId": 24
      },
      {
        "summonerId": 23917883,
        "teamId": 100,
        "championId": 12
      },
      {
        "summonerId": 38233656,
        "teamId": 200,
        "championId": 115
      },
      {
        "summonerId": 38547299,
        "teamId": 100,
        "championId": 238
      }
    ],
    "stats": {
      "level": 11,
      "goldEarned": 5320,
      "numDeaths": 8,
      "minionsKilled": 45,
      "goldSpent": 4775,
      "totalDamageDealt": 44786,
      "totalDamageTaken": 28722,
      "team": 200,
      "win": false,
      "neutralMinionsKilled": 17,
      "physicalDamageDealtPlayer": 31178,
      "magicDamageDealtPlayer": 12269,
      "physicalDamageTaken": 25375,
      "magicDamageTaken": 2767,
      "timePlayed": 1678,
      "totalHeal": 307,
      "totalUnitsHealed": 1,
      "assists": 3,
      "item0": 1054,
      "item1": 3083,
      "item2": 1011,
      "item3": 1028,
      "item6": 3340,
      "magicDamageDealtToChampions": 2814,
      "physicalDamageDealtToChampions": 2731,
      "totalDamageDealtToChampions": 6366,
      "trueDamageDealtPlayer": 1338,
      "trueDamageDealtToChampions": 820,
      "trueDamageTaken": 578,
      "wardPlaced": 1,
      "neutralMinionsKilledEnemyJungle": 2,
      "neutralMinionsKilledYourJungle": 15,
      "totalTimeCrowdControlDealt": 153
    }
  },
  "summonerCount": 10,
  "38233656": {
    "gameId": 818161781,
    "invalid": false,
    "gameMode": "CLASSIC",
    "gameType": "MATCHED_GAME",
    "subType": "NORMAL",
    "mapId": 1,
    "teamId": 200,
    "championId": 115,
    "spell1": 21,
    "spell2": 14,
    "level": 29,
    "ipEarned": 54,
    "createDate": 1398242713016,
    "fellowPlayers": [
      {
        "summonerId": 40966107,
        "teamId": 100,
        "championId": 15
      },
      {
        "summonerId": 26600795,
        "teamId": 100,
        "championId": 121
      },
      {
        "summonerId": 39709559,
        "teamId": 200,
        "championId": 75
      },
      {
        "summonerId": 41816293,
        "teamId": 200,
        "championId": 11
      },
      {
        "summonerId": 41712681,
        "teamId": 200,
        "championId": 19
      },
      {
        "summonerId": 40385502,
        "teamId": 200,
        "championId": 8
      },
      {
        "summonerId": 42674757,
        "teamId": 100,
        "championId": 24
      },
      {
        "summonerId": 23917883,
        "teamId": 100,
        "championId": 12
      },
      {
        "summonerId": 38547299,
        "teamId": 100,
        "championId": 238
      }
    ],
    "stats": {
      "level": 11,
      "goldEarned": 7668,
      "numDeaths": 10,
      "minionsKilled": 65,
      "championsKilled": 6,
      "goldSpent": 8730,
      "totalDamageDealt": 58074,
      "totalDamageTaken": 15440,
      "doubleKills": 1,
      "killingSprees": 1,
      "largestKillingSpree": 3,
      "team": 200,
      "win": false,
      "neutralMinionsKilled": 1,
      "largestMultiKill": 2,
      "physicalDamageDealtPlayer": 9095,
      "magicDamageDealtPlayer": 48361,
      "physicalDamageTaken": 12827,
      "magicDamageTaken": 1638,
      "timePlayed": 1678,
      "totalHeal": 141,
      "totalUnitsHealed": 1,
      "assists": 6,
      "item0": 2003,
      "item1": 2004,
      "item2": 3089,
      "item3": 1052,
      "item4": 3255,
      "item6": 3340,
      "magicDamageDealtToChampions": 15563,
      "physicalDamageDealtToChampions": 1641,
      "totalDamageDealtToChampions": 17823,
      "trueDamageDealtPlayer": 618,
      "trueDamageDealtToChampions": 618,
      "trueDamageTaken": 974,
      "wardPlaced": 4,
      "neutralMinionsKilledYourJungle": 1,
      "totalTimeCrowdControlDealt": 258
    }
  },
  "38547299": {
    "gameId": 818161781,
    "invalid": false,
    "gameMode": "CLASSIC",
    "gameType": "MATCHED_GAME",
    "subType": "NORMAL",
    "mapId": 1,
    "teamId": 100,
    "championId": 238,
    "spell1": 4,
    "spell2": 14,
    "level": 30,
    "ipEarned": 80,
    "createDate": 1398242713010,
    "fellowPlayers": [
      {
        "summonerId": 40966107,
        "teamId": 100,
        "championId": 15
      },
      {
        "summonerId": 26600795,
        "teamId": 100,
        "championId": 121
      },
      {
        "summonerId": 39709559,
        "teamId": 200,
        "championId": 75
      },
      {
        "summonerId": 41816293,
        "teamId": 200,
        "championId": 11
      },
      {
        "summonerId": 41712681,
        "teamId": 200,
        "championId": 19
      },
      {
        "summonerId": 40385502,
        "teamId": 200,
        "championId": 8
      },
      {
        "summonerId": 42674757,
        "teamId": 100,
        "championId": 24
      },
      {
        "summonerId": 23917883,
        "teamId": 100,
        "championId": 12
      },
      {
        "summonerId": 38233656,
        "teamId": 200,
        "championId": 115
      }
    ],
    "stats": {
      "level": 15,
      "goldEarned": 10485,
      "numDeaths": 10,
      "turretsKilled": 1,
      "minionsKilled": 80,
      "championsKilled": 10,
      "goldSpent": 9170,
      "totalDamageDealt": 83316,
      "totalDamageTaken": 25105,
      "doubleKills": 1,
      "killingSprees": 2,
      "largestKillingSpree": 4,
      "team": 100,
      "win": true,
      "neutralMinionsKilled": 14,
      "largestMultiKill": 2,
      "physicalDamageDealtPlayer": 77281,
      "magicDamageDealtPlayer": 4821,
      "physicalDamageTaken": 11574,
      "magicDamageTaken": 12732,
      "timePlayed": 1678,
      "totalHeal": 3067,
      "totalUnitsHealed": 1,
      "assists": 11,
      "item0": 3270,
      "item1": 3153,
      "item2": 1055,
      "item3": 3071,
      "item4": 1053,
      "item6": 3340,
      "magicDamageDealtToChampions": 1754,
      "physicalDamageDealtToChampions": 20702,
      "totalDamageDealtToChampions": 23670,
      "trueDamageDealtPlayer": 1214,
      "trueDamageDealtToChampions": 1214,
      "trueDamageTaken": 798,
      "wardPlaced": 26,
      "neutralMinionsKilledEnemyJungle": 3,
      "neutralMinionsKilledYourJungle": 11,
      "totalTimeCrowdControlDealt": 70
    }
  },
  "41816293": {
    "gameId": 818161781,
    "invalid": false,
    "gameMode": "CLASSIC",
    "gameType": "MATCHED_GAME",
    "subType": "NORMAL",
    "mapId": 1,
    "teamId": 200,
    "championId": 11,
    "spell1": 14,
    "spell2": 11,
    "level": 30,
    "ipEarned": 54,
    "createDate": 1398242713015,
    "fellowPlayers": [
      {
        "summonerId": 40966107,
        "teamId": 100,
        "championId": 15
      },
      {
        "summonerId": 26600795,
        "teamId": 100,
        "championId": 121
      },
      {
        "summonerId": 39709559,
        "teamId": 200,
        "championId": 75
      },
      {
        "summonerId": 41712681,
        "teamId": 200,
        "championId": 19
      },
      {
        "summonerId": 40385502,
        "teamId": 200,
        "championId": 8
      },
      {
        "summonerId": 42674757,
        "teamId": 100,
        "championId": 24
      },
      {
        "summonerId": 23917883,
        "teamId": 100,
        "championId": 12
      },
      {
        "summonerId": 38233656,
        "teamId": 200,
        "championId": 115
      },
      {
        "summonerId": 38547299,
        "teamId": 100,
        "championId": 238
      }
    ],
    "stats": {
      "level": 14,
      "goldEarned": 10547,
      "numDeaths": 12,
      "minionsKilled": 66,
      "championsKilled": 12,
      "goldSpent": 10225,
      "totalDamageDealt": 83021,
      "totalDamageTaken": 21880,
      "doubleKills": 2,
      "tripleKills": 1,
      "killingSprees": 3,
      "largestKillingSpree": 3,
      "team": 200,
      "win": false,
      "neutralMinionsKilled": 22,
      "largestMultiKill": 3,
      "physicalDamageDealtPlayer": 69342,
      "magicDamageDealtPlayer": 7150,
      "physicalDamageTaken": 18707,
      "magicDamageTaken": 2625,
      "largestCriticalStrike": 628,
      "timePlayed": 1678,
      "totalHeal": 1657,
      "totalUnitsHealed": 1,
      "assists": 5,
      "item0": 3154,
      "item1": 3087,
      "item2": 3250,
      "item3": 1038,
      "item4": 1038,
      "item5": 1037,
      "item6": 3340,
      "magicDamageDealtToChampions": 1162,
      "physicalDamageDealtToChampions": 15476,
      "totalDamageDealtToChampions": 17946,
      "trueDamageDealtPlayer": 6528,
      "trueDamageDealtToChampions": 1308,
      "trueDamageTaken": 547,
      "wardPlaced": 3,
      "neutralMinionsKilledEnemyJungle": 3,
      "neutralMinionsKilledYourJungle": 19,
      "totalTimeCrowdControlDealt": 45
    }
  },
  "41712681": {
    "gameId": 818161781,
    "invalid": false,
    "gameMode": "CLASSIC",
    "gameType": "MATCHED_GAME",
    "subType": "NORMAL",
    "mapId": 1,
    "teamId": 200,
    "championId": 19,
    "spell1": 12,
    "spell2": 14,
    "level": 27,
    "ipEarned": 54,
    "createDate": 1398242713019,
    "fellowPlayers": [
      {
        "summonerId": 40966107,
        "teamId": 100,
        "championId": 15
      },
      {
        "summonerId": 26600795,
        "teamId": 100,
        "championId": 121
      },
      {
        "summonerId": 39709559,
        "teamId": 200,
        "championId": 75
      },
      {
        "summonerId": 41816293,
        "teamId": 200,
        "championId": 11
      },
      {
        "summonerId": 40385502,
        "teamId": 200,
        "championId": 8
      },
      {
        "summonerId": 42674757,
        "teamId": 100,
        "championId": 24
      },
      {
        "summonerId": 23917883,
        "teamId": 100,
        "championId": 12
      },
      {
        "summonerId": 38233656,
        "teamId": 200,
        "championId": 115
      },
      {
        "summonerId": 38547299,
        "teamId": 100,
        "championId": 238
      }
    ],
    "stats": {
      "level": 12,
      "goldEarned": 6368,
      "numDeaths": 16,
      "minionsKilled": 13,
      "championsKilled": 4,
      "goldSpent": 5705,
      "totalDamageDealt": 27409,
      "totalDamageTaken": 27622,
      "team": 200,
      "win": false,
      "neutralMinionsKilled": 12,
      "largestMultiKill": 1,
      "physicalDamageDealtPlayer": 16455,
      "magicDamageDealtPlayer": 10187,
      "physicalDamageTaken": 23021,
      "magicDamageTaken": 4073,
      "timePlayed": 1678,
      "totalHeal": 5324,
      "totalUnitsHealed": 1,
      "assists": 7,
      "item0": 3047,
      "item1": 3091,
      "item3": 3144,
      "item4": 1042,
      "item5": 1042,
      "item6": 3341,
      "magicDamageDealtToChampions": 5577,
      "physicalDamageDealtToChampions": 3707,
      "totalDamageDealtToChampions": 10050,
      "trueDamageDealtPlayer": 766,
      "trueDamageDealtToChampions": 766,
      "trueDamageTaken": 528,
      "neutralMinionsKilledYourJungle": 12,
      "totalTimeCrowdControlDealt": 28
    }
  },
  "42674757": {
    "gameId": 818161781,
    "invalid": false,
    "gameMode": "CLASSIC",
    "gameType": "MATCHED_GAME",
    "subType": "NORMAL",
    "mapId": 1,
    "teamId": 100,
    "championId": 24,
    "spell1": 4,
    "spell2": 14,
    "level": 21,
    "ipEarned": 80,
    "createDate": 1398242713011,
    "fellowPlayers": [
      {
        "summonerId": 40966107,
        "teamId": 100,
        "championId": 15
      },
      {
        "summonerId": 26600795,
        "teamId": 100,
        "championId": 121
      },
      {
        "summonerId": 39709559,
        "teamId": 200,
        "championId": 75
      },
      {
        "summonerId": 41816293,
        "teamId": 200,
        "championId": 11
      },
      {
        "summonerId": 41712681,
        "teamId": 200,
        "championId": 19
      },
      {
        "summonerId": 40385502,
        "teamId": 200,
        "championId": 8
      },
      {
        "summonerId": 23917883,
        "teamId": 100,
        "championId": 12
      },
      {
        "summonerId": 38233656,
        "teamId": 200,
        "championId": 115
      },
      {
        "summonerId": 38547299,
        "teamId": 100,
        "championId": 238
      }
    ],
    "stats": {
      "level": 15,
      "goldEarned": 11160,
      "numDeaths": 2,
      "turretsKilled": 2,
      "minionsKilled": 70,
      "championsKilled": 9,
      "goldSpent": 8615,
      "totalDamageDealt": 60416,
      "totalDamageTaken": 16306,
      "doubleKills": 2,
      "killingSprees": 3,
      "largestKillingSpree": 3,
      "team": 100,
      "win": true,
      "neutralMinionsKilled": 6,
      "largestMultiKill": 2,
      "physicalDamageDealtPlayer": 50893,
      "magicDamageDealtPlayer": 9345,
      "physicalDamageTaken": 7689,
      "magicDamageTaken": 7998,
      "timePlayed": 1678,
      "assists": 16,
      "item0": 3047,
      "item1": 3153,
      "item2": 3146,
      "item3": 1037,
      "item6": 3340,
      "magicDamageDealtToChampions": 3015,
      "physicalDamageDealtToChampions": 11773,
      "totalDamageDealtToChampions": 14966,
      "trueDamageDealtPlayer": 178,
      "trueDamageDealtToChampions": 178,
      "trueDamageTaken": 618,
      "wardPlaced": 4,
      "neutralMinionsKilledEnemyJungle": 1,
      "neutralMinionsKilledYourJungle": 5,
      "totalTimeCrowdControlDealt": 40
    }
  },
  "23917883": {
    "gameId": 818161781,
    "invalid": false,
    "gameMode": "CLASSIC",
    "gameType": "MATCHED_GAME",
    "subType": "NORMAL",
    "mapId": 1,
    "teamId": 100,
    "championId": 12,
    "spell1": 4,
    "spell2": 14,
    "level": 30,
    "ipEarned": 80,
    "createDate": 1398242713013,
    "fellowPlayers": [
      {
        "summonerId": 40966107,
        "teamId": 100,
        "championId": 15
      },
      {
        "summonerId": 26600795,
        "teamId": 100,
        "championId": 121
      },
      {
        "summonerId": 39709559,
        "teamId": 200,
        "championId": 75
      },
      {
        "summonerId": 41816293,
        "teamId": 200,
        "championId": 11
      },
      {
        "summonerId": 41712681,
        "teamId": 200,
        "championId": 19
      },
      {
        "summonerId": 40385502,
        "teamId": 200,
        "championId": 8
      },
      {
        "summonerId": 42674757,
        "teamId": 100,
        "championId": 24
      },
      {
        "summonerId": 38233656,
        "teamId": 200,
        "championId": 115
      },
      {
        "summonerId": 38547299,
        "teamId": 100,
        "championId": 238
      }
    ],
    "stats": {
      "level": 14,
      "goldEarned": 10384,
      "numDeaths": 7,
      "minionsKilled": 35,
      "championsKilled": 7,
      "goldSpent": 9405,
      "totalDamageDealt": 31427,
      "totalDamageTaken": 26606,
      "killingSprees": 1,
      "largestKillingSpree": 2,
      "team": 100,
      "win": true,
      "neutralMinionsKilled": 1,
      "largestMultiKill": 1,
      "physicalDamageDealtPlayer": 13136,
      "magicDamageDealtPlayer": 17750,
      "physicalDamageTaken": 15833,
      "magicDamageTaken": 9275,
      "timePlayed": 1678,
      "totalHeal": 6115,
      "totalUnitsHealed": 22,
      "assists": 17,
      "item0": 3096,
      "item1": 3027,
      "item2": 3089,
      "item3": 1026,
      "item4": 1011,
      "item5": 1001,
      "item6": 3340,
      "sightWardsBought": 2,
      "magicDamageDealtToChampions": 7502,
      "physicalDamageDealtToChampions": 2854,
      "totalDamageDealtToChampions": 10898,
      "trueDamageDealtPlayer": 541,
      "trueDamageDealtToChampions": 541,
      "trueDamageTaken": 1498,
      "wardPlaced": 3,
      "neutralMinionsKilledYourJungle": 1,
      "totalTimeCrowdControlDealt": 81
    }
  },
  "40385502": {
    "gameId": 818161781,
    "invalid": false,
    "gameMode": "CLASSIC",
    "gameType": "MATCHED_GAME",
    "subType": "NORMAL",
    "mapId": 1,
    "teamId": 200,
    "championId": 8,
    "spell1": 4,
    "spell2": 14,
    "level": 30,
    "ipEarned": 54,
    "createDate": 1398242713020,
    "fellowPlayers": [
      {
        "summonerId": 40966107,
        "teamId": 100,
        "championId": 15
      },
      {
        "summonerId": 26600795,
        "teamId": 100,
        "championId": 121
      },
      {
        "summonerId": 39709559,
        "teamId": 200,
        "championId": 75
      },
      {
        "summonerId": 41816293,
        "teamId": 200,
        "championId": 11
      },
      {
        "summonerId": 41712681,
        "teamId": 200,
        "championId": 19
      },
      {
        "summonerId": 42674757,
        "teamId": 100,
        "championId": 24
      },
      {
        "summonerId": 23917883,
        "teamId": 100,
        "championId": 12
      },
      {
        "summonerId": 38233656,
        "teamId": 200,
        "championId": 115
      },
      {
        "summonerId": 38547299,
        "teamId": 100,
        "championId": 238
      }
    ],
    "stats": {
      "level": 14,
      "goldEarned": 7937,
      "numDeaths": 10,
      "turretsKilled": 1,
      "minionsKilled": 100,
      "championsKilled": 3,
      "goldSpent": 7405,
      "totalDamageDealt": 79721,
      "totalDamageTaken": 26135,
      "team": 200,
      "win": false,
      "neutralMinionsKilled": 3,
      "largestMultiKill": 1,
      "physicalDamageDealtPlayer": 5763,
      "magicDamageDealtPlayer": 72930,
      "physicalDamageTaken": 21325,
      "magicDamageTaken": 3869,
      "timePlayed": 1678,
      "totalHeal": 6916,
      "totalUnitsHealed": 1,
      "assists": 8,
      "item0": 1054,
      "item1": 2003,
      "item2": 3020,
      "item3": 3152,
      "item4": 3116,
      "item6": 3340,
      "sightWardsBought": 2,
      "magicDamageDealtToChampions": 18632,
      "physicalDamageDealtToChampions": 655,
      "totalDamageDealtToChampions": 20316,
      "trueDamageDealtPlayer": 1028,
      "trueDamageDealtToChampions": 1028,
      "trueDamageTaken": 939,
      "wardPlaced": 4,
      "neutralMinionsKilledYourJungle": 3,
      "totalTimeCrowdControlDealt": 131
    }
  },
  "26600795": {
    "gameId": 818161781,
    "invalid": false,
    "gameMode": "CLASSIC",
    "gameType": "MATCHED_GAME",
    "subType": "NORMAL",
    "mapId": 1,
    "teamId": 100,
    "championId": 121,
    "spell1": 11,
    "spell2": 4,
    "level": 30,
    "ipEarned": 80,
    "createDate": 1398242713012,
    "fellowPlayers": [
      {
        "summonerId": 40966107,
        "teamId": 100,
        "championId": 15
      },
      {
        "summonerId": 39709559,
        "teamId": 200,
        "championId": 75
      },
      {
        "summonerId": 41816293,
        "teamId": 200,
        "championId": 11
      },
      {
        "summonerId": 41712681,
        "teamId": 200,
        "championId": 19
      },
      {
        "summonerId": 40385502,
        "teamId": 200,
        "championId": 8
      },
      {
        "summonerId": 42674757,
        "teamId": 100,
        "championId": 24
      },
      {
        "summonerId": 23917883,
        "teamId": 100,
        "championId": 12
      },
      {
        "summonerId": 38233656,
        "teamId": 200,
        "championId": 115
      },
      {
        "summonerId": 38547299,
        "teamId": 100,
        "championId": 238
      }
    ],
    "stats": {
      "level": 17,
      "goldEarned": 17428,
      "numDeaths": 2,
      "turretsKilled": 3,
      "minionsKilled": 89,
      "championsKilled": 21,
      "goldSpent": 13990,
      "totalDamageDealt": 188407,
      "totalDamageTaken": 24558,
      "doubleKills": 4,
      "tripleKills": 1,
      "quadraKills": 1,
      "killingSprees": 3,
      "largestKillingSpree": 12,
      "team": 100,
      "win": true,
      "neutralMinionsKilled": 81,
      "largestMultiKill": 4,
      "physicalDamageDealtPlayer": 165661,
      "magicDamageDealtPlayer": 3299,
      "physicalDamageTaken": 14462,
      "magicDamageTaken": 8865,
      "timePlayed": 1678,
      "totalHeal": 8882,
      "totalUnitsHealed": 1,
      "assists": 17,
      "item0": 3156,
      "item1": 3074,
      "item2": 1031,
      "item3": 3071,
      "item4": 3209,
      "item5": 3270,
      "item6": 3340,
      "sightWardsBought": 1,
      "magicDamageDealtToChampions": 2703,
      "physicalDamageDealtToChampions": 27844,
      "totalDamageDealtToChampions": 32182,
      "trueDamageDealtPlayer": 19446,
      "trueDamageDealtToChampions": 1635,
      "trueDamageTaken": 1230,
      "wardPlaced": 2,
      "neutralMinionsKilledEnemyJungle": 30,
      "neutralMinionsKilledYourJungle": 51,
      "totalTimeCrowdControlDealt": 721
    }
  },
  "39709559": {
    "gameId": 818161781,
    "invalid": false,
    "gameMode": "CLASSIC",
    "gameType": "MATCHED_GAME",
    "subType": "NORMAL",
    "mapId": 1,
    "teamId": 200,
    "championId": 75,
    "spell1": 4,
    "spell2": 14,
    "level": 27,
    "ipEarned": 54,
    "createDate": 1398242713018,
    "fellowPlayers": [
      {
        "summonerId": 40966107,
        "teamId": 100,
        "championId": 15
      },
      {
        "summonerId": 26600795,
        "teamId": 100,
        "championId": 121
      },
      {
        "summonerId": 41816293,
        "teamId": 200,
        "championId": 11
      },
      {
        "summonerId": 41712681,
        "teamId": 200,
        "championId": 19
      },
      {
        "summonerId": 40385502,
        "teamId": 200,
        "championId": 8
      },
      {
        "summonerId": 42674757,
        "teamId": 100,
        "championId": 24
      },
      {
        "summonerId": 23917883,
        "teamId": 100,
        "championId": 12
      },
      {
        "summonerId": 38233656,
        "teamId": 200,
        "championId": 115
      },
      {
        "summonerId": 38547299,
        "teamId": 100,
        "championId": 238
      }
    ],
    "stats": {
      "level": 11,
      "goldEarned": 5320,
      "numDeaths": 8,
      "minionsKilled": 45,
      "goldSpent": 4775,
      "totalDamageDealt": 44786,
      "totalDamageTaken": 28722,
      "team": 200,
      "win": false,
      "neutralMinionsKilled": 17,
      "physicalDamageDealtPlayer": 31178,
      "magicDamageDealtPlayer": 12269,
      "physicalDamageTaken": 25375,
      "magicDamageTaken": 2767,
      "timePlayed": 1678,
      "totalHeal": 307,
      "totalUnitsHealed": 1,
      "assists": 3,
      "item0": 1054,
      "item1": 3083,
      "item2": 1011,
      "item3": 1028,
      "item6": 3340,
      "magicDamageDealtToChampions": 2814,
      "physicalDamageDealtToChampions": 2731,
      "totalDamageDealtToChampions": 6366,
      "trueDamageDealtPlayer": 1338,
      "trueDamageDealtToChampions": 820,
      "trueDamageTaken": 578,
      "wardPlaced": 1,
      "neutralMinionsKilledEnemyJungle": 2,
      "neutralMinionsKilledYourJungle": 15,
      "totalTimeCrowdControlDealt": 153
    }
  }
}