{
  "38113883": {
    "gameId": 818160791,
    "invalid": false,
    "gameMode": "CLASSIC",
    "gameType": "MATCHED_GAME",
    "subType": "RANKED_SOLO_5x5",
    "mapId": 1,
    "teamId": 200,
    "championId": 121,
    "spell1": 4,
    "spell2": 11,
    "level": 30,
    "ipEarned": 120,
    "createDate": 1398243543004,
    "fellowPlayers": [
      {
        "summonerId": 33633990,
        "teamId": 100,
        "championId": 222
      },
      {
        "summonerId": 33515055,
        "teamId": 200,
        "championId": 40
      },
      {
        "summonerId": 26186161,
        "teamId": 200,
        "championId": 24
      },
      {
        "summonerId": 33897198,
        "teamId": 200,
        "championId": 236
      },
      {
        "summonerId": 36363855,
        "teamId": 100,
        "championId": 266
      },
      {
        "summonerId": 22971859,
        "teamId": 100,
        "championId": 63
      },
      {
        "summonerId": 24385394,
        "teamId": 200,
        "championId": 115
      },
      {
        "summonerId": 24426212,
        "teamId": 100,
        "championId": 254
      },
      {
        "summonerId": 28155766,
        "teamId": 100,
        "championId": 412
      }
    ],
    "stats": {
      "level": 18,
      "goldEarned": 18150,
      "numDeaths": 6,
      "barracksKilled": 1,
      "turretsKilled": 1,
      "minionsKilled": 86,
      "championsKilled": 18,
      "goldSpent": 15510,
      "totalDamageDealt": 193819,
      "totalDamageTaken": 35890,
      "doubleKills": 5,
      "killingSprees": 5,
      "largestKillingSpree": 5,
      "team": 200,
      "win": true,
      "neutralMinionsKilled": 92,
      "largestMultiKill": 2,
      "physicalDamageDealtPlayer": 169398,
      "magicDamageDealtPlayer": 2356,
      "physicalDamageTaken": 22151,
      "magicDamageTaken": 12211,
      "timePlayed": 2691,
      "totalHeal": 7066,
      "totalUnitsHealed": 1,
      "assists": 9,
      "item0": 3074,
      "item1": 3143,
      "item2": 3102,
      "item3": 3071,
      "item4": 3047,
      "item5": 3209,
      "item6": 3340,
      "sightWardsBought": 1,
      "magicDamageDealtToChampions": 1687,
      "physicalDamageDealtToChampions": 23351,
      "totalDamageDealtToChampions": 28052,
      "trueDamageDealtPlayer": 22063,
      "trueDamageDealtToChampions": 3014,
      "trueDamageTaken": 1528,
      "wardKilled": 1,
      "wardPlaced": 4,
      "neutralMinionsKilledEnemyJungle": 10,
      "neutralMinionsKilledYourJungle": 82,
      "totalTimeCrowdControlDealt": 651
    }
  },
  "summonerCount": 10,
  "24426212": {
    "gameId": 818160791,
    "invalid": false,
    "gameMode": "CLASSIC",
    "gameType": "MATCHED_GAME",
    "subType": "RANKED_SOLO_5x5",
    "mapId": 1,
    "teamId": 100,
    "championId": 254,
    "spell1": 4,
    "spell2": 11,
    "level": 30,
    "ipEarned": 78,
    "createDate": 1398243542998,
    "fellowPlayers": [
      {
        "summonerId": 33633990,
        "teamId": 100,
        "championId": 222
      },
      {
        "summonerId": 33515055,
        "teamId": 200,
        "championId": 40
      },
      {
        "summonerId": 26186161,
        "teamId": 200,
        "championId": 24
      },
      {
        "summonerId": 33897198,
        "teamId": 200,
        "championId": 236
      },
      {
        "summonerId": 36363855,
        "teamId": 100,
        "championId": 266
      },
      {
        "summonerId": 38113883,
        "teamId": 200,
        "championId": 121
      },
      {
        "summonerId": 22971859,
        "teamId": 100,
        "championId": 63
      },
      {
        "summonerId": 24385394,
        "teamId": 200,
        "championId": 115
      },
      {
        "summonerId": 28155766,
        "teamId": 100,
        "championId": 412
      }
    ],
    "stats": {
      "level": 18,
      "goldEarned": 14531,
      "numDeaths": 6,
      "turretsKilled": 1,
      "minionsKilled": 71,
      "championsKilled": 5,
      "goldSpent": 13350,
      "totalDamageDealt": 130286,
      "totalDamageTaken": 39045,
      "killingSprees": 1,
      "largestKillingSpree": 2,
      "team": 100,
      "win": false,
      "neutralMinionsKilled": 57,
      "largestMultiKill": 1,
      "physicalDamageDealtPlayer": 117748,
      "magicDamageDealtPlayer": 949,
      "physicalDamageTaken": 22205,
      "magicDamageTaken": 14557,
      "timePlayed": 2691,
      "totalHeal": 5665,
      "totalUnitsHealed": 1,
      "assists": 23,
      "item0": 3143,
      "item1": 3047,
      "item2": 3153,
      "item3": 3207,
      "item4": 3065,
      "item5": 1031,
      "item6": 3341,
      "sightWardsBought": 4,
      "visionWardsBought": 1,
      "magicDamageDealtToChampions": 85,
      "physicalDamageDealtToChampions": 18139,
      "totalDamageDealtToChampions": 19247,
      "trueDamageDealtPlayer": 11588,
      "trueDamageDealtToChampions": 1022,
      "trueDamageTaken": 2283,
      "wardKilled": 6,
      "wardPlaced": 5,
      "neutralMinionsKilledEnemyJungle": 5,
      "neutralMinionsKilledYourJungle": 52,
      "totalTimeCrowdControlDealt": 961
    }
  },
  "26186161": {
    "gameId": 818160791,
    "invalid": false,
    "gameMode": "CLASSIC",
    "gameType": "MATCHED_GAME",
    "subType": "RANKED_SOLO_5x5",
    "mapId": 1,
    "teamId": 200,
    "championId": 24,
    "spell1": 4,
    "spell2": 14,
    "level": 30,
    "ipEarned": 120,
    "createDate": 1398243543003,
    "fellowPlayers": [
      {
        "summonerId": 33633990,
        "teamId": 100,
        "championId": 222
      },
      {
        "summonerId": 33515055,
        "teamId": 200,
        "championId": 40
      },
      {
        "summonerId": 33897198,
        "teamId": 200,
        "championId": 236
      },
      {
        "summonerId": 36363855,
        "teamId": 100,
        "championId": 266
      },
      {
        "summonerId": 38113883,
        "teamId": 200,
        "championId": 121
      },
      {
        "summonerId": 22971859,
        "teamId": 100,
        "championId": 63
      },
      {
        "summonerId": 24385394,
        "teamId": 200,
        "championId": 115
      },
      {
        "summonerId": 24426212,
        "teamId": 100,
        "championId": 254
      },
      {
        "summonerId": 28155766,
        "teamId": 100,
        "championId": 412
      }
    ],
    "stats": {
      "level": 18,
      "goldEarned": 15033,
      "numDeaths": 13,
      "minionsKilled": 194,
      "championsKilled": 6,
      "goldSpent": 14783,
      "totalDamageDealt": 181115,
      "totalDamageTaken": 52385,
      "killingSprees": 1,
      "largestKillingSpree": 3,
      "team": 200,
      "win": true,
      "neutralMinionsKilled": 29,
      "largestMultiKill": 1,
      "physicalDamageDealtPlayer": 141131,
      "magicDamageDealtPlayer": 37360,
      "physicalDamageTaken": 29038,
      "magicDamageTaken": 20672,
      "largestCriticalStrike": 587,
      "timePlayed": 2691,
      "totalHeal": 3858,
      "totalUnitsHealed": 1,
      "assists": 19,
      "item0": 3102,
      "item1": 3143,
      "item2": 3153,
      "item3": 3078,
      "item4": 3260,
      "item6": 3340,
      "sightWardsBought": 1,
      "magicDamageDealtToChampions": 8762,
      "physicalDamageDealtToChampions": 24080,
      "totalDamageDealtToChampions": 35216,
      "trueDamageDealtPlayer": 2624,
      "trueDamageDealtToChampions": 2374,
      "trueDamageTaken": 2674,
      "wardKilled": 1,
      "wardPlaced": 15,
      "neutralMinionsKilledEnemyJungle": 4,
      "neutralMinionsKilledYourJungle": 25,
      "totalTimeCrowdControlDealt": 414
    }
  },
  "33897198": {
    "gameId": 818160791,
    "invalid": false,
    "gameMode": "CLASSIC",
    "gameType": "MATCHED_GAME",
    "subType": "RANKED_SOLO_5x5",
    "mapId": 1,
    "teamId": 200,
    "championId": 236,
    "spell1": 4,
    "spell2": 21,
    "level": 30,
    "ipEarned": 120,
    "createDate": 1398243543007,
    "fellowPlayers": [
      {
        "summonerId": 33633990,
        "teamId": 100,
        "championId": 222
      },
      {
        "summonerId": 33515055,
        "teamId": 200,
        "championId": 40
      },
      {
        "summonerId": 26186161,
        "teamId": 200,
        "championId": 24
      },
      {
        "summonerId": 36363855,
        "teamId": 100,
        "championId": 266
      },
      {
        "summonerId": 38113883,
        "teamId": 200,
        "championId": 121
      },
      {
        "summonerId": 22971859,
        "teamId": 100,
        "championId": 63
      },
      {
        "summonerId": 24385394,
        "teamId": 200,
        "championId": 115
      },
      {
        "summonerId": 24426212,
        "teamId": 100,
        "championId": 254
      },
      {
        "summonerId": 28155766,
        "teamId": 100,
        "championId": 412
      }
    ],
    "stats": {
      "level": 18,
      "goldEarned": 15227,
      "numDeaths": 9,
      "turretsKilled": 2,
      "minionsKilled": 224,
      "championsKilled": 6,
      "goldSpent": 12828,
      "totalDamageDealt": 191566,
      "totalDamageTaken": 36034,
      "doubleKills": 1,
      "tripleKills": 1,
      "quadraKills": 1,
      "killingSprees": 1,
      "largestKillingSpree": 4,
      "team": 200,
      "win": true,
      "neutralMinionsKilled": 28,
      "largestMultiKill": 4,
      "physicalDamageDealtPlayer": 170065,
      "magicDamageDealtPlayer": 20514,
      "physicalDamageTaken": 25037,
      "magicDamageTaken": 10889,
      "largestCriticalStrike": 646,
      "timePlayed": 2691,
      "totalHeal": 345,
      "totalUnitsHealed": 1,
      "assists": 9,
      "item0": 3252,
      "item1": 3072,
      "item2": 3078,
      "item3": 3035,
      "item4": 1037,
      "item6": 3340,
      "magicDamageDealtToChampions": 3300,
      "physicalDamageDealtToChampions": 23593,
      "totalDamageDealtToChampions": 27070,
      "trueDamageDealtPlayer": 986,
      "trueDamageDealtToChampions": 176,
      "trueDamageTaken": 108,
      "wardKilled": 1,
      "wardPlaced": 11,
      "neutralMinionsKilledEnemyJungle": 4,
      "neutralMinionsKilledYourJungle": 24,
      "totalTimeCrowdControlDealt": 207
    }
  },
  "22971859": {
    "gameId": 818160791,
    "invalid": false,
    "gameMode": "CLASSIC",
    "gameType": "MATCHED_GAME",
    "subType": "RANKED_SOLO_5x5",
    "mapId": 1,
    "teamId": 100,
    "championId": 63,
    "spell1": 4,
    "spell2": 14,
    "level": 30,
    "ipEarned": 78,
    "createDate": 1398243543000,
    "fellowPlayers": [
      {
        "summonerId": 33633990,
        "teamId": 100,
        "championId": 222
      },
      {
        "summonerId": 33515055,
        "teamId": 200,
        "championId": 40
      },
      {
        "summonerId": 26186161,
        "teamId": 200,
        "championId": 24
      },
      {
        "summonerId": 33897198,
        "teamId": 200,
        "championId": 236
      },
      {
        "summonerId": 36363855,
        "teamId": 100,
        "championId": 266
      },
      {
        "summonerId": 38113883,
        "teamId": 200,
        "championId": 121
      },
      {
        "summonerId": 24385394,
        "teamId": 200,
        "championId": 115
      },
      {
        "summonerId": 24426212,
        "teamId": 100,
        "championId": 254
      },
      {
        "summonerId": 28155766,
        "teamId": 100,
        "championId": 412
      }
    ],
    "stats": {
      "level": 18,
      "goldEarned": 16773,
      "numDeaths": 9,
      "minionsKilled": 174,
      "championsKilled": 17,
      "goldSpent": 16355,
      "totalDamageDealt": 157567,
      "totalDamageTaken": 26665,
      "doubleKills": 2,
      "killingSprees": 5,
      "largestKillingSpree": 5,
      "team": 100,
      "win": false,
      "neutralMinionsKilled": 17,
      "largestMultiKill": 2,
      "physicalDamageDealtPlayer": 13342,
      "magicDamageDealtPlayer": 142867,
      "physicalDamageTaken": 14497,
      "magicDamageTaken": 11645,
      "timePlayed": 2691,
      "totalHeal": 453,
      "totalUnitsHealed": 1,
      "assists": 14,
      "item0": 3135,
      "item1": 3020,
      "item2": 3001,
      "item3": 3116,
      "item4": 3089,
      "item5": 3157,
      "item6": 3340,
      "magicDamageDealtToChampions": 46334,
      "physicalDamageDealtToChampions": 1140,
      "totalDamageDealtToChampions": 48791,
      "trueDamageDealtPlayer": 1358,
      "trueDamageDealtToChampions": 1316,
      "trueDamageTaken": 522,
      "wardKilled": 1,
      "wardPlaced": 10,
      "neutralMinionsKilledEnemyJungle": 2,
      "neutralMinionsKilledYourJungle": 15,
      "totalTimeCrowdControlDealt": 395
    }
  },
  "33633990": {
    "gameId": 818160791,
    "invalid": false,
    "gameMode": "CLASSIC",
    "gameType": "MATCHED_GAME",
    "subType": "RANKED_SOLO_5x5",
    "mapId": 1,
    "teamId": 100,
    "championId": 222,
    "spell1": 7,
    "spell2": 4,
    "level": 30,
    "ipEarned": 78,
    "createDate": 1398243543001,
    "fellowPlayers": [
      {
        "summonerId": 33515055,
        "teamId": 200,
        "championId": 40
      },
      {
        "summonerId": 26186161,
        "teamId": 200,
        "championId": 24
      },
      {
        "summonerId": 33897198,
        "teamId": 200,
        "championId": 236
      },
      {
        "summonerId": 36363855,
        "teamId": 100,
        "championId": 266
      },
      {
        "summonerId": 38113883,
        "teamId": 200,
        "championId": 121
      },
      {
        "summonerId": 22971859,
        "teamId": 100,
        "championId": 63
      },
      {
        "summonerId": 24385394,
        "teamId": 200,
        "championId": 115
      },
      {
        "summonerId": 24426212,
        "teamId": 100,
        "championId": 254
      },
      {
        "summonerId": 28155766,
        "teamId": 100,
        "championId": 412
      }
    ],
    "stats": {
      "level": 18,
      "goldEarned": 16168,
      "numDeaths": 7,
      "turretsKilled": 2,
      "minionsKilled": 211,
      "championsKilled": 8,
      "goldSpent": 14020,
      "totalDamageDealt": 173311,
      "totalDamageTaken": 32346,
      "doubleKills": 1,
      "killingSprees": 1,
      "largestKillingSpree": 5,
      "team": 100,
      "win": false,
      "neutralMinionsKilled": 10,
      "largestMultiKill": 2,
      "physicalDamageDealtPlayer": 170241,
      "magicDamageDealtPlayer": 1961,
      "physicalDamageTaken": 19068,
      "magicDamageTaken": 12553,
      "largestCriticalStrike": 621,
      "timePlayed": 2691,
      "totalHeal": 6505,
      "totalUnitsHealed": 4,
      "assists": 15,
      "item0": 3072,
      "item1": 3035,
      "item2": 3046,
      "item3": 3006,
      "item4": 3026,
      "item5": 1037,
      "item6": 3340,
      "magicDamageDealtToChampions": 1448,
      "physicalDamageDealtToChampions": 23751,
      "totalDamageDealtToChampions": 25306,
      "trueDamageDealtPlayer": 1108,
      "trueDamageDealtToChampions": 106,
      "trueDamageTaken": 725,
      "wardPlaced": 6,
      "neutralMinionsKilledEnemyJungle": 1,
      "neutralMinionsKilledYourJungle": 9,
      "totalTimeCrowdControlDealt": 142
    }
  },
  "36363855": {
    "gameId": 818160791,
    "invalid": false,
    "gameMode": "CLASSIC",
    "gameType": "MATCHED_GAME",
    "subType": "RANKED_SOLO_5x5",
    "mapId": 1,
    "teamId": 100,
    "championId": 266,
    "spell1": 14,
    "spell2": 4,
    "level": 30,
    "ipEarned": 78,
    "createDate": 1398243542999,
    "fellowPlayers": [
      {
        "summonerId": 33633990,
        "teamId": 100,
        "championId": 222
      },
      {
        "summonerId": 33515055,
        "teamId": 200,
        "championId": 40
      },
      {
        "summonerId": 26186161,
        "teamId": 200,
        "championId": 24
      },
      {
        "summonerId": 33897198,
        "teamId": 200,
        "championId": 236
      },
      {
        "summonerId": 38113883,
        "teamId": 200,
        "championId": 121
      },
      {
        "summonerId": 22971859,
        "teamId": 100,
        "championId": 63
      },
      {
        "summonerId": 24385394,
        "teamId": 200,
        "championId": 115
      },
      {
        "summonerId": 24426212,
        "teamId": 100,
        "championId": 254
      },
      {
        "summonerId": 28155766,
        "teamId": 100,
        "championId": 412
      }
    ],
    "stats": {
      "level": 18,
      "goldEarned": 17451,
      "numDeaths": 8,
      "turretsKilled": 1,
      "minionsKilled": 169,
      "championsKilled": 10,
      "goldSpent": 16585,
      "totalDamageDealt": 199878,
      "totalDamageTaken": 58544,
      "killingSprees": 3,
      "largestKillingSpree": 5,
      "team": 100,
      "win": false,
      "neutralMinionsKilled": 34,
      "largestMultiKill": 1,
      "physicalDamageDealtPlayer": 149362,
      "magicDamageDealtPlayer": 47213,
      "physicalDamageTaken": 34499,
      "magicDamageTaken": 20468,
      "timePlayed": 2691,
      "totalHeal": 31335,
      "totalUnitsHealed": 1,
      "assists": 19,
      "item0": 3172,
      "item1": 3143,
      "item2": 3153,
      "item3": 3006,
      "item4": 3065,
      "item5": 3072,
      "item6": 3340,
      "magicDamageDealtToChampions": 9149,
      "physicalDamageDealtToChampions": 22464,
      "totalDamageDealtToChampions": 34297,
      "trueDamageDealtPlayer": 3301,
      "trueDamageDealtToChampions": 2683,
      "trueDamageTaken": 3575,
      "wardKilled": 2,
      "wardPlaced": 8,
      "neutralMinionsKilledEnemyJungle": 11,
      "neutralMinionsKilledYourJungle": 23,
      "totalTimeCrowdControlDealt": 1764
    }
  },
  "33515055": {
    "gameId": 818160791,
    "invalid": false,
    "gameMode": "CLASSIC",
    "gameType": "MATCHED_GAME",
    "subType": "RANKED_SOLO_5x5",
    "mapId": 1,
    "teamId": 200,
    "championId": 40,
    "spell1": 7,
    "spell2": 4,
    "level": 30,
    "ipEarned": 120,
    "createDate": 1398243543005,
    "fellowPlayers": [
      {
        "summonerId": 33633990,
        "teamId": 100,
        "championId": 222
      },
      {
        "summonerId": 26186161,
        "teamId": 200,
        "championId": 24
      },
      {
        "summonerId": 33897198,
        "teamId": 200,
        "championId": 236
      },
      {
        "summonerId": 36363855,
        "teamId": 100,
        "championId": 266
      },
      {
        "summonerId": 38113883,
        "teamId": 200,
        "championId": 121
      },
      {
        "summonerId": 22971859,
        "teamId": 100,
        "championId": 63
      },
      {
        "summonerId": 24385394,
        "teamId": 200,
        "championId": 115
      },
      {
        "summonerId": 24426212,
        "teamId": 100,
        "championId": 254
      },
      {
        "summonerId": 28155766,
        "teamId": 100,
        "championId": 412
      }
    ],
    "stats": {
      "level": 17,
      "goldEarned": 11822,
      "numDeaths": 9,
      "minionsKilled": 15,
      "championsKilled": 1,
      "goldSpent": 9615,
      "totalDamageDealt": 16098,
      "totalDamageTaken": 31308,
      "team": 200,
      "win": true,
      "neutralMinionsKilled": 1,
      "largestMultiKill": 1,
      "physicalDamageDealtPlayer": 6312,
      "magicDamageDealtPlayer": 9466,
      "physicalDamageTaken": 12736,
      "magicDamageTaken": 17502,
      "timePlayed": 2691,
      "totalHeal": 6521,
      "totalUnitsHealed": 9,
      "assists": 23,
      "item0": 3069,
      "item1": 2049,
      "item2": 3143,
      "item3": 3028,
      "item5": 3275,
      "item6": 3364,
      "sightWardsBought": 1,
      "visionWardsBought": 5,
      "magicDamageDealtToChampions": 5163,
      "physicalDamageDealtToChampions": 1621,
      "totalDamageDealtToChampions": 6855,
      "trueDamageDealtPlayer": 320,
      "trueDamageDealtToChampions": 70,
      "trueDamageTaken": 1069,
      "wardKilled": 4,
      "wardPlaced": 38,
      "neutralMinionsKilledEnemyJungle": 1,
      "totalTimeCrowdControlDealt": 345
    }
  },
  "24385394": {
    "gameId": 818160791,
    "invalid": false,
    "gameMode": "CLASSIC",
    "gameType": "MATCHED_GAME",
    "subType": "RANKED_SOLO_5x5",
    "mapId": 1,
    "teamId": 200,
    "championId": 115,
    "spell1": 4,
    "spell2": 14,
    "level": 30,
    "ipEarned": 120,
    "createDate": 1398243543002,
    "fellowPlayers": [
      {
        "summonerId": 33633990,
        "teamId": 100,
        "championId": 222
      },
      {
        "summonerId": 33515055,
        "teamId": 200,
        "championId": 40
      },
      {
        "summonerId": 26186161,
        "teamId": 200,
        "championId": 24
      },
      {
        "summonerId": 33897198,
        "teamId": 200,
        "championId": 236
      },
      {
        "summonerId": 36363855,
        "teamId": 100,
        "championId": 266
      },
      {
        "summonerId": 38113883,
        "teamId": 200,
        "championId": 121
      },
      {
        "summonerId": 22971859,
        "teamId": 100,
        "championId": 63
      },
      {
        "summonerId": 24426212,
        "teamId": 100,
        "championId": 254
      },
      {
        "summonerId": 28155766,
        "teamId": 100,
        "championId": 412
      }
    ],
    "stats": {
      "level": 18,
      "goldEarned": 16521,
      "numDeaths": 8,
      "turretsKilled": 3,
      "minionsKilled": 271,
      "championsKilled": 7,
      "goldSpent": 16850,
      "totalDamageDealt": 213337,
      "totalDamageTaken": 21928,
      "killingSprees": 2,
      "largestKillingSpree": 3,
      "team": 200,
      "win": true,
      "neutralMinionsKilled": 3,
      "largestMultiKill": 1,
      "physicalDamageDealtPlayer": 17895,
      "magicDamageDealtPlayer": 193689,
      "physicalDamageTaken": 11717,
      "magicDamageTaken": 9712,
      "timePlayed": 2691,
      "totalHeal": 458,
      "totalUnitsHealed": 1,
      "assists": 18,
      "item0": 1026,
      "item1": 3174,
      "item2": 3157,
      "item3": 3020,
      "item4": 3116,
      "item5": 3089,
      "item6": 3340,
      "sightWardsBought": 2,
      "magicDamageDealtToChampions": 54277,
      "physicalDamageDealtToChampions": 1325,
      "totalDamageDealtToChampions": 57222,
      "trueDamageDealtPlayer": 1752,
      "trueDamageDealtToChampions": 1620,
      "trueDamageTaken": 498,
      "wardPlaced": 7,
      "neutralMinionsKilledEnemyJungle": 3,
      "totalTimeCrowdControlDealt": 681
    }
  },
  "38113883": {
    "gameId": 818160791,
    "invalid": false,
    "gameMode": "CLASSIC",
    "gameType": "MATCHED_GAME",
    "subType": "RANKED_SOLO_5x5",
    "mapId": 1,
    "teamId": 200,
    "championId": 121,
    "spell1": 4,
    "spell2": 11,
    "level": 30,
    "ipEarned": 120,
    "createDate": 1398243543004,
    "fellowPlayers": [
      {
        "summonerId": 33633990,
        "teamId": 100,
        "championId": 222
      },
      {
        "summonerId": 33515055,
        "teamId": 200,
        "championId": 40
      },
      {
        "summonerId": 26186161,
        "teamId": 200,
        "championId": 24
      },
      {
        "summonerId": 33897198,
        "teamId": 200,
        "championId": 236
      },
      {
        "summonerId": 36363855,
        "teamId": 100,
        "championId": 266
      },
      {
        "summonerId": 22971859,
        "teamId": 100,
        "championId": 63
      },
      {
        "summonerId": 24385394,
        "teamId": 200,
        "championId": 115
      },
      {
        "summonerId": 24426212,
        "teamId": 100,
        "championId": 254
      },
      {
        "summonerId": 28155766,
        "teamId": 100,
        "championId": 412
      }
    ],
    "stats": {
      "level": 18,
      "goldEarned": 18150,
      "numDeaths": 6,
      "barracksKilled": 1,
      "turretsKilled": 1,
      "minionsKilled": 86,
      "championsKilled": 18,
      "goldSpent": 15510,
      "totalDamageDealt": 193819,
      "totalDamageTaken": 35890,
      "doubleKills": 5,
      "killingSprees": 5,
      "largestKillingSpree": 5,
      "team": 200,
      "win": true,
      "neutralMinionsKilled": 92,
      "largestMultiKill": 2,
      "physicalDamageDealtPlayer": 169398,
      "magicDamageDealtPlayer": 2356,
      "physicalDamageTaken": 22151,
      "magicDamageTaken": 12211,
      "timePlayed": 2691,
      "totalHeal": 7066,
      "totalUnitsHealed": 1,
      "assists": 9,
      "item0": 3074,
      "item1": 3143,
      "item2": 3102,
      "item3": 3071,
      "item4": 3047,
      "item5": 3209,
      "item6": 3340,
      "sightWardsBought": 1,
      "magicDamageDealtToChampions": 1687,
      "physicalDamageDealtToChampions": 23351,
      "totalDamageDealtToChampions": 28052,
      "trueDamageDealtPlayer": 22063,
      "trueDamageDealtToChampions": 3014,
      "trueDamageTaken": 1528,
      "wardKilled": 1,
      "wardPlaced": 4,
      "neutralMinionsKilledEnemyJungle": 10,
      "neutralMinionsKilledYourJungle": 82,
      "totalTimeCrowdControlDealt": 651
    }
  }
}