{
  "21713397": {
    "gameId": 818169186,
    "invalid": false,
    "gameMode": "CLASSIC",
    "gameType": "MATCHED_GAME",
    "subType": "RANKED_SOLO_5x5",
    "mapId": 1,
    "teamId": 100,
    "championId": 236,
    "spell1": 4,
    "spell2": 7,
    "level": 30,
    "ipEarned": 99,
    "createDate": 1398243242281,
    "fellowPlayers": [
      {
        "summonerId": 21249910,
        "teamId": 200,
        "championId": 57
      },
      {
        "summonerId": 22876487,
        "teamId": 100,
        "championId": 103
      },
      {
        "summonerId": 30152100,
        "teamId": 100,
        "championId": 121
      },
      {
        "summonerId": 34282234,
        "teamId": 200,
        "championId": 51
      },
      {
        "summonerId": 20040719,
        "teamId": 200,
        "championId": 29
      },
      {
        "summonerId": 29283451,
        "teamId": 200,
        "championId": 75
      },
      {
        "summonerId": 32998308,
        "teamId": 100,
        "championId": 12
      },
      {
        "summonerId": 26066992,
        "teamId": 200,
        "championId": 74
      },
      {
        "summonerId": 30688294,
        "teamId": 100,
        "championId": 84
      }
    ],
    "stats": {
      "level": 18,
      "goldEarned": 14364,
      "numDeaths": 6,
      "barracksKilled": 1,
      "turretsKilled": 2,
      "minionsKilled": 245,
      "championsKilled": 5,
      "goldSpent": 10443,
      "totalDamageDealt": 203421,
      "totalDamageTaken": 28816,
      "killingSprees": 2,
      "largestKillingSpree": 3,
      "team": 100,
      "win": true,
      "neutralMinionsKilled": 26,
      "largestMultiKill": 1,
      "physicalDamageDealtPlayer": 178251,
      "magicDamageDealtPlayer": 25170,
      "physicalDamageTaken": 16436,
      "magicDamageTaken": 11426,
      "largestCriticalStrike": 730,
      "timePlayed": 2111,
      "totalHeal": 3692,
      "totalUnitsHealed": 3,
      "assists": 11,
      "item0": 3006,
      "item1": 3072,
      "item2": 3078,
      "item3": 1038,
      "item6": 3340,
      "magicDamageDealtToChampions": 6409,
      "physicalDamageDealtToChampions": 25544,
      "totalDamageDealtToChampions": 31953,
      "trueDamageTaken": 953,
      "wardPlaced": 10,
      "neutralMinionsKilledEnemyJungle": 14,
      "neutralMinionsKilledYourJungle": 12,
      "totalTimeCrowdControlDealt": 630
    }
  },
  "summonerCount": 10,
  "26066992": {
    "gameId": 818169186,
    "invalid": false,
    "gameMode": "CLASSIC",
    "gameType": "MATCHED_GAME",
    "subType": "RANKED_SOLO_5x5",
    "mapId": 1,
    "teamId": 200,
    "championId": 74,
    "spell1": 4,
    "spell2": 12,
    "level": 30,
    "ipEarned": 65,
    "createDate": 1398243242283,
    "fellowPlayers": [
      {
        "summonerId": 21249910,
        "teamId": 200,
        "championId": 57
      },
      {
        "summonerId": 22876487,
        "teamId": 100,
        "championId": 103
      },
      {
        "summonerId": 21713397,
        "teamId": 100,
        "championId": 236
      },
      {
        "summonerId": 30152100,
        "teamId": 100,
        "championId": 121
      },
      {
        "summonerId": 34282234,
        "teamId": 200,
        "championId": 51
      },
      {
        "summonerId": 20040719,
        "teamId": 200,
        "championId": 29
      },
      {
        "summonerId": 29283451,
        "teamId": 200,
        "championId": 75
      },
      {
        "summonerId": 32998308,
        "teamId": 100,
        "championId": 12
      },
      {
        "summonerId": 30688294,
        "teamId": 100,
        "championId": 84
      }
    ],
    "stats": {
      "level": 16,
      "goldEarned": 9901,
      "numDeaths": 6,
      "minionsKilled": 179,
      "championsKilled": 4,
      "goldSpent": 9585,
      "totalDamageDealt": 103131,
      "totalDamageTaken": 14685,
      "killingSprees": 1,
      "largestKillingSpree": 2,
      "team": 200,
      "win": false,
      "largestMultiKill": 1,
      "physicalDamageDealtPlayer": 15915,
      "magicDamageDealtPlayer": 86931,
      "physicalDamageTaken": 8144,
      "magicDamageTaken": 5931,
      "timePlayed": 2111,
      "totalHeal": 322,
      "totalUnitsHealed": 1,
      "assists": 3,
      "item0": 3174,
      "item1": 3157,
      "item2": 1056,
      "item3": 1052,
      "item4": 1011,
      "item5": 3255,
      "item6": 3340,
      "magicDamageDealtToChampions": 27732,
      "physicalDamageDealtToChampions": 1129,
      "totalDamageDealtToChampions": 29022,
      "trueDamageDealtPlayer": 284,
      "trueDamageDealtToChampions": 160,
      "trueDamageTaken": 609,
      "wardPlaced": 11,
      "totalTimeCrowdControlDealt": 106
    }
  },
  "29283451": {
    "gameId": 818169186,
    "invalid": false,
    "gameMode": "CLASSIC",
    "gameType": "MATCHED_GAME",
    "subType": "RANKED_SOLO_5x5",
    "mapId": 1,
    "teamId": 200,
    "championId": 75,
    "spell1": 6,
    "spell2": 12,
    "level": 30,
    "ipEarned": 65,
    "createDate": 1398243242284,
    "fellowPlayers": [
      {
        "summonerId": 21249910,
        "teamId": 200,
        "championId": 57
      },
      {
        "summonerId": 22876487,
        "teamId": 100,
        "championId": 103
      },
      {
        "summonerId": 21713397,
        "teamId": 100,
        "championId": 236
      },
      {
        "summonerId": 30152100,
        "teamId": 100,
        "championId": 121
      },
      {
        "summonerId": 34282234,
        "teamId": 200,
        "championId": 51
      },
      {
        "summonerId": 20040719,
        "teamId": 200,
        "championId": 29
      },
      {
        "summonerId": 32998308,
        "teamId": 100,
        "championId": 12
      },
      {
        "summonerId": 26066992,
        "teamId": 200,
        "championId": 74
      },
      {
        "summonerId": 30688294,
        "teamId": 100,
        "championId": 84
      }
    ],
    "stats": {
      "level": 17,
      "goldEarned": 10726,
      "numDeaths": 8,
      "turretsKilled": 1,
      "minionsKilled": 233,
      "championsKilled": 1,
      "goldSpent": 10430,
      "totalDamageDealt": 141658,
      "totalDamageTaken": 39603,
      "team": 200,
      "win": false,
      "neutralMinionsKilled": 2,
      "largestMultiKill": 1,
      "physicalDamageDealtPlayer": 113337,
      "magicDamageDealtPlayer": 27968,
      "physicalDamageTaken": 19406,
      "magicDamageTaken": 18015,
      "timePlayed": 2111,
      "totalHeal": 2537,
      "totalUnitsHealed": 1,
      "assists": 4,
      "item0": 1054,
      "item1": 3025,
      "item2": 3065,
      "item3": 3068,
      "item5": 3111,
      "item6": 3340,
      "magicDamageDealtToChampions": 7815,
      "physicalDamageDealtToChampions": 11901,
      "totalDamageDealtToChampions": 19917,
      "trueDamageDealtPlayer": 352,
      "trueDamageDealtToChampions": 200,
      "trueDamageTaken": 2182,
      "wardPlaced": 5,
      "neutralMinionsKilledEnemyJungle": 1,
      "neutralMinionsKilledYourJungle": 1,
      "totalTimeCrowdControlDealt": 620
    }
  },
  "30688294": {
    "gameId": 818169186,
    "invalid": false,
    "gameMode": "CLASSIC",
    "gameType": "MATCHED_GAME",
    "subType": "RANKED_SOLO_5x5",
    "mapId": 1,
    "teamId": 100,
    "championId": 84,
    "spell1": 4,
    "spell2": 14,
    "level": 30,
    "ipEarned": 99,
    "createDate": 1398243242276,
    "fellowPlayers": [
      {
        "summonerId": 21249910,
        "teamId": 200,
        "championId": 57
      },
      {
        "summonerId": 22876487,
        "teamId": 100,
        "championId": 103
      },
      {
        "summonerId": 21713397,
        "teamId": 100,
        "championId": 236
      },
      {
        "summonerId": 30152100,
        "teamId": 100,
        "championId": 121
      },
      {
        "summonerId": 34282234,
        "teamId": 200,
        "championId": 51
      },
      {
        "summonerId": 20040719,
        "teamId": 200,
        "championId": 29
      },
      {
        "summonerId": 29283451,
        "teamId": 200,
        "championId": 75
      },
      {
        "summonerId": 32998308,
        "teamId": 100,
        "championId": 12
      },
      {
        "summonerId": 26066992,
        "teamId": 200,
        "championId": 74
      }
    ],
    "stats": {
      "level": 18,
      "goldEarned": 16353,
      "numDeaths": 5,
      "barracksKilled": 1,
      "turretsKilled": 4,
      "minionsKilled": 245,
      "championsKilled": 17,
      "goldSpent": 16160,
      "totalDamageDealt": 191494,
      "totalDamageTaken": 29817,
      "doubleKills": 4,
      "tripleKills": 2,
      "killingSprees": 4,
      "largestKillingSpree": 5,
      "team": 100,
      "win": true,
      "neutralMinionsKilled": 12,
      "largestMultiKill": 3,
      "physicalDamageDealtPlayer": 104926,
      "magicDamageDealtPlayer": 83332,
      "physicalDamageTaken": 19752,
      "magicDamageTaken": 9075,
      "timePlayed": 2111,
      "assists": 3,
      "item0": 3020,
      "item1": 3146,
      "item2": 3157,
      "item3": 1058,
      "item4": 3089,
      "item5": 3135,
      "item6": 3340,
      "sightWardsBought": 2,
      "magicDamageDealtToChampions": 31764,
      "physicalDamageDealtToChampions": 10397,
      "totalDamageDealtToChampions": 44443,
      "trueDamageDealtPlayer": 3236,
      "trueDamageDealtToChampions": 2282,
      "trueDamageTaken": 990,
      "wardPlaced": 9,
      "neutralMinionsKilledEnemyJungle": 12,
      "totalTimeCrowdControlDealt": 2777
    }
  },
  "32998308": {
    "gameId": 818169186,
    "invalid": false,
    "gameMode": "CLASSIC",
    "gameType": "MATCHED_GAME",
    "subType": "RANKED_SOLO_5x5",
    "mapId": 1,
    "teamId": 100,
    "championId": 12,
    "spell1": 4,
    "spell2": 3,
    "level": 30,
    "ipEarned": 249,
    "createDate": 1398243242280,
    "fellowPlayers": [
      {
        "summonerId": 21249910,
        "teamId": 200,
        "championId": 57
      },
      {
        "summonerId": 22876487,
        "teamId": 100,
        "championId": 103
      },
      {
        "summonerId": 21713397,
        "teamId": 100,
        "championId": 236
      },
      {
        "summonerId": 30152100,
        "teamId": 100,
        "championId": 121
      },
      {
        "summonerId": 34282234,
        "teamId": 200,
        "championId": 51
      },
      {
        "summonerId": 20040719,
        "teamId": 200,
        "championId": 29
      },
      {
        "summonerId": 29283451,
        "teamId": 200,
        "championId": 75
      },
      {
        "summonerId": 26066992,
        "teamId": 200,
        "championId": 74
      },
      {
        "summonerId": 30688294,
        "teamId": 100,
        "championId": 84
      }
    ],
    "stats": {
      "level": 15,
      "goldEarned": 11044,
      "numDeaths": 5,
      "minionsKilled": 20,
      "championsKilled": 3,
      "goldSpent": 8135,
      "totalDamageDealt": 28420,
      "totalDamageTaken": 29251,
      "killingSprees": 1,
      "largestKillingSpree": 2,
      "team": 100,
      "win": true,
      "largestMultiKill": 1,
      "physicalDamageDealtPlayer": 9403,
      "magicDamageDealtPlayer": 18173,
      "physicalDamageTaken": 15196,
      "magicDamageTaken": 12618,
      "timePlayed": 2111,
      "totalHeal": 7739,
      "totalUnitsHealed": 40,
      "assists": 12,
      "item0": 3069,
      "item1": 2049,
      "item2": 3083,
      "item3": 3117,
      "item4": 3082,
      "item6": 3341,
      "sightWardsBought": 3,
      "magicDamageDealtToChampions": 4471,
      "physicalDamageDealtToChampions": 1894,
      "totalDamageDealtToChampions": 6434,
      "trueDamageDealtPlayer": 844,
      "trueDamageDealtToChampions": 68,
      "trueDamageTaken": 1436,
      "wardKilled": 2,
      "wardPlaced": 25,
      "totalTimeCrowdControlDealt": 4137
    }
  },
  "34282234": {
    "gameId": 818169186,
    "invalid": false,
    "gameMode": "CLASSIC",
    "gameType": "MATCHED_GAME",
    "subType": "RANKED_SOLO_5x5",
    "mapId": 1,
    "teamId": 200,
    "championId": 51,
    "spell1": 7,
    "spell2": 4,
    "level": 30,
    "ipEarned": 65,
    "createDate": 1398243242282,
    "fellowPlayers": [
      {
        "summonerId": 21249910,
        "teamId": 200,
        "championId": 57
      },
      {
        "summonerId": 22876487,
        "teamId": 100,
        "championId": 103
      },
      {
        "summonerId": 21713397,
        "teamId": 100,
        "championId": 236
      },
      {
        "summonerId": 30152100,
        "teamId": 100,
        "championId": 121
      },
      {
        "summonerId": 20040719,
        "teamId": 200,
        "championId": 29
      },
      {
        "summonerId": 29283451,
        "teamId": 200,
        "championId": 75
      },
      {
        "summonerId": 32998308,
        "teamId": 100,
        "championId": 12
      },
      {
        "summonerId": 26066992,
        "teamId": 200,
        "championId": 74
      },
      {
        "summonerId": 30688294,
        "teamId": 100,
        "championId": 84
      }
    ],
    "stats": {
      "level": 15,
      "goldEarned": 12267,
      "numDeaths": 7,
      "turretsKilled": 1,
      "minionsKilled": 202,
      "championsKilled": 8,
      "goldSpent": 11220,
      "totalDamageDealt": 145836,
      "totalDamageTaken": 22495,
      "doubleKills": 1,
      "killingSprees": 2,
      "largestKillingSpree": 3,
      "team": 200,
      "win": false,
      "neutralMinionsKilled": 6,
      "largestMultiKill": 2,
      "physicalDamageDealtPlayer": 144392,
      "magicDamageDealtPlayer": 1443,
      "physicalDamageTaken": 13467,
      "magicDamageTaken": 8047,
      "largestCriticalStrike": 1232,
      "timePlayed": 2111,
      "totalHeal": 2172,
      "totalUnitsHealed": 3,
      "assists": 2,
      "item0": 1055,
      "item1": 3072,
      "item2": 3250,
      "item3": 3035,
      "item4": 3031,
      "item6": 3340,
      "magicDamageDealtToChampions": 1063,
      "physicalDamageDealtToChampions": 18729,
      "totalDamageDealtToChampions": 19792,
      "trueDamageTaken": 981,
      "wardPlaced": 2,
      "neutralMinionsKilledEnemyJungle": 1,
      "neutralMinionsKilledYourJungle": 5,
      "totalTimeCrowdControlDealt": 32
    }
  },
  "21249910": {
    "gameId": 818169186,
    "invalid": false,
    "gameMode": "CLASSIC",
    "gameType": "MATCHED_GAME",
    "subType": "RANKED_SOLO_5x5",
    "mapId": 1,
    "teamId": 200,
    "championId": 57,
    "spell1": 14,
    "spell2": 4,
    "level": 30,
    "ipEarned": 65,
    "createDate": 1398243242287,
    "fellowPlayers": [
      {
        "summonerId": 22876487,
        "teamId": 100,
        "championId": 103
      },
      {
        "summonerId": 21713397,
        "teamId": 100,
        "championId": 236
      },
      {
        "summonerId": 30152100,
        "teamId": 100,
        "championId": 121
      },
      {
        "summonerId": 34282234,
        "teamId": 200,
        "championId": 51
      },
      {
        "summonerId": 20040719,
        "teamId": 200,
        "championId": 29
      },
      {
        "summonerId": 29283451,
        "teamId": 200,
        "championId": 75
      },
      {
        "summonerId": 32998308,
        "teamId": 100,
        "championId": 12
      },
      {
        "summonerId": 26066992,
        "teamId": 200,
        "championId": 74
      },
      {
        "summonerId": 30688294,
        "teamId": 100,
        "championId": 84
      }
    ],
    "stats": {
      "level": 15,
      "goldEarned": 9286,
      "numDeaths": 6,
      "minionsKilled": 62,
      "championsKilled": 3,
      "goldSpent": 7865,
      "totalDamageDealt": 51287,
      "totalDamageTaken": 31415,
      "team": 200,
      "win": false,
      "neutralMinionsKilled": 1,
      "largestMultiKill": 1,
      "physicalDamageDealtPlayer": 4233,
      "magicDamageDealtPlayer": 46171,
      "physicalDamageTaken": 18075,
      "magicDamageTaken": 12606,
      "timePlayed": 2111,
      "totalHeal": 5603,
      "totalUnitsHealed": 1,
      "assists": 9,
      "item0": 3096,
      "item1": 3068,
      "item2": 3211,
      "item3": 2045,
      "item4": 3047,
      "item6": 3341,
      "magicDamageDealtToChampions": 13435,
      "physicalDamageDealtToChampions": 1820,
      "totalDamageDealtToChampions": 16137,
      "trueDamageDealtPlayer": 882,
      "trueDamageDealtToChampions": 882,
      "trueDamageTaken": 734,
      "wardKilled": 3,
      "wardPlaced": 16,
      "neutralMinionsKilledYourJungle": 1,
      "totalTimeCrowdControlDealt": 238
    }
  },
  "20040719": {
    "gameId": 818169186,
    "invalid": false,
    "gameMode": "CLASSIC",
    "gameType": "MATCHED_GAME",
    "subType": "RANKED_SOLO_5x5",
    "mapId": 1,
    "teamId": 200,
    "championId": 29,
    "spell1": 11,
    "spell2": 4,
    "level": 30,
    "ipEarned": 65,
    "createDate": 1398243242285,
    "fellowPlayers": [
      {
        "summonerId": 21249910,
        "teamId": 200,
        "championId": 57
      },
      {
        "summonerId": 22876487,
        "teamId": 100,
        "championId": 103
      },
      {
        "summonerId": 21713397,
        "teamId": 100,
        "championId": 236
      },
      {
        "summonerId": 30152100,
        "teamId": 100,
        "championId": 121
      },
      {
        "summonerId": 34282234,
        "teamId": 200,
        "championId": 51
      },
      {
        "summonerId": 29283451,
        "teamId": 200,
        "championId": 75
      },
      {
        "summonerId": 32998308,
        "teamId": 100,
        "championId": 12
      },
      {
        "summonerId": 26066992,
        "teamId": 200,
        "championId": 74
      },
      {
        "summonerId": 30688294,
        "teamId": 100,
        "championId": 84
      }
    ],
    "stats": {
      "level": 15,
      "goldEarned": 9715,
      "numDeaths": 8,
      "minionsKilled": 24,
      "championsKilled": 6,
      "goldSpent": 9945,
      "totalDamageDealt": 117834,
      "totalDamageTaken": 25528,
      "killingSprees": 1,
      "largestKillingSpree": 6,
      "team": 200,
      "win": false,
      "neutralMinionsKilled": 87,
      "largestMultiKill": 1,
      "physicalDamageDealtPlayer": 71505,
      "magicDamageDealtPlayer": 29616,
      "physicalDamageTaken": 19678,
      "magicDamageTaken": 5664,
      "largestCriticalStrike": 218,
      "timePlayed": 2111,
      "totalHeal": 2858,
      "totalUnitsHealed": 1,
      "assists": 2,
      "item0": 3154,
      "item1": 3153,
      "item2": 1037,
      "item3": 3117,
      "item4": 1038,
      "item5": 1018,
      "item6": 3341,
      "visionWardsBought": 1,
      "physicalDamageDealtToChampions": 7963,
      "totalDamageDealtToChampions": 10781,
      "trueDamageDealtPlayer": 16712,
      "trueDamageDealtToChampions": 2818,
      "trueDamageTaken": 186,
      "wardKilled": 2,
      "wardPlaced": 6,
      "neutralMinionsKilledEnemyJungle": 6,
      "neutralMinionsKilledYourJungle": 81,
      "totalTimeCrowdControlDealt": 612
    }
  },
  "30152100": {
    "gameId": 818169186,
    "invalid": false,
    "gameMode": "CLASSIC",
    "gameType": "MATCHED_GAME",
    "subType": "RANKED_SOLO_5x5",
    "mapId": 1,
    "teamId": 100,
    "championId": 121,
    "spell1": 11,
    "spell2": 4,
    "level": 30,
    "ipEarned": 99,
    "createDate": 1398243242277,
    "fellowPlayers": [
      {
        "summonerId": 21249910,
        "teamId": 200,
        "championId": 57
      },
      {
        "summonerId": 22876487,
        "teamId": 100,
        "championId": 103
      },
      {
        "summonerId": 21713397,
        "teamId": 100,
        "championId": 236
      },
      {
        "summonerId": 34282234,
        "teamId": 200,
        "championId": 51
      },
      {
        "summonerId": 20040719,
        "teamId": 200,
        "championId": 29
      },
      {
        "summonerId": 29283451,
        "teamId": 200,
        "championId": 75
      },
      {
        "summonerId": 32998308,
        "teamId": 100,
        "championId": 12
      },
      {
        "summonerId": 26066992,
        "teamId": 200,
        "championId": 74
      },
      {
        "summonerId": 30688294,
        "teamId": 100,
        "championId": 84
      }
    ],
    "stats": {
      "level": 18,
      "goldEarned": 12787,
      "numDeaths": 3,
      "turretsKilled": 1,
      "minionsKilled": 36,
      "championsKilled": 8,
      "goldSpent": 13277,
      "totalDamageDealt": 174725,
      "totalDamageTaken": 35500,
      "killingSprees": 2,
      "largestKillingSpree": 3,
      "team": 100,
      "win": true,
      "neutralMinionsKilled": 90,
      "largestMultiKill": 1,
      "physicalDamageDealtPlayer": 153419,
      "magicDamageDealtPlayer": 2791,
      "physicalDamageTaken": 24369,
      "magicDamageTaken": 9740,
      "timePlayed": 2111,
      "totalHeal": 11810,
      "totalUnitsHealed": 1,
      "assists": 12,
      "item0": 3209,
      "item1": 3143,
      "item2": 3275,
      "item3": 3134,
      "item4": 3035,
      "item5": 1028,
      "item6": 3341,
      "sightWardsBought": 1,
      "magicDamageDealtToChampions": 1934,
      "physicalDamageDealtToChampions": 17385,
      "totalDamageDealtToChampions": 20664,
      "trueDamageDealtPlayer": 18514,
      "trueDamageDealtToChampions": 1344,
      "trueDamageTaken": 1391,
      "wardKilled": 2,
      "wardPlaced": 1,
      "neutralMinionsKilledEnemyJungle": 9,
      "neutralMinionsKilledYourJungle": 81,
      "totalTimeCrowdControlDealt": 4890
    }
  },
  "21713397": {
    "gameId": 818169186,
    "invalid": false,
    "gameMode": "CLASSIC",
    "gameType": "MATCHED_GAME",
    "subType": "RANKED_SOLO_5x5",
    "mapId": 1,
    "teamId": 100,
    "championId": 236,
    "spell1": 4,
    "spell2": 7,
    "level": 30,
    "ipEarned": 99,
    "createDate": 1398243242281,
    "fellowPlayers": [
      {
        "summonerId": 21249910,
        "teamId": 200,
        "championId": 57
      },
      {
        "summonerId": 22876487,
        "teamId": 100,
        "championId": 103
      },
      {
        "summonerId": 30152100,
        "teamId": 100,
        "championId": 121
      },
      {
        "summonerId": 34282234,
        "teamId": 200,
        "championId": 51
      },
      {
        "summonerId": 20040719,
        "teamId": 200,
        "championId": 29
      },
      {
        "summonerId": 29283451,
        "teamId": 200,
        "championId": 75
      },
      {
        "summonerId": 32998308,
        "teamId": 100,
        "championId": 12
      },
      {
        "summonerId": 26066992,
        "teamId": 200,
        "championId": 74
      },
      {
        "summonerId": 30688294,
        "teamId": 100,
        "championId": 84
      }
    ],
    "stats": {
      "level": 18,
      "goldEarned": 14364,
      "numDeaths": 6,
      "barracksKilled": 1,
      "turretsKilled": 2,
      "minionsKilled": 245,
      "championsKilled": 5,
      "goldSpent": 10443,
      "totalDamageDealt": 203421,
      "totalDamageTaken": 28816,
      "killingSprees": 2,
      "largestKillingSpree": 3,
      "team": 100,
      "win": true,
      "neutralMinionsKilled": 26,
      "largestMultiKill": 1,
      "physicalDamageDealtPlayer": 178251,
      "magicDamageDealtPlayer": 25170,
      "physicalDamageTaken": 16436,
      "magicDamageTaken": 11426,
      "largestCriticalStrike": 730,
      "timePlayed": 2111,
      "totalHeal": 3692,
      "totalUnitsHealed": 3,
      "assists": 11,
      "item0": 3006,
      "item1": 3072,
      "item2": 3078,
      "item3": 1038,
      "item6": 3340,
      "magicDamageDealtToChampions": 6409,
      "physicalDamageDealtToChampions": 25544,
      "totalDamageDealtToChampions": 31953,
      "trueDamageTaken": 953,
      "wardPlaced": 10,
      "neutralMinionsKilledEnemyJungle": 14,
      "neutralMinionsKilledYourJungle": 12,
      "totalTimeCrowdControlDealt": 630
    }
  }
}