{
  "37696732": {
    "gameId": 818170042,
    "invalid": false,
    "gameMode": "CLASSIC",
    "gameType": "MATCHED_GAME",
    "subType": "NORMAL",
    "mapId": 1,
    "teamId": 200,
    "championId": 115,
    "spell1": 14,
    "spell2": 4,
    "level": 30,
    "ipEarned": 92,
    "createDate": 1398243185202,
    "fellowPlayers": [
      {
        "summonerId": 39707236,
        "teamId": 200,
        "championId": 92
      },
      {
        "summonerId": 22296864,
        "teamId": 200,
        "championId": 267
      },
      {
        "summonerId": 22544982,
        "teamId": 100,
        "championId": 92
      },
      {
        "summonerId": 39827017,
        "teamId": 100,
        "championId": 115
      },
      {
        "summonerId": 36855972,
        "teamId": 100,
        "championId": 64
      },
      {
        "summonerId": 44753792,
        "teamId": 200,
        "championId": 64
      },
      {
        "summonerId": 27218759,
        "teamId": 200,
        "championId": 29
      },
      {
        "summonerId": 39841681,
        "teamId": 100,
        "championId": 3
      },
      {
        "summonerId": 37302642,
        "teamId": 100,
        "championId": 29
      }
    ],
    "stats": {
      "level": 15,
      "goldEarned": 10712,
      "numDeaths": 3,
      "turretsKilled": 3,
      "minionsKilled": 103,
      "championsKilled": 9,
      "goldSpent": 9725,
      "totalDamageDealt": 91155,
      "totalDamageTaken": 13545,
      "killingSprees": 3,
      "largestKillingSpree": 4,
      "team": 200,
      "win": true,
      "neutralMinionsKilled": 6,
      "largestMultiKill": 1,
      "physicalDamageDealtPlayer": 15020,
      "magicDamageDealtPlayer": 75259,
      "physicalDamageTaken": 5147,
      "magicDamageTaken": 8179,
      "timePlayed": 1933,
      "totalHeal": 533,
      "totalUnitsHealed": 1,
      "assists": 12,
      "item0": 3020,
      "item1": 3157,
      "item2": 3089,
      "item3": 1011,
      "item6": 3342,
      "magicDamageDealtToChampions": 18656,
      "physicalDamageDealtToChampions": 1513,
      "totalDamageDealtToChampions": 20943,
      "trueDamageDealtPlayer": 876,
      "trueDamageDealtToChampions": 774,
      "trueDamageTaken": 218,
      "neutralMinionsKilledEnemyJungle": 2,
      "neutralMinionsKilledYourJungle": 4,
      "totalTimeCrowdControlDealt": 308
    }
  },
  "summonerCount": 10,
  "36855972": {
    "gameId": 818170042,
    "invalid": false,
    "gameMode": "CLASSIC",
    "gameType": "MATCHED_GAME",
    "subType": "NORMAL",
    "mapId": 1,
    "teamId": 100,
    "championId": 64,
    "spell1": 4,
    "spell2": 11,
    "level": 30,
    "ipEarned": 61,
    "createDate": 1398243185193,
    "fellowPlayers": [
      {
        "summonerId": 37696732,
        "teamId": 200,
        "championId": 115
      },
      {
        "summonerId": 39707236,
        "teamId": 200,
        "championId": 92
      },
      {
        "summonerId": 22296864,
        "teamId": 200,
        "championId": 267
      },
      {
        "summonerId": 22544982,
        "teamId": 100,
        "championId": 92
      },
      {
        "summonerId": 39827017,
        "teamId": 100,
        "championId": 115
      },
      {
        "summonerId": 44753792,
        "teamId": 200,
        "championId": 64
      },
      {
        "summonerId": 27218759,
        "teamId": 200,
        "championId": 29
      },
      {
        "summonerId": 39841681,
        "teamId": 100,
        "championId": 3
      },
      {
        "summonerId": 37302642,
        "teamId": 100,
        "championId": 29
      }
    ],
    "stats": {
      "level": 16,
      "goldEarned": 11506,
      "numDeaths": 6,
      "turretsKilled": 1,
      "minionsKilled": 46,
      "championsKilled": 9,
      "goldSpent": 11075,
      "totalDamageDealt": 145472,
      "totalDamageTaken": 24036,
      "doubleKills": 1,
      "killingSprees": 3,
      "largestKillingSpree": 4,
      "team": 100,
      "win": false,
      "neutralMinionsKilled": 90,
      "largestMultiKill": 2,
      "physicalDamageDealtPlayer": 81105,
      "magicDamageDealtPlayer": 50033,
      "physicalDamageTaken": 16452,
      "magicDamageTaken": 6462,
      "timePlayed": 1933,
      "totalHeal": 2837,
      "totalUnitsHealed": 1,
      "assists": 5,
      "item0": 3160,
      "item1": 3143,
      "item2": 3072,
      "item3": 3111,
      "item4": 1036,
      "item5": 1037,
      "item6": 3340,
      "magicDamageDealtToChampions": 2798,
      "physicalDamageDealtToChampions": 15689,
      "totalDamageDealtToChampions": 19059,
      "trueDamageDealtPlayer": 14334,
      "trueDamageDealtToChampions": 572,
      "trueDamageTaken": 1122,
      "wardPlaced": 14,
      "neutralMinionsKilledEnemyJungle": 8,
      "neutralMinionsKilledYourJungle": 82,
      "totalTimeCrowdControlDealt": 861
    }
  },
  "39707236": {
    "gameId": 818170042,
    "invalid": false,
    "gameMode": "CLASSIC",
    "gameType": "MATCHED_GAME",
    "subType": "NORMAL",
    "mapId": 1,
    "teamId": 200,
    "championId": 92,
    "spell1": 4,
    "spell2": 14,
    "level": 30,
    "ipEarned": 92,
    "createDate": 1398243185201,
    "fellowPlayers": [
      {
        "summonerId": 37696732,
        "teamId": 200,
        "championId": 115
      },
      {
        "summonerId": 22296864,
        "teamId": 200,
        "championId": 267
      },
      {
        "summonerId": 22544982,
        "teamId": 100,
        "championId": 92
      },
      {
        "summonerId": 39827017,
        "teamId": 100,
        "championId": 115
      },
      {
        "summonerId": 36855972,
        "teamId": 100,
        "championId": 64
      },
      {
        "summonerId": 44753792,
        "teamId": 200,
        "championId": 64
      },
      {
        "summonerId": 27218759,
        "teamId": 200,
        "championId": 29
      },
      {
        "summonerId": 39841681,
        "teamId": 100,
        "championId": 3
      },
      {
        "summonerId": 37302642,
        "teamId": 100,
        "championId": 29
      }
    ],
    "stats": {
      "level": 18,
      "goldEarned": 13300,
      "numDeaths": 5,
      "turretsKilled": 1,
      "minionsKilled": 212,
      "championsKilled": 11,
      "goldSpent": 14965,
      "totalDamageDealt": 161301,
      "totalDamageTaken": 25127,
      "doubleKills": 1,
      "tripleKills": 1,
      "killingSprees": 3,
      "largestKillingSpree": 5,
      "team": 200,
      "win": true,
      "neutralMinionsKilled": 18,
      "largestMultiKill": 3,
      "physicalDamageDealtPlayer": 159695,
      "physicalDamageTaken": 21323,
      "magicDamageTaken": 3264,
      "timePlayed": 1933,
      "totalHeal": 1561,
      "totalUnitsHealed": 1,
      "assists": 5,
      "item0": 3072,
      "item1": 3074,
      "item2": 3071,
      "item3": 3158,
      "item4": 1011,
      "item5": 1037,
      "item6": 3340,
      "sightWardsBought": 2,
      "physicalDamageDealtToChampions": 19933,
      "totalDamageDealtToChampions": 21147,
      "trueDamageDealtPlayer": 1606,
      "trueDamageDealtToChampions": 1214,
      "trueDamageTaken": 540,
      "wardPlaced": 10,
      "neutralMinionsKilledEnemyJungle": 9,
      "neutralMinionsKilledYourJungle": 9,
      "totalTimeCrowdControlDealt": 207
    }
  },
  "39841681": {
    "gameId": 818170042,
    "invalid": false,
    "gameMode": "CLASSIC",
    "gameType": "MATCHED_GAME",
    "subType": "NORMAL",
    "mapId": 1,
    "teamId": 100,
    "championId": 3,
    "spell1": 4,
    "spell2": 3,
    "level": 29,
    "ipEarned": 61,
    "createDate": 1398243185198,
    "fellowPlayers": [
      {
        "summonerId": 37696732,
        "teamId": 200,
        "championId": 115
      },
      {
        "summonerId": 39707236,
        "teamId": 200,
        "championId": 92
      },
      {
        "summonerId": 22296864,
        "teamId": 200,
        "championId": 267
      },
      {
        "summonerId": 22544982,
        "teamId": 100,
        "championId": 92
      },
      {
        "summonerId": 39827017,
        "teamId": 100,
        "championId": 115
      },
      {
        "summonerId": 36855972,
        "teamId": 100,
        "championId": 64
      },
      {
        "summonerId": 44753792,
        "teamId": 200,
        "championId": 64
      },
      {
        "summonerId": 27218759,
        "teamId": 200,
        "championId": 29
      },
      {
        "summonerId": 37302642,
        "teamId": 100,
        "championId": 29
      }
    ],
    "stats": {
      "level": 12,
      "goldEarned": 7088,
      "numDeaths": 9,
      "turretsKilled": 1,
      "minionsKilled": 22,
      "championsKilled": 3,
      "goldSpent": 6750,
      "totalDamageDealt": 35424,
      "totalDamageTaken": 22239,
      "team": 100,
      "win": false,
      "neutralMinionsKilled": 4,
      "largestMultiKill": 1,
      "physicalDamageDealtPlayer": 3243,
      "magicDamageDealtPlayer": 32181,
      "physicalDamageTaken": 16063,
      "magicDamageTaken": 4047,
      "timePlayed": 1933,
      "totalHeal": 1880,
      "totalUnitsHealed": 1,
      "assists": 6,
      "item0": 3096,
      "item1": 2049,
      "item2": 3174,
      "item3": 3067,
      "item5": 3111,
      "item6": 3341,
      "sightWardsBought": 2,
      "magicDamageDealtToChampions": 12209,
      "physicalDamageDealtToChampions": 422,
      "totalDamageDealtToChampions": 12632,
      "trueDamageTaken": 2128,
      "wardPlaced": 4,
      "neutralMinionsKilledYourJungle": 4,
      "totalTimeCrowdControlDealt": 255
    }
  },
  "22296864": {
    "gameId": 818170042,
    "invalid": false,
    "gameMode": "CLASSIC",
    "gameType": "MATCHED_GAME",
    "subType": "NORMAL",
    "mapId": 1,
    "teamId": 200,
    "championId": 267,
    "spell1": 4,
    "spell2": 7,
    "level": 30,
    "ipEarned": 242,
    "createDate": 1398243185203,
    "fellowPlayers": [
      {
        "summonerId": 37696732,
        "teamId": 200,
        "championId": 115
      },
      {
        "summonerId": 39707236,
        "teamId": 200,
        "championId": 92
      },
      {
        "summonerId": 22544982,
        "teamId": 100,
        "championId": 92
      },
      {
        "summonerId": 39827017,
        "teamId": 100,
        "championId": 115
      },
      {
        "summonerId": 36855972,
        "teamId": 100,
        "championId": 64
      },
      {
        "summonerId": 44753792,
        "teamId": 200,
        "championId": 64
      },
      {
        "summonerId": 27218759,
        "teamId": 200,
        "championId": 29
      },
      {
        "summonerId": 39841681,
        "teamId": 100,
        "championId": 3
      },
      {
        "summonerId": 37302642,
        "teamId": 100,
        "championId": 29
      }
    ],
    "stats": {
      "level": 14,
      "goldEarned": 10513,
      "numDeaths": 3,
      "minionsKilled": 24,
      "championsKilled": 2,
      "goldSpent": 9740,
      "totalDamageDealt": 27440,
      "totalDamageTaken": 15374,
      "team": 200,
      "win": true,
      "largestMultiKill": 1,
      "physicalDamageDealtPlayer": 7539,
      "magicDamageDealtPlayer": 19901,
      "physicalDamageTaken": 6050,
      "magicDamageTaken": 8562,
      "timePlayed": 1933,
      "totalHeal": 13257,
      "totalUnitsHealed": 5,
      "assists": 19,
      "item0": 3092,
      "item1": 2045,
      "item2": 3047,
      "item3": 3174,
      "item4": 3075,
      "item6": 3340,
      "magicDamageDealtToChampions": 9346,
      "physicalDamageDealtToChampions": 2081,
      "totalDamageDealtToChampions": 11427,
      "trueDamageTaken": 762,
      "wardPlaced": 18,
      "totalTimeCrowdControlDealt": 142
    }
  },
  "44753792": {
    "gameId": 818170042,
    "invalid": false,
    "gameMode": "CLASSIC",
    "gameType": "MATCHED_GAME",
    "subType": "NORMAL",
    "mapId": 1,
    "teamId": 200,
    "championId": 64,
    "spell1": 11,
    "spell2": 4,
    "level": 30,
    "ipEarned": 92,
    "createDate": 1398243185200,
    "fellowPlayers": [
      {
        "summonerId": 37696732,
        "teamId": 200,
        "championId": 115
      },
      {
        "summonerId": 39707236,
        "teamId": 200,
        "championId": 92
      },
      {
        "summonerId": 22296864,
        "teamId": 200,
        "championId": 267
      },
      {
        "summonerId": 22544982,
        "teamId": 100,
        "championId": 92
      },
      {
        "summonerId": 39827017,
        "teamId": 100,
        "championId": 115
      },
      {
        "summonerId": 36855972,
        "teamId": 100,
        "championId": 64
      },
      {
        "summonerId": 27218759,
        "teamId": 200,
        "championId": 29
      },
      {
        "summonerId": 39841681,
        "teamId": 100,
        "championId": 3
      },
      {
        "summonerId": 37302642,
        "teamId": 100,
        "championId": 29
      }
    ],
    "stats": {
      "level": 15,
      "goldEarned": 11383,
      "numDeaths": 7,
      "minionsKilled": 98,
      "championsKilled": 8,
      "goldSpent": 10635,
      "totalDamageDealt": 123188,
      "totalDamageTaken": 30281,
      "doubleKills": 1,
      "killingSprees": 1,
      "largestKillingSpree": 4,
      "team": 200,
      "win": true,
      "neutralMinionsKilled": 50,
      "largestMultiKill": 2,
      "physicalDamageDealtPlayer": 81244,
      "magicDamageDealtPlayer": 36194,
      "physicalDamageTaken": 21562,
      "magicDamageTaken": 7555,
      "timePlayed": 1933,
      "totalHeal": 3752,
      "totalUnitsHealed": 1,
      "assists": 11,
      "item0": 3106,
      "item1": 3117,
      "item2": 3072,
      "item3": 3083,
      "item5": 3035,
      "item6": 3340,
      "magicDamageDealtToChampions": 3030,
      "physicalDamageDealtToChampions": 10970,
      "totalDamageDealtToChampions": 14037,
      "trueDamageDealtPlayer": 5750,
      "trueDamageDealtToChampions": 36,
      "trueDamageTaken": 1164,
      "wardPlaced": 3,
      "neutralMinionsKilledEnemyJungle": 16,
      "neutralMinionsKilledYourJungle": 34,
      "totalTimeCrowdControlDealt": 391
    }
  },
  "37302642": {
    "gameId": 818170042,
    "invalid": false,
    "gameMode": "CLASSIC",
    "gameType": "MATCHED_GAME",
    "subType": "NORMAL",
    "mapId": 1,
    "teamId": 100,
    "championId": 29,
    "spell1": 4,
    "spell2": 7,
    "level": 30,
    "ipEarned": 61,
    "createDate": 1398243185195,
    "fellowPlayers": [
      {
        "summonerId": 37696732,
        "teamId": 200,
        "championId": 115
      },
      {
        "summonerId": 39707236,
        "teamId": 200,
        "championId": 92
      },
      {
        "summonerId": 22296864,
        "teamId": 200,
        "championId": 267
      },
      {
        "summonerId": 22544982,
        "teamId": 100,
        "championId": 92
      },
      {
        "summonerId": 39827017,
        "teamId": 100,
        "championId": 115
      },
      {
        "summonerId": 36855972,
        "teamId": 100,
        "championId": 64
      },
      {
        "summonerId": 44753792,
        "teamId": 200,
        "championId": 64
      },
      {
        "summonerId": 27218759,
        "teamId": 200,
        "championId": 29
      },
      {
        "summonerId": 39841681,
        "teamId": 100,
        "championId": 3
      }
    ],
    "stats": {
      "level": 13,
      "goldEarned": 7741,
      "numDeaths": 7,
      "minionsKilled": 116,
      "championsKilled": 3,
      "goldSpent": 7250,
      "totalDamageDealt": 56872,
      "totalDamageTaken": 17971,
      "killingSprees": 1,
      "largestKillingSpree": 3,
      "team": 100,
      "win": false,
      "neutralMinionsKilled": 4,
      "largestMultiKill": 1,
      "physicalDamageDealtPlayer": 52466,
      "physicalDamageTaken": 11132,
      "magicDamageTaken": 5574,
      "largestCriticalStrike": 470,
      "timePlayed": 1933,
      "totalHeal": 1822,
      "totalUnitsHealed": 3,
      "assists": 3,
      "item0": 3006,
      "item1": 3072,
      "item2": 1036,
      "item3": 1055,
      "item4": 1018,
      "item5": 1038,
      "item6": 3340,
      "physicalDamageDealtToChampions": 6827,
      "totalDamageDealtToChampions": 9085,
      "trueDamageDealtPlayer": 4406,
      "trueDamageDealtToChampions": 2258,
      "trueDamageTaken": 1264,
      "wardPlaced": 2,
      "neutralMinionsKilledYourJungle": 4,
      "totalTimeCrowdControlDealt": 131
    }
  },
  "22544982": {
    "gameId": 818170042,
    "invalid": false,
    "gameMode": "CLASSIC",
    "gameType": "MATCHED_GAME",
    "subType": "NORMAL",
    "mapId": 1,
    "teamId": 100,
    "championId": 92,
    "spell1": 7,
    "spell2": 4,
    "level": 30,
    "ipEarned": 61,
    "createDate": 1398243185197,
    "fellowPlayers": [
      {
        "summonerId": 37696732,
        "teamId": 200,
        "championId": 115
      },
      {
        "summonerId": 39707236,
        "teamId": 200,
        "championId": 92
      },
      {
        "summonerId": 22296864,
        "teamId": 200,
        "championId": 267
      },
      {
        "summonerId": 39827017,
        "teamId": 100,
        "championId": 115
      },
      {
        "summonerId": 36855972,
        "teamId": 100,
        "championId": 64
      },
      {
        "summonerId": 44753792,
        "teamId": 200,
        "championId": 64
      },
      {
        "summonerId": 27218759,
        "teamId": 200,
        "championId": 29
      },
      {
        "summonerId": 39841681,
        "teamId": 100,
        "championId": 3
      },
      {
        "summonerId": 37302642,
        "teamId": 100,
        "championId": 29
      }
    ],
    "stats": {
      "level": 14,
      "goldEarned": 8463,
      "numDeaths": 10,
      "minionsKilled": 120,
      "championsKilled": 3,
      "goldSpent": 8285,
      "totalDamageDealt": 82458,
      "totalDamageTaken": 25558,
      "killingSprees": 1,
      "largestKillingSpree": 2,
      "team": 100,
      "win": false,
      "neutralMinionsKilled": 12,
      "largestMultiKill": 1,
      "physicalDamageDealtPlayer": 82108,
      "physicalDamageTaken": 18458,
      "magicDamageTaken": 6314,
      "timePlayed": 1933,
      "totalHeal": 1448,
      "totalUnitsHealed": 2,
      "assists": 3,
      "item0": 3074,
      "item1": 1031,
      "item2": 1001,
      "item3": 3071,
      "item4": 1053,
      "item6": 3340,
      "physicalDamageDealtToChampions": 10013,
      "totalDamageDealtToChampions": 10075,
      "trueDamageDealtPlayer": 350,
      "trueDamageDealtToChampions": 62,
      "trueDamageTaken": 786,
      "wardPlaced": 6,
      "neutralMinionsKilledEnemyJungle": 2,
      "neutralMinionsKilledYourJungle": 10,
      "totalTimeCrowdControlDealt": 127
    }
  },
  "27218759": {
    "gameId": 818170042,
    "invalid": false,
    "gameMode": "CLASSIC",
    "gameType": "MATCHED_GAME",
    "subType": "NORMAL",
    "mapId": 1,
    "teamId": 200,
    "championId": 29,
    "spell1": 7,
    "spell2": 4,
    "level": 30,
    "ipEarned": 235,
    "createDate": 1398243185199,
    "fellowPlayers": [
      {
        "summonerId": 37696732,
        "teamId": 200,
        "championId": 115
      },
      {
        "summonerId": 39707236,
        "teamId": 200,
        "championId": 92
      },
      {
        "summonerId": 22296864,
        "teamId": 200,
        "championId": 267
      },
      {
        "summonerId": 22544982,
        "teamId": 100,
        "championId": 92
      },
      {
        "summonerId": 39827017,
        "teamId": 100,
        "championId": 115
      },
      {
        "summonerId": 36855972,
        "teamId": 100,
        "championId": 64
      },
      {
        "summonerId": 44753792,
        "teamId": 200,
        "championId": 64
      },
      {
        "summonerId": 39841681,
        "teamId": 100,
        "championId": 3
      },
      {
        "summonerId": 37302642,
        "teamId": 100,
        "championId": 29
      }
    ],
    "stats": {
      "level": 14,
      "goldEarned": 11685,
      "numDeaths": 6,
      "turretsKilled": 1,
      "minionsKilled": 112,
      "championsKilled": 9,
      "goldSpent": 9750,
      "totalDamageDealt": 96461,
      "totalDamageTaken": 24153,
      "doubleKills": 1,
      "killingSprees": 4,
      "largestKillingSpree": 3,
      "team": 200,
      "win": true,
      "neutralMinionsKilled": 10,
      "largestMultiKill": 2,
      "physicalDamageDealtPlayer": 87142,
      "magicDamageDealtPlayer": 904,
      "physicalDamageTaken": 14483,
      "magicDamageTaken": 8778,
      "largestCriticalStrike": 731,
      "timePlayed": 1933,
      "totalHeal": 3483,
      "totalUnitsHealed": 3,
      "assists": 14,
      "item0": 3072,
      "item1": 3006,
      "item2": 3031,
      "item3": 1036,
      "item4": 1037,
      "item6": 3340,
      "magicDamageDealtToChampions": 671,
      "physicalDamageDealtToChampions": 20282,
      "totalDamageDealtToChampions": 25506,
      "trueDamageDealtPlayer": 8414,
      "trueDamageDealtToChampions": 4552,
      "trueDamageTaken": 892,
      "wardPlaced": 5,
      "neutralMinionsKilledEnemyJungle": 4,
      "neutralMinionsKilledYourJungle": 6,
      "totalTimeCrowdControlDealt": 435
    }
  },
  "37696732": {
    "gameId": 818170042,
    "invalid": false,
    "gameMode": "CLASSIC",
    "gameType": "MATCHED_GAME",
    "subType": "NORMAL",
    "mapId": 1,
    "teamId": 200,
    "championId": 115,
    "spell1": 14,
    "spell2": 4,
    "level": 30,
    "ipEarned": 92,
    "createDate": 1398243185202,
    "fellowPlayers": [
      {
        "summonerId": 39707236,
        "teamId": 200,
        "championId": 92
      },
      {
        "summonerId": 22296864,
        "teamId": 200,
        "championId": 267
      },
      {
        "summonerId": 22544982,
        "teamId": 100,
        "championId": 92
      },
      {
        "summonerId": 39827017,
        "teamId": 100,
        "championId": 115
      },
      {
        "summonerId": 36855972,
        "teamId": 100,
        "championId": 64
      },
      {
        "summonerId": 44753792,
        "teamId": 200,
        "championId": 64
      },
      {
        "summonerId": 27218759,
        "teamId": 200,
        "championId": 29
      },
      {
        "summonerId": 39841681,
        "teamId": 100,
        "championId": 3
      },
      {
        "summonerId": 37302642,
        "teamId": 100,
        "championId": 29
      }
    ],
    "stats": {
      "level": 15,
      "goldEarned": 10712,
      "numDeaths": 3,
      "turretsKilled": 3,
      "minionsKilled": 103,
      "championsKilled": 9,
      "goldSpent": 9725,
      "totalDamageDealt": 91155,
      "totalDamageTaken": 13545,
      "killingSprees": 3,
      "largestKillingSpree": 4,
      "team": 200,
      "win": true,
      "neutralMinionsKilled": 6,
      "largestMultiKill": 1,
      "physicalDamageDealtPlayer": 15020,
      "magicDamageDealtPlayer": 75259,
      "physicalDamageTaken": 5147,
      "magicDamageTaken": 8179,
      "timePlayed": 1933,
      "totalHeal": 533,
      "totalUnitsHealed": 1,
      "assists": 12,
      "item0": 3020,
      "item1": 3157,
      "item2": 3089,
      "item3": 1011,
      "item6": 3342,
      "magicDamageDealtToChampions": 18656,
      "physicalDamageDealtToChampions": 1513,
      "totalDamageDealtToChampions": 20943,
      "trueDamageDealtPlayer": 876,
      "trueDamageDealtToChampions": 774,
      "trueDamageTaken": 218,
      "neutralMinionsKilledEnemyJungle": 2,
      "neutralMinionsKilledYourJungle": 4,
      "totalTimeCrowdControlDealt": 308
    }
  }
}