{
  "19588959": {
    "gameId": 818161946,
    "invalid": false,
    "gameMode": "CLASSIC",
    "gameType": "MATCHED_GAME",
    "subType": "RANKED_SOLO_5x5",
    "mapId": 1,
    "teamId": 100,
    "championId": 51,
    "spell1": 4,
    "spell2": 7,
    "level": 30,
    "ipEarned": 110,
    "createDate": 1398243681808,
    "fellowPlayers": [
      {
        "summonerId": 27198774,
        "teamId": 200,
        "championId": 16
      },
      {
        "summonerId": 25163092,
        "teamId": 100,
        "championId": 43
      },
      {
        "summonerId": 22851363,
        "teamId": 200,
        "championId": 37
      },
      {
        "summonerId": 30168628,
        "teamId": 200,
        "championId": 91
      },
      {
        "summonerId": 34514587,
        "teamId": 200,
        "championId": 254
      },
      {
        "summonerId": 25551960,
        "teamId": 200,
        "championId": 81
      },
      {
        "summonerId": 34378235,
        "teamId": 100,
        "championId": 10
      },
      {
        "summonerId": 37306237,
        "teamId": 100,
        "championId": 80
      },
      {
        "summonerId": 21932203,
        "teamId": 100,
        "championId": 99
      }
    ],
    "stats": {
      "level": 18,
      "goldEarned": 17278,
      "numDeaths": 5,
      "turretsKilled": 3,
      "minionsKilled": 208,
      "championsKilled": 14,
      "goldSpent": 15090,
      "totalDamageDealt": 211683,
      "totalDamageTaken": 26313,
      "doubleKills": 4,
      "killingSprees": 3,
      "largestKillingSpree": 6,
      "team": 100,
      "win": true,
      "neutralMinionsKilled": 17,
      "largestMultiKill": 2,
      "physicalDamageDealtPlayer": 208236,
      "magicDamageDealtPlayer": 1881,
      "physicalDamageTaken": 18334,
      "magicDamageTaken": 7289,
      "largestCriticalStrike": 1671,
      "timePlayed": 2410,
      "totalHeal": 4538,
      "totalUnitsHealed": 4,
      "assists": 14,
      "item0": 3031,
      "item1": 3035,
      "item2": 3026,
      "item3": 3086,
      "item4": 3072,
      "item5": 3006,
      "item6": 3340,
      "magicDamageDealtToChampions": 1881,
      "physicalDamageDealtToChampions": 41356,
      "totalDamageDealtToChampions": 44507,
      "trueDamageDealtPlayer": 1566,
      "trueDamageDealtToChampions": 1270,
      "trueDamageTaken": 688,
      "wardPlaced": 8,
      "neutralMinionsKilledEnemyJungle": 2,
      "neutralMinionsKilledYourJungle": 15,
      "totalTimeCrowdControlDealt": 327
    }
  },
  "summonerCount": 10,
  "21932203": {
    "gameId": 818161946,
    "invalid": false,
    "gameMode": "CLASSIC",
    "gameType": "MATCHED_GAME",
    "subType": "RANKED_SOLO_5x5",
    "mapId": 1,
    "teamId": 100,
    "championId": 99,
    "spell1": 12,
    "spell2": 4,
    "level": 30,
    "ipEarned": 110,
    "createDate": 1398243681805,
    "fellowPlayers": [
      {
        "summonerId": 27198774,
        "teamId": 200,
        "championId": 16
      },
      {
        "summonerId": 25163092,
        "teamId": 100,
        "championId": 43
      },
      {
        "summonerId": 22851363,
        "teamId": 200,
        "championId": 37
      },
      {
        "summonerId": 30168628,
        "teamId": 200,
        "championId": 91
      },
      {
        "summonerId": 34514587,
        "teamId": 200,
        "championId": 254
      },
      {
        "summonerId": 25551960,
        "teamId": 200,
        "championId": 81
      },
      {
        "summonerId": 19588959,
        "teamId": 100,
        "championId": 51
      },
      {
        "summonerId": 34378235,
        "teamId": 100,
        "championId": 10
      },
      {
        "summonerId": 37306237,
        "teamId": 100,
        "championId": 80
      }
    ],
    "stats": {
      "level": 18,
      "goldEarned": 14976,
      "numDeaths": 1,
      "barracksKilled": 1,
      "turretsKilled": 2,
      "minionsKilled": 213,
      "championsKilled": 4,
      "goldSpent": 13270,
      "totalDamageDealt": 140330,
      "totalDamageTaken": 11123,
      "killingSprees": 1,
      "largestKillingSpree": 3,
      "team": 100,
      "win": true,
      "neutralMinionsKilled": 8,
      "largestMultiKill": 1,
      "physicalDamageDealtPlayer": 20075,
      "magicDamageDealtPlayer": 120254,
      "physicalDamageTaken": 9301,
      "magicDamageTaken": 1344,
      "timePlayed": 2410,
      "totalHeal": 150,
      "totalUnitsHealed": 1,
      "assists": 17,
      "item0": 3174,
      "item1": 3157,
      "item2": 3020,
      "item3": 3089,
      "item4": 1026,
      "item5": 3041,
      "item6": 3340,
      "magicDamageDealtToChampions": 18476,
      "physicalDamageDealtToChampions": 2041,
      "totalDamageDealtToChampions": 20517,
      "trueDamageTaken": 477,
      "wardKilled": 3,
      "wardPlaced": 8,
      "neutralMinionsKilledEnemyJungle": 4,
      "neutralMinionsKilledYourJungle": 4,
      "totalTimeCrowdControlDealt": 517
    }
  },
  "34514587": {
    "gameId": 818161946,
    "invalid": false,
    "gameMode": "CLASSIC",
    "gameType": "MATCHED_GAME",
    "subType": "RANKED_SOLO_5x5",
    "mapId": 1,
    "teamId": 200,
    "championId": 254,
    "spell1": 11,
    "spell2": 4,
    "level": 30,
    "ipEarned": 72,
    "createDate": 1398243681809,
    "fellowPlayers": [
      {
        "summonerId": 27198774,
        "teamId": 200,
        "championId": 16
      },
      {
        "summonerId": 25163092,
        "teamId": 100,
        "championId": 43
      },
      {
        "summonerId": 22851363,
        "teamId": 200,
        "championId": 37
      },
      {
        "summonerId": 30168628,
        "teamId": 200,
        "championId": 91
      },
      {
        "summonerId": 25551960,
        "teamId": 200,
        "championId": 81
      },
      {
        "summonerId": 19588959,
        "teamId": 100,
        "championId": 51
      },
      {
        "summonerId": 34378235,
        "teamId": 100,
        "championId": 10
      },
      {
        "summonerId": 37306237,
        "teamId": 100,
        "championId": 80
      },
      {
        "summonerId": 21932203,
        "teamId": 100,
        "championId": 99
      }
    ],
    "stats": {
      "level": 17,
      "goldEarned": 11218,
      "numDeaths": 8,
      "minionsKilled": 22,
      "championsKilled": 4,
      "goldSpent": 10625,
      "totalDamageDealt": 152895,
      "totalDamageTaken": 33479,
      "killingSprees": 1,
      "largestKillingSpree": 4,
      "team": 200,
      "win": false,
      "neutralMinionsKilled": 102,
      "largestMultiKill": 1,
      "physicalDamageDealtPlayer": 133025,
      "magicDamageDealtPlayer": 752,
      "physicalDamageTaken": 23920,
      "magicDamageTaken": 8418,
      "timePlayed": 2410,
      "totalHeal": 4293,
      "totalUnitsHealed": 1,
      "assists": 9,
      "item0": 3209,
      "item1": 3111,
      "item2": 3143,
      "item3": 3102,
      "item4": 3044,
      "item6": 3340,
      "physicalDamageDealtToChampions": 10665,
      "totalDamageDealtToChampions": 11686,
      "trueDamageDealtPlayer": 19118,
      "trueDamageDealtToChampions": 1020,
      "trueDamageTaken": 1140,
      "wardKilled": 1,
      "wardPlaced": 7,
      "neutralMinionsKilledEnemyJungle": 7,
      "neutralMinionsKilledYourJungle": 95,
      "totalTimeCrowdControlDealt": 783
    }
  },
  "22851363": {
    "gameId": 818161946,
    "invalid": false,
    "gameMode": "CLASSIC",
    "gameType": "MATCHED_GAME",
    "subType": "RANKED_SOLO_5x5",
    "mapId": 1,
    "teamId": 200,
    "championId": 37,
    "spell1": 4,
    "spell2": 14,
    "level": 30,
    "ipEarned": 72,
    "createDate": 1398243681810,
    "fellowPlayers": [
      {
        "summonerId": 27198774,
        "teamId": 200,
        "championId": 16
      },
      {
        "summonerId": 25163092,
        "teamId": 100,
        "championId": 43
      },
      {
        "summonerId": 30168628,
        "teamId": 200,
        "championId": 91
      },
      {
        "summonerId": 34514587,
        "teamId": 200,
        "championId": 254
      },
      {
        "summonerId": 25551960,
        "teamId": 200,
        "championId": 81
      },
      {
        "summonerId": 19588959,
        "teamId": 100,
        "championId": 51
      },
      {
        "summonerId": 34378235,
        "teamId": 100,
        "championId": 10
      },
      {
        "summonerId": 37306237,
        "teamId": 100,
        "championId": 80
      },
      {
        "summonerId": 21932203,
        "teamId": 100,
        "championId": 99
      }
    ],
    "stats": {
      "level": 15,
      "goldEarned": 8469,
      "numDeaths": 9,
      "turretsKilled": 1,
      "minionsKilled": 22,
      "championsKilled": 1,
      "goldSpent": 7345,
      "totalDamageDealt": 29834,
      "totalDamageTaken": 25885,
      "team": 200,
      "win": false,
      "largestMultiKill": 1,
      "physicalDamageDealtPlayer": 4253,
      "magicDamageDealtPlayer": 25363,
      "physicalDamageTaken": 15062,
      "magicDamageTaken": 10486,
      "timePlayed": 2410,
      "totalHeal": 11100,
      "totalUnitsHealed": 5,
      "assists": 17,
      "item0": 1056,
      "item1": 3100,
      "item2": 2045,
      "item4": 1058,
      "item5": 1001,
      "item6": 3340,
      "sightWardsBought": 2,
      "visionWardsBought": 2,
      "magicDamageDealtToChampions": 10448,
      "physicalDamageDealtToChampions": 1490,
      "totalDamageDealtToChampions": 12157,
      "trueDamageDealtPlayer": 218,
      "trueDamageDealtToChampions": 218,
      "trueDamageTaken": 336,
      "wardPlaced": 23,
      "totalTimeCrowdControlDealt": 13
    }
  },
  "25163092": {
    "gameId": 818161946,
    "invalid": false,
    "gameMode": "CLASSIC",
    "gameType": "MATCHED_GAME",
    "subType": "RANKED_SOLO_5x5",
    "mapId": 1,
    "teamId": 100,
    "championId": 43,
    "spell1": 4,
    "spell2": 7,
    "level": 30,
    "ipEarned": 110,
    "createDate": 1398243681804,
    "fellowPlayers": [
      {
        "summonerId": 27198774,
        "teamId": 200,
        "championId": 16
      },
      {
        "summonerId": 22851363,
        "teamId": 200,
        "championId": 37
      },
      {
        "summonerId": 30168628,
        "teamId": 200,
        "championId": 91
      },
      {
        "summonerId": 34514587,
        "teamId": 200,
        "championId": 254
      },
      {
        "summonerId": 25551960,
        "teamId": 200,
        "championId": 81
      },
      {
        "summonerId": 19588959,
        "teamId": 100,
        "championId": 51
      },
      {
        "summonerId": 34378235,
        "teamId": 100,
        "championId": 10
      },
      {
        "summonerId": 37306237,
        "teamId": 100,
        "championId": 80
      },
      {
        "summonerId": 21932203,
        "teamId": 100,
        "championId": 99
      }
    ],
    "stats": {
      "level": 17,
      "goldEarned": 12748,
      "numDeaths": 7,
      "barracksKilled": 1,
      "minionsKilled": 47,
      "championsKilled": 2,
      "goldSpent": 10715,
      "totalDamageDealt": 53939,
      "totalDamageTaken": 20230,
      "team": 100,
      "win": true,
      "neutralMinionsKilled": 7,
      "largestMultiKill": 1,
      "physicalDamageDealtPlayer": 10377,
      "magicDamageDealtPlayer": 43561,
      "physicalDamageTaken": 13244,
      "magicDamageTaken": 6486,
      "timePlayed": 2410,
      "totalHeal": 3077,
      "totalUnitsHealed": 5,
      "assists": 18,
      "item0": 2045,
      "item1": 3092,
      "item2": 3157,
      "item3": 3136,
      "item4": 3020,
      "item5": 1057,
      "item6": 3341,
      "sightWardsBought": 1,
      "visionWardsBought": 1,
      "magicDamageDealtToChampions": 13459,
      "physicalDamageDealtToChampions": 2055,
      "totalDamageDealtToChampions": 15515,
      "trueDamageTaken": 499,
      "wardKilled": 4,
      "wardPlaced": 30,
      "neutralMinionsKilledEnemyJungle": 4,
      "neutralMinionsKilledYourJungle": 3,
      "totalTimeCrowdControlDealt": 231
    }
  },
  "30168628": {
    "gameId": 818161946,
    "invalid": false,
    "gameMode": "CLASSIC",
    "gameType": "MATCHED_GAME",
    "subType": "RANKED_SOLO_5x5",
    "mapId": 1,
    "teamId": 200,
    "championId": 91,
    "spell1": 14,
    "spell2": 4,
    "level": 30,
    "ipEarned": 72,
    "createDate": 1398243681811,
    "fellowPlayers": [
      {
        "summonerId": 27198774,
        "teamId": 200,
        "championId": 16
      },
      {
        "summonerId": 25163092,
        "teamId": 100,
        "championId": 43
      },
      {
        "summonerId": 22851363,
        "teamId": 200,
        "championId": 37
      },
      {
        "summonerId": 34514587,
        "teamId": 200,
        "championId": 254
      },
      {
        "summonerId": 25551960,
        "teamId": 200,
        "championId": 81
      },
      {
        "summonerId": 19588959,
        "teamId": 100,
        "championId": 51
      },
      {
        "summonerId": 34378235,
        "teamId": 100,
        "championId": 10
      },
      {
        "summonerId": 37306237,
        "teamId": 100,
        "championId": 80
      },
      {
        "summonerId": 21932203,
        "teamId": 100,
        "championId": 99
      }
    ],
    "stats": {
      "level": 18,
      "goldEarned": 16635,
      "numDeaths": 6,
      "turretsKilled": 1,
      "minionsKilled": 264,
      "championsKilled": 11,
      "goldSpent": 18280,
      "totalDamageDealt": 262288,
      "totalDamageTaken": 35392,
      "doubleKills": 1,
      "killingSprees": 3,
      "largestKillingSpree": 5,
      "team": 200,
      "win": false,
      "neutralMinionsKilled": 73,
      "largestMultiKill": 2,
      "physicalDamageDealtPlayer": 255341,
      "physicalDamageTaken": 17322,
      "magicDamageTaken": 17710,
      "largestCriticalStrike": 1207,
      "timePlayed": 2410,
      "totalHeal": 4978,
      "totalUnitsHealed": 1,
      "assists": 6,
      "item0": 3031,
      "item1": 3142,
      "item2": 3074,
      "item3": 3270,
      "item4": 3035,
      "item5": 1057,
      "item6": 3340,
      "physicalDamageDealtToChampions": 31242,
      "totalDamageDealtToChampions": 33024,
      "trueDamageDealtPlayer": 6947,
      "trueDamageDealtToChampions": 1781,
      "trueDamageTaken": 360,
      "wardPlaced": 14,
      "neutralMinionsKilledEnemyJungle": 5,
      "neutralMinionsKilledYourJungle": 68,
      "totalTimeCrowdControlDealt": 1555
    }
  },
  "27198774": {
    "gameId": 818161946,
    "invalid": false,
    "gameMode": "CLASSIC",
    "gameType": "MATCHED_GAME",
    "subType": "RANKED_SOLO_5x5",
    "mapId": 1,
    "teamId": 200,
    "championId": 16,
    "spell1": 4,
    "spell2": 14,
    "level": 30,
    "ipEarned": 72,
    "createDate": 1398243681812,
    "fellowPlayers": [
      {
        "summonerId": 25163092,
        "teamId": 100,
        "championId": 43
      },
      {
        "summonerId": 22851363,
        "teamId": 200,
        "championId": 37
      },
      {
        "summonerId": 30168628,
        "teamId": 200,
        "championId": 91
      },
      {
        "summonerId": 34514587,
        "teamId": 200,
        "championId": 254
      },
      {
        "summonerId": 25551960,
        "teamId": 200,
        "championId": 81
      },
      {
        "summonerId": 19588959,
        "teamId": 100,
        "championId": 51
      },
      {
        "summonerId": 34378235,
        "teamId": 100,
        "championId": 10
      },
      {
        "summonerId": 37306237,
        "teamId": 100,
        "championId": 80
      },
      {
        "summonerId": 21932203,
        "teamId": 100,
        "championId": 99
      }
    ],
    "stats": {
      "level": 17,
      "goldEarned": 10859,
      "numDeaths": 9,
      "minionsKilled": 172,
      "championsKilled": 2,
      "goldSpent": 10530,
      "totalDamageDealt": 124523,
      "totalDamageTaken": 37341,
      "team": 200,
      "win": false,
      "neutralMinionsKilled": 12,
      "largestMultiKill": 1,
      "physicalDamageDealtPlayer": 11746,
      "magicDamageDealtPlayer": 111384,
      "physicalDamageTaken": 24793,
      "magicDamageTaken": 10572,
      "timePlayed": 2410,
      "totalHeal": 12609,
      "totalUnitsHealed": 6,
      "assists": 8,
      "item0": 3110,
      "item1": 3116,
      "item2": 3111,
      "item3": 3151,
      "item4": 1057,
      "item6": 3340,
      "magicDamageDealtToChampions": 9199,
      "physicalDamageDealtToChampions": 763,
      "totalDamageDealtToChampions": 11354,
      "trueDamageDealtPlayer": 1392,
      "trueDamageDealtToChampions": 1392,
      "trueDamageTaken": 1975,
      "wardPlaced": 8,
      "neutralMinionsKilledYourJungle": 12,
      "totalTimeCrowdControlDealt": 468
    }
  },
  "25551960": {
    "gameId": 818161946,
    "invalid": false,
    "gameMode": "CLASSIC",
    "gameType": "MATCHED_GAME",
    "subType": "RANKED_SOLO_5x5",
    "mapId": 1,
    "teamId": 200,
    "championId": 81,
    "spell1": 7,
    "spell2": 4,
    "level": 30,
    "ipEarned": 72,
    "createDate": 1398243681813,
    "fellowPlayers": [
      {
        "summonerId": 27198774,
        "teamId": 200,
        "championId": 16
      },
      {
        "summonerId": 25163092,
        "teamId": 100,
        "championId": 43
      },
      {
        "summonerId": 22851363,
        "teamId": 200,
        "championId": 37
      },
      {
        "summonerId": 30168628,
        "teamId": 200,
        "championId": 91
      },
      {
        "summonerId": 34514587,
        "teamId": 200,
        "championId": 254
      },
      {
        "summonerId": 19588959,
        "teamId": 100,
        "championId": 51
      },
      {
        "summonerId": 34378235,
        "teamId": 100,
        "championId": 10
      },
      {
        "summonerId": 37306237,
        "teamId": 100,
        "championId": 80
      },
      {
        "summonerId": 21932203,
        "teamId": 100,
        "championId": 99
      }
    ],
    "stats": {
      "level": 17,
      "goldEarned": 14511,
      "numDeaths": 6,
      "minionsKilled": 262,
      "championsKilled": 10,
      "goldSpent": 14328,
      "totalDamageDealt": 165290,
      "totalDamageTaken": 31461,
      "doubleKills": 1,
      "killingSprees": 2,
      "largestKillingSpree": 3,
      "team": 200,
      "win": false,
      "neutralMinionsKilled": 5,
      "largestMultiKill": 2,
      "physicalDamageDealtPlayer": 141211,
      "magicDamageDealtPlayer": 22758,
      "physicalDamageTaken": 22764,
      "magicDamageTaken": 7447,
      "largestCriticalStrike": 583,
      "timePlayed": 2410,
      "totalHeal": 5373,
      "totalUnitsHealed": 4,
      "assists": 7,
      "item1": 3072,
      "item2": 3078,
      "item3": 3250,
      "item4": 3035,
      "item5": 3026,
      "item6": 3340,
      "magicDamageDealtToChampions": 7744,
      "physicalDamageDealtToChampions": 15116,
      "totalDamageDealtToChampions": 23101,
      "trueDamageDealtPlayer": 1320,
      "trueDamageDealtToChampions": 240,
      "trueDamageTaken": 1249,
      "wardKilled": 1,
      "wardPlaced": 9,
      "neutralMinionsKilledYourJungle": 5,
      "totalTimeCrowdControlDealt": 205
    }
  },
  "37306237": {
    "gameId": 818161946,
    "invalid": false,
    "gameMode": "CLASSIC",
    "gameType": "MATCHED_GAME",
    "subType": "RANKED_SOLO_5x5",
    "mapId": 1,
    "teamId": 100,
    "championId": 80,
    "spell1": 11,
    "spell2": 4,
    "level": 30,
    "ipEarned": 260,
    "createDate": 1398243681802,
    "fellowPlayers": [
      {
        "summonerId": 27198774,
        "teamId": 200,
        "championId": 16
      },
      {
        "summonerId": 25163092,
        "teamId": 100,
        "championId": 43
      },
      {
        "summonerId": 22851363,
        "teamId": 200,
        "championId": 37
      },
      {
        "summonerId": 30168628,
        "teamId": 200,
        "championId": 91
      },
      {
        "summonerId": 34514587,
        "teamId": 200,
        "championId": 254
      },
      {
        "summonerId": 25551960,
        "teamId": 200,
        "championId": 81
      },
      {
        "summonerId": 19588959,
        "teamId": 100,
        "championId": 51
      },
      {
        "summonerId": 34378235,
        "teamId": 100,
        "championId": 10
      },
      {
        "summonerId": 21932203,
        "teamId": 100,
        "championId": 99
      }
    ],
    "stats": {
      "level": 18,
      "goldEarned": 15899,
      "numDeaths": 6,
      "turretsKilled": 1,
      "minionsKilled": 44,
      "championsKilled": 7,
      "goldSpent": 14162,
      "totalDamageDealt": 193672,
      "totalDamageTaken": 29746,
      "killingSprees": 1,
      "largestKillingSpree": 2,
      "team": 100,
      "win": true,
      "neutralMinionsKilled": 95,
      "largestMultiKill": 1,
      "physicalDamageDealtPlayer": 157654,
      "magicDamageDealtPlayer": 10014,
      "physicalDamageTaken": 20640,
      "magicDamageTaken": 6637,
      "largestCriticalStrike": 1017,
      "timePlayed": 2410,
      "totalHeal": 6811,
      "totalUnitsHealed": 1,
      "assists": 17,
      "item0": 3143,
      "item1": 3265,
      "item2": 3035,
      "item3": 3134,
      "item4": 3209,
      "item5": 3102,
      "item6": 3341,
      "sightWardsBought": 1,
      "visionWardsBought": 1,
      "magicDamageDealtToChampions": 2854,
      "physicalDamageDealtToChampions": 20378,
      "totalDamageDealtToChampions": 25010,
      "trueDamageDealtPlayer": 26002,
      "trueDamageDealtToChampions": 1778,
      "trueDamageTaken": 2468,
      "wardPlaced": 7,
      "neutralMinionsKilledEnemyJungle": 10,
      "neutralMinionsKilledYourJungle": 85,
      "totalTimeCrowdControlDealt": 496
    }
  },
  "19588959": {
    "gameId": 818161946,
    "invalid": false,
    "gameMode": "CLASSIC",
    "gameType": "MATCHED_GAME",
    "subType": "RANKED_SOLO_5x5",
    "mapId": 1,
    "teamId": 100,
    "championId": 51,
    "spell1": 4,
    "spell2": 7,
    "level": 30,
    "ipEarned": 110,
    "createDate": 1398243681808,
    "fellowPlayers": [
      {
        "summonerId": 27198774,
        "teamId": 200,
        "championId": 16
      },
      {
        "summonerId": 25163092,
        "teamId": 100,
        "championId": 43
      },
      {
        "summonerId": 22851363,
        "teamId": 200,
        "championId": 37
      },
      {
        "summonerId": 30168628,
        "teamId": 200,
        "championId": 91
      },
      {
        "summonerId": 34514587,
        "teamId": 200,
        "championId": 254
      },
      {
        "summonerId": 25551960,
        "teamId": 200,
        "championId": 81
      },
      {
        "summonerId": 34378235,
        "teamId": 100,
        "championId": 10
      },
      {
        "summonerId": 37306237,
        "teamId": 100,
        "championId": 80
      },
      {
        "summonerId": 21932203,
        "teamId": 100,
        "championId": 99
      }
    ],
    "stats": {
      "level": 18,
      "goldEarned": 17278,
      "numDeaths": 5,
      "turretsKilled": 3,
      "minionsKilled": 208,
      "championsKilled": 14,
      "goldSpent": 15090,
      "totalDamageDealt": 211683,
      "totalDamageTaken": 26313,
      "doubleKills": 4,
      "killingSprees": 3,
      "largestKillingSpree": 6,
      "team": 100,
      "win": true,
      "neutralMinionsKilled": 17,
      "largestMultiKill": 2,
      "physicalDamageDealtPlayer": 208236,
      "magicDamageDealtPlayer": 1881,
      "physicalDamageTaken": 18334,
      "magicDamageTaken": 7289,
      "largestCriticalStrike": 1671,
      "timePlayed": 2410,
      "totalHeal": 4538,
      "totalUnitsHealed": 4,
      "assists": 14,
      "item0": 3031,
      "item1": 3035,
      "item2": 3026,
      "item3": 3086,
      "item4": 3072,
      "item5": 3006,
      "item6": 3340,
      "magicDamageDealtToChampions": 1881,
      "physicalDamageDealtToChampions": 41356,
      "totalDamageDealtToChampions": 44507,
      "trueDamageDealtPlayer": 1566,
      "trueDamageDealtToChampions": 1270,
      "trueDamageTaken": 688,
      "wardPlaced": 8,
      "neutralMinionsKilledEnemyJungle": 2,
      "neutralMinionsKilledYourJungle": 15,
      "totalTimeCrowdControlDealt": 327
    }
  }
}