{
  "27795440": {
    "gameId": 818168545,
    "invalid": false,
    "gameMode": "CLASSIC",
    "gameType": "MATCHED_GAME",
    "subType": "RANKED_SOLO_5x5",
    "mapId": 1,
    "teamId": 200,
    "championId": 102,
    "spell1": 3,
    "spell2": 11,
    "level": 30,
    "ipEarned": 263,
    "createDate": 1398243385955,
    "fellowPlayers": [
      {
        "summonerId": 27216710,
        "teamId": 200,
        "championId": 254
      },
      {
        "summonerId": 28700226,
        "teamId": 200,
        "championId": 222
      },
      {
        "summonerId": 21296581,
        "teamId": 200,
        "championId": 89
      },
      {
        "summonerId": 30691530,
        "teamId": 200,
        "championId": 157
      },
      {
        "summonerId": 23703568,
        "teamId": 100,
        "championId": 45
      },
      {
        "summonerId": 24445989,
        "teamId": 100,
        "championId": 23
      },
      {
        "summonerId": 27656447,
        "teamId": 100,
        "championId": 24
      },
      {
        "summonerId": 31888133,
        "teamId": 100,
        "championId": 12
      },
      {
        "summonerId": 23947188,
        "teamId": 100,
        "championId": 51
      }
    ],
    "stats": {
      "level": 18,
      "goldEarned": 15950,
      "numDeaths": 8,
      "minionsKilled": 51,
      "championsKilled": 6,
      "goldSpent": 15430,
      "totalDamageDealt": 167931,
      "totalDamageTaken": 47355,
      "killingSprees": 1,
      "largestKillingSpree": 3,
      "team": 200,
      "win": true,
      "neutralMinionsKilled": 78,
      "largestMultiKill": 1,
      "physicalDamageDealtPlayer": 59575,
      "magicDamageDealtPlayer": 93454,
      "physicalDamageTaken": 37519,
      "magicDamageTaken": 8000,
      "timePlayed": 2481,
      "totalHeal": 9173,
      "totalUnitsHealed": 1,
      "assists": 25,
      "item0": 3074,
      "item1": 3190,
      "item2": 3111,
      "item3": 3156,
      "item4": 3068,
      "item6": 3340,
      "magicDamageDealtToChampions": 16891,
      "physicalDamageDealtToChampions": 5266,
      "totalDamageDealtToChampions": 22632,
      "trueDamageDealtPlayer": 14902,
      "trueDamageDealtToChampions": 474,
      "trueDamageTaken": 1836,
      "wardPlaced": 5,
      "neutralMinionsKilledEnemyJungle": 18,
      "neutralMinionsKilledYourJungle": 60,
      "totalTimeCrowdControlDealt": 298
    }
  },
  "summonerCount": 10,
  "28700226": {
    "gameId": 818168545,
    "invalid": false,
    "gameMode": "CLASSIC",
    "gameType": "MATCHED_GAME",
    "subType": "RANKED_SOLO_5x5",
    "mapId": 1,
    "teamId": 200,
    "championId": 222,
    "spell1": 4,
    "spell2": 7,
    "level": 30,
    "ipEarned": 113,
    "createDate": 1398243385957,
    "fellowPlayers": [
      {
        "summonerId": 27216710,
        "teamId": 200,
        "championId": 254
      },
      {
        "summonerId": 27795440,
        "teamId": 200,
        "championId": 102
      },
      {
        "summonerId": 21296581,
        "teamId": 200,
        "championId": 89
      },
      {
        "summonerId": 30691530,
        "teamId": 200,
        "championId": 157
      },
      {
        "summonerId": 23703568,
        "teamId": 100,
        "championId": 45
      },
      {
        "summonerId": 24445989,
        "teamId": 100,
        "championId": 23
      },
      {
        "summonerId": 27656447,
        "teamId": 100,
        "championId": 24
      },
      {
        "summonerId": 31888133,
        "teamId": 100,
        "championId": 12
      },
      {
        "summonerId": 23947188,
        "teamId": 100,
        "championId": 51
      }
    ],
    "stats": {
      "level": 18,
      "goldEarned": 18344,
      "numDeaths": 8,
      "barracksKilled": 2,
      "turretsKilled": 5,
      "minionsKilled": 153,
      "championsKilled": 14,
      "goldSpent": 15590,
      "totalDamageDealt": 235118,
      "totalDamageTaken": 25290,
      "doubleKills": 3,
      "tripleKills": 1,
      "quadraKills": 1,
      "killingSprees": 3,
      "largestKillingSpree": 6,
      "team": 200,
      "win": true,
      "neutralMinionsKilled": 46,
      "largestMultiKill": 4,
      "physicalDamageDealtPlayer": 213457,
      "magicDamageDealtPlayer": 17382,
      "physicalDamageTaken": 14909,
      "magicDamageTaken": 10137,
      "largestCriticalStrike": 981,
      "timePlayed": 2481,
      "totalHeal": 2627,
      "totalUnitsHealed": 3,
      "assists": 18,
      "item0": 3072,
      "item1": 3087,
      "item2": 3031,
      "item3": 3006,
      "item4": 3086,
      "item5": 3035,
      "item6": 3340,
      "visionWardsBought": 1,
      "magicDamageDealtToChampions": 3458,
      "physicalDamageDealtToChampions": 30519,
      "totalDamageDealtToChampions": 35578,
      "trueDamageDealtPlayer": 4278,
      "trueDamageDealtToChampions": 1600,
      "trueDamageTaken": 243,
      "wardPlaced": 5,
      "neutralMinionsKilledEnemyJungle": 11,
      "neutralMinionsKilledYourJungle": 35,
      "totalTimeCrowdControlDealt": 792
    }
  },
  "30691530": {
    "gameId": 818168545,
    "invalid": false,
    "gameMode": "CLASSIC",
    "gameType": "MATCHED_GAME",
    "subType": "RANKED_SOLO_5x5",
    "mapId": 1,
    "teamId": 200,
    "championId": 157,
    "spell1": 14,
    "spell2": 4,
    "level": 30,
    "ipEarned": 113,
    "createDate": 1398243385960,
    "fellowPlayers": [
      {
        "summonerId": 27216710,
        "teamId": 200,
        "championId": 254
      },
      {
        "summonerId": 27795440,
        "teamId": 200,
        "championId": 102
      },
      {
        "summonerId": 28700226,
        "teamId": 200,
        "championId": 222
      },
      {
        "summonerId": 21296581,
        "teamId": 200,
        "championId": 89
      },
      {
        "summonerId": 23703568,
        "teamId": 100,
        "championId": 45
      },
      {
        "summonerId": 24445989,
        "teamId": 100,
        "championId": 23
      },
      {
        "summonerId": 27656447,
        "teamId": 100,
        "championId": 24
      },
      {
        "summonerId": 31888133,
        "teamId": 100,
        "championId": 12
      },
      {
        "summonerId": 23947188,
        "teamId": 100,
        "championId": 51
      }
    ],
    "stats": {
      "level": 18,
      "goldEarned": 21568,
      "numDeaths": 8,
      "turretsKilled": 4,
      "minionsKilled": 267,
      "championsKilled": 22,
      "goldSpent": 20580,
      "totalDamageDealt": 270483,
      "totalDamageTaken": 30903,
      "doubleKills": 6,
      "tripleKills": 2,
      "killingSprees": 3,
      "largestKillingSpree": 9,
      "team": 200,
      "win": true,
      "neutralMinionsKilled": 9,
      "largestMultiKill": 3,
      "physicalDamageDealtPlayer": 222557,
      "magicDamageDealtPlayer": 46216,
      "physicalDamageTaken": 22260,
      "magicDamageTaken": 8428,
      "largestCriticalStrike": 813,
      "timePlayed": 2481,
      "totalHeal": 2600,
      "totalUnitsHealed": 1,
      "assists": 16,
      "item0": 3139,
      "item1": 3265,
      "item2": 3153,
      "item3": 3087,
      "item4": 3035,
      "item5": 3031,
      "item6": 3361,
      "sightWardsBought": 4,
      "magicDamageDealtToChampions": 11612,
      "physicalDamageDealtToChampions": 36205,
      "totalDamageDealtToChampions": 49175,
      "trueDamageDealtPlayer": 1710,
      "trueDamageDealtToChampions": 1358,
      "trueDamageTaken": 214,
      "wardPlaced": 29,
      "neutralMinionsKilledEnemyJungle": 5,
      "neutralMinionsKilledYourJungle": 4,
      "totalTimeCrowdControlDealt": 223
    }
  },
  "23947188": {
    "gameId": 818168545,
    "invalid": false,
    "gameMode": "CLASSIC",
    "gameType": "MATCHED_GAME",
    "subType": "RANKED_SOLO_5x5",
    "mapId": 1,
    "teamId": 100,
    "championId": 51,
    "spell1": 4,
    "spell2": 7,
    "level": 30,
    "ipEarned": 74,
    "createDate": 1398243385951,
    "fellowPlayers": [
      {
        "summonerId": 27216710,
        "teamId": 200,
        "championId": 254
      },
      {
        "summonerId": 27795440,
        "teamId": 200,
        "championId": 102
      },
      {
        "summonerId": 28700226,
        "teamId": 200,
        "championId": 222
      },
      {
        "summonerId": 21296581,
        "teamId": 200,
        "championId": 89
      },
      {
        "summonerId": 30691530,
        "teamId": 200,
        "championId": 157
      },
      {
        "summonerId": 23703568,
        "teamId": 100,
        "championId": 45
      },
      {
        "summonerId": 24445989,
        "teamId": 100,
        "championId": 23
      },
      {
        "summonerId": 27656447,
        "teamId": 100,
        "championId": 24
      },
      {
        "summonerId": 31888133,
        "teamId": 100,
        "championId": 12
      }
    ],
    "stats": {
      "level": 17,
      "goldEarned": 14434,
      "numDeaths": 9,
      "turretsKilled": 1,
      "minionsKilled": 214,
      "championsKilled": 7,
      "goldSpent": 13597,
      "totalDamageDealt": 180075,
      "totalDamageTaken": 26155,
      "killingSprees": 2,
      "largestKillingSpree": 3,
      "team": 100,
      "win": false,
      "neutralMinionsKilled": 15,
      "largestMultiKill": 1,
      "physicalDamageDealtPlayer": 176343,
      "magicDamageDealtPlayer": 2360,
      "physicalDamageTaken": 18421,
      "magicDamageTaken": 7343,
      "largestCriticalStrike": 1321,
      "timePlayed": 2481,
      "totalHeal": 4209,
      "totalUnitsHealed": 4,
      "assists": 13,
      "item0": 1028,
      "item1": 3046,
      "item2": 3031,
      "item3": 3072,
      "item4": 3250,
      "item5": 3134,
      "item6": 3340,
      "magicDamageDealtToChampions": 2360,
      "physicalDamageDealtToChampions": 21846,
      "totalDamageDealtToChampions": 24814,
      "trueDamageDealtPlayer": 1372,
      "trueDamageDealtToChampions": 608,
      "trueDamageTaken": 390,
      "wardPlaced": 3,
      "neutralMinionsKilledEnemyJungle": 1,
      "neutralMinionsKilledYourJungle": 14,
      "totalTimeCrowdControlDealt": 193
    }
  },
  "23703568": {
    "gameId": 818168545,
    "invalid": false,
    "gameMode": "CLASSIC",
    "gameType": "MATCHED_GAME",
    "subType": "RANKED_SOLO_5x5",
    "mapId": 1,
    "teamId": 100,
    "championId": 45,
    "spell1": 4,
    "spell2": 14,
    "level": 30,
    "ipEarned": 74,
    "createDate": 1398243385954,
    "fellowPlayers": [
      {
        "summonerId": 27216710,
        "teamId": 200,
        "championId": 254
      },
      {
        "summonerId": 27795440,
        "teamId": 200,
        "championId": 102
      },
      {
        "summonerId": 28700226,
        "teamId": 200,
        "championId": 222
      },
      {
        "summonerId": 21296581,
        "teamId": 200,
        "championId": 89
      },
      {
        "summonerId": 30691530,
        "teamId": 200,
        "championId": 157
      },
      {
        "summonerId": 24445989,
        "teamId": 100,
        "championId": 23
      },
      {
        "summonerId": 27656447,
        "teamId": 100,
        "championId": 24
      },
      {
        "summonerId": 31888133,
        "teamId": 100,
        "championId": 12
      },
      {
        "summonerId": 23947188,
        "teamId": 100,
        "championId": 51
      }
    ],
    "stats": {
      "level": 17,
      "goldEarned": 14213,
      "numDeaths": 10,
      "turretsKilled": 2,
      "minionsKilled": 82,
      "championsKilled": 14,
      "goldSpent": 14365,
      "totalDamageDealt": 91392,
      "totalDamageTaken": 24748,
      "doubleKills": 3,
      "killingSprees": 5,
      "largestKillingSpree": 3,
      "team": 100,
      "win": false,
      "neutralMinionsKilled": 4,
      "largestMultiKill": 2,
      "physicalDamageDealtPlayer": 12506,
      "magicDamageDealtPlayer": 76833,
      "physicalDamageTaken": 17622,
      "magicDamageTaken": 6662,
      "timePlayed": 2481,
      "totalHeal": 1011,
      "totalUnitsHealed": 1,
      "assists": 12,
      "item0": 3128,
      "item1": 3157,
      "item2": 3089,
      "item3": 3135,
      "item5": 3255,
      "item6": 3340,
      "magicDamageDealtToChampions": 27938,
      "physicalDamageDealtToChampions": 2354,
      "totalDamageDealtToChampions": 31613,
      "trueDamageDealtPlayer": 2052,
      "trueDamageDealtToChampions": 1320,
      "trueDamageTaken": 464,
      "wardPlaced": 7,
      "neutralMinionsKilledYourJungle": 4,
      "totalTimeCrowdControlDealt": 173
    }
  },
  "27216710": {
    "gameId": 818168545,
    "invalid": false,
    "gameMode": "CLASSIC",
    "gameType": "MATCHED_GAME",
    "subType": "RANKED_SOLO_5x5",
    "mapId": 1,
    "teamId": 200,
    "championId": 254,
    "spell1": 12,
    "spell2": 4,
    "level": 30,
    "ipEarned": 263,
    "createDate": 1398243385958,
    "fellowPlayers": [
      {
        "summonerId": 27795440,
        "teamId": 200,
        "championId": 102
      },
      {
        "summonerId": 28700226,
        "teamId": 200,
        "championId": 222
      },
      {
        "summonerId": 21296581,
        "teamId": 200,
        "championId": 89
      },
      {
        "summonerId": 30691530,
        "teamId": 200,
        "championId": 157
      },
      {
        "summonerId": 23703568,
        "teamId": 100,
        "championId": 45
      },
      {
        "summonerId": 24445989,
        "teamId": 100,
        "championId": 23
      },
      {
        "summonerId": 27656447,
        "teamId": 100,
        "championId": 24
      },
      {
        "summonerId": 31888133,
        "teamId": 100,
        "championId": 12
      },
      {
        "summonerId": 23947188,
        "teamId": 100,
        "championId": 51
      }
    ],
    "stats": {
      "level": 18,
      "goldEarned": 14276,
      "numDeaths": 9,
      "turretsKilled": 1,
      "minionsKilled": 123,
      "championsKilled": 4,
      "goldSpent": 12350,
      "totalDamageDealt": 106389,
      "totalDamageTaken": 28138,
      "team": 200,
      "win": true,
      "neutralMinionsKilled": 19,
      "largestMultiKill": 1,
      "physicalDamageDealtPlayer": 102193,
      "magicDamageDealtPlayer": 4196,
      "physicalDamageTaken": 17676,
      "magicDamageTaken": 8962,
      "timePlayed": 2481,
      "totalHeal": 1950,
      "totalUnitsHealed": 1,
      "assists": 20,
      "item0": 3025,
      "item1": 3074,
      "item2": 3068,
      "item3": 3047,
      "item4": 3211,
      "item5": 1028,
      "item6": 3340,
      "magicDamageDealtToChampions": 1589,
      "physicalDamageDealtToChampions": 16989,
      "totalDamageDealtToChampions": 18579,
      "trueDamageTaken": 1500,
      "wardPlaced": 14,
      "neutralMinionsKilledEnemyJungle": 11,
      "neutralMinionsKilledYourJungle": 8,
      "totalTimeCrowdControlDealt": 251
    }
  },
  "27656447": {
    "gameId": 818168545,
    "invalid": false,
    "gameMode": "CLASSIC",
    "gameType": "MATCHED_GAME",
    "subType": "RANKED_SOLO_5x5",
    "mapId": 1,
    "teamId": 100,
    "championId": 24,
    "spell1": 12,
    "spell2": 11,
    "level": 30,
    "ipEarned": 74,
    "createDate": 1398243385950,
    "fellowPlayers": [
      {
        "summonerId": 27216710,
        "teamId": 200,
        "championId": 254
      },
      {
        "summonerId": 27795440,
        "teamId": 200,
        "championId": 102
      },
      {
        "summonerId": 28700226,
        "teamId": 200,
        "championId": 222
      },
      {
        "summonerId": 21296581,
        "teamId": 200,
        "championId": 89
      },
      {
        "summonerId": 30691530,
        "teamId": 200,
        "championId": 157
      },
      {
        "summonerId": 23703568,
        "teamId": 100,
        "championId": 45
      },
      {
        "summonerId": 24445989,
        "teamId": 100,
        "championId": 23
      },
      {
        "summonerId": 31888133,
        "teamId": 100,
        "championId": 12
      },
      {
        "summonerId": 23947188,
        "teamId": 100,
        "championId": 51
      }
    ],
    "stats": {
      "level": 16,
      "goldEarned": 13044,
      "numDeaths": 13,
      "barracksKilled": 1,
      "turretsKilled": 2,
      "minionsKilled": 95,
      "championsKilled": 8,
      "goldSpent": 12558,
      "totalDamageDealt": 109788,
      "totalDamageTaken": 39211,
      "killingSprees": 1,
      "largestKillingSpree": 4,
      "team": 100,
      "win": false,
      "neutralMinionsKilled": 44,
      "largestMultiKill": 1,
      "physicalDamageDealtPlayer": 82950,
      "magicDamageDealtPlayer": 21406,
      "physicalDamageTaken": 27598,
      "magicDamageTaken": 10379,
      "largestCriticalStrike": 499,
      "timePlayed": 2481,
      "totalHeal": 2985,
      "totalUnitsHealed": 1,
      "assists": 11,
      "item0": 3153,
      "item1": 3078,
      "item2": 3270,
      "item3": 3143,
      "item4": 1028,
      "item6": 3340,
      "magicDamageDealtToChampions": 3268,
      "physicalDamageDealtToChampions": 9736,
      "totalDamageDealtToChampions": 13098,
      "trueDamageDealtPlayer": 5432,
      "trueDamageDealtToChampions": 94,
      "trueDamageTaken": 1234,
      "wardPlaced": 4,
      "neutralMinionsKilledEnemyJungle": 1,
      "neutralMinionsKilledYourJungle": 43,
      "totalTimeCrowdControlDealt": 403
    }
  },
  "21296581": {
    "gameId": 818168545,
    "invalid": false,
    "gameMode": "CLASSIC",
    "gameType": "MATCHED_GAME",
    "subType": "RANKED_SOLO_5x5",
    "mapId": 1,
    "teamId": 200,
    "championId": 89,
    "spell1": 7,
    "spell2": 3,
    "level": 30,
    "ipEarned": 113,
    "createDate": 1398243385956,
    "fellowPlayers": [
      {
        "summonerId": 27216710,
        "teamId": 200,
        "championId": 254
      },
      {
        "summonerId": 27795440,
        "teamId": 200,
        "championId": 102
      },
      {
        "summonerId": 28700226,
        "teamId": 200,
        "championId": 222
      },
      {
        "summonerId": 30691530,
        "teamId": 200,
        "championId": 157
      },
      {
        "summonerId": 23703568,
        "teamId": 100,
        "championId": 45
      },
      {
        "summonerId": 24445989,
        "teamId": 100,
        "championId": 23
      },
      {
        "summonerId": 27656447,
        "teamId": 100,
        "championId": 24
      },
      {
        "summonerId": 31888133,
        "teamId": 100,
        "championId": 12
      },
      {
        "summonerId": 23947188,
        "teamId": 100,
        "championId": 51
      }
    ],
    "stats": {
      "level": 18,
      "goldEarned": 14728,
      "numDeaths": 6,
      "minionsKilled": 31,
      "championsKilled": 4,
      "goldSpent": 12490,
      "totalDamageDealt": 48345,
      "totalDamageTaken": 35288,
      "killingSprees": 1,
      "largestKillingSpree": 3,
      "team": 200,
      "win": true,
      "largestMultiKill": 1,
      "physicalDamageDealtPlayer": 12091,
      "magicDamageDealtPlayer": 36253,
      "physicalDamageTaken": 22143,
      "magicDamageTaken": 12530,
      "timePlayed": 2481,
      "totalHeal": 7152,
      "totalUnitsHealed": 5,
      "assists": 29,
      "item0": 3069,
      "item1": 3068,
      "item2": 3143,
      "item3": 3065,
      "item4": 3265,
      "item6": 3340,
      "sightWardsBought": 1,
      "magicDamageDealtToChampions": 12469,
      "physicalDamageDealtToChampions": 3648,
      "totalDamageDealtToChampions": 16118,
      "trueDamageTaken": 614,
      "wardPlaced": 9,
      "totalTimeCrowdControlDealt": 789
    }
  },
  "24445989": {
    "gameId": 818168545,
    "invalid": false,
    "gameMode": "CLASSIC",
    "gameType": "MATCHED_GAME",
    "subType": "RANKED_SOLO_5x5",
    "mapId": 1,
    "teamId": 100,
    "championId": 23,
    "spell1": 4,
    "spell2": 14,
    "level": 30,
    "ipEarned": 74,
    "createDate": 1398243385953,
    "fellowPlayers": [
      {
        "summonerId": 27216710,
        "teamId": 200,
        "championId": 254
      },
      {
        "summonerId": 27795440,
        "teamId": 200,
        "championId": 102
      },
      {
        "summonerId": 28700226,
        "teamId": 200,
        "championId": 222
      },
      {
        "summonerId": 21296581,
        "teamId": 200,
        "championId": 89
      },
      {
        "summonerId": 30691530,
        "teamId": 200,
        "championId": 157
      },
      {
        "summonerId": 23703568,
        "teamId": 100,
        "championId": 45
      },
      {
        "summonerId": 27656447,
        "teamId": 100,
        "championId": 24
      },
      {
        "summonerId": 31888133,
        "teamId": 100,
        "championId": 12
      },
      {
        "summonerId": 23947188,
        "teamId": 100,
        "championId": 51
      }
    ],
    "stats": {
      "level": 18,
      "goldEarned": 14176,
      "numDeaths": 7,
      "turretsKilled": 1,
      "minionsKilled": 207,
      "championsKilled": 8,
      "goldSpent": 13920,
      "totalDamageDealt": 185290,
      "totalDamageTaken": 43246,
      "killingSprees": 2,
      "largestKillingSpree": 3,
      "team": 100,
      "win": false,
      "neutralMinionsKilled": 12,
      "largestMultiKill": 1,
      "physicalDamageDealtPlayer": 153965,
      "magicDamageDealtPlayer": 29502,
      "physicalDamageTaken": 31982,
      "magicDamageTaken": 10834,
      "largestCriticalStrike": 480,
      "timePlayed": 2481,
      "totalHeal": 12334,
      "totalUnitsHealed": 1,
      "assists": 9,
      "item0": 3153,
      "item1": 3046,
      "item2": 3087,
      "item3": 3031,
      "item5": 3006,
      "item6": 3340,
      "magicDamageDealtToChampions": 3687,
      "physicalDamageDealtToChampions": 24833,
      "totalDamageDealtToChampions": 30081,
      "trueDamageDealtPlayer": 1822,
      "trueDamageDealtToChampions": 1560,
      "trueDamageTaken": 429,
      "wardPlaced": 16,
      "neutralMinionsKilledEnemyJungle": 1,
      "neutralMinionsKilledYourJungle": 11,
      "totalTimeCrowdControlDealt": 249
    }
  },
  "27795440": {
    "gameId": 818168545,
    "invalid": false,
    "gameMode": "CLASSIC",
    "gameType": "MATCHED_GAME",
    "subType": "RANKED_SOLO_5x5",
    "mapId": 1,
    "teamId": 200,
    "championId": 102,
    "spell1": 3,
    "spell2": 11,
    "level": 30,
    "ipEarned": 263,
    "createDate": 1398243385955,
    "fellowPlayers": [
      {
        "summonerId": 27216710,
        "teamId": 200,
        "championId": 254
      },
      {
        "summonerId": 28700226,
        "teamId": 200,
        "championId": 222
      },
      {
        "summonerId": 21296581,
        "teamId": 200,
        "championId": 89
      },
      {
        "summonerId": 30691530,
        "teamId": 200,
        "championId": 157
      },
      {
        "summonerId": 23703568,
        "teamId": 100,
        "championId": 45
      },
      {
        "summonerId": 24445989,
        "teamId": 100,
        "championId": 23
      },
      {
        "summonerId": 27656447,
        "teamId": 100,
        "championId": 24
      },
      {
        "summonerId": 31888133,
        "teamId": 100,
        "championId": 12
      },
      {
        "summonerId": 23947188,
        "teamId": 100,
        "championId": 51
      }
    ],
    "stats": {
      "level": 18,
      "goldEarned": 15950,
      "numDeaths": 8,
      "minionsKilled": 51,
      "championsKilled": 6,
      "goldSpent": 15430,
      "totalDamageDealt": 167931,
      "totalDamageTaken": 47355,
      "killingSprees": 1,
      "largestKillingSpree": 3,
      "team": 200,
      "win": true,
      "neutralMinionsKilled": 78,
      "largestMultiKill": 1,
      "physicalDamageDealtPlayer": 59575,
      "magicDamageDealtPlayer": 93454,
      "physicalDamageTaken": 37519,
      "magicDamageTaken": 8000,
      "timePlayed": 2481,
      "totalHeal": 9173,
      "totalUnitsHealed": 1,
      "assists": 25,
      "item0": 3074,
      "item1": 3190,
      "item2": 3111,
      "item3": 3156,
      "item4": 3068,
      "item6": 3340,
      "magicDamageDealtToChampions": 16891,
      "physicalDamageDealtToChampions": 5266,
      "totalDamageDealtToChampions": 22632,
      "trueDamageDealtPlayer": 14902,
      "trueDamageDealtToChampions": 474,
      "trueDamageTaken": 1836,
      "wardPlaced": 5,
      "neutralMinionsKilledEnemyJungle": 18,
      "neutralMinionsKilledYourJungle": 60,
      "totalTimeCrowdControlDealt": 298
    }
  }
}