{
  "24337429": {
    "gameId": 818149880,
    "invalid": false,
    "gameMode": "ARAM",
    "gameType": "MATCHED_GAME",
    "subType": "ARAM_UNRANKED_5x5",
    "mapId": 12,
    "teamId": 200,
    "championId": 82,
    "spell1": 7,
    "spell2": 4,
    "level": 30,
    "ipEarned": 52,
    "createDate": 1398237595677,
    "fellowPlayers": [
      {
        "summonerId": 20492975,
        "teamId": 200,
        "championId": 39
      },
      {
        "summonerId": 24559452,
        "teamId": 200,
        "championId": 112
      },
      {
        "summonerId": 22405640,
        "teamId": 100,
        "championId": 13
      },
      {
        "summonerId": 25151135,
        "teamId": 200,
        "championId": 267
      },
      {
        "summonerId": 27114710,
        "teamId": 100,
        "championId": 35
      },
      {
        "summonerId": 37954140,
        "teamId": 200,
        "championId": 89
      },
      {
        "summonerId": 27578012,
        "teamId": 100,
        "championId": 99
      },
      {
        "summonerId": 37767025,
        "teamId": 100,
        "championId": 76
      },
      {
        "summonerId": 37624888,
        "teamId": 100,
        "championId": 17
      }
    ],
    "stats": {
      "level": 18,
      "goldEarned": 13367,
      "numDeaths": 14,
      "barracksKilled": 1,
      "minionsKilled": 72,
      "championsKilled": 15,
      "goldSpent": 12585,
      "totalDamageDealt": 98145,
      "totalDamageTaken": 34223,
      "doubleKills": 3,
      "tripleKills": 1,
      "killingSprees": 3,
      "largestKillingSpree": 4,
      "team": 200,
      "win": false,
      "largestMultiKill": 3,
      "physicalDamageDealtPlayer": 6449,
      "magicDamageDealtPlayer": 91696,
      "physicalDamageTaken": 5236,
      "magicDamageTaken": 28916,
      "timePlayed": 1673,
      "totalHeal": 5825,
      "totalUnitsHealed": 3,
      "assists": 10,
      "item0": 3157,
      "item1": 3145,
      "item2": 3116,
      "item3": 3259,
      "item4": 3089,
      "magicDamageDealtToChampions": 31936,
      "physicalDamageDealtToChampions": 1357,
      "totalDamageDealtToChampions": 33294,
      "trueDamageTaken": 70,
      "totalTimeCrowdControlDealt": 506
    }
  },
  "summonerCount": 10,
  "37624888": {
    "gameId": 818149880,
    "invalid": false,
    "gameMode": "ARAM",
    "gameType": "MATCHED_GAME",
    "subType": "ARAM_UNRANKED_5x5",
    "mapId": 12,
    "teamId": 100,
    "championId": 17,
    "spell1": 4,
    "spell2": 21,
    "level": 30,
    "ipEarned": 227,
    "createDate": 1398237595673,
    "fellowPlayers": [
      {
        "summonerId": 20492975,
        "teamId": 200,
        "championId": 39
      },
      {
        "summonerId": 24337429,
        "teamId": 200,
        "championId": 82
      },
      {
        "summonerId": 24559452,
        "teamId": 200,
        "championId": 112
      },
      {
        "summonerId": 22405640,
        "teamId": 100,
        "championId": 13
      },
      {
        "summonerId": 25151135,
        "teamId": 200,
        "championId": 267
      },
      {
        "summonerId": 27114710,
        "teamId": 100,
        "championId": 35
      },
      {
        "summonerId": 37954140,
        "teamId": 200,
        "championId": 89
      },
      {
        "summonerId": 27578012,
        "teamId": 100,
        "championId": 99
      },
      {
        "summonerId": 37767025,
        "teamId": 100,
        "championId": 76
      }
    ],
    "stats": {
      "level": 18,
      "goldEarned": 14213,
      "numDeaths": 9,
      "barracksKilled": 1,
      "turretsKilled": 2,
      "minionsKilled": 68,
      "championsKilled": 13,
      "goldSpent": 13030,
      "totalDamageDealt": 82856,
      "totalDamageTaken": 23571,
      "doubleKills": 1,
      "tripleKills": 1,
      "killingSprees": 3,
      "largestKillingSpree": 4,
      "team": 100,
      "win": true,
      "largestMultiKill": 3,
      "physicalDamageDealtPlayer": 20970,
      "magicDamageDealtPlayer": 61885,
      "physicalDamageTaken": 7376,
      "magicDamageTaken": 15644,
      "timePlayed": 1673,
      "totalHeal": 2124,
      "totalUnitsHealed": 1,
      "assists": 19,
      "item0": 3108,
      "item1": 3151,
      "item2": 3100,
      "item3": 3020,
      "item4": 3114,
      "item5": 3089,
      "magicDamageDealtToChampions": 32123,
      "physicalDamageDealtToChampions": 4158,
      "totalDamageDealtToChampions": 36281,
      "trueDamageTaken": 550,
      "wardPlaced": 42,
      "totalTimeCrowdControlDealt": 468
    }
  },
  "25151135": {
    "gameId": 818149880,
    "invalid": false,
    "gameMode": "ARAM",
    "gameType": "MATCHED_GAME",
    "subType": "ARAM_UNRANKED_5x5",
    "mapId": 12,
    "teamId": 200,
    "championId": 267,
    "spell1": 4,
    "spell2": 7,
    "level": 30,
    "ipEarned": 52,
    "createDate": 1398237595678,
    "fellowPlayers": [
      {
        "summonerId": 20492975,
        "teamId": 200,
        "championId": 39
      },
      {
        "summonerId": 24337429,
        "teamId": 200,
        "championId": 82
      },
      {
        "summonerId": 24559452,
        "teamId": 200,
        "championId": 112
      },
      {
        "summonerId": 22405640,
        "teamId": 100,
        "championId": 13
      },
      {
        "summonerId": 27114710,
        "teamId": 100,
        "championId": 35
      },
      {
        "summonerId": 37954140,
        "teamId": 200,
        "championId": 89
      },
      {
        "summonerId": 27578012,
        "teamId": 100,
        "championId": 99
      },
      {
        "summonerId": 37767025,
        "teamId": 100,
        "championId": 76
      },
      {
        "summonerId": 37624888,
        "teamId": 100,
        "championId": 17
      }
    ],
    "stats": {
      "level": 18,
      "goldEarned": 14213,
      "numDeaths": 8,
      "minionsKilled": 45,
      "championsKilled": 3,
      "goldSpent": 11100,
      "totalDamageDealt": 48986,
      "totalDamageTaken": 24329,
      "team": 200,
      "win": false,
      "largestMultiKill": 1,
      "physicalDamageDealtPlayer": 13770,
      "magicDamageDealtPlayer": 35216,
      "physicalDamageTaken": 2504,
      "magicDamageTaken": 21824,
      "timePlayed": 1673,
      "totalHeal": 16122,
      "totalUnitsHealed": 5,
      "assists": 33,
      "item0": 3174,
      "item1": 3069,
      "item2": 3165,
      "item3": 3105,
      "item4": 3158,
      "item5": 3067,
      "magicDamageDealtToChampions": 16685,
      "physicalDamageDealtToChampions": 1200,
      "totalDamageDealtToChampions": 17885,
      "totalTimeCrowdControlDealt": 229
    }
  },
  "22405640": {
    "gameId": 818149880,
    "invalid": false,
    "gameMode": "ARAM",
    "gameType": "MATCHED_GAME",
    "subType": "ARAM_UNRANKED_5x5",
    "mapId": 12,
    "teamId": 100,
    "championId": 13,
    "spell1": 4,
    "spell2": 21,
    "level": 30,
    "ipEarned": 77,
    "createDate": 1398237595670,
    "fellowPlayers": [
      {
        "summonerId": 20492975,
        "teamId": 200,
        "championId": 39
      },
      {
        "summonerId": 24337429,
        "teamId": 200,
        "championId": 82
      },
      {
        "summonerId": 24559452,
        "teamId": 200,
        "championId": 112
      },
      {
        "summonerId": 25151135,
        "teamId": 200,
        "championId": 267
      },
      {
        "summonerId": 27114710,
        "teamId": 100,
        "championId": 35
      },
      {
        "summonerId": 37954140,
        "teamId": 200,
        "championId": 89
      },
      {
        "summonerId": 27578012,
        "teamId": 100,
        "championId": 99
      },
      {
        "summonerId": 37767025,
        "teamId": 100,
        "championId": 76
      },
      {
        "summonerId": 37624888,
        "teamId": 100,
        "championId": 17
      }
    ],
    "stats": {
      "level": 18,
      "goldEarned": 12851,
      "numDeaths": 12,
      "barracksKilled": 1,
      "minionsKilled": 39,
      "championsKilled": 11,
      "goldSpent": 12275,
      "totalDamageDealt": 62709,
      "totalDamageTaken": 31767,
      "doubleKills": 2,
      "killingSprees": 4,
      "largestKillingSpree": 2,
      "team": 100,
      "win": true,
      "largestMultiKill": 2,
      "physicalDamageDealtPlayer": 14980,
      "magicDamageDealtPlayer": 47729,
      "physicalDamageTaken": 6630,
      "magicDamageTaken": 24249,
      "timePlayed": 1673,
      "totalHeal": 2381,
      "totalUnitsHealed": 1,
      "assists": 19,
      "item0": 3025,
      "item1": 3020,
      "item2": 3089,
      "item3": 3027,
      "item4": 3024,
      "item5": 1031,
      "magicDamageDealtToChampions": 26620,
      "physicalDamageDealtToChampions": 2815,
      "totalDamageDealtToChampions": 29436,
      "trueDamageTaken": 887,
      "totalTimeCrowdControlDealt": 170
    }
  },
  "24559452": {
    "gameId": 818149880,
    "invalid": false,
    "gameMode": "ARAM",
    "gameType": "MATCHED_GAME",
    "subType": "ARAM_UNRANKED_5x5",
    "mapId": 12,
    "teamId": 200,
    "championId": 112,
    "spell1": 14,
    "spell2": 4,
    "level": 30,
    "ipEarned": 52,
    "createDate": 1398237595676,
    "fellowPlayers": [
      {
        "summonerId": 20492975,
        "teamId": 200,
        "championId": 39
      },
      {
        "summonerId": 24337429,
        "teamId": 200,
        "championId": 82
      },
      {
        "summonerId": 22405640,
        "teamId": 100,
        "championId": 13
      },
      {
        "summonerId": 25151135,
        "teamId": 200,
        "championId": 267
      },
      {
        "summonerId": 27114710,
        "teamId": 100,
        "championId": 35
      },
      {
        "summonerId": 37954140,
        "teamId": 200,
        "championId": 89
      },
      {
        "summonerId": 27578012,
        "teamId": 100,
        "championId": 99
      },
      {
        "summonerId": 37767025,
        "teamId": 100,
        "championId": 76
      },
      {
        "summonerId": 37624888,
        "teamId": 100,
        "championId": 17
      }
    ],
    "stats": {
      "level": 18,
      "goldEarned": 12530,
      "numDeaths": 14,
      "minionsKilled": 46,
      "championsKilled": 4,
      "goldSpent": 13175,
      "totalDamageDealt": 57243,
      "totalDamageTaken": 28595,
      "team": 200,
      "win": false,
      "largestMultiKill": 1,
      "physicalDamageDealtPlayer": 7294,
      "magicDamageDealtPlayer": 49793,
      "physicalDamageTaken": 1610,
      "magicDamageTaken": 26985,
      "timePlayed": 1673,
      "totalHeal": 516,
      "totalUnitsHealed": 1,
      "assists": 17,
      "item0": 3198,
      "item1": 1056,
      "item2": 3116,
      "item3": 3135,
      "item4": 3020,
      "item5": 3089,
      "item6": 2052,
      "magicDamageDealtToChampions": 19400,
      "physicalDamageDealtToChampions": 512,
      "totalDamageDealtToChampions": 20068,
      "trueDamageDealtPlayer": 156,
      "trueDamageDealtToChampions": 156,
      "totalTimeCrowdControlDealt": 514
    }
  },
  "20492975": {
    "gameId": 818149880,
    "invalid": false,
    "gameMode": "ARAM",
    "gameType": "MATCHED_GAME",
    "subType": "ARAM_UNRANKED_5x5",
    "mapId": 12,
    "teamId": 200,
    "championId": 39,
    "spell1": 14,
    "spell2": 4,
    "level": 30,
    "ipEarned": 52,
    "createDate": 1398237595679,
    "fellowPlayers": [
      {
        "summonerId": 24337429,
        "teamId": 200,
        "championId": 82
      },
      {
        "summonerId": 24559452,
        "teamId": 200,
        "championId": 112
      },
      {
        "summonerId": 22405640,
        "teamId": 100,
        "championId": 13
      },
      {
        "summonerId": 25151135,
        "teamId": 200,
        "championId": 267
      },
      {
        "summonerId": 27114710,
        "teamId": 100,
        "championId": 35
      },
      {
        "summonerId": 37954140,
        "teamId": 200,
        "championId": 89
      },
      {
        "summonerId": 27578012,
        "teamId": 100,
        "championId": 99
      },
      {
        "summonerId": 37767025,
        "teamId": 100,
        "championId": 76
      },
      {
        "summonerId": 37624888,
        "teamId": 100,
        "championId": 17
      }
    ],
    "stats": {
      "level": 18,
      "goldEarned": 13223,
      "numDeaths": 13,
      "turretsKilled": 2,
      "minionsKilled": 52,
      "championsKilled": 13,
      "goldSpent": 11685,
      "totalDamageDealt": 65389,
      "totalDamageTaken": 43281,
      "doubleKills": 1,
      "killingSprees": 4,
      "largestKillingSpree": 4,
      "team": 200,
      "win": false,
      "largestMultiKill": 2,
      "physicalDamageDealtPlayer": 44932,
      "magicDamageDealtPlayer": 13333,
      "physicalDamageTaken": 11218,
      "magicDamageTaken": 31783,
      "timePlayed": 1673,
      "totalHeal": 8487,
      "totalUnitsHealed": 1,
      "assists": 15,
      "item0": 3140,
      "item1": 3091,
      "item3": 3156,
      "item4": 3022,
      "item5": 3111,
      "magicDamageDealtToChampions": 5641,
      "physicalDamageDealtToChampions": 14436,
      "totalDamageDealtToChampions": 23968,
      "trueDamageDealtPlayer": 7123,
      "trueDamageDealtToChampions": 3890,
      "trueDamageTaken": 280,
      "totalTimeCrowdControlDealt": 225
    }
  },
  "27114710": {
    "gameId": 818149880,
    "invalid": false,
    "gameMode": "ARAM",
    "gameType": "MATCHED_GAME",
    "subType": "ARAM_UNRANKED_5x5",
    "mapId": 12,
    "teamId": 100,
    "championId": 35,
    "spell1": 21,
    "spell2": 4,
    "level": 30,
    "ipEarned": 227,
    "createDate": 1398237595672,
    "fellowPlayers": [
      {
        "summonerId": 20492975,
        "teamId": 200,
        "championId": 39
      },
      {
        "summonerId": 24337429,
        "teamId": 200,
        "championId": 82
      },
      {
        "summonerId": 24559452,
        "teamId": 200,
        "championId": 112
      },
      {
        "summonerId": 22405640,
        "teamId": 100,
        "championId": 13
      },
      {
        "summonerId": 25151135,
        "teamId": 200,
        "championId": 267
      },
      {
        "summonerId": 37954140,
        "teamId": 200,
        "championId": 89
      },
      {
        "summonerId": 27578012,
        "teamId": 100,
        "championId": 99
      },
      {
        "summonerId": 37767025,
        "teamId": 100,
        "championId": 76
      },
      {
        "summonerId": 37624888,
        "teamId": 100,
        "championId": 17
      }
    ],
    "stats": {
      "level": 18,
      "goldEarned": 12630,
      "numDeaths": 8,
      "minionsKilled": 51,
      "championsKilled": 8,
      "goldSpent": 10820,
      "totalDamageDealt": 54917,
      "totalDamageTaken": 24505,
      "doubleKills": 2,
      "killingSprees": 3,
      "largestKillingSpree": 3,
      "team": 100,
      "win": true,
      "largestMultiKill": 2,
      "physicalDamageDealtPlayer": 13807,
      "magicDamageDealtPlayer": 41110,
      "physicalDamageTaken": 4633,
      "magicDamageTaken": 19566,
      "largestCriticalStrike": 287,
      "timePlayed": 1673,
      "totalHeal": 988,
      "totalUnitsHealed": 1,
      "assists": 18,
      "item0": 3146,
      "item1": 3089,
      "item2": 3191,
      "item3": 3020,
      "item4": 3113,
      "item5": 2003,
      "item6": 2052,
      "magicDamageDealtToChampions": 20020,
      "physicalDamageDealtToChampions": 3719,
      "totalDamageDealtToChampions": 23739,
      "trueDamageTaken": 305,
      "totalTimeCrowdControlDealt": 239
    }
  },
  "27578012": {
    "gameId": 818149880,
    "invalid": false,
    "gameMode": "ARAM",
    "gameType": "MATCHED_GAME",
    "subType": "ARAM_UNRANKED_5x5",
    "mapId": 12,
    "teamId": 100,
    "championId": 99,
    "spell1": 7,
    "spell2": 14,
    "level": 30,
    "ipEarned": 77,
    "createDate": 1398237595674,
    "fellowPlayers": [
      {
        "summonerId": 20492975,
        "teamId": 200,
        "championId": 39
      },
      {
        "summonerId": 24337429,
        "teamId": 200,
        "championId": 82
      },
      {
        "summonerId": 24559452,
        "teamId": 200,
        "championId": 112
      },
      {
        "summonerId": 22405640,
        "teamId": 100,
        "championId": 13
      },
      {
        "summonerId": 25151135,
        "teamId": 200,
        "championId": 267
      },
      {
        "summonerId": 27114710,
        "teamId": 100,
        "championId": 35
      },
      {
        "summonerId": 37954140,
        "teamId": 200,
        "championId": 89
      },
      {
        "summonerId": 37767025,
        "teamId": 100,
        "championId": 76
      },
      {
        "summonerId": 37624888,
        "teamId": 100,
        "championId": 17
      }
    ],
    "stats": {
      "level": 18,
      "goldEarned": 15439,
      "numDeaths": 10,
      "turretsKilled": 2,
      "minionsKilled": 65,
      "championsKilled": 7,
      "goldSpent": 18355,
      "totalDamageDealt": 83797,
      "totalDamageTaken": 23753,
      "doubleKills": 1,
      "killingSprees": 1,
      "largestKillingSpree": 3,
      "team": 100,
      "win": true,
      "largestMultiKill": 2,
      "physicalDamageDealtPlayer": 19829,
      "magicDamageDealtPlayer": 63540,
      "physicalDamageTaken": 6946,
      "magicDamageTaken": 15742,
      "timePlayed": 1673,
      "totalHeal": 4387,
      "totalUnitsHealed": 4,
      "assists": 34,
      "item0": 1001,
      "item1": 3028,
      "item2": 3042,
      "item3": 3089,
      "item4": 3102,
      "item5": 3191,
      "magicDamageDealtToChampions": 20770,
      "physicalDamageDealtToChampions": 3670,
      "totalDamageDealtToChampions": 24868,
      "trueDamageDealtPlayer": 428,
      "trueDamageDealtToChampions": 428,
      "trueDamageTaken": 1064,
      "totalTimeCrowdControlDealt": 447
    }
  },
  "37767025": {
    "gameId": 818149880,
    "invalid": false,
    "gameMode": "ARAM",
    "gameType": "MATCHED_GAME",
    "subType": "ARAM_UNRANKED_5x5",
    "mapId": 12,
    "teamId": 100,
    "championId": 76,
    "spell1": 4,
    "spell2": 7,
    "level": 30,
    "ipEarned": 77,
    "createDate": 1398237595671,
    "fellowPlayers": [
      {
        "summonerId": 20492975,
        "teamId": 200,
        "championId": 39
      },
      {
        "summonerId": 24337429,
        "teamId": 200,
        "championId": 82
      },
      {
        "summonerId": 24559452,
        "teamId": 200,
        "championId": 112
      },
      {
        "summonerId": 22405640,
        "teamId": 100,
        "championId": 13
      },
      {
        "summonerId": 25151135,
        "teamId": 200,
        "championId": 267
      },
      {
        "summonerId": 27114710,
        "teamId": 100,
        "championId": 35
      },
      {
        "summonerId": 37954140,
        "teamId": 200,
        "championId": 89
      },
      {
        "summonerId": 27578012,
        "teamId": 100,
        "championId": 99
      },
      {
        "summonerId": 37624888,
        "teamId": 100,
        "championId": 17
      }
    ],
    "stats": {
      "level": 18,
      "goldEarned": 15015,
      "numDeaths": 6,
      "minionsKilled": 51,
      "championsKilled": 19,
      "goldSpent": 13580,
      "totalDamageDealt": 86544,
      "totalDamageTaken": 23477,
      "doubleKills": 3,
      "tripleKills": 1,
      "killingSprees": 4,
      "largestKillingSpree": 6,
      "team": 100,
      "win": true,
      "largestMultiKill": 3,
      "physicalDamageDealtPlayer": 10844,
      "magicDamageDealtPlayer": 75699,
      "physicalDamageTaken": 6187,
      "magicDamageTaken": 16049,
      "timePlayed": 1673,
      "totalHeal": 18420,
      "totalUnitsHealed": 5,
      "assists": 22,
      "item0": 3157,
      "item1": 3040,
      "item2": 3020,
      "item3": 3089,
      "item4": 3135,
      "item5": 1027,
      "magicDamageDealtToChampions": 40493,
      "physicalDamageDealtToChampions": 4455,
      "totalDamageDealtToChampions": 44948,
      "trueDamageTaken": 1240,
      "totalTimeCrowdControlDealt": 87
    }
  },
  "37954140": {
    "gameId": 818149880,
    "invalid": false,
    "gameMode": "ARAM",
    "gameType": "MATCHED_GAME",
    "subType": "ARAM_UNRANKED_5x5",
    "mapId": 12,
    "teamId": 200,
    "championId": 89,
    "spell1": 7,
    "spell2": 4,
    "level": 30,
    "ipEarned": 52,
    "createDate": 1398237595675,
    "fellowPlayers": [
      {
        "summonerId": 20492975,
        "teamId": 200,
        "championId": 39
      },
      {
        "summonerId": 24337429,
        "teamId": 200,
        "championId": 82
      },
      {
        "summonerId": 24559452,
        "teamId": 200,
        "championId": 112
      },
      {
        "summonerId": 22405640,
        "teamId": 100,
        "championId": 13
      },
      {
        "summonerId": 25151135,
        "teamId": 200,
        "championId": 267
      },
      {
        "summonerId": 27114710,
        "teamId": 100,
        "championId": 35
      },
      {
        "summonerId": 27578012,
        "teamId": 100,
        "championId": 99
      },
      {
        "summonerId": 37767025,
        "teamId": 100,
        "championId": 76
      },
      {
        "summonerId": 37624888,
        "teamId": 100,
        "championId": 17
      }
    ],
    "stats": {
      "level": 18,
      "goldEarned": 14712,
      "numDeaths": 9,
      "turretsKilled": 1,
      "minionsKilled": 31,
      "championsKilled": 10,
      "goldSpent": 13175,
      "totalDamageDealt": 50456,
      "totalDamageTaken": 43041,
      "doubleKills": 2,
      "killingSprees": 3,
      "largestKillingSpree": 2,
      "team": 200,
      "win": false,
      "largestMultiKill": 2,
      "physicalDamageDealtPlayer": 8184,
      "magicDamageDealtPlayer": 42271,
      "physicalDamageTaken": 12445,
      "magicDamageTaken": 30518,
      "timePlayed": 1673,
      "totalHeal": 5490,
      "totalUnitsHealed": 3,
      "assists": 26,
      "item0": 3111,
      "item1": 2051,
      "item2": 3001,
      "item3": 3102,
      "item4": 3065,
      "item5": 1011,
      "magicDamageDealtToChampions": 17588,
      "physicalDamageDealtToChampions": 4420,
      "totalDamageDealtToChampions": 22009,
      "trueDamageTaken": 78,
      "totalTimeCrowdControlDealt": 335
    }
  }
}