{
  "38583498": {
    "gameId": 824851390,
    "invalid": false,
    "gameMode": "CLASSIC",
    "gameType": "MATCHED_GAME",
    "subType": "CAP_5x5",
    "mapId": 1,
    "teamId": 200,
    "championId": 25,
    "spell1": 4,
    "spell2": 7,
    "level": 30,
    "ipEarned": 51,
    "createDate": 1399030786305,
    "fellowPlayers": [
      {
        "summonerId": 39721775,
        "teamId": 200,
        "championId": 76
      },
      {
        "summonerId": 30414364,
        "teamId": 100,
        "championId": 157
      },
      {
        "summonerId": 23003171,
        "teamId": 100,
        "championId": 4
      },
      {
        "summonerId": 35096048,
        "teamId": 100,
        "championId": 62
      },
      {
        "summonerId": 31168666,
        "teamId": 200,
        "championId": 107
      },
      {
        "summonerId": 34605048,
        "teamId": 100,
        "championId": 58
      },
      {
        "summonerId": 37965606,
        "teamId": 200,
        "championId": 110
      },
      {
        "summonerId": 19453580,
        "teamId": 200,
        "championId": 8
      },
      {
        "summonerId": 22040127,
        "teamId": 100,
        "championId": 53
      }
    ],
    "stats": {
      "level": 9,
      "goldEarned": 4856,
      "numDeaths": 8,
      "minionsKilled": 17,
      "championsKilled": 1,
      "goldSpent": 4000,
      "totalDamageDealt": 13987,
      "totalDamageTaken": 12695,
      "team": 200,
      "win": false,
      "largestMultiKill": 1,
      "physicalDamageDealtPlayer": 4227,
      "magicDamageDealtPlayer": 9760,
      "physicalDamageTaken": 7197,
      "magicDamageTaken": 5271,
      "timePlayed": 1244,
      "totalHeal": 1348,
      "totalUnitsHealed": 4,
      "assists": 5,
      "item0": 3092,
      "item1": 3191,
      "item2": 1001,
      "item6": 3340,
      "magicDamageDealtToChampions": 4746,
      "physicalDamageDealtToChampions": 1124,
      "totalDamageDealtToChampions": 5871,
      "trueDamageTaken": 226,
      "wardPlaced": 4,
      "totalTimeCrowdControlDealt": 61
    }
  },
  "summonerCount": 10,
  "31168666": {
    "gameId": 824851390,
    "invalid": false,
    "gameMode": "CLASSIC",
    "gameType": "MATCHED_GAME",
    "subType": "CAP_5x5",
    "mapId": 1,
    "teamId": 200,
    "championId": 107,
    "spell1": 6,
    "spell2": 11,
    "level": 30,
    "ipEarned": 51,
    "createDate": 1399030786309,
    "fellowPlayers": [
      {
        "summonerId": 39721775,
        "teamId": 200,
        "championId": 76
      },
      {
        "summonerId": 30414364,
        "teamId": 100,
        "championId": 157
      },
      {
        "summonerId": 23003171,
        "teamId": 100,
        "championId": 4
      },
      {
        "summonerId": 35096048,
        "teamId": 100,
        "championId": 62
      },
      {
        "summonerId": 34605048,
        "teamId": 100,
        "championId": 58
      },
      {
        "summonerId": 37965606,
        "teamId": 200,
        "championId": 110
      },
      {
        "summonerId": 19453580,
        "teamId": 200,
        "championId": 8
      },
      {
        "summonerId": 38583498,
        "teamId": 200,
        "championId": 25
      },
      {
        "summonerId": 22040127,
        "teamId": 100,
        "championId": 53
      }
    ],
    "stats": {
      "level": 11,
      "goldEarned": 6125,
      "numDeaths": 5,
      "minionsKilled": 24,
      "championsKilled": 4,
      "goldSpent": 5595,
      "totalDamageDealt": 68114,
      "totalDamageTaken": 15941,
      "doubleKills": 1,
      "killingSprees": 1,
      "largestKillingSpree": 2,
      "team": 200,
      "win": false,
      "neutralMinionsKilled": 52,
      "largestMultiKill": 2,
      "physicalDamageDealtPlayer": 43734,
      "magicDamageDealtPlayer": 16323,
      "physicalDamageTaken": 12908,
      "magicDamageTaken": 2827,
      "timePlayed": 1244,
      "totalHeal": 2436,
      "totalUnitsHealed": 1,
      "assists": 3,
      "item0": 3154,
      "item1": 3144,
      "item2": 1042,
      "item3": 3047,
      "item4": 1042,
      "item5": 2003,
      "item6": 3168,
      "magicDamageDealtToChampions": 389,
      "physicalDamageDealtToChampions": 6452,
      "totalDamageDealtToChampions": 7337,
      "trueDamageDealtPlayer": 8056,
      "trueDamageDealtToChampions": 496,
      "trueDamageTaken": 205,
      "wardPlaced": 7,
      "neutralMinionsKilledEnemyJungle": 1,
      "neutralMinionsKilledYourJungle": 51,
      "totalTimeCrowdControlDealt": 573
    }
  },
  "23003171": {
    "gameId": 824851390,
    "invalid": false,
    "gameMode": "CLASSIC",
    "gameType": "MATCHED_GAME",
    "subType": "CAP_5x5",
    "mapId": 1,
    "teamId": 100,
    "championId": 4,
    "spell1": 4,
    "spell2": 7,
    "level": 30,
    "ipEarned": 76,
    "createDate": 1399030786300,
    "fellowPlayers": [
      {
        "summonerId": 39721775,
        "teamId": 200,
        "championId": 76
      },
      {
        "summonerId": 30414364,
        "teamId": 100,
        "championId": 157
      },
      {
        "summonerId": 35096048,
        "teamId": 100,
        "championId": 62
      },
      {
        "summonerId": 31168666,
        "teamId": 200,
        "championId": 107
      },
      {
        "summonerId": 34605048,
        "teamId": 100,
        "championId": 58
      },
      {
        "summonerId": 37965606,
        "teamId": 200,
        "championId": 110
      },
      {
        "summonerId": 19453580,
        "teamId": 200,
        "championId": 8
      },
      {
        "summonerId": 38583498,
        "teamId": 200,
        "championId": 25
      },
      {
        "summonerId": 22040127,
        "teamId": 100,
        "championId": 53
      }
    ],
    "stats": {
      "level": 12,
      "goldEarned": 9041,
      "numDeaths": 4,
      "turretsKilled": 1,
      "minionsKilled": 78,
      "championsKilled": 10,
      "goldSpent": 9940,
      "totalDamageDealt": 46015,
      "totalDamageTaken": 9701,
      "doubleKills": 2,
      "killingSprees": 3,
      "largestKillingSpree": 5,
      "team": 100,
      "win": true,
      "neutralMinionsKilled": 3,
      "largestMultiKill": 2,
      "physicalDamageDealtPlayer": 22324,
      "magicDamageDealtPlayer": 23483,
      "physicalDamageTaken": 5454,
      "magicDamageTaken": 4247,
      "largestCriticalStrike": 415,
      "timePlayed": 1244,
      "totalHeal": 1095,
      "totalUnitsHealed": 2,
      "assists": 10,
      "item0": 3072,
      "item1": 3087,
      "item2": 3006,
      "item3": 1036,
      "item4": 3101,
      "item6": 3340,
      "magicDamageDealtToChampions": 5328,
      "physicalDamageDealtToChampions": 5509,
      "totalDamageDealtToChampions": 10956,
      "trueDamageDealtPlayer": 208,
      "trueDamageDealtToChampions": 118,
      "wardPlaced": 5,
      "neutralMinionsKilledEnemyJungle": 3,
      "totalTimeCrowdControlDealt": 146
    }
  },
  "22040127": {
    "gameId": 824851390,
    "invalid": false,
    "gameMode": "CLASSIC",
    "gameType": "MATCHED_GAME",
    "subType": "CAP_5x5",
    "mapId": 1,
    "teamId": 100,
    "championId": 53,
    "spell1": 7,
    "spell2": 4,
    "level": 30,
    "ipEarned": 76,
    "createDate": 1399030786302,
    "fellowPlayers": [
      {
        "summonerId": 39721775,
        "teamId": 200,
        "championId": 76
      },
      {
        "summonerId": 30414364,
        "teamId": 100,
        "championId": 157
      },
      {
        "summonerId": 23003171,
        "teamId": 100,
        "championId": 4
      },
      {
        "summonerId": 35096048,
        "teamId": 100,
        "championId": 62
      },
      {
        "summonerId": 31168666,
        "teamId": 200,
        "championId": 107
      },
      {
        "summonerId": 34605048,
        "teamId": 100,
        "championId": 58
      },
      {
        "summonerId": 37965606,
        "teamId": 200,
        "championId": 110
      },
      {
        "summonerId": 19453580,
        "teamId": 200,
        "championId": 8
      },
      {
        "summonerId": 38583498,
        "teamId": 200,
        "championId": 25
      }
    ],
    "stats": {
      "level": 11,
      "goldEarned": 5871,
      "numDeaths": 3,
      "minionsKilled": 12,
      "championsKilled": 1,
      "goldSpent": 5755,
      "totalDamageDealt": 13966,
      "totalDamageTaken": 11870,
      "team": 100,
      "win": true,
      "largestMultiKill": 1,
      "physicalDamageDealtPlayer": 4216,
      "magicDamageDealtPlayer": 9750,
      "physicalDamageTaken": 7920,
      "magicDamageTaken": 3769,
      "timePlayed": 1244,
      "totalHeal": 738,
      "totalUnitsHealed": 2,
      "assists": 10,
      "item0": 3096,
      "item1": 2049,
      "item2": 3117,
      "item3": 3070,
      "item4": 3086,
      "item5": 3093,
      "item6": 3340,
      "sightWardsBought": 1,
      "magicDamageDealtToChampions": 4445,
      "physicalDamageDealtToChampions": 2907,
      "totalDamageDealtToChampions": 7353,
      "trueDamageTaken": 180,
      "wardPlaced": 14,
      "totalTimeCrowdControlDealt": 34
    }
  },
  "19453580": {
    "gameId": 824851390,
    "invalid": false,
    "gameMode": "CLASSIC",
    "gameType": "MATCHED_GAME",
    "subType": "CAP_5x5",
    "mapId": 1,
    "teamId": 200,
    "championId": 8,
    "spell1": 4,
    "spell2": 14,
    "level": 30,
    "ipEarned": 51,
    "createDate": 1399030786306,
    "fellowPlayers": [
      {
        "summonerId": 39721775,
        "teamId": 200,
        "championId": 76
      },
      {
        "summonerId": 30414364,
        "teamId": 100,
        "championId": 157
      },
      {
        "summonerId": 23003171,
        "teamId": 100,
        "championId": 4
      },
      {
        "summonerId": 35096048,
        "teamId": 100,
        "championId": 62
      },
      {
        "summonerId": 31168666,
        "teamId": 200,
        "championId": 107
      },
      {
        "summonerId": 34605048,
        "teamId": 100,
        "championId": 58
      },
      {
        "summonerId": 37965606,
        "teamId": 200,
        "championId": 110
      },
      {
        "summonerId": 38583498,
        "teamId": 200,
        "championId": 25
      },
      {
        "summonerId": 22040127,
        "teamId": 100,
        "championId": 53
      }
    ],
    "stats": {
      "level": 11,
      "goldEarned": 5408,
      "numDeaths": 4,
      "minionsKilled": 74,
      "championsKilled": 2,
      "goldSpent": 4995,
      "totalDamageDealt": 39309,
      "totalDamageTaken": 13353,
      "killingSprees": 1,
      "largestKillingSpree": 2,
      "team": 200,
      "win": false,
      "neutralMinionsKilled": 2,
      "largestMultiKill": 1,
      "physicalDamageDealtPlayer": 7871,
      "magicDamageDealtPlayer": 30911,
      "physicalDamageTaken": 10816,
      "magicDamageTaken": 2070,
      "timePlayed": 1244,
      "totalHeal": 4328,
      "totalUnitsHealed": 1,
      "assists": 5,
      "item0": 3145,
      "item2": 1001,
      "item4": 3157,
      "item6": 3340,
      "magicDamageDealtToChampions": 8422,
      "physicalDamageDealtToChampions": 955,
      "totalDamageDealtToChampions": 9903,
      "trueDamageDealtPlayer": 526,
      "trueDamageDealtToChampions": 526,
      "trueDamageTaken": 466,
      "wardPlaced": 2,
      "neutralMinionsKilledYourJungle": 2,
      "totalTimeCrowdControlDealt": 15
    }
  },
  "34605048": {
    "gameId": 824851390,
    "invalid": false,
    "gameMode": "CLASSIC",
    "gameType": "MATCHED_GAME",
    "subType": "CAP_5x5",
    "mapId": 1,
    "teamId": 100,
    "championId": 58,
    "spell1": 4,
    "spell2": 14,
    "level": 30,
    "ipEarned": 76,
    "createDate": 1399030786303,
    "fellowPlayers": [
      {
        "summonerId": 39721775,
        "teamId": 200,
        "championId": 76
      },
      {
        "summonerId": 30414364,
        "teamId": 100,
        "championId": 157
      },
      {
        "summonerId": 23003171,
        "teamId": 100,
        "championId": 4
      },
      {
        "summonerId": 35096048,
        "teamId": 100,
        "championId": 62
      },
      {
        "summonerId": 31168666,
        "teamId": 200,
        "championId": 107
      },
      {
        "summonerId": 37965606,
        "teamId": 200,
        "championId": 110
      },
      {
        "summonerId": 19453580,
        "teamId": 200,
        "championId": 8
      },
      {
        "summonerId": 38583498,
        "teamId": 200,
        "championId": 25
      },
      {
        "summonerId": 22040127,
        "teamId": 100,
        "championId": 53
      }
    ],
    "stats": {
      "level": 12,
      "goldEarned": 6677,
      "numDeaths": 4,
      "turretsKilled": 2,
      "minionsKilled": 144,
      "championsKilled": 1,
      "goldSpent": 5925,
      "totalDamageDealt": 79798,
      "totalDamageTaken": 14639,
      "team": 100,
      "win": true,
      "neutralMinionsKilled": 10,
      "largestMultiKill": 1,
      "physicalDamageDealtPlayer": 78462,
      "magicDamageDealtPlayer": 861,
      "physicalDamageTaken": 7283,
      "magicDamageTaken": 6844,
      "timePlayed": 1244,
      "totalHeal": 2747,
      "totalUnitsHealed": 1,
      "assists": 3,
      "item0": 3077,
      "item1": 1011,
      "item2": 3111,
      "item3": 1031,
      "item4": 1055,
      "item6": 3340,
      "sightWardsBought": 1,
      "visionWardsBought": 1,
      "magicDamageDealtToChampions": 818,
      "physicalDamageDealtToChampions": 6964,
      "totalDamageDealtToChampions": 8256,
      "trueDamageDealtPlayer": 474,
      "trueDamageDealtToChampions": 474,
      "trueDamageTaken": 512,
      "wardKilled": 1,
      "wardPlaced": 8,
      "neutralMinionsKilledEnemyJungle": 10,
      "totalTimeCrowdControlDealt": 26
    }
  },
  "39721775": {
    "gameId": 824851390,
    "invalid": false,
    "gameMode": "CLASSIC",
    "gameType": "MATCHED_GAME",
    "subType": "CAP_5x5",
    "mapId": 1,
    "teamId": 200,
    "championId": 76,
    "spell1": 4,
    "spell2": 14,
    "level": 30,
    "ipEarned": 51,
    "createDate": 1399030786308,
    "fellowPlayers": [
      {
        "summonerId": 30414364,
        "teamId": 100,
        "championId": 157
      },
      {
        "summonerId": 23003171,
        "teamId": 100,
        "championId": 4
      },
      {
        "summonerId": 35096048,
        "teamId": 100,
        "championId": 62
      },
      {
        "summonerId": 31168666,
        "teamId": 200,
        "championId": 107
      },
      {
        "summonerId": 34605048,
        "teamId": 100,
        "championId": 58
      },
      {
        "summonerId": 37965606,
        "teamId": 200,
        "championId": 110
      },
      {
        "summonerId": 19453580,
        "teamId": 200,
        "championId": 8
      },
      {
        "summonerId": 38583498,
        "teamId": 200,
        "championId": 25
      },
      {
        "summonerId": 22040127,
        "teamId": 100,
        "championId": 53
      }
    ],
    "stats": {
      "level": 11,
      "goldEarned": 5765,
      "numDeaths": 3,
      "minionsKilled": 64,
      "championsKilled": 5,
      "goldSpent": 5745,
      "totalDamageDealt": 35365,
      "totalDamageTaken": 11427,
      "killingSprees": 2,
      "largestKillingSpree": 2,
      "team": 200,
      "win": false,
      "neutralMinionsKilled": 1,
      "largestMultiKill": 1,
      "physicalDamageDealtPlayer": 11007,
      "magicDamageDealtPlayer": 24205,
      "physicalDamageTaken": 8312,
      "magicDamageTaken": 2288,
      "timePlayed": 1244,
      "totalHeal": 4345,
      "totalUnitsHealed": 3,
      "assists": 2,
      "item0": 3028,
      "item1": 3157,
      "item2": 3108,
      "item3": 1056,
      "item6": 3340,
      "magicDamageDealtToChampions": 6799,
      "physicalDamageDealtToChampions": 1414,
      "totalDamageDealtToChampions": 8365,
      "trueDamageDealtPlayer": 152,
      "trueDamageDealtToChampions": 152,
      "trueDamageTaken": 827,
      "wardPlaced": 3,
      "neutralMinionsKilledYourJungle": 1
    }
  },
  "35096048": {
    "gameId": 824851390,
    "invalid": false,
    "gameMode": "CLASSIC",
    "gameType": "MATCHED_GAME",
    "subType": "CAP_5x5",
    "mapId": 1,
    "teamId": 100,
    "championId": 62,
    "spell1": 11,
    "spell2": 4,
    "level": 30,
    "ipEarned": 76,
    "createDate": 1399030786298,
    "fellowPlayers": [
      {
        "summonerId": 39721775,
        "teamId": 200,
        "championId": 76
      },
      {
        "summonerId": 30414364,
        "teamId": 100,
        "championId": 157
      },
      {
        "summonerId": 23003171,
        "teamId": 100,
        "championId": 4
      },
      {
        "summonerId": 31168666,
        "teamId": 200,
        "championId": 107
      },
      {
        "summonerId": 34605048,
        "teamId": 100,
        "championId": 58
      },
      {
        "summonerId": 37965606,
        "teamId": 200,
        "championId": 110
      },
      {
        "summonerId": 19453580,
        "teamId": 200,
        "championId": 8
      },
      {
        "summonerId": 38583498,
        "teamId": 200,
        "championId": 25
      },
      {
        "summonerId": 22040127,
        "teamId": 100,
        "championId": 53
      }
    ],
    "stats": {
      "level": 11,
      "goldEarned": 6666,
      "numDeaths": 1,
      "minionsKilled": 11,
      "championsKilled": 4,
      "goldSpent": 5680,
      "totalDamageDealt": 64852,
      "totalDamageTaken": 9329,
      "killingSprees": 1,
      "largestKillingSpree": 3,
      "team": 100,
      "win": true,
      "neutralMinionsKilled": 53,
      "largestMultiKill": 1,
      "physicalDamageDealtPlayer": 50105,
      "magicDamageDealtPlayer": 4825,
      "physicalDamageTaken": 6521,
      "magicDamageTaken": 2558,
      "timePlayed": 1244,
      "totalHeal": 2036,
      "totalUnitsHealed": 1,
      "assists": 8,
      "item0": 3047,
      "item1": 3077,
      "item3": 3209,
      "item6": 3340,
      "magicDamageDealtToChampions": 83,
      "physicalDamageDealtToChampions": 5738,
      "totalDamageDealtToChampions": 6540,
      "trueDamageDealtPlayer": 9921,
      "trueDamageDealtToChampions": 717,
      "trueDamageTaken": 250,
      "wardPlaced": 4,
      "neutralMinionsKilledEnemyJungle": 2,
      "neutralMinionsKilledYourJungle": 51,
      "totalTimeCrowdControlDealt": 296
    }
  },
  "37965606": {
    "gameId": 824851390,
    "invalid": false,
    "gameMode": "CLASSIC",
    "gameType": "MATCHED_GAME",
    "subType": "CAP_5x5",
    "mapId": 1,
    "teamId": 200,
    "championId": 110,
    "spell1": 7,
    "spell2": 4,
    "level": 30,
    "ipEarned": 51,
    "createDate": 1399030786304,
    "fellowPlayers": [
      {
        "summonerId": 39721775,
        "teamId": 200,
        "championId": 76
      },
      {
        "summonerId": 30414364,
        "teamId": 100,
        "championId": 157
      },
      {
        "summonerId": 23003171,
        "teamId": 100,
        "championId": 4
      },
      {
        "summonerId": 35096048,
        "teamId": 100,
        "championId": 62
      },
      {
        "summonerId": 31168666,
        "teamId": 200,
        "championId": 107
      },
      {
        "summonerId": 34605048,
        "teamId": 100,
        "championId": 58
      },
      {
        "summonerId": 19453580,
        "teamId": 200,
        "championId": 8
      },
      {
        "summonerId": 38583498,
        "teamId": 200,
        "championId": 25
      },
      {
        "summonerId": 22040127,
        "teamId": 100,
        "championId": 53
      }
    ],
    "stats": {
      "level": 10,
      "goldEarned": 5901,
      "numDeaths": 7,
      "minionsKilled": 90,
      "championsKilled": 3,
      "goldSpent": 5445,
      "totalDamageDealt": 39212,
      "totalDamageTaken": 12843,
      "team": 200,
      "win": false,
      "largestMultiKill": 1,
      "physicalDamageDealtPlayer": 36491,
      "magicDamageDealtPlayer": 2720,
      "physicalDamageTaken": 9149,
      "magicDamageTaken": 3290,
      "largestCriticalStrike": 367,
      "timePlayed": 1244,
      "totalHeal": 1199,
      "totalUnitsHealed": 2,
      "assists": 3,
      "item0": 1055,
      "item1": 3072,
      "item2": 2003,
      "item3": 1053,
      "item4": 3006,
      "item6": 3340,
      "magicDamageDealtToChampions": 1090,
      "physicalDamageDealtToChampions": 7178,
      "totalDamageDealtToChampions": 8268,
      "trueDamageTaken": 403,
      "wardPlaced": 3,
      "totalTimeCrowdControlDealt": 154
    }
  },
  "30414364": {
    "gameId": 824851390,
    "invalid": false,
    "gameMode": "CLASSIC",
    "gameType": "MATCHED_GAME",
    "subType": "CAP_5x5",
    "mapId": 1,
    "teamId": 100,
    "championId": 157,
    "spell1": 4,
    "spell2": 14,
    "level": 30,
    "ipEarned": 76,
    "createDate": 1399030786299,
    "fellowPlayers": [
      {
        "summonerId": 39721775,
        "teamId": 200,
        "championId": 76
      },
      {
        "summonerId": 23003171,
        "teamId": 100,
        "championId": 4
      },
      {
        "summonerId": 35096048,
        "teamId": 100,
        "championId": 62
      },
      {
        "summonerId": 31168666,
        "teamId": 200,
        "championId": 107
      },
      {
        "summonerId": 34605048,
        "teamId": 100,
        "championId": 58
      },
      {
        "summonerId": 37965606,
        "teamId": 200,
        "championId": 110
      },
      {
        "summonerId": 19453580,
        "teamId": 200,
        "championId": 8
      },
      {
        "summonerId": 38583498,
        "teamId": 200,
        "championId": 25
      },
      {
        "summonerId": 22040127,
        "teamId": 100,
        "championId": 53
      }
    ],
    "stats": {
      "level": 14,
      "goldEarned": 10019,
      "numDeaths": 3,
      "minionsKilled": 153,
      "championsKilled": 11,
      "goldSpent": 8475,
      "totalDamageDealt": 107408,
      "totalDamageTaken": 10115,
      "doubleKills": 2,
      "tripleKills": 1,
      "killingSprees": 2,
      "largestKillingSpree": 9,
      "team": 100,
      "win": true,
      "neutralMinionsKilled": 10,
      "largestMultiKill": 3,
      "physicalDamageDealtPlayer": 79582,
      "magicDamageDealtPlayer": 27006,
      "physicalDamageTaken": 5855,
      "magicDamageTaken": 4028,
      "largestCriticalStrike": 509,
      "timePlayed": 1244,
      "totalHeal": 968,
      "totalUnitsHealed": 1,
      "assists": 4,
      "item0": 3031,
      "item1": 3087,
      "item2": 3006,
      "item3": 1053,
      "item6": 3340,
      "magicDamageDealtToChampions": 5071,
      "physicalDamageDealtToChampions": 15283,
      "totalDamageDealtToChampions": 21175,
      "trueDamageDealtPlayer": 820,
      "trueDamageDealtToChampions": 820,
      "trueDamageTaken": 232,
      "wardPlaced": 13,
      "neutralMinionsKilledEnemyJungle": 10,
      "totalTimeCrowdControlDealt": 86
    }
  }
}