{
  "33975581": {
    "gameId": 824854140,
    "invalid": false,
    "gameMode": "CLASSIC",
    "gameType": "MATCHED_GAME",
    "subType": "CAP_5x5",
    "mapId": 1,
    "teamId": 100,
    "championId": 412,
    "spell1": 7,
    "spell2": 3,
    "level": 30,
    "ipEarned": 145,
    "createDate": 1399106033009,
    "fellowPlayers": [
      {
        "summonerId": 25508844,
        "teamId": 200,
        "championId": 222
      },
      {
        "summonerId": 44103509,
        "teamId": 200,
        "championId": 7
      },
      {
        "summonerId": 26567616,
        "teamId": 200,
        "championId": 62
      },
      {
        "summonerId": 25563319,
        "teamId": 100,
        "championId": 55
      },
      {
        "summonerId": 41779301,
        "teamId": 200,
        "championId": 89
      },
      {
        "summonerId": 27080204,
        "teamId": 100,
        "championId": 119
      },
      {
        "summonerId": 44104204,
        "teamId": 200,
        "championId": 64
      },
      {
        "summonerId": 44263858,
        "teamId": 100,
        "championId": 24
      },
      {
        "summonerId": 21078053,
        "teamId": 100,
        "championId": 254
      }
    ],
    "stats": {
      "level": 18,
      "goldEarned": 18322,
      "numDeaths": 10,
      "barracksKilled": 1,
      "minionsKilled": 73,
      "championsKilled": 3,
      "goldSpent": 12575,
      "totalDamageDealt": 90180,
      "totalDamageTaken": 45650,
      "killingSprees": 1,
      "largestKillingSpree": 2,
      "team": 100,
      "win": true,
      "neutralMinionsKilled": 12,
      "largestMultiKill": 1,
      "physicalDamageDealtPlayer": 24585,
      "magicDamageDealtPlayer": 64491,
      "physicalDamageTaken": 32129,
      "magicDamageTaken": 12184,
      "timePlayed": 3409,
      "totalHeal": 6806,
      "totalUnitsHealed": 5,
      "assists": 33,
      "item0": 3271,
      "item2": 3068,
      "item3": 3190,
      "item4": 3222,
      "item5": 3069,
      "item6": 3341,
      "sightWardsBought": 2,
      "magicDamageDealtToChampions": 14975,
      "physicalDamageDealtToChampions": 3004,
      "totalDamageDealtToChampions": 18520,
      "trueDamageDealtPlayer": 1104,
      "trueDamageDealtToChampions": 540,
      "trueDamageTaken": 1335,
      "wardKilled": 2,
      "wardPlaced": 32,
      "neutralMinionsKilledEnemyJungle": 1,
      "neutralMinionsKilledYourJungle": 11,
      "totalTimeCrowdControlDealt": 403
    }
  },
  "summonerCount": 10,
  "44263858": {
    "gameId": 824854140,
    "invalid": false,
    "gameMode": "CLASSIC",
    "gameType": "MATCHED_GAME",
    "subType": "CAP_5x5",
    "mapId": 1,
    "teamId": 100,
    "championId": 24,
    "spell1": 14,
    "spell2": 4,
    "level": 30,
    "ipEarned": 145,
    "createDate": 1399106033006,
    "fellowPlayers": [
      {
        "summonerId": 33975581,
        "teamId": 100,
        "championId": 412
      },
      {
        "summonerId": 25508844,
        "teamId": 200,
        "championId": 222
      },
      {
        "summonerId": 44103509,
        "teamId": 200,
        "championId": 7
      },
      {
        "summonerId": 26567616,
        "teamId": 200,
        "championId": 62
      },
      {
        "summonerId": 25563319,
        "teamId": 100,
        "championId": 55
      },
      {
        "summonerId": 41779301,
        "teamId": 200,
        "championId": 89
      },
      {
        "summonerId": 27080204,
        "teamId": 100,
        "championId": 119
      },
      {
        "summonerId": 44104204,
        "teamId": 200,
        "championId": 64
      },
      {
        "summonerId": 21078053,
        "teamId": 100,
        "championId": 254
      }
    ],
    "stats": {
      "level": 18,
      "goldEarned": 18216,
      "numDeaths": 12,
      "barracksKilled": 1,
      "turretsKilled": 2,
      "minionsKilled": 210,
      "championsKilled": 3,
      "goldSpent": 17535,
      "totalDamageDealt": 176571,
      "totalDamageTaken": 54632,
      "team": 100,
      "win": true,
      "neutralMinionsKilled": 22,
      "largestMultiKill": 1,
      "physicalDamageDealtPlayer": 142536,
      "magicDamageDealtPlayer": 31806,
      "physicalDamageTaken": 31318,
      "magicDamageTaken": 21477,
      "timePlayed": 3409,
      "totalHeal": 6470,
      "totalUnitsHealed": 1,
      "assists": 19,
      "item0": 3146,
      "item1": 3153,
      "item2": 3143,
      "item3": 3047,
      "item4": 3083,
      "item5": 3026,
      "item6": 3340,
      "sightWardsBought": 1,
      "magicDamageDealtToChampions": 6148,
      "physicalDamageDealtToChampions": 15004,
      "totalDamageDealtToChampions": 23221,
      "trueDamageDealtPlayer": 2228,
      "trueDamageDealtToChampions": 2068,
      "trueDamageTaken": 1837,
      "wardPlaced": 14,
      "neutralMinionsKilledEnemyJungle": 7,
      "neutralMinionsKilledYourJungle": 15,
      "totalTimeCrowdControlDealt": 989
    }
  },
  "26567616": {
    "gameId": 824854140,
    "invalid": false,
    "gameMode": "CLASSIC",
    "gameType": "MATCHED_GAME",
    "subType": "CAP_5x5",
    "mapId": 1,
    "teamId": 200,
    "championId": 62,
    "spell1": 14,
    "spell2": 4,
    "level": 30,
    "ipEarned": 94,
    "createDate": 1399106033015,
    "fellowPlayers": [
      {
        "summonerId": 33975581,
        "teamId": 100,
        "championId": 412
      },
      {
        "summonerId": 25508844,
        "teamId": 200,
        "championId": 222
      },
      {
        "summonerId": 44103509,
        "teamId": 200,
        "championId": 7
      },
      {
        "summonerId": 25563319,
        "teamId": 100,
        "championId": 55
      },
      {
        "summonerId": 41779301,
        "teamId": 200,
        "championId": 89
      },
      {
        "summonerId": 27080204,
        "teamId": 100,
        "championId": 119
      },
      {
        "summonerId": 44104204,
        "teamId": 200,
        "championId": 64
      },
      {
        "summonerId": 44263858,
        "teamId": 100,
        "championId": 24
      },
      {
        "summonerId": 21078053,
        "teamId": 100,
        "championId": 254
      }
    ],
    "stats": {
      "level": 18,
      "goldEarned": 25235,
      "numDeaths": 10,
      "turretsKilled": 2,
      "minionsKilled": 387,
      "championsKilled": 21,
      "goldSpent": 20015,
      "totalDamageDealt": 409241,
      "totalDamageTaken": 73941,
      "doubleKills": 2,
      "killingSprees": 6,
      "largestKillingSpree": 4,
      "team": 200,
      "win": false,
      "neutralMinionsKilled": 25,
      "largestMultiKill": 2,
      "physicalDamageDealtPlayer": 395856,
      "magicDamageDealtPlayer": 6741,
      "physicalDamageTaken": 52280,
      "magicDamageTaken": 18733,
      "largestCriticalStrike": 837,
      "timePlayed": 3409,
      "totalHeal": 11540,
      "totalUnitsHealed": 1,
      "assists": 14,
      "item0": 3071,
      "item1": 3074,
      "item2": 3265,
      "item3": 3022,
      "item4": 3026,
      "item5": 3083,
      "item6": 3340,
      "magicDamageDealtToChampions": 2699,
      "physicalDamageDealtToChampions": 67618,
      "totalDamageDealtToChampions": 74707,
      "trueDamageDealtPlayer": 6644,
      "trueDamageDealtToChampions": 4390,
      "trueDamageTaken": 2927,
      "wardPlaced": 7,
      "neutralMinionsKilledEnemyJungle": 5,
      "neutralMinionsKilledYourJungle": 20,
      "totalTimeCrowdControlDealt": 960
    }
  },
  "27080204": {
    "gameId": 824854140,
    "invalid": false,
    "gameMode": "CLASSIC",
    "gameType": "MATCHED_GAME",
    "subType": "CAP_5x5",
    "mapId": 1,
    "teamId": 100,
    "championId": 119,
    "spell1": 4,
    "spell2": 7,
    "level": 30,
    "ipEarned": 295,
    "createDate": 1399106033010,
    "fellowPlayers": [
      {
        "summonerId": 33975581,
        "teamId": 100,
        "championId": 412
      },
      {
        "summonerId": 25508844,
        "teamId": 200,
        "championId": 222
      },
      {
        "summonerId": 44103509,
        "teamId": 200,
        "championId": 7
      },
      {
        "summonerId": 26567616,
        "teamId": 200,
        "championId": 62
      },
      {
        "summonerId": 25563319,
        "teamId": 100,
        "championId": 55
      },
      {
        "summonerId": 41779301,
        "teamId": 200,
        "championId": 89
      },
      {
        "summonerId": 44104204,
        "teamId": 200,
        "championId": 64
      },
      {
        "summonerId": 44263858,
        "teamId": 100,
        "championId": 24
      },
      {
        "summonerId": 21078053,
        "teamId": 100,
        "championId": 254
      }
    ],
    "stats": {
      "level": 18,
      "goldEarned": 23368,
      "numDeaths": 10,
      "barracksKilled": 1,
      "turretsKilled": 2,
      "minionsKilled": 222,
      "championsKilled": 17,
      "goldSpent": 19010,
      "totalDamageDealt": 307269,
      "totalDamageTaken": 50257,
      "doubleKills": 2,
      "killingSprees": 3,
      "largestKillingSpree": 7,
      "team": 100,
      "win": true,
      "neutralMinionsKilled": 35,
      "largestMultiKill": 2,
      "physicalDamageDealtPlayer": 305507,
      "physicalDamageTaken": 33974,
      "magicDamageTaken": 14181,
      "largestCriticalStrike": 1403,
      "timePlayed": 3409,
      "totalHeal": 7002,
      "totalUnitsHealed": 4,
      "assists": 13,
      "item0": 3072,
      "item1": 3046,
      "item2": 3035,
      "item3": 3031,
      "item4": 3250,
      "item5": 3026,
      "item6": 3362,
      "physicalDamageDealtToChampions": 57422,
      "totalDamageDealtToChampions": 58658,
      "trueDamageDealtPlayer": 1762,
      "trueDamageDealtToChampions": 1236,
      "trueDamageTaken": 2101,
      "wardKilled": 2,
      "wardPlaced": 15,
      "neutralMinionsKilledEnemyJungle": 16,
      "neutralMinionsKilledYourJungle": 19,
      "totalTimeCrowdControlDealt": 329
    }
  },
  "44104204": {
    "gameId": 824854140,
    "invalid": false,
    "gameMode": "CLASSIC",
    "gameType": "MATCHED_GAME",
    "subType": "CAP_5x5",
    "mapId": 1,
    "teamId": 200,
    "championId": 64,
    "spell1": 11,
    "spell2": 4,
    "level": 30,
    "ipEarned": 94,
    "createDate": 1399106033012,
    "fellowPlayers": [
      {
        "summonerId": 33975581,
        "teamId": 100,
        "championId": 412
      },
      {
        "summonerId": 25508844,
        "teamId": 200,
        "championId": 222
      },
      {
        "summonerId": 44103509,
        "teamId": 200,
        "championId": 7
      },
      {
        "summonerId": 26567616,
        "teamId": 200,
        "championId": 62
      },
      {
        "summonerId": 25563319,
        "teamId": 100,
        "championId": 55
      },
      {
        "summonerId": 41779301,
        "teamId": 200,
        "championId": 89
      },
      {
        "summonerId": 27080204,
        "teamId": 100,
        "championId": 119
      },
      {
        "summonerId": 44263858,
        "teamId": 100,
        "championId": 24
      },
      {
        "summonerId": 21078053,
        "teamId": 100,
        "championId": 254
      }
    ],
    "stats": {
      "level": 18,
      "goldEarned": 18089,
      "numDeaths": 14,
      "minionsKilled": 77,
      "championsKilled": 15,
      "goldSpent": 16708,
      "totalDamageDealt": 257314,
      "totalDamageTaken": 56298,
      "doubleKills": 2,
      "killingSprees": 3,
      "largestKillingSpree": 4,
      "team": 200,
      "win": false,
      "neutralMinionsKilled": 90,
      "largestMultiKill": 2,
      "physicalDamageDealtPlayer": 175986,
      "magicDamageDealtPlayer": 64321,
      "physicalDamageTaken": 46507,
      "magicDamageTaken": 8353,
      "largestCriticalStrike": 1115,
      "timePlayed": 3409,
      "totalHeal": 2594,
      "totalUnitsHealed": 1,
      "assists": 13,
      "item0": 3111,
      "item1": 3154,
      "item2": 3072,
      "item3": 3031,
      "item4": 3078,
      "item5": 3083,
      "item6": 3340,
      "magicDamageDealtToChampions": 5788,
      "physicalDamageDealtToChampions": 25657,
      "totalDamageDealtToChampions": 31928,
      "trueDamageDealtPlayer": 17006,
      "trueDamageDealtToChampions": 482,
      "trueDamageTaken": 1438,
      "wardPlaced": 16,
      "neutralMinionsKilledEnemyJungle": 2,
      "neutralMinionsKilledYourJungle": 88,
      "totalTimeCrowdControlDealt": 746
    }
  },
  "44103509": {
    "gameId": 824854140,
    "invalid": false,
    "gameMode": "CLASSIC",
    "gameType": "MATCHED_GAME",
    "subType": "CAP_5x5",
    "mapId": 1,
    "teamId": 200,
    "championId": 7,
    "spell1": 4,
    "spell2": 14,
    "level": 30,
    "ipEarned": 94,
    "createDate": 1399106033016,
    "fellowPlayers": [
      {
        "summonerId": 33975581,
        "teamId": 100,
        "championId": 412
      },
      {
        "summonerId": 25508844,
        "teamId": 200,
        "championId": 222
      },
      {
        "summonerId": 26567616,
        "teamId": 200,
        "championId": 62
      },
      {
        "summonerId": 25563319,
        "teamId": 100,
        "championId": 55
      },
      {
        "summonerId": 41779301,
        "teamId": 200,
        "championId": 89
      },
      {
        "summonerId": 27080204,
        "teamId": 100,
        "championId": 119
      },
      {
        "summonerId": 44104204,
        "teamId": 200,
        "championId": 64
      },
      {
        "summonerId": 44263858,
        "teamId": 100,
        "championId": 24
      },
      {
        "summonerId": 21078053,
        "teamId": 100,
        "championId": 254
      }
    ],
    "stats": {
      "level": 18,
      "goldEarned": 17389,
      "numDeaths": 16,
      "minionsKilled": 121,
      "championsKilled": 16,
      "goldSpent": 17130,
      "totalDamageDealt": 145543,
      "totalDamageTaken": 42869,
      "doubleKills": 2,
      "killingSprees": 4,
      "largestKillingSpree": 4,
      "team": 200,
      "win": false,
      "neutralMinionsKilled": 2,
      "largestMultiKill": 2,
      "physicalDamageDealtPlayer": 23752,
      "magicDamageDealtPlayer": 119025,
      "physicalDamageTaken": 30820,
      "magicDamageTaken": 9653,
      "timePlayed": 3409,
      "assists": 14,
      "item0": 3128,
      "item1": 3157,
      "item2": 3259,
      "item3": 3089,
      "item4": 3135,
      "item5": 3165,
      "item6": 3340,
      "magicDamageDealtToChampions": 43758,
      "physicalDamageDealtToChampions": 3743,
      "totalDamageDealtToChampions": 49301,
      "trueDamageDealtPlayer": 2766,
      "trueDamageDealtToChampions": 1800,
      "trueDamageTaken": 2396,
      "wardPlaced": 12,
      "neutralMinionsKilledEnemyJungle": 1,
      "neutralMinionsKilledYourJungle": 1,
      "totalTimeCrowdControlDealt": 267
    }
  },
  "21078053": {
    "gameId": 824854140,
    "invalid": false,
    "gameMode": "CLASSIC",
    "gameType": "MATCHED_GAME",
    "subType": "CAP_5x5",
    "mapId": 1,
    "teamId": 100,
    "championId": 254,
    "spell1": 11,
    "spell2": 4,
    "level": 30,
    "ipEarned": 145,
    "createDate": 1399106033007,
    "fellowPlayers": [
      {
        "summonerId": 33975581,
        "teamId": 100,
        "championId": 412
      },
      {
        "summonerId": 25508844,
        "teamId": 200,
        "championId": 222
      },
      {
        "summonerId": 44103509,
        "teamId": 200,
        "championId": 7
      },
      {
        "summonerId": 26567616,
        "teamId": 200,
        "championId": 62
      },
      {
        "summonerId": 25563319,
        "teamId": 100,
        "championId": 55
      },
      {
        "summonerId": 41779301,
        "teamId": 200,
        "championId": 89
      },
      {
        "summonerId": 27080204,
        "teamId": 100,
        "championId": 119
      },
      {
        "summonerId": 44104204,
        "teamId": 200,
        "championId": 64
      },
      {
        "summonerId": 44263858,
        "teamId": 100,
        "championId": 24
      }
    ],
    "stats": {
      "level": 18,
      "goldEarned": 27182,
      "numDeaths": 12,
      "barracksKilled": 1,
      "turretsKilled": 3,
      "minionsKilled": 153,
      "championsKilled": 32,
      "goldSpent": 27873,
      "totalDamageDealt": 348053,
      "totalDamageTaken": 59465,
      "doubleKills": 7,
      "killingSprees": 8,
      "largestKillingSpree": 9,
      "team": 100,
      "win": true,
      "neutralMinionsKilled": 76,
      "largestMultiKill": 2,
      "physicalDamageDealtPlayer": 322357,
      "magicDamageDealtPlayer": 867,
      "physicalDamageTaken": 43008,
      "magicDamageTaken": 15412,
      "largestCriticalStrike": 1140,
      "timePlayed": 3409,
      "totalHeal": 8304,
      "totalUnitsHealed": 1,
      "assists": 13,
      "item0": 3074,
      "item1": 3071,
      "item2": 3270,
      "item3": 3083,
      "item4": 3026,
      "item5": 3078,
      "item6": 3364,
      "sightWardsBought": 2,
      "physicalDamageDealtToChampions": 77740,
      "totalDamageDealtToChampions": 81541,
      "trueDamageDealtPlayer": 24827,
      "trueDamageDealtToChampions": 3800,
      "trueDamageTaken": 1044,
      "wardKilled": 3,
      "wardPlaced": 3,
      "neutralMinionsKilledEnemyJungle": 25,
      "neutralMinionsKilledYourJungle": 51,
      "totalTimeCrowdControlDealt": 655
    }
  },
  "41779301": {
    "gameId": 824854140,
    "invalid": false,
    "gameMode": "CLASSIC",
    "gameType": "MATCHED_GAME",
    "subType": "CAP_5x5",
    "mapId": 1,
    "teamId": 200,
    "championId": 89,
    "spell1": 3,
    "spell2": 4,
    "level": 30,
    "ipEarned": 94,
    "createDate": 1399106033013,
    "fellowPlayers": [
      {
        "summonerId": 33975581,
        "teamId": 100,
        "championId": 412
      },
      {
        "summonerId": 25508844,
        "teamId": 200,
        "championId": 222
      },
      {
        "summonerId": 44103509,
        "teamId": 200,
        "championId": 7
      },
      {
        "summonerId": 26567616,
        "teamId": 200,
        "championId": 62
      },
      {
        "summonerId": 25563319,
        "teamId": 100,
        "championId": 55
      },
      {
        "summonerId": 27080204,
        "teamId": 100,
        "championId": 119
      },
      {
        "summonerId": 44104204,
        "teamId": 200,
        "championId": 64
      },
      {
        "summonerId": 44263858,
        "teamId": 100,
        "championId": 24
      },
      {
        "summonerId": 21078053,
        "teamId": 100,
        "championId": 254
      }
    ],
    "stats": {
      "level": 18,
      "goldEarned": 16318,
      "numDeaths": 16,
      "minionsKilled": 95,
      "championsKilled": 4,
      "goldSpent": 15455,
      "totalDamageDealt": 85395,
      "totalDamageTaken": 61529,
      "team": 200,
      "win": false,
      "largestMultiKill": 1,
      "physicalDamageDealtPlayer": 24495,
      "magicDamageDealtPlayer": 54320,
      "physicalDamageTaken": 45141,
      "magicDamageTaken": 14465,
      "timePlayed": 3409,
      "totalHeal": 6493,
      "totalUnitsHealed": 5,
      "assists": 25,
      "item0": 3143,
      "item1": 3190,
      "item3": 3068,
      "item4": 3050,
      "item5": 3270,
      "item6": 3340,
      "sightWardsBought": 1,
      "visionWardsBought": 1,
      "magicDamageDealtToChampions": 18583,
      "physicalDamageDealtToChampions": 6769,
      "totalDamageDealtToChampions": 25352,
      "trueDamageDealtPlayer": 6579,
      "trueDamageTaken": 1921,
      "wardPlaced": 37,
      "totalTimeCrowdControlDealt": 750
    }
  },
  "25508844": {
    "gameId": 824854140,
    "invalid": false,
    "gameMode": "CLASSIC",
    "gameType": "MATCHED_GAME",
    "subType": "CAP_5x5",
    "mapId": 1,
    "teamId": 200,
    "championId": 222,
    "spell1": 7,
    "spell2": 4,
    "level": 30,
    "ipEarned": 94,
    "createDate": 1399106033014,
    "fellowPlayers": [
      {
        "summonerId": 33975581,
        "teamId": 100,
        "championId": 412
      },
      {
        "summonerId": 44103509,
        "teamId": 200,
        "championId": 7
      },
      {
        "summonerId": 26567616,
        "teamId": 200,
        "championId": 62
      },
      {
        "summonerId": 25563319,
        "teamId": 100,
        "championId": 55
      },
      {
        "summonerId": 41779301,
        "teamId": 200,
        "championId": 89
      },
      {
        "summonerId": 27080204,
        "teamId": 100,
        "championId": 119
      },
      {
        "summonerId": 44104204,
        "teamId": 200,
        "championId": 64
      },
      {
        "summonerId": 44263858,
        "teamId": 100,
        "championId": 24
      },
      {
        "summonerId": 21078053,
        "teamId": 100,
        "championId": 254
      }
    ],
    "stats": {
      "level": 18,
      "goldEarned": 19064,
      "numDeaths": 16,
      "minionsKilled": 276,
      "championsKilled": 7,
      "goldSpent": 20720,
      "totalDamageDealt": 265674,
      "totalDamageTaken": 55919,
      "killingSprees": 1,
      "largestKillingSpree": 2,
      "team": 200,
      "win": false,
      "neutralMinionsKilled": 16,
      "largestMultiKill": 1,
      "physicalDamageDealtPlayer": 241761,
      "magicDamageDealtPlayer": 23913,
      "physicalDamageTaken": 36610,
      "magicDamageTaken": 18341,
      "largestCriticalStrike": 997,
      "timePlayed": 3409,
      "totalHeal": 5147,
      "totalUnitsHealed": 4,
      "assists": 12,
      "item0": 3026,
      "item1": 3072,
      "item2": 3250,
      "item3": 3035,
      "item4": 3087,
      "item5": 3031,
      "item6": 3362,
      "sightWardsBought": 1,
      "magicDamageDealtToChampions": 3841,
      "physicalDamageDealtToChampions": 26611,
      "totalDamageDealtToChampions": 30453,
      "trueDamageTaken": 967,
      "wardPlaced": 14,
      "neutralMinionsKilledEnemyJungle": 2,
      "neutralMinionsKilledYourJungle": 14,
      "totalTimeCrowdControlDealt": 164
    }
  },
  "25563319": {
    "gameId": 824854140,
    "invalid": false,
    "gameMode": "CLASSIC",
    "gameType": "MATCHED_GAME",
    "subType": "CAP_5x5",
    "mapId": 1,
    "teamId": 100,
    "championId": 55,
    "spell1": 14,
    "spell2": 4,
    "level": 30,
    "ipEarned": 295,
    "createDate": 1399106033005,
    "fellowPlayers": [
      {
        "summonerId": 33975581,
        "teamId": 100,
        "championId": 412
      },
      {
        "summonerId": 25508844,
        "teamId": 200,
        "championId": 222
      },
      {
        "summonerId": 44103509,
        "teamId": 200,
        "championId": 7
      },
      {
        "summonerId": 26567616,
        "teamId": 200,
        "championId": 62
      },
      {
        "summonerId": 41779301,
        "teamId": 200,
        "championId": 89
      },
      {
        "summonerId": 27080204,
        "teamId": 100,
        "championId": 119
      },
      {
        "summonerId": 44104204,
        "teamId": 200,
        "championId": 64
      },
      {
        "summonerId": 44263858,
        "teamId": 100,
        "championId": 24
      },
      {
        "summonerId": 21078053,
        "teamId": 100,
        "championId": 254
      }
    ],
    "stats": {
      "level": 18,
      "goldEarned": 19666,
      "numDeaths": 19,
      "barracksKilled": 1,
      "turretsKilled": 1,
      "minionsKilled": 154,
      "championsKilled": 16,
      "goldSpent": 19835,
      "totalDamageDealt": 193363,
      "totalDamageTaken": 50991,
      "doubleKills": 2,
      "tripleKills": 1,
      "killingSprees": 4,
      "largestKillingSpree": 3,
      "team": 100,
      "win": true,
      "neutralMinionsKilled": 33,
      "largestMultiKill": 3,
      "physicalDamageDealtPlayer": 22812,
      "magicDamageDealtPlayer": 168755,
      "physicalDamageTaken": 37225,
      "magicDamageTaken": 12542,
      "timePlayed": 3409,
      "totalHeal": 2613,
      "totalUnitsHealed": 1,
      "assists": 18,
      "item0": 3157,
      "item1": 3146,
      "item2": 3089,
      "item3": 3135,
      "item4": 3116,
      "item5": 3275,
      "item6": 3340,
      "magicDamageDealtToChampions": 46339,
      "physicalDamageDealtToChampions": 2951,
      "totalDamageDealtToChampions": 50907,
      "trueDamageDealtPlayer": 1796,
      "trueDamageDealtToChampions": 1616,
      "trueDamageTaken": 1224,
      "wardPlaced": 15,
      "neutralMinionsKilledEnemyJungle": 9,
      "neutralMinionsKilledYourJungle": 24,
      "totalTimeCrowdControlDealt": 328
    }
  }
}