{
  "39833768": {
    "gameId": 824854141,
    "invalid": false,
    "gameMode": "CLASSIC",
    "gameType": "MATCHED_GAME",
    "subType": "CAP_5x5",
    "mapId": 1,
    "teamId": 200,
    "championId": 222,
    "spell1": 4,
    "spell2": 7,
    "level": 30,
    "ipEarned": 69,
    "createDate": 1399104996138,
    "fellowPlayers": [
      {
        "summonerId": 41095484,
        "teamId": 100,
        "championId": 61
      },
      {
        "summonerId": 39837557,
        "teamId": 100,
        "championId": 22
      },
      {
        "summonerId": 27153711,
        "teamId": 100,
        "championId": 106
      },
      {
        "summonerId": 33563083,
        "teamId": 200,
        "championId": 238
      },
      {
        "summonerId": 21574633,
        "teamId": 200,
        "championId": 19
      },
      {
        "summonerId": 35344978,
        "teamId": 100,
        "championId": 62
      },
      {
        "summonerId": 30411402,
        "teamId": 200,
        "championId": 10
      },
      {
        "summonerId": 40200596,
        "teamId": 100,
        "championId": 89
      },
      {
        "summonerId": 31163130,
        "teamId": 200,
        "championId": 11
      }
    ],
    "stats": {
      "level": 16,
      "goldEarned": 13056,
      "numDeaths": 10,
      "barracksKilled": 1,
      "turretsKilled": 2,
      "minionsKilled": 176,
      "championsKilled": 9,
      "goldSpent": 12790,
      "totalDamageDealt": 149423,
      "totalDamageTaken": 36069,
      "doubleKills": 2,
      "tripleKills": 1,
      "killingSprees": 2,
      "largestKillingSpree": 3,
      "team": 200,
      "win": false,
      "neutralMinionsKilled": 21,
      "largestMultiKill": 3,
      "physicalDamageDealtPlayer": 144948,
      "magicDamageDealtPlayer": 3234,
      "physicalDamageTaken": 22046,
      "magicDamageTaken": 13780,
      "largestCriticalStrike": 498,
      "timePlayed": 2325,
      "totalHeal": 4429,
      "totalUnitsHealed": 4,
      "assists": 6,
      "item0": 3072,
      "item1": 3046,
      "item2": 3250,
      "item3": 3031,
      "item4": 1011,
      "item6": 3340,
      "magicDamageDealtToChampions": 2050,
      "physicalDamageDealtToChampions": 23299,
      "totalDamageDealtToChampions": 25509,
      "trueDamageDealtPlayer": 1240,
      "trueDamageDealtToChampions": 160,
      "trueDamageTaken": 242,
      "wardKilled": 1,
      "wardPlaced": 1,
      "neutralMinionsKilledEnemyJungle": 4,
      "neutralMinionsKilledYourJungle": 17,
      "totalTimeCrowdControlDealt": 252
    }
  },
  "summonerCount": 10,
  "30411402": {
    "gameId": 824854141,
    "invalid": false,
    "gameMode": "CLASSIC",
    "gameType": "MATCHED_GAME",
    "subType": "CAP_5x5",
    "mapId": 1,
    "teamId": 200,
    "championId": 10,
    "spell1": 4,
    "spell2": 14,
    "level": 30,
    "ipEarned": 69,
    "createDate": 1399104996139,
    "fellowPlayers": [
      {
        "summonerId": 41095484,
        "teamId": 100,
        "championId": 61
      },
      {
        "summonerId": 39837557,
        "teamId": 100,
        "championId": 22
      },
      {
        "summonerId": 27153711,
        "teamId": 100,
        "championId": 106
      },
      {
        "summonerId": 33563083,
        "teamId": 200,
        "championId": 238
      },
      {
        "summonerId": 21574633,
        "teamId": 200,
        "championId": 19
      },
      {
        "summonerId": 35344978,
        "teamId": 100,
        "championId": 62
      },
      {
        "summonerId": 40200596,
        "teamId": 100,
        "championId": 89
      },
      {
        "summonerId": 39833768,
        "teamId": 200,
        "championId": 222
      },
      {
        "summonerId": 31163130,
        "teamId": 200,
        "championId": 11
      }
    ],
    "stats": {
      "level": 16,
      "goldEarned": 12823,
      "numDeaths": 7,
      "turretsKilled": 1,
      "minionsKilled": 32,
      "championsKilled": 3,
      "goldSpent": 11280,
      "totalDamageDealt": 47124,
      "totalDamageTaken": 28963,
      "doubleKills": 1,
      "killingSprees": 1,
      "largestKillingSpree": 2,
      "team": 200,
      "win": false,
      "largestMultiKill": 2,
      "physicalDamageDealtPlayer": 14056,
      "magicDamageDealtPlayer": 31846,
      "physicalDamageTaken": 16837,
      "magicDamageTaken": 11869,
      "timePlayed": 2325,
      "totalHeal": 15716,
      "totalUnitsHealed": 5,
      "assists": 16,
      "item0": 3092,
      "item1": 2049,
      "item2": 3222,
      "item3": 3158,
      "item4": 3116,
      "item5": 1058,
      "item6": 3341,
      "sightWardsBought": 2,
      "visionWardsBought": 1,
      "magicDamageDealtToChampions": 9422,
      "physicalDamageDealtToChampions": 3872,
      "totalDamageDealtToChampions": 14515,
      "trueDamageDealtPlayer": 1221,
      "trueDamageDealtToChampions": 1221,
      "trueDamageTaken": 256,
      "wardPlaced": 30,
      "totalTimeCrowdControlDealt": 373
    }
  },
  "39837557": {
    "gameId": 824854141,
    "invalid": false,
    "gameMode": "CLASSIC",
    "gameType": "MATCHED_GAME",
    "subType": "CAP_5x5",
    "mapId": 1,
    "teamId": 100,
    "championId": 22,
    "spell1": 7,
    "spell2": 4,
    "level": 30,
    "ipEarned": 106,
    "createDate": 1399104996132,
    "fellowPlayers": [
      {
        "summonerId": 41095484,
        "teamId": 100,
        "championId": 61
      },
      {
        "summonerId": 27153711,
        "teamId": 100,
        "championId": 106
      },
      {
        "summonerId": 33563083,
        "teamId": 200,
        "championId": 238
      },
      {
        "summonerId": 21574633,
        "teamId": 200,
        "championId": 19
      },
      {
        "summonerId": 35344978,
        "teamId": 100,
        "championId": 62
      },
      {
        "summonerId": 30411402,
        "teamId": 200,
        "championId": 10
      },
      {
        "summonerId": 40200596,
        "teamId": 100,
        "championId": 89
      },
      {
        "summonerId": 39833768,
        "teamId": 200,
        "championId": 222
      },
      {
        "summonerId": 31163130,
        "teamId": 200,
        "championId": 11
      }
    ],
    "stats": {
      "level": 18,
      "goldEarned": 15319,
      "numDeaths": 5,
      "barracksKilled": 1,
      "turretsKilled": 1,
      "minionsKilled": 189,
      "championsKilled": 7,
      "goldSpent": 12450,
      "totalDamageDealt": 165460,
      "totalDamageTaken": 24033,
      "doubleKills": 1,
      "killingSprees": 2,
      "largestKillingSpree": 3,
      "team": 100,
      "win": true,
      "neutralMinionsKilled": 8,
      "largestMultiKill": 2,
      "physicalDamageDealtPlayer": 142676,
      "magicDamageDealtPlayer": 22784,
      "physicalDamageTaken": 18564,
      "magicDamageTaken": 4151,
      "largestCriticalStrike": 900,
      "timePlayed": 2325,
      "totalHeal": 3811,
      "totalUnitsHealed": 3,
      "assists": 15,
      "item0": 1037,
      "item1": 3031,
      "item2": 2003,
      "item3": 3006,
      "item4": 3087,
      "item5": 3072,
      "item6": 3340,
      "magicDamageDealtToChampions": 6330,
      "physicalDamageDealtToChampions": 28787,
      "totalDamageDealtToChampions": 35117,
      "trueDamageTaken": 1316,
      "wardKilled": 1,
      "wardPlaced": 7,
      "neutralMinionsKilledEnemyJungle": 4,
      "neutralMinionsKilledYourJungle": 4,
      "totalTimeCrowdControlDealt": 919
    }
  },
  "40200596": {
    "gameId": 824854141,
    "invalid": false,
    "gameMode": "CLASSIC",
    "gameType": "MATCHED_GAME",
    "subType": "CAP_5x5",
    "mapId": 1,
    "teamId": 100,
    "championId": 89,
    "spell1": 3,
    "spell2": 4,
    "level": 30,
    "ipEarned": 106,
    "createDate": 1399104996134,
    "fellowPlayers": [
      {
        "summonerId": 41095484,
        "teamId": 100,
        "championId": 61
      },
      {
        "summonerId": 39837557,
        "teamId": 100,
        "championId": 22
      },
      {
        "summonerId": 27153711,
        "teamId": 100,
        "championId": 106
      },
      {
        "summonerId": 33563083,
        "teamId": 200,
        "championId": 238
      },
      {
        "summonerId": 21574633,
        "teamId": 200,
        "championId": 19
      },
      {
        "summonerId": 35344978,
        "teamId": 100,
        "championId": 62
      },
      {
        "summonerId": 30411402,
        "teamId": 200,
        "championId": 10
      },
      {
        "summonerId": 39833768,
        "teamId": 200,
        "championId": 222
      },
      {
        "summonerId": 31163130,
        "teamId": 200,
        "championId": 11
      }
    ],
    "stats": {
      "level": 17,
      "goldEarned": 12060,
      "numDeaths": 6,
      "turretsKilled": 2,
      "minionsKilled": 36,
      "championsKilled": 2,
      "goldSpent": 10080,
      "totalDamageDealt": 40176,
      "totalDamageTaken": 29108,
      "team": 100,
      "win": true,
      "largestMultiKill": 1,
      "physicalDamageDealtPlayer": 14812,
      "magicDamageDealtPlayer": 22563,
      "physicalDamageTaken": 22606,
      "magicDamageTaken": 5914,
      "timePlayed": 2325,
      "totalHeal": 6537,
      "totalUnitsHealed": 5,
      "assists": 25,
      "item0": 3401,
      "item1": 2049,
      "item2": 3111,
      "item3": 3143,
      "item4": 3222,
      "item5": 1031,
      "item6": 3341,
      "sightWardsBought": 1,
      "visionWardsBought": 1,
      "magicDamageDealtToChampions": 7260,
      "physicalDamageDealtToChampions": 5606,
      "totalDamageDealtToChampions": 12866,
      "trueDamageDealtPlayer": 2800,
      "trueDamageTaken": 588,
      "wardKilled": 1,
      "wardPlaced": 17,
      "totalTimeCrowdControlDealt": 201
    }
  },
  "31163130": {
    "gameId": 824854141,
    "invalid": false,
    "gameMode": "CLASSIC",
    "gameType": "MATCHED_GAME",
    "subType": "CAP_5x5",
    "mapId": 1,
    "teamId": 200,
    "championId": 11,
    "spell1": 11,
    "spell2": 7,
    "level": 30,
    "ipEarned": 69,
    "createDate": 1399104996140,
    "fellowPlayers": [
      {
        "summonerId": 41095484,
        "teamId": 100,
        "championId": 61
      },
      {
        "summonerId": 39837557,
        "teamId": 100,
        "championId": 22
      },
      {
        "summonerId": 27153711,
        "teamId": 100,
        "championId": 106
      },
      {
        "summonerId": 33563083,
        "teamId": 200,
        "championId": 238
      },
      {
        "summonerId": 21574633,
        "teamId": 200,
        "championId": 19
      },
      {
        "summonerId": 35344978,
        "teamId": 100,
        "championId": 62
      },
      {
        "summonerId": 30411402,
        "teamId": 200,
        "championId": 10
      },
      {
        "summonerId": 40200596,
        "teamId": 100,
        "championId": 89
      },
      {
        "summonerId": 39833768,
        "teamId": 200,
        "championId": 222
      }
    ],
    "stats": {
      "level": 18,
      "goldEarned": 17263,
      "numDeaths": 7,
      "turretsKilled": 2,
      "minionsKilled": 128,
      "championsKilled": 13,
      "goldSpent": 20640,
      "totalDamageDealt": 278710,
      "totalDamageTaken": 44835,
      "doubleKills": 2,
      "tripleKills": 1,
      "killingSprees": 3,
      "largestKillingSpree": 4,
      "team": 200,
      "win": false,
      "neutralMinionsKilled": 126,
      "largestMultiKill": 3,
      "physicalDamageDealtPlayer": 217737,
      "magicDamageDealtPlayer": 42671,
      "physicalDamageTaken": 38241,
      "magicDamageTaken": 5614,
      "largestCriticalStrike": 805,
      "timePlayed": 2325,
      "totalHeal": 15436,
      "totalUnitsHealed": 3,
      "assists": 5,
      "item0": 3160,
      "item1": 3102,
      "item2": 3252,
      "item3": 3074,
      "item4": 3142,
      "item5": 3046,
      "item6": 3340,
      "magicDamageDealtToChampions": 2305,
      "physicalDamageDealtToChampions": 24767,
      "totalDamageDealtToChampions": 28468,
      "trueDamageDealtPlayer": 18301,
      "trueDamageDealtToChampions": 1395,
      "trueDamageTaken": 980,
      "wardPlaced": 12,
      "neutralMinionsKilledEnemyJungle": 19,
      "neutralMinionsKilledYourJungle": 107,
      "totalTimeCrowdControlDealt": 731
    }
  },
  "27153711": {
    "gameId": 824854141,
    "invalid": false,
    "gameMode": "CLASSIC",
    "gameType": "MATCHED_GAME",
    "subType": "CAP_5x5",
    "mapId": 1,
    "teamId": 100,
    "championId": 106,
    "spell1": 11,
    "spell2": 4,
    "level": 30,
    "ipEarned": 256,
    "createDate": 1399104996131,
    "fellowPlayers": [
      {
        "summonerId": 41095484,
        "teamId": 100,
        "championId": 61
      },
      {
        "summonerId": 39837557,
        "teamId": 100,
        "championId": 22
      },
      {
        "summonerId": 33563083,
        "teamId": 200,
        "championId": 238
      },
      {
        "summonerId": 21574633,
        "teamId": 200,
        "championId": 19
      },
      {
        "summonerId": 35344978,
        "teamId": 100,
        "championId": 62
      },
      {
        "summonerId": 30411402,
        "teamId": 200,
        "championId": 10
      },
      {
        "summonerId": 40200596,
        "teamId": 100,
        "championId": 89
      },
      {
        "summonerId": 39833768,
        "teamId": 200,
        "championId": 222
      },
      {
        "summonerId": 31163130,
        "teamId": 200,
        "championId": 11
      }
    ],
    "stats": {
      "level": 18,
      "goldEarned": 13964,
      "numDeaths": 5,
      "turretsKilled": 1,
      "minionsKilled": 31,
      "championsKilled": 8,
      "goldSpent": 12798,
      "totalDamageDealt": 181510,
      "totalDamageTaken": 34304,
      "killingSprees": 2,
      "largestKillingSpree": 3,
      "team": 100,
      "win": true,
      "neutralMinionsKilled": 100,
      "largestMultiKill": 1,
      "physicalDamageDealtPlayer": 94665,
      "magicDamageDealtPlayer": 68812,
      "physicalDamageTaken": 24154,
      "magicDamageTaken": 8565,
      "largestCriticalStrike": 211,
      "timePlayed": 2325,
      "totalHeal": 8262,
      "totalUnitsHealed": 1,
      "assists": 13,
      "item0": 2003,
      "item1": 3160,
      "item2": 3117,
      "item3": 3110,
      "item4": 3022,
      "item5": 3078,
      "item6": 3340,
      "magicDamageDealtToChampions": 9688,
      "physicalDamageDealtToChampions": 12611,
      "totalDamageDealtToChampions": 23567,
      "trueDamageDealtPlayer": 18032,
      "trueDamageDealtToChampions": 1268,
      "trueDamageTaken": 1584,
      "wardPlaced": 14,
      "neutralMinionsKilledEnemyJungle": 12,
      "neutralMinionsKilledYourJungle": 88,
      "totalTimeCrowdControlDealt": 2698
    }
  },
  "41095484": {
    "gameId": 824854141,
    "invalid": false,
    "gameMode": "CLASSIC",
    "gameType": "MATCHED_GAME",
    "subType": "CAP_5x5",
    "mapId": 1,
    "teamId": 100,
    "championId": 61,
    "spell1": 14,
    "spell2": 4,
    "level": 30,
    "ipEarned": 106,
    "createDate": 1399104996128,
    "fellowPlayers": [
      {
        "summonerId": 39837557,
        "teamId": 100,
        "championId": 22
      },
      {
        "summonerId": 27153711,
        "teamId": 100,
        "championId": 106
      },
      {
        "summonerId": 33563083,
        "teamId": 200,
        "championId": 238
      },
      {
        "summonerId": 21574633,
        "teamId": 200,
        "championId": 19
      },
      {
        "summonerId": 35344978,
        "teamId": 100,
        "championId": 62
      },
      {
        "summonerId": 30411402,
        "teamId": 200,
        "championId": 10
      },
      {
        "summonerId": 40200596,
        "teamId": 100,
        "championId": 89
      },
      {
        "summonerId": 39833768,
        "teamId": 200,
        "championId": 222
      },
      {
        "summonerId": 31163130,
        "teamId": 200,
        "championId": 11
      }
    ],
    "stats": {
      "level": 18,
      "goldEarned": 15650,
      "numDeaths": 8,
      "minionsKilled": 176,
      "championsKilled": 14,
      "goldSpent": 14295,
      "totalDamageDealt": 138578,
      "totalDamageTaken": 20070,
      "doubleKills": 4,
      "tripleKills": 1,
      "killingSprees": 4,
      "largestKillingSpree": 4,
      "team": 100,
      "win": true,
      "neutralMinionsKilled": 4,
      "largestMultiKill": 3,
      "physicalDamageDealtPlayer": 25207,
      "magicDamageDealtPlayer": 112034,
      "physicalDamageTaken": 16512,
      "magicDamageTaken": 2223,
      "timePlayed": 2325,
      "totalHeal": 553,
      "totalUnitsHealed": 1,
      "assists": 14,
      "item0": 3157,
      "item1": 3040,
      "item2": 3020,
      "item3": 3089,
      "item4": 3152,
      "item5": 1026,
      "item6": 3340,
      "magicDamageDealtToChampions": 30110,
      "physicalDamageDealtToChampions": 2201,
      "totalDamageDealtToChampions": 33308,
      "trueDamageDealtPlayer": 1336,
      "trueDamageDealtToChampions": 996,
      "trueDamageTaken": 1334,
      "wardKilled": 3,
      "wardPlaced": 8,
      "neutralMinionsKilledEnemyJungle": 1,
      "neutralMinionsKilledYourJungle": 3,
      "totalTimeCrowdControlDealt": 1345
    }
  },
  "35344978": {
    "gameId": 824854141,
    "invalid": false,
    "gameMode": "CLASSIC",
    "gameType": "MATCHED_GAME",
    "subType": "CAP_5x5",
    "mapId": 1,
    "teamId": 100,
    "championId": 62,
    "spell1": 14,
    "spell2": 4,
    "level": 30,
    "ipEarned": 256,
    "createDate": 1399104996129,
    "fellowPlayers": [
      {
        "summonerId": 41095484,
        "teamId": 100,
        "championId": 61
      },
      {
        "summonerId": 39837557,
        "teamId": 100,
        "championId": 22
      },
      {
        "summonerId": 27153711,
        "teamId": 100,
        "championId": 106
      },
      {
        "summonerId": 33563083,
        "teamId": 200,
        "championId": 238
      },
      {
        "summonerId": 21574633,
        "teamId": 200,
        "championId": 19
      },
      {
        "summonerId": 30411402,
        "teamId": 200,
        "championId": 10
      },
      {
        "summonerId": 40200596,
        "teamId": 100,
        "championId": 89
      },
      {
        "summonerId": 39833768,
        "teamId": 200,
        "championId": 222
      },
      {
        "summonerId": 31163130,
        "teamId": 200,
        "championId": 11
      }
    ],
    "stats": {
      "level": 18,
      "goldEarned": 15683,
      "numDeaths": 5,
      "barracksKilled": 1,
      "turretsKilled": 3,
      "minionsKilled": 233,
      "championsKilled": 12,
      "goldSpent": 15835,
      "totalDamageDealt": 159501,
      "totalDamageTaken": 25716,
      "doubleKills": 2,
      "tripleKills": 1,
      "killingSprees": 3,
      "largestKillingSpree": 4,
      "team": 100,
      "win": true,
      "neutralMinionsKilled": 2,
      "largestMultiKill": 3,
      "physicalDamageDealtPlayer": 156865,
      "magicDamageDealtPlayer": 1809,
      "physicalDamageTaken": 19017,
      "magicDamageTaken": 5389,
      "timePlayed": 2325,
      "totalHeal": 1895,
      "totalUnitsHealed": 1,
      "assists": 5,
      "item0": 3074,
      "item1": 3143,
      "item2": 3035,
      "item3": 3071,
      "item4": 3260,
      "item5": 1031,
      "item6": 3340,
      "sightWardsBought": 3,
      "magicDamageDealtToChampions": 1343,
      "physicalDamageDealtToChampions": 30542,
      "totalDamageDealtToChampions": 32673,
      "trueDamageDealtPlayer": 826,
      "trueDamageDealtToChampions": 788,
      "trueDamageTaken": 1310,
      "wardKilled": 1,
      "wardPlaced": 8,
      "neutralMinionsKilledEnemyJungle": 2,
      "totalTimeCrowdControlDealt": 125
    }
  },
  "33563083": {
    "gameId": 824854141,
    "invalid": false,
    "gameMode": "CLASSIC",
    "gameType": "MATCHED_GAME",
    "subType": "CAP_5x5",
    "mapId": 1,
    "teamId": 200,
    "championId": 238,
    "spell1": 14,
    "spell2": 4,
    "level": 30,
    "ipEarned": 139,
    "createDate": 1399104996135,
    "fellowPlayers": [
      {
        "summonerId": 41095484,
        "teamId": 100,
        "championId": 61
      },
      {
        "summonerId": 39837557,
        "teamId": 100,
        "championId": 22
      },
      {
        "summonerId": 27153711,
        "teamId": 100,
        "championId": 106
      },
      {
        "summonerId": 21574633,
        "teamId": 200,
        "championId": 19
      },
      {
        "summonerId": 35344978,
        "teamId": 100,
        "championId": 62
      },
      {
        "summonerId": 30411402,
        "teamId": 200,
        "championId": 10
      },
      {
        "summonerId": 40200596,
        "teamId": 100,
        "championId": 89
      },
      {
        "summonerId": 39833768,
        "teamId": 200,
        "championId": 222
      },
      {
        "summonerId": 31163130,
        "teamId": 200,
        "championId": 11
      }
    ],
    "stats": {
      "level": 17,
      "goldEarned": 10788,
      "numDeaths": 10,
      "minionsKilled": 151,
      "championsKilled": 4,
      "goldSpent": 9610,
      "totalDamageDealt": 131356,
      "totalDamageTaken": 31370,
      "killingSprees": 1,
      "largestKillingSpree": 2,
      "team": 200,
      "win": false,
      "neutralMinionsKilled": 14,
      "largestMultiKill": 1,
      "physicalDamageDealtPlayer": 123693,
      "magicDamageDealtPlayer": 6294,
      "physicalDamageTaken": 19233,
      "magicDamageTaken": 11316,
      "timePlayed": 2325,
      "totalHeal": 724,
      "totalUnitsHealed": 1,
      "assists": 7,
      "item0": 3153,
      "item1": 3071,
      "item2": 3111,
      "item3": 1031,
      "item4": 1057,
      "item6": 3340,
      "magicDamageDealtToChampions": 955,
      "physicalDamageDealtToChampions": 18033,
      "totalDamageDealtToChampions": 20357,
      "trueDamageDealtPlayer": 1368,
      "trueDamageDealtToChampions": 1368,
      "trueDamageTaken": 820,
      "wardPlaced": 35,
      "neutralMinionsKilledEnemyJungle": 2,
      "neutralMinionsKilledYourJungle": 12,
      "totalTimeCrowdControlDealt": 191
    }
  },
  "21574633": {
    "gameId": 824854141,
    "invalid": false,
    "gameMode": "CLASSIC",
    "gameType": "MATCHED_GAME",
    "subType": "CAP_5x5",
    "mapId": 1,
    "teamId": 200,
    "championId": 19,
    "spell1": 14,
    "spell2": 12,
    "level": 30,
    "ipEarned": 69,
    "createDate": 1399104996137,
    "fellowPlayers": [
      {
        "summonerId": 41095484,
        "teamId": 100,
        "championId": 61
      },
      {
        "summonerId": 39837557,
        "teamId": 100,
        "championId": 22
      },
      {
        "summonerId": 27153711,
        "teamId": 100,
        "championId": 106
      },
      {
        "summonerId": 33563083,
        "teamId": 200,
        "championId": 238
      },
      {
        "summonerId": 35344978,
        "teamId": 100,
        "championId": 62
      },
      {
        "summonerId": 30411402,
        "teamId": 200,
        "championId": 10
      },
      {
        "summonerId": 40200596,
        "teamId": 100,
        "championId": 89
      },
      {
        "summonerId": 39833768,
        "teamId": 200,
        "championId": 222
      },
      {
        "summonerId": 31163130,
        "teamId": 200,
        "championId": 11
      }
    ],
    "stats": {
      "level": 16,
      "goldEarned": 9147,
      "numDeaths": 9,
      "minionsKilled": 94,
      "goldSpent": 11300,
      "totalDamageDealt": 67454,
      "totalDamageTaken": 44625,
      "team": 200,
      "win": false,
      "physicalDamageDealtPlayer": 40899,
      "magicDamageDealtPlayer": 24965,
      "physicalDamageTaken": 31720,
      "magicDamageTaken": 12151,
      "timePlayed": 2325,
      "totalHeal": 12628,
      "totalUnitsHealed": 1,
      "assists": 12,
      "item0": 1001,
      "item1": 3083,
      "item2": 3068,
      "item3": 3144,
      "item6": 3340,
      "magicDamageDealtToChampions": 11106,
      "physicalDamageDealtToChampions": 2656,
      "totalDamageDealtToChampions": 15260,
      "trueDamageDealtPlayer": 1590,
      "trueDamageDealtToChampions": 1498,
      "trueDamageTaken": 754,
      "wardPlaced": 7,
      "totalTimeCrowdControlDealt": 40
    }
  }
}