{
  "36084502": {
    "gameId": 824831360,
    "invalid": false,
    "gameMode": "CLASSIC",
    "gameType": "MATCHED_GAME",
    "subType": "CAP_5x5",
    "mapId": 1,
    "teamId": 100,
    "championId": 29,
    "spell1": 21,
    "spell2": 4,
    "level": 30,
    "ipEarned": 51,
    "createDate": 1399031254123,
    "fellowPlayers": [
      {
        "summonerId": 30333755,
        "teamId": 200,
        "championId": 11
      },
      {
        "summonerId": 40779843,
        "teamId": 100,
        "championId": 161
      },
      {
        "summonerId": 30864285,
        "teamId": 200,
        "championId": 133
      },
      {
        "summonerId": 36243635,
        "teamId": 200,
        "championId": 9
      },
      {
        "summonerId": 37576421,
        "teamId": 100,
        "championId": 58
      },
      {
        "summonerId": 36077975,
        "teamId": 100,
        "championId": 64
      },
      {
        "summonerId": 34173092,
        "teamId": 100,
        "championId": 117
      },
      {
        "summonerId": 23510706,
        "teamId": 200,
        "championId": 48
      },
      {
        "summonerId": 29604704,
        "teamId": 200,
        "championId": 4
      }
    ],
    "stats": {
      "level": 9,
      "goldEarned": 4221,
      "numDeaths": 10,
      "minionsKilled": 47,
      "championsKilled": 1,
      "goldSpent": 3655,
      "totalDamageDealt": 25258,
      "totalDamageTaken": 11984,
      "team": 100,
      "win": false,
      "largestMultiKill": 1,
      "physicalDamageDealtPlayer": 22918,
      "physicalDamageTaken": 7995,
      "magicDamageTaken": 3851,
      "timePlayed": 1317,
      "totalHeal": 436,
      "totalUnitsHealed": 1,
      "assists": 2,
      "item0": 1055,
      "item1": 1037,
      "item3": 3144,
      "item4": 1042,
      "item5": 1042,
      "item6": 3340,
      "physicalDamageDealtToChampions": 4486,
      "totalDamageDealtToChampions": 5704,
      "trueDamageDealtPlayer": 2340,
      "trueDamageDealtToChampions": 1218,
      "trueDamageTaken": 138,
      "wardPlaced": 3,
      "totalTimeCrowdControlDealt": 102
    }
  },
  "summonerCount": 10,
  "36077975": {
    "gameId": 824831360,
    "invalid": false,
    "gameMode": "CLASSIC",
    "gameType": "MATCHED_GAME",
    "subType": "CAP_5x5",
    "mapId": 1,
    "teamId": 100,
    "championId": 64,
    "spell1": 11,
    "spell2": 4,
    "level": 30,
    "ipEarned": 51,
    "createDate": 1399031254118,
    "fellowPlayers": [
      {
        "summonerId": 30333755,
        "teamId": 200,
        "championId": 11
      },
      {
        "summonerId": 40779843,
        "teamId": 100,
        "championId": 161
      },
      {
        "summonerId": 30864285,
        "teamId": 200,
        "championId": 133
      },
      {
        "summonerId": 36243635,
        "teamId": 200,
        "championId": 9
      },
      {
        "summonerId": 37576421,
        "teamId": 100,
        "championId": 58
      },
      {
        "summonerId": 36084502,
        "teamId": 100,
        "championId": 29
      },
      {
        "summonerId": 34173092,
        "teamId": 100,
        "championId": 117
      },
      {
        "summonerId": 23510706,
        "teamId": 200,
        "championId": 48
      },
      {
        "summonerId": 29604704,
        "teamId": 200,
        "championId": 4
      }
    ],
    "stats": {
      "level": 12,
      "goldEarned": 6243,
      "numDeaths": 1,
      "minionsKilled": 22,
      "championsKilled": 3,
      "goldSpent": 5975,
      "totalDamageDealt": 77809,
      "totalDamageTaken": 12001,
      "killingSprees": 1,
      "largestKillingSpree": 3,
      "team": 100,
      "win": false,
      "neutralMinionsKilled": 63,
      "largestMultiKill": 1,
      "physicalDamageDealtPlayer": 40266,
      "magicDamageDealtPlayer": 27218,
      "physicalDamageTaken": 8245,
      "magicDamageTaken": 3686,
      "timePlayed": 1317,
      "totalHeal": 2286,
      "totalUnitsHealed": 1,
      "assists": 2,
      "item0": 3154,
      "item1": 2003,
      "item2": 3047,
      "item3": 3143,
      "item6": 3341,
      "magicDamageDealtToChampions": 914,
      "physicalDamageDealtToChampions": 3212,
      "totalDamageDealtToChampions": 4211,
      "trueDamageDealtPlayer": 10324,
      "trueDamageDealtToChampions": 84,
      "trueDamageTaken": 70,
      "wardPlaced": 3,
      "neutralMinionsKilledEnemyJungle": 4,
      "neutralMinionsKilledYourJungle": 59,
      "totalTimeCrowdControlDealt": 729
    }
  },
  "37576421": {
    "gameId": 824831360,
    "invalid": false,
    "gameMode": "CLASSIC",
    "gameType": "MATCHED_GAME",
    "subType": "CAP_5x5",
    "mapId": 1,
    "teamId": 100,
    "championId": 58,
    "spell1": 14,
    "spell2": 4,
    "level": 30,
    "ipEarned": 51,
    "createDate": 1399031254119,
    "fellowPlayers": [
      {
        "summonerId": 30333755,
        "teamId": 200,
        "championId": 11
      },
      {
        "summonerId": 40779843,
        "teamId": 100,
        "championId": 161
      },
      {
        "summonerId": 30864285,
        "teamId": 200,
        "championId": 133
      },
      {
        "summonerId": 36243635,
        "teamId": 200,
        "championId": 9
      },
      {
        "summonerId": 36084502,
        "teamId": 100,
        "championId": 29
      },
      {
        "summonerId": 36077975,
        "teamId": 100,
        "championId": 64
      },
      {
        "summonerId": 34173092,
        "teamId": 100,
        "championId": 117
      },
      {
        "summonerId": 23510706,
        "teamId": 200,
        "championId": 48
      },
      {
        "summonerId": 29604704,
        "teamId": 200,
        "championId": 4
      }
    ],
    "stats": {
      "level": 11,
      "goldEarned": 5180,
      "numDeaths": 4,
      "minionsKilled": 98,
      "championsKilled": 2,
      "goldSpent": 4880,
      "totalDamageDealt": 43911,
      "totalDamageTaken": 14409,
      "team": 100,
      "win": false,
      "largestMultiKill": 1,
      "physicalDamageDealtPlayer": 37251,
      "magicDamageDealtPlayer": 6429,
      "physicalDamageTaken": 9395,
      "magicDamageTaken": 3766,
      "timePlayed": 1317,
      "totalHeal": 1815,
      "totalUnitsHealed": 1,
      "item0": 1054,
      "item1": 2003,
      "item2": 3068,
      "item3": 3117,
      "item4": 3067,
      "item6": 3340,
      "magicDamageDealtToChampions": 1000,
      "physicalDamageDealtToChampions": 2770,
      "totalDamageDealtToChampions": 4001,
      "trueDamageDealtPlayer": 230,
      "trueDamageDealtToChampions": 230,
      "trueDamageTaken": 1248,
      "wardPlaced": 3,
      "totalTimeCrowdControlDealt": 11
    }
  },
  "36243635": {
    "gameId": 824831360,
    "invalid": false,
    "gameMode": "CLASSIC",
    "gameType": "MATCHED_GAME",
    "subType": "CAP_5x5",
    "mapId": 1,
    "teamId": 200,
    "championId": 9,
    "spell1": 4,
    "spell2": 3,
    "level": 30,
    "ipEarned": 226,
    "createDate": 1399031254126,
    "fellowPlayers": [
      {
        "summonerId": 30333755,
        "teamId": 200,
        "championId": 11
      },
      {
        "summonerId": 40779843,
        "teamId": 100,
        "championId": 161
      },
      {
        "summonerId": 30864285,
        "teamId": 200,
        "championId": 133
      },
      {
        "summonerId": 37576421,
        "teamId": 100,
        "championId": 58
      },
      {
        "summonerId": 36084502,
        "teamId": 100,
        "championId": 29
      },
      {
        "summonerId": 36077975,
        "teamId": 100,
        "championId": 64
      },
      {
        "summonerId": 34173092,
        "teamId": 100,
        "championId": 117
      },
      {
        "summonerId": 23510706,
        "teamId": 200,
        "championId": 48
      },
      {
        "summonerId": 29604704,
        "teamId": 200,
        "championId": 4
      }
    ],
    "stats": {
      "level": 11,
      "goldEarned": 6695,
      "numDeaths": 2,
      "minionsKilled": 36,
      "goldSpent": 6400,
      "totalDamageDealt": 32880,
      "totalDamageTaken": 9163,
      "team": 200,
      "win": true,
      "neutralMinionsKilled": 1,
      "physicalDamageDealtPlayer": 3895,
      "magicDamageDealtPlayer": 28985,
      "physicalDamageTaken": 6736,
      "magicDamageTaken": 1741,
      "timePlayed": 1317,
      "totalHeal": 4704,
      "totalUnitsHealed": 1,
      "assists": 12,
      "item0": 3301,
      "item1": 3020,
      "item2": 3157,
      "item3": 1058,
      "item6": 3340,
      "sightWardsBought": 1,
      "magicDamageDealtToChampions": 7447,
      "physicalDamageDealtToChampions": 290,
      "totalDamageDealtToChampions": 7738,
      "trueDamageTaken": 686,
      "wardPlaced": 8,
      "neutralMinionsKilledEnemyJungle": 1,
      "totalTimeCrowdControlDealt": 167
    }
  },
  "34173092": {
    "gameId": 824831360,
    "invalid": false,
    "gameMode": "CLASSIC",
    "gameType": "MATCHED_GAME",
    "subType": "CAP_5x5",
    "mapId": 1,
    "teamId": 100,
    "championId": 117,
    "spell1": 4,
    "spell2": 14,
    "level": 30,
    "ipEarned": 51,
    "createDate": 1399031254121,
    "fellowPlayers": [
      {
        "summonerId": 30333755,
        "teamId": 200,
        "championId": 11
      },
      {
        "summonerId": 40779843,
        "teamId": 100,
        "championId": 161
      },
      {
        "summonerId": 30864285,
        "teamId": 200,
        "championId": 133
      },
      {
        "summonerId": 36243635,
        "teamId": 200,
        "championId": 9
      },
      {
        "summonerId": 37576421,
        "teamId": 100,
        "championId": 58
      },
      {
        "summonerId": 36084502,
        "teamId": 100,
        "championId": 29
      },
      {
        "summonerId": 36077975,
        "teamId": 100,
        "championId": 64
      },
      {
        "summonerId": 23510706,
        "teamId": 200,
        "championId": 48
      },
      {
        "summonerId": 29604704,
        "teamId": 200,
        "championId": 4
      }
    ],
    "stats": {
      "level": 6,
      "goldEarned": 3561,
      "numDeaths": 7,
      "minionsKilled": 14,
      "goldSpent": 3405,
      "totalDamageDealt": 6681,
      "totalDamageTaken": 9296,
      "team": 100,
      "win": false,
      "neutralMinionsKilled": 1,
      "physicalDamageDealtPlayer": 2411,
      "magicDamageDealtPlayer": 4270,
      "physicalDamageTaken": 6684,
      "magicDamageTaken": 2611,
      "timePlayed": 1317,
      "assists": 2,
      "item0": 1056,
      "item1": 2003,
      "item2": 3151,
      "item6": 3340,
      "magicDamageDealtToChampions": 1283,
      "physicalDamageDealtToChampions": 467,
      "totalDamageDealtToChampions": 1750,
      "neutralMinionsKilledYourJungle": 1,
      "totalTimeCrowdControlDealt": 48
    }
  },
  "30333755": {
    "gameId": 824831360,
    "invalid": false,
    "gameMode": "CLASSIC",
    "gameType": "MATCHED_GAME",
    "subType": "CAP_5x5",
    "mapId": 1,
    "teamId": 200,
    "championId": 11,
    "spell1": 4,
    "spell2": 14,
    "level": 30,
    "ipEarned": 76,
    "createDate": 1399031254125,
    "fellowPlayers": [
      {
        "summonerId": 40779843,
        "teamId": 100,
        "championId": 161
      },
      {
        "summonerId": 30864285,
        "teamId": 200,
        "championId": 133
      },
      {
        "summonerId": 36243635,
        "teamId": 200,
        "championId": 9
      },
      {
        "summonerId": 37576421,
        "teamId": 100,
        "championId": 58
      },
      {
        "summonerId": 36084502,
        "teamId": 100,
        "championId": 29
      },
      {
        "summonerId": 36077975,
        "teamId": 100,
        "championId": 64
      },
      {
        "summonerId": 34173092,
        "teamId": 100,
        "championId": 117
      },
      {
        "summonerId": 23510706,
        "teamId": 200,
        "championId": 48
      },
      {
        "summonerId": 29604704,
        "teamId": 200,
        "championId": 4
      }
    ],
    "stats": {
      "level": 13,
      "goldEarned": 7794,
      "numDeaths": 3,
      "turretsKilled": 2,
      "minionsKilled": 120,
      "championsKilled": 3,
      "goldSpent": 5845,
      "totalDamageDealt": 96673,
      "totalDamageTaken": 10064,
      "killingSprees": 1,
      "largestKillingSpree": 2,
      "team": 200,
      "win": true,
      "neutralMinionsKilled": 16,
      "largestMultiKill": 1,
      "physicalDamageDealtPlayer": 93570,
      "physicalDamageTaken": 8794,
      "magicDamageTaken": 1046,
      "largestCriticalStrike": 684,
      "timePlayed": 1317,
      "totalHeal": 1249,
      "totalUnitsHealed": 1,
      "assists": 4,
      "item0": 1055,
      "item1": 3072,
      "item2": 3006,
      "item3": 3093,
      "item4": 1042,
      "item6": 3340,
      "physicalDamageDealtToChampions": 8030,
      "totalDamageDealtToChampions": 9454,
      "trueDamageDealtPlayer": 3103,
      "trueDamageDealtToChampions": 1424,
      "trueDamageTaken": 224,
      "wardPlaced": 6,
      "neutralMinionsKilledEnemyJungle": 5,
      "neutralMinionsKilledYourJungle": 11,
      "totalTimeCrowdControlDealt": 99
    }
  },
  "23510706": {
    "gameId": 824831360,
    "invalid": false,
    "gameMode": "CLASSIC",
    "gameType": "MATCHED_GAME",
    "subType": "CAP_5x5",
    "mapId": 1,
    "teamId": 200,
    "championId": 48,
    "spell1": 11,
    "spell2": 4,
    "level": 30,
    "ipEarned": 76,
    "createDate": 1399031254129,
    "fellowPlayers": [
      {
        "summonerId": 30333755,
        "teamId": 200,
        "championId": 11
      },
      {
        "summonerId": 40779843,
        "teamId": 100,
        "championId": 161
      },
      {
        "summonerId": 30864285,
        "teamId": 200,
        "championId": 133
      },
      {
        "summonerId": 36243635,
        "teamId": 200,
        "championId": 9
      },
      {
        "summonerId": 37576421,
        "teamId": 100,
        "championId": 58
      },
      {
        "summonerId": 36084502,
        "teamId": 100,
        "championId": 29
      },
      {
        "summonerId": 36077975,
        "teamId": 100,
        "championId": 64
      },
      {
        "summonerId": 34173092,
        "teamId": 100,
        "championId": 117
      },
      {
        "summonerId": 29604704,
        "teamId": 200,
        "championId": 4
      }
    ],
    "stats": {
      "level": 12,
      "goldEarned": 7647,
      "numDeaths": 2,
      "turretsKilled": 1,
      "minionsKilled": 12,
      "championsKilled": 2,
      "goldSpent": 7330,
      "totalDamageDealt": 102339,
      "totalDamageTaken": 17528,
      "killingSprees": 1,
      "largestKillingSpree": 2,
      "team": 200,
      "win": true,
      "neutralMinionsKilled": 86,
      "largestMultiKill": 1,
      "physicalDamageDealtPlayer": 89712,
      "magicDamageDealtPlayer": 1980,
      "physicalDamageTaken": 14581,
      "magicDamageTaken": 2113,
      "timePlayed": 1317,
      "totalHeal": 6918,
      "totalUnitsHealed": 1,
      "assists": 7,
      "item0": 3207,
      "item1": 3153,
      "item2": 3047,
      "item3": 3067,
      "item6": 3340,
      "magicDamageDealtToChampions": 786,
      "physicalDamageDealtToChampions": 3970,
      "totalDamageDealtToChampions": 5144,
      "trueDamageDealtPlayer": 10646,
      "trueDamageDealtToChampions": 388,
      "trueDamageTaken": 833,
      "wardPlaced": 4,
      "neutralMinionsKilledEnemyJungle": 6,
      "neutralMinionsKilledYourJungle": 80,
      "totalTimeCrowdControlDealt": 457
    }
  },
  "30864285": {
    "gameId": 824831360,
    "invalid": false,
    "gameMode": "CLASSIC",
    "gameType": "MATCHED_GAME",
    "subType": "CAP_5x5",
    "mapId": 1,
    "teamId": 200,
    "championId": 133,
    "spell1": 7,
    "spell2": 4,
    "level": 30,
    "ipEarned": 76,
    "createDate": 1399031254128,
    "fellowPlayers": [
      {
        "summonerId": 30333755,
        "teamId": 200,
        "championId": 11
      },
      {
        "summonerId": 40779843,
        "teamId": 100,
        "championId": 161
      },
      {
        "summonerId": 36243635,
        "teamId": 200,
        "championId": 9
      },
      {
        "summonerId": 37576421,
        "teamId": 100,
        "championId": 58
      },
      {
        "summonerId": 36084502,
        "teamId": 100,
        "championId": 29
      },
      {
        "summonerId": 36077975,
        "teamId": 100,
        "championId": 64
      },
      {
        "summonerId": 34173092,
        "teamId": 100,
        "championId": 117
      },
      {
        "summonerId": 23510706,
        "teamId": 200,
        "championId": 48
      },
      {
        "summonerId": 29604704,
        "teamId": 200,
        "championId": 4
      }
    ],
    "stats": {
      "level": 13,
      "goldEarned": 9935,
      "turretsKilled": 2,
      "minionsKilled": 122,
      "championsKilled": 15,
      "goldSpent": 7540,
      "totalDamageDealt": 78411,
      "totalDamageTaken": 5830,
      "doubleKills": 3,
      "killingSprees": 1,
      "largestKillingSpree": 15,
      "team": 200,
      "win": true,
      "neutralMinionsKilled": 3,
      "largestMultiKill": 2,
      "physicalDamageDealtPlayer": 74550,
      "magicDamageDealtPlayer": 3860,
      "physicalDamageTaken": 4298,
      "magicDamageTaken": 1038,
      "largestCriticalStrike": 637,
      "timePlayed": 1317,
      "totalHeal": 1269,
      "totalUnitsHealed": 2,
      "assists": 2,
      "item0": 1055,
      "item1": 3072,
      "item2": 3006,
      "item3": 3087,
      "item4": 1036,
      "item6": 3340,
      "magicDamageDealtToChampions": 530,
      "physicalDamageDealtToChampions": 16775,
      "totalDamageDealtToChampions": 17306,
      "trueDamageTaken": 494,
      "wardPlaced": 5,
      "neutralMinionsKilledEnemyJungle": 3,
      "totalTimeCrowdControlDealt": 119
    }
  },
  "29604704": {
    "gameId": 824831360,
    "invalid": false,
    "gameMode": "CLASSIC",
    "gameType": "MATCHED_GAME",
    "subType": "CAP_5x5",
    "mapId": 1,
    "teamId": 200,
    "championId": 4,
    "spell1": 4,
    "spell2": 14,
    "level": 30,
    "ipEarned": 226,
    "createDate": 1399031254124,
    "fellowPlayers": [
      {
        "summonerId": 30333755,
        "teamId": 200,
        "championId": 11
      },
      {
        "summonerId": 40779843,
        "teamId": 100,
        "championId": 161
      },
      {
        "summonerId": 30864285,
        "teamId": 200,
        "championId": 133
      },
      {
        "summonerId": 36243635,
        "teamId": 200,
        "championId": 9
      },
      {
        "summonerId": 37576421,
        "teamId": 100,
        "championId": 58
      },
      {
        "summonerId": 36084502,
        "teamId": 100,
        "championId": 29
      },
      {
        "summonerId": 36077975,
        "teamId": 100,
        "championId": 64
      },
      {
        "summonerId": 34173092,
        "teamId": 100,
        "championId": 117
      },
      {
        "summonerId": 23510706,
        "teamId": 200,
        "championId": 48
      }
    ],
    "stats": {
      "level": 13,
      "goldEarned": 9524,
      "numDeaths": 1,
      "turretsKilled": 2,
      "minionsKilled": 96,
      "championsKilled": 11,
      "goldSpent": 9170,
      "totalDamageDealt": 69420,
      "totalDamageTaken": 6910,
      "killingSprees": 2,
      "largestKillingSpree": 9,
      "team": 200,
      "win": true,
      "largestMultiKill": 1,
      "physicalDamageDealtPlayer": 8973,
      "magicDamageDealtPlayer": 60077,
      "physicalDamageTaken": 3257,
      "magicDamageTaken": 2920,
      "timePlayed": 1317,
      "assists": 2,
      "item0": 1056,
      "item1": 3100,
      "item2": 3020,
      "item3": 3089,
      "item4": 3191,
      "item6": 3340,
      "magicDamageDealtToChampions": 10777,
      "physicalDamageDealtToChampions": 757,
      "totalDamageDealtToChampions": 11904,
      "trueDamageDealtPlayer": 370,
      "trueDamageDealtToChampions": 370,
      "trueDamageTaken": 733,
      "wardPlaced": 5,
      "totalTimeCrowdControlDealt": 176
    }
  },
  "40779843": {
    "gameId": 824831360,
    "invalid": false,
    "gameMode": "CLASSIC",
    "gameType": "MATCHED_GAME",
    "subType": "CAP_5x5",
    "mapId": 1,
    "teamId": 100,
    "championId": 161,
    "spell1": 4,
    "spell2": 14,
    "level": 30,
    "ipEarned": 51,
    "createDate": 1399031254120,
    "fellowPlayers": [
      {
        "summonerId": 30333755,
        "teamId": 200,
        "championId": 11
      },
      {
        "summonerId": 30864285,
        "teamId": 200,
        "championId": 133
      },
      {
        "summonerId": 36243635,
        "teamId": 200,
        "championId": 9
      },
      {
        "summonerId": 37576421,
        "teamId": 100,
        "championId": 58
      },
      {
        "summonerId": 36084502,
        "teamId": 100,
        "championId": 29
      },
      {
        "summonerId": 36077975,
        "teamId": 100,
        "championId": 64
      },
      {
        "summonerId": 34173092,
        "teamId": 100,
        "championId": 117
      },
      {
        "summonerId": 23510706,
        "teamId": 200,
        "championId": 48
      },
      {
        "summonerId": 29604704,
        "teamId": 200,
        "championId": 4
      }
    ],
    "stats": {
      "level": 11,
      "goldEarned": 4803,
      "numDeaths": 10,
      "minionsKilled": 57,
      "championsKilled": 2,
      "goldSpent": 4645,
      "totalDamageDealt": 36821,
      "totalDamageTaken": 13882,
      "team": 100,
      "win": false,
      "neutralMinionsKilled": 1,
      "largestMultiKill": 1,
      "physicalDamageDealtPlayer": 7900,
      "magicDamageDealtPlayer": 25338,
      "physicalDamageTaken": 7530,
      "magicDamageTaken": 5626,
      "timePlayed": 1317,
      "assists": 2,
      "item0": 3174,
      "item1": 1026,
      "item3": 1052,
      "item4": 1056,
      "item6": 3340,
      "magicDamageDealtToChampions": 5660,
      "physicalDamageDealtToChampions": 789,
      "totalDamageDealtToChampions": 7887,
      "trueDamageDealtPlayer": 3583,
      "trueDamageDealtToChampions": 1438,
      "trueDamageTaken": 726,
      "wardPlaced": 5,
      "neutralMinionsKilledYourJungle": 1,
      "totalTimeCrowdControlDealt": 104
    }
  }
}