{
  "41032183": {
    "gameId": 824960998,
    "invalid": false,
    "gameMode": "CLASSIC",
    "gameType": "MATCHED_GAME",
    "subType": "CAP_5x5",
    "mapId": 1,
    "teamId": 200,
    "championId": 40,
    "spell1": 3,
    "spell2": 4,
    "level": 30,
    "ipEarned": 60,
    "createDate": 1399031827889,
    "fellowPlayers": [
      {
        "summonerId": 23871461,
        "teamId": 100,
        "championId": 23
      },
      {
        "summonerId": 36666550,
        "teamId": 200,
        "championId": 222
      },
      {
        "summonerId": 35772455,
        "teamId": 100,
        "championId": 67
      },
      {
        "summonerId": 38039010,
        "teamId": 200,
        "championId": 120
      },
      {
        "summonerId": 26873262,
        "teamId": 100,
        "championId": 61
      },
      {
        "summonerId": 38276924,
        "teamId": 200,
        "championId": 115
      },
      {
        "summonerId": 34940569,
        "teamId": 100,
        "championId": 121
      },
      {
        "summonerId": 28628476,
        "teamId": 200,
        "championId": 17
      },
      {
        "summonerId": 32467191,
        "teamId": 100,
        "championId": 267
      }
    ],
    "stats": {
      "level": 12,
      "goldEarned": 7962,
      "numDeaths": 8,
      "turretsKilled": 1,
      "minionsKilled": 8,
      "championsKilled": 2,
      "goldSpent": 6850,
      "totalDamageDealt": 12573,
      "totalDamageTaken": 17689,
      "killingSprees": 1,
      "largestKillingSpree": 2,
      "team": 200,
      "win": false,
      "largestMultiKill": 1,
      "physicalDamageDealtPlayer": 4811,
      "magicDamageDealtPlayer": 7537,
      "physicalDamageTaken": 11991,
      "magicDamageTaken": 4459,
      "timePlayed": 1892,
      "totalHeal": 3342,
      "totalUnitsHealed": 15,
      "assists": 7,
      "item0": 3222,
      "item1": 3098,
      "item6": 3341,
      "sightWardsBought": 5,
      "visionWardsBought": 1,
      "magicDamageDealtToChampions": 4413,
      "physicalDamageDealtToChampions": 1294,
      "totalDamageDealtToChampions": 5932,
      "trueDamageDealtPlayer": 224,
      "trueDamageDealtToChampions": 224,
      "trueDamageTaken": 1238,
      "wardKilled": 2,
      "wardPlaced": 18,
      "totalTimeCrowdControlDealt": 144
    }
  },
  "summonerCount": 10,
  "36666550": {
    "gameId": 824960998,
    "invalid": false,
    "gameMode": "CLASSIC",
    "gameType": "MATCHED_GAME",
    "subType": "CAP_5x5",
    "mapId": 1,
    "teamId": 200,
    "championId": 222,
    "spell1": 4,
    "spell2": 7,
    "level": 30,
    "ipEarned": 60,
    "createDate": 1399031827888,
    "fellowPlayers": [
      {
        "summonerId": 23871461,
        "teamId": 100,
        "championId": 23
      },
      {
        "summonerId": 41032183,
        "teamId": 200,
        "championId": 40
      },
      {
        "summonerId": 35772455,
        "teamId": 100,
        "championId": 67
      },
      {
        "summonerId": 38039010,
        "teamId": 200,
        "championId": 120
      },
      {
        "summonerId": 26873262,
        "teamId": 100,
        "championId": 61
      },
      {
        "summonerId": 38276924,
        "teamId": 200,
        "championId": 115
      },
      {
        "summonerId": 34940569,
        "teamId": 100,
        "championId": 121
      },
      {
        "summonerId": 28628476,
        "teamId": 200,
        "championId": 17
      },
      {
        "summonerId": 32467191,
        "teamId": 100,
        "championId": 267
      }
    ],
    "stats": {
      "level": 13,
      "goldEarned": 9063,
      "numDeaths": 8,
      "minionsKilled": 151,
      "championsKilled": 4,
      "goldSpent": 8600,
      "totalDamageDealt": 107998,
      "totalDamageTaken": 22535,
      "killingSprees": 1,
      "largestKillingSpree": 2,
      "team": 200,
      "win": false,
      "neutralMinionsKilled": 5,
      "largestMultiKill": 1,
      "physicalDamageDealtPlayer": 105939,
      "magicDamageDealtPlayer": 1895,
      "physicalDamageTaken": 16035,
      "magicDamageTaken": 4690,
      "largestCriticalStrike": 490,
      "timePlayed": 1892,
      "totalHeal": 3545,
      "totalUnitsHealed": 4,
      "assists": 6,
      "item0": 3006,
      "item1": 3072,
      "item2": 1055,
      "item3": 2003,
      "item4": 3046,
      "item5": 1037,
      "item6": 3340,
      "magicDamageDealtToChampions": 965,
      "physicalDamageDealtToChampions": 16991,
      "totalDamageDealtToChampions": 18065,
      "trueDamageDealtPlayer": 164,
      "trueDamageDealtToChampions": 108,
      "trueDamageTaken": 1809,
      "wardPlaced": 5,
      "neutralMinionsKilledEnemyJungle": 1,
      "neutralMinionsKilledYourJungle": 4,
      "totalTimeCrowdControlDealt": 108
    }
  },
  "34940569": {
    "gameId": 824960998,
    "invalid": false,
    "gameMode": "CLASSIC",
    "gameType": "MATCHED_GAME",
    "subType": "CAP_5x5",
    "mapId": 1,
    "teamId": 100,
    "championId": 121,
    "spell1": 4,
    "spell2": 11,
    "level": 30,
    "ipEarned": 89,
    "createDate": 1399031827878,
    "fellowPlayers": [
      {
        "summonerId": 23871461,
        "teamId": 100,
        "championId": 23
      },
      {
        "summonerId": 41032183,
        "teamId": 200,
        "championId": 40
      },
      {
        "summonerId": 36666550,
        "teamId": 200,
        "championId": 222
      },
      {
        "summonerId": 35772455,
        "teamId": 100,
        "championId": 67
      },
      {
        "summonerId": 38039010,
        "teamId": 200,
        "championId": 120
      },
      {
        "summonerId": 26873262,
        "teamId": 100,
        "championId": 61
      },
      {
        "summonerId": 38276924,
        "teamId": 200,
        "championId": 115
      },
      {
        "summonerId": 28628476,
        "teamId": 200,
        "championId": 17
      },
      {
        "summonerId": 32467191,
        "teamId": 100,
        "championId": 267
      }
    ],
    "stats": {
      "level": 16,
      "goldEarned": 11869,
      "numDeaths": 6,
      "turretsKilled": 2,
      "minionsKilled": 15,
      "championsKilled": 10,
      "goldSpent": 8745,
      "totalDamageDealt": 119750,
      "totalDamageTaken": 26729,
      "doubleKills": 1,
      "killingSprees": 2,
      "largestKillingSpree": 4,
      "team": 100,
      "win": true,
      "neutralMinionsKilled": 77,
      "largestMultiKill": 2,
      "physicalDamageDealtPlayer": 99750,
      "magicDamageDealtPlayer": 2405,
      "physicalDamageTaken": 19306,
      "magicDamageTaken": 6595,
      "timePlayed": 1892,
      "totalHeal": 8033,
      "totalUnitsHealed": 1,
      "assists": 8,
      "item0": 3209,
      "item1": 3143,
      "item2": 3155,
      "item3": 3265,
      "item6": 3340,
      "visionWardsBought": 3,
      "magicDamageDealtToChampions": 1745,
      "physicalDamageDealtToChampions": 12329,
      "totalDamageDealtToChampions": 15679,
      "trueDamageDealtPlayer": 17594,
      "trueDamageDealtToChampions": 1604,
      "trueDamageTaken": 827,
      "wardKilled": 1,
      "wardPlaced": 9,
      "neutralMinionsKilledEnemyJungle": 15,
      "neutralMinionsKilledYourJungle": 62,
      "totalTimeCrowdControlDealt": 795
    }
  },
  "23871461": {
    "gameId": 824960998,
    "invalid": false,
    "gameMode": "CLASSIC",
    "gameType": "MATCHED_GAME",
    "subType": "CAP_5x5",
    "mapId": 1,
    "teamId": 100,
    "championId": 23,
    "spell1": 14,
    "spell2": 4,
    "level": 30,
    "ipEarned": 89,
    "createDate": 1399031827877,
    "fellowPlayers": [
      {
        "summonerId": 41032183,
        "teamId": 200,
        "championId": 40
      },
      {
        "summonerId": 36666550,
        "teamId": 200,
        "championId": 222
      },
      {
        "summonerId": 35772455,
        "teamId": 100,
        "championId": 67
      },
      {
        "summonerId": 38039010,
        "teamId": 200,
        "championId": 120
      },
      {
        "summonerId": 26873262,
        "teamId": 100,
        "championId": 61
      },
      {
        "summonerId": 38276924,
        "teamId": 200,
        "championId": 115
      },
      {
        "summonerId": 34940569,
        "teamId": 100,
        "championId": 121
      },
      {
        "summonerId": 28628476,
        "teamId": 200,
        "championId": 17
      },
      {
        "summonerId": 32467191,
        "teamId": 100,
        "championId": 267
      }
    ],
    "stats": {
      "level": 18,
      "goldEarned": 13211,
      "numDeaths": 2,
      "turretsKilled": 2,
      "minionsKilled": 209,
      "championsKilled": 7,
      "goldSpent": 11710,
      "totalDamageDealt": 151929,
      "totalDamageTaken": 27575,
      "killingSprees": 2,
      "largestKillingSpree": 3,
      "team": 100,
      "win": true,
      "neutralMinionsKilled": 10,
      "largestMultiKill": 1,
      "physicalDamageDealtPlayer": 129759,
      "magicDamageDealtPlayer": 21146,
      "physicalDamageTaken": 12336,
      "magicDamageTaken": 15086,
      "largestCriticalStrike": 774,
      "timePlayed": 1892,
      "totalHeal": 8551,
      "totalUnitsHealed": 1,
      "assists": 8,
      "item0": 3153,
      "item1": 3087,
      "item2": 3006,
      "item3": 3031,
      "item4": 1036,
      "item5": 2003,
      "item6": 3340,
      "magicDamageDealtToChampions": 1567,
      "physicalDamageDealtToChampions": 12020,
      "totalDamageDealtToChampions": 14515,
      "trueDamageDealtPlayer": 1023,
      "trueDamageDealtToChampions": 927,
      "trueDamageTaken": 151,
      "wardPlaced": 7,
      "neutralMinionsKilledEnemyJungle": 4,
      "neutralMinionsKilledYourJungle": 6,
      "totalTimeCrowdControlDealt": 258
    }
  },
  "32467191": {
    "gameId": 824960998,
    "invalid": false,
    "gameMode": "CLASSIC",
    "gameType": "MATCHED_GAME",
    "subType": "CAP_5x5",
    "mapId": 1,
    "teamId": 100,
    "championId": 267,
    "spell1": 4,
    "spell2": 7,
    "level": 30,
    "ipEarned": 239,
    "createDate": 1399031827881,
    "fellowPlayers": [
      {
        "summonerId": 23871461,
        "teamId": 100,
        "championId": 23
      },
      {
        "summonerId": 41032183,
        "teamId": 200,
        "championId": 40
      },
      {
        "summonerId": 36666550,
        "teamId": 200,
        "championId": 222
      },
      {
        "summonerId": 35772455,
        "teamId": 100,
        "championId": 67
      },
      {
        "summonerId": 38039010,
        "teamId": 200,
        "championId": 120
      },
      {
        "summonerId": 26873262,
        "teamId": 100,
        "championId": 61
      },
      {
        "summonerId": 38276924,
        "teamId": 200,
        "championId": 115
      },
      {
        "summonerId": 34940569,
        "teamId": 100,
        "championId": 121
      },
      {
        "summonerId": 28628476,
        "teamId": 200,
        "championId": 17
      }
    ],
    "stats": {
      "level": 15,
      "goldEarned": 10115,
      "numDeaths": 3,
      "turretsKilled": 1,
      "minionsKilled": 7,
      "goldSpent": 5745,
      "totalDamageDealt": 19292,
      "totalDamageTaken": 12782,
      "team": 100,
      "win": true,
      "neutralMinionsKilled": 1,
      "physicalDamageDealtPlayer": 8496,
      "magicDamageDealtPlayer": 10795,
      "physicalDamageTaken": 7020,
      "magicDamageTaken": 5535,
      "timePlayed": 1892,
      "totalHeal": 18205,
      "totalUnitsHealed": 5,
      "assists": 20,
      "item0": 3174,
      "item1": 1001,
      "item2": 3098,
      "item3": 2049,
      "item4": 1028,
      "item6": 3341,
      "sightWardsBought": 3,
      "magicDamageDealtToChampions": 6074,
      "physicalDamageDealtToChampions": 1083,
      "totalDamageDealtToChampions": 7157,
      "trueDamageTaken": 226,
      "wardKilled": 4,
      "wardPlaced": 15,
      "neutralMinionsKilledYourJungle": 1,
      "totalTimeCrowdControlDealt": 128
    }
  },
  "35772455": {
    "gameId": 824960998,
    "invalid": false,
    "gameMode": "CLASSIC",
    "gameType": "MATCHED_GAME",
    "subType": "CAP_5x5",
    "mapId": 1,
    "teamId": 100,
    "championId": 67,
    "spell1": 4,
    "spell2": 21,
    "level": 30,
    "ipEarned": 89,
    "createDate": 1399031827882,
    "fellowPlayers": [
      {
        "summonerId": 23871461,
        "teamId": 100,
        "championId": 23
      },
      {
        "summonerId": 41032183,
        "teamId": 200,
        "championId": 40
      },
      {
        "summonerId": 36666550,
        "teamId": 200,
        "championId": 222
      },
      {
        "summonerId": 38039010,
        "teamId": 200,
        "championId": 120
      },
      {
        "summonerId": 26873262,
        "teamId": 100,
        "championId": 61
      },
      {
        "summonerId": 38276924,
        "teamId": 200,
        "championId": 115
      },
      {
        "summonerId": 34940569,
        "teamId": 100,
        "championId": 121
      },
      {
        "summonerId": 28628476,
        "teamId": 200,
        "championId": 17
      },
      {
        "summonerId": 32467191,
        "teamId": 100,
        "championId": 267
      }
    ],
    "stats": {
      "level": 16,
      "goldEarned": 13790,
      "numDeaths": 3,
      "turretsKilled": 1,
      "minionsKilled": 205,
      "championsKilled": 11,
      "goldSpent": 11790,
      "totalDamageDealt": 137106,
      "totalDamageTaken": 29465,
      "doubleKills": 1,
      "tripleKills": 1,
      "killingSprees": 3,
      "largestKillingSpree": 4,
      "team": 100,
      "win": true,
      "neutralMinionsKilled": 6,
      "largestMultiKill": 3,
      "physicalDamageDealtPlayer": 125546,
      "magicDamageDealtPlayer": 1354,
      "physicalDamageTaken": 19894,
      "magicDamageTaken": 9069,
      "largestCriticalStrike": 912,
      "timePlayed": 1892,
      "totalHeal": 2787,
      "totalUnitsHealed": 1,
      "assists": 4,
      "item0": 1055,
      "item1": 1055,
      "item2": 3006,
      "item3": 3072,
      "item4": 3046,
      "item5": 3031,
      "item6": 3340,
      "magicDamageDealtToChampions": 358,
      "physicalDamageDealtToChampions": 21519,
      "totalDamageDealtToChampions": 25885,
      "trueDamageDealtPlayer": 10205,
      "trueDamageDealtToChampions": 4006,
      "trueDamageTaken": 501,
      "wardPlaced": 7,
      "neutralMinionsKilledYourJungle": 6,
      "totalTimeCrowdControlDealt": 218
    }
  },
  "38276924": {
    "gameId": 824960998,
    "invalid": false,
    "gameMode": "CLASSIC",
    "gameType": "MATCHED_GAME",
    "subType": "CAP_5x5",
    "mapId": 1,
    "teamId": 200,
    "championId": 115,
    "spell1": 4,
    "spell2": 3,
    "level": 30,
    "ipEarned": 60,
    "createDate": 1399031827883,
    "fellowPlayers": [
      {
        "summonerId": 23871461,
        "teamId": 100,
        "championId": 23
      },
      {
        "summonerId": 41032183,
        "teamId": 200,
        "championId": 40
      },
      {
        "summonerId": 36666550,
        "teamId": 200,
        "championId": 222
      },
      {
        "summonerId": 35772455,
        "teamId": 100,
        "championId": 67
      },
      {
        "summonerId": 38039010,
        "teamId": 200,
        "championId": 120
      },
      {
        "summonerId": 26873262,
        "teamId": 100,
        "championId": 61
      },
      {
        "summonerId": 34940569,
        "teamId": 100,
        "championId": 121
      },
      {
        "summonerId": 28628476,
        "teamId": 200,
        "championId": 17
      },
      {
        "summonerId": 32467191,
        "teamId": 100,
        "championId": 267
      }
    ],
    "stats": {
      "level": 14,
      "goldEarned": 9881,
      "numDeaths": 5,
      "turretsKilled": 1,
      "minionsKilled": 151,
      "championsKilled": 6,
      "goldSpent": 9390,
      "totalDamageDealt": 102758,
      "totalDamageTaken": 12075,
      "killingSprees": 2,
      "largestKillingSpree": 2,
      "team": 200,
      "win": false,
      "neutralMinionsKilled": 8,
      "largestMultiKill": 1,
      "physicalDamageDealtPlayer": 13262,
      "magicDamageDealtPlayer": 89495,
      "physicalDamageTaken": 8165,
      "magicDamageTaken": 3148,
      "timePlayed": 1892,
      "assists": 3,
      "item0": 3020,
      "item1": 3174,
      "item2": 1058,
      "item4": 3089,
      "item6": 3340,
      "sightWardsBought": 1,
      "magicDamageDealtToChampions": 18517,
      "physicalDamageDealtToChampions": 1546,
      "totalDamageDealtToChampions": 20063,
      "trueDamageTaken": 761,
      "wardPlaced": 9,
      "neutralMinionsKilledYourJungle": 8,
      "totalTimeCrowdControlDealt": 371
    }
  },
  "38039010": {
    "gameId": 824960998,
    "invalid": false,
    "gameMode": "CLASSIC",
    "gameType": "MATCHED_GAME",
    "subType": "CAP_5x5",
    "mapId": 1,
    "teamId": 200,
    "championId": 120,
    "spell1": 4,
    "spell2": 11,
    "level": 30,
    "ipEarned": 60,
    "createDate": 1399031827885,
    "fellowPlayers": [
      {
        "summonerId": 23871461,
        "teamId": 100,
        "championId": 23
      },
      {
        "summonerId": 41032183,
        "teamId": 200,
        "championId": 40
      },
      {
        "summonerId": 36666550,
        "teamId": 200,
        "championId": 222
      },
      {
        "summonerId": 35772455,
        "teamId": 100,
        "championId": 67
      },
      {
        "summonerId": 26873262,
        "teamId": 100,
        "championId": 61
      },
      {
        "summonerId": 38276924,
        "teamId": 200,
        "championId": 115
      },
      {
        "summonerId": 34940569,
        "teamId": 100,
        "championId": 121
      },
      {
        "summonerId": 28628476,
        "teamId": 200,
        "championId": 17
      },
      {
        "summonerId": 32467191,
        "teamId": 100,
        "championId": 267
      }
    ],
    "stats": {
      "level": 14,
      "goldEarned": 8619,
      "numDeaths": 4,
      "minionsKilled": 18,
      "championsKilled": 2,
      "goldSpent": 8115,
      "totalDamageDealt": 112152,
      "totalDamageTaken": 28159,
      "killingSprees": 1,
      "largestKillingSpree": 2,
      "team": 200,
      "win": false,
      "neutralMinionsKilled": 77,
      "largestMultiKill": 1,
      "physicalDamageDealtPlayer": 76537,
      "magicDamageDealtPlayer": 20123,
      "physicalDamageTaken": 21211,
      "magicDamageTaken": 4714,
      "timePlayed": 1892,
      "totalHeal": 7838,
      "totalUnitsHealed": 1,
      "assists": 7,
      "item0": 3143,
      "item1": 3111,
      "item2": 3209,
      "item3": 3024,
      "item4": 1031,
      "item6": 3340,
      "magicDamageDealtToChampions": 2143,
      "physicalDamageDealtToChampions": 5586,
      "totalDamageDealtToChampions": 8899,
      "trueDamageDealtPlayer": 15491,
      "trueDamageDealtToChampions": 1169,
      "trueDamageTaken": 2233,
      "wardPlaced": 3,
      "neutralMinionsKilledEnemyJungle": 3,
      "neutralMinionsKilledYourJungle": 74,
      "totalTimeCrowdControlDealt": 557
    }
  },
  "28628476": {
    "gameId": 824960998,
    "invalid": false,
    "gameMode": "CLASSIC",
    "gameType": "MATCHED_GAME",
    "subType": "CAP_5x5",
    "mapId": 1,
    "teamId": 200,
    "championId": 17,
    "spell1": 7,
    "spell2": 6,
    "level": 30,
    "ipEarned": 60,
    "createDate": 1399031827886,
    "fellowPlayers": [
      {
        "summonerId": 23871461,
        "teamId": 100,
        "championId": 23
      },
      {
        "summonerId": 41032183,
        "teamId": 200,
        "championId": 40
      },
      {
        "summonerId": 36666550,
        "teamId": 200,
        "championId": 222
      },
      {
        "summonerId": 35772455,
        "teamId": 100,
        "championId": 67
      },
      {
        "summonerId": 38039010,
        "teamId": 200,
        "championId": 120
      },
      {
        "summonerId": 26873262,
        "teamId": 100,
        "championId": 61
      },
      {
        "summonerId": 38276924,
        "teamId": 200,
        "championId": 115
      },
      {
        "summonerId": 34940569,
        "teamId": 100,
        "championId": 121
      },
      {
        "summonerId": 32467191,
        "teamId": 100,
        "championId": 267
      }
    ],
    "stats": {
      "level": 14,
      "goldEarned": 6791,
      "numDeaths": 7,
      "minionsKilled": 127,
      "championsKilled": 1,
      "goldSpent": 6585,
      "totalDamageDealt": 75587,
      "totalDamageTaken": 19408,
      "team": 200,
      "win": false,
      "neutralMinionsKilled": 2,
      "largestMultiKill": 1,
      "physicalDamageDealtPlayer": 27231,
      "magicDamageDealtPlayer": 48356,
      "physicalDamageTaken": 15107,
      "magicDamageTaken": 3538,
      "timePlayed": 1892,
      "totalHeal": 1678,
      "totalUnitsHealed": 2,
      "item0": 3020,
      "item1": 3136,
      "item2": 2003,
      "item3": 2004,
      "item4": 1026,
      "item5": 1058,
      "item6": 3340,
      "magicDamageDealtToChampions": 17019,
      "physicalDamageDealtToChampions": 1992,
      "totalDamageDealtToChampions": 19011,
      "trueDamageTaken": 762,
      "wardPlaced": 45,
      "neutralMinionsKilledEnemyJungle": 2,
      "totalTimeCrowdControlDealt": 327
    }
  },
  "26873262": {
    "gameId": 824960998,
    "invalid": false,
    "gameMode": "CLASSIC",
    "gameType": "MATCHED_GAME",
    "subType": "CAP_5x5",
    "mapId": 1,
    "teamId": 100,
    "championId": 61,
    "spell1": 4,
    "spell2": 14,
    "level": 30,
    "ipEarned": 89,
    "createDate": 1399031827879,
    "fellowPlayers": [
      {
        "summonerId": 23871461,
        "teamId": 100,
        "championId": 23
      },
      {
        "summonerId": 41032183,
        "teamId": 200,
        "championId": 40
      },
      {
        "summonerId": 36666550,
        "teamId": 200,
        "championId": 222
      },
      {
        "summonerId": 35772455,
        "teamId": 100,
        "championId": 67
      },
      {
        "summonerId": 38039010,
        "teamId": 200,
        "championId": 120
      },
      {
        "summonerId": 38276924,
        "teamId": 200,
        "championId": 115
      },
      {
        "summonerId": 34940569,
        "teamId": 100,
        "championId": 121
      },
      {
        "summonerId": 28628476,
        "teamId": 200,
        "championId": 17
      },
      {
        "summonerId": 32467191,
        "teamId": 100,
        "championId": 267
      }
    ],
    "stats": {
      "level": 16,
      "goldEarned": 12081,
      "numDeaths": 2,
      "barracksKilled": 1,
      "turretsKilled": 1,
      "minionsKilled": 164,
      "championsKilled": 4,
      "goldSpent": 10475,
      "totalDamageDealt": 113429,
      "totalDamageTaken": 10635,
      "killingSprees": 1,
      "largestKillingSpree": 4,
      "team": 100,
      "win": true,
      "neutralMinionsKilled": 14,
      "largestMultiKill": 1,
      "physicalDamageDealtPlayer": 24222,
      "magicDamageDealtPlayer": 88867,
      "physicalDamageTaken": 3803,
      "magicDamageTaken": 6772,
      "timePlayed": 1892,
      "totalHeal": 460,
      "totalUnitsHealed": 1,
      "assists": 13,
      "item0": 1056,
      "item1": 3040,
      "item2": 3174,
      "item3": 3255,
      "item4": 3165,
      "item5": 1026,
      "item6": 3340,
      "magicDamageDealtToChampions": 9878,
      "physicalDamageDealtToChampions": 1182,
      "totalDamageDealtToChampions": 11163,
      "trueDamageDealtPlayer": 340,
      "trueDamageDealtToChampions": 102,
      "trueDamageTaken": 60,
      "wardPlaced": 8,
      "neutralMinionsKilledEnemyJungle": 6,
      "neutralMinionsKilledYourJungle": 8,
      "totalTimeCrowdControlDealt": 1989
    }
  }
}