{
  "35473570": {
    "gameId": 825821633,
    "invalid": false,
    "gameMode": "ARAM",
    "gameType": "CUSTOM_GAME",
    "subType": "NONE",
    "mapId": 12,
    "teamId": 100,
    "championId": 32,
    "spell1": 4,
    "spell2": 7,
    "level": 30,
    "ipEarned": 34,
    "createDate": 1399030821712,
    "fellowPlayers": [
      {
        "summonerId": 25364885,
        "teamId": 100,
        "championId": 98
      },
      {
        "summonerId": 34447598,
        "teamId": 100,
        "championId": 117
      },
      {
        "summonerId": 23164460,
        "teamId": 200,
        "championId": 76
      },
      {
        "summonerId": 22702415,
        "teamId": 200,
        "championId": 48
      },
      {
        "summonerId": 24577225,
        "teamId": 200,
        "championId": 37
      },
      {
        "summonerId": 35725605,
        "teamId": 100,
        "championId": 10
      },
      {
        "summonerId": 25553181,
        "teamId": 100,
        "championId": 5
      },
      {
        "summonerId": 32191477,
        "teamId": 200,
        "championId": 85
      },
      {
        "summonerId": 34176218,
        "teamId": 200,
        "championId": 99
      }
    ],
    "stats": {
      "level": 16,
      "goldEarned": 9439,
      "numDeaths": 5,
      "minionsKilled": 12,
      "championsKilled": 5,
      "goldSpent": 8025,
      "totalDamageDealt": 30585,
      "totalDamageTaken": 25306,
      "doubleKills": 1,
      "killingSprees": 1,
      "largestKillingSpree": 2,
      "team": 100,
      "win": true,
      "largestMultiKill": 2,
      "physicalDamageDealtPlayer": 3752,
      "magicDamageDealtPlayer": 26832,
      "physicalDamageTaken": 10609,
      "magicDamageTaken": 14367,
      "timePlayed": 1211,
      "totalHeal": 4076,
      "totalUnitsHealed": 4,
      "assists": 20,
      "item0": 3102,
      "item1": 3111,
      "item2": 3116,
      "item3": 1057,
      "item6": 2052,
      "magicDamageDealtToChampions": 18910,
      "physicalDamageDealtToChampions": 1203,
      "totalDamageDealtToChampions": 20114,
      "trueDamageTaken": 330,
      "totalTimeCrowdControlDealt": 220
    }
  },
  "summonerCount": 10,
  "34447598": {
    "gameId": 825821633,
    "invalid": false,
    "gameMode": "ARAM",
    "gameType": "CUSTOM_GAME",
    "subType": "NONE",
    "mapId": 12,
    "teamId": 100,
    "championId": 117,
    "spell1": 4,
    "spell2": 7,
    "level": 30,
    "ipEarned": 34,
    "createDate": 1399030821711,
    "fellowPlayers": [
      {
        "summonerId": 25364885,
        "teamId": 100,
        "championId": 98
      },
      {
        "summonerId": 23164460,
        "teamId": 200,
        "championId": 76
      },
      {
        "summonerId": 22702415,
        "teamId": 200,
        "championId": 48
      },
      {
        "summonerId": 24577225,
        "teamId": 200,
        "championId": 37
      },
      {
        "summonerId": 35473570,
        "teamId": 100,
        "championId": 32
      },
      {
        "summonerId": 35725605,
        "teamId": 100,
        "championId": 10
      },
      {
        "summonerId": 25553181,
        "teamId": 100,
        "championId": 5
      },
      {
        "summonerId": 32191477,
        "teamId": 200,
        "championId": 85
      },
      {
        "summonerId": 34176218,
        "teamId": 200,
        "championId": 99
      }
    ],
    "stats": {
      "level": 16,
      "goldEarned": 10477,
      "numDeaths": 6,
      "turretsKilled": 2,
      "minionsKilled": 45,
      "championsKilled": 6,
      "goldSpent": 9140,
      "totalDamageDealt": 61731,
      "totalDamageTaken": 15913,
      "killingSprees": 1,
      "largestKillingSpree": 5,
      "team": 100,
      "win": true,
      "largestMultiKill": 1,
      "physicalDamageDealtPlayer": 10865,
      "magicDamageDealtPlayer": 50865,
      "physicalDamageTaken": 2057,
      "magicDamageTaken": 13855,
      "timePlayed": 1211,
      "totalHeal": 2438,
      "totalUnitsHealed": 4,
      "assists": 21,
      "item0": 3174,
      "item1": 3089,
      "item2": 3020,
      "item3": 1058,
      "item4": 1056,
      "item6": 2052,
      "magicDamageDealtToChampions": 23379,
      "physicalDamageDealtToChampions": 3394,
      "totalDamageDealtToChampions": 26773,
      "totalTimeCrowdControlDealt": 471
    }
  },
  "23164460": {
    "gameId": 825821633,
    "invalid": false,
    "gameMode": "ARAM",
    "gameType": "CUSTOM_GAME",
    "subType": "NONE",
    "mapId": 12,
    "teamId": 200,
    "championId": 76,
    "spell1": 4,
    "spell2": 7,
    "level": 30,
    "ipEarned": 21,
    "createDate": 1399030821715,
    "fellowPlayers": [
      {
        "summonerId": 25364885,
        "teamId": 100,
        "championId": 98
      },
      {
        "summonerId": 34447598,
        "teamId": 100,
        "championId": 117
      },
      {
        "summonerId": 22702415,
        "teamId": 200,
        "championId": 48
      },
      {
        "summonerId": 24577225,
        "teamId": 200,
        "championId": 37
      },
      {
        "summonerId": 35473570,
        "teamId": 100,
        "championId": 32
      },
      {
        "summonerId": 35725605,
        "teamId": 100,
        "championId": 10
      },
      {
        "summonerId": 25553181,
        "teamId": 100,
        "championId": 5
      },
      {
        "summonerId": 32191477,
        "teamId": 200,
        "championId": 85
      },
      {
        "summonerId": 34176218,
        "teamId": 200,
        "championId": 99
      }
    ],
    "stats": {
      "level": 15,
      "goldEarned": 9160,
      "numDeaths": 5,
      "minionsKilled": 10,
      "championsKilled": 8,
      "goldSpent": 8945,
      "totalDamageDealt": 25822,
      "totalDamageTaken": 18204,
      "doubleKills": 1,
      "killingSprees": 2,
      "largestKillingSpree": 4,
      "team": 200,
      "win": false,
      "largestMultiKill": 2,
      "physicalDamageDealtPlayer": 7930,
      "magicDamageDealtPlayer": 17892,
      "physicalDamageTaken": 3983,
      "magicDamageTaken": 14150,
      "timePlayed": 1211,
      "totalHeal": 7370,
      "totalUnitsHealed": 5,
      "assists": 14,
      "item0": 3020,
      "item1": 3010,
      "item3": 3070,
      "item4": 3089,
      "item5": 3135,
      "magicDamageDealtToChampions": 15815,
      "physicalDamageDealtToChampions": 3869,
      "totalDamageDealtToChampions": 19685,
      "trueDamageTaken": 70,
      "totalTimeCrowdControlDealt": 54
    }
  },
  "35725605": {
    "gameId": 825821633,
    "invalid": false,
    "gameMode": "ARAM",
    "gameType": "CUSTOM_GAME",
    "subType": "NONE",
    "mapId": 12,
    "teamId": 100,
    "championId": 10,
    "spell1": 14,
    "spell2": 4,
    "level": 30,
    "ipEarned": 34,
    "createDate": 1399030821714,
    "fellowPlayers": [
      {
        "summonerId": 25364885,
        "teamId": 100,
        "championId": 98
      },
      {
        "summonerId": 34447598,
        "teamId": 100,
        "championId": 117
      },
      {
        "summonerId": 23164460,
        "teamId": 200,
        "championId": 76
      },
      {
        "summonerId": 22702415,
        "teamId": 200,
        "championId": 48
      },
      {
        "summonerId": 24577225,
        "teamId": 200,
        "championId": 37
      },
      {
        "summonerId": 35473570,
        "teamId": 100,
        "championId": 32
      },
      {
        "summonerId": 25553181,
        "teamId": 100,
        "championId": 5
      },
      {
        "summonerId": 32191477,
        "teamId": 200,
        "championId": 85
      },
      {
        "summonerId": 34176218,
        "teamId": 200,
        "championId": 99
      }
    ],
    "stats": {
      "level": 16,
      "goldEarned": 11321,
      "numDeaths": 8,
      "minionsKilled": 61,
      "championsKilled": 13,
      "goldSpent": 9470,
      "totalDamageDealt": 53731,
      "totalDamageTaken": 19223,
      "doubleKills": 3,
      "killingSprees": 5,
      "largestKillingSpree": 3,
      "team": 100,
      "win": true,
      "largestMultiKill": 2,
      "physicalDamageDealtPlayer": 14823,
      "magicDamageDealtPlayer": 38737,
      "physicalDamageTaken": 3492,
      "magicDamageTaken": 15560,
      "timePlayed": 1211,
      "totalHeal": 7211,
      "totalUnitsHealed": 5,
      "assists": 12,
      "item0": 3115,
      "item1": 3100,
      "item2": 1026,
      "item3": 1056,
      "item4": 3020,
      "item5": 1037,
      "magicDamageDealtToChampions": 17044,
      "physicalDamageDealtToChampions": 4231,
      "totalDamageDealtToChampions": 21445,
      "trueDamageDealtPlayer": 170,
      "trueDamageDealtToChampions": 170,
      "trueDamageTaken": 170,
      "totalTimeCrowdControlDealt": 138
    }
  },
  "25553181": {
    "gameId": 825821633,
    "invalid": false,
    "gameMode": "ARAM",
    "gameType": "CUSTOM_GAME",
    "subType": "NONE",
    "mapId": 12,
    "teamId": 100,
    "championId": 5,
    "spell1": 4,
    "spell2": 7,
    "level": 30,
    "ipEarned": 0,
    "createDate": 1399030821709,
    "fellowPlayers": [
      {
        "summonerId": 25364885,
        "teamId": 100,
        "championId": 98
      },
      {
        "summonerId": 34447598,
        "teamId": 100,
        "championId": 117
      },
      {
        "summonerId": 23164460,
        "teamId": 200,
        "championId": 76
      },
      {
        "summonerId": 22702415,
        "teamId": 200,
        "championId": 48
      },
      {
        "summonerId": 24577225,
        "teamId": 200,
        "championId": 37
      },
      {
        "summonerId": 35473570,
        "teamId": 100,
        "championId": 32
      },
      {
        "summonerId": 35725605,
        "teamId": 100,
        "championId": 10
      },
      {
        "summonerId": 32191477,
        "teamId": 200,
        "championId": 85
      },
      {
        "summonerId": 34176218,
        "teamId": 200,
        "championId": 99
      }
    ],
    "stats": {
      "level": 14,
      "goldEarned": 8145,
      "numDeaths": 7,
      "barracksKilled": 1,
      "turretsKilled": 1,
      "minionsKilled": 10,
      "championsKilled": 4,
      "goldSpent": 7280,
      "totalDamageDealt": 18625,
      "totalDamageTaken": 18143,
      "killingSprees": 1,
      "largestKillingSpree": 3,
      "team": 100,
      "win": true,
      "largestMultiKill": 1,
      "physicalDamageDealtPlayer": 16127,
      "magicDamageDealtPlayer": 2498,
      "physicalDamageTaken": 4354,
      "magicDamageTaken": 13538,
      "timePlayed": 1211,
      "totalHeal": 2685,
      "totalUnitsHealed": 3,
      "assists": 9,
      "item0": 3153,
      "item1": 3117,
      "item2": 3071,
      "item3": 2004,
      "item6": 2052,
      "magicDamageDealtToChampions": 2209,
      "physicalDamageDealtToChampions": 9553,
      "totalDamageDealtToChampions": 11762,
      "trueDamageTaken": 250,
      "totalTimeCrowdControlDealt": 55
    }
  },
  "32191477": {
    "gameId": 825821633,
    "invalid": false,
    "gameMode": "ARAM",
    "gameType": "CUSTOM_GAME",
    "subType": "NONE",
    "mapId": 12,
    "teamId": 200,
    "championId": 85,
    "spell1": 7,
    "spell2": 4,
    "level": 30,
    "ipEarned": 21,
    "createDate": 1399030821717,
    "fellowPlayers": [
      {
        "summonerId": 25364885,
        "teamId": 100,
        "championId": 98
      },
      {
        "summonerId": 34447598,
        "teamId": 100,
        "championId": 117
      },
      {
        "summonerId": 23164460,
        "teamId": 200,
        "championId": 76
      },
      {
        "summonerId": 22702415,
        "teamId": 200,
        "championId": 48
      },
      {
        "summonerId": 24577225,
        "teamId": 200,
        "championId": 37
      },
      {
        "summonerId": 35473570,
        "teamId": 100,
        "championId": 32
      },
      {
        "summonerId": 35725605,
        "teamId": 100,
        "championId": 10
      },
      {
        "summonerId": 25553181,
        "teamId": 100,
        "championId": 5
      },
      {
        "summonerId": 34176218,
        "teamId": 200,
        "championId": 99
      }
    ],
    "stats": {
      "level": 16,
      "goldEarned": 10125,
      "numDeaths": 4,
      "minionsKilled": 30,
      "championsKilled": 12,
      "goldSpent": 9730,
      "totalDamageDealt": 44496,
      "totalDamageTaken": 18478,
      "doubleKills": 3,
      "tripleKills": 1,
      "quadraKills": 1,
      "killingSprees": 2,
      "largestKillingSpree": 8,
      "team": 200,
      "win": false,
      "largestMultiKill": 4,
      "physicalDamageDealtPlayer": 11212,
      "magicDamageDealtPlayer": 33284,
      "physicalDamageTaken": 4895,
      "magicDamageTaken": 13583,
      "timePlayed": 1211,
      "totalHeal": 2519,
      "totalUnitsHealed": 4,
      "assists": 12,
      "item0": 3157,
      "item1": 3151,
      "item2": 3020,
      "item3": 1011,
      "item4": 1026,
      "item5": 1052,
      "magicDamageDealtToChampions": 19625,
      "physicalDamageDealtToChampions": 2412,
      "totalDamageDealtToChampions": 22037,
      "totalTimeCrowdControlDealt": 74
    }
  },
  "24577225": {
    "gameId": 825821633,
    "invalid": false,
    "gameMode": "ARAM",
    "gameType": "CUSTOM_GAME",
    "subType": "NONE",
    "mapId": 12,
    "teamId": 200,
    "championId": 37,
    "spell1": 7,
    "spell2": 4,
    "level": 30,
    "ipEarned": 21,
    "createDate": 1399030821716,
    "fellowPlayers": [
      {
        "summonerId": 25364885,
        "teamId": 100,
        "championId": 98
      },
      {
        "summonerId": 34447598,
        "teamId": 100,
        "championId": 117
      },
      {
        "summonerId": 23164460,
        "teamId": 200,
        "championId": 76
      },
      {
        "summonerId": 22702415,
        "teamId": 200,
        "championId": 48
      },
      {
        "summonerId": 35473570,
        "teamId": 100,
        "championId": 32
      },
      {
        "summonerId": 35725605,
        "teamId": 100,
        "championId": 10
      },
      {
        "summonerId": 25553181,
        "teamId": 100,
        "championId": 5
      },
      {
        "summonerId": 32191477,
        "teamId": 200,
        "championId": 85
      },
      {
        "summonerId": 34176218,
        "teamId": 200,
        "championId": 99
      }
    ],
    "stats": {
      "level": 16,
      "goldEarned": 10277,
      "numDeaths": 7,
      "turretsKilled": 1,
      "minionsKilled": 53,
      "championsKilled": 4,
      "goldSpent": 10055,
      "totalDamageDealt": 71820,
      "totalDamageTaken": 23363,
      "killingSprees": 1,
      "largestKillingSpree": 2,
      "team": 200,
      "win": false,
      "largestMultiKill": 1,
      "physicalDamageDealtPlayer": 13789,
      "magicDamageDealtPlayer": 58031,
      "physicalDamageTaken": 7976,
      "magicDamageTaken": 15386,
      "timePlayed": 1211,
      "totalHeal": 20163,
      "totalUnitsHealed": 5,
      "assists": 21,
      "item0": 3174,
      "item1": 3089,
      "item2": 3070,
      "item3": 3001,
      "item4": 1026,
      "magicDamageDealtToChampions": 26224,
      "physicalDamageDealtToChampions": 4514,
      "totalDamageDealtToChampions": 30738,
      "totalTimeCrowdControlDealt": 91
    }
  },
  "25364885": {
    "gameId": 825821633,
    "invalid": false,
    "gameMode": "ARAM",
    "gameType": "CUSTOM_GAME",
    "subType": "NONE",
    "mapId": 12,
    "teamId": 100,
    "championId": 98,
    "spell1": 7,
    "spell2": 4,
    "level": 30,
    "ipEarned": 34,
    "createDate": 1399030821710,
    "fellowPlayers": [
      {
        "summonerId": 34447598,
        "teamId": 100,
        "championId": 117
      },
      {
        "summonerId": 23164460,
        "teamId": 200,
        "championId": 76
      },
      {
        "summonerId": 22702415,
        "teamId": 200,
        "championId": 48
      },
      {
        "summonerId": 24577225,
        "teamId": 200,
        "championId": 37
      },
      {
        "summonerId": 35473570,
        "teamId": 100,
        "championId": 32
      },
      {
        "summonerId": 35725605,
        "teamId": 100,
        "championId": 10
      },
      {
        "summonerId": 25553181,
        "teamId": 100,
        "championId": 5
      },
      {
        "summonerId": 32191477,
        "teamId": 200,
        "championId": 85
      },
      {
        "summonerId": 34176218,
        "teamId": 200,
        "championId": 99
      }
    ],
    "stats": {
      "level": 16,
      "goldEarned": 9337,
      "numDeaths": 4,
      "minionsKilled": 25,
      "championsKilled": 1,
      "goldSpent": 7320,
      "totalDamageDealt": 26534,
      "totalDamageTaken": 19034,
      "team": 100,
      "win": true,
      "largestMultiKill": 1,
      "physicalDamageDealtPlayer": 8230,
      "magicDamageDealtPlayer": 18304,
      "physicalDamageTaken": 4062,
      "magicDamageTaken": 14745,
      "timePlayed": 1211,
      "totalHeal": 3293,
      "totalUnitsHealed": 3,
      "assists": 23,
      "item1": 3068,
      "item2": 1029,
      "item3": 3111,
      "item4": 3065,
      "magicDamageDealtToChampions": 9504,
      "physicalDamageDealtToChampions": 2666,
      "totalDamageDealtToChampions": 12170,
      "trueDamageTaken": 226,
      "totalTimeCrowdControlDealt": 75
    }
  },
  "34176218": {
    "gameId": 825821633,
    "invalid": false,
    "gameMode": "ARAM",
    "gameType": "CUSTOM_GAME",
    "subType": "NONE",
    "mapId": 12,
    "teamId": 200,
    "championId": 99,
    "spell1": 4,
    "spell2": 7,
    "level": 30,
    "ipEarned": 21,
    "createDate": 1399030821718,
    "fellowPlayers": [
      {
        "summonerId": 25364885,
        "teamId": 100,
        "championId": 98
      },
      {
        "summonerId": 34447598,
        "teamId": 100,
        "championId": 117
      },
      {
        "summonerId": 23164460,
        "teamId": 200,
        "championId": 76
      },
      {
        "summonerId": 22702415,
        "teamId": 200,
        "championId": 48
      },
      {
        "summonerId": 24577225,
        "teamId": 200,
        "championId": 37
      },
      {
        "summonerId": 35473570,
        "teamId": 100,
        "championId": 32
      },
      {
        "summonerId": 35725605,
        "teamId": 100,
        "championId": 10
      },
      {
        "summonerId": 25553181,
        "teamId": 100,
        "championId": 5
      },
      {
        "summonerId": 32191477,
        "teamId": 200,
        "championId": 85
      }
    ],
    "stats": {
      "level": 13,
      "goldEarned": 8383,
      "numDeaths": 2,
      "minionsKilled": 21,
      "championsKilled": 4,
      "goldSpent": 6480,
      "totalDamageDealt": 23975,
      "totalDamageTaken": 4851,
      "killingSprees": 1,
      "largestKillingSpree": 4,
      "team": 200,
      "win": false,
      "largestMultiKill": 1,
      "physicalDamageDealtPlayer": 3155,
      "magicDamageDealtPlayer": 20820,
      "physicalDamageTaken": 746,
      "magicDamageTaken": 4105,
      "timePlayed": 1211,
      "totalHeal": 1451,
      "totalUnitsHealed": 3,
      "assists": 12,
      "item0": 3174,
      "item1": 3089,
      "item2": 1004,
      "magicDamageDealtToChampions": 9333,
      "physicalDamageDealtToChampions": 709,
      "totalDamageDealtToChampions": 10042,
      "totalTimeCrowdControlDealt": 193
    }
  },
  "22702415": {
    "gameId": 825821633,
    "invalid": false,
    "gameMode": "ARAM",
    "gameType": "CUSTOM_GAME",
    "subType": "NONE",
    "mapId": 12,
    "teamId": 200,
    "championId": 48,
    "spell1": 4,
    "spell2": 14,
    "level": 22,
    "ipEarned": 21,
    "createDate": 1399030821719,
    "fellowPlayers": [
      {
        "summonerId": 25364885,
        "teamId": 100,
        "championId": 98
      },
      {
        "summonerId": 34447598,
        "teamId": 100,
        "championId": 117
      },
      {
        "summonerId": 23164460,
        "teamId": 200,
        "championId": 76
      },
      {
        "summonerId": 24577225,
        "teamId": 200,
        "championId": 37
      },
      {
        "summonerId": 35473570,
        "teamId": 100,
        "championId": 32
      },
      {
        "summonerId": 35725605,
        "teamId": 100,
        "championId": 10
      },
      {
        "summonerId": 25553181,
        "teamId": 100,
        "championId": 5
      },
      {
        "summonerId": 32191477,
        "teamId": 200,
        "championId": 85
      },
      {
        "summonerId": 34176218,
        "teamId": 200,
        "championId": 99
      }
    ],
    "stats": {
      "level": 14,
      "goldEarned": 8335,
      "numDeaths": 11,
      "minionsKilled": 28,
      "championsKilled": 2,
      "goldSpent": 7915,
      "totalDamageDealt": 20958,
      "totalDamageTaken": 36362,
      "doubleKills": 1,
      "team": 200,
      "win": false,
      "largestMultiKill": 2,
      "physicalDamageDealtPlayer": 18913,
      "magicDamageDealtPlayer": 1068,
      "physicalDamageTaken": 12441,
      "magicDamageTaken": 23821,
      "timePlayed": 1211,
      "totalHeal": 4342,
      "totalUnitsHealed": 1,
      "assists": 10,
      "item0": 3022,
      "item1": 1055,
      "item2": 1055,
      "item3": 1001,
      "item4": 3211,
      "item5": 3044,
      "magicDamageDealtToChampions": 1068,
      "physicalDamageDealtToChampions": 3457,
      "totalDamageDealtToChampions": 5502,
      "trueDamageDealtPlayer": 976,
      "trueDamageDealtToChampions": 976,
      "trueDamageTaken": 100,
      "totalTimeCrowdControlDealt": 666
    }
  }
}