{
  "30234056": {
    "gameId": 825975872,
    "invalid": false,
    "gameMode": "CLASSIC",
    "gameType": "MATCHED_GAME",
    "subType": "RANKED_SOLO_5x5",
    "mapId": 1,
    "teamId": 200,
    "championId": 5,
    "spell1": 11,
    "spell2": 4,
    "level": 30,
    "ipEarned": 103,
    "createDate": 1399031537665,
    "fellowPlayers": [
      {
        "summonerId": 24670024,
        "teamId": 100,
        "championId": 104
      },
      {
        "summonerId": 33506265,
        "teamId": 100,
        "championId": 102
      },
      {
        "summonerId": 40243276,
        "teamId": 100,
        "championId": 25
      },
      {
        "summonerId": 32505574,
        "teamId": 100,
        "championId": 45
      },
      {
        "summonerId": 33459022,
        "teamId": 100,
        "championId": 92
      },
      {
        "summonerId": 20852735,
        "teamId": 200,
        "championId": 58
      },
      {
        "summonerId": 34260942,
        "teamId": 200,
        "championId": 238
      },
      {
        "summonerId": 24753997,
        "teamId": 200,
        "championId": 21
      },
      {
        "summonerId": 21708992,
        "teamId": 200,
        "championId": 54
      }
    ],
    "stats": {
      "level": 17,
      "goldEarned": 11528,
      "numDeaths": 4,
      "barracksKilled": 1,
      "turretsKilled": 2,
      "minionsKilled": 45,
      "championsKilled": 6,
      "goldSpent": 9695,
      "totalDamageDealt": 91854,
      "totalDamageTaken": 33592,
      "killingSprees": 1,
      "largestKillingSpree": 4,
      "team": 200,
      "win": true,
      "neutralMinionsKilled": 45,
      "largestMultiKill": 1,
      "physicalDamageDealtPlayer": 77314,
      "magicDamageDealtPlayer": 4514,
      "physicalDamageTaken": 23429,
      "magicDamageTaken": 9856,
      "timePlayed": 2250,
      "totalHeal": 6160,
      "totalUnitsHealed": 1,
      "assists": 9,
      "item0": 3022,
      "item1": 3009,
      "item2": 3153,
      "item3": 1028,
      "item4": 1011,
      "item5": 1006,
      "item6": 3340,
      "magicDamageDealtToChampions": 936,
      "physicalDamageDealtToChampions": 11252,
      "totalDamageDealtToChampions": 12221,
      "trueDamageDealtPlayer": 10026,
      "trueDamageDealtToChampions": 32,
      "trueDamageTaken": 307,
      "wardPlaced": 7,
      "neutralMinionsKilledEnemyJungle": 2,
      "neutralMinionsKilledYourJungle": 43,
      "totalTimeCrowdControlDealt": 598
    }
  },
  "summonerCount": 10,
  "20852735": {
    "gameId": 825975872,
    "invalid": false,
    "gameMode": "CLASSIC",
    "gameType": "MATCHED_GAME",
    "subType": "RANKED_SOLO_5x5",
    "mapId": 1,
    "teamId": 200,
    "championId": 58,
    "spell1": 4,
    "spell2": 14,
    "level": 30,
    "ipEarned": 103,
    "createDate": 1399031537666,
    "fellowPlayers": [
      {
        "summonerId": 24670024,
        "teamId": 100,
        "championId": 104
      },
      {
        "summonerId": 33506265,
        "teamId": 100,
        "championId": 102
      },
      {
        "summonerId": 40243276,
        "teamId": 100,
        "championId": 25
      },
      {
        "summonerId": 32505574,
        "teamId": 100,
        "championId": 45
      },
      {
        "summonerId": 33459022,
        "teamId": 100,
        "championId": 92
      },
      {
        "summonerId": 34260942,
        "teamId": 200,
        "championId": 238
      },
      {
        "summonerId": 30234056,
        "teamId": 200,
        "championId": 5
      },
      {
        "summonerId": 24753997,
        "teamId": 200,
        "championId": 21
      },
      {
        "summonerId": 21708992,
        "teamId": 200,
        "championId": 54
      }
    ],
    "stats": {
      "level": 18,
      "goldEarned": 14184,
      "numDeaths": 7,
      "minionsKilled": 209,
      "championsKilled": 9,
      "goldSpent": 12300,
      "totalDamageDealt": 145460,
      "totalDamageTaken": 39497,
      "doubleKills": 2,
      "killingSprees": 3,
      "largestKillingSpree": 4,
      "team": 200,
      "win": true,
      "neutralMinionsKilled": 6,
      "largestMultiKill": 2,
      "physicalDamageDealtPlayer": 113590,
      "magicDamageDealtPlayer": 30067,
      "physicalDamageTaken": 25059,
      "magicDamageTaken": 12995,
      "timePlayed": 2250,
      "totalHeal": 6776,
      "totalUnitsHealed": 1,
      "assists": 6,
      "item0": 3260,
      "item1": 3068,
      "item2": 3071,
      "item3": 3022,
      "item4": 3211,
      "item6": 3340,
      "magicDamageDealtToChampions": 4891,
      "physicalDamageDealtToChampions": 18014,
      "totalDamageDealtToChampions": 24468,
      "trueDamageDealtPlayer": 1802,
      "trueDamageDealtToChampions": 1562,
      "trueDamageTaken": 1442,
      "wardPlaced": 6,
      "neutralMinionsKilledEnemyJungle": 2,
      "neutralMinionsKilledYourJungle": 4,
      "totalTimeCrowdControlDealt": 173
    }
  },
  "24670024": {
    "gameId": 825975872,
    "invalid": false,
    "gameMode": "CLASSIC",
    "gameType": "MATCHED_GAME",
    "subType": "RANKED_SOLO_5x5",
    "mapId": 1,
    "teamId": 100,
    "championId": 104,
    "spell1": 4,
    "spell2": 7,
    "level": 30,
    "ipEarned": 68,
    "createDate": 1399031537664,
    "fellowPlayers": [
      {
        "summonerId": 33506265,
        "teamId": 100,
        "championId": 102
      },
      {
        "summonerId": 40243276,
        "teamId": 100,
        "championId": 25
      },
      {
        "summonerId": 32505574,
        "teamId": 100,
        "championId": 45
      },
      {
        "summonerId": 33459022,
        "teamId": 100,
        "championId": 92
      },
      {
        "summonerId": 20852735,
        "teamId": 200,
        "championId": 58
      },
      {
        "summonerId": 34260942,
        "teamId": 200,
        "championId": 238
      },
      {
        "summonerId": 30234056,
        "teamId": 200,
        "championId": 5
      },
      {
        "summonerId": 24753997,
        "teamId": 200,
        "championId": 21
      },
      {
        "summonerId": 21708992,
        "teamId": 200,
        "championId": 54
      }
    ],
    "stats": {
      "level": 15,
      "goldEarned": 11944,
      "numDeaths": 7,
      "minionsKilled": 192,
      "championsKilled": 8,
      "goldSpent": 11295,
      "totalDamageDealt": 118475,
      "totalDamageTaken": 23753,
      "doubleKills": 2,
      "killingSprees": 2,
      "largestKillingSpree": 4,
      "team": 100,
      "win": false,
      "neutralMinionsKilled": 5,
      "largestMultiKill": 2,
      "physicalDamageDealtPlayer": 116062,
      "magicDamageDealtPlayer": 2413,
      "physicalDamageTaken": 17012,
      "magicDamageTaken": 6543,
      "largestCriticalStrike": 585,
      "timePlayed": 2250,
      "totalHeal": 3802,
      "totalUnitsHealed": 4,
      "assists": 8,
      "item0": 1055,
      "item1": 3006,
      "item2": 3072,
      "item3": 3046,
      "item4": 3035,
      "item5": 1038,
      "item6": 3340,
      "magicDamageDealtToChampions": 756,
      "physicalDamageDealtToChampions": 22961,
      "totalDamageDealtToChampions": 23717,
      "trueDamageTaken": 197,
      "wardPlaced": 7,
      "neutralMinionsKilledYourJungle": 5,
      "totalTimeCrowdControlDealt": 83
    }
  },
  "34260942": {
    "gameId": 825975872,
    "invalid": false,
    "gameMode": "CLASSIC",
    "gameType": "MATCHED_GAME",
    "subType": "RANKED_SOLO_5x5",
    "mapId": 1,
    "teamId": 200,
    "championId": 238,
    "spell1": 4,
    "spell2": 21,
    "level": 30,
    "ipEarned": 103,
    "createDate": 1399031537668,
    "fellowPlayers": [
      {
        "summonerId": 24670024,
        "teamId": 100,
        "championId": 104
      },
      {
        "summonerId": 33506265,
        "teamId": 100,
        "championId": 102
      },
      {
        "summonerId": 40243276,
        "teamId": 100,
        "championId": 25
      },
      {
        "summonerId": 32505574,
        "teamId": 100,
        "championId": 45
      },
      {
        "summonerId": 33459022,
        "teamId": 100,
        "championId": 92
      },
      {
        "summonerId": 20852735,
        "teamId": 200,
        "championId": 58
      },
      {
        "summonerId": 30234056,
        "teamId": 200,
        "championId": 5
      },
      {
        "summonerId": 24753997,
        "teamId": 200,
        "championId": 21
      },
      {
        "summonerId": 21708992,
        "teamId": 200,
        "championId": 54
      }
    ],
    "stats": {
      "level": 18,
      "goldEarned": 17805,
      "numDeaths": 7,
      "turretsKilled": 2,
      "minionsKilled": 316,
      "championsKilled": 11,
      "goldSpent": 15692,
      "totalDamageDealt": 268807,
      "totalDamageTaken": 29209,
      "doubleKills": 2,
      "killingSprees": 2,
      "largestKillingSpree": 6,
      "team": 200,
      "win": true,
      "neutralMinionsKilled": 49,
      "largestMultiKill": 2,
      "physicalDamageDealtPlayer": 254272,
      "magicDamageDealtPlayer": 13842,
      "physicalDamageTaken": 14980,
      "magicDamageTaken": 12804,
      "timePlayed": 2250,
      "totalHeal": 4108,
      "totalUnitsHealed": 1,
      "assists": 3,
      "item0": 3153,
      "item1": 3026,
      "item2": 3156,
      "item3": 3275,
      "item4": 3134,
      "item5": 3035,
      "item6": 3340,
      "sightWardsBought": 5,
      "magicDamageDealtToChampions": 1547,
      "physicalDamageDealtToChampions": 26363,
      "totalDamageDealtToChampions": 28394,
      "trueDamageDealtPlayer": 692,
      "trueDamageDealtToChampions": 484,
      "trueDamageTaken": 1424,
      "wardPlaced": 44,
      "neutralMinionsKilledEnemyJungle": 4,
      "neutralMinionsKilledYourJungle": 45,
      "totalTimeCrowdControlDealt": 569
    }
  },
  "21708992": {
    "gameId": 825975872,
    "invalid": false,
    "gameMode": "CLASSIC",
    "gameType": "MATCHED_GAME",
    "subType": "RANKED_SOLO_5x5",
    "mapId": 1,
    "teamId": 200,
    "championId": 54,
    "spell1": 4,
    "spell2": 3,
    "level": 30,
    "ipEarned": 103,
    "createDate": 1399031537669,
    "fellowPlayers": [
      {
        "summonerId": 24670024,
        "teamId": 100,
        "championId": 104
      },
      {
        "summonerId": 33506265,
        "teamId": 100,
        "championId": 102
      },
      {
        "summonerId": 40243276,
        "teamId": 100,
        "championId": 25
      },
      {
        "summonerId": 32505574,
        "teamId": 100,
        "championId": 45
      },
      {
        "summonerId": 33459022,
        "teamId": 100,
        "championId": 92
      },
      {
        "summonerId": 20852735,
        "teamId": 200,
        "championId": 58
      },
      {
        "summonerId": 34260942,
        "teamId": 200,
        "championId": 238
      },
      {
        "summonerId": 30234056,
        "teamId": 200,
        "championId": 5
      },
      {
        "summonerId": 24753997,
        "teamId": 200,
        "championId": 21
      }
    ],
    "stats": {
      "level": 16,
      "goldEarned": 10514,
      "numDeaths": 7,
      "minionsKilled": 21,
      "championsKilled": 3,
      "goldSpent": 8890,
      "totalDamageDealt": 32608,
      "totalDamageTaken": 17697,
      "killingSprees": 1,
      "largestKillingSpree": 2,
      "team": 200,
      "win": true,
      "neutralMinionsKilled": 2,
      "largestMultiKill": 1,
      "physicalDamageDealtPlayer": 7423,
      "magicDamageDealtPlayer": 25184,
      "physicalDamageTaken": 11605,
      "magicDamageTaken": 5577,
      "timePlayed": 2250,
      "totalHeal": 757,
      "totalUnitsHealed": 1,
      "assists": 12,
      "item0": 3070,
      "item1": 3158,
      "item2": 2049,
      "item3": 3096,
      "item4": 3110,
      "item5": 3001,
      "item6": 3341,
      "sightWardsBought": 3,
      "magicDamageDealtToChampions": 13539,
      "physicalDamageDealtToChampions": 1323,
      "totalDamageDealtToChampions": 14863,
      "trueDamageTaken": 514,
      "wardKilled": 1,
      "wardPlaced": 23,
      "neutralMinionsKilledEnemyJungle": 2,
      "totalTimeCrowdControlDealt": 806
    }
  },
  "24753997": {
    "gameId": 825975872,
    "invalid": false,
    "gameMode": "CLASSIC",
    "gameType": "MATCHED_GAME",
    "subType": "RANKED_SOLO_5x5",
    "mapId": 1,
    "teamId": 200,
    "championId": 21,
    "spell1": 4,
    "spell2": 7,
    "level": 30,
    "ipEarned": 103,
    "createDate": 1399031537670,
    "fellowPlayers": [
      {
        "summonerId": 24670024,
        "teamId": 100,
        "championId": 104
      },
      {
        "summonerId": 33506265,
        "teamId": 100,
        "championId": 102
      },
      {
        "summonerId": 40243276,
        "teamId": 100,
        "championId": 25
      },
      {
        "summonerId": 32505574,
        "teamId": 100,
        "championId": 45
      },
      {
        "summonerId": 33459022,
        "teamId": 100,
        "championId": 92
      },
      {
        "summonerId": 20852735,
        "teamId": 200,
        "championId": 58
      },
      {
        "summonerId": 34260942,
        "teamId": 200,
        "championId": 238
      },
      {
        "summonerId": 30234056,
        "teamId": 200,
        "championId": 5
      },
      {
        "summonerId": 21708992,
        "teamId": 200,
        "championId": 54
      }
    ],
    "stats": {
      "level": 16,
      "goldEarned": 14183,
      "numDeaths": 6,
      "turretsKilled": 2,
      "minionsKilled": 201,
      "championsKilled": 9,
      "goldSpent": 13545,
      "totalDamageDealt": 152708,
      "totalDamageTaken": 26840,
      "doubleKills": 2,
      "killingSprees": 4,
      "largestKillingSpree": 3,
      "team": 200,
      "win": true,
      "neutralMinionsKilled": 8,
      "largestMultiKill": 2,
      "physicalDamageDealtPlayer": 131381,
      "magicDamageDealtPlayer": 21327,
      "physicalDamageTaken": 15081,
      "magicDamageTaken": 11414,
      "largestCriticalStrike": 650,
      "timePlayed": 2250,
      "totalHeal": 3565,
      "totalUnitsHealed": 3,
      "assists": 6,
      "item0": 1055,
      "item1": 3035,
      "item2": 3006,
      "item3": 3072,
      "item4": 3046,
      "item5": 3031,
      "item6": 3340,
      "magicDamageDealtToChampions": 6409,
      "physicalDamageDealtToChampions": 18138,
      "totalDamageDealtToChampions": 24547,
      "trueDamageTaken": 345,
      "wardPlaced": 6,
      "neutralMinionsKilledEnemyJungle": 7,
      "neutralMinionsKilledYourJungle": 1,
      "totalTimeCrowdControlDealt": 172
    }
  },
  "33459022": {
    "gameId": 825975872,
    "invalid": false,
    "gameMode": "CLASSIC",
    "gameType": "MATCHED_GAME",
    "subType": "RANKED_SOLO_5x5",
    "mapId": 1,
    "teamId": 100,
    "championId": 92,
    "spell1": 4,
    "spell2": 14,
    "level": 30,
    "ipEarned": 68,
    "createDate": 1399031537660,
    "fellowPlayers": [
      {
        "summonerId": 24670024,
        "teamId": 100,
        "championId": 104
      },
      {
        "summonerId": 33506265,
        "teamId": 100,
        "championId": 102
      },
      {
        "summonerId": 40243276,
        "teamId": 100,
        "championId": 25
      },
      {
        "summonerId": 32505574,
        "teamId": 100,
        "championId": 45
      },
      {
        "summonerId": 20852735,
        "teamId": 200,
        "championId": 58
      },
      {
        "summonerId": 34260942,
        "teamId": 200,
        "championId": 238
      },
      {
        "summonerId": 30234056,
        "teamId": 200,
        "championId": 5
      },
      {
        "summonerId": 24753997,
        "teamId": 200,
        "championId": 21
      },
      {
        "summonerId": 21708992,
        "teamId": 200,
        "championId": 54
      }
    ],
    "stats": {
      "level": 15,
      "goldEarned": 9355,
      "numDeaths": 11,
      "minionsKilled": 165,
      "championsKilled": 2,
      "goldSpent": 9212,
      "totalDamageDealt": 100286,
      "totalDamageTaken": 26105,
      "team": 100,
      "win": false,
      "neutralMinionsKilled": 8,
      "largestMultiKill": 1,
      "physicalDamageDealtPlayer": 99366,
      "physicalDamageTaken": 20712,
      "magicDamageTaken": 4602,
      "timePlayed": 2250,
      "totalHeal": 1955,
      "totalUnitsHealed": 1,
      "assists": 4,
      "item0": 3074,
      "item1": 3275,
      "item2": 3035,
      "item3": 3134,
      "item4": 1055,
      "item6": 3340,
      "sightWardsBought": 2,
      "physicalDamageDealtToChampions": 11748,
      "totalDamageDealtToChampions": 12668,
      "trueDamageDealtPlayer": 920,
      "trueDamageDealtToChampions": 920,
      "trueDamageTaken": 790,
      "wardPlaced": 7,
      "neutralMinionsKilledEnemyJungle": 5,
      "neutralMinionsKilledYourJungle": 3,
      "totalTimeCrowdControlDealt": 70
    }
  },
  "33506265": {
    "gameId": 825975872,
    "invalid": false,
    "gameMode": "CLASSIC",
    "gameType": "MATCHED_GAME",
    "subType": "RANKED_SOLO_5x5",
    "mapId": 1,
    "teamId": 100,
    "championId": 102,
    "spell1": 4,
    "spell2": 11,
    "level": 30,
    "ipEarned": 68,
    "createDate": 1399031537663,
    "fellowPlayers": [
      {
        "summonerId": 24670024,
        "teamId": 100,
        "championId": 104
      },
      {
        "summonerId": 40243276,
        "teamId": 100,
        "championId": 25
      },
      {
        "summonerId": 32505574,
        "teamId": 100,
        "championId": 45
      },
      {
        "summonerId": 33459022,
        "teamId": 100,
        "championId": 92
      },
      {
        "summonerId": 20852735,
        "teamId": 200,
        "championId": 58
      },
      {
        "summonerId": 34260942,
        "teamId": 200,
        "championId": 238
      },
      {
        "summonerId": 30234056,
        "teamId": 200,
        "championId": 5
      },
      {
        "summonerId": 24753997,
        "teamId": 200,
        "championId": 21
      },
      {
        "summonerId": 21708992,
        "teamId": 200,
        "championId": 54
      }
    ],
    "stats": {
      "level": 17,
      "goldEarned": 12043,
      "numDeaths": 5,
      "turretsKilled": 1,
      "minionsKilled": 80,
      "championsKilled": 8,
      "goldSpent": 12390,
      "totalDamageDealt": 165463,
      "totalDamageTaken": 31311,
      "killingSprees": 3,
      "largestKillingSpree": 4,
      "team": 100,
      "win": false,
      "neutralMinionsKilled": 74,
      "largestMultiKill": 1,
      "physicalDamageDealtPlayer": 87345,
      "magicDamageDealtPlayer": 58543,
      "physicalDamageTaken": 25090,
      "magicDamageTaken": 5366,
      "timePlayed": 2250,
      "totalHeal": 5348,
      "totalUnitsHealed": 1,
      "assists": 9,
      "item0": 3068,
      "item1": 3074,
      "item2": 3153,
      "item3": 3047,
      "item4": 1028,
      "item5": 1057,
      "item6": 3341,
      "magicDamageDealtToChampions": 8694,
      "physicalDamageDealtToChampions": 7901,
      "totalDamageDealtToChampions": 17504,
      "trueDamageDealtPlayer": 19574,
      "trueDamageDealtToChampions": 908,
      "trueDamageTaken": 855,
      "wardKilled": 5,
      "neutralMinionsKilledEnemyJungle": 3,
      "neutralMinionsKilledYourJungle": 71,
      "totalTimeCrowdControlDealt": 577
    }
  },
  "40243276": {
    "gameId": 825975872,
    "invalid": false,
    "gameMode": "CLASSIC",
    "gameType": "MATCHED_GAME",
    "subType": "RANKED_SOLO_5x5",
    "mapId": 1,
    "teamId": 100,
    "championId": 25,
    "spell1": 4,
    "spell2": 3,
    "level": 30,
    "ipEarned": 68,
    "createDate": 1399031537662,
    "fellowPlayers": [
      {
        "summonerId": 24670024,
        "teamId": 100,
        "championId": 104
      },
      {
        "summonerId": 33506265,
        "teamId": 100,
        "championId": 102
      },
      {
        "summonerId": 32505574,
        "teamId": 100,
        "championId": 45
      },
      {
        "summonerId": 33459022,
        "teamId": 100,
        "championId": 92
      },
      {
        "summonerId": 20852735,
        "teamId": 200,
        "championId": 58
      },
      {
        "summonerId": 34260942,
        "teamId": 200,
        "championId": 238
      },
      {
        "summonerId": 30234056,
        "teamId": 200,
        "championId": 5
      },
      {
        "summonerId": 24753997,
        "teamId": 200,
        "championId": 21
      },
      {
        "summonerId": 21708992,
        "teamId": 200,
        "championId": 54
      }
    ],
    "stats": {
      "level": 15,
      "goldEarned": 10066,
      "numDeaths": 9,
      "minionsKilled": 46,
      "championsKilled": 4,
      "goldSpent": 10370,
      "totalDamageDealt": 45470,
      "totalDamageTaken": 24285,
      "killingSprees": 1,
      "largestKillingSpree": 2,
      "team": 100,
      "win": false,
      "largestMultiKill": 1,
      "physicalDamageDealtPlayer": 3385,
      "magicDamageDealtPlayer": 42084,
      "physicalDamageTaken": 16229,
      "magicDamageTaken": 7439,
      "timePlayed": 2250,
      "assists": 11,
      "item0": 3092,
      "item1": 2049,
      "item2": 3157,
      "item3": 3255,
      "item5": 1029,
      "item6": 3340,
      "sightWardsBought": 1,
      "magicDamageDealtToChampions": 18712,
      "physicalDamageDealtToChampions": 1491,
      "totalDamageDealtToChampions": 20203,
      "trueDamageTaken": 617,
      "wardPlaced": 21,
      "totalTimeCrowdControlDealt": 184
    }
  },
  "32505574": {
    "gameId": 825975872,
    "invalid": false,
    "gameMode": "CLASSIC",
    "gameType": "MATCHED_GAME",
    "subType": "RANKED_SOLO_5x5",
    "mapId": 1,
    "teamId": 100,
    "championId": 45,
    "spell1": 4,
    "spell2": 14,
    "level": 30,
    "ipEarned": 68,
    "createDate": 1399031537661,
    "fellowPlayers": [
      {
        "summonerId": 24670024,
        "teamId": 100,
        "championId": 104
      },
      {
        "summonerId": 33506265,
        "teamId": 100,
        "championId": 102
      },
      {
        "summonerId": 40243276,
        "teamId": 100,
        "championId": 25
      },
      {
        "summonerId": 33459022,
        "teamId": 100,
        "championId": 92
      },
      {
        "summonerId": 20852735,
        "teamId": 200,
        "championId": 58
      },
      {
        "summonerId": 34260942,
        "teamId": 200,
        "championId": 238
      },
      {
        "summonerId": 30234056,
        "teamId": 200,
        "championId": 5
      },
      {
        "summonerId": 24753997,
        "teamId": 200,
        "championId": 21
      },
      {
        "summonerId": 21708992,
        "teamId": 200,
        "championId": 54
      }
    ],
    "stats": {
      "level": 18,
      "goldEarned": 12403,
      "numDeaths": 6,
      "minionsKilled": 186,
      "championsKilled": 8,
      "goldSpent": 11855,
      "totalDamageDealt": 125955,
      "totalDamageTaken": 23411,
      "killingSprees": 2,
      "largestKillingSpree": 3,
      "team": 100,
      "win": false,
      "neutralMinionsKilled": 6,
      "largestMultiKill": 1,
      "physicalDamageDealtPlayer": 7351,
      "magicDamageDealtPlayer": 116970,
      "physicalDamageTaken": 19804,
      "magicDamageTaken": 3373,
      "timePlayed": 2250,
      "totalHeal": 870,
      "totalUnitsHealed": 1,
      "assists": 7,
      "item0": 3040,
      "item1": 3128,
      "item2": 3157,
      "item3": 3255,
      "item6": 3340,
      "magicDamageDealtToChampions": 24485,
      "physicalDamageDealtToChampions": 978,
      "totalDamageDealtToChampions": 27097,
      "trueDamageDealtPlayer": 1634,
      "trueDamageDealtToChampions": 1634,
      "trueDamageTaken": 234,
      "wardPlaced": 7,
      "neutralMinionsKilledYourJungle": 6,
      "totalTimeCrowdControlDealt": 72
    }
  }
}