{
  "30029131": {
    "gameId": 825976646,
    "invalid": false,
    "gameMode": "CLASSIC",
    "gameType": "MATCHED_GAME",
    "subType": "NORMAL",
    "mapId": 1,
    "teamId": 100,
    "championId": 89,
    "spell1": 3,
    "spell2": 4,
    "level": 30,
    "ipEarned": 226,
    "createDate": 1399030475045,
    "fellowPlayers": [
      {
        "summonerId": 33858876,
        "teamId": 200,
        "championId": 9
      },
      {
        "summonerId": 37336398,
        "teamId": 200,
        "championId": 222
      },
      {
        "summonerId": 28626585,
        "teamId": 200,
        "championId": 77
      },
      {
        "summonerId": 42313849,
        "teamId": 200,
        "championId": 114
      },
      {
        "summonerId": 29262790,
        "teamId": 100,
        "championId": 27
      },
      {
        "summonerId": 37602412,
        "teamId": 100,
        "championId": 4
      },
      {
        "summonerId": 42016919,
        "teamId": 100,
        "championId": 20
      },
      {
        "summonerId": 34653798,
        "teamId": 200,
        "championId": 412
      },
      {
        "summonerId": 35664647,
        "teamId": 100,
        "championId": 22
      }
    ],
    "stats": {
      "level": 11,
      "goldEarned": 7473,
      "numDeaths": 1,
      "barracksKilled": 1,
      "turretsKilled": 1,
      "minionsKilled": 28,
      "championsKilled": 4,
      "goldSpent": 6135,
      "totalDamageDealt": 23726,
      "totalDamageTaken": 10970,
      "killingSprees": 1,
      "largestKillingSpree": 4,
      "team": 100,
      "win": true,
      "largestMultiKill": 1,
      "physicalDamageDealtPlayer": 11818,
      "magicDamageDealtPlayer": 9805,
      "physicalDamageTaken": 6351,
      "magicDamageTaken": 4487,
      "timePlayed": 1093,
      "totalHeal": 1991,
      "totalUnitsHealed": 4,
      "assists": 10,
      "item0": 2049,
      "item1": 3401,
      "item2": 2044,
      "item3": 1011,
      "item4": 3111,
      "item5": 1031,
      "item6": 3340,
      "sightWardsBought": 1,
      "magicDamageDealtToChampions": 2559,
      "physicalDamageDealtToChampions": 3095,
      "totalDamageDealtToChampions": 5706,
      "trueDamageDealtPlayer": 2102,
      "trueDamageDealtToChampions": 52,
      "trueDamageTaken": 132,
      "wardKilled": 1,
      "wardPlaced": 3,
      "totalTimeCrowdControlDealt": 74
    }
  },
  "summonerCount": 10,
  "35664647": {
    "gameId": 825976646,
    "invalid": false,
    "gameMode": "CLASSIC",
    "gameType": "MATCHED_GAME",
    "subType": "NORMAL",
    "mapId": 1,
    "teamId": 100,
    "championId": 22,
    "spell1": 7,
    "spell2": 4,
    "level": 30,
    "ipEarned": 226,
    "createDate": 1399030475049,
    "fellowPlayers": [
      {
        "summonerId": 30029131,
        "teamId": 100,
        "championId": 89
      },
      {
        "summonerId": 33858876,
        "teamId": 200,
        "championId": 9
      },
      {
        "summonerId": 37336398,
        "teamId": 200,
        "championId": 222
      },
      {
        "summonerId": 28626585,
        "teamId": 200,
        "championId": 77
      },
      {
        "summonerId": 42313849,
        "teamId": 200,
        "championId": 114
      },
      {
        "summonerId": 29262790,
        "teamId": 100,
        "championId": 27
      },
      {
        "summonerId": 37602412,
        "teamId": 100,
        "championId": 4
      },
      {
        "summonerId": 42016919,
        "teamId": 100,
        "championId": 20
      },
      {
        "summonerId": 34653798,
        "teamId": 200,
        "championId": 412
      }
    ],
    "stats": {
      "level": 12,
      "goldEarned": 10136,
      "numDeaths": 1,
      "turretsKilled": 2,
      "minionsKilled": 160,
      "championsKilled": 10,
      "goldSpent": 7760,
      "totalDamageDealt": 78069,
      "totalDamageTaken": 7574,
      "doubleKills": 1,
      "killingSprees": 1,
      "largestKillingSpree": 10,
      "team": 100,
      "win": true,
      "neutralMinionsKilled": 1,
      "largestMultiKill": 2,
      "physicalDamageDealtPlayer": 74881,
      "magicDamageDealtPlayer": 3187,
      "physicalDamageTaken": 3915,
      "magicDamageTaken": 3658,
      "largestCriticalStrike": 456,
      "timePlayed": 1093,
      "totalHeal": 1736,
      "totalUnitsHealed": 2,
      "assists": 3,
      "item0": 3086,
      "item1": 3031,
      "item2": 3006,
      "item3": 1055,
      "item4": 1018,
      "item5": 1042,
      "item6": 3340,
      "sightWardsBought": 1,
      "visionWardsBought": 1,
      "magicDamageDealtToChampions": 1743,
      "physicalDamageDealtToChampions": 10841,
      "totalDamageDealtToChampions": 12585,
      "wardPlaced": 5,
      "neutralMinionsKilledEnemyJungle": 1,
      "totalTimeCrowdControlDealt": 425
    }
  },
  "37602412": {
    "gameId": 825976646,
    "invalid": false,
    "gameMode": "CLASSIC",
    "gameType": "MATCHED_GAME",
    "subType": "NORMAL",
    "mapId": 1,
    "teamId": 100,
    "championId": 4,
    "spell1": 7,
    "spell2": 4,
    "level": 30,
    "ipEarned": 76,
    "createDate": 1399030475046,
    "fellowPlayers": [
      {
        "summonerId": 30029131,
        "teamId": 100,
        "championId": 89
      },
      {
        "summonerId": 33858876,
        "teamId": 200,
        "championId": 9
      },
      {
        "summonerId": 37336398,
        "teamId": 200,
        "championId": 222
      },
      {
        "summonerId": 28626585,
        "teamId": 200,
        "championId": 77
      },
      {
        "summonerId": 42313849,
        "teamId": 200,
        "championId": 114
      },
      {
        "summonerId": 29262790,
        "teamId": 100,
        "championId": 27
      },
      {
        "summonerId": 42016919,
        "teamId": 100,
        "championId": 20
      },
      {
        "summonerId": 34653798,
        "teamId": 200,
        "championId": 412
      },
      {
        "summonerId": 35664647,
        "teamId": 100,
        "championId": 22
      }
    ],
    "stats": {
      "level": 11,
      "goldEarned": 6363,
      "numDeaths": 3,
      "turretsKilled": 1,
      "minionsKilled": 81,
      "championsKilled": 1,
      "goldSpent": 5145,
      "totalDamageDealt": 50453,
      "totalDamageTaken": 7850,
      "team": 100,
      "win": true,
      "neutralMinionsKilled": 6,
      "largestMultiKill": 1,
      "physicalDamageDealtPlayer": 15351,
      "magicDamageDealtPlayer": 34721,
      "physicalDamageTaken": 3031,
      "magicDamageTaken": 4620,
      "timePlayed": 1093,
      "totalHeal": 630,
      "totalUnitsHealed": 1,
      "assists": 3,
      "item1": 3020,
      "item2": 3100,
      "item3": 1056,
      "item6": 3340,
      "magicDamageDealtToChampions": 6486,
      "physicalDamageDealtToChampions": 771,
      "totalDamageDealtToChampions": 7519,
      "trueDamageDealtPlayer": 380,
      "trueDamageDealtToChampions": 260,
      "trueDamageTaken": 198,
      "wardPlaced": 3,
      "neutralMinionsKilledEnemyJungle": 6,
      "totalTimeCrowdControlDealt": 65
    }
  },
  "42313849": {
    "gameId": 825976646,
    "invalid": false,
    "gameMode": "CLASSIC",
    "gameType": "MATCHED_GAME",
    "subType": "NORMAL",
    "mapId": 1,
    "teamId": 200,
    "championId": 114,
    "spell1": 4,
    "spell2": 14,
    "level": 30,
    "ipEarned": 0,
    "createDate": 1399030475053,
    "fellowPlayers": [
      {
        "summonerId": 30029131,
        "teamId": 100,
        "championId": 89
      },
      {
        "summonerId": 33858876,
        "teamId": 200,
        "championId": 9
      },
      {
        "summonerId": 37336398,
        "teamId": 200,
        "championId": 222
      },
      {
        "summonerId": 28626585,
        "teamId": 200,
        "championId": 77
      },
      {
        "summonerId": 29262790,
        "teamId": 100,
        "championId": 27
      },
      {
        "summonerId": 37602412,
        "teamId": 100,
        "championId": 4
      },
      {
        "summonerId": 42016919,
        "teamId": 100,
        "championId": 20
      },
      {
        "summonerId": 34653798,
        "teamId": 200,
        "championId": 412
      },
      {
        "summonerId": 35664647,
        "teamId": 100,
        "championId": 22
      }
    ],
    "stats": {
      "level": 8,
      "goldEarned": 3711,
      "numDeaths": 1,
      "minionsKilled": 55,
      "championsKilled": 1,
      "goldSpent": 2295,
      "totalDamageDealt": 16899,
      "totalDamageTaken": 4204,
      "team": 200,
      "win": false,
      "largestMultiKill": 1,
      "physicalDamageDealtPlayer": 16729,
      "physicalDamageTaken": 1458,
      "magicDamageTaken": 2625,
      "timePlayed": 1093,
      "totalHeal": 775,
      "totalUnitsHealed": 1,
      "item1": 2003,
      "item2": 1037,
      "item3": 1055,
      "item4": 1053,
      "item6": 3340,
      "sightWardsBought": 1,
      "physicalDamageDealtToChampions": 3099,
      "totalDamageDealtToChampions": 3269,
      "trueDamageDealtPlayer": 170,
      "trueDamageDealtToChampions": 170,
      "trueDamageTaken": 120,
      "wardPlaced": 3
    }
  },
  "28626585": {
    "gameId": 825976646,
    "invalid": false,
    "gameMode": "CLASSIC",
    "gameType": "MATCHED_GAME",
    "subType": "NORMAL",
    "mapId": 1,
    "teamId": 200,
    "championId": 77,
    "spell1": 11,
    "spell2": 6,
    "level": 30,
    "ipEarned": 51,
    "createDate": 1399030475054,
    "fellowPlayers": [
      {
        "summonerId": 30029131,
        "teamId": 100,
        "championId": 89
      },
      {
        "summonerId": 33858876,
        "teamId": 200,
        "championId": 9
      },
      {
        "summonerId": 37336398,
        "teamId": 200,
        "championId": 222
      },
      {
        "summonerId": 42313849,
        "teamId": 200,
        "championId": 114
      },
      {
        "summonerId": 29262790,
        "teamId": 100,
        "championId": 27
      },
      {
        "summonerId": 37602412,
        "teamId": 100,
        "championId": 4
      },
      {
        "summonerId": 42016919,
        "teamId": 100,
        "championId": 20
      },
      {
        "summonerId": 34653798,
        "teamId": 200,
        "championId": 412
      },
      {
        "summonerId": 35664647,
        "teamId": 100,
        "championId": 22
      }
    ],
    "stats": {
      "level": 10,
      "goldEarned": 4553,
      "numDeaths": 8,
      "minionsKilled": 15,
      "championsKilled": 2,
      "goldSpent": 3860,
      "totalDamageDealt": 44476,
      "totalDamageTaken": 17438,
      "killingSprees": 1,
      "largestKillingSpree": 2,
      "team": 200,
      "win": false,
      "neutralMinionsKilled": 39,
      "largestMultiKill": 1,
      "physicalDamageDealtPlayer": 28626,
      "magicDamageDealtPlayer": 13434,
      "physicalDamageTaken": 10526,
      "magicDamageTaken": 6381,
      "timePlayed": 1093,
      "totalHeal": 1659,
      "totalUnitsHealed": 1,
      "assists": 2,
      "item0": 3154,
      "item1": 1054,
      "item2": 3250,
      "item6": 3340,
      "magicDamageDealtToChampions": 297,
      "physicalDamageDealtToChampions": 3131,
      "totalDamageDealtToChampions": 3657,
      "trueDamageDealtPlayer": 2416,
      "trueDamageDealtToChampions": 228,
      "trueDamageTaken": 530,
      "wardPlaced": 3,
      "neutralMinionsKilledEnemyJungle": 8,
      "neutralMinionsKilledYourJungle": 31,
      "totalTimeCrowdControlDealt": 220
    }
  },
  "29262790": {
    "gameId": 825976646,
    "invalid": false,
    "gameMode": "CLASSIC",
    "gameType": "MATCHED_GAME",
    "subType": "NORMAL",
    "mapId": 1,
    "teamId": 100,
    "championId": 27,
    "spell1": 14,
    "spell2": 6,
    "level": 30,
    "ipEarned": 76,
    "createDate": 1399030475047,
    "fellowPlayers": [
      {
        "summonerId": 30029131,
        "teamId": 100,
        "championId": 89
      },
      {
        "summonerId": 33858876,
        "teamId": 200,
        "championId": 9
      },
      {
        "summonerId": 37336398,
        "teamId": 200,
        "championId": 222
      },
      {
        "summonerId": 28626585,
        "teamId": 200,
        "championId": 77
      },
      {
        "summonerId": 42313849,
        "teamId": 200,
        "championId": 114
      },
      {
        "summonerId": 37602412,
        "teamId": 100,
        "championId": 4
      },
      {
        "summonerId": 42016919,
        "teamId": 100,
        "championId": 20
      },
      {
        "summonerId": 34653798,
        "teamId": 200,
        "championId": 412
      },
      {
        "summonerId": 35664647,
        "teamId": 100,
        "championId": 22
      }
    ],
    "stats": {
      "level": 12,
      "goldEarned": 7210,
      "minionsKilled": 111,
      "championsKilled": 5,
      "goldSpent": 6010,
      "totalDamageDealt": 70984,
      "totalDamageTaken": 9178,
      "doubleKills": 1,
      "killingSprees": 1,
      "largestKillingSpree": 5,
      "team": 100,
      "win": true,
      "largestMultiKill": 2,
      "physicalDamageDealtPlayer": 10038,
      "magicDamageDealtPlayer": 60531,
      "physicalDamageTaken": 7726,
      "magicDamageTaken": 1106,
      "timePlayed": 1093,
      "totalHeal": 342,
      "totalUnitsHealed": 1,
      "assists": 3,
      "item0": 2041,
      "item1": 3070,
      "item2": 3027,
      "item3": 3111,
      "item4": 1026,
      "item6": 3340,
      "magicDamageDealtToChampions": 6968,
      "physicalDamageDealtToChampions": 648,
      "totalDamageDealtToChampions": 8030,
      "trueDamageDealtPlayer": 414,
      "trueDamageDealtToChampions": 414,
      "trueDamageTaken": 346,
      "wardPlaced": 3,
      "totalTimeCrowdControlDealt": 24
    }
  },
  "42016919": {
    "gameId": 825976646,
    "invalid": false,
    "gameMode": "CLASSIC",
    "gameType": "MATCHED_GAME",
    "subType": "NORMAL",
    "mapId": 1,
    "teamId": 100,
    "championId": 20,
    "spell1": 4,
    "spell2": 11,
    "level": 30,
    "ipEarned": 76,
    "createDate": 1399030475048,
    "fellowPlayers": [
      {
        "summonerId": 30029131,
        "teamId": 100,
        "championId": 89
      },
      {
        "summonerId": 33858876,
        "teamId": 200,
        "championId": 9
      },
      {
        "summonerId": 37336398,
        "teamId": 200,
        "championId": 222
      },
      {
        "summonerId": 28626585,
        "teamId": 200,
        "championId": 77
      },
      {
        "summonerId": 42313849,
        "teamId": 200,
        "championId": 114
      },
      {
        "summonerId": 29262790,
        "teamId": 100,
        "championId": 27
      },
      {
        "summonerId": 37602412,
        "teamId": 100,
        "championId": 4
      },
      {
        "summonerId": 34653798,
        "teamId": 200,
        "championId": 412
      },
      {
        "summonerId": 35664647,
        "teamId": 100,
        "championId": 22
      }
    ],
    "stats": {
      "level": 10,
      "goldEarned": 5877,
      "numDeaths": 3,
      "turretsKilled": 4,
      "minionsKilled": 4,
      "championsKilled": 1,
      "goldSpent": 5740,
      "totalDamageDealt": 47971,
      "totalDamageTaken": 11930,
      "team": 100,
      "win": true,
      "neutralMinionsKilled": 39,
      "largestMultiKill": 1,
      "physicalDamageDealtPlayer": 21882,
      "magicDamageDealtPlayer": 11848,
      "physicalDamageTaken": 10628,
      "magicDamageTaken": 1121,
      "timePlayed": 1093,
      "totalHeal": 3391,
      "totalUnitsHealed": 1,
      "assists": 6,
      "item0": 3206,
      "item1": 3009,
      "item2": 1058,
      "item3": 1026,
      "item6": 3340,
      "magicDamageDealtToChampions": 1875,
      "physicalDamageDealtToChampions": 815,
      "totalDamageDealtToChampions": 2834,
      "trueDamageDealtPlayer": 14240,
      "trueDamageDealtToChampions": 144,
      "trueDamageTaken": 180,
      "wardPlaced": 3,
      "neutralMinionsKilledEnemyJungle": 3,
      "neutralMinionsKilledYourJungle": 36,
      "totalTimeCrowdControlDealt": 395
    }
  },
  "37336398": {
    "gameId": 825976646,
    "invalid": false,
    "gameMode": "CLASSIC",
    "gameType": "MATCHED_GAME",
    "subType": "NORMAL",
    "mapId": 1,
    "teamId": 200,
    "championId": 222,
    "spell1": 7,
    "spell2": 4,
    "level": 30,
    "ipEarned": 0,
    "createDate": 1399030475055,
    "fellowPlayers": [
      {
        "summonerId": 30029131,
        "teamId": 100,
        "championId": 89
      },
      {
        "summonerId": 33858876,
        "teamId": 200,
        "championId": 9
      },
      {
        "summonerId": 28626585,
        "teamId": 200,
        "championId": 77
      },
      {
        "summonerId": 42313849,
        "teamId": 200,
        "championId": 114
      },
      {
        "summonerId": 29262790,
        "teamId": 100,
        "championId": 27
      },
      {
        "summonerId": 37602412,
        "teamId": 100,
        "championId": 4
      },
      {
        "summonerId": 42016919,
        "teamId": 100,
        "championId": 20
      },
      {
        "summonerId": 34653798,
        "teamId": 200,
        "championId": 412
      },
      {
        "summonerId": 35664647,
        "teamId": 100,
        "championId": 22
      }
    ],
    "stats": {
      "level": 4,
      "goldEarned": 2626,
      "numDeaths": 2,
      "minionsKilled": 13,
      "goldSpent": 1195,
      "totalDamageDealt": 3901,
      "totalDamageTaken": 2404,
      "team": 200,
      "win": false,
      "physicalDamageDealtPlayer": 3433,
      "magicDamageDealtPlayer": 467,
      "physicalDamageTaken": 1692,
      "magicDamageTaken": 695,
      "timePlayed": 1093,
      "totalHeal": 245,
      "totalUnitsHealed": 1,
      "item0": 1055,
      "item1": 1036,
      "item2": 1001,
      "item4": 2003,
      "item6": 3340,
      "magicDamageDealtToChampions": 385,
      "physicalDamageDealtToChampions": 303,
      "totalDamageDealtToChampions": 688,
      "trueDamageTaken": 16,
      "totalTimeCrowdControlDealt": 12
    }
  },
  "33858876": {
    "gameId": 825976646,
    "invalid": false,
    "gameMode": "CLASSIC",
    "gameType": "MATCHED_GAME",
    "subType": "NORMAL",
    "mapId": 1,
    "teamId": 200,
    "championId": 9,
    "spell1": 14,
    "spell2": 4,
    "level": 30,
    "ipEarned": 51,
    "createDate": 1399030475052,
    "fellowPlayers": [
      {
        "summonerId": 30029131,
        "teamId": 100,
        "championId": 89
      },
      {
        "summonerId": 37336398,
        "teamId": 200,
        "championId": 222
      },
      {
        "summonerId": 28626585,
        "teamId": 200,
        "championId": 77
      },
      {
        "summonerId": 42313849,
        "teamId": 200,
        "championId": 114
      },
      {
        "summonerId": 29262790,
        "teamId": 100,
        "championId": 27
      },
      {
        "summonerId": 37602412,
        "teamId": 100,
        "championId": 4
      },
      {
        "summonerId": 42016919,
        "teamId": 100,
        "championId": 20
      },
      {
        "summonerId": 34653798,
        "teamId": 200,
        "championId": 412
      },
      {
        "summonerId": 35664647,
        "teamId": 100,
        "championId": 22
      }
    ],
    "stats": {
      "level": 12,
      "goldEarned": 6217,
      "numDeaths": 3,
      "minionsKilled": 117,
      "championsKilled": 4,
      "goldSpent": 6000,
      "totalDamageDealt": 71025,
      "totalDamageTaken": 12855,
      "killingSprees": 1,
      "largestKillingSpree": 2,
      "team": 200,
      "win": false,
      "neutralMinionsKilled": 3,
      "largestMultiKill": 1,
      "physicalDamageDealtPlayer": 7620,
      "magicDamageDealtPlayer": 63126,
      "physicalDamageTaken": 7558,
      "magicDamageTaken": 5152,
      "timePlayed": 1093,
      "totalHeal": 6324,
      "totalUnitsHealed": 1,
      "assists": 1,
      "item0": 1056,
      "item1": 3157,
      "item2": 1026,
      "item3": 3020,
      "item4": 2003,
      "item6": 3340,
      "visionWardsBought": 1,
      "magicDamageDealtToChampions": 11586,
      "physicalDamageDealtToChampions": 120,
      "totalDamageDealtToChampions": 11984,
      "trueDamageDealtPlayer": 278,
      "trueDamageDealtToChampions": 278,
      "trueDamageTaken": 144,
      "wardPlaced": 6,
      "neutralMinionsKilledYourJungle": 3,
      "totalTimeCrowdControlDealt": 259
    }
  },
  "34653798": {
    "gameId": 825976646,
    "invalid": false,
    "gameMode": "CLASSIC",
    "gameType": "MATCHED_GAME",
    "subType": "NORMAL",
    "mapId": 1,
    "teamId": 200,
    "championId": 412,
    "spell1": 7,
    "spell2": 4,
    "level": 30,
    "ipEarned": 51,
    "createDate": 1399030475050,
    "fellowPlayers": [
      {
        "summonerId": 30029131,
        "teamId": 100,
        "championId": 89
      },
      {
        "summonerId": 33858876,
        "teamId": 200,
        "championId": 9
      },
      {
        "summonerId": 37336398,
        "teamId": 200,
        "championId": 222
      },
      {
        "summonerId": 28626585,
        "teamId": 200,
        "championId": 77
      },
      {
        "summonerId": 42313849,
        "teamId": 200,
        "championId": 114
      },
      {
        "summonerId": 29262790,
        "teamId": 100,
        "championId": 27
      },
      {
        "summonerId": 37602412,
        "teamId": 100,
        "championId": 4
      },
      {
        "summonerId": 42016919,
        "teamId": 100,
        "championId": 20
      },
      {
        "summonerId": 35664647,
        "teamId": 100,
        "championId": 22
      }
    ],
    "stats": {
      "level": 8,
      "goldEarned": 3210,
      "numDeaths": 8,
      "minionsKilled": 11,
      "championsKilled": 1,
      "goldSpent": 3345,
      "totalDamageDealt": 6638,
      "totalDamageTaken": 12944,
      "team": 200,
      "win": false,
      "largestMultiKill": 1,
      "physicalDamageDealtPlayer": 2394,
      "magicDamageDealtPlayer": 4244,
      "physicalDamageTaken": 8106,
      "magicDamageTaken": 4778,
      "timePlayed": 1093,
      "totalHeal": 871,
      "totalUnitsHealed": 2,
      "assists": 2,
      "item0": 3270,
      "item1": 1028,
      "item2": 1028,
      "item6": 3341,
      "sightWardsBought": 1,
      "magicDamageDealtToChampions": 2724,
      "physicalDamageDealtToChampions": 741,
      "totalDamageDealtToChampions": 3466,
      "trueDamageTaken": 60,
      "wardPlaced": 1,
      "totalTimeCrowdControlDealt": 62
    }
  }
}