{
  "22517844": {
    "gameId": 825976233,
    "invalid": false,
    "gameMode": "CLASSIC",
    "gameType": "MATCHED_GAME",
    "subType": "RANKED_SOLO_5x5",
    "mapId": 1,
    "teamId": 100,
    "championId": 7,
    "spell1": 4,
    "spell2": 14,
    "level": 30,
    "ipEarned": 64,
    "createDate": 1399031383384,
    "fellowPlayers": [
      {
        "summonerId": 30737971,
        "teamId": 200,
        "championId": 134
      },
      {
        "summonerId": 33357901,
        "teamId": 100,
        "championId": 89
      },
      {
        "summonerId": 31503140,
        "teamId": 100,
        "championId": 58
      },
      {
        "summonerId": 31387125,
        "teamId": 200,
        "championId": 53
      },
      {
        "summonerId": 30349867,
        "teamId": 200,
        "championId": 5
      },
      {
        "summonerId": 34243615,
        "teamId": 100,
        "championId": 102
      },
      {
        "summonerId": 31337866,
        "teamId": 200,
        "championId": 2
      },
      {
        "summonerId": 31143546,
        "teamId": 200,
        "championId": 104
      },
      {
        "summonerId": 33514230,
        "teamId": 100,
        "championId": 22
      }
    ],
    "stats": {
      "level": 16,
      "goldEarned": 13480,
      "numDeaths": 10,
      "minionsKilled": 128,
      "championsKilled": 15,
      "goldSpent": 13575,
      "totalDamageDealt": 92755,
      "totalDamageTaken": 26622,
      "doubleKills": 1,
      "killingSprees": 4,
      "largestKillingSpree": 4,
      "team": 100,
      "win": false,
      "neutralMinionsKilled": 7,
      "largestMultiKill": 2,
      "physicalDamageDealtPlayer": 10618,
      "magicDamageDealtPlayer": 81188,
      "physicalDamageTaken": 13350,
      "magicDamageTaken": 11730,
      "timePlayed": 2099,
      "totalHeal": 1210,
      "totalUnitsHealed": 1,
      "assists": 7,
      "item0": 3157,
      "item1": 3136,
      "item2": 3128,
      "item3": 3089,
      "item4": 3255,
      "item6": 3340,
      "magicDamageDealtToChampions": 27051,
      "physicalDamageDealtToChampions": 1188,
      "totalDamageDealtToChampions": 29021,
      "trueDamageDealtPlayer": 949,
      "trueDamageDealtToChampions": 781,
      "trueDamageTaken": 1542,
      "wardPlaced": 5,
      "neutralMinionsKilledEnemyJungle": 1,
      "neutralMinionsKilledYourJungle": 6,
      "totalTimeCrowdControlDealt": 153
    }
  },
  "summonerCount": 10,
  "33357901": {
    "gameId": 825976233,
    "invalid": false,
    "gameMode": "CLASSIC",
    "gameType": "MATCHED_GAME",
    "subType": "RANKED_SOLO_5x5",
    "mapId": 1,
    "teamId": 100,
    "championId": 89,
    "spell1": 3,
    "spell2": 4,
    "level": 30,
    "ipEarned": 64,
    "createDate": 1399031383389,
    "fellowPlayers": [
      {
        "summonerId": 30737971,
        "teamId": 200,
        "championId": 134
      },
      {
        "summonerId": 31503140,
        "teamId": 100,
        "championId": 58
      },
      {
        "summonerId": 31387125,
        "teamId": 200,
        "championId": 53
      },
      {
        "summonerId": 30349867,
        "teamId": 200,
        "championId": 5
      },
      {
        "summonerId": 34243615,
        "teamId": 100,
        "championId": 102
      },
      {
        "summonerId": 22517844,
        "teamId": 100,
        "championId": 7
      },
      {
        "summonerId": 31337866,
        "teamId": 200,
        "championId": 2
      },
      {
        "summonerId": 31143546,
        "teamId": 200,
        "championId": 104
      },
      {
        "summonerId": 33514230,
        "teamId": 100,
        "championId": 22
      }
    ],
    "stats": {
      "level": 15,
      "goldEarned": 8495,
      "numDeaths": 9,
      "turretsKilled": 1,
      "minionsKilled": 39,
      "championsKilled": 5,
      "goldSpent": 7855,
      "totalDamageDealt": 25048,
      "totalDamageTaken": 27758,
      "doubleKills": 1,
      "killingSprees": 2,
      "largestKillingSpree": 2,
      "team": 100,
      "win": false,
      "largestMultiKill": 2,
      "physicalDamageDealtPlayer": 6876,
      "magicDamageDealtPlayer": 14388,
      "physicalDamageTaken": 16792,
      "magicDamageTaken": 9441,
      "timePlayed": 2099,
      "totalHeal": 2887,
      "totalUnitsHealed": 5,
      "assists": 10,
      "item0": 3143,
      "item1": 2049,
      "item2": 3047,
      "item3": 3097,
      "item4": 3105,
      "item6": 3340,
      "sightWardsBought": 2,
      "magicDamageDealtToChampions": 7797,
      "physicalDamageDealtToChampions": 2650,
      "totalDamageDealtToChampions": 10447,
      "trueDamageDealtPlayer": 3784,
      "trueDamageTaken": 1524,
      "wardPlaced": 13,
      "totalTimeCrowdControlDealt": 365
    }
  },
  "31143546": {
    "gameId": 825976233,
    "invalid": false,
    "gameMode": "CLASSIC",
    "gameType": "MATCHED_GAME",
    "subType": "RANKED_SOLO_5x5",
    "mapId": 1,
    "teamId": 200,
    "championId": 104,
    "spell1": 4,
    "spell2": 7,
    "level": 30,
    "ipEarned": 96,
    "createDate": 1399031383392,
    "fellowPlayers": [
      {
        "summonerId": 30737971,
        "teamId": 200,
        "championId": 134
      },
      {
        "summonerId": 33357901,
        "teamId": 100,
        "championId": 89
      },
      {
        "summonerId": 31503140,
        "teamId": 100,
        "championId": 58
      },
      {
        "summonerId": 31387125,
        "teamId": 200,
        "championId": 53
      },
      {
        "summonerId": 30349867,
        "teamId": 200,
        "championId": 5
      },
      {
        "summonerId": 34243615,
        "teamId": 100,
        "championId": 102
      },
      {
        "summonerId": 22517844,
        "teamId": 100,
        "championId": 7
      },
      {
        "summonerId": 31337866,
        "teamId": 200,
        "championId": 2
      },
      {
        "summonerId": 33514230,
        "teamId": 100,
        "championId": 22
      }
    ],
    "stats": {
      "level": 17,
      "goldEarned": 14467,
      "numDeaths": 7,
      "minionsKilled": 148,
      "championsKilled": 11,
      "goldSpent": 11470,
      "totalDamageDealt": 139059,
      "totalDamageTaken": 24198,
      "doubleKills": 1,
      "killingSprees": 2,
      "largestKillingSpree": 4,
      "team": 200,
      "win": true,
      "neutralMinionsKilled": 20,
      "largestMultiKill": 2,
      "physicalDamageDealtPlayer": 136405,
      "magicDamageDealtPlayer": 1023,
      "physicalDamageTaken": 13661,
      "magicDamageTaken": 10237,
      "largestCriticalStrike": 646,
      "timePlayed": 2099,
      "totalHeal": 3828,
      "totalUnitsHealed": 4,
      "assists": 12,
      "item0": 1055,
      "item1": 3046,
      "item2": 3072,
      "item3": 3006,
      "item4": 3035,
      "item5": 1038,
      "item6": 3340,
      "magicDamageDealtToChampions": 648,
      "physicalDamageDealtToChampions": 27767,
      "totalDamageDealtToChampions": 29956,
      "trueDamageDealtPlayer": 1630,
      "trueDamageDealtToChampions": 1540,
      "trueDamageTaken": 300,
      "wardPlaced": 3,
      "neutralMinionsKilledEnemyJungle": 5,
      "neutralMinionsKilledYourJungle": 15,
      "totalTimeCrowdControlDealt": 258
    }
  },
  "30349867": {
    "gameId": 825976233,
    "invalid": false,
    "gameMode": "CLASSIC",
    "gameType": "MATCHED_GAME",
    "subType": "RANKED_SOLO_5x5",
    "mapId": 1,
    "teamId": 200,
    "championId": 5,
    "spell1": 11,
    "spell2": 4,
    "level": 30,
    "ipEarned": 96,
    "createDate": 1399031383391,
    "fellowPlayers": [
      {
        "summonerId": 30737971,
        "teamId": 200,
        "championId": 134
      },
      {
        "summonerId": 33357901,
        "teamId": 100,
        "championId": 89
      },
      {
        "summonerId": 31503140,
        "teamId": 100,
        "championId": 58
      },
      {
        "summonerId": 31387125,
        "teamId": 200,
        "championId": 53
      },
      {
        "summonerId": 34243615,
        "teamId": 100,
        "championId": 102
      },
      {
        "summonerId": 22517844,
        "teamId": 100,
        "championId": 7
      },
      {
        "summonerId": 31337866,
        "teamId": 200,
        "championId": 2
      },
      {
        "summonerId": 31143546,
        "teamId": 200,
        "championId": 104
      },
      {
        "summonerId": 33514230,
        "teamId": 100,
        "championId": 22
      }
    ],
    "stats": {
      "level": 17,
      "goldEarned": 13398,
      "numDeaths": 9,
      "barracksKilled": 2,
      "turretsKilled": 1,
      "minionsKilled": 72,
      "championsKilled": 3,
      "goldSpent": 11408,
      "totalDamageDealt": 202376,
      "totalDamageTaken": 37145,
      "team": 200,
      "win": true,
      "neutralMinionsKilled": 96,
      "largestMultiKill": 1,
      "physicalDamageDealtPlayer": 132043,
      "magicDamageDealtPlayer": 54447,
      "physicalDamageTaken": 25338,
      "magicDamageTaken": 10651,
      "largestCriticalStrike": 651,
      "timePlayed": 2099,
      "totalHeal": 13864,
      "totalUnitsHealed": 1,
      "assists": 13,
      "item0": 3078,
      "item1": 3160,
      "item2": 3074,
      "item3": 3267,
      "item4": 2004,
      "item6": 3340,
      "magicDamageDealtToChampions": 3127,
      "physicalDamageDealtToChampions": 13681,
      "totalDamageDealtToChampions": 17630,
      "trueDamageDealtPlayer": 15886,
      "trueDamageDealtToChampions": 822,
      "trueDamageTaken": 1156,
      "wardPlaced": 17,
      "neutralMinionsKilledEnemyJungle": 11,
      "neutralMinionsKilledYourJungle": 85,
      "totalTimeCrowdControlDealt": 646
    }
  },
  "33514230": {
    "gameId": 825976233,
    "invalid": false,
    "gameMode": "CLASSIC",
    "gameType": "MATCHED_GAME",
    "subType": "RANKED_SOLO_5x5",
    "mapId": 1,
    "teamId": 100,
    "championId": 22,
    "spell1": 7,
    "spell2": 4,
    "level": 30,
    "ipEarned": 64,
    "createDate": 1399031383387,
    "fellowPlayers": [
      {
        "summonerId": 30737971,
        "teamId": 200,
        "championId": 134
      },
      {
        "summonerId": 33357901,
        "teamId": 100,
        "championId": 89
      },
      {
        "summonerId": 31503140,
        "teamId": 100,
        "championId": 58
      },
      {
        "summonerId": 31387125,
        "teamId": 200,
        "championId": 53
      },
      {
        "summonerId": 30349867,
        "teamId": 200,
        "championId": 5
      },
      {
        "summonerId": 34243615,
        "teamId": 100,
        "championId": 102
      },
      {
        "summonerId": 22517844,
        "teamId": 100,
        "championId": 7
      },
      {
        "summonerId": 31337866,
        "teamId": 200,
        "championId": 2
      },
      {
        "summonerId": 31143546,
        "teamId": 200,
        "championId": 104
      }
    ],
    "stats": {
      "level": 15,
      "goldEarned": 11577,
      "numDeaths": 8,
      "turretsKilled": 1,
      "minionsKilled": 196,
      "championsKilled": 5,
      "goldSpent": 11745,
      "totalDamageDealt": 123416,
      "totalDamageTaken": 21602,
      "killingSprees": 1,
      "largestKillingSpree": 2,
      "team": 100,
      "win": false,
      "neutralMinionsKilled": 8,
      "largestMultiKill": 1,
      "physicalDamageDealtPlayer": 116443,
      "magicDamageDealtPlayer": 6972,
      "physicalDamageTaken": 11034,
      "magicDamageTaken": 10051,
      "largestCriticalStrike": 543,
      "timePlayed": 2099,
      "totalHeal": 2596,
      "totalUnitsHealed": 3,
      "assists": 7,
      "item0": 3153,
      "item1": 3031,
      "item2": 3250,
      "item3": 1055,
      "item4": 3087,
      "item6": 3340,
      "magicDamageDealtToChampions": 3388,
      "physicalDamageDealtToChampions": 14792,
      "totalDamageDealtToChampions": 18181,
      "trueDamageTaken": 516,
      "wardPlaced": 4,
      "neutralMinionsKilledYourJungle": 8,
      "totalTimeCrowdControlDealt": 499
    }
  },
  "31337866": {
    "gameId": 825976233,
    "invalid": false,
    "gameMode": "CLASSIC",
    "gameType": "MATCHED_GAME",
    "subType": "RANKED_SOLO_5x5",
    "mapId": 1,
    "teamId": 200,
    "championId": 2,
    "spell1": 14,
    "spell2": 4,
    "level": 30,
    "ipEarned": 96,
    "createDate": 1399031383394,
    "fellowPlayers": [
      {
        "summonerId": 30737971,
        "teamId": 200,
        "championId": 134
      },
      {
        "summonerId": 33357901,
        "teamId": 100,
        "championId": 89
      },
      {
        "summonerId": 31503140,
        "teamId": 100,
        "championId": 58
      },
      {
        "summonerId": 31387125,
        "teamId": 200,
        "championId": 53
      },
      {
        "summonerId": 30349867,
        "teamId": 200,
        "championId": 5
      },
      {
        "summonerId": 34243615,
        "teamId": 100,
        "championId": 102
      },
      {
        "summonerId": 22517844,
        "teamId": 100,
        "championId": 7
      },
      {
        "summonerId": 31143546,
        "teamId": 200,
        "championId": 104
      },
      {
        "summonerId": 33514230,
        "teamId": 100,
        "championId": 22
      }
    ],
    "stats": {
      "level": 16,
      "goldEarned": 13343,
      "numDeaths": 8,
      "turretsKilled": 3,
      "minionsKilled": 110,
      "championsKilled": 12,
      "goldSpent": 11480,
      "totalDamageDealt": 108206,
      "totalDamageTaken": 31987,
      "killingSprees": 3,
      "largestKillingSpree": 4,
      "team": 200,
      "win": true,
      "neutralMinionsKilled": 10,
      "largestMultiKill": 1,
      "physicalDamageDealtPlayer": 86165,
      "magicDamageDealtPlayer": 91,
      "physicalDamageTaken": 17803,
      "magicDamageTaken": 12368,
      "timePlayed": 2099,
      "totalHeal": 3726,
      "totalUnitsHealed": 1,
      "assists": 9,
      "item0": 3047,
      "item1": 3153,
      "item2": 3074,
      "item3": 3022,
      "item6": 3340,
      "magicDamageDealtToChampions": 91,
      "physicalDamageDealtToChampions": 17221,
      "totalDamageDealtToChampions": 28496,
      "trueDamageDealtPlayer": 21948,
      "trueDamageDealtToChampions": 11182,
      "trueDamageTaken": 1816,
      "wardPlaced": 10,
      "neutralMinionsKilledEnemyJungle": 9,
      "neutralMinionsKilledYourJungle": 1,
      "totalTimeCrowdControlDealt": 361
    }
  },
  "31503140": {
    "gameId": 825976233,
    "invalid": false,
    "gameMode": "CLASSIC",
    "gameType": "MATCHED_GAME",
    "subType": "RANKED_SOLO_5x5",
    "mapId": 1,
    "teamId": 100,
    "championId": 58,
    "spell1": 14,
    "spell2": 4,
    "level": 30,
    "ipEarned": 64,
    "createDate": 1399031383390,
    "fellowPlayers": [
      {
        "summonerId": 30737971,
        "teamId": 200,
        "championId": 134
      },
      {
        "summonerId": 33357901,
        "teamId": 100,
        "championId": 89
      },
      {
        "summonerId": 31387125,
        "teamId": 200,
        "championId": 53
      },
      {
        "summonerId": 30349867,
        "teamId": 200,
        "championId": 5
      },
      {
        "summonerId": 34243615,
        "teamId": 100,
        "championId": 102
      },
      {
        "summonerId": 22517844,
        "teamId": 100,
        "championId": 7
      },
      {
        "summonerId": 31337866,
        "teamId": 200,
        "championId": 2
      },
      {
        "summonerId": 31143546,
        "teamId": 200,
        "championId": 104
      },
      {
        "summonerId": 33514230,
        "teamId": 100,
        "championId": 22
      }
    ],
    "stats": {
      "level": 17,
      "goldEarned": 11750,
      "numDeaths": 10,
      "turretsKilled": 1,
      "minionsKilled": 175,
      "championsKilled": 7,
      "goldSpent": 11480,
      "totalDamageDealt": 132984,
      "totalDamageTaken": 45049,
      "doubleKills": 1,
      "killingSprees": 1,
      "largestKillingSpree": 5,
      "team": 100,
      "win": false,
      "neutralMinionsKilled": 16,
      "largestMultiKill": 2,
      "physicalDamageDealtPlayer": 98247,
      "magicDamageDealtPlayer": 32057,
      "physicalDamageTaken": 25090,
      "magicDamageTaken": 11247,
      "timePlayed": 2099,
      "totalHeal": 8354,
      "totalUnitsHealed": 1,
      "assists": 8,
      "item0": 3143,
      "item1": 3083,
      "item2": 1028,
      "item3": 3260,
      "item4": 1054,
      "item5": 3068,
      "item6": 3340,
      "magicDamageDealtToChampions": 9307,
      "physicalDamageDealtToChampions": 15879,
      "totalDamageDealtToChampions": 27221,
      "trueDamageDealtPlayer": 2680,
      "trueDamageDealtToChampions": 2034,
      "trueDamageTaken": 8710,
      "wardKilled": 1,
      "wardPlaced": 5,
      "neutralMinionsKilledEnemyJungle": 2,
      "neutralMinionsKilledYourJungle": 14,
      "totalTimeCrowdControlDealt": 557
    }
  },
  "31387125": {
    "gameId": 825976233,
    "invalid": false,
    "gameMode": "CLASSIC",
    "gameType": "MATCHED_GAME",
    "subType": "RANKED_SOLO_5x5",
    "mapId": 1,
    "teamId": 200,
    "championId": 53,
    "spell1": 4,
    "spell2": 3,
    "level": 30,
    "ipEarned": 96,
    "createDate": 1399031383396,
    "fellowPlayers": [
      {
        "summonerId": 30737971,
        "teamId": 200,
        "championId": 134
      },
      {
        "summonerId": 33357901,
        "teamId": 100,
        "championId": 89
      },
      {
        "summonerId": 31503140,
        "teamId": 100,
        "championId": 58
      },
      {
        "summonerId": 30349867,
        "teamId": 200,
        "championId": 5
      },
      {
        "summonerId": 34243615,
        "teamId": 100,
        "championId": 102
      },
      {
        "summonerId": 22517844,
        "teamId": 100,
        "championId": 7
      },
      {
        "summonerId": 31337866,
        "teamId": 200,
        "championId": 2
      },
      {
        "summonerId": 31143546,
        "teamId": 200,
        "championId": 104
      },
      {
        "summonerId": 33514230,
        "teamId": 100,
        "championId": 22
      }
    ],
    "stats": {
      "level": 17,
      "goldEarned": 11585,
      "numDeaths": 3,
      "barracksKilled": 1,
      "minionsKilled": 25,
      "championsKilled": 1,
      "goldSpent": 9390,
      "totalDamageDealt": 33781,
      "totalDamageTaken": 27169,
      "team": 200,
      "win": true,
      "largestMultiKill": 1,
      "physicalDamageDealtPlayer": 9922,
      "magicDamageDealtPlayer": 23859,
      "physicalDamageTaken": 13232,
      "magicDamageTaken": 13224,
      "timePlayed": 2099,
      "totalHeal": 3177,
      "totalUnitsHealed": 1,
      "assists": 24,
      "item0": 3069,
      "item1": 2049,
      "item2": 3270,
      "item3": 3102,
      "item4": 1011,
      "item5": 3082,
      "item6": 3341,
      "sightWardsBought": 3,
      "magicDamageDealtToChampions": 9899,
      "physicalDamageDealtToChampions": 4753,
      "totalDamageDealtToChampions": 14653,
      "trueDamageTaken": 713,
      "wardPlaced": 2,
      "totalTimeCrowdControlDealt": 120
    }
  },
  "34243615": {
    "gameId": 825976233,
    "invalid": false,
    "gameMode": "CLASSIC",
    "gameType": "MATCHED_GAME",
    "subType": "RANKED_SOLO_5x5",
    "mapId": 1,
    "teamId": 100,
    "championId": 102,
    "spell1": 4,
    "spell2": 11,
    "level": 30,
    "ipEarned": 64,
    "createDate": 1399031383386,
    "fellowPlayers": [
      {
        "summonerId": 30737971,
        "teamId": 200,
        "championId": 134
      },
      {
        "summonerId": 33357901,
        "teamId": 100,
        "championId": 89
      },
      {
        "summonerId": 31503140,
        "teamId": 100,
        "championId": 58
      },
      {
        "summonerId": 31387125,
        "teamId": 200,
        "championId": 53
      },
      {
        "summonerId": 30349867,
        "teamId": 200,
        "championId": 5
      },
      {
        "summonerId": 22517844,
        "teamId": 100,
        "championId": 7
      },
      {
        "summonerId": 31337866,
        "teamId": 200,
        "championId": 2
      },
      {
        "summonerId": 31143546,
        "teamId": 200,
        "championId": 104
      },
      {
        "summonerId": 33514230,
        "teamId": 100,
        "championId": 22
      }
    ],
    "stats": {
      "level": 16,
      "goldEarned": 10455,
      "numDeaths": 5,
      "minionsKilled": 44,
      "championsKilled": 3,
      "goldSpent": 9110,
      "totalDamageDealt": 138631,
      "totalDamageTaken": 30100,
      "killingSprees": 1,
      "largestKillingSpree": 2,
      "team": 100,
      "win": false,
      "neutralMinionsKilled": 84,
      "largestMultiKill": 1,
      "physicalDamageDealtPlayer": 45201,
      "magicDamageDealtPlayer": 81834,
      "physicalDamageTaken": 22374,
      "magicDamageTaken": 5874,
      "timePlayed": 2099,
      "totalHeal": 3703,
      "totalUnitsHealed": 1,
      "assists": 10,
      "item0": 3160,
      "item1": 3143,
      "item2": 3065,
      "item3": 3111,
      "item6": 3341,
      "sightWardsBought": 2,
      "magicDamageDealtToChampions": 9856,
      "physicalDamageDealtToChampions": 4888,
      "totalDamageDealtToChampions": 15397,
      "trueDamageDealtPlayer": 11596,
      "trueDamageDealtToChampions": 652,
      "trueDamageTaken": 1851,
      "wardKilled": 3,
      "wardPlaced": 5,
      "neutralMinionsKilledEnemyJungle": 6,
      "neutralMinionsKilledYourJungle": 78,
      "totalTimeCrowdControlDealt": 1048
    }
  },
  "30737971": {
    "gameId": 825976233,
    "invalid": false,
    "gameMode": "CLASSIC",
    "gameType": "MATCHED_GAME",
    "subType": "RANKED_SOLO_5x5",
    "mapId": 1,
    "teamId": 200,
    "championId": 134,
    "spell1": 4,
    "spell2": 14,
    "level": 30,
    "ipEarned": 246,
    "createDate": 1399031383395,
    "fellowPlayers": [
      {
        "summonerId": 33357901,
        "teamId": 100,
        "championId": 89
      },
      {
        "summonerId": 31503140,
        "teamId": 100,
        "championId": 58
      },
      {
        "summonerId": 31387125,
        "teamId": 200,
        "championId": 53
      },
      {
        "summonerId": 30349867,
        "teamId": 200,
        "championId": 5
      },
      {
        "summonerId": 34243615,
        "teamId": 100,
        "championId": 102
      },
      {
        "summonerId": 22517844,
        "teamId": 100,
        "championId": 7
      },
      {
        "summonerId": 31337866,
        "teamId": 200,
        "championId": 2
      },
      {
        "summonerId": 31143546,
        "teamId": 200,
        "championId": 104
      },
      {
        "summonerId": 33514230,
        "teamId": 100,
        "championId": 22
      }
    ],
    "stats": {
      "level": 18,
      "goldEarned": 16987,
      "numDeaths": 8,
      "turretsKilled": 2,
      "minionsKilled": 217,
      "championsKilled": 15,
      "goldSpent": 13985,
      "totalDamageDealt": 182096,
      "totalDamageTaken": 19895,
      "doubleKills": 1,
      "killingSprees": 3,
      "largestKillingSpree": 6,
      "team": 200,
      "win": true,
      "neutralMinionsKilled": 12,
      "largestMultiKill": 2,
      "physicalDamageDealtPlayer": 18778,
      "magicDamageDealtPlayer": 162717,
      "physicalDamageTaken": 8204,
      "magicDamageTaken": 11339,
      "timePlayed": 2099,
      "totalHeal": 1264,
      "totalUnitsHealed": 1,
      "assists": 11,
      "item0": 3174,
      "item1": 3255,
      "item2": 3157,
      "item3": 3089,
      "item4": 3116,
      "item6": 3340,
      "magicDamageDealtToChampions": 34577,
      "physicalDamageDealtToChampions": 1881,
      "totalDamageDealtToChampions": 37058,
      "trueDamageDealtPlayer": 600,
      "trueDamageDealtToChampions": 600,
      "trueDamageTaken": 352,
      "wardPlaced": 9,
      "neutralMinionsKilledEnemyJungle": 5,
      "neutralMinionsKilledYourJungle": 7,
      "totalTimeCrowdControlDealt": 570
    }
  }
}