{
  "36817326": {
    "gameId": 825976880,
    "invalid": false,
    "gameMode": "CLASSIC",
    "gameType": "MATCHED_GAME",
    "subType": "NORMAL",
    "mapId": 1,
    "teamId": 200,
    "championId": 51,
    "spell1": 4,
    "spell2": 21,
    "level": 30,
    "ipEarned": 55,
    "createDate": 1399030964377,
    "fellowPlayers": [
      {
        "summonerId": 35448094,
        "teamId": 200,
        "championId": 105
      },
      {
        "summonerId": 29937951,
        "teamId": 100,
        "championId": 222
      },
      {
        "summonerId": 35750722,
        "teamId": 100,
        "championId": 69
      },
      {
        "summonerId": 36331823,
        "teamId": 100,
        "championId": 89
      },
      {
        "summonerId": 36112436,
        "teamId": 200,
        "championId": 92
      },
      {
        "summonerId": 39998816,
        "teamId": 200,
        "championId": 89
      },
      {
        "summonerId": 33377838,
        "teamId": 100,
        "championId": 254
      },
      {
        "summonerId": 41129637,
        "teamId": 200,
        "championId": 48
      },
      {
        "summonerId": 36398885,
        "teamId": 100,
        "championId": 154
      }
    ],
    "stats": {
      "level": 11,
      "goldEarned": 7882,
      "numDeaths": 9,
      "turretsKilled": 1,
      "minionsKilled": 116,
      "championsKilled": 4,
      "goldSpent": 7710,
      "totalDamageDealt": 67862,
      "totalDamageTaken": 16205,
      "doubleKills": 1,
      "killingSprees": 1,
      "largestKillingSpree": 2,
      "team": 200,
      "win": false,
      "neutralMinionsKilled": 2,
      "largestMultiKill": 2,
      "physicalDamageDealtPlayer": 65783,
      "magicDamageDealtPlayer": 2079,
      "physicalDamageTaken": 14816,
      "magicDamageTaken": 1192,
      "timePlayed": 1703,
      "totalHeal": 574,
      "totalUnitsHealed": 1,
      "assists": 4,
      "item1": 2003,
      "item3": 3252,
      "item4": 3035,
      "item5": 3072,
      "item6": 3340,
      "sightWardsBought": 2,
      "magicDamageDealtToChampions": 1323,
      "physicalDamageDealtToChampions": 13237,
      "totalDamageDealtToChampions": 14560,
      "trueDamageTaken": 196,
      "wardPlaced": 7,
      "neutralMinionsKilledEnemyJungle": 2,
      "totalTimeCrowdControlDealt": 17
    }
  },
  "summonerCount": 10,
  "36398885": {
    "gameId": 825976880,
    "invalid": false,
    "gameMode": "CLASSIC",
    "gameType": "MATCHED_GAME",
    "subType": "NORMAL",
    "mapId": 1,
    "teamId": 100,
    "championId": 154,
    "spell1": 4,
    "spell2": 11,
    "level": 30,
    "ipEarned": 232,
    "createDate": 1399030964369,
    "fellowPlayers": [
      {
        "summonerId": 35448094,
        "teamId": 200,
        "championId": 105
      },
      {
        "summonerId": 29937951,
        "teamId": 100,
        "championId": 222
      },
      {
        "summonerId": 36817326,
        "teamId": 200,
        "championId": 51
      },
      {
        "summonerId": 35750722,
        "teamId": 100,
        "championId": 69
      },
      {
        "summonerId": 36331823,
        "teamId": 100,
        "championId": 89
      },
      {
        "summonerId": 36112436,
        "teamId": 200,
        "championId": 92
      },
      {
        "summonerId": 39998816,
        "teamId": 200,
        "championId": 89
      },
      {
        "summonerId": 33377838,
        "teamId": 100,
        "championId": 254
      },
      {
        "summonerId": 41129637,
        "teamId": 200,
        "championId": 48
      }
    ],
    "stats": {
      "level": 13,
      "goldEarned": 9077,
      "numDeaths": 2,
      "barracksKilled": 1,
      "minionsKilled": 24,
      "championsKilled": 4,
      "goldSpent": 7610,
      "totalDamageDealt": 71417,
      "totalDamageTaken": 20835,
      "killingSprees": 1,
      "largestKillingSpree": 2,
      "team": 100,
      "win": true,
      "neutralMinionsKilled": 41,
      "largestMultiKill": 1,
      "physicalDamageDealtPlayer": 13966,
      "magicDamageDealtPlayer": 51017,
      "physicalDamageTaken": 15796,
      "magicDamageTaken": 4002,
      "timePlayed": 1703,
      "totalHeal": 14621,
      "totalUnitsHealed": 1,
      "assists": 10,
      "item0": 3207,
      "item1": 3068,
      "item2": 2003,
      "item3": 3047,
      "item4": 3211,
      "item6": 3340,
      "magicDamageDealtToChampions": 4898,
      "physicalDamageDealtToChampions": 960,
      "totalDamageDealtToChampions": 5978,
      "trueDamageDealtPlayer": 6434,
      "trueDamageDealtToChampions": 120,
      "trueDamageTaken": 1037,
      "wardPlaced": 6,
      "neutralMinionsKilledEnemyJungle": 3,
      "neutralMinionsKilledYourJungle": 38,
      "totalTimeCrowdControlDealt": 417
    }
  },
  "33377838": {
    "gameId": 825976880,
    "invalid": false,
    "gameMode": "CLASSIC",
    "gameType": "MATCHED_GAME",
    "subType": "NORMAL",
    "mapId": 1,
    "teamId": 100,
    "championId": 254,
    "spell1": 7,
    "spell2": 4,
    "level": 30,
    "ipEarned": 82,
    "createDate": 1399030964373,
    "fellowPlayers": [
      {
        "summonerId": 35448094,
        "teamId": 200,
        "championId": 105
      },
      {
        "summonerId": 29937951,
        "teamId": 100,
        "championId": 222
      },
      {
        "summonerId": 36817326,
        "teamId": 200,
        "championId": 51
      },
      {
        "summonerId": 35750722,
        "teamId": 100,
        "championId": 69
      },
      {
        "summonerId": 36331823,
        "teamId": 100,
        "championId": 89
      },
      {
        "summonerId": 36112436,
        "teamId": 200,
        "championId": 92
      },
      {
        "summonerId": 39998816,
        "teamId": 200,
        "championId": 89
      },
      {
        "summonerId": 41129637,
        "teamId": 200,
        "championId": 48
      },
      {
        "summonerId": 36398885,
        "teamId": 100,
        "championId": 154
      }
    ],
    "stats": {
      "level": 15,
      "goldEarned": 11724,
      "numDeaths": 3,
      "turretsKilled": 2,
      "minionsKilled": 126,
      "championsKilled": 11,
      "goldSpent": 10910,
      "totalDamageDealt": 97920,
      "totalDamageTaken": 17475,
      "killingSprees": 3,
      "largestKillingSpree": 4,
      "team": 100,
      "win": true,
      "neutralMinionsKilled": 6,
      "largestMultiKill": 1,
      "physicalDamageDealtPlayer": 97371,
      "magicDamageDealtPlayer": 32,
      "physicalDamageTaken": 13187,
      "magicDamageTaken": 3866,
      "timePlayed": 1703,
      "totalHeal": 3105,
      "totalUnitsHealed": 2,
      "assists": 6,
      "item0": 3074,
      "item1": 3071,
      "item2": 1055,
      "item3": 3260,
      "item4": 2003,
      "item5": 3057,
      "item6": 3340,
      "magicDamageDealtToChampions": 32,
      "physicalDamageDealtToChampions": 20176,
      "totalDamageDealtToChampions": 20565,
      "trueDamageDealtPlayer": 516,
      "trueDamageDealtToChampions": 356,
      "trueDamageTaken": 422,
      "wardPlaced": 3,
      "neutralMinionsKilledEnemyJungle": 4,
      "neutralMinionsKilledYourJungle": 2,
      "totalTimeCrowdControlDealt": 146
    }
  },
  "35750722": {
    "gameId": 825976880,
    "invalid": false,
    "gameMode": "CLASSIC",
    "gameType": "MATCHED_GAME",
    "subType": "NORMAL",
    "mapId": 1,
    "teamId": 100,
    "championId": 69,
    "spell1": 14,
    "spell2": 4,
    "level": 30,
    "ipEarned": 82,
    "createDate": 1399030964372,
    "fellowPlayers": [
      {
        "summonerId": 35448094,
        "teamId": 200,
        "championId": 105
      },
      {
        "summonerId": 29937951,
        "teamId": 100,
        "championId": 222
      },
      {
        "summonerId": 36817326,
        "teamId": 200,
        "championId": 51
      },
      {
        "summonerId": 36331823,
        "teamId": 100,
        "championId": 89
      },
      {
        "summonerId": 36112436,
        "teamId": 200,
        "championId": 92
      },
      {
        "summonerId": 39998816,
        "teamId": 200,
        "championId": 89
      },
      {
        "summonerId": 33377838,
        "teamId": 100,
        "championId": 254
      },
      {
        "summonerId": 41129637,
        "teamId": 200,
        "championId": 48
      },
      {
        "summonerId": 36398885,
        "teamId": 100,
        "championId": 154
      }
    ],
    "stats": {
      "level": 15,
      "goldEarned": 9848,
      "numDeaths": 6,
      "turretsKilled": 1,
      "minionsKilled": 123,
      "championsKilled": 4,
      "goldSpent": 7975,
      "totalDamageDealt": 96647,
      "totalDamageTaken": 10470,
      "killingSprees": 1,
      "largestKillingSpree": 2,
      "team": 100,
      "win": true,
      "neutralMinionsKilled": 18,
      "largestMultiKill": 1,
      "physicalDamageDealtPlayer": 14738,
      "magicDamageDealtPlayer": 81293,
      "physicalDamageTaken": 7397,
      "magicDamageTaken": 2619,
      "timePlayed": 1703,
      "assists": 6,
      "item0": 1056,
      "item1": 3157,
      "item2": 3151,
      "item3": 3020,
      "item6": 3340,
      "magicDamageDealtToChampions": 11830,
      "physicalDamageDealtToChampions": 992,
      "totalDamageDealtToChampions": 13372,
      "trueDamageDealtPlayer": 616,
      "trueDamageDealtToChampions": 550,
      "trueDamageTaken": 454,
      "wardKilled": 1,
      "wardPlaced": 5,
      "neutralMinionsKilledEnemyJungle": 9,
      "neutralMinionsKilledYourJungle": 9,
      "totalTimeCrowdControlDealt": 2636
    }
  },
  "39998816": {
    "gameId": 825976880,
    "invalid": false,
    "gameMode": "CLASSIC",
    "gameType": "MATCHED_GAME",
    "subType": "NORMAL",
    "mapId": 1,
    "teamId": 200,
    "championId": 89,
    "spell1": 7,
    "spell2": 4,
    "level": 30,
    "ipEarned": 55,
    "createDate": 1399030964376,
    "fellowPlayers": [
      {
        "summonerId": 35448094,
        "teamId": 200,
        "championId": 105
      },
      {
        "summonerId": 29937951,
        "teamId": 100,
        "championId": 222
      },
      {
        "summonerId": 36817326,
        "teamId": 200,
        "championId": 51
      },
      {
        "summonerId": 35750722,
        "teamId": 100,
        "championId": 69
      },
      {
        "summonerId": 36331823,
        "teamId": 100,
        "championId": 89
      },
      {
        "summonerId": 36112436,
        "teamId": 200,
        "championId": 92
      },
      {
        "summonerId": 33377838,
        "teamId": 100,
        "championId": 254
      },
      {
        "summonerId": 41129637,
        "teamId": 200,
        "championId": 48
      },
      {
        "summonerId": 36398885,
        "teamId": 100,
        "championId": 154
      }
    ],
    "stats": {
      "level": 11,
      "goldEarned": 6494,
      "numDeaths": 8,
      "minionsKilled": 20,
      "championsKilled": 3,
      "goldSpent": 11620,
      "totalDamageDealt": 20913,
      "totalDamageTaken": 21002,
      "team": 200,
      "win": false,
      "neutralMinionsKilled": 1,
      "largestMultiKill": 1,
      "physicalDamageDealtPlayer": 6412,
      "magicDamageDealtPlayer": 13739,
      "physicalDamageTaken": 16644,
      "magicDamageTaken": 4358,
      "timePlayed": 1703,
      "totalHeal": 3862,
      "totalUnitsHealed": 3,
      "assists": 8,
      "item2": 1052,
      "item3": 1052,
      "item4": 1052,
      "item5": 3145,
      "item6": 3341,
      "sightWardsBought": 1,
      "visionWardsBought": 1,
      "magicDamageDealtToChampions": 6586,
      "physicalDamageDealtToChampions": 2913,
      "totalDamageDealtToChampions": 9500,
      "trueDamageDealtPlayer": 761,
      "wardKilled": 3,
      "wardPlaced": 18,
      "neutralMinionsKilledYourJungle": 1,
      "totalTimeCrowdControlDealt": 74
    }
  },
  "36331823": {
    "gameId": 825976880,
    "invalid": false,
    "gameMode": "CLASSIC",
    "gameType": "MATCHED_GAME",
    "subType": "NORMAL",
    "mapId": 1,
    "teamId": 100,
    "championId": 89,
    "spell1": 4,
    "spell2": 3,
    "level": 30,
    "ipEarned": 82,
    "createDate": 1399030964368,
    "fellowPlayers": [
      {
        "summonerId": 35448094,
        "teamId": 200,
        "championId": 105
      },
      {
        "summonerId": 29937951,
        "teamId": 100,
        "championId": 222
      },
      {
        "summonerId": 36817326,
        "teamId": 200,
        "championId": 51
      },
      {
        "summonerId": 35750722,
        "teamId": 100,
        "championId": 69
      },
      {
        "summonerId": 36112436,
        "teamId": 200,
        "championId": 92
      },
      {
        "summonerId": 39998816,
        "teamId": 200,
        "championId": 89
      },
      {
        "summonerId": 33377838,
        "teamId": 100,
        "championId": 254
      },
      {
        "summonerId": 41129637,
        "teamId": 200,
        "championId": 48
      },
      {
        "summonerId": 36398885,
        "teamId": 100,
        "championId": 154
      }
    ],
    "stats": {
      "level": 14,
      "goldEarned": 8657,
      "numDeaths": 2,
      "barracksKilled": 1,
      "turretsKilled": 1,
      "minionsKilled": 50,
      "championsKilled": 1,
      "goldSpent": 7400,
      "totalDamageDealt": 28917,
      "totalDamageTaken": 15874,
      "team": 100,
      "win": true,
      "largestMultiKill": 1,
      "physicalDamageDealtPlayer": 14036,
      "magicDamageDealtPlayer": 11712,
      "physicalDamageTaken": 11425,
      "magicDamageTaken": 4198,
      "timePlayed": 1703,
      "totalHeal": 2802,
      "totalUnitsHealed": 5,
      "assists": 15,
      "item0": 3401,
      "item1": 2045,
      "item2": 3222,
      "item3": 3047,
      "item4": 1031,
      "item6": 3341,
      "magicDamageDealtToChampions": 4184,
      "physicalDamageDealtToChampions": 2597,
      "totalDamageDealtToChampions": 6782,
      "trueDamageDealtPlayer": 3168,
      "trueDamageTaken": 250,
      "wardPlaced": 18,
      "totalTimeCrowdControlDealt": 54
    }
  },
  "29937951": {
    "gameId": 825976880,
    "invalid": false,
    "gameMode": "CLASSIC",
    "gameType": "MATCHED_GAME",
    "subType": "NORMAL",
    "mapId": 1,
    "teamId": 100,
    "championId": 222,
    "spell1": 4,
    "spell2": 7,
    "level": 30,
    "ipEarned": 82,
    "createDate": 1399030964370,
    "fellowPlayers": [
      {
        "summonerId": 35448094,
        "teamId": 200,
        "championId": 105
      },
      {
        "summonerId": 36817326,
        "teamId": 200,
        "championId": 51
      },
      {
        "summonerId": 35750722,
        "teamId": 100,
        "championId": 69
      },
      {
        "summonerId": 36331823,
        "teamId": 100,
        "championId": 89
      },
      {
        "summonerId": 36112436,
        "teamId": 200,
        "championId": 92
      },
      {
        "summonerId": 39998816,
        "teamId": 200,
        "championId": 89
      },
      {
        "summonerId": 33377838,
        "teamId": 100,
        "championId": 254
      },
      {
        "summonerId": 41129637,
        "teamId": 200,
        "championId": 48
      },
      {
        "summonerId": 36398885,
        "teamId": 100,
        "championId": 154
      }
    ],
    "stats": {
      "level": 15,
      "goldEarned": 13170,
      "numDeaths": 6,
      "turretsKilled": 2,
      "minionsKilled": 151,
      "championsKilled": 13,
      "goldSpent": 11720,
      "totalDamageDealt": 116301,
      "totalDamageTaken": 16104,
      "doubleKills": 1,
      "killingSprees": 5,
      "largestKillingSpree": 4,
      "team": 100,
      "win": true,
      "neutralMinionsKilled": 3,
      "largestMultiKill": 2,
      "physicalDamageDealtPlayer": 113635,
      "magicDamageDealtPlayer": 2666,
      "physicalDamageTaken": 11160,
      "magicDamageTaken": 4669,
      "largestCriticalStrike": 758,
      "timePlayed": 1703,
      "totalHeal": 3188,
      "totalUnitsHealed": 4,
      "assists": 10,
      "item0": 1055,
      "item1": 3031,
      "item2": 3072,
      "item3": 3250,
      "item4": 3046,
      "item6": 3340,
      "magicDamageDealtToChampions": 1313,
      "physicalDamageDealtToChampions": 21497,
      "totalDamageDealtToChampions": 22810,
      "trueDamageTaken": 274,
      "wardKilled": 1,
      "wardPlaced": 7,
      "neutralMinionsKilledEnemyJungle": 1,
      "neutralMinionsKilledYourJungle": 2,
      "totalTimeCrowdControlDealt": 61
    }
  },
  "36112436": {
    "gameId": 825976880,
    "invalid": false,
    "gameMode": "CLASSIC",
    "gameType": "MATCHED_GAME",
    "subType": "NORMAL",
    "mapId": 1,
    "teamId": 200,
    "championId": 92,
    "spell1": 4,
    "spell2": 14,
    "level": 30,
    "ipEarned": 55,
    "createDate": 1399030964378,
    "fellowPlayers": [
      {
        "summonerId": 35448094,
        "teamId": 200,
        "championId": 105
      },
      {
        "summonerId": 29937951,
        "teamId": 100,
        "championId": 222
      },
      {
        "summonerId": 36817326,
        "teamId": 200,
        "championId": 51
      },
      {
        "summonerId": 35750722,
        "teamId": 100,
        "championId": 69
      },
      {
        "summonerId": 36331823,
        "teamId": 100,
        "championId": 89
      },
      {
        "summonerId": 39998816,
        "teamId": 200,
        "championId": 89
      },
      {
        "summonerId": 33377838,
        "teamId": 100,
        "championId": 254
      },
      {
        "summonerId": 41129637,
        "teamId": 200,
        "championId": 48
      },
      {
        "summonerId": 36398885,
        "teamId": 100,
        "championId": 154
      }
    ],
    "stats": {
      "level": 11,
      "goldEarned": 7068,
      "numDeaths": 5,
      "turretsKilled": 1,
      "minionsKilled": 99,
      "championsKilled": 3,
      "goldSpent": 6605,
      "totalDamageDealt": 54428,
      "totalDamageTaken": 11433,
      "doubleKills": 1,
      "killingSprees": 1,
      "largestKillingSpree": 2,
      "team": 200,
      "win": false,
      "neutralMinionsKilled": 2,
      "largestMultiKill": 2,
      "physicalDamageDealtPlayer": 53747,
      "magicDamageDealtPlayer": 296,
      "physicalDamageTaken": 9962,
      "magicDamageTaken": 1470,
      "timePlayed": 1703,
      "totalHeal": 863,
      "totalUnitsHealed": 1,
      "assists": 1,
      "item0": 3074,
      "item1": 1038,
      "item2": 3158,
      "item6": 3340,
      "magicDamageDealtToChampions": 128,
      "physicalDamageDealtToChampions": 6128,
      "totalDamageDealtToChampions": 6640,
      "trueDamageDealtPlayer": 384,
      "trueDamageDealtToChampions": 384,
      "wardPlaced": 3,
      "neutralMinionsKilledYourJungle": 2,
      "totalTimeCrowdControlDealt": 54
    }
  },
  "41129637": {
    "gameId": 825976880,
    "invalid": false,
    "gameMode": "CLASSIC",
    "gameType": "MATCHED_GAME",
    "subType": "NORMAL",
    "mapId": 1,
    "teamId": 200,
    "championId": 48,
    "spell1": 4,
    "spell2": 11,
    "level": 30,
    "ipEarned": 55,
    "createDate": 1399030964375,
    "fellowPlayers": [
      {
        "summonerId": 35448094,
        "teamId": 200,
        "championId": 105
      },
      {
        "summonerId": 29937951,
        "teamId": 100,
        "championId": 222
      },
      {
        "summonerId": 36817326,
        "teamId": 200,
        "championId": 51
      },
      {
        "summonerId": 35750722,
        "teamId": 100,
        "championId": 69
      },
      {
        "summonerId": 36331823,
        "teamId": 100,
        "championId": 89
      },
      {
        "summonerId": 36112436,
        "teamId": 200,
        "championId": 92
      },
      {
        "summonerId": 39998816,
        "teamId": 200,
        "championId": 89
      },
      {
        "summonerId": 33377838,
        "teamId": 100,
        "championId": 254
      },
      {
        "summonerId": 36398885,
        "teamId": 100,
        "championId": 154
      }
    ],
    "stats": {
      "level": 14,
      "goldEarned": 8539,
      "numDeaths": 7,
      "minionsKilled": 36,
      "championsKilled": 2,
      "goldSpent": 8185,
      "totalDamageDealt": 122347,
      "totalDamageTaken": 26214,
      "team": 200,
      "win": false,
      "neutralMinionsKilled": 83,
      "largestMultiKill": 1,
      "physicalDamageDealtPlayer": 85133,
      "magicDamageDealtPlayer": 29836,
      "physicalDamageTaken": 19033,
      "magicDamageTaken": 6420,
      "timePlayed": 1703,
      "totalHeal": 6630,
      "totalUnitsHealed": 1,
      "assists": 7,
      "item0": 3153,
      "item1": 3160,
      "item2": 3082,
      "item3": 3117,
      "item4": 1011,
      "item6": 3341,
      "magicDamageDealtToChampions": 1312,
      "physicalDamageDealtToChampions": 7946,
      "totalDamageDealtToChampions": 9822,
      "trueDamageDealtPlayer": 7378,
      "trueDamageDealtToChampions": 564,
      "trueDamageTaken": 760,
      "wardKilled": 1,
      "wardPlaced": 2,
      "neutralMinionsKilledEnemyJungle": 3,
      "neutralMinionsKilledYourJungle": 80,
      "totalTimeCrowdControlDealt": 787
    }
  },
  "35448094": {
    "gameId": 825976880,
    "invalid": false,
    "gameMode": "CLASSIC",
    "gameType": "MATCHED_GAME",
    "subType": "NORMAL",
    "mapId": 1,
    "teamId": 200,
    "championId": 105,
    "spell1": 4,
    "spell2": 14,
    "level": 30,
    "ipEarned": 55,
    "createDate": 1399030964374,
    "fellowPlayers": [
      {
        "summonerId": 29937951,
        "teamId": 100,
        "championId": 222
      },
      {
        "summonerId": 36817326,
        "teamId": 200,
        "championId": 51
      },
      {
        "summonerId": 35750722,
        "teamId": 100,
        "championId": 69
      },
      {
        "summonerId": 36331823,
        "teamId": 100,
        "championId": 89
      },
      {
        "summonerId": 36112436,
        "teamId": 200,
        "championId": 92
      },
      {
        "summonerId": 39998816,
        "teamId": 200,
        "championId": 89
      },
      {
        "summonerId": 33377838,
        "teamId": 100,
        "championId": 254
      },
      {
        "summonerId": 41129637,
        "teamId": 200,
        "championId": 48
      },
      {
        "summonerId": 36398885,
        "teamId": 100,
        "championId": 154
      }
    ],
    "stats": {
      "level": 14,
      "goldEarned": 9390,
      "numDeaths": 4,
      "minionsKilled": 144,
      "championsKilled": 7,
      "goldSpent": 8625,
      "totalDamageDealt": 73099,
      "totalDamageTaken": 18120,
      "killingSprees": 2,
      "largestKillingSpree": 5,
      "team": 200,
      "win": false,
      "neutralMinionsKilled": 5,
      "largestMultiKill": 1,
      "physicalDamageDealtPlayer": 26086,
      "magicDamageDealtPlayer": 45760,
      "physicalDamageTaken": 9234,
      "magicDamageTaken": 8815,
      "timePlayed": 1703,
      "assists": 3,
      "item0": 3157,
      "item1": 3100,
      "item2": 3108,
      "item4": 1001,
      "item6": 3340,
      "magicDamageDealtToChampions": 10005,
      "physicalDamageDealtToChampions": 1806,
      "totalDamageDealtToChampions": 12776,
      "trueDamageDealtPlayer": 1252,
      "trueDamageDealtToChampions": 964,
      "trueDamageTaken": 70,
      "wardPlaced": 9,
      "neutralMinionsKilledYourJungle": 5,
      "totalTimeCrowdControlDealt": 170
    }
  }
}