{
  "33366393": {
    "gameId": 825984705,
    "invalid": false,
    "gameMode": "CLASSIC",
    "gameType": "MATCHED_GAME",
    "subType": "RANKED_SOLO_5x5",
    "mapId": 1,
    "teamId": 100,
    "championId": 105,
    "spell1": 4,
    "spell2": 14,
    "level": 30,
    "ipEarned": 96,
    "createDate": 1399031350170,
    "fellowPlayers": [
      {
        "summonerId": 38497172,
        "teamId": 100,
        "championId": 44
      },
      {
        "summonerId": 30081393,
        "teamId": 200,
        "championId": 154
      },
      {
        "summonerId": 30950493,
        "teamId": 100,
        "championId": 76
      },
      {
        "summonerId": 27843202,
        "teamId": 200,
        "championId": 84
      },
      {
        "summonerId": 33479399,
        "teamId": 100,
        "championId": 266
      },
      {
        "summonerId": 24666505,
        "teamId": 100,
        "championId": 67
      },
      {
        "summonerId": 26383546,
        "teamId": 200,
        "championId": 12
      },
      {
        "summonerId": 29148476,
        "teamId": 200,
        "championId": 75
      },
      {
        "summonerId": 35483729,
        "teamId": 200,
        "championId": 51
      }
    ],
    "stats": {
      "level": 16,
      "goldEarned": 13677,
      "numDeaths": 7,
      "turretsKilled": 1,
      "minionsKilled": 136,
      "championsKilled": 13,
      "goldSpent": 11950,
      "totalDamageDealt": 97275,
      "totalDamageTaken": 20373,
      "doubleKills": 2,
      "killingSprees": 3,
      "largestKillingSpree": 4,
      "team": 100,
      "win": true,
      "neutralMinionsKilled": 5,
      "largestMultiKill": 2,
      "physicalDamageDealtPlayer": 22214,
      "magicDamageDealtPlayer": 73827,
      "physicalDamageTaken": 12784,
      "magicDamageTaken": 6972,
      "timePlayed": 2043,
      "totalHeal": 790,
      "totalUnitsHealed": 1,
      "assists": 10,
      "item0": 3135,
      "item1": 3128,
      "item2": 3020,
      "item3": 1056,
      "item4": 3100,
      "item5": 1058,
      "item6": 3340,
      "magicDamageDealtToChampions": 21514,
      "physicalDamageDealtToChampions": 3871,
      "totalDamageDealtToChampions": 26385,
      "trueDamageDealtPlayer": 1234,
      "trueDamageDealtToChampions": 1000,
      "trueDamageTaken": 616,
      "wardPlaced": 11,
      "neutralMinionsKilledEnemyJungle": 3,
      "neutralMinionsKilledYourJungle": 2,
      "totalTimeCrowdControlDealt": 320
    }
  },
  "summonerCount": 10,
  "29148476": {
    "gameId": 825984705,
    "invalid": false,
    "gameMode": "CLASSIC",
    "gameType": "MATCHED_GAME",
    "subType": "RANKED_SOLO_5x5",
    "mapId": 1,
    "teamId": 200,
    "championId": 75,
    "spell1": 6,
    "spell2": 14,
    "level": 30,
    "ipEarned": 64,
    "createDate": 1399031350180,
    "fellowPlayers": [
      {
        "summonerId": 38497172,
        "teamId": 100,
        "championId": 44
      },
      {
        "summonerId": 30081393,
        "teamId": 200,
        "championId": 154
      },
      {
        "summonerId": 30950493,
        "teamId": 100,
        "championId": 76
      },
      {
        "summonerId": 27843202,
        "teamId": 200,
        "championId": 84
      },
      {
        "summonerId": 33479399,
        "teamId": 100,
        "championId": 266
      },
      {
        "summonerId": 24666505,
        "teamId": 100,
        "championId": 67
      },
      {
        "summonerId": 33366393,
        "teamId": 100,
        "championId": 105
      },
      {
        "summonerId": 26383546,
        "teamId": 200,
        "championId": 12
      },
      {
        "summonerId": 35483729,
        "teamId": 200,
        "championId": 51
      }
    ],
    "stats": {
      "level": 16,
      "goldEarned": 12317,
      "numDeaths": 9,
      "turretsKilled": 1,
      "minionsKilled": 142,
      "championsKilled": 11,
      "goldSpent": 11688,
      "totalDamageDealt": 126259,
      "totalDamageTaken": 45732,
      "doubleKills": 2,
      "killingSprees": 3,
      "largestKillingSpree": 3,
      "team": 200,
      "win": false,
      "neutralMinionsKilled": 13,
      "largestMultiKill": 2,
      "physicalDamageDealtPlayer": 99295,
      "magicDamageDealtPlayer": 25433,
      "physicalDamageTaken": 27989,
      "magicDamageTaken": 13949,
      "largestCriticalStrike": 926,
      "timePlayed": 2043,
      "totalHeal": 2814,
      "totalUnitsHealed": 1,
      "assists": 10,
      "item0": 3074,
      "item1": 3143,
      "item2": 3078,
      "item3": 1054,
      "item4": 3009,
      "item6": 3340,
      "magicDamageDealtToChampions": 10062,
      "physicalDamageDealtToChampions": 19872,
      "totalDamageDealtToChampions": 31350,
      "trueDamageDealtPlayer": 1530,
      "trueDamageDealtToChampions": 1416,
      "trueDamageTaken": 3793,
      "wardPlaced": 3,
      "neutralMinionsKilledEnemyJungle": 2,
      "neutralMinionsKilledYourJungle": 11,
      "totalTimeCrowdControlDealt": 378
    }
  },
  "30081393": {
    "gameId": 825984705,
    "invalid": false,
    "gameMode": "CLASSIC",
    "gameType": "MATCHED_GAME",
    "subType": "RANKED_SOLO_5x5",
    "mapId": 1,
    "teamId": 200,
    "championId": 154,
    "spell1": 11,
    "spell2": 4,
    "level": 30,
    "ipEarned": 64,
    "createDate": 1399031350181,
    "fellowPlayers": [
      {
        "summonerId": 38497172,
        "teamId": 100,
        "championId": 44
      },
      {
        "summonerId": 30950493,
        "teamId": 100,
        "championId": 76
      },
      {
        "summonerId": 27843202,
        "teamId": 200,
        "championId": 84
      },
      {
        "summonerId": 33479399,
        "teamId": 100,
        "championId": 266
      },
      {
        "summonerId": 24666505,
        "teamId": 100,
        "championId": 67
      },
      {
        "summonerId": 33366393,
        "teamId": 100,
        "championId": 105
      },
      {
        "summonerId": 26383546,
        "teamId": 200,
        "championId": 12
      },
      {
        "summonerId": 29148476,
        "teamId": 200,
        "championId": 75
      },
      {
        "summonerId": 35483729,
        "teamId": 200,
        "championId": 51
      }
    ],
    "stats": {
      "level": 16,
      "goldEarned": 10157,
      "numDeaths": 3,
      "minionsKilled": 68,
      "championsKilled": 1,
      "goldSpent": 9610,
      "totalDamageDealt": 128763,
      "totalDamageTaken": 30223,
      "team": 200,
      "win": false,
      "neutralMinionsKilled": 72,
      "largestMultiKill": 1,
      "physicalDamageDealtPlayer": 23519,
      "magicDamageDealtPlayer": 91604,
      "physicalDamageTaken": 20883,
      "magicDamageTaken": 6707,
      "timePlayed": 2043,
      "totalHeal": 26661,
      "totalUnitsHealed": 1,
      "assists": 15,
      "item0": 3207,
      "item1": 3065,
      "item2": 3047,
      "item3": 3068,
      "item4": 1026,
      "item6": 3341,
      "magicDamageDealtToChampions": 12417,
      "physicalDamageDealtToChampions": 1298,
      "totalDamageDealtToChampions": 13807,
      "trueDamageDealtPlayer": 13640,
      "trueDamageDealtToChampions": 92,
      "trueDamageTaken": 2632,
      "wardKilled": 2,
      "neutralMinionsKilledEnemyJungle": 3,
      "neutralMinionsKilledYourJungle": 69,
      "totalTimeCrowdControlDealt": 748
    }
  },
  "33479399": {
    "gameId": 825984705,
    "invalid": false,
    "gameMode": "CLASSIC",
    "gameType": "MATCHED_GAME",
    "subType": "RANKED_SOLO_5x5",
    "mapId": 1,
    "teamId": 100,
    "championId": 266,
    "spell1": 11,
    "spell2": 6,
    "level": 30,
    "ipEarned": 96,
    "createDate": 1399031350174,
    "fellowPlayers": [
      {
        "summonerId": 38497172,
        "teamId": 100,
        "championId": 44
      },
      {
        "summonerId": 30081393,
        "teamId": 200,
        "championId": 154
      },
      {
        "summonerId": 30950493,
        "teamId": 100,
        "championId": 76
      },
      {
        "summonerId": 27843202,
        "teamId": 200,
        "championId": 84
      },
      {
        "summonerId": 24666505,
        "teamId": 100,
        "championId": 67
      },
      {
        "summonerId": 33366393,
        "teamId": 100,
        "championId": 105
      },
      {
        "summonerId": 26383546,
        "teamId": 200,
        "championId": 12
      },
      {
        "summonerId": 29148476,
        "teamId": 200,
        "championId": 75
      },
      {
        "summonerId": 35483729,
        "teamId": 200,
        "championId": 51
      }
    ],
    "stats": {
      "level": 17,
      "goldEarned": 15105,
      "numDeaths": 6,
      "turretsKilled": 1,
      "minionsKilled": 32,
      "championsKilled": 11,
      "goldSpent": 10980,
      "totalDamageDealt": 241525,
      "totalDamageTaken": 38972,
      "doubleKills": 2,
      "killingSprees": 2,
      "largestKillingSpree": 5,
      "team": 100,
      "win": true,
      "neutralMinionsKilled": 145,
      "largestMultiKill": 2,
      "physicalDamageDealtPlayer": 145654,
      "magicDamageDealtPlayer": 83641,
      "physicalDamageTaken": 28550,
      "magicDamageTaken": 9379,
      "timePlayed": 2043,
      "totalHeal": 26897,
      "totalUnitsHealed": 1,
      "assists": 11,
      "item0": 3160,
      "item1": 3260,
      "item2": 3074,
      "item3": 3172,
      "item4": 1053,
      "item6": 3364,
      "magicDamageDealtToChampions": 9376,
      "physicalDamageDealtToChampions": 16500,
      "totalDamageDealtToChampions": 27600,
      "trueDamageDealtPlayer": 12230,
      "trueDamageDealtToChampions": 1724,
      "trueDamageTaken": 1043,
      "wardPlaced": 7,
      "neutralMinionsKilledEnemyJungle": 38,
      "neutralMinionsKilledYourJungle": 107,
      "totalTimeCrowdControlDealt": 1057
    }
  },
  "27843202": {
    "gameId": 825984705,
    "invalid": false,
    "gameMode": "CLASSIC",
    "gameType": "MATCHED_GAME",
    "subType": "RANKED_SOLO_5x5",
    "mapId": 1,
    "teamId": 200,
    "championId": 84,
    "spell1": 14,
    "spell2": 4,
    "level": 30,
    "ipEarned": 64,
    "createDate": 1399031350176,
    "fellowPlayers": [
      {
        "summonerId": 38497172,
        "teamId": 100,
        "championId": 44
      },
      {
        "summonerId": 30081393,
        "teamId": 200,
        "championId": 154
      },
      {
        "summonerId": 30950493,
        "teamId": 100,
        "championId": 76
      },
      {
        "summonerId": 33479399,
        "teamId": 100,
        "championId": 266
      },
      {
        "summonerId": 24666505,
        "teamId": 100,
        "championId": 67
      },
      {
        "summonerId": 33366393,
        "teamId": 100,
        "championId": 105
      },
      {
        "summonerId": 26383546,
        "teamId": 200,
        "championId": 12
      },
      {
        "summonerId": 29148476,
        "teamId": 200,
        "championId": 75
      },
      {
        "summonerId": 35483729,
        "teamId": 200,
        "championId": 51
      }
    ],
    "stats": {
      "level": 13,
      "goldEarned": 9157,
      "numDeaths": 12,
      "minionsKilled": 73,
      "championsKilled": 8,
      "goldSpent": 7980,
      "totalDamageDealt": 52968,
      "totalDamageTaken": 29235,
      "doubleKills": 1,
      "killingSprees": 2,
      "largestKillingSpree": 2,
      "team": 200,
      "win": false,
      "largestMultiKill": 2,
      "physicalDamageDealtPlayer": 25337,
      "magicDamageDealtPlayer": 26537,
      "physicalDamageTaken": 13708,
      "magicDamageTaken": 14214,
      "timePlayed": 2043,
      "totalHeal": 1001,
      "totalUnitsHealed": 1,
      "assists": 7,
      "item0": 3146,
      "item1": 1055,
      "item2": 3020,
      "item3": 3116,
      "item6": 3340,
      "magicDamageDealtToChampions": 14822,
      "physicalDamageDealtToChampions": 5908,
      "totalDamageDealtToChampions": 21824,
      "trueDamageDealtPlayer": 1094,
      "trueDamageDealtToChampions": 1094,
      "trueDamageTaken": 1312,
      "wardPlaced": 4,
      "totalTimeCrowdControlDealt": 459
    }
  },
  "26383546": {
    "gameId": 825984705,
    "invalid": false,
    "gameMode": "CLASSIC",
    "gameType": "MATCHED_GAME",
    "subType": "RANKED_SOLO_5x5",
    "mapId": 1,
    "teamId": 200,
    "championId": 12,
    "spell1": 7,
    "spell2": 4,
    "level": 30,
    "ipEarned": 64,
    "createDate": 1399031350177,
    "fellowPlayers": [
      {
        "summonerId": 38497172,
        "teamId": 100,
        "championId": 44
      },
      {
        "summonerId": 30081393,
        "teamId": 200,
        "championId": 154
      },
      {
        "summonerId": 30950493,
        "teamId": 100,
        "championId": 76
      },
      {
        "summonerId": 27843202,
        "teamId": 200,
        "championId": 84
      },
      {
        "summonerId": 33479399,
        "teamId": 100,
        "championId": 266
      },
      {
        "summonerId": 24666505,
        "teamId": 100,
        "championId": 67
      },
      {
        "summonerId": 33366393,
        "teamId": 100,
        "championId": 105
      },
      {
        "summonerId": 29148476,
        "teamId": 200,
        "championId": 75
      },
      {
        "summonerId": 35483729,
        "teamId": 200,
        "championId": 51
      }
    ],
    "stats": {
      "level": 14,
      "goldEarned": 8964,
      "numDeaths": 8,
      "minionsKilled": 30,
      "championsKilled": 3,
      "goldSpent": 8450,
      "totalDamageDealt": 21258,
      "totalDamageTaken": 30459,
      "killingSprees": 1,
      "largestKillingSpree": 2,
      "team": 200,
      "win": false,
      "largestMultiKill": 1,
      "physicalDamageDealtPlayer": 8481,
      "magicDamageDealtPlayer": 12343,
      "physicalDamageTaken": 17692,
      "magicDamageTaken": 9504,
      "timePlayed": 2043,
      "totalHeal": 15158,
      "totalUnitsHealed": 32,
      "assists": 17,
      "item0": 3096,
      "item1": 3190,
      "item2": 2049,
      "item3": 3024,
      "item4": 3274,
      "item5": 3211,
      "item6": 3340,
      "sightWardsBought": 1,
      "magicDamageDealtToChampions": 4599,
      "physicalDamageDealtToChampions": 3214,
      "totalDamageDealtToChampions": 8187,
      "trueDamageDealtPlayer": 434,
      "trueDamageDealtToChampions": 374,
      "trueDamageTaken": 3263,
      "wardKilled": 1,
      "wardPlaced": 12,
      "totalTimeCrowdControlDealt": 163
    }
  },
  "24666505": {
    "gameId": 825984705,
    "invalid": false,
    "gameMode": "CLASSIC",
    "gameType": "MATCHED_GAME",
    "subType": "RANKED_SOLO_5x5",
    "mapId": 1,
    "teamId": 100,
    "championId": 67,
    "spell1": 4,
    "spell2": 21,
    "level": 30,
    "ipEarned": 96,
    "createDate": 1399031350173,
    "fellowPlayers": [
      {
        "summonerId": 38497172,
        "teamId": 100,
        "championId": 44
      },
      {
        "summonerId": 30081393,
        "teamId": 200,
        "championId": 154
      },
      {
        "summonerId": 30950493,
        "teamId": 100,
        "championId": 76
      },
      {
        "summonerId": 27843202,
        "teamId": 200,
        "championId": 84
      },
      {
        "summonerId": 33479399,
        "teamId": 100,
        "championId": 266
      },
      {
        "summonerId": 33366393,
        "teamId": 100,
        "championId": 105
      },
      {
        "summonerId": 26383546,
        "teamId": 200,
        "championId": 12
      },
      {
        "summonerId": 29148476,
        "teamId": 200,
        "championId": 75
      },
      {
        "summonerId": 35483729,
        "teamId": 200,
        "championId": 51
      }
    ],
    "stats": {
      "level": 17,
      "goldEarned": 15427,
      "numDeaths": 2,
      "barracksKilled": 1,
      "turretsKilled": 1,
      "minionsKilled": 178,
      "championsKilled": 14,
      "goldSpent": 14080,
      "totalDamageDealt": 145598,
      "totalDamageTaken": 17140,
      "doubleKills": 3,
      "killingSprees": 3,
      "largestKillingSpree": 7,
      "team": 100,
      "win": true,
      "neutralMinionsKilled": 11,
      "largestMultiKill": 2,
      "physicalDamageDealtPlayer": 130108,
      "magicDamageDealtPlayer": 68,
      "physicalDamageTaken": 10763,
      "magicDamageTaken": 5777,
      "largestCriticalStrike": 681,
      "timePlayed": 2043,
      "totalHeal": 1329,
      "totalUnitsHealed": 1,
      "assists": 13,
      "item0": 3153,
      "item1": 1038,
      "item2": 3006,
      "item3": 3026,
      "item4": 3035,
      "item5": 3046,
      "item6": 3340,
      "magicDamageDealtToChampions": 68,
      "physicalDamageDealtToChampions": 28131,
      "totalDamageDealtToChampions": 34746,
      "trueDamageDealtPlayer": 15421,
      "trueDamageDealtToChampions": 6545,
      "trueDamageTaken": 599,
      "wardPlaced": 10,
      "neutralMinionsKilledEnemyJungle": 2,
      "neutralMinionsKilledYourJungle": 9,
      "totalTimeCrowdControlDealt": 20
    }
  },
  "35483729": {
    "gameId": 825984705,
    "invalid": false,
    "gameMode": "CLASSIC",
    "gameType": "MATCHED_GAME",
    "subType": "RANKED_SOLO_5x5",
    "mapId": 1,
    "teamId": 200,
    "championId": 51,
    "spell1": 4,
    "spell2": 14,
    "level": 30,
    "ipEarned": 64,
    "createDate": 1399031350178,
    "fellowPlayers": [
      {
        "summonerId": 38497172,
        "teamId": 100,
        "championId": 44
      },
      {
        "summonerId": 30081393,
        "teamId": 200,
        "championId": 154
      },
      {
        "summonerId": 30950493,
        "teamId": 100,
        "championId": 76
      },
      {
        "summonerId": 27843202,
        "teamId": 200,
        "championId": 84
      },
      {
        "summonerId": 33479399,
        "teamId": 100,
        "championId": 266
      },
      {
        "summonerId": 24666505,
        "teamId": 100,
        "championId": 67
      },
      {
        "summonerId": 33366393,
        "teamId": 100,
        "championId": 105
      },
      {
        "summonerId": 26383546,
        "teamId": 200,
        "championId": 12
      },
      {
        "summonerId": 29148476,
        "teamId": 200,
        "championId": 75
      }
    ],
    "stats": {
      "level": 14,
      "goldEarned": 10150,
      "numDeaths": 11,
      "minionsKilled": 163,
      "championsKilled": 5,
      "goldSpent": 10170,
      "totalDamageDealt": 114092,
      "totalDamageTaken": 16276,
      "team": 200,
      "win": false,
      "neutralMinionsKilled": 1,
      "largestMultiKill": 1,
      "physicalDamageDealtPlayer": 111009,
      "magicDamageDealtPlayer": 2372,
      "physicalDamageTaken": 10628,
      "magicDamageTaken": 5011,
      "largestCriticalStrike": 486,
      "timePlayed": 2043,
      "totalHeal": 71,
      "totalUnitsHealed": 1,
      "assists": 10,
      "item0": 3072,
      "item1": 3046,
      "item2": 3085,
      "item3": 3250,
      "item6": 3340,
      "sightWardsBought": 2,
      "magicDamageDealtToChampions": 2196,
      "physicalDamageDealtToChampions": 14996,
      "totalDamageDealtToChampions": 17903,
      "trueDamageDealtPlayer": 710,
      "trueDamageDealtToChampions": 710,
      "trueDamageTaken": 636,
      "wardPlaced": 11,
      "neutralMinionsKilledEnemyJungle": 1,
      "totalTimeCrowdControlDealt": 52
    }
  },
  "38497172": {
    "gameId": 825984705,
    "invalid": false,
    "gameMode": "CLASSIC",
    "gameType": "MATCHED_GAME",
    "subType": "RANKED_SOLO_5x5",
    "mapId": 1,
    "teamId": 100,
    "championId": 44,
    "spell1": 14,
    "spell2": 4,
    "level": 30,
    "ipEarned": 96,
    "createDate": 1399031350171,
    "fellowPlayers": [
      {
        "summonerId": 30081393,
        "teamId": 200,
        "championId": 154
      },
      {
        "summonerId": 30950493,
        "teamId": 100,
        "championId": 76
      },
      {
        "summonerId": 27843202,
        "teamId": 200,
        "championId": 84
      },
      {
        "summonerId": 33479399,
        "teamId": 100,
        "championId": 266
      },
      {
        "summonerId": 24666505,
        "teamId": 100,
        "championId": 67
      },
      {
        "summonerId": 33366393,
        "teamId": 100,
        "championId": 105
      },
      {
        "summonerId": 26383546,
        "teamId": 200,
        "championId": 12
      },
      {
        "summonerId": 29148476,
        "teamId": 200,
        "championId": 75
      },
      {
        "summonerId": 35483729,
        "teamId": 200,
        "championId": 51
      }
    ],
    "stats": {
      "level": 16,
      "goldEarned": 10855,
      "numDeaths": 7,
      "minionsKilled": 56,
      "championsKilled": 2,
      "goldSpent": 10810,
      "totalDamageDealt": 51899,
      "totalDamageTaken": 30143,
      "team": 100,
      "win": true,
      "neutralMinionsKilled": 1,
      "largestMultiKill": 1,
      "physicalDamageDealtPlayer": 15431,
      "magicDamageDealtPlayer": 30753,
      "physicalDamageTaken": 18085,
      "magicDamageTaken": 11433,
      "timePlayed": 2043,
      "totalHeal": 10388,
      "totalUnitsHealed": 5,
      "assists": 23,
      "item0": 3401,
      "item1": 2049,
      "item2": 3025,
      "item3": 3047,
      "item4": 3050,
      "item6": 3341,
      "sightWardsBought": 1,
      "visionWardsBought": 1,
      "magicDamageDealtToChampions": 11723,
      "physicalDamageDealtToChampions": 3346,
      "totalDamageDealtToChampions": 16444,
      "trueDamageDealtPlayer": 5714,
      "trueDamageDealtToChampions": 1374,
      "trueDamageTaken": 624,
      "wardKilled": 2,
      "wardPlaced": 19,
      "neutralMinionsKilledYourJungle": 1,
      "totalTimeCrowdControlDealt": 51
    }
  },
  "30950493": {
    "gameId": 825984705,
    "invalid": false,
    "gameMode": "CLASSIC",
    "gameType": "MATCHED_GAME",
    "subType": "RANKED_SOLO_5x5",
    "mapId": 1,
    "teamId": 100,
    "championId": 76,
    "spell1": 4,
    "spell2": 14,
    "level": 30,
    "ipEarned": 96,
    "createDate": 1399031350168,
    "fellowPlayers": [
      {
        "summonerId": 38497172,
        "teamId": 100,
        "championId": 44
      },
      {
        "summonerId": 30081393,
        "teamId": 200,
        "championId": 154
      },
      {
        "summonerId": 27843202,
        "teamId": 200,
        "championId": 84
      },
      {
        "summonerId": 33479399,
        "teamId": 100,
        "championId": 266
      },
      {
        "summonerId": 24666505,
        "teamId": 100,
        "championId": 67
      },
      {
        "summonerId": 33366393,
        "teamId": 100,
        "championId": 105
      },
      {
        "summonerId": 26383546,
        "teamId": 200,
        "championId": 12
      },
      {
        "summonerId": 29148476,
        "teamId": 200,
        "championId": 75
      },
      {
        "summonerId": 35483729,
        "teamId": 200,
        "championId": 51
      }
    ],
    "stats": {
      "level": 17,
      "goldEarned": 12702,
      "numDeaths": 6,
      "turretsKilled": 4,
      "minionsKilled": 181,
      "championsKilled": 3,
      "goldSpent": 12235,
      "totalDamageDealt": 121324,
      "totalDamageTaken": 29388,
      "team": 100,
      "win": true,
      "neutralMinionsKilled": 1,
      "largestMultiKill": 1,
      "physicalDamageDealtPlayer": 66185,
      "magicDamageDealtPlayer": 54385,
      "physicalDamageTaken": 17184,
      "magicDamageTaken": 10874,
      "timePlayed": 2043,
      "totalHeal": 6854,
      "totalUnitsHealed": 3,
      "assists": 17,
      "item0": 3153,
      "item1": 3111,
      "item2": 3068,
      "item3": 3025,
      "item4": 1057,
      "item6": 3340,
      "magicDamageDealtToChampions": 6704,
      "physicalDamageDealtToChampions": 10318,
      "totalDamageDealtToChampions": 17776,
      "trueDamageDealtPlayer": 754,
      "trueDamageDealtToChampions": 754,
      "trueDamageTaken": 1329,
      "wardPlaced": 6,
      "neutralMinionsKilledEnemyJungle": 1,
      "totalTimeCrowdControlDealt": 215
    }
  }
}