{
  "29646097": {
    "gameId": 825976597,
    "invalid": false,
    "gameMode": "CLASSIC",
    "gameType": "MATCHED_GAME",
    "subType": "RANKED_SOLO_5x5",
    "mapId": 1,
    "teamId": 200,
    "championId": 19,
    "spell1": 14,
    "spell2": 4,
    "level": 30,
    "ipEarned": 76,
    "createDate": 1399030887901,
    "fellowPlayers": [
      {
        "summonerId": 31864005,
        "teamId": 100,
        "championId": 60
      },
      {
        "summonerId": 36375574,
        "teamId": 200,
        "championId": 89
      },
      {
        "summonerId": 30124115,
        "teamId": 100,
        "championId": 25
      },
      {
        "summonerId": 31743730,
        "teamId": 200,
        "championId": 121
      },
      {
        "summonerId": 34023224,
        "teamId": 200,
        "championId": 55
      },
      {
        "summonerId": 26142999,
        "teamId": 100,
        "championId": 104
      },
      {
        "summonerId": 38850981,
        "teamId": 100,
        "championId": 33
      },
      {
        "summonerId": 40821312,
        "teamId": 100,
        "championId": 64
      },
      {
        "summonerId": 37247786,
        "teamId": 200,
        "championId": 222
      }
    ],
    "stats": {
      "level": 14,
      "goldEarned": 9576,
      "numDeaths": 2,
      "turretsKilled": 2,
      "minionsKilled": 158,
      "championsKilled": 7,
      "goldSpent": 6850,
      "totalDamageDealt": 71261,
      "totalDamageTaken": 18104,
      "killingSprees": 1,
      "largestKillingSpree": 6,
      "team": 200,
      "win": true,
      "largestMultiKill": 1,
      "physicalDamageDealtPlayer": 55932,
      "magicDamageDealtPlayer": 14641,
      "physicalDamageTaken": 11268,
      "magicDamageTaken": 6272,
      "timePlayed": 1383,
      "totalHeal": 8112,
      "totalUnitsHealed": 1,
      "assists": 1,
      "item0": 3153,
      "item1": 1011,
      "item2": 3047,
      "item3": 1056,
      "item4": 3082,
      "item6": 3340,
      "sightWardsBought": 1,
      "magicDamageDealtToChampions": 6042,
      "physicalDamageDealtToChampions": 4697,
      "totalDamageDealtToChampions": 11427,
      "trueDamageDealtPlayer": 688,
      "trueDamageDealtToChampions": 688,
      "trueDamageTaken": 564,
      "wardPlaced": 4,
      "totalTimeCrowdControlDealt": 97
    }
  },
  "summonerCount": 10,
  "26142999": {
    "gameId": 825976597,
    "invalid": false,
    "gameMode": "CLASSIC",
    "gameType": "MATCHED_GAME",
    "subType": "RANKED_SOLO_5x5",
    "mapId": 1,
    "teamId": 100,
    "championId": 104,
    "spell1": 4,
    "spell2": 7,
    "level": 30,
    "ipEarned": 51,
    "createDate": 1399030887891,
    "fellowPlayers": [
      {
        "summonerId": 31864005,
        "teamId": 100,
        "championId": 60
      },
      {
        "summonerId": 36375574,
        "teamId": 200,
        "championId": 89
      },
      {
        "summonerId": 29646097,
        "teamId": 200,
        "championId": 19
      },
      {
        "summonerId": 30124115,
        "teamId": 100,
        "championId": 25
      },
      {
        "summonerId": 31743730,
        "teamId": 200,
        "championId": 121
      },
      {
        "summonerId": 34023224,
        "teamId": 200,
        "championId": 55
      },
      {
        "summonerId": 38850981,
        "teamId": 100,
        "championId": 33
      },
      {
        "summonerId": 40821312,
        "teamId": 100,
        "championId": 64
      },
      {
        "summonerId": 37247786,
        "teamId": 200,
        "championId": 222
      }
    ],
    "stats": {
      "level": 11,
      "goldEarned": 5974,
      "numDeaths": 8,
      "minionsKilled": 88,
      "championsKilled": 1,
      "goldSpent": 5520,
      "totalDamageDealt": 40719,
      "totalDamageTaken": 15400,
      "team": 100,
      "win": false,
      "largestMultiKill": 1,
      "physicalDamageDealtPlayer": 38958,
      "magicDamageDealtPlayer": 1761,
      "physicalDamageTaken": 8806,
      "magicDamageTaken": 6240,
      "timePlayed": 1383,
      "totalHeal": 1665,
      "totalUnitsHealed": 3,
      "assists": 6,
      "item0": 1055,
      "item1": 3006,
      "item2": 3072,
      "item3": 1055,
      "item4": 1042,
      "item6": 3340,
      "magicDamageDealtToChampions": 798,
      "physicalDamageDealtToChampions": 7567,
      "totalDamageDealtToChampions": 8365,
      "trueDamageTaken": 352,
      "totalTimeCrowdControlDealt": 49
    }
  },
  "36375574": {
    "gameId": 825976597,
    "invalid": false,
    "gameMode": "CLASSIC",
    "gameType": "MATCHED_GAME",
    "subType": "RANKED_SOLO_5x5",
    "mapId": 1,
    "teamId": 200,
    "championId": 89,
    "spell1": 4,
    "spell2": 3,
    "level": 30,
    "ipEarned": 76,
    "createDate": 1399030887900,
    "fellowPlayers": [
      {
        "summonerId": 31864005,
        "teamId": 100,
        "championId": 60
      },
      {
        "summonerId": 29646097,
        "teamId": 200,
        "championId": 19
      },
      {
        "summonerId": 30124115,
        "teamId": 100,
        "championId": 25
      },
      {
        "summonerId": 31743730,
        "teamId": 200,
        "championId": 121
      },
      {
        "summonerId": 34023224,
        "teamId": 200,
        "championId": 55
      },
      {
        "summonerId": 26142999,
        "teamId": 100,
        "championId": 104
      },
      {
        "summonerId": 38850981,
        "teamId": 100,
        "championId": 33
      },
      {
        "summonerId": 40821312,
        "teamId": 100,
        "championId": 64
      },
      {
        "summonerId": 37247786,
        "teamId": 200,
        "championId": 222
      }
    ],
    "stats": {
      "level": 12,
      "goldEarned": 7200,
      "numDeaths": 3,
      "minionsKilled": 38,
      "championsKilled": 1,
      "goldSpent": 5780,
      "totalDamageDealt": 23442,
      "totalDamageTaken": 13562,
      "team": 200,
      "win": true,
      "largestMultiKill": 1,
      "physicalDamageDealtPlayer": 8795,
      "magicDamageDealtPlayer": 12588,
      "physicalDamageTaken": 10324,
      "magicDamageTaken": 2878,
      "timePlayed": 1383,
      "totalHeal": 3155,
      "totalUnitsHealed": 3,
      "assists": 13,
      "item0": 3401,
      "item1": 1001,
      "item2": 2045,
      "item3": 1011,
      "item4": 1033,
      "item6": 3340,
      "sightWardsBought": 2,
      "magicDamageDealtToChampions": 3386,
      "physicalDamageDealtToChampions": 3180,
      "totalDamageDealtToChampions": 6566,
      "trueDamageDealtPlayer": 2058,
      "trueDamageTaken": 360,
      "wardPlaced": 10,
      "totalTimeCrowdControlDealt": 60
    }
  },
  "31864005": {
    "gameId": 825976597,
    "invalid": false,
    "gameMode": "CLASSIC",
    "gameType": "MATCHED_GAME",
    "subType": "RANKED_SOLO_5x5",
    "mapId": 1,
    "teamId": 100,
    "championId": 60,
    "spell1": 4,
    "spell2": 11,
    "level": 30,
    "ipEarned": 51,
    "createDate": 1399030887894,
    "fellowPlayers": [
      {
        "summonerId": 36375574,
        "teamId": 200,
        "championId": 89
      },
      {
        "summonerId": 29646097,
        "teamId": 200,
        "championId": 19
      },
      {
        "summonerId": 30124115,
        "teamId": 100,
        "championId": 25
      },
      {
        "summonerId": 31743730,
        "teamId": 200,
        "championId": 121
      },
      {
        "summonerId": 34023224,
        "teamId": 200,
        "championId": 55
      },
      {
        "summonerId": 26142999,
        "teamId": 100,
        "championId": 104
      },
      {
        "summonerId": 38850981,
        "teamId": 100,
        "championId": 33
      },
      {
        "summonerId": 40821312,
        "teamId": 100,
        "championId": 64
      },
      {
        "summonerId": 37247786,
        "teamId": 200,
        "championId": 222
      }
    ],
    "stats": {
      "level": 11,
      "goldEarned": 6144,
      "numDeaths": 6,
      "minionsKilled": 9,
      "championsKilled": 4,
      "goldSpent": 6220,
      "totalDamageDealt": 48392,
      "totalDamageTaken": 14529,
      "killingSprees": 1,
      "largestKillingSpree": 2,
      "team": 100,
      "win": false,
      "neutralMinionsKilled": 42,
      "largestMultiKill": 1,
      "physicalDamageDealtPlayer": 18623,
      "magicDamageDealtPlayer": 25212,
      "physicalDamageTaken": 8720,
      "magicDamageTaken": 5608,
      "timePlayed": 1383,
      "totalHeal": 2201,
      "totalUnitsHealed": 1,
      "assists": 4,
      "item0": 1026,
      "item1": 2004,
      "item2": 1001,
      "item3": 3207,
      "item4": 3136,
      "item5": 1052,
      "item6": 3340,
      "magicDamageDealtToChampions": 6627,
      "physicalDamageDealtToChampions": 2273,
      "totalDamageDealtToChampions": 9230,
      "trueDamageDealtPlayer": 4556,
      "trueDamageDealtToChampions": 330,
      "trueDamageTaken": 200,
      "wardPlaced": 4,
      "neutralMinionsKilledYourJungle": 42,
      "totalTimeCrowdControlDealt": 283
    }
  },
  "40821312": {
    "gameId": 825976597,
    "invalid": false,
    "gameMode": "CLASSIC",
    "gameType": "MATCHED_GAME",
    "subType": "RANKED_SOLO_5x5",
    "mapId": 1,
    "teamId": 100,
    "championId": 64,
    "spell1": 4,
    "spell2": 14,
    "level": 30,
    "ipEarned": 51,
    "createDate": 1399030887890,
    "fellowPlayers": [
      {
        "summonerId": 31864005,
        "teamId": 100,
        "championId": 60
      },
      {
        "summonerId": 36375574,
        "teamId": 200,
        "championId": 89
      },
      {
        "summonerId": 29646097,
        "teamId": 200,
        "championId": 19
      },
      {
        "summonerId": 30124115,
        "teamId": 100,
        "championId": 25
      },
      {
        "summonerId": 31743730,
        "teamId": 200,
        "championId": 121
      },
      {
        "summonerId": 34023224,
        "teamId": 200,
        "championId": 55
      },
      {
        "summonerId": 26142999,
        "teamId": 100,
        "championId": 104
      },
      {
        "summonerId": 38850981,
        "teamId": 100,
        "championId": 33
      },
      {
        "summonerId": 37247786,
        "teamId": 200,
        "championId": 222
      }
    ],
    "stats": {
      "level": 12,
      "goldEarned": 7842,
      "numDeaths": 10,
      "minionsKilled": 108,
      "championsKilled": 9,
      "goldSpent": 5872,
      "totalDamageDealt": 63427,
      "totalDamageTaken": 22266,
      "doubleKills": 1,
      "killingSprees": 2,
      "largestKillingSpree": 2,
      "team": 100,
      "win": false,
      "neutralMinionsKilled": 4,
      "largestMultiKill": 2,
      "physicalDamageDealtPlayer": 49166,
      "magicDamageDealtPlayer": 13752,
      "physicalDamageTaken": 7692,
      "magicDamageTaken": 14037,
      "timePlayed": 1383,
      "totalHeal": 1509,
      "totalUnitsHealed": 1,
      "assists": 1,
      "item0": 3074,
      "item1": 1055,
      "item2": 1001,
      "item3": 3134,
      "item4": 1028,
      "item6": 3340,
      "magicDamageDealtToChampions": 2493,
      "physicalDamageDealtToChampions": 12530,
      "totalDamageDealtToChampions": 15531,
      "trueDamageDealtPlayer": 508,
      "trueDamageDealtToChampions": 508,
      "trueDamageTaken": 536,
      "wardPlaced": 5,
      "neutralMinionsKilledYourJungle": 4,
      "totalTimeCrowdControlDealt": 212
    }
  },
  "38850981": {
    "gameId": 825976597,
    "invalid": false,
    "gameMode": "CLASSIC",
    "gameType": "MATCHED_GAME",
    "subType": "RANKED_SOLO_5x5",
    "mapId": 1,
    "teamId": 100,
    "championId": 33,
    "spell1": 14,
    "spell2": 6,
    "level": 30,
    "ipEarned": 51,
    "createDate": 1399030887893,
    "fellowPlayers": [
      {
        "summonerId": 31864005,
        "teamId": 100,
        "championId": 60
      },
      {
        "summonerId": 36375574,
        "teamId": 200,
        "championId": 89
      },
      {
        "summonerId": 29646097,
        "teamId": 200,
        "championId": 19
      },
      {
        "summonerId": 30124115,
        "teamId": 100,
        "championId": 25
      },
      {
        "summonerId": 31743730,
        "teamId": 200,
        "championId": 121
      },
      {
        "summonerId": 34023224,
        "teamId": 200,
        "championId": 55
      },
      {
        "summonerId": 26142999,
        "teamId": 100,
        "championId": 104
      },
      {
        "summonerId": 40821312,
        "teamId": 100,
        "championId": 64
      },
      {
        "summonerId": 37247786,
        "teamId": 200,
        "championId": 222
      }
    ],
    "stats": {
      "level": 11,
      "goldEarned": 5185,
      "numDeaths": 5,
      "minionsKilled": 102,
      "championsKilled": 1,
      "goldSpent": 4685,
      "totalDamageDealt": 42048,
      "totalDamageTaken": 13504,
      "team": 100,
      "win": false,
      "neutralMinionsKilled": 1,
      "largestMultiKill": 1,
      "physicalDamageDealtPlayer": 14836,
      "magicDamageDealtPlayer": 26501,
      "physicalDamageTaken": 7579,
      "magicDamageTaken": 5166,
      "timePlayed": 1383,
      "totalHeal": 572,
      "totalUnitsHealed": 1,
      "item0": 1054,
      "item1": 1026,
      "item2": 3067,
      "item3": 1057,
      "item4": 3020,
      "item5": 1052,
      "item6": 3340,
      "magicDamageDealtToChampions": 5335,
      "physicalDamageDealtToChampions": 2314,
      "totalDamageDealtToChampions": 8360,
      "trueDamageDealtPlayer": 710,
      "trueDamageDealtToChampions": 710,
      "trueDamageTaken": 758,
      "wardPlaced": 5,
      "neutralMinionsKilledYourJungle": 1,
      "totalTimeCrowdControlDealt": 226
    }
  },
  "31743730": {
    "gameId": 825976597,
    "invalid": false,
    "gameMode": "CLASSIC",
    "gameType": "MATCHED_GAME",
    "subType": "RANKED_SOLO_5x5",
    "mapId": 1,
    "teamId": 200,
    "championId": 121,
    "spell1": 4,
    "spell2": 11,
    "level": 30,
    "ipEarned": 76,
    "createDate": 1399030887897,
    "fellowPlayers": [
      {
        "summonerId": 31864005,
        "teamId": 100,
        "championId": 60
      },
      {
        "summonerId": 36375574,
        "teamId": 200,
        "championId": 89
      },
      {
        "summonerId": 29646097,
        "teamId": 200,
        "championId": 19
      },
      {
        "summonerId": 30124115,
        "teamId": 100,
        "championId": 25
      },
      {
        "summonerId": 34023224,
        "teamId": 200,
        "championId": 55
      },
      {
        "summonerId": 26142999,
        "teamId": 100,
        "championId": 104
      },
      {
        "summonerId": 38850981,
        "teamId": 100,
        "championId": 33
      },
      {
        "summonerId": 40821312,
        "teamId": 100,
        "championId": 64
      },
      {
        "summonerId": 37247786,
        "teamId": 200,
        "championId": 222
      }
    ],
    "stats": {
      "level": 13,
      "goldEarned": 8836,
      "numDeaths": 3,
      "minionsKilled": 14,
      "championsKilled": 6,
      "goldSpent": 8437,
      "totalDamageDealt": 80021,
      "totalDamageTaken": 15733,
      "killingSprees": 1,
      "largestKillingSpree": 5,
      "team": 200,
      "win": true,
      "neutralMinionsKilled": 55,
      "largestMultiKill": 1,
      "physicalDamageDealtPlayer": 67782,
      "magicDamageDealtPlayer": 1105,
      "physicalDamageTaken": 11268,
      "magicDamageTaken": 4137,
      "timePlayed": 1383,
      "totalHeal": 3651,
      "totalUnitsHealed": 1,
      "assists": 10,
      "item0": 3209,
      "item1": 3134,
      "item2": 3074,
      "item3": 3111,
      "item6": 3340,
      "sightWardsBought": 2,
      "visionWardsBought": 1,
      "magicDamageDealtToChampions": 692,
      "physicalDamageDealtToChampions": 8909,
      "totalDamageDealtToChampions": 10327,
      "trueDamageDealtPlayer": 11134,
      "trueDamageDealtToChampions": 725,
      "trueDamageTaken": 328,
      "wardPlaced": 10,
      "neutralMinionsKilledEnemyJungle": 11,
      "neutralMinionsKilledYourJungle": 44,
      "totalTimeCrowdControlDealt": 348
    }
  },
  "34023224": {
    "gameId": 825976597,
    "invalid": false,
    "gameMode": "CLASSIC",
    "gameType": "MATCHED_GAME",
    "subType": "RANKED_SOLO_5x5",
    "mapId": 1,
    "teamId": 200,
    "championId": 55,
    "spell1": 14,
    "spell2": 4,
    "level": 30,
    "ipEarned": 226,
    "createDate": 1399030887899,
    "fellowPlayers": [
      {
        "summonerId": 31864005,
        "teamId": 100,
        "championId": 60
      },
      {
        "summonerId": 36375574,
        "teamId": 200,
        "championId": 89
      },
      {
        "summonerId": 29646097,
        "teamId": 200,
        "championId": 19
      },
      {
        "summonerId": 30124115,
        "teamId": 100,
        "championId": 25
      },
      {
        "summonerId": 31743730,
        "teamId": 200,
        "championId": 121
      },
      {
        "summonerId": 26142999,
        "teamId": 100,
        "championId": 104
      },
      {
        "summonerId": 38850981,
        "teamId": 100,
        "championId": 33
      },
      {
        "summonerId": 40821312,
        "teamId": 100,
        "championId": 64
      },
      {
        "summonerId": 37247786,
        "teamId": 200,
        "championId": 222
      }
    ],
    "stats": {
      "level": 13,
      "goldEarned": 11230,
      "numDeaths": 7,
      "turretsKilled": 2,
      "minionsKilled": 92,
      "championsKilled": 16,
      "goldSpent": 9155,
      "totalDamageDealt": 73371,
      "totalDamageTaken": 16056,
      "doubleKills": 2,
      "tripleKills": 1,
      "quadraKills": 1,
      "killingSprees": 4,
      "largestKillingSpree": 9,
      "team": 200,
      "win": true,
      "neutralMinionsKilled": 1,
      "largestMultiKill": 4,
      "physicalDamageDealtPlayer": 6780,
      "magicDamageDealtPlayer": 66074,
      "physicalDamageTaken": 11135,
      "magicDamageTaken": 4535,
      "timePlayed": 1383,
      "totalHeal": 2695,
      "totalUnitsHealed": 1,
      "assists": 7,
      "item0": 3255,
      "item1": 3136,
      "item2": 3089,
      "item3": 2044,
      "item4": 3135,
      "item6": 3340,
      "sightWardsBought": 2,
      "magicDamageDealtToChampions": 24979,
      "physicalDamageDealtToChampions": 722,
      "totalDamageDealtToChampions": 26218,
      "trueDamageDealtPlayer": 516,
      "trueDamageDealtToChampions": 516,
      "trueDamageTaken": 386,
      "wardPlaced": 5,
      "neutralMinionsKilledEnemyJungle": 1
    }
  },
  "30124115": {
    "gameId": 825976597,
    "invalid": false,
    "gameMode": "CLASSIC",
    "gameType": "MATCHED_GAME",
    "subType": "RANKED_SOLO_5x5",
    "mapId": 1,
    "teamId": 100,
    "championId": 25,
    "spell1": 4,
    "spell2": 3,
    "level": 30,
    "ipEarned": 51,
    "createDate": 1399030887895,
    "fellowPlayers": [
      {
        "summonerId": 31864005,
        "teamId": 100,
        "championId": 60
      },
      {
        "summonerId": 36375574,
        "teamId": 200,
        "championId": 89
      },
      {
        "summonerId": 29646097,
        "teamId": 200,
        "championId": 19
      },
      {
        "summonerId": 31743730,
        "teamId": 200,
        "championId": 121
      },
      {
        "summonerId": 34023224,
        "teamId": 200,
        "championId": 55
      },
      {
        "summonerId": 26142999,
        "teamId": 100,
        "championId": 104
      },
      {
        "summonerId": 38850981,
        "teamId": 100,
        "championId": 33
      },
      {
        "summonerId": 40821312,
        "teamId": 100,
        "championId": 64
      },
      {
        "summonerId": 37247786,
        "teamId": 200,
        "championId": 222
      }
    ],
    "stats": {
      "level": 11,
      "goldEarned": 5547,
      "numDeaths": 7,
      "minionsKilled": 35,
      "championsKilled": 2,
      "goldSpent": 5390,
      "totalDamageDealt": 24670,
      "totalDamageTaken": 13017,
      "team": 100,
      "win": false,
      "largestMultiKill": 1,
      "physicalDamageDealtPlayer": 5554,
      "magicDamageDealtPlayer": 19116,
      "physicalDamageTaken": 7554,
      "magicDamageTaken": 5107,
      "timePlayed": 1383,
      "totalHeal": 335,
      "totalUnitsHealed": 1,
      "assists": 5,
      "item0": 3092,
      "item1": 2049,
      "item2": 1001,
      "item3": 3145,
      "item4": 1056,
      "item6": 3340,
      "sightWardsBought": 2,
      "magicDamageDealtToChampions": 6716,
      "physicalDamageDealtToChampions": 1069,
      "totalDamageDealtToChampions": 7785,
      "trueDamageTaken": 355,
      "wardPlaced": 4,
      "totalTimeCrowdControlDealt": 77
    }
  },
  "29646097": {
    "gameId": 825976597,
    "invalid": false,
    "gameMode": "CLASSIC",
    "gameType": "MATCHED_GAME",
    "subType": "RANKED_SOLO_5x5",
    "mapId": 1,
    "teamId": 200,
    "championId": 19,
    "spell1": 14,
    "spell2": 4,
    "level": 30,
    "ipEarned": 76,
    "createDate": 1399030887901,
    "fellowPlayers": [
      {
        "summonerId": 31864005,
        "teamId": 100,
        "championId": 60
      },
      {
        "summonerId": 36375574,
        "teamId": 200,
        "championId": 89
      },
      {
        "summonerId": 30124115,
        "teamId": 100,
        "championId": 25
      },
      {
        "summonerId": 31743730,
        "teamId": 200,
        "championId": 121
      },
      {
        "summonerId": 34023224,
        "teamId": 200,
        "championId": 55
      },
      {
        "summonerId": 26142999,
        "teamId": 100,
        "championId": 104
      },
      {
        "summonerId": 38850981,
        "teamId": 100,
        "championId": 33
      },
      {
        "summonerId": 40821312,
        "teamId": 100,
        "championId": 64
      },
      {
        "summonerId": 37247786,
        "teamId": 200,
        "championId": 222
      }
    ],
    "stats": {
      "level": 14,
      "goldEarned": 9576,
      "numDeaths": 2,
      "turretsKilled": 2,
      "minionsKilled": 158,
      "championsKilled": 7,
      "goldSpent": 6850,
      "totalDamageDealt": 71261,
      "totalDamageTaken": 18104,
      "killingSprees": 1,
      "largestKillingSpree": 6,
      "team": 200,
      "win": true,
      "largestMultiKill": 1,
      "physicalDamageDealtPlayer": 55932,
      "magicDamageDealtPlayer": 14641,
      "physicalDamageTaken": 11268,
      "magicDamageTaken": 6272,
      "timePlayed": 1383,
      "totalHeal": 8112,
      "totalUnitsHealed": 1,
      "assists": 1,
      "item0": 3153,
      "item1": 1011,
      "item2": 3047,
      "item3": 1056,
      "item4": 3082,
      "item6": 3340,
      "sightWardsBought": 1,
      "magicDamageDealtToChampions": 6042,
      "physicalDamageDealtToChampions": 4697,
      "totalDamageDealtToChampions": 11427,
      "trueDamageDealtPlayer": 688,
      "trueDamageDealtToChampions": 688,
      "trueDamageTaken": 564,
      "wardPlaced": 4,
      "totalTimeCrowdControlDealt": 97
    }
  }
}