{
  "44781239": {
    "gameId": 825984017,
    "invalid": false,
    "gameMode": "CLASSIC",
    "gameType": "MATCHED_GAME",
    "subType": "NORMAL",
    "mapId": 1,
    "teamId": 100,
    "championId": 222,
    "spell1": 6,
    "spell2": 7,
    "level": 6,
    "ipEarned": 115,
    "createDate": 1399031005028,
    "fellowPlayers": [
      {
        "summonerId": 44459487,
        "teamId": 200,
        "championId": 2
      },
      {
        "summonerId": 44191556,
        "teamId": 200,
        "championId": 11
      },
      {
        "summonerId": 41245203,
        "teamId": 100,
        "championId": 11
      },
      {
        "summonerId": 32474599,
        "teamId": 100,
        "championId": 10
      },
      {
        "summonerId": 29475826,
        "teamId": 200,
        "championId": 31
      },
      {
        "summonerId": 42383811,
        "teamId": 200,
        "championId": 76
      },
      {
        "summonerId": 41025236,
        "teamId": 100,
        "championId": 23
      },
      {
        "summonerId": 42210266,
        "teamId": 200,
        "championId": 222
      },
      {
        "summonerId": 41548057,
        "teamId": 100,
        "championId": 30
      }
    ],
    "stats": {
      "level": 14,
      "goldEarned": 8739,
      "numDeaths": 7,
      "turretsKilled": 3,
      "minionsKilled": 89,
      "championsKilled": 4,
      "goldSpent": 7945,
      "totalDamageDealt": 58245,
      "totalDamageTaken": 15217,
      "killingSprees": 1,
      "largestKillingSpree": 2,
      "team": 100,
      "win": true,
      "largestMultiKill": 1,
      "physicalDamageDealtPlayer": 55144,
      "magicDamageDealtPlayer": 3100,
      "physicalDamageTaken": 13473,
      "magicDamageTaken": 1126,
      "largestCriticalStrike": 464,
      "timePlayed": 1953,
      "totalHeal": 2071,
      "totalUnitsHealed": 3,
      "assists": 3,
      "item0": 1055,
      "item1": 2003,
      "item2": 3031,
      "item3": 3006,
      "item4": 1053,
      "item5": 1038,
      "item6": 3340,
      "magicDamageDealtToChampions": 278,
      "physicalDamageDealtToChampions": 5547,
      "totalDamageDealtToChampions": 5825,
      "trueDamageTaken": 617,
      "wardPlaced": 1,
      "totalTimeCrowdControlDealt": 44
    }
  },
  "summonerCount": 10,
  "41245203": {
    "gameId": 825984017,
    "invalid": false,
    "gameMode": "CLASSIC",
    "gameType": "MATCHED_GAME",
    "subType": "NORMAL",
    "mapId": 1,
    "teamId": 100,
    "championId": 11,
    "spell1": 14,
    "spell2": 7,
    "level": 11,
    "ipEarned": 92,
    "createDate": 1399031005030,
    "fellowPlayers": [
      {
        "summonerId": 44781239,
        "teamId": 100,
        "championId": 222
      },
      {
        "summonerId": 44459487,
        "teamId": 200,
        "championId": 2
      },
      {
        "summonerId": 44191556,
        "teamId": 200,
        "championId": 11
      },
      {
        "summonerId": 32474599,
        "teamId": 100,
        "championId": 10
      },
      {
        "summonerId": 29475826,
        "teamId": 200,
        "championId": 31
      },
      {
        "summonerId": 42383811,
        "teamId": 200,
        "championId": 76
      },
      {
        "summonerId": 41025236,
        "teamId": 100,
        "championId": 23
      },
      {
        "summonerId": 42210266,
        "teamId": 200,
        "championId": 222
      },
      {
        "summonerId": 41548057,
        "teamId": 100,
        "championId": 30
      }
    ],
    "stats": {
      "level": 16,
      "goldEarned": 11723,
      "numDeaths": 5,
      "minionsKilled": 97,
      "championsKilled": 8,
      "goldSpent": 10125,
      "totalDamageDealt": 98208,
      "totalDamageTaken": 22048,
      "killingSprees": 2,
      "largestKillingSpree": 3,
      "team": 100,
      "win": true,
      "neutralMinionsKilled": 21,
      "largestMultiKill": 1,
      "physicalDamageDealtPlayer": 86449,
      "magicDamageDealtPlayer": 4194,
      "physicalDamageTaken": 14538,
      "magicDamageTaken": 5658,
      "largestCriticalStrike": 776,
      "timePlayed": 1953,
      "totalHeal": 3996,
      "totalUnitsHealed": 2,
      "assists": 8,
      "item0": 3142,
      "item1": 3072,
      "item2": 3087,
      "item3": 3250,
      "item6": 3340,
      "magicDamageDealtToChampions": 752,
      "physicalDamageDealtToChampions": 11048,
      "totalDamageDealtToChampions": 14785,
      "trueDamageDealtPlayer": 7564,
      "trueDamageDealtToChampions": 2985,
      "trueDamageTaken": 1852,
      "wardPlaced": 5,
      "neutralMinionsKilledEnemyJungle": 6,
      "neutralMinionsKilledYourJungle": 15,
      "totalTimeCrowdControlDealt": 72
    }
  },
  "44191556": {
    "gameId": 825984017,
    "invalid": false,
    "gameMode": "CLASSIC",
    "gameType": "MATCHED_GAME",
    "subType": "NORMAL",
    "mapId": 1,
    "teamId": 200,
    "championId": 11,
    "spell1": 4,
    "spell2": 7,
    "level": 21,
    "ipEarned": 61,
    "createDate": 1399031005036,
    "fellowPlayers": [
      {
        "summonerId": 44781239,
        "teamId": 100,
        "championId": 222
      },
      {
        "summonerId": 44459487,
        "teamId": 200,
        "championId": 2
      },
      {
        "summonerId": 41245203,
        "teamId": 100,
        "championId": 11
      },
      {
        "summonerId": 32474599,
        "teamId": 100,
        "championId": 10
      },
      {
        "summonerId": 29475826,
        "teamId": 200,
        "championId": 31
      },
      {
        "summonerId": 42383811,
        "teamId": 200,
        "championId": 76
      },
      {
        "summonerId": 41025236,
        "teamId": 100,
        "championId": 23
      },
      {
        "summonerId": 42210266,
        "teamId": 200,
        "championId": 222
      },
      {
        "summonerId": 41548057,
        "teamId": 100,
        "championId": 30
      }
    ],
    "stats": {
      "level": 14,
      "goldEarned": 8291,
      "numDeaths": 10,
      "turretsKilled": 1,
      "minionsKilled": 137,
      "championsKilled": 1,
      "goldSpent": 7725,
      "totalDamageDealt": 92367,
      "totalDamageTaken": 32235,
      "team": 200,
      "win": false,
      "neutralMinionsKilled": 4,
      "largestMultiKill": 1,
      "physicalDamageDealtPlayer": 92147,
      "physicalDamageTaken": 20060,
      "magicDamageTaken": 10623,
      "timePlayed": 1953,
      "totalHeal": 6414,
      "totalUnitsHealed": 3,
      "assists": 6,
      "item0": 3009,
      "item1": 2004,
      "item2": 3074,
      "item3": 3083,
      "item6": 3340,
      "physicalDamageDealtToChampions": 6572,
      "totalDamageDealtToChampions": 6591,
      "trueDamageDealtPlayer": 220,
      "trueDamageDealtToChampions": 19,
      "trueDamageTaken": 1552,
      "wardPlaced": 4,
      "neutralMinionsKilledYourJungle": 4
    }
  },
  "44459487": {
    "gameId": 825984017,
    "invalid": false,
    "gameMode": "CLASSIC",
    "gameType": "MATCHED_GAME",
    "subType": "NORMAL",
    "mapId": 1,
    "teamId": 200,
    "championId": 2,
    "spell1": 6,
    "spell2": 7,
    "level": 5,
    "ipEarned": 76,
    "createDate": 1399031005031,
    "fellowPlayers": [
      {
        "summonerId": 44781239,
        "teamId": 100,
        "championId": 222
      },
      {
        "summonerId": 44191556,
        "teamId": 200,
        "championId": 11
      },
      {
        "summonerId": 41245203,
        "teamId": 100,
        "championId": 11
      },
      {
        "summonerId": 32474599,
        "teamId": 100,
        "championId": 10
      },
      {
        "summonerId": 29475826,
        "teamId": 200,
        "championId": 31
      },
      {
        "summonerId": 42383811,
        "teamId": 200,
        "championId": 76
      },
      {
        "summonerId": 41025236,
        "teamId": 100,
        "championId": 23
      },
      {
        "summonerId": 42210266,
        "teamId": 200,
        "championId": 222
      },
      {
        "summonerId": 41548057,
        "teamId": 100,
        "championId": 30
      }
    ],
    "stats": {
      "level": 13,
      "goldEarned": 7713,
      "numDeaths": 14,
      "turretsKilled": 1,
      "minionsKilled": 35,
      "championsKilled": 6,
      "goldSpent": 7525,
      "totalDamageDealt": 44223,
      "totalDamageTaken": 29030,
      "team": 200,
      "win": false,
      "largestMultiKill": 1,
      "physicalDamageDealtPlayer": 37360,
      "physicalDamageTaken": 19548,
      "magicDamageTaken": 8376,
      "timePlayed": 1953,
      "totalHeal": 2388,
      "totalUnitsHealed": 3,
      "assists": 7,
      "item0": 1054,
      "item1": 3047,
      "item2": 3074,
      "item3": 3065,
      "item6": 3340,
      "physicalDamageDealtToChampions": 9328,
      "totalDamageDealtToChampions": 14809,
      "trueDamageDealtPlayer": 6862,
      "trueDamageDealtToChampions": 5480,
      "trueDamageTaken": 1105,
      "wardPlaced": 7,
      "totalTimeCrowdControlDealt": 224
    }
  },
  "42210266": {
    "gameId": 825984017,
    "invalid": false,
    "gameMode": "CLASSIC",
    "gameType": "MATCHED_GAME",
    "subType": "NORMAL",
    "mapId": 1,
    "teamId": 200,
    "championId": 222,
    "spell1": 7,
    "spell2": 4,
    "level": 28,
    "ipEarned": 61,
    "createDate": 1399031005035,
    "fellowPlayers": [
      {
        "summonerId": 44781239,
        "teamId": 100,
        "championId": 222
      },
      {
        "summonerId": 44459487,
        "teamId": 200,
        "championId": 2
      },
      {
        "summonerId": 44191556,
        "teamId": 200,
        "championId": 11
      },
      {
        "summonerId": 41245203,
        "teamId": 100,
        "championId": 11
      },
      {
        "summonerId": 32474599,
        "teamId": 100,
        "championId": 10
      },
      {
        "summonerId": 29475826,
        "teamId": 200,
        "championId": 31
      },
      {
        "summonerId": 42383811,
        "teamId": 200,
        "championId": 76
      },
      {
        "summonerId": 41025236,
        "teamId": 100,
        "championId": 23
      },
      {
        "summonerId": 41548057,
        "teamId": 100,
        "championId": 30
      }
    ],
    "stats": {
      "level": 15,
      "goldEarned": 10077,
      "numDeaths": 12,
      "minionsKilled": 89,
      "championsKilled": 12,
      "goldSpent": 9170,
      "totalDamageDealt": 66748,
      "totalDamageTaken": 29281,
      "doubleKills": 2,
      "killingSprees": 3,
      "largestKillingSpree": 4,
      "team": 200,
      "win": false,
      "largestMultiKill": 2,
      "physicalDamageDealtPlayer": 64649,
      "magicDamageDealtPlayer": 2099,
      "physicalDamageTaken": 15506,
      "magicDamageTaken": 12863,
      "largestCriticalStrike": 470,
      "timePlayed": 1953,
      "totalHeal": 2535,
      "totalUnitsHealed": 1,
      "assists": 3,
      "item0": 1055,
      "item1": 2003,
      "item2": 3072,
      "item3": 3006,
      "item4": 3046,
      "item5": 1038,
      "item6": 3340,
      "magicDamageDealtToChampions": 471,
      "physicalDamageDealtToChampions": 21547,
      "totalDamageDealtToChampions": 22019,
      "trueDamageTaken": 912,
      "wardPlaced": 5,
      "totalTimeCrowdControlDealt": 79
    }
  },
  "29475826": {
    "gameId": 825984017,
    "invalid": false,
    "gameMode": "CLASSIC",
    "gameType": "MATCHED_GAME",
    "subType": "NORMAL",
    "mapId": 1,
    "teamId": 200,
    "championId": 31,
    "spell1": 13,
    "spell2": 14,
    "level": 30,
    "ipEarned": 61,
    "createDate": 1399031005032,
    "fellowPlayers": [
      {
        "summonerId": 44781239,
        "teamId": 100,
        "championId": 222
      },
      {
        "summonerId": 44459487,
        "teamId": 200,
        "championId": 2
      },
      {
        "summonerId": 44191556,
        "teamId": 200,
        "championId": 11
      },
      {
        "summonerId": 41245203,
        "teamId": 100,
        "championId": 11
      },
      {
        "summonerId": 32474599,
        "teamId": 100,
        "championId": 10
      },
      {
        "summonerId": 42383811,
        "teamId": 200,
        "championId": 76
      },
      {
        "summonerId": 41025236,
        "teamId": 100,
        "championId": 23
      },
      {
        "summonerId": 42210266,
        "teamId": 200,
        "championId": 222
      },
      {
        "summonerId": 41548057,
        "teamId": 100,
        "championId": 30
      }
    ],
    "stats": {
      "level": 15,
      "goldEarned": 12048,
      "numDeaths": 10,
      "minionsKilled": 128,
      "championsKilled": 11,
      "goldSpent": 11720,
      "totalDamageDealt": 115763,
      "totalDamageTaken": 31860,
      "doubleKills": 1,
      "killingSprees": 4,
      "largestKillingSpree": 4,
      "team": 200,
      "win": false,
      "neutralMinionsKilled": 4,
      "largestMultiKill": 2,
      "physicalDamageDealtPlayer": 13153,
      "magicDamageDealtPlayer": 86841,
      "physicalDamageTaken": 23109,
      "magicDamageTaken": 7891,
      "timePlayed": 1953,
      "totalHeal": 4891,
      "totalUnitsHealed": 1,
      "assists": 6,
      "item0": 3151,
      "item1": 3165,
      "item2": 3111,
      "item3": 3003,
      "item4": 3068,
      "item6": 3340,
      "magicDamageDealtToChampions": 19881,
      "physicalDamageDealtToChampions": 1614,
      "totalDamageDealtToChampions": 24993,
      "trueDamageDealtPlayer": 15769,
      "trueDamageDealtToChampions": 3497,
      "trueDamageTaken": 859,
      "wardKilled": 1,
      "wardPlaced": 9,
      "neutralMinionsKilledYourJungle": 4,
      "totalTimeCrowdControlDealt": 427
    }
  },
  "42383811": {
    "gameId": 825984017,
    "invalid": false,
    "gameMode": "CLASSIC",
    "gameType": "MATCHED_GAME",
    "subType": "NORMAL",
    "mapId": 1,
    "teamId": 200,
    "championId": 76,
    "spell1": 14,
    "spell2": 4,
    "level": 22,
    "ipEarned": 61,
    "createDate": 1399031005034,
    "fellowPlayers": [
      {
        "summonerId": 44781239,
        "teamId": 100,
        "championId": 222
      },
      {
        "summonerId": 44459487,
        "teamId": 200,
        "championId": 2
      },
      {
        "summonerId": 44191556,
        "teamId": 200,
        "championId": 11
      },
      {
        "summonerId": 41245203,
        "teamId": 100,
        "championId": 11
      },
      {
        "summonerId": 32474599,
        "teamId": 100,
        "championId": 10
      },
      {
        "summonerId": 29475826,
        "teamId": 200,
        "championId": 31
      },
      {
        "summonerId": 41025236,
        "teamId": 100,
        "championId": 23
      },
      {
        "summonerId": 42210266,
        "teamId": 200,
        "championId": 222
      },
      {
        "summonerId": 41548057,
        "teamId": 100,
        "championId": 30
      }
    ],
    "stats": {
      "level": 13,
      "goldEarned": 6256,
      "numDeaths": 12,
      "minionsKilled": 57,
      "championsKilled": 1,
      "goldSpent": 5205,
      "totalDamageDealt": 43752,
      "totalDamageTaken": 23632,
      "team": 200,
      "win": false,
      "largestMultiKill": 1,
      "physicalDamageDealtPlayer": 6834,
      "magicDamageDealtPlayer": 36132,
      "physicalDamageTaken": 14752,
      "magicDamageTaken": 8466,
      "timePlayed": 1953,
      "totalHeal": 1925,
      "totalUnitsHealed": 3,
      "assists": 4,
      "item0": 1026,
      "item1": 3174,
      "item2": 3020,
      "item6": 3340,
      "magicDamageDealtToChampions": 10525,
      "physicalDamageDealtToChampions": 877,
      "totalDamageDealtToChampions": 12188,
      "trueDamageDealtPlayer": 786,
      "trueDamageDealtToChampions": 786,
      "trueDamageTaken": 413,
      "wardKilled": 1,
      "wardPlaced": 3
    }
  },
  "41548057": {
    "gameId": 825984017,
    "invalid": false,
    "gameMode": "CLASSIC",
    "gameType": "MATCHED_GAME",
    "subType": "NORMAL",
    "mapId": 1,
    "teamId": 100,
    "championId": 30,
    "spell1": 6,
    "spell2": 14,
    "level": 23,
    "ipEarned": 242,
    "createDate": 1399031005026,
    "fellowPlayers": [
      {
        "summonerId": 44781239,
        "teamId": 100,
        "championId": 222
      },
      {
        "summonerId": 44459487,
        "teamId": 200,
        "championId": 2
      },
      {
        "summonerId": 44191556,
        "teamId": 200,
        "championId": 11
      },
      {
        "summonerId": 41245203,
        "teamId": 100,
        "championId": 11
      },
      {
        "summonerId": 32474599,
        "teamId": 100,
        "championId": 10
      },
      {
        "summonerId": 29475826,
        "teamId": 200,
        "championId": 31
      },
      {
        "summonerId": 42383811,
        "teamId": 200,
        "championId": 76
      },
      {
        "summonerId": 41025236,
        "teamId": 100,
        "championId": 23
      },
      {
        "summonerId": 42210266,
        "teamId": 200,
        "championId": 222
      }
    ],
    "stats": {
      "level": 14,
      "goldEarned": 9361,
      "numDeaths": 8,
      "minionsKilled": 58,
      "championsKilled": 3,
      "goldSpent": 8255,
      "totalDamageDealt": 49350,
      "totalDamageTaken": 14963,
      "team": 100,
      "win": true,
      "neutralMinionsKilled": 3,
      "largestMultiKill": 1,
      "physicalDamageDealtPlayer": 5626,
      "magicDamageDealtPlayer": 42985,
      "physicalDamageTaken": 12992,
      "magicDamageTaken": 1368,
      "timePlayed": 1953,
      "assists": 10,
      "item0": 3041,
      "item1": 1056,
      "item2": 3027,
      "item3": 3070,
      "item4": 3020,
      "item5": 1058,
      "item6": 3340,
      "magicDamageDealtToChampions": 12593,
      "physicalDamageDealtToChampions": 851,
      "totalDamageDealtToChampions": 14183,
      "trueDamageDealtPlayer": 738,
      "trueDamageDealtToChampions": 738,
      "trueDamageTaken": 603,
      "wardPlaced": 1,
      "neutralMinionsKilledEnemyJungle": 3,
      "totalTimeCrowdControlDealt": 290
    }
  },
  "32474599": {
    "gameId": 825984017,
    "invalid": false,
    "gameMode": "CLASSIC",
    "gameType": "MATCHED_GAME",
    "subType": "NORMAL",
    "mapId": 1,
    "teamId": 100,
    "championId": 10,
    "spell1": 4,
    "spell2": 7,
    "level": 30,
    "ipEarned": 92,
    "createDate": 1399031005025,
    "fellowPlayers": [
      {
        "summonerId": 44781239,
        "teamId": 100,
        "championId": 222
      },
      {
        "summonerId": 44459487,
        "teamId": 200,
        "championId": 2
      },
      {
        "summonerId": 44191556,
        "teamId": 200,
        "championId": 11
      },
      {
        "summonerId": 41245203,
        "teamId": 100,
        "championId": 11
      },
      {
        "summonerId": 29475826,
        "teamId": 200,
        "championId": 31
      },
      {
        "summonerId": 42383811,
        "teamId": 200,
        "championId": 76
      },
      {
        "summonerId": 41025236,
        "teamId": 100,
        "championId": 23
      },
      {
        "summonerId": 42210266,
        "teamId": 200,
        "championId": 222
      },
      {
        "summonerId": 41548057,
        "teamId": 100,
        "championId": 30
      }
    ],
    "stats": {
      "level": 18,
      "goldEarned": 15518,
      "numDeaths": 4,
      "turretsKilled": 4,
      "minionsKilled": 195,
      "championsKilled": 20,
      "goldSpent": 19375,
      "totalDamageDealt": 160790,
      "totalDamageTaken": 29131,
      "doubleKills": 3,
      "killingSprees": 4,
      "largestKillingSpree": 9,
      "team": 100,
      "win": true,
      "neutralMinionsKilled": 11,
      "largestMultiKill": 2,
      "physicalDamageDealtPlayer": 43016,
      "magicDamageDealtPlayer": 117773,
      "physicalDamageTaken": 17515,
      "magicDamageTaken": 9494,
      "timePlayed": 1953,
      "totalHeal": 11885,
      "totalUnitsHealed": 2,
      "assists": 3,
      "item0": 3157,
      "item1": 3006,
      "item2": 3115,
      "item3": 3089,
      "item4": 3100,
      "item5": 1056,
      "item6": 3340,
      "magicDamageDealtToChampions": 29429,
      "physicalDamageDealtToChampions": 9239,
      "totalDamageDealtToChampions": 38669,
      "trueDamageTaken": 2121,
      "wardPlaced": 9,
      "neutralMinionsKilledEnemyJungle": 11,
      "totalTimeCrowdControlDealt": 129
    }
  },
  "41025236": {
    "gameId": 825984017,
    "invalid": false,
    "gameMode": "CLASSIC",
    "gameType": "MATCHED_GAME",
    "subType": "NORMAL",
    "mapId": 1,
    "teamId": 100,
    "championId": 23,
    "spell1": 6,
    "spell2": 14,
    "level": 30,
    "ipEarned": 92,
    "createDate": 1399031005027,
    "fellowPlayers": [
      {
        "summonerId": 44781239,
        "teamId": 100,
        "championId": 222
      },
      {
        "summonerId": 44459487,
        "teamId": 200,
        "championId": 2
      },
      {
        "summonerId": 44191556,
        "teamId": 200,
        "championId": 11
      },
      {
        "summonerId": 41245203,
        "teamId": 100,
        "championId": 11
      },
      {
        "summonerId": 32474599,
        "teamId": 100,
        "championId": 10
      },
      {
        "summonerId": 29475826,
        "teamId": 200,
        "championId": 31
      },
      {
        "summonerId": 42383811,
        "teamId": 200,
        "championId": 76
      },
      {
        "summonerId": 42210266,
        "teamId": 200,
        "championId": 222
      },
      {
        "summonerId": 41548057,
        "teamId": 100,
        "championId": 30
      }
    ],
    "stats": {
      "level": 18,
      "goldEarned": 17915,
      "numDeaths": 7,
      "turretsKilled": 1,
      "minionsKilled": 175,
      "championsKilled": 23,
      "goldSpent": 16230,
      "totalDamageDealt": 232151,
      "totalDamageTaken": 44507,
      "doubleKills": 7,
      "tripleKills": 1,
      "killingSprees": 4,
      "largestKillingSpree": 12,
      "team": 100,
      "win": true,
      "neutralMinionsKilled": 33,
      "largestMultiKill": 3,
      "physicalDamageDealtPlayer": 197093,
      "magicDamageDealtPlayer": 33388,
      "physicalDamageTaken": 26162,
      "magicDamageTaken": 13231,
      "largestCriticalStrike": 985,
      "timePlayed": 1953,
      "totalHeal": 9232,
      "totalUnitsHealed": 1,
      "assists": 11,
      "item0": 3142,
      "item1": 3031,
      "item2": 3006,
      "item3": 3087,
      "item4": 3153,
      "item5": 3035,
      "item6": 3340,
      "magicDamageDealtToChampions": 5168,
      "physicalDamageDealtToChampions": 48612,
      "totalDamageDealtToChampions": 54898,
      "trueDamageDealtPlayer": 1670,
      "trueDamageDealtToChampions": 1118,
      "trueDamageTaken": 5113,
      "wardKilled": 1,
      "wardPlaced": 5,
      "neutralMinionsKilledEnemyJungle": 21,
      "neutralMinionsKilledYourJungle": 12,
      "totalTimeCrowdControlDealt": 322
    }
  }
}