{
  "36923068": {
    "gameId": 825984035,
    "invalid": false,
    "gameMode": "CLASSIC",
    "gameType": "MATCHED_GAME",
    "subType": "RANKED_SOLO_5x5",
    "mapId": 1,
    "teamId": 200,
    "championId": 5,
    "spell1": 4,
    "spell2": 11,
    "level": 30,
    "ipEarned": 51,
    "createDate": 1399030425157,
    "fellowPlayers": [
      {
        "summonerId": 35764816,
        "teamId": 200,
        "championId": 4
      },
      {
        "summonerId": 32248175,
        "teamId": 100,
        "championId": 64
      },
      {
        "summonerId": 26436340,
        "teamId": 200,
        "championId": 16
      },
      {
        "summonerId": 32625562,
        "teamId": 100,
        "championId": 7
      },
      {
        "summonerId": 36763082,
        "teamId": 100,
        "championId": 89
      },
      {
        "summonerId": 25155958,
        "teamId": 100,
        "championId": 51
      },
      {
        "summonerId": 36905044,
        "teamId": 200,
        "championId": 133
      },
      {
        "summonerId": 36905045,
        "teamId": 200,
        "championId": 8
      },
      {
        "summonerId": 28339073,
        "teamId": 100,
        "championId": 24
      }
    ],
    "stats": {
      "level": 12,
      "goldEarned": 6614,
      "numDeaths": 5,
      "minionsKilled": 36,
      "championsKilled": 3,
      "goldSpent": 6405,
      "totalDamageDealt": 96758,
      "totalDamageTaken": 20489,
      "doubleKills": 1,
      "team": 200,
      "win": false,
      "neutralMinionsKilled": 76,
      "largestMultiKill": 2,
      "physicalDamageDealtPlayer": 54561,
      "magicDamageDealtPlayer": 30715,
      "physicalDamageTaken": 15632,
      "magicDamageTaken": 4772,
      "largestCriticalStrike": 357,
      "timePlayed": 1269,
      "totalHeal": 5893,
      "totalUnitsHealed": 1,
      "assists": 1,
      "item0": 3154,
      "item1": 1027,
      "item2": 1052,
      "item3": 3086,
      "item4": 3044,
      "item5": 3111,
      "item6": 3341,
      "magicDamageDealtToChampions": 625,
      "physicalDamageDealtToChampions": 3554,
      "totalDamageDealtToChampions": 4417,
      "trueDamageDealtPlayer": 11482,
      "trueDamageDealtToChampions": 238,
      "trueDamageTaken": 84,
      "wardKilled": 2,
      "wardPlaced": 3,
      "neutralMinionsKilledEnemyJungle": 4,
      "neutralMinionsKilledYourJungle": 72,
      "totalTimeCrowdControlDealt": 632
    }
  },
  "summonerCount": 10,
  "28339073": {
    "gameId": 825984035,
    "invalid": false,
    "gameMode": "CLASSIC",
    "gameType": "MATCHED_GAME",
    "subType": "RANKED_SOLO_5x5",
    "mapId": 1,
    "teamId": 100,
    "championId": 24,
    "spell1": 12,
    "spell2": 4,
    "level": 30,
    "ipEarned": 76,
    "createDate": 1399030425147,
    "fellowPlayers": [
      {
        "summonerId": 35764816,
        "teamId": 200,
        "championId": 4
      },
      {
        "summonerId": 32248175,
        "teamId": 100,
        "championId": 64
      },
      {
        "summonerId": 26436340,
        "teamId": 200,
        "championId": 16
      },
      {
        "summonerId": 32625562,
        "teamId": 100,
        "championId": 7
      },
      {
        "summonerId": 36763082,
        "teamId": 100,
        "championId": 89
      },
      {
        "summonerId": 36923068,
        "teamId": 200,
        "championId": 5
      },
      {
        "summonerId": 25155958,
        "teamId": 100,
        "championId": 51
      },
      {
        "summonerId": 36905044,
        "teamId": 200,
        "championId": 133
      },
      {
        "summonerId": 36905045,
        "teamId": 200,
        "championId": 8
      }
    ],
    "stats": {
      "level": 14,
      "goldEarned": 10461,
      "numDeaths": 1,
      "barracksKilled": 1,
      "turretsKilled": 3,
      "minionsKilled": 148,
      "championsKilled": 9,
      "goldSpent": 9903,
      "totalDamageDealt": 96696,
      "totalDamageTaken": 16561,
      "doubleKills": 1,
      "tripleKills": 1,
      "killingSprees": 1,
      "largestKillingSpree": 8,
      "team": 100,
      "win": true,
      "neutralMinionsKilled": 8,
      "largestMultiKill": 3,
      "physicalDamageDealtPlayer": 78422,
      "magicDamageDealtPlayer": 18274,
      "physicalDamageTaken": 11070,
      "magicDamageTaken": 5233,
      "largestCriticalStrike": 574,
      "timePlayed": 1269,
      "totalHeal": 3349,
      "totalUnitsHealed": 1,
      "assists": 7,
      "item0": 3153,
      "item1": 3275,
      "item2": 3078,
      "item3": 1055,
      "item4": 1055,
      "item5": 1052,
      "item6": 3340,
      "magicDamageDealtToChampions": 3855,
      "physicalDamageDealtToChampions": 11327,
      "totalDamageDealtToChampions": 15182,
      "trueDamageTaken": 258,
      "wardPlaced": 4,
      "neutralMinionsKilledEnemyJungle": 8,
      "totalTimeCrowdControlDealt": 53
    }
  },
  "32248175": {
    "gameId": 825984035,
    "invalid": false,
    "gameMode": "CLASSIC",
    "gameType": "MATCHED_GAME",
    "subType": "RANKED_SOLO_5x5",
    "mapId": 1,
    "teamId": 100,
    "championId": 64,
    "spell1": 11,
    "spell2": 4,
    "level": 30,
    "ipEarned": 226,
    "createDate": 1399030425149,
    "fellowPlayers": [
      {
        "summonerId": 35764816,
        "teamId": 200,
        "championId": 4
      },
      {
        "summonerId": 26436340,
        "teamId": 200,
        "championId": 16
      },
      {
        "summonerId": 32625562,
        "teamId": 100,
        "championId": 7
      },
      {
        "summonerId": 36763082,
        "teamId": 100,
        "championId": 89
      },
      {
        "summonerId": 36923068,
        "teamId": 200,
        "championId": 5
      },
      {
        "summonerId": 25155958,
        "teamId": 100,
        "championId": 51
      },
      {
        "summonerId": 36905044,
        "teamId": 200,
        "championId": 133
      },
      {
        "summonerId": 36905045,
        "teamId": 200,
        "championId": 8
      },
      {
        "summonerId": 28339073,
        "teamId": 100,
        "championId": 24
      }
    ],
    "stats": {
      "level": 12,
      "goldEarned": 8095,
      "numDeaths": 2,
      "minionsKilled": 38,
      "championsKilled": 3,
      "goldSpent": 6170,
      "totalDamageDealt": 83208,
      "totalDamageTaken": 15918,
      "killingSprees": 1,
      "largestKillingSpree": 2,
      "team": 100,
      "win": true,
      "neutralMinionsKilled": 59,
      "largestMultiKill": 1,
      "physicalDamageDealtPlayer": 54445,
      "magicDamageDealtPlayer": 20900,
      "physicalDamageTaken": 11712,
      "magicDamageTaken": 3966,
      "timePlayed": 1269,
      "totalHeal": 2132,
      "totalUnitsHealed": 1,
      "assists": 10,
      "item0": 3072,
      "item1": 1039,
      "item2": 1028,
      "item3": 1036,
      "item4": 1031,
      "item5": 3117,
      "item6": 3340,
      "sightWardsBought": 1,
      "magicDamageDealtToChampions": 866,
      "physicalDamageDealtToChampions": 3869,
      "totalDamageDealtToChampions": 5138,
      "trueDamageDealtPlayer": 7862,
      "trueDamageDealtToChampions": 402,
      "trueDamageTaken": 240,
      "wardPlaced": 6,
      "neutralMinionsKilledEnemyJungle": 5,
      "neutralMinionsKilledYourJungle": 54,
      "totalTimeCrowdControlDealt": 596
    }
  },
  "36763082": {
    "gameId": 825984035,
    "invalid": false,
    "gameMode": "CLASSIC",
    "gameType": "MATCHED_GAME",
    "subType": "RANKED_SOLO_5x5",
    "mapId": 1,
    "teamId": 100,
    "championId": 89,
    "spell1": 3,
    "spell2": 4,
    "level": 30,
    "ipEarned": 76,
    "createDate": 1399030425152,
    "fellowPlayers": [
      {
        "summonerId": 35764816,
        "teamId": 200,
        "championId": 4
      },
      {
        "summonerId": 32248175,
        "teamId": 100,
        "championId": 64
      },
      {
        "summonerId": 26436340,
        "teamId": 200,
        "championId": 16
      },
      {
        "summonerId": 32625562,
        "teamId": 100,
        "championId": 7
      },
      {
        "summonerId": 36923068,
        "teamId": 200,
        "championId": 5
      },
      {
        "summonerId": 25155958,
        "teamId": 100,
        "championId": 51
      },
      {
        "summonerId": 36905044,
        "teamId": 200,
        "championId": 133
      },
      {
        "summonerId": 36905045,
        "teamId": 200,
        "championId": 8
      },
      {
        "summonerId": 28339073,
        "teamId": 100,
        "championId": 24
      }
    ],
    "stats": {
      "level": 12,
      "goldEarned": 7776,
      "numDeaths": 3,
      "minionsKilled": 23,
      "championsKilled": 2,
      "goldSpent": 7530,
      "totalDamageDealt": 18230,
      "totalDamageTaken": 15401,
      "killingSprees": 1,
      "largestKillingSpree": 2,
      "team": 100,
      "win": true,
      "largestMultiKill": 1,
      "physicalDamageDealtPlayer": 8523,
      "magicDamageDealtPlayer": 8921,
      "physicalDamageTaken": 8823,
      "magicDamageTaken": 6152,
      "timePlayed": 1269,
      "totalHeal": 1264,
      "totalUnitsHealed": 3,
      "assists": 14,
      "item0": 3401,
      "item1": 1058,
      "item2": 2049,
      "item3": 1001,
      "item4": 1031,
      "item5": 1011,
      "item6": 3340,
      "sightWardsBought": 3,
      "visionWardsBought": 1,
      "magicDamageDealtToChampions": 4662,
      "physicalDamageDealtToChampions": 3126,
      "totalDamageDealtToChampions": 7789,
      "trueDamageDealtPlayer": 784,
      "trueDamageTaken": 425,
      "wardKilled": 1,
      "wardPlaced": 9,
      "totalTimeCrowdControlDealt": 64
    }
  },
  "35764816": {
    "gameId": 825984035,
    "invalid": false,
    "gameMode": "CLASSIC",
    "gameType": "MATCHED_GAME",
    "subType": "RANKED_SOLO_5x5",
    "mapId": 1,
    "teamId": 200,
    "championId": 4,
    "spell1": 4,
    "spell2": 7,
    "level": 30,
    "ipEarned": 51,
    "createDate": 1399030425158,
    "fellowPlayers": [
      {
        "summonerId": 32248175,
        "teamId": 100,
        "championId": 64
      },
      {
        "summonerId": 26436340,
        "teamId": 200,
        "championId": 16
      },
      {
        "summonerId": 32625562,
        "teamId": 100,
        "championId": 7
      },
      {
        "summonerId": 36763082,
        "teamId": 100,
        "championId": 89
      },
      {
        "summonerId": 36923068,
        "teamId": 200,
        "championId": 5
      },
      {
        "summonerId": 25155958,
        "teamId": 100,
        "championId": 51
      },
      {
        "summonerId": 36905044,
        "teamId": 200,
        "championId": 133
      },
      {
        "summonerId": 36905045,
        "teamId": 200,
        "championId": 8
      },
      {
        "summonerId": 28339073,
        "teamId": 100,
        "championId": 24
      }
    ],
    "stats": {
      "level": 11,
      "goldEarned": 6939,
      "numDeaths": 7,
      "minionsKilled": 91,
      "championsKilled": 6,
      "goldSpent": 6730,
      "totalDamageDealt": 50451,
      "totalDamageTaken": 15985,
      "doubleKills": 1,
      "killingSprees": 1,
      "largestKillingSpree": 3,
      "team": 200,
      "win": false,
      "largestMultiKill": 2,
      "physicalDamageDealtPlayer": 3486,
      "magicDamageDealtPlayer": 46797,
      "physicalDamageTaken": 7219,
      "magicDamageTaken": 8381,
      "timePlayed": 1269,
      "totalHeal": 931,
      "totalUnitsHealed": 2,
      "assists": 2,
      "item0": 3174,
      "item1": 1056,
      "item2": 1001,
      "item3": 3089,
      "item6": 3340,
      "magicDamageDealtToChampions": 9807,
      "physicalDamageDealtToChampions": 341,
      "totalDamageDealtToChampions": 10289,
      "trueDamageDealtPlayer": 168,
      "trueDamageDealtToChampions": 140,
      "trueDamageTaken": 384,
      "wardPlaced": 3,
      "totalTimeCrowdControlDealt": 177
    }
  },
  "25155958": {
    "gameId": 825984035,
    "invalid": false,
    "gameMode": "CLASSIC",
    "gameType": "MATCHED_GAME",
    "subType": "RANKED_SOLO_5x5",
    "mapId": 1,
    "teamId": 100,
    "championId": 51,
    "spell1": 4,
    "spell2": 7,
    "level": 30,
    "ipEarned": 76,
    "createDate": 1399030425150,
    "fellowPlayers": [
      {
        "summonerId": 35764816,
        "teamId": 200,
        "championId": 4
      },
      {
        "summonerId": 32248175,
        "teamId": 100,
        "championId": 64
      },
      {
        "summonerId": 26436340,
        "teamId": 200,
        "championId": 16
      },
      {
        "summonerId": 32625562,
        "teamId": 100,
        "championId": 7
      },
      {
        "summonerId": 36763082,
        "teamId": 100,
        "championId": 89
      },
      {
        "summonerId": 36923068,
        "teamId": 200,
        "championId": 5
      },
      {
        "summonerId": 36905044,
        "teamId": 200,
        "championId": 133
      },
      {
        "summonerId": 36905045,
        "teamId": 200,
        "championId": 8
      },
      {
        "summonerId": 28339073,
        "teamId": 100,
        "championId": 24
      }
    ],
    "stats": {
      "level": 12,
      "goldEarned": 10000,
      "numDeaths": 4,
      "barracksKilled": 1,
      "turretsKilled": 3,
      "minionsKilled": 151,
      "championsKilled": 6,
      "goldSpent": 7495,
      "totalDamageDealt": 100184,
      "totalDamageTaken": 10648,
      "doubleKills": 1,
      "killingSprees": 1,
      "largestKillingSpree": 3,
      "team": 100,
      "win": true,
      "neutralMinionsKilled": 2,
      "largestMultiKill": 2,
      "physicalDamageDealtPlayer": 97284,
      "magicDamageDealtPlayer": 2899,
      "physicalDamageTaken": 5007,
      "magicDamageTaken": 5596,
      "largestCriticalStrike": 820,
      "timePlayed": 1269,
      "totalHeal": 1314,
      "totalUnitsHealed": 3,
      "assists": 10,
      "item0": 3250,
      "item1": 3072,
      "item2": 1037,
      "item3": 3086,
      "item4": 1055,
      "item5": 1036,
      "item6": 3340,
      "magicDamageDealtToChampions": 2058,
      "physicalDamageDealtToChampions": 18229,
      "totalDamageDealtToChampions": 20288,
      "trueDamageTaken": 44,
      "wardPlaced": 6,
      "neutralMinionsKilledYourJungle": 2,
      "totalTimeCrowdControlDealt": 34
    }
  },
  "32625562": {
    "gameId": 825984035,
    "invalid": false,
    "gameMode": "CLASSIC",
    "gameType": "MATCHED_GAME",
    "subType": "RANKED_SOLO_5x5",
    "mapId": 1,
    "teamId": 100,
    "championId": 7,
    "spell1": 4,
    "spell2": 14,
    "level": 30,
    "ipEarned": 76,
    "createDate": 1399030425148,
    "fellowPlayers": [
      {
        "summonerId": 35764816,
        "teamId": 200,
        "championId": 4
      },
      {
        "summonerId": 32248175,
        "teamId": 100,
        "championId": 64
      },
      {
        "summonerId": 26436340,
        "teamId": 200,
        "championId": 16
      },
      {
        "summonerId": 36763082,
        "teamId": 100,
        "championId": 89
      },
      {
        "summonerId": 36923068,
        "teamId": 200,
        "championId": 5
      },
      {
        "summonerId": 25155958,
        "teamId": 100,
        "championId": 51
      },
      {
        "summonerId": 36905044,
        "teamId": 200,
        "championId": 133
      },
      {
        "summonerId": 36905045,
        "teamId": 200,
        "championId": 8
      },
      {
        "summonerId": 28339073,
        "teamId": 100,
        "championId": 24
      }
    ],
    "stats": {
      "level": 14,
      "goldEarned": 11491,
      "numDeaths": 1,
      "barracksKilled": 1,
      "minionsKilled": 128,
      "championsKilled": 15,
      "goldSpent": 10880,
      "totalDamageDealt": 71690,
      "totalDamageTaken": 6606,
      "doubleKills": 4,
      "tripleKills": 1,
      "killingSprees": 2,
      "largestKillingSpree": 9,
      "team": 100,
      "win": true,
      "neutralMinionsKilled": 3,
      "largestMultiKill": 3,
      "physicalDamageDealtPlayer": 20993,
      "magicDamageDealtPlayer": 49343,
      "physicalDamageTaken": 3776,
      "magicDamageTaken": 2830,
      "timePlayed": 1269,
      "assists": 3,
      "item0": 3128,
      "item1": 1058,
      "item2": 1056,
      "item3": 3135,
      "item4": 3020,
      "item5": 3191,
      "item6": 3340,
      "sightWardsBought": 2,
      "magicDamageDealtToChampions": 13564,
      "physicalDamageDealtToChampions": 1495,
      "totalDamageDealtToChampions": 15695,
      "trueDamageDealtPlayer": 1354,
      "trueDamageDealtToChampions": 636,
      "wardPlaced": 5,
      "neutralMinionsKilledYourJungle": 3,
      "totalTimeCrowdControlDealt": 186
    }
  },
  "26436340": {
    "gameId": 825984035,
    "invalid": false,
    "gameMode": "CLASSIC",
    "gameType": "MATCHED_GAME",
    "subType": "RANKED_SOLO_5x5",
    "mapId": 1,
    "teamId": 200,
    "championId": 16,
    "spell1": 7,
    "spell2": 4,
    "level": 30,
    "ipEarned": 51,
    "createDate": 1399030425153,
    "fellowPlayers": [
      {
        "summonerId": 35764816,
        "teamId": 200,
        "championId": 4
      },
      {
        "summonerId": 32248175,
        "teamId": 100,
        "championId": 64
      },
      {
        "summonerId": 32625562,
        "teamId": 100,
        "championId": 7
      },
      {
        "summonerId": 36763082,
        "teamId": 100,
        "championId": 89
      },
      {
        "summonerId": 36923068,
        "teamId": 200,
        "championId": 5
      },
      {
        "summonerId": 25155958,
        "teamId": 100,
        "championId": 51
      },
      {
        "summonerId": 36905044,
        "teamId": 200,
        "championId": 133
      },
      {
        "summonerId": 36905045,
        "teamId": 200,
        "championId": 8
      },
      {
        "summonerId": 28339073,
        "teamId": 100,
        "championId": 24
      }
    ],
    "stats": {
      "level": 12,
      "goldEarned": 6845,
      "numDeaths": 9,
      "minionsKilled": 31,
      "goldSpent": 6145,
      "totalDamageDealt": 21698,
      "totalDamageTaken": 18593,
      "team": 200,
      "win": false,
      "physicalDamageDealtPlayer": 2133,
      "magicDamageDealtPlayer": 19564,
      "physicalDamageTaken": 12847,
      "magicDamageTaken": 5430,
      "timePlayed": 1269,
      "totalHeal": 10055,
      "totalUnitsHealed": 4,
      "assists": 10,
      "item0": 3092,
      "item1": 2049,
      "item2": 1001,
      "item3": 3174,
      "item6": 3340,
      "sightWardsBought": 2,
      "magicDamageDealtToChampions": 6519,
      "physicalDamageDealtToChampions": 1172,
      "totalDamageDealtToChampions": 7691,
      "trueDamageTaken": 316,
      "wardPlaced": 7,
      "totalTimeCrowdControlDealt": 53
    }
  },
  "36905044": {
    "gameId": 825984035,
    "invalid": false,
    "gameMode": "CLASSIC",
    "gameType": "MATCHED_GAME",
    "subType": "RANKED_SOLO_5x5",
    "mapId": 1,
    "teamId": 200,
    "championId": 133,
    "spell1": 4,
    "spell2": 7,
    "level": 30,
    "ipEarned": 51,
    "createDate": 1399030425154,
    "fellowPlayers": [
      {
        "summonerId": 35764816,
        "teamId": 200,
        "championId": 4
      },
      {
        "summonerId": 32248175,
        "teamId": 100,
        "championId": 64
      },
      {
        "summonerId": 26436340,
        "teamId": 200,
        "championId": 16
      },
      {
        "summonerId": 32625562,
        "teamId": 100,
        "championId": 7
      },
      {
        "summonerId": 36763082,
        "teamId": 100,
        "championId": 89
      },
      {
        "summonerId": 36923068,
        "teamId": 200,
        "championId": 5
      },
      {
        "summonerId": 25155958,
        "teamId": 100,
        "championId": 51
      },
      {
        "summonerId": 36905045,
        "teamId": 200,
        "championId": 8
      },
      {
        "summonerId": 28339073,
        "teamId": 100,
        "championId": 24
      }
    ],
    "stats": {
      "level": 9,
      "goldEarned": 4760,
      "numDeaths": 5,
      "minionsKilled": 81,
      "championsKilled": 1,
      "goldSpent": 4310,
      "totalDamageDealt": 26330,
      "totalDamageTaken": 11298,
      "team": 200,
      "win": false,
      "largestMultiKill": 1,
      "physicalDamageDealtPlayer": 26330,
      "physicalDamageTaken": 7885,
      "magicDamageTaken": 3214,
      "timePlayed": 1269,
      "totalHeal": 999,
      "totalUnitsHealed": 3,
      "assists": 2,
      "item0": 3006,
      "item1": 3072,
      "item6": 3340,
      "physicalDamageDealtToChampions": 6475,
      "totalDamageDealtToChampions": 6475,
      "trueDamageTaken": 198,
      "wardPlaced": 3,
      "totalTimeCrowdControlDealt": 84
    }
  },
  "36905045": {
    "gameId": 825984035,
    "invalid": false,
    "gameMode": "CLASSIC",
    "gameType": "MATCHED_GAME",
    "subType": "RANKED_SOLO_5x5",
    "mapId": 1,
    "teamId": 200,
    "championId": 8,
    "spell1": 14,
    "spell2": 4,
    "level": 30,
    "ipEarned": 51,
    "createDate": 1399030425156,
    "fellowPlayers": [
      {
        "summonerId": 35764816,
        "teamId": 200,
        "championId": 4
      },
      {
        "summonerId": 32248175,
        "teamId": 100,
        "championId": 64
      },
      {
        "summonerId": 26436340,
        "teamId": 200,
        "championId": 16
      },
      {
        "summonerId": 32625562,
        "teamId": 100,
        "championId": 7
      },
      {
        "summonerId": 36763082,
        "teamId": 100,
        "championId": 89
      },
      {
        "summonerId": 36923068,
        "teamId": 200,
        "championId": 5
      },
      {
        "summonerId": 25155958,
        "teamId": 100,
        "championId": 51
      },
      {
        "summonerId": 36905044,
        "teamId": 200,
        "championId": 133
      },
      {
        "summonerId": 28339073,
        "teamId": 100,
        "championId": 24
      }
    ],
    "stats": {
      "level": 8,
      "goldEarned": 4194,
      "numDeaths": 9,
      "minionsKilled": 50,
      "championsKilled": 1,
      "goldSpent": 4510,
      "totalDamageDealt": 29761,
      "totalDamageTaken": 11645,
      "team": 200,
      "win": false,
      "largestMultiKill": 1,
      "physicalDamageDealtPlayer": 5805,
      "magicDamageDealtPlayer": 23712,
      "physicalDamageTaken": 8380,
      "magicDamageTaken": 3208,
      "timePlayed": 1269,
      "totalHeal": 1772,
      "totalUnitsHealed": 1,
      "assists": 2,
      "item0": 3151,
      "item1": 3020,
      "item6": 3340,
      "magicDamageDealtToChampions": 6827,
      "physicalDamageDealtToChampions": 605,
      "totalDamageDealtToChampions": 7676,
      "trueDamageDealtPlayer": 244,
      "trueDamageDealtToChampions": 244,
      "trueDamageTaken": 56,
      "wardKilled": 1,
      "wardPlaced": 1,
      "totalTimeCrowdControlDealt": 35
    }
  }
}