{
  "36554083": {
    "gameId": 825976447,
    "invalid": false,
    "gameMode": "CLASSIC",
    "gameType": "MATCHED_GAME",
    "subType": "RANKED_SOLO_5x5",
    "mapId": 1,
    "teamId": 100,
    "championId": 25,
    "spell1": 3,
    "spell2": 4,
    "level": 30,
    "ipEarned": 78,
    "createDate": 1399031969275,
    "fellowPlayers": [
      {
        "summonerId": 24405005,
        "teamId": 200,
        "championId": 22
      },
      {
        "summonerId": 25534246,
        "teamId": 200,
        "championId": 64
      },
      {
        "summonerId": 24174289,
        "teamId": 100,
        "championId": 2
      },
      {
        "summonerId": 25117604,
        "teamId": 200,
        "championId": 24
      },
      {
        "summonerId": 40853355,
        "teamId": 200,
        "championId": 30
      },
      {
        "summonerId": 26064295,
        "teamId": 200,
        "championId": 13
      },
      {
        "summonerId": 24725278,
        "teamId": 100,
        "championId": 81
      },
      {
        "summonerId": 35728797,
        "teamId": 100,
        "championId": 45
      },
      {
        "summonerId": 42223809,
        "teamId": 100,
        "championId": 62
      }
    ],
    "stats": {
      "level": 17,
      "goldEarned": 13018,
      "numDeaths": 7,
      "minionsKilled": 33,
      "championsKilled": 3,
      "goldSpent": 12830,
      "totalDamageDealt": 33260,
      "totalDamageTaken": 29156,
      "team": 100,
      "win": false,
      "largestMultiKill": 1,
      "physicalDamageDealtPlayer": 8679,
      "magicDamageDealtPlayer": 24580,
      "physicalDamageTaken": 14978,
      "magicDamageTaken": 13293,
      "timePlayed": 2654,
      "totalHeal": 2909,
      "totalUnitsHealed": 3,
      "assists": 22,
      "item0": 3157,
      "item1": 3092,
      "item2": 3222,
      "item3": 2045,
      "item4": 3270,
      "item5": 3110,
      "item6": 3340,
      "sightWardsBought": 3,
      "magicDamageDealtToChampions": 18297,
      "physicalDamageDealtToChampions": 1055,
      "totalDamageDealtToChampions": 19353,
      "trueDamageTaken": 884,
      "wardPlaced": 26,
      "totalTimeCrowdControlDealt": 194
    }
  },
  "summonerCount": 10,
  "24725278": {
    "gameId": 825976447,
    "invalid": false,
    "gameMode": "CLASSIC",
    "gameType": "MATCHED_GAME",
    "subType": "RANKED_SOLO_5x5",
    "mapId": 1,
    "teamId": 100,
    "championId": 81,
    "spell1": 7,
    "spell2": 4,
    "level": 30,
    "ipEarned": 78,
    "createDate": 1399031969277,
    "fellowPlayers": [
      {
        "summonerId": 24405005,
        "teamId": 200,
        "championId": 22
      },
      {
        "summonerId": 25534246,
        "teamId": 200,
        "championId": 64
      },
      {
        "summonerId": 24174289,
        "teamId": 100,
        "championId": 2
      },
      {
        "summonerId": 25117604,
        "teamId": 200,
        "championId": 24
      },
      {
        "summonerId": 40853355,
        "teamId": 200,
        "championId": 30
      },
      {
        "summonerId": 26064295,
        "teamId": 200,
        "championId": 13
      },
      {
        "summonerId": 35728797,
        "teamId": 100,
        "championId": 45
      },
      {
        "summonerId": 36554083,
        "teamId": 100,
        "championId": 25
      },
      {
        "summonerId": 42223809,
        "teamId": 100,
        "championId": 62
      }
    ],
    "stats": {
      "level": 18,
      "goldEarned": 16308,
      "numDeaths": 5,
      "turretsKilled": 1,
      "minionsKilled": 238,
      "championsKilled": 9,
      "goldSpent": 15903,
      "totalDamageDealt": 238688,
      "totalDamageTaken": 28590,
      "killingSprees": 2,
      "largestKillingSpree": 4,
      "team": 100,
      "win": false,
      "neutralMinionsKilled": 30,
      "largestMultiKill": 1,
      "physicalDamageDealtPlayer": 194190,
      "magicDamageDealtPlayer": 43464,
      "physicalDamageTaken": 19422,
      "magicDamageTaken": 8389,
      "largestCriticalStrike": 909,
      "timePlayed": 2654,
      "totalHeal": 5951,
      "totalUnitsHealed": 3,
      "assists": 16,
      "item0": 3078,
      "item1": 3035,
      "item2": 3031,
      "item3": 3072,
      "item4": 3250,
      "item5": 1028,
      "item6": 3340,
      "magicDamageDealtToChampions": 13885,
      "physicalDamageDealtToChampions": 26136,
      "totalDamageDealtToChampions": 40497,
      "trueDamageDealtPlayer": 1034,
      "trueDamageDealtToChampions": 476,
      "trueDamageTaken": 778,
      "wardKilled": 1,
      "wardPlaced": 4,
      "neutralMinionsKilledEnemyJungle": 1,
      "neutralMinionsKilledYourJungle": 29,
      "totalTimeCrowdControlDealt": 162
    }
  },
  "25534246": {
    "gameId": 825976447,
    "invalid": false,
    "gameMode": "CLASSIC",
    "gameType": "MATCHED_GAME",
    "subType": "RANKED_SOLO_5x5",
    "mapId": 1,
    "teamId": 200,
    "championId": 64,
    "spell1": 4,
    "spell2": 11,
    "level": 30,
    "ipEarned": 120,
    "createDate": 1399031969282,
    "fellowPlayers": [
      {
        "summonerId": 24405005,
        "teamId": 200,
        "championId": 22
      },
      {
        "summonerId": 24174289,
        "teamId": 100,
        "championId": 2
      },
      {
        "summonerId": 25117604,
        "teamId": 200,
        "championId": 24
      },
      {
        "summonerId": 40853355,
        "teamId": 200,
        "championId": 30
      },
      {
        "summonerId": 26064295,
        "teamId": 200,
        "championId": 13
      },
      {
        "summonerId": 24725278,
        "teamId": 100,
        "championId": 81
      },
      {
        "summonerId": 35728797,
        "teamId": 100,
        "championId": 45
      },
      {
        "summonerId": 36554083,
        "teamId": 100,
        "championId": 25
      },
      {
        "summonerId": 42223809,
        "teamId": 100,
        "championId": 62
      }
    ],
    "stats": {
      "level": 18,
      "goldEarned": 14501,
      "numDeaths": 10,
      "barracksKilled": 1,
      "turretsKilled": 1,
      "minionsKilled": 61,
      "championsKilled": 3,
      "goldSpent": 12755,
      "totalDamageDealt": 152842,
      "totalDamageTaken": 49759,
      "team": 200,
      "win": true,
      "neutralMinionsKilled": 72,
      "largestMultiKill": 1,
      "physicalDamageDealtPlayer": 96193,
      "magicDamageDealtPlayer": 42265,
      "physicalDamageTaken": 31330,
      "magicDamageTaken": 11752,
      "timePlayed": 2654,
      "totalHeal": 3678,
      "totalUnitsHealed": 1,
      "assists": 23,
      "item0": 3154,
      "item1": 3143,
      "item2": 3083,
      "item3": 3022,
      "item4": 3260,
      "item6": 3340,
      "magicDamageDealtToChampions": 1657,
      "physicalDamageDealtToChampions": 12386,
      "totalDamageDealtToChampions": 14128,
      "trueDamageDealtPlayer": 14384,
      "trueDamageDealtToChampions": 84,
      "trueDamageTaken": 6676,
      "wardPlaced": 12,
      "neutralMinionsKilledEnemyJungle": 7,
      "neutralMinionsKilledYourJungle": 65,
      "totalTimeCrowdControlDealt": 1013
    }
  },
  "26064295": {
    "gameId": 825976447,
    "invalid": false,
    "gameMode": "CLASSIC",
    "gameType": "MATCHED_GAME",
    "subType": "RANKED_SOLO_5x5",
    "mapId": 1,
    "teamId": 200,
    "championId": 13,
    "spell1": 4,
    "spell2": 14,
    "level": 30,
    "ipEarned": 270,
    "createDate": 1399031969281,
    "fellowPlayers": [
      {
        "summonerId": 24405005,
        "teamId": 200,
        "championId": 22
      },
      {
        "summonerId": 25534246,
        "teamId": 200,
        "championId": 64
      },
      {
        "summonerId": 24174289,
        "teamId": 100,
        "championId": 2
      },
      {
        "summonerId": 25117604,
        "teamId": 200,
        "championId": 24
      },
      {
        "summonerId": 40853355,
        "teamId": 200,
        "championId": 30
      },
      {
        "summonerId": 24725278,
        "teamId": 100,
        "championId": 81
      },
      {
        "summonerId": 35728797,
        "teamId": 100,
        "championId": 45
      },
      {
        "summonerId": 36554083,
        "teamId": 100,
        "championId": 25
      },
      {
        "summonerId": 42223809,
        "teamId": 100,
        "championId": 62
      }
    ],
    "stats": {
      "level": 18,
      "goldEarned": 15524,
      "numDeaths": 10,
      "minionsKilled": 136,
      "championsKilled": 8,
      "goldSpent": 15095,
      "totalDamageDealt": 112826,
      "totalDamageTaken": 40152,
      "doubleKills": 1,
      "killingSprees": 2,
      "largestKillingSpree": 3,
      "team": 200,
      "win": true,
      "neutralMinionsKilled": 16,
      "largestMultiKill": 2,
      "physicalDamageDealtPlayer": 22110,
      "magicDamageDealtPlayer": 89035,
      "physicalDamageTaken": 19748,
      "magicDamageTaken": 16592,
      "timePlayed": 2654,
      "totalHeal": 4148,
      "totalUnitsHealed": 1,
      "assists": 19,
      "item0": 3004,
      "item1": 3110,
      "item2": 3065,
      "item3": 3027,
      "item4": 3255,
      "item5": 3135,
      "item6": 3340,
      "sightWardsBought": 5,
      "magicDamageDealtToChampions": 23603,
      "physicalDamageDealtToChampions": 1283,
      "totalDamageDealtToChampions": 26567,
      "trueDamageDealtPlayer": 1680,
      "trueDamageDealtToChampions": 1680,
      "trueDamageTaken": 3811,
      "wardPlaced": 15,
      "neutralMinionsKilledEnemyJungle": 2,
      "neutralMinionsKilledYourJungle": 14,
      "totalTimeCrowdControlDealt": 764
    }
  },
  "25117604": {
    "gameId": 825976447,
    "invalid": false,
    "gameMode": "CLASSIC",
    "gameType": "MATCHED_GAME",
    "subType": "RANKED_SOLO_5x5",
    "mapId": 1,
    "teamId": 200,
    "championId": 24,
    "spell1": 14,
    "spell2": 4,
    "level": 30,
    "ipEarned": 120,
    "createDate": 1399031969280,
    "fellowPlayers": [
      {
        "summonerId": 24405005,
        "teamId": 200,
        "championId": 22
      },
      {
        "summonerId": 25534246,
        "teamId": 200,
        "championId": 64
      },
      {
        "summonerId": 24174289,
        "teamId": 100,
        "championId": 2
      },
      {
        "summonerId": 40853355,
        "teamId": 200,
        "championId": 30
      },
      {
        "summonerId": 26064295,
        "teamId": 200,
        "championId": 13
      },
      {
        "summonerId": 24725278,
        "teamId": 100,
        "championId": 81
      },
      {
        "summonerId": 35728797,
        "teamId": 100,
        "championId": 45
      },
      {
        "summonerId": 36554083,
        "teamId": 100,
        "championId": 25
      },
      {
        "summonerId": 42223809,
        "teamId": 100,
        "championId": 62
      }
    ],
    "stats": {
      "level": 18,
      "goldEarned": 17219,
      "numDeaths": 7,
      "turretsKilled": 2,
      "minionsKilled": 181,
      "championsKilled": 11,
      "goldSpent": 15103,
      "totalDamageDealt": 203402,
      "totalDamageTaken": 50346,
      "doubleKills": 1,
      "tripleKills": 1,
      "killingSprees": 2,
      "largestKillingSpree": 5,
      "team": 200,
      "win": true,
      "neutralMinionsKilled": 49,
      "largestMultiKill": 3,
      "physicalDamageDealtPlayer": 153582,
      "magicDamageDealtPlayer": 47149,
      "physicalDamageTaken": 29281,
      "magicDamageTaken": 12519,
      "largestCriticalStrike": 634,
      "timePlayed": 2654,
      "totalHeal": 5470,
      "totalUnitsHealed": 1,
      "assists": 13,
      "item0": 1055,
      "item1": 3153,
      "item2": 3143,
      "item3": 3078,
      "item4": 3083,
      "item5": 3260,
      "item6": 3340,
      "magicDamageDealtToChampions": 6264,
      "physicalDamageDealtToChampions": 18182,
      "totalDamageDealtToChampions": 26490,
      "trueDamageDealtPlayer": 2670,
      "trueDamageDealtToChampions": 2044,
      "trueDamageTaken": 8545,
      "wardPlaced": 7,
      "neutralMinionsKilledEnemyJungle": 7,
      "neutralMinionsKilledYourJungle": 42,
      "totalTimeCrowdControlDealt": 499
    }
  },
  "24405005": {
    "gameId": 825976447,
    "invalid": false,
    "gameMode": "CLASSIC",
    "gameType": "MATCHED_GAME",
    "subType": "RANKED_SOLO_5x5",
    "mapId": 1,
    "teamId": 200,
    "championId": 22,
    "spell1": 7,
    "spell2": 4,
    "level": 30,
    "ipEarned": 120,
    "createDate": 1399031969283,
    "fellowPlayers": [
      {
        "summonerId": 25534246,
        "teamId": 200,
        "championId": 64
      },
      {
        "summonerId": 24174289,
        "teamId": 100,
        "championId": 2
      },
      {
        "summonerId": 25117604,
        "teamId": 200,
        "championId": 24
      },
      {
        "summonerId": 40853355,
        "teamId": 200,
        "championId": 30
      },
      {
        "summonerId": 26064295,
        "teamId": 200,
        "championId": 13
      },
      {
        "summonerId": 24725278,
        "teamId": 100,
        "championId": 81
      },
      {
        "summonerId": 35728797,
        "teamId": 100,
        "championId": 45
      },
      {
        "summonerId": 36554083,
        "teamId": 100,
        "championId": 25
      },
      {
        "summonerId": 42223809,
        "teamId": 100,
        "championId": 62
      }
    ],
    "stats": {
      "level": 18,
      "goldEarned": 21409,
      "numDeaths": 2,
      "barracksKilled": 1,
      "turretsKilled": 4,
      "minionsKilled": 314,
      "championsKilled": 14,
      "goldSpent": 19625,
      "totalDamageDealt": 292214,
      "totalDamageTaken": 23532,
      "doubleKills": 3,
      "tripleKills": 1,
      "quadraKills": 1,
      "killingSprees": 2,
      "largestKillingSpree": 9,
      "team": 200,
      "win": true,
      "neutralMinionsKilled": 15,
      "largestMultiKill": 4,
      "physicalDamageDealtPlayer": 286433,
      "magicDamageDealtPlayer": 4379,
      "physicalDamageTaken": 16494,
      "magicDamageTaken": 5800,
      "largestCriticalStrike": 905,
      "timePlayed": 2654,
      "totalHeal": 7080,
      "totalUnitsHealed": 5,
      "assists": 17,
      "item0": 3031,
      "item1": 3102,
      "item2": 3072,
      "item3": 3250,
      "item4": 3046,
      "item5": 3035,
      "item6": 3340,
      "magicDamageDealtToChampions": 3404,
      "physicalDamageDealtToChampions": 45680,
      "totalDamageDealtToChampions": 50137,
      "trueDamageDealtPlayer": 1402,
      "trueDamageDealtToChampions": 1052,
      "trueDamageTaken": 1237,
      "wardPlaced": 10,
      "neutralMinionsKilledEnemyJungle": 4,
      "neutralMinionsKilledYourJungle": 11,
      "totalTimeCrowdControlDealt": 1349
    }
  },
  "24174289": {
    "gameId": 825976447,
    "invalid": false,
    "gameMode": "CLASSIC",
    "gameType": "MATCHED_GAME",
    "subType": "RANKED_SOLO_5x5",
    "mapId": 1,
    "teamId": 100,
    "championId": 2,
    "spell1": 4,
    "spell2": 14,
    "level": 30,
    "ipEarned": 78,
    "createDate": 1399031969276,
    "fellowPlayers": [
      {
        "summonerId": 24405005,
        "teamId": 200,
        "championId": 22
      },
      {
        "summonerId": 25534246,
        "teamId": 200,
        "championId": 64
      },
      {
        "summonerId": 25117604,
        "teamId": 200,
        "championId": 24
      },
      {
        "summonerId": 40853355,
        "teamId": 200,
        "championId": 30
      },
      {
        "summonerId": 26064295,
        "teamId": 200,
        "championId": 13
      },
      {
        "summonerId": 24725278,
        "teamId": 100,
        "championId": 81
      },
      {
        "summonerId": 35728797,
        "teamId": 100,
        "championId": 45
      },
      {
        "summonerId": 36554083,
        "teamId": 100,
        "championId": 25
      },
      {
        "summonerId": 42223809,
        "teamId": 100,
        "championId": 62
      }
    ],
    "stats": {
      "level": 18,
      "goldEarned": 18509,
      "numDeaths": 10,
      "turretsKilled": 3,
      "minionsKilled": 277,
      "championsKilled": 17,
      "goldSpent": 17838,
      "totalDamageDealt": 218294,
      "totalDamageTaken": 59631,
      "doubleKills": 3,
      "killingSprees": 6,
      "largestKillingSpree": 5,
      "team": 100,
      "win": false,
      "neutralMinionsKilled": 8,
      "largestMultiKill": 2,
      "physicalDamageDealtPlayer": 176184,
      "magicDamageDealtPlayer": 11127,
      "physicalDamageTaken": 36673,
      "magicDamageTaken": 21013,
      "largestCriticalStrike": 538,
      "timePlayed": 2654,
      "totalHeal": 10890,
      "totalUnitsHealed": 1,
      "assists": 14,
      "item0": 3153,
      "item1": 3078,
      "item2": 3260,
      "item3": 3068,
      "item4": 3083,
      "item5": 3065,
      "item6": 3340,
      "magicDamageDealtToChampions": 2313,
      "physicalDamageDealtToChampions": 31985,
      "totalDamageDealtToChampions": 52863,
      "trueDamageDealtPlayer": 30981,
      "trueDamageDealtToChampions": 18564,
      "trueDamageTaken": 1944,
      "wardPlaced": 12,
      "neutralMinionsKilledEnemyJungle": 4,
      "neutralMinionsKilledYourJungle": 4,
      "totalTimeCrowdControlDealt": 939
    }
  },
  "40853355": {
    "gameId": 825976447,
    "invalid": false,
    "gameMode": "CLASSIC",
    "gameType": "MATCHED_GAME",
    "subType": "RANKED_SOLO_5x5",
    "mapId": 1,
    "teamId": 200,
    "championId": 30,
    "spell1": 3,
    "spell2": 4,
    "level": 30,
    "ipEarned": 120,
    "createDate": 1399031969284,
    "fellowPlayers": [
      {
        "summonerId": 24405005,
        "teamId": 200,
        "championId": 22
      },
      {
        "summonerId": 25534246,
        "teamId": 200,
        "championId": 64
      },
      {
        "summonerId": 24174289,
        "teamId": 100,
        "championId": 2
      },
      {
        "summonerId": 25117604,
        "teamId": 200,
        "championId": 24
      },
      {
        "summonerId": 26064295,
        "teamId": 200,
        "championId": 13
      },
      {
        "summonerId": 24725278,
        "teamId": 100,
        "championId": 81
      },
      {
        "summonerId": 35728797,
        "teamId": 100,
        "championId": 45
      },
      {
        "summonerId": 36554083,
        "teamId": 100,
        "championId": 25
      },
      {
        "summonerId": 42223809,
        "teamId": 100,
        "championId": 62
      }
    ],
    "stats": {
      "level": 18,
      "goldEarned": 15148,
      "numDeaths": 16,
      "minionsKilled": 61,
      "championsKilled": 5,
      "goldSpent": 16010,
      "totalDamageDealt": 79365,
      "totalDamageTaken": 30033,
      "team": 200,
      "win": true,
      "neutralMinionsKilled": 3,
      "largestMultiKill": 1,
      "physicalDamageDealtPlayer": 3445,
      "magicDamageDealtPlayer": 75920,
      "physicalDamageTaken": 17213,
      "magicDamageTaken": 10858,
      "timePlayed": 2654,
      "totalHeal": 3904,
      "totalUnitsHealed": 3,
      "assists": 26,
      "item0": 3092,
      "item1": 3222,
      "item2": 3157,
      "item3": 3135,
      "item4": 3255,
      "item5": 3041,
      "item6": 3364,
      "sightWardsBought": 5,
      "visionWardsBought": 1,
      "magicDamageDealtToChampions": 29329,
      "physicalDamageDealtToChampions": 1105,
      "totalDamageDealtToChampions": 30434,
      "trueDamageTaken": 1961,
      "wardPlaced": 14,
      "neutralMinionsKilledYourJungle": 3,
      "totalTimeCrowdControlDealt": 531
    }
  },
  "35728797": {
    "gameId": 825976447,
    "invalid": false,
    "gameMode": "CLASSIC",
    "gameType": "MATCHED_GAME",
    "subType": "RANKED_SOLO_5x5",
    "mapId": 1,
    "teamId": 100,
    "championId": 45,
    "spell1": 4,
    "spell2": 14,
    "level": 30,
    "ipEarned": 78,
    "createDate": 1399031969279,
    "fellowPlayers": [
      {
        "summonerId": 24405005,
        "teamId": 200,
        "championId": 22
      },
      {
        "summonerId": 25534246,
        "teamId": 200,
        "championId": 64
      },
      {
        "summonerId": 24174289,
        "teamId": 100,
        "championId": 2
      },
      {
        "summonerId": 25117604,
        "teamId": 200,
        "championId": 24
      },
      {
        "summonerId": 40853355,
        "teamId": 200,
        "championId": 30
      },
      {
        "summonerId": 26064295,
        "teamId": 200,
        "championId": 13
      },
      {
        "summonerId": 24725278,
        "teamId": 100,
        "championId": 81
      },
      {
        "summonerId": 36554083,
        "teamId": 100,
        "championId": 25
      },
      {
        "summonerId": 42223809,
        "teamId": 100,
        "championId": 62
      }
    ],
    "stats": {
      "level": 18,
      "goldEarned": 12543,
      "numDeaths": 9,
      "minionsKilled": 102,
      "championsKilled": 8,
      "goldSpent": 12365,
      "totalDamageDealt": 88449,
      "totalDamageTaken": 21324,
      "killingSprees": 3,
      "largestKillingSpree": 3,
      "team": 100,
      "win": false,
      "neutralMinionsKilled": 5,
      "largestMultiKill": 1,
      "physicalDamageDealtPlayer": 16079,
      "magicDamageDealtPlayer": 72135,
      "physicalDamageTaken": 10240,
      "magicDamageTaken": 10664,
      "timePlayed": 2654,
      "totalHeal": 237,
      "totalUnitsHealed": 1,
      "assists": 12,
      "item0": 3040,
      "item1": 1056,
      "item2": 3020,
      "item3": 3135,
      "item4": 3089,
      "item5": 3056,
      "item6": 3340,
      "magicDamageDealtToChampions": 19145,
      "physicalDamageDealtToChampions": 661,
      "totalDamageDealtToChampions": 20040,
      "trueDamageDealtPlayer": 234,
      "trueDamageDealtToChampions": 234,
      "trueDamageTaken": 420,
      "wardPlaced": 5,
      "neutralMinionsKilledYourJungle": 5,
      "totalTimeCrowdControlDealt": 145
    }
  },
  "42223809": {
    "gameId": 825976447,
    "invalid": false,
    "gameMode": "CLASSIC",
    "gameType": "MATCHED_GAME",
    "subType": "RANKED_SOLO_5x5",
    "mapId": 1,
    "teamId": 100,
    "championId": 62,
    "spell1": 4,
    "spell2": 11,
    "level": 30,
    "ipEarned": 78,
    "createDate": 1399031969273,
    "fellowPlayers": [
      {
        "summonerId": 24405005,
        "teamId": 200,
        "championId": 22
      },
      {
        "summonerId": 25534246,
        "teamId": 200,
        "championId": 64
      },
      {
        "summonerId": 24174289,
        "teamId": 100,
        "championId": 2
      },
      {
        "summonerId": 25117604,
        "teamId": 200,
        "championId": 24
      },
      {
        "summonerId": 40853355,
        "teamId": 200,
        "championId": 30
      },
      {
        "summonerId": 26064295,
        "teamId": 200,
        "championId": 13
      },
      {
        "summonerId": 24725278,
        "teamId": 100,
        "championId": 81
      },
      {
        "summonerId": 35728797,
        "teamId": 100,
        "championId": 45
      },
      {
        "summonerId": 36554083,
        "teamId": 100,
        "championId": 25
      }
    ],
    "stats": {
      "level": 18,
      "goldEarned": 14745,
      "numDeaths": 10,
      "turretsKilled": 1,
      "minionsKilled": 70,
      "championsKilled": 8,
      "goldSpent": 13415,
      "totalDamageDealt": 177432,
      "totalDamageTaken": 40278,
      "doubleKills": 1,
      "killingSprees": 2,
      "largestKillingSpree": 3,
      "team": 100,
      "win": false,
      "neutralMinionsKilled": 94,
      "largestMultiKill": 2,
      "physicalDamageDealtPlayer": 139443,
      "magicDamageDealtPlayer": 16201,
      "physicalDamageTaken": 27824,
      "magicDamageTaken": 11305,
      "timePlayed": 2654,
      "totalHeal": 5015,
      "totalUnitsHealed": 1,
      "assists": 13,
      "item0": 3209,
      "item1": 3071,
      "item2": 3111,
      "item3": 3068,
      "item4": 3065,
      "item5": 3155,
      "item6": 3340,
      "sightWardsBought": 2,
      "magicDamageDealtToChampions": 2299,
      "physicalDamageDealtToChampions": 22261,
      "totalDamageDealtToChampions": 26898,
      "trueDamageDealtPlayer": 21787,
      "trueDamageDealtToChampions": 2338,
      "trueDamageTaken": 1149,
      "wardPlaced": 5,
      "neutralMinionsKilledEnemyJungle": 10,
      "neutralMinionsKilledYourJungle": 84,
      "totalTimeCrowdControlDealt": 504
    }
  }
}