{
  "30050440": {
    "gameId": 825976796,
    "invalid": false,
    "gameMode": "CLASSIC",
    "gameType": "MATCHED_GAME",
    "subType": "NORMAL",
    "mapId": 1,
    "teamId": 100,
    "championId": 51,
    "spell1": 4,
    "spell2": 7,
    "level": 30,
    "ipEarned": 71,
    "createDate": 1399031609161,
    "fellowPlayers": [
      {
        "summonerId": 34196057,
        "teamId": 100,
        "championId": 154
      },
      {
        "summonerId": 23404125,
        "teamId": 200,
        "championId": 89
      },
      {
        "summonerId": 23533246,
        "teamId": 200,
        "championId": 77
      },
      {
        "summonerId": 21215744,
        "teamId": 200,
        "championId": 222
      },
      {
        "summonerId": 20202364,
        "teamId": 200,
        "championId": 48
      },
      {
        "summonerId": 28338849,
        "teamId": 100,
        "championId": 64
      },
      {
        "summonerId": 22858531,
        "teamId": 200,
        "championId": 61
      },
      {
        "summonerId": 31524095,
        "teamId": 100,
        "championId": 76
      },
      {
        "summonerId": 34434120,
        "teamId": 100,
        "championId": 4
      }
    ],
    "stats": {
      "level": 16,
      "goldEarned": 15350,
      "numDeaths": 12,
      "turretsKilled": 1,
      "minionsKilled": 141,
      "championsKilled": 16,
      "goldSpent": 15420,
      "totalDamageDealt": 132330,
      "totalDamageTaken": 32458,
      "doubleKills": 1,
      "killingSprees": 5,
      "largestKillingSpree": 4,
      "team": 100,
      "win": false,
      "neutralMinionsKilled": 6,
      "largestMultiKill": 2,
      "physicalDamageDealtPlayer": 127782,
      "magicDamageDealtPlayer": 3450,
      "physicalDamageTaken": 17396,
      "magicDamageTaken": 14121,
      "largestCriticalStrike": 1037,
      "timePlayed": 2344,
      "totalHeal": 3617,
      "totalUnitsHealed": 3,
      "assists": 11,
      "item0": 3144,
      "item1": 3252,
      "item2": 3046,
      "item3": 3035,
      "item4": 3072,
      "item5": 3031,
      "item6": 3340,
      "magicDamageDealtToChampions": 2543,
      "physicalDamageDealtToChampions": 47841,
      "totalDamageDealtToChampions": 50998,
      "trueDamageDealtPlayer": 1098,
      "trueDamageDealtToChampions": 614,
      "trueDamageTaken": 941,
      "wardPlaced": 4,
      "neutralMinionsKilledEnemyJungle": 2,
      "neutralMinionsKilledYourJungle": 4,
      "totalTimeCrowdControlDealt": 232
    }
  },
  "summonerCount": 10,
  "20202364": {
    "gameId": 825976796,
    "invalid": false,
    "gameMode": "CLASSIC",
    "gameType": "MATCHED_GAME",
    "subType": "NORMAL",
    "mapId": 1,
    "teamId": 200,
    "championId": 48,
    "spell1": 4,
    "spell2": 14,
    "level": 30,
    "ipEarned": 258,
    "createDate": 1399031609175,
    "fellowPlayers": [
      {
        "summonerId": 30050440,
        "teamId": 100,
        "championId": 51
      },
      {
        "summonerId": 34196057,
        "teamId": 100,
        "championId": 154
      },
      {
        "summonerId": 23404125,
        "teamId": 200,
        "championId": 89
      },
      {
        "summonerId": 23533246,
        "teamId": 200,
        "championId": 77
      },
      {
        "summonerId": 21215744,
        "teamId": 200,
        "championId": 222
      },
      {
        "summonerId": 28338849,
        "teamId": 100,
        "championId": 64
      },
      {
        "summonerId": 22858531,
        "teamId": 200,
        "championId": 61
      },
      {
        "summonerId": 31524095,
        "teamId": 100,
        "championId": 76
      },
      {
        "summonerId": 34434120,
        "teamId": 100,
        "championId": 4
      }
    ],
    "stats": {
      "level": 18,
      "goldEarned": 14569,
      "numDeaths": 6,
      "turretsKilled": 4,
      "minionsKilled": 161,
      "championsKilled": 10,
      "goldSpent": 13443,
      "totalDamageDealt": 118425,
      "totalDamageTaken": 51341,
      "killingSprees": 2,
      "largestKillingSpree": 5,
      "team": 200,
      "win": true,
      "neutralMinionsKilled": 7,
      "largestMultiKill": 1,
      "physicalDamageDealtPlayer": 110943,
      "magicDamageDealtPlayer": 5243,
      "physicalDamageTaken": 34991,
      "magicDamageTaken": 15877,
      "largestCriticalStrike": 500,
      "timePlayed": 2344,
      "totalHeal": 11704,
      "totalUnitsHealed": 1,
      "assists": 14,
      "item0": 1011,
      "item1": 3153,
      "item2": 3047,
      "item3": 3078,
      "item4": 3065,
      "item5": 3082,
      "item6": 3340,
      "magicDamageDealtToChampions": 5243,
      "physicalDamageDealtToChampions": 25310,
      "totalDamageDealtToChampions": 32671,
      "trueDamageDealtPlayer": 2238,
      "trueDamageDealtToChampions": 2118,
      "trueDamageTaken": 472,
      "wardPlaced": 4,
      "neutralMinionsKilledEnemyJungle": 3,
      "neutralMinionsKilledYourJungle": 4,
      "totalTimeCrowdControlDealt": 432
    }
  },
  "34196057": {
    "gameId": 825976796,
    "invalid": false,
    "gameMode": "CLASSIC",
    "gameType": "MATCHED_GAME",
    "subType": "NORMAL",
    "mapId": 1,
    "teamId": 100,
    "championId": 154,
    "spell1": 11,
    "spell2": 4,
    "level": 30,
    "ipEarned": 71,
    "createDate": 1399031609159,
    "fellowPlayers": [
      {
        "summonerId": 30050440,
        "teamId": 100,
        "championId": 51
      },
      {
        "summonerId": 23404125,
        "teamId": 200,
        "championId": 89
      },
      {
        "summonerId": 23533246,
        "teamId": 200,
        "championId": 77
      },
      {
        "summonerId": 21215744,
        "teamId": 200,
        "championId": 222
      },
      {
        "summonerId": 20202364,
        "teamId": 200,
        "championId": 48
      },
      {
        "summonerId": 28338849,
        "teamId": 100,
        "championId": 64
      },
      {
        "summonerId": 22858531,
        "teamId": 200,
        "championId": 61
      },
      {
        "summonerId": 31524095,
        "teamId": 100,
        "championId": 76
      },
      {
        "summonerId": 34434120,
        "teamId": 100,
        "championId": 4
      }
    ],
    "stats": {
      "level": 16,
      "goldEarned": 11364,
      "numDeaths": 9,
      "turretsKilled": 1,
      "minionsKilled": 43,
      "championsKilled": 4,
      "goldSpent": 10460,
      "totalDamageDealt": 102427,
      "totalDamageTaken": 49579,
      "killingSprees": 1,
      "largestKillingSpree": 2,
      "team": 100,
      "win": false,
      "neutralMinionsKilled": 49,
      "largestMultiKill": 1,
      "physicalDamageDealtPlayer": 13478,
      "magicDamageDealtPlayer": 81459,
      "physicalDamageTaken": 28281,
      "magicDamageTaken": 20120,
      "timePlayed": 2344,
      "totalHeal": 26064,
      "totalUnitsHealed": 1,
      "assists": 16,
      "item0": 3206,
      "item1": 3068,
      "item2": 3065,
      "item3": 3270,
      "item4": 1028,
      "item5": 1011,
      "item6": 3341,
      "magicDamageDealtToChampions": 19794,
      "physicalDamageDealtToChampions": 1247,
      "totalDamageDealtToChampions": 21042,
      "trueDamageDealtPlayer": 7490,
      "trueDamageTaken": 1178,
      "wardKilled": 1,
      "neutralMinionsKilledEnemyJungle": 7,
      "neutralMinionsKilledYourJungle": 42,
      "totalTimeCrowdControlDealt": 579
    }
  },
  "23533246": {
    "gameId": 825976796,
    "invalid": false,
    "gameMode": "CLASSIC",
    "gameType": "MATCHED_GAME",
    "subType": "NORMAL",
    "mapId": 1,
    "teamId": 200,
    "championId": 77,
    "spell1": 11,
    "spell2": 6,
    "level": 30,
    "ipEarned": 108,
    "createDate": 1399031609180,
    "fellowPlayers": [
      {
        "summonerId": 30050440,
        "teamId": 100,
        "championId": 51
      },
      {
        "summonerId": 34196057,
        "teamId": 100,
        "championId": 154
      },
      {
        "summonerId": 23404125,
        "teamId": 200,
        "championId": 89
      },
      {
        "summonerId": 21215744,
        "teamId": 200,
        "championId": 222
      },
      {
        "summonerId": 20202364,
        "teamId": 200,
        "championId": 48
      },
      {
        "summonerId": 28338849,
        "teamId": 100,
        "championId": 64
      },
      {
        "summonerId": 22858531,
        "teamId": 200,
        "championId": 61
      },
      {
        "summonerId": 31524095,
        "teamId": 100,
        "championId": 76
      },
      {
        "summonerId": 34434120,
        "teamId": 100,
        "championId": 4
      }
    ],
    "stats": {
      "level": 18,
      "goldEarned": 17759,
      "numDeaths": 6,
      "barracksKilled": 1,
      "turretsKilled": 1,
      "minionsKilled": 126,
      "championsKilled": 15,
      "goldSpent": 15503,
      "totalDamageDealt": 280361,
      "totalDamageTaken": 42529,
      "doubleKills": 2,
      "killingSprees": 3,
      "largestKillingSpree": 9,
      "team": 200,
      "win": true,
      "neutralMinionsKilled": 112,
      "largestMultiKill": 2,
      "physicalDamageDealtPlayer": 98017,
      "magicDamageDealtPlayer": 156634,
      "physicalDamageTaken": 25473,
      "magicDamageTaken": 16902,
      "largestCriticalStrike": 534,
      "timePlayed": 2344,
      "totalHeal": 9461,
      "totalUnitsHealed": 1,
      "assists": 10,
      "item0": 3160,
      "item1": 3078,
      "item2": 3068,
      "item3": 3065,
      "item4": 3264,
      "item5": 3110,
      "item6": 3340,
      "magicDamageDealtToChampions": 13808,
      "physicalDamageDealtToChampions": 15433,
      "totalDamageDealtToChampions": 31888,
      "trueDamageDealtPlayer": 25708,
      "trueDamageDealtToChampions": 2646,
      "trueDamageTaken": 154,
      "wardPlaced": 21,
      "neutralMinionsKilledEnemyJungle": 28,
      "neutralMinionsKilledYourJungle": 84,
      "totalTimeCrowdControlDealt": 1310
    }
  },
  "23404125": {
    "gameId": 825976796,
    "invalid": false,
    "gameMode": "CLASSIC",
    "gameType": "MATCHED_GAME",
    "subType": "NORMAL",
    "mapId": 1,
    "teamId": 200,
    "championId": 89,
    "spell1": 4,
    "spell2": 3,
    "level": 30,
    "ipEarned": 258,
    "createDate": 1399031609181,
    "fellowPlayers": [
      {
        "summonerId": 30050440,
        "teamId": 100,
        "championId": 51
      },
      {
        "summonerId": 34196057,
        "teamId": 100,
        "championId": 154
      },
      {
        "summonerId": 23533246,
        "teamId": 200,
        "championId": 77
      },
      {
        "summonerId": 21215744,
        "teamId": 200,
        "championId": 222
      },
      {
        "summonerId": 20202364,
        "teamId": 200,
        "championId": 48
      },
      {
        "summonerId": 28338849,
        "teamId": 100,
        "championId": 64
      },
      {
        "summonerId": 22858531,
        "teamId": 200,
        "championId": 61
      },
      {
        "summonerId": 31524095,
        "teamId": 100,
        "championId": 76
      },
      {
        "summonerId": 34434120,
        "teamId": 100,
        "championId": 4
      }
    ],
    "stats": {
      "level": 14,
      "goldEarned": 9835,
      "numDeaths": 11,
      "minionsKilled": 28,
      "championsKilled": 4,
      "goldSpent": 9145,
      "totalDamageDealt": 27713,
      "totalDamageTaken": 34163,
      "team": 200,
      "win": true,
      "largestMultiKill": 1,
      "physicalDamageDealtPlayer": 8708,
      "magicDamageDealtPlayer": 17717,
      "physicalDamageTaken": 15632,
      "magicDamageTaken": 18259,
      "timePlayed": 2344,
      "totalHeal": 1601,
      "totalUnitsHealed": 5,
      "assists": 10,
      "item0": 3401,
      "item1": 3190,
      "item2": 2044,
      "item3": 3047,
      "item4": 3143,
      "item6": 3340,
      "sightWardsBought": 1,
      "magicDamageDealtToChampions": 8298,
      "physicalDamageDealtToChampions": 4178,
      "totalDamageDealtToChampions": 12504,
      "trueDamageDealtPlayer": 1286,
      "trueDamageDealtToChampions": 28,
      "trueDamageTaken": 271,
      "totalTimeCrowdControlDealt": 99
    }
  },
  "31524095": {
    "gameId": 825976796,
    "invalid": false,
    "gameMode": "CLASSIC",
    "gameType": "MATCHED_GAME",
    "subType": "NORMAL",
    "mapId": 1,
    "teamId": 100,
    "championId": 76,
    "spell1": 7,
    "spell2": 4,
    "level": 30,
    "ipEarned": 71,
    "createDate": 1399031609157,
    "fellowPlayers": [
      {
        "summonerId": 30050440,
        "teamId": 100,
        "championId": 51
      },
      {
        "summonerId": 34196057,
        "teamId": 100,
        "championId": 154
      },
      {
        "summonerId": 23404125,
        "teamId": 200,
        "championId": 89
      },
      {
        "summonerId": 23533246,
        "teamId": 200,
        "championId": 77
      },
      {
        "summonerId": 21215744,
        "teamId": 200,
        "championId": 222
      },
      {
        "summonerId": 20202364,
        "teamId": 200,
        "championId": 48
      },
      {
        "summonerId": 28338849,
        "teamId": 100,
        "championId": 64
      },
      {
        "summonerId": 22858531,
        "teamId": 200,
        "championId": 61
      },
      {
        "summonerId": 34434120,
        "teamId": 100,
        "championId": 4
      }
    ],
    "stats": {
      "level": 16,
      "goldEarned": 16494,
      "numDeaths": 7,
      "minionsKilled": 43,
      "championsKilled": 9,
      "goldSpent": 15020,
      "totalDamageDealt": 74485,
      "totalDamageTaken": 37476,
      "killingSprees": 2,
      "largestKillingSpree": 4,
      "team": 100,
      "win": false,
      "largestMultiKill": 1,
      "physicalDamageDealtPlayer": 9887,
      "magicDamageDealtPlayer": 64534,
      "physicalDamageTaken": 19741,
      "magicDamageTaken": 16817,
      "timePlayed": 2344,
      "totalHeal": 27207,
      "totalUnitsHealed": 5,
      "assists": 20,
      "item0": 3092,
      "item1": 3174,
      "item2": 3089,
      "item3": 2045,
      "item4": 3135,
      "item5": 3255,
      "item6": 3364,
      "sightWardsBought": 5,
      "magicDamageDealtToChampions": 31589,
      "physicalDamageDealtToChampions": 3649,
      "totalDamageDealtToChampions": 35303,
      "trueDamageDealtPlayer": 64,
      "trueDamageDealtToChampions": 64,
      "trueDamageTaken": 918,
      "wardPlaced": 28,
      "totalTimeCrowdControlDealt": 46
    }
  },
  "34434120": {
    "gameId": 825976796,
    "invalid": false,
    "gameMode": "CLASSIC",
    "gameType": "MATCHED_GAME",
    "subType": "NORMAL",
    "mapId": 1,
    "teamId": 100,
    "championId": 4,
    "spell1": 4,
    "spell2": 3,
    "level": 30,
    "ipEarned": 71,
    "createDate": 1399031609155,
    "fellowPlayers": [
      {
        "summonerId": 30050440,
        "teamId": 100,
        "championId": 51
      },
      {
        "summonerId": 34196057,
        "teamId": 100,
        "championId": 154
      },
      {
        "summonerId": 23404125,
        "teamId": 200,
        "championId": 89
      },
      {
        "summonerId": 23533246,
        "teamId": 200,
        "championId": 77
      },
      {
        "summonerId": 21215744,
        "teamId": 200,
        "championId": 222
      },
      {
        "summonerId": 20202364,
        "teamId": 200,
        "championId": 48
      },
      {
        "summonerId": 28338849,
        "teamId": 100,
        "championId": 64
      },
      {
        "summonerId": 22858531,
        "teamId": 200,
        "championId": 61
      },
      {
        "summonerId": 31524095,
        "teamId": 100,
        "championId": 76
      }
    ],
    "stats": {
      "level": 15,
      "goldEarned": 12453,
      "numDeaths": 15,
      "minionsKilled": 134,
      "championsKilled": 6,
      "goldSpent": 12900,
      "totalDamageDealt": 99359,
      "totalDamageTaken": 29844,
      "killingSprees": 2,
      "largestKillingSpree": 3,
      "team": 100,
      "win": false,
      "neutralMinionsKilled": 2,
      "largestMultiKill": 1,
      "physicalDamageDealtPlayer": 14789,
      "magicDamageDealtPlayer": 84506,
      "physicalDamageTaken": 11806,
      "magicDamageTaken": 17489,
      "timePlayed": 2344,
      "totalHeal": 507,
      "totalUnitsHealed": 1,
      "assists": 10,
      "item0": 3157,
      "item1": 3089,
      "item2": 3100,
      "item3": 3020,
      "item4": 1052,
      "item6": 3363,
      "magicDamageDealtToChampions": 17121,
      "physicalDamageDealtToChampions": 2621,
      "totalDamageDealtToChampions": 19807,
      "trueDamageDealtPlayer": 64,
      "trueDamageDealtToChampions": 64,
      "trueDamageTaken": 548,
      "wardPlaced": 3,
      "neutralMinionsKilledEnemyJungle": 2,
      "totalTimeCrowdControlDealt": 266
    }
  },
  "21215744": {
    "gameId": 825976796,
    "invalid": false,
    "gameMode": "CLASSIC",
    "gameType": "MATCHED_GAME",
    "subType": "NORMAL",
    "mapId": 1,
    "teamId": 200,
    "championId": 222,
    "spell1": 4,
    "spell2": 7,
    "level": 30,
    "ipEarned": 258,
    "createDate": 1399031609178,
    "fellowPlayers": [
      {
        "summonerId": 30050440,
        "teamId": 100,
        "championId": 51
      },
      {
        "summonerId": 34196057,
        "teamId": 100,
        "championId": 154
      },
      {
        "summonerId": 23404125,
        "teamId": 200,
        "championId": 89
      },
      {
        "summonerId": 23533246,
        "teamId": 200,
        "championId": 77
      },
      {
        "summonerId": 20202364,
        "teamId": 200,
        "championId": 48
      },
      {
        "summonerId": 28338849,
        "teamId": 100,
        "championId": 64
      },
      {
        "summonerId": 22858531,
        "teamId": 200,
        "championId": 61
      },
      {
        "summonerId": 31524095,
        "teamId": 100,
        "championId": 76
      },
      {
        "summonerId": 34434120,
        "teamId": 100,
        "championId": 4
      }
    ],
    "stats": {
      "level": 18,
      "goldEarned": 14494,
      "numDeaths": 7,
      "turretsKilled": 2,
      "minionsKilled": 142,
      "championsKilled": 10,
      "goldSpent": 10100,
      "totalDamageDealt": 125254,
      "totalDamageTaken": 25621,
      "doubleKills": 1,
      "killingSprees": 2,
      "largestKillingSpree": 6,
      "team": 200,
      "win": true,
      "neutralMinionsKilled": 10,
      "largestMultiKill": 2,
      "physicalDamageDealtPlayer": 124093,
      "magicDamageDealtPlayer": 1151,
      "physicalDamageTaken": 13470,
      "magicDamageTaken": 12048,
      "largestCriticalStrike": 928,
      "timePlayed": 2344,
      "totalHeal": 2603,
      "totalUnitsHealed": 3,
      "assists": 15,
      "item0": 1055,
      "item1": 3072,
      "item2": 1001,
      "item3": 3031,
      "item4": 3035,
      "item6": 3340,
      "magicDamageDealtToChampions": 862,
      "physicalDamageDealtToChampions": 27407,
      "totalDamageDealtToChampions": 28280,
      "trueDamageDealtPlayer": 10,
      "trueDamageDealtToChampions": 10,
      "trueDamageTaken": 102,
      "wardPlaced": 5,
      "neutralMinionsKilledEnemyJungle": 5,
      "neutralMinionsKilledYourJungle": 5,
      "totalTimeCrowdControlDealt": 94
    }
  },
  "28338849": {
    "gameId": 825976796,
    "invalid": false,
    "gameMode": "CLASSIC",
    "gameType": "MATCHED_GAME",
    "subType": "NORMAL",
    "mapId": 1,
    "teamId": 100,
    "championId": 64,
    "spell1": 4,
    "spell2": 12,
    "level": 30,
    "ipEarned": 71,
    "createDate": 1399031609160,
    "fellowPlayers": [
      {
        "summonerId": 30050440,
        "teamId": 100,
        "championId": 51
      },
      {
        "summonerId": 34196057,
        "teamId": 100,
        "championId": 154
      },
      {
        "summonerId": 23404125,
        "teamId": 200,
        "championId": 89
      },
      {
        "summonerId": 23533246,
        "teamId": 200,
        "championId": 77
      },
      {
        "summonerId": 21215744,
        "teamId": 200,
        "championId": 222
      },
      {
        "summonerId": 20202364,
        "teamId": 200,
        "championId": 48
      },
      {
        "summonerId": 22858531,
        "teamId": 200,
        "championId": 61
      },
      {
        "summonerId": 31524095,
        "teamId": 100,
        "championId": 76
      },
      {
        "summonerId": 34434120,
        "teamId": 100,
        "championId": 4
      }
    ],
    "stats": {
      "level": 15,
      "goldEarned": 10768,
      "numDeaths": 14,
      "turretsKilled": 3,
      "minionsKilled": 139,
      "championsKilled": 3,
      "goldSpent": 10620,
      "totalDamageDealt": 106730,
      "totalDamageTaken": 39639,
      "team": 100,
      "win": false,
      "neutralMinionsKilled": 19,
      "largestMultiKill": 1,
      "physicalDamageDealtPlayer": 85821,
      "magicDamageDealtPlayer": 20516,
      "physicalDamageTaken": 23815,
      "magicDamageTaken": 14033,
      "timePlayed": 2344,
      "totalHeal": 1610,
      "totalUnitsHealed": 1,
      "assists": 5,
      "item0": 1055,
      "item1": 3074,
      "item2": 3143,
      "item3": 3260,
      "item4": 3035,
      "item6": 3340,
      "magicDamageDealtToChampions": 4024,
      "physicalDamageDealtToChampions": 16109,
      "totalDamageDealtToChampions": 20392,
      "trueDamageDealtPlayer": 392,
      "trueDamageDealtToChampions": 258,
      "trueDamageTaken": 1790,
      "wardPlaced": 9,
      "neutralMinionsKilledEnemyJungle": 7,
      "neutralMinionsKilledYourJungle": 12,
      "totalTimeCrowdControlDealt": 554
    }
  },
  "30050440": {
    "gameId": 825976796,
    "invalid": false,
    "gameMode": "CLASSIC",
    "gameType": "MATCHED_GAME",
    "subType": "NORMAL",
    "mapId": 1,
    "teamId": 100,
    "championId": 51,
    "spell1": 4,
    "spell2": 7,
    "level": 30,
    "ipEarned": 71,
    "createDate": 1399031609161,
    "fellowPlayers": [
      {
        "summonerId": 34196057,
        "teamId": 100,
        "championId": 154
      },
      {
        "summonerId": 23404125,
        "teamId": 200,
        "championId": 89
      },
      {
        "summonerId": 23533246,
        "teamId": 200,
        "championId": 77
      },
      {
        "summonerId": 21215744,
        "teamId": 200,
        "championId": 222
      },
      {
        "summonerId": 20202364,
        "teamId": 200,
        "championId": 48
      },
      {
        "summonerId": 28338849,
        "teamId": 100,
        "championId": 64
      },
      {
        "summonerId": 22858531,
        "teamId": 200,
        "championId": 61
      },
      {
        "summonerId": 31524095,
        "teamId": 100,
        "championId": 76
      },
      {
        "summonerId": 34434120,
        "teamId": 100,
        "championId": 4
      }
    ],
    "stats": {
      "level": 16,
      "goldEarned": 15350,
      "numDeaths": 12,
      "turretsKilled": 1,
      "minionsKilled": 141,
      "championsKilled": 16,
      "goldSpent": 15420,
      "totalDamageDealt": 132330,
      "totalDamageTaken": 32458,
      "doubleKills": 1,
      "killingSprees": 5,
      "largestKillingSpree": 4,
      "team": 100,
      "win": false,
      "neutralMinionsKilled": 6,
      "largestMultiKill": 2,
      "physicalDamageDealtPlayer": 127782,
      "magicDamageDealtPlayer": 3450,
      "physicalDamageTaken": 17396,
      "magicDamageTaken": 14121,
      "largestCriticalStrike": 1037,
      "timePlayed": 2344,
      "totalHeal": 3617,
      "totalUnitsHealed": 3,
      "assists": 11,
      "item0": 3144,
      "item1": 3252,
      "item2": 3046,
      "item3": 3035,
      "item4": 3072,
      "item5": 3031,
      "item6": 3340,
      "magicDamageDealtToChampions": 2543,
      "physicalDamageDealtToChampions": 47841,
      "totalDamageDealtToChampions": 50998,
      "trueDamageDealtPlayer": 1098,
      "trueDamageDealtToChampions": 614,
      "trueDamageTaken": 941,
      "wardPlaced": 4,
      "neutralMinionsKilledEnemyJungle": 2,
      "neutralMinionsKilledYourJungle": 4,
      "totalTimeCrowdControlDealt": 232
    }
  }
}