{
  "43259182": {
    "gameId": 825976288,
    "invalid": false,
    "gameMode": "CLASSIC",
    "gameType": "MATCHED_GAME",
    "subType": "RANKED_SOLO_5x5",
    "mapId": 1,
    "teamId": 200,
    "championId": 28,
    "spell1": 11,
    "spell2": 4,
    "level": 30,
    "ipEarned": 69,
    "createDate": 1399031558977,
    "fellowPlayers": [
      {
        "summonerId": 25495790,
        "teamId": 200,
        "championId": 38
      },
      {
        "summonerId": 28441955,
        "teamId": 200,
        "championId": 58
      },
      {
        "summonerId": 34000461,
        "teamId": 100,
        "championId": 29
      },
      {
        "summonerId": 35246137,
        "teamId": 100,
        "championId": 102
      },
      {
        "summonerId": 22856449,
        "teamId": 100,
        "championId": 412
      },
      {
        "summonerId": 31184308,
        "teamId": 100,
        "championId": 24
      },
      {
        "summonerId": 25602520,
        "teamId": 100,
        "championId": 13
      },
      {
        "summonerId": 25477573,
        "teamId": 200,
        "championId": 21
      },
      {
        "summonerId": 26987890,
        "teamId": 200,
        "championId": 25
      }
    ],
    "stats": {
      "level": 16,
      "goldEarned": 12139,
      "numDeaths": 4,
      "minionsKilled": 81,
      "championsKilled": 5,
      "goldSpent": 11090,
      "totalDamageDealt": 162904,
      "totalDamageTaken": 30153,
      "killingSprees": 2,
      "largestKillingSpree": 2,
      "team": 200,
      "win": false,
      "neutralMinionsKilled": 80,
      "largestMultiKill": 1,
      "physicalDamageDealtPlayer": 55969,
      "magicDamageDealtPlayer": 89637,
      "physicalDamageTaken": 21082,
      "magicDamageTaken": 7047,
      "timePlayed": 2285,
      "totalHeal": 8114,
      "totalUnitsHealed": 1,
      "assists": 8,
      "item0": 3209,
      "item1": 3143,
      "item2": 3136,
      "item3": 3255,
      "item4": 3102,
      "item6": 3340,
      "magicDamageDealtToChampions": 9881,
      "physicalDamageDealtToChampions": 3824,
      "totalDamageDealtToChampions": 14445,
      "trueDamageDealtPlayer": 17297,
      "trueDamageDealtToChampions": 739,
      "trueDamageTaken": 2024,
      "wardPlaced": 8,
      "neutralMinionsKilledEnemyJungle": 19,
      "neutralMinionsKilledYourJungle": 61,
      "totalTimeCrowdControlDealt": 527
    }
  },
  "summonerCount": 10,
  "22856449": {
    "gameId": 825976288,
    "invalid": false,
    "gameMode": "CLASSIC",
    "gameType": "MATCHED_GAME",
    "subType": "RANKED_SOLO_5x5",
    "mapId": 1,
    "teamId": 100,
    "championId": 412,
    "spell1": 4,
    "spell2": 7,
    "level": 30,
    "ipEarned": 106,
    "createDate": 1399031558971,
    "fellowPlayers": [
      {
        "summonerId": 25495790,
        "teamId": 200,
        "championId": 38
      },
      {
        "summonerId": 28441955,
        "teamId": 200,
        "championId": 58
      },
      {
        "summonerId": 34000461,
        "teamId": 100,
        "championId": 29
      },
      {
        "summonerId": 35246137,
        "teamId": 100,
        "championId": 102
      },
      {
        "summonerId": 43259182,
        "teamId": 200,
        "championId": 28
      },
      {
        "summonerId": 31184308,
        "teamId": 100,
        "championId": 24
      },
      {
        "summonerId": 25602520,
        "teamId": 100,
        "championId": 13
      },
      {
        "summonerId": 25477573,
        "teamId": 200,
        "championId": 21
      },
      {
        "summonerId": 26987890,
        "teamId": 200,
        "championId": 25
      }
    ],
    "stats": {
      "level": 16,
      "goldEarned": 10264,
      "numDeaths": 7,
      "minionsKilled": 44,
      "championsKilled": 2,
      "goldSpent": 11375,
      "totalDamageDealt": 31648,
      "totalDamageTaken": 20809,
      "doubleKills": 1,
      "killingSprees": 1,
      "largestKillingSpree": 2,
      "team": 100,
      "win": true,
      "neutralMinionsKilled": 4,
      "largestMultiKill": 2,
      "physicalDamageDealtPlayer": 11431,
      "magicDamageDealtPlayer": 20148,
      "physicalDamageTaken": 9830,
      "magicDamageTaken": 10900,
      "timePlayed": 2285,
      "totalHeal": 1995,
      "totalUnitsHealed": 3,
      "assists": 16,
      "item0": 2049,
      "item1": 3105,
      "item2": 3068,
      "item4": 3117,
      "item6": 3341,
      "sightWardsBought": 1,
      "visionWardsBought": 2,
      "magicDamageDealtToChampions": 5134,
      "physicalDamageDealtToChampions": 750,
      "totalDamageDealtToChampions": 5885,
      "trueDamageDealtPlayer": 68,
      "trueDamageTaken": 78,
      "wardPlaced": 21,
      "neutralMinionsKilledYourJungle": 4,
      "totalTimeCrowdControlDealt": 128
    }
  },
  "25602520": {
    "gameId": 825976288,
    "invalid": false,
    "gameMode": "CLASSIC",
    "gameType": "MATCHED_GAME",
    "subType": "RANKED_SOLO_5x5",
    "mapId": 1,
    "teamId": 100,
    "championId": 13,
    "spell1": 4,
    "spell2": 12,
    "level": 30,
    "ipEarned": 106,
    "createDate": 1399031558975,
    "fellowPlayers": [
      {
        "summonerId": 25495790,
        "teamId": 200,
        "championId": 38
      },
      {
        "summonerId": 28441955,
        "teamId": 200,
        "championId": 58
      },
      {
        "summonerId": 34000461,
        "teamId": 100,
        "championId": 29
      },
      {
        "summonerId": 35246137,
        "teamId": 100,
        "championId": 102
      },
      {
        "summonerId": 22856449,
        "teamId": 100,
        "championId": 412
      },
      {
        "summonerId": 43259182,
        "teamId": 200,
        "championId": 28
      },
      {
        "summonerId": 31184308,
        "teamId": 100,
        "championId": 24
      },
      {
        "summonerId": 25477573,
        "teamId": 200,
        "championId": 21
      },
      {
        "summonerId": 26987890,
        "teamId": 200,
        "championId": 25
      }
    ],
    "stats": {
      "level": 16,
      "goldEarned": 10612,
      "numDeaths": 13,
      "minionsKilled": 103,
      "championsKilled": 3,
      "goldSpent": 9865,
      "totalDamageDealt": 72205,
      "totalDamageTaken": 29588,
      "team": 100,
      "win": true,
      "neutralMinionsKilled": 4,
      "largestMultiKill": 1,
      "physicalDamageDealtPlayer": 11388,
      "magicDamageDealtPlayer": 60817,
      "physicalDamageTaken": 11801,
      "magicDamageTaken": 17005,
      "timePlayed": 2285,
      "totalHeal": 208,
      "totalUnitsHealed": 1,
      "assists": 14,
      "item0": 3070,
      "item1": 3010,
      "item2": 3110,
      "item3": 3020,
      "item4": 3145,
      "item5": 3065,
      "item6": 3340,
      "magicDamageDealtToChampions": 17699,
      "physicalDamageDealtToChampions": 1993,
      "totalDamageDealtToChampions": 19693,
      "trueDamageTaken": 781,
      "wardPlaced": 6,
      "neutralMinionsKilledEnemyJungle": 1,
      "neutralMinionsKilledYourJungle": 3,
      "totalTimeCrowdControlDealt": 713
    }
  },
  "26987890": {
    "gameId": 825976288,
    "invalid": false,
    "gameMode": "CLASSIC",
    "gameType": "MATCHED_GAME",
    "subType": "RANKED_SOLO_5x5",
    "mapId": 1,
    "teamId": 200,
    "championId": 25,
    "spell1": 4,
    "spell2": 7,
    "level": 30,
    "ipEarned": 69,
    "createDate": 1399031558978,
    "fellowPlayers": [
      {
        "summonerId": 25495790,
        "teamId": 200,
        "championId": 38
      },
      {
        "summonerId": 28441955,
        "teamId": 200,
        "championId": 58
      },
      {
        "summonerId": 34000461,
        "teamId": 100,
        "championId": 29
      },
      {
        "summonerId": 35246137,
        "teamId": 100,
        "championId": 102
      },
      {
        "summonerId": 22856449,
        "teamId": 100,
        "championId": 412
      },
      {
        "summonerId": 43259182,
        "teamId": 200,
        "championId": 28
      },
      {
        "summonerId": 31184308,
        "teamId": 100,
        "championId": 24
      },
      {
        "summonerId": 25602520,
        "teamId": 100,
        "championId": 13
      },
      {
        "summonerId": 25477573,
        "teamId": 200,
        "championId": 21
      }
    ],
    "stats": {
      "level": 14,
      "goldEarned": 11160,
      "numDeaths": 6,
      "turretsKilled": 1,
      "minionsKilled": 31,
      "championsKilled": 3,
      "goldSpent": 11285,
      "totalDamageDealt": 49160,
      "totalDamageTaken": 19965,
      "killingSprees": 1,
      "largestKillingSpree": 2,
      "team": 200,
      "win": false,
      "neutralMinionsKilled": 1,
      "largestMultiKill": 1,
      "physicalDamageDealtPlayer": 12612,
      "magicDamageDealtPlayer": 35507,
      "physicalDamageTaken": 9896,
      "magicDamageTaken": 8442,
      "timePlayed": 2285,
      "totalHeal": 2611,
      "totalUnitsHealed": 4,
      "assists": 24,
      "item0": 3157,
      "item1": 3020,
      "item2": 1056,
      "item3": 3110,
      "item4": 3135,
      "item6": 3340,
      "sightWardsBought": 2,
      "magicDamageDealtToChampions": 24514,
      "physicalDamageDealtToChampions": 2042,
      "totalDamageDealtToChampions": 26982,
      "trueDamageDealtPlayer": 1040,
      "trueDamageDealtToChampions": 426,
      "trueDamageTaken": 1626,
      "wardPlaced": 6,
      "neutralMinionsKilledEnemyJungle": 1,
      "totalTimeCrowdControlDealt": 311
    }
  },
  "25477573": {
    "gameId": 825976288,
    "invalid": false,
    "gameMode": "CLASSIC",
    "gameType": "MATCHED_GAME",
    "subType": "RANKED_SOLO_5x5",
    "mapId": 1,
    "teamId": 200,
    "championId": 21,
    "spell1": 7,
    "spell2": 4,
    "level": 30,
    "ipEarned": 69,
    "createDate": 1399031558980,
    "fellowPlayers": [
      {
        "summonerId": 25495790,
        "teamId": 200,
        "championId": 38
      },
      {
        "summonerId": 28441955,
        "teamId": 200,
        "championId": 58
      },
      {
        "summonerId": 34000461,
        "teamId": 100,
        "championId": 29
      },
      {
        "summonerId": 35246137,
        "teamId": 100,
        "championId": 102
      },
      {
        "summonerId": 22856449,
        "teamId": 100,
        "championId": 412
      },
      {
        "summonerId": 43259182,
        "teamId": 200,
        "championId": 28
      },
      {
        "summonerId": 31184308,
        "teamId": 100,
        "championId": 24
      },
      {
        "summonerId": 25602520,
        "teamId": 100,
        "championId": 13
      },
      {
        "summonerId": 26987890,
        "teamId": 200,
        "championId": 25
      }
    ],
    "stats": {
      "level": 15,
      "goldEarned": 13323,
      "numDeaths": 8,
      "turretsKilled": 2,
      "minionsKilled": 198,
      "championsKilled": 10,
      "goldSpent": 13025,
      "totalDamageDealt": 135790,
      "totalDamageTaken": 27699,
      "doubleKills": 1,
      "killingSprees": 1,
      "largestKillingSpree": 8,
      "team": 200,
      "win": false,
      "neutralMinionsKilled": 4,
      "largestMultiKill": 2,
      "physicalDamageDealtPlayer": 120394,
      "magicDamageDealtPlayer": 15396,
      "physicalDamageTaken": 17271,
      "magicDamageTaken": 9007,
      "largestCriticalStrike": 901,
      "timePlayed": 2285,
      "totalHeal": 2054,
      "totalUnitsHealed": 2,
      "assists": 12,
      "item0": 3006,
      "item1": 3071,
      "item2": 3072,
      "item3": 3031,
      "item4": 1057,
      "item5": 1031,
      "item6": 3340,
      "magicDamageDealtToChampions": 5587,
      "physicalDamageDealtToChampions": 16489,
      "totalDamageDealtToChampions": 22077,
      "trueDamageTaken": 1421,
      "wardPlaced": 7,
      "neutralMinionsKilledEnemyJungle": 3,
      "neutralMinionsKilledYourJungle": 1,
      "totalTimeCrowdControlDealt": 102
    }
  },
  "34000461": {
    "gameId": 825976288,
    "invalid": false,
    "gameMode": "CLASSIC",
    "gameType": "MATCHED_GAME",
    "subType": "RANKED_SOLO_5x5",
    "mapId": 1,
    "teamId": 100,
    "championId": 29,
    "spell1": 4,
    "spell2": 7,
    "level": 30,
    "ipEarned": 106,
    "createDate": 1399031558972,
    "fellowPlayers": [
      {
        "summonerId": 25495790,
        "teamId": 200,
        "championId": 38
      },
      {
        "summonerId": 28441955,
        "teamId": 200,
        "championId": 58
      },
      {
        "summonerId": 35246137,
        "teamId": 100,
        "championId": 102
      },
      {
        "summonerId": 22856449,
        "teamId": 100,
        "championId": 412
      },
      {
        "summonerId": 43259182,
        "teamId": 200,
        "championId": 28
      },
      {
        "summonerId": 31184308,
        "teamId": 100,
        "championId": 24
      },
      {
        "summonerId": 25602520,
        "teamId": 100,
        "championId": 13
      },
      {
        "summonerId": 25477573,
        "teamId": 200,
        "championId": 21
      },
      {
        "summonerId": 26987890,
        "teamId": 200,
        "championId": 25
      }
    ],
    "stats": {
      "level": 18,
      "goldEarned": 14033,
      "numDeaths": 5,
      "turretsKilled": 3,
      "minionsKilled": 169,
      "championsKilled": 6,
      "goldSpent": 12600,
      "totalDamageDealt": 161095,
      "totalDamageTaken": 27347,
      "killingSprees": 1,
      "largestKillingSpree": 3,
      "team": 100,
      "win": true,
      "neutralMinionsKilled": 31,
      "largestMultiKill": 1,
      "physicalDamageDealtPlayer": 147595,
      "magicDamageDealtPlayer": 295,
      "physicalDamageTaken": 11599,
      "magicDamageTaken": 14921,
      "largestCriticalStrike": 814,
      "timePlayed": 2285,
      "totalHeal": 5117,
      "totalUnitsHealed": 3,
      "assists": 16,
      "item0": 3086,
      "item1": 3085,
      "item2": 3250,
      "item3": 3072,
      "item4": 3031,
      "item6": 3340,
      "magicDamageDealtToChampions": 18,
      "physicalDamageDealtToChampions": 16157,
      "totalDamageDealtToChampions": 20934,
      "trueDamageDealtPlayer": 13204,
      "trueDamageDealtToChampions": 4758,
      "trueDamageTaken": 826,
      "wardKilled": 1,
      "wardPlaced": 4,
      "neutralMinionsKilledEnemyJungle": 3,
      "neutralMinionsKilledYourJungle": 28,
      "totalTimeCrowdControlDealt": 291
    }
  },
  "31184308": {
    "gameId": 825976288,
    "invalid": false,
    "gameMode": "CLASSIC",
    "gameType": "MATCHED_GAME",
    "subType": "RANKED_SOLO_5x5",
    "mapId": 1,
    "teamId": 100,
    "championId": 24,
    "spell1": 4,
    "spell2": 14,
    "level": 30,
    "ipEarned": 256,
    "createDate": 1399031558974,
    "fellowPlayers": [
      {
        "summonerId": 25495790,
        "teamId": 200,
        "championId": 38
      },
      {
        "summonerId": 28441955,
        "teamId": 200,
        "championId": 58
      },
      {
        "summonerId": 34000461,
        "teamId": 100,
        "championId": 29
      },
      {
        "summonerId": 35246137,
        "teamId": 100,
        "championId": 102
      },
      {
        "summonerId": 22856449,
        "teamId": 100,
        "championId": 412
      },
      {
        "summonerId": 43259182,
        "teamId": 200,
        "championId": 28
      },
      {
        "summonerId": 25602520,
        "teamId": 100,
        "championId": 13
      },
      {
        "summonerId": 25477573,
        "teamId": 200,
        "championId": 21
      },
      {
        "summonerId": 26987890,
        "teamId": 200,
        "championId": 25
      }
    ],
    "stats": {
      "level": 18,
      "goldEarned": 16405,
      "numDeaths": 4,
      "turretsKilled": 1,
      "minionsKilled": 181,
      "championsKilled": 13,
      "goldSpent": 15108,
      "totalDamageDealt": 197312,
      "totalDamageTaken": 28554,
      "doubleKills": 2,
      "tripleKills": 1,
      "quadraKills": 1,
      "killingSprees": 4,
      "largestKillingSpree": 5,
      "team": 100,
      "win": true,
      "neutralMinionsKilled": 46,
      "largestMultiKill": 4,
      "physicalDamageDealtPlayer": 142879,
      "magicDamageDealtPlayer": 52377,
      "physicalDamageTaken": 13981,
      "magicDamageTaken": 14009,
      "largestCriticalStrike": 569,
      "timePlayed": 2285,
      "totalHeal": 2288,
      "totalUnitsHealed": 1,
      "assists": 8,
      "item0": 3047,
      "item1": 3153,
      "item2": 3068,
      "item3": 3078,
      "item4": 3075,
      "item5": 3211,
      "item6": 3340,
      "magicDamageDealtToChampions": 8091,
      "physicalDamageDealtToChampions": 18641,
      "totalDamageDealtToChampions": 28334,
      "trueDamageDealtPlayer": 2056,
      "trueDamageDealtToChampions": 1602,
      "trueDamageTaken": 563,
      "wardPlaced": 6,
      "neutralMinionsKilledEnemyJungle": 15,
      "neutralMinionsKilledYourJungle": 31,
      "totalTimeCrowdControlDealt": 369
    }
  },
  "28441955": {
    "gameId": 825976288,
    "invalid": false,
    "gameMode": "CLASSIC",
    "gameType": "MATCHED_GAME",
    "subType": "RANKED_SOLO_5x5",
    "mapId": 1,
    "teamId": 200,
    "championId": 58,
    "spell1": 4,
    "spell2": 12,
    "level": 30,
    "ipEarned": 69,
    "createDate": 1399031558981,
    "fellowPlayers": [
      {
        "summonerId": 25495790,
        "teamId": 200,
        "championId": 38
      },
      {
        "summonerId": 34000461,
        "teamId": 100,
        "championId": 29
      },
      {
        "summonerId": 35246137,
        "teamId": 100,
        "championId": 102
      },
      {
        "summonerId": 22856449,
        "teamId": 100,
        "championId": 412
      },
      {
        "summonerId": 43259182,
        "teamId": 200,
        "championId": 28
      },
      {
        "summonerId": 31184308,
        "teamId": 100,
        "championId": 24
      },
      {
        "summonerId": 25602520,
        "teamId": 100,
        "championId": 13
      },
      {
        "summonerId": 25477573,
        "teamId": 200,
        "championId": 21
      },
      {
        "summonerId": 26987890,
        "teamId": 200,
        "championId": 25
      }
    ],
    "stats": {
      "level": 16,
      "goldEarned": 12276,
      "numDeaths": 5,
      "turretsKilled": 2,
      "minionsKilled": 166,
      "championsKilled": 6,
      "goldSpent": 10935,
      "totalDamageDealt": 116678,
      "totalDamageTaken": 22930,
      "doubleKills": 1,
      "killingSprees": 2,
      "largestKillingSpree": 4,
      "team": 200,
      "win": false,
      "neutralMinionsKilled": 21,
      "largestMultiKill": 2,
      "physicalDamageDealtPlayer": 107749,
      "magicDamageDealtPlayer": 8566,
      "physicalDamageTaken": 13194,
      "magicDamageTaken": 8996,
      "timePlayed": 2285,
      "totalHeal": 3871,
      "totalUnitsHealed": 1,
      "assists": 12,
      "item0": 3143,
      "item1": 3074,
      "item2": 3260,
      "item3": 1055,
      "item4": 3068,
      "item6": 3340,
      "magicDamageDealtToChampions": 3382,
      "physicalDamageDealtToChampions": 13447,
      "totalDamageDealtToChampions": 16958,
      "trueDamageDealtPlayer": 362,
      "trueDamageDealtToChampions": 128,
      "trueDamageTaken": 740,
      "wardPlaced": 8,
      "neutralMinionsKilledEnemyJungle": 5,
      "neutralMinionsKilledYourJungle": 16,
      "totalTimeCrowdControlDealt": 179
    }
  },
  "35246137": {
    "gameId": 825976288,
    "invalid": false,
    "gameMode": "CLASSIC",
    "gameType": "MATCHED_GAME",
    "subType": "RANKED_SOLO_5x5",
    "mapId": 1,
    "teamId": 100,
    "championId": 102,
    "spell1": 11,
    "spell2": 4,
    "level": 30,
    "ipEarned": 256,
    "createDate": 1399031558976,
    "fellowPlayers": [
      {
        "summonerId": 25495790,
        "teamId": 200,
        "championId": 38
      },
      {
        "summonerId": 28441955,
        "teamId": 200,
        "championId": 58
      },
      {
        "summonerId": 34000461,
        "teamId": 100,
        "championId": 29
      },
      {
        "summonerId": 22856449,
        "teamId": 100,
        "championId": 412
      },
      {
        "summonerId": 43259182,
        "teamId": 200,
        "championId": 28
      },
      {
        "summonerId": 31184308,
        "teamId": 100,
        "championId": 24
      },
      {
        "summonerId": 25602520,
        "teamId": 100,
        "championId": 13
      },
      {
        "summonerId": 25477573,
        "teamId": 200,
        "championId": 21
      },
      {
        "summonerId": 26987890,
        "teamId": 200,
        "championId": 25
      }
    ],
    "stats": {
      "level": 18,
      "goldEarned": 13355,
      "numDeaths": 6,
      "barracksKilled": 1,
      "minionsKilled": 59,
      "championsKilled": 6,
      "goldSpent": 11195,
      "totalDamageDealt": 190884,
      "totalDamageTaken": 34231,
      "doubleKills": 1,
      "killingSprees": 1,
      "largestKillingSpree": 4,
      "team": 100,
      "win": true,
      "neutralMinionsKilled": 103,
      "largestMultiKill": 2,
      "physicalDamageDealtPlayer": 84205,
      "magicDamageDealtPlayer": 95299,
      "physicalDamageTaken": 22409,
      "magicDamageTaken": 10760,
      "timePlayed": 2285,
      "totalHeal": 4237,
      "totalUnitsHealed": 1,
      "assists": 14,
      "item0": 3160,
      "item1": 3074,
      "item2": 3111,
      "item3": 3068,
      "item4": 3082,
      "item5": 1011,
      "item6": 3340,
      "magicDamageDealtToChampions": 9317,
      "physicalDamageDealtToChampions": 7765,
      "totalDamageDealtToChampions": 17353,
      "trueDamageDealtPlayer": 11380,
      "trueDamageDealtToChampions": 270,
      "trueDamageTaken": 1061,
      "wardPlaced": 7,
      "neutralMinionsKilledEnemyJungle": 7,
      "neutralMinionsKilledYourJungle": 96,
      "totalTimeCrowdControlDealt": 396
    }
  },
  "25495790": {
    "gameId": 825976288,
    "invalid": false,
    "gameMode": "CLASSIC",
    "gameType": "MATCHED_GAME",
    "subType": "RANKED_SOLO_5x5",
    "mapId": 1,
    "teamId": 200,
    "championId": 38,
    "spell1": 14,
    "spell2": 4,
    "level": 30,
    "ipEarned": 69,
    "createDate": 1399031558982,
    "fellowPlayers": [
      {
        "summonerId": 28441955,
        "teamId": 200,
        "championId": 58
      },
      {
        "summonerId": 34000461,
        "teamId": 100,
        "championId": 29
      },
      {
        "summonerId": 35246137,
        "teamId": 100,
        "championId": 102
      },
      {
        "summonerId": 22856449,
        "teamId": 100,
        "championId": 412
      },
      {
        "summonerId": 43259182,
        "teamId": 200,
        "championId": 28
      },
      {
        "summonerId": 31184308,
        "teamId": 100,
        "championId": 24
      },
      {
        "summonerId": 25602520,
        "teamId": 100,
        "championId": 13
      },
      {
        "summonerId": 25477573,
        "teamId": 200,
        "championId": 21
      },
      {
        "summonerId": 26987890,
        "teamId": 200,
        "championId": 25
      }
    ],
    "stats": {
      "level": 16,
      "goldEarned": 12187,
      "numDeaths": 7,
      "barracksKilled": 1,
      "turretsKilled": 1,
      "minionsKilled": 94,
      "championsKilled": 11,
      "goldSpent": 11920,
      "totalDamageDealt": 100297,
      "totalDamageTaken": 29223,
      "doubleKills": 1,
      "killingSprees": 4,
      "largestKillingSpree": 3,
      "team": 200,
      "win": false,
      "neutralMinionsKilled": 12,
      "largestMultiKill": 2,
      "physicalDamageDealtPlayer": 20639,
      "magicDamageDealtPlayer": 77675,
      "physicalDamageTaken": 20751,
      "magicDamageTaken": 6767,
      "timePlayed": 2285,
      "totalHeal": 688,
      "totalUnitsHealed": 1,
      "assists": 10,
      "item0": 3020,
      "item1": 3089,
      "item2": 3040,
      "item3": 3027,
      "item4": 3057,
      "item5": 1052,
      "item6": 3340,
      "magicDamageDealtToChampions": 23739,
      "physicalDamageDealtToChampions": 2384,
      "totalDamageDealtToChampions": 27721,
      "trueDamageDealtPlayer": 1982,
      "trueDamageDealtToChampions": 1598,
      "trueDamageTaken": 1704,
      "wardPlaced": 5,
      "neutralMinionsKilledYourJungle": 12,
      "totalTimeCrowdControlDealt": 411
    }
  }
}