{
  "23826981": {
    "gameId": 825983099,
    "invalid": false,
    "gameMode": "CLASSIC",
    "gameType": "MATCHED_GAME",
    "subType": "RANKED_SOLO_5x5",
    "mapId": 1,
    "teamId": 200,
    "championId": 412,
    "spell1": 3,
    "spell2": 4,
    "level": 30,
    "ipEarned": 85,
    "createDate": 1399030703262,
    "fellowPlayers": [
      {
        "summonerId": 20451502,
        "teamId": 200,
        "championId": 92
      },
      {
        "summonerId": 27140683,
        "teamId": 100,
        "championId": 236
      },
      {
        "summonerId": 30744229,
        "teamId": 200,
        "championId": 56
      },
      {
        "summonerId": 28182032,
        "teamId": 100,
        "championId": 7
      },
      {
        "summonerId": 20362803,
        "teamId": 200,
        "championId": 115
      },
      {
        "summonerId": 33784953,
        "teamId": 100,
        "championId": 102
      },
      {
        "summonerId": 32553091,
        "teamId": 100,
        "championId": 53
      },
      {
        "summonerId": 27393259,
        "teamId": 100,
        "championId": 48
      },
      {
        "summonerId": 37549901,
        "teamId": 200,
        "championId": 51
      }
    ],
    "stats": {
      "level": 14,
      "goldEarned": 10455,
      "numDeaths": 5,
      "minionsKilled": 39,
      "championsKilled": 3,
      "goldSpent": 9840,
      "totalDamageDealt": 32377,
      "totalDamageTaken": 15103,
      "killingSprees": 1,
      "largestKillingSpree": 2,
      "team": 200,
      "win": true,
      "largestMultiKill": 1,
      "physicalDamageDealtPlayer": 7305,
      "magicDamageDealtPlayer": 24337,
      "physicalDamageTaken": 8087,
      "magicDamageTaken": 6955,
      "timePlayed": 1745,
      "totalHeal": 980,
      "totalUnitsHealed": 1,
      "assists": 17,
      "item0": 3270,
      "item1": 3069,
      "item2": 2045,
      "item3": 3068,
      "item4": 3105,
      "item6": 3340,
      "sightWardsBought": 1,
      "magicDamageDealtToChampions": 10377,
      "physicalDamageDealtToChampions": 1668,
      "totalDamageDealtToChampions": 12408,
      "trueDamageDealtPlayer": 734,
      "trueDamageDealtToChampions": 362,
      "trueDamageTaken": 60,
      "wardKilled": 1,
      "wardPlaced": 11,
      "totalTimeCrowdControlDealt": 274
    }
  },
  "summonerCount": 10,
  "37549901": {
    "gameId": 825983099,
    "invalid": false,
    "gameMode": "CLASSIC",
    "gameType": "MATCHED_GAME",
    "subType": "RANKED_SOLO_5x5",
    "mapId": 1,
    "teamId": 200,
    "championId": 51,
    "spell1": 4,
    "spell2": 7,
    "level": 30,
    "ipEarned": 85,
    "createDate": 1399030703257,
    "fellowPlayers": [
      {
        "summonerId": 20451502,
        "teamId": 200,
        "championId": 92
      },
      {
        "summonerId": 27140683,
        "teamId": 100,
        "championId": 236
      },
      {
        "summonerId": 30744229,
        "teamId": 200,
        "championId": 56
      },
      {
        "summonerId": 28182032,
        "teamId": 100,
        "championId": 7
      },
      {
        "summonerId": 20362803,
        "teamId": 200,
        "championId": 115
      },
      {
        "summonerId": 33784953,
        "teamId": 100,
        "championId": 102
      },
      {
        "summonerId": 23826981,
        "teamId": 200,
        "championId": 412
      },
      {
        "summonerId": 32553091,
        "teamId": 100,
        "championId": 53
      },
      {
        "summonerId": 27393259,
        "teamId": 100,
        "championId": 48
      }
    ],
    "stats": {
      "level": 14,
      "goldEarned": 12412,
      "numDeaths": 9,
      "turretsKilled": 4,
      "minionsKilled": 169,
      "championsKilled": 9,
      "goldSpent": 8925,
      "totalDamageDealt": 113034,
      "totalDamageTaken": 19681,
      "doubleKills": 1,
      "tripleKills": 1,
      "killingSprees": 2,
      "largestKillingSpree": 3,
      "team": 200,
      "win": true,
      "neutralMinionsKilled": 2,
      "largestMultiKill": 3,
      "physicalDamageDealtPlayer": 110892,
      "magicDamageDealtPlayer": 1623,
      "physicalDamageTaken": 13216,
      "magicDamageTaken": 6152,
      "largestCriticalStrike": 814,
      "timePlayed": 1745,
      "totalHeal": 2053,
      "totalUnitsHealed": 3,
      "assists": 10,
      "item0": 3072,
      "item1": 1055,
      "item2": 3006,
      "item3": 1038,
      "item4": 3046,
      "item6": 3340,
      "magicDamageDealtToChampions": 1421,
      "physicalDamageDealtToChampions": 19576,
      "totalDamageDealtToChampions": 21443,
      "trueDamageDealtPlayer": 518,
      "trueDamageDealtToChampions": 446,
      "trueDamageTaken": 312,
      "wardPlaced": 1,
      "neutralMinionsKilledEnemyJungle": 2,
      "totalTimeCrowdControlDealt": 119
    }
  },
  "27393259": {
    "gameId": 825983099,
    "invalid": false,
    "gameMode": "CLASSIC",
    "gameType": "MATCHED_GAME",
    "subType": "RANKED_SOLO_5x5",
    "mapId": 1,
    "teamId": 100,
    "championId": 48,
    "spell1": 4,
    "spell2": 14,
    "level": 30,
    "ipEarned": 57,
    "createDate": 1399030703254,
    "fellowPlayers": [
      {
        "summonerId": 20451502,
        "teamId": 200,
        "championId": 92
      },
      {
        "summonerId": 27140683,
        "teamId": 100,
        "championId": 236
      },
      {
        "summonerId": 30744229,
        "teamId": 200,
        "championId": 56
      },
      {
        "summonerId": 28182032,
        "teamId": 100,
        "championId": 7
      },
      {
        "summonerId": 20362803,
        "teamId": 200,
        "championId": 115
      },
      {
        "summonerId": 33784953,
        "teamId": 100,
        "championId": 102
      },
      {
        "summonerId": 23826981,
        "teamId": 200,
        "championId": 412
      },
      {
        "summonerId": 32553091,
        "teamId": 100,
        "championId": 53
      },
      {
        "summonerId": 37549901,
        "teamId": 200,
        "championId": 51
      }
    ],
    "stats": {
      "level": 15,
      "goldEarned": 9065,
      "numDeaths": 5,
      "turretsKilled": 2,
      "minionsKilled": 126,
      "championsKilled": 5,
      "goldSpent": 8910,
      "totalDamageDealt": 69684,
      "totalDamageTaken": 33368,
      "killingSprees": 2,
      "largestKillingSpree": 3,
      "team": 100,
      "win": false,
      "neutralMinionsKilled": 9,
      "largestMultiKill": 1,
      "physicalDamageDealtPlayer": 56082,
      "magicDamageDealtPlayer": 12635,
      "physicalDamageTaken": 21085,
      "magicDamageTaken": 10650,
      "timePlayed": 1745,
      "totalHeal": 8939,
      "totalUnitsHealed": 1,
      "assists": 8,
      "item0": 3111,
      "item1": 3068,
      "item2": 3144,
      "item3": 3065,
      "item4": 1055,
      "item5": 1042,
      "item6": 3340,
      "magicDamageDealtToChampions": 3375,
      "physicalDamageDealtToChampions": 9068,
      "totalDamageDealtToChampions": 13410,
      "trueDamageDealtPlayer": 966,
      "trueDamageDealtToChampions": 966,
      "trueDamageTaken": 1632,
      "wardPlaced": 6,
      "neutralMinionsKilledEnemyJungle": 5,
      "neutralMinionsKilledYourJungle": 4,
      "totalTimeCrowdControlDealt": 373
    }
  },
  "30744229": {
    "gameId": 825983099,
    "invalid": false,
    "gameMode": "CLASSIC",
    "gameType": "MATCHED_GAME",
    "subType": "RANKED_SOLO_5x5",
    "mapId": 1,
    "teamId": 200,
    "championId": 56,
    "spell1": 11,
    "spell2": 4,
    "level": 30,
    "ipEarned": 85,
    "createDate": 1399030703259,
    "fellowPlayers": [
      {
        "summonerId": 20451502,
        "teamId": 200,
        "championId": 92
      },
      {
        "summonerId": 27140683,
        "teamId": 100,
        "championId": 236
      },
      {
        "summonerId": 28182032,
        "teamId": 100,
        "championId": 7
      },
      {
        "summonerId": 20362803,
        "teamId": 200,
        "championId": 115
      },
      {
        "summonerId": 33784953,
        "teamId": 100,
        "championId": 102
      },
      {
        "summonerId": 23826981,
        "teamId": 200,
        "championId": 412
      },
      {
        "summonerId": 32553091,
        "teamId": 100,
        "championId": 53
      },
      {
        "summonerId": 27393259,
        "teamId": 100,
        "championId": 48
      },
      {
        "summonerId": 37549901,
        "teamId": 200,
        "championId": 51
      }
    ],
    "stats": {
      "level": 14,
      "goldEarned": 9596,
      "numDeaths": 5,
      "minionsKilled": 11,
      "championsKilled": 3,
      "goldSpent": 8645,
      "totalDamageDealt": 129691,
      "totalDamageTaken": 27418,
      "team": 200,
      "win": true,
      "neutralMinionsKilled": 93,
      "largestMultiKill": 1,
      "physicalDamageDealtPlayer": 87249,
      "magicDamageDealtPlayer": 26511,
      "physicalDamageTaken": 20989,
      "magicDamageTaken": 5315,
      "timePlayed": 1745,
      "totalHeal": 7726,
      "totalUnitsHealed": 1,
      "assists": 9,
      "item0": 3153,
      "item1": 3160,
      "item2": 1011,
      "item3": 3158,
      "item4": 3082,
      "item6": 3341,
      "sightWardsBought": 3,
      "magicDamageDealtToChampions": 1332,
      "physicalDamageDealtToChampions": 9099,
      "totalDamageDealtToChampions": 11051,
      "trueDamageDealtPlayer": 15931,
      "trueDamageDealtToChampions": 619,
      "trueDamageTaken": 1113,
      "wardKilled": 1,
      "wardPlaced": 8,
      "neutralMinionsKilledEnemyJungle": 14,
      "neutralMinionsKilledYourJungle": 79,
      "totalTimeCrowdControlDealt": 529
    }
  },
  "20451502": {
    "gameId": 825983099,
    "invalid": false,
    "gameMode": "CLASSIC",
    "gameType": "MATCHED_GAME",
    "subType": "RANKED_SOLO_5x5",
    "mapId": 1,
    "teamId": 200,
    "championId": 92,
    "spell1": 4,
    "spell2": 14,
    "level": 30,
    "ipEarned": 85,
    "createDate": 1399030703261,
    "fellowPlayers": [
      {
        "summonerId": 27140683,
        "teamId": 100,
        "championId": 236
      },
      {
        "summonerId": 30744229,
        "teamId": 200,
        "championId": 56
      },
      {
        "summonerId": 28182032,
        "teamId": 100,
        "championId": 7
      },
      {
        "summonerId": 20362803,
        "teamId": 200,
        "championId": 115
      },
      {
        "summonerId": 33784953,
        "teamId": 100,
        "championId": 102
      },
      {
        "summonerId": 23826981,
        "teamId": 200,
        "championId": 412
      },
      {
        "summonerId": 32553091,
        "teamId": 100,
        "championId": 53
      },
      {
        "summonerId": 27393259,
        "teamId": 100,
        "championId": 48
      },
      {
        "summonerId": 37549901,
        "teamId": 200,
        "championId": 51
      }
    ],
    "stats": {
      "level": 15,
      "goldEarned": 10953,
      "numDeaths": 8,
      "barracksKilled": 1,
      "turretsKilled": 1,
      "minionsKilled": 147,
      "championsKilled": 9,
      "goldSpent": 9162,
      "totalDamageDealt": 111633,
      "totalDamageTaken": 20147,
      "doubleKills": 2,
      "killingSprees": 3,
      "largestKillingSpree": 4,
      "team": 200,
      "win": true,
      "neutralMinionsKilled": 21,
      "largestMultiKill": 2,
      "physicalDamageDealtPlayer": 110531,
      "physicalDamageTaken": 15410,
      "magicDamageTaken": 4116,
      "timePlayed": 1745,
      "totalHeal": 1274,
      "totalUnitsHealed": 1,
      "assists": 2,
      "item0": 3074,
      "item1": 1001,
      "item3": 3134,
      "item4": 3072,
      "item5": 1055,
      "item6": 3340,
      "physicalDamageDealtToChampions": 13929,
      "totalDamageDealtToChampions": 14891,
      "trueDamageDealtPlayer": 1102,
      "trueDamageDealtToChampions": 962,
      "trueDamageTaken": 621,
      "wardPlaced": 3,
      "neutralMinionsKilledEnemyJungle": 8,
      "neutralMinionsKilledYourJungle": 13,
      "totalTimeCrowdControlDealt": 95
    }
  },
  "28182032": {
    "gameId": 825983099,
    "invalid": false,
    "gameMode": "CLASSIC",
    "gameType": "MATCHED_GAME",
    "subType": "RANKED_SOLO_5x5",
    "mapId": 1,
    "teamId": 100,
    "championId": 7,
    "spell1": 4,
    "spell2": 14,
    "level": 30,
    "ipEarned": 57,
    "createDate": 1399030703253,
    "fellowPlayers": [
      {
        "summonerId": 20451502,
        "teamId": 200,
        "championId": 92
      },
      {
        "summonerId": 27140683,
        "teamId": 100,
        "championId": 236
      },
      {
        "summonerId": 30744229,
        "teamId": 200,
        "championId": 56
      },
      {
        "summonerId": 20362803,
        "teamId": 200,
        "championId": 115
      },
      {
        "summonerId": 33784953,
        "teamId": 100,
        "championId": 102
      },
      {
        "summonerId": 23826981,
        "teamId": 200,
        "championId": 412
      },
      {
        "summonerId": 32553091,
        "teamId": 100,
        "championId": 53
      },
      {
        "summonerId": 27393259,
        "teamId": 100,
        "championId": 48
      },
      {
        "summonerId": 37549901,
        "teamId": 200,
        "championId": 51
      }
    ],
    "stats": {
      "level": 13,
      "goldEarned": 7994,
      "numDeaths": 9,
      "minionsKilled": 58,
      "championsKilled": 7,
      "goldSpent": 7480,
      "totalDamageDealt": 36205,
      "totalDamageTaken": 18383,
      "killingSprees": 2,
      "largestKillingSpree": 2,
      "team": 100,
      "win": false,
      "neutralMinionsKilled": 2,
      "largestMultiKill": 1,
      "physicalDamageDealtPlayer": 10989,
      "magicDamageDealtPlayer": 24739,
      "physicalDamageTaken": 7465,
      "magicDamageTaken": 9935,
      "timePlayed": 1745,
      "totalHeal": 578,
      "totalUnitsHealed": 1,
      "assists": 5,
      "item0": 1056,
      "item1": 3128,
      "item2": 3020,
      "item3": 1026,
      "item4": 1058,
      "item6": 3340,
      "magicDamageDealtToChampions": 12562,
      "physicalDamageDealtToChampions": 1774,
      "totalDamageDealtToChampions": 14813,
      "trueDamageDealtPlayer": 476,
      "trueDamageDealtToChampions": 476,
      "trueDamageTaken": 982,
      "wardPlaced": 5,
      "neutralMinionsKilledYourJungle": 2,
      "totalTimeCrowdControlDealt": 75
    }
  },
  "27140683": {
    "gameId": 825983099,
    "invalid": false,
    "gameMode": "CLASSIC",
    "gameType": "MATCHED_GAME",
    "subType": "RANKED_SOLO_5x5",
    "mapId": 1,
    "teamId": 100,
    "championId": 236,
    "spell1": 4,
    "spell2": 21,
    "level": 30,
    "ipEarned": 57,
    "createDate": 1399030703251,
    "fellowPlayers": [
      {
        "summonerId": 20451502,
        "teamId": 200,
        "championId": 92
      },
      {
        "summonerId": 30744229,
        "teamId": 200,
        "championId": 56
      },
      {
        "summonerId": 28182032,
        "teamId": 100,
        "championId": 7
      },
      {
        "summonerId": 20362803,
        "teamId": 200,
        "championId": 115
      },
      {
        "summonerId": 33784953,
        "teamId": 100,
        "championId": 102
      },
      {
        "summonerId": 23826981,
        "teamId": 200,
        "championId": 412
      },
      {
        "summonerId": 32553091,
        "teamId": 100,
        "championId": 53
      },
      {
        "summonerId": 27393259,
        "teamId": 100,
        "championId": 48
      },
      {
        "summonerId": 37549901,
        "teamId": 200,
        "championId": 51
      }
    ],
    "stats": {
      "level": 14,
      "goldEarned": 10933,
      "numDeaths": 9,
      "turretsKilled": 2,
      "minionsKilled": 122,
      "championsKilled": 11,
      "goldSpent": 10233,
      "totalDamageDealt": 92116,
      "totalDamageTaken": 22114,
      "doubleKills": 2,
      "killingSprees": 3,
      "largestKillingSpree": 5,
      "team": 100,
      "win": false,
      "neutralMinionsKilled": 11,
      "largestMultiKill": 2,
      "physicalDamageDealtPlayer": 82063,
      "magicDamageDealtPlayer": 9326,
      "physicalDamageTaken": 15854,
      "magicDamageTaken": 6124,
      "largestCriticalStrike": 590,
      "timePlayed": 1745,
      "totalHeal": 582,
      "totalUnitsHealed": 1,
      "assists": 5,
      "item0": 3078,
      "item1": 3072,
      "item2": 3006,
      "item3": 1018,
      "item6": 3340,
      "magicDamageDealtToChampions": 2947,
      "physicalDamageDealtToChampions": 20328,
      "totalDamageDealtToChampions": 23695,
      "trueDamageDealtPlayer": 726,
      "trueDamageDealtToChampions": 420,
      "trueDamageTaken": 136,
      "wardPlaced": 6,
      "neutralMinionsKilledEnemyJungle": 4,
      "neutralMinionsKilledYourJungle": 7,
      "totalTimeCrowdControlDealt": 123
    }
  },
  "32553091": {
    "gameId": 825983099,
    "invalid": false,
    "gameMode": "CLASSIC",
    "gameType": "MATCHED_GAME",
    "subType": "RANKED_SOLO_5x5",
    "mapId": 1,
    "teamId": 100,
    "championId": 53,
    "spell1": 7,
    "spell2": 4,
    "level": 30,
    "ipEarned": 57,
    "createDate": 1399030703256,
    "fellowPlayers": [
      {
        "summonerId": 20451502,
        "teamId": 200,
        "championId": 92
      },
      {
        "summonerId": 27140683,
        "teamId": 100,
        "championId": 236
      },
      {
        "summonerId": 30744229,
        "teamId": 200,
        "championId": 56
      },
      {
        "summonerId": 28182032,
        "teamId": 100,
        "championId": 7
      },
      {
        "summonerId": 20362803,
        "teamId": 200,
        "championId": 115
      },
      {
        "summonerId": 33784953,
        "teamId": 100,
        "championId": 102
      },
      {
        "summonerId": 23826981,
        "teamId": 200,
        "championId": 412
      },
      {
        "summonerId": 27393259,
        "teamId": 100,
        "championId": 48
      },
      {
        "summonerId": 37549901,
        "teamId": 200,
        "championId": 51
      }
    ],
    "stats": {
      "level": 12,
      "goldEarned": 8243,
      "numDeaths": 8,
      "minionsKilled": 7,
      "championsKilled": 3,
      "goldSpent": 7870,
      "totalDamageDealt": 11959,
      "totalDamageTaken": 23028,
      "killingSprees": 1,
      "largestKillingSpree": 2,
      "team": 100,
      "win": false,
      "largestMultiKill": 1,
      "physicalDamageDealtPlayer": 1553,
      "magicDamageDealtPlayer": 10405,
      "physicalDamageTaken": 11729,
      "magicDamageTaken": 10857,
      "timePlayed": 1745,
      "totalHeal": 2343,
      "totalUnitsHealed": 3,
      "assists": 12,
      "item0": 3069,
      "item1": 2045,
      "item2": 3264,
      "item3": 1011,
      "item4": 1031,
      "item6": 3341,
      "sightWardsBought": 4,
      "magicDamageDealtToChampions": 5452,
      "physicalDamageDealtToChampions": 1261,
      "totalDamageDealtToChampions": 6713,
      "trueDamageTaken": 441,
      "wardKilled": 2,
      "wardPlaced": 11,
      "totalTimeCrowdControlDealt": 38
    }
  },
  "20362803": {
    "gameId": 825983099,
    "invalid": false,
    "gameMode": "CLASSIC",
    "gameType": "MATCHED_GAME",
    "subType": "RANKED_SOLO_5x5",
    "mapId": 1,
    "teamId": 200,
    "championId": 115,
    "spell1": 4,
    "spell2": 14,
    "level": 30,
    "ipEarned": 85,
    "createDate": 1399030703258,
    "fellowPlayers": [
      {
        "summonerId": 20451502,
        "teamId": 200,
        "championId": 92
      },
      {
        "summonerId": 27140683,
        "teamId": 100,
        "championId": 236
      },
      {
        "summonerId": 30744229,
        "teamId": 200,
        "championId": 56
      },
      {
        "summonerId": 28182032,
        "teamId": 100,
        "championId": 7
      },
      {
        "summonerId": 33784953,
        "teamId": 100,
        "championId": 102
      },
      {
        "summonerId": 23826981,
        "teamId": 200,
        "championId": 412
      },
      {
        "summonerId": 32553091,
        "teamId": 100,
        "championId": 53
      },
      {
        "summonerId": 27393259,
        "teamId": 100,
        "championId": 48
      },
      {
        "summonerId": 37549901,
        "teamId": 200,
        "championId": 51
      }
    ],
    "stats": {
      "level": 16,
      "goldEarned": 13527,
      "numDeaths": 4,
      "turretsKilled": 1,
      "minionsKilled": 162,
      "championsKilled": 12,
      "goldSpent": 14000,
      "totalDamageDealt": 138861,
      "totalDamageTaken": 12210,
      "doubleKills": 2,
      "killingSprees": 2,
      "largestKillingSpree": 7,
      "team": 200,
      "win": true,
      "neutralMinionsKilled": 8,
      "largestMultiKill": 2,
      "physicalDamageDealtPlayer": 13404,
      "magicDamageDealtPlayer": 123575,
      "physicalDamageTaken": 5822,
      "magicDamageTaken": 5860,
      "timePlayed": 1745,
      "totalHeal": 820,
      "totalUnitsHealed": 1,
      "assists": 14,
      "item0": 3157,
      "item1": 3255,
      "item2": 3174,
      "item3": 1058,
      "item4": 3135,
      "item6": 3340,
      "sightWardsBought": 2,
      "visionWardsBought": 1,
      "magicDamageDealtToChampions": 32706,
      "physicalDamageDealtToChampions": 3241,
      "totalDamageDealtToChampions": 37762,
      "trueDamageDealtPlayer": 1882,
      "trueDamageDealtToChampions": 1814,
      "trueDamageTaken": 527,
      "wardPlaced": 7,
      "neutralMinionsKilledYourJungle": 8,
      "totalTimeCrowdControlDealt": 360
    }
  },
  "33784953": {
    "gameId": 825983099,
    "invalid": false,
    "gameMode": "CLASSIC",
    "gameType": "MATCHED_GAME",
    "subType": "RANKED_SOLO_5x5",
    "mapId": 1,
    "teamId": 100,
    "championId": 102,
    "spell1": 11,
    "spell2": 4,
    "level": 30,
    "ipEarned": 57,
    "createDate": 1399030703250,
    "fellowPlayers": [
      {
        "summonerId": 20451502,
        "teamId": 200,
        "championId": 92
      },
      {
        "summonerId": 27140683,
        "teamId": 100,
        "championId": 236
      },
      {
        "summonerId": 30744229,
        "teamId": 200,
        "championId": 56
      },
      {
        "summonerId": 28182032,
        "teamId": 100,
        "championId": 7
      },
      {
        "summonerId": 20362803,
        "teamId": 200,
        "championId": 115
      },
      {
        "summonerId": 23826981,
        "teamId": 200,
        "championId": 412
      },
      {
        "summonerId": 32553091,
        "teamId": 100,
        "championId": 53
      },
      {
        "summonerId": 27393259,
        "teamId": 100,
        "championId": 48
      },
      {
        "summonerId": 37549901,
        "teamId": 200,
        "championId": 51
      }
    ],
    "stats": {
      "level": 14,
      "goldEarned": 9006,
      "numDeaths": 5,
      "minionsKilled": 38,
      "championsKilled": 4,
      "goldSpent": 7920,
      "totalDamageDealt": 128069,
      "totalDamageTaken": 23311,
      "killingSprees": 1,
      "largestKillingSpree": 2,
      "team": 100,
      "win": false,
      "neutralMinionsKilled": 87,
      "largestMultiKill": 1,
      "physicalDamageDealtPlayer": 39314,
      "magicDamageDealtPlayer": 79051,
      "physicalDamageTaken": 13407,
      "magicDamageTaken": 8892,
      "timePlayed": 1745,
      "totalHeal": 2694,
      "totalUnitsHealed": 1,
      "assists": 4,
      "item0": 3265,
      "item1": 3160,
      "item2": 3153,
      "item3": 1011,
      "item6": 3340,
      "magicDamageDealtToChampions": 4063,
      "physicalDamageDealtToChampions": 2787,
      "totalDamageDealtToChampions": 7111,
      "trueDamageDealtPlayer": 9704,
      "trueDamageDealtToChampions": 260,
      "trueDamageTaken": 1012,
      "wardPlaced": 10,
      "neutralMinionsKilledEnemyJungle": 7,
      "neutralMinionsKilledYourJungle": 80,
      "totalTimeCrowdControlDealt": 489
    }
  }
}