{
  "44683855": {
    "gameId": 825967432,
    "invalid": false,
    "gameMode": "CLASSIC",
    "gameType": "MATCHED_GAME",
    "subType": "RANKED_SOLO_5x5",
    "mapId": 1,
    "teamId": 200,
    "championId": 12,
    "spell1": 4,
    "spell2": 7,
    "level": 30,
    "ipEarned": 51,
    "createDate": 1399028699279,
    "fellowPlayers": [
      {
        "summonerId": 21182022,
        "teamId": 200,
        "championId": 86
      },
      {
        "summonerId": 27519758,
        "teamId": 200,
        "championId": 23
      },
      {
        "summonerId": 28499149,
        "teamId": 100,
        "championId": 266
      },
      {
        "summonerId": 37995627,
        "teamId": 200,
        "championId": 51
      },
      {
        "summonerId": 25977587,
        "teamId": 100,
        "championId": 82
      },
      {
        "summonerId": 38497172,
        "teamId": 100,
        "championId": 44
      },
      {
        "summonerId": 30950493,
        "teamId": 100,
        "championId": 15
      },
      {
        "summonerId": 35497043,
        "teamId": 200,
        "championId": 1
      },
      {
        "summonerId": 38133777,
        "teamId": 100,
        "championId": 2
      }
    ],
    "stats": {
      "level": 10,
      "goldEarned": 3114,
      "numDeaths": 4,
      "turretsKilled": 1,
      "minionsKilled": 6,
      "goldSpent": 2720,
      "totalDamageDealt": 10937,
      "totalDamageTaken": 14998,
      "team": 200,
      "win": false,
      "physicalDamageDealtPlayer": 4367,
      "magicDamageDealtPlayer": 6569,
      "physicalDamageTaken": 11283,
      "magicDamageTaken": 3173,
      "timePlayed": 1245,
      "totalHeal": 6125,
      "totalUnitsHealed": 15,
      "assists": 1,
      "item0": 2049,
      "item1": 1028,
      "item2": 1029,
      "item3": 3301,
      "item4": 1001,
      "item5": 2004,
      "item6": 3340,
      "sightWardsBought": 1,
      "magicDamageDealtToChampions": 1188,
      "physicalDamageDealtToChampions": 937,
      "totalDamageDealtToChampions": 2126,
      "trueDamageTaken": 540,
      "wardPlaced": 15,
      "totalTimeCrowdControlDealt": 74
    }
  },
  "summonerCount": 10,
  "21182022": {
    "gameId": 825967432,
    "invalid": false,
    "gameMode": "CLASSIC",
    "gameType": "MATCHED_GAME",
    "subType": "RANKED_SOLO_5x5",
    "mapId": 1,
    "teamId": 200,
    "championId": 86,
    "spell1": 4,
    "spell2": 12,
    "level": 30,
    "ipEarned": 51,
    "createDate": 1399028699276,
    "fellowPlayers": [
      {
        "summonerId": 27519758,
        "teamId": 200,
        "championId": 23
      },
      {
        "summonerId": 28499149,
        "teamId": 100,
        "championId": 266
      },
      {
        "summonerId": 37995627,
        "teamId": 200,
        "championId": 51
      },
      {
        "summonerId": 25977587,
        "teamId": 100,
        "championId": 82
      },
      {
        "summonerId": 38497172,
        "teamId": 100,
        "championId": 44
      },
      {
        "summonerId": 30950493,
        "teamId": 100,
        "championId": 15
      },
      {
        "summonerId": 35497043,
        "teamId": 200,
        "championId": 1
      },
      {
        "summonerId": 44683855,
        "teamId": 200,
        "championId": 12
      },
      {
        "summonerId": 38133777,
        "teamId": 100,
        "championId": 2
      }
    ],
    "stats": {
      "level": 11,
      "goldEarned": 4360,
      "numDeaths": 3,
      "minionsKilled": 70,
      "championsKilled": 1,
      "goldSpent": 3672,
      "totalDamageDealt": 37968,
      "totalDamageTaken": 15865,
      "team": 200,
      "win": false,
      "largestMultiKill": 1,
      "physicalDamageDealtPlayer": 37273,
      "magicDamageDealtPlayer": 694,
      "physicalDamageTaken": 6270,
      "magicDamageTaken": 2041,
      "timePlayed": 1245,
      "totalHeal": 1127,
      "totalUnitsHealed": 1,
      "item0": 1029,
      "item1": 3009,
      "item2": 1031,
      "item3": 3134,
      "item4": 2003,
      "item6": 3340,
      "magicDamageDealtToChampions": 694,
      "physicalDamageDealtToChampions": 5799,
      "totalDamageDealtToChampions": 6493,
      "trueDamageTaken": 7553,
      "wardPlaced": 1,
      "totalTimeCrowdControlDealt": 37
    }
  },
  "37995627": {
    "gameId": 825967432,
    "invalid": false,
    "gameMode": "CLASSIC",
    "gameType": "MATCHED_GAME",
    "subType": "RANKED_SOLO_5x5",
    "mapId": 1,
    "teamId": 200,
    "championId": 51,
    "spell1": 14,
    "spell2": 4,
    "level": 30,
    "ipEarned": 51,
    "createDate": 1399028699277,
    "fellowPlayers": [
      {
        "summonerId": 21182022,
        "teamId": 200,
        "championId": 86
      },
      {
        "summonerId": 27519758,
        "teamId": 200,
        "championId": 23
      },
      {
        "summonerId": 28499149,
        "teamId": 100,
        "championId": 266
      },
      {
        "summonerId": 25977587,
        "teamId": 100,
        "championId": 82
      },
      {
        "summonerId": 38497172,
        "teamId": 100,
        "championId": 44
      },
      {
        "summonerId": 30950493,
        "teamId": 100,
        "championId": 15
      },
      {
        "summonerId": 35497043,
        "teamId": 200,
        "championId": 1
      },
      {
        "summonerId": 44683855,
        "teamId": 200,
        "championId": 12
      },
      {
        "summonerId": 38133777,
        "teamId": 100,
        "championId": 2
      }
    ],
    "stats": {
      "level": 11,
      "goldEarned": 5909,
      "numDeaths": 5,
      "minionsKilled": 140,
      "championsKilled": 1,
      "goldSpent": 5815,
      "totalDamageDealt": 71289,
      "totalDamageTaken": 10903,
      "team": 200,
      "win": false,
      "neutralMinionsKilled": 2,
      "largestMultiKill": 1,
      "physicalDamageDealtPlayer": 69791,
      "magicDamageDealtPlayer": 1288,
      "physicalDamageTaken": 7929,
      "magicDamageTaken": 2205,
      "largestCriticalStrike": 784,
      "timePlayed": 1245,
      "totalHeal": 636,
      "totalUnitsHealed": 1,
      "item0": 2003,
      "item1": 3031,
      "item2": 2004,
      "item3": 1055,
      "item4": 3006,
      "item5": 1036,
      "item6": 3340,
      "magicDamageDealtToChampions": 935,
      "physicalDamageDealtToChampions": 7356,
      "totalDamageDealtToChampions": 8501,
      "trueDamageDealtPlayer": 210,
      "trueDamageDealtToChampions": 210,
      "trueDamageTaken": 768,
      "wardPlaced": 3,
      "neutralMinionsKilledEnemyJungle": 2,
      "totalTimeCrowdControlDealt": 36
    }
  },
  "35497043": {
    "gameId": 825967432,
    "invalid": false,
    "gameMode": "CLASSIC",
    "gameType": "MATCHED_GAME",
    "subType": "RANKED_SOLO_5x5",
    "mapId": 1,
    "teamId": 200,
    "championId": 1,
    "spell1": 4,
    "spell2": 14,
    "level": 30,
    "ipEarned": 51,
    "createDate": 1399028699280,
    "fellowPlayers": [
      {
        "summonerId": 21182022,
        "teamId": 200,
        "championId": 86
      },
      {
        "summonerId": 27519758,
        "teamId": 200,
        "championId": 23
      },
      {
        "summonerId": 28499149,
        "teamId": 100,
        "championId": 266
      },
      {
        "summonerId": 37995627,
        "teamId": 200,
        "championId": 51
      },
      {
        "summonerId": 25977587,
        "teamId": 100,
        "championId": 82
      },
      {
        "summonerId": 38497172,
        "teamId": 100,
        "championId": 44
      },
      {
        "summonerId": 30950493,
        "teamId": 100,
        "championId": 15
      },
      {
        "summonerId": 44683855,
        "teamId": 200,
        "championId": 12
      },
      {
        "summonerId": 38133777,
        "teamId": 100,
        "championId": 2
      }
    ],
    "stats": {
      "level": 11,
      "goldEarned": 4584,
      "numDeaths": 5,
      "minionsKilled": 45,
      "championsKilled": 2,
      "goldSpent": 3875,
      "totalDamageDealt": 30004,
      "totalDamageTaken": 12574,
      "team": 200,
      "win": false,
      "largestMultiKill": 1,
      "physicalDamageDealtPlayer": 10298,
      "magicDamageDealtPlayer": 19479,
      "physicalDamageTaken": 4883,
      "magicDamageTaken": 7185,
      "timePlayed": 1245,
      "totalHeal": 94,
      "totalUnitsHealed": 1,
      "assists": 1,
      "item0": 1056,
      "item1": 3027,
      "item4": 1001,
      "item6": 3340,
      "magicDamageDealtToChampions": 6698,
      "physicalDamageDealtToChampions": 1045,
      "totalDamageDealtToChampions": 7969,
      "trueDamageDealtPlayer": 226,
      "trueDamageDealtToChampions": 226,
      "trueDamageTaken": 506,
      "wardPlaced": 5,
      "totalTimeCrowdControlDealt": 42
    }
  },
  "27519758": {
    "gameId": 825967432,
    "invalid": false,
    "gameMode": "CLASSIC",
    "gameType": "MATCHED_GAME",
    "subType": "RANKED_SOLO_5x5",
    "mapId": 1,
    "teamId": 200,
    "championId": 23,
    "spell1": 11,
    "spell2": 7,
    "level": 30,
    "ipEarned": 51,
    "createDate": 1399028699278,
    "fellowPlayers": [
      {
        "summonerId": 21182022,
        "teamId": 200,
        "championId": 86
      },
      {
        "summonerId": 28499149,
        "teamId": 100,
        "championId": 266
      },
      {
        "summonerId": 37995627,
        "teamId": 200,
        "championId": 51
      },
      {
        "summonerId": 25977587,
        "teamId": 100,
        "championId": 82
      },
      {
        "summonerId": 38497172,
        "teamId": 100,
        "championId": 44
      },
      {
        "summonerId": 30950493,
        "teamId": 100,
        "championId": 15
      },
      {
        "summonerId": 35497043,
        "teamId": 200,
        "championId": 1
      },
      {
        "summonerId": 44683855,
        "teamId": 200,
        "championId": 12
      },
      {
        "summonerId": 38133777,
        "teamId": 100,
        "championId": 2
      }
    ],
    "stats": {
      "level": 11,
      "goldEarned": 5491,
      "numDeaths": 4,
      "minionsKilled": 24,
      "championsKilled": 2,
      "goldSpent": 5070,
      "totalDamageDealt": 81993,
      "totalDamageTaken": 19252,
      "killingSprees": 1,
      "largestKillingSpree": 2,
      "team": 200,
      "win": false,
      "neutralMinionsKilled": 67,
      "largestMultiKill": 1,
      "physicalDamageDealtPlayer": 63411,
      "magicDamageDealtPlayer": 12390,
      "physicalDamageTaken": 12045,
      "magicDamageTaken": 6338,
      "largestCriticalStrike": 422,
      "timePlayed": 1245,
      "totalHeal": 6068,
      "totalUnitsHealed": 1,
      "assists": 1,
      "item0": 3154,
      "item1": 1001,
      "item2": 1053,
      "item3": 1038,
      "item6": 3340,
      "physicalDamageDealtToChampions": 6656,
      "totalDamageDealtToChampions": 6700,
      "trueDamageDealtPlayer": 6192,
      "trueDamageDealtToChampions": 44,
      "trueDamageTaken": 868,
      "wardPlaced": 7,
      "neutralMinionsKilledEnemyJungle": 3,
      "neutralMinionsKilledYourJungle": 64,
      "totalTimeCrowdControlDealt": 363
    }
  },
  "38133777": {
    "gameId": 825967432,
    "invalid": false,
    "gameMode": "CLASSIC",
    "gameType": "MATCHED_GAME",
    "subType": "RANKED_SOLO_5x5",
    "mapId": 1,
    "teamId": 100,
    "championId": 2,
    "spell1": 7,
    "spell2": 14,
    "level": 30,
    "ipEarned": 76,
    "createDate": 1399028699270,
    "fellowPlayers": [
      {
        "summonerId": 21182022,
        "teamId": 200,
        "championId": 86
      },
      {
        "summonerId": 27519758,
        "teamId": 200,
        "championId": 23
      },
      {
        "summonerId": 28499149,
        "teamId": 100,
        "championId": 266
      },
      {
        "summonerId": 37995627,
        "teamId": 200,
        "championId": 51
      },
      {
        "summonerId": 25977587,
        "teamId": 100,
        "championId": 82
      },
      {
        "summonerId": 38497172,
        "teamId": 100,
        "championId": 44
      },
      {
        "summonerId": 30950493,
        "teamId": 100,
        "championId": 15
      },
      {
        "summonerId": 35497043,
        "teamId": 200,
        "championId": 1
      },
      {
        "summonerId": 44683855,
        "teamId": 200,
        "championId": 12
      }
    ],
    "stats": {
      "level": 15,
      "goldEarned": 8510,
      "numDeaths": 1,
      "turretsKilled": 3,
      "minionsKilled": 157,
      "championsKilled": 3,
      "goldSpent": 7080,
      "totalDamageDealt": 119776,
      "totalDamageTaken": 11046,
      "killingSprees": 1,
      "largestKillingSpree": 3,
      "team": 100,
      "win": true,
      "neutralMinionsKilled": 17,
      "largestMultiKill": 1,
      "physicalDamageDealtPlayer": 106513,
      "magicDamageDealtPlayer": 61,
      "physicalDamageTaken": 10384,
      "magicDamageTaken": 662,
      "timePlayed": 1245,
      "totalHeal": 2313,
      "totalUnitsHealed": 1,
      "item0": 3047,
      "item1": 3074,
      "item2": 3144,
      "item3": 1042,
      "item4": 1042,
      "item6": 3340,
      "magicDamageDealtToChampions": 61,
      "physicalDamageDealtToChampions": 5888,
      "totalDamageDealtToChampions": 14645,
      "trueDamageDealtPlayer": 13201,
      "trueDamageDealtToChampions": 8695,
      "wardPlaced": 2,
      "neutralMinionsKilledEnemyJungle": 17,
      "totalTimeCrowdControlDealt": 430
    }
  },
  "25977587": {
    "gameId": 825967432,
    "invalid": false,
    "gameMode": "CLASSIC",
    "gameType": "MATCHED_GAME",
    "subType": "RANKED_SOLO_5x5",
    "mapId": 1,
    "teamId": 100,
    "championId": 82,
    "spell1": 4,
    "spell2": 14,
    "level": 30,
    "ipEarned": 226,
    "createDate": 1399028699271,
    "fellowPlayers": [
      {
        "summonerId": 21182022,
        "teamId": 200,
        "championId": 86
      },
      {
        "summonerId": 27519758,
        "teamId": 200,
        "championId": 23
      },
      {
        "summonerId": 28499149,
        "teamId": 100,
        "championId": 266
      },
      {
        "summonerId": 37995627,
        "teamId": 200,
        "championId": 51
      },
      {
        "summonerId": 38497172,
        "teamId": 100,
        "championId": 44
      },
      {
        "summonerId": 30950493,
        "teamId": 100,
        "championId": 15
      },
      {
        "summonerId": 35497043,
        "teamId": 200,
        "championId": 1
      },
      {
        "summonerId": 44683855,
        "teamId": 200,
        "championId": 12
      },
      {
        "summonerId": 38133777,
        "teamId": 100,
        "championId": 2
      }
    ],
    "stats": {
      "level": 13,
      "goldEarned": 9191,
      "numDeaths": 2,
      "barracksKilled": 1,
      "turretsKilled": 1,
      "minionsKilled": 129,
      "championsKilled": 8,
      "goldSpent": 7760,
      "totalDamageDealt": 94288,
      "totalDamageTaken": 10156,
      "doubleKills": 2,
      "tripleKills": 1,
      "killingSprees": 2,
      "largestKillingSpree": 5,
      "team": 100,
      "win": true,
      "neutralMinionsKilled": 9,
      "largestMultiKill": 3,
      "physicalDamageDealtPlayer": 14006,
      "magicDamageDealtPlayer": 79605,
      "physicalDamageTaken": 8125,
      "magicDamageTaken": 1986,
      "timePlayed": 1245,
      "totalHeal": 736,
      "totalUnitsHealed": 1,
      "item0": 3083,
      "item1": 3151,
      "item3": 1001,
      "item5": 3145,
      "item6": 3340,
      "sightWardsBought": 3,
      "magicDamageDealtToChampions": 14729,
      "physicalDamageDealtToChampions": 832,
      "totalDamageDealtToChampions": 16237,
      "trueDamageDealtPlayer": 676,
      "trueDamageDealtToChampions": 676,
      "trueDamageTaken": 44,
      "wardPlaced": 8,
      "neutralMinionsKilledEnemyJungle": 9
    }
  },
  "28499149": {
    "gameId": 825967432,
    "invalid": false,
    "gameMode": "CLASSIC",
    "gameType": "MATCHED_GAME",
    "subType": "RANKED_SOLO_5x5",
    "mapId": 1,
    "teamId": 100,
    "championId": 266,
    "spell1": 11,
    "spell2": 4,
    "level": 30,
    "ipEarned": 76,
    "createDate": 1399028699272,
    "fellowPlayers": [
      {
        "summonerId": 21182022,
        "teamId": 200,
        "championId": 86
      },
      {
        "summonerId": 27519758,
        "teamId": 200,
        "championId": 23
      },
      {
        "summonerId": 37995627,
        "teamId": 200,
        "championId": 51
      },
      {
        "summonerId": 25977587,
        "teamId": 100,
        "championId": 82
      },
      {
        "summonerId": 38497172,
        "teamId": 100,
        "championId": 44
      },
      {
        "summonerId": 30950493,
        "teamId": 100,
        "championId": 15
      },
      {
        "summonerId": 35497043,
        "teamId": 200,
        "championId": 1
      },
      {
        "summonerId": 44683855,
        "teamId": 200,
        "championId": 12
      },
      {
        "summonerId": 38133777,
        "teamId": 100,
        "championId": 2
      }
    ],
    "stats": {
      "level": 13,
      "goldEarned": 8294,
      "numDeaths": 2,
      "minionsKilled": 15,
      "championsKilled": 3,
      "goldSpent": 7040,
      "totalDamageDealt": 99849,
      "totalDamageTaken": 17032,
      "doubleKills": 1,
      "killingSprees": 1,
      "largestKillingSpree": 2,
      "team": 100,
      "win": true,
      "neutralMinionsKilled": 78,
      "largestMultiKill": 2,
      "physicalDamageDealtPlayer": 52656,
      "magicDamageDealtPlayer": 37502,
      "physicalDamageTaken": 13720,
      "magicDamageTaken": 2500,
      "timePlayed": 1245,
      "totalHeal": 11540,
      "totalUnitsHealed": 1,
      "assists": 6,
      "item1": 3044,
      "item2": 1001,
      "item3": 1038,
      "item4": 1053,
      "item5": 3154,
      "item6": 3340,
      "magicDamageDealtToChampions": 2131,
      "physicalDamageDealtToChampions": 3481,
      "totalDamageDealtToChampions": 5711,
      "trueDamageDealtPlayer": 9690,
      "trueDamageDealtToChampions": 98,
      "trueDamageTaken": 811,
      "wardPlaced": 1,
      "neutralMinionsKilledEnemyJungle": 10,
      "neutralMinionsKilledYourJungle": 68,
      "totalTimeCrowdControlDealt": 602
    }
  },
  "38497172": {
    "gameId": 825967432,
    "invalid": false,
    "gameMode": "CLASSIC",
    "gameType": "MATCHED_GAME",
    "subType": "RANKED_SOLO_5x5",
    "mapId": 1,
    "teamId": 100,
    "championId": 44,
    "spell1": 14,
    "spell2": 4,
    "level": 30,
    "ipEarned": 76,
    "createDate": 1399028699274,
    "fellowPlayers": [
      {
        "summonerId": 21182022,
        "teamId": 200,
        "championId": 86
      },
      {
        "summonerId": 27519758,
        "teamId": 200,
        "championId": 23
      },
      {
        "summonerId": 28499149,
        "teamId": 100,
        "championId": 266
      },
      {
        "summonerId": 37995627,
        "teamId": 200,
        "championId": 51
      },
      {
        "summonerId": 25977587,
        "teamId": 100,
        "championId": 82
      },
      {
        "summonerId": 30950493,
        "teamId": 100,
        "championId": 15
      },
      {
        "summonerId": 35497043,
        "teamId": 200,
        "championId": 1
      },
      {
        "summonerId": 44683855,
        "teamId": 200,
        "championId": 12
      },
      {
        "summonerId": 38133777,
        "teamId": 100,
        "championId": 2
      }
    ],
    "stats": {
      "level": 11,
      "goldEarned": 6913,
      "minionsKilled": 21,
      "championsKilled": 3,
      "goldSpent": 6780,
      "totalDamageDealt": 19223,
      "totalDamageTaken": 11614,
      "killingSprees": 1,
      "largestKillingSpree": 3,
      "team": 100,
      "win": true,
      "largestMultiKill": 1,
      "physicalDamageDealtPlayer": 6453,
      "magicDamageDealtPlayer": 10697,
      "physicalDamageTaken": 8824,
      "magicDamageTaken": 2700,
      "timePlayed": 1245,
      "totalHeal": 8630,
      "totalUnitsHealed": 4,
      "assists": 10,
      "item0": 3401,
      "item1": 2049,
      "item2": 3047,
      "item3": 3110,
      "item6": 3341,
      "sightWardsBought": 1,
      "magicDamageDealtToChampions": 3694,
      "physicalDamageDealtToChampions": 1386,
      "totalDamageDealtToChampions": 5815,
      "trueDamageDealtPlayer": 2072,
      "trueDamageDealtToChampions": 734,
      "trueDamageTaken": 90,
      "wardKilled": 2,
      "wardPlaced": 11,
      "totalTimeCrowdControlDealt": 20
    }
  },
  "30950493": {
    "gameId": 825967432,
    "invalid": false,
    "gameMode": "CLASSIC",
    "gameType": "MATCHED_GAME",
    "subType": "RANKED_SOLO_5x5",
    "mapId": 1,
    "teamId": 100,
    "championId": 15,
    "spell1": 4,
    "spell2": 7,
    "level": 30,
    "ipEarned": 76,
    "createDate": 1399028699273,
    "fellowPlayers": [
      {
        "summonerId": 21182022,
        "teamId": 200,
        "championId": 86
      },
      {
        "summonerId": 27519758,
        "teamId": 200,
        "championId": 23
      },
      {
        "summonerId": 28499149,
        "teamId": 100,
        "championId": 266
      },
      {
        "summonerId": 37995627,
        "teamId": 200,
        "championId": 51
      },
      {
        "summonerId": 25977587,
        "teamId": 100,
        "championId": 82
      },
      {
        "summonerId": 38497172,
        "teamId": 100,
        "championId": 44
      },
      {
        "summonerId": 35497043,
        "teamId": 200,
        "championId": 1
      },
      {
        "summonerId": 44683855,
        "teamId": 200,
        "championId": 12
      },
      {
        "summonerId": 38133777,
        "teamId": 100,
        "championId": 2
      }
    ],
    "stats": {
      "level": 12,
      "goldEarned": 8555,
      "numDeaths": 1,
      "turretsKilled": 4,
      "minionsKilled": 127,
      "championsKilled": 4,
      "goldSpent": 8055,
      "totalDamageDealt": 78685,
      "totalDamageTaken": 10106,
      "killingSprees": 1,
      "largestKillingSpree": 4,
      "team": 100,
      "win": true,
      "neutralMinionsKilled": 4,
      "largestMultiKill": 1,
      "physicalDamageDealtPlayer": 75806,
      "magicDamageDealtPlayer": 2844,
      "physicalDamageTaken": 8230,
      "magicDamageTaken": 1665,
      "largestCriticalStrike": 404,
      "timePlayed": 1245,
      "totalHeal": 1362,
      "totalUnitsHealed": 2,
      "assists": 6,
      "item0": 3006,
      "item1": 3072,
      "item2": 3087,
      "item3": 1037,
      "item6": 3340,
      "magicDamageDealtToChampions": 327,
      "physicalDamageDealtToChampions": 11819,
      "totalDamageDealtToChampions": 12181,
      "trueDamageDealtPlayer": 34,
      "trueDamageDealtToChampions": 34,
      "trueDamageTaken": 210,
      "wardPlaced": 2,
      "neutralMinionsKilledEnemyJungle": 1,
      "neutralMinionsKilledYourJungle": 3,
      "totalTimeCrowdControlDealt": 45
    }
  }
}