{
  "25193351": {
    "gameId": 825983973,
    "invalid": false,
    "gameMode": "CLASSIC",
    "gameType": "MATCHED_GAME",
    "subType": "RANKED_SOLO_5x5",
    "mapId": 1,
    "teamId": 100,
    "championId": 43,
    "spell1": 4,
    "spell2": 3,
    "level": 30,
    "ipEarned": 242,
    "createDate": 1399031149884,
    "fellowPlayers": [
      {
        "summonerId": 22009468,
        "teamId": 100,
        "championId": 81
      },
      {
        "summonerId": 23239829,
        "teamId": 200,
        "championId": 19
      },
      {
        "summonerId": 21289689,
        "teamId": 200,
        "championId": 76
      },
      {
        "summonerId": 34840298,
        "teamId": 200,
        "championId": 143
      },
      {
        "summonerId": 33346806,
        "teamId": 100,
        "championId": 121
      },
      {
        "summonerId": 32536612,
        "teamId": 200,
        "championId": 98
      },
      {
        "summonerId": 35065765,
        "teamId": 100,
        "championId": 10
      },
      {
        "summonerId": 30062050,
        "teamId": 100,
        "championId": 36
      },
      {
        "summonerId": 23066209,
        "teamId": 200,
        "championId": 51
      }
    ],
    "stats": {
      "level": 14,
      "goldEarned": 10006,
      "numDeaths": 3,
      "minionsKilled": 39,
      "goldSpent": 8910,
      "totalDamageDealt": 40133,
      "totalDamageTaken": 17395,
      "team": 100,
      "win": true,
      "physicalDamageDealtPlayer": 6797,
      "magicDamageDealtPlayer": 33335,
      "physicalDamageTaken": 9508,
      "magicDamageTaken": 6988,
      "timePlayed": 1962,
      "totalHeal": 669,
      "totalUnitsHealed": 2,
      "assists": 14,
      "item0": 3092,
      "item1": 3222,
      "item2": 2045,
      "item3": 1056,
      "item4": 3020,
      "item5": 1028,
      "item6": 3364,
      "sightWardsBought": 2,
      "magicDamageDealtToChampions": 12057,
      "physicalDamageDealtToChampions": 1063,
      "totalDamageDealtToChampions": 13120,
      "trueDamageTaken": 898,
      "wardPlaced": 24,
      "totalTimeCrowdControlDealt": 301
    }
  },
  "summonerCount": 10,
  "35065765": {
    "gameId": 825983973,
    "invalid": false,
    "gameMode": "CLASSIC",
    "gameType": "MATCHED_GAME",
    "subType": "RANKED_SOLO_5x5",
    "mapId": 1,
    "teamId": 100,
    "championId": 10,
    "spell1": 4,
    "spell2": 14,
    "level": 30,
    "ipEarned": 92,
    "createDate": 1399031149888,
    "fellowPlayers": [
      {
        "summonerId": 22009468,
        "teamId": 100,
        "championId": 81
      },
      {
        "summonerId": 23239829,
        "teamId": 200,
        "championId": 19
      },
      {
        "summonerId": 21289689,
        "teamId": 200,
        "championId": 76
      },
      {
        "summonerId": 34840298,
        "teamId": 200,
        "championId": 143
      },
      {
        "summonerId": 33346806,
        "teamId": 100,
        "championId": 121
      },
      {
        "summonerId": 32536612,
        "teamId": 200,
        "championId": 98
      },
      {
        "summonerId": 30062050,
        "teamId": 100,
        "championId": 36
      },
      {
        "summonerId": 23066209,
        "teamId": 200,
        "championId": 51
      },
      {
        "summonerId": 25193351,
        "teamId": 100,
        "championId": 43
      }
    ],
    "stats": {
      "level": 17,
      "goldEarned": 14459,
      "numDeaths": 2,
      "turretsKilled": 3,
      "minionsKilled": 200,
      "championsKilled": 12,
      "goldSpent": 12410,
      "totalDamageDealt": 181373,
      "totalDamageTaken": 20420,
      "doubleKills": 2,
      "killingSprees": 2,
      "largestKillingSpree": 8,
      "team": 100,
      "win": true,
      "neutralMinionsKilled": 39,
      "largestMultiKill": 2,
      "physicalDamageDealtPlayer": 46139,
      "magicDamageDealtPlayer": 132885,
      "physicalDamageTaken": 9306,
      "magicDamageTaken": 10802,
      "timePlayed": 1962,
      "totalHeal": 17811,
      "totalUnitsHealed": 5,
      "assists": 7,
      "item0": 1056,
      "item1": 3089,
      "item2": 3115,
      "item3": 3255,
      "item4": 3100,
      "item5": 1011,
      "item6": 3340,
      "sightWardsBought": 1,
      "magicDamageDealtToChampions": 15600,
      "physicalDamageDealtToChampions": 4271,
      "totalDamageDealtToChampions": 21760,
      "trueDamageDealtPlayer": 2348,
      "trueDamageDealtToChampions": 1888,
      "trueDamageTaken": 312,
      "wardPlaced": 13,
      "neutralMinionsKilledEnemyJungle": 8,
      "neutralMinionsKilledYourJungle": 31,
      "totalTimeCrowdControlDealt": 327
    }
  },
  "23066209": {
    "gameId": 825983973,
    "invalid": false,
    "gameMode": "CLASSIC",
    "gameType": "MATCHED_GAME",
    "subType": "RANKED_SOLO_5x5",
    "mapId": 1,
    "teamId": 200,
    "championId": 51,
    "spell1": 4,
    "spell2": 7,
    "level": 30,
    "ipEarned": 61,
    "createDate": 1399031149889,
    "fellowPlayers": [
      {
        "summonerId": 22009468,
        "teamId": 100,
        "championId": 81
      },
      {
        "summonerId": 23239829,
        "teamId": 200,
        "championId": 19
      },
      {
        "summonerId": 21289689,
        "teamId": 200,
        "championId": 76
      },
      {
        "summonerId": 34840298,
        "teamId": 200,
        "championId": 143
      },
      {
        "summonerId": 33346806,
        "teamId": 100,
        "championId": 121
      },
      {
        "summonerId": 32536612,
        "teamId": 200,
        "championId": 98
      },
      {
        "summonerId": 35065765,
        "teamId": 100,
        "championId": 10
      },
      {
        "summonerId": 30062050,
        "teamId": 100,
        "championId": 36
      },
      {
        "summonerId": 25193351,
        "teamId": 100,
        "championId": 43
      }
    ],
    "stats": {
      "level": 15,
      "goldEarned": 11956,
      "numDeaths": 3,
      "turretsKilled": 1,
      "minionsKilled": 234,
      "championsKilled": 4,
      "goldSpent": 11315,
      "totalDamageDealt": 154196,
      "totalDamageTaken": 20674,
      "killingSprees": 1,
      "largestKillingSpree": 4,
      "team": 200,
      "win": false,
      "neutralMinionsKilled": 6,
      "largestMultiKill": 1,
      "physicalDamageDealtPlayer": 151890,
      "magicDamageDealtPlayer": 2306,
      "physicalDamageTaken": 12551,
      "magicDamageTaken": 7612,
      "largestCriticalStrike": 1036,
      "timePlayed": 1962,
      "totalHeal": 3216,
      "totalUnitsHealed": 4,
      "assists": 7,
      "item0": 3031,
      "item1": 3072,
      "item2": 3006,
      "item3": 3046,
      "item6": 3340,
      "magicDamageDealtToChampions": 2001,
      "physicalDamageDealtToChampions": 20199,
      "totalDamageDealtToChampions": 22201,
      "trueDamageTaken": 510,
      "wardKilled": 1,
      "wardPlaced": 7,
      "neutralMinionsKilledEnemyJungle": 3,
      "neutralMinionsKilledYourJungle": 3,
      "totalTimeCrowdControlDealt": 51
    }
  },
  "23239829": {
    "gameId": 825983973,
    "invalid": false,
    "gameMode": "CLASSIC",
    "gameType": "MATCHED_GAME",
    "subType": "RANKED_SOLO_5x5",
    "mapId": 1,
    "teamId": 200,
    "championId": 19,
    "spell1": 11,
    "spell2": 6,
    "level": 30,
    "ipEarned": 61,
    "createDate": 1399031149892,
    "fellowPlayers": [
      {
        "summonerId": 22009468,
        "teamId": 100,
        "championId": 81
      },
      {
        "summonerId": 21289689,
        "teamId": 200,
        "championId": 76
      },
      {
        "summonerId": 34840298,
        "teamId": 200,
        "championId": 143
      },
      {
        "summonerId": 33346806,
        "teamId": 100,
        "championId": 121
      },
      {
        "summonerId": 32536612,
        "teamId": 200,
        "championId": 98
      },
      {
        "summonerId": 35065765,
        "teamId": 100,
        "championId": 10
      },
      {
        "summonerId": 30062050,
        "teamId": 100,
        "championId": 36
      },
      {
        "summonerId": 23066209,
        "teamId": 200,
        "championId": 51
      },
      {
        "summonerId": 25193351,
        "teamId": 100,
        "championId": 43
      }
    ],
    "stats": {
      "level": 14,
      "goldEarned": 8764,
      "numDeaths": 6,
      "minionsKilled": 31,
      "championsKilled": 2,
      "goldSpent": 8270,
      "totalDamageDealt": 128790,
      "totalDamageTaken": 34442,
      "team": 200,
      "win": false,
      "neutralMinionsKilled": 82,
      "largestMultiKill": 1,
      "physicalDamageDealtPlayer": 52113,
      "magicDamageDealtPlayer": 62722,
      "physicalDamageTaken": 20440,
      "magicDamageTaken": 12197,
      "timePlayed": 1962,
      "totalHeal": 15813,
      "totalUnitsHealed": 1,
      "assists": 2,
      "item0": 3160,
      "item2": 3026,
      "item4": 3068,
      "item5": 3047,
      "item6": 3341,
      "magicDamageDealtToChampions": 5355,
      "physicalDamageDealtToChampions": 1892,
      "totalDamageDealtToChampions": 7750,
      "trueDamageDealtPlayer": 13954,
      "trueDamageDealtToChampions": 502,
      "trueDamageTaken": 1804,
      "wardKilled": 3,
      "wardPlaced": 7,
      "neutralMinionsKilledEnemyJungle": 11,
      "neutralMinionsKilledYourJungle": 71,
      "totalTimeCrowdControlDealt": 690
    }
  },
  "21289689": {
    "gameId": 825983973,
    "invalid": false,
    "gameMode": "CLASSIC",
    "gameType": "MATCHED_GAME",
    "subType": "RANKED_SOLO_5x5",
    "mapId": 1,
    "teamId": 200,
    "championId": 76,
    "spell1": 4,
    "spell2": 7,
    "level": 30,
    "ipEarned": 61,
    "createDate": 1399031149890,
    "fellowPlayers": [
      {
        "summonerId": 22009468,
        "teamId": 100,
        "championId": 81
      },
      {
        "summonerId": 23239829,
        "teamId": 200,
        "championId": 19
      },
      {
        "summonerId": 34840298,
        "teamId": 200,
        "championId": 143
      },
      {
        "summonerId": 33346806,
        "teamId": 100,
        "championId": 121
      },
      {
        "summonerId": 32536612,
        "teamId": 200,
        "championId": 98
      },
      {
        "summonerId": 35065765,
        "teamId": 100,
        "championId": 10
      },
      {
        "summonerId": 30062050,
        "teamId": 100,
        "championId": 36
      },
      {
        "summonerId": 23066209,
        "teamId": 200,
        "championId": 51
      },
      {
        "summonerId": 25193351,
        "teamId": 100,
        "championId": 43
      }
    ],
    "stats": {
      "level": 15,
      "goldEarned": 9783,
      "numDeaths": 4,
      "turretsKilled": 1,
      "minionsKilled": 170,
      "championsKilled": 3,
      "goldSpent": 8735,
      "totalDamageDealt": 112319,
      "totalDamageTaken": 19597,
      "killingSprees": 1,
      "largestKillingSpree": 2,
      "team": 200,
      "win": false,
      "neutralMinionsKilled": 5,
      "largestMultiKill": 1,
      "physicalDamageDealtPlayer": 27360,
      "magicDamageDealtPlayer": 84482,
      "physicalDamageTaken": 12526,
      "magicDamageTaken": 6077,
      "timePlayed": 1962,
      "totalHeal": 7841,
      "totalUnitsHealed": 4,
      "assists": 2,
      "item0": 1056,
      "item1": 3174,
      "item2": 2003,
      "item3": 3020,
      "item4": 3089,
      "item5": 1026,
      "item6": 3340,
      "sightWardsBought": 4,
      "magicDamageDealtToChampions": 15138,
      "physicalDamageDealtToChampions": 1056,
      "totalDamageDealtToChampions": 16194,
      "trueDamageDealtPlayer": 476,
      "trueDamageTaken": 993,
      "wardPlaced": 12,
      "neutralMinionsKilledYourJungle": 5,
      "totalTimeCrowdControlDealt": 63
    }
  },
  "34840298": {
    "gameId": 825983973,
    "invalid": false,
    "gameMode": "CLASSIC",
    "gameType": "MATCHED_GAME",
    "subType": "RANKED_SOLO_5x5",
    "mapId": 1,
    "teamId": 200,
    "championId": 143,
    "spell1": 14,
    "spell2": 4,
    "level": 30,
    "ipEarned": 61,
    "createDate": 1399031149894,
    "fellowPlayers": [
      {
        "summonerId": 22009468,
        "teamId": 100,
        "championId": 81
      },
      {
        "summonerId": 23239829,
        "teamId": 200,
        "championId": 19
      },
      {
        "summonerId": 21289689,
        "teamId": 200,
        "championId": 76
      },
      {
        "summonerId": 33346806,
        "teamId": 100,
        "championId": 121
      },
      {
        "summonerId": 32536612,
        "teamId": 200,
        "championId": 98
      },
      {
        "summonerId": 35065765,
        "teamId": 100,
        "championId": 10
      },
      {
        "summonerId": 30062050,
        "teamId": 100,
        "championId": 36
      },
      {
        "summonerId": 23066209,
        "teamId": 200,
        "championId": 51
      },
      {
        "summonerId": 25193351,
        "teamId": 100,
        "championId": 43
      }
    ],
    "stats": {
      "level": 13,
      "goldEarned": 7994,
      "numDeaths": 7,
      "minionsKilled": 25,
      "championsKilled": 1,
      "goldSpent": 7990,
      "totalDamageDealt": 31031,
      "totalDamageTaken": 20583,
      "team": 200,
      "win": false,
      "largestMultiKill": 1,
      "physicalDamageDealtPlayer": 4208,
      "magicDamageDealtPlayer": 23668,
      "physicalDamageTaken": 10153,
      "magicDamageTaken": 10021,
      "timePlayed": 1962,
      "totalHeal": 759,
      "totalUnitsHealed": 1,
      "assists": 5,
      "item0": 2049,
      "item1": 3136,
      "item2": 1026,
      "item3": 1058,
      "item4": 3098,
      "item5": 3270,
      "item6": 3341,
      "sightWardsBought": 1,
      "visionWardsBought": 1,
      "magicDamageDealtToChampions": 11838,
      "physicalDamageDealtToChampions": 1476,
      "totalDamageDealtToChampions": 16189,
      "trueDamageDealtPlayer": 3155,
      "trueDamageDealtToChampions": 2875,
      "trueDamageTaken": 408,
      "wardKilled": 2,
      "wardPlaced": 19,
      "totalTimeCrowdControlDealt": 302
    }
  },
  "32536612": {
    "gameId": 825983973,
    "invalid": false,
    "gameMode": "CLASSIC",
    "gameType": "MATCHED_GAME",
    "subType": "RANKED_SOLO_5x5",
    "mapId": 1,
    "teamId": 200,
    "championId": 98,
    "spell1": 4,
    "spell2": 14,
    "level": 30,
    "ipEarned": 61,
    "createDate": 1399031149893,
    "fellowPlayers": [
      {
        "summonerId": 22009468,
        "teamId": 100,
        "championId": 81
      },
      {
        "summonerId": 23239829,
        "teamId": 200,
        "championId": 19
      },
      {
        "summonerId": 21289689,
        "teamId": 200,
        "championId": 76
      },
      {
        "summonerId": 34840298,
        "teamId": 200,
        "championId": 143
      },
      {
        "summonerId": 33346806,
        "teamId": 100,
        "championId": 121
      },
      {
        "summonerId": 35065765,
        "teamId": 100,
        "championId": 10
      },
      {
        "summonerId": 30062050,
        "teamId": 100,
        "championId": 36
      },
      {
        "summonerId": 23066209,
        "teamId": 200,
        "championId": 51
      },
      {
        "summonerId": 25193351,
        "teamId": 100,
        "championId": 43
      }
    ],
    "stats": {
      "level": 16,
      "goldEarned": 11191,
      "numDeaths": 6,
      "turretsKilled": 1,
      "minionsKilled": 217,
      "championsKilled": 4,
      "goldSpent": 12318,
      "totalDamageDealt": 110898,
      "totalDamageTaken": 29580,
      "team": 200,
      "win": false,
      "neutralMinionsKilled": 9,
      "largestMultiKill": 1,
      "physicalDamageDealtPlayer": 39913,
      "magicDamageDealtPlayer": 70118,
      "physicalDamageTaken": 16275,
      "magicDamageTaken": 12275,
      "largestCriticalStrike": 316,
      "timePlayed": 1962,
      "totalHeal": 2752,
      "totalUnitsHealed": 1,
      "assists": 5,
      "item0": 1054,
      "item1": 3078,
      "item2": 3111,
      "item3": 3068,
      "item4": 3065,
      "item6": 3340,
      "magicDamageDealtToChampions": 10176,
      "physicalDamageDealtToChampions": 2480,
      "totalDamageDealtToChampions": 13355,
      "trueDamageDealtPlayer": 866,
      "trueDamageDealtToChampions": 698,
      "trueDamageTaken": 1029,
      "wardPlaced": 6,
      "neutralMinionsKilledEnemyJungle": 2,
      "neutralMinionsKilledYourJungle": 7,
      "totalTimeCrowdControlDealt": 62
    }
  },
  "22009468": {
    "gameId": 825983973,
    "invalid": false,
    "gameMode": "CLASSIC",
    "gameType": "MATCHED_GAME",
    "subType": "RANKED_SOLO_5x5",
    "mapId": 1,
    "teamId": 100,
    "championId": 81,
    "spell1": 7,
    "spell2": 4,
    "level": 30,
    "ipEarned": 242,
    "createDate": 1399031149886,
    "fellowPlayers": [
      {
        "summonerId": 23239829,
        "teamId": 200,
        "championId": 19
      },
      {
        "summonerId": 21289689,
        "teamId": 200,
        "championId": 76
      },
      {
        "summonerId": 34840298,
        "teamId": 200,
        "championId": 143
      },
      {
        "summonerId": 33346806,
        "teamId": 100,
        "championId": 121
      },
      {
        "summonerId": 32536612,
        "teamId": 200,
        "championId": 98
      },
      {
        "summonerId": 35065765,
        "teamId": 100,
        "championId": 10
      },
      {
        "summonerId": 30062050,
        "teamId": 100,
        "championId": 36
      },
      {
        "summonerId": 23066209,
        "teamId": 200,
        "championId": 51
      },
      {
        "summonerId": 25193351,
        "teamId": 100,
        "championId": 43
      }
    ],
    "stats": {
      "level": 17,
      "goldEarned": 13805,
      "numDeaths": 4,
      "barracksKilled": 2,
      "turretsKilled": 3,
      "minionsKilled": 228,
      "championsKilled": 6,
      "goldSpent": 11328,
      "totalDamageDealt": 144538,
      "totalDamageTaken": 22034,
      "killingSprees": 2,
      "largestKillingSpree": 4,
      "team": 100,
      "win": true,
      "neutralMinionsKilled": 8,
      "largestMultiKill": 1,
      "physicalDamageDealtPlayer": 119539,
      "magicDamageDealtPlayer": 23430,
      "physicalDamageTaken": 12961,
      "magicDamageTaken": 8717,
      "largestCriticalStrike": 675,
      "timePlayed": 1962,
      "totalHeal": 3758,
      "totalUnitsHealed": 3,
      "assists": 11,
      "item0": 1055,
      "item1": 3072,
      "item2": 3277,
      "item3": 3078,
      "item4": 3035,
      "item6": 3340,
      "magicDamageDealtToChampions": 4951,
      "physicalDamageDealtToChampions": 20680,
      "totalDamageDealtToChampions": 26781,
      "trueDamageDealtPlayer": 1569,
      "trueDamageDealtToChampions": 1150,
      "trueDamageTaken": 356,
      "wardPlaced": 6,
      "neutralMinionsKilledEnemyJungle": 4,
      "neutralMinionsKilledYourJungle": 4,
      "totalTimeCrowdControlDealt": 309
    }
  },
  "30062050": {
    "gameId": 825983973,
    "invalid": false,
    "gameMode": "CLASSIC",
    "gameType": "MATCHED_GAME",
    "subType": "RANKED_SOLO_5x5",
    "mapId": 1,
    "teamId": 100,
    "championId": 36,
    "spell1": 4,
    "spell2": 12,
    "level": 30,
    "ipEarned": 242,
    "createDate": 1399031149887,
    "fellowPlayers": [
      {
        "summonerId": 22009468,
        "teamId": 100,
        "championId": 81
      },
      {
        "summonerId": 23239829,
        "teamId": 200,
        "championId": 19
      },
      {
        "summonerId": 21289689,
        "teamId": 200,
        "championId": 76
      },
      {
        "summonerId": 34840298,
        "teamId": 200,
        "championId": 143
      },
      {
        "summonerId": 33346806,
        "teamId": 100,
        "championId": 121
      },
      {
        "summonerId": 32536612,
        "teamId": 200,
        "championId": 98
      },
      {
        "summonerId": 35065765,
        "teamId": 100,
        "championId": 10
      },
      {
        "summonerId": 23066209,
        "teamId": 200,
        "championId": 51
      },
      {
        "summonerId": 25193351,
        "teamId": 100,
        "championId": 43
      }
    ],
    "stats": {
      "level": 16,
      "goldEarned": 10985,
      "numDeaths": 2,
      "turretsKilled": 2,
      "minionsKilled": 165,
      "championsKilled": 1,
      "goldSpent": 10120,
      "totalDamageDealt": 94192,
      "totalDamageTaken": 24483,
      "team": 100,
      "win": true,
      "largestMultiKill": 1,
      "physicalDamageDealtPlayer": 29210,
      "magicDamageDealtPlayer": 64981,
      "physicalDamageTaken": 10941,
      "magicDamageTaken": 11421,
      "timePlayed": 1962,
      "totalHeal": 7901,
      "totalUnitsHealed": 1,
      "assists": 11,
      "item0": 3065,
      "item1": 3083,
      "item2": 3068,
      "item3": 3047,
      "item4": 1028,
      "item6": 3340,
      "magicDamageDealtToChampions": 14198,
      "physicalDamageDealtToChampions": 3363,
      "totalDamageDealtToChampions": 17561,
      "trueDamageTaken": 2120,
      "wardPlaced": 7,
      "totalTimeCrowdControlDealt": 261
    }
  },
  "33346806": {
    "gameId": 825983973,
    "invalid": false,
    "gameMode": "CLASSIC",
    "gameType": "MATCHED_GAME",
    "subType": "RANKED_SOLO_5x5",
    "mapId": 1,
    "teamId": 100,
    "championId": 121,
    "spell1": 4,
    "spell2": 11,
    "level": 30,
    "ipEarned": 92,
    "createDate": 1399031149883,
    "fellowPlayers": [
      {
        "summonerId": 22009468,
        "teamId": 100,
        "championId": 81
      },
      {
        "summonerId": 23239829,
        "teamId": 200,
        "championId": 19
      },
      {
        "summonerId": 21289689,
        "teamId": 200,
        "championId": 76
      },
      {
        "summonerId": 34840298,
        "teamId": 200,
        "championId": 143
      },
      {
        "summonerId": 32536612,
        "teamId": 200,
        "championId": 98
      },
      {
        "summonerId": 35065765,
        "teamId": 100,
        "championId": 10
      },
      {
        "summonerId": 30062050,
        "teamId": 100,
        "championId": 36
      },
      {
        "summonerId": 23066209,
        "teamId": 200,
        "championId": 51
      },
      {
        "summonerId": 25193351,
        "teamId": 100,
        "championId": 43
      }
    ],
    "stats": {
      "level": 17,
      "goldEarned": 12038,
      "numDeaths": 3,
      "minionsKilled": 11,
      "championsKilled": 7,
      "goldSpent": 10270,
      "totalDamageDealt": 171091,
      "totalDamageTaken": 29329,
      "killingSprees": 3,
      "largestKillingSpree": 3,
      "team": 100,
      "win": true,
      "neutralMinionsKilled": 117,
      "largestMultiKill": 1,
      "physicalDamageDealtPlayer": 145381,
      "magicDamageDealtPlayer": 2149,
      "physicalDamageTaken": 21799,
      "magicDamageTaken": 6814,
      "timePlayed": 1962,
      "totalHeal": 10569,
      "totalUnitsHealed": 1,
      "assists": 6,
      "item0": 3143,
      "item1": 3209,
      "item2": 3155,
      "item3": 3111,
      "item4": 3035,
      "item6": 3340,
      "magicDamageDealtToChampions": 1377,
      "physicalDamageDealtToChampions": 13665,
      "totalDamageDealtToChampions": 16091,
      "trueDamageDealtPlayer": 23560,
      "trueDamageDealtToChampions": 1049,
      "trueDamageTaken": 715,
      "wardPlaced": 5,
      "neutralMinionsKilledEnemyJungle": 25,
      "neutralMinionsKilledYourJungle": 92,
      "totalTimeCrowdControlDealt": 912
    }
  }
}