{
  "19370735": {
    "gameId": 825965505,
    "invalid": false,
    "gameMode": "CLASSIC",
    "gameType": "MATCHED_GAME",
    "subType": "NORMAL",
    "mapId": 1,
    "teamId": 100,
    "championId": 222,
    "spell1": 4,
    "spell2": 7,
    "level": 30,
    "ipEarned": 226,
    "createDate": 1399028772824,
    "fellowPlayers": [
      {
        "summonerId": 30404866,
        "teamId": 100,
        "championId": 105
      },
      {
        "summonerId": 37423087,
        "teamId": 100,
        "championId": 107
      },
      {
        "summonerId": 22067337,
        "teamId": 200,
        "championId": 104
      },
      {
        "summonerId": 24943155,
        "teamId": 100,
        "championId": 64
      },
      {
        "summonerId": 36705114,
        "teamId": 200,
        "championId": 45
      },
      {
        "summonerId": 24924502,
        "teamId": 200,
        "championId": 111
      },
      {
        "summonerId": 42320977,
        "teamId": 200,
        "championId": 75
      },
      {
        "summonerId": 24903545,
        "teamId": 200,
        "championId": 11
      },
      {
        "summonerId": 40712329,
        "teamId": 100,
        "championId": 117
      }
    ],
    "stats": {
      "level": 11,
      "goldEarned": 7578,
      "numDeaths": 1,
      "minionsKilled": 80,
      "championsKilled": 9,
      "goldSpent": 5210,
      "totalDamageDealt": 55409,
      "totalDamageTaken": 9627,
      "doubleKills": 1,
      "killingSprees": 1,
      "largestKillingSpree": 8,
      "team": 100,
      "win": true,
      "neutralMinionsKilled": 6,
      "largestMultiKill": 2,
      "physicalDamageDealtPlayer": 52907,
      "magicDamageDealtPlayer": 2046,
      "physicalDamageTaken": 8199,
      "magicDamageTaken": 1044,
      "largestCriticalStrike": 407,
      "timePlayed": 1257,
      "totalHeal": 1583,
      "totalUnitsHealed": 3,
      "assists": 6,
      "item0": 1055,
      "item1": 3072,
      "item2": 1001,
      "item3": 3086,
      "item6": 3340,
      "magicDamageDealtToChampions": 836,
      "physicalDamageDealtToChampions": 16638,
      "totalDamageDealtToChampions": 17754,
      "trueDamageDealtPlayer": 456,
      "trueDamageDealtToChampions": 280,
      "trueDamageTaken": 384,
      "wardPlaced": 1,
      "neutralMinionsKilledEnemyJungle": 6,
      "totalTimeCrowdControlDealt": 161
    }
  },
  "summonerCount": 10,
  "36705114": {
    "gameId": 825965505,
    "invalid": false,
    "gameMode": "CLASSIC",
    "gameType": "MATCHED_GAME",
    "subType": "NORMAL",
    "mapId": 1,
    "teamId": 200,
    "championId": 45,
    "spell1": 4,
    "spell2": 14,
    "level": 22,
    "ipEarned": 51,
    "createDate": 1399028772829,
    "fellowPlayers": [
      {
        "summonerId": 30404866,
        "teamId": 100,
        "championId": 105
      },
      {
        "summonerId": 37423087,
        "teamId": 100,
        "championId": 107
      },
      {
        "summonerId": 19370735,
        "teamId": 100,
        "championId": 222
      },
      {
        "summonerId": 22067337,
        "teamId": 200,
        "championId": 104
      },
      {
        "summonerId": 24943155,
        "teamId": 100,
        "championId": 64
      },
      {
        "summonerId": 24924502,
        "teamId": 200,
        "championId": 111
      },
      {
        "summonerId": 42320977,
        "teamId": 200,
        "championId": 75
      },
      {
        "summonerId": 24903545,
        "teamId": 200,
        "championId": 11
      },
      {
        "summonerId": 40712329,
        "teamId": 100,
        "championId": 117
      }
    ],
    "stats": {
      "level": 11,
      "goldEarned": 4343,
      "numDeaths": 7,
      "minionsKilled": 50,
      "championsKilled": 2,
      "goldSpent": 3895,
      "totalDamageDealt": 27124,
      "totalDamageTaken": 10820,
      "team": 200,
      "win": false,
      "largestMultiKill": 1,
      "physicalDamageDealtPlayer": 13922,
      "magicDamageDealtPlayer": 13202,
      "physicalDamageTaken": 4635,
      "magicDamageTaken": 5758,
      "timePlayed": 1257,
      "totalHeal": 35,
      "totalUnitsHealed": 1,
      "item0": 1056,
      "item1": 3128,
      "item2": 1001,
      "item6": 3340,
      "magicDamageDealtToChampions": 5269,
      "physicalDamageDealtToChampions": 528,
      "totalDamageDealtToChampions": 5797,
      "trueDamageTaken": 426,
      "wardPlaced": 6,
      "totalTimeCrowdControlDealt": 21
    }
  },
  "24943155": {
    "gameId": 825965505,
    "invalid": false,
    "gameMode": "CLASSIC",
    "gameType": "MATCHED_GAME",
    "subType": "NORMAL",
    "mapId": 1,
    "teamId": 100,
    "championId": 64,
    "spell1": 11,
    "spell2": 4,
    "level": 30,
    "ipEarned": 226,
    "createDate": 1399028772825,
    "fellowPlayers": [
      {
        "summonerId": 30404866,
        "teamId": 100,
        "championId": 105
      },
      {
        "summonerId": 37423087,
        "teamId": 100,
        "championId": 107
      },
      {
        "summonerId": 19370735,
        "teamId": 100,
        "championId": 222
      },
      {
        "summonerId": 22067337,
        "teamId": 200,
        "championId": 104
      },
      {
        "summonerId": 36705114,
        "teamId": 200,
        "championId": 45
      },
      {
        "summonerId": 24924502,
        "teamId": 200,
        "championId": 111
      },
      {
        "summonerId": 42320977,
        "teamId": 200,
        "championId": 75
      },
      {
        "summonerId": 24903545,
        "teamId": 200,
        "championId": 11
      },
      {
        "summonerId": 40712329,
        "teamId": 100,
        "championId": 117
      }
    ],
    "stats": {
      "level": 11,
      "goldEarned": 6371,
      "numDeaths": 4,
      "minionsKilled": 23,
      "championsKilled": 2,
      "goldSpent": 5585,
      "totalDamageDealt": 52260,
      "totalDamageTaken": 13112,
      "team": 100,
      "win": true,
      "neutralMinionsKilled": 34,
      "largestMultiKill": 1,
      "physicalDamageDealtPlayer": 36421,
      "magicDamageDealtPlayer": 10237,
      "physicalDamageTaken": 10448,
      "magicDamageTaken": 2347,
      "timePlayed": 1257,
      "totalHeal": 1498,
      "totalUnitsHealed": 1,
      "assists": 10,
      "item0": 3077,
      "item1": 1011,
      "item2": 3207,
      "item3": 1001,
      "item4": 2044,
      "item6": 3340,
      "sightWardsBought": 2,
      "magicDamageDealtToChampions": 910,
      "physicalDamageDealtToChampions": 4646,
      "totalDamageDealtToChampions": 5612,
      "trueDamageDealtPlayer": 5602,
      "trueDamageDealtToChampions": 56,
      "trueDamageTaken": 317,
      "wardPlaced": 7,
      "neutralMinionsKilledEnemyJungle": 10,
      "neutralMinionsKilledYourJungle": 24,
      "totalTimeCrowdControlDealt": 439
    }
  },
  "37423087": {
    "gameId": 825965505,
    "invalid": false,
    "gameMode": "CLASSIC",
    "gameType": "MATCHED_GAME",
    "subType": "NORMAL",
    "mapId": 1,
    "teamId": 100,
    "championId": 107,
    "spell1": 14,
    "spell2": 4,
    "level": 30,
    "ipEarned": 226,
    "createDate": 1399028772827,
    "fellowPlayers": [
      {
        "summonerId": 30404866,
        "teamId": 100,
        "championId": 105
      },
      {
        "summonerId": 19370735,
        "teamId": 100,
        "championId": 222
      },
      {
        "summonerId": 22067337,
        "teamId": 200,
        "championId": 104
      },
      {
        "summonerId": 24943155,
        "teamId": 100,
        "championId": 64
      },
      {
        "summonerId": 36705114,
        "teamId": 200,
        "championId": 45
      },
      {
        "summonerId": 24924502,
        "teamId": 200,
        "championId": 111
      },
      {
        "summonerId": 42320977,
        "teamId": 200,
        "championId": 75
      },
      {
        "summonerId": 24903545,
        "teamId": 200,
        "championId": 11
      },
      {
        "summonerId": 40712329,
        "teamId": 100,
        "championId": 117
      }
    ],
    "stats": {
      "level": 13,
      "goldEarned": 7845,
      "minionsKilled": 139,
      "championsKilled": 5,
      "goldSpent": 6580,
      "totalDamageDealt": 77620,
      "totalDamageTaken": 8173,
      "killingSprees": 1,
      "largestKillingSpree": 5,
      "team": 100,
      "win": true,
      "neutralMinionsKilled": 8,
      "largestMultiKill": 1,
      "physicalDamageDealtPlayer": 63717,
      "magicDamageDealtPlayer": 13323,
      "physicalDamageTaken": 6065,
      "magicDamageTaken": 2032,
      "largestCriticalStrike": 203,
      "timePlayed": 1257,
      "totalHeal": 1210,
      "totalUnitsHealed": 1,
      "assists": 4,
      "item0": 3074,
      "item2": 1011,
      "item3": 3111,
      "item4": 1031,
      "item6": 3168,
      "sightWardsBought": 2,
      "magicDamageDealtToChampions": 1902,
      "physicalDamageDealtToChampions": 8077,
      "totalDamageDealtToChampions": 10423,
      "trueDamageDealtPlayer": 580,
      "trueDamageDealtToChampions": 444,
      "trueDamageTaken": 75,
      "wardPlaced": 3,
      "neutralMinionsKilledEnemyJungle": 1,
      "neutralMinionsKilledYourJungle": 7,
      "totalTimeCrowdControlDealt": 143
    }
  },
  "24924502": {
    "gameId": 825965505,
    "invalid": false,
    "gameMode": "CLASSIC",
    "gameType": "MATCHED_GAME",
    "subType": "NORMAL",
    "mapId": 1,
    "teamId": 200,
    "championId": 111,
    "spell1": 7,
    "spell2": 4,
    "level": 30,
    "ipEarned": 51,
    "createDate": 1399028772833,
    "fellowPlayers": [
      {
        "summonerId": 30404866,
        "teamId": 100,
        "championId": 105
      },
      {
        "summonerId": 37423087,
        "teamId": 100,
        "championId": 107
      },
      {
        "summonerId": 19370735,
        "teamId": 100,
        "championId": 222
      },
      {
        "summonerId": 22067337,
        "teamId": 200,
        "championId": 104
      },
      {
        "summonerId": 24943155,
        "teamId": 100,
        "championId": 64
      },
      {
        "summonerId": 36705114,
        "teamId": 200,
        "championId": 45
      },
      {
        "summonerId": 42320977,
        "teamId": 200,
        "championId": 75
      },
      {
        "summonerId": 24903545,
        "teamId": 200,
        "championId": 11
      },
      {
        "summonerId": 40712329,
        "teamId": 100,
        "championId": 117
      }
    ],
    "stats": {
      "level": 8,
      "goldEarned": 4398,
      "numDeaths": 6,
      "minionsKilled": 3,
      "championsKilled": 2,
      "goldSpent": 4770,
      "totalDamageDealt": 6317,
      "totalDamageTaken": 11689,
      "doubleKills": 1,
      "killingSprees": 1,
      "largestKillingSpree": 2,
      "team": 200,
      "win": false,
      "largestMultiKill": 2,
      "physicalDamageDealtPlayer": 1610,
      "magicDamageDealtPlayer": 4706,
      "physicalDamageTaken": 8653,
      "magicDamageTaken": 2979,
      "timePlayed": 1257,
      "totalHeal": 1394,
      "totalUnitsHealed": 2,
      "assists": 1,
      "item0": 3069,
      "item1": 1043,
      "item2": 1033,
      "item3": 1042,
      "item6": 3340,
      "sightWardsBought": 4,
      "visionWardsBought": 1,
      "magicDamageDealtToChampions": 2678,
      "physicalDamageDealtToChampions": 870,
      "totalDamageDealtToChampions": 3549,
      "trueDamageTaken": 56,
      "wardPlaced": 8,
      "totalTimeCrowdControlDealt": 152
    }
  },
  "24903545": {
    "gameId": 825965505,
    "invalid": false,
    "gameMode": "CLASSIC",
    "gameType": "MATCHED_GAME",
    "subType": "NORMAL",
    "mapId": 1,
    "teamId": 200,
    "championId": 11,
    "spell1": 4,
    "spell2": 11,
    "level": 30,
    "ipEarned": 51,
    "createDate": 1399028772831,
    "fellowPlayers": [
      {
        "summonerId": 30404866,
        "teamId": 100,
        "championId": 105
      },
      {
        "summonerId": 37423087,
        "teamId": 100,
        "championId": 107
      },
      {
        "summonerId": 19370735,
        "teamId": 100,
        "championId": 222
      },
      {
        "summonerId": 22067337,
        "teamId": 200,
        "championId": 104
      },
      {
        "summonerId": 24943155,
        "teamId": 100,
        "championId": 64
      },
      {
        "summonerId": 36705114,
        "teamId": 200,
        "championId": 45
      },
      {
        "summonerId": 24924502,
        "teamId": 200,
        "championId": 111
      },
      {
        "summonerId": 42320977,
        "teamId": 200,
        "championId": 75
      },
      {
        "summonerId": 40712329,
        "teamId": 100,
        "championId": 117
      }
    ],
    "stats": {
      "level": 9,
      "goldEarned": 4228,
      "numDeaths": 4,
      "goldSpent": 3950,
      "totalDamageDealt": 58155,
      "totalDamageTaken": 14072,
      "team": 200,
      "win": false,
      "neutralMinionsKilled": 54,
      "physicalDamageDealtPlayer": 44255,
      "magicDamageDealtPlayer": 5645,
      "physicalDamageTaken": 12561,
      "magicDamageTaken": 1510,
      "largestCriticalStrike": 435,
      "timePlayed": 1257,
      "totalHeal": 2812,
      "totalUnitsHealed": 1,
      "assists": 1,
      "item0": 3154,
      "item1": 3086,
      "item2": 3093,
      "item6": 3340,
      "physicalDamageDealtToChampions": 2033,
      "totalDamageDealtToChampions": 2096,
      "trueDamageDealtPlayer": 8255,
      "trueDamageDealtToChampions": 63,
      "wardPlaced": 1,
      "neutralMinionsKilledEnemyJungle": 10,
      "neutralMinionsKilledYourJungle": 44,
      "totalTimeCrowdControlDealt": 204
    }
  },
  "22067337": {
    "gameId": 825965505,
    "invalid": false,
    "gameMode": "CLASSIC",
    "gameType": "MATCHED_GAME",
    "subType": "NORMAL",
    "mapId": 1,
    "teamId": 200,
    "championId": 104,
    "spell1": 4,
    "spell2": 14,
    "level": 30,
    "ipEarned": 51,
    "createDate": 1399028772830,
    "fellowPlayers": [
      {
        "summonerId": 30404866,
        "teamId": 100,
        "championId": 105
      },
      {
        "summonerId": 37423087,
        "teamId": 100,
        "championId": 107
      },
      {
        "summonerId": 19370735,
        "teamId": 100,
        "championId": 222
      },
      {
        "summonerId": 24943155,
        "teamId": 100,
        "championId": 64
      },
      {
        "summonerId": 36705114,
        "teamId": 200,
        "championId": 45
      },
      {
        "summonerId": 24924502,
        "teamId": 200,
        "championId": 111
      },
      {
        "summonerId": 42320977,
        "teamId": 200,
        "championId": 75
      },
      {
        "summonerId": 24903545,
        "teamId": 200,
        "championId": 11
      },
      {
        "summonerId": 40712329,
        "teamId": 100,
        "championId": 117
      }
    ],
    "stats": {
      "level": 10,
      "goldEarned": 6142,
      "numDeaths": 5,
      "minionsKilled": 114,
      "championsKilled": 2,
      "goldSpent": 5795,
      "totalDamageDealt": 54565,
      "totalDamageTaken": 12579,
      "team": 200,
      "win": false,
      "largestMultiKill": 1,
      "physicalDamageDealtPlayer": 53556,
      "magicDamageDealtPlayer": 468,
      "physicalDamageTaken": 9333,
      "magicDamageTaken": 3245,
      "largestCriticalStrike": 178,
      "timePlayed": 1257,
      "totalHeal": 442,
      "totalUnitsHealed": 1,
      "assists": 3,
      "item0": 1055,
      "item2": 2004,
      "item3": 3006,
      "item4": 3072,
      "item5": 3093,
      "item6": 3340,
      "magicDamageDealtToChampions": 288,
      "physicalDamageDealtToChampions": 11773,
      "totalDamageDealtToChampions": 12601,
      "trueDamageDealtPlayer": 540,
      "trueDamageDealtToChampions": 540,
      "wardPlaced": 4,
      "totalTimeCrowdControlDealt": 59
    }
  },
  "30404866": {
    "gameId": 825965505,
    "invalid": false,
    "gameMode": "CLASSIC",
    "gameType": "MATCHED_GAME",
    "subType": "NORMAL",
    "mapId": 1,
    "teamId": 100,
    "championId": 105,
    "spell1": 4,
    "spell2": 14,
    "level": 30,
    "ipEarned": 76,
    "createDate": 1399028772822,
    "fellowPlayers": [
      {
        "summonerId": 37423087,
        "teamId": 100,
        "championId": 107
      },
      {
        "summonerId": 19370735,
        "teamId": 100,
        "championId": 222
      },
      {
        "summonerId": 22067337,
        "teamId": 200,
        "championId": 104
      },
      {
        "summonerId": 24943155,
        "teamId": 100,
        "championId": 64
      },
      {
        "summonerId": 36705114,
        "teamId": 200,
        "championId": 45
      },
      {
        "summonerId": 24924502,
        "teamId": 200,
        "championId": 111
      },
      {
        "summonerId": 42320977,
        "teamId": 200,
        "championId": 75
      },
      {
        "summonerId": 24903545,
        "teamId": 200,
        "championId": 11
      },
      {
        "summonerId": 40712329,
        "teamId": 100,
        "championId": 117
      }
    ],
    "stats": {
      "level": 13,
      "goldEarned": 7021,
      "numDeaths": 1,
      "minionsKilled": 61,
      "championsKilled": 8,
      "goldSpent": 6605,
      "totalDamageDealt": 35513,
      "totalDamageTaken": 8959,
      "doubleKills": 1,
      "killingSprees": 2,
      "largestKillingSpree": 6,
      "team": 100,
      "win": true,
      "neutralMinionsKilled": 1,
      "largestMultiKill": 2,
      "physicalDamageDealtPlayer": 14794,
      "magicDamageDealtPlayer": 20058,
      "physicalDamageTaken": 4254,
      "magicDamageTaken": 4540,
      "timePlayed": 1257,
      "totalHeal": 184,
      "totalUnitsHealed": 1,
      "assists": 7,
      "item0": 3020,
      "item1": 3100,
      "item2": 1056,
      "item3": 1052,
      "item4": 1058,
      "item6": 3340,
      "magicDamageDealtToChampions": 9604,
      "physicalDamageDealtToChampions": 2561,
      "totalDamageDealtToChampions": 12825,
      "trueDamageDealtPlayer": 660,
      "trueDamageDealtToChampions": 660,
      "trueDamageTaken": 164,
      "wardPlaced": 2,
      "neutralMinionsKilledEnemyJungle": 1,
      "totalTimeCrowdControlDealt": 27
    }
  },
  "42320977": {
    "gameId": 825965505,
    "invalid": false,
    "gameMode": "CLASSIC",
    "gameType": "MATCHED_GAME",
    "subType": "NORMAL",
    "mapId": 1,
    "teamId": 200,
    "championId": 75,
    "spell1": 4,
    "spell2": 7,
    "level": 30,
    "ipEarned": 51,
    "createDate": 1399028772832,
    "fellowPlayers": [
      {
        "summonerId": 30404866,
        "teamId": 100,
        "championId": 105
      },
      {
        "summonerId": 37423087,
        "teamId": 100,
        "championId": 107
      },
      {
        "summonerId": 19370735,
        "teamId": 100,
        "championId": 222
      },
      {
        "summonerId": 22067337,
        "teamId": 200,
        "championId": 104
      },
      {
        "summonerId": 24943155,
        "teamId": 100,
        "championId": 64
      },
      {
        "summonerId": 36705114,
        "teamId": 200,
        "championId": 45
      },
      {
        "summonerId": 24924502,
        "teamId": 200,
        "championId": 111
      },
      {
        "summonerId": 24903545,
        "teamId": 200,
        "championId": 11
      },
      {
        "summonerId": 40712329,
        "teamId": 100,
        "championId": 117
      }
    ],
    "stats": {
      "level": 11,
      "goldEarned": 4617,
      "numDeaths": 4,
      "minionsKilled": 90,
      "goldSpent": 4155,
      "totalDamageDealt": 43668,
      "totalDamageTaken": 15963,
      "team": 200,
      "win": false,
      "physicalDamageDealtPlayer": 31910,
      "magicDamageDealtPlayer": 11758,
      "physicalDamageTaken": 12090,
      "magicDamageTaken": 2914,
      "timePlayed": 1257,
      "totalHeal": 717,
      "totalUnitsHealed": 2,
      "assists": 1,
      "item0": 1054,
      "item1": 3083,
      "item2": 3067,
      "item6": 3340,
      "magicDamageDealtToChampions": 2315,
      "physicalDamageDealtToChampions": 2308,
      "totalDamageDealtToChampions": 4624,
      "trueDamageTaken": 958,
      "wardPlaced": 4,
      "totalTimeCrowdControlDealt": 31
    }
  },
  "19370735": {
    "gameId": 825965505,
    "invalid": false,
    "gameMode": "CLASSIC",
    "gameType": "MATCHED_GAME",
    "subType": "NORMAL",
    "mapId": 1,
    "teamId": 100,
    "championId": 222,
    "spell1": 4,
    "spell2": 7,
    "level": 30,
    "ipEarned": 226,
    "createDate": 1399028772824,
    "fellowPlayers": [
      {
        "summonerId": 30404866,
        "teamId": 100,
        "championId": 105
      },
      {
        "summonerId": 37423087,
        "teamId": 100,
        "championId": 107
      },
      {
        "summonerId": 22067337,
        "teamId": 200,
        "championId": 104
      },
      {
        "summonerId": 24943155,
        "teamId": 100,
        "championId": 64
      },
      {
        "summonerId": 36705114,
        "teamId": 200,
        "championId": 45
      },
      {
        "summonerId": 24924502,
        "teamId": 200,
        "championId": 111
      },
      {
        "summonerId": 42320977,
        "teamId": 200,
        "championId": 75
      },
      {
        "summonerId": 24903545,
        "teamId": 200,
        "championId": 11
      },
      {
        "summonerId": 40712329,
        "teamId": 100,
        "championId": 117
      }
    ],
    "stats": {
      "level": 11,
      "goldEarned": 7578,
      "numDeaths": 1,
      "minionsKilled": 80,
      "championsKilled": 9,
      "goldSpent": 5210,
      "totalDamageDealt": 55409,
      "totalDamageTaken": 9627,
      "doubleKills": 1,
      "killingSprees": 1,
      "largestKillingSpree": 8,
      "team": 100,
      "win": true,
      "neutralMinionsKilled": 6,
      "largestMultiKill": 2,
      "physicalDamageDealtPlayer": 52907,
      "magicDamageDealtPlayer": 2046,
      "physicalDamageTaken": 8199,
      "magicDamageTaken": 1044,
      "largestCriticalStrike": 407,
      "timePlayed": 1257,
      "totalHeal": 1583,
      "totalUnitsHealed": 3,
      "assists": 6,
      "item0": 1055,
      "item1": 3072,
      "item2": 1001,
      "item3": 3086,
      "item6": 3340,
      "magicDamageDealtToChampions": 836,
      "physicalDamageDealtToChampions": 16638,
      "totalDamageDealtToChampions": 17754,
      "trueDamageDealtPlayer": 456,
      "trueDamageDealtToChampions": 280,
      "trueDamageTaken": 384,
      "wardPlaced": 1,
      "neutralMinionsKilledEnemyJungle": 6,
      "totalTimeCrowdControlDealt": 161
    }
  }
}