{
  "23472483": {
    "gameId": 825976204,
    "invalid": false,
    "gameMode": "CLASSIC",
    "gameType": "MATCHED_GAME",
    "subType": "RANKED_SOLO_5x5",
    "mapId": 1,
    "teamId": 200,
    "championId": 38,
    "spell1": 4,
    "spell2": 7,
    "level": 30,
    "ipEarned": 55,
    "createDate": 1399031004251,
    "fellowPlayers": [
      {
        "summonerId": 25344203,
        "teamId": 200,
        "championId": 51
      },
      {
        "summonerId": 24227621,
        "teamId": 100,
        "championId": 266
      },
      {
        "summonerId": 24133551,
        "teamId": 200,
        "championId": 25
      },
      {
        "summonerId": 24348901,
        "teamId": 200,
        "championId": 60
      },
      {
        "summonerId": 30115925,
        "teamId": 100,
        "championId": 236
      },
      {
        "summonerId": 24307636,
        "teamId": 100,
        "championId": 254
      },
      {
        "summonerId": 19664179,
        "teamId": 100,
        "championId": 161
      },
      {
        "summonerId": 27687881,
        "teamId": 200,
        "championId": 5
      },
      {
        "summonerId": 25835458,
        "teamId": 100,
        "championId": 103
      }
    ],
    "stats": {
      "level": 14,
      "goldEarned": 9197,
      "numDeaths": 6,
      "minionsKilled": 160,
      "championsKilled": 4,
      "goldSpent": 8570,
      "totalDamageDealt": 95775,
      "totalDamageTaken": 23031,
      "killingSprees": 1,
      "largestKillingSpree": 3,
      "team": 200,
      "win": false,
      "neutralMinionsKilled": 12,
      "largestMultiKill": 1,
      "physicalDamageDealtPlayer": 23070,
      "magicDamageDealtPlayer": 72704,
      "physicalDamageTaken": 17031,
      "magicDamageTaken": 3901,
      "timePlayed": 1723,
      "totalHeal": 2322,
      "totalUnitsHealed": 4,
      "assists": 5,
      "item0": 2041,
      "item1": 3174,
      "item2": 1026,
      "item3": 3027,
      "item4": 1001,
      "item5": 3070,
      "item6": 3340,
      "magicDamageDealtToChampions": 10273,
      "physicalDamageDealtToChampions": 1167,
      "totalDamageDealtToChampions": 11441,
      "trueDamageTaken": 2099,
      "wardPlaced": 4,
      "neutralMinionsKilledYourJungle": 12,
      "totalTimeCrowdControlDealt": 409
    }
  },
  "summonerCount": 10,
  "25835458": {
    "gameId": 825976204,
    "invalid": false,
    "gameMode": "CLASSIC",
    "gameType": "MATCHED_GAME",
    "subType": "RANKED_SOLO_5x5",
    "mapId": 1,
    "teamId": 100,
    "championId": 103,
    "spell1": 4,
    "spell2": 12,
    "level": 30,
    "ipEarned": 82,
    "createDate": 1399031004244,
    "fellowPlayers": [
      {
        "summonerId": 25344203,
        "teamId": 200,
        "championId": 51
      },
      {
        "summonerId": 24227621,
        "teamId": 100,
        "championId": 266
      },
      {
        "summonerId": 23472483,
        "teamId": 200,
        "championId": 38
      },
      {
        "summonerId": 24133551,
        "teamId": 200,
        "championId": 25
      },
      {
        "summonerId": 24348901,
        "teamId": 200,
        "championId": 60
      },
      {
        "summonerId": 30115925,
        "teamId": 100,
        "championId": 236
      },
      {
        "summonerId": 24307636,
        "teamId": 100,
        "championId": 254
      },
      {
        "summonerId": 19664179,
        "teamId": 100,
        "championId": 161
      },
      {
        "summonerId": 27687881,
        "teamId": 200,
        "championId": 5
      }
    ],
    "stats": {
      "level": 16,
      "goldEarned": 13132,
      "numDeaths": 3,
      "turretsKilled": 1,
      "minionsKilled": 198,
      "championsKilled": 10,
      "goldSpent": 12985,
      "totalDamageDealt": 124167,
      "totalDamageTaken": 12879,
      "doubleKills": 1,
      "killingSprees": 3,
      "largestKillingSpree": 4,
      "team": 100,
      "win": true,
      "neutralMinionsKilled": 7,
      "largestMultiKill": 2,
      "physicalDamageDealtPlayer": 18781,
      "magicDamageDealtPlayer": 71169,
      "physicalDamageTaken": 7423,
      "magicDamageTaken": 5130,
      "timePlayed": 1723,
      "totalHeal": 3123,
      "totalUnitsHealed": 1,
      "assists": 3,
      "item0": 2039,
      "item1": 3135,
      "item2": 3111,
      "item3": 3174,
      "item4": 3089,
      "item5": 3001,
      "item6": 3340,
      "magicDamageDealtToChampions": 16027,
      "physicalDamageDealtToChampions": 1862,
      "totalDamageDealtToChampions": 23036,
      "trueDamageDealtPlayer": 34216,
      "trueDamageDealtToChampions": 5146,
      "trueDamageTaken": 326,
      "wardPlaced": 7,
      "neutralMinionsKilledEnemyJungle": 4,
      "neutralMinionsKilledYourJungle": 3,
      "totalTimeCrowdControlDealt": 64
    }
  },
  "24307636": {
    "gameId": 825976204,
    "invalid": false,
    "gameMode": "CLASSIC",
    "gameType": "MATCHED_GAME",
    "subType": "RANKED_SOLO_5x5",
    "mapId": 1,
    "teamId": 100,
    "championId": 254,
    "spell1": 11,
    "spell2": 4,
    "level": 30,
    "ipEarned": 82,
    "createDate": 1399031004247,
    "fellowPlayers": [
      {
        "summonerId": 25344203,
        "teamId": 200,
        "championId": 51
      },
      {
        "summonerId": 24227621,
        "teamId": 100,
        "championId": 266
      },
      {
        "summonerId": 23472483,
        "teamId": 200,
        "championId": 38
      },
      {
        "summonerId": 24133551,
        "teamId": 200,
        "championId": 25
      },
      {
        "summonerId": 24348901,
        "teamId": 200,
        "championId": 60
      },
      {
        "summonerId": 30115925,
        "teamId": 100,
        "championId": 236
      },
      {
        "summonerId": 19664179,
        "teamId": 100,
        "championId": 161
      },
      {
        "summonerId": 27687881,
        "teamId": 200,
        "championId": 5
      },
      {
        "summonerId": 25835458,
        "teamId": 100,
        "championId": 103
      }
    ],
    "stats": {
      "level": 17,
      "goldEarned": 12763,
      "numDeaths": 2,
      "barracksKilled": 1,
      "turretsKilled": 1,
      "minionsKilled": 56,
      "championsKilled": 9,
      "goldSpent": 10493,
      "totalDamageDealt": 176907,
      "totalDamageTaken": 15823,
      "killingSprees": 3,
      "largestKillingSpree": 4,
      "team": 100,
      "win": true,
      "neutralMinionsKilled": 94,
      "largestMultiKill": 1,
      "physicalDamageDealtPlayer": 159990,
      "magicDamageDealtPlayer": 1168,
      "physicalDamageTaken": 11003,
      "magicDamageTaken": 4141,
      "largestCriticalStrike": 1064,
      "timePlayed": 1723,
      "totalHeal": 4004,
      "totalUnitsHealed": 1,
      "assists": 4,
      "item0": 3209,
      "item1": 3047,
      "item2": 3078,
      "item3": 1055,
      "item4": 3071,
      "item6": 3340,
      "physicalDamageDealtToChampions": 13297,
      "totalDamageDealtToChampions": 14285,
      "trueDamageDealtPlayer": 15749,
      "trueDamageDealtToChampions": 988,
      "trueDamageTaken": 679,
      "wardKilled": 1,
      "wardPlaced": 8,
      "neutralMinionsKilledEnemyJungle": 22,
      "neutralMinionsKilledYourJungle": 72,
      "totalTimeCrowdControlDealt": 580
    }
  },
  "25344203": {
    "gameId": 825976204,
    "invalid": false,
    "gameMode": "CLASSIC",
    "gameType": "MATCHED_GAME",
    "subType": "RANKED_SOLO_5x5",
    "mapId": 1,
    "teamId": 200,
    "championId": 51,
    "spell1": 4,
    "spell2": 7,
    "level": 30,
    "ipEarned": 55,
    "createDate": 1399031004249,
    "fellowPlayers": [
      {
        "summonerId": 24227621,
        "teamId": 100,
        "championId": 266
      },
      {
        "summonerId": 23472483,
        "teamId": 200,
        "championId": 38
      },
      {
        "summonerId": 24133551,
        "teamId": 200,
        "championId": 25
      },
      {
        "summonerId": 24348901,
        "teamId": 200,
        "championId": 60
      },
      {
        "summonerId": 30115925,
        "teamId": 100,
        "championId": 236
      },
      {
        "summonerId": 24307636,
        "teamId": 100,
        "championId": 254
      },
      {
        "summonerId": 19664179,
        "teamId": 100,
        "championId": 161
      },
      {
        "summonerId": 27687881,
        "teamId": 200,
        "championId": 5
      },
      {
        "summonerId": 25835458,
        "teamId": 100,
        "championId": 103
      }
    ],
    "stats": {
      "level": 15,
      "goldEarned": 10248,
      "numDeaths": 5,
      "turretsKilled": 1,
      "minionsKilled": 229,
      "championsKilled": 3,
      "goldSpent": 8280,
      "totalDamageDealt": 135091,
      "totalDamageTaken": 18535,
      "team": 200,
      "win": false,
      "neutralMinionsKilled": 9,
      "largestMultiKill": 1,
      "physicalDamageDealtPlayer": 133620,
      "magicDamageDealtPlayer": 1128,
      "physicalDamageTaken": 11549,
      "magicDamageTaken": 5701,
      "largestCriticalStrike": 537,
      "timePlayed": 1723,
      "totalHeal": 2679,
      "totalUnitsHealed": 2,
      "assists": 2,
      "item0": 3072,
      "item1": 1037,
      "item2": 1055,
      "item3": 3006,
      "item4": 3086,
      "item5": 1038,
      "item6": 3340,
      "magicDamageDealtToChampions": 414,
      "physicalDamageDealtToChampions": 10350,
      "totalDamageDealtToChampions": 10955,
      "trueDamageDealtPlayer": 342,
      "trueDamageDealtToChampions": 190,
      "trueDamageTaken": 1285,
      "wardPlaced": 2,
      "neutralMinionsKilledEnemyJungle": 3,
      "neutralMinionsKilledYourJungle": 6,
      "totalTimeCrowdControlDealt": 49
    }
  },
  "24227621": {
    "gameId": 825976204,
    "invalid": false,
    "gameMode": "CLASSIC",
    "gameType": "MATCHED_GAME",
    "subType": "RANKED_SOLO_5x5",
    "mapId": 1,
    "teamId": 100,
    "championId": 266,
    "spell1": 4,
    "spell2": 14,
    "level": 30,
    "ipEarned": 82,
    "createDate": 1399031004246,
    "fellowPlayers": [
      {
        "summonerId": 25344203,
        "teamId": 200,
        "championId": 51
      },
      {
        "summonerId": 23472483,
        "teamId": 200,
        "championId": 38
      },
      {
        "summonerId": 24133551,
        "teamId": 200,
        "championId": 25
      },
      {
        "summonerId": 24348901,
        "teamId": 200,
        "championId": 60
      },
      {
        "summonerId": 30115925,
        "teamId": 100,
        "championId": 236
      },
      {
        "summonerId": 24307636,
        "teamId": 100,
        "championId": 254
      },
      {
        "summonerId": 19664179,
        "teamId": 100,
        "championId": 161
      },
      {
        "summonerId": 27687881,
        "teamId": 200,
        "championId": 5
      },
      {
        "summonerId": 25835458,
        "teamId": 100,
        "championId": 103
      }
    ],
    "stats": {
      "level": 17,
      "goldEarned": 13861,
      "numDeaths": 4,
      "barracksKilled": 2,
      "turretsKilled": 4,
      "minionsKilled": 241,
      "championsKilled": 6,
      "goldSpent": 10940,
      "totalDamageDealt": 203702,
      "totalDamageTaken": 22716,
      "doubleKills": 1,
      "killingSprees": 2,
      "largestKillingSpree": 3,
      "team": 100,
      "win": true,
      "neutralMinionsKilled": 27,
      "largestMultiKill": 2,
      "physicalDamageDealtPlayer": 158294,
      "magicDamageDealtPlayer": 44475,
      "physicalDamageTaken": 12407,
      "magicDamageTaken": 9817,
      "timePlayed": 1723,
      "totalHeal": 13497,
      "totalUnitsHealed": 1,
      "assists": 5,
      "item0": 3074,
      "item1": 3172,
      "item2": 3153,
      "item3": 1055,
      "item4": 3006,
      "item6": 3340,
      "sightWardsBought": 1,
      "magicDamageDealtToChampions": 5509,
      "physicalDamageDealtToChampions": 10603,
      "totalDamageDealtToChampions": 17044,
      "trueDamageDealtPlayer": 932,
      "trueDamageDealtToChampions": 932,
      "trueDamageTaken": 492,
      "wardPlaced": 5,
      "neutralMinionsKilledEnemyJungle": 24,
      "neutralMinionsKilledYourJungle": 3,
      "totalTimeCrowdControlDealt": 502
    }
  },
  "27687881": {
    "gameId": 825976204,
    "invalid": false,
    "gameMode": "CLASSIC",
    "gameType": "MATCHED_GAME",
    "subType": "RANKED_SOLO_5x5",
    "mapId": 1,
    "teamId": 200,
    "championId": 5,
    "spell1": 4,
    "spell2": 11,
    "level": 30,
    "ipEarned": 55,
    "createDate": 1399031004248,
    "fellowPlayers": [
      {
        "summonerId": 25344203,
        "teamId": 200,
        "championId": 51
      },
      {
        "summonerId": 24227621,
        "teamId": 100,
        "championId": 266
      },
      {
        "summonerId": 23472483,
        "teamId": 200,
        "championId": 38
      },
      {
        "summonerId": 24133551,
        "teamId": 200,
        "championId": 25
      },
      {
        "summonerId": 24348901,
        "teamId": 200,
        "championId": 60
      },
      {
        "summonerId": 30115925,
        "teamId": 100,
        "championId": 236
      },
      {
        "summonerId": 24307636,
        "teamId": 100,
        "championId": 254
      },
      {
        "summonerId": 19664179,
        "teamId": 100,
        "championId": 161
      },
      {
        "summonerId": 25835458,
        "teamId": 100,
        "championId": 103
      }
    ],
    "stats": {
      "level": 14,
      "goldEarned": 8467,
      "numDeaths": 4,
      "minionsKilled": 42,
      "championsKilled": 2,
      "goldSpent": 7450,
      "totalDamageDealt": 147207,
      "totalDamageTaken": 25393,
      "team": 200,
      "win": false,
      "neutralMinionsKilled": 99,
      "largestMultiKill": 1,
      "physicalDamageDealtPlayer": 84563,
      "magicDamageDealtPlayer": 49317,
      "physicalDamageTaken": 15444,
      "magicDamageTaken": 8555,
      "timePlayed": 1723,
      "totalHeal": 8467,
      "totalUnitsHealed": 1,
      "assists": 1,
      "item0": 3047,
      "item1": 3144,
      "item2": 3143,
      "item3": 3160,
      "item6": 3341,
      "sightWardsBought": 1,
      "magicDamageDealtToChampions": 1824,
      "physicalDamageDealtToChampions": 6947,
      "totalDamageDealtToChampions": 9189,
      "trueDamageDealtPlayer": 13326,
      "trueDamageDealtToChampions": 418,
      "trueDamageTaken": 1394,
      "wardPlaced": 6,
      "neutralMinionsKilledEnemyJungle": 7,
      "neutralMinionsKilledYourJungle": 92,
      "totalTimeCrowdControlDealt": 1019
    }
  },
  "19664179": {
    "gameId": 825976204,
    "invalid": false,
    "gameMode": "CLASSIC",
    "gameType": "MATCHED_GAME",
    "subType": "RANKED_SOLO_5x5",
    "mapId": 1,
    "teamId": 100,
    "championId": 161,
    "spell1": 7,
    "spell2": 4,
    "level": 30,
    "ipEarned": 232,
    "createDate": 1399031004242,
    "fellowPlayers": [
      {
        "summonerId": 25344203,
        "teamId": 200,
        "championId": 51
      },
      {
        "summonerId": 24227621,
        "teamId": 100,
        "championId": 266
      },
      {
        "summonerId": 23472483,
        "teamId": 200,
        "championId": 38
      },
      {
        "summonerId": 24133551,
        "teamId": 200,
        "championId": 25
      },
      {
        "summonerId": 24348901,
        "teamId": 200,
        "championId": 60
      },
      {
        "summonerId": 30115925,
        "teamId": 100,
        "championId": 236
      },
      {
        "summonerId": 24307636,
        "teamId": 100,
        "championId": 254
      },
      {
        "summonerId": 27687881,
        "teamId": 200,
        "championId": 5
      },
      {
        "summonerId": 25835458,
        "teamId": 100,
        "championId": 103
      }
    ],
    "stats": {
      "level": 13,
      "goldEarned": 8148,
      "numDeaths": 5,
      "minionsKilled": 27,
      "championsKilled": 2,
      "goldSpent": 6665,
      "totalDamageDealt": 38109,
      "totalDamageTaken": 12368,
      "team": 100,
      "win": true,
      "neutralMinionsKilled": 5,
      "largestMultiKill": 1,
      "physicalDamageDealtPlayer": 5593,
      "magicDamageDealtPlayer": 29045,
      "physicalDamageTaken": 7618,
      "magicDamageTaken": 4514,
      "timePlayed": 1723,
      "totalHeal": 1445,
      "totalUnitsHealed": 3,
      "assists": 2,
      "item0": 2049,
      "item1": 3009,
      "item2": 3070,
      "item3": 3098,
      "item4": 3027,
      "item5": 2010,
      "item6": 3341,
      "sightWardsBought": 2,
      "magicDamageDealtToChampions": 8615,
      "physicalDamageDealtToChampions": 385,
      "totalDamageDealtToChampions": 10456,
      "trueDamageDealtPlayer": 3470,
      "trueDamageDealtToChampions": 1455,
      "trueDamageTaken": 235,
      "wardKilled": 2,
      "wardPlaced": 15,
      "neutralMinionsKilledEnemyJungle": 3,
      "neutralMinionsKilledYourJungle": 2,
      "totalTimeCrowdControlDealt": 170
    }
  },
  "30115925": {
    "gameId": 825976204,
    "invalid": false,
    "gameMode": "CLASSIC",
    "gameType": "MATCHED_GAME",
    "subType": "RANKED_SOLO_5x5",
    "mapId": 1,
    "teamId": 100,
    "championId": 236,
    "spell1": 7,
    "spell2": 4,
    "level": 30,
    "ipEarned": 82,
    "createDate": 1399031004243,
    "fellowPlayers": [
      {
        "summonerId": 25344203,
        "teamId": 200,
        "championId": 51
      },
      {
        "summonerId": 24227621,
        "teamId": 100,
        "championId": 266
      },
      {
        "summonerId": 23472483,
        "teamId": 200,
        "championId": 38
      },
      {
        "summonerId": 24133551,
        "teamId": 200,
        "championId": 25
      },
      {
        "summonerId": 24348901,
        "teamId": 200,
        "championId": 60
      },
      {
        "summonerId": 24307636,
        "teamId": 100,
        "championId": 254
      },
      {
        "summonerId": 19664179,
        "teamId": 100,
        "championId": 161
      },
      {
        "summonerId": 27687881,
        "teamId": 200,
        "championId": 5
      },
      {
        "summonerId": 25835458,
        "teamId": 100,
        "championId": 103
      }
    ],
    "stats": {
      "level": 15,
      "goldEarned": 10952,
      "numDeaths": 1,
      "turretsKilled": 2,
      "minionsKilled": 181,
      "championsKilled": 1,
      "goldSpent": 9328,
      "totalDamageDealt": 115056,
      "totalDamageTaken": 14415,
      "team": 100,
      "win": true,
      "neutralMinionsKilled": 17,
      "largestMultiKill": 1,
      "physicalDamageDealtPlayer": 105507,
      "magicDamageDealtPlayer": 9404,
      "physicalDamageTaken": 9349,
      "magicDamageTaken": 4929,
      "largestCriticalStrike": 678,
      "timePlayed": 1723,
      "totalHeal": 1869,
      "totalUnitsHealed": 2,
      "assists": 8,
      "item0": 1055,
      "item1": 3078,
      "item2": 1037,
      "item4": 3006,
      "item5": 3072,
      "item6": 3340,
      "magicDamageDealtToChampions": 2190,
      "physicalDamageDealtToChampions": 8307,
      "totalDamageDealtToChampions": 10498,
      "trueDamageDealtPlayer": 144,
      "trueDamageTaken": 136,
      "wardPlaced": 8,
      "neutralMinionsKilledEnemyJungle": 1,
      "neutralMinionsKilledYourJungle": 16,
      "totalTimeCrowdControlDealt": 72
    }
  },
  "24133551": {
    "gameId": 825976204,
    "invalid": false,
    "gameMode": "CLASSIC",
    "gameType": "MATCHED_GAME",
    "subType": "RANKED_SOLO_5x5",
    "mapId": 1,
    "teamId": 200,
    "championId": 25,
    "spell1": 4,
    "spell2": 3,
    "level": 30,
    "ipEarned": 55,
    "createDate": 1399031004250,
    "fellowPlayers": [
      {
        "summonerId": 25344203,
        "teamId": 200,
        "championId": 51
      },
      {
        "summonerId": 24227621,
        "teamId": 100,
        "championId": 266
      },
      {
        "summonerId": 23472483,
        "teamId": 200,
        "championId": 38
      },
      {
        "summonerId": 24348901,
        "teamId": 200,
        "championId": 60
      },
      {
        "summonerId": 30115925,
        "teamId": 100,
        "championId": 236
      },
      {
        "summonerId": 24307636,
        "teamId": 100,
        "championId": 254
      },
      {
        "summonerId": 19664179,
        "teamId": 100,
        "championId": 161
      },
      {
        "summonerId": 27687881,
        "teamId": 200,
        "championId": 5
      },
      {
        "summonerId": 25835458,
        "teamId": 100,
        "championId": 103
      }
    ],
    "stats": {
      "level": 13,
      "goldEarned": 7674,
      "numDeaths": 5,
      "minionsKilled": 29,
      "goldSpent": 7030,
      "totalDamageDealt": 24024,
      "totalDamageTaken": 15763,
      "team": 200,
      "win": false,
      "physicalDamageDealtPlayer": 5418,
      "magicDamageDealtPlayer": 18605,
      "physicalDamageTaken": 7000,
      "magicDamageTaken": 6766,
      "timePlayed": 1723,
      "totalHeal": 160,
      "totalUnitsHealed": 1,
      "assists": 9,
      "item0": 2049,
      "item1": 3092,
      "item2": 2004,
      "item3": 3191,
      "item4": 3117,
      "item5": 1011,
      "item6": 3364,
      "sightWardsBought": 1,
      "visionWardsBought": 1,
      "magicDamageDealtToChampions": 5879,
      "physicalDamageDealtToChampions": 531,
      "totalDamageDealtToChampions": 6410,
      "trueDamageTaken": 1996,
      "wardKilled": 4,
      "wardPlaced": 23,
      "totalTimeCrowdControlDealt": 95
    }
  },
  "23472483": {
    "gameId": 825976204,
    "invalid": false,
    "gameMode": "CLASSIC",
    "gameType": "MATCHED_GAME",
    "subType": "RANKED_SOLO_5x5",
    "mapId": 1,
    "teamId": 200,
    "championId": 38,
    "spell1": 4,
    "spell2": 7,
    "level": 30,
    "ipEarned": 55,
    "createDate": 1399031004251,
    "fellowPlayers": [
      {
        "summonerId": 25344203,
        "teamId": 200,
        "championId": 51
      },
      {
        "summonerId": 24227621,
        "teamId": 100,
        "championId": 266
      },
      {
        "summonerId": 24133551,
        "teamId": 200,
        "championId": 25
      },
      {
        "summonerId": 24348901,
        "teamId": 200,
        "championId": 60
      },
      {
        "summonerId": 30115925,
        "teamId": 100,
        "championId": 236
      },
      {
        "summonerId": 24307636,
        "teamId": 100,
        "championId": 254
      },
      {
        "summonerId": 19664179,
        "teamId": 100,
        "championId": 161
      },
      {
        "summonerId": 27687881,
        "teamId": 200,
        "championId": 5
      },
      {
        "summonerId": 25835458,
        "teamId": 100,
        "championId": 103
      }
    ],
    "stats": {
      "level": 14,
      "goldEarned": 9197,
      "numDeaths": 6,
      "minionsKilled": 160,
      "championsKilled": 4,
      "goldSpent": 8570,
      "totalDamageDealt": 95775,
      "totalDamageTaken": 23031,
      "killingSprees": 1,
      "largestKillingSpree": 3,
      "team": 200,
      "win": false,
      "neutralMinionsKilled": 12,
      "largestMultiKill": 1,
      "physicalDamageDealtPlayer": 23070,
      "magicDamageDealtPlayer": 72704,
      "physicalDamageTaken": 17031,
      "magicDamageTaken": 3901,
      "timePlayed": 1723,
      "totalHeal": 2322,
      "totalUnitsHealed": 4,
      "assists": 5,
      "item0": 2041,
      "item1": 3174,
      "item2": 1026,
      "item3": 3027,
      "item4": 1001,
      "item5": 3070,
      "item6": 3340,
      "magicDamageDealtToChampions": 10273,
      "physicalDamageDealtToChampions": 1167,
      "totalDamageDealtToChampions": 11441,
      "trueDamageTaken": 2099,
      "wardPlaced": 4,
      "neutralMinionsKilledYourJungle": 12,
      "totalTimeCrowdControlDealt": 409
    }
  }
}