{
  "34523699": {
    "gameId": 825975998,
    "invalid": false,
    "gameMode": "CLASSIC",
    "gameType": "MATCHED_GAME",
    "subType": "RANKED_SOLO_5x5",
    "mapId": 1,
    "teamId": 100,
    "championId": 238,
    "spell1": 4,
    "spell2": 14,
    "level": 30,
    "ipEarned": 251,
    "createDate": 1399031550467,
    "fellowPlayers": [
      {
        "summonerId": 22113515,
        "teamId": 100,
        "championId": 24
      },
      {
        "summonerId": 36554148,
        "teamId": 200,
        "championId": 39
      },
      {
        "summonerId": 31408757,
        "teamId": 100,
        "championId": 412
      },
      {
        "summonerId": 37224254,
        "teamId": 100,
        "championId": 19
      },
      {
        "summonerId": 25550400,
        "teamId": 200,
        "championId": 222
      },
      {
        "summonerId": 36824407,
        "teamId": 100,
        "championId": 29
      },
      {
        "summonerId": 31817512,
        "teamId": 200,
        "championId": 35
      },
      {
        "summonerId": 42350385,
        "teamId": 200,
        "championId": 7
      },
      {
        "summonerId": 22437255,
        "teamId": 200,
        "championId": 37
      }
    ],
    "stats": {
      "level": 17,
      "goldEarned": 13976,
      "numDeaths": 10,
      "turretsKilled": 1,
      "minionsKilled": 114,
      "championsKilled": 14,
      "goldSpent": 13525,
      "totalDamageDealt": 114010,
      "totalDamageTaken": 33242,
      "doubleKills": 3,
      "killingSprees": 5,
      "largestKillingSpree": 3,
      "team": 100,
      "win": true,
      "neutralMinionsKilled": 15,
      "largestMultiKill": 2,
      "physicalDamageDealtPlayer": 107960,
      "magicDamageDealtPlayer": 5057,
      "physicalDamageTaken": 18691,
      "magicDamageTaken": 13298,
      "timePlayed": 2207,
      "totalHeal": 2223,
      "totalUnitsHealed": 1,
      "assists": 13,
      "item0": 3158,
      "item1": 3074,
      "item2": 3153,
      "item3": 3071,
      "item4": 1011,
      "item6": 3340,
      "magicDamageDealtToChampions": 1215,
      "physicalDamageDealtToChampions": 29456,
      "totalDamageDealtToChampions": 31663,
      "trueDamageDealtPlayer": 992,
      "trueDamageDealtToChampions": 992,
      "trueDamageTaken": 1253,
      "wardPlaced": 31,
      "neutralMinionsKilledEnemyJungle": 11,
      "neutralMinionsKilledYourJungle": 4,
      "totalTimeCrowdControlDealt": 124
    }
  },
  "summonerCount": 10,
  "42350385": {
    "gameId": 825975998,
    "invalid": false,
    "gameMode": "CLASSIC",
    "gameType": "MATCHED_GAME",
    "subType": "RANKED_SOLO_5x5",
    "mapId": 1,
    "teamId": 200,
    "championId": 7,
    "spell1": 4,
    "spell2": 14,
    "level": 30,
    "ipEarned": 67,
    "createDate": 1399031550470,
    "fellowPlayers": [
      {
        "summonerId": 22113515,
        "teamId": 100,
        "championId": 24
      },
      {
        "summonerId": 34523699,
        "teamId": 100,
        "championId": 238
      },
      {
        "summonerId": 36554148,
        "teamId": 200,
        "championId": 39
      },
      {
        "summonerId": 31408757,
        "teamId": 100,
        "championId": 412
      },
      {
        "summonerId": 37224254,
        "teamId": 100,
        "championId": 19
      },
      {
        "summonerId": 25550400,
        "teamId": 200,
        "championId": 222
      },
      {
        "summonerId": 36824407,
        "teamId": 100,
        "championId": 29
      },
      {
        "summonerId": 31817512,
        "teamId": 200,
        "championId": 35
      },
      {
        "summonerId": 22437255,
        "teamId": 200,
        "championId": 37
      }
    ],
    "stats": {
      "level": 15,
      "goldEarned": 9623,
      "numDeaths": 9,
      "minionsKilled": 57,
      "championsKilled": 7,
      "goldSpent": 9405,
      "totalDamageDealt": 51767,
      "totalDamageTaken": 20971,
      "killingSprees": 2,
      "largestKillingSpree": 3,
      "team": 200,
      "win": false,
      "neutralMinionsKilled": 1,
      "largestMultiKill": 1,
      "physicalDamageDealtPlayer": 15014,
      "magicDamageDealtPlayer": 36307,
      "physicalDamageTaken": 15708,
      "magicDamageTaken": 3928,
      "timePlayed": 2207,
      "totalHeal": 555,
      "totalUnitsHealed": 1,
      "assists": 10,
      "item0": 1058,
      "item1": 3020,
      "item2": 3089,
      "item3": 3165,
      "item4": 1052,
      "item5": 1029,
      "item6": 3340,
      "magicDamageDealtToChampions": 24370,
      "physicalDamageDealtToChampions": 1424,
      "totalDamageDealtToChampions": 26241,
      "trueDamageDealtPlayer": 446,
      "trueDamageDealtToChampions": 446,
      "trueDamageTaken": 1334,
      "wardPlaced": 8,
      "neutralMinionsKilledYourJungle": 1,
      "totalTimeCrowdControlDealt": 85
    }
  },
  "37224254": {
    "gameId": 825975998,
    "invalid": false,
    "gameMode": "CLASSIC",
    "gameType": "MATCHED_GAME",
    "subType": "RANKED_SOLO_5x5",
    "mapId": 1,
    "teamId": 100,
    "championId": 19,
    "spell1": 11,
    "spell2": 4,
    "level": 30,
    "ipEarned": 101,
    "createDate": 1399031550466,
    "fellowPlayers": [
      {
        "summonerId": 22113515,
        "teamId": 100,
        "championId": 24
      },
      {
        "summonerId": 34523699,
        "teamId": 100,
        "championId": 238
      },
      {
        "summonerId": 36554148,
        "teamId": 200,
        "championId": 39
      },
      {
        "summonerId": 31408757,
        "teamId": 100,
        "championId": 412
      },
      {
        "summonerId": 25550400,
        "teamId": 200,
        "championId": 222
      },
      {
        "summonerId": 36824407,
        "teamId": 100,
        "championId": 29
      },
      {
        "summonerId": 31817512,
        "teamId": 200,
        "championId": 35
      },
      {
        "summonerId": 42350385,
        "teamId": 200,
        "championId": 7
      },
      {
        "summonerId": 22437255,
        "teamId": 200,
        "championId": 37
      }
    ],
    "stats": {
      "level": 18,
      "goldEarned": 14131,
      "numDeaths": 4,
      "barracksKilled": 1,
      "minionsKilled": 26,
      "championsKilled": 9,
      "goldSpent": 12880,
      "totalDamageDealt": 122843,
      "totalDamageTaken": 45781,
      "doubleKills": 1,
      "killingSprees": 2,
      "largestKillingSpree": 4,
      "team": 100,
      "win": true,
      "neutralMinionsKilled": 63,
      "largestMultiKill": 2,
      "physicalDamageDealtPlayer": 62786,
      "magicDamageDealtPlayer": 43852,
      "physicalDamageTaken": 29630,
      "magicDamageTaken": 14861,
      "timePlayed": 2207,
      "totalHeal": 21391,
      "totalUnitsHealed": 1,
      "assists": 16,
      "item0": 3207,
      "item1": 3153,
      "item2": 3009,
      "item3": 3068,
      "item4": 3065,
      "item5": 1011,
      "item6": 3341,
      "magicDamageDealtToChampions": 13128,
      "physicalDamageDealtToChampions": 7590,
      "totalDamageDealtToChampions": 21097,
      "trueDamageDealtPlayer": 16204,
      "trueDamageDealtToChampions": 378,
      "trueDamageTaken": 1290,
      "wardKilled": 1,
      "neutralMinionsKilledEnemyJungle": 12,
      "neutralMinionsKilledYourJungle": 51,
      "totalTimeCrowdControlDealt": 563
    }
  },
  "36554148": {
    "gameId": 825975998,
    "invalid": false,
    "gameMode": "CLASSIC",
    "gameType": "MATCHED_GAME",
    "subType": "RANKED_SOLO_5x5",
    "mapId": 1,
    "teamId": 200,
    "championId": 39,
    "spell1": 12,
    "spell2": 4,
    "level": 30,
    "ipEarned": 67,
    "createDate": 1399031550474,
    "fellowPlayers": [
      {
        "summonerId": 22113515,
        "teamId": 100,
        "championId": 24
      },
      {
        "summonerId": 34523699,
        "teamId": 100,
        "championId": 238
      },
      {
        "summonerId": 31408757,
        "teamId": 100,
        "championId": 412
      },
      {
        "summonerId": 37224254,
        "teamId": 100,
        "championId": 19
      },
      {
        "summonerId": 25550400,
        "teamId": 200,
        "championId": 222
      },
      {
        "summonerId": 36824407,
        "teamId": 100,
        "championId": 29
      },
      {
        "summonerId": 31817512,
        "teamId": 200,
        "championId": 35
      },
      {
        "summonerId": 42350385,
        "teamId": 200,
        "championId": 7
      },
      {
        "summonerId": 22437255,
        "teamId": 200,
        "championId": 37
      }
    ],
    "stats": {
      "level": 17,
      "goldEarned": 12089,
      "numDeaths": 10,
      "minionsKilled": 208,
      "championsKilled": 7,
      "goldSpent": 11448,
      "totalDamageDealt": 114114,
      "totalDamageTaken": 39396,
      "killingSprees": 1,
      "largestKillingSpree": 2,
      "team": 200,
      "win": false,
      "neutralMinionsKilled": 5,
      "largestMultiKill": 1,
      "physicalDamageDealtPlayer": 98737,
      "magicDamageDealtPlayer": 3857,
      "physicalDamageTaken": 29930,
      "magicDamageTaken": 8167,
      "largestCriticalStrike": 370,
      "timePlayed": 2207,
      "totalHeal": 7994,
      "totalUnitsHealed": 1,
      "assists": 7,
      "item0": 1055,
      "item1": 3153,
      "item2": 3143,
      "item3": 3078,
      "item4": 3047,
      "item6": 3340,
      "magicDamageDealtToChampions": 3857,
      "physicalDamageDealtToChampions": 16121,
      "totalDamageDealtToChampions": 22678,
      "trueDamageDealtPlayer": 11520,
      "trueDamageDealtToChampions": 2700,
      "trueDamageTaken": 1298,
      "wardKilled": 1,
      "wardPlaced": 6,
      "neutralMinionsKilledEnemyJungle": 3,
      "neutralMinionsKilledYourJungle": 2,
      "totalTimeCrowdControlDealt": 93
    }
  },
  "31408757": {
    "gameId": 825975998,
    "invalid": false,
    "gameMode": "CLASSIC",
    "gameType": "MATCHED_GAME",
    "subType": "RANKED_SOLO_5x5",
    "mapId": 1,
    "teamId": 100,
    "championId": 412,
    "spell1": 4,
    "spell2": 3,
    "level": 30,
    "ipEarned": 101,
    "createDate": 1399031550469,
    "fellowPlayers": [
      {
        "summonerId": 22113515,
        "teamId": 100,
        "championId": 24
      },
      {
        "summonerId": 34523699,
        "teamId": 100,
        "championId": 238
      },
      {
        "summonerId": 36554148,
        "teamId": 200,
        "championId": 39
      },
      {
        "summonerId": 37224254,
        "teamId": 100,
        "championId": 19
      },
      {
        "summonerId": 25550400,
        "teamId": 200,
        "championId": 222
      },
      {
        "summonerId": 36824407,
        "teamId": 100,
        "championId": 29
      },
      {
        "summonerId": 31817512,
        "teamId": 200,
        "championId": 35
      },
      {
        "summonerId": 42350385,
        "teamId": 200,
        "championId": 7
      },
      {
        "summonerId": 22437255,
        "teamId": 200,
        "championId": 37
      }
    ],
    "stats": {
      "level": 17,
      "goldEarned": 13384,
      "numDeaths": 11,
      "turretsKilled": 1,
      "minionsKilled": 50,
      "championsKilled": 1,
      "goldSpent": 10815,
      "totalDamageDealt": 37552,
      "totalDamageTaken": 36340,
      "team": 100,
      "win": true,
      "neutralMinionsKilled": 1,
      "largestMultiKill": 1,
      "physicalDamageDealtPlayer": 10962,
      "magicDamageDealtPlayer": 26589,
      "physicalDamageTaken": 22256,
      "magicDamageTaken": 13458,
      "timePlayed": 2207,
      "totalHeal": 670,
      "totalUnitsHealed": 1,
      "assists": 33,
      "item0": 3143,
      "item1": 3069,
      "item2": 2045,
      "item3": 3270,
      "item4": 1011,
      "item5": 1028,
      "item6": 3340,
      "sightWardsBought": 1,
      "visionWardsBought": 3,
      "magicDamageDealtToChampions": 9935,
      "physicalDamageDealtToChampions": 2262,
      "totalDamageDealtToChampions": 12198,
      "trueDamageTaken": 625,
      "wardKilled": 5,
      "wardPlaced": 25,
      "neutralMinionsKilledEnemyJungle": 1,
      "totalTimeCrowdControlDealt": 499
    }
  },
  "36824407": {
    "gameId": 825975998,
    "invalid": false,
    "gameMode": "CLASSIC",
    "gameType": "MATCHED_GAME",
    "subType": "RANKED_SOLO_5x5",
    "mapId": 1,
    "teamId": 100,
    "championId": 29,
    "spell1": 7,
    "spell2": 4,
    "level": 30,
    "ipEarned": 101,
    "createDate": 1399031550464,
    "fellowPlayers": [
      {
        "summonerId": 22113515,
        "teamId": 100,
        "championId": 24
      },
      {
        "summonerId": 34523699,
        "teamId": 100,
        "championId": 238
      },
      {
        "summonerId": 36554148,
        "teamId": 200,
        "championId": 39
      },
      {
        "summonerId": 31408757,
        "teamId": 100,
        "championId": 412
      },
      {
        "summonerId": 37224254,
        "teamId": 100,
        "championId": 19
      },
      {
        "summonerId": 25550400,
        "teamId": 200,
        "championId": 222
      },
      {
        "summonerId": 31817512,
        "teamId": 200,
        "championId": 35
      },
      {
        "summonerId": 42350385,
        "teamId": 200,
        "championId": 7
      },
      {
        "summonerId": 22437255,
        "teamId": 200,
        "championId": 37
      }
    ],
    "stats": {
      "level": 18,
      "goldEarned": 19354,
      "numDeaths": 5,
      "turretsKilled": 1,
      "minionsKilled": 193,
      "championsKilled": 25,
      "goldSpent": 17705,
      "totalDamageDealt": 214102,
      "totalDamageTaken": 31241,
      "doubleKills": 4,
      "tripleKills": 1,
      "quadraKills": 1,
      "pentaKills": 1,
      "killingSprees": 3,
      "largestKillingSpree": 12,
      "team": 100,
      "win": true,
      "neutralMinionsKilled": 37,
      "largestMultiKill": 5,
      "physicalDamageDealtPlayer": 204383,
      "physicalDamageTaken": 18931,
      "magicDamageTaken": 12173,
      "largestCriticalStrike": 977,
      "timePlayed": 2207,
      "totalHeal": 4774,
      "totalUnitsHealed": 4,
      "assists": 9,
      "item0": 3031,
      "item1": 3072,
      "item2": 3250,
      "item3": 3046,
      "item4": 3035,
      "item5": 3026,
      "item6": 3340,
      "physicalDamageDealtToChampions": 33683,
      "totalDamageDealtToChampions": 37505,
      "trueDamageDealtPlayer": 9719,
      "trueDamageDealtToChampions": 3822,
      "trueDamageTaken": 137,
      "wardKilled": 2,
      "wardPlaced": 9,
      "neutralMinionsKilledEnemyJungle": 13,
      "neutralMinionsKilledYourJungle": 24,
      "totalTimeCrowdControlDealt": 586
    }
  },
  "22113515": {
    "gameId": 825975998,
    "invalid": false,
    "gameMode": "CLASSIC",
    "gameType": "MATCHED_GAME",
    "subType": "RANKED_SOLO_5x5",
    "mapId": 1,
    "teamId": 100,
    "championId": 24,
    "spell1": 4,
    "spell2": 14,
    "level": 30,
    "ipEarned": 101,
    "createDate": 1399031550468,
    "fellowPlayers": [
      {
        "summonerId": 34523699,
        "teamId": 100,
        "championId": 238
      },
      {
        "summonerId": 36554148,
        "teamId": 200,
        "championId": 39
      },
      {
        "summonerId": 31408757,
        "teamId": 100,
        "championId": 412
      },
      {
        "summonerId": 37224254,
        "teamId": 100,
        "championId": 19
      },
      {
        "summonerId": 25550400,
        "teamId": 200,
        "championId": 222
      },
      {
        "summonerId": 36824407,
        "teamId": 100,
        "championId": 29
      },
      {
        "summonerId": 31817512,
        "teamId": 200,
        "championId": 35
      },
      {
        "summonerId": 42350385,
        "teamId": 200,
        "championId": 7
      },
      {
        "summonerId": 22437255,
        "teamId": 200,
        "championId": 37
      }
    ],
    "stats": {
      "level": 17,
      "goldEarned": 12661,
      "numDeaths": 9,
      "turretsKilled": 4,
      "minionsKilled": 155,
      "championsKilled": 7,
      "goldSpent": 9695,
      "totalDamageDealt": 121995,
      "totalDamageTaken": 32170,
      "killingSprees": 3,
      "largestKillingSpree": 2,
      "team": 100,
      "win": true,
      "neutralMinionsKilled": 1,
      "largestMultiKill": 1,
      "physicalDamageDealtPlayer": 101513,
      "magicDamageDealtPlayer": 19679,
      "physicalDamageTaken": 21551,
      "magicDamageTaken": 8809,
      "largestCriticalStrike": 403,
      "timePlayed": 2207,
      "totalHeal": 4001,
      "totalUnitsHealed": 1,
      "assists": 11,
      "item0": 1028,
      "item1": 3153,
      "item2": 3143,
      "item3": 1055,
      "item4": 3111,
      "item5": 3086,
      "item6": 3340,
      "magicDamageDealtToChampions": 5993,
      "physicalDamageDealtToChampions": 18782,
      "totalDamageDealtToChampions": 25263,
      "trueDamageDealtPlayer": 803,
      "trueDamageDealtToChampions": 488,
      "trueDamageTaken": 1809,
      "wardPlaced": 11,
      "neutralMinionsKilledEnemyJungle": 1,
      "totalTimeCrowdControlDealt": 276
    }
  },
  "22437255": {
    "gameId": 825975998,
    "invalid": false,
    "gameMode": "CLASSIC",
    "gameType": "MATCHED_GAME",
    "subType": "RANKED_SOLO_5x5",
    "mapId": 1,
    "teamId": 200,
    "championId": 37,
    "spell1": 4,
    "spell2": 3,
    "level": 30,
    "ipEarned": 67,
    "createDate": 1399031550471,
    "fellowPlayers": [
      {
        "summonerId": 22113515,
        "teamId": 100,
        "championId": 24
      },
      {
        "summonerId": 34523699,
        "teamId": 100,
        "championId": 238
      },
      {
        "summonerId": 36554148,
        "teamId": 200,
        "championId": 39
      },
      {
        "summonerId": 31408757,
        "teamId": 100,
        "championId": 412
      },
      {
        "summonerId": 37224254,
        "teamId": 100,
        "championId": 19
      },
      {
        "summonerId": 25550400,
        "teamId": 200,
        "championId": 222
      },
      {
        "summonerId": 36824407,
        "teamId": 100,
        "championId": 29
      },
      {
        "summonerId": 31817512,
        "teamId": 200,
        "championId": 35
      },
      {
        "summonerId": 42350385,
        "teamId": 200,
        "championId": 7
      }
    ],
    "stats": {
      "level": 15,
      "goldEarned": 11253,
      "numDeaths": 11,
      "minionsKilled": 25,
      "championsKilled": 3,
      "goldSpent": 10275,
      "totalDamageDealt": 42869,
      "totalDamageTaken": 25627,
      "team": 200,
      "win": false,
      "largestMultiKill": 1,
      "physicalDamageDealtPlayer": 10799,
      "magicDamageDealtPlayer": 32069,
      "physicalDamageTaken": 17494,
      "magicDamageTaken": 7238,
      "timePlayed": 2207,
      "totalHeal": 6167,
      "totalUnitsHealed": 6,
      "assists": 21,
      "item1": 3255,
      "item2": 3151,
      "item3": 2045,
      "item4": 3100,
      "item6": 3364,
      "sightWardsBought": 2,
      "magicDamageDealtToChampions": 23620,
      "physicalDamageDealtToChampions": 4640,
      "totalDamageDealtToChampions": 28260,
      "trueDamageTaken": 894,
      "wardKilled": 5,
      "wardPlaced": 26,
      "totalTimeCrowdControlDealt": 63
    }
  },
  "31817512": {
    "gameId": 825975998,
    "invalid": false,
    "gameMode": "CLASSIC",
    "gameType": "MATCHED_GAME",
    "subType": "RANKED_SOLO_5x5",
    "mapId": 1,
    "teamId": 200,
    "championId": 35,
    "spell1": 4,
    "spell2": 11,
    "level": 30,
    "ipEarned": 67,
    "createDate": 1399031550475,
    "fellowPlayers": [
      {
        "summonerId": 22113515,
        "teamId": 100,
        "championId": 24
      },
      {
        "summonerId": 34523699,
        "teamId": 100,
        "championId": 238
      },
      {
        "summonerId": 36554148,
        "teamId": 200,
        "championId": 39
      },
      {
        "summonerId": 31408757,
        "teamId": 100,
        "championId": 412
      },
      {
        "summonerId": 37224254,
        "teamId": 100,
        "championId": 19
      },
      {
        "summonerId": 25550400,
        "teamId": 200,
        "championId": 222
      },
      {
        "summonerId": 36824407,
        "teamId": 100,
        "championId": 29
      },
      {
        "summonerId": 42350385,
        "teamId": 200,
        "championId": 7
      },
      {
        "summonerId": 22437255,
        "teamId": 200,
        "championId": 37
      }
    ],
    "stats": {
      "level": 14,
      "goldEarned": 10086,
      "numDeaths": 11,
      "minionsKilled": 50,
      "championsKilled": 7,
      "goldSpent": 9680,
      "totalDamageDealt": 73427,
      "totalDamageTaken": 26875,
      "team": 200,
      "win": false,
      "neutralMinionsKilled": 29,
      "largestMultiKill": 1,
      "physicalDamageDealtPlayer": 47021,
      "magicDamageDealtPlayer": 21669,
      "physicalDamageTaken": 22494,
      "magicDamageTaken": 3428,
      "largestCriticalStrike": 522,
      "timePlayed": 2207,
      "totalHeal": 856,
      "totalUnitsHealed": 1,
      "assists": 7,
      "item0": 3154,
      "item1": 3006,
      "item2": 3031,
      "item3": 3087,
      "item4": 1051,
      "item6": 3340,
      "magicDamageDealtToChampions": 7483,
      "physicalDamageDealtToChampions": 9209,
      "totalDamageDealtToChampions": 16758,
      "trueDamageDealtPlayer": 4736,
      "trueDamageDealtToChampions": 66,
      "trueDamageTaken": 952,
      "wardPlaced": 3,
      "neutralMinionsKilledEnemyJungle": 2,
      "neutralMinionsKilledYourJungle": 27,
      "totalTimeCrowdControlDealt": 549
    }
  },
  "25550400": {
    "gameId": 825975998,
    "invalid": false,
    "gameMode": "CLASSIC",
    "gameType": "MATCHED_GAME",
    "subType": "RANKED_SOLO_5x5",
    "mapId": 1,
    "teamId": 200,
    "championId": 222,
    "spell1": 4,
    "spell2": 14,
    "level": 30,
    "ipEarned": 67,
    "createDate": 1399031550473,
    "fellowPlayers": [
      {
        "summonerId": 22113515,
        "teamId": 100,
        "championId": 24
      },
      {
        "summonerId": 34523699,
        "teamId": 100,
        "championId": 238
      },
      {
        "summonerId": 36554148,
        "teamId": 200,
        "championId": 39
      },
      {
        "summonerId": 31408757,
        "teamId": 100,
        "championId": 412
      },
      {
        "summonerId": 37224254,
        "teamId": 100,
        "championId": 19
      },
      {
        "summonerId": 36824407,
        "teamId": 100,
        "championId": 29
      },
      {
        "summonerId": 31817512,
        "teamId": 200,
        "championId": 35
      },
      {
        "summonerId": 42350385,
        "teamId": 200,
        "championId": 7
      },
      {
        "summonerId": 22437255,
        "teamId": 200,
        "championId": 37
      }
    ],
    "stats": {
      "level": 15,
      "goldEarned": 13306,
      "numDeaths": 15,
      "turretsKilled": 4,
      "minionsKilled": 136,
      "championsKilled": 14,
      "goldSpent": 12535,
      "totalDamageDealt": 125322,
      "totalDamageTaken": 30022,
      "doubleKills": 1,
      "killingSprees": 4,
      "largestKillingSpree": 3,
      "team": 200,
      "win": false,
      "neutralMinionsKilled": 5,
      "largestMultiKill": 2,
      "physicalDamageDealtPlayer": 121034,
      "magicDamageDealtPlayer": 3256,
      "physicalDamageTaken": 21311,
      "magicDamageTaken": 7509,
      "largestCriticalStrike": 598,
      "timePlayed": 2207,
      "totalHeal": 1312,
      "totalUnitsHealed": 1,
      "assists": 9,
      "item0": 3046,
      "item1": 3072,
      "item2": 3006,
      "item3": 1038,
      "item4": 3035,
      "item5": 1018,
      "item6": 3340,
      "magicDamageDealtToChampions": 2287,
      "physicalDamageDealtToChampions": 34160,
      "totalDamageDealtToChampions": 37480,
      "trueDamageDealtPlayer": 1032,
      "trueDamageDealtToChampions": 1032,
      "trueDamageTaken": 1202,
      "wardPlaced": 6,
      "neutralMinionsKilledYourJungle": 5,
      "totalTimeCrowdControlDealt": 106
    }
  }
}