{
  "24368315": {
    "gameId": 825983828,
    "invalid": false,
    "gameMode": "CLASSIC",
    "gameType": "MATCHED_GAME",
    "subType": "NORMAL",
    "mapId": 1,
    "teamId": 100,
    "championId": 19,
    "spell1": 11,
    "spell2": 4,
    "level": 30,
    "ipEarned": 76,
    "createDate": 1399030410658,
    "fellowPlayers": [
      {
        "summonerId": 31281719,
        "teamId": 100,
        "championId": 24
      },
      {
        "summonerId": 25899712,
        "teamId": 200,
        "championId": 82
      },
      {
        "summonerId": 34436169,
        "teamId": 200,
        "championId": 104
      },
      {
        "summonerId": 25175792,
        "teamId": 100,
        "championId": 4
      },
      {
        "summonerId": 23630971,
        "teamId": 200,
        "championId": 61
      },
      {
        "summonerId": 23929093,
        "teamId": 100,
        "championId": 25
      },
      {
        "summonerId": 41664387,
        "teamId": 200,
        "championId": 89
      },
      {
        "summonerId": 19303565,
        "teamId": 200,
        "championId": 48
      },
      {
        "summonerId": 24655016,
        "teamId": 100,
        "championId": 69
      }
    ],
    "stats": {
      "level": 15,
      "goldEarned": 10472,
      "barracksKilled": 1,
      "minionsKilled": 17,
      "championsKilled": 7,
      "goldSpent": 8465,
      "totalDamageDealt": 153500,
      "totalDamageTaken": 25569,
      "doubleKills": 1,
      "killingSprees": 1,
      "largestKillingSpree": 7,
      "team": 100,
      "win": true,
      "neutralMinionsKilled": 108,
      "largestMultiKill": 2,
      "physicalDamageDealtPlayer": 61284,
      "magicDamageDealtPlayer": 76229,
      "physicalDamageTaken": 20769,
      "magicDamageTaken": 4260,
      "timePlayed": 1475,
      "totalHeal": 19894,
      "totalUnitsHealed": 1,
      "assists": 11,
      "item0": 3160,
      "item1": 3091,
      "item2": 3068,
      "item3": 2043,
      "item4": 3111,
      "item5": 2004,
      "item6": 3341,
      "visionWardsBought": 1,
      "magicDamageDealtToChampions": 5813,
      "physicalDamageDealtToChampions": 1833,
      "totalDamageDealtToChampions": 8312,
      "trueDamageDealtPlayer": 15986,
      "trueDamageDealtToChampions": 666,
      "trueDamageTaken": 540,
      "wardKilled": 3,
      "neutralMinionsKilledEnemyJungle": 34,
      "neutralMinionsKilledYourJungle": 74,
      "totalTimeCrowdControlDealt": 1307
    }
  },
  "summonerCount": 10,
  "23929093": {
    "gameId": 825983828,
    "invalid": false,
    "gameMode": "CLASSIC",
    "gameType": "MATCHED_GAME",
    "subType": "NORMAL",
    "mapId": 1,
    "teamId": 100,
    "championId": 25,
    "spell1": 3,
    "spell2": 4,
    "level": 30,
    "ipEarned": 76,
    "createDate": 1399030410663,
    "fellowPlayers": [
      {
        "summonerId": 31281719,
        "teamId": 100,
        "championId": 24
      },
      {
        "summonerId": 25899712,
        "teamId": 200,
        "championId": 82
      },
      {
        "summonerId": 34436169,
        "teamId": 200,
        "championId": 104
      },
      {
        "summonerId": 25175792,
        "teamId": 100,
        "championId": 4
      },
      {
        "summonerId": 23630971,
        "teamId": 200,
        "championId": 61
      },
      {
        "summonerId": 41664387,
        "teamId": 200,
        "championId": 89
      },
      {
        "summonerId": 19303565,
        "teamId": 200,
        "championId": 48
      },
      {
        "summonerId": 24368315,
        "teamId": 100,
        "championId": 19
      },
      {
        "summonerId": 24655016,
        "teamId": 100,
        "championId": 69
      }
    ],
    "stats": {
      "level": 14,
      "goldEarned": 9932,
      "turretsKilled": 1,
      "minionsKilled": 14,
      "championsKilled": 3,
      "goldSpent": 7680,
      "totalDamageDealt": 27901,
      "totalDamageTaken": 6003,
      "killingSprees": 1,
      "largestKillingSpree": 3,
      "team": 100,
      "win": true,
      "neutralMinionsKilled": 1,
      "largestMultiKill": 1,
      "physicalDamageDealtPlayer": 8927,
      "magicDamageDealtPlayer": 18974,
      "physicalDamageTaken": 3318,
      "magicDamageTaken": 2685,
      "timePlayed": 1475,
      "totalHeal": 40,
      "totalUnitsHealed": 1,
      "assists": 18,
      "item0": 2049,
      "item1": 3157,
      "item2": 3158,
      "item3": 3098,
      "item4": 3028,
      "item5": 1052,
      "item6": 3341,
      "sightWardsBought": 4,
      "magicDamageDealtToChampions": 9596,
      "physicalDamageDealtToChampions": 900,
      "totalDamageDealtToChampions": 10496,
      "wardPlaced": 18,
      "neutralMinionsKilledEnemyJungle": 1,
      "totalTimeCrowdControlDealt": 107
    }
  },
  "19303565": {
    "gameId": 825983828,
    "invalid": false,
    "gameMode": "CLASSIC",
    "gameType": "MATCHED_GAME",
    "subType": "NORMAL",
    "mapId": 1,
    "teamId": 200,
    "championId": 48,
    "spell1": 11,
    "spell2": 4,
    "level": 30,
    "ipEarned": 51,
    "createDate": 1399030410667,
    "fellowPlayers": [
      {
        "summonerId": 31281719,
        "teamId": 100,
        "championId": 24
      },
      {
        "summonerId": 25899712,
        "teamId": 200,
        "championId": 82
      },
      {
        "summonerId": 34436169,
        "teamId": 200,
        "championId": 104
      },
      {
        "summonerId": 25175792,
        "teamId": 100,
        "championId": 4
      },
      {
        "summonerId": 23630971,
        "teamId": 200,
        "championId": 61
      },
      {
        "summonerId": 23929093,
        "teamId": 100,
        "championId": 25
      },
      {
        "summonerId": 41664387,
        "teamId": 200,
        "championId": 89
      },
      {
        "summonerId": 24368315,
        "teamId": 100,
        "championId": 19
      },
      {
        "summonerId": 24655016,
        "teamId": 100,
        "championId": 69
      }
    ],
    "stats": {
      "level": 11,
      "goldEarned": 5523,
      "numDeaths": 7,
      "minionsKilled": 23,
      "championsKilled": 1,
      "goldSpent": 4680,
      "totalDamageDealt": 62541,
      "totalDamageTaken": 20600,
      "team": 200,
      "win": false,
      "neutralMinionsKilled": 49,
      "largestMultiKill": 1,
      "physicalDamageDealtPlayer": 44321,
      "magicDamageDealtPlayer": 11266,
      "physicalDamageTaken": 10255,
      "magicDamageTaken": 9938,
      "timePlayed": 1475,
      "totalHeal": 5439,
      "totalUnitsHealed": 1,
      "assists": 1,
      "item0": 2003,
      "item1": 3154,
      "item2": 3144,
      "item3": 3117,
      "item4": 1028,
      "item6": 3341,
      "magicDamageDealtToChampions": 760,
      "physicalDamageDealtToChampions": 3257,
      "totalDamageDealtToChampions": 4179,
      "trueDamageDealtPlayer": 6954,
      "trueDamageDealtToChampions": 162,
      "trueDamageTaken": 406,
      "wardKilled": 2,
      "wardPlaced": 1,
      "neutralMinionsKilledEnemyJungle": 5,
      "neutralMinionsKilledYourJungle": 44,
      "totalTimeCrowdControlDealt": 297
    }
  },
  "25899712": {
    "gameId": 825983828,
    "invalid": false,
    "gameMode": "CLASSIC",
    "gameType": "MATCHED_GAME",
    "subType": "NORMAL",
    "mapId": 1,
    "teamId": 200,
    "championId": 82,
    "spell1": 4,
    "spell2": 14,
    "level": 30,
    "ipEarned": 51,
    "createDate": 1399030410670,
    "fellowPlayers": [
      {
        "summonerId": 31281719,
        "teamId": 100,
        "championId": 24
      },
      {
        "summonerId": 34436169,
        "teamId": 200,
        "championId": 104
      },
      {
        "summonerId": 25175792,
        "teamId": 100,
        "championId": 4
      },
      {
        "summonerId": 23630971,
        "teamId": 200,
        "championId": 61
      },
      {
        "summonerId": 23929093,
        "teamId": 100,
        "championId": 25
      },
      {
        "summonerId": 41664387,
        "teamId": 200,
        "championId": 89
      },
      {
        "summonerId": 19303565,
        "teamId": 200,
        "championId": 48
      },
      {
        "summonerId": 24368315,
        "teamId": 100,
        "championId": 19
      },
      {
        "summonerId": 24655016,
        "teamId": 100,
        "championId": 69
      }
    ],
    "stats": {
      "level": 12,
      "goldEarned": 6649,
      "numDeaths": 5,
      "minionsKilled": 123,
      "championsKilled": 2,
      "goldSpent": 5565,
      "totalDamageDealt": 80140,
      "totalDamageTaken": 9437,
      "team": 200,
      "win": false,
      "neutralMinionsKilled": 11,
      "largestMultiKill": 1,
      "physicalDamageDealtPlayer": 10260,
      "magicDamageDealtPlayer": 68954,
      "physicalDamageTaken": 4658,
      "magicDamageTaken": 3950,
      "timePlayed": 1475,
      "totalHeal": 1774,
      "totalUnitsHealed": 1,
      "item0": 1054,
      "item1": 3145,
      "item2": 2003,
      "item3": 3047,
      "item4": 3136,
      "item5": 3191,
      "item6": 3340,
      "magicDamageDealtToChampions": 9532,
      "physicalDamageDealtToChampions": 1076,
      "totalDamageDealtToChampions": 11535,
      "trueDamageDealtPlayer": 926,
      "trueDamageDealtToChampions": 926,
      "trueDamageTaken": 828,
      "wardPlaced": 6,
      "neutralMinionsKilledYourJungle": 11
    }
  },
  "23630971": {
    "gameId": 825983828,
    "invalid": false,
    "gameMode": "CLASSIC",
    "gameType": "MATCHED_GAME",
    "subType": "NORMAL",
    "mapId": 1,
    "teamId": 200,
    "championId": 61,
    "spell1": 21,
    "spell2": 4,
    "level": 30,
    "ipEarned": 51,
    "createDate": 1399030410665,
    "fellowPlayers": [
      {
        "summonerId": 31281719,
        "teamId": 100,
        "championId": 24
      },
      {
        "summonerId": 25899712,
        "teamId": 200,
        "championId": 82
      },
      {
        "summonerId": 34436169,
        "teamId": 200,
        "championId": 104
      },
      {
        "summonerId": 25175792,
        "teamId": 100,
        "championId": 4
      },
      {
        "summonerId": 23929093,
        "teamId": 100,
        "championId": 25
      },
      {
        "summonerId": 41664387,
        "teamId": 200,
        "championId": 89
      },
      {
        "summonerId": 19303565,
        "teamId": 200,
        "championId": 48
      },
      {
        "summonerId": 24368315,
        "teamId": 100,
        "championId": 19
      },
      {
        "summonerId": 24655016,
        "teamId": 100,
        "championId": 69
      }
    ],
    "stats": {
      "level": 13,
      "goldEarned": 7662,
      "numDeaths": 7,
      "minionsKilled": 127,
      "championsKilled": 4,
      "goldSpent": 7350,
      "totalDamageDealt": 75320,
      "totalDamageTaken": 13752,
      "killingSprees": 1,
      "largestKillingSpree": 2,
      "team": 200,
      "win": false,
      "neutralMinionsKilled": 7,
      "largestMultiKill": 1,
      "physicalDamageDealtPlayer": 10827,
      "magicDamageDealtPlayer": 64492,
      "physicalDamageTaken": 3596,
      "magicDamageTaken": 10014,
      "timePlayed": 1475,
      "totalHeal": 243,
      "totalUnitsHealed": 1,
      "assists": 3,
      "item0": 1056,
      "item1": 1052,
      "item2": 3020,
      "item3": 3174,
      "item4": 1058,
      "item5": 1026,
      "item6": 3340,
      "sightWardsBought": 1,
      "magicDamageDealtToChampions": 10445,
      "physicalDamageDealtToChampions": 1704,
      "totalDamageDealtToChampions": 12150,
      "trueDamageTaken": 142,
      "wardPlaced": 4,
      "neutralMinionsKilledYourJungle": 7,
      "totalTimeCrowdControlDealt": 1262
    }
  },
  "31281719": {
    "gameId": 825983828,
    "invalid": false,
    "gameMode": "CLASSIC",
    "gameType": "MATCHED_GAME",
    "subType": "NORMAL",
    "mapId": 1,
    "teamId": 100,
    "championId": 24,
    "spell1": 14,
    "spell2": 4,
    "level": 30,
    "ipEarned": 76,
    "createDate": 1399030410661,
    "fellowPlayers": [
      {
        "summonerId": 25899712,
        "teamId": 200,
        "championId": 82
      },
      {
        "summonerId": 34436169,
        "teamId": 200,
        "championId": 104
      },
      {
        "summonerId": 25175792,
        "teamId": 100,
        "championId": 4
      },
      {
        "summonerId": 23630971,
        "teamId": 200,
        "championId": 61
      },
      {
        "summonerId": 23929093,
        "teamId": 100,
        "championId": 25
      },
      {
        "summonerId": 41664387,
        "teamId": 200,
        "championId": 89
      },
      {
        "summonerId": 19303565,
        "teamId": 200,
        "championId": 48
      },
      {
        "summonerId": 24368315,
        "teamId": 100,
        "championId": 19
      },
      {
        "summonerId": 24655016,
        "teamId": 100,
        "championId": 69
      }
    ],
    "stats": {
      "level": 15,
      "goldEarned": 9882,
      "numDeaths": 1,
      "turretsKilled": 3,
      "minionsKilled": 152,
      "championsKilled": 8,
      "goldSpent": 7470,
      "totalDamageDealt": 79030,
      "totalDamageTaken": 15830,
      "doubleKills": 1,
      "tripleKills": 1,
      "killingSprees": 1,
      "largestKillingSpree": 8,
      "team": 100,
      "win": true,
      "neutralMinionsKilled": 2,
      "largestMultiKill": 3,
      "physicalDamageDealtPlayer": 64414,
      "magicDamageDealtPlayer": 13850,
      "physicalDamageTaken": 7098,
      "magicDamageTaken": 7806,
      "timePlayed": 1475,
      "totalHeal": 578,
      "totalUnitsHealed": 1,
      "assists": 2,
      "item0": 3111,
      "item1": 3153,
      "item3": 3057,
      "item4": 1036,
      "item6": 3340,
      "magicDamageDealtToChampions": 3242,
      "physicalDamageDealtToChampions": 6331,
      "totalDamageDealtToChampions": 10338,
      "trueDamageDealtPlayer": 764,
      "trueDamageDealtToChampions": 764,
      "trueDamageTaken": 926,
      "wardPlaced": 6,
      "neutralMinionsKilledEnemyJungle": 2,
      "totalTimeCrowdControlDealt": 45
    }
  },
  "41664387": {
    "gameId": 825983828,
    "invalid": false,
    "gameMode": "CLASSIC",
    "gameType": "MATCHED_GAME",
    "subType": "NORMAL",
    "mapId": 1,
    "teamId": 200,
    "championId": 89,
    "spell1": 3,
    "spell2": 4,
    "level": 30,
    "ipEarned": 51,
    "createDate": 1399030410666,
    "fellowPlayers": [
      {
        "summonerId": 31281719,
        "teamId": 100,
        "championId": 24
      },
      {
        "summonerId": 25899712,
        "teamId": 200,
        "championId": 82
      },
      {
        "summonerId": 34436169,
        "teamId": 200,
        "championId": 104
      },
      {
        "summonerId": 25175792,
        "teamId": 100,
        "championId": 4
      },
      {
        "summonerId": 23630971,
        "teamId": 200,
        "championId": 61
      },
      {
        "summonerId": 23929093,
        "teamId": 100,
        "championId": 25
      },
      {
        "summonerId": 19303565,
        "teamId": 200,
        "championId": 48
      },
      {
        "summonerId": 24368315,
        "teamId": 100,
        "championId": 19
      },
      {
        "summonerId": 24655016,
        "teamId": 100,
        "championId": 69
      }
    ],
    "stats": {
      "level": 11,
      "goldEarned": 5549,
      "numDeaths": 8,
      "minionsKilled": 10,
      "championsKilled": 2,
      "goldSpent": 5115,
      "totalDamageDealt": 10270,
      "totalDamageTaken": 13801,
      "team": 200,
      "win": false,
      "largestMultiKill": 1,
      "physicalDamageDealtPlayer": 3937,
      "magicDamageDealtPlayer": 6333,
      "physicalDamageTaken": 3219,
      "magicDamageTaken": 10446,
      "timePlayed": 1475,
      "totalHeal": 499,
      "totalUnitsHealed": 1,
      "assists": 1,
      "item0": 3096,
      "item1": 2010,
      "item2": 3117,
      "item3": 2045,
      "item4": 3222,
      "item6": 3341,
      "sightWardsBought": 1,
      "magicDamageDealtToChampions": 2917,
      "physicalDamageDealtToChampions": 1352,
      "totalDamageDealtToChampions": 4269,
      "trueDamageTaken": 136,
      "wardKilled": 1,
      "wardPlaced": 10,
      "totalTimeCrowdControlDealt": 33
    }
  },
  "24368315": {
    "gameId": 825983828,
    "invalid": false,
    "gameMode": "CLASSIC",
    "gameType": "MATCHED_GAME",
    "subType": "NORMAL",
    "mapId": 1,
    "teamId": 100,
    "championId": 19,
    "spell1": 11,
    "spell2": 4,
    "level": 30,
    "ipEarned": 76,
    "createDate": 1399030410658,
    "fellowPlayers": [
      {
        "summonerId": 31281719,
        "teamId": 100,
        "championId": 24
      },
      {
        "summonerId": 25899712,
        "teamId": 200,
        "championId": 82
      },
      {
        "summonerId": 34436169,
        "teamId": 200,
        "championId": 104
      },
      {
        "summonerId": 25175792,
        "teamId": 100,
        "championId": 4
      },
      {
        "summonerId": 23630971,
        "teamId": 200,
        "championId": 61
      },
      {
        "summonerId": 23929093,
        "teamId": 100,
        "championId": 25
      },
      {
        "summonerId": 41664387,
        "teamId": 200,
        "championId": 89
      },
      {
        "summonerId": 19303565,
        "teamId": 200,
        "championId": 48
      },
      {
        "summonerId": 24655016,
        "teamId": 100,
        "championId": 69
      }
    ],
    "stats": {
      "level": 15,
      "goldEarned": 10472,
      "barracksKilled": 1,
      "minionsKilled": 17,
      "championsKilled": 7,
      "goldSpent": 8465,
      "totalDamageDealt": 153500,
      "totalDamageTaken": 25569,
      "doubleKills": 1,
      "killingSprees": 1,
      "largestKillingSpree": 7,
      "team": 100,
      "win": true,
      "neutralMinionsKilled": 108,
      "largestMultiKill": 2,
      "physicalDamageDealtPlayer": 61284,
      "magicDamageDealtPlayer": 76229,
      "physicalDamageTaken": 20769,
      "magicDamageTaken": 4260,
      "timePlayed": 1475,
      "totalHeal": 19894,
      "totalUnitsHealed": 1,
      "assists": 11,
      "item0": 3160,
      "item1": 3091,
      "item2": 3068,
      "item3": 2043,
      "item4": 3111,
      "item5": 2004,
      "item6": 3341,
      "visionWardsBought": 1,
      "magicDamageDealtToChampions": 5813,
      "physicalDamageDealtToChampions": 1833,
      "totalDamageDealtToChampions": 8312,
      "trueDamageDealtPlayer": 15986,
      "trueDamageDealtToChampions": 666,
      "trueDamageTaken": 540,
      "wardKilled": 3,
      "neutralMinionsKilledEnemyJungle": 34,
      "neutralMinionsKilledYourJungle": 74,
      "totalTimeCrowdControlDealt": 1307
    }
  },
  "25175792": {
    "gameId": 825983828,
    "invalid": false,
    "gameMode": "CLASSIC",
    "gameType": "MATCHED_GAME",
    "subType": "NORMAL",
    "mapId": 1,
    "teamId": 100,
    "championId": 4,
    "spell1": 4,
    "spell2": 14,
    "level": 30,
    "ipEarned": 76,
    "createDate": 1399030410660,
    "fellowPlayers": [
      {
        "summonerId": 31281719,
        "teamId": 100,
        "championId": 24
      },
      {
        "summonerId": 25899712,
        "teamId": 200,
        "championId": 82
      },
      {
        "summonerId": 34436169,
        "teamId": 200,
        "championId": 104
      },
      {
        "summonerId": 23630971,
        "teamId": 200,
        "championId": 61
      },
      {
        "summonerId": 23929093,
        "teamId": 100,
        "championId": 25
      },
      {
        "summonerId": 41664387,
        "teamId": 200,
        "championId": 89
      },
      {
        "summonerId": 19303565,
        "teamId": 200,
        "championId": 48
      },
      {
        "summonerId": 24368315,
        "teamId": 100,
        "championId": 19
      },
      {
        "summonerId": 24655016,
        "teamId": 100,
        "championId": 69
      }
    ],
    "stats": {
      "level": 13,
      "goldEarned": 9713,
      "numDeaths": 6,
      "turretsKilled": 1,
      "minionsKilled": 117,
      "championsKilled": 7,
      "goldSpent": 8930,
      "totalDamageDealt": 84966,
      "totalDamageTaken": 11280,
      "killingSprees": 2,
      "largestKillingSpree": 3,
      "team": 100,
      "win": true,
      "neutralMinionsKilled": 7,
      "largestMultiKill": 1,
      "physicalDamageDealtPlayer": 11509,
      "magicDamageDealtPlayer": 73017,
      "physicalDamageTaken": 5909,
      "magicDamageTaken": 5209,
      "timePlayed": 1475,
      "assists": 3,
      "item0": 3020,
      "item1": 3100,
      "item2": 3128,
      "item3": 1056,
      "item4": 1056,
      "item5": 1026,
      "item6": 3340,
      "magicDamageDealtToChampions": 10849,
      "physicalDamageDealtToChampions": 1965,
      "totalDamageDealtToChampions": 13255,
      "trueDamageDealtPlayer": 440,
      "trueDamageDealtToChampions": 440,
      "trueDamageTaken": 162,
      "wardPlaced": 3,
      "neutralMinionsKilledEnemyJungle": 6,
      "neutralMinionsKilledYourJungle": 1,
      "totalTimeCrowdControlDealt": 179
    }
  },
  "34436169": {
    "gameId": 825983828,
    "invalid": false,
    "gameMode": "CLASSIC",
    "gameType": "MATCHED_GAME",
    "subType": "NORMAL",
    "mapId": 1,
    "teamId": 200,
    "championId": 104,
    "spell1": 7,
    "spell2": 4,
    "level": 30,
    "ipEarned": 51,
    "createDate": 1399030410669,
    "fellowPlayers": [
      {
        "summonerId": 31281719,
        "teamId": 100,
        "championId": 24
      },
      {
        "summonerId": 25899712,
        "teamId": 200,
        "championId": 82
      },
      {
        "summonerId": 25175792,
        "teamId": 100,
        "championId": 4
      },
      {
        "summonerId": 23630971,
        "teamId": 200,
        "championId": 61
      },
      {
        "summonerId": 23929093,
        "teamId": 100,
        "championId": 25
      },
      {
        "summonerId": 41664387,
        "teamId": 200,
        "championId": 89
      },
      {
        "summonerId": 19303565,
        "teamId": 200,
        "championId": 48
      },
      {
        "summonerId": 24368315,
        "teamId": 100,
        "championId": 19
      },
      {
        "summonerId": 24655016,
        "teamId": 100,
        "championId": 69
      }
    ],
    "stats": {
      "level": 10,
      "goldEarned": 5973,
      "numDeaths": 9,
      "turretsKilled": 1,
      "minionsKilled": 106,
      "championsKilled": 1,
      "goldSpent": 5820,
      "totalDamageDealt": 46807,
      "totalDamageTaken": 15742,
      "team": 200,
      "win": false,
      "largestMultiKill": 1,
      "physicalDamageDealtPlayer": 45250,
      "magicDamageDealtPlayer": 1557,
      "physicalDamageTaken": 1981,
      "magicDamageTaken": 13402,
      "timePlayed": 1475,
      "totalHeal": 1325,
      "totalUnitsHealed": 2,
      "assists": 2,
      "item0": 1055,
      "item1": 3072,
      "item2": 3006,
      "item3": 3086,
      "item6": 3340,
      "magicDamageDealtToChampions": 695,
      "physicalDamageDealtToChampions": 5017,
      "totalDamageDealtToChampions": 5712,
      "trueDamageTaken": 358,
      "wardKilled": 1,
      "wardPlaced": 4,
      "totalTimeCrowdControlDealt": 29
    }
  }
}