{
  "20561492": {
    "gameId": 825973196,
    "invalid": false,
    "gameMode": "CLASSIC",
    "gameType": "MATCHED_GAME",
    "subType": "RANKED_SOLO_5x5",
    "mapId": 1,
    "teamId": 100,
    "championId": 38,
    "spell1": 4,
    "spell2": 14,
    "level": 30,
    "ipEarned": 64,
    "createDate": 1399030736622,
    "fellowPlayers": [
      {
        "summonerId": 24525935,
        "teamId": 200,
        "championId": 117
      },
      {
        "summonerId": 23898567,
        "teamId": 200,
        "championId": 119
      },
      {
        "summonerId": 21251155,
        "teamId": 100,
        "championId": 254
      },
      {
        "summonerId": 42654125,
        "teamId": 100,
        "championId": 13
      },
      {
        "summonerId": 37536956,
        "teamId": 200,
        "championId": 28
      },
      {
        "summonerId": 21941355,
        "teamId": 100,
        "championId": 25
      },
      {
        "summonerId": 26437891,
        "teamId": 200,
        "championId": 58
      },
      {
        "summonerId": 27235829,
        "teamId": 100,
        "championId": 236
      },
      {
        "summonerId": 36655599,
        "teamId": 200,
        "championId": 7
      }
    ],
    "stats": {
      "level": 16,
      "goldEarned": 11446,
      "numDeaths": 12,
      "minionsKilled": 132,
      "championsKilled": 10,
      "goldSpent": 11980,
      "totalDamageDealt": 94525,
      "totalDamageTaken": 28916,
      "doubleKills": 1,
      "killingSprees": 2,
      "largestKillingSpree": 3,
      "team": 100,
      "win": false,
      "neutralMinionsKilled": 1,
      "largestMultiKill": 2,
      "physicalDamageDealtPlayer": 18837,
      "magicDamageDealtPlayer": 74581,
      "physicalDamageTaken": 19381,
      "magicDamageTaken": 8224,
      "timePlayed": 2076,
      "totalHeal": 1518,
      "totalUnitsHealed": 1,
      "assists": 5,
      "item0": 3255,
      "item1": 3040,
      "item2": 3135,
      "item3": 1056,
      "item4": 3191,
      "item5": 1058,
      "item6": 3340,
      "magicDamageDealtToChampions": 21197,
      "physicalDamageDealtToChampions": 1898,
      "totalDamageDealtToChampions": 24021,
      "trueDamageDealtPlayer": 1106,
      "trueDamageDealtToChampions": 926,
      "trueDamageTaken": 1311,
      "wardPlaced": 10,
      "neutralMinionsKilledYourJungle": 1,
      "totalTimeCrowdControlDealt": 404
    }
  },
  "summonerCount": 10,
  "26437891": {
    "gameId": 825973196,
    "invalid": false,
    "gameMode": "CLASSIC",
    "gameType": "MATCHED_GAME",
    "subType": "RANKED_SOLO_5x5",
    "mapId": 1,
    "teamId": 200,
    "championId": 58,
    "spell1": 4,
    "spell2": 14,
    "level": 30,
    "ipEarned": 96,
    "createDate": 1399030736629,
    "fellowPlayers": [
      {
        "summonerId": 24525935,
        "teamId": 200,
        "championId": 117
      },
      {
        "summonerId": 23898567,
        "teamId": 200,
        "championId": 119
      },
      {
        "summonerId": 21251155,
        "teamId": 100,
        "championId": 254
      },
      {
        "summonerId": 42654125,
        "teamId": 100,
        "championId": 13
      },
      {
        "summonerId": 20561492,
        "teamId": 100,
        "championId": 38
      },
      {
        "summonerId": 37536956,
        "teamId": 200,
        "championId": 28
      },
      {
        "summonerId": 21941355,
        "teamId": 100,
        "championId": 25
      },
      {
        "summonerId": 27235829,
        "teamId": 100,
        "championId": 236
      },
      {
        "summonerId": 36655599,
        "teamId": 200,
        "championId": 7
      }
    ],
    "stats": {
      "level": 18,
      "goldEarned": 16743,
      "numDeaths": 2,
      "barracksKilled": 1,
      "minionsKilled": 182,
      "championsKilled": 12,
      "goldSpent": 16775,
      "totalDamageDealt": 154171,
      "totalDamageTaken": 39236,
      "doubleKills": 2,
      "killingSprees": 2,
      "largestKillingSpree": 10,
      "team": 200,
      "win": true,
      "neutralMinionsKilled": 26,
      "largestMultiKill": 2,
      "physicalDamageDealtPlayer": 131296,
      "magicDamageDealtPlayer": 18936,
      "physicalDamageTaken": 25678,
      "magicDamageTaken": 12109,
      "timePlayed": 2076,
      "totalHeal": 8375,
      "totalUnitsHealed": 1,
      "assists": 18,
      "item0": 3083,
      "item1": 3143,
      "item2": 3068,
      "item3": 3102,
      "item4": 3111,
      "item5": 3065,
      "item6": 3364,
      "sightWardsBought": 2,
      "magicDamageDealtToChampions": 4857,
      "physicalDamageDealtToChampions": 17229,
      "totalDamageDealtToChampions": 23984,
      "trueDamageDealtPlayer": 3940,
      "trueDamageDealtToChampions": 1898,
      "trueDamageTaken": 1449,
      "wardPlaced": 5,
      "neutralMinionsKilledEnemyJungle": 9,
      "neutralMinionsKilledYourJungle": 17,
      "totalTimeCrowdControlDealt": 754
    }
  },
  "42654125": {
    "gameId": 825973196,
    "invalid": false,
    "gameMode": "CLASSIC",
    "gameType": "MATCHED_GAME",
    "subType": "RANKED_SOLO_5x5",
    "mapId": 1,
    "teamId": 100,
    "championId": 13,
    "spell1": 4,
    "spell2": 12,
    "level": 30,
    "ipEarned": 64,
    "createDate": 1399030736624,
    "fellowPlayers": [
      {
        "summonerId": 24525935,
        "teamId": 200,
        "championId": 117
      },
      {
        "summonerId": 23898567,
        "teamId": 200,
        "championId": 119
      },
      {
        "summonerId": 21251155,
        "teamId": 100,
        "championId": 254
      },
      {
        "summonerId": 20561492,
        "teamId": 100,
        "championId": 38
      },
      {
        "summonerId": 37536956,
        "teamId": 200,
        "championId": 28
      },
      {
        "summonerId": 21941355,
        "teamId": 100,
        "championId": 25
      },
      {
        "summonerId": 26437891,
        "teamId": 200,
        "championId": 58
      },
      {
        "summonerId": 27235829,
        "teamId": 100,
        "championId": 236
      },
      {
        "summonerId": 36655599,
        "teamId": 200,
        "championId": 7
      }
    ],
    "stats": {
      "level": 17,
      "goldEarned": 11371,
      "numDeaths": 12,
      "minionsKilled": 156,
      "championsKilled": 4,
      "goldSpent": 11165,
      "totalDamageDealt": 127797,
      "totalDamageTaken": 38384,
      "team": 100,
      "win": false,
      "neutralMinionsKilled": 13,
      "largestMultiKill": 1,
      "physicalDamageDealtPlayer": 18301,
      "magicDamageDealtPlayer": 109415,
      "physicalDamageTaken": 17217,
      "magicDamageTaken": 18999,
      "timePlayed": 2076,
      "totalHeal": 138,
      "totalUnitsHealed": 1,
      "assists": 10,
      "item0": 3111,
      "item1": 3040,
      "item2": 3135,
      "item3": 3027,
      "item4": 3024,
      "item5": 1031,
      "item6": 3340,
      "sightWardsBought": 2,
      "magicDamageDealtToChampions": 21023,
      "physicalDamageDealtToChampions": 1612,
      "totalDamageDealtToChampions": 22716,
      "trueDamageDealtPlayer": 80,
      "trueDamageDealtToChampions": 80,
      "trueDamageTaken": 2168,
      "wardPlaced": 7,
      "neutralMinionsKilledEnemyJungle": 3,
      "neutralMinionsKilledYourJungle": 10,
      "totalTimeCrowdControlDealt": 102
    }
  },
  "24525935": {
    "gameId": 825973196,
    "invalid": false,
    "gameMode": "CLASSIC",
    "gameType": "MATCHED_GAME",
    "subType": "RANKED_SOLO_5x5",
    "mapId": 1,
    "teamId": 200,
    "championId": 117,
    "spell1": 14,
    "spell2": 4,
    "level": 30,
    "ipEarned": 96,
    "createDate": 1399030736630,
    "fellowPlayers": [
      {
        "summonerId": 23898567,
        "teamId": 200,
        "championId": 119
      },
      {
        "summonerId": 21251155,
        "teamId": 100,
        "championId": 254
      },
      {
        "summonerId": 42654125,
        "teamId": 100,
        "championId": 13
      },
      {
        "summonerId": 20561492,
        "teamId": 100,
        "championId": 38
      },
      {
        "summonerId": 37536956,
        "teamId": 200,
        "championId": 28
      },
      {
        "summonerId": 21941355,
        "teamId": 100,
        "championId": 25
      },
      {
        "summonerId": 26437891,
        "teamId": 200,
        "championId": 58
      },
      {
        "summonerId": 27235829,
        "teamId": 100,
        "championId": 236
      },
      {
        "summonerId": 36655599,
        "teamId": 200,
        "championId": 7
      }
    ],
    "stats": {
      "level": 17,
      "goldEarned": 15015,
      "numDeaths": 10,
      "turretsKilled": 1,
      "minionsKilled": 42,
      "championsKilled": 5,
      "goldSpent": 14020,
      "totalDamageDealt": 52388,
      "totalDamageTaken": 26293,
      "killingSprees": 1,
      "largestKillingSpree": 2,
      "team": 200,
      "win": true,
      "neutralMinionsKilled": 1,
      "largestMultiKill": 1,
      "physicalDamageDealtPlayer": 12137,
      "magicDamageDealtPlayer": 38905,
      "physicalDamageTaken": 13518,
      "magicDamageTaken": 12573,
      "timePlayed": 2076,
      "totalHeal": 3319,
      "totalUnitsHealed": 3,
      "assists": 27,
      "item0": 3092,
      "item1": 3222,
      "item2": 2045,
      "item3": 3100,
      "item4": 3089,
      "item5": 3270,
      "item6": 3341,
      "sightWardsBought": 2,
      "magicDamageDealtToChampions": 11451,
      "physicalDamageDealtToChampions": 3757,
      "totalDamageDealtToChampions": 16471,
      "trueDamageDealtPlayer": 1346,
      "trueDamageDealtToChampions": 1262,
      "trueDamageTaken": 201,
      "wardKilled": 1,
      "wardPlaced": 18,
      "neutralMinionsKilledEnemyJungle": 1,
      "totalTimeCrowdControlDealt": 391
    }
  },
  "23898567": {
    "gameId": 825973196,
    "invalid": false,
    "gameMode": "CLASSIC",
    "gameType": "MATCHED_GAME",
    "subType": "RANKED_SOLO_5x5",
    "mapId": 1,
    "teamId": 200,
    "championId": 119,
    "spell1": 7,
    "spell2": 4,
    "level": 30,
    "ipEarned": 96,
    "createDate": 1399030736627,
    "fellowPlayers": [
      {
        "summonerId": 24525935,
        "teamId": 200,
        "championId": 117
      },
      {
        "summonerId": 21251155,
        "teamId": 100,
        "championId": 254
      },
      {
        "summonerId": 42654125,
        "teamId": 100,
        "championId": 13
      },
      {
        "summonerId": 20561492,
        "teamId": 100,
        "championId": 38
      },
      {
        "summonerId": 37536956,
        "teamId": 200,
        "championId": 28
      },
      {
        "summonerId": 21941355,
        "teamId": 100,
        "championId": 25
      },
      {
        "summonerId": 26437891,
        "teamId": 200,
        "championId": 58
      },
      {
        "summonerId": 27235829,
        "teamId": 100,
        "championId": 236
      },
      {
        "summonerId": 36655599,
        "teamId": 200,
        "championId": 7
      }
    ],
    "stats": {
      "level": 18,
      "goldEarned": 18405,
      "numDeaths": 6,
      "turretsKilled": 4,
      "minionsKilled": 219,
      "championsKilled": 14,
      "goldSpent": 15168,
      "totalDamageDealt": 197495,
      "totalDamageTaken": 31618,
      "doubleKills": 1,
      "killingSprees": 5,
      "largestKillingSpree": 5,
      "team": 200,
      "win": true,
      "neutralMinionsKilled": 13,
      "largestMultiKill": 2,
      "physicalDamageDealtPlayer": 195652,
      "magicDamageDealtPlayer": 1179,
      "physicalDamageTaken": 17976,
      "magicDamageTaken": 13289,
      "largestCriticalStrike": 969,
      "timePlayed": 2076,
      "totalHeal": 4085,
      "totalUnitsHealed": 3,
      "assists": 16,
      "item0": 3078,
      "item1": 3072,
      "item2": 3026,
      "item3": 3252,
      "item4": 3035,
      "item5": 1037,
      "item6": 3340,
      "magicDamageDealtToChampions": 823,
      "physicalDamageDealtToChampions": 35850,
      "totalDamageDealtToChampions": 37046,
      "trueDamageDealtPlayer": 664,
      "trueDamageDealtToChampions": 372,
      "trueDamageTaken": 352,
      "wardPlaced": 8,
      "neutralMinionsKilledEnemyJungle": 6,
      "neutralMinionsKilledYourJungle": 7,
      "totalTimeCrowdControlDealt": 336
    }
  },
  "21941355": {
    "gameId": 825973196,
    "invalid": false,
    "gameMode": "CLASSIC",
    "gameType": "MATCHED_GAME",
    "subType": "RANKED_SOLO_5x5",
    "mapId": 1,
    "teamId": 100,
    "championId": 25,
    "spell1": 3,
    "spell2": 4,
    "level": 30,
    "ipEarned": 64,
    "createDate": 1399030736620,
    "fellowPlayers": [
      {
        "summonerId": 24525935,
        "teamId": 200,
        "championId": 117
      },
      {
        "summonerId": 23898567,
        "teamId": 200,
        "championId": 119
      },
      {
        "summonerId": 21251155,
        "teamId": 100,
        "championId": 254
      },
      {
        "summonerId": 42654125,
        "teamId": 100,
        "championId": 13
      },
      {
        "summonerId": 20561492,
        "teamId": 100,
        "championId": 38
      },
      {
        "summonerId": 37536956,
        "teamId": 200,
        "championId": 28
      },
      {
        "summonerId": 26437891,
        "teamId": 200,
        "championId": 58
      },
      {
        "summonerId": 27235829,
        "teamId": 100,
        "championId": 236
      },
      {
        "summonerId": 36655599,
        "teamId": 200,
        "championId": 7
      }
    ],
    "stats": {
      "level": 16,
      "goldEarned": 11248,
      "numDeaths": 12,
      "minionsKilled": 47,
      "championsKilled": 3,
      "goldSpent": 9670,
      "totalDamageDealt": 52738,
      "totalDamageTaken": 28602,
      "team": 100,
      "win": false,
      "neutralMinionsKilled": 8,
      "largestMultiKill": 1,
      "physicalDamageDealtPlayer": 7449,
      "magicDamageDealtPlayer": 45288,
      "physicalDamageTaken": 15964,
      "magicDamageTaken": 11736,
      "timePlayed": 2076,
      "totalHeal": 80,
      "totalUnitsHealed": 1,
      "assists": 14,
      "item0": 2045,
      "item1": 3092,
      "item2": 3157,
      "item3": 1056,
      "item4": 3020,
      "item5": 1057,
      "item6": 3341,
      "sightWardsBought": 2,
      "visionWardsBought": 1,
      "magicDamageDealtToChampions": 16112,
      "physicalDamageDealtToChampions": 2033,
      "totalDamageDealtToChampions": 18145,
      "trueDamageTaken": 901,
      "wardKilled": 1,
      "wardPlaced": 20,
      "neutralMinionsKilledYourJungle": 8,
      "totalTimeCrowdControlDealt": 187
    }
  },
  "37536956": {
    "gameId": 825973196,
    "invalid": false,
    "gameMode": "CLASSIC",
    "gameType": "MATCHED_GAME",
    "subType": "RANKED_SOLO_5x5",
    "mapId": 1,
    "teamId": 200,
    "championId": 28,
    "spell1": 11,
    "spell2": 4,
    "level": 30,
    "ipEarned": 413,
    "createDate": 1399030736625,
    "fellowPlayers": [
      {
        "summonerId": 24525935,
        "teamId": 200,
        "championId": 117
      },
      {
        "summonerId": 23898567,
        "teamId": 200,
        "championId": 119
      },
      {
        "summonerId": 21251155,
        "teamId": 100,
        "championId": 254
      },
      {
        "summonerId": 42654125,
        "teamId": 100,
        "championId": 13
      },
      {
        "summonerId": 20561492,
        "teamId": 100,
        "championId": 38
      },
      {
        "summonerId": 21941355,
        "teamId": 100,
        "championId": 25
      },
      {
        "summonerId": 26437891,
        "teamId": 200,
        "championId": 58
      },
      {
        "summonerId": 27235829,
        "teamId": 100,
        "championId": 236
      },
      {
        "summonerId": 36655599,
        "teamId": 200,
        "championId": 7
      }
    ],
    "stats": {
      "level": 17,
      "goldEarned": 14481,
      "numDeaths": 7,
      "minionsKilled": 38,
      "championsKilled": 14,
      "goldSpent": 14642,
      "totalDamageDealt": 131290,
      "totalDamageTaken": 31811,
      "doubleKills": 1,
      "killingSprees": 2,
      "largestKillingSpree": 6,
      "team": 200,
      "win": true,
      "neutralMinionsKilled": 70,
      "largestMultiKill": 2,
      "physicalDamageDealtPlayer": 62278,
      "magicDamageDealtPlayer": 58080,
      "physicalDamageTaken": 18306,
      "magicDamageTaken": 12388,
      "timePlayed": 2076,
      "totalHeal": 3452,
      "totalUnitsHealed": 1,
      "assists": 11,
      "item0": 3255,
      "item1": 3153,
      "item2": 3143,
      "item3": 3209,
      "item4": 3102,
      "item5": 1031,
      "item6": 3340,
      "sightWardsBought": 1,
      "visionWardsBought": 1,
      "magicDamageDealtToChampions": 9948,
      "physicalDamageDealtToChampions": 12378,
      "totalDamageDealtToChampions": 23860,
      "trueDamageDealtPlayer": 10931,
      "trueDamageDealtToChampions": 1532,
      "trueDamageTaken": 1115,
      "wardPlaced": 11,
      "neutralMinionsKilledEnemyJungle": 11,
      "neutralMinionsKilledYourJungle": 59,
      "totalTimeCrowdControlDealt": 556
    }
  },
  "36655599": {
    "gameId": 825973196,
    "invalid": false,
    "gameMode": "CLASSIC",
    "gameType": "MATCHED_GAME",
    "subType": "RANKED_SOLO_5x5",
    "mapId": 1,
    "teamId": 200,
    "championId": 7,
    "spell1": 4,
    "spell2": 14,
    "level": 30,
    "ipEarned": 96,
    "createDate": 1399030736626,
    "fellowPlayers": [
      {
        "summonerId": 24525935,
        "teamId": 200,
        "championId": 117
      },
      {
        "summonerId": 23898567,
        "teamId": 200,
        "championId": 119
      },
      {
        "summonerId": 21251155,
        "teamId": 100,
        "championId": 254
      },
      {
        "summonerId": 42654125,
        "teamId": 100,
        "championId": 13
      },
      {
        "summonerId": 20561492,
        "teamId": 100,
        "championId": 38
      },
      {
        "summonerId": 37536956,
        "teamId": 200,
        "championId": 28
      },
      {
        "summonerId": 21941355,
        "teamId": 100,
        "championId": 25
      },
      {
        "summonerId": 26437891,
        "teamId": 200,
        "championId": 58
      },
      {
        "summonerId": 27235829,
        "teamId": 100,
        "championId": 236
      }
    ],
    "stats": {
      "level": 17,
      "goldEarned": 15396,
      "numDeaths": 7,
      "barracksKilled": 1,
      "turretsKilled": 4,
      "minionsKilled": 178,
      "championsKilled": 15,
      "goldSpent": 14490,
      "totalDamageDealt": 128457,
      "totalDamageTaken": 20783,
      "doubleKills": 2,
      "killingSprees": 2,
      "largestKillingSpree": 7,
      "team": 200,
      "win": true,
      "neutralMinionsKilled": 3,
      "largestMultiKill": 2,
      "physicalDamageDealtPlayer": 23243,
      "magicDamageDealtPlayer": 103005,
      "physicalDamageTaken": 7934,
      "magicDamageTaken": 12245,
      "timePlayed": 2076,
      "totalHeal": 539,
      "totalUnitsHealed": 1,
      "assists": 9,
      "item0": 3128,
      "item1": 3089,
      "item2": 3135,
      "item3": 1026,
      "item4": 3020,
      "item5": 3174,
      "item6": 3341,
      "sightWardsBought": 1,
      "visionWardsBought": 1,
      "magicDamageDealtToChampions": 32094,
      "physicalDamageDealtToChampions": 2052,
      "totalDamageDealtToChampions": 35358,
      "trueDamageDealtPlayer": 2208,
      "trueDamageDealtToChampions": 1212,
      "trueDamageTaken": 603,
      "wardPlaced": 6,
      "neutralMinionsKilledEnemyJungle": 1,
      "neutralMinionsKilledYourJungle": 2,
      "totalTimeCrowdControlDealt": 350
    }
  },
  "21251155": {
    "gameId": 825973196,
    "invalid": false,
    "gameMode": "CLASSIC",
    "gameType": "MATCHED_GAME",
    "subType": "RANKED_SOLO_5x5",
    "mapId": 1,
    "teamId": 100,
    "championId": 254,
    "spell1": 4,
    "spell2": 11,
    "level": 30,
    "ipEarned": 64,
    "createDate": 1399030736623,
    "fellowPlayers": [
      {
        "summonerId": 24525935,
        "teamId": 200,
        "championId": 117
      },
      {
        "summonerId": 23898567,
        "teamId": 200,
        "championId": 119
      },
      {
        "summonerId": 42654125,
        "teamId": 100,
        "championId": 13
      },
      {
        "summonerId": 20561492,
        "teamId": 100,
        "championId": 38
      },
      {
        "summonerId": 37536956,
        "teamId": 200,
        "championId": 28
      },
      {
        "summonerId": 21941355,
        "teamId": 100,
        "championId": 25
      },
      {
        "summonerId": 26437891,
        "teamId": 200,
        "championId": 58
      },
      {
        "summonerId": 27235829,
        "teamId": 100,
        "championId": 236
      },
      {
        "summonerId": 36655599,
        "teamId": 200,
        "championId": 7
      }
    ],
    "stats": {
      "level": 16,
      "goldEarned": 10289,
      "numDeaths": 13,
      "minionsKilled": 35,
      "championsKilled": 2,
      "goldSpent": 9602,
      "totalDamageDealt": 168109,
      "totalDamageTaken": 35022,
      "team": 100,
      "win": false,
      "neutralMinionsKilled": 106,
      "largestMultiKill": 1,
      "physicalDamageDealtPlayer": 146870,
      "magicDamageDealtPlayer": 508,
      "physicalDamageTaken": 26652,
      "magicDamageTaken": 7370,
      "timePlayed": 2076,
      "totalHeal": 3739,
      "totalUnitsHealed": 1,
      "assists": 7,
      "item0": 3209,
      "item1": 3134,
      "item2": 3111,
      "item3": 3102,
      "item4": 3082,
      "item5": 1011,
      "item6": 3340,
      "physicalDamageDealtToChampions": 15047,
      "totalDamageDealtToChampions": 16969,
      "trueDamageDealtPlayer": 20731,
      "trueDamageDealtToChampions": 1922,
      "trueDamageTaken": 999,
      "wardKilled": 1,
      "wardPlaced": 4,
      "neutralMinionsKilledEnemyJungle": 4,
      "neutralMinionsKilledYourJungle": 102,
      "totalTimeCrowdControlDealt": 529
    }
  },
  "27235829": {
    "gameId": 825973196,
    "invalid": false,
    "gameMode": "CLASSIC",
    "gameType": "MATCHED_GAME",
    "subType": "RANKED_SOLO_5x5",
    "mapId": 1,
    "teamId": 100,
    "championId": 236,
    "spell1": 7,
    "spell2": 4,
    "level": 30,
    "ipEarned": 64,
    "createDate": 1399030736619,
    "fellowPlayers": [
      {
        "summonerId": 24525935,
        "teamId": 200,
        "championId": 117
      },
      {
        "summonerId": 23898567,
        "teamId": 200,
        "championId": 119
      },
      {
        "summonerId": 21251155,
        "teamId": 100,
        "championId": 254
      },
      {
        "summonerId": 42654125,
        "teamId": 100,
        "championId": 13
      },
      {
        "summonerId": 20561492,
        "teamId": 100,
        "championId": 38
      },
      {
        "summonerId": 37536956,
        "teamId": 200,
        "championId": 28
      },
      {
        "summonerId": 21941355,
        "teamId": 100,
        "championId": 25
      },
      {
        "summonerId": 26437891,
        "teamId": 200,
        "championId": 58
      },
      {
        "summonerId": 36655599,
        "teamId": 200,
        "championId": 7
      }
    ],
    "stats": {
      "level": 17,
      "goldEarned": 14371,
      "numDeaths": 11,
      "minionsKilled": 205,
      "championsKilled": 13,
      "goldSpent": 14198,
      "totalDamageDealt": 138726,
      "totalDamageTaken": 32745,
      "killingSprees": 5,
      "largestKillingSpree": 2,
      "team": 100,
      "win": false,
      "neutralMinionsKilled": 4,
      "largestMultiKill": 1,
      "physicalDamageDealtPlayer": 121750,
      "magicDamageDealtPlayer": 16072,
      "physicalDamageTaken": 18186,
      "magicDamageTaken": 13436,
      "largestCriticalStrike": 630,
      "timePlayed": 2076,
      "totalHeal": 4049,
      "totalUnitsHealed": 3,
      "assists": 9,
      "item0": 1038,
      "item1": 3078,
      "item2": 3035,
      "item3": 3072,
      "item4": 3250,
      "item5": 1037,
      "item6": 3340,
      "magicDamageDealtToChampions": 4272,
      "physicalDamageDealtToChampions": 29706,
      "totalDamageDealtToChampions": 34309,
      "trueDamageDealtPlayer": 904,
      "trueDamageDealtToChampions": 330,
      "trueDamageTaken": 1122,
      "wardPlaced": 1,
      "neutralMinionsKilledEnemyJungle": 2,
      "neutralMinionsKilledYourJungle": 2,
      "totalTimeCrowdControlDealt": 63
    }
  }
}