{
  "44753738": {
    "gameId": 825976655,
    "invalid": false,
    "gameMode": "CLASSIC",
    "gameType": "MATCHED_GAME",
    "subType": "NORMAL",
    "mapId": 1,
    "teamId": 200,
    "championId": 412,
    "spell1": 3,
    "spell2": 4,
    "level": 22,
    "ipEarned": 54,
    "createDate": 1399030952036,
    "fellowPlayers": [
      {
        "summonerId": 40647465,
        "teamId": 100,
        "championId": 25
      },
      {
        "summonerId": 39552311,
        "teamId": 200,
        "championId": 157
      },
      {
        "summonerId": 29220057,
        "teamId": 200,
        "championId": 67
      },
      {
        "summonerId": 41836245,
        "teamId": 100,
        "championId": 61
      },
      {
        "summonerId": 40494697,
        "teamId": 100,
        "championId": 58
      },
      {
        "summonerId": 41510450,
        "teamId": 200,
        "championId": 38
      },
      {
        "summonerId": 29015327,
        "teamId": 100,
        "championId": 11
      },
      {
        "summonerId": 33900308,
        "teamId": 100,
        "championId": 81
      },
      {
        "summonerId": 41622414,
        "teamId": 200,
        "championId": 24
      }
    ],
    "stats": {
      "level": 11,
      "goldEarned": 5708,
      "numDeaths": 9,
      "minionsKilled": 11,
      "championsKilled": 3,
      "goldSpent": 5195,
      "totalDamageDealt": 16595,
      "totalDamageTaken": 17503,
      "doubleKills": 1,
      "team": 200,
      "win": false,
      "largestMultiKill": 2,
      "physicalDamageDealtPlayer": 6400,
      "magicDamageDealtPlayer": 10195,
      "physicalDamageTaken": 9639,
      "magicDamageTaken": 6250,
      "timePlayed": 1656,
      "assists": 3,
      "item0": 3047,
      "item1": 3143,
      "item2": 1031,
      "item5": 1054,
      "item6": 3340,
      "magicDamageDealtToChampions": 3111,
      "physicalDamageDealtToChampions": 822,
      "totalDamageDealtToChampions": 3933,
      "trueDamageTaken": 1613,
      "wardPlaced": 5,
      "totalTimeCrowdControlDealt": 218
    }
  },
  "summonerCount": 10,
  "29015327": {
    "gameId": 825976655,
    "invalid": false,
    "gameMode": "CLASSIC",
    "gameType": "MATCHED_GAME",
    "subType": "NORMAL",
    "mapId": 1,
    "teamId": 100,
    "championId": 11,
    "spell1": 12,
    "spell2": 6,
    "level": 30,
    "ipEarned": 80,
    "createDate": 1399030952031,
    "fellowPlayers": [
      {
        "summonerId": 40647465,
        "teamId": 100,
        "championId": 25
      },
      {
        "summonerId": 39552311,
        "teamId": 200,
        "championId": 157
      },
      {
        "summonerId": 29220057,
        "teamId": 200,
        "championId": 67
      },
      {
        "summonerId": 41836245,
        "teamId": 100,
        "championId": 61
      },
      {
        "summonerId": 40494697,
        "teamId": 100,
        "championId": 58
      },
      {
        "summonerId": 41510450,
        "teamId": 200,
        "championId": 38
      },
      {
        "summonerId": 33900308,
        "teamId": 100,
        "championId": 81
      },
      {
        "summonerId": 44753738,
        "teamId": 200,
        "championId": 412
      },
      {
        "summonerId": 41622414,
        "teamId": 200,
        "championId": 24
      }
    ],
    "stats": {
      "level": 17,
      "goldEarned": 13802,
      "numDeaths": 6,
      "turretsKilled": 2,
      "minionsKilled": 148,
      "championsKilled": 17,
      "goldSpent": 11055,
      "totalDamageDealt": 143853,
      "totalDamageTaken": 22618,
      "doubleKills": 5,
      "tripleKills": 1,
      "killingSprees": 3,
      "largestKillingSpree": 6,
      "team": 100,
      "win": true,
      "neutralMinionsKilled": 17,
      "largestMultiKill": 3,
      "physicalDamageDealtPlayer": 133220,
      "magicDamageDealtPlayer": 4663,
      "physicalDamageTaken": 17049,
      "magicDamageTaken": 4222,
      "largestCriticalStrike": 817,
      "timePlayed": 1656,
      "totalHeal": 2261,
      "totalUnitsHealed": 1,
      "assists": 3,
      "item0": 3087,
      "item1": 3153,
      "item2": 3072,
      "item3": 1036,
      "item5": 3250,
      "item6": 3340,
      "magicDamageDealtToChampions": 1045,
      "physicalDamageDealtToChampions": 21495,
      "totalDamageDealtToChampions": 25989,
      "trueDamageDealtPlayer": 5969,
      "trueDamageDealtToChampions": 3448,
      "trueDamageTaken": 1345,
      "wardPlaced": 7,
      "neutralMinionsKilledEnemyJungle": 11,
      "neutralMinionsKilledYourJungle": 6,
      "totalTimeCrowdControlDealt": 34
    }
  },
  "40647465": {
    "gameId": 825976655,
    "invalid": false,
    "gameMode": "CLASSIC",
    "gameType": "MATCHED_GAME",
    "subType": "NORMAL",
    "mapId": 1,
    "teamId": 100,
    "championId": 25,
    "spell1": 14,
    "spell2": 4,
    "level": 29,
    "ipEarned": 230,
    "createDate": 1399030952032,
    "fellowPlayers": [
      {
        "summonerId": 39552311,
        "teamId": 200,
        "championId": 157
      },
      {
        "summonerId": 29220057,
        "teamId": 200,
        "championId": 67
      },
      {
        "summonerId": 41836245,
        "teamId": 100,
        "championId": 61
      },
      {
        "summonerId": 40494697,
        "teamId": 100,
        "championId": 58
      },
      {
        "summonerId": 41510450,
        "teamId": 200,
        "championId": 38
      },
      {
        "summonerId": 29015327,
        "teamId": 100,
        "championId": 11
      },
      {
        "summonerId": 33900308,
        "teamId": 100,
        "championId": 81
      },
      {
        "summonerId": 44753738,
        "teamId": 200,
        "championId": 412
      },
      {
        "summonerId": 41622414,
        "teamId": 200,
        "championId": 24
      }
    ],
    "stats": {
      "level": 15,
      "goldEarned": 10090,
      "numDeaths": 3,
      "minionsKilled": 72,
      "championsKilled": 7,
      "goldSpent": 7640,
      "totalDamageDealt": 63627,
      "totalDamageTaken": 10603,
      "doubleKills": 1,
      "killingSprees": 2,
      "largestKillingSpree": 5,
      "team": 100,
      "win": true,
      "largestMultiKill": 2,
      "physicalDamageDealtPlayer": 13238,
      "magicDamageDealtPlayer": 49810,
      "physicalDamageTaken": 7547,
      "magicDamageTaken": 2226,
      "timePlayed": 1656,
      "totalHeal": 176,
      "totalUnitsHealed": 1,
      "assists": 13,
      "item0": 3174,
      "item1": 3157,
      "item2": 2010,
      "item3": 3020,
      "item6": 3340,
      "magicDamageDealtToChampions": 11763,
      "physicalDamageDealtToChampions": 1427,
      "totalDamageDealtToChampions": 13769,
      "trueDamageDealtPlayer": 578,
      "trueDamageDealtToChampions": 578,
      "trueDamageTaken": 829,
      "wardPlaced": 3,
      "totalTimeCrowdControlDealt": 98
    }
  },
  "41510450": {
    "gameId": 825976655,
    "invalid": false,
    "gameMode": "CLASSIC",
    "gameType": "MATCHED_GAME",
    "subType": "NORMAL",
    "mapId": 1,
    "teamId": 200,
    "championId": 38,
    "spell1": 4,
    "spell2": 14,
    "level": 28,
    "ipEarned": 54,
    "createDate": 1399030952037,
    "fellowPlayers": [
      {
        "summonerId": 40647465,
        "teamId": 100,
        "championId": 25
      },
      {
        "summonerId": 39552311,
        "teamId": 200,
        "championId": 157
      },
      {
        "summonerId": 29220057,
        "teamId": 200,
        "championId": 67
      },
      {
        "summonerId": 41836245,
        "teamId": 100,
        "championId": 61
      },
      {
        "summonerId": 40494697,
        "teamId": 100,
        "championId": 58
      },
      {
        "summonerId": 29015327,
        "teamId": 100,
        "championId": 11
      },
      {
        "summonerId": 33900308,
        "teamId": 100,
        "championId": 81
      },
      {
        "summonerId": 44753738,
        "teamId": 200,
        "championId": 412
      },
      {
        "summonerId": 41622414,
        "teamId": 200,
        "championId": 24
      }
    ],
    "stats": {
      "level": 14,
      "goldEarned": 8918,
      "numDeaths": 10,
      "turretsKilled": 1,
      "minionsKilled": 70,
      "championsKilled": 9,
      "goldSpent": 9505,
      "totalDamageDealt": 56878,
      "totalDamageTaken": 20921,
      "killingSprees": 2,
      "largestKillingSpree": 2,
      "team": 200,
      "win": false,
      "largestMultiKill": 1,
      "physicalDamageDealtPlayer": 18911,
      "magicDamageDealtPlayer": 36978,
      "physicalDamageTaken": 12221,
      "magicDamageTaken": 7772,
      "timePlayed": 1656,
      "totalHeal": 563,
      "totalUnitsHealed": 1,
      "assists": 2,
      "item0": 3270,
      "item1": 3100,
      "item2": 3003,
      "item3": 3098,
      "item6": 3340,
      "magicDamageDealtToChampions": 10042,
      "physicalDamageDealtToChampions": 2852,
      "totalDamageDealtToChampions": 13883,
      "trueDamageDealtPlayer": 987,
      "trueDamageDealtToChampions": 987,
      "trueDamageTaken": 927,
      "wardPlaced": 4,
      "totalTimeCrowdControlDealt": 198
    }
  },
  "41836245": {
    "gameId": 825976655,
    "invalid": false,
    "gameMode": "CLASSIC",
    "gameType": "MATCHED_GAME",
    "subType": "NORMAL",
    "mapId": 1,
    "teamId": 100,
    "championId": 61,
    "spell1": 4,
    "spell2": 14,
    "level": 14,
    "ipEarned": 161,
    "createDate": 1399030952030,
    "fellowPlayers": [
      {
        "summonerId": 40647465,
        "teamId": 100,
        "championId": 25
      },
      {
        "summonerId": 39552311,
        "teamId": 200,
        "championId": 157
      },
      {
        "summonerId": 29220057,
        "teamId": 200,
        "championId": 67
      },
      {
        "summonerId": 40494697,
        "teamId": 100,
        "championId": 58
      },
      {
        "summonerId": 41510450,
        "teamId": 200,
        "championId": 38
      },
      {
        "summonerId": 29015327,
        "teamId": 100,
        "championId": 11
      },
      {
        "summonerId": 33900308,
        "teamId": 100,
        "championId": 81
      },
      {
        "summonerId": 44753738,
        "teamId": 200,
        "championId": 412
      },
      {
        "summonerId": 41622414,
        "teamId": 200,
        "championId": 24
      }
    ],
    "stats": {
      "level": 13,
      "goldEarned": 8387,
      "numDeaths": 10,
      "turretsKilled": 1,
      "minionsKilled": 68,
      "championsKilled": 6,
      "goldSpent": 8355,
      "totalDamageDealt": 47925,
      "totalDamageTaken": 14613,
      "doubleKills": 1,
      "tripleKills": 1,
      "killingSprees": 1,
      "largestKillingSpree": 3,
      "team": 100,
      "win": true,
      "neutralMinionsKilled": 3,
      "largestMultiKill": 3,
      "physicalDamageDealtPlayer": 12033,
      "magicDamageDealtPlayer": 34988,
      "physicalDamageTaken": 5929,
      "magicDamageTaken": 7591,
      "timePlayed": 1656,
      "totalHeal": 162,
      "totalUnitsHealed": 1,
      "assists": 5,
      "item0": 3255,
      "item1": 3003,
      "item2": 3191,
      "item3": 1058,
      "item6": 3340,
      "magicDamageDealtToChampions": 6960,
      "physicalDamageDealtToChampions": 1289,
      "totalDamageDealtToChampions": 9154,
      "trueDamageDealtPlayer": 904,
      "trueDamageDealtToChampions": 904,
      "trueDamageTaken": 1092,
      "wardPlaced": 3,
      "neutralMinionsKilledEnemyJungle": 1,
      "neutralMinionsKilledYourJungle": 2,
      "totalTimeCrowdControlDealt": 1139
    }
  },
  "33900308": {
    "gameId": 825976655,
    "invalid": false,
    "gameMode": "CLASSIC",
    "gameType": "MATCHED_GAME",
    "subType": "NORMAL",
    "mapId": 1,
    "teamId": 100,
    "championId": 81,
    "spell1": 4,
    "spell2": 7,
    "level": 30,
    "ipEarned": 80,
    "createDate": 1399030952028,
    "fellowPlayers": [
      {
        "summonerId": 40647465,
        "teamId": 100,
        "championId": 25
      },
      {
        "summonerId": 39552311,
        "teamId": 200,
        "championId": 157
      },
      {
        "summonerId": 29220057,
        "teamId": 200,
        "championId": 67
      },
      {
        "summonerId": 41836245,
        "teamId": 100,
        "championId": 61
      },
      {
        "summonerId": 40494697,
        "teamId": 100,
        "championId": 58
      },
      {
        "summonerId": 41510450,
        "teamId": 200,
        "championId": 38
      },
      {
        "summonerId": 29015327,
        "teamId": 100,
        "championId": 11
      },
      {
        "summonerId": 44753738,
        "teamId": 200,
        "championId": 412
      },
      {
        "summonerId": 41622414,
        "teamId": 200,
        "championId": 24
      }
    ],
    "stats": {
      "level": 17,
      "goldEarned": 14443,
      "numDeaths": 1,
      "barracksKilled": 1,
      "turretsKilled": 5,
      "minionsKilled": 198,
      "championsKilled": 12,
      "goldSpent": 12218,
      "totalDamageDealt": 139868,
      "totalDamageTaken": 10101,
      "killingSprees": 2,
      "largestKillingSpree": 7,
      "team": 100,
      "win": true,
      "neutralMinionsKilled": 6,
      "largestMultiKill": 1,
      "physicalDamageDealtPlayer": 116370,
      "magicDamageDealtPlayer": 22453,
      "physicalDamageTaken": 7798,
      "magicDamageTaken": 1258,
      "largestCriticalStrike": 754,
      "timePlayed": 1656,
      "totalHeal": 2100,
      "totalUnitsHealed": 2,
      "assists": 13,
      "item0": 3042,
      "item1": 3158,
      "item2": 3078,
      "item3": 1037,
      "item4": 3072,
      "item5": 1018,
      "item6": 3340,
      "visionWardsBought": 1,
      "magicDamageDealtToChampions": 5501,
      "physicalDamageDealtToChampions": 23905,
      "totalDamageDealtToChampions": 30409,
      "trueDamageDealtPlayer": 1044,
      "trueDamageDealtToChampions": 1002,
      "trueDamageTaken": 1043,
      "wardPlaced": 8,
      "neutralMinionsKilledEnemyJungle": 3,
      "neutralMinionsKilledYourJungle": 3,
      "totalTimeCrowdControlDealt": 117
    }
  },
  "29220057": {
    "gameId": 825976655,
    "invalid": false,
    "gameMode": "CLASSIC",
    "gameType": "MATCHED_GAME",
    "subType": "NORMAL",
    "mapId": 1,
    "teamId": 200,
    "championId": 67,
    "spell1": 4,
    "spell2": 7,
    "level": 30,
    "ipEarned": 54,
    "createDate": 1399030952035,
    "fellowPlayers": [
      {
        "summonerId": 40647465,
        "teamId": 100,
        "championId": 25
      },
      {
        "summonerId": 39552311,
        "teamId": 200,
        "championId": 157
      },
      {
        "summonerId": 41836245,
        "teamId": 100,
        "championId": 61
      },
      {
        "summonerId": 40494697,
        "teamId": 100,
        "championId": 58
      },
      {
        "summonerId": 41510450,
        "teamId": 200,
        "championId": 38
      },
      {
        "summonerId": 29015327,
        "teamId": 100,
        "championId": 11
      },
      {
        "summonerId": 33900308,
        "teamId": 100,
        "championId": 81
      },
      {
        "summonerId": 44753738,
        "teamId": 200,
        "championId": 412
      },
      {
        "summonerId": 41622414,
        "teamId": 200,
        "championId": 24
      }
    ],
    "stats": {
      "level": 12,
      "goldEarned": 8118,
      "numDeaths": 10,
      "minionsKilled": 153,
      "championsKilled": 2,
      "goldSpent": 7145,
      "totalDamageDealt": 65424,
      "totalDamageTaken": 21694,
      "team": 200,
      "win": false,
      "largestMultiKill": 1,
      "physicalDamageDealtPlayer": 58258,
      "magicDamageDealtPlayer": 997,
      "physicalDamageTaken": 15466,
      "magicDamageTaken": 5121,
      "largestCriticalStrike": 288,
      "timePlayed": 1656,
      "totalHeal": 2538,
      "totalUnitsHealed": 2,
      "assists": 3,
      "item0": 3153,
      "item1": 1055,
      "item2": 3006,
      "item3": 3087,
      "item6": 3340,
      "magicDamageDealtToChampions": 267,
      "physicalDamageDealtToChampions": 9298,
      "totalDamageDealtToChampions": 11812,
      "trueDamageDealtPlayer": 6168,
      "trueDamageDealtToChampions": 2246,
      "trueDamageTaken": 1106,
      "wardPlaced": 8,
      "totalTimeCrowdControlDealt": 21
    }
  },
  "39552311": {
    "gameId": 825976655,
    "invalid": false,
    "gameMode": "CLASSIC",
    "gameType": "MATCHED_GAME",
    "subType": "NORMAL",
    "mapId": 1,
    "teamId": 200,
    "championId": 157,
    "spell1": 14,
    "spell2": 4,
    "level": 26,
    "ipEarned": 54,
    "createDate": 1399030952033,
    "fellowPlayers": [
      {
        "summonerId": 40647465,
        "teamId": 100,
        "championId": 25
      },
      {
        "summonerId": 29220057,
        "teamId": 200,
        "championId": 67
      },
      {
        "summonerId": 41836245,
        "teamId": 100,
        "championId": 61
      },
      {
        "summonerId": 40494697,
        "teamId": 100,
        "championId": 58
      },
      {
        "summonerId": 41510450,
        "teamId": 200,
        "championId": 38
      },
      {
        "summonerId": 29015327,
        "teamId": 100,
        "championId": 11
      },
      {
        "summonerId": 33900308,
        "teamId": 100,
        "championId": 81
      },
      {
        "summonerId": 44753738,
        "teamId": 200,
        "championId": 412
      },
      {
        "summonerId": 41622414,
        "teamId": 200,
        "championId": 24
      }
    ],
    "stats": {
      "level": 14,
      "goldEarned": 7966,
      "numDeaths": 7,
      "turretsKilled": 1,
      "minionsKilled": 97,
      "championsKilled": 2,
      "goldSpent": 6500,
      "totalDamageDealt": 100062,
      "totalDamageTaken": 17555,
      "killingSprees": 1,
      "largestKillingSpree": 2,
      "team": 200,
      "win": false,
      "neutralMinionsKilled": 12,
      "largestMultiKill": 1,
      "physicalDamageDealtPlayer": 75859,
      "magicDamageDealtPlayer": 23261,
      "physicalDamageTaken": 13275,
      "magicDamageTaken": 3040,
      "largestCriticalStrike": 332,
      "timePlayed": 1656,
      "totalHeal": 1404,
      "totalUnitsHealed": 1,
      "assists": 4,
      "item0": 1055,
      "item1": 3087,
      "item2": 3006,
      "item3": 3144,
      "item4": 2003,
      "item5": 1037,
      "item6": 3340,
      "magicDamageDealtToChampions": 1178,
      "physicalDamageDealtToChampions": 6255,
      "totalDamageDealtToChampions": 8376,
      "trueDamageDealtPlayer": 942,
      "trueDamageDealtToChampions": 942,
      "trueDamageTaken": 1240,
      "wardPlaced": 11,
      "neutralMinionsKilledEnemyJungle": 2,
      "neutralMinionsKilledYourJungle": 10,
      "totalTimeCrowdControlDealt": 44
    }
  },
  "41622414": {
    "gameId": 825976655,
    "invalid": false,
    "gameMode": "CLASSIC",
    "gameType": "MATCHED_GAME",
    "subType": "NORMAL",
    "mapId": 1,
    "teamId": 200,
    "championId": 24,
    "spell1": 21,
    "spell2": 4,
    "level": 28,
    "ipEarned": 54,
    "createDate": 1399030952038,
    "fellowPlayers": [
      {
        "summonerId": 40647465,
        "teamId": 100,
        "championId": 25
      },
      {
        "summonerId": 39552311,
        "teamId": 200,
        "championId": 157
      },
      {
        "summonerId": 29220057,
        "teamId": 200,
        "championId": 67
      },
      {
        "summonerId": 41836245,
        "teamId": 100,
        "championId": 61
      },
      {
        "summonerId": 40494697,
        "teamId": 100,
        "championId": 58
      },
      {
        "summonerId": 41510450,
        "teamId": 200,
        "championId": 38
      },
      {
        "summonerId": 29015327,
        "teamId": 100,
        "championId": 11
      },
      {
        "summonerId": 33900308,
        "teamId": 100,
        "championId": 81
      },
      {
        "summonerId": 44753738,
        "teamId": 200,
        "championId": 412
      }
    ],
    "stats": {
      "level": 13,
      "goldEarned": 7601,
      "numDeaths": 6,
      "turretsKilled": 2,
      "minionsKilled": 98,
      "championsKilled": 4,
      "goldSpent": 7520,
      "totalDamageDealt": 50084,
      "totalDamageTaken": 17016,
      "killingSprees": 1,
      "largestKillingSpree": 4,
      "team": 200,
      "win": false,
      "largestMultiKill": 1,
      "physicalDamageDealtPlayer": 44815,
      "magicDamageDealtPlayer": 5268,
      "physicalDamageTaken": 12883,
      "magicDamageTaken": 3086,
      "timePlayed": 1656,
      "totalHeal": 954,
      "totalUnitsHealed": 1,
      "assists": 2,
      "item0": 3047,
      "item1": 3153,
      "item2": 1055,
      "item3": 3144,
      "item5": 3145,
      "item6": 3340,
      "magicDamageDealtToChampions": 782,
      "physicalDamageDealtToChampions": 5956,
      "totalDamageDealtToChampions": 6738,
      "trueDamageTaken": 1046,
      "wardPlaced": 6,
      "totalTimeCrowdControlDealt": 42
    }
  },
  "40494697": {
    "gameId": 825976655,
    "invalid": false,
    "gameMode": "CLASSIC",
    "gameType": "MATCHED_GAME",
    "subType": "NORMAL",
    "mapId": 1,
    "teamId": 100,
    "championId": 58,
    "spell1": 4,
    "spell2": 11,
    "level": 30,
    "ipEarned": 0,
    "createDate": 1399030952027,
    "fellowPlayers": [
      {
        "summonerId": 40647465,
        "teamId": 100,
        "championId": 25
      },
      {
        "summonerId": 39552311,
        "teamId": 200,
        "championId": 157
      },
      {
        "summonerId": 29220057,
        "teamId": 200,
        "championId": 67
      },
      {
        "summonerId": 41836245,
        "teamId": 100,
        "championId": 61
      },
      {
        "summonerId": 41510450,
        "teamId": 200,
        "championId": 38
      },
      {
        "summonerId": 29015327,
        "teamId": 100,
        "championId": 11
      },
      {
        "summonerId": 33900308,
        "teamId": 100,
        "championId": 81
      },
      {
        "summonerId": 44753738,
        "teamId": 200,
        "championId": 412
      },
      {
        "summonerId": 41622414,
        "teamId": 200,
        "championId": 24
      }
    ],
    "stats": {
      "level": 5,
      "goldEarned": 5115,
      "goldSpent": 1495,
      "totalDamageDealt": 12649,
      "totalDamageTaken": 3689,
      "team": 100,
      "win": true,
      "neutralMinionsKilled": 14,
      "physicalDamageDealtPlayer": 8951,
      "magicDamageDealtPlayer": 958,
      "physicalDamageTaken": 3531,
      "magicDamageTaken": 82,
      "timePlayed": 1656,
      "totalHeal": 925,
      "totalUnitsHealed": 1,
      "item0": 1039,
      "item1": 1028,
      "item2": 1004,
      "item6": 3341,
      "physicalDamageDealtToChampions": 173,
      "totalDamageDealtToChampions": 173,
      "trueDamageDealtPlayer": 2740,
      "trueDamageTaken": 74,
      "neutralMinionsKilledEnemyJungle": 1,
      "neutralMinionsKilledYourJungle": 13,
      "totalTimeCrowdControlDealt": 178
    }
  }
}