{
  "23815222": {
    "gameId": 825983280,
    "invalid": false,
    "gameMode": "CLASSIC",
    "gameType": "MATCHED_GAME",
    "subType": "NORMAL",
    "mapId": 1,
    "teamId": 200,
    "championId": 1,
    "spell1": 14,
    "spell2": 4,
    "level": 30,
    "ipEarned": 239,
    "createDate": 1399030720398,
    "fellowPlayers": [
      {
        "summonerId": 34618469,
        "teamId": 200,
        "championId": 29
      },
      {
        "summonerId": 38996972,
        "teamId": 100,
        "championId": 22
      },
      {
        "summonerId": 39324980,
        "teamId": 100,
        "championId": 254
      },
      {
        "summonerId": 36913893,
        "teamId": 100,
        "championId": 43
      },
      {
        "summonerId": 20380123,
        "teamId": 100,
        "championId": 99
      },
      {
        "summonerId": 36307011,
        "teamId": 200,
        "championId": 77
      },
      {
        "summonerId": 38599124,
        "teamId": 100,
        "championId": 412
      },
      {
        "summonerId": 43564013,
        "teamId": 200,
        "championId": 17
      },
      {
        "summonerId": 26366619,
        "teamId": 200,
        "championId": 61
      }
    ],
    "stats": {
      "level": 13,
      "goldEarned": 8677,
      "numDeaths": 3,
      "turretsKilled": 1,
      "minionsKilled": 10,
      "championsKilled": 5,
      "goldSpent": 9365,
      "totalDamageDealt": 22297,
      "totalDamageTaken": 12585,
      "killingSprees": 2,
      "largestKillingSpree": 3,
      "team": 200,
      "win": true,
      "neutralMinionsKilled": 1,
      "largestMultiKill": 1,
      "physicalDamageDealtPlayer": 6768,
      "magicDamageDealtPlayer": 15240,
      "physicalDamageTaken": 6615,
      "magicDamageTaken": 5517,
      "timePlayed": 1874,
      "assists": 10,
      "item0": 3303,
      "item1": 3027,
      "item2": 3135,
      "item3": 3020,
      "item6": 3340,
      "sightWardsBought": 4,
      "magicDamageDealtToChampions": 8965,
      "physicalDamageDealtToChampions": 1913,
      "totalDamageDealtToChampions": 11167,
      "trueDamageDealtPlayer": 288,
      "trueDamageDealtToChampions": 288,
      "trueDamageTaken": 452,
      "wardPlaced": 11,
      "neutralMinionsKilledYourJungle": 1,
      "totalTimeCrowdControlDealt": 24
    }
  },
  "summonerCount": 10,
  "39324980": {
    "gameId": 825983280,
    "invalid": false,
    "gameMode": "CLASSIC",
    "gameType": "MATCHED_GAME",
    "subType": "NORMAL",
    "mapId": 1,
    "teamId": 100,
    "championId": 254,
    "spell1": 11,
    "spell2": 4,
    "level": 30,
    "ipEarned": 60,
    "createDate": 1399030720390,
    "fellowPlayers": [
      {
        "summonerId": 34618469,
        "teamId": 200,
        "championId": 29
      },
      {
        "summonerId": 38996972,
        "teamId": 100,
        "championId": 22
      },
      {
        "summonerId": 23815222,
        "teamId": 200,
        "championId": 1
      },
      {
        "summonerId": 36913893,
        "teamId": 100,
        "championId": 43
      },
      {
        "summonerId": 20380123,
        "teamId": 100,
        "championId": 99
      },
      {
        "summonerId": 36307011,
        "teamId": 200,
        "championId": 77
      },
      {
        "summonerId": 38599124,
        "teamId": 100,
        "championId": 412
      },
      {
        "summonerId": 43564013,
        "teamId": 200,
        "championId": 17
      },
      {
        "summonerId": 26366619,
        "teamId": 200,
        "championId": 61
      }
    ],
    "stats": {
      "level": 14,
      "goldEarned": 8478,
      "numDeaths": 6,
      "minionsKilled": 17,
      "championsKilled": 3,
      "goldSpent": 9078,
      "totalDamageDealt": 121131,
      "totalDamageTaken": 20784,
      "killingSprees": 1,
      "largestKillingSpree": 2,
      "team": 100,
      "win": false,
      "neutralMinionsKilled": 97,
      "largestMultiKill": 1,
      "physicalDamageDealtPlayer": 104079,
      "magicDamageDealtPlayer": 836,
      "physicalDamageTaken": 12748,
      "magicDamageTaken": 7669,
      "largestCriticalStrike": 429,
      "timePlayed": 1874,
      "totalHeal": 5086,
      "totalUnitsHealed": 1,
      "assists": 5,
      "item0": 3209,
      "item1": 3078,
      "item2": 1011,
      "item3": 3117,
      "item4": 1028,
      "item6": 3340,
      "physicalDamageDealtToChampions": 4790,
      "totalDamageDealtToChampions": 5111,
      "trueDamageDealtPlayer": 16215,
      "trueDamageDealtToChampions": 321,
      "trueDamageTaken": 366,
      "wardPlaced": 5,
      "neutralMinionsKilledEnemyJungle": 6,
      "neutralMinionsKilledYourJungle": 91,
      "totalTimeCrowdControlDealt": 527
    }
  },
  "34618469": {
    "gameId": 825983280,
    "invalid": false,
    "gameMode": "CLASSIC",
    "gameType": "MATCHED_GAME",
    "subType": "NORMAL",
    "mapId": 1,
    "teamId": 200,
    "championId": 29,
    "spell1": 4,
    "spell2": 7,
    "level": 30,
    "ipEarned": 89,
    "createDate": 1399030720394,
    "fellowPlayers": [
      {
        "summonerId": 38996972,
        "teamId": 100,
        "championId": 22
      },
      {
        "summonerId": 39324980,
        "teamId": 100,
        "championId": 254
      },
      {
        "summonerId": 23815222,
        "teamId": 200,
        "championId": 1
      },
      {
        "summonerId": 36913893,
        "teamId": 100,
        "championId": 43
      },
      {
        "summonerId": 20380123,
        "teamId": 100,
        "championId": 99
      },
      {
        "summonerId": 36307011,
        "teamId": 200,
        "championId": 77
      },
      {
        "summonerId": 38599124,
        "teamId": 100,
        "championId": 412
      },
      {
        "summonerId": 43564013,
        "teamId": 200,
        "championId": 17
      },
      {
        "summonerId": 26366619,
        "teamId": 200,
        "championId": 61
      }
    ],
    "stats": {
      "level": 15,
      "goldEarned": 12650,
      "turretsKilled": 1,
      "minionsKilled": 188,
      "championsKilled": 10,
      "goldSpent": 9610,
      "totalDamageDealt": 95514,
      "totalDamageTaken": 12303,
      "killingSprees": 1,
      "largestKillingSpree": 10,
      "team": 200,
      "win": true,
      "neutralMinionsKilled": 4,
      "largestMultiKill": 1,
      "physicalDamageDealtPlayer": 89847,
      "physicalDamageTaken": 8255,
      "magicDamageTaken": 3802,
      "largestCriticalStrike": 525,
      "timePlayed": 1874,
      "totalHeal": 3409,
      "totalUnitsHealed": 4,
      "assists": 10,
      "item0": 1055,
      "item1": 3072,
      "item2": 3250,
      "item3": 3046,
      "item4": 1038,
      "item6": 3340,
      "physicalDamageDealtToChampions": 15401,
      "totalDamageDealtToChampions": 17886,
      "trueDamageDealtPlayer": 5666,
      "trueDamageDealtToChampions": 2484,
      "trueDamageTaken": 245,
      "wardKilled": 1,
      "wardPlaced": 4,
      "neutralMinionsKilledEnemyJungle": 4,
      "totalTimeCrowdControlDealt": 229
    }
  },
  "36307011": {
    "gameId": 825983280,
    "invalid": false,
    "gameMode": "CLASSIC",
    "gameType": "MATCHED_GAME",
    "subType": "NORMAL",
    "mapId": 1,
    "teamId": 200,
    "championId": 77,
    "spell1": 4,
    "spell2": 11,
    "level": 30,
    "ipEarned": 239,
    "createDate": 1399030720397,
    "fellowPlayers": [
      {
        "summonerId": 34618469,
        "teamId": 200,
        "championId": 29
      },
      {
        "summonerId": 38996972,
        "teamId": 100,
        "championId": 22
      },
      {
        "summonerId": 39324980,
        "teamId": 100,
        "championId": 254
      },
      {
        "summonerId": 23815222,
        "teamId": 200,
        "championId": 1
      },
      {
        "summonerId": 36913893,
        "teamId": 100,
        "championId": 43
      },
      {
        "summonerId": 20380123,
        "teamId": 100,
        "championId": 99
      },
      {
        "summonerId": 38599124,
        "teamId": 100,
        "championId": 412
      },
      {
        "summonerId": 43564013,
        "teamId": 200,
        "championId": 17
      },
      {
        "summonerId": 26366619,
        "teamId": 200,
        "championId": 61
      }
    ],
    "stats": {
      "level": 14,
      "goldEarned": 8945,
      "numDeaths": 3,
      "minionsKilled": 23,
      "championsKilled": 3,
      "goldSpent": 7668,
      "totalDamageDealt": 102718,
      "totalDamageTaken": 24210,
      "team": 200,
      "win": true,
      "neutralMinionsKilled": 68,
      "largestMultiKill": 1,
      "physicalDamageDealtPlayer": 45062,
      "magicDamageDealtPlayer": 45864,
      "physicalDamageTaken": 14588,
      "magicDamageTaken": 9473,
      "largestCriticalStrike": 334,
      "timePlayed": 1874,
      "totalHeal": 3456,
      "totalUnitsHealed": 1,
      "assists": 7,
      "item0": 3207,
      "item1": 3264,
      "item2": 3078,
      "item3": 2003,
      "item6": 3341,
      "magicDamageDealtToChampions": 1806,
      "physicalDamageDealtToChampions": 3073,
      "totalDamageDealtToChampions": 5024,
      "trueDamageDealtPlayer": 11792,
      "trueDamageDealtToChampions": 144,
      "trueDamageTaken": 148,
      "wardKilled": 1,
      "neutralMinionsKilledEnemyJungle": 3,
      "neutralMinionsKilledYourJungle": 65,
      "totalTimeCrowdControlDealt": 462
    }
  },
  "43564013": {
    "gameId": 825983280,
    "invalid": false,
    "gameMode": "CLASSIC",
    "gameType": "MATCHED_GAME",
    "subType": "NORMAL",
    "mapId": 1,
    "teamId": 200,
    "championId": 17,
    "spell1": 21,
    "spell2": 14,
    "level": 21,
    "ipEarned": 239,
    "createDate": 1399030720396,
    "fellowPlayers": [
      {
        "summonerId": 34618469,
        "teamId": 200,
        "championId": 29
      },
      {
        "summonerId": 38996972,
        "teamId": 100,
        "championId": 22
      },
      {
        "summonerId": 39324980,
        "teamId": 100,
        "championId": 254
      },
      {
        "summonerId": 23815222,
        "teamId": 200,
        "championId": 1
      },
      {
        "summonerId": 36913893,
        "teamId": 100,
        "championId": 43
      },
      {
        "summonerId": 20380123,
        "teamId": 100,
        "championId": 99
      },
      {
        "summonerId": 36307011,
        "teamId": 200,
        "championId": 77
      },
      {
        "summonerId": 38599124,
        "teamId": 100,
        "championId": 412
      },
      {
        "summonerId": 26366619,
        "teamId": 200,
        "championId": 61
      }
    ],
    "stats": {
      "level": 14,
      "goldEarned": 8302,
      "numDeaths": 2,
      "turretsKilled": 1,
      "minionsKilled": 150,
      "goldSpent": 8010,
      "totalDamageDealt": 91981,
      "totalDamageTaken": 13247,
      "team": 200,
      "win": true,
      "neutralMinionsKilled": 5,
      "physicalDamageDealtPlayer": 31298,
      "magicDamageDealtPlayer": 59596,
      "physicalDamageTaken": 3515,
      "magicDamageTaken": 9307,
      "timePlayed": 1874,
      "assists": 2,
      "item0": 3151,
      "item1": 3006,
      "item2": 3085,
      "item4": 1058,
      "item6": 3340,
      "magicDamageDealtToChampions": 6892,
      "physicalDamageDealtToChampions": 1141,
      "totalDamageDealtToChampions": 9120,
      "trueDamageDealtPlayer": 1086,
      "trueDamageDealtToChampions": 1086,
      "trueDamageTaken": 425,
      "wardPlaced": 41,
      "neutralMinionsKilledEnemyJungle": 5,
      "totalTimeCrowdControlDealt": 250
    }
  },
  "38996972": {
    "gameId": 825983280,
    "invalid": false,
    "gameMode": "CLASSIC",
    "gameType": "MATCHED_GAME",
    "subType": "NORMAL",
    "mapId": 1,
    "teamId": 100,
    "championId": 22,
    "spell1": 7,
    "spell2": 4,
    "level": 30,
    "ipEarned": 60,
    "createDate": 1399030720393,
    "fellowPlayers": [
      {
        "summonerId": 34618469,
        "teamId": 200,
        "championId": 29
      },
      {
        "summonerId": 39324980,
        "teamId": 100,
        "championId": 254
      },
      {
        "summonerId": 23815222,
        "teamId": 200,
        "championId": 1
      },
      {
        "summonerId": 36913893,
        "teamId": 100,
        "championId": 43
      },
      {
        "summonerId": 20380123,
        "teamId": 100,
        "championId": 99
      },
      {
        "summonerId": 36307011,
        "teamId": 200,
        "championId": 77
      },
      {
        "summonerId": 38599124,
        "teamId": 100,
        "championId": 412
      },
      {
        "summonerId": 43564013,
        "teamId": 200,
        "championId": 17
      },
      {
        "summonerId": 26366619,
        "teamId": 200,
        "championId": 61
      }
    ],
    "stats": {
      "level": 12,
      "goldEarned": 8074,
      "numDeaths": 6,
      "minionsKilled": 154,
      "goldSpent": 7035,
      "totalDamageDealt": 70444,
      "totalDamageTaken": 12006,
      "team": 100,
      "win": false,
      "neutralMinionsKilled": 5,
      "physicalDamageDealtPlayer": 68198,
      "magicDamageDealtPlayer": 2246,
      "physicalDamageTaken": 7088,
      "magicDamageTaken": 3997,
      "largestCriticalStrike": 551,
      "timePlayed": 1874,
      "totalHeal": 1699,
      "totalUnitsHealed": 3,
      "assists": 5,
      "item0": 3072,
      "item1": 1055,
      "item2": 3006,
      "item3": 1037,
      "item4": 1038,
      "item6": 3340,
      "magicDamageDealtToChampions": 1427,
      "physicalDamageDealtToChampions": 9061,
      "totalDamageDealtToChampions": 10488,
      "trueDamageTaken": 920,
      "wardPlaced": 1,
      "neutralMinionsKilledYourJungle": 5,
      "totalTimeCrowdControlDealt": 340
    }
  },
  "26366619": {
    "gameId": 825983280,
    "invalid": false,
    "gameMode": "CLASSIC",
    "gameType": "MATCHED_GAME",
    "subType": "NORMAL",
    "mapId": 1,
    "teamId": 200,
    "championId": 61,
    "spell1": 14,
    "spell2": 4,
    "level": 30,
    "ipEarned": 89,
    "createDate": 1399030720395,
    "fellowPlayers": [
      {
        "summonerId": 34618469,
        "teamId": 200,
        "championId": 29
      },
      {
        "summonerId": 38996972,
        "teamId": 100,
        "championId": 22
      },
      {
        "summonerId": 39324980,
        "teamId": 100,
        "championId": 254
      },
      {
        "summonerId": 23815222,
        "teamId": 200,
        "championId": 1
      },
      {
        "summonerId": 36913893,
        "teamId": 100,
        "championId": 43
      },
      {
        "summonerId": 20380123,
        "teamId": 100,
        "championId": 99
      },
      {
        "summonerId": 36307011,
        "teamId": 200,
        "championId": 77
      },
      {
        "summonerId": 38599124,
        "teamId": 100,
        "championId": 412
      },
      {
        "summonerId": 43564013,
        "teamId": 200,
        "championId": 17
      }
    ],
    "stats": {
      "level": 17,
      "goldEarned": 12343,
      "numDeaths": 3,
      "minionsKilled": 202,
      "championsKilled": 9,
      "goldSpent": 11225,
      "totalDamageDealt": 153538,
      "totalDamageTaken": 13121,
      "killingSprees": 3,
      "largestKillingSpree": 5,
      "team": 200,
      "win": true,
      "neutralMinionsKilled": 20,
      "largestMultiKill": 1,
      "physicalDamageDealtPlayer": 19646,
      "magicDamageDealtPlayer": 133078,
      "physicalDamageTaken": 6257,
      "magicDamageTaken": 6542,
      "timePlayed": 1874,
      "totalHeal": 1535,
      "totalUnitsHealed": 1,
      "assists": 6,
      "item0": 1056,
      "item1": 3174,
      "item2": 1052,
      "item3": 3275,
      "item4": 3089,
      "item5": 3135,
      "item6": 3340,
      "sightWardsBought": 1,
      "magicDamageDealtToChampions": 18642,
      "physicalDamageDealtToChampions": 1982,
      "totalDamageDealtToChampions": 21439,
      "trueDamageDealtPlayer": 814,
      "trueDamageDealtToChampions": 814,
      "trueDamageTaken": 322,
      "wardPlaced": 10,
      "neutralMinionsKilledEnemyJungle": 2,
      "neutralMinionsKilledYourJungle": 18,
      "totalTimeCrowdControlDealt": 1313
    }
  },
  "36913893": {
    "gameId": 825983280,
    "invalid": false,
    "gameMode": "CLASSIC",
    "gameType": "MATCHED_GAME",
    "subType": "NORMAL",
    "mapId": 1,
    "teamId": 100,
    "championId": 43,
    "spell1": 4,
    "spell2": 12,
    "level": 30,
    "ipEarned": 60,
    "createDate": 1399030720391,
    "fellowPlayers": [
      {
        "summonerId": 34618469,
        "teamId": 200,
        "championId": 29
      },
      {
        "summonerId": 38996972,
        "teamId": 100,
        "championId": 22
      },
      {
        "summonerId": 39324980,
        "teamId": 100,
        "championId": 254
      },
      {
        "summonerId": 23815222,
        "teamId": 200,
        "championId": 1
      },
      {
        "summonerId": 20380123,
        "teamId": 100,
        "championId": 99
      },
      {
        "summonerId": 36307011,
        "teamId": 200,
        "championId": 77
      },
      {
        "summonerId": 38599124,
        "teamId": 100,
        "championId": 412
      },
      {
        "summonerId": 43564013,
        "teamId": 200,
        "championId": 17
      },
      {
        "summonerId": 26366619,
        "teamId": 200,
        "championId": 61
      }
    ],
    "stats": {
      "level": 14,
      "goldEarned": 7510,
      "numDeaths": 4,
      "minionsKilled": 170,
      "goldSpent": 6725,
      "totalDamageDealt": 100519,
      "totalDamageTaken": 14123,
      "team": 100,
      "win": false,
      "physicalDamageDealtPlayer": 16215,
      "magicDamageDealtPlayer": 84304,
      "physicalDamageTaken": 5214,
      "magicDamageTaken": 7871,
      "timePlayed": 1874,
      "totalHeal": 44,
      "totalUnitsHealed": 1,
      "assists": 3,
      "item0": 1056,
      "item1": 3174,
      "item2": 3020,
      "item3": 3136,
      "item4": 2044,
      "item5": 1052,
      "item6": 3340,
      "sightWardsBought": 8,
      "magicDamageDealtToChampions": 14605,
      "physicalDamageDealtToChampions": 575,
      "totalDamageDealtToChampions": 15180,
      "trueDamageTaken": 1036,
      "wardPlaced": 15,
      "totalTimeCrowdControlDealt": 528
    }
  },
  "23815222": {
    "gameId": 825983280,
    "invalid": false,
    "gameMode": "CLASSIC",
    "gameType": "MATCHED_GAME",
    "subType": "NORMAL",
    "mapId": 1,
    "teamId": 200,
    "championId": 1,
    "spell1": 14,
    "spell2": 4,
    "level": 30,
    "ipEarned": 239,
    "createDate": 1399030720398,
    "fellowPlayers": [
      {
        "summonerId": 34618469,
        "teamId": 200,
        "championId": 29
      },
      {
        "summonerId": 38996972,
        "teamId": 100,
        "championId": 22
      },
      {
        "summonerId": 39324980,
        "teamId": 100,
        "championId": 254
      },
      {
        "summonerId": 36913893,
        "teamId": 100,
        "championId": 43
      },
      {
        "summonerId": 20380123,
        "teamId": 100,
        "championId": 99
      },
      {
        "summonerId": 36307011,
        "teamId": 200,
        "championId": 77
      },
      {
        "summonerId": 38599124,
        "teamId": 100,
        "championId": 412
      },
      {
        "summonerId": 43564013,
        "teamId": 200,
        "championId": 17
      },
      {
        "summonerId": 26366619,
        "teamId": 200,
        "championId": 61
      }
    ],
    "stats": {
      "level": 13,
      "goldEarned": 8677,
      "numDeaths": 3,
      "turretsKilled": 1,
      "minionsKilled": 10,
      "championsKilled": 5,
      "goldSpent": 9365,
      "totalDamageDealt": 22297,
      "totalDamageTaken": 12585,
      "killingSprees": 2,
      "largestKillingSpree": 3,
      "team": 200,
      "win": true,
      "neutralMinionsKilled": 1,
      "largestMultiKill": 1,
      "physicalDamageDealtPlayer": 6768,
      "magicDamageDealtPlayer": 15240,
      "physicalDamageTaken": 6615,
      "magicDamageTaken": 5517,
      "timePlayed": 1874,
      "assists": 10,
      "item0": 3303,
      "item1": 3027,
      "item2": 3135,
      "item3": 3020,
      "item6": 3340,
      "sightWardsBought": 4,
      "magicDamageDealtToChampions": 8965,
      "physicalDamageDealtToChampions": 1913,
      "totalDamageDealtToChampions": 11167,
      "trueDamageDealtPlayer": 288,
      "trueDamageDealtToChampions": 288,
      "trueDamageTaken": 452,
      "wardPlaced": 11,
      "neutralMinionsKilledYourJungle": 1,
      "totalTimeCrowdControlDealt": 24
    }
  },
  "38599124": {
    "gameId": 825983280,
    "invalid": false,
    "gameMode": "CLASSIC",
    "gameType": "MATCHED_GAME",
    "subType": "NORMAL",
    "mapId": 1,
    "teamId": 100,
    "championId": 412,
    "spell1": 4,
    "spell2": 14,
    "level": 30,
    "ipEarned": 60,
    "createDate": 1399030720388,
    "fellowPlayers": [
      {
        "summonerId": 34618469,
        "teamId": 200,
        "championId": 29
      },
      {
        "summonerId": 38996972,
        "teamId": 100,
        "championId": 22
      },
      {
        "summonerId": 39324980,
        "teamId": 100,
        "championId": 254
      },
      {
        "summonerId": 23815222,
        "teamId": 200,
        "championId": 1
      },
      {
        "summonerId": 36913893,
        "teamId": 100,
        "championId": 43
      },
      {
        "summonerId": 20380123,
        "teamId": 100,
        "championId": 99
      },
      {
        "summonerId": 36307011,
        "teamId": 200,
        "championId": 77
      },
      {
        "summonerId": 43564013,
        "teamId": 200,
        "championId": 17
      },
      {
        "summonerId": 26366619,
        "teamId": 200,
        "championId": 61
      }
    ],
    "stats": {
      "level": 12,
      "goldEarned": 6284,
      "numDeaths": 8,
      "minionsKilled": 40,
      "championsKilled": 3,
      "goldSpent": 5905,
      "totalDamageDealt": 23131,
      "totalDamageTaken": 23102,
      "team": 100,
      "win": false,
      "largestMultiKill": 1,
      "physicalDamageDealtPlayer": 6087,
      "magicDamageDealtPlayer": 16297,
      "physicalDamageTaken": 8573,
      "magicDamageTaken": 12574,
      "timePlayed": 1874,
      "totalHeal": 911,
      "totalUnitsHealed": 2,
      "assists": 3,
      "item0": 3401,
      "item1": 1028,
      "item2": 2045,
      "item3": 1006,
      "item4": 3111,
      "item6": 3341,
      "sightWardsBought": 2,
      "magicDamageDealtToChampions": 6992,
      "physicalDamageDealtToChampions": 1402,
      "totalDamageDealtToChampions": 9141,
      "trueDamageDealtPlayer": 746,
      "trueDamageDealtToChampions": 746,
      "trueDamageTaken": 1954,
      "wardPlaced": 16,
      "totalTimeCrowdControlDealt": 95
    }
  }
}