{
  "37565551": {
    "gameId": 825970958,
    "invalid": false,
    "gameMode": "CLASSIC",
    "gameType": "MATCHED_GAME",
    "subType": "RANKED_SOLO_5x5",
    "mapId": 1,
    "teamId": 200,
    "championId": 38,
    "spell1": 12,
    "spell2": 4,
    "level": 30,
    "ipEarned": 96,
    "createDate": 1399030192927,
    "fellowPlayers": [
      {
        "summonerId": 30872170,
        "teamId": 100,
        "championId": 121
      },
      {
        "summonerId": 35656127,
        "teamId": 200,
        "championId": 24
      },
      {
        "summonerId": 27270429,
        "teamId": 100,
        "championId": 19
      },
      {
        "summonerId": 20407755,
        "teamId": 200,
        "championId": 29
      },
      {
        "summonerId": 28632549,
        "teamId": 100,
        "championId": 37
      },
      {
        "summonerId": 24717718,
        "teamId": 200,
        "championId": 8
      },
      {
        "summonerId": 34545369,
        "teamId": 200,
        "championId": 57
      },
      {
        "summonerId": 22296278,
        "teamId": 100,
        "championId": 127
      },
      {
        "summonerId": 27756278,
        "teamId": 100,
        "championId": 81
      }
    ],
    "stats": {
      "level": 17,
      "goldEarned": 13972,
      "numDeaths": 6,
      "barracksKilled": 1,
      "turretsKilled": 3,
      "minionsKilled": 175,
      "championsKilled": 11,
      "goldSpent": 11880,
      "totalDamageDealt": 126546,
      "totalDamageTaken": 30993,
      "doubleKills": 1,
      "killingSprees": 3,
      "largestKillingSpree": 3,
      "team": 200,
      "win": true,
      "neutralMinionsKilled": 3,
      "largestMultiKill": 2,
      "physicalDamageDealtPlayer": 28642,
      "magicDamageDealtPlayer": 96846,
      "physicalDamageTaken": 14042,
      "magicDamageTaken": 15590,
      "timePlayed": 2044,
      "totalHeal": 884,
      "totalUnitsHealed": 1,
      "assists": 10,
      "item0": 3027,
      "item1": 3020,
      "item2": 3100,
      "item3": 3089,
      "item4": 3191,
      "item6": 3340,
      "magicDamageDealtToChampions": 31815,
      "physicalDamageDealtToChampions": 2353,
      "totalDamageDealtToChampions": 34280,
      "trueDamageDealtPlayer": 1058,
      "trueDamageDealtToChampions": 112,
      "trueDamageTaken": 1361,
      "wardPlaced": 12,
      "neutralMinionsKilledYourJungle": 3,
      "totalTimeCrowdControlDealt": 575
    }
  },
  "summonerCount": 10,
  "34545369": {
    "gameId": 825970958,
    "invalid": false,
    "gameMode": "CLASSIC",
    "gameType": "MATCHED_GAME",
    "subType": "RANKED_SOLO_5x5",
    "mapId": 1,
    "teamId": 200,
    "championId": 57,
    "spell1": 7,
    "spell2": 4,
    "level": 30,
    "ipEarned": 96,
    "createDate": 1399030192928,
    "fellowPlayers": [
      {
        "summonerId": 37565551,
        "teamId": 200,
        "championId": 38
      },
      {
        "summonerId": 30872170,
        "teamId": 100,
        "championId": 121
      },
      {
        "summonerId": 35656127,
        "teamId": 200,
        "championId": 24
      },
      {
        "summonerId": 27270429,
        "teamId": 100,
        "championId": 19
      },
      {
        "summonerId": 20407755,
        "teamId": 200,
        "championId": 29
      },
      {
        "summonerId": 28632549,
        "teamId": 100,
        "championId": 37
      },
      {
        "summonerId": 24717718,
        "teamId": 200,
        "championId": 8
      },
      {
        "summonerId": 22296278,
        "teamId": 100,
        "championId": 127
      },
      {
        "summonerId": 27756278,
        "teamId": 100,
        "championId": 81
      }
    ],
    "stats": {
      "level": 14,
      "goldEarned": 8174,
      "numDeaths": 5,
      "minionsKilled": 20,
      "goldSpent": 6805,
      "totalDamageDealt": 32641,
      "totalDamageTaken": 25269,
      "team": 200,
      "win": true,
      "neutralMinionsKilled": 1,
      "physicalDamageDealtPlayer": 4652,
      "magicDamageDealtPlayer": 26756,
      "physicalDamageTaken": 11640,
      "magicDamageTaken": 13060,
      "timePlayed": 2044,
      "totalHeal": 6778,
      "totalUnitsHealed": 5,
      "assists": 13,
      "item0": 3401,
      "item1": 3024,
      "item2": 3047,
      "item3": 1011,
      "item4": 1052,
      "item5": 1031,
      "item6": 3340,
      "sightWardsBought": 2,
      "magicDamageDealtToChampions": 8642,
      "physicalDamageDealtToChampions": 579,
      "totalDamageDealtToChampions": 9221,
      "trueDamageDealtPlayer": 1232,
      "trueDamageTaken": 568,
      "wardKilled": 1,
      "wardPlaced": 7,
      "neutralMinionsKilledEnemyJungle": 1,
      "totalTimeCrowdControlDealt": 156
    }
  },
  "35656127": {
    "gameId": 825970958,
    "invalid": false,
    "gameMode": "CLASSIC",
    "gameType": "MATCHED_GAME",
    "subType": "RANKED_SOLO_5x5",
    "mapId": 1,
    "teamId": 200,
    "championId": 24,
    "spell1": 11,
    "spell2": 4,
    "level": 30,
    "ipEarned": 96,
    "createDate": 1399030192924,
    "fellowPlayers": [
      {
        "summonerId": 37565551,
        "teamId": 200,
        "championId": 38
      },
      {
        "summonerId": 30872170,
        "teamId": 100,
        "championId": 121
      },
      {
        "summonerId": 27270429,
        "teamId": 100,
        "championId": 19
      },
      {
        "summonerId": 20407755,
        "teamId": 200,
        "championId": 29
      },
      {
        "summonerId": 28632549,
        "teamId": 100,
        "championId": 37
      },
      {
        "summonerId": 24717718,
        "teamId": 200,
        "championId": 8
      },
      {
        "summonerId": 34545369,
        "teamId": 200,
        "championId": 57
      },
      {
        "summonerId": 22296278,
        "teamId": 100,
        "championId": 127
      },
      {
        "summonerId": 27756278,
        "teamId": 100,
        "championId": 81
      }
    ],
    "stats": {
      "level": 16,
      "goldEarned": 12266,
      "numDeaths": 2,
      "turretsKilled": 2,
      "minionsKilled": 31,
      "championsKilled": 7,
      "goldSpent": 10018,
      "totalDamageDealt": 149340,
      "totalDamageTaken": 26131,
      "doubleKills": 2,
      "tripleKills": 1,
      "killingSprees": 2,
      "largestKillingSpree": 4,
      "team": 200,
      "win": true,
      "neutralMinionsKilled": 95,
      "largestMultiKill": 3,
      "physicalDamageDealtPlayer": 84679,
      "magicDamageDealtPlayer": 56996,
      "physicalDamageTaken": 16250,
      "magicDamageTaken": 9507,
      "largestCriticalStrike": 395,
      "timePlayed": 2044,
      "totalHeal": 5593,
      "totalUnitsHealed": 1,
      "assists": 7,
      "item0": 3047,
      "item1": 3153,
      "item2": 3160,
      "item3": 3078,
      "item6": 3341,
      "magicDamageDealtToChampions": 3952,
      "physicalDamageDealtToChampions": 11196,
      "totalDamageDealtToChampions": 15653,
      "trueDamageDealtPlayer": 7664,
      "trueDamageDealtToChampions": 504,
      "trueDamageTaken": 372,
      "wardKilled": 1,
      "wardPlaced": 4,
      "neutralMinionsKilledEnemyJungle": 16,
      "neutralMinionsKilledYourJungle": 79,
      "totalTimeCrowdControlDealt": 508
    }
  },
  "28632549": {
    "gameId": 825970958,
    "invalid": false,
    "gameMode": "CLASSIC",
    "gameType": "MATCHED_GAME",
    "subType": "RANKED_SOLO_5x5",
    "mapId": 1,
    "teamId": 100,
    "championId": 37,
    "spell1": 3,
    "spell2": 4,
    "level": 30,
    "ipEarned": 64,
    "createDate": 1399030192923,
    "fellowPlayers": [
      {
        "summonerId": 37565551,
        "teamId": 200,
        "championId": 38
      },
      {
        "summonerId": 30872170,
        "teamId": 100,
        "championId": 121
      },
      {
        "summonerId": 35656127,
        "teamId": 200,
        "championId": 24
      },
      {
        "summonerId": 27270429,
        "teamId": 100,
        "championId": 19
      },
      {
        "summonerId": 20407755,
        "teamId": 200,
        "championId": 29
      },
      {
        "summonerId": 24717718,
        "teamId": 200,
        "championId": 8
      },
      {
        "summonerId": 34545369,
        "teamId": 200,
        "championId": 57
      },
      {
        "summonerId": 22296278,
        "teamId": 100,
        "championId": 127
      },
      {
        "summonerId": 27756278,
        "teamId": 100,
        "championId": 81
      }
    ],
    "stats": {
      "level": 13,
      "goldEarned": 10122,
      "numDeaths": 6,
      "minionsKilled": 22,
      "championsKilled": 5,
      "goldSpent": 9750,
      "totalDamageDealt": 35607,
      "totalDamageTaken": 18483,
      "doubleKills": 1,
      "killingSprees": 2,
      "largestKillingSpree": 2,
      "team": 100,
      "win": false,
      "neutralMinionsKilled": 2,
      "largestMultiKill": 2,
      "physicalDamageDealtPlayer": 6813,
      "magicDamageDealtPlayer": 28794,
      "physicalDamageTaken": 6976,
      "magicDamageTaken": 10826,
      "timePlayed": 2044,
      "totalHeal": 8110,
      "totalUnitsHealed": 5,
      "assists": 9,
      "item0": 3092,
      "item1": 3023,
      "item2": 2049,
      "item3": 3255,
      "item4": 3057,
      "item5": 3028,
      "item6": 3341,
      "sightWardsBought": 2,
      "visionWardsBought": 3,
      "magicDamageDealtToChampions": 15900,
      "physicalDamageDealtToChampions": 2702,
      "totalDamageDealtToChampions": 18602,
      "trueDamageTaken": 680,
      "wardPlaced": 19,
      "neutralMinionsKilledYourJungle": 2,
      "totalTimeCrowdControlDealt": 37
    }
  },
  "24717718": {
    "gameId": 825970958,
    "invalid": false,
    "gameMode": "CLASSIC",
    "gameType": "MATCHED_GAME",
    "subType": "RANKED_SOLO_5x5",
    "mapId": 1,
    "teamId": 200,
    "championId": 8,
    "spell1": 14,
    "spell2": 6,
    "level": 30,
    "ipEarned": 246,
    "createDate": 1399030192925,
    "fellowPlayers": [
      {
        "summonerId": 37565551,
        "teamId": 200,
        "championId": 38
      },
      {
        "summonerId": 30872170,
        "teamId": 100,
        "championId": 121
      },
      {
        "summonerId": 35656127,
        "teamId": 200,
        "championId": 24
      },
      {
        "summonerId": 27270429,
        "teamId": 100,
        "championId": 19
      },
      {
        "summonerId": 20407755,
        "teamId": 200,
        "championId": 29
      },
      {
        "summonerId": 28632549,
        "teamId": 100,
        "championId": 37
      },
      {
        "summonerId": 34545369,
        "teamId": 200,
        "championId": 57
      },
      {
        "summonerId": 22296278,
        "teamId": 100,
        "championId": 127
      },
      {
        "summonerId": 27756278,
        "teamId": 100,
        "championId": 81
      }
    ],
    "stats": {
      "level": 17,
      "goldEarned": 13498,
      "numDeaths": 3,
      "turretsKilled": 1,
      "minionsKilled": 238,
      "championsKilled": 5,
      "goldSpent": 11075,
      "totalDamageDealt": 178807,
      "totalDamageTaken": 26992,
      "doubleKills": 1,
      "killingSprees": 1,
      "largestKillingSpree": 4,
      "team": 200,
      "win": true,
      "neutralMinionsKilled": 7,
      "largestMultiKill": 2,
      "physicalDamageDealtPlayer": 16738,
      "magicDamageDealtPlayer": 160862,
      "physicalDamageTaken": 11401,
      "magicDamageTaken": 14974,
      "timePlayed": 2044,
      "totalHeal": 10712,
      "totalUnitsHealed": 1,
      "assists": 9,
      "item0": 3157,
      "item1": 3152,
      "item2": 1054,
      "item3": 3116,
      "item4": 3255,
      "item6": 3340,
      "sightWardsBought": 3,
      "magicDamageDealtToChampions": 22332,
      "physicalDamageDealtToChampions": 1045,
      "totalDamageDealtToChampions": 24583,
      "trueDamageDealtPlayer": 1206,
      "trueDamageDealtToChampions": 1206,
      "trueDamageTaken": 616,
      "wardPlaced": 9,
      "neutralMinionsKilledEnemyJungle": 3,
      "neutralMinionsKilledYourJungle": 4,
      "totalTimeCrowdControlDealt": 346
    }
  },
  "30872170": {
    "gameId": 825970958,
    "invalid": false,
    "gameMode": "CLASSIC",
    "gameType": "MATCHED_GAME",
    "subType": "RANKED_SOLO_5x5",
    "mapId": 1,
    "teamId": 100,
    "championId": 121,
    "spell1": 11,
    "spell2": 4,
    "level": 30,
    "ipEarned": 64,
    "createDate": 1399030192918,
    "fellowPlayers": [
      {
        "summonerId": 37565551,
        "teamId": 200,
        "championId": 38
      },
      {
        "summonerId": 35656127,
        "teamId": 200,
        "championId": 24
      },
      {
        "summonerId": 27270429,
        "teamId": 100,
        "championId": 19
      },
      {
        "summonerId": 20407755,
        "teamId": 200,
        "championId": 29
      },
      {
        "summonerId": 28632549,
        "teamId": 100,
        "championId": 37
      },
      {
        "summonerId": 24717718,
        "teamId": 200,
        "championId": 8
      },
      {
        "summonerId": 34545369,
        "teamId": 200,
        "championId": 57
      },
      {
        "summonerId": 22296278,
        "teamId": 100,
        "championId": 127
      },
      {
        "summonerId": 27756278,
        "teamId": 100,
        "championId": 81
      }
    ],
    "stats": {
      "level": 15,
      "goldEarned": 8713,
      "numDeaths": 8,
      "minionsKilled": 30,
      "championsKilled": 2,
      "goldSpent": 8097,
      "totalDamageDealt": 126368,
      "totalDamageTaken": 29941,
      "team": 100,
      "win": false,
      "neutralMinionsKilled": 79,
      "largestMultiKill": 1,
      "physicalDamageDealtPlayer": 109922,
      "magicDamageDealtPlayer": 1444,
      "physicalDamageTaken": 18641,
      "magicDamageTaken": 10374,
      "timePlayed": 2044,
      "totalHeal": 8682,
      "totalUnitsHealed": 1,
      "assists": 5,
      "item0": 3209,
      "item1": 3143,
      "item2": 3134,
      "item3": 3111,
      "item6": 3340,
      "magicDamageDealtToChampions": 797,
      "physicalDamageDealtToChampions": 8220,
      "totalDamageDealtToChampions": 10003,
      "trueDamageDealtPlayer": 15001,
      "trueDamageDealtToChampions": 986,
      "trueDamageTaken": 926,
      "wardPlaced": 2,
      "neutralMinionsKilledEnemyJungle": 4,
      "neutralMinionsKilledYourJungle": 75,
      "totalTimeCrowdControlDealt": 579
    }
  },
  "27756278": {
    "gameId": 825970958,
    "invalid": false,
    "gameMode": "CLASSIC",
    "gameType": "MATCHED_GAME",
    "subType": "RANKED_SOLO_5x5",
    "mapId": 1,
    "teamId": 100,
    "championId": 81,
    "spell1": 7,
    "spell2": 4,
    "level": 30,
    "ipEarned": 64,
    "createDate": 1399030192922,
    "fellowPlayers": [
      {
        "summonerId": 37565551,
        "teamId": 200,
        "championId": 38
      },
      {
        "summonerId": 30872170,
        "teamId": 100,
        "championId": 121
      },
      {
        "summonerId": 35656127,
        "teamId": 200,
        "championId": 24
      },
      {
        "summonerId": 27270429,
        "teamId": 100,
        "championId": 19
      },
      {
        "summonerId": 20407755,
        "teamId": 200,
        "championId": 29
      },
      {
        "summonerId": 28632549,
        "teamId": 100,
        "championId": 37
      },
      {
        "summonerId": 24717718,
        "teamId": 200,
        "championId": 8
      },
      {
        "summonerId": 34545369,
        "teamId": 200,
        "championId": 57
      },
      {
        "summonerId": 22296278,
        "teamId": 100,
        "championId": 127
      }
    ],
    "stats": {
      "level": 15,
      "goldEarned": 11176,
      "numDeaths": 4,
      "minionsKilled": 187,
      "championsKilled": 7,
      "goldSpent": 10613,
      "totalDamageDealt": 120968,
      "totalDamageTaken": 23977,
      "doubleKills": 2,
      "killingSprees": 2,
      "largestKillingSpree": 3,
      "team": 100,
      "win": false,
      "neutralMinionsKilled": 10,
      "largestMultiKill": 2,
      "physicalDamageDealtPlayer": 103330,
      "magicDamageDealtPlayer": 17065,
      "physicalDamageTaken": 9025,
      "magicDamageTaken": 14032,
      "largestCriticalStrike": 526,
      "timePlayed": 2044,
      "totalHeal": 4231,
      "totalUnitsHealed": 4,
      "assists": 4,
      "item0": 1055,
      "item1": 3072,
      "item2": 3078,
      "item3": 3006,
      "item4": 3035,
      "item6": 3340,
      "magicDamageDealtToChampions": 6784,
      "physicalDamageDealtToChampions": 9667,
      "totalDamageDealtToChampions": 16553,
      "trueDamageDealtPlayer": 572,
      "trueDamageDealtToChampions": 102,
      "trueDamageTaken": 920,
      "wardPlaced": 6,
      "neutralMinionsKilledEnemyJungle": 2,
      "neutralMinionsKilledYourJungle": 8,
      "totalTimeCrowdControlDealt": 225
    }
  },
  "20407755": {
    "gameId": 825970958,
    "invalid": false,
    "gameMode": "CLASSIC",
    "gameType": "MATCHED_GAME",
    "subType": "RANKED_SOLO_5x5",
    "mapId": 1,
    "teamId": 200,
    "championId": 29,
    "spell1": 4,
    "spell2": 21,
    "level": 30,
    "ipEarned": 246,
    "createDate": 1399030192929,
    "fellowPlayers": [
      {
        "summonerId": 37565551,
        "teamId": 200,
        "championId": 38
      },
      {
        "summonerId": 30872170,
        "teamId": 100,
        "championId": 121
      },
      {
        "summonerId": 35656127,
        "teamId": 200,
        "championId": 24
      },
      {
        "summonerId": 27270429,
        "teamId": 100,
        "championId": 19
      },
      {
        "summonerId": 28632549,
        "teamId": 100,
        "championId": 37
      },
      {
        "summonerId": 24717718,
        "teamId": 200,
        "championId": 8
      },
      {
        "summonerId": 34545369,
        "teamId": 200,
        "championId": 57
      },
      {
        "summonerId": 22296278,
        "teamId": 100,
        "championId": 127
      },
      {
        "summonerId": 27756278,
        "teamId": 100,
        "championId": 81
      }
    ],
    "stats": {
      "level": 15,
      "goldEarned": 12673,
      "numDeaths": 3,
      "turretsKilled": 2,
      "minionsKilled": 163,
      "championsKilled": 7,
      "goldSpent": 9145,
      "totalDamageDealt": 112073,
      "totalDamageTaken": 17459,
      "doubleKills": 1,
      "killingSprees": 2,
      "largestKillingSpree": 4,
      "team": 200,
      "win": true,
      "neutralMinionsKilled": 12,
      "largestMultiKill": 2,
      "physicalDamageDealtPlayer": 102387,
      "physicalDamageTaken": 7760,
      "magicDamageTaken": 9356,
      "largestCriticalStrike": 539,
      "timePlayed": 2044,
      "totalHeal": 1326,
      "totalUnitsHealed": 1,
      "assists": 9,
      "item0": 1031,
      "item1": 1055,
      "item2": 3072,
      "item3": 3046,
      "item4": 3006,
      "item5": 1037,
      "item6": 3340,
      "physicalDamageDealtToChampions": 14829,
      "totalDamageDealtToChampions": 19071,
      "trueDamageDealtPlayer": 9686,
      "trueDamageDealtToChampions": 4242,
      "trueDamageTaken": 342,
      "wardKilled": 1,
      "wardPlaced": 7,
      "neutralMinionsKilledEnemyJungle": 2,
      "neutralMinionsKilledYourJungle": 10,
      "totalTimeCrowdControlDealt": 498
    }
  },
  "22296278": {
    "gameId": 825970958,
    "invalid": false,
    "gameMode": "CLASSIC",
    "gameType": "MATCHED_GAME",
    "subType": "RANKED_SOLO_5x5",
    "mapId": 1,
    "teamId": 100,
    "championId": 127,
    "spell1": 4,
    "spell2": 12,
    "level": 30,
    "ipEarned": 64,
    "createDate": 1399030192919,
    "fellowPlayers": [
      {
        "summonerId": 37565551,
        "teamId": 200,
        "championId": 38
      },
      {
        "summonerId": 30872170,
        "teamId": 100,
        "championId": 121
      },
      {
        "summonerId": 35656127,
        "teamId": 200,
        "championId": 24
      },
      {
        "summonerId": 27270429,
        "teamId": 100,
        "championId": 19
      },
      {
        "summonerId": 20407755,
        "teamId": 200,
        "championId": 29
      },
      {
        "summonerId": 28632549,
        "teamId": 100,
        "championId": 37
      },
      {
        "summonerId": 24717718,
        "teamId": 200,
        "championId": 8
      },
      {
        "summonerId": 34545369,
        "teamId": 200,
        "championId": 57
      },
      {
        "summonerId": 27756278,
        "teamId": 100,
        "championId": 81
      }
    ],
    "stats": {
      "level": 15,
      "goldEarned": 10002,
      "numDeaths": 7,
      "minionsKilled": 164,
      "championsKilled": 1,
      "goldSpent": 9035,
      "totalDamageDealt": 134733,
      "totalDamageTaken": 25099,
      "team": 100,
      "win": false,
      "neutralMinionsKilled": 1,
      "largestMultiKill": 1,
      "physicalDamageDealtPlayer": 8190,
      "magicDamageDealtPlayer": 126542,
      "physicalDamageTaken": 8539,
      "magicDamageTaken": 15313,
      "timePlayed": 2044,
      "totalHeal": 2897,
      "totalUnitsHealed": 1,
      "assists": 13,
      "item0": 1056,
      "item1": 3027,
      "item2": 3191,
      "item3": 3255,
      "item4": 3001,
      "item6": 3340,
      "magicDamageDealtToChampions": 29503,
      "physicalDamageDealtToChampions": 1169,
      "totalDamageDealtToChampions": 30672,
      "trueDamageTaken": 1246,
      "wardPlaced": 10,
      "neutralMinionsKilledYourJungle": 1,
      "totalTimeCrowdControlDealt": 451
    }
  },
  "27270429": {
    "gameId": 825970958,
    "invalid": false,
    "gameMode": "CLASSIC",
    "gameType": "MATCHED_GAME",
    "subType": "RANKED_SOLO_5x5",
    "mapId": 1,
    "teamId": 100,
    "championId": 19,
    "spell1": 4,
    "spell2": 14,
    "level": 30,
    "ipEarned": 64,
    "createDate": 1399030192921,
    "fellowPlayers": [
      {
        "summonerId": 37565551,
        "teamId": 200,
        "championId": 38
      },
      {
        "summonerId": 30872170,
        "teamId": 100,
        "championId": 121
      },
      {
        "summonerId": 35656127,
        "teamId": 200,
        "championId": 24
      },
      {
        "summonerId": 20407755,
        "teamId": 200,
        "championId": 29
      },
      {
        "summonerId": 28632549,
        "teamId": 100,
        "championId": 37
      },
      {
        "summonerId": 24717718,
        "teamId": 200,
        "championId": 8
      },
      {
        "summonerId": 34545369,
        "teamId": 200,
        "championId": 57
      },
      {
        "summonerId": 22296278,
        "teamId": 100,
        "championId": 127
      },
      {
        "summonerId": 27756278,
        "teamId": 100,
        "championId": 81
      }
    ],
    "stats": {
      "level": 14,
      "goldEarned": 8746,
      "numDeaths": 5,
      "turretsKilled": 1,
      "minionsKilled": 85,
      "championsKilled": 4,
      "goldSpent": 7900,
      "totalDamageDealt": 56157,
      "totalDamageTaken": 33251,
      "killingSprees": 1,
      "largestKillingSpree": 2,
      "team": 100,
      "win": false,
      "neutralMinionsKilled": 13,
      "largestMultiKill": 1,
      "physicalDamageDealtPlayer": 29347,
      "magicDamageDealtPlayer": 25016,
      "physicalDamageTaken": 13880,
      "magicDamageTaken": 16808,
      "timePlayed": 2044,
      "totalHeal": 13526,
      "totalUnitsHealed": 1,
      "assists": 8,
      "item0": 1056,
      "item1": 3065,
      "item2": 3047,
      "item3": 3091,
      "item4": 1031,
      "item6": 3340,
      "magicDamageDealtToChampions": 9505,
      "physicalDamageDealtToChampions": 2795,
      "totalDamageDealtToChampions": 13992,
      "trueDamageDealtPlayer": 1794,
      "trueDamageDealtToChampions": 1692,
      "trueDamageTaken": 2562,
      "wardPlaced": 4,
      "neutralMinionsKilledEnemyJungle": 1,
      "neutralMinionsKilledYourJungle": 12,
      "totalTimeCrowdControlDealt": 48
    }
  }
}