{
  "40524881": {
    "gameId": 825976905,
    "invalid": false,
    "gameMode": "CLASSIC",
    "gameType": "MATCHED_GAME",
    "subType": "RANKED_TEAM_5x5",
    "mapId": 1,
    "teamId": 200,
    "championId": 412,
    "spell1": 14,
    "spell2": 4,
    "level": 30,
    "ipEarned": 82,
    "createDate": 1399031243022,
    "fellowPlayers": [
      {
        "summonerId": 35624632,
        "teamId": 100,
        "championId": 114
      },
      {
        "summonerId": 37104170,
        "teamId": 200,
        "championId": 58
      },
      {
        "summonerId": 37238103,
        "teamId": 200,
        "championId": 222
      },
      {
        "summonerId": 32623381,
        "teamId": 200,
        "championId": 76
      },
      {
        "summonerId": 36309167,
        "teamId": 200,
        "championId": 11
      },
      {
        "summonerId": 28266912,
        "teamId": 100,
        "championId": 18
      },
      {
        "summonerId": 32343565,
        "teamId": 100,
        "championId": 55
      },
      {
        "summonerId": 36816020,
        "teamId": 100,
        "championId": 89
      },
      {
        "summonerId": 32523275,
        "teamId": 100,
        "championId": 254
      }
    ],
    "stats": {
      "level": 13,
      "goldEarned": 9675,
      "numDeaths": 3,
      "turretsKilled": 2,
      "minionsKilled": 4,
      "championsKilled": 5,
      "goldSpent": 7590,
      "totalDamageDealt": 18380,
      "totalDamageTaken": 15918,
      "killingSprees": 1,
      "largestKillingSpree": 2,
      "team": 200,
      "win": true,
      "neutralMinionsKilled": 1,
      "largestMultiKill": 1,
      "physicalDamageDealtPlayer": 4509,
      "magicDamageDealtPlayer": 13361,
      "physicalDamageTaken": 9550,
      "magicDamageTaken": 6127,
      "timePlayed": 1706,
      "totalHeal": 844,
      "totalUnitsHealed": 1,
      "assists": 13,
      "item0": 3143,
      "item1": 3069,
      "item2": 2049,
      "item3": 3117,
      "item4": 1028,
      "item5": 1006,
      "item6": 3341,
      "magicDamageDealtToChampions": 8331,
      "physicalDamageDealtToChampions": 967,
      "totalDamageDealtToChampions": 9808,
      "trueDamageDealtPlayer": 510,
      "trueDamageDealtToChampions": 510,
      "trueDamageTaken": 240,
      "wardPlaced": 17,
      "neutralMinionsKilledEnemyJungle": 1,
      "totalTimeCrowdControlDealt": 147
    }
  },
  "summonerCount": 10,
  "32523275": {
    "gameId": 825976905,
    "invalid": false,
    "gameMode": "CLASSIC",
    "gameType": "MATCHED_GAME",
    "subType": "RANKED_TEAM_5x5",
    "mapId": 1,
    "teamId": 100,
    "championId": 254,
    "spell1": 11,
    "spell2": 4,
    "level": 30,
    "ipEarned": 55,
    "createDate": 1399031243018,
    "fellowPlayers": [
      {
        "summonerId": 35624632,
        "teamId": 100,
        "championId": 114
      },
      {
        "summonerId": 40524881,
        "teamId": 200,
        "championId": 412
      },
      {
        "summonerId": 37104170,
        "teamId": 200,
        "championId": 58
      },
      {
        "summonerId": 37238103,
        "teamId": 200,
        "championId": 222
      },
      {
        "summonerId": 32623381,
        "teamId": 200,
        "championId": 76
      },
      {
        "summonerId": 36309167,
        "teamId": 200,
        "championId": 11
      },
      {
        "summonerId": 28266912,
        "teamId": 100,
        "championId": 18
      },
      {
        "summonerId": 32343565,
        "teamId": 100,
        "championId": 55
      },
      {
        "summonerId": 36816020,
        "teamId": 100,
        "championId": 89
      }
    ],
    "stats": {
      "level": 12,
      "goldEarned": 7237,
      "numDeaths": 5,
      "minionsKilled": 31,
      "championsKilled": 2,
      "goldSpent": 6725,
      "totalDamageDealt": 53596,
      "totalDamageTaken": 16238,
      "killingSprees": 1,
      "largestKillingSpree": 2,
      "team": 100,
      "win": false,
      "neutralMinionsKilled": 30,
      "largestMultiKill": 1,
      "physicalDamageDealtPlayer": 45642,
      "magicDamageDealtPlayer": 1773,
      "physicalDamageTaken": 10849,
      "magicDamageTaken": 4755,
      "timePlayed": 1706,
      "totalHeal": 1745,
      "totalUnitsHealed": 1,
      "assists": 8,
      "item0": 3209,
      "item1": 3260,
      "item2": 3025,
      "item6": 3340,
      "magicDamageDealtToChampions": 155,
      "physicalDamageDealtToChampions": 8496,
      "totalDamageDealtToChampions": 9425,
      "trueDamageDealtPlayer": 6180,
      "trueDamageDealtToChampions": 773,
      "trueDamageTaken": 634,
      "wardPlaced": 8,
      "neutralMinionsKilledEnemyJungle": 2,
      "neutralMinionsKilledYourJungle": 28,
      "totalTimeCrowdControlDealt": 288
    }
  },
  "36309167": {
    "gameId": 825976905,
    "invalid": false,
    "gameMode": "CLASSIC",
    "gameType": "MATCHED_GAME",
    "subType": "RANKED_TEAM_5x5",
    "mapId": 1,
    "teamId": 200,
    "championId": 11,
    "spell1": 11,
    "spell2": 3,
    "level": 30,
    "ipEarned": 232,
    "createDate": 1399031243021,
    "fellowPlayers": [
      {
        "summonerId": 35624632,
        "teamId": 100,
        "championId": 114
      },
      {
        "summonerId": 40524881,
        "teamId": 200,
        "championId": 412
      },
      {
        "summonerId": 37104170,
        "teamId": 200,
        "championId": 58
      },
      {
        "summonerId": 37238103,
        "teamId": 200,
        "championId": 222
      },
      {
        "summonerId": 32623381,
        "teamId": 200,
        "championId": 76
      },
      {
        "summonerId": 28266912,
        "teamId": 100,
        "championId": 18
      },
      {
        "summonerId": 32343565,
        "teamId": 100,
        "championId": 55
      },
      {
        "summonerId": 36816020,
        "teamId": 100,
        "championId": 89
      },
      {
        "summonerId": 32523275,
        "teamId": 100,
        "championId": 254
      }
    ],
    "stats": {
      "level": 16,
      "goldEarned": 11761,
      "numDeaths": 6,
      "barracksKilled": 1,
      "turretsKilled": 4,
      "minionsKilled": 64,
      "championsKilled": 5,
      "goldSpent": 9085,
      "totalDamageDealt": 155522,
      "totalDamageTaken": 18911,
      "killingSprees": 1,
      "largestKillingSpree": 2,
      "team": 200,
      "win": true,
      "neutralMinionsKilled": 79,
      "largestMultiKill": 1,
      "physicalDamageDealtPlayer": 127622,
      "magicDamageDealtPlayer": 13377,
      "physicalDamageTaken": 16057,
      "magicDamageTaken": 2195,
      "largestCriticalStrike": 799,
      "timePlayed": 1706,
      "totalHeal": 4364,
      "totalUnitsHealed": 1,
      "assists": 10,
      "item0": 3154,
      "item1": 3006,
      "item2": 3142,
      "item3": 3035,
      "item4": 3086,
      "item6": 3340,
      "physicalDamageDealtToChampions": 10745,
      "totalDamageDealtToChampions": 12432,
      "trueDamageDealtPlayer": 14522,
      "trueDamageDealtToChampions": 1687,
      "trueDamageTaken": 659,
      "wardPlaced": 11,
      "neutralMinionsKilledEnemyJungle": 20,
      "neutralMinionsKilledYourJungle": 59,
      "totalTimeCrowdControlDealt": 242
    }
  },
  "35624632": {
    "gameId": 825976905,
    "invalid": false,
    "gameMode": "CLASSIC",
    "gameType": "MATCHED_GAME",
    "subType": "RANKED_TEAM_5x5",
    "mapId": 1,
    "teamId": 100,
    "championId": 114,
    "spell1": 14,
    "spell2": 4,
    "level": 30,
    "ipEarned": 55,
    "createDate": 1399031243014,
    "fellowPlayers": [
      {
        "summonerId": 40524881,
        "teamId": 200,
        "championId": 412
      },
      {
        "summonerId": 37104170,
        "teamId": 200,
        "championId": 58
      },
      {
        "summonerId": 37238103,
        "teamId": 200,
        "championId": 222
      },
      {
        "summonerId": 32623381,
        "teamId": 200,
        "championId": 76
      },
      {
        "summonerId": 36309167,
        "teamId": 200,
        "championId": 11
      },
      {
        "summonerId": 28266912,
        "teamId": 100,
        "championId": 18
      },
      {
        "summonerId": 32343565,
        "teamId": 100,
        "championId": 55
      },
      {
        "summonerId": 36816020,
        "teamId": 100,
        "championId": 89
      },
      {
        "summonerId": 32523275,
        "teamId": 100,
        "championId": 254
      }
    ],
    "stats": {
      "level": 16,
      "goldEarned": 11083,
      "numDeaths": 4,
      "turretsKilled": 2,
      "minionsKilled": 166,
      "championsKilled": 10,
      "goldSpent": 10465,
      "totalDamageDealt": 121317,
      "totalDamageTaken": 25686,
      "doubleKills": 2,
      "killingSprees": 2,
      "largestKillingSpree": 5,
      "team": 100,
      "win": false,
      "neutralMinionsKilled": 13,
      "largestMultiKill": 2,
      "physicalDamageDealtPlayer": 118414,
      "magicDamageDealtPlayer": 1734,
      "physicalDamageTaken": 18713,
      "magicDamageTaken": 5989,
      "timePlayed": 1706,
      "totalHeal": 3587,
      "totalUnitsHealed": 1,
      "assists": 3,
      "item0": 3074,
      "item1": 1055,
      "item2": 3250,
      "item3": 3072,
      "item4": 1037,
      "item5": 1018,
      "item6": 3340,
      "magicDamageDealtToChampions": 1195,
      "physicalDamageDealtToChampions": 19679,
      "totalDamageDealtToChampions": 21638,
      "trueDamageDealtPlayer": 1168,
      "trueDamageDealtToChampions": 764,
      "trueDamageTaken": 984,
      "wardPlaced": 3,
      "neutralMinionsKilledEnemyJungle": 9,
      "neutralMinionsKilledYourJungle": 4,
      "totalTimeCrowdControlDealt": 129
    }
  },
  "28266912": {
    "gameId": 825976905,
    "invalid": false,
    "gameMode": "CLASSIC",
    "gameType": "MATCHED_GAME",
    "subType": "RANKED_TEAM_5x5",
    "mapId": 1,
    "teamId": 100,
    "championId": 18,
    "spell1": 4,
    "spell2": 7,
    "level": 30,
    "ipEarned": 55,
    "createDate": 1399031243019,
    "fellowPlayers": [
      {
        "summonerId": 35624632,
        "teamId": 100,
        "championId": 114
      },
      {
        "summonerId": 40524881,
        "teamId": 200,
        "championId": 412
      },
      {
        "summonerId": 37104170,
        "teamId": 200,
        "championId": 58
      },
      {
        "summonerId": 37238103,
        "teamId": 200,
        "championId": 222
      },
      {
        "summonerId": 32623381,
        "teamId": 200,
        "championId": 76
      },
      {
        "summonerId": 36309167,
        "teamId": 200,
        "championId": 11
      },
      {
        "summonerId": 32343565,
        "teamId": 100,
        "championId": 55
      },
      {
        "summonerId": 36816020,
        "teamId": 100,
        "championId": 89
      },
      {
        "summonerId": 32523275,
        "teamId": 100,
        "championId": 254
      }
    ],
    "stats": {
      "level": 11,
      "goldEarned": 7264,
      "numDeaths": 7,
      "minionsKilled": 85,
      "championsKilled": 4,
      "goldSpent": 7035,
      "totalDamageDealt": 57152,
      "totalDamageTaken": 16269,
      "killingSprees": 1,
      "largestKillingSpree": 2,
      "team": 100,
      "win": false,
      "neutralMinionsKilled": 4,
      "largestMultiKill": 1,
      "physicalDamageDealtPlayer": 46448,
      "magicDamageDealtPlayer": 10703,
      "physicalDamageTaken": 11780,
      "magicDamageTaken": 4312,
      "largestCriticalStrike": 316,
      "timePlayed": 1706,
      "totalHeal": 1725,
      "totalUnitsHealed": 3,
      "assists": 3,
      "item0": 1055,
      "item1": 3046,
      "item2": 3250,
      "item3": 1053,
      "item4": 1038,
      "item6": 3340,
      "magicDamageDealtToChampions": 4007,
      "physicalDamageDealtToChampions": 5637,
      "totalDamageDealtToChampions": 9644,
      "trueDamageTaken": 176,
      "wardPlaced": 3,
      "neutralMinionsKilledYourJungle": 4,
      "totalTimeCrowdControlDealt": 32
    }
  },
  "36816020": {
    "gameId": 825976905,
    "invalid": false,
    "gameMode": "CLASSIC",
    "gameType": "MATCHED_GAME",
    "subType": "RANKED_TEAM_5x5",
    "mapId": 1,
    "teamId": 100,
    "championId": 89,
    "spell1": 7,
    "spell2": 4,
    "level": 30,
    "ipEarned": 55,
    "createDate": 1399031243016,
    "fellowPlayers": [
      {
        "summonerId": 35624632,
        "teamId": 100,
        "championId": 114
      },
      {
        "summonerId": 40524881,
        "teamId": 200,
        "championId": 412
      },
      {
        "summonerId": 37104170,
        "teamId": 200,
        "championId": 58
      },
      {
        "summonerId": 37238103,
        "teamId": 200,
        "championId": 222
      },
      {
        "summonerId": 32623381,
        "teamId": 200,
        "championId": 76
      },
      {
        "summonerId": 36309167,
        "teamId": 200,
        "championId": 11
      },
      {
        "summonerId": 28266912,
        "teamId": 100,
        "championId": 18
      },
      {
        "summonerId": 32343565,
        "teamId": 100,
        "championId": 55
      },
      {
        "summonerId": 32523275,
        "teamId": 100,
        "championId": 254
      }
    ],
    "stats": {
      "level": 12,
      "goldEarned": 5607,
      "numDeaths": 4,
      "minionsKilled": 16,
      "championsKilled": 2,
      "goldSpent": 5160,
      "totalDamageDealt": 11920,
      "totalDamageTaken": 13955,
      "team": 100,
      "win": false,
      "largestMultiKill": 1,
      "physicalDamageDealtPlayer": 4068,
      "magicDamageDealtPlayer": 5637,
      "physicalDamageTaken": 10017,
      "magicDamageTaken": 3283,
      "timePlayed": 1706,
      "totalHeal": 1577,
      "totalUnitsHealed": 4,
      "assists": 3,
      "item0": 3302,
      "item1": 3265,
      "item2": 1011,
      "item3": 2010,
      "item4": 3067,
      "item5": 2049,
      "item6": 3340,
      "sightWardsBought": 3,
      "magicDamageDealtToChampions": 2593,
      "physicalDamageDealtToChampions": 947,
      "totalDamageDealtToChampions": 3671,
      "trueDamageDealtPlayer": 2214,
      "trueDamageDealtToChampions": 130,
      "trueDamageTaken": 654,
      "wardPlaced": 12,
      "totalTimeCrowdControlDealt": 45
    }
  },
  "32343565": {
    "gameId": 825976905,
    "invalid": false,
    "gameMode": "CLASSIC",
    "gameType": "MATCHED_GAME",
    "subType": "RANKED_TEAM_5x5",
    "mapId": 1,
    "teamId": 100,
    "championId": 55,
    "spell1": 14,
    "spell2": 4,
    "level": 30,
    "ipEarned": 55,
    "createDate": 1399031243015,
    "fellowPlayers": [
      {
        "summonerId": 35624632,
        "teamId": 100,
        "championId": 114
      },
      {
        "summonerId": 40524881,
        "teamId": 200,
        "championId": 412
      },
      {
        "summonerId": 37104170,
        "teamId": 200,
        "championId": 58
      },
      {
        "summonerId": 37238103,
        "teamId": 200,
        "championId": 222
      },
      {
        "summonerId": 32623381,
        "teamId": 200,
        "championId": 76
      },
      {
        "summonerId": 36309167,
        "teamId": 200,
        "championId": 11
      },
      {
        "summonerId": 28266912,
        "teamId": 100,
        "championId": 18
      },
      {
        "summonerId": 36816020,
        "teamId": 100,
        "championId": 89
      },
      {
        "summonerId": 32523275,
        "teamId": 100,
        "championId": 254
      }
    ],
    "stats": {
      "level": 13,
      "goldEarned": 6923,
      "numDeaths": 7,
      "minionsKilled": 112,
      "championsKilled": 2,
      "goldSpent": 6750,
      "totalDamageDealt": 67952,
      "totalDamageTaken": 15972,
      "team": 100,
      "win": false,
      "largestMultiKill": 1,
      "physicalDamageDealtPlayer": 7448,
      "magicDamageDealtPlayer": 60216,
      "physicalDamageTaken": 8703,
      "magicDamageTaken": 6383,
      "timePlayed": 1706,
      "totalHeal": 301,
      "totalUnitsHealed": 1,
      "assists": 2,
      "item0": 1056,
      "item1": 3255,
      "item2": 3157,
      "item3": 1052,
      "item4": 1053,
      "item6": 3340,
      "magicDamageDealtToChampions": 12714,
      "physicalDamageDealtToChampions": 523,
      "totalDamageDealtToChampions": 13525,
      "trueDamageDealtPlayer": 288,
      "trueDamageDealtToChampions": 288,
      "trueDamageTaken": 885,
      "wardPlaced": 7
    }
  },
  "40524881": {
    "gameId": 825976905,
    "invalid": false,
    "gameMode": "CLASSIC",
    "gameType": "MATCHED_GAME",
    "subType": "RANKED_TEAM_5x5",
    "mapId": 1,
    "teamId": 200,
    "championId": 412,
    "spell1": 14,
    "spell2": 4,
    "level": 30,
    "ipEarned": 82,
    "createDate": 1399031243022,
    "fellowPlayers": [
      {
        "summonerId": 35624632,
        "teamId": 100,
        "championId": 114
      },
      {
        "summonerId": 37104170,
        "teamId": 200,
        "championId": 58
      },
      {
        "summonerId": 37238103,
        "teamId": 200,
        "championId": 222
      },
      {
        "summonerId": 32623381,
        "teamId": 200,
        "championId": 76
      },
      {
        "summonerId": 36309167,
        "teamId": 200,
        "championId": 11
      },
      {
        "summonerId": 28266912,
        "teamId": 100,
        "championId": 18
      },
      {
        "summonerId": 32343565,
        "teamId": 100,
        "championId": 55
      },
      {
        "summonerId": 36816020,
        "teamId": 100,
        "championId": 89
      },
      {
        "summonerId": 32523275,
        "teamId": 100,
        "championId": 254
      }
    ],
    "stats": {
      "level": 13,
      "goldEarned": 9675,
      "numDeaths": 3,
      "turretsKilled": 2,
      "minionsKilled": 4,
      "championsKilled": 5,
      "goldSpent": 7590,
      "totalDamageDealt": 18380,
      "totalDamageTaken": 15918,
      "killingSprees": 1,
      "largestKillingSpree": 2,
      "team": 200,
      "win": true,
      "neutralMinionsKilled": 1,
      "largestMultiKill": 1,
      "physicalDamageDealtPlayer": 4509,
      "magicDamageDealtPlayer": 13361,
      "physicalDamageTaken": 9550,
      "magicDamageTaken": 6127,
      "timePlayed": 1706,
      "totalHeal": 844,
      "totalUnitsHealed": 1,
      "assists": 13,
      "item0": 3143,
      "item1": 3069,
      "item2": 2049,
      "item3": 3117,
      "item4": 1028,
      "item5": 1006,
      "item6": 3341,
      "magicDamageDealtToChampions": 8331,
      "physicalDamageDealtToChampions": 967,
      "totalDamageDealtToChampions": 9808,
      "trueDamageDealtPlayer": 510,
      "trueDamageDealtToChampions": 510,
      "trueDamageTaken": 240,
      "wardPlaced": 17,
      "neutralMinionsKilledEnemyJungle": 1,
      "totalTimeCrowdControlDealt": 147
    }
  },
  "37104170": {
    "gameId": 825976905,
    "invalid": false,
    "gameMode": "CLASSIC",
    "gameType": "MATCHED_GAME",
    "subType": "RANKED_TEAM_5x5",
    "mapId": 1,
    "teamId": 200,
    "championId": 58,
    "spell1": 14,
    "spell2": 4,
    "level": 30,
    "ipEarned": 82,
    "createDate": 1399031243023,
    "fellowPlayers": [
      {
        "summonerId": 35624632,
        "teamId": 100,
        "championId": 114
      },
      {
        "summonerId": 40524881,
        "teamId": 200,
        "championId": 412
      },
      {
        "summonerId": 37238103,
        "teamId": 200,
        "championId": 222
      },
      {
        "summonerId": 32623381,
        "teamId": 200,
        "championId": 76
      },
      {
        "summonerId": 36309167,
        "teamId": 200,
        "championId": 11
      },
      {
        "summonerId": 28266912,
        "teamId": 100,
        "championId": 18
      },
      {
        "summonerId": 32343565,
        "teamId": 100,
        "championId": 55
      },
      {
        "summonerId": 36816020,
        "teamId": 100,
        "championId": 89
      },
      {
        "summonerId": 32523275,
        "teamId": 100,
        "championId": 254
      }
    ],
    "stats": {
      "level": 15,
      "goldEarned": 11709,
      "numDeaths": 2,
      "minionsKilled": 165,
      "championsKilled": 6,
      "goldSpent": 10395,
      "totalDamageDealt": 98760,
      "totalDamageTaken": 17645,
      "doubleKills": 2,
      "tripleKills": 1,
      "killingSprees": 1,
      "largestKillingSpree": 6,
      "team": 200,
      "win": true,
      "neutralMinionsKilled": 17,
      "largestMultiKill": 3,
      "physicalDamageDealtPlayer": 80887,
      "magicDamageDealtPlayer": 16686,
      "physicalDamageTaken": 12156,
      "magicDamageTaken": 5168,
      "timePlayed": 1706,
      "totalHeal": 3100,
      "totalUnitsHealed": 1,
      "assists": 7,
      "item0": 3143,
      "item1": 3068,
      "item2": 3075,
      "item3": 3047,
      "item4": 1011,
      "item5": 1054,
      "item6": 3340,
      "magicDamageDealtToChampions": 3318,
      "physicalDamageDealtToChampions": 6397,
      "totalDamageDealtToChampions": 10254,
      "trueDamageDealtPlayer": 1186,
      "trueDamageDealtToChampions": 538,
      "trueDamageTaken": 321,
      "wardPlaced": 7,
      "neutralMinionsKilledEnemyJungle": 7,
      "neutralMinionsKilledYourJungle": 10,
      "totalTimeCrowdControlDealt": 181
    }
  },
  "32623381": {
    "gameId": 825976905,
    "invalid": false,
    "gameMode": "CLASSIC",
    "gameType": "MATCHED_GAME",
    "subType": "RANKED_TEAM_5x5",
    "mapId": 1,
    "teamId": 200,
    "championId": 76,
    "spell1": 4,
    "spell2": 14,
    "level": 30,
    "ipEarned": 232,
    "createDate": 1399031243025,
    "fellowPlayers": [
      {
        "summonerId": 35624632,
        "teamId": 100,
        "championId": 114
      },
      {
        "summonerId": 40524881,
        "teamId": 200,
        "championId": 412
      },
      {
        "summonerId": 37104170,
        "teamId": 200,
        "championId": 58
      },
      {
        "summonerId": 37238103,
        "teamId": 200,
        "championId": 222
      },
      {
        "summonerId": 36309167,
        "teamId": 200,
        "championId": 11
      },
      {
        "summonerId": 28266912,
        "teamId": 100,
        "championId": 18
      },
      {
        "summonerId": 32343565,
        "teamId": 100,
        "championId": 55
      },
      {
        "summonerId": 36816020,
        "teamId": 100,
        "championId": 89
      },
      {
        "summonerId": 32523275,
        "teamId": 100,
        "championId": 254
      }
    ],
    "stats": {
      "level": 14,
      "goldEarned": 9436,
      "numDeaths": 6,
      "minionsKilled": 129,
      "championsKilled": 4,
      "goldSpent": 8460,
      "totalDamageDealt": 67729,
      "totalDamageTaken": 15589,
      "killingSprees": 1,
      "largestKillingSpree": 2,
      "team": 200,
      "win": true,
      "largestMultiKill": 1,
      "physicalDamageDealtPlayer": 27741,
      "magicDamageDealtPlayer": 39454,
      "physicalDamageTaken": 9808,
      "magicDamageTaken": 4955,
      "timePlayed": 1706,
      "totalHeal": 5530,
      "totalUnitsHealed": 3,
      "assists": 5,
      "item0": 3020,
      "item1": 3040,
      "item2": 3089,
      "item3": 3108,
      "item6": 3340,
      "magicDamageDealtToChampions": 11911,
      "physicalDamageDealtToChampions": 1772,
      "totalDamageDealtToChampions": 14217,
      "trueDamageDealtPlayer": 534,
      "trueDamageDealtToChampions": 534,
      "trueDamageTaken": 824,
      "wardPlaced": 3
    }
  }
}