{
  "28295864": {
    "gameId": 825975575,
    "invalid": false,
    "gameMode": "CLASSIC",
    "gameType": "MATCHED_GAME",
    "subType": "RANKED_SOLO_5x5",
    "mapId": 1,
    "teamId": 200,
    "championId": 42,
    "spell1": 4,
    "spell2": 21,
    "level": 30,
    "ipEarned": 71,
    "createDate": 1399031577238,
    "fellowPlayers": [
      {
        "summonerId": 34270821,
        "teamId": 200,
        "championId": 64
      },
      {
        "summonerId": 42225009,
        "teamId": 100,
        "championId": 32
      },
      {
        "summonerId": 27061315,
        "teamId": 100,
        "championId": 412
      },
      {
        "summonerId": 22180557,
        "teamId": 100,
        "championId": 115
      },
      {
        "summonerId": 30690189,
        "teamId": 200,
        "championId": 76
      },
      {
        "summonerId": 38193148,
        "teamId": 100,
        "championId": 86
      },
      {
        "summonerId": 31446030,
        "teamId": 200,
        "championId": 1
      },
      {
        "summonerId": 31593347,
        "teamId": 100,
        "championId": 51
      },
      {
        "summonerId": 33467275,
        "teamId": 200,
        "championId": 58
      }
    ],
    "stats": {
      "level": 13,
      "goldEarned": 11443,
      "numDeaths": 10,
      "turretsKilled": 1,
      "minionsKilled": 125,
      "championsKilled": 8,
      "goldSpent": 11108,
      "totalDamageDealt": 93814,
      "totalDamageTaken": 32419,
      "doubleKills": 2,
      "killingSprees": 2,
      "largestKillingSpree": 4,
      "team": 200,
      "win": false,
      "neutralMinionsKilled": 1,
      "largestMultiKill": 2,
      "physicalDamageDealtPlayer": 44695,
      "magicDamageDealtPlayer": 45250,
      "physicalDamageTaken": 12346,
      "magicDamageTaken": 19680,
      "largestCriticalStrike": 602,
      "timePlayed": 2360,
      "totalHeal": 1467,
      "totalUnitsHealed": 1,
      "assists": 11,
      "item0": 3072,
      "item1": 3078,
      "item2": 3111,
      "item3": 1055,
      "item4": 1037,
      "item5": 1036,
      "item6": 3340,
      "magicDamageDealtToChampions": 16562,
      "physicalDamageDealtToChampions": 11908,
      "totalDamageDealtToChampions": 30159,
      "trueDamageDealtPlayer": 3867,
      "trueDamageDealtToChampions": 1688,
      "trueDamageTaken": 391,
      "wardPlaced": 13,
      "neutralMinionsKilledYourJungle": 1,
      "totalTimeCrowdControlDealt": 87
    }
  },
  "summonerCount": 10,
  "27061315": {
    "gameId": 825975575,
    "invalid": false,
    "gameMode": "CLASSIC",
    "gameType": "MATCHED_GAME",
    "subType": "RANKED_SOLO_5x5",
    "mapId": 1,
    "teamId": 100,
    "championId": 412,
    "spell1": 4,
    "spell2": 3,
    "level": 30,
    "ipEarned": 108,
    "createDate": 1399031577235,
    "fellowPlayers": [
      {
        "summonerId": 34270821,
        "teamId": 200,
        "championId": 64
      },
      {
        "summonerId": 42225009,
        "teamId": 100,
        "championId": 32
      },
      {
        "summonerId": 28295864,
        "teamId": 200,
        "championId": 42
      },
      {
        "summonerId": 22180557,
        "teamId": 100,
        "championId": 115
      },
      {
        "summonerId": 30690189,
        "teamId": 200,
        "championId": 76
      },
      {
        "summonerId": 38193148,
        "teamId": 100,
        "championId": 86
      },
      {
        "summonerId": 31446030,
        "teamId": 200,
        "championId": 1
      },
      {
        "summonerId": 31593347,
        "teamId": 100,
        "championId": 51
      },
      {
        "summonerId": 33467275,
        "teamId": 200,
        "championId": 58
      }
    ],
    "stats": {
      "level": 15,
      "goldEarned": 11174,
      "numDeaths": 6,
      "turretsKilled": 1,
      "minionsKilled": 29,
      "championsKilled": 3,
      "goldSpent": 8805,
      "totalDamageDealt": 26400,
      "totalDamageTaken": 31436,
      "killingSprees": 1,
      "largestKillingSpree": 2,
      "team": 100,
      "win": true,
      "largestMultiKill": 1,
      "physicalDamageDealtPlayer": 8862,
      "magicDamageDealtPlayer": 17538,
      "physicalDamageTaken": 13080,
      "magicDamageTaken": 17551,
      "timePlayed": 2360,
      "totalHeal": 1740,
      "totalUnitsHealed": 4,
      "assists": 26,
      "item0": 3401,
      "item1": 3143,
      "item2": 2049,
      "item3": 3117,
      "item4": 3105,
      "item6": 3340,
      "magicDamageDealtToChampions": 10146,
      "physicalDamageDealtToChampions": 2411,
      "totalDamageDealtToChampions": 12557,
      "trueDamageTaken": 804,
      "wardKilled": 1,
      "wardPlaced": 17,
      "totalTimeCrowdControlDealt": 435
    }
  },
  "33467275": {
    "gameId": 825975575,
    "invalid": false,
    "gameMode": "CLASSIC",
    "gameType": "MATCHED_GAME",
    "subType": "RANKED_SOLO_5x5",
    "mapId": 1,
    "teamId": 200,
    "championId": 58,
    "spell1": 14,
    "spell2": 4,
    "level": 30,
    "ipEarned": 71,
    "createDate": 1399031577236,
    "fellowPlayers": [
      {
        "summonerId": 34270821,
        "teamId": 200,
        "championId": 64
      },
      {
        "summonerId": 42225009,
        "teamId": 100,
        "championId": 32
      },
      {
        "summonerId": 28295864,
        "teamId": 200,
        "championId": 42
      },
      {
        "summonerId": 27061315,
        "teamId": 100,
        "championId": 412
      },
      {
        "summonerId": 22180557,
        "teamId": 100,
        "championId": 115
      },
      {
        "summonerId": 30690189,
        "teamId": 200,
        "championId": 76
      },
      {
        "summonerId": 38193148,
        "teamId": 100,
        "championId": 86
      },
      {
        "summonerId": 31446030,
        "teamId": 200,
        "championId": 1
      },
      {
        "summonerId": 31593347,
        "teamId": 100,
        "championId": 51
      }
    ],
    "stats": {
      "level": 15,
      "goldEarned": 11245,
      "numDeaths": 10,
      "minionsKilled": 127,
      "championsKilled": 8,
      "goldSpent": 10335,
      "totalDamageDealt": 82995,
      "totalDamageTaken": 40893,
      "killingSprees": 1,
      "largestKillingSpree": 2,
      "team": 200,
      "win": false,
      "neutralMinionsKilled": 7,
      "largestMultiKill": 1,
      "physicalDamageDealtPlayer": 62826,
      "magicDamageDealtPlayer": 18726,
      "physicalDamageTaken": 14978,
      "magicDamageTaken": 25428,
      "timePlayed": 2360,
      "totalHeal": 3735,
      "totalUnitsHealed": 1,
      "assists": 7,
      "item0": 1054,
      "item1": 3077,
      "item2": 3143,
      "item3": 3260,
      "item4": 3068,
      "item5": 1053,
      "item6": 3340,
      "magicDamageDealtToChampions": 4303,
      "physicalDamageDealtToChampions": 10403,
      "totalDamageDealtToChampions": 16148,
      "trueDamageDealtPlayer": 1442,
      "trueDamageDealtToChampions": 1442,
      "trueDamageTaken": 487,
      "wardPlaced": 2,
      "neutralMinionsKilledYourJungle": 7,
      "totalTimeCrowdControlDealt": 271
    }
  },
  "31593347": {
    "gameId": 825975575,
    "invalid": false,
    "gameMode": "CLASSIC",
    "gameType": "MATCHED_GAME",
    "subType": "RANKED_SOLO_5x5",
    "mapId": 1,
    "teamId": 100,
    "championId": 51,
    "spell1": 4,
    "spell2": 7,
    "level": 30,
    "ipEarned": 108,
    "createDate": 1399031577232,
    "fellowPlayers": [
      {
        "summonerId": 34270821,
        "teamId": 200,
        "championId": 64
      },
      {
        "summonerId": 42225009,
        "teamId": 100,
        "championId": 32
      },
      {
        "summonerId": 28295864,
        "teamId": 200,
        "championId": 42
      },
      {
        "summonerId": 27061315,
        "teamId": 100,
        "championId": 412
      },
      {
        "summonerId": 22180557,
        "teamId": 100,
        "championId": 115
      },
      {
        "summonerId": 30690189,
        "teamId": 200,
        "championId": 76
      },
      {
        "summonerId": 38193148,
        "teamId": 100,
        "championId": 86
      },
      {
        "summonerId": 31446030,
        "teamId": 200,
        "championId": 1
      },
      {
        "summonerId": 33467275,
        "teamId": 200,
        "championId": 58
      }
    ],
    "stats": {
      "level": 17,
      "goldEarned": 15611,
      "numDeaths": 7,
      "turretsKilled": 3,
      "minionsKilled": 205,
      "championsKilled": 12,
      "goldSpent": 12500,
      "totalDamageDealt": 191874,
      "totalDamageTaken": 22658,
      "doubleKills": 1,
      "killingSprees": 4,
      "largestKillingSpree": 6,
      "team": 100,
      "win": true,
      "neutralMinionsKilled": 28,
      "largestMultiKill": 2,
      "physicalDamageDealtPlayer": 187721,
      "magicDamageDealtPlayer": 3107,
      "physicalDamageTaken": 9696,
      "magicDamageTaken": 12512,
      "largestCriticalStrike": 1543,
      "timePlayed": 2360,
      "totalHeal": 3462,
      "totalUnitsHealed": 4,
      "assists": 13,
      "item0": 3035,
      "item1": 3031,
      "item2": 3072,
      "item3": 1001,
      "item4": 3085,
      "item6": 3340,
      "magicDamageDealtToChampions": 2840,
      "physicalDamageDealtToChampions": 31541,
      "totalDamageDealtToChampions": 34967,
      "trueDamageDealtPlayer": 1045,
      "trueDamageDealtToChampions": 585,
      "trueDamageTaken": 449,
      "wardPlaced": 6,
      "neutralMinionsKilledEnemyJungle": 4,
      "neutralMinionsKilledYourJungle": 24,
      "totalTimeCrowdControlDealt": 278
    }
  },
  "34270821": {
    "gameId": 825975575,
    "invalid": false,
    "gameMode": "CLASSIC",
    "gameType": "MATCHED_GAME",
    "subType": "RANKED_SOLO_5x5",
    "mapId": 1,
    "teamId": 200,
    "championId": 64,
    "spell1": 11,
    "spell2": 4,
    "level": 30,
    "ipEarned": 71,
    "createDate": 1399031577239,
    "fellowPlayers": [
      {
        "summonerId": 42225009,
        "teamId": 100,
        "championId": 32
      },
      {
        "summonerId": 28295864,
        "teamId": 200,
        "championId": 42
      },
      {
        "summonerId": 27061315,
        "teamId": 100,
        "championId": 412
      },
      {
        "summonerId": 22180557,
        "teamId": 100,
        "championId": 115
      },
      {
        "summonerId": 30690189,
        "teamId": 200,
        "championId": 76
      },
      {
        "summonerId": 38193148,
        "teamId": 100,
        "championId": 86
      },
      {
        "summonerId": 31446030,
        "teamId": 200,
        "championId": 1
      },
      {
        "summonerId": 31593347,
        "teamId": 100,
        "championId": 51
      },
      {
        "summonerId": 33467275,
        "teamId": 200,
        "championId": 58
      }
    ],
    "stats": {
      "level": 16,
      "goldEarned": 12191,
      "numDeaths": 7,
      "minionsKilled": 46,
      "championsKilled": 7,
      "goldSpent": 12090,
      "totalDamageDealt": 147655,
      "totalDamageTaken": 34602,
      "doubleKills": 1,
      "tripleKills": 1,
      "killingSprees": 1,
      "largestKillingSpree": 6,
      "team": 200,
      "win": false,
      "neutralMinionsKilled": 83,
      "largestMultiKill": 3,
      "physicalDamageDealtPlayer": 69565,
      "magicDamageDealtPlayer": 62474,
      "physicalDamageTaken": 19988,
      "magicDamageTaken": 14243,
      "timePlayed": 2360,
      "totalHeal": 2686,
      "totalUnitsHealed": 1,
      "assists": 13,
      "item0": 3074,
      "item1": 3154,
      "item2": 2044,
      "item3": 3065,
      "item4": 3068,
      "item5": 3111,
      "item6": 3340,
      "sightWardsBought": 1,
      "magicDamageDealtToChampions": 6235,
      "physicalDamageDealtToChampions": 12040,
      "totalDamageDealtToChampions": 19016,
      "trueDamageDealtPlayer": 15615,
      "trueDamageDealtToChampions": 741,
      "trueDamageTaken": 371,
      "wardPlaced": 14,
      "neutralMinionsKilledEnemyJungle": 13,
      "neutralMinionsKilledYourJungle": 70,
      "totalTimeCrowdControlDealt": 1010
    }
  },
  "38193148": {
    "gameId": 825975575,
    "invalid": false,
    "gameMode": "CLASSIC",
    "gameType": "MATCHED_GAME",
    "subType": "RANKED_SOLO_5x5",
    "mapId": 1,
    "teamId": 100,
    "championId": 86,
    "spell1": 4,
    "spell2": 12,
    "level": 30,
    "ipEarned": 108,
    "createDate": 1399031577234,
    "fellowPlayers": [
      {
        "summonerId": 34270821,
        "teamId": 200,
        "championId": 64
      },
      {
        "summonerId": 42225009,
        "teamId": 100,
        "championId": 32
      },
      {
        "summonerId": 28295864,
        "teamId": 200,
        "championId": 42
      },
      {
        "summonerId": 27061315,
        "teamId": 100,
        "championId": 412
      },
      {
        "summonerId": 22180557,
        "teamId": 100,
        "championId": 115
      },
      {
        "summonerId": 30690189,
        "teamId": 200,
        "championId": 76
      },
      {
        "summonerId": 31446030,
        "teamId": 200,
        "championId": 1
      },
      {
        "summonerId": 31593347,
        "teamId": 100,
        "championId": 51
      },
      {
        "summonerId": 33467275,
        "teamId": 200,
        "championId": 58
      }
    ],
    "stats": {
      "level": 17,
      "goldEarned": 13139,
      "numDeaths": 6,
      "minionsKilled": 162,
      "championsKilled": 10,
      "goldSpent": 10600,
      "totalDamageDealt": 108806,
      "totalDamageTaken": 35426,
      "doubleKills": 1,
      "killingSprees": 2,
      "largestKillingSpree": 5,
      "team": 100,
      "win": true,
      "neutralMinionsKilled": 6,
      "largestMultiKill": 2,
      "physicalDamageDealtPlayer": 80983,
      "magicDamageDealtPlayer": 27522,
      "physicalDamageTaken": 17835,
      "magicDamageTaken": 16406,
      "largestCriticalStrike": 104,
      "timePlayed": 2360,
      "totalHeal": 1104,
      "totalUnitsHealed": 1,
      "assists": 11,
      "item0": 3083,
      "item1": 3068,
      "item2": 3026,
      "item3": 3047,
      "item4": 1031,
      "item5": 1029,
      "item6": 3340,
      "magicDamageDealtToChampions": 8796,
      "physicalDamageDealtToChampions": 14215,
      "totalDamageDealtToChampions": 23132,
      "trueDamageDealtPlayer": 300,
      "trueDamageDealtToChampions": 120,
      "trueDamageTaken": 1185,
      "wardKilled": 1,
      "wardPlaced": 11,
      "neutralMinionsKilledEnemyJungle": 5,
      "neutralMinionsKilledYourJungle": 1,
      "totalTimeCrowdControlDealt": 199
    }
  },
  "22180557": {
    "gameId": 825975575,
    "invalid": false,
    "gameMode": "CLASSIC",
    "gameType": "MATCHED_GAME",
    "subType": "RANKED_SOLO_5x5",
    "mapId": 1,
    "teamId": 100,
    "championId": 115,
    "spell1": 4,
    "spell2": 7,
    "level": 30,
    "ipEarned": 108,
    "createDate": 1399031577230,
    "fellowPlayers": [
      {
        "summonerId": 34270821,
        "teamId": 200,
        "championId": 64
      },
      {
        "summonerId": 42225009,
        "teamId": 100,
        "championId": 32
      },
      {
        "summonerId": 28295864,
        "teamId": 200,
        "championId": 42
      },
      {
        "summonerId": 27061315,
        "teamId": 100,
        "championId": 412
      },
      {
        "summonerId": 30690189,
        "teamId": 200,
        "championId": 76
      },
      {
        "summonerId": 38193148,
        "teamId": 100,
        "championId": 86
      },
      {
        "summonerId": 31446030,
        "teamId": 200,
        "championId": 1
      },
      {
        "summonerId": 31593347,
        "teamId": 100,
        "championId": 51
      },
      {
        "summonerId": 33467275,
        "teamId": 200,
        "championId": 58
      }
    ],
    "stats": {
      "level": 17,
      "goldEarned": 14772,
      "numDeaths": 6,
      "turretsKilled": 2,
      "minionsKilled": 163,
      "championsKilled": 9,
      "goldSpent": 11420,
      "totalDamageDealt": 175515,
      "totalDamageTaken": 22335,
      "doubleKills": 2,
      "killingSprees": 3,
      "largestKillingSpree": 3,
      "team": 100,
      "win": true,
      "neutralMinionsKilled": 11,
      "largestMultiKill": 2,
      "physicalDamageDealtPlayer": 19924,
      "magicDamageDealtPlayer": 155470,
      "physicalDamageTaken": 8229,
      "magicDamageTaken": 13225,
      "timePlayed": 2360,
      "totalHeal": 3078,
      "totalUnitsHealed": 4,
      "assists": 20,
      "item0": 3151,
      "item1": 3174,
      "item2": 3020,
      "item3": 3089,
      "item4": 1052,
      "item5": 1029,
      "item6": 3342,
      "magicDamageDealtToChampions": 49444,
      "physicalDamageDealtToChampions": 2223,
      "totalDamageDealtToChampions": 51788,
      "trueDamageDealtPlayer": 120,
      "trueDamageDealtToChampions": 120,
      "trueDamageTaken": 880,
      "wardKilled": 2,
      "neutralMinionsKilledEnemyJungle": 4,
      "neutralMinionsKilledYourJungle": 7,
      "totalTimeCrowdControlDealt": 560
    }
  },
  "31446030": {
    "gameId": 825975575,
    "invalid": false,
    "gameMode": "CLASSIC",
    "gameType": "MATCHED_GAME",
    "subType": "RANKED_SOLO_5x5",
    "mapId": 1,
    "teamId": 200,
    "championId": 1,
    "spell1": 7,
    "spell2": 4,
    "level": 30,
    "ipEarned": 71,
    "createDate": 1399031577241,
    "fellowPlayers": [
      {
        "summonerId": 34270821,
        "teamId": 200,
        "championId": 64
      },
      {
        "summonerId": 42225009,
        "teamId": 100,
        "championId": 32
      },
      {
        "summonerId": 28295864,
        "teamId": 200,
        "championId": 42
      },
      {
        "summonerId": 27061315,
        "teamId": 100,
        "championId": 412
      },
      {
        "summonerId": 22180557,
        "teamId": 100,
        "championId": 115
      },
      {
        "summonerId": 30690189,
        "teamId": 200,
        "championId": 76
      },
      {
        "summonerId": 38193148,
        "teamId": 100,
        "championId": 86
      },
      {
        "summonerId": 31593347,
        "teamId": 100,
        "championId": 51
      },
      {
        "summonerId": 33467275,
        "teamId": 200,
        "championId": 58
      }
    ],
    "stats": {
      "level": 14,
      "goldEarned": 10123,
      "numDeaths": 8,
      "turretsKilled": 1,
      "minionsKilled": 24,
      "championsKilled": 2,
      "goldSpent": 9225,
      "totalDamageDealt": 34521,
      "totalDamageTaken": 30417,
      "doubleKills": 1,
      "killingSprees": 1,
      "largestKillingSpree": 2,
      "team": 200,
      "win": false,
      "largestMultiKill": 2,
      "physicalDamageDealtPlayer": 7989,
      "magicDamageDealtPlayer": 26532,
      "physicalDamageTaken": 12839,
      "magicDamageTaken": 17470,
      "timePlayed": 2360,
      "totalHeal": 4577,
      "totalUnitsHealed": 5,
      "assists": 18,
      "item0": 3069,
      "item1": 2045,
      "item2": 3111,
      "item3": 3190,
      "item4": 1011,
      "item6": 3340,
      "sightWardsBought": 2,
      "visionWardsBought": 1,
      "magicDamageDealtToChampions": 15562,
      "physicalDamageDealtToChampions": 2867,
      "totalDamageDealtToChampions": 18429,
      "trueDamageTaken": 108,
      "wardPlaced": 18,
      "totalTimeCrowdControlDealt": 83
    }
  },
  "42225009": {
    "gameId": 825975575,
    "invalid": false,
    "gameMode": "CLASSIC",
    "gameType": "MATCHED_GAME",
    "subType": "RANKED_SOLO_5x5",
    "mapId": 1,
    "teamId": 100,
    "championId": 32,
    "spell1": 11,
    "spell2": 4,
    "level": 30,
    "ipEarned": 108,
    "createDate": 1399031577233,
    "fellowPlayers": [
      {
        "summonerId": 34270821,
        "teamId": 200,
        "championId": 64
      },
      {
        "summonerId": 28295864,
        "teamId": 200,
        "championId": 42
      },
      {
        "summonerId": 27061315,
        "teamId": 100,
        "championId": 412
      },
      {
        "summonerId": 22180557,
        "teamId": 100,
        "championId": 115
      },
      {
        "summonerId": 30690189,
        "teamId": 200,
        "championId": 76
      },
      {
        "summonerId": 38193148,
        "teamId": 100,
        "championId": 86
      },
      {
        "summonerId": 31446030,
        "teamId": 200,
        "championId": 1
      },
      {
        "summonerId": 31593347,
        "teamId": 100,
        "championId": 51
      },
      {
        "summonerId": 33467275,
        "teamId": 200,
        "championId": 58
      }
    ],
    "stats": {
      "level": 17,
      "goldEarned": 14861,
      "numDeaths": 6,
      "minionsKilled": 72,
      "championsKilled": 7,
      "goldSpent": 13865,
      "totalDamageDealt": 160507,
      "totalDamageTaken": 32006,
      "killingSprees": 2,
      "largestKillingSpree": 2,
      "team": 100,
      "win": true,
      "neutralMinionsKilled": 80,
      "largestMultiKill": 1,
      "physicalDamageDealtPlayer": 23184,
      "magicDamageDealtPlayer": 123895,
      "physicalDamageTaken": 15968,
      "magicDamageTaken": 15186,
      "timePlayed": 2360,
      "totalHeal": 3965,
      "totalUnitsHealed": 1,
      "assists": 20,
      "item0": 3265,
      "item1": 3068,
      "item2": 3143,
      "item3": 3207,
      "item4": 3065,
      "item6": 3341,
      "magicDamageDealtToChampions": 20838,
      "physicalDamageDealtToChampions": 2304,
      "totalDamageDealtToChampions": 23487,
      "trueDamageDealtPlayer": 13428,
      "trueDamageDealtToChampions": 344,
      "trueDamageTaken": 851,
      "wardKilled": 2,
      "neutralMinionsKilledEnemyJungle": 16,
      "neutralMinionsKilledYourJungle": 64,
      "totalTimeCrowdControlDealt": 634
    }
  },
  "28295864": {
    "gameId": 825975575,
    "invalid": false,
    "gameMode": "CLASSIC",
    "gameType": "MATCHED_GAME",
    "subType": "RANKED_SOLO_5x5",
    "mapId": 1,
    "teamId": 200,
    "championId": 42,
    "spell1": 4,
    "spell2": 21,
    "level": 30,
    "ipEarned": 71,
    "createDate": 1399031577238,
    "fellowPlayers": [
      {
        "summonerId": 34270821,
        "teamId": 200,
        "championId": 64
      },
      {
        "summonerId": 42225009,
        "teamId": 100,
        "championId": 32
      },
      {
        "summonerId": 27061315,
        "teamId": 100,
        "championId": 412
      },
      {
        "summonerId": 22180557,
        "teamId": 100,
        "championId": 115
      },
      {
        "summonerId": 30690189,
        "teamId": 200,
        "championId": 76
      },
      {
        "summonerId": 38193148,
        "teamId": 100,
        "championId": 86
      },
      {
        "summonerId": 31446030,
        "teamId": 200,
        "championId": 1
      },
      {
        "summonerId": 31593347,
        "teamId": 100,
        "championId": 51
      },
      {
        "summonerId": 33467275,
        "teamId": 200,
        "championId": 58
      }
    ],
    "stats": {
      "level": 13,
      "goldEarned": 11443,
      "numDeaths": 10,
      "turretsKilled": 1,
      "minionsKilled": 125,
      "championsKilled": 8,
      "goldSpent": 11108,
      "totalDamageDealt": 93814,
      "totalDamageTaken": 32419,
      "doubleKills": 2,
      "killingSprees": 2,
      "largestKillingSpree": 4,
      "team": 200,
      "win": false,
      "neutralMinionsKilled": 1,
      "largestMultiKill": 2,
      "physicalDamageDealtPlayer": 44695,
      "magicDamageDealtPlayer": 45250,
      "physicalDamageTaken": 12346,
      "magicDamageTaken": 19680,
      "largestCriticalStrike": 602,
      "timePlayed": 2360,
      "totalHeal": 1467,
      "totalUnitsHealed": 1,
      "assists": 11,
      "item0": 3072,
      "item1": 3078,
      "item2": 3111,
      "item3": 1055,
      "item4": 1037,
      "item5": 1036,
      "item6": 3340,
      "magicDamageDealtToChampions": 16562,
      "physicalDamageDealtToChampions": 11908,
      "totalDamageDealtToChampions": 30159,
      "trueDamageDealtPlayer": 3867,
      "trueDamageDealtToChampions": 1688,
      "trueDamageTaken": 391,
      "wardPlaced": 13,
      "neutralMinionsKilledYourJungle": 1,
      "totalTimeCrowdControlDealt": 87
    }
  }
}