{
  "33083367": {
    "gameId": 825976825,
    "invalid": false,
    "gameMode": "CLASSIC",
    "gameType": "MATCHED_GAME",
    "subType": "RANKED_SOLO_5x5",
    "mapId": 1,
    "teamId": 100,
    "championId": 76,
    "spell1": 4,
    "spell2": 21,
    "level": 30,
    "ipEarned": 77,
    "createDate": 1399032001587,
    "fellowPlayers": [
      {
        "summonerId": 20725691,
        "teamId": 200,
        "championId": 54
      },
      {
        "summonerId": 35266170,
        "teamId": 100,
        "championId": 53
      },
      {
        "summonerId": 30533807,
        "teamId": 200,
        "championId": 45
      },
      {
        "summonerId": 30802938,
        "teamId": 200,
        "championId": 55
      },
      {
        "summonerId": 33999040,
        "teamId": 100,
        "championId": 24
      },
      {
        "summonerId": 21747314,
        "teamId": 100,
        "championId": 18
      },
      {
        "summonerId": 33437230,
        "teamId": 200,
        "championId": 9
      },
      {
        "summonerId": 29560363,
        "teamId": 200,
        "championId": 236
      },
      {
        "summonerId": 38784028,
        "teamId": 100,
        "championId": 254
      }
    ],
    "stats": {
      "level": 18,
      "goldEarned": 15223,
      "numDeaths": 8,
      "minionsKilled": 195,
      "championsKilled": 10,
      "goldSpent": 16000,
      "totalDamageDealt": 182296,
      "totalDamageTaken": 33326,
      "killingSprees": 3,
      "largestKillingSpree": 3,
      "team": 100,
      "win": false,
      "neutralMinionsKilled": 12,
      "largestMultiKill": 1,
      "physicalDamageDealtPlayer": 46600,
      "magicDamageDealtPlayer": 134713,
      "physicalDamageTaken": 9118,
      "magicDamageTaken": 24207,
      "timePlayed": 2597,
      "totalHeal": 13497,
      "totalUnitsHealed": 5,
      "assists": 10,
      "item0": 3157,
      "item1": 3100,
      "item2": 3255,
      "item3": 3089,
      "item4": 3135,
      "item5": 1026,
      "item6": 3340,
      "sightWardsBought": 2,
      "magicDamageDealtToChampions": 26778,
      "physicalDamageDealtToChampions": 4589,
      "totalDamageDealtToChampions": 31801,
      "trueDamageDealtPlayer": 982,
      "trueDamageDealtToChampions": 434,
      "wardKilled": 1,
      "wardPlaced": 13,
      "neutralMinionsKilledEnemyJungle": 2,
      "neutralMinionsKilledYourJungle": 10,
      "totalTimeCrowdControlDealt": 191
    }
  },
  "summonerCount": 10,
  "29560363": {
    "gameId": 825976825,
    "invalid": false,
    "gameMode": "CLASSIC",
    "gameType": "MATCHED_GAME",
    "subType": "RANKED_SOLO_5x5",
    "mapId": 1,
    "teamId": 200,
    "championId": 236,
    "spell1": 4,
    "spell2": 7,
    "level": 30,
    "ipEarned": 117,
    "createDate": 1399032001595,
    "fellowPlayers": [
      {
        "summonerId": 20725691,
        "teamId": 200,
        "championId": 54
      },
      {
        "summonerId": 35266170,
        "teamId": 100,
        "championId": 53
      },
      {
        "summonerId": 30533807,
        "teamId": 200,
        "championId": 45
      },
      {
        "summonerId": 30802938,
        "teamId": 200,
        "championId": 55
      },
      {
        "summonerId": 33999040,
        "teamId": 100,
        "championId": 24
      },
      {
        "summonerId": 21747314,
        "teamId": 100,
        "championId": 18
      },
      {
        "summonerId": 33437230,
        "teamId": 200,
        "championId": 9
      },
      {
        "summonerId": 33083367,
        "teamId": 100,
        "championId": 76
      },
      {
        "summonerId": 38784028,
        "teamId": 100,
        "championId": 254
      }
    ],
    "stats": {
      "level": 18,
      "goldEarned": 16824,
      "numDeaths": 7,
      "turretsKilled": 5,
      "minionsKilled": 215,
      "championsKilled": 7,
      "goldSpent": 15988,
      "totalDamageDealt": 233986,
      "totalDamageTaken": 30765,
      "killingSprees": 3,
      "largestKillingSpree": 2,
      "team": 200,
      "win": true,
      "neutralMinionsKilled": 46,
      "largestMultiKill": 1,
      "physicalDamageDealtPlayer": 197154,
      "magicDamageDealtPlayer": 36082,
      "physicalDamageTaken": 19461,
      "magicDamageTaken": 11001,
      "largestCriticalStrike": 716,
      "timePlayed": 2597,
      "totalHeal": 6240,
      "totalUnitsHealed": 3,
      "assists": 21,
      "item0": 3144,
      "item1": 3078,
      "item2": 3250,
      "item3": 3072,
      "item4": 3035,
      "item5": 3102,
      "item6": 3340,
      "magicDamageDealtToChampions": 5405,
      "physicalDamageDealtToChampions": 23302,
      "totalDamageDealtToChampions": 29038,
      "trueDamageDealtPlayer": 750,
      "trueDamageDealtToChampions": 330,
      "trueDamageTaken": 302,
      "wardKilled": 1,
      "wardPlaced": 12,
      "neutralMinionsKilledEnemyJungle": 12,
      "neutralMinionsKilledYourJungle": 34,
      "totalTimeCrowdControlDealt": 263
    }
  },
  "33999040": {
    "gameId": 825976825,
    "invalid": false,
    "gameMode": "CLASSIC",
    "gameType": "MATCHED_GAME",
    "subType": "RANKED_SOLO_5x5",
    "mapId": 1,
    "teamId": 100,
    "championId": 24,
    "spell1": 12,
    "spell2": 4,
    "level": 30,
    "ipEarned": 77,
    "createDate": 1399032001590,
    "fellowPlayers": [
      {
        "summonerId": 20725691,
        "teamId": 200,
        "championId": 54
      },
      {
        "summonerId": 35266170,
        "teamId": 100,
        "championId": 53
      },
      {
        "summonerId": 30533807,
        "teamId": 200,
        "championId": 45
      },
      {
        "summonerId": 30802938,
        "teamId": 200,
        "championId": 55
      },
      {
        "summonerId": 21747314,
        "teamId": 100,
        "championId": 18
      },
      {
        "summonerId": 33437230,
        "teamId": 200,
        "championId": 9
      },
      {
        "summonerId": 33083367,
        "teamId": 100,
        "championId": 76
      },
      {
        "summonerId": 29560363,
        "teamId": 200,
        "championId": 236
      },
      {
        "summonerId": 38784028,
        "teamId": 100,
        "championId": 254
      }
    ],
    "stats": {
      "level": 18,
      "goldEarned": 13863,
      "numDeaths": 11,
      "turretsKilled": 2,
      "minionsKilled": 210,
      "championsKilled": 5,
      "goldSpent": 13938,
      "totalDamageDealt": 138189,
      "totalDamageTaken": 46776,
      "killingSprees": 1,
      "largestKillingSpree": 3,
      "team": 100,
      "win": false,
      "neutralMinionsKilled": 2,
      "largestMultiKill": 1,
      "physicalDamageDealtPlayer": 113329,
      "magicDamageDealtPlayer": 24440,
      "physicalDamageTaken": 13032,
      "magicDamageTaken": 33369,
      "largestCriticalStrike": 585,
      "timePlayed": 2597,
      "totalHeal": 3268,
      "totalUnitsHealed": 1,
      "assists": 10,
      "item0": 3078,
      "item1": 3153,
      "item2": 3260,
      "item3": 1036,
      "item4": 1036,
      "item5": 3083,
      "item6": 3340,
      "magicDamageDealtToChampions": 5035,
      "physicalDamageDealtToChampions": 13583,
      "totalDamageDealtToChampions": 18996,
      "trueDamageDealtPlayer": 420,
      "trueDamageDealtToChampions": 378,
      "trueDamageTaken": 375,
      "wardKilled": 1,
      "wardPlaced": 12,
      "neutralMinionsKilledEnemyJungle": 2,
      "totalTimeCrowdControlDealt": 205
    }
  },
  "21747314": {
    "gameId": 825976825,
    "invalid": false,
    "gameMode": "CLASSIC",
    "gameType": "MATCHED_GAME",
    "subType": "RANKED_SOLO_5x5",
    "mapId": 1,
    "teamId": 100,
    "championId": 18,
    "spell1": 7,
    "spell2": 4,
    "level": 30,
    "ipEarned": 77,
    "createDate": 1399032001589,
    "fellowPlayers": [
      {
        "summonerId": 20725691,
        "teamId": 200,
        "championId": 54
      },
      {
        "summonerId": 35266170,
        "teamId": 100,
        "championId": 53
      },
      {
        "summonerId": 30533807,
        "teamId": 200,
        "championId": 45
      },
      {
        "summonerId": 30802938,
        "teamId": 200,
        "championId": 55
      },
      {
        "summonerId": 33999040,
        "teamId": 100,
        "championId": 24
      },
      {
        "summonerId": 33437230,
        "teamId": 200,
        "championId": 9
      },
      {
        "summonerId": 33083367,
        "teamId": 100,
        "championId": 76
      },
      {
        "summonerId": 29560363,
        "teamId": 200,
        "championId": 236
      },
      {
        "summonerId": 38784028,
        "teamId": 100,
        "championId": 254
      }
    ],
    "stats": {
      "level": 18,
      "goldEarned": 16600,
      "numDeaths": 7,
      "barracksKilled": 1,
      "turretsKilled": 3,
      "minionsKilled": 220,
      "championsKilled": 13,
      "goldSpent": 15415,
      "totalDamageDealt": 206445,
      "totalDamageTaken": 35075,
      "doubleKills": 2,
      "killingSprees": 3,
      "largestKillingSpree": 6,
      "team": 100,
      "win": false,
      "neutralMinionsKilled": 16,
      "largestMultiKill": 2,
      "physicalDamageDealtPlayer": 147246,
      "magicDamageDealtPlayer": 57445,
      "physicalDamageTaken": 11658,
      "magicDamageTaken": 23289,
      "largestCriticalStrike": 891,
      "timePlayed": 2597,
      "totalHeal": 6360,
      "totalUnitsHealed": 3,
      "assists": 8,
      "item0": 3031,
      "item1": 3072,
      "item2": 3035,
      "item3": 3250,
      "item4": 3087,
      "item5": 1057,
      "item6": 3340,
      "sightWardsBought": 2,
      "magicDamageDealtToChampions": 11120,
      "physicalDamageDealtToChampions": 22827,
      "totalDamageDealtToChampions": 35053,
      "trueDamageDealtPlayer": 1754,
      "trueDamageDealtToChampions": 1106,
      "trueDamageTaken": 128,
      "wardPlaced": 8,
      "neutralMinionsKilledEnemyJungle": 1,
      "neutralMinionsKilledYourJungle": 15,
      "totalTimeCrowdControlDealt": 362
    }
  },
  "38784028": {
    "gameId": 825976825,
    "invalid": false,
    "gameMode": "CLASSIC",
    "gameType": "MATCHED_GAME",
    "subType": "RANKED_SOLO_5x5",
    "mapId": 1,
    "teamId": 100,
    "championId": 254,
    "spell1": 11,
    "spell2": 4,
    "level": 30,
    "ipEarned": 77,
    "createDate": 1399032001592,
    "fellowPlayers": [
      {
        "summonerId": 20725691,
        "teamId": 200,
        "championId": 54
      },
      {
        "summonerId": 35266170,
        "teamId": 100,
        "championId": 53
      },
      {
        "summonerId": 30533807,
        "teamId": 200,
        "championId": 45
      },
      {
        "summonerId": 30802938,
        "teamId": 200,
        "championId": 55
      },
      {
        "summonerId": 33999040,
        "teamId": 100,
        "championId": 24
      },
      {
        "summonerId": 21747314,
        "teamId": 100,
        "championId": 18
      },
      {
        "summonerId": 33437230,
        "teamId": 200,
        "championId": 9
      },
      {
        "summonerId": 33083367,
        "teamId": 100,
        "championId": 76
      },
      {
        "summonerId": 29560363,
        "teamId": 200,
        "championId": 236
      }
    ],
    "stats": {
      "level": 17,
      "goldEarned": 15913,
      "numDeaths": 9,
      "turretsKilled": 1,
      "minionsKilled": 54,
      "championsKilled": 14,
      "goldSpent": 15278,
      "totalDamageDealt": 161712,
      "totalDamageTaken": 42684,
      "doubleKills": 1,
      "killingSprees": 4,
      "largestKillingSpree": 6,
      "team": 100,
      "win": false,
      "neutralMinionsKilled": 74,
      "largestMultiKill": 2,
      "physicalDamageDealtPlayer": 133546,
      "magicDamageDealtPlayer": 10446,
      "physicalDamageTaken": 14143,
      "magicDamageTaken": 27892,
      "largestCriticalStrike": 164,
      "timePlayed": 2597,
      "totalHeal": 1714,
      "totalUnitsHealed": 1,
      "assists": 15,
      "item0": 3047,
      "item1": 3071,
      "item2": 3068,
      "item3": 3102,
      "item4": 3209,
      "item5": 3078,
      "item6": 3340,
      "magicDamageDealtToChampions": 2430,
      "physicalDamageDealtToChampions": 26803,
      "totalDamageDealtToChampions": 31831,
      "trueDamageDealtPlayer": 17720,
      "trueDamageDealtToChampions": 2597,
      "trueDamageTaken": 648,
      "wardPlaced": 9,
      "neutralMinionsKilledEnemyJungle": 7,
      "neutralMinionsKilledYourJungle": 67,
      "totalTimeCrowdControlDealt": 354
    }
  },
  "30802938": {
    "gameId": 825976825,
    "invalid": false,
    "gameMode": "CLASSIC",
    "gameType": "MATCHED_GAME",
    "subType": "RANKED_SOLO_5x5",
    "mapId": 1,
    "teamId": 200,
    "championId": 55,
    "spell1": 21,
    "spell2": 4,
    "level": 30,
    "ipEarned": 267,
    "createDate": 1399032001593,
    "fellowPlayers": [
      {
        "summonerId": 20725691,
        "teamId": 200,
        "championId": 54
      },
      {
        "summonerId": 35266170,
        "teamId": 100,
        "championId": 53
      },
      {
        "summonerId": 30533807,
        "teamId": 200,
        "championId": 45
      },
      {
        "summonerId": 33999040,
        "teamId": 100,
        "championId": 24
      },
      {
        "summonerId": 21747314,
        "teamId": 100,
        "championId": 18
      },
      {
        "summonerId": 33437230,
        "teamId": 200,
        "championId": 9
      },
      {
        "summonerId": 33083367,
        "teamId": 100,
        "championId": 76
      },
      {
        "summonerId": 29560363,
        "teamId": 200,
        "championId": 236
      },
      {
        "summonerId": 38784028,
        "teamId": 100,
        "championId": 254
      }
    ],
    "stats": {
      "level": 18,
      "goldEarned": 16757,
      "numDeaths": 14,
      "barracksKilled": 1,
      "minionsKilled": 154,
      "championsKilled": 14,
      "goldSpent": 14545,
      "totalDamageDealt": 148470,
      "totalDamageTaken": 41517,
      "doubleKills": 2,
      "killingSprees": 3,
      "largestKillingSpree": 4,
      "team": 200,
      "win": true,
      "neutralMinionsKilled": 9,
      "largestMultiKill": 2,
      "physicalDamageDealtPlayer": 17698,
      "magicDamageDealtPlayer": 130407,
      "physicalDamageTaken": 24338,
      "magicDamageTaken": 16042,
      "timePlayed": 2597,
      "totalHeal": 1377,
      "totalUnitsHealed": 1,
      "assists": 20,
      "item0": 3157,
      "item1": 3146,
      "item2": 3001,
      "item3": 3089,
      "item4": 1052,
      "item5": 3020,
      "item6": 3340,
      "magicDamageDealtToChampions": 33141,
      "physicalDamageDealtToChampions": 1548,
      "totalDamageDealtToChampions": 34742,
      "trueDamageDealtPlayer": 364,
      "trueDamageDealtToChampions": 52,
      "trueDamageTaken": 1136,
      "wardPlaced": 7,
      "neutralMinionsKilledYourJungle": 9,
      "totalTimeCrowdControlDealt": 56
    }
  },
  "33437230": {
    "gameId": 825976825,
    "invalid": false,
    "gameMode": "CLASSIC",
    "gameType": "MATCHED_GAME",
    "subType": "RANKED_SOLO_5x5",
    "mapId": 1,
    "teamId": 200,
    "championId": 9,
    "spell1": 11,
    "spell2": 4,
    "level": 30,
    "ipEarned": 267,
    "createDate": 1399032001594,
    "fellowPlayers": [
      {
        "summonerId": 20725691,
        "teamId": 200,
        "championId": 54
      },
      {
        "summonerId": 35266170,
        "teamId": 100,
        "championId": 53
      },
      {
        "summonerId": 30533807,
        "teamId": 200,
        "championId": 45
      },
      {
        "summonerId": 30802938,
        "teamId": 200,
        "championId": 55
      },
      {
        "summonerId": 33999040,
        "teamId": 100,
        "championId": 24
      },
      {
        "summonerId": 21747314,
        "teamId": 100,
        "championId": 18
      },
      {
        "summonerId": 33083367,
        "teamId": 100,
        "championId": 76
      },
      {
        "summonerId": 29560363,
        "teamId": 200,
        "championId": 236
      },
      {
        "summonerId": 38784028,
        "teamId": 100,
        "championId": 254
      }
    ],
    "stats": {
      "level": 18,
      "goldEarned": 16469,
      "numDeaths": 10,
      "barracksKilled": 1,
      "minionsKilled": 68,
      "championsKilled": 13,
      "goldSpent": 14475,
      "totalDamageDealt": 229066,
      "totalDamageTaken": 44258,
      "doubleKills": 2,
      "killingSprees": 3,
      "largestKillingSpree": 6,
      "team": 200,
      "win": true,
      "neutralMinionsKilled": 77,
      "largestMultiKill": 2,
      "physicalDamageDealtPlayer": 18769,
      "magicDamageDealtPlayer": 185935,
      "physicalDamageTaken": 33434,
      "magicDamageTaken": 9840,
      "timePlayed": 2597,
      "totalHeal": 26258,
      "totalUnitsHealed": 1,
      "assists": 21,
      "item0": 3255,
      "item1": 3157,
      "item2": 1026,
      "item3": 3089,
      "item4": 3102,
      "item5": 3165,
      "item6": 3341,
      "magicDamageDealtToChampions": 53723,
      "physicalDamageDealtToChampions": 743,
      "totalDamageDealtToChampions": 54845,
      "trueDamageDealtPlayer": 24362,
      "trueDamageDealtToChampions": 378,
      "trueDamageTaken": 984,
      "wardKilled": 1,
      "neutralMinionsKilledEnemyJungle": 15,
      "neutralMinionsKilledYourJungle": 62,
      "totalTimeCrowdControlDealt": 667
    }
  },
  "20725691": {
    "gameId": 825976825,
    "invalid": false,
    "gameMode": "CLASSIC",
    "gameType": "MATCHED_GAME",
    "subType": "RANKED_SOLO_5x5",
    "mapId": 1,
    "teamId": 200,
    "championId": 54,
    "spell1": 4,
    "spell2": 12,
    "level": 30,
    "ipEarned": 117,
    "createDate": 1399032001596,
    "fellowPlayers": [
      {
        "summonerId": 35266170,
        "teamId": 100,
        "championId": 53
      },
      {
        "summonerId": 30533807,
        "teamId": 200,
        "championId": 45
      },
      {
        "summonerId": 30802938,
        "teamId": 200,
        "championId": 55
      },
      {
        "summonerId": 33999040,
        "teamId": 100,
        "championId": 24
      },
      {
        "summonerId": 21747314,
        "teamId": 100,
        "championId": 18
      },
      {
        "summonerId": 33437230,
        "teamId": 200,
        "championId": 9
      },
      {
        "summonerId": 33083367,
        "teamId": 100,
        "championId": 76
      },
      {
        "summonerId": 29560363,
        "teamId": 200,
        "championId": 236
      },
      {
        "summonerId": 38784028,
        "teamId": 100,
        "championId": 254
      }
    ],
    "stats": {
      "level": 18,
      "goldEarned": 14683,
      "numDeaths": 6,
      "turretsKilled": 1,
      "minionsKilled": 158,
      "championsKilled": 6,
      "goldSpent": 14760,
      "totalDamageDealt": 132019,
      "totalDamageTaken": 30577,
      "killingSprees": 1,
      "largestKillingSpree": 2,
      "team": 200,
      "win": true,
      "neutralMinionsKilled": 15,
      "largestMultiKill": 1,
      "physicalDamageDealtPlayer": 42032,
      "magicDamageDealtPlayer": 89987,
      "physicalDamageTaken": 16321,
      "magicDamageTaken": 12915,
      "timePlayed": 2597,
      "assists": 23,
      "item0": 3083,
      "item1": 3068,
      "item2": 3110,
      "item3": 1031,
      "item4": 3111,
      "item5": 3102,
      "item6": 3340,
      "magicDamageDealtToChampions": 28211,
      "physicalDamageDealtToChampions": 6791,
      "totalDamageDealtToChampions": 35002,
      "trueDamageTaken": 1339,
      "wardPlaced": 3,
      "neutralMinionsKilledEnemyJungle": 8,
      "neutralMinionsKilledYourJungle": 7,
      "totalTimeCrowdControlDealt": 3064
    }
  },
  "30533807": {
    "gameId": 825976825,
    "invalid": false,
    "gameMode": "CLASSIC",
    "gameType": "MATCHED_GAME",
    "subType": "RANKED_SOLO_5x5",
    "mapId": 1,
    "teamId": 200,
    "championId": 45,
    "spell1": 4,
    "spell2": 3,
    "level": 30,
    "ipEarned": 117,
    "createDate": 1399032001598,
    "fellowPlayers": [
      {
        "summonerId": 20725691,
        "teamId": 200,
        "championId": 54
      },
      {
        "summonerId": 35266170,
        "teamId": 100,
        "championId": 53
      },
      {
        "summonerId": 30802938,
        "teamId": 200,
        "championId": 55
      },
      {
        "summonerId": 33999040,
        "teamId": 100,
        "championId": 24
      },
      {
        "summonerId": 21747314,
        "teamId": 100,
        "championId": 18
      },
      {
        "summonerId": 33437230,
        "teamId": 200,
        "championId": 9
      },
      {
        "summonerId": 33083367,
        "teamId": 100,
        "championId": 76
      },
      {
        "summonerId": 29560363,
        "teamId": 200,
        "championId": 236
      },
      {
        "summonerId": 38784028,
        "teamId": 100,
        "championId": 254
      }
    ],
    "stats": {
      "level": 18,
      "goldEarned": 14330,
      "numDeaths": 6,
      "turretsKilled": 1,
      "minionsKilled": 44,
      "championsKilled": 6,
      "goldSpent": 13655,
      "totalDamageDealt": 50483,
      "totalDamageTaken": 20811,
      "doubleKills": 1,
      "killingSprees": 1,
      "largestKillingSpree": 3,
      "team": 200,
      "win": true,
      "neutralMinionsKilled": 2,
      "largestMultiKill": 2,
      "physicalDamageDealtPlayer": 11253,
      "magicDamageDealtPlayer": 39230,
      "physicalDamageTaken": 13551,
      "magicDamageTaken": 6177,
      "timePlayed": 2597,
      "totalHeal": 482,
      "totalUnitsHealed": 1,
      "assists": 26,
      "item0": 2045,
      "item1": 3092,
      "item2": 3157,
      "item3": 3259,
      "item4": 3027,
      "item5": 1031,
      "item6": 3341,
      "sightWardsBought": 3,
      "visionWardsBought": 2,
      "magicDamageDealtToChampions": 20391,
      "physicalDamageDealtToChampions": 2389,
      "totalDamageDealtToChampions": 22780,
      "trueDamageTaken": 1081,
      "wardKilled": 5,
      "wardPlaced": 26,
      "neutralMinionsKilledEnemyJungle": 1,
      "neutralMinionsKilledYourJungle": 1,
      "totalTimeCrowdControlDealt": 137
    }
  },
  "33083367": {
    "gameId": 825976825,
    "invalid": false,
    "gameMode": "CLASSIC",
    "gameType": "MATCHED_GAME",
    "subType": "RANKED_SOLO_5x5",
    "mapId": 1,
    "teamId": 100,
    "championId": 76,
    "spell1": 4,
    "spell2": 21,
    "level": 30,
    "ipEarned": 77,
    "createDate": 1399032001587,
    "fellowPlayers": [
      {
        "summonerId": 20725691,
        "teamId": 200,
        "championId": 54
      },
      {
        "summonerId": 35266170,
        "teamId": 100,
        "championId": 53
      },
      {
        "summonerId": 30533807,
        "teamId": 200,
        "championId": 45
      },
      {
        "summonerId": 30802938,
        "teamId": 200,
        "championId": 55
      },
      {
        "summonerId": 33999040,
        "teamId": 100,
        "championId": 24
      },
      {
        "summonerId": 21747314,
        "teamId": 100,
        "championId": 18
      },
      {
        "summonerId": 33437230,
        "teamId": 200,
        "championId": 9
      },
      {
        "summonerId": 29560363,
        "teamId": 200,
        "championId": 236
      },
      {
        "summonerId": 38784028,
        "teamId": 100,
        "championId": 254
      }
    ],
    "stats": {
      "level": 18,
      "goldEarned": 15223,
      "numDeaths": 8,
      "minionsKilled": 195,
      "championsKilled": 10,
      "goldSpent": 16000,
      "totalDamageDealt": 182296,
      "totalDamageTaken": 33326,
      "killingSprees": 3,
      "largestKillingSpree": 3,
      "team": 100,
      "win": false,
      "neutralMinionsKilled": 12,
      "largestMultiKill": 1,
      "physicalDamageDealtPlayer": 46600,
      "magicDamageDealtPlayer": 134713,
      "physicalDamageTaken": 9118,
      "magicDamageTaken": 24207,
      "timePlayed": 2597,
      "totalHeal": 13497,
      "totalUnitsHealed": 5,
      "assists": 10,
      "item0": 3157,
      "item1": 3100,
      "item2": 3255,
      "item3": 3089,
      "item4": 3135,
      "item5": 1026,
      "item6": 3340,
      "sightWardsBought": 2,
      "magicDamageDealtToChampions": 26778,
      "physicalDamageDealtToChampions": 4589,
      "totalDamageDealtToChampions": 31801,
      "trueDamageDealtPlayer": 982,
      "trueDamageDealtToChampions": 434,
      "wardKilled": 1,
      "wardPlaced": 13,
      "neutralMinionsKilledEnemyJungle": 2,
      "neutralMinionsKilledYourJungle": 10,
      "totalTimeCrowdControlDealt": 191
    }
  }
}