{
  "33415450": {
    "gameId": 825984713,
    "invalid": false,
    "gameMode": "CLASSIC",
    "gameType": "MATCHED_GAME",
    "subType": "RANKED_SOLO_5x5",
    "mapId": 1,
    "teamId": 100,
    "championId": 76,
    "spell1": 4,
    "spell2": 21,
    "level": 30,
    "ipEarned": 274,
    "createDate": 1399032220324,
    "fellowPlayers": [
      {
        "summonerId": 24139312,
        "teamId": 200,
        "championId": 89
      },
      {
        "summonerId": 27056067,
        "teamId": 100,
        "championId": 254
      },
      {
        "summonerId": 27272370,
        "teamId": 100,
        "championId": 67
      },
      {
        "summonerId": 41454741,
        "teamId": 200,
        "championId": 238
      },
      {
        "summonerId": 28121601,
        "teamId": 200,
        "championId": 19
      },
      {
        "summonerId": 34084347,
        "teamId": 200,
        "championId": 121
      },
      {
        "summonerId": 30928642,
        "teamId": 200,
        "championId": 81
      },
      {
        "summonerId": 19675409,
        "teamId": 100,
        "championId": 412
      },
      {
        "summonerId": 27881483,
        "teamId": 100,
        "championId": 24
      }
    ],
    "stats": {
      "level": 18,
      "goldEarned": 17447,
      "numDeaths": 9,
      "minionsKilled": 268,
      "championsKilled": 6,
      "goldSpent": 15330,
      "totalDamageDealt": 232188,
      "totalDamageTaken": 39271,
      "killingSprees": 1,
      "largestKillingSpree": 2,
      "team": 100,
      "win": true,
      "neutralMinionsKilled": 11,
      "largestMultiKill": 1,
      "physicalDamageDealtPlayer": 51219,
      "magicDamageDealtPlayer": 180751,
      "physicalDamageTaken": 31649,
      "magicDamageTaken": 6426,
      "timePlayed": 2805,
      "totalHeal": 22396,
      "totalUnitsHealed": 5,
      "assists": 20,
      "item0": 3089,
      "item1": 3157,
      "item2": 3135,
      "item3": 3255,
      "item4": 3174,
      "item5": 3108,
      "item6": 3340,
      "sightWardsBought": 3,
      "magicDamageDealtToChampions": 37556,
      "physicalDamageDealtToChampions": 5241,
      "totalDamageDealtToChampions": 42905,
      "trueDamageDealtPlayer": 216,
      "trueDamageDealtToChampions": 108,
      "trueDamageTaken": 1195,
      "wardPlaced": 15,
      "neutralMinionsKilledYourJungle": 11,
      "totalTimeCrowdControlDealt": 33
    }
  },
  "summonerCount": 10,
  "30928642": {
    "gameId": 825984713,
    "invalid": false,
    "gameMode": "CLASSIC",
    "gameType": "MATCHED_GAME",
    "subType": "RANKED_SOLO_5x5",
    "mapId": 1,
    "teamId": 200,
    "championId": 81,
    "spell1": 4,
    "spell2": 7,
    "level": 30,
    "ipEarned": 81,
    "createDate": 1399032220329,
    "fellowPlayers": [
      {
        "summonerId": 24139312,
        "teamId": 200,
        "championId": 89
      },
      {
        "summonerId": 27056067,
        "teamId": 100,
        "championId": 254
      },
      {
        "summonerId": 27272370,
        "teamId": 100,
        "championId": 67
      },
      {
        "summonerId": 41454741,
        "teamId": 200,
        "championId": 238
      },
      {
        "summonerId": 28121601,
        "teamId": 200,
        "championId": 19
      },
      {
        "summonerId": 34084347,
        "teamId": 200,
        "championId": 121
      },
      {
        "summonerId": 33415450,
        "teamId": 100,
        "championId": 76
      },
      {
        "summonerId": 19675409,
        "teamId": 100,
        "championId": 412
      },
      {
        "summonerId": 27881483,
        "teamId": 100,
        "championId": 24
      }
    ],
    "stats": {
      "level": 18,
      "goldEarned": 17076,
      "numDeaths": 9,
      "turretsKilled": 3,
      "minionsKilled": 256,
      "championsKilled": 9,
      "goldSpent": 15748,
      "totalDamageDealt": 243380,
      "totalDamageTaken": 39396,
      "killingSprees": 1,
      "largestKillingSpree": 6,
      "team": 200,
      "win": false,
      "neutralMinionsKilled": 11,
      "largestMultiKill": 1,
      "physicalDamageDealtPlayer": 208265,
      "magicDamageDealtPlayer": 34696,
      "physicalDamageTaken": 22724,
      "magicDamageTaken": 13742,
      "largestCriticalStrike": 1073,
      "timePlayed": 2805,
      "totalHeal": 5586,
      "totalUnitsHealed": 4,
      "assists": 11,
      "item0": 3250,
      "item1": 3078,
      "item2": 3035,
      "item3": 3031,
      "item4": 3072,
      "item5": 1031,
      "item6": 3340,
      "magicDamageDealtToChampions": 11443,
      "physicalDamageDealtToChampions": 32508,
      "totalDamageDealtToChampions": 44218,
      "trueDamageDealtPlayer": 418,
      "trueDamageDealtToChampions": 266,
      "trueDamageTaken": 2929,
      "wardKilled": 1,
      "wardPlaced": 4,
      "neutralMinionsKilledEnemyJungle": 5,
      "neutralMinionsKilledYourJungle": 6,
      "totalTimeCrowdControlDealt": 63
    }
  },
  "19675409": {
    "gameId": 825984713,
    "invalid": false,
    "gameMode": "CLASSIC",
    "gameType": "MATCHED_GAME",
    "subType": "RANKED_SOLO_5x5",
    "mapId": 1,
    "teamId": 100,
    "championId": 412,
    "spell1": 4,
    "spell2": 14,
    "level": 30,
    "ipEarned": 274,
    "createDate": 1399032220328,
    "fellowPlayers": [
      {
        "summonerId": 24139312,
        "teamId": 200,
        "championId": 89
      },
      {
        "summonerId": 27056067,
        "teamId": 100,
        "championId": 254
      },
      {
        "summonerId": 27272370,
        "teamId": 100,
        "championId": 67
      },
      {
        "summonerId": 41454741,
        "teamId": 200,
        "championId": 238
      },
      {
        "summonerId": 28121601,
        "teamId": 200,
        "championId": 19
      },
      {
        "summonerId": 34084347,
        "teamId": 200,
        "championId": 121
      },
      {
        "summonerId": 30928642,
        "teamId": 200,
        "championId": 81
      },
      {
        "summonerId": 33415450,
        "teamId": 100,
        "championId": 76
      },
      {
        "summonerId": 27881483,
        "teamId": 100,
        "championId": 24
      }
    ],
    "stats": {
      "level": 18,
      "goldEarned": 16761,
      "numDeaths": 3,
      "barracksKilled": 1,
      "minionsKilled": 52,
      "championsKilled": 4,
      "goldSpent": 16525,
      "totalDamageDealt": 72437,
      "totalDamageTaken": 37854,
      "killingSprees": 1,
      "largestKillingSpree": 4,
      "team": 100,
      "win": true,
      "neutralMinionsKilled": 4,
      "largestMultiKill": 1,
      "physicalDamageDealtPlayer": 16433,
      "magicDamageDealtPlayer": 53322,
      "physicalDamageTaken": 27449,
      "magicDamageTaken": 9393,
      "timePlayed": 2805,
      "totalHeal": 6733,
      "totalUnitsHealed": 1,
      "assists": 27,
      "item0": 3190,
      "item1": 3069,
      "item2": 3143,
      "item3": 2045,
      "item4": 3068,
      "item5": 3270,
      "item6": 3341,
      "sightWardsBought": 2,
      "magicDamageDealtToChampions": 20061,
      "physicalDamageDealtToChampions": 3228,
      "totalDamageDealtToChampions": 25755,
      "trueDamageDealtPlayer": 2682,
      "trueDamageDealtToChampions": 2466,
      "trueDamageTaken": 1012,
      "wardKilled": 2,
      "wardPlaced": 36,
      "neutralMinionsKilledYourJungle": 4,
      "totalTimeCrowdControlDealt": 486
    }
  },
  "27056067": {
    "gameId": 825984713,
    "invalid": false,
    "gameMode": "CLASSIC",
    "gameType": "MATCHED_GAME",
    "subType": "RANKED_SOLO_5x5",
    "mapId": 1,
    "teamId": 100,
    "championId": 254,
    "spell1": 11,
    "spell2": 4,
    "level": 30,
    "ipEarned": 124,
    "createDate": 1399032220327,
    "fellowPlayers": [
      {
        "summonerId": 24139312,
        "teamId": 200,
        "championId": 89
      },
      {
        "summonerId": 27272370,
        "teamId": 100,
        "championId": 67
      },
      {
        "summonerId": 41454741,
        "teamId": 200,
        "championId": 238
      },
      {
        "summonerId": 28121601,
        "teamId": 200,
        "championId": 19
      },
      {
        "summonerId": 34084347,
        "teamId": 200,
        "championId": 121
      },
      {
        "summonerId": 30928642,
        "teamId": 200,
        "championId": 81
      },
      {
        "summonerId": 33415450,
        "teamId": 100,
        "championId": 76
      },
      {
        "summonerId": 19675409,
        "teamId": 100,
        "championId": 412
      },
      {
        "summonerId": 27881483,
        "teamId": 100,
        "championId": 24
      }
    ],
    "stats": {
      "level": 18,
      "goldEarned": 18532,
      "numDeaths": 5,
      "barracksKilled": 1,
      "turretsKilled": 2,
      "minionsKilled": 78,
      "championsKilled": 12,
      "goldSpent": 14670,
      "totalDamageDealt": 245484,
      "totalDamageTaken": 34910,
      "doubleKills": 2,
      "killingSprees": 1,
      "largestKillingSpree": 11,
      "team": 100,
      "win": true,
      "neutralMinionsKilled": 101,
      "largestMultiKill": 2,
      "physicalDamageDealtPlayer": 192574,
      "magicDamageDealtPlayer": 21030,
      "physicalDamageTaken": 25263,
      "magicDamageTaken": 8072,
      "timePlayed": 2805,
      "totalHeal": 5893,
      "totalUnitsHealed": 1,
      "assists": 19,
      "item0": 3209,
      "item1": 3143,
      "item2": 3068,
      "item3": 3260,
      "item4": 3075,
      "item5": 3026,
      "item6": 3340,
      "magicDamageDealtToChampions": 6674,
      "physicalDamageDealtToChampions": 29177,
      "totalDamageDealtToChampions": 41160,
      "trueDamageDealtPlayer": 31878,
      "trueDamageDealtToChampions": 5308,
      "trueDamageTaken": 1574,
      "wardPlaced": 9,
      "neutralMinionsKilledEnemyJungle": 14,
      "neutralMinionsKilledYourJungle": 87,
      "totalTimeCrowdControlDealt": 1333
    }
  },
  "41454741": {
    "gameId": 825984713,
    "invalid": false,
    "gameMode": "CLASSIC",
    "gameType": "MATCHED_GAME",
    "subType": "RANKED_SOLO_5x5",
    "mapId": 1,
    "teamId": 200,
    "championId": 238,
    "spell1": 4,
    "spell2": 14,
    "level": 30,
    "ipEarned": 81,
    "createDate": 1399032220333,
    "fellowPlayers": [
      {
        "summonerId": 24139312,
        "teamId": 200,
        "championId": 89
      },
      {
        "summonerId": 27056067,
        "teamId": 100,
        "championId": 254
      },
      {
        "summonerId": 27272370,
        "teamId": 100,
        "championId": 67
      },
      {
        "summonerId": 28121601,
        "teamId": 200,
        "championId": 19
      },
      {
        "summonerId": 34084347,
        "teamId": 200,
        "championId": 121
      },
      {
        "summonerId": 30928642,
        "teamId": 200,
        "championId": 81
      },
      {
        "summonerId": 33415450,
        "teamId": 100,
        "championId": 76
      },
      {
        "summonerId": 19675409,
        "teamId": 100,
        "championId": 412
      },
      {
        "summonerId": 27881483,
        "teamId": 100,
        "championId": 24
      }
    ],
    "stats": {
      "level": 18,
      "goldEarned": 18301,
      "numDeaths": 10,
      "barracksKilled": 1,
      "turretsKilled": 2,
      "minionsKilled": 260,
      "championsKilled": 14,
      "goldSpent": 17980,
      "totalDamageDealt": 259354,
      "totalDamageTaken": 46549,
      "doubleKills": 1,
      "killingSprees": 3,
      "largestKillingSpree": 5,
      "team": 200,
      "win": false,
      "neutralMinionsKilled": 31,
      "largestMultiKill": 2,
      "physicalDamageDealtPlayer": 244219,
      "magicDamageDealtPlayer": 12931,
      "physicalDamageTaken": 32202,
      "magicDamageTaken": 10937,
      "largestCriticalStrike": 712,
      "timePlayed": 2805,
      "totalHeal": 4953,
      "totalUnitsHealed": 1,
      "assists": 5,
      "item0": 3153,
      "item1": 3142,
      "item2": 3275,
      "item3": 3022,
      "item4": 3035,
      "item5": 3026,
      "item6": 3362,
      "magicDamageDealtToChampions": 2296,
      "physicalDamageDealtToChampions": 45035,
      "totalDamageDealtToChampions": 49080,
      "trueDamageDealtPlayer": 2204,
      "trueDamageDealtToChampions": 1748,
      "trueDamageTaken": 3409,
      "wardPlaced": 56,
      "neutralMinionsKilledEnemyJungle": 11,
      "neutralMinionsKilledYourJungle": 20,
      "totalTimeCrowdControlDealt": 523
    }
  },
  "24139312": {
    "gameId": 825984713,
    "invalid": false,
    "gameMode": "CLASSIC",
    "gameType": "MATCHED_GAME",
    "subType": "RANKED_SOLO_5x5",
    "mapId": 1,
    "teamId": 200,
    "championId": 89,
    "spell1": 4,
    "spell2": 3,
    "level": 30,
    "ipEarned": 81,
    "createDate": 1399032220335,
    "fellowPlayers": [
      {
        "summonerId": 27056067,
        "teamId": 100,
        "championId": 254
      },
      {
        "summonerId": 27272370,
        "teamId": 100,
        "championId": 67
      },
      {
        "summonerId": 41454741,
        "teamId": 200,
        "championId": 238
      },
      {
        "summonerId": 28121601,
        "teamId": 200,
        "championId": 19
      },
      {
        "summonerId": 34084347,
        "teamId": 200,
        "championId": 121
      },
      {
        "summonerId": 30928642,
        "teamId": 200,
        "championId": 81
      },
      {
        "summonerId": 33415450,
        "teamId": 100,
        "championId": 76
      },
      {
        "summonerId": 19675409,
        "teamId": 100,
        "championId": 412
      },
      {
        "summonerId": 27881483,
        "teamId": 100,
        "championId": 24
      }
    ],
    "stats": {
      "level": 15,
      "goldEarned": 11803,
      "numDeaths": 10,
      "minionsKilled": 10,
      "championsKilled": 1,
      "goldSpent": 12345,
      "totalDamageDealt": 28481,
      "totalDamageTaken": 40828,
      "team": 200,
      "win": false,
      "largestMultiKill": 1,
      "physicalDamageDealtPlayer": 4892,
      "magicDamageDealtPlayer": 23318,
      "physicalDamageTaken": 19149,
      "magicDamageTaken": 18274,
      "timePlayed": 2805,
      "totalHeal": 645,
      "totalUnitsHealed": 3,
      "assists": 14,
      "item0": 3143,
      "item1": 3401,
      "item2": 2045,
      "item3": 3260,
      "item4": 3075,
      "item6": 3361,
      "sightWardsBought": 3,
      "visionWardsBought": 1,
      "magicDamageDealtToChampions": 11445,
      "physicalDamageDealtToChampions": 3450,
      "totalDamageDealtToChampions": 15023,
      "trueDamageDealtPlayer": 270,
      "trueDamageDealtToChampions": 128,
      "trueDamageTaken": 3404,
      "wardPlaced": 26,
      "totalTimeCrowdControlDealt": 620
    }
  },
  "27881483": {
    "gameId": 825984713,
    "invalid": false,
    "gameMode": "CLASSIC",
    "gameType": "MATCHED_GAME",
    "subType": "RANKED_SOLO_5x5",
    "mapId": 1,
    "teamId": 100,
    "championId": 24,
    "spell1": 4,
    "spell2": 14,
    "level": 30,
    "ipEarned": 124,
    "createDate": 1399032220323,
    "fellowPlayers": [
      {
        "summonerId": 24139312,
        "teamId": 200,
        "championId": 89
      },
      {
        "summonerId": 27056067,
        "teamId": 100,
        "championId": 254
      },
      {
        "summonerId": 27272370,
        "teamId": 100,
        "championId": 67
      },
      {
        "summonerId": 41454741,
        "teamId": 200,
        "championId": 238
      },
      {
        "summonerId": 28121601,
        "teamId": 200,
        "championId": 19
      },
      {
        "summonerId": 34084347,
        "teamId": 200,
        "championId": 121
      },
      {
        "summonerId": 30928642,
        "teamId": 200,
        "championId": 81
      },
      {
        "summonerId": 33415450,
        "teamId": 100,
        "championId": 76
      },
      {
        "summonerId": 19675409,
        "teamId": 100,
        "championId": 412
      }
    ],
    "stats": {
      "level": 18,
      "goldEarned": 16025,
      "numDeaths": 7,
      "turretsKilled": 1,
      "minionsKilled": 214,
      "championsKilled": 8,
      "goldSpent": 15818,
      "totalDamageDealt": 195964,
      "totalDamageTaken": 46976,
      "killingSprees": 3,
      "largestKillingSpree": 2,
      "team": 100,
      "win": true,
      "neutralMinionsKilled": 30,
      "largestMultiKill": 1,
      "physicalDamageDealtPlayer": 153435,
      "magicDamageDealtPlayer": 40180,
      "physicalDamageTaken": 34525,
      "magicDamageTaken": 11097,
      "largestCriticalStrike": 531,
      "timePlayed": 2805,
      "totalHeal": 6879,
      "totalUnitsHealed": 1,
      "assists": 11,
      "item0": 3153,
      "item1": 3143,
      "item2": 3078,
      "item3": 3124,
      "item4": 1055,
      "item5": 3260,
      "item6": 3340,
      "magicDamageDealtToChampions": 11467,
      "physicalDamageDealtToChampions": 25061,
      "totalDamageDealtToChampions": 38877,
      "trueDamageDealtPlayer": 2348,
      "trueDamageDealtToChampions": 2348,
      "trueDamageTaken": 1353,
      "wardPlaced": 11,
      "neutralMinionsKilledEnemyJungle": 2,
      "neutralMinionsKilledYourJungle": 28,
      "totalTimeCrowdControlDealt": 591
    }
  },
  "34084347": {
    "gameId": 825984713,
    "invalid": false,
    "gameMode": "CLASSIC",
    "gameType": "MATCHED_GAME",
    "subType": "RANKED_SOLO_5x5",
    "mapId": 1,
    "teamId": 200,
    "championId": 121,
    "spell1": 4,
    "spell2": 11,
    "level": 30,
    "ipEarned": 81,
    "createDate": 1399032220331,
    "fellowPlayers": [
      {
        "summonerId": 24139312,
        "teamId": 200,
        "championId": 89
      },
      {
        "summonerId": 27056067,
        "teamId": 100,
        "championId": 254
      },
      {
        "summonerId": 27272370,
        "teamId": 100,
        "championId": 67
      },
      {
        "summonerId": 41454741,
        "teamId": 200,
        "championId": 238
      },
      {
        "summonerId": 28121601,
        "teamId": 200,
        "championId": 19
      },
      {
        "summonerId": 30928642,
        "teamId": 200,
        "championId": 81
      },
      {
        "summonerId": 33415450,
        "teamId": 100,
        "championId": 76
      },
      {
        "summonerId": 19675409,
        "teamId": 100,
        "championId": 412
      },
      {
        "summonerId": 27881483,
        "teamId": 100,
        "championId": 24
      }
    ],
    "stats": {
      "level": 18,
      "goldEarned": 16472,
      "numDeaths": 9,
      "turretsKilled": 2,
      "minionsKilled": 97,
      "championsKilled": 9,
      "goldSpent": 16005,
      "totalDamageDealt": 244475,
      "totalDamageTaken": 54598,
      "killingSprees": 2,
      "largestKillingSpree": 4,
      "team": 200,
      "win": false,
      "neutralMinionsKilled": 111,
      "largestMultiKill": 1,
      "physicalDamageDealtPlayer": 211929,
      "magicDamageDealtPlayer": 3829,
      "physicalDamageTaken": 34194,
      "magicDamageTaken": 16328,
      "timePlayed": 2805,
      "totalHeal": 11911,
      "totalUnitsHealed": 1,
      "assists": 7,
      "item0": 3143,
      "item1": 3035,
      "item2": 3111,
      "item3": 3209,
      "item4": 3072,
      "item5": 3026,
      "item6": 3340,
      "magicDamageDealtToChampions": 2967,
      "physicalDamageDealtToChampions": 24600,
      "totalDamageDealtToChampions": 30310,
      "trueDamageDealtPlayer": 28716,
      "trueDamageDealtToChampions": 2743,
      "trueDamageTaken": 4075,
      "wardPlaced": 11,
      "neutralMinionsKilledEnemyJungle": 13,
      "neutralMinionsKilledYourJungle": 98,
      "totalTimeCrowdControlDealt": 1388
    }
  },
  "28121601": {
    "gameId": 825984713,
    "invalid": false,
    "gameMode": "CLASSIC",
    "gameType": "MATCHED_GAME",
    "subType": "RANKED_SOLO_5x5",
    "mapId": 1,
    "teamId": 200,
    "championId": 19,
    "spell1": 4,
    "spell2": 14,
    "level": 30,
    "ipEarned": 81,
    "createDate": 1399032220332,
    "fellowPlayers": [
      {
        "summonerId": 24139312,
        "teamId": 200,
        "championId": 89
      },
      {
        "summonerId": 27056067,
        "teamId": 100,
        "championId": 254
      },
      {
        "summonerId": 27272370,
        "teamId": 100,
        "championId": 67
      },
      {
        "summonerId": 41454741,
        "teamId": 200,
        "championId": 238
      },
      {
        "summonerId": 34084347,
        "teamId": 200,
        "championId": 121
      },
      {
        "summonerId": 30928642,
        "teamId": 200,
        "championId": 81
      },
      {
        "summonerId": 33415450,
        "teamId": 100,
        "championId": 76
      },
      {
        "summonerId": 19675409,
        "teamId": 100,
        "championId": 412
      },
      {
        "summonerId": 27881483,
        "teamId": 100,
        "championId": 24
      }
    ],
    "stats": {
      "level": 18,
      "goldEarned": 13271,
      "numDeaths": 7,
      "minionsKilled": 175,
      "championsKilled": 4,
      "goldSpent": 13070,
      "totalDamageDealt": 115900,
      "totalDamageTaken": 49800,
      "killingSprees": 1,
      "largestKillingSpree": 2,
      "team": 200,
      "win": false,
      "neutralMinionsKilled": 7,
      "largestMultiKill": 1,
      "physicalDamageDealtPlayer": 54391,
      "magicDamageDealtPlayer": 60172,
      "physicalDamageTaken": 28584,
      "magicDamageTaken": 16597,
      "timePlayed": 2805,
      "totalHeal": 15296,
      "totalUnitsHealed": 1,
      "assists": 9,
      "item0": 3026,
      "item1": 3110,
      "item2": 1011,
      "item3": 3068,
      "item4": 3260,
      "item5": 1028,
      "item6": 3340,
      "magicDamageDealtToChampions": 15203,
      "physicalDamageDealtToChampions": 3085,
      "totalDamageDealtToChampions": 19529,
      "trueDamageDealtPlayer": 1336,
      "trueDamageDealtToChampions": 1240,
      "trueDamageTaken": 4618,
      "wardPlaced": 8,
      "neutralMinionsKilledEnemyJungle": 4,
      "neutralMinionsKilledYourJungle": 3,
      "totalTimeCrowdControlDealt": 1917
    }
  },
  "27272370": {
    "gameId": 825984713,
    "invalid": false,
    "gameMode": "CLASSIC",
    "gameType": "MATCHED_GAME",
    "subType": "RANKED_SOLO_5x5",
    "mapId": 1,
    "teamId": 100,
    "championId": 67,
    "spell1": 4,
    "spell2": 7,
    "level": 30,
    "ipEarned": 124,
    "createDate": 1399032220325,
    "fellowPlayers": [
      {
        "summonerId": 24139312,
        "teamId": 200,
        "championId": 89
      },
      {
        "summonerId": 27056067,
        "teamId": 100,
        "championId": 254
      },
      {
        "summonerId": 41454741,
        "teamId": 200,
        "championId": 238
      },
      {
        "summonerId": 28121601,
        "teamId": 200,
        "championId": 19
      },
      {
        "summonerId": 34084347,
        "teamId": 200,
        "championId": 121
      },
      {
        "summonerId": 30928642,
        "teamId": 200,
        "championId": 81
      },
      {
        "summonerId": 33415450,
        "teamId": 100,
        "championId": 76
      },
      {
        "summonerId": 19675409,
        "teamId": 100,
        "championId": 412
      },
      {
        "summonerId": 27881483,
        "teamId": 100,
        "championId": 24
      }
    ],
    "stats": {
      "level": 18,
      "goldEarned": 17882,
      "numDeaths": 13,
      "turretsKilled": 2,
      "minionsKilled": 202,
      "championsKilled": 15,
      "goldSpent": 17100,
      "totalDamageDealt": 198590,
      "totalDamageTaken": 42918,
      "doubleKills": 1,
      "killingSprees": 4,
      "largestKillingSpree": 3,
      "team": 100,
      "win": true,
      "neutralMinionsKilled": 30,
      "largestMultiKill": 2,
      "physicalDamageDealtPlayer": 176143,
      "magicDamageDealtPlayer": 56,
      "physicalDamageTaken": 32380,
      "magicDamageTaken": 9009,
      "largestCriticalStrike": 804,
      "timePlayed": 2805,
      "totalHeal": 5372,
      "totalUnitsHealed": 2,
      "assists": 9,
      "item0": 3031,
      "item1": 3153,
      "item2": 3046,
      "item3": 3250,
      "item4": 3035,
      "item5": 3026,
      "item6": 3340,
      "magicDamageDealtToChampions": 56,
      "physicalDamageDealtToChampions": 25337,
      "totalDamageDealtToChampions": 32849,
      "trueDamageDealtPlayer": 22390,
      "trueDamageDealtToChampions": 7455,
      "trueDamageTaken": 1528,
      "wardPlaced": 6,
      "neutralMinionsKilledEnemyJungle": 6,
      "neutralMinionsKilledYourJungle": 24,
      "totalTimeCrowdControlDealt": 313
    }
  }
}