{
  "21032038": {
    "gameId": 825976057,
    "invalid": false,
    "gameMode": "CLASSIC",
    "gameType": "MATCHED_GAME",
    "subType": "RANKED_SOLO_5x5",
    "mapId": 1,
    "teamId": 200,
    "championId": 25,
    "spell1": 3,
    "spell2": 4,
    "level": 30,
    "ipEarned": 54,
    "createDate": 1399030901597,
    "fellowPlayers": [
      {
        "summonerId": 26223246,
        "teamId": 100,
        "championId": 80
      },
      {
        "summonerId": 31275484,
        "teamId": 200,
        "championId": 64
      },
      {
        "summonerId": 25325024,
        "teamId": 100,
        "championId": 21
      },
      {
        "summonerId": 20316408,
        "teamId": 100,
        "championId": 89
      },
      {
        "summonerId": 25188757,
        "teamId": 200,
        "championId": 39
      },
      {
        "summonerId": 27095827,
        "teamId": 200,
        "championId": 85
      },
      {
        "summonerId": 22843607,
        "teamId": 100,
        "championId": 62
      },
      {
        "summonerId": 30955991,
        "teamId": 100,
        "championId": 16
      },
      {
        "summonerId": 29184576,
        "teamId": 200,
        "championId": 222
      }
    ],
    "stats": {
      "level": 11,
      "goldEarned": 5909,
      "numDeaths": 3,
      "goldSpent": 5165,
      "totalDamageDealt": 11225,
      "totalDamageTaken": 12219,
      "team": 200,
      "win": false,
      "physicalDamageDealtPlayer": 1996,
      "magicDamageDealtPlayer": 9228,
      "physicalDamageTaken": 7815,
      "magicDamageTaken": 4074,
      "timePlayed": 1648,
      "assists": 7,
      "item0": 3092,
      "item1": 2049,
      "item2": 3117,
      "item3": 3028,
      "item4": 2003,
      "item6": 3341,
      "sightWardsBought": 1,
      "visionWardsBought": 2,
      "magicDamageDealtToChampions": 5908,
      "physicalDamageDealtToChampions": 1378,
      "totalDamageDealtToChampions": 7287,
      "trueDamageTaken": 328,
      "wardPlaced": 23,
      "totalTimeCrowdControlDealt": 83
    }
  },
  "summonerCount": 10,
  "29184576": {
    "gameId": 825976057,
    "invalid": false,
    "gameMode": "CLASSIC",
    "gameType": "MATCHED_GAME",
    "subType": "RANKED_SOLO_5x5",
    "mapId": 1,
    "teamId": 200,
    "championId": 222,
    "spell1": 4,
    "spell2": 7,
    "level": 30,
    "ipEarned": 54,
    "createDate": 1399030901598,
    "fellowPlayers": [
      {
        "summonerId": 26223246,
        "teamId": 100,
        "championId": 80
      },
      {
        "summonerId": 31275484,
        "teamId": 200,
        "championId": 64
      },
      {
        "summonerId": 21032038,
        "teamId": 200,
        "championId": 25
      },
      {
        "summonerId": 25325024,
        "teamId": 100,
        "championId": 21
      },
      {
        "summonerId": 20316408,
        "teamId": 100,
        "championId": 89
      },
      {
        "summonerId": 25188757,
        "teamId": 200,
        "championId": 39
      },
      {
        "summonerId": 27095827,
        "teamId": 200,
        "championId": 85
      },
      {
        "summonerId": 22843607,
        "teamId": 100,
        "championId": 62
      },
      {
        "summonerId": 30955991,
        "teamId": 100,
        "championId": 16
      }
    ],
    "stats": {
      "level": 13,
      "goldEarned": 8349,
      "numDeaths": 3,
      "minionsKilled": 148,
      "championsKilled": 4,
      "goldSpent": 7220,
      "totalDamageDealt": 93908,
      "totalDamageTaken": 17051,
      "killingSprees": 1,
      "largestKillingSpree": 4,
      "team": 200,
      "win": false,
      "neutralMinionsKilled": 11,
      "largestMultiKill": 1,
      "physicalDamageDealtPlayer": 89522,
      "magicDamageDealtPlayer": 4386,
      "physicalDamageTaken": 13280,
      "magicDamageTaken": 3490,
      "largestCriticalStrike": 448,
      "timePlayed": 1648,
      "totalHeal": 3645,
      "totalUnitsHealed": 3,
      "assists": 4,
      "item0": 3072,
      "item1": 3086,
      "item2": 1055,
      "item3": 1055,
      "item4": 3006,
      "item5": 1051,
      "item6": 3340,
      "magicDamageDealtToChampions": 1389,
      "physicalDamageDealtToChampions": 13560,
      "totalDamageDealtToChampions": 14949,
      "trueDamageTaken": 281,
      "wardPlaced": 5,
      "neutralMinionsKilledEnemyJungle": 1,
      "neutralMinionsKilledYourJungle": 10,
      "totalTimeCrowdControlDealt": 86
    }
  },
  "26223246": {
    "gameId": 825976057,
    "invalid": false,
    "gameMode": "CLASSIC",
    "gameType": "MATCHED_GAME",
    "subType": "RANKED_SOLO_5x5",
    "mapId": 1,
    "teamId": 100,
    "championId": 80,
    "spell1": 4,
    "spell2": 14,
    "level": 30,
    "ipEarned": 80,
    "createDate": 1399030901595,
    "fellowPlayers": [
      {
        "summonerId": 31275484,
        "teamId": 200,
        "championId": 64
      },
      {
        "summonerId": 21032038,
        "teamId": 200,
        "championId": 25
      },
      {
        "summonerId": 25325024,
        "teamId": 100,
        "championId": 21
      },
      {
        "summonerId": 20316408,
        "teamId": 100,
        "championId": 89
      },
      {
        "summonerId": 25188757,
        "teamId": 200,
        "championId": 39
      },
      {
        "summonerId": 27095827,
        "teamId": 200,
        "championId": 85
      },
      {
        "summonerId": 22843607,
        "teamId": 100,
        "championId": 62
      },
      {
        "summonerId": 30955991,
        "teamId": 100,
        "championId": 16
      },
      {
        "summonerId": 29184576,
        "teamId": 200,
        "championId": 222
      }
    ],
    "stats": {
      "level": 15,
      "goldEarned": 9993,
      "numDeaths": 1,
      "minionsKilled": 158,
      "championsKilled": 7,
      "goldSpent": 9990,
      "totalDamageDealt": 82247,
      "totalDamageTaken": 15859,
      "killingSprees": 2,
      "largestKillingSpree": 4,
      "team": 100,
      "win": true,
      "largestMultiKill": 1,
      "physicalDamageDealtPlayer": 77367,
      "magicDamageDealtPlayer": 4062,
      "physicalDamageTaken": 9363,
      "magicDamageTaken": 3708,
      "largestCriticalStrike": 468,
      "timePlayed": 1648,
      "totalHeal": 903,
      "totalUnitsHealed": 1,
      "assists": 3,
      "item0": 3143,
      "item1": 3071,
      "item2": 1037,
      "item3": 3111,
      "item4": 1053,
      "item5": 1036,
      "item6": 3340,
      "magicDamageDealtToChampions": 1140,
      "physicalDamageDealtToChampions": 19342,
      "totalDamageDealtToChampions": 21301,
      "trueDamageDealtPlayer": 818,
      "trueDamageDealtToChampions": 818,
      "trueDamageTaken": 2787,
      "wardPlaced": 5,
      "totalTimeCrowdControlDealt": 192
    }
  },
  "31275484": {
    "gameId": 825976057,
    "invalid": false,
    "gameMode": "CLASSIC",
    "gameType": "MATCHED_GAME",
    "subType": "RANKED_SOLO_5x5",
    "mapId": 1,
    "teamId": 200,
    "championId": 64,
    "spell1": 11,
    "spell2": 4,
    "level": 30,
    "ipEarned": 54,
    "createDate": 1399030901601,
    "fellowPlayers": [
      {
        "summonerId": 26223246,
        "teamId": 100,
        "championId": 80
      },
      {
        "summonerId": 21032038,
        "teamId": 200,
        "championId": 25
      },
      {
        "summonerId": 25325024,
        "teamId": 100,
        "championId": 21
      },
      {
        "summonerId": 20316408,
        "teamId": 100,
        "championId": 89
      },
      {
        "summonerId": 25188757,
        "teamId": 200,
        "championId": 39
      },
      {
        "summonerId": 27095827,
        "teamId": 200,
        "championId": 85
      },
      {
        "summonerId": 22843607,
        "teamId": 100,
        "championId": 62
      },
      {
        "summonerId": 30955991,
        "teamId": 100,
        "championId": 16
      },
      {
        "summonerId": 29184576,
        "teamId": 200,
        "championId": 222
      }
    ],
    "stats": {
      "level": 12,
      "goldEarned": 7554,
      "numDeaths": 6,
      "minionsKilled": 17,
      "championsKilled": 4,
      "goldSpent": 6465,
      "totalDamageDealt": 90568,
      "totalDamageTaken": 24960,
      "doubleKills": 1,
      "killingSprees": 1,
      "largestKillingSpree": 2,
      "team": 200,
      "win": false,
      "neutralMinionsKilled": 59,
      "largestMultiKill": 2,
      "physicalDamageDealtPlayer": 60487,
      "magicDamageDealtPlayer": 17235,
      "physicalDamageTaken": 19636,
      "magicDamageTaken": 4711,
      "timePlayed": 1648,
      "totalHeal": 3751,
      "totalUnitsHealed": 1,
      "assists": 3,
      "item0": 2045,
      "item1": 1006,
      "item2": 3117,
      "item3": 3209,
      "item4": 1036,
      "item5": 1037,
      "item6": 3341,
      "sightWardsBought": 3,
      "magicDamageDealtToChampions": 1665,
      "physicalDamageDealtToChampions": 6703,
      "totalDamageDealtToChampions": 9409,
      "trueDamageDealtPlayer": 12845,
      "trueDamageDealtToChampions": 1041,
      "trueDamageTaken": 612,
      "wardKilled": 1,
      "wardPlaced": 6,
      "neutralMinionsKilledEnemyJungle": 6,
      "neutralMinionsKilledYourJungle": 53,
      "totalTimeCrowdControlDealt": 874
    }
  },
  "22843607": {
    "gameId": 825976057,
    "invalid": false,
    "gameMode": "CLASSIC",
    "gameType": "MATCHED_GAME",
    "subType": "RANKED_SOLO_5x5",
    "mapId": 1,
    "teamId": 100,
    "championId": 62,
    "spell1": 11,
    "spell2": 4,
    "level": 30,
    "ipEarned": 230,
    "createDate": 1399030901592,
    "fellowPlayers": [
      {
        "summonerId": 26223246,
        "teamId": 100,
        "championId": 80
      },
      {
        "summonerId": 31275484,
        "teamId": 200,
        "championId": 64
      },
      {
        "summonerId": 21032038,
        "teamId": 200,
        "championId": 25
      },
      {
        "summonerId": 25325024,
        "teamId": 100,
        "championId": 21
      },
      {
        "summonerId": 20316408,
        "teamId": 100,
        "championId": 89
      },
      {
        "summonerId": 25188757,
        "teamId": 200,
        "championId": 39
      },
      {
        "summonerId": 27095827,
        "teamId": 200,
        "championId": 85
      },
      {
        "summonerId": 30955991,
        "teamId": 100,
        "championId": 16
      },
      {
        "summonerId": 29184576,
        "teamId": 200,
        "championId": 222
      }
    ],
    "stats": {
      "level": 14,
      "goldEarned": 10293,
      "numDeaths": 1,
      "turretsKilled": 1,
      "minionsKilled": 38,
      "championsKilled": 7,
      "goldSpent": 9655,
      "totalDamageDealt": 127964,
      "totalDamageTaken": 23148,
      "doubleKills": 1,
      "killingSprees": 1,
      "largestKillingSpree": 6,
      "team": 100,
      "win": true,
      "neutralMinionsKilled": 88,
      "largestMultiKill": 2,
      "physicalDamageDealtPlayer": 111988,
      "magicDamageDealtPlayer": 2063,
      "physicalDamageTaken": 17618,
      "magicDamageTaken": 4289,
      "timePlayed": 1648,
      "totalHeal": 4188,
      "totalUnitsHealed": 1,
      "assists": 4,
      "item0": 3143,
      "item1": 3071,
      "item2": 3111,
      "item4": 3209,
      "item6": 3341,
      "magicDamageDealtToChampions": 399,
      "physicalDamageDealtToChampions": 12306,
      "totalDamageDealtToChampions": 14251,
      "trueDamageDealtPlayer": 13912,
      "trueDamageDealtToChampions": 1545,
      "trueDamageTaken": 1240,
      "wardKilled": 3,
      "neutralMinionsKilledEnemyJungle": 6,
      "neutralMinionsKilledYourJungle": 82,
      "totalTimeCrowdControlDealt": 576
    }
  },
  "25188757": {
    "gameId": 825976057,
    "invalid": false,
    "gameMode": "CLASSIC",
    "gameType": "MATCHED_GAME",
    "subType": "RANKED_SOLO_5x5",
    "mapId": 1,
    "teamId": 200,
    "championId": 39,
    "spell1": 14,
    "spell2": 4,
    "level": 30,
    "ipEarned": 54,
    "createDate": 1399030901599,
    "fellowPlayers": [
      {
        "summonerId": 26223246,
        "teamId": 100,
        "championId": 80
      },
      {
        "summonerId": 31275484,
        "teamId": 200,
        "championId": 64
      },
      {
        "summonerId": 21032038,
        "teamId": 200,
        "championId": 25
      },
      {
        "summonerId": 25325024,
        "teamId": 100,
        "championId": 21
      },
      {
        "summonerId": 20316408,
        "teamId": 100,
        "championId": 89
      },
      {
        "summonerId": 27095827,
        "teamId": 200,
        "championId": 85
      },
      {
        "summonerId": 22843607,
        "teamId": 100,
        "championId": 62
      },
      {
        "summonerId": 30955991,
        "teamId": 100,
        "championId": 16
      },
      {
        "summonerId": 29184576,
        "teamId": 200,
        "championId": 222
      }
    ],
    "stats": {
      "level": 14,
      "goldEarned": 7324,
      "numDeaths": 5,
      "minionsKilled": 162,
      "goldSpent": 7640,
      "totalDamageDealt": 81632,
      "totalDamageTaken": 23762,
      "team": 200,
      "win": false,
      "neutralMinionsKilled": 8,
      "physicalDamageDealtPlayer": 70497,
      "magicDamageDealtPlayer": 1663,
      "physicalDamageTaken": 21960,
      "magicDamageTaken": 1051,
      "timePlayed": 1648,
      "totalHeal": 7059,
      "totalUnitsHealed": 1,
      "assists": 2,
      "item0": 2003,
      "item1": 3153,
      "item2": 3044,
      "item3": 3111,
      "item5": 1031,
      "item6": 3340,
      "magicDamageDealtToChampions": 1663,
      "physicalDamageDealtToChampions": 5405,
      "totalDamageDealtToChampions": 10211,
      "trueDamageDealtPlayer": 9472,
      "trueDamageDealtToChampions": 3142,
      "trueDamageTaken": 750,
      "wardPlaced": 2,
      "neutralMinionsKilledYourJungle": 8,
      "totalTimeCrowdControlDealt": 27
    }
  },
  "27095827": {
    "gameId": 825976057,
    "invalid": false,
    "gameMode": "CLASSIC",
    "gameType": "MATCHED_GAME",
    "subType": "RANKED_SOLO_5x5",
    "mapId": 1,
    "teamId": 200,
    "championId": 85,
    "spell1": 4,
    "spell2": 14,
    "level": 30,
    "ipEarned": 54,
    "createDate": 1399030901600,
    "fellowPlayers": [
      {
        "summonerId": 26223246,
        "teamId": 100,
        "championId": 80
      },
      {
        "summonerId": 31275484,
        "teamId": 200,
        "championId": 64
      },
      {
        "summonerId": 21032038,
        "teamId": 200,
        "championId": 25
      },
      {
        "summonerId": 25325024,
        "teamId": 100,
        "championId": 21
      },
      {
        "summonerId": 20316408,
        "teamId": 100,
        "championId": 89
      },
      {
        "summonerId": 25188757,
        "teamId": 200,
        "championId": 39
      },
      {
        "summonerId": 22843607,
        "teamId": 100,
        "championId": 62
      },
      {
        "summonerId": 30955991,
        "teamId": 100,
        "championId": 16
      },
      {
        "summonerId": 29184576,
        "teamId": 200,
        "championId": 222
      }
    ],
    "stats": {
      "level": 13,
      "goldEarned": 7683,
      "numDeaths": 5,
      "minionsKilled": 175,
      "championsKilled": 2,
      "goldSpent": 6840,
      "totalDamageDealt": 82360,
      "totalDamageTaken": 16116,
      "team": 200,
      "win": false,
      "largestMultiKill": 1,
      "physicalDamageDealtPlayer": 23021,
      "magicDamageDealtPlayer": 58832,
      "physicalDamageTaken": 6308,
      "magicDamageTaken": 9342,
      "timePlayed": 1648,
      "totalHeal": 1180,
      "totalUnitsHealed": 1,
      "assists": 1,
      "item0": 3157,
      "item1": 3136,
      "item2": 1055,
      "item3": 1001,
      "item4": 1026,
      "item5": 1052,
      "item6": 3340,
      "magicDamageDealtToChampions": 12669,
      "physicalDamageDealtToChampions": 1368,
      "totalDamageDealtToChampions": 14544,
      "trueDamageDealtPlayer": 506,
      "trueDamageDealtToChampions": 506,
      "trueDamageTaken": 466,
      "wardPlaced": 6,
      "totalTimeCrowdControlDealt": 34
    }
  },
  "25325024": {
    "gameId": 825976057,
    "invalid": false,
    "gameMode": "CLASSIC",
    "gameType": "MATCHED_GAME",
    "subType": "RANKED_SOLO_5x5",
    "mapId": 1,
    "teamId": 100,
    "championId": 21,
    "spell1": 7,
    "spell2": 4,
    "level": 30,
    "ipEarned": 230,
    "createDate": 1399030901596,
    "fellowPlayers": [
      {
        "summonerId": 26223246,
        "teamId": 100,
        "championId": 80
      },
      {
        "summonerId": 31275484,
        "teamId": 200,
        "championId": 64
      },
      {
        "summonerId": 21032038,
        "teamId": 200,
        "championId": 25
      },
      {
        "summonerId": 20316408,
        "teamId": 100,
        "championId": 89
      },
      {
        "summonerId": 25188757,
        "teamId": 200,
        "championId": 39
      },
      {
        "summonerId": 27095827,
        "teamId": 200,
        "championId": 85
      },
      {
        "summonerId": 22843607,
        "teamId": 100,
        "championId": 62
      },
      {
        "summonerId": 30955991,
        "teamId": 100,
        "championId": 16
      },
      {
        "summonerId": 29184576,
        "teamId": 200,
        "championId": 222
      }
    ],
    "stats": {
      "level": 14,
      "goldEarned": 10626,
      "numDeaths": 4,
      "turretsKilled": 1,
      "minionsKilled": 195,
      "championsKilled": 5,
      "goldSpent": 10200,
      "totalDamageDealt": 100695,
      "totalDamageTaken": 16714,
      "doubleKills": 1,
      "killingSprees": 2,
      "largestKillingSpree": 2,
      "team": 100,
      "win": true,
      "neutralMinionsKilled": 3,
      "largestMultiKill": 2,
      "physicalDamageDealtPlayer": 88379,
      "magicDamageDealtPlayer": 12315,
      "physicalDamageTaken": 10627,
      "magicDamageTaken": 5421,
      "largestCriticalStrike": 530,
      "timePlayed": 1648,
      "totalHeal": 2666,
      "totalUnitsHealed": 3,
      "assists": 5,
      "item1": 3072,
      "item2": 3035,
      "item3": 1055,
      "item4": 3046,
      "item5": 3006,
      "item6": 3340,
      "magicDamageDealtToChampions": 3550,
      "physicalDamageDealtToChampions": 11621,
      "totalDamageDealtToChampions": 15172,
      "trueDamageTaken": 665,
      "wardKilled": 2,
      "wardPlaced": 5,
      "neutralMinionsKilledEnemyJungle": 1,
      "neutralMinionsKilledYourJungle": 2,
      "totalTimeCrowdControlDealt": 58
    }
  },
  "20316408": {
    "gameId": 825976057,
    "invalid": false,
    "gameMode": "CLASSIC",
    "gameType": "MATCHED_GAME",
    "subType": "RANKED_SOLO_5x5",
    "mapId": 1,
    "teamId": 100,
    "championId": 89,
    "spell1": 4,
    "spell2": 3,
    "level": 30,
    "ipEarned": 80,
    "createDate": 1399030901594,
    "fellowPlayers": [
      {
        "summonerId": 26223246,
        "teamId": 100,
        "championId": 80
      },
      {
        "summonerId": 31275484,
        "teamId": 200,
        "championId": 64
      },
      {
        "summonerId": 21032038,
        "teamId": 200,
        "championId": 25
      },
      {
        "summonerId": 25325024,
        "teamId": 100,
        "championId": 21
      },
      {
        "summonerId": 25188757,
        "teamId": 200,
        "championId": 39
      },
      {
        "summonerId": 27095827,
        "teamId": 200,
        "championId": 85
      },
      {
        "summonerId": 22843607,
        "teamId": 100,
        "championId": 62
      },
      {
        "summonerId": 30955991,
        "teamId": 100,
        "championId": 16
      },
      {
        "summonerId": 29184576,
        "teamId": 200,
        "championId": 222
      }
    ],
    "stats": {
      "level": 12,
      "goldEarned": 5924,
      "numDeaths": 3,
      "minionsKilled": 24,
      "goldSpent": 5235,
      "totalDamageDealt": 17129,
      "totalDamageTaken": 14431,
      "team": 100,
      "win": true,
      "physicalDamageDealtPlayer": 4768,
      "magicDamageDealtPlayer": 10023,
      "physicalDamageTaken": 11652,
      "magicDamageTaken": 2343,
      "timePlayed": 1648,
      "totalHeal": 2073,
      "totalUnitsHealed": 4,
      "assists": 7,
      "item0": 3401,
      "item1": 2049,
      "item2": 3111,
      "item3": 1031,
      "item6": 3340,
      "sightWardsBought": 1,
      "visionWardsBought": 1,
      "magicDamageDealtToChampions": 3499,
      "physicalDamageDealtToChampions": 2317,
      "totalDamageDealtToChampions": 5817,
      "trueDamageDealtPlayer": 2337,
      "trueDamageTaken": 436,
      "wardPlaced": 18,
      "totalTimeCrowdControlDealt": 58
    }
  },
  "30955991": {
    "gameId": 825976057,
    "invalid": false,
    "gameMode": "CLASSIC",
    "gameType": "MATCHED_GAME",
    "subType": "RANKED_SOLO_5x5",
    "mapId": 1,
    "teamId": 100,
    "championId": 16,
    "spell1": 4,
    "spell2": 7,
    "level": 30,
    "ipEarned": 80,
    "createDate": 1399030901593,
    "fellowPlayers": [
      {
        "summonerId": 26223246,
        "teamId": 100,
        "championId": 80
      },
      {
        "summonerId": 31275484,
        "teamId": 200,
        "championId": 64
      },
      {
        "summonerId": 21032038,
        "teamId": 200,
        "championId": 25
      },
      {
        "summonerId": 25325024,
        "teamId": 100,
        "championId": 21
      },
      {
        "summonerId": 20316408,
        "teamId": 100,
        "championId": 89
      },
      {
        "summonerId": 25188757,
        "teamId": 200,
        "championId": 39
      },
      {
        "summonerId": 27095827,
        "teamId": 200,
        "championId": 85
      },
      {
        "summonerId": 22843607,
        "teamId": 100,
        "championId": 62
      },
      {
        "summonerId": 29184576,
        "teamId": 200,
        "championId": 222
      }
    ],
    "stats": {
      "level": 15,
      "goldEarned": 10335,
      "numDeaths": 1,
      "turretsKilled": 2,
      "minionsKilled": 200,
      "championsKilled": 3,
      "goldSpent": 8930,
      "totalDamageDealt": 110921,
      "totalDamageTaken": 14331,
      "killingSprees": 1,
      "largestKillingSpree": 2,
      "team": 100,
      "win": true,
      "neutralMinionsKilled": 6,
      "largestMultiKill": 1,
      "physicalDamageDealtPlayer": 16303,
      "magicDamageDealtPlayer": 94542,
      "physicalDamageTaken": 6471,
      "magicDamageTaken": 7534,
      "timePlayed": 1648,
      "totalHeal": 8979,
      "totalUnitsHealed": 5,
      "assists": 6,
      "item0": 2004,
      "item1": 3136,
      "item2": 1056,
      "item3": 3027,
      "item4": 3020,
      "item5": 3116,
      "item6": 3340,
      "magicDamageDealtToChampions": 14080,
      "physicalDamageDealtToChampions": 919,
      "totalDamageDealtToChampions": 15076,
      "trueDamageDealtPlayer": 76,
      "trueDamageDealtToChampions": 76,
      "trueDamageTaken": 325,
      "wardPlaced": 2,
      "neutralMinionsKilledYourJungle": 6,
      "totalTimeCrowdControlDealt": 233
    }
  }
}