{
  "28289427": {
    "gameId": 825976460,
    "invalid": false,
    "gameMode": "CLASSIC",
    "gameType": "MATCHED_GAME",
    "subType": "RANKED_SOLO_5x5",
    "mapId": 1,
    "teamId": 100,
    "championId": 58,
    "spell1": 4,
    "spell2": 14,
    "level": 30,
    "ipEarned": 115,
    "createDate": 1399031868643,
    "fellowPlayers": [
      {
        "summonerId": 20429360,
        "teamId": 200,
        "championId": 9
      },
      {
        "summonerId": 25980081,
        "teamId": 200,
        "championId": 51
      },
      {
        "summonerId": 25458896,
        "teamId": 200,
        "championId": 99
      },
      {
        "summonerId": 35774074,
        "teamId": 200,
        "championId": 92
      },
      {
        "summonerId": 25215614,
        "teamId": 100,
        "championId": 40
      },
      {
        "summonerId": 35480966,
        "teamId": 200,
        "championId": 25
      },
      {
        "summonerId": 21372670,
        "teamId": 100,
        "championId": 67
      },
      {
        "summonerId": 39802042,
        "teamId": 100,
        "championId": 10
      },
      {
        "summonerId": 23002499,
        "teamId": 100,
        "championId": 19
      }
    ],
    "stats": {
      "level": 18,
      "goldEarned": 17901,
      "numDeaths": 5,
      "turretsKilled": 2,
      "minionsKilled": 363,
      "championsKilled": 6,
      "goldSpent": 15550,
      "totalDamageDealt": 224031,
      "totalDamageTaken": 40813,
      "killingSprees": 2,
      "largestKillingSpree": 2,
      "team": 100,
      "win": true,
      "neutralMinionsKilled": 5,
      "largestMultiKill": 1,
      "physicalDamageDealtPlayer": 186032,
      "magicDamageDealtPlayer": 37233,
      "physicalDamageTaken": 24063,
      "magicDamageTaken": 15935,
      "timePlayed": 2539,
      "totalHeal": 7517,
      "totalUnitsHealed": 1,
      "assists": 11,
      "item0": 3065,
      "item1": 3071,
      "item2": 3074,
      "item3": 3068,
      "item4": 1011,
      "item5": 3265,
      "item6": 3340,
      "sightWardsBought": 7,
      "magicDamageDealtToChampions": 4004,
      "physicalDamageDealtToChampions": 19776,
      "totalDamageDealtToChampions": 24547,
      "trueDamageDealtPlayer": 766,
      "trueDamageDealtToChampions": 766,
      "trueDamageTaken": 814,
      "wardPlaced": 19,
      "neutralMinionsKilledEnemyJungle": 5,
      "totalTimeCrowdControlDealt": 51
    }
  },
  "summonerCount": 10,
  "25980081": {
    "gameId": 825976460,
    "invalid": false,
    "gameMode": "CLASSIC",
    "gameType": "MATCHED_GAME",
    "subType": "RANKED_SOLO_5x5",
    "mapId": 1,
    "teamId": 200,
    "championId": 51,
    "spell1": 4,
    "spell2": 7,
    "level": 30,
    "ipEarned": 75,
    "createDate": 1399031868645,
    "fellowPlayers": [
      {
        "summonerId": 20429360,
        "teamId": 200,
        "championId": 9
      },
      {
        "summonerId": 25458896,
        "teamId": 200,
        "championId": 99
      },
      {
        "summonerId": 35774074,
        "teamId": 200,
        "championId": 92
      },
      {
        "summonerId": 28289427,
        "teamId": 100,
        "championId": 58
      },
      {
        "summonerId": 25215614,
        "teamId": 100,
        "championId": 40
      },
      {
        "summonerId": 35480966,
        "teamId": 200,
        "championId": 25
      },
      {
        "summonerId": 21372670,
        "teamId": 100,
        "championId": 67
      },
      {
        "summonerId": 39802042,
        "teamId": 100,
        "championId": 10
      },
      {
        "summonerId": 23002499,
        "teamId": 100,
        "championId": 19
      }
    ],
    "stats": {
      "level": 17,
      "goldEarned": 13640,
      "numDeaths": 4,
      "turretsKilled": 2,
      "minionsKilled": 260,
      "championsKilled": 4,
      "goldSpent": 12645,
      "totalDamageDealt": 198567,
      "totalDamageTaken": 25067,
      "doubleKills": 1,
      "killingSprees": 1,
      "largestKillingSpree": 3,
      "team": 200,
      "win": false,
      "neutralMinionsKilled": 13,
      "largestMultiKill": 2,
      "physicalDamageDealtPlayer": 194435,
      "magicDamageDealtPlayer": 2698,
      "physicalDamageTaken": 15038,
      "magicDamageTaken": 8220,
      "largestCriticalStrike": 1124,
      "timePlayed": 2539,
      "totalHeal": 5992,
      "totalUnitsHealed": 4,
      "assists": 6,
      "item0": 3250,
      "item1": 3072,
      "item2": 3046,
      "item3": 3035,
      "item4": 1038,
      "item5": 1037,
      "item6": 3340,
      "magicDamageDealtToChampions": 2569,
      "physicalDamageDealtToChampions": 29159,
      "totalDamageDealtToChampions": 32558,
      "trueDamageDealtPlayer": 1434,
      "trueDamageDealtToChampions": 830,
      "trueDamageTaken": 1808,
      "wardKilled": 3,
      "wardPlaced": 7,
      "neutralMinionsKilledEnemyJungle": 2,
      "neutralMinionsKilledYourJungle": 11,
      "totalTimeCrowdControlDealt": 448
    }
  },
  "20429360": {
    "gameId": 825976460,
    "invalid": false,
    "gameMode": "CLASSIC",
    "gameType": "MATCHED_GAME",
    "subType": "RANKED_SOLO_5x5",
    "mapId": 1,
    "teamId": 200,
    "championId": 9,
    "spell1": 4,
    "spell2": 11,
    "level": 30,
    "ipEarned": 75,
    "createDate": 1399031868650,
    "fellowPlayers": [
      {
        "summonerId": 25980081,
        "teamId": 200,
        "championId": 51
      },
      {
        "summonerId": 25458896,
        "teamId": 200,
        "championId": 99
      },
      {
        "summonerId": 35774074,
        "teamId": 200,
        "championId": 92
      },
      {
        "summonerId": 28289427,
        "teamId": 100,
        "championId": 58
      },
      {
        "summonerId": 25215614,
        "teamId": 100,
        "championId": 40
      },
      {
        "summonerId": 35480966,
        "teamId": 200,
        "championId": 25
      },
      {
        "summonerId": 21372670,
        "teamId": 100,
        "championId": 67
      },
      {
        "summonerId": 39802042,
        "teamId": 100,
        "championId": 10
      },
      {
        "summonerId": 23002499,
        "teamId": 100,
        "championId": 19
      }
    ],
    "stats": {
      "level": 17,
      "goldEarned": 11666,
      "numDeaths": 6,
      "minionsKilled": 66,
      "championsKilled": 5,
      "goldSpent": 11395,
      "totalDamageDealt": 220333,
      "totalDamageTaken": 38136,
      "killingSprees": 1,
      "largestKillingSpree": 5,
      "team": 200,
      "win": false,
      "neutralMinionsKilled": 123,
      "largestMultiKill": 1,
      "physicalDamageDealtPlayer": 11433,
      "magicDamageDealtPlayer": 184021,
      "physicalDamageTaken": 28491,
      "magicDamageTaken": 8363,
      "timePlayed": 2539,
      "totalHeal": 20881,
      "totalUnitsHealed": 1,
      "assists": 4,
      "item0": 3275,
      "item1": 3151,
      "item2": 3157,
      "item3": 3116,
      "item4": 1057,
      "item6": 3340,
      "magicDamageDealtToChampions": 26771,
      "physicalDamageDealtToChampions": 276,
      "totalDamageDealtToChampions": 27345,
      "trueDamageDealtPlayer": 24878,
      "trueDamageDealtToChampions": 298,
      "trueDamageTaken": 1282,
      "wardKilled": 1,
      "wardPlaced": 10,
      "neutralMinionsKilledEnemyJungle": 3,
      "neutralMinionsKilledYourJungle": 120,
      "totalTimeCrowdControlDealt": 717
    }
  },
  "35480966": {
    "gameId": 825976460,
    "invalid": false,
    "gameMode": "CLASSIC",
    "gameType": "MATCHED_GAME",
    "subType": "RANKED_SOLO_5x5",
    "mapId": 1,
    "teamId": 200,
    "championId": 25,
    "spell1": 4,
    "spell2": 3,
    "level": 30,
    "ipEarned": 75,
    "createDate": 1399031868647,
    "fellowPlayers": [
      {
        "summonerId": 20429360,
        "teamId": 200,
        "championId": 9
      },
      {
        "summonerId": 25980081,
        "teamId": 200,
        "championId": 51
      },
      {
        "summonerId": 25458896,
        "teamId": 200,
        "championId": 99
      },
      {
        "summonerId": 35774074,
        "teamId": 200,
        "championId": 92
      },
      {
        "summonerId": 28289427,
        "teamId": 100,
        "championId": 58
      },
      {
        "summonerId": 25215614,
        "teamId": 100,
        "championId": 40
      },
      {
        "summonerId": 21372670,
        "teamId": 100,
        "championId": 67
      },
      {
        "summonerId": 39802042,
        "teamId": 100,
        "championId": 10
      },
      {
        "summonerId": 23002499,
        "teamId": 100,
        "championId": 19
      }
    ],
    "stats": {
      "level": 15,
      "goldEarned": 9727,
      "numDeaths": 8,
      "minionsKilled": 24,
      "goldSpent": 10100,
      "totalDamageDealt": 31918,
      "totalDamageTaken": 26009,
      "team": 200,
      "win": false,
      "neutralMinionsKilled": 2,
      "physicalDamageDealtPlayer": 3802,
      "magicDamageDealtPlayer": 28116,
      "physicalDamageTaken": 15259,
      "magicDamageTaken": 8293,
      "timePlayed": 2539,
      "totalHeal": 541,
      "totalUnitsHealed": 1,
      "assists": 8,
      "item0": 3092,
      "item1": 3157,
      "item2": 3255,
      "item3": 2049,
      "item4": 1026,
      "item6": 3364,
      "sightWardsBought": 2,
      "visionWardsBought": 1,
      "magicDamageDealtToChampions": 16102,
      "physicalDamageDealtToChampions": 1169,
      "totalDamageDealtToChampions": 17272,
      "trueDamageTaken": 2457,
      "wardKilled": 4,
      "wardPlaced": 26,
      "neutralMinionsKilledEnemyJungle": 1,
      "neutralMinionsKilledYourJungle": 1,
      "totalTimeCrowdControlDealt": 178
    }
  },
  "23002499": {
    "gameId": 825976460,
    "invalid": false,
    "gameMode": "CLASSIC",
    "gameType": "MATCHED_GAME",
    "subType": "RANKED_SOLO_5x5",
    "mapId": 1,
    "teamId": 100,
    "championId": 19,
    "spell1": 4,
    "spell2": 11,
    "level": 30,
    "ipEarned": 115,
    "createDate": 1399031868639,
    "fellowPlayers": [
      {
        "summonerId": 20429360,
        "teamId": 200,
        "championId": 9
      },
      {
        "summonerId": 25980081,
        "teamId": 200,
        "championId": 51
      },
      {
        "summonerId": 25458896,
        "teamId": 200,
        "championId": 99
      },
      {
        "summonerId": 35774074,
        "teamId": 200,
        "championId": 92
      },
      {
        "summonerId": 28289427,
        "teamId": 100,
        "championId": 58
      },
      {
        "summonerId": 25215614,
        "teamId": 100,
        "championId": 40
      },
      {
        "summonerId": 35480966,
        "teamId": 200,
        "championId": 25
      },
      {
        "summonerId": 21372670,
        "teamId": 100,
        "championId": 67
      },
      {
        "summonerId": 39802042,
        "teamId": 100,
        "championId": 10
      }
    ],
    "stats": {
      "level": 18,
      "goldEarned": 17516,
      "barracksKilled": 1,
      "minionsKilled": 42,
      "championsKilled": 8,
      "goldSpent": 12270,
      "totalDamageDealt": 273110,
      "totalDamageTaken": 45264,
      "doubleKills": 1,
      "killingSprees": 1,
      "largestKillingSpree": 8,
      "team": 100,
      "win": true,
      "neutralMinionsKilled": 158,
      "largestMultiKill": 2,
      "physicalDamageDealtPlayer": 129814,
      "magicDamageDealtPlayer": 123668,
      "physicalDamageTaken": 32565,
      "magicDamageTaken": 11835,
      "timePlayed": 2539,
      "totalHeal": 30088,
      "totalUnitsHealed": 1,
      "assists": 11,
      "item0": 3160,
      "item1": 3153,
      "item2": 3111,
      "item3": 3065,
      "item4": 3143,
      "item6": 3340,
      "sightWardsBought": 1,
      "magicDamageDealtToChampions": 8612,
      "physicalDamageDealtToChampions": 5065,
      "totalDamageDealtToChampions": 13678,
      "trueDamageDealtPlayer": 19628,
      "trueDamageTaken": 864,
      "wardKilled": 2,
      "wardPlaced": 15,
      "neutralMinionsKilledEnemyJungle": 25,
      "neutralMinionsKilledYourJungle": 133,
      "totalTimeCrowdControlDealt": 1180
    }
  },
  "25215614": {
    "gameId": 825976460,
    "invalid": false,
    "gameMode": "CLASSIC",
    "gameType": "MATCHED_GAME",
    "subType": "RANKED_SOLO_5x5",
    "mapId": 1,
    "teamId": 100,
    "championId": 40,
    "spell1": 7,
    "spell2": 4,
    "level": 30,
    "ipEarned": 115,
    "createDate": 1399031868644,
    "fellowPlayers": [
      {
        "summonerId": 20429360,
        "teamId": 200,
        "championId": 9
      },
      {
        "summonerId": 25980081,
        "teamId": 200,
        "championId": 51
      },
      {
        "summonerId": 25458896,
        "teamId": 200,
        "championId": 99
      },
      {
        "summonerId": 35774074,
        "teamId": 200,
        "championId": 92
      },
      {
        "summonerId": 28289427,
        "teamId": 100,
        "championId": 58
      },
      {
        "summonerId": 35480966,
        "teamId": 200,
        "championId": 25
      },
      {
        "summonerId": 21372670,
        "teamId": 100,
        "championId": 67
      },
      {
        "summonerId": 39802042,
        "teamId": 100,
        "championId": 10
      },
      {
        "summonerId": 23002499,
        "teamId": 100,
        "championId": 19
      }
    ],
    "stats": {
      "level": 18,
      "goldEarned": 13332,
      "numDeaths": 2,
      "turretsKilled": 1,
      "minionsKilled": 23,
      "goldSpent": 13005,
      "totalDamageDealt": 32287,
      "totalDamageTaken": 25988,
      "team": 100,
      "win": true,
      "physicalDamageDealtPlayer": 9585,
      "magicDamageDealtPlayer": 22702,
      "physicalDamageTaken": 12132,
      "magicDamageTaken": 13560,
      "timePlayed": 2539,
      "totalHeal": 9165,
      "totalUnitsHealed": 10,
      "assists": 29,
      "item0": 3069,
      "item1": 3222,
      "item2": 3190,
      "item3": 2049,
      "item4": 3158,
      "item5": 3110,
      "item6": 3341,
      "sightWardsBought": 2,
      "magicDamageDealtToChampions": 7060,
      "physicalDamageDealtToChampions": 1764,
      "totalDamageDealtToChampions": 8825,
      "trueDamageTaken": 295,
      "wardKilled": 4,
      "wardPlaced": 35,
      "totalTimeCrowdControlDealt": 369
    }
  },
  "39802042": {
    "gameId": 825976460,
    "invalid": false,
    "gameMode": "CLASSIC",
    "gameType": "MATCHED_GAME",
    "subType": "RANKED_SOLO_5x5",
    "mapId": 1,
    "teamId": 100,
    "championId": 10,
    "spell1": 14,
    "spell2": 4,
    "level": 30,
    "ipEarned": 115,
    "createDate": 1399031868641,
    "fellowPlayers": [
      {
        "summonerId": 20429360,
        "teamId": 200,
        "championId": 9
      },
      {
        "summonerId": 25980081,
        "teamId": 200,
        "championId": 51
      },
      {
        "summonerId": 25458896,
        "teamId": 200,
        "championId": 99
      },
      {
        "summonerId": 35774074,
        "teamId": 200,
        "championId": 92
      },
      {
        "summonerId": 28289427,
        "teamId": 100,
        "championId": 58
      },
      {
        "summonerId": 25215614,
        "teamId": 100,
        "championId": 40
      },
      {
        "summonerId": 35480966,
        "teamId": 200,
        "championId": 25
      },
      {
        "summonerId": 21372670,
        "teamId": 100,
        "championId": 67
      },
      {
        "summonerId": 23002499,
        "teamId": 100,
        "championId": 19
      }
    ],
    "stats": {
      "level": 18,
      "goldEarned": 18378,
      "numDeaths": 4,
      "turretsKilled": 3,
      "minionsKilled": 275,
      "championsKilled": 11,
      "goldSpent": 16310,
      "totalDamageDealt": 243616,
      "totalDamageTaken": 35016,
      "doubleKills": 2,
      "tripleKills": 1,
      "killingSprees": 3,
      "largestKillingSpree": 5,
      "team": 100,
      "win": true,
      "neutralMinionsKilled": 46,
      "largestMultiKill": 3,
      "physicalDamageDealtPlayer": 69877,
      "magicDamageDealtPlayer": 172741,
      "physicalDamageTaken": 15342,
      "magicDamageTaken": 19360,
      "timePlayed": 2539,
      "totalHeal": 12146,
      "totalUnitsHealed": 5,
      "assists": 13,
      "item0": 3146,
      "item1": 3115,
      "item2": 3257,
      "item3": 3026,
      "item4": 3124,
      "item5": 1026,
      "item6": 3364,
      "sightWardsBought": 1,
      "visionWardsBought": 1,
      "magicDamageDealtToChampions": 21722,
      "physicalDamageDealtToChampions": 7623,
      "totalDamageDealtToChampions": 30343,
      "trueDamageDealtPlayer": 997,
      "trueDamageDealtToChampions": 997,
      "trueDamageTaken": 314,
      "wardKilled": 6,
      "wardPlaced": 11,
      "neutralMinionsKilledEnemyJungle": 18,
      "neutralMinionsKilledYourJungle": 28,
      "totalTimeCrowdControlDealt": 237
    }
  },
  "35774074": {
    "gameId": 825976460,
    "invalid": false,
    "gameMode": "CLASSIC",
    "gameType": "MATCHED_GAME",
    "subType": "RANKED_SOLO_5x5",
    "mapId": 1,
    "teamId": 200,
    "championId": 92,
    "spell1": 4,
    "spell2": 14,
    "level": 30,
    "ipEarned": 75,
    "createDate": 1399031868646,
    "fellowPlayers": [
      {
        "summonerId": 20429360,
        "teamId": 200,
        "championId": 9
      },
      {
        "summonerId": 25980081,
        "teamId": 200,
        "championId": 51
      },
      {
        "summonerId": 25458896,
        "teamId": 200,
        "championId": 99
      },
      {
        "summonerId": 28289427,
        "teamId": 100,
        "championId": 58
      },
      {
        "summonerId": 25215614,
        "teamId": 100,
        "championId": 40
      },
      {
        "summonerId": 35480966,
        "teamId": 200,
        "championId": 25
      },
      {
        "summonerId": 21372670,
        "teamId": 100,
        "championId": 67
      },
      {
        "summonerId": 39802042,
        "teamId": 100,
        "championId": 10
      },
      {
        "summonerId": 23002499,
        "teamId": 100,
        "championId": 19
      }
    ],
    "stats": {
      "level": 16,
      "goldEarned": 10324,
      "numDeaths": 9,
      "minionsKilled": 168,
      "championsKilled": 1,
      "goldSpent": 9532,
      "totalDamageDealt": 133788,
      "totalDamageTaken": 29720,
      "team": 200,
      "win": false,
      "neutralMinionsKilled": 16,
      "largestMultiKill": 1,
      "physicalDamageDealtPlayer": 133446,
      "physicalDamageTaken": 20117,
      "magicDamageTaken": 8494,
      "timePlayed": 2539,
      "totalHeal": 700,
      "totalUnitsHealed": 1,
      "assists": 5,
      "item0": 3074,
      "item1": 2003,
      "item2": 1031,
      "item3": 3134,
      "item4": 3158,
      "item5": 3035,
      "item6": 3340,
      "physicalDamageDealtToChampions": 15345,
      "totalDamageDealtToChampions": 15687,
      "trueDamageDealtPlayer": 342,
      "trueDamageDealtToChampions": 342,
      "trueDamageTaken": 1108,
      "wardPlaced": 10,
      "neutralMinionsKilledYourJungle": 16,
      "totalTimeCrowdControlDealt": 99
    }
  },
  "21372670": {
    "gameId": 825976460,
    "invalid": false,
    "gameMode": "CLASSIC",
    "gameType": "MATCHED_GAME",
    "subType": "RANKED_SOLO_5x5",
    "mapId": 1,
    "teamId": 100,
    "championId": 67,
    "spell1": 7,
    "spell2": 4,
    "level": 30,
    "ipEarned": 115,
    "createDate": 1399031868640,
    "fellowPlayers": [
      {
        "summonerId": 20429360,
        "teamId": 200,
        "championId": 9
      },
      {
        "summonerId": 25980081,
        "teamId": 200,
        "championId": 51
      },
      {
        "summonerId": 25458896,
        "teamId": 200,
        "championId": 99
      },
      {
        "summonerId": 35774074,
        "teamId": 200,
        "championId": 92
      },
      {
        "summonerId": 28289427,
        "teamId": 100,
        "championId": 58
      },
      {
        "summonerId": 25215614,
        "teamId": 100,
        "championId": 40
      },
      {
        "summonerId": 35480966,
        "teamId": 200,
        "championId": 25
      },
      {
        "summonerId": 39802042,
        "teamId": 100,
        "championId": 10
      },
      {
        "summonerId": 23002499,
        "teamId": 100,
        "championId": 19
      }
    ],
    "stats": {
      "level": 18,
      "goldEarned": 17827,
      "numDeaths": 4,
      "turretsKilled": 3,
      "minionsKilled": 251,
      "championsKilled": 10,
      "goldSpent": 16455,
      "totalDamageDealt": 244653,
      "totalDamageTaken": 36056,
      "doubleKills": 2,
      "killingSprees": 3,
      "largestKillingSpree": 5,
      "team": 100,
      "win": true,
      "neutralMinionsKilled": 37,
      "largestMultiKill": 2,
      "physicalDamageDealtPlayer": 216433,
      "magicDamageDealtPlayer": 157,
      "physicalDamageTaken": 19609,
      "magicDamageTaken": 16119,
      "largestCriticalStrike": 810,
      "timePlayed": 2539,
      "totalHeal": 5674,
      "totalUnitsHealed": 3,
      "assists": 12,
      "item0": 3140,
      "item1": 3153,
      "item2": 3252,
      "item3": 3031,
      "item4": 3046,
      "item5": 3046,
      "item6": 3340,
      "magicDamageDealtToChampions": 157,
      "physicalDamageDealtToChampions": 24578,
      "totalDamageDealtToChampions": 29620,
      "trueDamageDealtPlayer": 28063,
      "trueDamageDealtToChampions": 4884,
      "trueDamageTaken": 328,
      "wardKilled": 1,
      "wardPlaced": 8,
      "neutralMinionsKilledEnemyJungle": 3,
      "neutralMinionsKilledYourJungle": 34,
      "totalTimeCrowdControlDealt": 717
    }
  },
  "25458896": {
    "gameId": 825976460,
    "invalid": false,
    "gameMode": "CLASSIC",
    "gameType": "MATCHED_GAME",
    "subType": "RANKED_SOLO_5x5",
    "mapId": 1,
    "teamId": 200,
    "championId": 99,
    "spell1": 4,
    "spell2": 14,
    "level": 30,
    "ipEarned": 75,
    "createDate": 1399031868648,
    "fellowPlayers": [
      {
        "summonerId": 20429360,
        "teamId": 200,
        "championId": 9
      },
      {
        "summonerId": 25980081,
        "teamId": 200,
        "championId": 51
      },
      {
        "summonerId": 35774074,
        "teamId": 200,
        "championId": 92
      },
      {
        "summonerId": 28289427,
        "teamId": 100,
        "championId": 58
      },
      {
        "summonerId": 25215614,
        "teamId": 100,
        "championId": 40
      },
      {
        "summonerId": 35480966,
        "teamId": 200,
        "championId": 25
      },
      {
        "summonerId": 21372670,
        "teamId": 100,
        "championId": 67
      },
      {
        "summonerId": 39802042,
        "teamId": 100,
        "championId": 10
      },
      {
        "summonerId": 23002499,
        "teamId": 100,
        "championId": 19
      }
    ],
    "stats": {
      "level": 17,
      "goldEarned": 13227,
      "numDeaths": 8,
      "minionsKilled": 277,
      "championsKilled": 5,
      "goldSpent": 11750,
      "totalDamageDealt": 199570,
      "totalDamageTaken": 20810,
      "team": 200,
      "win": false,
      "neutralMinionsKilled": 2,
      "largestMultiKill": 1,
      "physicalDamageDealtPlayer": 15679,
      "magicDamageDealtPlayer": 183168,
      "physicalDamageTaken": 11763,
      "magicDamageTaken": 8185,
      "timePlayed": 2539,
      "totalHeal": 245,
      "totalUnitsHealed": 1,
      "assists": 5,
      "item0": 3135,
      "item1": 3174,
      "item2": 3089,
      "item3": 3255,
      "item4": 3191,
      "item6": 3340,
      "magicDamageDealtToChampions": 31290,
      "physicalDamageDealtToChampions": 1842,
      "totalDamageDealtToChampions": 33812,
      "trueDamageDealtPlayer": 722,
      "trueDamageDealtToChampions": 680,
      "trueDamageTaken": 860,
      "wardKilled": 1,
      "wardPlaced": 12,
      "neutralMinionsKilledYourJungle": 2,
      "totalTimeCrowdControlDealt": 448
    }
  }
}