{
  "35495158": {
    "gameId": 825984771,
    "invalid": false,
    "gameMode": "CLASSIC",
    "gameType": "MATCHED_GAME",
    "subType": "NORMAL",
    "mapId": 1,
    "teamId": 100,
    "championId": 120,
    "spell1": 11,
    "spell2": 4,
    "level": 30,
    "ipEarned": 51,
    "createDate": 1399030789158,
    "fellowPlayers": [
      {
        "summonerId": 41669801,
        "teamId": 100,
        "championId": 84
      },
      {
        "summonerId": 37245463,
        "teamId": 200,
        "championId": 1
      },
      {
        "summonerId": 38670345,
        "teamId": 200,
        "championId": 117
      },
      {
        "summonerId": 40344734,
        "teamId": 100,
        "championId": 58
      },
      {
        "summonerId": 40299810,
        "teamId": 200,
        "championId": 119
      },
      {
        "summonerId": 39610859,
        "teamId": 200,
        "championId": 76
      },
      {
        "summonerId": 40231497,
        "teamId": 100,
        "championId": 89
      },
      {
        "summonerId": 32191131,
        "teamId": 200,
        "championId": 80
      },
      {
        "summonerId": 40784249,
        "teamId": 100,
        "championId": 18
      }
    ],
    "stats": {
      "level": 11,
      "goldEarned": 5675,
      "numDeaths": 1,
      "minionsKilled": 47,
      "championsKilled": 2,
      "goldSpent": 5985,
      "totalDamageDealt": 43419,
      "totalDamageTaken": 15831,
      "killingSprees": 1,
      "largestKillingSpree": 2,
      "team": 100,
      "win": false,
      "neutralMinionsKilled": 12,
      "largestMultiKill": 1,
      "physicalDamageDealtPlayer": 33011,
      "magicDamageDealtPlayer": 8920,
      "physicalDamageTaken": 8440,
      "magicDamageTaken": 7219,
      "timePlayed": 1366,
      "totalHeal": 1289,
      "totalUnitsHealed": 1,
      "assists": 7,
      "item0": 3265,
      "item1": 1033,
      "item2": 3068,
      "item6": 3341,
      "magicDamageDealtToChampions": 1828,
      "physicalDamageDealtToChampions": 7026,
      "totalDamageDealtToChampions": 8924,
      "trueDamageDealtPlayer": 1488,
      "trueDamageDealtToChampions": 70,
      "trueDamageTaken": 172,
      "neutralMinionsKilledYourJungle": 12,
      "totalTimeCrowdControlDealt": 112
    }
  },
  "summonerCount": 10,
  "40784249": {
    "gameId": 825984771,
    "invalid": false,
    "gameMode": "CLASSIC",
    "gameType": "MATCHED_GAME",
    "subType": "NORMAL",
    "mapId": 1,
    "teamId": 100,
    "championId": 18,
    "spell1": 4,
    "spell2": 21,
    "level": 30,
    "ipEarned": 51,
    "createDate": 1399030789161,
    "fellowPlayers": [
      {
        "summonerId": 41669801,
        "teamId": 100,
        "championId": 84
      },
      {
        "summonerId": 37245463,
        "teamId": 200,
        "championId": 1
      },
      {
        "summonerId": 38670345,
        "teamId": 200,
        "championId": 117
      },
      {
        "summonerId": 40344734,
        "teamId": 100,
        "championId": 58
      },
      {
        "summonerId": 40299810,
        "teamId": 200,
        "championId": 119
      },
      {
        "summonerId": 39610859,
        "teamId": 200,
        "championId": 76
      },
      {
        "summonerId": 40231497,
        "teamId": 100,
        "championId": 89
      },
      {
        "summonerId": 35495158,
        "teamId": 100,
        "championId": 120
      },
      {
        "summonerId": 32191131,
        "teamId": 200,
        "championId": 80
      }
    ],
    "stats": {
      "level": 10,
      "goldEarned": 6554,
      "numDeaths": 7,
      "minionsKilled": 64,
      "championsKilled": 6,
      "goldSpent": 5855,
      "totalDamageDealt": 48197,
      "totalDamageTaken": 11101,
      "killingSprees": 2,
      "largestKillingSpree": 2,
      "team": 100,
      "win": false,
      "neutralMinionsKilled": 9,
      "largestMultiKill": 1,
      "physicalDamageDealtPlayer": 28641,
      "magicDamageDealtPlayer": 19062,
      "physicalDamageTaken": 7877,
      "magicDamageTaken": 3211,
      "largestCriticalStrike": 307,
      "timePlayed": 1366,
      "totalHeal": 136,
      "totalUnitsHealed": 1,
      "assists": 3,
      "item0": 1053,
      "item1": 3087,
      "item2": 3006,
      "item3": 1038,
      "item6": 3340,
      "magicDamageDealtToChampions": 4779,
      "physicalDamageDealtToChampions": 3209,
      "totalDamageDealtToChampions": 8274,
      "trueDamageDealtPlayer": 494,
      "trueDamageDealtToChampions": 286,
      "trueDamageTaken": 11,
      "wardPlaced": 5,
      "neutralMinionsKilledYourJungle": 9,
      "totalTimeCrowdControlDealt": 123
    }
  },
  "40299810": {
    "gameId": 825984771,
    "invalid": false,
    "gameMode": "CLASSIC",
    "gameType": "MATCHED_GAME",
    "subType": "NORMAL",
    "mapId": 1,
    "teamId": 200,
    "championId": 119,
    "spell1": 4,
    "spell2": 21,
    "level": 30,
    "ipEarned": 76,
    "createDate": 1399030789165,
    "fellowPlayers": [
      {
        "summonerId": 41669801,
        "teamId": 100,
        "championId": 84
      },
      {
        "summonerId": 37245463,
        "teamId": 200,
        "championId": 1
      },
      {
        "summonerId": 38670345,
        "teamId": 200,
        "championId": 117
      },
      {
        "summonerId": 40344734,
        "teamId": 100,
        "championId": 58
      },
      {
        "summonerId": 39610859,
        "teamId": 200,
        "championId": 76
      },
      {
        "summonerId": 40231497,
        "teamId": 100,
        "championId": 89
      },
      {
        "summonerId": 35495158,
        "teamId": 100,
        "championId": 120
      },
      {
        "summonerId": 32191131,
        "teamId": 200,
        "championId": 80
      },
      {
        "summonerId": 40784249,
        "teamId": 100,
        "championId": 18
      }
    ],
    "stats": {
      "level": 12,
      "goldEarned": 8782,
      "numDeaths": 6,
      "turretsKilled": 1,
      "minionsKilled": 94,
      "championsKilled": 7,
      "goldSpent": 8085,
      "totalDamageDealt": 65330,
      "totalDamageTaken": 14356,
      "doubleKills": 2,
      "killingSprees": 2,
      "largestKillingSpree": 2,
      "team": 200,
      "win": true,
      "largestMultiKill": 2,
      "physicalDamageDealtPlayer": 64944,
      "physicalDamageTaken": 9261,
      "magicDamageTaken": 4970,
      "timePlayed": 1366,
      "totalHeal": 651,
      "totalUnitsHealed": 1,
      "assists": 8,
      "item2": 3072,
      "item3": 3006,
      "item4": 3035,
      "item5": 3086,
      "item6": 3340,
      "physicalDamageDealtToChampions": 16997,
      "totalDamageDealtToChampions": 17293,
      "trueDamageDealtPlayer": 386,
      "trueDamageDealtToChampions": 296,
      "trueDamageTaken": 124,
      "wardPlaced": 3,
      "totalTimeCrowdControlDealt": 143
    }
  },
  "37245463": {
    "gameId": 825984771,
    "invalid": false,
    "gameMode": "CLASSIC",
    "gameType": "MATCHED_GAME",
    "subType": "NORMAL",
    "mapId": 1,
    "teamId": 200,
    "championId": 1,
    "spell1": 7,
    "spell2": 4,
    "level": 30,
    "ipEarned": 76,
    "createDate": 1399030789166,
    "fellowPlayers": [
      {
        "summonerId": 41669801,
        "teamId": 100,
        "championId": 84
      },
      {
        "summonerId": 38670345,
        "teamId": 200,
        "championId": 117
      },
      {
        "summonerId": 40344734,
        "teamId": 100,
        "championId": 58
      },
      {
        "summonerId": 40299810,
        "teamId": 200,
        "championId": 119
      },
      {
        "summonerId": 39610859,
        "teamId": 200,
        "championId": 76
      },
      {
        "summonerId": 40231497,
        "teamId": 100,
        "championId": 89
      },
      {
        "summonerId": 35495158,
        "teamId": 100,
        "championId": 120
      },
      {
        "summonerId": 32191131,
        "teamId": 200,
        "championId": 80
      },
      {
        "summonerId": 40784249,
        "teamId": 100,
        "championId": 18
      }
    ],
    "stats": {
      "level": 11,
      "goldEarned": 7059,
      "numDeaths": 5,
      "turretsKilled": 1,
      "minionsKilled": 65,
      "championsKilled": 4,
      "goldSpent": 6145,
      "totalDamageDealt": 41478,
      "totalDamageTaken": 15034,
      "killingSprees": 1,
      "largestKillingSpree": 2,
      "team": 200,
      "win": true,
      "largestMultiKill": 1,
      "physicalDamageDealtPlayer": 10423,
      "magicDamageDealtPlayer": 30772,
      "physicalDamageTaken": 9371,
      "magicDamageTaken": 5365,
      "timePlayed": 1366,
      "totalHeal": 2033,
      "totalUnitsHealed": 3,
      "assists": 11,
      "item0": 3027,
      "item1": 1058,
      "item2": 3020,
      "item6": 3340,
      "magicDamageDealtToChampions": 11677,
      "physicalDamageDealtToChampions": 892,
      "totalDamageDealtToChampions": 12726,
      "trueDamageDealtPlayer": 282,
      "trueDamageDealtToChampions": 156,
      "trueDamageTaken": 298,
      "wardPlaced": 6,
      "totalTimeCrowdControlDealt": 76
    }
  },
  "41669801": {
    "gameId": 825984771,
    "invalid": false,
    "gameMode": "CLASSIC",
    "gameType": "MATCHED_GAME",
    "subType": "NORMAL",
    "mapId": 1,
    "teamId": 100,
    "championId": 84,
    "spell1": 4,
    "spell2": 14,
    "level": 30,
    "ipEarned": 51,
    "createDate": 1399030789160,
    "fellowPlayers": [
      {
        "summonerId": 37245463,
        "teamId": 200,
        "championId": 1
      },
      {
        "summonerId": 38670345,
        "teamId": 200,
        "championId": 117
      },
      {
        "summonerId": 40344734,
        "teamId": 100,
        "championId": 58
      },
      {
        "summonerId": 40299810,
        "teamId": 200,
        "championId": 119
      },
      {
        "summonerId": 39610859,
        "teamId": 200,
        "championId": 76
      },
      {
        "summonerId": 40231497,
        "teamId": 100,
        "championId": 89
      },
      {
        "summonerId": 35495158,
        "teamId": 100,
        "championId": 120
      },
      {
        "summonerId": 32191131,
        "teamId": 200,
        "championId": 80
      },
      {
        "summonerId": 40784249,
        "teamId": 100,
        "championId": 18
      }
    ],
    "stats": {
      "level": 11,
      "goldEarned": 6386,
      "numDeaths": 9,
      "turretsKilled": 1,
      "minionsKilled": 51,
      "championsKilled": 6,
      "goldSpent": 5700,
      "totalDamageDealt": 26288,
      "totalDamageTaken": 16309,
      "doubleKills": 1,
      "killingSprees": 1,
      "largestKillingSpree": 2,
      "team": 100,
      "win": false,
      "largestMultiKill": 2,
      "physicalDamageDealtPlayer": 13959,
      "magicDamageDealtPlayer": 12118,
      "physicalDamageTaken": 7053,
      "magicDamageTaken": 8847,
      "timePlayed": 1366,
      "totalHeal": 153,
      "totalUnitsHealed": 1,
      "assists": 5,
      "item0": 3191,
      "item1": 3020,
      "item2": 3089,
      "item6": 3340,
      "magicDamageDealtToChampions": 5085,
      "physicalDamageDealtToChampions": 1966,
      "totalDamageDealtToChampions": 7262,
      "trueDamageDealtPlayer": 210,
      "trueDamageDealtToChampions": 210,
      "trueDamageTaken": 408,
      "wardPlaced": 1,
      "totalTimeCrowdControlDealt": 276
    }
  },
  "40231497": {
    "gameId": 825984771,
    "invalid": false,
    "gameMode": "CLASSIC",
    "gameType": "MATCHED_GAME",
    "subType": "NORMAL",
    "mapId": 1,
    "teamId": 100,
    "championId": 89,
    "spell1": 3,
    "spell2": 4,
    "level": 24,
    "ipEarned": 51,
    "createDate": 1399030789163,
    "fellowPlayers": [
      {
        "summonerId": 41669801,
        "teamId": 100,
        "championId": 84
      },
      {
        "summonerId": 37245463,
        "teamId": 200,
        "championId": 1
      },
      {
        "summonerId": 38670345,
        "teamId": 200,
        "championId": 117
      },
      {
        "summonerId": 40344734,
        "teamId": 100,
        "championId": 58
      },
      {
        "summonerId": 40299810,
        "teamId": 200,
        "championId": 119
      },
      {
        "summonerId": 39610859,
        "teamId": 200,
        "championId": 76
      },
      {
        "summonerId": 35495158,
        "teamId": 100,
        "championId": 120
      },
      {
        "summonerId": 32191131,
        "teamId": 200,
        "championId": 80
      },
      {
        "summonerId": 40784249,
        "teamId": 100,
        "championId": 18
      }
    ],
    "stats": {
      "level": 10,
      "goldEarned": 5543,
      "numDeaths": 3,
      "minionsKilled": 18,
      "championsKilled": 1,
      "goldSpent": 5175,
      "totalDamageDealt": 12707,
      "totalDamageTaken": 13028,
      "team": 100,
      "win": false,
      "neutralMinionsKilled": 1,
      "largestMultiKill": 1,
      "physicalDamageDealtPlayer": 4476,
      "magicDamageDealtPlayer": 8014,
      "physicalDamageTaken": 6668,
      "magicDamageTaken": 6164,
      "timePlayed": 1366,
      "totalHeal": 510,
      "totalUnitsHealed": 1,
      "assists": 9,
      "item0": 3301,
      "item1": 3047,
      "item2": 2049,
      "item3": 1011,
      "item4": 1057,
      "item5": 3082,
      "item6": 3340,
      "sightWardsBought": 2,
      "magicDamageDealtToChampions": 2427,
      "physicalDamageDealtToChampions": 2146,
      "totalDamageDealtToChampions": 4694,
      "trueDamageDealtPlayer": 216,
      "trueDamageDealtToChampions": 120,
      "trueDamageTaken": 196,
      "wardPlaced": 9,
      "neutralMinionsKilledYourJungle": 1,
      "totalTimeCrowdControlDealt": 145
    }
  },
  "32191131": {
    "gameId": 825984771,
    "invalid": false,
    "gameMode": "CLASSIC",
    "gameType": "MATCHED_GAME",
    "subType": "NORMAL",
    "mapId": 1,
    "teamId": 200,
    "championId": 80,
    "spell1": 4,
    "spell2": 11,
    "level": 30,
    "ipEarned": 76,
    "createDate": 1399030789167,
    "fellowPlayers": [
      {
        "summonerId": 41669801,
        "teamId": 100,
        "championId": 84
      },
      {
        "summonerId": 37245463,
        "teamId": 200,
        "championId": 1
      },
      {
        "summonerId": 38670345,
        "teamId": 200,
        "championId": 117
      },
      {
        "summonerId": 40344734,
        "teamId": 100,
        "championId": 58
      },
      {
        "summonerId": 40299810,
        "teamId": 200,
        "championId": 119
      },
      {
        "summonerId": 39610859,
        "teamId": 200,
        "championId": 76
      },
      {
        "summonerId": 40231497,
        "teamId": 100,
        "championId": 89
      },
      {
        "summonerId": 35495158,
        "teamId": 100,
        "championId": 120
      },
      {
        "summonerId": 40784249,
        "teamId": 100,
        "championId": 18
      }
    ],
    "stats": {
      "level": 12,
      "goldEarned": 7322,
      "numDeaths": 3,
      "minionsKilled": 19,
      "championsKilled": 6,
      "goldSpent": 5112,
      "totalDamageDealt": 56769,
      "totalDamageTaken": 14232,
      "killingSprees": 2,
      "largestKillingSpree": 3,
      "team": 200,
      "win": true,
      "neutralMinionsKilled": 32,
      "largestMultiKill": 1,
      "physicalDamageDealtPlayer": 45829,
      "magicDamageDealtPlayer": 2652,
      "physicalDamageTaken": 11788,
      "magicDamageTaken": 2345,
      "largestCriticalStrike": 489,
      "timePlayed": 1366,
      "totalHeal": 2707,
      "totalUnitsHealed": 1,
      "assists": 9,
      "item0": 3209,
      "item1": 1028,
      "item2": 3117,
      "item3": 3134,
      "item6": 3341,
      "sightWardsBought": 3,
      "magicDamageDealtToChampions": 887,
      "physicalDamageDealtToChampions": 7296,
      "totalDamageDealtToChampions": 8587,
      "trueDamageDealtPlayer": 8286,
      "trueDamageDealtToChampions": 403,
      "trueDamageTaken": 98,
      "wardKilled": 2,
      "wardPlaced": 3,
      "neutralMinionsKilledEnemyJungle": 2,
      "neutralMinionsKilledYourJungle": 30,
      "totalTimeCrowdControlDealt": 164
    }
  },
  "38670345": {
    "gameId": 825984771,
    "invalid": false,
    "gameMode": "CLASSIC",
    "gameType": "MATCHED_GAME",
    "subType": "NORMAL",
    "mapId": 1,
    "teamId": 200,
    "championId": 117,
    "spell1": 14,
    "spell2": 4,
    "level": 30,
    "ipEarned": 76,
    "createDate": 1399030789164,
    "fellowPlayers": [
      {
        "summonerId": 41669801,
        "teamId": 100,
        "championId": 84
      },
      {
        "summonerId": 37245463,
        "teamId": 200,
        "championId": 1
      },
      {
        "summonerId": 40344734,
        "teamId": 100,
        "championId": 58
      },
      {
        "summonerId": 40299810,
        "teamId": 200,
        "championId": 119
      },
      {
        "summonerId": 39610859,
        "teamId": 200,
        "championId": 76
      },
      {
        "summonerId": 40231497,
        "teamId": 100,
        "championId": 89
      },
      {
        "summonerId": 35495158,
        "teamId": 100,
        "championId": 120
      },
      {
        "summonerId": 32191131,
        "teamId": 200,
        "championId": 80
      },
      {
        "summonerId": 40784249,
        "teamId": 100,
        "championId": 18
      }
    ],
    "stats": {
      "level": 13,
      "goldEarned": 8108,
      "numDeaths": 2,
      "minionsKilled": 150,
      "championsKilled": 2,
      "goldSpent": 7215,
      "totalDamageDealt": 74158,
      "totalDamageTaken": 7837,
      "team": 200,
      "win": true,
      "largestMultiKill": 1,
      "physicalDamageDealtPlayer": 15409,
      "magicDamageDealtPlayer": 58119,
      "physicalDamageTaken": 6195,
      "magicDamageTaken": 1426,
      "timePlayed": 1366,
      "totalHeal": 245,
      "totalUnitsHealed": 1,
      "assists": 10,
      "item0": 3089,
      "item1": 3165,
      "item3": 3020,
      "item4": 1056,
      "item6": 3340,
      "sightWardsBought": 1,
      "magicDamageDealtToChampions": 8116,
      "physicalDamageDealtToChampions": 2661,
      "totalDamageDealtToChampions": 11407,
      "trueDamageDealtPlayer": 630,
      "trueDamageDealtToChampions": 630,
      "trueDamageTaken": 216,
      "wardPlaced": 7,
      "totalTimeCrowdControlDealt": 477
    }
  },
  "39610859": {
    "gameId": 825984771,
    "invalid": false,
    "gameMode": "CLASSIC",
    "gameType": "MATCHED_GAME",
    "subType": "NORMAL",
    "mapId": 1,
    "teamId": 200,
    "championId": 76,
    "spell1": 4,
    "spell2": 21,
    "level": 30,
    "ipEarned": 76,
    "createDate": 1399030789169,
    "fellowPlayers": [
      {
        "summonerId": 41669801,
        "teamId": 100,
        "championId": 84
      },
      {
        "summonerId": 37245463,
        "teamId": 200,
        "championId": 1
      },
      {
        "summonerId": 38670345,
        "teamId": 200,
        "championId": 117
      },
      {
        "summonerId": 40344734,
        "teamId": 100,
        "championId": 58
      },
      {
        "summonerId": 40299810,
        "teamId": 200,
        "championId": 119
      },
      {
        "summonerId": 40231497,
        "teamId": 100,
        "championId": 89
      },
      {
        "summonerId": 35495158,
        "teamId": 100,
        "championId": 120
      },
      {
        "summonerId": 32191131,
        "teamId": 200,
        "championId": 80
      },
      {
        "summonerId": 40784249,
        "teamId": 100,
        "championId": 18
      }
    ],
    "stats": {
      "level": 12,
      "goldEarned": 7847,
      "numDeaths": 1,
      "turretsKilled": 2,
      "minionsKilled": 76,
      "championsKilled": 7,
      "goldSpent": 6240,
      "totalDamageDealt": 57953,
      "totalDamageTaken": 7141,
      "killingSprees": 1,
      "largestKillingSpree": 6,
      "team": 200,
      "win": true,
      "neutralMinionsKilled": 6,
      "largestMultiKill": 1,
      "physicalDamageDealtPlayer": 17904,
      "magicDamageDealtPlayer": 40049,
      "physicalDamageTaken": 6158,
      "magicDamageTaken": 982,
      "timePlayed": 1366,
      "totalHeal": 6975,
      "totalUnitsHealed": 4,
      "assists": 7,
      "item0": 1056,
      "item1": 2003,
      "item2": 3089,
      "item3": 3117,
      "item4": 1058,
      "item6": 3340,
      "magicDamageDealtToChampions": 14392,
      "physicalDamageDealtToChampions": 2515,
      "totalDamageDealtToChampions": 16907,
      "wardPlaced": 4,
      "neutralMinionsKilledYourJungle": 6
    }
  },
  "40344734": {
    "gameId": 825984771,
    "invalid": false,
    "gameMode": "CLASSIC",
    "gameType": "MATCHED_GAME",
    "subType": "NORMAL",
    "mapId": 1,
    "teamId": 100,
    "championId": 58,
    "spell1": 14,
    "spell2": 4,
    "level": 30,
    "ipEarned": 51,
    "createDate": 1399030789159,
    "fellowPlayers": [
      {
        "summonerId": 41669801,
        "teamId": 100,
        "championId": 84
      },
      {
        "summonerId": 37245463,
        "teamId": 200,
        "championId": 1
      },
      {
        "summonerId": 38670345,
        "teamId": 200,
        "championId": 117
      },
      {
        "summonerId": 40299810,
        "teamId": 200,
        "championId": 119
      },
      {
        "summonerId": 39610859,
        "teamId": 200,
        "championId": 76
      },
      {
        "summonerId": 40231497,
        "teamId": 100,
        "championId": 89
      },
      {
        "summonerId": 35495158,
        "teamId": 100,
        "championId": 120
      },
      {
        "summonerId": 32191131,
        "teamId": 200,
        "championId": 80
      },
      {
        "summonerId": 40784249,
        "teamId": 100,
        "championId": 18
      }
    ],
    "stats": {
      "level": 11,
      "goldEarned": 6478,
      "numDeaths": 6,
      "minionsKilled": 93,
      "championsKilled": 2,
      "goldSpent": 5560,
      "totalDamageDealt": 52896,
      "totalDamageTaken": 20160,
      "team": 100,
      "win": false,
      "largestMultiKill": 1,
      "physicalDamageDealtPlayer": 51162,
      "magicDamageDealtPlayer": 1683,
      "physicalDamageTaken": 9832,
      "magicDamageTaken": 9630,
      "timePlayed": 1366,
      "totalHeal": 3628,
      "totalUnitsHealed": 1,
      "assists": 9,
      "item0": 3074,
      "item1": 2003,
      "item2": 1001,
      "item3": 1054,
      "item4": 1011,
      "item6": 3340,
      "sightWardsBought": 1,
      "magicDamageDealtToChampions": 970,
      "physicalDamageDealtToChampions": 9634,
      "totalDamageDealtToChampions": 10654,
      "trueDamageDealtPlayer": 50,
      "trueDamageDealtToChampions": 50,
      "trueDamageTaken": 697,
      "wardPlaced": 3,
      "totalTimeCrowdControlDealt": 12
    }
  }
}