{
  "27625467": {
    "gameId": 825984464,
    "invalid": false,
    "gameMode": "CLASSIC",
    "gameType": "MATCHED_GAME",
    "subType": "RANKED_SOLO_5x5",
    "mapId": 1,
    "teamId": 100,
    "championId": 76,
    "spell1": 14,
    "spell2": 4,
    "level": 30,
    "ipEarned": 120,
    "createDate": 1399031920690,
    "fellowPlayers": [
      {
        "summonerId": 42325380,
        "teamId": 100,
        "championId": 22
      },
      {
        "summonerId": 29092000,
        "teamId": 200,
        "championId": 131
      },
      {
        "summonerId": 36109131,
        "teamId": 100,
        "championId": 36
      },
      {
        "summonerId": 22646726,
        "teamId": 200,
        "championId": 53
      },
      {
        "summonerId": 27248230,
        "teamId": 100,
        "championId": 64
      },
      {
        "summonerId": 20964467,
        "teamId": 200,
        "championId": 238
      },
      {
        "summonerId": 22564578,
        "teamId": 200,
        "championId": 110
      },
      {
        "summonerId": 33938103,
        "teamId": 200,
        "championId": 33
      },
      {
        "summonerId": 20151130,
        "teamId": 100,
        "championId": 89
      }
    ],
    "stats": {
      "level": 18,
      "goldEarned": 18726,
      "numDeaths": 6,
      "turretsKilled": 1,
      "minionsKilled": 179,
      "championsKilled": 20,
      "goldSpent": 15785,
      "totalDamageDealt": 173041,
      "totalDamageTaken": 33242,
      "doubleKills": 2,
      "tripleKills": 1,
      "quadraKills": 1,
      "killingSprees": 6,
      "largestKillingSpree": 7,
      "team": 100,
      "win": true,
      "neutralMinionsKilled": 8,
      "largestMultiKill": 4,
      "physicalDamageDealtPlayer": 47068,
      "magicDamageDealtPlayer": 124130,
      "physicalDamageTaken": 21950,
      "magicDamageTaken": 9994,
      "timePlayed": 2649,
      "totalHeal": 29588,
      "totalUnitsHealed": 5,
      "assists": 17,
      "item0": 3057,
      "item1": 3255,
      "item2": 3174,
      "item3": 3157,
      "item4": 3089,
      "item5": 3135,
      "item6": 3361,
      "sightWardsBought": 1,
      "magicDamageDealtToChampions": 41879,
      "physicalDamageDealtToChampions": 7623,
      "totalDamageDealtToChampions": 50696,
      "trueDamageDealtPlayer": 1842,
      "trueDamageDealtToChampions": 1194,
      "trueDamageTaken": 1297,
      "wardPlaced": 8,
      "neutralMinionsKilledEnemyJungle": 8,
      "totalTimeCrowdControlDealt": 19
    }
  },
  "summonerCount": 10,
  "42325380": {
    "gameId": 825984464,
    "invalid": false,
    "gameMode": "CLASSIC",
    "gameType": "MATCHED_GAME",
    "subType": "RANKED_SOLO_5x5",
    "mapId": 1,
    "teamId": 100,
    "championId": 22,
    "spell1": 21,
    "spell2": 4,
    "level": 30,
    "ipEarned": 270,
    "createDate": 1399031920695,
    "fellowPlayers": [
      {
        "summonerId": 29092000,
        "teamId": 200,
        "championId": 131
      },
      {
        "summonerId": 36109131,
        "teamId": 100,
        "championId": 36
      },
      {
        "summonerId": 27625467,
        "teamId": 100,
        "championId": 76
      },
      {
        "summonerId": 22646726,
        "teamId": 200,
        "championId": 53
      },
      {
        "summonerId": 27248230,
        "teamId": 100,
        "championId": 64
      },
      {
        "summonerId": 20964467,
        "teamId": 200,
        "championId": 238
      },
      {
        "summonerId": 22564578,
        "teamId": 200,
        "championId": 110
      },
      {
        "summonerId": 33938103,
        "teamId": 200,
        "championId": 33
      },
      {
        "summonerId": 20151130,
        "teamId": 100,
        "championId": 89
      }
    ],
    "stats": {
      "level": 18,
      "goldEarned": 16886,
      "numDeaths": 16,
      "barracksKilled": 2,
      "turretsKilled": 3,
      "minionsKilled": 124,
      "championsKilled": 13,
      "goldSpent": 13845,
      "totalDamageDealt": 114540,
      "totalDamageTaken": 39358,
      "doubleKills": 1,
      "killingSprees": 3,
      "largestKillingSpree": 3,
      "team": 100,
      "win": true,
      "neutralMinionsKilled": 14,
      "largestMultiKill": 2,
      "physicalDamageDealtPlayer": 107177,
      "magicDamageDealtPlayer": 6666,
      "physicalDamageTaken": 24303,
      "magicDamageTaken": 14833,
      "largestCriticalStrike": 512,
      "timePlayed": 2649,
      "totalHeal": 2597,
      "totalUnitsHealed": 1,
      "assists": 20,
      "item0": 1031,
      "item1": 3072,
      "item2": 3035,
      "item3": 3250,
      "item4": 3087,
      "item5": 3046,
      "item6": 3340,
      "sightWardsBought": 4,
      "magicDamageDealtToChampions": 4596,
      "physicalDamageDealtToChampions": 31213,
      "totalDamageDealtToChampions": 36472,
      "trueDamageDealtPlayer": 696,
      "trueDamageDealtToChampions": 662,
      "trueDamageTaken": 222,
      "wardPlaced": 11,
      "neutralMinionsKilledEnemyJungle": 4,
      "neutralMinionsKilledYourJungle": 10,
      "totalTimeCrowdControlDealt": 850
    }
  },
  "33938103": {
    "gameId": 825984464,
    "invalid": false,
    "gameMode": "CLASSIC",
    "gameType": "MATCHED_GAME",
    "subType": "RANKED_SOLO_5x5",
    "mapId": 1,
    "teamId": 200,
    "championId": 33,
    "spell1": 12,
    "spell2": 11,
    "level": 30,
    "ipEarned": 78,
    "createDate": 1399031920701,
    "fellowPlayers": [
      {
        "summonerId": 42325380,
        "teamId": 100,
        "championId": 22
      },
      {
        "summonerId": 29092000,
        "teamId": 200,
        "championId": 131
      },
      {
        "summonerId": 36109131,
        "teamId": 100,
        "championId": 36
      },
      {
        "summonerId": 27625467,
        "teamId": 100,
        "championId": 76
      },
      {
        "summonerId": 22646726,
        "teamId": 200,
        "championId": 53
      },
      {
        "summonerId": 27248230,
        "teamId": 100,
        "championId": 64
      },
      {
        "summonerId": 20964467,
        "teamId": 200,
        "championId": 238
      },
      {
        "summonerId": 22564578,
        "teamId": 200,
        "championId": 110
      },
      {
        "summonerId": 20151130,
        "teamId": 100,
        "championId": 89
      }
    ],
    "stats": {
      "level": 18,
      "goldEarned": 13301,
      "numDeaths": 10,
      "turretsKilled": 1,
      "minionsKilled": 70,
      "championsKilled": 5,
      "goldSpent": 12785,
      "totalDamageDealt": 164840,
      "totalDamageTaken": 54708,
      "killingSprees": 1,
      "largestKillingSpree": 2,
      "team": 200,
      "win": false,
      "neutralMinionsKilled": 79,
      "largestMultiKill": 1,
      "physicalDamageDealtPlayer": 58182,
      "magicDamageDealtPlayer": 93158,
      "physicalDamageTaken": 30828,
      "magicDamageTaken": 22132,
      "timePlayed": 2649,
      "totalHeal": 9282,
      "totalUnitsHealed": 1,
      "assists": 12,
      "item0": 3270,
      "item1": 3207,
      "item2": 3068,
      "item3": 3102,
      "item4": 3083,
      "item5": 1031,
      "item6": 3340,
      "magicDamageDealtToChampions": 17194,
      "physicalDamageDealtToChampions": 5356,
      "totalDamageDealtToChampions": 22863,
      "trueDamageDealtPlayer": 13500,
      "trueDamageDealtToChampions": 312,
      "trueDamageTaken": 1747,
      "wardPlaced": 10,
      "neutralMinionsKilledEnemyJungle": 10,
      "neutralMinionsKilledYourJungle": 69,
      "totalTimeCrowdControlDealt": 480
    }
  },
  "20151130": {
    "gameId": 825984464,
    "invalid": false,
    "gameMode": "CLASSIC",
    "gameType": "MATCHED_GAME",
    "subType": "RANKED_SOLO_5x5",
    "mapId": 1,
    "teamId": 100,
    "championId": 89,
    "spell1": 4,
    "spell2": 7,
    "level": 30,
    "ipEarned": 120,
    "createDate": 1399031920689,
    "fellowPlayers": [
      {
        "summonerId": 42325380,
        "teamId": 100,
        "championId": 22
      },
      {
        "summonerId": 29092000,
        "teamId": 200,
        "championId": 131
      },
      {
        "summonerId": 36109131,
        "teamId": 100,
        "championId": 36
      },
      {
        "summonerId": 27625467,
        "teamId": 100,
        "championId": 76
      },
      {
        "summonerId": 22646726,
        "teamId": 200,
        "championId": 53
      },
      {
        "summonerId": 27248230,
        "teamId": 100,
        "championId": 64
      },
      {
        "summonerId": 20964467,
        "teamId": 200,
        "championId": 238
      },
      {
        "summonerId": 22564578,
        "teamId": 200,
        "championId": 110
      },
      {
        "summonerId": 33938103,
        "teamId": 200,
        "championId": 33
      }
    ],
    "stats": {
      "level": 18,
      "goldEarned": 14430,
      "numDeaths": 7,
      "minionsKilled": 44,
      "championsKilled": 2,
      "goldSpent": 12450,
      "totalDamageDealt": 54625,
      "totalDamageTaken": 48780,
      "team": 100,
      "win": true,
      "largestMultiKill": 1,
      "physicalDamageDealtPlayer": 17671,
      "magicDamageDealtPlayer": 35112,
      "physicalDamageTaken": 30631,
      "magicDamageTaken": 17212,
      "timePlayed": 2649,
      "totalHeal": 9138,
      "totalUnitsHealed": 4,
      "assists": 40,
      "item0": 2045,
      "item1": 3190,
      "item2": 3143,
      "item3": 3111,
      "item4": 3068,
      "item6": 3362,
      "sightWardsBought": 2,
      "magicDamageDealtToChampions": 13132,
      "physicalDamageDealtToChampions": 7139,
      "totalDamageDealtToChampions": 20272,
      "trueDamageDealtPlayer": 1842,
      "trueDamageTaken": 937,
      "wardKilled": 1,
      "wardPlaced": 26,
      "totalTimeCrowdControlDealt": 609
    }
  },
  "27248230": {
    "gameId": 825984464,
    "invalid": false,
    "gameMode": "CLASSIC",
    "gameType": "MATCHED_GAME",
    "subType": "RANKED_SOLO_5x5",
    "mapId": 1,
    "teamId": 100,
    "championId": 64,
    "spell1": 4,
    "spell2": 11,
    "level": 30,
    "ipEarned": 120,
    "createDate": 1399031920693,
    "fellowPlayers": [
      {
        "summonerId": 42325380,
        "teamId": 100,
        "championId": 22
      },
      {
        "summonerId": 29092000,
        "teamId": 200,
        "championId": 131
      },
      {
        "summonerId": 36109131,
        "teamId": 100,
        "championId": 36
      },
      {
        "summonerId": 27625467,
        "teamId": 100,
        "championId": 76
      },
      {
        "summonerId": 22646726,
        "teamId": 200,
        "championId": 53
      },
      {
        "summonerId": 20964467,
        "teamId": 200,
        "championId": 238
      },
      {
        "summonerId": 22564578,
        "teamId": 200,
        "championId": 110
      },
      {
        "summonerId": 33938103,
        "teamId": 200,
        "championId": 33
      },
      {
        "summonerId": 20151130,
        "teamId": 100,
        "championId": 89
      }
    ],
    "stats": {
      "level": 18,
      "goldEarned": 18721,
      "numDeaths": 8,
      "barracksKilled": 1,
      "turretsKilled": 1,
      "minionsKilled": 96,
      "championsKilled": 18,
      "goldSpent": 16695,
      "totalDamageDealt": 161530,
      "totalDamageTaken": 45717,
      "doubleKills": 4,
      "killingSprees": 5,
      "largestKillingSpree": 4,
      "team": 100,
      "win": true,
      "neutralMinionsKilled": 42,
      "largestMultiKill": 2,
      "physicalDamageDealtPlayer": 99857,
      "magicDamageDealtPlayer": 47185,
      "physicalDamageTaken": 31140,
      "magicDamageTaken": 13566,
      "timePlayed": 2649,
      "totalHeal": 3203,
      "totalUnitsHealed": 1,
      "assists": 26,
      "item0": 2049,
      "item1": 3270,
      "item2": 3026,
      "item3": 3068,
      "item4": 3071,
      "item5": 3102,
      "item6": 3362,
      "sightWardsBought": 3,
      "magicDamageDealtToChampions": 7707,
      "physicalDamageDealtToChampions": 28019,
      "totalDamageDealtToChampions": 38469,
      "trueDamageDealtPlayer": 14487,
      "trueDamageDealtToChampions": 2743,
      "trueDamageTaken": 1010,
      "wardPlaced": 19,
      "neutralMinionsKilledEnemyJungle": 10,
      "neutralMinionsKilledYourJungle": 32,
      "totalTimeCrowdControlDealt": 906
    }
  },
  "22646726": {
    "gameId": 825984464,
    "invalid": false,
    "gameMode": "CLASSIC",
    "gameType": "MATCHED_GAME",
    "subType": "RANKED_SOLO_5x5",
    "mapId": 1,
    "teamId": 200,
    "championId": 53,
    "spell1": 4,
    "spell2": 7,
    "level": 30,
    "ipEarned": 78,
    "createDate": 1399031920697,
    "fellowPlayers": [
      {
        "summonerId": 42325380,
        "teamId": 100,
        "championId": 22
      },
      {
        "summonerId": 29092000,
        "teamId": 200,
        "championId": 131
      },
      {
        "summonerId": 36109131,
        "teamId": 100,
        "championId": 36
      },
      {
        "summonerId": 27625467,
        "teamId": 100,
        "championId": 76
      },
      {
        "summonerId": 27248230,
        "teamId": 100,
        "championId": 64
      },
      {
        "summonerId": 20964467,
        "teamId": 200,
        "championId": 238
      },
      {
        "summonerId": 22564578,
        "teamId": 200,
        "championId": 110
      },
      {
        "summonerId": 33938103,
        "teamId": 200,
        "championId": 33
      },
      {
        "summonerId": 20151130,
        "teamId": 100,
        "championId": 89
      }
    ],
    "stats": {
      "level": 16,
      "goldEarned": 12485,
      "numDeaths": 16,
      "turretsKilled": 1,
      "minionsKilled": 47,
      "championsKilled": 4,
      "goldSpent": 14105,
      "totalDamageDealt": 51325,
      "totalDamageTaken": 44812,
      "team": 200,
      "win": false,
      "largestMultiKill": 1,
      "physicalDamageDealtPlayer": 16700,
      "magicDamageDealtPlayer": 34625,
      "physicalDamageTaken": 23918,
      "magicDamageTaken": 20210,
      "timePlayed": 2649,
      "totalHeal": 6317,
      "totalUnitsHealed": 4,
      "assists": 17,
      "item0": 3270,
      "item1": 3025,
      "item2": 3069,
      "item3": 3102,
      "item4": 3068,
      "item6": 3340,
      "sightWardsBought": 1,
      "magicDamageDealtToChampions": 15840,
      "physicalDamageDealtToChampions": 7166,
      "totalDamageDealtToChampions": 23006,
      "trueDamageTaken": 683,
      "wardKilled": 2,
      "wardPlaced": 10,
      "totalTimeCrowdControlDealt": 410
    }
  },
  "20964467": {
    "gameId": 825984464,
    "invalid": false,
    "gameMode": "CLASSIC",
    "gameType": "MATCHED_GAME",
    "subType": "RANKED_SOLO_5x5",
    "mapId": 1,
    "teamId": 200,
    "championId": 238,
    "spell1": 14,
    "spell2": 4,
    "level": 30,
    "ipEarned": 78,
    "createDate": 1399031920698,
    "fellowPlayers": [
      {
        "summonerId": 42325380,
        "teamId": 100,
        "championId": 22
      },
      {
        "summonerId": 29092000,
        "teamId": 200,
        "championId": 131
      },
      {
        "summonerId": 36109131,
        "teamId": 100,
        "championId": 36
      },
      {
        "summonerId": 27625467,
        "teamId": 100,
        "championId": 76
      },
      {
        "summonerId": 22646726,
        "teamId": 200,
        "championId": 53
      },
      {
        "summonerId": 27248230,
        "teamId": 100,
        "championId": 64
      },
      {
        "summonerId": 22564578,
        "teamId": 200,
        "championId": 110
      },
      {
        "summonerId": 33938103,
        "teamId": 200,
        "championId": 33
      },
      {
        "summonerId": 20151130,
        "teamId": 100,
        "championId": 89
      }
    ],
    "stats": {
      "level": 18,
      "goldEarned": 14738,
      "numDeaths": 13,
      "turretsKilled": 1,
      "minionsKilled": 210,
      "championsKilled": 9,
      "goldSpent": 14640,
      "totalDamageDealt": 184515,
      "totalDamageTaken": 42393,
      "killingSprees": 2,
      "largestKillingSpree": 3,
      "team": 200,
      "win": false,
      "neutralMinionsKilled": 16,
      "largestMultiKill": 1,
      "physicalDamageDealtPlayer": 174301,
      "magicDamageDealtPlayer": 7883,
      "physicalDamageTaken": 26432,
      "magicDamageTaken": 13597,
      "timePlayed": 2649,
      "totalHeal": 1579,
      "totalUnitsHealed": 1,
      "assists": 10,
      "item0": 3265,
      "item1": 3153,
      "item2": 3071,
      "item3": 3035,
      "item4": 3156,
      "item5": 1031,
      "item6": 3340,
      "magicDamageDealtToChampions": 1381,
      "physicalDamageDealtToChampions": 38906,
      "totalDamageDealtToChampions": 42365,
      "trueDamageDealtPlayer": 2330,
      "trueDamageDealtToChampions": 2078,
      "trueDamageTaken": 2364,
      "wardPlaced": 46,
      "neutralMinionsKilledYourJungle": 16,
      "totalTimeCrowdControlDealt": 221
    }
  },
  "22564578": {
    "gameId": 825984464,
    "invalid": false,
    "gameMode": "CLASSIC",
    "gameType": "MATCHED_GAME",
    "subType": "RANKED_SOLO_5x5",
    "mapId": 1,
    "teamId": 200,
    "championId": 110,
    "spell1": 4,
    "spell2": 7,
    "level": 30,
    "ipEarned": 78,
    "createDate": 1399031920700,
    "fellowPlayers": [
      {
        "summonerId": 42325380,
        "teamId": 100,
        "championId": 22
      },
      {
        "summonerId": 29092000,
        "teamId": 200,
        "championId": 131
      },
      {
        "summonerId": 36109131,
        "teamId": 100,
        "championId": 36
      },
      {
        "summonerId": 27625467,
        "teamId": 100,
        "championId": 76
      },
      {
        "summonerId": 22646726,
        "teamId": 200,
        "championId": 53
      },
      {
        "summonerId": 27248230,
        "teamId": 100,
        "championId": 64
      },
      {
        "summonerId": 20964467,
        "teamId": 200,
        "championId": 238
      },
      {
        "summonerId": 33938103,
        "teamId": 200,
        "championId": 33
      },
      {
        "summonerId": 20151130,
        "teamId": 100,
        "championId": 89
      }
    ],
    "stats": {
      "level": 18,
      "goldEarned": 17061,
      "numDeaths": 11,
      "turretsKilled": 2,
      "minionsKilled": 237,
      "championsKilled": 10,
      "goldSpent": 16945,
      "totalDamageDealt": 249798,
      "totalDamageTaken": 38910,
      "killingSprees": 2,
      "largestKillingSpree": 2,
      "team": 200,
      "win": false,
      "neutralMinionsKilled": 28,
      "largestMultiKill": 1,
      "physicalDamageDealtPlayer": 228099,
      "magicDamageDealtPlayer": 18645,
      "physicalDamageTaken": 19473,
      "magicDamageTaken": 18886,
      "largestCriticalStrike": 839,
      "timePlayed": 2649,
      "totalHeal": 2905,
      "totalUnitsHealed": 4,
      "assists": 15,
      "item0": 3250,
      "item1": 3102,
      "item2": 3072,
      "item3": 3046,
      "item4": 3035,
      "item5": 3031,
      "item6": 3340,
      "magicDamageDealtToChampions": 4564,
      "physicalDamageDealtToChampions": 38433,
      "totalDamageDealtToChampions": 43877,
      "trueDamageDealtPlayer": 3054,
      "trueDamageDealtToChampions": 880,
      "trueDamageTaken": 550,
      "wardKilled": 2,
      "wardPlaced": 13,
      "neutralMinionsKilledEnemyJungle": 6,
      "neutralMinionsKilledYourJungle": 22,
      "totalTimeCrowdControlDealt": 1018
    }
  },
  "29092000": {
    "gameId": 825984464,
    "invalid": false,
    "gameMode": "CLASSIC",
    "gameType": "MATCHED_GAME",
    "subType": "RANKED_SOLO_5x5",
    "mapId": 1,
    "teamId": 200,
    "championId": 131,
    "spell1": 12,
    "spell2": 4,
    "level": 30,
    "ipEarned": 78,
    "createDate": 1399031920696,
    "fellowPlayers": [
      {
        "summonerId": 42325380,
        "teamId": 100,
        "championId": 22
      },
      {
        "summonerId": 36109131,
        "teamId": 100,
        "championId": 36
      },
      {
        "summonerId": 27625467,
        "teamId": 100,
        "championId": 76
      },
      {
        "summonerId": 22646726,
        "teamId": 200,
        "championId": 53
      },
      {
        "summonerId": 27248230,
        "teamId": 100,
        "championId": 64
      },
      {
        "summonerId": 20964467,
        "teamId": 200,
        "championId": 238
      },
      {
        "summonerId": 22564578,
        "teamId": 200,
        "championId": 110
      },
      {
        "summonerId": 33938103,
        "teamId": 200,
        "championId": 33
      },
      {
        "summonerId": 20151130,
        "teamId": 100,
        "championId": 89
      }
    ],
    "stats": {
      "level": 18,
      "goldEarned": 15281,
      "numDeaths": 10,
      "minionsKilled": 182,
      "championsKilled": 13,
      "goldSpent": 14405,
      "totalDamageDealt": 163476,
      "totalDamageTaken": 35652,
      "doubleKills": 1,
      "tripleKills": 1,
      "killingSprees": 3,
      "largestKillingSpree": 4,
      "team": 200,
      "win": false,
      "neutralMinionsKilled": 17,
      "largestMultiKill": 3,
      "physicalDamageDealtPlayer": 23814,
      "magicDamageDealtPlayer": 139167,
      "physicalDamageTaken": 17834,
      "magicDamageTaken": 16206,
      "timePlayed": 2649,
      "totalHeal": 2651,
      "totalUnitsHealed": 1,
      "assists": 6,
      "item0": 3116,
      "item1": 3265,
      "item2": 3115,
      "item3": 3027,
      "item4": 3165,
      "item5": 3191,
      "item6": 3340,
      "magicDamageDealtToChampions": 35181,
      "physicalDamageDealtToChampions": 3200,
      "totalDamageDealtToChampions": 38381,
      "trueDamageDealtPlayer": 494,
      "trueDamageTaken": 1611,
      "wardPlaced": 8,
      "neutralMinionsKilledEnemyJungle": 5,
      "neutralMinionsKilledYourJungle": 12,
      "totalTimeCrowdControlDealt": 349
    }
  },
  "36109131": {
    "gameId": 825984464,
    "invalid": false,
    "gameMode": "CLASSIC",
    "gameType": "MATCHED_GAME",
    "subType": "RANKED_SOLO_5x5",
    "mapId": 1,
    "teamId": 100,
    "championId": 36,
    "spell1": 4,
    "spell2": 14,
    "level": 30,
    "ipEarned": 120,
    "createDate": 1399031920692,
    "fellowPlayers": [
      {
        "summonerId": 42325380,
        "teamId": 100,
        "championId": 22
      },
      {
        "summonerId": 29092000,
        "teamId": 200,
        "championId": 131
      },
      {
        "summonerId": 27625467,
        "teamId": 100,
        "championId": 76
      },
      {
        "summonerId": 22646726,
        "teamId": 200,
        "championId": 53
      },
      {
        "summonerId": 27248230,
        "teamId": 100,
        "championId": 64
      },
      {
        "summonerId": 20964467,
        "teamId": 200,
        "championId": 238
      },
      {
        "summonerId": 22564578,
        "teamId": 200,
        "championId": 110
      },
      {
        "summonerId": 33938103,
        "teamId": 200,
        "championId": 33
      },
      {
        "summonerId": 20151130,
        "teamId": 100,
        "championId": 89
      }
    ],
    "stats": {
      "level": 18,
      "goldEarned": 15482,
      "numDeaths": 5,
      "barracksKilled": 1,
      "turretsKilled": 2,
      "minionsKilled": 204,
      "championsKilled": 7,
      "goldSpent": 13280,
      "totalDamageDealt": 133116,
      "totalDamageTaken": 41125,
      "killingSprees": 2,
      "largestKillingSpree": 2,
      "team": 100,
      "win": true,
      "neutralMinionsKilled": 2,
      "largestMultiKill": 1,
      "physicalDamageDealtPlayer": 45518,
      "magicDamageDealtPlayer": 85335,
      "physicalDamageTaken": 21640,
      "magicDamageTaken": 18750,
      "timePlayed": 2649,
      "totalHeal": 12997,
      "totalUnitsHealed": 1,
      "assists": 15,
      "item0": 3143,
      "item1": 3083,
      "item2": 3047,
      "item3": 3068,
      "item4": 3065,
      "item6": 3340,
      "sightWardsBought": 3,
      "magicDamageDealtToChampions": 23057,
      "physicalDamageDealtToChampions": 5316,
      "totalDamageDealtToChampions": 30597,
      "trueDamageDealtPlayer": 2261,
      "trueDamageDealtToChampions": 2223,
      "trueDamageTaken": 734,
      "wardPlaced": 8,
      "neutralMinionsKilledEnemyJungle": 2,
      "totalTimeCrowdControlDealt": 651
    }
  }
}