{
  "38446466": {
    "gameId": 825982595,
    "invalid": false,
    "gameMode": "CLASSIC",
    "gameType": "MATCHED_GAME",
    "subType": "RANKED_SOLO_5x5",
    "mapId": 1,
    "teamId": 100,
    "championId": 24,
    "spell1": 14,
    "spell2": 4,
    "level": 30,
    "ipEarned": 51,
    "createDate": 1399030283492,
    "fellowPlayers": [
      {
        "summonerId": 42318943,
        "teamId": 200,
        "championId": 412
      },
      {
        "summonerId": 24459927,
        "teamId": 100,
        "championId": 61
      },
      {
        "summonerId": 34288883,
        "teamId": 100,
        "championId": 120
      },
      {
        "summonerId": 39785040,
        "teamId": 100,
        "championId": 89
      },
      {
        "summonerId": 41605713,
        "teamId": 200,
        "championId": 51
      },
      {
        "summonerId": 20413636,
        "teamId": 200,
        "championId": 23
      },
      {
        "summonerId": 27953729,
        "teamId": 200,
        "championId": 19
      },
      {
        "summonerId": 21688016,
        "teamId": 200,
        "championId": 134
      },
      {
        "summonerId": 22654703,
        "teamId": 100,
        "championId": 67
      }
    ],
    "stats": {
      "level": 8,
      "goldEarned": 3930,
      "numDeaths": 6,
      "minionsKilled": 68,
      "goldSpent": 5615,
      "totalDamageDealt": 23428,
      "totalDamageTaken": 12409,
      "team": 100,
      "win": false,
      "physicalDamageDealtPlayer": 21048,
      "magicDamageDealtPlayer": 2109,
      "physicalDamageTaken": 10821,
      "magicDamageTaken": 1145,
      "timePlayed": 1214,
      "totalHeal": 108,
      "totalUnitsHealed": 1,
      "item0": 1054,
      "item1": 1054,
      "item2": 1054,
      "item3": 1054,
      "item4": 1054,
      "item5": 1054,
      "item6": 3340,
      "magicDamageDealtToChampions": 716,
      "physicalDamageDealtToChampions": 4102,
      "totalDamageDealtToChampions": 5090,
      "trueDamageDealtPlayer": 270,
      "trueDamageDealtToChampions": 270,
      "trueDamageTaken": 442,
      "wardPlaced": 3,
      "totalTimeCrowdControlDealt": 29
    }
  },
  "summonerCount": 10,
  "24459927": {
    "gameId": 825982595,
    "invalid": false,
    "gameMode": "CLASSIC",
    "gameType": "MATCHED_GAME",
    "subType": "RANKED_SOLO_5x5",
    "mapId": 1,
    "teamId": 100,
    "championId": 61,
    "spell1": 4,
    "spell2": 14,
    "level": 30,
    "ipEarned": 51,
    "createDate": 1399030283490,
    "fellowPlayers": [
      {
        "summonerId": 42318943,
        "teamId": 200,
        "championId": 412
      },
      {
        "summonerId": 34288883,
        "teamId": 100,
        "championId": 120
      },
      {
        "summonerId": 39785040,
        "teamId": 100,
        "championId": 89
      },
      {
        "summonerId": 41605713,
        "teamId": 200,
        "championId": 51
      },
      {
        "summonerId": 20413636,
        "teamId": 200,
        "championId": 23
      },
      {
        "summonerId": 27953729,
        "teamId": 200,
        "championId": 19
      },
      {
        "summonerId": 21688016,
        "teamId": 200,
        "championId": 134
      },
      {
        "summonerId": 22654703,
        "teamId": 100,
        "championId": 67
      },
      {
        "summonerId": 38446466,
        "teamId": 100,
        "championId": 24
      }
    ],
    "stats": {
      "level": 12,
      "goldEarned": 5820,
      "numDeaths": 5,
      "minionsKilled": 117,
      "championsKilled": 3,
      "goldSpent": 4965,
      "totalDamageDealt": 52288,
      "totalDamageTaken": 9180,
      "doubleKills": 1,
      "killingSprees": 1,
      "largestKillingSpree": 2,
      "team": 100,
      "win": false,
      "neutralMinionsKilled": 3,
      "largestMultiKill": 2,
      "physicalDamageDealtPlayer": 8316,
      "magicDamageDealtPlayer": 43245,
      "physicalDamageTaken": 3962,
      "magicDamageTaken": 4845,
      "timePlayed": 1214,
      "totalHeal": 43,
      "totalUnitsHealed": 1,
      "item0": 1056,
      "item1": 3158,
      "item2": 3174,
      "item3": 1026,
      "item6": 3340,
      "magicDamageDealtToChampions": 5479,
      "physicalDamageDealtToChampions": 995,
      "totalDamageDealtToChampions": 7124,
      "trueDamageDealtPlayer": 727,
      "trueDamageDealtToChampions": 649,
      "trueDamageTaken": 372,
      "neutralMinionsKilledYourJungle": 3,
      "totalTimeCrowdControlDealt": 602
    }
  },
  "22654703": {
    "gameId": 825982595,
    "invalid": false,
    "gameMode": "CLASSIC",
    "gameType": "MATCHED_GAME",
    "subType": "RANKED_SOLO_5x5",
    "mapId": 1,
    "teamId": 100,
    "championId": 67,
    "spell1": 7,
    "spell2": 4,
    "level": 30,
    "ipEarned": 51,
    "createDate": 1399030283495,
    "fellowPlayers": [
      {
        "summonerId": 42318943,
        "teamId": 200,
        "championId": 412
      },
      {
        "summonerId": 24459927,
        "teamId": 100,
        "championId": 61
      },
      {
        "summonerId": 34288883,
        "teamId": 100,
        "championId": 120
      },
      {
        "summonerId": 39785040,
        "teamId": 100,
        "championId": 89
      },
      {
        "summonerId": 41605713,
        "teamId": 200,
        "championId": 51
      },
      {
        "summonerId": 20413636,
        "teamId": 200,
        "championId": 23
      },
      {
        "summonerId": 27953729,
        "teamId": 200,
        "championId": 19
      },
      {
        "summonerId": 21688016,
        "teamId": 200,
        "championId": 134
      },
      {
        "summonerId": 38446466,
        "teamId": 100,
        "championId": 24
      }
    ],
    "stats": {
      "level": 10,
      "goldEarned": 6130,
      "numDeaths": 5,
      "minionsKilled": 137,
      "championsKilled": 2,
      "goldSpent": 5915,
      "totalDamageDealt": 40740,
      "totalDamageTaken": 12764,
      "killingSprees": 1,
      "largestKillingSpree": 2,
      "team": 100,
      "win": false,
      "largestMultiKill": 1,
      "physicalDamageDealtPlayer": 35475,
      "magicDamageDealtPlayer": 652,
      "physicalDamageTaken": 7135,
      "magicDamageTaken": 5455,
      "largestCriticalStrike": 119,
      "timePlayed": 1214,
      "totalHeal": 1846,
      "totalUnitsHealed": 2,
      "assists": 3,
      "item0": 3153,
      "item1": 1042,
      "item2": 1042,
      "item3": 1051,
      "item4": 3006,
      "item5": 1055,
      "item6": 3340,
      "magicDamageDealtToChampions": 603,
      "physicalDamageDealtToChampions": 8489,
      "totalDamageDealtToChampions": 11943,
      "trueDamageDealtPlayer": 4611,
      "trueDamageDealtToChampions": 2850,
      "trueDamageTaken": 174,
      "wardPlaced": 2,
      "totalTimeCrowdControlDealt": 13
    }
  },
  "41605713": {
    "gameId": 825982595,
    "invalid": false,
    "gameMode": "CLASSIC",
    "gameType": "MATCHED_GAME",
    "subType": "RANKED_SOLO_5x5",
    "mapId": 1,
    "teamId": 200,
    "championId": 51,
    "spell1": 7,
    "spell2": 4,
    "level": 30,
    "ipEarned": 76,
    "createDate": 1399030283499,
    "fellowPlayers": [
      {
        "summonerId": 42318943,
        "teamId": 200,
        "championId": 412
      },
      {
        "summonerId": 24459927,
        "teamId": 100,
        "championId": 61
      },
      {
        "summonerId": 34288883,
        "teamId": 100,
        "championId": 120
      },
      {
        "summonerId": 39785040,
        "teamId": 100,
        "championId": 89
      },
      {
        "summonerId": 20413636,
        "teamId": 200,
        "championId": 23
      },
      {
        "summonerId": 27953729,
        "teamId": 200,
        "championId": 19
      },
      {
        "summonerId": 21688016,
        "teamId": 200,
        "championId": 134
      },
      {
        "summonerId": 22654703,
        "teamId": 100,
        "championId": 67
      },
      {
        "summonerId": 38446466,
        "teamId": 100,
        "championId": 24
      }
    ],
    "stats": {
      "level": 11,
      "goldEarned": 7111,
      "numDeaths": 2,
      "turretsKilled": 1,
      "minionsKilled": 127,
      "championsKilled": 1,
      "goldSpent": 5980,
      "totalDamageDealt": 60803,
      "totalDamageTaken": 9725,
      "team": 200,
      "win": true,
      "neutralMinionsKilled": 6,
      "largestMultiKill": 1,
      "physicalDamageDealtPlayer": 59914,
      "magicDamageDealtPlayer": 888,
      "physicalDamageTaken": 6917,
      "magicDamageTaken": 1718,
      "timePlayed": 1214,
      "totalHeal": 1340,
      "totalUnitsHealed": 1,
      "assists": 4,
      "item0": 1055,
      "item1": 3072,
      "item2": 1038,
      "item4": 1036,
      "item5": 1001,
      "item6": 3340,
      "magicDamageDealtToChampions": 346,
      "physicalDamageDealtToChampions": 7455,
      "totalDamageDealtToChampions": 7801,
      "trueDamageTaken": 1089,
      "wardPlaced": 2,
      "neutralMinionsKilledEnemyJungle": 4,
      "neutralMinionsKilledYourJungle": 2,
      "totalTimeCrowdControlDealt": 22
    }
  },
  "42318943": {
    "gameId": 825982595,
    "invalid": false,
    "gameMode": "CLASSIC",
    "gameType": "MATCHED_GAME",
    "subType": "RANKED_SOLO_5x5",
    "mapId": 1,
    "teamId": 200,
    "championId": 412,
    "spell1": 4,
    "spell2": 3,
    "level": 30,
    "ipEarned": 76,
    "createDate": 1399030283500,
    "fellowPlayers": [
      {
        "summonerId": 24459927,
        "teamId": 100,
        "championId": 61
      },
      {
        "summonerId": 34288883,
        "teamId": 100,
        "championId": 120
      },
      {
        "summonerId": 39785040,
        "teamId": 100,
        "championId": 89
      },
      {
        "summonerId": 41605713,
        "teamId": 200,
        "championId": 51
      },
      {
        "summonerId": 20413636,
        "teamId": 200,
        "championId": 23
      },
      {
        "summonerId": 27953729,
        "teamId": 200,
        "championId": 19
      },
      {
        "summonerId": 21688016,
        "teamId": 200,
        "championId": 134
      },
      {
        "summonerId": 22654703,
        "teamId": 100,
        "championId": 67
      },
      {
        "summonerId": 38446466,
        "teamId": 100,
        "championId": 24
      }
    ],
    "stats": {
      "level": 9,
      "goldEarned": 5571,
      "numDeaths": 3,
      "turretsKilled": 1,
      "minionsKilled": 15,
      "championsKilled": 4,
      "goldSpent": 5220,
      "totalDamageDealt": 11157,
      "totalDamageTaken": 8871,
      "doubleKills": 1,
      "team": 200,
      "win": true,
      "largestMultiKill": 2,
      "physicalDamageDealtPlayer": 3367,
      "magicDamageDealtPlayer": 7790,
      "physicalDamageTaken": 5184,
      "magicDamageTaken": 2363,
      "timePlayed": 1214,
      "totalHeal": 1017,
      "totalUnitsHealed": 1,
      "assists": 3,
      "item0": 3047,
      "item1": 2003,
      "item2": 3069,
      "item3": 2045,
      "item4": 2043,
      "item6": 3341,
      "sightWardsBought": 1,
      "visionWardsBought": 1,
      "magicDamageDealtToChampions": 3338,
      "physicalDamageDealtToChampions": 1370,
      "totalDamageDealtToChampions": 4709,
      "trueDamageTaken": 1323,
      "wardPlaced": 5,
      "totalTimeCrowdControlDealt": 79
    }
  },
  "21688016": {
    "gameId": 825982595,
    "invalid": false,
    "gameMode": "CLASSIC",
    "gameType": "MATCHED_GAME",
    "subType": "RANKED_SOLO_5x5",
    "mapId": 1,
    "teamId": 200,
    "championId": 134,
    "spell1": 4,
    "spell2": 14,
    "level": 30,
    "ipEarned": 76,
    "createDate": 1399030283497,
    "fellowPlayers": [
      {
        "summonerId": 42318943,
        "teamId": 200,
        "championId": 412
      },
      {
        "summonerId": 24459927,
        "teamId": 100,
        "championId": 61
      },
      {
        "summonerId": 34288883,
        "teamId": 100,
        "championId": 120
      },
      {
        "summonerId": 39785040,
        "teamId": 100,
        "championId": 89
      },
      {
        "summonerId": 41605713,
        "teamId": 200,
        "championId": 51
      },
      {
        "summonerId": 20413636,
        "teamId": 200,
        "championId": 23
      },
      {
        "summonerId": 27953729,
        "teamId": 200,
        "championId": 19
      },
      {
        "summonerId": 22654703,
        "teamId": 100,
        "championId": 67
      },
      {
        "summonerId": 38446466,
        "teamId": 100,
        "championId": 24
      }
    ],
    "stats": {
      "level": 13,
      "goldEarned": 8619,
      "numDeaths": 1,
      "minionsKilled": 145,
      "championsKilled": 7,
      "goldSpent": 8410,
      "totalDamageDealt": 67792,
      "totalDamageTaken": 5323,
      "doubleKills": 1,
      "killingSprees": 2,
      "largestKillingSpree": 5,
      "team": 200,
      "win": true,
      "neutralMinionsKilled": 2,
      "largestMultiKill": 2,
      "physicalDamageDealtPlayer": 12116,
      "magicDamageDealtPlayer": 54570,
      "physicalDamageTaken": 2248,
      "magicDamageTaken": 2714,
      "timePlayed": 1214,
      "totalHeal": 101,
      "totalUnitsHealed": 1,
      "item0": 3128,
      "item1": 2003,
      "item2": 1056,
      "item3": 3174,
      "item4": 3020,
      "item5": 1026,
      "item6": 3340,
      "magicDamageDealtToChampions": 7645,
      "physicalDamageDealtToChampions": 518,
      "totalDamageDealtToChampions": 8672,
      "trueDamageDealtPlayer": 1106,
      "trueDamageDealtToChampions": 508,
      "trueDamageTaken": 360,
      "wardPlaced": 4,
      "neutralMinionsKilledYourJungle": 2,
      "totalTimeCrowdControlDealt": 291
    }
  },
  "39785040": {
    "gameId": 825982595,
    "invalid": false,
    "gameMode": "CLASSIC",
    "gameType": "MATCHED_GAME",
    "subType": "RANKED_SOLO_5x5",
    "mapId": 1,
    "teamId": 100,
    "championId": 89,
    "spell1": 4,
    "spell2": 3,
    "level": 30,
    "ipEarned": 51,
    "createDate": 1399030283491,
    "fellowPlayers": [
      {
        "summonerId": 42318943,
        "teamId": 200,
        "championId": 412
      },
      {
        "summonerId": 24459927,
        "teamId": 100,
        "championId": 61
      },
      {
        "summonerId": 34288883,
        "teamId": 100,
        "championId": 120
      },
      {
        "summonerId": 41605713,
        "teamId": 200,
        "championId": 51
      },
      {
        "summonerId": 20413636,
        "teamId": 200,
        "championId": 23
      },
      {
        "summonerId": 27953729,
        "teamId": 200,
        "championId": 19
      },
      {
        "summonerId": 21688016,
        "teamId": 200,
        "championId": 134
      },
      {
        "summonerId": 22654703,
        "teamId": 100,
        "championId": 67
      },
      {
        "summonerId": 38446466,
        "teamId": 100,
        "championId": 24
      }
    ],
    "stats": {
      "level": 9,
      "goldEarned": 4576,
      "numDeaths": 2,
      "minionsKilled": 30,
      "championsKilled": 2,
      "goldSpent": 3975,
      "totalDamageDealt": 13606,
      "totalDamageTaken": 9795,
      "killingSprees": 1,
      "largestKillingSpree": 2,
      "team": 100,
      "win": false,
      "largestMultiKill": 1,
      "physicalDamageDealtPlayer": 4454,
      "magicDamageDealtPlayer": 5038,
      "physicalDamageTaken": 5724,
      "magicDamageTaken": 3296,
      "timePlayed": 1214,
      "totalHeal": 1186,
      "totalUnitsHealed": 2,
      "assists": 3,
      "item0": 3097,
      "item1": 3047,
      "item2": 2049,
      "item3": 3067,
      "item6": 3340,
      "sightWardsBought": 2,
      "visionWardsBought": 1,
      "magicDamageDealtToChampions": 2716,
      "physicalDamageDealtToChampions": 1462,
      "totalDamageDealtToChampions": 4179,
      "trueDamageDealtPlayer": 4113,
      "trueDamageTaken": 774,
      "wardPlaced": 12,
      "totalTimeCrowdControlDealt": 42
    }
  },
  "27953729": {
    "gameId": 825982595,
    "invalid": false,
    "gameMode": "CLASSIC",
    "gameType": "MATCHED_GAME",
    "subType": "RANKED_SOLO_5x5",
    "mapId": 1,
    "teamId": 200,
    "championId": 19,
    "spell1": 11,
    "spell2": 4,
    "level": 30,
    "ipEarned": 76,
    "createDate": 1399030283498,
    "fellowPlayers": [
      {
        "summonerId": 42318943,
        "teamId": 200,
        "championId": 412
      },
      {
        "summonerId": 24459927,
        "teamId": 100,
        "championId": 61
      },
      {
        "summonerId": 34288883,
        "teamId": 100,
        "championId": 120
      },
      {
        "summonerId": 39785040,
        "teamId": 100,
        "championId": 89
      },
      {
        "summonerId": 41605713,
        "teamId": 200,
        "championId": 51
      },
      {
        "summonerId": 20413636,
        "teamId": 200,
        "championId": 23
      },
      {
        "summonerId": 21688016,
        "teamId": 200,
        "championId": 134
      },
      {
        "summonerId": 22654703,
        "teamId": 100,
        "championId": 67
      },
      {
        "summonerId": 38446466,
        "teamId": 100,
        "championId": 24
      }
    ],
    "stats": {
      "level": 12,
      "goldEarned": 7488,
      "numDeaths": 2,
      "minionsKilled": 10,
      "championsKilled": 2,
      "goldSpent": 7085,
      "totalDamageDealt": 94797,
      "totalDamageTaken": 17476,
      "team": 200,
      "win": true,
      "neutralMinionsKilled": 80,
      "largestMultiKill": 1,
      "physicalDamageDealtPlayer": 48597,
      "magicDamageDealtPlayer": 37630,
      "physicalDamageTaken": 14261,
      "magicDamageTaken": 2128,
      "timePlayed": 1214,
      "totalHeal": 9593,
      "totalUnitsHealed": 1,
      "assists": 6,
      "item0": 3154,
      "item1": 3111,
      "item2": 3110,
      "item3": 1011,
      "item6": 3340,
      "visionWardsBought": 1,
      "magicDamageDealtToChampions": 4114,
      "physicalDamageDealtToChampions": 2053,
      "totalDamageDealtToChampions": 6913,
      "trueDamageDealtPlayer": 8570,
      "trueDamageDealtToChampions": 746,
      "trueDamageTaken": 1086,
      "wardKilled": 2,
      "wardPlaced": 4,
      "neutralMinionsKilledEnemyJungle": 12,
      "neutralMinionsKilledYourJungle": 68,
      "totalTimeCrowdControlDealt": 602
    }
  },
  "20413636": {
    "gameId": 825982595,
    "invalid": false,
    "gameMode": "CLASSIC",
    "gameType": "MATCHED_GAME",
    "subType": "RANKED_SOLO_5x5",
    "mapId": 1,
    "teamId": 200,
    "championId": 23,
    "spell1": 14,
    "spell2": 4,
    "level": 30,
    "ipEarned": 76,
    "createDate": 1399030283496,
    "fellowPlayers": [
      {
        "summonerId": 42318943,
        "teamId": 200,
        "championId": 412
      },
      {
        "summonerId": 24459927,
        "teamId": 100,
        "championId": 61
      },
      {
        "summonerId": 34288883,
        "teamId": 100,
        "championId": 120
      },
      {
        "summonerId": 39785040,
        "teamId": 100,
        "championId": 89
      },
      {
        "summonerId": 41605713,
        "teamId": 200,
        "championId": 51
      },
      {
        "summonerId": 27953729,
        "teamId": 200,
        "championId": 19
      },
      {
        "summonerId": 21688016,
        "teamId": 200,
        "championId": 134
      },
      {
        "summonerId": 22654703,
        "teamId": 100,
        "championId": 67
      },
      {
        "summonerId": 38446466,
        "teamId": 100,
        "championId": 24
      }
    ],
    "stats": {
      "level": 15,
      "goldEarned": 9500,
      "turretsKilled": 2,
      "minionsKilled": 154,
      "championsKilled": 8,
      "goldSpent": 7065,
      "totalDamageDealt": 129161,
      "totalDamageTaken": 20410,
      "doubleKills": 1,
      "tripleKills": 1,
      "killingSprees": 1,
      "largestKillingSpree": 8,
      "team": 200,
      "win": true,
      "neutralMinionsKilled": 18,
      "largestMultiKill": 3,
      "physicalDamageDealtPlayer": 106711,
      "magicDamageDealtPlayer": 20606,
      "physicalDamageTaken": 18425,
      "magicDamageTaken": 1359,
      "largestCriticalStrike": 392,
      "timePlayed": 1214,
      "totalHeal": 5225,
      "totalUnitsHealed": 1,
      "assists": 1,
      "item0": 3087,
      "item1": 3153,
      "item2": 3006,
      "item6": 3340,
      "sightWardsBought": 2,
      "magicDamageDealtToChampions": 1517,
      "physicalDamageDealtToChampions": 12374,
      "totalDamageDealtToChampions": 14673,
      "trueDamageDealtPlayer": 1844,
      "trueDamageDealtToChampions": 782,
      "trueDamageTaken": 625,
      "wardPlaced": 6,
      "neutralMinionsKilledEnemyJungle": 10,
      "neutralMinionsKilledYourJungle": 8,
      "totalTimeCrowdControlDealt": 235
    }
  },
  "38446466": {
    "gameId": 825982595,
    "invalid": false,
    "gameMode": "CLASSIC",
    "gameType": "MATCHED_GAME",
    "subType": "RANKED_SOLO_5x5",
    "mapId": 1,
    "teamId": 100,
    "championId": 24,
    "spell1": 14,
    "spell2": 4,
    "level": 30,
    "ipEarned": 51,
    "createDate": 1399030283492,
    "fellowPlayers": [
      {
        "summonerId": 42318943,
        "teamId": 200,
        "championId": 412
      },
      {
        "summonerId": 24459927,
        "teamId": 100,
        "championId": 61
      },
      {
        "summonerId": 34288883,
        "teamId": 100,
        "championId": 120
      },
      {
        "summonerId": 39785040,
        "teamId": 100,
        "championId": 89
      },
      {
        "summonerId": 41605713,
        "teamId": 200,
        "championId": 51
      },
      {
        "summonerId": 20413636,
        "teamId": 200,
        "championId": 23
      },
      {
        "summonerId": 27953729,
        "teamId": 200,
        "championId": 19
      },
      {
        "summonerId": 21688016,
        "teamId": 200,
        "championId": 134
      },
      {
        "summonerId": 22654703,
        "teamId": 100,
        "championId": 67
      }
    ],
    "stats": {
      "level": 8,
      "goldEarned": 3930,
      "numDeaths": 6,
      "minionsKilled": 68,
      "goldSpent": 5615,
      "totalDamageDealt": 23428,
      "totalDamageTaken": 12409,
      "team": 100,
      "win": false,
      "physicalDamageDealtPlayer": 21048,
      "magicDamageDealtPlayer": 2109,
      "physicalDamageTaken": 10821,
      "magicDamageTaken": 1145,
      "timePlayed": 1214,
      "totalHeal": 108,
      "totalUnitsHealed": 1,
      "item0": 1054,
      "item1": 1054,
      "item2": 1054,
      "item3": 1054,
      "item4": 1054,
      "item5": 1054,
      "item6": 3340,
      "magicDamageDealtToChampions": 716,
      "physicalDamageDealtToChampions": 4102,
      "totalDamageDealtToChampions": 5090,
      "trueDamageDealtPlayer": 270,
      "trueDamageDealtToChampions": 270,
      "trueDamageTaken": 442,
      "wardPlaced": 3,
      "totalTimeCrowdControlDealt": 29
    }
  }
}