{
  "33857706": {
    "gameId": 825976388,
    "invalid": false,
    "gameMode": "CLASSIC",
    "gameType": "MATCHED_GAME",
    "subType": "RANKED_SOLO_5x5",
    "mapId": 1,
    "teamId": 200,
    "championId": 58,
    "spell1": 4,
    "spell2": 14,
    "level": 30,
    "ipEarned": 113,
    "createDate": 1399031766444,
    "fellowPlayers": [
      {
        "summonerId": 26683002,
        "teamId": 200,
        "championId": 24
      },
      {
        "summonerId": 25929737,
        "teamId": 200,
        "championId": 103
      },
      {
        "summonerId": 34988299,
        "teamId": 200,
        "championId": 22
      },
      {
        "summonerId": 39516359,
        "teamId": 100,
        "championId": 238
      },
      {
        "summonerId": 39808683,
        "teamId": 100,
        "championId": 25
      },
      {
        "summonerId": 38236771,
        "teamId": 100,
        "championId": 19
      },
      {
        "summonerId": 32633350,
        "teamId": 200,
        "championId": 12
      },
      {
        "summonerId": 24624017,
        "teamId": 100,
        "championId": 119
      },
      {
        "summonerId": 39493270,
        "teamId": 100,
        "championId": 121
      }
    ],
    "stats": {
      "level": 18,
      "goldEarned": 15296,
      "numDeaths": 6,
      "minionsKilled": 271,
      "championsKilled": 6,
      "goldSpent": 13785,
      "totalDamageDealt": 234465,
      "totalDamageTaken": 44269,
      "doubleKills": 1,
      "killingSprees": 1,
      "largestKillingSpree": 3,
      "team": 200,
      "win": true,
      "neutralMinionsKilled": 29,
      "largestMultiKill": 2,
      "physicalDamageDealtPlayer": 215275,
      "magicDamageDealtPlayer": 17392,
      "physicalDamageTaken": 31695,
      "magicDamageTaken": 10564,
      "timePlayed": 2478,
      "totalHeal": 8010,
      "totalUnitsHealed": 1,
      "assists": 9,
      "item0": 3065,
      "item1": 3068,
      "item2": 3074,
      "item3": 3035,
      "item4": 3260,
      "item6": 3340,
      "sightWardsBought": 2,
      "magicDamageDealtToChampions": 2869,
      "physicalDamageDealtToChampions": 23866,
      "totalDamageDealtToChampions": 28445,
      "trueDamageDealtPlayer": 1798,
      "trueDamageDealtToChampions": 1710,
      "trueDamageTaken": 2010,
      "wardPlaced": 8,
      "neutralMinionsKilledEnemyJungle": 16,
      "neutralMinionsKilledYourJungle": 13,
      "totalTimeCrowdControlDealt": 69
    }
  },
  "summonerCount": 10,
  "39516359": {
    "gameId": 825976388,
    "invalid": false,
    "gameMode": "CLASSIC",
    "gameType": "MATCHED_GAME",
    "subType": "RANKED_SOLO_5x5",
    "mapId": 1,
    "teamId": 100,
    "championId": 238,
    "spell1": 4,
    "spell2": 14,
    "level": 30,
    "ipEarned": 74,
    "createDate": 1399031766437,
    "fellowPlayers": [
      {
        "summonerId": 26683002,
        "teamId": 200,
        "championId": 24
      },
      {
        "summonerId": 25929737,
        "teamId": 200,
        "championId": 103
      },
      {
        "summonerId": 33857706,
        "teamId": 200,
        "championId": 58
      },
      {
        "summonerId": 34988299,
        "teamId": 200,
        "championId": 22
      },
      {
        "summonerId": 39808683,
        "teamId": 100,
        "championId": 25
      },
      {
        "summonerId": 38236771,
        "teamId": 100,
        "championId": 19
      },
      {
        "summonerId": 32633350,
        "teamId": 200,
        "championId": 12
      },
      {
        "summonerId": 24624017,
        "teamId": 100,
        "championId": 119
      },
      {
        "summonerId": 39493270,
        "teamId": 100,
        "championId": 121
      }
    ],
    "stats": {
      "level": 18,
      "goldEarned": 13216,
      "numDeaths": 5,
      "turretsKilled": 2,
      "minionsKilled": 181,
      "championsKilled": 4,
      "goldSpent": 11852,
      "totalDamageDealt": 156607,
      "totalDamageTaken": 28360,
      "killingSprees": 1,
      "largestKillingSpree": 2,
      "team": 100,
      "win": false,
      "neutralMinionsKilled": 29,
      "largestMultiKill": 1,
      "physicalDamageDealtPlayer": 149104,
      "magicDamageDealtPlayer": 7014,
      "physicalDamageTaken": 18376,
      "magicDamageTaken": 7632,
      "timePlayed": 2478,
      "totalHeal": 762,
      "totalUnitsHealed": 1,
      "assists": 10,
      "item0": 3134,
      "item1": 1037,
      "item2": 3153,
      "item3": 3265,
      "item4": 3156,
      "item5": 1011,
      "item6": 3340,
      "sightWardsBought": 1,
      "magicDamageDealtToChampions": 956,
      "physicalDamageDealtToChampions": 16905,
      "totalDamageDealtToChampions": 18350,
      "trueDamageDealtPlayer": 488,
      "trueDamageDealtToChampions": 488,
      "trueDamageTaken": 2351,
      "wardPlaced": 27,
      "neutralMinionsKilledEnemyJungle": 1,
      "neutralMinionsKilledYourJungle": 28,
      "totalTimeCrowdControlDealt": 143
    }
  },
  "39493270": {
    "gameId": 825976388,
    "invalid": false,
    "gameMode": "CLASSIC",
    "gameType": "MATCHED_GAME",
    "subType": "RANKED_SOLO_5x5",
    "mapId": 1,
    "teamId": 100,
    "championId": 121,
    "spell1": 4,
    "spell2": 11,
    "level": 30,
    "ipEarned": 74,
    "createDate": 1399031766438,
    "fellowPlayers": [
      {
        "summonerId": 26683002,
        "teamId": 200,
        "championId": 24
      },
      {
        "summonerId": 25929737,
        "teamId": 200,
        "championId": 103
      },
      {
        "summonerId": 33857706,
        "teamId": 200,
        "championId": 58
      },
      {
        "summonerId": 34988299,
        "teamId": 200,
        "championId": 22
      },
      {
        "summonerId": 39516359,
        "teamId": 100,
        "championId": 238
      },
      {
        "summonerId": 39808683,
        "teamId": 100,
        "championId": 25
      },
      {
        "summonerId": 38236771,
        "teamId": 100,
        "championId": 19
      },
      {
        "summonerId": 32633350,
        "teamId": 200,
        "championId": 12
      },
      {
        "summonerId": 24624017,
        "teamId": 100,
        "championId": 119
      }
    ],
    "stats": {
      "level": 18,
      "goldEarned": 13838,
      "numDeaths": 11,
      "minionsKilled": 77,
      "championsKilled": 6,
      "goldSpent": 13485,
      "totalDamageDealt": 153919,
      "totalDamageTaken": 43462,
      "killingSprees": 2,
      "largestKillingSpree": 2,
      "team": 100,
      "win": false,
      "neutralMinionsKilled": 63,
      "largestMultiKill": 1,
      "physicalDamageDealtPlayer": 125829,
      "magicDamageDealtPlayer": 2464,
      "physicalDamageTaken": 23556,
      "magicDamageTaken": 15129,
      "timePlayed": 2478,
      "totalHeal": 8307,
      "totalUnitsHealed": 1,
      "assists": 13,
      "item0": 3074,
      "item1": 3143,
      "item2": 3065,
      "item3": 3209,
      "item4": 3275,
      "item5": 1028,
      "item6": 3340,
      "magicDamageDealtToChampions": 1822,
      "physicalDamageDealtToChampions": 16486,
      "totalDamageDealtToChampions": 20919,
      "trueDamageDealtPlayer": 25625,
      "trueDamageDealtToChampions": 2610,
      "trueDamageTaken": 4776,
      "wardPlaced": 12,
      "neutralMinionsKilledEnemyJungle": 2,
      "neutralMinionsKilledYourJungle": 61,
      "totalTimeCrowdControlDealt": 702
    }
  },
  "25929737": {
    "gameId": 825976388,
    "invalid": false,
    "gameMode": "CLASSIC",
    "gameType": "MATCHED_GAME",
    "subType": "RANKED_SOLO_5x5",
    "mapId": 1,
    "teamId": 200,
    "championId": 103,
    "spell1": 7,
    "spell2": 4,
    "level": 30,
    "ipEarned": 263,
    "createDate": 1399031766440,
    "fellowPlayers": [
      {
        "summonerId": 26683002,
        "teamId": 200,
        "championId": 24
      },
      {
        "summonerId": 33857706,
        "teamId": 200,
        "championId": 58
      },
      {
        "summonerId": 34988299,
        "teamId": 200,
        "championId": 22
      },
      {
        "summonerId": 39516359,
        "teamId": 100,
        "championId": 238
      },
      {
        "summonerId": 39808683,
        "teamId": 100,
        "championId": 25
      },
      {
        "summonerId": 38236771,
        "teamId": 100,
        "championId": 19
      },
      {
        "summonerId": 32633350,
        "teamId": 200,
        "championId": 12
      },
      {
        "summonerId": 24624017,
        "teamId": 100,
        "championId": 119
      },
      {
        "summonerId": 39493270,
        "teamId": 100,
        "championId": 121
      }
    ],
    "stats": {
      "level": 18,
      "goldEarned": 17474,
      "numDeaths": 9,
      "barracksKilled": 1,
      "minionsKilled": 195,
      "championsKilled": 17,
      "goldSpent": 16110,
      "totalDamageDealt": 185238,
      "totalDamageTaken": 30328,
      "doubleKills": 4,
      "killingSprees": 3,
      "largestKillingSpree": 6,
      "team": 200,
      "win": true,
      "neutralMinionsKilled": 10,
      "largestMultiKill": 2,
      "physicalDamageDealtPlayer": 23340,
      "magicDamageDealtPlayer": 114370,
      "physicalDamageTaken": 24033,
      "magicDamageTaken": 5158,
      "timePlayed": 2478,
      "totalHeal": 7280,
      "totalUnitsHealed": 4,
      "assists": 16,
      "item0": 3255,
      "item1": 3128,
      "item2": 3157,
      "item3": 3135,
      "item4": 3089,
      "item5": 1031,
      "item6": 3340,
      "magicDamageDealtToChampions": 35418,
      "physicalDamageDealtToChampions": 3236,
      "totalDamageDealtToChampions": 49201,
      "trueDamageDealtPlayer": 47527,
      "trueDamageDealtToChampions": 10547,
      "trueDamageTaken": 1136,
      "wardPlaced": 7,
      "neutralMinionsKilledEnemyJungle": 1,
      "neutralMinionsKilledYourJungle": 9,
      "totalTimeCrowdControlDealt": 115
    }
  },
  "38236771": {
    "gameId": 825976388,
    "invalid": false,
    "gameMode": "CLASSIC",
    "gameType": "MATCHED_GAME",
    "subType": "RANKED_SOLO_5x5",
    "mapId": 1,
    "teamId": 100,
    "championId": 19,
    "spell1": 4,
    "spell2": 14,
    "level": 30,
    "ipEarned": 74,
    "createDate": 1399031766434,
    "fellowPlayers": [
      {
        "summonerId": 26683002,
        "teamId": 200,
        "championId": 24
      },
      {
        "summonerId": 25929737,
        "teamId": 200,
        "championId": 103
      },
      {
        "summonerId": 33857706,
        "teamId": 200,
        "championId": 58
      },
      {
        "summonerId": 34988299,
        "teamId": 200,
        "championId": 22
      },
      {
        "summonerId": 39516359,
        "teamId": 100,
        "championId": 238
      },
      {
        "summonerId": 39808683,
        "teamId": 100,
        "championId": 25
      },
      {
        "summonerId": 32633350,
        "teamId": 200,
        "championId": 12
      },
      {
        "summonerId": 24624017,
        "teamId": 100,
        "championId": 119
      },
      {
        "summonerId": 39493270,
        "teamId": 100,
        "championId": 121
      }
    ],
    "stats": {
      "level": 18,
      "goldEarned": 12806,
      "numDeaths": 11,
      "turretsKilled": 1,
      "minionsKilled": 132,
      "championsKilled": 5,
      "goldSpent": 12900,
      "totalDamageDealt": 102560,
      "totalDamageTaken": 52592,
      "team": 100,
      "win": false,
      "neutralMinionsKilled": 6,
      "largestMultiKill": 1,
      "physicalDamageDealtPlayer": 65035,
      "magicDamageDealtPlayer": 35181,
      "physicalDamageTaken": 39313,
      "magicDamageTaken": 10420,
      "timePlayed": 2478,
      "totalHeal": 14917,
      "totalUnitsHealed": 1,
      "assists": 12,
      "item0": 3153,
      "item1": 3111,
      "item2": 3068,
      "item3": 3022,
      "item4": 3211,
      "item5": 1028,
      "item6": 3340,
      "magicDamageDealtToChampions": 13634,
      "physicalDamageDealtToChampions": 10312,
      "totalDamageDealtToChampions": 25796,
      "trueDamageDealtPlayer": 2344,
      "trueDamageDealtToChampions": 1850,
      "trueDamageTaken": 2858,
      "wardPlaced": 11,
      "neutralMinionsKilledYourJungle": 6,
      "totalTimeCrowdControlDealt": 158
    }
  },
  "32633350": {
    "gameId": 825976388,
    "invalid": false,
    "gameMode": "CLASSIC",
    "gameType": "MATCHED_GAME",
    "subType": "RANKED_SOLO_5x5",
    "mapId": 1,
    "teamId": 200,
    "championId": 12,
    "spell1": 4,
    "spell2": 14,
    "level": 30,
    "ipEarned": 263,
    "createDate": 1399031766442,
    "fellowPlayers": [
      {
        "summonerId": 26683002,
        "teamId": 200,
        "championId": 24
      },
      {
        "summonerId": 25929737,
        "teamId": 200,
        "championId": 103
      },
      {
        "summonerId": 33857706,
        "teamId": 200,
        "championId": 58
      },
      {
        "summonerId": 34988299,
        "teamId": 200,
        "championId": 22
      },
      {
        "summonerId": 39516359,
        "teamId": 100,
        "championId": 238
      },
      {
        "summonerId": 39808683,
        "teamId": 100,
        "championId": 25
      },
      {
        "summonerId": 38236771,
        "teamId": 100,
        "championId": 19
      },
      {
        "summonerId": 24624017,
        "teamId": 100,
        "championId": 119
      },
      {
        "summonerId": 39493270,
        "teamId": 100,
        "championId": 121
      }
    ],
    "stats": {
      "level": 17,
      "goldEarned": 11281,
      "numDeaths": 5,
      "minionsKilled": 58,
      "championsKilled": 3,
      "goldSpent": 9890,
      "totalDamageDealt": 38665,
      "totalDamageTaken": 34257,
      "team": 200,
      "win": true,
      "largestMultiKill": 1,
      "physicalDamageDealtPlayer": 14262,
      "magicDamageDealtPlayer": 18101,
      "physicalDamageTaken": 27869,
      "magicDamageTaken": 5185,
      "timePlayed": 2478,
      "totalHeal": 21454,
      "totalUnitsHealed": 59,
      "assists": 21,
      "item0": 3401,
      "item1": 3190,
      "item2": 3068,
      "item3": 3260,
      "item6": 3340,
      "sightWardsBought": 6,
      "magicDamageDealtToChampions": 5468,
      "physicalDamageDealtToChampions": 2487,
      "totalDamageDealtToChampions": 8836,
      "trueDamageDealtPlayer": 6301,
      "trueDamageDealtToChampions": 880,
      "trueDamageTaken": 1201,
      "wardPlaced": 13,
      "totalTimeCrowdControlDealt": 89
    }
  },
  "39808683": {
    "gameId": 825976388,
    "invalid": false,
    "gameMode": "CLASSIC",
    "gameType": "MATCHED_GAME",
    "subType": "RANKED_SOLO_5x5",
    "mapId": 1,
    "teamId": 100,
    "championId": 25,
    "spell1": 7,
    "spell2": 4,
    "level": 30,
    "ipEarned": 74,
    "createDate": 1399031766433,
    "fellowPlayers": [
      {
        "summonerId": 26683002,
        "teamId": 200,
        "championId": 24
      },
      {
        "summonerId": 25929737,
        "teamId": 200,
        "championId": 103
      },
      {
        "summonerId": 33857706,
        "teamId": 200,
        "championId": 58
      },
      {
        "summonerId": 34988299,
        "teamId": 200,
        "championId": 22
      },
      {
        "summonerId": 39516359,
        "teamId": 100,
        "championId": 238
      },
      {
        "summonerId": 38236771,
        "teamId": 100,
        "championId": 19
      },
      {
        "summonerId": 32633350,
        "teamId": 200,
        "championId": 12
      },
      {
        "summonerId": 24624017,
        "teamId": 100,
        "championId": 119
      },
      {
        "summonerId": 39493270,
        "teamId": 100,
        "championId": 121
      }
    ],
    "stats": {
      "level": 17,
      "goldEarned": 13381,
      "numDeaths": 9,
      "minionsKilled": 19,
      "championsKilled": 4,
      "goldSpent": 14220,
      "totalDamageDealt": 42492,
      "totalDamageTaken": 28957,
      "killingSprees": 1,
      "largestKillingSpree": 2,
      "team": 100,
      "win": false,
      "largestMultiKill": 1,
      "physicalDamageDealtPlayer": 6312,
      "magicDamageDealtPlayer": 36180,
      "physicalDamageTaken": 12744,
      "magicDamageTaken": 13664,
      "timePlayed": 2478,
      "totalHeal": 7565,
      "totalUnitsHealed": 5,
      "assists": 24,
      "item0": 3222,
      "item1": 3069,
      "item2": 3143,
      "item3": 2045,
      "item4": 3152,
      "item5": 3255,
      "item6": 3341,
      "sightWardsBought": 1,
      "magicDamageDealtToChampions": 19306,
      "physicalDamageDealtToChampions": 1861,
      "totalDamageDealtToChampions": 21167,
      "trueDamageTaken": 2549,
      "wardKilled": 4,
      "wardPlaced": 24,
      "totalTimeCrowdControlDealt": 206
    }
  },
  "24624017": {
    "gameId": 825976388,
    "invalid": false,
    "gameMode": "CLASSIC",
    "gameType": "MATCHED_GAME",
    "subType": "RANKED_SOLO_5x5",
    "mapId": 1,
    "teamId": 100,
    "championId": 119,
    "spell1": 4,
    "spell2": 21,
    "level": 30,
    "ipEarned": 74,
    "createDate": 1399031766435,
    "fellowPlayers": [
      {
        "summonerId": 26683002,
        "teamId": 200,
        "championId": 24
      },
      {
        "summonerId": 25929737,
        "teamId": 200,
        "championId": 103
      },
      {
        "summonerId": 33857706,
        "teamId": 200,
        "championId": 58
      },
      {
        "summonerId": 34988299,
        "teamId": 200,
        "championId": 22
      },
      {
        "summonerId": 39516359,
        "teamId": 100,
        "championId": 238
      },
      {
        "summonerId": 39808683,
        "teamId": 100,
        "championId": 25
      },
      {
        "summonerId": 38236771,
        "teamId": 100,
        "championId": 19
      },
      {
        "summonerId": 32633350,
        "teamId": 200,
        "championId": 12
      },
      {
        "summonerId": 39493270,
        "teamId": 100,
        "championId": 121
      }
    ],
    "stats": {
      "level": 18,
      "goldEarned": 20643,
      "numDeaths": 12,
      "barracksKilled": 1,
      "turretsKilled": 1,
      "minionsKilled": 219,
      "championsKilled": 21,
      "goldSpent": 20655,
      "totalDamageDealt": 221935,
      "totalDamageTaken": 41735,
      "doubleKills": 3,
      "tripleKills": 1,
      "killingSprees": 6,
      "largestKillingSpree": 7,
      "team": 100,
      "win": false,
      "neutralMinionsKilled": 12,
      "largestMultiKill": 3,
      "physicalDamageDealtPlayer": 220229,
      "physicalDamageTaken": 24164,
      "magicDamageTaken": 14539,
      "largestCriticalStrike": 1355,
      "timePlayed": 2478,
      "totalHeal": 2614,
      "totalUnitsHealed": 1,
      "assists": 10,
      "item0": 3072,
      "item1": 3026,
      "item2": 3046,
      "item3": 3046,
      "item4": 3031,
      "item5": 3035,
      "item6": 3340,
      "physicalDamageDealtToChampions": 55477,
      "totalDamageDealtToChampions": 56781,
      "trueDamageDealtPlayer": 1706,
      "trueDamageDealtToChampions": 1304,
      "trueDamageTaken": 3031,
      "wardPlaced": 1,
      "neutralMinionsKilledEnemyJungle": 3,
      "neutralMinionsKilledYourJungle": 9,
      "totalTimeCrowdControlDealt": 409
    }
  },
  "26683002": {
    "gameId": 825976388,
    "invalid": false,
    "gameMode": "CLASSIC",
    "gameType": "MATCHED_GAME",
    "subType": "RANKED_SOLO_5x5",
    "mapId": 1,
    "teamId": 200,
    "championId": 24,
    "spell1": 11,
    "spell2": 4,
    "level": 30,
    "ipEarned": 263,
    "createDate": 1399031766441,
    "fellowPlayers": [
      {
        "summonerId": 25929737,
        "teamId": 200,
        "championId": 103
      },
      {
        "summonerId": 33857706,
        "teamId": 200,
        "championId": 58
      },
      {
        "summonerId": 34988299,
        "teamId": 200,
        "championId": 22
      },
      {
        "summonerId": 39516359,
        "teamId": 100,
        "championId": 238
      },
      {
        "summonerId": 39808683,
        "teamId": 100,
        "championId": 25
      },
      {
        "summonerId": 38236771,
        "teamId": 100,
        "championId": 19
      },
      {
        "summonerId": 32633350,
        "teamId": 200,
        "championId": 12
      },
      {
        "summonerId": 24624017,
        "teamId": 100,
        "championId": 119
      },
      {
        "summonerId": 39493270,
        "teamId": 100,
        "championId": 121
      }
    ],
    "stats": {
      "level": 18,
      "goldEarned": 16622,
      "numDeaths": 9,
      "turretsKilled": 2,
      "minionsKilled": 94,
      "championsKilled": 16,
      "goldSpent": 16218,
      "totalDamageDealt": 165755,
      "totalDamageTaken": 41359,
      "doubleKills": 2,
      "killingSprees": 5,
      "largestKillingSpree": 4,
      "team": 200,
      "win": true,
      "neutralMinionsKilled": 64,
      "largestMultiKill": 2,
      "physicalDamageDealtPlayer": 111056,
      "magicDamageDealtPlayer": 36519,
      "physicalDamageTaken": 30636,
      "magicDamageTaken": 9225,
      "largestCriticalStrike": 664,
      "timePlayed": 2478,
      "totalHeal": 2192,
      "totalUnitsHealed": 1,
      "assists": 12,
      "item0": 3146,
      "item1": 3047,
      "item2": 3207,
      "item3": 3124,
      "item4": 3078,
      "item5": 3153,
      "item6": 3341,
      "magicDamageDealtToChampions": 10989,
      "physicalDamageDealtToChampions": 22766,
      "totalDamageDealtToChampions": 34918,
      "trueDamageDealtPlayer": 18180,
      "trueDamageDealtToChampions": 1162,
      "trueDamageTaken": 1497,
      "wardKilled": 2,
      "wardPlaced": 9,
      "neutralMinionsKilledEnemyJungle": 12,
      "neutralMinionsKilledYourJungle": 52,
      "totalTimeCrowdControlDealt": 687
    }
  },
  "33857706": {
    "gameId": 825976388,
    "invalid": false,
    "gameMode": "CLASSIC",
    "gameType": "MATCHED_GAME",
    "subType": "RANKED_SOLO_5x5",
    "mapId": 1,
    "teamId": 200,
    "championId": 58,
    "spell1": 4,
    "spell2": 14,
    "level": 30,
    "ipEarned": 113,
    "createDate": 1399031766444,
    "fellowPlayers": [
      {
        "summonerId": 26683002,
        "teamId": 200,
        "championId": 24
      },
      {
        "summonerId": 25929737,
        "teamId": 200,
        "championId": 103
      },
      {
        "summonerId": 34988299,
        "teamId": 200,
        "championId": 22
      },
      {
        "summonerId": 39516359,
        "teamId": 100,
        "championId": 238
      },
      {
        "summonerId": 39808683,
        "teamId": 100,
        "championId": 25
      },
      {
        "summonerId": 38236771,
        "teamId": 100,
        "championId": 19
      },
      {
        "summonerId": 32633350,
        "teamId": 200,
        "championId": 12
      },
      {
        "summonerId": 24624017,
        "teamId": 100,
        "championId": 119
      },
      {
        "summonerId": 39493270,
        "teamId": 100,
        "championId": 121
      }
    ],
    "stats": {
      "level": 18,
      "goldEarned": 15296,
      "numDeaths": 6,
      "minionsKilled": 271,
      "championsKilled": 6,
      "goldSpent": 13785,
      "totalDamageDealt": 234465,
      "totalDamageTaken": 44269,
      "doubleKills": 1,
      "killingSprees": 1,
      "largestKillingSpree": 3,
      "team": 200,
      "win": true,
      "neutralMinionsKilled": 29,
      "largestMultiKill": 2,
      "physicalDamageDealtPlayer": 215275,
      "magicDamageDealtPlayer": 17392,
      "physicalDamageTaken": 31695,
      "magicDamageTaken": 10564,
      "timePlayed": 2478,
      "totalHeal": 8010,
      "totalUnitsHealed": 1,
      "assists": 9,
      "item0": 3065,
      "item1": 3068,
      "item2": 3074,
      "item3": 3035,
      "item4": 3260,
      "item6": 3340,
      "sightWardsBought": 2,
      "magicDamageDealtToChampions": 2869,
      "physicalDamageDealtToChampions": 23866,
      "totalDamageDealtToChampions": 28445,
      "trueDamageDealtPlayer": 1798,
      "trueDamageDealtToChampions": 1710,
      "trueDamageTaken": 2010,
      "wardPlaced": 8,
      "neutralMinionsKilledEnemyJungle": 16,
      "neutralMinionsKilledYourJungle": 13,
      "totalTimeCrowdControlDealt": 69
    }
  }
}