{
  "44264756": {
    "gameId": 825966979,
    "invalid": false,
    "gameMode": "CLASSIC",
    "gameType": "MATCHED_GAME",
    "subType": "RANKED_SOLO_5x5",
    "mapId": 1,
    "teamId": 200,
    "championId": 5,
    "spell1": 11,
    "spell2": 4,
    "level": 30,
    "ipEarned": 62,
    "createDate": 1399029831828,
    "fellowPlayers": [
      {
        "summonerId": 26085248,
        "teamId": 200,
        "championId": 119
      },
      {
        "summonerId": 22707922,
        "teamId": 100,
        "championId": 67
      },
      {
        "summonerId": 36473278,
        "teamId": 100,
        "championId": 13
      },
      {
        "summonerId": 28316991,
        "teamId": 100,
        "championId": 2
      },
      {
        "summonerId": 24191134,
        "teamId": 200,
        "championId": 157
      },
      {
        "summonerId": 36694915,
        "teamId": 200,
        "championId": 10
      },
      {
        "summonerId": 26930081,
        "teamId": 100,
        "championId": 254
      },
      {
        "summonerId": 25127169,
        "teamId": 100,
        "championId": 412
      },
      {
        "summonerId": 27226687,
        "teamId": 200,
        "championId": 12
      }
    ],
    "stats": {
      "level": 16,
      "goldEarned": 10503,
      "numDeaths": 3,
      "minionsKilled": 32,
      "championsKilled": 3,
      "goldSpent": 10135,
      "totalDamageDealt": 131181,
      "totalDamageTaken": 26723,
      "team": 200,
      "win": false,
      "neutralMinionsKilled": 82,
      "largestMultiKill": 1,
      "physicalDamageDealtPlayer": 83556,
      "magicDamageDealtPlayer": 34791,
      "physicalDamageTaken": 19076,
      "magicDamageTaken": 5215,
      "largestCriticalStrike": 456,
      "timePlayed": 1982,
      "totalHeal": 8989,
      "totalUnitsHealed": 1,
      "assists": 7,
      "item0": 3160,
      "item1": 3143,
      "item2": 3142,
      "item3": 3111,
      "item4": 3082,
      "item6": 3341,
      "sightWardsBought": 3,
      "magicDamageDealtToChampions": 853,
      "physicalDamageDealtToChampions": 8735,
      "totalDamageDealtToChampions": 10041,
      "trueDamageDealtPlayer": 12834,
      "trueDamageDealtToChampions": 452,
      "trueDamageTaken": 2430,
      "wardKilled": 1,
      "wardPlaced": 7,
      "neutralMinionsKilledEnemyJungle": 17,
      "neutralMinionsKilledYourJungle": 65,
      "totalTimeCrowdControlDealt": 688
    }
  },
  "summonerCount": 10,
  "26085248": {
    "gameId": 825966979,
    "invalid": false,
    "gameMode": "CLASSIC",
    "gameType": "MATCHED_GAME",
    "subType": "RANKED_SOLO_5x5",
    "mapId": 1,
    "teamId": 200,
    "championId": 119,
    "spell1": 4,
    "spell2": 7,
    "level": 30,
    "ipEarned": 62,
    "createDate": 1399029831831,
    "fellowPlayers": [
      {
        "summonerId": 22707922,
        "teamId": 100,
        "championId": 67
      },
      {
        "summonerId": 36473278,
        "teamId": 100,
        "championId": 13
      },
      {
        "summonerId": 44264756,
        "teamId": 200,
        "championId": 5
      },
      {
        "summonerId": 28316991,
        "teamId": 100,
        "championId": 2
      },
      {
        "summonerId": 24191134,
        "teamId": 200,
        "championId": 157
      },
      {
        "summonerId": 36694915,
        "teamId": 200,
        "championId": 10
      },
      {
        "summonerId": 26930081,
        "teamId": 100,
        "championId": 254
      },
      {
        "summonerId": 25127169,
        "teamId": 100,
        "championId": 412
      },
      {
        "summonerId": 27226687,
        "teamId": 200,
        "championId": 12
      }
    ],
    "stats": {
      "level": 16,
      "goldEarned": 12751,
      "numDeaths": 5,
      "turretsKilled": 2,
      "minionsKilled": 238,
      "championsKilled": 3,
      "goldSpent": 12375,
      "totalDamageDealt": 168038,
      "totalDamageTaken": 22618,
      "team": 200,
      "win": false,
      "neutralMinionsKilled": 14,
      "largestMultiKill": 1,
      "physicalDamageDealtPlayer": 168038,
      "physicalDamageTaken": 15784,
      "magicDamageTaken": 4308,
      "largestCriticalStrike": 994,
      "timePlayed": 1982,
      "totalHeal": 3003,
      "totalUnitsHealed": 3,
      "assists": 4,
      "item0": 1055,
      "item1": 3072,
      "item2": 3031,
      "item3": 3250,
      "item4": 3046,
      "item6": 3340,
      "sightWardsBought": 1,
      "physicalDamageDealtToChampions": 22852,
      "totalDamageDealtToChampions": 22852,
      "trueDamageTaken": 2525,
      "wardPlaced": 5,
      "neutralMinionsKilledEnemyJungle": 4,
      "neutralMinionsKilledYourJungle": 10,
      "totalTimeCrowdControlDealt": 91
    }
  },
  "28316991": {
    "gameId": 825966979,
    "invalid": false,
    "gameMode": "CLASSIC",
    "gameType": "MATCHED_GAME",
    "subType": "RANKED_SOLO_5x5",
    "mapId": 1,
    "teamId": 100,
    "championId": 2,
    "spell1": 14,
    "spell2": 4,
    "level": 30,
    "ipEarned": 94,
    "createDate": 1399029831824,
    "fellowPlayers": [
      {
        "summonerId": 26085248,
        "teamId": 200,
        "championId": 119
      },
      {
        "summonerId": 22707922,
        "teamId": 100,
        "championId": 67
      },
      {
        "summonerId": 36473278,
        "teamId": 100,
        "championId": 13
      },
      {
        "summonerId": 44264756,
        "teamId": 200,
        "championId": 5
      },
      {
        "summonerId": 24191134,
        "teamId": 200,
        "championId": 157
      },
      {
        "summonerId": 36694915,
        "teamId": 200,
        "championId": 10
      },
      {
        "summonerId": 26930081,
        "teamId": 100,
        "championId": 254
      },
      {
        "summonerId": 25127169,
        "teamId": 100,
        "championId": 412
      },
      {
        "summonerId": 27226687,
        "teamId": 200,
        "championId": 12
      }
    ],
    "stats": {
      "level": 17,
      "goldEarned": 9395,
      "numDeaths": 5,
      "minionsKilled": 132,
      "championsKilled": 1,
      "goldSpent": 7370,
      "totalDamageDealt": 96591,
      "totalDamageTaken": 21391,
      "team": 100,
      "win": true,
      "neutralMinionsKilled": 8,
      "largestMultiKill": 1,
      "physicalDamageDealtPlayer": 91251,
      "physicalDamageTaken": 14728,
      "magicDamageTaken": 6200,
      "timePlayed": 1982,
      "totalHeal": 676,
      "totalUnitsHealed": 1,
      "assists": 10,
      "item0": 2041,
      "item1": 3111,
      "item2": 1011,
      "item3": 3156,
      "item4": 1037,
      "item5": 1028,
      "item6": 3340,
      "physicalDamageDealtToChampions": 8077,
      "totalDamageDealtToChampions": 11105,
      "trueDamageDealtPlayer": 5339,
      "trueDamageDealtToChampions": 3027,
      "trueDamageTaken": 462,
      "wardPlaced": 8,
      "neutralMinionsKilledYourJungle": 8,
      "totalTimeCrowdControlDealt": 564
    }
  },
  "24191134": {
    "gameId": 825966979,
    "invalid": false,
    "gameMode": "CLASSIC",
    "gameType": "MATCHED_GAME",
    "subType": "RANKED_SOLO_5x5",
    "mapId": 1,
    "teamId": 200,
    "championId": 157,
    "spell1": 4,
    "spell2": 14,
    "level": 30,
    "ipEarned": 62,
    "createDate": 1399029831827,
    "fellowPlayers": [
      {
        "summonerId": 26085248,
        "teamId": 200,
        "championId": 119
      },
      {
        "summonerId": 22707922,
        "teamId": 100,
        "championId": 67
      },
      {
        "summonerId": 36473278,
        "teamId": 100,
        "championId": 13
      },
      {
        "summonerId": 44264756,
        "teamId": 200,
        "championId": 5
      },
      {
        "summonerId": 28316991,
        "teamId": 100,
        "championId": 2
      },
      {
        "summonerId": 36694915,
        "teamId": 200,
        "championId": 10
      },
      {
        "summonerId": 26930081,
        "teamId": 100,
        "championId": 254
      },
      {
        "summonerId": 25127169,
        "teamId": 100,
        "championId": 412
      },
      {
        "summonerId": 27226687,
        "teamId": 200,
        "championId": 12
      }
    ],
    "stats": {
      "level": 16,
      "goldEarned": 12620,
      "numDeaths": 7,
      "turretsKilled": 1,
      "minionsKilled": 219,
      "championsKilled": 7,
      "goldSpent": 12470,
      "totalDamageDealt": 122473,
      "totalDamageTaken": 20735,
      "doubleKills": 1,
      "killingSprees": 2,
      "largestKillingSpree": 3,
      "team": 200,
      "win": false,
      "neutralMinionsKilled": 4,
      "largestMultiKill": 2,
      "physicalDamageDealtPlayer": 98607,
      "magicDamageDealtPlayer": 23811,
      "physicalDamageTaken": 8322,
      "magicDamageTaken": 11337,
      "largestCriticalStrike": 530,
      "timePlayed": 1982,
      "totalHeal": 2116,
      "totalUnitsHealed": 1,
      "assists": 5,
      "item0": 3074,
      "item1": 3250,
      "item2": 3031,
      "item4": 1055,
      "item5": 3087,
      "item6": 3340,
      "sightWardsBought": 1,
      "magicDamageDealtToChampions": 4435,
      "physicalDamageDealtToChampions": 10891,
      "totalDamageDealtToChampions": 15380,
      "trueDamageDealtPlayer": 54,
      "trueDamageDealtToChampions": 54,
      "trueDamageTaken": 1075,
      "wardPlaced": 15,
      "neutralMinionsKilledYourJungle": 4,
      "totalTimeCrowdControlDealt": 87
    }
  },
  "36694915": {
    "gameId": 825966979,
    "invalid": false,
    "gameMode": "CLASSIC",
    "gameType": "MATCHED_GAME",
    "subType": "RANKED_SOLO_5x5",
    "mapId": 1,
    "teamId": 200,
    "championId": 10,
    "spell1": 4,
    "spell2": 14,
    "level": 30,
    "ipEarned": 62,
    "createDate": 1399029831829,
    "fellowPlayers": [
      {
        "summonerId": 26085248,
        "teamId": 200,
        "championId": 119
      },
      {
        "summonerId": 22707922,
        "teamId": 100,
        "championId": 67
      },
      {
        "summonerId": 36473278,
        "teamId": 100,
        "championId": 13
      },
      {
        "summonerId": 44264756,
        "teamId": 200,
        "championId": 5
      },
      {
        "summonerId": 28316991,
        "teamId": 100,
        "championId": 2
      },
      {
        "summonerId": 24191134,
        "teamId": 200,
        "championId": 157
      },
      {
        "summonerId": 26930081,
        "teamId": 100,
        "championId": 254
      },
      {
        "summonerId": 25127169,
        "teamId": 100,
        "championId": 412
      },
      {
        "summonerId": 27226687,
        "teamId": 200,
        "championId": 12
      }
    ],
    "stats": {
      "level": 16,
      "goldEarned": 11911,
      "numDeaths": 7,
      "turretsKilled": 3,
      "minionsKilled": 157,
      "championsKilled": 7,
      "goldSpent": 11605,
      "totalDamageDealt": 102838,
      "totalDamageTaken": 25282,
      "doubleKills": 1,
      "killingSprees": 1,
      "largestKillingSpree": 2,
      "team": 200,
      "win": false,
      "neutralMinionsKilled": 7,
      "largestMultiKill": 2,
      "physicalDamageDealtPlayer": 26643,
      "magicDamageDealtPlayer": 75197,
      "physicalDamageTaken": 17899,
      "magicDamageTaken": 5129,
      "timePlayed": 1982,
      "totalHeal": 7236,
      "totalUnitsHealed": 4,
      "assists": 7,
      "item0": 3124,
      "item1": 2003,
      "item2": 3089,
      "item3": 1052,
      "item4": 3115,
      "item5": 3250,
      "item6": 3340,
      "magicDamageDealtToChampions": 20205,
      "physicalDamageDealtToChampions": 3978,
      "totalDamageDealtToChampions": 25182,
      "trueDamageDealtPlayer": 998,
      "trueDamageDealtToChampions": 998,
      "trueDamageTaken": 2253,
      "wardPlaced": 6,
      "neutralMinionsKilledYourJungle": 7,
      "totalTimeCrowdControlDealt": 117
    }
  },
  "25127169": {
    "gameId": 825966979,
    "invalid": false,
    "gameMode": "CLASSIC",
    "gameType": "MATCHED_GAME",
    "subType": "RANKED_SOLO_5x5",
    "mapId": 1,
    "teamId": 100,
    "championId": 412,
    "spell1": 14,
    "spell2": 4,
    "level": 30,
    "ipEarned": 94,
    "createDate": 1399029831820,
    "fellowPlayers": [
      {
        "summonerId": 26085248,
        "teamId": 200,
        "championId": 119
      },
      {
        "summonerId": 22707922,
        "teamId": 100,
        "championId": 67
      },
      {
        "summonerId": 36473278,
        "teamId": 100,
        "championId": 13
      },
      {
        "summonerId": 44264756,
        "teamId": 200,
        "championId": 5
      },
      {
        "summonerId": 28316991,
        "teamId": 100,
        "championId": 2
      },
      {
        "summonerId": 24191134,
        "teamId": 200,
        "championId": 157
      },
      {
        "summonerId": 36694915,
        "teamId": 200,
        "championId": 10
      },
      {
        "summonerId": 26930081,
        "teamId": 100,
        "championId": 254
      },
      {
        "summonerId": 27226687,
        "teamId": 200,
        "championId": 12
      }
    ],
    "stats": {
      "level": 16,
      "goldEarned": 11622,
      "numDeaths": 3,
      "turretsKilled": 2,
      "minionsKilled": 13,
      "championsKilled": 10,
      "goldSpent": 9400,
      "totalDamageDealt": 40239,
      "totalDamageTaken": 17277,
      "doubleKills": 2,
      "killingSprees": 3,
      "largestKillingSpree": 4,
      "team": 100,
      "win": true,
      "largestMultiKill": 2,
      "physicalDamageDealtPlayer": 7099,
      "magicDamageDealtPlayer": 31596,
      "physicalDamageTaken": 11525,
      "magicDamageTaken": 5698,
      "timePlayed": 1982,
      "totalHeal": 1090,
      "totalUnitsHealed": 1,
      "assists": 14,
      "item0": 2049,
      "item1": 3065,
      "item2": 3096,
      "item3": 3117,
      "item4": 3068,
      "item6": 3341,
      "sightWardsBought": 2,
      "magicDamageDealtToChampions": 14502,
      "physicalDamageDealtToChampions": 2404,
      "totalDamageDealtToChampions": 18372,
      "trueDamageDealtPlayer": 1544,
      "trueDamageDealtToChampions": 1466,
      "trueDamageTaken": 54,
      "wardPlaced": 14,
      "totalTimeCrowdControlDealt": 224
    }
  },
  "22707922": {
    "gameId": 825966979,
    "invalid": false,
    "gameMode": "CLASSIC",
    "gameType": "MATCHED_GAME",
    "subType": "RANKED_SOLO_5x5",
    "mapId": 1,
    "teamId": 100,
    "championId": 67,
    "spell1": 4,
    "spell2": 7,
    "level": 30,
    "ipEarned": 94,
    "createDate": 1399029831823,
    "fellowPlayers": [
      {
        "summonerId": 26085248,
        "teamId": 200,
        "championId": 119
      },
      {
        "summonerId": 36473278,
        "teamId": 100,
        "championId": 13
      },
      {
        "summonerId": 44264756,
        "teamId": 200,
        "championId": 5
      },
      {
        "summonerId": 28316991,
        "teamId": 100,
        "championId": 2
      },
      {
        "summonerId": 24191134,
        "teamId": 200,
        "championId": 157
      },
      {
        "summonerId": 36694915,
        "teamId": 200,
        "championId": 10
      },
      {
        "summonerId": 26930081,
        "teamId": 100,
        "championId": 254
      },
      {
        "summonerId": 25127169,
        "teamId": 100,
        "championId": 412
      },
      {
        "summonerId": 27226687,
        "teamId": 200,
        "championId": 12
      }
    ],
    "stats": {
      "level": 17,
      "goldEarned": 13439,
      "numDeaths": 5,
      "turretsKilled": 3,
      "minionsKilled": 199,
      "championsKilled": 5,
      "goldSpent": 10325,
      "totalDamageDealt": 135197,
      "totalDamageTaken": 21291,
      "doubleKills": 1,
      "killingSprees": 2,
      "largestKillingSpree": 2,
      "team": 100,
      "win": true,
      "neutralMinionsKilled": 7,
      "largestMultiKill": 2,
      "physicalDamageDealtPlayer": 120635,
      "magicDamageDealtPlayer": 17,
      "physicalDamageTaken": 15832,
      "magicDamageTaken": 5365,
      "largestCriticalStrike": 504,
      "timePlayed": 1982,
      "totalHeal": 4250,
      "totalUnitsHealed": 4,
      "assists": 18,
      "item0": 1055,
      "item1": 3153,
      "item2": 3046,
      "item3": 3035,
      "item5": 3006,
      "item6": 3340,
      "magicDamageDealtToChampions": 17,
      "physicalDamageDealtToChampions": 21056,
      "totalDamageDealtToChampions": 26804,
      "trueDamageDealtPlayer": 14543,
      "trueDamageDealtToChampions": 5730,
      "trueDamageTaken": 94,
      "wardPlaced": 5,
      "neutralMinionsKilledYourJungle": 7,
      "totalTimeCrowdControlDealt": 167
    }
  },
  "36473278": {
    "gameId": 825966979,
    "invalid": false,
    "gameMode": "CLASSIC",
    "gameType": "MATCHED_GAME",
    "subType": "RANKED_SOLO_5x5",
    "mapId": 1,
    "teamId": 100,
    "championId": 13,
    "spell1": 4,
    "spell2": 14,
    "level": 30,
    "ipEarned": 94,
    "createDate": 1399029831821,
    "fellowPlayers": [
      {
        "summonerId": 26085248,
        "teamId": 200,
        "championId": 119
      },
      {
        "summonerId": 22707922,
        "teamId": 100,
        "championId": 67
      },
      {
        "summonerId": 44264756,
        "teamId": 200,
        "championId": 5
      },
      {
        "summonerId": 28316991,
        "teamId": 100,
        "championId": 2
      },
      {
        "summonerId": 24191134,
        "teamId": 200,
        "championId": 157
      },
      {
        "summonerId": 36694915,
        "teamId": 200,
        "championId": 10
      },
      {
        "summonerId": 26930081,
        "teamId": 100,
        "championId": 254
      },
      {
        "summonerId": 25127169,
        "teamId": 100,
        "championId": 412
      },
      {
        "summonerId": 27226687,
        "teamId": 200,
        "championId": 12
      }
    ],
    "stats": {
      "level": 17,
      "goldEarned": 11767,
      "numDeaths": 4,
      "turretsKilled": 1,
      "minionsKilled": 151,
      "championsKilled": 8,
      "goldSpent": 8965,
      "totalDamageDealt": 105396,
      "totalDamageTaken": 23063,
      "doubleKills": 1,
      "killingSprees": 4,
      "largestKillingSpree": 2,
      "team": 100,
      "win": true,
      "neutralMinionsKilled": 22,
      "largestMultiKill": 2,
      "physicalDamageDealtPlayer": 20642,
      "magicDamageDealtPlayer": 84421,
      "physicalDamageTaken": 14429,
      "magicDamageTaken": 7990,
      "timePlayed": 1982,
      "totalHeal": 282,
      "totalUnitsHealed": 1,
      "assists": 9,
      "item0": 3110,
      "item1": 2010,
      "item2": 3070,
      "item3": 3027,
      "item4": 1057,
      "item5": 3259,
      "item6": 3340,
      "sightWardsBought": 2,
      "magicDamageDealtToChampions": 18020,
      "physicalDamageDealtToChampions": 1460,
      "totalDamageDealtToChampions": 19812,
      "trueDamageDealtPlayer": 332,
      "trueDamageDealtToChampions": 332,
      "trueDamageTaken": 644,
      "wardPlaced": 13,
      "neutralMinionsKilledEnemyJungle": 4,
      "neutralMinionsKilledYourJungle": 18,
      "totalTimeCrowdControlDealt": 454
    }
  },
  "27226687": {
    "gameId": 825966979,
    "invalid": false,
    "gameMode": "CLASSIC",
    "gameType": "MATCHED_GAME",
    "subType": "RANKED_SOLO_5x5",
    "mapId": 1,
    "teamId": 200,
    "championId": 12,
    "spell1": 4,
    "spell2": 3,
    "level": 30,
    "ipEarned": 62,
    "createDate": 1399029831825,
    "fellowPlayers": [
      {
        "summonerId": 26085248,
        "teamId": 200,
        "championId": 119
      },
      {
        "summonerId": 22707922,
        "teamId": 100,
        "championId": 67
      },
      {
        "summonerId": 36473278,
        "teamId": 100,
        "championId": 13
      },
      {
        "summonerId": 44264756,
        "teamId": 200,
        "championId": 5
      },
      {
        "summonerId": 28316991,
        "teamId": 100,
        "championId": 2
      },
      {
        "summonerId": 24191134,
        "teamId": 200,
        "championId": 157
      },
      {
        "summonerId": 36694915,
        "teamId": 200,
        "championId": 10
      },
      {
        "summonerId": 26930081,
        "teamId": 100,
        "championId": 254
      },
      {
        "summonerId": 25127169,
        "teamId": 100,
        "championId": 412
      }
    ],
    "stats": {
      "level": 14,
      "goldEarned": 8219,
      "numDeaths": 8,
      "turretsKilled": 1,
      "minionsKilled": 24,
      "championsKilled": 1,
      "goldSpent": 8430,
      "totalDamageDealt": 27983,
      "totalDamageTaken": 27347,
      "team": 200,
      "win": false,
      "largestMultiKill": 1,
      "physicalDamageDealtPlayer": 6998,
      "magicDamageDealtPlayer": 20984,
      "physicalDamageTaken": 15875,
      "magicDamageTaken": 7394,
      "timePlayed": 1982,
      "totalHeal": 13712,
      "totalUnitsHealed": 49,
      "assists": 10,
      "item0": 3117,
      "item1": 3075,
      "item2": 2045,
      "item3": 3025,
      "item6": 3341,
      "sightWardsBought": 1,
      "magicDamageDealtToChampions": 4720,
      "physicalDamageDealtToChampions": 1493,
      "totalDamageDealtToChampions": 6214,
      "trueDamageTaken": 4077,
      "wardKilled": 4,
      "wardPlaced": 19,
      "totalTimeCrowdControlDealt": 192
    }
  },
  "44264756": {
    "gameId": 825966979,
    "invalid": false,
    "gameMode": "CLASSIC",
    "gameType": "MATCHED_GAME",
    "subType": "RANKED_SOLO_5x5",
    "mapId": 1,
    "teamId": 200,
    "championId": 5,
    "spell1": 11,
    "spell2": 4,
    "level": 30,
    "ipEarned": 62,
    "createDate": 1399029831828,
    "fellowPlayers": [
      {
        "summonerId": 26085248,
        "teamId": 200,
        "championId": 119
      },
      {
        "summonerId": 22707922,
        "teamId": 100,
        "championId": 67
      },
      {
        "summonerId": 36473278,
        "teamId": 100,
        "championId": 13
      },
      {
        "summonerId": 28316991,
        "teamId": 100,
        "championId": 2
      },
      {
        "summonerId": 24191134,
        "teamId": 200,
        "championId": 157
      },
      {
        "summonerId": 36694915,
        "teamId": 200,
        "championId": 10
      },
      {
        "summonerId": 26930081,
        "teamId": 100,
        "championId": 254
      },
      {
        "summonerId": 25127169,
        "teamId": 100,
        "championId": 412
      },
      {
        "summonerId": 27226687,
        "teamId": 200,
        "championId": 12
      }
    ],
    "stats": {
      "level": 16,
      "goldEarned": 10503,
      "numDeaths": 3,
      "minionsKilled": 32,
      "championsKilled": 3,
      "goldSpent": 10135,
      "totalDamageDealt": 131181,
      "totalDamageTaken": 26723,
      "team": 200,
      "win": false,
      "neutralMinionsKilled": 82,
      "largestMultiKill": 1,
      "physicalDamageDealtPlayer": 83556,
      "magicDamageDealtPlayer": 34791,
      "physicalDamageTaken": 19076,
      "magicDamageTaken": 5215,
      "largestCriticalStrike": 456,
      "timePlayed": 1982,
      "totalHeal": 8989,
      "totalUnitsHealed": 1,
      "assists": 7,
      "item0": 3160,
      "item1": 3143,
      "item2": 3142,
      "item3": 3111,
      "item4": 3082,
      "item6": 3341,
      "sightWardsBought": 3,
      "magicDamageDealtToChampions": 853,
      "physicalDamageDealtToChampions": 8735,
      "totalDamageDealtToChampions": 10041,
      "trueDamageDealtPlayer": 12834,
      "trueDamageDealtToChampions": 452,
      "trueDamageTaken": 2430,
      "wardKilled": 1,
      "wardPlaced": 7,
      "neutralMinionsKilledEnemyJungle": 17,
      "neutralMinionsKilledYourJungle": 65,
      "totalTimeCrowdControlDealt": 688
    }
  }
}