{
  "34103909": {
    "gameId": 825976846,
    "invalid": false,
    "gameMode": "CLASSIC",
    "gameType": "MATCHED_GAME",
    "subType": "RANKED_SOLO_5x5",
    "mapId": 1,
    "teamId": 200,
    "championId": 25,
    "spell1": 4,
    "spell2": 3,
    "level": 30,
    "ipEarned": 256,
    "createDate": 1399031798502,
    "fellowPlayers": [
      {
        "summonerId": 27987475,
        "teamId": 200,
        "championId": 60
      },
      {
        "summonerId": 26358860,
        "teamId": 100,
        "championId": 99
      },
      {
        "summonerId": 35011850,
        "teamId": 100,
        "championId": 18
      },
      {
        "summonerId": 28694515,
        "teamId": 200,
        "championId": 51
      },
      {
        "summonerId": 33538374,
        "teamId": 100,
        "championId": 5
      },
      {
        "summonerId": 32464899,
        "teamId": 200,
        "championId": 38
      },
      {
        "summonerId": 21864963,
        "teamId": 200,
        "championId": 23
      },
      {
        "summonerId": 27498497,
        "teamId": 100,
        "championId": 53
      },
      {
        "summonerId": 24141189,
        "teamId": 100,
        "championId": 75
      }
    ],
    "stats": {
      "level": 16,
      "goldEarned": 13343,
      "numDeaths": 5,
      "minionsKilled": 27,
      "championsKilled": 1,
      "goldSpent": 9490,
      "totalDamageDealt": 33700,
      "totalDamageTaken": 12515,
      "team": 200,
      "win": true,
      "largestMultiKill": 1,
      "physicalDamageDealtPlayer": 6385,
      "magicDamageDealtPlayer": 27315,
      "physicalDamageTaken": 6672,
      "magicDamageTaken": 5405,
      "timePlayed": 2280,
      "totalHeal": 1067,
      "totalUnitsHealed": 3,
      "assists": 19,
      "item0": 3157,
      "item1": 3222,
      "item2": 2045,
      "item3": 3020,
      "item4": 3098,
      "item5": 3108,
      "item6": 3342,
      "magicDamageDealtToChampions": 12201,
      "physicalDamageDealtToChampions": 1177,
      "totalDamageDealtToChampions": 13379,
      "trueDamageTaken": 438,
      "wardPlaced": 22,
      "totalTimeCrowdControlDealt": 152
    }
  },
  "summonerCount": 10,
  "27987475": {
    "gameId": 825976846,
    "invalid": false,
    "gameMode": "CLASSIC",
    "gameType": "MATCHED_GAME",
    "subType": "RANKED_SOLO_5x5",
    "mapId": 1,
    "teamId": 200,
    "championId": 60,
    "spell1": 11,
    "spell2": 4,
    "level": 30,
    "ipEarned": 256,
    "createDate": 1399031798503,
    "fellowPlayers": [
      {
        "summonerId": 34103909,
        "teamId": 200,
        "championId": 25
      },
      {
        "summonerId": 26358860,
        "teamId": 100,
        "championId": 99
      },
      {
        "summonerId": 35011850,
        "teamId": 100,
        "championId": 18
      },
      {
        "summonerId": 28694515,
        "teamId": 200,
        "championId": 51
      },
      {
        "summonerId": 33538374,
        "teamId": 100,
        "championId": 5
      },
      {
        "summonerId": 32464899,
        "teamId": 200,
        "championId": 38
      },
      {
        "summonerId": 21864963,
        "teamId": 200,
        "championId": 23
      },
      {
        "summonerId": 27498497,
        "teamId": 100,
        "championId": 53
      },
      {
        "summonerId": 24141189,
        "teamId": 100,
        "championId": 75
      }
    ],
    "stats": {
      "level": 17,
      "goldEarned": 14067,
      "numDeaths": 4,
      "minionsKilled": 63,
      "championsKilled": 5,
      "goldSpent": 12650,
      "totalDamageDealt": 150567,
      "totalDamageTaken": 25400,
      "killingSprees": 1,
      "largestKillingSpree": 3,
      "team": 200,
      "win": true,
      "neutralMinionsKilled": 70,
      "largestMultiKill": 1,
      "physicalDamageDealtPlayer": 63196,
      "magicDamageDealtPlayer": 69961,
      "physicalDamageTaken": 19485,
      "magicDamageTaken": 4834,
      "timePlayed": 2280,
      "totalHeal": 3970,
      "totalUnitsHealed": 1,
      "assists": 9,
      "item0": 3207,
      "item1": 3143,
      "item2": 3110,
      "item3": 3020,
      "item4": 3136,
      "item5": 1026,
      "item6": 3340,
      "sightWardsBought": 2,
      "magicDamageDealtToChampions": 12097,
      "physicalDamageDealtToChampions": 2556,
      "totalDamageDealtToChampions": 14717,
      "trueDamageDealtPlayer": 17410,
      "trueDamageDealtToChampions": 64,
      "trueDamageTaken": 1081,
      "wardPlaced": 11,
      "neutralMinionsKilledEnemyJungle": 12,
      "neutralMinionsKilledYourJungle": 58,
      "totalTimeCrowdControlDealt": 1020
    }
  },
  "24141189": {
    "gameId": 825976846,
    "invalid": false,
    "gameMode": "CLASSIC",
    "gameType": "MATCHED_GAME",
    "subType": "RANKED_SOLO_5x5",
    "mapId": 1,
    "teamId": 100,
    "championId": 75,
    "spell1": 6,
    "spell2": 12,
    "level": 30,
    "ipEarned": 69,
    "createDate": 1399031798495,
    "fellowPlayers": [
      {
        "summonerId": 27987475,
        "teamId": 200,
        "championId": 60
      },
      {
        "summonerId": 34103909,
        "teamId": 200,
        "championId": 25
      },
      {
        "summonerId": 26358860,
        "teamId": 100,
        "championId": 99
      },
      {
        "summonerId": 35011850,
        "teamId": 100,
        "championId": 18
      },
      {
        "summonerId": 28694515,
        "teamId": 200,
        "championId": 51
      },
      {
        "summonerId": 33538374,
        "teamId": 100,
        "championId": 5
      },
      {
        "summonerId": 32464899,
        "teamId": 200,
        "championId": 38
      },
      {
        "summonerId": 21864963,
        "teamId": 200,
        "championId": 23
      },
      {
        "summonerId": 27498497,
        "teamId": 100,
        "championId": 53
      }
    ],
    "stats": {
      "level": 17,
      "goldEarned": 12439,
      "numDeaths": 4,
      "turretsKilled": 1,
      "minionsKilled": 247,
      "championsKilled": 4,
      "goldSpent": 11588,
      "totalDamageDealt": 150572,
      "totalDamageTaken": 35188,
      "killingSprees": 1,
      "largestKillingSpree": 3,
      "team": 100,
      "win": false,
      "neutralMinionsKilled": 4,
      "largestMultiKill": 1,
      "physicalDamageDealtPlayer": 133073,
      "magicDamageDealtPlayer": 17499,
      "physicalDamageTaken": 23946,
      "magicDamageTaken": 10008,
      "largestCriticalStrike": 1021,
      "timePlayed": 2280,
      "totalHeal": 1697,
      "totalUnitsHealed": 1,
      "assists": 7,
      "item0": 3111,
      "item1": 1057,
      "item2": 3110,
      "item3": 3078,
      "item4": 3065,
      "item5": 1054,
      "item6": 3340,
      "magicDamageDealtToChampions": 6983,
      "physicalDamageDealtToChampions": 20248,
      "totalDamageDealtToChampions": 27232,
      "trueDamageTaken": 1234,
      "wardPlaced": 10,
      "neutralMinionsKilledEnemyJungle": 4,
      "totalTimeCrowdControlDealt": 2152
    }
  },
  "35011850": {
    "gameId": 825976846,
    "invalid": false,
    "gameMode": "CLASSIC",
    "gameType": "MATCHED_GAME",
    "subType": "RANKED_SOLO_5x5",
    "mapId": 1,
    "teamId": 100,
    "championId": 18,
    "spell1": 7,
    "spell2": 4,
    "level": 30,
    "ipEarned": 69,
    "createDate": 1399031798497,
    "fellowPlayers": [
      {
        "summonerId": 27987475,
        "teamId": 200,
        "championId": 60
      },
      {
        "summonerId": 34103909,
        "teamId": 200,
        "championId": 25
      },
      {
        "summonerId": 26358860,
        "teamId": 100,
        "championId": 99
      },
      {
        "summonerId": 28694515,
        "teamId": 200,
        "championId": 51
      },
      {
        "summonerId": 33538374,
        "teamId": 100,
        "championId": 5
      },
      {
        "summonerId": 32464899,
        "teamId": 200,
        "championId": 38
      },
      {
        "summonerId": 21864963,
        "teamId": 200,
        "championId": 23
      },
      {
        "summonerId": 27498497,
        "teamId": 100,
        "championId": 53
      },
      {
        "summonerId": 24141189,
        "teamId": 100,
        "championId": 75
      }
    ],
    "stats": {
      "level": 16,
      "goldEarned": 12784,
      "numDeaths": 7,
      "turretsKilled": 2,
      "minionsKilled": 216,
      "championsKilled": 8,
      "goldSpent": 12750,
      "totalDamageDealt": 149521,
      "totalDamageTaken": 27247,
      "killingSprees": 1,
      "largestKillingSpree": 5,
      "team": 100,
      "win": false,
      "neutralMinionsKilled": 10,
      "largestMultiKill": 1,
      "physicalDamageDealtPlayer": 115809,
      "magicDamageDealtPlayer": 32853,
      "physicalDamageTaken": 11691,
      "magicDamageTaken": 15309,
      "largestCriticalStrike": 569,
      "timePlayed": 2280,
      "totalHeal": 3587,
      "totalUnitsHealed": 2,
      "assists": 4,
      "item0": 3250,
      "item1": 3153,
      "item2": 3172,
      "item3": 3031,
      "item4": 1037,
      "item6": 3340,
      "magicDamageDealtToChampions": 4171,
      "physicalDamageDealtToChampions": 13452,
      "totalDamageDealtToChampions": 18224,
      "trueDamageDealtPlayer": 858,
      "trueDamageDealtToChampions": 600,
      "trueDamageTaken": 246,
      "wardPlaced": 1,
      "neutralMinionsKilledYourJungle": 10,
      "totalTimeCrowdControlDealt": 291
    }
  },
  "33538374": {
    "gameId": 825976846,
    "invalid": false,
    "gameMode": "CLASSIC",
    "gameType": "MATCHED_GAME",
    "subType": "RANKED_SOLO_5x5",
    "mapId": 1,
    "teamId": 100,
    "championId": 5,
    "spell1": 4,
    "spell2": 11,
    "level": 30,
    "ipEarned": 69,
    "createDate": 1399031798493,
    "fellowPlayers": [
      {
        "summonerId": 27987475,
        "teamId": 200,
        "championId": 60
      },
      {
        "summonerId": 34103909,
        "teamId": 200,
        "championId": 25
      },
      {
        "summonerId": 26358860,
        "teamId": 100,
        "championId": 99
      },
      {
        "summonerId": 35011850,
        "teamId": 100,
        "championId": 18
      },
      {
        "summonerId": 28694515,
        "teamId": 200,
        "championId": 51
      },
      {
        "summonerId": 32464899,
        "teamId": 200,
        "championId": 38
      },
      {
        "summonerId": 21864963,
        "teamId": 200,
        "championId": 23
      },
      {
        "summonerId": 27498497,
        "teamId": 100,
        "championId": 53
      },
      {
        "summonerId": 24141189,
        "teamId": 100,
        "championId": 75
      }
    ],
    "stats": {
      "level": 16,
      "goldEarned": 10543,
      "numDeaths": 6,
      "turretsKilled": 1,
      "minionsKilled": 47,
      "championsKilled": 5,
      "goldSpent": 8575,
      "totalDamageDealt": 118377,
      "totalDamageTaken": 26397,
      "doubleKills": 1,
      "killingSprees": 1,
      "largestKillingSpree": 2,
      "team": 100,
      "win": false,
      "neutralMinionsKilled": 74,
      "largestMultiKill": 2,
      "physicalDamageDealtPlayer": 68157,
      "magicDamageDealtPlayer": 37369,
      "physicalDamageTaken": 16801,
      "magicDamageTaken": 8756,
      "timePlayed": 2280,
      "totalHeal": 7977,
      "totalUnitsHealed": 1,
      "assists": 8,
      "item0": 3154,
      "item1": 3111,
      "item2": 3065,
      "item3": 3068,
      "item6": 3340,
      "magicDamageDealtToChampions": 1740,
      "physicalDamageDealtToChampions": 9303,
      "totalDamageDealtToChampions": 12159,
      "trueDamageDealtPlayer": 12850,
      "trueDamageDealtToChampions": 1116,
      "trueDamageTaken": 840,
      "wardPlaced": 12,
      "neutralMinionsKilledEnemyJungle": 4,
      "neutralMinionsKilledYourJungle": 70,
      "totalTimeCrowdControlDealt": 862
    }
  },
  "26358860": {
    "gameId": 825976846,
    "invalid": false,
    "gameMode": "CLASSIC",
    "gameType": "MATCHED_GAME",
    "subType": "RANKED_SOLO_5x5",
    "mapId": 1,
    "teamId": 100,
    "championId": 99,
    "spell1": 4,
    "spell2": 14,
    "level": 30,
    "ipEarned": 69,
    "createDate": 1399031798496,
    "fellowPlayers": [
      {
        "summonerId": 27987475,
        "teamId": 200,
        "championId": 60
      },
      {
        "summonerId": 34103909,
        "teamId": 200,
        "championId": 25
      },
      {
        "summonerId": 35011850,
        "teamId": 100,
        "championId": 18
      },
      {
        "summonerId": 28694515,
        "teamId": 200,
        "championId": 51
      },
      {
        "summonerId": 33538374,
        "teamId": 100,
        "championId": 5
      },
      {
        "summonerId": 32464899,
        "teamId": 200,
        "championId": 38
      },
      {
        "summonerId": 21864963,
        "teamId": 200,
        "championId": 23
      },
      {
        "summonerId": 27498497,
        "teamId": 100,
        "championId": 53
      },
      {
        "summonerId": 24141189,
        "teamId": 100,
        "championId": 75
      }
    ],
    "stats": {
      "level": 13,
      "goldEarned": 9069,
      "numDeaths": 11,
      "minionsKilled": 119,
      "championsKilled": 3,
      "goldSpent": 8795,
      "totalDamageDealt": 79376,
      "totalDamageTaken": 17178,
      "killingSprees": 1,
      "largestKillingSpree": 2,
      "team": 100,
      "win": false,
      "neutralMinionsKilled": 3,
      "largestMultiKill": 1,
      "physicalDamageDealtPlayer": 11135,
      "magicDamageDealtPlayer": 66552,
      "physicalDamageTaken": 3788,
      "magicDamageTaken": 12690,
      "timePlayed": 2280,
      "totalHeal": 171,
      "totalUnitsHealed": 1,
      "assists": 8,
      "item0": 1056,
      "item1": 3174,
      "item2": 3089,
      "item3": 1029,
      "item4": 3020,
      "item5": 1029,
      "item6": 3340,
      "sightWardsBought": 5,
      "magicDamageDealtToChampions": 11133,
      "physicalDamageDealtToChampions": 2910,
      "totalDamageDealtToChampions": 15568,
      "trueDamageDealtPlayer": 1688,
      "trueDamageDealtToChampions": 1524,
      "trueDamageTaken": 699,
      "wardPlaced": 16,
      "neutralMinionsKilledYourJungle": 3,
      "totalTimeCrowdControlDealt": 394
    }
  },
  "27498497": {
    "gameId": 825976846,
    "invalid": false,
    "gameMode": "CLASSIC",
    "gameType": "MATCHED_GAME",
    "subType": "RANKED_SOLO_5x5",
    "mapId": 1,
    "teamId": 100,
    "championId": 53,
    "spell1": 4,
    "spell2": 3,
    "level": 30,
    "ipEarned": 69,
    "createDate": 1399031798498,
    "fellowPlayers": [
      {
        "summonerId": 27987475,
        "teamId": 200,
        "championId": 60
      },
      {
        "summonerId": 34103909,
        "teamId": 200,
        "championId": 25
      },
      {
        "summonerId": 26358860,
        "teamId": 100,
        "championId": 99
      },
      {
        "summonerId": 35011850,
        "teamId": 100,
        "championId": 18
      },
      {
        "summonerId": 28694515,
        "teamId": 200,
        "championId": 51
      },
      {
        "summonerId": 33538374,
        "teamId": 100,
        "championId": 5
      },
      {
        "summonerId": 32464899,
        "teamId": 200,
        "championId": 38
      },
      {
        "summonerId": 21864963,
        "teamId": 200,
        "championId": 23
      },
      {
        "summonerId": 24141189,
        "teamId": 100,
        "championId": 75
      }
    ],
    "stats": {
      "level": 14,
      "goldEarned": 9021,
      "numDeaths": 9,
      "minionsKilled": 28,
      "championsKilled": 3,
      "goldSpent": 7825,
      "totalDamageDealt": 35550,
      "totalDamageTaken": 29420,
      "killingSprees": 1,
      "largestKillingSpree": 2,
      "team": 100,
      "win": false,
      "largestMultiKill": 1,
      "physicalDamageDealtPlayer": 6905,
      "magicDamageDealtPlayer": 28314,
      "physicalDamageTaken": 12567,
      "magicDamageTaken": 16114,
      "timePlayed": 2280,
      "totalHeal": 2491,
      "totalUnitsHealed": 1,
      "assists": 9,
      "item0": 3096,
      "item1": 3111,
      "item2": 2049,
      "item3": 3070,
      "item4": 3110,
      "item5": 3211,
      "item6": 3341,
      "sightWardsBought": 3,
      "magicDamageDealtToChampions": 7478,
      "physicalDamageDealtToChampions": 4103,
      "totalDamageDealtToChampions": 11911,
      "trueDamageDealtPlayer": 330,
      "trueDamageDealtToChampions": 330,
      "trueDamageTaken": 738,
      "wardKilled": 2,
      "wardPlaced": 21,
      "totalTimeCrowdControlDealt": 569
    }
  },
  "28694515": {
    "gameId": 825976846,
    "invalid": false,
    "gameMode": "CLASSIC",
    "gameType": "MATCHED_GAME",
    "subType": "RANKED_SOLO_5x5",
    "mapId": 1,
    "teamId": 200,
    "championId": 51,
    "spell1": 4,
    "spell2": 7,
    "level": 30,
    "ipEarned": 106,
    "createDate": 1399031798504,
    "fellowPlayers": [
      {
        "summonerId": 27987475,
        "teamId": 200,
        "championId": 60
      },
      {
        "summonerId": 34103909,
        "teamId": 200,
        "championId": 25
      },
      {
        "summonerId": 26358860,
        "teamId": 100,
        "championId": 99
      },
      {
        "summonerId": 35011850,
        "teamId": 100,
        "championId": 18
      },
      {
        "summonerId": 33538374,
        "teamId": 100,
        "championId": 5
      },
      {
        "summonerId": 32464899,
        "teamId": 200,
        "championId": 38
      },
      {
        "summonerId": 21864963,
        "teamId": 200,
        "championId": 23
      },
      {
        "summonerId": 27498497,
        "teamId": 100,
        "championId": 53
      },
      {
        "summonerId": 24141189,
        "teamId": 100,
        "championId": 75
      }
    ],
    "stats": {
      "level": 18,
      "goldEarned": 15914,
      "numDeaths": 4,
      "barracksKilled": 1,
      "turretsKilled": 2,
      "minionsKilled": 268,
      "championsKilled": 5,
      "goldSpent": 14245,
      "totalDamageDealt": 231478,
      "totalDamageTaken": 16030,
      "killingSprees": 1,
      "largestKillingSpree": 3,
      "team": 200,
      "win": true,
      "neutralMinionsKilled": 12,
      "largestMultiKill": 1,
      "physicalDamageDealtPlayer": 227857,
      "magicDamageDealtPlayer": 2269,
      "physicalDamageTaken": 10262,
      "magicDamageTaken": 5047,
      "largestCriticalStrike": 1730,
      "timePlayed": 2280,
      "totalHeal": 3077,
      "totalUnitsHealed": 3,
      "assists": 9,
      "item0": 1055,
      "item1": 3072,
      "item2": 3006,
      "item3": 3035,
      "item4": 3046,
      "item5": 3031,
      "item6": 3340,
      "magicDamageDealtToChampions": 1980,
      "physicalDamageDealtToChampions": 18168,
      "totalDamageDealtToChampions": 20466,
      "trueDamageDealtPlayer": 1352,
      "trueDamageDealtToChampions": 318,
      "trueDamageTaken": 721,
      "wardPlaced": 4,
      "neutralMinionsKilledEnemyJungle": 2,
      "neutralMinionsKilledYourJungle": 10,
      "totalTimeCrowdControlDealt": 251
    }
  },
  "32464899": {
    "gameId": 825976846,
    "invalid": false,
    "gameMode": "CLASSIC",
    "gameType": "MATCHED_GAME",
    "subType": "RANKED_SOLO_5x5",
    "mapId": 1,
    "teamId": 200,
    "championId": 38,
    "spell1": 14,
    "spell2": 4,
    "level": 30,
    "ipEarned": 256,
    "createDate": 1399031798499,
    "fellowPlayers": [
      {
        "summonerId": 27987475,
        "teamId": 200,
        "championId": 60
      },
      {
        "summonerId": 34103909,
        "teamId": 200,
        "championId": 25
      },
      {
        "summonerId": 26358860,
        "teamId": 100,
        "championId": 99
      },
      {
        "summonerId": 35011850,
        "teamId": 100,
        "championId": 18
      },
      {
        "summonerId": 28694515,
        "teamId": 200,
        "championId": 51
      },
      {
        "summonerId": 33538374,
        "teamId": 100,
        "championId": 5
      },
      {
        "summonerId": 21864963,
        "teamId": 200,
        "championId": 23
      },
      {
        "summonerId": 27498497,
        "teamId": 100,
        "championId": 53
      },
      {
        "summonerId": 24141189,
        "teamId": 100,
        "championId": 75
      }
    ],
    "stats": {
      "level": 18,
      "goldEarned": 17547,
      "numDeaths": 5,
      "turretsKilled": 2,
      "minionsKilled": 146,
      "championsKilled": 20,
      "goldSpent": 15465,
      "totalDamageDealt": 128536,
      "totalDamageTaken": 32447,
      "killingSprees": 4,
      "largestKillingSpree": 8,
      "team": 200,
      "win": true,
      "neutralMinionsKilled": 8,
      "largestMultiKill": 1,
      "physicalDamageDealtPlayer": 32378,
      "magicDamageDealtPlayer": 93972,
      "physicalDamageTaken": 21384,
      "magicDamageTaken": 9575,
      "timePlayed": 2280,
      "totalHeal": 477,
      "totalUnitsHealed": 1,
      "assists": 12,
      "item0": 3100,
      "item1": 3157,
      "item2": 3027,
      "item3": 3089,
      "item4": 3024,
      "item5": 3020,
      "item6": 3340,
      "sightWardsBought": 1,
      "magicDamageDealtToChampions": 35466,
      "physicalDamageDealtToChampions": 4731,
      "totalDamageDealtToChampions": 42187,
      "trueDamageDealtPlayer": 2185,
      "trueDamageDealtToChampions": 1989,
      "trueDamageTaken": 1488,
      "wardPlaced": 12,
      "neutralMinionsKilledYourJungle": 8,
      "totalTimeCrowdControlDealt": 447
    }
  },
  "34103909": {
    "gameId": 825976846,
    "invalid": false,
    "gameMode": "CLASSIC",
    "gameType": "MATCHED_GAME",
    "subType": "RANKED_SOLO_5x5",
    "mapId": 1,
    "teamId": 200,
    "championId": 25,
    "spell1": 4,
    "spell2": 3,
    "level": 30,
    "ipEarned": 256,
    "createDate": 1399031798502,
    "fellowPlayers": [
      {
        "summonerId": 27987475,
        "teamId": 200,
        "championId": 60
      },
      {
        "summonerId": 26358860,
        "teamId": 100,
        "championId": 99
      },
      {
        "summonerId": 35011850,
        "teamId": 100,
        "championId": 18
      },
      {
        "summonerId": 28694515,
        "teamId": 200,
        "championId": 51
      },
      {
        "summonerId": 33538374,
        "teamId": 100,
        "championId": 5
      },
      {
        "summonerId": 32464899,
        "teamId": 200,
        "championId": 38
      },
      {
        "summonerId": 21864963,
        "teamId": 200,
        "championId": 23
      },
      {
        "summonerId": 27498497,
        "teamId": 100,
        "championId": 53
      },
      {
        "summonerId": 24141189,
        "teamId": 100,
        "championId": 75
      }
    ],
    "stats": {
      "level": 16,
      "goldEarned": 13343,
      "numDeaths": 5,
      "minionsKilled": 27,
      "championsKilled": 1,
      "goldSpent": 9490,
      "totalDamageDealt": 33700,
      "totalDamageTaken": 12515,
      "team": 200,
      "win": true,
      "largestMultiKill": 1,
      "physicalDamageDealtPlayer": 6385,
      "magicDamageDealtPlayer": 27315,
      "physicalDamageTaken": 6672,
      "magicDamageTaken": 5405,
      "timePlayed": 2280,
      "totalHeal": 1067,
      "totalUnitsHealed": 3,
      "assists": 19,
      "item0": 3157,
      "item1": 3222,
      "item2": 2045,
      "item3": 3020,
      "item4": 3098,
      "item5": 3108,
      "item6": 3342,
      "magicDamageDealtToChampions": 12201,
      "physicalDamageDealtToChampions": 1177,
      "totalDamageDealtToChampions": 13379,
      "trueDamageTaken": 438,
      "wardPlaced": 22,
      "totalTimeCrowdControlDealt": 152
    }
  }
}