{
  "21599782": {
    "gameId": 825984558,
    "invalid": false,
    "gameMode": "CLASSIC",
    "gameType": "MATCHED_GAME",
    "subType": "RANKED_SOLO_5x5",
    "mapId": 1,
    "teamId": 100,
    "championId": 51,
    "spell1": 21,
    "spell2": 4,
    "level": 30,
    "ipEarned": 58,
    "createDate": 1399031069991,
    "fellowPlayers": [
      {
        "summonerId": 24447629,
        "teamId": 200,
        "championId": 21
      },
      {
        "summonerId": 35884614,
        "teamId": 200,
        "championId": 412
      },
      {
        "summonerId": 24359181,
        "teamId": 100,
        "championId": 134
      },
      {
        "summonerId": 19934562,
        "teamId": 200,
        "championId": 33
      },
      {
        "summonerId": 29312268,
        "teamId": 200,
        "championId": 99
      },
      {
        "summonerId": 38873432,
        "teamId": 100,
        "championId": 77
      },
      {
        "summonerId": 37813359,
        "teamId": 200,
        "championId": 102
      },
      {
        "summonerId": 40647809,
        "teamId": 100,
        "championId": 64
      },
      {
        "summonerId": 27966380,
        "teamId": 100,
        "championId": 25
      }
    ],
    "stats": {
      "level": 12,
      "goldEarned": 8666,
      "numDeaths": 9,
      "turretsKilled": 2,
      "minionsKilled": 96,
      "championsKilled": 5,
      "goldSpent": 8125,
      "totalDamageDealt": 76252,
      "totalDamageTaken": 19055,
      "killingSprees": 1,
      "largestKillingSpree": 4,
      "team": 100,
      "win": false,
      "neutralMinionsKilled": 4,
      "largestMultiKill": 1,
      "physicalDamageDealtPlayer": 74067,
      "magicDamageDealtPlayer": 2185,
      "physicalDamageTaken": 10210,
      "magicDamageTaken": 8258,
      "largestCriticalStrike": 702,
      "timePlayed": 1801,
      "totalHeal": 225,
      "totalUnitsHealed": 1,
      "assists": 6,
      "item0": 3072,
      "item1": 3006,
      "item2": 3046,
      "item3": 1037,
      "item6": 3340,
      "magicDamageDealtToChampions": 2103,
      "physicalDamageDealtToChampions": 17312,
      "totalDamageDealtToChampions": 19415,
      "trueDamageTaken": 586,
      "wardKilled": 1,
      "wardPlaced": 6,
      "neutralMinionsKilledYourJungle": 4,
      "totalTimeCrowdControlDealt": 62
    }
  },
  "summonerCount": 10,
  "27966380": {
    "gameId": 825984558,
    "invalid": false,
    "gameMode": "CLASSIC",
    "gameType": "MATCHED_GAME",
    "subType": "RANKED_SOLO_5x5",
    "mapId": 1,
    "teamId": 100,
    "championId": 25,
    "spell1": 7,
    "spell2": 4,
    "level": 30,
    "ipEarned": 58,
    "createDate": 1399031069992,
    "fellowPlayers": [
      {
        "summonerId": 24447629,
        "teamId": 200,
        "championId": 21
      },
      {
        "summonerId": 35884614,
        "teamId": 200,
        "championId": 412
      },
      {
        "summonerId": 24359181,
        "teamId": 100,
        "championId": 134
      },
      {
        "summonerId": 21599782,
        "teamId": 100,
        "championId": 51
      },
      {
        "summonerId": 19934562,
        "teamId": 200,
        "championId": 33
      },
      {
        "summonerId": 29312268,
        "teamId": 200,
        "championId": 99
      },
      {
        "summonerId": 38873432,
        "teamId": 100,
        "championId": 77
      },
      {
        "summonerId": 37813359,
        "teamId": 200,
        "championId": 102
      },
      {
        "summonerId": 40647809,
        "teamId": 100,
        "championId": 64
      }
    ],
    "stats": {
      "level": 11,
      "goldEarned": 6845,
      "numDeaths": 7,
      "turretsKilled": 1,
      "minionsKilled": 52,
      "championsKilled": 2,
      "goldSpent": 6760,
      "totalDamageDealt": 38648,
      "totalDamageTaken": 18963,
      "team": 100,
      "win": false,
      "neutralMinionsKilled": 1,
      "largestMultiKill": 1,
      "physicalDamageDealtPlayer": 8762,
      "magicDamageDealtPlayer": 29886,
      "physicalDamageTaken": 7986,
      "magicDamageTaken": 10537,
      "timePlayed": 1801,
      "totalHeal": 2255,
      "totalUnitsHealed": 3,
      "assists": 6,
      "item0": 1011,
      "item1": 3157,
      "item2": 3020,
      "item3": 1026,
      "item4": 2003,
      "item6": 3340,
      "magicDamageDealtToChampions": 8135,
      "physicalDamageDealtToChampions": 1665,
      "totalDamageDealtToChampions": 9800,
      "trueDamageTaken": 440,
      "wardPlaced": 4,
      "neutralMinionsKilledEnemyJungle": 1,
      "totalTimeCrowdControlDealt": 85
    }
  },
  "19934562": {
    "gameId": 825984558,
    "invalid": false,
    "gameMode": "CLASSIC",
    "gameType": "MATCHED_GAME",
    "subType": "RANKED_SOLO_5x5",
    "mapId": 1,
    "teamId": 200,
    "championId": 33,
    "spell1": 4,
    "spell2": 11,
    "level": 30,
    "ipEarned": 237,
    "createDate": 1399031069996,
    "fellowPlayers": [
      {
        "summonerId": 24447629,
        "teamId": 200,
        "championId": 21
      },
      {
        "summonerId": 35884614,
        "teamId": 200,
        "championId": 412
      },
      {
        "summonerId": 24359181,
        "teamId": 100,
        "championId": 134
      },
      {
        "summonerId": 21599782,
        "teamId": 100,
        "championId": 51
      },
      {
        "summonerId": 29312268,
        "teamId": 200,
        "championId": 99
      },
      {
        "summonerId": 38873432,
        "teamId": 100,
        "championId": 77
      },
      {
        "summonerId": 37813359,
        "teamId": 200,
        "championId": 102
      },
      {
        "summonerId": 40647809,
        "teamId": 100,
        "championId": 64
      },
      {
        "summonerId": 27966380,
        "teamId": 100,
        "championId": 25
      }
    ],
    "stats": {
      "level": 15,
      "goldEarned": 10212,
      "numDeaths": 4,
      "minionsKilled": 19,
      "championsKilled": 4,
      "goldSpent": 7430,
      "totalDamageDealt": 81857,
      "totalDamageTaken": 22499,
      "killingSprees": 1,
      "largestKillingSpree": 4,
      "team": 200,
      "win": true,
      "neutralMinionsKilled": 53,
      "largestMultiKill": 1,
      "physicalDamageDealtPlayer": 28895,
      "magicDamageDealtPlayer": 44321,
      "physicalDamageTaken": 17495,
      "magicDamageTaken": 3926,
      "timePlayed": 1801,
      "totalHeal": 4084,
      "totalUnitsHealed": 1,
      "assists": 15,
      "item0": 3207,
      "item1": 1011,
      "item2": 1001,
      "item3": 3068,
      "item4": 3082,
      "item6": 3341,
      "magicDamageDealtToChampions": 7349,
      "physicalDamageDealtToChampions": 4118,
      "totalDamageDealtToChampions": 11882,
      "trueDamageDealtPlayer": 8640,
      "trueDamageDealtToChampions": 414,
      "trueDamageTaken": 1077,
      "wardKilled": 1,
      "neutralMinionsKilledEnemyJungle": 5,
      "neutralMinionsKilledYourJungle": 48,
      "totalTimeCrowdControlDealt": 584
    }
  },
  "35884614": {
    "gameId": 825984558,
    "invalid": false,
    "gameMode": "CLASSIC",
    "gameType": "MATCHED_GAME",
    "subType": "RANKED_SOLO_5x5",
    "mapId": 1,
    "teamId": 200,
    "championId": 412,
    "spell1": 4,
    "spell2": 3,
    "level": 30,
    "ipEarned": 87,
    "createDate": 1399031069994,
    "fellowPlayers": [
      {
        "summonerId": 24447629,
        "teamId": 200,
        "championId": 21
      },
      {
        "summonerId": 24359181,
        "teamId": 100,
        "championId": 134
      },
      {
        "summonerId": 21599782,
        "teamId": 100,
        "championId": 51
      },
      {
        "summonerId": 19934562,
        "teamId": 200,
        "championId": 33
      },
      {
        "summonerId": 29312268,
        "teamId": 200,
        "championId": 99
      },
      {
        "summonerId": 38873432,
        "teamId": 100,
        "championId": 77
      },
      {
        "summonerId": 37813359,
        "teamId": 200,
        "championId": 102
      },
      {
        "summonerId": 40647809,
        "teamId": 100,
        "championId": 64
      },
      {
        "summonerId": 27966380,
        "teamId": 100,
        "championId": 25
      }
    ],
    "stats": {
      "level": 14,
      "goldEarned": 7780,
      "numDeaths": 5,
      "minionsKilled": 18,
      "championsKilled": 1,
      "goldSpent": 5215,
      "totalDamageDealt": 15993,
      "totalDamageTaken": 21974,
      "team": 200,
      "win": true,
      "largestMultiKill": 1,
      "physicalDamageDealtPlayer": 5300,
      "magicDamageDealtPlayer": 10692,
      "physicalDamageTaken": 14638,
      "magicDamageTaken": 6872,
      "timePlayed": 1801,
      "totalHeal": 2377,
      "totalUnitsHealed": 3,
      "assists": 18,
      "item0": 3222,
      "item1": 3117,
      "item2": 2045,
      "item3": 3097,
      "item6": 3341,
      "sightWardsBought": 1,
      "visionWardsBought": 1,
      "magicDamageDealtToChampions": 7760,
      "physicalDamageDealtToChampions": 1635,
      "totalDamageDealtToChampions": 9396,
      "trueDamageTaken": 462,
      "wardKilled": 1,
      "wardPlaced": 9,
      "totalTimeCrowdControlDealt": 110
    }
  },
  "40647809": {
    "gameId": 825984558,
    "invalid": false,
    "gameMode": "CLASSIC",
    "gameType": "MATCHED_GAME",
    "subType": "RANKED_SOLO_5x5",
    "mapId": 1,
    "teamId": 100,
    "championId": 64,
    "spell1": 11,
    "spell2": 4,
    "level": 30,
    "ipEarned": 58,
    "createDate": 1399031069987,
    "fellowPlayers": [
      {
        "summonerId": 24447629,
        "teamId": 200,
        "championId": 21
      },
      {
        "summonerId": 35884614,
        "teamId": 200,
        "championId": 412
      },
      {
        "summonerId": 24359181,
        "teamId": 100,
        "championId": 134
      },
      {
        "summonerId": 21599782,
        "teamId": 100,
        "championId": 51
      },
      {
        "summonerId": 19934562,
        "teamId": 200,
        "championId": 33
      },
      {
        "summonerId": 29312268,
        "teamId": 200,
        "championId": 99
      },
      {
        "summonerId": 38873432,
        "teamId": 100,
        "championId": 77
      },
      {
        "summonerId": 37813359,
        "teamId": 200,
        "championId": 102
      },
      {
        "summonerId": 27966380,
        "teamId": 100,
        "championId": 25
      }
    ],
    "stats": {
      "level": 15,
      "goldEarned": 12239,
      "numDeaths": 4,
      "minionsKilled": 46,
      "championsKilled": 12,
      "goldSpent": 12075,
      "totalDamageDealt": 136060,
      "totalDamageTaken": 24439,
      "killingSprees": 1,
      "largestKillingSpree": 11,
      "team": 100,
      "win": false,
      "neutralMinionsKilled": 90,
      "largestMultiKill": 1,
      "physicalDamageDealtPlayer": 89192,
      "magicDamageDealtPlayer": 35048,
      "physicalDamageTaken": 14606,
      "magicDamageTaken": 9179,
      "timePlayed": 1801,
      "totalHeal": 4265,
      "totalUnitsHealed": 1,
      "assists": 5,
      "item0": 3209,
      "item1": 3270,
      "item2": 3143,
      "item3": 3102,
      "item4": 3035,
      "item6": 3340,
      "sightWardsBought": 3,
      "magicDamageDealtToChampions": 3630,
      "physicalDamageDealtToChampions": 14767,
      "totalDamageDealtToChampions": 20296,
      "trueDamageDealtPlayer": 11818,
      "trueDamageDealtToChampions": 1897,
      "trueDamageTaken": 654,
      "wardPlaced": 7,
      "neutralMinionsKilledEnemyJungle": 3,
      "neutralMinionsKilledYourJungle": 87,
      "totalTimeCrowdControlDealt": 1559
    }
  },
  "24447629": {
    "gameId": 825984558,
    "invalid": false,
    "gameMode": "CLASSIC",
    "gameType": "MATCHED_GAME",
    "subType": "RANKED_SOLO_5x5",
    "mapId": 1,
    "teamId": 200,
    "championId": 21,
    "spell1": 4,
    "spell2": 7,
    "level": 30,
    "ipEarned": 237,
    "createDate": 1399031069997,
    "fellowPlayers": [
      {
        "summonerId": 35884614,
        "teamId": 200,
        "championId": 412
      },
      {
        "summonerId": 24359181,
        "teamId": 100,
        "championId": 134
      },
      {
        "summonerId": 21599782,
        "teamId": 100,
        "championId": 51
      },
      {
        "summonerId": 19934562,
        "teamId": 200,
        "championId": 33
      },
      {
        "summonerId": 29312268,
        "teamId": 200,
        "championId": 99
      },
      {
        "summonerId": 38873432,
        "teamId": 100,
        "championId": 77
      },
      {
        "summonerId": 37813359,
        "teamId": 200,
        "championId": 102
      },
      {
        "summonerId": 40647809,
        "teamId": 100,
        "championId": 64
      },
      {
        "summonerId": 27966380,
        "teamId": 100,
        "championId": 25
      }
    ],
    "stats": {
      "level": 15,
      "goldEarned": 10790,
      "numDeaths": 5,
      "turretsKilled": 2,
      "minionsKilled": 131,
      "championsKilled": 8,
      "goldSpent": 8270,
      "totalDamageDealt": 95720,
      "totalDamageTaken": 19593,
      "killingSprees": 2,
      "largestKillingSpree": 5,
      "team": 200,
      "win": true,
      "largestMultiKill": 1,
      "physicalDamageDealtPlayer": 81936,
      "magicDamageDealtPlayer": 13783,
      "physicalDamageTaken": 14818,
      "magicDamageTaken": 4407,
      "largestCriticalStrike": 600,
      "timePlayed": 1801,
      "totalHeal": 4135,
      "totalUnitsHealed": 4,
      "assists": 12,
      "item0": 1055,
      "item1": 3072,
      "item2": 3006,
      "item3": 2003,
      "item4": 3086,
      "item5": 3035,
      "item6": 3340,
      "sightWardsBought": 2,
      "magicDamageDealtToChampions": 4514,
      "physicalDamageDealtToChampions": 15349,
      "totalDamageDealtToChampions": 19864,
      "trueDamageTaken": 367,
      "wardKilled": 1,
      "wardPlaced": 10,
      "totalTimeCrowdControlDealt": 133
    }
  },
  "37813359": {
    "gameId": 825984558,
    "invalid": false,
    "gameMode": "CLASSIC",
    "gameType": "MATCHED_GAME",
    "subType": "RANKED_SOLO_5x5",
    "mapId": 1,
    "teamId": 200,
    "championId": 102,
    "spell1": 4,
    "spell2": 14,
    "level": 30,
    "ipEarned": 237,
    "createDate": 1399031069998,
    "fellowPlayers": [
      {
        "summonerId": 24447629,
        "teamId": 200,
        "championId": 21
      },
      {
        "summonerId": 35884614,
        "teamId": 200,
        "championId": 412
      },
      {
        "summonerId": 24359181,
        "teamId": 100,
        "championId": 134
      },
      {
        "summonerId": 21599782,
        "teamId": 100,
        "championId": 51
      },
      {
        "summonerId": 19934562,
        "teamId": 200,
        "championId": 33
      },
      {
        "summonerId": 29312268,
        "teamId": 200,
        "championId": 99
      },
      {
        "summonerId": 38873432,
        "teamId": 100,
        "championId": 77
      },
      {
        "summonerId": 40647809,
        "teamId": 100,
        "championId": 64
      },
      {
        "summonerId": 27966380,
        "teamId": 100,
        "championId": 25
      }
    ],
    "stats": {
      "level": 16,
      "goldEarned": 10844,
      "numDeaths": 5,
      "barracksKilled": 1,
      "turretsKilled": 3,
      "minionsKilled": 166,
      "championsKilled": 7,
      "goldSpent": 8870,
      "totalDamageDealt": 119996,
      "totalDamageTaken": 20140,
      "killingSprees": 3,
      "largestKillingSpree": 3,
      "team": 200,
      "win": true,
      "neutralMinionsKilled": 10,
      "largestMultiKill": 1,
      "physicalDamageDealtPlayer": 58154,
      "magicDamageDealtPlayer": 59603,
      "physicalDamageTaken": 16157,
      "magicDamageTaken": 3251,
      "timePlayed": 1801,
      "totalHeal": 462,
      "totalUnitsHealed": 1,
      "assists": 5,
      "item0": 3047,
      "item1": 3143,
      "item2": 3153,
      "item3": 3067,
      "item6": 3340,
      "magicDamageDealtToChampions": 7309,
      "physicalDamageDealtToChampions": 6173,
      "totalDamageDealtToChampions": 15229,
      "trueDamageDealtPlayer": 2238,
      "trueDamageDealtToChampions": 1746,
      "trueDamageTaken": 732,
      "wardPlaced": 9,
      "neutralMinionsKilledEnemyJungle": 1,
      "neutralMinionsKilledYourJungle": 9,
      "totalTimeCrowdControlDealt": 464
    }
  },
  "29312268": {
    "gameId": 825984558,
    "invalid": false,
    "gameMode": "CLASSIC",
    "gameType": "MATCHED_GAME",
    "subType": "RANKED_SOLO_5x5",
    "mapId": 1,
    "teamId": 200,
    "championId": 99,
    "spell1": 4,
    "spell2": 14,
    "level": 30,
    "ipEarned": 87,
    "createDate": 1399031069995,
    "fellowPlayers": [
      {
        "summonerId": 24447629,
        "teamId": 200,
        "championId": 21
      },
      {
        "summonerId": 35884614,
        "teamId": 200,
        "championId": 412
      },
      {
        "summonerId": 24359181,
        "teamId": 100,
        "championId": 134
      },
      {
        "summonerId": 21599782,
        "teamId": 100,
        "championId": 51
      },
      {
        "summonerId": 19934562,
        "teamId": 200,
        "championId": 33
      },
      {
        "summonerId": 38873432,
        "teamId": 100,
        "championId": 77
      },
      {
        "summonerId": 37813359,
        "teamId": 200,
        "championId": 102
      },
      {
        "summonerId": 40647809,
        "teamId": 100,
        "championId": 64
      },
      {
        "summonerId": 27966380,
        "teamId": 100,
        "championId": 25
      }
    ],
    "stats": {
      "level": 15,
      "goldEarned": 11963,
      "numDeaths": 5,
      "turretsKilled": 1,
      "minionsKilled": 153,
      "championsKilled": 13,
      "goldSpent": 8875,
      "totalDamageDealt": 100981,
      "totalDamageTaken": 16648,
      "killingSprees": 3,
      "largestKillingSpree": 6,
      "team": 200,
      "win": true,
      "largestMultiKill": 1,
      "physicalDamageDealtPlayer": 13485,
      "magicDamageDealtPlayer": 86511,
      "physicalDamageTaken": 9210,
      "magicDamageTaken": 6695,
      "timePlayed": 1801,
      "totalHeal": 288,
      "totalUnitsHealed": 1,
      "assists": 5,
      "item0": 3020,
      "item1": 3174,
      "item2": 3089,
      "item3": 1056,
      "item4": 3191,
      "item6": 3340,
      "magicDamageDealtToChampions": 22713,
      "physicalDamageDealtToChampions": 2700,
      "totalDamageDealtToChampions": 26196,
      "trueDamageDealtPlayer": 984,
      "trueDamageDealtToChampions": 782,
      "trueDamageTaken": 742,
      "wardPlaced": 8,
      "totalTimeCrowdControlDealt": 305
    }
  },
  "24359181": {
    "gameId": 825984558,
    "invalid": false,
    "gameMode": "CLASSIC",
    "gameType": "MATCHED_GAME",
    "subType": "RANKED_SOLO_5x5",
    "mapId": 1,
    "teamId": 100,
    "championId": 134,
    "spell1": 4,
    "spell2": 14,
    "level": 30,
    "ipEarned": 58,
    "createDate": 1399031069990,
    "fellowPlayers": [
      {
        "summonerId": 24447629,
        "teamId": 200,
        "championId": 21
      },
      {
        "summonerId": 35884614,
        "teamId": 200,
        "championId": 412
      },
      {
        "summonerId": 21599782,
        "teamId": 100,
        "championId": 51
      },
      {
        "summonerId": 19934562,
        "teamId": 200,
        "championId": 33
      },
      {
        "summonerId": 29312268,
        "teamId": 200,
        "championId": 99
      },
      {
        "summonerId": 38873432,
        "teamId": 100,
        "championId": 77
      },
      {
        "summonerId": 37813359,
        "teamId": 200,
        "championId": 102
      },
      {
        "summonerId": 40647809,
        "teamId": 100,
        "championId": 64
      },
      {
        "summonerId": 27966380,
        "teamId": 100,
        "championId": 25
      }
    ],
    "stats": {
      "level": 13,
      "goldEarned": 7870,
      "numDeaths": 7,
      "minionsKilled": 91,
      "championsKilled": 2,
      "goldSpent": 7475,
      "totalDamageDealt": 76445,
      "totalDamageTaken": 20596,
      "team": 100,
      "win": false,
      "neutralMinionsKilled": 13,
      "largestMultiKill": 1,
      "physicalDamageDealtPlayer": 10830,
      "magicDamageDealtPlayer": 64994,
      "physicalDamageTaken": 8270,
      "magicDamageTaken": 11534,
      "timePlayed": 1801,
      "totalHeal": 225,
      "totalUnitsHealed": 1,
      "assists": 5,
      "item0": 3157,
      "item1": 3028,
      "item2": 1056,
      "item3": 3020,
      "item5": 1011,
      "item6": 3340,
      "sightWardsBought": 3,
      "magicDamageDealtToChampions": 10803,
      "physicalDamageDealtToChampions": 1737,
      "totalDamageDealtToChampions": 13160,
      "trueDamageDealtPlayer": 620,
      "trueDamageDealtToChampions": 620,
      "trueDamageTaken": 792,
      "wardPlaced": 10,
      "neutralMinionsKilledEnemyJungle": 3,
      "neutralMinionsKilledYourJungle": 10,
      "totalTimeCrowdControlDealt": 298
    }
  },
  "21599782": {
    "gameId": 825984558,
    "invalid": false,
    "gameMode": "CLASSIC",
    "gameType": "MATCHED_GAME",
    "subType": "RANKED_SOLO_5x5",
    "mapId": 1,
    "teamId": 100,
    "championId": 51,
    "spell1": 21,
    "spell2": 4,
    "level": 30,
    "ipEarned": 58,
    "createDate": 1399031069991,
    "fellowPlayers": [
      {
        "summonerId": 24447629,
        "teamId": 200,
        "championId": 21
      },
      {
        "summonerId": 35884614,
        "teamId": 200,
        "championId": 412
      },
      {
        "summonerId": 24359181,
        "teamId": 100,
        "championId": 134
      },
      {
        "summonerId": 19934562,
        "teamId": 200,
        "championId": 33
      },
      {
        "summonerId": 29312268,
        "teamId": 200,
        "championId": 99
      },
      {
        "summonerId": 38873432,
        "teamId": 100,
        "championId": 77
      },
      {
        "summonerId": 37813359,
        "teamId": 200,
        "championId": 102
      },
      {
        "summonerId": 40647809,
        "teamId": 100,
        "championId": 64
      },
      {
        "summonerId": 27966380,
        "teamId": 100,
        "championId": 25
      }
    ],
    "stats": {
      "level": 12,
      "goldEarned": 8666,
      "numDeaths": 9,
      "turretsKilled": 2,
      "minionsKilled": 96,
      "championsKilled": 5,
      "goldSpent": 8125,
      "totalDamageDealt": 76252,
      "totalDamageTaken": 19055,
      "killingSprees": 1,
      "largestKillingSpree": 4,
      "team": 100,
      "win": false,
      "neutralMinionsKilled": 4,
      "largestMultiKill": 1,
      "physicalDamageDealtPlayer": 74067,
      "magicDamageDealtPlayer": 2185,
      "physicalDamageTaken": 10210,
      "magicDamageTaken": 8258,
      "largestCriticalStrike": 702,
      "timePlayed": 1801,
      "totalHeal": 225,
      "totalUnitsHealed": 1,
      "assists": 6,
      "item0": 3072,
      "item1": 3006,
      "item2": 3046,
      "item3": 1037,
      "item6": 3340,
      "magicDamageDealtToChampions": 2103,
      "physicalDamageDealtToChampions": 17312,
      "totalDamageDealtToChampions": 19415,
      "trueDamageTaken": 586,
      "wardKilled": 1,
      "wardPlaced": 6,
      "neutralMinionsKilledYourJungle": 4,
      "totalTimeCrowdControlDealt": 62
    }
  }
}