{
  "19868592": {
    "gameId": 825983719,
    "invalid": false,
    "gameMode": "CLASSIC",
    "gameType": "MATCHED_GAME",
    "subType": "RANKED_SOLO_5x5",
    "mapId": 1,
    "teamId": 100,
    "championId": 91,
    "spell1": 4,
    "spell2": 14,
    "level": 30,
    "ipEarned": 76,
    "createDate": 1399030628850,
    "fellowPlayers": [
      {
        "summonerId": 38394233,
        "teamId": 200,
        "championId": 99
      },
      {
        "summonerId": 19611391,
        "teamId": 200,
        "championId": 64
      },
      {
        "summonerId": 20616961,
        "teamId": 200,
        "championId": 24
      },
      {
        "summonerId": 25753656,
        "teamId": 100,
        "championId": 412
      },
      {
        "summonerId": 25489549,
        "teamId": 100,
        "championId": 222
      },
      {
        "summonerId": 30140809,
        "teamId": 200,
        "championId": 22
      },
      {
        "summonerId": 38113397,
        "teamId": 200,
        "championId": 82
      },
      {
        "summonerId": 19415376,
        "teamId": 100,
        "championId": 8
      },
      {
        "summonerId": 21330476,
        "teamId": 100,
        "championId": 254
      }
    ],
    "stats": {
      "level": 14,
      "goldEarned": 8757,
      "numDeaths": 7,
      "turretsKilled": 2,
      "minionsKilled": 100,
      "championsKilled": 1,
      "goldSpent": 7017,
      "totalDamageDealt": 70354,
      "totalDamageTaken": 16668,
      "team": 100,
      "win": true,
      "neutralMinionsKilled": 3,
      "largestMultiKill": 1,
      "physicalDamageDealtPlayer": 69678,
      "physicalDamageTaken": 11212,
      "magicDamageTaken": 4887,
      "timePlayed": 1433,
      "totalHeal": 986,
      "totalUnitsHealed": 1,
      "assists": 15,
      "item0": 1055,
      "item1": 3134,
      "item2": 3074,
      "item3": 3158,
      "item4": 1053,
      "item6": 3340,
      "physicalDamageDealtToChampions": 12863,
      "totalDamageDealtToChampions": 13480,
      "trueDamageDealtPlayer": 675,
      "trueDamageDealtToChampions": 617,
      "trueDamageTaken": 568,
      "wardPlaced": 3,
      "neutralMinionsKilledYourJungle": 3,
      "totalTimeCrowdControlDealt": 634
    }
  },
  "summonerCount": 10,
  "21330476": {
    "gameId": 825983719,
    "invalid": false,
    "gameMode": "CLASSIC",
    "gameType": "MATCHED_GAME",
    "subType": "RANKED_SOLO_5x5",
    "mapId": 1,
    "teamId": 100,
    "championId": 254,
    "spell1": 11,
    "spell2": 4,
    "level": 30,
    "ipEarned": 226,
    "createDate": 1399030628852,
    "fellowPlayers": [
      {
        "summonerId": 38394233,
        "teamId": 200,
        "championId": 99
      },
      {
        "summonerId": 19611391,
        "teamId": 200,
        "championId": 64
      },
      {
        "summonerId": 20616961,
        "teamId": 200,
        "championId": 24
      },
      {
        "summonerId": 25753656,
        "teamId": 100,
        "championId": 412
      },
      {
        "summonerId": 25489549,
        "teamId": 100,
        "championId": 222
      },
      {
        "summonerId": 30140809,
        "teamId": 200,
        "championId": 22
      },
      {
        "summonerId": 38113397,
        "teamId": 200,
        "championId": 82
      },
      {
        "summonerId": 19868592,
        "teamId": 100,
        "championId": 91
      },
      {
        "summonerId": 19415376,
        "teamId": 100,
        "championId": 8
      }
    ],
    "stats": {
      "level": 14,
      "goldEarned": 9569,
      "numDeaths": 3,
      "barracksKilled": 1,
      "minionsKilled": 27,
      "championsKilled": 4,
      "goldSpent": 6982,
      "totalDamageDealt": 93636,
      "totalDamageTaken": 14306,
      "killingSprees": 1,
      "largestKillingSpree": 2,
      "team": 100,
      "win": true,
      "neutralMinionsKilled": 58,
      "largestMultiKill": 1,
      "physicalDamageDealtPlayer": 69093,
      "magicDamageDealtPlayer": 14856,
      "physicalDamageTaken": 9962,
      "magicDamageTaken": 3460,
      "timePlayed": 1433,
      "totalHeal": 1711,
      "totalUnitsHealed": 1,
      "assists": 15,
      "item0": 3154,
      "item1": 3134,
      "item2": 1028,
      "item3": 3111,
      "item4": 1011,
      "item5": 3082,
      "item6": 3341,
      "physicalDamageDealtToChampions": 9242,
      "totalDamageDealtToChampions": 9637,
      "trueDamageDealtPlayer": 9687,
      "trueDamageDealtToChampions": 395,
      "trueDamageTaken": 883,
      "wardKilled": 2,
      "wardPlaced": 4,
      "neutralMinionsKilledEnemyJungle": 5,
      "neutralMinionsKilledYourJungle": 53,
      "totalTimeCrowdControlDealt": 540
    }
  },
  "20616961": {
    "gameId": 825983719,
    "invalid": false,
    "gameMode": "CLASSIC",
    "gameType": "MATCHED_GAME",
    "subType": "RANKED_SOLO_5x5",
    "mapId": 1,
    "teamId": 200,
    "championId": 24,
    "spell1": 4,
    "spell2": 14,
    "level": 30,
    "ipEarned": 51,
    "createDate": 1399030628861,
    "fellowPlayers": [
      {
        "summonerId": 38394233,
        "teamId": 200,
        "championId": 99
      },
      {
        "summonerId": 19611391,
        "teamId": 200,
        "championId": 64
      },
      {
        "summonerId": 25753656,
        "teamId": 100,
        "championId": 412
      },
      {
        "summonerId": 25489549,
        "teamId": 100,
        "championId": 222
      },
      {
        "summonerId": 30140809,
        "teamId": 200,
        "championId": 22
      },
      {
        "summonerId": 38113397,
        "teamId": 200,
        "championId": 82
      },
      {
        "summonerId": 19868592,
        "teamId": 100,
        "championId": 91
      },
      {
        "summonerId": 19415376,
        "teamId": 100,
        "championId": 8
      },
      {
        "summonerId": 21330476,
        "teamId": 100,
        "championId": 254
      }
    ],
    "stats": {
      "level": 12,
      "goldEarned": 6329,
      "numDeaths": 4,
      "turretsKilled": 1,
      "minionsKilled": 100,
      "championsKilled": 3,
      "goldSpent": 6130,
      "totalDamageDealt": 57525,
      "totalDamageTaken": 18089,
      "killingSprees": 1,
      "largestKillingSpree": 2,
      "team": 200,
      "win": false,
      "neutralMinionsKilled": 5,
      "largestMultiKill": 1,
      "physicalDamageDealtPlayer": 45884,
      "magicDamageDealtPlayer": 10742,
      "physicalDamageTaken": 13184,
      "magicDamageTaken": 4430,
      "timePlayed": 1433,
      "totalHeal": 3031,
      "totalUnitsHealed": 1,
      "assists": 2,
      "item0": 3153,
      "item1": 1028,
      "item2": 1055,
      "item3": 3260,
      "item4": 1055,
      "item6": 3340,
      "magicDamageDealtToChampions": 2508,
      "physicalDamageDealtToChampions": 6965,
      "totalDamageDealtToChampions": 10372,
      "trueDamageDealtPlayer": 898,
      "trueDamageDealtToChampions": 898,
      "trueDamageTaken": 474,
      "wardKilled": 1,
      "wardPlaced": 3,
      "neutralMinionsKilledYourJungle": 5,
      "totalTimeCrowdControlDealt": 35
    }
  },
  "38113397": {
    "gameId": 825983719,
    "invalid": false,
    "gameMode": "CLASSIC",
    "gameType": "MATCHED_GAME",
    "subType": "RANKED_SOLO_5x5",
    "mapId": 1,
    "teamId": 200,
    "championId": 82,
    "spell1": 14,
    "spell2": 4,
    "level": 30,
    "ipEarned": 51,
    "createDate": 1399030628856,
    "fellowPlayers": [
      {
        "summonerId": 38394233,
        "teamId": 200,
        "championId": 99
      },
      {
        "summonerId": 19611391,
        "teamId": 200,
        "championId": 64
      },
      {
        "summonerId": 20616961,
        "teamId": 200,
        "championId": 24
      },
      {
        "summonerId": 25753656,
        "teamId": 100,
        "championId": 412
      },
      {
        "summonerId": 25489549,
        "teamId": 100,
        "championId": 222
      },
      {
        "summonerId": 30140809,
        "teamId": 200,
        "championId": 22
      },
      {
        "summonerId": 19868592,
        "teamId": 100,
        "championId": 91
      },
      {
        "summonerId": 19415376,
        "teamId": 100,
        "championId": 8
      },
      {
        "summonerId": 21330476,
        "teamId": 100,
        "championId": 254
      }
    ],
    "stats": {
      "level": 13,
      "goldEarned": 7241,
      "numDeaths": 8,
      "minionsKilled": 120,
      "championsKilled": 6,
      "goldSpent": 7505,
      "totalDamageDealt": 78738,
      "totalDamageTaken": 14772,
      "doubleKills": 2,
      "killingSprees": 2,
      "largestKillingSpree": 3,
      "team": 200,
      "win": false,
      "largestMultiKill": 2,
      "physicalDamageDealtPlayer": 6961,
      "magicDamageDealtPlayer": 70594,
      "physicalDamageTaken": 9756,
      "magicDamageTaken": 4337,
      "timePlayed": 1433,
      "totalHeal": 1131,
      "totalUnitsHealed": 1,
      "item0": 3144,
      "item1": 3145,
      "item2": 3020,
      "item3": 3116,
      "item4": 1054,
      "item6": 3340,
      "magicDamageDealtToChampions": 14771,
      "physicalDamageDealtToChampions": 359,
      "totalDamageDealtToChampions": 16060,
      "trueDamageDealtPlayer": 1181,
      "trueDamageDealtToChampions": 929,
      "trueDamageTaken": 679,
      "wardPlaced": 6,
      "totalTimeCrowdControlDealt": 209
    }
  },
  "25489549": {
    "gameId": 825983719,
    "invalid": false,
    "gameMode": "CLASSIC",
    "gameType": "MATCHED_GAME",
    "subType": "RANKED_SOLO_5x5",
    "mapId": 1,
    "teamId": 100,
    "championId": 222,
    "spell1": 4,
    "spell2": 7,
    "level": 30,
    "ipEarned": 76,
    "createDate": 1399030628854,
    "fellowPlayers": [
      {
        "summonerId": 38394233,
        "teamId": 200,
        "championId": 99
      },
      {
        "summonerId": 19611391,
        "teamId": 200,
        "championId": 64
      },
      {
        "summonerId": 20616961,
        "teamId": 200,
        "championId": 24
      },
      {
        "summonerId": 25753656,
        "teamId": 100,
        "championId": 412
      },
      {
        "summonerId": 30140809,
        "teamId": 200,
        "championId": 22
      },
      {
        "summonerId": 38113397,
        "teamId": 200,
        "championId": 82
      },
      {
        "summonerId": 19868592,
        "teamId": 100,
        "championId": 91
      },
      {
        "summonerId": 19415376,
        "teamId": 100,
        "championId": 8
      },
      {
        "summonerId": 21330476,
        "teamId": 100,
        "championId": 254
      }
    ],
    "stats": {
      "level": 14,
      "goldEarned": 15059,
      "numDeaths": 1,
      "turretsKilled": 5,
      "minionsKilled": 143,
      "championsKilled": 25,
      "goldSpent": 11395,
      "totalDamageDealt": 110467,
      "totalDamageTaken": 13851,
      "doubleKills": 3,
      "tripleKills": 2,
      "killingSprees": 1,
      "largestKillingSpree": 25,
      "team": 100,
      "win": true,
      "neutralMinionsKilled": 1,
      "largestMultiKill": 3,
      "physicalDamageDealtPlayer": 108062,
      "magicDamageDealtPlayer": 947,
      "physicalDamageTaken": 7757,
      "magicDamageTaken": 6048,
      "largestCriticalStrike": 951,
      "timePlayed": 1433,
      "totalHeal": 2562,
      "totalUnitsHealed": 4,
      "assists": 5,
      "item0": 1055,
      "item1": 3072,
      "item2": 3035,
      "item3": 3250,
      "item4": 3031,
      "item6": 3340,
      "magicDamageDealtToChampions": 775,
      "physicalDamageDealtToChampions": 30346,
      "totalDamageDealtToChampions": 32155,
      "trueDamageDealtPlayer": 1456,
      "trueDamageDealtToChampions": 1032,
      "trueDamageTaken": 45,
      "wardPlaced": 4,
      "neutralMinionsKilledEnemyJungle": 1,
      "totalTimeCrowdControlDealt": 489
    }
  },
  "38394233": {
    "gameId": 825983719,
    "invalid": false,
    "gameMode": "CLASSIC",
    "gameType": "MATCHED_GAME",
    "subType": "RANKED_SOLO_5x5",
    "mapId": 1,
    "teamId": 200,
    "championId": 99,
    "spell1": 4,
    "spell2": 3,
    "level": 30,
    "ipEarned": 51,
    "createDate": 1399030628860,
    "fellowPlayers": [
      {
        "summonerId": 19611391,
        "teamId": 200,
        "championId": 64
      },
      {
        "summonerId": 20616961,
        "teamId": 200,
        "championId": 24
      },
      {
        "summonerId": 25753656,
        "teamId": 100,
        "championId": 412
      },
      {
        "summonerId": 25489549,
        "teamId": 100,
        "championId": 222
      },
      {
        "summonerId": 30140809,
        "teamId": 200,
        "championId": 22
      },
      {
        "summonerId": 38113397,
        "teamId": 200,
        "championId": 82
      },
      {
        "summonerId": 19868592,
        "teamId": 100,
        "championId": 91
      },
      {
        "summonerId": 19415376,
        "teamId": 100,
        "championId": 8
      },
      {
        "summonerId": 21330476,
        "teamId": 100,
        "championId": 254
      }
    ],
    "stats": {
      "level": 11,
      "goldEarned": 5873,
      "numDeaths": 11,
      "minionsKilled": 15,
      "championsKilled": 3,
      "goldSpent": 6030,
      "totalDamageDealt": 29100,
      "totalDamageTaken": 17341,
      "team": 200,
      "win": false,
      "largestMultiKill": 1,
      "physicalDamageDealtPlayer": 5027,
      "magicDamageDealtPlayer": 24073,
      "physicalDamageTaken": 13172,
      "magicDamageTaken": 3773,
      "timePlayed": 1433,
      "totalHeal": 36,
      "totalUnitsHealed": 1,
      "assists": 4,
      "item0": 3092,
      "item1": 3136,
      "item2": 1026,
      "item4": 1052,
      "item5": 1001,
      "item6": 3340,
      "sightWardsBought": 2,
      "magicDamageDealtToChampions": 10691,
      "physicalDamageDealtToChampions": 3163,
      "totalDamageDealtToChampions": 13854,
      "trueDamageTaken": 396,
      "wardPlaced": 5,
      "totalTimeCrowdControlDealt": 115
    }
  },
  "19415376": {
    "gameId": 825983719,
    "invalid": false,
    "gameMode": "CLASSIC",
    "gameType": "MATCHED_GAME",
    "subType": "RANKED_SOLO_5x5",
    "mapId": 1,
    "teamId": 100,
    "championId": 8,
    "spell1": 4,
    "spell2": 14,
    "level": 30,
    "ipEarned": 76,
    "createDate": 1399030628851,
    "fellowPlayers": [
      {
        "summonerId": 38394233,
        "teamId": 200,
        "championId": 99
      },
      {
        "summonerId": 19611391,
        "teamId": 200,
        "championId": 64
      },
      {
        "summonerId": 20616961,
        "teamId": 200,
        "championId": 24
      },
      {
        "summonerId": 25753656,
        "teamId": 100,
        "championId": 412
      },
      {
        "summonerId": 25489549,
        "teamId": 100,
        "championId": 222
      },
      {
        "summonerId": 30140809,
        "teamId": 200,
        "championId": 22
      },
      {
        "summonerId": 38113397,
        "teamId": 200,
        "championId": 82
      },
      {
        "summonerId": 19868592,
        "teamId": 100,
        "championId": 91
      },
      {
        "summonerId": 21330476,
        "teamId": 100,
        "championId": 254
      }
    ],
    "stats": {
      "level": 15,
      "goldEarned": 10142,
      "numDeaths": 4,
      "turretsKilled": 1,
      "minionsKilled": 147,
      "championsKilled": 7,
      "goldSpent": 9675,
      "totalDamageDealt": 78428,
      "totalDamageTaken": 17698,
      "killingSprees": 1,
      "largestKillingSpree": 4,
      "team": 100,
      "win": true,
      "neutralMinionsKilled": 2,
      "largestMultiKill": 1,
      "physicalDamageDealtPlayer": 11813,
      "magicDamageDealtPlayer": 66133,
      "physicalDamageTaken": 6958,
      "magicDamageTaken": 9821,
      "timePlayed": 1433,
      "totalHeal": 9149,
      "totalUnitsHealed": 1,
      "assists": 7,
      "item0": 3020,
      "item1": 3116,
      "item2": 3152,
      "item3": 3001,
      "item4": 1054,
      "item6": 3340,
      "magicDamageDealtToChampions": 12808,
      "physicalDamageDealtToChampions": 640,
      "totalDamageDealtToChampions": 13930,
      "trueDamageDealtPlayer": 481,
      "trueDamageDealtToChampions": 481,
      "trueDamageTaken": 918,
      "wardPlaced": 3,
      "neutralMinionsKilledEnemyJungle": 2,
      "totalTimeCrowdControlDealt": 442
    }
  },
  "19611391": {
    "gameId": 825983719,
    "invalid": false,
    "gameMode": "CLASSIC",
    "gameType": "MATCHED_GAME",
    "subType": "RANKED_SOLO_5x5",
    "mapId": 1,
    "teamId": 200,
    "championId": 64,
    "spell1": 11,
    "spell2": 4,
    "level": 30,
    "ipEarned": 51,
    "createDate": 1399030628857,
    "fellowPlayers": [
      {
        "summonerId": 38394233,
        "teamId": 200,
        "championId": 99
      },
      {
        "summonerId": 20616961,
        "teamId": 200,
        "championId": 24
      },
      {
        "summonerId": 25753656,
        "teamId": 100,
        "championId": 412
      },
      {
        "summonerId": 25489549,
        "teamId": 100,
        "championId": 222
      },
      {
        "summonerId": 30140809,
        "teamId": 200,
        "championId": 22
      },
      {
        "summonerId": 38113397,
        "teamId": 200,
        "championId": 82
      },
      {
        "summonerId": 19868592,
        "teamId": 100,
        "championId": 91
      },
      {
        "summonerId": 19415376,
        "teamId": 100,
        "championId": 8
      },
      {
        "summonerId": 21330476,
        "teamId": 100,
        "championId": 254
      }
    ],
    "stats": {
      "level": 13,
      "goldEarned": 7193,
      "numDeaths": 8,
      "minionsKilled": 29,
      "championsKilled": 5,
      "goldSpent": 6685,
      "totalDamageDealt": 74678,
      "totalDamageTaken": 20530,
      "killingSprees": 1,
      "largestKillingSpree": 2,
      "team": 200,
      "win": false,
      "neutralMinionsKilled": 53,
      "largestMultiKill": 1,
      "physicalDamageDealtPlayer": 52665,
      "magicDamageDealtPlayer": 12889,
      "physicalDamageTaken": 16981,
      "magicDamageTaken": 3039,
      "timePlayed": 1433,
      "totalHeal": 2694,
      "totalUnitsHealed": 1,
      "assists": 4,
      "item0": 3209,
      "item1": 1053,
      "item2": 2003,
      "item3": 3111,
      "item4": 3082,
      "item5": 1011,
      "item6": 3362,
      "magicDamageDealtToChampions": 1299,
      "physicalDamageDealtToChampions": 7825,
      "totalDamageDealtToChampions": 9982,
      "trueDamageDealtPlayer": 9124,
      "trueDamageDealtToChampions": 857,
      "trueDamageTaken": 509,
      "wardPlaced": 4,
      "neutralMinionsKilledEnemyJungle": 1,
      "neutralMinionsKilledYourJungle": 52,
      "totalTimeCrowdControlDealt": 925
    }
  },
  "25753656": {
    "gameId": 825983719,
    "invalid": false,
    "gameMode": "CLASSIC",
    "gameType": "MATCHED_GAME",
    "subType": "RANKED_SOLO_5x5",
    "mapId": 1,
    "teamId": 100,
    "championId": 412,
    "spell1": 4,
    "spell2": 3,
    "level": 30,
    "ipEarned": 226,
    "createDate": 1399030628855,
    "fellowPlayers": [
      {
        "summonerId": 38394233,
        "teamId": 200,
        "championId": 99
      },
      {
        "summonerId": 19611391,
        "teamId": 200,
        "championId": 64
      },
      {
        "summonerId": 20616961,
        "teamId": 200,
        "championId": 24
      },
      {
        "summonerId": 25489549,
        "teamId": 100,
        "championId": 222
      },
      {
        "summonerId": 30140809,
        "teamId": 200,
        "championId": 22
      },
      {
        "summonerId": 38113397,
        "teamId": 200,
        "championId": 82
      },
      {
        "summonerId": 19868592,
        "teamId": 100,
        "championId": 91
      },
      {
        "summonerId": 19415376,
        "teamId": 100,
        "championId": 8
      },
      {
        "summonerId": 21330476,
        "teamId": 100,
        "championId": 254
      }
    ],
    "stats": {
      "level": 13,
      "goldEarned": 8562,
      "numDeaths": 2,
      "minionsKilled": 24,
      "championsKilled": 3,
      "goldSpent": 6620,
      "totalDamageDealt": 16239,
      "totalDamageTaken": 17387,
      "killingSprees": 1,
      "largestKillingSpree": 2,
      "team": 100,
      "win": true,
      "largestMultiKill": 1,
      "physicalDamageDealtPlayer": 8008,
      "magicDamageDealtPlayer": 8230,
      "physicalDamageTaken": 10991,
      "magicDamageTaken": 5919,
      "timePlayed": 1433,
      "totalHeal": 3039,
      "totalUnitsHealed": 3,
      "assists": 22,
      "item0": 3117,
      "item1": 1011,
      "item2": 3401,
      "item3": 3082,
      "item4": 2049,
      "item6": 3340,
      "sightWardsBought": 2,
      "visionWardsBought": 2,
      "magicDamageDealtToChampions": 3685,
      "physicalDamageDealtToChampions": 1901,
      "totalDamageDealtToChampions": 5587,
      "trueDamageTaken": 476,
      "wardPlaced": 16,
      "totalTimeCrowdControlDealt": 133
    }
  },
  "30140809": {
    "gameId": 825983719,
    "invalid": false,
    "gameMode": "CLASSIC",
    "gameType": "MATCHED_GAME",
    "subType": "RANKED_SOLO_5x5",
    "mapId": 1,
    "teamId": 200,
    "championId": 22,
    "spell1": 4,
    "spell2": 7,
    "level": 30,
    "ipEarned": 51,
    "createDate": 1399030628859,
    "fellowPlayers": [
      {
        "summonerId": 38394233,
        "teamId": 200,
        "championId": 99
      },
      {
        "summonerId": 19611391,
        "teamId": 200,
        "championId": 64
      },
      {
        "summonerId": 20616961,
        "teamId": 200,
        "championId": 24
      },
      {
        "summonerId": 25753656,
        "teamId": 100,
        "championId": 412
      },
      {
        "summonerId": 25489549,
        "teamId": 100,
        "championId": 222
      },
      {
        "summonerId": 38113397,
        "teamId": 200,
        "championId": 82
      },
      {
        "summonerId": 19868592,
        "teamId": 100,
        "championId": 91
      },
      {
        "summonerId": 19415376,
        "teamId": 100,
        "championId": 8
      },
      {
        "summonerId": 21330476,
        "teamId": 100,
        "championId": 254
      }
    ],
    "stats": {
      "level": 10,
      "goldEarned": 5927,
      "numDeaths": 9,
      "minionsKilled": 116,
      "goldSpent": 5045,
      "totalDamageDealt": 50676,
      "totalDamageTaken": 16298,
      "team": 200,
      "win": false,
      "physicalDamageDealtPlayer": 49296,
      "magicDamageDealtPlayer": 1379,
      "physicalDamageTaken": 14142,
      "magicDamageTaken": 1687,
      "largestCriticalStrike": 349,
      "timePlayed": 1433,
      "totalHeal": 1702,
      "totalUnitsHealed": 3,
      "assists": 3,
      "item0": 1055,
      "item1": 3072,
      "item2": 3006,
      "item3": 1042,
      "item6": 3340,
      "magicDamageDealtToChampions": 868,
      "physicalDamageDealtToChampions": 7845,
      "totalDamageDealtToChampions": 8713,
      "trueDamageTaken": 468,
      "wardPlaced": 4,
      "totalTimeCrowdControlDealt": 317
    }
  }
}