{
  "30939359": {
    "gameId": 825974930,
    "invalid": false,
    "gameMode": "CLASSIC",
    "gameType": "MATCHED_GAME",
    "subType": "RANKED_TEAM_5x5",
    "mapId": 1,
    "teamId": 100,
    "championId": 24,
    "spell1": 4,
    "spell2": 14,
    "level": 30,
    "ipEarned": 67,
    "createDate": 1399031214013,
    "fellowPlayers": [
      {
        "summonerId": 34704363,
        "teamId": 200,
        "championId": 115
      },
      {
        "summonerId": 31257441,
        "teamId": 200,
        "championId": 60
      },
      {
        "summonerId": 19508273,
        "teamId": 100,
        "championId": 12
      },
      {
        "summonerId": 35404174,
        "teamId": 200,
        "championId": 80
      },
      {
        "summonerId": 36040749,
        "teamId": 100,
        "championId": 79
      },
      {
        "summonerId": 24115434,
        "teamId": 100,
        "championId": 64
      },
      {
        "summonerId": 29914447,
        "teamId": 200,
        "championId": 81
      },
      {
        "summonerId": 40386597,
        "teamId": 100,
        "championId": 51
      },
      {
        "summonerId": 23630035,
        "teamId": 200,
        "championId": 89
      }
    ],
    "stats": {
      "level": 14,
      "goldEarned": 10284,
      "numDeaths": 12,
      "turretsKilled": 1,
      "minionsKilled": 109,
      "championsKilled": 10,
      "goldSpent": 12533,
      "totalDamageDealt": 69722,
      "totalDamageTaken": 30848,
      "doubleKills": 1,
      "killingSprees": 3,
      "largestKillingSpree": 4,
      "team": 100,
      "win": false,
      "neutralMinionsKilled": 4,
      "largestMultiKill": 2,
      "physicalDamageDealtPlayer": 54006,
      "magicDamageDealtPlayer": 14745,
      "physicalDamageTaken": 14249,
      "magicDamageTaken": 15933,
      "largestCriticalStrike": 575,
      "timePlayed": 2166,
      "totalHeal": 1350,
      "totalUnitsHealed": 1,
      "assists": 4,
      "item0": 3153,
      "item1": 3260,
      "item3": 3078,
      "item6": 3340,
      "magicDamageDealtToChampions": 6946,
      "physicalDamageDealtToChampions": 13634,
      "totalDamageDealtToChampions": 21519,
      "trueDamageDealtPlayer": 970,
      "trueDamageDealtToChampions": 938,
      "trueDamageTaken": 666,
      "wardPlaced": 6,
      "neutralMinionsKilledYourJungle": 4,
      "totalTimeCrowdControlDealt": 141
    }
  },
  "summonerCount": 10,
  "36040749": {
    "gameId": 825974930,
    "invalid": false,
    "gameMode": "CLASSIC",
    "gameType": "MATCHED_GAME",
    "subType": "RANKED_TEAM_5x5",
    "mapId": 1,
    "teamId": 100,
    "championId": 79,
    "spell1": 4,
    "spell2": 14,
    "level": 30,
    "ipEarned": 67,
    "createDate": 1399031214015,
    "fellowPlayers": [
      {
        "summonerId": 34704363,
        "teamId": 200,
        "championId": 115
      },
      {
        "summonerId": 31257441,
        "teamId": 200,
        "championId": 60
      },
      {
        "summonerId": 19508273,
        "teamId": 100,
        "championId": 12
      },
      {
        "summonerId": 30939359,
        "teamId": 100,
        "championId": 24
      },
      {
        "summonerId": 35404174,
        "teamId": 200,
        "championId": 80
      },
      {
        "summonerId": 24115434,
        "teamId": 100,
        "championId": 64
      },
      {
        "summonerId": 29914447,
        "teamId": 200,
        "championId": 81
      },
      {
        "summonerId": 40386597,
        "teamId": 100,
        "championId": 51
      },
      {
        "summonerId": 23630035,
        "teamId": 200,
        "championId": 89
      }
    ],
    "stats": {
      "level": 13,
      "goldEarned": 8030,
      "numDeaths": 13,
      "minionsKilled": 76,
      "championsKilled": 3,
      "goldSpent": 7690,
      "totalDamageDealt": 61347,
      "totalDamageTaken": 28280,
      "team": 100,
      "win": false,
      "neutralMinionsKilled": 4,
      "largestMultiKill": 1,
      "physicalDamageDealtPlayer": 8399,
      "magicDamageDealtPlayer": 51791,
      "physicalDamageTaken": 12118,
      "magicDamageTaken": 15616,
      "largestCriticalStrike": 386,
      "timePlayed": 2166,
      "totalHeal": 3668,
      "totalUnitsHealed": 1,
      "assists": 11,
      "item0": 3027,
      "item1": 3255,
      "item2": 3174,
      "item6": 3340,
      "magicDamageDealtToChampions": 15439,
      "physicalDamageDealtToChampions": 1550,
      "totalDamageDealtToChampions": 18145,
      "trueDamageDealtPlayer": 1156,
      "trueDamageDealtToChampions": 1156,
      "trueDamageTaken": 546,
      "wardPlaced": 5,
      "neutralMinionsKilledYourJungle": 4,
      "totalTimeCrowdControlDealt": 383
    }
  },
  "31257441": {
    "gameId": 825974930,
    "invalid": false,
    "gameMode": "CLASSIC",
    "gameType": "MATCHED_GAME",
    "subType": "RANKED_TEAM_5x5",
    "mapId": 1,
    "teamId": 200,
    "championId": 60,
    "spell1": 11,
    "spell2": 4,
    "level": 30,
    "ipEarned": 101,
    "createDate": 1399031214019,
    "fellowPlayers": [
      {
        "summonerId": 34704363,
        "teamId": 200,
        "championId": 115
      },
      {
        "summonerId": 19508273,
        "teamId": 100,
        "championId": 12
      },
      {
        "summonerId": 30939359,
        "teamId": 100,
        "championId": 24
      },
      {
        "summonerId": 35404174,
        "teamId": 200,
        "championId": 80
      },
      {
        "summonerId": 36040749,
        "teamId": 100,
        "championId": 79
      },
      {
        "summonerId": 24115434,
        "teamId": 100,
        "championId": 64
      },
      {
        "summonerId": 29914447,
        "teamId": 200,
        "championId": 81
      },
      {
        "summonerId": 40386597,
        "teamId": 100,
        "championId": 51
      },
      {
        "summonerId": 23630035,
        "teamId": 200,
        "championId": 89
      }
    ],
    "stats": {
      "level": 15,
      "goldEarned": 12715,
      "numDeaths": 8,
      "minionsKilled": 11,
      "championsKilled": 12,
      "goldSpent": 10720,
      "totalDamageDealt": 81193,
      "totalDamageTaken": 26270,
      "doubleKills": 1,
      "killingSprees": 3,
      "largestKillingSpree": 5,
      "team": 200,
      "win": true,
      "neutralMinionsKilled": 33,
      "largestMultiKill": 2,
      "physicalDamageDealtPlayer": 31383,
      "magicDamageDealtPlayer": 43371,
      "physicalDamageTaken": 20093,
      "magicDamageTaken": 5438,
      "timePlayed": 2166,
      "totalHeal": 2299,
      "totalUnitsHealed": 1,
      "assists": 14,
      "item0": 3207,
      "item1": 3151,
      "item2": 3111,
      "item3": 3190,
      "item4": 2003,
      "item5": 3211,
      "item6": 3340,
      "magicDamageDealtToChampions": 14071,
      "physicalDamageDealtToChampions": 4400,
      "totalDamageDealtToChampions": 18679,
      "trueDamageDealtPlayer": 6438,
      "trueDamageDealtToChampions": 208,
      "trueDamageTaken": 738,
      "wardPlaced": 7,
      "neutralMinionsKilledEnemyJungle": 7,
      "neutralMinionsKilledYourJungle": 26,
      "totalTimeCrowdControlDealt": 109
    }
  },
  "34704363": {
    "gameId": 825974930,
    "invalid": false,
    "gameMode": "CLASSIC",
    "gameType": "MATCHED_GAME",
    "subType": "RANKED_TEAM_5x5",
    "mapId": 1,
    "teamId": 200,
    "championId": 115,
    "spell1": 21,
    "spell2": 4,
    "level": 30,
    "ipEarned": 251,
    "createDate": 1399031214020,
    "fellowPlayers": [
      {
        "summonerId": 31257441,
        "teamId": 200,
        "championId": 60
      },
      {
        "summonerId": 19508273,
        "teamId": 100,
        "championId": 12
      },
      {
        "summonerId": 30939359,
        "teamId": 100,
        "championId": 24
      },
      {
        "summonerId": 35404174,
        "teamId": 200,
        "championId": 80
      },
      {
        "summonerId": 36040749,
        "teamId": 100,
        "championId": 79
      },
      {
        "summonerId": 24115434,
        "teamId": 100,
        "championId": 64
      },
      {
        "summonerId": 29914447,
        "teamId": 200,
        "championId": 81
      },
      {
        "summonerId": 40386597,
        "teamId": 100,
        "championId": 51
      },
      {
        "summonerId": 23630035,
        "teamId": 200,
        "championId": 89
      }
    ],
    "stats": {
      "level": 17,
      "goldEarned": 17043,
      "numDeaths": 5,
      "barracksKilled": 1,
      "turretsKilled": 2,
      "minionsKilled": 212,
      "championsKilled": 18,
      "goldSpent": 14690,
      "totalDamageDealt": 194705,
      "totalDamageTaken": 17114,
      "killingSprees": 4,
      "largestKillingSpree": 10,
      "team": 200,
      "win": true,
      "neutralMinionsKilled": 10,
      "largestMultiKill": 1,
      "physicalDamageDealtPlayer": 15286,
      "magicDamageDealtPlayer": 179418,
      "physicalDamageTaken": 9597,
      "magicDamageTaken": 7037,
      "timePlayed": 2166,
      "totalHeal": 1072,
      "totalUnitsHealed": 1,
      "assists": 18,
      "item0": 3157,
      "item1": 3174,
      "item2": 3089,
      "item3": 3020,
      "item4": 3057,
      "item5": 3135,
      "item6": 3340,
      "sightWardsBought": 1,
      "magicDamageDealtToChampions": 44154,
      "physicalDamageDealtToChampions": 2337,
      "totalDamageDealtToChampions": 46491,
      "trueDamageTaken": 480,
      "wardPlaced": 10,
      "neutralMinionsKilledEnemyJungle": 8,
      "neutralMinionsKilledYourJungle": 2,
      "totalTimeCrowdControlDealt": 331
    }
  },
  "19508273": {
    "gameId": 825974930,
    "invalid": false,
    "gameMode": "CLASSIC",
    "gameType": "MATCHED_GAME",
    "subType": "RANKED_TEAM_5x5",
    "mapId": 1,
    "teamId": 100,
    "championId": 12,
    "spell1": 3,
    "spell2": 4,
    "level": 30,
    "ipEarned": 67,
    "createDate": 1399031214014,
    "fellowPlayers": [
      {
        "summonerId": 34704363,
        "teamId": 200,
        "championId": 115
      },
      {
        "summonerId": 31257441,
        "teamId": 200,
        "championId": 60
      },
      {
        "summonerId": 30939359,
        "teamId": 100,
        "championId": 24
      },
      {
        "summonerId": 35404174,
        "teamId": 200,
        "championId": 80
      },
      {
        "summonerId": 36040749,
        "teamId": 100,
        "championId": 79
      },
      {
        "summonerId": 24115434,
        "teamId": 100,
        "championId": 64
      },
      {
        "summonerId": 29914447,
        "teamId": 200,
        "championId": 81
      },
      {
        "summonerId": 40386597,
        "teamId": 100,
        "championId": 51
      },
      {
        "summonerId": 23630035,
        "teamId": 200,
        "championId": 89
      }
    ],
    "stats": {
      "level": 13,
      "goldEarned": 8765,
      "numDeaths": 12,
      "minionsKilled": 27,
      "championsKilled": 4,
      "goldSpent": 7565,
      "totalDamageDealt": 25528,
      "totalDamageTaken": 36997,
      "killingSprees": 1,
      "largestKillingSpree": 2,
      "team": 100,
      "win": false,
      "largestMultiKill": 1,
      "physicalDamageDealtPlayer": 6752,
      "magicDamageDealtPlayer": 18775,
      "physicalDamageTaken": 13149,
      "magicDamageTaken": 23291,
      "timePlayed": 2166,
      "totalHeal": 9903,
      "totalUnitsHealed": 25,
      "assists": 10,
      "item0": 2045,
      "item1": 3270,
      "item2": 3301,
      "item3": 3110,
      "item4": 1028,
      "item5": 1011,
      "item6": 3341,
      "sightWardsBought": 1,
      "magicDamageDealtToChampions": 5623,
      "physicalDamageDealtToChampions": 2294,
      "totalDamageDealtToChampions": 7917,
      "trueDamageTaken": 556,
      "wardKilled": 1,
      "wardPlaced": 13,
      "totalTimeCrowdControlDealt": 663
    }
  },
  "35404174": {
    "gameId": 825974930,
    "invalid": false,
    "gameMode": "CLASSIC",
    "gameType": "MATCHED_GAME",
    "subType": "RANKED_TEAM_5x5",
    "mapId": 1,
    "teamId": 200,
    "championId": 80,
    "spell1": 12,
    "spell2": 4,
    "level": 30,
    "ipEarned": 101,
    "createDate": 1399031214024,
    "fellowPlayers": [
      {
        "summonerId": 34704363,
        "teamId": 200,
        "championId": 115
      },
      {
        "summonerId": 31257441,
        "teamId": 200,
        "championId": 60
      },
      {
        "summonerId": 19508273,
        "teamId": 100,
        "championId": 12
      },
      {
        "summonerId": 30939359,
        "teamId": 100,
        "championId": 24
      },
      {
        "summonerId": 36040749,
        "teamId": 100,
        "championId": 79
      },
      {
        "summonerId": 24115434,
        "teamId": 100,
        "championId": 64
      },
      {
        "summonerId": 29914447,
        "teamId": 200,
        "championId": 81
      },
      {
        "summonerId": 40386597,
        "teamId": 100,
        "championId": 51
      },
      {
        "summonerId": 23630035,
        "teamId": 200,
        "championId": 89
      }
    ],
    "stats": {
      "level": 15,
      "goldEarned": 12289,
      "numDeaths": 5,
      "turretsKilled": 1,
      "minionsKilled": 95,
      "championsKilled": 8,
      "goldSpent": 10230,
      "totalDamageDealt": 76645,
      "totalDamageTaken": 21338,
      "doubleKills": 1,
      "killingSprees": 3,
      "largestKillingSpree": 3,
      "team": 200,
      "win": true,
      "neutralMinionsKilled": 9,
      "largestMultiKill": 2,
      "physicalDamageDealtPlayer": 73022,
      "magicDamageDealtPlayer": 3623,
      "physicalDamageTaken": 13774,
      "magicDamageTaken": 6938,
      "largestCriticalStrike": 723,
      "timePlayed": 2166,
      "totalHeal": 222,
      "totalUnitsHealed": 1,
      "assists": 17,
      "item0": 3035,
      "item1": 2003,
      "item2": 3143,
      "item3": 3071,
      "item4": 3117,
      "item6": 3340,
      "sightWardsBought": 5,
      "magicDamageDealtToChampions": 3199,
      "physicalDamageDealtToChampions": 18543,
      "totalDamageDealtToChampions": 21743,
      "trueDamageTaken": 626,
      "wardKilled": 1,
      "wardPlaced": 16,
      "neutralMinionsKilledEnemyJungle": 5,
      "neutralMinionsKilledYourJungle": 4,
      "totalTimeCrowdControlDealt": 215
    }
  },
  "40386597": {
    "gameId": 825974930,
    "invalid": false,
    "gameMode": "CLASSIC",
    "gameType": "MATCHED_GAME",
    "subType": "RANKED_TEAM_5x5",
    "mapId": 1,
    "teamId": 100,
    "championId": 51,
    "spell1": 4,
    "spell2": 21,
    "level": 30,
    "ipEarned": 67,
    "createDate": 1399031214018,
    "fellowPlayers": [
      {
        "summonerId": 34704363,
        "teamId": 200,
        "championId": 115
      },
      {
        "summonerId": 31257441,
        "teamId": 200,
        "championId": 60
      },
      {
        "summonerId": 19508273,
        "teamId": 100,
        "championId": 12
      },
      {
        "summonerId": 30939359,
        "teamId": 100,
        "championId": 24
      },
      {
        "summonerId": 35404174,
        "teamId": 200,
        "championId": 80
      },
      {
        "summonerId": 36040749,
        "teamId": 100,
        "championId": 79
      },
      {
        "summonerId": 24115434,
        "teamId": 100,
        "championId": 64
      },
      {
        "summonerId": 29914447,
        "teamId": 200,
        "championId": 81
      },
      {
        "summonerId": 23630035,
        "teamId": 200,
        "championId": 89
      }
    ],
    "stats": {
      "level": 14,
      "goldEarned": 8715,
      "numDeaths": 12,
      "minionsKilled": 106,
      "championsKilled": 4,
      "goldSpent": 8365,
      "totalDamageDealt": 72883,
      "totalDamageTaken": 24223,
      "team": 100,
      "win": false,
      "neutralMinionsKilled": 3,
      "largestMultiKill": 1,
      "physicalDamageDealtPlayer": 71780,
      "magicDamageDealtPlayer": 1103,
      "physicalDamageTaken": 8825,
      "magicDamageTaken": 15134,
      "timePlayed": 2166,
      "totalHeal": 2136,
      "totalUnitsHealed": 1,
      "assists": 7,
      "item0": 1055,
      "item1": 3072,
      "item2": 3270,
      "item3": 3085,
      "item4": 1037,
      "item6": 3340,
      "magicDamageDealtToChampions": 851,
      "physicalDamageDealtToChampions": 12072,
      "totalDamageDealtToChampions": 12924,
      "trueDamageTaken": 264,
      "wardKilled": 1,
      "wardPlaced": 3,
      "neutralMinionsKilledEnemyJungle": 1,
      "neutralMinionsKilledYourJungle": 2,
      "totalTimeCrowdControlDealt": 30
    }
  },
  "29914447": {
    "gameId": 825974930,
    "invalid": false,
    "gameMode": "CLASSIC",
    "gameType": "MATCHED_GAME",
    "subType": "RANKED_TEAM_5x5",
    "mapId": 1,
    "teamId": 200,
    "championId": 81,
    "spell1": 7,
    "spell2": 4,
    "level": 30,
    "ipEarned": 101,
    "createDate": 1399031214023,
    "fellowPlayers": [
      {
        "summonerId": 34704363,
        "teamId": 200,
        "championId": 115
      },
      {
        "summonerId": 31257441,
        "teamId": 200,
        "championId": 60
      },
      {
        "summonerId": 19508273,
        "teamId": 100,
        "championId": 12
      },
      {
        "summonerId": 30939359,
        "teamId": 100,
        "championId": 24
      },
      {
        "summonerId": 35404174,
        "teamId": 200,
        "championId": 80
      },
      {
        "summonerId": 36040749,
        "teamId": 100,
        "championId": 79
      },
      {
        "summonerId": 24115434,
        "teamId": 100,
        "championId": 64
      },
      {
        "summonerId": 40386597,
        "teamId": 100,
        "championId": 51
      },
      {
        "summonerId": 23630035,
        "teamId": 200,
        "championId": 89
      }
    ],
    "stats": {
      "level": 17,
      "goldEarned": 15947,
      "numDeaths": 5,
      "turretsKilled": 2,
      "minionsKilled": 178,
      "championsKilled": 13,
      "goldSpent": 18556,
      "totalDamageDealt": 126552,
      "totalDamageTaken": 20771,
      "doubleKills": 1,
      "killingSprees": 2,
      "largestKillingSpree": 9,
      "team": 200,
      "win": true,
      "neutralMinionsKilled": 8,
      "largestMultiKill": 2,
      "physicalDamageDealtPlayer": 101071,
      "magicDamageDealtPlayer": 24934,
      "physicalDamageTaken": 12627,
      "magicDamageTaken": 7269,
      "largestCriticalStrike": 746,
      "timePlayed": 2166,
      "totalHeal": 3146,
      "totalUnitsHealed": 2,
      "assists": 20,
      "item0": 3035,
      "item1": 3025,
      "item2": 3078,
      "item3": 3072,
      "item4": 3250,
      "item5": 1031,
      "item6": 3340,
      "magicDamageDealtToChampions": 10346,
      "physicalDamageDealtToChampions": 16135,
      "totalDamageDealtToChampions": 26630,
      "trueDamageDealtPlayer": 546,
      "trueDamageDealtToChampions": 148,
      "trueDamageTaken": 874,
      "wardKilled": 3,
      "wardPlaced": 5,
      "neutralMinionsKilledEnemyJungle": 3,
      "neutralMinionsKilledYourJungle": 5,
      "totalTimeCrowdControlDealt": 135
    }
  },
  "30939359": {
    "gameId": 825974930,
    "invalid": false,
    "gameMode": "CLASSIC",
    "gameType": "MATCHED_GAME",
    "subType": "RANKED_TEAM_5x5",
    "mapId": 1,
    "teamId": 100,
    "championId": 24,
    "spell1": 4,
    "spell2": 14,
    "level": 30,
    "ipEarned": 67,
    "createDate": 1399031214013,
    "fellowPlayers": [
      {
        "summonerId": 34704363,
        "teamId": 200,
        "championId": 115
      },
      {
        "summonerId": 31257441,
        "teamId": 200,
        "championId": 60
      },
      {
        "summonerId": 19508273,
        "teamId": 100,
        "championId": 12
      },
      {
        "summonerId": 35404174,
        "teamId": 200,
        "championId": 80
      },
      {
        "summonerId": 36040749,
        "teamId": 100,
        "championId": 79
      },
      {
        "summonerId": 24115434,
        "teamId": 100,
        "championId": 64
      },
      {
        "summonerId": 29914447,
        "teamId": 200,
        "championId": 81
      },
      {
        "summonerId": 40386597,
        "teamId": 100,
        "championId": 51
      },
      {
        "summonerId": 23630035,
        "teamId": 200,
        "championId": 89
      }
    ],
    "stats": {
      "level": 14,
      "goldEarned": 10284,
      "numDeaths": 12,
      "turretsKilled": 1,
      "minionsKilled": 109,
      "championsKilled": 10,
      "goldSpent": 12533,
      "totalDamageDealt": 69722,
      "totalDamageTaken": 30848,
      "doubleKills": 1,
      "killingSprees": 3,
      "largestKillingSpree": 4,
      "team": 100,
      "win": false,
      "neutralMinionsKilled": 4,
      "largestMultiKill": 2,
      "physicalDamageDealtPlayer": 54006,
      "magicDamageDealtPlayer": 14745,
      "physicalDamageTaken": 14249,
      "magicDamageTaken": 15933,
      "largestCriticalStrike": 575,
      "timePlayed": 2166,
      "totalHeal": 1350,
      "totalUnitsHealed": 1,
      "assists": 4,
      "item0": 3153,
      "item1": 3260,
      "item3": 3078,
      "item6": 3340,
      "magicDamageDealtToChampions": 6946,
      "physicalDamageDealtToChampions": 13634,
      "totalDamageDealtToChampions": 21519,
      "trueDamageDealtPlayer": 970,
      "trueDamageDealtToChampions": 938,
      "trueDamageTaken": 666,
      "wardPlaced": 6,
      "neutralMinionsKilledYourJungle": 4,
      "totalTimeCrowdControlDealt": 141
    }
  },
  "24115434": {
    "gameId": 825974930,
    "invalid": false,
    "gameMode": "CLASSIC",
    "gameType": "MATCHED_GAME",
    "subType": "RANKED_TEAM_5x5",
    "mapId": 1,
    "teamId": 100,
    "championId": 64,
    "spell1": 4,
    "spell2": 11,
    "level": 30,
    "ipEarned": 67,
    "createDate": 1399031214016,
    "fellowPlayers": [
      {
        "summonerId": 34704363,
        "teamId": 200,
        "championId": 115
      },
      {
        "summonerId": 31257441,
        "teamId": 200,
        "championId": 60
      },
      {
        "summonerId": 19508273,
        "teamId": 100,
        "championId": 12
      },
      {
        "summonerId": 30939359,
        "teamId": 100,
        "championId": 24
      },
      {
        "summonerId": 35404174,
        "teamId": 200,
        "championId": 80
      },
      {
        "summonerId": 36040749,
        "teamId": 100,
        "championId": 79
      },
      {
        "summonerId": 29914447,
        "teamId": 200,
        "championId": 81
      },
      {
        "summonerId": 40386597,
        "teamId": 100,
        "championId": 51
      },
      {
        "summonerId": 23630035,
        "teamId": 200,
        "championId": 89
      }
    ],
    "stats": {
      "level": 15,
      "goldEarned": 10982,
      "numDeaths": 8,
      "minionsKilled": 54,
      "championsKilled": 5,
      "goldSpent": 10653,
      "totalDamageDealt": 130379,
      "totalDamageTaken": 28577,
      "killingSprees": 1,
      "largestKillingSpree": 2,
      "team": 100,
      "win": false,
      "neutralMinionsKilled": 72,
      "largestMultiKill": 1,
      "physicalDamageDealtPlayer": 78531,
      "magicDamageDealtPlayer": 39000,
      "physicalDamageTaken": 16430,
      "magicDamageTaken": 12095,
      "timePlayed": 2166,
      "totalHeal": 2342,
      "totalUnitsHealed": 1,
      "assists": 7,
      "item0": 3154,
      "item1": 3074,
      "item2": 3265,
      "item3": 3078,
      "item6": 3341,
      "magicDamageDealtToChampions": 3389,
      "physicalDamageDealtToChampions": 14717,
      "totalDamageDealtToChampions": 18431,
      "trueDamageDealtPlayer": 12848,
      "trueDamageDealtToChampions": 324,
      "trueDamageTaken": 52,
      "wardKilled": 1,
      "wardPlaced": 7,
      "neutralMinionsKilledEnemyJungle": 28,
      "neutralMinionsKilledYourJungle": 44,
      "totalTimeCrowdControlDealt": 837
    }
  }
}