{
  "31237196": {
    "gameId": 825984099,
    "invalid": false,
    "gameMode": "CLASSIC",
    "gameType": "MATCHED_GAME",
    "subType": "RANKED_SOLO_5x5",
    "mapId": 1,
    "teamId": 100,
    "championId": 266,
    "spell1": 4,
    "spell2": 14,
    "level": 30,
    "ipEarned": 246,
    "createDate": 1399031414377,
    "fellowPlayers": [
      {
        "summonerId": 23129833,
        "teamId": 100,
        "championId": 51
      },
      {
        "summonerId": 29627663,
        "teamId": 200,
        "championId": 56
      },
      {
        "summonerId": 22535157,
        "teamId": 200,
        "championId": 18
      },
      {
        "summonerId": 23686807,
        "teamId": 200,
        "championId": 236
      },
      {
        "summonerId": 31976140,
        "teamId": 200,
        "championId": 9
      },
      {
        "summonerId": 30962349,
        "teamId": 200,
        "championId": 54
      },
      {
        "summonerId": 22653889,
        "teamId": 100,
        "championId": 39
      },
      {
        "summonerId": 29221252,
        "teamId": 100,
        "championId": 77
      },
      {
        "summonerId": 19908488,
        "teamId": 100,
        "championId": 43
      }
    ],
    "stats": {
      "level": 15,
      "goldEarned": 9982,
      "numDeaths": 4,
      "turretsKilled": 2,
      "minionsKilled": 94,
      "championsKilled": 7,
      "goldSpent": 7795,
      "totalDamageDealt": 93398,
      "totalDamageTaken": 27341,
      "killingSprees": 2,
      "largestKillingSpree": 4,
      "team": 100,
      "win": true,
      "neutralMinionsKilled": 25,
      "largestMultiKill": 1,
      "physicalDamageDealtPlayer": 81426,
      "magicDamageDealtPlayer": 11895,
      "physicalDamageTaken": 16082,
      "magicDamageTaken": 10435,
      "timePlayed": 2077,
      "totalHeal": 12069,
      "totalUnitsHealed": 1,
      "assists": 5,
      "item0": 3111,
      "item1": 3074,
      "item2": 3065,
      "item6": 3340,
      "magicDamageDealtToChampions": 3752,
      "physicalDamageDealtToChampions": 6551,
      "totalDamageDealtToChampions": 10380,
      "trueDamageDealtPlayer": 76,
      "trueDamageDealtToChampions": 76,
      "trueDamageTaken": 824,
      "wardPlaced": 7,
      "neutralMinionsKilledEnemyJungle": 13,
      "neutralMinionsKilledYourJungle": 12,
      "totalTimeCrowdControlDealt": 192
    }
  },
  "summonerCount": 10,
  "29627663": {
    "gameId": 825984099,
    "invalid": false,
    "gameMode": "CLASSIC",
    "gameType": "MATCHED_GAME",
    "subType": "RANKED_SOLO_5x5",
    "mapId": 1,
    "teamId": 200,
    "championId": 56,
    "spell1": 4,
    "spell2": 11,
    "level": 30,
    "ipEarned": 64,
    "createDate": 1399031414383,
    "fellowPlayers": [
      {
        "summonerId": 23129833,
        "teamId": 100,
        "championId": 51
      },
      {
        "summonerId": 22535157,
        "teamId": 200,
        "championId": 18
      },
      {
        "summonerId": 23686807,
        "teamId": 200,
        "championId": 236
      },
      {
        "summonerId": 31976140,
        "teamId": 200,
        "championId": 9
      },
      {
        "summonerId": 31237196,
        "teamId": 100,
        "championId": 266
      },
      {
        "summonerId": 30962349,
        "teamId": 200,
        "championId": 54
      },
      {
        "summonerId": 22653889,
        "teamId": 100,
        "championId": 39
      },
      {
        "summonerId": 29221252,
        "teamId": 100,
        "championId": 77
      },
      {
        "summonerId": 19908488,
        "teamId": 100,
        "championId": 43
      }
    ],
    "stats": {
      "level": 13,
      "goldEarned": 8352,
      "numDeaths": 8,
      "minionsKilled": 36,
      "championsKilled": 2,
      "goldSpent": 7745,
      "totalDamageDealt": 103942,
      "totalDamageTaken": 35537,
      "team": 200,
      "win": false,
      "neutralMinionsKilled": 71,
      "largestMultiKill": 1,
      "physicalDamageDealtPlayer": 72219,
      "magicDamageDealtPlayer": 20322,
      "physicalDamageTaken": 26247,
      "magicDamageTaken": 8268,
      "timePlayed": 2077,
      "totalHeal": 4463,
      "totalUnitsHealed": 1,
      "assists": 8,
      "item0": 3154,
      "item1": 3153,
      "item2": 1011,
      "item3": 1001,
      "item4": 3082,
      "item6": 3340,
      "magicDamageDealtToChampions": 2232,
      "physicalDamageDealtToChampions": 7674,
      "totalDamageDealtToChampions": 10175,
      "trueDamageDealtPlayer": 11400,
      "trueDamageDealtToChampions": 268,
      "trueDamageTaken": 1021,
      "wardPlaced": 11,
      "neutralMinionsKilledEnemyJungle": 6,
      "neutralMinionsKilledYourJungle": 65,
      "totalTimeCrowdControlDealt": 399
    }
  },
  "30962349": {
    "gameId": 825984099,
    "invalid": false,
    "gameMode": "CLASSIC",
    "gameType": "MATCHED_GAME",
    "subType": "RANKED_SOLO_5x5",
    "mapId": 1,
    "teamId": 200,
    "championId": 54,
    "spell1": 4,
    "spell2": 14,
    "level": 30,
    "ipEarned": 64,
    "createDate": 1399031414385,
    "fellowPlayers": [
      {
        "summonerId": 23129833,
        "teamId": 100,
        "championId": 51
      },
      {
        "summonerId": 29627663,
        "teamId": 200,
        "championId": 56
      },
      {
        "summonerId": 22535157,
        "teamId": 200,
        "championId": 18
      },
      {
        "summonerId": 23686807,
        "teamId": 200,
        "championId": 236
      },
      {
        "summonerId": 31976140,
        "teamId": 200,
        "championId": 9
      },
      {
        "summonerId": 31237196,
        "teamId": 100,
        "championId": 266
      },
      {
        "summonerId": 22653889,
        "teamId": 100,
        "championId": 39
      },
      {
        "summonerId": 29221252,
        "teamId": 100,
        "championId": 77
      },
      {
        "summonerId": 19908488,
        "teamId": 100,
        "championId": 43
      }
    ],
    "stats": {
      "level": 15,
      "goldEarned": 9996,
      "numDeaths": 8,
      "minionsKilled": 101,
      "championsKilled": 9,
      "goldSpent": 9485,
      "totalDamageDealt": 83180,
      "totalDamageTaken": 29263,
      "killingSprees": 2,
      "largestKillingSpree": 6,
      "team": 200,
      "win": false,
      "neutralMinionsKilled": 13,
      "largestMultiKill": 1,
      "physicalDamageDealtPlayer": 28565,
      "magicDamageDealtPlayer": 53046,
      "physicalDamageTaken": 13473,
      "magicDamageTaken": 13174,
      "timePlayed": 2077,
      "assists": 4,
      "item0": 3082,
      "item1": 3143,
      "item2": 3068,
      "item3": 1056,
      "item4": 3047,
      "item5": 3024,
      "item6": 3340,
      "magicDamageDealtToChampions": 15290,
      "physicalDamageDealtToChampions": 4540,
      "totalDamageDealtToChampions": 21246,
      "trueDamageDealtPlayer": 1568,
      "trueDamageDealtToChampions": 1416,
      "trueDamageTaken": 2615,
      "wardPlaced": 4,
      "neutralMinionsKilledYourJungle": 13,
      "totalTimeCrowdControlDealt": 1346
    }
  },
  "29221252": {
    "gameId": 825984099,
    "invalid": false,
    "gameMode": "CLASSIC",
    "gameType": "MATCHED_GAME",
    "subType": "RANKED_SOLO_5x5",
    "mapId": 1,
    "teamId": 100,
    "championId": 77,
    "spell1": 6,
    "spell2": 11,
    "level": 30,
    "ipEarned": 246,
    "createDate": 1399031414381,
    "fellowPlayers": [
      {
        "summonerId": 23129833,
        "teamId": 100,
        "championId": 51
      },
      {
        "summonerId": 29627663,
        "teamId": 200,
        "championId": 56
      },
      {
        "summonerId": 22535157,
        "teamId": 200,
        "championId": 18
      },
      {
        "summonerId": 23686807,
        "teamId": 200,
        "championId": 236
      },
      {
        "summonerId": 31976140,
        "teamId": 200,
        "championId": 9
      },
      {
        "summonerId": 31237196,
        "teamId": 100,
        "championId": 266
      },
      {
        "summonerId": 30962349,
        "teamId": 200,
        "championId": 54
      },
      {
        "summonerId": 22653889,
        "teamId": 100,
        "championId": 39
      },
      {
        "summonerId": 19908488,
        "teamId": 100,
        "championId": 43
      }
    ],
    "stats": {
      "level": 16,
      "goldEarned": 11104,
      "numDeaths": 8,
      "turretsKilled": 1,
      "minionsKilled": 73,
      "championsKilled": 5,
      "goldSpent": 10048,
      "totalDamageDealt": 121198,
      "totalDamageTaken": 31148,
      "killingSprees": 1,
      "largestKillingSpree": 2,
      "team": 100,
      "win": true,
      "neutralMinionsKilled": 53,
      "largestMultiKill": 1,
      "physicalDamageDealtPlayer": 69078,
      "magicDamageDealtPlayer": 43014,
      "physicalDamageTaken": 18800,
      "magicDamageTaken": 11692,
      "largestCriticalStrike": 547,
      "timePlayed": 2077,
      "totalHeal": 5077,
      "totalUnitsHealed": 1,
      "assists": 9,
      "item0": 3207,
      "item1": 3117,
      "item2": 3078,
      "item3": 3022,
      "item6": 3341,
      "magicDamageDealtToChampions": 1454,
      "physicalDamageDealtToChampions": 8947,
      "totalDamageDealtToChampions": 11220,
      "trueDamageDealtPlayer": 9106,
      "trueDamageDealtToChampions": 818,
      "trueDamageTaken": 655,
      "neutralMinionsKilledEnemyJungle": 9,
      "neutralMinionsKilledYourJungle": 44,
      "totalTimeCrowdControlDealt": 424
    }
  },
  "22535157": {
    "gameId": 825984099,
    "invalid": false,
    "gameMode": "CLASSIC",
    "gameType": "MATCHED_GAME",
    "subType": "RANKED_SOLO_5x5",
    "mapId": 1,
    "teamId": 200,
    "championId": 18,
    "spell1": 4,
    "spell2": 14,
    "level": 30,
    "ipEarned": 64,
    "createDate": 1399031414384,
    "fellowPlayers": [
      {
        "summonerId": 23129833,
        "teamId": 100,
        "championId": 51
      },
      {
        "summonerId": 29627663,
        "teamId": 200,
        "championId": 56
      },
      {
        "summonerId": 23686807,
        "teamId": 200,
        "championId": 236
      },
      {
        "summonerId": 31976140,
        "teamId": 200,
        "championId": 9
      },
      {
        "summonerId": 31237196,
        "teamId": 100,
        "championId": 266
      },
      {
        "summonerId": 30962349,
        "teamId": 200,
        "championId": 54
      },
      {
        "summonerId": 22653889,
        "teamId": 100,
        "championId": 39
      },
      {
        "summonerId": 29221252,
        "teamId": 100,
        "championId": 77
      },
      {
        "summonerId": 19908488,
        "teamId": 100,
        "championId": 43
      }
    ],
    "stats": {
      "level": 15,
      "goldEarned": 10398,
      "numDeaths": 6,
      "minionsKilled": 109,
      "championsKilled": 10,
      "goldSpent": 10135,
      "totalDamageDealt": 79255,
      "totalDamageTaken": 21720,
      "killingSprees": 2,
      "largestKillingSpree": 4,
      "team": 200,
      "win": false,
      "neutralMinionsKilled": 8,
      "largestMultiKill": 1,
      "physicalDamageDealtPlayer": 21693,
      "magicDamageDealtPlayer": 55765,
      "physicalDamageTaken": 13151,
      "magicDamageTaken": 7946,
      "timePlayed": 2077,
      "totalHeal": 1868,
      "totalUnitsHealed": 1,
      "assists": 4,
      "item0": 3128,
      "item1": 1056,
      "item2": 3255,
      "item3": 3151,
      "item4": 3191,
      "item6": 3340,
      "magicDamageDealtToChampions": 26100,
      "physicalDamageDealtToChampions": 4150,
      "totalDamageDealtToChampions": 31520,
      "trueDamageDealtPlayer": 1796,
      "trueDamageDealtToChampions": 1270,
      "trueDamageTaken": 622,
      "wardPlaced": 7,
      "neutralMinionsKilledYourJungle": 8,
      "totalTimeCrowdControlDealt": 268
    }
  },
  "23686807": {
    "gameId": 825984099,
    "invalid": false,
    "gameMode": "CLASSIC",
    "gameType": "MATCHED_GAME",
    "subType": "RANKED_SOLO_5x5",
    "mapId": 1,
    "teamId": 200,
    "championId": 236,
    "spell1": 7,
    "spell2": 4,
    "level": 30,
    "ipEarned": 64,
    "createDate": 1399031414386,
    "fellowPlayers": [
      {
        "summonerId": 23129833,
        "teamId": 100,
        "championId": 51
      },
      {
        "summonerId": 29627663,
        "teamId": 200,
        "championId": 56
      },
      {
        "summonerId": 22535157,
        "teamId": 200,
        "championId": 18
      },
      {
        "summonerId": 31976140,
        "teamId": 200,
        "championId": 9
      },
      {
        "summonerId": 31237196,
        "teamId": 100,
        "championId": 266
      },
      {
        "summonerId": 30962349,
        "teamId": 200,
        "championId": 54
      },
      {
        "summonerId": 22653889,
        "teamId": 100,
        "championId": 39
      },
      {
        "summonerId": 29221252,
        "teamId": 100,
        "championId": 77
      },
      {
        "summonerId": 19908488,
        "teamId": 100,
        "championId": 43
      }
    ],
    "stats": {
      "level": 14,
      "goldEarned": 8878,
      "numDeaths": 12,
      "minionsKilled": 121,
      "championsKilled": 3,
      "goldSpent": 9715,
      "totalDamageDealt": 84084,
      "totalDamageTaken": 28810,
      "team": 200,
      "win": false,
      "neutralMinionsKilled": 4,
      "largestMultiKill": 1,
      "physicalDamageDealtPlayer": 75386,
      "magicDamageDealtPlayer": 8698,
      "physicalDamageTaken": 19657,
      "magicDamageTaken": 8709,
      "timePlayed": 2077,
      "totalHeal": 4594,
      "totalUnitsHealed": 5,
      "assists": 9,
      "item0": 1001,
      "item1": 3072,
      "item2": 3250,
      "item3": 3117,
      "item4": 3057,
      "item5": 1042,
      "item6": 3340,
      "magicDamageDealtToChampions": 2774,
      "physicalDamageDealtToChampions": 17020,
      "totalDamageDealtToChampions": 19795,
      "trueDamageTaken": 443,
      "wardPlaced": 7,
      "neutralMinionsKilledYourJungle": 4
    }
  },
  "31976140": {
    "gameId": 825984099,
    "invalid": false,
    "gameMode": "CLASSIC",
    "gameType": "MATCHED_GAME",
    "subType": "RANKED_SOLO_5x5",
    "mapId": 1,
    "teamId": 200,
    "championId": 9,
    "spell1": 7,
    "spell2": 4,
    "level": 30,
    "ipEarned": 64,
    "createDate": 1399031414387,
    "fellowPlayers": [
      {
        "summonerId": 23129833,
        "teamId": 100,
        "championId": 51
      },
      {
        "summonerId": 29627663,
        "teamId": 200,
        "championId": 56
      },
      {
        "summonerId": 22535157,
        "teamId": 200,
        "championId": 18
      },
      {
        "summonerId": 23686807,
        "teamId": 200,
        "championId": 236
      },
      {
        "summonerId": 31237196,
        "teamId": 100,
        "championId": 266
      },
      {
        "summonerId": 30962349,
        "teamId": 200,
        "championId": 54
      },
      {
        "summonerId": 22653889,
        "teamId": 100,
        "championId": 39
      },
      {
        "summonerId": 29221252,
        "teamId": 100,
        "championId": 77
      },
      {
        "summonerId": 19908488,
        "teamId": 100,
        "championId": 43
      }
    ],
    "stats": {
      "level": 12,
      "goldEarned": 8743,
      "numDeaths": 15,
      "minionsKilled": 48,
      "championsKilled": 1,
      "goldSpent": 8390,
      "totalDamageDealt": 43238,
      "totalDamageTaken": 28435,
      "team": 200,
      "win": false,
      "neutralMinionsKilled": 1,
      "largestMultiKill": 1,
      "physicalDamageDealtPlayer": 4534,
      "magicDamageDealtPlayer": 38703,
      "physicalDamageTaken": 16720,
      "magicDamageTaken": 10979,
      "timePlayed": 2077,
      "totalHeal": 4058,
      "totalUnitsHealed": 5,
      "assists": 10,
      "item0": 3092,
      "item1": 3157,
      "item2": 3270,
      "item3": 1052,
      "item4": 1026,
      "item6": 3340,
      "sightWardsBought": 2,
      "magicDamageDealtToChampions": 13770,
      "physicalDamageDealtToChampions": 563,
      "totalDamageDealtToChampions": 14334,
      "trueDamageTaken": 736,
      "wardPlaced": 6,
      "neutralMinionsKilledYourJungle": 1,
      "totalTimeCrowdControlDealt": 395
    }
  },
  "23129833": {
    "gameId": 825984099,
    "invalid": false,
    "gameMode": "CLASSIC",
    "gameType": "MATCHED_GAME",
    "subType": "RANKED_SOLO_5x5",
    "mapId": 1,
    "teamId": 100,
    "championId": 51,
    "spell1": 4,
    "spell2": 7,
    "level": 30,
    "ipEarned": 246,
    "createDate": 1399031414379,
    "fellowPlayers": [
      {
        "summonerId": 29627663,
        "teamId": 200,
        "championId": 56
      },
      {
        "summonerId": 22535157,
        "teamId": 200,
        "championId": 18
      },
      {
        "summonerId": 23686807,
        "teamId": 200,
        "championId": 236
      },
      {
        "summonerId": 31976140,
        "teamId": 200,
        "championId": 9
      },
      {
        "summonerId": 31237196,
        "teamId": 100,
        "championId": 266
      },
      {
        "summonerId": 30962349,
        "teamId": 200,
        "championId": 54
      },
      {
        "summonerId": 22653889,
        "teamId": 100,
        "championId": 39
      },
      {
        "summonerId": 29221252,
        "teamId": 100,
        "championId": 77
      },
      {
        "summonerId": 19908488,
        "teamId": 100,
        "championId": 43
      }
    ],
    "stats": {
      "level": 17,
      "goldEarned": 17943,
      "numDeaths": 2,
      "turretsKilled": 2,
      "minionsKilled": 217,
      "championsKilled": 26,
      "goldSpent": 14850,
      "totalDamageDealt": 195235,
      "totalDamageTaken": 22058,
      "doubleKills": 3,
      "killingSprees": 3,
      "largestKillingSpree": 17,
      "team": 100,
      "win": true,
      "neutralMinionsKilled": 17,
      "largestMultiKill": 2,
      "physicalDamageDealtPlayer": 192051,
      "magicDamageDealtPlayer": 3016,
      "physicalDamageTaken": 10854,
      "magicDamageTaken": 10825,
      "largestCriticalStrike": 1445,
      "timePlayed": 2077,
      "totalHeal": 2915,
      "totalUnitsHealed": 2,
      "assists": 8,
      "item0": 3035,
      "item1": 3046,
      "item2": 3031,
      "item3": 3252,
      "item4": 3072,
      "item5": 1057,
      "item6": 3340,
      "sightWardsBought": 1,
      "magicDamageDealtToChampions": 2413,
      "physicalDamageDealtToChampions": 39347,
      "totalDamageDealtToChampions": 41788,
      "trueDamageDealtPlayer": 168,
      "trueDamageDealtToChampions": 28,
      "trueDamageTaken": 378,
      "wardKilled": 1,
      "wardPlaced": 7,
      "neutralMinionsKilledEnemyJungle": 9,
      "neutralMinionsKilledYourJungle": 8,
      "totalTimeCrowdControlDealt": 160
    }
  },
  "19908488": {
    "gameId": 825984099,
    "invalid": false,
    "gameMode": "CLASSIC",
    "gameType": "MATCHED_GAME",
    "subType": "RANKED_SOLO_5x5",
    "mapId": 1,
    "teamId": 100,
    "championId": 43,
    "spell1": 4,
    "spell2": 7,
    "level": 30,
    "ipEarned": 246,
    "createDate": 1399031414382,
    "fellowPlayers": [
      {
        "summonerId": 23129833,
        "teamId": 100,
        "championId": 51
      },
      {
        "summonerId": 29627663,
        "teamId": 200,
        "championId": 56
      },
      {
        "summonerId": 22535157,
        "teamId": 200,
        "championId": 18
      },
      {
        "summonerId": 23686807,
        "teamId": 200,
        "championId": 236
      },
      {
        "summonerId": 31976140,
        "teamId": 200,
        "championId": 9
      },
      {
        "summonerId": 31237196,
        "teamId": 100,
        "championId": 266
      },
      {
        "summonerId": 30962349,
        "teamId": 200,
        "championId": 54
      },
      {
        "summonerId": 22653889,
        "teamId": 100,
        "championId": 39
      },
      {
        "summonerId": 29221252,
        "teamId": 100,
        "championId": 77
      }
    ],
    "stats": {
      "level": 16,
      "goldEarned": 15981,
      "numDeaths": 4,
      "turretsKilled": 2,
      "minionsKilled": 15,
      "championsKilled": 7,
      "goldSpent": 13115,
      "totalDamageDealt": 66888,
      "totalDamageTaken": 19361,
      "doubleKills": 1,
      "killingSprees": 2,
      "largestKillingSpree": 4,
      "team": 100,
      "win": true,
      "neutralMinionsKilled": 1,
      "largestMultiKill": 2,
      "physicalDamageDealtPlayer": 10348,
      "magicDamageDealtPlayer": 56092,
      "physicalDamageTaken": 9573,
      "magicDamageTaken": 9286,
      "timePlayed": 2077,
      "totalHeal": 3666,
      "totalUnitsHealed": 5,
      "assists": 29,
      "item0": 3092,
      "item1": 3157,
      "item2": 3259,
      "item3": 3174,
      "item4": 3151,
      "item5": 1052,
      "item6": 3340,
      "sightWardsBought": 1,
      "magicDamageDealtToChampions": 38553,
      "physicalDamageDealtToChampions": 2444,
      "totalDamageDealtToChampions": 41270,
      "trueDamageDealtPlayer": 448,
      "trueDamageDealtToChampions": 272,
      "trueDamageTaken": 502,
      "wardPlaced": 7,
      "neutralMinionsKilledEnemyJungle": 1,
      "totalTimeCrowdControlDealt": 382
    }
  },
  "22653889": {
    "gameId": 825984099,
    "invalid": false,
    "gameMode": "CLASSIC",
    "gameType": "MATCHED_GAME",
    "subType": "RANKED_SOLO_5x5",
    "mapId": 1,
    "teamId": 100,
    "championId": 39,
    "spell1": 4,
    "spell2": 12,
    "level": 30,
    "ipEarned": 96,
    "createDate": 1399031414378,
    "fellowPlayers": [
      {
        "summonerId": 23129833,
        "teamId": 100,
        "championId": 51
      },
      {
        "summonerId": 29627663,
        "teamId": 200,
        "championId": 56
      },
      {
        "summonerId": 22535157,
        "teamId": 200,
        "championId": 18
      },
      {
        "summonerId": 23686807,
        "teamId": 200,
        "championId": 236
      },
      {
        "summonerId": 31976140,
        "teamId": 200,
        "championId": 9
      },
      {
        "summonerId": 31237196,
        "teamId": 100,
        "championId": 266
      },
      {
        "summonerId": 30962349,
        "teamId": 200,
        "championId": 54
      },
      {
        "summonerId": 29221252,
        "teamId": 100,
        "championId": 77
      },
      {
        "summonerId": 19908488,
        "teamId": 100,
        "championId": 43
      }
    ],
    "stats": {
      "level": 17,
      "goldEarned": 11606,
      "numDeaths": 7,
      "barracksKilled": 1,
      "turretsKilled": 1,
      "minionsKilled": 136,
      "championsKilled": 4,
      "goldSpent": 10813,
      "totalDamageDealt": 94091,
      "totalDamageTaken": 39217,
      "team": 100,
      "win": true,
      "neutralMinionsKilled": 17,
      "largestMultiKill": 1,
      "physicalDamageDealtPlayer": 80867,
      "magicDamageDealtPlayer": 4334,
      "physicalDamageTaken": 20468,
      "magicDamageTaken": 17928,
      "largestCriticalStrike": 367,
      "timePlayed": 2077,
      "totalHeal": 12573,
      "totalUnitsHealed": 1,
      "assists": 16,
      "item0": 2003,
      "item1": 3143,
      "item2": 3111,
      "item3": 3078,
      "item4": 1055,
      "item5": 3082,
      "item6": 3340,
      "sightWardsBought": 1,
      "visionWardsBought": 1,
      "magicDamageDealtToChampions": 2903,
      "physicalDamageDealtToChampions": 16967,
      "totalDamageDealtToChampions": 24114,
      "trueDamageDealtPlayer": 8890,
      "trueDamageDealtToChampions": 4243,
      "trueDamageTaken": 820,
      "wardKilled": 1,
      "wardPlaced": 7,
      "neutralMinionsKilledEnemyJungle": 5,
      "neutralMinionsKilledYourJungle": 12,
      "totalTimeCrowdControlDealt": 577
    }
  }
}