{
  "21065855": {
    "gameId": 825974148,
    "invalid": false,
    "gameMode": "CLASSIC",
    "gameType": "MATCHED_GAME",
    "subType": "NORMAL",
    "mapId": 1,
    "teamId": 100,
    "championId": 50,
    "spell1": 14,
    "spell2": 4,
    "level": 30,
    "ipEarned": 226,
    "createDate": 1399030005081,
    "fellowPlayers": [
      {
        "summonerId": 26624304,
        "teamId": 100,
        "championId": 77
      },
      {
        "summonerId": 39535769,
        "teamId": 200,
        "championId": 19
      },
      {
        "summonerId": 37287555,
        "teamId": 200,
        "championId": 222
      },
      {
        "summonerId": 24813453,
        "teamId": 200,
        "championId": 55
      },
      {
        "summonerId": 42223445,
        "teamId": 200,
        "championId": 121
      },
      {
        "summonerId": 39901323,
        "teamId": 200,
        "championId": 89
      },
      {
        "summonerId": 38021446,
        "teamId": 100,
        "championId": 12
      },
      {
        "summonerId": 22006122,
        "teamId": 100,
        "championId": 92
      },
      {
        "summonerId": 23728067,
        "teamId": 100,
        "championId": 110
      }
    ],
    "stats": {
      "level": 13,
      "goldEarned": 10373,
      "numDeaths": 2,
      "turretsKilled": 1,
      "minionsKilled": 97,
      "championsKilled": 16,
      "goldSpent": 9565,
      "totalDamageDealt": 62298,
      "totalDamageTaken": 14581,
      "doubleKills": 6,
      "killingSprees": 3,
      "largestKillingSpree": 9,
      "team": 100,
      "win": true,
      "neutralMinionsKilled": 3,
      "largestMultiKill": 2,
      "physicalDamageDealtPlayer": 13107,
      "magicDamageDealtPlayer": 48415,
      "physicalDamageTaken": 8757,
      "magicDamageTaken": 5824,
      "timePlayed": 1259,
      "totalHeal": 7424,
      "totalUnitsHealed": 1,
      "assists": 2,
      "item0": 1056,
      "item1": 3027,
      "item2": 1026,
      "item3": 3003,
      "item4": 3020,
      "item5": 1058,
      "item6": 3340,
      "magicDamageDealtToChampions": 15685,
      "physicalDamageDealtToChampions": 1818,
      "totalDamageDealtToChampions": 18189,
      "trueDamageDealtPlayer": 776,
      "trueDamageDealtToChampions": 686,
      "wardPlaced": 3,
      "neutralMinionsKilledYourJungle": 3,
      "totalTimeCrowdControlDealt": 223
    }
  },
  "summonerCount": 10,
  "24813453": {
    "gameId": 825974148,
    "invalid": false,
    "gameMode": "CLASSIC",
    "gameType": "MATCHED_GAME",
    "subType": "NORMAL",
    "mapId": 1,
    "teamId": 200,
    "championId": 55,
    "spell1": 7,
    "spell2": 4,
    "level": 30,
    "ipEarned": 51,
    "createDate": 1399030005083,
    "fellowPlayers": [
      {
        "summonerId": 26624304,
        "teamId": 100,
        "championId": 77
      },
      {
        "summonerId": 21065855,
        "teamId": 100,
        "championId": 50
      },
      {
        "summonerId": 39535769,
        "teamId": 200,
        "championId": 19
      },
      {
        "summonerId": 37287555,
        "teamId": 200,
        "championId": 222
      },
      {
        "summonerId": 42223445,
        "teamId": 200,
        "championId": 121
      },
      {
        "summonerId": 39901323,
        "teamId": 200,
        "championId": 89
      },
      {
        "summonerId": 38021446,
        "teamId": 100,
        "championId": 12
      },
      {
        "summonerId": 22006122,
        "teamId": 100,
        "championId": 92
      },
      {
        "summonerId": 23728067,
        "teamId": 100,
        "championId": 110
      }
    ],
    "stats": {
      "level": 9,
      "goldEarned": 4645,
      "numDeaths": 7,
      "minionsKilled": 41,
      "championsKilled": 3,
      "goldSpent": 4365,
      "totalDamageDealt": 30911,
      "totalDamageTaken": 10447,
      "killingSprees": 1,
      "largestKillingSpree": 2,
      "team": 200,
      "win": false,
      "largestMultiKill": 1,
      "physicalDamageDealtPlayer": 3388,
      "magicDamageDealtPlayer": 27523,
      "physicalDamageTaken": 5278,
      "magicDamageTaken": 4889,
      "timePlayed": 1259,
      "totalHeal": 1059,
      "totalUnitsHealed": 2,
      "assists": 2,
      "item0": 3146,
      "item1": 1026,
      "item6": 3340,
      "magicDamageDealtToChampions": 9197,
      "physicalDamageDealtToChampions": 485,
      "totalDamageDealtToChampions": 9683,
      "trueDamageTaken": 280,
      "wardPlaced": 1,
      "totalTimeCrowdControlDealt": 2
    }
  },
  "42223445": {
    "gameId": 825974148,
    "invalid": false,
    "gameMode": "CLASSIC",
    "gameType": "MATCHED_GAME",
    "subType": "NORMAL",
    "mapId": 1,
    "teamId": 200,
    "championId": 121,
    "spell1": 4,
    "spell2": 14,
    "level": 30,
    "ipEarned": 51,
    "createDate": 1399030005087,
    "fellowPlayers": [
      {
        "summonerId": 26624304,
        "teamId": 100,
        "championId": 77
      },
      {
        "summonerId": 21065855,
        "teamId": 100,
        "championId": 50
      },
      {
        "summonerId": 39535769,
        "teamId": 200,
        "championId": 19
      },
      {
        "summonerId": 37287555,
        "teamId": 200,
        "championId": 222
      },
      {
        "summonerId": 24813453,
        "teamId": 200,
        "championId": 55
      },
      {
        "summonerId": 39901323,
        "teamId": 200,
        "championId": 89
      },
      {
        "summonerId": 38021446,
        "teamId": 100,
        "championId": 12
      },
      {
        "summonerId": 22006122,
        "teamId": 100,
        "championId": 92
      },
      {
        "summonerId": 23728067,
        "teamId": 100,
        "championId": 110
      }
    ],
    "stats": {
      "level": 11,
      "goldEarned": 5786,
      "numDeaths": 5,
      "minionsKilled": 91,
      "championsKilled": 2,
      "goldSpent": 4397,
      "totalDamageDealt": 55354,
      "totalDamageTaken": 13742,
      "team": 200,
      "win": false,
      "neutralMinionsKilled": 13,
      "largestMultiKill": 1,
      "physicalDamageDealtPlayer": 53167,
      "magicDamageDealtPlayer": 975,
      "physicalDamageTaken": 9046,
      "magicDamageTaken": 4147,
      "timePlayed": 1259,
      "totalHeal": 2035,
      "totalUnitsHealed": 1,
      "assists": 1,
      "item0": 2003,
      "item1": 3158,
      "item2": 1053,
      "item3": 3134,
      "item4": 1028,
      "item5": 1055,
      "item6": 3340,
      "magicDamageDealtToChampions": 779,
      "physicalDamageDealtToChampions": 7380,
      "totalDamageDealtToChampions": 8539,
      "trueDamageDealtPlayer": 1212,
      "trueDamageDealtToChampions": 380,
      "trueDamageTaken": 548,
      "wardPlaced": 2,
      "neutralMinionsKilledYourJungle": 13,
      "totalTimeCrowdControlDealt": 314
    }
  },
  "37287555": {
    "gameId": 825974148,
    "invalid": false,
    "gameMode": "CLASSIC",
    "gameType": "MATCHED_GAME",
    "subType": "NORMAL",
    "mapId": 1,
    "teamId": 200,
    "championId": 222,
    "spell1": 7,
    "spell2": 4,
    "level": 30,
    "ipEarned": 51,
    "createDate": 1399030005085,
    "fellowPlayers": [
      {
        "summonerId": 26624304,
        "teamId": 100,
        "championId": 77
      },
      {
        "summonerId": 21065855,
        "teamId": 100,
        "championId": 50
      },
      {
        "summonerId": 39535769,
        "teamId": 200,
        "championId": 19
      },
      {
        "summonerId": 24813453,
        "teamId": 200,
        "championId": 55
      },
      {
        "summonerId": 42223445,
        "teamId": 200,
        "championId": 121
      },
      {
        "summonerId": 39901323,
        "teamId": 200,
        "championId": 89
      },
      {
        "summonerId": 38021446,
        "teamId": 100,
        "championId": 12
      },
      {
        "summonerId": 22006122,
        "teamId": 100,
        "championId": 92
      },
      {
        "summonerId": 23728067,
        "teamId": 100,
        "championId": 110
      }
    ],
    "stats": {
      "level": 10,
      "goldEarned": 4915,
      "numDeaths": 3,
      "minionsKilled": 84,
      "championsKilled": 1,
      "goldSpent": 3725,
      "totalDamageDealt": 35156,
      "totalDamageTaken": 7898,
      "team": 200,
      "win": false,
      "largestMultiKill": 1,
      "physicalDamageDealtPlayer": 33218,
      "magicDamageDealtPlayer": 1938,
      "physicalDamageTaken": 6272,
      "magicDamageTaken": 1487,
      "timePlayed": 1259,
      "totalHeal": 1098,
      "totalUnitsHealed": 2,
      "assists": 1,
      "item0": 1055,
      "item1": 3006,
      "item2": 1053,
      "item3": 1038,
      "item6": 3340,
      "magicDamageDealtToChampions": 810,
      "physicalDamageDealtToChampions": 4988,
      "totalDamageDealtToChampions": 5798,
      "trueDamageTaken": 138,
      "wardPlaced": 1,
      "totalTimeCrowdControlDealt": 53
    }
  },
  "22006122": {
    "gameId": 825974148,
    "invalid": false,
    "gameMode": "CLASSIC",
    "gameType": "MATCHED_GAME",
    "subType": "NORMAL",
    "mapId": 1,
    "teamId": 100,
    "championId": 92,
    "spell1": 4,
    "spell2": 14,
    "level": 30,
    "ipEarned": 76,
    "createDate": 1399030005077,
    "fellowPlayers": [
      {
        "summonerId": 26624304,
        "teamId": 100,
        "championId": 77
      },
      {
        "summonerId": 21065855,
        "teamId": 100,
        "championId": 50
      },
      {
        "summonerId": 39535769,
        "teamId": 200,
        "championId": 19
      },
      {
        "summonerId": 37287555,
        "teamId": 200,
        "championId": 222
      },
      {
        "summonerId": 24813453,
        "teamId": 200,
        "championId": 55
      },
      {
        "summonerId": 42223445,
        "teamId": 200,
        "championId": 121
      },
      {
        "summonerId": 39901323,
        "teamId": 200,
        "championId": 89
      },
      {
        "summonerId": 38021446,
        "teamId": 100,
        "championId": 12
      },
      {
        "summonerId": 23728067,
        "teamId": 100,
        "championId": 110
      }
    ],
    "stats": {
      "level": 12,
      "goldEarned": 7049,
      "numDeaths": 2,
      "turretsKilled": 1,
      "minionsKilled": 90,
      "championsKilled": 3,
      "goldSpent": 6985,
      "totalDamageDealt": 69345,
      "totalDamageTaken": 9801,
      "killingSprees": 1,
      "largestKillingSpree": 2,
      "team": 100,
      "win": true,
      "neutralMinionsKilled": 9,
      "largestMultiKill": 1,
      "physicalDamageDealtPlayer": 62530,
      "magicDamageDealtPlayer": 6039,
      "physicalDamageTaken": 7667,
      "magicDamageTaken": 1762,
      "timePlayed": 1259,
      "totalHeal": 744,
      "totalUnitsHealed": 1,
      "assists": 6,
      "item0": 3077,
      "item1": 3047,
      "item2": 1053,
      "item3": 3068,
      "item6": 3340,
      "sightWardsBought": 1,
      "magicDamageDealtToChampions": 667,
      "physicalDamageDealtToChampions": 7218,
      "totalDamageDealtToChampions": 8341,
      "trueDamageDealtPlayer": 776,
      "trueDamageDealtToChampions": 456,
      "trueDamageTaken": 371,
      "wardPlaced": 3,
      "neutralMinionsKilledEnemyJungle": 7,
      "neutralMinionsKilledYourJungle": 2,
      "totalTimeCrowdControlDealt": 101
    }
  },
  "39535769": {
    "gameId": 825974148,
    "invalid": false,
    "gameMode": "CLASSIC",
    "gameType": "MATCHED_GAME",
    "subType": "NORMAL",
    "mapId": 1,
    "teamId": 200,
    "championId": 19,
    "spell1": 4,
    "spell2": 11,
    "level": 30,
    "ipEarned": 51,
    "createDate": 1399030005089,
    "fellowPlayers": [
      {
        "summonerId": 26624304,
        "teamId": 100,
        "championId": 77
      },
      {
        "summonerId": 21065855,
        "teamId": 100,
        "championId": 50
      },
      {
        "summonerId": 37287555,
        "teamId": 200,
        "championId": 222
      },
      {
        "summonerId": 24813453,
        "teamId": 200,
        "championId": 55
      },
      {
        "summonerId": 42223445,
        "teamId": 200,
        "championId": 121
      },
      {
        "summonerId": 39901323,
        "teamId": 200,
        "championId": 89
      },
      {
        "summonerId": 38021446,
        "teamId": 100,
        "championId": 12
      },
      {
        "summonerId": 22006122,
        "teamId": 100,
        "championId": 92
      },
      {
        "summonerId": 23728067,
        "teamId": 100,
        "championId": 110
      }
    ],
    "stats": {
      "level": 10,
      "goldEarned": 5103,
      "numDeaths": 4,
      "minionsKilled": 17,
      "championsKilled": 1,
      "goldSpent": 3900,
      "totalDamageDealt": 52268,
      "totalDamageTaken": 13217,
      "team": 200,
      "win": false,
      "neutralMinionsKilled": 49,
      "largestMultiKill": 1,
      "physicalDamageDealtPlayer": 26470,
      "magicDamageDealtPlayer": 18625,
      "physicalDamageTaken": 9327,
      "magicDamageTaken": 3829,
      "timePlayed": 1259,
      "totalHeal": 5737,
      "totalUnitsHealed": 1,
      "assists": 2,
      "item0": 2003,
      "item1": 3154,
      "item2": 1053,
      "item3": 1001,
      "item4": 1028,
      "item5": 1028,
      "item6": 3340,
      "magicDamageDealtToChampions": 1804,
      "physicalDamageDealtToChampions": 1047,
      "totalDamageDealtToChampions": 2851,
      "trueDamageDealtPlayer": 7172,
      "trueDamageTaken": 60,
      "wardPlaced": 4,
      "neutralMinionsKilledEnemyJungle": 4,
      "neutralMinionsKilledYourJungle": 45,
      "totalTimeCrowdControlDealt": 173
    }
  },
  "26624304": {
    "gameId": 825974148,
    "invalid": false,
    "gameMode": "CLASSIC",
    "gameType": "MATCHED_GAME",
    "subType": "NORMAL",
    "mapId": 1,
    "teamId": 100,
    "championId": 77,
    "spell1": 4,
    "spell2": 11,
    "level": 30,
    "ipEarned": 76,
    "createDate": 1399030005078,
    "fellowPlayers": [
      {
        "summonerId": 21065855,
        "teamId": 100,
        "championId": 50
      },
      {
        "summonerId": 39535769,
        "teamId": 200,
        "championId": 19
      },
      {
        "summonerId": 37287555,
        "teamId": 200,
        "championId": 222
      },
      {
        "summonerId": 24813453,
        "teamId": 200,
        "championId": 55
      },
      {
        "summonerId": 42223445,
        "teamId": 200,
        "championId": 121
      },
      {
        "summonerId": 39901323,
        "teamId": 200,
        "championId": 89
      },
      {
        "summonerId": 38021446,
        "teamId": 100,
        "championId": 12
      },
      {
        "summonerId": 22006122,
        "teamId": 100,
        "championId": 92
      },
      {
        "summonerId": 23728067,
        "teamId": 100,
        "championId": 110
      }
    ],
    "stats": {
      "level": 11,
      "goldEarned": 6258,
      "numDeaths": 1,
      "minionsKilled": 6,
      "championsKilled": 2,
      "goldSpent": 5270,
      "totalDamageDealt": 84205,
      "totalDamageTaken": 11047,
      "killingSprees": 1,
      "largestKillingSpree": 2,
      "team": 100,
      "win": true,
      "neutralMinionsKilled": 70,
      "largestMultiKill": 1,
      "physicalDamageDealtPlayer": 57393,
      "magicDamageDealtPlayer": 17796,
      "physicalDamageTaken": 9427,
      "magicDamageTaken": 1304,
      "largestCriticalStrike": 299,
      "timePlayed": 1259,
      "totalHeal": 2730,
      "totalUnitsHealed": 1,
      "assists": 3,
      "item0": 3154,
      "item1": 2003,
      "item2": 3044,
      "item3": 1001,
      "item4": 3086,
      "item5": 1027,
      "item6": 3341,
      "physicalDamageDealtToChampions": 2019,
      "totalDamageDealtToChampions": 2019,
      "trueDamageDealtPlayer": 9016,
      "trueDamageTaken": 315,
      "wardKilled": 1,
      "neutralMinionsKilledEnemyJungle": 13,
      "neutralMinionsKilledYourJungle": 57,
      "totalTimeCrowdControlDealt": 457
    }
  },
  "39901323": {
    "gameId": 825974148,
    "invalid": false,
    "gameMode": "CLASSIC",
    "gameType": "MATCHED_GAME",
    "subType": "NORMAL",
    "mapId": 1,
    "teamId": 200,
    "championId": 89,
    "spell1": 3,
    "spell2": 4,
    "level": 30,
    "ipEarned": 51,
    "createDate": 1399030005086,
    "fellowPlayers": [
      {
        "summonerId": 26624304,
        "teamId": 100,
        "championId": 77
      },
      {
        "summonerId": 21065855,
        "teamId": 100,
        "championId": 50
      },
      {
        "summonerId": 39535769,
        "teamId": 200,
        "championId": 19
      },
      {
        "summonerId": 37287555,
        "teamId": 200,
        "championId": 222
      },
      {
        "summonerId": 24813453,
        "teamId": 200,
        "championId": 55
      },
      {
        "summonerId": 42223445,
        "teamId": 200,
        "championId": 121
      },
      {
        "summonerId": 38021446,
        "teamId": 100,
        "championId": 12
      },
      {
        "summonerId": 22006122,
        "teamId": 100,
        "championId": 92
      },
      {
        "summonerId": 23728067,
        "teamId": 100,
        "championId": 110
      }
    ],
    "stats": {
      "level": 9,
      "goldEarned": 3762,
      "numDeaths": 9,
      "minionsKilled": 11,
      "championsKilled": 1,
      "goldSpent": 3480,
      "totalDamageDealt": 13300,
      "totalDamageTaken": 19212,
      "team": 200,
      "win": false,
      "largestMultiKill": 1,
      "physicalDamageDealtPlayer": 4623,
      "magicDamageDealtPlayer": 8187,
      "physicalDamageTaken": 13151,
      "magicDamageTaken": 5944,
      "timePlayed": 1259,
      "totalHeal": 1215,
      "totalUnitsHealed": 3,
      "assists": 3,
      "item0": 3401,
      "item1": 1001,
      "item2": 1033,
      "item6": 3340,
      "visionWardsBought": 1,
      "magicDamageDealtToChampions": 4497,
      "physicalDamageDealtToChampions": 3263,
      "totalDamageDealtToChampions": 7760,
      "trueDamageDealtPlayer": 489,
      "trueDamageTaken": 116,
      "wardPlaced": 8,
      "totalTimeCrowdControlDealt": 74
    }
  },
  "38021446": {
    "gameId": 825974148,
    "invalid": false,
    "gameMode": "CLASSIC",
    "gameType": "MATCHED_GAME",
    "subType": "NORMAL",
    "mapId": 1,
    "teamId": 100,
    "championId": 12,
    "spell1": 4,
    "spell2": 3,
    "level": 30,
    "ipEarned": 226,
    "createDate": 1399030005080,
    "fellowPlayers": [
      {
        "summonerId": 26624304,
        "teamId": 100,
        "championId": 77
      },
      {
        "summonerId": 21065855,
        "teamId": 100,
        "championId": 50
      },
      {
        "summonerId": 39535769,
        "teamId": 200,
        "championId": 19
      },
      {
        "summonerId": 37287555,
        "teamId": 200,
        "championId": 222
      },
      {
        "summonerId": 24813453,
        "teamId": 200,
        "championId": 55
      },
      {
        "summonerId": 42223445,
        "teamId": 200,
        "championId": 121
      },
      {
        "summonerId": 39901323,
        "teamId": 200,
        "championId": 89
      },
      {
        "summonerId": 22006122,
        "teamId": 100,
        "championId": 92
      },
      {
        "summonerId": 23728067,
        "teamId": 100,
        "championId": 110
      }
    ],
    "stats": {
      "level": 11,
      "goldEarned": 7280,
      "numDeaths": 2,
      "turretsKilled": 2,
      "minionsKilled": 10,
      "championsKilled": 1,
      "goldSpent": 6900,
      "totalDamageDealt": 11756,
      "totalDamageTaken": 11052,
      "team": 100,
      "win": true,
      "largestMultiKill": 1,
      "physicalDamageDealtPlayer": 4628,
      "magicDamageDealtPlayer": 7127,
      "physicalDamageTaken": 6619,
      "magicDamageTaken": 4349,
      "timePlayed": 1259,
      "totalHeal": 3832,
      "totalUnitsHealed": 37,
      "assists": 16,
      "item0": 3096,
      "item1": 3143,
      "item2": 2049,
      "item3": 3111,
      "item4": 1031,
      "item6": 3340,
      "sightWardsBought": 1,
      "visionWardsBought": 1,
      "magicDamageDealtToChampions": 2883,
      "physicalDamageDealtToChampions": 2181,
      "totalDamageDealtToChampions": 5064,
      "trueDamageTaken": 84,
      "wardKilled": 1,
      "wardPlaced": 5,
      "totalTimeCrowdControlDealt": 170
    }
  },
  "23728067": {
    "gameId": 825974148,
    "invalid": false,
    "gameMode": "CLASSIC",
    "gameType": "MATCHED_GAME",
    "subType": "NORMAL",
    "mapId": 1,
    "teamId": 100,
    "championId": 110,
    "spell1": 4,
    "spell2": 7,
    "level": 30,
    "ipEarned": 76,
    "createDate": 1399030005082,
    "fellowPlayers": [
      {
        "summonerId": 26624304,
        "teamId": 100,
        "championId": 77
      },
      {
        "summonerId": 21065855,
        "teamId": 100,
        "championId": 50
      },
      {
        "summonerId": 39535769,
        "teamId": 200,
        "championId": 19
      },
      {
        "summonerId": 37287555,
        "teamId": 200,
        "championId": 222
      },
      {
        "summonerId": 24813453,
        "teamId": 200,
        "championId": 55
      },
      {
        "summonerId": 42223445,
        "teamId": 200,
        "championId": 121
      },
      {
        "summonerId": 39901323,
        "teamId": 200,
        "championId": 89
      },
      {
        "summonerId": 38021446,
        "teamId": 100,
        "championId": 12
      },
      {
        "summonerId": 22006122,
        "teamId": 100,
        "championId": 92
      }
    ],
    "stats": {
      "level": 11,
      "goldEarned": 7583,
      "numDeaths": 1,
      "barracksKilled": 1,
      "turretsKilled": 1,
      "minionsKilled": 85,
      "championsKilled": 6,
      "goldSpent": 5750,
      "totalDamageDealt": 60587,
      "totalDamageTaken": 8377,
      "killingSprees": 1,
      "largestKillingSpree": 6,
      "team": 100,
      "win": true,
      "neutralMinionsKilled": 1,
      "largestMultiKill": 1,
      "physicalDamageDealtPlayer": 57609,
      "magicDamageDealtPlayer": 2978,
      "physicalDamageTaken": 4529,
      "magicDamageTaken": 3847,
      "largestCriticalStrike": 482,
      "timePlayed": 1259,
      "totalHeal": 1530,
      "totalUnitsHealed": 3,
      "assists": 9,
      "item0": 1053,
      "item1": 3006,
      "item2": 3031,
      "item6": 3340,
      "sightWardsBought": 1,
      "magicDamageDealtToChampions": 1063,
      "physicalDamageDealtToChampions": 14906,
      "totalDamageDealtToChampions": 15970,
      "wardPlaced": 1,
      "neutralMinionsKilledEnemyJungle": 1,
      "totalTimeCrowdControlDealt": 80
    }
  }
}