{
  "28927914": {
    "gameId": 825967199,
    "invalid": false,
    "gameMode": "CLASSIC",
    "gameType": "MATCHED_GAME",
    "subType": "RANKED_SOLO_5x5",
    "mapId": 1,
    "teamId": 100,
    "championId": 117,
    "spell1": 4,
    "spell2": 14,
    "level": 30,
    "ipEarned": 72,
    "createDate": 1399029918519,
    "fellowPlayers": [
      {
        "summonerId": 37663671,
        "teamId": 100,
        "championId": 5
      },
      {
        "summonerId": 28492431,
        "teamId": 100,
        "championId": 90
      },
      {
        "summonerId": 30379000,
        "teamId": 200,
        "championId": 32
      },
      {
        "summonerId": 25476840,
        "teamId": 200,
        "championId": 157
      },
      {
        "summonerId": 26085630,
        "teamId": 100,
        "championId": 2
      },
      {
        "summonerId": 38025234,
        "teamId": 200,
        "championId": 51
      },
      {
        "summonerId": 24320998,
        "teamId": 200,
        "championId": 143
      },
      {
        "summonerId": 23446932,
        "teamId": 200,
        "championId": 54
      },
      {
        "summonerId": 21290933,
        "teamId": 100,
        "championId": 15
      }
    ],
    "stats": {
      "level": 16,
      "goldEarned": 11415,
      "numDeaths": 11,
      "minionsKilled": 48,
      "championsKilled": 1,
      "goldSpent": 9890,
      "totalDamageDealt": 40225,
      "totalDamageTaken": 29171,
      "team": 100,
      "win": false,
      "largestMultiKill": 1,
      "physicalDamageDealtPlayer": 4663,
      "magicDamageDealtPlayer": 34846,
      "physicalDamageTaken": 14776,
      "magicDamageTaken": 13730,
      "timePlayed": 2432,
      "totalHeal": 260,
      "totalUnitsHealed": 1,
      "assists": 14,
      "item0": 3092,
      "item1": 2045,
      "item2": 3143,
      "item3": 3047,
      "item4": 1056,
      "item6": 3340,
      "sightWardsBought": 1,
      "magicDamageDealtToChampions": 11624,
      "physicalDamageDealtToChampions": 1571,
      "totalDamageDealtToChampions": 13912,
      "trueDamageDealtPlayer": 716,
      "trueDamageDealtToChampions": 716,
      "trueDamageTaken": 664,
      "wardKilled": 1,
      "wardPlaced": 25,
      "totalTimeCrowdControlDealt": 504
    }
  },
  "summonerCount": 10,
  "23446932": {
    "gameId": 825967199,
    "invalid": false,
    "gameMode": "CLASSIC",
    "gameType": "MATCHED_GAME",
    "subType": "RANKED_SOLO_5x5",
    "mapId": 1,
    "teamId": 200,
    "championId": 54,
    "spell1": 12,
    "spell2": 4,
    "level": 30,
    "ipEarned": 110,
    "createDate": 1399029918520,
    "fellowPlayers": [
      {
        "summonerId": 37663671,
        "teamId": 100,
        "championId": 5
      },
      {
        "summonerId": 28492431,
        "teamId": 100,
        "championId": 90
      },
      {
        "summonerId": 30379000,
        "teamId": 200,
        "championId": 32
      },
      {
        "summonerId": 25476840,
        "teamId": 200,
        "championId": 157
      },
      {
        "summonerId": 26085630,
        "teamId": 100,
        "championId": 2
      },
      {
        "summonerId": 38025234,
        "teamId": 200,
        "championId": 51
      },
      {
        "summonerId": 28927914,
        "teamId": 100,
        "championId": 117
      },
      {
        "summonerId": 24320998,
        "teamId": 200,
        "championId": 143
      },
      {
        "summonerId": 21290933,
        "teamId": 100,
        "championId": 15
      }
    ],
    "stats": {
      "level": 18,
      "goldEarned": 16260,
      "numDeaths": 2,
      "barracksKilled": 1,
      "turretsKilled": 1,
      "minionsKilled": 228,
      "championsKilled": 8,
      "goldSpent": 15395,
      "totalDamageDealt": 135198,
      "totalDamageTaken": 29969,
      "killingSprees": 2,
      "largestKillingSpree": 4,
      "team": 200,
      "win": true,
      "neutralMinionsKilled": 1,
      "largestMultiKill": 1,
      "physicalDamageDealtPlayer": 41992,
      "magicDamageDealtPlayer": 93029,
      "physicalDamageTaken": 13937,
      "magicDamageTaken": 12907,
      "timePlayed": 2432,
      "totalHeal": 3503,
      "totalUnitsHealed": 1,
      "assists": 15,
      "item0": 3110,
      "item1": 3065,
      "item2": 3068,
      "item3": 3255,
      "item4": 3082,
      "item5": 3102,
      "item6": 3341,
      "sightWardsBought": 14,
      "visionWardsBought": 2,
      "magicDamageDealtToChampions": 18396,
      "physicalDamageDealtToChampions": 4388,
      "totalDamageDealtToChampions": 22961,
      "trueDamageDealtPlayer": 176,
      "trueDamageDealtToChampions": 176,
      "trueDamageTaken": 3124,
      "wardKilled": 2,
      "wardPlaced": 15,
      "neutralMinionsKilledYourJungle": 1,
      "totalTimeCrowdControlDealt": 1989
    }
  },
  "38025234": {
    "gameId": 825967199,
    "invalid": false,
    "gameMode": "CLASSIC",
    "gameType": "MATCHED_GAME",
    "subType": "RANKED_SOLO_5x5",
    "mapId": 1,
    "teamId": 200,
    "championId": 51,
    "spell1": 7,
    "spell2": 4,
    "level": 30,
    "ipEarned": 260,
    "createDate": 1399029918521,
    "fellowPlayers": [
      {
        "summonerId": 37663671,
        "teamId": 100,
        "championId": 5
      },
      {
        "summonerId": 28492431,
        "teamId": 100,
        "championId": 90
      },
      {
        "summonerId": 30379000,
        "teamId": 200,
        "championId": 32
      },
      {
        "summonerId": 25476840,
        "teamId": 200,
        "championId": 157
      },
      {
        "summonerId": 26085630,
        "teamId": 100,
        "championId": 2
      },
      {
        "summonerId": 28927914,
        "teamId": 100,
        "championId": 117
      },
      {
        "summonerId": 24320998,
        "teamId": 200,
        "championId": 143
      },
      {
        "summonerId": 23446932,
        "teamId": 200,
        "championId": 54
      },
      {
        "summonerId": 21290933,
        "teamId": 100,
        "championId": 15
      }
    ],
    "stats": {
      "level": 18,
      "goldEarned": 18328,
      "numDeaths": 6,
      "barracksKilled": 1,
      "turretsKilled": 3,
      "minionsKilled": 220,
      "championsKilled": 14,
      "goldSpent": 17140,
      "totalDamageDealt": 245450,
      "totalDamageTaken": 30250,
      "doubleKills": 1,
      "tripleKills": 1,
      "killingSprees": 3,
      "largestKillingSpree": 5,
      "team": 200,
      "win": true,
      "neutralMinionsKilled": 18,
      "largestMultiKill": 3,
      "physicalDamageDealtPlayer": 240238,
      "magicDamageDealtPlayer": 1784,
      "physicalDamageTaken": 18551,
      "magicDamageTaken": 10649,
      "largestCriticalStrike": 1600,
      "timePlayed": 2432,
      "totalHeal": 5069,
      "totalUnitsHealed": 3,
      "assists": 13,
      "item0": 3250,
      "item1": 3046,
      "item2": 3072,
      "item3": 3031,
      "item4": 3035,
      "item5": 3026,
      "item6": 3340,
      "magicDamageDealtToChampions": 1446,
      "physicalDamageDealtToChampions": 36327,
      "totalDamageDealtToChampions": 39127,
      "trueDamageDealtPlayer": 3428,
      "trueDamageDealtToChampions": 1354,
      "trueDamageTaken": 1049,
      "wardKilled": 2,
      "wardPlaced": 7,
      "neutralMinionsKilledEnemyJungle": 10,
      "neutralMinionsKilledYourJungle": 8,
      "totalTimeCrowdControlDealt": 289
    }
  },
  "28492431": {
    "gameId": 825967199,
    "invalid": false,
    "gameMode": "CLASSIC",
    "gameType": "MATCHED_GAME",
    "subType": "RANKED_SOLO_5x5",
    "mapId": 1,
    "teamId": 100,
    "championId": 90,
    "spell1": 4,
    "spell2": 14,
    "level": 30,
    "ipEarned": 72,
    "createDate": 1399029918518,
    "fellowPlayers": [
      {
        "summonerId": 37663671,
        "teamId": 100,
        "championId": 5
      },
      {
        "summonerId": 30379000,
        "teamId": 200,
        "championId": 32
      },
      {
        "summonerId": 25476840,
        "teamId": 200,
        "championId": 157
      },
      {
        "summonerId": 26085630,
        "teamId": 100,
        "championId": 2
      },
      {
        "summonerId": 38025234,
        "teamId": 200,
        "championId": 51
      },
      {
        "summonerId": 28927914,
        "teamId": 100,
        "championId": 117
      },
      {
        "summonerId": 24320998,
        "teamId": 200,
        "championId": 143
      },
      {
        "summonerId": 23446932,
        "teamId": 200,
        "championId": 54
      },
      {
        "summonerId": 21290933,
        "teamId": 100,
        "championId": 15
      }
    ],
    "stats": {
      "level": 18,
      "goldEarned": 14725,
      "numDeaths": 8,
      "turretsKilled": 1,
      "minionsKilled": 249,
      "championsKilled": 9,
      "goldSpent": 15510,
      "totalDamageDealt": 203132,
      "totalDamageTaken": 24478,
      "killingSprees": 3,
      "largestKillingSpree": 3,
      "team": 100,
      "win": false,
      "neutralMinionsKilled": 7,
      "largestMultiKill": 1,
      "physicalDamageDealtPlayer": 39450,
      "magicDamageDealtPlayer": 162243,
      "physicalDamageTaken": 12219,
      "magicDamageTaken": 11787,
      "timePlayed": 2432,
      "totalHeal": 1008,
      "totalUnitsHealed": 1,
      "assists": 5,
      "item0": 3255,
      "item1": 3151,
      "item2": 3135,
      "item3": 3089,
      "item5": 3165,
      "item6": 3362,
      "magicDamageDealtToChampions": 38515,
      "physicalDamageDealtToChampions": 3319,
      "totalDamageDealtToChampions": 42769,
      "trueDamageDealtPlayer": 1438,
      "trueDamageDealtToChampions": 934,
      "trueDamageTaken": 472,
      "wardKilled": 1,
      "wardPlaced": 10,
      "neutralMinionsKilledEnemyJungle": 1,
      "neutralMinionsKilledYourJungle": 6,
      "totalTimeCrowdControlDealt": 178
    }
  },
  "30379000": {
    "gameId": 825967199,
    "invalid": false,
    "gameMode": "CLASSIC",
    "gameType": "MATCHED_GAME",
    "subType": "RANKED_SOLO_5x5",
    "mapId": 1,
    "teamId": 200,
    "championId": 32,
    "spell1": 4,
    "spell2": 11,
    "level": 30,
    "ipEarned": 110,
    "createDate": 1399029918523,
    "fellowPlayers": [
      {
        "summonerId": 37663671,
        "teamId": 100,
        "championId": 5
      },
      {
        "summonerId": 28492431,
        "teamId": 100,
        "championId": 90
      },
      {
        "summonerId": 25476840,
        "teamId": 200,
        "championId": 157
      },
      {
        "summonerId": 26085630,
        "teamId": 100,
        "championId": 2
      },
      {
        "summonerId": 38025234,
        "teamId": 200,
        "championId": 51
      },
      {
        "summonerId": 28927914,
        "teamId": 100,
        "championId": 117
      },
      {
        "summonerId": 24320998,
        "teamId": 200,
        "championId": 143
      },
      {
        "summonerId": 23446932,
        "teamId": 200,
        "championId": 54
      },
      {
        "summonerId": 21290933,
        "teamId": 100,
        "championId": 15
      }
    ],
    "stats": {
      "level": 18,
      "goldEarned": 15102,
      "numDeaths": 6,
      "minionsKilled": 61,
      "championsKilled": 6,
      "goldSpent": 15415,
      "totalDamageDealt": 169719,
      "totalDamageTaken": 37258,
      "killingSprees": 2,
      "largestKillingSpree": 2,
      "team": 200,
      "win": true,
      "neutralMinionsKilled": 82,
      "largestMultiKill": 1,
      "physicalDamageDealtPlayer": 24800,
      "magicDamageDealtPlayer": 130966,
      "physicalDamageTaken": 21346,
      "magicDamageTaken": 13135,
      "timePlayed": 2432,
      "totalHeal": 7195,
      "totalUnitsHealed": 1,
      "assists": 17,
      "item0": 3207,
      "item1": 3111,
      "item2": 3068,
      "item3": 3102,
      "item4": 3110,
      "item5": 3151,
      "item6": 3340,
      "visionWardsBought": 2,
      "magicDamageDealtToChampions": 22988,
      "physicalDamageDealtToChampions": 2304,
      "totalDamageDealtToChampions": 25539,
      "trueDamageDealtPlayer": 13952,
      "trueDamageDealtToChampions": 246,
      "trueDamageTaken": 2777,
      "wardPlaced": 12,
      "neutralMinionsKilledEnemyJungle": 9,
      "neutralMinionsKilledYourJungle": 73,
      "totalTimeCrowdControlDealt": 590
    }
  },
  "25476840": {
    "gameId": 825967199,
    "invalid": false,
    "gameMode": "CLASSIC",
    "gameType": "MATCHED_GAME",
    "subType": "RANKED_SOLO_5x5",
    "mapId": 1,
    "teamId": 200,
    "championId": 157,
    "spell1": 4,
    "spell2": 14,
    "level": 30,
    "ipEarned": 110,
    "createDate": 1399029918522,
    "fellowPlayers": [
      {
        "summonerId": 37663671,
        "teamId": 100,
        "championId": 5
      },
      {
        "summonerId": 28492431,
        "teamId": 100,
        "championId": 90
      },
      {
        "summonerId": 30379000,
        "teamId": 200,
        "championId": 32
      },
      {
        "summonerId": 26085630,
        "teamId": 100,
        "championId": 2
      },
      {
        "summonerId": 38025234,
        "teamId": 200,
        "championId": 51
      },
      {
        "summonerId": 28927914,
        "teamId": 100,
        "championId": 117
      },
      {
        "summonerId": 24320998,
        "teamId": 200,
        "championId": 143
      },
      {
        "summonerId": 23446932,
        "teamId": 200,
        "championId": 54
      },
      {
        "summonerId": 21290933,
        "teamId": 100,
        "championId": 15
      }
    ],
    "stats": {
      "level": 18,
      "goldEarned": 17010,
      "numDeaths": 9,
      "barracksKilled": 1,
      "turretsKilled": 1,
      "minionsKilled": 249,
      "championsKilled": 10,
      "goldSpent": 16390,
      "totalDamageDealt": 223400,
      "totalDamageTaken": 37187,
      "doubleKills": 3,
      "tripleKills": 1,
      "killingSprees": 4,
      "largestKillingSpree": 3,
      "team": 200,
      "win": true,
      "neutralMinionsKilled": 23,
      "largestMultiKill": 3,
      "physicalDamageDealtPlayer": 169267,
      "magicDamageDealtPlayer": 53065,
      "physicalDamageTaken": 18856,
      "magicDamageTaken": 14887,
      "largestCriticalStrike": 715,
      "timePlayed": 2432,
      "totalHeal": 2484,
      "totalUnitsHealed": 1,
      "assists": 8,
      "item0": 3143,
      "item1": 3087,
      "item2": 3074,
      "item3": 3031,
      "item4": 3250,
      "item5": 3211,
      "item6": 3340,
      "sightWardsBought": 3,
      "magicDamageDealtToChampions": 4586,
      "physicalDamageDealtToChampions": 22556,
      "totalDamageDealtToChampions": 28020,
      "trueDamageDealtPlayer": 1068,
      "trueDamageDealtToChampions": 878,
      "trueDamageTaken": 3444,
      "wardPlaced": 14,
      "neutralMinionsKilledYourJungle": 23,
      "totalTimeCrowdControlDealt": 273
    }
  },
  "24320998": {
    "gameId": 825967199,
    "invalid": false,
    "gameMode": "CLASSIC",
    "gameType": "MATCHED_GAME",
    "subType": "RANKED_SOLO_5x5",
    "mapId": 1,
    "teamId": 200,
    "championId": 143,
    "spell1": 3,
    "spell2": 4,
    "level": 30,
    "ipEarned": 110,
    "createDate": 1399029918524,
    "fellowPlayers": [
      {
        "summonerId": 37663671,
        "teamId": 100,
        "championId": 5
      },
      {
        "summonerId": 28492431,
        "teamId": 100,
        "championId": 90
      },
      {
        "summonerId": 30379000,
        "teamId": 200,
        "championId": 32
      },
      {
        "summonerId": 25476840,
        "teamId": 200,
        "championId": 157
      },
      {
        "summonerId": 26085630,
        "teamId": 100,
        "championId": 2
      },
      {
        "summonerId": 38025234,
        "teamId": 200,
        "championId": 51
      },
      {
        "summonerId": 28927914,
        "teamId": 100,
        "championId": 117
      },
      {
        "summonerId": 23446932,
        "teamId": 200,
        "championId": 54
      },
      {
        "summonerId": 21290933,
        "teamId": 100,
        "championId": 15
      }
    ],
    "stats": {
      "level": 18,
      "goldEarned": 15865,
      "numDeaths": 3,
      "turretsKilled": 2,
      "minionsKilled": 49,
      "championsKilled": 7,
      "goldSpent": 16715,
      "totalDamageDealt": 80763,
      "totalDamageTaken": 22332,
      "killingSprees": 2,
      "largestKillingSpree": 3,
      "team": 200,
      "win": true,
      "neutralMinionsKilled": 5,
      "largestMultiKill": 1,
      "physicalDamageDealtPlayer": 12618,
      "magicDamageDealtPlayer": 67905,
      "physicalDamageTaken": 13385,
      "magicDamageTaken": 7575,
      "timePlayed": 2432,
      "totalHeal": 1397,
      "totalUnitsHealed": 3,
      "assists": 20,
      "item0": 3222,
      "item1": 3092,
      "item2": 2045,
      "item3": 3256,
      "item4": 3151,
      "item5": 3089,
      "item6": 3341,
      "sightWardsBought": 1,
      "visionWardsBought": 2,
      "magicDamageDealtToChampions": 25623,
      "physicalDamageDealtToChampions": 3224,
      "totalDamageDealtToChampions": 29087,
      "trueDamageDealtPlayer": 240,
      "trueDamageDealtToChampions": 240,
      "trueDamageTaken": 1371,
      "wardKilled": 1,
      "wardPlaced": 24,
      "neutralMinionsKilledEnemyJungle": 1,
      "neutralMinionsKilledYourJungle": 4,
      "totalTimeCrowdControlDealt": 318
    }
  },
  "21290933": {
    "gameId": 825967199,
    "invalid": false,
    "gameMode": "CLASSIC",
    "gameType": "MATCHED_GAME",
    "subType": "RANKED_SOLO_5x5",
    "mapId": 1,
    "teamId": 100,
    "championId": 15,
    "spell1": 4,
    "spell2": 7,
    "level": 30,
    "ipEarned": 72,
    "createDate": 1399029918516,
    "fellowPlayers": [
      {
        "summonerId": 37663671,
        "teamId": 100,
        "championId": 5
      },
      {
        "summonerId": 28492431,
        "teamId": 100,
        "championId": 90
      },
      {
        "summonerId": 30379000,
        "teamId": 200,
        "championId": 32
      },
      {
        "summonerId": 25476840,
        "teamId": 200,
        "championId": 157
      },
      {
        "summonerId": 26085630,
        "teamId": 100,
        "championId": 2
      },
      {
        "summonerId": 38025234,
        "teamId": 200,
        "championId": 51
      },
      {
        "summonerId": 28927914,
        "teamId": 100,
        "championId": 117
      },
      {
        "summonerId": 24320998,
        "teamId": 200,
        "championId": 143
      },
      {
        "summonerId": 23446932,
        "teamId": 200,
        "championId": 54
      }
    ],
    "stats": {
      "level": 18,
      "goldEarned": 14893,
      "numDeaths": 10,
      "turretsKilled": 1,
      "minionsKilled": 310,
      "championsKilled": 5,
      "goldSpent": 14370,
      "totalDamageDealt": 227670,
      "totalDamageTaken": 32235,
      "killingSprees": 1,
      "largestKillingSpree": 2,
      "team": 100,
      "win": false,
      "neutralMinionsKilled": 16,
      "largestMultiKill": 1,
      "physicalDamageDealtPlayer": 217991,
      "magicDamageDealtPlayer": 9509,
      "physicalDamageTaken": 18602,
      "magicDamageTaken": 13267,
      "largestCriticalStrike": 845,
      "timePlayed": 2432,
      "totalHeal": 6604,
      "totalUnitsHealed": 3,
      "assists": 8,
      "item0": 3031,
      "item1": 3072,
      "item2": 3250,
      "item3": 3035,
      "item4": 3087,
      "item5": 1031,
      "item6": 3340,
      "magicDamageDealtToChampions": 1495,
      "physicalDamageDealtToChampions": 23892,
      "totalDamageDealtToChampions": 25388,
      "trueDamageDealtPlayer": 170,
      "trueDamageTaken": 366,
      "wardPlaced": 9,
      "neutralMinionsKilledYourJungle": 16,
      "totalTimeCrowdControlDealt": 27
    }
  },
  "26085630": {
    "gameId": 825967199,
    "invalid": false,
    "gameMode": "CLASSIC",
    "gameType": "MATCHED_GAME",
    "subType": "RANKED_SOLO_5x5",
    "mapId": 1,
    "teamId": 100,
    "championId": 2,
    "spell1": 4,
    "spell2": 14,
    "level": 30,
    "ipEarned": 72,
    "createDate": 1399029918517,
    "fellowPlayers": [
      {
        "summonerId": 37663671,
        "teamId": 100,
        "championId": 5
      },
      {
        "summonerId": 28492431,
        "teamId": 100,
        "championId": 90
      },
      {
        "summonerId": 30379000,
        "teamId": 200,
        "championId": 32
      },
      {
        "summonerId": 25476840,
        "teamId": 200,
        "championId": 157
      },
      {
        "summonerId": 38025234,
        "teamId": 200,
        "championId": 51
      },
      {
        "summonerId": 28927914,
        "teamId": 100,
        "championId": 117
      },
      {
        "summonerId": 24320998,
        "teamId": 200,
        "championId": 143
      },
      {
        "summonerId": 23446932,
        "teamId": 200,
        "championId": 54
      },
      {
        "summonerId": 21290933,
        "teamId": 100,
        "championId": 15
      }
    ],
    "stats": {
      "level": 17,
      "goldEarned": 11972,
      "numDeaths": 10,
      "turretsKilled": 1,
      "minionsKilled": 174,
      "championsKilled": 5,
      "goldSpent": 11940,
      "totalDamageDealt": 122237,
      "totalDamageTaken": 40234,
      "team": 100,
      "win": false,
      "neutralMinionsKilled": 12,
      "largestMultiKill": 1,
      "physicalDamageDealtPlayer": 103766,
      "magicDamageDealtPlayer": 409,
      "physicalDamageTaken": 20139,
      "magicDamageTaken": 19357,
      "timePlayed": 2432,
      "totalHeal": 4520,
      "totalUnitsHealed": 1,
      "assists": 7,
      "item0": 3143,
      "item1": 3153,
      "item2": 3265,
      "item3": 1054,
      "item4": 3065,
      "item5": 1028,
      "item6": 3340,
      "magicDamageDealtToChampions": 409,
      "physicalDamageDealtToChampions": 10086,
      "totalDamageDealtToChampions": 18546,
      "trueDamageDealtPlayer": 18061,
      "trueDamageDealtToChampions": 8049,
      "trueDamageTaken": 738,
      "wardPlaced": 12,
      "neutralMinionsKilledEnemyJungle": 4,
      "neutralMinionsKilledYourJungle": 8,
      "totalTimeCrowdControlDealt": 696
    }
  },
  "28927914": {
    "gameId": 825967199,
    "invalid": false,
    "gameMode": "CLASSIC",
    "gameType": "MATCHED_GAME",
    "subType": "RANKED_SOLO_5x5",
    "mapId": 1,
    "teamId": 100,
    "championId": 117,
    "spell1": 4,
    "spell2": 14,
    "level": 30,
    "ipEarned": 72,
    "createDate": 1399029918519,
    "fellowPlayers": [
      {
        "summonerId": 37663671,
        "teamId": 100,
        "championId": 5
      },
      {
        "summonerId": 28492431,
        "teamId": 100,
        "championId": 90
      },
      {
        "summonerId": 30379000,
        "teamId": 200,
        "championId": 32
      },
      {
        "summonerId": 25476840,
        "teamId": 200,
        "championId": 157
      },
      {
        "summonerId": 26085630,
        "teamId": 100,
        "championId": 2
      },
      {
        "summonerId": 38025234,
        "teamId": 200,
        "championId": 51
      },
      {
        "summonerId": 24320998,
        "teamId": 200,
        "championId": 143
      },
      {
        "summonerId": 23446932,
        "teamId": 200,
        "championId": 54
      },
      {
        "summonerId": 21290933,
        "teamId": 100,
        "championId": 15
      }
    ],
    "stats": {
      "level": 16,
      "goldEarned": 11415,
      "numDeaths": 11,
      "minionsKilled": 48,
      "championsKilled": 1,
      "goldSpent": 9890,
      "totalDamageDealt": 40225,
      "totalDamageTaken": 29171,
      "team": 100,
      "win": false,
      "largestMultiKill": 1,
      "physicalDamageDealtPlayer": 4663,
      "magicDamageDealtPlayer": 34846,
      "physicalDamageTaken": 14776,
      "magicDamageTaken": 13730,
      "timePlayed": 2432,
      "totalHeal": 260,
      "totalUnitsHealed": 1,
      "assists": 14,
      "item0": 3092,
      "item1": 2045,
      "item2": 3143,
      "item3": 3047,
      "item4": 1056,
      "item6": 3340,
      "sightWardsBought": 1,
      "magicDamageDealtToChampions": 11624,
      "physicalDamageDealtToChampions": 1571,
      "totalDamageDealtToChampions": 13912,
      "trueDamageDealtPlayer": 716,
      "trueDamageDealtToChampions": 716,
      "trueDamageTaken": 664,
      "wardKilled": 1,
      "wardPlaced": 25,
      "totalTimeCrowdControlDealt": 504
    }
  }
}