{
  "20608003": {
    "gameId": 825967261,
    "invalid": false,
    "gameMode": "CLASSIC",
    "gameType": "MATCHED_GAME",
    "subType": "RANKED_SOLO_5x5",
    "mapId": 1,
    "teamId": 100,
    "championId": 67,
    "spell1": 4,
    "spell2": 7,
    "level": 30,
    "ipEarned": 72,
    "createDate": 1399029926139,
    "fellowPlayers": [
      {
        "summonerId": 22123633,
        "teamId": 200,
        "championId": 31
      },
      {
        "summonerId": 19816661,
        "teamId": 100,
        "championId": 126
      },
      {
        "summonerId": 27489140,
        "teamId": 200,
        "championId": 43
      },
      {
        "summonerId": 19095542,
        "teamId": 100,
        "championId": 16
      },
      {
        "summonerId": 42654094,
        "teamId": 200,
        "championId": 76
      },
      {
        "summonerId": 34895637,
        "teamId": 200,
        "championId": 119
      },
      {
        "summonerId": 32716156,
        "teamId": 100,
        "championId": 7
      },
      {
        "summonerId": 24301449,
        "teamId": 100,
        "championId": 89
      },
      {
        "summonerId": 27705679,
        "teamId": 200,
        "championId": 121
      }
    ],
    "stats": {
      "level": 17,
      "goldEarned": 12539,
      "numDeaths": 4,
      "turretsKilled": 1,
      "minionsKilled": 133,
      "championsKilled": 11,
      "goldSpent": 12275,
      "totalDamageDealt": 126344,
      "totalDamageTaken": 30983,
      "doubleKills": 2,
      "killingSprees": 3,
      "largestKillingSpree": 5,
      "team": 100,
      "win": false,
      "neutralMinionsKilled": 13,
      "largestMultiKill": 2,
      "physicalDamageDealtPlayer": 106367,
      "magicDamageDealtPlayer": 2002,
      "physicalDamageTaken": 18039,
      "magicDamageTaken": 12665,
      "largestCriticalStrike": 524,
      "timePlayed": 2416,
      "totalHeal": 5138,
      "totalUnitsHealed": 4,
      "assists": 6,
      "item0": 3153,
      "item1": 1055,
      "item2": 3046,
      "item3": 3252,
      "item4": 3072,
      "item5": 1031,
      "item6": 3340,
      "magicDamageDealtToChampions": 840,
      "physicalDamageDealtToChampions": 21221,
      "totalDamageDealtToChampions": 29386,
      "trueDamageDealtPlayer": 17974,
      "trueDamageDealtToChampions": 7324,
      "trueDamageTaken": 278,
      "wardPlaced": 12,
      "neutralMinionsKilledEnemyJungle": 4,
      "neutralMinionsKilledYourJungle": 9,
      "totalTimeCrowdControlDealt": 366
    }
  },
  "summonerCount": 10,
  "19095542": {
    "gameId": 825967261,
    "invalid": false,
    "gameMode": "CLASSIC",
    "gameType": "MATCHED_GAME",
    "subType": "RANKED_SOLO_5x5",
    "mapId": 1,
    "teamId": 100,
    "championId": 16,
    "spell1": 4,
    "spell2": 14,
    "level": 30,
    "ipEarned": 72,
    "createDate": 1399029926141,
    "fellowPlayers": [
      {
        "summonerId": 22123633,
        "teamId": 200,
        "championId": 31
      },
      {
        "summonerId": 19816661,
        "teamId": 100,
        "championId": 126
      },
      {
        "summonerId": 27489140,
        "teamId": 200,
        "championId": 43
      },
      {
        "summonerId": 20608003,
        "teamId": 100,
        "championId": 67
      },
      {
        "summonerId": 42654094,
        "teamId": 200,
        "championId": 76
      },
      {
        "summonerId": 34895637,
        "teamId": 200,
        "championId": 119
      },
      {
        "summonerId": 32716156,
        "teamId": 100,
        "championId": 7
      },
      {
        "summonerId": 24301449,
        "teamId": 100,
        "championId": 89
      },
      {
        "summonerId": 27705679,
        "teamId": 200,
        "championId": 121
      }
    ],
    "stats": {
      "level": 17,
      "goldEarned": 13352,
      "numDeaths": 10,
      "turretsKilled": 2,
      "minionsKilled": 182,
      "championsKilled": 4,
      "goldSpent": 12335,
      "totalDamageDealt": 178078,
      "totalDamageTaken": 38897,
      "killingSprees": 1,
      "largestKillingSpree": 2,
      "team": 100,
      "win": false,
      "neutralMinionsKilled": 11,
      "largestMultiKill": 1,
      "physicalDamageDealtPlayer": 10328,
      "magicDamageDealtPlayer": 166221,
      "physicalDamageTaken": 25705,
      "magicDamageTaken": 12536,
      "timePlayed": 2416,
      "totalHeal": 30929,
      "totalUnitsHealed": 6,
      "assists": 17,
      "item0": 1056,
      "item1": 3174,
      "item2": 3089,
      "item3": 3116,
      "item4": 3024,
      "item5": 3255,
      "item6": 3340,
      "magicDamageDealtToChampions": 26108,
      "physicalDamageDealtToChampions": 534,
      "totalDamageDealtToChampions": 28170,
      "trueDamageDealtPlayer": 1528,
      "trueDamageDealtToChampions": 1528,
      "trueDamageTaken": 656,
      "wardPlaced": 7,
      "neutralMinionsKilledEnemyJungle": 5,
      "neutralMinionsKilledYourJungle": 6,
      "totalTimeCrowdControlDealt": 260
    }
  },
  "19816661": {
    "gameId": 825967261,
    "invalid": false,
    "gameMode": "CLASSIC",
    "gameType": "MATCHED_GAME",
    "subType": "RANKED_SOLO_5x5",
    "mapId": 1,
    "teamId": 100,
    "championId": 126,
    "spell1": 14,
    "spell2": 4,
    "level": 30,
    "ipEarned": 72,
    "createDate": 1399029926136,
    "fellowPlayers": [
      {
        "summonerId": 22123633,
        "teamId": 200,
        "championId": 31
      },
      {
        "summonerId": 27489140,
        "teamId": 200,
        "championId": 43
      },
      {
        "summonerId": 19095542,
        "teamId": 100,
        "championId": 16
      },
      {
        "summonerId": 20608003,
        "teamId": 100,
        "championId": 67
      },
      {
        "summonerId": 42654094,
        "teamId": 200,
        "championId": 76
      },
      {
        "summonerId": 34895637,
        "teamId": 200,
        "championId": 119
      },
      {
        "summonerId": 32716156,
        "teamId": 100,
        "championId": 7
      },
      {
        "summonerId": 24301449,
        "teamId": 100,
        "championId": 89
      },
      {
        "summonerId": 27705679,
        "teamId": 200,
        "championId": 121
      }
    ],
    "stats": {
      "level": 17,
      "goldEarned": 11921,
      "numDeaths": 8,
      "minionsKilled": 179,
      "championsKilled": 5,
      "goldSpent": 11538,
      "totalDamageDealt": 116598,
      "totalDamageTaken": 34780,
      "killingSprees": 1,
      "largestKillingSpree": 3,
      "team": 100,
      "win": false,
      "neutralMinionsKilled": 11,
      "largestMultiKill": 1,
      "physicalDamageDealtPlayer": 98262,
      "magicDamageDealtPlayer": 17770,
      "physicalDamageTaken": 13511,
      "magicDamageTaken": 19523,
      "largestCriticalStrike": 261,
      "timePlayed": 2416,
      "totalHeal": 1809,
      "totalUnitsHealed": 1,
      "assists": 10,
      "item0": 1055,
      "item1": 3111,
      "item2": 3110,
      "item3": 3078,
      "item4": 3068,
      "item5": 1037,
      "item6": 3340,
      "magicDamageDealtToChampions": 4550,
      "physicalDamageDealtToChampions": 19012,
      "totalDamageDealtToChampions": 24128,
      "trueDamageDealtPlayer": 565,
      "trueDamageDealtToChampions": 565,
      "trueDamageTaken": 1744,
      "wardPlaced": 3,
      "neutralMinionsKilledEnemyJungle": 3,
      "neutralMinionsKilledYourJungle": 8,
      "totalTimeCrowdControlDealt": 1043
    }
  },
  "27489140": {
    "gameId": 825967261,
    "invalid": false,
    "gameMode": "CLASSIC",
    "gameType": "MATCHED_GAME",
    "subType": "RANKED_SOLO_5x5",
    "mapId": 1,
    "teamId": 200,
    "championId": 43,
    "spell1": 4,
    "spell2": 3,
    "level": 30,
    "ipEarned": 110,
    "createDate": 1399029926152,
    "fellowPlayers": [
      {
        "summonerId": 22123633,
        "teamId": 200,
        "championId": 31
      },
      {
        "summonerId": 19816661,
        "teamId": 100,
        "championId": 126
      },
      {
        "summonerId": 19095542,
        "teamId": 100,
        "championId": 16
      },
      {
        "summonerId": 20608003,
        "teamId": 100,
        "championId": 67
      },
      {
        "summonerId": 42654094,
        "teamId": 200,
        "championId": 76
      },
      {
        "summonerId": 34895637,
        "teamId": 200,
        "championId": 119
      },
      {
        "summonerId": 32716156,
        "teamId": 100,
        "championId": 7
      },
      {
        "summonerId": 24301449,
        "teamId": 100,
        "championId": 89
      },
      {
        "summonerId": 27705679,
        "teamId": 200,
        "championId": 121
      }
    ],
    "stats": {
      "level": 16,
      "goldEarned": 13534,
      "numDeaths": 9,
      "barracksKilled": 1,
      "turretsKilled": 1,
      "minionsKilled": 65,
      "championsKilled": 3,
      "goldSpent": 10765,
      "totalDamageDealt": 81265,
      "totalDamageTaken": 28856,
      "team": 200,
      "win": true,
      "neutralMinionsKilled": 3,
      "largestMultiKill": 1,
      "physicalDamageDealtPlayer": 9855,
      "magicDamageDealtPlayer": 71321,
      "physicalDamageTaken": 11710,
      "magicDamageTaken": 15999,
      "timePlayed": 2416,
      "totalHeal": 1436,
      "totalUnitsHealed": 1,
      "assists": 17,
      "item0": 2045,
      "item1": 3098,
      "item2": 3165,
      "item3": 3255,
      "item4": 3110,
      "item5": 1058,
      "item6": 3340,
      "sightWardsBought": 2,
      "magicDamageDealtToChampions": 22544,
      "physicalDamageDealtToChampions": 1723,
      "totalDamageDealtToChampions": 24267,
      "trueDamageDealtPlayer": 88,
      "trueDamageTaken": 1146,
      "wardPlaced": 24,
      "neutralMinionsKilledYourJungle": 3,
      "totalTimeCrowdControlDealt": 1030
    }
  },
  "32716156": {
    "gameId": 825967261,
    "invalid": false,
    "gameMode": "CLASSIC",
    "gameType": "MATCHED_GAME",
    "subType": "RANKED_SOLO_5x5",
    "mapId": 1,
    "teamId": 100,
    "championId": 7,
    "spell1": 14,
    "spell2": 4,
    "level": 30,
    "ipEarned": 72,
    "createDate": 1399029926137,
    "fellowPlayers": [
      {
        "summonerId": 22123633,
        "teamId": 200,
        "championId": 31
      },
      {
        "summonerId": 19816661,
        "teamId": 100,
        "championId": 126
      },
      {
        "summonerId": 27489140,
        "teamId": 200,
        "championId": 43
      },
      {
        "summonerId": 19095542,
        "teamId": 100,
        "championId": 16
      },
      {
        "summonerId": 20608003,
        "teamId": 100,
        "championId": 67
      },
      {
        "summonerId": 42654094,
        "teamId": 200,
        "championId": 76
      },
      {
        "summonerId": 34895637,
        "teamId": 200,
        "championId": 119
      },
      {
        "summonerId": 24301449,
        "teamId": 100,
        "championId": 89
      },
      {
        "summonerId": 27705679,
        "teamId": 200,
        "championId": 121
      }
    ],
    "stats": {
      "level": 17,
      "goldEarned": 15057,
      "numDeaths": 10,
      "minionsKilled": 141,
      "championsKilled": 18,
      "goldSpent": 17005,
      "totalDamageDealt": 117441,
      "totalDamageTaken": 33409,
      "doubleKills": 2,
      "killingSprees": 6,
      "largestKillingSpree": 4,
      "team": 100,
      "win": false,
      "neutralMinionsKilled": 13,
      "largestMultiKill": 2,
      "physicalDamageDealtPlayer": 13251,
      "magicDamageDealtPlayer": 103300,
      "physicalDamageTaken": 18018,
      "magicDamageTaken": 13859,
      "timePlayed": 2416,
      "totalHeal": 3318,
      "totalUnitsHealed": 1,
      "assists": 7,
      "item0": 3128,
      "item1": 3157,
      "item3": 3089,
      "item4": 3255,
      "item5": 3165,
      "item6": 3340,
      "magicDamageDealtToChampions": 32592,
      "physicalDamageDealtToChampions": 1470,
      "totalDamageDealtToChampions": 34953,
      "trueDamageDealtPlayer": 890,
      "trueDamageDealtToChampions": 890,
      "trueDamageTaken": 1531,
      "wardPlaced": 8,
      "neutralMinionsKilledEnemyJungle": 2,
      "neutralMinionsKilledYourJungle": 11,
      "totalTimeCrowdControlDealt": 166
    }
  },
  "42654094": {
    "gameId": 825967261,
    "invalid": false,
    "gameMode": "CLASSIC",
    "gameType": "MATCHED_GAME",
    "subType": "RANKED_SOLO_5x5",
    "mapId": 1,
    "teamId": 200,
    "championId": 76,
    "spell1": 7,
    "spell2": 4,
    "level": 30,
    "ipEarned": 260,
    "createDate": 1399029926144,
    "fellowPlayers": [
      {
        "summonerId": 22123633,
        "teamId": 200,
        "championId": 31
      },
      {
        "summonerId": 19816661,
        "teamId": 100,
        "championId": 126
      },
      {
        "summonerId": 27489140,
        "teamId": 200,
        "championId": 43
      },
      {
        "summonerId": 19095542,
        "teamId": 100,
        "championId": 16
      },
      {
        "summonerId": 20608003,
        "teamId": 100,
        "championId": 67
      },
      {
        "summonerId": 34895637,
        "teamId": 200,
        "championId": 119
      },
      {
        "summonerId": 32716156,
        "teamId": 100,
        "championId": 7
      },
      {
        "summonerId": 24301449,
        "teamId": 100,
        "championId": 89
      },
      {
        "summonerId": 27705679,
        "teamId": 200,
        "championId": 121
      }
    ],
    "stats": {
      "level": 17,
      "goldEarned": 14153,
      "numDeaths": 7,
      "minionsKilled": 115,
      "championsKilled": 10,
      "goldSpent": 13475,
      "totalDamageDealt": 135284,
      "totalDamageTaken": 34788,
      "doubleKills": 1,
      "killingSprees": 3,
      "largestKillingSpree": 4,
      "team": 200,
      "win": true,
      "neutralMinionsKilled": 11,
      "largestMultiKill": 2,
      "physicalDamageDealtPlayer": 29675,
      "magicDamageDealtPlayer": 104464,
      "physicalDamageTaken": 17491,
      "magicDamageTaken": 15334,
      "timePlayed": 2416,
      "totalHeal": 21608,
      "totalUnitsHealed": 5,
      "assists": 16,
      "item0": 3157,
      "item1": 1056,
      "item2": 3255,
      "item3": 1026,
      "item4": 3174,
      "item5": 3089,
      "item6": 3340,
      "magicDamageDealtToChampions": 37901,
      "physicalDamageDealtToChampions": 3660,
      "totalDamageDealtToChampions": 42084,
      "trueDamageDealtPlayer": 1144,
      "trueDamageDealtToChampions": 522,
      "trueDamageTaken": 1963,
      "wardPlaced": 7,
      "neutralMinionsKilledEnemyJungle": 3,
      "neutralMinionsKilledYourJungle": 8,
      "totalTimeCrowdControlDealt": 108
    }
  },
  "34895637": {
    "gameId": 825967261,
    "invalid": false,
    "gameMode": "CLASSIC",
    "gameType": "MATCHED_GAME",
    "subType": "RANKED_SOLO_5x5",
    "mapId": 1,
    "teamId": 200,
    "championId": 119,
    "spell1": 4,
    "spell2": 7,
    "level": 30,
    "ipEarned": 110,
    "createDate": 1399029926142,
    "fellowPlayers": [
      {
        "summonerId": 22123633,
        "teamId": 200,
        "championId": 31
      },
      {
        "summonerId": 19816661,
        "teamId": 100,
        "championId": 126
      },
      {
        "summonerId": 27489140,
        "teamId": 200,
        "championId": 43
      },
      {
        "summonerId": 19095542,
        "teamId": 100,
        "championId": 16
      },
      {
        "summonerId": 20608003,
        "teamId": 100,
        "championId": 67
      },
      {
        "summonerId": 42654094,
        "teamId": 200,
        "championId": 76
      },
      {
        "summonerId": 32716156,
        "teamId": 100,
        "championId": 7
      },
      {
        "summonerId": 24301449,
        "teamId": 100,
        "championId": 89
      },
      {
        "summonerId": 27705679,
        "teamId": 200,
        "championId": 121
      }
    ],
    "stats": {
      "level": 18,
      "goldEarned": 16667,
      "numDeaths": 10,
      "turretsKilled": 3,
      "minionsKilled": 205,
      "championsKilled": 10,
      "goldSpent": 16140,
      "totalDamageDealt": 211259,
      "totalDamageTaken": 37456,
      "doubleKills": 1,
      "killingSprees": 3,
      "largestKillingSpree": 4,
      "team": 200,
      "win": true,
      "neutralMinionsKilled": 29,
      "largestMultiKill": 2,
      "physicalDamageDealtPlayer": 210427,
      "physicalDamageTaken": 21181,
      "magicDamageTaken": 13763,
      "largestCriticalStrike": 1205,
      "timePlayed": 2416,
      "totalHeal": 5287,
      "totalUnitsHealed": 4,
      "assists": 10,
      "item0": 3250,
      "item1": 3072,
      "item2": 3211,
      "item3": 3031,
      "item4": 3035,
      "item5": 3086,
      "item6": 3340,
      "physicalDamageDealtToChampions": 35013,
      "totalDamageDealtToChampions": 35683,
      "trueDamageDealtPlayer": 832,
      "trueDamageDealtToChampions": 670,
      "trueDamageTaken": 2510,
      "wardPlaced": 6,
      "neutralMinionsKilledEnemyJungle": 15,
      "neutralMinionsKilledYourJungle": 14,
      "totalTimeCrowdControlDealt": 250
    }
  },
  "24301449": {
    "gameId": 825967261,
    "invalid": false,
    "gameMode": "CLASSIC",
    "gameType": "MATCHED_GAME",
    "subType": "RANKED_SOLO_5x5",
    "mapId": 1,
    "teamId": 100,
    "championId": 89,
    "spell1": 3,
    "spell2": 4,
    "level": 30,
    "ipEarned": 72,
    "createDate": 1399029926140,
    "fellowPlayers": [
      {
        "summonerId": 22123633,
        "teamId": 200,
        "championId": 31
      },
      {
        "summonerId": 19816661,
        "teamId": 100,
        "championId": 126
      },
      {
        "summonerId": 27489140,
        "teamId": 200,
        "championId": 43
      },
      {
        "summonerId": 19095542,
        "teamId": 100,
        "championId": 16
      },
      {
        "summonerId": 20608003,
        "teamId": 100,
        "championId": 67
      },
      {
        "summonerId": 42654094,
        "teamId": 200,
        "championId": 76
      },
      {
        "summonerId": 34895637,
        "teamId": 200,
        "championId": 119
      },
      {
        "summonerId": 32716156,
        "teamId": 100,
        "championId": 7
      },
      {
        "summonerId": 27705679,
        "teamId": 200,
        "championId": 121
      }
    ],
    "stats": {
      "level": 16,
      "goldEarned": 10023,
      "numDeaths": 8,
      "minionsKilled": 40,
      "championsKilled": 1,
      "goldSpent": 9330,
      "totalDamageDealt": 53925,
      "totalDamageTaken": 37219,
      "team": 100,
      "win": false,
      "largestMultiKill": 1,
      "physicalDamageDealtPlayer": 8451,
      "magicDamageDealtPlayer": 43073,
      "physicalDamageTaken": 19905,
      "magicDamageTaken": 16041,
      "timePlayed": 2416,
      "totalHeal": 4400,
      "totalUnitsHealed": 3,
      "assists": 20,
      "item0": 2049,
      "item1": 3143,
      "item2": 3068,
      "item3": 3260,
      "item4": 1006,
      "item5": 1057,
      "item6": 3340,
      "magicDamageDealtToChampions": 13596,
      "physicalDamageDealtToChampions": 3282,
      "totalDamageDealtToChampions": 17166,
      "trueDamageDealtPlayer": 2401,
      "trueDamageDealtToChampions": 288,
      "trueDamageTaken": 1272,
      "wardPlaced": 28,
      "totalTimeCrowdControlDealt": 459
    }
  },
  "22123633": {
    "gameId": 825967261,
    "invalid": false,
    "gameMode": "CLASSIC",
    "gameType": "MATCHED_GAME",
    "subType": "RANKED_SOLO_5x5",
    "mapId": 1,
    "teamId": 200,
    "championId": 31,
    "spell1": 14,
    "spell2": 4,
    "level": 30,
    "ipEarned": 260,
    "createDate": 1399029926151,
    "fellowPlayers": [
      {
        "summonerId": 19816661,
        "teamId": 100,
        "championId": 126
      },
      {
        "summonerId": 27489140,
        "teamId": 200,
        "championId": 43
      },
      {
        "summonerId": 19095542,
        "teamId": 100,
        "championId": 16
      },
      {
        "summonerId": 20608003,
        "teamId": 100,
        "championId": 67
      },
      {
        "summonerId": 42654094,
        "teamId": 200,
        "championId": 76
      },
      {
        "summonerId": 34895637,
        "teamId": 200,
        "championId": 119
      },
      {
        "summonerId": 32716156,
        "teamId": 100,
        "championId": 7
      },
      {
        "summonerId": 24301449,
        "teamId": 100,
        "championId": 89
      },
      {
        "summonerId": 27705679,
        "teamId": 200,
        "championId": 121
      }
    ],
    "stats": {
      "level": 18,
      "goldEarned": 13798,
      "numDeaths": 8,
      "barracksKilled": 1,
      "turretsKilled": 1,
      "minionsKilled": 235,
      "championsKilled": 5,
      "goldSpent": 12565,
      "totalDamageDealt": 149763,
      "totalDamageTaken": 38257,
      "killingSprees": 1,
      "largestKillingSpree": 3,
      "team": 200,
      "win": true,
      "neutralMinionsKilled": 7,
      "largestMultiKill": 1,
      "physicalDamageDealtPlayer": 41168,
      "magicDamageDealtPlayer": 92915,
      "physicalDamageTaken": 16137,
      "magicDamageTaken": 19331,
      "timePlayed": 2416,
      "totalHeal": 9954,
      "totalUnitsHealed": 1,
      "assists": 10,
      "item0": 3153,
      "item1": 3110,
      "item2": 3065,
      "item3": 3047,
      "item4": 1056,
      "item5": 3091,
      "item6": 3340,
      "sightWardsBought": 1,
      "magicDamageDealtToChampions": 10994,
      "physicalDamageDealtToChampions": 5156,
      "totalDamageDealtToChampions": 19662,
      "trueDamageDealtPlayer": 15678,
      "trueDamageDealtToChampions": 3510,
      "trueDamageTaken": 2788,
      "wardPlaced": 5,
      "neutralMinionsKilledEnemyJungle": 1,
      "neutralMinionsKilledYourJungle": 6,
      "totalTimeCrowdControlDealt": 1304
    }
  },
  "20608003": {
    "gameId": 825967261,
    "invalid": false,
    "gameMode": "CLASSIC",
    "gameType": "MATCHED_GAME",
    "subType": "RANKED_SOLO_5x5",
    "mapId": 1,
    "teamId": 100,
    "championId": 67,
    "spell1": 4,
    "spell2": 7,
    "level": 30,
    "ipEarned": 72,
    "createDate": 1399029926139,
    "fellowPlayers": [
      {
        "summonerId": 22123633,
        "teamId": 200,
        "championId": 31
      },
      {
        "summonerId": 19816661,
        "teamId": 100,
        "championId": 126
      },
      {
        "summonerId": 27489140,
        "teamId": 200,
        "championId": 43
      },
      {
        "summonerId": 19095542,
        "teamId": 100,
        "championId": 16
      },
      {
        "summonerId": 42654094,
        "teamId": 200,
        "championId": 76
      },
      {
        "summonerId": 34895637,
        "teamId": 200,
        "championId": 119
      },
      {
        "summonerId": 32716156,
        "teamId": 100,
        "championId": 7
      },
      {
        "summonerId": 24301449,
        "teamId": 100,
        "championId": 89
      },
      {
        "summonerId": 27705679,
        "teamId": 200,
        "championId": 121
      }
    ],
    "stats": {
      "level": 17,
      "goldEarned": 12539,
      "numDeaths": 4,
      "turretsKilled": 1,
      "minionsKilled": 133,
      "championsKilled": 11,
      "goldSpent": 12275,
      "totalDamageDealt": 126344,
      "totalDamageTaken": 30983,
      "doubleKills": 2,
      "killingSprees": 3,
      "largestKillingSpree": 5,
      "team": 100,
      "win": false,
      "neutralMinionsKilled": 13,
      "largestMultiKill": 2,
      "physicalDamageDealtPlayer": 106367,
      "magicDamageDealtPlayer": 2002,
      "physicalDamageTaken": 18039,
      "magicDamageTaken": 12665,
      "largestCriticalStrike": 524,
      "timePlayed": 2416,
      "totalHeal": 5138,
      "totalUnitsHealed": 4,
      "assists": 6,
      "item0": 3153,
      "item1": 1055,
      "item2": 3046,
      "item3": 3252,
      "item4": 3072,
      "item5": 1031,
      "item6": 3340,
      "magicDamageDealtToChampions": 840,
      "physicalDamageDealtToChampions": 21221,
      "totalDamageDealtToChampions": 29386,
      "trueDamageDealtPlayer": 17974,
      "trueDamageDealtToChampions": 7324,
      "trueDamageTaken": 278,
      "wardPlaced": 12,
      "neutralMinionsKilledEnemyJungle": 4,
      "neutralMinionsKilledYourJungle": 9,
      "totalTimeCrowdControlDealt": 366
    }
  }
}