{
  "38365828": {
    "gameId": 825976049,
    "invalid": false,
    "gameMode": "CLASSIC",
    "gameType": "MATCHED_GAME",
    "subType": "RANKED_SOLO_5x5",
    "mapId": 1,
    "teamId": 100,
    "championId": 36,
    "spell1": 4,
    "spell2": 12,
    "level": 30,
    "ipEarned": 60,
    "createDate": 1399031173413,
    "fellowPlayers": [
      {
        "summonerId": 21264050,
        "teamId": 100,
        "championId": 51
      },
      {
        "summonerId": 34215811,
        "teamId": 200,
        "championId": 122
      },
      {
        "summonerId": 27476154,
        "teamId": 100,
        "championId": 28
      },
      {
        "summonerId": 27768786,
        "teamId": 200,
        "championId": 115
      },
      {
        "summonerId": 33990367,
        "teamId": 100,
        "championId": 238
      },
      {
        "summonerId": 43153938,
        "teamId": 100,
        "championId": 412
      },
      {
        "summonerId": 35295799,
        "teamId": 200,
        "championId": 42
      },
      {
        "summonerId": 23830248,
        "teamId": 200,
        "championId": 53
      },
      {
        "summonerId": 21712270,
        "teamId": 200,
        "championId": 5
      }
    ],
    "stats": {
      "level": 16,
      "goldEarned": 8708,
      "numDeaths": 4,
      "turretsKilled": 2,
      "minionsKilled": 189,
      "goldSpent": 7885,
      "totalDamageDealt": 102673,
      "totalDamageTaken": 26623,
      "team": 100,
      "win": false,
      "neutralMinionsKilled": 2,
      "physicalDamageDealtPlayer": 44878,
      "magicDamageDealtPlayer": 57794,
      "physicalDamageTaken": 17956,
      "magicDamageTaken": 7820,
      "timePlayed": 1866,
      "totalHeal": 10413,
      "totalUnitsHealed": 1,
      "assists": 3,
      "item0": 2003,
      "item1": 2044,
      "item2": 1028,
      "item3": 3068,
      "item4": 3083,
      "item5": 3067,
      "item6": 3340,
      "sightWardsBought": 3,
      "magicDamageDealtToChampions": 11293,
      "physicalDamageDealtToChampions": 1409,
      "totalDamageDealtToChampions": 12703,
      "trueDamageTaken": 846,
      "wardPlaced": 5,
      "neutralMinionsKilledEnemyJungle": 2,
      "totalTimeCrowdControlDealt": 422
    }
  },
  "summonerCount": 10,
  "21264050": {
    "gameId": 825976049,
    "invalid": false,
    "gameMode": "CLASSIC",
    "gameType": "MATCHED_GAME",
    "subType": "RANKED_SOLO_5x5",
    "mapId": 1,
    "teamId": 100,
    "championId": 51,
    "spell1": 4,
    "spell2": 7,
    "level": 30,
    "ipEarned": 60,
    "createDate": 1399031173417,
    "fellowPlayers": [
      {
        "summonerId": 38365828,
        "teamId": 100,
        "championId": 36
      },
      {
        "summonerId": 34215811,
        "teamId": 200,
        "championId": 122
      },
      {
        "summonerId": 27476154,
        "teamId": 100,
        "championId": 28
      },
      {
        "summonerId": 27768786,
        "teamId": 200,
        "championId": 115
      },
      {
        "summonerId": 33990367,
        "teamId": 100,
        "championId": 238
      },
      {
        "summonerId": 43153938,
        "teamId": 100,
        "championId": 412
      },
      {
        "summonerId": 35295799,
        "teamId": 200,
        "championId": 42
      },
      {
        "summonerId": 23830248,
        "teamId": 200,
        "championId": 53
      },
      {
        "summonerId": 21712270,
        "teamId": 200,
        "championId": 5
      }
    ],
    "stats": {
      "level": 13,
      "goldEarned": 8894,
      "numDeaths": 5,
      "minionsKilled": 162,
      "championsKilled": 3,
      "goldSpent": 7950,
      "totalDamageDealt": 107085,
      "totalDamageTaken": 21673,
      "killingSprees": 1,
      "largestKillingSpree": 2,
      "team": 100,
      "win": false,
      "neutralMinionsKilled": 11,
      "largestMultiKill": 1,
      "physicalDamageDealtPlayer": 104668,
      "magicDamageDealtPlayer": 1968,
      "physicalDamageTaken": 9911,
      "magicDamageTaken": 11161,
      "largestCriticalStrike": 725,
      "timePlayed": 1866,
      "totalHeal": 3323,
      "totalUnitsHealed": 4,
      "assists": 2,
      "item0": 1055,
      "item1": 3072,
      "item2": 3046,
      "item3": 3250,
      "item6": 3340,
      "visionWardsBought": 1,
      "magicDamageDealtToChampions": 1491,
      "physicalDamageDealtToChampions": 16344,
      "totalDamageDealtToChampions": 18027,
      "trueDamageDealtPlayer": 448,
      "trueDamageDealtToChampions": 192,
      "trueDamageTaken": 600,
      "wardKilled": 1,
      "wardPlaced": 6,
      "neutralMinionsKilledYourJungle": 11,
      "totalTimeCrowdControlDealt": 120
    }
  },
  "43153938": {
    "gameId": 825976049,
    "invalid": false,
    "gameMode": "CLASSIC",
    "gameType": "MATCHED_GAME",
    "subType": "RANKED_SOLO_5x5",
    "mapId": 1,
    "teamId": 100,
    "championId": 412,
    "spell1": 4,
    "spell2": 3,
    "level": 30,
    "ipEarned": 60,
    "createDate": 1399031173414,
    "fellowPlayers": [
      {
        "summonerId": 21264050,
        "teamId": 100,
        "championId": 51
      },
      {
        "summonerId": 38365828,
        "teamId": 100,
        "championId": 36
      },
      {
        "summonerId": 34215811,
        "teamId": 200,
        "championId": 122
      },
      {
        "summonerId": 27476154,
        "teamId": 100,
        "championId": 28
      },
      {
        "summonerId": 27768786,
        "teamId": 200,
        "championId": 115
      },
      {
        "summonerId": 33990367,
        "teamId": 100,
        "championId": 238
      },
      {
        "summonerId": 35295799,
        "teamId": 200,
        "championId": 42
      },
      {
        "summonerId": 23830248,
        "teamId": 200,
        "championId": 53
      },
      {
        "summonerId": 21712270,
        "teamId": 200,
        "championId": 5
      }
    ],
    "stats": {
      "level": 11,
      "goldEarned": 6342,
      "numDeaths": 7,
      "turretsKilled": 1,
      "minionsKilled": 6,
      "goldSpent": 5480,
      "totalDamageDealt": 11406,
      "totalDamageTaken": 15937,
      "team": 100,
      "win": false,
      "physicalDamageDealtPlayer": 3311,
      "magicDamageDealtPlayer": 8094,
      "physicalDamageTaken": 7752,
      "magicDamageTaken": 7440,
      "timePlayed": 1866,
      "totalHeal": 354,
      "totalUnitsHealed": 1,
      "assists": 6,
      "item0": 3069,
      "item1": 2045,
      "item2": 3111,
      "item3": 2010,
      "item6": 3341,
      "visionWardsBought": 2,
      "magicDamageDealtToChampions": 5507,
      "physicalDamageDealtToChampions": 547,
      "totalDamageDealtToChampions": 6054,
      "trueDamageTaken": 744,
      "wardKilled": 2,
      "wardPlaced": 23,
      "totalTimeCrowdControlDealt": 101
    }
  },
  "23830248": {
    "gameId": 825976049,
    "invalid": false,
    "gameMode": "CLASSIC",
    "gameType": "MATCHED_GAME",
    "subType": "RANKED_SOLO_5x5",
    "mapId": 1,
    "teamId": 200,
    "championId": 53,
    "spell1": 4,
    "spell2": 7,
    "level": 30,
    "ipEarned": 89,
    "createDate": 1399031173418,
    "fellowPlayers": [
      {
        "summonerId": 21264050,
        "teamId": 100,
        "championId": 51
      },
      {
        "summonerId": 38365828,
        "teamId": 100,
        "championId": 36
      },
      {
        "summonerId": 34215811,
        "teamId": 200,
        "championId": 122
      },
      {
        "summonerId": 27476154,
        "teamId": 100,
        "championId": 28
      },
      {
        "summonerId": 27768786,
        "teamId": 200,
        "championId": 115
      },
      {
        "summonerId": 33990367,
        "teamId": 100,
        "championId": 238
      },
      {
        "summonerId": 43153938,
        "teamId": 100,
        "championId": 412
      },
      {
        "summonerId": 35295799,
        "teamId": 200,
        "championId": 42
      },
      {
        "summonerId": 21712270,
        "teamId": 200,
        "championId": 5
      }
    ],
    "stats": {
      "level": 14,
      "goldEarned": 9548,
      "numDeaths": 5,
      "turretsKilled": 1,
      "minionsKilled": 20,
      "goldSpent": 8685,
      "totalDamageDealt": 29317,
      "totalDamageTaken": 21749,
      "team": 200,
      "win": true,
      "physicalDamageDealtPlayer": 7670,
      "magicDamageDealtPlayer": 21646,
      "physicalDamageTaken": 14414,
      "magicDamageTaken": 6620,
      "timePlayed": 1866,
      "totalHeal": 4273,
      "totalUnitsHealed": 4,
      "assists": 20,
      "item0": 3069,
      "item1": 3024,
      "item2": 3270,
      "item3": 3190,
      "item4": 2049,
      "item6": 3340,
      "sightWardsBought": 2,
      "visionWardsBought": 3,
      "magicDamageDealtToChampions": 6328,
      "physicalDamageDealtToChampions": 3771,
      "totalDamageDealtToChampions": 10100,
      "trueDamageTaken": 714,
      "wardKilled": 2,
      "wardPlaced": 22,
      "totalTimeCrowdControlDealt": 59
    }
  },
  "33990367": {
    "gameId": 825976049,
    "invalid": false,
    "gameMode": "CLASSIC",
    "gameType": "MATCHED_GAME",
    "subType": "RANKED_SOLO_5x5",
    "mapId": 1,
    "teamId": 100,
    "championId": 238,
    "spell1": 4,
    "spell2": 14,
    "level": 30,
    "ipEarned": 60,
    "createDate": 1399031173416,
    "fellowPlayers": [
      {
        "summonerId": 21264050,
        "teamId": 100,
        "championId": 51
      },
      {
        "summonerId": 38365828,
        "teamId": 100,
        "championId": 36
      },
      {
        "summonerId": 34215811,
        "teamId": 200,
        "championId": 122
      },
      {
        "summonerId": 27476154,
        "teamId": 100,
        "championId": 28
      },
      {
        "summonerId": 27768786,
        "teamId": 200,
        "championId": 115
      },
      {
        "summonerId": 43153938,
        "teamId": 100,
        "championId": 412
      },
      {
        "summonerId": 35295799,
        "teamId": 200,
        "championId": 42
      },
      {
        "summonerId": 23830248,
        "teamId": 200,
        "championId": 53
      },
      {
        "summonerId": 21712270,
        "teamId": 200,
        "championId": 5
      }
    ],
    "stats": {
      "level": 14,
      "goldEarned": 10060,
      "numDeaths": 9,
      "turretsKilled": 1,
      "minionsKilled": 150,
      "championsKilled": 7,
      "goldSpent": 9072,
      "totalDamageDealt": 100482,
      "totalDamageTaken": 23555,
      "doubleKills": 1,
      "tripleKills": 1,
      "killingSprees": 1,
      "largestKillingSpree": 3,
      "team": 100,
      "win": false,
      "neutralMinionsKilled": 4,
      "largestMultiKill": 3,
      "physicalDamageDealtPlayer": 93492,
      "magicDamageDealtPlayer": 5802,
      "physicalDamageTaken": 12082,
      "magicDamageTaken": 10291,
      "timePlayed": 1866,
      "totalHeal": 792,
      "totalUnitsHealed": 1,
      "assists": 2,
      "item0": 3265,
      "item1": 3153,
      "item2": 3134,
      "item3": 3155,
      "item4": 1037,
      "item5": 1036,
      "item6": 3340,
      "visionWardsBought": 1,
      "magicDamageDealtToChampions": 1028,
      "physicalDamageDealtToChampions": 15416,
      "totalDamageDealtToChampions": 17529,
      "trueDamageDealtPlayer": 1188,
      "trueDamageDealtToChampions": 1084,
      "trueDamageTaken": 1181,
      "wardKilled": 1,
      "wardPlaced": 31,
      "neutralMinionsKilledYourJungle": 4,
      "totalTimeCrowdControlDealt": 188
    }
  },
  "27768786": {
    "gameId": 825976049,
    "invalid": false,
    "gameMode": "CLASSIC",
    "gameType": "MATCHED_GAME",
    "subType": "RANKED_SOLO_5x5",
    "mapId": 1,
    "teamId": 200,
    "championId": 115,
    "spell1": 4,
    "spell2": 3,
    "level": 30,
    "ipEarned": 239,
    "createDate": 1399031173419,
    "fellowPlayers": [
      {
        "summonerId": 21264050,
        "teamId": 100,
        "championId": 51
      },
      {
        "summonerId": 38365828,
        "teamId": 100,
        "championId": 36
      },
      {
        "summonerId": 34215811,
        "teamId": 200,
        "championId": 122
      },
      {
        "summonerId": 27476154,
        "teamId": 100,
        "championId": 28
      },
      {
        "summonerId": 33990367,
        "teamId": 100,
        "championId": 238
      },
      {
        "summonerId": 43153938,
        "teamId": 100,
        "championId": 412
      },
      {
        "summonerId": 35295799,
        "teamId": 200,
        "championId": 42
      },
      {
        "summonerId": 23830248,
        "teamId": 200,
        "championId": 53
      },
      {
        "summonerId": 21712270,
        "teamId": 200,
        "championId": 5
      }
    ],
    "stats": {
      "level": 15,
      "goldEarned": 11257,
      "numDeaths": 2,
      "turretsKilled": 2,
      "minionsKilled": 123,
      "championsKilled": 5,
      "goldSpent": 9190,
      "totalDamageDealt": 96671,
      "totalDamageTaken": 14574,
      "killingSprees": 2,
      "largestKillingSpree": 2,
      "team": 200,
      "win": true,
      "neutralMinionsKilled": 9,
      "largestMultiKill": 1,
      "physicalDamageDealtPlayer": 21472,
      "magicDamageDealtPlayer": 75199,
      "physicalDamageTaken": 11003,
      "magicDamageTaken": 3088,
      "timePlayed": 1866,
      "totalHeal": 687,
      "totalUnitsHealed": 1,
      "assists": 14,
      "item0": 3157,
      "item1": 1056,
      "item2": 3174,
      "item3": 3020,
      "item4": 3057,
      "item6": 3342,
      "magicDamageDealtToChampions": 20257,
      "physicalDamageDealtToChampions": 2853,
      "totalDamageDealtToChampions": 23110,
      "trueDamageTaken": 482,
      "neutralMinionsKilledEnemyJungle": 6,
      "neutralMinionsKilledYourJungle": 3,
      "totalTimeCrowdControlDealt": 188
    }
  },
  "27476154": {
    "gameId": 825976049,
    "invalid": false,
    "gameMode": "CLASSIC",
    "gameType": "MATCHED_GAME",
    "subType": "RANKED_SOLO_5x5",
    "mapId": 1,
    "teamId": 100,
    "championId": 28,
    "spell1": 4,
    "spell2": 11,
    "level": 30,
    "ipEarned": 60,
    "createDate": 1399031173412,
    "fellowPlayers": [
      {
        "summonerId": 21264050,
        "teamId": 100,
        "championId": 51
      },
      {
        "summonerId": 38365828,
        "teamId": 100,
        "championId": 36
      },
      {
        "summonerId": 34215811,
        "teamId": 200,
        "championId": 122
      },
      {
        "summonerId": 27768786,
        "teamId": 200,
        "championId": 115
      },
      {
        "summonerId": 33990367,
        "teamId": 100,
        "championId": 238
      },
      {
        "summonerId": 43153938,
        "teamId": 100,
        "championId": 412
      },
      {
        "summonerId": 35295799,
        "teamId": 200,
        "championId": 42
      },
      {
        "summonerId": 23830248,
        "teamId": 200,
        "championId": 53
      },
      {
        "summonerId": 21712270,
        "teamId": 200,
        "championId": 5
      }
    ],
    "stats": {
      "level": 14,
      "goldEarned": 7708,
      "numDeaths": 8,
      "minionsKilled": 43,
      "championsKilled": 2,
      "goldSpent": 7220,
      "totalDamageDealt": 124115,
      "totalDamageTaken": 27407,
      "team": 100,
      "win": false,
      "neutralMinionsKilled": 75,
      "largestMultiKill": 1,
      "physicalDamageDealtPlayer": 42037,
      "magicDamageDealtPlayer": 71223,
      "physicalDamageTaken": 19451,
      "magicDamageTaken": 7154,
      "timePlayed": 1866,
      "totalHeal": 3356,
      "totalUnitsHealed": 1,
      "assists": 3,
      "item0": 1080,
      "item1": 3146,
      "item2": 3117,
      "item3": 3057,
      "item4": 1052,
      "item5": 1029,
      "item6": 3342,
      "magicDamageDealtToChampions": 9211,
      "physicalDamageDealtToChampions": 2969,
      "totalDamageDealtToChampions": 12357,
      "trueDamageDealtPlayer": 10854,
      "trueDamageDealtToChampions": 176,
      "trueDamageTaken": 801,
      "wardKilled": 3,
      "neutralMinionsKilledEnemyJungle": 5,
      "neutralMinionsKilledYourJungle": 70,
      "totalTimeCrowdControlDealt": 189
    }
  },
  "21712270": {
    "gameId": 825976049,
    "invalid": false,
    "gameMode": "CLASSIC",
    "gameType": "MATCHED_GAME",
    "subType": "RANKED_SOLO_5x5",
    "mapId": 1,
    "teamId": 200,
    "championId": 5,
    "spell1": 4,
    "spell2": 11,
    "level": 30,
    "ipEarned": 239,
    "createDate": 1399031173420,
    "fellowPlayers": [
      {
        "summonerId": 21264050,
        "teamId": 100,
        "championId": 51
      },
      {
        "summonerId": 38365828,
        "teamId": 100,
        "championId": 36
      },
      {
        "summonerId": 34215811,
        "teamId": 200,
        "championId": 122
      },
      {
        "summonerId": 27476154,
        "teamId": 100,
        "championId": 28
      },
      {
        "summonerId": 27768786,
        "teamId": 200,
        "championId": 115
      },
      {
        "summonerId": 33990367,
        "teamId": 100,
        "championId": 238
      },
      {
        "summonerId": 43153938,
        "teamId": 100,
        "championId": 412
      },
      {
        "summonerId": 35295799,
        "teamId": 200,
        "championId": 42
      },
      {
        "summonerId": 23830248,
        "teamId": 200,
        "championId": 53
      }
    ],
    "stats": {
      "level": 16,
      "goldEarned": 12185,
      "numDeaths": 1,
      "turretsKilled": 2,
      "minionsKilled": 50,
      "championsKilled": 7,
      "goldSpent": 9937,
      "totalDamageDealt": 143757,
      "totalDamageTaken": 18889,
      "killingSprees": 2,
      "largestKillingSpree": 4,
      "team": 200,
      "win": true,
      "neutralMinionsKilled": 86,
      "largestMultiKill": 1,
      "physicalDamageDealtPlayer": 85667,
      "magicDamageDealtPlayer": 47909,
      "physicalDamageTaken": 12615,
      "magicDamageTaken": 5954,
      "timePlayed": 1866,
      "totalHeal": 9047,
      "totalUnitsHealed": 1,
      "assists": 10,
      "item0": 3260,
      "item1": 3143,
      "item2": 3160,
      "item3": 3134,
      "item4": 3024,
      "item5": 3082,
      "item6": 3340,
      "visionWardsBought": 2,
      "magicDamageDealtToChampions": 2525,
      "physicalDamageDealtToChampions": 8591,
      "totalDamageDealtToChampions": 11557,
      "trueDamageDealtPlayer": 10180,
      "trueDamageDealtToChampions": 440,
      "trueDamageTaken": 320,
      "wardKilled": 2,
      "wardPlaced": 14,
      "neutralMinionsKilledEnemyJungle": 17,
      "neutralMinionsKilledYourJungle": 69,
      "totalTimeCrowdControlDealt": 1091
    }
  },
  "34215811": {
    "gameId": 825976049,
    "invalid": false,
    "gameMode": "CLASSIC",
    "gameType": "MATCHED_GAME",
    "subType": "RANKED_SOLO_5x5",
    "mapId": 1,
    "teamId": 200,
    "championId": 122,
    "spell1": 14,
    "spell2": 4,
    "level": 30,
    "ipEarned": 89,
    "createDate": 1399031173421,
    "fellowPlayers": [
      {
        "summonerId": 21264050,
        "teamId": 100,
        "championId": 51
      },
      {
        "summonerId": 38365828,
        "teamId": 100,
        "championId": 36
      },
      {
        "summonerId": 27476154,
        "teamId": 100,
        "championId": 28
      },
      {
        "summonerId": 27768786,
        "teamId": 200,
        "championId": 115
      },
      {
        "summonerId": 33990367,
        "teamId": 100,
        "championId": 238
      },
      {
        "summonerId": 43153938,
        "teamId": 100,
        "championId": 412
      },
      {
        "summonerId": 35295799,
        "teamId": 200,
        "championId": 42
      },
      {
        "summonerId": 23830248,
        "teamId": 200,
        "championId": 53
      },
      {
        "summonerId": 21712270,
        "teamId": 200,
        "championId": 5
      }
    ],
    "stats": {
      "level": 16,
      "goldEarned": 10165,
      "numDeaths": 2,
      "barracksKilled": 1,
      "minionsKilled": 122,
      "championsKilled": 5,
      "goldSpent": 8055,
      "totalDamageDealt": 72525,
      "totalDamageTaken": 16127,
      "killingSprees": 1,
      "largestKillingSpree": 3,
      "team": 200,
      "win": true,
      "largestMultiKill": 1,
      "physicalDamageDealtPlayer": 63703,
      "magicDamageDealtPlayer": 7852,
      "physicalDamageTaken": 7087,
      "magicDamageTaken": 9039,
      "largestCriticalStrike": 268,
      "timePlayed": 1866,
      "assists": 6,
      "item0": 1054,
      "item1": 3035,
      "item3": 3047,
      "item4": 3068,
      "item5": 3155,
      "item6": 3340,
      "magicDamageDealtToChampions": 2479,
      "physicalDamageDealtToChampions": 10772,
      "totalDamageDealtToChampions": 14221,
      "trueDamageDealtPlayer": 969,
      "trueDamageDealtToChampions": 969,
      "wardPlaced": 3,
      "totalTimeCrowdControlDealt": 62
    }
  },
  "35295799": {
    "gameId": 825976049,
    "invalid": false,
    "gameMode": "CLASSIC",
    "gameType": "MATCHED_GAME",
    "subType": "RANKED_SOLO_5x5",
    "mapId": 1,
    "teamId": 200,
    "championId": 42,
    "spell1": 7,
    "spell2": 4,
    "level": 30,
    "ipEarned": 89,
    "createDate": 1399031173422,
    "fellowPlayers": [
      {
        "summonerId": 21264050,
        "teamId": 100,
        "championId": 51
      },
      {
        "summonerId": 38365828,
        "teamId": 100,
        "championId": 36
      },
      {
        "summonerId": 34215811,
        "teamId": 200,
        "championId": 122
      },
      {
        "summonerId": 27476154,
        "teamId": 100,
        "championId": 28
      },
      {
        "summonerId": 27768786,
        "teamId": 200,
        "championId": 115
      },
      {
        "summonerId": 33990367,
        "teamId": 100,
        "championId": 238
      },
      {
        "summonerId": 43153938,
        "teamId": 100,
        "championId": 412
      },
      {
        "summonerId": 23830248,
        "teamId": 200,
        "championId": 53
      },
      {
        "summonerId": 21712270,
        "teamId": 200,
        "championId": 5
      }
    ],
    "stats": {
      "level": 16,
      "goldEarned": 15411,
      "numDeaths": 2,
      "turretsKilled": 3,
      "minionsKilled": 214,
      "championsKilled": 16,
      "goldSpent": 12468,
      "totalDamageDealt": 164030,
      "totalDamageTaken": 20242,
      "doubleKills": 3,
      "tripleKills": 2,
      "killingSprees": 3,
      "largestKillingSpree": 9,
      "team": 200,
      "win": true,
      "neutralMinionsKilled": 10,
      "largestMultiKill": 3,
      "physicalDamageDealtPlayer": 94121,
      "magicDamageDealtPlayer": 59841,
      "physicalDamageTaken": 15379,
      "magicDamageTaken": 4417,
      "largestCriticalStrike": 1029,
      "timePlayed": 1866,
      "totalHeal": 3174,
      "totalUnitsHealed": 2,
      "assists": 8,
      "item0": 3072,
      "item1": 3078,
      "item2": 3035,
      "item3": 3020,
      "item4": 1055,
      "item5": 1038,
      "item6": 3340,
      "magicDamageDealtToChampions": 12277,
      "physicalDamageDealtToChampions": 16395,
      "totalDamageDealtToChampions": 31437,
      "trueDamageDealtPlayer": 10068,
      "trueDamageDealtToChampions": 2764,
      "trueDamageTaken": 446,
      "wardPlaced": 2,
      "neutralMinionsKilledEnemyJungle": 7,
      "neutralMinionsKilledYourJungle": 3,
      "totalTimeCrowdControlDealt": 233
    }
  }
}