{
  "20275323": {
    "gameId": 825971798,
    "invalid": false,
    "gameMode": "CLASSIC",
    "gameType": "MATCHED_GAME",
    "subType": "NORMAL",
    "mapId": 1,
    "teamId": 100,
    "championId": 63,
    "spell1": 4,
    "spell2": 14,
    "level": 30,
    "ipEarned": 94,
    "createDate": 1399030177495,
    "fellowPlayers": [
      {
        "summonerId": 29274658,
        "teamId": 200,
        "championId": 412
      },
      {
        "summonerId": 19627311,
        "teamId": 200,
        "championId": 42
      },
      {
        "summonerId": 31695258,
        "teamId": 200,
        "championId": 77
      },
      {
        "summonerId": 30423737,
        "teamId": 100,
        "championId": 43
      },
      {
        "summonerId": 21889399,
        "teamId": 100,
        "championId": 157
      },
      {
        "summonerId": 42695146,
        "teamId": 100,
        "championId": 5
      },
      {
        "summonerId": 25497218,
        "teamId": 200,
        "championId": 76
      },
      {
        "summonerId": 24094942,
        "teamId": 200,
        "championId": 18
      },
      {
        "summonerId": 26433548,
        "teamId": 100,
        "championId": 119
      }
    ],
    "stats": {
      "level": 18,
      "goldEarned": 13360,
      "numDeaths": 7,
      "turretsKilled": 3,
      "minionsKilled": 109,
      "championsKilled": 13,
      "goldSpent": 13545,
      "totalDamageDealt": 109614,
      "totalDamageTaken": 18385,
      "doubleKills": 3,
      "killingSprees": 4,
      "largestKillingSpree": 4,
      "team": 100,
      "win": true,
      "neutralMinionsKilled": 3,
      "largestMultiKill": 2,
      "physicalDamageDealtPlayer": 13081,
      "magicDamageDealtPlayer": 95576,
      "physicalDamageTaken": 10571,
      "magicDamageTaken": 7016,
      "timePlayed": 1981,
      "totalHeal": 1038,
      "totalUnitsHealed": 1,
      "assists": 10,
      "item0": 3157,
      "item1": 3028,
      "item2": 3151,
      "item3": 2049,
      "item4": 3259,
      "item5": 3089,
      "item6": 3340,
      "sightWardsBought": 1,
      "magicDamageDealtToChampions": 34168,
      "physicalDamageDealtToChampions": 2027,
      "totalDamageDealtToChampions": 37126,
      "trueDamageDealtPlayer": 956,
      "trueDamageDealtToChampions": 930,
      "trueDamageTaken": 797,
      "wardKilled": 1,
      "wardPlaced": 22,
      "neutralMinionsKilledYourJungle": 3,
      "totalTimeCrowdControlDealt": 73
    }
  },
  "summonerCount": 10,
  "42695146": {
    "gameId": 825971798,
    "invalid": false,
    "gameMode": "CLASSIC",
    "gameType": "MATCHED_GAME",
    "subType": "NORMAL",
    "mapId": 1,
    "teamId": 100,
    "championId": 5,
    "spell1": 11,
    "spell2": 4,
    "level": 30,
    "ipEarned": 94,
    "createDate": 1399030177498,
    "fellowPlayers": [
      {
        "summonerId": 29274658,
        "teamId": 200,
        "championId": 412
      },
      {
        "summonerId": 19627311,
        "teamId": 200,
        "championId": 42
      },
      {
        "summonerId": 31695258,
        "teamId": 200,
        "championId": 77
      },
      {
        "summonerId": 30423737,
        "teamId": 100,
        "championId": 43
      },
      {
        "summonerId": 21889399,
        "teamId": 100,
        "championId": 157
      },
      {
        "summonerId": 25497218,
        "teamId": 200,
        "championId": 76
      },
      {
        "summonerId": 24094942,
        "teamId": 200,
        "championId": 18
      },
      {
        "summonerId": 26433548,
        "teamId": 100,
        "championId": 119
      },
      {
        "summonerId": 20275323,
        "teamId": 100,
        "championId": 63
      }
    ],
    "stats": {
      "level": 18,
      "goldEarned": 13301,
      "numDeaths": 6,
      "barracksKilled": 1,
      "turretsKilled": 1,
      "minionsKilled": 49,
      "championsKilled": 7,
      "goldSpent": 11993,
      "totalDamageDealt": 193033,
      "totalDamageTaken": 36632,
      "killingSprees": 1,
      "largestKillingSpree": 2,
      "team": 100,
      "win": true,
      "neutralMinionsKilled": 108,
      "largestMultiKill": 1,
      "physicalDamageDealtPlayer": 121117,
      "magicDamageDealtPlayer": 57748,
      "physicalDamageTaken": 27642,
      "magicDamageTaken": 7567,
      "largestCriticalStrike": 602,
      "timePlayed": 1981,
      "totalHeal": 15697,
      "totalUnitsHealed": 1,
      "assists": 8,
      "item0": 3160,
      "item1": 3068,
      "item2": 1011,
      "item3": 3078,
      "item4": 3280,
      "item5": 1037,
      "item6": 3340,
      "magicDamageDealtToChampions": 2629,
      "physicalDamageDealtToChampions": 13926,
      "totalDamageDealtToChampions": 17316,
      "trueDamageDealtPlayer": 14168,
      "trueDamageDealtToChampions": 760,
      "trueDamageTaken": 1421,
      "wardPlaced": 6,
      "neutralMinionsKilledEnemyJungle": 18,
      "neutralMinionsKilledYourJungle": 90,
      "totalTimeCrowdControlDealt": 787
    }
  },
  "29274658": {
    "gameId": 825971798,
    "invalid": false,
    "gameMode": "CLASSIC",
    "gameType": "MATCHED_GAME",
    "subType": "NORMAL",
    "mapId": 1,
    "teamId": 200,
    "championId": 412,
    "spell1": 4,
    "spell2": 14,
    "level": 30,
    "ipEarned": 62,
    "createDate": 1399030177503,
    "fellowPlayers": [
      {
        "summonerId": 19627311,
        "teamId": 200,
        "championId": 42
      },
      {
        "summonerId": 31695258,
        "teamId": 200,
        "championId": 77
      },
      {
        "summonerId": 30423737,
        "teamId": 100,
        "championId": 43
      },
      {
        "summonerId": 21889399,
        "teamId": 100,
        "championId": 157
      },
      {
        "summonerId": 42695146,
        "teamId": 100,
        "championId": 5
      },
      {
        "summonerId": 25497218,
        "teamId": 200,
        "championId": 76
      },
      {
        "summonerId": 24094942,
        "teamId": 200,
        "championId": 18
      },
      {
        "summonerId": 26433548,
        "teamId": 100,
        "championId": 119
      },
      {
        "summonerId": 20275323,
        "teamId": 100,
        "championId": 63
      }
    ],
    "stats": {
      "level": 14,
      "goldEarned": 9921,
      "numDeaths": 12,
      "minionsKilled": 14,
      "championsKilled": 6,
      "goldSpent": 10105,
      "totalDamageDealt": 17398,
      "totalDamageTaken": 32507,
      "doubleKills": 1,
      "killingSprees": 2,
      "largestKillingSpree": 2,
      "team": 200,
      "win": false,
      "neutralMinionsKilled": 1,
      "largestMultiKill": 2,
      "physicalDamageDealtPlayer": 3159,
      "magicDamageDealtPlayer": 13506,
      "physicalDamageTaken": 11542,
      "magicDamageTaken": 20528,
      "timePlayed": 1981,
      "totalHeal": 2075,
      "totalUnitsHealed": 1,
      "assists": 13,
      "item0": 3069,
      "item1": 3222,
      "item2": 3270,
      "item3": 1054,
      "item4": 2045,
      "item5": 3105,
      "item6": 3341,
      "sightWardsBought": 2,
      "visionWardsBought": 3,
      "magicDamageDealtToChampions": 6277,
      "physicalDamageDealtToChampions": 1330,
      "totalDamageDealtToChampions": 8339,
      "trueDamageDealtPlayer": 732,
      "trueDamageDealtToChampions": 732,
      "trueDamageTaken": 436,
      "wardKilled": 1,
      "wardPlaced": 11,
      "neutralMinionsKilledYourJungle": 1,
      "totalTimeCrowdControlDealt": 131
    }
  },
  "19627311": {
    "gameId": 825971798,
    "invalid": false,
    "gameMode": "CLASSIC",
    "gameType": "MATCHED_GAME",
    "subType": "NORMAL",
    "mapId": 1,
    "teamId": 200,
    "championId": 42,
    "spell1": 4,
    "spell2": 7,
    "level": 30,
    "ipEarned": 62,
    "createDate": 1399030177504,
    "fellowPlayers": [
      {
        "summonerId": 29274658,
        "teamId": 200,
        "championId": 412
      },
      {
        "summonerId": 31695258,
        "teamId": 200,
        "championId": 77
      },
      {
        "summonerId": 30423737,
        "teamId": 100,
        "championId": 43
      },
      {
        "summonerId": 21889399,
        "teamId": 100,
        "championId": 157
      },
      {
        "summonerId": 42695146,
        "teamId": 100,
        "championId": 5
      },
      {
        "summonerId": 25497218,
        "teamId": 200,
        "championId": 76
      },
      {
        "summonerId": 24094942,
        "teamId": 200,
        "championId": 18
      },
      {
        "summonerId": 26433548,
        "teamId": 100,
        "championId": 119
      },
      {
        "summonerId": 20275323,
        "teamId": 100,
        "championId": 63
      }
    ],
    "stats": {
      "level": 18,
      "goldEarned": 14820,
      "numDeaths": 9,
      "turretsKilled": 2,
      "minionsKilled": 203,
      "championsKilled": 13,
      "goldSpent": 14608,
      "totalDamageDealt": 160566,
      "totalDamageTaken": 34477,
      "doubleKills": 2,
      "killingSprees": 3,
      "largestKillingSpree": 4,
      "team": 200,
      "win": false,
      "neutralMinionsKilled": 12,
      "largestMultiKill": 2,
      "physicalDamageDealtPlayer": 92031,
      "magicDamageDealtPlayer": 60840,
      "physicalDamageTaken": 16183,
      "magicDamageTaken": 17433,
      "largestCriticalStrike": 795,
      "timePlayed": 1981,
      "totalHeal": 4656,
      "totalUnitsHealed": 4,
      "assists": 9,
      "item0": 3035,
      "item1": 3072,
      "item2": 1037,
      "item3": 3255,
      "item4": 1038,
      "item5": 3078,
      "item6": 3340,
      "magicDamageDealtToChampions": 14509,
      "physicalDamageDealtToChampions": 15033,
      "totalDamageDealtToChampions": 31646,
      "trueDamageDealtPlayer": 7695,
      "trueDamageDealtToChampions": 2103,
      "trueDamageTaken": 860,
      "wardPlaced": 4,
      "neutralMinionsKilledYourJungle": 12,
      "totalTimeCrowdControlDealt": 231
    }
  },
  "25497218": {
    "gameId": 825971798,
    "invalid": false,
    "gameMode": "CLASSIC",
    "gameType": "MATCHED_GAME",
    "subType": "NORMAL",
    "mapId": 1,
    "teamId": 200,
    "championId": 76,
    "spell1": 12,
    "spell2": 4,
    "level": 30,
    "ipEarned": 62,
    "createDate": 1399030177505,
    "fellowPlayers": [
      {
        "summonerId": 29274658,
        "teamId": 200,
        "championId": 412
      },
      {
        "summonerId": 19627311,
        "teamId": 200,
        "championId": 42
      },
      {
        "summonerId": 31695258,
        "teamId": 200,
        "championId": 77
      },
      {
        "summonerId": 30423737,
        "teamId": 100,
        "championId": 43
      },
      {
        "summonerId": 21889399,
        "teamId": 100,
        "championId": 157
      },
      {
        "summonerId": 42695146,
        "teamId": 100,
        "championId": 5
      },
      {
        "summonerId": 24094942,
        "teamId": 200,
        "championId": 18
      },
      {
        "summonerId": 26433548,
        "teamId": 100,
        "championId": 119
      },
      {
        "summonerId": 20275323,
        "teamId": 100,
        "championId": 63
      }
    ],
    "stats": {
      "level": 17,
      "goldEarned": 10942,
      "numDeaths": 11,
      "minionsKilled": 178,
      "championsKilled": 7,
      "goldSpent": 12253,
      "totalDamageDealt": 97130,
      "totalDamageTaken": 42677,
      "doubleKills": 1,
      "killingSprees": 1,
      "largestKillingSpree": 2,
      "team": 200,
      "win": false,
      "neutralMinionsKilled": 7,
      "largestMultiKill": 2,
      "physicalDamageDealtPlayer": 67510,
      "magicDamageDealtPlayer": 29620,
      "physicalDamageTaken": 25934,
      "magicDamageTaken": 15904,
      "largestCriticalStrike": 466,
      "timePlayed": 1981,
      "totalHeal": 10850,
      "totalUnitsHealed": 4,
      "assists": 5,
      "item0": 3153,
      "item1": 3047,
      "item2": 3078,
      "item3": 1037,
      "item4": 1055,
      "item5": 1055,
      "item6": 3340,
      "magicDamageDealtToChampions": 4757,
      "physicalDamageDealtToChampions": 15548,
      "totalDamageDealtToChampions": 20306,
      "trueDamageTaken": 838,
      "wardKilled": 1,
      "wardPlaced": 5,
      "neutralMinionsKilledEnemyJungle": 2,
      "neutralMinionsKilledYourJungle": 5,
      "totalTimeCrowdControlDealt": 33
    }
  },
  "30423737": {
    "gameId": 825971798,
    "invalid": false,
    "gameMode": "CLASSIC",
    "gameType": "MATCHED_GAME",
    "subType": "NORMAL",
    "mapId": 1,
    "teamId": 100,
    "championId": 43,
    "spell1": 3,
    "spell2": 4,
    "level": 30,
    "ipEarned": 94,
    "createDate": 1399030177496,
    "fellowPlayers": [
      {
        "summonerId": 29274658,
        "teamId": 200,
        "championId": 412
      },
      {
        "summonerId": 19627311,
        "teamId": 200,
        "championId": 42
      },
      {
        "summonerId": 31695258,
        "teamId": 200,
        "championId": 77
      },
      {
        "summonerId": 21889399,
        "teamId": 100,
        "championId": 157
      },
      {
        "summonerId": 42695146,
        "teamId": 100,
        "championId": 5
      },
      {
        "summonerId": 25497218,
        "teamId": 200,
        "championId": 76
      },
      {
        "summonerId": 24094942,
        "teamId": 200,
        "championId": 18
      },
      {
        "summonerId": 26433548,
        "teamId": 100,
        "championId": 119
      },
      {
        "summonerId": 20275323,
        "teamId": 100,
        "championId": 63
      }
    ],
    "stats": {
      "level": 18,
      "goldEarned": 15745,
      "numDeaths": 6,
      "turretsKilled": 2,
      "minionsKilled": 175,
      "championsKilled": 13,
      "goldSpent": 15115,
      "totalDamageDealt": 139629,
      "totalDamageTaken": 23592,
      "doubleKills": 3,
      "killingSprees": 4,
      "largestKillingSpree": 4,
      "team": 100,
      "win": true,
      "neutralMinionsKilled": 10,
      "largestMultiKill": 2,
      "physicalDamageDealtPlayer": 25275,
      "magicDamageDealtPlayer": 114245,
      "physicalDamageTaken": 9626,
      "magicDamageTaken": 12509,
      "timePlayed": 1981,
      "totalHeal": 4446,
      "totalUnitsHealed": 1,
      "assists": 15,
      "item0": 3089,
      "item1": 3165,
      "item2": 3174,
      "item3": 3151,
      "item4": 1026,
      "item5": 3259,
      "item6": 3340,
      "magicDamageDealtToChampions": 34277,
      "physicalDamageDealtToChampions": 2833,
      "totalDamageDealtToChampions": 37183,
      "trueDamageDealtPlayer": 108,
      "trueDamageDealtToChampions": 72,
      "trueDamageTaken": 1457,
      "wardPlaced": 5,
      "neutralMinionsKilledEnemyJungle": 3,
      "neutralMinionsKilledYourJungle": 7,
      "totalTimeCrowdControlDealt": 587
    }
  },
  "26433548": {
    "gameId": 825971798,
    "invalid": false,
    "gameMode": "CLASSIC",
    "gameType": "MATCHED_GAME",
    "subType": "NORMAL",
    "mapId": 1,
    "teamId": 100,
    "championId": 119,
    "spell1": 7,
    "spell2": 4,
    "level": 30,
    "ipEarned": 0,
    "createDate": 1399030177497,
    "fellowPlayers": [
      {
        "summonerId": 29274658,
        "teamId": 200,
        "championId": 412
      },
      {
        "summonerId": 19627311,
        "teamId": 200,
        "championId": 42
      },
      {
        "summonerId": 31695258,
        "teamId": 200,
        "championId": 77
      },
      {
        "summonerId": 30423737,
        "teamId": 100,
        "championId": 43
      },
      {
        "summonerId": 21889399,
        "teamId": 100,
        "championId": 157
      },
      {
        "summonerId": 42695146,
        "teamId": 100,
        "championId": 5
      },
      {
        "summonerId": 25497218,
        "teamId": 200,
        "championId": 76
      },
      {
        "summonerId": 24094942,
        "teamId": 200,
        "championId": 18
      },
      {
        "summonerId": 20275323,
        "teamId": 100,
        "championId": 63
      }
    ],
    "stats": {
      "level": 12,
      "goldEarned": 11084,
      "numDeaths": 8,
      "turretsKilled": 1,
      "minionsKilled": 127,
      "championsKilled": 5,
      "goldSpent": 8670,
      "totalDamageDealt": 73685,
      "totalDamageTaken": 19205,
      "killingSprees": 2,
      "largestKillingSpree": 2,
      "team": 100,
      "win": true,
      "largestMultiKill": 1,
      "physicalDamageDealtPlayer": 71367,
      "magicDamageDealtPlayer": 2318,
      "physicalDamageTaken": 8992,
      "magicDamageTaken": 9690,
      "largestCriticalStrike": 569,
      "timePlayed": 1981,
      "totalHeal": 1578,
      "totalUnitsHealed": 2,
      "assists": 2,
      "item0": 3006,
      "item1": 3072,
      "item2": 3087,
      "item3": 1057,
      "item4": 1055,
      "item5": 1037,
      "item6": 3340,
      "magicDamageDealtToChampions": 508,
      "physicalDamageDealtToChampions": 11598,
      "totalDamageDealtToChampions": 12106,
      "trueDamageTaken": 522,
      "wardPlaced": 2,
      "totalTimeCrowdControlDealt": 36
    }
  },
  "31695258": {
    "gameId": 825971798,
    "invalid": false,
    "gameMode": "CLASSIC",
    "gameType": "MATCHED_GAME",
    "subType": "NORMAL",
    "mapId": 1,
    "teamId": 200,
    "championId": 77,
    "spell1": 11,
    "spell2": 6,
    "level": 30,
    "ipEarned": 62,
    "createDate": 1399030177501,
    "fellowPlayers": [
      {
        "summonerId": 29274658,
        "teamId": 200,
        "championId": 412
      },
      {
        "summonerId": 19627311,
        "teamId": 200,
        "championId": 42
      },
      {
        "summonerId": 30423737,
        "teamId": 100,
        "championId": 43
      },
      {
        "summonerId": 21889399,
        "teamId": 100,
        "championId": 157
      },
      {
        "summonerId": 42695146,
        "teamId": 100,
        "championId": 5
      },
      {
        "summonerId": 25497218,
        "teamId": 200,
        "championId": 76
      },
      {
        "summonerId": 24094942,
        "teamId": 200,
        "championId": 18
      },
      {
        "summonerId": 26433548,
        "teamId": 100,
        "championId": 119
      },
      {
        "summonerId": 20275323,
        "teamId": 100,
        "championId": 63
      }
    ],
    "stats": {
      "level": 15,
      "goldEarned": 6987,
      "numDeaths": 3,
      "minionsKilled": 10,
      "championsKilled": 3,
      "goldSpent": 6085,
      "totalDamageDealt": 51891,
      "totalDamageTaken": 21629,
      "killingSprees": 1,
      "largestKillingSpree": 2,
      "team": 200,
      "win": false,
      "neutralMinionsKilled": 43,
      "largestMultiKill": 1,
      "physicalDamageDealtPlayer": 43900,
      "magicDamageDealtPlayer": 1607,
      "physicalDamageTaken": 11138,
      "magicDamageTaken": 9876,
      "timePlayed": 1981,
      "totalHeal": 2304,
      "totalUnitsHealed": 1,
      "assists": 4,
      "item0": 3082,
      "item1": 3211,
      "item3": 3207,
      "item5": 3263,
      "item6": 3340,
      "physicalDamageDealtToChampions": 4140,
      "totalDamageDealtToChampions": 4470,
      "trueDamageDealtPlayer": 6384,
      "trueDamageDealtToChampions": 330,
      "trueDamageTaken": 614,
      "wardPlaced": 5,
      "neutralMinionsKilledEnemyJungle": 2,
      "neutralMinionsKilledYourJungle": 41,
      "totalTimeCrowdControlDealt": 527
    }
  },
  "21889399": {
    "gameId": 825971798,
    "invalid": false,
    "gameMode": "CLASSIC",
    "gameType": "MATCHED_GAME",
    "subType": "NORMAL",
    "mapId": 1,
    "teamId": 100,
    "championId": 157,
    "spell1": 14,
    "spell2": 3,
    "level": 30,
    "ipEarned": 94,
    "createDate": 1399030177500,
    "fellowPlayers": [
      {
        "summonerId": 29274658,
        "teamId": 200,
        "championId": 412
      },
      {
        "summonerId": 19627311,
        "teamId": 200,
        "championId": 42
      },
      {
        "summonerId": 31695258,
        "teamId": 200,
        "championId": 77
      },
      {
        "summonerId": 30423737,
        "teamId": 100,
        "championId": 43
      },
      {
        "summonerId": 42695146,
        "teamId": 100,
        "championId": 5
      },
      {
        "summonerId": 25497218,
        "teamId": 200,
        "championId": 76
      },
      {
        "summonerId": 24094942,
        "teamId": 200,
        "championId": 18
      },
      {
        "summonerId": 26433548,
        "teamId": 100,
        "championId": 119
      },
      {
        "summonerId": 20275323,
        "teamId": 100,
        "championId": 63
      }
    ],
    "stats": {
      "level": 17,
      "goldEarned": 14585,
      "numDeaths": 10,
      "barracksKilled": 1,
      "turretsKilled": 1,
      "minionsKilled": 184,
      "championsKilled": 13,
      "goldSpent": 12620,
      "totalDamageDealt": 160703,
      "totalDamageTaken": 26753,
      "doubleKills": 2,
      "killingSprees": 2,
      "largestKillingSpree": 3,
      "team": 100,
      "win": true,
      "neutralMinionsKilled": 17,
      "largestMultiKill": 2,
      "physicalDamageDealtPlayer": 124476,
      "magicDamageDealtPlayer": 33949,
      "physicalDamageTaken": 18166,
      "magicDamageTaken": 7876,
      "largestCriticalStrike": 527,
      "timePlayed": 1981,
      "totalHeal": 1384,
      "totalUnitsHealed": 1,
      "assists": 5,
      "item0": 3144,
      "item1": 3087,
      "item2": 1055,
      "item3": 3250,
      "item4": 3031,
      "item5": 3143,
      "item6": 3340,
      "magicDamageDealtToChampions": 7334,
      "physicalDamageDealtToChampions": 25790,
      "totalDamageDealtToChampions": 35322,
      "trueDamageDealtPlayer": 2278,
      "trueDamageDealtToChampions": 2198,
      "trueDamageTaken": 710,
      "wardKilled": 1,
      "wardPlaced": 14,
      "neutralMinionsKilledEnemyJungle": 8,
      "neutralMinionsKilledYourJungle": 9,
      "totalTimeCrowdControlDealt": 454
    }
  },
  "24094942": {
    "gameId": 825971798,
    "invalid": false,
    "gameMode": "CLASSIC",
    "gameType": "MATCHED_GAME",
    "subType": "NORMAL",
    "mapId": 1,
    "teamId": 200,
    "championId": 18,
    "spell1": 14,
    "spell2": 4,
    "level": 30,
    "ipEarned": 62,
    "createDate": 1399030177502,
    "fellowPlayers": [
      {
        "summonerId": 29274658,
        "teamId": 200,
        "championId": 412
      },
      {
        "summonerId": 19627311,
        "teamId": 200,
        "championId": 42
      },
      {
        "summonerId": 31695258,
        "teamId": 200,
        "championId": 77
      },
      {
        "summonerId": 30423737,
        "teamId": 100,
        "championId": 43
      },
      {
        "summonerId": 21889399,
        "teamId": 100,
        "championId": 157
      },
      {
        "summonerId": 42695146,
        "teamId": 100,
        "championId": 5
      },
      {
        "summonerId": 25497218,
        "teamId": 200,
        "championId": 76
      },
      {
        "summonerId": 26433548,
        "teamId": 100,
        "championId": 119
      },
      {
        "summonerId": 20275323,
        "teamId": 100,
        "championId": 63
      }
    ],
    "stats": {
      "level": 16,
      "goldEarned": 10613,
      "numDeaths": 16,
      "minionsKilled": 107,
      "championsKilled": 8,
      "goldSpent": 12005,
      "totalDamageDealt": 79332,
      "totalDamageTaken": 31942,
      "doubleKills": 1,
      "killingSprees": 2,
      "largestKillingSpree": 2,
      "team": 200,
      "win": false,
      "neutralMinionsKilled": 3,
      "largestMultiKill": 2,
      "physicalDamageDealtPlayer": 17980,
      "magicDamageDealtPlayer": 60117,
      "physicalDamageTaken": 15555,
      "magicDamageTaken": 15174,
      "timePlayed": 1981,
      "totalHeal": 1899,
      "totalUnitsHealed": 1,
      "assists": 11,
      "item0": 1056,
      "item1": 3128,
      "item2": 3157,
      "item3": 3255,
      "item4": 3113,
      "item5": 1052,
      "item6": 3340,
      "sightWardsBought": 1,
      "magicDamageDealtToChampions": 19116,
      "physicalDamageDealtToChampions": 2690,
      "totalDamageDealtToChampions": 23011,
      "trueDamageDealtPlayer": 1234,
      "trueDamageDealtToChampions": 1204,
      "trueDamageTaken": 1212,
      "wardPlaced": 8,
      "neutralMinionsKilledYourJungle": 3,
      "totalTimeCrowdControlDealt": 248
    }
  }
}