{
  "27936496": {
    "gameId": 825981071,
    "invalid": false,
    "gameMode": "CLASSIC",
    "gameType": "MATCHED_GAME",
    "subType": "RANKED_SOLO_5x5",
    "mapId": 1,
    "teamId": 100,
    "championId": 5,
    "spell1": 11,
    "spell2": 4,
    "level": 30,
    "ipEarned": 82,
    "createDate": 1399030319159,
    "fellowPlayers": [
      {
        "summonerId": 26007645,
        "teamId": 200,
        "championId": 51
      },
      {
        "summonerId": 27539266,
        "teamId": 100,
        "championId": 21
      },
      {
        "summonerId": 23005169,
        "teamId": 200,
        "championId": 102
      },
      {
        "summonerId": 30153631,
        "teamId": 200,
        "championId": 238
      },
      {
        "summonerId": 21722364,
        "teamId": 100,
        "championId": 122
      },
      {
        "summonerId": 36787475,
        "teamId": 100,
        "championId": 76
      },
      {
        "summonerId": 24225645,
        "teamId": 200,
        "championId": 117
      },
      {
        "summonerId": 33530328,
        "teamId": 200,
        "championId": 90
      },
      {
        "summonerId": 31437175,
        "teamId": 100,
        "championId": 1
      }
    ],
    "stats": {
      "level": 17,
      "goldEarned": 11220,
      "turretsKilled": 3,
      "minionsKilled": 30,
      "championsKilled": 6,
      "goldSpent": 8915,
      "totalDamageDealt": 169069,
      "totalDamageTaken": 20769,
      "killingSprees": 1,
      "largestKillingSpree": 6,
      "team": 100,
      "win": true,
      "neutralMinionsKilled": 106,
      "largestMultiKill": 1,
      "physicalDamageDealtPlayer": 104689,
      "magicDamageDealtPlayer": 48165,
      "physicalDamageTaken": 17987,
      "magicDamageTaken": 2228,
      "timePlayed": 1720,
      "totalHeal": 11700,
      "totalUnitsHealed": 1,
      "assists": 4,
      "item0": 3153,
      "item1": 3117,
      "item2": 3160,
      "item3": 3044,
      "item4": 1011,
      "item5": 1054,
      "item6": 3341,
      "magicDamageDealtToChampions": 1456,
      "physicalDamageDealtToChampions": 9973,
      "totalDamageDealtToChampions": 11866,
      "trueDamageDealtPlayer": 16214,
      "trueDamageDealtToChampions": 436,
      "trueDamageTaken": 553,
      "wardPlaced": 2,
      "neutralMinionsKilledEnemyJungle": 10,
      "neutralMinionsKilledYourJungle": 96,
      "totalTimeCrowdControlDealt": 876
    }
  },
  "summonerCount": 10,
  "27539266": {
    "gameId": 825981071,
    "invalid": false,
    "gameMode": "CLASSIC",
    "gameType": "MATCHED_GAME",
    "subType": "RANKED_SOLO_5x5",
    "mapId": 1,
    "teamId": 100,
    "championId": 21,
    "spell1": 7,
    "spell2": 4,
    "level": 30,
    "ipEarned": 82,
    "createDate": 1399030319154,
    "fellowPlayers": [
      {
        "summonerId": 26007645,
        "teamId": 200,
        "championId": 51
      },
      {
        "summonerId": 23005169,
        "teamId": 200,
        "championId": 102
      },
      {
        "summonerId": 30153631,
        "teamId": 200,
        "championId": 238
      },
      {
        "summonerId": 21722364,
        "teamId": 100,
        "championId": 122
      },
      {
        "summonerId": 27936496,
        "teamId": 100,
        "championId": 5
      },
      {
        "summonerId": 36787475,
        "teamId": 100,
        "championId": 76
      },
      {
        "summonerId": 24225645,
        "teamId": 200,
        "championId": 117
      },
      {
        "summonerId": 33530328,
        "teamId": 200,
        "championId": 90
      },
      {
        "summonerId": 31437175,
        "teamId": 100,
        "championId": 1
      }
    ],
    "stats": {
      "level": 15,
      "goldEarned": 11233,
      "numDeaths": 1,
      "turretsKilled": 2,
      "minionsKilled": 228,
      "championsKilled": 4,
      "goldSpent": 10625,
      "totalDamageDealt": 122290,
      "totalDamageTaken": 15149,
      "doubleKills": 1,
      "killingSprees": 1,
      "largestKillingSpree": 4,
      "team": 100,
      "win": true,
      "neutralMinionsKilled": 5,
      "largestMultiKill": 2,
      "physicalDamageDealtPlayer": 104812,
      "magicDamageDealtPlayer": 16982,
      "physicalDamageTaken": 9266,
      "magicDamageTaken": 5823,
      "largestCriticalStrike": 509,
      "timePlayed": 1720,
      "totalHeal": 3782,
      "totalUnitsHealed": 2,
      "assists": 3,
      "item0": 1055,
      "item1": 3072,
      "item2": 3046,
      "item3": 1055,
      "item4": 3252,
      "item5": 3035,
      "item6": 3340,
      "magicDamageDealtToChampions": 3886,
      "physicalDamageDealtToChampions": 10364,
      "totalDamageDealtToChampions": 14251,
      "trueDamageDealtPlayer": 496,
      "trueDamageTaken": 58,
      "wardPlaced": 9,
      "neutralMinionsKilledEnemyJungle": 1,
      "neutralMinionsKilledYourJungle": 4,
      "totalTimeCrowdControlDealt": 352
    }
  },
  "21722364": {
    "gameId": 825981071,
    "invalid": false,
    "gameMode": "CLASSIC",
    "gameType": "MATCHED_GAME",
    "subType": "RANKED_SOLO_5x5",
    "mapId": 1,
    "teamId": 100,
    "championId": 122,
    "spell1": 4,
    "spell2": 14,
    "level": 30,
    "ipEarned": 82,
    "createDate": 1399030319155,
    "fellowPlayers": [
      {
        "summonerId": 26007645,
        "teamId": 200,
        "championId": 51
      },
      {
        "summonerId": 27539266,
        "teamId": 100,
        "championId": 21
      },
      {
        "summonerId": 23005169,
        "teamId": 200,
        "championId": 102
      },
      {
        "summonerId": 30153631,
        "teamId": 200,
        "championId": 238
      },
      {
        "summonerId": 27936496,
        "teamId": 100,
        "championId": 5
      },
      {
        "summonerId": 36787475,
        "teamId": 100,
        "championId": 76
      },
      {
        "summonerId": 24225645,
        "teamId": 200,
        "championId": 117
      },
      {
        "summonerId": 33530328,
        "teamId": 200,
        "championId": 90
      },
      {
        "summonerId": 31437175,
        "teamId": 100,
        "championId": 1
      }
    ],
    "stats": {
      "level": 15,
      "goldEarned": 8962,
      "numDeaths": 1,
      "turretsKilled": 1,
      "minionsKilled": 154,
      "championsKilled": 1,
      "goldSpent": 7580,
      "totalDamageDealt": 82407,
      "totalDamageTaken": 14829,
      "team": 100,
      "win": true,
      "neutralMinionsKilled": 5,
      "largestMultiKill": 1,
      "physicalDamageDealtPlayer": 69751,
      "magicDamageDealtPlayer": 10901,
      "physicalDamageTaken": 9030,
      "magicDamageTaken": 5387,
      "timePlayed": 1720,
      "totalHeal": 737,
      "totalUnitsHealed": 1,
      "assists": 2,
      "item0": 3143,
      "item1": 1054,
      "item2": 3111,
      "item3": 3068,
      "item6": 3340,
      "sightWardsBought": 2,
      "magicDamageDealtToChampions": 1156,
      "physicalDamageDealtToChampions": 5732,
      "totalDamageDealtToChampions": 8644,
      "trueDamageDealtPlayer": 1754,
      "trueDamageDealtToChampions": 1754,
      "trueDamageTaken": 412,
      "wardPlaced": 6,
      "neutralMinionsKilledEnemyJungle": 1,
      "neutralMinionsKilledYourJungle": 4,
      "totalTimeCrowdControlDealt": 311
    }
  },
  "30153631": {
    "gameId": 825981071,
    "invalid": false,
    "gameMode": "CLASSIC",
    "gameType": "MATCHED_GAME",
    "subType": "RANKED_SOLO_5x5",
    "mapId": 1,
    "teamId": 200,
    "championId": 238,
    "spell1": 4,
    "spell2": 11,
    "level": 30,
    "ipEarned": 55,
    "createDate": 1399030319164,
    "fellowPlayers": [
      {
        "summonerId": 26007645,
        "teamId": 200,
        "championId": 51
      },
      {
        "summonerId": 27539266,
        "teamId": 100,
        "championId": 21
      },
      {
        "summonerId": 23005169,
        "teamId": 200,
        "championId": 102
      },
      {
        "summonerId": 21722364,
        "teamId": 100,
        "championId": 122
      },
      {
        "summonerId": 27936496,
        "teamId": 100,
        "championId": 5
      },
      {
        "summonerId": 36787475,
        "teamId": 100,
        "championId": 76
      },
      {
        "summonerId": 24225645,
        "teamId": 200,
        "championId": 117
      },
      {
        "summonerId": 33530328,
        "teamId": 200,
        "championId": 90
      },
      {
        "summonerId": 31437175,
        "teamId": 100,
        "championId": 1
      }
    ],
    "stats": {
      "level": 14,
      "goldEarned": 8062,
      "numDeaths": 2,
      "minionsKilled": 58,
      "championsKilled": 2,
      "goldSpent": 7247,
      "totalDamageDealt": 129026,
      "totalDamageTaken": 18019,
      "killingSprees": 1,
      "largestKillingSpree": 2,
      "team": 200,
      "win": false,
      "neutralMinionsKilled": 86,
      "largestMultiKill": 1,
      "physicalDamageDealtPlayer": 107128,
      "magicDamageDealtPlayer": 8024,
      "physicalDamageTaken": 14052,
      "magicDamageTaken": 3453,
      "timePlayed": 1720,
      "totalHeal": 4694,
      "totalUnitsHealed": 1,
      "assists": 3,
      "item0": 3134,
      "item1": 1001,
      "item3": 3209,
      "item4": 3153,
      "item6": 3340,
      "magicDamageDealtToChampions": 202,
      "physicalDamageDealtToChampions": 6223,
      "totalDamageDealtToChampions": 7219,
      "trueDamageDealtPlayer": 13873,
      "trueDamageDealtToChampions": 793,
      "trueDamageTaken": 514,
      "wardPlaced": 14,
      "neutralMinionsKilledEnemyJungle": 2,
      "neutralMinionsKilledYourJungle": 84,
      "totalTimeCrowdControlDealt": 330
    }
  },
  "31437175": {
    "gameId": 825981071,
    "invalid": false,
    "gameMode": "CLASSIC",
    "gameType": "MATCHED_GAME",
    "subType": "RANKED_SOLO_5x5",
    "mapId": 1,
    "teamId": 100,
    "championId": 1,
    "spell1": 4,
    "spell2": 14,
    "level": 30,
    "ipEarned": 82,
    "createDate": 1399030319158,
    "fellowPlayers": [
      {
        "summonerId": 26007645,
        "teamId": 200,
        "championId": 51
      },
      {
        "summonerId": 27539266,
        "teamId": 100,
        "championId": 21
      },
      {
        "summonerId": 23005169,
        "teamId": 200,
        "championId": 102
      },
      {
        "summonerId": 30153631,
        "teamId": 200,
        "championId": 238
      },
      {
        "summonerId": 21722364,
        "teamId": 100,
        "championId": 122
      },
      {
        "summonerId": 27936496,
        "teamId": 100,
        "championId": 5
      },
      {
        "summonerId": 36787475,
        "teamId": 100,
        "championId": 76
      },
      {
        "summonerId": 24225645,
        "teamId": 200,
        "championId": 117
      },
      {
        "summonerId": 33530328,
        "teamId": 200,
        "championId": 90
      }
    ],
    "stats": {
      "level": 13,
      "goldEarned": 7082,
      "numDeaths": 5,
      "minionsKilled": 11,
      "championsKilled": 1,
      "goldSpent": 7190,
      "totalDamageDealt": 18367,
      "totalDamageTaken": 14316,
      "team": 100,
      "win": true,
      "largestMultiKill": 1,
      "physicalDamageDealtPlayer": 3458,
      "magicDamageDealtPlayer": 14179,
      "physicalDamageTaken": 9015,
      "magicDamageTaken": 4913,
      "timePlayed": 1720,
      "totalHeal": 585,
      "totalUnitsHealed": 2,
      "assists": 6,
      "item0": 3222,
      "item1": 2010,
      "item2": 2045,
      "item3": 3092,
      "item4": 3020,
      "item6": 3341,
      "sightWardsBought": 1,
      "magicDamageDealtToChampions": 7610,
      "physicalDamageDealtToChampions": 653,
      "totalDamageDealtToChampions": 8993,
      "trueDamageDealtPlayer": 730,
      "trueDamageDealtToChampions": 730,
      "trueDamageTaken": 387,
      "wardKilled": 4,
      "wardPlaced": 19,
      "totalTimeCrowdControlDealt": 34
    }
  },
  "23005169": {
    "gameId": 825981071,
    "invalid": false,
    "gameMode": "CLASSIC",
    "gameType": "MATCHED_GAME",
    "subType": "RANKED_SOLO_5x5",
    "mapId": 1,
    "teamId": 200,
    "championId": 102,
    "spell1": 14,
    "spell2": 4,
    "level": 30,
    "ipEarned": 55,
    "createDate": 1399030319161,
    "fellowPlayers": [
      {
        "summonerId": 26007645,
        "teamId": 200,
        "championId": 51
      },
      {
        "summonerId": 27539266,
        "teamId": 100,
        "championId": 21
      },
      {
        "summonerId": 30153631,
        "teamId": 200,
        "championId": 238
      },
      {
        "summonerId": 21722364,
        "teamId": 100,
        "championId": 122
      },
      {
        "summonerId": 27936496,
        "teamId": 100,
        "championId": 5
      },
      {
        "summonerId": 36787475,
        "teamId": 100,
        "championId": 76
      },
      {
        "summonerId": 24225645,
        "teamId": 200,
        "championId": 117
      },
      {
        "summonerId": 33530328,
        "teamId": 200,
        "championId": 90
      },
      {
        "summonerId": 31437175,
        "teamId": 100,
        "championId": 1
      }
    ],
    "stats": {
      "level": 14,
      "goldEarned": 8377,
      "numDeaths": 2,
      "turretsKilled": 2,
      "minionsKilled": 158,
      "championsKilled": 1,
      "goldSpent": 7890,
      "totalDamageDealt": 102969,
      "totalDamageTaken": 23716,
      "team": 200,
      "win": false,
      "neutralMinionsKilled": 23,
      "largestMultiKill": 1,
      "physicalDamageDealtPlayer": 52054,
      "magicDamageDealtPlayer": 50189,
      "physicalDamageTaken": 16774,
      "magicDamageTaken": 5253,
      "timePlayed": 1720,
      "totalHeal": 3160,
      "totalUnitsHealed": 1,
      "item0": 3047,
      "item1": 3153,
      "item2": 1052,
      "item3": 3044,
      "item4": 1011,
      "item5": 1055,
      "item6": 3340,
      "magicDamageDealtToChampions": 3283,
      "physicalDamageDealtToChampions": 2195,
      "totalDamageDealtToChampions": 5708,
      "trueDamageDealtPlayer": 726,
      "trueDamageDealtToChampions": 230,
      "trueDamageTaken": 1688,
      "wardPlaced": 5,
      "neutralMinionsKilledEnemyJungle": 1,
      "neutralMinionsKilledYourJungle": 22,
      "totalTimeCrowdControlDealt": 101
    }
  },
  "36787475": {
    "gameId": 825981071,
    "invalid": false,
    "gameMode": "CLASSIC",
    "gameType": "MATCHED_GAME",
    "subType": "RANKED_SOLO_5x5",
    "mapId": 1,
    "teamId": 100,
    "championId": 76,
    "spell1": 4,
    "spell2": 3,
    "level": 30,
    "ipEarned": 232,
    "createDate": 1399030319156,
    "fellowPlayers": [
      {
        "summonerId": 26007645,
        "teamId": 200,
        "championId": 51
      },
      {
        "summonerId": 27539266,
        "teamId": 100,
        "championId": 21
      },
      {
        "summonerId": 23005169,
        "teamId": 200,
        "championId": 102
      },
      {
        "summonerId": 30153631,
        "teamId": 200,
        "championId": 238
      },
      {
        "summonerId": 21722364,
        "teamId": 100,
        "championId": 122
      },
      {
        "summonerId": 27936496,
        "teamId": 100,
        "championId": 5
      },
      {
        "summonerId": 24225645,
        "teamId": 200,
        "championId": 117
      },
      {
        "summonerId": 33530328,
        "teamId": 200,
        "championId": 90
      },
      {
        "summonerId": 31437175,
        "teamId": 100,
        "championId": 1
      }
    ],
    "stats": {
      "level": 15,
      "goldEarned": 10278,
      "numDeaths": 1,
      "barracksKilled": 1,
      "turretsKilled": 1,
      "minionsKilled": 181,
      "championsKilled": 3,
      "goldSpent": 8245,
      "totalDamageDealt": 125997,
      "totalDamageTaken": 12681,
      "killingSprees": 1,
      "largestKillingSpree": 2,
      "team": 100,
      "win": true,
      "neutralMinionsKilled": 5,
      "largestMultiKill": 1,
      "physicalDamageDealtPlayer": 31947,
      "magicDamageDealtPlayer": 94050,
      "physicalDamageTaken": 7068,
      "magicDamageTaken": 5413,
      "timePlayed": 1720,
      "totalHeal": 6767,
      "totalUnitsHealed": 4,
      "assists": 3,
      "item0": 3089,
      "item1": 1052,
      "item2": 3174,
      "item3": 1001,
      "item4": 1056,
      "item5": 1026,
      "item6": 3340,
      "sightWardsBought": 2,
      "magicDamageDealtToChampions": 11552,
      "physicalDamageDealtToChampions": 962,
      "totalDamageDealtToChampions": 12514,
      "trueDamageTaken": 199,
      "wardPlaced": 6,
      "neutralMinionsKilledEnemyJungle": 2,
      "neutralMinionsKilledYourJungle": 3,
      "totalTimeCrowdControlDealt": 55
    }
  },
  "33530328": {
    "gameId": 825981071,
    "invalid": false,
    "gameMode": "CLASSIC",
    "gameType": "MATCHED_GAME",
    "subType": "RANKED_SOLO_5x5",
    "mapId": 1,
    "teamId": 200,
    "championId": 90,
    "spell1": 12,
    "spell2": 4,
    "level": 30,
    "ipEarned": 55,
    "createDate": 1399030319160,
    "fellowPlayers": [
      {
        "summonerId": 26007645,
        "teamId": 200,
        "championId": 51
      },
      {
        "summonerId": 27539266,
        "teamId": 100,
        "championId": 21
      },
      {
        "summonerId": 23005169,
        "teamId": 200,
        "championId": 102
      },
      {
        "summonerId": 30153631,
        "teamId": 200,
        "championId": 238
      },
      {
        "summonerId": 21722364,
        "teamId": 100,
        "championId": 122
      },
      {
        "summonerId": 27936496,
        "teamId": 100,
        "championId": 5
      },
      {
        "summonerId": 36787475,
        "teamId": 100,
        "championId": 76
      },
      {
        "summonerId": 24225645,
        "teamId": 200,
        "championId": 117
      },
      {
        "summonerId": 31437175,
        "teamId": 100,
        "championId": 1
      }
    ],
    "stats": {
      "level": 15,
      "goldEarned": 8369,
      "numDeaths": 5,
      "minionsKilled": 182,
      "championsKilled": 1,
      "goldSpent": 8200,
      "totalDamageDealt": 123168,
      "totalDamageTaken": 15473,
      "team": 200,
      "win": false,
      "neutralMinionsKilled": 7,
      "largestMultiKill": 1,
      "physicalDamageDealtPlayer": 32867,
      "magicDamageDealtPlayer": 90300,
      "physicalDamageTaken": 8577,
      "magicDamageTaken": 6540,
      "timePlayed": 1720,
      "totalHeal": 270,
      "totalUnitsHealed": 1,
      "assists": 4,
      "item0": 3020,
      "item1": 3027,
      "item2": 1056,
      "item3": 1026,
      "item5": 3151,
      "item6": 3340,
      "magicDamageDealtToChampions": 15418,
      "physicalDamageDealtToChampions": 2544,
      "totalDamageDealtToChampions": 17962,
      "trueDamageTaken": 356,
      "wardPlaced": 10,
      "neutralMinionsKilledYourJungle": 7,
      "totalTimeCrowdControlDealt": 69
    }
  },
  "26007645": {
    "gameId": 825981071,
    "invalid": false,
    "gameMode": "CLASSIC",
    "gameType": "MATCHED_GAME",
    "subType": "RANKED_SOLO_5x5",
    "mapId": 1,
    "teamId": 200,
    "championId": 51,
    "spell1": 21,
    "spell2": 4,
    "level": 30,
    "ipEarned": 55,
    "createDate": 1399030319162,
    "fellowPlayers": [
      {
        "summonerId": 27539266,
        "teamId": 100,
        "championId": 21
      },
      {
        "summonerId": 23005169,
        "teamId": 200,
        "championId": 102
      },
      {
        "summonerId": 30153631,
        "teamId": 200,
        "championId": 238
      },
      {
        "summonerId": 21722364,
        "teamId": 100,
        "championId": 122
      },
      {
        "summonerId": 27936496,
        "teamId": 100,
        "championId": 5
      },
      {
        "summonerId": 36787475,
        "teamId": 100,
        "championId": 76
      },
      {
        "summonerId": 24225645,
        "teamId": 200,
        "championId": 117
      },
      {
        "summonerId": 33530328,
        "teamId": 200,
        "championId": 90
      },
      {
        "summonerId": 31437175,
        "teamId": 100,
        "championId": 1
      }
    ],
    "stats": {
      "level": 14,
      "goldEarned": 9092,
      "numDeaths": 4,
      "minionsKilled": 197,
      "championsKilled": 3,
      "goldSpent": 8680,
      "totalDamageDealt": 108702,
      "totalDamageTaken": 15056,
      "killingSprees": 1,
      "largestKillingSpree": 2,
      "team": 200,
      "win": false,
      "neutralMinionsKilled": 10,
      "largestMultiKill": 1,
      "physicalDamageDealtPlayer": 106199,
      "magicDamageDealtPlayer": 2502,
      "physicalDamageTaken": 9249,
      "magicDamageTaken": 5444,
      "largestCriticalStrike": 699,
      "timePlayed": 1720,
      "totalHeal": 758,
      "totalUnitsHealed": 1,
      "assists": 3,
      "item0": 3072,
      "item1": 3006,
      "item2": 3046,
      "item3": 1037,
      "item4": 1036,
      "item6": 3340,
      "magicDamageDealtToChampions": 1629,
      "physicalDamageDealtToChampions": 10519,
      "totalDamageDealtToChampions": 12148,
      "trueDamageTaken": 362,
      "wardPlaced": 3,
      "neutralMinionsKilledYourJungle": 10,
      "totalTimeCrowdControlDealt": 48
    }
  },
  "24225645": {
    "gameId": 825981071,
    "invalid": false,
    "gameMode": "CLASSIC",
    "gameType": "MATCHED_GAME",
    "subType": "RANKED_SOLO_5x5",
    "mapId": 1,
    "teamId": 200,
    "championId": 117,
    "spell1": 4,
    "spell2": 14,
    "level": 30,
    "ipEarned": 55,
    "createDate": 1399030319165,
    "fellowPlayers": [
      {
        "summonerId": 26007645,
        "teamId": 200,
        "championId": 51
      },
      {
        "summonerId": 27539266,
        "teamId": 100,
        "championId": 21
      },
      {
        "summonerId": 23005169,
        "teamId": 200,
        "championId": 102
      },
      {
        "summonerId": 30153631,
        "teamId": 200,
        "championId": 238
      },
      {
        "summonerId": 21722364,
        "teamId": 100,
        "championId": 122
      },
      {
        "summonerId": 27936496,
        "teamId": 100,
        "championId": 5
      },
      {
        "summonerId": 36787475,
        "teamId": 100,
        "championId": 76
      },
      {
        "summonerId": 33530328,
        "teamId": 200,
        "championId": 90
      },
      {
        "summonerId": 31437175,
        "teamId": 100,
        "championId": 1
      }
    ],
    "stats": {
      "level": 10,
      "goldEarned": 5700,
      "numDeaths": 2,
      "minionsKilled": 6,
      "championsKilled": 1,
      "goldSpent": 4265,
      "totalDamageDealt": 8698,
      "totalDamageTaken": 8280,
      "team": 200,
      "win": false,
      "largestMultiKill": 1,
      "physicalDamageDealtPlayer": 3264,
      "magicDamageDealtPlayer": 5355,
      "physicalDamageTaken": 3308,
      "magicDamageTaken": 4971,
      "timePlayed": 1720,
      "assists": 3,
      "item0": 3098,
      "item1": 2045,
      "item2": 3117,
      "item3": 3108,
      "item6": 3341,
      "sightWardsBought": 1,
      "magicDamageDealtToChampions": 2891,
      "physicalDamageDealtToChampions": 470,
      "totalDamageDealtToChampions": 3440,
      "trueDamageDealtPlayer": 78,
      "trueDamageDealtToChampions": 78,
      "wardKilled": 2,
      "wardPlaced": 15,
      "totalTimeCrowdControlDealt": 61
    }
  }
}