{
  "36573375": {
    "gameId": 825977057,
    "invalid": false,
    "gameMode": "CLASSIC",
    "gameType": "MATCHED_GAME",
    "subType": "RANKED_SOLO_5x5",
    "mapId": 1,
    "teamId": 100,
    "championId": 412,
    "spell1": 14,
    "spell2": 4,
    "level": 30,
    "ipEarned": 51,
    "createDate": 1399030752789,
    "fellowPlayers": [
      {
        "summonerId": 34439626,
        "teamId": 200,
        "championId": 99
      },
      {
        "summonerId": 27744422,
        "teamId": 100,
        "championId": 236
      },
      {
        "summonerId": 30779111,
        "teamId": 200,
        "championId": 24
      },
      {
        "summonerId": 24501405,
        "teamId": 100,
        "championId": 134
      },
      {
        "summonerId": 29640226,
        "teamId": 100,
        "championId": 59
      },
      {
        "summonerId": 36429858,
        "teamId": 100,
        "championId": 64
      },
      {
        "summonerId": 26033389,
        "teamId": 200,
        "championId": 111
      },
      {
        "summonerId": 23028653,
        "teamId": 200,
        "championId": 51
      },
      {
        "summonerId": 37260417,
        "teamId": 200,
        "championId": 62
      }
    ],
    "stats": {
      "level": 9,
      "goldEarned": 4753,
      "numDeaths": 5,
      "minionsKilled": 18,
      "championsKilled": 1,
      "goldSpent": 4620,
      "totalDamageDealt": 11133,
      "totalDamageTaken": 10252,
      "team": 100,
      "win": false,
      "largestMultiKill": 1,
      "physicalDamageDealtPlayer": 4335,
      "magicDamageDealtPlayer": 6389,
      "physicalDamageTaken": 8453,
      "magicDamageTaken": 1515,
      "timePlayed": 1214,
      "totalHeal": 419,
      "totalUnitsHealed": 1,
      "assists": 4,
      "item0": 1006,
      "item1": 2045,
      "item2": 3117,
      "item3": 3096,
      "item4": 1057,
      "item6": 3340,
      "sightWardsBought": 2,
      "visionWardsBought": 2,
      "magicDamageDealtToChampions": 1950,
      "physicalDamageDealtToChampions": 1092,
      "totalDamageDealtToChampions": 3451,
      "trueDamageDealtPlayer": 408,
      "trueDamageDealtToChampions": 408,
      "trueDamageTaken": 284,
      "wardPlaced": 14,
      "totalTimeCrowdControlDealt": 95
    }
  },
  "summonerCount": 10,
  "23028653": {
    "gameId": 825977057,
    "invalid": false,
    "gameMode": "CLASSIC",
    "gameType": "MATCHED_GAME",
    "subType": "RANKED_SOLO_5x5",
    "mapId": 1,
    "teamId": 200,
    "championId": 51,
    "spell1": 7,
    "spell2": 4,
    "level": 30,
    "ipEarned": 226,
    "createDate": 1399030752792,
    "fellowPlayers": [
      {
        "summonerId": 34439626,
        "teamId": 200,
        "championId": 99
      },
      {
        "summonerId": 27744422,
        "teamId": 100,
        "championId": 236
      },
      {
        "summonerId": 30779111,
        "teamId": 200,
        "championId": 24
      },
      {
        "summonerId": 24501405,
        "teamId": 100,
        "championId": 134
      },
      {
        "summonerId": 29640226,
        "teamId": 100,
        "championId": 59
      },
      {
        "summonerId": 36573375,
        "teamId": 100,
        "championId": 412
      },
      {
        "summonerId": 36429858,
        "teamId": 100,
        "championId": 64
      },
      {
        "summonerId": 26033389,
        "teamId": 200,
        "championId": 111
      },
      {
        "summonerId": 37260417,
        "teamId": 200,
        "championId": 62
      }
    ],
    "stats": {
      "level": 10,
      "goldEarned": 7737,
      "numDeaths": 2,
      "turretsKilled": 1,
      "minionsKilled": 99,
      "championsKilled": 6,
      "goldSpent": 6220,
      "totalDamageDealt": 49427,
      "totalDamageTaken": 8087,
      "doubleKills": 1,
      "killingSprees": 2,
      "largestKillingSpree": 3,
      "team": 200,
      "win": true,
      "largestMultiKill": 2,
      "physicalDamageDealtPlayer": 48299,
      "magicDamageDealtPlayer": 874,
      "physicalDamageTaken": 5163,
      "magicDamageTaken": 2553,
      "largestCriticalStrike": 475,
      "timePlayed": 1214,
      "totalHeal": 1485,
      "totalUnitsHealed": 2,
      "assists": 5,
      "item0": 1055,
      "item1": 2003,
      "item2": 3031,
      "item3": 1053,
      "item5": 3006,
      "item6": 3340,
      "magicDamageDealtToChampions": 666,
      "physicalDamageDealtToChampions": 9666,
      "totalDamageDealtToChampions": 10528,
      "trueDamageDealtPlayer": 254,
      "trueDamageDealtToChampions": 196,
      "trueDamageTaken": 370,
      "wardPlaced": 5,
      "totalTimeCrowdControlDealt": 77
    }
  },
  "26033389": {
    "gameId": 825977057,
    "invalid": false,
    "gameMode": "CLASSIC",
    "gameType": "MATCHED_GAME",
    "subType": "RANKED_SOLO_5x5",
    "mapId": 1,
    "teamId": 200,
    "championId": 111,
    "spell1": 4,
    "spell2": 3,
    "level": 30,
    "ipEarned": 76,
    "createDate": 1399030752795,
    "fellowPlayers": [
      {
        "summonerId": 34439626,
        "teamId": 200,
        "championId": 99
      },
      {
        "summonerId": 27744422,
        "teamId": 100,
        "championId": 236
      },
      {
        "summonerId": 30779111,
        "teamId": 200,
        "championId": 24
      },
      {
        "summonerId": 24501405,
        "teamId": 100,
        "championId": 134
      },
      {
        "summonerId": 29640226,
        "teamId": 100,
        "championId": 59
      },
      {
        "summonerId": 36573375,
        "teamId": 100,
        "championId": 412
      },
      {
        "summonerId": 36429858,
        "teamId": 100,
        "championId": 64
      },
      {
        "summonerId": 23028653,
        "teamId": 200,
        "championId": 51
      },
      {
        "summonerId": 37260417,
        "teamId": 200,
        "championId": 62
      }
    ],
    "stats": {
      "level": 9,
      "goldEarned": 5472,
      "numDeaths": 2,
      "minionsKilled": 30,
      "championsKilled": 2,
      "goldSpent": 5135,
      "totalDamageDealt": 17415,
      "totalDamageTaken": 7502,
      "killingSprees": 1,
      "largestKillingSpree": 2,
      "team": 200,
      "win": true,
      "largestMultiKill": 1,
      "physicalDamageDealtPlayer": 6218,
      "magicDamageDealtPlayer": 9261,
      "physicalDamageTaken": 4466,
      "magicDamageTaken": 2942,
      "timePlayed": 1214,
      "totalHeal": 744,
      "totalUnitsHealed": 3,
      "assists": 5,
      "item0": 3097,
      "item1": 2045,
      "item2": 3009,
      "item3": 1031,
      "item6": 3340,
      "sightWardsBought": 4,
      "magicDamageDealtToChampions": 2603,
      "physicalDamageDealtToChampions": 972,
      "totalDamageDealtToChampions": 3620,
      "trueDamageDealtPlayer": 1935,
      "trueDamageDealtToChampions": 44,
      "trueDamageTaken": 93,
      "wardPlaced": 8,
      "totalTimeCrowdControlDealt": 261
    }
  },
  "27744422": {
    "gameId": 825977057,
    "invalid": false,
    "gameMode": "CLASSIC",
    "gameType": "MATCHED_GAME",
    "subType": "RANKED_SOLO_5x5",
    "mapId": 1,
    "teamId": 100,
    "championId": 236,
    "spell1": 4,
    "spell2": 7,
    "level": 30,
    "ipEarned": 0,
    "createDate": 1399030752785,
    "fellowPlayers": [
      {
        "summonerId": 34439626,
        "teamId": 200,
        "championId": 99
      },
      {
        "summonerId": 30779111,
        "teamId": 200,
        "championId": 24
      },
      {
        "summonerId": 24501405,
        "teamId": 100,
        "championId": 134
      },
      {
        "summonerId": 29640226,
        "teamId": 100,
        "championId": 59
      },
      {
        "summonerId": 36573375,
        "teamId": 100,
        "championId": 412
      },
      {
        "summonerId": 36429858,
        "teamId": 100,
        "championId": 64
      },
      {
        "summonerId": 26033389,
        "teamId": 200,
        "championId": 111
      },
      {
        "summonerId": 23028653,
        "teamId": 200,
        "championId": 51
      },
      {
        "summonerId": 37260417,
        "teamId": 200,
        "championId": 62
      }
    ],
    "stats": {
      "level": 7,
      "goldEarned": 4592,
      "numDeaths": 4,
      "minionsKilled": 81,
      "championsKilled": 1,
      "goldSpent": 2790,
      "totalDamageDealt": 21943,
      "totalDamageTaken": 5369,
      "team": 100,
      "win": false,
      "largestMultiKill": 1,
      "physicalDamageDealtPlayer": 20885,
      "magicDamageDealtPlayer": 1057,
      "physicalDamageTaken": 4290,
      "magicDamageTaken": 1035,
      "timePlayed": 1214,
      "totalHeal": 539,
      "totalUnitsHealed": 1,
      "assists": 1,
      "item0": 1055,
      "item1": 1053,
      "item2": 2003,
      "item3": 2004,
      "item4": 3250,
      "item6": 3340,
      "magicDamageDealtToChampions": 298,
      "physicalDamageDealtToChampions": 3301,
      "totalDamageDealtToChampions": 3600,
      "trueDamageTaken": 44,
      "wardPlaced": 1
    }
  },
  "30779111": {
    "gameId": 825977057,
    "invalid": false,
    "gameMode": "CLASSIC",
    "gameType": "MATCHED_GAME",
    "subType": "RANKED_SOLO_5x5",
    "mapId": 1,
    "teamId": 200,
    "championId": 24,
    "spell1": 14,
    "spell2": 4,
    "level": 30,
    "ipEarned": 76,
    "createDate": 1399030752790,
    "fellowPlayers": [
      {
        "summonerId": 34439626,
        "teamId": 200,
        "championId": 99
      },
      {
        "summonerId": 27744422,
        "teamId": 100,
        "championId": 236
      },
      {
        "summonerId": 24501405,
        "teamId": 100,
        "championId": 134
      },
      {
        "summonerId": 29640226,
        "teamId": 100,
        "championId": 59
      },
      {
        "summonerId": 36573375,
        "teamId": 100,
        "championId": 412
      },
      {
        "summonerId": 36429858,
        "teamId": 100,
        "championId": 64
      },
      {
        "summonerId": 26033389,
        "teamId": 200,
        "championId": 111
      },
      {
        "summonerId": 23028653,
        "teamId": 200,
        "championId": 51
      },
      {
        "summonerId": 37260417,
        "teamId": 200,
        "championId": 62
      }
    ],
    "stats": {
      "level": 13,
      "goldEarned": 7675,
      "numDeaths": 1,
      "turretsKilled": 1,
      "minionsKilled": 140,
      "championsKilled": 4,
      "goldSpent": 6178,
      "totalDamageDealt": 75019,
      "totalDamageTaken": 11778,
      "killingSprees": 1,
      "largestKillingSpree": 3,
      "team": 200,
      "win": true,
      "neutralMinionsKilled": 4,
      "largestMultiKill": 1,
      "physicalDamageDealtPlayer": 57535,
      "magicDamageDealtPlayer": 17103,
      "physicalDamageTaken": 9792,
      "magicDamageTaken": 1585,
      "largestCriticalStrike": 519,
      "timePlayed": 1214,
      "totalHeal": 1582,
      "totalUnitsHealed": 1,
      "assists": 1,
      "item0": 1055,
      "item1": 3078,
      "item2": 1053,
      "item3": 3111,
      "item6": 3340,
      "magicDamageDealtToChampions": 2403,
      "physicalDamageDealtToChampions": 3835,
      "totalDamageDealtToChampions": 6618,
      "trueDamageDealtPlayer": 380,
      "trueDamageDealtToChampions": 380,
      "trueDamageTaken": 400,
      "wardPlaced": 4,
      "neutralMinionsKilledEnemyJungle": 4,
      "totalTimeCrowdControlDealt": 24
    }
  },
  "29640226": {
    "gameId": 825977057,
    "invalid": false,
    "gameMode": "CLASSIC",
    "gameType": "MATCHED_GAME",
    "subType": "RANKED_SOLO_5x5",
    "mapId": 1,
    "teamId": 100,
    "championId": 59,
    "spell1": 11,
    "spell2": 4,
    "level": 30,
    "ipEarned": 51,
    "createDate": 1399030752783,
    "fellowPlayers": [
      {
        "summonerId": 34439626,
        "teamId": 200,
        "championId": 99
      },
      {
        "summonerId": 27744422,
        "teamId": 100,
        "championId": 236
      },
      {
        "summonerId": 30779111,
        "teamId": 200,
        "championId": 24
      },
      {
        "summonerId": 24501405,
        "teamId": 100,
        "championId": 134
      },
      {
        "summonerId": 36573375,
        "teamId": 100,
        "championId": 412
      },
      {
        "summonerId": 36429858,
        "teamId": 100,
        "championId": 64
      },
      {
        "summonerId": 26033389,
        "teamId": 200,
        "championId": 111
      },
      {
        "summonerId": 23028653,
        "teamId": 200,
        "championId": 51
      },
      {
        "summonerId": 37260417,
        "teamId": 200,
        "championId": 62
      }
    ],
    "stats": {
      "level": 12,
      "goldEarned": 5936,
      "numDeaths": 2,
      "minionsKilled": 20,
      "championsKilled": 3,
      "goldSpent": 4252,
      "totalDamageDealt": 78739,
      "totalDamageTaken": 11591,
      "doubleKills": 1,
      "killingSprees": 1,
      "largestKillingSpree": 2,
      "team": 100,
      "win": false,
      "neutralMinionsKilled": 68,
      "largestMultiKill": 2,
      "physicalDamageDealtPlayer": 46636,
      "magicDamageDealtPlayer": 25239,
      "physicalDamageTaken": 9755,
      "magicDamageTaken": 1602,
      "timePlayed": 1214,
      "totalHeal": 2165,
      "totalUnitsHealed": 1,
      "assists": 2,
      "item0": 3154,
      "item1": 1001,
      "item2": 3134,
      "item3": 2004,
      "item4": 1028,
      "item6": 3341,
      "sightWardsBought": 1,
      "magicDamageDealtToChampions": 590,
      "physicalDamageDealtToChampions": 2294,
      "totalDamageDealtToChampions": 2956,
      "trueDamageDealtPlayer": 6864,
      "trueDamageDealtToChampions": 72,
      "trueDamageTaken": 234,
      "wardPlaced": 2,
      "neutralMinionsKilledEnemyJungle": 2,
      "neutralMinionsKilledYourJungle": 66,
      "totalTimeCrowdControlDealt": 409
    }
  },
  "36429858": {
    "gameId": 825977057,
    "invalid": false,
    "gameMode": "CLASSIC",
    "gameType": "MATCHED_GAME",
    "subType": "RANKED_SOLO_5x5",
    "mapId": 1,
    "teamId": 100,
    "championId": 64,
    "spell1": 4,
    "spell2": 14,
    "level": 30,
    "ipEarned": 51,
    "createDate": 1399030752788,
    "fellowPlayers": [
      {
        "summonerId": 34439626,
        "teamId": 200,
        "championId": 99
      },
      {
        "summonerId": 27744422,
        "teamId": 100,
        "championId": 236
      },
      {
        "summonerId": 30779111,
        "teamId": 200,
        "championId": 24
      },
      {
        "summonerId": 24501405,
        "teamId": 100,
        "championId": 134
      },
      {
        "summonerId": 29640226,
        "teamId": 100,
        "championId": 59
      },
      {
        "summonerId": 36573375,
        "teamId": 100,
        "championId": 412
      },
      {
        "summonerId": 26033389,
        "teamId": 200,
        "championId": 111
      },
      {
        "summonerId": 23028653,
        "teamId": 200,
        "championId": 51
      },
      {
        "summonerId": 37260417,
        "teamId": 200,
        "championId": 62
      }
    ],
    "stats": {
      "level": 10,
      "goldEarned": 4186,
      "numDeaths": 6,
      "minionsKilled": 72,
      "goldSpent": 4375,
      "totalDamageDealt": 35797,
      "totalDamageTaken": 11731,
      "team": 100,
      "win": false,
      "neutralMinionsKilled": 4,
      "physicalDamageDealtPlayer": 27099,
      "magicDamageDealtPlayer": 8299,
      "physicalDamageTaken": 7686,
      "magicDamageTaken": 3759,
      "timePlayed": 1214,
      "totalHeal": 41,
      "totalUnitsHealed": 1,
      "assists": 1,
      "item0": 1029,
      "item1": 3082,
      "item2": 1028,
      "item3": 3009,
      "item4": 1011,
      "item6": 3340,
      "magicDamageDealtToChampions": 633,
      "physicalDamageDealtToChampions": 5130,
      "totalDamageDealtToChampions": 6163,
      "trueDamageDealtPlayer": 400,
      "trueDamageDealtToChampions": 400,
      "trueDamageTaken": 286,
      "wardPlaced": 2,
      "neutralMinionsKilledYourJungle": 4,
      "totalTimeCrowdControlDealt": 340
    }
  },
  "34439626": {
    "gameId": 825977057,
    "invalid": false,
    "gameMode": "CLASSIC",
    "gameType": "MATCHED_GAME",
    "subType": "RANKED_SOLO_5x5",
    "mapId": 1,
    "teamId": 200,
    "championId": 99,
    "spell1": 4,
    "spell2": 14,
    "level": 30,
    "ipEarned": 76,
    "createDate": 1399030752793,
    "fellowPlayers": [
      {
        "summonerId": 27744422,
        "teamId": 100,
        "championId": 236
      },
      {
        "summonerId": 30779111,
        "teamId": 200,
        "championId": 24
      },
      {
        "summonerId": 24501405,
        "teamId": 100,
        "championId": 134
      },
      {
        "summonerId": 29640226,
        "teamId": 100,
        "championId": 59
      },
      {
        "summonerId": 36573375,
        "teamId": 100,
        "championId": 412
      },
      {
        "summonerId": 36429858,
        "teamId": 100,
        "championId": 64
      },
      {
        "summonerId": 26033389,
        "teamId": 200,
        "championId": 111
      },
      {
        "summonerId": 23028653,
        "teamId": 200,
        "championId": 51
      },
      {
        "summonerId": 37260417,
        "teamId": 200,
        "championId": 62
      }
    ],
    "stats": {
      "level": 11,
      "goldEarned": 5686,
      "numDeaths": 1,
      "minionsKilled": 89,
      "championsKilled": 2,
      "goldSpent": 5340,
      "totalDamageDealt": 56721,
      "totalDamageTaken": 5346,
      "team": 200,
      "win": true,
      "largestMultiKill": 1,
      "physicalDamageDealtPlayer": 11444,
      "magicDamageDealtPlayer": 44975,
      "physicalDamageTaken": 1766,
      "magicDamageTaken": 3206,
      "timePlayed": 1214,
      "totalHeal": 180,
      "totalUnitsHealed": 1,
      "assists": 1,
      "item0": 3174,
      "item1": 3158,
      "item2": 1058,
      "item6": 3340,
      "magicDamageDealtToChampions": 4969,
      "physicalDamageDealtToChampions": 590,
      "totalDamageDealtToChampions": 5861,
      "trueDamageDealtPlayer": 302,
      "trueDamageDealtToChampions": 302,
      "trueDamageTaken": 374,
      "wardPlaced": 2,
      "totalTimeCrowdControlDealt": 159
    }
  },
  "24501405": {
    "gameId": 825977057,
    "invalid": false,
    "gameMode": "CLASSIC",
    "gameType": "MATCHED_GAME",
    "subType": "RANKED_SOLO_5x5",
    "mapId": 1,
    "teamId": 100,
    "championId": 134,
    "spell1": 4,
    "spell2": 14,
    "level": 30,
    "ipEarned": 51,
    "createDate": 1399030752786,
    "fellowPlayers": [
      {
        "summonerId": 34439626,
        "teamId": 200,
        "championId": 99
      },
      {
        "summonerId": 27744422,
        "teamId": 100,
        "championId": 236
      },
      {
        "summonerId": 30779111,
        "teamId": 200,
        "championId": 24
      },
      {
        "summonerId": 29640226,
        "teamId": 100,
        "championId": 59
      },
      {
        "summonerId": 36573375,
        "teamId": 100,
        "championId": 412
      },
      {
        "summonerId": 36429858,
        "teamId": 100,
        "championId": 64
      },
      {
        "summonerId": 26033389,
        "teamId": 200,
        "championId": 111
      },
      {
        "summonerId": 23028653,
        "teamId": 200,
        "championId": 51
      },
      {
        "summonerId": 37260417,
        "teamId": 200,
        "championId": 62
      }
    ],
    "stats": {
      "level": 12,
      "goldEarned": 6231,
      "numDeaths": 2,
      "minionsKilled": 138,
      "championsKilled": 2,
      "goldSpent": 5795,
      "totalDamageDealt": 63388,
      "totalDamageTaken": 6692,
      "killingSprees": 1,
      "largestKillingSpree": 2,
      "team": 100,
      "win": false,
      "largestMultiKill": 1,
      "physicalDamageDealtPlayer": 6728,
      "magicDamageDealtPlayer": 56285,
      "physicalDamageTaken": 3617,
      "magicDamageTaken": 2728,
      "timePlayed": 1214,
      "assists": 2,
      "item0": 3174,
      "item1": 1056,
      "item2": 1056,
      "item3": 1026,
      "item4": 3020,
      "item6": 3340,
      "sightWardsBought": 3,
      "magicDamageDealtToChampions": 7891,
      "physicalDamageDealtToChampions": 842,
      "totalDamageDealtToChampions": 9108,
      "trueDamageDealtPlayer": 374,
      "trueDamageDealtToChampions": 374,
      "trueDamageTaken": 346,
      "wardPlaced": 8,
      "totalTimeCrowdControlDealt": 249
    }
  },
  "36573375": {
    "gameId": 825977057,
    "invalid": false,
    "gameMode": "CLASSIC",
    "gameType": "MATCHED_GAME",
    "subType": "RANKED_SOLO_5x5",
    "mapId": 1,
    "teamId": 100,
    "championId": 412,
    "spell1": 14,
    "spell2": 4,
    "level": 30,
    "ipEarned": 51,
    "createDate": 1399030752789,
    "fellowPlayers": [
      {
        "summonerId": 34439626,
        "teamId": 200,
        "championId": 99
      },
      {
        "summonerId": 27744422,
        "teamId": 100,
        "championId": 236
      },
      {
        "summonerId": 30779111,
        "teamId": 200,
        "championId": 24
      },
      {
        "summonerId": 24501405,
        "teamId": 100,
        "championId": 134
      },
      {
        "summonerId": 29640226,
        "teamId": 100,
        "championId": 59
      },
      {
        "summonerId": 36429858,
        "teamId": 100,
        "championId": 64
      },
      {
        "summonerId": 26033389,
        "teamId": 200,
        "championId": 111
      },
      {
        "summonerId": 23028653,
        "teamId": 200,
        "championId": 51
      },
      {
        "summonerId": 37260417,
        "teamId": 200,
        "championId": 62
      }
    ],
    "stats": {
      "level": 9,
      "goldEarned": 4753,
      "numDeaths": 5,
      "minionsKilled": 18,
      "championsKilled": 1,
      "goldSpent": 4620,
      "totalDamageDealt": 11133,
      "totalDamageTaken": 10252,
      "team": 100,
      "win": false,
      "largestMultiKill": 1,
      "physicalDamageDealtPlayer": 4335,
      "magicDamageDealtPlayer": 6389,
      "physicalDamageTaken": 8453,
      "magicDamageTaken": 1515,
      "timePlayed": 1214,
      "totalHeal": 419,
      "totalUnitsHealed": 1,
      "assists": 4,
      "item0": 1006,
      "item1": 2045,
      "item2": 3117,
      "item3": 3096,
      "item4": 1057,
      "item6": 3340,
      "sightWardsBought": 2,
      "visionWardsBought": 2,
      "magicDamageDealtToChampions": 1950,
      "physicalDamageDealtToChampions": 1092,
      "totalDamageDealtToChampions": 3451,
      "trueDamageDealtPlayer": 408,
      "trueDamageDealtToChampions": 408,
      "trueDamageTaken": 284,
      "wardPlaced": 14,
      "totalTimeCrowdControlDealt": 95
    }
  }
}