{
  "27782453": {
    "gameId": 817260634,
    "invalid": false,
    "gameMode": "CLASSIC",
    "gameType": "MATCHED_GAME",
    "subType": "CAP_5x5",
    "mapId": 1,
    "teamId": 200,
    "championId": 1,
    "spell1": 4,
    "spell2": 14,
    "level": 30,
    "ipEarned": 82,
    "createDate": 1398242675743,
    "fellowPlayers": [
      {
        "summonerId": 37651739,
        "teamId": 200,
        "championId": 57
      },
      {
        "summonerId": 28114415,
        "teamId": 200,
        "championId": 39
      },
      {
        "summonerId": 35257098,
        "teamId": 200,
        "championId": 89
      },
      {
        "summonerId": 23488130,
        "teamId": 200,
        "championId": 51
      },
      {
        "summonerId": 29313635,
        "teamId": 100,
        "championId": 222
      },
      {
        "summonerId": 38366311,
        "teamId": 100,
        "championId": 75
      },
      {
        "summonerId": 38633641,
        "teamId": 100,
        "championId": 55
      },
      {
        "summonerId": 39516130,
        "teamId": 100,
        "championId": 254
      },
      {
        "summonerId": 37777251,
        "teamId": 100,
        "championId": 53
      }
    ],
    "stats": {
      "level": 16,
      "goldEarned": 12990,
      "numDeaths": 4,
      "barracksKilled": 1,
      "minionsKilled": 147,
      "championsKilled": 15,
      "goldSpent": 10665,
      "totalDamageDealt": 109585,
      "totalDamageTaken": 12125,
      "doubleKills": 4,
      "tripleKills": 1,
      "killingSprees": 3,
      "largestKillingSpree": 8,
      "team": 200,
      "win": true,
      "neutralMinionsKilled": 9,
      "largestMultiKill": 3,
      "physicalDamageDealtPlayer": 10817,
      "magicDamageDealtPlayer": 98330,
      "physicalDamageTaken": 7526,
      "magicDamageTaken": 4310,
      "timePlayed": 1720,
      "totalHeal": 364,
      "totalUnitsHealed": 1,
      "assists": 2,
      "item0": 1056,
      "item1": 3135,
      "item2": 3089,
      "item3": 3152,
      "item4": 3020,
      "item5": 1026,
      "item6": 3340,
      "magicDamageDealtToChampions": 22303,
      "physicalDamageDealtToChampions": 808,
      "totalDamageDealtToChampions": 23550,
      "trueDamageDealtPlayer": 438,
      "trueDamageDealtToChampions": 438,
      "trueDamageTaken": 288,
      "wardPlaced": 2,
      "neutralMinionsKilledEnemyJungle": 3,
      "neutralMinionsKilledYourJungle": 6,
      "totalTimeCrowdControlDealt": 79
    }
  },
  "summonerCount": 10,
  "28114415": {
    "gameId": 817260634,
    "invalid": false,
    "gameMode": "CLASSIC",
    "gameType": "MATCHED_GAME",
    "subType": "CAP_5x5",
    "mapId": 1,
    "teamId": 200,
    "championId": 39,
    "spell1": 4,
    "spell2": 14,
    "level": 30,
    "ipEarned": 82,
    "createDate": 1398242675744,
    "fellowPlayers": [
      {
        "summonerId": 27782453,
        "teamId": 200,
        "championId": 1
      },
      {
        "summonerId": 37651739,
        "teamId": 200,
        "championId": 57
      },
      {
        "summonerId": 35257098,
        "teamId": 200,
        "championId": 89
      },
      {
        "summonerId": 23488130,
        "teamId": 200,
        "championId": 51
      },
      {
        "summonerId": 29313635,
        "teamId": 100,
        "championId": 222
      },
      {
        "summonerId": 38366311,
        "teamId": 100,
        "championId": 75
      },
      {
        "summonerId": 38633641,
        "teamId": 100,
        "championId": 55
      },
      {
        "summonerId": 39516130,
        "teamId": 100,
        "championId": 254
      },
      {
        "summonerId": 37777251,
        "teamId": 100,
        "championId": 53
      }
    ],
    "stats": {
      "level": 15,
      "goldEarned": 9673,
      "numDeaths": 5,
      "turretsKilled": 2,
      "minionsKilled": 124,
      "championsKilled": 2,
      "goldSpent": 7345,
      "totalDamageDealt": 72492,
      "totalDamageTaken": 17369,
      "team": 200,
      "win": true,
      "largestMultiKill": 1,
      "physicalDamageDealtPlayer": 62334,
      "magicDamageDealtPlayer": 7261,
      "physicalDamageTaken": 11786,
      "magicDamageTaken": 4631,
      "timePlayed": 1720,
      "totalHeal": 3575,
      "totalUnitsHealed": 1,
      "assists": 10,
      "item0": 1055,
      "item1": 3111,
      "item2": 3144,
      "item3": 3075,
      "item4": 1011,
      "item5": 3082,
      "item6": 3340,
      "magicDamageDealtToChampions": 4628,
      "physicalDamageDealtToChampions": 7902,
      "totalDamageDealtToChampions": 13793,
      "trueDamageDealtPlayer": 2897,
      "trueDamageDealtToChampions": 1262,
      "trueDamageTaken": 951,
      "wardPlaced": 5,
      "totalTimeCrowdControlDealt": 180
    }
  },
  "35257098": {
    "gameId": 817260634,
    "invalid": false,
    "gameMode": "CLASSIC",
    "gameType": "MATCHED_GAME",
    "subType": "CAP_5x5",
    "mapId": 1,
    "teamId": 200,
    "championId": 89,
    "spell1": 3,
    "spell2": 4,
    "level": 30,
    "ipEarned": 82,
    "createDate": 1398242675746,
    "fellowPlayers": [
      {
        "summonerId": 27782453,
        "teamId": 200,
        "championId": 1
      },
      {
        "summonerId": 37651739,
        "teamId": 200,
        "championId": 57
      },
      {
        "summonerId": 28114415,
        "teamId": 200,
        "championId": 39
      },
      {
        "summonerId": 23488130,
        "teamId": 200,
        "championId": 51
      },
      {
        "summonerId": 29313635,
        "teamId": 100,
        "championId": 222
      },
      {
        "summonerId": 38366311,
        "teamId": 100,
        "championId": 75
      },
      {
        "summonerId": 38633641,
        "teamId": 100,
        "championId": 55
      },
      {
        "summonerId": 39516130,
        "teamId": 100,
        "championId": 254
      },
      {
        "summonerId": 37777251,
        "teamId": 100,
        "championId": 53
      }
    ],
    "stats": {
      "level": 14,
      "goldEarned": 10933,
      "numDeaths": 4,
      "minionsKilled": 31,
      "championsKilled": 2,
      "goldSpent": 9650,
      "totalDamageDealt": 23648,
      "totalDamageTaken": 17214,
      "team": 200,
      "win": true,
      "largestMultiKill": 1,
      "physicalDamageDealtPlayer": 8830,
      "magicDamageDealtPlayer": 11812,
      "physicalDamageTaken": 11727,
      "magicDamageTaken": 4895,
      "timePlayed": 1720,
      "totalHeal": 3098,
      "totalUnitsHealed": 4,
      "assists": 22,
      "item0": 3401,
      "item1": 2045,
      "item2": 3190,
      "item3": 3260,
      "item4": 1031,
      "item6": 3364,
      "sightWardsBought": 1,
      "visionWardsBought": 2,
      "magicDamageDealtToChampions": 6888,
      "physicalDamageDealtToChampions": 3019,
      "totalDamageDealtToChampions": 9908,
      "trueDamageDealtPlayer": 3005,
      "trueDamageTaken": 592,
      "wardKilled": 5,
      "wardPlaced": 20,
      "totalTimeCrowdControlDealt": 85
    }
  },
  "39516130": {
    "gameId": 817260634,
    "invalid": false,
    "gameMode": "CLASSIC",
    "gameType": "MATCHED_GAME",
    "subType": "CAP_5x5",
    "mapId": 1,
    "teamId": 100,
    "championId": 254,
    "spell1": 11,
    "spell2": 4,
    "level": 30,
    "ipEarned": 55,
    "createDate": 1398242675737,
    "fellowPlayers": [
      {
        "summonerId": 27782453,
        "teamId": 200,
        "championId": 1
      },
      {
        "summonerId": 37651739,
        "teamId": 200,
        "championId": 57
      },
      {
        "summonerId": 28114415,
        "teamId": 200,
        "championId": 39
      },
      {
        "summonerId": 35257098,
        "teamId": 200,
        "championId": 89
      },
      {
        "summonerId": 23488130,
        "teamId": 200,
        "championId": 51
      },
      {
        "summonerId": 29313635,
        "teamId": 100,
        "championId": 222
      },
      {
        "summonerId": 38366311,
        "teamId": 100,
        "championId": 75
      },
      {
        "summonerId": 38633641,
        "teamId": 100,
        "championId": 55
      },
      {
        "summonerId": 37777251,
        "teamId": 100,
        "championId": 53
      }
    ],
    "stats": {
      "level": 13,
      "goldEarned": 9074,
      "numDeaths": 6,
      "minionsKilled": 16,
      "championsKilled": 8,
      "goldSpent": 8055,
      "totalDamageDealt": 85222,
      "totalDamageTaken": 17595,
      "killingSprees": 1,
      "largestKillingSpree": 5,
      "team": 100,
      "win": false,
      "neutralMinionsKilled": 64,
      "largestMultiKill": 1,
      "physicalDamageDealtPlayer": 76500,
      "magicDamageDealtPlayer": 693,
      "physicalDamageTaken": 10663,
      "magicDamageTaken": 6082,
      "timePlayed": 1720,
      "totalHeal": 2555,
      "totalUnitsHealed": 1,
      "assists": 7,
      "item0": 3209,
      "item1": 3111,
      "item2": 3071,
      "item3": 3211,
      "item6": 3340,
      "sightWardsBought": 1,
      "visionWardsBought": 1,
      "physicalDamageDealtToChampions": 8220,
      "totalDamageDealtToChampions": 9286,
      "trueDamageDealtPlayer": 8028,
      "trueDamageDealtToChampions": 1066,
      "trueDamageTaken": 850,
      "wardPlaced": 9,
      "neutralMinionsKilledEnemyJungle": 4,
      "neutralMinionsKilledYourJungle": 60,
      "totalTimeCrowdControlDealt": 186
    }
  },
  "38633641": {
    "gameId": 817260634,
    "invalid": false,
    "gameMode": "CLASSIC",
    "gameType": "MATCHED_GAME",
    "subType": "CAP_5x5",
    "mapId": 1,
    "teamId": 100,
    "championId": 55,
    "spell1": 4,
    "spell2": 14,
    "level": 30,
    "ipEarned": 55,
    "createDate": 1398242675738,
    "fellowPlayers": [
      {
        "summonerId": 27782453,
        "teamId": 200,
        "championId": 1
      },
      {
        "summonerId": 37651739,
        "teamId": 200,
        "championId": 57
      },
      {
        "summonerId": 28114415,
        "teamId": 200,
        "championId": 39
      },
      {
        "summonerId": 35257098,
        "teamId": 200,
        "championId": 89
      },
      {
        "summonerId": 23488130,
        "teamId": 200,
        "championId": 51
      },
      {
        "summonerId": 29313635,
        "teamId": 100,
        "championId": 222
      },
      {
        "summonerId": 38366311,
        "teamId": 100,
        "championId": 75
      },
      {
        "summonerId": 39516130,
        "teamId": 100,
        "championId": 254
      },
      {
        "summonerId": 37777251,
        "teamId": 100,
        "championId": 53
      }
    ],
    "stats": {
      "level": 14,
      "goldEarned": 8263,
      "numDeaths": 7,
      "minionsKilled": 111,
      "championsKilled": 5,
      "goldSpent": 7440,
      "totalDamageDealt": 70472,
      "totalDamageTaken": 16916,
      "killingSprees": 1,
      "largestKillingSpree": 3,
      "team": 100,
      "win": false,
      "neutralMinionsKilled": 3,
      "largestMultiKill": 1,
      "physicalDamageDealtPlayer": 9068,
      "magicDamageDealtPlayer": 60987,
      "physicalDamageTaken": 5109,
      "magicDamageTaken": 11260,
      "timePlayed": 1720,
      "assists": 7,
      "item0": 3020,
      "item1": 3145,
      "item2": 3089,
      "item3": 1058,
      "item6": 3340,
      "visionWardsBought": 1,
      "magicDamageDealtToChampions": 13846,
      "physicalDamageDealtToChampions": 660,
      "totalDamageDealtToChampions": 14922,
      "trueDamageDealtPlayer": 416,
      "trueDamageDealtToChampions": 416,
      "trueDamageTaken": 547,
      "wardKilled": 1,
      "wardPlaced": 5,
      "neutralMinionsKilledYourJungle": 3
    }
  },
  "38366311": {
    "gameId": 817260634,
    "invalid": false,
    "gameMode": "CLASSIC",
    "gameType": "MATCHED_GAME",
    "subType": "CAP_5x5",
    "mapId": 1,
    "teamId": 100,
    "championId": 75,
    "spell1": 4,
    "spell2": 14,
    "level": 30,
    "ipEarned": 55,
    "createDate": 1398242675739,
    "fellowPlayers": [
      {
        "summonerId": 27782453,
        "teamId": 200,
        "championId": 1
      },
      {
        "summonerId": 37651739,
        "teamId": 200,
        "championId": 57
      },
      {
        "summonerId": 28114415,
        "teamId": 200,
        "championId": 39
      },
      {
        "summonerId": 35257098,
        "teamId": 200,
        "championId": 89
      },
      {
        "summonerId": 23488130,
        "teamId": 200,
        "championId": 51
      },
      {
        "summonerId": 29313635,
        "teamId": 100,
        "championId": 222
      },
      {
        "summonerId": 38633641,
        "teamId": 100,
        "championId": 55
      },
      {
        "summonerId": 39516130,
        "teamId": 100,
        "championId": 254
      },
      {
        "summonerId": 37777251,
        "teamId": 100,
        "championId": 53
      }
    ],
    "stats": {
      "level": 14,
      "goldEarned": 7841,
      "numDeaths": 7,
      "minionsKilled": 106,
      "championsKilled": 5,
      "goldSpent": 7625,
      "totalDamageDealt": 58728,
      "totalDamageTaken": 29410,
      "killingSprees": 1,
      "largestKillingSpree": 2,
      "team": 100,
      "win": false,
      "largestMultiKill": 1,
      "physicalDamageDealtPlayer": 44979,
      "magicDamageDealtPlayer": 12899,
      "physicalDamageTaken": 16055,
      "magicDamageTaken": 11890,
      "largestCriticalStrike": 408,
      "timePlayed": 1720,
      "totalHeal": 411,
      "totalUnitsHealed": 1,
      "assists": 4,
      "item0": 3065,
      "item1": 3143,
      "item2": 1051,
      "item3": 3009,
      "item6": 3340,
      "magicDamageDealtToChampions": 5891,
      "physicalDamageDealtToChampions": 7657,
      "totalDamageDealtToChampions": 14399,
      "trueDamageDealtPlayer": 850,
      "trueDamageDealtToChampions": 850,
      "trueDamageTaken": 1465,
      "wardPlaced": 3,
      "totalTimeCrowdControlDealt": 516
    }
  },
  "29313635": {
    "gameId": 817260634,
    "invalid": false,
    "gameMode": "CLASSIC",
    "gameType": "MATCHED_GAME",
    "subType": "CAP_5x5",
    "mapId": 1,
    "teamId": 100,
    "championId": 222,
    "spell1": 7,
    "spell2": 4,
    "level": 30,
    "ipEarned": 55,
    "createDate": 1398242675742,
    "fellowPlayers": [
      {
        "summonerId": 27782453,
        "teamId": 200,
        "championId": 1
      },
      {
        "summonerId": 37651739,
        "teamId": 200,
        "championId": 57
      },
      {
        "summonerId": 28114415,
        "teamId": 200,
        "championId": 39
      },
      {
        "summonerId": 35257098,
        "teamId": 200,
        "championId": 89
      },
      {
        "summonerId": 23488130,
        "teamId": 200,
        "championId": 51
      },
      {
        "summonerId": 38366311,
        "teamId": 100,
        "championId": 75
      },
      {
        "summonerId": 38633641,
        "teamId": 100,
        "championId": 55
      },
      {
        "summonerId": 39516130,
        "teamId": 100,
        "championId": 254
      },
      {
        "summonerId": 37777251,
        "teamId": 100,
        "championId": 53
      }
    ],
    "stats": {
      "level": 11,
      "goldEarned": 6361,
      "numDeaths": 8,
      "minionsKilled": 91,
      "championsKilled": 2,
      "goldSpent": 6045,
      "totalDamageDealt": 53715,
      "totalDamageTaken": 14516,
      "team": 100,
      "win": false,
      "neutralMinionsKilled": 2,
      "largestMultiKill": 1,
      "physicalDamageDealtPlayer": 53160,
      "magicDamageDealtPlayer": 555,
      "physicalDamageTaken": 7129,
      "magicDamageTaken": 7023,
      "largestCriticalStrike": 406,
      "timePlayed": 1720,
      "totalHeal": 2311,
      "totalUnitsHealed": 3,
      "assists": 5,
      "item0": 1055,
      "item1": 3072,
      "item2": 1001,
      "item3": 3086,
      "item4": 3093,
      "item6": 3340,
      "magicDamageDealtToChampions": 260,
      "physicalDamageDealtToChampions": 8253,
      "totalDamageDealtToChampions": 8514,
      "trueDamageTaken": 364,
      "wardPlaced": 6,
      "neutralMinionsKilledYourJungle": 2,
      "totalTimeCrowdControlDealt": 38
    }
  },
  "23488130": {
    "gameId": 817260634,
    "invalid": false,
    "gameMode": "CLASSIC",
    "gameType": "MATCHED_GAME",
    "subType": "CAP_5x5",
    "mapId": 1,
    "teamId": 200,
    "championId": 51,
    "spell1": 21,
    "spell2": 4,
    "level": 30,
    "ipEarned": 82,
    "createDate": 1398242675745,
    "fellowPlayers": [
      {
        "summonerId": 27782453,
        "teamId": 200,
        "championId": 1
      },
      {
        "summonerId": 37651739,
        "teamId": 200,
        "championId": 57
      },
      {
        "summonerId": 28114415,
        "teamId": 200,
        "championId": 39
      },
      {
        "summonerId": 35257098,
        "teamId": 200,
        "championId": 89
      },
      {
        "summonerId": 29313635,
        "teamId": 100,
        "championId": 222
      },
      {
        "summonerId": 38366311,
        "teamId": 100,
        "championId": 75
      },
      {
        "summonerId": 38633641,
        "teamId": 100,
        "championId": 55
      },
      {
        "summonerId": 39516130,
        "teamId": 100,
        "championId": 254
      },
      {
        "summonerId": 37777251,
        "teamId": 100,
        "championId": 53
      }
    ],
    "stats": {
      "level": 14,
      "goldEarned": 11334,
      "numDeaths": 5,
      "barracksKilled": 1,
      "turretsKilled": 3,
      "minionsKilled": 149,
      "championsKilled": 9,
      "goldSpent": 9195,
      "totalDamageDealt": 112430,
      "totalDamageTaken": 13646,
      "doubleKills": 2,
      "killingSprees": 3,
      "largestKillingSpree": 5,
      "team": 200,
      "win": true,
      "neutralMinionsKilled": 7,
      "largestMultiKill": 2,
      "physicalDamageDealtPlayer": 108692,
      "magicDamageDealtPlayer": 2471,
      "physicalDamageTaken": 11261,
      "magicDamageTaken": 2281,
      "largestCriticalStrike": 909,
      "timePlayed": 1720,
      "totalHeal": 1109,
      "totalUnitsHealed": 1,
      "assists": 7,
      "item0": 3072,
      "item1": 3046,
      "item2": 1037,
      "item3": 1055,
      "item4": 1055,
      "item5": 3006,
      "item6": 3340,
      "sightWardsBought": 3,
      "magicDamageDealtToChampions": 1713,
      "physicalDamageDealtToChampions": 14587,
      "totalDamageDealtToChampions": 17086,
      "trueDamageDealtPlayer": 1266,
      "trueDamageDealtToChampions": 786,
      "trueDamageTaken": 104,
      "wardKilled": 1,
      "wardPlaced": 10,
      "neutralMinionsKilledEnemyJungle": 4,
      "neutralMinionsKilledYourJungle": 3,
      "totalTimeCrowdControlDealt": 159
    }
  },
  "37777251": {
    "gameId": 817260634,
    "invalid": false,
    "gameMode": "CLASSIC",
    "gameType": "MATCHED_GAME",
    "subType": "CAP_5x5",
    "mapId": 1,
    "teamId": 100,
    "championId": 53,
    "spell1": 3,
    "spell2": 4,
    "level": 30,
    "ipEarned": 55,
    "createDate": 1398242675741,
    "fellowPlayers": [
      {
        "summonerId": 27782453,
        "teamId": 200,
        "championId": 1
      },
      {
        "summonerId": 37651739,
        "teamId": 200,
        "championId": 57
      },
      {
        "summonerId": 28114415,
        "teamId": 200,
        "championId": 39
      },
      {
        "summonerId": 35257098,
        "teamId": 200,
        "championId": 89
      },
      {
        "summonerId": 23488130,
        "teamId": 200,
        "championId": 51
      },
      {
        "summonerId": 29313635,
        "teamId": 100,
        "championId": 222
      },
      {
        "summonerId": 38366311,
        "teamId": 100,
        "championId": 75
      },
      {
        "summonerId": 38633641,
        "teamId": 100,
        "championId": 55
      },
      {
        "summonerId": 39516130,
        "teamId": 100,
        "championId": 254
      }
    ],
    "stats": {
      "level": 11,
      "goldEarned": 5816,
      "numDeaths": 11,
      "minionsKilled": 30,
      "championsKilled": 1,
      "goldSpent": 5665,
      "totalDamageDealt": 29980,
      "totalDamageTaken": 18263,
      "team": 100,
      "win": false,
      "largestMultiKill": 1,
      "physicalDamageDealtPlayer": 10176,
      "magicDamageDealtPlayer": 19803,
      "physicalDamageTaken": 7967,
      "magicDamageTaken": 9846,
      "timePlayed": 1720,
      "totalHeal": 1347,
      "totalUnitsHealed": 1,
      "assists": 7,
      "item0": 3069,
      "item1": 3047,
      "item2": 3155,
      "item6": 3340,
      "sightWardsBought": 13,
      "magicDamageDealtToChampions": 2459,
      "physicalDamageDealtToChampions": 4115,
      "totalDamageDealtToChampions": 6575,
      "trueDamageTaken": 449,
      "wardPlaced": 21,
      "totalTimeCrowdControlDealt": 82
    }
  },
  "27782453": {
    "gameId": 817260634,
    "invalid": false,
    "gameMode": "CLASSIC",
    "gameType": "MATCHED_GAME",
    "subType": "CAP_5x5",
    "mapId": 1,
    "teamId": 200,
    "championId": 1,
    "spell1": 4,
    "spell2": 14,
    "level": 30,
    "ipEarned": 82,
    "createDate": 1398242675743,
    "fellowPlayers": [
      {
        "summonerId": 37651739,
        "teamId": 200,
        "championId": 57
      },
      {
        "summonerId": 28114415,
        "teamId": 200,
        "championId": 39
      },
      {
        "summonerId": 35257098,
        "teamId": 200,
        "championId": 89
      },
      {
        "summonerId": 23488130,
        "teamId": 200,
        "championId": 51
      },
      {
        "summonerId": 29313635,
        "teamId": 100,
        "championId": 222
      },
      {
        "summonerId": 38366311,
        "teamId": 100,
        "championId": 75
      },
      {
        "summonerId": 38633641,
        "teamId": 100,
        "championId": 55
      },
      {
        "summonerId": 39516130,
        "teamId": 100,
        "championId": 254
      },
      {
        "summonerId": 37777251,
        "teamId": 100,
        "championId": 53
      }
    ],
    "stats": {
      "level": 16,
      "goldEarned": 12990,
      "numDeaths": 4,
      "barracksKilled": 1,
      "minionsKilled": 147,
      "championsKilled": 15,
      "goldSpent": 10665,
      "totalDamageDealt": 109585,
      "totalDamageTaken": 12125,
      "doubleKills": 4,
      "tripleKills": 1,
      "killingSprees": 3,
      "largestKillingSpree": 8,
      "team": 200,
      "win": true,
      "neutralMinionsKilled": 9,
      "largestMultiKill": 3,
      "physicalDamageDealtPlayer": 10817,
      "magicDamageDealtPlayer": 98330,
      "physicalDamageTaken": 7526,
      "magicDamageTaken": 4310,
      "timePlayed": 1720,
      "totalHeal": 364,
      "totalUnitsHealed": 1,
      "assists": 2,
      "item0": 1056,
      "item1": 3135,
      "item2": 3089,
      "item3": 3152,
      "item4": 3020,
      "item5": 1026,
      "item6": 3340,
      "magicDamageDealtToChampions": 22303,
      "physicalDamageDealtToChampions": 808,
      "totalDamageDealtToChampions": 23550,
      "trueDamageDealtPlayer": 438,
      "trueDamageDealtToChampions": 438,
      "trueDamageTaken": 288,
      "wardPlaced": 2,
      "neutralMinionsKilledEnemyJungle": 3,
      "neutralMinionsKilledYourJungle": 6,
      "totalTimeCrowdControlDealt": 79
    }
  }
}