{
  "37098710": {
    "gameId": 817280736,
    "invalid": false,
    "gameMode": "CLASSIC",
    "gameType": "MATCHED_GAME",
    "subType": "CAP_5x5",
    "mapId": 1,
    "teamId": 100,
    "championId": 121,
    "spell1": 4,
    "spell2": 21,
    "level": 30,
    "ipEarned": 87,
    "createDate": 1398242579553,
    "fellowPlayers": [
      {
        "summonerId": 24222831,
        "teamId": 100,
        "championId": 222
      },
      {
        "summonerId": 28298719,
        "teamId": 200,
        "championId": 29
      },
      {
        "summonerId": 40176058,
        "teamId": 200,
        "championId": 161
      },
      {
        "summonerId": 25414615,
        "teamId": 200,
        "championId": 41
      },
      {
        "summonerId": 34227212,
        "teamId": 200,
        "championId": 76
      },
      {
        "summonerId": 32294279,
        "teamId": 100,
        "championId": 17
      },
      {
        "summonerId": 29534468,
        "teamId": 200,
        "championId": 238
      },
      {
        "summonerId": 40053075,
        "teamId": 100,
        "championId": 19
      },
      {
        "summonerId": 30706390,
        "teamId": 100,
        "championId": 43
      }
    ],
    "stats": {
      "level": 17,
      "goldEarned": 15156,
      "numDeaths": 7,
      "barracksKilled": 2,
      "turretsKilled": 2,
      "minionsKilled": 144,
      "championsKilled": 19,
      "goldSpent": 14375,
      "totalDamageDealt": 149407,
      "totalDamageTaken": 22430,
      "doubleKills": 5,
      "killingSprees": 5,
      "largestKillingSpree": 7,
      "team": 100,
      "win": true,
      "neutralMinionsKilled": 33,
      "largestMultiKill": 2,
      "physicalDamageDealtPlayer": 147391,
      "magicDamageDealtPlayer": 1621,
      "physicalDamageTaken": 14626,
      "magicDamageTaken": 5765,
      "timePlayed": 1806,
      "totalHeal": 6570,
      "totalUnitsHealed": 1,
      "assists": 6,
      "item0": 3279,
      "item1": 3156,
      "item2": 3004,
      "item3": 3071,
      "item4": 3035,
      "item5": 1038,
      "item6": 3340,
      "sightWardsBought": 1,
      "magicDamageDealtToChampions": 1621,
      "physicalDamageDealtToChampions": 27986,
      "totalDamageDealtToChampions": 29752,
      "trueDamageDealtPlayer": 394,
      "trueDamageDealtToChampions": 144,
      "trueDamageTaken": 2039,
      "wardPlaced": 11,
      "neutralMinionsKilledEnemyJungle": 19,
      "neutralMinionsKilledYourJungle": 14,
      "totalTimeCrowdControlDealt": 365
    }
  },
  "summonerCount": 10,
  "34227212": {
    "gameId": 817280736,
    "invalid": false,
    "gameMode": "CLASSIC",
    "gameType": "MATCHED_GAME",
    "subType": "CAP_5x5",
    "mapId": 1,
    "teamId": 200,
    "championId": 76,
    "spell1": 14,
    "spell2": 4,
    "level": 30,
    "ipEarned": 58,
    "createDate": 1398242579562,
    "fellowPlayers": [
      {
        "summonerId": 24222831,
        "teamId": 100,
        "championId": 222
      },
      {
        "summonerId": 28298719,
        "teamId": 200,
        "championId": 29
      },
      {
        "summonerId": 40176058,
        "teamId": 200,
        "championId": 161
      },
      {
        "summonerId": 25414615,
        "teamId": 200,
        "championId": 41
      },
      {
        "summonerId": 37098710,
        "teamId": 100,
        "championId": 121
      },
      {
        "summonerId": 32294279,
        "teamId": 100,
        "championId": 17
      },
      {
        "summonerId": 29534468,
        "teamId": 200,
        "championId": 238
      },
      {
        "summonerId": 40053075,
        "teamId": 100,
        "championId": 19
      },
      {
        "summonerId": 30706390,
        "teamId": 100,
        "championId": 43
      }
    ],
    "stats": {
      "level": 14,
      "goldEarned": 5994,
      "numDeaths": 11,
      "minionsKilled": 16,
      "championsKilled": 3,
      "goldSpent": 5100,
      "totalDamageDealt": 18366,
      "totalDamageTaken": 21721,
      "team": 200,
      "win": false,
      "neutralMinionsKilled": 1,
      "largestMultiKill": 1,
      "physicalDamageDealtPlayer": 6099,
      "magicDamageDealtPlayer": 11501,
      "physicalDamageTaken": 12310,
      "magicDamageTaken": 9353,
      "timePlayed": 1806,
      "totalHeal": 3649,
      "totalUnitsHealed": 5,
      "assists": 6,
      "item0": 3070,
      "item1": 3135,
      "item2": 2004,
      "item3": 1001,
      "item4": 1058,
      "sightWardsBought": 1,
      "magicDamageDealtToChampions": 5355,
      "physicalDamageDealtToChampions": 1201,
      "totalDamageDealtToChampions": 7322,
      "trueDamageDealtPlayer": 766,
      "trueDamageDealtToChampions": 766,
      "trueDamageTaken": 58,
      "wardPlaced": 1,
      "neutralMinionsKilledEnemyJungle": 1
    }
  },
  "40176058": {
    "gameId": 817280736,
    "invalid": false,
    "gameMode": "CLASSIC",
    "gameType": "MATCHED_GAME",
    "subType": "CAP_5x5",
    "mapId": 1,
    "teamId": 200,
    "championId": 161,
    "spell1": 4,
    "spell2": 21,
    "level": 30,
    "ipEarned": 58,
    "createDate": 1398242579560,
    "fellowPlayers": [
      {
        "summonerId": 24222831,
        "teamId": 100,
        "championId": 222
      },
      {
        "summonerId": 28298719,
        "teamId": 200,
        "championId": 29
      },
      {
        "summonerId": 25414615,
        "teamId": 200,
        "championId": 41
      },
      {
        "summonerId": 37098710,
        "teamId": 100,
        "championId": 121
      },
      {
        "summonerId": 34227212,
        "teamId": 200,
        "championId": 76
      },
      {
        "summonerId": 32294279,
        "teamId": 100,
        "championId": 17
      },
      {
        "summonerId": 29534468,
        "teamId": 200,
        "championId": 238
      },
      {
        "summonerId": 40053075,
        "teamId": 100,
        "championId": 19
      },
      {
        "summonerId": 30706390,
        "teamId": 100,
        "championId": 43
      }
    ],
    "stats": {
      "level": 15,
      "goldEarned": 8090,
      "numDeaths": 8,
      "minionsKilled": 68,
      "championsKilled": 2,
      "goldSpent": 6510,
      "totalDamageDealt": 78868,
      "totalDamageTaken": 19599,
      "team": 200,
      "win": false,
      "neutralMinionsKilled": 16,
      "largestMultiKill": 1,
      "physicalDamageDealtPlayer": 5752,
      "magicDamageDealtPlayer": 63490,
      "physicalDamageTaken": 13338,
      "magicDamageTaken": 6228,
      "timePlayed": 1806,
      "totalHeal": 135,
      "totalUnitsHealed": 1,
      "assists": 6,
      "item0": 3070,
      "item1": 3020,
      "item2": 3152,
      "item3": 1058,
      "item6": 3340,
      "magicDamageDealtToChampions": 10278,
      "physicalDamageDealtToChampions": 39,
      "totalDamageDealtToChampions": 13222,
      "trueDamageDealtPlayer": 9625,
      "trueDamageDealtToChampions": 2905,
      "trueDamageTaken": 32,
      "wardPlaced": 1,
      "neutralMinionsKilledYourJungle": 16,
      "totalTimeCrowdControlDealt": 307
    }
  },
  "29534468": {
    "gameId": 817280736,
    "invalid": false,
    "gameMode": "CLASSIC",
    "gameType": "MATCHED_GAME",
    "subType": "CAP_5x5",
    "mapId": 1,
    "teamId": 200,
    "championId": 238,
    "spell1": 4,
    "spell2": 11,
    "level": 30,
    "ipEarned": 58,
    "createDate": 1398242579558,
    "fellowPlayers": [
      {
        "summonerId": 24222831,
        "teamId": 100,
        "championId": 222
      },
      {
        "summonerId": 28298719,
        "teamId": 200,
        "championId": 29
      },
      {
        "summonerId": 40176058,
        "teamId": 200,
        "championId": 161
      },
      {
        "summonerId": 25414615,
        "teamId": 200,
        "championId": 41
      },
      {
        "summonerId": 37098710,
        "teamId": 100,
        "championId": 121
      },
      {
        "summonerId": 34227212,
        "teamId": 200,
        "championId": 76
      },
      {
        "summonerId": 32294279,
        "teamId": 100,
        "championId": 17
      },
      {
        "summonerId": 40053075,
        "teamId": 100,
        "championId": 19
      },
      {
        "summonerId": 30706390,
        "teamId": 100,
        "championId": 43
      }
    ],
    "stats": {
      "level": 13,
      "goldEarned": 7463,
      "numDeaths": 15,
      "minionsKilled": 28,
      "championsKilled": 4,
      "goldSpent": 6300,
      "totalDamageDealt": 69634,
      "totalDamageTaken": 29473,
      "killingSprees": 1,
      "largestKillingSpree": 2,
      "team": 200,
      "win": false,
      "neutralMinionsKilled": 44,
      "largestMultiKill": 1,
      "physicalDamageDealtPlayer": 52415,
      "magicDamageDealtPlayer": 9911,
      "physicalDamageTaken": 19174,
      "magicDamageTaken": 9844,
      "timePlayed": 1806,
      "totalHeal": 1291,
      "totalUnitsHealed": 1,
      "assists": 4,
      "item0": 3154,
      "item1": 3153,
      "item2": 1001,
      "item3": 1053,
      "item6": 3340,
      "magicDamageDealtToChampions": 626,
      "physicalDamageDealtToChampions": 8554,
      "totalDamageDealtToChampions": 9181,
      "trueDamageDealtPlayer": 7308,
      "trueDamageTaken": 454,
      "wardKilled": 1,
      "wardPlaced": 27,
      "neutralMinionsKilledEnemyJungle": 12,
      "neutralMinionsKilledYourJungle": 32,
      "totalTimeCrowdControlDealt": 229
    }
  },
  "24222831": {
    "gameId": 817280736,
    "invalid": false,
    "gameMode": "CLASSIC",
    "gameType": "MATCHED_GAME",
    "subType": "CAP_5x5",
    "mapId": 1,
    "teamId": 100,
    "championId": 222,
    "spell1": 4,
    "spell2": 14,
    "level": 30,
    "ipEarned": 237,
    "createDate": 1398242579555,
    "fellowPlayers": [
      {
        "summonerId": 28298719,
        "teamId": 200,
        "championId": 29
      },
      {
        "summonerId": 40176058,
        "teamId": 200,
        "championId": 161
      },
      {
        "summonerId": 25414615,
        "teamId": 200,
        "championId": 41
      },
      {
        "summonerId": 37098710,
        "teamId": 100,
        "championId": 121
      },
      {
        "summonerId": 34227212,
        "teamId": 200,
        "championId": 76
      },
      {
        "summonerId": 32294279,
        "teamId": 100,
        "championId": 17
      },
      {
        "summonerId": 29534468,
        "teamId": 200,
        "championId": 238
      },
      {
        "summonerId": 40053075,
        "teamId": 100,
        "championId": 19
      },
      {
        "summonerId": 30706390,
        "teamId": 100,
        "championId": 43
      }
    ],
    "stats": {
      "level": 17,
      "goldEarned": 13912,
      "numDeaths": 3,
      "turretsKilled": 5,
      "minionsKilled": 117,
      "championsKilled": 14,
      "goldSpent": 11170,
      "totalDamageDealt": 122182,
      "totalDamageTaken": 14997,
      "doubleKills": 1,
      "killingSprees": 3,
      "largestKillingSpree": 10,
      "team": 100,
      "win": true,
      "neutralMinionsKilled": 12,
      "largestMultiKill": 2,
      "physicalDamageDealtPlayer": 110115,
      "magicDamageDealtPlayer": 11015,
      "physicalDamageTaken": 9855,
      "magicDamageTaken": 4032,
      "largestCriticalStrike": 654,
      "timePlayed": 1806,
      "totalHeal": 624,
      "totalUnitsHealed": 1,
      "assists": 11,
      "item0": 3087,
      "item1": 3072,
      "item2": 3006,
      "item3": 3035,
      "item4": 2003,
      "item5": 1038,
      "item6": 3340,
      "magicDamageDealtToChampions": 1675,
      "physicalDamageDealtToChampions": 21416,
      "totalDamageDealtToChampions": 24143,
      "trueDamageDealtPlayer": 1051,
      "trueDamageDealtToChampions": 1051,
      "trueDamageTaken": 1110,
      "wardPlaced": 5,
      "neutralMinionsKilledEnemyJungle": 9,
      "neutralMinionsKilledYourJungle": 3,
      "totalTimeCrowdControlDealt": 73
    }
  },
  "30706390": {
    "gameId": 817280736,
    "invalid": false,
    "gameMode": "CLASSIC",
    "gameType": "MATCHED_GAME",
    "subType": "CAP_5x5",
    "mapId": 1,
    "teamId": 100,
    "championId": 43,
    "spell1": 4,
    "spell2": 7,
    "level": 30,
    "ipEarned": 87,
    "createDate": 1398242579556,
    "fellowPlayers": [
      {
        "summonerId": 24222831,
        "teamId": 100,
        "championId": 222
      },
      {
        "summonerId": 28298719,
        "teamId": 200,
        "championId": 29
      },
      {
        "summonerId": 40176058,
        "teamId": 200,
        "championId": 161
      },
      {
        "summonerId": 25414615,
        "teamId": 200,
        "championId": 41
      },
      {
        "summonerId": 37098710,
        "teamId": 100,
        "championId": 121
      },
      {
        "summonerId": 34227212,
        "teamId": 200,
        "championId": 76
      },
      {
        "summonerId": 32294279,
        "teamId": 100,
        "championId": 17
      },
      {
        "summonerId": 29534468,
        "teamId": 200,
        "championId": 238
      },
      {
        "summonerId": 40053075,
        "teamId": 100,
        "championId": 19
      }
    ],
    "stats": {
      "level": 16,
      "goldEarned": 12657,
      "numDeaths": 3,
      "minionsKilled": 82,
      "championsKilled": 4,
      "goldSpent": 10270,
      "totalDamageDealt": 67666,
      "totalDamageTaken": 11169,
      "killingSprees": 1,
      "largestKillingSpree": 2,
      "team": 100,
      "win": true,
      "largestMultiKill": 1,
      "physicalDamageDealtPlayer": 13300,
      "magicDamageDealtPlayer": 54366,
      "physicalDamageTaken": 7265,
      "magicDamageTaken": 2604,
      "timePlayed": 1806,
      "totalHeal": 2610,
      "totalUnitsHealed": 4,
      "assists": 19,
      "item0": 3174,
      "item1": 3092,
      "item2": 3151,
      "item3": 1027,
      "item4": 2044,
      "item5": 3259,
      "item6": 3340,
      "sightWardsBought": 7,
      "magicDamageDealtToChampions": 12512,
      "physicalDamageDealtToChampions": 1151,
      "totalDamageDealtToChampions": 13664,
      "trueDamageTaken": 1300,
      "wardPlaced": 11,
      "totalTimeCrowdControlDealt": 332
    }
  },
  "28298719": {
    "gameId": 817280736,
    "invalid": false,
    "gameMode": "CLASSIC",
    "gameType": "MATCHED_GAME",
    "subType": "CAP_5x5",
    "mapId": 1,
    "teamId": 200,
    "championId": 29,
    "spell1": 21,
    "spell2": 4,
    "level": 30,
    "ipEarned": 58,
    "createDate": 1398242579561,
    "fellowPlayers": [
      {
        "summonerId": 24222831,
        "teamId": 100,
        "championId": 222
      },
      {
        "summonerId": 40176058,
        "teamId": 200,
        "championId": 161
      },
      {
        "summonerId": 25414615,
        "teamId": 200,
        "championId": 41
      },
      {
        "summonerId": 37098710,
        "teamId": 100,
        "championId": 121
      },
      {
        "summonerId": 34227212,
        "teamId": 200,
        "championId": 76
      },
      {
        "summonerId": 32294279,
        "teamId": 100,
        "championId": 17
      },
      {
        "summonerId": 29534468,
        "teamId": 200,
        "championId": 238
      },
      {
        "summonerId": 40053075,
        "teamId": 100,
        "championId": 19
      },
      {
        "summonerId": 30706390,
        "teamId": 100,
        "championId": 43
      }
    ],
    "stats": {
      "level": 14,
      "goldEarned": 9088,
      "numDeaths": 7,
      "minionsKilled": 161,
      "championsKilled": 4,
      "goldSpent": 7955,
      "totalDamageDealt": 104775,
      "totalDamageTaken": 21647,
      "killingSprees": 2,
      "largestKillingSpree": 2,
      "team": 200,
      "win": false,
      "neutralMinionsKilled": 4,
      "largestMultiKill": 1,
      "physicalDamageDealtPlayer": 88221,
      "physicalDamageTaken": 13950,
      "magicDamageTaken": 7075,
      "timePlayed": 1806,
      "totalHeal": 1282,
      "totalUnitsHealed": 1,
      "assists": 4,
      "item0": 1055,
      "item1": 3085,
      "item2": 3006,
      "item3": 2003,
      "item4": 3072,
      "item5": 1037,
      "item6": 3340,
      "physicalDamageDealtToChampions": 7609,
      "totalDamageDealtToChampions": 9958,
      "trueDamageDealtPlayer": 16553,
      "trueDamageDealtToChampions": 2349,
      "trueDamageTaken": 621,
      "wardKilled": 1,
      "wardPlaced": 2,
      "neutralMinionsKilledYourJungle": 4,
      "totalTimeCrowdControlDealt": 819
    }
  },
  "32294279": {
    "gameId": 817280736,
    "invalid": false,
    "gameMode": "CLASSIC",
    "gameType": "MATCHED_GAME",
    "subType": "CAP_5x5",
    "mapId": 1,
    "teamId": 100,
    "championId": 17,
    "spell1": 14,
    "spell2": 4,
    "level": 30,
    "ipEarned": 87,
    "createDate": 1398242579554,
    "fellowPlayers": [
      {
        "summonerId": 24222831,
        "teamId": 100,
        "championId": 222
      },
      {
        "summonerId": 28298719,
        "teamId": 200,
        "championId": 29
      },
      {
        "summonerId": 40176058,
        "teamId": 200,
        "championId": 161
      },
      {
        "summonerId": 25414615,
        "teamId": 200,
        "championId": 41
      },
      {
        "summonerId": 37098710,
        "teamId": 100,
        "championId": 121
      },
      {
        "summonerId": 34227212,
        "teamId": 200,
        "championId": 76
      },
      {
        "summonerId": 29534468,
        "teamId": 200,
        "championId": 238
      },
      {
        "summonerId": 40053075,
        "teamId": 100,
        "championId": 19
      },
      {
        "summonerId": 30706390,
        "teamId": 100,
        "championId": 43
      }
    ],
    "stats": {
      "level": 16,
      "goldEarned": 12121,
      "numDeaths": 6,
      "barracksKilled": 1,
      "turretsKilled": 1,
      "minionsKilled": 151,
      "championsKilled": 9,
      "goldSpent": 10835,
      "totalDamageDealt": 82260,
      "totalDamageTaken": 14992,
      "killingSprees": 2,
      "largestKillingSpree": 3,
      "team": 100,
      "win": true,
      "largestMultiKill": 1,
      "physicalDamageDealtPlayer": 28704,
      "magicDamageDealtPlayer": 53372,
      "physicalDamageTaken": 9682,
      "magicDamageTaken": 4492,
      "timePlayed": 1806,
      "totalHeal": 497,
      "totalUnitsHealed": 1,
      "assists": 8,
      "item0": 3115,
      "item1": 1056,
      "item2": 3089,
      "item3": 3020,
      "item4": 3135,
      "item5": 1052,
      "item6": 3340,
      "magicDamageDealtToChampions": 19642,
      "physicalDamageDealtToChampions": 2551,
      "totalDamageDealtToChampions": 22377,
      "trueDamageDealtPlayer": 184,
      "trueDamageDealtToChampions": 184,
      "trueDamageTaken": 818,
      "wardKilled": 1,
      "wardPlaced": 33,
      "totalTimeCrowdControlDealt": 243
    }
  },
  "40053075": {
    "gameId": 817280736,
    "invalid": false,
    "gameMode": "CLASSIC",
    "gameType": "MATCHED_GAME",
    "subType": "CAP_5x5",
    "mapId": 1,
    "teamId": 100,
    "championId": 19,
    "spell1": 4,
    "spell2": 11,
    "level": 30,
    "ipEarned": 87,
    "createDate": 1398242579557,
    "fellowPlayers": [
      {
        "summonerId": 24222831,
        "teamId": 100,
        "championId": 222
      },
      {
        "summonerId": 28298719,
        "teamId": 200,
        "championId": 29
      },
      {
        "summonerId": 40176058,
        "teamId": 200,
        "championId": 161
      },
      {
        "summonerId": 25414615,
        "teamId": 200,
        "championId": 41
      },
      {
        "summonerId": 37098710,
        "teamId": 100,
        "championId": 121
      },
      {
        "summonerId": 34227212,
        "teamId": 200,
        "championId": 76
      },
      {
        "summonerId": 32294279,
        "teamId": 100,
        "championId": 17
      },
      {
        "summonerId": 29534468,
        "teamId": 200,
        "championId": 238
      },
      {
        "summonerId": 30706390,
        "teamId": 100,
        "championId": 43
      }
    ],
    "stats": {
      "level": 16,
      "goldEarned": 11220,
      "numDeaths": 3,
      "turretsKilled": 3,
      "minionsKilled": 22,
      "championsKilled": 7,
      "goldSpent": 9725,
      "totalDamageDealt": 101980,
      "totalDamageTaken": 30329,
      "killingSprees": 1,
      "largestKillingSpree": 4,
      "team": 100,
      "win": true,
      "neutralMinionsKilled": 52,
      "largestMultiKill": 1,
      "physicalDamageDealtPlayer": 54582,
      "magicDamageDealtPlayer": 39184,
      "physicalDamageTaken": 21708,
      "magicDamageTaken": 6158,
      "timePlayed": 1806,
      "totalHeal": 15465,
      "totalUnitsHealed": 1,
      "assists": 14,
      "item0": 1039,
      "item1": 3091,
      "item2": 3047,
      "item3": 3068,
      "item4": 3153,
      "item6": 3340,
      "magicDamageDealtToChampions": 10115,
      "physicalDamageDealtToChampions": 3731,
      "totalDamageDealtToChampions": 14437,
      "trueDamageDealtPlayer": 8214,
      "trueDamageDealtToChampions": 590,
      "trueDamageTaken": 2462,
      "wardPlaced": 7,
      "neutralMinionsKilledEnemyJungle": 10,
      "neutralMinionsKilledYourJungle": 42,
      "totalTimeCrowdControlDealt": 440
    }
  },
  "37098710": {
    "gameId": 817280736,
    "invalid": false,
    "gameMode": "CLASSIC",
    "gameType": "MATCHED_GAME",
    "subType": "CAP_5x5",
    "mapId": 1,
    "teamId": 100,
    "championId": 121,
    "spell1": 4,
    "spell2": 21,
    "level": 30,
    "ipEarned": 87,
    "createDate": 1398242579553,
    "fellowPlayers": [
      {
        "summonerId": 24222831,
        "teamId": 100,
        "championId": 222
      },
      {
        "summonerId": 28298719,
        "teamId": 200,
        "championId": 29
      },
      {
        "summonerId": 40176058,
        "teamId": 200,
        "championId": 161
      },
      {
        "summonerId": 25414615,
        "teamId": 200,
        "championId": 41
      },
      {
        "summonerId": 34227212,
        "teamId": 200,
        "championId": 76
      },
      {
        "summonerId": 32294279,
        "teamId": 100,
        "championId": 17
      },
      {
        "summonerId": 29534468,
        "teamId": 200,
        "championId": 238
      },
      {
        "summonerId": 40053075,
        "teamId": 100,
        "championId": 19
      },
      {
        "summonerId": 30706390,
        "teamId": 100,
        "championId": 43
      }
    ],
    "stats": {
      "level": 17,
      "goldEarned": 15156,
      "numDeaths": 7,
      "barracksKilled": 2,
      "turretsKilled": 2,
      "minionsKilled": 144,
      "championsKilled": 19,
      "goldSpent": 14375,
      "totalDamageDealt": 149407,
      "totalDamageTaken": 22430,
      "doubleKills": 5,
      "killingSprees": 5,
      "largestKillingSpree": 7,
      "team": 100,
      "win": true,
      "neutralMinionsKilled": 33,
      "largestMultiKill": 2,
      "physicalDamageDealtPlayer": 147391,
      "magicDamageDealtPlayer": 1621,
      "physicalDamageTaken": 14626,
      "magicDamageTaken": 5765,
      "timePlayed": 1806,
      "totalHeal": 6570,
      "totalUnitsHealed": 1,
      "assists": 6,
      "item0": 3279,
      "item1": 3156,
      "item2": 3004,
      "item3": 3071,
      "item4": 3035,
      "item5": 1038,
      "item6": 3340,
      "sightWardsBought": 1,
      "magicDamageDealtToChampions": 1621,
      "physicalDamageDealtToChampions": 27986,
      "totalDamageDealtToChampions": 29752,
      "trueDamageDealtPlayer": 394,
      "trueDamageDealtToChampions": 144,
      "trueDamageTaken": 2039,
      "wardPlaced": 11,
      "neutralMinionsKilledEnemyJungle": 19,
      "neutralMinionsKilledYourJungle": 14,
      "totalTimeCrowdControlDealt": 365
    }
  }
}