{
  "29257050": {
    "gameId": 817995961,
    "invalid": false,
    "gameMode": "CLASSIC",
    "gameType": "MATCHED_GAME",
    "subType": "RANKED_SOLO_5x5",
    "mapId": 1,
    "teamId": 200,
    "championId": 56,
    "spell1": 4,
    "spell2": 11,
    "level": 30,
    "ipEarned": 62,
    "createDate": 1398234711846,
    "fellowPlayers": [
      {
        "summonerId": 36421196,
        "teamId": 100,
        "championId": 157
      },
      {
        "summonerId": 38280610,
        "teamId": 200,
        "championId": 101
      },
      {
        "summonerId": 35463863,
        "teamId": 100,
        "championId": 74
      },
      {
        "summonerId": 22458264,
        "teamId": 200,
        "championId": 122
      },
      {
        "summonerId": 30487442,
        "teamId": 100,
        "championId": 78
      },
      {
        "summonerId": 27276734,
        "teamId": 200,
        "championId": 9
      },
      {
        "summonerId": 36812266,
        "teamId": 100,
        "championId": 53
      },
      {
        "summonerId": 22848350,
        "teamId": 200,
        "championId": 110
      },
      {
        "summonerId": 42364994,
        "teamId": 100,
        "championId": 106
      }
    ],
    "stats": {
      "level": 15,
      "goldEarned": 9607,
      "numDeaths": 5,
      "minionsKilled": 50,
      "championsKilled": 6,
      "goldSpent": 9340,
      "totalDamageDealt": 127957,
      "totalDamageTaken": 36918,
      "killingSprees": 1,
      "largestKillingSpree": 4,
      "team": 200,
      "win": false,
      "neutralMinionsKilled": 67,
      "largestMultiKill": 1,
      "physicalDamageDealtPlayer": 103554,
      "magicDamageDealtPlayer": 15864,
      "physicalDamageTaken": 21356,
      "magicDamageTaken": 13726,
      "timePlayed": 1986,
      "totalHeal": 4628,
      "totalUnitsHealed": 1,
      "assists": 5,
      "item0": 3154,
      "item1": 3074,
      "item2": 3111,
      "item3": 1011,
      "item4": 3082,
      "item6": 3340,
      "magicDamageDealtToChampions": 717,
      "physicalDamageDealtToChampions": 10843,
      "totalDamageDealtToChampions": 12053,
      "trueDamageDealtPlayer": 8538,
      "trueDamageDealtToChampions": 492,
      "trueDamageTaken": 1836,
      "wardPlaced": 6,
      "neutralMinionsKilledEnemyJungle": 5,
      "neutralMinionsKilledYourJungle": 62,
      "totalTimeCrowdControlDealt": 2303
    }
  },
  "summonerCount": 10,
  "36812266": {
    "gameId": 817995961,
    "invalid": false,
    "gameMode": "CLASSIC",
    "gameType": "MATCHED_GAME",
    "subType": "RANKED_SOLO_5x5",
    "mapId": 1,
    "teamId": 100,
    "championId": 53,
    "spell1": 4,
    "spell2": 3,
    "level": 30,
    "ipEarned": 244,
    "createDate": 1398234711843,
    "fellowPlayers": [
      {
        "summonerId": 29257050,
        "teamId": 200,
        "championId": 56
      },
      {
        "summonerId": 36421196,
        "teamId": 100,
        "championId": 157
      },
      {
        "summonerId": 38280610,
        "teamId": 200,
        "championId": 101
      },
      {
        "summonerId": 35463863,
        "teamId": 100,
        "championId": 74
      },
      {
        "summonerId": 22458264,
        "teamId": 200,
        "championId": 122
      },
      {
        "summonerId": 30487442,
        "teamId": 100,
        "championId": 78
      },
      {
        "summonerId": 27276734,
        "teamId": 200,
        "championId": 9
      },
      {
        "summonerId": 22848350,
        "teamId": 200,
        "championId": 110
      },
      {
        "summonerId": 42364994,
        "teamId": 100,
        "championId": 106
      }
    ],
    "stats": {
      "level": 16,
      "goldEarned": 9813,
      "numDeaths": 1,
      "turretsKilled": 2,
      "minionsKilled": 46,
      "championsKilled": 3,
      "goldSpent": 8830,
      "totalDamageDealt": 45610,
      "totalDamageTaken": 15601,
      "killingSprees": 1,
      "largestKillingSpree": 2,
      "team": 100,
      "win": true,
      "neutralMinionsKilled": 1,
      "largestMultiKill": 1,
      "physicalDamageDealtPlayer": 13680,
      "magicDamageDealtPlayer": 30602,
      "physicalDamageTaken": 7233,
      "magicDamageTaken": 8367,
      "timePlayed": 1986,
      "totalHeal": 2294,
      "totalUnitsHealed": 3,
      "assists": 11,
      "item0": 3068,
      "item1": 3211,
      "item2": 3143,
      "item5": 3270,
      "item6": 3340,
      "magicDamageDealtToChampions": 6243,
      "physicalDamageDealtToChampions": 3408,
      "totalDamageDealtToChampions": 9651,
      "trueDamageDealtPlayer": 1327,
      "wardPlaced": 7,
      "neutralMinionsKilledEnemyJungle": 1,
      "totalTimeCrowdControlDealt": 114
    }
  },
  "36421196": {
    "gameId": 817995961,
    "invalid": false,
    "gameMode": "CLASSIC",
    "gameType": "MATCHED_GAME",
    "subType": "RANKED_SOLO_5x5",
    "mapId": 1,
    "teamId": 100,
    "championId": 157,
    "spell1": 4,
    "spell2": 14,
    "level": 30,
    "ipEarned": 94,
    "createDate": 1398234711844,
    "fellowPlayers": [
      {
        "summonerId": 29257050,
        "teamId": 200,
        "championId": 56
      },
      {
        "summonerId": 38280610,
        "teamId": 200,
        "championId": 101
      },
      {
        "summonerId": 35463863,
        "teamId": 100,
        "championId": 74
      },
      {
        "summonerId": 22458264,
        "teamId": 200,
        "championId": 122
      },
      {
        "summonerId": 30487442,
        "teamId": 100,
        "championId": 78
      },
      {
        "summonerId": 27276734,
        "teamId": 200,
        "championId": 9
      },
      {
        "summonerId": 36812266,
        "teamId": 100,
        "championId": 53
      },
      {
        "summonerId": 22848350,
        "teamId": 200,
        "championId": 110
      },
      {
        "summonerId": 42364994,
        "teamId": 100,
        "championId": 106
      }
    ],
    "stats": {
      "level": 18,
      "goldEarned": 15156,
      "numDeaths": 9,
      "minionsKilled": 195,
      "championsKilled": 13,
      "goldSpent": 15495,
      "totalDamageDealt": 169578,
      "totalDamageTaken": 30643,
      "killingSprees": 3,
      "largestKillingSpree": 4,
      "team": 100,
      "win": true,
      "neutralMinionsKilled": 18,
      "largestMultiKill": 1,
      "physicalDamageDealtPlayer": 129549,
      "magicDamageDealtPlayer": 37856,
      "physicalDamageTaken": 20194,
      "magicDamageTaken": 8821,
      "largestCriticalStrike": 375,
      "timePlayed": 1986,
      "totalHeal": 2610,
      "totalUnitsHealed": 1,
      "assists": 10,
      "item0": 3250,
      "item1": 3153,
      "item2": 3143,
      "item3": 3087,
      "item4": 3102,
      "item5": 1038,
      "item6": 3340,
      "magicDamageDealtToChampions": 6268,
      "physicalDamageDealtToChampions": 18813,
      "totalDamageDealtToChampions": 26661,
      "trueDamageDealtPlayer": 2172,
      "trueDamageDealtToChampions": 1580,
      "trueDamageTaken": 1627,
      "wardPlaced": 14,
      "neutralMinionsKilledEnemyJungle": 6,
      "neutralMinionsKilledYourJungle": 12,
      "totalTimeCrowdControlDealt": 711
    }
  },
  "22458264": {
    "gameId": 817995961,
    "invalid": false,
    "gameMode": "CLASSIC",
    "gameType": "MATCHED_GAME",
    "subType": "RANKED_SOLO_5x5",
    "mapId": 1,
    "teamId": 200,
    "championId": 122,
    "spell1": 4,
    "spell2": 7,
    "level": 30,
    "ipEarned": 62,
    "createDate": 1398234711850,
    "fellowPlayers": [
      {
        "summonerId": 29257050,
        "teamId": 200,
        "championId": 56
      },
      {
        "summonerId": 36421196,
        "teamId": 100,
        "championId": 157
      },
      {
        "summonerId": 38280610,
        "teamId": 200,
        "championId": 101
      },
      {
        "summonerId": 35463863,
        "teamId": 100,
        "championId": 74
      },
      {
        "summonerId": 30487442,
        "teamId": 100,
        "championId": 78
      },
      {
        "summonerId": 27276734,
        "teamId": 200,
        "championId": 9
      },
      {
        "summonerId": 36812266,
        "teamId": 100,
        "championId": 53
      },
      {
        "summonerId": 22848350,
        "teamId": 200,
        "championId": 110
      },
      {
        "summonerId": 42364994,
        "teamId": 100,
        "championId": 106
      }
    ],
    "stats": {
      "level": 16,
      "goldEarned": 10115,
      "numDeaths": 6,
      "turretsKilled": 2,
      "minionsKilled": 182,
      "championsKilled": 3,
      "goldSpent": 9510,
      "totalDamageDealt": 135728,
      "totalDamageTaken": 31324,
      "team": 200,
      "win": false,
      "neutralMinionsKilled": 13,
      "largestMultiKill": 1,
      "physicalDamageDealtPlayer": 121446,
      "magicDamageDealtPlayer": 11488,
      "physicalDamageTaken": 21611,
      "magicDamageTaken": 8787,
      "timePlayed": 1986,
      "totalHeal": 3191,
      "totalUnitsHealed": 4,
      "assists": 6,
      "item0": 3022,
      "item1": 3074,
      "item2": 1028,
      "item3": 1054,
      "item4": 3111,
      "item6": 3341,
      "sightWardsBought": 2,
      "magicDamageDealtToChampions": 3634,
      "physicalDamageDealtToChampions": 9410,
      "totalDamageDealtToChampions": 15838,
      "trueDamageDealtPlayer": 2793,
      "trueDamageDealtToChampions": 2793,
      "trueDamageTaken": 926,
      "wardKilled": 1,
      "wardPlaced": 2,
      "neutralMinionsKilledYourJungle": 13,
      "totalTimeCrowdControlDealt": 1160
    }
  },
  "35463863": {
    "gameId": 817995961,
    "invalid": false,
    "gameMode": "CLASSIC",
    "gameType": "MATCHED_GAME",
    "subType": "RANKED_SOLO_5x5",
    "mapId": 1,
    "teamId": 100,
    "championId": 74,
    "spell1": 4,
    "spell2": 14,
    "level": 30,
    "ipEarned": 94,
    "createDate": 1398234711842,
    "fellowPlayers": [
      {
        "summonerId": 29257050,
        "teamId": 200,
        "championId": 56
      },
      {
        "summonerId": 36421196,
        "teamId": 100,
        "championId": 157
      },
      {
        "summonerId": 38280610,
        "teamId": 200,
        "championId": 101
      },
      {
        "summonerId": 22458264,
        "teamId": 200,
        "championId": 122
      },
      {
        "summonerId": 30487442,
        "teamId": 100,
        "championId": 78
      },
      {
        "summonerId": 27276734,
        "teamId": 200,
        "championId": 9
      },
      {
        "summonerId": 36812266,
        "teamId": 100,
        "championId": 53
      },
      {
        "summonerId": 22848350,
        "teamId": 200,
        "championId": 110
      },
      {
        "summonerId": 42364994,
        "teamId": 100,
        "championId": 106
      }
    ],
    "stats": {
      "level": 18,
      "goldEarned": 13443,
      "numDeaths": 1,
      "barracksKilled": 1,
      "turretsKilled": 5,
      "minionsKilled": 184,
      "championsKilled": 7,
      "goldSpent": 10965,
      "totalDamageDealt": 144034,
      "totalDamageTaken": 13288,
      "doubleKills": 1,
      "killingSprees": 1,
      "largestKillingSpree": 6,
      "team": 100,
      "win": true,
      "neutralMinionsKilled": 1,
      "largestMultiKill": 2,
      "physicalDamageDealtPlayer": 24505,
      "magicDamageDealtPlayer": 118627,
      "physicalDamageTaken": 3345,
      "magicDamageTaken": 9428,
      "timePlayed": 1986,
      "totalHeal": 468,
      "totalUnitsHealed": 1,
      "assists": 9,
      "item0": 3157,
      "item1": 1056,
      "item2": 3020,
      "item3": 1056,
      "item4": 3089,
      "item5": 3135,
      "item6": 3340,
      "magicDamageDealtToChampions": 25155,
      "physicalDamageDealtToChampions": 856,
      "totalDamageDealtToChampions": 26874,
      "trueDamageDealtPlayer": 902,
      "trueDamageDealtToChampions": 862,
      "trueDamageTaken": 514,
      "wardPlaced": 1,
      "neutralMinionsKilledEnemyJungle": 1,
      "totalTimeCrowdControlDealt": 48
    }
  },
  "27276734": {
    "gameId": 817995961,
    "invalid": false,
    "gameMode": "CLASSIC",
    "gameType": "MATCHED_GAME",
    "subType": "RANKED_SOLO_5x5",
    "mapId": 1,
    "teamId": 200,
    "championId": 9,
    "spell1": 4,
    "spell2": 3,
    "level": 30,
    "ipEarned": 62,
    "createDate": 1398234711845,
    "fellowPlayers": [
      {
        "summonerId": 29257050,
        "teamId": 200,
        "championId": 56
      },
      {
        "summonerId": 36421196,
        "teamId": 100,
        "championId": 157
      },
      {
        "summonerId": 38280610,
        "teamId": 200,
        "championId": 101
      },
      {
        "summonerId": 35463863,
        "teamId": 100,
        "championId": 74
      },
      {
        "summonerId": 22458264,
        "teamId": 200,
        "championId": 122
      },
      {
        "summonerId": 30487442,
        "teamId": 100,
        "championId": 78
      },
      {
        "summonerId": 36812266,
        "teamId": 100,
        "championId": 53
      },
      {
        "summonerId": 22848350,
        "teamId": 200,
        "championId": 110
      },
      {
        "summonerId": 42364994,
        "teamId": 100,
        "championId": 106
      }
    ],
    "stats": {
      "level": 15,
      "goldEarned": 8498,
      "numDeaths": 9,
      "minionsKilled": 46,
      "championsKilled": 6,
      "goldSpent": 8495,
      "totalDamageDealt": 47828,
      "totalDamageTaken": 18834,
      "doubleKills": 2,
      "killingSprees": 2,
      "largestKillingSpree": 3,
      "team": 200,
      "win": false,
      "neutralMinionsKilled": 1,
      "largestMultiKill": 2,
      "physicalDamageDealtPlayer": 3861,
      "magicDamageDealtPlayer": 43790,
      "physicalDamageTaken": 9855,
      "magicDamageTaken": 8770,
      "timePlayed": 1986,
      "totalHeal": 2193,
      "totalUnitsHealed": 1,
      "assists": 9,
      "item0": 2045,
      "item1": 3165,
      "item2": 3255,
      "item3": 3191,
      "item4": 1058,
      "item6": 3341,
      "sightWardsBought": 1,
      "magicDamageDealtToChampions": 12383,
      "physicalDamageDealtToChampions": 608,
      "totalDamageDealtToChampions": 12991,
      "trueDamageDealtPlayer": 176,
      "trueDamageTaken": 208,
      "wardKilled": 1,
      "wardPlaced": 19,
      "neutralMinionsKilledYourJungle": 1,
      "totalTimeCrowdControlDealt": 1076
    }
  },
  "30487442": {
    "gameId": 817995961,
    "invalid": false,
    "gameMode": "CLASSIC",
    "gameType": "MATCHED_GAME",
    "subType": "RANKED_SOLO_5x5",
    "mapId": 1,
    "teamId": 100,
    "championId": 78,
    "spell1": 4,
    "spell2": 11,
    "level": 30,
    "ipEarned": 94,
    "createDate": 1398234711841,
    "fellowPlayers": [
      {
        "summonerId": 29257050,
        "teamId": 200,
        "championId": 56
      },
      {
        "summonerId": 36421196,
        "teamId": 100,
        "championId": 157
      },
      {
        "summonerId": 38280610,
        "teamId": 200,
        "championId": 101
      },
      {
        "summonerId": 35463863,
        "teamId": 100,
        "championId": 74
      },
      {
        "summonerId": 22458264,
        "teamId": 200,
        "championId": 122
      },
      {
        "summonerId": 27276734,
        "teamId": 200,
        "championId": 9
      },
      {
        "summonerId": 36812266,
        "teamId": 100,
        "championId": 53
      },
      {
        "summonerId": 22848350,
        "teamId": 200,
        "championId": 110
      },
      {
        "summonerId": 42364994,
        "teamId": 100,
        "championId": 106
      }
    ],
    "stats": {
      "level": 17,
      "goldEarned": 10206,
      "numDeaths": 5,
      "minionsKilled": 26,
      "championsKilled": 3,
      "goldSpent": 10175,
      "totalDamageDealt": 134257,
      "totalDamageTaken": 21680,
      "doubleKills": 1,
      "killingSprees": 1,
      "largestKillingSpree": 2,
      "team": 100,
      "win": true,
      "neutralMinionsKilled": 87,
      "largestMultiKill": 2,
      "physicalDamageDealtPlayer": 66197,
      "magicDamageDealtPlayer": 56030,
      "physicalDamageTaken": 16662,
      "magicDamageTaken": 4542,
      "timePlayed": 1986,
      "totalHeal": 4179,
      "totalUnitsHealed": 1,
      "assists": 3,
      "item0": 3160,
      "item1": 3074,
      "item2": 3153,
      "item3": 1011,
      "item6": 3340,
      "magicDamageDealtToChampions": 3123,
      "physicalDamageDealtToChampions": 1974,
      "totalDamageDealtToChampions": 5401,
      "trueDamageDealtPlayer": 12030,
      "trueDamageDealtToChampions": 304,
      "trueDamageTaken": 475,
      "wardPlaced": 8,
      "neutralMinionsKilledEnemyJungle": 15,
      "neutralMinionsKilledYourJungle": 72,
      "totalTimeCrowdControlDealt": 426
    }
  },
  "38280610": {
    "gameId": 817995961,
    "invalid": false,
    "gameMode": "CLASSIC",
    "gameType": "MATCHED_GAME",
    "subType": "RANKED_SOLO_5x5",
    "mapId": 1,
    "teamId": 200,
    "championId": 101,
    "spell1": 21,
    "spell2": 4,
    "level": 30,
    "ipEarned": 62,
    "createDate": 1398234711847,
    "fellowPlayers": [
      {
        "summonerId": 29257050,
        "teamId": 200,
        "championId": 56
      },
      {
        "summonerId": 36421196,
        "teamId": 100,
        "championId": 157
      },
      {
        "summonerId": 35463863,
        "teamId": 100,
        "championId": 74
      },
      {
        "summonerId": 22458264,
        "teamId": 200,
        "championId": 122
      },
      {
        "summonerId": 30487442,
        "teamId": 100,
        "championId": 78
      },
      {
        "summonerId": 27276734,
        "teamId": 200,
        "championId": 9
      },
      {
        "summonerId": 36812266,
        "teamId": 100,
        "championId": 53
      },
      {
        "summonerId": 22848350,
        "teamId": 200,
        "championId": 110
      },
      {
        "summonerId": 42364994,
        "teamId": 100,
        "championId": 106
      }
    ],
    "stats": {
      "level": 16,
      "goldEarned": 9592,
      "numDeaths": 8,
      "minionsKilled": 180,
      "championsKilled": 3,
      "goldSpent": 10290,
      "totalDamageDealt": 127541,
      "totalDamageTaken": 18203,
      "team": 200,
      "win": false,
      "neutralMinionsKilled": 4,
      "largestMultiKill": 1,
      "physicalDamageDealtPlayer": 16765,
      "magicDamageDealtPlayer": 110775,
      "physicalDamageTaken": 7686,
      "magicDamageTaken": 9832,
      "timePlayed": 1986,
      "totalHeal": 290,
      "totalUnitsHealed": 1,
      "assists": 8,
      "item0": 3174,
      "item1": 3020,
      "item2": 3089,
      "item3": 1056,
      "item4": 1026,
      "item6": 3342,
      "sightWardsBought": 3,
      "magicDamageDealtToChampions": 25803,
      "physicalDamageDealtToChampions": 137,
      "totalDamageDealtToChampions": 25940,
      "trueDamageTaken": 684,
      "wardPlaced": 3,
      "neutralMinionsKilledYourJungle": 4,
      "totalTimeCrowdControlDealt": 818
    }
  },
  "42364994": {
    "gameId": 817995961,
    "invalid": false,
    "gameMode": "CLASSIC",
    "gameType": "MATCHED_GAME",
    "subType": "RANKED_SOLO_5x5",
    "mapId": 1,
    "teamId": 100,
    "championId": 106,
    "spell1": 6,
    "spell2": 14,
    "level": 30,
    "ipEarned": 244,
    "createDate": 1398234711839,
    "fellowPlayers": [
      {
        "summonerId": 29257050,
        "teamId": 200,
        "championId": 56
      },
      {
        "summonerId": 36421196,
        "teamId": 100,
        "championId": 157
      },
      {
        "summonerId": 38280610,
        "teamId": 200,
        "championId": 101
      },
      {
        "summonerId": 35463863,
        "teamId": 100,
        "championId": 74
      },
      {
        "summonerId": 22458264,
        "teamId": 200,
        "championId": 122
      },
      {
        "summonerId": 30487442,
        "teamId": 100,
        "championId": 78
      },
      {
        "summonerId": 27276734,
        "teamId": 200,
        "championId": 9
      },
      {
        "summonerId": 36812266,
        "teamId": 100,
        "championId": 53
      },
      {
        "summonerId": 22848350,
        "teamId": 200,
        "championId": 110
      }
    ],
    "stats": {
      "level": 17,
      "goldEarned": 14013,
      "numDeaths": 5,
      "barracksKilled": 1,
      "turretsKilled": 2,
      "minionsKilled": 173,
      "championsKilled": 11,
      "goldSpent": 13940,
      "totalDamageDealt": 143617,
      "totalDamageTaken": 42645,
      "doubleKills": 1,
      "killingSprees": 3,
      "largestKillingSpree": 4,
      "team": 100,
      "win": true,
      "neutralMinionsKilled": 19,
      "largestMultiKill": 2,
      "physicalDamageDealtPlayer": 108913,
      "magicDamageDealtPlayer": 33601,
      "physicalDamageTaken": 28055,
      "magicDamageTaken": 13500,
      "largestCriticalStrike": 407,
      "timePlayed": 1986,
      "totalHeal": 2133,
      "totalUnitsHealed": 1,
      "assists": 8,
      "item0": 3153,
      "item1": 3068,
      "item2": 3087,
      "item3": 3083,
      "item4": 1011,
      "item5": 3082,
      "item6": 3340,
      "magicDamageDealtToChampions": 7278,
      "physicalDamageDealtToChampions": 20138,
      "totalDamageDealtToChampions": 28518,
      "trueDamageDealtPlayer": 1102,
      "trueDamageDealtToChampions": 1102,
      "trueDamageTaken": 1088,
      "wardPlaced": 7,
      "neutralMinionsKilledEnemyJungle": 11,
      "neutralMinionsKilledYourJungle": 8,
      "totalTimeCrowdControlDealt": 342
    }
  },
  "22848350": {
    "gameId": 817995961,
    "invalid": false,
    "gameMode": "CLASSIC",
    "gameType": "MATCHED_GAME",
    "subType": "RANKED_SOLO_5x5",
    "mapId": 1,
    "teamId": 200,
    "championId": 110,
    "spell1": 12,
    "spell2": 4,
    "level": 30,
    "ipEarned": 62,
    "createDate": 1398234711848,
    "fellowPlayers": [
      {
        "summonerId": 29257050,
        "teamId": 200,
        "championId": 56
      },
      {
        "summonerId": 36421196,
        "teamId": 100,
        "championId": 157
      },
      {
        "summonerId": 38280610,
        "teamId": 200,
        "championId": 101
      },
      {
        "summonerId": 35463863,
        "teamId": 100,
        "championId": 74
      },
      {
        "summonerId": 22458264,
        "teamId": 200,
        "championId": 122
      },
      {
        "summonerId": 30487442,
        "teamId": 100,
        "championId": 78
      },
      {
        "summonerId": 27276734,
        "teamId": 200,
        "championId": 9
      },
      {
        "summonerId": 36812266,
        "teamId": 100,
        "championId": 53
      },
      {
        "summonerId": 42364994,
        "teamId": 100,
        "championId": 106
      }
    ],
    "stats": {
      "level": 15,
      "goldEarned": 9298,
      "numDeaths": 9,
      "minionsKilled": 120,
      "championsKilled": 3,
      "goldSpent": 8075,
      "totalDamageDealt": 70426,
      "totalDamageTaken": 15633,
      "team": 200,
      "win": false,
      "largestMultiKill": 1,
      "physicalDamageDealtPlayer": 66516,
      "magicDamageDealtPlayer": 3910,
      "physicalDamageTaken": 8158,
      "magicDamageTaken": 6951,
      "largestCriticalStrike": 481,
      "timePlayed": 1986,
      "totalHeal": 165,
      "totalUnitsHealed": 1,
      "assists": 10,
      "item0": 3072,
      "item1": 3006,
      "item2": 3035,
      "item3": 1042,
      "item4": 1042,
      "item5": 1051,
      "item6": 3340,
      "magicDamageDealtToChampions": 1864,
      "physicalDamageDealtToChampions": 14587,
      "totalDamageDealtToChampions": 16452,
      "trueDamageTaken": 524,
      "wardPlaced": 5,
      "totalTimeCrowdControlDealt": 346
    }
  }
}