{
  "42553333": {
    "gameId": 818169484,
    "invalid": false,
    "gameMode": "CLASSIC",
    "gameType": "MATCHED_GAME",
    "subType": "RANKED_SOLO_5x5",
    "mapId": 1,
    "teamId": 200,
    "championId": 267,
    "spell1": 3,
    "spell2": 7,
    "level": 30,
    "ipEarned": 108,
    "createDate": 1398243569464,
    "fellowPlayers": [
      {
        "summonerId": 30147685,
        "teamId": 100,
        "championId": 98
      },
      {
        "summonerId": 39643676,
        "teamId": 200,
        "championId": 91
      },
      {
        "summonerId": 24123217,
        "teamId": 200,
        "championId": 106
      },
      {
        "summonerId": 29081178,
        "teamId": 200,
        "championId": 51
      },
      {
        "summonerId": 29016125,
        "teamId": 100,
        "championId": 4
      },
      {
        "summonerId": 21339650,
        "teamId": 200,
        "championId": 19
      },
      {
        "summonerId": 42993683,
        "teamId": 100,
        "championId": 25
      },
      {
        "summonerId": 29330471,
        "teamId": 100,
        "championId": 104
      },
      {
        "summonerId": 32743561,
        "teamId": 100,
        "championId": 107
      }
    ],
    "stats": {
      "level": 18,
      "goldEarned": 11960,
      "numDeaths": 8,
      "turretsKilled": 3,
      "minionsKilled": 9,
      "championsKilled": 1,
      "goldSpent": 10445,
      "totalDamageDealt": 31828,
      "totalDamageTaken": 22747,
      "team": 200,
      "win": true,
      "neutralMinionsKilled": 2,
      "largestMultiKill": 1,
      "physicalDamageDealtPlayer": 10423,
      "magicDamageDealtPlayer": 20765,
      "physicalDamageTaken": 11766,
      "magicDamageTaken": 10901,
      "timePlayed": 2361,
      "totalHeal": 12720,
      "totalUnitsHealed": 5,
      "assists": 21,
      "item0": 3092,
      "item1": 3023,
      "item2": 3222,
      "item3": 3190,
      "item4": 2049,
      "item5": 1028,
      "item6": 3340,
      "magicDamageDealtToChampions": 12152,
      "physicalDamageDealtToChampions": 834,
      "totalDamageDealtToChampions": 13186,
      "trueDamageDealtPlayer": 640,
      "trueDamageDealtToChampions": 200,
      "trueDamageTaken": 80,
      "wardKilled": 1,
      "wardPlaced": 19,
      "neutralMinionsKilledYourJungle": 2,
      "totalTimeCrowdControlDealt": 229
    }
  },
  "summonerCount": 10,
  "32743561": {
    "gameId": 818169484,
    "invalid": false,
    "gameMode": "CLASSIC",
    "gameType": "MATCHED_GAME",
    "subType": "RANKED_SOLO_5x5",
    "mapId": 1,
    "teamId": 100,
    "championId": 107,
    "spell1": 4,
    "spell2": 11,
    "level": 30,
    "ipEarned": 71,
    "createDate": 1398243569455,
    "fellowPlayers": [
      {
        "summonerId": 30147685,
        "teamId": 100,
        "championId": 98
      },
      {
        "summonerId": 39643676,
        "teamId": 200,
        "championId": 91
      },
      {
        "summonerId": 24123217,
        "teamId": 200,
        "championId": 106
      },
      {
        "summonerId": 29081178,
        "teamId": 200,
        "championId": 51
      },
      {
        "summonerId": 29016125,
        "teamId": 100,
        "championId": 4
      },
      {
        "summonerId": 21339650,
        "teamId": 200,
        "championId": 19
      },
      {
        "summonerId": 42553333,
        "teamId": 200,
        "championId": 267
      },
      {
        "summonerId": 42993683,
        "teamId": 100,
        "championId": 25
      },
      {
        "summonerId": 29330471,
        "teamId": 100,
        "championId": 104
      }
    ],
    "stats": {
      "level": 17,
      "goldEarned": 12231,
      "numDeaths": 8,
      "minionsKilled": 47,
      "championsKilled": 6,
      "goldSpent": 10470,
      "totalDamageDealt": 185199,
      "totalDamageTaken": 34121,
      "doubleKills": 1,
      "killingSprees": 2,
      "largestKillingSpree": 3,
      "team": 100,
      "win": false,
      "neutralMinionsKilled": 106,
      "largestMultiKill": 2,
      "physicalDamageDealtPlayer": 125367,
      "magicDamageDealtPlayer": 45964,
      "physicalDamageTaken": 26266,
      "magicDamageTaken": 7088,
      "largestCriticalStrike": 583,
      "timePlayed": 2361,
      "totalHeal": 5800,
      "totalUnitsHealed": 1,
      "assists": 9,
      "item0": 3074,
      "item1": 3142,
      "item2": 3047,
      "item3": 3044,
      "item4": 3160,
      "item6": 3169,
      "visionWardsBought": 1,
      "magicDamageDealtToChampions": 1544,
      "physicalDamageDealtToChampions": 15288,
      "totalDamageDealtToChampions": 16997,
      "trueDamageDealtPlayer": 13868,
      "trueDamageDealtToChampions": 164,
      "trueDamageTaken": 767,
      "wardPlaced": 19,
      "neutralMinionsKilledEnemyJungle": 6,
      "neutralMinionsKilledYourJungle": 100,
      "totalTimeCrowdControlDealt": 640
    }
  },
  "29016125": {
    "gameId": 818169484,
    "invalid": false,
    "gameMode": "CLASSIC",
    "gameType": "MATCHED_GAME",
    "subType": "RANKED_SOLO_5x5",
    "mapId": 1,
    "teamId": 100,
    "championId": 4,
    "spell1": 4,
    "spell2": 6,
    "level": 30,
    "ipEarned": 71,
    "createDate": 1398243569460,
    "fellowPlayers": [
      {
        "summonerId": 30147685,
        "teamId": 100,
        "championId": 98
      },
      {
        "summonerId": 39643676,
        "teamId": 200,
        "championId": 91
      },
      {
        "summonerId": 24123217,
        "teamId": 200,
        "championId": 106
      },
      {
        "summonerId": 29081178,
        "teamId": 200,
        "championId": 51
      },
      {
        "summonerId": 21339650,
        "teamId": 200,
        "championId": 19
      },
      {
        "summonerId": 42553333,
        "teamId": 200,
        "championId": 267
      },
      {
        "summonerId": 42993683,
        "teamId": 100,
        "championId": 25
      },
      {
        "summonerId": 29330471,
        "teamId": 100,
        "championId": 104
      },
      {
        "summonerId": 32743561,
        "teamId": 100,
        "championId": 107
      }
    ],
    "stats": {
      "level": 18,
      "goldEarned": 15404,
      "numDeaths": 8,
      "turretsKilled": 1,
      "minionsKilled": 187,
      "championsKilled": 11,
      "goldSpent": 15340,
      "totalDamageDealt": 170317,
      "totalDamageTaken": 26207,
      "doubleKills": 1,
      "killingSprees": 3,
      "largestKillingSpree": 3,
      "team": 100,
      "win": false,
      "neutralMinionsKilled": 24,
      "largestMultiKill": 2,
      "physicalDamageDealtPlayer": 13996,
      "magicDamageDealtPlayer": 155696,
      "physicalDamageTaken": 17374,
      "magicDamageTaken": 8097,
      "timePlayed": 2361,
      "totalHeal": 1230,
      "totalUnitsHealed": 1,
      "assists": 9,
      "item0": 3174,
      "item1": 3157,
      "item2": 1026,
      "item3": 3135,
      "item4": 3258,
      "item5": 3100,
      "item6": 3340,
      "sightWardsBought": 1,
      "magicDamageDealtToChampions": 33011,
      "physicalDamageDealtToChampions": 2411,
      "totalDamageDealtToChampions": 35847,
      "trueDamageDealtPlayer": 624,
      "trueDamageDealtToChampions": 424,
      "trueDamageTaken": 735,
      "wardPlaced": 8,
      "neutralMinionsKilledEnemyJungle": 3,
      "neutralMinionsKilledYourJungle": 21,
      "totalTimeCrowdControlDealt": 344
    }
  },
  "39643676": {
    "gameId": 818169484,
    "invalid": false,
    "gameMode": "CLASSIC",
    "gameType": "MATCHED_GAME",
    "subType": "RANKED_SOLO_5x5",
    "mapId": 1,
    "teamId": 200,
    "championId": 91,
    "spell1": 4,
    "spell2": 14,
    "level": 30,
    "ipEarned": 108,
    "createDate": 1398243569465,
    "fellowPlayers": [
      {
        "summonerId": 30147685,
        "teamId": 100,
        "championId": 98
      },
      {
        "summonerId": 24123217,
        "teamId": 200,
        "championId": 106
      },
      {
        "summonerId": 29081178,
        "teamId": 200,
        "championId": 51
      },
      {
        "summonerId": 29016125,
        "teamId": 100,
        "championId": 4
      },
      {
        "summonerId": 21339650,
        "teamId": 200,
        "championId": 19
      },
      {
        "summonerId": 42553333,
        "teamId": 200,
        "championId": 267
      },
      {
        "summonerId": 42993683,
        "teamId": 100,
        "championId": 25
      },
      {
        "summonerId": 29330471,
        "teamId": 100,
        "championId": 104
      },
      {
        "summonerId": 32743561,
        "teamId": 100,
        "championId": 107
      }
    ],
    "stats": {
      "level": 18,
      "goldEarned": 18963,
      "numDeaths": 9,
      "barracksKilled": 2,
      "turretsKilled": 2,
      "minionsKilled": 268,
      "championsKilled": 16,
      "goldSpent": 16500,
      "totalDamageDealt": 190851,
      "totalDamageTaken": 35921,
      "doubleKills": 2,
      "killingSprees": 5,
      "largestKillingSpree": 4,
      "team": 200,
      "win": true,
      "neutralMinionsKilled": 4,
      "largestMultiKill": 2,
      "physicalDamageDealtPlayer": 189295,
      "physicalDamageTaken": 15461,
      "magicDamageTaken": 19834,
      "timePlayed": 2361,
      "totalHeal": 1991,
      "totalUnitsHealed": 1,
      "assists": 13,
      "item0": 3158,
      "item1": 3072,
      "item2": 3035,
      "item3": 3072,
      "item4": 3026,
      "item5": 3072,
      "item6": 3340,
      "sightWardsBought": 2,
      "physicalDamageDealtToChampions": 32650,
      "totalDamageDealtToChampions": 34162,
      "trueDamageDealtPlayer": 1556,
      "trueDamageDealtToChampions": 1512,
      "trueDamageTaken": 626,
      "wardPlaced": 6,
      "neutralMinionsKilledYourJungle": 4,
      "totalTimeCrowdControlDealt": 1105
    }
  },
  "29081178": {
    "gameId": 818169484,
    "invalid": false,
    "gameMode": "CLASSIC",
    "gameType": "MATCHED_GAME",
    "subType": "RANKED_SOLO_5x5",
    "mapId": 1,
    "teamId": 200,
    "championId": 51,
    "spell1": 4,
    "spell2": 21,
    "level": 30,
    "ipEarned": 258,
    "createDate": 1398243569463,
    "fellowPlayers": [
      {
        "summonerId": 30147685,
        "teamId": 100,
        "championId": 98
      },
      {
        "summonerId": 39643676,
        "teamId": 200,
        "championId": 91
      },
      {
        "summonerId": 24123217,
        "teamId": 200,
        "championId": 106
      },
      {
        "summonerId": 29016125,
        "teamId": 100,
        "championId": 4
      },
      {
        "summonerId": 21339650,
        "teamId": 200,
        "championId": 19
      },
      {
        "summonerId": 42553333,
        "teamId": 200,
        "championId": 267
      },
      {
        "summonerId": 42993683,
        "teamId": 100,
        "championId": 25
      },
      {
        "summonerId": 29330471,
        "teamId": 100,
        "championId": 104
      },
      {
        "summonerId": 32743561,
        "teamId": 100,
        "championId": 107
      }
    ],
    "stats": {
      "level": 18,
      "goldEarned": 13657,
      "numDeaths": 11,
      "turretsKilled": 1,
      "minionsKilled": 202,
      "championsKilled": 4,
      "goldSpent": 11630,
      "totalDamageDealt": 188801,
      "totalDamageTaken": 28883,
      "team": 200,
      "win": true,
      "neutralMinionsKilled": 34,
      "largestMultiKill": 1,
      "physicalDamageDealtPlayer": 178935,
      "magicDamageDealtPlayer": 9400,
      "physicalDamageTaken": 16356,
      "magicDamageTaken": 12450,
      "largestCriticalStrike": 1205,
      "timePlayed": 2361,
      "totalHeal": 887,
      "totalUnitsHealed": 1,
      "assists": 5,
      "item0": 3072,
      "item1": 3006,
      "item2": 3031,
      "item3": 3087,
      "item4": 1031,
      "item6": 3340,
      "magicDamageDealtToChampions": 3958,
      "physicalDamageDealtToChampions": 17233,
      "totalDamageDealtToChampions": 21531,
      "trueDamageDealtPlayer": 466,
      "trueDamageDealtToChampions": 340,
      "trueDamageTaken": 76,
      "wardPlaced": 11,
      "neutralMinionsKilledEnemyJungle": 9,
      "neutralMinionsKilledYourJungle": 25,
      "totalTimeCrowdControlDealt": 174
    }
  },
  "30147685": {
    "gameId": 818169484,
    "invalid": false,
    "gameMode": "CLASSIC",
    "gameType": "MATCHED_GAME",
    "subType": "RANKED_SOLO_5x5",
    "mapId": 1,
    "teamId": 100,
    "championId": 98,
    "spell1": 12,
    "spell2": 4,
    "level": 30,
    "ipEarned": 71,
    "createDate": 1398243569456,
    "fellowPlayers": [
      {
        "summonerId": 39643676,
        "teamId": 200,
        "championId": 91
      },
      {
        "summonerId": 24123217,
        "teamId": 200,
        "championId": 106
      },
      {
        "summonerId": 29081178,
        "teamId": 200,
        "championId": 51
      },
      {
        "summonerId": 29016125,
        "teamId": 100,
        "championId": 4
      },
      {
        "summonerId": 21339650,
        "teamId": 200,
        "championId": 19
      },
      {
        "summonerId": 42553333,
        "teamId": 200,
        "championId": 267
      },
      {
        "summonerId": 42993683,
        "teamId": 100,
        "championId": 25
      },
      {
        "summonerId": 29330471,
        "teamId": 100,
        "championId": 104
      },
      {
        "summonerId": 32743561,
        "teamId": 100,
        "championId": 107
      }
    ],
    "stats": {
      "level": 17,
      "goldEarned": 11392,
      "numDeaths": 10,
      "minionsKilled": 143,
      "championsKilled": 2,
      "goldSpent": 11010,
      "totalDamageDealt": 97417,
      "totalDamageTaken": 37373,
      "team": 100,
      "win": false,
      "neutralMinionsKilled": 6,
      "largestMultiKill": 1,
      "physicalDamageDealtPlayer": 44459,
      "magicDamageDealtPlayer": 52877,
      "physicalDamageTaken": 20191,
      "magicDamageTaken": 15716,
      "timePlayed": 2361,
      "totalHeal": 57,
      "totalUnitsHealed": 1,
      "assists": 16,
      "item0": 1054,
      "item1": 3143,
      "item2": 3068,
      "item3": 3047,
      "item4": 3075,
      "item5": 1011,
      "item6": 3340,
      "magicDamageDealtToChampions": 12019,
      "physicalDamageDealtToChampions": 6320,
      "totalDamageDealtToChampions": 18420,
      "trueDamageDealtPlayer": 80,
      "trueDamageDealtToChampions": 80,
      "trueDamageTaken": 1465,
      "wardPlaced": 7,
      "neutralMinionsKilledEnemyJungle": 4,
      "neutralMinionsKilledYourJungle": 2,
      "totalTimeCrowdControlDealt": 617
    }
  },
  "29330471": {
    "gameId": 818169484,
    "invalid": false,
    "gameMode": "CLASSIC",
    "gameType": "MATCHED_GAME",
    "subType": "RANKED_SOLO_5x5",
    "mapId": 1,
    "teamId": 100,
    "championId": 104,
    "spell1": 4,
    "spell2": 7,
    "level": 30,
    "ipEarned": 71,
    "createDate": 1398243569457,
    "fellowPlayers": [
      {
        "summonerId": 30147685,
        "teamId": 100,
        "championId": 98
      },
      {
        "summonerId": 39643676,
        "teamId": 200,
        "championId": 91
      },
      {
        "summonerId": 24123217,
        "teamId": 200,
        "championId": 106
      },
      {
        "summonerId": 29081178,
        "teamId": 200,
        "championId": 51
      },
      {
        "summonerId": 29016125,
        "teamId": 100,
        "championId": 4
      },
      {
        "summonerId": 21339650,
        "teamId": 200,
        "championId": 19
      },
      {
        "summonerId": 42553333,
        "teamId": 200,
        "championId": 267
      },
      {
        "summonerId": 42993683,
        "teamId": 100,
        "championId": 25
      },
      {
        "summonerId": 32743561,
        "teamId": 100,
        "championId": 107
      }
    ],
    "stats": {
      "level": 18,
      "goldEarned": 14487,
      "numDeaths": 8,
      "minionsKilled": 214,
      "championsKilled": 10,
      "goldSpent": 11995,
      "totalDamageDealt": 165251,
      "totalDamageTaken": 22310,
      "killingSprees": 4,
      "largestKillingSpree": 3,
      "team": 100,
      "win": false,
      "neutralMinionsKilled": 19,
      "largestMultiKill": 1,
      "physicalDamageDealtPlayer": 162024,
      "magicDamageDealtPlayer": 1685,
      "physicalDamageTaken": 15848,
      "magicDamageTaken": 6001,
      "largestCriticalStrike": 626,
      "timePlayed": 2361,
      "totalHeal": 2045,
      "totalUnitsHealed": 2,
      "assists": 10,
      "item0": 1037,
      "item1": 3072,
      "item2": 3035,
      "item3": 3046,
      "item4": 1031,
      "item5": 3250,
      "item6": 3340,
      "sightWardsBought": 1,
      "magicDamageDealtToChampions": 1163,
      "physicalDamageDealtToChampions": 21561,
      "totalDamageDealtToChampions": 23376,
      "trueDamageDealtPlayer": 1542,
      "trueDamageDealtToChampions": 652,
      "trueDamageTaken": 460,
      "wardPlaced": 7,
      "neutralMinionsKilledEnemyJungle": 2,
      "neutralMinionsKilledYourJungle": 17,
      "totalTimeCrowdControlDealt": 385
    }
  },
  "24123217": {
    "gameId": 818169484,
    "invalid": false,
    "gameMode": "CLASSIC",
    "gameType": "MATCHED_GAME",
    "subType": "RANKED_SOLO_5x5",
    "mapId": 1,
    "teamId": 200,
    "championId": 106,
    "spell1": 4,
    "spell2": 7,
    "level": 30,
    "ipEarned": 108,
    "createDate": 1398243569462,
    "fellowPlayers": [
      {
        "summonerId": 30147685,
        "teamId": 100,
        "championId": 98
      },
      {
        "summonerId": 39643676,
        "teamId": 200,
        "championId": 91
      },
      {
        "summonerId": 29081178,
        "teamId": 200,
        "championId": 51
      },
      {
        "summonerId": 29016125,
        "teamId": 100,
        "championId": 4
      },
      {
        "summonerId": 21339650,
        "teamId": 200,
        "championId": 19
      },
      {
        "summonerId": 42553333,
        "teamId": 200,
        "championId": 267
      },
      {
        "summonerId": 42993683,
        "teamId": 100,
        "championId": 25
      },
      {
        "summonerId": 29330471,
        "teamId": 100,
        "championId": 104
      },
      {
        "summonerId": 32743561,
        "teamId": 100,
        "championId": 107
      }
    ],
    "stats": {
      "level": 18,
      "goldEarned": 14820,
      "numDeaths": 4,
      "turretsKilled": 1,
      "minionsKilled": 236,
      "championsKilled": 7,
      "goldSpent": 13395,
      "totalDamageDealt": 162706,
      "totalDamageTaken": 43994,
      "doubleKills": 1,
      "killingSprees": 2,
      "largestKillingSpree": 3,
      "team": 200,
      "win": true,
      "neutralMinionsKilled": 6,
      "largestMultiKill": 2,
      "physicalDamageDealtPlayer": 67547,
      "magicDamageDealtPlayer": 94416,
      "physicalDamageTaken": 27659,
      "magicDamageTaken": 15938,
      "timePlayed": 2361,
      "totalHeal": 5381,
      "totalUnitsHealed": 2,
      "assists": 10,
      "item0": 3143,
      "item1": 3065,
      "item2": 3068,
      "item3": 3083,
      "item5": 3111,
      "item6": 3340,
      "magicDamageDealtToChampions": 13450,
      "physicalDamageDealtToChampions": 10173,
      "totalDamageDealtToChampions": 23663,
      "trueDamageDealtPlayer": 743,
      "trueDamageDealtToChampions": 39,
      "trueDamageTaken": 396,
      "wardPlaced": 7,
      "neutralMinionsKilledYourJungle": 6,
      "totalTimeCrowdControlDealt": 1699
    }
  },
  "21339650": {
    "gameId": 818169484,
    "invalid": false,
    "gameMode": "CLASSIC",
    "gameType": "MATCHED_GAME",
    "subType": "RANKED_SOLO_5x5",
    "mapId": 1,
    "teamId": 200,
    "championId": 19,
    "spell1": 4,
    "spell2": 11,
    "level": 30,
    "ipEarned": 108,
    "createDate": 1398243569461,
    "fellowPlayers": [
      {
        "summonerId": 30147685,
        "teamId": 100,
        "championId": 98
      },
      {
        "summonerId": 39643676,
        "teamId": 200,
        "championId": 91
      },
      {
        "summonerId": 24123217,
        "teamId": 200,
        "championId": 106
      },
      {
        "summonerId": 29081178,
        "teamId": 200,
        "championId": 51
      },
      {
        "summonerId": 29016125,
        "teamId": 100,
        "championId": 4
      },
      {
        "summonerId": 42553333,
        "teamId": 200,
        "championId": 267
      },
      {
        "summonerId": 42993683,
        "teamId": 100,
        "championId": 25
      },
      {
        "summonerId": 29330471,
        "teamId": 100,
        "championId": 104
      },
      {
        "summonerId": 32743561,
        "teamId": 100,
        "championId": 107
      }
    ],
    "stats": {
      "level": 18,
      "goldEarned": 17993,
      "numDeaths": 5,
      "barracksKilled": 1,
      "turretsKilled": 1,
      "minionsKilled": 50,
      "championsKilled": 13,
      "goldSpent": 18170,
      "totalDamageDealt": 280780,
      "totalDamageTaken": 50636,
      "doubleKills": 3,
      "killingSprees": 4,
      "largestKillingSpree": 5,
      "team": 200,
      "win": true,
      "neutralMinionsKilled": 152,
      "largestMultiKill": 2,
      "physicalDamageDealtPlayer": 125486,
      "magicDamageDealtPlayer": 126745,
      "physicalDamageTaken": 31192,
      "magicDamageTaken": 19054,
      "timePlayed": 2361,
      "totalHeal": 27934,
      "totalUnitsHealed": 1,
      "assists": 11,
      "item0": 3160,
      "item1": 3153,
      "item2": 3091,
      "item3": 3022,
      "item4": 3110,
      "item5": 3265,
      "item6": 3364,
      "magicDamageDealtToChampions": 14848,
      "physicalDamageDealtToChampions": 8335,
      "totalDamageDealtToChampions": 24339,
      "trueDamageDealtPlayer": 28548,
      "trueDamageDealtToChampions": 1156,
      "trueDamageTaken": 390,
      "wardPlaced": 8,
      "neutralMinionsKilledEnemyJungle": 14,
      "neutralMinionsKilledYourJungle": 138,
      "totalTimeCrowdControlDealt": 1291
    }
  },
  "42553333": {
    "gameId": 818169484,
    "invalid": false,
    "gameMode": "CLASSIC",
    "gameType": "MATCHED_GAME",
    "subType": "RANKED_SOLO_5x5",
    "mapId": 1,
    "teamId": 200,
    "championId": 267,
    "spell1": 3,
    "spell2": 7,
    "level": 30,
    "ipEarned": 108,
    "createDate": 1398243569464,
    "fellowPlayers": [
      {
        "summonerId": 30147685,
        "teamId": 100,
        "championId": 98
      },
      {
        "summonerId": 39643676,
        "teamId": 200,
        "championId": 91
      },
      {
        "summonerId": 24123217,
        "teamId": 200,
        "championId": 106
      },
      {
        "summonerId": 29081178,
        "teamId": 200,
        "championId": 51
      },
      {
        "summonerId": 29016125,
        "teamId": 100,
        "championId": 4
      },
      {
        "summonerId": 21339650,
        "teamId": 200,
        "championId": 19
      },
      {
        "summonerId": 42993683,
        "teamId": 100,
        "championId": 25
      },
      {
        "summonerId": 29330471,
        "teamId": 100,
        "championId": 104
      },
      {
        "summonerId": 32743561,
        "teamId": 100,
        "championId": 107
      }
    ],
    "stats": {
      "level": 18,
      "goldEarned": 11960,
      "numDeaths": 8,
      "turretsKilled": 3,
      "minionsKilled": 9,
      "championsKilled": 1,
      "goldSpent": 10445,
      "totalDamageDealt": 31828,
      "totalDamageTaken": 22747,
      "team": 200,
      "win": true,
      "neutralMinionsKilled": 2,
      "largestMultiKill": 1,
      "physicalDamageDealtPlayer": 10423,
      "magicDamageDealtPlayer": 20765,
      "physicalDamageTaken": 11766,
      "magicDamageTaken": 10901,
      "timePlayed": 2361,
      "totalHeal": 12720,
      "totalUnitsHealed": 5,
      "assists": 21,
      "item0": 3092,
      "item1": 3023,
      "item2": 3222,
      "item3": 3190,
      "item4": 2049,
      "item5": 1028,
      "item6": 3340,
      "magicDamageDealtToChampions": 12152,
      "physicalDamageDealtToChampions": 834,
      "totalDamageDealtToChampions": 13186,
      "trueDamageDealtPlayer": 640,
      "trueDamageDealtToChampions": 200,
      "trueDamageTaken": 80,
      "wardKilled": 1,
      "wardPlaced": 19,
      "neutralMinionsKilledYourJungle": 2,
      "totalTimeCrowdControlDealt": 229
    }
  }
}