{
  "27511348": {
    "gameId": 818161925,
    "invalid": false,
    "gameMode": "CLASSIC",
    "gameType": "MATCHED_GAME",
    "subType": "RANKED_SOLO_5x5",
    "mapId": 1,
    "teamId": 200,
    "championId": 25,
    "spell1": 14,
    "spell2": 4,
    "level": 30,
    "ipEarned": 67,
    "createDate": 1398243526938,
    "fellowPlayers": [
      {
        "summonerId": 28180063,
        "teamId": 100,
        "championId": 122
      },
      {
        "summonerId": 38293784,
        "teamId": 200,
        "championId": 77
      },
      {
        "summonerId": 36313306,
        "teamId": 200,
        "championId": 115
      },
      {
        "summonerId": 23187738,
        "teamId": 100,
        "championId": 121
      },
      {
        "summonerId": 21838220,
        "teamId": 100,
        "championId": 91
      },
      {
        "summonerId": 37924340,
        "teamId": 100,
        "championId": 67
      },
      {
        "summonerId": 19336096,
        "teamId": 200,
        "championId": 51
      },
      {
        "summonerId": 28114330,
        "teamId": 200,
        "championId": 75
      },
      {
        "summonerId": 29334786,
        "teamId": 100,
        "championId": 117
      }
    ],
    "stats": {
      "level": 14,
      "goldEarned": 10918,
      "numDeaths": 14,
      "minionsKilled": 35,
      "championsKilled": 6,
      "goldSpent": 10045,
      "totalDamageDealt": 43454,
      "totalDamageTaken": 23294,
      "killingSprees": 2,
      "largestKillingSpree": 2,
      "team": 200,
      "win": false,
      "largestMultiKill": 1,
      "physicalDamageDealtPlayer": 4620,
      "magicDamageDealtPlayer": 37980,
      "physicalDamageTaken": 17900,
      "magicDamageTaken": 3500,
      "timePlayed": 2187,
      "totalHeal": 545,
      "totalUnitsHealed": 1,
      "assists": 11,
      "item0": 3157,
      "item1": 3092,
      "item2": 3255,
      "item3": 3110,
      "item6": 3340,
      "sightWardsBought": 1,
      "visionWardsBought": 3,
      "magicDamageDealtToChampions": 17290,
      "physicalDamageDealtToChampions": 1714,
      "totalDamageDealtToChampions": 19799,
      "trueDamageDealtPlayer": 853,
      "trueDamageDealtToChampions": 793,
      "trueDamageTaken": 1893,
      "wardPlaced": 14,
      "totalTimeCrowdControlDealt": 255
    }
  },
  "summonerCount": 10,
  "29334786": {
    "gameId": 818161925,
    "invalid": false,
    "gameMode": "CLASSIC",
    "gameType": "MATCHED_GAME",
    "subType": "RANKED_SOLO_5x5",
    "mapId": 1,
    "teamId": 100,
    "championId": 117,
    "spell1": 4,
    "spell2": 3,
    "level": 30,
    "ipEarned": 101,
    "createDate": 1398243526933,
    "fellowPlayers": [
      {
        "summonerId": 27511348,
        "teamId": 200,
        "championId": 25
      },
      {
        "summonerId": 28180063,
        "teamId": 100,
        "championId": 122
      },
      {
        "summonerId": 38293784,
        "teamId": 200,
        "championId": 77
      },
      {
        "summonerId": 36313306,
        "teamId": 200,
        "championId": 115
      },
      {
        "summonerId": 23187738,
        "teamId": 100,
        "championId": 121
      },
      {
        "summonerId": 21838220,
        "teamId": 100,
        "championId": 91
      },
      {
        "summonerId": 37924340,
        "teamId": 100,
        "championId": 67
      },
      {
        "summonerId": 19336096,
        "teamId": 200,
        "championId": 51
      },
      {
        "summonerId": 28114330,
        "teamId": 200,
        "championId": 75
      }
    ],
    "stats": {
      "level": 16,
      "goldEarned": 12210,
      "numDeaths": 5,
      "turretsKilled": 1,
      "minionsKilled": 23,
      "championsKilled": 1,
      "goldSpent": 10085,
      "totalDamageDealt": 29788,
      "totalDamageTaken": 21020,
      "team": 100,
      "win": true,
      "largestMultiKill": 1,
      "physicalDamageDealtPlayer": 9393,
      "magicDamageDealtPlayer": 20395,
      "physicalDamageTaken": 12416,
      "magicDamageTaken": 8356,
      "timePlayed": 2187,
      "totalHeal": 120,
      "totalUnitsHealed": 1,
      "assists": 28,
      "item0": 3190,
      "item1": 2049,
      "item2": 3092,
      "item3": 3158,
      "item4": 3110,
      "item5": 1028,
      "item6": 3340,
      "sightWardsBought": 1,
      "magicDamageDealtToChampions": 7365,
      "physicalDamageDealtToChampions": 2326,
      "totalDamageDealtToChampions": 9691,
      "trueDamageTaken": 247,
      "wardPlaced": 15,
      "totalTimeCrowdControlDealt": 716
    }
  },
  "36313306": {
    "gameId": 818161925,
    "invalid": false,
    "gameMode": "CLASSIC",
    "gameType": "MATCHED_GAME",
    "subType": "RANKED_SOLO_5x5",
    "mapId": 1,
    "teamId": 200,
    "championId": 115,
    "spell1": 14,
    "spell2": 4,
    "level": 30,
    "ipEarned": 67,
    "createDate": 1398243526935,
    "fellowPlayers": [
      {
        "summonerId": 27511348,
        "teamId": 200,
        "championId": 25
      },
      {
        "summonerId": 28180063,
        "teamId": 100,
        "championId": 122
      },
      {
        "summonerId": 38293784,
        "teamId": 200,
        "championId": 77
      },
      {
        "summonerId": 23187738,
        "teamId": 100,
        "championId": 121
      },
      {
        "summonerId": 21838220,
        "teamId": 100,
        "championId": 91
      },
      {
        "summonerId": 37924340,
        "teamId": 100,
        "championId": 67
      },
      {
        "summonerId": 19336096,
        "teamId": 200,
        "championId": 51
      },
      {
        "summonerId": 28114330,
        "teamId": 200,
        "championId": 75
      },
      {
        "summonerId": 29334786,
        "teamId": 100,
        "championId": 117
      }
    ],
    "stats": {
      "level": 14,
      "goldEarned": 8225,
      "numDeaths": 16,
      "minionsKilled": 115,
      "goldSpent": 8045,
      "totalDamageDealt": 83884,
      "totalDamageTaken": 24935,
      "team": 200,
      "win": false,
      "neutralMinionsKilled": 2,
      "physicalDamageDealtPlayer": 11039,
      "magicDamageDealtPlayer": 71458,
      "physicalDamageTaken": 22509,
      "magicDamageTaken": 1363,
      "timePlayed": 2187,
      "totalHeal": 1071,
      "totalUnitsHealed": 1,
      "assists": 8,
      "item0": 3174,
      "item1": 3157,
      "item2": 3255,
      "item6": 3340,
      "magicDamageDealtToChampions": 15472,
      "physicalDamageDealtToChampions": 800,
      "totalDamageDealtToChampions": 17658,
      "trueDamageDealtPlayer": 1386,
      "trueDamageDealtToChampions": 1386,
      "trueDamageTaken": 1062,
      "wardPlaced": 5,
      "neutralMinionsKilledEnemyJungle": 1,
      "neutralMinionsKilledYourJungle": 1,
      "totalTimeCrowdControlDealt": 393
    }
  },
  "28114330": {
    "gameId": 818161925,
    "invalid": false,
    "gameMode": "CLASSIC",
    "gameType": "MATCHED_GAME",
    "subType": "RANKED_SOLO_5x5",
    "mapId": 1,
    "teamId": 200,
    "championId": 75,
    "spell1": 7,
    "spell2": 12,
    "level": 30,
    "ipEarned": 67,
    "createDate": 1398243526937,
    "fellowPlayers": [
      {
        "summonerId": 27511348,
        "teamId": 200,
        "championId": 25
      },
      {
        "summonerId": 28180063,
        "teamId": 100,
        "championId": 122
      },
      {
        "summonerId": 38293784,
        "teamId": 200,
        "championId": 77
      },
      {
        "summonerId": 36313306,
        "teamId": 200,
        "championId": 115
      },
      {
        "summonerId": 23187738,
        "teamId": 100,
        "championId": 121
      },
      {
        "summonerId": 21838220,
        "teamId": 100,
        "championId": 91
      },
      {
        "summonerId": 37924340,
        "teamId": 100,
        "championId": 67
      },
      {
        "summonerId": 19336096,
        "teamId": 200,
        "championId": 51
      },
      {
        "summonerId": 29334786,
        "teamId": 100,
        "championId": 117
      }
    ],
    "stats": {
      "level": 14,
      "goldEarned": 10091,
      "numDeaths": 11,
      "turretsKilled": 1,
      "minionsKilled": 117,
      "championsKilled": 5,
      "goldSpent": 9470,
      "totalDamageDealt": 75251,
      "totalDamageTaken": 39175,
      "killingSprees": 1,
      "largestKillingSpree": 2,
      "team": 200,
      "win": false,
      "neutralMinionsKilled": 2,
      "largestMultiKill": 1,
      "physicalDamageDealtPlayer": 61262,
      "magicDamageDealtPlayer": 13989,
      "physicalDamageTaken": 28274,
      "magicDamageTaken": 5107,
      "timePlayed": 2187,
      "totalHeal": 1290,
      "totalUnitsHealed": 2,
      "assists": 8,
      "item0": 3110,
      "item1": 3047,
      "item2": 3065,
      "item3": 3075,
      "item6": 3340,
      "visionWardsBought": 1,
      "magicDamageDealtToChampions": 8652,
      "physicalDamageDealtToChampions": 14104,
      "totalDamageDealtToChampions": 22756,
      "trueDamageTaken": 5793,
      "wardPlaced": 5,
      "neutralMinionsKilledYourJungle": 2,
      "totalTimeCrowdControlDealt": 1803
    }
  },
  "23187738": {
    "gameId": 818161925,
    "invalid": false,
    "gameMode": "CLASSIC",
    "gameType": "MATCHED_GAME",
    "subType": "RANKED_SOLO_5x5",
    "mapId": 1,
    "teamId": 100,
    "championId": 121,
    "spell1": 4,
    "spell2": 11,
    "level": 30,
    "ipEarned": 251,
    "createDate": 1398243526928,
    "fellowPlayers": [
      {
        "summonerId": 27511348,
        "teamId": 200,
        "championId": 25
      },
      {
        "summonerId": 28180063,
        "teamId": 100,
        "championId": 122
      },
      {
        "summonerId": 38293784,
        "teamId": 200,
        "championId": 77
      },
      {
        "summonerId": 36313306,
        "teamId": 200,
        "championId": 115
      },
      {
        "summonerId": 21838220,
        "teamId": 100,
        "championId": 91
      },
      {
        "summonerId": 37924340,
        "teamId": 100,
        "championId": 67
      },
      {
        "summonerId": 19336096,
        "teamId": 200,
        "championId": 51
      },
      {
        "summonerId": 28114330,
        "teamId": 200,
        "championId": 75
      },
      {
        "summonerId": 29334786,
        "teamId": 100,
        "championId": 117
      }
    ],
    "stats": {
      "level": 18,
      "goldEarned": 15652,
      "numDeaths": 7,
      "turretsKilled": 2,
      "minionsKilled": 83,
      "championsKilled": 20,
      "goldSpent": 14710,
      "totalDamageDealt": 199127,
      "totalDamageTaken": 43605,
      "doubleKills": 3,
      "killingSprees": 2,
      "largestKillingSpree": 12,
      "team": 100,
      "win": true,
      "neutralMinionsKilled": 82,
      "largestMultiKill": 2,
      "physicalDamageDealtPlayer": 168240,
      "magicDamageDealtPlayer": 3905,
      "physicalDamageTaken": 32037,
      "magicDamageTaken": 9583,
      "timePlayed": 2187,
      "totalHeal": 11941,
      "totalUnitsHealed": 1,
      "assists": 16,
      "item0": 3143,
      "item1": 3209,
      "item2": 3158,
      "item3": 3072,
      "item4": 3071,
      "item5": 3035,
      "item6": 3341,
      "magicDamageDealtToChampions": 2590,
      "physicalDamageDealtToChampions": 30010,
      "totalDamageDealtToChampions": 35928,
      "trueDamageDealtPlayer": 26980,
      "trueDamageDealtToChampions": 3327,
      "trueDamageTaken": 1984,
      "neutralMinionsKilledEnemyJungle": 15,
      "neutralMinionsKilledYourJungle": 67,
      "totalTimeCrowdControlDealt": 1120
    }
  },
  "38293784": {
    "gameId": 818161925,
    "invalid": false,
    "gameMode": "CLASSIC",
    "gameType": "MATCHED_GAME",
    "subType": "RANKED_SOLO_5x5",
    "mapId": 1,
    "teamId": 200,
    "championId": 77,
    "spell1": 11,
    "spell2": 6,
    "level": 30,
    "ipEarned": 67,
    "createDate": 1398243526934,
    "fellowPlayers": [
      {
        "summonerId": 27511348,
        "teamId": 200,
        "championId": 25
      },
      {
        "summonerId": 28180063,
        "teamId": 100,
        "championId": 122
      },
      {
        "summonerId": 36313306,
        "teamId": 200,
        "championId": 115
      },
      {
        "summonerId": 23187738,
        "teamId": 100,
        "championId": 121
      },
      {
        "summonerId": 21838220,
        "teamId": 100,
        "championId": 91
      },
      {
        "summonerId": 37924340,
        "teamId": 100,
        "championId": 67
      },
      {
        "summonerId": 19336096,
        "teamId": 200,
        "championId": 51
      },
      {
        "summonerId": 28114330,
        "teamId": 200,
        "championId": 75
      },
      {
        "summonerId": 29334786,
        "teamId": 100,
        "championId": 117
      }
    ],
    "stats": {
      "level": 15,
      "goldEarned": 9510,
      "numDeaths": 12,
      "minionsKilled": 19,
      "championsKilled": 3,
      "goldSpent": 9218,
      "totalDamageDealt": 84400,
      "totalDamageTaken": 32826,
      "killingSprees": 1,
      "largestKillingSpree": 2,
      "team": 200,
      "win": false,
      "neutralMinionsKilled": 61,
      "largestMultiKill": 1,
      "physicalDamageDealtPlayer": 57161,
      "magicDamageDealtPlayer": 18104,
      "physicalDamageTaken": 28141,
      "magicDamageTaken": 3680,
      "largestCriticalStrike": 484,
      "timePlayed": 2187,
      "totalHeal": 2903,
      "totalUnitsHealed": 1,
      "assists": 11,
      "item0": 3154,
      "item1": 3078,
      "item2": 3143,
      "item4": 1001,
      "item6": 3340,
      "sightWardsBought": 1,
      "magicDamageDealtToChampions": 8,
      "physicalDamageDealtToChampions": 9929,
      "totalDamageDealtToChampions": 10058,
      "trueDamageDealtPlayer": 9134,
      "trueDamageDealtToChampions": 120,
      "trueDamageTaken": 1004,
      "wardPlaced": 12,
      "neutralMinionsKilledEnemyJungle": 4,
      "neutralMinionsKilledYourJungle": 57,
      "totalTimeCrowdControlDealt": 397
    }
  },
  "21838220": {
    "gameId": 818161925,
    "invalid": false,
    "gameMode": "CLASSIC",
    "gameType": "MATCHED_GAME",
    "subType": "RANKED_SOLO_5x5",
    "mapId": 1,
    "teamId": 100,
    "championId": 91,
    "spell1": 4,
    "spell2": 14,
    "level": 30,
    "ipEarned": 101,
    "createDate": 1398243526930,
    "fellowPlayers": [
      {
        "summonerId": 27511348,
        "teamId": 200,
        "championId": 25
      },
      {
        "summonerId": 28180063,
        "teamId": 100,
        "championId": 122
      },
      {
        "summonerId": 38293784,
        "teamId": 200,
        "championId": 77
      },
      {
        "summonerId": 36313306,
        "teamId": 200,
        "championId": 115
      },
      {
        "summonerId": 23187738,
        "teamId": 100,
        "championId": 121
      },
      {
        "summonerId": 37924340,
        "teamId": 100,
        "championId": 67
      },
      {
        "summonerId": 19336096,
        "teamId": 200,
        "championId": 51
      },
      {
        "summonerId": 28114330,
        "teamId": 200,
        "championId": 75
      },
      {
        "summonerId": 29334786,
        "teamId": 100,
        "championId": 117
      }
    ],
    "stats": {
      "level": 18,
      "goldEarned": 17881,
      "numDeaths": 3,
      "turretsKilled": 1,
      "minionsKilled": 221,
      "championsKilled": 25,
      "goldSpent": 14722,
      "totalDamageDealt": 188269,
      "totalDamageTaken": 34614,
      "doubleKills": 4,
      "tripleKills": 1,
      "killingSprees": 2,
      "largestKillingSpree": 20,
      "team": 100,
      "win": true,
      "neutralMinionsKilled": 12,
      "largestMultiKill": 3,
      "physicalDamageDealtPlayer": 186700,
      "magicDamageDealtPlayer": 40,
      "physicalDamageTaken": 19425,
      "magicDamageTaken": 14274,
      "timePlayed": 2187,
      "totalHeal": 2059,
      "totalUnitsHealed": 1,
      "assists": 19,
      "item0": 3072,
      "item1": 3134,
      "item2": 3074,
      "item3": 3035,
      "item4": 3044,
      "item5": 3274,
      "item6": 3340,
      "magicDamageDealtToChampions": 40,
      "physicalDamageDealtToChampions": 46776,
      "totalDamageDealtToChampions": 47941,
      "trueDamageDealtPlayer": 1528,
      "trueDamageDealtToChampions": 1124,
      "trueDamageTaken": 914,
      "wardPlaced": 10,
      "neutralMinionsKilledEnemyJungle": 12,
      "totalTimeCrowdControlDealt": 781
    }
  },
  "19336096": {
    "gameId": 818161925,
    "invalid": false,
    "gameMode": "CLASSIC",
    "gameType": "MATCHED_GAME",
    "subType": "RANKED_SOLO_5x5",
    "mapId": 1,
    "teamId": 200,
    "championId": 51,
    "spell1": 4,
    "spell2": 21,
    "level": 30,
    "ipEarned": 67,
    "createDate": 1398243526939,
    "fellowPlayers": [
      {
        "summonerId": 27511348,
        "teamId": 200,
        "championId": 25
      },
      {
        "summonerId": 28180063,
        "teamId": 100,
        "championId": 122
      },
      {
        "summonerId": 38293784,
        "teamId": 200,
        "championId": 77
      },
      {
        "summonerId": 36313306,
        "teamId": 200,
        "championId": 115
      },
      {
        "summonerId": 23187738,
        "teamId": 100,
        "championId": 121
      },
      {
        "summonerId": 21838220,
        "teamId": 100,
        "championId": 91
      },
      {
        "summonerId": 37924340,
        "teamId": 100,
        "championId": 67
      },
      {
        "summonerId": 28114330,
        "teamId": 200,
        "championId": 75
      },
      {
        "summonerId": 29334786,
        "teamId": 100,
        "championId": 117
      }
    ],
    "stats": {
      "level": 17,
      "goldEarned": 15660,
      "numDeaths": 10,
      "turretsKilled": 2,
      "minionsKilled": 211,
      "championsKilled": 16,
      "goldSpent": 15145,
      "totalDamageDealt": 187576,
      "totalDamageTaken": 30134,
      "doubleKills": 1,
      "killingSprees": 4,
      "largestKillingSpree": 8,
      "team": 200,
      "win": false,
      "neutralMinionsKilled": 10,
      "largestMultiKill": 2,
      "physicalDamageDealtPlayer": 183245,
      "magicDamageDealtPlayer": 2865,
      "physicalDamageTaken": 27266,
      "magicDamageTaken": 1787,
      "largestCriticalStrike": 1546,
      "timePlayed": 2187,
      "totalHeal": 1907,
      "totalUnitsHealed": 1,
      "assists": 6,
      "item0": 3250,
      "item1": 3072,
      "item2": 3046,
      "item3": 3031,
      "item4": 3035,
      "item5": 1031,
      "item6": 3340,
      "magicDamageDealtToChampions": 2632,
      "physicalDamageDealtToChampions": 34626,
      "totalDamageDealtToChampions": 38134,
      "trueDamageDealtPlayer": 1466,
      "trueDamageDealtToChampions": 876,
      "trueDamageTaken": 1080,
      "wardPlaced": 5,
      "neutralMinionsKilledEnemyJungle": 1,
      "neutralMinionsKilledYourJungle": 9,
      "totalTimeCrowdControlDealt": 321
    }
  },
  "37924340": {
    "gameId": 818161925,
    "invalid": false,
    "gameMode": "CLASSIC",
    "gameType": "MATCHED_GAME",
    "subType": "RANKED_SOLO_5x5",
    "mapId": 1,
    "teamId": 100,
    "championId": 67,
    "spell1": 4,
    "spell2": 7,
    "level": 30,
    "ipEarned": 101,
    "createDate": 1398243526927,
    "fellowPlayers": [
      {
        "summonerId": 27511348,
        "teamId": 200,
        "championId": 25
      },
      {
        "summonerId": 28180063,
        "teamId": 100,
        "championId": 122
      },
      {
        "summonerId": 38293784,
        "teamId": 200,
        "championId": 77
      },
      {
        "summonerId": 36313306,
        "teamId": 200,
        "championId": 115
      },
      {
        "summonerId": 23187738,
        "teamId": 100,
        "championId": 121
      },
      {
        "summonerId": 21838220,
        "teamId": 100,
        "championId": 91
      },
      {
        "summonerId": 19336096,
        "teamId": 200,
        "championId": 51
      },
      {
        "summonerId": 28114330,
        "teamId": 200,
        "championId": 75
      },
      {
        "summonerId": 29334786,
        "teamId": 100,
        "championId": 117
      }
    ],
    "stats": {
      "level": 17,
      "goldEarned": 11997,
      "numDeaths": 6,
      "barracksKilled": 1,
      "turretsKilled": 2,
      "minionsKilled": 151,
      "championsKilled": 8,
      "goldSpent": 11070,
      "totalDamageDealt": 119870,
      "totalDamageTaken": 27044,
      "doubleKills": 1,
      "tripleKills": 1,
      "killingSprees": 2,
      "largestKillingSpree": 5,
      "team": 100,
      "win": true,
      "neutralMinionsKilled": 22,
      "largestMultiKill": 3,
      "physicalDamageDealtPlayer": 106644,
      "magicDamageDealtPlayer": 287,
      "physicalDamageTaken": 22127,
      "magicDamageTaken": 4845,
      "largestCriticalStrike": 656,
      "timePlayed": 2187,
      "totalHeal": 3965,
      "totalUnitsHealed": 2,
      "assists": 6,
      "item0": 3153,
      "item1": 3086,
      "item2": 3006,
      "item3": 3031,
      "item4": 3093,
      "item6": 3340,
      "magicDamageDealtToChampions": 153,
      "physicalDamageDealtToChampions": 10705,
      "totalDamageDealtToChampions": 13973,
      "trueDamageDealtPlayer": 12938,
      "trueDamageDealtToChampions": 3113,
      "trueDamageTaken": 72,
      "wardKilled": 1,
      "wardPlaced": 8,
      "neutralMinionsKilledEnemyJungle": 15,
      "neutralMinionsKilledYourJungle": 7,
      "totalTimeCrowdControlDealt": 161
    }
  },
  "27511348": {
    "gameId": 818161925,
    "invalid": false,
    "gameMode": "CLASSIC",
    "gameType": "MATCHED_GAME",
    "subType": "RANKED_SOLO_5x5",
    "mapId": 1,
    "teamId": 200,
    "championId": 25,
    "spell1": 14,
    "spell2": 4,
    "level": 30,
    "ipEarned": 67,
    "createDate": 1398243526938,
    "fellowPlayers": [
      {
        "summonerId": 28180063,
        "teamId": 100,
        "championId": 122
      },
      {
        "summonerId": 38293784,
        "teamId": 200,
        "championId": 77
      },
      {
        "summonerId": 36313306,
        "teamId": 200,
        "championId": 115
      },
      {
        "summonerId": 23187738,
        "teamId": 100,
        "championId": 121
      },
      {
        "summonerId": 21838220,
        "teamId": 100,
        "championId": 91
      },
      {
        "summonerId": 37924340,
        "teamId": 100,
        "championId": 67
      },
      {
        "summonerId": 19336096,
        "teamId": 200,
        "championId": 51
      },
      {
        "summonerId": 28114330,
        "teamId": 200,
        "championId": 75
      },
      {
        "summonerId": 29334786,
        "teamId": 100,
        "championId": 117
      }
    ],
    "stats": {
      "level": 14,
      "goldEarned": 10918,
      "numDeaths": 14,
      "minionsKilled": 35,
      "championsKilled": 6,
      "goldSpent": 10045,
      "totalDamageDealt": 43454,
      "totalDamageTaken": 23294,
      "killingSprees": 2,
      "largestKillingSpree": 2,
      "team": 200,
      "win": false,
      "largestMultiKill": 1,
      "physicalDamageDealtPlayer": 4620,
      "magicDamageDealtPlayer": 37980,
      "physicalDamageTaken": 17900,
      "magicDamageTaken": 3500,
      "timePlayed": 2187,
      "totalHeal": 545,
      "totalUnitsHealed": 1,
      "assists": 11,
      "item0": 3157,
      "item1": 3092,
      "item2": 3255,
      "item3": 3110,
      "item6": 3340,
      "sightWardsBought": 1,
      "visionWardsBought": 3,
      "magicDamageDealtToChampions": 17290,
      "physicalDamageDealtToChampions": 1714,
      "totalDamageDealtToChampions": 19799,
      "trueDamageDealtPlayer": 853,
      "trueDamageDealtToChampions": 793,
      "trueDamageTaken": 1893,
      "wardPlaced": 14,
      "totalTimeCrowdControlDealt": 255
    }
  }
}