{
  "35069778": {
    "gameId": 818168847,
    "invalid": false,
    "gameMode": "CLASSIC",
    "gameType": "MATCHED_GAME",
    "subType": "RANKED_SOLO_5x5",
    "mapId": 1,
    "teamId": 200,
    "championId": 15,
    "spell1": 21,
    "spell2": 4,
    "level": 30,
    "ipEarned": 58,
    "createDate": 1398242810870,
    "fellowPlayers": [
      {
        "summonerId": 36629839,
        "teamId": 100,
        "championId": 55
      },
      {
        "summonerId": 28938665,
        "teamId": 100,
        "championId": 51
      },
      {
        "summonerId": 36703486,
        "teamId": 200,
        "championId": 64
      },
      {
        "summonerId": 30678915,
        "teamId": 200,
        "championId": 99
      },
      {
        "summonerId": 36903014,
        "teamId": 100,
        "championId": 13
      },
      {
        "summonerId": 37292078,
        "teamId": 100,
        "championId": 267
      },
      {
        "summonerId": 25804470,
        "teamId": 100,
        "championId": 23
      },
      {
        "summonerId": 27808721,
        "teamId": 200,
        "championId": 7
      },
      {
        "summonerId": 34388623,
        "teamId": 200,
        "championId": 58
      }
    ],
    "stats": {
      "level": 14,
      "goldEarned": 8176,
      "numDeaths": 8,
      "minionsKilled": 167,
      "championsKilled": 1,
      "goldSpent": 7680,
      "totalDamageDealt": 109462,
      "totalDamageTaken": 17557,
      "team": 200,
      "win": false,
      "neutralMinionsKilled": 1,
      "largestMultiKill": 1,
      "physicalDamageDealtPlayer": 106507,
      "magicDamageDealtPlayer": 2954,
      "physicalDamageTaken": 8925,
      "magicDamageTaken": 8299,
      "largestCriticalStrike": 404,
      "timePlayed": 1829,
      "totalHeal": 337,
      "totalUnitsHealed": 1,
      "assists": 4,
      "item0": 3072,
      "item1": 3087,
      "item2": 1018,
      "item3": 3006,
      "item6": 3340,
      "magicDamageDealtToChampions": 760,
      "physicalDamageDealtToChampions": 17057,
      "totalDamageDealtToChampions": 17818,
      "trueDamageTaken": 332,
      "wardPlaced": 7,
      "neutralMinionsKilledYourJungle": 1
    }
  },
  "summonerCount": 10,
  "30678915": {
    "gameId": 818168847,
    "invalid": false,
    "gameMode": "CLASSIC",
    "gameType": "MATCHED_GAME",
    "subType": "RANKED_SOLO_5x5",
    "mapId": 1,
    "teamId": 200,
    "championId": 99,
    "spell1": 4,
    "spell2": 7,
    "level": 30,
    "ipEarned": 58,
    "createDate": 1398242810872,
    "fellowPlayers": [
      {
        "summonerId": 36629839,
        "teamId": 100,
        "championId": 55
      },
      {
        "summonerId": 35069778,
        "teamId": 200,
        "championId": 15
      },
      {
        "summonerId": 28938665,
        "teamId": 100,
        "championId": 51
      },
      {
        "summonerId": 36703486,
        "teamId": 200,
        "championId": 64
      },
      {
        "summonerId": 36903014,
        "teamId": 100,
        "championId": 13
      },
      {
        "summonerId": 37292078,
        "teamId": 100,
        "championId": 267
      },
      {
        "summonerId": 25804470,
        "teamId": 100,
        "championId": 23
      },
      {
        "summonerId": 27808721,
        "teamId": 200,
        "championId": 7
      },
      {
        "summonerId": 34388623,
        "teamId": 200,
        "championId": 58
      }
    ],
    "stats": {
      "level": 13,
      "goldEarned": 6989,
      "numDeaths": 9,
      "minionsKilled": 64,
      "championsKilled": 2,
      "goldSpent": 6715,
      "totalDamageDealt": 45981,
      "totalDamageTaken": 22164,
      "team": 200,
      "win": false,
      "neutralMinionsKilled": 3,
      "largestMultiKill": 1,
      "physicalDamageDealtPlayer": 3846,
      "magicDamageDealtPlayer": 42135,
      "physicalDamageTaken": 14676,
      "magicDamageTaken": 7326,
      "timePlayed": 1829,
      "totalHeal": 2382,
      "totalUnitsHealed": 3,
      "assists": 2,
      "item0": 3069,
      "item1": 2049,
      "item2": 3020,
      "item3": 1056,
      "item4": 1026,
      "item5": 1052,
      "item6": 3341,
      "sightWardsBought": 4,
      "visionWardsBought": 2,
      "magicDamageDealtToChampions": 10127,
      "physicalDamageDealtToChampions": 887,
      "totalDamageDealtToChampions": 11015,
      "trueDamageTaken": 162,
      "wardPlaced": 8,
      "neutralMinionsKilledYourJungle": 3,
      "totalTimeCrowdControlDealt": 245
    }
  },
  "25804470": {
    "gameId": 818168847,
    "invalid": false,
    "gameMode": "CLASSIC",
    "gameType": "MATCHED_GAME",
    "subType": "RANKED_SOLO_5x5",
    "mapId": 1,
    "teamId": 100,
    "championId": 23,
    "spell1": 6,
    "spell2": 11,
    "level": 30,
    "ipEarned": 237,
    "createDate": 1398242810862,
    "fellowPlayers": [
      {
        "summonerId": 36629839,
        "teamId": 100,
        "championId": 55
      },
      {
        "summonerId": 35069778,
        "teamId": 200,
        "championId": 15
      },
      {
        "summonerId": 28938665,
        "teamId": 100,
        "championId": 51
      },
      {
        "summonerId": 36703486,
        "teamId": 200,
        "championId": 64
      },
      {
        "summonerId": 30678915,
        "teamId": 200,
        "championId": 99
      },
      {
        "summonerId": 36903014,
        "teamId": 100,
        "championId": 13
      },
      {
        "summonerId": 37292078,
        "teamId": 100,
        "championId": 267
      },
      {
        "summonerId": 27808721,
        "teamId": 200,
        "championId": 7
      },
      {
        "summonerId": 34388623,
        "teamId": 200,
        "championId": 58
      }
    ],
    "stats": {
      "level": 17,
      "goldEarned": 13238,
      "numDeaths": 1,
      "minionsKilled": 30,
      "championsKilled": 13,
      "goldSpent": 11790,
      "totalDamageDealt": 196829,
      "totalDamageTaken": 32751,
      "doubleKills": 5,
      "killingSprees": 1,
      "largestKillingSpree": 13,
      "team": 100,
      "win": true,
      "neutralMinionsKilled": 116,
      "largestMultiKill": 2,
      "physicalDamageDealtPlayer": 137022,
      "magicDamageDealtPlayer": 43708,
      "physicalDamageTaken": 26041,
      "magicDamageTaken": 6280,
      "largestCriticalStrike": 651,
      "timePlayed": 1829,
      "totalHeal": 11011,
      "totalUnitsHealed": 1,
      "assists": 2,
      "item0": 3160,
      "item1": 3153,
      "item2": 3142,
      "item3": 3006,
      "item4": 3035,
      "item5": 1042,
      "item6": 3340,
      "magicDamageDealtToChampions": 1171,
      "physicalDamageDealtToChampions": 13962,
      "totalDamageDealtToChampions": 15843,
      "trueDamageDealtPlayer": 16098,
      "trueDamageDealtToChampions": 710,
      "trueDamageTaken": 428,
      "wardKilled": 1,
      "wardPlaced": 10,
      "neutralMinionsKilledEnemyJungle": 33,
      "neutralMinionsKilledYourJungle": 83,
      "totalTimeCrowdControlDealt": 857
    }
  },
  "34388623": {
    "gameId": 818168847,
    "invalid": false,
    "gameMode": "CLASSIC",
    "gameType": "MATCHED_GAME",
    "subType": "RANKED_SOLO_5x5",
    "mapId": 1,
    "teamId": 200,
    "championId": 58,
    "spell1": 14,
    "spell2": 4,
    "level": 30,
    "ipEarned": 58,
    "createDate": 1398242810869,
    "fellowPlayers": [
      {
        "summonerId": 36629839,
        "teamId": 100,
        "championId": 55
      },
      {
        "summonerId": 35069778,
        "teamId": 200,
        "championId": 15
      },
      {
        "summonerId": 28938665,
        "teamId": 100,
        "championId": 51
      },
      {
        "summonerId": 36703486,
        "teamId": 200,
        "championId": 64
      },
      {
        "summonerId": 30678915,
        "teamId": 200,
        "championId": 99
      },
      {
        "summonerId": 36903014,
        "teamId": 100,
        "championId": 13
      },
      {
        "summonerId": 37292078,
        "teamId": 100,
        "championId": 267
      },
      {
        "summonerId": 25804470,
        "teamId": 100,
        "championId": 23
      },
      {
        "summonerId": 27808721,
        "teamId": 200,
        "championId": 7
      }
    ],
    "stats": {
      "level": 8,
      "goldEarned": 4570,
      "numDeaths": 3,
      "minionsKilled": 37,
      "goldSpent": 2440,
      "totalDamageDealt": 16281,
      "totalDamageTaken": 11192,
      "team": 200,
      "win": false,
      "physicalDamageDealtPlayer": 16255,
      "magicDamageDealtPlayer": 25,
      "physicalDamageTaken": 2648,
      "magicDamageTaken": 8125,
      "timePlayed": 1829,
      "totalHeal": 488,
      "totalUnitsHealed": 1,
      "sightWardsBought": 1,
      "magicDamageDealtToChampions": 25,
      "physicalDamageDealtToChampions": 1507,
      "totalDamageDealtToChampions": 1533,
      "trueDamageTaken": 418,
      "wardPlaced": 3,
      "totalTimeCrowdControlDealt": 4
    }
  },
  "37292078": {
    "gameId": 818168847,
    "invalid": false,
    "gameMode": "CLASSIC",
    "gameType": "MATCHED_GAME",
    "subType": "RANKED_SOLO_5x5",
    "mapId": 1,
    "teamId": 100,
    "championId": 267,
    "spell1": 7,
    "spell2": 4,
    "level": 30,
    "ipEarned": 87,
    "createDate": 1398242810865,
    "fellowPlayers": [
      {
        "summonerId": 36629839,
        "teamId": 100,
        "championId": 55
      },
      {
        "summonerId": 35069778,
        "teamId": 200,
        "championId": 15
      },
      {
        "summonerId": 28938665,
        "teamId": 100,
        "championId": 51
      },
      {
        "summonerId": 36703486,
        "teamId": 200,
        "championId": 64
      },
      {
        "summonerId": 30678915,
        "teamId": 200,
        "championId": 99
      },
      {
        "summonerId": 36903014,
        "teamId": 100,
        "championId": 13
      },
      {
        "summonerId": 25804470,
        "teamId": 100,
        "championId": 23
      },
      {
        "summonerId": 27808721,
        "teamId": 200,
        "championId": 7
      },
      {
        "summonerId": 34388623,
        "teamId": 200,
        "championId": 58
      }
    ],
    "stats": {
      "level": 14,
      "goldEarned": 8973,
      "minionsKilled": 38,
      "championsKilled": 1,
      "goldSpent": 8585,
      "totalDamageDealt": 23142,
      "totalDamageTaken": 7020,
      "team": 100,
      "win": true,
      "largestMultiKill": 1,
      "physicalDamageDealtPlayer": 10893,
      "magicDamageDealtPlayer": 12248,
      "physicalDamageTaken": 5334,
      "magicDamageTaken": 1650,
      "timePlayed": 1829,
      "totalHeal": 5925,
      "totalUnitsHealed": 4,
      "assists": 8,
      "item0": 3092,
      "item1": 2045,
      "item2": 3222,
      "item3": 3047,
      "item4": 3105,
      "item6": 3341,
      "sightWardsBought": 1,
      "magicDamageDealtToChampions": 2655,
      "physicalDamageDealtToChampions": 1021,
      "totalDamageDealtToChampions": 3677,
      "trueDamageTaken": 36,
      "wardKilled": 2,
      "wardPlaced": 13,
      "totalTimeCrowdControlDealt": 168
    }
  },
  "36903014": {
    "gameId": 818168847,
    "invalid": false,
    "gameMode": "CLASSIC",
    "gameType": "MATCHED_GAME",
    "subType": "RANKED_SOLO_5x5",
    "mapId": 1,
    "teamId": 100,
    "championId": 13,
    "spell1": 14,
    "spell2": 4,
    "level": 30,
    "ipEarned": 87,
    "createDate": 1398242810867,
    "fellowPlayers": [
      {
        "summonerId": 36629839,
        "teamId": 100,
        "championId": 55
      },
      {
        "summonerId": 35069778,
        "teamId": 200,
        "championId": 15
      },
      {
        "summonerId": 28938665,
        "teamId": 100,
        "championId": 51
      },
      {
        "summonerId": 36703486,
        "teamId": 200,
        "championId": 64
      },
      {
        "summonerId": 30678915,
        "teamId": 200,
        "championId": 99
      },
      {
        "summonerId": 37292078,
        "teamId": 100,
        "championId": 267
      },
      {
        "summonerId": 25804470,
        "teamId": 100,
        "championId": 23
      },
      {
        "summonerId": 27808721,
        "teamId": 200,
        "championId": 7
      },
      {
        "summonerId": 34388623,
        "teamId": 200,
        "championId": 58
      }
    ],
    "stats": {
      "level": 17,
      "goldEarned": 11497,
      "numDeaths": 2,
      "barracksKilled": 1,
      "turretsKilled": 3,
      "minionsKilled": 176,
      "championsKilled": 4,
      "goldSpent": 9010,
      "totalDamageDealt": 114952,
      "totalDamageTaken": 11198,
      "killingSprees": 1,
      "largestKillingSpree": 2,
      "team": 100,
      "win": true,
      "neutralMinionsKilled": 4,
      "largestMultiKill": 1,
      "physicalDamageDealtPlayer": 37555,
      "magicDamageDealtPlayer": 76675,
      "physicalDamageTaken": 7560,
      "magicDamageTaken": 3506,
      "timePlayed": 1829,
      "assists": 10,
      "item0": 3020,
      "item1": 3040,
      "item2": 3110,
      "item3": 3135,
      "item6": 3340,
      "magicDamageDealtToChampions": 20268,
      "physicalDamageDealtToChampions": 1894,
      "totalDamageDealtToChampions": 22885,
      "trueDamageDealtPlayer": 722,
      "trueDamageDealtToChampions": 722,
      "trueDamageTaken": 132,
      "wardPlaced": 5,
      "neutralMinionsKilledEnemyJungle": 1,
      "neutralMinionsKilledYourJungle": 3,
      "totalTimeCrowdControlDealt": 740
    }
  },
  "28938665": {
    "gameId": 818168847,
    "invalid": false,
    "gameMode": "CLASSIC",
    "gameType": "MATCHED_GAME",
    "subType": "RANKED_SOLO_5x5",
    "mapId": 1,
    "teamId": 100,
    "championId": 51,
    "spell1": 4,
    "spell2": 7,
    "level": 30,
    "ipEarned": 87,
    "createDate": 1398242810864,
    "fellowPlayers": [
      {
        "summonerId": 36629839,
        "teamId": 100,
        "championId": 55
      },
      {
        "summonerId": 35069778,
        "teamId": 200,
        "championId": 15
      },
      {
        "summonerId": 36703486,
        "teamId": 200,
        "championId": 64
      },
      {
        "summonerId": 30678915,
        "teamId": 200,
        "championId": 99
      },
      {
        "summonerId": 36903014,
        "teamId": 100,
        "championId": 13
      },
      {
        "summonerId": 37292078,
        "teamId": 100,
        "championId": 267
      },
      {
        "summonerId": 25804470,
        "teamId": 100,
        "championId": 23
      },
      {
        "summonerId": 27808721,
        "teamId": 200,
        "championId": 7
      },
      {
        "summonerId": 34388623,
        "teamId": 200,
        "championId": 58
      }
    ],
    "stats": {
      "level": 15,
      "goldEarned": 12461,
      "numDeaths": 1,
      "barracksKilled": 1,
      "turretsKilled": 4,
      "minionsKilled": 213,
      "championsKilled": 6,
      "goldSpent": 10055,
      "totalDamageDealt": 155337,
      "totalDamageTaken": 18421,
      "killingSprees": 1,
      "largestKillingSpree": 6,
      "team": 100,
      "win": true,
      "neutralMinionsKilled": 6,
      "largestMultiKill": 1,
      "physicalDamageDealtPlayer": 153210,
      "magicDamageDealtPlayer": 2127,
      "physicalDamageTaken": 13577,
      "magicDamageTaken": 4703,
      "largestCriticalStrike": 1261,
      "timePlayed": 1829,
      "totalHeal": 2617,
      "totalUnitsHealed": 3,
      "assists": 9,
      "item0": 1055,
      "item1": 3031,
      "item2": 1001,
      "item3": 3072,
      "item4": 3086,
      "item5": 3093,
      "item6": 3340,
      "magicDamageDealtToChampions": 1363,
      "physicalDamageDealtToChampions": 16029,
      "totalDamageDealtToChampions": 17393,
      "trueDamageTaken": 139,
      "wardPlaced": 4,
      "neutralMinionsKilledEnemyJungle": 3,
      "neutralMinionsKilledYourJungle": 3,
      "totalTimeCrowdControlDealt": 44
    }
  },
  "36703486": {
    "gameId": 818168847,
    "invalid": false,
    "gameMode": "CLASSIC",
    "gameType": "MATCHED_GAME",
    "subType": "RANKED_SOLO_5x5",
    "mapId": 1,
    "teamId": 200,
    "championId": 64,
    "spell1": 11,
    "spell2": 4,
    "level": 30,
    "ipEarned": 58,
    "createDate": 1398242810871,
    "fellowPlayers": [
      {
        "summonerId": 36629839,
        "teamId": 100,
        "championId": 55
      },
      {
        "summonerId": 35069778,
        "teamId": 200,
        "championId": 15
      },
      {
        "summonerId": 28938665,
        "teamId": 100,
        "championId": 51
      },
      {
        "summonerId": 30678915,
        "teamId": 200,
        "championId": 99
      },
      {
        "summonerId": 36903014,
        "teamId": 100,
        "championId": 13
      },
      {
        "summonerId": 37292078,
        "teamId": 100,
        "championId": 267
      },
      {
        "summonerId": 25804470,
        "teamId": 100,
        "championId": 23
      },
      {
        "summonerId": 27808721,
        "teamId": 200,
        "championId": 7
      },
      {
        "summonerId": 34388623,
        "teamId": 200,
        "championId": 58
      }
    ],
    "stats": {
      "level": 12,
      "goldEarned": 6646,
      "numDeaths": 7,
      "minionsKilled": 36,
      "championsKilled": 3,
      "goldSpent": 5725,
      "totalDamageDealt": 64273,
      "totalDamageTaken": 22960,
      "team": 200,
      "win": false,
      "neutralMinionsKilled": 38,
      "largestMultiKill": 1,
      "physicalDamageDealtPlayer": 37871,
      "magicDamageDealtPlayer": 15425,
      "physicalDamageTaken": 9582,
      "magicDamageTaken": 12870,
      "timePlayed": 1829,
      "totalHeal": 1654,
      "totalUnitsHealed": 1,
      "assists": 1,
      "item0": 3209,
      "item1": 3260,
      "item2": 1011,
      "item3": 3082,
      "item6": 3340,
      "sightWardsBought": 1,
      "magicDamageDealtToChampions": 1419,
      "physicalDamageDealtToChampions": 6470,
      "totalDamageDealtToChampions": 8731,
      "trueDamageDealtPlayer": 10976,
      "trueDamageDealtToChampions": 841,
      "trueDamageTaken": 507,
      "wardPlaced": 9,
      "neutralMinionsKilledEnemyJungle": 3,
      "neutralMinionsKilledYourJungle": 35,
      "totalTimeCrowdControlDealt": 364
    }
  },
  "36629839": {
    "gameId": 818168847,
    "invalid": false,
    "gameMode": "CLASSIC",
    "gameType": "MATCHED_GAME",
    "subType": "RANKED_SOLO_5x5",
    "mapId": 1,
    "teamId": 100,
    "championId": 55,
    "spell1": 4,
    "spell2": 14,
    "level": 30,
    "ipEarned": 87,
    "createDate": 1398242810863,
    "fellowPlayers": [
      {
        "summonerId": 35069778,
        "teamId": 200,
        "championId": 15
      },
      {
        "summonerId": 28938665,
        "teamId": 100,
        "championId": 51
      },
      {
        "summonerId": 36703486,
        "teamId": 200,
        "championId": 64
      },
      {
        "summonerId": 30678915,
        "teamId": 200,
        "championId": 99
      },
      {
        "summonerId": 36903014,
        "teamId": 100,
        "championId": 13
      },
      {
        "summonerId": 37292078,
        "teamId": 100,
        "championId": 267
      },
      {
        "summonerId": 25804470,
        "teamId": 100,
        "championId": 23
      },
      {
        "summonerId": 27808721,
        "teamId": 200,
        "championId": 7
      },
      {
        "summonerId": 34388623,
        "teamId": 200,
        "championId": 58
      }
    ],
    "stats": {
      "level": 16,
      "goldEarned": 11919,
      "numDeaths": 8,
      "turretsKilled": 2,
      "minionsKilled": 137,
      "championsKilled": 11,
      "goldSpent": 11210,
      "totalDamageDealt": 96271,
      "totalDamageTaken": 18053,
      "doubleKills": 1,
      "tripleKills": 1,
      "killingSprees": 4,
      "largestKillingSpree": 3,
      "team": 100,
      "win": true,
      "neutralMinionsKilled": 1,
      "largestMultiKill": 3,
      "physicalDamageDealtPlayer": 13189,
      "magicDamageDealtPlayer": 82626,
      "physicalDamageTaken": 11299,
      "magicDamageTaken": 6025,
      "timePlayed": 1829,
      "totalHeal": 769,
      "totalUnitsHealed": 1,
      "assists": 6,
      "item0": 3136,
      "item1": 3135,
      "item2": 3020,
      "item3": 3001,
      "item4": 3089,
      "item5": 1052,
      "item6": 3340,
      "magicDamageDealtToChampions": 23133,
      "physicalDamageDealtToChampions": 642,
      "totalDamageDealtToChampions": 24230,
      "trueDamageDealtPlayer": 455,
      "trueDamageDealtToChampions": 455,
      "trueDamageTaken": 728,
      "wardKilled": 1,
      "wardPlaced": 2,
      "neutralMinionsKilledEnemyJungle": 1
    }
  },
  "35069778": {
    "gameId": 818168847,
    "invalid": false,
    "gameMode": "CLASSIC",
    "gameType": "MATCHED_GAME",
    "subType": "RANKED_SOLO_5x5",
    "mapId": 1,
    "teamId": 200,
    "championId": 15,
    "spell1": 21,
    "spell2": 4,
    "level": 30,
    "ipEarned": 58,
    "createDate": 1398242810870,
    "fellowPlayers": [
      {
        "summonerId": 36629839,
        "teamId": 100,
        "championId": 55
      },
      {
        "summonerId": 28938665,
        "teamId": 100,
        "championId": 51
      },
      {
        "summonerId": 36703486,
        "teamId": 200,
        "championId": 64
      },
      {
        "summonerId": 30678915,
        "teamId": 200,
        "championId": 99
      },
      {
        "summonerId": 36903014,
        "teamId": 100,
        "championId": 13
      },
      {
        "summonerId": 37292078,
        "teamId": 100,
        "championId": 267
      },
      {
        "summonerId": 25804470,
        "teamId": 100,
        "championId": 23
      },
      {
        "summonerId": 27808721,
        "teamId": 200,
        "championId": 7
      },
      {
        "summonerId": 34388623,
        "teamId": 200,
        "championId": 58
      }
    ],
    "stats": {
      "level": 14,
      "goldEarned": 8176,
      "numDeaths": 8,
      "minionsKilled": 167,
      "championsKilled": 1,
      "goldSpent": 7680,
      "totalDamageDealt": 109462,
      "totalDamageTaken": 17557,
      "team": 200,
      "win": false,
      "neutralMinionsKilled": 1,
      "largestMultiKill": 1,
      "physicalDamageDealtPlayer": 106507,
      "magicDamageDealtPlayer": 2954,
      "physicalDamageTaken": 8925,
      "magicDamageTaken": 8299,
      "largestCriticalStrike": 404,
      "timePlayed": 1829,
      "totalHeal": 337,
      "totalUnitsHealed": 1,
      "assists": 4,
      "item0": 3072,
      "item1": 3087,
      "item2": 1018,
      "item3": 3006,
      "item6": 3340,
      "magicDamageDealtToChampions": 760,
      "physicalDamageDealtToChampions": 17057,
      "totalDamageDealtToChampions": 17818,
      "trueDamageTaken": 332,
      "wardPlaced": 7,
      "neutralMinionsKilledYourJungle": 1
    }
  }
}