{
  "35529532": {
    "gameId": 818162660,
    "invalid": false,
    "gameMode": "CLASSIC",
    "gameType": "MATCHED_GAME",
    "subType": "NORMAL",
    "mapId": 1,
    "teamId": 100,
    "championId": 15,
    "spell1": 7,
    "spell2": 4,
    "level": 30,
    "ipEarned": 51,
    "createDate": 1398242634408,
    "fellowPlayers": [
      {
        "summonerId": 30118846,
        "teamId": 200,
        "championId": 115
      },
      {
        "summonerId": 40906084,
        "teamId": 200,
        "championId": 23
      },
      {
        "summonerId": 31954006,
        "teamId": 100,
        "championId": 143
      },
      {
        "summonerId": 38249200,
        "teamId": 100,
        "championId": 254
      },
      {
        "summonerId": 43153166,
        "teamId": 200,
        "championId": 64
      },
      {
        "summonerId": 30880522,
        "teamId": 100,
        "championId": 39
      },
      {
        "summonerId": 23813907,
        "teamId": 200,
        "championId": 10
      },
      {
        "summonerId": 30851342,
        "teamId": 200,
        "championId": 238
      },
      {
        "summonerId": 33633660,
        "teamId": 100,
        "championId": 115
      }
    ],
    "stats": {
      "level": 9,
      "goldEarned": 4834,
      "numDeaths": 5,
      "minionsKilled": 77,
      "championsKilled": 1,
      "goldSpent": 4550,
      "totalDamageDealt": 41284,
      "totalDamageTaken": 10727,
      "team": 100,
      "win": false,
      "neutralMinionsKilled": 1,
      "largestMultiKill": 1,
      "physicalDamageDealtPlayer": 41284,
      "physicalDamageTaken": 6463,
      "magicDamageTaken": 3539,
      "timePlayed": 1214,
      "totalHeal": 923,
      "totalUnitsHealed": 2,
      "assists": 3,
      "item0": 1055,
      "item1": 1053,
      "item2": 2003,
      "item3": 3006,
      "item4": 1055,
      "item5": 1038,
      "item6": 3340,
      "physicalDamageDealtToChampions": 4450,
      "totalDamageDealtToChampions": 4450,
      "trueDamageTaken": 724,
      "wardPlaced": 5,
      "neutralMinionsKilledYourJungle": 1
    }
  },
  "summonerCount": 10,
  "43153166": {
    "gameId": 818162660,
    "invalid": false,
    "gameMode": "CLASSIC",
    "gameType": "MATCHED_GAME",
    "subType": "NORMAL",
    "mapId": 1,
    "teamId": 200,
    "championId": 64,
    "spell1": 4,
    "spell2": 14,
    "level": 30,
    "ipEarned": 76,
    "createDate": 1398242634415,
    "fellowPlayers": [
      {
        "summonerId": 30118846,
        "teamId": 200,
        "championId": 115
      },
      {
        "summonerId": 40906084,
        "teamId": 200,
        "championId": 23
      },
      {
        "summonerId": 31954006,
        "teamId": 100,
        "championId": 143
      },
      {
        "summonerId": 38249200,
        "teamId": 100,
        "championId": 254
      },
      {
        "summonerId": 30880522,
        "teamId": 100,
        "championId": 39
      },
      {
        "summonerId": 35529532,
        "teamId": 100,
        "championId": 15
      },
      {
        "summonerId": 23813907,
        "teamId": 200,
        "championId": 10
      },
      {
        "summonerId": 30851342,
        "teamId": 200,
        "championId": 238
      },
      {
        "summonerId": 33633660,
        "teamId": 100,
        "championId": 115
      }
    ],
    "stats": {
      "level": 10,
      "goldEarned": 6165,
      "numDeaths": 3,
      "minionsKilled": 38,
      "championsKilled": 4,
      "goldSpent": 4505,
      "totalDamageDealt": 27009,
      "totalDamageTaken": 9342,
      "team": 200,
      "win": true,
      "neutralMinionsKilled": 1,
      "largestMultiKill": 1,
      "physicalDamageDealtPlayer": 21060,
      "magicDamageDealtPlayer": 5662,
      "physicalDamageTaken": 6636,
      "magicDamageTaken": 1791,
      "timePlayed": 1214,
      "totalHeal": 1618,
      "totalUnitsHealed": 1,
      "assists": 9,
      "item1": 1055,
      "item2": 3082,
      "item3": 3111,
      "item4": 1053,
      "item5": 1055,
      "item6": 3340,
      "sightWardsBought": 6,
      "magicDamageDealtToChampions": 940,
      "physicalDamageDealtToChampions": 5343,
      "totalDamageDealtToChampions": 6569,
      "trueDamageDealtPlayer": 286,
      "trueDamageDealtToChampions": 286,
      "trueDamageTaken": 915,
      "wardPlaced": 10,
      "neutralMinionsKilledEnemyJungle": 1,
      "totalTimeCrowdControlDealt": 313
    }
  },
  "40906084": {
    "gameId": 818162660,
    "invalid": false,
    "gameMode": "CLASSIC",
    "gameType": "MATCHED_GAME",
    "subType": "NORMAL",
    "mapId": 1,
    "teamId": 200,
    "championId": 23,
    "spell1": 4,
    "spell2": 14,
    "level": 30,
    "ipEarned": 76,
    "createDate": 1398242634417,
    "fellowPlayers": [
      {
        "summonerId": 30118846,
        "teamId": 200,
        "championId": 115
      },
      {
        "summonerId": 31954006,
        "teamId": 100,
        "championId": 143
      },
      {
        "summonerId": 38249200,
        "teamId": 100,
        "championId": 254
      },
      {
        "summonerId": 43153166,
        "teamId": 200,
        "championId": 64
      },
      {
        "summonerId": 30880522,
        "teamId": 100,
        "championId": 39
      },
      {
        "summonerId": 35529532,
        "teamId": 100,
        "championId": 15
      },
      {
        "summonerId": 23813907,
        "teamId": 200,
        "championId": 10
      },
      {
        "summonerId": 30851342,
        "teamId": 200,
        "championId": 238
      },
      {
        "summonerId": 33633660,
        "teamId": 100,
        "championId": 115
      }
    ],
    "stats": {
      "level": 12,
      "goldEarned": 6105,
      "minionsKilled": 146,
      "goldSpent": 4140,
      "totalDamageDealt": 74206,
      "totalDamageTaken": 15529,
      "team": 200,
      "win": true,
      "physicalDamageDealtPlayer": 73250,
      "magicDamageDealtPlayer": 206,
      "physicalDamageTaken": 11609,
      "magicDamageTaken": 1640,
      "largestCriticalStrike": 367,
      "timePlayed": 1214,
      "totalHeal": 4692,
      "totalUnitsHealed": 1,
      "item0": 1054,
      "item1": 3153,
      "item2": 2003,
      "item3": 1001,
      "item6": 3340,
      "magicDamageDealtToChampions": 206,
      "physicalDamageDealtToChampions": 7831,
      "totalDamageDealtToChampions": 8788,
      "trueDamageDealtPlayer": 750,
      "trueDamageDealtToChampions": 750,
      "trueDamageTaken": 2280,
      "wardPlaced": 6,
      "totalTimeCrowdControlDealt": 31
    }
  },
  "38249200": {
    "gameId": 818162660,
    "invalid": false,
    "gameMode": "CLASSIC",
    "gameType": "MATCHED_GAME",
    "subType": "NORMAL",
    "mapId": 1,
    "teamId": 100,
    "championId": 254,
    "spell1": 11,
    "spell2": 4,
    "level": 30,
    "ipEarned": 51,
    "createDate": 1398242634409,
    "fellowPlayers": [
      {
        "summonerId": 30118846,
        "teamId": 200,
        "championId": 115
      },
      {
        "summonerId": 40906084,
        "teamId": 200,
        "championId": 23
      },
      {
        "summonerId": 31954006,
        "teamId": 100,
        "championId": 143
      },
      {
        "summonerId": 43153166,
        "teamId": 200,
        "championId": 64
      },
      {
        "summonerId": 30880522,
        "teamId": 100,
        "championId": 39
      },
      {
        "summonerId": 35529532,
        "teamId": 100,
        "championId": 15
      },
      {
        "summonerId": 23813907,
        "teamId": 200,
        "championId": 10
      },
      {
        "summonerId": 30851342,
        "teamId": 200,
        "championId": 238
      },
      {
        "summonerId": 33633660,
        "teamId": 100,
        "championId": 115
      }
    ],
    "stats": {
      "level": 11,
      "goldEarned": 6098,
      "numDeaths": 4,
      "minionsKilled": 23,
      "championsKilled": 6,
      "goldSpent": 5192,
      "totalDamageDealt": 61579,
      "totalDamageTaken": 12583,
      "killingSprees": 1,
      "largestKillingSpree": 4,
      "team": 100,
      "win": false,
      "neutralMinionsKilled": 38,
      "largestMultiKill": 1,
      "physicalDamageDealtPlayer": 52716,
      "magicDamageDealtPlayer": 1008,
      "physicalDamageTaken": 6816,
      "magicDamageTaken": 5430,
      "timePlayed": 1214,
      "totalHeal": 2055,
      "totalUnitsHealed": 1,
      "assists": 1,
      "item0": 3047,
      "item1": 2003,
      "item2": 3209,
      "item3": 3134,
      "item4": 1028,
      "item6": 3340,
      "physicalDamageDealtToChampions": 7983,
      "totalDamageDealtToChampions": 8892,
      "trueDamageDealtPlayer": 7853,
      "trueDamageDealtToChampions": 908,
      "trueDamageTaken": 336,
      "wardPlaced": 4,
      "neutralMinionsKilledEnemyJungle": 11,
      "neutralMinionsKilledYourJungle": 27,
      "totalTimeCrowdControlDealt": 233
    }
  },
  "30880522": {
    "gameId": 818162660,
    "invalid": false,
    "gameMode": "CLASSIC",
    "gameType": "MATCHED_GAME",
    "subType": "NORMAL",
    "mapId": 1,
    "teamId": 100,
    "championId": 39,
    "spell1": 14,
    "spell2": 4,
    "level": 30,
    "ipEarned": 51,
    "createDate": 1398242634410,
    "fellowPlayers": [
      {
        "summonerId": 30118846,
        "teamId": 200,
        "championId": 115
      },
      {
        "summonerId": 40906084,
        "teamId": 200,
        "championId": 23
      },
      {
        "summonerId": 31954006,
        "teamId": 100,
        "championId": 143
      },
      {
        "summonerId": 38249200,
        "teamId": 100,
        "championId": 254
      },
      {
        "summonerId": 43153166,
        "teamId": 200,
        "championId": 64
      },
      {
        "summonerId": 35529532,
        "teamId": 100,
        "championId": 15
      },
      {
        "summonerId": 23813907,
        "teamId": 200,
        "championId": 10
      },
      {
        "summonerId": 30851342,
        "teamId": 200,
        "championId": 238
      },
      {
        "summonerId": 33633660,
        "teamId": 100,
        "championId": 115
      }
    ],
    "stats": {
      "level": 11,
      "goldEarned": 5571,
      "numDeaths": 1,
      "minionsKilled": 145,
      "goldSpent": 5403,
      "totalDamageDealt": 59062,
      "totalDamageTaken": 14201,
      "team": 100,
      "win": false,
      "neutralMinionsKilled": 2,
      "physicalDamageDealtPlayer": 48222,
      "magicDamageDealtPlayer": 1779,
      "physicalDamageTaken": 12813,
      "magicDamageTaken": 638,
      "timePlayed": 1214,
      "totalHeal": 5674,
      "totalUnitsHealed": 1,
      "item0": 2041,
      "item1": 3078,
      "item2": 3047,
      "item6": 3340,
      "sightWardsBought": 1,
      "magicDamageDealtToChampions": 1691,
      "physicalDamageDealtToChampions": 6380,
      "totalDamageDealtToChampions": 10502,
      "trueDamageDealtPlayer": 9060,
      "trueDamageDealtToChampions": 2430,
      "trueDamageTaken": 750,
      "wardPlaced": 2,
      "neutralMinionsKilledEnemyJungle": 2,
      "totalTimeCrowdControlDealt": 30
    }
  },
  "23813907": {
    "gameId": 818162660,
    "invalid": false,
    "gameMode": "CLASSIC",
    "gameType": "MATCHED_GAME",
    "subType": "NORMAL",
    "mapId": 1,
    "teamId": 200,
    "championId": 10,
    "spell1": 4,
    "spell2": 14,
    "level": 30,
    "ipEarned": 226,
    "createDate": 1398242634416,
    "fellowPlayers": [
      {
        "summonerId": 30118846,
        "teamId": 200,
        "championId": 115
      },
      {
        "summonerId": 40906084,
        "teamId": 200,
        "championId": 23
      },
      {
        "summonerId": 31954006,
        "teamId": 100,
        "championId": 143
      },
      {
        "summonerId": 38249200,
        "teamId": 100,
        "championId": 254
      },
      {
        "summonerId": 43153166,
        "teamId": 200,
        "championId": 64
      },
      {
        "summonerId": 30880522,
        "teamId": 100,
        "championId": 39
      },
      {
        "summonerId": 35529532,
        "teamId": 100,
        "championId": 15
      },
      {
        "summonerId": 30851342,
        "teamId": 200,
        "championId": 238
      },
      {
        "summonerId": 33633660,
        "teamId": 100,
        "championId": 115
      }
    ],
    "stats": {
      "level": 10,
      "goldEarned": 6017,
      "numDeaths": 2,
      "turretsKilled": 1,
      "minionsKilled": 33,
      "championsKilled": 5,
      "goldSpent": 4755,
      "totalDamageDealt": 37820,
      "totalDamageTaken": 8888,
      "killingSprees": 1,
      "largestKillingSpree": 5,
      "team": 200,
      "win": true,
      "neutralMinionsKilled": 15,
      "largestMultiKill": 1,
      "physicalDamageDealtPlayer": 11758,
      "magicDamageDealtPlayer": 25008,
      "physicalDamageTaken": 7879,
      "magicDamageTaken": 667,
      "timePlayed": 1214,
      "totalHeal": 1860,
      "totalUnitsHealed": 3,
      "assists": 6,
      "item0": 3115,
      "item1": 3254,
      "item2": 1004,
      "item6": 3340,
      "magicDamageDealtToChampions": 4003,
      "physicalDamageDealtToChampions": 1527,
      "totalDamageDealtToChampions": 6348,
      "trueDamageDealtPlayer": 1054,
      "trueDamageDealtToChampions": 818,
      "trueDamageTaken": 342,
      "wardPlaced": 6,
      "neutralMinionsKilledEnemyJungle": 1,
      "neutralMinionsKilledYourJungle": 14,
      "totalTimeCrowdControlDealt": 151
    }
  },
  "30118846": {
    "gameId": 818162660,
    "invalid": false,
    "gameMode": "CLASSIC",
    "gameType": "MATCHED_GAME",
    "subType": "NORMAL",
    "mapId": 1,
    "teamId": 200,
    "championId": 115,
    "spell1": 7,
    "spell2": 4,
    "level": 30,
    "ipEarned": 226,
    "createDate": 1398242634413,
    "fellowPlayers": [
      {
        "summonerId": 40906084,
        "teamId": 200,
        "championId": 23
      },
      {
        "summonerId": 31954006,
        "teamId": 100,
        "championId": 143
      },
      {
        "summonerId": 38249200,
        "teamId": 100,
        "championId": 254
      },
      {
        "summonerId": 43153166,
        "teamId": 200,
        "championId": 64
      },
      {
        "summonerId": 30880522,
        "teamId": 100,
        "championId": 39
      },
      {
        "summonerId": 35529532,
        "teamId": 100,
        "championId": 15
      },
      {
        "summonerId": 23813907,
        "teamId": 200,
        "championId": 10
      },
      {
        "summonerId": 30851342,
        "teamId": 200,
        "championId": 238
      },
      {
        "summonerId": 33633660,
        "teamId": 100,
        "championId": 115
      }
    ],
    "stats": {
      "level": 13,
      "goldEarned": 7986,
      "numDeaths": 1,
      "turretsKilled": 1,
      "minionsKilled": 126,
      "championsKilled": 6,
      "goldSpent": 7250,
      "totalDamageDealt": 72912,
      "totalDamageTaken": 8188,
      "killingSprees": 1,
      "largestKillingSpree": 5,
      "team": 200,
      "win": true,
      "largestMultiKill": 1,
      "physicalDamageDealtPlayer": 15211,
      "magicDamageDealtPlayer": 57700,
      "physicalDamageTaken": 4816,
      "magicDamageTaken": 2827,
      "timePlayed": 1214,
      "totalHeal": 1207,
      "totalUnitsHealed": 1,
      "assists": 3,
      "item0": 1056,
      "item1": 3174,
      "item2": 1058,
      "item3": 3020,
      "item4": 2003,
      "item5": 3057,
      "item6": 3340,
      "magicDamageDealtToChampions": 13047,
      "physicalDamageDealtToChampions": 1086,
      "totalDamageDealtToChampions": 14133,
      "trueDamageTaken": 544,
      "wardPlaced": 3,
      "totalTimeCrowdControlDealt": 158
    }
  },
  "33633660": {
    "gameId": 818162660,
    "invalid": false,
    "gameMode": "CLASSIC",
    "gameType": "MATCHED_GAME",
    "subType": "NORMAL",
    "mapId": 1,
    "teamId": 100,
    "championId": 115,
    "spell1": 14,
    "spell2": 4,
    "level": 28,
    "ipEarned": 51,
    "createDate": 1398242634411,
    "fellowPlayers": [
      {
        "summonerId": 30118846,
        "teamId": 200,
        "championId": 115
      },
      {
        "summonerId": 40906084,
        "teamId": 200,
        "championId": 23
      },
      {
        "summonerId": 31954006,
        "teamId": 100,
        "championId": 143
      },
      {
        "summonerId": 38249200,
        "teamId": 100,
        "championId": 254
      },
      {
        "summonerId": 43153166,
        "teamId": 200,
        "championId": 64
      },
      {
        "summonerId": 30880522,
        "teamId": 100,
        "championId": 39
      },
      {
        "summonerId": 35529532,
        "teamId": 100,
        "championId": 15
      },
      {
        "summonerId": 23813907,
        "teamId": 200,
        "championId": 10
      },
      {
        "summonerId": 30851342,
        "teamId": 200,
        "championId": 238
      }
    ],
    "stats": {
      "level": 9,
      "goldEarned": 4310,
      "numDeaths": 4,
      "minionsKilled": 40,
      "championsKilled": 2,
      "goldSpent": 2895,
      "totalDamageDealt": 26548,
      "totalDamageTaken": 8178,
      "team": 100,
      "win": false,
      "neutralMinionsKilled": 1,
      "largestMultiKill": 1,
      "physicalDamageDealtPlayer": 6391,
      "magicDamageDealtPlayer": 19944,
      "physicalDamageTaken": 2597,
      "magicDamageTaken": 5491,
      "timePlayed": 1214,
      "totalHeal": 30,
      "totalUnitsHealed": 1,
      "assists": 1,
      "item0": 1056,
      "item1": 1056,
      "item2": 3028,
      "item3": 1001,
      "item4": 3108,
      "item6": 3340,
      "magicDamageDealtToChampions": 4552,
      "physicalDamageDealtToChampions": 825,
      "totalDamageDealtToChampions": 5590,
      "trueDamageDealtPlayer": 212,
      "trueDamageDealtToChampions": 212,
      "trueDamageTaken": 90,
      "wardPlaced": 4,
      "neutralMinionsKilledYourJungle": 1,
      "totalTimeCrowdControlDealt": 119
    }
  },
  "31954006": {
    "gameId": 818162660,
    "invalid": false,
    "gameMode": "CLASSIC",
    "gameType": "MATCHED_GAME",
    "subType": "NORMAL",
    "mapId": 1,
    "teamId": 100,
    "championId": 143,
    "spell1": 3,
    "spell2": 4,
    "level": 30,
    "ipEarned": 51,
    "createDate": 1398242634412,
    "fellowPlayers": [
      {
        "summonerId": 30118846,
        "teamId": 200,
        "championId": 115
      },
      {
        "summonerId": 40906084,
        "teamId": 200,
        "championId": 23
      },
      {
        "summonerId": 38249200,
        "teamId": 100,
        "championId": 254
      },
      {
        "summonerId": 43153166,
        "teamId": 200,
        "championId": 64
      },
      {
        "summonerId": 30880522,
        "teamId": 100,
        "championId": 39
      },
      {
        "summonerId": 35529532,
        "teamId": 100,
        "championId": 15
      },
      {
        "summonerId": 23813907,
        "teamId": 200,
        "championId": 10
      },
      {
        "summonerId": 30851342,
        "teamId": 200,
        "championId": 238
      },
      {
        "summonerId": 33633660,
        "teamId": 100,
        "championId": 115
      }
    ],
    "stats": {
      "level": 8,
      "goldEarned": 4142,
      "numDeaths": 5,
      "minionsKilled": 10,
      "championsKilled": 1,
      "goldSpent": 3850,
      "totalDamageDealt": 10856,
      "totalDamageTaken": 7004,
      "team": 100,
      "win": false,
      "largestMultiKill": 1,
      "physicalDamageDealtPlayer": 2294,
      "magicDamageDealtPlayer": 7807,
      "physicalDamageTaken": 2997,
      "magicDamageTaken": 3545,
      "timePlayed": 1214,
      "totalHeal": 578,
      "totalUnitsHealed": 1,
      "assists": 2,
      "item0": 3096,
      "item1": 3082,
      "item2": 1011,
      "item3": 2043,
      "item6": 3340,
      "sightWardsBought": 2,
      "visionWardsBought": 1,
      "magicDamageDealtToChampions": 3522,
      "physicalDamageDealtToChampions": 613,
      "totalDamageDealtToChampions": 4890,
      "trueDamageDealtPlayer": 754,
      "trueDamageDealtToChampions": 754,
      "trueDamageTaken": 462,
      "wardPlaced": 2,
      "totalTimeCrowdControlDealt": 140
    }
  },
  "35529532": {
    "gameId": 818162660,
    "invalid": false,
    "gameMode": "CLASSIC",
    "gameType": "MATCHED_GAME",
    "subType": "NORMAL",
    "mapId": 1,
    "teamId": 100,
    "championId": 15,
    "spell1": 7,
    "spell2": 4,
    "level": 30,
    "ipEarned": 51,
    "createDate": 1398242634408,
    "fellowPlayers": [
      {
        "summonerId": 30118846,
        "teamId": 200,
        "championId": 115
      },
      {
        "summonerId": 40906084,
        "teamId": 200,
        "championId": 23
      },
      {
        "summonerId": 31954006,
        "teamId": 100,
        "championId": 143
      },
      {
        "summonerId": 38249200,
        "teamId": 100,
        "championId": 254
      },
      {
        "summonerId": 43153166,
        "teamId": 200,
        "championId": 64
      },
      {
        "summonerId": 30880522,
        "teamId": 100,
        "championId": 39
      },
      {
        "summonerId": 23813907,
        "teamId": 200,
        "championId": 10
      },
      {
        "summonerId": 30851342,
        "teamId": 200,
        "championId": 238
      },
      {
        "summonerId": 33633660,
        "teamId": 100,
        "championId": 115
      }
    ],
    "stats": {
      "level": 9,
      "goldEarned": 4834,
      "numDeaths": 5,
      "minionsKilled": 77,
      "championsKilled": 1,
      "goldSpent": 4550,
      "totalDamageDealt": 41284,
      "totalDamageTaken": 10727,
      "team": 100,
      "win": false,
      "neutralMinionsKilled": 1,
      "largestMultiKill": 1,
      "physicalDamageDealtPlayer": 41284,
      "physicalDamageTaken": 6463,
      "magicDamageTaken": 3539,
      "timePlayed": 1214,
      "totalHeal": 923,
      "totalUnitsHealed": 2,
      "assists": 3,
      "item0": 1055,
      "item1": 1053,
      "item2": 2003,
      "item3": 3006,
      "item4": 1055,
      "item5": 1038,
      "item6": 3340,
      "physicalDamageDealtToChampions": 4450,
      "totalDamageDealtToChampions": 4450,
      "trueDamageTaken": 724,
      "wardPlaced": 5,
      "neutralMinionsKilledYourJungle": 1
    }
  }
}