{
  "31218550": {
    "gameId": 818160891,
    "invalid": false,
    "gameMode": "CLASSIC",
    "gameType": "MATCHED_GAME",
    "subType": "RANKED_SOLO_5x5",
    "mapId": 1,
    "teamId": 100,
    "championId": 29,
    "spell1": 4,
    "spell2": 7,
    "level": 30,
    "ipEarned": 99,
    "createDate": 1398242996158,
    "fellowPlayers": [
      {
        "summonerId": 34838800,
        "teamId": 100,
        "championId": 40
      },
      {
        "summonerId": 42341970,
        "teamId": 100,
        "championId": 105
      },
      {
        "summonerId": 33584577,
        "teamId": 200,
        "championId": 110
      },
      {
        "summonerId": 36905647,
        "teamId": 200,
        "championId": 121
      },
      {
        "summonerId": 23975775,
        "teamId": 200,
        "championId": 32
      },
      {
        "summonerId": 36517883,
        "teamId": 100,
        "championId": 13
      },
      {
        "summonerId": 22228941,
        "teamId": 100,
        "championId": 64
      },
      {
        "summonerId": 32305361,
        "teamId": 200,
        "championId": 7
      },
      {
        "summonerId": 29581847,
        "teamId": 200,
        "championId": 106
      }
    ],
    "stats": {
      "level": 16,
      "goldEarned": 13429,
      "numDeaths": 5,
      "turretsKilled": 4,
      "minionsKilled": 142,
      "championsKilled": 7,
      "goldSpent": 19650,
      "totalDamageDealt": 124020,
      "totalDamageTaken": 22530,
      "killingSprees": 2,
      "largestKillingSpree": 4,
      "team": 100,
      "win": true,
      "neutralMinionsKilled": 21,
      "largestMultiKill": 1,
      "physicalDamageDealtPlayer": 113840,
      "physicalDamageTaken": 17506,
      "magicDamageTaken": 4278,
      "largestCriticalStrike": 905,
      "timePlayed": 2108,
      "totalHeal": 5260,
      "totalUnitsHealed": 3,
      "assists": 17,
      "item0": 1055,
      "item1": 3031,
      "item2": 3046,
      "item3": 3072,
      "item4": 3006,
      "item5": 1037,
      "item6": 3340,
      "physicalDamageDealtToChampions": 20011,
      "totalDamageDealtToChampions": 25217,
      "trueDamageDealtPlayer": 10180,
      "trueDamageDealtToChampions": 5206,
      "trueDamageTaken": 746,
      "wardKilled": 2,
      "wardPlaced": 10,
      "neutralMinionsKilledEnemyJungle": 9,
      "neutralMinionsKilledYourJungle": 12,
      "totalTimeCrowdControlDealt": 440
    }
  },
  "summonerCount": 10,
  "22228941": {
    "gameId": 818160891,
    "invalid": false,
    "gameMode": "CLASSIC",
    "gameType": "MATCHED_GAME",
    "subType": "RANKED_SOLO_5x5",
    "mapId": 1,
    "teamId": 100,
    "championId": 64,
    "spell1": 4,
    "spell2": 11,
    "level": 30,
    "ipEarned": 99,
    "createDate": 1398242996163,
    "fellowPlayers": [
      {
        "summonerId": 34838800,
        "teamId": 100,
        "championId": 40
      },
      {
        "summonerId": 42341970,
        "teamId": 100,
        "championId": 105
      },
      {
        "summonerId": 31218550,
        "teamId": 100,
        "championId": 29
      },
      {
        "summonerId": 33584577,
        "teamId": 200,
        "championId": 110
      },
      {
        "summonerId": 36905647,
        "teamId": 200,
        "championId": 121
      },
      {
        "summonerId": 23975775,
        "teamId": 200,
        "championId": 32
      },
      {
        "summonerId": 36517883,
        "teamId": 100,
        "championId": 13
      },
      {
        "summonerId": 32305361,
        "teamId": 200,
        "championId": 7
      },
      {
        "summonerId": 29581847,
        "teamId": 200,
        "championId": 106
      }
    ],
    "stats": {
      "level": 17,
      "goldEarned": 14161,
      "numDeaths": 7,
      "barracksKilled": 2,
      "turretsKilled": 2,
      "minionsKilled": 96,
      "championsKilled": 11,
      "goldSpent": 12280,
      "totalDamageDealt": 214591,
      "totalDamageTaken": 38288,
      "doubleKills": 1,
      "killingSprees": 2,
      "largestKillingSpree": 6,
      "team": 100,
      "win": true,
      "neutralMinionsKilled": 91,
      "largestMultiKill": 2,
      "physicalDamageDealtPlayer": 145405,
      "magicDamageDealtPlayer": 51745,
      "physicalDamageTaken": 23030,
      "magicDamageTaken": 14625,
      "timePlayed": 2108,
      "totalHeal": 3025,
      "totalUnitsHealed": 1,
      "assists": 18,
      "item0": 3072,
      "item1": 3143,
      "item2": 3074,
      "item3": 3117,
      "item4": 1011,
      "item5": 1028,
      "item6": 3340,
      "magicDamageDealtToChampions": 7398,
      "physicalDamageDealtToChampions": 28755,
      "totalDamageDealtToChampions": 37449,
      "trueDamageDealtPlayer": 17440,
      "trueDamageDealtToChampions": 1294,
      "trueDamageTaken": 632,
      "wardPlaced": 6,
      "neutralMinionsKilledEnemyJungle": 27,
      "neutralMinionsKilledYourJungle": 64,
      "totalTimeCrowdControlDealt": 1246
    }
  },
  "23975775": {
    "gameId": 818160891,
    "invalid": false,
    "gameMode": "CLASSIC",
    "gameType": "MATCHED_GAME",
    "subType": "RANKED_SOLO_5x5",
    "mapId": 1,
    "teamId": 200,
    "championId": 32,
    "spell1": 4,
    "spell2": 11,
    "level": 30,
    "ipEarned": 65,
    "createDate": 1398242996168,
    "fellowPlayers": [
      {
        "summonerId": 34838800,
        "teamId": 100,
        "championId": 40
      },
      {
        "summonerId": 42341970,
        "teamId": 100,
        "championId": 105
      },
      {
        "summonerId": 31218550,
        "teamId": 100,
        "championId": 29
      },
      {
        "summonerId": 33584577,
        "teamId": 200,
        "championId": 110
      },
      {
        "summonerId": 36905647,
        "teamId": 200,
        "championId": 121
      },
      {
        "summonerId": 36517883,
        "teamId": 100,
        "championId": 13
      },
      {
        "summonerId": 22228941,
        "teamId": 100,
        "championId": 64
      },
      {
        "summonerId": 32305361,
        "teamId": 200,
        "championId": 7
      },
      {
        "summonerId": 29581847,
        "teamId": 200,
        "championId": 106
      }
    ],
    "stats": {
      "level": 14,
      "goldEarned": 8238,
      "numDeaths": 10,
      "minionsKilled": 29,
      "championsKilled": 1,
      "goldSpent": 7725,
      "totalDamageDealt": 107559,
      "totalDamageTaken": 35295,
      "team": 200,
      "win": false,
      "neutralMinionsKilled": 60,
      "largestMultiKill": 1,
      "physicalDamageDealtPlayer": 18541,
      "magicDamageDealtPlayer": 79242,
      "physicalDamageTaken": 20704,
      "magicDamageTaken": 12378,
      "timePlayed": 2108,
      "totalHeal": 3349,
      "totalUnitsHealed": 1,
      "assists": 7,
      "item0": 3207,
      "item1": 3047,
      "item2": 3068,
      "item3": 2003,
      "item4": 3082,
      "item6": 3340,
      "sightWardsBought": 5,
      "magicDamageDealtToChampions": 12042,
      "physicalDamageDealtToChampions": 1250,
      "totalDamageDealtToChampions": 13521,
      "trueDamageDealtPlayer": 9776,
      "trueDamageDealtToChampions": 228,
      "trueDamageTaken": 2213,
      "wardPlaced": 13,
      "neutralMinionsKilledEnemyJungle": 4,
      "neutralMinionsKilledYourJungle": 56,
      "totalTimeCrowdControlDealt": 226
    }
  },
  "36905647": {
    "gameId": 818160891,
    "invalid": false,
    "gameMode": "CLASSIC",
    "gameType": "MATCHED_GAME",
    "subType": "RANKED_SOLO_5x5",
    "mapId": 1,
    "teamId": 200,
    "championId": 121,
    "spell1": 14,
    "spell2": 4,
    "level": 30,
    "ipEarned": 65,
    "createDate": 1398242996164,
    "fellowPlayers": [
      {
        "summonerId": 34838800,
        "teamId": 100,
        "championId": 40
      },
      {
        "summonerId": 42341970,
        "teamId": 100,
        "championId": 105
      },
      {
        "summonerId": 31218550,
        "teamId": 100,
        "championId": 29
      },
      {
        "summonerId": 33584577,
        "teamId": 200,
        "championId": 110
      },
      {
        "summonerId": 23975775,
        "teamId": 200,
        "championId": 32
      },
      {
        "summonerId": 36517883,
        "teamId": 100,
        "championId": 13
      },
      {
        "summonerId": 22228941,
        "teamId": 100,
        "championId": 64
      },
      {
        "summonerId": 32305361,
        "teamId": 200,
        "championId": 7
      },
      {
        "summonerId": 29581847,
        "teamId": 200,
        "championId": 106
      }
    ],
    "stats": {
      "level": 16,
      "goldEarned": 10700,
      "numDeaths": 8,
      "minionsKilled": 127,
      "championsKilled": 10,
      "goldSpent": 10735,
      "totalDamageDealt": 92880,
      "totalDamageTaken": 32981,
      "killingSprees": 4,
      "largestKillingSpree": 2,
      "team": 200,
      "win": false,
      "neutralMinionsKilled": 1,
      "largestMultiKill": 1,
      "physicalDamageDealtPlayer": 89456,
      "magicDamageDealtPlayer": 1953,
      "physicalDamageTaken": 11275,
      "magicDamageTaken": 21118,
      "timePlayed": 2108,
      "totalHeal": 3684,
      "totalUnitsHealed": 1,
      "assists": 3,
      "item0": 1053,
      "item1": 3156,
      "item2": 3265,
      "item3": 3071,
      "item4": 1036,
      "item5": 1037,
      "item6": 3340,
      "magicDamageDealtToChampions": 1953,
      "physicalDamageDealtToChampions": 19911,
      "totalDamageDealtToChampions": 23335,
      "trueDamageDealtPlayer": 1470,
      "trueDamageDealtToChampions": 1470,
      "trueDamageTaken": 588,
      "wardPlaced": 8,
      "neutralMinionsKilledEnemyJungle": 1,
      "totalTimeCrowdControlDealt": 458
    }
  },
  "29581847": {
    "gameId": 818160891,
    "invalid": false,
    "gameMode": "CLASSIC",
    "gameType": "MATCHED_GAME",
    "subType": "RANKED_SOLO_5x5",
    "mapId": 1,
    "teamId": 200,
    "championId": 106,
    "spell1": 7,
    "spell2": 4,
    "level": 30,
    "ipEarned": 65,
    "createDate": 1398242996165,
    "fellowPlayers": [
      {
        "summonerId": 34838800,
        "teamId": 100,
        "championId": 40
      },
      {
        "summonerId": 42341970,
        "teamId": 100,
        "championId": 105
      },
      {
        "summonerId": 31218550,
        "teamId": 100,
        "championId": 29
      },
      {
        "summonerId": 33584577,
        "teamId": 200,
        "championId": 110
      },
      {
        "summonerId": 36905647,
        "teamId": 200,
        "championId": 121
      },
      {
        "summonerId": 23975775,
        "teamId": 200,
        "championId": 32
      },
      {
        "summonerId": 36517883,
        "teamId": 100,
        "championId": 13
      },
      {
        "summonerId": 22228941,
        "teamId": 100,
        "championId": 64
      },
      {
        "summonerId": 32305361,
        "teamId": 200,
        "championId": 7
      }
    ],
    "stats": {
      "level": 14,
      "goldEarned": 6860,
      "numDeaths": 10,
      "minionsKilled": 33,
      "championsKilled": 3,
      "goldSpent": 5855,
      "totalDamageDealt": 34464,
      "totalDamageTaken": 33892,
      "team": 200,
      "win": false,
      "neutralMinionsKilled": 1,
      "largestMultiKill": 1,
      "physicalDamageDealtPlayer": 14343,
      "magicDamageDealtPlayer": 20121,
      "physicalDamageTaken": 22098,
      "magicDamageTaken": 9465,
      "timePlayed": 2108,
      "totalHeal": 5062,
      "totalUnitsHealed": 5,
      "assists": 5,
      "item0": 1054,
      "item1": 3143,
      "item2": 3260,
      "item4": 1028,
      "item6": 3340,
      "sightWardsBought": 2,
      "magicDamageDealtToChampions": 4774,
      "physicalDamageDealtToChampions": 3678,
      "totalDamageDealtToChampions": 8452,
      "trueDamageTaken": 2329,
      "wardKilled": 1,
      "wardPlaced": 11,
      "neutralMinionsKilledEnemyJungle": 1,
      "totalTimeCrowdControlDealt": 757
    }
  },
  "36517883": {
    "gameId": 818160891,
    "invalid": false,
    "gameMode": "CLASSIC",
    "gameType": "MATCHED_GAME",
    "subType": "RANKED_SOLO_5x5",
    "mapId": 1,
    "teamId": 100,
    "championId": 13,
    "spell1": 12,
    "spell2": 4,
    "level": 30,
    "ipEarned": 99,
    "createDate": 1398242996159,
    "fellowPlayers": [
      {
        "summonerId": 34838800,
        "teamId": 100,
        "championId": 40
      },
      {
        "summonerId": 42341970,
        "teamId": 100,
        "championId": 105
      },
      {
        "summonerId": 31218550,
        "teamId": 100,
        "championId": 29
      },
      {
        "summonerId": 33584577,
        "teamId": 200,
        "championId": 110
      },
      {
        "summonerId": 36905647,
        "teamId": 200,
        "championId": 121
      },
      {
        "summonerId": 23975775,
        "teamId": 200,
        "championId": 32
      },
      {
        "summonerId": 22228941,
        "teamId": 100,
        "championId": 64
      },
      {
        "summonerId": 32305361,
        "teamId": 200,
        "championId": 7
      },
      {
        "summonerId": 29581847,
        "teamId": 200,
        "championId": 106
      }
    ],
    "stats": {
      "level": 18,
      "goldEarned": 15097,
      "numDeaths": 6,
      "turretsKilled": 1,
      "minionsKilled": 235,
      "championsKilled": 9,
      "goldSpent": 11520,
      "totalDamageDealt": 162875,
      "totalDamageTaken": 25345,
      "doubleKills": 1,
      "killingSprees": 2,
      "largestKillingSpree": 5,
      "team": 100,
      "win": true,
      "neutralMinionsKilled": 8,
      "largestMultiKill": 2,
      "physicalDamageDealtPlayer": 23262,
      "magicDamageDealtPlayer": 139398,
      "physicalDamageTaken": 17588,
      "magicDamageTaken": 6725,
      "timePlayed": 2108,
      "totalHeal": 943,
      "totalUnitsHealed": 1,
      "assists": 12,
      "item0": 3040,
      "item1": 3110,
      "item2": 3255,
      "item3": 1058,
      "item4": 3027,
      "item6": 3340,
      "magicDamageDealtToChampions": 35714,
      "physicalDamageDealtToChampions": 1904,
      "totalDamageDealtToChampions": 37749,
      "trueDamageDealtPlayer": 214,
      "trueDamageDealtToChampions": 130,
      "trueDamageTaken": 1032,
      "wardPlaced": 8,
      "neutralMinionsKilledEnemyJungle": 5,
      "neutralMinionsKilledYourJungle": 3,
      "totalTimeCrowdControlDealt": 896
    }
  },
  "34838800": {
    "gameId": 818160891,
    "invalid": false,
    "gameMode": "CLASSIC",
    "gameType": "MATCHED_GAME",
    "subType": "RANKED_SOLO_5x5",
    "mapId": 1,
    "teamId": 100,
    "championId": 40,
    "spell1": 4,
    "spell2": 14,
    "level": 30,
    "ipEarned": 249,
    "createDate": 1398242996160,
    "fellowPlayers": [
      {
        "summonerId": 42341970,
        "teamId": 100,
        "championId": 105
      },
      {
        "summonerId": 31218550,
        "teamId": 100,
        "championId": 29
      },
      {
        "summonerId": 33584577,
        "teamId": 200,
        "championId": 110
      },
      {
        "summonerId": 36905647,
        "teamId": 200,
        "championId": 121
      },
      {
        "summonerId": 23975775,
        "teamId": 200,
        "championId": 32
      },
      {
        "summonerId": 36517883,
        "teamId": 100,
        "championId": 13
      },
      {
        "summonerId": 22228941,
        "teamId": 100,
        "championId": 64
      },
      {
        "summonerId": 32305361,
        "teamId": 200,
        "championId": 7
      },
      {
        "summonerId": 29581847,
        "teamId": 200,
        "championId": 106
      }
    ],
    "stats": {
      "level": 16,
      "goldEarned": 13782,
      "numDeaths": 2,
      "barracksKilled": 1,
      "minionsKilled": 23,
      "championsKilled": 3,
      "goldSpent": 11015,
      "totalDamageDealt": 18365,
      "totalDamageTaken": 17598,
      "killingSprees": 1,
      "largestKillingSpree": 2,
      "team": 100,
      "win": true,
      "largestMultiKill": 1,
      "physicalDamageDealtPlayer": 9605,
      "magicDamageDealtPlayer": 7819,
      "physicalDamageTaken": 11667,
      "magicDamageTaken": 5507,
      "timePlayed": 2108,
      "totalHeal": 8036,
      "totalUnitsHealed": 15,
      "assists": 31,
      "item0": 3069,
      "item1": 2045,
      "item2": 3190,
      "item3": 3089,
      "item4": 3117,
      "item6": 3341,
      "sightWardsBought": 1,
      "visionWardsBought": 1,
      "magicDamageDealtToChampions": 4685,
      "physicalDamageDealtToChampions": 1712,
      "totalDamageDealtToChampions": 7276,
      "trueDamageDealtPlayer": 940,
      "trueDamageDealtToChampions": 878,
      "trueDamageTaken": 424,
      "wardKilled": 2,
      "wardPlaced": 20,
      "totalTimeCrowdControlDealt": 136
    }
  },
  "33584577": {
    "gameId": 818160891,
    "invalid": false,
    "gameMode": "CLASSIC",
    "gameType": "MATCHED_GAME",
    "subType": "RANKED_SOLO_5x5",
    "mapId": 1,
    "teamId": 200,
    "championId": 110,
    "spell1": 4,
    "spell2": 21,
    "level": 30,
    "ipEarned": 65,
    "createDate": 1398242996167,
    "fellowPlayers": [
      {
        "summonerId": 34838800,
        "teamId": 100,
        "championId": 40
      },
      {
        "summonerId": 42341970,
        "teamId": 100,
        "championId": 105
      },
      {
        "summonerId": 31218550,
        "teamId": 100,
        "championId": 29
      },
      {
        "summonerId": 36905647,
        "teamId": 200,
        "championId": 121
      },
      {
        "summonerId": 23975775,
        "teamId": 200,
        "championId": 32
      },
      {
        "summonerId": 36517883,
        "teamId": 100,
        "championId": 13
      },
      {
        "summonerId": 22228941,
        "teamId": 100,
        "championId": 64
      },
      {
        "summonerId": 32305361,
        "teamId": 200,
        "championId": 7
      },
      {
        "summonerId": 29581847,
        "teamId": 200,
        "championId": 106
      }
    ],
    "stats": {
      "level": 13,
      "goldEarned": 8726,
      "numDeaths": 11,
      "minionsKilled": 130,
      "championsKilled": 2,
      "goldSpent": 7350,
      "totalDamageDealt": 90948,
      "totalDamageTaken": 26103,
      "team": 200,
      "win": false,
      "neutralMinionsKilled": 2,
      "largestMultiKill": 1,
      "physicalDamageDealtPlayer": 81947,
      "magicDamageDealtPlayer": 7820,
      "physicalDamageTaken": 14220,
      "magicDamageTaken": 9930,
      "timePlayed": 2108,
      "totalHeal": 698,
      "totalUnitsHealed": 1,
      "assists": 6,
      "item0": 1055,
      "item1": 3072,
      "item2": 3085,
      "item5": 3006,
      "item6": 3340,
      "visionWardsBought": 2,
      "magicDamageDealtToChampions": 3015,
      "physicalDamageDealtToChampions": 13369,
      "totalDamageDealtToChampions": 16917,
      "trueDamageDealtPlayer": 1180,
      "trueDamageDealtToChampions": 532,
      "trueDamageTaken": 1952,
      "wardPlaced": 12,
      "neutralMinionsKilledEnemyJungle": 2,
      "totalTimeCrowdControlDealt": 520
    }
  },
  "32305361": {
    "gameId": 818160891,
    "invalid": false,
    "gameMode": "CLASSIC",
    "gameType": "MATCHED_GAME",
    "subType": "RANKED_SOLO_5x5",
    "mapId": 1,
    "teamId": 200,
    "championId": 7,
    "spell1": 14,
    "spell2": 12,
    "level": 30,
    "ipEarned": 65,
    "createDate": 1398242996166,
    "fellowPlayers": [
      {
        "summonerId": 34838800,
        "teamId": 100,
        "championId": 40
      },
      {
        "summonerId": 42341970,
        "teamId": 100,
        "championId": 105
      },
      {
        "summonerId": 31218550,
        "teamId": 100,
        "championId": 29
      },
      {
        "summonerId": 33584577,
        "teamId": 200,
        "championId": 110
      },
      {
        "summonerId": 36905647,
        "teamId": 200,
        "championId": 121
      },
      {
        "summonerId": 23975775,
        "teamId": 200,
        "championId": 32
      },
      {
        "summonerId": 36517883,
        "teamId": 100,
        "championId": 13
      },
      {
        "summonerId": 22228941,
        "teamId": 100,
        "championId": 64
      },
      {
        "summonerId": 29581847,
        "teamId": 200,
        "championId": 106
      }
    ],
    "stats": {
      "level": 14,
      "goldEarned": 9028,
      "numDeaths": 7,
      "minionsKilled": 97,
      "championsKilled": 5,
      "goldSpent": 8430,
      "totalDamageDealt": 53874,
      "totalDamageTaken": 23960,
      "killingSprees": 1,
      "largestKillingSpree": 4,
      "team": 200,
      "win": false,
      "neutralMinionsKilled": 1,
      "largestMultiKill": 1,
      "physicalDamageDealtPlayer": 23853,
      "magicDamageDealtPlayer": 29265,
      "physicalDamageTaken": 13096,
      "magicDamageTaken": 8985,
      "timePlayed": 2108,
      "totalHeal": 193,
      "totalUnitsHealed": 1,
      "assists": 5,
      "item0": 3128,
      "item1": 3191,
      "item2": 1026,
      "item3": 1058,
      "item5": 3020,
      "item6": 3340,
      "magicDamageDealtToChampions": 14474,
      "physicalDamageDealtToChampions": 1441,
      "totalDamageDealtToChampions": 16671,
      "trueDamageDealtPlayer": 755,
      "trueDamageDealtToChampions": 755,
      "trueDamageTaken": 1878,
      "wardPlaced": 5,
      "neutralMinionsKilledYourJungle": 1,
      "totalTimeCrowdControlDealt": 74
    }
  },
  "31218550": {
    "gameId": 818160891,
    "invalid": false,
    "gameMode": "CLASSIC",
    "gameType": "MATCHED_GAME",
    "subType": "RANKED_SOLO_5x5",
    "mapId": 1,
    "teamId": 100,
    "championId": 29,
    "spell1": 4,
    "spell2": 7,
    "level": 30,
    "ipEarned": 99,
    "createDate": 1398242996158,
    "fellowPlayers": [
      {
        "summonerId": 34838800,
        "teamId": 100,
        "championId": 40
      },
      {
        "summonerId": 42341970,
        "teamId": 100,
        "championId": 105
      },
      {
        "summonerId": 33584577,
        "teamId": 200,
        "championId": 110
      },
      {
        "summonerId": 36905647,
        "teamId": 200,
        "championId": 121
      },
      {
        "summonerId": 23975775,
        "teamId": 200,
        "championId": 32
      },
      {
        "summonerId": 36517883,
        "teamId": 100,
        "championId": 13
      },
      {
        "summonerId": 22228941,
        "teamId": 100,
        "championId": 64
      },
      {
        "summonerId": 32305361,
        "teamId": 200,
        "championId": 7
      },
      {
        "summonerId": 29581847,
        "teamId": 200,
        "championId": 106
      }
    ],
    "stats": {
      "level": 16,
      "goldEarned": 13429,
      "numDeaths": 5,
      "turretsKilled": 4,
      "minionsKilled": 142,
      "championsKilled": 7,
      "goldSpent": 19650,
      "totalDamageDealt": 124020,
      "totalDamageTaken": 22530,
      "killingSprees": 2,
      "largestKillingSpree": 4,
      "team": 100,
      "win": true,
      "neutralMinionsKilled": 21,
      "largestMultiKill": 1,
      "physicalDamageDealtPlayer": 113840,
      "physicalDamageTaken": 17506,
      "magicDamageTaken": 4278,
      "largestCriticalStrike": 905,
      "timePlayed": 2108,
      "totalHeal": 5260,
      "totalUnitsHealed": 3,
      "assists": 17,
      "item0": 1055,
      "item1": 3031,
      "item2": 3046,
      "item3": 3072,
      "item4": 3006,
      "item5": 1037,
      "item6": 3340,
      "physicalDamageDealtToChampions": 20011,
      "totalDamageDealtToChampions": 25217,
      "trueDamageDealtPlayer": 10180,
      "trueDamageDealtToChampions": 5206,
      "trueDamageTaken": 746,
      "wardKilled": 2,
      "wardPlaced": 10,
      "neutralMinionsKilledEnemyJungle": 9,
      "neutralMinionsKilledYourJungle": 12,
      "totalTimeCrowdControlDealt": 440
    }
  }
}