{
  "28414782": {
    "gameId": 818168700,
    "invalid": false,
    "gameMode": "CLASSIC",
    "gameType": "MATCHED_GAME",
    "subType": "RANKED_SOLO_5x5",
    "mapId": 1,
    "teamId": 100,
    "championId": 53,
    "spell1": 4,
    "spell2": 7,
    "level": 30,
    "ipEarned": 113,
    "createDate": 1398243320526,
    "fellowPlayers": [
      {
        "summonerId": 38455269,
        "teamId": 100,
        "championId": 58
      },
      {
        "summonerId": 36440084,
        "teamId": 200,
        "championId": 32
      },
      {
        "summonerId": 34428517,
        "teamId": 100,
        "championId": 121
      },
      {
        "summonerId": 30853095,
        "teamId": 200,
        "championId": 238
      },
      {
        "summonerId": 30305707,
        "teamId": 100,
        "championId": 22
      },
      {
        "summonerId": 28928322,
        "teamId": 100,
        "championId": 117
      },
      {
        "summonerId": 27823481,
        "teamId": 200,
        "championId": 75
      },
      {
        "summonerId": 38101563,
        "teamId": 200,
        "championId": 51
      },
      {
        "summonerId": 33533963,
        "teamId": 200,
        "championId": 89
      }
    ],
    "stats": {
      "level": 16,
      "goldEarned": 12780,
      "numDeaths": 7,
      "minionsKilled": 12,
      "championsKilled": 4,
      "goldSpent": 10465,
      "totalDamageDealt": 35637,
      "totalDamageTaken": 33465,
      "team": 100,
      "win": true,
      "largestMultiKill": 1,
      "physicalDamageDealtPlayer": 13268,
      "magicDamageDealtPlayer": 22369,
      "physicalDamageTaken": 19222,
      "magicDamageTaken": 13861,
      "timePlayed": 2469,
      "totalHeal": 4123,
      "totalUnitsHealed": 3,
      "assists": 22,
      "item0": 2045,
      "item1": 3069,
      "item2": 1031,
      "item3": 1011,
      "item4": 3270,
      "item5": 3025,
      "item6": 3341,
      "magicDamageDealtToChampions": 11255,
      "physicalDamageDealtToChampions": 4893,
      "totalDamageDealtToChampions": 16148,
      "trueDamageTaken": 381,
      "wardKilled": 2,
      "wardPlaced": 26,
      "totalTimeCrowdControlDealt": 144
    }
  },
  "summonerCount": 10,
  "28928322": {
    "gameId": 818168700,
    "invalid": false,
    "gameMode": "CLASSIC",
    "gameType": "MATCHED_GAME",
    "subType": "RANKED_SOLO_5x5",
    "mapId": 1,
    "teamId": 100,
    "championId": 117,
    "spell1": 4,
    "spell2": 14,
    "level": 30,
    "ipEarned": 113,
    "createDate": 1398243320523,
    "fellowPlayers": [
      {
        "summonerId": 38455269,
        "teamId": 100,
        "championId": 58
      },
      {
        "summonerId": 36440084,
        "teamId": 200,
        "championId": 32
      },
      {
        "summonerId": 34428517,
        "teamId": 100,
        "championId": 121
      },
      {
        "summonerId": 30853095,
        "teamId": 200,
        "championId": 238
      },
      {
        "summonerId": 30305707,
        "teamId": 100,
        "championId": 22
      },
      {
        "summonerId": 27823481,
        "teamId": 200,
        "championId": 75
      },
      {
        "summonerId": 28414782,
        "teamId": 100,
        "championId": 53
      },
      {
        "summonerId": 38101563,
        "teamId": 200,
        "championId": 51
      },
      {
        "summonerId": 33533963,
        "teamId": 200,
        "championId": 89
      }
    ],
    "stats": {
      "level": 18,
      "goldEarned": 15233,
      "numDeaths": 6,
      "turretsKilled": 1,
      "minionsKilled": 183,
      "championsKilled": 12,
      "goldSpent": 12670,
      "totalDamageDealt": 129659,
      "totalDamageTaken": 20869,
      "doubleKills": 1,
      "killingSprees": 3,
      "largestKillingSpree": 4,
      "team": 100,
      "win": true,
      "neutralMinionsKilled": 3,
      "largestMultiKill": 2,
      "physicalDamageDealtPlayer": 22407,
      "magicDamageDealtPlayer": 104295,
      "physicalDamageTaken": 12301,
      "magicDamageTaken": 8237,
      "timePlayed": 2469,
      "totalHeal": 881,
      "totalUnitsHealed": 1,
      "assists": 12,
      "item0": 3128,
      "item1": 3089,
      "item2": 3135,
      "item3": 3255,
      "item4": 3191,
      "item5": 2003,
      "item6": 3340,
      "magicDamageDealtToChampions": 22601,
      "physicalDamageDealtToChampions": 2202,
      "totalDamageDealtToChampions": 27174,
      "trueDamageDealtPlayer": 2956,
      "trueDamageDealtToChampions": 2370,
      "trueDamageTaken": 330,
      "wardPlaced": 12,
      "neutralMinionsKilledYourJungle": 3,
      "totalTimeCrowdControlDealt": 725
    }
  },
  "34428517": {
    "gameId": 818168700,
    "invalid": false,
    "gameMode": "CLASSIC",
    "gameType": "MATCHED_GAME",
    "subType": "RANKED_SOLO_5x5",
    "mapId": 1,
    "teamId": 100,
    "championId": 121,
    "spell1": 11,
    "spell2": 4,
    "level": 30,
    "ipEarned": 113,
    "createDate": 1398243320529,
    "fellowPlayers": [
      {
        "summonerId": 38455269,
        "teamId": 100,
        "championId": 58
      },
      {
        "summonerId": 36440084,
        "teamId": 200,
        "championId": 32
      },
      {
        "summonerId": 30853095,
        "teamId": 200,
        "championId": 238
      },
      {
        "summonerId": 30305707,
        "teamId": 100,
        "championId": 22
      },
      {
        "summonerId": 28928322,
        "teamId": 100,
        "championId": 117
      },
      {
        "summonerId": 27823481,
        "teamId": 200,
        "championId": 75
      },
      {
        "summonerId": 28414782,
        "teamId": 100,
        "championId": 53
      },
      {
        "summonerId": 38101563,
        "teamId": 200,
        "championId": 51
      },
      {
        "summonerId": 33533963,
        "teamId": 200,
        "championId": 89
      }
    ],
    "stats": {
      "level": 18,
      "goldEarned": 16826,
      "numDeaths": 2,
      "barracksKilled": 1,
      "turretsKilled": 3,
      "minionsKilled": 113,
      "championsKilled": 10,
      "goldSpent": 13740,
      "totalDamageDealt": 199921,
      "totalDamageTaken": 33689,
      "doubleKills": 2,
      "killingSprees": 2,
      "largestKillingSpree": 7,
      "team": 100,
      "win": true,
      "neutralMinionsKilled": 77,
      "largestMultiKill": 2,
      "physicalDamageDealtPlayer": 169150,
      "magicDamageDealtPlayer": 3490,
      "physicalDamageTaken": 22296,
      "magicDamageTaken": 10937,
      "timePlayed": 2469,
      "totalHeal": 12544,
      "totalUnitsHealed": 1,
      "assists": 11,
      "item0": 3074,
      "item1": 3143,
      "item2": 3260,
      "item3": 3071,
      "item4": 1031,
      "item5": 3209,
      "item6": 3340,
      "magicDamageDealtToChampions": 1999,
      "physicalDamageDealtToChampions": 18949,
      "totalDamageDealtToChampions": 23394,
      "trueDamageDealtPlayer": 27279,
      "trueDamageDealtToChampions": 2446,
      "trueDamageTaken": 456,
      "wardPlaced": 11,
      "neutralMinionsKilledEnemyJungle": 19,
      "neutralMinionsKilledYourJungle": 58,
      "totalTimeCrowdControlDealt": 1132
    }
  },
  "30853095": {
    "gameId": 818168700,
    "invalid": false,
    "gameMode": "CLASSIC",
    "gameType": "MATCHED_GAME",
    "subType": "RANKED_SOLO_5x5",
    "mapId": 1,
    "teamId": 200,
    "championId": 238,
    "spell1": 4,
    "spell2": 14,
    "level": 30,
    "ipEarned": 74,
    "createDate": 1398243320530,
    "fellowPlayers": [
      {
        "summonerId": 38455269,
        "teamId": 100,
        "championId": 58
      },
      {
        "summonerId": 36440084,
        "teamId": 200,
        "championId": 32
      },
      {
        "summonerId": 34428517,
        "teamId": 100,
        "championId": 121
      },
      {
        "summonerId": 30305707,
        "teamId": 100,
        "championId": 22
      },
      {
        "summonerId": 28928322,
        "teamId": 100,
        "championId": 117
      },
      {
        "summonerId": 27823481,
        "teamId": 200,
        "championId": 75
      },
      {
        "summonerId": 28414782,
        "teamId": 100,
        "championId": 53
      },
      {
        "summonerId": 38101563,
        "teamId": 200,
        "championId": 51
      },
      {
        "summonerId": 33533963,
        "teamId": 200,
        "championId": 89
      }
    ],
    "stats": {
      "level": 17,
      "goldEarned": 11772,
      "numDeaths": 9,
      "minionsKilled": 153,
      "championsKilled": 5,
      "goldSpent": 12297,
      "totalDamageDealt": 151685,
      "totalDamageTaken": 28211,
      "team": 200,
      "win": false,
      "neutralMinionsKilled": 45,
      "largestMultiKill": 1,
      "physicalDamageDealtPlayer": 141755,
      "magicDamageDealtPlayer": 8034,
      "physicalDamageTaken": 16827,
      "magicDamageTaken": 10921,
      "timePlayed": 2469,
      "totalHeal": 1119,
      "totalUnitsHealed": 1,
      "assists": 5,
      "item0": 3035,
      "item1": 2003,
      "item2": 3153,
      "item3": 3072,
      "item4": 3158,
      "item5": 3134,
      "item6": 3340,
      "magicDamageDealtToChampions": 1468,
      "physicalDamageDealtToChampions": 17820,
      "totalDamageDealtToChampions": 20648,
      "trueDamageDealtPlayer": 1895,
      "trueDamageDealtToChampions": 1359,
      "trueDamageTaken": 462,
      "wardPlaced": 28,
      "neutralMinionsKilledEnemyJungle": 1,
      "neutralMinionsKilledYourJungle": 44,
      "totalTimeCrowdControlDealt": 252
    }
  },
  "38455269": {
    "gameId": 818168700,
    "invalid": false,
    "gameMode": "CLASSIC",
    "gameType": "MATCHED_GAME",
    "subType": "RANKED_SOLO_5x5",
    "mapId": 1,
    "teamId": 100,
    "championId": 58,
    "spell1": 14,
    "spell2": 4,
    "level": 30,
    "ipEarned": 113,
    "createDate": 1398243320525,
    "fellowPlayers": [
      {
        "summonerId": 36440084,
        "teamId": 200,
        "championId": 32
      },
      {
        "summonerId": 34428517,
        "teamId": 100,
        "championId": 121
      },
      {
        "summonerId": 30853095,
        "teamId": 200,
        "championId": 238
      },
      {
        "summonerId": 30305707,
        "teamId": 100,
        "championId": 22
      },
      {
        "summonerId": 28928322,
        "teamId": 100,
        "championId": 117
      },
      {
        "summonerId": 27823481,
        "teamId": 200,
        "championId": 75
      },
      {
        "summonerId": 28414782,
        "teamId": 100,
        "championId": 53
      },
      {
        "summonerId": 38101563,
        "teamId": 200,
        "championId": 51
      },
      {
        "summonerId": 33533963,
        "teamId": 200,
        "championId": 89
      }
    ],
    "stats": {
      "level": 18,
      "goldEarned": 16012,
      "numDeaths": 3,
      "turretsKilled": 2,
      "minionsKilled": 255,
      "championsKilled": 5,
      "goldSpent": 15155,
      "totalDamageDealt": 178673,
      "totalDamageTaken": 37811,
      "killingSprees": 1,
      "largestKillingSpree": 4,
      "team": 100,
      "win": true,
      "neutralMinionsKilled": 8,
      "largestMultiKill": 1,
      "physicalDamageDealtPlayer": 139851,
      "magicDamageDealtPlayer": 38184,
      "physicalDamageTaken": 22058,
      "magicDamageTaken": 13641,
      "timePlayed": 2469,
      "totalHeal": 6911,
      "totalUnitsHealed": 1,
      "assists": 19,
      "item0": 3074,
      "item1": 3143,
      "item2": 3068,
      "item3": 3071,
      "item4": 3265,
      "item6": 3340,
      "sightWardsBought": 1,
      "magicDamageDealtToChampions": 6330,
      "physicalDamageDealtToChampions": 18303,
      "totalDamageDealtToChampions": 25272,
      "trueDamageDealtPlayer": 638,
      "trueDamageDealtToChampions": 638,
      "trueDamageTaken": 2111,
      "wardPlaced": 12,
      "neutralMinionsKilledEnemyJungle": 1,
      "neutralMinionsKilledYourJungle": 7,
      "totalTimeCrowdControlDealt": 218
    }
  },
  "38101563": {
    "gameId": 818168700,
    "invalid": false,
    "gameMode": "CLASSIC",
    "gameType": "MATCHED_GAME",
    "subType": "RANKED_SOLO_5x5",
    "mapId": 1,
    "teamId": 200,
    "championId": 51,
    "spell1": 4,
    "spell2": 7,
    "level": 30,
    "ipEarned": 74,
    "createDate": 1398243320533,
    "fellowPlayers": [
      {
        "summonerId": 38455269,
        "teamId": 100,
        "championId": 58
      },
      {
        "summonerId": 36440084,
        "teamId": 200,
        "championId": 32
      },
      {
        "summonerId": 34428517,
        "teamId": 100,
        "championId": 121
      },
      {
        "summonerId": 30853095,
        "teamId": 200,
        "championId": 238
      },
      {
        "summonerId": 30305707,
        "teamId": 100,
        "championId": 22
      },
      {
        "summonerId": 28928322,
        "teamId": 100,
        "championId": 117
      },
      {
        "summonerId": 27823481,
        "teamId": 200,
        "championId": 75
      },
      {
        "summonerId": 28414782,
        "teamId": 100,
        "championId": 53
      },
      {
        "summonerId": 33533963,
        "teamId": 200,
        "championId": 89
      }
    ],
    "stats": {
      "level": 16,
      "goldEarned": 14918,
      "numDeaths": 7,
      "barracksKilled": 1,
      "turretsKilled": 1,
      "minionsKilled": 222,
      "championsKilled": 11,
      "goldSpent": 14870,
      "totalDamageDealt": 157444,
      "totalDamageTaken": 27830,
      "killingSprees": 2,
      "largestKillingSpree": 6,
      "team": 200,
      "win": false,
      "neutralMinionsKilled": 6,
      "largestMultiKill": 1,
      "physicalDamageDealtPlayer": 151227,
      "magicDamageDealtPlayer": 5798,
      "physicalDamageTaken": 19266,
      "magicDamageTaken": 7665,
      "largestCriticalStrike": 1196,
      "timePlayed": 2469,
      "totalHeal": 3977,
      "totalUnitsHealed": 3,
      "assists": 6,
      "item0": 3072,
      "item1": 3046,
      "item2": 3031,
      "item3": 3026,
      "item4": 3250,
      "item5": 1028,
      "item6": 3340,
      "magicDamageDealtToChampions": 4441,
      "physicalDamageDealtToChampions": 25208,
      "totalDamageDealtToChampions": 29650,
      "trueDamageDealtPlayer": 418,
      "trueDamageTaken": 898,
      "wardPlaced": 6,
      "neutralMinionsKilledEnemyJungle": 6,
      "totalTimeCrowdControlDealt": 212
    }
  },
  "30305707": {
    "gameId": 818168700,
    "invalid": false,
    "gameMode": "CLASSIC",
    "gameType": "MATCHED_GAME",
    "subType": "RANKED_SOLO_5x5",
    "mapId": 1,
    "teamId": 100,
    "championId": 22,
    "spell1": 7,
    "spell2": 4,
    "level": 30,
    "ipEarned": 113,
    "createDate": 1398243320527,
    "fellowPlayers": [
      {
        "summonerId": 38455269,
        "teamId": 100,
        "championId": 58
      },
      {
        "summonerId": 36440084,
        "teamId": 200,
        "championId": 32
      },
      {
        "summonerId": 34428517,
        "teamId": 100,
        "championId": 121
      },
      {
        "summonerId": 30853095,
        "teamId": 200,
        "championId": 238
      },
      {
        "summonerId": 28928322,
        "teamId": 100,
        "championId": 117
      },
      {
        "summonerId": 27823481,
        "teamId": 200,
        "championId": 75
      },
      {
        "summonerId": 28414782,
        "teamId": 100,
        "championId": 53
      },
      {
        "summonerId": 38101563,
        "teamId": 200,
        "championId": 51
      },
      {
        "summonerId": 33533963,
        "teamId": 200,
        "championId": 89
      }
    ],
    "stats": {
      "level": 18,
      "goldEarned": 16485,
      "numDeaths": 8,
      "barracksKilled": 1,
      "turretsKilled": 3,
      "minionsKilled": 195,
      "championsKilled": 6,
      "goldSpent": 14400,
      "totalDamageDealt": 196560,
      "totalDamageTaken": 26082,
      "doubleKills": 1,
      "killingSprees": 1,
      "largestKillingSpree": 4,
      "team": 100,
      "win": true,
      "neutralMinionsKilled": 36,
      "largestMultiKill": 2,
      "physicalDamageDealtPlayer": 184831,
      "magicDamageDealtPlayer": 11037,
      "physicalDamageTaken": 18992,
      "magicDamageTaken": 7022,
      "largestCriticalStrike": 523,
      "timePlayed": 2469,
      "totalHeal": 3739,
      "totalUnitsHealed": 4,
      "assists": 13,
      "item0": 3072,
      "item1": 3046,
      "item2": 3087,
      "item3": 1038,
      "item4": 3085,
      "item5": 3250,
      "item6": 3340,
      "magicDamageDealtToChampions": 3405,
      "physicalDamageDealtToChampions": 27886,
      "totalDamageDealtToChampions": 31815,
      "trueDamageDealtPlayer": 692,
      "trueDamageDealtToChampions": 524,
      "trueDamageTaken": 68,
      "wardKilled": 1,
      "wardPlaced": 7,
      "neutralMinionsKilledEnemyJungle": 4,
      "neutralMinionsKilledYourJungle": 32,
      "totalTimeCrowdControlDealt": 907
    }
  },
  "33533963": {
    "gameId": 818168700,
    "invalid": false,
    "gameMode": "CLASSIC",
    "gameType": "MATCHED_GAME",
    "subType": "RANKED_SOLO_5x5",
    "mapId": 1,
    "teamId": 200,
    "championId": 89,
    "spell1": 4,
    "spell2": 3,
    "level": 30,
    "ipEarned": 74,
    "createDate": 1398243320531,
    "fellowPlayers": [
      {
        "summonerId": 38455269,
        "teamId": 100,
        "championId": 58
      },
      {
        "summonerId": 36440084,
        "teamId": 200,
        "championId": 32
      },
      {
        "summonerId": 34428517,
        "teamId": 100,
        "championId": 121
      },
      {
        "summonerId": 30853095,
        "teamId": 200,
        "championId": 238
      },
      {
        "summonerId": 30305707,
        "teamId": 100,
        "championId": 22
      },
      {
        "summonerId": 28928322,
        "teamId": 100,
        "championId": 117
      },
      {
        "summonerId": 27823481,
        "teamId": 200,
        "championId": 75
      },
      {
        "summonerId": 28414782,
        "teamId": 100,
        "championId": 53
      },
      {
        "summonerId": 38101563,
        "teamId": 200,
        "championId": 51
      }
    ],
    "stats": {
      "level": 15,
      "goldEarned": 9906,
      "numDeaths": 8,
      "minionsKilled": 15,
      "championsKilled": 2,
      "goldSpent": 9850,
      "totalDamageDealt": 28659,
      "totalDamageTaken": 27793,
      "team": 200,
      "win": false,
      "largestMultiKill": 1,
      "physicalDamageDealtPlayer": 7122,
      "magicDamageDealtPlayer": 20504,
      "physicalDamageTaken": 20587,
      "magicDamageTaken": 6098,
      "timePlayed": 2469,
      "totalHeal": 824,
      "totalUnitsHealed": 4,
      "assists": 13,
      "item0": 3082,
      "item1": 2049,
      "item2": 3065,
      "item3": 1001,
      "item4": 3068,
      "item5": 1011,
      "item6": 3340,
      "sightWardsBought": 1,
      "magicDamageDealtToChampions": 9544,
      "physicalDamageDealtToChampions": 2998,
      "totalDamageDealtToChampions": 12542,
      "trueDamageDealtPlayer": 1032,
      "trueDamageTaken": 1108,
      "wardPlaced": 24,
      "totalTimeCrowdControlDealt": 132
    }
  },
  "27823481": {
    "gameId": 818168700,
    "invalid": false,
    "gameMode": "CLASSIC",
    "gameType": "MATCHED_GAME",
    "subType": "RANKED_SOLO_5x5",
    "mapId": 1,
    "teamId": 200,
    "championId": 75,
    "spell1": 4,
    "spell2": 14,
    "level": 30,
    "ipEarned": 74,
    "createDate": 1398243320532,
    "fellowPlayers": [
      {
        "summonerId": 38455269,
        "teamId": 100,
        "championId": 58
      },
      {
        "summonerId": 36440084,
        "teamId": 200,
        "championId": 32
      },
      {
        "summonerId": 34428517,
        "teamId": 100,
        "championId": 121
      },
      {
        "summonerId": 30853095,
        "teamId": 200,
        "championId": 238
      },
      {
        "summonerId": 30305707,
        "teamId": 100,
        "championId": 22
      },
      {
        "summonerId": 28928322,
        "teamId": 100,
        "championId": 117
      },
      {
        "summonerId": 28414782,
        "teamId": 100,
        "championId": 53
      },
      {
        "summonerId": 38101563,
        "teamId": 200,
        "championId": 51
      },
      {
        "summonerId": 33533963,
        "teamId": 200,
        "championId": 89
      }
    ],
    "stats": {
      "level": 17,
      "goldEarned": 13141,
      "numDeaths": 7,
      "turretsKilled": 3,
      "minionsKilled": 217,
      "championsKilled": 5,
      "goldSpent": 12485,
      "totalDamageDealt": 150049,
      "totalDamageTaken": 45190,
      "killingSprees": 2,
      "largestKillingSpree": 3,
      "team": 200,
      "win": false,
      "neutralMinionsKilled": 4,
      "largestMultiKill": 1,
      "physicalDamageDealtPlayer": 87455,
      "magicDamageDealtPlayer": 61378,
      "physicalDamageTaken": 30965,
      "magicDamageTaken": 11569,
      "timePlayed": 2469,
      "totalHeal": 3458,
      "totalUnitsHealed": 1,
      "assists": 4,
      "item0": 3075,
      "item1": 3068,
      "item2": 3083,
      "item3": 3065,
      "item4": 3280,
      "item6": 3340,
      "magicDamageDealtToChampions": 18709,
      "physicalDamageDealtToChampions": 11553,
      "totalDamageDealtToChampions": 31478,
      "trueDamageDealtPlayer": 1216,
      "trueDamageDealtToChampions": 1216,
      "trueDamageTaken": 2656,
      "wardPlaced": 4,
      "neutralMinionsKilledYourJungle": 4,
      "totalTimeCrowdControlDealt": 94
    }
  },
  "28414782": {
    "gameId": 818168700,
    "invalid": false,
    "gameMode": "CLASSIC",
    "gameType": "MATCHED_GAME",
    "subType": "RANKED_SOLO_5x5",
    "mapId": 1,
    "teamId": 100,
    "championId": 53,
    "spell1": 4,
    "spell2": 7,
    "level": 30,
    "ipEarned": 113,
    "createDate": 1398243320526,
    "fellowPlayers": [
      {
        "summonerId": 38455269,
        "teamId": 100,
        "championId": 58
      },
      {
        "summonerId": 36440084,
        "teamId": 200,
        "championId": 32
      },
      {
        "summonerId": 34428517,
        "teamId": 100,
        "championId": 121
      },
      {
        "summonerId": 30853095,
        "teamId": 200,
        "championId": 238
      },
      {
        "summonerId": 30305707,
        "teamId": 100,
        "championId": 22
      },
      {
        "summonerId": 28928322,
        "teamId": 100,
        "championId": 117
      },
      {
        "summonerId": 27823481,
        "teamId": 200,
        "championId": 75
      },
      {
        "summonerId": 38101563,
        "teamId": 200,
        "championId": 51
      },
      {
        "summonerId": 33533963,
        "teamId": 200,
        "championId": 89
      }
    ],
    "stats": {
      "level": 16,
      "goldEarned": 12780,
      "numDeaths": 7,
      "minionsKilled": 12,
      "championsKilled": 4,
      "goldSpent": 10465,
      "totalDamageDealt": 35637,
      "totalDamageTaken": 33465,
      "team": 100,
      "win": true,
      "largestMultiKill": 1,
      "physicalDamageDealtPlayer": 13268,
      "magicDamageDealtPlayer": 22369,
      "physicalDamageTaken": 19222,
      "magicDamageTaken": 13861,
      "timePlayed": 2469,
      "totalHeal": 4123,
      "totalUnitsHealed": 3,
      "assists": 22,
      "item0": 2045,
      "item1": 3069,
      "item2": 1031,
      "item3": 1011,
      "item4": 3270,
      "item5": 3025,
      "item6": 3341,
      "magicDamageDealtToChampions": 11255,
      "physicalDamageDealtToChampions": 4893,
      "totalDamageDealtToChampions": 16148,
      "trueDamageTaken": 381,
      "wardKilled": 2,
      "wardPlaced": 26,
      "totalTimeCrowdControlDealt": 144
    }
  }
}