{
  "28539589": {
    "gameId": 818168731,
    "invalid": false,
    "gameMode": "CLASSIC",
    "gameType": "MATCHED_GAME",
    "subType": "RANKED_SOLO_5x5",
    "mapId": 1,
    "teamId": 100,
    "championId": 8,
    "spell1": 7,
    "spell2": 4,
    "level": 30,
    "ipEarned": 61,
    "createDate": 1398242879341,
    "fellowPlayers": [
      {
        "summonerId": 35836086,
        "teamId": 200,
        "championId": 54
      },
      {
        "summonerId": 21157054,
        "teamId": 100,
        "championId": 24
      },
      {
        "summonerId": 21848367,
        "teamId": 200,
        "championId": 5
      },
      {
        "summonerId": 24687605,
        "teamId": 200,
        "championId": 91
      },
      {
        "summonerId": 35419738,
        "teamId": 100,
        "championId": 15
      },
      {
        "summonerId": 35834529,
        "teamId": 200,
        "championId": 53
      },
      {
        "summonerId": 33979514,
        "teamId": 100,
        "championId": 92
      },
      {
        "summonerId": 32989854,
        "teamId": 200,
        "championId": 51
      },
      {
        "summonerId": 34144163,
        "teamId": 100,
        "championId": 16
      }
    ],
    "stats": {
      "level": 16,
      "goldEarned": 10659,
      "numDeaths": 5,
      "minionsKilled": 170,
      "championsKilled": 4,
      "goldSpent": 10620,
      "totalDamageDealt": 128578,
      "totalDamageTaken": 28248,
      "doubleKills": 1,
      "killingSprees": 2,
      "largestKillingSpree": 2,
      "team": 100,
      "win": false,
      "neutralMinionsKilled": 21,
      "largestMultiKill": 2,
      "physicalDamageDealtPlayer": 13245,
      "magicDamageDealtPlayer": 115333,
      "physicalDamageTaken": 20081,
      "magicDamageTaken": 7580,
      "timePlayed": 1948,
      "totalHeal": 13521,
      "totalUnitsHealed": 2,
      "assists": 4,
      "item0": 3020,
      "item1": 3152,
      "item2": 3157,
      "item3": 3206,
      "item4": 1026,
      "item6": 3340,
      "sightWardsBought": 2,
      "magicDamageDealtToChampions": 14826,
      "physicalDamageDealtToChampions": 742,
      "totalDamageDealtToChampions": 15568,
      "trueDamageTaken": 586,
      "wardPlaced": 6,
      "neutralMinionsKilledEnemyJungle": 2,
      "neutralMinionsKilledYourJungle": 19,
      "totalTimeCrowdControlDealt": 54
    }
  },
  "summonerCount": 10,
  "24687605": {
    "gameId": 818168731,
    "invalid": false,
    "gameMode": "CLASSIC",
    "gameType": "MATCHED_GAME",
    "subType": "RANKED_SOLO_5x5",
    "mapId": 1,
    "teamId": 200,
    "championId": 91,
    "spell1": 14,
    "spell2": 4,
    "level": 30,
    "ipEarned": 92,
    "createDate": 1398242879345,
    "fellowPlayers": [
      {
        "summonerId": 35836086,
        "teamId": 200,
        "championId": 54
      },
      {
        "summonerId": 21157054,
        "teamId": 100,
        "championId": 24
      },
      {
        "summonerId": 21848367,
        "teamId": 200,
        "championId": 5
      },
      {
        "summonerId": 35419738,
        "teamId": 100,
        "championId": 15
      },
      {
        "summonerId": 35834529,
        "teamId": 200,
        "championId": 53
      },
      {
        "summonerId": 33979514,
        "teamId": 100,
        "championId": 92
      },
      {
        "summonerId": 32989854,
        "teamId": 200,
        "championId": 51
      },
      {
        "summonerId": 34144163,
        "teamId": 100,
        "championId": 16
      },
      {
        "summonerId": 28539589,
        "teamId": 100,
        "championId": 8
      }
    ],
    "stats": {
      "level": 18,
      "goldEarned": 15542,
      "numDeaths": 4,
      "minionsKilled": 194,
      "championsKilled": 15,
      "goldSpent": 15075,
      "totalDamageDealt": 200065,
      "totalDamageTaken": 28057,
      "doubleKills": 1,
      "killingSprees": 2,
      "largestKillingSpree": 10,
      "team": 200,
      "win": true,
      "neutralMinionsKilled": 42,
      "largestMultiKill": 2,
      "physicalDamageDealtPlayer": 196413,
      "physicalDamageTaken": 19666,
      "magicDamageTaken": 8020,
      "timePlayed": 1948,
      "totalHeal": 3511,
      "totalUnitsHealed": 1,
      "assists": 8,
      "item0": 3074,
      "item1": 3270,
      "item2": 3035,
      "item3": 3071,
      "item4": 3072,
      "item5": 3155,
      "item6": 3340,
      "physicalDamageDealtToChampions": 36019,
      "totalDamageDealtToChampions": 38811,
      "trueDamageDealtPlayer": 3652,
      "trueDamageDealtToChampions": 2792,
      "trueDamageTaken": 370,
      "wardPlaced": 7,
      "neutralMinionsKilledEnemyJungle": 11,
      "neutralMinionsKilledYourJungle": 31,
      "totalTimeCrowdControlDealt": 983
    }
  },
  "35834529": {
    "gameId": 818168731,
    "invalid": false,
    "gameMode": "CLASSIC",
    "gameType": "MATCHED_GAME",
    "subType": "RANKED_SOLO_5x5",
    "mapId": 1,
    "teamId": 200,
    "championId": 53,
    "spell1": 4,
    "spell2": 3,
    "level": 30,
    "ipEarned": 92,
    "createDate": 1398242879347,
    "fellowPlayers": [
      {
        "summonerId": 35836086,
        "teamId": 200,
        "championId": 54
      },
      {
        "summonerId": 21157054,
        "teamId": 100,
        "championId": 24
      },
      {
        "summonerId": 21848367,
        "teamId": 200,
        "championId": 5
      },
      {
        "summonerId": 24687605,
        "teamId": 200,
        "championId": 91
      },
      {
        "summonerId": 35419738,
        "teamId": 100,
        "championId": 15
      },
      {
        "summonerId": 33979514,
        "teamId": 100,
        "championId": 92
      },
      {
        "summonerId": 32989854,
        "teamId": 200,
        "championId": 51
      },
      {
        "summonerId": 34144163,
        "teamId": 100,
        "championId": 16
      },
      {
        "summonerId": 28539589,
        "teamId": 100,
        "championId": 8
      }
    ],
    "stats": {
      "level": 14,
      "goldEarned": 7247,
      "numDeaths": 5,
      "minionsKilled": 21,
      "goldSpent": 6690,
      "totalDamageDealt": 26647,
      "totalDamageTaken": 17842,
      "team": 200,
      "win": true,
      "physicalDamageDealtPlayer": 7202,
      "magicDamageDealtPlayer": 19445,
      "physicalDamageTaken": 13735,
      "magicDamageTaken": 4106,
      "timePlayed": 1948,
      "totalHeal": 830,
      "totalUnitsHealed": 1,
      "assists": 7,
      "item0": 3069,
      "item1": 2045,
      "item2": 3024,
      "item3": 1001,
      "item4": 1011,
      "item5": 1027,
      "item6": 3340,
      "sightWardsBought": 1,
      "magicDamageDealtToChampions": 6171,
      "physicalDamageDealtToChampions": 2670,
      "totalDamageDealtToChampions": 8841,
      "wardPlaced": 23,
      "totalTimeCrowdControlDealt": 57
    }
  },
  "35836086": {
    "gameId": 818168731,
    "invalid": false,
    "gameMode": "CLASSIC",
    "gameType": "MATCHED_GAME",
    "subType": "RANKED_SOLO_5x5",
    "mapId": 1,
    "teamId": 200,
    "championId": 54,
    "spell1": 4,
    "spell2": 14,
    "level": 30,
    "ipEarned": 242,
    "createDate": 1398242879348,
    "fellowPlayers": [
      {
        "summonerId": 21157054,
        "teamId": 100,
        "championId": 24
      },
      {
        "summonerId": 21848367,
        "teamId": 200,
        "championId": 5
      },
      {
        "summonerId": 24687605,
        "teamId": 200,
        "championId": 91
      },
      {
        "summonerId": 35419738,
        "teamId": 100,
        "championId": 15
      },
      {
        "summonerId": 35834529,
        "teamId": 200,
        "championId": 53
      },
      {
        "summonerId": 33979514,
        "teamId": 100,
        "championId": 92
      },
      {
        "summonerId": 32989854,
        "teamId": 200,
        "championId": 51
      },
      {
        "summonerId": 34144163,
        "teamId": 100,
        "championId": 16
      },
      {
        "summonerId": 28539589,
        "teamId": 100,
        "championId": 8
      }
    ],
    "stats": {
      "level": 17,
      "goldEarned": 13237,
      "numDeaths": 6,
      "turretsKilled": 2,
      "minionsKilled": 180,
      "championsKilled": 13,
      "goldSpent": 12660,
      "totalDamageDealt": 126141,
      "totalDamageTaken": 24351,
      "killingSprees": 3,
      "largestKillingSpree": 6,
      "team": 200,
      "win": true,
      "largestMultiKill": 1,
      "physicalDamageDealtPlayer": 54652,
      "magicDamageDealtPlayer": 70546,
      "physicalDamageTaken": 16525,
      "magicDamageTaken": 7525,
      "timePlayed": 1948,
      "assists": 8,
      "item0": 3001,
      "item1": 3025,
      "item2": 3128,
      "item3": 3068,
      "item4": 3047,
      "item6": 3340,
      "magicDamageDealtToChampions": 22419,
      "physicalDamageDealtToChampions": 9744,
      "totalDamageDealtToChampions": 33106,
      "trueDamageDealtPlayer": 942,
      "trueDamageDealtToChampions": 942,
      "trueDamageTaken": 300,
      "wardPlaced": 3,
      "totalTimeCrowdControlDealt": 1321
    }
  },
  "21848367": {
    "gameId": 818168731,
    "invalid": false,
    "gameMode": "CLASSIC",
    "gameType": "MATCHED_GAME",
    "subType": "RANKED_SOLO_5x5",
    "mapId": 1,
    "teamId": 200,
    "championId": 5,
    "spell1": 4,
    "spell2": 11,
    "level": 30,
    "ipEarned": 92,
    "createDate": 1398242879349,
    "fellowPlayers": [
      {
        "summonerId": 35836086,
        "teamId": 200,
        "championId": 54
      },
      {
        "summonerId": 21157054,
        "teamId": 100,
        "championId": 24
      },
      {
        "summonerId": 24687605,
        "teamId": 200,
        "championId": 91
      },
      {
        "summonerId": 35419738,
        "teamId": 100,
        "championId": 15
      },
      {
        "summonerId": 35834529,
        "teamId": 200,
        "championId": 53
      },
      {
        "summonerId": 33979514,
        "teamId": 100,
        "championId": 92
      },
      {
        "summonerId": 32989854,
        "teamId": 200,
        "championId": 51
      },
      {
        "summonerId": 34144163,
        "teamId": 100,
        "championId": 16
      },
      {
        "summonerId": 28539589,
        "teamId": 100,
        "championId": 8
      }
    ],
    "stats": {
      "level": 17,
      "goldEarned": 13181,
      "numDeaths": 6,
      "turretsKilled": 3,
      "minionsKilled": 20,
      "championsKilled": 10,
      "goldSpent": 12795,
      "totalDamageDealt": 169339,
      "totalDamageTaken": 31589,
      "killingSprees": 2,
      "largestKillingSpree": 5,
      "team": 200,
      "win": true,
      "neutralMinionsKilled": 100,
      "largestMultiKill": 1,
      "physicalDamageDealtPlayer": 100323,
      "magicDamageDealtPlayer": 54589,
      "physicalDamageTaken": 24641,
      "magicDamageTaken": 6185,
      "timePlayed": 1948,
      "totalHeal": 8760,
      "totalUnitsHealed": 1,
      "assists": 13,
      "item0": 3074,
      "item1": 3160,
      "item2": 3071,
      "item3": 3117,
      "item4": 3065,
      "item5": 1031,
      "item6": 3341,
      "sightWardsBought": 1,
      "magicDamageDealtToChampions": 4246,
      "physicalDamageDealtToChampions": 15752,
      "totalDamageDealtToChampions": 20682,
      "trueDamageDealtPlayer": 14426,
      "trueDamageDealtToChampions": 684,
      "trueDamageTaken": 763,
      "wardPlaced": 6,
      "neutralMinionsKilledEnemyJungle": 12,
      "neutralMinionsKilledYourJungle": 88,
      "totalTimeCrowdControlDealt": 691
    }
  },
  "33979514": {
    "gameId": 818168731,
    "invalid": false,
    "gameMode": "CLASSIC",
    "gameType": "MATCHED_GAME",
    "subType": "RANKED_SOLO_5x5",
    "mapId": 1,
    "teamId": 100,
    "championId": 92,
    "spell1": 4,
    "spell2": 7,
    "level": 30,
    "ipEarned": 61,
    "createDate": 1398242879340,
    "fellowPlayers": [
      {
        "summonerId": 35836086,
        "teamId": 200,
        "championId": 54
      },
      {
        "summonerId": 21157054,
        "teamId": 100,
        "championId": 24
      },
      {
        "summonerId": 21848367,
        "teamId": 200,
        "championId": 5
      },
      {
        "summonerId": 24687605,
        "teamId": 200,
        "championId": 91
      },
      {
        "summonerId": 35419738,
        "teamId": 100,
        "championId": 15
      },
      {
        "summonerId": 35834529,
        "teamId": 200,
        "championId": 53
      },
      {
        "summonerId": 32989854,
        "teamId": 200,
        "championId": 51
      },
      {
        "summonerId": 34144163,
        "teamId": 100,
        "championId": 16
      },
      {
        "summonerId": 28539589,
        "teamId": 100,
        "championId": 8
      }
    ],
    "stats": {
      "level": 15,
      "goldEarned": 10042,
      "numDeaths": 15,
      "minionsKilled": 145,
      "championsKilled": 4,
      "goldSpent": 9645,
      "totalDamageDealt": 102616,
      "totalDamageTaken": 33311,
      "team": 100,
      "win": false,
      "neutralMinionsKilled": 10,
      "largestMultiKill": 1,
      "physicalDamageDealtPlayer": 102556,
      "physicalDamageTaken": 24078,
      "magicDamageTaken": 8322,
      "timePlayed": 1948,
      "totalHeal": 3952,
      "totalUnitsHealed": 4,
      "assists": 7,
      "item0": 3074,
      "item1": 3071,
      "item2": 1001,
      "item3": 3035,
      "item5": 1055,
      "item6": 3340,
      "physicalDamageDealtToChampions": 15771,
      "totalDamageDealtToChampions": 15831,
      "trueDamageDealtPlayer": 60,
      "trueDamageDealtToChampions": 60,
      "trueDamageTaken": 910,
      "wardPlaced": 2,
      "neutralMinionsKilledEnemyJungle": 3,
      "neutralMinionsKilledYourJungle": 7,
      "totalTimeCrowdControlDealt": 100
    }
  },
  "32989854": {
    "gameId": 818168731,
    "invalid": false,
    "gameMode": "CLASSIC",
    "gameType": "MATCHED_GAME",
    "subType": "RANKED_SOLO_5x5",
    "mapId": 1,
    "teamId": 200,
    "championId": 51,
    "spell1": 7,
    "spell2": 4,
    "level": 30,
    "ipEarned": 92,
    "createDate": 1398242879346,
    "fellowPlayers": [
      {
        "summonerId": 35836086,
        "teamId": 200,
        "championId": 54
      },
      {
        "summonerId": 21157054,
        "teamId": 100,
        "championId": 24
      },
      {
        "summonerId": 21848367,
        "teamId": 200,
        "championId": 5
      },
      {
        "summonerId": 24687605,
        "teamId": 200,
        "championId": 91
      },
      {
        "summonerId": 35419738,
        "teamId": 100,
        "championId": 15
      },
      {
        "summonerId": 35834529,
        "teamId": 200,
        "championId": 53
      },
      {
        "summonerId": 33979514,
        "teamId": 100,
        "championId": 92
      },
      {
        "summonerId": 34144163,
        "teamId": 100,
        "championId": 16
      },
      {
        "summonerId": 28539589,
        "teamId": 100,
        "championId": 8
      }
    ],
    "stats": {
      "level": 16,
      "goldEarned": 12196,
      "numDeaths": 5,
      "barracksKilled": 1,
      "turretsKilled": 1,
      "minionsKilled": 201,
      "championsKilled": 8,
      "goldSpent": 11965,
      "totalDamageDealt": 133662,
      "totalDamageTaken": 24194,
      "doubleKills": 1,
      "killingSprees": 1,
      "largestKillingSpree": 4,
      "team": 200,
      "win": true,
      "neutralMinionsKilled": 2,
      "largestMultiKill": 2,
      "physicalDamageDealtPlayer": 124632,
      "magicDamageDealtPlayer": 7463,
      "physicalDamageTaken": 16858,
      "magicDamageTaken": 7336,
      "largestCriticalStrike": 851,
      "timePlayed": 1948,
      "totalHeal": 3169,
      "totalUnitsHealed": 2,
      "assists": 3,
      "item0": 3072,
      "item1": 3252,
      "item2": 3087,
      "item3": 1055,
      "item4": 1055,
      "item5": 3031,
      "item6": 3340,
      "magicDamageDealtToChampions": 2599,
      "physicalDamageDealtToChampions": 26347,
      "totalDamageDealtToChampions": 30223,
      "trueDamageDealtPlayer": 1566,
      "trueDamageDealtToChampions": 1276,
      "wardPlaced": 2,
      "neutralMinionsKilledEnemyJungle": 2,
      "totalTimeCrowdControlDealt": 278
    }
  },
  "21157054": {
    "gameId": 818168731,
    "invalid": false,
    "gameMode": "CLASSIC",
    "gameType": "MATCHED_GAME",
    "subType": "RANKED_SOLO_5x5",
    "mapId": 1,
    "teamId": 100,
    "championId": 24,
    "spell1": 6,
    "spell2": 11,
    "level": 30,
    "ipEarned": 61,
    "createDate": 1398242879339,
    "fellowPlayers": [
      {
        "summonerId": 35836086,
        "teamId": 200,
        "championId": 54
      },
      {
        "summonerId": 21848367,
        "teamId": 200,
        "championId": 5
      },
      {
        "summonerId": 24687605,
        "teamId": 200,
        "championId": 91
      },
      {
        "summonerId": 35419738,
        "teamId": 100,
        "championId": 15
      },
      {
        "summonerId": 35834529,
        "teamId": 200,
        "championId": 53
      },
      {
        "summonerId": 33979514,
        "teamId": 100,
        "championId": 92
      },
      {
        "summonerId": 32989854,
        "teamId": 200,
        "championId": 51
      },
      {
        "summonerId": 34144163,
        "teamId": 100,
        "championId": 16
      },
      {
        "summonerId": 28539589,
        "teamId": 100,
        "championId": 8
      }
    ],
    "stats": {
      "level": 17,
      "goldEarned": 11512,
      "numDeaths": 9,
      "turretsKilled": 1,
      "minionsKilled": 47,
      "championsKilled": 8,
      "goldSpent": 10880,
      "totalDamageDealt": 145418,
      "totalDamageTaken": 41327,
      "doubleKills": 1,
      "killingSprees": 2,
      "largestKillingSpree": 2,
      "team": 100,
      "win": false,
      "neutralMinionsKilled": 81,
      "largestMultiKill": 2,
      "physicalDamageDealtPlayer": 91067,
      "magicDamageDealtPlayer": 44034,
      "physicalDamageTaken": 31286,
      "magicDamageTaken": 7703,
      "timePlayed": 1948,
      "totalHeal": 7088,
      "totalUnitsHealed": 1,
      "assists": 5,
      "item0": 3207,
      "item1": 3260,
      "item2": 3153,
      "item3": 3083,
      "item4": 3057,
      "magicDamageDealtToChampions": 7015,
      "physicalDamageDealtToChampions": 13604,
      "totalDamageDealtToChampions": 21498,
      "trueDamageDealtPlayer": 10316,
      "trueDamageDealtToChampions": 878,
      "trueDamageTaken": 2338,
      "neutralMinionsKilledEnemyJungle": 6,
      "neutralMinionsKilledYourJungle": 75,
      "totalTimeCrowdControlDealt": 662
    }
  },
  "34144163": {
    "gameId": 818168731,
    "invalid": false,
    "gameMode": "CLASSIC",
    "gameType": "MATCHED_GAME",
    "subType": "RANKED_SOLO_5x5",
    "mapId": 1,
    "teamId": 100,
    "championId": 16,
    "spell1": 4,
    "spell2": 7,
    "level": 30,
    "ipEarned": 61,
    "createDate": 1398242879344,
    "fellowPlayers": [
      {
        "summonerId": 35836086,
        "teamId": 200,
        "championId": 54
      },
      {
        "summonerId": 21157054,
        "teamId": 100,
        "championId": 24
      },
      {
        "summonerId": 21848367,
        "teamId": 200,
        "championId": 5
      },
      {
        "summonerId": 24687605,
        "teamId": 200,
        "championId": 91
      },
      {
        "summonerId": 35419738,
        "teamId": 100,
        "championId": 15
      },
      {
        "summonerId": 35834529,
        "teamId": 200,
        "championId": 53
      },
      {
        "summonerId": 33979514,
        "teamId": 100,
        "championId": 92
      },
      {
        "summonerId": 32989854,
        "teamId": 200,
        "championId": 51
      },
      {
        "summonerId": 28539589,
        "teamId": 100,
        "championId": 8
      }
    ],
    "stats": {
      "level": 14,
      "goldEarned": 10420,
      "numDeaths": 9,
      "minionsKilled": 34,
      "championsKilled": 2,
      "goldSpent": 9995,
      "totalDamageDealt": 43794,
      "totalDamageTaken": 35480,
      "team": 100,
      "win": false,
      "largestMultiKill": 1,
      "physicalDamageDealtPlayer": 5225,
      "magicDamageDealtPlayer": 38400,
      "physicalDamageTaken": 27256,
      "magicDamageTaken": 7474,
      "timePlayed": 1948,
      "totalHeal": 19270,
      "totalUnitsHealed": 5,
      "assists": 13,
      "item0": 3092,
      "item1": 2045,
      "item2": 3116,
      "item3": 3067,
      "item4": 3047,
      "item5": 1057,
      "item6": 3340,
      "sightWardsBought": 2,
      "magicDamageDealtToChampions": 10344,
      "physicalDamageDealtToChampions": 2342,
      "totalDamageDealtToChampions": 12686,
      "trueDamageDealtPlayer": 168,
      "trueDamageTaken": 750,
      "wardPlaced": 11,
      "totalTimeCrowdControlDealt": 290
    }
  },
  "28539589": {
    "gameId": 818168731,
    "invalid": false,
    "gameMode": "CLASSIC",
    "gameType": "MATCHED_GAME",
    "subType": "RANKED_SOLO_5x5",
    "mapId": 1,
    "teamId": 100,
    "championId": 8,
    "spell1": 7,
    "spell2": 4,
    "level": 30,
    "ipEarned": 61,
    "createDate": 1398242879341,
    "fellowPlayers": [
      {
        "summonerId": 35836086,
        "teamId": 200,
        "championId": 54
      },
      {
        "summonerId": 21157054,
        "teamId": 100,
        "championId": 24
      },
      {
        "summonerId": 21848367,
        "teamId": 200,
        "championId": 5
      },
      {
        "summonerId": 24687605,
        "teamId": 200,
        "championId": 91
      },
      {
        "summonerId": 35419738,
        "teamId": 100,
        "championId": 15
      },
      {
        "summonerId": 35834529,
        "teamId": 200,
        "championId": 53
      },
      {
        "summonerId": 33979514,
        "teamId": 100,
        "championId": 92
      },
      {
        "summonerId": 32989854,
        "teamId": 200,
        "championId": 51
      },
      {
        "summonerId": 34144163,
        "teamId": 100,
        "championId": 16
      }
    ],
    "stats": {
      "level": 16,
      "goldEarned": 10659,
      "numDeaths": 5,
      "minionsKilled": 170,
      "championsKilled": 4,
      "goldSpent": 10620,
      "totalDamageDealt": 128578,
      "totalDamageTaken": 28248,
      "doubleKills": 1,
      "killingSprees": 2,
      "largestKillingSpree": 2,
      "team": 100,
      "win": false,
      "neutralMinionsKilled": 21,
      "largestMultiKill": 2,
      "physicalDamageDealtPlayer": 13245,
      "magicDamageDealtPlayer": 115333,
      "physicalDamageTaken": 20081,
      "magicDamageTaken": 7580,
      "timePlayed": 1948,
      "totalHeal": 13521,
      "totalUnitsHealed": 2,
      "assists": 4,
      "item0": 3020,
      "item1": 3152,
      "item2": 3157,
      "item3": 3206,
      "item4": 1026,
      "item6": 3340,
      "sightWardsBought": 2,
      "magicDamageDealtToChampions": 14826,
      "physicalDamageDealtToChampions": 742,
      "totalDamageDealtToChampions": 15568,
      "trueDamageTaken": 586,
      "wardPlaced": 6,
      "neutralMinionsKilledEnemyJungle": 2,
      "neutralMinionsKilledYourJungle": 19,
      "totalTimeCrowdControlDealt": 54
    }
  }
}