{
  "35364539": {
    "gameId": 818168877,
    "invalid": false,
    "gameMode": "CLASSIC",
    "gameType": "MATCHED_GAME",
    "subType": "NORMAL",
    "mapId": 1,
    "teamId": 200,
    "championId": 40,
    "spell1": 3,
    "spell2": 4,
    "level": 30,
    "ipEarned": 96,
    "createDate": 1398243051225,
    "fellowPlayers": [
      {
        "summonerId": 35056096,
        "teamId": 100,
        "championId": 75
      },
      {
        "summonerId": 36724182,
        "teamId": 100,
        "championId": 133
      },
      {
        "summonerId": 34210276,
        "teamId": 100,
        "championId": 112
      },
      {
        "summonerId": 30055908,
        "teamId": 200,
        "championId": 102
      },
      {
        "summonerId": 37765260,
        "teamId": 200,
        "championId": 157
      },
      {
        "summonerId": 38314294,
        "teamId": 100,
        "championId": 11
      },
      {
        "summonerId": 30471235,
        "teamId": 100,
        "championId": 267
      },
      {
        "summonerId": 33083601,
        "teamId": 200,
        "championId": 23
      },
      {
        "summonerId": 31615782,
        "teamId": 200,
        "championId": 67
      }
    ],
    "stats": {
      "level": 14,
      "goldEarned": 10753,
      "numDeaths": 3,
      "minionsKilled": 11,
      "championsKilled": 2,
      "goldSpent": 9350,
      "totalDamageDealt": 24154,
      "totalDamageTaken": 12463,
      "team": 200,
      "win": true,
      "largestMultiKill": 1,
      "physicalDamageDealtPlayer": 6243,
      "magicDamageDealtPlayer": 17911,
      "physicalDamageTaken": 6403,
      "magicDamageTaken": 5860,
      "timePlayed": 2057,
      "totalHeal": 5997,
      "totalUnitsHealed": 11,
      "assists": 14,
      "item0": 3098,
      "item1": 3222,
      "item2": 2045,
      "item3": 3110,
      "item4": 3117,
      "item5": 3136,
      "item6": 3341,
      "sightWardsBought": 4,
      "visionWardsBought": 1,
      "magicDamageDealtToChampions": 5696,
      "physicalDamageDealtToChampions": 1270,
      "totalDamageDealtToChampions": 6967,
      "trueDamageTaken": 200,
      "wardKilled": 1,
      "wardPlaced": 28,
      "totalTimeCrowdControlDealt": 507
    }
  },
  "summonerCount": 10,
  "31615782": {
    "gameId": 818168877,
    "invalid": false,
    "gameMode": "CLASSIC",
    "gameType": "MATCHED_GAME",
    "subType": "NORMAL",
    "mapId": 1,
    "teamId": 200,
    "championId": 67,
    "spell1": 4,
    "spell2": 7,
    "level": 30,
    "ipEarned": 246,
    "createDate": 1398243051221,
    "fellowPlayers": [
      {
        "summonerId": 35056096,
        "teamId": 100,
        "championId": 75
      },
      {
        "summonerId": 36724182,
        "teamId": 100,
        "championId": 133
      },
      {
        "summonerId": 34210276,
        "teamId": 100,
        "championId": 112
      },
      {
        "summonerId": 30055908,
        "teamId": 200,
        "championId": 102
      },
      {
        "summonerId": 35364539,
        "teamId": 200,
        "championId": 40
      },
      {
        "summonerId": 37765260,
        "teamId": 200,
        "championId": 157
      },
      {
        "summonerId": 38314294,
        "teamId": 100,
        "championId": 11
      },
      {
        "summonerId": 30471235,
        "teamId": 100,
        "championId": 267
      },
      {
        "summonerId": 33083601,
        "teamId": 200,
        "championId": 23
      }
    ],
    "stats": {
      "level": 17,
      "goldEarned": 13061,
      "numDeaths": 6,
      "barracksKilled": 1,
      "turretsKilled": 2,
      "minionsKilled": 183,
      "championsKilled": 8,
      "goldSpent": 11400,
      "totalDamageDealt": 123492,
      "totalDamageTaken": 21012,
      "killingSprees": 2,
      "largestKillingSpree": 3,
      "team": 200,
      "win": true,
      "neutralMinionsKilled": 7,
      "largestMultiKill": 1,
      "physicalDamageDealtPlayer": 113367,
      "magicDamageDealtPlayer": 150,
      "physicalDamageTaken": 14365,
      "magicDamageTaken": 6207,
      "largestCriticalStrike": 535,
      "timePlayed": 2057,
      "totalHeal": 2072,
      "totalUnitsHealed": 4,
      "assists": 6,
      "item0": 3046,
      "item1": 3035,
      "item2": 3153,
      "item3": 3006,
      "item4": 1038,
      "item6": 3340,
      "magicDamageDealtToChampions": 150,
      "physicalDamageDealtToChampions": 15310,
      "totalDamageDealtToChampions": 17581,
      "trueDamageDealtPlayer": 9974,
      "trueDamageDealtToChampions": 2119,
      "trueDamageTaken": 440,
      "wardPlaced": 6,
      "neutralMinionsKilledEnemyJungle": 4,
      "neutralMinionsKilledYourJungle": 3,
      "totalTimeCrowdControlDealt": 147
    }
  },
  "30055908": {
    "gameId": 818168877,
    "invalid": false,
    "gameMode": "CLASSIC",
    "gameType": "MATCHED_GAME",
    "subType": "NORMAL",
    "mapId": 1,
    "teamId": 200,
    "championId": 102,
    "spell1": 11,
    "spell2": 6,
    "level": 30,
    "ipEarned": 96,
    "createDate": 1398243051220,
    "fellowPlayers": [
      {
        "summonerId": 35056096,
        "teamId": 100,
        "championId": 75
      },
      {
        "summonerId": 36724182,
        "teamId": 100,
        "championId": 133
      },
      {
        "summonerId": 34210276,
        "teamId": 100,
        "championId": 112
      },
      {
        "summonerId": 35364539,
        "teamId": 200,
        "championId": 40
      },
      {
        "summonerId": 37765260,
        "teamId": 200,
        "championId": 157
      },
      {
        "summonerId": 38314294,
        "teamId": 100,
        "championId": 11
      },
      {
        "summonerId": 30471235,
        "teamId": 100,
        "championId": 267
      },
      {
        "summonerId": 33083601,
        "teamId": 200,
        "championId": 23
      },
      {
        "summonerId": 31615782,
        "teamId": 200,
        "championId": 67
      }
    ],
    "stats": {
      "level": 17,
      "goldEarned": 13625,
      "numDeaths": 5,
      "turretsKilled": 1,
      "minionsKilled": 65,
      "championsKilled": 5,
      "goldSpent": 11450,
      "totalDamageDealt": 217749,
      "totalDamageTaken": 39555,
      "doubleKills": 1,
      "killingSprees": 1,
      "largestKillingSpree": 3,
      "team": 200,
      "win": true,
      "neutralMinionsKilled": 121,
      "largestMultiKill": 2,
      "physicalDamageDealtPlayer": 80234,
      "magicDamageDealtPlayer": 122033,
      "physicalDamageTaken": 27780,
      "magicDamageTaken": 9558,
      "timePlayed": 2057,
      "totalHeal": 7433,
      "totalUnitsHealed": 1,
      "assists": 10,
      "item0": 3160,
      "item1": 3153,
      "item2": 3143,
      "item3": 3270,
      "item4": 1011,
      "item5": 1031,
      "item6": 3341,
      "magicDamageDealtToChampions": 16149,
      "physicalDamageDealtToChampions": 10892,
      "totalDamageDealtToChampions": 27834,
      "trueDamageDealtPlayer": 15480,
      "trueDamageDealtToChampions": 792,
      "trueDamageTaken": 2215,
      "wardKilled": 2,
      "wardPlaced": 2,
      "neutralMinionsKilledEnemyJungle": 19,
      "neutralMinionsKilledYourJungle": 102,
      "totalTimeCrowdControlDealt": 769
    }
  },
  "30471235": {
    "gameId": 818168877,
    "invalid": false,
    "gameMode": "CLASSIC",
    "gameType": "MATCHED_GAME",
    "subType": "NORMAL",
    "mapId": 1,
    "teamId": 100,
    "championId": 267,
    "spell1": 4,
    "spell2": 7,
    "level": 30,
    "ipEarned": 64,
    "createDate": 1398243051215,
    "fellowPlayers": [
      {
        "summonerId": 35056096,
        "teamId": 100,
        "championId": 75
      },
      {
        "summonerId": 36724182,
        "teamId": 100,
        "championId": 133
      },
      {
        "summonerId": 34210276,
        "teamId": 100,
        "championId": 112
      },
      {
        "summonerId": 30055908,
        "teamId": 200,
        "championId": 102
      },
      {
        "summonerId": 35364539,
        "teamId": 200,
        "championId": 40
      },
      {
        "summonerId": 37765260,
        "teamId": 200,
        "championId": 157
      },
      {
        "summonerId": 38314294,
        "teamId": 100,
        "championId": 11
      },
      {
        "summonerId": 33083601,
        "teamId": 200,
        "championId": 23
      },
      {
        "summonerId": 31615782,
        "teamId": 200,
        "championId": 67
      }
    ],
    "stats": {
      "level": 15,
      "goldEarned": 9216,
      "numDeaths": 4,
      "minionsKilled": 22,
      "championsKilled": 3,
      "goldSpent": 8910,
      "totalDamageDealt": 34213,
      "totalDamageTaken": 17798,
      "killingSprees": 1,
      "largestKillingSpree": 2,
      "team": 100,
      "win": false,
      "largestMultiKill": 1,
      "physicalDamageDealtPlayer": 9705,
      "magicDamageDealtPlayer": 24038,
      "physicalDamageTaken": 12535,
      "magicDamageTaken": 4738,
      "timePlayed": 2057,
      "totalHeal": 9038,
      "totalUnitsHealed": 5,
      "assists": 12,
      "item0": 3098,
      "item1": 2049,
      "item2": 3190,
      "item3": 3151,
      "item4": 3047,
      "item5": 1028,
      "item6": 3340,
      "sightWardsBought": 1,
      "magicDamageDealtToChampions": 11781,
      "physicalDamageDealtToChampions": 3193,
      "totalDamageDealtToChampions": 15407,
      "trueDamageDealtPlayer": 470,
      "trueDamageDealtToChampions": 432,
      "trueDamageTaken": 524,
      "wardPlaced": 11,
      "totalTimeCrowdControlDealt": 225
    }
  },
  "33083601": {
    "gameId": 818168877,
    "invalid": false,
    "gameMode": "CLASSIC",
    "gameType": "MATCHED_GAME",
    "subType": "NORMAL",
    "mapId": 1,
    "teamId": 200,
    "championId": 23,
    "spell1": 7,
    "spell2": 4,
    "level": 30,
    "ipEarned": 96,
    "createDate": 1398243051222,
    "fellowPlayers": [
      {
        "summonerId": 35056096,
        "teamId": 100,
        "championId": 75
      },
      {
        "summonerId": 36724182,
        "teamId": 100,
        "championId": 133
      },
      {
        "summonerId": 34210276,
        "teamId": 100,
        "championId": 112
      },
      {
        "summonerId": 30055908,
        "teamId": 200,
        "championId": 102
      },
      {
        "summonerId": 35364539,
        "teamId": 200,
        "championId": 40
      },
      {
        "summonerId": 37765260,
        "teamId": 200,
        "championId": 157
      },
      {
        "summonerId": 38314294,
        "teamId": 100,
        "championId": 11
      },
      {
        "summonerId": 30471235,
        "teamId": 100,
        "championId": 267
      },
      {
        "summonerId": 31615782,
        "teamId": 200,
        "championId": 67
      }
    ],
    "stats": {
      "level": 17,
      "goldEarned": 12330,
      "numDeaths": 5,
      "turretsKilled": 1,
      "minionsKilled": 185,
      "championsKilled": 2,
      "goldSpent": 10225,
      "totalDamageDealt": 142766,
      "totalDamageTaken": 31684,
      "team": 200,
      "win": true,
      "neutralMinionsKilled": 15,
      "largestMultiKill": 1,
      "physicalDamageDealtPlayer": 121530,
      "magicDamageDealtPlayer": 21116,
      "physicalDamageTaken": 25176,
      "magicDamageTaken": 5908,
      "largestCriticalStrike": 529,
      "timePlayed": 2057,
      "totalHeal": 7285,
      "totalUnitsHealed": 3,
      "assists": 11,
      "item0": 3006,
      "item1": 3074,
      "item2": 3153,
      "item3": 3087,
      "item6": 3340,
      "sightWardsBought": 2,
      "magicDamageDealtToChampions": 2084,
      "physicalDamageDealtToChampions": 12004,
      "totalDamageDealtToChampions": 14088,
      "trueDamageDealtPlayer": 120,
      "trueDamageTaken": 600,
      "wardPlaced": 12,
      "neutralMinionsKilledEnemyJungle": 5,
      "neutralMinionsKilledYourJungle": 10,
      "totalTimeCrowdControlDealt": 65
    }
  },
  "37765260": {
    "gameId": 818168877,
    "invalid": false,
    "gameMode": "CLASSIC",
    "gameType": "MATCHED_GAME",
    "subType": "NORMAL",
    "mapId": 1,
    "teamId": 200,
    "championId": 157,
    "spell1": 14,
    "spell2": 4,
    "level": 30,
    "ipEarned": 96,
    "createDate": 1398243051224,
    "fellowPlayers": [
      {
        "summonerId": 35056096,
        "teamId": 100,
        "championId": 75
      },
      {
        "summonerId": 36724182,
        "teamId": 100,
        "championId": 133
      },
      {
        "summonerId": 34210276,
        "teamId": 100,
        "championId": 112
      },
      {
        "summonerId": 30055908,
        "teamId": 200,
        "championId": 102
      },
      {
        "summonerId": 35364539,
        "teamId": 200,
        "championId": 40
      },
      {
        "summonerId": 38314294,
        "teamId": 100,
        "championId": 11
      },
      {
        "summonerId": 30471235,
        "teamId": 100,
        "championId": 267
      },
      {
        "summonerId": 33083601,
        "teamId": 200,
        "championId": 23
      },
      {
        "summonerId": 31615782,
        "teamId": 200,
        "championId": 67
      }
    ],
    "stats": {
      "level": 17,
      "goldEarned": 15742,
      "numDeaths": 5,
      "turretsKilled": 3,
      "minionsKilled": 152,
      "championsKilled": 17,
      "goldSpent": 13960,
      "totalDamageDealt": 161153,
      "totalDamageTaken": 26667,
      "doubleKills": 3,
      "tripleKills": 1,
      "killingSprees": 3,
      "largestKillingSpree": 9,
      "team": 200,
      "win": true,
      "neutralMinionsKilled": 15,
      "largestMultiKill": 3,
      "physicalDamageDealtPlayer": 130544,
      "magicDamageDealtPlayer": 29235,
      "physicalDamageTaken": 13804,
      "magicDamageTaken": 11536,
      "largestCriticalStrike": 819,
      "timePlayed": 2057,
      "totalHeal": 1061,
      "totalUnitsHealed": 1,
      "assists": 7,
      "item0": 3031,
      "item1": 3074,
      "item2": 3087,
      "item3": 3250,
      "item4": 3035,
      "item6": 3340,
      "magicDamageDealtToChampions": 5250,
      "physicalDamageDealtToChampions": 24554,
      "totalDamageDealtToChampions": 30761,
      "trueDamageDealtPlayer": 1374,
      "trueDamageDealtToChampions": 956,
      "trueDamageTaken": 1325,
      "wardPlaced": 21,
      "neutralMinionsKilledEnemyJungle": 8,
      "neutralMinionsKilledYourJungle": 7,
      "totalTimeCrowdControlDealt": 293
    }
  },
  "34210276": {
    "gameId": 818168877,
    "invalid": false,
    "gameMode": "CLASSIC",
    "gameType": "MATCHED_GAME",
    "subType": "NORMAL",
    "mapId": 1,
    "teamId": 100,
    "championId": 112,
    "spell1": 4,
    "spell2": 14,
    "level": 30,
    "ipEarned": 64,
    "createDate": 1398243051214,
    "fellowPlayers": [
      {
        "summonerId": 35056096,
        "teamId": 100,
        "championId": 75
      },
      {
        "summonerId": 36724182,
        "teamId": 100,
        "championId": 133
      },
      {
        "summonerId": 30055908,
        "teamId": 200,
        "championId": 102
      },
      {
        "summonerId": 35364539,
        "teamId": 200,
        "championId": 40
      },
      {
        "summonerId": 37765260,
        "teamId": 200,
        "championId": 157
      },
      {
        "summonerId": 38314294,
        "teamId": 100,
        "championId": 11
      },
      {
        "summonerId": 30471235,
        "teamId": 100,
        "championId": 267
      },
      {
        "summonerId": 33083601,
        "teamId": 200,
        "championId": 23
      },
      {
        "summonerId": 31615782,
        "teamId": 200,
        "championId": 67
      }
    ],
    "stats": {
      "level": 14,
      "goldEarned": 10163,
      "numDeaths": 10,
      "turretsKilled": 1,
      "minionsKilled": 123,
      "championsKilled": 6,
      "goldSpent": 10165,
      "totalDamageDealt": 87510,
      "totalDamageTaken": 19319,
      "doubleKills": 1,
      "tripleKills": 1,
      "killingSprees": 1,
      "largestKillingSpree": 3,
      "team": 100,
      "win": false,
      "neutralMinionsKilled": 3,
      "largestMultiKill": 3,
      "physicalDamageDealtPlayer": 15228,
      "magicDamageDealtPlayer": 71155,
      "physicalDamageTaken": 13851,
      "magicDamageTaken": 4642,
      "timePlayed": 2057,
      "totalHeal": 777,
      "totalUnitsHealed": 1,
      "assists": 8,
      "item0": 3198,
      "item1": 3116,
      "item2": 3027,
      "item3": 3255,
      "item4": 1026,
      "item6": 3340,
      "magicDamageDealtToChampions": 18561,
      "physicalDamageDealtToChampions": 1381,
      "totalDamageDealtToChampions": 21068,
      "trueDamageDealtPlayer": 1126,
      "trueDamageDealtToChampions": 1126,
      "trueDamageTaken": 824,
      "wardPlaced": 7,
      "neutralMinionsKilledYourJungle": 3,
      "totalTimeCrowdControlDealt": 664
    }
  },
  "38314294": {
    "gameId": 818168877,
    "invalid": false,
    "gameMode": "CLASSIC",
    "gameType": "MATCHED_GAME",
    "subType": "NORMAL",
    "mapId": 1,
    "teamId": 100,
    "championId": 11,
    "spell1": 4,
    "spell2": 11,
    "level": 30,
    "ipEarned": 64,
    "createDate": 1398243051217,
    "fellowPlayers": [
      {
        "summonerId": 35056096,
        "teamId": 100,
        "championId": 75
      },
      {
        "summonerId": 36724182,
        "teamId": 100,
        "championId": 133
      },
      {
        "summonerId": 34210276,
        "teamId": 100,
        "championId": 112
      },
      {
        "summonerId": 30055908,
        "teamId": 200,
        "championId": 102
      },
      {
        "summonerId": 35364539,
        "teamId": 200,
        "championId": 40
      },
      {
        "summonerId": 37765260,
        "teamId": 200,
        "championId": 157
      },
      {
        "summonerId": 30471235,
        "teamId": 100,
        "championId": 267
      },
      {
        "summonerId": 33083601,
        "teamId": 200,
        "championId": 23
      },
      {
        "summonerId": 31615782,
        "teamId": 200,
        "championId": 67
      }
    ],
    "stats": {
      "level": 15,
      "goldEarned": 10731,
      "numDeaths": 4,
      "turretsKilled": 2,
      "minionsKilled": 62,
      "championsKilled": 3,
      "goldSpent": 11295,
      "totalDamageDealt": 168341,
      "totalDamageTaken": 25255,
      "doubleKills": 1,
      "killingSprees": 1,
      "largestKillingSpree": 2,
      "team": 100,
      "win": false,
      "neutralMinionsKilled": 99,
      "largestMultiKill": 2,
      "physicalDamageDealtPlayer": 129936,
      "magicDamageDealtPlayer": 22748,
      "physicalDamageTaken": 20772,
      "magicDamageTaken": 3825,
      "largestCriticalStrike": 716,
      "timePlayed": 2057,
      "totalHeal": 7213,
      "totalUnitsHealed": 1,
      "assists": 4,
      "item0": 3160,
      "item1": 3031,
      "item2": 1053,
      "item3": 3006,
      "item4": 1031,
      "item6": 3340,
      "magicDamageDealtToChampions": 200,
      "physicalDamageDealtToChampions": 6471,
      "totalDamageDealtToChampions": 7576,
      "trueDamageDealtPlayer": 15657,
      "trueDamageDealtToChampions": 905,
      "trueDamageTaken": 656,
      "wardKilled": 1,
      "wardPlaced": 16,
      "neutralMinionsKilledEnemyJungle": 9,
      "neutralMinionsKilledYourJungle": 90,
      "totalTimeCrowdControlDealt": 390
    }
  },
  "35056096": {
    "gameId": 818168877,
    "invalid": false,
    "gameMode": "CLASSIC",
    "gameType": "MATCHED_GAME",
    "subType": "NORMAL",
    "mapId": 1,
    "teamId": 100,
    "championId": 75,
    "spell1": 6,
    "spell2": 14,
    "level": 30,
    "ipEarned": 64,
    "createDate": 1398243051219,
    "fellowPlayers": [
      {
        "summonerId": 36724182,
        "teamId": 100,
        "championId": 133
      },
      {
        "summonerId": 34210276,
        "teamId": 100,
        "championId": 112
      },
      {
        "summonerId": 30055908,
        "teamId": 200,
        "championId": 102
      },
      {
        "summonerId": 35364539,
        "teamId": 200,
        "championId": 40
      },
      {
        "summonerId": 37765260,
        "teamId": 200,
        "championId": 157
      },
      {
        "summonerId": 38314294,
        "teamId": 100,
        "championId": 11
      },
      {
        "summonerId": 30471235,
        "teamId": 100,
        "championId": 267
      },
      {
        "summonerId": 33083601,
        "teamId": 200,
        "championId": 23
      },
      {
        "summonerId": 31615782,
        "teamId": 200,
        "championId": 67
      }
    ],
    "stats": {
      "level": 17,
      "goldEarned": 13486,
      "numDeaths": 5,
      "turretsKilled": 2,
      "minionsKilled": 211,
      "championsKilled": 10,
      "goldSpent": 14145,
      "totalDamageDealt": 145919,
      "totalDamageTaken": 38751,
      "doubleKills": 1,
      "killingSprees": 3,
      "largestKillingSpree": 4,
      "team": 100,
      "win": false,
      "neutralMinionsKilled": 11,
      "largestMultiKill": 2,
      "physicalDamageDealtPlayer": 129672,
      "magicDamageDealtPlayer": 13842,
      "physicalDamageTaken": 27105,
      "magicDamageTaken": 10509,
      "timePlayed": 2057,
      "totalHeal": 2136,
      "totalUnitsHealed": 1,
      "assists": 10,
      "item0": 3111,
      "item1": 3143,
      "item2": 3110,
      "item3": 3025,
      "item4": 1011,
      "item5": 1031,
      "item6": 3340,
      "magicDamageDealtToChampions": 6520,
      "physicalDamageDealtToChampions": 23709,
      "totalDamageDealtToChampions": 31802,
      "trueDamageDealtPlayer": 2404,
      "trueDamageDealtToChampions": 1572,
      "trueDamageTaken": 1136,
      "wardPlaced": 4,
      "neutralMinionsKilledEnemyJungle": 3,
      "neutralMinionsKilledYourJungle": 8,
      "totalTimeCrowdControlDealt": 1734
    }
  },
  "35364539": {
    "gameId": 818168877,
    "invalid": false,
    "gameMode": "CLASSIC",
    "gameType": "MATCHED_GAME",
    "subType": "NORMAL",
    "mapId": 1,
    "teamId": 200,
    "championId": 40,
    "spell1": 3,
    "spell2": 4,
    "level": 30,
    "ipEarned": 96,
    "createDate": 1398243051225,
    "fellowPlayers": [
      {
        "summonerId": 35056096,
        "teamId": 100,
        "championId": 75
      },
      {
        "summonerId": 36724182,
        "teamId": 100,
        "championId": 133
      },
      {
        "summonerId": 34210276,
        "teamId": 100,
        "championId": 112
      },
      {
        "summonerId": 30055908,
        "teamId": 200,
        "championId": 102
      },
      {
        "summonerId": 37765260,
        "teamId": 200,
        "championId": 157
      },
      {
        "summonerId": 38314294,
        "teamId": 100,
        "championId": 11
      },
      {
        "summonerId": 30471235,
        "teamId": 100,
        "championId": 267
      },
      {
        "summonerId": 33083601,
        "teamId": 200,
        "championId": 23
      },
      {
        "summonerId": 31615782,
        "teamId": 200,
        "championId": 67
      }
    ],
    "stats": {
      "level": 14,
      "goldEarned": 10753,
      "numDeaths": 3,
      "minionsKilled": 11,
      "championsKilled": 2,
      "goldSpent": 9350,
      "totalDamageDealt": 24154,
      "totalDamageTaken": 12463,
      "team": 200,
      "win": true,
      "largestMultiKill": 1,
      "physicalDamageDealtPlayer": 6243,
      "magicDamageDealtPlayer": 17911,
      "physicalDamageTaken": 6403,
      "magicDamageTaken": 5860,
      "timePlayed": 2057,
      "totalHeal": 5997,
      "totalUnitsHealed": 11,
      "assists": 14,
      "item0": 3098,
      "item1": 3222,
      "item2": 2045,
      "item3": 3110,
      "item4": 3117,
      "item5": 3136,
      "item6": 3341,
      "sightWardsBought": 4,
      "visionWardsBought": 1,
      "magicDamageDealtToChampions": 5696,
      "physicalDamageDealtToChampions": 1270,
      "totalDamageDealtToChampions": 6967,
      "trueDamageTaken": 200,
      "wardKilled": 1,
      "wardPlaced": 28,
      "totalTimeCrowdControlDealt": 507
    }
  }
}