{
  "27053024": {
    "gameId": 818169136,
    "invalid": false,
    "gameMode": "CLASSIC",
    "gameType": "MATCHED_GAME",
    "subType": "RANKED_SOLO_5x5",
    "mapId": 1,
    "teamId": 100,
    "championId": 77,
    "spell1": 11,
    "spell2": 6,
    "level": 30,
    "ipEarned": 110,
    "createDate": 1398243505963,
    "fellowPlayers": [
      {
        "summonerId": 36970035,
        "teamId": 200,
        "championId": 36
      },
      {
        "summonerId": 28409576,
        "teamId": 100,
        "championId": 51
      },
      {
        "summonerId": 37963519,
        "teamId": 200,
        "championId": 79
      },
      {
        "summonerId": 38098698,
        "teamId": 100,
        "championId": 86
      },
      {
        "summonerId": 27098045,
        "teamId": 200,
        "championId": 59
      },
      {
        "summonerId": 37205088,
        "teamId": 200,
        "championId": 16
      },
      {
        "summonerId": 33979414,
        "teamId": 100,
        "championId": 412
      },
      {
        "summonerId": 36106603,
        "teamId": 100,
        "championId": 55
      },
      {
        "summonerId": 34009671,
        "teamId": 200,
        "championId": 15
      }
    ],
    "stats": {
      "level": 18,
      "goldEarned": 17770,
      "numDeaths": 2,
      "turretsKilled": 2,
      "minionsKilled": 105,
      "championsKilled": 14,
      "goldSpent": 16263,
      "totalDamageDealt": 222667,
      "totalDamageTaken": 27586,
      "doubleKills": 2,
      "killingSprees": 2,
      "largestKillingSpree": 7,
      "team": 100,
      "win": true,
      "neutralMinionsKilled": 83,
      "largestMultiKill": 2,
      "physicalDamageDealtPlayer": 84622,
      "magicDamageDealtPlayer": 125726,
      "physicalDamageTaken": 20200,
      "magicDamageTaken": 6617,
      "largestCriticalStrike": 446,
      "timePlayed": 2432,
      "totalHeal": 5001,
      "totalUnitsHealed": 1,
      "assists": 17,
      "item0": 3207,
      "item1": 3078,
      "item2": 3262,
      "item3": 3068,
      "item4": 3091,
      "item5": 3065,
      "item6": 3362,
      "magicDamageDealtToChampions": 17719,
      "physicalDamageDealtToChampions": 19363,
      "totalDamageDealtToChampions": 38849,
      "trueDamageDealtPlayer": 12320,
      "trueDamageDealtToChampions": 1766,
      "trueDamageTaken": 768,
      "wardPlaced": 6,
      "neutralMinionsKilledEnemyJungle": 15,
      "neutralMinionsKilledYourJungle": 68,
      "totalTimeCrowdControlDealt": 485
    }
  },
  "summonerCount": 10,
  "37205088": {
    "gameId": 818169136,
    "invalid": false,
    "gameMode": "CLASSIC",
    "gameType": "MATCHED_GAME",
    "subType": "RANKED_SOLO_5x5",
    "mapId": 1,
    "teamId": 200,
    "championId": 16,
    "spell1": 4,
    "spell2": 7,
    "level": 30,
    "ipEarned": 72,
    "createDate": 1398243505970,
    "fellowPlayers": [
      {
        "summonerId": 36970035,
        "teamId": 200,
        "championId": 36
      },
      {
        "summonerId": 28409576,
        "teamId": 100,
        "championId": 51
      },
      {
        "summonerId": 37963519,
        "teamId": 200,
        "championId": 79
      },
      {
        "summonerId": 38098698,
        "teamId": 100,
        "championId": 86
      },
      {
        "summonerId": 27098045,
        "teamId": 200,
        "championId": 59
      },
      {
        "summonerId": 33979414,
        "teamId": 100,
        "championId": 412
      },
      {
        "summonerId": 27053024,
        "teamId": 100,
        "championId": 77
      },
      {
        "summonerId": 36106603,
        "teamId": 100,
        "championId": 55
      },
      {
        "summonerId": 34009671,
        "teamId": 200,
        "championId": 15
      }
    ],
    "stats": {
      "level": 13,
      "goldEarned": 8332,
      "numDeaths": 11,
      "minionsKilled": 27,
      "championsKilled": 1,
      "goldSpent": 8005,
      "totalDamageDealt": 21767,
      "totalDamageTaken": 25818,
      "team": 200,
      "win": false,
      "neutralMinionsKilled": 1,
      "largestMultiKill": 1,
      "physicalDamageDealtPlayer": 8159,
      "magicDamageDealtPlayer": 13607,
      "physicalDamageTaken": 10387,
      "magicDamageTaken": 15137,
      "timePlayed": 2432,
      "totalHeal": 20984,
      "totalUnitsHealed": 5,
      "assists": 9,
      "item0": 3069,
      "item1": 2049,
      "item2": 3116,
      "item3": 1001,
      "item4": 3024,
      "item5": 1031,
      "item6": 3341,
      "sightWardsBought": 1,
      "magicDamageDealtToChampions": 2619,
      "physicalDamageDealtToChampions": 1520,
      "totalDamageDealtToChampions": 4139,
      "trueDamageTaken": 294,
      "wardPlaced": 10,
      "neutralMinionsKilledYourJungle": 1,
      "totalTimeCrowdControlDealt": 169
    }
  },
  "27098045": {
    "gameId": 818169136,
    "invalid": false,
    "gameMode": "CLASSIC",
    "gameType": "MATCHED_GAME",
    "subType": "RANKED_SOLO_5x5",
    "mapId": 1,
    "teamId": 200,
    "championId": 59,
    "spell1": 4,
    "spell2": 11,
    "level": 30,
    "ipEarned": 72,
    "createDate": 1398243505969,
    "fellowPlayers": [
      {
        "summonerId": 36970035,
        "teamId": 200,
        "championId": 36
      },
      {
        "summonerId": 28409576,
        "teamId": 100,
        "championId": 51
      },
      {
        "summonerId": 37963519,
        "teamId": 200,
        "championId": 79
      },
      {
        "summonerId": 38098698,
        "teamId": 100,
        "championId": 86
      },
      {
        "summonerId": 37205088,
        "teamId": 200,
        "championId": 16
      },
      {
        "summonerId": 33979414,
        "teamId": 100,
        "championId": 412
      },
      {
        "summonerId": 27053024,
        "teamId": 100,
        "championId": 77
      },
      {
        "summonerId": 36106603,
        "teamId": 100,
        "championId": 55
      },
      {
        "summonerId": 34009671,
        "teamId": 200,
        "championId": 15
      }
    ],
    "stats": {
      "level": 14,
      "goldEarned": 9235,
      "numDeaths": 3,
      "minionsKilled": 61,
      "championsKilled": 2,
      "goldSpent": 9090,
      "totalDamageDealt": 87200,
      "totalDamageTaken": 28102,
      "killingSprees": 1,
      "largestKillingSpree": 2,
      "team": 200,
      "win": false,
      "neutralMinionsKilled": 47,
      "largestMultiKill": 1,
      "physicalDamageDealtPlayer": 60555,
      "magicDamageDealtPlayer": 20179,
      "physicalDamageTaken": 15283,
      "magicDamageTaken": 11623,
      "timePlayed": 2432,
      "totalHeal": 5297,
      "totalUnitsHealed": 1,
      "assists": 8,
      "item0": 3207,
      "item1": 3260,
      "item2": 3110,
      "item3": 1011,
      "item4": 3082,
      "item6": 3341,
      "magicDamageDealtToChampions": 2200,
      "physicalDamageDealtToChampions": 8556,
      "totalDamageDealtToChampions": 11520,
      "trueDamageDealtPlayer": 6466,
      "trueDamageDealtToChampions": 764,
      "trueDamageTaken": 1194,
      "wardKilled": 2,
      "neutralMinionsKilledEnemyJungle": 1,
      "neutralMinionsKilledYourJungle": 46,
      "totalTimeCrowdControlDealt": 1291
    }
  },
  "34009671": {
    "gameId": 818169136,
    "invalid": false,
    "gameMode": "CLASSIC",
    "gameType": "MATCHED_GAME",
    "subType": "RANKED_SOLO_5x5",
    "mapId": 1,
    "teamId": 200,
    "championId": 15,
    "spell1": 4,
    "spell2": 7,
    "level": 30,
    "ipEarned": 72,
    "createDate": 1398243505964,
    "fellowPlayers": [
      {
        "summonerId": 36970035,
        "teamId": 200,
        "championId": 36
      },
      {
        "summonerId": 28409576,
        "teamId": 100,
        "championId": 51
      },
      {
        "summonerId": 37963519,
        "teamId": 200,
        "championId": 79
      },
      {
        "summonerId": 38098698,
        "teamId": 100,
        "championId": 86
      },
      {
        "summonerId": 27098045,
        "teamId": 200,
        "championId": 59
      },
      {
        "summonerId": 37205088,
        "teamId": 200,
        "championId": 16
      },
      {
        "summonerId": 33979414,
        "teamId": 100,
        "championId": 412
      },
      {
        "summonerId": 27053024,
        "teamId": 100,
        "championId": 77
      },
      {
        "summonerId": 36106603,
        "teamId": 100,
        "championId": 55
      }
    ],
    "stats": {
      "level": 15,
      "goldEarned": 13224,
      "numDeaths": 8,
      "turretsKilled": 1,
      "minionsKilled": 200,
      "championsKilled": 10,
      "goldSpent": 12780,
      "totalDamageDealt": 184141,
      "totalDamageTaken": 33585,
      "doubleKills": 2,
      "killingSprees": 3,
      "largestKillingSpree": 6,
      "team": 200,
      "win": false,
      "neutralMinionsKilled": 13,
      "largestMultiKill": 2,
      "physicalDamageDealtPlayer": 164374,
      "magicDamageDealtPlayer": 18573,
      "physicalDamageTaken": 18989,
      "magicDamageTaken": 12837,
      "largestCriticalStrike": 730,
      "timePlayed": 2432,
      "totalHeal": 5135,
      "totalUnitsHealed": 4,
      "assists": 3,
      "item0": 3072,
      "item1": 3031,
      "item2": 3087,
      "item3": 1055,
      "item4": 3250,
      "item5": 1053,
      "item6": 3340,
      "magicDamageDealtToChampions": 3463,
      "physicalDamageDealtToChampions": 36637,
      "totalDamageDealtToChampions": 40822,
      "trueDamageDealtPlayer": 1194,
      "trueDamageDealtToChampions": 722,
      "trueDamageTaken": 1758,
      "wardKilled": 2,
      "wardPlaced": 10,
      "neutralMinionsKilledEnemyJungle": 2,
      "neutralMinionsKilledYourJungle": 11,
      "totalTimeCrowdControlDealt": 228
    }
  },
  "36970035": {
    "gameId": 818169136,
    "invalid": false,
    "gameMode": "CLASSIC",
    "gameType": "MATCHED_GAME",
    "subType": "RANKED_SOLO_5x5",
    "mapId": 1,
    "teamId": 200,
    "championId": 36,
    "spell1": 4,
    "spell2": 14,
    "level": 30,
    "ipEarned": 72,
    "createDate": 1398243505965,
    "fellowPlayers": [
      {
        "summonerId": 28409576,
        "teamId": 100,
        "championId": 51
      },
      {
        "summonerId": 37963519,
        "teamId": 200,
        "championId": 79
      },
      {
        "summonerId": 38098698,
        "teamId": 100,
        "championId": 86
      },
      {
        "summonerId": 27098045,
        "teamId": 200,
        "championId": 59
      },
      {
        "summonerId": 37205088,
        "teamId": 200,
        "championId": 16
      },
      {
        "summonerId": 33979414,
        "teamId": 100,
        "championId": 412
      },
      {
        "summonerId": 27053024,
        "teamId": 100,
        "championId": 77
      },
      {
        "summonerId": 36106603,
        "teamId": 100,
        "championId": 55
      },
      {
        "summonerId": 34009671,
        "teamId": 200,
        "championId": 15
      }
    ],
    "stats": {
      "level": 15,
      "goldEarned": 7618,
      "numDeaths": 3,
      "minionsKilled": 93,
      "goldSpent": 6685,
      "totalDamageDealt": 72434,
      "totalDamageTaken": 34437,
      "team": 200,
      "win": false,
      "neutralMinionsKilled": 4,
      "physicalDamageDealtPlayer": 20991,
      "magicDamageDealtPlayer": 50442,
      "physicalDamageTaken": 21940,
      "magicDamageTaken": 12349,
      "timePlayed": 2432,
      "totalHeal": 7516,
      "totalUnitsHealed": 1,
      "assists": 2,
      "item0": 1054,
      "item1": 3083,
      "item2": 3068,
      "item3": 1001,
      "item4": 1029,
      "item6": 3340,
      "magicDamageDealtToChampions": 11080,
      "physicalDamageDealtToChampions": 2183,
      "totalDamageDealtToChampions": 14264,
      "trueDamageDealtPlayer": 1000,
      "trueDamageDealtToChampions": 1000,
      "trueDamageTaken": 148,
      "wardKilled": 1,
      "wardPlaced": 7,
      "neutralMinionsKilledEnemyJungle": 2,
      "neutralMinionsKilledYourJungle": 2,
      "totalTimeCrowdControlDealt": 226
    }
  },
  "38098698": {
    "gameId": 818169136,
    "invalid": false,
    "gameMode": "CLASSIC",
    "gameType": "MATCHED_GAME",
    "subType": "RANKED_SOLO_5x5",
    "mapId": 1,
    "teamId": 100,
    "championId": 86,
    "spell1": 14,
    "spell2": 4,
    "level": 30,
    "ipEarned": 110,
    "createDate": 1398243505962,
    "fellowPlayers": [
      {
        "summonerId": 36970035,
        "teamId": 200,
        "championId": 36
      },
      {
        "summonerId": 28409576,
        "teamId": 100,
        "championId": 51
      },
      {
        "summonerId": 37963519,
        "teamId": 200,
        "championId": 79
      },
      {
        "summonerId": 27098045,
        "teamId": 200,
        "championId": 59
      },
      {
        "summonerId": 37205088,
        "teamId": 200,
        "championId": 16
      },
      {
        "summonerId": 33979414,
        "teamId": 100,
        "championId": 412
      },
      {
        "summonerId": 27053024,
        "teamId": 100,
        "championId": 77
      },
      {
        "summonerId": 36106603,
        "teamId": 100,
        "championId": 55
      },
      {
        "summonerId": 34009671,
        "teamId": 200,
        "championId": 15
      }
    ],
    "stats": {
      "level": 16,
      "goldEarned": 14087,
      "numDeaths": 3,
      "minionsKilled": 187,
      "championsKilled": 9,
      "goldSpent": 13860,
      "totalDamageDealt": 116352,
      "totalDamageTaken": 30618,
      "killingSprees": 4,
      "largestKillingSpree": 3,
      "team": 100,
      "win": true,
      "largestMultiKill": 1,
      "physicalDamageDealtPlayer": 86107,
      "magicDamageDealtPlayer": 28677,
      "physicalDamageTaken": 20031,
      "magicDamageTaken": 9445,
      "timePlayed": 2432,
      "totalHeal": 5396,
      "totalUnitsHealed": 1,
      "assists": 8,
      "item0": 3068,
      "item1": 3260,
      "item2": 3065,
      "item3": 3083,
      "item4": 3026,
      "item5": 1036,
      "item6": 3340,
      "magicDamageDealtToChampions": 7185,
      "physicalDamageDealtToChampions": 18001,
      "totalDamageDealtToChampions": 26754,
      "trueDamageDealtPlayer": 1568,
      "trueDamageDealtToChampions": 1568,
      "trueDamageTaken": 1142,
      "wardPlaced": 14,
      "totalTimeCrowdControlDealt": 96
    }
  },
  "37963519": {
    "gameId": 818169136,
    "invalid": false,
    "gameMode": "CLASSIC",
    "gameType": "MATCHED_GAME",
    "subType": "RANKED_SOLO_5x5",
    "mapId": 1,
    "teamId": 200,
    "championId": 79,
    "spell1": 14,
    "spell2": 4,
    "level": 30,
    "ipEarned": 72,
    "createDate": 1398243505967,
    "fellowPlayers": [
      {
        "summonerId": 36970035,
        "teamId": 200,
        "championId": 36
      },
      {
        "summonerId": 28409576,
        "teamId": 100,
        "championId": 51
      },
      {
        "summonerId": 38098698,
        "teamId": 100,
        "championId": 86
      },
      {
        "summonerId": 27098045,
        "teamId": 200,
        "championId": 59
      },
      {
        "summonerId": 37205088,
        "teamId": 200,
        "championId": 16
      },
      {
        "summonerId": 33979414,
        "teamId": 100,
        "championId": 412
      },
      {
        "summonerId": 27053024,
        "teamId": 100,
        "championId": 77
      },
      {
        "summonerId": 36106603,
        "teamId": 100,
        "championId": 55
      },
      {
        "summonerId": 34009671,
        "teamId": 200,
        "championId": 15
      }
    ],
    "stats": {
      "level": 14,
      "goldEarned": 9849,
      "numDeaths": 10,
      "minionsKilled": 164,
      "championsKilled": 3,
      "goldSpent": 9560,
      "totalDamageDealt": 104080,
      "totalDamageTaken": 33262,
      "team": 200,
      "win": false,
      "neutralMinionsKilled": 3,
      "largestMultiKill": 1,
      "physicalDamageDealtPlayer": 16662,
      "magicDamageDealtPlayer": 86350,
      "physicalDamageTaken": 19279,
      "magicDamageTaken": 13089,
      "largestCriticalStrike": 511,
      "timePlayed": 2432,
      "totalHeal": 4299,
      "totalUnitsHealed": 1,
      "assists": 3,
      "item0": 1056,
      "item1": 3136,
      "item2": 3089,
      "item3": 3165,
      "item4": 3028,
      "item5": 1001,
      "item6": 3340,
      "magicDamageDealtToChampions": 15657,
      "physicalDamageDealtToChampions": 1606,
      "totalDamageDealtToChampions": 18332,
      "trueDamageDealtPlayer": 1068,
      "trueDamageDealtToChampions": 1068,
      "trueDamageTaken": 894,
      "wardPlaced": 6,
      "neutralMinionsKilledYourJungle": 3,
      "totalTimeCrowdControlDealt": 512
    }
  },
  "36106603": {
    "gameId": 818169136,
    "invalid": false,
    "gameMode": "CLASSIC",
    "gameType": "MATCHED_GAME",
    "subType": "RANKED_SOLO_5x5",
    "mapId": 1,
    "teamId": 100,
    "championId": 55,
    "spell1": 7,
    "spell2": 4,
    "level": 30,
    "ipEarned": 110,
    "createDate": 1398243505960,
    "fellowPlayers": [
      {
        "summonerId": 36970035,
        "teamId": 200,
        "championId": 36
      },
      {
        "summonerId": 28409576,
        "teamId": 100,
        "championId": 51
      },
      {
        "summonerId": 37963519,
        "teamId": 200,
        "championId": 79
      },
      {
        "summonerId": 38098698,
        "teamId": 100,
        "championId": 86
      },
      {
        "summonerId": 27098045,
        "teamId": 200,
        "championId": 59
      },
      {
        "summonerId": 37205088,
        "teamId": 200,
        "championId": 16
      },
      {
        "summonerId": 33979414,
        "teamId": 100,
        "championId": 412
      },
      {
        "summonerId": 27053024,
        "teamId": 100,
        "championId": 77
      },
      {
        "summonerId": 34009671,
        "teamId": 200,
        "championId": 15
      }
    ],
    "stats": {
      "level": 16,
      "goldEarned": 13030,
      "numDeaths": 4,
      "barracksKilled": 1,
      "turretsKilled": 2,
      "minionsKilled": 142,
      "championsKilled": 8,
      "goldSpent": 11055,
      "totalDamageDealt": 116061,
      "totalDamageTaken": 26861,
      "killingSprees": 2,
      "largestKillingSpree": 3,
      "team": 100,
      "win": true,
      "neutralMinionsKilled": 9,
      "largestMultiKill": 1,
      "physicalDamageDealtPlayer": 24895,
      "magicDamageDealtPlayer": 91166,
      "physicalDamageTaken": 16774,
      "magicDamageTaken": 8767,
      "timePlayed": 2432,
      "totalHeal": 3223,
      "totalUnitsHealed": 4,
      "assists": 10,
      "item0": 3146,
      "item1": 3020,
      "item2": 3089,
      "item5": 3151,
      "item6": 3340,
      "sightWardsBought": 1,
      "magicDamageDealtToChampions": 25339,
      "physicalDamageDealtToChampions": 2336,
      "totalDamageDealtToChampions": 27676,
      "trueDamageTaken": 1319,
      "wardPlaced": 10,
      "neutralMinionsKilledEnemyJungle": 5,
      "neutralMinionsKilledYourJungle": 4
    }
  },
  "28409576": {
    "gameId": 818169136,
    "invalid": false,
    "gameMode": "CLASSIC",
    "gameType": "MATCHED_GAME",
    "subType": "RANKED_SOLO_5x5",
    "mapId": 1,
    "teamId": 100,
    "championId": 51,
    "spell1": 14,
    "spell2": 4,
    "level": 30,
    "ipEarned": 110,
    "createDate": 1398243505957,
    "fellowPlayers": [
      {
        "summonerId": 36970035,
        "teamId": 200,
        "championId": 36
      },
      {
        "summonerId": 37963519,
        "teamId": 200,
        "championId": 79
      },
      {
        "summonerId": 38098698,
        "teamId": 100,
        "championId": 86
      },
      {
        "summonerId": 27098045,
        "teamId": 200,
        "championId": 59
      },
      {
        "summonerId": 37205088,
        "teamId": 200,
        "championId": 16
      },
      {
        "summonerId": 33979414,
        "teamId": 100,
        "championId": 412
      },
      {
        "summonerId": 27053024,
        "teamId": 100,
        "championId": 77
      },
      {
        "summonerId": 36106603,
        "teamId": 100,
        "championId": 55
      },
      {
        "summonerId": 34009671,
        "teamId": 200,
        "championId": 15
      }
    ],
    "stats": {
      "level": 16,
      "goldEarned": 12670,
      "numDeaths": 4,
      "turretsKilled": 3,
      "minionsKilled": 190,
      "championsKilled": 2,
      "goldSpent": 11400,
      "totalDamageDealt": 151493,
      "totalDamageTaken": 22201,
      "team": 100,
      "win": true,
      "neutralMinionsKilled": 10,
      "largestMultiKill": 1,
      "physicalDamageDealtPlayer": 144456,
      "magicDamageDealtPlayer": 5736,
      "physicalDamageTaken": 18077,
      "magicDamageTaken": 3783,
      "largestCriticalStrike": 699,
      "timePlayed": 2432,
      "totalHeal": 1142,
      "totalUnitsHealed": 1,
      "assists": 9,
      "item0": 1055,
      "item1": 3072,
      "item2": 3046,
      "item3": 3006,
      "item4": 3035,
      "item5": 1038,
      "item6": 3340,
      "magicDamageDealtToChampions": 4211,
      "physicalDamageDealtToChampions": 16988,
      "totalDamageDealtToChampions": 22154,
      "trueDamageDealtPlayer": 1300,
      "trueDamageDealtToChampions": 954,
      "trueDamageTaken": 340,
      "wardPlaced": 3,
      "neutralMinionsKilledEnemyJungle": 7,
      "neutralMinionsKilledYourJungle": 3,
      "totalTimeCrowdControlDealt": 286
    }
  },
  "27053024": {
    "gameId": 818169136,
    "invalid": false,
    "gameMode": "CLASSIC",
    "gameType": "MATCHED_GAME",
    "subType": "RANKED_SOLO_5x5",
    "mapId": 1,
    "teamId": 100,
    "championId": 77,
    "spell1": 11,
    "spell2": 6,
    "level": 30,
    "ipEarned": 110,
    "createDate": 1398243505963,
    "fellowPlayers": [
      {
        "summonerId": 36970035,
        "teamId": 200,
        "championId": 36
      },
      {
        "summonerId": 28409576,
        "teamId": 100,
        "championId": 51
      },
      {
        "summonerId": 37963519,
        "teamId": 200,
        "championId": 79
      },
      {
        "summonerId": 38098698,
        "teamId": 100,
        "championId": 86
      },
      {
        "summonerId": 27098045,
        "teamId": 200,
        "championId": 59
      },
      {
        "summonerId": 37205088,
        "teamId": 200,
        "championId": 16
      },
      {
        "summonerId": 33979414,
        "teamId": 100,
        "championId": 412
      },
      {
        "summonerId": 36106603,
        "teamId": 100,
        "championId": 55
      },
      {
        "summonerId": 34009671,
        "teamId": 200,
        "championId": 15
      }
    ],
    "stats": {
      "level": 18,
      "goldEarned": 17770,
      "numDeaths": 2,
      "turretsKilled": 2,
      "minionsKilled": 105,
      "championsKilled": 14,
      "goldSpent": 16263,
      "totalDamageDealt": 222667,
      "totalDamageTaken": 27586,
      "doubleKills": 2,
      "killingSprees": 2,
      "largestKillingSpree": 7,
      "team": 100,
      "win": true,
      "neutralMinionsKilled": 83,
      "largestMultiKill": 2,
      "physicalDamageDealtPlayer": 84622,
      "magicDamageDealtPlayer": 125726,
      "physicalDamageTaken": 20200,
      "magicDamageTaken": 6617,
      "largestCriticalStrike": 446,
      "timePlayed": 2432,
      "totalHeal": 5001,
      "totalUnitsHealed": 1,
      "assists": 17,
      "item0": 3207,
      "item1": 3078,
      "item2": 3262,
      "item3": 3068,
      "item4": 3091,
      "item5": 3065,
      "item6": 3362,
      "magicDamageDealtToChampions": 17719,
      "physicalDamageDealtToChampions": 19363,
      "totalDamageDealtToChampions": 38849,
      "trueDamageDealtPlayer": 12320,
      "trueDamageDealtToChampions": 1766,
      "trueDamageTaken": 768,
      "wardPlaced": 6,
      "neutralMinionsKilledEnemyJungle": 15,
      "neutralMinionsKilledYourJungle": 68,
      "totalTimeCrowdControlDealt": 485
    }
  }
}