{
  "29763968": {
    "gameId": 818157469,
    "invalid": false,
    "gameMode": "CLASSIC",
    "gameType": "MATCHED_GAME",
    "subType": "NORMAL",
    "mapId": 1,
    "teamId": 200,
    "championId": 29,
    "spell1": 4,
    "spell2": 14,
    "level": 30,
    "ipEarned": 127,
    "createDate": 1398241943214,
    "fellowPlayers": [
      {
        "summonerId": 21432655,
        "teamId": 100,
        "championId": 29
      },
      {
        "summonerId": 30947806,
        "teamId": 100,
        "championId": 412
      },
      {
        "summonerId": 28298980,
        "teamId": 100,
        "championId": 43
      },
      {
        "summonerId": 23865003,
        "teamId": 100,
        "championId": 103
      },
      {
        "summonerId": 38066512,
        "teamId": 200,
        "championId": 43
      },
      {
        "summonerId": 42353208,
        "teamId": 200,
        "championId": 24
      },
      {
        "summonerId": 24560794,
        "teamId": 200,
        "championId": 238
      },
      {
        "summonerId": 31554930,
        "teamId": 200,
        "championId": 39
      },
      {
        "summonerId": 21000862,
        "teamId": 100,
        "championId": 238
      }
    ],
    "stats": {
      "level": 18,
      "goldEarned": 23202,
      "numDeaths": 11,
      "barracksKilled": 3,
      "turretsKilled": 3,
      "minionsKilled": 285,
      "championsKilled": 23,
      "goldSpent": 17570,
      "totalDamageDealt": 312548,
      "totalDamageTaken": 47295,
      "doubleKills": 2,
      "killingSprees": 6,
      "largestKillingSpree": 5,
      "team": 200,
      "win": true,
      "neutralMinionsKilled": 22,
      "largestMultiKill": 2,
      "physicalDamageDealtPlayer": 271107,
      "magicDamageDealtPlayer": 28315,
      "physicalDamageTaken": 28108,
      "magicDamageTaken": 14404,
      "largestCriticalStrike": 658,
      "timePlayed": 2858,
      "totalHeal": 5008,
      "totalUnitsHealed": 1,
      "assists": 7,
      "item0": 3072,
      "item1": 3250,
      "item2": 3153,
      "item3": 3087,
      "item4": 3046,
      "item5": 3035,
      "item6": 3340,
      "magicDamageDealtToChampions": 2302,
      "physicalDamageDealtToChampions": 44411,
      "totalDamageDealtToChampions": 53697,
      "trueDamageDealtPlayer": 13125,
      "trueDamageDealtToChampions": 6983,
      "trueDamageTaken": 4782,
      "wardPlaced": 3,
      "neutralMinionsKilledEnemyJungle": 16,
      "neutralMinionsKilledYourJungle": 6,
      "totalTimeCrowdControlDealt": 542
    }
  },
  "summonerCount": 10,
  "23865003": {
    "gameId": 818157469,
    "invalid": false,
    "gameMode": "CLASSIC",
    "gameType": "MATCHED_GAME",
    "subType": "NORMAL",
    "mapId": 1,
    "teamId": 100,
    "championId": 103,
    "spell1": 14,
    "spell2": 4,
    "level": 30,
    "ipEarned": 82,
    "createDate": 1398241943205,
    "fellowPlayers": [
      {
        "summonerId": 21432655,
        "teamId": 100,
        "championId": 29
      },
      {
        "summonerId": 30947806,
        "teamId": 100,
        "championId": 412
      },
      {
        "summonerId": 28298980,
        "teamId": 100,
        "championId": 43
      },
      {
        "summonerId": 38066512,
        "teamId": 200,
        "championId": 43
      },
      {
        "summonerId": 42353208,
        "teamId": 200,
        "championId": 24
      },
      {
        "summonerId": 29763968,
        "teamId": 200,
        "championId": 29
      },
      {
        "summonerId": 24560794,
        "teamId": 200,
        "championId": 238
      },
      {
        "summonerId": 31554930,
        "teamId": 200,
        "championId": 39
      },
      {
        "summonerId": 21000862,
        "teamId": 100,
        "championId": 238
      }
    ],
    "stats": {
      "level": 18,
      "goldEarned": 12405,
      "numDeaths": 11,
      "minionsKilled": 147,
      "championsKilled": 7,
      "goldSpent": 12755,
      "totalDamageDealt": 136839,
      "totalDamageTaken": 30279,
      "doubleKills": 1,
      "killingSprees": 2,
      "largestKillingSpree": 3,
      "team": 100,
      "win": false,
      "neutralMinionsKilled": 3,
      "largestMultiKill": 2,
      "physicalDamageDealtPlayer": 25716,
      "magicDamageDealtPlayer": 65944,
      "physicalDamageTaken": 24574,
      "magicDamageTaken": 3783,
      "timePlayed": 2858,
      "totalHeal": 2600,
      "totalUnitsHealed": 1,
      "assists": 6,
      "item0": 3128,
      "item1": 3157,
      "item2": 3020,
      "item3": 3089,
      "item6": 3340,
      "magicDamageDealtToChampions": 14146,
      "physicalDamageDealtToChampions": 1706,
      "totalDamageDealtToChampions": 22727,
      "trueDamageDealtPlayer": 45179,
      "trueDamageDealtToChampions": 6874,
      "trueDamageTaken": 1922,
      "neutralMinionsKilledYourJungle": 3,
      "totalTimeCrowdControlDealt": 188
    }
  },
  "30947806": {
    "gameId": 818157469,
    "invalid": false,
    "gameMode": "CLASSIC",
    "gameType": "MATCHED_GAME",
    "subType": "NORMAL",
    "mapId": 1,
    "teamId": 100,
    "championId": 412,
    "spell1": 4,
    "spell2": 3,
    "level": 30,
    "ipEarned": 82,
    "createDate": 1398241943209,
    "fellowPlayers": [
      {
        "summonerId": 21432655,
        "teamId": 100,
        "championId": 29
      },
      {
        "summonerId": 28298980,
        "teamId": 100,
        "championId": 43
      },
      {
        "summonerId": 23865003,
        "teamId": 100,
        "championId": 103
      },
      {
        "summonerId": 38066512,
        "teamId": 200,
        "championId": 43
      },
      {
        "summonerId": 42353208,
        "teamId": 200,
        "championId": 24
      },
      {
        "summonerId": 29763968,
        "teamId": 200,
        "championId": 29
      },
      {
        "summonerId": 24560794,
        "teamId": 200,
        "championId": 238
      },
      {
        "summonerId": 31554930,
        "teamId": 200,
        "championId": 39
      },
      {
        "summonerId": 21000862,
        "teamId": 100,
        "championId": 238
      }
    ],
    "stats": {
      "level": 18,
      "goldEarned": 13114,
      "numDeaths": 13,
      "minionsKilled": 30,
      "championsKilled": 8,
      "goldSpent": 15130,
      "totalDamageDealt": 58082,
      "totalDamageTaken": 37227,
      "killingSprees": 1,
      "largestKillingSpree": 5,
      "team": 100,
      "win": false,
      "neutralMinionsKilled": 9,
      "largestMultiKill": 1,
      "physicalDamageDealtPlayer": 13846,
      "magicDamageDealtPlayer": 44236,
      "physicalDamageTaken": 27500,
      "magicDamageTaken": 7202,
      "largestCriticalStrike": 320,
      "timePlayed": 2858,
      "totalHeal": 4121,
      "totalUnitsHealed": 1,
      "assists": 17,
      "item0": 3087,
      "item1": 2049,
      "item2": 3006,
      "item3": 3068,
      "item4": 3072,
      "item5": 1038,
      "item6": 3341,
      "sightWardsBought": 1,
      "magicDamageDealtToChampions": 15401,
      "physicalDamageDealtToChampions": 2509,
      "totalDamageDealtToChampions": 17910,
      "trueDamageTaken": 2524,
      "wardPlaced": 24,
      "neutralMinionsKilledEnemyJungle": 8,
      "neutralMinionsKilledYourJungle": 1,
      "totalTimeCrowdControlDealt": 175
    }
  },
  "28298980": {
    "gameId": 818157469,
    "invalid": false,
    "gameMode": "CLASSIC",
    "gameType": "MATCHED_GAME",
    "subType": "NORMAL",
    "mapId": 1,
    "teamId": 100,
    "championId": 43,
    "spell1": 4,
    "spell2": 14,
    "level": 30,
    "ipEarned": 82,
    "createDate": 1398241943207,
    "fellowPlayers": [
      {
        "summonerId": 21432655,
        "teamId": 100,
        "championId": 29
      },
      {
        "summonerId": 30947806,
        "teamId": 100,
        "championId": 412
      },
      {
        "summonerId": 23865003,
        "teamId": 100,
        "championId": 103
      },
      {
        "summonerId": 38066512,
        "teamId": 200,
        "championId": 43
      },
      {
        "summonerId": 42353208,
        "teamId": 200,
        "championId": 24
      },
      {
        "summonerId": 29763968,
        "teamId": 200,
        "championId": 29
      },
      {
        "summonerId": 24560794,
        "teamId": 200,
        "championId": 238
      },
      {
        "summonerId": 31554930,
        "teamId": 200,
        "championId": 39
      },
      {
        "summonerId": 21000862,
        "teamId": 100,
        "championId": 238
      }
    ],
    "stats": {
      "level": 18,
      "goldEarned": 16183,
      "numDeaths": 8,
      "turretsKilled": 2,
      "minionsKilled": 143,
      "championsKilled": 9,
      "goldSpent": 16800,
      "totalDamageDealt": 157169,
      "totalDamageTaken": 32354,
      "killingSprees": 2,
      "largestKillingSpree": 3,
      "team": 100,
      "win": false,
      "neutralMinionsKilled": 15,
      "largestMultiKill": 1,
      "physicalDamageDealtPlayer": 26294,
      "magicDamageDealtPlayer": 128731,
      "physicalDamageTaken": 25373,
      "magicDamageTaken": 3952,
      "timePlayed": 2858,
      "totalHeal": 2680,
      "totalUnitsHealed": 1,
      "assists": 19,
      "item0": 3255,
      "item1": 3157,
      "item2": 3174,
      "item3": 3116,
      "item4": 3110,
      "item5": 3136,
      "item6": 3362,
      "sightWardsBought": 1,
      "visionWardsBought": 1,
      "magicDamageDealtToChampions": 34168,
      "physicalDamageDealtToChampions": 4019,
      "totalDamageDealtToChampions": 40205,
      "trueDamageDealtPlayer": 2144,
      "trueDamageDealtToChampions": 2018,
      "trueDamageTaken": 3029,
      "wardKilled": 1,
      "wardPlaced": 15,
      "neutralMinionsKilledEnemyJungle": 2,
      "neutralMinionsKilledYourJungle": 13,
      "totalTimeCrowdControlDealt": 1359
    }
  },
  "24560794": {
    "gameId": 818157469,
    "invalid": false,
    "gameMode": "CLASSIC",
    "gameType": "MATCHED_GAME",
    "subType": "NORMAL",
    "mapId": 1,
    "teamId": 200,
    "championId": 238,
    "spell1": 4,
    "spell2": 14,
    "level": 30,
    "ipEarned": 127,
    "createDate": 1398241943213,
    "fellowPlayers": [
      {
        "summonerId": 21432655,
        "teamId": 100,
        "championId": 29
      },
      {
        "summonerId": 30947806,
        "teamId": 100,
        "championId": 412
      },
      {
        "summonerId": 28298980,
        "teamId": 100,
        "championId": 43
      },
      {
        "summonerId": 23865003,
        "teamId": 100,
        "championId": 103
      },
      {
        "summonerId": 38066512,
        "teamId": 200,
        "championId": 43
      },
      {
        "summonerId": 42353208,
        "teamId": 200,
        "championId": 24
      },
      {
        "summonerId": 29763968,
        "teamId": 200,
        "championId": 29
      },
      {
        "summonerId": 31554930,
        "teamId": 200,
        "championId": 39
      },
      {
        "summonerId": 21000862,
        "teamId": 100,
        "championId": 238
      }
    ],
    "stats": {
      "level": 18,
      "goldEarned": 19886,
      "numDeaths": 10,
      "turretsKilled": 4,
      "minionsKilled": 219,
      "championsKilled": 20,
      "goldSpent": 17245,
      "totalDamageDealt": 221610,
      "totalDamageTaken": 42735,
      "doubleKills": 3,
      "tripleKills": 1,
      "killingSprees": 5,
      "largestKillingSpree": 4,
      "team": 200,
      "win": true,
      "neutralMinionsKilled": 16,
      "largestMultiKill": 3,
      "physicalDamageDealtPlayer": 211878,
      "magicDamageDealtPlayer": 7881,
      "physicalDamageTaken": 21219,
      "magicDamageTaken": 16591,
      "largestCriticalStrike": 1324,
      "timePlayed": 2858,
      "totalHeal": 1543,
      "totalUnitsHealed": 1,
      "assists": 8,
      "item0": 3111,
      "item1": 3153,
      "item2": 3071,
      "item3": 3035,
      "item4": 3031,
      "item5": 3072,
      "item6": 3340,
      "magicDamageDealtToChampions": 1653,
      "physicalDamageDealtToChampions": 47642,
      "totalDamageDealtToChampions": 51146,
      "trueDamageDealtPlayer": 1850,
      "trueDamageDealtToChampions": 1850,
      "trueDamageTaken": 4923,
      "wardPlaced": 38,
      "neutralMinionsKilledEnemyJungle": 12,
      "neutralMinionsKilledYourJungle": 4,
      "totalTimeCrowdControlDealt": 206
    }
  },
  "31554930": {
    "gameId": 818157469,
    "invalid": false,
    "gameMode": "CLASSIC",
    "gameType": "MATCHED_GAME",
    "subType": "NORMAL",
    "mapId": 1,
    "teamId": 200,
    "championId": 39,
    "spell1": 4,
    "spell2": 14,
    "level": 30,
    "ipEarned": 277,
    "createDate": 1398241943212,
    "fellowPlayers": [
      {
        "summonerId": 21432655,
        "teamId": 100,
        "championId": 29
      },
      {
        "summonerId": 30947806,
        "teamId": 100,
        "championId": 412
      },
      {
        "summonerId": 28298980,
        "teamId": 100,
        "championId": 43
      },
      {
        "summonerId": 23865003,
        "teamId": 100,
        "championId": 103
      },
      {
        "summonerId": 38066512,
        "teamId": 200,
        "championId": 43
      },
      {
        "summonerId": 42353208,
        "teamId": 200,
        "championId": 24
      },
      {
        "summonerId": 29763968,
        "teamId": 200,
        "championId": 29
      },
      {
        "summonerId": 24560794,
        "teamId": 200,
        "championId": 238
      },
      {
        "summonerId": 21000862,
        "teamId": 100,
        "championId": 238
      }
    ],
    "stats": {
      "level": 18,
      "goldEarned": 12888,
      "numDeaths": 11,
      "turretsKilled": 1,
      "minionsKilled": 51,
      "championsKilled": 3,
      "goldSpent": 12805,
      "totalDamageDealt": 139809,
      "totalDamageTaken": 48629,
      "team": 200,
      "win": true,
      "neutralMinionsKilled": 64,
      "largestMultiKill": 1,
      "physicalDamageDealtPlayer": 115689,
      "magicDamageDealtPlayer": 7916,
      "physicalDamageTaken": 36450,
      "magicDamageTaken": 9491,
      "timePlayed": 2858,
      "totalHeal": 8382,
      "totalUnitsHealed": 1,
      "assists": 7,
      "item0": 3082,
      "item1": 3153,
      "item2": 3072,
      "item3": 1001,
      "item4": 3083,
      "item5": 1011,
      "item6": 3340,
      "magicDamageDealtToChampions": 1773,
      "physicalDamageDealtToChampions": 7375,
      "totalDamageDealtToChampions": 11709,
      "trueDamageDealtPlayer": 16202,
      "trueDamageDealtToChampions": 2559,
      "trueDamageTaken": 2686,
      "wardPlaced": 7,
      "neutralMinionsKilledEnemyJungle": 14,
      "neutralMinionsKilledYourJungle": 50,
      "totalTimeCrowdControlDealt": 577
    }
  },
  "42353208": {
    "gameId": 818157469,
    "invalid": false,
    "gameMode": "CLASSIC",
    "gameType": "MATCHED_GAME",
    "subType": "NORMAL",
    "mapId": 1,
    "teamId": 200,
    "championId": 24,
    "spell1": 4,
    "spell2": 14,
    "level": 30,
    "ipEarned": 127,
    "createDate": 1398241943210,
    "fellowPlayers": [
      {
        "summonerId": 21432655,
        "teamId": 100,
        "championId": 29
      },
      {
        "summonerId": 30947806,
        "teamId": 100,
        "championId": 412
      },
      {
        "summonerId": 28298980,
        "teamId": 100,
        "championId": 43
      },
      {
        "summonerId": 23865003,
        "teamId": 100,
        "championId": 103
      },
      {
        "summonerId": 38066512,
        "teamId": 200,
        "championId": 43
      },
      {
        "summonerId": 29763968,
        "teamId": 200,
        "championId": 29
      },
      {
        "summonerId": 24560794,
        "teamId": 200,
        "championId": 238
      },
      {
        "summonerId": 31554930,
        "teamId": 200,
        "championId": 39
      },
      {
        "summonerId": 21000862,
        "teamId": 100,
        "championId": 238
      }
    ],
    "stats": {
      "level": 18,
      "goldEarned": 17374,
      "numDeaths": 10,
      "turretsKilled": 2,
      "minionsKilled": 280,
      "championsKilled": 5,
      "goldSpent": 14578,
      "totalDamageDealt": 287006,
      "totalDamageTaken": 44339,
      "killingSprees": 1,
      "largestKillingSpree": 2,
      "team": 200,
      "win": true,
      "neutralMinionsKilled": 55,
      "largestMultiKill": 1,
      "physicalDamageDealtPlayer": 237890,
      "magicDamageDealtPlayer": 48085,
      "physicalDamageTaken": 31140,
      "magicDamageTaken": 10986,
      "largestCriticalStrike": 609,
      "timePlayed": 2858,
      "totalHeal": 3976,
      "totalUnitsHealed": 1,
      "assists": 2,
      "item0": 3153,
      "item1": 3143,
      "item2": 3047,
      "item3": 1055,
      "item4": 3078,
      "item5": 3156,
      "item6": 3340,
      "magicDamageDealtToChampions": 2965,
      "physicalDamageDealtToChampions": 10786,
      "totalDamageDealtToChampions": 14782,
      "trueDamageDealtPlayer": 1030,
      "trueDamageDealtToChampions": 1030,
      "trueDamageTaken": 2211,
      "wardPlaced": 12,
      "neutralMinionsKilledEnemyJungle": 22,
      "neutralMinionsKilledYourJungle": 33,
      "totalTimeCrowdControlDealt": 458
    }
  },
  "21000862": {
    "gameId": 818157469,
    "invalid": false,
    "gameMode": "CLASSIC",
    "gameType": "MATCHED_GAME",
    "subType": "NORMAL",
    "mapId": 1,
    "teamId": 100,
    "championId": 238,
    "spell1": 4,
    "spell2": 14,
    "level": 30,
    "ipEarned": 82,
    "createDate": 1398241943206,
    "fellowPlayers": [
      {
        "summonerId": 21432655,
        "teamId": 100,
        "championId": 29
      },
      {
        "summonerId": 30947806,
        "teamId": 100,
        "championId": 412
      },
      {
        "summonerId": 28298980,
        "teamId": 100,
        "championId": 43
      },
      {
        "summonerId": 23865003,
        "teamId": 100,
        "championId": 103
      },
      {
        "summonerId": 38066512,
        "teamId": 200,
        "championId": 43
      },
      {
        "summonerId": 42353208,
        "teamId": 200,
        "championId": 24
      },
      {
        "summonerId": 29763968,
        "teamId": 200,
        "championId": 29
      },
      {
        "summonerId": 24560794,
        "teamId": 200,
        "championId": 238
      },
      {
        "summonerId": 31554930,
        "teamId": 200,
        "championId": 39
      }
    ],
    "stats": {
      "level": 18,
      "goldEarned": 21175,
      "numDeaths": 7,
      "barracksKilled": 1,
      "turretsKilled": 2,
      "minionsKilled": 238,
      "championsKilled": 27,
      "goldSpent": 21055,
      "totalDamageDealt": 234239,
      "totalDamageTaken": 44911,
      "doubleKills": 5,
      "tripleKills": 1,
      "killingSprees": 4,
      "largestKillingSpree": 9,
      "team": 100,
      "win": false,
      "neutralMinionsKilled": 24,
      "largestMultiKill": 3,
      "physicalDamageDealtPlayer": 220307,
      "magicDamageDealtPlayer": 12144,
      "physicalDamageTaken": 36144,
      "magicDamageTaken": 6183,
      "timePlayed": 2858,
      "totalHeal": 3005,
      "totalUnitsHealed": 1,
      "assists": 6,
      "item0": 3071,
      "item1": 3153,
      "item2": 3072,
      "item3": 3265,
      "item4": 3035,
      "item5": 3031,
      "item6": 3362,
      "magicDamageDealtToChampions": 3503,
      "physicalDamageDealtToChampions": 53246,
      "totalDamageDealtToChampions": 58208,
      "trueDamageDealtPlayer": 1788,
      "trueDamageDealtToChampions": 1458,
      "trueDamageTaken": 2582,
      "wardPlaced": 40,
      "neutralMinionsKilledEnemyJungle": 2,
      "neutralMinionsKilledYourJungle": 22,
      "totalTimeCrowdControlDealt": 544
    }
  },
  "21432655": {
    "gameId": 818157469,
    "invalid": false,
    "gameMode": "CLASSIC",
    "gameType": "MATCHED_GAME",
    "subType": "NORMAL",
    "mapId": 1,
    "teamId": 100,
    "championId": 29,
    "spell1": 4,
    "spell2": 21,
    "level": 30,
    "ipEarned": 82,
    "createDate": 1398241943208,
    "fellowPlayers": [
      {
        "summonerId": 30947806,
        "teamId": 100,
        "championId": 412
      },
      {
        "summonerId": 28298980,
        "teamId": 100,
        "championId": 43
      },
      {
        "summonerId": 23865003,
        "teamId": 100,
        "championId": 103
      },
      {
        "summonerId": 38066512,
        "teamId": 200,
        "championId": 43
      },
      {
        "summonerId": 42353208,
        "teamId": 200,
        "championId": 24
      },
      {
        "summonerId": 29763968,
        "teamId": 200,
        "championId": 29
      },
      {
        "summonerId": 24560794,
        "teamId": 200,
        "championId": 238
      },
      {
        "summonerId": 31554930,
        "teamId": 200,
        "championId": 39
      },
      {
        "summonerId": 21000862,
        "teamId": 100,
        "championId": 238
      }
    ],
    "stats": {
      "level": 18,
      "goldEarned": 15452,
      "numDeaths": 14,
      "turretsKilled": 2,
      "minionsKilled": 224,
      "championsKilled": 9,
      "goldSpent": 15095,
      "totalDamageDealt": 185565,
      "totalDamageTaken": 35407,
      "killingSprees": 1,
      "largestKillingSpree": 2,
      "team": 100,
      "win": false,
      "neutralMinionsKilled": 17,
      "largestMultiKill": 1,
      "physicalDamageDealtPlayer": 170387,
      "physicalDamageTaken": 27117,
      "magicDamageTaken": 5924,
      "largestCriticalStrike": 740,
      "timePlayed": 2858,
      "totalHeal": 479,
      "totalUnitsHealed": 1,
      "assists": 8,
      "item0": 3153,
      "item1": 3072,
      "item2": 3006,
      "item3": 3031,
      "item4": 3085,
      "item5": 3086,
      "item6": 3340,
      "physicalDamageDealtToChampions": 20944,
      "totalDamageDealtToChampions": 26565,
      "trueDamageDealtPlayer": 15178,
      "trueDamageDealtToChampions": 5620,
      "trueDamageTaken": 2365,
      "wardPlaced": 4,
      "neutralMinionsKilledEnemyJungle": 7,
      "neutralMinionsKilledYourJungle": 10,
      "totalTimeCrowdControlDealt": 670
    }
  },
  "29763968": {
    "gameId": 818157469,
    "invalid": false,
    "gameMode": "CLASSIC",
    "gameType": "MATCHED_GAME",
    "subType": "NORMAL",
    "mapId": 1,
    "teamId": 200,
    "championId": 29,
    "spell1": 4,
    "spell2": 14,
    "level": 30,
    "ipEarned": 127,
    "createDate": 1398241943214,
    "fellowPlayers": [
      {
        "summonerId": 21432655,
        "teamId": 100,
        "championId": 29
      },
      {
        "summonerId": 30947806,
        "teamId": 100,
        "championId": 412
      },
      {
        "summonerId": 28298980,
        "teamId": 100,
        "championId": 43
      },
      {
        "summonerId": 23865003,
        "teamId": 100,
        "championId": 103
      },
      {
        "summonerId": 38066512,
        "teamId": 200,
        "championId": 43
      },
      {
        "summonerId": 42353208,
        "teamId": 200,
        "championId": 24
      },
      {
        "summonerId": 24560794,
        "teamId": 200,
        "championId": 238
      },
      {
        "summonerId": 31554930,
        "teamId": 200,
        "championId": 39
      },
      {
        "summonerId": 21000862,
        "teamId": 100,
        "championId": 238
      }
    ],
    "stats": {
      "level": 18,
      "goldEarned": 23202,
      "numDeaths": 11,
      "barracksKilled": 3,
      "turretsKilled": 3,
      "minionsKilled": 285,
      "championsKilled": 23,
      "goldSpent": 17570,
      "totalDamageDealt": 312548,
      "totalDamageTaken": 47295,
      "doubleKills": 2,
      "killingSprees": 6,
      "largestKillingSpree": 5,
      "team": 200,
      "win": true,
      "neutralMinionsKilled": 22,
      "largestMultiKill": 2,
      "physicalDamageDealtPlayer": 271107,
      "magicDamageDealtPlayer": 28315,
      "physicalDamageTaken": 28108,
      "magicDamageTaken": 14404,
      "largestCriticalStrike": 658,
      "timePlayed": 2858,
      "totalHeal": 5008,
      "totalUnitsHealed": 1,
      "assists": 7,
      "item0": 3072,
      "item1": 3250,
      "item2": 3153,
      "item3": 3087,
      "item4": 3046,
      "item5": 3035,
      "item6": 3340,
      "magicDamageDealtToChampions": 2302,
      "physicalDamageDealtToChampions": 44411,
      "totalDamageDealtToChampions": 53697,
      "trueDamageDealtPlayer": 13125,
      "trueDamageDealtToChampions": 6983,
      "trueDamageTaken": 4782,
      "wardPlaced": 3,
      "neutralMinionsKilledEnemyJungle": 16,
      "neutralMinionsKilledYourJungle": 6,
      "totalTimeCrowdControlDealt": 542
    }
  }
}