{
  "27806824": {
    "gameId": 818168875,
    "invalid": false,
    "gameMode": "CLASSIC",
    "gameType": "MATCHED_GAME",
    "subType": "RANKED_SOLO_5x5",
    "mapId": 1,
    "teamId": 200,
    "championId": 76,
    "spell1": 14,
    "spell2": 4,
    "level": 30,
    "ipEarned": 68,
    "createDate": 1398243260695,
    "fellowPlayers": [
      {
        "summonerId": 21247314,
        "teamId": 200,
        "championId": 64
      },
      {
        "summonerId": 42324992,
        "teamId": 200,
        "championId": 19
      },
      {
        "summonerId": 33498471,
        "teamId": 100,
        "championId": 105
      },
      {
        "summonerId": 26567158,
        "teamId": 200,
        "championId": 12
      },
      {
        "summonerId": 39787054,
        "teamId": 100,
        "championId": 58
      },
      {
        "summonerId": 356020,
        "teamId": 100,
        "championId": 89
      },
      {
        "summonerId": 30104964,
        "teamId": 100,
        "championId": 106
      },
      {
        "summonerId": 25551520,
        "teamId": 100,
        "championId": 15
      },
      {
        "summonerId": 26038077,
        "teamId": 200,
        "championId": 236
      }
    ],
    "stats": {
      "level": 17,
      "goldEarned": 12550,
      "numDeaths": 13,
      "turretsKilled": 2,
      "minionsKilled": 154,
      "championsKilled": 9,
      "goldSpent": 13460,
      "totalDamageDealt": 126052,
      "totalDamageTaken": 34355,
      "doubleKills": 2,
      "killingSprees": 3,
      "largestKillingSpree": 3,
      "team": 200,
      "win": false,
      "neutralMinionsKilled": 15,
      "largestMultiKill": 2,
      "physicalDamageDealtPlayer": 37588,
      "magicDamageDealtPlayer": 86999,
      "physicalDamageTaken": 21403,
      "magicDamageTaken": 11952,
      "timePlayed": 2274,
      "totalHeal": 13815,
      "totalUnitsHealed": 5,
      "assists": 7,
      "item0": 3255,
      "item1": 3089,
      "item2": 3100,
      "item3": 1058,
      "item4": 3108,
      "item5": 3191,
      "item6": 3340,
      "magicDamageDealtToChampions": 20020,
      "physicalDamageDealtToChampions": 4447,
      "totalDamageDealtToChampions": 25771,
      "trueDamageDealtPlayer": 1464,
      "trueDamageDealtToChampions": 1304,
      "trueDamageTaken": 1000,
      "wardPlaced": 10,
      "neutralMinionsKilledYourJungle": 15,
      "totalTimeCrowdControlDealt": 30
    }
  },
  "summonerCount": 10,
  "26567158": {
    "gameId": 818168875,
    "invalid": false,
    "gameMode": "CLASSIC",
    "gameType": "MATCHED_GAME",
    "subType": "RANKED_SOLO_5x5",
    "mapId": 1,
    "teamId": 200,
    "championId": 12,
    "spell1": 4,
    "spell2": 3,
    "level": 30,
    "ipEarned": 68,
    "createDate": 1398243260700,
    "fellowPlayers": [
      {
        "summonerId": 27806824,
        "teamId": 200,
        "championId": 76
      },
      {
        "summonerId": 21247314,
        "teamId": 200,
        "championId": 64
      },
      {
        "summonerId": 42324992,
        "teamId": 200,
        "championId": 19
      },
      {
        "summonerId": 33498471,
        "teamId": 100,
        "championId": 105
      },
      {
        "summonerId": 39787054,
        "teamId": 100,
        "championId": 58
      },
      {
        "summonerId": 356020,
        "teamId": 100,
        "championId": 89
      },
      {
        "summonerId": 30104964,
        "teamId": 100,
        "championId": 106
      },
      {
        "summonerId": 25551520,
        "teamId": 100,
        "championId": 15
      },
      {
        "summonerId": 26038077,
        "teamId": 200,
        "championId": 236
      }
    ],
    "stats": {
      "level": 15,
      "goldEarned": 9238,
      "numDeaths": 9,
      "turretsKilled": 1,
      "minionsKilled": 15,
      "goldSpent": 9320,
      "totalDamageDealt": 31584,
      "totalDamageTaken": 38414,
      "team": 200,
      "win": false,
      "physicalDamageDealtPlayer": 6084,
      "magicDamageDealtPlayer": 25499,
      "physicalDamageTaken": 26315,
      "magicDamageTaken": 10943,
      "timePlayed": 2274,
      "totalHeal": 5948,
      "totalUnitsHealed": 32,
      "assists": 17,
      "item0": 3102,
      "item1": 3270,
      "item2": 2049,
      "item3": 3143,
      "item6": 3341,
      "sightWardsBought": 1,
      "visionWardsBought": 1,
      "magicDamageDealtToChampions": 8623,
      "physicalDamageDealtToChampions": 2310,
      "totalDamageDealtToChampions": 10934,
      "trueDamageTaken": 1155,
      "wardPlaced": 25,
      "totalTimeCrowdControlDealt": 732
    }
  },
  "26038077": {
    "gameId": 818168875,
    "invalid": false,
    "gameMode": "CLASSIC",
    "gameType": "MATCHED_GAME",
    "subType": "RANKED_SOLO_5x5",
    "mapId": 1,
    "teamId": 200,
    "championId": 236,
    "spell1": 4,
    "spell2": 7,
    "level": 30,
    "ipEarned": 68,
    "createDate": 1398243260696,
    "fellowPlayers": [
      {
        "summonerId": 27806824,
        "teamId": 200,
        "championId": 76
      },
      {
        "summonerId": 21247314,
        "teamId": 200,
        "championId": 64
      },
      {
        "summonerId": 42324992,
        "teamId": 200,
        "championId": 19
      },
      {
        "summonerId": 33498471,
        "teamId": 100,
        "championId": 105
      },
      {
        "summonerId": 26567158,
        "teamId": 200,
        "championId": 12
      },
      {
        "summonerId": 39787054,
        "teamId": 100,
        "championId": 58
      },
      {
        "summonerId": 356020,
        "teamId": 100,
        "championId": 89
      },
      {
        "summonerId": 30104964,
        "teamId": 100,
        "championId": 106
      },
      {
        "summonerId": 25551520,
        "teamId": 100,
        "championId": 15
      }
    ],
    "stats": {
      "level": 16,
      "goldEarned": 12661,
      "numDeaths": 5,
      "turretsKilled": 1,
      "minionsKilled": 220,
      "championsKilled": 5,
      "goldSpent": 12118,
      "totalDamageDealt": 130080,
      "totalDamageTaken": 24450,
      "killingSprees": 2,
      "largestKillingSpree": 2,
      "team": 200,
      "win": false,
      "largestMultiKill": 1,
      "physicalDamageDealtPlayer": 123686,
      "magicDamageDealtPlayer": 6394,
      "physicalDamageTaken": 19189,
      "magicDamageTaken": 4793,
      "largestCriticalStrike": 755,
      "timePlayed": 2274,
      "totalHeal": 3168,
      "totalUnitsHealed": 4,
      "assists": 11,
      "item0": 3078,
      "item1": 3144,
      "item2": 3035,
      "item3": 1055,
      "item4": 3006,
      "item5": 3072,
      "item6": 3340,
      "magicDamageDealtToChampions": 3355,
      "physicalDamageDealtToChampions": 23694,
      "totalDamageDealtToChampions": 27049,
      "trueDamageTaken": 468,
      "wardPlaced": 6
    }
  },
  "39787054": {
    "gameId": 818168875,
    "invalid": false,
    "gameMode": "CLASSIC",
    "gameType": "MATCHED_GAME",
    "subType": "RANKED_SOLO_5x5",
    "mapId": 1,
    "teamId": 100,
    "championId": 58,
    "spell1": 4,
    "spell2": 14,
    "level": 30,
    "ipEarned": 103,
    "createDate": 1398243260694,
    "fellowPlayers": [
      {
        "summonerId": 27806824,
        "teamId": 200,
        "championId": 76
      },
      {
        "summonerId": 21247314,
        "teamId": 200,
        "championId": 64
      },
      {
        "summonerId": 42324992,
        "teamId": 200,
        "championId": 19
      },
      {
        "summonerId": 33498471,
        "teamId": 100,
        "championId": 105
      },
      {
        "summonerId": 26567158,
        "teamId": 200,
        "championId": 12
      },
      {
        "summonerId": 356020,
        "teamId": 100,
        "championId": 89
      },
      {
        "summonerId": 30104964,
        "teamId": 100,
        "championId": 106
      },
      {
        "summonerId": 25551520,
        "teamId": 100,
        "championId": 15
      },
      {
        "summonerId": 26038077,
        "teamId": 200,
        "championId": 236
      }
    ],
    "stats": {
      "level": 18,
      "goldEarned": 15291,
      "numDeaths": 3,
      "barracksKilled": 1,
      "turretsKilled": 1,
      "minionsKilled": 255,
      "championsKilled": 7,
      "goldSpent": 15650,
      "totalDamageDealt": 156263,
      "totalDamageTaken": 31075,
      "doubleKills": 1,
      "killingSprees": 2,
      "largestKillingSpree": 5,
      "team": 100,
      "win": true,
      "largestMultiKill": 2,
      "physicalDamageDealtPlayer": 117743,
      "magicDamageDealtPlayer": 36333,
      "physicalDamageTaken": 16273,
      "magicDamageTaken": 13695,
      "timePlayed": 2274,
      "totalHeal": 4217,
      "totalUnitsHealed": 1,
      "assists": 14,
      "item0": 3143,
      "item1": 3077,
      "item2": 3068,
      "item3": 3260,
      "item4": 3065,
      "item5": 1011,
      "item6": 3340,
      "magicDamageDealtToChampions": 9829,
      "physicalDamageDealtToChampions": 23427,
      "totalDamageDealtToChampions": 35217,
      "trueDamageDealtPlayer": 2188,
      "trueDamageDealtToChampions": 1960,
      "trueDamageTaken": 1106,
      "wardPlaced": 8,
      "totalTimeCrowdControlDealt": 261
    }
  },
  "33498471": {
    "gameId": 818168875,
    "invalid": false,
    "gameMode": "CLASSIC",
    "gameType": "MATCHED_GAME",
    "subType": "RANKED_SOLO_5x5",
    "mapId": 1,
    "teamId": 100,
    "championId": 105,
    "spell1": 4,
    "spell2": 14,
    "level": 30,
    "ipEarned": 103,
    "createDate": 1398243260692,
    "fellowPlayers": [
      {
        "summonerId": 27806824,
        "teamId": 200,
        "championId": 76
      },
      {
        "summonerId": 21247314,
        "teamId": 200,
        "championId": 64
      },
      {
        "summonerId": 42324992,
        "teamId": 200,
        "championId": 19
      },
      {
        "summonerId": 26567158,
        "teamId": 200,
        "championId": 12
      },
      {
        "summonerId": 39787054,
        "teamId": 100,
        "championId": 58
      },
      {
        "summonerId": 356020,
        "teamId": 100,
        "championId": 89
      },
      {
        "summonerId": 30104964,
        "teamId": 100,
        "championId": 106
      },
      {
        "summonerId": 25551520,
        "teamId": 100,
        "championId": 15
      },
      {
        "summonerId": 26038077,
        "teamId": 200,
        "championId": 236
      }
    ],
    "stats": {
      "level": 18,
      "goldEarned": 12658,
      "numDeaths": 3,
      "turretsKilled": 2,
      "minionsKilled": 128,
      "championsKilled": 10,
      "goldSpent": 11890,
      "totalDamageDealt": 101945,
      "totalDamageTaken": 18741,
      "killingSprees": 2,
      "largestKillingSpree": 5,
      "team": 100,
      "win": true,
      "neutralMinionsKilled": 14,
      "largestMultiKill": 1,
      "physicalDamageDealtPlayer": 30606,
      "magicDamageDealtPlayer": 69918,
      "physicalDamageTaken": 11206,
      "magicDamageTaken": 6957,
      "timePlayed": 2274,
      "totalHeal": 2924,
      "totalUnitsHealed": 1,
      "assists": 8,
      "item0": 1056,
      "item1": 3157,
      "item2": 3255,
      "item3": 3100,
      "item4": 3089,
      "item6": 3340,
      "sightWardsBought": 1,
      "magicDamageDealtToChampions": 22067,
      "physicalDamageDealtToChampions": 4596,
      "totalDamageDealtToChampions": 28083,
      "trueDamageDealtPlayer": 1420,
      "trueDamageDealtToChampions": 1420,
      "trueDamageTaken": 578,
      "wardKilled": 1,
      "wardPlaced": 13,
      "neutralMinionsKilledEnemyJungle": 7,
      "neutralMinionsKilledYourJungle": 7,
      "totalTimeCrowdControlDealt": 70
    }
  },
  "42324992": {
    "gameId": 818168875,
    "invalid": false,
    "gameMode": "CLASSIC",
    "gameType": "MATCHED_GAME",
    "subType": "RANKED_SOLO_5x5",
    "mapId": 1,
    "teamId": 200,
    "championId": 19,
    "spell1": 4,
    "spell2": 14,
    "level": 30,
    "ipEarned": 68,
    "createDate": 1398243260699,
    "fellowPlayers": [
      {
        "summonerId": 27806824,
        "teamId": 200,
        "championId": 76
      },
      {
        "summonerId": 21247314,
        "teamId": 200,
        "championId": 64
      },
      {
        "summonerId": 33498471,
        "teamId": 100,
        "championId": 105
      },
      {
        "summonerId": 26567158,
        "teamId": 200,
        "championId": 12
      },
      {
        "summonerId": 39787054,
        "teamId": 100,
        "championId": 58
      },
      {
        "summonerId": 356020,
        "teamId": 100,
        "championId": 89
      },
      {
        "summonerId": 30104964,
        "teamId": 100,
        "championId": 106
      },
      {
        "summonerId": 25551520,
        "teamId": 100,
        "championId": 15
      },
      {
        "summonerId": 26038077,
        "teamId": 200,
        "championId": 236
      }
    ],
    "stats": {
      "level": 17,
      "goldEarned": 12645,
      "numDeaths": 7,
      "minionsKilled": 238,
      "championsKilled": 6,
      "goldSpent": 12255,
      "totalDamageDealt": 108385,
      "totalDamageTaken": 48283,
      "doubleKills": 1,
      "killingSprees": 1,
      "largestKillingSpree": 3,
      "team": 200,
      "win": false,
      "neutralMinionsKilled": 1,
      "largestMultiKill": 2,
      "physicalDamageDealtPlayer": 69412,
      "magicDamageDealtPlayer": 37916,
      "physicalDamageTaken": 35536,
      "magicDamageTaken": 10897,
      "timePlayed": 2274,
      "totalHeal": 17688,
      "totalUnitsHealed": 1,
      "assists": 6,
      "item0": 3065,
      "item1": 3111,
      "item2": 3153,
      "item3": 3068,
      "item4": 1043,
      "item5": 1033,
      "item6": 3340,
      "magicDamageDealtToChampions": 13858,
      "physicalDamageDealtToChampions": 6758,
      "totalDamageDealtToChampions": 21673,
      "trueDamageDealtPlayer": 1056,
      "trueDamageDealtToChampions": 1056,
      "trueDamageTaken": 1850,
      "wardPlaced": 6,
      "neutralMinionsKilledYourJungle": 1,
      "totalTimeCrowdControlDealt": 42
    }
  },
  "356020": {
    "gameId": 818168875,
    "invalid": false,
    "gameMode": "CLASSIC",
    "gameType": "MATCHED_GAME",
    "subType": "RANKED_SOLO_5x5",
    "mapId": 1,
    "teamId": 100,
    "championId": 89,
    "spell1": 3,
    "spell2": 4,
    "level": 30,
    "ipEarned": 103,
    "createDate": 1398243260693,
    "fellowPlayers": [
      {
        "summonerId": 27806824,
        "teamId": 200,
        "championId": 76
      },
      {
        "summonerId": 21247314,
        "teamId": 200,
        "championId": 64
      },
      {
        "summonerId": 42324992,
        "teamId": 200,
        "championId": 19
      },
      {
        "summonerId": 33498471,
        "teamId": 100,
        "championId": 105
      },
      {
        "summonerId": 26567158,
        "teamId": 200,
        "championId": 12
      },
      {
        "summonerId": 39787054,
        "teamId": 100,
        "championId": 58
      },
      {
        "summonerId": 30104964,
        "teamId": 100,
        "championId": 106
      },
      {
        "summonerId": 25551520,
        "teamId": 100,
        "championId": 15
      },
      {
        "summonerId": 26038077,
        "teamId": 200,
        "championId": 236
      }
    ],
    "stats": {
      "level": 16,
      "goldEarned": 10854,
      "numDeaths": 9,
      "minionsKilled": 51,
      "championsKilled": 1,
      "goldSpent": 10360,
      "totalDamageDealt": 34225,
      "totalDamageTaken": 30341,
      "team": 100,
      "win": true,
      "largestMultiKill": 1,
      "physicalDamageDealtPlayer": 11917,
      "magicDamageDealtPlayer": 19030,
      "physicalDamageTaken": 20881,
      "magicDamageTaken": 8862,
      "timePlayed": 2274,
      "totalHeal": 4180,
      "totalUnitsHealed": 5,
      "assists": 19,
      "item0": 3401,
      "item1": 2045,
      "item2": 3265,
      "item3": 3068,
      "item4": 1057,
      "item5": 1028,
      "item6": 3364,
      "visionWardsBought": 2,
      "magicDamageDealtToChampions": 8856,
      "physicalDamageDealtToChampions": 4379,
      "totalDamageDealtToChampions": 13236,
      "trueDamageDealtPlayer": 3278,
      "trueDamageTaken": 598,
      "wardKilled": 10,
      "wardPlaced": 21,
      "totalTimeCrowdControlDealt": 111
    }
  },
  "21247314": {
    "gameId": 818168875,
    "invalid": false,
    "gameMode": "CLASSIC",
    "gameType": "MATCHED_GAME",
    "subType": "RANKED_SOLO_5x5",
    "mapId": 1,
    "teamId": 200,
    "championId": 64,
    "spell1": 4,
    "spell2": 11,
    "level": 30,
    "ipEarned": 68,
    "createDate": 1398243260697,
    "fellowPlayers": [
      {
        "summonerId": 27806824,
        "teamId": 200,
        "championId": 76
      },
      {
        "summonerId": 42324992,
        "teamId": 200,
        "championId": 19
      },
      {
        "summonerId": 33498471,
        "teamId": 100,
        "championId": 105
      },
      {
        "summonerId": 26567158,
        "teamId": 200,
        "championId": 12
      },
      {
        "summonerId": 39787054,
        "teamId": 100,
        "championId": 58
      },
      {
        "summonerId": 356020,
        "teamId": 100,
        "championId": 89
      },
      {
        "summonerId": 30104964,
        "teamId": 100,
        "championId": 106
      },
      {
        "summonerId": 25551520,
        "teamId": 100,
        "championId": 15
      },
      {
        "summonerId": 26038077,
        "teamId": 200,
        "championId": 236
      }
    ],
    "stats": {
      "level": 16,
      "goldEarned": 11559,
      "numDeaths": 13,
      "turretsKilled": 1,
      "minionsKilled": 36,
      "championsKilled": 8,
      "goldSpent": 11110,
      "totalDamageDealt": 149459,
      "totalDamageTaken": 40072,
      "doubleKills": 1,
      "killingSprees": 2,
      "largestKillingSpree": 2,
      "team": 200,
      "win": false,
      "neutralMinionsKilled": 75,
      "largestMultiKill": 2,
      "physicalDamageDealtPlayer": 100684,
      "magicDamageDealtPlayer": 39183,
      "physicalDamageTaken": 27033,
      "magicDamageTaken": 11693,
      "timePlayed": 2274,
      "totalHeal": 3313,
      "totalUnitsHealed": 1,
      "assists": 9,
      "item0": 3074,
      "item1": 3111,
      "item2": 3022,
      "item3": 3154,
      "item4": 1037,
      "item5": 1036,
      "item6": 3340,
      "visionWardsBought": 1,
      "magicDamageDealtToChampions": 3215,
      "physicalDamageDealtToChampions": 18043,
      "totalDamageDealtToChampions": 21725,
      "trueDamageDealtPlayer": 9592,
      "trueDamageDealtToChampions": 466,
      "trueDamageTaken": 1344,
      "wardKilled": 1,
      "wardPlaced": 21,
      "neutralMinionsKilledEnemyJungle": 17,
      "neutralMinionsKilledYourJungle": 58,
      "totalTimeCrowdControlDealt": 854
    }
  },
  "30104964": {
    "gameId": 818168875,
    "invalid": false,
    "gameMode": "CLASSIC",
    "gameType": "MATCHED_GAME",
    "subType": "RANKED_SOLO_5x5",
    "mapId": 1,
    "teamId": 100,
    "championId": 106,
    "spell1": 11,
    "spell2": 4,
    "level": 30,
    "ipEarned": 253,
    "createDate": 1398243260691,
    "fellowPlayers": [
      {
        "summonerId": 27806824,
        "teamId": 200,
        "championId": 76
      },
      {
        "summonerId": 21247314,
        "teamId": 200,
        "championId": 64
      },
      {
        "summonerId": 42324992,
        "teamId": 200,
        "championId": 19
      },
      {
        "summonerId": 33498471,
        "teamId": 100,
        "championId": 105
      },
      {
        "summonerId": 26567158,
        "teamId": 200,
        "championId": 12
      },
      {
        "summonerId": 39787054,
        "teamId": 100,
        "championId": 58
      },
      {
        "summonerId": 356020,
        "teamId": 100,
        "championId": 89
      },
      {
        "summonerId": 25551520,
        "teamId": 100,
        "championId": 15
      },
      {
        "summonerId": 26038077,
        "teamId": 200,
        "championId": 236
      }
    ],
    "stats": {
      "level": 17,
      "goldEarned": 11073,
      "numDeaths": 5,
      "turretsKilled": 1,
      "minionsKilled": 36,
      "championsKilled": 6,
      "goldSpent": 10150,
      "totalDamageDealt": 107461,
      "totalDamageTaken": 37725,
      "killingSprees": 2,
      "largestKillingSpree": 2,
      "team": 100,
      "win": true,
      "neutralMinionsKilled": 57,
      "largestMultiKill": 1,
      "physicalDamageDealtPlayer": 65213,
      "magicDamageDealtPlayer": 28101,
      "physicalDamageTaken": 26805,
      "magicDamageTaken": 10261,
      "timePlayed": 2274,
      "totalHeal": 5262,
      "totalUnitsHealed": 1,
      "assists": 11,
      "item0": 3260,
      "item1": 1080,
      "item2": 3083,
      "item3": 3065,
      "item4": 1011,
      "item5": 1031,
      "item6": 3340,
      "magicDamageDealtToChampions": 5335,
      "physicalDamageDealtToChampions": 8807,
      "totalDamageDealtToChampions": 14282,
      "trueDamageDealtPlayer": 14146,
      "trueDamageDealtToChampions": 140,
      "trueDamageTaken": 658,
      "wardPlaced": 14,
      "neutralMinionsKilledEnemyJungle": 5,
      "neutralMinionsKilledYourJungle": 52,
      "totalTimeCrowdControlDealt": 1042
    }
  },
  "27806824": {
    "gameId": 818168875,
    "invalid": false,
    "gameMode": "CLASSIC",
    "gameType": "MATCHED_GAME",
    "subType": "RANKED_SOLO_5x5",
    "mapId": 1,
    "teamId": 200,
    "championId": 76,
    "spell1": 14,
    "spell2": 4,
    "level": 30,
    "ipEarned": 68,
    "createDate": 1398243260695,
    "fellowPlayers": [
      {
        "summonerId": 21247314,
        "teamId": 200,
        "championId": 64
      },
      {
        "summonerId": 42324992,
        "teamId": 200,
        "championId": 19
      },
      {
        "summonerId": 33498471,
        "teamId": 100,
        "championId": 105
      },
      {
        "summonerId": 26567158,
        "teamId": 200,
        "championId": 12
      },
      {
        "summonerId": 39787054,
        "teamId": 100,
        "championId": 58
      },
      {
        "summonerId": 356020,
        "teamId": 100,
        "championId": 89
      },
      {
        "summonerId": 30104964,
        "teamId": 100,
        "championId": 106
      },
      {
        "summonerId": 25551520,
        "teamId": 100,
        "championId": 15
      },
      {
        "summonerId": 26038077,
        "teamId": 200,
        "championId": 236
      }
    ],
    "stats": {
      "level": 17,
      "goldEarned": 12550,
      "numDeaths": 13,
      "turretsKilled": 2,
      "minionsKilled": 154,
      "championsKilled": 9,
      "goldSpent": 13460,
      "totalDamageDealt": 126052,
      "totalDamageTaken": 34355,
      "doubleKills": 2,
      "killingSprees": 3,
      "largestKillingSpree": 3,
      "team": 200,
      "win": false,
      "neutralMinionsKilled": 15,
      "largestMultiKill": 2,
      "physicalDamageDealtPlayer": 37588,
      "magicDamageDealtPlayer": 86999,
      "physicalDamageTaken": 21403,
      "magicDamageTaken": 11952,
      "timePlayed": 2274,
      "totalHeal": 13815,
      "totalUnitsHealed": 5,
      "assists": 7,
      "item0": 3255,
      "item1": 3089,
      "item2": 3100,
      "item3": 1058,
      "item4": 3108,
      "item5": 3191,
      "item6": 3340,
      "magicDamageDealtToChampions": 20020,
      "physicalDamageDealtToChampions": 4447,
      "totalDamageDealtToChampions": 25771,
      "trueDamageDealtPlayer": 1464,
      "trueDamageDealtToChampions": 1304,
      "trueDamageTaken": 1000,
      "wardPlaced": 10,
      "neutralMinionsKilledYourJungle": 15,
      "totalTimeCrowdControlDealt": 30
    }
  }
}