{
  "30834597": {
    "gameId": 818161078,
    "invalid": false,
    "gameMode": "CLASSIC",
    "gameType": "MATCHED_GAME",
    "subType": "RANKED_SOLO_5x5",
    "mapId": 1,
    "teamId": 100,
    "championId": 59,
    "spell1": 4,
    "spell2": 7,
    "level": 30,
    "ipEarned": 253,
    "createDate": 1398243225209,
    "fellowPlayers": [
      {
        "summonerId": 28397996,
        "teamId": 100,
        "championId": 56
      },
      {
        "summonerId": 32563780,
        "teamId": 200,
        "championId": 51
      },
      {
        "summonerId": 26175533,
        "teamId": 200,
        "championId": 89
      },
      {
        "summonerId": 37553520,
        "teamId": 200,
        "championId": 115
      },
      {
        "summonerId": 21407265,
        "teamId": 100,
        "championId": 85
      },
      {
        "summonerId": 32723836,
        "teamId": 100,
        "championId": 103
      },
      {
        "summonerId": 36586450,
        "teamId": 200,
        "championId": 60
      },
      {
        "summonerId": 31187488,
        "teamId": 200,
        "championId": 5
      },
      {
        "summonerId": 136582,
        "teamId": 100,
        "championId": 15
      }
    ],
    "stats": {
      "level": 17,
      "goldEarned": 11088,
      "numDeaths": 6,
      "barracksKilled": 1,
      "turretsKilled": 1,
      "minionsKilled": 35,
      "championsKilled": 2,
      "goldSpent": 9560,
      "totalDamageDealt": 34324,
      "totalDamageTaken": 34481,
      "killingSprees": 1,
      "largestKillingSpree": 2,
      "team": 100,
      "win": true,
      "largestMultiKill": 1,
      "physicalDamageDealtPlayer": 31417,
      "magicDamageDealtPlayer": 2727,
      "physicalDamageTaken": 17612,
      "magicDamageTaken": 15259,
      "timePlayed": 2234,
      "totalHeal": 2849,
      "totalUnitsHealed": 3,
      "assists": 23,
      "item0": 3143,
      "item1": 3083,
      "item2": 1011,
      "item3": 1031,
      "item5": 3047,
      "item6": 3340,
      "sightWardsBought": 2,
      "magicDamageDealtToChampions": 1148,
      "physicalDamageDealtToChampions": 12067,
      "totalDamageDealtToChampions": 13395,
      "trueDamageDealtPlayer": 180,
      "trueDamageDealtToChampions": 180,
      "trueDamageTaken": 1610,
      "wardKilled": 1,
      "wardPlaced": 12,
      "totalTimeCrowdControlDealt": 577
    }
  },
  "summonerCount": 10,
  "31187488": {
    "gameId": 818161078,
    "invalid": false,
    "gameMode": "CLASSIC",
    "gameType": "MATCHED_GAME",
    "subType": "RANKED_SOLO_5x5",
    "mapId": 1,
    "teamId": 200,
    "championId": 5,
    "spell1": 6,
    "spell2": 11,
    "level": 30,
    "ipEarned": 68,
    "createDate": 1398243225212,
    "fellowPlayers": [
      {
        "summonerId": 28397996,
        "teamId": 100,
        "championId": 56
      },
      {
        "summonerId": 32563780,
        "teamId": 200,
        "championId": 51
      },
      {
        "summonerId": 26175533,
        "teamId": 200,
        "championId": 89
      },
      {
        "summonerId": 37553520,
        "teamId": 200,
        "championId": 115
      },
      {
        "summonerId": 21407265,
        "teamId": 100,
        "championId": 85
      },
      {
        "summonerId": 32723836,
        "teamId": 100,
        "championId": 103
      },
      {
        "summonerId": 30834597,
        "teamId": 100,
        "championId": 59
      },
      {
        "summonerId": 36586450,
        "teamId": 200,
        "championId": 60
      },
      {
        "summonerId": 136582,
        "teamId": 100,
        "championId": 15
      }
    ],
    "stats": {
      "level": 18,
      "goldEarned": 13188,
      "numDeaths": 10,
      "turretsKilled": 1,
      "minionsKilled": 86,
      "championsKilled": 7,
      "goldSpent": 12695,
      "totalDamageDealt": 206976,
      "totalDamageTaken": 46249,
      "killingSprees": 2,
      "largestKillingSpree": 2,
      "team": 200,
      "win": false,
      "neutralMinionsKilled": 96,
      "largestMultiKill": 1,
      "physicalDamageDealtPlayer": 128414,
      "magicDamageDealtPlayer": 62809,
      "physicalDamageTaken": 28757,
      "magicDamageTaken": 14560,
      "timePlayed": 2234,
      "totalHeal": 15613,
      "totalUnitsHealed": 1,
      "assists": 7,
      "item0": 3250,
      "item1": 3153,
      "item2": 3160,
      "item3": 3083,
      "item4": 3143,
      "item6": 3340,
      "magicDamageDealtToChampions": 5497,
      "physicalDamageDealtToChampions": 21858,
      "totalDamageDealtToChampions": 28946,
      "trueDamageDealtPlayer": 15752,
      "trueDamageDealtToChampions": 1590,
      "trueDamageTaken": 2932,
      "wardPlaced": 6,
      "neutralMinionsKilledEnemyJungle": 14,
      "neutralMinionsKilledYourJungle": 82,
      "totalTimeCrowdControlDealt": 1314
    }
  },
  "136582": {
    "gameId": 818161078,
    "invalid": false,
    "gameMode": "CLASSIC",
    "gameType": "MATCHED_GAME",
    "subType": "RANKED_SOLO_5x5",
    "mapId": 1,
    "teamId": 100,
    "championId": 15,
    "spell1": 7,
    "spell2": 4,
    "level": 30,
    "ipEarned": 103,
    "createDate": 1398243225211,
    "fellowPlayers": [
      {
        "summonerId": 28397996,
        "teamId": 100,
        "championId": 56
      },
      {
        "summonerId": 32563780,
        "teamId": 200,
        "championId": 51
      },
      {
        "summonerId": 26175533,
        "teamId": 200,
        "championId": 89
      },
      {
        "summonerId": 37553520,
        "teamId": 200,
        "championId": 115
      },
      {
        "summonerId": 21407265,
        "teamId": 100,
        "championId": 85
      },
      {
        "summonerId": 32723836,
        "teamId": 100,
        "championId": 103
      },
      {
        "summonerId": 30834597,
        "teamId": 100,
        "championId": 59
      },
      {
        "summonerId": 36586450,
        "teamId": 200,
        "championId": 60
      },
      {
        "summonerId": 31187488,
        "teamId": 200,
        "championId": 5
      }
    ],
    "stats": {
      "level": 18,
      "goldEarned": 14875,
      "numDeaths": 8,
      "turretsKilled": 2,
      "minionsKilled": 241,
      "championsKilled": 10,
      "goldSpent": 14483,
      "totalDamageDealt": 189847,
      "totalDamageTaken": 29867,
      "killingSprees": 3,
      "largestKillingSpree": 4,
      "team": 100,
      "win": true,
      "neutralMinionsKilled": 10,
      "largestMultiKill": 1,
      "physicalDamageDealtPlayer": 188729,
      "physicalDamageTaken": 19870,
      "magicDamageTaken": 8955,
      "largestCriticalStrike": 839,
      "timePlayed": 2234,
      "totalHeal": 3678,
      "totalUnitsHealed": 2,
      "assists": 4,
      "item0": 3031,
      "item1": 3072,
      "item2": 3035,
      "item3": 3078,
      "item4": 3006,
      "item6": 3340,
      "physicalDamageDealtToChampions": 25685,
      "totalDamageDealtToChampions": 26521,
      "trueDamageDealtPlayer": 1118,
      "trueDamageDealtToChampions": 836,
      "trueDamageTaken": 1041,
      "wardPlaced": 7,
      "neutralMinionsKilledEnemyJungle": 7,
      "neutralMinionsKilledYourJungle": 3,
      "totalTimeCrowdControlDealt": 130
    }
  },
  "36586450": {
    "gameId": 818161078,
    "invalid": false,
    "gameMode": "CLASSIC",
    "gameType": "MATCHED_GAME",
    "subType": "RANKED_SOLO_5x5",
    "mapId": 1,
    "teamId": 200,
    "championId": 60,
    "spell1": 4,
    "spell2": 14,
    "level": 30,
    "ipEarned": 68,
    "createDate": 1398243225213,
    "fellowPlayers": [
      {
        "summonerId": 28397996,
        "teamId": 100,
        "championId": 56
      },
      {
        "summonerId": 32563780,
        "teamId": 200,
        "championId": 51
      },
      {
        "summonerId": 26175533,
        "teamId": 200,
        "championId": 89
      },
      {
        "summonerId": 37553520,
        "teamId": 200,
        "championId": 115
      },
      {
        "summonerId": 21407265,
        "teamId": 100,
        "championId": 85
      },
      {
        "summonerId": 32723836,
        "teamId": 100,
        "championId": 103
      },
      {
        "summonerId": 30834597,
        "teamId": 100,
        "championId": 59
      },
      {
        "summonerId": 31187488,
        "teamId": 200,
        "championId": 5
      },
      {
        "summonerId": 136582,
        "teamId": 100,
        "championId": 15
      }
    ],
    "stats": {
      "level": 18,
      "goldEarned": 12679,
      "numDeaths": 10,
      "minionsKilled": 163,
      "championsKilled": 8,
      "goldSpent": 11565,
      "totalDamageDealt": 134386,
      "totalDamageTaken": 33987,
      "killingSprees": 3,
      "largestKillingSpree": 3,
      "team": 200,
      "win": false,
      "neutralMinionsKilled": 23,
      "largestMultiKill": 1,
      "physicalDamageDealtPlayer": 53782,
      "magicDamageDealtPlayer": 77398,
      "physicalDamageTaken": 12966,
      "magicDamageTaken": 18971,
      "timePlayed": 2234,
      "totalHeal": 2011,
      "totalUnitsHealed": 1,
      "assists": 3,
      "item0": 2041,
      "item1": 3116,
      "item2": 3151,
      "item3": 3255,
      "item4": 3110,
      "item5": 1026,
      "item6": 3340,
      "magicDamageDealtToChampions": 20985,
      "physicalDamageDealtToChampions": 4757,
      "totalDamageDealtToChampions": 28506,
      "trueDamageDealtPlayer": 3206,
      "trueDamageDealtToChampions": 2764,
      "trueDamageTaken": 2049,
      "wardPlaced": 10,
      "neutralMinionsKilledYourJungle": 23,
      "totalTimeCrowdControlDealt": 1171
    }
  },
  "32723836": {
    "gameId": 818161078,
    "invalid": false,
    "gameMode": "CLASSIC",
    "gameType": "MATCHED_GAME",
    "subType": "RANKED_SOLO_5x5",
    "mapId": 1,
    "teamId": 100,
    "championId": 103,
    "spell1": 14,
    "spell2": 4,
    "level": 30,
    "ipEarned": 253,
    "createDate": 1398243225205,
    "fellowPlayers": [
      {
        "summonerId": 28397996,
        "teamId": 100,
        "championId": 56
      },
      {
        "summonerId": 32563780,
        "teamId": 200,
        "championId": 51
      },
      {
        "summonerId": 26175533,
        "teamId": 200,
        "championId": 89
      },
      {
        "summonerId": 37553520,
        "teamId": 200,
        "championId": 115
      },
      {
        "summonerId": 21407265,
        "teamId": 100,
        "championId": 85
      },
      {
        "summonerId": 30834597,
        "teamId": 100,
        "championId": 59
      },
      {
        "summonerId": 36586450,
        "teamId": 200,
        "championId": 60
      },
      {
        "summonerId": 31187488,
        "teamId": 200,
        "championId": 5
      },
      {
        "summonerId": 136582,
        "teamId": 100,
        "championId": 15
      }
    ],
    "stats": {
      "level": 18,
      "goldEarned": 16044,
      "numDeaths": 5,
      "turretsKilled": 2,
      "minionsKilled": 172,
      "championsKilled": 16,
      "goldSpent": 14020,
      "totalDamageDealt": 148808,
      "totalDamageTaken": 22611,
      "doubleKills": 3,
      "killingSprees": 2,
      "largestKillingSpree": 7,
      "team": 100,
      "win": true,
      "neutralMinionsKilled": 14,
      "largestMultiKill": 2,
      "physicalDamageDealtPlayer": 26257,
      "magicDamageDealtPlayer": 89230,
      "physicalDamageTaken": 10909,
      "magicDamageTaken": 11124,
      "timePlayed": 2234,
      "totalHeal": 3507,
      "totalUnitsHealed": 1,
      "assists": 12,
      "item0": 3089,
      "item1": 3255,
      "item2": 3191,
      "item3": 3116,
      "item4": 1058,
      "item5": 3135,
      "item6": 3340,
      "sightWardsBought": 1,
      "magicDamageDealtToChampions": 29140,
      "physicalDamageDealtToChampions": 2431,
      "totalDamageDealtToChampions": 37176,
      "trueDamageDealtPlayer": 33320,
      "trueDamageDealtToChampions": 5604,
      "trueDamageTaken": 578,
      "wardPlaced": 15,
      "neutralMinionsKilledEnemyJungle": 1,
      "neutralMinionsKilledYourJungle": 13,
      "totalTimeCrowdControlDealt": 734
    }
  },
  "28397996": {
    "gameId": 818161078,
    "invalid": false,
    "gameMode": "CLASSIC",
    "gameType": "MATCHED_GAME",
    "subType": "RANKED_SOLO_5x5",
    "mapId": 1,
    "teamId": 100,
    "championId": 56,
    "spell1": 4,
    "spell2": 11,
    "level": 30,
    "ipEarned": 103,
    "createDate": 1398243225208,
    "fellowPlayers": [
      {
        "summonerId": 32563780,
        "teamId": 200,
        "championId": 51
      },
      {
        "summonerId": 26175533,
        "teamId": 200,
        "championId": 89
      },
      {
        "summonerId": 37553520,
        "teamId": 200,
        "championId": 115
      },
      {
        "summonerId": 21407265,
        "teamId": 100,
        "championId": 85
      },
      {
        "summonerId": 32723836,
        "teamId": 100,
        "championId": 103
      },
      {
        "summonerId": 30834597,
        "teamId": 100,
        "championId": 59
      },
      {
        "summonerId": 36586450,
        "teamId": 200,
        "championId": 60
      },
      {
        "summonerId": 31187488,
        "teamId": 200,
        "championId": 5
      },
      {
        "summonerId": 136582,
        "teamId": 100,
        "championId": 15
      }
    ],
    "stats": {
      "level": 18,
      "goldEarned": 15394,
      "numDeaths": 3,
      "turretsKilled": 1,
      "minionsKilled": 36,
      "championsKilled": 10,
      "goldSpent": 13420,
      "totalDamageDealt": 178081,
      "totalDamageTaken": 35976,
      "killingSprees": 3,
      "largestKillingSpree": 4,
      "team": 100,
      "win": true,
      "neutralMinionsKilled": 108,
      "largestMultiKill": 1,
      "physicalDamageDealtPlayer": 124689,
      "magicDamageDealtPlayer": 37596,
      "physicalDamageTaken": 21720,
      "magicDamageTaken": 12196,
      "largestCriticalStrike": 432,
      "timePlayed": 2234,
      "totalHeal": 8777,
      "totalUnitsHealed": 1,
      "assists": 18,
      "item0": 3160,
      "item1": 3074,
      "item2": 3143,
      "item3": 3270,
      "item4": 3068,
      "item5": 3093,
      "item6": 3340,
      "magicDamageDealtToChampions": 3347,
      "physicalDamageDealtToChampions": 14103,
      "totalDamageDealtToChampions": 18652,
      "trueDamageDealtPlayer": 15794,
      "trueDamageDealtToChampions": 1202,
      "trueDamageTaken": 2060,
      "wardPlaced": 20,
      "neutralMinionsKilledEnemyJungle": 4,
      "neutralMinionsKilledYourJungle": 104,
      "totalTimeCrowdControlDealt": 1223
    }
  },
  "26175533": {
    "gameId": 818161078,
    "invalid": false,
    "gameMode": "CLASSIC",
    "gameType": "MATCHED_GAME",
    "subType": "RANKED_SOLO_5x5",
    "mapId": 1,
    "teamId": 200,
    "championId": 89,
    "spell1": 3,
    "spell2": 4,
    "level": 30,
    "ipEarned": 68,
    "createDate": 1398243225214,
    "fellowPlayers": [
      {
        "summonerId": 28397996,
        "teamId": 100,
        "championId": 56
      },
      {
        "summonerId": 32563780,
        "teamId": 200,
        "championId": 51
      },
      {
        "summonerId": 37553520,
        "teamId": 200,
        "championId": 115
      },
      {
        "summonerId": 21407265,
        "teamId": 100,
        "championId": 85
      },
      {
        "summonerId": 32723836,
        "teamId": 100,
        "championId": 103
      },
      {
        "summonerId": 30834597,
        "teamId": 100,
        "championId": 59
      },
      {
        "summonerId": 36586450,
        "teamId": 200,
        "championId": 60
      },
      {
        "summonerId": 31187488,
        "teamId": 200,
        "championId": 5
      },
      {
        "summonerId": 136582,
        "teamId": 100,
        "championId": 15
      }
    ],
    "stats": {
      "level": 16,
      "goldEarned": 8678,
      "numDeaths": 5,
      "minionsKilled": 46,
      "championsKilled": 1,
      "goldSpent": 8485,
      "totalDamageDealt": 31832,
      "totalDamageTaken": 26645,
      "team": 200,
      "win": false,
      "largestMultiKill": 1,
      "physicalDamageDealtPlayer": 8828,
      "magicDamageDealtPlayer": 19668,
      "physicalDamageTaken": 17434,
      "magicDamageTaken": 7687,
      "timePlayed": 2234,
      "totalHeal": 1902,
      "totalUnitsHealed": 4,
      "assists": 8,
      "item0": 2045,
      "item1": 3143,
      "item2": 3265,
      "item3": 3097,
      "item4": 1057,
      "item6": 3341,
      "sightWardsBought": 1,
      "visionWardsBought": 2,
      "magicDamageDealtToChampions": 7335,
      "physicalDamageDealtToChampions": 2983,
      "totalDamageDealtToChampions": 10546,
      "trueDamageDealtPlayer": 3335,
      "trueDamageDealtToChampions": 228,
      "trueDamageTaken": 1522,
      "wardKilled": 2,
      "wardPlaced": 23,
      "totalTimeCrowdControlDealt": 328
    }
  },
  "21407265": {
    "gameId": 818161078,
    "invalid": false,
    "gameMode": "CLASSIC",
    "gameType": "MATCHED_GAME",
    "subType": "RANKED_SOLO_5x5",
    "mapId": 1,
    "teamId": 100,
    "championId": 85,
    "spell1": 4,
    "spell2": 14,
    "level": 30,
    "ipEarned": 253,
    "createDate": 1398243225207,
    "fellowPlayers": [
      {
        "summonerId": 28397996,
        "teamId": 100,
        "championId": 56
      },
      {
        "summonerId": 32563780,
        "teamId": 200,
        "championId": 51
      },
      {
        "summonerId": 26175533,
        "teamId": 200,
        "championId": 89
      },
      {
        "summonerId": 37553520,
        "teamId": 200,
        "championId": 115
      },
      {
        "summonerId": 32723836,
        "teamId": 100,
        "championId": 103
      },
      {
        "summonerId": 30834597,
        "teamId": 100,
        "championId": 59
      },
      {
        "summonerId": 36586450,
        "teamId": 200,
        "championId": 60
      },
      {
        "summonerId": 31187488,
        "teamId": 200,
        "championId": 5
      },
      {
        "summonerId": 136582,
        "teamId": 100,
        "championId": 15
      }
    ],
    "stats": {
      "level": 18,
      "goldEarned": 13088,
      "numDeaths": 5,
      "turretsKilled": 3,
      "minionsKilled": 185,
      "championsKilled": 7,
      "goldSpent": 11700,
      "totalDamageDealt": 150755,
      "totalDamageTaken": 20566,
      "killingSprees": 2,
      "largestKillingSpree": 2,
      "team": 100,
      "win": true,
      "largestMultiKill": 1,
      "physicalDamageDealtPlayer": 27023,
      "magicDamageDealtPlayer": 122795,
      "physicalDamageTaken": 9801,
      "magicDamageTaken": 9562,
      "timePlayed": 2234,
      "assists": 9,
      "item0": 3157,
      "item1": 3020,
      "item2": 3089,
      "item3": 3151,
      "item4": 1057,
      "item6": 3340,
      "magicDamageDealtToChampions": 23369,
      "physicalDamageDealtToChampions": 2171,
      "totalDamageDealtToChampions": 26278,
      "trueDamageDealtPlayer": 936,
      "trueDamageDealtToChampions": 738,
      "trueDamageTaken": 1202,
      "wardPlaced": 6,
      "totalTimeCrowdControlDealt": 70
    }
  },
  "32563780": {
    "gameId": 818161078,
    "invalid": false,
    "gameMode": "CLASSIC",
    "gameType": "MATCHED_GAME",
    "subType": "RANKED_SOLO_5x5",
    "mapId": 1,
    "teamId": 200,
    "championId": 51,
    "spell1": 4,
    "spell2": 7,
    "level": 30,
    "ipEarned": 68,
    "createDate": 1398243225217,
    "fellowPlayers": [
      {
        "summonerId": 28397996,
        "teamId": 100,
        "championId": 56
      },
      {
        "summonerId": 26175533,
        "teamId": 200,
        "championId": 89
      },
      {
        "summonerId": 37553520,
        "teamId": 200,
        "championId": 115
      },
      {
        "summonerId": 21407265,
        "teamId": 100,
        "championId": 85
      },
      {
        "summonerId": 32723836,
        "teamId": 100,
        "championId": 103
      },
      {
        "summonerId": 30834597,
        "teamId": 100,
        "championId": 59
      },
      {
        "summonerId": 36586450,
        "teamId": 200,
        "championId": 60
      },
      {
        "summonerId": 31187488,
        "teamId": 200,
        "championId": 5
      },
      {
        "summonerId": 136582,
        "teamId": 100,
        "championId": 15
      }
    ],
    "stats": {
      "level": 16,
      "goldEarned": 12430,
      "numDeaths": 7,
      "turretsKilled": 1,
      "minionsKilled": 204,
      "championsKilled": 7,
      "goldSpent": 11845,
      "totalDamageDealt": 145223,
      "totalDamageTaken": 20305,
      "doubleKills": 2,
      "killingSprees": 1,
      "largestKillingSpree": 5,
      "team": 200,
      "win": false,
      "neutralMinionsKilled": 20,
      "largestMultiKill": 2,
      "physicalDamageDealtPlayer": 141256,
      "magicDamageDealtPlayer": 3013,
      "physicalDamageTaken": 14724,
      "magicDamageTaken": 5037,
      "largestCriticalStrike": 1087,
      "timePlayed": 2234,
      "totalHeal": 2304,
      "totalUnitsHealed": 3,
      "assists": 5,
      "item0": 3072,
      "item1": 3046,
      "item2": 3250,
      "item3": 3035,
      "item4": 1038,
      "item6": 3340,
      "sightWardsBought": 1,
      "magicDamageDealtToChampions": 2267,
      "physicalDamageDealtToChampions": 15872,
      "totalDamageDealtToChampions": 18586,
      "trueDamageDealtPlayer": 954,
      "trueDamageDealtToChampions": 446,
      "trueDamageTaken": 544,
      "wardPlaced": 6,
      "neutralMinionsKilledYourJungle": 20,
      "totalTimeCrowdControlDealt": 263
    }
  },
  "30834597": {
    "gameId": 818161078,
    "invalid": false,
    "gameMode": "CLASSIC",
    "gameType": "MATCHED_GAME",
    "subType": "RANKED_SOLO_5x5",
    "mapId": 1,
    "teamId": 100,
    "championId": 59,
    "spell1": 4,
    "spell2": 7,
    "level": 30,
    "ipEarned": 253,
    "createDate": 1398243225209,
    "fellowPlayers": [
      {
        "summonerId": 28397996,
        "teamId": 100,
        "championId": 56
      },
      {
        "summonerId": 32563780,
        "teamId": 200,
        "championId": 51
      },
      {
        "summonerId": 26175533,
        "teamId": 200,
        "championId": 89
      },
      {
        "summonerId": 37553520,
        "teamId": 200,
        "championId": 115
      },
      {
        "summonerId": 21407265,
        "teamId": 100,
        "championId": 85
      },
      {
        "summonerId": 32723836,
        "teamId": 100,
        "championId": 103
      },
      {
        "summonerId": 36586450,
        "teamId": 200,
        "championId": 60
      },
      {
        "summonerId": 31187488,
        "teamId": 200,
        "championId": 5
      },
      {
        "summonerId": 136582,
        "teamId": 100,
        "championId": 15
      }
    ],
    "stats": {
      "level": 17,
      "goldEarned": 11088,
      "numDeaths": 6,
      "barracksKilled": 1,
      "turretsKilled": 1,
      "minionsKilled": 35,
      "championsKilled": 2,
      "goldSpent": 9560,
      "totalDamageDealt": 34324,
      "totalDamageTaken": 34481,
      "killingSprees": 1,
      "largestKillingSpree": 2,
      "team": 100,
      "win": true,
      "largestMultiKill": 1,
      "physicalDamageDealtPlayer": 31417,
      "magicDamageDealtPlayer": 2727,
      "physicalDamageTaken": 17612,
      "magicDamageTaken": 15259,
      "timePlayed": 2234,
      "totalHeal": 2849,
      "totalUnitsHealed": 3,
      "assists": 23,
      "item0": 3143,
      "item1": 3083,
      "item2": 1011,
      "item3": 1031,
      "item5": 3047,
      "item6": 3340,
      "sightWardsBought": 2,
      "magicDamageDealtToChampions": 1148,
      "physicalDamageDealtToChampions": 12067,
      "totalDamageDealtToChampions": 13395,
      "trueDamageDealtPlayer": 180,
      "trueDamageDealtToChampions": 180,
      "trueDamageTaken": 1610,
      "wardKilled": 1,
      "wardPlaced": 12,
      "totalTimeCrowdControlDealt": 577
    }
  }
}