{
  "30399142": {
    "gameId": 818168867,
    "invalid": false,
    "gameMode": "CLASSIC",
    "gameType": "MATCHED_GAME",
    "subType": "RANKED_SOLO_5x5",
    "mapId": 1,
    "teamId": 200,
    "championId": 45,
    "spell1": 4,
    "spell2": 14,
    "level": 30,
    "ipEarned": 51,
    "createDate": 1398242234479,
    "fellowPlayers": [
      {
        "summonerId": 31265208,
        "teamId": 100,
        "championId": 61
      },
      {
        "summonerId": 21163946,
        "teamId": 100,
        "championId": 222
      },
      {
        "summonerId": 29716174,
        "teamId": 200,
        "championId": 51
      },
      {
        "summonerId": 39011096,
        "teamId": 200,
        "championId": 412
      },
      {
        "summonerId": 28087326,
        "teamId": 200,
        "championId": 56
      },
      {
        "summonerId": 24255258,
        "teamId": 100,
        "championId": 79
      },
      {
        "summonerId": 29193369,
        "teamId": 200,
        "championId": 16
      },
      {
        "summonerId": 24137905,
        "teamId": 100,
        "championId": 64
      },
      {
        "summonerId": 37434523,
        "teamId": 100,
        "championId": 122
      }
    ],
    "stats": {
      "level": 12,
      "goldEarned": 5697,
      "numDeaths": 4,
      "minionsKilled": 120,
      "championsKilled": 2,
      "goldSpent": 5580,
      "totalDamageDealt": 49341,
      "totalDamageTaken": 8501,
      "team": 200,
      "win": false,
      "neutralMinionsKilled": 2,
      "largestMultiKill": 1,
      "physicalDamageDealtPlayer": 5880,
      "magicDamageDealtPlayer": 42847,
      "physicalDamageTaken": 5278,
      "magicDamageTaken": 3179,
      "timePlayed": 1256,
      "totalHeal": 361,
      "totalUnitsHealed": 1,
      "item0": 1056,
      "item1": 3255,
      "item3": 3070,
      "item4": 3135,
      "item5": 1056,
      "item6": 3340,
      "magicDamageDealtToChampions": 5931,
      "physicalDamageDealtToChampions": 705,
      "totalDamageDealtToChampions": 7250,
      "trueDamageDealtPlayer": 613,
      "trueDamageDealtToChampions": 613,
      "trueDamageTaken": 44,
      "wardPlaced": 5,
      "neutralMinionsKilledYourJungle": 2,
      "totalTimeCrowdControlDealt": 26
    }
  },
  "summonerCount": 10,
  "24255258": {
    "gameId": 818168867,
    "invalid": false,
    "gameMode": "CLASSIC",
    "gameType": "MATCHED_GAME",
    "subType": "RANKED_SOLO_5x5",
    "mapId": 1,
    "teamId": 100,
    "championId": 79,
    "spell1": 14,
    "spell2": 4,
    "level": 30,
    "ipEarned": 76,
    "createDate": 1398242234475,
    "fellowPlayers": [
      {
        "summonerId": 31265208,
        "teamId": 100,
        "championId": 61
      },
      {
        "summonerId": 21163946,
        "teamId": 100,
        "championId": 222
      },
      {
        "summonerId": 29716174,
        "teamId": 200,
        "championId": 51
      },
      {
        "summonerId": 39011096,
        "teamId": 200,
        "championId": 412
      },
      {
        "summonerId": 28087326,
        "teamId": 200,
        "championId": 56
      },
      {
        "summonerId": 29193369,
        "teamId": 200,
        "championId": 16
      },
      {
        "summonerId": 24137905,
        "teamId": 100,
        "championId": 64
      },
      {
        "summonerId": 37434523,
        "teamId": 100,
        "championId": 122
      },
      {
        "summonerId": 30399142,
        "teamId": 200,
        "championId": 45
      }
    ],
    "stats": {
      "level": 12,
      "goldEarned": 6486,
      "numDeaths": 3,
      "minionsKilled": 22,
      "championsKilled": 2,
      "goldSpent": 6260,
      "totalDamageDealt": 28765,
      "totalDamageTaken": 13591,
      "team": 100,
      "win": true,
      "largestMultiKill": 1,
      "physicalDamageDealtPlayer": 5382,
      "magicDamageDealtPlayer": 20928,
      "physicalDamageTaken": 10218,
      "magicDamageTaken": 2834,
      "largestCriticalStrike": 360,
      "timePlayed": 1256,
      "totalHeal": 4739,
      "totalUnitsHealed": 3,
      "assists": 11,
      "item0": 2004,
      "item1": 3211,
      "item2": 2049,
      "item3": 1001,
      "item4": 1033,
      "item5": 3068,
      "item6": 3340,
      "sightWardsBought": 1,
      "magicDamageDealtToChampions": 6013,
      "physicalDamageDealtToChampions": 1231,
      "totalDamageDealtToChampions": 7759,
      "trueDamageDealtPlayer": 2454,
      "trueDamageDealtToChampions": 514,
      "trueDamageTaken": 538,
      "wardPlaced": 18,
      "totalTimeCrowdControlDealt": 194
    }
  },
  "31265208": {
    "gameId": 818168867,
    "invalid": false,
    "gameMode": "CLASSIC",
    "gameType": "MATCHED_GAME",
    "subType": "RANKED_SOLO_5x5",
    "mapId": 1,
    "teamId": 100,
    "championId": 61,
    "spell1": 4,
    "spell2": 7,
    "level": 30,
    "ipEarned": 226,
    "createDate": 1398242234473,
    "fellowPlayers": [
      {
        "summonerId": 21163946,
        "teamId": 100,
        "championId": 222
      },
      {
        "summonerId": 29716174,
        "teamId": 200,
        "championId": 51
      },
      {
        "summonerId": 39011096,
        "teamId": 200,
        "championId": 412
      },
      {
        "summonerId": 28087326,
        "teamId": 200,
        "championId": 56
      },
      {
        "summonerId": 24255258,
        "teamId": 100,
        "championId": 79
      },
      {
        "summonerId": 29193369,
        "teamId": 200,
        "championId": 16
      },
      {
        "summonerId": 24137905,
        "teamId": 100,
        "championId": 64
      },
      {
        "summonerId": 37434523,
        "teamId": 100,
        "championId": 122
      },
      {
        "summonerId": 30399142,
        "teamId": 200,
        "championId": 45
      }
    ],
    "stats": {
      "level": 14,
      "goldEarned": 8360,
      "numDeaths": 2,
      "turretsKilled": 1,
      "minionsKilled": 171,
      "championsKilled": 2,
      "goldSpent": 6800,
      "totalDamageDealt": 79522,
      "totalDamageTaken": 7050,
      "killingSprees": 1,
      "largestKillingSpree": 2,
      "team": 100,
      "win": true,
      "neutralMinionsKilled": 7,
      "largestMultiKill": 1,
      "physicalDamageDealtPlayer": 14934,
      "magicDamageDealtPlayer": 64587,
      "physicalDamageTaken": 3054,
      "magicDamageTaken": 3859,
      "timePlayed": 1256,
      "totalHeal": 696,
      "totalUnitsHealed": 1,
      "assists": 2,
      "item0": 3089,
      "item1": 3174,
      "item3": 1001,
      "item4": 1056,
      "item6": 3340,
      "magicDamageDealtToChampions": 4587,
      "physicalDamageDealtToChampions": 866,
      "totalDamageDealtToChampions": 5454,
      "trueDamageTaken": 136,
      "wardPlaced": 1,
      "neutralMinionsKilledEnemyJungle": 1,
      "neutralMinionsKilledYourJungle": 6,
      "totalTimeCrowdControlDealt": 663
    }
  },
  "29193369": {
    "gameId": 818168867,
    "invalid": false,
    "gameMode": "CLASSIC",
    "gameType": "MATCHED_GAME",
    "subType": "RANKED_SOLO_5x5",
    "mapId": 1,
    "teamId": 200,
    "championId": 16,
    "spell1": 12,
    "spell2": 7,
    "level": 30,
    "ipEarned": 51,
    "createDate": 1398242234478,
    "fellowPlayers": [
      {
        "summonerId": 31265208,
        "teamId": 100,
        "championId": 61
      },
      {
        "summonerId": 21163946,
        "teamId": 100,
        "championId": 222
      },
      {
        "summonerId": 29716174,
        "teamId": 200,
        "championId": 51
      },
      {
        "summonerId": 39011096,
        "teamId": 200,
        "championId": 412
      },
      {
        "summonerId": 28087326,
        "teamId": 200,
        "championId": 56
      },
      {
        "summonerId": 24255258,
        "teamId": 100,
        "championId": 79
      },
      {
        "summonerId": 24137905,
        "teamId": 100,
        "championId": 64
      },
      {
        "summonerId": 37434523,
        "teamId": 100,
        "championId": 122
      },
      {
        "summonerId": 30399142,
        "teamId": 200,
        "championId": 45
      }
    ],
    "stats": {
      "level": 11,
      "goldEarned": 5201,
      "numDeaths": 4,
      "minionsKilled": 123,
      "goldSpent": 4675,
      "totalDamageDealt": 65797,
      "totalDamageTaken": 14209,
      "team": 200,
      "win": false,
      "physicalDamageDealtPlayer": 6159,
      "magicDamageDealtPlayer": 59637,
      "physicalDamageTaken": 10217,
      "magicDamageTaken": 2640,
      "timePlayed": 1256,
      "totalHeal": 5969,
      "totalUnitsHealed": 4,
      "assists": 1,
      "item0": 1056,
      "item1": 1026,
      "item2": 3028,
      "item3": 1001,
      "item4": 3136,
      "item5": 1052,
      "item6": 3340,
      "sightWardsBought": 2,
      "magicDamageDealtToChampions": 9652,
      "physicalDamageDealtToChampions": 897,
      "totalDamageDealtToChampions": 10550,
      "trueDamageTaken": 1351,
      "wardPlaced": 6,
      "totalTimeCrowdControlDealt": 61
    }
  },
  "37434523": {
    "gameId": 818168867,
    "invalid": false,
    "gameMode": "CLASSIC",
    "gameType": "MATCHED_GAME",
    "subType": "RANKED_SOLO_5x5",
    "mapId": 1,
    "teamId": 100,
    "championId": 122,
    "spell1": 14,
    "spell2": 4,
    "level": 30,
    "ipEarned": 76,
    "createDate": 1398242234472,
    "fellowPlayers": [
      {
        "summonerId": 31265208,
        "teamId": 100,
        "championId": 61
      },
      {
        "summonerId": 21163946,
        "teamId": 100,
        "championId": 222
      },
      {
        "summonerId": 29716174,
        "teamId": 200,
        "championId": 51
      },
      {
        "summonerId": 39011096,
        "teamId": 200,
        "championId": 412
      },
      {
        "summonerId": 28087326,
        "teamId": 200,
        "championId": 56
      },
      {
        "summonerId": 24255258,
        "teamId": 100,
        "championId": 79
      },
      {
        "summonerId": 29193369,
        "teamId": 200,
        "championId": 16
      },
      {
        "summonerId": 24137905,
        "teamId": 100,
        "championId": 64
      },
      {
        "summonerId": 30399142,
        "teamId": 200,
        "championId": 45
      }
    ],
    "stats": {
      "level": 13,
      "goldEarned": 7414,
      "numDeaths": 2,
      "turretsKilled": 1,
      "minionsKilled": 131,
      "championsKilled": 2,
      "goldSpent": 5530,
      "totalDamageDealt": 56313,
      "totalDamageTaken": 15649,
      "killingSprees": 1,
      "largestKillingSpree": 2,
      "team": 100,
      "win": true,
      "largestMultiKill": 1,
      "physicalDamageDealtPlayer": 50225,
      "magicDamageDealtPlayer": 4990,
      "physicalDamageTaken": 7794,
      "magicDamageTaken": 7814,
      "timePlayed": 1256,
      "totalHeal": 1577,
      "totalUnitsHealed": 1,
      "assists": 2,
      "item0": 1055,
      "item3": 3102,
      "item5": 3111,
      "item6": 3340,
      "sightWardsBought": 2,
      "magicDamageDealtToChampions": 1807,
      "physicalDamageDealtToChampions": 6650,
      "totalDamageDealtToChampions": 9555,
      "trueDamageDealtPlayer": 1097,
      "trueDamageDealtToChampions": 1097,
      "trueDamageTaken": 40,
      "wardPlaced": 4,
      "totalTimeCrowdControlDealt": 80
    }
  },
  "28087326": {
    "gameId": 818168867,
    "invalid": false,
    "gameMode": "CLASSIC",
    "gameType": "MATCHED_GAME",
    "subType": "RANKED_SOLO_5x5",
    "mapId": 1,
    "teamId": 200,
    "championId": 56,
    "spell1": 4,
    "spell2": 11,
    "level": 30,
    "ipEarned": 51,
    "createDate": 1398242234477,
    "fellowPlayers": [
      {
        "summonerId": 31265208,
        "teamId": 100,
        "championId": 61
      },
      {
        "summonerId": 21163946,
        "teamId": 100,
        "championId": 222
      },
      {
        "summonerId": 29716174,
        "teamId": 200,
        "championId": 51
      },
      {
        "summonerId": 39011096,
        "teamId": 200,
        "championId": 412
      },
      {
        "summonerId": 24255258,
        "teamId": 100,
        "championId": 79
      },
      {
        "summonerId": 29193369,
        "teamId": 200,
        "championId": 16
      },
      {
        "summonerId": 24137905,
        "teamId": 100,
        "championId": 64
      },
      {
        "summonerId": 37434523,
        "teamId": 100,
        "championId": 122
      },
      {
        "summonerId": 30399142,
        "teamId": 200,
        "championId": 45
      }
    ],
    "stats": {
      "level": 13,
      "goldEarned": 6736,
      "numDeaths": 6,
      "minionsKilled": 23,
      "championsKilled": 6,
      "goldSpent": 5640,
      "totalDamageDealt": 79730,
      "totalDamageTaken": 18728,
      "doubleKills": 1,
      "killingSprees": 2,
      "largestKillingSpree": 2,
      "team": 200,
      "win": false,
      "neutralMinionsKilled": 57,
      "largestMultiKill": 2,
      "physicalDamageDealtPlayer": 60501,
      "magicDamageDealtPlayer": 13328,
      "physicalDamageTaken": 15464,
      "magicDamageTaken": 3217,
      "timePlayed": 1256,
      "totalHeal": 3763,
      "totalUnitsHealed": 1,
      "item0": 3153,
      "item1": 3154,
      "item3": 1001,
      "item6": 3341,
      "magicDamageDealtToChampions": 716,
      "physicalDamageDealtToChampions": 7054,
      "totalDamageDealtToChampions": 8202,
      "trueDamageDealtPlayer": 5900,
      "trueDamageDealtToChampions": 432,
      "trueDamageTaken": 46,
      "wardKilled": 1,
      "wardPlaced": 3,
      "neutralMinionsKilledEnemyJungle": 4,
      "neutralMinionsKilledYourJungle": 53,
      "totalTimeCrowdControlDealt": 208
    }
  },
  "39011096": {
    "gameId": 818168867,
    "invalid": false,
    "gameMode": "CLASSIC",
    "gameType": "MATCHED_GAME",
    "subType": "RANKED_SOLO_5x5",
    "mapId": 1,
    "teamId": 200,
    "championId": 412,
    "spell1": 4,
    "spell2": 7,
    "level": 30,
    "ipEarned": 51,
    "createDate": 1398242234476,
    "fellowPlayers": [
      {
        "summonerId": 31265208,
        "teamId": 100,
        "championId": 61
      },
      {
        "summonerId": 21163946,
        "teamId": 100,
        "championId": 222
      },
      {
        "summonerId": 29716174,
        "teamId": 200,
        "championId": 51
      },
      {
        "summonerId": 28087326,
        "teamId": 200,
        "championId": 56
      },
      {
        "summonerId": 24255258,
        "teamId": 100,
        "championId": 79
      },
      {
        "summonerId": 29193369,
        "teamId": 200,
        "championId": 16
      },
      {
        "summonerId": 24137905,
        "teamId": 100,
        "championId": 64
      },
      {
        "summonerId": 37434523,
        "teamId": 100,
        "championId": 122
      },
      {
        "summonerId": 30399142,
        "teamId": 200,
        "championId": 45
      }
    ],
    "stats": {
      "level": 9,
      "goldEarned": 3897,
      "numDeaths": 7,
      "minionsKilled": 13,
      "goldSpent": 3170,
      "totalDamageDealt": 9656,
      "totalDamageTaken": 12313,
      "team": 200,
      "win": false,
      "physicalDamageDealtPlayer": 2362,
      "magicDamageDealtPlayer": 7294,
      "physicalDamageTaken": 8705,
      "magicDamageTaken": 3417,
      "timePlayed": 1256,
      "totalHeal": 1485,
      "totalUnitsHealed": 3,
      "assists": 1,
      "item0": 3096,
      "item1": 3067,
      "item2": 3117,
      "item3": 2010,
      "item4": 1006,
      "item5": 2044,
      "item6": 3340,
      "sightWardsBought": 4,
      "magicDamageDealtToChampions": 3548,
      "physicalDamageDealtToChampions": 736,
      "totalDamageDealtToChampions": 4285,
      "trueDamageTaken": 190,
      "wardPlaced": 7,
      "totalTimeCrowdControlDealt": 70
    }
  },
  "29716174": {
    "gameId": 818168867,
    "invalid": false,
    "gameMode": "CLASSIC",
    "gameType": "MATCHED_GAME",
    "subType": "RANKED_SOLO_5x5",
    "mapId": 1,
    "teamId": 200,
    "championId": 51,
    "spell1": 4,
    "spell2": 7,
    "level": 30,
    "ipEarned": 51,
    "createDate": 1398242234480,
    "fellowPlayers": [
      {
        "summonerId": 31265208,
        "teamId": 100,
        "championId": 61
      },
      {
        "summonerId": 21163946,
        "teamId": 100,
        "championId": 222
      },
      {
        "summonerId": 39011096,
        "teamId": 200,
        "championId": 412
      },
      {
        "summonerId": 28087326,
        "teamId": 200,
        "championId": 56
      },
      {
        "summonerId": 24255258,
        "teamId": 100,
        "championId": 79
      },
      {
        "summonerId": 29193369,
        "teamId": 200,
        "championId": 16
      },
      {
        "summonerId": 24137905,
        "teamId": 100,
        "championId": 64
      },
      {
        "summonerId": 37434523,
        "teamId": 100,
        "championId": 122
      },
      {
        "summonerId": 30399142,
        "teamId": 200,
        "championId": 45
      }
    ],
    "stats": {
      "level": 11,
      "goldEarned": 5729,
      "numDeaths": 3,
      "minionsKilled": 128,
      "goldSpent": 5445,
      "totalDamageDealt": 64809,
      "totalDamageTaken": 9652,
      "team": 200,
      "win": false,
      "neutralMinionsKilled": 1,
      "physicalDamageDealtPlayer": 63951,
      "magicDamageDealtPlayer": 857,
      "physicalDamageTaken": 7010,
      "magicDamageTaken": 2412,
      "largestCriticalStrike": 328,
      "timePlayed": 1256,
      "totalHeal": 1004,
      "totalUnitsHealed": 2,
      "assists": 3,
      "item0": 1055,
      "item1": 3072,
      "item2": 1051,
      "item3": 3006,
      "item4": 1042,
      "item6": 3340,
      "magicDamageDealtToChampions": 512,
      "physicalDamageDealtToChampions": 7892,
      "totalDamageDealtToChampions": 8405,
      "trueDamageTaken": 230,
      "wardPlaced": 5,
      "neutralMinionsKilledEnemyJungle": 1,
      "totalTimeCrowdControlDealt": 23
    }
  },
  "24137905": {
    "gameId": 818168867,
    "invalid": false,
    "gameMode": "CLASSIC",
    "gameType": "MATCHED_GAME",
    "subType": "RANKED_SOLO_5x5",
    "mapId": 1,
    "teamId": 100,
    "championId": 64,
    "spell1": 4,
    "spell2": 11,
    "level": 30,
    "ipEarned": 226,
    "createDate": 1398242234474,
    "fellowPlayers": [
      {
        "summonerId": 31265208,
        "teamId": 100,
        "championId": 61
      },
      {
        "summonerId": 21163946,
        "teamId": 100,
        "championId": 222
      },
      {
        "summonerId": 29716174,
        "teamId": 200,
        "championId": 51
      },
      {
        "summonerId": 39011096,
        "teamId": 200,
        "championId": 412
      },
      {
        "summonerId": 28087326,
        "teamId": 200,
        "championId": 56
      },
      {
        "summonerId": 24255258,
        "teamId": 100,
        "championId": 79
      },
      {
        "summonerId": 29193369,
        "teamId": 200,
        "championId": 16
      },
      {
        "summonerId": 37434523,
        "teamId": 100,
        "championId": 122
      },
      {
        "summonerId": 30399142,
        "teamId": 200,
        "championId": 45
      }
    ],
    "stats": {
      "level": 13,
      "goldEarned": 9558,
      "numDeaths": 1,
      "turretsKilled": 1,
      "minionsKilled": 23,
      "championsKilled": 7,
      "goldSpent": 6605,
      "totalDamageDealt": 130072,
      "totalDamageTaken": 12680,
      "killingSprees": 1,
      "largestKillingSpree": 6,
      "team": 100,
      "win": true,
      "neutralMinionsKilled": 94,
      "largestMultiKill": 1,
      "physicalDamageDealtPlayer": 76993,
      "magicDamageDealtPlayer": 40970,
      "physicalDamageTaken": 10796,
      "magicDamageTaken": 1679,
      "timePlayed": 1256,
      "totalHeal": 2566,
      "totalUnitsHealed": 1,
      "assists": 5,
      "item0": 3160,
      "item1": 1001,
      "item2": 3072,
      "item3": 1011,
      "item6": 3340,
      "magicDamageDealtToChampions": 972,
      "physicalDamageDealtToChampions": 7225,
      "totalDamageDealtToChampions": 8357,
      "trueDamageDealtPlayer": 12108,
      "trueDamageDealtToChampions": 160,
      "trueDamageTaken": 204,
      "wardPlaced": 4,
      "neutralMinionsKilledEnemyJungle": 33,
      "neutralMinionsKilledYourJungle": 61,
      "totalTimeCrowdControlDealt": 893
    }
  },
  "30399142": {
    "gameId": 818168867,
    "invalid": false,
    "gameMode": "CLASSIC",
    "gameType": "MATCHED_GAME",
    "subType": "RANKED_SOLO_5x5",
    "mapId": 1,
    "teamId": 200,
    "championId": 45,
    "spell1": 4,
    "spell2": 14,
    "level": 30,
    "ipEarned": 51,
    "createDate": 1398242234479,
    "fellowPlayers": [
      {
        "summonerId": 31265208,
        "teamId": 100,
        "championId": 61
      },
      {
        "summonerId": 21163946,
        "teamId": 100,
        "championId": 222
      },
      {
        "summonerId": 29716174,
        "teamId": 200,
        "championId": 51
      },
      {
        "summonerId": 39011096,
        "teamId": 200,
        "championId": 412
      },
      {
        "summonerId": 28087326,
        "teamId": 200,
        "championId": 56
      },
      {
        "summonerId": 24255258,
        "teamId": 100,
        "championId": 79
      },
      {
        "summonerId": 29193369,
        "teamId": 200,
        "championId": 16
      },
      {
        "summonerId": 24137905,
        "teamId": 100,
        "championId": 64
      },
      {
        "summonerId": 37434523,
        "teamId": 100,
        "championId": 122
      }
    ],
    "stats": {
      "level": 12,
      "goldEarned": 5697,
      "numDeaths": 4,
      "minionsKilled": 120,
      "championsKilled": 2,
      "goldSpent": 5580,
      "totalDamageDealt": 49341,
      "totalDamageTaken": 8501,
      "team": 200,
      "win": false,
      "neutralMinionsKilled": 2,
      "largestMultiKill": 1,
      "physicalDamageDealtPlayer": 5880,
      "magicDamageDealtPlayer": 42847,
      "physicalDamageTaken": 5278,
      "magicDamageTaken": 3179,
      "timePlayed": 1256,
      "totalHeal": 361,
      "totalUnitsHealed": 1,
      "item0": 1056,
      "item1": 3255,
      "item3": 3070,
      "item4": 3135,
      "item5": 1056,
      "item6": 3340,
      "magicDamageDealtToChampions": 5931,
      "physicalDamageDealtToChampions": 705,
      "totalDamageDealtToChampions": 7250,
      "trueDamageDealtPlayer": 613,
      "trueDamageDealtToChampions": 613,
      "trueDamageTaken": 44,
      "wardPlaced": 5,
      "neutralMinionsKilledYourJungle": 2,
      "totalTimeCrowdControlDealt": 26
    }
  }
}