{
  "37648604": {
    "gameId": 818162803,
    "invalid": false,
    "gameMode": "ARAM",
    "gameType": "MATCHED_GAME",
    "subType": "ARAM_UNRANKED_5x5",
    "mapId": 12,
    "teamId": 200,
    "championId": 110,
    "spell1": 4,
    "spell2": 7,
    "level": 30,
    "ipEarned": 79,
    "createDate": 1398243205459,
    "fellowPlayers": [
      {
        "summonerId": 24934626,
        "teamId": 100,
        "championId": 6
      },
      {
        "summonerId": 22203618,
        "teamId": 100,
        "championId": 121
      },
      {
        "summonerId": 33703231,
        "teamId": 200,
        "championId": 133
      },
      {
        "summonerId": 29347759,
        "teamId": 200,
        "championId": 45
      },
      {
        "summonerId": 25202486,
        "teamId": 200,
        "championId": 113
      },
      {
        "summonerId": 18999813,
        "teamId": 200,
        "championId": 75
      },
      {
        "summonerId": 27262233,
        "teamId": 100,
        "championId": 10
      },
      {
        "summonerId": 39510630,
        "teamId": 100,
        "championId": 25
      },
      {
        "summonerId": 30481603,
        "teamId": 100,
        "championId": 238
      }
    ],
    "stats": {
      "level": 18,
      "goldEarned": 16259,
      "numDeaths": 14,
      "turretsKilled": 2,
      "minionsKilled": 76,
      "championsKilled": 20,
      "goldSpent": 12820,
      "totalDamageDealt": 107947,
      "totalDamageTaken": 34004,
      "doubleKills": 4,
      "killingSprees": 7,
      "largestKillingSpree": 5,
      "team": 200,
      "win": true,
      "largestMultiKill": 2,
      "physicalDamageDealtPlayer": 96467,
      "magicDamageDealtPlayer": 11479,
      "physicalDamageTaken": 22714,
      "magicDamageTaken": 11289,
      "largestCriticalStrike": 712,
      "timePlayed": 1707,
      "totalHeal": 3098,
      "totalUnitsHealed": 3,
      "assists": 30,
      "item0": 3085,
      "item1": 3181,
      "item2": 3006,
      "item3": 3031,
      "item4": 3046,
      "item5": 1028,
      "magicDamageDealtToChampions": 7209,
      "physicalDamageDealtToChampions": 44331,
      "totalDamageDealtToChampions": 51540,
      "totalTimeCrowdControlDealt": 402
    }
  },
  "summonerCount": 10,
  "39510630": {
    "gameId": 818162803,
    "invalid": false,
    "gameMode": "ARAM",
    "gameType": "MATCHED_GAME",
    "subType": "ARAM_UNRANKED_5x5",
    "mapId": 12,
    "teamId": 100,
    "championId": 25,
    "spell1": 14,
    "spell2": 4,
    "level": 30,
    "ipEarned": 53,
    "createDate": 1398243205454,
    "fellowPlayers": [
      {
        "summonerId": 24934626,
        "teamId": 100,
        "championId": 6
      },
      {
        "summonerId": 22203618,
        "teamId": 100,
        "championId": 121
      },
      {
        "summonerId": 33703231,
        "teamId": 200,
        "championId": 133
      },
      {
        "summonerId": 29347759,
        "teamId": 200,
        "championId": 45
      },
      {
        "summonerId": 25202486,
        "teamId": 200,
        "championId": 113
      },
      {
        "summonerId": 18999813,
        "teamId": 200,
        "championId": 75
      },
      {
        "summonerId": 27262233,
        "teamId": 100,
        "championId": 10
      },
      {
        "summonerId": 37648604,
        "teamId": 200,
        "championId": 110
      },
      {
        "summonerId": 30481603,
        "teamId": 100,
        "championId": 238
      }
    ],
    "stats": {
      "level": 18,
      "goldEarned": 14442,
      "numDeaths": 9,
      "minionsKilled": 43,
      "championsKilled": 14,
      "goldSpent": 14065,
      "totalDamageDealt": 57646,
      "totalDamageTaken": 35305,
      "doubleKills": 2,
      "killingSprees": 6,
      "largestKillingSpree": 3,
      "team": 100,
      "win": false,
      "largestMultiKill": 2,
      "physicalDamageDealtPlayer": 6098,
      "magicDamageDealtPlayer": 50994,
      "physicalDamageTaken": 15808,
      "magicDamageTaken": 19496,
      "timePlayed": 1707,
      "totalHeal": 3788,
      "totalUnitsHealed": 1,
      "assists": 30,
      "item0": 3157,
      "item1": 3089,
      "item2": 3027,
      "item3": 3174,
      "item4": 1026,
      "item5": 1057,
      "magicDamageDealtToChampions": 30278,
      "physicalDamageDealtToChampions": 1548,
      "totalDamageDealtToChampions": 32381,
      "trueDamageDealtPlayer": 554,
      "trueDamageDealtToChampions": 554,
      "totalTimeCrowdControlDealt": 374
    }
  },
  "33703231": {
    "gameId": 818162803,
    "invalid": false,
    "gameMode": "ARAM",
    "gameType": "MATCHED_GAME",
    "subType": "ARAM_UNRANKED_5x5",
    "mapId": 12,
    "teamId": 200,
    "championId": 133,
    "spell1": 4,
    "spell2": 7,
    "level": 30,
    "ipEarned": 229,
    "createDate": 1398243205462,
    "fellowPlayers": [
      {
        "summonerId": 24934626,
        "teamId": 100,
        "championId": 6
      },
      {
        "summonerId": 22203618,
        "teamId": 100,
        "championId": 121
      },
      {
        "summonerId": 29347759,
        "teamId": 200,
        "championId": 45
      },
      {
        "summonerId": 25202486,
        "teamId": 200,
        "championId": 113
      },
      {
        "summonerId": 18999813,
        "teamId": 200,
        "championId": 75
      },
      {
        "summonerId": 27262233,
        "teamId": 100,
        "championId": 10
      },
      {
        "summonerId": 37648604,
        "teamId": 200,
        "championId": 110
      },
      {
        "summonerId": 39510630,
        "teamId": 100,
        "championId": 25
      },
      {
        "summonerId": 30481603,
        "teamId": 100,
        "championId": 238
      }
    ],
    "stats": {
      "level": 18,
      "goldEarned": 14399,
      "numDeaths": 13,
      "minionsKilled": 67,
      "championsKilled": 10,
      "goldSpent": 13035,
      "totalDamageDealt": 72107,
      "totalDamageTaken": 30009,
      "doubleKills": 1,
      "killingSprees": 1,
      "largestKillingSpree": 4,
      "team": 200,
      "win": true,
      "largestMultiKill": 2,
      "physicalDamageDealtPlayer": 63090,
      "magicDamageDealtPlayer": 9016,
      "physicalDamageTaken": 21715,
      "magicDamageTaken": 8294,
      "largestCriticalStrike": 909,
      "timePlayed": 1707,
      "totalHeal": 4620,
      "totalUnitsHealed": 4,
      "assists": 27,
      "item0": 3087,
      "item1": 3031,
      "item2": 3272,
      "item3": 3181,
      "item4": 3046,
      "magicDamageDealtToChampions": 2517,
      "physicalDamageDealtToChampions": 24355,
      "totalDamageDealtToChampions": 26873,
      "totalTimeCrowdControlDealt": 278
    }
  },
  "25202486": {
    "gameId": 818162803,
    "invalid": false,
    "gameMode": "ARAM",
    "gameType": "MATCHED_GAME",
    "subType": "ARAM_UNRANKED_5x5",
    "mapId": 12,
    "teamId": 200,
    "championId": 113,
    "spell1": 4,
    "spell2": 21,
    "level": 30,
    "ipEarned": 79,
    "createDate": 1398243205463,
    "fellowPlayers": [
      {
        "summonerId": 24934626,
        "teamId": 100,
        "championId": 6
      },
      {
        "summonerId": 22203618,
        "teamId": 100,
        "championId": 121
      },
      {
        "summonerId": 33703231,
        "teamId": 200,
        "championId": 133
      },
      {
        "summonerId": 29347759,
        "teamId": 200,
        "championId": 45
      },
      {
        "summonerId": 18999813,
        "teamId": 200,
        "championId": 75
      },
      {
        "summonerId": 27262233,
        "teamId": 100,
        "championId": 10
      },
      {
        "summonerId": 37648604,
        "teamId": 200,
        "championId": 110
      },
      {
        "summonerId": 39510630,
        "teamId": 100,
        "championId": 25
      },
      {
        "summonerId": 30481603,
        "teamId": 100,
        "championId": 238
      }
    ],
    "stats": {
      "level": 18,
      "goldEarned": 13453,
      "numDeaths": 13,
      "barracksKilled": 1,
      "minionsKilled": 35,
      "championsKilled": 4,
      "goldSpent": 12080,
      "totalDamageDealt": 45149,
      "totalDamageTaken": 35040,
      "team": 200,
      "win": true,
      "largestMultiKill": 1,
      "physicalDamageDealtPlayer": 9304,
      "magicDamageDealtPlayer": 35844,
      "physicalDamageTaken": 21819,
      "magicDamageTaken": 13220,
      "timePlayed": 1707,
      "totalHeal": 1910,
      "totalUnitsHealed": 1,
      "assists": 38,
      "item0": 3112,
      "item1": 3143,
      "item2": 3128,
      "item3": 3151,
      "item4": 3047,
      "item6": 2052,
      "magicDamageDealtToChampions": 16783,
      "physicalDamageDealtToChampions": 3458,
      "totalDamageDealtToChampions": 20241,
      "totalTimeCrowdControlDealt": 555
    }
  },
  "22203618": {
    "gameId": 818162803,
    "invalid": false,
    "gameMode": "ARAM",
    "gameType": "MATCHED_GAME",
    "subType": "ARAM_UNRANKED_5x5",
    "mapId": 12,
    "teamId": 100,
    "championId": 121,
    "spell1": 21,
    "spell2": 4,
    "level": 30,
    "ipEarned": 53,
    "createDate": 1398243205457,
    "fellowPlayers": [
      {
        "summonerId": 24934626,
        "teamId": 100,
        "championId": 6
      },
      {
        "summonerId": 33703231,
        "teamId": 200,
        "championId": 133
      },
      {
        "summonerId": 29347759,
        "teamId": 200,
        "championId": 45
      },
      {
        "summonerId": 25202486,
        "teamId": 200,
        "championId": 113
      },
      {
        "summonerId": 18999813,
        "teamId": 200,
        "championId": 75
      },
      {
        "summonerId": 27262233,
        "teamId": 100,
        "championId": 10
      },
      {
        "summonerId": 37648604,
        "teamId": 200,
        "championId": 110
      },
      {
        "summonerId": 39510630,
        "teamId": 100,
        "championId": 25
      },
      {
        "summonerId": 30481603,
        "teamId": 100,
        "championId": 238
      }
    ],
    "stats": {
      "level": 18,
      "goldEarned": 12271,
      "numDeaths": 14,
      "minionsKilled": 41,
      "championsKilled": 6,
      "goldSpent": 11442,
      "totalDamageDealt": 46182,
      "totalDamageTaken": 32289,
      "team": 100,
      "win": false,
      "largestMultiKill": 1,
      "physicalDamageDealtPlayer": 44936,
      "magicDamageDealtPlayer": 1246,
      "physicalDamageTaken": 21668,
      "magicDamageTaken": 10621,
      "timePlayed": 1707,
      "totalHeal": 3949,
      "totalUnitsHealed": 1,
      "assists": 21,
      "item0": 3153,
      "item1": 3172,
      "item2": 3111,
      "item3": 3065,
      "item4": 3134,
      "item6": 2052,
      "magicDamageDealtToChampions": 1246,
      "physicalDamageDealtToChampions": 21576,
      "totalDamageDealtToChampions": 22822,
      "totalTimeCrowdControlDealt": 251
    }
  },
  "18999813": {
    "gameId": 818162803,
    "invalid": false,
    "gameMode": "ARAM",
    "gameType": "MATCHED_GAME",
    "subType": "ARAM_UNRANKED_5x5",
    "mapId": 12,
    "teamId": 200,
    "championId": 75,
    "spell1": 21,
    "spell2": 4,
    "level": 30,
    "ipEarned": 229,
    "createDate": 1398243205460,
    "fellowPlayers": [
      {
        "summonerId": 24934626,
        "teamId": 100,
        "championId": 6
      },
      {
        "summonerId": 22203618,
        "teamId": 100,
        "championId": 121
      },
      {
        "summonerId": 33703231,
        "teamId": 200,
        "championId": 133
      },
      {
        "summonerId": 29347759,
        "teamId": 200,
        "championId": 45
      },
      {
        "summonerId": 25202486,
        "teamId": 200,
        "championId": 113
      },
      {
        "summonerId": 27262233,
        "teamId": 100,
        "championId": 10
      },
      {
        "summonerId": 37648604,
        "teamId": 200,
        "championId": 110
      },
      {
        "summonerId": 39510630,
        "teamId": 100,
        "championId": 25
      },
      {
        "summonerId": 30481603,
        "teamId": 100,
        "championId": 238
      }
    ],
    "stats": {
      "level": 18,
      "goldEarned": 14535,
      "numDeaths": 13,
      "turretsKilled": 2,
      "minionsKilled": 53,
      "championsKilled": 11,
      "goldSpent": 12978,
      "totalDamageDealt": 62509,
      "totalDamageTaken": 49905,
      "killingSprees": 3,
      "largestKillingSpree": 3,
      "team": 200,
      "win": true,
      "largestMultiKill": 1,
      "physicalDamageDealtPlayer": 31243,
      "magicDamageDealtPlayer": 31266,
      "physicalDamageTaken": 36834,
      "magicDamageTaken": 12516,
      "largestCriticalStrike": 707,
      "timePlayed": 1707,
      "totalHeal": 4088,
      "totalUnitsHealed": 1,
      "assists": 32,
      "item0": 3111,
      "item1": 3153,
      "item2": 3068,
      "item3": 1054,
      "item4": 3078,
      "item5": 3211,
      "item6": 2052,
      "magicDamageDealtToChampions": 10768,
      "physicalDamageDealtToChampions": 13618,
      "totalDamageDealtToChampions": 24386,
      "trueDamageTaken": 554,
      "totalTimeCrowdControlDealt": 164
    }
  },
  "24934626": {
    "gameId": 818162803,
    "invalid": false,
    "gameMode": "ARAM",
    "gameType": "MATCHED_GAME",
    "subType": "ARAM_UNRANKED_5x5",
    "mapId": 12,
    "teamId": 100,
    "championId": 6,
    "spell1": 4,
    "spell2": 21,
    "level": 30,
    "ipEarned": 53,
    "createDate": 1398243205453,
    "fellowPlayers": [
      {
        "summonerId": 22203618,
        "teamId": 100,
        "championId": 121
      },
      {
        "summonerId": 33703231,
        "teamId": 200,
        "championId": 133
      },
      {
        "summonerId": 29347759,
        "teamId": 200,
        "championId": 45
      },
      {
        "summonerId": 25202486,
        "teamId": 200,
        "championId": 113
      },
      {
        "summonerId": 18999813,
        "teamId": 200,
        "championId": 75
      },
      {
        "summonerId": 27262233,
        "teamId": 100,
        "championId": 10
      },
      {
        "summonerId": 37648604,
        "teamId": 200,
        "championId": 110
      },
      {
        "summonerId": 39510630,
        "teamId": 100,
        "championId": 25
      },
      {
        "summonerId": 30481603,
        "teamId": 100,
        "championId": 238
      }
    ],
    "stats": {
      "level": 18,
      "goldEarned": 15485,
      "numDeaths": 10,
      "minionsKilled": 56,
      "championsKilled": 20,
      "goldSpent": 14025,
      "totalDamageDealt": 76664,
      "totalDamageTaken": 29498,
      "doubleKills": 2,
      "killingSprees": 4,
      "largestKillingSpree": 5,
      "team": 100,
      "win": false,
      "largestMultiKill": 2,
      "physicalDamageDealtPlayer": 76664,
      "physicalDamageTaken": 18156,
      "magicDamageTaken": 11341,
      "timePlayed": 1707,
      "totalHeal": 2746,
      "totalUnitsHealed": 1,
      "assists": 27,
      "item0": 3111,
      "item1": 3110,
      "item2": 3042,
      "item3": 3025,
      "item4": 3071,
      "item5": 3155,
      "physicalDamageDealtToChampions": 42844,
      "totalDamageDealtToChampions": 42844,
      "totalTimeCrowdControlDealt": 808
    }
  },
  "30481603": {
    "gameId": 818162803,
    "invalid": false,
    "gameMode": "ARAM",
    "gameType": "MATCHED_GAME",
    "subType": "ARAM_UNRANKED_5x5",
    "mapId": 12,
    "teamId": 100,
    "championId": 238,
    "spell1": 7,
    "spell2": 4,
    "level": 30,
    "ipEarned": 53,
    "createDate": 1398243205458,
    "fellowPlayers": [
      {
        "summonerId": 24934626,
        "teamId": 100,
        "championId": 6
      },
      {
        "summonerId": 22203618,
        "teamId": 100,
        "championId": 121
      },
      {
        "summonerId": 33703231,
        "teamId": 200,
        "championId": 133
      },
      {
        "summonerId": 29347759,
        "teamId": 200,
        "championId": 45
      },
      {
        "summonerId": 25202486,
        "teamId": 200,
        "championId": 113
      },
      {
        "summonerId": 18999813,
        "teamId": 200,
        "championId": 75
      },
      {
        "summonerId": 27262233,
        "teamId": 100,
        "championId": 10
      },
      {
        "summonerId": 37648604,
        "teamId": 200,
        "championId": 110
      },
      {
        "summonerId": 39510630,
        "teamId": 100,
        "championId": 25
      }
    ],
    "stats": {
      "level": 18,
      "goldEarned": 13298,
      "numDeaths": 16,
      "minionsKilled": 35,
      "championsKilled": 11,
      "goldSpent": 13270,
      "totalDamageDealt": 62868,
      "totalDamageTaken": 35148,
      "doubleKills": 1,
      "killingSprees": 2,
      "largestKillingSpree": 2,
      "team": 100,
      "win": false,
      "largestMultiKill": 2,
      "physicalDamageDealtPlayer": 60963,
      "magicDamageDealtPlayer": 1905,
      "physicalDamageTaken": 19078,
      "magicDamageTaken": 16070,
      "timePlayed": 1707,
      "totalHeal": 2481,
      "totalUnitsHealed": 5,
      "assists": 25,
      "item0": 3074,
      "item1": 3047,
      "item2": 3035,
      "item3": 3181,
      "item4": 3071,
      "item5": 1011,
      "item6": 2052,
      "magicDamageDealtToChampions": 1352,
      "physicalDamageDealtToChampions": 34622,
      "totalDamageDealtToChampions": 35975,
      "wardPlaced": 24,
      "totalTimeCrowdControlDealt": 73
    }
  },
  "27262233": {
    "gameId": 818162803,
    "invalid": false,
    "gameMode": "ARAM",
    "gameType": "MATCHED_GAME",
    "subType": "ARAM_UNRANKED_5x5",
    "mapId": 12,
    "teamId": 100,
    "championId": 10,
    "spell1": 21,
    "spell2": 4,
    "level": 30,
    "ipEarned": 53,
    "createDate": 1398243205455,
    "fellowPlayers": [
      {
        "summonerId": 24934626,
        "teamId": 100,
        "championId": 6
      },
      {
        "summonerId": 22203618,
        "teamId": 100,
        "championId": 121
      },
      {
        "summonerId": 33703231,
        "teamId": 200,
        "championId": 133
      },
      {
        "summonerId": 29347759,
        "teamId": 200,
        "championId": 45
      },
      {
        "summonerId": 25202486,
        "teamId": 200,
        "championId": 113
      },
      {
        "summonerId": 18999813,
        "teamId": 200,
        "championId": 75
      },
      {
        "summonerId": 37648604,
        "teamId": 200,
        "championId": 110
      },
      {
        "summonerId": 39510630,
        "teamId": 100,
        "championId": 25
      },
      {
        "summonerId": 30481603,
        "teamId": 100,
        "championId": 238
      }
    ],
    "stats": {
      "level": 18,
      "goldEarned": 15481,
      "numDeaths": 14,
      "minionsKilled": 79,
      "championsKilled": 14,
      "goldSpent": 13255,
      "totalDamageDealt": 89098,
      "totalDamageTaken": 43797,
      "killingSprees": 4,
      "largestKillingSpree": 3,
      "team": 100,
      "win": false,
      "largestMultiKill": 1,
      "physicalDamageDealtPlayer": 27697,
      "magicDamageDealtPlayer": 61400,
      "physicalDamageTaken": 19918,
      "magicDamageTaken": 23879,
      "timePlayed": 1707,
      "totalHeal": 14311,
      "totalUnitsHealed": 5,
      "assists": 28,
      "item0": 3006,
      "item1": 3151,
      "item2": 3115,
      "item3": 3124,
      "item4": 1026,
      "item5": 3116,
      "item6": 2052,
      "magicDamageDealtToChampions": 25929,
      "physicalDamageDealtToChampions": 7868,
      "totalDamageDealtToChampions": 33798,
      "totalTimeCrowdControlDealt": 228
    }
  },
  "37648604": {
    "gameId": 818162803,
    "invalid": false,
    "gameMode": "ARAM",
    "gameType": "MATCHED_GAME",
    "subType": "ARAM_UNRANKED_5x5",
    "mapId": 12,
    "teamId": 200,
    "championId": 110,
    "spell1": 4,
    "spell2": 7,
    "level": 30,
    "ipEarned": 79,
    "createDate": 1398243205459,
    "fellowPlayers": [
      {
        "summonerId": 24934626,
        "teamId": 100,
        "championId": 6
      },
      {
        "summonerId": 22203618,
        "teamId": 100,
        "championId": 121
      },
      {
        "summonerId": 33703231,
        "teamId": 200,
        "championId": 133
      },
      {
        "summonerId": 29347759,
        "teamId": 200,
        "championId": 45
      },
      {
        "summonerId": 25202486,
        "teamId": 200,
        "championId": 113
      },
      {
        "summonerId": 18999813,
        "teamId": 200,
        "championId": 75
      },
      {
        "summonerId": 27262233,
        "teamId": 100,
        "championId": 10
      },
      {
        "summonerId": 39510630,
        "teamId": 100,
        "championId": 25
      },
      {
        "summonerId": 30481603,
        "teamId": 100,
        "championId": 238
      }
    ],
    "stats": {
      "level": 18,
      "goldEarned": 16259,
      "numDeaths": 14,
      "turretsKilled": 2,
      "minionsKilled": 76,
      "championsKilled": 20,
      "goldSpent": 12820,
      "totalDamageDealt": 107947,
      "totalDamageTaken": 34004,
      "doubleKills": 4,
      "killingSprees": 7,
      "largestKillingSpree": 5,
      "team": 200,
      "win": true,
      "largestMultiKill": 2,
      "physicalDamageDealtPlayer": 96467,
      "magicDamageDealtPlayer": 11479,
      "physicalDamageTaken": 22714,
      "magicDamageTaken": 11289,
      "largestCriticalStrike": 712,
      "timePlayed": 1707,
      "totalHeal": 3098,
      "totalUnitsHealed": 3,
      "assists": 30,
      "item0": 3085,
      "item1": 3181,
      "item2": 3006,
      "item3": 3031,
      "item4": 3046,
      "item5": 1028,
      "magicDamageDealtToChampions": 7209,
      "physicalDamageDealtToChampions": 44331,
      "totalDamageDealtToChampions": 51540,
      "totalTimeCrowdControlDealt": 402
    }
  }
}