{
  "31446334": {
    "gameId": 818168602,
    "invalid": false,
    "gameMode": "CLASSIC",
    "gameType": "MATCHED_GAME",
    "subType": "RANKED_SOLO_5x5",
    "mapId": 1,
    "teamId": 200,
    "championId": 157,
    "spell1": 14,
    "spell2": 4,
    "level": 30,
    "ipEarned": 232,
    "createDate": 1398242529481,
    "fellowPlayers": [
      {
        "summonerId": 33377866,
        "teamId": 200,
        "championId": 222
      },
      {
        "summonerId": 28984509,
        "teamId": 100,
        "championId": 32
      },
      {
        "summonerId": 44263064,
        "teamId": 200,
        "championId": 62
      },
      {
        "summonerId": 44753359,
        "teamId": 100,
        "championId": 412
      },
      {
        "summonerId": 28690271,
        "teamId": 200,
        "championId": 92
      },
      {
        "summonerId": 19938933,
        "teamId": 100,
        "championId": 39
      },
      {
        "summonerId": 28882687,
        "teamId": 200,
        "championId": 1
      },
      {
        "summonerId": 32164551,
        "teamId": 100,
        "championId": 38
      },
      {
        "summonerId": 23547751,
        "teamId": 100,
        "championId": 42
      }
    ],
    "stats": {
      "level": 16,
      "goldEarned": 13039,
      "numDeaths": 5,
      "barracksKilled": 1,
      "turretsKilled": 3,
      "minionsKilled": 163,
      "championsKilled": 8,
      "goldSpent": 10980,
      "totalDamageDealt": 138120,
      "totalDamageTaken": 22446,
      "killingSprees": 2,
      "largestKillingSpree": 2,
      "team": 200,
      "win": true,
      "neutralMinionsKilled": 14,
      "largestMultiKill": 1,
      "physicalDamageDealtPlayer": 117678,
      "magicDamageDealtPlayer": 19266,
      "physicalDamageTaken": 9557,
      "magicDamageTaken": 11455,
      "largestCriticalStrike": 603,
      "timePlayed": 1736,
      "totalHeal": 2719,
      "totalUnitsHealed": 1,
      "assists": 12,
      "item0": 1055,
      "item1": 3006,
      "item2": 3077,
      "item3": 3031,
      "item4": 1053,
      "item5": 3087,
      "item6": 3340,
      "magicDamageDealtToChampions": 3299,
      "physicalDamageDealtToChampions": 18739,
      "totalDamageDealtToChampions": 22816,
      "trueDamageDealtPlayer": 1176,
      "trueDamageDealtToChampions": 778,
      "trueDamageTaken": 1433,
      "wardPlaced": 10,
      "neutralMinionsKilledEnemyJungle": 9,
      "neutralMinionsKilledYourJungle": 5,
      "totalTimeCrowdControlDealt": 244
    }
  },
  "summonerCount": 10,
  "44753359": {
    "gameId": 818168602,
    "invalid": false,
    "gameMode": "CLASSIC",
    "gameType": "MATCHED_GAME",
    "subType": "RANKED_SOLO_5x5",
    "mapId": 1,
    "teamId": 100,
    "championId": 412,
    "spell1": 4,
    "spell2": 14,
    "level": 30,
    "ipEarned": 55,
    "createDate": 1398242529474,
    "fellowPlayers": [
      {
        "summonerId": 33377866,
        "teamId": 200,
        "championId": 222
      },
      {
        "summonerId": 28984509,
        "teamId": 100,
        "championId": 32
      },
      {
        "summonerId": 44263064,
        "teamId": 200,
        "championId": 62
      },
      {
        "summonerId": 28690271,
        "teamId": 200,
        "championId": 92
      },
      {
        "summonerId": 19938933,
        "teamId": 100,
        "championId": 39
      },
      {
        "summonerId": 28882687,
        "teamId": 200,
        "championId": 1
      },
      {
        "summonerId": 31446334,
        "teamId": 200,
        "championId": 157
      },
      {
        "summonerId": 32164551,
        "teamId": 100,
        "championId": 38
      },
      {
        "summonerId": 23547751,
        "teamId": 100,
        "championId": 42
      }
    ],
    "stats": {
      "level": 11,
      "goldEarned": 7014,
      "numDeaths": 13,
      "minionsKilled": 15,
      "championsKilled": 4,
      "goldSpent": 6880,
      "totalDamageDealt": 11068,
      "totalDamageTaken": 25314,
      "team": 100,
      "win": false,
      "largestMultiKill": 1,
      "physicalDamageDealtPlayer": 2472,
      "magicDamageDealtPlayer": 7963,
      "physicalDamageTaken": 19382,
      "magicDamageTaken": 5068,
      "timePlayed": 1736,
      "totalHeal": 1058,
      "totalUnitsHealed": 4,
      "assists": 10,
      "item0": 3302,
      "item1": 2049,
      "item2": 3222,
      "item3": 3158,
      "item4": 3190,
      "item6": 3341,
      "magicDamageDealtToChampions": 4791,
      "physicalDamageDealtToChampions": 533,
      "totalDamageDealtToChampions": 5957,
      "trueDamageDealtPlayer": 632,
      "trueDamageDealtToChampions": 632,
      "trueDamageTaken": 864,
      "wardPlaced": 15,
      "totalTimeCrowdControlDealt": 92
    }
  },
  "28882687": {
    "gameId": 818168602,
    "invalid": false,
    "gameMode": "CLASSIC",
    "gameType": "MATCHED_GAME",
    "subType": "RANKED_SOLO_5x5",
    "mapId": 1,
    "teamId": 200,
    "championId": 1,
    "spell1": 14,
    "spell2": 4,
    "level": 30,
    "ipEarned": 232,
    "createDate": 1398242529482,
    "fellowPlayers": [
      {
        "summonerId": 33377866,
        "teamId": 200,
        "championId": 222
      },
      {
        "summonerId": 28984509,
        "teamId": 100,
        "championId": 32
      },
      {
        "summonerId": 44263064,
        "teamId": 200,
        "championId": 62
      },
      {
        "summonerId": 44753359,
        "teamId": 100,
        "championId": 412
      },
      {
        "summonerId": 28690271,
        "teamId": 200,
        "championId": 92
      },
      {
        "summonerId": 19938933,
        "teamId": 100,
        "championId": 39
      },
      {
        "summonerId": 31446334,
        "teamId": 200,
        "championId": 157
      },
      {
        "summonerId": 32164551,
        "teamId": 100,
        "championId": 38
      },
      {
        "summonerId": 23547751,
        "teamId": 100,
        "championId": 42
      }
    ],
    "stats": {
      "level": 15,
      "goldEarned": 13800,
      "numDeaths": 7,
      "turretsKilled": 2,
      "minionsKilled": 109,
      "championsKilled": 11,
      "goldSpent": 12225,
      "totalDamageDealt": 103730,
      "totalDamageTaken": 14324,
      "doubleKills": 2,
      "killingSprees": 4,
      "largestKillingSpree": 3,
      "team": 200,
      "win": true,
      "neutralMinionsKilled": 7,
      "largestMultiKill": 2,
      "physicalDamageDealtPlayer": 13949,
      "magicDamageDealtPlayer": 88711,
      "physicalDamageTaken": 4505,
      "magicDamageTaken": 8667,
      "timePlayed": 1736,
      "totalHeal": 585,
      "totalUnitsHealed": 1,
      "assists": 12,
      "item0": 3157,
      "item1": 3092,
      "item2": 3027,
      "item3": 3255,
      "item4": 3010,
      "item6": 3340,
      "sightWardsBought": 3,
      "magicDamageDealtToChampions": 23076,
      "physicalDamageDealtToChampions": 1652,
      "totalDamageDealtToChampions": 25763,
      "trueDamageDealtPlayer": 1070,
      "trueDamageDealtToChampions": 1034,
      "trueDamageTaken": 1151,
      "wardPlaced": 6,
      "neutralMinionsKilledEnemyJungle": 4,
      "neutralMinionsKilledYourJungle": 3,
      "totalTimeCrowdControlDealt": 134
    }
  },
  "23547751": {
    "gameId": 818168602,
    "invalid": false,
    "gameMode": "CLASSIC",
    "gameType": "MATCHED_GAME",
    "subType": "RANKED_SOLO_5x5",
    "mapId": 1,
    "teamId": 100,
    "championId": 42,
    "spell1": 4,
    "spell2": 7,
    "level": 30,
    "ipEarned": 55,
    "createDate": 1398242529478,
    "fellowPlayers": [
      {
        "summonerId": 33377866,
        "teamId": 200,
        "championId": 222
      },
      {
        "summonerId": 28984509,
        "teamId": 100,
        "championId": 32
      },
      {
        "summonerId": 44263064,
        "teamId": 200,
        "championId": 62
      },
      {
        "summonerId": 44753359,
        "teamId": 100,
        "championId": 412
      },
      {
        "summonerId": 28690271,
        "teamId": 200,
        "championId": 92
      },
      {
        "summonerId": 19938933,
        "teamId": 100,
        "championId": 39
      },
      {
        "summonerId": 28882687,
        "teamId": 200,
        "championId": 1
      },
      {
        "summonerId": 31446334,
        "teamId": 200,
        "championId": 157
      },
      {
        "summonerId": 32164551,
        "teamId": 100,
        "championId": 38
      }
    ],
    "stats": {
      "level": 14,
      "goldEarned": 9796,
      "numDeaths": 14,
      "turretsKilled": 2,
      "minionsKilled": 111,
      "championsKilled": 5,
      "goldSpent": 9443,
      "totalDamageDealt": 85802,
      "totalDamageTaken": 23533,
      "doubleKills": 1,
      "killingSprees": 1,
      "largestKillingSpree": 2,
      "team": 100,
      "win": false,
      "neutralMinionsKilled": 2,
      "largestMultiKill": 2,
      "physicalDamageDealtPlayer": 37081,
      "magicDamageDealtPlayer": 45867,
      "physicalDamageTaken": 18442,
      "magicDamageTaken": 4537,
      "largestCriticalStrike": 331,
      "timePlayed": 1736,
      "totalHeal": 2136,
      "totalUnitsHealed": 4,
      "assists": 11,
      "item0": 3072,
      "item1": 2003,
      "item2": 3257,
      "item3": 3078,
      "item4": 1031,
      "item6": 3340,
      "magicDamageDealtToChampions": 10922,
      "physicalDamageDealtToChampions": 6319,
      "totalDamageDealtToChampions": 17975,
      "trueDamageDealtPlayer": 2853,
      "trueDamageDealtToChampions": 733,
      "trueDamageTaken": 552,
      "wardPlaced": 3,
      "neutralMinionsKilledYourJungle": 2
    }
  },
  "44263064": {
    "gameId": 818168602,
    "invalid": false,
    "gameMode": "CLASSIC",
    "gameType": "MATCHED_GAME",
    "subType": "RANKED_SOLO_5x5",
    "mapId": 1,
    "teamId": 200,
    "championId": 62,
    "spell1": 4,
    "spell2": 11,
    "level": 30,
    "ipEarned": 82,
    "createDate": 1398242529484,
    "fellowPlayers": [
      {
        "summonerId": 33377866,
        "teamId": 200,
        "championId": 222
      },
      {
        "summonerId": 28984509,
        "teamId": 100,
        "championId": 32
      },
      {
        "summonerId": 44753359,
        "teamId": 100,
        "championId": 412
      },
      {
        "summonerId": 28690271,
        "teamId": 200,
        "championId": 92
      },
      {
        "summonerId": 19938933,
        "teamId": 100,
        "championId": 39
      },
      {
        "summonerId": 28882687,
        "teamId": 200,
        "championId": 1
      },
      {
        "summonerId": 31446334,
        "teamId": 200,
        "championId": 157
      },
      {
        "summonerId": 32164551,
        "teamId": 100,
        "championId": 38
      },
      {
        "summonerId": 23547751,
        "teamId": 100,
        "championId": 42
      }
    ],
    "stats": {
      "level": 15,
      "goldEarned": 11221,
      "numDeaths": 6,
      "minionsKilled": 33,
      "championsKilled": 9,
      "goldSpent": 10590,
      "totalDamageDealt": 113458,
      "totalDamageTaken": 21381,
      "killingSprees": 3,
      "largestKillingSpree": 3,
      "team": 200,
      "win": true,
      "neutralMinionsKilled": 60,
      "largestMultiKill": 1,
      "physicalDamageDealtPlayer": 95176,
      "magicDamageDealtPlayer": 2927,
      "physicalDamageTaken": 12880,
      "magicDamageTaken": 7506,
      "timePlayed": 1736,
      "totalHeal": 3680,
      "totalUnitsHealed": 1,
      "assists": 8,
      "item0": 3209,
      "item1": 3071,
      "item2": 3102,
      "item3": 3111,
      "item4": 3044,
      "item6": 3340,
      "magicDamageDealtToChampions": 252,
      "physicalDamageDealtToChampions": 18674,
      "totalDamageDealtToChampions": 20693,
      "trueDamageDealtPlayer": 15354,
      "trueDamageDealtToChampions": 1767,
      "trueDamageTaken": 994,
      "wardPlaced": 6,
      "neutralMinionsKilledEnemyJungle": 15,
      "neutralMinionsKilledYourJungle": 45,
      "totalTimeCrowdControlDealt": 190
    }
  },
  "19938933": {
    "gameId": 818168602,
    "invalid": false,
    "gameMode": "CLASSIC",
    "gameType": "MATCHED_GAME",
    "subType": "RANKED_SOLO_5x5",
    "mapId": 1,
    "teamId": 100,
    "championId": 39,
    "spell1": 14,
    "spell2": 4,
    "level": 30,
    "ipEarned": 55,
    "createDate": 1398242529477,
    "fellowPlayers": [
      {
        "summonerId": 33377866,
        "teamId": 200,
        "championId": 222
      },
      {
        "summonerId": 28984509,
        "teamId": 100,
        "championId": 32
      },
      {
        "summonerId": 44263064,
        "teamId": 200,
        "championId": 62
      },
      {
        "summonerId": 44753359,
        "teamId": 100,
        "championId": 412
      },
      {
        "summonerId": 28690271,
        "teamId": 200,
        "championId": 92
      },
      {
        "summonerId": 28882687,
        "teamId": 200,
        "championId": 1
      },
      {
        "summonerId": 31446334,
        "teamId": 200,
        "championId": 157
      },
      {
        "summonerId": 32164551,
        "teamId": 100,
        "championId": 38
      },
      {
        "summonerId": 23547751,
        "teamId": 100,
        "championId": 42
      }
    ],
    "stats": {
      "level": 12,
      "goldEarned": 8111,
      "numDeaths": 11,
      "minionsKilled": 100,
      "championsKilled": 6,
      "goldSpent": 7625,
      "totalDamageDealt": 59454,
      "totalDamageTaken": 29068,
      "team": 100,
      "win": false,
      "neutralMinionsKilled": 5,
      "largestMultiKill": 1,
      "physicalDamageDealtPlayer": 51530,
      "magicDamageDealtPlayer": 1354,
      "physicalDamageTaken": 23204,
      "magicDamageTaken": 4954,
      "timePlayed": 1736,
      "totalHeal": 5731,
      "totalUnitsHealed": 1,
      "assists": 2,
      "item0": 1055,
      "item1": 3153,
      "item2": 3260,
      "item3": 1051,
      "item4": 3044,
      "item5": 1042,
      "item6": 3340,
      "magicDamageDealtToChampions": 1302,
      "physicalDamageDealtToChampions": 9530,
      "totalDamageDealtToChampions": 13952,
      "trueDamageDealtPlayer": 6569,
      "trueDamageDealtToChampions": 3119,
      "trueDamageTaken": 908,
      "wardPlaced": 3,
      "neutralMinionsKilledYourJungle": 5,
      "totalTimeCrowdControlDealt": 39
    }
  },
  "32164551": {
    "gameId": 818168602,
    "invalid": false,
    "gameMode": "CLASSIC",
    "gameType": "MATCHED_GAME",
    "subType": "RANKED_SOLO_5x5",
    "mapId": 1,
    "teamId": 100,
    "championId": 38,
    "spell1": 14,
    "spell2": 4,
    "level": 30,
    "ipEarned": 55,
    "createDate": 1398242529476,
    "fellowPlayers": [
      {
        "summonerId": 33377866,
        "teamId": 200,
        "championId": 222
      },
      {
        "summonerId": 28984509,
        "teamId": 100,
        "championId": 32
      },
      {
        "summonerId": 44263064,
        "teamId": 200,
        "championId": 62
      },
      {
        "summonerId": 44753359,
        "teamId": 100,
        "championId": 412
      },
      {
        "summonerId": 28690271,
        "teamId": 200,
        "championId": 92
      },
      {
        "summonerId": 19938933,
        "teamId": 100,
        "championId": 39
      },
      {
        "summonerId": 28882687,
        "teamId": 200,
        "championId": 1
      },
      {
        "summonerId": 31446334,
        "teamId": 200,
        "championId": 157
      },
      {
        "summonerId": 23547751,
        "teamId": 100,
        "championId": 42
      }
    ],
    "stats": {
      "level": 15,
      "goldEarned": 10960,
      "numDeaths": 4,
      "minionsKilled": 97,
      "championsKilled": 13,
      "goldSpent": 9355,
      "totalDamageDealt": 58210,
      "totalDamageTaken": 31355,
      "doubleKills": 3,
      "killingSprees": 1,
      "largestKillingSpree": 11,
      "team": 100,
      "win": false,
      "largestMultiKill": 2,
      "physicalDamageDealtPlayer": 10997,
      "magicDamageDealtPlayer": 46165,
      "physicalDamageTaken": 22712,
      "magicDamageTaken": 7020,
      "timePlayed": 1736,
      "totalHeal": 7386,
      "totalUnitsHealed": 1,
      "assists": 6,
      "item0": 2041,
      "item1": 3089,
      "item2": 3027,
      "item3": 3255,
      "item4": 2003,
      "item5": 3191,
      "item6": 3340,
      "magicDamageDealtToChampions": 16127,
      "physicalDamageDealtToChampions": 1534,
      "totalDamageDealtToChampions": 18384,
      "trueDamageDealtPlayer": 1048,
      "trueDamageDealtToChampions": 722,
      "trueDamageTaken": 1621,
      "wardPlaced": 6,
      "totalTimeCrowdControlDealt": 362
    }
  },
  "28690271": {
    "gameId": 818168602,
    "invalid": false,
    "gameMode": "CLASSIC",
    "gameType": "MATCHED_GAME",
    "subType": "RANKED_SOLO_5x5",
    "mapId": 1,
    "teamId": 200,
    "championId": 92,
    "spell1": 14,
    "spell2": 4,
    "level": 30,
    "ipEarned": 232,
    "createDate": 1398242529480,
    "fellowPlayers": [
      {
        "summonerId": 33377866,
        "teamId": 200,
        "championId": 222
      },
      {
        "summonerId": 28984509,
        "teamId": 100,
        "championId": 32
      },
      {
        "summonerId": 44263064,
        "teamId": 200,
        "championId": 62
      },
      {
        "summonerId": 44753359,
        "teamId": 100,
        "championId": 412
      },
      {
        "summonerId": 19938933,
        "teamId": 100,
        "championId": 39
      },
      {
        "summonerId": 28882687,
        "teamId": 200,
        "championId": 1
      },
      {
        "summonerId": 31446334,
        "teamId": 200,
        "championId": 157
      },
      {
        "summonerId": 32164551,
        "teamId": 100,
        "championId": 38
      },
      {
        "summonerId": 23547751,
        "teamId": 100,
        "championId": 42
      }
    ],
    "stats": {
      "level": 16,
      "goldEarned": 12911,
      "numDeaths": 4,
      "turretsKilled": 2,
      "minionsKilled": 142,
      "championsKilled": 10,
      "goldSpent": 11725,
      "totalDamageDealt": 141545,
      "totalDamageTaken": 15366,
      "doubleKills": 1,
      "killingSprees": 2,
      "largestKillingSpree": 5,
      "team": 200,
      "win": true,
      "neutralMinionsKilled": 34,
      "largestMultiKill": 2,
      "physicalDamageDealtPlayer": 139851,
      "physicalDamageTaken": 9100,
      "magicDamageTaken": 5011,
      "timePlayed": 1736,
      "totalHeal": 915,
      "totalUnitsHealed": 1,
      "assists": 7,
      "item0": 3269,
      "item1": 3071,
      "item2": 3156,
      "item3": 1055,
      "item4": 3072,
      "item6": 3340,
      "physicalDamageDealtToChampions": 17515,
      "totalDamageDealtToChampions": 18689,
      "trueDamageDealtPlayer": 1694,
      "trueDamageDealtToChampions": 1174,
      "trueDamageTaken": 1254,
      "wardPlaced": 2,
      "neutralMinionsKilledEnemyJungle": 12,
      "neutralMinionsKilledYourJungle": 22,
      "totalTimeCrowdControlDealt": 189
    }
  },
  "28984509": {
    "gameId": 818168602,
    "invalid": false,
    "gameMode": "CLASSIC",
    "gameType": "MATCHED_GAME",
    "subType": "RANKED_SOLO_5x5",
    "mapId": 1,
    "teamId": 100,
    "championId": 32,
    "spell1": 4,
    "spell2": 11,
    "level": 30,
    "ipEarned": 55,
    "createDate": 1398242529475,
    "fellowPlayers": [
      {
        "summonerId": 33377866,
        "teamId": 200,
        "championId": 222
      },
      {
        "summonerId": 44263064,
        "teamId": 200,
        "championId": 62
      },
      {
        "summonerId": 44753359,
        "teamId": 100,
        "championId": 412
      },
      {
        "summonerId": 28690271,
        "teamId": 200,
        "championId": 92
      },
      {
        "summonerId": 19938933,
        "teamId": 100,
        "championId": 39
      },
      {
        "summonerId": 28882687,
        "teamId": 200,
        "championId": 1
      },
      {
        "summonerId": 31446334,
        "teamId": 200,
        "championId": 157
      },
      {
        "summonerId": 32164551,
        "teamId": 100,
        "championId": 38
      },
      {
        "summonerId": 23547751,
        "teamId": 100,
        "championId": 42
      }
    ],
    "stats": {
      "level": 14,
      "goldEarned": 8170,
      "numDeaths": 9,
      "minionsKilled": 47,
      "championsKilled": 3,
      "goldSpent": 7630,
      "totalDamageDealt": 98610,
      "totalDamageTaken": 28082,
      "team": 100,
      "win": false,
      "neutralMinionsKilled": 53,
      "largestMultiKill": 1,
      "physicalDamageDealtPlayer": 13474,
      "magicDamageDealtPlayer": 72627,
      "physicalDamageTaken": 21152,
      "magicDamageTaken": 6123,
      "timePlayed": 1736,
      "totalHeal": 5069,
      "totalUnitsHealed": 1,
      "assists": 8,
      "item0": 3280,
      "item1": 3207,
      "item2": 3068,
      "item3": 1052,
      "item4": 1026,
      "item6": 3341,
      "magicDamageDealtToChampions": 10907,
      "physicalDamageDealtToChampions": 955,
      "totalDamageDealtToChampions": 12145,
      "trueDamageDealtPlayer": 12508,
      "trueDamageDealtToChampions": 282,
      "trueDamageTaken": 806,
      "neutralMinionsKilledEnemyJungle": 4,
      "neutralMinionsKilledYourJungle": 49,
      "totalTimeCrowdControlDealt": 213
    }
  },
  "31446334": {
    "gameId": 818168602,
    "invalid": false,
    "gameMode": "CLASSIC",
    "gameType": "MATCHED_GAME",
    "subType": "RANKED_SOLO_5x5",
    "mapId": 1,
    "teamId": 200,
    "championId": 157,
    "spell1": 14,
    "spell2": 4,
    "level": 30,
    "ipEarned": 232,
    "createDate": 1398242529481,
    "fellowPlayers": [
      {
        "summonerId": 33377866,
        "teamId": 200,
        "championId": 222
      },
      {
        "summonerId": 28984509,
        "teamId": 100,
        "championId": 32
      },
      {
        "summonerId": 44263064,
        "teamId": 200,
        "championId": 62
      },
      {
        "summonerId": 44753359,
        "teamId": 100,
        "championId": 412
      },
      {
        "summonerId": 28690271,
        "teamId": 200,
        "championId": 92
      },
      {
        "summonerId": 19938933,
        "teamId": 100,
        "championId": 39
      },
      {
        "summonerId": 28882687,
        "teamId": 200,
        "championId": 1
      },
      {
        "summonerId": 32164551,
        "teamId": 100,
        "championId": 38
      },
      {
        "summonerId": 23547751,
        "teamId": 100,
        "championId": 42
      }
    ],
    "stats": {
      "level": 16,
      "goldEarned": 13039,
      "numDeaths": 5,
      "barracksKilled": 1,
      "turretsKilled": 3,
      "minionsKilled": 163,
      "championsKilled": 8,
      "goldSpent": 10980,
      "totalDamageDealt": 138120,
      "totalDamageTaken": 22446,
      "killingSprees": 2,
      "largestKillingSpree": 2,
      "team": 200,
      "win": true,
      "neutralMinionsKilled": 14,
      "largestMultiKill": 1,
      "physicalDamageDealtPlayer": 117678,
      "magicDamageDealtPlayer": 19266,
      "physicalDamageTaken": 9557,
      "magicDamageTaken": 11455,
      "largestCriticalStrike": 603,
      "timePlayed": 1736,
      "totalHeal": 2719,
      "totalUnitsHealed": 1,
      "assists": 12,
      "item0": 1055,
      "item1": 3006,
      "item2": 3077,
      "item3": 3031,
      "item4": 1053,
      "item5": 3087,
      "item6": 3340,
      "magicDamageDealtToChampions": 3299,
      "physicalDamageDealtToChampions": 18739,
      "totalDamageDealtToChampions": 22816,
      "trueDamageDealtPlayer": 1176,
      "trueDamageDealtToChampions": 778,
      "trueDamageTaken": 1433,
      "wardPlaced": 10,
      "neutralMinionsKilledEnemyJungle": 9,
      "neutralMinionsKilledYourJungle": 5,
      "totalTimeCrowdControlDealt": 244
    }
  }
}