{
  "22660687": {
    "gameId": 818161321,
    "invalid": false,
    "gameMode": "CLASSIC",
    "gameType": "MATCHED_GAME",
    "subType": "RANKED_SOLO_5x5",
    "mapId": 1,
    "teamId": 200,
    "championId": 1,
    "spell1": 14,
    "spell2": 4,
    "level": 30,
    "ipEarned": 235,
    "createDate": 1398242905486,
    "fellowPlayers": [
      {
        "summonerId": 33673635,
        "teamId": 200,
        "championId": 157
      },
      {
        "summonerId": 173585,
        "teamId": 200,
        "championId": 60
      },
      {
        "summonerId": 33303520,
        "teamId": 200,
        "championId": 81
      },
      {
        "summonerId": 20029496,
        "teamId": 200,
        "championId": 29
      },
      {
        "summonerId": 29916480,
        "teamId": 100,
        "championId": 121
      },
      {
        "summonerId": 21687588,
        "teamId": 100,
        "championId": 104
      },
      {
        "summonerId": 33573483,
        "teamId": 100,
        "championId": 5
      },
      {
        "summonerId": 27829650,
        "teamId": 100,
        "championId": 89
      },
      {
        "summonerId": 33921801,
        "teamId": 100,
        "championId": 55
      }
    ],
    "stats": {
      "level": 14,
      "goldEarned": 10713,
      "numDeaths": 5,
      "turretsKilled": 1,
      "minionsKilled": 39,
      "championsKilled": 2,
      "goldSpent": 9695,
      "totalDamageDealt": 41452,
      "totalDamageTaken": 13180,
      "team": 200,
      "win": true,
      "largestMultiKill": 1,
      "physicalDamageDealtPlayer": 7143,
      "magicDamageDealtPlayer": 33952,
      "physicalDamageTaken": 7966,
      "magicDamageTaken": 4951,
      "timePlayed": 1756,
      "assists": 12,
      "item0": 3092,
      "item1": 2049,
      "item2": 3273,
      "item3": 3027,
      "item4": 1058,
      "item6": 3364,
      "sightWardsBought": 1,
      "visionWardsBought": 1,
      "magicDamageDealtToChampions": 11660,
      "physicalDamageDealtToChampions": 1558,
      "totalDamageDealtToChampions": 13574,
      "trueDamageDealtPlayer": 356,
      "trueDamageDealtToChampions": 356,
      "trueDamageTaken": 262,
      "wardKilled": 4,
      "wardPlaced": 18,
      "totalTimeCrowdControlDealt": 73
    }
  },
  "summonerCount": 10,
  "33573483": {
    "gameId": 818161321,
    "invalid": false,
    "gameMode": "CLASSIC",
    "gameType": "MATCHED_GAME",
    "subType": "RANKED_SOLO_5x5",
    "mapId": 1,
    "teamId": 100,
    "championId": 5,
    "spell1": 11,
    "spell2": 4,
    "level": 30,
    "ipEarned": 57,
    "createDate": 1398242905477,
    "fellowPlayers": [
      {
        "summonerId": 33673635,
        "teamId": 200,
        "championId": 157
      },
      {
        "summonerId": 173585,
        "teamId": 200,
        "championId": 60
      },
      {
        "summonerId": 22660687,
        "teamId": 200,
        "championId": 1
      },
      {
        "summonerId": 33303520,
        "teamId": 200,
        "championId": 81
      },
      {
        "summonerId": 20029496,
        "teamId": 200,
        "championId": 29
      },
      {
        "summonerId": 29916480,
        "teamId": 100,
        "championId": 121
      },
      {
        "summonerId": 21687588,
        "teamId": 100,
        "championId": 104
      },
      {
        "summonerId": 27829650,
        "teamId": 100,
        "championId": 89
      },
      {
        "summonerId": 33921801,
        "teamId": 100,
        "championId": 55
      }
    ],
    "stats": {
      "level": 15,
      "goldEarned": 10155,
      "numDeaths": 6,
      "turretsKilled": 1,
      "minionsKilled": 54,
      "championsKilled": 4,
      "goldSpent": 10100,
      "totalDamageDealt": 150133,
      "totalDamageTaken": 25659,
      "killingSprees": 1,
      "largestKillingSpree": 2,
      "team": 100,
      "win": false,
      "neutralMinionsKilled": 93,
      "largestMultiKill": 1,
      "physicalDamageDealtPlayer": 78170,
      "magicDamageDealtPlayer": 55732,
      "physicalDamageTaken": 17736,
      "magicDamageTaken": 7077,
      "timePlayed": 1756,
      "totalHeal": 6147,
      "totalUnitsHealed": 1,
      "assists": 9,
      "item0": 3160,
      "item1": 3153,
      "item2": 3143,
      "item3": 2003,
      "item4": 3047,
      "item5": 1057,
      "item6": 3341,
      "visionWardsBought": 1,
      "magicDamageDealtToChampions": 3379,
      "physicalDamageDealtToChampions": 8426,
      "totalDamageDealtToChampions": 12227,
      "trueDamageDealtPlayer": 16229,
      "trueDamageDealtToChampions": 421,
      "trueDamageTaken": 846,
      "wardKilled": 3,
      "wardPlaced": 5,
      "neutralMinionsKilledEnemyJungle": 4,
      "neutralMinionsKilledYourJungle": 89,
      "totalTimeCrowdControlDealt": 998
    }
  },
  "20029496": {
    "gameId": 818161321,
    "invalid": false,
    "gameMode": "CLASSIC",
    "gameType": "MATCHED_GAME",
    "subType": "RANKED_SOLO_5x5",
    "mapId": 1,
    "teamId": 200,
    "championId": 29,
    "spell1": 4,
    "spell2": 7,
    "level": 30,
    "ipEarned": 85,
    "createDate": 1398242905484,
    "fellowPlayers": [
      {
        "summonerId": 33673635,
        "teamId": 200,
        "championId": 157
      },
      {
        "summonerId": 173585,
        "teamId": 200,
        "championId": 60
      },
      {
        "summonerId": 22660687,
        "teamId": 200,
        "championId": 1
      },
      {
        "summonerId": 33303520,
        "teamId": 200,
        "championId": 81
      },
      {
        "summonerId": 29916480,
        "teamId": 100,
        "championId": 121
      },
      {
        "summonerId": 21687588,
        "teamId": 100,
        "championId": 104
      },
      {
        "summonerId": 33573483,
        "teamId": 100,
        "championId": 5
      },
      {
        "summonerId": 27829650,
        "teamId": 100,
        "championId": 89
      },
      {
        "summonerId": 33921801,
        "teamId": 100,
        "championId": 55
      }
    ],
    "stats": {
      "level": 15,
      "goldEarned": 12461,
      "numDeaths": 5,
      "barracksKilled": 1,
      "turretsKilled": 2,
      "minionsKilled": 177,
      "championsKilled": 7,
      "goldSpent": 11175,
      "totalDamageDealt": 116899,
      "totalDamageTaken": 16397,
      "doubleKills": 1,
      "killingSprees": 2,
      "largestKillingSpree": 2,
      "team": 200,
      "win": true,
      "neutralMinionsKilled": 11,
      "largestMultiKill": 2,
      "physicalDamageDealtPlayer": 112061,
      "physicalDamageTaken": 10884,
      "magicDamageTaken": 4727,
      "largestCriticalStrike": 751,
      "timePlayed": 1756,
      "totalHeal": 3338,
      "totalUnitsHealed": 3,
      "assists": 10,
      "item0": 1055,
      "item1": 3072,
      "item2": 3006,
      "item3": 3046,
      "item4": 3031,
      "item6": 3340,
      "physicalDamageDealtToChampions": 10373,
      "totalDamageDealtToChampions": 12813,
      "trueDamageDealtPlayer": 4838,
      "trueDamageDealtToChampions": 2440,
      "trueDamageTaken": 786,
      "wardKilled": 1,
      "wardPlaced": 4,
      "neutralMinionsKilledEnemyJungle": 3,
      "neutralMinionsKilledYourJungle": 8,
      "totalTimeCrowdControlDealt": 57
    }
  },
  "21687588": {
    "gameId": 818161321,
    "invalid": false,
    "gameMode": "CLASSIC",
    "gameType": "MATCHED_GAME",
    "subType": "RANKED_SOLO_5x5",
    "mapId": 1,
    "teamId": 100,
    "championId": 104,
    "spell1": 4,
    "spell2": 7,
    "level": 30,
    "ipEarned": 57,
    "createDate": 1398242905478,
    "fellowPlayers": [
      {
        "summonerId": 33673635,
        "teamId": 200,
        "championId": 157
      },
      {
        "summonerId": 173585,
        "teamId": 200,
        "championId": 60
      },
      {
        "summonerId": 22660687,
        "teamId": 200,
        "championId": 1
      },
      {
        "summonerId": 33303520,
        "teamId": 200,
        "championId": 81
      },
      {
        "summonerId": 20029496,
        "teamId": 200,
        "championId": 29
      },
      {
        "summonerId": 29916480,
        "teamId": 100,
        "championId": 121
      },
      {
        "summonerId": 33573483,
        "teamId": 100,
        "championId": 5
      },
      {
        "summonerId": 27829650,
        "teamId": 100,
        "championId": 89
      },
      {
        "summonerId": 33921801,
        "teamId": 100,
        "championId": 55
      }
    ],
    "stats": {
      "level": 15,
      "goldEarned": 9773,
      "numDeaths": 6,
      "minionsKilled": 172,
      "championsKilled": 5,
      "goldSpent": 9610,
      "totalDamageDealt": 109803,
      "totalDamageTaken": 17663,
      "doubleKills": 1,
      "killingSprees": 1,
      "largestKillingSpree": 2,
      "team": 100,
      "win": false,
      "neutralMinionsKilled": 13,
      "largestMultiKill": 2,
      "physicalDamageDealtPlayer": 105973,
      "magicDamageDealtPlayer": 3251,
      "physicalDamageTaken": 9539,
      "magicDamageTaken": 7366,
      "largestCriticalStrike": 523,
      "timePlayed": 1756,
      "totalHeal": 2527,
      "totalUnitsHealed": 2,
      "assists": 5,
      "item0": 3006,
      "item1": 1037,
      "item2": 3035,
      "item3": 3086,
      "item4": 1055,
      "item5": 3072,
      "item6": 3340,
      "magicDamageDealtToChampions": 1560,
      "physicalDamageDealtToChampions": 10358,
      "totalDamageDealtToChampions": 11986,
      "trueDamageDealtPlayer": 578,
      "trueDamageDealtToChampions": 68,
      "trueDamageTaken": 758,
      "wardPlaced": 3,
      "neutralMinionsKilledYourJungle": 13,
      "totalTimeCrowdControlDealt": 125
    }
  },
  "33303520": {
    "gameId": 818161321,
    "invalid": false,
    "gameMode": "CLASSIC",
    "gameType": "MATCHED_GAME",
    "subType": "RANKED_SOLO_5x5",
    "mapId": 1,
    "teamId": 200,
    "championId": 81,
    "spell1": 7,
    "spell2": 4,
    "level": 30,
    "ipEarned": 235,
    "createDate": 1398242905487,
    "fellowPlayers": [
      {
        "summonerId": 33673635,
        "teamId": 200,
        "championId": 157
      },
      {
        "summonerId": 173585,
        "teamId": 200,
        "championId": 60
      },
      {
        "summonerId": 22660687,
        "teamId": 200,
        "championId": 1
      },
      {
        "summonerId": 20029496,
        "teamId": 200,
        "championId": 29
      },
      {
        "summonerId": 29916480,
        "teamId": 100,
        "championId": 121
      },
      {
        "summonerId": 21687588,
        "teamId": 100,
        "championId": 104
      },
      {
        "summonerId": 33573483,
        "teamId": 100,
        "championId": 5
      },
      {
        "summonerId": 27829650,
        "teamId": 100,
        "championId": 89
      },
      {
        "summonerId": 33921801,
        "teamId": 100,
        "championId": 55
      }
    ],
    "stats": {
      "level": 17,
      "goldEarned": 11719,
      "numDeaths": 3,
      "minionsKilled": 187,
      "championsKilled": 6,
      "goldSpent": 11200,
      "totalDamageDealt": 119208,
      "totalDamageTaken": 18540,
      "killingSprees": 1,
      "largestKillingSpree": 4,
      "team": 200,
      "win": true,
      "neutralMinionsKilled": 10,
      "largestMultiKill": 1,
      "physicalDamageDealtPlayer": 93933,
      "magicDamageDealtPlayer": 24808,
      "physicalDamageTaken": 14849,
      "magicDamageTaken": 2886,
      "timePlayed": 1756,
      "totalHeal": 3048,
      "totalUnitsHealed": 2,
      "assists": 5,
      "item0": 3153,
      "item1": 3042,
      "item2": 1037,
      "item3": 3025,
      "item4": 1055,
      "item5": 3158,
      "item6": 3340,
      "magicDamageDealtToChampions": 7101,
      "physicalDamageDealtToChampions": 16676,
      "totalDamageDealtToChampions": 24128,
      "trueDamageDealtPlayer": 466,
      "trueDamageDealtToChampions": 350,
      "trueDamageTaken": 804,
      "wardPlaced": 7,
      "neutralMinionsKilledEnemyJungle": 2,
      "neutralMinionsKilledYourJungle": 8,
      "totalTimeCrowdControlDealt": 510
    }
  },
  "27829650": {
    "gameId": 818161321,
    "invalid": false,
    "gameMode": "CLASSIC",
    "gameType": "MATCHED_GAME",
    "subType": "RANKED_SOLO_5x5",
    "mapId": 1,
    "teamId": 100,
    "championId": 89,
    "spell1": 4,
    "spell2": 14,
    "level": 30,
    "ipEarned": 57,
    "createDate": 1398242905482,
    "fellowPlayers": [
      {
        "summonerId": 33673635,
        "teamId": 200,
        "championId": 157
      },
      {
        "summonerId": 173585,
        "teamId": 200,
        "championId": 60
      },
      {
        "summonerId": 22660687,
        "teamId": 200,
        "championId": 1
      },
      {
        "summonerId": 33303520,
        "teamId": 200,
        "championId": 81
      },
      {
        "summonerId": 20029496,
        "teamId": 200,
        "championId": 29
      },
      {
        "summonerId": 29916480,
        "teamId": 100,
        "championId": 121
      },
      {
        "summonerId": 21687588,
        "teamId": 100,
        "championId": 104
      },
      {
        "summonerId": 33573483,
        "teamId": 100,
        "championId": 5
      },
      {
        "summonerId": 33921801,
        "teamId": 100,
        "championId": 55
      }
    ],
    "stats": {
      "level": 13,
      "goldEarned": 6698,
      "numDeaths": 8,
      "minionsKilled": 6,
      "championsKilled": 1,
      "goldSpent": 5925,
      "totalDamageDealt": 13618,
      "totalDamageTaken": 16724,
      "team": 100,
      "win": false,
      "neutralMinionsKilled": 3,
      "largestMultiKill": 1,
      "physicalDamageDealtPlayer": 4067,
      "magicDamageDealtPlayer": 8728,
      "physicalDamageTaken": 8844,
      "magicDamageTaken": 6444,
      "timePlayed": 1756,
      "totalHeal": 863,
      "totalUnitsHealed": 1,
      "assists": 11,
      "item0": 2049,
      "item1": 3069,
      "item2": 3111,
      "item3": 2043,
      "item4": 3082,
      "item5": 2010,
      "item6": 3340,
      "sightWardsBought": 1,
      "visionWardsBought": 3,
      "magicDamageDealtToChampions": 3968,
      "physicalDamageDealtToChampions": 2019,
      "totalDamageDealtToChampions": 6809,
      "trueDamageDealtPlayer": 822,
      "trueDamageDealtToChampions": 822,
      "trueDamageTaken": 1436,
      "wardKilled": 1,
      "wardPlaced": 27,
      "neutralMinionsKilledYourJungle": 3,
      "totalTimeCrowdControlDealt": 165
    }
  },
  "33673635": {
    "gameId": 818161321,
    "invalid": false,
    "gameMode": "CLASSIC",
    "gameType": "MATCHED_GAME",
    "subType": "RANKED_SOLO_5x5",
    "mapId": 1,
    "teamId": 200,
    "championId": 157,
    "spell1": 4,
    "spell2": 14,
    "level": 30,
    "ipEarned": 235,
    "createDate": 1398242905483,
    "fellowPlayers": [
      {
        "summonerId": 173585,
        "teamId": 200,
        "championId": 60
      },
      {
        "summonerId": 22660687,
        "teamId": 200,
        "championId": 1
      },
      {
        "summonerId": 33303520,
        "teamId": 200,
        "championId": 81
      },
      {
        "summonerId": 20029496,
        "teamId": 200,
        "championId": 29
      },
      {
        "summonerId": 29916480,
        "teamId": 100,
        "championId": 121
      },
      {
        "summonerId": 21687588,
        "teamId": 100,
        "championId": 104
      },
      {
        "summonerId": 33573483,
        "teamId": 100,
        "championId": 5
      },
      {
        "summonerId": 27829650,
        "teamId": 100,
        "championId": 89
      },
      {
        "summonerId": 33921801,
        "teamId": 100,
        "championId": 55
      }
    ],
    "stats": {
      "level": 16,
      "goldEarned": 11246,
      "numDeaths": 3,
      "turretsKilled": 1,
      "minionsKilled": 171,
      "championsKilled": 5,
      "goldSpent": 10835,
      "totalDamageDealt": 138887,
      "totalDamageTaken": 14056,
      "killingSprees": 1,
      "largestKillingSpree": 4,
      "team": 200,
      "win": true,
      "neutralMinionsKilled": 22,
      "largestMultiKill": 1,
      "physicalDamageDealtPlayer": 106566,
      "magicDamageDealtPlayer": 31518,
      "physicalDamageTaken": 5890,
      "magicDamageTaken": 7541,
      "largestCriticalStrike": 626,
      "timePlayed": 1756,
      "totalHeal": 1137,
      "totalUnitsHealed": 1,
      "assists": 5,
      "item0": 1055,
      "item1": 3077,
      "item2": 3006,
      "item3": 3031,
      "item4": 3087,
      "item5": 1053,
      "item6": 3340,
      "sightWardsBought": 1,
      "magicDamageDealtToChampions": 2804,
      "physicalDamageDealtToChampions": 9603,
      "totalDamageDealtToChampions": 13209,
      "trueDamageDealtPlayer": 802,
      "trueDamageDealtToChampions": 802,
      "trueDamageTaken": 623,
      "wardPlaced": 13,
      "neutralMinionsKilledEnemyJungle": 10,
      "neutralMinionsKilledYourJungle": 12,
      "totalTimeCrowdControlDealt": 112
    }
  },
  "173585": {
    "gameId": 818161321,
    "invalid": false,
    "gameMode": "CLASSIC",
    "gameType": "MATCHED_GAME",
    "subType": "RANKED_SOLO_5x5",
    "mapId": 1,
    "teamId": 200,
    "championId": 60,
    "spell1": 4,
    "spell2": 11,
    "level": 30,
    "ipEarned": 85,
    "createDate": 1398242905488,
    "fellowPlayers": [
      {
        "summonerId": 33673635,
        "teamId": 200,
        "championId": 157
      },
      {
        "summonerId": 22660687,
        "teamId": 200,
        "championId": 1
      },
      {
        "summonerId": 33303520,
        "teamId": 200,
        "championId": 81
      },
      {
        "summonerId": 20029496,
        "teamId": 200,
        "championId": 29
      },
      {
        "summonerId": 29916480,
        "teamId": 100,
        "championId": 121
      },
      {
        "summonerId": 21687588,
        "teamId": 100,
        "championId": 104
      },
      {
        "summonerId": 33573483,
        "teamId": 100,
        "championId": 5
      },
      {
        "summonerId": 27829650,
        "teamId": 100,
        "championId": 89
      },
      {
        "summonerId": 33921801,
        "teamId": 100,
        "championId": 55
      }
    ],
    "stats": {
      "level": 17,
      "goldEarned": 13000,
      "numDeaths": 2,
      "barracksKilled": 1,
      "turretsKilled": 1,
      "minionsKilled": 38,
      "championsKilled": 8,
      "goldSpent": 12665,
      "totalDamageDealt": 172492,
      "totalDamageTaken": 22567,
      "doubleKills": 1,
      "killingSprees": 1,
      "largestKillingSpree": 6,
      "team": 200,
      "win": true,
      "neutralMinionsKilled": 107,
      "largestMultiKill": 2,
      "physicalDamageDealtPlayer": 56841,
      "magicDamageDealtPlayer": 97864,
      "physicalDamageTaken": 17033,
      "magicDamageTaken": 4811,
      "timePlayed": 1756,
      "totalHeal": 6814,
      "totalUnitsHealed": 1,
      "assists": 5,
      "item0": 3207,
      "item1": 3116,
      "item2": 3143,
      "item3": 3117,
      "item4": 3136,
      "item5": 1052,
      "item6": 3341,
      "sightWardsBought": 3,
      "magicDamageDealtToChampions": 10949,
      "physicalDamageDealtToChampions": 2864,
      "totalDamageDealtToChampions": 14617,
      "trueDamageDealtPlayer": 17786,
      "trueDamageDealtToChampions": 804,
      "trueDamageTaken": 723,
      "wardKilled": 1,
      "wardPlaced": 4,
      "neutralMinionsKilledEnemyJungle": 14,
      "neutralMinionsKilledYourJungle": 93,
      "totalTimeCrowdControlDealt": 800
    }
  },
  "33921801": {
    "gameId": 818161321,
    "invalid": false,
    "gameMode": "CLASSIC",
    "gameType": "MATCHED_GAME",
    "subType": "RANKED_SOLO_5x5",
    "mapId": 1,
    "teamId": 100,
    "championId": 55,
    "spell1": 14,
    "spell2": 4,
    "level": 30,
    "ipEarned": 57,
    "createDate": 1398242905481,
    "fellowPlayers": [
      {
        "summonerId": 33673635,
        "teamId": 200,
        "championId": 157
      },
      {
        "summonerId": 173585,
        "teamId": 200,
        "championId": 60
      },
      {
        "summonerId": 22660687,
        "teamId": 200,
        "championId": 1
      },
      {
        "summonerId": 33303520,
        "teamId": 200,
        "championId": 81
      },
      {
        "summonerId": 20029496,
        "teamId": 200,
        "championId": 29
      },
      {
        "summonerId": 29916480,
        "teamId": 100,
        "championId": 121
      },
      {
        "summonerId": 21687588,
        "teamId": 100,
        "championId": 104
      },
      {
        "summonerId": 33573483,
        "teamId": 100,
        "championId": 5
      },
      {
        "summonerId": 27829650,
        "teamId": 100,
        "championId": 89
      }
    ],
    "stats": {
      "level": 15,
      "goldEarned": 9109,
      "numDeaths": 5,
      "minionsKilled": 179,
      "championsKilled": 6,
      "goldSpent": 9575,
      "totalDamageDealt": 108947,
      "totalDamageTaken": 19899,
      "doubleKills": 1,
      "killingSprees": 1,
      "largestKillingSpree": 4,
      "team": 100,
      "win": false,
      "largestMultiKill": 2,
      "physicalDamageDealtPlayer": 12897,
      "magicDamageDealtPlayer": 95461,
      "physicalDamageTaken": 11447,
      "magicDamageTaken": 7378,
      "timePlayed": 1756,
      "totalHeal": 482,
      "totalUnitsHealed": 1,
      "assists": 1,
      "item0": 3020,
      "item1": 3136,
      "item2": 3157,
      "item3": 1026,
      "item4": 1054,
      "item5": 3108,
      "item6": 3340,
      "sightWardsBought": 3,
      "magicDamageDealtToChampions": 14996,
      "physicalDamageDealtToChampions": 885,
      "totalDamageDealtToChampions": 16470,
      "trueDamageDealtPlayer": 588,
      "trueDamageDealtToChampions": 588,
      "trueDamageTaken": 1074,
      "wardPlaced": 8,
      "totalTimeCrowdControlDealt": 6
    }
  },
  "22660687": {
    "gameId": 818161321,
    "invalid": false,
    "gameMode": "CLASSIC",
    "gameType": "MATCHED_GAME",
    "subType": "RANKED_SOLO_5x5",
    "mapId": 1,
    "teamId": 200,
    "championId": 1,
    "spell1": 14,
    "spell2": 4,
    "level": 30,
    "ipEarned": 235,
    "createDate": 1398242905486,
    "fellowPlayers": [
      {
        "summonerId": 33673635,
        "teamId": 200,
        "championId": 157
      },
      {
        "summonerId": 173585,
        "teamId": 200,
        "championId": 60
      },
      {
        "summonerId": 33303520,
        "teamId": 200,
        "championId": 81
      },
      {
        "summonerId": 20029496,
        "teamId": 200,
        "championId": 29
      },
      {
        "summonerId": 29916480,
        "teamId": 100,
        "championId": 121
      },
      {
        "summonerId": 21687588,
        "teamId": 100,
        "championId": 104
      },
      {
        "summonerId": 33573483,
        "teamId": 100,
        "championId": 5
      },
      {
        "summonerId": 27829650,
        "teamId": 100,
        "championId": 89
      },
      {
        "summonerId": 33921801,
        "teamId": 100,
        "championId": 55
      }
    ],
    "stats": {
      "level": 14,
      "goldEarned": 10713,
      "numDeaths": 5,
      "turretsKilled": 1,
      "minionsKilled": 39,
      "championsKilled": 2,
      "goldSpent": 9695,
      "totalDamageDealt": 41452,
      "totalDamageTaken": 13180,
      "team": 200,
      "win": true,
      "largestMultiKill": 1,
      "physicalDamageDealtPlayer": 7143,
      "magicDamageDealtPlayer": 33952,
      "physicalDamageTaken": 7966,
      "magicDamageTaken": 4951,
      "timePlayed": 1756,
      "assists": 12,
      "item0": 3092,
      "item1": 2049,
      "item2": 3273,
      "item3": 3027,
      "item4": 1058,
      "item6": 3364,
      "sightWardsBought": 1,
      "visionWardsBought": 1,
      "magicDamageDealtToChampions": 11660,
      "physicalDamageDealtToChampions": 1558,
      "totalDamageDealtToChampions": 13574,
      "trueDamageDealtPlayer": 356,
      "trueDamageDealtToChampions": 356,
      "trueDamageTaken": 262,
      "wardKilled": 4,
      "wardPlaced": 18,
      "totalTimeCrowdControlDealt": 73
    }
  }
}