{
  "31445464": {
    "gameId": 818195013,
    "invalid": false,
    "gameMode": "CLASSIC",
    "gameType": "MATCHED_GAME",
    "subType": "RANKED_SOLO_5x5",
    "mapId": 1,
    "teamId": 100,
    "championId": 86,
    "spell1": 12,
    "spell2": 14,
    "level": 30,
    "ipEarned": 106,
    "createDate": 1398248939198,
    "fellowPlayers": [
      {
        "summonerId": 21860169,
        "teamId": 100,
        "championId": 110
      },
      {
        "summonerId": 19659796,
        "teamId": 100,
        "championId": 76
      },
      {
        "summonerId": 25384823,
        "teamId": 100,
        "championId": 89
      },
      {
        "summonerId": 22830984,
        "teamId": 100,
        "championId": 5
      },
      {
        "summonerId": 19351854,
        "teamId": 200,
        "championId": 412
      },
      {
        "summonerId": 31675978,
        "teamId": 200,
        "championId": 29
      },
      {
        "summonerId": 24934764,
        "teamId": 200,
        "championId": 62
      },
      {
        "summonerId": 25485678,
        "teamId": 200,
        "championId": 31
      },
      {
        "summonerId": 36309928,
        "teamId": 200,
        "championId": 69
      }
    ],
    "stats": {
      "level": 17,
      "goldEarned": 11361,
      "numDeaths": 8,
      "turretsKilled": 2,
      "minionsKilled": 158,
      "championsKilled": 2,
      "goldSpent": 11145,
      "totalDamageDealt": 118164,
      "totalDamageTaken": 41138,
      "killingSprees": 1,
      "largestKillingSpree": 2,
      "team": 100,
      "win": true,
      "neutralMinionsKilled": 2,
      "largestMultiKill": 1,
      "physicalDamageDealtPlayer": 94999,
      "magicDamageDealtPlayer": 21709,
      "physicalDamageTaken": 23805,
      "magicDamageTaken": 13288,
      "timePlayed": 2334,
      "assists": 6,
      "item0": 3009,
      "item1": 3068,
      "item2": 3190,
      "item3": 3065,
      "item4": 3211,
      "item6": 3340,
      "magicDamageDealtToChampions": 6163,
      "physicalDamageDealtToChampions": 10460,
      "totalDamageDealtToChampions": 17909,
      "trueDamageDealtPlayer": 1456,
      "trueDamageDealtToChampions": 1286,
      "trueDamageTaken": 4045,
      "wardPlaced": 9,
      "neutralMinionsKilledEnemyJungle": 2,
      "totalTimeCrowdControlDealt": 293
    }
  },
  "summonerCount": 10,
  "21860169": {
    "gameId": 818195013,
    "invalid": false,
    "gameMode": "CLASSIC",
    "gameType": "MATCHED_GAME",
    "subType": "RANKED_SOLO_5x5",
    "mapId": 1,
    "teamId": 100,
    "championId": 110,
    "spell1": 4,
    "spell2": 7,
    "level": 30,
    "ipEarned": 256,
    "createDate": 1398248939197,
    "fellowPlayers": [
      {
        "summonerId": 19659796,
        "teamId": 100,
        "championId": 76
      },
      {
        "summonerId": 25384823,
        "teamId": 100,
        "championId": 89
      },
      {
        "summonerId": 22830984,
        "teamId": 100,
        "championId": 5
      },
      {
        "summonerId": 19351854,
        "teamId": 200,
        "championId": 412
      },
      {
        "summonerId": 31675978,
        "teamId": 200,
        "championId": 29
      },
      {
        "summonerId": 24934764,
        "teamId": 200,
        "championId": 62
      },
      {
        "summonerId": 31445464,
        "teamId": 100,
        "championId": 86
      },
      {
        "summonerId": 25485678,
        "teamId": 200,
        "championId": 31
      },
      {
        "summonerId": 36309928,
        "teamId": 200,
        "championId": 69
      }
    ],
    "stats": {
      "level": 18,
      "goldEarned": 18792,
      "numDeaths": 3,
      "barracksKilled": 2,
      "turretsKilled": 4,
      "minionsKilled": 204,
      "championsKilled": 21,
      "goldSpent": 17460,
      "totalDamageDealt": 242995,
      "totalDamageTaken": 17414,
      "doubleKills": 5,
      "killingSprees": 3,
      "largestKillingSpree": 9,
      "team": 100,
      "win": true,
      "neutralMinionsKilled": 34,
      "largestMultiKill": 2,
      "physicalDamageDealtPlayer": 220298,
      "magicDamageDealtPlayer": 20669,
      "physicalDamageTaken": 9325,
      "magicDamageTaken": 7497,
      "largestCriticalStrike": 1008,
      "timePlayed": 2334,
      "totalHeal": 2293,
      "totalUnitsHealed": 3,
      "assists": 10,
      "item0": 3031,
      "item1": 3035,
      "item2": 3252,
      "item3": 3046,
      "item4": 3072,
      "item5": 3085,
      "item6": 3362,
      "magicDamageDealtToChampions": 6643,
      "physicalDamageDealtToChampions": 39498,
      "totalDamageDealtToChampions": 46955,
      "trueDamageDealtPlayer": 2028,
      "trueDamageDealtToChampions": 814,
      "trueDamageTaken": 592,
      "wardPlaced": 6,
      "neutralMinionsKilledEnemyJungle": 17,
      "neutralMinionsKilledYourJungle": 17,
      "totalTimeCrowdControlDealt": 675
    }
  },
  "24934764": {
    "gameId": 818195013,
    "invalid": false,
    "gameMode": "CLASSIC",
    "gameType": "MATCHED_GAME",
    "subType": "RANKED_SOLO_5x5",
    "mapId": 1,
    "teamId": 200,
    "championId": 62,
    "spell1": 11,
    "spell2": 4,
    "level": 30,
    "ipEarned": 69,
    "createDate": 1398248939200,
    "fellowPlayers": [
      {
        "summonerId": 21860169,
        "teamId": 100,
        "championId": 110
      },
      {
        "summonerId": 19659796,
        "teamId": 100,
        "championId": 76
      },
      {
        "summonerId": 25384823,
        "teamId": 100,
        "championId": 89
      },
      {
        "summonerId": 22830984,
        "teamId": 100,
        "championId": 5
      },
      {
        "summonerId": 19351854,
        "teamId": 200,
        "championId": 412
      },
      {
        "summonerId": 31675978,
        "teamId": 200,
        "championId": 29
      },
      {
        "summonerId": 31445464,
        "teamId": 100,
        "championId": 86
      },
      {
        "summonerId": 25485678,
        "teamId": 200,
        "championId": 31
      },
      {
        "summonerId": 36309928,
        "teamId": 200,
        "championId": 69
      }
    ],
    "stats": {
      "level": 17,
      "goldEarned": 12823,
      "numDeaths": 6,
      "minionsKilled": 101,
      "championsKilled": 5,
      "goldSpent": 12250,
      "totalDamageDealt": 185515,
      "totalDamageTaken": 29948,
      "killingSprees": 1,
      "largestKillingSpree": 2,
      "team": 200,
      "win": false,
      "neutralMinionsKilled": 94,
      "largestMultiKill": 1,
      "physicalDamageDealtPlayer": 162581,
      "magicDamageDealtPlayer": 4878,
      "physicalDamageTaken": 21572,
      "magicDamageTaken": 8050,
      "timePlayed": 2334,
      "totalHeal": 5028,
      "totalUnitsHealed": 1,
      "assists": 9,
      "item0": 3143,
      "item1": 3111,
      "item2": 3209,
      "item3": 3071,
      "item4": 3035,
      "item6": 3340,
      "magicDamageDealtToChampions": 456,
      "physicalDamageDealtToChampions": 15405,
      "totalDamageDealtToChampions": 18210,
      "trueDamageDealtPlayer": 18055,
      "trueDamageDealtToChampions": 2349,
      "trueDamageTaken": 326,
      "wardPlaced": 6,
      "neutralMinionsKilledEnemyJungle": 1,
      "neutralMinionsKilledYourJungle": 93,
      "totalTimeCrowdControlDealt": 1019
    }
  },
  "25384823": {
    "gameId": 818195013,
    "invalid": false,
    "gameMode": "CLASSIC",
    "gameType": "MATCHED_GAME",
    "subType": "RANKED_SOLO_5x5",
    "mapId": 1,
    "teamId": 100,
    "championId": 89,
    "spell1": 4,
    "spell2": 14,
    "level": 30,
    "ipEarned": 106,
    "createDate": 1398248939195,
    "fellowPlayers": [
      {
        "summonerId": 21860169,
        "teamId": 100,
        "championId": 110
      },
      {
        "summonerId": 19659796,
        "teamId": 100,
        "championId": 76
      },
      {
        "summonerId": 22830984,
        "teamId": 100,
        "championId": 5
      },
      {
        "summonerId": 19351854,
        "teamId": 200,
        "championId": 412
      },
      {
        "summonerId": 31675978,
        "teamId": 200,
        "championId": 29
      },
      {
        "summonerId": 24934764,
        "teamId": 200,
        "championId": 62
      },
      {
        "summonerId": 31445464,
        "teamId": 100,
        "championId": 86
      },
      {
        "summonerId": 25485678,
        "teamId": 200,
        "championId": 31
      },
      {
        "summonerId": 36309928,
        "teamId": 200,
        "championId": 69
      }
    ],
    "stats": {
      "level": 17,
      "goldEarned": 14405,
      "numDeaths": 1,
      "minionsKilled": 16,
      "championsKilled": 4,
      "goldSpent": 12970,
      "totalDamageDealt": 31420,
      "totalDamageTaken": 19861,
      "killingSprees": 2,
      "largestKillingSpree": 2,
      "team": 100,
      "win": true,
      "neutralMinionsKilled": 3,
      "largestMultiKill": 1,
      "physicalDamageDealtPlayer": 9248,
      "magicDamageDealtPlayer": 20713,
      "physicalDamageTaken": 5026,
      "magicDamageTaken": 13028,
      "timePlayed": 2334,
      "totalHeal": 3880,
      "totalUnitsHealed": 1,
      "assists": 24,
      "item0": 2043,
      "item1": 3190,
      "item2": 3143,
      "item3": 3069,
      "item4": 2045,
      "item5": 3270,
      "item6": 3364,
      "sightWardsBought": 6,
      "visionWardsBought": 11,
      "magicDamageDealtToChampions": 9801,
      "physicalDamageDealtToChampions": 3591,
      "totalDamageDealtToChampions": 14850,
      "trueDamageDealtPlayer": 1458,
      "trueDamageDealtToChampions": 1458,
      "trueDamageTaken": 1805,
      "wardKilled": 4,
      "wardPlaced": 42,
      "neutralMinionsKilledYourJungle": 3,
      "totalTimeCrowdControlDealt": 301
    }
  },
  "19659796": {
    "gameId": 818195013,
    "invalid": false,
    "gameMode": "CLASSIC",
    "gameType": "MATCHED_GAME",
    "subType": "RANKED_SOLO_5x5",
    "mapId": 1,
    "teamId": 100,
    "championId": 76,
    "spell1": 7,
    "spell2": 4,
    "level": 30,
    "ipEarned": 106,
    "createDate": 1398248939199,
    "fellowPlayers": [
      {
        "summonerId": 21860169,
        "teamId": 100,
        "championId": 110
      },
      {
        "summonerId": 25384823,
        "teamId": 100,
        "championId": 89
      },
      {
        "summonerId": 22830984,
        "teamId": 100,
        "championId": 5
      },
      {
        "summonerId": 19351854,
        "teamId": 200,
        "championId": 412
      },
      {
        "summonerId": 31675978,
        "teamId": 200,
        "championId": 29
      },
      {
        "summonerId": 24934764,
        "teamId": 200,
        "championId": 62
      },
      {
        "summonerId": 31445464,
        "teamId": 100,
        "championId": 86
      },
      {
        "summonerId": 25485678,
        "teamId": 200,
        "championId": 31
      },
      {
        "summonerId": 36309928,
        "teamId": 200,
        "championId": 69
      }
    ],
    "stats": {
      "level": 17,
      "goldEarned": 14247,
      "numDeaths": 2,
      "minionsKilled": 165,
      "championsKilled": 9,
      "goldSpent": 12405,
      "totalDamageDealt": 125281,
      "totalDamageTaken": 28276,
      "doubleKills": 1,
      "killingSprees": 2,
      "largestKillingSpree": 7,
      "team": 100,
      "win": true,
      "neutralMinionsKilled": 12,
      "largestMultiKill": 2,
      "physicalDamageDealtPlayer": 24429,
      "magicDamageDealtPlayer": 100851,
      "physicalDamageTaken": 7764,
      "magicDamageTaken": 17985,
      "timePlayed": 2334,
      "totalHeal": 19040,
      "totalUnitsHealed": 5,
      "assists": 12,
      "item0": 3057,
      "item1": 3135,
      "item2": 3174,
      "item3": 3259,
      "item4": 3089,
      "item5": 1056,
      "item6": 3340,
      "magicDamageDealtToChampions": 28312,
      "physicalDamageDealtToChampions": 2200,
      "totalDamageDealtToChampions": 30513,
      "trueDamageTaken": 2526,
      "wardPlaced": 4,
      "neutralMinionsKilledYourJungle": 12,
      "totalTimeCrowdControlDealt": 15
    }
  },
  "31675978": {
    "gameId": 818195013,
    "invalid": false,
    "gameMode": "CLASSIC",
    "gameType": "MATCHED_GAME",
    "subType": "RANKED_SOLO_5x5",
    "mapId": 1,
    "teamId": 200,
    "championId": 29,
    "spell1": 7,
    "spell2": 4,
    "level": 30,
    "ipEarned": 69,
    "createDate": 1398248939201,
    "fellowPlayers": [
      {
        "summonerId": 21860169,
        "teamId": 100,
        "championId": 110
      },
      {
        "summonerId": 19659796,
        "teamId": 100,
        "championId": 76
      },
      {
        "summonerId": 25384823,
        "teamId": 100,
        "championId": 89
      },
      {
        "summonerId": 22830984,
        "teamId": 100,
        "championId": 5
      },
      {
        "summonerId": 19351854,
        "teamId": 200,
        "championId": 412
      },
      {
        "summonerId": 24934764,
        "teamId": 200,
        "championId": 62
      },
      {
        "summonerId": 31445464,
        "teamId": 100,
        "championId": 86
      },
      {
        "summonerId": 25485678,
        "teamId": 200,
        "championId": 31
      },
      {
        "summonerId": 36309928,
        "teamId": 200,
        "championId": 69
      }
    ],
    "stats": {
      "level": 17,
      "goldEarned": 12165,
      "numDeaths": 7,
      "turretsKilled": 2,
      "minionsKilled": 236,
      "championsKilled": 2,
      "goldSpent": 11100,
      "totalDamageDealt": 164587,
      "totalDamageTaken": 28503,
      "team": 200,
      "win": false,
      "neutralMinionsKilled": 13,
      "largestMultiKill": 1,
      "physicalDamageDealtPlayer": 152079,
      "physicalDamageTaken": 15844,
      "magicDamageTaken": 11547,
      "timePlayed": 2334,
      "totalHeal": 5724,
      "totalUnitsHealed": 4,
      "assists": 7,
      "item0": 1031,
      "item1": 3072,
      "item2": 1055,
      "item3": 3035,
      "item4": 3250,
      "item5": 3085,
      "item6": 3340,
      "physicalDamageDealtToChampions": 11859,
      "totalDamageDealtToChampions": 15395,
      "trueDamageDealtPlayer": 12507,
      "trueDamageDealtToChampions": 3535,
      "trueDamageTaken": 1112,
      "wardKilled": 4,
      "wardPlaced": 4,
      "neutralMinionsKilledEnemyJungle": 1,
      "neutralMinionsKilledYourJungle": 12,
      "totalTimeCrowdControlDealt": 71
    }
  },
  "25485678": {
    "gameId": 818195013,
    "invalid": false,
    "gameMode": "CLASSIC",
    "gameType": "MATCHED_GAME",
    "subType": "RANKED_SOLO_5x5",
    "mapId": 1,
    "teamId": 200,
    "championId": 31,
    "spell1": 4,
    "spell2": 12,
    "level": 30,
    "ipEarned": 69,
    "createDate": 1398248939202,
    "fellowPlayers": [
      {
        "summonerId": 21860169,
        "teamId": 100,
        "championId": 110
      },
      {
        "summonerId": 19659796,
        "teamId": 100,
        "championId": 76
      },
      {
        "summonerId": 25384823,
        "teamId": 100,
        "championId": 89
      },
      {
        "summonerId": 22830984,
        "teamId": 100,
        "championId": 5
      },
      {
        "summonerId": 19351854,
        "teamId": 200,
        "championId": 412
      },
      {
        "summonerId": 31675978,
        "teamId": 200,
        "championId": 29
      },
      {
        "summonerId": 24934764,
        "teamId": 200,
        "championId": 62
      },
      {
        "summonerId": 31445464,
        "teamId": 100,
        "championId": 86
      },
      {
        "summonerId": 36309928,
        "teamId": 200,
        "championId": 69
      }
    ],
    "stats": {
      "level": 15,
      "goldEarned": 10567,
      "numDeaths": 8,
      "turretsKilled": 2,
      "minionsKilled": 162,
      "championsKilled": 5,
      "goldSpent": 10650,
      "totalDamageDealt": 123039,
      "totalDamageTaken": 39083,
      "killingSprees": 2,
      "largestKillingSpree": 2,
      "team": 200,
      "win": false,
      "neutralMinionsKilled": 2,
      "largestMultiKill": 1,
      "physicalDamageDealtPlayer": 21300,
      "magicDamageDealtPlayer": 81944,
      "physicalDamageTaken": 23111,
      "magicDamageTaken": 14759,
      "timePlayed": 2334,
      "totalHeal": 7524,
      "totalUnitsHealed": 1,
      "assists": 5,
      "item0": 3065,
      "item1": 3111,
      "item2": 3110,
      "item3": 3027,
      "item4": 1031,
      "item6": 3340,
      "sightWardsBought": 1,
      "magicDamageDealtToChampions": 11889,
      "physicalDamageDealtToChampions": 2444,
      "totalDamageDealtToChampions": 17239,
      "trueDamageDealtPlayer": 19793,
      "trueDamageDealtToChampions": 2904,
      "trueDamageTaken": 1212,
      "wardPlaced": 7,
      "neutralMinionsKilledYourJungle": 2,
      "totalTimeCrowdControlDealt": 1709
    }
  },
  "36309928": {
    "gameId": 818195013,
    "invalid": false,
    "gameMode": "CLASSIC",
    "gameType": "MATCHED_GAME",
    "subType": "RANKED_SOLO_5x5",
    "mapId": 1,
    "teamId": 200,
    "championId": 69,
    "spell1": 4,
    "spell2": 14,
    "level": 30,
    "ipEarned": 69,
    "createDate": 1398248939205,
    "fellowPlayers": [
      {
        "summonerId": 21860169,
        "teamId": 100,
        "championId": 110
      },
      {
        "summonerId": 19659796,
        "teamId": 100,
        "championId": 76
      },
      {
        "summonerId": 25384823,
        "teamId": 100,
        "championId": 89
      },
      {
        "summonerId": 22830984,
        "teamId": 100,
        "championId": 5
      },
      {
        "summonerId": 19351854,
        "teamId": 200,
        "championId": 412
      },
      {
        "summonerId": 31675978,
        "teamId": 200,
        "championId": 29
      },
      {
        "summonerId": 24934764,
        "teamId": 200,
        "championId": 62
      },
      {
        "summonerId": 31445464,
        "teamId": 100,
        "championId": 86
      },
      {
        "summonerId": 25485678,
        "teamId": 200,
        "championId": 31
      }
    ],
    "stats": {
      "level": 14,
      "goldEarned": 10469,
      "numDeaths": 11,
      "minionsKilled": 92,
      "championsKilled": 8,
      "goldSpent": 10175,
      "totalDamageDealt": 102243,
      "totalDamageTaken": 29191,
      "doubleKills": 1,
      "killingSprees": 1,
      "largestKillingSpree": 3,
      "team": 200,
      "win": false,
      "largestMultiKill": 2,
      "physicalDamageDealtPlayer": 7331,
      "magicDamageDealtPlayer": 93525,
      "physicalDamageTaken": 16967,
      "magicDamageTaken": 11124,
      "timePlayed": 2334,
      "totalHeal": 1407,
      "totalUnitsHealed": 1,
      "assists": 9,
      "item0": 2004,
      "item1": 3116,
      "item2": 3191,
      "item4": 3151,
      "item5": 3255,
      "item6": 3340,
      "magicDamageDealtToChampions": 45460,
      "physicalDamageDealtToChampions": 667,
      "totalDamageDealtToChampions": 47514,
      "trueDamageDealtPlayer": 1386,
      "trueDamageDealtToChampions": 1386,
      "trueDamageTaken": 1100,
      "wardKilled": 1,
      "wardPlaced": 4,
      "totalTimeCrowdControlDealt": 3098
    }
  },
  "19351854": {
    "gameId": 818195013,
    "invalid": false,
    "gameMode": "CLASSIC",
    "gameType": "MATCHED_GAME",
    "subType": "RANKED_SOLO_5x5",
    "mapId": 1,
    "teamId": 200,
    "championId": 412,
    "spell1": 4,
    "spell2": 14,
    "level": 30,
    "ipEarned": 69,
    "createDate": 1398248939203,
    "fellowPlayers": [
      {
        "summonerId": 21860169,
        "teamId": 100,
        "championId": 110
      },
      {
        "summonerId": 19659796,
        "teamId": 100,
        "championId": 76
      },
      {
        "summonerId": 25384823,
        "teamId": 100,
        "championId": 89
      },
      {
        "summonerId": 22830984,
        "teamId": 100,
        "championId": 5
      },
      {
        "summonerId": 31675978,
        "teamId": 200,
        "championId": 29
      },
      {
        "summonerId": 24934764,
        "teamId": 200,
        "championId": 62
      },
      {
        "summonerId": 31445464,
        "teamId": 100,
        "championId": 86
      },
      {
        "summonerId": 25485678,
        "teamId": 200,
        "championId": 31
      },
      {
        "summonerId": 36309928,
        "teamId": 200,
        "championId": 69
      }
    ],
    "stats": {
      "level": 14,
      "goldEarned": 9797,
      "numDeaths": 6,
      "minionsKilled": 49,
      "championsKilled": 2,
      "goldSpent": 9055,
      "totalDamageDealt": 25377,
      "totalDamageTaken": 20751,
      "team": 200,
      "win": false,
      "largestMultiKill": 1,
      "physicalDamageDealtPlayer": 5500,
      "magicDamageDealtPlayer": 19251,
      "physicalDamageTaken": 12304,
      "magicDamageTaken": 7740,
      "timePlayed": 2334,
      "totalHeal": 680,
      "totalUnitsHealed": 1,
      "assists": 11,
      "item0": 3069,
      "item1": 2049,
      "item2": 3068,
      "item3": 3047,
      "item4": 1011,
      "item5": 3082,
      "item6": 3341,
      "sightWardsBought": 4,
      "magicDamageDealtToChampions": 6771,
      "physicalDamageDealtToChampions": 732,
      "totalDamageDealtToChampions": 8129,
      "trueDamageDealtPlayer": 626,
      "trueDamageDealtToChampions": 626,
      "trueDamageTaken": 706,
      "wardKilled": 6,
      "wardPlaced": 22,
      "totalTimeCrowdControlDealt": 115
    }
  },
  "31445464": {
    "gameId": 818195013,
    "invalid": false,
    "gameMode": "CLASSIC",
    "gameType": "MATCHED_GAME",
    "subType": "RANKED_SOLO_5x5",
    "mapId": 1,
    "teamId": 100,
    "championId": 86,
    "spell1": 12,
    "spell2": 14,
    "level": 30,
    "ipEarned": 106,
    "createDate": 1398248939198,
    "fellowPlayers": [
      {
        "summonerId": 21860169,
        "teamId": 100,
        "championId": 110
      },
      {
        "summonerId": 19659796,
        "teamId": 100,
        "championId": 76
      },
      {
        "summonerId": 25384823,
        "teamId": 100,
        "championId": 89
      },
      {
        "summonerId": 22830984,
        "teamId": 100,
        "championId": 5
      },
      {
        "summonerId": 19351854,
        "teamId": 200,
        "championId": 412
      },
      {
        "summonerId": 31675978,
        "teamId": 200,
        "championId": 29
      },
      {
        "summonerId": 24934764,
        "teamId": 200,
        "championId": 62
      },
      {
        "summonerId": 25485678,
        "teamId": 200,
        "championId": 31
      },
      {
        "summonerId": 36309928,
        "teamId": 200,
        "championId": 69
      }
    ],
    "stats": {
      "level": 17,
      "goldEarned": 11361,
      "numDeaths": 8,
      "turretsKilled": 2,
      "minionsKilled": 158,
      "championsKilled": 2,
      "goldSpent": 11145,
      "totalDamageDealt": 118164,
      "totalDamageTaken": 41138,
      "killingSprees": 1,
      "largestKillingSpree": 2,
      "team": 100,
      "win": true,
      "neutralMinionsKilled": 2,
      "largestMultiKill": 1,
      "physicalDamageDealtPlayer": 94999,
      "magicDamageDealtPlayer": 21709,
      "physicalDamageTaken": 23805,
      "magicDamageTaken": 13288,
      "timePlayed": 2334,
      "assists": 6,
      "item0": 3009,
      "item1": 3068,
      "item2": 3190,
      "item3": 3065,
      "item4": 3211,
      "item6": 3340,
      "magicDamageDealtToChampions": 6163,
      "physicalDamageDealtToChampions": 10460,
      "totalDamageDealtToChampions": 17909,
      "trueDamageDealtPlayer": 1456,
      "trueDamageDealtToChampions": 1286,
      "trueDamageTaken": 4045,
      "wardPlaced": 9,
      "neutralMinionsKilledEnemyJungle": 2,
      "totalTimeCrowdControlDealt": 293
    }
  }
}