{
  "29785592": {
    "gameId": 818161853,
    "invalid": false,
    "gameMode": "CLASSIC",
    "gameType": "MATCHED_GAME",
    "subType": "RANKED_SOLO_5x5",
    "mapId": 1,
    "teamId": 100,
    "championId": 78,
    "spell1": 4,
    "spell2": 14,
    "level": 30,
    "ipEarned": 77,
    "createDate": 1398243927271,
    "fellowPlayers": [
      {
        "summonerId": 36789618,
        "teamId": 200,
        "championId": 84
      },
      {
        "summonerId": 39832120,
        "teamId": 100,
        "championId": 51
      },
      {
        "summonerId": 36814292,
        "teamId": 200,
        "championId": 110
      },
      {
        "summonerId": 31406764,
        "teamId": 100,
        "championId": 412
      },
      {
        "summonerId": 26364625,
        "teamId": 200,
        "championId": 62
      },
      {
        "summonerId": 42654722,
        "teamId": 100,
        "championId": 115
      },
      {
        "summonerId": 37057186,
        "teamId": 100,
        "championId": 254
      },
      {
        "summonerId": 37614182,
        "teamId": 200,
        "championId": 89
      },
      {
        "summonerId": 34894450,
        "teamId": 200,
        "championId": 64
      }
    ],
    "stats": {
      "level": 17,
      "goldEarned": 11677,
      "numDeaths": 10,
      "minionsKilled": 124,
      "championsKilled": 5,
      "goldSpent": 11563,
      "totalDamageDealt": 78452,
      "totalDamageTaken": 36353,
      "team": 100,
      "win": false,
      "neutralMinionsKilled": 9,
      "largestMultiKill": 1,
      "physicalDamageDealtPlayer": 58521,
      "magicDamageDealtPlayer": 17866,
      "physicalDamageTaken": 21710,
      "magicDamageTaken": 12048,
      "largestCriticalStrike": 381,
      "timePlayed": 2638,
      "totalHeal": 2957,
      "totalUnitsHealed": 1,
      "assists": 9,
      "item0": 3078,
      "item1": 3144,
      "item2": 3111,
      "item3": 3065,
      "item4": 3082,
      "item5": 1011,
      "item6": 3340,
      "magicDamageDealtToChampions": 9290,
      "physicalDamageDealtToChampions": 7154,
      "totalDamageDealtToChampions": 18000,
      "trueDamageDealtPlayer": 2064,
      "trueDamageDealtToChampions": 1556,
      "trueDamageTaken": 2594,
      "wardKilled": 1,
      "wardPlaced": 7,
      "neutralMinionsKilledEnemyJungle": 6,
      "neutralMinionsKilledYourJungle": 3,
      "totalTimeCrowdControlDealt": 281
    }
  },
  "summonerCount": 10,
  "37614182": {
    "gameId": 818161853,
    "invalid": false,
    "gameMode": "CLASSIC",
    "gameType": "MATCHED_GAME",
    "subType": "RANKED_SOLO_5x5",
    "mapId": 1,
    "teamId": 200,
    "championId": 89,
    "spell1": 4,
    "spell2": 7,
    "level": 30,
    "ipEarned": 117,
    "createDate": 1398243927273,
    "fellowPlayers": [
      {
        "summonerId": 36789618,
        "teamId": 200,
        "championId": 84
      },
      {
        "summonerId": 39832120,
        "teamId": 100,
        "championId": 51
      },
      {
        "summonerId": 36814292,
        "teamId": 200,
        "championId": 110
      },
      {
        "summonerId": 29785592,
        "teamId": 100,
        "championId": 78
      },
      {
        "summonerId": 31406764,
        "teamId": 100,
        "championId": 412
      },
      {
        "summonerId": 26364625,
        "teamId": 200,
        "championId": 62
      },
      {
        "summonerId": 42654722,
        "teamId": 100,
        "championId": 115
      },
      {
        "summonerId": 37057186,
        "teamId": 100,
        "championId": 254
      },
      {
        "summonerId": 34894450,
        "teamId": 200,
        "championId": 64
      }
    ],
    "stats": {
      "level": 18,
      "goldEarned": 12631,
      "numDeaths": 8,
      "minionsKilled": 30,
      "championsKilled": 5,
      "goldSpent": 11605,
      "totalDamageDealt": 34252,
      "totalDamageTaken": 36267,
      "team": 200,
      "win": true,
      "neutralMinionsKilled": 1,
      "largestMultiKill": 1,
      "physicalDamageDealtPlayer": 11800,
      "magicDamageDealtPlayer": 20818,
      "physicalDamageTaken": 17216,
      "magicDamageTaken": 17867,
      "timePlayed": 2638,
      "totalHeal": 4230,
      "totalUnitsHealed": 5,
      "assists": 23,
      "item0": 3401,
      "item1": 2049,
      "item2": 3068,
      "item3": 3143,
      "item4": 1031,
      "item5": 3047,
      "item6": 3362,
      "sightWardsBought": 2,
      "magicDamageDealtToChampions": 11214,
      "physicalDamageDealtToChampions": 3604,
      "totalDamageDealtToChampions": 14819,
      "trueDamageDealtPlayer": 1633,
      "trueDamageTaken": 1183,
      "wardPlaced": 23,
      "neutralMinionsKilledEnemyJungle": 1,
      "totalTimeCrowdControlDealt": 235
    }
  },
  "36814292": {
    "gameId": 818161853,
    "invalid": false,
    "gameMode": "CLASSIC",
    "gameType": "MATCHED_GAME",
    "subType": "RANKED_SOLO_5x5",
    "mapId": 1,
    "teamId": 200,
    "championId": 110,
    "spell1": 4,
    "spell2": 7,
    "level": 30,
    "ipEarned": 117,
    "createDate": 1398243927275,
    "fellowPlayers": [
      {
        "summonerId": 36789618,
        "teamId": 200,
        "championId": 84
      },
      {
        "summonerId": 39832120,
        "teamId": 100,
        "championId": 51
      },
      {
        "summonerId": 29785592,
        "teamId": 100,
        "championId": 78
      },
      {
        "summonerId": 31406764,
        "teamId": 100,
        "championId": 412
      },
      {
        "summonerId": 26364625,
        "teamId": 200,
        "championId": 62
      },
      {
        "summonerId": 42654722,
        "teamId": 100,
        "championId": 115
      },
      {
        "summonerId": 37057186,
        "teamId": 100,
        "championId": 254
      },
      {
        "summonerId": 37614182,
        "teamId": 200,
        "championId": 89
      },
      {
        "summonerId": 34894450,
        "teamId": 200,
        "championId": 64
      }
    ],
    "stats": {
      "level": 17,
      "goldEarned": 13268,
      "numDeaths": 10,
      "minionsKilled": 168,
      "championsKilled": 4,
      "goldSpent": 12180,
      "totalDamageDealt": 111957,
      "totalDamageTaken": 24018,
      "doubleKills": 1,
      "killingSprees": 1,
      "largestKillingSpree": 3,
      "team": 200,
      "win": true,
      "neutralMinionsKilled": 11,
      "largestMultiKill": 2,
      "physicalDamageDealtPlayer": 98093,
      "magicDamageDealtPlayer": 13863,
      "physicalDamageTaken": 12747,
      "magicDamageTaken": 10949,
      "largestCriticalStrike": 824,
      "timePlayed": 2638,
      "totalHeal": 4063,
      "totalUnitsHealed": 4,
      "assists": 14,
      "item0": 3031,
      "item1": 3072,
      "item2": 3087,
      "item3": 3006,
      "item4": 1036,
      "item5": 1037,
      "item6": 3340,
      "magicDamageDealtToChampions": 4069,
      "physicalDamageDealtToChampions": 9888,
      "totalDamageDealtToChampions": 13957,
      "trueDamageTaken": 321,
      "wardPlaced": 3,
      "neutralMinionsKilledEnemyJungle": 4,
      "neutralMinionsKilledYourJungle": 7,
      "totalTimeCrowdControlDealt": 197
    }
  },
  "37057186": {
    "gameId": 818161853,
    "invalid": false,
    "gameMode": "CLASSIC",
    "gameType": "MATCHED_GAME",
    "subType": "RANKED_SOLO_5x5",
    "mapId": 1,
    "teamId": 100,
    "championId": 254,
    "spell1": 11,
    "spell2": 4,
    "level": 30,
    "ipEarned": 77,
    "createDate": 1398243927267,
    "fellowPlayers": [
      {
        "summonerId": 36789618,
        "teamId": 200,
        "championId": 84
      },
      {
        "summonerId": 39832120,
        "teamId": 100,
        "championId": 51
      },
      {
        "summonerId": 36814292,
        "teamId": 200,
        "championId": 110
      },
      {
        "summonerId": 29785592,
        "teamId": 100,
        "championId": 78
      },
      {
        "summonerId": 31406764,
        "teamId": 100,
        "championId": 412
      },
      {
        "summonerId": 26364625,
        "teamId": 200,
        "championId": 62
      },
      {
        "summonerId": 42654722,
        "teamId": 100,
        "championId": 115
      },
      {
        "summonerId": 37614182,
        "teamId": 200,
        "championId": 89
      },
      {
        "summonerId": 34894450,
        "teamId": 200,
        "championId": 64
      }
    ],
    "stats": {
      "level": 18,
      "goldEarned": 12794,
      "numDeaths": 13,
      "minionsKilled": 59,
      "championsKilled": 4,
      "goldSpent": 13065,
      "totalDamageDealt": 172253,
      "totalDamageTaken": 34498,
      "team": 100,
      "win": false,
      "neutralMinionsKilled": 93,
      "largestMultiKill": 1,
      "physicalDamageDealtPlayer": 150713,
      "magicDamageDealtPlayer": 5047,
      "physicalDamageTaken": 24882,
      "magicDamageTaken": 8595,
      "largestCriticalStrike": 895,
      "timePlayed": 2638,
      "totalHeal": 3036,
      "totalUnitsHealed": 1,
      "assists": 13,
      "item0": 3068,
      "item1": 3134,
      "item2": 3078,
      "item3": 3111,
      "item4": 3082,
      "item5": 1011,
      "item6": 3340,
      "magicDamageDealtToChampions": 1285,
      "physicalDamageDealtToChampions": 19476,
      "totalDamageDealtToChampions": 22225,
      "trueDamageDealtPlayer": 16492,
      "trueDamageDealtToChampions": 1463,
      "trueDamageTaken": 1020,
      "wardPlaced": 8,
      "neutralMinionsKilledEnemyJungle": 5,
      "neutralMinionsKilledYourJungle": 88,
      "totalTimeCrowdControlDealt": 217
    }
  },
  "39832120": {
    "gameId": 818161853,
    "invalid": false,
    "gameMode": "CLASSIC",
    "gameType": "MATCHED_GAME",
    "subType": "RANKED_SOLO_5x5",
    "mapId": 1,
    "teamId": 100,
    "championId": 51,
    "spell1": 7,
    "spell2": 4,
    "level": 30,
    "ipEarned": 77,
    "createDate": 1398243927269,
    "fellowPlayers": [
      {
        "summonerId": 36789618,
        "teamId": 200,
        "championId": 84
      },
      {
        "summonerId": 36814292,
        "teamId": 200,
        "championId": 110
      },
      {
        "summonerId": 29785592,
        "teamId": 100,
        "championId": 78
      },
      {
        "summonerId": 31406764,
        "teamId": 100,
        "championId": 412
      },
      {
        "summonerId": 26364625,
        "teamId": 200,
        "championId": 62
      },
      {
        "summonerId": 42654722,
        "teamId": 100,
        "championId": 115
      },
      {
        "summonerId": 37057186,
        "teamId": 100,
        "championId": 254
      },
      {
        "summonerId": 37614182,
        "teamId": 200,
        "championId": 89
      },
      {
        "summonerId": 34894450,
        "teamId": 200,
        "championId": 64
      }
    ],
    "stats": {
      "level": 18,
      "goldEarned": 17431,
      "numDeaths": 12,
      "turretsKilled": 3,
      "minionsKilled": 254,
      "championsKilled": 14,
      "goldSpent": 16710,
      "totalDamageDealt": 220652,
      "totalDamageTaken": 30919,
      "doubleKills": 4,
      "killingSprees": 5,
      "largestKillingSpree": 4,
      "team": 100,
      "win": false,
      "neutralMinionsKilled": 20,
      "largestMultiKill": 2,
      "physicalDamageDealtPlayer": 193160,
      "magicDamageDealtPlayer": 26309,
      "physicalDamageTaken": 15651,
      "magicDamageTaken": 14830,
      "largestCriticalStrike": 1192,
      "timePlayed": 2638,
      "totalHeal": 5088,
      "totalUnitsHealed": 4,
      "assists": 7,
      "item0": 3085,
      "item1": 3026,
      "item2": 3031,
      "item3": 3087,
      "item4": 3072,
      "item5": 3250,
      "item6": 3340,
      "magicDamageDealtToChampions": 6888,
      "physicalDamageDealtToChampions": 26868,
      "totalDamageDealtToChampions": 34524,
      "trueDamageDealtPlayer": 1182,
      "trueDamageDealtToChampions": 768,
      "trueDamageTaken": 438,
      "wardKilled": 2,
      "wardPlaced": 10,
      "neutralMinionsKilledYourJungle": 20,
      "totalTimeCrowdControlDealt": 365
    }
  },
  "34894450": {
    "gameId": 818161853,
    "invalid": false,
    "gameMode": "CLASSIC",
    "gameType": "MATCHED_GAME",
    "subType": "RANKED_SOLO_5x5",
    "mapId": 1,
    "teamId": 200,
    "championId": 64,
    "spell1": 4,
    "spell2": 14,
    "level": 30,
    "ipEarned": 117,
    "createDate": 1398243927276,
    "fellowPlayers": [
      {
        "summonerId": 36789618,
        "teamId": 200,
        "championId": 84
      },
      {
        "summonerId": 39832120,
        "teamId": 100,
        "championId": 51
      },
      {
        "summonerId": 36814292,
        "teamId": 200,
        "championId": 110
      },
      {
        "summonerId": 29785592,
        "teamId": 100,
        "championId": 78
      },
      {
        "summonerId": 31406764,
        "teamId": 100,
        "championId": 412
      },
      {
        "summonerId": 26364625,
        "teamId": 200,
        "championId": 62
      },
      {
        "summonerId": 42654722,
        "teamId": 100,
        "championId": 115
      },
      {
        "summonerId": 37057186,
        "teamId": 100,
        "championId": 254
      },
      {
        "summonerId": 37614182,
        "teamId": 200,
        "championId": 89
      }
    ],
    "stats": {
      "level": 18,
      "goldEarned": 16954,
      "numDeaths": 4,
      "turretsKilled": 3,
      "minionsKilled": 167,
      "championsKilled": 10,
      "goldSpent": 15375,
      "totalDamageDealt": 142759,
      "totalDamageTaken": 29363,
      "doubleKills": 1,
      "killingSprees": 3,
      "largestKillingSpree": 4,
      "team": 200,
      "win": true,
      "neutralMinionsKilled": 16,
      "largestMultiKill": 2,
      "physicalDamageDealtPlayer": 89959,
      "magicDamageDealtPlayer": 49915,
      "physicalDamageTaken": 12954,
      "magicDamageTaken": 15358,
      "timePlayed": 2638,
      "totalHeal": 748,
      "totalUnitsHealed": 1,
      "assists": 26,
      "item0": 3143,
      "item1": 3074,
      "item2": 3071,
      "item3": 3065,
      "item4": 3264,
      "item5": 1029,
      "item6": 3340,
      "sightWardsBought": 2,
      "magicDamageDealtToChampions": 6616,
      "physicalDamageDealtToChampions": 22385,
      "totalDamageDealtToChampions": 31419,
      "trueDamageDealtPlayer": 2884,
      "trueDamageDealtToChampions": 2418,
      "trueDamageTaken": 1050,
      "wardKilled": 1,
      "wardPlaced": 13,
      "neutralMinionsKilledYourJungle": 16,
      "totalTimeCrowdControlDealt": 766
    }
  },
  "36789618": {
    "gameId": 818161853,
    "invalid": false,
    "gameMode": "CLASSIC",
    "gameType": "MATCHED_GAME",
    "subType": "RANKED_SOLO_5x5",
    "mapId": 1,
    "teamId": 200,
    "championId": 84,
    "spell1": 4,
    "spell2": 14,
    "level": 30,
    "ipEarned": 117,
    "createDate": 1398243927274,
    "fellowPlayers": [
      {
        "summonerId": 39832120,
        "teamId": 100,
        "championId": 51
      },
      {
        "summonerId": 36814292,
        "teamId": 200,
        "championId": 110
      },
      {
        "summonerId": 29785592,
        "teamId": 100,
        "championId": 78
      },
      {
        "summonerId": 31406764,
        "teamId": 100,
        "championId": 412
      },
      {
        "summonerId": 26364625,
        "teamId": 200,
        "championId": 62
      },
      {
        "summonerId": 42654722,
        "teamId": 100,
        "championId": 115
      },
      {
        "summonerId": 37057186,
        "teamId": 100,
        "championId": 254
      },
      {
        "summonerId": 37614182,
        "teamId": 200,
        "championId": 89
      },
      {
        "summonerId": 34894450,
        "teamId": 200,
        "championId": 64
      }
    ],
    "stats": {
      "level": 18,
      "goldEarned": 17750,
      "numDeaths": 7,
      "barracksKilled": 1,
      "turretsKilled": 1,
      "minionsKilled": 148,
      "championsKilled": 23,
      "goldSpent": 15395,
      "totalDamageDealt": 139007,
      "totalDamageTaken": 36292,
      "doubleKills": 5,
      "tripleKills": 1,
      "killingSprees": 6,
      "largestKillingSpree": 6,
      "team": 200,
      "win": true,
      "neutralMinionsKilled": 12,
      "largestMultiKill": 3,
      "physicalDamageDealtPlayer": 59096,
      "magicDamageDealtPlayer": 78916,
      "physicalDamageTaken": 20834,
      "magicDamageTaken": 13740,
      "timePlayed": 2638,
      "totalHeal": 847,
      "totalUnitsHealed": 1,
      "assists": 11,
      "item0": 3255,
      "item1": 3157,
      "item2": 3146,
      "item3": 3089,
      "item4": 3100,
      "item5": 1031,
      "item6": 3340,
      "magicDamageDealtToChampions": 32769,
      "physicalDamageDealtToChampions": 8524,
      "totalDamageDealtToChampions": 42288,
      "trueDamageDealtPlayer": 994,
      "trueDamageDealtToChampions": 994,
      "trueDamageTaken": 1717,
      "wardKilled": 2,
      "wardPlaced": 11,
      "neutralMinionsKilledEnemyJungle": 8,
      "neutralMinionsKilledYourJungle": 4,
      "totalTimeCrowdControlDealt": 439
    }
  },
  "31406764": {
    "gameId": 818161853,
    "invalid": false,
    "gameMode": "CLASSIC",
    "gameType": "MATCHED_GAME",
    "subType": "RANKED_SOLO_5x5",
    "mapId": 1,
    "teamId": 100,
    "championId": 412,
    "spell1": 4,
    "spell2": 3,
    "level": 30,
    "ipEarned": 77,
    "createDate": 1398243927270,
    "fellowPlayers": [
      {
        "summonerId": 36789618,
        "teamId": 200,
        "championId": 84
      },
      {
        "summonerId": 39832120,
        "teamId": 100,
        "championId": 51
      },
      {
        "summonerId": 36814292,
        "teamId": 200,
        "championId": 110
      },
      {
        "summonerId": 29785592,
        "teamId": 100,
        "championId": 78
      },
      {
        "summonerId": 26364625,
        "teamId": 200,
        "championId": 62
      },
      {
        "summonerId": 42654722,
        "teamId": 100,
        "championId": 115
      },
      {
        "summonerId": 37057186,
        "teamId": 100,
        "championId": 254
      },
      {
        "summonerId": 37614182,
        "teamId": 200,
        "championId": 89
      },
      {
        "summonerId": 34894450,
        "teamId": 200,
        "championId": 64
      }
    ],
    "stats": {
      "level": 17,
      "goldEarned": 14412,
      "numDeaths": 9,
      "turretsKilled": 1,
      "minionsKilled": 31,
      "championsKilled": 5,
      "goldSpent": 12865,
      "totalDamageDealt": 50698,
      "totalDamageTaken": 36483,
      "doubleKills": 1,
      "killingSprees": 1,
      "largestKillingSpree": 3,
      "team": 100,
      "win": false,
      "neutralMinionsKilled": 2,
      "largestMultiKill": 2,
      "physicalDamageDealtPlayer": 9048,
      "magicDamageDealtPlayer": 41650,
      "physicalDamageTaken": 22002,
      "magicDamageTaken": 13743,
      "timePlayed": 2638,
      "totalHeal": 3250,
      "totalUnitsHealed": 1,
      "assists": 23,
      "item0": 3069,
      "item1": 2043,
      "item2": 3143,
      "item3": 3270,
      "item4": 3068,
      "item5": 2045,
      "item6": 3364,
      "sightWardsBought": 1,
      "visionWardsBought": 8,
      "magicDamageDealtToChampions": 18264,
      "physicalDamageDealtToChampions": 2729,
      "totalDamageDealtToChampions": 20994,
      "trueDamageTaken": 738,
      "wardKilled": 2,
      "wardPlaced": 38,
      "neutralMinionsKilledEnemyJungle": 1,
      "neutralMinionsKilledYourJungle": 1,
      "totalTimeCrowdControlDealt": 831
    }
  },
  "42654722": {
    "gameId": 818161853,
    "invalid": false,
    "gameMode": "CLASSIC",
    "gameType": "MATCHED_GAME",
    "subType": "RANKED_SOLO_5x5",
    "mapId": 1,
    "teamId": 100,
    "championId": 115,
    "spell1": 4,
    "spell2": 14,
    "level": 30,
    "ipEarned": 77,
    "createDate": 1398243927268,
    "fellowPlayers": [
      {
        "summonerId": 36789618,
        "teamId": 200,
        "championId": 84
      },
      {
        "summonerId": 39832120,
        "teamId": 100,
        "championId": 51
      },
      {
        "summonerId": 36814292,
        "teamId": 200,
        "championId": 110
      },
      {
        "summonerId": 29785592,
        "teamId": 100,
        "championId": 78
      },
      {
        "summonerId": 31406764,
        "teamId": 100,
        "championId": 412
      },
      {
        "summonerId": 26364625,
        "teamId": 200,
        "championId": 62
      },
      {
        "summonerId": 37057186,
        "teamId": 100,
        "championId": 254
      },
      {
        "summonerId": 37614182,
        "teamId": 200,
        "championId": 89
      },
      {
        "summonerId": 34894450,
        "teamId": 200,
        "championId": 64
      }
    ],
    "stats": {
      "level": 16,
      "goldEarned": 12383,
      "numDeaths": 15,
      "minionsKilled": 122,
      "championsKilled": 5,
      "goldSpent": 12665,
      "totalDamageDealt": 137949,
      "totalDamageTaken": 28065,
      "killingSprees": 2,
      "largestKillingSpree": 2,
      "team": 100,
      "win": false,
      "neutralMinionsKilled": 15,
      "largestMultiKill": 1,
      "physicalDamageDealtPlayer": 14240,
      "magicDamageDealtPlayer": 122293,
      "physicalDamageTaken": 14236,
      "magicDamageTaken": 13306,
      "timePlayed": 2638,
      "totalHeal": 974,
      "totalUnitsHealed": 1,
      "assists": 13,
      "item0": 1056,
      "item1": 3255,
      "item2": 3157,
      "item3": 3089,
      "item4": 3174,
      "item6": 3340,
      "magicDamageDealtToChampions": 35857,
      "physicalDamageDealtToChampions": 1597,
      "totalDamageDealtToChampions": 38722,
      "trueDamageDealtPlayer": 1416,
      "trueDamageDealtToChampions": 1268,
      "trueDamageTaken": 522,
      "wardPlaced": 14,
      "neutralMinionsKilledEnemyJungle": 2,
      "neutralMinionsKilledYourJungle": 13,
      "totalTimeCrowdControlDealt": 331
    }
  },
  "29785592": {
    "gameId": 818161853,
    "invalid": false,
    "gameMode": "CLASSIC",
    "gameType": "MATCHED_GAME",
    "subType": "RANKED_SOLO_5x5",
    "mapId": 1,
    "teamId": 100,
    "championId": 78,
    "spell1": 4,
    "spell2": 14,
    "level": 30,
    "ipEarned": 77,
    "createDate": 1398243927271,
    "fellowPlayers": [
      {
        "summonerId": 36789618,
        "teamId": 200,
        "championId": 84
      },
      {
        "summonerId": 39832120,
        "teamId": 100,
        "championId": 51
      },
      {
        "summonerId": 36814292,
        "teamId": 200,
        "championId": 110
      },
      {
        "summonerId": 31406764,
        "teamId": 100,
        "championId": 412
      },
      {
        "summonerId": 26364625,
        "teamId": 200,
        "championId": 62
      },
      {
        "summonerId": 42654722,
        "teamId": 100,
        "championId": 115
      },
      {
        "summonerId": 37057186,
        "teamId": 100,
        "championId": 254
      },
      {
        "summonerId": 37614182,
        "teamId": 200,
        "championId": 89
      },
      {
        "summonerId": 34894450,
        "teamId": 200,
        "championId": 64
      }
    ],
    "stats": {
      "level": 17,
      "goldEarned": 11677,
      "numDeaths": 10,
      "minionsKilled": 124,
      "championsKilled": 5,
      "goldSpent": 11563,
      "totalDamageDealt": 78452,
      "totalDamageTaken": 36353,
      "team": 100,
      "win": false,
      "neutralMinionsKilled": 9,
      "largestMultiKill": 1,
      "physicalDamageDealtPlayer": 58521,
      "magicDamageDealtPlayer": 17866,
      "physicalDamageTaken": 21710,
      "magicDamageTaken": 12048,
      "largestCriticalStrike": 381,
      "timePlayed": 2638,
      "totalHeal": 2957,
      "totalUnitsHealed": 1,
      "assists": 9,
      "item0": 3078,
      "item1": 3144,
      "item2": 3111,
      "item3": 3065,
      "item4": 3082,
      "item5": 1011,
      "item6": 3340,
      "magicDamageDealtToChampions": 9290,
      "physicalDamageDealtToChampions": 7154,
      "totalDamageDealtToChampions": 18000,
      "trueDamageDealtPlayer": 2064,
      "trueDamageDealtToChampions": 1556,
      "trueDamageTaken": 2594,
      "wardKilled": 1,
      "wardPlaced": 7,
      "neutralMinionsKilledEnemyJungle": 6,
      "neutralMinionsKilledYourJungle": 3,
      "totalTimeCrowdControlDealt": 281
    }
  }
}