{
  "35005185": {
    "gameId": 818161592,
    "invalid": false,
    "gameMode": "CLASSIC",
    "gameType": "MATCHED_GAME",
    "subType": "NORMAL",
    "mapId": 1,
    "teamId": 200,
    "championId": 133,
    "spell1": 4,
    "spell2": 7,
    "level": 30,
    "ipEarned": 74,
    "createDate": 1398243514463,
    "fellowPlayers": [
      {
        "summonerId": 27211707,
        "teamId": 100,
        "championId": 67
      },
      {
        "summonerId": 26027079,
        "teamId": 100,
        "championId": 28
      },
      {
        "summonerId": 40006691,
        "teamId": 200,
        "championId": 90
      },
      {
        "summonerId": 39624465,
        "teamId": 100,
        "championId": 115
      },
      {
        "summonerId": 39766033,
        "teamId": 200,
        "championId": 267
      },
      {
        "summonerId": 22867099,
        "teamId": 100,
        "championId": 61
      },
      {
        "summonerId": 27512505,
        "teamId": 200,
        "championId": 48
      },
      {
        "summonerId": 25550591,
        "teamId": 200,
        "championId": 121
      },
      {
        "summonerId": 25115645,
        "teamId": 100,
        "championId": 157
      }
    ],
    "stats": {
      "level": 16,
      "goldEarned": 10173,
      "numDeaths": 5,
      "turretsKilled": 1,
      "minionsKilled": 140,
      "championsKilled": 1,
      "goldSpent": 9590,
      "totalDamageDealt": 85161,
      "totalDamageTaken": 17952,
      "team": 200,
      "win": false,
      "neutralMinionsKilled": 6,
      "largestMultiKill": 1,
      "physicalDamageDealtPlayer": 78655,
      "magicDamageDealtPlayer": 6506,
      "physicalDamageTaken": 11957,
      "magicDamageTaken": 4751,
      "largestCriticalStrike": 758,
      "timePlayed": 2493,
      "totalHeal": 1741,
      "totalUnitsHealed": 3,
      "assists": 5,
      "item0": 3006,
      "item1": 3087,
      "item2": 3072,
      "item3": 1011,
      "item4": 1028,
      "item5": 1037,
      "item6": 3340,
      "visionWardsBought": 1,
      "magicDamageDealtToChampions": 515,
      "physicalDamageDealtToChampions": 7620,
      "totalDamageDealtToChampions": 8136,
      "trueDamageTaken": 1243,
      "wardKilled": 1,
      "wardPlaced": 5,
      "neutralMinionsKilledEnemyJungle": 3,
      "neutralMinionsKilledYourJungle": 3,
      "totalTimeCrowdControlDealt": 155
    }
  },
  "summonerCount": 10,
  "25550591": {
    "gameId": 818161592,
    "invalid": false,
    "gameMode": "CLASSIC",
    "gameType": "MATCHED_GAME",
    "subType": "NORMAL",
    "mapId": 1,
    "teamId": 200,
    "championId": 121,
    "spell1": 11,
    "spell2": 4,
    "level": 30,
    "ipEarned": 74,
    "createDate": 1398243514462,
    "fellowPlayers": [
      {
        "summonerId": 27211707,
        "teamId": 100,
        "championId": 67
      },
      {
        "summonerId": 26027079,
        "teamId": 100,
        "championId": 28
      },
      {
        "summonerId": 40006691,
        "teamId": 200,
        "championId": 90
      },
      {
        "summonerId": 39624465,
        "teamId": 100,
        "championId": 115
      },
      {
        "summonerId": 39766033,
        "teamId": 200,
        "championId": 267
      },
      {
        "summonerId": 22867099,
        "teamId": 100,
        "championId": 61
      },
      {
        "summonerId": 35005185,
        "teamId": 200,
        "championId": 133
      },
      {
        "summonerId": 27512505,
        "teamId": 200,
        "championId": 48
      },
      {
        "summonerId": 25115645,
        "teamId": 100,
        "championId": 157
      }
    ],
    "stats": {
      "level": 18,
      "goldEarned": 13765,
      "numDeaths": 4,
      "minionsKilled": 79,
      "championsKilled": 9,
      "goldSpent": 13088,
      "totalDamageDealt": 208363,
      "totalDamageTaken": 43397,
      "doubleKills": 1,
      "killingSprees": 2,
      "largestKillingSpree": 6,
      "team": 200,
      "win": false,
      "neutralMinionsKilled": 99,
      "largestMultiKill": 2,
      "physicalDamageDealtPlayer": 191137,
      "magicDamageDealtPlayer": 2098,
      "physicalDamageTaken": 30707,
      "magicDamageTaken": 10862,
      "largestCriticalStrike": 862,
      "timePlayed": 2493,
      "totalHeal": 11878,
      "totalUnitsHealed": 1,
      "assists": 5,
      "item0": 3209,
      "item1": 3117,
      "item2": 3071,
      "item3": 3078,
      "item4": 3035,
      "item5": 1057,
      "item6": 3341,
      "sightWardsBought": 1,
      "magicDamageDealtToChampions": 1299,
      "physicalDamageDealtToChampions": 19428,
      "totalDamageDealtToChampions": 22583,
      "trueDamageDealtPlayer": 15128,
      "trueDamageDealtToChampions": 1856,
      "trueDamageTaken": 1827,
      "wardPlaced": 1,
      "neutralMinionsKilledEnemyJungle": 7,
      "neutralMinionsKilledYourJungle": 92,
      "totalTimeCrowdControlDealt": 765
    }
  },
  "39766033": {
    "gameId": 818161592,
    "invalid": false,
    "gameMode": "CLASSIC",
    "gameType": "MATCHED_GAME",
    "subType": "NORMAL",
    "mapId": 1,
    "teamId": 200,
    "championId": 267,
    "spell1": 7,
    "spell2": 3,
    "level": 30,
    "ipEarned": 74,
    "createDate": 1398243514461,
    "fellowPlayers": [
      {
        "summonerId": 27211707,
        "teamId": 100,
        "championId": 67
      },
      {
        "summonerId": 26027079,
        "teamId": 100,
        "championId": 28
      },
      {
        "summonerId": 40006691,
        "teamId": 200,
        "championId": 90
      },
      {
        "summonerId": 39624465,
        "teamId": 100,
        "championId": 115
      },
      {
        "summonerId": 22867099,
        "teamId": 100,
        "championId": 61
      },
      {
        "summonerId": 35005185,
        "teamId": 200,
        "championId": 133
      },
      {
        "summonerId": 27512505,
        "teamId": 200,
        "championId": 48
      },
      {
        "summonerId": 25550591,
        "teamId": 200,
        "championId": 121
      },
      {
        "summonerId": 25115645,
        "teamId": 100,
        "championId": 157
      }
    ],
    "stats": {
      "level": 14,
      "goldEarned": 9008,
      "numDeaths": 5,
      "minionsKilled": 34,
      "goldSpent": 8665,
      "totalDamageDealt": 34099,
      "totalDamageTaken": 22508,
      "team": 200,
      "win": false,
      "physicalDamageDealtPlayer": 11486,
      "magicDamageDealtPlayer": 22613,
      "physicalDamageTaken": 10597,
      "magicDamageTaken": 10777,
      "timePlayed": 2493,
      "totalHeal": 15369,
      "totalUnitsHealed": 5,
      "assists": 8,
      "item0": 3092,
      "item1": 3222,
      "item2": 3047,
      "item3": 3116,
      "item4": 1026,
      "item6": 3340,
      "magicDamageDealtToChampions": 9905,
      "physicalDamageDealtToChampions": 1057,
      "totalDamageDealtToChampions": 10962,
      "trueDamageTaken": 1134,
      "wardPlaced": 9,
      "totalTimeCrowdControlDealt": 285
    }
  },
  "27512505": {
    "gameId": 818161592,
    "invalid": false,
    "gameMode": "CLASSIC",
    "gameType": "MATCHED_GAME",
    "subType": "NORMAL",
    "mapId": 1,
    "teamId": 200,
    "championId": 48,
    "spell1": 4,
    "spell2": 14,
    "level": 30,
    "ipEarned": 74,
    "createDate": 1398243514460,
    "fellowPlayers": [
      {
        "summonerId": 27211707,
        "teamId": 100,
        "championId": 67
      },
      {
        "summonerId": 26027079,
        "teamId": 100,
        "championId": 28
      },
      {
        "summonerId": 40006691,
        "teamId": 200,
        "championId": 90
      },
      {
        "summonerId": 39624465,
        "teamId": 100,
        "championId": 115
      },
      {
        "summonerId": 39766033,
        "teamId": 200,
        "championId": 267
      },
      {
        "summonerId": 22867099,
        "teamId": 100,
        "championId": 61
      },
      {
        "summonerId": 35005185,
        "teamId": 200,
        "championId": 133
      },
      {
        "summonerId": 25550591,
        "teamId": 200,
        "championId": 121
      },
      {
        "summonerId": 25115645,
        "teamId": 100,
        "championId": 157
      }
    ],
    "stats": {
      "level": 18,
      "goldEarned": 13992,
      "numDeaths": 4,
      "turretsKilled": 1,
      "minionsKilled": 184,
      "championsKilled": 12,
      "goldSpent": 13830,
      "totalDamageDealt": 114157,
      "totalDamageTaken": 48711,
      "killingSprees": 3,
      "largestKillingSpree": 4,
      "team": 200,
      "win": false,
      "neutralMinionsKilled": 10,
      "largestMultiKill": 1,
      "physicalDamageDealtPlayer": 108177,
      "magicDamageDealtPlayer": 4087,
      "physicalDamageTaken": 26376,
      "magicDamageTaken": 16584,
      "timePlayed": 2493,
      "totalHeal": 12526,
      "totalUnitsHealed": 1,
      "assists": 4,
      "item0": 1055,
      "item1": 3153,
      "item2": 3074,
      "item3": 3143,
      "item4": 3065,
      "item5": 3047,
      "item6": 3340,
      "magicDamageDealtToChampions": 4087,
      "physicalDamageDealtToChampions": 15762,
      "totalDamageDealtToChampions": 21743,
      "trueDamageDealtPlayer": 1893,
      "trueDamageDealtToChampions": 1893,
      "trueDamageTaken": 5750,
      "wardPlaced": 3,
      "neutralMinionsKilledEnemyJungle": 2,
      "neutralMinionsKilledYourJungle": 8,
      "totalTimeCrowdControlDealt": 869
    }
  },
  "40006691": {
    "gameId": 818161592,
    "invalid": false,
    "gameMode": "CLASSIC",
    "gameType": "MATCHED_GAME",
    "subType": "NORMAL",
    "mapId": 1,
    "teamId": 200,
    "championId": 90,
    "spell1": 4,
    "spell2": 14,
    "level": 30,
    "ipEarned": 74,
    "createDate": 1398243514459,
    "fellowPlayers": [
      {
        "summonerId": 27211707,
        "teamId": 100,
        "championId": 67
      },
      {
        "summonerId": 26027079,
        "teamId": 100,
        "championId": 28
      },
      {
        "summonerId": 39624465,
        "teamId": 100,
        "championId": 115
      },
      {
        "summonerId": 39766033,
        "teamId": 200,
        "championId": 267
      },
      {
        "summonerId": 22867099,
        "teamId": 100,
        "championId": 61
      },
      {
        "summonerId": 35005185,
        "teamId": 200,
        "championId": 133
      },
      {
        "summonerId": 27512505,
        "teamId": 200,
        "championId": 48
      },
      {
        "summonerId": 25550591,
        "teamId": 200,
        "championId": 121
      },
      {
        "summonerId": 25115645,
        "teamId": 100,
        "championId": 157
      }
    ],
    "stats": {
      "level": 18,
      "goldEarned": 13952,
      "numDeaths": 5,
      "turretsKilled": 1,
      "minionsKilled": 292,
      "championsKilled": 5,
      "goldSpent": 16815,
      "totalDamageDealt": 186759,
      "totalDamageTaken": 27702,
      "killingSprees": 1,
      "largestKillingSpree": 2,
      "team": 200,
      "win": false,
      "neutralMinionsKilled": 6,
      "largestMultiKill": 1,
      "physicalDamageDealtPlayer": 36437,
      "magicDamageDealtPlayer": 149763,
      "physicalDamageTaken": 8975,
      "magicDamageTaken": 17026,
      "timePlayed": 2493,
      "assists": 7,
      "item0": 3157,
      "item1": 2003,
      "item2": 3089,
      "item3": 3027,
      "item4": 3255,
      "item5": 3135,
      "item6": 3340,
      "magicDamageDealtToChampions": 23695,
      "physicalDamageDealtToChampions": 2307,
      "totalDamageDealtToChampions": 26525,
      "trueDamageDealtPlayer": 558,
      "trueDamageDealtToChampions": 522,
      "trueDamageTaken": 1700,
      "wardPlaced": 8,
      "neutralMinionsKilledYourJungle": 6,
      "totalTimeCrowdControlDealt": 66
    }
  },
  "26027079": {
    "gameId": 818161592,
    "invalid": false,
    "gameMode": "CLASSIC",
    "gameType": "MATCHED_GAME",
    "subType": "NORMAL",
    "mapId": 1,
    "teamId": 100,
    "championId": 28,
    "spell1": 4,
    "spell2": 11,
    "level": 30,
    "ipEarned": 263,
    "createDate": 1398243514456,
    "fellowPlayers": [
      {
        "summonerId": 27211707,
        "teamId": 100,
        "championId": 67
      },
      {
        "summonerId": 40006691,
        "teamId": 200,
        "championId": 90
      },
      {
        "summonerId": 39624465,
        "teamId": 100,
        "championId": 115
      },
      {
        "summonerId": 39766033,
        "teamId": 200,
        "championId": 267
      },
      {
        "summonerId": 22867099,
        "teamId": 100,
        "championId": 61
      },
      {
        "summonerId": 35005185,
        "teamId": 200,
        "championId": 133
      },
      {
        "summonerId": 27512505,
        "teamId": 200,
        "championId": 48
      },
      {
        "summonerId": 25550591,
        "teamId": 200,
        "championId": 121
      },
      {
        "summonerId": 25115645,
        "teamId": 100,
        "championId": 157
      }
    ],
    "stats": {
      "level": 18,
      "goldEarned": 13286,
      "numDeaths": 4,
      "minionsKilled": 76,
      "championsKilled": 3,
      "goldSpent": 10975,
      "totalDamageDealt": 169729,
      "totalDamageTaken": 35159,
      "killingSprees": 1,
      "largestKillingSpree": 2,
      "team": 100,
      "win": true,
      "neutralMinionsKilled": 79,
      "largestMultiKill": 1,
      "physicalDamageDealtPlayer": 47234,
      "magicDamageDealtPlayer": 109170,
      "physicalDamageTaken": 23107,
      "magicDamageTaken": 10965,
      "timePlayed": 2493,
      "totalHeal": 7198,
      "totalUnitsHealed": 1,
      "assists": 11,
      "item0": 3255,
      "item1": 3206,
      "item2": 3151,
      "item3": 3102,
      "item4": 1052,
      "item5": 1011,
      "item6": 3340,
      "magicDamageDealtToChampions": 19457,
      "physicalDamageDealtToChampions": 6268,
      "totalDamageDealtToChampions": 25982,
      "trueDamageDealtPlayer": 13326,
      "trueDamageDealtToChampions": 256,
      "trueDamageTaken": 1086,
      "wardPlaced": 12,
      "neutralMinionsKilledEnemyJungle": 12,
      "neutralMinionsKilledYourJungle": 67,
      "totalTimeCrowdControlDealt": 176
    }
  },
  "39624465": {
    "gameId": 818161592,
    "invalid": false,
    "gameMode": "CLASSIC",
    "gameType": "MATCHED_GAME",
    "subType": "NORMAL",
    "mapId": 1,
    "teamId": 100,
    "championId": 115,
    "spell1": 14,
    "spell2": 4,
    "level": 30,
    "ipEarned": 113,
    "createDate": 1398243514458,
    "fellowPlayers": [
      {
        "summonerId": 27211707,
        "teamId": 100,
        "championId": 67
      },
      {
        "summonerId": 26027079,
        "teamId": 100,
        "championId": 28
      },
      {
        "summonerId": 40006691,
        "teamId": 200,
        "championId": 90
      },
      {
        "summonerId": 39766033,
        "teamId": 200,
        "championId": 267
      },
      {
        "summonerId": 22867099,
        "teamId": 100,
        "championId": 61
      },
      {
        "summonerId": 35005185,
        "teamId": 200,
        "championId": 133
      },
      {
        "summonerId": 27512505,
        "teamId": 200,
        "championId": 48
      },
      {
        "summonerId": 25550591,
        "teamId": 200,
        "championId": 121
      },
      {
        "summonerId": 25115645,
        "teamId": 100,
        "championId": 157
      }
    ],
    "stats": {
      "level": 18,
      "goldEarned": 12150,
      "numDeaths": 9,
      "minionsKilled": 163,
      "championsKilled": 3,
      "goldSpent": 10540,
      "totalDamageDealt": 152467,
      "totalDamageTaken": 22203,
      "team": 100,
      "win": true,
      "neutralMinionsKilled": 10,
      "largestMultiKill": 1,
      "physicalDamageDealtPlayer": 20967,
      "magicDamageDealtPlayer": 130513,
      "physicalDamageTaken": 11804,
      "magicDamageTaken": 9655,
      "timePlayed": 2493,
      "totalHeal": 830,
      "totalUnitsHealed": 1,
      "assists": 7,
      "item0": 3089,
      "item1": 3174,
      "item2": 3020,
      "item3": 3100,
      "item6": 3340,
      "magicDamageDealtToChampions": 24999,
      "physicalDamageDealtToChampions": 961,
      "totalDamageDealtToChampions": 26947,
      "trueDamageDealtPlayer": 986,
      "trueDamageDealtToChampions": 986,
      "trueDamageTaken": 742,
      "wardPlaced": 6,
      "neutralMinionsKilledEnemyJungle": 3,
      "neutralMinionsKilledYourJungle": 7,
      "totalTimeCrowdControlDealt": 302
    }
  },
  "27211707": {
    "gameId": 818161592,
    "invalid": false,
    "gameMode": "CLASSIC",
    "gameType": "MATCHED_GAME",
    "subType": "NORMAL",
    "mapId": 1,
    "teamId": 100,
    "championId": 67,
    "spell1": 4,
    "spell2": 21,
    "level": 30,
    "ipEarned": 113,
    "createDate": 1398243514457,
    "fellowPlayers": [
      {
        "summonerId": 26027079,
        "teamId": 100,
        "championId": 28
      },
      {
        "summonerId": 40006691,
        "teamId": 200,
        "championId": 90
      },
      {
        "summonerId": 39624465,
        "teamId": 100,
        "championId": 115
      },
      {
        "summonerId": 39766033,
        "teamId": 200,
        "championId": 267
      },
      {
        "summonerId": 22867099,
        "teamId": 100,
        "championId": 61
      },
      {
        "summonerId": 35005185,
        "teamId": 200,
        "championId": 133
      },
      {
        "summonerId": 27512505,
        "teamId": 200,
        "championId": 48
      },
      {
        "summonerId": 25550591,
        "teamId": 200,
        "championId": 121
      },
      {
        "summonerId": 25115645,
        "teamId": 100,
        "championId": 157
      }
    ],
    "stats": {
      "level": 18,
      "goldEarned": 16362,
      "numDeaths": 4,
      "turretsKilled": 1,
      "minionsKilled": 237,
      "championsKilled": 13,
      "goldSpent": 13235,
      "totalDamageDealt": 180770,
      "totalDamageTaken": 30142,
      "doubleKills": 3,
      "tripleKills": 1,
      "killingSprees": 4,
      "largestKillingSpree": 4,
      "team": 100,
      "win": true,
      "neutralMinionsKilled": 17,
      "largestMultiKill": 3,
      "physicalDamageDealtPlayer": 163977,
      "magicDamageDealtPlayer": 64,
      "physicalDamageTaken": 18250,
      "magicDamageTaken": 10330,
      "largestCriticalStrike": 719,
      "timePlayed": 2493,
      "totalHeal": 2186,
      "totalUnitsHealed": 1,
      "assists": 4,
      "item0": 3006,
      "item1": 3153,
      "item2": 3072,
      "item3": 3046,
      "item4": 3035,
      "item5": 1055,
      "item6": 3340,
      "magicDamageDealtToChampions": 64,
      "physicalDamageDealtToChampions": 38237,
      "totalDamageDealtToChampions": 47528,
      "trueDamageDealtPlayer": 16728,
      "trueDamageDealtToChampions": 9226,
      "trueDamageTaken": 1560,
      "wardPlaced": 6,
      "neutralMinionsKilledEnemyJungle": 4,
      "neutralMinionsKilledYourJungle": 13,
      "totalTimeCrowdControlDealt": 216
    }
  },
  "25115645": {
    "gameId": 818161592,
    "invalid": false,
    "gameMode": "CLASSIC",
    "gameType": "MATCHED_GAME",
    "subType": "NORMAL",
    "mapId": 1,
    "teamId": 100,
    "championId": 157,
    "spell1": 14,
    "spell2": 4,
    "level": 30,
    "ipEarned": 113,
    "createDate": 1398243514455,
    "fellowPlayers": [
      {
        "summonerId": 27211707,
        "teamId": 100,
        "championId": 67
      },
      {
        "summonerId": 26027079,
        "teamId": 100,
        "championId": 28
      },
      {
        "summonerId": 40006691,
        "teamId": 200,
        "championId": 90
      },
      {
        "summonerId": 39624465,
        "teamId": 100,
        "championId": 115
      },
      {
        "summonerId": 39766033,
        "teamId": 200,
        "championId": 267
      },
      {
        "summonerId": 22867099,
        "teamId": 100,
        "championId": 61
      },
      {
        "summonerId": 35005185,
        "teamId": 200,
        "championId": 133
      },
      {
        "summonerId": 27512505,
        "teamId": 200,
        "championId": 48
      },
      {
        "summonerId": 25550591,
        "teamId": 200,
        "championId": 121
      }
    ],
    "stats": {
      "level": 18,
      "goldEarned": 13799,
      "numDeaths": 8,
      "turretsKilled": 4,
      "minionsKilled": 217,
      "championsKilled": 2,
      "goldSpent": 12065,
      "totalDamageDealt": 201619,
      "totalDamageTaken": 27311,
      "team": 100,
      "win": true,
      "neutralMinionsKilled": 35,
      "largestMultiKill": 1,
      "physicalDamageDealtPlayer": 151782,
      "magicDamageDealtPlayer": 48818,
      "physicalDamageTaken": 19359,
      "magicDamageTaken": 7058,
      "largestCriticalStrike": 469,
      "timePlayed": 2493,
      "totalHeal": 370,
      "totalUnitsHealed": 1,
      "assists": 2,
      "item0": 3087,
      "item1": 3153,
      "item2": 3143,
      "item3": 3268,
      "item4": 1038,
      "item6": 3340,
      "magicDamageDealtToChampions": 2843,
      "physicalDamageDealtToChampions": 9527,
      "totalDamageDealtToChampions": 13108,
      "trueDamageDealtPlayer": 1018,
      "trueDamageDealtToChampions": 738,
      "trueDamageTaken": 894,
      "wardPlaced": 6,
      "neutralMinionsKilledEnemyJungle": 6,
      "neutralMinionsKilledYourJungle": 29,
      "totalTimeCrowdControlDealt": 403
    }
  },
  "35005185": {
    "gameId": 818161592,
    "invalid": false,
    "gameMode": "CLASSIC",
    "gameType": "MATCHED_GAME",
    "subType": "NORMAL",
    "mapId": 1,
    "teamId": 200,
    "championId": 133,
    "spell1": 4,
    "spell2": 7,
    "level": 30,
    "ipEarned": 74,
    "createDate": 1398243514463,
    "fellowPlayers": [
      {
        "summonerId": 27211707,
        "teamId": 100,
        "championId": 67
      },
      {
        "summonerId": 26027079,
        "teamId": 100,
        "championId": 28
      },
      {
        "summonerId": 40006691,
        "teamId": 200,
        "championId": 90
      },
      {
        "summonerId": 39624465,
        "teamId": 100,
        "championId": 115
      },
      {
        "summonerId": 39766033,
        "teamId": 200,
        "championId": 267
      },
      {
        "summonerId": 22867099,
        "teamId": 100,
        "championId": 61
      },
      {
        "summonerId": 27512505,
        "teamId": 200,
        "championId": 48
      },
      {
        "summonerId": 25550591,
        "teamId": 200,
        "championId": 121
      },
      {
        "summonerId": 25115645,
        "teamId": 100,
        "championId": 157
      }
    ],
    "stats": {
      "level": 16,
      "goldEarned": 10173,
      "numDeaths": 5,
      "turretsKilled": 1,
      "minionsKilled": 140,
      "championsKilled": 1,
      "goldSpent": 9590,
      "totalDamageDealt": 85161,
      "totalDamageTaken": 17952,
      "team": 200,
      "win": false,
      "neutralMinionsKilled": 6,
      "largestMultiKill": 1,
      "physicalDamageDealtPlayer": 78655,
      "magicDamageDealtPlayer": 6506,
      "physicalDamageTaken": 11957,
      "magicDamageTaken": 4751,
      "largestCriticalStrike": 758,
      "timePlayed": 2493,
      "totalHeal": 1741,
      "totalUnitsHealed": 3,
      "assists": 5,
      "item0": 3006,
      "item1": 3087,
      "item2": 3072,
      "item3": 1011,
      "item4": 1028,
      "item5": 1037,
      "item6": 3340,
      "visionWardsBought": 1,
      "magicDamageDealtToChampions": 515,
      "physicalDamageDealtToChampions": 7620,
      "totalDamageDealtToChampions": 8136,
      "trueDamageTaken": 1243,
      "wardKilled": 1,
      "wardPlaced": 5,
      "neutralMinionsKilledEnemyJungle": 3,
      "neutralMinionsKilledYourJungle": 3,
      "totalTimeCrowdControlDealt": 155
    }
  }
}