{
  "42289927": {
    "gameId": 818161481,
    "invalid": false,
    "gameMode": "CLASSIC",
    "gameType": "MATCHED_GAME",
    "subType": "NORMAL",
    "mapId": 1,
    "teamId": 100,
    "championId": 22,
    "spell1": 4,
    "spell2": 21,
    "level": 24,
    "ipEarned": 82,
    "createDate": 1398242695797,
    "fellowPlayers": [
      {
        "summonerId": 42182297,
        "teamId": 100,
        "championId": 53
      },
      {
        "summonerId": 27858859,
        "teamId": 200,
        "championId": 121
      },
      {
        "summonerId": 34212012,
        "teamId": 200,
        "championId": 8
      },
      {
        "summonerId": 42496389,
        "teamId": 100,
        "championId": 64
      },
      {
        "summonerId": 39602697,
        "teamId": 200,
        "championId": 133
      },
      {
        "summonerId": 34273807,
        "teamId": 200,
        "championId": 157
      },
      {
        "summonerId": 42473238,
        "teamId": 100,
        "championId": 115
      },
      {
        "summonerId": 37027462,
        "teamId": 200,
        "championId": 24
      },
      {
        "summonerId": 41854169,
        "teamId": 100,
        "championId": 11
      }
    ],
    "stats": {
      "level": 14,
      "goldEarned": 13801,
      "numDeaths": 6,
      "barracksKilled": 1,
      "turretsKilled": 2,
      "minionsKilled": 162,
      "championsKilled": 16,
      "goldSpent": 14090,
      "totalDamageDealt": 114495,
      "totalDamageTaken": 13783,
      "doubleKills": 3,
      "tripleKills": 1,
      "killingSprees": 5,
      "largestKillingSpree": 4,
      "team": 100,
      "win": true,
      "largestMultiKill": 3,
      "physicalDamageDealtPlayer": 96748,
      "magicDamageDealtPlayer": 16950,
      "physicalDamageTaken": 10659,
      "magicDamageTaken": 2817,
      "largestCriticalStrike": 682,
      "timePlayed": 1702,
      "totalHeal": 995,
      "totalUnitsHealed": 1,
      "assists": 12,
      "item0": 3031,
      "item1": 3072,
      "item2": 3087,
      "item3": 3250,
      "item4": 3086,
      "item5": 1018,
      "item6": 3340,
      "magicDamageDealtToChampions": 5988,
      "physicalDamageDealtToChampions": 23270,
      "totalDamageDealtToChampions": 29874,
      "trueDamageDealtPlayer": 796,
      "trueDamageDealtToChampions": 616,
      "trueDamageTaken": 306,
      "wardPlaced": 3,
      "totalTimeCrowdControlDealt": 725
    }
  },
  "summonerCount": 10,
  "34273807": {
    "gameId": 818161481,
    "invalid": false,
    "gameMode": "CLASSIC",
    "gameType": "MATCHED_GAME",
    "subType": "NORMAL",
    "mapId": 1,
    "teamId": 200,
    "championId": 157,
    "spell1": 4,
    "spell2": 14,
    "level": 30,
    "ipEarned": 55,
    "createDate": 1398242695807,
    "fellowPlayers": [
      {
        "summonerId": 42182297,
        "teamId": 100,
        "championId": 53
      },
      {
        "summonerId": 27858859,
        "teamId": 200,
        "championId": 121
      },
      {
        "summonerId": 34212012,
        "teamId": 200,
        "championId": 8
      },
      {
        "summonerId": 42496389,
        "teamId": 100,
        "championId": 64
      },
      {
        "summonerId": 39602697,
        "teamId": 200,
        "championId": 133
      },
      {
        "summonerId": 42473238,
        "teamId": 100,
        "championId": 115
      },
      {
        "summonerId": 37027462,
        "teamId": 200,
        "championId": 24
      },
      {
        "summonerId": 41854169,
        "teamId": 100,
        "championId": 11
      },
      {
        "summonerId": 42289927,
        "teamId": 100,
        "championId": 22
      }
    ],
    "stats": {
      "level": 14,
      "goldEarned": 11601,
      "numDeaths": 8,
      "turretsKilled": 1,
      "minionsKilled": 147,
      "championsKilled": 12,
      "goldSpent": 11205,
      "totalDamageDealt": 121178,
      "totalDamageTaken": 18187,
      "doubleKills": 2,
      "tripleKills": 1,
      "quadraKills": 1,
      "killingSprees": 2,
      "largestKillingSpree": 6,
      "team": 200,
      "win": false,
      "neutralMinionsKilled": 6,
      "largestMultiKill": 4,
      "physicalDamageDealtPlayer": 96640,
      "magicDamageDealtPlayer": 24069,
      "physicalDamageTaken": 12114,
      "magicDamageTaken": 5502,
      "largestCriticalStrike": 597,
      "timePlayed": 1702,
      "totalHeal": 1054,
      "totalUnitsHealed": 1,
      "assists": 4,
      "item0": 1055,
      "item1": 3006,
      "item2": 3087,
      "item3": 3031,
      "item4": 3035,
      "item5": 1053,
      "item6": 3340,
      "magicDamageDealtToChampions": 3148,
      "physicalDamageDealtToChampions": 18514,
      "totalDamageDealtToChampions": 22070,
      "trueDamageDealtPlayer": 468,
      "trueDamageDealtToChampions": 408,
      "trueDamageTaken": 570,
      "wardPlaced": 10,
      "neutralMinionsKilledYourJungle": 6,
      "totalTimeCrowdControlDealt": 154
    }
  },
  "42182297": {
    "gameId": 818161481,
    "invalid": false,
    "gameMode": "CLASSIC",
    "gameType": "MATCHED_GAME",
    "subType": "NORMAL",
    "mapId": 1,
    "teamId": 100,
    "championId": 53,
    "spell1": 7,
    "spell2": 4,
    "level": 24,
    "ipEarned": 82,
    "createDate": 1398242695800,
    "fellowPlayers": [
      {
        "summonerId": 27858859,
        "teamId": 200,
        "championId": 121
      },
      {
        "summonerId": 34212012,
        "teamId": 200,
        "championId": 8
      },
      {
        "summonerId": 42496389,
        "teamId": 100,
        "championId": 64
      },
      {
        "summonerId": 39602697,
        "teamId": 200,
        "championId": 133
      },
      {
        "summonerId": 34273807,
        "teamId": 200,
        "championId": 157
      },
      {
        "summonerId": 42473238,
        "teamId": 100,
        "championId": 115
      },
      {
        "summonerId": 37027462,
        "teamId": 200,
        "championId": 24
      },
      {
        "summonerId": 41854169,
        "teamId": 100,
        "championId": 11
      },
      {
        "summonerId": 42289927,
        "teamId": 100,
        "championId": 22
      }
    ],
    "stats": {
      "level": 14,
      "goldEarned": 9237,
      "numDeaths": 4,
      "minionsKilled": 24,
      "championsKilled": 5,
      "goldSpent": 8340,
      "totalDamageDealt": 25938,
      "totalDamageTaken": 14540,
      "killingSprees": 1,
      "largestKillingSpree": 4,
      "team": 100,
      "win": true,
      "largestMultiKill": 1,
      "physicalDamageDealtPlayer": 5516,
      "magicDamageDealtPlayer": 18924,
      "physicalDamageTaken": 10752,
      "magicDamageTaken": 3113,
      "timePlayed": 1702,
      "totalHeal": 1726,
      "totalUnitsHealed": 4,
      "assists": 19,
      "item0": 3401,
      "item1": 3056,
      "item2": 2004,
      "item3": 3004,
      "item4": 3057,
      "item6": 3340,
      "magicDamageDealtToChampions": 10494,
      "physicalDamageDealtToChampions": 2513,
      "totalDamageDealtToChampions": 13007,
      "trueDamageDealtPlayer": 1496,
      "trueDamageTaken": 674,
      "wardPlaced": 9,
      "totalTimeCrowdControlDealt": 44
    }
  },
  "39602697": {
    "gameId": 818161481,
    "invalid": false,
    "gameMode": "CLASSIC",
    "gameType": "MATCHED_GAME",
    "subType": "NORMAL",
    "mapId": 1,
    "teamId": 200,
    "championId": 133,
    "spell1": 21,
    "spell2": 4,
    "level": 18,
    "ipEarned": 55,
    "createDate": 1398242695804,
    "fellowPlayers": [
      {
        "summonerId": 42182297,
        "teamId": 100,
        "championId": 53
      },
      {
        "summonerId": 27858859,
        "teamId": 200,
        "championId": 121
      },
      {
        "summonerId": 34212012,
        "teamId": 200,
        "championId": 8
      },
      {
        "summonerId": 42496389,
        "teamId": 100,
        "championId": 64
      },
      {
        "summonerId": 34273807,
        "teamId": 200,
        "championId": 157
      },
      {
        "summonerId": 42473238,
        "teamId": 100,
        "championId": 115
      },
      {
        "summonerId": 37027462,
        "teamId": 200,
        "championId": 24
      },
      {
        "summonerId": 41854169,
        "teamId": 100,
        "championId": 11
      },
      {
        "summonerId": 42289927,
        "teamId": 100,
        "championId": 22
      }
    ],
    "stats": {
      "level": 11,
      "goldEarned": 6105,
      "numDeaths": 9,
      "minionsKilled": 42,
      "championsKilled": 2,
      "goldSpent": 4480,
      "totalDamageDealt": 27396,
      "totalDamageTaken": 14760,
      "killingSprees": 1,
      "largestKillingSpree": 2,
      "team": 200,
      "win": false,
      "neutralMinionsKilled": 3,
      "largestMultiKill": 1,
      "physicalDamageDealtPlayer": 24260,
      "magicDamageDealtPlayer": 2930,
      "physicalDamageTaken": 9824,
      "magicDamageTaken": 4935,
      "largestCriticalStrike": 246,
      "timePlayed": 1702,
      "assists": 7,
      "item0": 1053,
      "item1": 2003,
      "item2": 3006,
      "item3": 3087,
      "item6": 3340,
      "physicalDamageDealtToChampions": 3105,
      "totalDamageDealtToChampions": 3221,
      "trueDamageDealtPlayer": 206,
      "trueDamageDealtToChampions": 116,
      "wardPlaced": 2,
      "neutralMinionsKilledYourJungle": 3,
      "totalTimeCrowdControlDealt": 156
    }
  },
  "41854169": {
    "gameId": 818161481,
    "invalid": false,
    "gameMode": "CLASSIC",
    "gameType": "MATCHED_GAME",
    "subType": "NORMAL",
    "mapId": 1,
    "teamId": 100,
    "championId": 11,
    "spell1": 14,
    "spell2": 4,
    "level": 28,
    "ipEarned": 82,
    "createDate": 1398242695801,
    "fellowPlayers": [
      {
        "summonerId": 42182297,
        "teamId": 100,
        "championId": 53
      },
      {
        "summonerId": 27858859,
        "teamId": 200,
        "championId": 121
      },
      {
        "summonerId": 34212012,
        "teamId": 200,
        "championId": 8
      },
      {
        "summonerId": 42496389,
        "teamId": 100,
        "championId": 64
      },
      {
        "summonerId": 39602697,
        "teamId": 200,
        "championId": 133
      },
      {
        "summonerId": 34273807,
        "teamId": 200,
        "championId": 157
      },
      {
        "summonerId": 42473238,
        "teamId": 100,
        "championId": 115
      },
      {
        "summonerId": 37027462,
        "teamId": 200,
        "championId": 24
      },
      {
        "summonerId": 42289927,
        "teamId": 100,
        "championId": 22
      }
    ],
    "stats": {
      "level": 14,
      "goldEarned": 8942,
      "numDeaths": 4,
      "minionsKilled": 88,
      "championsKilled": 9,
      "goldSpent": 7660,
      "totalDamageDealt": 56824,
      "totalDamageTaken": 11263,
      "doubleKills": 1,
      "killingSprees": 1,
      "largestKillingSpree": 5,
      "team": 100,
      "win": true,
      "largestMultiKill": 2,
      "physicalDamageDealtPlayer": 50997,
      "magicDamageDealtPlayer": 5515,
      "physicalDamageTaken": 8606,
      "magicDamageTaken": 2356,
      "largestCriticalStrike": 757,
      "timePlayed": 1702,
      "totalHeal": 2019,
      "totalUnitsHealed": 1,
      "assists": 5,
      "item0": 3087,
      "item1": 1055,
      "item2": 2004,
      "item3": 2003,
      "item4": 3031,
      "item5": 1036,
      "item6": 3340,
      "magicDamageDealtToChampions": 939,
      "physicalDamageDealtToChampions": 8479,
      "totalDamageDealtToChampions": 9528,
      "trueDamageDealtPlayer": 312,
      "trueDamageDealtToChampions": 110,
      "trueDamageTaken": 300,
      "wardPlaced": 2,
      "totalTimeCrowdControlDealt": 45
    }
  },
  "42473238": {
    "gameId": 818161481,
    "invalid": false,
    "gameMode": "CLASSIC",
    "gameType": "MATCHED_GAME",
    "subType": "NORMAL",
    "mapId": 1,
    "teamId": 100,
    "championId": 115,
    "spell1": 4,
    "spell2": 14,
    "level": 30,
    "ipEarned": 0,
    "createDate": 1398242695798,
    "fellowPlayers": [
      {
        "summonerId": 42182297,
        "teamId": 100,
        "championId": 53
      },
      {
        "summonerId": 27858859,
        "teamId": 200,
        "championId": 121
      },
      {
        "summonerId": 34212012,
        "teamId": 200,
        "championId": 8
      },
      {
        "summonerId": 42496389,
        "teamId": 100,
        "championId": 64
      },
      {
        "summonerId": 39602697,
        "teamId": 200,
        "championId": 133
      },
      {
        "summonerId": 34273807,
        "teamId": 200,
        "championId": 157
      },
      {
        "summonerId": 37027462,
        "teamId": 200,
        "championId": 24
      },
      {
        "summonerId": 41854169,
        "teamId": 100,
        "championId": 11
      },
      {
        "summonerId": 42289927,
        "teamId": 100,
        "championId": 22
      }
    ],
    "stats": {
      "level": 9,
      "goldEarned": 5809,
      "numDeaths": 2,
      "minionsKilled": 39,
      "championsKilled": 3,
      "goldSpent": 2800,
      "totalDamageDealt": 26111,
      "totalDamageTaken": 4731,
      "killingSprees": 1,
      "largestKillingSpree": 2,
      "team": 100,
      "win": true,
      "neutralMinionsKilled": 4,
      "largestMultiKill": 1,
      "physicalDamageDealtPlayer": 7193,
      "magicDamageDealtPlayer": 18603,
      "physicalDamageTaken": 3936,
      "magicDamageTaken": 680,
      "timePlayed": 1702,
      "item0": 1056,
      "item1": 3191,
      "item2": 3020,
      "item6": 3340,
      "magicDamageDealtToChampions": 3210,
      "physicalDamageDealtToChampions": 487,
      "totalDamageDealtToChampions": 4011,
      "trueDamageDealtPlayer": 314,
      "trueDamageDealtToChampions": 314,
      "trueDamageTaken": 114,
      "neutralMinionsKilledEnemyJungle": 3,
      "neutralMinionsKilledYourJungle": 1,
      "totalTimeCrowdControlDealt": 77
    }
  },
  "34212012": {
    "gameId": 818161481,
    "invalid": false,
    "gameMode": "CLASSIC",
    "gameType": "MATCHED_GAME",
    "subType": "NORMAL",
    "mapId": 1,
    "teamId": 200,
    "championId": 8,
    "spell1": 4,
    "spell2": 14,
    "level": 30,
    "ipEarned": 55,
    "createDate": 1398242695808,
    "fellowPlayers": [
      {
        "summonerId": 42182297,
        "teamId": 100,
        "championId": 53
      },
      {
        "summonerId": 27858859,
        "teamId": 200,
        "championId": 121
      },
      {
        "summonerId": 42496389,
        "teamId": 100,
        "championId": 64
      },
      {
        "summonerId": 39602697,
        "teamId": 200,
        "championId": 133
      },
      {
        "summonerId": 34273807,
        "teamId": 200,
        "championId": 157
      },
      {
        "summonerId": 42473238,
        "teamId": 100,
        "championId": 115
      },
      {
        "summonerId": 37027462,
        "teamId": 200,
        "championId": 24
      },
      {
        "summonerId": 41854169,
        "teamId": 100,
        "championId": 11
      },
      {
        "summonerId": 42289927,
        "teamId": 100,
        "championId": 22
      }
    ],
    "stats": {
      "level": 13,
      "goldEarned": 6413,
      "numDeaths": 7,
      "minionsKilled": 49,
      "championsKilled": 1,
      "goldSpent": 6505,
      "totalDamageDealt": 39456,
      "totalDamageTaken": 14066,
      "team": 200,
      "win": false,
      "neutralMinionsKilled": 1,
      "largestMultiKill": 1,
      "physicalDamageDealtPlayer": 8974,
      "magicDamageDealtPlayer": 30397,
      "physicalDamageTaken": 9245,
      "magicDamageTaken": 4565,
      "timePlayed": 1702,
      "totalHeal": 5127,
      "totalUnitsHealed": 1,
      "assists": 7,
      "item0": 3191,
      "item1": 3145,
      "item2": 3255,
      "item3": 1026,
      "item4": 3108,
      "item6": 3340,
      "magicDamageDealtToChampions": 6810,
      "physicalDamageDealtToChampions": 432,
      "totalDamageDealtToChampions": 7327,
      "trueDamageDealtPlayer": 84,
      "trueDamageDealtToChampions": 84,
      "trueDamageTaken": 256,
      "wardPlaced": 11,
      "neutralMinionsKilledEnemyJungle": 1,
      "totalTimeCrowdControlDealt": 45
    }
  },
  "42496389": {
    "gameId": 818161481,
    "invalid": false,
    "gameMode": "CLASSIC",
    "gameType": "MATCHED_GAME",
    "subType": "NORMAL",
    "mapId": 1,
    "teamId": 100,
    "championId": 64,
    "spell1": 11,
    "spell2": 4,
    "level": 30,
    "ipEarned": 82,
    "createDate": 1398242695802,
    "fellowPlayers": [
      {
        "summonerId": 42182297,
        "teamId": 100,
        "championId": 53
      },
      {
        "summonerId": 27858859,
        "teamId": 200,
        "championId": 121
      },
      {
        "summonerId": 34212012,
        "teamId": 200,
        "championId": 8
      },
      {
        "summonerId": 39602697,
        "teamId": 200,
        "championId": 133
      },
      {
        "summonerId": 34273807,
        "teamId": 200,
        "championId": 157
      },
      {
        "summonerId": 42473238,
        "teamId": 100,
        "championId": 115
      },
      {
        "summonerId": 37027462,
        "teamId": 200,
        "championId": 24
      },
      {
        "summonerId": 41854169,
        "teamId": 100,
        "championId": 11
      },
      {
        "summonerId": 42289927,
        "teamId": 100,
        "championId": 22
      }
    ],
    "stats": {
      "level": 15,
      "goldEarned": 10121,
      "numDeaths": 5,
      "turretsKilled": 1,
      "minionsKilled": 21,
      "championsKilled": 3,
      "goldSpent": 8145,
      "totalDamageDealt": 154744,
      "totalDamageTaken": 18976,
      "team": 100,
      "win": true,
      "neutralMinionsKilled": 112,
      "largestMultiKill": 1,
      "physicalDamageDealtPlayer": 88519,
      "magicDamageDealtPlayer": 55469,
      "physicalDamageTaken": 16441,
      "magicDamageTaken": 2445,
      "timePlayed": 1702,
      "totalHeal": 2888,
      "totalUnitsHealed": 1,
      "assists": 12,
      "item0": 3160,
      "item1": 2003,
      "item2": 3074,
      "item3": 1001,
      "item4": 3035,
      "item6": 3340,
      "magicDamageDealtToChampions": 2228,
      "physicalDamageDealtToChampions": 8163,
      "totalDamageDealtToChampions": 10615,
      "trueDamageDealtPlayer": 10756,
      "trueDamageDealtToChampions": 224,
      "trueDamageTaken": 90,
      "wardPlaced": 4,
      "neutralMinionsKilledEnemyJungle": 39,
      "neutralMinionsKilledYourJungle": 73,
      "totalTimeCrowdControlDealt": 887
    }
  },
  "37027462": {
    "gameId": 818161481,
    "invalid": false,
    "gameMode": "CLASSIC",
    "gameType": "MATCHED_GAME",
    "subType": "NORMAL",
    "mapId": 1,
    "teamId": 200,
    "championId": 24,
    "spell1": 4,
    "spell2": 14,
    "level": 21,
    "ipEarned": 55,
    "createDate": 1398242695803,
    "fellowPlayers": [
      {
        "summonerId": 42182297,
        "teamId": 100,
        "championId": 53
      },
      {
        "summonerId": 27858859,
        "teamId": 200,
        "championId": 121
      },
      {
        "summonerId": 34212012,
        "teamId": 200,
        "championId": 8
      },
      {
        "summonerId": 42496389,
        "teamId": 100,
        "championId": 64
      },
      {
        "summonerId": 39602697,
        "teamId": 200,
        "championId": 133
      },
      {
        "summonerId": 34273807,
        "teamId": 200,
        "championId": 157
      },
      {
        "summonerId": 42473238,
        "teamId": 100,
        "championId": 115
      },
      {
        "summonerId": 41854169,
        "teamId": 100,
        "championId": 11
      },
      {
        "summonerId": 42289927,
        "teamId": 100,
        "championId": 22
      }
    ],
    "stats": {
      "level": 11,
      "goldEarned": 5495,
      "numDeaths": 9,
      "minionsKilled": 24,
      "championsKilled": 1,
      "goldSpent": 5753,
      "totalDamageDealt": 21644,
      "totalDamageTaken": 18053,
      "team": 200,
      "win": false,
      "neutralMinionsKilled": 2,
      "largestMultiKill": 1,
      "physicalDamageDealtPlayer": 18828,
      "magicDamageDealtPlayer": 2639,
      "physicalDamageTaken": 13637,
      "magicDamageTaken": 4228,
      "largestCriticalStrike": 226,
      "timePlayed": 1702,
      "totalHeal": 537,
      "totalUnitsHealed": 1,
      "assists": 7,
      "item0": 1055,
      "item1": 3078,
      "item6": 3340,
      "magicDamageDealtToChampions": 801,
      "physicalDamageDealtToChampions": 4223,
      "totalDamageDealtToChampions": 5202,
      "trueDamageDealtPlayer": 176,
      "trueDamageDealtToChampions": 176,
      "trueDamageTaken": 188,
      "neutralMinionsKilledYourJungle": 2,
      "totalTimeCrowdControlDealt": 37
    }
  },
  "42289927": {
    "gameId": 818161481,
    "invalid": false,
    "gameMode": "CLASSIC",
    "gameType": "MATCHED_GAME",
    "subType": "NORMAL",
    "mapId": 1,
    "teamId": 100,
    "championId": 22,
    "spell1": 4,
    "spell2": 21,
    "level": 24,
    "ipEarned": 82,
    "createDate": 1398242695797,
    "fellowPlayers": [
      {
        "summonerId": 42182297,
        "teamId": 100,
        "championId": 53
      },
      {
        "summonerId": 27858859,
        "teamId": 200,
        "championId": 121
      },
      {
        "summonerId": 34212012,
        "teamId": 200,
        "championId": 8
      },
      {
        "summonerId": 42496389,
        "teamId": 100,
        "championId": 64
      },
      {
        "summonerId": 39602697,
        "teamId": 200,
        "championId": 133
      },
      {
        "summonerId": 34273807,
        "teamId": 200,
        "championId": 157
      },
      {
        "summonerId": 42473238,
        "teamId": 100,
        "championId": 115
      },
      {
        "summonerId": 37027462,
        "teamId": 200,
        "championId": 24
      },
      {
        "summonerId": 41854169,
        "teamId": 100,
        "championId": 11
      }
    ],
    "stats": {
      "level": 14,
      "goldEarned": 13801,
      "numDeaths": 6,
      "barracksKilled": 1,
      "turretsKilled": 2,
      "minionsKilled": 162,
      "championsKilled": 16,
      "goldSpent": 14090,
      "totalDamageDealt": 114495,
      "totalDamageTaken": 13783,
      "doubleKills": 3,
      "tripleKills": 1,
      "killingSprees": 5,
      "largestKillingSpree": 4,
      "team": 100,
      "win": true,
      "largestMultiKill": 3,
      "physicalDamageDealtPlayer": 96748,
      "magicDamageDealtPlayer": 16950,
      "physicalDamageTaken": 10659,
      "magicDamageTaken": 2817,
      "largestCriticalStrike": 682,
      "timePlayed": 1702,
      "totalHeal": 995,
      "totalUnitsHealed": 1,
      "assists": 12,
      "item0": 3031,
      "item1": 3072,
      "item2": 3087,
      "item3": 3250,
      "item4": 3086,
      "item5": 1018,
      "item6": 3340,
      "magicDamageDealtToChampions": 5988,
      "physicalDamageDealtToChampions": 23270,
      "totalDamageDealtToChampions": 29874,
      "trueDamageDealtPlayer": 796,
      "trueDamageDealtToChampions": 616,
      "trueDamageTaken": 306,
      "wardPlaced": 3,
      "totalTimeCrowdControlDealt": 725
    }
  }
}