{
  "23433129": {
    "gameId": 818161859,
    "invalid": false,
    "gameMode": "CLASSIC",
    "gameType": "MATCHED_GAME",
    "subType": "NORMAL",
    "mapId": 1,
    "teamId": 200,
    "championId": 81,
    "spell1": 4,
    "spell2": 7,
    "level": 30,
    "ipEarned": 115,
    "createDate": 1398243640088,
    "fellowPlayers": [
      {
        "summonerId": 38021805,
        "teamId": 200,
        "championId": 99
      },
      {
        "summonerId": 33053278,
        "teamId": 100,
        "championId": 29
      },
      {
        "summonerId": 23574864,
        "teamId": 100,
        "championId": 157
      },
      {
        "summonerId": 32267577,
        "teamId": 100,
        "championId": 75
      },
      {
        "summonerId": 42666600,
        "teamId": 100,
        "championId": 11
      },
      {
        "summonerId": 26176571,
        "teamId": 200,
        "championId": 412
      },
      {
        "summonerId": 38046192,
        "teamId": 200,
        "championId": 11
      },
      {
        "summonerId": 30032669,
        "teamId": 100,
        "championId": 412
      },
      {
        "summonerId": 21100857,
        "teamId": 200,
        "championId": 39
      }
    ],
    "stats": {
      "level": 18,
      "goldEarned": 17893,
      "numDeaths": 11,
      "turretsKilled": 1,
      "minionsKilled": 226,
      "championsKilled": 13,
      "goldSpent": 15703,
      "totalDamageDealt": 208138,
      "totalDamageTaken": 37085,
      "doubleKills": 1,
      "killingSprees": 2,
      "largestKillingSpree": 3,
      "team": 200,
      "win": true,
      "neutralMinionsKilled": 25,
      "largestMultiKill": 2,
      "physicalDamageDealtPlayer": 162878,
      "magicDamageDealtPlayer": 44038,
      "physicalDamageTaken": 28213,
      "magicDamageTaken": 5979,
      "largestCriticalStrike": 825,
      "timePlayed": 2565,
      "totalHeal": 5739,
      "totalUnitsHealed": 3,
      "assists": 19,
      "item0": 3158,
      "item1": 3072,
      "item2": 3042,
      "item3": 3078,
      "item4": 3035,
      "item5": 3026,
      "item6": 3340,
      "magicDamageDealtToChampions": 10711,
      "physicalDamageDealtToChampions": 37207,
      "totalDamageDealtToChampions": 49009,
      "trueDamageDealtPlayer": 1222,
      "trueDamageDealtToChampions": 1090,
      "trueDamageTaken": 2893,
      "wardPlaced": 11,
      "neutralMinionsKilledEnemyJungle": 6,
      "neutralMinionsKilledYourJungle": 19,
      "totalTimeCrowdControlDealt": 153
    }
  },
  "summonerCount": 10,
  "30032669": {
    "gameId": 818161859,
    "invalid": false,
    "gameMode": "CLASSIC",
    "gameType": "MATCHED_GAME",
    "subType": "NORMAL",
    "mapId": 1,
    "teamId": 100,
    "championId": 412,
    "spell1": 7,
    "spell2": 4,
    "level": 30,
    "ipEarned": 75,
    "createDate": 1398243640081,
    "fellowPlayers": [
      {
        "summonerId": 38021805,
        "teamId": 200,
        "championId": 99
      },
      {
        "summonerId": 33053278,
        "teamId": 100,
        "championId": 29
      },
      {
        "summonerId": 23574864,
        "teamId": 100,
        "championId": 157
      },
      {
        "summonerId": 32267577,
        "teamId": 100,
        "championId": 75
      },
      {
        "summonerId": 42666600,
        "teamId": 100,
        "championId": 11
      },
      {
        "summonerId": 26176571,
        "teamId": 200,
        "championId": 412
      },
      {
        "summonerId": 38046192,
        "teamId": 200,
        "championId": 11
      },
      {
        "summonerId": 23433129,
        "teamId": 200,
        "championId": 81
      },
      {
        "summonerId": 21100857,
        "teamId": 200,
        "championId": 39
      }
    ],
    "stats": {
      "level": 18,
      "goldEarned": 12564,
      "numDeaths": 9,
      "minionsKilled": 26,
      "championsKilled": 3,
      "goldSpent": 11845,
      "totalDamageDealt": 35226,
      "totalDamageTaken": 42832,
      "killingSprees": 1,
      "largestKillingSpree": 2,
      "team": 100,
      "win": false,
      "largestMultiKill": 1,
      "physicalDamageDealtPlayer": 8490,
      "magicDamageDealtPlayer": 26698,
      "physicalDamageTaken": 22242,
      "magicDamageTaken": 18638,
      "timePlayed": 2565,
      "totalHeal": 6097,
      "totalUnitsHealed": 5,
      "assists": 22,
      "item0": 2049,
      "item1": 3143,
      "item2": 3401,
      "item3": 3190,
      "item4": 3117,
      "item5": 1031,
      "item6": 3341,
      "sightWardsBought": 2,
      "visionWardsBought": 2,
      "magicDamageDealtToChampions": 15982,
      "physicalDamageDealtToChampions": 2674,
      "totalDamageDealtToChampions": 18695,
      "trueDamageDealtPlayer": 38,
      "trueDamageDealtToChampions": 38,
      "trueDamageTaken": 1951,
      "wardKilled": 2,
      "wardPlaced": 24,
      "totalTimeCrowdControlDealt": 302
    }
  },
  "26176571": {
    "gameId": 818161859,
    "invalid": false,
    "gameMode": "CLASSIC",
    "gameType": "MATCHED_GAME",
    "subType": "NORMAL",
    "mapId": 1,
    "teamId": 200,
    "championId": 412,
    "spell1": 4,
    "spell2": 14,
    "level": 30,
    "ipEarned": 265,
    "createDate": 1398243640087,
    "fellowPlayers": [
      {
        "summonerId": 38021805,
        "teamId": 200,
        "championId": 99
      },
      {
        "summonerId": 33053278,
        "teamId": 100,
        "championId": 29
      },
      {
        "summonerId": 23574864,
        "teamId": 100,
        "championId": 157
      },
      {
        "summonerId": 32267577,
        "teamId": 100,
        "championId": 75
      },
      {
        "summonerId": 42666600,
        "teamId": 100,
        "championId": 11
      },
      {
        "summonerId": 38046192,
        "teamId": 200,
        "championId": 11
      },
      {
        "summonerId": 23433129,
        "teamId": 200,
        "championId": 81
      },
      {
        "summonerId": 30032669,
        "teamId": 100,
        "championId": 412
      },
      {
        "summonerId": 21100857,
        "teamId": 200,
        "championId": 39
      }
    ],
    "stats": {
      "level": 17,
      "goldEarned": 12016,
      "numDeaths": 12,
      "turretsKilled": 1,
      "minionsKilled": 34,
      "championsKilled": 4,
      "goldSpent": 10440,
      "totalDamageDealt": 32332,
      "totalDamageTaken": 30057,
      "team": 200,
      "win": true,
      "neutralMinionsKilled": 1,
      "largestMultiKill": 1,
      "physicalDamageDealtPlayer": 7392,
      "magicDamageDealtPlayer": 24587,
      "physicalDamageTaken": 18635,
      "magicDamageTaken": 9649,
      "timePlayed": 2565,
      "totalHeal": 2079,
      "totalUnitsHealed": 1,
      "assists": 20,
      "item0": 2049,
      "item1": 1031,
      "item2": 3143,
      "item3": 3069,
      "item4": 3270,
      "item5": 3075,
      "item6": 3341,
      "magicDamageDealtToChampions": 12377,
      "physicalDamageDealtToChampions": 1677,
      "totalDamageDealtToChampions": 14407,
      "trueDamageDealtPlayer": 352,
      "trueDamageDealtToChampions": 352,
      "trueDamageTaken": 1772,
      "wardKilled": 1,
      "wardPlaced": 20,
      "neutralMinionsKilledEnemyJungle": 1,
      "totalTimeCrowdControlDealt": 308
    }
  },
  "38046192": {
    "gameId": 818161859,
    "invalid": false,
    "gameMode": "CLASSIC",
    "gameType": "MATCHED_GAME",
    "subType": "NORMAL",
    "mapId": 1,
    "teamId": 200,
    "championId": 11,
    "spell1": 4,
    "spell2": 11,
    "level": 30,
    "ipEarned": 115,
    "createDate": 1398243640084,
    "fellowPlayers": [
      {
        "summonerId": 38021805,
        "teamId": 200,
        "championId": 99
      },
      {
        "summonerId": 33053278,
        "teamId": 100,
        "championId": 29
      },
      {
        "summonerId": 23574864,
        "teamId": 100,
        "championId": 157
      },
      {
        "summonerId": 32267577,
        "teamId": 100,
        "championId": 75
      },
      {
        "summonerId": 42666600,
        "teamId": 100,
        "championId": 11
      },
      {
        "summonerId": 26176571,
        "teamId": 200,
        "championId": 412
      },
      {
        "summonerId": 23433129,
        "teamId": 200,
        "championId": 81
      },
      {
        "summonerId": 30032669,
        "teamId": 100,
        "championId": 412
      },
      {
        "summonerId": 21100857,
        "teamId": 200,
        "championId": 39
      }
    ],
    "stats": {
      "level": 18,
      "goldEarned": 17410,
      "numDeaths": 9,
      "turretsKilled": 4,
      "minionsKilled": 105,
      "championsKilled": 10,
      "goldSpent": 17068,
      "totalDamageDealt": 284387,
      "totalDamageTaken": 40715,
      "killingSprees": 2,
      "largestKillingSpree": 3,
      "team": 200,
      "win": true,
      "neutralMinionsKilled": 125,
      "largestMultiKill": 1,
      "physicalDamageDealtPlayer": 210460,
      "magicDamageDealtPlayer": 41845,
      "physicalDamageTaken": 34344,
      "magicDamageTaken": 4135,
      "largestCriticalStrike": 1028,
      "timePlayed": 2565,
      "totalHeal": 11349,
      "totalUnitsHealed": 1,
      "assists": 8,
      "item0": 3160,
      "item1": 3142,
      "item2": 3250,
      "item3": 3031,
      "item4": 3078,
      "item5": 1037,
      "item6": 3341,
      "magicDamageDealtToChampions": 1777,
      "physicalDamageDealtToChampions": 17441,
      "totalDamageDealtToChampions": 22593,
      "trueDamageDealtPlayer": 32081,
      "trueDamageDealtToChampions": 3374,
      "trueDamageTaken": 2235,
      "wardPlaced": 7,
      "neutralMinionsKilledEnemyJungle": 13,
      "neutralMinionsKilledYourJungle": 112,
      "totalTimeCrowdControlDealt": 657
    }
  },
  "42666600": {
    "gameId": 818161859,
    "invalid": false,
    "gameMode": "CLASSIC",
    "gameType": "MATCHED_GAME",
    "subType": "NORMAL",
    "mapId": 1,
    "teamId": 100,
    "championId": 11,
    "spell1": 11,
    "spell2": 4,
    "level": 30,
    "ipEarned": 75,
    "createDate": 1398243640078,
    "fellowPlayers": [
      {
        "summonerId": 38021805,
        "teamId": 200,
        "championId": 99
      },
      {
        "summonerId": 33053278,
        "teamId": 100,
        "championId": 29
      },
      {
        "summonerId": 23574864,
        "teamId": 100,
        "championId": 157
      },
      {
        "summonerId": 32267577,
        "teamId": 100,
        "championId": 75
      },
      {
        "summonerId": 26176571,
        "teamId": 200,
        "championId": 412
      },
      {
        "summonerId": 38046192,
        "teamId": 200,
        "championId": 11
      },
      {
        "summonerId": 23433129,
        "teamId": 200,
        "championId": 81
      },
      {
        "summonerId": 30032669,
        "teamId": 100,
        "championId": 412
      },
      {
        "summonerId": 21100857,
        "teamId": 200,
        "championId": 39
      }
    ],
    "stats": {
      "level": 18,
      "goldEarned": 19887,
      "numDeaths": 12,
      "turretsKilled": 3,
      "minionsKilled": 188,
      "championsKilled": 17,
      "goldSpent": 19873,
      "totalDamageDealt": 334868,
      "totalDamageTaken": 45195,
      "doubleKills": 3,
      "tripleKills": 1,
      "killingSprees": 3,
      "largestKillingSpree": 6,
      "team": 100,
      "win": false,
      "neutralMinionsKilled": 94,
      "largestMultiKill": 3,
      "physicalDamageDealtPlayer": 288808,
      "magicDamageDealtPlayer": 12868,
      "physicalDamageTaken": 35632,
      "magicDamageTaken": 6686,
      "largestCriticalStrike": 1359,
      "timePlayed": 2565,
      "totalHeal": 8700,
      "totalUnitsHealed": 1,
      "assists": 5,
      "item0": 3142,
      "item1": 3031,
      "item2": 3250,
      "item3": 3026,
      "item4": 3078,
      "item5": 3035,
      "item6": 3340,
      "physicalDamageDealtToChampions": 40532,
      "totalDamageDealtToChampions": 46336,
      "trueDamageDealtPlayer": 33190,
      "trueDamageDealtToChampions": 5803,
      "trueDamageTaken": 2876,
      "wardPlaced": 11,
      "neutralMinionsKilledEnemyJungle": 10,
      "neutralMinionsKilledYourJungle": 84,
      "totalTimeCrowdControlDealt": 458
    }
  },
  "23574864": {
    "gameId": 818161859,
    "invalid": false,
    "gameMode": "CLASSIC",
    "gameType": "MATCHED_GAME",
    "subType": "NORMAL",
    "mapId": 1,
    "teamId": 100,
    "championId": 157,
    "spell1": 4,
    "spell2": 14,
    "level": 30,
    "ipEarned": 75,
    "createDate": 1398243640082,
    "fellowPlayers": [
      {
        "summonerId": 38021805,
        "teamId": 200,
        "championId": 99
      },
      {
        "summonerId": 33053278,
        "teamId": 100,
        "championId": 29
      },
      {
        "summonerId": 32267577,
        "teamId": 100,
        "championId": 75
      },
      {
        "summonerId": 42666600,
        "teamId": 100,
        "championId": 11
      },
      {
        "summonerId": 26176571,
        "teamId": 200,
        "championId": 412
      },
      {
        "summonerId": 38046192,
        "teamId": 200,
        "championId": 11
      },
      {
        "summonerId": 23433129,
        "teamId": 200,
        "championId": 81
      },
      {
        "summonerId": 30032669,
        "teamId": 100,
        "championId": 412
      },
      {
        "summonerId": 21100857,
        "teamId": 200,
        "championId": 39
      }
    ],
    "stats": {
      "level": 18,
      "goldEarned": 14092,
      "numDeaths": 10,
      "turretsKilled": 1,
      "minionsKilled": 192,
      "championsKilled": 8,
      "goldSpent": 14525,
      "totalDamageDealt": 181356,
      "totalDamageTaken": 36023,
      "doubleKills": 1,
      "killingSprees": 2,
      "largestKillingSpree": 3,
      "team": 100,
      "win": false,
      "neutralMinionsKilled": 23,
      "largestMultiKill": 2,
      "physicalDamageDealtPlayer": 139567,
      "magicDamageDealtPlayer": 39388,
      "physicalDamageTaken": 20830,
      "magicDamageTaken": 12714,
      "largestCriticalStrike": 697,
      "timePlayed": 2565,
      "totalHeal": 941,
      "totalUnitsHealed": 1,
      "assists": 6,
      "item0": 3031,
      "item1": 3072,
      "item2": 3143,
      "item3": 3006,
      "item4": 3087,
      "item6": 3340,
      "sightWardsBought": 1,
      "magicDamageDealtToChampions": 5895,
      "physicalDamageDealtToChampions": 17193,
      "totalDamageDealtToChampions": 24405,
      "trueDamageDealtPlayer": 2400,
      "trueDamageDealtToChampions": 1316,
      "trueDamageTaken": 2478,
      "wardPlaced": 17,
      "neutralMinionsKilledEnemyJungle": 12,
      "neutralMinionsKilledYourJungle": 11,
      "totalTimeCrowdControlDealt": 330
    }
  },
  "21100857": {
    "gameId": 818161859,
    "invalid": false,
    "gameMode": "CLASSIC",
    "gameType": "MATCHED_GAME",
    "subType": "NORMAL",
    "mapId": 1,
    "teamId": 200,
    "championId": 39,
    "spell1": 4,
    "spell2": 14,
    "level": 30,
    "ipEarned": 115,
    "createDate": 1398243640085,
    "fellowPlayers": [
      {
        "summonerId": 38021805,
        "teamId": 200,
        "championId": 99
      },
      {
        "summonerId": 33053278,
        "teamId": 100,
        "championId": 29
      },
      {
        "summonerId": 23574864,
        "teamId": 100,
        "championId": 157
      },
      {
        "summonerId": 32267577,
        "teamId": 100,
        "championId": 75
      },
      {
        "summonerId": 42666600,
        "teamId": 100,
        "championId": 11
      },
      {
        "summonerId": 26176571,
        "teamId": 200,
        "championId": 412
      },
      {
        "summonerId": 38046192,
        "teamId": 200,
        "championId": 11
      },
      {
        "summonerId": 23433129,
        "teamId": 200,
        "championId": 81
      },
      {
        "summonerId": 30032669,
        "teamId": 100,
        "championId": 412
      }
    ],
    "stats": {
      "level": 18,
      "goldEarned": 19038,
      "numDeaths": 11,
      "barracksKilled": 1,
      "turretsKilled": 4,
      "minionsKilled": 212,
      "championsKilled": 21,
      "goldSpent": 18738,
      "totalDamageDealt": 207472,
      "totalDamageTaken": 55353,
      "doubleKills": 3,
      "killingSprees": 5,
      "largestKillingSpree": 6,
      "team": 200,
      "win": true,
      "neutralMinionsKilled": 26,
      "largestMultiKill": 2,
      "physicalDamageDealtPlayer": 183189,
      "magicDamageDealtPlayer": 10978,
      "physicalDamageTaken": 44181,
      "magicDamageTaken": 7587,
      "largestCriticalStrike": 691,
      "timePlayed": 2565,
      "totalHeal": 11759,
      "totalUnitsHealed": 1,
      "assists": 8,
      "item0": 3153,
      "item1": 3078,
      "item2": 3074,
      "item3": 3091,
      "item4": 3047,
      "item5": 3075,
      "item6": 3340,
      "magicDamageDealtToChampions": 6086,
      "physicalDamageDealtToChampions": 37654,
      "totalDamageDealtToChampions": 51601,
      "trueDamageDealtPlayer": 13303,
      "trueDamageDealtToChampions": 7859,
      "trueDamageTaken": 3584,
      "wardPlaced": 7,
      "neutralMinionsKilledEnemyJungle": 13,
      "neutralMinionsKilledYourJungle": 13,
      "totalTimeCrowdControlDealt": 119
    }
  },
  "33053278": {
    "gameId": 818161859,
    "invalid": false,
    "gameMode": "CLASSIC",
    "gameType": "MATCHED_GAME",
    "subType": "NORMAL",
    "mapId": 1,
    "teamId": 100,
    "championId": 29,
    "spell1": 4,
    "spell2": 21,
    "level": 30,
    "ipEarned": 75,
    "createDate": 1398243640083,
    "fellowPlayers": [
      {
        "summonerId": 38021805,
        "teamId": 200,
        "championId": 99
      },
      {
        "summonerId": 23574864,
        "teamId": 100,
        "championId": 157
      },
      {
        "summonerId": 32267577,
        "teamId": 100,
        "championId": 75
      },
      {
        "summonerId": 42666600,
        "teamId": 100,
        "championId": 11
      },
      {
        "summonerId": 26176571,
        "teamId": 200,
        "championId": 412
      },
      {
        "summonerId": 38046192,
        "teamId": 200,
        "championId": 11
      },
      {
        "summonerId": 23433129,
        "teamId": 200,
        "championId": 81
      },
      {
        "summonerId": 30032669,
        "teamId": 100,
        "championId": 412
      },
      {
        "summonerId": 21100857,
        "teamId": 200,
        "championId": 39
      }
    ],
    "stats": {
      "level": 18,
      "goldEarned": 16464,
      "numDeaths": 11,
      "minionsKilled": 142,
      "championsKilled": 16,
      "goldSpent": 15930,
      "totalDamageDealt": 153865,
      "totalDamageTaken": 31093,
      "doubleKills": 3,
      "killingSprees": 5,
      "largestKillingSpree": 4,
      "team": 100,
      "win": false,
      "neutralMinionsKilled": 49,
      "largestMultiKill": 2,
      "physicalDamageDealtPlayer": 135785,
      "magicDamageDealtPlayer": 9757,
      "physicalDamageTaken": 22166,
      "magicDamageTaken": 8474,
      "largestCriticalStrike": 811,
      "timePlayed": 2565,
      "totalHeal": 1240,
      "totalUnitsHealed": 1,
      "assists": 4,
      "item0": 3087,
      "item1": 3072,
      "item2": 3006,
      "item3": 3031,
      "item4": 3085,
      "item5": 3082,
      "item6": 3340,
      "magicDamageDealtToChampions": 1092,
      "physicalDamageDealtToChampions": 22119,
      "totalDamageDealtToChampions": 26444,
      "trueDamageDealtPlayer": 8321,
      "trueDamageDealtToChampions": 3231,
      "trueDamageTaken": 453,
      "wardPlaced": 3,
      "neutralMinionsKilledEnemyJungle": 1,
      "neutralMinionsKilledYourJungle": 48,
      "totalTimeCrowdControlDealt": 498
    }
  },
  "38021805": {
    "gameId": 818161859,
    "invalid": false,
    "gameMode": "CLASSIC",
    "gameType": "MATCHED_GAME",
    "subType": "NORMAL",
    "mapId": 1,
    "teamId": 200,
    "championId": 99,
    "spell1": 4,
    "spell2": 7,
    "level": 30,
    "ipEarned": 115,
    "createDate": 1398243640086,
    "fellowPlayers": [
      {
        "summonerId": 33053278,
        "teamId": 100,
        "championId": 29
      },
      {
        "summonerId": 23574864,
        "teamId": 100,
        "championId": 157
      },
      {
        "summonerId": 32267577,
        "teamId": 100,
        "championId": 75
      },
      {
        "summonerId": 42666600,
        "teamId": 100,
        "championId": 11
      },
      {
        "summonerId": 26176571,
        "teamId": 200,
        "championId": 412
      },
      {
        "summonerId": 38046192,
        "teamId": 200,
        "championId": 11
      },
      {
        "summonerId": 23433129,
        "teamId": 200,
        "championId": 81
      },
      {
        "summonerId": 30032669,
        "teamId": 100,
        "championId": 412
      },
      {
        "summonerId": 21100857,
        "teamId": 200,
        "championId": 39
      }
    ],
    "stats": {
      "level": 18,
      "goldEarned": 15138,
      "numDeaths": 4,
      "barracksKilled": 1,
      "minionsKilled": 180,
      "championsKilled": 10,
      "goldSpent": 12335,
      "totalDamageDealt": 156880,
      "totalDamageTaken": 20073,
      "doubleKills": 1,
      "killingSprees": 2,
      "largestKillingSpree": 5,
      "team": 200,
      "win": true,
      "neutralMinionsKilled": 2,
      "largestMultiKill": 2,
      "physicalDamageDealtPlayer": 21546,
      "magicDamageDealtPlayer": 134638,
      "physicalDamageTaken": 15176,
      "magicDamageTaken": 3743,
      "timePlayed": 2565,
      "totalHeal": 3449,
      "totalUnitsHealed": 4,
      "assists": 16,
      "item0": 3174,
      "item1": 3020,
      "item2": 3089,
      "item3": 3135,
      "item4": 3191,
      "item5": 1058,
      "item6": 3340,
      "magicDamageDealtToChampions": 28073,
      "physicalDamageDealtToChampions": 2552,
      "totalDamageDealtToChampions": 30842,
      "trueDamageDealtPlayer": 696,
      "trueDamageDealtToChampions": 216,
      "trueDamageTaken": 1153,
      "wardPlaced": 10,
      "neutralMinionsKilledYourJungle": 2,
      "totalTimeCrowdControlDealt": 514
    }
  },
  "23433129": {
    "gameId": 818161859,
    "invalid": false,
    "gameMode": "CLASSIC",
    "gameType": "MATCHED_GAME",
    "subType": "NORMAL",
    "mapId": 1,
    "teamId": 200,
    "championId": 81,
    "spell1": 4,
    "spell2": 7,
    "level": 30,
    "ipEarned": 115,
    "createDate": 1398243640088,
    "fellowPlayers": [
      {
        "summonerId": 38021805,
        "teamId": 200,
        "championId": 99
      },
      {
        "summonerId": 33053278,
        "teamId": 100,
        "championId": 29
      },
      {
        "summonerId": 23574864,
        "teamId": 100,
        "championId": 157
      },
      {
        "summonerId": 32267577,
        "teamId": 100,
        "championId": 75
      },
      {
        "summonerId": 42666600,
        "teamId": 100,
        "championId": 11
      },
      {
        "summonerId": 26176571,
        "teamId": 200,
        "championId": 412
      },
      {
        "summonerId": 38046192,
        "teamId": 200,
        "championId": 11
      },
      {
        "summonerId": 30032669,
        "teamId": 100,
        "championId": 412
      },
      {
        "summonerId": 21100857,
        "teamId": 200,
        "championId": 39
      }
    ],
    "stats": {
      "level": 18,
      "goldEarned": 17893,
      "numDeaths": 11,
      "turretsKilled": 1,
      "minionsKilled": 226,
      "championsKilled": 13,
      "goldSpent": 15703,
      "totalDamageDealt": 208138,
      "totalDamageTaken": 37085,
      "doubleKills": 1,
      "killingSprees": 2,
      "largestKillingSpree": 3,
      "team": 200,
      "win": true,
      "neutralMinionsKilled": 25,
      "largestMultiKill": 2,
      "physicalDamageDealtPlayer": 162878,
      "magicDamageDealtPlayer": 44038,
      "physicalDamageTaken": 28213,
      "magicDamageTaken": 5979,
      "largestCriticalStrike": 825,
      "timePlayed": 2565,
      "totalHeal": 5739,
      "totalUnitsHealed": 3,
      "assists": 19,
      "item0": 3158,
      "item1": 3072,
      "item2": 3042,
      "item3": 3078,
      "item4": 3035,
      "item5": 3026,
      "item6": 3340,
      "magicDamageDealtToChampions": 10711,
      "physicalDamageDealtToChampions": 37207,
      "totalDamageDealtToChampions": 49009,
      "trueDamageDealtPlayer": 1222,
      "trueDamageDealtToChampions": 1090,
      "trueDamageTaken": 2893,
      "wardPlaced": 11,
      "neutralMinionsKilledEnemyJungle": 6,
      "neutralMinionsKilledYourJungle": 19,
      "totalTimeCrowdControlDealt": 153
    }
  }
}