{
  "28386823": {
    "gameId": 818170072,
    "invalid": false,
    "gameMode": "CLASSIC",
    "gameType": "MATCHED_GAME",
    "subType": "RANKED_SOLO_5x5",
    "mapId": 1,
    "teamId": 200,
    "championId": 25,
    "spell1": 7,
    "spell2": 4,
    "level": 30,
    "ipEarned": 235,
    "createDate": 1398243269713,
    "fellowPlayers": [
      {
        "summonerId": 23211398,
        "teamId": 200,
        "championId": 59
      },
      {
        "summonerId": 21287874,
        "teamId": 100,
        "championId": 16
      },
      {
        "summonerId": 23522527,
        "teamId": 100,
        "championId": 117
      },
      {
        "summonerId": 20006047,
        "teamId": 200,
        "championId": 104
      },
      {
        "summonerId": 19973775,
        "teamId": 200,
        "championId": 10
      },
      {
        "summonerId": 20041069,
        "teamId": 200,
        "championId": 103
      },
      {
        "summonerId": 37065199,
        "teamId": 100,
        "championId": 19
      },
      {
        "summonerId": 21526331,
        "teamId": 100,
        "championId": 236
      },
      {
        "summonerId": 25980395,
        "teamId": 100,
        "championId": 412
      }
    ],
    "stats": {
      "level": 13,
      "goldEarned": 8341,
      "numDeaths": 2,
      "minionsKilled": 11,
      "goldSpent": 7430,
      "totalDamageDealt": 22470,
      "totalDamageTaken": 12988,
      "team": 200,
      "win": true,
      "neutralMinionsKilled": 2,
      "physicalDamageDealtPlayer": 6023,
      "magicDamageDealtPlayer": 16446,
      "physicalDamageTaken": 7061,
      "magicDamageTaken": 5650,
      "timePlayed": 1794,
      "totalHeal": 2220,
      "totalUnitsHealed": 3,
      "assists": 14,
      "item0": 2045,
      "item1": 2010,
      "item2": 3092,
      "item4": 3111,
      "item5": 3211,
      "item6": 3341,
      "sightWardsBought": 1,
      "visionWardsBought": 2,
      "magicDamageDealtToChampions": 8232,
      "physicalDamageDealtToChampions": 1332,
      "totalDamageDealtToChampions": 9564,
      "trueDamageTaken": 277,
      "wardKilled": 1,
      "wardPlaced": 21,
      "neutralMinionsKilledYourJungle": 2,
      "totalTimeCrowdControlDealt": 104
    }
  },
  "summonerCount": 10,
  "21526331": {
    "gameId": 818170072,
    "invalid": false,
    "gameMode": "CLASSIC",
    "gameType": "MATCHED_GAME",
    "subType": "RANKED_SOLO_5x5",
    "mapId": 1,
    "teamId": 100,
    "championId": 236,
    "spell1": 4,
    "spell2": 7,
    "level": 30,
    "ipEarned": 57,
    "createDate": 1398243269707,
    "fellowPlayers": [
      {
        "summonerId": 23211398,
        "teamId": 200,
        "championId": 59
      },
      {
        "summonerId": 21287874,
        "teamId": 100,
        "championId": 16
      },
      {
        "summonerId": 23522527,
        "teamId": 100,
        "championId": 117
      },
      {
        "summonerId": 20006047,
        "teamId": 200,
        "championId": 104
      },
      {
        "summonerId": 19973775,
        "teamId": 200,
        "championId": 10
      },
      {
        "summonerId": 20041069,
        "teamId": 200,
        "championId": 103
      },
      {
        "summonerId": 28386823,
        "teamId": 200,
        "championId": 25
      },
      {
        "summonerId": 37065199,
        "teamId": 100,
        "championId": 19
      },
      {
        "summonerId": 25980395,
        "teamId": 100,
        "championId": 412
      }
    ],
    "stats": {
      "level": 15,
      "goldEarned": 9104,
      "numDeaths": 4,
      "minionsKilled": 172,
      "championsKilled": 3,
      "goldSpent": 7745,
      "totalDamageDealt": 95321,
      "totalDamageTaken": 19004,
      "doubleKills": 1,
      "killingSprees": 1,
      "largestKillingSpree": 3,
      "team": 100,
      "win": false,
      "neutralMinionsKilled": 15,
      "largestMultiKill": 2,
      "physicalDamageDealtPlayer": 83117,
      "magicDamageDealtPlayer": 11472,
      "physicalDamageTaken": 11185,
      "magicDamageTaken": 7559,
      "timePlayed": 1794,
      "totalHeal": 2682,
      "totalUnitsHealed": 3,
      "assists": 2,
      "item0": 1055,
      "item1": 3044,
      "item2": 3072,
      "item3": 3006,
      "item4": 3057,
      "item5": 1042,
      "item6": 3340,
      "magicDamageDealtToChampions": 2244,
      "physicalDamageDealtToChampions": 11837,
      "totalDamageDealtToChampions": 14494,
      "trueDamageDealtPlayer": 732,
      "trueDamageDealtToChampions": 412,
      "trueDamageTaken": 258,
      "wardKilled": 2,
      "wardPlaced": 8,
      "neutralMinionsKilledEnemyJungle": 1,
      "neutralMinionsKilledYourJungle": 14,
      "totalTimeCrowdControlDealt": 142
    }
  },
  "37065199": {
    "gameId": 818170072,
    "invalid": false,
    "gameMode": "CLASSIC",
    "gameType": "MATCHED_GAME",
    "subType": "RANKED_SOLO_5x5",
    "mapId": 1,
    "teamId": 100,
    "championId": 19,
    "spell1": 11,
    "spell2": 4,
    "level": 30,
    "ipEarned": 57,
    "createDate": 1398243269710,
    "fellowPlayers": [
      {
        "summonerId": 23211398,
        "teamId": 200,
        "championId": 59
      },
      {
        "summonerId": 21287874,
        "teamId": 100,
        "championId": 16
      },
      {
        "summonerId": 23522527,
        "teamId": 100,
        "championId": 117
      },
      {
        "summonerId": 20006047,
        "teamId": 200,
        "championId": 104
      },
      {
        "summonerId": 19973775,
        "teamId": 200,
        "championId": 10
      },
      {
        "summonerId": 20041069,
        "teamId": 200,
        "championId": 103
      },
      {
        "summonerId": 28386823,
        "teamId": 200,
        "championId": 25
      },
      {
        "summonerId": 21526331,
        "teamId": 100,
        "championId": 236
      },
      {
        "summonerId": 25980395,
        "teamId": 100,
        "championId": 412
      }
    ],
    "stats": {
      "level": 14,
      "goldEarned": 8369,
      "numDeaths": 6,
      "minionsKilled": 37,
      "championsKilled": 3,
      "goldSpent": 8260,
      "totalDamageDealt": 93320,
      "totalDamageTaken": 31685,
      "killingSprees": 1,
      "largestKillingSpree": 2,
      "team": 100,
      "win": false,
      "neutralMinionsKilled": 61,
      "largestMultiKill": 1,
      "physicalDamageDealtPlayer": 42615,
      "magicDamageDealtPlayer": 37990,
      "physicalDamageTaken": 18605,
      "magicDamageTaken": 11012,
      "timePlayed": 1794,
      "totalHeal": 10259,
      "totalUnitsHealed": 1,
      "assists": 6,
      "item0": 3154,
      "item1": 3068,
      "item2": 3111,
      "item3": 3211,
      "item4": 3067,
      "item6": 3341,
      "sightWardsBought": 2,
      "magicDamageDealtToChampions": 6015,
      "physicalDamageDealtToChampions": 4070,
      "totalDamageDealtToChampions": 10465,
      "trueDamageDealtPlayer": 12714,
      "trueDamageDealtToChampions": 380,
      "trueDamageTaken": 2067,
      "wardKilled": 3,
      "wardPlaced": 8,
      "neutralMinionsKilledEnemyJungle": 10,
      "neutralMinionsKilledYourJungle": 51,
      "totalTimeCrowdControlDealt": 422
    }
  },
  "21287874": {
    "gameId": 818170072,
    "invalid": false,
    "gameMode": "CLASSIC",
    "gameType": "MATCHED_GAME",
    "subType": "RANKED_SOLO_5x5",
    "mapId": 1,
    "teamId": 100,
    "championId": 16,
    "spell1": 4,
    "spell2": 7,
    "level": 30,
    "ipEarned": 57,
    "createDate": 1398243269709,
    "fellowPlayers": [
      {
        "summonerId": 23211398,
        "teamId": 200,
        "championId": 59
      },
      {
        "summonerId": 23522527,
        "teamId": 100,
        "championId": 117
      },
      {
        "summonerId": 20006047,
        "teamId": 200,
        "championId": 104
      },
      {
        "summonerId": 19973775,
        "teamId": 200,
        "championId": 10
      },
      {
        "summonerId": 20041069,
        "teamId": 200,
        "championId": 103
      },
      {
        "summonerId": 28386823,
        "teamId": 200,
        "championId": 25
      },
      {
        "summonerId": 37065199,
        "teamId": 100,
        "championId": 19
      },
      {
        "summonerId": 21526331,
        "teamId": 100,
        "championId": 236
      },
      {
        "summonerId": 25980395,
        "teamId": 100,
        "championId": 412
      }
    ],
    "stats": {
      "level": 14,
      "goldEarned": 8469,
      "numDeaths": 9,
      "minionsKilled": 156,
      "championsKilled": 1,
      "goldSpent": 7790,
      "totalDamageDealt": 108669,
      "totalDamageTaken": 24952,
      "team": 100,
      "win": false,
      "neutralMinionsKilled": 11,
      "largestMultiKill": 1,
      "physicalDamageDealtPlayer": 10422,
      "magicDamageDealtPlayer": 98246,
      "physicalDamageTaken": 13296,
      "magicDamageTaken": 9985,
      "timePlayed": 1794,
      "totalHeal": 19077,
      "totalUnitsHealed": 8,
      "assists": 6,
      "item0": 3174,
      "item1": 3116,
      "item3": 1056,
      "item5": 3111,
      "item6": 3340,
      "sightWardsBought": 5,
      "magicDamageDealtToChampions": 14987,
      "physicalDamageDealtToChampions": 1690,
      "totalDamageDealtToChampions": 16677,
      "trueDamageTaken": 1669,
      "wardKilled": 1,
      "wardPlaced": 14,
      "neutralMinionsKilledEnemyJungle": 1,
      "neutralMinionsKilledYourJungle": 10,
      "totalTimeCrowdControlDealt": 136
    }
  },
  "20041069": {
    "gameId": 818170072,
    "invalid": false,
    "gameMode": "CLASSIC",
    "gameType": "MATCHED_GAME",
    "subType": "RANKED_SOLO_5x5",
    "mapId": 1,
    "teamId": 200,
    "championId": 103,
    "spell1": 14,
    "spell2": 4,
    "level": 30,
    "ipEarned": 235,
    "createDate": 1398243269714,
    "fellowPlayers": [
      {
        "summonerId": 23211398,
        "teamId": 200,
        "championId": 59
      },
      {
        "summonerId": 21287874,
        "teamId": 100,
        "championId": 16
      },
      {
        "summonerId": 23522527,
        "teamId": 100,
        "championId": 117
      },
      {
        "summonerId": 20006047,
        "teamId": 200,
        "championId": 104
      },
      {
        "summonerId": 19973775,
        "teamId": 200,
        "championId": 10
      },
      {
        "summonerId": 28386823,
        "teamId": 200,
        "championId": 25
      },
      {
        "summonerId": 37065199,
        "teamId": 100,
        "championId": 19
      },
      {
        "summonerId": 21526331,
        "teamId": 100,
        "championId": 236
      },
      {
        "summonerId": 25980395,
        "teamId": 100,
        "championId": 412
      }
    ],
    "stats": {
      "level": 16,
      "goldEarned": 11884,
      "numDeaths": 3,
      "barracksKilled": 1,
      "turretsKilled": 3,
      "minionsKilled": 201,
      "championsKilled": 7,
      "goldSpent": 10275,
      "totalDamageDealt": 128793,
      "totalDamageTaken": 14531,
      "doubleKills": 2,
      "killingSprees": 2,
      "largestKillingSpree": 4,
      "team": 200,
      "win": true,
      "neutralMinionsKilled": 4,
      "largestMultiKill": 2,
      "physicalDamageDealtPlayer": 20054,
      "magicDamageDealtPlayer": 69548,
      "physicalDamageTaken": 4978,
      "magicDamageTaken": 9291,
      "timePlayed": 1794,
      "totalHeal": 2992,
      "totalUnitsHealed": 1,
      "assists": 8,
      "item0": 1056,
      "item1": 3174,
      "item2": 3255,
      "item3": 3089,
      "item4": 3135,
      "item6": 3340,
      "magicDamageDealtToChampions": 14464,
      "physicalDamageDealtToChampions": 1552,
      "totalDamageDealtToChampions": 21570,
      "trueDamageDealtPlayer": 39190,
      "trueDamageDealtToChampions": 5552,
      "trueDamageTaken": 262,
      "wardPlaced": 4,
      "neutralMinionsKilledEnemyJungle": 2,
      "neutralMinionsKilledYourJungle": 2,
      "totalTimeCrowdControlDealt": 88
    }
  },
  "25980395": {
    "gameId": 818170072,
    "invalid": false,
    "gameMode": "CLASSIC",
    "gameType": "MATCHED_GAME",
    "subType": "RANKED_SOLO_5x5",
    "mapId": 1,
    "teamId": 100,
    "championId": 412,
    "spell1": 4,
    "spell2": 14,
    "level": 30,
    "ipEarned": 0,
    "createDate": 1398243269708,
    "fellowPlayers": [
      {
        "summonerId": 23211398,
        "teamId": 200,
        "championId": 59
      },
      {
        "summonerId": 21287874,
        "teamId": 100,
        "championId": 16
      },
      {
        "summonerId": 23522527,
        "teamId": 100,
        "championId": 117
      },
      {
        "summonerId": 20006047,
        "teamId": 200,
        "championId": 104
      },
      {
        "summonerId": 19973775,
        "teamId": 200,
        "championId": 10
      },
      {
        "summonerId": 20041069,
        "teamId": 200,
        "championId": 103
      },
      {
        "summonerId": 28386823,
        "teamId": 200,
        "championId": 25
      },
      {
        "summonerId": 37065199,
        "teamId": 100,
        "championId": 19
      },
      {
        "summonerId": 21526331,
        "teamId": 100,
        "championId": 236
      }
    ],
    "stats": {
      "level": 4,
      "goldEarned": 5299,
      "championsKilled": 1,
      "goldSpent": 1420,
      "totalDamageDealt": 1824,
      "totalDamageTaken": 1082,
      "team": 100,
      "win": false,
      "largestMultiKill": 1,
      "physicalDamageDealtPlayer": 745,
      "magicDamageDealtPlayer": 969,
      "physicalDamageTaken": 763,
      "magicDamageTaken": 318,
      "timePlayed": 1794,
      "totalHeal": 170,
      "totalUnitsHealed": 1,
      "item0": 2044,
      "item1": 3301,
      "item2": 2049,
      "item3": 2003,
      "item6": 3341,
      "sightWardsBought": 2,
      "magicDamageDealtToChampions": 442,
      "physicalDamageDealtToChampions": 452,
      "totalDamageDealtToChampions": 1004,
      "trueDamageDealtPlayer": 110,
      "trueDamageDealtToChampions": 110,
      "totalTimeCrowdControlDealt": 18
    }
  },
  "19973775": {
    "gameId": 818170072,
    "invalid": false,
    "gameMode": "CLASSIC",
    "gameType": "MATCHED_GAME",
    "subType": "RANKED_SOLO_5x5",
    "mapId": 1,
    "teamId": 200,
    "championId": 10,
    "spell1": 4,
    "spell2": 14,
    "level": 30,
    "ipEarned": 85,
    "createDate": 1398243269712,
    "fellowPlayers": [
      {
        "summonerId": 23211398,
        "teamId": 200,
        "championId": 59
      },
      {
        "summonerId": 21287874,
        "teamId": 100,
        "championId": 16
      },
      {
        "summonerId": 23522527,
        "teamId": 100,
        "championId": 117
      },
      {
        "summonerId": 20006047,
        "teamId": 200,
        "championId": 104
      },
      {
        "summonerId": 20041069,
        "teamId": 200,
        "championId": 103
      },
      {
        "summonerId": 28386823,
        "teamId": 200,
        "championId": 25
      },
      {
        "summonerId": 37065199,
        "teamId": 100,
        "championId": 19
      },
      {
        "summonerId": 21526331,
        "teamId": 100,
        "championId": 236
      },
      {
        "summonerId": 25980395,
        "teamId": 100,
        "championId": 412
      }
    ],
    "stats": {
      "level": 16,
      "goldEarned": 11148,
      "numDeaths": 5,
      "turretsKilled": 2,
      "minionsKilled": 178,
      "championsKilled": 5,
      "goldSpent": 8205,
      "totalDamageDealt": 118004,
      "totalDamageTaken": 25589,
      "killingSprees": 1,
      "largestKillingSpree": 2,
      "team": 200,
      "win": true,
      "neutralMinionsKilled": 4,
      "largestMultiKill": 1,
      "physicalDamageDealtPlayer": 41011,
      "magicDamageDealtPlayer": 76233,
      "physicalDamageTaken": 8963,
      "magicDamageTaken": 15771,
      "timePlayed": 1794,
      "totalHeal": 11061,
      "totalUnitsHealed": 3,
      "assists": 8,
      "item0": 1056,
      "item1": 1056,
      "item2": 3020,
      "item3": 3115,
      "item4": 3100,
      "item6": 3340,
      "magicDamageDealtToChampions": 12385,
      "physicalDamageDealtToChampions": 5305,
      "totalDamageDealtToChampions": 18451,
      "trueDamageDealtPlayer": 760,
      "trueDamageDealtToChampions": 760,
      "trueDamageTaken": 854,
      "wardPlaced": 7,
      "neutralMinionsKilledEnemyJungle": 2,
      "neutralMinionsKilledYourJungle": 2,
      "totalTimeCrowdControlDealt": 127
    }
  },
  "23211398": {
    "gameId": 818170072,
    "invalid": false,
    "gameMode": "CLASSIC",
    "gameType": "MATCHED_GAME",
    "subType": "RANKED_SOLO_5x5",
    "mapId": 1,
    "teamId": 200,
    "championId": 59,
    "spell1": 4,
    "spell2": 11,
    "level": 30,
    "ipEarned": 85,
    "createDate": 1398243269715,
    "fellowPlayers": [
      {
        "summonerId": 21287874,
        "teamId": 100,
        "championId": 16
      },
      {
        "summonerId": 23522527,
        "teamId": 100,
        "championId": 117
      },
      {
        "summonerId": 20006047,
        "teamId": 200,
        "championId": 104
      },
      {
        "summonerId": 19973775,
        "teamId": 200,
        "championId": 10
      },
      {
        "summonerId": 20041069,
        "teamId": 200,
        "championId": 103
      },
      {
        "summonerId": 28386823,
        "teamId": 200,
        "championId": 25
      },
      {
        "summonerId": 37065199,
        "teamId": 100,
        "championId": 19
      },
      {
        "summonerId": 21526331,
        "teamId": 100,
        "championId": 236
      },
      {
        "summonerId": 25980395,
        "teamId": 100,
        "championId": 412
      }
    ],
    "stats": {
      "level": 15,
      "goldEarned": 9362,
      "numDeaths": 3,
      "minionsKilled": 11,
      "championsKilled": 6,
      "goldSpent": 9095,
      "totalDamageDealt": 107384,
      "totalDamageTaken": 20982,
      "killingSprees": 2,
      "largestKillingSpree": 4,
      "team": 200,
      "win": true,
      "neutralMinionsKilled": 84,
      "largestMultiKill": 1,
      "physicalDamageDealtPlayer": 82183,
      "magicDamageDealtPlayer": 13261,
      "physicalDamageTaken": 12786,
      "magicDamageTaken": 7989,
      "timePlayed": 1794,
      "totalHeal": 3942,
      "totalUnitsHealed": 1,
      "assists": 9,
      "item0": 3207,
      "item1": 3156,
      "item2": 1001,
      "item4": 3102,
      "item6": 3341,
      "sightWardsBought": 5,
      "visionWardsBought": 2,
      "magicDamageDealtToChampions": 1006,
      "physicalDamageDealtToChampions": 10999,
      "totalDamageDealtToChampions": 13025,
      "trueDamageDealtPlayer": 11940,
      "trueDamageDealtToChampions": 1020,
      "trueDamageTaken": 207,
      "wardKilled": 1,
      "wardPlaced": 9,
      "neutralMinionsKilledEnemyJungle": 1,
      "neutralMinionsKilledYourJungle": 83,
      "totalTimeCrowdControlDealt": 532
    }
  },
  "20006047": {
    "gameId": 818170072,
    "invalid": false,
    "gameMode": "CLASSIC",
    "gameType": "MATCHED_GAME",
    "subType": "RANKED_SOLO_5x5",
    "mapId": 1,
    "teamId": 200,
    "championId": 104,
    "spell1": 4,
    "spell2": 7,
    "level": 30,
    "ipEarned": 235,
    "createDate": 1398243269711,
    "fellowPlayers": [
      {
        "summonerId": 23211398,
        "teamId": 200,
        "championId": 59
      },
      {
        "summonerId": 21287874,
        "teamId": 100,
        "championId": 16
      },
      {
        "summonerId": 23522527,
        "teamId": 100,
        "championId": 117
      },
      {
        "summonerId": 19973775,
        "teamId": 200,
        "championId": 10
      },
      {
        "summonerId": 20041069,
        "teamId": 200,
        "championId": 103
      },
      {
        "summonerId": 28386823,
        "teamId": 200,
        "championId": 25
      },
      {
        "summonerId": 37065199,
        "teamId": 100,
        "championId": 19
      },
      {
        "summonerId": 21526331,
        "teamId": 100,
        "championId": 236
      },
      {
        "summonerId": 25980395,
        "teamId": 100,
        "championId": 412
      }
    ],
    "stats": {
      "level": 15,
      "goldEarned": 10860,
      "numDeaths": 2,
      "turretsKilled": 2,
      "minionsKilled": 212,
      "championsKilled": 3,
      "goldSpent": 8825,
      "totalDamageDealt": 119077,
      "totalDamageTaken": 14213,
      "doubleKills": 1,
      "killingSprees": 1,
      "largestKillingSpree": 2,
      "team": 200,
      "win": true,
      "neutralMinionsKilled": 6,
      "largestMultiKill": 2,
      "physicalDamageDealtPlayer": 117608,
      "magicDamageDealtPlayer": 922,
      "physicalDamageTaken": 7897,
      "magicDamageTaken": 5890,
      "largestCriticalStrike": 506,
      "timePlayed": 1794,
      "totalHeal": 2298,
      "totalUnitsHealed": 3,
      "assists": 7,
      "item0": 1055,
      "item1": 3072,
      "item2": 3006,
      "item3": 1037,
      "item4": 3046,
      "item5": 1036,
      "item6": 3340,
      "sightWardsBought": 1,
      "magicDamageDealtToChampions": 518,
      "physicalDamageDealtToChampions": 12241,
      "totalDamageDealtToChampions": 12760,
      "trueDamageDealtPlayer": 546,
      "trueDamageTaken": 426,
      "wardPlaced": 6,
      "neutralMinionsKilledEnemyJungle": 6,
      "totalTimeCrowdControlDealt": 186
    }
  },
  "28386823": {
    "gameId": 818170072,
    "invalid": false,
    "gameMode": "CLASSIC",
    "gameType": "MATCHED_GAME",
    "subType": "RANKED_SOLO_5x5",
    "mapId": 1,
    "teamId": 200,
    "championId": 25,
    "spell1": 7,
    "spell2": 4,
    "level": 30,
    "ipEarned": 235,
    "createDate": 1398243269713,
    "fellowPlayers": [
      {
        "summonerId": 23211398,
        "teamId": 200,
        "championId": 59
      },
      {
        "summonerId": 21287874,
        "teamId": 100,
        "championId": 16
      },
      {
        "summonerId": 23522527,
        "teamId": 100,
        "championId": 117
      },
      {
        "summonerId": 20006047,
        "teamId": 200,
        "championId": 104
      },
      {
        "summonerId": 19973775,
        "teamId": 200,
        "championId": 10
      },
      {
        "summonerId": 20041069,
        "teamId": 200,
        "championId": 103
      },
      {
        "summonerId": 37065199,
        "teamId": 100,
        "championId": 19
      },
      {
        "summonerId": 21526331,
        "teamId": 100,
        "championId": 236
      },
      {
        "summonerId": 25980395,
        "teamId": 100,
        "championId": 412
      }
    ],
    "stats": {
      "level": 13,
      "goldEarned": 8341,
      "numDeaths": 2,
      "minionsKilled": 11,
      "goldSpent": 7430,
      "totalDamageDealt": 22470,
      "totalDamageTaken": 12988,
      "team": 200,
      "win": true,
      "neutralMinionsKilled": 2,
      "physicalDamageDealtPlayer": 6023,
      "magicDamageDealtPlayer": 16446,
      "physicalDamageTaken": 7061,
      "magicDamageTaken": 5650,
      "timePlayed": 1794,
      "totalHeal": 2220,
      "totalUnitsHealed": 3,
      "assists": 14,
      "item0": 2045,
      "item1": 2010,
      "item2": 3092,
      "item4": 3111,
      "item5": 3211,
      "item6": 3341,
      "sightWardsBought": 1,
      "visionWardsBought": 2,
      "magicDamageDealtToChampions": 8232,
      "physicalDamageDealtToChampions": 1332,
      "totalDamageDealtToChampions": 9564,
      "trueDamageTaken": 277,
      "wardKilled": 1,
      "wardPlaced": 21,
      "neutralMinionsKilledYourJungle": 2,
      "totalTimeCrowdControlDealt": 104
    }
  }
}