{
  "25526429": {
    "gameId": 818168552,
    "invalid": false,
    "gameMode": "CLASSIC",
    "gameType": "MATCHED_GAME",
    "subType": "RANKED_SOLO_5x5",
    "mapId": 1,
    "teamId": 200,
    "championId": 40,
    "spell1": 4,
    "spell2": 14,
    "level": 30,
    "ipEarned": 64,
    "createDate": 1398242890895,
    "fellowPlayers": [
      {
        "summonerId": 20735180,
        "teamId": 100,
        "championId": 12
      },
      {
        "summonerId": 29062356,
        "teamId": 200,
        "championId": 11
      },
      {
        "summonerId": 22890067,
        "teamId": 200,
        "championId": 29
      },
      {
        "summonerId": 21039555,
        "teamId": 200,
        "championId": 134
      },
      {
        "summonerId": 21827087,
        "teamId": 100,
        "championId": 236
      },
      {
        "summonerId": 22328172,
        "teamId": 100,
        "championId": 38
      },
      {
        "summonerId": 37647190,
        "teamId": 200,
        "championId": 23
      },
      {
        "summonerId": 26793010,
        "teamId": 100,
        "championId": 24
      },
      {
        "summonerId": 24183771,
        "teamId": 100,
        "championId": 121
      }
    ],
    "stats": {
      "level": 14,
      "goldEarned": 9239,
      "numDeaths": 6,
      "minionsKilled": 19,
      "championsKilled": 2,
      "goldSpent": 8580,
      "totalDamageDealt": 20368,
      "totalDamageTaken": 21033,
      "killingSprees": 1,
      "largestKillingSpree": 2,
      "team": 200,
      "win": false,
      "largestMultiKill": 1,
      "physicalDamageDealtPlayer": 7084,
      "magicDamageDealtPlayer": 12268,
      "physicalDamageTaken": 12462,
      "magicDamageTaken": 7737,
      "timePlayed": 2057,
      "totalHeal": 6401,
      "totalUnitsHealed": 10,
      "assists": 6,
      "item0": 3157,
      "item1": 2049,
      "item2": 3069,
      "item3": 3117,
      "item4": 1011,
      "item6": 3341,
      "visionWardsBought": 1,
      "magicDamageDealtToChampions": 3530,
      "physicalDamageDealtToChampions": 1598,
      "totalDamageDealtToChampions": 6145,
      "trueDamageDealtPlayer": 1016,
      "trueDamageDealtToChampions": 1016,
      "trueDamageTaken": 833,
      "wardKilled": 4,
      "wardPlaced": 25,
      "totalTimeCrowdControlDealt": 182
    }
  },
  "summonerCount": 10,
  "20735180": {
    "gameId": 818168552,
    "invalid": false,
    "gameMode": "CLASSIC",
    "gameType": "MATCHED_GAME",
    "subType": "RANKED_SOLO_5x5",
    "mapId": 1,
    "teamId": 100,
    "championId": 12,
    "spell1": 3,
    "spell2": 4,
    "level": 30,
    "ipEarned": 246,
    "createDate": 1398242890887,
    "fellowPlayers": [
      {
        "summonerId": 29062356,
        "teamId": 200,
        "championId": 11
      },
      {
        "summonerId": 22890067,
        "teamId": 200,
        "championId": 29
      },
      {
        "summonerId": 21039555,
        "teamId": 200,
        "championId": 134
      },
      {
        "summonerId": 21827087,
        "teamId": 100,
        "championId": 236
      },
      {
        "summonerId": 22328172,
        "teamId": 100,
        "championId": 38
      },
      {
        "summonerId": 25526429,
        "teamId": 200,
        "championId": 40
      },
      {
        "summonerId": 37647190,
        "teamId": 200,
        "championId": 23
      },
      {
        "summonerId": 26793010,
        "teamId": 100,
        "championId": 24
      },
      {
        "summonerId": 24183771,
        "teamId": 100,
        "championId": 121
      }
    ],
    "stats": {
      "level": 17,
      "goldEarned": 10373,
      "numDeaths": 4,
      "turretsKilled": 1,
      "minionsKilled": 16,
      "goldSpent": 8750,
      "totalDamageDealt": 25690,
      "totalDamageTaken": 23594,
      "team": 100,
      "win": true,
      "physicalDamageDealtPlayer": 9654,
      "magicDamageDealtPlayer": 16036,
      "physicalDamageTaken": 16804,
      "magicDamageTaken": 4527,
      "timePlayed": 2057,
      "totalHeal": 17591,
      "totalUnitsHealed": 43,
      "assists": 16,
      "item0": 3222,
      "item1": 3069,
      "item2": 2045,
      "item3": 3047,
      "item4": 3024,
      "item5": 3082,
      "item6": 3341,
      "sightWardsBought": 3,
      "magicDamageDealtToChampions": 3773,
      "physicalDamageDealtToChampions": 1185,
      "totalDamageDealtToChampions": 4958,
      "trueDamageTaken": 2262,
      "wardKilled": 1,
      "wardPlaced": 24,
      "totalTimeCrowdControlDealt": 140
    }
  },
  "37647190": {
    "gameId": 818168552,
    "invalid": false,
    "gameMode": "CLASSIC",
    "gameType": "MATCHED_GAME",
    "subType": "RANKED_SOLO_5x5",
    "mapId": 1,
    "teamId": 200,
    "championId": 23,
    "spell1": 14,
    "spell2": 6,
    "level": 30,
    "ipEarned": 64,
    "createDate": 1398242890894,
    "fellowPlayers": [
      {
        "summonerId": 20735180,
        "teamId": 100,
        "championId": 12
      },
      {
        "summonerId": 29062356,
        "teamId": 200,
        "championId": 11
      },
      {
        "summonerId": 22890067,
        "teamId": 200,
        "championId": 29
      },
      {
        "summonerId": 21039555,
        "teamId": 200,
        "championId": 134
      },
      {
        "summonerId": 21827087,
        "teamId": 100,
        "championId": 236
      },
      {
        "summonerId": 22328172,
        "teamId": 100,
        "championId": 38
      },
      {
        "summonerId": 25526429,
        "teamId": 200,
        "championId": 40
      },
      {
        "summonerId": 26793010,
        "teamId": 100,
        "championId": 24
      },
      {
        "summonerId": 24183771,
        "teamId": 100,
        "championId": 121
      }
    ],
    "stats": {
      "level": 16,
      "goldEarned": 11321,
      "numDeaths": 11,
      "turretsKilled": 4,
      "minionsKilled": 213,
      "championsKilled": 2,
      "goldSpent": 11030,
      "totalDamageDealt": 155010,
      "totalDamageTaken": 37509,
      "team": 200,
      "win": false,
      "neutralMinionsKilled": 14,
      "largestMultiKill": 1,
      "physicalDamageDealtPlayer": 139310,
      "magicDamageDealtPlayer": 14723,
      "physicalDamageTaken": 26738,
      "magicDamageTaken": 9750,
      "largestCriticalStrike": 535,
      "timePlayed": 2057,
      "totalHeal": 6594,
      "totalUnitsHealed": 1,
      "assists": 2,
      "item0": 3006,
      "item1": 3153,
      "item2": 3031,
      "item3": 3087,
      "item6": 3340,
      "magicDamageDealtToChampions": 954,
      "physicalDamageDealtToChampions": 12012,
      "totalDamageDealtToChampions": 13943,
      "trueDamageDealtPlayer": 976,
      "trueDamageDealtToChampions": 976,
      "trueDamageTaken": 1021,
      "wardPlaced": 5,
      "neutralMinionsKilledEnemyJungle": 2,
      "neutralMinionsKilledYourJungle": 12,
      "totalTimeCrowdControlDealt": 64
    }
  },
  "21827087": {
    "gameId": 818168552,
    "invalid": false,
    "gameMode": "CLASSIC",
    "gameType": "MATCHED_GAME",
    "subType": "RANKED_SOLO_5x5",
    "mapId": 1,
    "teamId": 100,
    "championId": 236,
    "spell1": 7,
    "spell2": 4,
    "level": 30,
    "ipEarned": 246,
    "createDate": 1398242890891,
    "fellowPlayers": [
      {
        "summonerId": 20735180,
        "teamId": 100,
        "championId": 12
      },
      {
        "summonerId": 29062356,
        "teamId": 200,
        "championId": 11
      },
      {
        "summonerId": 22890067,
        "teamId": 200,
        "championId": 29
      },
      {
        "summonerId": 21039555,
        "teamId": 200,
        "championId": 134
      },
      {
        "summonerId": 22328172,
        "teamId": 100,
        "championId": 38
      },
      {
        "summonerId": 25526429,
        "teamId": 200,
        "championId": 40
      },
      {
        "summonerId": 37647190,
        "teamId": 200,
        "championId": 23
      },
      {
        "summonerId": 26793010,
        "teamId": 100,
        "championId": 24
      },
      {
        "summonerId": 24183771,
        "teamId": 100,
        "championId": 121
      }
    ],
    "stats": {
      "level": 17,
      "goldEarned": 14100,
      "numDeaths": 3,
      "barracksKilled": 1,
      "turretsKilled": 3,
      "minionsKilled": 259,
      "championsKilled": 6,
      "goldSpent": 9850,
      "totalDamageDealt": 174087,
      "totalDamageTaken": 17910,
      "killingSprees": 2,
      "largestKillingSpree": 3,
      "team": 100,
      "win": true,
      "neutralMinionsKilled": 9,
      "largestMultiKill": 1,
      "physicalDamageDealtPlayer": 151001,
      "magicDamageDealtPlayer": 22277,
      "physicalDamageTaken": 10826,
      "magicDamageTaken": 5893,
      "largestCriticalStrike": 527,
      "timePlayed": 2057,
      "totalHeal": 2442,
      "totalUnitsHealed": 2,
      "assists": 5,
      "item0": 3035,
      "item1": 3072,
      "item2": 1055,
      "item3": 3006,
      "item4": 3046,
      "item6": 3340,
      "magicDamageDealtToChampions": 2131,
      "physicalDamageDealtToChampions": 17537,
      "totalDamageDealtToChampions": 19936,
      "trueDamageDealtPlayer": 808,
      "trueDamageDealtToChampions": 268,
      "trueDamageTaken": 1190,
      "wardKilled": 1,
      "wardPlaced": 5,
      "neutralMinionsKilledYourJungle": 9,
      "totalTimeCrowdControlDealt": 132
    }
  },
  "26793010": {
    "gameId": 818168552,
    "invalid": false,
    "gameMode": "CLASSIC",
    "gameType": "MATCHED_GAME",
    "subType": "RANKED_SOLO_5x5",
    "mapId": 1,
    "teamId": 100,
    "championId": 24,
    "spell1": 4,
    "spell2": 14,
    "level": 30,
    "ipEarned": 246,
    "createDate": 1398242890889,
    "fellowPlayers": [
      {
        "summonerId": 20735180,
        "teamId": 100,
        "championId": 12
      },
      {
        "summonerId": 29062356,
        "teamId": 200,
        "championId": 11
      },
      {
        "summonerId": 22890067,
        "teamId": 200,
        "championId": 29
      },
      {
        "summonerId": 21039555,
        "teamId": 200,
        "championId": 134
      },
      {
        "summonerId": 21827087,
        "teamId": 100,
        "championId": 236
      },
      {
        "summonerId": 22328172,
        "teamId": 100,
        "championId": 38
      },
      {
        "summonerId": 25526429,
        "teamId": 200,
        "championId": 40
      },
      {
        "summonerId": 37647190,
        "teamId": 200,
        "championId": 23
      },
      {
        "summonerId": 24183771,
        "teamId": 100,
        "championId": 121
      }
    ],
    "stats": {
      "level": 18,
      "goldEarned": 14933,
      "numDeaths": 8,
      "turretsKilled": 2,
      "minionsKilled": 186,
      "championsKilled": 12,
      "goldSpent": 13243,
      "totalDamageDealt": 143873,
      "totalDamageTaken": 32895,
      "doubleKills": 1,
      "killingSprees": 3,
      "largestKillingSpree": 4,
      "team": 100,
      "win": true,
      "neutralMinionsKilled": 4,
      "largestMultiKill": 2,
      "physicalDamageDealtPlayer": 117123,
      "magicDamageDealtPlayer": 25144,
      "physicalDamageTaken": 21915,
      "magicDamageTaken": 7832,
      "largestCriticalStrike": 395,
      "timePlayed": 2057,
      "totalHeal": 1456,
      "totalUnitsHealed": 1,
      "assists": 9,
      "item0": 3153,
      "item1": 3143,
      "item2": 3078,
      "item3": 1029,
      "item4": 3260,
      "item5": 1031,
      "item6": 3340,
      "sightWardsBought": 1,
      "magicDamageDealtToChampions": 5707,
      "physicalDamageDealtToChampions": 21699,
      "totalDamageDealtToChampions": 28772,
      "trueDamageDealtPlayer": 1605,
      "trueDamageDealtToChampions": 1365,
      "trueDamageTaken": 3148,
      "wardPlaced": 10,
      "neutralMinionsKilledEnemyJungle": 4,
      "totalTimeCrowdControlDealt": 243
    }
  },
  "22890067": {
    "gameId": 818168552,
    "invalid": false,
    "gameMode": "CLASSIC",
    "gameType": "MATCHED_GAME",
    "subType": "RANKED_SOLO_5x5",
    "mapId": 1,
    "teamId": 200,
    "championId": 29,
    "spell1": 7,
    "spell2": 4,
    "level": 30,
    "ipEarned": 64,
    "createDate": 1398242890896,
    "fellowPlayers": [
      {
        "summonerId": 20735180,
        "teamId": 100,
        "championId": 12
      },
      {
        "summonerId": 29062356,
        "teamId": 200,
        "championId": 11
      },
      {
        "summonerId": 21039555,
        "teamId": 200,
        "championId": 134
      },
      {
        "summonerId": 21827087,
        "teamId": 100,
        "championId": 236
      },
      {
        "summonerId": 22328172,
        "teamId": 100,
        "championId": 38
      },
      {
        "summonerId": 25526429,
        "teamId": 200,
        "championId": 40
      },
      {
        "summonerId": 37647190,
        "teamId": 200,
        "championId": 23
      },
      {
        "summonerId": 26793010,
        "teamId": 100,
        "championId": 24
      },
      {
        "summonerId": 24183771,
        "teamId": 100,
        "championId": 121
      }
    ],
    "stats": {
      "level": 16,
      "goldEarned": 13584,
      "numDeaths": 8,
      "turretsKilled": 3,
      "minionsKilled": 170,
      "championsKilled": 10,
      "goldSpent": 13280,
      "totalDamageDealt": 99140,
      "totalDamageTaken": 24649,
      "doubleKills": 2,
      "killingSprees": 3,
      "largestKillingSpree": 3,
      "team": 200,
      "win": false,
      "neutralMinionsKilled": 8,
      "largestMultiKill": 2,
      "physicalDamageDealtPlayer": 90004,
      "magicDamageDealtPlayer": 1629,
      "physicalDamageTaken": 17447,
      "magicDamageTaken": 6891,
      "largestCriticalStrike": 661,
      "timePlayed": 2057,
      "totalHeal": 4554,
      "totalUnitsHealed": 3,
      "assists": 6,
      "item0": 3153,
      "item1": 3006,
      "item2": 1055,
      "item3": 3031,
      "item4": 3087,
      "item5": 3035,
      "item6": 3340,
      "magicDamageDealtToChampions": 858,
      "physicalDamageDealtToChampions": 21871,
      "totalDamageDealtToChampions": 27424,
      "trueDamageDealtPlayer": 7506,
      "trueDamageDealtToChampions": 4694,
      "trueDamageTaken": 311,
      "wardPlaced": 5,
      "neutralMinionsKilledEnemyJungle": 3,
      "neutralMinionsKilledYourJungle": 5,
      "totalTimeCrowdControlDealt": 377
    }
  },
  "22328172": {
    "gameId": 818168552,
    "invalid": false,
    "gameMode": "CLASSIC",
    "gameType": "MATCHED_GAME",
    "subType": "RANKED_SOLO_5x5",
    "mapId": 1,
    "teamId": 100,
    "championId": 38,
    "spell1": 14,
    "spell2": 4,
    "level": 30,
    "ipEarned": 96,
    "createDate": 1398242890890,
    "fellowPlayers": [
      {
        "summonerId": 20735180,
        "teamId": 100,
        "championId": 12
      },
      {
        "summonerId": 29062356,
        "teamId": 200,
        "championId": 11
      },
      {
        "summonerId": 22890067,
        "teamId": 200,
        "championId": 29
      },
      {
        "summonerId": 21039555,
        "teamId": 200,
        "championId": 134
      },
      {
        "summonerId": 21827087,
        "teamId": 100,
        "championId": 236
      },
      {
        "summonerId": 25526429,
        "teamId": 200,
        "championId": 40
      },
      {
        "summonerId": 37647190,
        "teamId": 200,
        "championId": 23
      },
      {
        "summonerId": 26793010,
        "teamId": 100,
        "championId": 24
      },
      {
        "summonerId": 24183771,
        "teamId": 100,
        "championId": 121
      }
    ],
    "stats": {
      "level": 18,
      "goldEarned": 13122,
      "numDeaths": 3,
      "barracksKilled": 1,
      "turretsKilled": 1,
      "minionsKilled": 176,
      "championsKilled": 9,
      "goldSpent": 11225,
      "totalDamageDealt": 121461,
      "totalDamageTaken": 27503,
      "doubleKills": 2,
      "killingSprees": 2,
      "largestKillingSpree": 5,
      "team": 100,
      "win": true,
      "neutralMinionsKilled": 8,
      "largestMultiKill": 2,
      "physicalDamageDealtPlayer": 28720,
      "magicDamageDealtPlayer": 91180,
      "physicalDamageTaken": 17392,
      "magicDamageTaken": 7562,
      "timePlayed": 2057,
      "totalHeal": 1034,
      "totalUnitsHealed": 1,
      "assists": 8,
      "item0": 3157,
      "item1": 2041,
      "item2": 3027,
      "item3": 3255,
      "item4": 3100,
      "item6": 3340,
      "magicDamageDealtToChampions": 23532,
      "physicalDamageDealtToChampions": 2130,
      "totalDamageDealtToChampions": 26801,
      "trueDamageDealtPlayer": 1560,
      "trueDamageDealtToChampions": 1138,
      "trueDamageTaken": 2549,
      "wardPlaced": 8,
      "neutralMinionsKilledEnemyJungle": 2,
      "neutralMinionsKilledYourJungle": 6,
      "totalTimeCrowdControlDealt": 523
    }
  },
  "24183771": {
    "gameId": 818168552,
    "invalid": false,
    "gameMode": "CLASSIC",
    "gameType": "MATCHED_GAME",
    "subType": "RANKED_SOLO_5x5",
    "mapId": 1,
    "teamId": 100,
    "championId": 121,
    "spell1": 11,
    "spell2": 4,
    "level": 30,
    "ipEarned": 246,
    "createDate": 1398242890888,
    "fellowPlayers": [
      {
        "summonerId": 20735180,
        "teamId": 100,
        "championId": 12
      },
      {
        "summonerId": 29062356,
        "teamId": 200,
        "championId": 11
      },
      {
        "summonerId": 22890067,
        "teamId": 200,
        "championId": 29
      },
      {
        "summonerId": 21039555,
        "teamId": 200,
        "championId": 134
      },
      {
        "summonerId": 21827087,
        "teamId": 100,
        "championId": 236
      },
      {
        "summonerId": 22328172,
        "teamId": 100,
        "championId": 38
      },
      {
        "summonerId": 25526429,
        "teamId": 200,
        "championId": 40
      },
      {
        "summonerId": 37647190,
        "teamId": 200,
        "championId": 23
      },
      {
        "summonerId": 26793010,
        "teamId": 100,
        "championId": 24
      }
    ],
    "stats": {
      "level": 18,
      "goldEarned": 15117,
      "numDeaths": 5,
      "minionsKilled": 53,
      "championsKilled": 10,
      "goldSpent": 13622,
      "totalDamageDealt": 202669,
      "totalDamageTaken": 32581,
      "killingSprees": 1,
      "largestKillingSpree": 6,
      "team": 100,
      "win": true,
      "neutralMinionsKilled": 119,
      "largestMultiKill": 1,
      "physicalDamageDealtPlayer": 172468,
      "magicDamageDealtPlayer": 6491,
      "physicalDamageTaken": 25808,
      "magicDamageTaken": 3752,
      "timePlayed": 2057,
      "totalHeal": 12243,
      "totalUnitsHealed": 1,
      "assists": 11,
      "item0": 3209,
      "item1": 3143,
      "item2": 3075,
      "item3": 3156,
      "item4": 3134,
      "item5": 3260,
      "item6": 3341,
      "visionWardsBought": 2,
      "magicDamageDealtToChampions": 3809,
      "physicalDamageDealtToChampions": 22001,
      "totalDamageDealtToChampions": 27773,
      "trueDamageDealtPlayer": 23709,
      "trueDamageDealtToChampions": 1962,
      "trueDamageTaken": 3020,
      "wardKilled": 1,
      "wardPlaced": 1,
      "neutralMinionsKilledEnemyJungle": 16,
      "neutralMinionsKilledYourJungle": 103,
      "totalTimeCrowdControlDealt": 919
    }
  },
  "21039555": {
    "gameId": 818168552,
    "invalid": false,
    "gameMode": "CLASSIC",
    "gameType": "MATCHED_GAME",
    "subType": "RANKED_SOLO_5x5",
    "mapId": 1,
    "teamId": 200,
    "championId": 134,
    "spell1": 14,
    "spell2": 4,
    "level": 30,
    "ipEarned": 64,
    "createDate": 1398242890892,
    "fellowPlayers": [
      {
        "summonerId": 20735180,
        "teamId": 100,
        "championId": 12
      },
      {
        "summonerId": 29062356,
        "teamId": 200,
        "championId": 11
      },
      {
        "summonerId": 22890067,
        "teamId": 200,
        "championId": 29
      },
      {
        "summonerId": 21827087,
        "teamId": 100,
        "championId": 236
      },
      {
        "summonerId": 22328172,
        "teamId": 100,
        "championId": 38
      },
      {
        "summonerId": 25526429,
        "teamId": 200,
        "championId": 40
      },
      {
        "summonerId": 37647190,
        "teamId": 200,
        "championId": 23
      },
      {
        "summonerId": 26793010,
        "teamId": 100,
        "championId": 24
      },
      {
        "summonerId": 24183771,
        "teamId": 100,
        "championId": 121
      }
    ],
    "stats": {
      "level": 17,
      "goldEarned": 10789,
      "numDeaths": 4,
      "minionsKilled": 192,
      "goldSpent": 10185,
      "totalDamageDealt": 153695,
      "totalDamageTaken": 16581,
      "team": 200,
      "win": false,
      "neutralMinionsKilled": 8,
      "physicalDamageDealtPlayer": 14705,
      "magicDamageDealtPlayer": 138141,
      "physicalDamageTaken": 8435,
      "magicDamageTaken": 7343,
      "timePlayed": 2057,
      "totalHeal": 600,
      "totalUnitsHealed": 1,
      "assists": 8,
      "item0": 1056,
      "item1": 3174,
      "item2": 3265,
      "item3": 3089,
      "item4": 1052,
      "item5": 1058,
      "item6": 3340,
      "magicDamageDealtToChampions": 22113,
      "physicalDamageDealtToChampions": 1186,
      "totalDamageDealtToChampions": 24148,
      "trueDamageDealtPlayer": 848,
      "trueDamageDealtToChampions": 848,
      "trueDamageTaken": 802,
      "wardPlaced": 11,
      "neutralMinionsKilledYourJungle": 8,
      "totalTimeCrowdControlDealt": 339
    }
  },
  "25526429": {
    "gameId": 818168552,
    "invalid": false,
    "gameMode": "CLASSIC",
    "gameType": "MATCHED_GAME",
    "subType": "RANKED_SOLO_5x5",
    "mapId": 1,
    "teamId": 200,
    "championId": 40,
    "spell1": 4,
    "spell2": 14,
    "level": 30,
    "ipEarned": 64,
    "createDate": 1398242890895,
    "fellowPlayers": [
      {
        "summonerId": 20735180,
        "teamId": 100,
        "championId": 12
      },
      {
        "summonerId": 29062356,
        "teamId": 200,
        "championId": 11
      },
      {
        "summonerId": 22890067,
        "teamId": 200,
        "championId": 29
      },
      {
        "summonerId": 21039555,
        "teamId": 200,
        "championId": 134
      },
      {
        "summonerId": 21827087,
        "teamId": 100,
        "championId": 236
      },
      {
        "summonerId": 22328172,
        "teamId": 100,
        "championId": 38
      },
      {
        "summonerId": 37647190,
        "teamId": 200,
        "championId": 23
      },
      {
        "summonerId": 26793010,
        "teamId": 100,
        "championId": 24
      },
      {
        "summonerId": 24183771,
        "teamId": 100,
        "championId": 121
      }
    ],
    "stats": {
      "level": 14,
      "goldEarned": 9239,
      "numDeaths": 6,
      "minionsKilled": 19,
      "championsKilled": 2,
      "goldSpent": 8580,
      "totalDamageDealt": 20368,
      "totalDamageTaken": 21033,
      "killingSprees": 1,
      "largestKillingSpree": 2,
      "team": 200,
      "win": false,
      "largestMultiKill": 1,
      "physicalDamageDealtPlayer": 7084,
      "magicDamageDealtPlayer": 12268,
      "physicalDamageTaken": 12462,
      "magicDamageTaken": 7737,
      "timePlayed": 2057,
      "totalHeal": 6401,
      "totalUnitsHealed": 10,
      "assists": 6,
      "item0": 3157,
      "item1": 2049,
      "item2": 3069,
      "item3": 3117,
      "item4": 1011,
      "item6": 3341,
      "visionWardsBought": 1,
      "magicDamageDealtToChampions": 3530,
      "physicalDamageDealtToChampions": 1598,
      "totalDamageDealtToChampions": 6145,
      "trueDamageDealtPlayer": 1016,
      "trueDamageDealtToChampions": 1016,
      "trueDamageTaken": 833,
      "wardKilled": 4,
      "wardPlaced": 25,
      "totalTimeCrowdControlDealt": 182
    }
  }
}