{
  "33777610": {
    "gameId": 818170075,
    "invalid": false,
    "gameMode": "CLASSIC",
    "gameType": "MATCHED_GAME",
    "subType": "RANKED_SOLO_5x5",
    "mapId": 1,
    "teamId": 200,
    "championId": 412,
    "spell1": 3,
    "spell2": 14,
    "level": 30,
    "ipEarned": 85,
    "createDate": 1398244447864,
    "fellowPlayers": [
      {
        "summonerId": 24668062,
        "teamId": 200,
        "championId": 98
      },
      {
        "summonerId": 31786126,
        "teamId": 200,
        "championId": 28
      },
      {
        "summonerId": 33297096,
        "teamId": 100,
        "championId": 81
      },
      {
        "summonerId": 20406893,
        "teamId": 200,
        "championId": 1
      },
      {
        "summonerId": 34466121,
        "teamId": 200,
        "championId": 236
      },
      {
        "summonerId": 32103384,
        "teamId": 100,
        "championId": 53
      },
      {
        "summonerId": 29343562,
        "teamId": 100,
        "championId": 50
      },
      {
        "summonerId": 22863023,
        "teamId": 100,
        "championId": 32
      },
      {
        "summonerId": 33442442,
        "teamId": 100,
        "championId": 64
      }
    ],
    "stats": {
      "level": 16,
      "goldEarned": 11879,
      "numDeaths": 12,
      "turretsKilled": 1,
      "minionsKilled": 35,
      "championsKilled": 5,
      "goldSpent": 10885,
      "totalDamageDealt": 54331,
      "totalDamageTaken": 37032,
      "doubleKills": 1,
      "killingSprees": 1,
      "largestKillingSpree": 2,
      "team": 200,
      "win": false,
      "neutralMinionsKilled": 2,
      "largestMultiKill": 2,
      "physicalDamageDealtPlayer": 11286,
      "magicDamageDealtPlayer": 42166,
      "physicalDamageTaken": 17206,
      "magicDamageTaken": 18846,
      "timePlayed": 2976,
      "totalHeal": 2669,
      "totalUnitsHealed": 3,
      "assists": 12,
      "item0": 3068,
      "item1": 3069,
      "item2": 3222,
      "item3": 2049,
      "item4": 3075,
      "item5": 3047,
      "item6": 3340,
      "sightWardsBought": 2,
      "magicDamageDealtToChampions": 16357,
      "physicalDamageDealtToChampions": 1997,
      "totalDamageDealtToChampions": 19232,
      "trueDamageDealtPlayer": 877,
      "trueDamageDealtToChampions": 877,
      "trueDamageTaken": 979,
      "wardPlaced": 13,
      "neutralMinionsKilledYourJungle": 2,
      "totalTimeCrowdControlDealt": 184
    }
  },
  "summonerCount": 10,
  "29343562": {
    "gameId": 818170075,
    "invalid": false,
    "gameMode": "CLASSIC",
    "gameType": "MATCHED_GAME",
    "subType": "RANKED_SOLO_5x5",
    "mapId": 1,
    "teamId": 100,
    "championId": 50,
    "spell1": 14,
    "spell2": 6,
    "level": 30,
    "ipEarned": 131,
    "createDate": 1398244447855,
    "fellowPlayers": [
      {
        "summonerId": 24668062,
        "teamId": 200,
        "championId": 98
      },
      {
        "summonerId": 31786126,
        "teamId": 200,
        "championId": 28
      },
      {
        "summonerId": 33297096,
        "teamId": 100,
        "championId": 81
      },
      {
        "summonerId": 20406893,
        "teamId": 200,
        "championId": 1
      },
      {
        "summonerId": 34466121,
        "teamId": 200,
        "championId": 236
      },
      {
        "summonerId": 32103384,
        "teamId": 100,
        "championId": 53
      },
      {
        "summonerId": 33777610,
        "teamId": 200,
        "championId": 412
      },
      {
        "summonerId": 22863023,
        "teamId": 100,
        "championId": 32
      },
      {
        "summonerId": 33442442,
        "teamId": 100,
        "championId": 64
      }
    ],
    "stats": {
      "level": 18,
      "goldEarned": 19003,
      "numDeaths": 14,
      "turretsKilled": 1,
      "minionsKilled": 292,
      "championsKilled": 13,
      "goldSpent": 17390,
      "totalDamageDealt": 231898,
      "totalDamageTaken": 61579,
      "doubleKills": 1,
      "tripleKills": 1,
      "killingSprees": 4,
      "largestKillingSpree": 4,
      "team": 100,
      "win": true,
      "neutralMinionsKilled": 9,
      "largestMultiKill": 3,
      "physicalDamageDealtPlayer": 35365,
      "magicDamageDealtPlayer": 194028,
      "physicalDamageTaken": 24566,
      "magicDamageTaken": 36382,
      "timePlayed": 2976,
      "totalHeal": 20892,
      "totalUnitsHealed": 1,
      "assists": 3,
      "item0": 3089,
      "item1": 3116,
      "item2": 3027,
      "item3": 3255,
      "item4": 3135,
      "item5": 3151,
      "item6": 3340,
      "magicDamageDealtToChampions": 44078,
      "physicalDamageDealtToChampions": 1514,
      "totalDamageDealtToChampions": 48097,
      "trueDamageDealtPlayer": 2504,
      "trueDamageDealtToChampions": 2504,
      "trueDamageTaken": 629,
      "wardPlaced": 5,
      "neutralMinionsKilledEnemyJungle": 3,
      "neutralMinionsKilledYourJungle": 6,
      "totalTimeCrowdControlDealt": 910
    }
  },
  "20406893": {
    "gameId": 818170075,
    "invalid": false,
    "gameMode": "CLASSIC",
    "gameType": "MATCHED_GAME",
    "subType": "RANKED_SOLO_5x5",
    "mapId": 1,
    "teamId": 200,
    "championId": 1,
    "spell1": 4,
    "spell2": 7,
    "level": 30,
    "ipEarned": 85,
    "createDate": 1398244447861,
    "fellowPlayers": [
      {
        "summonerId": 24668062,
        "teamId": 200,
        "championId": 98
      },
      {
        "summonerId": 31786126,
        "teamId": 200,
        "championId": 28
      },
      {
        "summonerId": 33297096,
        "teamId": 100,
        "championId": 81
      },
      {
        "summonerId": 34466121,
        "teamId": 200,
        "championId": 236
      },
      {
        "summonerId": 32103384,
        "teamId": 100,
        "championId": 53
      },
      {
        "summonerId": 29343562,
        "teamId": 100,
        "championId": 50
      },
      {
        "summonerId": 33777610,
        "teamId": 200,
        "championId": 412
      },
      {
        "summonerId": 22863023,
        "teamId": 100,
        "championId": 32
      },
      {
        "summonerId": 33442442,
        "teamId": 100,
        "championId": 64
      }
    ],
    "stats": {
      "level": 18,
      "goldEarned": 17744,
      "numDeaths": 8,
      "minionsKilled": 182,
      "championsKilled": 20,
      "goldSpent": 16715,
      "totalDamageDealt": 190751,
      "totalDamageTaken": 27057,
      "killingSprees": 5,
      "largestKillingSpree": 4,
      "team": 200,
      "win": false,
      "neutralMinionsKilled": 1,
      "largestMultiKill": 1,
      "physicalDamageDealtPlayer": 11980,
      "magicDamageDealtPlayer": 178770,
      "physicalDamageTaken": 7315,
      "magicDamageTaken": 18703,
      "timePlayed": 2976,
      "totalHeal": 3156,
      "totalUnitsHealed": 3,
      "assists": 11,
      "item0": 3157,
      "item1": 3089,
      "item2": 3020,
      "item3": 3128,
      "item4": 3151,
      "item5": 3135,
      "item6": 3340,
      "sightWardsBought": 2,
      "magicDamageDealtToChampions": 66662,
      "physicalDamageDealtToChampions": 2150,
      "totalDamageDealtToChampions": 68812,
      "trueDamageTaken": 1038,
      "wardKilled": 1,
      "wardPlaced": 11,
      "neutralMinionsKilledYourJungle": 1,
      "totalTimeCrowdControlDealt": 185
    }
  },
  "32103384": {
    "gameId": 818170075,
    "invalid": false,
    "gameMode": "CLASSIC",
    "gameType": "MATCHED_GAME",
    "subType": "RANKED_SOLO_5x5",
    "mapId": 1,
    "teamId": 100,
    "championId": 53,
    "spell1": 7,
    "spell2": 4,
    "level": 30,
    "ipEarned": 131,
    "createDate": 1398244447858,
    "fellowPlayers": [
      {
        "summonerId": 24668062,
        "teamId": 200,
        "championId": 98
      },
      {
        "summonerId": 31786126,
        "teamId": 200,
        "championId": 28
      },
      {
        "summonerId": 33297096,
        "teamId": 100,
        "championId": 81
      },
      {
        "summonerId": 20406893,
        "teamId": 200,
        "championId": 1
      },
      {
        "summonerId": 34466121,
        "teamId": 200,
        "championId": 236
      },
      {
        "summonerId": 29343562,
        "teamId": 100,
        "championId": 50
      },
      {
        "summonerId": 33777610,
        "teamId": 200,
        "championId": 412
      },
      {
        "summonerId": 22863023,
        "teamId": 100,
        "championId": 32
      },
      {
        "summonerId": 33442442,
        "teamId": 100,
        "championId": 64
      }
    ],
    "stats": {
      "level": 18,
      "goldEarned": 14452,
      "numDeaths": 5,
      "turretsKilled": 2,
      "minionsKilled": 31,
      "championsKilled": 1,
      "goldSpent": 12235,
      "totalDamageDealt": 54886,
      "totalDamageTaken": 41269,
      "team": 100,
      "win": true,
      "neutralMinionsKilled": 2,
      "largestMultiKill": 1,
      "physicalDamageDealtPlayer": 9517,
      "magicDamageDealtPlayer": 45149,
      "physicalDamageTaken": 21306,
      "magicDamageTaken": 19581,
      "timePlayed": 2976,
      "totalHeal": 10369,
      "totalUnitsHealed": 4,
      "assists": 28,
      "item0": 2045,
      "item1": 3069,
      "item2": 3056,
      "item3": 3065,
      "item4": 1011,
      "item5": 3270,
      "item6": 3341,
      "sightWardsBought": 1,
      "visionWardsBought": 2,
      "magicDamageDealtToChampions": 14905,
      "physicalDamageDealtToChampions": 3695,
      "totalDamageDealtToChampions": 18688,
      "trueDamageDealtPlayer": 220,
      "trueDamageDealtToChampions": 88,
      "trueDamageTaken": 380,
      "wardKilled": 5,
      "wardPlaced": 30,
      "neutralMinionsKilledEnemyJungle": 2,
      "totalTimeCrowdControlDealt": 111
    }
  },
  "34466121": {
    "gameId": 818170075,
    "invalid": false,
    "gameMode": "CLASSIC",
    "gameType": "MATCHED_GAME",
    "subType": "RANKED_SOLO_5x5",
    "mapId": 1,
    "teamId": 200,
    "championId": 236,
    "spell1": 7,
    "spell2": 4,
    "level": 30,
    "ipEarned": 85,
    "createDate": 1398244447860,
    "fellowPlayers": [
      {
        "summonerId": 24668062,
        "teamId": 200,
        "championId": 98
      },
      {
        "summonerId": 31786126,
        "teamId": 200,
        "championId": 28
      },
      {
        "summonerId": 33297096,
        "teamId": 100,
        "championId": 81
      },
      {
        "summonerId": 20406893,
        "teamId": 200,
        "championId": 1
      },
      {
        "summonerId": 32103384,
        "teamId": 100,
        "championId": 53
      },
      {
        "summonerId": 29343562,
        "teamId": 100,
        "championId": 50
      },
      {
        "summonerId": 33777610,
        "teamId": 200,
        "championId": 412
      },
      {
        "summonerId": 22863023,
        "teamId": 100,
        "championId": 32
      },
      {
        "summonerId": 33442442,
        "teamId": 100,
        "championId": 64
      }
    ],
    "stats": {
      "level": 18,
      "goldEarned": 18845,
      "numDeaths": 9,
      "minionsKilled": 279,
      "championsKilled": 12,
      "goldSpent": 19378,
      "totalDamageDealt": 269144,
      "totalDamageTaken": 35912,
      "doubleKills": 1,
      "killingSprees": 3,
      "largestKillingSpree": 5,
      "team": 200,
      "win": false,
      "neutralMinionsKilled": 15,
      "largestMultiKill": 2,
      "physicalDamageDealtPlayer": 223952,
      "magicDamageDealtPlayer": 43173,
      "physicalDamageTaken": 15757,
      "magicDamageTaken": 19999,
      "largestCriticalStrike": 886,
      "timePlayed": 2976,
      "totalHeal": 8002,
      "totalUnitsHealed": 4,
      "assists": 14,
      "item0": 3250,
      "item1": 3072,
      "item2": 3035,
      "item3": 3031,
      "item4": 3078,
      "item5": 3087,
      "item6": 3340,
      "magicDamageDealtToChampions": 9460,
      "physicalDamageDealtToChampions": 46634,
      "totalDamageDealtToChampions": 56999,
      "trueDamageDealtPlayer": 2018,
      "trueDamageDealtToChampions": 904,
      "trueDamageTaken": 156,
      "wardKilled": 2,
      "wardPlaced": 16,
      "neutralMinionsKilledEnemyJungle": 1,
      "neutralMinionsKilledYourJungle": 14,
      "totalTimeCrowdControlDealt": 319
    }
  },
  "33297096": {
    "gameId": 818170075,
    "invalid": false,
    "gameMode": "CLASSIC",
    "gameType": "MATCHED_GAME",
    "subType": "RANKED_SOLO_5x5",
    "mapId": 1,
    "teamId": 100,
    "championId": 81,
    "spell1": 4,
    "spell2": 7,
    "level": 30,
    "ipEarned": 131,
    "createDate": 1398244447856,
    "fellowPlayers": [
      {
        "summonerId": 24668062,
        "teamId": 200,
        "championId": 98
      },
      {
        "summonerId": 31786126,
        "teamId": 200,
        "championId": 28
      },
      {
        "summonerId": 20406893,
        "teamId": 200,
        "championId": 1
      },
      {
        "summonerId": 34466121,
        "teamId": 200,
        "championId": 236
      },
      {
        "summonerId": 32103384,
        "teamId": 100,
        "championId": 53
      },
      {
        "summonerId": 29343562,
        "teamId": 100,
        "championId": 50
      },
      {
        "summonerId": 33777610,
        "teamId": 200,
        "championId": 412
      },
      {
        "summonerId": 22863023,
        "teamId": 100,
        "championId": 32
      },
      {
        "summonerId": 33442442,
        "teamId": 100,
        "championId": 64
      }
    ],
    "stats": {
      "level": 18,
      "goldEarned": 21599,
      "numDeaths": 6,
      "barracksKilled": 2,
      "turretsKilled": 1,
      "minionsKilled": 267,
      "championsKilled": 20,
      "goldSpent": 20083,
      "totalDamageDealt": 278595,
      "totalDamageTaken": 41273,
      "doubleKills": 4,
      "tripleKills": 1,
      "killingSprees": 4,
      "largestKillingSpree": 7,
      "team": 100,
      "win": true,
      "neutralMinionsKilled": 15,
      "largestMultiKill": 3,
      "physicalDamageDealtPlayer": 226220,
      "magicDamageDealtPlayer": 48916,
      "physicalDamageTaken": 21176,
      "magicDamageTaken": 19271,
      "largestCriticalStrike": 1185,
      "timePlayed": 2976,
      "totalHeal": 5332,
      "totalUnitsHealed": 3,
      "assists": 16,
      "item0": 3031,
      "item1": 3275,
      "item2": 3072,
      "item3": 3078,
      "item4": 3035,
      "item5": 3026,
      "item6": 3361,
      "magicDamageDealtToChampions": 16007,
      "physicalDamageDealtToChampions": 34566,
      "totalDamageDealtToChampions": 52448,
      "trueDamageDealtPlayer": 3458,
      "trueDamageDealtToChampions": 1874,
      "trueDamageTaken": 825,
      "wardPlaced": 8,
      "neutralMinionsKilledEnemyJungle": 9,
      "neutralMinionsKilledYourJungle": 6,
      "totalTimeCrowdControlDealt": 392
    }
  },
  "31786126": {
    "gameId": 818170075,
    "invalid": false,
    "gameMode": "CLASSIC",
    "gameType": "MATCHED_GAME",
    "subType": "RANKED_SOLO_5x5",
    "mapId": 1,
    "teamId": 200,
    "championId": 28,
    "spell1": 11,
    "spell2": 4,
    "level": 30,
    "ipEarned": 171,
    "createDate": 1398244447863,
    "fellowPlayers": [
      {
        "summonerId": 24668062,
        "teamId": 200,
        "championId": 98
      },
      {
        "summonerId": 33297096,
        "teamId": 100,
        "championId": 81
      },
      {
        "summonerId": 20406893,
        "teamId": 200,
        "championId": 1
      },
      {
        "summonerId": 34466121,
        "teamId": 200,
        "championId": 236
      },
      {
        "summonerId": 32103384,
        "teamId": 100,
        "championId": 53
      },
      {
        "summonerId": 29343562,
        "teamId": 100,
        "championId": 50
      },
      {
        "summonerId": 33777610,
        "teamId": 200,
        "championId": 412
      },
      {
        "summonerId": 22863023,
        "teamId": 100,
        "championId": 32
      },
      {
        "summonerId": 33442442,
        "teamId": 100,
        "championId": 64
      }
    ],
    "stats": {
      "level": 18,
      "goldEarned": 13193,
      "numDeaths": 14,
      "minionsKilled": 80,
      "championsKilled": 5,
      "goldSpent": 12900,
      "totalDamageDealt": 157651,
      "totalDamageTaken": 54635,
      "doubleKills": 1,
      "killingSprees": 1,
      "largestKillingSpree": 3,
      "team": 200,
      "win": false,
      "neutralMinionsKilled": 70,
      "largestMultiKill": 2,
      "physicalDamageDealtPlayer": 63151,
      "magicDamageDealtPlayer": 79571,
      "physicalDamageTaken": 31997,
      "magicDamageTaken": 20268,
      "timePlayed": 2976,
      "totalHeal": 8035,
      "totalUnitsHealed": 1,
      "assists": 14,
      "item0": 3117,
      "item1": 3153,
      "item2": 3209,
      "item3": 3068,
      "item4": 3025,
      "item5": 1057,
      "item6": 3340,
      "magicDamageDealtToChampions": 15288,
      "physicalDamageDealtToChampions": 6164,
      "totalDamageDealtToChampions": 22384,
      "trueDamageDealtPlayer": 14929,
      "trueDamageDealtToChampions": 931,
      "trueDamageTaken": 2370,
      "wardPlaced": 5,
      "neutralMinionsKilledEnemyJungle": 3,
      "neutralMinionsKilledYourJungle": 67,
      "totalTimeCrowdControlDealt": 305
    }
  },
  "24668062": {
    "gameId": 818170075,
    "invalid": false,
    "gameMode": "CLASSIC",
    "gameType": "MATCHED_GAME",
    "subType": "RANKED_SOLO_5x5",
    "mapId": 1,
    "teamId": 200,
    "championId": 98,
    "spell1": 4,
    "spell2": 12,
    "level": 30,
    "ipEarned": 85,
    "createDate": 1398244447862,
    "fellowPlayers": [
      {
        "summonerId": 31786126,
        "teamId": 200,
        "championId": 28
      },
      {
        "summonerId": 33297096,
        "teamId": 100,
        "championId": 81
      },
      {
        "summonerId": 20406893,
        "teamId": 200,
        "championId": 1
      },
      {
        "summonerId": 34466121,
        "teamId": 200,
        "championId": 236
      },
      {
        "summonerId": 32103384,
        "teamId": 100,
        "championId": 53
      },
      {
        "summonerId": 29343562,
        "teamId": 100,
        "championId": 50
      },
      {
        "summonerId": 33777610,
        "teamId": 200,
        "championId": 412
      },
      {
        "summonerId": 22863023,
        "teamId": 100,
        "championId": 32
      },
      {
        "summonerId": 33442442,
        "teamId": 100,
        "championId": 64
      }
    ],
    "stats": {
      "level": 18,
      "goldEarned": 12288,
      "numDeaths": 12,
      "minionsKilled": 158,
      "goldSpent": 11925,
      "totalDamageDealt": 95500,
      "totalDamageTaken": 49328,
      "team": 200,
      "win": false,
      "neutralMinionsKilled": 8,
      "physicalDamageDealtPlayer": 31641,
      "magicDamageDealtPlayer": 63858,
      "physicalDamageTaken": 17540,
      "magicDamageTaken": 30008,
      "timePlayed": 2976,
      "totalHeal": 3959,
      "totalUnitsHealed": 1,
      "assists": 15,
      "item0": 1028,
      "item1": 3143,
      "item2": 3260,
      "item3": 3068,
      "item4": 3065,
      "item5": 1011,
      "item6": 3340,
      "magicDamageDealtToChampions": 9899,
      "physicalDamageDealtToChampions": 2561,
      "totalDamageDealtToChampions": 12460,
      "trueDamageTaken": 1778,
      "wardPlaced": 2,
      "neutralMinionsKilledYourJungle": 8,
      "totalTimeCrowdControlDealt": 707
    }
  },
  "22863023": {
    "gameId": 818170075,
    "invalid": false,
    "gameMode": "CLASSIC",
    "gameType": "MATCHED_GAME",
    "subType": "RANKED_SOLO_5x5",
    "mapId": 1,
    "teamId": 100,
    "championId": 32,
    "spell1": 4,
    "spell2": 11,
    "level": 30,
    "ipEarned": 281,
    "createDate": 1398244447857,
    "fellowPlayers": [
      {
        "summonerId": 24668062,
        "teamId": 200,
        "championId": 98
      },
      {
        "summonerId": 31786126,
        "teamId": 200,
        "championId": 28
      },
      {
        "summonerId": 33297096,
        "teamId": 100,
        "championId": 81
      },
      {
        "summonerId": 20406893,
        "teamId": 200,
        "championId": 1
      },
      {
        "summonerId": 34466121,
        "teamId": 200,
        "championId": 236
      },
      {
        "summonerId": 32103384,
        "teamId": 100,
        "championId": 53
      },
      {
        "summonerId": 29343562,
        "teamId": 100,
        "championId": 50
      },
      {
        "summonerId": 33777610,
        "teamId": 200,
        "championId": 412
      },
      {
        "summonerId": 33442442,
        "teamId": 100,
        "championId": 64
      }
    ],
    "stats": {
      "level": 18,
      "goldEarned": 16571,
      "numDeaths": 6,
      "turretsKilled": 1,
      "minionsKilled": 67,
      "championsKilled": 2,
      "goldSpent": 16055,
      "totalDamageDealt": 213153,
      "totalDamageTaken": 52562,
      "team": 100,
      "win": true,
      "neutralMinionsKilled": 93,
      "largestMultiKill": 1,
      "physicalDamageDealtPlayer": 26353,
      "magicDamageDealtPlayer": 168332,
      "physicalDamageTaken": 33171,
      "magicDamageTaken": 19051,
      "timePlayed": 2976,
      "totalHeal": 10114,
      "totalUnitsHealed": 1,
      "assists": 28,
      "item0": 3143,
      "item1": 3111,
      "item2": 3068,
      "item3": 3065,
      "item4": 3083,
      "item5": 3102,
      "item6": 3340,
      "magicDamageDealtToChampions": 26275,
      "physicalDamageDealtToChampions": 1349,
      "totalDamageDealtToChampions": 27867,
      "trueDamageDealtPlayer": 18468,
      "trueDamageDealtToChampions": 242,
      "trueDamageTaken": 340,
      "wardPlaced": 12,
      "neutralMinionsKilledEnemyJungle": 29,
      "neutralMinionsKilledYourJungle": 64,
      "totalTimeCrowdControlDealt": 1046
    }
  },
  "33777610": {
    "gameId": 818170075,
    "invalid": false,
    "gameMode": "CLASSIC",
    "gameType": "MATCHED_GAME",
    "subType": "RANKED_SOLO_5x5",
    "mapId": 1,
    "teamId": 200,
    "championId": 412,
    "spell1": 3,
    "spell2": 14,
    "level": 30,
    "ipEarned": 85,
    "createDate": 1398244447864,
    "fellowPlayers": [
      {
        "summonerId": 24668062,
        "teamId": 200,
        "championId": 98
      },
      {
        "summonerId": 31786126,
        "teamId": 200,
        "championId": 28
      },
      {
        "summonerId": 33297096,
        "teamId": 100,
        "championId": 81
      },
      {
        "summonerId": 20406893,
        "teamId": 200,
        "championId": 1
      },
      {
        "summonerId": 34466121,
        "teamId": 200,
        "championId": 236
      },
      {
        "summonerId": 32103384,
        "teamId": 100,
        "championId": 53
      },
      {
        "summonerId": 29343562,
        "teamId": 100,
        "championId": 50
      },
      {
        "summonerId": 22863023,
        "teamId": 100,
        "championId": 32
      },
      {
        "summonerId": 33442442,
        "teamId": 100,
        "championId": 64
      }
    ],
    "stats": {
      "level": 16,
      "goldEarned": 11879,
      "numDeaths": 12,
      "turretsKilled": 1,
      "minionsKilled": 35,
      "championsKilled": 5,
      "goldSpent": 10885,
      "totalDamageDealt": 54331,
      "totalDamageTaken": 37032,
      "doubleKills": 1,
      "killingSprees": 1,
      "largestKillingSpree": 2,
      "team": 200,
      "win": false,
      "neutralMinionsKilled": 2,
      "largestMultiKill": 2,
      "physicalDamageDealtPlayer": 11286,
      "magicDamageDealtPlayer": 42166,
      "physicalDamageTaken": 17206,
      "magicDamageTaken": 18846,
      "timePlayed": 2976,
      "totalHeal": 2669,
      "totalUnitsHealed": 3,
      "assists": 12,
      "item0": 3068,
      "item1": 3069,
      "item2": 3222,
      "item3": 2049,
      "item4": 3075,
      "item5": 3047,
      "item6": 3340,
      "sightWardsBought": 2,
      "magicDamageDealtToChampions": 16357,
      "physicalDamageDealtToChampions": 1997,
      "totalDamageDealtToChampions": 19232,
      "trueDamageDealtPlayer": 877,
      "trueDamageDealtToChampions": 877,
      "trueDamageTaken": 979,
      "wardPlaced": 13,
      "neutralMinionsKilledYourJungle": 2,
      "totalTimeCrowdControlDealt": 184
    }
  }
}