{
  "37165328": {
    "gameId": 818170497,
    "invalid": false,
    "gameMode": "CLASSIC",
    "gameType": "MATCHED_GAME",
    "subType": "NORMAL",
    "mapId": 1,
    "teamId": 100,
    "championId": 38,
    "spell1": 14,
    "spell2": 4,
    "level": 30,
    "ipEarned": 96,
    "createDate": 1398243459702,
    "fellowPlayers": [
      {
        "summonerId": 26548483,
        "teamId": 100,
        "championId": 12
      },
      {
        "summonerId": 38986368,
        "teamId": 200,
        "championId": 99
      },
      {
        "summonerId": 34644153,
        "teamId": 200,
        "championId": 11
      },
      {
        "summonerId": 33941447,
        "teamId": 100,
        "championId": 67
      },
      {
        "summonerId": 23357311,
        "teamId": 200,
        "championId": 44
      },
      {
        "summonerId": 33426859,
        "teamId": 200,
        "championId": 133
      },
      {
        "summonerId": 37424572,
        "teamId": 100,
        "championId": 64
      },
      {
        "summonerId": 43154271,
        "teamId": 100,
        "championId": 80
      },
      {
        "summonerId": 25202298,
        "teamId": 200,
        "championId": 78
      }
    ],
    "stats": {
      "level": 18,
      "goldEarned": 15529,
      "numDeaths": 1,
      "barracksKilled": 1,
      "minionsKilled": 199,
      "championsKilled": 14,
      "goldSpent": 14905,
      "totalDamageDealt": 116977,
      "totalDamageTaken": 22986,
      "doubleKills": 1,
      "tripleKills": 1,
      "killingSprees": 2,
      "largestKillingSpree": 7,
      "team": 100,
      "win": true,
      "neutralMinionsKilled": 5,
      "largestMultiKill": 3,
      "physicalDamageDealtPlayer": 37031,
      "magicDamageDealtPlayer": 78249,
      "physicalDamageTaken": 17527,
      "magicDamageTaken": 3060,
      "timePlayed": 2046,
      "totalHeal": 5010,
      "totalUnitsHealed": 1,
      "assists": 7,
      "item0": 3040,
      "item1": 3255,
      "item2": 3027,
      "item3": 3110,
      "item4": 3025,
      "item5": 1058,
      "item6": 3340,
      "magicDamageDealtToChampions": 27317,
      "physicalDamageDealtToChampions": 3385,
      "totalDamageDealtToChampions": 31624,
      "trueDamageDealtPlayer": 1697,
      "trueDamageDealtToChampions": 921,
      "trueDamageTaken": 2398,
      "wardPlaced": 2,
      "neutralMinionsKilledEnemyJungle": 1,
      "neutralMinionsKilledYourJungle": 4,
      "totalTimeCrowdControlDealt": 1003
    }
  },
  "summonerCount": 10,
  "33941447": {
    "gameId": 818170497,
    "invalid": false,
    "gameMode": "CLASSIC",
    "gameType": "MATCHED_GAME",
    "subType": "NORMAL",
    "mapId": 1,
    "teamId": 100,
    "championId": 67,
    "spell1": 4,
    "spell2": 7,
    "level": 30,
    "ipEarned": 96,
    "createDate": 1398243459701,
    "fellowPlayers": [
      {
        "summonerId": 26548483,
        "teamId": 100,
        "championId": 12
      },
      {
        "summonerId": 38986368,
        "teamId": 200,
        "championId": 99
      },
      {
        "summonerId": 34644153,
        "teamId": 200,
        "championId": 11
      },
      {
        "summonerId": 23357311,
        "teamId": 200,
        "championId": 44
      },
      {
        "summonerId": 33426859,
        "teamId": 200,
        "championId": 133
      },
      {
        "summonerId": 37165328,
        "teamId": 100,
        "championId": 38
      },
      {
        "summonerId": 37424572,
        "teamId": 100,
        "championId": 64
      },
      {
        "summonerId": 43154271,
        "teamId": 100,
        "championId": 80
      },
      {
        "summonerId": 25202298,
        "teamId": 200,
        "championId": 78
      }
    ],
    "stats": {
      "level": 17,
      "goldEarned": 12673,
      "numDeaths": 5,
      "barracksKilled": 1,
      "turretsKilled": 2,
      "minionsKilled": 172,
      "championsKilled": 3,
      "goldSpent": 10925,
      "totalDamageDealt": 144973,
      "totalDamageTaken": 24731,
      "team": 100,
      "win": true,
      "neutralMinionsKilled": 25,
      "largestMultiKill": 1,
      "physicalDamageDealtPlayer": 127779,
      "magicDamageDealtPlayer": 155,
      "physicalDamageTaken": 20715,
      "magicDamageTaken": 3179,
      "largestCriticalStrike": 589,
      "timePlayed": 2046,
      "totalHeal": 2272,
      "totalUnitsHealed": 2,
      "assists": 8,
      "item0": 3006,
      "item1": 3153,
      "item2": 3046,
      "item3": 3035,
      "item4": 1038,
      "item6": 3340,
      "magicDamageDealtToChampions": 155,
      "physicalDamageDealtToChampions": 16838,
      "totalDamageDealtToChampions": 20739,
      "trueDamageDealtPlayer": 17038,
      "trueDamageDealtToChampions": 3745,
      "trueDamageTaken": 837,
      "wardPlaced": 7,
      "neutralMinionsKilledEnemyJungle": 13,
      "neutralMinionsKilledYourJungle": 12,
      "totalTimeCrowdControlDealt": 26
    }
  },
  "26548483": {
    "gameId": 818170497,
    "invalid": false,
    "gameMode": "CLASSIC",
    "gameType": "MATCHED_GAME",
    "subType": "NORMAL",
    "mapId": 1,
    "teamId": 100,
    "championId": 12,
    "spell1": 14,
    "spell2": 4,
    "level": 30,
    "ipEarned": 246,
    "createDate": 1398243459704,
    "fellowPlayers": [
      {
        "summonerId": 38986368,
        "teamId": 200,
        "championId": 99
      },
      {
        "summonerId": 34644153,
        "teamId": 200,
        "championId": 11
      },
      {
        "summonerId": 33941447,
        "teamId": 100,
        "championId": 67
      },
      {
        "summonerId": 23357311,
        "teamId": 200,
        "championId": 44
      },
      {
        "summonerId": 33426859,
        "teamId": 200,
        "championId": 133
      },
      {
        "summonerId": 37165328,
        "teamId": 100,
        "championId": 38
      },
      {
        "summonerId": 37424572,
        "teamId": 100,
        "championId": 64
      },
      {
        "summonerId": 43154271,
        "teamId": 100,
        "championId": 80
      },
      {
        "summonerId": 25202298,
        "teamId": 200,
        "championId": 78
      }
    ],
    "stats": {
      "level": 14,
      "goldEarned": 9750,
      "numDeaths": 4,
      "turretsKilled": 1,
      "minionsKilled": 22,
      "championsKilled": 3,
      "goldSpent": 9830,
      "totalDamageDealt": 35832,
      "totalDamageTaken": 22187,
      "killingSprees": 1,
      "largestKillingSpree": 2,
      "team": 100,
      "win": true,
      "neutralMinionsKilled": 4,
      "largestMultiKill": 1,
      "physicalDamageDealtPlayer": 7884,
      "magicDamageDealtPlayer": 27648,
      "physicalDamageTaken": 19988,
      "magicDamageTaken": 1759,
      "timePlayed": 2046,
      "totalHeal": 9087,
      "totalUnitsHealed": 45,
      "assists": 7,
      "item0": 2045,
      "item1": 3191,
      "item2": 3259,
      "item3": 3096,
      "item4": 3027,
      "item5": 1011,
      "item6": 3340,
      "sightWardsBought": 2,
      "magicDamageDealtToChampions": 7786,
      "physicalDamageDealtToChampions": 1253,
      "totalDamageDealtToChampions": 9340,
      "trueDamageDealtPlayer": 300,
      "trueDamageDealtToChampions": 300,
      "trueDamageTaken": 439,
      "wardPlaced": 11,
      "neutralMinionsKilledEnemyJungle": 4,
      "totalTimeCrowdControlDealt": 202
    }
  },
  "43154271": {
    "gameId": 818170497,
    "invalid": false,
    "gameMode": "CLASSIC",
    "gameType": "MATCHED_GAME",
    "subType": "NORMAL",
    "mapId": 1,
    "teamId": 100,
    "championId": 80,
    "spell1": 4,
    "spell2": 14,
    "level": 30,
    "ipEarned": 246,
    "createDate": 1398243459703,
    "fellowPlayers": [
      {
        "summonerId": 26548483,
        "teamId": 100,
        "championId": 12
      },
      {
        "summonerId": 38986368,
        "teamId": 200,
        "championId": 99
      },
      {
        "summonerId": 34644153,
        "teamId": 200,
        "championId": 11
      },
      {
        "summonerId": 33941447,
        "teamId": 100,
        "championId": 67
      },
      {
        "summonerId": 23357311,
        "teamId": 200,
        "championId": 44
      },
      {
        "summonerId": 33426859,
        "teamId": 200,
        "championId": 133
      },
      {
        "summonerId": 37165328,
        "teamId": 100,
        "championId": 38
      },
      {
        "summonerId": 37424572,
        "teamId": 100,
        "championId": 64
      },
      {
        "summonerId": 25202298,
        "teamId": 200,
        "championId": 78
      }
    ],
    "stats": {
      "level": 17,
      "goldEarned": 12601,
      "numDeaths": 9,
      "turretsKilled": 4,
      "minionsKilled": 156,
      "championsKilled": 9,
      "goldSpent": 11560,
      "totalDamageDealt": 112537,
      "totalDamageTaken": 24898,
      "killingSprees": 2,
      "largestKillingSpree": 4,
      "team": 100,
      "win": true,
      "neutralMinionsKilled": 1,
      "largestMultiKill": 1,
      "physicalDamageDealtPlayer": 101166,
      "magicDamageDealtPlayer": 10152,
      "physicalDamageTaken": 15039,
      "magicDamageTaken": 8091,
      "largestCriticalStrike": 948,
      "timePlayed": 2046,
      "totalHeal": 1299,
      "totalUnitsHealed": 1,
      "assists": 2,
      "item0": 3071,
      "item1": 1057,
      "item2": 3074,
      "item3": 3117,
      "item4": 1031,
      "item5": 3035,
      "item6": 3340,
      "magicDamageDealtToChampions": 1772,
      "physicalDamageDealtToChampions": 18055,
      "totalDamageDealtToChampions": 21046,
      "trueDamageDealtPlayer": 1218,
      "trueDamageDealtToChampions": 1218,
      "trueDamageTaken": 1768,
      "wardPlaced": 5,
      "neutralMinionsKilledEnemyJungle": 1,
      "totalTimeCrowdControlDealt": 51
    }
  },
  "25202298": {
    "gameId": 818170497,
    "invalid": false,
    "gameMode": "CLASSIC",
    "gameType": "MATCHED_GAME",
    "subType": "NORMAL",
    "mapId": 1,
    "teamId": 200,
    "championId": 78,
    "spell1": 6,
    "spell2": 14,
    "level": 30,
    "ipEarned": 64,
    "createDate": 1398243459707,
    "fellowPlayers": [
      {
        "summonerId": 26548483,
        "teamId": 100,
        "championId": 12
      },
      {
        "summonerId": 38986368,
        "teamId": 200,
        "championId": 99
      },
      {
        "summonerId": 34644153,
        "teamId": 200,
        "championId": 11
      },
      {
        "summonerId": 33941447,
        "teamId": 100,
        "championId": 67
      },
      {
        "summonerId": 23357311,
        "teamId": 200,
        "championId": 44
      },
      {
        "summonerId": 33426859,
        "teamId": 200,
        "championId": 133
      },
      {
        "summonerId": 37165328,
        "teamId": 100,
        "championId": 38
      },
      {
        "summonerId": 37424572,
        "teamId": 100,
        "championId": 64
      },
      {
        "summonerId": 43154271,
        "teamId": 100,
        "championId": 80
      }
    ],
    "stats": {
      "level": 17,
      "goldEarned": 9485,
      "numDeaths": 8,
      "minionsKilled": 98,
      "championsKilled": 9,
      "goldSpent": 8308,
      "totalDamageDealt": 73437,
      "totalDamageTaken": 24778,
      "killingSprees": 2,
      "largestKillingSpree": 2,
      "team": 200,
      "win": false,
      "neutralMinionsKilled": 2,
      "largestMultiKill": 1,
      "physicalDamageDealtPlayer": 53020,
      "magicDamageDealtPlayer": 18228,
      "physicalDamageTaken": 15032,
      "magicDamageTaken": 7646,
      "largestCriticalStrike": 563,
      "timePlayed": 2046,
      "assists": 2,
      "item0": 3078,
      "item1": 3131,
      "item2": 3158,
      "item3": 3082,
      "item6": 3341,
      "magicDamageDealtToChampions": 12825,
      "physicalDamageDealtToChampions": 7514,
      "totalDamageDealtToChampions": 22352,
      "trueDamageDealtPlayer": 2188,
      "trueDamageDealtToChampions": 2012,
      "trueDamageTaken": 2098,
      "neutralMinionsKilledYourJungle": 2,
      "totalTimeCrowdControlDealt": 238
    }
  },
  "33426859": {
    "gameId": 818170497,
    "invalid": false,
    "gameMode": "CLASSIC",
    "gameType": "MATCHED_GAME",
    "subType": "NORMAL",
    "mapId": 1,
    "teamId": 200,
    "championId": 133,
    "spell1": 7,
    "spell2": 4,
    "level": 30,
    "ipEarned": 64,
    "createDate": 1398243459708,
    "fellowPlayers": [
      {
        "summonerId": 26548483,
        "teamId": 100,
        "championId": 12
      },
      {
        "summonerId": 38986368,
        "teamId": 200,
        "championId": 99
      },
      {
        "summonerId": 34644153,
        "teamId": 200,
        "championId": 11
      },
      {
        "summonerId": 33941447,
        "teamId": 100,
        "championId": 67
      },
      {
        "summonerId": 23357311,
        "teamId": 200,
        "championId": 44
      },
      {
        "summonerId": 37165328,
        "teamId": 100,
        "championId": 38
      },
      {
        "summonerId": 37424572,
        "teamId": 100,
        "championId": 64
      },
      {
        "summonerId": 43154271,
        "teamId": 100,
        "championId": 80
      },
      {
        "summonerId": 25202298,
        "teamId": 200,
        "championId": 78
      }
    ],
    "stats": {
      "level": 17,
      "goldEarned": 12497,
      "numDeaths": 7,
      "turretsKilled": 1,
      "minionsKilled": 242,
      "championsKilled": 8,
      "goldSpent": 12390,
      "totalDamageDealt": 162621,
      "totalDamageTaken": 35394,
      "doubleKills": 1,
      "killingSprees": 2,
      "largestKillingSpree": 4,
      "team": 200,
      "win": false,
      "neutralMinionsKilled": 4,
      "largestMultiKill": 2,
      "physicalDamageDealtPlayer": 162621,
      "physicalDamageTaken": 22216,
      "magicDamageTaken": 11321,
      "largestCriticalStrike": 760,
      "timePlayed": 2046,
      "totalHeal": 2919,
      "totalUnitsHealed": 2,
      "assists": 7,
      "item0": 3153,
      "item1": 3006,
      "item2": 3031,
      "item3": 3022,
      "item4": 1037,
      "item6": 3340,
      "physicalDamageDealtToChampions": 34230,
      "totalDamageDealtToChampions": 34230,
      "trueDamageTaken": 1857,
      "wardPlaced": 8,
      "neutralMinionsKilledEnemyJungle": 1,
      "neutralMinionsKilledYourJungle": 3,
      "totalTimeCrowdControlDealt": 383
    }
  },
  "37424572": {
    "gameId": 818170497,
    "invalid": false,
    "gameMode": "CLASSIC",
    "gameType": "MATCHED_GAME",
    "subType": "NORMAL",
    "mapId": 1,
    "teamId": 100,
    "championId": 64,
    "spell1": 11,
    "spell2": 4,
    "level": 30,
    "ipEarned": 96,
    "createDate": 1398243459705,
    "fellowPlayers": [
      {
        "summonerId": 26548483,
        "teamId": 100,
        "championId": 12
      },
      {
        "summonerId": 38986368,
        "teamId": 200,
        "championId": 99
      },
      {
        "summonerId": 34644153,
        "teamId": 200,
        "championId": 11
      },
      {
        "summonerId": 33941447,
        "teamId": 100,
        "championId": 67
      },
      {
        "summonerId": 23357311,
        "teamId": 200,
        "championId": 44
      },
      {
        "summonerId": 33426859,
        "teamId": 200,
        "championId": 133
      },
      {
        "summonerId": 37165328,
        "teamId": 100,
        "championId": 38
      },
      {
        "summonerId": 43154271,
        "teamId": 100,
        "championId": 80
      },
      {
        "summonerId": 25202298,
        "teamId": 200,
        "championId": 78
      }
    ],
    "stats": {
      "level": 18,
      "goldEarned": 14556,
      "numDeaths": 4,
      "barracksKilled": 1,
      "turretsKilled": 1,
      "minionsKilled": 47,
      "championsKilled": 5,
      "goldSpent": 13205,
      "totalDamageDealt": 260616,
      "totalDamageTaken": 29145,
      "doubleKills": 1,
      "killingSprees": 1,
      "largestKillingSpree": 3,
      "team": 100,
      "win": true,
      "neutralMinionsKilled": 149,
      "largestMultiKill": 2,
      "physicalDamageDealtPlayer": 165356,
      "magicDamageDealtPlayer": 80240,
      "physicalDamageTaken": 24039,
      "magicDamageTaken": 3772,
      "largestCriticalStrike": 812,
      "timePlayed": 2046,
      "totalHeal": 7684,
      "totalUnitsHealed": 1,
      "assists": 9,
      "item0": 3160,
      "item1": 3074,
      "item2": 3142,
      "item3": 3274,
      "item4": 1038,
      "item5": 3035,
      "item6": 3340,
      "magicDamageDealtToChampions": 3226,
      "physicalDamageDealtToChampions": 9973,
      "totalDamageDealtToChampions": 13874,
      "trueDamageDealtPlayer": 15020,
      "trueDamageDealtToChampions": 674,
      "trueDamageTaken": 1333,
      "wardPlaced": 7,
      "neutralMinionsKilledEnemyJungle": 31,
      "neutralMinionsKilledYourJungle": 118,
      "totalTimeCrowdControlDealt": 1020
    }
  },
  "23357311": {
    "gameId": 818170497,
    "invalid": false,
    "gameMode": "CLASSIC",
    "gameType": "MATCHED_GAME",
    "subType": "NORMAL",
    "mapId": 1,
    "teamId": 200,
    "championId": 44,
    "spell1": 14,
    "spell2": 4,
    "level": 30,
    "ipEarned": 64,
    "createDate": 1398243459709,
    "fellowPlayers": [
      {
        "summonerId": 26548483,
        "teamId": 100,
        "championId": 12
      },
      {
        "summonerId": 38986368,
        "teamId": 200,
        "championId": 99
      },
      {
        "summonerId": 34644153,
        "teamId": 200,
        "championId": 11
      },
      {
        "summonerId": 33941447,
        "teamId": 100,
        "championId": 67
      },
      {
        "summonerId": 33426859,
        "teamId": 200,
        "championId": 133
      },
      {
        "summonerId": 37165328,
        "teamId": 100,
        "championId": 38
      },
      {
        "summonerId": 37424572,
        "teamId": 100,
        "championId": 64
      },
      {
        "summonerId": 43154271,
        "teamId": 100,
        "championId": 80
      },
      {
        "summonerId": 25202298,
        "teamId": 200,
        "championId": 78
      }
    ],
    "stats": {
      "level": 15,
      "goldEarned": 9279,
      "numDeaths": 6,
      "minionsKilled": 52,
      "championsKilled": 2,
      "goldSpent": 8550,
      "totalDamageDealt": 42408,
      "totalDamageTaken": 33822,
      "team": 200,
      "win": false,
      "largestMultiKill": 1,
      "physicalDamageDealtPlayer": 14435,
      "magicDamageDealtPlayer": 20046,
      "physicalDamageTaken": 21769,
      "magicDamageTaken": 9913,
      "timePlayed": 2046,
      "totalHeal": 14016,
      "totalUnitsHealed": 4,
      "assists": 13,
      "item0": 2049,
      "item1": 3401,
      "item2": 3222,
      "item3": 3047,
      "item4": 3050,
      "item6": 3340,
      "sightWardsBought": 2,
      "magicDamageDealtToChampions": 5983,
      "physicalDamageDealtToChampions": 2498,
      "totalDamageDealtToChampions": 9664,
      "trueDamageDealtPlayer": 7925,
      "trueDamageDealtToChampions": 1182,
      "trueDamageTaken": 2139,
      "wardPlaced": 12,
      "totalTimeCrowdControlDealt": 51
    }
  },
  "38986368": {
    "gameId": 818170497,
    "invalid": false,
    "gameMode": "CLASSIC",
    "gameType": "MATCHED_GAME",
    "subType": "NORMAL",
    "mapId": 1,
    "teamId": 200,
    "championId": 99,
    "spell1": 4,
    "spell2": 14,
    "level": 30,
    "ipEarned": 0,
    "createDate": 1398243459706,
    "fellowPlayers": [
      {
        "summonerId": 26548483,
        "teamId": 100,
        "championId": 12
      },
      {
        "summonerId": 34644153,
        "teamId": 200,
        "championId": 11
      },
      {
        "summonerId": 33941447,
        "teamId": 100,
        "championId": 67
      },
      {
        "summonerId": 23357311,
        "teamId": 200,
        "championId": 44
      },
      {
        "summonerId": 33426859,
        "teamId": 200,
        "championId": 133
      },
      {
        "summonerId": 37165328,
        "teamId": 100,
        "championId": 38
      },
      {
        "summonerId": 37424572,
        "teamId": 100,
        "championId": 64
      },
      {
        "summonerId": 43154271,
        "teamId": 100,
        "championId": 80
      },
      {
        "summonerId": 25202298,
        "teamId": 200,
        "championId": 78
      }
    ],
    "stats": {
      "level": 4,
      "goldEarned": 4425,
      "numDeaths": 1,
      "minionsKilled": 8,
      "goldSpent": 470,
      "totalDamageDealt": 1581,
      "totalDamageTaken": 754,
      "team": 200,
      "win": false,
      "physicalDamageDealtPlayer": 894,
      "magicDamageDealtPlayer": 687,
      "physicalDamageTaken": 246,
      "magicDamageTaken": 427,
      "timePlayed": 2046,
      "item0": 1056,
      "item1": 2003,
      "item6": 3340,
      "magicDamageDealtToChampions": 126,
      "physicalDamageDealtToChampions": 177,
      "totalDamageDealtToChampions": 304,
      "trueDamageTaken": 81,
      "wardPlaced": 1,
      "totalTimeCrowdControlDealt": 5
    }
  },
  "37165328": {
    "gameId": 818170497,
    "invalid": false,
    "gameMode": "CLASSIC",
    "gameType": "MATCHED_GAME",
    "subType": "NORMAL",
    "mapId": 1,
    "teamId": 100,
    "championId": 38,
    "spell1": 14,
    "spell2": 4,
    "level": 30,
    "ipEarned": 96,
    "createDate": 1398243459702,
    "fellowPlayers": [
      {
        "summonerId": 26548483,
        "teamId": 100,
        "championId": 12
      },
      {
        "summonerId": 38986368,
        "teamId": 200,
        "championId": 99
      },
      {
        "summonerId": 34644153,
        "teamId": 200,
        "championId": 11
      },
      {
        "summonerId": 33941447,
        "teamId": 100,
        "championId": 67
      },
      {
        "summonerId": 23357311,
        "teamId": 200,
        "championId": 44
      },
      {
        "summonerId": 33426859,
        "teamId": 200,
        "championId": 133
      },
      {
        "summonerId": 37424572,
        "teamId": 100,
        "championId": 64
      },
      {
        "summonerId": 43154271,
        "teamId": 100,
        "championId": 80
      },
      {
        "summonerId": 25202298,
        "teamId": 200,
        "championId": 78
      }
    ],
    "stats": {
      "level": 18,
      "goldEarned": 15529,
      "numDeaths": 1,
      "barracksKilled": 1,
      "minionsKilled": 199,
      "championsKilled": 14,
      "goldSpent": 14905,
      "totalDamageDealt": 116977,
      "totalDamageTaken": 22986,
      "doubleKills": 1,
      "tripleKills": 1,
      "killingSprees": 2,
      "largestKillingSpree": 7,
      "team": 100,
      "win": true,
      "neutralMinionsKilled": 5,
      "largestMultiKill": 3,
      "physicalDamageDealtPlayer": 37031,
      "magicDamageDealtPlayer": 78249,
      "physicalDamageTaken": 17527,
      "magicDamageTaken": 3060,
      "timePlayed": 2046,
      "totalHeal": 5010,
      "totalUnitsHealed": 1,
      "assists": 7,
      "item0": 3040,
      "item1": 3255,
      "item2": 3027,
      "item3": 3110,
      "item4": 3025,
      "item5": 1058,
      "item6": 3340,
      "magicDamageDealtToChampions": 27317,
      "physicalDamageDealtToChampions": 3385,
      "totalDamageDealtToChampions": 31624,
      "trueDamageDealtPlayer": 1697,
      "trueDamageDealtToChampions": 921,
      "trueDamageTaken": 2398,
      "wardPlaced": 2,
      "neutralMinionsKilledEnemyJungle": 1,
      "neutralMinionsKilledYourJungle": 4,
      "totalTimeCrowdControlDealt": 1003
    }
  }
}