{
  "31155656": {
    "gameId": 818170504,
    "invalid": false,
    "gameMode": "CLASSIC",
    "gameType": "MATCHED_GAME",
    "subType": "NORMAL",
    "mapId": 1,
    "teamId": 100,
    "championId": 64,
    "spell1": 4,
    "spell2": 11,
    "level": 30,
    "ipEarned": 76,
    "createDate": 1398242611599,
    "fellowPlayers": [
      {
        "summonerId": 31374827,
        "teamId": 200,
        "championId": 7
      },
      {
        "summonerId": 30478096,
        "teamId": 200,
        "championId": 38
      },
      {
        "summonerId": 35002097,
        "teamId": 200,
        "championId": 267
      },
      {
        "summonerId": 24307978,
        "teamId": 100,
        "championId": 89
      },
      {
        "summonerId": 24487885,
        "teamId": 100,
        "championId": 107
      },
      {
        "summonerId": 30715828,
        "teamId": 100,
        "championId": 115
      },
      {
        "summonerId": 30952051,
        "teamId": 200,
        "championId": 5
      },
      {
        "summonerId": 29574375,
        "teamId": 200,
        "championId": 29
      },
      {
        "summonerId": 37660298,
        "teamId": 100,
        "championId": 51
      }
    ],
    "stats": {
      "level": 12,
      "goldEarned": 6907,
      "numDeaths": 2,
      "turretsKilled": 1,
      "minionsKilled": 11,
      "championsKilled": 3,
      "goldSpent": 4150,
      "totalDamageDealt": 76306,
      "totalDamageTaken": 10456,
      "team": 100,
      "win": true,
      "neutralMinionsKilled": 60,
      "largestMultiKill": 1,
      "physicalDamageDealtPlayer": 32072,
      "magicDamageDealtPlayer": 34615,
      "physicalDamageTaken": 8360,
      "magicDamageTaken": 1566,
      "timePlayed": 1221,
      "totalHeal": 1889,
      "totalUnitsHealed": 1,
      "assists": 6,
      "item0": 3047,
      "item1": 3154,
      "item3": 3082,
      "item6": 3340,
      "magicDamageDealtToChampions": 1017,
      "physicalDamageDealtToChampions": 2847,
      "totalDamageDealtToChampions": 3967,
      "trueDamageDealtPlayer": 9618,
      "trueDamageDealtToChampions": 102,
      "trueDamageTaken": 529,
      "wardKilled": 1,
      "wardPlaced": 6,
      "neutralMinionsKilledEnemyJungle": 8,
      "neutralMinionsKilledYourJungle": 52,
      "totalTimeCrowdControlDealt": 664
    }
  },
  "summonerCount": 10,
  "24487885": {
    "gameId": 818170504,
    "invalid": false,
    "gameMode": "CLASSIC",
    "gameType": "MATCHED_GAME",
    "subType": "NORMAL",
    "mapId": 1,
    "teamId": 100,
    "championId": 107,
    "spell1": 4,
    "spell2": 14,
    "level": 30,
    "ipEarned": 76,
    "createDate": 1398242611603,
    "fellowPlayers": [
      {
        "summonerId": 31374827,
        "teamId": 200,
        "championId": 7
      },
      {
        "summonerId": 30478096,
        "teamId": 200,
        "championId": 38
      },
      {
        "summonerId": 35002097,
        "teamId": 200,
        "championId": 267
      },
      {
        "summonerId": 24307978,
        "teamId": 100,
        "championId": 89
      },
      {
        "summonerId": 31155656,
        "teamId": 100,
        "championId": 64
      },
      {
        "summonerId": 30715828,
        "teamId": 100,
        "championId": 115
      },
      {
        "summonerId": 30952051,
        "teamId": 200,
        "championId": 5
      },
      {
        "summonerId": 29574375,
        "teamId": 200,
        "championId": 29
      },
      {
        "summonerId": 37660298,
        "teamId": 100,
        "championId": 51
      }
    ],
    "stats": {
      "level": 14,
      "goldEarned": 10249,
      "numDeaths": 2,
      "turretsKilled": 2,
      "minionsKilled": 122,
      "championsKilled": 14,
      "goldSpent": 9430,
      "totalDamageDealt": 81396,
      "totalDamageTaken": 14106,
      "doubleKills": 1,
      "killingSprees": 3,
      "largestKillingSpree": 7,
      "team": 100,
      "win": true,
      "neutralMinionsKilled": 9,
      "largestMultiKill": 2,
      "physicalDamageDealtPlayer": 73027,
      "magicDamageDealtPlayer": 7523,
      "physicalDamageTaken": 8850,
      "magicDamageTaken": 4530,
      "timePlayed": 1221,
      "totalHeal": 3080,
      "totalUnitsHealed": 1,
      "assists": 3,
      "item0": 3111,
      "item1": 3071,
      "item2": 1011,
      "item3": 1031,
      "item5": 3074,
      "item6": 3169,
      "magicDamageDealtToChampions": 682,
      "physicalDamageDealtToChampions": 18638,
      "totalDamageDealtToChampions": 20074,
      "trueDamageDealtPlayer": 846,
      "trueDamageDealtToChampions": 754,
      "trueDamageTaken": 726,
      "wardPlaced": 5,
      "neutralMinionsKilledEnemyJungle": 6,
      "neutralMinionsKilledYourJungle": 3,
      "totalTimeCrowdControlDealt": 285
    }
  },
  "30715828": {
    "gameId": 818170504,
    "invalid": false,
    "gameMode": "CLASSIC",
    "gameType": "MATCHED_GAME",
    "subType": "NORMAL",
    "mapId": 1,
    "teamId": 100,
    "championId": 115,
    "spell1": 4,
    "spell2": 14,
    "level": 30,
    "ipEarned": 76,
    "createDate": 1398242611600,
    "fellowPlayers": [
      {
        "summonerId": 31374827,
        "teamId": 200,
        "championId": 7
      },
      {
        "summonerId": 30478096,
        "teamId": 200,
        "championId": 38
      },
      {
        "summonerId": 35002097,
        "teamId": 200,
        "championId": 267
      },
      {
        "summonerId": 24307978,
        "teamId": 100,
        "championId": 89
      },
      {
        "summonerId": 31155656,
        "teamId": 100,
        "championId": 64
      },
      {
        "summonerId": 24487885,
        "teamId": 100,
        "championId": 107
      },
      {
        "summonerId": 30952051,
        "teamId": 200,
        "championId": 5
      },
      {
        "summonerId": 29574375,
        "teamId": 200,
        "championId": 29
      },
      {
        "summonerId": 37660298,
        "teamId": 100,
        "championId": 51
      }
    ],
    "stats": {
      "level": 13,
      "goldEarned": 7524,
      "numDeaths": 1,
      "turretsKilled": 1,
      "minionsKilled": 139,
      "championsKilled": 2,
      "goldSpent": 7060,
      "totalDamageDealt": 78593,
      "totalDamageTaken": 5710,
      "team": 100,
      "win": true,
      "neutralMinionsKilled": 2,
      "largestMultiKill": 1,
      "physicalDamageDealtPlayer": 12838,
      "magicDamageDealtPlayer": 65503,
      "physicalDamageTaken": 2389,
      "magicDamageTaken": 3044,
      "timePlayed": 1221,
      "totalHeal": 55,
      "totalUnitsHealed": 1,
      "assists": 5,
      "item0": 1001,
      "item1": 1056,
      "item2": 2003,
      "item3": 3089,
      "item4": 3174,
      "item6": 3340,
      "sightWardsBought": 3,
      "magicDamageDealtToChampions": 9677,
      "physicalDamageDealtToChampions": 1115,
      "totalDamageDealtToChampions": 11045,
      "trueDamageDealtPlayer": 252,
      "trueDamageDealtToChampions": 252,
      "trueDamageTaken": 276,
      "wardPlaced": 9,
      "neutralMinionsKilledYourJungle": 2,
      "totalTimeCrowdControlDealt": 229
    }
  },
  "37660298": {
    "gameId": 818170504,
    "invalid": false,
    "gameMode": "CLASSIC",
    "gameType": "MATCHED_GAME",
    "subType": "NORMAL",
    "mapId": 1,
    "teamId": 100,
    "championId": 51,
    "spell1": 4,
    "spell2": 7,
    "level": 30,
    "ipEarned": 76,
    "createDate": 1398242611601,
    "fellowPlayers": [
      {
        "summonerId": 31374827,
        "teamId": 200,
        "championId": 7
      },
      {
        "summonerId": 30478096,
        "teamId": 200,
        "championId": 38
      },
      {
        "summonerId": 35002097,
        "teamId": 200,
        "championId": 267
      },
      {
        "summonerId": 24307978,
        "teamId": 100,
        "championId": 89
      },
      {
        "summonerId": 31155656,
        "teamId": 100,
        "championId": 64
      },
      {
        "summonerId": 24487885,
        "teamId": 100,
        "championId": 107
      },
      {
        "summonerId": 30715828,
        "teamId": 100,
        "championId": 115
      },
      {
        "summonerId": 30952051,
        "teamId": 200,
        "championId": 5
      },
      {
        "summonerId": 29574375,
        "teamId": 200,
        "championId": 29
      }
    ],
    "stats": {
      "level": 12,
      "goldEarned": 9350,
      "numDeaths": 2,
      "barracksKilled": 1,
      "turretsKilled": 2,
      "minionsKilled": 140,
      "championsKilled": 8,
      "goldSpent": 9410,
      "totalDamageDealt": 74564,
      "totalDamageTaken": 6669,
      "doubleKills": 1,
      "killingSprees": 1,
      "largestKillingSpree": 6,
      "team": 100,
      "win": true,
      "neutralMinionsKilled": 1,
      "largestMultiKill": 2,
      "physicalDamageDealtPlayer": 72025,
      "magicDamageDealtPlayer": 2538,
      "physicalDamageTaken": 4251,
      "magicDamageTaken": 1739,
      "largestCriticalStrike": 430,
      "timePlayed": 1221,
      "totalHeal": 1364,
      "totalUnitsHealed": 3,
      "assists": 4,
      "item0": 3072,
      "item1": 3035,
      "item2": 3087,
      "item3": 3006,
      "item6": 3340,
      "magicDamageDealtToChampions": 1496,
      "physicalDamageDealtToChampions": 10089,
      "totalDamageDealtToChampions": 11586,
      "trueDamageTaken": 678,
      "wardPlaced": 3,
      "neutralMinionsKilledEnemyJungle": 1,
      "totalTimeCrowdControlDealt": 24
    }
  },
  "29574375": {
    "gameId": 818170504,
    "invalid": false,
    "gameMode": "CLASSIC",
    "gameType": "MATCHED_GAME",
    "subType": "NORMAL",
    "mapId": 1,
    "teamId": 200,
    "championId": 29,
    "spell1": 21,
    "spell2": 4,
    "level": 30,
    "ipEarned": 51,
    "createDate": 1398242611608,
    "fellowPlayers": [
      {
        "summonerId": 31374827,
        "teamId": 200,
        "championId": 7
      },
      {
        "summonerId": 30478096,
        "teamId": 200,
        "championId": 38
      },
      {
        "summonerId": 35002097,
        "teamId": 200,
        "championId": 267
      },
      {
        "summonerId": 24307978,
        "teamId": 100,
        "championId": 89
      },
      {
        "summonerId": 31155656,
        "teamId": 100,
        "championId": 64
      },
      {
        "summonerId": 24487885,
        "teamId": 100,
        "championId": 107
      },
      {
        "summonerId": 30715828,
        "teamId": 100,
        "championId": 115
      },
      {
        "summonerId": 30952051,
        "teamId": 200,
        "championId": 5
      },
      {
        "summonerId": 37660298,
        "teamId": 100,
        "championId": 51
      }
    ],
    "stats": {
      "level": 11,
      "goldEarned": 6728,
      "numDeaths": 4,
      "minionsKilled": 110,
      "championsKilled": 6,
      "goldSpent": 6620,
      "totalDamageDealt": 56006,
      "totalDamageTaken": 11462,
      "doubleKills": 2,
      "tripleKills": 1,
      "killingSprees": 2,
      "largestKillingSpree": 4,
      "team": 200,
      "win": false,
      "neutralMinionsKilled": 2,
      "largestMultiKill": 3,
      "physicalDamageDealtPlayer": 50826,
      "magicDamageDealtPlayer": 556,
      "physicalDamageTaken": 8114,
      "magicDamageTaken": 3347,
      "largestCriticalStrike": 411,
      "timePlayed": 1221,
      "totalHeal": 629,
      "totalUnitsHealed": 1,
      "item0": 1055,
      "item1": 3072,
      "item2": 3006,
      "item3": 3086,
      "item4": 3093,
      "item6": 3340,
      "magicDamageDealtToChampions": 198,
      "physicalDamageDealtToChampions": 6563,
      "totalDamageDealtToChampions": 8451,
      "trueDamageDealtPlayer": 4624,
      "trueDamageDealtToChampions": 1690,
      "wardPlaced": 6,
      "neutralMinionsKilledYourJungle": 2,
      "totalTimeCrowdControlDealt": 304
    }
  },
  "35002097": {
    "gameId": 818170504,
    "invalid": false,
    "gameMode": "CLASSIC",
    "gameType": "MATCHED_GAME",
    "subType": "NORMAL",
    "mapId": 1,
    "teamId": 200,
    "championId": 267,
    "spell1": 7,
    "spell2": 4,
    "level": 30,
    "ipEarned": 51,
    "createDate": 1398242611606,
    "fellowPlayers": [
      {
        "summonerId": 31374827,
        "teamId": 200,
        "championId": 7
      },
      {
        "summonerId": 30478096,
        "teamId": 200,
        "championId": 38
      },
      {
        "summonerId": 24307978,
        "teamId": 100,
        "championId": 89
      },
      {
        "summonerId": 31155656,
        "teamId": 100,
        "championId": 64
      },
      {
        "summonerId": 24487885,
        "teamId": 100,
        "championId": 107
      },
      {
        "summonerId": 30715828,
        "teamId": 100,
        "championId": 115
      },
      {
        "summonerId": 30952051,
        "teamId": 200,
        "championId": 5
      },
      {
        "summonerId": 29574375,
        "teamId": 200,
        "championId": 29
      },
      {
        "summonerId": 37660298,
        "teamId": 100,
        "championId": 51
      }
    ],
    "stats": {
      "level": 10,
      "goldEarned": 5641,
      "numDeaths": 7,
      "minionsKilled": 13,
      "championsKilled": 1,
      "goldSpent": 5160,
      "totalDamageDealt": 16506,
      "totalDamageTaken": 10680,
      "team": 200,
      "win": false,
      "largestMultiKill": 1,
      "physicalDamageDealtPlayer": 4529,
      "magicDamageDealtPlayer": 11977,
      "physicalDamageTaken": 7626,
      "magicDamageTaken": 3053,
      "timePlayed": 1221,
      "totalHeal": 2476,
      "totalUnitsHealed": 3,
      "assists": 6,
      "item0": 3092,
      "item1": 3028,
      "item2": 3047,
      "item3": 2049,
      "item6": 3341,
      "sightWardsBought": 1,
      "visionWardsBought": 1,
      "magicDamageDealtToChampions": 4024,
      "physicalDamageDealtToChampions": 916,
      "totalDamageDealtToChampions": 4941,
      "wardPlaced": 10,
      "totalTimeCrowdControlDealt": 111
    }
  },
  "30478096": {
    "gameId": 818170504,
    "invalid": false,
    "gameMode": "CLASSIC",
    "gameType": "MATCHED_GAME",
    "subType": "NORMAL",
    "mapId": 1,
    "teamId": 200,
    "championId": 38,
    "spell1": 14,
    "spell2": 4,
    "level": 30,
    "ipEarned": 51,
    "createDate": 1398242611604,
    "fellowPlayers": [
      {
        "summonerId": 31374827,
        "teamId": 200,
        "championId": 7
      },
      {
        "summonerId": 35002097,
        "teamId": 200,
        "championId": 267
      },
      {
        "summonerId": 24307978,
        "teamId": 100,
        "championId": 89
      },
      {
        "summonerId": 31155656,
        "teamId": 100,
        "championId": 64
      },
      {
        "summonerId": 24487885,
        "teamId": 100,
        "championId": 107
      },
      {
        "summonerId": 30715828,
        "teamId": 100,
        "championId": 115
      },
      {
        "summonerId": 30952051,
        "teamId": 200,
        "championId": 5
      },
      {
        "summonerId": 29574375,
        "teamId": 200,
        "championId": 29
      },
      {
        "summonerId": 37660298,
        "teamId": 100,
        "championId": 51
      }
    ],
    "stats": {
      "level": 9,
      "goldEarned": 4275,
      "numDeaths": 7,
      "minionsKilled": 83,
      "goldSpent": 4435,
      "totalDamageDealt": 33102,
      "totalDamageTaken": 11180,
      "team": 200,
      "win": false,
      "physicalDamageDealtPlayer": 12554,
      "magicDamageDealtPlayer": 20207,
      "physicalDamageTaken": 9231,
      "magicDamageTaken": 1664,
      "timePlayed": 1221,
      "item0": 1056,
      "item1": 2003,
      "item2": 3070,
      "item3": 1001,
      "item4": 3024,
      "item5": 3010,
      "item6": 3340,
      "magicDamageDealtToChampions": 3391,
      "physicalDamageDealtToChampions": 763,
      "totalDamageDealtToChampions": 4494,
      "trueDamageDealtPlayer": 340,
      "trueDamageDealtToChampions": 340,
      "trueDamageTaken": 284,
      "wardPlaced": 5,
      "totalTimeCrowdControlDealt": 118
    }
  },
  "24307978": {
    "gameId": 818170504,
    "invalid": false,
    "gameMode": "CLASSIC",
    "gameType": "MATCHED_GAME",
    "subType": "NORMAL",
    "mapId": 1,
    "teamId": 100,
    "championId": 89,
    "spell1": 3,
    "spell2": 4,
    "level": 30,
    "ipEarned": 76,
    "createDate": 1398242611602,
    "fellowPlayers": [
      {
        "summonerId": 31374827,
        "teamId": 200,
        "championId": 7
      },
      {
        "summonerId": 30478096,
        "teamId": 200,
        "championId": 38
      },
      {
        "summonerId": 35002097,
        "teamId": 200,
        "championId": 267
      },
      {
        "summonerId": 31155656,
        "teamId": 100,
        "championId": 64
      },
      {
        "summonerId": 24487885,
        "teamId": 100,
        "championId": 107
      },
      {
        "summonerId": 30715828,
        "teamId": 100,
        "championId": 115
      },
      {
        "summonerId": 30952051,
        "teamId": 200,
        "championId": 5
      },
      {
        "summonerId": 29574375,
        "teamId": 200,
        "championId": 29
      },
      {
        "summonerId": 37660298,
        "teamId": 100,
        "championId": 51
      }
    ],
    "stats": {
      "level": 11,
      "goldEarned": 6874,
      "numDeaths": 3,
      "minionsKilled": 22,
      "championsKilled": 3,
      "goldSpent": 6525,
      "totalDamageDealt": 16096,
      "totalDamageTaken": 8985,
      "team": 100,
      "win": true,
      "largestMultiKill": 1,
      "physicalDamageDealtPlayer": 5984,
      "magicDamageDealtPlayer": 6791,
      "physicalDamageTaken": 6620,
      "magicDamageTaken": 1650,
      "timePlayed": 1221,
      "totalHeal": 1477,
      "totalUnitsHealed": 2,
      "assists": 9,
      "item0": 3401,
      "item1": 3190,
      "item2": 2049,
      "item3": 2010,
      "item4": 1001,
      "item6": 3340,
      "sightWardsBought": 3,
      "magicDamageDealtToChampions": 2884,
      "physicalDamageDealtToChampions": 1877,
      "totalDamageDealtToChampions": 4762,
      "trueDamageDealtPlayer": 3320,
      "trueDamageTaken": 715,
      "wardPlaced": 12,
      "totalTimeCrowdControlDealt": 53
    }
  },
  "31374827": {
    "gameId": 818170504,
    "invalid": false,
    "gameMode": "CLASSIC",
    "gameType": "MATCHED_GAME",
    "subType": "NORMAL",
    "mapId": 1,
    "teamId": 200,
    "championId": 7,
    "spell1": 14,
    "spell2": 4,
    "level": 30,
    "ipEarned": 51,
    "createDate": 1398242611607,
    "fellowPlayers": [
      {
        "summonerId": 30478096,
        "teamId": 200,
        "championId": 38
      },
      {
        "summonerId": 35002097,
        "teamId": 200,
        "championId": 267
      },
      {
        "summonerId": 24307978,
        "teamId": 100,
        "championId": 89
      },
      {
        "summonerId": 31155656,
        "teamId": 100,
        "championId": 64
      },
      {
        "summonerId": 24487885,
        "teamId": 100,
        "championId": 107
      },
      {
        "summonerId": 30715828,
        "teamId": 100,
        "championId": 115
      },
      {
        "summonerId": 30952051,
        "teamId": 200,
        "championId": 5
      },
      {
        "summonerId": 29574375,
        "teamId": 200,
        "championId": 29
      },
      {
        "summonerId": 37660298,
        "teamId": 100,
        "championId": 51
      }
    ],
    "stats": {
      "level": 10,
      "goldEarned": 4931,
      "numDeaths": 5,
      "minionsKilled": 83,
      "championsKilled": 2,
      "goldSpent": 4555,
      "totalDamageDealt": 34452,
      "totalDamageTaken": 11689,
      "killingSprees": 1,
      "largestKillingSpree": 2,
      "team": 200,
      "win": false,
      "largestMultiKill": 1,
      "physicalDamageDealtPlayer": 7769,
      "magicDamageDealtPlayer": 26208,
      "physicalDamageTaken": 6396,
      "magicDamageTaken": 4826,
      "timePlayed": 1221,
      "totalHeal": 208,
      "totalUnitsHealed": 1,
      "item0": 3165,
      "item1": 1052,
      "item3": 3020,
      "item5": 1056,
      "item6": 3340,
      "magicDamageDealtToChampions": 4296,
      "physicalDamageDealtToChampions": 306,
      "totalDamageDealtToChampions": 5076,
      "trueDamageDealtPlayer": 474,
      "trueDamageDealtToChampions": 474,
      "trueDamageTaken": 466,
      "wardPlaced": 3,
      "totalTimeCrowdControlDealt": 30
    }
  },
  "31155656": {
    "gameId": 818170504,
    "invalid": false,
    "gameMode": "CLASSIC",
    "gameType": "MATCHED_GAME",
    "subType": "NORMAL",
    "mapId": 1,
    "teamId": 100,
    "championId": 64,
    "spell1": 4,
    "spell2": 11,
    "level": 30,
    "ipEarned": 76,
    "createDate": 1398242611599,
    "fellowPlayers": [
      {
        "summonerId": 31374827,
        "teamId": 200,
        "championId": 7
      },
      {
        "summonerId": 30478096,
        "teamId": 200,
        "championId": 38
      },
      {
        "summonerId": 35002097,
        "teamId": 200,
        "championId": 267
      },
      {
        "summonerId": 24307978,
        "teamId": 100,
        "championId": 89
      },
      {
        "summonerId": 24487885,
        "teamId": 100,
        "championId": 107
      },
      {
        "summonerId": 30715828,
        "teamId": 100,
        "championId": 115
      },
      {
        "summonerId": 30952051,
        "teamId": 200,
        "championId": 5
      },
      {
        "summonerId": 29574375,
        "teamId": 200,
        "championId": 29
      },
      {
        "summonerId": 37660298,
        "teamId": 100,
        "championId": 51
      }
    ],
    "stats": {
      "level": 12,
      "goldEarned": 6907,
      "numDeaths": 2,
      "turretsKilled": 1,
      "minionsKilled": 11,
      "championsKilled": 3,
      "goldSpent": 4150,
      "totalDamageDealt": 76306,
      "totalDamageTaken": 10456,
      "team": 100,
      "win": true,
      "neutralMinionsKilled": 60,
      "largestMultiKill": 1,
      "physicalDamageDealtPlayer": 32072,
      "magicDamageDealtPlayer": 34615,
      "physicalDamageTaken": 8360,
      "magicDamageTaken": 1566,
      "timePlayed": 1221,
      "totalHeal": 1889,
      "totalUnitsHealed": 1,
      "assists": 6,
      "item0": 3047,
      "item1": 3154,
      "item3": 3082,
      "item6": 3340,
      "magicDamageDealtToChampions": 1017,
      "physicalDamageDealtToChampions": 2847,
      "totalDamageDealtToChampions": 3967,
      "trueDamageDealtPlayer": 9618,
      "trueDamageDealtToChampions": 102,
      "trueDamageTaken": 529,
      "wardKilled": 1,
      "wardPlaced": 6,
      "neutralMinionsKilledEnemyJungle": 8,
      "neutralMinionsKilledYourJungle": 52,
      "totalTimeCrowdControlDealt": 664
    }
  }
}