{
  "25903884": {
    "gameId": 818138410,
    "invalid": false,
    "gameMode": "CLASSIC",
    "gameType": "MATCHED_GAME",
    "subType": "NORMAL",
    "mapId": 1,
    "teamId": 100,
    "championId": 154,
    "spell1": 11,
    "spell2": 4,
    "level": 30,
    "ipEarned": 65,
    "createDate": 1398234855741,
    "fellowPlayers": [
      {
        "summonerId": 21101533,
        "teamId": 200,
        "championId": 53
      },
      {
        "summonerId": 33079028,
        "teamId": 200,
        "championId": 236
      },
      {
        "summonerId": 30097758,
        "teamId": 100,
        "championId": 99
      },
      {
        "summonerId": 31201288,
        "teamId": 100,
        "championId": 29
      },
      {
        "summonerId": 22613094,
        "teamId": 100,
        "championId": 117
      },
      {
        "summonerId": 35566099,
        "teamId": 200,
        "championId": 90
      },
      {
        "summonerId": 27819413,
        "teamId": 200,
        "championId": 28
      },
      {
        "summonerId": 30367685,
        "teamId": 200,
        "championId": 54
      },
      {
        "summonerId": 33972826,
        "teamId": 100,
        "championId": 64
      }
    ],
    "stats": {
      "level": 16,
      "goldEarned": 11526,
      "numDeaths": 4,
      "minionsKilled": 39,
      "championsKilled": 5,
      "goldSpent": 10000,
      "totalDamageDealt": 174364,
      "totalDamageTaken": 47263,
      "killingSprees": 2,
      "largestKillingSpree": 2,
      "team": 100,
      "win": false,
      "neutralMinionsKilled": 112,
      "largestMultiKill": 1,
      "physicalDamageDealtPlayer": 31855,
      "magicDamageDealtPlayer": 122921,
      "physicalDamageTaken": 28440,
      "magicDamageTaken": 18354,
      "timePlayed": 2138,
      "totalHeal": 49474,
      "totalUnitsHealed": 1,
      "assists": 3,
      "item0": 3207,
      "item1": 3065,
      "item2": 1001,
      "item3": 3102,
      "item4": 1011,
      "item5": 1011,
      "item6": 3340,
      "magicDamageDealtToChampions": 11607,
      "physicalDamageDealtToChampions": 602,
      "totalDamageDealtToChampions": 12449,
      "trueDamageDealtPlayer": 19588,
      "trueDamageDealtToChampions": 240,
      "trueDamageTaken": 468,
      "wardPlaced": 3,
      "neutralMinionsKilledEnemyJungle": 24,
      "neutralMinionsKilledYourJungle": 88,
      "totalTimeCrowdControlDealt": 1226
    }
  },
  "summonerCount": 10,
  "31201288": {
    "gameId": 818138410,
    "invalid": false,
    "gameMode": "CLASSIC",
    "gameType": "MATCHED_GAME",
    "subType": "NORMAL",
    "mapId": 1,
    "teamId": 100,
    "championId": 29,
    "spell1": 4,
    "spell2": 7,
    "level": 30,
    "ipEarned": 65,
    "createDate": 1398234855737,
    "fellowPlayers": [
      {
        "summonerId": 21101533,
        "teamId": 200,
        "championId": 53
      },
      {
        "summonerId": 33079028,
        "teamId": 200,
        "championId": 236
      },
      {
        "summonerId": 30097758,
        "teamId": 100,
        "championId": 99
      },
      {
        "summonerId": 22613094,
        "teamId": 100,
        "championId": 117
      },
      {
        "summonerId": 35566099,
        "teamId": 200,
        "championId": 90
      },
      {
        "summonerId": 27819413,
        "teamId": 200,
        "championId": 28
      },
      {
        "summonerId": 30367685,
        "teamId": 200,
        "championId": 54
      },
      {
        "summonerId": 25903884,
        "teamId": 100,
        "championId": 154
      },
      {
        "summonerId": 33972826,
        "teamId": 100,
        "championId": 64
      }
    ],
    "stats": {
      "level": 16,
      "goldEarned": 13355,
      "numDeaths": 8,
      "turretsKilled": 1,
      "minionsKilled": 228,
      "championsKilled": 9,
      "goldSpent": 12620,
      "totalDamageDealt": 161957,
      "totalDamageTaken": 28253,
      "killingSprees": 3,
      "largestKillingSpree": 2,
      "team": 100,
      "win": false,
      "neutralMinionsKilled": 14,
      "largestMultiKill": 1,
      "physicalDamageDealtPlayer": 150658,
      "magicDamageDealtPlayer": 1617,
      "physicalDamageTaken": 16304,
      "magicDamageTaken": 11473,
      "largestCriticalStrike": 777,
      "timePlayed": 2138,
      "totalHeal": 3335,
      "totalUnitsHealed": 3,
      "assists": 5,
      "item0": 3072,
      "item1": 3250,
      "item2": 3046,
      "item3": 3031,
      "item4": 1055,
      "item5": 1043,
      "item6": 3340,
      "magicDamageDealtToChampions": 908,
      "physicalDamageDealtToChampions": 22427,
      "totalDamageDealtToChampions": 28589,
      "trueDamageDealtPlayer": 9682,
      "trueDamageDealtToChampions": 5254,
      "trueDamageTaken": 475,
      "wardKilled": 1,
      "wardPlaced": 10,
      "neutralMinionsKilledEnemyJungle": 2,
      "neutralMinionsKilledYourJungle": 12,
      "totalTimeCrowdControlDealt": 233
    }
  },
  "35566099": {
    "gameId": 818138410,
    "invalid": false,
    "gameMode": "CLASSIC",
    "gameType": "MATCHED_GAME",
    "subType": "NORMAL",
    "mapId": 1,
    "teamId": 200,
    "championId": 90,
    "spell1": 4,
    "spell2": 14,
    "level": 30,
    "ipEarned": 99,
    "createDate": 1398234855747,
    "fellowPlayers": [
      {
        "summonerId": 21101533,
        "teamId": 200,
        "championId": 53
      },
      {
        "summonerId": 33079028,
        "teamId": 200,
        "championId": 236
      },
      {
        "summonerId": 30097758,
        "teamId": 100,
        "championId": 99
      },
      {
        "summonerId": 31201288,
        "teamId": 100,
        "championId": 29
      },
      {
        "summonerId": 22613094,
        "teamId": 100,
        "championId": 117
      },
      {
        "summonerId": 27819413,
        "teamId": 200,
        "championId": 28
      },
      {
        "summonerId": 30367685,
        "teamId": 200,
        "championId": 54
      },
      {
        "summonerId": 25903884,
        "teamId": 100,
        "championId": 154
      },
      {
        "summonerId": 33972826,
        "teamId": 100,
        "championId": 64
      }
    ],
    "stats": {
      "level": 16,
      "goldEarned": 12192,
      "numDeaths": 2,
      "minionsKilled": 173,
      "championsKilled": 7,
      "goldSpent": 11295,
      "totalDamageDealt": 118723,
      "totalDamageTaken": 15323,
      "killingSprees": 1,
      "largestKillingSpree": 6,
      "team": 200,
      "win": true,
      "neutralMinionsKilled": 7,
      "largestMultiKill": 1,
      "physicalDamageDealtPlayer": 42613,
      "magicDamageDealtPlayer": 75235,
      "physicalDamageTaken": 7315,
      "magicDamageTaken": 6940,
      "timePlayed": 2138,
      "totalHeal": 443,
      "totalUnitsHealed": 1,
      "assists": 9,
      "item0": 1056,
      "item1": 3191,
      "item2": 3089,
      "item3": 3020,
      "item4": 3135,
      "item5": 3151,
      "item6": 3340,
      "magicDamageDealtToChampions": 23594,
      "physicalDamageDealtToChampions": 3220,
      "totalDamageDealtToChampions": 27322,
      "trueDamageDealtPlayer": 875,
      "trueDamageDealtToChampions": 507,
      "trueDamageTaken": 1067,
      "wardPlaced": 7,
      "neutralMinionsKilledYourJungle": 7,
      "totalTimeCrowdControlDealt": 115
    }
  },
  "30097758": {
    "gameId": 818138410,
    "invalid": false,
    "gameMode": "CLASSIC",
    "gameType": "MATCHED_GAME",
    "subType": "NORMAL",
    "mapId": 1,
    "teamId": 100,
    "championId": 99,
    "spell1": 7,
    "spell2": 4,
    "level": 30,
    "ipEarned": 65,
    "createDate": 1398234855739,
    "fellowPlayers": [
      {
        "summonerId": 21101533,
        "teamId": 200,
        "championId": 53
      },
      {
        "summonerId": 33079028,
        "teamId": 200,
        "championId": 236
      },
      {
        "summonerId": 31201288,
        "teamId": 100,
        "championId": 29
      },
      {
        "summonerId": 22613094,
        "teamId": 100,
        "championId": 117
      },
      {
        "summonerId": 35566099,
        "teamId": 200,
        "championId": 90
      },
      {
        "summonerId": 27819413,
        "teamId": 200,
        "championId": 28
      },
      {
        "summonerId": 30367685,
        "teamId": 200,
        "championId": 54
      },
      {
        "summonerId": 25903884,
        "teamId": 100,
        "championId": 154
      },
      {
        "summonerId": 33972826,
        "teamId": 100,
        "championId": 64
      }
    ],
    "stats": {
      "level": 15,
      "goldEarned": 9933,
      "numDeaths": 6,
      "minionsKilled": 162,
      "championsKilled": 1,
      "goldSpent": 9345,
      "totalDamageDealt": 114749,
      "totalDamageTaken": 17552,
      "team": 100,
      "win": false,
      "neutralMinionsKilled": 9,
      "largestMultiKill": 1,
      "physicalDamageDealtPlayer": 21353,
      "magicDamageDealtPlayer": 93395,
      "physicalDamageTaken": 6590,
      "magicDamageTaken": 10644,
      "timePlayed": 2138,
      "totalHeal": 2300,
      "totalUnitsHealed": 4,
      "assists": 9,
      "item0": 3089,
      "item1": 3174,
      "item2": 3255,
      "item3": 1052,
      "item4": 1026,
      "item6": 3340,
      "magicDamageDealtToChampions": 17018,
      "physicalDamageDealtToChampions": 1625,
      "totalDamageDealtToChampions": 18643,
      "trueDamageTaken": 317,
      "wardPlaced": 6,
      "neutralMinionsKilledYourJungle": 9,
      "totalTimeCrowdControlDealt": 345
    }
  },
  "33972826": {
    "gameId": 818138410,
    "invalid": false,
    "gameMode": "CLASSIC",
    "gameType": "MATCHED_GAME",
    "subType": "NORMAL",
    "mapId": 1,
    "teamId": 100,
    "championId": 64,
    "spell1": 4,
    "spell2": 14,
    "level": 30,
    "ipEarned": 65,
    "createDate": 1398234855742,
    "fellowPlayers": [
      {
        "summonerId": 21101533,
        "teamId": 200,
        "championId": 53
      },
      {
        "summonerId": 33079028,
        "teamId": 200,
        "championId": 236
      },
      {
        "summonerId": 30097758,
        "teamId": 100,
        "championId": 99
      },
      {
        "summonerId": 31201288,
        "teamId": 100,
        "championId": 29
      },
      {
        "summonerId": 22613094,
        "teamId": 100,
        "championId": 117
      },
      {
        "summonerId": 35566099,
        "teamId": 200,
        "championId": 90
      },
      {
        "summonerId": 27819413,
        "teamId": 200,
        "championId": 28
      },
      {
        "summonerId": 30367685,
        "teamId": 200,
        "championId": 54
      },
      {
        "summonerId": 25903884,
        "teamId": 100,
        "championId": 154
      }
    ],
    "stats": {
      "level": 17,
      "goldEarned": 12160,
      "numDeaths": 3,
      "turretsKilled": 2,
      "minionsKilled": 271,
      "championsKilled": 2,
      "goldSpent": 11870,
      "totalDamageDealt": 181726,
      "totalDamageTaken": 23225,
      "killingSprees": 1,
      "largestKillingSpree": 2,
      "team": 100,
      "win": false,
      "neutralMinionsKilled": 11,
      "largestMultiKill": 1,
      "physicalDamageDealtPlayer": 135268,
      "magicDamageDealtPlayer": 45693,
      "physicalDamageTaken": 12055,
      "magicDamageTaken": 10845,
      "timePlayed": 2138,
      "totalHeal": 2822,
      "totalUnitsHealed": 1,
      "assists": 4,
      "item0": 3074,
      "item1": 2044,
      "item2": 3143,
      "item3": 1057,
      "item4": 3035,
      "item5": 3265,
      "item6": 3340,
      "sightWardsBought": 3,
      "magicDamageDealtToChampions": 1916,
      "physicalDamageDealtToChampions": 11116,
      "totalDamageDealtToChampions": 13525,
      "trueDamageDealtPlayer": 764,
      "trueDamageDealtToChampions": 492,
      "trueDamageTaken": 325,
      "wardPlaced": 12,
      "neutralMinionsKilledEnemyJungle": 11,
      "totalTimeCrowdControlDealt": 465
    }
  },
  "22613094": {
    "gameId": 818138410,
    "invalid": false,
    "gameMode": "CLASSIC",
    "gameType": "MATCHED_GAME",
    "subType": "NORMAL",
    "mapId": 1,
    "teamId": 100,
    "championId": 117,
    "spell1": 14,
    "spell2": 4,
    "level": 30,
    "ipEarned": 65,
    "createDate": 1398234855740,
    "fellowPlayers": [
      {
        "summonerId": 21101533,
        "teamId": 200,
        "championId": 53
      },
      {
        "summonerId": 33079028,
        "teamId": 200,
        "championId": 236
      },
      {
        "summonerId": 30097758,
        "teamId": 100,
        "championId": 99
      },
      {
        "summonerId": 31201288,
        "teamId": 100,
        "championId": 29
      },
      {
        "summonerId": 35566099,
        "teamId": 200,
        "championId": 90
      },
      {
        "summonerId": 27819413,
        "teamId": 200,
        "championId": 28
      },
      {
        "summonerId": 30367685,
        "teamId": 200,
        "championId": 54
      },
      {
        "summonerId": 25903884,
        "teamId": 100,
        "championId": 154
      },
      {
        "summonerId": 33972826,
        "teamId": 100,
        "championId": 64
      }
    ],
    "stats": {
      "level": 14,
      "goldEarned": 9368,
      "numDeaths": 8,
      "turretsKilled": 1,
      "minionsKilled": 12,
      "championsKilled": 2,
      "goldSpent": 8955,
      "totalDamageDealt": 21168,
      "totalDamageTaken": 18538,
      "team": 100,
      "win": false,
      "largestMultiKill": 1,
      "physicalDamageDealtPlayer": 5450,
      "magicDamageDealtPlayer": 14519,
      "physicalDamageTaken": 10738,
      "magicDamageTaken": 7506,
      "timePlayed": 2138,
      "totalHeal": 1624,
      "totalUnitsHealed": 4,
      "assists": 12,
      "item0": 3222,
      "item1": 2049,
      "item2": 3023,
      "item3": 3092,
      "item4": 3265,
      "item6": 3340,
      "sightWardsBought": 1,
      "visionWardsBought": 1,
      "magicDamageDealtToChampions": 5876,
      "physicalDamageDealtToChampions": 1690,
      "totalDamageDealtToChampions": 8689,
      "trueDamageDealtPlayer": 1198,
      "trueDamageDealtToChampions": 1122,
      "trueDamageTaken": 294,
      "wardPlaced": 31,
      "totalTimeCrowdControlDealt": 327
    }
  },
  "30367685": {
    "gameId": 818138410,
    "invalid": false,
    "gameMode": "CLASSIC",
    "gameType": "MATCHED_GAME",
    "subType": "NORMAL",
    "mapId": 1,
    "teamId": 200,
    "championId": 54,
    "spell1": 4,
    "spell2": 12,
    "level": 30,
    "ipEarned": 249,
    "createDate": 1398234855743,
    "fellowPlayers": [
      {
        "summonerId": 21101533,
        "teamId": 200,
        "championId": 53
      },
      {
        "summonerId": 33079028,
        "teamId": 200,
        "championId": 236
      },
      {
        "summonerId": 30097758,
        "teamId": 100,
        "championId": 99
      },
      {
        "summonerId": 31201288,
        "teamId": 100,
        "championId": 29
      },
      {
        "summonerId": 22613094,
        "teamId": 100,
        "championId": 117
      },
      {
        "summonerId": 35566099,
        "teamId": 200,
        "championId": 90
      },
      {
        "summonerId": 27819413,
        "teamId": 200,
        "championId": 28
      },
      {
        "summonerId": 25903884,
        "teamId": 100,
        "championId": 154
      },
      {
        "summonerId": 33972826,
        "teamId": 100,
        "championId": 64
      }
    ],
    "stats": {
      "level": 17,
      "goldEarned": 12399,
      "numDeaths": 2,
      "minionsKilled": 190,
      "championsKilled": 4,
      "goldSpent": 11170,
      "totalDamageDealt": 110141,
      "totalDamageTaken": 18699,
      "killingSprees": 1,
      "largestKillingSpree": 2,
      "team": 200,
      "win": true,
      "neutralMinionsKilled": 6,
      "largestMultiKill": 1,
      "physicalDamageDealtPlayer": 27683,
      "magicDamageDealtPlayer": 82457,
      "physicalDamageTaken": 11750,
      "magicDamageTaken": 5559,
      "timePlayed": 2138,
      "totalHeal": 1201,
      "totalUnitsHealed": 1,
      "assists": 15,
      "item0": 3143,
      "item1": 2041,
      "item2": 3068,
      "item3": 3001,
      "item4": 3020,
      "item5": 3191,
      "item6": 3340,
      "sightWardsBought": 1,
      "magicDamageDealtToChampions": 14273,
      "physicalDamageDealtToChampions": 2202,
      "totalDamageDealtToChampions": 16475,
      "trueDamageTaken": 1389,
      "wardKilled": 1,
      "wardPlaced": 6,
      "neutralMinionsKilledYourJungle": 6,
      "totalTimeCrowdControlDealt": 1156
    }
  },
  "21101533": {
    "gameId": 818138410,
    "invalid": false,
    "gameMode": "CLASSIC",
    "gameType": "MATCHED_GAME",
    "subType": "NORMAL",
    "mapId": 1,
    "teamId": 200,
    "championId": 53,
    "spell1": 3,
    "spell2": 4,
    "level": 30,
    "ipEarned": 249,
    "createDate": 1398234855746,
    "fellowPlayers": [
      {
        "summonerId": 33079028,
        "teamId": 200,
        "championId": 236
      },
      {
        "summonerId": 30097758,
        "teamId": 100,
        "championId": 99
      },
      {
        "summonerId": 31201288,
        "teamId": 100,
        "championId": 29
      },
      {
        "summonerId": 22613094,
        "teamId": 100,
        "championId": 117
      },
      {
        "summonerId": 35566099,
        "teamId": 200,
        "championId": 90
      },
      {
        "summonerId": 27819413,
        "teamId": 200,
        "championId": 28
      },
      {
        "summonerId": 30367685,
        "teamId": 200,
        "championId": 54
      },
      {
        "summonerId": 25903884,
        "teamId": 100,
        "championId": 154
      },
      {
        "summonerId": 33972826,
        "teamId": 100,
        "championId": 64
      }
    ],
    "stats": {
      "level": 14,
      "goldEarned": 8911,
      "numDeaths": 2,
      "turretsKilled": 2,
      "minionsKilled": 38,
      "championsKilled": 1,
      "goldSpent": 7025,
      "totalDamageDealt": 31833,
      "totalDamageTaken": 22608,
      "team": 200,
      "win": true,
      "neutralMinionsKilled": 4,
      "largestMultiKill": 1,
      "physicalDamageDealtPlayer": 9643,
      "magicDamageDealtPlayer": 21044,
      "physicalDamageTaken": 11316,
      "magicDamageTaken": 9196,
      "timePlayed": 2138,
      "totalHeal": 1500,
      "totalUnitsHealed": 5,
      "assists": 13,
      "item0": 3401,
      "item1": 3190,
      "item2": 2049,
      "item3": 3047,
      "item6": 3341,
      "sightWardsBought": 3,
      "magicDamageDealtToChampions": 6989,
      "physicalDamageDealtToChampions": 2223,
      "totalDamageDealtToChampions": 9213,
      "trueDamageDealtPlayer": 1144,
      "trueDamageTaken": 2095,
      "wardKilled": 2,
      "wardPlaced": 17,
      "neutralMinionsKilledYourJungle": 4,
      "totalTimeCrowdControlDealt": 83
    }
  },
  "33079028": {
    "gameId": 818138410,
    "invalid": false,
    "gameMode": "CLASSIC",
    "gameType": "MATCHED_GAME",
    "subType": "NORMAL",
    "mapId": 1,
    "teamId": 200,
    "championId": 236,
    "spell1": 7,
    "spell2": 4,
    "level": 30,
    "ipEarned": 249,
    "createDate": 1398234855749,
    "fellowPlayers": [
      {
        "summonerId": 21101533,
        "teamId": 200,
        "championId": 53
      },
      {
        "summonerId": 30097758,
        "teamId": 100,
        "championId": 99
      },
      {
        "summonerId": 31201288,
        "teamId": 100,
        "championId": 29
      },
      {
        "summonerId": 22613094,
        "teamId": 100,
        "championId": 117
      },
      {
        "summonerId": 35566099,
        "teamId": 200,
        "championId": 90
      },
      {
        "summonerId": 27819413,
        "teamId": 200,
        "championId": 28
      },
      {
        "summonerId": 30367685,
        "teamId": 200,
        "championId": 54
      },
      {
        "summonerId": 25903884,
        "teamId": 100,
        "championId": 154
      },
      {
        "summonerId": 33972826,
        "teamId": 100,
        "championId": 64
      }
    ],
    "stats": {
      "level": 15,
      "goldEarned": 12301,
      "numDeaths": 6,
      "barracksKilled": 2,
      "turretsKilled": 4,
      "minionsKilled": 162,
      "championsKilled": 9,
      "goldSpent": 10823,
      "totalDamageDealt": 116438,
      "totalDamageTaken": 21304,
      "doubleKills": 2,
      "killingSprees": 3,
      "largestKillingSpree": 2,
      "team": 200,
      "win": true,
      "neutralMinionsKilled": 4,
      "largestMultiKill": 2,
      "physicalDamageDealtPlayer": 103542,
      "magicDamageDealtPlayer": 12861,
      "physicalDamageTaken": 14334,
      "magicDamageTaken": 4829,
      "largestCriticalStrike": 553,
      "timePlayed": 2138,
      "totalHeal": 2364,
      "totalUnitsHealed": 3,
      "assists": 6,
      "item0": 3006,
      "item1": 3072,
      "item2": 1055,
      "item3": 3078,
      "item4": 3035,
      "item6": 3340,
      "magicDamageDealtToChampions": 2517,
      "physicalDamageDealtToChampions": 21257,
      "totalDamageDealtToChampions": 23808,
      "trueDamageDealtPlayer": 34,
      "trueDamageDealtToChampions": 34,
      "trueDamageTaken": 2140,
      "wardKilled": 2,
      "wardPlaced": 8,
      "neutralMinionsKilledEnemyJungle": 1,
      "neutralMinionsKilledYourJungle": 3,
      "totalTimeCrowdControlDealt": 33
    }
  },
  "25903884": {
    "gameId": 818138410,
    "invalid": false,
    "gameMode": "CLASSIC",
    "gameType": "MATCHED_GAME",
    "subType": "NORMAL",
    "mapId": 1,
    "teamId": 100,
    "championId": 154,
    "spell1": 11,
    "spell2": 4,
    "level": 30,
    "ipEarned": 65,
    "createDate": 1398234855741,
    "fellowPlayers": [
      {
        "summonerId": 21101533,
        "teamId": 200,
        "championId": 53
      },
      {
        "summonerId": 33079028,
        "teamId": 200,
        "championId": 236
      },
      {
        "summonerId": 30097758,
        "teamId": 100,
        "championId": 99
      },
      {
        "summonerId": 31201288,
        "teamId": 100,
        "championId": 29
      },
      {
        "summonerId": 22613094,
        "teamId": 100,
        "championId": 117
      },
      {
        "summonerId": 35566099,
        "teamId": 200,
        "championId": 90
      },
      {
        "summonerId": 27819413,
        "teamId": 200,
        "championId": 28
      },
      {
        "summonerId": 30367685,
        "teamId": 200,
        "championId": 54
      },
      {
        "summonerId": 33972826,
        "teamId": 100,
        "championId": 64
      }
    ],
    "stats": {
      "level": 16,
      "goldEarned": 11526,
      "numDeaths": 4,
      "minionsKilled": 39,
      "championsKilled": 5,
      "goldSpent": 10000,
      "totalDamageDealt": 174364,
      "totalDamageTaken": 47263,
      "killingSprees": 2,
      "largestKillingSpree": 2,
      "team": 100,
      "win": false,
      "neutralMinionsKilled": 112,
      "largestMultiKill": 1,
      "physicalDamageDealtPlayer": 31855,
      "magicDamageDealtPlayer": 122921,
      "physicalDamageTaken": 28440,
      "magicDamageTaken": 18354,
      "timePlayed": 2138,
      "totalHeal": 49474,
      "totalUnitsHealed": 1,
      "assists": 3,
      "item0": 3207,
      "item1": 3065,
      "item2": 1001,
      "item3": 3102,
      "item4": 1011,
      "item5": 1011,
      "item6": 3340,
      "magicDamageDealtToChampions": 11607,
      "physicalDamageDealtToChampions": 602,
      "totalDamageDealtToChampions": 12449,
      "trueDamageDealtPlayer": 19588,
      "trueDamageDealtToChampions": 240,
      "trueDamageTaken": 468,
      "wardPlaced": 3,
      "neutralMinionsKilledEnemyJungle": 24,
      "neutralMinionsKilledYourJungle": 88,
      "totalTimeCrowdControlDealt": 1226
    }
  }
}