{
  "24741863": {
    "gameId": 818161757,
    "invalid": false,
    "gameMode": "CLASSIC",
    "gameType": "MATCHED_GAME",
    "subType": "RANKED_SOLO_5x5",
    "mapId": 1,
    "teamId": 100,
    "championId": 1,
    "spell1": 4,
    "spell2": 14,
    "level": 30,
    "ipEarned": 122,
    "createDate": 1398243944796,
    "fellowPlayers": [
      {
        "summonerId": 28613160,
        "teamId": 200,
        "championId": 222
      },
      {
        "summonerId": 22125277,
        "teamId": 200,
        "championId": 86
      },
      {
        "summonerId": 28657486,
        "teamId": 200,
        "championId": 76
      },
      {
        "summonerId": 38272778,
        "teamId": 100,
        "championId": 19
      },
      {
        "summonerId": 39566575,
        "teamId": 200,
        "championId": 7
      },
      {
        "summonerId": 24753537,
        "teamId": 100,
        "championId": 92
      },
      {
        "summonerId": 33798618,
        "teamId": 100,
        "championId": 81
      },
      {
        "summonerId": 30705341,
        "teamId": 200,
        "championId": 11
      },
      {
        "summonerId": 34896388,
        "teamId": 100,
        "championId": 25
      }
    ],
    "stats": {
      "level": 18,
      "goldEarned": 19595,
      "numDeaths": 13,
      "turretsKilled": 2,
      "minionsKilled": 197,
      "championsKilled": 22,
      "goldSpent": 18145,
      "totalDamageDealt": 191925,
      "totalDamageTaken": 40905,
      "doubleKills": 4,
      "tripleKills": 1,
      "killingSprees": 7,
      "largestKillingSpree": 5,
      "team": 100,
      "win": true,
      "neutralMinionsKilled": 19,
      "largestMultiKill": 3,
      "physicalDamageDealtPlayer": 16093,
      "magicDamageDealtPlayer": 174272,
      "physicalDamageTaken": 22269,
      "magicDamageTaken": 17425,
      "timePlayed": 2724,
      "totalHeal": 2166,
      "totalUnitsHealed": 1,
      "assists": 11,
      "item0": 3157,
      "item1": 3128,
      "item2": 3027,
      "item3": 3255,
      "item4": 3116,
      "item5": 3089,
      "item6": 3340,
      "magicDamageDealtToChampions": 36689,
      "physicalDamageDealtToChampions": 1449,
      "totalDamageDealtToChampions": 39494,
      "trueDamageDealtPlayer": 1560,
      "trueDamageDealtToChampions": 1356,
      "trueDamageTaken": 1211,
      "wardPlaced": 11,
      "neutralMinionsKilledYourJungle": 19,
      "totalTimeCrowdControlDealt": 339
    }
  },
  "summonerCount": 10,
  "22125277": {
    "gameId": 818161757,
    "invalid": false,
    "gameMode": "CLASSIC",
    "gameType": "MATCHED_GAME",
    "subType": "RANKED_SOLO_5x5",
    "mapId": 1,
    "teamId": 200,
    "championId": 86,
    "spell1": 12,
    "spell2": 4,
    "level": 30,
    "ipEarned": 79,
    "createDate": 1398243944802,
    "fellowPlayers": [
      {
        "summonerId": 28613160,
        "teamId": 200,
        "championId": 222
      },
      {
        "summonerId": 24741863,
        "teamId": 100,
        "championId": 1
      },
      {
        "summonerId": 28657486,
        "teamId": 200,
        "championId": 76
      },
      {
        "summonerId": 38272778,
        "teamId": 100,
        "championId": 19
      },
      {
        "summonerId": 39566575,
        "teamId": 200,
        "championId": 7
      },
      {
        "summonerId": 24753537,
        "teamId": 100,
        "championId": 92
      },
      {
        "summonerId": 33798618,
        "teamId": 100,
        "championId": 81
      },
      {
        "summonerId": 30705341,
        "teamId": 200,
        "championId": 11
      },
      {
        "summonerId": 34896388,
        "teamId": 100,
        "championId": 25
      }
    ],
    "stats": {
      "level": 18,
      "goldEarned": 16065,
      "numDeaths": 10,
      "minionsKilled": 180,
      "championsKilled": 6,
      "goldSpent": 15082,
      "totalDamageDealt": 140183,
      "totalDamageTaken": 60486,
      "killingSprees": 1,
      "largestKillingSpree": 2,
      "team": 200,
      "win": false,
      "neutralMinionsKilled": 4,
      "largestMultiKill": 1,
      "physicalDamageDealtPlayer": 105826,
      "magicDamageDealtPlayer": 34357,
      "physicalDamageTaken": 35534,
      "magicDamageTaken": 23323,
      "timePlayed": 2724,
      "totalHeal": 6941,
      "totalUnitsHealed": 1,
      "assists": 25,
      "item0": 3280,
      "item1": 3068,
      "item2": 3065,
      "item3": 3083,
      "item4": 1057,
      "item5": 3075,
      "item6": 3340,
      "magicDamageDealtToChampions": 17571,
      "physicalDamageDealtToChampions": 22100,
      "totalDamageDealtToChampions": 39671,
      "trueDamageTaken": 1629,
      "wardPlaced": 10,
      "neutralMinionsKilledYourJungle": 4,
      "totalTimeCrowdControlDealt": 178
    }
  },
  "30705341": {
    "gameId": 818161757,
    "invalid": false,
    "gameMode": "CLASSIC",
    "gameType": "MATCHED_GAME",
    "subType": "RANKED_SOLO_5x5",
    "mapId": 1,
    "teamId": 200,
    "championId": 11,
    "spell1": 4,
    "spell2": 11,
    "level": 30,
    "ipEarned": 79,
    "createDate": 1398243944801,
    "fellowPlayers": [
      {
        "summonerId": 28613160,
        "teamId": 200,
        "championId": 222
      },
      {
        "summonerId": 24741863,
        "teamId": 100,
        "championId": 1
      },
      {
        "summonerId": 22125277,
        "teamId": 200,
        "championId": 86
      },
      {
        "summonerId": 28657486,
        "teamId": 200,
        "championId": 76
      },
      {
        "summonerId": 38272778,
        "teamId": 100,
        "championId": 19
      },
      {
        "summonerId": 39566575,
        "teamId": 200,
        "championId": 7
      },
      {
        "summonerId": 24753537,
        "teamId": 100,
        "championId": 92
      },
      {
        "summonerId": 33798618,
        "teamId": 100,
        "championId": 81
      },
      {
        "summonerId": 34896388,
        "teamId": 100,
        "championId": 25
      }
    ],
    "stats": {
      "level": 18,
      "goldEarned": 17296,
      "numDeaths": 9,
      "minionsKilled": 133,
      "championsKilled": 8,
      "goldSpent": 16340,
      "totalDamageDealt": 258733,
      "totalDamageTaken": 46724,
      "doubleKills": 1,
      "killingSprees": 3,
      "largestKillingSpree": 3,
      "team": 200,
      "win": false,
      "neutralMinionsKilled": 97,
      "largestMultiKill": 2,
      "physicalDamageDealtPlayer": 198072,
      "magicDamageDealtPlayer": 31574,
      "physicalDamageTaken": 26869,
      "magicDamageTaken": 18884,
      "largestCriticalStrike": 813,
      "timePlayed": 2724,
      "totalHeal": 7497,
      "totalUnitsHealed": 1,
      "assists": 18,
      "item0": 3250,
      "item1": 3153,
      "item2": 3160,
      "item3": 3031,
      "item4": 3102,
      "item5": 3026,
      "item6": 3341,
      "magicDamageDealtToChampions": 451,
      "physicalDamageDealtToChampions": 19559,
      "totalDamageDealtToChampions": 24116,
      "trueDamageDealtPlayer": 29085,
      "trueDamageDealtToChampions": 4105,
      "trueDamageTaken": 971,
      "wardPlaced": 7,
      "neutralMinionsKilledEnemyJungle": 12,
      "neutralMinionsKilledYourJungle": 85,
      "totalTimeCrowdControlDealt": 498
    }
  },
  "28657486": {
    "gameId": 818161757,
    "invalid": false,
    "gameMode": "CLASSIC",
    "gameType": "MATCHED_GAME",
    "subType": "RANKED_SOLO_5x5",
    "mapId": 1,
    "teamId": 200,
    "championId": 76,
    "spell1": 4,
    "spell2": 13,
    "level": 30,
    "ipEarned": 79,
    "createDate": 1398243944804,
    "fellowPlayers": [
      {
        "summonerId": 28613160,
        "teamId": 200,
        "championId": 222
      },
      {
        "summonerId": 24741863,
        "teamId": 100,
        "championId": 1
      },
      {
        "summonerId": 22125277,
        "teamId": 200,
        "championId": 86
      },
      {
        "summonerId": 38272778,
        "teamId": 100,
        "championId": 19
      },
      {
        "summonerId": 39566575,
        "teamId": 200,
        "championId": 7
      },
      {
        "summonerId": 24753537,
        "teamId": 100,
        "championId": 92
      },
      {
        "summonerId": 33798618,
        "teamId": 100,
        "championId": 81
      },
      {
        "summonerId": 30705341,
        "teamId": 200,
        "championId": 11
      },
      {
        "summonerId": 34896388,
        "teamId": 100,
        "championId": 25
      }
    ],
    "stats": {
      "level": 18,
      "goldEarned": 13506,
      "numDeaths": 11,
      "turretsKilled": 1,
      "minionsKilled": 115,
      "championsKilled": 3,
      "goldSpent": 13055,
      "totalDamageDealt": 153654,
      "totalDamageTaken": 40965,
      "killingSprees": 1,
      "largestKillingSpree": 2,
      "team": 200,
      "win": false,
      "neutralMinionsKilled": 22,
      "largestMultiKill": 1,
      "physicalDamageDealtPlayer": 34432,
      "magicDamageDealtPlayer": 118786,
      "physicalDamageTaken": 26101,
      "magicDamageTaken": 14082,
      "timePlayed": 2724,
      "totalHeal": 21210,
      "totalUnitsHealed": 5,
      "assists": 19,
      "item0": 3040,
      "item1": 3259,
      "item2": 3174,
      "item3": 3100,
      "item4": 3116,
      "item6": 3340,
      "magicDamageDealtToChampions": 23081,
      "physicalDamageDealtToChampions": 3376,
      "totalDamageDealtToChampions": 26499,
      "trueDamageDealtPlayer": 436,
      "trueDamageDealtToChampions": 42,
      "trueDamageTaken": 782,
      "wardPlaced": 14,
      "neutralMinionsKilledEnemyJungle": 2,
      "neutralMinionsKilledYourJungle": 20,
      "totalTimeCrowdControlDealt": 102
    }
  },
  "38272778": {
    "gameId": 818161757,
    "invalid": false,
    "gameMode": "CLASSIC",
    "gameType": "MATCHED_GAME",
    "subType": "RANKED_SOLO_5x5",
    "mapId": 1,
    "teamId": 100,
    "championId": 19,
    "spell1": 11,
    "spell2": 4,
    "level": 30,
    "ipEarned": 122,
    "createDate": 1398243944795,
    "fellowPlayers": [
      {
        "summonerId": 28613160,
        "teamId": 200,
        "championId": 222
      },
      {
        "summonerId": 24741863,
        "teamId": 100,
        "championId": 1
      },
      {
        "summonerId": 22125277,
        "teamId": 200,
        "championId": 86
      },
      {
        "summonerId": 28657486,
        "teamId": 200,
        "championId": 76
      },
      {
        "summonerId": 39566575,
        "teamId": 200,
        "championId": 7
      },
      {
        "summonerId": 24753537,
        "teamId": 100,
        "championId": 92
      },
      {
        "summonerId": 33798618,
        "teamId": 100,
        "championId": 81
      },
      {
        "summonerId": 30705341,
        "teamId": 200,
        "championId": 11
      },
      {
        "summonerId": 34896388,
        "teamId": 100,
        "championId": 25
      }
    ],
    "stats": {
      "level": 18,
      "goldEarned": 15991,
      "numDeaths": 11,
      "minionsKilled": 51,
      "championsKilled": 10,
      "goldSpent": 15955,
      "totalDamageDealt": 131511,
      "totalDamageTaken": 65466,
      "doubleKills": 1,
      "killingSprees": 2,
      "largestKillingSpree": 3,
      "team": 100,
      "win": true,
      "neutralMinionsKilled": 59,
      "largestMultiKill": 2,
      "physicalDamageDealtPlayer": 71272,
      "magicDamageDealtPlayer": 47671,
      "physicalDamageTaken": 43027,
      "magicDamageTaken": 20777,
      "timePlayed": 2724,
      "totalHeal": 27958,
      "totalUnitsHealed": 1,
      "assists": 26,
      "item0": 3153,
      "item1": 3270,
      "item2": 3207,
      "item3": 3068,
      "item4": 3025,
      "item5": 3065,
      "item6": 3364,
      "magicDamageDealtToChampions": 17975,
      "physicalDamageDealtToChampions": 11354,
      "totalDamageDealtToChampions": 30236,
      "trueDamageDealtPlayer": 12568,
      "trueDamageDealtToChampions": 906,
      "trueDamageTaken": 1662,
      "neutralMinionsKilledEnemyJungle": 3,
      "neutralMinionsKilledYourJungle": 56,
      "totalTimeCrowdControlDealt": 636
    }
  },
  "39566575": {
    "gameId": 818161757,
    "invalid": false,
    "gameMode": "CLASSIC",
    "gameType": "MATCHED_GAME",
    "subType": "RANKED_SOLO_5x5",
    "mapId": 1,
    "teamId": 200,
    "championId": 7,
    "spell1": 14,
    "spell2": 4,
    "level": 30,
    "ipEarned": 79,
    "createDate": 1398243944799,
    "fellowPlayers": [
      {
        "summonerId": 28613160,
        "teamId": 200,
        "championId": 222
      },
      {
        "summonerId": 24741863,
        "teamId": 100,
        "championId": 1
      },
      {
        "summonerId": 22125277,
        "teamId": 200,
        "championId": 86
      },
      {
        "summonerId": 28657486,
        "teamId": 200,
        "championId": 76
      },
      {
        "summonerId": 38272778,
        "teamId": 100,
        "championId": 19
      },
      {
        "summonerId": 24753537,
        "teamId": 100,
        "championId": 92
      },
      {
        "summonerId": 33798618,
        "teamId": 100,
        "championId": 81
      },
      {
        "summonerId": 30705341,
        "teamId": 200,
        "championId": 11
      },
      {
        "summonerId": 34896388,
        "teamId": 100,
        "championId": 25
      }
    ],
    "stats": {
      "level": 18,
      "goldEarned": 17409,
      "numDeaths": 12,
      "minionsKilled": 159,
      "championsKilled": 19,
      "goldSpent": 17230,
      "totalDamageDealt": 137408,
      "totalDamageTaken": 34472,
      "doubleKills": 1,
      "killingSprees": 5,
      "largestKillingSpree": 4,
      "team": 200,
      "win": false,
      "neutralMinionsKilled": 6,
      "largestMultiKill": 2,
      "physicalDamageDealtPlayer": 20261,
      "magicDamageDealtPlayer": 116531,
      "physicalDamageTaken": 13904,
      "magicDamageTaken": 19446,
      "timePlayed": 2724,
      "totalHeal": 2679,
      "totalUnitsHealed": 1,
      "assists": 11,
      "item0": 3255,
      "item1": 3128,
      "item2": 3157,
      "item3": 3174,
      "item4": 3089,
      "item5": 3026,
      "item6": 3340,
      "magicDamageDealtToChampions": 36101,
      "physicalDamageDealtToChampions": 2676,
      "totalDamageDealtToChampions": 39393,
      "trueDamageDealtPlayer": 616,
      "trueDamageDealtToChampions": 616,
      "trueDamageTaken": 1122,
      "wardPlaced": 11,
      "neutralMinionsKilledYourJungle": 6,
      "totalTimeCrowdControlDealt": 161
    }
  },
  "33798618": {
    "gameId": 818161757,
    "invalid": false,
    "gameMode": "CLASSIC",
    "gameType": "MATCHED_GAME",
    "subType": "RANKED_SOLO_5x5",
    "mapId": 1,
    "teamId": 100,
    "championId": 81,
    "spell1": 4,
    "spell2": 7,
    "level": 30,
    "ipEarned": 122,
    "createDate": 1398243944798,
    "fellowPlayers": [
      {
        "summonerId": 28613160,
        "teamId": 200,
        "championId": 222
      },
      {
        "summonerId": 24741863,
        "teamId": 100,
        "championId": 1
      },
      {
        "summonerId": 22125277,
        "teamId": 200,
        "championId": 86
      },
      {
        "summonerId": 28657486,
        "teamId": 200,
        "championId": 76
      },
      {
        "summonerId": 38272778,
        "teamId": 100,
        "championId": 19
      },
      {
        "summonerId": 39566575,
        "teamId": 200,
        "championId": 7
      },
      {
        "summonerId": 24753537,
        "teamId": 100,
        "championId": 92
      },
      {
        "summonerId": 30705341,
        "teamId": 200,
        "championId": 11
      },
      {
        "summonerId": 34896388,
        "teamId": 100,
        "championId": 25
      }
    ],
    "stats": {
      "level": 18,
      "goldEarned": 14876,
      "numDeaths": 11,
      "turretsKilled": 1,
      "minionsKilled": 123,
      "championsKilled": 8,
      "goldSpent": 12903,
      "totalDamageDealt": 128605,
      "totalDamageTaken": 35093,
      "killingSprees": 2,
      "largestKillingSpree": 4,
      "team": 100,
      "win": true,
      "neutralMinionsKilled": 13,
      "largestMultiKill": 1,
      "physicalDamageDealtPlayer": 100047,
      "magicDamageDealtPlayer": 27711,
      "physicalDamageTaken": 16129,
      "magicDamageTaken": 18461,
      "largestCriticalStrike": 689,
      "timePlayed": 2724,
      "totalHeal": 2976,
      "totalUnitsHealed": 3,
      "assists": 22,
      "item0": 1055,
      "item1": 3006,
      "item2": 3078,
      "item3": 3072,
      "item4": 3035,
      "item5": 1038,
      "item6": 3340,
      "magicDamageDealtToChampions": 10109,
      "physicalDamageDealtToChampions": 22856,
      "totalDamageDealtToChampions": 33475,
      "trueDamageDealtPlayer": 846,
      "trueDamageDealtToChampions": 510,
      "trueDamageTaken": 503,
      "wardPlaced": 11,
      "neutralMinionsKilledEnemyJungle": 2,
      "neutralMinionsKilledYourJungle": 11,
      "totalTimeCrowdControlDealt": 114
    }
  },
  "28613160": {
    "gameId": 818161757,
    "invalid": false,
    "gameMode": "CLASSIC",
    "gameType": "MATCHED_GAME",
    "subType": "RANKED_SOLO_5x5",
    "mapId": 1,
    "teamId": 200,
    "championId": 222,
    "spell1": 7,
    "spell2": 4,
    "level": 30,
    "ipEarned": 79,
    "createDate": 1398243944800,
    "fellowPlayers": [
      {
        "summonerId": 24741863,
        "teamId": 100,
        "championId": 1
      },
      {
        "summonerId": 22125277,
        "teamId": 200,
        "championId": 86
      },
      {
        "summonerId": 28657486,
        "teamId": 200,
        "championId": 76
      },
      {
        "summonerId": 38272778,
        "teamId": 100,
        "championId": 19
      },
      {
        "summonerId": 39566575,
        "teamId": 200,
        "championId": 7
      },
      {
        "summonerId": 24753537,
        "teamId": 100,
        "championId": 92
      },
      {
        "summonerId": 33798618,
        "teamId": 100,
        "championId": 81
      },
      {
        "summonerId": 30705341,
        "teamId": 200,
        "championId": 11
      },
      {
        "summonerId": 34896388,
        "teamId": 100,
        "championId": 25
      }
    ],
    "stats": {
      "level": 18,
      "goldEarned": 19384,
      "numDeaths": 12,
      "turretsKilled": 3,
      "minionsKilled": 200,
      "championsKilled": 19,
      "goldSpent": 18055,
      "totalDamageDealt": 213781,
      "totalDamageTaken": 40350,
      "doubleKills": 7,
      "tripleKills": 1,
      "killingSprees": 7,
      "largestKillingSpree": 4,
      "team": 200,
      "win": false,
      "neutralMinionsKilled": 22,
      "largestMultiKill": 3,
      "physicalDamageDealtPlayer": 208265,
      "magicDamageDealtPlayer": 3891,
      "physicalDamageTaken": 21637,
      "magicDamageTaken": 17850,
      "largestCriticalStrike": 923,
      "timePlayed": 2724,
      "totalHeal": 5359,
      "totalUnitsHealed": 2,
      "assists": 12,
      "item0": 3139,
      "item1": 3072,
      "item2": 3031,
      "item3": 3252,
      "item4": 3035,
      "item5": 3026,
      "item6": 3340,
      "magicDamageDealtToChampions": 2079,
      "physicalDamageDealtToChampions": 42022,
      "totalDamageDealtToChampions": 44832,
      "trueDamageDealtPlayer": 1624,
      "trueDamageDealtToChampions": 730,
      "trueDamageTaken": 862,
      "wardPlaced": 7,
      "neutralMinionsKilledEnemyJungle": 3,
      "neutralMinionsKilledYourJungle": 19,
      "totalTimeCrowdControlDealt": 260
    }
  },
  "24753537": {
    "gameId": 818161757,
    "invalid": false,
    "gameMode": "CLASSIC",
    "gameType": "MATCHED_GAME",
    "subType": "RANKED_SOLO_5x5",
    "mapId": 1,
    "teamId": 100,
    "championId": 92,
    "spell1": 4,
    "spell2": 7,
    "level": 30,
    "ipEarned": 122,
    "createDate": 1398243944794,
    "fellowPlayers": [
      {
        "summonerId": 28613160,
        "teamId": 200,
        "championId": 222
      },
      {
        "summonerId": 24741863,
        "teamId": 100,
        "championId": 1
      },
      {
        "summonerId": 22125277,
        "teamId": 200,
        "championId": 86
      },
      {
        "summonerId": 28657486,
        "teamId": 200,
        "championId": 76
      },
      {
        "summonerId": 38272778,
        "teamId": 100,
        "championId": 19
      },
      {
        "summonerId": 39566575,
        "teamId": 200,
        "championId": 7
      },
      {
        "summonerId": 33798618,
        "teamId": 100,
        "championId": 81
      },
      {
        "summonerId": 30705341,
        "teamId": 200,
        "championId": 11
      },
      {
        "summonerId": 34896388,
        "teamId": 100,
        "championId": 25
      }
    ],
    "stats": {
      "level": 18,
      "goldEarned": 17398,
      "numDeaths": 10,
      "barracksKilled": 2,
      "minionsKilled": 249,
      "championsKilled": 9,
      "goldSpent": 15620,
      "totalDamageDealt": 210012,
      "totalDamageTaken": 43021,
      "doubleKills": 2,
      "tripleKills": 1,
      "killingSprees": 2,
      "largestKillingSpree": 3,
      "team": 100,
      "win": true,
      "neutralMinionsKilled": 16,
      "largestMultiKill": 3,
      "physicalDamageDealtPlayer": 209338,
      "physicalDamageTaken": 28106,
      "magicDamageTaken": 13797,
      "timePlayed": 2724,
      "totalHeal": 8960,
      "totalUnitsHealed": 4,
      "assists": 18,
      "item0": 3074,
      "item1": 3143,
      "item2": 3071,
      "item3": 3035,
      "item4": 1054,
      "item5": 3275,
      "item6": 3340,
      "sightWardsBought": 1,
      "physicalDamageDealtToChampions": 40790,
      "totalDamageDealtToChampions": 41464,
      "trueDamageDealtPlayer": 674,
      "trueDamageDealtToChampions": 674,
      "trueDamageTaken": 1116,
      "wardPlaced": 9,
      "neutralMinionsKilledYourJungle": 16,
      "totalTimeCrowdControlDealt": 324
    }
  },
  "24741863": {
    "gameId": 818161757,
    "invalid": false,
    "gameMode": "CLASSIC",
    "gameType": "MATCHED_GAME",
    "subType": "RANKED_SOLO_5x5",
    "mapId": 1,
    "teamId": 100,
    "championId": 1,
    "spell1": 4,
    "spell2": 14,
    "level": 30,
    "ipEarned": 122,
    "createDate": 1398243944796,
    "fellowPlayers": [
      {
        "summonerId": 28613160,
        "teamId": 200,
        "championId": 222
      },
      {
        "summonerId": 22125277,
        "teamId": 200,
        "championId": 86
      },
      {
        "summonerId": 28657486,
        "teamId": 200,
        "championId": 76
      },
      {
        "summonerId": 38272778,
        "teamId": 100,
        "championId": 19
      },
      {
        "summonerId": 39566575,
        "teamId": 200,
        "championId": 7
      },
      {
        "summonerId": 24753537,
        "teamId": 100,
        "championId": 92
      },
      {
        "summonerId": 33798618,
        "teamId": 100,
        "championId": 81
      },
      {
        "summonerId": 30705341,
        "teamId": 200,
        "championId": 11
      },
      {
        "summonerId": 34896388,
        "teamId": 100,
        "championId": 25
      }
    ],
    "stats": {
      "level": 18,
      "goldEarned": 19595,
      "numDeaths": 13,
      "turretsKilled": 2,
      "minionsKilled": 197,
      "championsKilled": 22,
      "goldSpent": 18145,
      "totalDamageDealt": 191925,
      "totalDamageTaken": 40905,
      "doubleKills": 4,
      "tripleKills": 1,
      "killingSprees": 7,
      "largestKillingSpree": 5,
      "team": 100,
      "win": true,
      "neutralMinionsKilled": 19,
      "largestMultiKill": 3,
      "physicalDamageDealtPlayer": 16093,
      "magicDamageDealtPlayer": 174272,
      "physicalDamageTaken": 22269,
      "magicDamageTaken": 17425,
      "timePlayed": 2724,
      "totalHeal": 2166,
      "totalUnitsHealed": 1,
      "assists": 11,
      "item0": 3157,
      "item1": 3128,
      "item2": 3027,
      "item3": 3255,
      "item4": 3116,
      "item5": 3089,
      "item6": 3340,
      "magicDamageDealtToChampions": 36689,
      "physicalDamageDealtToChampions": 1449,
      "totalDamageDealtToChampions": 39494,
      "trueDamageDealtPlayer": 1560,
      "trueDamageDealtToChampions": 1356,
      "trueDamageTaken": 1211,
      "wardPlaced": 11,
      "neutralMinionsKilledYourJungle": 19,
      "totalTimeCrowdControlDealt": 339
    }
  }
}