{
  "36597446": {
    "gameId": 818169368,
    "invalid": false,
    "gameMode": "CLASSIC",
    "gameType": "MATCHED_GAME",
    "subType": "NORMAL",
    "mapId": 1,
    "teamId": 100,
    "championId": 238,
    "spell1": 21,
    "spell2": 4,
    "level": 30,
    "ipEarned": 65,
    "createDate": 1398243110120,
    "fellowPlayers": [
      {
        "summonerId": 38524011,
        "teamId": 200,
        "championId": 11
      },
      {
        "summonerId": 38110317,
        "teamId": 200,
        "championId": 133
      },
      {
        "summonerId": 44533055,
        "teamId": 100,
        "championId": 16
      },
      {
        "summonerId": 28971239,
        "teamId": 100,
        "championId": 133
      },
      {
        "summonerId": 23548990,
        "teamId": 200,
        "championId": 80
      },
      {
        "summonerId": 41517160,
        "teamId": 100,
        "championId": 25
      },
      {
        "summonerId": 32483117,
        "teamId": 100,
        "championId": 115
      },
      {
        "summonerId": 41977798,
        "teamId": 200,
        "championId": 115
      },
      {
        "summonerId": 43424227,
        "teamId": 200,
        "championId": 112
      }
    ],
    "stats": {
      "level": 17,
      "goldEarned": 12010,
      "numDeaths": 12,
      "turretsKilled": 1,
      "minionsKilled": 136,
      "championsKilled": 11,
      "goldSpent": 11015,
      "totalDamageDealt": 140036,
      "totalDamageTaken": 33550,
      "doubleKills": 2,
      "killingSprees": 3,
      "largestKillingSpree": 3,
      "team": 100,
      "win": false,
      "neutralMinionsKilled": 26,
      "largestMultiKill": 2,
      "physicalDamageDealtPlayer": 131975,
      "magicDamageDealtPlayer": 7774,
      "physicalDamageTaken": 28452,
      "magicDamageTaken": 3799,
      "largestCriticalStrike": 596,
      "timePlayed": 2115,
      "totalHeal": 1192,
      "totalUnitsHealed": 1,
      "assists": 5,
      "item0": 3117,
      "item1": 3153,
      "item2": 3071,
      "item3": 3035,
      "item4": 1028,
      "item5": 1011,
      "item6": 3340,
      "magicDamageDealtToChampions": 1245,
      "physicalDamageDealtToChampions": 20243,
      "totalDamageDealtToChampions": 21685,
      "trueDamageDealtPlayer": 286,
      "trueDamageDealtToChampions": 196,
      "trueDamageTaken": 1298,
      "wardPlaced": 25,
      "neutralMinionsKilledEnemyJungle": 7,
      "neutralMinionsKilledYourJungle": 19,
      "totalTimeCrowdControlDealt": 120
    }
  },
  "summonerCount": 10,
  "44533055": {
    "gameId": 818169368,
    "invalid": false,
    "gameMode": "CLASSIC",
    "gameType": "MATCHED_GAME",
    "subType": "NORMAL",
    "mapId": 1,
    "teamId": 100,
    "championId": 16,
    "spell1": 13,
    "spell2": 7,
    "level": 11,
    "ipEarned": 65,
    "createDate": 1398243110119,
    "fellowPlayers": [
      {
        "summonerId": 38524011,
        "teamId": 200,
        "championId": 11
      },
      {
        "summonerId": 38110317,
        "teamId": 200,
        "championId": 133
      },
      {
        "summonerId": 28971239,
        "teamId": 100,
        "championId": 133
      },
      {
        "summonerId": 36597446,
        "teamId": 100,
        "championId": 238
      },
      {
        "summonerId": 23548990,
        "teamId": 200,
        "championId": 80
      },
      {
        "summonerId": 41517160,
        "teamId": 100,
        "championId": 25
      },
      {
        "summonerId": 32483117,
        "teamId": 100,
        "championId": 115
      },
      {
        "summonerId": 41977798,
        "teamId": 200,
        "championId": 115
      },
      {
        "summonerId": 43424227,
        "teamId": 200,
        "championId": 112
      }
    ],
    "stats": {
      "level": 17,
      "goldEarned": 10407,
      "numDeaths": 12,
      "turretsKilled": 1,
      "minionsKilled": 17,
      "championsKilled": 2,
      "goldSpent": 7990,
      "totalDamageDealt": 23670,
      "totalDamageTaken": 32573,
      "killingSprees": 1,
      "largestKillingSpree": 2,
      "team": 100,
      "win": false,
      "largestMultiKill": 1,
      "physicalDamageDealtPlayer": 4166,
      "magicDamageDealtPlayer": 19503,
      "physicalDamageTaken": 25617,
      "magicDamageTaken": 5591,
      "timePlayed": 2115,
      "totalHeal": 18110,
      "totalUnitsHealed": 5,
      "assists": 25,
      "item0": 2049,
      "item1": 3265,
      "item2": 3301,
      "item3": 3116,
      "item4": 3211,
      "item5": 3067,
      "item6": 3340,
      "magicDamageDealtToChampions": 5442,
      "physicalDamageDealtToChampions": 774,
      "totalDamageDealtToChampions": 6216,
      "trueDamageTaken": 1364,
      "wardPlaced": 9,
      "totalTimeCrowdControlDealt": 191
    }
  },
  "23548990": {
    "gameId": 818169368,
    "invalid": false,
    "gameMode": "CLASSIC",
    "gameType": "MATCHED_GAME",
    "subType": "NORMAL",
    "mapId": 1,
    "teamId": 200,
    "championId": 80,
    "spell1": 3,
    "spell2": 14,
    "level": 30,
    "ipEarned": 99,
    "createDate": 1398243110126,
    "fellowPlayers": [
      {
        "summonerId": 38524011,
        "teamId": 200,
        "championId": 11
      },
      {
        "summonerId": 38110317,
        "teamId": 200,
        "championId": 133
      },
      {
        "summonerId": 44533055,
        "teamId": 100,
        "championId": 16
      },
      {
        "summonerId": 28971239,
        "teamId": 100,
        "championId": 133
      },
      {
        "summonerId": 36597446,
        "teamId": 100,
        "championId": 238
      },
      {
        "summonerId": 41517160,
        "teamId": 100,
        "championId": 25
      },
      {
        "summonerId": 32483117,
        "teamId": 100,
        "championId": 115
      },
      {
        "summonerId": 41977798,
        "teamId": 200,
        "championId": 115
      },
      {
        "summonerId": 43424227,
        "teamId": 200,
        "championId": 112
      }
    ],
    "stats": {
      "level": 18,
      "goldEarned": 15042,
      "numDeaths": 10,
      "barracksKilled": 1,
      "turretsKilled": 5,
      "minionsKilled": 120,
      "championsKilled": 14,
      "goldSpent": 13917,
      "totalDamageDealt": 154792,
      "totalDamageTaken": 39272,
      "doubleKills": 3,
      "killingSprees": 4,
      "largestKillingSpree": 3,
      "team": 200,
      "win": true,
      "neutralMinionsKilled": 19,
      "largestMultiKill": 2,
      "physicalDamageDealtPlayer": 142276,
      "magicDamageDealtPlayer": 9517,
      "physicalDamageTaken": 24677,
      "magicDamageTaken": 13717,
      "largestCriticalStrike": 712,
      "timePlayed": 2115,
      "totalHeal": 6443,
      "totalUnitsHealed": 1,
      "assists": 10,
      "item0": 3153,
      "item1": 3074,
      "item2": 3143,
      "item3": 3265,
      "item4": 3134,
      "item6": 3340,
      "magicDamageDealtToChampions": 3933,
      "physicalDamageDealtToChampions": 22772,
      "totalDamageDealtToChampions": 28036,
      "trueDamageDealtPlayer": 2998,
      "trueDamageDealtToChampions": 1330,
      "trueDamageTaken": 878,
      "wardPlaced": 7,
      "neutralMinionsKilledEnemyJungle": 9,
      "neutralMinionsKilledYourJungle": 10,
      "totalTimeCrowdControlDealt": 803
    }
  },
  "28971239": {
    "gameId": 818169368,
    "invalid": false,
    "gameMode": "CLASSIC",
    "gameType": "MATCHED_GAME",
    "subType": "NORMAL",
    "mapId": 1,
    "teamId": 100,
    "championId": 133,
    "spell1": 4,
    "spell2": 21,
    "level": 30,
    "ipEarned": 65,
    "createDate": 1398243110121,
    "fellowPlayers": [
      {
        "summonerId": 38524011,
        "teamId": 200,
        "championId": 11
      },
      {
        "summonerId": 38110317,
        "teamId": 200,
        "championId": 133
      },
      {
        "summonerId": 44533055,
        "teamId": 100,
        "championId": 16
      },
      {
        "summonerId": 36597446,
        "teamId": 100,
        "championId": 238
      },
      {
        "summonerId": 23548990,
        "teamId": 200,
        "championId": 80
      },
      {
        "summonerId": 41517160,
        "teamId": 100,
        "championId": 25
      },
      {
        "summonerId": 32483117,
        "teamId": 100,
        "championId": 115
      },
      {
        "summonerId": 41977798,
        "teamId": 200,
        "championId": 115
      },
      {
        "summonerId": 43424227,
        "teamId": 200,
        "championId": 112
      }
    ],
    "stats": {
      "level": 18,
      "goldEarned": 16392,
      "numDeaths": 14,
      "turretsKilled": 1,
      "minionsKilled": 183,
      "championsKilled": 21,
      "goldSpent": 18225,
      "totalDamageDealt": 167928,
      "totalDamageTaken": 37421,
      "doubleKills": 2,
      "killingSprees": 7,
      "largestKillingSpree": 4,
      "team": 100,
      "win": false,
      "neutralMinionsKilled": 6,
      "largestMultiKill": 2,
      "physicalDamageDealtPlayer": 153178,
      "magicDamageDealtPlayer": 14026,
      "physicalDamageTaken": 28015,
      "magicDamageTaken": 8016,
      "largestCriticalStrike": 1099,
      "timePlayed": 2115,
      "totalHeal": 2571,
      "totalUnitsHealed": 1,
      "assists": 7,
      "item0": 3006,
      "item1": 3153,
      "item2": 3087,
      "item3": 3031,
      "item4": 3072,
      "item5": 1018,
      "item6": 3340,
      "magicDamageDealtToChampions": 2294,
      "physicalDamageDealtToChampions": 37163,
      "totalDamageDealtToChampions": 40025,
      "trueDamageDealtPlayer": 724,
      "trueDamageDealtToChampions": 568,
      "trueDamageTaken": 1389,
      "wardPlaced": 4,
      "neutralMinionsKilledYourJungle": 6,
      "totalTimeCrowdControlDealt": 349
    }
  },
  "43424227": {
    "gameId": 818169368,
    "invalid": false,
    "gameMode": "CLASSIC",
    "gameType": "MATCHED_GAME",
    "subType": "NORMAL",
    "mapId": 1,
    "teamId": 200,
    "championId": 112,
    "spell1": 14,
    "spell2": 4,
    "level": 24,
    "ipEarned": 99,
    "createDate": 1398243110129,
    "fellowPlayers": [
      {
        "summonerId": 38524011,
        "teamId": 200,
        "championId": 11
      },
      {
        "summonerId": 38110317,
        "teamId": 200,
        "championId": 133
      },
      {
        "summonerId": 44533055,
        "teamId": 100,
        "championId": 16
      },
      {
        "summonerId": 28971239,
        "teamId": 100,
        "championId": 133
      },
      {
        "summonerId": 36597446,
        "teamId": 100,
        "championId": 238
      },
      {
        "summonerId": 23548990,
        "teamId": 200,
        "championId": 80
      },
      {
        "summonerId": 41517160,
        "teamId": 100,
        "championId": 25
      },
      {
        "summonerId": 32483117,
        "teamId": 100,
        "championId": 115
      },
      {
        "summonerId": 41977798,
        "teamId": 200,
        "championId": 115
      }
    ],
    "stats": {
      "level": 15,
      "goldEarned": 9310,
      "numDeaths": 12,
      "barracksKilled": 1,
      "minionsKilled": 23,
      "championsKilled": 3,
      "goldSpent": 8350,
      "totalDamageDealt": 26322,
      "totalDamageTaken": 22753,
      "killingSprees": 1,
      "largestKillingSpree": 2,
      "team": 200,
      "win": true,
      "neutralMinionsKilled": 3,
      "largestMultiKill": 1,
      "physicalDamageDealtPlayer": 9660,
      "magicDamageDealtPlayer": 16194,
      "physicalDamageTaken": 10508,
      "magicDamageTaken": 11745,
      "timePlayed": 2115,
      "totalHeal": 536,
      "totalUnitsHealed": 1,
      "assists": 9,
      "item0": 1026,
      "item1": 2003,
      "item2": 1058,
      "item3": 3020,
      "item4": 3198,
      "item5": 3151,
      "item6": 3340,
      "magicDamageDealtToChampions": 5930,
      "physicalDamageDealtToChampions": 1151,
      "totalDamageDealtToChampions": 7550,
      "trueDamageDealtPlayer": 468,
      "trueDamageDealtToChampions": 468,
      "trueDamageTaken": 499,
      "wardPlaced": 4,
      "neutralMinionsKilledYourJungle": 3,
      "totalTimeCrowdControlDealt": 622
    }
  },
  "32483117": {
    "gameId": 818169368,
    "invalid": false,
    "gameMode": "CLASSIC",
    "gameType": "MATCHED_GAME",
    "subType": "NORMAL",
    "mapId": 1,
    "teamId": 100,
    "championId": 115,
    "spell1": 4,
    "spell2": 14,
    "level": 30,
    "ipEarned": 65,
    "createDate": 1398243110124,
    "fellowPlayers": [
      {
        "summonerId": 38524011,
        "teamId": 200,
        "championId": 11
      },
      {
        "summonerId": 38110317,
        "teamId": 200,
        "championId": 133
      },
      {
        "summonerId": 44533055,
        "teamId": 100,
        "championId": 16
      },
      {
        "summonerId": 28971239,
        "teamId": 100,
        "championId": 133
      },
      {
        "summonerId": 36597446,
        "teamId": 100,
        "championId": 238
      },
      {
        "summonerId": 23548990,
        "teamId": 200,
        "championId": 80
      },
      {
        "summonerId": 41517160,
        "teamId": 100,
        "championId": 25
      },
      {
        "summonerId": 41977798,
        "teamId": 200,
        "championId": 115
      },
      {
        "summonerId": 43424227,
        "teamId": 200,
        "championId": 112
      }
    ],
    "stats": {
      "level": 17,
      "goldEarned": 12106,
      "numDeaths": 9,
      "minionsKilled": 122,
      "championsKilled": 9,
      "goldSpent": 10895,
      "totalDamageDealt": 105454,
      "totalDamageTaken": 24081,
      "doubleKills": 1,
      "killingSprees": 2,
      "largestKillingSpree": 6,
      "team": 100,
      "win": false,
      "neutralMinionsKilled": 1,
      "largestMultiKill": 2,
      "physicalDamageDealtPlayer": 20115,
      "magicDamageDealtPlayer": 84252,
      "physicalDamageTaken": 18643,
      "magicDamageTaken": 4822,
      "timePlayed": 2115,
      "assists": 15,
      "item0": 1056,
      "item1": 1026,
      "item2": 3100,
      "item3": 3135,
      "item4": 3174,
      "item5": 1058,
      "item6": 3340,
      "magicDamageDealtToChampions": 33483,
      "physicalDamageDealtToChampions": 1442,
      "totalDamageDealtToChampions": 35721,
      "trueDamageDealtPlayer": 1085,
      "trueDamageDealtToChampions": 795,
      "trueDamageTaken": 616,
      "wardPlaced": 5,
      "neutralMinionsKilledEnemyJungle": 1,
      "totalTimeCrowdControlDealt": 327
    }
  },
  "41977798": {
    "gameId": 818169368,
    "invalid": false,
    "gameMode": "CLASSIC",
    "gameType": "MATCHED_GAME",
    "subType": "NORMAL",
    "mapId": 1,
    "teamId": 200,
    "championId": 115,
    "spell1": 4,
    "spell2": 14,
    "level": 15,
    "ipEarned": 249,
    "createDate": 1398243110125,
    "fellowPlayers": [
      {
        "summonerId": 38524011,
        "teamId": 200,
        "championId": 11
      },
      {
        "summonerId": 38110317,
        "teamId": 200,
        "championId": 133
      },
      {
        "summonerId": 44533055,
        "teamId": 100,
        "championId": 16
      },
      {
        "summonerId": 28971239,
        "teamId": 100,
        "championId": 133
      },
      {
        "summonerId": 36597446,
        "teamId": 100,
        "championId": 238
      },
      {
        "summonerId": 23548990,
        "teamId": 200,
        "championId": 80
      },
      {
        "summonerId": 41517160,
        "teamId": 100,
        "championId": 25
      },
      {
        "summonerId": 32483117,
        "teamId": 100,
        "championId": 115
      },
      {
        "summonerId": 43424227,
        "teamId": 200,
        "championId": 112
      }
    ],
    "stats": {
      "level": 16,
      "goldEarned": 10755,
      "numDeaths": 6,
      "minionsKilled": 82,
      "championsKilled": 3,
      "goldSpent": 9695,
      "totalDamageDealt": 83144,
      "totalDamageTaken": 17565,
      "team": 200,
      "win": true,
      "neutralMinionsKilled": 6,
      "largestMultiKill": 1,
      "physicalDamageDealtPlayer": 10871,
      "magicDamageDealtPlayer": 71920,
      "physicalDamageTaken": 8323,
      "magicDamageTaken": 9059,
      "timePlayed": 2115,
      "assists": 11,
      "item0": 3089,
      "item1": 3100,
      "item2": 3020,
      "item3": 3135,
      "item6": 3340,
      "magicDamageDealtToChampions": 11899,
      "physicalDamageDealtToChampions": 821,
      "totalDamageDealtToChampions": 13072,
      "trueDamageDealtPlayer": 352,
      "trueDamageDealtToChampions": 352,
      "trueDamageTaken": 182,
      "wardPlaced": 1,
      "neutralMinionsKilledEnemyJungle": 2,
      "neutralMinionsKilledYourJungle": 4,
      "totalTimeCrowdControlDealt": 254
    }
  },
  "38524011": {
    "gameId": 818169368,
    "invalid": false,
    "gameMode": "CLASSIC",
    "gameType": "MATCHED_GAME",
    "subType": "NORMAL",
    "mapId": 1,
    "teamId": 200,
    "championId": 11,
    "spell1": 11,
    "spell2": 4,
    "level": 26,
    "ipEarned": 99,
    "createDate": 1398243110127,
    "fellowPlayers": [
      {
        "summonerId": 38110317,
        "teamId": 200,
        "championId": 133
      },
      {
        "summonerId": 44533055,
        "teamId": 100,
        "championId": 16
      },
      {
        "summonerId": 28971239,
        "teamId": 100,
        "championId": 133
      },
      {
        "summonerId": 36597446,
        "teamId": 100,
        "championId": 238
      },
      {
        "summonerId": 23548990,
        "teamId": 200,
        "championId": 80
      },
      {
        "summonerId": 41517160,
        "teamId": 100,
        "championId": 25
      },
      {
        "summonerId": 32483117,
        "teamId": 100,
        "championId": 115
      },
      {
        "summonerId": 41977798,
        "teamId": 200,
        "championId": 115
      },
      {
        "summonerId": 43424227,
        "teamId": 200,
        "championId": 112
      }
    ],
    "stats": {
      "level": 18,
      "goldEarned": 13557,
      "numDeaths": 10,
      "minionsKilled": 55,
      "championsKilled": 11,
      "goldSpent": 13470,
      "totalDamageDealt": 147461,
      "totalDamageTaken": 34113,
      "killingSprees": 3,
      "largestKillingSpree": 4,
      "team": 200,
      "win": true,
      "neutralMinionsKilled": 66,
      "largestMultiKill": 1,
      "physicalDamageDealtPlayer": 119289,
      "magicDamageDealtPlayer": 7931,
      "physicalDamageTaken": 22757,
      "magicDamageTaken": 10782,
      "largestCriticalStrike": 818,
      "timePlayed": 2115,
      "totalHeal": 1155,
      "totalUnitsHealed": 1,
      "assists": 12,
      "item0": 3006,
      "item1": 3087,
      "item2": 3153,
      "item3": 3031,
      "item4": 1053,
      "item5": 1038,
      "item6": 3340,
      "magicDamageDealtToChampions": 1295,
      "physicalDamageDealtToChampions": 19658,
      "totalDamageDealtToChampions": 24680,
      "trueDamageDealtPlayer": 20241,
      "trueDamageDealtToChampions": 3727,
      "trueDamageTaken": 573,
      "wardPlaced": 3,
      "neutralMinionsKilledEnemyJungle": 11,
      "neutralMinionsKilledYourJungle": 55,
      "totalTimeCrowdControlDealt": 263
    }
  },
  "41517160": {
    "gameId": 818169368,
    "invalid": false,
    "gameMode": "CLASSIC",
    "gameType": "MATCHED_GAME",
    "subType": "NORMAL",
    "mapId": 1,
    "teamId": 100,
    "championId": 25,
    "spell1": 14,
    "spell2": 4,
    "level": 28,
    "ipEarned": 65,
    "createDate": 1398243110123,
    "fellowPlayers": [
      {
        "summonerId": 38524011,
        "teamId": 200,
        "championId": 11
      },
      {
        "summonerId": 38110317,
        "teamId": 200,
        "championId": 133
      },
      {
        "summonerId": 44533055,
        "teamId": 100,
        "championId": 16
      },
      {
        "summonerId": 28971239,
        "teamId": 100,
        "championId": 133
      },
      {
        "summonerId": 36597446,
        "teamId": 100,
        "championId": 238
      },
      {
        "summonerId": 23548990,
        "teamId": 200,
        "championId": 80
      },
      {
        "summonerId": 32483117,
        "teamId": 100,
        "championId": 115
      },
      {
        "summonerId": 41977798,
        "teamId": 200,
        "championId": 115
      },
      {
        "summonerId": 43424227,
        "teamId": 200,
        "championId": 112
      }
    ],
    "stats": {
      "level": 17,
      "goldEarned": 12308,
      "numDeaths": 12,
      "minionsKilled": 134,
      "championsKilled": 10,
      "goldSpent": 11465,
      "totalDamageDealt": 102250,
      "totalDamageTaken": 27452,
      "killingSprees": 2,
      "largestKillingSpree": 4,
      "team": 100,
      "win": false,
      "neutralMinionsKilled": 4,
      "largestMultiKill": 1,
      "physicalDamageDealtPlayer": 20980,
      "magicDamageDealtPlayer": 80367,
      "physicalDamageTaken": 20217,
      "magicDamageTaken": 5896,
      "timePlayed": 2115,
      "totalHeal": 747,
      "totalUnitsHealed": 1,
      "assists": 13,
      "item0": 1056,
      "item1": 3157,
      "item2": 3174,
      "item3": 3089,
      "item4": 3020,
      "item6": 3340,
      "magicDamageDealtToChampions": 21542,
      "physicalDamageDealtToChampions": 1214,
      "totalDamageDealtToChampions": 23280,
      "trueDamageDealtPlayer": 902,
      "trueDamageDealtToChampions": 524,
      "trueDamageTaken": 1338,
      "wardPlaced": 2,
      "neutralMinionsKilledYourJungle": 4,
      "totalTimeCrowdControlDealt": 180
    }
  },
  "36597446": {
    "gameId": 818169368,
    "invalid": false,
    "gameMode": "CLASSIC",
    "gameType": "MATCHED_GAME",
    "subType": "NORMAL",
    "mapId": 1,
    "teamId": 100,
    "championId": 238,
    "spell1": 21,
    "spell2": 4,
    "level": 30,
    "ipEarned": 65,
    "createDate": 1398243110120,
    "fellowPlayers": [
      {
        "summonerId": 38524011,
        "teamId": 200,
        "championId": 11
      },
      {
        "summonerId": 38110317,
        "teamId": 200,
        "championId": 133
      },
      {
        "summonerId": 44533055,
        "teamId": 100,
        "championId": 16
      },
      {
        "summonerId": 28971239,
        "teamId": 100,
        "championId": 133
      },
      {
        "summonerId": 23548990,
        "teamId": 200,
        "championId": 80
      },
      {
        "summonerId": 41517160,
        "teamId": 100,
        "championId": 25
      },
      {
        "summonerId": 32483117,
        "teamId": 100,
        "championId": 115
      },
      {
        "summonerId": 41977798,
        "teamId": 200,
        "championId": 115
      },
      {
        "summonerId": 43424227,
        "teamId": 200,
        "championId": 112
      }
    ],
    "stats": {
      "level": 17,
      "goldEarned": 12010,
      "numDeaths": 12,
      "turretsKilled": 1,
      "minionsKilled": 136,
      "championsKilled": 11,
      "goldSpent": 11015,
      "totalDamageDealt": 140036,
      "totalDamageTaken": 33550,
      "doubleKills": 2,
      "killingSprees": 3,
      "largestKillingSpree": 3,
      "team": 100,
      "win": false,
      "neutralMinionsKilled": 26,
      "largestMultiKill": 2,
      "physicalDamageDealtPlayer": 131975,
      "magicDamageDealtPlayer": 7774,
      "physicalDamageTaken": 28452,
      "magicDamageTaken": 3799,
      "largestCriticalStrike": 596,
      "timePlayed": 2115,
      "totalHeal": 1192,
      "totalUnitsHealed": 1,
      "assists": 5,
      "item0": 3117,
      "item1": 3153,
      "item2": 3071,
      "item3": 3035,
      "item4": 1028,
      "item5": 1011,
      "item6": 3340,
      "magicDamageDealtToChampions": 1245,
      "physicalDamageDealtToChampions": 20243,
      "totalDamageDealtToChampions": 21685,
      "trueDamageDealtPlayer": 286,
      "trueDamageDealtToChampions": 196,
      "trueDamageTaken": 1298,
      "wardPlaced": 25,
      "neutralMinionsKilledEnemyJungle": 7,
      "neutralMinionsKilledYourJungle": 19,
      "totalTimeCrowdControlDealt": 120
    }
  }
}