{
  "36838074": {
    "gameId": 818141854,
    "invalid": false,
    "gameMode": "CLASSIC",
    "gameType": "MATCHED_GAME",
    "subType": "RANKED_SOLO_5x5",
    "mapId": 1,
    "teamId": 200,
    "championId": 7,
    "spell1": 4,
    "spell2": 14,
    "level": 30,
    "ipEarned": 96,
    "createDate": 1398238009057,
    "fellowPlayers": [
      {
        "summonerId": 27263350,
        "teamId": 200,
        "championId": 9
      },
      {
        "summonerId": 31354042,
        "teamId": 100,
        "championId": 222
      },
      {
        "summonerId": 29124561,
        "teamId": 200,
        "championId": 48
      },
      {
        "summonerId": 24351713,
        "teamId": 100,
        "championId": 76
      },
      {
        "summonerId": 35018419,
        "teamId": 200,
        "championId": 15
      },
      {
        "summonerId": 33967725,
        "teamId": 200,
        "championId": 75
      },
      {
        "summonerId": 21733569,
        "teamId": 100,
        "championId": 58
      },
      {
        "summonerId": 32153460,
        "teamId": 100,
        "championId": 11
      },
      {
        "summonerId": 31406334,
        "teamId": 100,
        "championId": 412
      }
    ],
    "stats": {
      "level": 16,
      "goldEarned": 12609,
      "numDeaths": 8,
      "minionsKilled": 89,
      "championsKilled": 11,
      "goldSpent": 11480,
      "totalDamageDealt": 72114,
      "totalDamageTaken": 19275,
      "doubleKills": 2,
      "killingSprees": 4,
      "largestKillingSpree": 3,
      "team": 200,
      "win": true,
      "neutralMinionsKilled": 7,
      "largestMultiKill": 2,
      "physicalDamageDealtPlayer": 18740,
      "magicDamageDealtPlayer": 52780,
      "physicalDamageTaken": 11064,
      "magicDamageTaken": 7576,
      "timePlayed": 2051,
      "totalHeal": 508,
      "totalUnitsHealed": 1,
      "assists": 5,
      "item0": 3128,
      "item3": 3020,
      "item4": 3089,
      "item5": 3151,
      "item6": 3340,
      "sightWardsBought": 3,
      "magicDamageDealtToChampions": 20459,
      "physicalDamageDealtToChampions": 2216,
      "totalDamageDealtToChampions": 23270,
      "trueDamageDealtPlayer": 594,
      "trueDamageDealtToChampions": 594,
      "trueDamageTaken": 634,
      "wardPlaced": 12,
      "neutralMinionsKilledEnemyJungle": 1,
      "neutralMinionsKilledYourJungle": 6,
      "totalTimeCrowdControlDealt": 75
    }
  },
  "summonerCount": 10,
  "24351713": {
    "gameId": 818141854,
    "invalid": false,
    "gameMode": "CLASSIC",
    "gameType": "MATCHED_GAME",
    "subType": "RANKED_SOLO_5x5",
    "mapId": 1,
    "teamId": 100,
    "championId": 76,
    "spell1": 7,
    "spell2": 4,
    "level": 30,
    "ipEarned": 64,
    "createDate": 1398238009052,
    "fellowPlayers": [
      {
        "summonerId": 27263350,
        "teamId": 200,
        "championId": 9
      },
      {
        "summonerId": 31354042,
        "teamId": 100,
        "championId": 222
      },
      {
        "summonerId": 29124561,
        "teamId": 200,
        "championId": 48
      },
      {
        "summonerId": 36838074,
        "teamId": 200,
        "championId": 7
      },
      {
        "summonerId": 35018419,
        "teamId": 200,
        "championId": 15
      },
      {
        "summonerId": 33967725,
        "teamId": 200,
        "championId": 75
      },
      {
        "summonerId": 21733569,
        "teamId": 100,
        "championId": 58
      },
      {
        "summonerId": 32153460,
        "teamId": 100,
        "championId": 11
      },
      {
        "summonerId": 31406334,
        "teamId": 100,
        "championId": 412
      }
    ],
    "stats": {
      "level": 16,
      "goldEarned": 10924,
      "numDeaths": 9,
      "minionsKilled": 118,
      "championsKilled": 11,
      "goldSpent": 10315,
      "totalDamageDealt": 113136,
      "totalDamageTaken": 24971,
      "killingSprees": 2,
      "largestKillingSpree": 4,
      "team": 100,
      "win": false,
      "neutralMinionsKilled": 13,
      "largestMultiKill": 1,
      "physicalDamageDealtPlayer": 27619,
      "magicDamageDealtPlayer": 85226,
      "physicalDamageTaken": 12718,
      "magicDamageTaken": 11982,
      "timePlayed": 2051,
      "totalHeal": 16440,
      "totalUnitsHealed": 5,
      "assists": 7,
      "item0": 3255,
      "item1": 3040,
      "item2": 3100,
      "item3": 3135,
      "item6": 3340,
      "sightWardsBought": 1,
      "magicDamageDealtToChampions": 26115,
      "physicalDamageDealtToChampions": 5466,
      "totalDamageDealtToChampions": 31819,
      "trueDamageDealtPlayer": 290,
      "trueDamageDealtToChampions": 238,
      "trueDamageTaken": 270,
      "wardKilled": 1,
      "wardPlaced": 9,
      "neutralMinionsKilledYourJungle": 13,
      "totalTimeCrowdControlDealt": 27
    }
  },
  "35018419": {
    "gameId": 818141854,
    "invalid": false,
    "gameMode": "CLASSIC",
    "gameType": "MATCHED_GAME",
    "subType": "RANKED_SOLO_5x5",
    "mapId": 1,
    "teamId": 200,
    "championId": 15,
    "spell1": 7,
    "spell2": 4,
    "level": 30,
    "ipEarned": 96,
    "createDate": 1398238009053,
    "fellowPlayers": [
      {
        "summonerId": 27263350,
        "teamId": 200,
        "championId": 9
      },
      {
        "summonerId": 31354042,
        "teamId": 100,
        "championId": 222
      },
      {
        "summonerId": 29124561,
        "teamId": 200,
        "championId": 48
      },
      {
        "summonerId": 24351713,
        "teamId": 100,
        "championId": 76
      },
      {
        "summonerId": 36838074,
        "teamId": 200,
        "championId": 7
      },
      {
        "summonerId": 33967725,
        "teamId": 200,
        "championId": 75
      },
      {
        "summonerId": 21733569,
        "teamId": 100,
        "championId": 58
      },
      {
        "summonerId": 32153460,
        "teamId": 100,
        "championId": 11
      },
      {
        "summonerId": 31406334,
        "teamId": 100,
        "championId": 412
      }
    ],
    "stats": {
      "level": 17,
      "goldEarned": 17005,
      "numDeaths": 5,
      "barracksKilled": 2,
      "turretsKilled": 3,
      "minionsKilled": 204,
      "championsKilled": 14,
      "goldSpent": 15015,
      "totalDamageDealt": 218427,
      "totalDamageTaken": 25105,
      "doubleKills": 2,
      "tripleKills": 1,
      "quadraKills": 1,
      "killingSprees": 2,
      "largestKillingSpree": 11,
      "team": 200,
      "win": true,
      "neutralMinionsKilled": 36,
      "largestMultiKill": 4,
      "physicalDamageDealtPlayer": 217583,
      "physicalDamageTaken": 19786,
      "magicDamageTaken": 4123,
      "largestCriticalStrike": 867,
      "timePlayed": 2051,
      "totalHeal": 3248,
      "totalUnitsHealed": 2,
      "assists": 8,
      "item0": 3006,
      "item1": 3031,
      "item2": 3046,
      "item3": 3072,
      "item4": 3035,
      "item5": 3211,
      "item6": 3340,
      "physicalDamageDealtToChampions": 28036,
      "totalDamageDealtToChampions": 28430,
      "trueDamageDealtPlayer": 844,
      "trueDamageDealtToChampions": 394,
      "trueDamageTaken": 1196,
      "wardPlaced": 9,
      "neutralMinionsKilledEnemyJungle": 19,
      "neutralMinionsKilledYourJungle": 17,
      "totalTimeCrowdControlDealt": 310
    }
  },
  "33967725": {
    "gameId": 818141854,
    "invalid": false,
    "gameMode": "CLASSIC",
    "gameType": "MATCHED_GAME",
    "subType": "RANKED_SOLO_5x5",
    "mapId": 1,
    "teamId": 200,
    "championId": 75,
    "spell1": 4,
    "spell2": 11,
    "level": 30,
    "ipEarned": 246,
    "createDate": 1398238009056,
    "fellowPlayers": [
      {
        "summonerId": 27263350,
        "teamId": 200,
        "championId": 9
      },
      {
        "summonerId": 31354042,
        "teamId": 100,
        "championId": 222
      },
      {
        "summonerId": 29124561,
        "teamId": 200,
        "championId": 48
      },
      {
        "summonerId": 24351713,
        "teamId": 100,
        "championId": 76
      },
      {
        "summonerId": 36838074,
        "teamId": 200,
        "championId": 7
      },
      {
        "summonerId": 35018419,
        "teamId": 200,
        "championId": 15
      },
      {
        "summonerId": 21733569,
        "teamId": 100,
        "championId": 58
      },
      {
        "summonerId": 32153460,
        "teamId": 100,
        "championId": 11
      },
      {
        "summonerId": 31406334,
        "teamId": 100,
        "championId": 412
      }
    ],
    "stats": {
      "level": 17,
      "goldEarned": 12208,
      "numDeaths": 7,
      "turretsKilled": 1,
      "minionsKilled": 41,
      "championsKilled": 3,
      "goldSpent": 10640,
      "totalDamageDealt": 151080,
      "totalDamageTaken": 41298,
      "killingSprees": 1,
      "largestKillingSpree": 2,
      "team": 200,
      "win": true,
      "neutralMinionsKilled": 70,
      "largestMultiKill": 1,
      "physicalDamageDealtPlayer": 95623,
      "magicDamageDealtPlayer": 41158,
      "physicalDamageTaken": 29879,
      "magicDamageTaken": 9167,
      "timePlayed": 2051,
      "totalHeal": 5397,
      "totalUnitsHealed": 1,
      "assists": 11,
      "item0": 3207,
      "item1": 3025,
      "item2": 3065,
      "item3": 3280,
      "item4": 1011,
      "item6": 3340,
      "visionWardsBought": 2,
      "magicDamageDealtToChampions": 4322,
      "physicalDamageDealtToChampions": 6187,
      "totalDamageDealtToChampions": 10841,
      "trueDamageDealtPlayer": 14298,
      "trueDamageDealtToChampions": 332,
      "trueDamageTaken": 2252,
      "wardKilled": 1,
      "wardPlaced": 12,
      "neutralMinionsKilledEnemyJungle": 16,
      "neutralMinionsKilledYourJungle": 54,
      "totalTimeCrowdControlDealt": 652
    }
  },
  "31406334": {
    "gameId": 818141854,
    "invalid": false,
    "gameMode": "CLASSIC",
    "gameType": "MATCHED_GAME",
    "subType": "RANKED_SOLO_5x5",
    "mapId": 1,
    "teamId": 100,
    "championId": 412,
    "spell1": 4,
    "spell2": 14,
    "level": 30,
    "ipEarned": 64,
    "createDate": 1398238009049,
    "fellowPlayers": [
      {
        "summonerId": 27263350,
        "teamId": 200,
        "championId": 9
      },
      {
        "summonerId": 31354042,
        "teamId": 100,
        "championId": 222
      },
      {
        "summonerId": 29124561,
        "teamId": 200,
        "championId": 48
      },
      {
        "summonerId": 24351713,
        "teamId": 100,
        "championId": 76
      },
      {
        "summonerId": 36838074,
        "teamId": 200,
        "championId": 7
      },
      {
        "summonerId": 35018419,
        "teamId": 200,
        "championId": 15
      },
      {
        "summonerId": 33967725,
        "teamId": 200,
        "championId": 75
      },
      {
        "summonerId": 21733569,
        "teamId": 100,
        "championId": 58
      },
      {
        "summonerId": 32153460,
        "teamId": 100,
        "championId": 11
      }
    ],
    "stats": {
      "level": 14,
      "goldEarned": 9207,
      "numDeaths": 7,
      "minionsKilled": 28,
      "championsKilled": 4,
      "goldSpent": 8390,
      "totalDamageDealt": 24420,
      "totalDamageTaken": 24337,
      "team": 100,
      "win": false,
      "neutralMinionsKilled": 1,
      "largestMultiKill": 1,
      "physicalDamageDealtPlayer": 4741,
      "magicDamageDealtPlayer": 18641,
      "physicalDamageTaken": 11540,
      "magicDamageTaken": 12368,
      "timePlayed": 2051,
      "totalHeal": 3087,
      "totalUnitsHealed": 1,
      "assists": 13,
      "item0": 3190,
      "item1": 2049,
      "item2": 3222,
      "item3": 3096,
      "item4": 1054,
      "item5": 3270,
      "item6": 3341,
      "sightWardsBought": 3,
      "visionWardsBought": 1,
      "magicDamageDealtToChampions": 7386,
      "physicalDamageDealtToChampions": 1836,
      "totalDamageDealtToChampions": 10261,
      "trueDamageDealtPlayer": 1038,
      "trueDamageDealtToChampions": 1038,
      "trueDamageTaken": 428,
      "wardKilled": 2,
      "wardPlaced": 21,
      "neutralMinionsKilledEnemyJungle": 1,
      "totalTimeCrowdControlDealt": 123
    }
  },
  "32153460": {
    "gameId": 818141854,
    "invalid": false,
    "gameMode": "CLASSIC",
    "gameType": "MATCHED_GAME",
    "subType": "RANKED_SOLO_5x5",
    "mapId": 1,
    "teamId": 100,
    "championId": 11,
    "spell1": 11,
    "spell2": 12,
    "level": 30,
    "ipEarned": 64,
    "createDate": 1398238009047,
    "fellowPlayers": [
      {
        "summonerId": 27263350,
        "teamId": 200,
        "championId": 9
      },
      {
        "summonerId": 31354042,
        "teamId": 100,
        "championId": 222
      },
      {
        "summonerId": 29124561,
        "teamId": 200,
        "championId": 48
      },
      {
        "summonerId": 24351713,
        "teamId": 100,
        "championId": 76
      },
      {
        "summonerId": 36838074,
        "teamId": 200,
        "championId": 7
      },
      {
        "summonerId": 35018419,
        "teamId": 200,
        "championId": 15
      },
      {
        "summonerId": 33967725,
        "teamId": 200,
        "championId": 75
      },
      {
        "summonerId": 21733569,
        "teamId": 100,
        "championId": 58
      },
      {
        "summonerId": 31406334,
        "teamId": 100,
        "championId": 412
      }
    ],
    "stats": {
      "level": 16,
      "goldEarned": 9790,
      "numDeaths": 8,
      "turretsKilled": 1,
      "minionsKilled": 49,
      "championsKilled": 2,
      "goldSpent": 8915,
      "totalDamageDealt": 143239,
      "totalDamageTaken": 26355,
      "team": 100,
      "win": false,
      "neutralMinionsKilled": 81,
      "largestMultiKill": 1,
      "physicalDamageDealtPlayer": 106708,
      "magicDamageDealtPlayer": 19449,
      "physicalDamageTaken": 18405,
      "magicDamageTaken": 7161,
      "largestCriticalStrike": 723,
      "timePlayed": 2051,
      "totalHeal": 3964,
      "totalUnitsHealed": 1,
      "assists": 12,
      "item0": 3153,
      "item1": 3142,
      "item2": 3154,
      "item3": 3006,
      "item6": 3340,
      "magicDamageDealtToChampions": 199,
      "physicalDamageDealtToChampions": 9566,
      "totalDamageDealtToChampions": 11327,
      "trueDamageDealtPlayer": 17082,
      "trueDamageDealtToChampions": 1562,
      "trueDamageTaken": 788,
      "wardPlaced": 7,
      "neutralMinionsKilledEnemyJungle": 13,
      "neutralMinionsKilledYourJungle": 68,
      "totalTimeCrowdControlDealt": 284
    }
  },
  "31354042": {
    "gameId": 818141854,
    "invalid": false,
    "gameMode": "CLASSIC",
    "gameType": "MATCHED_GAME",
    "subType": "RANKED_SOLO_5x5",
    "mapId": 1,
    "teamId": 100,
    "championId": 222,
    "spell1": 4,
    "spell2": 7,
    "level": 30,
    "ipEarned": 64,
    "createDate": 1398238009051,
    "fellowPlayers": [
      {
        "summonerId": 27263350,
        "teamId": 200,
        "championId": 9
      },
      {
        "summonerId": 29124561,
        "teamId": 200,
        "championId": 48
      },
      {
        "summonerId": 24351713,
        "teamId": 100,
        "championId": 76
      },
      {
        "summonerId": 36838074,
        "teamId": 200,
        "championId": 7
      },
      {
        "summonerId": 35018419,
        "teamId": 200,
        "championId": 15
      },
      {
        "summonerId": 33967725,
        "teamId": 200,
        "championId": 75
      },
      {
        "summonerId": 21733569,
        "teamId": 100,
        "championId": 58
      },
      {
        "summonerId": 32153460,
        "teamId": 100,
        "championId": 11
      },
      {
        "summonerId": 31406334,
        "teamId": 100,
        "championId": 412
      }
    ],
    "stats": {
      "level": 16,
      "goldEarned": 13868,
      "numDeaths": 7,
      "minionsKilled": 226,
      "championsKilled": 13,
      "goldSpent": 12750,
      "totalDamageDealt": 168282,
      "totalDamageTaken": 23433,
      "doubleKills": 2,
      "tripleKills": 1,
      "killingSprees": 4,
      "largestKillingSpree": 4,
      "team": 100,
      "win": false,
      "neutralMinionsKilled": 10,
      "largestMultiKill": 3,
      "physicalDamageDealtPlayer": 166258,
      "magicDamageDealtPlayer": 1555,
      "physicalDamageTaken": 15268,
      "magicDamageTaken": 7980,
      "largestCriticalStrike": 672,
      "timePlayed": 2051,
      "totalHeal": 2648,
      "totalUnitsHealed": 2,
      "assists": 6,
      "item0": 3072,
      "item1": 3046,
      "item2": 3035,
      "item3": 1037,
      "item4": 3250,
      "item5": 1038,
      "item6": 3340,
      "magicDamageDealtToChampions": 838,
      "physicalDamageDealtToChampions": 28144,
      "totalDamageDealtToChampions": 29451,
      "trueDamageDealtPlayer": 468,
      "trueDamageDealtToChampions": 468,
      "trueDamageTaken": 184,
      "wardKilled": 1,
      "wardPlaced": 5,
      "neutralMinionsKilledEnemyJungle": 3,
      "neutralMinionsKilledYourJungle": 7,
      "totalTimeCrowdControlDealt": 140
    }
  },
  "21733569": {
    "gameId": 818141854,
    "invalid": false,
    "gameMode": "CLASSIC",
    "gameType": "MATCHED_GAME",
    "subType": "RANKED_SOLO_5x5",
    "mapId": 1,
    "teamId": 100,
    "championId": 58,
    "spell1": 14,
    "spell2": 4,
    "level": 30,
    "ipEarned": 64,
    "createDate": 1398238009050,
    "fellowPlayers": [
      {
        "summonerId": 27263350,
        "teamId": 200,
        "championId": 9
      },
      {
        "summonerId": 31354042,
        "teamId": 100,
        "championId": 222
      },
      {
        "summonerId": 29124561,
        "teamId": 200,
        "championId": 48
      },
      {
        "summonerId": 24351713,
        "teamId": 100,
        "championId": 76
      },
      {
        "summonerId": 36838074,
        "teamId": 200,
        "championId": 7
      },
      {
        "summonerId": 35018419,
        "teamId": 200,
        "championId": 15
      },
      {
        "summonerId": 33967725,
        "teamId": 200,
        "championId": 75
      },
      {
        "summonerId": 32153460,
        "teamId": 100,
        "championId": 11
      },
      {
        "summonerId": 31406334,
        "teamId": 100,
        "championId": 412
      }
    ],
    "stats": {
      "level": 16,
      "goldEarned": 9287,
      "numDeaths": 5,
      "minionsKilled": 176,
      "championsKilled": 3,
      "goldSpent": 8555,
      "totalDamageDealt": 117780,
      "totalDamageTaken": 31987,
      "killingSprees": 1,
      "largestKillingSpree": 2,
      "team": 100,
      "win": false,
      "neutralMinionsKilled": 2,
      "largestMultiKill": 1,
      "physicalDamageDealtPlayer": 96301,
      "magicDamageDealtPlayer": 19898,
      "physicalDamageTaken": 23738,
      "magicDamageTaken": 7421,
      "timePlayed": 2051,
      "totalHeal": 5205,
      "totalUnitsHealed": 1,
      "assists": 5,
      "item0": 1054,
      "item1": 3143,
      "item2": 3068,
      "item3": 1055,
      "item4": 3265,
      "item6": 3340,
      "magicDamageDealtToChampions": 2814,
      "physicalDamageDealtToChampions": 12261,
      "totalDamageDealtToChampions": 16655,
      "trueDamageDealtPlayer": 1580,
      "trueDamageDealtToChampions": 1580,
      "trueDamageTaken": 828,
      "wardPlaced": 4,
      "neutralMinionsKilledEnemyJungle": 1,
      "neutralMinionsKilledYourJungle": 1,
      "totalTimeCrowdControlDealt": 226
    }
  },
  "27263350": {
    "gameId": 818141854,
    "invalid": false,
    "gameMode": "CLASSIC",
    "gameType": "MATCHED_GAME",
    "subType": "RANKED_SOLO_5x5",
    "mapId": 1,
    "teamId": 200,
    "championId": 9,
    "spell1": 14,
    "spell2": 4,
    "level": 30,
    "ipEarned": 96,
    "createDate": 1398238009055,
    "fellowPlayers": [
      {
        "summonerId": 31354042,
        "teamId": 100,
        "championId": 222
      },
      {
        "summonerId": 29124561,
        "teamId": 200,
        "championId": 48
      },
      {
        "summonerId": 24351713,
        "teamId": 100,
        "championId": 76
      },
      {
        "summonerId": 36838074,
        "teamId": 200,
        "championId": 7
      },
      {
        "summonerId": 35018419,
        "teamId": 200,
        "championId": 15
      },
      {
        "summonerId": 33967725,
        "teamId": 200,
        "championId": 75
      },
      {
        "summonerId": 21733569,
        "teamId": 100,
        "championId": 58
      },
      {
        "summonerId": 32153460,
        "teamId": 100,
        "championId": 11
      },
      {
        "summonerId": 31406334,
        "teamId": 100,
        "championId": 412
      }
    ],
    "stats": {
      "level": 15,
      "goldEarned": 10297,
      "numDeaths": 9,
      "turretsKilled": 2,
      "minionsKilled": 24,
      "championsKilled": 4,
      "goldSpent": 10425,
      "totalDamageDealt": 44579,
      "totalDamageTaken": 20272,
      "killingSprees": 1,
      "largestKillingSpree": 2,
      "team": 200,
      "win": true,
      "neutralMinionsKilled": 2,
      "largestMultiKill": 1,
      "physicalDamageDealtPlayer": 3875,
      "magicDamageDealtPlayer": 39635,
      "physicalDamageTaken": 12772,
      "magicDamageTaken": 6661,
      "timePlayed": 2051,
      "totalHeal": 3094,
      "totalUnitsHealed": 1,
      "assists": 14,
      "item0": 3157,
      "item1": 2049,
      "item2": 3151,
      "item3": 3020,
      "item4": 1026,
      "item6": 3341,
      "sightWardsBought": 7,
      "magicDamageDealtToChampions": 19100,
      "physicalDamageDealtToChampions": 313,
      "totalDamageDealtToChampions": 20482,
      "trueDamageDealtPlayer": 1068,
      "trueDamageDealtToChampions": 1068,
      "trueDamageTaken": 839,
      "wardKilled": 1,
      "wardPlaced": 28,
      "neutralMinionsKilledEnemyJungle": 1,
      "neutralMinionsKilledYourJungle": 1,
      "totalTimeCrowdControlDealt": 231
    }
  },
  "29124561": {
    "gameId": 818141854,
    "invalid": false,
    "gameMode": "CLASSIC",
    "gameType": "MATCHED_GAME",
    "subType": "RANKED_SOLO_5x5",
    "mapId": 1,
    "teamId": 200,
    "championId": 48,
    "spell1": 4,
    "spell2": 12,
    "level": 30,
    "ipEarned": 96,
    "createDate": 1398238009054,
    "fellowPlayers": [
      {
        "summonerId": 27263350,
        "teamId": 200,
        "championId": 9
      },
      {
        "summonerId": 31354042,
        "teamId": 100,
        "championId": 222
      },
      {
        "summonerId": 24351713,
        "teamId": 100,
        "championId": 76
      },
      {
        "summonerId": 36838074,
        "teamId": 200,
        "championId": 7
      },
      {
        "summonerId": 35018419,
        "teamId": 200,
        "championId": 15
      },
      {
        "summonerId": 33967725,
        "teamId": 200,
        "championId": 75
      },
      {
        "summonerId": 21733569,
        "teamId": 100,
        "championId": 58
      },
      {
        "summonerId": 32153460,
        "teamId": 100,
        "championId": 11
      },
      {
        "summonerId": 31406334,
        "teamId": 100,
        "championId": 412
      }
    ],
    "stats": {
      "level": 17,
      "goldEarned": 12635,
      "numDeaths": 4,
      "barracksKilled": 1,
      "turretsKilled": 1,
      "minionsKilled": 225,
      "championsKilled": 4,
      "goldSpent": 12975,
      "totalDamageDealt": 128837,
      "totalDamageTaken": 39042,
      "killingSprees": 1,
      "largestKillingSpree": 3,
      "team": 200,
      "win": true,
      "neutralMinionsKilled": 1,
      "largestMultiKill": 1,
      "physicalDamageDealtPlayer": 111929,
      "magicDamageDealtPlayer": 16565,
      "physicalDamageTaken": 27718,
      "magicDamageTaken": 10353,
      "timePlayed": 2051,
      "totalHeal": 10253,
      "totalUnitsHealed": 1,
      "assists": 3,
      "item0": 1054,
      "item1": 3260,
      "item2": 3068,
      "item3": 3153,
      "item4": 3065,
      "item6": 3340,
      "sightWardsBought": 2,
      "magicDamageDealtToChampions": 3031,
      "physicalDamageDealtToChampions": 16684,
      "totalDamageDealtToChampions": 19825,
      "trueDamageDealtPlayer": 342,
      "trueDamageDealtToChampions": 110,
      "trueDamageTaken": 970,
      "wardKilled": 1,
      "wardPlaced": 8,
      "neutralMinionsKilledEnemyJungle": 1,
      "totalTimeCrowdControlDealt": 295
    }
  }
}