{
  "27497551": {
    "gameId": 818169482,
    "invalid": false,
    "gameMode": "CLASSIC",
    "gameType": "MATCHED_GAME",
    "subType": "RANKED_SOLO_5x5",
    "mapId": 1,
    "teamId": 200,
    "championId": 11,
    "spell1": 4,
    "spell2": 11,
    "level": 30,
    "ipEarned": 52,
    "createDate": 1398242743944,
    "fellowPlayers": [
      {
        "summonerId": 30056975,
        "teamId": 200,
        "championId": 55
      },
      {
        "summonerId": 21439106,
        "teamId": 100,
        "championId": 89
      },
      {
        "summonerId": 19484168,
        "teamId": 100,
        "championId": 57
      },
      {
        "summonerId": 32536338,
        "teamId": 100,
        "championId": 80
      },
      {
        "summonerId": 28511821,
        "teamId": 200,
        "championId": 41
      },
      {
        "summonerId": 39899615,
        "teamId": 100,
        "championId": 222
      },
      {
        "summonerId": 20585559,
        "teamId": 200,
        "championId": 119
      },
      {
        "summonerId": 24538927,
        "teamId": 200,
        "championId": 40
      },
      {
        "summonerId": 30553664,
        "teamId": 100,
        "championId": 10
      }
    ],
    "stats": {
      "level": 15,
      "goldEarned": 11705,
      "numDeaths": 6,
      "turretsKilled": 2,
      "minionsKilled": 111,
      "championsKilled": 11,
      "goldSpent": 10865,
      "totalDamageDealt": 168431,
      "totalDamageTaken": 21142,
      "doubleKills": 1,
      "tripleKills": 1,
      "killingSprees": 3,
      "largestKillingSpree": 4,
      "team": 200,
      "win": false,
      "neutralMinionsKilled": 65,
      "largestMultiKill": 3,
      "physicalDamageDealtPlayer": 137578,
      "magicDamageDealtPlayer": 12824,
      "physicalDamageTaken": 15778,
      "magicDamageTaken": 4596,
      "largestCriticalStrike": 913,
      "timePlayed": 1561,
      "totalHeal": 5696,
      "totalUnitsHealed": 1,
      "assists": 1,
      "item0": 3250,
      "item1": 3142,
      "item2": 3154,
      "item3": 3031,
      "item4": 1037,
      "item6": 3341,
      "physicalDamageDealtToChampions": 13845,
      "totalDamageDealtToChampions": 16796,
      "trueDamageDealtPlayer": 18028,
      "trueDamageDealtToChampions": 2951,
      "trueDamageTaken": 767,
      "wardKilled": 1,
      "wardPlaced": 3,
      "neutralMinionsKilledEnemyJungle": 15,
      "neutralMinionsKilledYourJungle": 50,
      "totalTimeCrowdControlDealt": 410
    }
  },
  "summonerCount": 10,
  "30056975": {
    "gameId": 818169482,
    "invalid": false,
    "gameMode": "CLASSIC",
    "gameType": "MATCHED_GAME",
    "subType": "RANKED_SOLO_5x5",
    "mapId": 1,
    "teamId": 200,
    "championId": 55,
    "spell1": 14,
    "spell2": 4,
    "level": 30,
    "ipEarned": 52,
    "createDate": 1398242743947,
    "fellowPlayers": [
      {
        "summonerId": 21439106,
        "teamId": 100,
        "championId": 89
      },
      {
        "summonerId": 19484168,
        "teamId": 100,
        "championId": 57
      },
      {
        "summonerId": 32536338,
        "teamId": 100,
        "championId": 80
      },
      {
        "summonerId": 27497551,
        "teamId": 200,
        "championId": 11
      },
      {
        "summonerId": 28511821,
        "teamId": 200,
        "championId": 41
      },
      {
        "summonerId": 39899615,
        "teamId": 100,
        "championId": 222
      },
      {
        "summonerId": 20585559,
        "teamId": 200,
        "championId": 119
      },
      {
        "summonerId": 24538927,
        "teamId": 200,
        "championId": 40
      },
      {
        "summonerId": 30553664,
        "teamId": 100,
        "championId": 10
      }
    ],
    "stats": {
      "level": 12,
      "goldEarned": 6097,
      "numDeaths": 8,
      "minionsKilled": 106,
      "goldSpent": 5340,
      "totalDamageDealt": 64849,
      "totalDamageTaken": 20724,
      "team": 200,
      "win": false,
      "neutralMinionsKilled": 2,
      "physicalDamageDealtPlayer": 10636,
      "magicDamageDealtPlayer": 53687,
      "physicalDamageTaken": 11874,
      "magicDamageTaken": 7765,
      "timePlayed": 1561,
      "totalHeal": 381,
      "totalUnitsHealed": 1,
      "assists": 2,
      "item0": 1056,
      "item1": 3151,
      "item2": 1001,
      "item3": 1052,
      "item4": 1026,
      "item6": 3340,
      "magicDamageDealtToChampions": 6725,
      "physicalDamageDealtToChampions": 828,
      "totalDamageDealtToChampions": 8080,
      "trueDamageDealtPlayer": 526,
      "trueDamageDealtToChampions": 526,
      "trueDamageTaken": 1084,
      "wardPlaced": 3,
      "neutralMinionsKilledEnemyJungle": 1,
      "neutralMinionsKilledYourJungle": 1
    }
  },
  "24538927": {
    "gameId": 818169482,
    "invalid": false,
    "gameMode": "CLASSIC",
    "gameType": "MATCHED_GAME",
    "subType": "RANKED_SOLO_5x5",
    "mapId": 1,
    "teamId": 200,
    "championId": 40,
    "spell1": 4,
    "spell2": 3,
    "level": 30,
    "ipEarned": 52,
    "createDate": 1398242743942,
    "fellowPlayers": [
      {
        "summonerId": 30056975,
        "teamId": 200,
        "championId": 55
      },
      {
        "summonerId": 21439106,
        "teamId": 100,
        "championId": 89
      },
      {
        "summonerId": 19484168,
        "teamId": 100,
        "championId": 57
      },
      {
        "summonerId": 32536338,
        "teamId": 100,
        "championId": 80
      },
      {
        "summonerId": 27497551,
        "teamId": 200,
        "championId": 11
      },
      {
        "summonerId": 28511821,
        "teamId": 200,
        "championId": 41
      },
      {
        "summonerId": 39899615,
        "teamId": 100,
        "championId": 222
      },
      {
        "summonerId": 20585559,
        "teamId": 200,
        "championId": 119
      },
      {
        "summonerId": 30553664,
        "teamId": 100,
        "championId": 10
      }
    ],
    "stats": {
      "level": 12,
      "goldEarned": 6415,
      "numDeaths": 6,
      "minionsKilled": 12,
      "championsKilled": 2,
      "goldSpent": 6185,
      "totalDamageDealt": 9979,
      "totalDamageTaken": 14428,
      "killingSprees": 1,
      "largestKillingSpree": 2,
      "team": 200,
      "win": false,
      "neutralMinionsKilled": 1,
      "largestMultiKill": 1,
      "physicalDamageDealtPlayer": 4591,
      "magicDamageDealtPlayer": 5387,
      "physicalDamageTaken": 9201,
      "magicDamageTaken": 4714,
      "timePlayed": 1561,
      "totalHeal": 1573,
      "totalUnitsHealed": 6,
      "assists": 4,
      "item0": 3069,
      "item1": 2045,
      "item2": 3222,
      "item3": 1001,
      "item6": 3342,
      "sightWardsBought": 3,
      "visionWardsBought": 2,
      "magicDamageDealtToChampions": 2474,
      "physicalDamageDealtToChampions": 1364,
      "totalDamageDealtToChampions": 3839,
      "trueDamageTaken": 512,
      "wardKilled": 1,
      "wardPlaced": 11,
      "neutralMinionsKilledYourJungle": 1,
      "totalTimeCrowdControlDealt": 102
    }
  },
  "32536338": {
    "gameId": 818169482,
    "invalid": false,
    "gameMode": "CLASSIC",
    "gameType": "MATCHED_GAME",
    "subType": "RANKED_SOLO_5x5",
    "mapId": 1,
    "teamId": 100,
    "championId": 80,
    "spell1": 14,
    "spell2": 4,
    "level": 30,
    "ipEarned": 78,
    "createDate": 1398242743939,
    "fellowPlayers": [
      {
        "summonerId": 30056975,
        "teamId": 200,
        "championId": 55
      },
      {
        "summonerId": 21439106,
        "teamId": 100,
        "championId": 89
      },
      {
        "summonerId": 19484168,
        "teamId": 100,
        "championId": 57
      },
      {
        "summonerId": 27497551,
        "teamId": 200,
        "championId": 11
      },
      {
        "summonerId": 28511821,
        "teamId": 200,
        "championId": 41
      },
      {
        "summonerId": 39899615,
        "teamId": 100,
        "championId": 222
      },
      {
        "summonerId": 20585559,
        "teamId": 200,
        "championId": 119
      },
      {
        "summonerId": 24538927,
        "teamId": 200,
        "championId": 40
      },
      {
        "summonerId": 30553664,
        "teamId": 100,
        "championId": 10
      }
    ],
    "stats": {
      "level": 14,
      "goldEarned": 9687,
      "numDeaths": 5,
      "minionsKilled": 106,
      "championsKilled": 7,
      "goldSpent": 6910,
      "totalDamageDealt": 92379,
      "totalDamageTaken": 17547,
      "killingSprees": 2,
      "largestKillingSpree": 2,
      "team": 100,
      "win": true,
      "neutralMinionsKilled": 8,
      "largestMultiKill": 1,
      "physicalDamageDealtPlayer": 87170,
      "magicDamageDealtPlayer": 3168,
      "physicalDamageTaken": 13777,
      "magicDamageTaken": 2347,
      "largestCriticalStrike": 684,
      "timePlayed": 1561,
      "assists": 2,
      "item0": 2041,
      "item1": 3071,
      "item2": 3274,
      "item3": 1053,
      "item4": 1011,
      "item6": 3340,
      "magicDamageDealtToChampions": 909,
      "physicalDamageDealtToChampions": 15861,
      "totalDamageDealtToChampions": 17371,
      "trueDamageDealtPlayer": 2040,
      "trueDamageDealtToChampions": 600,
      "trueDamageTaken": 1423,
      "wardPlaced": 2,
      "neutralMinionsKilledEnemyJungle": 4,
      "neutralMinionsKilledYourJungle": 4,
      "totalTimeCrowdControlDealt": 94
    }
  },
  "39899615": {
    "gameId": 818169482,
    "invalid": false,
    "gameMode": "CLASSIC",
    "gameType": "MATCHED_GAME",
    "subType": "RANKED_SOLO_5x5",
    "mapId": 1,
    "teamId": 100,
    "championId": 222,
    "spell1": 4,
    "spell2": 7,
    "level": 30,
    "ipEarned": 78,
    "createDate": 1398242743940,
    "fellowPlayers": [
      {
        "summonerId": 30056975,
        "teamId": 200,
        "championId": 55
      },
      {
        "summonerId": 21439106,
        "teamId": 100,
        "championId": 89
      },
      {
        "summonerId": 19484168,
        "teamId": 100,
        "championId": 57
      },
      {
        "summonerId": 32536338,
        "teamId": 100,
        "championId": 80
      },
      {
        "summonerId": 27497551,
        "teamId": 200,
        "championId": 11
      },
      {
        "summonerId": 28511821,
        "teamId": 200,
        "championId": 41
      },
      {
        "summonerId": 20585559,
        "teamId": 200,
        "championId": 119
      },
      {
        "summonerId": 24538927,
        "teamId": 200,
        "championId": 40
      },
      {
        "summonerId": 30553664,
        "teamId": 100,
        "championId": 10
      }
    ],
    "stats": {
      "level": 14,
      "goldEarned": 12447,
      "numDeaths": 2,
      "barracksKilled": 1,
      "turretsKilled": 4,
      "minionsKilled": 116,
      "championsKilled": 13,
      "goldSpent": 9295,
      "totalDamageDealt": 94787,
      "totalDamageTaken": 13078,
      "doubleKills": 1,
      "tripleKills": 1,
      "killingSprees": 2,
      "largestKillingSpree": 8,
      "team": 100,
      "win": true,
      "neutralMinionsKilled": 16,
      "largestMultiKill": 3,
      "physicalDamageDealtPlayer": 89622,
      "magicDamageDealtPlayer": 3951,
      "physicalDamageTaken": 10571,
      "magicDamageTaken": 1841,
      "largestCriticalStrike": 459,
      "timePlayed": 1561,
      "totalHeal": 1584,
      "totalUnitsHealed": 2,
      "assists": 8,
      "item0": 1055,
      "item1": 3072,
      "item2": 3046,
      "item3": 1036,
      "item4": 3250,
      "item5": 1037,
      "item6": 3340,
      "magicDamageDealtToChampions": 1978,
      "physicalDamageDealtToChampions": 17952,
      "totalDamageDealtToChampions": 20738,
      "trueDamageDealtPlayer": 1214,
      "trueDamageDealtToChampions": 808,
      "trueDamageTaken": 665,
      "wardPlaced": 3,
      "neutralMinionsKilledYourJungle": 16,
      "totalTimeCrowdControlDealt": 361
    }
  },
  "28511821": {
    "gameId": 818169482,
    "invalid": false,
    "gameMode": "CLASSIC",
    "gameType": "MATCHED_GAME",
    "subType": "RANKED_SOLO_5x5",
    "mapId": 1,
    "teamId": 200,
    "championId": 41,
    "spell1": 4,
    "spell2": 12,
    "level": 30,
    "ipEarned": 52,
    "createDate": 1398242743946,
    "fellowPlayers": [
      {
        "summonerId": 30056975,
        "teamId": 200,
        "championId": 55
      },
      {
        "summonerId": 21439106,
        "teamId": 100,
        "championId": 89
      },
      {
        "summonerId": 19484168,
        "teamId": 100,
        "championId": 57
      },
      {
        "summonerId": 32536338,
        "teamId": 100,
        "championId": 80
      },
      {
        "summonerId": 27497551,
        "teamId": 200,
        "championId": 11
      },
      {
        "summonerId": 39899615,
        "teamId": 100,
        "championId": 222
      },
      {
        "summonerId": 20585559,
        "teamId": 200,
        "championId": 119
      },
      {
        "summonerId": 24538927,
        "teamId": 200,
        "championId": 40
      },
      {
        "summonerId": 30553664,
        "teamId": 100,
        "championId": 10
      }
    ],
    "stats": {
      "level": 13,
      "goldEarned": 8184,
      "numDeaths": 6,
      "minionsKilled": 134,
      "championsKilled": 2,
      "goldSpent": 7535,
      "totalDamageDealt": 76849,
      "totalDamageTaken": 22842,
      "team": 200,
      "win": false,
      "neutralMinionsKilled": 4,
      "largestMultiKill": 1,
      "physicalDamageDealtPlayer": 53637,
      "magicDamageDealtPlayer": 22684,
      "physicalDamageTaken": 18848,
      "magicDamageTaken": 3196,
      "largestCriticalStrike": 547,
      "timePlayed": 1561,
      "totalHeal": 2826,
      "totalUnitsHealed": 1,
      "assists": 4,
      "item0": 3047,
      "item1": 3087,
      "item2": 3074,
      "item6": 3340,
      "magicDamageDealtToChampions": 5180,
      "physicalDamageDealtToChampions": 4731,
      "totalDamageDealtToChampions": 10372,
      "trueDamageDealtPlayer": 528,
      "trueDamageDealtToChampions": 460,
      "trueDamageTaken": 798,
      "wardPlaced": 5,
      "neutralMinionsKilledYourJungle": 4,
      "totalTimeCrowdControlDealt": 1123
    }
  },
  "21439106": {
    "gameId": 818169482,
    "invalid": false,
    "gameMode": "CLASSIC",
    "gameType": "MATCHED_GAME",
    "subType": "RANKED_SOLO_5x5",
    "mapId": 1,
    "teamId": 100,
    "championId": 89,
    "spell1": 4,
    "spell2": 7,
    "level": 30,
    "ipEarned": 78,
    "createDate": 1398242743941,
    "fellowPlayers": [
      {
        "summonerId": 30056975,
        "teamId": 200,
        "championId": 55
      },
      {
        "summonerId": 19484168,
        "teamId": 100,
        "championId": 57
      },
      {
        "summonerId": 32536338,
        "teamId": 100,
        "championId": 80
      },
      {
        "summonerId": 27497551,
        "teamId": 200,
        "championId": 11
      },
      {
        "summonerId": 28511821,
        "teamId": 200,
        "championId": 41
      },
      {
        "summonerId": 39899615,
        "teamId": 100,
        "championId": 222
      },
      {
        "summonerId": 20585559,
        "teamId": 200,
        "championId": 119
      },
      {
        "summonerId": 24538927,
        "teamId": 200,
        "championId": 40
      },
      {
        "summonerId": 30553664,
        "teamId": 100,
        "championId": 10
      }
    ],
    "stats": {
      "level": 13,
      "goldEarned": 8776,
      "numDeaths": 2,
      "minionsKilled": 34,
      "championsKilled": 4,
      "goldSpent": 8725,
      "totalDamageDealt": 36760,
      "totalDamageTaken": 13116,
      "doubleKills": 1,
      "killingSprees": 2,
      "largestKillingSpree": 2,
      "team": 100,
      "win": true,
      "largestMultiKill": 2,
      "physicalDamageDealtPlayer": 14548,
      "magicDamageDealtPlayer": 18838,
      "physicalDamageTaken": 10156,
      "magicDamageTaken": 1959,
      "timePlayed": 1561,
      "totalHeal": 3034,
      "totalUnitsHealed": 5,
      "assists": 12,
      "item0": 3302,
      "item1": 3143,
      "item2": 3111,
      "item3": 3068,
      "item4": 3211,
      "item6": 3340,
      "sightWardsBought": 1,
      "magicDamageDealtToChampions": 4802,
      "physicalDamageDealtToChampions": 3461,
      "totalDamageDealtToChampions": 8714,
      "trueDamageDealtPlayer": 3374,
      "trueDamageDealtToChampions": 450,
      "trueDamageTaken": 1001,
      "wardPlaced": 9,
      "totalTimeCrowdControlDealt": 94
    }
  },
  "20585559": {
    "gameId": 818169482,
    "invalid": false,
    "gameMode": "CLASSIC",
    "gameType": "MATCHED_GAME",
    "subType": "RANKED_SOLO_5x5",
    "mapId": 1,
    "teamId": 200,
    "championId": 119,
    "spell1": 7,
    "spell2": 4,
    "level": 30,
    "ipEarned": 52,
    "createDate": 1398242743945,
    "fellowPlayers": [
      {
        "summonerId": 30056975,
        "teamId": 200,
        "championId": 55
      },
      {
        "summonerId": 21439106,
        "teamId": 100,
        "championId": 89
      },
      {
        "summonerId": 19484168,
        "teamId": 100,
        "championId": 57
      },
      {
        "summonerId": 32536338,
        "teamId": 100,
        "championId": 80
      },
      {
        "summonerId": 27497551,
        "teamId": 200,
        "championId": 11
      },
      {
        "summonerId": 28511821,
        "teamId": 200,
        "championId": 41
      },
      {
        "summonerId": 39899615,
        "teamId": 100,
        "championId": 222
      },
      {
        "summonerId": 24538927,
        "teamId": 200,
        "championId": 40
      },
      {
        "summonerId": 30553664,
        "teamId": 100,
        "championId": 10
      }
    ],
    "stats": {
      "level": 12,
      "goldEarned": 7510,
      "numDeaths": 4,
      "minionsKilled": 103,
      "championsKilled": 2,
      "goldSpent": 6175,
      "totalDamageDealt": 47101,
      "totalDamageTaken": 10892,
      "team": 200,
      "win": false,
      "largestMultiKill": 1,
      "physicalDamageDealtPlayer": 47101,
      "physicalDamageTaken": 7589,
      "magicDamageTaken": 3088,
      "timePlayed": 1561,
      "totalHeal": 1466,
      "totalUnitsHealed": 4,
      "assists": 4,
      "item0": 3072,
      "item1": 2003,
      "item2": 2004,
      "item3": 3006,
      "item4": 1055,
      "item5": 3086,
      "item6": 3340,
      "sightWardsBought": 1,
      "physicalDamageDealtToChampions": 8438,
      "totalDamageDealtToChampions": 8438,
      "trueDamageTaken": 214,
      "wardPlaced": 4,
      "totalTimeCrowdControlDealt": 105
    }
  },
  "19484168": {
    "gameId": 818169482,
    "invalid": false,
    "gameMode": "CLASSIC",
    "gameType": "MATCHED_GAME",
    "subType": "RANKED_SOLO_5x5",
    "mapId": 1,
    "teamId": 100,
    "championId": 57,
    "spell1": 11,
    "spell2": 4,
    "level": 30,
    "ipEarned": 78,
    "createDate": 1398242743936,
    "fellowPlayers": [
      {
        "summonerId": 30056975,
        "teamId": 200,
        "championId": 55
      },
      {
        "summonerId": 21439106,
        "teamId": 100,
        "championId": 89
      },
      {
        "summonerId": 32536338,
        "teamId": 100,
        "championId": 80
      },
      {
        "summonerId": 27497551,
        "teamId": 200,
        "championId": 11
      },
      {
        "summonerId": 28511821,
        "teamId": 200,
        "championId": 41
      },
      {
        "summonerId": 39899615,
        "teamId": 100,
        "championId": 222
      },
      {
        "summonerId": 20585559,
        "teamId": 200,
        "championId": 119
      },
      {
        "summonerId": 24538927,
        "teamId": 200,
        "championId": 40
      },
      {
        "summonerId": 30553664,
        "teamId": 100,
        "championId": 10
      }
    ],
    "stats": {
      "level": 13,
      "goldEarned": 8506,
      "numDeaths": 2,
      "minionsKilled": 55,
      "championsKilled": 3,
      "goldSpent": 7275,
      "totalDamageDealt": 66251,
      "totalDamageTaken": 17353,
      "killingSprees": 1,
      "largestKillingSpree": 3,
      "team": 100,
      "win": true,
      "neutralMinionsKilled": 20,
      "largestMultiKill": 1,
      "physicalDamageDealtPlayer": 15850,
      "magicDamageDealtPlayer": 42839,
      "physicalDamageTaken": 13240,
      "magicDamageTaken": 3385,
      "timePlayed": 1561,
      "totalHeal": 4992,
      "totalUnitsHealed": 1,
      "assists": 9,
      "item0": 3207,
      "item1": 2004,
      "item2": 3143,
      "item3": 1028,
      "item4": 3047,
      "item6": 3340,
      "magicDamageDealtToChampions": 6850,
      "physicalDamageDealtToChampions": 2227,
      "totalDamageDealtToChampions": 9122,
      "trueDamageDealtPlayer": 7562,
      "trueDamageDealtToChampions": 44,
      "trueDamageTaken": 727,
      "wardPlaced": 7,
      "neutralMinionsKilledEnemyJungle": 1,
      "neutralMinionsKilledYourJungle": 19,
      "totalTimeCrowdControlDealt": 486
    }
  },
  "27497551": {
    "gameId": 818169482,
    "invalid": false,
    "gameMode": "CLASSIC",
    "gameType": "MATCHED_GAME",
    "subType": "RANKED_SOLO_5x5",
    "mapId": 1,
    "teamId": 200,
    "championId": 11,
    "spell1": 4,
    "spell2": 11,
    "level": 30,
    "ipEarned": 52,
    "createDate": 1398242743944,
    "fellowPlayers": [
      {
        "summonerId": 30056975,
        "teamId": 200,
        "championId": 55
      },
      {
        "summonerId": 21439106,
        "teamId": 100,
        "championId": 89
      },
      {
        "summonerId": 19484168,
        "teamId": 100,
        "championId": 57
      },
      {
        "summonerId": 32536338,
        "teamId": 100,
        "championId": 80
      },
      {
        "summonerId": 28511821,
        "teamId": 200,
        "championId": 41
      },
      {
        "summonerId": 39899615,
        "teamId": 100,
        "championId": 222
      },
      {
        "summonerId": 20585559,
        "teamId": 200,
        "championId": 119
      },
      {
        "summonerId": 24538927,
        "teamId": 200,
        "championId": 40
      },
      {
        "summonerId": 30553664,
        "teamId": 100,
        "championId": 10
      }
    ],
    "stats": {
      "level": 15,
      "goldEarned": 11705,
      "numDeaths": 6,
      "turretsKilled": 2,
      "minionsKilled": 111,
      "championsKilled": 11,
      "goldSpent": 10865,
      "totalDamageDealt": 168431,
      "totalDamageTaken": 21142,
      "doubleKills": 1,
      "tripleKills": 1,
      "killingSprees": 3,
      "largestKillingSpree": 4,
      "team": 200,
      "win": false,
      "neutralMinionsKilled": 65,
      "largestMultiKill": 3,
      "physicalDamageDealtPlayer": 137578,
      "magicDamageDealtPlayer": 12824,
      "physicalDamageTaken": 15778,
      "magicDamageTaken": 4596,
      "largestCriticalStrike": 913,
      "timePlayed": 1561,
      "totalHeal": 5696,
      "totalUnitsHealed": 1,
      "assists": 1,
      "item0": 3250,
      "item1": 3142,
      "item2": 3154,
      "item3": 3031,
      "item4": 1037,
      "item6": 3341,
      "physicalDamageDealtToChampions": 13845,
      "totalDamageDealtToChampions": 16796,
      "trueDamageDealtPlayer": 18028,
      "trueDamageDealtToChampions": 2951,
      "trueDamageTaken": 767,
      "wardKilled": 1,
      "wardPlaced": 3,
      "neutralMinionsKilledEnemyJungle": 15,
      "neutralMinionsKilledYourJungle": 50,
      "totalTimeCrowdControlDealt": 410
    }
  }
}