{
  "24183491": {
    "gameId": 818169685,
    "invalid": false,
    "gameMode": "ARAM",
    "gameType": "MATCHED_GAME",
    "subType": "ARAM_UNRANKED_5x5",
    "mapId": 12,
    "teamId": 100,
    "championId": 43,
    "spell1": 21,
    "spell2": 4,
    "level": 30,
    "ipEarned": 211,
    "createDate": 1398242430869,
    "fellowPlayers": [
      {
        "summonerId": 21599822,
        "teamId": 200,
        "championId": 122
      },
      {
        "summonerId": 32993172,
        "teamId": 200,
        "championId": 60
      },
      {
        "summonerId": 41394420,
        "teamId": 100,
        "championId": 11
      },
      {
        "summonerId": 27520338,
        "teamId": 200,
        "championId": 133
      },
      {
        "summonerId": 34350117,
        "teamId": 100,
        "championId": 32
      },
      {
        "summonerId": 37937878,
        "teamId": 200,
        "championId": 39
      },
      {
        "summonerId": 30563799,
        "teamId": 200,
        "championId": 82
      },
      {
        "summonerId": 31898321,
        "teamId": 100,
        "championId": 22
      },
      {
        "summonerId": 38474041,
        "teamId": 100,
        "championId": 74
      }
    ],
    "stats": {
      "level": 18,
      "goldEarned": 12246,
      "numDeaths": 5,
      "barracksKilled": 1,
      "minionsKilled": 66,
      "championsKilled": 11,
      "goldSpent": 11230,
      "totalDamageDealt": 64034,
      "totalDamageTaken": 16553,
      "killingSprees": 3,
      "largestKillingSpree": 4,
      "team": 100,
      "win": true,
      "largestMultiKill": 1,
      "physicalDamageDealtPlayer": 9333,
      "magicDamageDealtPlayer": 54701,
      "physicalDamageTaken": 8321,
      "magicDamageTaken": 7901,
      "timePlayed": 1230,
      "totalHeal": 3973,
      "totalUnitsHealed": 1,
      "assists": 27,
      "item0": 1026,
      "item1": 1001,
      "item2": 3089,
      "item3": 1052,
      "item4": 3157,
      "item5": 3040,
      "magicDamageDealtToChampions": 21900,
      "physicalDamageDealtToChampions": 2439,
      "totalDamageDealtToChampions": 24339,
      "trueDamageTaken": 330,
      "totalTimeCrowdControlDealt": 481
    }
  },
  "summonerCount": 10,
  "27520338": {
    "gameId": 818169685,
    "invalid": false,
    "gameMode": "ARAM",
    "gameType": "MATCHED_GAME",
    "subType": "ARAM_UNRANKED_5x5",
    "mapId": 12,
    "teamId": 200,
    "championId": 133,
    "spell1": 4,
    "spell2": 21,
    "level": 30,
    "ipEarned": 42,
    "createDate": 1398242430878,
    "fellowPlayers": [
      {
        "summonerId": 21599822,
        "teamId": 200,
        "championId": 122
      },
      {
        "summonerId": 32993172,
        "teamId": 200,
        "championId": 60
      },
      {
        "summonerId": 41394420,
        "teamId": 100,
        "championId": 11
      },
      {
        "summonerId": 34350117,
        "teamId": 100,
        "championId": 32
      },
      {
        "summonerId": 24183491,
        "teamId": 100,
        "championId": 43
      },
      {
        "summonerId": 37937878,
        "teamId": 200,
        "championId": 39
      },
      {
        "summonerId": 30563799,
        "teamId": 200,
        "championId": 82
      },
      {
        "summonerId": 31898321,
        "teamId": 100,
        "championId": 22
      },
      {
        "summonerId": 38474041,
        "teamId": 100,
        "championId": 74
      }
    ],
    "stats": {
      "level": 16,
      "goldEarned": 10251,
      "numDeaths": 9,
      "minionsKilled": 46,
      "championsKilled": 9,
      "goldSpent": 9520,
      "totalDamageDealt": 48200,
      "totalDamageTaken": 19786,
      "doubleKills": 1,
      "killingSprees": 1,
      "largestKillingSpree": 2,
      "team": 200,
      "win": false,
      "largestMultiKill": 2,
      "physicalDamageDealtPlayer": 48200,
      "physicalDamageTaken": 7445,
      "magicDamageTaken": 12218,
      "largestCriticalStrike": 696,
      "timePlayed": 1230,
      "totalHeal": 1194,
      "totalUnitsHealed": 1,
      "assists": 12,
      "item0": 3181,
      "item1": 3006,
      "item2": 3031,
      "item3": 3035,
      "item6": 2052,
      "physicalDamageDealtToChampions": 18159,
      "totalDamageDealtToChampions": 18159,
      "trueDamageTaken": 122,
      "totalTimeCrowdControlDealt": 2671
    }
  },
  "30563799": {
    "gameId": 818169685,
    "invalid": false,
    "gameMode": "ARAM",
    "gameType": "MATCHED_GAME",
    "subType": "ARAM_UNRANKED_5x5",
    "mapId": 12,
    "teamId": 200,
    "championId": 82,
    "spell1": 7,
    "spell2": 4,
    "level": 30,
    "ipEarned": 42,
    "createDate": 1398242430879,
    "fellowPlayers": [
      {
        "summonerId": 21599822,
        "teamId": 200,
        "championId": 122
      },
      {
        "summonerId": 32993172,
        "teamId": 200,
        "championId": 60
      },
      {
        "summonerId": 41394420,
        "teamId": 100,
        "championId": 11
      },
      {
        "summonerId": 27520338,
        "teamId": 200,
        "championId": 133
      },
      {
        "summonerId": 34350117,
        "teamId": 100,
        "championId": 32
      },
      {
        "summonerId": 24183491,
        "teamId": 100,
        "championId": 43
      },
      {
        "summonerId": 37937878,
        "teamId": 200,
        "championId": 39
      },
      {
        "summonerId": 31898321,
        "teamId": 100,
        "championId": 22
      },
      {
        "summonerId": 38474041,
        "teamId": 100,
        "championId": 74
      }
    ],
    "stats": {
      "level": 16,
      "goldEarned": 11315,
      "numDeaths": 7,
      "minionsKilled": 65,
      "championsKilled": 9,
      "goldSpent": 9785,
      "totalDamageDealt": 67270,
      "totalDamageTaken": 18424,
      "killingSprees": 2,
      "largestKillingSpree": 3,
      "team": 200,
      "win": false,
      "largestMultiKill": 1,
      "physicalDamageDealtPlayer": 2700,
      "magicDamageDealtPlayer": 64569,
      "physicalDamageTaken": 8832,
      "magicDamageTaken": 8558,
      "timePlayed": 1230,
      "totalHeal": 4622,
      "totalUnitsHealed": 3,
      "assists": 19,
      "item0": 3020,
      "item1": 3152,
      "item2": 3068,
      "item3": 3065,
      "item4": 1052,
      "item6": 2052,
      "magicDamageDealtToChampions": 21468,
      "physicalDamageDealtToChampions": 861,
      "totalDamageDealtToChampions": 22330,
      "trueDamageTaken": 1034,
      "totalTimeCrowdControlDealt": 1575
    }
  },
  "34350117": {
    "gameId": 818169685,
    "invalid": false,
    "gameMode": "ARAM",
    "gameType": "MATCHED_GAME",
    "subType": "ARAM_UNRANKED_5x5",
    "mapId": 12,
    "teamId": 100,
    "championId": 32,
    "spell1": 4,
    "spell2": 7,
    "level": 30,
    "ipEarned": 61,
    "createDate": 1398242430874,
    "fellowPlayers": [
      {
        "summonerId": 21599822,
        "teamId": 200,
        "championId": 122
      },
      {
        "summonerId": 32993172,
        "teamId": 200,
        "championId": 60
      },
      {
        "summonerId": 41394420,
        "teamId": 100,
        "championId": 11
      },
      {
        "summonerId": 27520338,
        "teamId": 200,
        "championId": 133
      },
      {
        "summonerId": 24183491,
        "teamId": 100,
        "championId": 43
      },
      {
        "summonerId": 37937878,
        "teamId": 200,
        "championId": 39
      },
      {
        "summonerId": 30563799,
        "teamId": 200,
        "championId": 82
      },
      {
        "summonerId": 31898321,
        "teamId": 100,
        "championId": 22
      },
      {
        "summonerId": 38474041,
        "teamId": 100,
        "championId": 74
      }
    ],
    "stats": {
      "level": 16,
      "goldEarned": 10346,
      "numDeaths": 6,
      "minionsKilled": 14,
      "championsKilled": 7,
      "goldSpent": 9080,
      "totalDamageDealt": 22346,
      "totalDamageTaken": 20836,
      "killingSprees": 2,
      "largestKillingSpree": 3,
      "team": 100,
      "win": true,
      "largestMultiKill": 1,
      "physicalDamageDealtPlayer": 2845,
      "magicDamageDealtPlayer": 19501,
      "physicalDamageTaken": 11236,
      "magicDamageTaken": 8474,
      "timePlayed": 1230,
      "totalHeal": 4238,
      "totalUnitsHealed": 5,
      "assists": 24,
      "item0": 2051,
      "item1": 3143,
      "item2": 3065,
      "item3": 3111,
      "item4": 1011,
      "magicDamageDealtToChampions": 12061,
      "physicalDamageDealtToChampions": 1145,
      "totalDamageDealtToChampions": 13206,
      "trueDamageTaken": 1125,
      "totalTimeCrowdControlDealt": 436
    }
  },
  "31898321": {
    "gameId": 818169685,
    "invalid": false,
    "gameMode": "ARAM",
    "gameType": "MATCHED_GAME",
    "subType": "ARAM_UNRANKED_5x5",
    "mapId": 12,
    "teamId": 100,
    "championId": 22,
    "spell1": 7,
    "spell2": 4,
    "level": 30,
    "ipEarned": 61,
    "createDate": 1398242430871,
    "fellowPlayers": [
      {
        "summonerId": 21599822,
        "teamId": 200,
        "championId": 122
      },
      {
        "summonerId": 32993172,
        "teamId": 200,
        "championId": 60
      },
      {
        "summonerId": 41394420,
        "teamId": 100,
        "championId": 11
      },
      {
        "summonerId": 27520338,
        "teamId": 200,
        "championId": 133
      },
      {
        "summonerId": 34350117,
        "teamId": 100,
        "championId": 32
      },
      {
        "summonerId": 24183491,
        "teamId": 100,
        "championId": 43
      },
      {
        "summonerId": 37937878,
        "teamId": 200,
        "championId": 39
      },
      {
        "summonerId": 30563799,
        "teamId": 200,
        "championId": 82
      },
      {
        "summonerId": 38474041,
        "teamId": 100,
        "championId": 74
      }
    ],
    "stats": {
      "level": 17,
      "goldEarned": 11328,
      "numDeaths": 10,
      "turretsKilled": 2,
      "minionsKilled": 20,
      "championsKilled": 20,
      "goldSpent": 9460,
      "totalDamageDealt": 49848,
      "totalDamageTaken": 18987,
      "doubleKills": 6,
      "killingSprees": 7,
      "largestKillingSpree": 4,
      "team": 100,
      "win": true,
      "largestMultiKill": 2,
      "physicalDamageDealtPlayer": 47746,
      "magicDamageDealtPlayer": 2101,
      "physicalDamageTaken": 12837,
      "magicDamageTaken": 6090,
      "largestCriticalStrike": 477,
      "timePlayed": 1230,
      "totalHeal": 1771,
      "totalUnitsHealed": 4,
      "assists": 15,
      "item0": 1038,
      "item1": 3181,
      "item2": 3006,
      "item3": 3035,
      "item4": 3085,
      "item6": 2052,
      "magicDamageDealtToChampions": 1311,
      "physicalDamageDealtToChampions": 26602,
      "totalDamageDealtToChampions": 27914,
      "trueDamageTaken": 60,
      "totalTimeCrowdControlDealt": 773
    }
  },
  "32993172": {
    "gameId": 818169685,
    "invalid": false,
    "gameMode": "ARAM",
    "gameType": "MATCHED_GAME",
    "subType": "ARAM_UNRANKED_5x5",
    "mapId": 12,
    "teamId": 200,
    "championId": 60,
    "spell1": 7,
    "spell2": 21,
    "level": 30,
    "ipEarned": 42,
    "createDate": 1398242430875,
    "fellowPlayers": [
      {
        "summonerId": 21599822,
        "teamId": 200,
        "championId": 122
      },
      {
        "summonerId": 41394420,
        "teamId": 100,
        "championId": 11
      },
      {
        "summonerId": 27520338,
        "teamId": 200,
        "championId": 133
      },
      {
        "summonerId": 34350117,
        "teamId": 100,
        "championId": 32
      },
      {
        "summonerId": 24183491,
        "teamId": 100,
        "championId": 43
      },
      {
        "summonerId": 37937878,
        "teamId": 200,
        "championId": 39
      },
      {
        "summonerId": 30563799,
        "teamId": 200,
        "championId": 82
      },
      {
        "summonerId": 31898321,
        "teamId": 100,
        "championId": 22
      },
      {
        "summonerId": 38474041,
        "teamId": 100,
        "championId": 74
      }
    ],
    "stats": {
      "level": 16,
      "goldEarned": 9726,
      "numDeaths": 12,
      "minionsKilled": 46,
      "championsKilled": 5,
      "goldSpent": 8895,
      "totalDamageDealt": 35389,
      "totalDamageTaken": 20517,
      "killingSprees": 1,
      "largestKillingSpree": 2,
      "team": 200,
      "win": false,
      "largestMultiKill": 1,
      "physicalDamageDealtPlayer": 13705,
      "magicDamageDealtPlayer": 21684,
      "physicalDamageTaken": 10129,
      "magicDamageTaken": 10110,
      "timePlayed": 1230,
      "totalHeal": 1872,
      "totalUnitsHealed": 4,
      "assists": 12,
      "item0": 3089,
      "item1": 3151,
      "item2": 3135,
      "item3": 1027,
      "item6": 2052,
      "magicDamageDealtToChampions": 10436,
      "physicalDamageDealtToChampions": 1514,
      "totalDamageDealtToChampions": 11951,
      "trueDamageTaken": 278,
      "totalTimeCrowdControlDealt": 304
    }
  },
  "38474041": {
    "gameId": 818169685,
    "invalid": false,
    "gameMode": "ARAM",
    "gameType": "MATCHED_GAME",
    "subType": "ARAM_UNRANKED_5x5",
    "mapId": 12,
    "teamId": 100,
    "championId": 74,
    "spell1": 6,
    "spell2": 7,
    "level": 30,
    "ipEarned": 61,
    "createDate": 1398242430873,
    "fellowPlayers": [
      {
        "summonerId": 21599822,
        "teamId": 200,
        "championId": 122
      },
      {
        "summonerId": 32993172,
        "teamId": 200,
        "championId": 60
      },
      {
        "summonerId": 41394420,
        "teamId": 100,
        "championId": 11
      },
      {
        "summonerId": 27520338,
        "teamId": 200,
        "championId": 133
      },
      {
        "summonerId": 34350117,
        "teamId": 100,
        "championId": 32
      },
      {
        "summonerId": 24183491,
        "teamId": 100,
        "championId": 43
      },
      {
        "summonerId": 37937878,
        "teamId": 200,
        "championId": 39
      },
      {
        "summonerId": 30563799,
        "teamId": 200,
        "championId": 82
      },
      {
        "summonerId": 31898321,
        "teamId": 100,
        "championId": 22
      }
    ],
    "stats": {
      "level": 17,
      "goldEarned": 11092,
      "numDeaths": 9,
      "turretsKilled": 1,
      "minionsKilled": 50,
      "championsKilled": 8,
      "goldSpent": 9240,
      "totalDamageDealt": 65999,
      "totalDamageTaken": 16014,
      "doubleKills": 1,
      "killingSprees": 1,
      "largestKillingSpree": 2,
      "team": 100,
      "win": true,
      "largestMultiKill": 2,
      "physicalDamageDealtPlayer": 10221,
      "magicDamageDealtPlayer": 55778,
      "physicalDamageTaken": 10069,
      "magicDamageTaken": 4553,
      "timePlayed": 1230,
      "totalHeal": 1551,
      "totalUnitsHealed": 5,
      "assists": 21,
      "item0": 3040,
      "item1": 3165,
      "item2": 2004,
      "item3": 3020,
      "item4": 3128,
      "item6": 2052,
      "magicDamageDealtToChampions": 28878,
      "physicalDamageDealtToChampions": 2192,
      "totalDamageDealtToChampions": 31071,
      "trueDamageTaken": 1391,
      "totalTimeCrowdControlDealt": 144
    }
  },
  "37937878": {
    "gameId": 818169685,
    "invalid": false,
    "gameMode": "ARAM",
    "gameType": "MATCHED_GAME",
    "subType": "ARAM_UNRANKED_5x5",
    "mapId": 12,
    "teamId": 200,
    "championId": 39,
    "spell1": 21,
    "spell2": 4,
    "level": 30,
    "ipEarned": 42,
    "createDate": 1398242430881,
    "fellowPlayers": [
      {
        "summonerId": 21599822,
        "teamId": 200,
        "championId": 122
      },
      {
        "summonerId": 32993172,
        "teamId": 200,
        "championId": 60
      },
      {
        "summonerId": 41394420,
        "teamId": 100,
        "championId": 11
      },
      {
        "summonerId": 27520338,
        "teamId": 200,
        "championId": 133
      },
      {
        "summonerId": 34350117,
        "teamId": 100,
        "championId": 32
      },
      {
        "summonerId": 24183491,
        "teamId": 100,
        "championId": 43
      },
      {
        "summonerId": 30563799,
        "teamId": 200,
        "championId": 82
      },
      {
        "summonerId": 31898321,
        "teamId": 100,
        "championId": 22
      },
      {
        "summonerId": 38474041,
        "teamId": 100,
        "championId": 74
      }
    ],
    "stats": {
      "level": 17,
      "goldEarned": 9191,
      "numDeaths": 14,
      "minionsKilled": 25,
      "championsKilled": 9,
      "goldSpent": 8205,
      "totalDamageDealt": 33628,
      "totalDamageTaken": 35253,
      "doubleKills": 1,
      "killingSprees": 1,
      "largestKillingSpree": 2,
      "team": 200,
      "win": false,
      "largestMultiKill": 2,
      "physicalDamageDealtPlayer": 29874,
      "magicDamageDealtPlayer": 1998,
      "physicalDamageTaken": 11725,
      "magicDamageTaken": 23088,
      "timePlayed": 1230,
      "totalHeal": 3467,
      "totalUnitsHealed": 1,
      "assists": 14,
      "item0": 3082,
      "item1": 1055,
      "item2": 3172,
      "item3": 3022,
      "item6": 2052,
      "magicDamageDealtToChampions": 1998,
      "physicalDamageDealtToChampions": 12509,
      "totalDamageDealtToChampions": 15752,
      "trueDamageDealtPlayer": 1755,
      "trueDamageDealtToChampions": 1245,
      "trueDamageTaken": 440,
      "totalTimeCrowdControlDealt": 6321
    }
  },
  "21599822": {
    "gameId": 818169685,
    "invalid": false,
    "gameMode": "ARAM",
    "gameType": "MATCHED_GAME",
    "subType": "ARAM_UNRANKED_5x5",
    "mapId": 12,
    "teamId": 200,
    "championId": 122,
    "spell1": 4,
    "spell2": 21,
    "level": 30,
    "ipEarned": 42,
    "createDate": 1398242430876,
    "fellowPlayers": [
      {
        "summonerId": 32993172,
        "teamId": 200,
        "championId": 60
      },
      {
        "summonerId": 41394420,
        "teamId": 100,
        "championId": 11
      },
      {
        "summonerId": 27520338,
        "teamId": 200,
        "championId": 133
      },
      {
        "summonerId": 34350117,
        "teamId": 100,
        "championId": 32
      },
      {
        "summonerId": 24183491,
        "teamId": 100,
        "championId": 43
      },
      {
        "summonerId": 37937878,
        "teamId": 200,
        "championId": 39
      },
      {
        "summonerId": 30563799,
        "teamId": 200,
        "championId": 82
      },
      {
        "summonerId": 31898321,
        "teamId": 100,
        "championId": 22
      },
      {
        "summonerId": 38474041,
        "teamId": 100,
        "championId": 74
      }
    ],
    "stats": {
      "level": 15,
      "goldEarned": 8461,
      "numDeaths": 11,
      "minionsKilled": 29,
      "championsKilled": 8,
      "goldSpent": 8225,
      "totalDamageDealt": 31625,
      "totalDamageTaken": 20281,
      "doubleKills": 2,
      "killingSprees": 2,
      "largestKillingSpree": 2,
      "team": 200,
      "win": false,
      "largestMultiKill": 2,
      "physicalDamageDealtPlayer": 27492,
      "magicDamageDealtPlayer": 1937,
      "physicalDamageTaken": 8744,
      "magicDamageTaken": 11397,
      "timePlayed": 1230,
      "totalHeal": 598,
      "totalUnitsHealed": 1,
      "assists": 5,
      "item0": 3074,
      "item1": 1001,
      "item2": 3156,
      "item3": 1011,
      "item4": 1028,
      "magicDamageDealtToChampions": 1257,
      "physicalDamageDealtToChampions": 8246,
      "totalDamageDealtToChampions": 11700,
      "trueDamageDealtPlayer": 2196,
      "trueDamageDealtToChampions": 2196,
      "trueDamageTaken": 140,
      "totalTimeCrowdControlDealt": 1885
    }
  },
  "24183491": {
    "gameId": 818169685,
    "invalid": false,
    "gameMode": "ARAM",
    "gameType": "MATCHED_GAME",
    "subType": "ARAM_UNRANKED_5x5",
    "mapId": 12,
    "teamId": 100,
    "championId": 43,
    "spell1": 21,
    "spell2": 4,
    "level": 30,
    "ipEarned": 211,
    "createDate": 1398242430869,
    "fellowPlayers": [
      {
        "summonerId": 21599822,
        "teamId": 200,
        "championId": 122
      },
      {
        "summonerId": 32993172,
        "teamId": 200,
        "championId": 60
      },
      {
        "summonerId": 41394420,
        "teamId": 100,
        "championId": 11
      },
      {
        "summonerId": 27520338,
        "teamId": 200,
        "championId": 133
      },
      {
        "summonerId": 34350117,
        "teamId": 100,
        "championId": 32
      },
      {
        "summonerId": 37937878,
        "teamId": 200,
        "championId": 39
      },
      {
        "summonerId": 30563799,
        "teamId": 200,
        "championId": 82
      },
      {
        "summonerId": 31898321,
        "teamId": 100,
        "championId": 22
      },
      {
        "summonerId": 38474041,
        "teamId": 100,
        "championId": 74
      }
    ],
    "stats": {
      "level": 18,
      "goldEarned": 12246,
      "numDeaths": 5,
      "barracksKilled": 1,
      "minionsKilled": 66,
      "championsKilled": 11,
      "goldSpent": 11230,
      "totalDamageDealt": 64034,
      "totalDamageTaken": 16553,
      "killingSprees": 3,
      "largestKillingSpree": 4,
      "team": 100,
      "win": true,
      "largestMultiKill": 1,
      "physicalDamageDealtPlayer": 9333,
      "magicDamageDealtPlayer": 54701,
      "physicalDamageTaken": 8321,
      "magicDamageTaken": 7901,
      "timePlayed": 1230,
      "totalHeal": 3973,
      "totalUnitsHealed": 1,
      "assists": 27,
      "item0": 1026,
      "item1": 1001,
      "item2": 3089,
      "item3": 1052,
      "item4": 3157,
      "item5": 3040,
      "magicDamageDealtToChampions": 21900,
      "physicalDamageDealtToChampions": 2439,
      "totalDamageDealtToChampions": 24339,
      "trueDamageTaken": 330,
      "totalTimeCrowdControlDealt": 481
    }
  }
}