{
  "26963608": {
    "gameId": 818169224,
    "invalid": false,
    "gameMode": "CLASSIC",
    "gameType": "MATCHED_GAME",
    "subType": "RANKED_SOLO_5x5",
    "mapId": 1,
    "teamId": 200,
    "championId": 43,
    "spell1": 4,
    "spell2": 3,
    "level": 30,
    "ipEarned": 69,
    "createDate": 1398243347766,
    "fellowPlayers": [
      {
        "summonerId": 25246834,
        "teamId": 100,
        "championId": 67
      },
      {
        "summonerId": 35524295,
        "teamId": 200,
        "championId": 104
      },
      {
        "summonerId": 24291007,
        "teamId": 200,
        "championId": 31
      },
      {
        "summonerId": 32587120,
        "teamId": 100,
        "championId": 5
      },
      {
        "summonerId": 31160524,
        "teamId": 200,
        "championId": 81
      },
      {
        "summonerId": 37047694,
        "teamId": 200,
        "championId": 80
      },
      {
        "summonerId": 27146038,
        "teamId": 100,
        "championId": 76
      },
      {
        "summonerId": 20440577,
        "teamId": 100,
        "championId": 13
      },
      {
        "summonerId": 21628604,
        "teamId": 100,
        "championId": 126
      }
    ],
    "stats": {
      "level": 16,
      "goldEarned": 13203,
      "numDeaths": 10,
      "turretsKilled": 1,
      "minionsKilled": 49,
      "championsKilled": 6,
      "goldSpent": 12580,
      "totalDamageDealt": 52896,
      "totalDamageTaken": 25050,
      "killingSprees": 1,
      "largestKillingSpree": 3,
      "team": 200,
      "win": false,
      "largestMultiKill": 1,
      "physicalDamageDealtPlayer": 7708,
      "magicDamageDealtPlayer": 44635,
      "physicalDamageTaken": 12056,
      "magicDamageTaken": 11765,
      "timePlayed": 2289,
      "totalHeal": 899,
      "totalUnitsHealed": 2,
      "assists": 17,
      "item0": 3092,
      "item1": 3222,
      "item2": 3089,
      "item3": 2049,
      "item4": 3256,
      "item5": 3135,
      "item6": 3341,
      "sightWardsBought": 5,
      "visionWardsBought": 1,
      "magicDamageDealtToChampions": 19145,
      "physicalDamageDealtToChampions": 2928,
      "totalDamageDealtToChampions": 22224,
      "trueDamageDealtPlayer": 552,
      "trueDamageDealtToChampions": 150,
      "trueDamageTaken": 1228,
      "wardKilled": 1,
      "wardPlaced": 22,
      "totalTimeCrowdControlDealt": 317
    }
  },
  "summonerCount": 10,
  "25246834": {
    "gameId": 818169224,
    "invalid": false,
    "gameMode": "CLASSIC",
    "gameType": "MATCHED_GAME",
    "subType": "RANKED_SOLO_5x5",
    "mapId": 1,
    "teamId": 100,
    "championId": 67,
    "spell1": 4,
    "spell2": 7,
    "level": 30,
    "ipEarned": 256,
    "createDate": 1398243347759,
    "fellowPlayers": [
      {
        "summonerId": 26963608,
        "teamId": 200,
        "championId": 43
      },
      {
        "summonerId": 35524295,
        "teamId": 200,
        "championId": 104
      },
      {
        "summonerId": 24291007,
        "teamId": 200,
        "championId": 31
      },
      {
        "summonerId": 32587120,
        "teamId": 100,
        "championId": 5
      },
      {
        "summonerId": 31160524,
        "teamId": 200,
        "championId": 81
      },
      {
        "summonerId": 37047694,
        "teamId": 200,
        "championId": 80
      },
      {
        "summonerId": 27146038,
        "teamId": 100,
        "championId": 76
      },
      {
        "summonerId": 20440577,
        "teamId": 100,
        "championId": 13
      },
      {
        "summonerId": 21628604,
        "teamId": 100,
        "championId": 126
      }
    ],
    "stats": {
      "level": 18,
      "goldEarned": 17073,
      "numDeaths": 5,
      "turretsKilled": 4,
      "minionsKilled": 220,
      "championsKilled": 10,
      "goldSpent": 16430,
      "totalDamageDealt": 227660,
      "totalDamageTaken": 33110,
      "doubleKills": 1,
      "killingSprees": 2,
      "largestKillingSpree": 4,
      "team": 100,
      "win": true,
      "neutralMinionsKilled": 53,
      "largestMultiKill": 2,
      "physicalDamageDealtPlayer": 204212,
      "magicDamageDealtPlayer": 70,
      "physicalDamageTaken": 25105,
      "magicDamageTaken": 7475,
      "largestCriticalStrike": 995,
      "timePlayed": 2289,
      "totalHeal": 5002,
      "totalUnitsHealed": 3,
      "assists": 9,
      "item0": 3153,
      "item1": 3046,
      "item2": 3031,
      "item3": 3035,
      "item4": 3250,
      "item5": 3140,
      "item6": 3340,
      "magicDamageDealtToChampions": 70,
      "physicalDamageDealtToChampions": 15507,
      "totalDamageDealtToChampions": 20422,
      "trueDamageDealtPlayer": 23377,
      "trueDamageDealtToChampions": 4843,
      "trueDamageTaken": 530,
      "wardKilled": 1,
      "wardPlaced": 9,
      "neutralMinionsKilledEnemyJungle": 2,
      "neutralMinionsKilledYourJungle": 51,
      "totalTimeCrowdControlDealt": 587
    }
  },
  "32587120": {
    "gameId": 818169224,
    "invalid": false,
    "gameMode": "CLASSIC",
    "gameType": "MATCHED_GAME",
    "subType": "RANKED_SOLO_5x5",
    "mapId": 1,
    "teamId": 100,
    "championId": 5,
    "spell1": 11,
    "spell2": 4,
    "level": 30,
    "ipEarned": 106,
    "createDate": 1398243347762,
    "fellowPlayers": [
      {
        "summonerId": 25246834,
        "teamId": 100,
        "championId": 67
      },
      {
        "summonerId": 26963608,
        "teamId": 200,
        "championId": 43
      },
      {
        "summonerId": 35524295,
        "teamId": 200,
        "championId": 104
      },
      {
        "summonerId": 24291007,
        "teamId": 200,
        "championId": 31
      },
      {
        "summonerId": 31160524,
        "teamId": 200,
        "championId": 81
      },
      {
        "summonerId": 37047694,
        "teamId": 200,
        "championId": 80
      },
      {
        "summonerId": 27146038,
        "teamId": 100,
        "championId": 76
      },
      {
        "summonerId": 20440577,
        "teamId": 100,
        "championId": 13
      },
      {
        "summonerId": 21628604,
        "teamId": 100,
        "championId": 126
      }
    ],
    "stats": {
      "level": 18,
      "goldEarned": 13666,
      "numDeaths": 6,
      "minionsKilled": 48,
      "championsKilled": 7,
      "goldSpent": 11635,
      "totalDamageDealt": 170286,
      "totalDamageTaken": 33043,
      "killingSprees": 3,
      "largestKillingSpree": 2,
      "team": 100,
      "win": true,
      "neutralMinionsKilled": 85,
      "largestMultiKill": 1,
      "physicalDamageDealtPlayer": 109187,
      "magicDamageDealtPlayer": 50773,
      "physicalDamageTaken": 23041,
      "magicDamageTaken": 8950,
      "timePlayed": 2289,
      "totalHeal": 9387,
      "totalUnitsHealed": 1,
      "assists": 9,
      "item0": 3211,
      "item1": 3160,
      "item2": 3111,
      "item3": 3068,
      "item4": 3071,
      "item5": 3067,
      "item6": 3341,
      "magicDamageDealtToChampions": 1958,
      "physicalDamageDealtToChampions": 12961,
      "totalDamageDealtToChampions": 15185,
      "trueDamageDealtPlayer": 10326,
      "trueDamageDealtToChampions": 266,
      "trueDamageTaken": 1051,
      "wardKilled": 3,
      "wardPlaced": 9,
      "neutralMinionsKilledEnemyJungle": 10,
      "neutralMinionsKilledYourJungle": 75,
      "totalTimeCrowdControlDealt": 893
    }
  },
  "24291007": {
    "gameId": 818169224,
    "invalid": false,
    "gameMode": "CLASSIC",
    "gameType": "MATCHED_GAME",
    "subType": "RANKED_SOLO_5x5",
    "mapId": 1,
    "teamId": 200,
    "championId": 31,
    "spell1": 4,
    "spell2": 11,
    "level": 30,
    "ipEarned": 69,
    "createDate": 1398243347764,
    "fellowPlayers": [
      {
        "summonerId": 25246834,
        "teamId": 100,
        "championId": 67
      },
      {
        "summonerId": 26963608,
        "teamId": 200,
        "championId": 43
      },
      {
        "summonerId": 35524295,
        "teamId": 200,
        "championId": 104
      },
      {
        "summonerId": 32587120,
        "teamId": 100,
        "championId": 5
      },
      {
        "summonerId": 31160524,
        "teamId": 200,
        "championId": 81
      },
      {
        "summonerId": 37047694,
        "teamId": 200,
        "championId": 80
      },
      {
        "summonerId": 27146038,
        "teamId": 100,
        "championId": 76
      },
      {
        "summonerId": 20440577,
        "teamId": 100,
        "championId": 13
      },
      {
        "summonerId": 21628604,
        "teamId": 100,
        "championId": 126
      }
    ],
    "stats": {
      "level": 18,
      "goldEarned": 16287,
      "numDeaths": 5,
      "minionsKilled": 82,
      "championsKilled": 11,
      "goldSpent": 14495,
      "totalDamageDealt": 290731,
      "totalDamageTaken": 37981,
      "doubleKills": 1,
      "killingSprees": 3,
      "largestKillingSpree": 5,
      "team": 200,
      "win": false,
      "neutralMinionsKilled": 162,
      "largestMultiKill": 2,
      "physicalDamageDealtPlayer": 52621,
      "magicDamageDealtPlayer": 196789,
      "physicalDamageTaken": 20565,
      "magicDamageTaken": 15561,
      "timePlayed": 2289,
      "totalHeal": 19073,
      "totalUnitsHealed": 1,
      "assists": 8,
      "item0": 3160,
      "item1": 3111,
      "item2": 3143,
      "item3": 3110,
      "item4": 3115,
      "item5": 3075,
      "item6": 3340,
      "magicDamageDealtToChampions": 13400,
      "physicalDamageDealtToChampions": 3897,
      "totalDamageDealtToChampions": 22539,
      "trueDamageDealtPlayer": 41322,
      "trueDamageDealtToChampions": 5241,
      "trueDamageTaken": 1854,
      "wardPlaced": 18,
      "neutralMinionsKilledEnemyJungle": 20,
      "neutralMinionsKilledYourJungle": 142,
      "totalTimeCrowdControlDealt": 1740
    }
  },
  "31160524": {
    "gameId": 818169224,
    "invalid": false,
    "gameMode": "CLASSIC",
    "gameType": "MATCHED_GAME",
    "subType": "RANKED_SOLO_5x5",
    "mapId": 1,
    "teamId": 200,
    "championId": 81,
    "spell1": 14,
    "spell2": 4,
    "level": 30,
    "ipEarned": 69,
    "createDate": 1398243347767,
    "fellowPlayers": [
      {
        "summonerId": 25246834,
        "teamId": 100,
        "championId": 67
      },
      {
        "summonerId": 26963608,
        "teamId": 200,
        "championId": 43
      },
      {
        "summonerId": 35524295,
        "teamId": 200,
        "championId": 104
      },
      {
        "summonerId": 24291007,
        "teamId": 200,
        "championId": 31
      },
      {
        "summonerId": 32587120,
        "teamId": 100,
        "championId": 5
      },
      {
        "summonerId": 37047694,
        "teamId": 200,
        "championId": 80
      },
      {
        "summonerId": 27146038,
        "teamId": 100,
        "championId": 76
      },
      {
        "summonerId": 20440577,
        "teamId": 100,
        "championId": 13
      },
      {
        "summonerId": 21628604,
        "teamId": 100,
        "championId": 126
      }
    ],
    "stats": {
      "level": 18,
      "goldEarned": 13091,
      "numDeaths": 7,
      "minionsKilled": 227,
      "championsKilled": 6,
      "goldSpent": 13173,
      "totalDamageDealt": 171084,
      "totalDamageTaken": 30528,
      "killingSprees": 1,
      "largestKillingSpree": 2,
      "team": 200,
      "win": false,
      "neutralMinionsKilled": 14,
      "largestMultiKill": 1,
      "physicalDamageDealtPlayer": 118544,
      "magicDamageDealtPlayer": 51333,
      "physicalDamageTaken": 18652,
      "magicDamageTaken": 10542,
      "largestCriticalStrike": 661,
      "timePlayed": 2289,
      "totalHeal": 2094,
      "totalUnitsHealed": 1,
      "assists": 11,
      "item0": 3158,
      "item1": 3078,
      "item2": 1037,
      "item3": 3072,
      "item4": 3035,
      "item5": 1038,
      "item6": 3340,
      "magicDamageDealtToChampions": 11827,
      "physicalDamageDealtToChampions": 19639,
      "totalDamageDealtToChampions": 32672,
      "trueDamageDealtPlayer": 1206,
      "trueDamageDealtToChampions": 1206,
      "trueDamageTaken": 1333,
      "wardPlaced": 9,
      "neutralMinionsKilledEnemyJungle": 3,
      "neutralMinionsKilledYourJungle": 11,
      "totalTimeCrowdControlDealt": 6
    }
  },
  "27146038": {
    "gameId": 818169224,
    "invalid": false,
    "gameMode": "CLASSIC",
    "gameType": "MATCHED_GAME",
    "subType": "RANKED_SOLO_5x5",
    "mapId": 1,
    "teamId": 100,
    "championId": 76,
    "spell1": 4,
    "spell2": 14,
    "level": 30,
    "ipEarned": 256,
    "createDate": 1398243347761,
    "fellowPlayers": [
      {
        "summonerId": 25246834,
        "teamId": 100,
        "championId": 67
      },
      {
        "summonerId": 26963608,
        "teamId": 200,
        "championId": 43
      },
      {
        "summonerId": 35524295,
        "teamId": 200,
        "championId": 104
      },
      {
        "summonerId": 24291007,
        "teamId": 200,
        "championId": 31
      },
      {
        "summonerId": 32587120,
        "teamId": 100,
        "championId": 5
      },
      {
        "summonerId": 31160524,
        "teamId": 200,
        "championId": 81
      },
      {
        "summonerId": 37047694,
        "teamId": 200,
        "championId": 80
      },
      {
        "summonerId": 20440577,
        "teamId": 100,
        "championId": 13
      },
      {
        "summonerId": 21628604,
        "teamId": 100,
        "championId": 126
      }
    ],
    "stats": {
      "level": 17,
      "goldEarned": 15036,
      "numDeaths": 11,
      "turretsKilled": 2,
      "minionsKilled": 47,
      "championsKilled": 9,
      "goldSpent": 11525,
      "totalDamageDealt": 73962,
      "totalDamageTaken": 29066,
      "doubleKills": 1,
      "killingSprees": 2,
      "largestKillingSpree": 3,
      "team": 100,
      "win": true,
      "neutralMinionsKilled": 6,
      "largestMultiKill": 2,
      "physicalDamageDealtPlayer": 14691,
      "magicDamageDealtPlayer": 57689,
      "physicalDamageTaken": 15567,
      "magicDamageTaken": 11139,
      "timePlayed": 2289,
      "totalHeal": 15080,
      "totalUnitsHealed": 5,
      "assists": 15,
      "item0": 3092,
      "item1": 3020,
      "item2": 3157,
      "item3": 3135,
      "item4": 3174,
      "item6": 3340,
      "magicDamageDealtToChampions": 27647,
      "physicalDamageDealtToChampions": 3910,
      "totalDamageDealtToChampions": 33067,
      "trueDamageDealtPlayer": 1582,
      "trueDamageDealtToChampions": 1510,
      "trueDamageTaken": 2359,
      "wardPlaced": 8,
      "neutralMinionsKilledEnemyJungle": 1,
      "neutralMinionsKilledYourJungle": 5,
      "totalTimeCrowdControlDealt": 33
    }
  },
  "35524295": {
    "gameId": 818169224,
    "invalid": false,
    "gameMode": "CLASSIC",
    "gameType": "MATCHED_GAME",
    "subType": "RANKED_SOLO_5x5",
    "mapId": 1,
    "teamId": 200,
    "championId": 104,
    "spell1": 7,
    "spell2": 4,
    "level": 30,
    "ipEarned": 69,
    "createDate": 1398243347765,
    "fellowPlayers": [
      {
        "summonerId": 25246834,
        "teamId": 100,
        "championId": 67
      },
      {
        "summonerId": 26963608,
        "teamId": 200,
        "championId": 43
      },
      {
        "summonerId": 24291007,
        "teamId": 200,
        "championId": 31
      },
      {
        "summonerId": 32587120,
        "teamId": 100,
        "championId": 5
      },
      {
        "summonerId": 31160524,
        "teamId": 200,
        "championId": 81
      },
      {
        "summonerId": 37047694,
        "teamId": 200,
        "championId": 80
      },
      {
        "summonerId": 27146038,
        "teamId": 100,
        "championId": 76
      },
      {
        "summonerId": 20440577,
        "teamId": 100,
        "championId": 13
      },
      {
        "summonerId": 21628604,
        "teamId": 100,
        "championId": 126
      }
    ],
    "stats": {
      "level": 17,
      "goldEarned": 13490,
      "numDeaths": 11,
      "turretsKilled": 1,
      "minionsKilled": 215,
      "championsKilled": 10,
      "goldSpent": 12620,
      "totalDamageDealt": 165301,
      "totalDamageTaken": 27057,
      "killingSprees": 2,
      "largestKillingSpree": 4,
      "team": 200,
      "win": false,
      "neutralMinionsKilled": 12,
      "largestMultiKill": 1,
      "physicalDamageDealtPlayer": 164019,
      "magicDamageDealtPlayer": 973,
      "physicalDamageTaken": 16825,
      "magicDamageTaken": 7601,
      "largestCriticalStrike": 848,
      "timePlayed": 2289,
      "totalHeal": 1954,
      "totalUnitsHealed": 3,
      "assists": 7,
      "item0": 3072,
      "item1": 3006,
      "item2": 3046,
      "item3": 3031,
      "item4": 1037,
      "item5": 1036,
      "item6": 3340,
      "magicDamageDealtToChampions": 539,
      "physicalDamageDealtToChampions": 25518,
      "totalDamageDealtToChampions": 26325,
      "trueDamageDealtPlayer": 308,
      "trueDamageDealtToChampions": 268,
      "trueDamageTaken": 2629,
      "wardPlaced": 7,
      "neutralMinionsKilledYourJungle": 12,
      "totalTimeCrowdControlDealt": 111
    }
  },
  "21628604": {
    "gameId": 818169224,
    "invalid": false,
    "gameMode": "CLASSIC",
    "gameType": "MATCHED_GAME",
    "subType": "RANKED_SOLO_5x5",
    "mapId": 1,
    "teamId": 100,
    "championId": 126,
    "spell1": 4,
    "spell2": 14,
    "level": 30,
    "ipEarned": 256,
    "createDate": 1398243347758,
    "fellowPlayers": [
      {
        "summonerId": 25246834,
        "teamId": 100,
        "championId": 67
      },
      {
        "summonerId": 26963608,
        "teamId": 200,
        "championId": 43
      },
      {
        "summonerId": 35524295,
        "teamId": 200,
        "championId": 104
      },
      {
        "summonerId": 24291007,
        "teamId": 200,
        "championId": 31
      },
      {
        "summonerId": 32587120,
        "teamId": 100,
        "championId": 5
      },
      {
        "summonerId": 31160524,
        "teamId": 200,
        "championId": 81
      },
      {
        "summonerId": 37047694,
        "teamId": 200,
        "championId": 80
      },
      {
        "summonerId": 27146038,
        "teamId": 100,
        "championId": 76
      },
      {
        "summonerId": 20440577,
        "teamId": 100,
        "championId": 13
      }
    ],
    "stats": {
      "level": 18,
      "goldEarned": 14354,
      "numDeaths": 7,
      "barracksKilled": 2,
      "minionsKilled": 225,
      "championsKilled": 8,
      "goldSpent": 12560,
      "totalDamageDealt": 168520,
      "totalDamageTaken": 27037,
      "killingSprees": 2,
      "largestKillingSpree": 4,
      "team": 100,
      "win": true,
      "neutralMinionsKilled": 13,
      "largestMultiKill": 1,
      "physicalDamageDealtPlayer": 153805,
      "magicDamageDealtPlayer": 13384,
      "physicalDamageTaken": 16040,
      "magicDamageTaken": 10097,
      "largestCriticalStrike": 990,
      "timePlayed": 2289,
      "totalHeal": 1254,
      "totalUnitsHealed": 1,
      "assists": 5,
      "item0": 1055,
      "item1": 3042,
      "item2": 3078,
      "item3": 3265,
      "item4": 3072,
      "item5": 3134,
      "item6": 3340,
      "magicDamageDealtToChampions": 3117,
      "physicalDamageDealtToChampions": 21520,
      "totalDamageDealtToChampions": 25942,
      "trueDamageDealtPlayer": 1330,
      "trueDamageDealtToChampions": 1304,
      "trueDamageTaken": 900,
      "wardPlaced": 12,
      "neutralMinionsKilledEnemyJungle": 5,
      "neutralMinionsKilledYourJungle": 8,
      "totalTimeCrowdControlDealt": 170
    }
  },
  "37047694": {
    "gameId": 818169224,
    "invalid": false,
    "gameMode": "CLASSIC",
    "gameType": "MATCHED_GAME",
    "subType": "RANKED_SOLO_5x5",
    "mapId": 1,
    "teamId": 200,
    "championId": 80,
    "spell1": 14,
    "spell2": 4,
    "level": 30,
    "ipEarned": 69,
    "createDate": 1398243347763,
    "fellowPlayers": [
      {
        "summonerId": 25246834,
        "teamId": 100,
        "championId": 67
      },
      {
        "summonerId": 26963608,
        "teamId": 200,
        "championId": 43
      },
      {
        "summonerId": 35524295,
        "teamId": 200,
        "championId": 104
      },
      {
        "summonerId": 24291007,
        "teamId": 200,
        "championId": 31
      },
      {
        "summonerId": 32587120,
        "teamId": 100,
        "championId": 5
      },
      {
        "summonerId": 31160524,
        "teamId": 200,
        "championId": 81
      },
      {
        "summonerId": 27146038,
        "teamId": 100,
        "championId": 76
      },
      {
        "summonerId": 20440577,
        "teamId": 100,
        "championId": 13
      },
      {
        "summonerId": 21628604,
        "teamId": 100,
        "championId": 126
      }
    ],
    "stats": {
      "level": 16,
      "goldEarned": 9273,
      "numDeaths": 10,
      "minionsKilled": 111,
      "championsKilled": 3,
      "goldSpent": 8350,
      "totalDamageDealt": 93361,
      "totalDamageTaken": 28755,
      "team": 200,
      "win": false,
      "neutralMinionsKilled": 21,
      "largestMultiKill": 1,
      "physicalDamageDealtPlayer": 87429,
      "magicDamageDealtPlayer": 4129,
      "physicalDamageTaken": 14731,
      "magicDamageTaken": 12846,
      "largestCriticalStrike": 727,
      "timePlayed": 2289,
      "totalHeal": 616,
      "totalUnitsHealed": 1,
      "assists": 5,
      "item0": 2041,
      "item1": 3074,
      "item2": 2004,
      "item3": 3265,
      "item4": 3102,
      "item5": 2043,
      "item6": 3340,
      "sightWardsBought": 1,
      "visionWardsBought": 1,
      "magicDamageDealtToChampions": 1838,
      "physicalDamageDealtToChampions": 9354,
      "totalDamageDealtToChampions": 12995,
      "trueDamageDealtPlayer": 1802,
      "trueDamageDealtToChampions": 1802,
      "trueDamageTaken": 1177,
      "wardPlaced": 9,
      "neutralMinionsKilledEnemyJungle": 3,
      "neutralMinionsKilledYourJungle": 18,
      "totalTimeCrowdControlDealt": 36
    }
  },
  "26963608": {
    "gameId": 818169224,
    "invalid": false,
    "gameMode": "CLASSIC",
    "gameType": "MATCHED_GAME",
    "subType": "RANKED_SOLO_5x5",
    "mapId": 1,
    "teamId": 200,
    "championId": 43,
    "spell1": 4,
    "spell2": 3,
    "level": 30,
    "ipEarned": 69,
    "createDate": 1398243347766,
    "fellowPlayers": [
      {
        "summonerId": 25246834,
        "teamId": 100,
        "championId": 67
      },
      {
        "summonerId": 35524295,
        "teamId": 200,
        "championId": 104
      },
      {
        "summonerId": 24291007,
        "teamId": 200,
        "championId": 31
      },
      {
        "summonerId": 32587120,
        "teamId": 100,
        "championId": 5
      },
      {
        "summonerId": 31160524,
        "teamId": 200,
        "championId": 81
      },
      {
        "summonerId": 37047694,
        "teamId": 200,
        "championId": 80
      },
      {
        "summonerId": 27146038,
        "teamId": 100,
        "championId": 76
      },
      {
        "summonerId": 20440577,
        "teamId": 100,
        "championId": 13
      },
      {
        "summonerId": 21628604,
        "teamId": 100,
        "championId": 126
      }
    ],
    "stats": {
      "level": 16,
      "goldEarned": 13203,
      "numDeaths": 10,
      "turretsKilled": 1,
      "minionsKilled": 49,
      "championsKilled": 6,
      "goldSpent": 12580,
      "totalDamageDealt": 52896,
      "totalDamageTaken": 25050,
      "killingSprees": 1,
      "largestKillingSpree": 3,
      "team": 200,
      "win": false,
      "largestMultiKill": 1,
      "physicalDamageDealtPlayer": 7708,
      "magicDamageDealtPlayer": 44635,
      "physicalDamageTaken": 12056,
      "magicDamageTaken": 11765,
      "timePlayed": 2289,
      "totalHeal": 899,
      "totalUnitsHealed": 2,
      "assists": 17,
      "item0": 3092,
      "item1": 3222,
      "item2": 3089,
      "item3": 2049,
      "item4": 3256,
      "item5": 3135,
      "item6": 3341,
      "sightWardsBought": 5,
      "visionWardsBought": 1,
      "magicDamageDealtToChampions": 19145,
      "physicalDamageDealtToChampions": 2928,
      "totalDamageDealtToChampions": 22224,
      "trueDamageDealtPlayer": 552,
      "trueDamageDealtToChampions": 150,
      "trueDamageTaken": 1228,
      "wardKilled": 1,
      "wardPlaced": 22,
      "totalTimeCrowdControlDealt": 317
    }
  }
}