{
  "24483899": {
    "gameId": 818168315,
    "invalid": false,
    "gameMode": "CLASSIC",
    "gameType": "MATCHED_GAME",
    "subType": "RANKED_SOLO_5x5",
    "mapId": 1,
    "teamId": 200,
    "championId": 55,
    "spell1": 4,
    "spell2": 14,
    "level": 30,
    "ipEarned": 58,
    "createDate": 1398242664602,
    "fellowPlayers": [
      {
        "summonerId": 30766464,
        "teamId": 100,
        "championId": 25
      },
      {
        "summonerId": 24584120,
        "teamId": 200,
        "championId": 106
      },
      {
        "summonerId": 29954363,
        "teamId": 200,
        "championId": 98
      },
      {
        "summonerId": 39923359,
        "teamId": 200,
        "championId": 104
      },
      {
        "summonerId": 35374229,
        "teamId": 100,
        "championId": 103
      },
      {
        "summonerId": 19107077,
        "teamId": 100,
        "championId": 11
      },
      {
        "summonerId": 21509937,
        "teamId": 100,
        "championId": 236
      },
      {
        "summonerId": 29994500,
        "teamId": 100,
        "championId": 126
      },
      {
        "summonerId": 32595414,
        "teamId": 200,
        "championId": 5
      }
    ],
    "stats": {
      "level": 13,
      "goldEarned": 9787,
      "numDeaths": 8,
      "turretsKilled": 1,
      "minionsKilled": 122,
      "championsKilled": 5,
      "goldSpent": 9330,
      "totalDamageDealt": 86717,
      "totalDamageTaken": 22708,
      "doubleKills": 1,
      "killingSprees": 2,
      "largestKillingSpree": 2,
      "team": 200,
      "win": false,
      "largestMultiKill": 2,
      "physicalDamageDealtPlayer": 7996,
      "magicDamageDealtPlayer": 78399,
      "physicalDamageTaken": 10258,
      "magicDamageTaken": 8656,
      "timePlayed": 1852,
      "totalHeal": 48,
      "totalUnitsHealed": 1,
      "assists": 10,
      "item0": 3146,
      "item1": 3255,
      "item2": 3108,
      "item3": 3191,
      "item4": 3041,
      "item5": 1026,
      "item6": 3340,
      "magicDamageDealtToChampions": 21087,
      "physicalDamageDealtToChampions": 902,
      "totalDamageDealtToChampions": 22312,
      "trueDamageDealtPlayer": 322,
      "trueDamageDealtToChampions": 322,
      "trueDamageTaken": 3792,
      "wardPlaced": 5,
      "totalTimeCrowdControlDealt": 2
    }
  },
  "summonerCount": 10,
  "29994500": {
    "gameId": 818168315,
    "invalid": false,
    "gameMode": "CLASSIC",
    "gameType": "MATCHED_GAME",
    "subType": "RANKED_SOLO_5x5",
    "mapId": 1,
    "teamId": 100,
    "championId": 126,
    "spell1": 4,
    "spell2": 14,
    "level": 30,
    "ipEarned": 87,
    "createDate": 1398242664601,
    "fellowPlayers": [
      {
        "summonerId": 30766464,
        "teamId": 100,
        "championId": 25
      },
      {
        "summonerId": 24584120,
        "teamId": 200,
        "championId": 106
      },
      {
        "summonerId": 29954363,
        "teamId": 200,
        "championId": 98
      },
      {
        "summonerId": 39923359,
        "teamId": 200,
        "championId": 104
      },
      {
        "summonerId": 35374229,
        "teamId": 100,
        "championId": 103
      },
      {
        "summonerId": 19107077,
        "teamId": 100,
        "championId": 11
      },
      {
        "summonerId": 21509937,
        "teamId": 100,
        "championId": 236
      },
      {
        "summonerId": 24483899,
        "teamId": 200,
        "championId": 55
      },
      {
        "summonerId": 32595414,
        "teamId": 200,
        "championId": 5
      }
    ],
    "stats": {
      "level": 16,
      "goldEarned": 11354,
      "numDeaths": 6,
      "barracksKilled": 2,
      "turretsKilled": 3,
      "minionsKilled": 162,
      "championsKilled": 5,
      "goldSpent": 11280,
      "totalDamageDealt": 110668,
      "totalDamageTaken": 21968,
      "killingSprees": 1,
      "largestKillingSpree": 3,
      "team": 100,
      "win": true,
      "neutralMinionsKilled": 3,
      "largestMultiKill": 1,
      "physicalDamageDealtPlayer": 102422,
      "magicDamageDealtPlayer": 7422,
      "physicalDamageTaken": 12750,
      "magicDamageTaken": 8942,
      "timePlayed": 1852,
      "totalHeal": 1650,
      "totalUnitsHealed": 1,
      "assists": 9,
      "item0": 3070,
      "item1": 3071,
      "item2": 3072,
      "item3": 3047,
      "item4": 3035,
      "item5": 1036,
      "item6": 3340,
      "magicDamageDealtToChampions": 4193,
      "physicalDamageDealtToChampions": 14254,
      "totalDamageDealtToChampions": 19272,
      "trueDamageDealtPlayer": 824,
      "trueDamageDealtToChampions": 824,
      "trueDamageTaken": 276,
      "wardPlaced": 7,
      "neutralMinionsKilledEnemyJungle": 1,
      "neutralMinionsKilledYourJungle": 2,
      "totalTimeCrowdControlDealt": 125
    }
  },
  "24584120": {
    "gameId": 818168315,
    "invalid": false,
    "gameMode": "CLASSIC",
    "gameType": "MATCHED_GAME",
    "subType": "RANKED_SOLO_5x5",
    "mapId": 1,
    "teamId": 200,
    "championId": 106,
    "spell1": 3,
    "spell2": 4,
    "level": 30,
    "ipEarned": 58,
    "createDate": 1398242664606,
    "fellowPlayers": [
      {
        "summonerId": 30766464,
        "teamId": 100,
        "championId": 25
      },
      {
        "summonerId": 29954363,
        "teamId": 200,
        "championId": 98
      },
      {
        "summonerId": 39923359,
        "teamId": 200,
        "championId": 104
      },
      {
        "summonerId": 35374229,
        "teamId": 100,
        "championId": 103
      },
      {
        "summonerId": 19107077,
        "teamId": 100,
        "championId": 11
      },
      {
        "summonerId": 21509937,
        "teamId": 100,
        "championId": 236
      },
      {
        "summonerId": 24483899,
        "teamId": 200,
        "championId": 55
      },
      {
        "summonerId": 29994500,
        "teamId": 100,
        "championId": 126
      },
      {
        "summonerId": 32595414,
        "teamId": 200,
        "championId": 5
      }
    ],
    "stats": {
      "level": 13,
      "goldEarned": 7579,
      "numDeaths": 9,
      "minionsKilled": 41,
      "championsKilled": 4,
      "goldSpent": 7335,
      "totalDamageDealt": 32223,
      "totalDamageTaken": 35860,
      "killingSprees": 1,
      "largestKillingSpree": 2,
      "team": 200,
      "win": false,
      "largestMultiKill": 1,
      "physicalDamageDealtPlayer": 10217,
      "magicDamageDealtPlayer": 18715,
      "physicalDamageTaken": 19595,
      "magicDamageTaken": 12746,
      "timePlayed": 1852,
      "totalHeal": 4873,
      "totalUnitsHealed": 2,
      "assists": 7,
      "item0": 3097,
      "item1": 3083,
      "item2": 2045,
      "item3": 3265,
      "item6": 3340,
      "sightWardsBought": 2,
      "magicDamageDealtToChampions": 7015,
      "physicalDamageDealtToChampions": 5479,
      "totalDamageDealtToChampions": 12494,
      "trueDamageDealtPlayer": 3290,
      "trueDamageTaken": 3518,
      "wardPlaced": 8,
      "totalTimeCrowdControlDealt": 409
    }
  },
  "30766464": {
    "gameId": 818168315,
    "invalid": false,
    "gameMode": "CLASSIC",
    "gameType": "MATCHED_GAME",
    "subType": "RANKED_SOLO_5x5",
    "mapId": 1,
    "teamId": 100,
    "championId": 25,
    "spell1": 7,
    "spell2": 4,
    "level": 30,
    "ipEarned": 237,
    "createDate": 1398242664598,
    "fellowPlayers": [
      {
        "summonerId": 24584120,
        "teamId": 200,
        "championId": 106
      },
      {
        "summonerId": 29954363,
        "teamId": 200,
        "championId": 98
      },
      {
        "summonerId": 39923359,
        "teamId": 200,
        "championId": 104
      },
      {
        "summonerId": 35374229,
        "teamId": 100,
        "championId": 103
      },
      {
        "summonerId": 19107077,
        "teamId": 100,
        "championId": 11
      },
      {
        "summonerId": 21509937,
        "teamId": 100,
        "championId": 236
      },
      {
        "summonerId": 24483899,
        "teamId": 200,
        "championId": 55
      },
      {
        "summonerId": 29994500,
        "teamId": 100,
        "championId": 126
      },
      {
        "summonerId": 32595414,
        "teamId": 200,
        "championId": 5
      }
    ],
    "stats": {
      "level": 15,
      "goldEarned": 11838,
      "numDeaths": 4,
      "minionsKilled": 23,
      "championsKilled": 3,
      "goldSpent": 10725,
      "totalDamageDealt": 42688,
      "totalDamageTaken": 16909,
      "killingSprees": 1,
      "largestKillingSpree": 3,
      "team": 100,
      "win": true,
      "largestMultiKill": 1,
      "physicalDamageDealtPlayer": 11681,
      "magicDamageDealtPlayer": 30744,
      "physicalDamageTaken": 10085,
      "magicDamageTaken": 6538,
      "timePlayed": 1852,
      "totalHeal": 3058,
      "totalUnitsHealed": 4,
      "assists": 21,
      "item0": 3092,
      "item1": 3157,
      "item2": 1001,
      "item3": 1011,
      "item4": 3110,
      "item5": 1052,
      "item6": 3340,
      "sightWardsBought": 3,
      "magicDamageDealtToChampions": 15733,
      "physicalDamageDealtToChampions": 2635,
      "totalDamageDealtToChampions": 18631,
      "trueDamageDealtPlayer": 262,
      "trueDamageDealtToChampions": 262,
      "trueDamageTaken": 286,
      "wardPlaced": 9,
      "totalTimeCrowdControlDealt": 264
    }
  },
  "19107077": {
    "gameId": 818168315,
    "invalid": false,
    "gameMode": "CLASSIC",
    "gameType": "MATCHED_GAME",
    "subType": "RANKED_SOLO_5x5",
    "mapId": 1,
    "teamId": 100,
    "championId": 11,
    "spell1": 11,
    "spell2": 4,
    "level": 30,
    "ipEarned": 87,
    "createDate": 1398242664597,
    "fellowPlayers": [
      {
        "summonerId": 30766464,
        "teamId": 100,
        "championId": 25
      },
      {
        "summonerId": 24584120,
        "teamId": 200,
        "championId": 106
      },
      {
        "summonerId": 29954363,
        "teamId": 200,
        "championId": 98
      },
      {
        "summonerId": 39923359,
        "teamId": 200,
        "championId": 104
      },
      {
        "summonerId": 35374229,
        "teamId": 100,
        "championId": 103
      },
      {
        "summonerId": 21509937,
        "teamId": 100,
        "championId": 236
      },
      {
        "summonerId": 24483899,
        "teamId": 200,
        "championId": 55
      },
      {
        "summonerId": 29994500,
        "teamId": 100,
        "championId": 126
      },
      {
        "summonerId": 32595414,
        "teamId": 200,
        "championId": 5
      }
    ],
    "stats": {
      "level": 16,
      "goldEarned": 12788,
      "numDeaths": 8,
      "minionsKilled": 44,
      "championsKilled": 10,
      "goldSpent": 12625,
      "totalDamageDealt": 169569,
      "totalDamageTaken": 24233,
      "doubleKills": 2,
      "killingSprees": 3,
      "largestKillingSpree": 3,
      "team": 100,
      "win": true,
      "neutralMinionsKilled": 100,
      "largestMultiKill": 2,
      "physicalDamageDealtPlayer": 120878,
      "magicDamageDealtPlayer": 32781,
      "physicalDamageTaken": 17255,
      "magicDamageTaken": 6509,
      "largestCriticalStrike": 825,
      "timePlayed": 1852,
      "totalHeal": 5905,
      "totalUnitsHealed": 1,
      "assists": 10,
      "item0": 3160,
      "item1": 3252,
      "item2": 3087,
      "item3": 3031,
      "item6": 3341,
      "magicDamageDealtToChampions": 2093,
      "physicalDamageDealtToChampions": 13409,
      "totalDamageDealtToChampions": 18237,
      "trueDamageDealtPlayer": 15908,
      "trueDamageDealtToChampions": 2733,
      "trueDamageTaken": 468,
      "wardPlaced": 5,
      "neutralMinionsKilledEnemyJungle": 10,
      "neutralMinionsKilledYourJungle": 90,
      "totalTimeCrowdControlDealt": 273
    }
  },
  "21509937": {
    "gameId": 818168315,
    "invalid": false,
    "gameMode": "CLASSIC",
    "gameType": "MATCHED_GAME",
    "subType": "RANKED_SOLO_5x5",
    "mapId": 1,
    "teamId": 100,
    "championId": 236,
    "spell1": 7,
    "spell2": 4,
    "level": 30,
    "ipEarned": 237,
    "createDate": 1398242664600,
    "fellowPlayers": [
      {
        "summonerId": 30766464,
        "teamId": 100,
        "championId": 25
      },
      {
        "summonerId": 24584120,
        "teamId": 200,
        "championId": 106
      },
      {
        "summonerId": 29954363,
        "teamId": 200,
        "championId": 98
      },
      {
        "summonerId": 39923359,
        "teamId": 200,
        "championId": 104
      },
      {
        "summonerId": 35374229,
        "teamId": 100,
        "championId": 103
      },
      {
        "summonerId": 19107077,
        "teamId": 100,
        "championId": 11
      },
      {
        "summonerId": 24483899,
        "teamId": 200,
        "championId": 55
      },
      {
        "summonerId": 29994500,
        "teamId": 100,
        "championId": 126
      },
      {
        "summonerId": 32595414,
        "teamId": 200,
        "championId": 5
      }
    ],
    "stats": {
      "level": 16,
      "goldEarned": 13353,
      "numDeaths": 7,
      "turretsKilled": 2,
      "minionsKilled": 178,
      "championsKilled": 10,
      "goldSpent": 13488,
      "totalDamageDealt": 125719,
      "totalDamageTaken": 24406,
      "doubleKills": 2,
      "killingSprees": 3,
      "largestKillingSpree": 3,
      "team": 100,
      "win": true,
      "neutralMinionsKilled": 7,
      "largestMultiKill": 2,
      "physicalDamageDealtPlayer": 113868,
      "magicDamageDealtPlayer": 10072,
      "physicalDamageTaken": 14129,
      "magicDamageTaken": 10277,
      "largestCriticalStrike": 726,
      "timePlayed": 1852,
      "totalHeal": 3060,
      "totalUnitsHealed": 5,
      "assists": 13,
      "item0": 1055,
      "item1": 3078,
      "item2": 3252,
      "item3": 3031,
      "item4": 3072,
      "item5": 1036,
      "item6": 3340,
      "magicDamageDealtToChampions": 2204,
      "physicalDamageDealtToChampions": 24410,
      "totalDamageDealtToChampions": 27018,
      "trueDamageDealtPlayer": 1778,
      "trueDamageDealtToChampions": 404,
      "wardKilled": 1,
      "wardPlaced": 10,
      "neutralMinionsKilledYourJungle": 7,
      "totalTimeCrowdControlDealt": 284
    }
  },
  "32595414": {
    "gameId": 818168315,
    "invalid": false,
    "gameMode": "CLASSIC",
    "gameType": "MATCHED_GAME",
    "subType": "RANKED_SOLO_5x5",
    "mapId": 1,
    "teamId": 200,
    "championId": 5,
    "spell1": 4,
    "spell2": 11,
    "level": 30,
    "ipEarned": 58,
    "createDate": 1398242664604,
    "fellowPlayers": [
      {
        "summonerId": 30766464,
        "teamId": 100,
        "championId": 25
      },
      {
        "summonerId": 24584120,
        "teamId": 200,
        "championId": 106
      },
      {
        "summonerId": 29954363,
        "teamId": 200,
        "championId": 98
      },
      {
        "summonerId": 39923359,
        "teamId": 200,
        "championId": 104
      },
      {
        "summonerId": 35374229,
        "teamId": 100,
        "championId": 103
      },
      {
        "summonerId": 19107077,
        "teamId": 100,
        "championId": 11
      },
      {
        "summonerId": 21509937,
        "teamId": 100,
        "championId": 236
      },
      {
        "summonerId": 24483899,
        "teamId": 200,
        "championId": 55
      },
      {
        "summonerId": 29994500,
        "teamId": 100,
        "championId": 126
      }
    ],
    "stats": {
      "level": 16,
      "goldEarned": 11932,
      "numDeaths": 7,
      "minionsKilled": 37,
      "championsKilled": 10,
      "goldSpent": 11725,
      "totalDamageDealt": 125183,
      "totalDamageTaken": 30169,
      "doubleKills": 2,
      "killingSprees": 4,
      "largestKillingSpree": 3,
      "team": 200,
      "win": false,
      "neutralMinionsKilled": 70,
      "largestMultiKill": 2,
      "physicalDamageDealtPlayer": 82115,
      "magicDamageDealtPlayer": 30934,
      "physicalDamageTaken": 20073,
      "magicDamageTaken": 7220,
      "timePlayed": 1852,
      "totalHeal": 8606,
      "totalUnitsHealed": 1,
      "assists": 9,
      "item0": 3111,
      "item1": 3074,
      "item2": 3071,
      "item3": 3067,
      "item4": 3154,
      "item5": 3211,
      "item6": 3341,
      "magicDamageDealtToChampions": 1930,
      "physicalDamageDealtToChampions": 14606,
      "totalDamageDealtToChampions": 17143,
      "trueDamageDealtPlayer": 12134,
      "trueDamageDealtToChampions": 606,
      "trueDamageTaken": 2874,
      "wardKilled": 1,
      "wardPlaced": 5,
      "neutralMinionsKilledEnemyJungle": 6,
      "neutralMinionsKilledYourJungle": 64,
      "totalTimeCrowdControlDealt": 763
    }
  },
  "39923359": {
    "gameId": 818168315,
    "invalid": false,
    "gameMode": "CLASSIC",
    "gameType": "MATCHED_GAME",
    "subType": "RANKED_SOLO_5x5",
    "mapId": 1,
    "teamId": 200,
    "championId": 104,
    "spell1": 7,
    "spell2": 4,
    "level": 30,
    "ipEarned": 58,
    "createDate": 1398242664603,
    "fellowPlayers": [
      {
        "summonerId": 30766464,
        "teamId": 100,
        "championId": 25
      },
      {
        "summonerId": 24584120,
        "teamId": 200,
        "championId": 106
      },
      {
        "summonerId": 29954363,
        "teamId": 200,
        "championId": 98
      },
      {
        "summonerId": 35374229,
        "teamId": 100,
        "championId": 103
      },
      {
        "summonerId": 19107077,
        "teamId": 100,
        "championId": 11
      },
      {
        "summonerId": 21509937,
        "teamId": 100,
        "championId": 236
      },
      {
        "summonerId": 24483899,
        "teamId": 200,
        "championId": 55
      },
      {
        "summonerId": 29994500,
        "teamId": 100,
        "championId": 126
      },
      {
        "summonerId": 32595414,
        "teamId": 200,
        "championId": 5
      }
    ],
    "stats": {
      "level": 14,
      "goldEarned": 10581,
      "numDeaths": 10,
      "minionsKilled": 148,
      "championsKilled": 6,
      "goldSpent": 10215,
      "totalDamageDealt": 90938,
      "totalDamageTaken": 24698,
      "killingSprees": 1,
      "largestKillingSpree": 2,
      "team": 200,
      "win": false,
      "neutralMinionsKilled": 9,
      "largestMultiKill": 1,
      "physicalDamageDealtPlayer": 89214,
      "magicDamageDealtPlayer": 1596,
      "physicalDamageTaken": 13931,
      "magicDamageTaken": 9300,
      "largestCriticalStrike": 734,
      "timePlayed": 1852,
      "totalHeal": 3284,
      "totalUnitsHealed": 4,
      "assists": 6,
      "item0": 3072,
      "item1": 3031,
      "item2": 1031,
      "item3": 1055,
      "item4": 1036,
      "item5": 3250,
      "item6": 3340,
      "sightWardsBought": 1,
      "magicDamageDealtToChampions": 549,
      "physicalDamageDealtToChampions": 14247,
      "totalDamageDealtToChampions": 14861,
      "trueDamageDealtPlayer": 128,
      "trueDamageDealtToChampions": 64,
      "trueDamageTaken": 1466,
      "wardPlaced": 4,
      "neutralMinionsKilledEnemyJungle": 1,
      "neutralMinionsKilledYourJungle": 8,
      "totalTimeCrowdControlDealt": 52
    }
  },
  "29954363": {
    "gameId": 818168315,
    "invalid": false,
    "gameMode": "CLASSIC",
    "gameType": "MATCHED_GAME",
    "subType": "RANKED_SOLO_5x5",
    "mapId": 1,
    "teamId": 200,
    "championId": 98,
    "spell1": 12,
    "spell2": 4,
    "level": 30,
    "ipEarned": 58,
    "createDate": 1398242664605,
    "fellowPlayers": [
      {
        "summonerId": 30766464,
        "teamId": 100,
        "championId": 25
      },
      {
        "summonerId": 24584120,
        "teamId": 200,
        "championId": 106
      },
      {
        "summonerId": 39923359,
        "teamId": 200,
        "championId": 104
      },
      {
        "summonerId": 35374229,
        "teamId": 100,
        "championId": 103
      },
      {
        "summonerId": 19107077,
        "teamId": 100,
        "championId": 11
      },
      {
        "summonerId": 21509937,
        "teamId": 100,
        "championId": 236
      },
      {
        "summonerId": 24483899,
        "teamId": 200,
        "championId": 55
      },
      {
        "summonerId": 29994500,
        "teamId": 100,
        "championId": 126
      },
      {
        "summonerId": 32595414,
        "teamId": 200,
        "championId": 5
      }
    ],
    "stats": {
      "level": 16,
      "goldEarned": 10333,
      "numDeaths": 5,
      "turretsKilled": 1,
      "minionsKilled": 188,
      "championsKilled": 5,
      "goldSpent": 10218,
      "totalDamageDealt": 88970,
      "totalDamageTaken": 25521,
      "killingSprees": 1,
      "largestKillingSpree": 3,
      "team": 200,
      "win": false,
      "largestMultiKill": 1,
      "physicalDamageDealtPlayer": 41024,
      "magicDamageDealtPlayer": 47945,
      "physicalDamageTaken": 14718,
      "magicDamageTaken": 9269,
      "largestCriticalStrike": 485,
      "timePlayed": 1852,
      "totalHeal": 3561,
      "totalUnitsHealed": 1,
      "assists": 3,
      "item0": 1055,
      "item1": 3068,
      "item2": 3047,
      "item3": 3078,
      "item4": 3082,
      "item5": 1011,
      "item6": 3340,
      "sightWardsBought": 1,
      "magicDamageDealtToChampions": 8091,
      "physicalDamageDealtToChampions": 4393,
      "totalDamageDealtToChampions": 12484,
      "trueDamageTaken": 1532,
      "wardPlaced": 5,
      "totalTimeCrowdControlDealt": 39
    }
  },
  "24483899": {
    "gameId": 818168315,
    "invalid": false,
    "gameMode": "CLASSIC",
    "gameType": "MATCHED_GAME",
    "subType": "RANKED_SOLO_5x5",
    "mapId": 1,
    "teamId": 200,
    "championId": 55,
    "spell1": 4,
    "spell2": 14,
    "level": 30,
    "ipEarned": 58,
    "createDate": 1398242664602,
    "fellowPlayers": [
      {
        "summonerId": 30766464,
        "teamId": 100,
        "championId": 25
      },
      {
        "summonerId": 24584120,
        "teamId": 200,
        "championId": 106
      },
      {
        "summonerId": 29954363,
        "teamId": 200,
        "championId": 98
      },
      {
        "summonerId": 39923359,
        "teamId": 200,
        "championId": 104
      },
      {
        "summonerId": 35374229,
        "teamId": 100,
        "championId": 103
      },
      {
        "summonerId": 19107077,
        "teamId": 100,
        "championId": 11
      },
      {
        "summonerId": 21509937,
        "teamId": 100,
        "championId": 236
      },
      {
        "summonerId": 29994500,
        "teamId": 100,
        "championId": 126
      },
      {
        "summonerId": 32595414,
        "teamId": 200,
        "championId": 5
      }
    ],
    "stats": {
      "level": 13,
      "goldEarned": 9787,
      "numDeaths": 8,
      "turretsKilled": 1,
      "minionsKilled": 122,
      "championsKilled": 5,
      "goldSpent": 9330,
      "totalDamageDealt": 86717,
      "totalDamageTaken": 22708,
      "doubleKills": 1,
      "killingSprees": 2,
      "largestKillingSpree": 2,
      "team": 200,
      "win": false,
      "largestMultiKill": 2,
      "physicalDamageDealtPlayer": 7996,
      "magicDamageDealtPlayer": 78399,
      "physicalDamageTaken": 10258,
      "magicDamageTaken": 8656,
      "timePlayed": 1852,
      "totalHeal": 48,
      "totalUnitsHealed": 1,
      "assists": 10,
      "item0": 3146,
      "item1": 3255,
      "item2": 3108,
      "item3": 3191,
      "item4": 3041,
      "item5": 1026,
      "item6": 3340,
      "magicDamageDealtToChampions": 21087,
      "physicalDamageDealtToChampions": 902,
      "totalDamageDealtToChampions": 22312,
      "trueDamageDealtPlayer": 322,
      "trueDamageDealtToChampions": 322,
      "trueDamageTaken": 3792,
      "wardPlaced": 5,
      "totalTimeCrowdControlDealt": 2
    }
  }
}