{
  "35727527": {
    "gameId": 818168444,
    "invalid": false,
    "gameMode": "CLASSIC",
    "gameType": "MATCHED_GAME",
    "subType": "RANKED_SOLO_5x5",
    "mapId": 1,
    "teamId": 200,
    "championId": 11,
    "spell1": 4,
    "spell2": 11,
    "level": 30,
    "ipEarned": 85,
    "createDate": 1398242712804,
    "fellowPlayers": [
      {
        "summonerId": 30731569,
        "teamId": 100,
        "championId": 76
      },
      {
        "summonerId": 30841513,
        "teamId": 100,
        "championId": 24
      },
      {
        "summonerId": 27344320,
        "teamId": 200,
        "championId": 36
      },
      {
        "summonerId": 35723579,
        "teamId": 200,
        "championId": 412
      },
      {
        "summonerId": 25553991,
        "teamId": 100,
        "championId": 117
      },
      {
        "summonerId": 24466688,
        "teamId": 100,
        "championId": 42
      },
      {
        "summonerId": 26016169,
        "teamId": 200,
        "championId": 55
      },
      {
        "summonerId": 33093237,
        "teamId": 200,
        "championId": 15
      },
      {
        "summonerId": 36127220,
        "teamId": 100,
        "championId": 28
      }
    ],
    "stats": {
      "level": 18,
      "goldEarned": 17984,
      "numDeaths": 2,
      "barracksKilled": 1,
      "turretsKilled": 3,
      "minionsKilled": 106,
      "championsKilled": 22,
      "goldSpent": 16288,
      "totalDamageDealt": 245483,
      "totalDamageTaken": 28076,
      "doubleKills": 5,
      "tripleKills": 3,
      "quadraKills": 1,
      "killingSprees": 3,
      "largestKillingSpree": 15,
      "team": 200,
      "win": true,
      "neutralMinionsKilled": 103,
      "largestMultiKill": 4,
      "physicalDamageDealtPlayer": 176555,
      "magicDamageDealtPlayer": 37839,
      "physicalDamageTaken": 20650,
      "magicDamageTaken": 7205,
      "largestCriticalStrike": 951,
      "timePlayed": 1768,
      "totalHeal": 9087,
      "totalUnitsHealed": 1,
      "assists": 8,
      "item0": 3153,
      "item1": 3006,
      "item2": 3160,
      "item3": 3087,
      "item4": 3031,
      "item5": 3078,
      "item6": 3340,
      "magicDamageDealtToChampions": 3813,
      "physicalDamageDealtToChampions": 24851,
      "totalDamageDealtToChampions": 33355,
      "trueDamageDealtPlayer": 31088,
      "trueDamageDealtToChampions": 4690,
      "trueDamageTaken": 221,
      "wardKilled": 2,
      "wardPlaced": 18,
      "neutralMinionsKilledEnemyJungle": 28,
      "neutralMinionsKilledYourJungle": 75,
      "totalTimeCrowdControlDealt": 561
    }
  },
  "summonerCount": 10,
  "30731569": {
    "gameId": 818168444,
    "invalid": false,
    "gameMode": "CLASSIC",
    "gameType": "MATCHED_GAME",
    "subType": "RANKED_SOLO_5x5",
    "mapId": 1,
    "teamId": 100,
    "championId": 76,
    "spell1": 4,
    "spell2": 21,
    "level": 30,
    "ipEarned": 57,
    "createDate": 1398242712799,
    "fellowPlayers": [
      {
        "summonerId": 30841513,
        "teamId": 100,
        "championId": 24
      },
      {
        "summonerId": 27344320,
        "teamId": 200,
        "championId": 36
      },
      {
        "summonerId": 35723579,
        "teamId": 200,
        "championId": 412
      },
      {
        "summonerId": 25553991,
        "teamId": 100,
        "championId": 117
      },
      {
        "summonerId": 24466688,
        "teamId": 100,
        "championId": 42
      },
      {
        "summonerId": 35727527,
        "teamId": 200,
        "championId": 11
      },
      {
        "summonerId": 26016169,
        "teamId": 200,
        "championId": 55
      },
      {
        "summonerId": 33093237,
        "teamId": 200,
        "championId": 15
      },
      {
        "summonerId": 36127220,
        "teamId": 100,
        "championId": 28
      }
    ],
    "stats": {
      "level": 13,
      "goldEarned": 7030,
      "numDeaths": 9,
      "minionsKilled": 110,
      "championsKilled": 1,
      "goldSpent": 6810,
      "totalDamageDealt": 61125,
      "totalDamageTaken": 21307,
      "team": 100,
      "win": false,
      "largestMultiKill": 1,
      "physicalDamageDealtPlayer": 24811,
      "magicDamageDealtPlayer": 36314,
      "physicalDamageTaken": 11196,
      "magicDamageTaken": 9019,
      "timePlayed": 1768,
      "totalHeal": 4827,
      "totalUnitsHealed": 4,
      "assists": 5,
      "item0": 3174,
      "item1": 3020,
      "item2": 1058,
      "item3": 1056,
      "item4": 1026,
      "item6": 3340,
      "sightWardsBought": 1,
      "magicDamageDealtToChampions": 11868,
      "physicalDamageDealtToChampions": 1703,
      "totalDamageDealtToChampions": 13571,
      "trueDamageTaken": 1092,
      "wardKilled": 1,
      "wardPlaced": 5
    }
  },
  "27344320": {
    "gameId": 818168444,
    "invalid": false,
    "gameMode": "CLASSIC",
    "gameType": "MATCHED_GAME",
    "subType": "RANKED_SOLO_5x5",
    "mapId": 1,
    "teamId": 200,
    "championId": 36,
    "spell1": 4,
    "spell2": 3,
    "level": 30,
    "ipEarned": 85,
    "createDate": 1398242712809,
    "fellowPlayers": [
      {
        "summonerId": 30731569,
        "teamId": 100,
        "championId": 76
      },
      {
        "summonerId": 30841513,
        "teamId": 100,
        "championId": 24
      },
      {
        "summonerId": 35723579,
        "teamId": 200,
        "championId": 412
      },
      {
        "summonerId": 25553991,
        "teamId": 100,
        "championId": 117
      },
      {
        "summonerId": 24466688,
        "teamId": 100,
        "championId": 42
      },
      {
        "summonerId": 35727527,
        "teamId": 200,
        "championId": 11
      },
      {
        "summonerId": 26016169,
        "teamId": 200,
        "championId": 55
      },
      {
        "summonerId": 33093237,
        "teamId": 200,
        "championId": 15
      },
      {
        "summonerId": 36127220,
        "teamId": 100,
        "championId": 28
      }
    ],
    "stats": {
      "level": 16,
      "goldEarned": 11397,
      "numDeaths": 3,
      "turretsKilled": 2,
      "minionsKilled": 130,
      "championsKilled": 8,
      "goldSpent": 8190,
      "totalDamageDealt": 83146,
      "totalDamageTaken": 19174,
      "doubleKills": 1,
      "killingSprees": 3,
      "largestKillingSpree": 3,
      "team": 200,
      "win": true,
      "neutralMinionsKilled": 4,
      "largestMultiKill": 2,
      "physicalDamageDealtPlayer": 29084,
      "magicDamageDealtPlayer": 53585,
      "physicalDamageTaken": 9160,
      "magicDamageTaken": 8780,
      "timePlayed": 1768,
      "totalHeal": 7644,
      "totalUnitsHealed": 1,
      "assists": 7,
      "item0": 3047,
      "item1": 3068,
      "item2": 1028,
      "item3": 1006,
      "item4": 3065,
      "item5": 1011,
      "item6": 3340,
      "magicDamageDealtToChampions": 13519,
      "physicalDamageDealtToChampions": 3152,
      "totalDamageDealtToChampions": 16896,
      "trueDamageDealtPlayer": 476,
      "trueDamageDealtToChampions": 224,
      "trueDamageTaken": 1233,
      "wardPlaced": 6,
      "neutralMinionsKilledYourJungle": 4,
      "totalTimeCrowdControlDealt": 334
    }
  },
  "36127220": {
    "gameId": 818168444,
    "invalid": false,
    "gameMode": "CLASSIC",
    "gameType": "MATCHED_GAME",
    "subType": "RANKED_SOLO_5x5",
    "mapId": 1,
    "teamId": 100,
    "championId": 28,
    "spell1": 11,
    "spell2": 4,
    "level": 30,
    "ipEarned": 57,
    "createDate": 1398242712800,
    "fellowPlayers": [
      {
        "summonerId": 30731569,
        "teamId": 100,
        "championId": 76
      },
      {
        "summonerId": 30841513,
        "teamId": 100,
        "championId": 24
      },
      {
        "summonerId": 27344320,
        "teamId": 200,
        "championId": 36
      },
      {
        "summonerId": 35723579,
        "teamId": 200,
        "championId": 412
      },
      {
        "summonerId": 25553991,
        "teamId": 100,
        "championId": 117
      },
      {
        "summonerId": 24466688,
        "teamId": 100,
        "championId": 42
      },
      {
        "summonerId": 35727527,
        "teamId": 200,
        "championId": 11
      },
      {
        "summonerId": 26016169,
        "teamId": 200,
        "championId": 55
      },
      {
        "summonerId": 33093237,
        "teamId": 200,
        "championId": 15
      }
    ],
    "stats": {
      "level": 13,
      "goldEarned": 8122,
      "numDeaths": 9,
      "minionsKilled": 38,
      "championsKilled": 5,
      "goldSpent": 7870,
      "totalDamageDealt": 92098,
      "totalDamageTaken": 27051,
      "doubleKills": 1,
      "tripleKills": 1,
      "killingSprees": 2,
      "largestKillingSpree": 3,
      "team": 100,
      "win": false,
      "neutralMinionsKilled": 54,
      "largestMultiKill": 3,
      "physicalDamageDealtPlayer": 26134,
      "magicDamageDealtPlayer": 57788,
      "physicalDamageTaken": 17585,
      "magicDamageTaken": 8132,
      "timePlayed": 1768,
      "totalHeal": 2880,
      "totalUnitsHealed": 1,
      "assists": 4,
      "item0": 3206,
      "item1": 3136,
      "item2": 3255,
      "item3": 1026,
      "item4": 1058,
      "item6": 3341,
      "magicDamageDealtToChampions": 10645,
      "physicalDamageDealtToChampions": 3135,
      "totalDamageDealtToChampions": 13876,
      "trueDamageDealtPlayer": 8176,
      "trueDamageDealtToChampions": 96,
      "trueDamageTaken": 1333,
      "wardKilled": 1,
      "neutralMinionsKilledEnemyJungle": 1,
      "neutralMinionsKilledYourJungle": 53,
      "totalTimeCrowdControlDealt": 191
    }
  },
  "33093237": {
    "gameId": 818168444,
    "invalid": false,
    "gameMode": "CLASSIC",
    "gameType": "MATCHED_GAME",
    "subType": "RANKED_SOLO_5x5",
    "mapId": 1,
    "teamId": 200,
    "championId": 15,
    "spell1": 4,
    "spell2": 21,
    "level": 30,
    "ipEarned": 85,
    "createDate": 1398242712805,
    "fellowPlayers": [
      {
        "summonerId": 30731569,
        "teamId": 100,
        "championId": 76
      },
      {
        "summonerId": 30841513,
        "teamId": 100,
        "championId": 24
      },
      {
        "summonerId": 27344320,
        "teamId": 200,
        "championId": 36
      },
      {
        "summonerId": 35723579,
        "teamId": 200,
        "championId": 412
      },
      {
        "summonerId": 25553991,
        "teamId": 100,
        "championId": 117
      },
      {
        "summonerId": 24466688,
        "teamId": 100,
        "championId": 42
      },
      {
        "summonerId": 35727527,
        "teamId": 200,
        "championId": 11
      },
      {
        "summonerId": 26016169,
        "teamId": 200,
        "championId": 55
      },
      {
        "summonerId": 36127220,
        "teamId": 100,
        "championId": 28
      }
    ],
    "stats": {
      "level": 15,
      "goldEarned": 11114,
      "numDeaths": 3,
      "turretsKilled": 1,
      "minionsKilled": 159,
      "championsKilled": 4,
      "goldSpent": 9445,
      "totalDamageDealt": 111382,
      "totalDamageTaken": 12769,
      "killingSprees": 1,
      "largestKillingSpree": 2,
      "team": 200,
      "win": true,
      "neutralMinionsKilled": 3,
      "largestMultiKill": 1,
      "physicalDamageDealtPlayer": 106530,
      "magicDamageDealtPlayer": 4780,
      "physicalDamageTaken": 5565,
      "magicDamageTaken": 6999,
      "largestCriticalStrike": 513,
      "timePlayed": 1768,
      "totalHeal": 562,
      "totalUnitsHealed": 1,
      "assists": 10,
      "item0": 3072,
      "item1": 3087,
      "item2": 3006,
      "item3": 1055,
      "item4": 3035,
      "item6": 3340,
      "magicDamageDealtToChampions": 622,
      "physicalDamageDealtToChampions": 14810,
      "totalDamageDealtToChampions": 15432,
      "trueDamageDealtPlayer": 72,
      "trueDamageTaken": 203,
      "wardPlaced": 8,
      "neutralMinionsKilledEnemyJungle": 3,
      "totalTimeCrowdControlDealt": 6
    }
  },
  "35723579": {
    "gameId": 818168444,
    "invalid": false,
    "gameMode": "CLASSIC",
    "gameType": "MATCHED_GAME",
    "subType": "RANKED_SOLO_5x5",
    "mapId": 1,
    "teamId": 200,
    "championId": 412,
    "spell1": 4,
    "spell2": 14,
    "level": 30,
    "ipEarned": 85,
    "createDate": 1398242712807,
    "fellowPlayers": [
      {
        "summonerId": 30731569,
        "teamId": 100,
        "championId": 76
      },
      {
        "summonerId": 30841513,
        "teamId": 100,
        "championId": 24
      },
      {
        "summonerId": 27344320,
        "teamId": 200,
        "championId": 36
      },
      {
        "summonerId": 25553991,
        "teamId": 100,
        "championId": 117
      },
      {
        "summonerId": 24466688,
        "teamId": 100,
        "championId": 42
      },
      {
        "summonerId": 35727527,
        "teamId": 200,
        "championId": 11
      },
      {
        "summonerId": 26016169,
        "teamId": 200,
        "championId": 55
      },
      {
        "summonerId": 33093237,
        "teamId": 200,
        "championId": 15
      },
      {
        "summonerId": 36127220,
        "teamId": 100,
        "championId": 28
      }
    ],
    "stats": {
      "level": 14,
      "goldEarned": 9527,
      "numDeaths": 3,
      "turretsKilled": 1,
      "minionsKilled": 15,
      "championsKilled": 1,
      "goldSpent": 6975,
      "totalDamageDealt": 15949,
      "totalDamageTaken": 15111,
      "team": 200,
      "win": true,
      "largestMultiKill": 1,
      "physicalDamageDealtPlayer": 4088,
      "magicDamageDealtPlayer": 11431,
      "physicalDamageTaken": 4172,
      "magicDamageTaken": 10504,
      "timePlayed": 1768,
      "totalHeal": 848,
      "totalUnitsHealed": 1,
      "assists": 18,
      "item0": 3069,
      "item1": 2045,
      "item2": 3068,
      "item4": 2044,
      "item6": 3341,
      "sightWardsBought": 2,
      "visionWardsBought": 2,
      "magicDamageDealtToChampions": 7034,
      "physicalDamageDealtToChampions": 1125,
      "totalDamageDealtToChampions": 8589,
      "trueDamageDealtPlayer": 430,
      "trueDamageDealtToChampions": 430,
      "trueDamageTaken": 434,
      "wardKilled": 2,
      "wardPlaced": 7,
      "totalTimeCrowdControlDealt": 89
    }
  },
  "24466688": {
    "gameId": 818168444,
    "invalid": false,
    "gameMode": "CLASSIC",
    "gameType": "MATCHED_GAME",
    "subType": "RANKED_SOLO_5x5",
    "mapId": 1,
    "teamId": 100,
    "championId": 42,
    "spell1": 4,
    "spell2": 21,
    "level": 30,
    "ipEarned": 57,
    "createDate": 1398242712798,
    "fellowPlayers": [
      {
        "summonerId": 30731569,
        "teamId": 100,
        "championId": 76
      },
      {
        "summonerId": 30841513,
        "teamId": 100,
        "championId": 24
      },
      {
        "summonerId": 27344320,
        "teamId": 200,
        "championId": 36
      },
      {
        "summonerId": 35723579,
        "teamId": 200,
        "championId": 412
      },
      {
        "summonerId": 25553991,
        "teamId": 100,
        "championId": 117
      },
      {
        "summonerId": 35727527,
        "teamId": 200,
        "championId": 11
      },
      {
        "summonerId": 26016169,
        "teamId": 200,
        "championId": 55
      },
      {
        "summonerId": 33093237,
        "teamId": 200,
        "championId": 15
      },
      {
        "summonerId": 36127220,
        "teamId": 100,
        "championId": 28
      }
    ],
    "stats": {
      "level": 14,
      "goldEarned": 8566,
      "numDeaths": 5,
      "minionsKilled": 169,
      "championsKilled": 2,
      "goldSpent": 8303,
      "totalDamageDealt": 97681,
      "totalDamageTaken": 16866,
      "team": 100,
      "win": false,
      "neutralMinionsKilled": 3,
      "largestMultiKill": 1,
      "physicalDamageDealtPlayer": 42720,
      "magicDamageDealtPlayer": 51219,
      "physicalDamageTaken": 9536,
      "magicDamageTaken": 6566,
      "largestCriticalStrike": 567,
      "timePlayed": 1768,
      "totalHeal": 1063,
      "totalUnitsHealed": 1,
      "assists": 6,
      "item0": 1055,
      "item1": 3250,
      "item2": 3078,
      "item3": 1053,
      "item4": 1038,
      "item6": 3340,
      "magicDamageDealtToChampions": 10166,
      "physicalDamageDealtToChampions": 5688,
      "totalDamageDealtToChampions": 16560,
      "trueDamageDealtPlayer": 3741,
      "trueDamageDealtToChampions": 705,
      "trueDamageTaken": 763,
      "wardPlaced": 9,
      "neutralMinionsKilledYourJungle": 3,
      "totalTimeCrowdControlDealt": 9
    }
  },
  "26016169": {
    "gameId": 818168444,
    "invalid": false,
    "gameMode": "CLASSIC",
    "gameType": "MATCHED_GAME",
    "subType": "RANKED_SOLO_5x5",
    "mapId": 1,
    "teamId": 200,
    "championId": 55,
    "spell1": 7,
    "spell2": 4,
    "level": 30,
    "ipEarned": 235,
    "createDate": 1398242712806,
    "fellowPlayers": [
      {
        "summonerId": 30731569,
        "teamId": 100,
        "championId": 76
      },
      {
        "summonerId": 30841513,
        "teamId": 100,
        "championId": 24
      },
      {
        "summonerId": 27344320,
        "teamId": 200,
        "championId": 36
      },
      {
        "summonerId": 35723579,
        "teamId": 200,
        "championId": 412
      },
      {
        "summonerId": 25553991,
        "teamId": 100,
        "championId": 117
      },
      {
        "summonerId": 24466688,
        "teamId": 100,
        "championId": 42
      },
      {
        "summonerId": 35727527,
        "teamId": 200,
        "championId": 11
      },
      {
        "summonerId": 33093237,
        "teamId": 200,
        "championId": 15
      },
      {
        "summonerId": 36127220,
        "teamId": 100,
        "championId": 28
      }
    ],
    "stats": {
      "level": 16,
      "goldEarned": 10958,
      "numDeaths": 1,
      "turretsKilled": 3,
      "minionsKilled": 150,
      "championsKilled": 5,
      "goldSpent": 7650,
      "totalDamageDealt": 103024,
      "totalDamageTaken": 12380,
      "doubleKills": 1,
      "killingSprees": 2,
      "largestKillingSpree": 3,
      "team": 200,
      "win": true,
      "neutralMinionsKilled": 4,
      "largestMultiKill": 2,
      "physicalDamageDealtPlayer": 16031,
      "magicDamageDealtPlayer": 86906,
      "physicalDamageTaken": 4703,
      "magicDamageTaken": 7543,
      "timePlayed": 1768,
      "totalHeal": 1833,
      "totalUnitsHealed": 3,
      "assists": 9,
      "item1": 3151,
      "item2": 3089,
      "item3": 3020,
      "item6": 3340,
      "magicDamageDealtToChampions": 19311,
      "physicalDamageDealtToChampions": 501,
      "totalDamageDealtToChampions": 19813,
      "trueDamageDealtPlayer": 86,
      "trueDamageTaken": 133,
      "wardPlaced": 5,
      "neutralMinionsKilledEnemyJungle": 4,
      "totalTimeCrowdControlDealt": 41
    }
  },
  "25553991": {
    "gameId": 818168444,
    "invalid": false,
    "gameMode": "CLASSIC",
    "gameType": "MATCHED_GAME",
    "subType": "RANKED_SOLO_5x5",
    "mapId": 1,
    "teamId": 100,
    "championId": 117,
    "spell1": 7,
    "spell2": 4,
    "level": 30,
    "ipEarned": 57,
    "createDate": 1398242712803,
    "fellowPlayers": [
      {
        "summonerId": 30731569,
        "teamId": 100,
        "championId": 76
      },
      {
        "summonerId": 30841513,
        "teamId": 100,
        "championId": 24
      },
      {
        "summonerId": 27344320,
        "teamId": 200,
        "championId": 36
      },
      {
        "summonerId": 35723579,
        "teamId": 200,
        "championId": 412
      },
      {
        "summonerId": 24466688,
        "teamId": 100,
        "championId": 42
      },
      {
        "summonerId": 35727527,
        "teamId": 200,
        "championId": 11
      },
      {
        "summonerId": 26016169,
        "teamId": 200,
        "championId": 55
      },
      {
        "summonerId": 33093237,
        "teamId": 200,
        "championId": 15
      },
      {
        "summonerId": 36127220,
        "teamId": 100,
        "championId": 28
      }
    ],
    "stats": {
      "level": 12,
      "goldEarned": 6014,
      "numDeaths": 9,
      "minionsKilled": 43,
      "goldSpent": 5485,
      "totalDamageDealt": 33917,
      "totalDamageTaken": 21507,
      "team": 100,
      "win": false,
      "neutralMinionsKilled": 1,
      "physicalDamageDealtPlayer": 5253,
      "magicDamageDealtPlayer": 28664,
      "physicalDamageTaken": 12746,
      "magicDamageTaken": 7674,
      "timePlayed": 1768,
      "totalHeal": 2456,
      "totalUnitsHealed": 4,
      "assists": 6,
      "item0": 3069,
      "item1": 2045,
      "item2": 3047,
      "item3": 2043,
      "item6": 3341,
      "sightWardsBought": 6,
      "visionWardsBought": 2,
      "magicDamageDealtToChampions": 6135,
      "physicalDamageDealtToChampions": 762,
      "totalDamageDealtToChampions": 6897,
      "trueDamageTaken": 1087,
      "wardPlaced": 8,
      "neutralMinionsKilledEnemyJungle": 1,
      "totalTimeCrowdControlDealt": 322
    }
  },
  "35727527": {
    "gameId": 818168444,
    "invalid": false,
    "gameMode": "CLASSIC",
    "gameType": "MATCHED_GAME",
    "subType": "RANKED_SOLO_5x5",
    "mapId": 1,
    "teamId": 200,
    "championId": 11,
    "spell1": 4,
    "spell2": 11,
    "level": 30,
    "ipEarned": 85,
    "createDate": 1398242712804,
    "fellowPlayers": [
      {
        "summonerId": 30731569,
        "teamId": 100,
        "championId": 76
      },
      {
        "summonerId": 30841513,
        "teamId": 100,
        "championId": 24
      },
      {
        "summonerId": 27344320,
        "teamId": 200,
        "championId": 36
      },
      {
        "summonerId": 35723579,
        "teamId": 200,
        "championId": 412
      },
      {
        "summonerId": 25553991,
        "teamId": 100,
        "championId": 117
      },
      {
        "summonerId": 24466688,
        "teamId": 100,
        "championId": 42
      },
      {
        "summonerId": 26016169,
        "teamId": 200,
        "championId": 55
      },
      {
        "summonerId": 33093237,
        "teamId": 200,
        "championId": 15
      },
      {
        "summonerId": 36127220,
        "teamId": 100,
        "championId": 28
      }
    ],
    "stats": {
      "level": 18,
      "goldEarned": 17984,
      "numDeaths": 2,
      "barracksKilled": 1,
      "turretsKilled": 3,
      "minionsKilled": 106,
      "championsKilled": 22,
      "goldSpent": 16288,
      "totalDamageDealt": 245483,
      "totalDamageTaken": 28076,
      "doubleKills": 5,
      "tripleKills": 3,
      "quadraKills": 1,
      "killingSprees": 3,
      "largestKillingSpree": 15,
      "team": 200,
      "win": true,
      "neutralMinionsKilled": 103,
      "largestMultiKill": 4,
      "physicalDamageDealtPlayer": 176555,
      "magicDamageDealtPlayer": 37839,
      "physicalDamageTaken": 20650,
      "magicDamageTaken": 7205,
      "largestCriticalStrike": 951,
      "timePlayed": 1768,
      "totalHeal": 9087,
      "totalUnitsHealed": 1,
      "assists": 8,
      "item0": 3153,
      "item1": 3006,
      "item2": 3160,
      "item3": 3087,
      "item4": 3031,
      "item5": 3078,
      "item6": 3340,
      "magicDamageDealtToChampions": 3813,
      "physicalDamageDealtToChampions": 24851,
      "totalDamageDealtToChampions": 33355,
      "trueDamageDealtPlayer": 31088,
      "trueDamageDealtToChampions": 4690,
      "trueDamageTaken": 221,
      "wardKilled": 2,
      "wardPlaced": 18,
      "neutralMinionsKilledEnemyJungle": 28,
      "neutralMinionsKilledYourJungle": 75,
      "totalTimeCrowdControlDealt": 561
    }
  }
}