{
  "32998381": {
    "gameId": 818168864,
    "invalid": false,
    "gameMode": "CLASSIC",
    "gameType": "MATCHED_GAME",
    "subType": "RANKED_SOLO_5x5",
    "mapId": 1,
    "teamId": 100,
    "championId": 121,
    "spell1": 11,
    "spell2": 4,
    "level": 30,
    "ipEarned": 251,
    "createDate": 1398243132827,
    "fellowPlayers": [
      {
        "summonerId": 32493032,
        "teamId": 100,
        "championId": 17
      },
      {
        "summonerId": 29964746,
        "teamId": 100,
        "championId": 29
      },
      {
        "summonerId": 30756090,
        "teamId": 100,
        "championId": 24
      },
      {
        "summonerId": 33334251,
        "teamId": 200,
        "championId": 154
      },
      {
        "summonerId": 36048304,
        "teamId": 200,
        "championId": 119
      },
      {
        "summonerId": 38520321,
        "teamId": 200,
        "championId": 43
      },
      {
        "summonerId": 38378211,
        "teamId": 200,
        "championId": 55
      },
      {
        "summonerId": 21374121,
        "teamId": 200,
        "championId": 77
      },
      {
        "summonerId": 40016154,
        "teamId": 100,
        "championId": 25
      }
    ],
    "stats": {
      "level": 17,
      "goldEarned": 13142,
      "numDeaths": 4,
      "barracksKilled": 1,
      "minionsKilled": 47,
      "championsKilled": 7,
      "goldSpent": 12610,
      "totalDamageDealt": 146040,
      "totalDamageTaken": 27126,
      "killingSprees": 2,
      "largestKillingSpree": 3,
      "team": 100,
      "win": true,
      "neutralMinionsKilled": 89,
      "largestMultiKill": 1,
      "physicalDamageDealtPlayer": 128015,
      "magicDamageDealtPlayer": 1849,
      "physicalDamageTaken": 14898,
      "magicDamageTaken": 11685,
      "timePlayed": 2169,
      "totalHeal": 9722,
      "totalUnitsHealed": 1,
      "assists": 7,
      "item0": 3209,
      "item1": 3074,
      "item2": 3071,
      "item3": 3035,
      "item4": 1031,
      "item5": 3117,
      "item6": 3340,
      "magicDamageDealtToChampions": 1173,
      "physicalDamageDealtToChampions": 18243,
      "totalDamageDealtToChampions": 21126,
      "trueDamageDealtPlayer": 16175,
      "trueDamageDealtToChampions": 1709,
      "trueDamageTaken": 542,
      "wardPlaced": 3,
      "neutralMinionsKilledEnemyJungle": 18,
      "neutralMinionsKilledYourJungle": 71,
      "totalTimeCrowdControlDealt": 552
    }
  },
  "summonerCount": 10,
  "29964746": {
    "gameId": 818168864,
    "invalid": false,
    "gameMode": "CLASSIC",
    "gameType": "MATCHED_GAME",
    "subType": "RANKED_SOLO_5x5",
    "mapId": 1,
    "teamId": 100,
    "championId": 29,
    "spell1": 4,
    "spell2": 7,
    "level": 30,
    "ipEarned": 251,
    "createDate": 1398243132828,
    "fellowPlayers": [
      {
        "summonerId": 32493032,
        "teamId": 100,
        "championId": 17
      },
      {
        "summonerId": 30756090,
        "teamId": 100,
        "championId": 24
      },
      {
        "summonerId": 33334251,
        "teamId": 200,
        "championId": 154
      },
      {
        "summonerId": 32998381,
        "teamId": 100,
        "championId": 121
      },
      {
        "summonerId": 36048304,
        "teamId": 200,
        "championId": 119
      },
      {
        "summonerId": 38520321,
        "teamId": 200,
        "championId": 43
      },
      {
        "summonerId": 38378211,
        "teamId": 200,
        "championId": 55
      },
      {
        "summonerId": 21374121,
        "teamId": 200,
        "championId": 77
      },
      {
        "summonerId": 40016154,
        "teamId": 100,
        "championId": 25
      }
    ],
    "stats": {
      "level": 16,
      "goldEarned": 14076,
      "numDeaths": 5,
      "turretsKilled": 5,
      "minionsKilled": 177,
      "championsKilled": 9,
      "goldSpent": 12895,
      "totalDamageDealt": 137745,
      "totalDamageTaken": 22980,
      "doubleKills": 2,
      "killingSprees": 2,
      "largestKillingSpree": 6,
      "team": 100,
      "win": true,
      "neutralMinionsKilled": 11,
      "largestMultiKill": 2,
      "physicalDamageDealtPlayer": 117125,
      "magicDamageDealtPlayer": 11927,
      "physicalDamageTaken": 11512,
      "magicDamageTaken": 11220,
      "largestCriticalStrike": 724,
      "timePlayed": 2169,
      "totalHeal": 4055,
      "totalUnitsHealed": 3,
      "assists": 9,
      "item0": 1057,
      "item1": 3072,
      "item2": 3250,
      "item3": 3087,
      "item4": 3031,
      "item5": 1031,
      "item6": 3340,
      "magicDamageDealtToChampions": 1532,
      "physicalDamageDealtToChampions": 19179,
      "totalDamageDealtToChampions": 24986,
      "trueDamageDealtPlayer": 8692,
      "trueDamageDealtToChampions": 4274,
      "trueDamageTaken": 247,
      "wardPlaced": 2,
      "neutralMinionsKilledEnemyJungle": 1,
      "neutralMinionsKilledYourJungle": 10,
      "totalTimeCrowdControlDealt": 301
    }
  },
  "40016154": {
    "gameId": 818168864,
    "invalid": false,
    "gameMode": "CLASSIC",
    "gameType": "MATCHED_GAME",
    "subType": "RANKED_SOLO_5x5",
    "mapId": 1,
    "teamId": 100,
    "championId": 25,
    "spell1": 4,
    "spell2": 7,
    "level": 30,
    "ipEarned": 101,
    "createDate": 1398243132829,
    "fellowPlayers": [
      {
        "summonerId": 32493032,
        "teamId": 100,
        "championId": 17
      },
      {
        "summonerId": 29964746,
        "teamId": 100,
        "championId": 29
      },
      {
        "summonerId": 30756090,
        "teamId": 100,
        "championId": 24
      },
      {
        "summonerId": 33334251,
        "teamId": 200,
        "championId": 154
      },
      {
        "summonerId": 32998381,
        "teamId": 100,
        "championId": 121
      },
      {
        "summonerId": 36048304,
        "teamId": 200,
        "championId": 119
      },
      {
        "summonerId": 38520321,
        "teamId": 200,
        "championId": 43
      },
      {
        "summonerId": 38378211,
        "teamId": 200,
        "championId": 55
      },
      {
        "summonerId": 21374121,
        "teamId": 200,
        "championId": 77
      }
    ],
    "stats": {
      "level": 16,
      "goldEarned": 13543,
      "numDeaths": 6,
      "barracksKilled": 1,
      "minionsKilled": 15,
      "championsKilled": 6,
      "goldSpent": 12525,
      "totalDamageDealt": 35120,
      "totalDamageTaken": 20175,
      "killingSprees": 1,
      "largestKillingSpree": 4,
      "team": 100,
      "win": true,
      "neutralMinionsKilled": 1,
      "largestMultiKill": 1,
      "physicalDamageDealtPlayer": 6608,
      "magicDamageDealtPlayer": 28501,
      "physicalDamageTaken": 8777,
      "magicDamageTaken": 10820,
      "timePlayed": 2169,
      "totalHeal": 2171,
      "totalUnitsHealed": 3,
      "assists": 14,
      "item0": 3089,
      "item1": 3157,
      "item2": 2049,
      "item4": 3174,
      "item5": 3020,
      "item6": 3340,
      "sightWardsBought": 1,
      "magicDamageDealtToChampions": 16092,
      "physicalDamageDealtToChampions": 1226,
      "totalDamageDealtToChampions": 17329,
      "trueDamageDealtPlayer": 10,
      "trueDamageDealtToChampions": 10,
      "trueDamageTaken": 578,
      "wardPlaced": 16,
      "neutralMinionsKilledEnemyJungle": 1,
      "totalTimeCrowdControlDealt": 118
    }
  },
  "21374121": {
    "gameId": 818168864,
    "invalid": false,
    "gameMode": "CLASSIC",
    "gameType": "MATCHED_GAME",
    "subType": "RANKED_SOLO_5x5",
    "mapId": 1,
    "teamId": 200,
    "championId": 77,
    "spell1": 6,
    "spell2": 11,
    "level": 30,
    "ipEarned": 67,
    "createDate": 1398243132832,
    "fellowPlayers": [
      {
        "summonerId": 32493032,
        "teamId": 100,
        "championId": 17
      },
      {
        "summonerId": 29964746,
        "teamId": 100,
        "championId": 29
      },
      {
        "summonerId": 30756090,
        "teamId": 100,
        "championId": 24
      },
      {
        "summonerId": 33334251,
        "teamId": 200,
        "championId": 154
      },
      {
        "summonerId": 32998381,
        "teamId": 100,
        "championId": 121
      },
      {
        "summonerId": 36048304,
        "teamId": 200,
        "championId": 119
      },
      {
        "summonerId": 38520321,
        "teamId": 200,
        "championId": 43
      },
      {
        "summonerId": 38378211,
        "teamId": 200,
        "championId": 55
      },
      {
        "summonerId": 40016154,
        "teamId": 100,
        "championId": 25
      }
    ],
    "stats": {
      "level": 17,
      "goldEarned": 10525,
      "numDeaths": 4,
      "minionsKilled": 57,
      "championsKilled": 6,
      "goldSpent": 10240,
      "totalDamageDealt": 128048,
      "totalDamageTaken": 32634,
      "killingSprees": 2,
      "largestKillingSpree": 3,
      "team": 200,
      "win": false,
      "neutralMinionsKilled": 65,
      "largestMultiKill": 1,
      "physicalDamageDealtPlayer": 102195,
      "magicDamageDealtPlayer": 8038,
      "physicalDamageTaken": 23627,
      "magicDamageTaken": 8246,
      "timePlayed": 2169,
      "totalHeal": 3474,
      "totalUnitsHealed": 1,
      "assists": 6,
      "item0": 3153,
      "item1": 3117,
      "item2": 3207,
      "item3": 3065,
      "item4": 1011,
      "item6": 3341,
      "magicDamageDealtToChampions": 45,
      "physicalDamageDealtToChampions": 11207,
      "totalDamageDealtToChampions": 12813,
      "trueDamageDealtPlayer": 17814,
      "trueDamageDealtToChampions": 1560,
      "trueDamageTaken": 759,
      "wardKilled": 1,
      "neutralMinionsKilledYourJungle": 65,
      "totalTimeCrowdControlDealt": 716
    }
  },
  "38520321": {
    "gameId": 818168864,
    "invalid": false,
    "gameMode": "CLASSIC",
    "gameType": "MATCHED_GAME",
    "subType": "RANKED_SOLO_5x5",
    "mapId": 1,
    "teamId": 200,
    "championId": 43,
    "spell1": 3,
    "spell2": 4,
    "level": 30,
    "ipEarned": 67,
    "createDate": 1398243132833,
    "fellowPlayers": [
      {
        "summonerId": 32493032,
        "teamId": 100,
        "championId": 17
      },
      {
        "summonerId": 29964746,
        "teamId": 100,
        "championId": 29
      },
      {
        "summonerId": 30756090,
        "teamId": 100,
        "championId": 24
      },
      {
        "summonerId": 33334251,
        "teamId": 200,
        "championId": 154
      },
      {
        "summonerId": 32998381,
        "teamId": 100,
        "championId": 121
      },
      {
        "summonerId": 36048304,
        "teamId": 200,
        "championId": 119
      },
      {
        "summonerId": 38378211,
        "teamId": 200,
        "championId": 55
      },
      {
        "summonerId": 21374121,
        "teamId": 200,
        "championId": 77
      },
      {
        "summonerId": 40016154,
        "teamId": 100,
        "championId": 25
      }
    ],
    "stats": {
      "level": 15,
      "goldEarned": 9506,
      "numDeaths": 10,
      "minionsKilled": 53,
      "championsKilled": 3,
      "goldSpent": 8350,
      "totalDamageDealt": 53746,
      "totalDamageTaken": 21393,
      "team": 200,
      "win": false,
      "largestMultiKill": 1,
      "physicalDamageDealtPlayer": 4415,
      "magicDamageDealtPlayer": 49331,
      "physicalDamageTaken": 12706,
      "magicDamageTaken": 6981,
      "timePlayed": 2169,
      "totalHeal": 770,
      "totalUnitsHealed": 1,
      "assists": 7,
      "item0": 3092,
      "item1": 2049,
      "item2": 3020,
      "item4": 3041,
      "item5": 3174,
      "item6": 3340,
      "visionWardsBought": 1,
      "magicDamageDealtToChampions": 13991,
      "physicalDamageDealtToChampions": 755,
      "totalDamageDealtToChampions": 14747,
      "trueDamageTaken": 1705,
      "wardKilled": 1,
      "wardPlaced": 12,
      "totalTimeCrowdControlDealt": 363
    }
  },
  "36048304": {
    "gameId": 818168864,
    "invalid": false,
    "gameMode": "CLASSIC",
    "gameType": "MATCHED_GAME",
    "subType": "RANKED_SOLO_5x5",
    "mapId": 1,
    "teamId": 200,
    "championId": 119,
    "spell1": 7,
    "spell2": 4,
    "level": 30,
    "ipEarned": 67,
    "createDate": 1398243132834,
    "fellowPlayers": [
      {
        "summonerId": 32493032,
        "teamId": 100,
        "championId": 17
      },
      {
        "summonerId": 29964746,
        "teamId": 100,
        "championId": 29
      },
      {
        "summonerId": 30756090,
        "teamId": 100,
        "championId": 24
      },
      {
        "summonerId": 33334251,
        "teamId": 200,
        "championId": 154
      },
      {
        "summonerId": 32998381,
        "teamId": 100,
        "championId": 121
      },
      {
        "summonerId": 38520321,
        "teamId": 200,
        "championId": 43
      },
      {
        "summonerId": 38378211,
        "teamId": 200,
        "championId": 55
      },
      {
        "summonerId": 21374121,
        "teamId": 200,
        "championId": 77
      },
      {
        "summonerId": 40016154,
        "teamId": 100,
        "championId": 25
      }
    ],
    "stats": {
      "level": 15,
      "goldEarned": 11308,
      "numDeaths": 9,
      "minionsKilled": 161,
      "championsKilled": 7,
      "goldSpent": 11760,
      "totalDamageDealt": 109261,
      "totalDamageTaken": 23896,
      "doubleKills": 1,
      "tripleKills": 1,
      "killingSprees": 1,
      "largestKillingSpree": 3,
      "team": 200,
      "win": false,
      "neutralMinionsKilled": 2,
      "largestMultiKill": 3,
      "physicalDamageDealtPlayer": 107515,
      "physicalDamageTaken": 14585,
      "magicDamageTaken": 7242,
      "largestCriticalStrike": 766,
      "timePlayed": 2169,
      "totalHeal": 2933,
      "totalUnitsHealed": 2,
      "assists": 2,
      "item0": 1055,
      "item1": 3072,
      "item2": 2003,
      "item3": 3006,
      "item4": 3046,
      "item5": 3071,
      "item6": 3340,
      "physicalDamageDealtToChampions": 11124,
      "totalDamageDealtToChampions": 11358,
      "trueDamageDealtPlayer": 1746,
      "trueDamageDealtToChampions": 234,
      "trueDamageTaken": 2068,
      "wardPlaced": 6,
      "neutralMinionsKilledYourJungle": 2,
      "totalTimeCrowdControlDealt": 459
    }
  },
  "38378211": {
    "gameId": 818168864,
    "invalid": false,
    "gameMode": "CLASSIC",
    "gameType": "MATCHED_GAME",
    "subType": "RANKED_SOLO_5x5",
    "mapId": 1,
    "teamId": 200,
    "championId": 55,
    "spell1": 4,
    "spell2": 14,
    "level": 30,
    "ipEarned": 67,
    "createDate": 1398243132830,
    "fellowPlayers": [
      {
        "summonerId": 32493032,
        "teamId": 100,
        "championId": 17
      },
      {
        "summonerId": 29964746,
        "teamId": 100,
        "championId": 29
      },
      {
        "summonerId": 30756090,
        "teamId": 100,
        "championId": 24
      },
      {
        "summonerId": 33334251,
        "teamId": 200,
        "championId": 154
      },
      {
        "summonerId": 32998381,
        "teamId": 100,
        "championId": 121
      },
      {
        "summonerId": 36048304,
        "teamId": 200,
        "championId": 119
      },
      {
        "summonerId": 38520321,
        "teamId": 200,
        "championId": 43
      },
      {
        "summonerId": 21374121,
        "teamId": 200,
        "championId": 77
      },
      {
        "summonerId": 40016154,
        "teamId": 100,
        "championId": 25
      }
    ],
    "stats": {
      "level": 16,
      "goldEarned": 10290,
      "numDeaths": 10,
      "minionsKilled": 158,
      "championsKilled": 4,
      "goldSpent": 10280,
      "totalDamageDealt": 97797,
      "totalDamageTaken": 31391,
      "team": 200,
      "win": false,
      "largestMultiKill": 1,
      "physicalDamageDealtPlayer": 9413,
      "magicDamageDealtPlayer": 87718,
      "physicalDamageTaken": 16945,
      "magicDamageTaken": 12571,
      "timePlayed": 2169,
      "totalHeal": 1283,
      "totalUnitsHealed": 1,
      "assists": 11,
      "item0": 3146,
      "item1": 3020,
      "item2": 3116,
      "item3": 1026,
      "item4": 1058,
      "item5": 2010,
      "item6": 3340,
      "magicDamageDealtToChampions": 20203,
      "physicalDamageDealtToChampions": 935,
      "totalDamageDealtToChampions": 21804,
      "trueDamageDealtPlayer": 666,
      "trueDamageDealtToChampions": 666,
      "trueDamageTaken": 1873,
      "wardPlaced": 4,
      "totalTimeCrowdControlDealt": 456
    }
  },
  "32493032": {
    "gameId": 818168864,
    "invalid": false,
    "gameMode": "CLASSIC",
    "gameType": "MATCHED_GAME",
    "subType": "RANKED_SOLO_5x5",
    "mapId": 1,
    "teamId": 100,
    "championId": 17,
    "spell1": 14,
    "spell2": 4,
    "level": 30,
    "ipEarned": 251,
    "createDate": 1398243132824,
    "fellowPlayers": [
      {
        "summonerId": 29964746,
        "teamId": 100,
        "championId": 29
      },
      {
        "summonerId": 30756090,
        "teamId": 100,
        "championId": 24
      },
      {
        "summonerId": 33334251,
        "teamId": 200,
        "championId": 154
      },
      {
        "summonerId": 32998381,
        "teamId": 100,
        "championId": 121
      },
      {
        "summonerId": 36048304,
        "teamId": 200,
        "championId": 119
      },
      {
        "summonerId": 38520321,
        "teamId": 200,
        "championId": 43
      },
      {
        "summonerId": 38378211,
        "teamId": 200,
        "championId": 55
      },
      {
        "summonerId": 21374121,
        "teamId": 200,
        "championId": 77
      },
      {
        "summonerId": 40016154,
        "teamId": 100,
        "championId": 25
      }
    ],
    "stats": {
      "level": 16,
      "goldEarned": 12403,
      "numDeaths": 4,
      "turretsKilled": 2,
      "minionsKilled": 172,
      "championsKilled": 6,
      "goldSpent": 10935,
      "totalDamageDealt": 127683,
      "totalDamageTaken": 19342,
      "killingSprees": 2,
      "largestKillingSpree": 3,
      "team": 100,
      "win": true,
      "neutralMinionsKilled": 5,
      "largestMultiKill": 1,
      "physicalDamageDealtPlayer": 31427,
      "magicDamageDealtPlayer": 94767,
      "physicalDamageTaken": 10156,
      "magicDamageTaken": 8578,
      "timePlayed": 2169,
      "totalHeal": 262,
      "totalUnitsHealed": 1,
      "assists": 4,
      "item0": 3020,
      "item1": 3151,
      "item2": 3100,
      "item3": 3116,
      "item4": 1026,
      "item6": 3340,
      "magicDamageDealtToChampions": 18433,
      "physicalDamageDealtToChampions": 2289,
      "totalDamageDealtToChampions": 22210,
      "trueDamageDealtPlayer": 1488,
      "trueDamageDealtToChampions": 1488,
      "trueDamageTaken": 608,
      "wardPlaced": 38,
      "neutralMinionsKilledEnemyJungle": 5,
      "totalTimeCrowdControlDealt": 640
    }
  },
  "30756090": {
    "gameId": 818168864,
    "invalid": false,
    "gameMode": "CLASSIC",
    "gameType": "MATCHED_GAME",
    "subType": "RANKED_SOLO_5x5",
    "mapId": 1,
    "teamId": 100,
    "championId": 24,
    "spell1": 4,
    "spell2": 14,
    "level": 30,
    "ipEarned": 101,
    "createDate": 1398243132826,
    "fellowPlayers": [
      {
        "summonerId": 32493032,
        "teamId": 100,
        "championId": 17
      },
      {
        "summonerId": 29964746,
        "teamId": 100,
        "championId": 29
      },
      {
        "summonerId": 33334251,
        "teamId": 200,
        "championId": 154
      },
      {
        "summonerId": 32998381,
        "teamId": 100,
        "championId": 121
      },
      {
        "summonerId": 36048304,
        "teamId": 200,
        "championId": 119
      },
      {
        "summonerId": 38520321,
        "teamId": 200,
        "championId": 43
      },
      {
        "summonerId": 38378211,
        "teamId": 200,
        "championId": 55
      },
      {
        "summonerId": 21374121,
        "teamId": 200,
        "championId": 77
      },
      {
        "summonerId": 40016154,
        "teamId": 100,
        "championId": 25
      }
    ],
    "stats": {
      "level": 18,
      "goldEarned": 15351,
      "numDeaths": 5,
      "barracksKilled": 1,
      "turretsKilled": 4,
      "minionsKilled": 190,
      "championsKilled": 10,
      "goldSpent": 15723,
      "totalDamageDealt": 171923,
      "totalDamageTaken": 40832,
      "doubleKills": 2,
      "killingSprees": 3,
      "largestKillingSpree": 6,
      "team": 100,
      "win": true,
      "neutralMinionsKilled": 21,
      "largestMultiKill": 2,
      "physicalDamageDealtPlayer": 135501,
      "magicDamageDealtPlayer": 34433,
      "physicalDamageTaken": 22321,
      "magicDamageTaken": 17500,
      "largestCriticalStrike": 409,
      "timePlayed": 2169,
      "totalHeal": 6236,
      "totalUnitsHealed": 1,
      "assists": 7,
      "item0": 3153,
      "item1": 3260,
      "item2": 3078,
      "item3": 3143,
      "item5": 3124,
      "item6": 3340,
      "sightWardsBought": 2,
      "magicDamageDealtToChampions": 7083,
      "physicalDamageDealtToChampions": 21036,
      "totalDamageDealtToChampions": 29703,
      "trueDamageDealtPlayer": 1987,
      "trueDamageDealtToChampions": 1583,
      "trueDamageTaken": 1010,
      "wardPlaced": 8,
      "neutralMinionsKilledEnemyJungle": 15,
      "neutralMinionsKilledYourJungle": 6,
      "totalTimeCrowdControlDealt": 549
    }
  },
  "32998381": {
    "gameId": 818168864,
    "invalid": false,
    "gameMode": "CLASSIC",
    "gameType": "MATCHED_GAME",
    "subType": "RANKED_SOLO_5x5",
    "mapId": 1,
    "teamId": 100,
    "championId": 121,
    "spell1": 11,
    "spell2": 4,
    "level": 30,
    "ipEarned": 251,
    "createDate": 1398243132827,
    "fellowPlayers": [
      {
        "summonerId": 32493032,
        "teamId": 100,
        "championId": 17
      },
      {
        "summonerId": 29964746,
        "teamId": 100,
        "championId": 29
      },
      {
        "summonerId": 30756090,
        "teamId": 100,
        "championId": 24
      },
      {
        "summonerId": 33334251,
        "teamId": 200,
        "championId": 154
      },
      {
        "summonerId": 36048304,
        "teamId": 200,
        "championId": 119
      },
      {
        "summonerId": 38520321,
        "teamId": 200,
        "championId": 43
      },
      {
        "summonerId": 38378211,
        "teamId": 200,
        "championId": 55
      },
      {
        "summonerId": 21374121,
        "teamId": 200,
        "championId": 77
      },
      {
        "summonerId": 40016154,
        "teamId": 100,
        "championId": 25
      }
    ],
    "stats": {
      "level": 17,
      "goldEarned": 13142,
      "numDeaths": 4,
      "barracksKilled": 1,
      "minionsKilled": 47,
      "championsKilled": 7,
      "goldSpent": 12610,
      "totalDamageDealt": 146040,
      "totalDamageTaken": 27126,
      "killingSprees": 2,
      "largestKillingSpree": 3,
      "team": 100,
      "win": true,
      "neutralMinionsKilled": 89,
      "largestMultiKill": 1,
      "physicalDamageDealtPlayer": 128015,
      "magicDamageDealtPlayer": 1849,
      "physicalDamageTaken": 14898,
      "magicDamageTaken": 11685,
      "timePlayed": 2169,
      "totalHeal": 9722,
      "totalUnitsHealed": 1,
      "assists": 7,
      "item0": 3209,
      "item1": 3074,
      "item2": 3071,
      "item3": 3035,
      "item4": 1031,
      "item5": 3117,
      "item6": 3340,
      "magicDamageDealtToChampions": 1173,
      "physicalDamageDealtToChampions": 18243,
      "totalDamageDealtToChampions": 21126,
      "trueDamageDealtPlayer": 16175,
      "trueDamageDealtToChampions": 1709,
      "trueDamageTaken": 542,
      "wardPlaced": 3,
      "neutralMinionsKilledEnemyJungle": 18,
      "neutralMinionsKilledYourJungle": 71,
      "totalTimeCrowdControlDealt": 552
    }
  }
}