{
  "31169061": {
    "gameId": 818160365,
    "invalid": false,
    "gameMode": "CLASSIC",
    "gameType": "MATCHED_GAME",
    "subType": "RANKED_SOLO_5x5",
    "mapId": 1,
    "teamId": 200,
    "championId": 76,
    "spell1": 14,
    "spell2": 4,
    "level": 30,
    "ipEarned": 72,
    "createDate": 1398243057844,
    "fellowPlayers": [
      {
        "summonerId": 24344470,
        "teamId": 100,
        "championId": 104
      },
      {
        "summonerId": 26033828,
        "teamId": 100,
        "championId": 84
      },
      {
        "summonerId": 30971216,
        "teamId": 200,
        "championId": 119
      },
      {
        "summonerId": 22450226,
        "teamId": 100,
        "championId": 24
      },
      {
        "summonerId": 34809102,
        "teamId": 200,
        "championId": 122
      },
      {
        "summonerId": 27476742,
        "teamId": 100,
        "championId": 11
      },
      {
        "summonerId": 36087961,
        "teamId": 200,
        "championId": 55
      },
      {
        "summonerId": 25830410,
        "teamId": 200,
        "championId": 77
      },
      {
        "summonerId": 36915120,
        "teamId": 100,
        "championId": 412
      }
    ],
    "stats": {
      "level": 17,
      "goldEarned": 13906,
      "numDeaths": 11,
      "turretsKilled": 1,
      "minionsKilled": 164,
      "championsKilled": 8,
      "goldSpent": 13470,
      "totalDamageDealt": 135255,
      "totalDamageTaken": 27927,
      "killingSprees": 3,
      "largestKillingSpree": 2,
      "team": 200,
      "win": false,
      "neutralMinionsKilled": 7,
      "largestMultiKill": 1,
      "physicalDamageDealtPlayer": 28666,
      "magicDamageDealtPlayer": 105436,
      "physicalDamageTaken": 15358,
      "magicDamageTaken": 11235,
      "timePlayed": 2413,
      "totalHeal": 8323,
      "totalUnitsHealed": 5,
      "assists": 12,
      "item0": 2041,
      "item1": 3174,
      "item2": 3157,
      "item3": 3089,
      "item4": 3135,
      "item5": 3020,
      "item6": 3340,
      "sightWardsBought": 1,
      "magicDamageDealtToChampions": 23223,
      "physicalDamageDealtToChampions": 2768,
      "totalDamageDealtToChampions": 27087,
      "trueDamageDealtPlayer": 1151,
      "trueDamageDealtToChampions": 1095,
      "trueDamageTaken": 1333,
      "wardPlaced": 5,
      "neutralMinionsKilledEnemyJungle": 3,
      "neutralMinionsKilledYourJungle": 4,
      "totalTimeCrowdControlDealt": 51
    }
  },
  "summonerCount": 10,
  "25830410": {
    "gameId": 818160365,
    "invalid": false,
    "gameMode": "CLASSIC",
    "gameType": "MATCHED_GAME",
    "subType": "RANKED_SOLO_5x5",
    "mapId": 1,
    "teamId": 200,
    "championId": 77,
    "spell1": 11,
    "spell2": 4,
    "level": 30,
    "ipEarned": 72,
    "createDate": 1398243057842,
    "fellowPlayers": [
      {
        "summonerId": 24344470,
        "teamId": 100,
        "championId": 104
      },
      {
        "summonerId": 26033828,
        "teamId": 100,
        "championId": 84
      },
      {
        "summonerId": 30971216,
        "teamId": 200,
        "championId": 119
      },
      {
        "summonerId": 22450226,
        "teamId": 100,
        "championId": 24
      },
      {
        "summonerId": 34809102,
        "teamId": 200,
        "championId": 122
      },
      {
        "summonerId": 27476742,
        "teamId": 100,
        "championId": 11
      },
      {
        "summonerId": 36087961,
        "teamId": 200,
        "championId": 55
      },
      {
        "summonerId": 36915120,
        "teamId": 100,
        "championId": 412
      },
      {
        "summonerId": 31169061,
        "teamId": 200,
        "championId": 76
      }
    ],
    "stats": {
      "level": 18,
      "goldEarned": 17740,
      "numDeaths": 3,
      "turretsKilled": 1,
      "minionsKilled": 59,
      "championsKilled": 5,
      "goldSpent": 16073,
      "totalDamageDealt": 403146,
      "totalDamageTaken": 39771,
      "killingSprees": 1,
      "largestKillingSpree": 4,
      "team": 200,
      "win": false,
      "neutralMinionsKilled": 223,
      "largestMultiKill": 1,
      "physicalDamageDealtPlayer": 134623,
      "magicDamageDealtPlayer": 240219,
      "physicalDamageTaken": 33196,
      "magicDamageTaken": 5053,
      "largestCriticalStrike": 620,
      "timePlayed": 2413,
      "totalHeal": 17162,
      "totalUnitsHealed": 1,
      "assists": 9,
      "item0": 3153,
      "item1": 3160,
      "item2": 3269,
      "item3": 3078,
      "item4": 3102,
      "item5": 3068,
      "item6": 3340,
      "sightWardsBought": 3,
      "magicDamageDealtToChampions": 8853,
      "physicalDamageDealtToChampions": 13112,
      "totalDamageDealtToChampions": 23014,
      "trueDamageDealtPlayer": 28302,
      "trueDamageDealtToChampions": 1048,
      "trueDamageTaken": 1521,
      "wardKilled": 1,
      "wardPlaced": 11,
      "neutralMinionsKilledEnemyJungle": 27,
      "neutralMinionsKilledYourJungle": 196,
      "totalTimeCrowdControlDealt": 883
    }
  },
  "26033828": {
    "gameId": 818160365,
    "invalid": false,
    "gameMode": "CLASSIC",
    "gameType": "MATCHED_GAME",
    "subType": "RANKED_SOLO_5x5",
    "mapId": 1,
    "teamId": 100,
    "championId": 84,
    "spell1": 14,
    "spell2": 4,
    "level": 30,
    "ipEarned": 110,
    "createDate": 1398243057838,
    "fellowPlayers": [
      {
        "summonerId": 24344470,
        "teamId": 100,
        "championId": 104
      },
      {
        "summonerId": 30971216,
        "teamId": 200,
        "championId": 119
      },
      {
        "summonerId": 22450226,
        "teamId": 100,
        "championId": 24
      },
      {
        "summonerId": 34809102,
        "teamId": 200,
        "championId": 122
      },
      {
        "summonerId": 27476742,
        "teamId": 100,
        "championId": 11
      },
      {
        "summonerId": 36087961,
        "teamId": 200,
        "championId": 55
      },
      {
        "summonerId": 25830410,
        "teamId": 200,
        "championId": 77
      },
      {
        "summonerId": 36915120,
        "teamId": 100,
        "championId": 412
      },
      {
        "summonerId": 31169061,
        "teamId": 200,
        "championId": 76
      }
    ],
    "stats": {
      "level": 17,
      "goldEarned": 15553,
      "numDeaths": 12,
      "barracksKilled": 1,
      "minionsKilled": 113,
      "championsKilled": 17,
      "goldSpent": 15005,
      "totalDamageDealt": 116424,
      "totalDamageTaken": 36395,
      "doubleKills": 3,
      "killingSprees": 5,
      "largestKillingSpree": 4,
      "team": 100,
      "win": true,
      "neutralMinionsKilled": 13,
      "largestMultiKill": 2,
      "physicalDamageDealtPlayer": 55308,
      "magicDamageDealtPlayer": 59592,
      "physicalDamageTaken": 15216,
      "magicDamageTaken": 19520,
      "timePlayed": 2413,
      "totalHeal": 293,
      "totalUnitsHealed": 1,
      "assists": 16,
      "item0": 3146,
      "item1": 3111,
      "item2": 3100,
      "item3": 3001,
      "item4": 3089,
      "item6": 3340,
      "magicDamageDealtToChampions": 22780,
      "physicalDamageDealtToChampions": 7260,
      "totalDamageDealtToChampions": 31330,
      "trueDamageDealtPlayer": 1524,
      "trueDamageDealtToChampions": 1290,
      "trueDamageTaken": 1657,
      "wardPlaced": 7,
      "neutralMinionsKilledYourJungle": 13,
      "totalTimeCrowdControlDealt": 697
    }
  },
  "27476742": {
    "gameId": 818160365,
    "invalid": false,
    "gameMode": "CLASSIC",
    "gameType": "MATCHED_GAME",
    "subType": "RANKED_SOLO_5x5",
    "mapId": 1,
    "teamId": 100,
    "championId": 11,
    "spell1": 11,
    "spell2": 4,
    "level": 30,
    "ipEarned": 110,
    "createDate": 1398243057836,
    "fellowPlayers": [
      {
        "summonerId": 24344470,
        "teamId": 100,
        "championId": 104
      },
      {
        "summonerId": 26033828,
        "teamId": 100,
        "championId": 84
      },
      {
        "summonerId": 30971216,
        "teamId": 200,
        "championId": 119
      },
      {
        "summonerId": 22450226,
        "teamId": 100,
        "championId": 24
      },
      {
        "summonerId": 34809102,
        "teamId": 200,
        "championId": 122
      },
      {
        "summonerId": 36087961,
        "teamId": 200,
        "championId": 55
      },
      {
        "summonerId": 25830410,
        "teamId": 200,
        "championId": 77
      },
      {
        "summonerId": 36915120,
        "teamId": 100,
        "championId": 412
      },
      {
        "summonerId": 31169061,
        "teamId": 200,
        "championId": 76
      }
    ],
    "stats": {
      "level": 18,
      "goldEarned": 16876,
      "numDeaths": 7,
      "barracksKilled": 2,
      "turretsKilled": 3,
      "minionsKilled": 138,
      "championsKilled": 8,
      "goldSpent": 14045,
      "totalDamageDealt": 244693,
      "totalDamageTaken": 34157,
      "killingSprees": 2,
      "largestKillingSpree": 3,
      "team": 100,
      "win": true,
      "neutralMinionsKilled": 89,
      "largestMultiKill": 1,
      "physicalDamageDealtPlayer": 180656,
      "magicDamageDealtPlayer": 46156,
      "physicalDamageTaken": 19493,
      "magicDamageTaken": 12532,
      "largestCriticalStrike": 825,
      "timePlayed": 2413,
      "totalHeal": 7790,
      "totalUnitsHealed": 1,
      "assists": 18,
      "item0": 3142,
      "item1": 3153,
      "item2": 3160,
      "item3": 1038,
      "item4": 3087,
      "item5": 3250,
      "item6": 3364,
      "visionWardsBought": 2,
      "magicDamageDealtToChampions": 2018,
      "physicalDamageDealtToChampions": 18999,
      "totalDamageDealtToChampions": 24505,
      "trueDamageDealtPlayer": 17880,
      "trueDamageDealtToChampions": 3488,
      "trueDamageTaken": 2130,
      "wardKilled": 1,
      "wardPlaced": 10,
      "neutralMinionsKilledEnemyJungle": 12,
      "neutralMinionsKilledYourJungle": 77,
      "totalTimeCrowdControlDealt": 383
    }
  },
  "22450226": {
    "gameId": 818160365,
    "invalid": false,
    "gameMode": "CLASSIC",
    "gameType": "MATCHED_GAME",
    "subType": "RANKED_SOLO_5x5",
    "mapId": 1,
    "teamId": 100,
    "championId": 24,
    "spell1": 14,
    "spell2": 4,
    "level": 30,
    "ipEarned": 110,
    "createDate": 1398243057839,
    "fellowPlayers": [
      {
        "summonerId": 24344470,
        "teamId": 100,
        "championId": 104
      },
      {
        "summonerId": 26033828,
        "teamId": 100,
        "championId": 84
      },
      {
        "summonerId": 30971216,
        "teamId": 200,
        "championId": 119
      },
      {
        "summonerId": 34809102,
        "teamId": 200,
        "championId": 122
      },
      {
        "summonerId": 27476742,
        "teamId": 100,
        "championId": 11
      },
      {
        "summonerId": 36087961,
        "teamId": 200,
        "championId": 55
      },
      {
        "summonerId": 25830410,
        "teamId": 200,
        "championId": 77
      },
      {
        "summonerId": 36915120,
        "teamId": 100,
        "championId": 412
      },
      {
        "summonerId": 31169061,
        "teamId": 200,
        "championId": 76
      }
    ],
    "stats": {
      "level": 18,
      "goldEarned": 13719,
      "numDeaths": 6,
      "turretsKilled": 1,
      "minionsKilled": 160,
      "championsKilled": 9,
      "goldSpent": 11708,
      "totalDamageDealt": 135063,
      "totalDamageTaken": 30940,
      "doubleKills": 1,
      "killingSprees": 2,
      "largestKillingSpree": 5,
      "team": 100,
      "win": true,
      "neutralMinionsKilled": 21,
      "largestMultiKill": 2,
      "physicalDamageDealtPlayer": 110188,
      "magicDamageDealtPlayer": 23317,
      "physicalDamageTaken": 12834,
      "magicDamageTaken": 16160,
      "largestCriticalStrike": 569,
      "timePlayed": 2413,
      "totalHeal": 3465,
      "totalUnitsHealed": 1,
      "assists": 11,
      "item0": 3260,
      "item1": 3153,
      "item2": 1055,
      "item3": 3078,
      "item4": 3026,
      "item6": 3340,
      "magicDamageDealtToChampions": 5243,
      "physicalDamageDealtToChampions": 17384,
      "totalDamageDealtToChampions": 23710,
      "trueDamageDealtPlayer": 1558,
      "trueDamageDealtToChampions": 1082,
      "trueDamageTaken": 1944,
      "wardPlaced": 9,
      "neutralMinionsKilledEnemyJungle": 1,
      "neutralMinionsKilledYourJungle": 20,
      "totalTimeCrowdControlDealt": 316
    }
  },
  "36087961": {
    "gameId": 818160365,
    "invalid": false,
    "gameMode": "CLASSIC",
    "gameType": "MATCHED_GAME",
    "subType": "RANKED_SOLO_5x5",
    "mapId": 1,
    "teamId": 200,
    "championId": 55,
    "spell1": 4,
    "spell2": 14,
    "level": 30,
    "ipEarned": 72,
    "createDate": 1398243057843,
    "fellowPlayers": [
      {
        "summonerId": 24344470,
        "teamId": 100,
        "championId": 104
      },
      {
        "summonerId": 26033828,
        "teamId": 100,
        "championId": 84
      },
      {
        "summonerId": 30971216,
        "teamId": 200,
        "championId": 119
      },
      {
        "summonerId": 22450226,
        "teamId": 100,
        "championId": 24
      },
      {
        "summonerId": 34809102,
        "teamId": 200,
        "championId": 122
      },
      {
        "summonerId": 27476742,
        "teamId": 100,
        "championId": 11
      },
      {
        "summonerId": 25830410,
        "teamId": 200,
        "championId": 77
      },
      {
        "summonerId": 36915120,
        "teamId": 100,
        "championId": 412
      },
      {
        "summonerId": 31169061,
        "teamId": 200,
        "championId": 76
      }
    ],
    "stats": {
      "level": 18,
      "goldEarned": 14359,
      "numDeaths": 16,
      "turretsKilled": 1,
      "minionsKilled": 124,
      "championsKilled": 14,
      "goldSpent": 14545,
      "totalDamageDealt": 122870,
      "totalDamageTaken": 33723,
      "doubleKills": 2,
      "killingSprees": 4,
      "largestKillingSpree": 3,
      "team": 200,
      "win": false,
      "largestMultiKill": 2,
      "physicalDamageDealtPlayer": 10312,
      "magicDamageDealtPlayer": 111253,
      "physicalDamageTaken": 21578,
      "magicDamageTaken": 11010,
      "timePlayed": 2413,
      "totalHeal": 973,
      "totalUnitsHealed": 1,
      "assists": 10,
      "item0": 3089,
      "item1": 3135,
      "item2": 3001,
      "item3": 3255,
      "item4": 3151,
      "item5": 1052,
      "item6": 3340,
      "sightWardsBought": 2,
      "magicDamageDealtToChampions": 40933,
      "physicalDamageDealtToChampions": 1222,
      "totalDamageDealtToChampions": 43334,
      "trueDamageDealtPlayer": 1304,
      "trueDamageDealtToChampions": 1178,
      "trueDamageTaken": 1134,
      "wardPlaced": 10,
      "totalTimeCrowdControlDealt": 13
    }
  },
  "34809102": {
    "gameId": 818160365,
    "invalid": false,
    "gameMode": "CLASSIC",
    "gameType": "MATCHED_GAME",
    "subType": "RANKED_SOLO_5x5",
    "mapId": 1,
    "teamId": 200,
    "championId": 122,
    "spell1": 4,
    "spell2": 14,
    "level": 30,
    "ipEarned": 72,
    "createDate": 1398243057841,
    "fellowPlayers": [
      {
        "summonerId": 24344470,
        "teamId": 100,
        "championId": 104
      },
      {
        "summonerId": 26033828,
        "teamId": 100,
        "championId": 84
      },
      {
        "summonerId": 30971216,
        "teamId": 200,
        "championId": 119
      },
      {
        "summonerId": 22450226,
        "teamId": 100,
        "championId": 24
      },
      {
        "summonerId": 27476742,
        "teamId": 100,
        "championId": 11
      },
      {
        "summonerId": 36087961,
        "teamId": 200,
        "championId": 55
      },
      {
        "summonerId": 25830410,
        "teamId": 200,
        "championId": 77
      },
      {
        "summonerId": 36915120,
        "teamId": 100,
        "championId": 412
      },
      {
        "summonerId": 31169061,
        "teamId": 200,
        "championId": 76
      }
    ],
    "stats": {
      "level": 17,
      "goldEarned": 11155,
      "numDeaths": 9,
      "turretsKilled": 1,
      "minionsKilled": 133,
      "championsKilled": 5,
      "goldSpent": 10200,
      "totalDamageDealt": 90038,
      "totalDamageTaken": 32762,
      "killingSprees": 2,
      "largestKillingSpree": 2,
      "team": 200,
      "win": false,
      "largestMultiKill": 1,
      "physicalDamageDealtPlayer": 80336,
      "magicDamageDealtPlayer": 5217,
      "physicalDamageTaken": 21944,
      "magicDamageTaken": 9269,
      "timePlayed": 2413,
      "totalHeal": 614,
      "totalUnitsHealed": 1,
      "assists": 9,
      "item0": 3022,
      "item1": 3047,
      "item2": 3155,
      "item3": 3082,
      "item4": 1037,
      "item5": 3140,
      "item6": 3340,
      "magicDamageDealtToChampions": 1542,
      "physicalDamageDealtToChampions": 11117,
      "totalDamageDealtToChampions": 17016,
      "trueDamageDealtPlayer": 4484,
      "trueDamageDealtToChampions": 4356,
      "trueDamageTaken": 1548,
      "wardPlaced": 3,
      "totalTimeCrowdControlDealt": 313
    }
  },
  "24344470": {
    "gameId": 818160365,
    "invalid": false,
    "gameMode": "CLASSIC",
    "gameType": "MATCHED_GAME",
    "subType": "RANKED_SOLO_5x5",
    "mapId": 1,
    "teamId": 100,
    "championId": 104,
    "spell1": 4,
    "spell2": 7,
    "level": 30,
    "ipEarned": 110,
    "createDate": 1398243057840,
    "fellowPlayers": [
      {
        "summonerId": 26033828,
        "teamId": 100,
        "championId": 84
      },
      {
        "summonerId": 30971216,
        "teamId": 200,
        "championId": 119
      },
      {
        "summonerId": 22450226,
        "teamId": 100,
        "championId": 24
      },
      {
        "summonerId": 34809102,
        "teamId": 200,
        "championId": 122
      },
      {
        "summonerId": 27476742,
        "teamId": 100,
        "championId": 11
      },
      {
        "summonerId": 36087961,
        "teamId": 200,
        "championId": 55
      },
      {
        "summonerId": 25830410,
        "teamId": 200,
        "championId": 77
      },
      {
        "summonerId": 36915120,
        "teamId": 100,
        "championId": 412
      },
      {
        "summonerId": 31169061,
        "teamId": 200,
        "championId": 76
      }
    ],
    "stats": {
      "level": 18,
      "goldEarned": 17352,
      "numDeaths": 6,
      "turretsKilled": 5,
      "minionsKilled": 230,
      "championsKilled": 11,
      "goldSpent": 15125,
      "totalDamageDealt": 226222,
      "totalDamageTaken": 30844,
      "doubleKills": 1,
      "killingSprees": 4,
      "largestKillingSpree": 3,
      "team": 100,
      "win": true,
      "neutralMinionsKilled": 29,
      "largestMultiKill": 2,
      "physicalDamageDealtPlayer": 222665,
      "magicDamageDealtPlayer": 1468,
      "physicalDamageTaken": 16960,
      "magicDamageTaken": 12578,
      "largestCriticalStrike": 902,
      "timePlayed": 2413,
      "totalHeal": 4122,
      "totalUnitsHealed": 5,
      "assists": 16,
      "item0": 3072,
      "item1": 3250,
      "item2": 3031,
      "item3": 3046,
      "item4": 3035,
      "item5": 1031,
      "item6": 3340,
      "magicDamageDealtToChampions": 848,
      "physicalDamageDealtToChampions": 25496,
      "totalDamageDealtToChampions": 26859,
      "trueDamageDealtPlayer": 2088,
      "trueDamageDealtToChampions": 514,
      "trueDamageTaken": 1304,
      "wardPlaced": 7,
      "neutralMinionsKilledEnemyJungle": 2,
      "neutralMinionsKilledYourJungle": 27,
      "totalTimeCrowdControlDealt": 327
    }
  },
  "30971216": {
    "gameId": 818160365,
    "invalid": false,
    "gameMode": "CLASSIC",
    "gameType": "MATCHED_GAME",
    "subType": "RANKED_SOLO_5x5",
    "mapId": 1,
    "teamId": 200,
    "championId": 119,
    "spell1": 4,
    "spell2": 21,
    "level": 30,
    "ipEarned": 72,
    "createDate": 1398243057845,
    "fellowPlayers": [
      {
        "summonerId": 24344470,
        "teamId": 100,
        "championId": 104
      },
      {
        "summonerId": 26033828,
        "teamId": 100,
        "championId": 84
      },
      {
        "summonerId": 22450226,
        "teamId": 100,
        "championId": 24
      },
      {
        "summonerId": 34809102,
        "teamId": 200,
        "championId": 122
      },
      {
        "summonerId": 27476742,
        "teamId": 100,
        "championId": 11
      },
      {
        "summonerId": 36087961,
        "teamId": 200,
        "championId": 55
      },
      {
        "summonerId": 25830410,
        "teamId": 200,
        "championId": 77
      },
      {
        "summonerId": 36915120,
        "teamId": 100,
        "championId": 412
      },
      {
        "summonerId": 31169061,
        "teamId": 200,
        "championId": 76
      }
    ],
    "stats": {
      "level": 17,
      "goldEarned": 12000,
      "numDeaths": 9,
      "minionsKilled": 172,
      "championsKilled": 3,
      "goldSpent": 12220,
      "totalDamageDealt": 137924,
      "totalDamageTaken": 26571,
      "doubleKills": 1,
      "killingSprees": 1,
      "largestKillingSpree": 2,
      "team": 200,
      "win": false,
      "neutralMinionsKilled": 21,
      "largestMultiKill": 2,
      "physicalDamageDealtPlayer": 137890,
      "physicalDamageTaken": 18811,
      "magicDamageTaken": 6621,
      "largestCriticalStrike": 1142,
      "timePlayed": 2413,
      "totalHeal": 1154,
      "totalUnitsHealed": 1,
      "assists": 2,
      "item0": 3046,
      "item1": 3072,
      "item2": 3031,
      "item4": 3006,
      "item5": 1036,
      "item6": 3340,
      "physicalDamageDealtToChampions": 9664,
      "totalDamageDealtToChampions": 9698,
      "trueDamageDealtPlayer": 34,
      "trueDamageDealtToChampions": 34,
      "trueDamageTaken": 1138,
      "wardPlaced": 7,
      "neutralMinionsKilledEnemyJungle": 4,
      "neutralMinionsKilledYourJungle": 17,
      "totalTimeCrowdControlDealt": 208
    }
  },
  "31169061": {
    "gameId": 818160365,
    "invalid": false,
    "gameMode": "CLASSIC",
    "gameType": "MATCHED_GAME",
    "subType": "RANKED_SOLO_5x5",
    "mapId": 1,
    "teamId": 200,
    "championId": 76,
    "spell1": 14,
    "spell2": 4,
    "level": 30,
    "ipEarned": 72,
    "createDate": 1398243057844,
    "fellowPlayers": [
      {
        "summonerId": 24344470,
        "teamId": 100,
        "championId": 104
      },
      {
        "summonerId": 26033828,
        "teamId": 100,
        "championId": 84
      },
      {
        "summonerId": 30971216,
        "teamId": 200,
        "championId": 119
      },
      {
        "summonerId": 22450226,
        "teamId": 100,
        "championId": 24
      },
      {
        "summonerId": 34809102,
        "teamId": 200,
        "championId": 122
      },
      {
        "summonerId": 27476742,
        "teamId": 100,
        "championId": 11
      },
      {
        "summonerId": 36087961,
        "teamId": 200,
        "championId": 55
      },
      {
        "summonerId": 25830410,
        "teamId": 200,
        "championId": 77
      },
      {
        "summonerId": 36915120,
        "teamId": 100,
        "championId": 412
      }
    ],
    "stats": {
      "level": 17,
      "goldEarned": 13906,
      "numDeaths": 11,
      "turretsKilled": 1,
      "minionsKilled": 164,
      "championsKilled": 8,
      "goldSpent": 13470,
      "totalDamageDealt": 135255,
      "totalDamageTaken": 27927,
      "killingSprees": 3,
      "largestKillingSpree": 2,
      "team": 200,
      "win": false,
      "neutralMinionsKilled": 7,
      "largestMultiKill": 1,
      "physicalDamageDealtPlayer": 28666,
      "magicDamageDealtPlayer": 105436,
      "physicalDamageTaken": 15358,
      "magicDamageTaken": 11235,
      "timePlayed": 2413,
      "totalHeal": 8323,
      "totalUnitsHealed": 5,
      "assists": 12,
      "item0": 2041,
      "item1": 3174,
      "item2": 3157,
      "item3": 3089,
      "item4": 3135,
      "item5": 3020,
      "item6": 3340,
      "sightWardsBought": 1,
      "magicDamageDealtToChampions": 23223,
      "physicalDamageDealtToChampions": 2768,
      "totalDamageDealtToChampions": 27087,
      "trueDamageDealtPlayer": 1151,
      "trueDamageDealtToChampions": 1095,
      "trueDamageTaken": 1333,
      "wardPlaced": 5,
      "neutralMinionsKilledEnemyJungle": 3,
      "neutralMinionsKilledYourJungle": 4,
      "totalTimeCrowdControlDealt": 51
    }
  }
}