{
  "28488679": {
    "gameId": 818186412,
    "invalid": false,
    "gameMode": "CLASSIC",
    "gameType": "MATCHED_GAME",
    "subType": "NORMAL",
    "mapId": 1,
    "teamId": 200,
    "championId": 238,
    "spell1": 11,
    "spell2": 4,
    "level": 30,
    "ipEarned": 94,
    "createDate": 1398249900484,
    "fellowPlayers": [
      {
        "summonerId": 39725037,
        "teamId": 200,
        "championId": 267
      },
      {
        "summonerId": 31777077,
        "teamId": 100,
        "championId": 17
      },
      {
        "summonerId": 39756218,
        "teamId": 200,
        "championId": 8
      },
      {
        "summonerId": 30704435,
        "teamId": 200,
        "championId": 51
      },
      {
        "summonerId": 39404953,
        "teamId": 100,
        "championId": 1
      },
      {
        "summonerId": 40936844,
        "teamId": 200,
        "championId": 91
      },
      {
        "summonerId": 32012983,
        "teamId": 100,
        "championId": 133
      },
      {
        "summonerId": 30941587,
        "teamId": 100,
        "championId": 39
      },
      {
        "summonerId": 35830913,
        "teamId": 100,
        "championId": 76
      }
    ],
    "stats": {
      "level": 18,
      "goldEarned": 19392,
      "numDeaths": 9,
      "minionsKilled": 140,
      "championsKilled": 20,
      "goldSpent": 19005,
      "totalDamageDealt": 220160,
      "totalDamageTaken": 60951,
      "doubleKills": 4,
      "killingSprees": 4,
      "largestKillingSpree": 7,
      "team": 200,
      "win": false,
      "neutralMinionsKilled": 76,
      "largestMultiKill": 2,
      "physicalDamageDealtPlayer": 193810,
      "magicDamageDealtPlayer": 11972,
      "physicalDamageTaken": 29058,
      "magicDamageTaken": 28409,
      "timePlayed": 3334,
      "totalHeal": 10875,
      "totalUnitsHealed": 1,
      "assists": 9,
      "item0": 3153,
      "item1": 3270,
      "item2": 3022,
      "item3": 3035,
      "item4": 3156,
      "item5": 3072,
      "item6": 3340,
      "magicDamageDealtToChampions": 2634,
      "physicalDamageDealtToChampions": 37850,
      "totalDamageDealtToChampions": 40958,
      "trueDamageDealtPlayer": 14378,
      "trueDamageDealtToChampions": 474,
      "trueDamageTaken": 3483,
      "wardPlaced": 53,
      "neutralMinionsKilledEnemyJungle": 6,
      "neutralMinionsKilledYourJungle": 70,
      "totalTimeCrowdControlDealt": 727
    }
  },
  "summonerCount": 10,
  "39725037": {
    "gameId": 818186412,
    "invalid": false,
    "gameMode": "CLASSIC",
    "gameType": "MATCHED_GAME",
    "subType": "NORMAL",
    "mapId": 1,
    "teamId": 200,
    "championId": 267,
    "spell1": 3,
    "spell2": 4,
    "level": 30,
    "ipEarned": 94,
    "createDate": 1398249900485,
    "fellowPlayers": [
      {
        "summonerId": 31777077,
        "teamId": 100,
        "championId": 17
      },
      {
        "summonerId": 39756218,
        "teamId": 200,
        "championId": 8
      },
      {
        "summonerId": 30704435,
        "teamId": 200,
        "championId": 51
      },
      {
        "summonerId": 39404953,
        "teamId": 100,
        "championId": 1
      },
      {
        "summonerId": 40936844,
        "teamId": 200,
        "championId": 91
      },
      {
        "summonerId": 32012983,
        "teamId": 100,
        "championId": 133
      },
      {
        "summonerId": 28488679,
        "teamId": 200,
        "championId": 238
      },
      {
        "summonerId": 30941587,
        "teamId": 100,
        "championId": 39
      },
      {
        "summonerId": 35830913,
        "teamId": 100,
        "championId": 76
      }
    ],
    "stats": {
      "level": 17,
      "goldEarned": 15640,
      "numDeaths": 8,
      "turretsKilled": 1,
      "minionsKilled": 21,
      "championsKilled": 5,
      "goldSpent": 16325,
      "totalDamageDealt": 46519,
      "totalDamageTaken": 37634,
      "killingSprees": 1,
      "largestKillingSpree": 2,
      "team": 200,
      "win": false,
      "largestMultiKill": 1,
      "physicalDamageDealtPlayer": 9583,
      "magicDamageDealtPlayer": 36935,
      "physicalDamageTaken": 14928,
      "magicDamageTaken": 21545,
      "timePlayed": 3334,
      "totalHeal": 18480,
      "totalUnitsHealed": 5,
      "assists": 23,
      "item0": 3089,
      "item2": 3047,
      "item3": 3174,
      "item4": 3190,
      "item5": 3023,
      "item6": 3340,
      "sightWardsBought": 1,
      "magicDamageDealtToChampions": 22006,
      "physicalDamageDealtToChampions": 3574,
      "totalDamageDealtToChampions": 25580,
      "trueDamageTaken": 1161,
      "wardPlaced": 19,
      "totalTimeCrowdControlDealt": 251
    }
  },
  "30941587": {
    "gameId": 818186412,
    "invalid": false,
    "gameMode": "CLASSIC",
    "gameType": "MATCHED_GAME",
    "subType": "NORMAL",
    "mapId": 1,
    "teamId": 100,
    "championId": 39,
    "spell1": 4,
    "spell2": 14,
    "level": 30,
    "ipEarned": 145,
    "createDate": 1398249900482,
    "fellowPlayers": [
      {
        "summonerId": 39725037,
        "teamId": 200,
        "championId": 267
      },
      {
        "summonerId": 31777077,
        "teamId": 100,
        "championId": 17
      },
      {
        "summonerId": 39756218,
        "teamId": 200,
        "championId": 8
      },
      {
        "summonerId": 30704435,
        "teamId": 200,
        "championId": 51
      },
      {
        "summonerId": 39404953,
        "teamId": 100,
        "championId": 1
      },
      {
        "summonerId": 40936844,
        "teamId": 200,
        "championId": 91
      },
      {
        "summonerId": 32012983,
        "teamId": 100,
        "championId": 133
      },
      {
        "summonerId": 28488679,
        "teamId": 200,
        "championId": 238
      },
      {
        "summonerId": 35830913,
        "teamId": 100,
        "championId": 76
      }
    ],
    "stats": {
      "level": 18,
      "goldEarned": 21946,
      "numDeaths": 6,
      "barracksKilled": 1,
      "turretsKilled": 5,
      "minionsKilled": 203,
      "championsKilled": 21,
      "goldSpent": 18323,
      "totalDamageDealt": 220284,
      "totalDamageTaken": 61600,
      "doubleKills": 2,
      "killingSprees": 4,
      "largestKillingSpree": 10,
      "team": 100,
      "win": true,
      "neutralMinionsKilled": 16,
      "largestMultiKill": 2,
      "physicalDamageDealtPlayer": 196003,
      "magicDamageDealtPlayer": 10726,
      "physicalDamageTaken": 42251,
      "magicDamageTaken": 17538,
      "largestCriticalStrike": 669,
      "timePlayed": 3334,
      "totalHeal": 17678,
      "totalUnitsHealed": 1,
      "assists": 12,
      "item0": 3153,
      "item1": 3022,
      "item2": 3270,
      "item3": 3078,
      "item4": 3075,
      "item5": 3156,
      "item6": 3340,
      "magicDamageDealtToChampions": 5032,
      "physicalDamageDealtToChampions": 39595,
      "totalDamageDealtToChampions": 51868,
      "trueDamageDealtPlayer": 13555,
      "trueDamageDealtToChampions": 7241,
      "trueDamageTaken": 1810,
      "wardPlaced": 16,
      "neutralMinionsKilledEnemyJungle": 7,
      "neutralMinionsKilledYourJungle": 9,
      "totalTimeCrowdControlDealt": 1209
    }
  },
  "30704435": {
    "gameId": 818186412,
    "invalid": false,
    "gameMode": "CLASSIC",
    "gameType": "MATCHED_GAME",
    "subType": "NORMAL",
    "mapId": 1,
    "teamId": 200,
    "championId": 51,
    "spell1": 4,
    "spell2": 14,
    "level": 30,
    "ipEarned": 94,
    "createDate": 1398249900489,
    "fellowPlayers": [
      {
        "summonerId": 39725037,
        "teamId": 200,
        "championId": 267
      },
      {
        "summonerId": 31777077,
        "teamId": 100,
        "championId": 17
      },
      {
        "summonerId": 39756218,
        "teamId": 200,
        "championId": 8
      },
      {
        "summonerId": 39404953,
        "teamId": 100,
        "championId": 1
      },
      {
        "summonerId": 40936844,
        "teamId": 200,
        "championId": 91
      },
      {
        "summonerId": 32012983,
        "teamId": 100,
        "championId": 133
      },
      {
        "summonerId": 28488679,
        "teamId": 200,
        "championId": 238
      },
      {
        "summonerId": 30941587,
        "teamId": 100,
        "championId": 39
      },
      {
        "summonerId": 35830913,
        "teamId": 100,
        "championId": 76
      }
    ],
    "stats": {
      "level": 18,
      "goldEarned": 16225,
      "numDeaths": 12,
      "turretsKilled": 1,
      "minionsKilled": 160,
      "championsKilled": 10,
      "goldSpent": 17020,
      "totalDamageDealt": 193443,
      "totalDamageTaken": 44464,
      "killingSprees": 2,
      "largestKillingSpree": 5,
      "team": 200,
      "win": false,
      "neutralMinionsKilled": 31,
      "largestMultiKill": 1,
      "physicalDamageDealtPlayer": 175997,
      "magicDamageDealtPlayer": 16454,
      "physicalDamageTaken": 19201,
      "magicDamageTaken": 23358,
      "largestCriticalStrike": 901,
      "timePlayed": 3334,
      "totalHeal": 1798,
      "totalUnitsHealed": 1,
      "assists": 14,
      "item0": 3250,
      "item1": 3085,
      "item2": 3153,
      "item3": 3087,
      "item4": 3072,
      "item5": 1057,
      "item6": 3340,
      "magicDamageDealtToChampions": 4074,
      "physicalDamageDealtToChampions": 23037,
      "totalDamageDealtToChampions": 28103,
      "trueDamageDealtPlayer": 992,
      "trueDamageDealtToChampions": 992,
      "trueDamageTaken": 1905,
      "wardKilled": 1,
      "wardPlaced": 8,
      "neutralMinionsKilledEnemyJungle": 2,
      "neutralMinionsKilledYourJungle": 29,
      "totalTimeCrowdControlDealt": 79
    }
  },
  "39404953": {
    "gameId": 818186412,
    "invalid": false,
    "gameMode": "CLASSIC",
    "gameType": "MATCHED_GAME",
    "subType": "NORMAL",
    "mapId": 1,
    "teamId": 100,
    "championId": 1,
    "spell1": 3,
    "spell2": 4,
    "level": 30,
    "ipEarned": 145,
    "createDate": 1398249900480,
    "fellowPlayers": [
      {
        "summonerId": 39725037,
        "teamId": 200,
        "championId": 267
      },
      {
        "summonerId": 31777077,
        "teamId": 100,
        "championId": 17
      },
      {
        "summonerId": 39756218,
        "teamId": 200,
        "championId": 8
      },
      {
        "summonerId": 30704435,
        "teamId": 200,
        "championId": 51
      },
      {
        "summonerId": 40936844,
        "teamId": 200,
        "championId": 91
      },
      {
        "summonerId": 32012983,
        "teamId": 100,
        "championId": 133
      },
      {
        "summonerId": 28488679,
        "teamId": 200,
        "championId": 238
      },
      {
        "summonerId": 30941587,
        "teamId": 100,
        "championId": 39
      },
      {
        "summonerId": 35830913,
        "teamId": 100,
        "championId": 76
      }
    ],
    "stats": {
      "level": 18,
      "goldEarned": 16288,
      "numDeaths": 13,
      "minionsKilled": 51,
      "championsKilled": 3,
      "goldSpent": 16110,
      "totalDamageDealt": 79695,
      "totalDamageTaken": 36279,
      "team": 100,
      "win": true,
      "largestMultiKill": 1,
      "physicalDamageDealtPlayer": 9877,
      "magicDamageDealtPlayer": 69818,
      "physicalDamageTaken": 20806,
      "magicDamageTaken": 14453,
      "timePlayed": 3334,
      "assists": 19,
      "item0": 3060,
      "item1": 3128,
      "item2": 3092,
      "item3": 3027,
      "item4": 3270,
      "item5": 3135,
      "item6": 3340,
      "sightWardsBought": 1,
      "magicDamageDealtToChampions": 26168,
      "physicalDamageDealtToChampions": 3380,
      "totalDamageDealtToChampions": 29549,
      "trueDamageTaken": 1020,
      "wardPlaced": 14,
      "totalTimeCrowdControlDealt": 116
    }
  },
  "31777077": {
    "gameId": 818186412,
    "invalid": false,
    "gameMode": "CLASSIC",
    "gameType": "MATCHED_GAME",
    "subType": "NORMAL",
    "mapId": 1,
    "teamId": 100,
    "championId": 17,
    "spell1": 7,
    "spell2": 4,
    "level": 30,
    "ipEarned": 295,
    "createDate": 1398249900483,
    "fellowPlayers": [
      {
        "summonerId": 39725037,
        "teamId": 200,
        "championId": 267
      },
      {
        "summonerId": 39756218,
        "teamId": 200,
        "championId": 8
      },
      {
        "summonerId": 30704435,
        "teamId": 200,
        "championId": 51
      },
      {
        "summonerId": 39404953,
        "teamId": 100,
        "championId": 1
      },
      {
        "summonerId": 40936844,
        "teamId": 200,
        "championId": 91
      },
      {
        "summonerId": 32012983,
        "teamId": 100,
        "championId": 133
      },
      {
        "summonerId": 28488679,
        "teamId": 200,
        "championId": 238
      },
      {
        "summonerId": 30941587,
        "teamId": 100,
        "championId": 39
      },
      {
        "summonerId": 35830913,
        "teamId": 100,
        "championId": 76
      }
    ],
    "stats": {
      "level": 18,
      "goldEarned": 18913,
      "numDeaths": 13,
      "barracksKilled": 1,
      "turretsKilled": 1,
      "minionsKilled": 205,
      "championsKilled": 14,
      "goldSpent": 18040,
      "totalDamageDealt": 208301,
      "totalDamageTaken": 42381,
      "killingSprees": 3,
      "largestKillingSpree": 6,
      "team": 100,
      "win": true,
      "neutralMinionsKilled": 17,
      "largestMultiKill": 1,
      "physicalDamageDealtPlayer": 37265,
      "magicDamageDealtPlayer": 170067,
      "physicalDamageTaken": 27328,
      "magicDamageTaken": 12859,
      "timePlayed": 3334,
      "totalHeal": 7366,
      "totalUnitsHealed": 4,
      "assists": 9,
      "item0": 3255,
      "item1": 3157,
      "item2": 3115,
      "item3": 3151,
      "item4": 3135,
      "item5": 3089,
      "item6": 3362,
      "magicDamageDealtToChampions": 56833,
      "physicalDamageDealtToChampions": 4196,
      "totalDamageDealtToChampions": 61425,
      "trueDamageDealtPlayer": 968,
      "trueDamageDealtToChampions": 396,
      "trueDamageTaken": 2193,
      "wardPlaced": 63,
      "neutralMinionsKilledEnemyJungle": 11,
      "neutralMinionsKilledYourJungle": 6,
      "totalTimeCrowdControlDealt": 601
    }
  },
  "40936844": {
    "gameId": 818186412,
    "invalid": false,
    "gameMode": "CLASSIC",
    "gameType": "MATCHED_GAME",
    "subType": "NORMAL",
    "mapId": 1,
    "teamId": 200,
    "championId": 91,
    "spell1": 12,
    "spell2": 14,
    "level": 30,
    "ipEarned": 94,
    "createDate": 1398249900486,
    "fellowPlayers": [
      {
        "summonerId": 39725037,
        "teamId": 200,
        "championId": 267
      },
      {
        "summonerId": 31777077,
        "teamId": 100,
        "championId": 17
      },
      {
        "summonerId": 39756218,
        "teamId": 200,
        "championId": 8
      },
      {
        "summonerId": 30704435,
        "teamId": 200,
        "championId": 51
      },
      {
        "summonerId": 39404953,
        "teamId": 100,
        "championId": 1
      },
      {
        "summonerId": 32012983,
        "teamId": 100,
        "championId": 133
      },
      {
        "summonerId": 28488679,
        "teamId": 200,
        "championId": 238
      },
      {
        "summonerId": 30941587,
        "teamId": 100,
        "championId": 39
      },
      {
        "summonerId": 35830913,
        "teamId": 100,
        "championId": 76
      }
    ],
    "stats": {
      "level": 18,
      "goldEarned": 17853,
      "numDeaths": 10,
      "turretsKilled": 1,
      "minionsKilled": 283,
      "championsKilled": 7,
      "goldSpent": 17513,
      "totalDamageDealt": 247330,
      "totalDamageTaken": 42262,
      "killingSprees": 1,
      "largestKillingSpree": 2,
      "team": 200,
      "win": false,
      "neutralMinionsKilled": 6,
      "largestMultiKill": 1,
      "physicalDamageDealtPlayer": 245392,
      "magicDamageDealtPlayer": 116,
      "physicalDamageTaken": 16970,
      "magicDamageTaken": 23999,
      "largestCriticalStrike": 1009,
      "timePlayed": 3334,
      "totalHeal": 1423,
      "totalUnitsHealed": 1,
      "assists": 11,
      "item0": 3078,
      "item1": 3074,
      "item2": 3142,
      "item3": 3035,
      "item4": 3071,
      "item5": 3284,
      "item6": 3362,
      "magicDamageDealtToChampions": 116,
      "physicalDamageDealtToChampions": 32406,
      "totalDamageDealtToChampions": 34344,
      "trueDamageDealtPlayer": 1822,
      "trueDamageDealtToChampions": 1822,
      "trueDamageTaken": 1292,
      "wardKilled": 1,
      "wardPlaced": 14,
      "neutralMinionsKilledEnemyJungle": 2,
      "neutralMinionsKilledYourJungle": 4,
      "totalTimeCrowdControlDealt": 1221
    }
  },
  "35830913": {
    "gameId": 818186412,
    "invalid": false,
    "gameMode": "CLASSIC",
    "gameType": "MATCHED_GAME",
    "subType": "NORMAL",
    "mapId": 1,
    "teamId": 100,
    "championId": 76,
    "spell1": 14,
    "spell2": 4,
    "level": 30,
    "ipEarned": 145,
    "createDate": 1398249900479,
    "fellowPlayers": [
      {
        "summonerId": 39725037,
        "teamId": 200,
        "championId": 267
      },
      {
        "summonerId": 31777077,
        "teamId": 100,
        "championId": 17
      },
      {
        "summonerId": 39756218,
        "teamId": 200,
        "championId": 8
      },
      {
        "summonerId": 30704435,
        "teamId": 200,
        "championId": 51
      },
      {
        "summonerId": 39404953,
        "teamId": 100,
        "championId": 1
      },
      {
        "summonerId": 40936844,
        "teamId": 200,
        "championId": 91
      },
      {
        "summonerId": 32012983,
        "teamId": 100,
        "championId": 133
      },
      {
        "summonerId": 28488679,
        "teamId": 200,
        "championId": 238
      },
      {
        "summonerId": 30941587,
        "teamId": 100,
        "championId": 39
      }
    ],
    "stats": {
      "level": 18,
      "goldEarned": 17248,
      "numDeaths": 4,
      "barracksKilled": 1,
      "turretsKilled": 1,
      "minionsKilled": 132,
      "championsKilled": 9,
      "goldSpent": 16875,
      "totalDamageDealt": 176131,
      "totalDamageTaken": 27033,
      "doubleKills": 1,
      "killingSprees": 2,
      "largestKillingSpree": 6,
      "team": 100,
      "win": true,
      "neutralMinionsKilled": 28,
      "largestMultiKill": 2,
      "physicalDamageDealtPlayer": 34409,
      "magicDamageDealtPlayer": 140444,
      "physicalDamageTaken": 17364,
      "magicDamageTaken": 9028,
      "timePlayed": 3334,
      "totalHeal": 25220,
      "totalUnitsHealed": 5,
      "assists": 13,
      "item0": 3157,
      "item1": 3040,
      "item2": 3128,
      "item3": 3255,
      "item4": 3089,
      "item5": 3135,
      "item6": 3340,
      "magicDamageDealtToChampions": 42607,
      "physicalDamageDealtToChampions": 2787,
      "totalDamageDealtToChampions": 46673,
      "trueDamageDealtPlayer": 1278,
      "trueDamageDealtToChampions": 1278,
      "trueDamageTaken": 640,
      "wardPlaced": 18,
      "neutralMinionsKilledEnemyJungle": 1,
      "neutralMinionsKilledYourJungle": 27,
      "totalTimeCrowdControlDealt": 14
    }
  },
  "32012983": {
    "gameId": 818186412,
    "invalid": false,
    "gameMode": "CLASSIC",
    "gameType": "MATCHED_GAME",
    "subType": "NORMAL",
    "mapId": 1,
    "teamId": 100,
    "championId": 133,
    "spell1": 4,
    "spell2": 14,
    "level": 30,
    "ipEarned": 295,
    "createDate": 1398249900481,
    "fellowPlayers": [
      {
        "summonerId": 39725037,
        "teamId": 200,
        "championId": 267
      },
      {
        "summonerId": 31777077,
        "teamId": 100,
        "championId": 17
      },
      {
        "summonerId": 39756218,
        "teamId": 200,
        "championId": 8
      },
      {
        "summonerId": 30704435,
        "teamId": 200,
        "championId": 51
      },
      {
        "summonerId": 39404953,
        "teamId": 100,
        "championId": 1
      },
      {
        "summonerId": 40936844,
        "teamId": 200,
        "championId": 91
      },
      {
        "summonerId": 28488679,
        "teamId": 200,
        "championId": 238
      },
      {
        "summonerId": 30941587,
        "teamId": 100,
        "championId": 39
      },
      {
        "summonerId": 35830913,
        "teamId": 100,
        "championId": 76
      }
    ],
    "stats": {
      "level": 17,
      "goldEarned": 15370,
      "numDeaths": 14,
      "barracksKilled": 1,
      "turretsKilled": 2,
      "minionsKilled": 169,
      "championsKilled": 7,
      "goldSpent": 14895,
      "totalDamageDealt": 160023,
      "totalDamageTaken": 38718,
      "killingSprees": 1,
      "largestKillingSpree": 2,
      "team": 100,
      "win": true,
      "neutralMinionsKilled": 17,
      "largestMultiKill": 1,
      "physicalDamageDealtPlayer": 138848,
      "magicDamageDealtPlayer": 20047,
      "physicalDamageTaken": 30130,
      "magicDamageTaken": 8221,
      "largestCriticalStrike": 783,
      "timePlayed": 3334,
      "assists": 5,
      "item0": 3250,
      "item1": 3087,
      "item2": 3072,
      "item3": 3046,
      "item4": 3031,
      "item5": 1028,
      "item6": 3340,
      "magicDamageDealtToChampions": 1646,
      "physicalDamageDealtToChampions": 17824,
      "totalDamageDealtToChampions": 20201,
      "trueDamageDealtPlayer": 1128,
      "trueDamageDealtToChampions": 730,
      "trueDamageTaken": 366,
      "wardPlaced": 7,
      "neutralMinionsKilledEnemyJungle": 11,
      "neutralMinionsKilledYourJungle": 6,
      "totalTimeCrowdControlDealt": 280
    }
  },
  "28488679": {
    "gameId": 818186412,
    "invalid": false,
    "gameMode": "CLASSIC",
    "gameType": "MATCHED_GAME",
    "subType": "NORMAL",
    "mapId": 1,
    "teamId": 200,
    "championId": 238,
    "spell1": 11,
    "spell2": 4,
    "level": 30,
    "ipEarned": 94,
    "createDate": 1398249900484,
    "fellowPlayers": [
      {
        "summonerId": 39725037,
        "teamId": 200,
        "championId": 267
      },
      {
        "summonerId": 31777077,
        "teamId": 100,
        "championId": 17
      },
      {
        "summonerId": 39756218,
        "teamId": 200,
        "championId": 8
      },
      {
        "summonerId": 30704435,
        "teamId": 200,
        "championId": 51
      },
      {
        "summonerId": 39404953,
        "teamId": 100,
        "championId": 1
      },
      {
        "summonerId": 40936844,
        "teamId": 200,
        "championId": 91
      },
      {
        "summonerId": 32012983,
        "teamId": 100,
        "championId": 133
      },
      {
        "summonerId": 30941587,
        "teamId": 100,
        "championId": 39
      },
      {
        "summonerId": 35830913,
        "teamId": 100,
        "championId": 76
      }
    ],
    "stats": {
      "level": 18,
      "goldEarned": 19392,
      "numDeaths": 9,
      "minionsKilled": 140,
      "championsKilled": 20,
      "goldSpent": 19005,
      "totalDamageDealt": 220160,
      "totalDamageTaken": 60951,
      "doubleKills": 4,
      "killingSprees": 4,
      "largestKillingSpree": 7,
      "team": 200,
      "win": false,
      "neutralMinionsKilled": 76,
      "largestMultiKill": 2,
      "physicalDamageDealtPlayer": 193810,
      "magicDamageDealtPlayer": 11972,
      "physicalDamageTaken": 29058,
      "magicDamageTaken": 28409,
      "timePlayed": 3334,
      "totalHeal": 10875,
      "totalUnitsHealed": 1,
      "assists": 9,
      "item0": 3153,
      "item1": 3270,
      "item2": 3022,
      "item3": 3035,
      "item4": 3156,
      "item5": 3072,
      "item6": 3340,
      "magicDamageDealtToChampions": 2634,
      "physicalDamageDealtToChampions": 37850,
      "totalDamageDealtToChampions": 40958,
      "trueDamageDealtPlayer": 14378,
      "trueDamageDealtToChampions": 474,
      "trueDamageTaken": 3483,
      "wardPlaced": 53,
      "neutralMinionsKilledEnemyJungle": 6,
      "neutralMinionsKilledYourJungle": 70,
      "totalTimeCrowdControlDealt": 727
    }
  }
}