{
  "26036807": {
    "gameId": 818161300,
    "invalid": false,
    "gameMode": "CLASSIC",
    "gameType": "MATCHED_GAME",
    "subType": "RANKED_SOLO_5x5",
    "mapId": 1,
    "teamId": 100,
    "championId": 43,
    "spell1": 4,
    "spell2": 3,
    "level": 30,
    "ipEarned": 75,
    "createDate": 1398243512881,
    "fellowPlayers": [
      {
        "summonerId": 20775145,
        "teamId": 200,
        "championId": 117
      },
      {
        "summonerId": 29239146,
        "teamId": 200,
        "championId": 81
      },
      {
        "summonerId": 29783230,
        "teamId": 100,
        "championId": 121
      },
      {
        "summonerId": 20825671,
        "teamId": 100,
        "championId": 29
      },
      {
        "summonerId": 29251641,
        "teamId": 200,
        "championId": 98
      },
      {
        "summonerId": 36725194,
        "teamId": 100,
        "championId": 80
      },
      {
        "summonerId": 31634780,
        "teamId": 200,
        "championId": 19
      },
      {
        "summonerId": 23177618,
        "teamId": 100,
        "championId": 28
      },
      {
        "summonerId": 21110594,
        "teamId": 200,
        "championId": 7
      }
    ],
    "stats": {
      "level": 15,
      "goldEarned": 11998,
      "numDeaths": 6,
      "minionsKilled": 43,
      "championsKilled": 2,
      "goldSpent": 10400,
      "totalDamageDealt": 47056,
      "totalDamageTaken": 25239,
      "team": 100,
      "win": false,
      "neutralMinionsKilled": 3,
      "largestMultiKill": 1,
      "physicalDamageDealtPlayer": 6958,
      "magicDamageDealtPlayer": 40098,
      "physicalDamageTaken": 11808,
      "magicDamageTaken": 13088,
      "timePlayed": 2526,
      "totalHeal": 2061,
      "totalUnitsHealed": 2,
      "assists": 14,
      "item0": 3190,
      "item1": 3092,
      "item2": 2045,
      "item3": 3276,
      "item4": 3222,
      "item5": 2010,
      "item6": 3341,
      "sightWardsBought": 1,
      "magicDamageDealtToChampions": 15584,
      "physicalDamageDealtToChampions": 2296,
      "totalDamageDealtToChampions": 17880,
      "trueDamageTaken": 342,
      "wardKilled": 8,
      "wardPlaced": 23,
      "neutralMinionsKilledYourJungle": 3,
      "totalTimeCrowdControlDealt": 335
    }
  },
  "summonerCount": 10,
  "29251641": {
    "gameId": 818161300,
    "invalid": false,
    "gameMode": "CLASSIC",
    "gameType": "MATCHED_GAME",
    "subType": "RANKED_SOLO_5x5",
    "mapId": 1,
    "teamId": 200,
    "championId": 98,
    "spell1": 12,
    "spell2": 14,
    "level": 30,
    "ipEarned": 115,
    "createDate": 1398243512885,
    "fellowPlayers": [
      {
        "summonerId": 20775145,
        "teamId": 200,
        "championId": 117
      },
      {
        "summonerId": 29239146,
        "teamId": 200,
        "championId": 81
      },
      {
        "summonerId": 29783230,
        "teamId": 100,
        "championId": 121
      },
      {
        "summonerId": 20825671,
        "teamId": 100,
        "championId": 29
      },
      {
        "summonerId": 26036807,
        "teamId": 100,
        "championId": 43
      },
      {
        "summonerId": 36725194,
        "teamId": 100,
        "championId": 80
      },
      {
        "summonerId": 31634780,
        "teamId": 200,
        "championId": 19
      },
      {
        "summonerId": 23177618,
        "teamId": 100,
        "championId": 28
      },
      {
        "summonerId": 21110594,
        "teamId": 200,
        "championId": 7
      }
    ],
    "stats": {
      "level": 18,
      "goldEarned": 15181,
      "numDeaths": 5,
      "barracksKilled": 1,
      "turretsKilled": 1,
      "minionsKilled": 160,
      "championsKilled": 6,
      "goldSpent": 14253,
      "totalDamageDealt": 152160,
      "totalDamageTaken": 37511,
      "killingSprees": 1,
      "largestKillingSpree": 4,
      "team": 200,
      "win": true,
      "neutralMinionsKilled": 17,
      "largestMultiKill": 1,
      "physicalDamageDealtPlayer": 68638,
      "magicDamageDealtPlayer": 80675,
      "physicalDamageTaken": 27945,
      "magicDamageTaken": 6819,
      "largestCriticalStrike": 559,
      "timePlayed": 2526,
      "totalHeal": 2803,
      "totalUnitsHealed": 1,
      "assists": 18,
      "item0": 3143,
      "item1": 3068,
      "item2": 3075,
      "item3": 3078,
      "item4": 3264,
      "item5": 1054,
      "item6": 3340,
      "sightWardsBought": 1,
      "magicDamageDealtToChampions": 15432,
      "physicalDamageDealtToChampions": 8534,
      "totalDamageDealtToChampions": 26142,
      "trueDamageDealtPlayer": 2846,
      "trueDamageDealtToChampions": 2176,
      "trueDamageTaken": 2745,
      "wardPlaced": 16,
      "neutralMinionsKilledEnemyJungle": 3,
      "neutralMinionsKilledYourJungle": 14,
      "totalTimeCrowdControlDealt": 280
    }
  },
  "31634780": {
    "gameId": 818161300,
    "invalid": false,
    "gameMode": "CLASSIC",
    "gameType": "MATCHED_GAME",
    "subType": "RANKED_SOLO_5x5",
    "mapId": 1,
    "teamId": 200,
    "championId": 19,
    "spell1": 4,
    "spell2": 11,
    "level": 30,
    "ipEarned": 115,
    "createDate": 1398243512883,
    "fellowPlayers": [
      {
        "summonerId": 20775145,
        "teamId": 200,
        "championId": 117
      },
      {
        "summonerId": 29239146,
        "teamId": 200,
        "championId": 81
      },
      {
        "summonerId": 29783230,
        "teamId": 100,
        "championId": 121
      },
      {
        "summonerId": 20825671,
        "teamId": 100,
        "championId": 29
      },
      {
        "summonerId": 29251641,
        "teamId": 200,
        "championId": 98
      },
      {
        "summonerId": 26036807,
        "teamId": 100,
        "championId": 43
      },
      {
        "summonerId": 36725194,
        "teamId": 100,
        "championId": 80
      },
      {
        "summonerId": 23177618,
        "teamId": 100,
        "championId": 28
      },
      {
        "summonerId": 21110594,
        "teamId": 200,
        "championId": 7
      }
    ],
    "stats": {
      "level": 18,
      "goldEarned": 18104,
      "numDeaths": 3,
      "barracksKilled": 1,
      "turretsKilled": 3,
      "minionsKilled": 94,
      "championsKilled": 20,
      "goldSpent": 16975,
      "totalDamageDealt": 183392,
      "totalDamageTaken": 41922,
      "doubleKills": 3,
      "killingSprees": 2,
      "largestKillingSpree": 11,
      "team": 200,
      "win": true,
      "neutralMinionsKilled": 75,
      "largestMultiKill": 2,
      "physicalDamageDealtPlayer": 101858,
      "magicDamageDealtPlayer": 71480,
      "physicalDamageTaken": 30883,
      "magicDamageTaken": 8577,
      "timePlayed": 2526,
      "totalHeal": 22398,
      "totalUnitsHealed": 1,
      "assists": 8,
      "item0": 3022,
      "item1": 3153,
      "item2": 3143,
      "item3": 3260,
      "item4": 3068,
      "item5": 3091,
      "item6": 3364,
      "magicDamageDealtToChampions": 13688,
      "physicalDamageDealtToChampions": 9903,
      "totalDamageDealtToChampions": 23851,
      "trueDamageDealtPlayer": 10054,
      "trueDamageDealtToChampions": 260,
      "trueDamageTaken": 2461,
      "wardKilled": 6,
      "neutralMinionsKilledEnemyJungle": 17,
      "neutralMinionsKilledYourJungle": 58,
      "totalTimeCrowdControlDealt": 943
    }
  },
  "29239146": {
    "gameId": 818161300,
    "invalid": false,
    "gameMode": "CLASSIC",
    "gameType": "MATCHED_GAME",
    "subType": "RANKED_SOLO_5x5",
    "mapId": 1,
    "teamId": 200,
    "championId": 81,
    "spell1": 4,
    "spell2": 7,
    "level": 30,
    "ipEarned": 265,
    "createDate": 1398243512884,
    "fellowPlayers": [
      {
        "summonerId": 20775145,
        "teamId": 200,
        "championId": 117
      },
      {
        "summonerId": 29783230,
        "teamId": 100,
        "championId": 121
      },
      {
        "summonerId": 20825671,
        "teamId": 100,
        "championId": 29
      },
      {
        "summonerId": 29251641,
        "teamId": 200,
        "championId": 98
      },
      {
        "summonerId": 26036807,
        "teamId": 100,
        "championId": 43
      },
      {
        "summonerId": 36725194,
        "teamId": 100,
        "championId": 80
      },
      {
        "summonerId": 31634780,
        "teamId": 200,
        "championId": 19
      },
      {
        "summonerId": 23177618,
        "teamId": 100,
        "championId": 28
      },
      {
        "summonerId": 21110594,
        "teamId": 200,
        "championId": 7
      }
    ],
    "stats": {
      "level": 18,
      "goldEarned": 16518,
      "numDeaths": 9,
      "turretsKilled": 2,
      "minionsKilled": 187,
      "championsKilled": 12,
      "goldSpent": 14503,
      "totalDamageDealt": 175202,
      "totalDamageTaken": 33058,
      "doubleKills": 1,
      "killingSprees": 4,
      "largestKillingSpree": 3,
      "team": 200,
      "win": true,
      "neutralMinionsKilled": 17,
      "largestMultiKill": 2,
      "physicalDamageDealtPlayer": 147656,
      "magicDamageDealtPlayer": 26742,
      "physicalDamageTaken": 25448,
      "magicDamageTaken": 5659,
      "largestCriticalStrike": 953,
      "timePlayed": 2526,
      "totalHeal": 3762,
      "totalUnitsHealed": 4,
      "assists": 14,
      "item0": 3031,
      "item1": 3006,
      "item2": 3072,
      "item3": 3078,
      "item4": 3035,
      "item6": 3340,
      "sightWardsBought": 1,
      "magicDamageDealtToChampions": 8566,
      "physicalDamageDealtToChampions": 25742,
      "totalDamageDealtToChampions": 34441,
      "trueDamageDealtPlayer": 804,
      "trueDamageDealtToChampions": 132,
      "trueDamageTaken": 1950,
      "wardPlaced": 7,
      "neutralMinionsKilledEnemyJungle": 8,
      "neutralMinionsKilledYourJungle": 9,
      "totalTimeCrowdControlDealt": 96
    }
  },
  "21110594": {
    "gameId": 818161300,
    "invalid": false,
    "gameMode": "CLASSIC",
    "gameType": "MATCHED_GAME",
    "subType": "RANKED_SOLO_5x5",
    "mapId": 1,
    "teamId": 200,
    "championId": 7,
    "spell1": 4,
    "spell2": 14,
    "level": 30,
    "ipEarned": 115,
    "createDate": 1398243512882,
    "fellowPlayers": [
      {
        "summonerId": 20775145,
        "teamId": 200,
        "championId": 117
      },
      {
        "summonerId": 29239146,
        "teamId": 200,
        "championId": 81
      },
      {
        "summonerId": 29783230,
        "teamId": 100,
        "championId": 121
      },
      {
        "summonerId": 20825671,
        "teamId": 100,
        "championId": 29
      },
      {
        "summonerId": 29251641,
        "teamId": 200,
        "championId": 98
      },
      {
        "summonerId": 26036807,
        "teamId": 100,
        "championId": 43
      },
      {
        "summonerId": 36725194,
        "teamId": 100,
        "championId": 80
      },
      {
        "summonerId": 31634780,
        "teamId": 200,
        "championId": 19
      },
      {
        "summonerId": 23177618,
        "teamId": 100,
        "championId": 28
      }
    ],
    "stats": {
      "level": 17,
      "goldEarned": 13684,
      "numDeaths": 13,
      "minionsKilled": 70,
      "championsKilled": 10,
      "goldSpent": 12565,
      "totalDamageDealt": 80786,
      "totalDamageTaken": 27458,
      "killingSprees": 3,
      "largestKillingSpree": 3,
      "team": 200,
      "win": true,
      "neutralMinionsKilled": 9,
      "largestMultiKill": 1,
      "physicalDamageDealtPlayer": 16952,
      "magicDamageDealtPlayer": 62622,
      "physicalDamageTaken": 21601,
      "magicDamageTaken": 4410,
      "timePlayed": 2526,
      "totalHeal": 1183,
      "totalUnitsHealed": 1,
      "assists": 14,
      "item0": 3128,
      "item1": 3157,
      "item2": 3174,
      "item3": 3255,
      "item4": 1052,
      "item6": 3340,
      "visionWardsBought": 1,
      "magicDamageDealtToChampions": 28051,
      "physicalDamageDealtToChampions": 2704,
      "totalDamageDealtToChampions": 31788,
      "trueDamageDealtPlayer": 1212,
      "trueDamageDealtToChampions": 1032,
      "trueDamageTaken": 1446,
      "wardPlaced": 10,
      "neutralMinionsKilledEnemyJungle": 1,
      "neutralMinionsKilledYourJungle": 8,
      "totalTimeCrowdControlDealt": 210
    }
  },
  "20775145": {
    "gameId": 818161300,
    "invalid": false,
    "gameMode": "CLASSIC",
    "gameType": "MATCHED_GAME",
    "subType": "RANKED_SOLO_5x5",
    "mapId": 1,
    "teamId": 200,
    "championId": 117,
    "spell1": 4,
    "spell2": 3,
    "level": 30,
    "ipEarned": 265,
    "createDate": 1398243512887,
    "fellowPlayers": [
      {
        "summonerId": 29239146,
        "teamId": 200,
        "championId": 81
      },
      {
        "summonerId": 29783230,
        "teamId": 100,
        "championId": 121
      },
      {
        "summonerId": 20825671,
        "teamId": 100,
        "championId": 29
      },
      {
        "summonerId": 29251641,
        "teamId": 200,
        "championId": 98
      },
      {
        "summonerId": 26036807,
        "teamId": 100,
        "championId": 43
      },
      {
        "summonerId": 36725194,
        "teamId": 100,
        "championId": 80
      },
      {
        "summonerId": 31634780,
        "teamId": 200,
        "championId": 19
      },
      {
        "summonerId": 23177618,
        "teamId": 100,
        "championId": 28
      },
      {
        "summonerId": 21110594,
        "teamId": 200,
        "championId": 7
      }
    ],
    "stats": {
      "level": 18,
      "goldEarned": 14899,
      "numDeaths": 6,
      "minionsKilled": 73,
      "championsKilled": 4,
      "goldSpent": 13980,
      "totalDamageDealt": 67751,
      "totalDamageTaken": 22919,
      "killingSprees": 1,
      "largestKillingSpree": 2,
      "team": 200,
      "win": true,
      "largestMultiKill": 1,
      "physicalDamageDealtPlayer": 11401,
      "magicDamageDealtPlayer": 56350,
      "physicalDamageTaken": 14311,
      "magicDamageTaken": 7196,
      "timePlayed": 2526,
      "totalHeal": 100,
      "totalUnitsHealed": 1,
      "assists": 21,
      "item0": 3023,
      "item1": 2045,
      "item2": 3092,
      "item3": 3075,
      "item4": 3102,
      "item5": 3271,
      "item6": 3364,
      "sightWardsBought": 1,
      "visionWardsBought": 1,
      "magicDamageDealtToChampions": 15305,
      "physicalDamageDealtToChampions": 3079,
      "totalDamageDealtToChampions": 18385,
      "trueDamageTaken": 1412,
      "wardKilled": 1,
      "wardPlaced": 27,
      "totalTimeCrowdControlDealt": 719
    }
  },
  "36725194": {
    "gameId": 818161300,
    "invalid": false,
    "gameMode": "CLASSIC",
    "gameType": "MATCHED_GAME",
    "subType": "RANKED_SOLO_5x5",
    "mapId": 1,
    "teamId": 100,
    "championId": 80,
    "spell1": 4,
    "spell2": 14,
    "level": 30,
    "ipEarned": 75,
    "createDate": 1398243512878,
    "fellowPlayers": [
      {
        "summonerId": 20775145,
        "teamId": 200,
        "championId": 117
      },
      {
        "summonerId": 29239146,
        "teamId": 200,
        "championId": 81
      },
      {
        "summonerId": 29783230,
        "teamId": 100,
        "championId": 121
      },
      {
        "summonerId": 20825671,
        "teamId": 100,
        "championId": 29
      },
      {
        "summonerId": 29251641,
        "teamId": 200,
        "championId": 98
      },
      {
        "summonerId": 26036807,
        "teamId": 100,
        "championId": 43
      },
      {
        "summonerId": 31634780,
        "teamId": 200,
        "championId": 19
      },
      {
        "summonerId": 23177618,
        "teamId": 100,
        "championId": 28
      },
      {
        "summonerId": 21110594,
        "teamId": 200,
        "championId": 7
      }
    ],
    "stats": {
      "level": 18,
      "goldEarned": 13506,
      "numDeaths": 10,
      "minionsKilled": 203,
      "championsKilled": 9,
      "goldSpent": 13017,
      "totalDamageDealt": 163833,
      "totalDamageTaken": 34390,
      "doubleKills": 1,
      "tripleKills": 1,
      "killingSprees": 2,
      "largestKillingSpree": 5,
      "team": 100,
      "win": false,
      "neutralMinionsKilled": 25,
      "largestMultiKill": 3,
      "physicalDamageDealtPlayer": 154639,
      "magicDamageDealtPlayer": 7725,
      "physicalDamageTaken": 15495,
      "magicDamageTaken": 17783,
      "largestCriticalStrike": 869,
      "timePlayed": 2526,
      "totalHeal": 1460,
      "totalUnitsHealed": 1,
      "assists": 4,
      "item0": 3143,
      "item1": 3265,
      "item2": 3072,
      "item3": 3035,
      "item4": 3134,
      "item5": 1028,
      "item6": 3340,
      "magicDamageDealtToChampions": 3774,
      "physicalDamageDealtToChampions": 27419,
      "totalDamageDealtToChampions": 32547,
      "trueDamageDealtPlayer": 1468,
      "trueDamageDealtToChampions": 1354,
      "trueDamageTaken": 1111,
      "wardPlaced": 8,
      "neutralMinionsKilledEnemyJungle": 3,
      "neutralMinionsKilledYourJungle": 22,
      "totalTimeCrowdControlDealt": 153
    }
  },
  "23177618": {
    "gameId": 818161300,
    "invalid": false,
    "gameMode": "CLASSIC",
    "gameType": "MATCHED_GAME",
    "subType": "RANKED_SOLO_5x5",
    "mapId": 1,
    "teamId": 100,
    "championId": 28,
    "spell1": 4,
    "spell2": 11,
    "level": 30,
    "ipEarned": 75,
    "createDate": 1398243512877,
    "fellowPlayers": [
      {
        "summonerId": 20775145,
        "teamId": 200,
        "championId": 117
      },
      {
        "summonerId": 29239146,
        "teamId": 200,
        "championId": 81
      },
      {
        "summonerId": 29783230,
        "teamId": 100,
        "championId": 121
      },
      {
        "summonerId": 20825671,
        "teamId": 100,
        "championId": 29
      },
      {
        "summonerId": 29251641,
        "teamId": 200,
        "championId": 98
      },
      {
        "summonerId": 26036807,
        "teamId": 100,
        "championId": 43
      },
      {
        "summonerId": 36725194,
        "teamId": 100,
        "championId": 80
      },
      {
        "summonerId": 31634780,
        "teamId": 200,
        "championId": 19
      },
      {
        "summonerId": 21110594,
        "teamId": 200,
        "championId": 7
      }
    ],
    "stats": {
      "level": 16,
      "goldEarned": 10591,
      "numDeaths": 11,
      "minionsKilled": 58,
      "championsKilled": 2,
      "goldSpent": 10020,
      "totalDamageDealt": 154138,
      "totalDamageTaken": 34294,
      "team": 100,
      "win": false,
      "neutralMinionsKilled": 80,
      "largestMultiKill": 1,
      "physicalDamageDealtPlayer": 53953,
      "magicDamageDealtPlayer": 84196,
      "physicalDamageTaken": 21629,
      "magicDamageTaken": 11683,
      "timePlayed": 2526,
      "totalHeal": 3185,
      "totalUnitsHealed": 1,
      "assists": 6,
      "item0": 3071,
      "item1": 3111,
      "item2": 3160,
      "item3": 3082,
      "item4": 3144,
      "item5": 1011,
      "item6": 3340,
      "visionWardsBought": 2,
      "magicDamageDealtToChampions": 8994,
      "physicalDamageDealtToChampions": 3095,
      "totalDamageDealtToChampions": 12278,
      "trueDamageDealtPlayer": 15988,
      "trueDamageDealtToChampions": 188,
      "trueDamageTaken": 981,
      "wardKilled": 1,
      "wardPlaced": 18,
      "neutralMinionsKilledEnemyJungle": 5,
      "neutralMinionsKilledYourJungle": 75,
      "totalTimeCrowdControlDealt": 267
    }
  },
  "20825671": {
    "gameId": 818161300,
    "invalid": false,
    "gameMode": "CLASSIC",
    "gameType": "MATCHED_GAME",
    "subType": "RANKED_SOLO_5x5",
    "mapId": 1,
    "teamId": 100,
    "championId": 29,
    "spell1": 4,
    "spell2": 7,
    "level": 30,
    "ipEarned": 75,
    "createDate": 1398243512875,
    "fellowPlayers": [
      {
        "summonerId": 20775145,
        "teamId": 200,
        "championId": 117
      },
      {
        "summonerId": 29239146,
        "teamId": 200,
        "championId": 81
      },
      {
        "summonerId": 29783230,
        "teamId": 100,
        "championId": 121
      },
      {
        "summonerId": 29251641,
        "teamId": 200,
        "championId": 98
      },
      {
        "summonerId": 26036807,
        "teamId": 100,
        "championId": 43
      },
      {
        "summonerId": 36725194,
        "teamId": 100,
        "championId": 80
      },
      {
        "summonerId": 31634780,
        "teamId": 200,
        "championId": 19
      },
      {
        "summonerId": 23177618,
        "teamId": 100,
        "championId": 28
      },
      {
        "summonerId": 21110594,
        "teamId": 200,
        "championId": 7
      }
    ],
    "stats": {
      "level": 17,
      "goldEarned": 14230,
      "numDeaths": 10,
      "turretsKilled": 1,
      "minionsKilled": 214,
      "championsKilled": 9,
      "goldSpent": 12050,
      "totalDamageDealt": 168264,
      "totalDamageTaken": 34637,
      "killingSprees": 2,
      "largestKillingSpree": 2,
      "team": 100,
      "win": false,
      "neutralMinionsKilled": 17,
      "largestMultiKill": 1,
      "physicalDamageDealtPlayer": 154652,
      "magicDamageDealtPlayer": 71,
      "physicalDamageTaken": 17416,
      "magicDamageTaken": 16776,
      "largestCriticalStrike": 509,
      "timePlayed": 2526,
      "totalHeal": 5422,
      "totalUnitsHealed": 2,
      "assists": 8,
      "item0": 3153,
      "item1": 1055,
      "item2": 3250,
      "item3": 3046,
      "item4": 3035,
      "item5": 1038,
      "item6": 3340,
      "magicDamageDealtToChampions": 71,
      "physicalDamageDealtToChampions": 20546,
      "totalDamageDealtToChampions": 27177,
      "trueDamageDealtPlayer": 13541,
      "trueDamageDealtToChampions": 6559,
      "trueDamageTaken": 444,
      "wardPlaced": 5,
      "neutralMinionsKilledEnemyJungle": 1,
      "neutralMinionsKilledYourJungle": 16,
      "totalTimeCrowdControlDealt": 444
    }
  },
  "26036807": {
    "gameId": 818161300,
    "invalid": false,
    "gameMode": "CLASSIC",
    "gameType": "MATCHED_GAME",
    "subType": "RANKED_SOLO_5x5",
    "mapId": 1,
    "teamId": 100,
    "championId": 43,
    "spell1": 4,
    "spell2": 3,
    "level": 30,
    "ipEarned": 75,
    "createDate": 1398243512881,
    "fellowPlayers": [
      {
        "summonerId": 20775145,
        "teamId": 200,
        "championId": 117
      },
      {
        "summonerId": 29239146,
        "teamId": 200,
        "championId": 81
      },
      {
        "summonerId": 29783230,
        "teamId": 100,
        "championId": 121
      },
      {
        "summonerId": 20825671,
        "teamId": 100,
        "championId": 29
      },
      {
        "summonerId": 29251641,
        "teamId": 200,
        "championId": 98
      },
      {
        "summonerId": 36725194,
        "teamId": 100,
        "championId": 80
      },
      {
        "summonerId": 31634780,
        "teamId": 200,
        "championId": 19
      },
      {
        "summonerId": 23177618,
        "teamId": 100,
        "championId": 28
      },
      {
        "summonerId": 21110594,
        "teamId": 200,
        "championId": 7
      }
    ],
    "stats": {
      "level": 15,
      "goldEarned": 11998,
      "numDeaths": 6,
      "minionsKilled": 43,
      "championsKilled": 2,
      "goldSpent": 10400,
      "totalDamageDealt": 47056,
      "totalDamageTaken": 25239,
      "team": 100,
      "win": false,
      "neutralMinionsKilled": 3,
      "largestMultiKill": 1,
      "physicalDamageDealtPlayer": 6958,
      "magicDamageDealtPlayer": 40098,
      "physicalDamageTaken": 11808,
      "magicDamageTaken": 13088,
      "timePlayed": 2526,
      "totalHeal": 2061,
      "totalUnitsHealed": 2,
      "assists": 14,
      "item0": 3190,
      "item1": 3092,
      "item2": 2045,
      "item3": 3276,
      "item4": 3222,
      "item5": 2010,
      "item6": 3341,
      "sightWardsBought": 1,
      "magicDamageDealtToChampions": 15584,
      "physicalDamageDealtToChampions": 2296,
      "totalDamageDealtToChampions": 17880,
      "trueDamageTaken": 342,
      "wardKilled": 8,
      "wardPlaced": 23,
      "neutralMinionsKilledYourJungle": 3,
      "totalTimeCrowdControlDealt": 335
    }
  }
}