{
  "31407335": {
    "gameId": 818161450,
    "invalid": false,
    "gameMode": "CLASSIC",
    "gameType": "MATCHED_GAME",
    "subType": "NORMAL",
    "mapId": 1,
    "teamId": 200,
    "championId": 64,
    "spell1": 4,
    "spell2": 11,
    "level": 30,
    "ipEarned": 75,
    "createDate": 1398243616906,
    "fellowPlayers": [
      {
        "summonerId": 36084649,
        "teamId": 200,
        "championId": 238
      },
      {
        "summonerId": 21956768,
        "teamId": 200,
        "championId": 67
      },
      {
        "summonerId": 31416840,
        "teamId": 100,
        "championId": 56
      },
      {
        "summonerId": 32883202,
        "teamId": 200,
        "championId": 43
      },
      {
        "summonerId": 36367011,
        "teamId": 100,
        "championId": 157
      },
      {
        "summonerId": 20917266,
        "teamId": 100,
        "championId": 39
      },
      {
        "summonerId": 33447384,
        "teamId": 100,
        "championId": 67
      },
      {
        "summonerId": 34866537,
        "teamId": 100,
        "championId": 17
      },
      {
        "summonerId": 24679334,
        "teamId": 200,
        "championId": 80
      }
    ],
    "stats": {
      "level": 18,
      "goldEarned": 14298,
      "numDeaths": 9,
      "turretsKilled": 1,
      "minionsKilled": 83,
      "championsKilled": 5,
      "goldSpent": 14120,
      "totalDamageDealt": 199331,
      "totalDamageTaken": 41923,
      "killingSprees": 1,
      "largestKillingSpree": 2,
      "team": 200,
      "win": false,
      "neutralMinionsKilled": 80,
      "largestMultiKill": 1,
      "physicalDamageDealtPlayer": 135532,
      "magicDamageDealtPlayer": 42707,
      "physicalDamageTaken": 29065,
      "magicDamageTaken": 10201,
      "timePlayed": 2522,
      "totalHeal": 4377,
      "totalUnitsHealed": 1,
      "assists": 18,
      "item0": 3209,
      "item1": 3117,
      "item2": 3068,
      "item3": 3065,
      "item4": 3074,
      "item5": 3075,
      "item6": 3340,
      "magicDamageDealtToChampions": 4285,
      "physicalDamageDealtToChampions": 14631,
      "totalDamageDealtToChampions": 20584,
      "trueDamageDealtPlayer": 21091,
      "trueDamageDealtToChampions": 1667,
      "trueDamageTaken": 2656,
      "wardPlaced": 2,
      "neutralMinionsKilledEnemyJungle": 7,
      "neutralMinionsKilledYourJungle": 73,
      "totalTimeCrowdControlDealt": 952
    }
  },
  "summonerCount": 10,
  "20917266": {
    "gameId": 818161450,
    "invalid": false,
    "gameMode": "CLASSIC",
    "gameType": "MATCHED_GAME",
    "subType": "NORMAL",
    "mapId": 1,
    "teamId": 100,
    "championId": 39,
    "spell1": 4,
    "spell2": 12,
    "level": 30,
    "ipEarned": 115,
    "createDate": 1398243616897,
    "fellowPlayers": [
      {
        "summonerId": 36084649,
        "teamId": 200,
        "championId": 238
      },
      {
        "summonerId": 21956768,
        "teamId": 200,
        "championId": 67
      },
      {
        "summonerId": 31416840,
        "teamId": 100,
        "championId": 56
      },
      {
        "summonerId": 32883202,
        "teamId": 200,
        "championId": 43
      },
      {
        "summonerId": 36367011,
        "teamId": 100,
        "championId": 157
      },
      {
        "summonerId": 31407335,
        "teamId": 200,
        "championId": 64
      },
      {
        "summonerId": 33447384,
        "teamId": 100,
        "championId": 67
      },
      {
        "summonerId": 34866537,
        "teamId": 100,
        "championId": 17
      },
      {
        "summonerId": 24679334,
        "teamId": 200,
        "championId": 80
      }
    ],
    "stats": {
      "level": 18,
      "goldEarned": 17062,
      "numDeaths": 15,
      "barracksKilled": 1,
      "minionsKilled": 205,
      "championsKilled": 13,
      "goldSpent": 15508,
      "totalDamageDealt": 152842,
      "totalDamageTaken": 57994,
      "killingSprees": 5,
      "largestKillingSpree": 2,
      "team": 100,
      "win": true,
      "neutralMinionsKilled": 14,
      "largestMultiKill": 1,
      "physicalDamageDealtPlayer": 133064,
      "magicDamageDealtPlayer": 5479,
      "physicalDamageTaken": 43969,
      "magicDamageTaken": 11430,
      "largestCriticalStrike": 551,
      "timePlayed": 2522,
      "totalHeal": 11920,
      "totalUnitsHealed": 1,
      "assists": 12,
      "item0": 3143,
      "item1": 3153,
      "item2": 3074,
      "item3": 3260,
      "item4": 1055,
      "item5": 3078,
      "item6": 3340,
      "sightWardsBought": 1,
      "magicDamageDealtToChampions": 5313,
      "physicalDamageDealtToChampions": 23176,
      "totalDamageDealtToChampions": 33920,
      "trueDamageDealtPlayer": 14298,
      "trueDamageDealtToChampions": 5430,
      "trueDamageTaken": 2595,
      "wardPlaced": 7,
      "neutralMinionsKilledEnemyJungle": 8,
      "neutralMinionsKilledYourJungle": 6,
      "totalTimeCrowdControlDealt": 448
    }
  },
  "36367011": {
    "gameId": 818161450,
    "invalid": false,
    "gameMode": "CLASSIC",
    "gameType": "MATCHED_GAME",
    "subType": "NORMAL",
    "mapId": 1,
    "teamId": 100,
    "championId": 157,
    "spell1": 14,
    "spell2": 4,
    "level": 30,
    "ipEarned": 115,
    "createDate": 1398243616900,
    "fellowPlayers": [
      {
        "summonerId": 36084649,
        "teamId": 200,
        "championId": 238
      },
      {
        "summonerId": 21956768,
        "teamId": 200,
        "championId": 67
      },
      {
        "summonerId": 31416840,
        "teamId": 100,
        "championId": 56
      },
      {
        "summonerId": 32883202,
        "teamId": 200,
        "championId": 43
      },
      {
        "summonerId": 31407335,
        "teamId": 200,
        "championId": 64
      },
      {
        "summonerId": 20917266,
        "teamId": 100,
        "championId": 39
      },
      {
        "summonerId": 33447384,
        "teamId": 100,
        "championId": 67
      },
      {
        "summonerId": 34866537,
        "teamId": 100,
        "championId": 17
      },
      {
        "summonerId": 24679334,
        "teamId": 200,
        "championId": 80
      }
    ],
    "stats": {
      "level": 18,
      "goldEarned": 18380,
      "numDeaths": 13,
      "barracksKilled": 2,
      "turretsKilled": 1,
      "minionsKilled": 285,
      "championsKilled": 10,
      "goldSpent": 15665,
      "totalDamageDealt": 264524,
      "totalDamageTaken": 37760,
      "doubleKills": 2,
      "tripleKills": 1,
      "killingSprees": 2,
      "largestKillingSpree": 3,
      "team": 100,
      "win": true,
      "neutralMinionsKilled": 26,
      "largestMultiKill": 3,
      "physicalDamageDealtPlayer": 207756,
      "magicDamageDealtPlayer": 55390,
      "physicalDamageTaken": 29777,
      "magicDamageTaken": 6219,
      "largestCriticalStrike": 787,
      "timePlayed": 2522,
      "totalHeal": 1847,
      "totalUnitsHealed": 1,
      "assists": 10,
      "item0": 3143,
      "item1": 3072,
      "item2": 3250,
      "item3": 3031,
      "item4": 1036,
      "item5": 3087,
      "item6": 3340,
      "sightWardsBought": 1,
      "magicDamageDealtToChampions": 5233,
      "physicalDamageDealtToChampions": 22521,
      "totalDamageDealtToChampions": 29131,
      "trueDamageDealtPlayer": 1377,
      "trueDamageDealtToChampions": 1377,
      "trueDamageTaken": 1763,
      "wardPlaced": 13,
      "neutralMinionsKilledEnemyJungle": 9,
      "neutralMinionsKilledYourJungle": 17,
      "totalTimeCrowdControlDealt": 395
    }
  },
  "34866537": {
    "gameId": 818161450,
    "invalid": false,
    "gameMode": "CLASSIC",
    "gameType": "MATCHED_GAME",
    "subType": "NORMAL",
    "mapId": 1,
    "teamId": 100,
    "championId": 17,
    "spell1": 12,
    "spell2": 4,
    "level": 30,
    "ipEarned": 115,
    "createDate": 1398243616899,
    "fellowPlayers": [
      {
        "summonerId": 36084649,
        "teamId": 200,
        "championId": 238
      },
      {
        "summonerId": 21956768,
        "teamId": 200,
        "championId": 67
      },
      {
        "summonerId": 31416840,
        "teamId": 100,
        "championId": 56
      },
      {
        "summonerId": 32883202,
        "teamId": 200,
        "championId": 43
      },
      {
        "summonerId": 36367011,
        "teamId": 100,
        "championId": 157
      },
      {
        "summonerId": 31407335,
        "teamId": 200,
        "championId": 64
      },
      {
        "summonerId": 20917266,
        "teamId": 100,
        "championId": 39
      },
      {
        "summonerId": 33447384,
        "teamId": 100,
        "championId": 67
      },
      {
        "summonerId": 24679334,
        "teamId": 200,
        "championId": 80
      }
    ],
    "stats": {
      "level": 18,
      "goldEarned": 13196,
      "numDeaths": 13,
      "minionsKilled": 43,
      "championsKilled": 5,
      "goldSpent": 12995,
      "totalDamageDealt": 73503,
      "totalDamageTaken": 32777,
      "team": 100,
      "win": true,
      "largestMultiKill": 1,
      "physicalDamageDealtPlayer": 9289,
      "magicDamageDealtPlayer": 64213,
      "physicalDamageTaken": 20734,
      "magicDamageTaken": 10331,
      "timePlayed": 2522,
      "totalHeal": 614,
      "totalUnitsHealed": 1,
      "assists": 19,
      "item0": 3157,
      "item1": 3151,
      "item2": 3255,
      "item3": 1058,
      "item4": 3135,
      "item5": 1026,
      "item6": 3340,
      "magicDamageDealtToChampions": 46018,
      "physicalDamageDealtToChampions": 2485,
      "totalDamageDealtToChampions": 48504,
      "trueDamageTaken": 1711,
      "wardPlaced": 73,
      "totalTimeCrowdControlDealt": 474
    }
  },
  "21956768": {
    "gameId": 818161450,
    "invalid": false,
    "gameMode": "CLASSIC",
    "gameType": "MATCHED_GAME",
    "subType": "NORMAL",
    "mapId": 1,
    "teamId": 200,
    "championId": 67,
    "spell1": 4,
    "spell2": 21,
    "level": 30,
    "ipEarned": 75,
    "createDate": 1398243616907,
    "fellowPlayers": [
      {
        "summonerId": 36084649,
        "teamId": 200,
        "championId": 238
      },
      {
        "summonerId": 31416840,
        "teamId": 100,
        "championId": 56
      },
      {
        "summonerId": 32883202,
        "teamId": 200,
        "championId": 43
      },
      {
        "summonerId": 36367011,
        "teamId": 100,
        "championId": 157
      },
      {
        "summonerId": 31407335,
        "teamId": 200,
        "championId": 64
      },
      {
        "summonerId": 20917266,
        "teamId": 100,
        "championId": 39
      },
      {
        "summonerId": 33447384,
        "teamId": 100,
        "championId": 67
      },
      {
        "summonerId": 34866537,
        "teamId": 100,
        "championId": 17
      },
      {
        "summonerId": 24679334,
        "teamId": 200,
        "championId": 80
      }
    ],
    "stats": {
      "level": 18,
      "goldEarned": 16217,
      "numDeaths": 9,
      "barracksKilled": 1,
      "minionsKilled": 206,
      "championsKilled": 15,
      "goldSpent": 15870,
      "totalDamageDealt": 162466,
      "totalDamageTaken": 40436,
      "doubleKills": 3,
      "killingSprees": 4,
      "largestKillingSpree": 5,
      "team": 200,
      "win": false,
      "neutralMinionsKilled": 7,
      "largestMultiKill": 2,
      "physicalDamageDealtPlayer": 150158,
      "magicDamageDealtPlayer": 81,
      "physicalDamageTaken": 22770,
      "magicDamageTaken": 16496,
      "largestCriticalStrike": 720,
      "timePlayed": 2522,
      "totalHeal": 2341,
      "totalUnitsHealed": 1,
      "assists": 7,
      "item0": 3026,
      "item1": 3006,
      "item2": 3072,
      "item3": 3153,
      "item4": 3046,
      "item5": 3035,
      "item6": 3340,
      "magicDamageDealtToChampions": 81,
      "physicalDamageDealtToChampions": 23775,
      "totalDamageDealtToChampions": 28609,
      "trueDamageDealtPlayer": 12226,
      "trueDamageDealtToChampions": 4753,
      "trueDamageTaken": 1169,
      "wardKilled": 1,
      "wardPlaced": 7,
      "neutralMinionsKilledEnemyJungle": 3,
      "neutralMinionsKilledYourJungle": 4,
      "totalTimeCrowdControlDealt": 106
    }
  },
  "36084649": {
    "gameId": 818161450,
    "invalid": false,
    "gameMode": "CLASSIC",
    "gameType": "MATCHED_GAME",
    "subType": "NORMAL",
    "mapId": 1,
    "teamId": 200,
    "championId": 238,
    "spell1": 4,
    "spell2": 7,
    "level": 30,
    "ipEarned": 75,
    "createDate": 1398243616904,
    "fellowPlayers": [
      {
        "summonerId": 21956768,
        "teamId": 200,
        "championId": 67
      },
      {
        "summonerId": 31416840,
        "teamId": 100,
        "championId": 56
      },
      {
        "summonerId": 32883202,
        "teamId": 200,
        "championId": 43
      },
      {
        "summonerId": 36367011,
        "teamId": 100,
        "championId": 157
      },
      {
        "summonerId": 31407335,
        "teamId": 200,
        "championId": 64
      },
      {
        "summonerId": 20917266,
        "teamId": 100,
        "championId": 39
      },
      {
        "summonerId": 33447384,
        "teamId": 100,
        "championId": 67
      },
      {
        "summonerId": 34866537,
        "teamId": 100,
        "championId": 17
      },
      {
        "summonerId": 24679334,
        "teamId": 200,
        "championId": 80
      }
    ],
    "stats": {
      "level": 18,
      "goldEarned": 16750,
      "numDeaths": 8,
      "barracksKilled": 1,
      "turretsKilled": 2,
      "minionsKilled": 223,
      "championsKilled": 16,
      "goldSpent": 16305,
      "totalDamageDealt": 201186,
      "totalDamageTaken": 38002,
      "killingSprees": 3,
      "largestKillingSpree": 6,
      "team": 200,
      "win": false,
      "neutralMinionsKilled": 22,
      "largestMultiKill": 1,
      "physicalDamageDealtPlayer": 192581,
      "magicDamageDealtPlayer": 8532,
      "physicalDamageTaken": 23823,
      "magicDamageTaken": 11823,
      "largestCriticalStrike": 768,
      "timePlayed": 2522,
      "totalHeal": 6460,
      "totalUnitsHealed": 3,
      "assists": 9,
      "item0": 3153,
      "item1": 3074,
      "item2": 3142,
      "item3": 3270,
      "item4": 3035,
      "item5": 3083,
      "item6": 3340,
      "magicDamageDealtToChampions": 2429,
      "physicalDamageDealtToChampions": 35837,
      "totalDamageDealtToChampions": 38339,
      "trueDamageDealtPlayer": 72,
      "trueDamageDealtToChampions": 72,
      "trueDamageTaken": 2355,
      "wardKilled": 1,
      "wardPlaced": 41,
      "neutralMinionsKilledEnemyJungle": 1,
      "neutralMinionsKilledYourJungle": 21,
      "totalTimeCrowdControlDealt": 242
    }
  },
  "33447384": {
    "gameId": 818161450,
    "invalid": false,
    "gameMode": "CLASSIC",
    "gameType": "MATCHED_GAME",
    "subType": "NORMAL",
    "mapId": 1,
    "teamId": 100,
    "championId": 67,
    "spell1": 4,
    "spell2": 21,
    "level": 30,
    "ipEarned": 265,
    "createDate": 1398243616901,
    "fellowPlayers": [
      {
        "summonerId": 36084649,
        "teamId": 200,
        "championId": 238
      },
      {
        "summonerId": 21956768,
        "teamId": 200,
        "championId": 67
      },
      {
        "summonerId": 31416840,
        "teamId": 100,
        "championId": 56
      },
      {
        "summonerId": 32883202,
        "teamId": 200,
        "championId": 43
      },
      {
        "summonerId": 36367011,
        "teamId": 100,
        "championId": 157
      },
      {
        "summonerId": 31407335,
        "teamId": 200,
        "championId": 64
      },
      {
        "summonerId": 20917266,
        "teamId": 100,
        "championId": 39
      },
      {
        "summonerId": 34866537,
        "teamId": 100,
        "championId": 17
      },
      {
        "summonerId": 24679334,
        "teamId": 200,
        "championId": 80
      }
    ],
    "stats": {
      "level": 18,
      "goldEarned": 15933,
      "numDeaths": 7,
      "turretsKilled": 3,
      "minionsKilled": 198,
      "championsKilled": 8,
      "goldSpent": 16510,
      "totalDamageDealt": 180984,
      "totalDamageTaken": 29490,
      "doubleKills": 1,
      "killingSprees": 3,
      "largestKillingSpree": 3,
      "team": 100,
      "win": true,
      "neutralMinionsKilled": 17,
      "largestMultiKill": 2,
      "physicalDamageDealtPlayer": 164888,
      "magicDamageDealtPlayer": 226,
      "physicalDamageTaken": 23085,
      "magicDamageTaken": 5289,
      "largestCriticalStrike": 812,
      "timePlayed": 2522,
      "totalHeal": 2074,
      "totalUnitsHealed": 1,
      "assists": 9,
      "item0": 3153,
      "item1": 3140,
      "item2": 3031,
      "item3": 3250,
      "item4": 3046,
      "item5": 3035,
      "item6": 3340,
      "magicDamageDealtToChampions": 226,
      "physicalDamageDealtToChampions": 25016,
      "totalDamageDealtToChampions": 29911,
      "trueDamageDealtPlayer": 15868,
      "trueDamageDealtToChampions": 4669,
      "trueDamageTaken": 1116,
      "wardPlaced": 6,
      "neutralMinionsKilledEnemyJungle": 3,
      "neutralMinionsKilledYourJungle": 14,
      "totalTimeCrowdControlDealt": 38
    }
  },
  "32883202": {
    "gameId": 818161450,
    "invalid": false,
    "gameMode": "CLASSIC",
    "gameType": "MATCHED_GAME",
    "subType": "NORMAL",
    "mapId": 1,
    "teamId": 200,
    "championId": 43,
    "spell1": 4,
    "spell2": 7,
    "level": 30,
    "ipEarned": 75,
    "createDate": 1398243616905,
    "fellowPlayers": [
      {
        "summonerId": 36084649,
        "teamId": 200,
        "championId": 238
      },
      {
        "summonerId": 21956768,
        "teamId": 200,
        "championId": 67
      },
      {
        "summonerId": 31416840,
        "teamId": 100,
        "championId": 56
      },
      {
        "summonerId": 36367011,
        "teamId": 100,
        "championId": 157
      },
      {
        "summonerId": 31407335,
        "teamId": 200,
        "championId": 64
      },
      {
        "summonerId": 20917266,
        "teamId": 100,
        "championId": 39
      },
      {
        "summonerId": 33447384,
        "teamId": 100,
        "championId": 67
      },
      {
        "summonerId": 34866537,
        "teamId": 100,
        "championId": 17
      },
      {
        "summonerId": 24679334,
        "teamId": 200,
        "championId": 80
      }
    ],
    "stats": {
      "level": 17,
      "goldEarned": 13855,
      "numDeaths": 12,
      "minionsKilled": 26,
      "championsKilled": 4,
      "goldSpent": 12360,
      "totalDamageDealt": 53011,
      "totalDamageTaken": 34134,
      "doubleKills": 1,
      "killingSprees": 1,
      "largestKillingSpree": 2,
      "team": 200,
      "win": false,
      "largestMultiKill": 2,
      "physicalDamageDealtPlayer": 7912,
      "magicDamageDealtPlayer": 45039,
      "physicalDamageTaken": 22255,
      "magicDamageTaken": 9674,
      "timePlayed": 2522,
      "totalHeal": 3802,
      "totalUnitsHealed": 4,
      "assists": 27,
      "item0": 3092,
      "item1": 2045,
      "item2": 3020,
      "item3": 3174,
      "item4": 3151,
      "item5": 1058,
      "item6": 3341,
      "sightWardsBought": 2,
      "magicDamageDealtToChampions": 25164,
      "physicalDamageDealtToChampions": 2123,
      "totalDamageDealtToChampions": 27348,
      "trueDamageDealtPlayer": 60,
      "trueDamageDealtToChampions": 60,
      "trueDamageTaken": 2204,
      "wardKilled": 1,
      "wardPlaced": 21,
      "totalTimeCrowdControlDealt": 293
    }
  },
  "31416840": {
    "gameId": 818161450,
    "invalid": false,
    "gameMode": "CLASSIC",
    "gameType": "MATCHED_GAME",
    "subType": "NORMAL",
    "mapId": 1,
    "teamId": 100,
    "championId": 56,
    "spell1": 4,
    "spell2": 11,
    "level": 30,
    "ipEarned": 115,
    "createDate": 1398243616898,
    "fellowPlayers": [
      {
        "summonerId": 36084649,
        "teamId": 200,
        "championId": 238
      },
      {
        "summonerId": 21956768,
        "teamId": 200,
        "championId": 67
      },
      {
        "summonerId": 32883202,
        "teamId": 200,
        "championId": 43
      },
      {
        "summonerId": 36367011,
        "teamId": 100,
        "championId": 157
      },
      {
        "summonerId": 31407335,
        "teamId": 200,
        "championId": 64
      },
      {
        "summonerId": 20917266,
        "teamId": 100,
        "championId": 39
      },
      {
        "summonerId": 33447384,
        "teamId": 100,
        "championId": 67
      },
      {
        "summonerId": 34866537,
        "teamId": 100,
        "championId": 17
      },
      {
        "summonerId": 24679334,
        "teamId": 200,
        "championId": 80
      }
    ],
    "stats": {
      "level": 18,
      "goldEarned": 19137,
      "numDeaths": 4,
      "barracksKilled": 2,
      "turretsKilled": 2,
      "minionsKilled": 60,
      "championsKilled": 13,
      "goldSpent": 17360,
      "totalDamageDealt": 299320,
      "totalDamageTaken": 32982,
      "doubleKills": 2,
      "killingSprees": 2,
      "largestKillingSpree": 6,
      "team": 100,
      "win": true,
      "neutralMinionsKilled": 143,
      "largestMultiKill": 2,
      "physicalDamageDealtPlayer": 205449,
      "magicDamageDealtPlayer": 73585,
      "physicalDamageTaken": 28289,
      "magicDamageTaken": 2852,
      "timePlayed": 2522,
      "totalHeal": 12381,
      "totalUnitsHealed": 1,
      "assists": 12,
      "item0": 3153,
      "item1": 3143,
      "item2": 3160,
      "item3": 3265,
      "item4": 3156,
      "item5": 3102,
      "item6": 3363,
      "visionWardsBought": 1,
      "magicDamageDealtToChampions": 3373,
      "physicalDamageDealtToChampions": 17937,
      "totalDamageDealtToChampions": 21873,
      "trueDamageDealtPlayer": 20286,
      "trueDamageDealtToChampions": 562,
      "trueDamageTaken": 1841,
      "wardPlaced": 8,
      "neutralMinionsKilledEnemyJungle": 28,
      "neutralMinionsKilledYourJungle": 115,
      "totalTimeCrowdControlDealt": 1214
    }
  },
  "31407335": {
    "gameId": 818161450,
    "invalid": false,
    "gameMode": "CLASSIC",
    "gameType": "MATCHED_GAME",
    "subType": "NORMAL",
    "mapId": 1,
    "teamId": 200,
    "championId": 64,
    "spell1": 4,
    "spell2": 11,
    "level": 30,
    "ipEarned": 75,
    "createDate": 1398243616906,
    "fellowPlayers": [
      {
        "summonerId": 36084649,
        "teamId": 200,
        "championId": 238
      },
      {
        "summonerId": 21956768,
        "teamId": 200,
        "championId": 67
      },
      {
        "summonerId": 31416840,
        "teamId": 100,
        "championId": 56
      },
      {
        "summonerId": 32883202,
        "teamId": 200,
        "championId": 43
      },
      {
        "summonerId": 36367011,
        "teamId": 100,
        "championId": 157
      },
      {
        "summonerId": 20917266,
        "teamId": 100,
        "championId": 39
      },
      {
        "summonerId": 33447384,
        "teamId": 100,
        "championId": 67
      },
      {
        "summonerId": 34866537,
        "teamId": 100,
        "championId": 17
      },
      {
        "summonerId": 24679334,
        "teamId": 200,
        "championId": 80
      }
    ],
    "stats": {
      "level": 18,
      "goldEarned": 14298,
      "numDeaths": 9,
      "turretsKilled": 1,
      "minionsKilled": 83,
      "championsKilled": 5,
      "goldSpent": 14120,
      "totalDamageDealt": 199331,
      "totalDamageTaken": 41923,
      "killingSprees": 1,
      "largestKillingSpree": 2,
      "team": 200,
      "win": false,
      "neutralMinionsKilled": 80,
      "largestMultiKill": 1,
      "physicalDamageDealtPlayer": 135532,
      "magicDamageDealtPlayer": 42707,
      "physicalDamageTaken": 29065,
      "magicDamageTaken": 10201,
      "timePlayed": 2522,
      "totalHeal": 4377,
      "totalUnitsHealed": 1,
      "assists": 18,
      "item0": 3209,
      "item1": 3117,
      "item2": 3068,
      "item3": 3065,
      "item4": 3074,
      "item5": 3075,
      "item6": 3340,
      "magicDamageDealtToChampions": 4285,
      "physicalDamageDealtToChampions": 14631,
      "totalDamageDealtToChampions": 20584,
      "trueDamageDealtPlayer": 21091,
      "trueDamageDealtToChampions": 1667,
      "trueDamageTaken": 2656,
      "wardPlaced": 2,
      "neutralMinionsKilledEnemyJungle": 7,
      "neutralMinionsKilledYourJungle": 73,
      "totalTimeCrowdControlDealt": 952
    }
  }
}