{
  "21824753": {
    "gameId": 818169008,
    "invalid": false,
    "gameMode": "CLASSIC",
    "gameType": "MATCHED_GAME",
    "subType": "RANKED_SOLO_5x5",
    "mapId": 1,
    "teamId": 200,
    "championId": 80,
    "spell1": 14,
    "spell2": 4,
    "level": 30,
    "ipEarned": 120,
    "createDate": 1398243642434,
    "fellowPlayers": [
      {
        "summonerId": 20664516,
        "teamId": 200,
        "championId": 115
      },
      {
        "summonerId": 28201283,
        "teamId": 100,
        "championId": 36
      },
      {
        "summonerId": 35363526,
        "teamId": 100,
        "championId": 412
      },
      {
        "summonerId": 36037565,
        "teamId": 200,
        "championId": 113
      },
      {
        "summonerId": 36380644,
        "teamId": 100,
        "championId": 236
      },
      {
        "summonerId": 29706756,
        "teamId": 100,
        "championId": 238
      },
      {
        "summonerId": 27514234,
        "teamId": 200,
        "championId": 25
      },
      {
        "summonerId": 28603887,
        "teamId": 100,
        "championId": 60
      },
      {
        "summonerId": 41511452,
        "teamId": 200,
        "championId": 51
      }
    ],
    "stats": {
      "level": 18,
      "goldEarned": 20241,
      "numDeaths": 7,
      "turretsKilled": 3,
      "minionsKilled": 225,
      "championsKilled": 24,
      "goldSpent": 17825,
      "totalDamageDealt": 243456,
      "totalDamageTaken": 31046,
      "doubleKills": 4,
      "tripleKills": 1,
      "killingSprees": 5,
      "largestKillingSpree": 10,
      "team": 200,
      "win": true,
      "neutralMinionsKilled": 22,
      "largestMultiKill": 3,
      "physicalDamageDealtPlayer": 226210,
      "magicDamageDealtPlayer": 14614,
      "physicalDamageTaken": 14727,
      "magicDamageTaken": 15593,
      "largestCriticalStrike": 911,
      "timePlayed": 2675,
      "totalHeal": 2909,
      "totalUnitsHealed": 1,
      "assists": 6,
      "item0": 3074,
      "item1": 3265,
      "item2": 3035,
      "item3": 3083,
      "item4": 3022,
      "item5": 3026,
      "item6": 3340,
      "magicDamageDealtToChampions": 4144,
      "physicalDamageDealtToChampions": 38098,
      "totalDamageDealtToChampions": 44574,
      "trueDamageDealtPlayer": 2632,
      "trueDamageDealtToChampions": 2332,
      "trueDamageTaken": 726,
      "wardPlaced": 13,
      "neutralMinionsKilledEnemyJungle": 4,
      "neutralMinionsKilledYourJungle": 18,
      "totalTimeCrowdControlDealt": 294
    }
  },
  "summonerCount": 10,
  "41511452": {
    "gameId": 818169008,
    "invalid": false,
    "gameMode": "CLASSIC",
    "gameType": "MATCHED_GAME",
    "subType": "RANKED_SOLO_5x5",
    "mapId": 1,
    "teamId": 200,
    "championId": 51,
    "spell1": 4,
    "spell2": 7,
    "level": 30,
    "ipEarned": 270,
    "createDate": 1398243642435,
    "fellowPlayers": [
      {
        "summonerId": 20664516,
        "teamId": 200,
        "championId": 115
      },
      {
        "summonerId": 28201283,
        "teamId": 100,
        "championId": 36
      },
      {
        "summonerId": 35363526,
        "teamId": 100,
        "championId": 412
      },
      {
        "summonerId": 36037565,
        "teamId": 200,
        "championId": 113
      },
      {
        "summonerId": 36380644,
        "teamId": 100,
        "championId": 236
      },
      {
        "summonerId": 29706756,
        "teamId": 100,
        "championId": 238
      },
      {
        "summonerId": 27514234,
        "teamId": 200,
        "championId": 25
      },
      {
        "summonerId": 28603887,
        "teamId": 100,
        "championId": 60
      },
      {
        "summonerId": 21824753,
        "teamId": 200,
        "championId": 80
      }
    ],
    "stats": {
      "level": 18,
      "goldEarned": 13802,
      "numDeaths": 12,
      "minionsKilled": 186,
      "championsKilled": 5,
      "goldSpent": 13650,
      "totalDamageDealt": 144535,
      "totalDamageTaken": 31064,
      "killingSprees": 1,
      "largestKillingSpree": 2,
      "team": 200,
      "win": true,
      "neutralMinionsKilled": 9,
      "largestMultiKill": 1,
      "physicalDamageDealtPlayer": 141714,
      "magicDamageDealtPlayer": 2513,
      "physicalDamageTaken": 25452,
      "magicDamageTaken": 5525,
      "largestCriticalStrike": 1142,
      "timePlayed": 2675,
      "totalHeal": 2862,
      "totalUnitsHealed": 2,
      "assists": 12,
      "item0": 3031,
      "item1": 3072,
      "item2": 3035,
      "item3": 3006,
      "item4": 3046,
      "item6": 3340,
      "magicDamageDealtToChampions": 1489,
      "physicalDamageDealtToChampions": 22861,
      "totalDamageDealtToChampions": 24519,
      "trueDamageDealtPlayer": 308,
      "trueDamageDealtToChampions": 168,
      "trueDamageTaken": 86,
      "wardKilled": 1,
      "wardPlaced": 7,
      "neutralMinionsKilledEnemyJungle": 1,
      "neutralMinionsKilledYourJungle": 8,
      "totalTimeCrowdControlDealt": 90
    }
  },
  "36380644": {
    "gameId": 818169008,
    "invalid": false,
    "gameMode": "CLASSIC",
    "gameType": "MATCHED_GAME",
    "subType": "RANKED_SOLO_5x5",
    "mapId": 1,
    "teamId": 100,
    "championId": 236,
    "spell1": 4,
    "spell2": 7,
    "level": 30,
    "ipEarned": 78,
    "createDate": 1398243642431,
    "fellowPlayers": [
      {
        "summonerId": 20664516,
        "teamId": 200,
        "championId": 115
      },
      {
        "summonerId": 28201283,
        "teamId": 100,
        "championId": 36
      },
      {
        "summonerId": 35363526,
        "teamId": 100,
        "championId": 412
      },
      {
        "summonerId": 36037565,
        "teamId": 200,
        "championId": 113
      },
      {
        "summonerId": 29706756,
        "teamId": 100,
        "championId": 238
      },
      {
        "summonerId": 27514234,
        "teamId": 200,
        "championId": 25
      },
      {
        "summonerId": 28603887,
        "teamId": 100,
        "championId": 60
      },
      {
        "summonerId": 41511452,
        "teamId": 200,
        "championId": 51
      },
      {
        "summonerId": 21824753,
        "teamId": 200,
        "championId": 80
      }
    ],
    "stats": {
      "level": 18,
      "goldEarned": 17743,
      "numDeaths": 9,
      "barracksKilled": 1,
      "turretsKilled": 2,
      "minionsKilled": 220,
      "championsKilled": 14,
      "goldSpent": 16833,
      "totalDamageDealt": 175897,
      "totalDamageTaken": 37031,
      "doubleKills": 3,
      "killingSprees": 4,
      "largestKillingSpree": 5,
      "team": 100,
      "win": false,
      "neutralMinionsKilled": 25,
      "largestMultiKill": 2,
      "physicalDamageDealtPlayer": 157691,
      "magicDamageDealtPlayer": 17810,
      "physicalDamageTaken": 20193,
      "magicDamageTaken": 16120,
      "largestCriticalStrike": 807,
      "timePlayed": 2675,
      "totalHeal": 3487,
      "totalUnitsHealed": 3,
      "assists": 12,
      "item0": 3250,
      "item1": 3072,
      "item2": 3078,
      "item3": 3035,
      "item4": 3102,
      "item5": 1037,
      "item6": 3340,
      "magicDamageDealtToChampions": 5740,
      "physicalDamageDealtToChampions": 28276,
      "totalDamageDealtToChampions": 34196,
      "trueDamageDealtPlayer": 396,
      "trueDamageDealtToChampions": 180,
      "trueDamageTaken": 718,
      "wardKilled": 2,
      "wardPlaced": 6,
      "neutralMinionsKilledEnemyJungle": 6,
      "neutralMinionsKilledYourJungle": 19,
      "totalTimeCrowdControlDealt": 69
    }
  },
  "35363526": {
    "gameId": 818169008,
    "invalid": false,
    "gameMode": "CLASSIC",
    "gameType": "MATCHED_GAME",
    "subType": "RANKED_SOLO_5x5",
    "mapId": 1,
    "teamId": 100,
    "championId": 412,
    "spell1": 3,
    "spell2": 4,
    "level": 30,
    "ipEarned": 78,
    "createDate": 1398243642430,
    "fellowPlayers": [
      {
        "summonerId": 20664516,
        "teamId": 200,
        "championId": 115
      },
      {
        "summonerId": 28201283,
        "teamId": 100,
        "championId": 36
      },
      {
        "summonerId": 36037565,
        "teamId": 200,
        "championId": 113
      },
      {
        "summonerId": 36380644,
        "teamId": 100,
        "championId": 236
      },
      {
        "summonerId": 29706756,
        "teamId": 100,
        "championId": 238
      },
      {
        "summonerId": 27514234,
        "teamId": 200,
        "championId": 25
      },
      {
        "summonerId": 28603887,
        "teamId": 100,
        "championId": 60
      },
      {
        "summonerId": 41511452,
        "teamId": 200,
        "championId": 51
      },
      {
        "summonerId": 21824753,
        "teamId": 200,
        "championId": 80
      }
    ],
    "stats": {
      "level": 15,
      "goldEarned": 13112,
      "numDeaths": 10,
      "turretsKilled": 1,
      "minionsKilled": 16,
      "championsKilled": 3,
      "goldSpent": 11830,
      "totalDamageDealt": 21072,
      "totalDamageTaken": 37448,
      "team": 100,
      "win": false,
      "neutralMinionsKilled": 2,
      "largestMultiKill": 1,
      "physicalDamageDealtPlayer": 3745,
      "magicDamageDealtPlayer": 17327,
      "physicalDamageTaken": 17678,
      "magicDamageTaken": 19534,
      "timePlayed": 2675,
      "totalHeal": 6719,
      "totalUnitsHealed": 4,
      "assists": 22,
      "item0": 3069,
      "item1": 3222,
      "item2": 3143,
      "item3": 2045,
      "item4": 3270,
      "item5": 1011,
      "item6": 3341,
      "sightWardsBought": 1,
      "visionWardsBought": 2,
      "magicDamageDealtToChampions": 11354,
      "physicalDamageDealtToChampions": 896,
      "totalDamageDealtToChampions": 12250,
      "trueDamageTaken": 236,
      "wardKilled": 1,
      "wardPlaced": 32,
      "neutralMinionsKilledYourJungle": 2,
      "totalTimeCrowdControlDealt": 257
    }
  },
  "27514234": {
    "gameId": 818169008,
    "invalid": false,
    "gameMode": "CLASSIC",
    "gameType": "MATCHED_GAME",
    "subType": "RANKED_SOLO_5x5",
    "mapId": 1,
    "teamId": 200,
    "championId": 25,
    "spell1": 7,
    "spell2": 4,
    "level": 30,
    "ipEarned": 270,
    "createDate": 1398243642436,
    "fellowPlayers": [
      {
        "summonerId": 20664516,
        "teamId": 200,
        "championId": 115
      },
      {
        "summonerId": 28201283,
        "teamId": 100,
        "championId": 36
      },
      {
        "summonerId": 35363526,
        "teamId": 100,
        "championId": 412
      },
      {
        "summonerId": 36037565,
        "teamId": 200,
        "championId": 113
      },
      {
        "summonerId": 36380644,
        "teamId": 100,
        "championId": 236
      },
      {
        "summonerId": 29706756,
        "teamId": 100,
        "championId": 238
      },
      {
        "summonerId": 28603887,
        "teamId": 100,
        "championId": 60
      },
      {
        "summonerId": 41511452,
        "teamId": 200,
        "championId": 51
      },
      {
        "summonerId": 21824753,
        "teamId": 200,
        "championId": 80
      }
    ],
    "stats": {
      "level": 17,
      "goldEarned": 11847,
      "numDeaths": 14,
      "minionsKilled": 25,
      "championsKilled": 1,
      "goldSpent": 10250,
      "totalDamageDealt": 39793,
      "totalDamageTaken": 34672,
      "team": 200,
      "win": true,
      "neutralMinionsKilled": 1,
      "largestMultiKill": 1,
      "physicalDamageDealtPlayer": 5897,
      "magicDamageDealtPlayer": 33895,
      "physicalDamageTaken": 23195,
      "magicDamageTaken": 10917,
      "timePlayed": 2675,
      "totalHeal": 4611,
      "totalUnitsHealed": 3,
      "assists": 26,
      "item0": 3069,
      "item1": 2049,
      "item2": 3222,
      "item3": 3023,
      "item4": 3191,
      "item5": 3111,
      "item6": 3364,
      "visionWardsBought": 1,
      "magicDamageDealtToChampions": 16147,
      "physicalDamageDealtToChampions": 2097,
      "totalDamageDealtToChampions": 18244,
      "trueDamageTaken": 559,
      "wardKilled": 1,
      "wardPlaced": 35,
      "neutralMinionsKilledYourJungle": 1,
      "totalTimeCrowdControlDealt": 188
    }
  },
  "20664516": {
    "gameId": 818169008,
    "invalid": false,
    "gameMode": "CLASSIC",
    "gameType": "MATCHED_GAME",
    "subType": "RANKED_SOLO_5x5",
    "mapId": 1,
    "teamId": 200,
    "championId": 115,
    "spell1": 4,
    "spell2": 21,
    "level": 30,
    "ipEarned": 270,
    "createDate": 1398243642437,
    "fellowPlayers": [
      {
        "summonerId": 28201283,
        "teamId": 100,
        "championId": 36
      },
      {
        "summonerId": 35363526,
        "teamId": 100,
        "championId": 412
      },
      {
        "summonerId": 36037565,
        "teamId": 200,
        "championId": 113
      },
      {
        "summonerId": 36380644,
        "teamId": 100,
        "championId": 236
      },
      {
        "summonerId": 29706756,
        "teamId": 100,
        "championId": 238
      },
      {
        "summonerId": 27514234,
        "teamId": 200,
        "championId": 25
      },
      {
        "summonerId": 28603887,
        "teamId": 100,
        "championId": 60
      },
      {
        "summonerId": 41511452,
        "teamId": 200,
        "championId": 51
      },
      {
        "summonerId": 21824753,
        "teamId": 200,
        "championId": 80
      }
    ],
    "stats": {
      "level": 18,
      "goldEarned": 17251,
      "numDeaths": 6,
      "turretsKilled": 3,
      "minionsKilled": 264,
      "championsKilled": 13,
      "goldSpent": 15275,
      "totalDamageDealt": 208667,
      "totalDamageTaken": 25054,
      "doubleKills": 3,
      "killingSprees": 5,
      "largestKillingSpree": 4,
      "team": 200,
      "win": true,
      "neutralMinionsKilled": 1,
      "largestMultiKill": 2,
      "physicalDamageDealtPlayer": 17950,
      "magicDamageDealtPlayer": 190028,
      "physicalDamageTaken": 14537,
      "magicDamageTaken": 9507,
      "timePlayed": 2675,
      "totalHeal": 2714,
      "totalUnitsHealed": 1,
      "assists": 19,
      "item0": 3135,
      "item1": 3157,
      "item2": 3174,
      "item3": 3255,
      "item4": 3151,
      "item5": 1058,
      "item6": 3340,
      "magicDamageDealtToChampions": 52778,
      "physicalDamageDealtToChampions": 2422,
      "totalDamageDealtToChampions": 55520,
      "trueDamageDealtPlayer": 688,
      "trueDamageDealtToChampions": 320,
      "trueDamageTaken": 1009,
      "wardPlaced": 12,
      "neutralMinionsKilledEnemyJungle": 1,
      "totalTimeCrowdControlDealt": 442
    }
  },
  "29706756": {
    "gameId": 818169008,
    "invalid": false,
    "gameMode": "CLASSIC",
    "gameType": "MATCHED_GAME",
    "subType": "RANKED_SOLO_5x5",
    "mapId": 1,
    "teamId": 100,
    "championId": 238,
    "spell1": 4,
    "spell2": 14,
    "level": 30,
    "ipEarned": 78,
    "createDate": 1398243642428,
    "fellowPlayers": [
      {
        "summonerId": 20664516,
        "teamId": 200,
        "championId": 115
      },
      {
        "summonerId": 28201283,
        "teamId": 100,
        "championId": 36
      },
      {
        "summonerId": 35363526,
        "teamId": 100,
        "championId": 412
      },
      {
        "summonerId": 36037565,
        "teamId": 200,
        "championId": 113
      },
      {
        "summonerId": 36380644,
        "teamId": 100,
        "championId": 236
      },
      {
        "summonerId": 27514234,
        "teamId": 200,
        "championId": 25
      },
      {
        "summonerId": 28603887,
        "teamId": 100,
        "championId": 60
      },
      {
        "summonerId": 41511452,
        "teamId": 200,
        "championId": 51
      },
      {
        "summonerId": 21824753,
        "teamId": 200,
        "championId": 80
      }
    ],
    "stats": {
      "level": 17,
      "goldEarned": 16484,
      "numDeaths": 10,
      "minionsKilled": 200,
      "championsKilled": 16,
      "goldSpent": 19515,
      "totalDamageDealt": 160405,
      "totalDamageTaken": 34635,
      "doubleKills": 3,
      "tripleKills": 1,
      "killingSprees": 4,
      "largestKillingSpree": 4,
      "team": 100,
      "win": false,
      "neutralMinionsKilled": 24,
      "largestMultiKill": 3,
      "physicalDamageDealtPlayer": 152878,
      "magicDamageDealtPlayer": 6403,
      "physicalDamageTaken": 16933,
      "magicDamageTaken": 17179,
      "largestCriticalStrike": 567,
      "timePlayed": 2675,
      "totalHeal": 2712,
      "totalUnitsHealed": 1,
      "assists": 4,
      "item0": 3153,
      "item1": 3143,
      "item2": 3275,
      "item3": 3035,
      "item4": 1038,
      "item5": 1011,
      "item6": 3340,
      "magicDamageDealtToChampions": 1186,
      "physicalDamageDealtToChampions": 35837,
      "totalDamageDealtToChampions": 38087,
      "trueDamageDealtPlayer": 1124,
      "trueDamageDealtToChampions": 1064,
      "trueDamageTaken": 522,
      "wardKilled": 1,
      "wardPlaced": 41,
      "neutralMinionsKilledEnemyJungle": 1,
      "neutralMinionsKilledYourJungle": 23,
      "totalTimeCrowdControlDealt": 296
    }
  },
  "28201283": {
    "gameId": 818169008,
    "invalid": false,
    "gameMode": "CLASSIC",
    "gameType": "MATCHED_GAME",
    "subType": "RANKED_SOLO_5x5",
    "mapId": 1,
    "teamId": 100,
    "championId": 36,
    "spell1": 4,
    "spell2": 12,
    "level": 30,
    "ipEarned": 78,
    "createDate": 1398243642432,
    "fellowPlayers": [
      {
        "summonerId": 20664516,
        "teamId": 200,
        "championId": 115
      },
      {
        "summonerId": 35363526,
        "teamId": 100,
        "championId": 412
      },
      {
        "summonerId": 36037565,
        "teamId": 200,
        "championId": 113
      },
      {
        "summonerId": 36380644,
        "teamId": 100,
        "championId": 236
      },
      {
        "summonerId": 29706756,
        "teamId": 100,
        "championId": 238
      },
      {
        "summonerId": 27514234,
        "teamId": 200,
        "championId": 25
      },
      {
        "summonerId": 28603887,
        "teamId": 100,
        "championId": 60
      },
      {
        "summonerId": 41511452,
        "teamId": 200,
        "championId": 51
      },
      {
        "summonerId": 21824753,
        "teamId": 200,
        "championId": 80
      }
    ],
    "stats": {
      "level": 18,
      "goldEarned": 15849,
      "numDeaths": 6,
      "turretsKilled": 2,
      "minionsKilled": 214,
      "championsKilled": 4,
      "goldSpent": 14355,
      "totalDamageDealt": 200466,
      "totalDamageTaken": 56377,
      "killingSprees": 1,
      "largestKillingSpree": 2,
      "team": 100,
      "win": false,
      "neutralMinionsKilled": 33,
      "largestMultiKill": 1,
      "physicalDamageDealtPlayer": 47485,
      "magicDamageDealtPlayer": 151610,
      "physicalDamageTaken": 29722,
      "magicDamageTaken": 24542,
      "timePlayed": 2675,
      "totalHeal": 15994,
      "totalUnitsHealed": 1,
      "assists": 15,
      "item0": 3083,
      "item1": 3143,
      "item2": 3262,
      "item3": 3065,
      "item4": 3068,
      "item5": 1057,
      "item6": 3340,
      "magicDamageDealtToChampions": 25406,
      "physicalDamageDealtToChampions": 4977,
      "totalDamageDealtToChampions": 30812,
      "trueDamageDealtPlayer": 1370,
      "trueDamageDealtToChampions": 428,
      "trueDamageTaken": 2112,
      "wardPlaced": 9,
      "neutralMinionsKilledEnemyJungle": 11,
      "neutralMinionsKilledYourJungle": 22,
      "totalTimeCrowdControlDealt": 1126
    }
  },
  "36037565": {
    "gameId": 818169008,
    "invalid": false,
    "gameMode": "CLASSIC",
    "gameType": "MATCHED_GAME",
    "subType": "RANKED_SOLO_5x5",
    "mapId": 1,
    "teamId": 200,
    "championId": 113,
    "spell1": 4,
    "spell2": 11,
    "level": 30,
    "ipEarned": 120,
    "createDate": 1398243642433,
    "fellowPlayers": [
      {
        "summonerId": 20664516,
        "teamId": 200,
        "championId": 115
      },
      {
        "summonerId": 28201283,
        "teamId": 100,
        "championId": 36
      },
      {
        "summonerId": 35363526,
        "teamId": 100,
        "championId": 412
      },
      {
        "summonerId": 36380644,
        "teamId": 100,
        "championId": 236
      },
      {
        "summonerId": 29706756,
        "teamId": 100,
        "championId": 238
      },
      {
        "summonerId": 27514234,
        "teamId": 200,
        "championId": 25
      },
      {
        "summonerId": 28603887,
        "teamId": 100,
        "championId": 60
      },
      {
        "summonerId": 41511452,
        "teamId": 200,
        "championId": 51
      },
      {
        "summonerId": 21824753,
        "teamId": 200,
        "championId": 80
      }
    ],
    "stats": {
      "level": 18,
      "goldEarned": 15766,
      "numDeaths": 4,
      "barracksKilled": 1,
      "minionsKilled": 87,
      "championsKilled": 3,
      "goldSpent": 13485,
      "totalDamageDealt": 193884,
      "totalDamageTaken": 44277,
      "killingSprees": 1,
      "largestKillingSpree": 3,
      "team": 200,
      "win": true,
      "neutralMinionsKilled": 92,
      "largestMultiKill": 1,
      "physicalDamageDealtPlayer": 32138,
      "magicDamageDealtPlayer": 139158,
      "physicalDamageTaken": 27869,
      "magicDamageTaken": 15244,
      "timePlayed": 2675,
      "totalHeal": 10477,
      "totalUnitsHealed": 1,
      "assists": 29,
      "item0": 3143,
      "item1": 3190,
      "item2": 3270,
      "item3": 3207,
      "item4": 3068,
      "item5": 3057,
      "item6": 3341,
      "magicDamageDealtToChampions": 21764,
      "physicalDamageDealtToChampions": 2948,
      "totalDamageDealtToChampions": 25762,
      "trueDamageDealtPlayer": 22588,
      "trueDamageDealtToChampions": 1050,
      "trueDamageTaken": 1163,
      "wardKilled": 5,
      "neutralMinionsKilledEnemyJungle": 9,
      "neutralMinionsKilledYourJungle": 83,
      "totalTimeCrowdControlDealt": 1167
    }
  },
  "21824753": {
    "gameId": 818169008,
    "invalid": false,
    "gameMode": "CLASSIC",
    "gameType": "MATCHED_GAME",
    "subType": "RANKED_SOLO_5x5",
    "mapId": 1,
    "teamId": 200,
    "championId": 80,
    "spell1": 14,
    "spell2": 4,
    "level": 30,
    "ipEarned": 120,
    "createDate": 1398243642434,
    "fellowPlayers": [
      {
        "summonerId": 20664516,
        "teamId": 200,
        "championId": 115
      },
      {
        "summonerId": 28201283,
        "teamId": 100,
        "championId": 36
      },
      {
        "summonerId": 35363526,
        "teamId": 100,
        "championId": 412
      },
      {
        "summonerId": 36037565,
        "teamId": 200,
        "championId": 113
      },
      {
        "summonerId": 36380644,
        "teamId": 100,
        "championId": 236
      },
      {
        "summonerId": 29706756,
        "teamId": 100,
        "championId": 238
      },
      {
        "summonerId": 27514234,
        "teamId": 200,
        "championId": 25
      },
      {
        "summonerId": 28603887,
        "teamId": 100,
        "championId": 60
      },
      {
        "summonerId": 41511452,
        "teamId": 200,
        "championId": 51
      }
    ],
    "stats": {
      "level": 18,
      "goldEarned": 20241,
      "numDeaths": 7,
      "turretsKilled": 3,
      "minionsKilled": 225,
      "championsKilled": 24,
      "goldSpent": 17825,
      "totalDamageDealt": 243456,
      "totalDamageTaken": 31046,
      "doubleKills": 4,
      "tripleKills": 1,
      "killingSprees": 5,
      "largestKillingSpree": 10,
      "team": 200,
      "win": true,
      "neutralMinionsKilled": 22,
      "largestMultiKill": 3,
      "physicalDamageDealtPlayer": 226210,
      "magicDamageDealtPlayer": 14614,
      "physicalDamageTaken": 14727,
      "magicDamageTaken": 15593,
      "largestCriticalStrike": 911,
      "timePlayed": 2675,
      "totalHeal": 2909,
      "totalUnitsHealed": 1,
      "assists": 6,
      "item0": 3074,
      "item1": 3265,
      "item2": 3035,
      "item3": 3083,
      "item4": 3022,
      "item5": 3026,
      "item6": 3340,
      "magicDamageDealtToChampions": 4144,
      "physicalDamageDealtToChampions": 38098,
      "totalDamageDealtToChampions": 44574,
      "trueDamageDealtPlayer": 2632,
      "trueDamageDealtToChampions": 2332,
      "trueDamageTaken": 726,
      "wardPlaced": 13,
      "neutralMinionsKilledEnemyJungle": 4,
      "neutralMinionsKilledYourJungle": 18,
      "totalTimeCrowdControlDealt": 294
    }
  }
}