{
  "27254710": {
    "gameId": 818168971,
    "invalid": false,
    "gameMode": "CLASSIC",
    "gameType": "MATCHED_GAME",
    "subType": "RANKED_SOLO_5x5",
    "mapId": 1,
    "teamId": 200,
    "championId": 24,
    "spell1": 7,
    "spell2": 4,
    "level": 30,
    "ipEarned": 80,
    "createDate": 1398242711710,
    "fellowPlayers": [
      {
        "summonerId": 26593144,
        "teamId": 200,
        "championId": 105
      },
      {
        "summonerId": 36943579,
        "teamId": 200,
        "championId": 19
      },
      {
        "summonerId": 29754795,
        "teamId": 200,
        "championId": 119
      },
      {
        "summonerId": 23430912,
        "teamId": 100,
        "championId": 18
      },
      {
        "summonerId": 25492179,
        "teamId": 200,
        "championId": 267
      },
      {
        "summonerId": 28284752,
        "teamId": 100,
        "championId": 238
      },
      {
        "summonerId": 37663493,
        "teamId": 100,
        "championId": 56
      },
      {
        "summonerId": 34313613,
        "teamId": 100,
        "championId": 412
      },
      {
        "summonerId": 34404532,
        "teamId": 100,
        "championId": 39
      }
    ],
    "stats": {
      "level": 15,
      "goldEarned": 11558,
      "numDeaths": 5,
      "barracksKilled": 1,
      "turretsKilled": 2,
      "minionsKilled": 188,
      "championsKilled": 7,
      "goldSpent": 8108,
      "totalDamageDealt": 104593,
      "totalDamageTaken": 23042,
      "doubleKills": 2,
      "killingSprees": 2,
      "largestKillingSpree": 4,
      "team": 200,
      "win": true,
      "neutralMinionsKilled": 8,
      "largestMultiKill": 2,
      "physicalDamageDealtPlayer": 84629,
      "magicDamageDealtPlayer": 19963,
      "physicalDamageTaken": 18573,
      "magicDamageTaken": 2385,
      "largestCriticalStrike": 605,
      "timePlayed": 1633,
      "totalHeal": 3659,
      "totalUnitsHealed": 2,
      "assists": 7,
      "item0": 1055,
      "item1": 3078,
      "item2": 1001,
      "item3": 1029,
      "item5": 3153,
      "item6": 3340,
      "magicDamageDealtToChampions": 5242,
      "physicalDamageDealtToChampions": 14340,
      "totalDamageDealtToChampions": 19583,
      "trueDamageTaken": 2083,
      "wardPlaced": 5,
      "neutralMinionsKilledYourJungle": 8,
      "totalTimeCrowdControlDealt": 49
    }
  },
  "summonerCount": 10,
  "34404532": {
    "gameId": 818168971,
    "invalid": false,
    "gameMode": "CLASSIC",
    "gameType": "MATCHED_GAME",
    "subType": "RANKED_SOLO_5x5",
    "mapId": 1,
    "teamId": 100,
    "championId": 39,
    "spell1": 4,
    "spell2": 14,
    "level": 30,
    "ipEarned": 54,
    "createDate": 1398242711702,
    "fellowPlayers": [
      {
        "summonerId": 26593144,
        "teamId": 200,
        "championId": 105
      },
      {
        "summonerId": 36943579,
        "teamId": 200,
        "championId": 19
      },
      {
        "summonerId": 29754795,
        "teamId": 200,
        "championId": 119
      },
      {
        "summonerId": 23430912,
        "teamId": 100,
        "championId": 18
      },
      {
        "summonerId": 25492179,
        "teamId": 200,
        "championId": 267
      },
      {
        "summonerId": 28284752,
        "teamId": 100,
        "championId": 238
      },
      {
        "summonerId": 27254710,
        "teamId": 200,
        "championId": 24
      },
      {
        "summonerId": 37663493,
        "teamId": 100,
        "championId": 56
      },
      {
        "summonerId": 34313613,
        "teamId": 100,
        "championId": 412
      }
    ],
    "stats": {
      "level": 13,
      "goldEarned": 7357,
      "numDeaths": 5,
      "minionsKilled": 139,
      "championsKilled": 3,
      "goldSpent": 7385,
      "totalDamageDealt": 68527,
      "totalDamageTaken": 20346,
      "team": 100,
      "win": false,
      "neutralMinionsKilled": 8,
      "largestMultiKill": 1,
      "physicalDamageDealtPlayer": 61864,
      "magicDamageDealtPlayer": 2029,
      "physicalDamageTaken": 12919,
      "magicDamageTaken": 7361,
      "timePlayed": 1633,
      "totalHeal": 4251,
      "totalUnitsHealed": 1,
      "item0": 3044,
      "item1": 1001,
      "item2": 3153,
      "item3": 3057,
      "item6": 3340,
      "magicDamageDealtToChampions": 1824,
      "physicalDamageDealtToChampions": 7017,
      "totalDamageDealtToChampions": 11000,
      "trueDamageDealtPlayer": 4633,
      "trueDamageDealtToChampions": 2158,
      "trueDamageTaken": 66,
      "wardPlaced": 3,
      "neutralMinionsKilledEnemyJungle": 1,
      "neutralMinionsKilledYourJungle": 7,
      "totalTimeCrowdControlDealt": 31
    }
  },
  "36943579": {
    "gameId": 818168971,
    "invalid": false,
    "gameMode": "CLASSIC",
    "gameType": "MATCHED_GAME",
    "subType": "RANKED_SOLO_5x5",
    "mapId": 1,
    "teamId": 200,
    "championId": 19,
    "spell1": 3,
    "spell2": 11,
    "level": 30,
    "ipEarned": 80,
    "createDate": 1398242711707,
    "fellowPlayers": [
      {
        "summonerId": 26593144,
        "teamId": 200,
        "championId": 105
      },
      {
        "summonerId": 29754795,
        "teamId": 200,
        "championId": 119
      },
      {
        "summonerId": 23430912,
        "teamId": 100,
        "championId": 18
      },
      {
        "summonerId": 25492179,
        "teamId": 200,
        "championId": 267
      },
      {
        "summonerId": 28284752,
        "teamId": 100,
        "championId": 238
      },
      {
        "summonerId": 27254710,
        "teamId": 200,
        "championId": 24
      },
      {
        "summonerId": 37663493,
        "teamId": 100,
        "championId": 56
      },
      {
        "summonerId": 34313613,
        "teamId": 100,
        "championId": 412
      },
      {
        "summonerId": 34404532,
        "teamId": 100,
        "championId": 39
      }
    ],
    "stats": {
      "level": 15,
      "goldEarned": 9913,
      "numDeaths": 2,
      "turretsKilled": 3,
      "minionsKilled": 30,
      "championsKilled": 2,
      "goldSpent": 6525,
      "totalDamageDealt": 140070,
      "totalDamageTaken": 20707,
      "team": 200,
      "win": true,
      "neutralMinionsKilled": 98,
      "largestMultiKill": 1,
      "physicalDamageDealtPlayer": 68320,
      "magicDamageDealtPlayer": 64293,
      "physicalDamageTaken": 18335,
      "magicDamageTaken": 2016,
      "timePlayed": 1633,
      "totalHeal": 11671,
      "totalUnitsHealed": 1,
      "assists": 8,
      "item0": 3160,
      "item1": 2003,
      "item2": 3091,
      "item3": 1011,
      "item4": 3082,
      "item6": 3341,
      "sightWardsBought": 2,
      "magicDamageDealtToChampions": 3814,
      "physicalDamageDealtToChampions": 1262,
      "totalDamageDealtToChampions": 5143,
      "trueDamageDealtPlayer": 7456,
      "trueDamageDealtToChampions": 66,
      "trueDamageTaken": 355,
      "wardPlaced": 7,
      "neutralMinionsKilledEnemyJungle": 9,
      "neutralMinionsKilledYourJungle": 89,
      "totalTimeCrowdControlDealt": 944
    }
  },
  "23430912": {
    "gameId": 818168971,
    "invalid": false,
    "gameMode": "CLASSIC",
    "gameType": "MATCHED_GAME",
    "subType": "RANKED_SOLO_5x5",
    "mapId": 1,
    "teamId": 100,
    "championId": 18,
    "spell1": 4,
    "spell2": 7,
    "level": 30,
    "ipEarned": 54,
    "createDate": 1398242711703,
    "fellowPlayers": [
      {
        "summonerId": 26593144,
        "teamId": 200,
        "championId": 105
      },
      {
        "summonerId": 36943579,
        "teamId": 200,
        "championId": 19
      },
      {
        "summonerId": 29754795,
        "teamId": 200,
        "championId": 119
      },
      {
        "summonerId": 25492179,
        "teamId": 200,
        "championId": 267
      },
      {
        "summonerId": 28284752,
        "teamId": 100,
        "championId": 238
      },
      {
        "summonerId": 27254710,
        "teamId": 200,
        "championId": 24
      },
      {
        "summonerId": 37663493,
        "teamId": 100,
        "championId": 56
      },
      {
        "summonerId": 34313613,
        "teamId": 100,
        "championId": 412
      },
      {
        "summonerId": 34404532,
        "teamId": 100,
        "championId": 39
      }
    ],
    "stats": {
      "level": 12,
      "goldEarned": 8308,
      "numDeaths": 6,
      "minionsKilled": 146,
      "championsKilled": 5,
      "goldSpent": 9010,
      "totalDamageDealt": 75810,
      "totalDamageTaken": 18077,
      "killingSprees": 1,
      "largestKillingSpree": 3,
      "team": 100,
      "win": false,
      "neutralMinionsKilled": 6,
      "largestMultiKill": 1,
      "physicalDamageDealtPlayer": 62949,
      "magicDamageDealtPlayer": 12860,
      "physicalDamageTaken": 11840,
      "magicDamageTaken": 6192,
      "largestCriticalStrike": 446,
      "timePlayed": 1633,
      "totalHeal": 2360,
      "totalUnitsHealed": 3,
      "assists": 1,
      "item0": 3072,
      "item1": 1055,
      "item2": 2004,
      "item3": 3006,
      "item4": 3046,
      "item5": 1018,
      "item6": 3340,
      "magicDamageDealtToChampions": 2680,
      "physicalDamageDealtToChampions": 6090,
      "totalDamageDealtToChampions": 8770,
      "trueDamageTaken": 45,
      "wardPlaced": 3,
      "neutralMinionsKilledYourJungle": 6,
      "totalTimeCrowdControlDealt": 26
    }
  },
  "34313613": {
    "gameId": 818168971,
    "invalid": false,
    "gameMode": "CLASSIC",
    "gameType": "MATCHED_GAME",
    "subType": "RANKED_SOLO_5x5",
    "mapId": 1,
    "teamId": 100,
    "championId": 412,
    "spell1": 3,
    "spell2": 4,
    "level": 30,
    "ipEarned": 54,
    "createDate": 1398242711705,
    "fellowPlayers": [
      {
        "summonerId": 26593144,
        "teamId": 200,
        "championId": 105
      },
      {
        "summonerId": 36943579,
        "teamId": 200,
        "championId": 19
      },
      {
        "summonerId": 29754795,
        "teamId": 200,
        "championId": 119
      },
      {
        "summonerId": 23430912,
        "teamId": 100,
        "championId": 18
      },
      {
        "summonerId": 25492179,
        "teamId": 200,
        "championId": 267
      },
      {
        "summonerId": 28284752,
        "teamId": 100,
        "championId": 238
      },
      {
        "summonerId": 27254710,
        "teamId": 200,
        "championId": 24
      },
      {
        "summonerId": 37663493,
        "teamId": 100,
        "championId": 56
      },
      {
        "summonerId": 34404532,
        "teamId": 100,
        "championId": 39
      }
    ],
    "stats": {
      "level": 12,
      "goldEarned": 6122,
      "numDeaths": 4,
      "minionsKilled": 5,
      "championsKilled": 1,
      "goldSpent": 5750,
      "totalDamageDealt": 8970,
      "totalDamageTaken": 13689,
      "team": 100,
      "win": false,
      "largestMultiKill": 1,
      "physicalDamageDealtPlayer": 1835,
      "magicDamageDealtPlayer": 7135,
      "physicalDamageTaken": 9031,
      "magicDamageTaken": 4589,
      "timePlayed": 1633,
      "totalHeal": 688,
      "totalUnitsHealed": 1,
      "assists": 7,
      "item0": 3069,
      "item1": 2049,
      "item2": 2010,
      "item3": 3270,
      "item4": 1031,
      "item5": 1029,
      "item6": 3340,
      "sightWardsBought": 1,
      "visionWardsBought": 1,
      "magicDamageDealtToChampions": 5564,
      "physicalDamageDealtToChampions": 879,
      "totalDamageDealtToChampions": 6444,
      "trueDamageTaken": 69,
      "wardKilled": 2,
      "wardPlaced": 20,
      "totalTimeCrowdControlDealt": 87
    }
  },
  "25492179": {
    "gameId": 818168971,
    "invalid": false,
    "gameMode": "CLASSIC",
    "gameType": "MATCHED_GAME",
    "subType": "RANKED_SOLO_5x5",
    "mapId": 1,
    "teamId": 200,
    "championId": 267,
    "spell1": 3,
    "spell2": 4,
    "level": 30,
    "ipEarned": 80,
    "createDate": 1398242711711,
    "fellowPlayers": [
      {
        "summonerId": 26593144,
        "teamId": 200,
        "championId": 105
      },
      {
        "summonerId": 36943579,
        "teamId": 200,
        "championId": 19
      },
      {
        "summonerId": 29754795,
        "teamId": 200,
        "championId": 119
      },
      {
        "summonerId": 23430912,
        "teamId": 100,
        "championId": 18
      },
      {
        "summonerId": 28284752,
        "teamId": 100,
        "championId": 238
      },
      {
        "summonerId": 27254710,
        "teamId": 200,
        "championId": 24
      },
      {
        "summonerId": 37663493,
        "teamId": 100,
        "championId": 56
      },
      {
        "summonerId": 34313613,
        "teamId": 100,
        "championId": 412
      },
      {
        "summonerId": 34404532,
        "teamId": 100,
        "championId": 39
      }
    ],
    "stats": {
      "level": 13,
      "goldEarned": 9041,
      "numDeaths": 3,
      "minionsKilled": 6,
      "goldSpent": 6205,
      "totalDamageDealt": 16376,
      "totalDamageTaken": 12275,
      "team": 200,
      "win": true,
      "neutralMinionsKilled": 1,
      "physicalDamageDealtPlayer": 6130,
      "magicDamageDealtPlayer": 10246,
      "physicalDamageTaken": 8353,
      "magicDamageTaken": 3601,
      "timePlayed": 1633,
      "totalHeal": 6522,
      "totalUnitsHealed": 5,
      "assists": 16,
      "item0": 3222,
      "item1": 3092,
      "item2": 2049,
      "item3": 3158,
      "item4": 2044,
      "item6": 3341,
      "sightWardsBought": 3,
      "visionWardsBought": 1,
      "magicDamageDealtToChampions": 6523,
      "physicalDamageDealtToChampions": 1602,
      "totalDamageDealtToChampions": 8126,
      "trueDamageTaken": 320,
      "wardKilled": 4,
      "wardPlaced": 17,
      "neutralMinionsKilledEnemyJungle": 1,
      "totalTimeCrowdControlDealt": 157
    }
  },
  "26593144": {
    "gameId": 818168971,
    "invalid": false,
    "gameMode": "CLASSIC",
    "gameType": "MATCHED_GAME",
    "subType": "RANKED_SOLO_5x5",
    "mapId": 1,
    "teamId": 200,
    "championId": 105,
    "spell1": 14,
    "spell2": 4,
    "level": 30,
    "ipEarned": 80,
    "createDate": 1398242711708,
    "fellowPlayers": [
      {
        "summonerId": 36943579,
        "teamId": 200,
        "championId": 19
      },
      {
        "summonerId": 29754795,
        "teamId": 200,
        "championId": 119
      },
      {
        "summonerId": 23430912,
        "teamId": 100,
        "championId": 18
      },
      {
        "summonerId": 25492179,
        "teamId": 200,
        "championId": 267
      },
      {
        "summonerId": 28284752,
        "teamId": 100,
        "championId": 238
      },
      {
        "summonerId": 27254710,
        "teamId": 200,
        "championId": 24
      },
      {
        "summonerId": 37663493,
        "teamId": 100,
        "championId": 56
      },
      {
        "summonerId": 34313613,
        "teamId": 100,
        "championId": 412
      },
      {
        "summonerId": 34404532,
        "teamId": 100,
        "championId": 39
      }
    ],
    "stats": {
      "level": 15,
      "goldEarned": 11980,
      "numDeaths": 3,
      "turretsKilled": 2,
      "minionsKilled": 166,
      "championsKilled": 10,
      "goldSpent": 8775,
      "totalDamageDealt": 94418,
      "totalDamageTaken": 12601,
      "doubleKills": 1,
      "tripleKills": 1,
      "quadraKills": 1,
      "killingSprees": 3,
      "largestKillingSpree": 4,
      "team": 200,
      "win": true,
      "largestMultiKill": 4,
      "physicalDamageDealtPlayer": 29539,
      "magicDamageDealtPlayer": 64133,
      "physicalDamageTaken": 10086,
      "magicDamageTaken": 1489,
      "largestCriticalStrike": 140,
      "timePlayed": 1633,
      "totalHeal": 464,
      "totalUnitsHealed": 1,
      "assists": 7,
      "item0": 2041,
      "item1": 3157,
      "item3": 1026,
      "item4": 3100,
      "item5": 3020,
      "item6": 3340,
      "magicDamageDealtToChampions": 14329,
      "physicalDamageDealtToChampions": 4064,
      "totalDamageDealtToChampions": 19139,
      "trueDamageDealtPlayer": 745,
      "trueDamageDealtToChampions": 745,
      "trueDamageTaken": 1026,
      "wardPlaced": 6,
      "totalTimeCrowdControlDealt": 237
    }
  },
  "29754795": {
    "gameId": 818168971,
    "invalid": false,
    "gameMode": "CLASSIC",
    "gameType": "MATCHED_GAME",
    "subType": "RANKED_SOLO_5x5",
    "mapId": 1,
    "teamId": 200,
    "championId": 119,
    "spell1": 4,
    "spell2": 7,
    "level": 30,
    "ipEarned": 80,
    "createDate": 1398242711709,
    "fellowPlayers": [
      {
        "summonerId": 26593144,
        "teamId": 200,
        "championId": 105
      },
      {
        "summonerId": 36943579,
        "teamId": 200,
        "championId": 19
      },
      {
        "summonerId": 23430912,
        "teamId": 100,
        "championId": 18
      },
      {
        "summonerId": 25492179,
        "teamId": 200,
        "championId": 267
      },
      {
        "summonerId": 28284752,
        "teamId": 100,
        "championId": 238
      },
      {
        "summonerId": 27254710,
        "teamId": 200,
        "championId": 24
      },
      {
        "summonerId": 37663493,
        "teamId": 100,
        "championId": 56
      },
      {
        "summonerId": 34313613,
        "teamId": 100,
        "championId": 412
      },
      {
        "summonerId": 34404532,
        "teamId": 100,
        "championId": 39
      }
    ],
    "stats": {
      "level": 14,
      "goldEarned": 12847,
      "numDeaths": 1,
      "barracksKilled": 1,
      "turretsKilled": 2,
      "minionsKilled": 196,
      "championsKilled": 7,
      "goldSpent": 10465,
      "totalDamageDealt": 125173,
      "totalDamageTaken": 11406,
      "doubleKills": 1,
      "tripleKills": 1,
      "killingSprees": 2,
      "largestKillingSpree": 5,
      "team": 200,
      "win": true,
      "neutralMinionsKilled": 4,
      "largestMultiKill": 3,
      "physicalDamageDealtPlayer": 123364,
      "magicDamageDealtPlayer": 1422,
      "physicalDamageTaken": 9263,
      "magicDamageTaken": 1970,
      "largestCriticalStrike": 787,
      "timePlayed": 1633,
      "totalHeal": 1486,
      "totalUnitsHealed": 3,
      "assists": 5,
      "item0": 1031,
      "item1": 3006,
      "item2": 3072,
      "item3": 3035,
      "item4": 3046,
      "item6": 3340,
      "magicDamageDealtToChampions": 272,
      "physicalDamageDealtToChampions": 16731,
      "totalDamageDealtToChampions": 17132,
      "trueDamageDealtPlayer": 386,
      "trueDamageDealtToChampions": 128,
      "trueDamageTaken": 172,
      "wardPlaced": 6,
      "neutralMinionsKilledEnemyJungle": 4,
      "totalTimeCrowdControlDealt": 247
    }
  },
  "28284752": {
    "gameId": 818168971,
    "invalid": false,
    "gameMode": "CLASSIC",
    "gameType": "MATCHED_GAME",
    "subType": "RANKED_SOLO_5x5",
    "mapId": 1,
    "teamId": 100,
    "championId": 238,
    "spell1": 4,
    "spell2": 14,
    "level": 30,
    "ipEarned": 54,
    "createDate": 1398242711701,
    "fellowPlayers": [
      {
        "summonerId": 26593144,
        "teamId": 200,
        "championId": 105
      },
      {
        "summonerId": 36943579,
        "teamId": 200,
        "championId": 19
      },
      {
        "summonerId": 29754795,
        "teamId": 200,
        "championId": 119
      },
      {
        "summonerId": 23430912,
        "teamId": 100,
        "championId": 18
      },
      {
        "summonerId": 25492179,
        "teamId": 200,
        "championId": 267
      },
      {
        "summonerId": 27254710,
        "teamId": 200,
        "championId": 24
      },
      {
        "summonerId": 37663493,
        "teamId": 100,
        "championId": 56
      },
      {
        "summonerId": 34313613,
        "teamId": 100,
        "championId": 412
      },
      {
        "summonerId": 34404532,
        "teamId": 100,
        "championId": 39
      }
    ],
    "stats": {
      "level": 13,
      "goldEarned": 7931,
      "numDeaths": 5,
      "turretsKilled": 1,
      "minionsKilled": 113,
      "championsKilled": 4,
      "goldSpent": 7202,
      "totalDamageDealt": 73321,
      "totalDamageTaken": 13555,
      "killingSprees": 2,
      "largestKillingSpree": 2,
      "team": 100,
      "win": false,
      "neutralMinionsKilled": 15,
      "largestMultiKill": 1,
      "physicalDamageDealtPlayer": 68044,
      "magicDamageDealtPlayer": 4222,
      "physicalDamageTaken": 8655,
      "magicDamageTaken": 4334,
      "timePlayed": 1633,
      "totalHeal": 814,
      "totalUnitsHealed": 1,
      "assists": 2,
      "item0": 3158,
      "item1": 3153,
      "item2": 3155,
      "item3": 3134,
      "item6": 3340,
      "magicDamageDealtToChampions": 453,
      "physicalDamageDealtToChampions": 8296,
      "totalDamageDealtToChampions": 9554,
      "trueDamageDealtPlayer": 1054,
      "trueDamageDealtToChampions": 804,
      "trueDamageTaken": 566,
      "wardKilled": 1,
      "wardPlaced": 23,
      "neutralMinionsKilledEnemyJungle": 1,
      "neutralMinionsKilledYourJungle": 14,
      "totalTimeCrowdControlDealt": 162
    }
  },
  "27254710": {
    "gameId": 818168971,
    "invalid": false,
    "gameMode": "CLASSIC",
    "gameType": "MATCHED_GAME",
    "subType": "RANKED_SOLO_5x5",
    "mapId": 1,
    "teamId": 200,
    "championId": 24,
    "spell1": 7,
    "spell2": 4,
    "level": 30,
    "ipEarned": 80,
    "createDate": 1398242711710,
    "fellowPlayers": [
      {
        "summonerId": 26593144,
        "teamId": 200,
        "championId": 105
      },
      {
        "summonerId": 36943579,
        "teamId": 200,
        "championId": 19
      },
      {
        "summonerId": 29754795,
        "teamId": 200,
        "championId": 119
      },
      {
        "summonerId": 23430912,
        "teamId": 100,
        "championId": 18
      },
      {
        "summonerId": 25492179,
        "teamId": 200,
        "championId": 267
      },
      {
        "summonerId": 28284752,
        "teamId": 100,
        "championId": 238
      },
      {
        "summonerId": 37663493,
        "teamId": 100,
        "championId": 56
      },
      {
        "summonerId": 34313613,
        "teamId": 100,
        "championId": 412
      },
      {
        "summonerId": 34404532,
        "teamId": 100,
        "championId": 39
      }
    ],
    "stats": {
      "level": 15,
      "goldEarned": 11558,
      "numDeaths": 5,
      "barracksKilled": 1,
      "turretsKilled": 2,
      "minionsKilled": 188,
      "championsKilled": 7,
      "goldSpent": 8108,
      "totalDamageDealt": 104593,
      "totalDamageTaken": 23042,
      "doubleKills": 2,
      "killingSprees": 2,
      "largestKillingSpree": 4,
      "team": 200,
      "win": true,
      "neutralMinionsKilled": 8,
      "largestMultiKill": 2,
      "physicalDamageDealtPlayer": 84629,
      "magicDamageDealtPlayer": 19963,
      "physicalDamageTaken": 18573,
      "magicDamageTaken": 2385,
      "largestCriticalStrike": 605,
      "timePlayed": 1633,
      "totalHeal": 3659,
      "totalUnitsHealed": 2,
      "assists": 7,
      "item0": 1055,
      "item1": 3078,
      "item2": 1001,
      "item3": 1029,
      "item5": 3153,
      "item6": 3340,
      "magicDamageDealtToChampions": 5242,
      "physicalDamageDealtToChampions": 14340,
      "totalDamageDealtToChampions": 19583,
      "trueDamageTaken": 2083,
      "wardPlaced": 5,
      "neutralMinionsKilledYourJungle": 8,
      "totalTimeCrowdControlDealt": 49
    }
  }
}