{
  "32993894": {
    "gameId": 818138240,
    "invalid": false,
    "gameMode": "CLASSIC",
    "gameType": "MATCHED_GAME",
    "subType": "RANKED_SOLO_5x5",
    "mapId": 1,
    "teamId": 200,
    "championId": 64,
    "spell1": 14,
    "spell2": 4,
    "level": 30,
    "ipEarned": 71,
    "createDate": 1398235062948,
    "fellowPlayers": [
      {
        "summonerId": 28940421,
        "teamId": 200,
        "championId": 412
      },
      {
        "summonerId": 38663087,
        "teamId": 100,
        "championId": 24
      },
      {
        "summonerId": 29743947,
        "teamId": 100,
        "championId": 267
      },
      {
        "summonerId": 24252970,
        "teamId": 100,
        "championId": 119
      },
      {
        "summonerId": 24456415,
        "teamId": 200,
        "championId": 61
      },
      {
        "summonerId": 38508847,
        "teamId": 100,
        "championId": 23
      },
      {
        "summonerId": 34860101,
        "teamId": 200,
        "championId": 222
      },
      {
        "summonerId": 28515043,
        "teamId": 100,
        "championId": 55
      },
      {
        "summonerId": 21460987,
        "teamId": 200,
        "championId": 28
      }
    ],
    "stats": {
      "level": 17,
      "goldEarned": 12612,
      "numDeaths": 9,
      "minionsKilled": 205,
      "championsKilled": 4,
      "goldSpent": 12250,
      "totalDamageDealt": 143987,
      "totalDamageTaken": 36472,
      "killingSprees": 1,
      "largestKillingSpree": 2,
      "team": 200,
      "win": false,
      "neutralMinionsKilled": 27,
      "largestMultiKill": 1,
      "physicalDamageDealtPlayer": 118140,
      "magicDamageDealtPlayer": 23785,
      "physicalDamageTaken": 25267,
      "magicDamageTaken": 10785,
      "timePlayed": 2355,
      "totalHeal": 3248,
      "totalUnitsHealed": 1,
      "assists": 8,
      "item0": 3068,
      "item1": 3074,
      "item2": 3143,
      "item3": 3044,
      "item4": 3047,
      "item6": 3340,
      "sightWardsBought": 2,
      "magicDamageDealtToChampions": 3818,
      "physicalDamageDealtToChampions": 21313,
      "totalDamageDealtToChampions": 26553,
      "trueDamageDealtPlayer": 2060,
      "trueDamageDealtToChampions": 1420,
      "trueDamageTaken": 420,
      "wardPlaced": 7,
      "neutralMinionsKilledEnemyJungle": 10,
      "neutralMinionsKilledYourJungle": 17,
      "totalTimeCrowdControlDealt": 868
    }
  },
  "summonerCount": 10,
  "34860101": {
    "gameId": 818138240,
    "invalid": false,
    "gameMode": "CLASSIC",
    "gameType": "MATCHED_GAME",
    "subType": "RANKED_SOLO_5x5",
    "mapId": 1,
    "teamId": 200,
    "championId": 222,
    "spell1": 4,
    "spell2": 7,
    "level": 30,
    "ipEarned": 71,
    "createDate": 1398235062952,
    "fellowPlayers": [
      {
        "summonerId": 28940421,
        "teamId": 200,
        "championId": 412
      },
      {
        "summonerId": 38663087,
        "teamId": 100,
        "championId": 24
      },
      {
        "summonerId": 29743947,
        "teamId": 100,
        "championId": 267
      },
      {
        "summonerId": 24252970,
        "teamId": 100,
        "championId": 119
      },
      {
        "summonerId": 24456415,
        "teamId": 200,
        "championId": 61
      },
      {
        "summonerId": 32993894,
        "teamId": 200,
        "championId": 64
      },
      {
        "summonerId": 38508847,
        "teamId": 100,
        "championId": 23
      },
      {
        "summonerId": 28515043,
        "teamId": 100,
        "championId": 55
      },
      {
        "summonerId": 21460987,
        "teamId": 200,
        "championId": 28
      }
    ],
    "stats": {
      "level": 18,
      "goldEarned": 15088,
      "numDeaths": 4,
      "turretsKilled": 1,
      "minionsKilled": 216,
      "championsKilled": 13,
      "goldSpent": 15020,
      "totalDamageDealt": 175902,
      "totalDamageTaken": 24350,
      "doubleKills": 1,
      "killingSprees": 3,
      "largestKillingSpree": 6,
      "team": 200,
      "win": false,
      "neutralMinionsKilled": 20,
      "largestMultiKill": 2,
      "physicalDamageDealtPlayer": 172226,
      "magicDamageDealtPlayer": 2179,
      "physicalDamageTaken": 16171,
      "magicDamageTaken": 8046,
      "largestCriticalStrike": 798,
      "timePlayed": 2355,
      "totalHeal": 4618,
      "totalUnitsHealed": 4,
      "assists": 6,
      "item0": 3026,
      "item1": 3072,
      "item2": 3006,
      "item3": 3031,
      "item4": 3046,
      "item5": 1036,
      "item6": 3340,
      "magicDamageDealtToChampions": 857,
      "physicalDamageDealtToChampions": 27830,
      "totalDamageDealtToChampions": 29216,
      "trueDamageDealtPlayer": 1496,
      "trueDamageDealtToChampions": 528,
      "trueDamageTaken": 133,
      "wardKilled": 1,
      "wardPlaced": 5,
      "neutralMinionsKilledEnemyJungle": 1,
      "neutralMinionsKilledYourJungle": 19,
      "totalTimeCrowdControlDealt": 334
    }
  },
  "29743947": {
    "gameId": 818138240,
    "invalid": false,
    "gameMode": "CLASSIC",
    "gameType": "MATCHED_GAME",
    "subType": "RANKED_SOLO_5x5",
    "mapId": 1,
    "teamId": 100,
    "championId": 267,
    "spell1": 3,
    "spell2": 4,
    "level": 30,
    "ipEarned": 108,
    "createDate": 1398235062946,
    "fellowPlayers": [
      {
        "summonerId": 28940421,
        "teamId": 200,
        "championId": 412
      },
      {
        "summonerId": 38663087,
        "teamId": 100,
        "championId": 24
      },
      {
        "summonerId": 24252970,
        "teamId": 100,
        "championId": 119
      },
      {
        "summonerId": 24456415,
        "teamId": 200,
        "championId": 61
      },
      {
        "summonerId": 32993894,
        "teamId": 200,
        "championId": 64
      },
      {
        "summonerId": 38508847,
        "teamId": 100,
        "championId": 23
      },
      {
        "summonerId": 34860101,
        "teamId": 200,
        "championId": 222
      },
      {
        "summonerId": 28515043,
        "teamId": 100,
        "championId": 55
      },
      {
        "summonerId": 21460987,
        "teamId": 200,
        "championId": 28
      }
    ],
    "stats": {
      "level": 16,
      "goldEarned": 13373,
      "numDeaths": 5,
      "minionsKilled": 21,
      "championsKilled": 3,
      "goldSpent": 12995,
      "totalDamageDealt": 32929,
      "totalDamageTaken": 19440,
      "team": 100,
      "win": true,
      "neutralMinionsKilled": 2,
      "largestMultiKill": 1,
      "physicalDamageDealtPlayer": 7658,
      "magicDamageDealtPlayer": 25223,
      "physicalDamageTaken": 12247,
      "magicDamageTaken": 6883,
      "timePlayed": 2355,
      "totalHeal": 8984,
      "totalUnitsHealed": 5,
      "assists": 20,
      "item0": 3092,
      "item1": 3222,
      "item2": 2045,
      "item3": 3105,
      "item4": 3020,
      "item5": 3174,
      "item6": 3340,
      "sightWardsBought": 1,
      "visionWardsBought": 5,
      "magicDamageDealtToChampions": 12313,
      "physicalDamageDealtToChampions": 990,
      "totalDamageDealtToChampions": 13304,
      "trueDamageDealtPlayer": 48,
      "trueDamageTaken": 310,
      "wardKilled": 2,
      "wardPlaced": 23,
      "neutralMinionsKilledEnemyJungle": 2,
      "totalTimeCrowdControlDealt": 255
    }
  },
  "28940421": {
    "gameId": 818138240,
    "invalid": false,
    "gameMode": "CLASSIC",
    "gameType": "MATCHED_GAME",
    "subType": "RANKED_SOLO_5x5",
    "mapId": 1,
    "teamId": 200,
    "championId": 412,
    "spell1": 4,
    "spell2": 3,
    "level": 30,
    "ipEarned": 71,
    "createDate": 1398235062949,
    "fellowPlayers": [
      {
        "summonerId": 38663087,
        "teamId": 100,
        "championId": 24
      },
      {
        "summonerId": 29743947,
        "teamId": 100,
        "championId": 267
      },
      {
        "summonerId": 24252970,
        "teamId": 100,
        "championId": 119
      },
      {
        "summonerId": 24456415,
        "teamId": 200,
        "championId": 61
      },
      {
        "summonerId": 32993894,
        "teamId": 200,
        "championId": 64
      },
      {
        "summonerId": 38508847,
        "teamId": 100,
        "championId": 23
      },
      {
        "summonerId": 34860101,
        "teamId": 200,
        "championId": 222
      },
      {
        "summonerId": 28515043,
        "teamId": 100,
        "championId": 55
      },
      {
        "summonerId": 21460987,
        "teamId": 200,
        "championId": 28
      }
    ],
    "stats": {
      "level": 14,
      "goldEarned": 7962,
      "numDeaths": 6,
      "minionsKilled": 27,
      "goldSpent": 7770,
      "totalDamageDealt": 18758,
      "totalDamageTaken": 23841,
      "team": 200,
      "win": false,
      "physicalDamageDealtPlayer": 5766,
      "magicDamageDealtPlayer": 12991,
      "physicalDamageTaken": 14063,
      "magicDamageTaken": 9387,
      "timePlayed": 2355,
      "totalHeal": 1270,
      "totalUnitsHealed": 5,
      "assists": 9,
      "item0": 3302,
      "item1": 2045,
      "item2": 3143,
      "item3": 3270,
      "item4": 2010,
      "item5": 1057,
      "item6": 3340,
      "sightWardsBought": 1,
      "magicDamageDealtToChampions": 5811,
      "physicalDamageDealtToChampions": 901,
      "totalDamageDealtToChampions": 6712,
      "trueDamageTaken": 391,
      "wardKilled": 1,
      "wardPlaced": 30,
      "totalTimeCrowdControlDealt": 136
    }
  },
  "28515043": {
    "gameId": 818138240,
    "invalid": false,
    "gameMode": "CLASSIC",
    "gameType": "MATCHED_GAME",
    "subType": "RANKED_SOLO_5x5",
    "mapId": 1,
    "teamId": 100,
    "championId": 55,
    "spell1": 4,
    "spell2": 14,
    "level": 30,
    "ipEarned": 258,
    "createDate": 1398235062940,
    "fellowPlayers": [
      {
        "summonerId": 28940421,
        "teamId": 200,
        "championId": 412
      },
      {
        "summonerId": 38663087,
        "teamId": 100,
        "championId": 24
      },
      {
        "summonerId": 29743947,
        "teamId": 100,
        "championId": 267
      },
      {
        "summonerId": 24252970,
        "teamId": 100,
        "championId": 119
      },
      {
        "summonerId": 24456415,
        "teamId": 200,
        "championId": 61
      },
      {
        "summonerId": 32993894,
        "teamId": 200,
        "championId": 64
      },
      {
        "summonerId": 38508847,
        "teamId": 100,
        "championId": 23
      },
      {
        "summonerId": 34860101,
        "teamId": 200,
        "championId": 222
      },
      {
        "summonerId": 21460987,
        "teamId": 200,
        "championId": 28
      }
    ],
    "stats": {
      "level": 16,
      "goldEarned": 11636,
      "numDeaths": 8,
      "turretsKilled": 1,
      "minionsKilled": 109,
      "championsKilled": 10,
      "goldSpent": 9260,
      "totalDamageDealt": 84207,
      "totalDamageTaken": 27229,
      "doubleKills": 2,
      "tripleKills": 1,
      "killingSprees": 2,
      "largestKillingSpree": 6,
      "team": 100,
      "win": true,
      "largestMultiKill": 3,
      "physicalDamageDealtPlayer": 8462,
      "magicDamageDealtPlayer": 75173,
      "physicalDamageTaken": 13534,
      "magicDamageTaken": 13036,
      "timePlayed": 2355,
      "totalHeal": 256,
      "totalUnitsHealed": 1,
      "assists": 4,
      "item0": 1054,
      "item1": 3020,
      "item2": 3089,
      "item3": 3116,
      "item4": 3136,
      "item6": 3340,
      "magicDamageDealtToChampions": 19976,
      "physicalDamageDealtToChampions": 726,
      "totalDamageDealtToChampions": 21274,
      "trueDamageDealtPlayer": 572,
      "trueDamageDealtToChampions": 572,
      "trueDamageTaken": 659,
      "wardPlaced": 5,
      "totalTimeCrowdControlDealt": 121
    }
  },
  "38508847": {
    "gameId": 818138240,
    "invalid": false,
    "gameMode": "CLASSIC",
    "gameType": "MATCHED_GAME",
    "subType": "RANKED_SOLO_5x5",
    "mapId": 1,
    "teamId": 100,
    "championId": 23,
    "spell1": 4,
    "spell2": 11,
    "level": 30,
    "ipEarned": 108,
    "createDate": 1398235062943,
    "fellowPlayers": [
      {
        "summonerId": 28940421,
        "teamId": 200,
        "championId": 412
      },
      {
        "summonerId": 38663087,
        "teamId": 100,
        "championId": 24
      },
      {
        "summonerId": 29743947,
        "teamId": 100,
        "championId": 267
      },
      {
        "summonerId": 24252970,
        "teamId": 100,
        "championId": 119
      },
      {
        "summonerId": 24456415,
        "teamId": 200,
        "championId": 61
      },
      {
        "summonerId": 32993894,
        "teamId": 200,
        "championId": 64
      },
      {
        "summonerId": 34860101,
        "teamId": 200,
        "championId": 222
      },
      {
        "summonerId": 28515043,
        "teamId": 100,
        "championId": 55
      },
      {
        "summonerId": 21460987,
        "teamId": 200,
        "championId": 28
      }
    ],
    "stats": {
      "level": 18,
      "goldEarned": 14596,
      "numDeaths": 6,
      "turretsKilled": 4,
      "minionsKilled": 155,
      "championsKilled": 5,
      "goldSpent": 13695,
      "totalDamageDealt": 293301,
      "totalDamageTaken": 45628,
      "doubleKills": 1,
      "killingSprees": 2,
      "largestKillingSpree": 2,
      "team": 100,
      "win": true,
      "neutralMinionsKilled": 119,
      "largestMultiKill": 2,
      "physicalDamageDealtPlayer": 205943,
      "magicDamageDealtPlayer": 65232,
      "physicalDamageTaken": 35596,
      "magicDamageTaken": 8478,
      "largestCriticalStrike": 811,
      "timePlayed": 2355,
      "totalHeal": 18139,
      "totalUnitsHealed": 1,
      "assists": 2,
      "item0": 3031,
      "item1": 3252,
      "item2": 3087,
      "item3": 1042,
      "item4": 3160,
      "item5": 3144,
      "item6": 3340,
      "magicDamageDealtToChampions": 2010,
      "physicalDamageDealtToChampions": 12678,
      "totalDamageDealtToChampions": 15092,
      "trueDamageDealtPlayer": 22126,
      "trueDamageDealtToChampions": 404,
      "trueDamageTaken": 1552,
      "wardPlaced": 9,
      "neutralMinionsKilledEnemyJungle": 14,
      "neutralMinionsKilledYourJungle": 105,
      "totalTimeCrowdControlDealt": 859
    }
  },
  "24456415": {
    "gameId": 818138240,
    "invalid": false,
    "gameMode": "CLASSIC",
    "gameType": "MATCHED_GAME",
    "subType": "RANKED_SOLO_5x5",
    "mapId": 1,
    "teamId": 200,
    "championId": 61,
    "spell1": 4,
    "spell2": 14,
    "level": 30,
    "ipEarned": 71,
    "createDate": 1398235062950,
    "fellowPlayers": [
      {
        "summonerId": 28940421,
        "teamId": 200,
        "championId": 412
      },
      {
        "summonerId": 38663087,
        "teamId": 100,
        "championId": 24
      },
      {
        "summonerId": 29743947,
        "teamId": 100,
        "championId": 267
      },
      {
        "summonerId": 24252970,
        "teamId": 100,
        "championId": 119
      },
      {
        "summonerId": 32993894,
        "teamId": 200,
        "championId": 64
      },
      {
        "summonerId": 38508847,
        "teamId": 100,
        "championId": 23
      },
      {
        "summonerId": 34860101,
        "teamId": 200,
        "championId": 222
      },
      {
        "summonerId": 28515043,
        "teamId": 100,
        "championId": 55
      },
      {
        "summonerId": 21460987,
        "teamId": 200,
        "championId": 28
      }
    ],
    "stats": {
      "level": 17,
      "goldEarned": 14449,
      "numDeaths": 7,
      "turretsKilled": 2,
      "minionsKilled": 233,
      "championsKilled": 6,
      "goldSpent": 13750,
      "totalDamageDealt": 170856,
      "totalDamageTaken": 20546,
      "killingSprees": 2,
      "largestKillingSpree": 2,
      "team": 200,
      "win": false,
      "neutralMinionsKilled": 5,
      "largestMultiKill": 1,
      "physicalDamageDealtPlayer": 20697,
      "magicDamageDealtPlayer": 148341,
      "physicalDamageTaken": 12251,
      "magicDamageTaken": 8094,
      "timePlayed": 2355,
      "totalHeal": 1567,
      "totalUnitsHealed": 1,
      "assists": 13,
      "item0": 3255,
      "item1": 3174,
      "item2": 3157,
      "item3": 3089,
      "item4": 3135,
      "item6": 3340,
      "sightWardsBought": 1,
      "magicDamageDealtToChampions": 28075,
      "physicalDamageDealtToChampions": 1653,
      "totalDamageDealtToChampions": 31547,
      "trueDamageDealtPlayer": 1818,
      "trueDamageDealtToChampions": 1818,
      "trueDamageTaken": 200,
      "wardKilled": 1,
      "wardPlaced": 12,
      "neutralMinionsKilledEnemyJungle": 1,
      "neutralMinionsKilledYourJungle": 4,
      "totalTimeCrowdControlDealt": 1638
    }
  },
  "38663087": {
    "gameId": 818138240,
    "invalid": false,
    "gameMode": "CLASSIC",
    "gameType": "MATCHED_GAME",
    "subType": "RANKED_SOLO_5x5",
    "mapId": 1,
    "teamId": 100,
    "championId": 24,
    "spell1": 4,
    "spell2": 7,
    "level": 30,
    "ipEarned": 108,
    "createDate": 1398235062944,
    "fellowPlayers": [
      {
        "summonerId": 28940421,
        "teamId": 200,
        "championId": 412
      },
      {
        "summonerId": 29743947,
        "teamId": 100,
        "championId": 267
      },
      {
        "summonerId": 24252970,
        "teamId": 100,
        "championId": 119
      },
      {
        "summonerId": 24456415,
        "teamId": 200,
        "championId": 61
      },
      {
        "summonerId": 32993894,
        "teamId": 200,
        "championId": 64
      },
      {
        "summonerId": 38508847,
        "teamId": 100,
        "championId": 23
      },
      {
        "summonerId": 34860101,
        "teamId": 200,
        "championId": 222
      },
      {
        "summonerId": 28515043,
        "teamId": 100,
        "championId": 55
      },
      {
        "summonerId": 21460987,
        "teamId": 200,
        "championId": 28
      }
    ],
    "stats": {
      "level": 18,
      "goldEarned": 12840,
      "numDeaths": 10,
      "minionsKilled": 163,
      "championsKilled": 6,
      "goldSpent": 13008,
      "totalDamageDealt": 134598,
      "totalDamageTaken": 36462,
      "team": 100,
      "win": true,
      "neutralMinionsKilled": 17,
      "largestMultiKill": 1,
      "physicalDamageDealtPlayer": 119749,
      "magicDamageDealtPlayer": 14772,
      "physicalDamageTaken": 23583,
      "magicDamageTaken": 12082,
      "largestCriticalStrike": 415,
      "timePlayed": 2355,
      "totalHeal": 4081,
      "totalUnitsHealed": 4,
      "assists": 11,
      "item0": 2003,
      "item1": 3146,
      "item2": 1042,
      "item3": 3260,
      "item4": 3078,
      "item5": 1042,
      "item6": 3340,
      "magicDamageDealtToChampions": 1922,
      "physicalDamageDealtToChampions": 13303,
      "totalDamageDealtToChampions": 15302,
      "trueDamageDealtPlayer": 76,
      "trueDamageDealtToChampions": 76,
      "trueDamageTaken": 796,
      "wardPlaced": 12,
      "neutralMinionsKilledEnemyJungle": 3,
      "neutralMinionsKilledYourJungle": 14,
      "totalTimeCrowdControlDealt": 238
    }
  },
  "21460987": {
    "gameId": 818138240,
    "invalid": false,
    "gameMode": "CLASSIC",
    "gameType": "MATCHED_GAME",
    "subType": "RANKED_SOLO_5x5",
    "mapId": 1,
    "teamId": 200,
    "championId": 28,
    "spell1": 4,
    "spell2": 11,
    "level": 30,
    "ipEarned": 71,
    "createDate": 1398235062947,
    "fellowPlayers": [
      {
        "summonerId": 28940421,
        "teamId": 200,
        "championId": 412
      },
      {
        "summonerId": 38663087,
        "teamId": 100,
        "championId": 24
      },
      {
        "summonerId": 29743947,
        "teamId": 100,
        "championId": 267
      },
      {
        "summonerId": 24252970,
        "teamId": 100,
        "championId": 119
      },
      {
        "summonerId": 24456415,
        "teamId": 200,
        "championId": 61
      },
      {
        "summonerId": 32993894,
        "teamId": 200,
        "championId": 64
      },
      {
        "summonerId": 38508847,
        "teamId": 100,
        "championId": 23
      },
      {
        "summonerId": 34860101,
        "teamId": 200,
        "championId": 222
      },
      {
        "summonerId": 28515043,
        "teamId": 100,
        "championId": 55
      }
    ],
    "stats": {
      "level": 14,
      "goldEarned": 10035,
      "numDeaths": 12,
      "turretsKilled": 1,
      "minionsKilled": 9,
      "championsKilled": 8,
      "goldSpent": 9865,
      "totalDamageDealt": 67243,
      "totalDamageTaken": 28460,
      "killingSprees": 2,
      "largestKillingSpree": 2,
      "team": 200,
      "win": false,
      "neutralMinionsKilled": 31,
      "largestMultiKill": 1,
      "physicalDamageDealtPlayer": 23545,
      "magicDamageDealtPlayer": 38779,
      "physicalDamageTaken": 23180,
      "magicDamageTaken": 4711,
      "timePlayed": 2355,
      "totalHeal": 2108,
      "totalUnitsHealed": 1,
      "assists": 7,
      "item0": 3128,
      "item1": 3255,
      "item2": 3206,
      "item3": 3135,
      "item4": 1031,
      "item6": 3341,
      "magicDamageDealtToChampions": 9954,
      "physicalDamageDealtToChampions": 6109,
      "totalDamageDealtToChampions": 16345,
      "trueDamageDealtPlayer": 4918,
      "trueDamageDealtToChampions": 282,
      "trueDamageTaken": 568,
      "wardKilled": 1,
      "wardPlaced": 7,
      "neutralMinionsKilledEnemyJungle": 3,
      "neutralMinionsKilledYourJungle": 28,
      "totalTimeCrowdControlDealt": 106
    }
  },
  "32993894": {
    "gameId": 818138240,
    "invalid": false,
    "gameMode": "CLASSIC",
    "gameType": "MATCHED_GAME",
    "subType": "RANKED_SOLO_5x5",
    "mapId": 1,
    "teamId": 200,
    "championId": 64,
    "spell1": 14,
    "spell2": 4,
    "level": 30,
    "ipEarned": 71,
    "createDate": 1398235062948,
    "fellowPlayers": [
      {
        "summonerId": 28940421,
        "teamId": 200,
        "championId": 412
      },
      {
        "summonerId": 38663087,
        "teamId": 100,
        "championId": 24
      },
      {
        "summonerId": 29743947,
        "teamId": 100,
        "championId": 267
      },
      {
        "summonerId": 24252970,
        "teamId": 100,
        "championId": 119
      },
      {
        "summonerId": 24456415,
        "teamId": 200,
        "championId": 61
      },
      {
        "summonerId": 38508847,
        "teamId": 100,
        "championId": 23
      },
      {
        "summonerId": 34860101,
        "teamId": 200,
        "championId": 222
      },
      {
        "summonerId": 28515043,
        "teamId": 100,
        "championId": 55
      },
      {
        "summonerId": 21460987,
        "teamId": 200,
        "championId": 28
      }
    ],
    "stats": {
      "level": 17,
      "goldEarned": 12612,
      "numDeaths": 9,
      "minionsKilled": 205,
      "championsKilled": 4,
      "goldSpent": 12250,
      "totalDamageDealt": 143987,
      "totalDamageTaken": 36472,
      "killingSprees": 1,
      "largestKillingSpree": 2,
      "team": 200,
      "win": false,
      "neutralMinionsKilled": 27,
      "largestMultiKill": 1,
      "physicalDamageDealtPlayer": 118140,
      "magicDamageDealtPlayer": 23785,
      "physicalDamageTaken": 25267,
      "magicDamageTaken": 10785,
      "timePlayed": 2355,
      "totalHeal": 3248,
      "totalUnitsHealed": 1,
      "assists": 8,
      "item0": 3068,
      "item1": 3074,
      "item2": 3143,
      "item3": 3044,
      "item4": 3047,
      "item6": 3340,
      "sightWardsBought": 2,
      "magicDamageDealtToChampions": 3818,
      "physicalDamageDealtToChampions": 21313,
      "totalDamageDealtToChampions": 26553,
      "trueDamageDealtPlayer": 2060,
      "trueDamageDealtToChampions": 1420,
      "trueDamageTaken": 420,
      "wardPlaced": 7,
      "neutralMinionsKilledEnemyJungle": 10,
      "neutralMinionsKilledYourJungle": 17,
      "totalTimeCrowdControlDealt": 868
    }
  }
}