{
  "39615917": {
    "gameId": 818160578,
    "invalid": false,
    "gameMode": "CLASSIC",
    "gameType": "MATCHED_GAME",
    "subType": "NORMAL",
    "mapId": 1,
    "teamId": 100,
    "championId": 43,
    "spell1": 7,
    "spell2": 4,
    "level": 30,
    "ipEarned": 65,
    "createDate": 1398242816301,
    "fellowPlayers": [
      {
        "summonerId": 38334767,
        "teamId": 100,
        "championId": 80
      },
      {
        "summonerId": 27457213,
        "teamId": 100,
        "championId": 7
      },
      {
        "summonerId": 27943729,
        "teamId": 200,
        "championId": 157
      },
      {
        "summonerId": 31336322,
        "teamId": 200,
        "championId": 238
      },
      {
        "summonerId": 42657606,
        "teamId": 200,
        "championId": 81
      },
      {
        "summonerId": 34343596,
        "teamId": 100,
        "championId": 21
      },
      {
        "summonerId": 31257866,
        "teamId": 100,
        "championId": 5
      },
      {
        "summonerId": 42359910,
        "teamId": 200,
        "championId": 53
      },
      {
        "summonerId": 30110264,
        "teamId": 200,
        "championId": 48
      }
    ],
    "stats": {
      "level": 12,
      "goldEarned": 7596,
      "numDeaths": 12,
      "minionsKilled": 35,
      "championsKilled": 2,
      "goldSpent": 6595,
      "totalDamageDealt": 44689,
      "totalDamageTaken": 25886,
      "team": 100,
      "win": false,
      "neutralMinionsKilled": 1,
      "largestMultiKill": 1,
      "physicalDamageDealtPlayer": 9246,
      "magicDamageDealtPlayer": 35443,
      "physicalDamageTaken": 19956,
      "magicDamageTaken": 5565,
      "timePlayed": 2103,
      "totalHeal": 3414,
      "totalUnitsHealed": 3,
      "assists": 3,
      "item0": 3092,
      "item1": 2045,
      "item2": 1056,
      "item3": 2004,
      "item4": 3255,
      "item6": 3342,
      "sightWardsBought": 1,
      "magicDamageDealtToChampions": 13763,
      "physicalDamageDealtToChampions": 1194,
      "totalDamageDealtToChampions": 14957,
      "trueDamageTaken": 364,
      "wardPlaced": 10,
      "neutralMinionsKilledYourJungle": 1,
      "totalTimeCrowdControlDealt": 297
    }
  },
  "summonerCount": 10,
  "31336322": {
    "gameId": 818160578,
    "invalid": false,
    "gameMode": "CLASSIC",
    "gameType": "MATCHED_GAME",
    "subType": "NORMAL",
    "mapId": 1,
    "teamId": 200,
    "championId": 238,
    "spell1": 14,
    "spell2": 4,
    "level": 30,
    "ipEarned": 99,
    "createDate": 1398242816311,
    "fellowPlayers": [
      {
        "summonerId": 38334767,
        "teamId": 100,
        "championId": 80
      },
      {
        "summonerId": 27457213,
        "teamId": 100,
        "championId": 7
      },
      {
        "summonerId": 39615917,
        "teamId": 100,
        "championId": 43
      },
      {
        "summonerId": 27943729,
        "teamId": 200,
        "championId": 157
      },
      {
        "summonerId": 42657606,
        "teamId": 200,
        "championId": 81
      },
      {
        "summonerId": 34343596,
        "teamId": 100,
        "championId": 21
      },
      {
        "summonerId": 31257866,
        "teamId": 100,
        "championId": 5
      },
      {
        "summonerId": 42359910,
        "teamId": 200,
        "championId": 53
      },
      {
        "summonerId": 30110264,
        "teamId": 200,
        "championId": 48
      }
    ],
    "stats": {
      "level": 17,
      "goldEarned": 13681,
      "numDeaths": 1,
      "turretsKilled": 3,
      "minionsKilled": 135,
      "championsKilled": 12,
      "goldSpent": 13075,
      "totalDamageDealt": 114350,
      "totalDamageTaken": 19035,
      "doubleKills": 3,
      "killingSprees": 2,
      "largestKillingSpree": 8,
      "team": 200,
      "win": true,
      "neutralMinionsKilled": 9,
      "largestMultiKill": 2,
      "physicalDamageDealtPlayer": 106882,
      "magicDamageDealtPlayer": 6550,
      "physicalDamageTaken": 14066,
      "magicDamageTaken": 4563,
      "largestCriticalStrike": 724,
      "timePlayed": 2103,
      "totalHeal": 1515,
      "totalUnitsHealed": 1,
      "assists": 7,
      "item0": 3006,
      "item1": 3077,
      "item2": 3072,
      "item3": 3046,
      "item4": 1053,
      "item5": 3071,
      "item6": 3340,
      "magicDamageDealtToChampions": 1131,
      "physicalDamageDealtToChampions": 18077,
      "totalDamageDealtToChampions": 19789,
      "trueDamageDealtPlayer": 918,
      "trueDamageDealtToChampions": 580,
      "trueDamageTaken": 405,
      "wardPlaced": 28,
      "neutralMinionsKilledEnemyJungle": 5,
      "neutralMinionsKilledYourJungle": 4,
      "totalTimeCrowdControlDealt": 154
    }
  },
  "31257866": {
    "gameId": 818160578,
    "invalid": false,
    "gameMode": "CLASSIC",
    "gameType": "MATCHED_GAME",
    "subType": "NORMAL",
    "mapId": 1,
    "teamId": 100,
    "championId": 5,
    "spell1": 11,
    "spell2": 4,
    "level": 30,
    "ipEarned": 65,
    "createDate": 1398242816304,
    "fellowPlayers": [
      {
        "summonerId": 38334767,
        "teamId": 100,
        "championId": 80
      },
      {
        "summonerId": 27457213,
        "teamId": 100,
        "championId": 7
      },
      {
        "summonerId": 39615917,
        "teamId": 100,
        "championId": 43
      },
      {
        "summonerId": 27943729,
        "teamId": 200,
        "championId": 157
      },
      {
        "summonerId": 31336322,
        "teamId": 200,
        "championId": 238
      },
      {
        "summonerId": 42657606,
        "teamId": 200,
        "championId": 81
      },
      {
        "summonerId": 34343596,
        "teamId": 100,
        "championId": 21
      },
      {
        "summonerId": 42359910,
        "teamId": 200,
        "championId": 53
      },
      {
        "summonerId": 30110264,
        "teamId": 200,
        "championId": 48
      }
    ],
    "stats": {
      "level": 16,
      "goldEarned": 9545,
      "numDeaths": 8,
      "minionsKilled": 148,
      "championsKilled": 2,
      "goldSpent": 9373,
      "totalDamageDealt": 155617,
      "totalDamageTaken": 30984,
      "team": 100,
      "win": false,
      "neutralMinionsKilled": 46,
      "largestMultiKill": 1,
      "physicalDamageDealtPlayer": 120761,
      "magicDamageDealtPlayer": 18161,
      "physicalDamageTaken": 25563,
      "magicDamageTaken": 4102,
      "largestCriticalStrike": 526,
      "timePlayed": 2103,
      "totalHeal": 6503,
      "totalUnitsHealed": 1,
      "assists": 3,
      "item0": 3074,
      "item1": 1001,
      "item2": 3078,
      "item4": 3154,
      "item6": 3340,
      "magicDamageDealtToChampions": 726,
      "physicalDamageDealtToChampions": 13702,
      "totalDamageDealtToChampions": 14717,
      "trueDamageDealtPlayer": 16694,
      "trueDamageDealtToChampions": 288,
      "trueDamageTaken": 1318,
      "wardPlaced": 11,
      "neutralMinionsKilledYourJungle": 46,
      "totalTimeCrowdControlDealt": 487
    }
  },
  "38334767": {
    "gameId": 818160578,
    "invalid": false,
    "gameMode": "CLASSIC",
    "gameType": "MATCHED_GAME",
    "subType": "NORMAL",
    "mapId": 1,
    "teamId": 100,
    "championId": 80,
    "spell1": 4,
    "spell2": 14,
    "level": 14,
    "ipEarned": 65,
    "createDate": 1398242816305,
    "fellowPlayers": [
      {
        "summonerId": 27457213,
        "teamId": 100,
        "championId": 7
      },
      {
        "summonerId": 39615917,
        "teamId": 100,
        "championId": 43
      },
      {
        "summonerId": 27943729,
        "teamId": 200,
        "championId": 157
      },
      {
        "summonerId": 31336322,
        "teamId": 200,
        "championId": 238
      },
      {
        "summonerId": 42657606,
        "teamId": 200,
        "championId": 81
      },
      {
        "summonerId": 34343596,
        "teamId": 100,
        "championId": 21
      },
      {
        "summonerId": 31257866,
        "teamId": 100,
        "championId": 5
      },
      {
        "summonerId": 42359910,
        "teamId": 200,
        "championId": 53
      },
      {
        "summonerId": 30110264,
        "teamId": 200,
        "championId": 48
      }
    ],
    "stats": {
      "level": 11,
      "goldEarned": 5748,
      "numDeaths": 13,
      "minionsKilled": 24,
      "championsKilled": 2,
      "goldSpent": 5900,
      "totalDamageDealt": 23433,
      "totalDamageTaken": 26338,
      "team": 100,
      "win": false,
      "largestMultiKill": 1,
      "physicalDamageDealtPlayer": 19590,
      "magicDamageDealtPlayer": 3549,
      "physicalDamageTaken": 19877,
      "magicDamageTaken": 5631,
      "largestCriticalStrike": 297,
      "timePlayed": 2103,
      "totalHeal": 239,
      "totalUnitsHealed": 1,
      "assists": 1,
      "item0": 3117,
      "item1": 3071,
      "item2": 1055,
      "item3": 1036,
      "item4": 1006,
      "item5": 1006,
      "magicDamageDealtToChampions": 777,
      "physicalDamageDealtToChampions": 4342,
      "totalDamageDealtToChampions": 5414,
      "trueDamageDealtPlayer": 294,
      "trueDamageDealtToChampions": 294,
      "trueDamageTaken": 830,
      "totalTimeCrowdControlDealt": 30
    }
  },
  "42359910": {
    "gameId": 818160578,
    "invalid": false,
    "gameMode": "CLASSIC",
    "gameType": "MATCHED_GAME",
    "subType": "NORMAL",
    "mapId": 1,
    "teamId": 200,
    "championId": 53,
    "spell1": 4,
    "spell2": 3,
    "level": 30,
    "ipEarned": 99,
    "createDate": 1398242816308,
    "fellowPlayers": [
      {
        "summonerId": 38334767,
        "teamId": 100,
        "championId": 80
      },
      {
        "summonerId": 27457213,
        "teamId": 100,
        "championId": 7
      },
      {
        "summonerId": 39615917,
        "teamId": 100,
        "championId": 43
      },
      {
        "summonerId": 27943729,
        "teamId": 200,
        "championId": 157
      },
      {
        "summonerId": 31336322,
        "teamId": 200,
        "championId": 238
      },
      {
        "summonerId": 42657606,
        "teamId": 200,
        "championId": 81
      },
      {
        "summonerId": 34343596,
        "teamId": 100,
        "championId": 21
      },
      {
        "summonerId": 31257866,
        "teamId": 100,
        "championId": 5
      },
      {
        "summonerId": 30110264,
        "teamId": 200,
        "championId": 48
      }
    ],
    "stats": {
      "level": 15,
      "goldEarned": 11289,
      "numDeaths": 2,
      "barracksKilled": 1,
      "minionsKilled": 26,
      "championsKilled": 7,
      "goldSpent": 10275,
      "totalDamageDealt": 43071,
      "totalDamageTaken": 18233,
      "killingSprees": 2,
      "largestKillingSpree": 5,
      "team": 200,
      "win": true,
      "neutralMinionsKilled": 3,
      "largestMultiKill": 1,
      "physicalDamageDealtPlayer": 12304,
      "magicDamageDealtPlayer": 30766,
      "physicalDamageTaken": 8872,
      "magicDamageTaken": 9018,
      "timePlayed": 2103,
      "totalHeal": 2807,
      "totalUnitsHealed": 1,
      "assists": 15,
      "item0": 3024,
      "item1": 3069,
      "item2": 2045,
      "item3": 3270,
      "item4": 3105,
      "item5": 3004,
      "item6": 3341,
      "sightWardsBought": 1,
      "magicDamageDealtToChampions": 11305,
      "physicalDamageDealtToChampions": 3405,
      "totalDamageDealtToChampions": 14711,
      "trueDamageTaken": 342,
      "wardPlaced": 3,
      "neutralMinionsKilledEnemyJungle": 2,
      "neutralMinionsKilledYourJungle": 1,
      "totalTimeCrowdControlDealt": 61
    }
  },
  "27457213": {
    "gameId": 818160578,
    "invalid": false,
    "gameMode": "CLASSIC",
    "gameType": "MATCHED_GAME",
    "subType": "NORMAL",
    "mapId": 1,
    "teamId": 100,
    "championId": 7,
    "spell1": 14,
    "spell2": 4,
    "level": 30,
    "ipEarned": 65,
    "createDate": 1398242816302,
    "fellowPlayers": [
      {
        "summonerId": 38334767,
        "teamId": 100,
        "championId": 80
      },
      {
        "summonerId": 39615917,
        "teamId": 100,
        "championId": 43
      },
      {
        "summonerId": 27943729,
        "teamId": 200,
        "championId": 157
      },
      {
        "summonerId": 31336322,
        "teamId": 200,
        "championId": 238
      },
      {
        "summonerId": 42657606,
        "teamId": 200,
        "championId": 81
      },
      {
        "summonerId": 34343596,
        "teamId": 100,
        "championId": 21
      },
      {
        "summonerId": 31257866,
        "teamId": 100,
        "championId": 5
      },
      {
        "summonerId": 42359910,
        "teamId": 200,
        "championId": 53
      },
      {
        "summonerId": 30110264,
        "teamId": 200,
        "championId": 48
      }
    ],
    "stats": {
      "level": 14,
      "goldEarned": 6971,
      "numDeaths": 5,
      "minionsKilled": 65,
      "championsKilled": 3,
      "goldSpent": 6715,
      "totalDamageDealt": 51345,
      "totalDamageTaken": 23564,
      "killingSprees": 1,
      "largestKillingSpree": 2,
      "team": 100,
      "win": false,
      "largestMultiKill": 1,
      "physicalDamageDealtPlayer": 13268,
      "magicDamageDealtPlayer": 37638,
      "physicalDamageTaken": 17528,
      "magicDamageTaken": 4882,
      "timePlayed": 2103,
      "totalHeal": 853,
      "totalUnitsHealed": 1,
      "assists": 3,
      "item0": 1058,
      "item1": 3108,
      "item3": 1001,
      "item4": 3027,
      "item6": 3340,
      "magicDamageDealtToChampions": 13456,
      "physicalDamageDealtToChampions": 1276,
      "totalDamageDealtToChampions": 15171,
      "trueDamageDealtPlayer": 438,
      "trueDamageDealtToChampions": 438,
      "trueDamageTaken": 1154,
      "wardPlaced": 10,
      "totalTimeCrowdControlDealt": 73
    }
  },
  "34343596": {
    "gameId": 818160578,
    "invalid": false,
    "gameMode": "CLASSIC",
    "gameType": "MATCHED_GAME",
    "subType": "NORMAL",
    "mapId": 1,
    "teamId": 100,
    "championId": 21,
    "spell1": 7,
    "spell2": 4,
    "level": 30,
    "ipEarned": 65,
    "createDate": 1398242816303,
    "fellowPlayers": [
      {
        "summonerId": 38334767,
        "teamId": 100,
        "championId": 80
      },
      {
        "summonerId": 27457213,
        "teamId": 100,
        "championId": 7
      },
      {
        "summonerId": 39615917,
        "teamId": 100,
        "championId": 43
      },
      {
        "summonerId": 27943729,
        "teamId": 200,
        "championId": 157
      },
      {
        "summonerId": 31336322,
        "teamId": 200,
        "championId": 238
      },
      {
        "summonerId": 42657606,
        "teamId": 200,
        "championId": 81
      },
      {
        "summonerId": 31257866,
        "teamId": 100,
        "championId": 5
      },
      {
        "summonerId": 42359910,
        "teamId": 200,
        "championId": 53
      },
      {
        "summonerId": 30110264,
        "teamId": 200,
        "championId": 48
      }
    ],
    "stats": {
      "level": 13,
      "goldEarned": 8115,
      "numDeaths": 9,
      "minionsKilled": 113,
      "championsKilled": 2,
      "goldSpent": 7885,
      "totalDamageDealt": 77156,
      "totalDamageTaken": 28505,
      "team": 100,
      "win": false,
      "neutralMinionsKilled": 5,
      "largestMultiKill": 1,
      "physicalDamageDealtPlayer": 63852,
      "magicDamageDealtPlayer": 13304,
      "physicalDamageTaken": 19763,
      "magicDamageTaken": 8677,
      "largestCriticalStrike": 448,
      "timePlayed": 2103,
      "totalHeal": 3076,
      "totalUnitsHealed": 3,
      "assists": 3,
      "item0": 3006,
      "item1": 3072,
      "item2": 3057,
      "item3": 3086,
      "item4": 1036,
      "item5": 1028,
      "item6": 3340,
      "magicDamageDealtToChampions": 3260,
      "physicalDamageDealtToChampions": 9388,
      "totalDamageDealtToChampions": 12648,
      "trueDamageTaken": 64,
      "wardPlaced": 7,
      "neutralMinionsKilledYourJungle": 5,
      "totalTimeCrowdControlDealt": 195
    }
  },
  "42657606": {
    "gameId": 818160578,
    "invalid": false,
    "gameMode": "CLASSIC",
    "gameType": "MATCHED_GAME",
    "subType": "NORMAL",
    "mapId": 1,
    "teamId": 200,
    "championId": 81,
    "spell1": 21,
    "spell2": 4,
    "level": 30,
    "ipEarned": 249,
    "createDate": 1398242816309,
    "fellowPlayers": [
      {
        "summonerId": 38334767,
        "teamId": 100,
        "championId": 80
      },
      {
        "summonerId": 27457213,
        "teamId": 100,
        "championId": 7
      },
      {
        "summonerId": 39615917,
        "teamId": 100,
        "championId": 43
      },
      {
        "summonerId": 27943729,
        "teamId": 200,
        "championId": 157
      },
      {
        "summonerId": 31336322,
        "teamId": 200,
        "championId": 238
      },
      {
        "summonerId": 34343596,
        "teamId": 100,
        "championId": 21
      },
      {
        "summonerId": 31257866,
        "teamId": 100,
        "championId": 5
      },
      {
        "summonerId": 42359910,
        "teamId": 200,
        "championId": 53
      },
      {
        "summonerId": 30110264,
        "teamId": 200,
        "championId": 48
      }
    ],
    "stats": {
      "level": 16,
      "goldEarned": 12982,
      "numDeaths": 3,
      "turretsKilled": 1,
      "minionsKilled": 116,
      "championsKilled": 6,
      "goldSpent": 10508,
      "totalDamageDealt": 115652,
      "totalDamageTaken": 17765,
      "killingSprees": 1,
      "largestKillingSpree": 3,
      "team": 200,
      "win": true,
      "neutralMinionsKilled": 16,
      "largestMultiKill": 1,
      "physicalDamageDealtPlayer": 93116,
      "magicDamageDealtPlayer": 22535,
      "physicalDamageTaken": 9737,
      "magicDamageTaken": 7338,
      "largestCriticalStrike": 591,
      "timePlayed": 2103,
      "totalHeal": 1121,
      "totalUnitsHealed": 1,
      "assists": 17,
      "item0": 3072,
      "item1": 3078,
      "item2": 3057,
      "item3": 1055,
      "item4": 1027,
      "item5": 3006,
      "item6": 3340,
      "magicDamageDealtToChampions": 9165,
      "physicalDamageDealtToChampions": 20731,
      "totalDamageDealtToChampions": 29896,
      "trueDamageTaken": 690,
      "wardPlaced": 7,
      "neutralMinionsKilledEnemyJungle": 8,
      "neutralMinionsKilledYourJungle": 8
    }
  },
  "27943729": {
    "gameId": 818160578,
    "invalid": false,
    "gameMode": "CLASSIC",
    "gameType": "MATCHED_GAME",
    "subType": "NORMAL",
    "mapId": 1,
    "teamId": 200,
    "championId": 157,
    "spell1": 14,
    "spell2": 4,
    "level": 30,
    "ipEarned": 99,
    "createDate": 1398242816310,
    "fellowPlayers": [
      {
        "summonerId": 38334767,
        "teamId": 100,
        "championId": 80
      },
      {
        "summonerId": 27457213,
        "teamId": 100,
        "championId": 7
      },
      {
        "summonerId": 39615917,
        "teamId": 100,
        "championId": 43
      },
      {
        "summonerId": 31336322,
        "teamId": 200,
        "championId": 238
      },
      {
        "summonerId": 42657606,
        "teamId": 200,
        "championId": 81
      },
      {
        "summonerId": 34343596,
        "teamId": 100,
        "championId": 21
      },
      {
        "summonerId": 31257866,
        "teamId": 100,
        "championId": 5
      },
      {
        "summonerId": 42359910,
        "teamId": 200,
        "championId": 53
      },
      {
        "summonerId": 30110264,
        "teamId": 200,
        "championId": 48
      }
    ],
    "stats": {
      "level": 17,
      "goldEarned": 14626,
      "numDeaths": 4,
      "barracksKilled": 2,
      "turretsKilled": 2,
      "minionsKilled": 215,
      "championsKilled": 10,
      "goldSpent": 11135,
      "totalDamageDealt": 178789,
      "totalDamageTaken": 20233,
      "doubleKills": 1,
      "killingSprees": 4,
      "largestKillingSpree": 3,
      "team": 200,
      "win": true,
      "neutralMinionsKilled": 12,
      "largestMultiKill": 2,
      "physicalDamageDealtPlayer": 150828,
      "magicDamageDealtPlayer": 26178,
      "physicalDamageTaken": 13917,
      "magicDamageTaken": 6068,
      "largestCriticalStrike": 567,
      "timePlayed": 2103,
      "totalHeal": 2451,
      "totalUnitsHealed": 1,
      "assists": 7,
      "item0": 3153,
      "item1": 3087,
      "item2": 3006,
      "item3": 1038,
      "item4": 1055,
      "item5": 3035,
      "item6": 3340,
      "magicDamageDealtToChampions": 5152,
      "physicalDamageDealtToChampions": 19323,
      "totalDamageDealtToChampions": 26123,
      "trueDamageDealtPlayer": 1782,
      "trueDamageDealtToChampions": 1648,
      "trueDamageTaken": 248,
      "wardPlaced": 13,
      "neutralMinionsKilledEnemyJungle": 9,
      "neutralMinionsKilledYourJungle": 3,
      "totalTimeCrowdControlDealt": 334
    }
  },
  "39615917": {
    "gameId": 818160578,
    "invalid": false,
    "gameMode": "CLASSIC",
    "gameType": "MATCHED_GAME",
    "subType": "NORMAL",
    "mapId": 1,
    "teamId": 100,
    "championId": 43,
    "spell1": 7,
    "spell2": 4,
    "level": 30,
    "ipEarned": 65,
    "createDate": 1398242816301,
    "fellowPlayers": [
      {
        "summonerId": 38334767,
        "teamId": 100,
        "championId": 80
      },
      {
        "summonerId": 27457213,
        "teamId": 100,
        "championId": 7
      },
      {
        "summonerId": 27943729,
        "teamId": 200,
        "championId": 157
      },
      {
        "summonerId": 31336322,
        "teamId": 200,
        "championId": 238
      },
      {
        "summonerId": 42657606,
        "teamId": 200,
        "championId": 81
      },
      {
        "summonerId": 34343596,
        "teamId": 100,
        "championId": 21
      },
      {
        "summonerId": 31257866,
        "teamId": 100,
        "championId": 5
      },
      {
        "summonerId": 42359910,
        "teamId": 200,
        "championId": 53
      },
      {
        "summonerId": 30110264,
        "teamId": 200,
        "championId": 48
      }
    ],
    "stats": {
      "level": 12,
      "goldEarned": 7596,
      "numDeaths": 12,
      "minionsKilled": 35,
      "championsKilled": 2,
      "goldSpent": 6595,
      "totalDamageDealt": 44689,
      "totalDamageTaken": 25886,
      "team": 100,
      "win": false,
      "neutralMinionsKilled": 1,
      "largestMultiKill": 1,
      "physicalDamageDealtPlayer": 9246,
      "magicDamageDealtPlayer": 35443,
      "physicalDamageTaken": 19956,
      "magicDamageTaken": 5565,
      "timePlayed": 2103,
      "totalHeal": 3414,
      "totalUnitsHealed": 3,
      "assists": 3,
      "item0": 3092,
      "item1": 2045,
      "item2": 1056,
      "item3": 2004,
      "item4": 3255,
      "item6": 3342,
      "sightWardsBought": 1,
      "magicDamageDealtToChampions": 13763,
      "physicalDamageDealtToChampions": 1194,
      "totalDamageDealtToChampions": 14957,
      "trueDamageTaken": 364,
      "wardPlaced": 10,
      "neutralMinionsKilledYourJungle": 1,
      "totalTimeCrowdControlDealt": 297
    }
  }
}