{
  "34529325": {
    "gameId": 824851404,
    "invalid": false,
    "gameMode": "CLASSIC",
    "gameType": "MATCHED_GAME",
    "subType": "CAP_5x5",
    "mapId": 1,
    "teamId": 200,
    "championId": 53,
    "spell1": 3,
    "spell2": 4,
    "level": 30,
    "ipEarned": 71,
    "createDate": 1399032142046,
    "fellowPlayers": [
      {
        "summonerId": 23839986,
        "teamId": 200,
        "championId": 5
      },
      {
        "summonerId": 23649823,
        "teamId": 200,
        "championId": 22
      },
      {
        "summonerId": 38153305,
        "teamId": 100,
        "championId": 64
      },
      {
        "summonerId": 27901529,
        "teamId": 100,
        "championId": 4
      },
      {
        "summonerId": 38748455,
        "teamId": 100,
        "championId": 12
      },
      {
        "summonerId": 19945574,
        "teamId": 200,
        "championId": 115
      },
      {
        "summonerId": 25599670,
        "teamId": 100,
        "championId": 29
      },
      {
        "summonerId": 33573541,
        "teamId": 200,
        "championId": 83
      },
      {
        "summonerId": 40809509,
        "teamId": 100,
        "championId": 2
      }
    ],
    "stats": {
      "level": 16,
      "goldEarned": 12379,
      "numDeaths": 8,
      "turretsKilled": 1,
      "minionsKilled": 27,
      "championsKilled": 7,
      "goldSpent": 12085,
      "totalDamageDealt": 42420,
      "totalDamageTaken": 28229,
      "doubleKills": 1,
      "killingSprees": 3,
      "largestKillingSpree": 2,
      "team": 200,
      "win": false,
      "largestMultiKill": 2,
      "physicalDamageDealtPlayer": 10986,
      "magicDamageDealtPlayer": 31433,
      "physicalDamageTaken": 16039,
      "magicDamageTaken": 9144,
      "timePlayed": 2390,
      "totalHeal": 1831,
      "totalUnitsHealed": 1,
      "assists": 24,
      "item0": 3274,
      "item1": 2045,
      "item2": 3068,
      "item3": 3025,
      "item4": 1011,
      "item5": 3211,
      "item6": 3340,
      "sightWardsBought": 2,
      "magicDamageDealtToChampions": 14291,
      "physicalDamageDealtToChampions": 6059,
      "totalDamageDealtToChampions": 20350,
      "trueDamageTaken": 3045,
      "wardPlaced": 26,
      "totalTimeCrowdControlDealt": 141
    }
  },
  "summonerCount": 10,
  "23839986": {
    "gameId": 824851404,
    "invalid": false,
    "gameMode": "CLASSIC",
    "gameType": "MATCHED_GAME",
    "subType": "CAP_5x5",
    "mapId": 1,
    "teamId": 200,
    "championId": 5,
    "spell1": 4,
    "spell2": 11,
    "level": 30,
    "ipEarned": 71,
    "createDate": 1399032142049,
    "fellowPlayers": [
      {
        "summonerId": 23649823,
        "teamId": 200,
        "championId": 22
      },
      {
        "summonerId": 34529325,
        "teamId": 200,
        "championId": 53
      },
      {
        "summonerId": 38153305,
        "teamId": 100,
        "championId": 64
      },
      {
        "summonerId": 27901529,
        "teamId": 100,
        "championId": 4
      },
      {
        "summonerId": 38748455,
        "teamId": 100,
        "championId": 12
      },
      {
        "summonerId": 19945574,
        "teamId": 200,
        "championId": 115
      },
      {
        "summonerId": 25599670,
        "teamId": 100,
        "championId": 29
      },
      {
        "summonerId": 33573541,
        "teamId": 200,
        "championId": 83
      },
      {
        "summonerId": 40809509,
        "teamId": 100,
        "championId": 2
      }
    ],
    "stats": {
      "level": 18,
      "goldEarned": 13673,
      "numDeaths": 12,
      "minionsKilled": 16,
      "championsKilled": 7,
      "goldSpent": 12803,
      "totalDamageDealt": 176940,
      "totalDamageTaken": 49116,
      "team": 200,
      "win": false,
      "neutralMinionsKilled": 95,
      "largestMultiKill": 1,
      "physicalDamageDealtPlayer": 117889,
      "magicDamageDealtPlayer": 47078,
      "physicalDamageTaken": 38086,
      "magicDamageTaken": 7883,
      "largestCriticalStrike": 591,
      "timePlayed": 2390,
      "totalHeal": 15704,
      "totalUnitsHealed": 1,
      "assists": 16,
      "item0": 3160,
      "item1": 3111,
      "item2": 3071,
      "item3": 3078,
      "item4": 3065,
      "item6": 3341,
      "magicDamageDealtToChampions": 2391,
      "physicalDamageDealtToChampions": 18617,
      "totalDamageDealtToChampions": 21789,
      "trueDamageDealtPlayer": 11972,
      "trueDamageDealtToChampions": 780,
      "trueDamageTaken": 3147,
      "wardPlaced": 4,
      "neutralMinionsKilledEnemyJungle": 18,
      "neutralMinionsKilledYourJungle": 77,
      "totalTimeCrowdControlDealt": 289
    }
  },
  "38748455": {
    "gameId": 824851404,
    "invalid": false,
    "gameMode": "CLASSIC",
    "gameType": "MATCHED_GAME",
    "subType": "CAP_5x5",
    "mapId": 1,
    "teamId": 100,
    "championId": 12,
    "spell1": 3,
    "spell2": 4,
    "level": 30,
    "ipEarned": 108,
    "createDate": 1399032142041,
    "fellowPlayers": [
      {
        "summonerId": 23839986,
        "teamId": 200,
        "championId": 5
      },
      {
        "summonerId": 23649823,
        "teamId": 200,
        "championId": 22
      },
      {
        "summonerId": 34529325,
        "teamId": 200,
        "championId": 53
      },
      {
        "summonerId": 38153305,
        "teamId": 100,
        "championId": 64
      },
      {
        "summonerId": 27901529,
        "teamId": 100,
        "championId": 4
      },
      {
        "summonerId": 19945574,
        "teamId": 200,
        "championId": 115
      },
      {
        "summonerId": 25599670,
        "teamId": 100,
        "championId": 29
      },
      {
        "summonerId": 33573541,
        "teamId": 200,
        "championId": 83
      },
      {
        "summonerId": 40809509,
        "teamId": 100,
        "championId": 2
      }
    ],
    "stats": {
      "level": 16,
      "goldEarned": 13264,
      "numDeaths": 9,
      "minionsKilled": 25,
      "championsKilled": 7,
      "goldSpent": 12370,
      "totalDamageDealt": 34735,
      "totalDamageTaken": 43121,
      "killingSprees": 2,
      "largestKillingSpree": 3,
      "team": 100,
      "win": true,
      "largestMultiKill": 1,
      "physicalDamageDealtPlayer": 9687,
      "magicDamageDealtPlayer": 25048,
      "physicalDamageTaken": 28688,
      "magicDamageTaken": 13455,
      "timePlayed": 2390,
      "totalHeal": 14756,
      "totalUnitsHealed": 31,
      "assists": 29,
      "item0": 3069,
      "item1": 3143,
      "item2": 3065,
      "item3": 2045,
      "item4": 3009,
      "item5": 1011,
      "item6": 3341,
      "sightWardsBought": 1,
      "magicDamageDealtToChampions": 9852,
      "physicalDamageDealtToChampions": 4774,
      "totalDamageDealtToChampions": 14626,
      "trueDamageTaken": 977,
      "wardKilled": 3,
      "wardPlaced": 32,
      "totalTimeCrowdControlDealt": 767
    }
  },
  "19945574": {
    "gameId": 824851404,
    "invalid": false,
    "gameMode": "CLASSIC",
    "gameType": "MATCHED_GAME",
    "subType": "CAP_5x5",
    "mapId": 1,
    "teamId": 200,
    "championId": 115,
    "spell1": 12,
    "spell2": 4,
    "level": 30,
    "ipEarned": 71,
    "createDate": 1399032142047,
    "fellowPlayers": [
      {
        "summonerId": 23839986,
        "teamId": 200,
        "championId": 5
      },
      {
        "summonerId": 23649823,
        "teamId": 200,
        "championId": 22
      },
      {
        "summonerId": 34529325,
        "teamId": 200,
        "championId": 53
      },
      {
        "summonerId": 38153305,
        "teamId": 100,
        "championId": 64
      },
      {
        "summonerId": 27901529,
        "teamId": 100,
        "championId": 4
      },
      {
        "summonerId": 38748455,
        "teamId": 100,
        "championId": 12
      },
      {
        "summonerId": 25599670,
        "teamId": 100,
        "championId": 29
      },
      {
        "summonerId": 33573541,
        "teamId": 200,
        "championId": 83
      },
      {
        "summonerId": 40809509,
        "teamId": 100,
        "championId": 2
      }
    ],
    "stats": {
      "level": 17,
      "goldEarned": 15405,
      "numDeaths": 11,
      "turretsKilled": 2,
      "minionsKilled": 186,
      "championsKilled": 14,
      "goldSpent": 15215,
      "totalDamageDealt": 174371,
      "totalDamageTaken": 21803,
      "doubleKills": 2,
      "tripleKills": 1,
      "killingSprees": 3,
      "largestKillingSpree": 4,
      "team": 200,
      "win": false,
      "neutralMinionsKilled": 8,
      "largestMultiKill": 3,
      "physicalDamageDealtPlayer": 11026,
      "magicDamageDealtPlayer": 163233,
      "physicalDamageTaken": 12635,
      "magicDamageTaken": 8091,
      "timePlayed": 2390,
      "totalHeal": 1159,
      "totalUnitsHealed": 1,
      "assists": 10,
      "item0": 3157,
      "item1": 3174,
      "item2": 3089,
      "item3": 3020,
      "item4": 3136,
      "item5": 3100,
      "item6": 3340,
      "magicDamageDealtToChampions": 38541,
      "physicalDamageDealtToChampions": 1243,
      "totalDamageDealtToChampions": 39897,
      "trueDamageDealtPlayer": 112,
      "trueDamageDealtToChampions": 112,
      "trueDamageTaken": 1075,
      "wardPlaced": 8,
      "neutralMinionsKilledYourJungle": 8,
      "totalTimeCrowdControlDealt": 528
    }
  },
  "23649823": {
    "gameId": 824851404,
    "invalid": false,
    "gameMode": "CLASSIC",
    "gameType": "MATCHED_GAME",
    "subType": "CAP_5x5",
    "mapId": 1,
    "teamId": 200,
    "championId": 22,
    "spell1": 4,
    "spell2": 7,
    "level": 30,
    "ipEarned": 71,
    "createDate": 1399032142048,
    "fellowPlayers": [
      {
        "summonerId": 23839986,
        "teamId": 200,
        "championId": 5
      },
      {
        "summonerId": 34529325,
        "teamId": 200,
        "championId": 53
      },
      {
        "summonerId": 38153305,
        "teamId": 100,
        "championId": 64
      },
      {
        "summonerId": 27901529,
        "teamId": 100,
        "championId": 4
      },
      {
        "summonerId": 38748455,
        "teamId": 100,
        "championId": 12
      },
      {
        "summonerId": 19945574,
        "teamId": 200,
        "championId": 115
      },
      {
        "summonerId": 25599670,
        "teamId": 100,
        "championId": 29
      },
      {
        "summonerId": 33573541,
        "teamId": 200,
        "championId": 83
      },
      {
        "summonerId": 40809509,
        "teamId": 100,
        "championId": 2
      }
    ],
    "stats": {
      "level": 18,
      "goldEarned": 18431,
      "numDeaths": 12,
      "turretsKilled": 1,
      "minionsKilled": 151,
      "championsKilled": 13,
      "goldSpent": 17395,
      "totalDamageDealt": 184655,
      "totalDamageTaken": 33653,
      "doubleKills": 3,
      "killingSprees": 3,
      "largestKillingSpree": 3,
      "team": 200,
      "win": false,
      "neutralMinionsKilled": 14,
      "largestMultiKill": 2,
      "physicalDamageDealtPlayer": 161810,
      "magicDamageDealtPlayer": 19850,
      "physicalDamageTaken": 20924,
      "magicDamageTaken": 11051,
      "largestCriticalStrike": 883,
      "timePlayed": 2390,
      "totalHeal": 7176,
      "totalUnitsHealed": 2,
      "assists": 27,
      "item0": 3153,
      "item1": 3072,
      "item2": 3031,
      "item3": 3087,
      "item4": 3250,
      "item5": 3035,
      "item6": 3362,
      "magicDamageDealtToChampions": 5672,
      "physicalDamageDealtToChampions": 39852,
      "totalDamageDealtToChampions": 46368,
      "trueDamageDealtPlayer": 2994,
      "trueDamageDealtToChampions": 844,
      "trueDamageTaken": 1677,
      "wardPlaced": 6,
      "neutralMinionsKilledEnemyJungle": 2,
      "neutralMinionsKilledYourJungle": 12,
      "totalTimeCrowdControlDealt": 1418
    }
  },
  "27901529": {
    "gameId": 824851404,
    "invalid": false,
    "gameMode": "CLASSIC",
    "gameType": "MATCHED_GAME",
    "subType": "CAP_5x5",
    "mapId": 1,
    "teamId": 100,
    "championId": 4,
    "spell1": 14,
    "spell2": 4,
    "level": 30,
    "ipEarned": 108,
    "createDate": 1399032142043,
    "fellowPlayers": [
      {
        "summonerId": 23839986,
        "teamId": 200,
        "championId": 5
      },
      {
        "summonerId": 23649823,
        "teamId": 200,
        "championId": 22
      },
      {
        "summonerId": 34529325,
        "teamId": 200,
        "championId": 53
      },
      {
        "summonerId": 38153305,
        "teamId": 100,
        "championId": 64
      },
      {
        "summonerId": 38748455,
        "teamId": 100,
        "championId": 12
      },
      {
        "summonerId": 19945574,
        "teamId": 200,
        "championId": 115
      },
      {
        "summonerId": 25599670,
        "teamId": 100,
        "championId": 29
      },
      {
        "summonerId": 33573541,
        "teamId": 200,
        "championId": 83
      },
      {
        "summonerId": 40809509,
        "teamId": 100,
        "championId": 2
      }
    ],
    "stats": {
      "level": 18,
      "goldEarned": 15488,
      "numDeaths": 11,
      "barracksKilled": 1,
      "turretsKilled": 1,
      "minionsKilled": 210,
      "championsKilled": 8,
      "goldSpent": 15195,
      "totalDamageDealt": 182217,
      "totalDamageTaken": 26276,
      "doubleKills": 1,
      "killingSprees": 1,
      "largestKillingSpree": 2,
      "team": 100,
      "win": true,
      "neutralMinionsKilled": 8,
      "largestMultiKill": 2,
      "physicalDamageDealtPlayer": 17786,
      "magicDamageDealtPlayer": 163259,
      "physicalDamageTaken": 11483,
      "magicDamageTaken": 14579,
      "timePlayed": 2390,
      "totalHeal": 1277,
      "totalUnitsHealed": 1,
      "assists": 17,
      "item0": 3020,
      "item1": 3128,
      "item2": 3157,
      "item3": 3089,
      "item4": 3100,
      "item5": 1026,
      "item6": 3340,
      "magicDamageDealtToChampions": 29784,
      "physicalDamageDealtToChampions": 3182,
      "totalDamageDealtToChampions": 34139,
      "trueDamageDealtPlayer": 1172,
      "trueDamageDealtToChampions": 1172,
      "trueDamageTaken": 213,
      "wardPlaced": 9,
      "neutralMinionsKilledEnemyJungle": 2,
      "neutralMinionsKilledYourJungle": 6,
      "totalTimeCrowdControlDealt": 311
    }
  },
  "25599670": {
    "gameId": 824851404,
    "invalid": false,
    "gameMode": "CLASSIC",
    "gameType": "MATCHED_GAME",
    "subType": "CAP_5x5",
    "mapId": 1,
    "teamId": 100,
    "championId": 29,
    "spell1": 7,
    "spell2": 4,
    "level": 30,
    "ipEarned": 108,
    "createDate": 1399032142039,
    "fellowPlayers": [
      {
        "summonerId": 23839986,
        "teamId": 200,
        "championId": 5
      },
      {
        "summonerId": 23649823,
        "teamId": 200,
        "championId": 22
      },
      {
        "summonerId": 34529325,
        "teamId": 200,
        "championId": 53
      },
      {
        "summonerId": 38153305,
        "teamId": 100,
        "championId": 64
      },
      {
        "summonerId": 27901529,
        "teamId": 100,
        "championId": 4
      },
      {
        "summonerId": 38748455,
        "teamId": 100,
        "championId": 12
      },
      {
        "summonerId": 19945574,
        "teamId": 200,
        "championId": 115
      },
      {
        "summonerId": 33573541,
        "teamId": 200,
        "championId": 83
      },
      {
        "summonerId": 40809509,
        "teamId": 100,
        "championId": 2
      }
    ],
    "stats": {
      "level": 17,
      "goldEarned": 15937,
      "numDeaths": 9,
      "turretsKilled": 1,
      "minionsKilled": 194,
      "championsKilled": 16,
      "goldSpent": 14740,
      "totalDamageDealt": 152140,
      "totalDamageTaken": 28856,
      "doubleKills": 4,
      "killingSprees": 4,
      "largestKillingSpree": 5,
      "team": 100,
      "win": true,
      "neutralMinionsKilled": 13,
      "largestMultiKill": 2,
      "physicalDamageDealtPlayer": 142407,
      "physicalDamageTaken": 18430,
      "magicDamageTaken": 10246,
      "largestCriticalStrike": 816,
      "timePlayed": 2390,
      "totalHeal": 4507,
      "totalUnitsHealed": 4,
      "assists": 13,
      "item0": 3035,
      "item1": 3072,
      "item2": 3250,
      "item3": 3031,
      "item4": 3046,
      "item5": 1031,
      "item6": 3340,
      "physicalDamageDealtToChampions": 24138,
      "totalDamageDealtToChampions": 28155,
      "trueDamageDealtPlayer": 9732,
      "trueDamageDealtToChampions": 4016,
      "trueDamageTaken": 180,
      "wardPlaced": 9,
      "neutralMinionsKilledEnemyJungle": 2,
      "neutralMinionsKilledYourJungle": 11,
      "totalTimeCrowdControlDealt": 705
    }
  },
  "38153305": {
    "gameId": 824851404,
    "invalid": false,
    "gameMode": "CLASSIC",
    "gameType": "MATCHED_GAME",
    "subType": "CAP_5x5",
    "mapId": 1,
    "teamId": 100,
    "championId": 64,
    "spell1": 4,
    "spell2": 11,
    "level": 30,
    "ipEarned": 108,
    "createDate": 1399032142045,
    "fellowPlayers": [
      {
        "summonerId": 23839986,
        "teamId": 200,
        "championId": 5
      },
      {
        "summonerId": 23649823,
        "teamId": 200,
        "championId": 22
      },
      {
        "summonerId": 34529325,
        "teamId": 200,
        "championId": 53
      },
      {
        "summonerId": 27901529,
        "teamId": 100,
        "championId": 4
      },
      {
        "summonerId": 38748455,
        "teamId": 100,
        "championId": 12
      },
      {
        "summonerId": 19945574,
        "teamId": 200,
        "championId": 115
      },
      {
        "summonerId": 25599670,
        "teamId": 100,
        "championId": 29
      },
      {
        "summonerId": 33573541,
        "teamId": 200,
        "championId": 83
      },
      {
        "summonerId": 40809509,
        "teamId": 100,
        "championId": 2
      }
    ],
    "stats": {
      "level": 18,
      "goldEarned": 13868,
      "numDeaths": 11,
      "turretsKilled": 1,
      "minionsKilled": 28,
      "championsKilled": 7,
      "goldSpent": 11840,
      "totalDamageDealt": 154178,
      "totalDamageTaken": 54286,
      "doubleKills": 1,
      "tripleKills": 1,
      "killingSprees": 2,
      "largestKillingSpree": 3,
      "team": 100,
      "win": true,
      "neutralMinionsKilled": 86,
      "largestMultiKill": 3,
      "physicalDamageDealtPlayer": 100347,
      "magicDamageDealtPlayer": 31080,
      "physicalDamageTaken": 38115,
      "magicDamageTaken": 16170,
      "timePlayed": 2390,
      "totalHeal": 10771,
      "totalUnitsHealed": 1,
      "assists": 22,
      "item0": 3209,
      "item1": 1036,
      "item2": 3265,
      "item3": 3083,
      "item4": 3022,
      "item5": 1037,
      "item6": 3362,
      "sightWardsBought": 2,
      "magicDamageDealtToChampions": 4825,
      "physicalDamageDealtToChampions": 14352,
      "totalDamageDealtToChampions": 21066,
      "trueDamageDealtPlayer": 22750,
      "trueDamageDealtToChampions": 1888,
      "wardPlaced": 5,
      "neutralMinionsKilledEnemyJungle": 21,
      "neutralMinionsKilledYourJungle": 65,
      "totalTimeCrowdControlDealt": 1039
    }
  },
  "40809509": {
    "gameId": 824851404,
    "invalid": false,
    "gameMode": "CLASSIC",
    "gameType": "MATCHED_GAME",
    "subType": "CAP_5x5",
    "mapId": 1,
    "teamId": 100,
    "championId": 2,
    "spell1": 4,
    "spell2": 14,
    "level": 30,
    "ipEarned": 258,
    "createDate": 1399032142042,
    "fellowPlayers": [
      {
        "summonerId": 23839986,
        "teamId": 200,
        "championId": 5
      },
      {
        "summonerId": 23649823,
        "teamId": 200,
        "championId": 22
      },
      {
        "summonerId": 34529325,
        "teamId": 200,
        "championId": 53
      },
      {
        "summonerId": 38153305,
        "teamId": 100,
        "championId": 64
      },
      {
        "summonerId": 27901529,
        "teamId": 100,
        "championId": 4
      },
      {
        "summonerId": 38748455,
        "teamId": 100,
        "championId": 12
      },
      {
        "summonerId": 19945574,
        "teamId": 200,
        "championId": 115
      },
      {
        "summonerId": 25599670,
        "teamId": 100,
        "championId": 29
      },
      {
        "summonerId": 33573541,
        "teamId": 200,
        "championId": 83
      }
    ],
    "stats": {
      "level": 18,
      "goldEarned": 13988,
      "numDeaths": 9,
      "turretsKilled": 1,
      "minionsKilled": 164,
      "championsKilled": 11,
      "goldSpent": 11975,
      "totalDamageDealt": 137690,
      "totalDamageTaken": 39965,
      "doubleKills": 2,
      "killingSprees": 3,
      "largestKillingSpree": 3,
      "team": 100,
      "win": true,
      "neutralMinionsKilled": 4,
      "largestMultiKill": 2,
      "physicalDamageDealtPlayer": 133185,
      "physicalDamageTaken": 20690,
      "magicDamageTaken": 18638,
      "timePlayed": 2390,
      "totalHeal": 2970,
      "totalUnitsHealed": 1,
      "assists": 16,
      "item0": 1054,
      "item1": 3074,
      "item2": 3260,
      "item3": 3065,
      "item4": 3143,
      "item5": 1053,
      "item6": 3340,
      "physicalDamageDealtToChampions": 25313,
      "totalDamageDealtToChampions": 29618,
      "trueDamageDealtPlayer": 4505,
      "trueDamageDealtToChampions": 4305,
      "trueDamageTaken": 636,
      "wardPlaced": 9,
      "neutralMinionsKilledEnemyJungle": 4,
      "totalTimeCrowdControlDealt": 1650
    }
  },
  "33573541": {
    "gameId": 824851404,
    "invalid": false,
    "gameMode": "CLASSIC",
    "gameType": "MATCHED_GAME",
    "subType": "CAP_5x5",
    "mapId": 1,
    "teamId": 200,
    "championId": 83,
    "spell1": 12,
    "spell2": 4,
    "level": 30,
    "ipEarned": 71,
    "createDate": 1399032142051,
    "fellowPlayers": [
      {
        "summonerId": 23839986,
        "teamId": 200,
        "championId": 5
      },
      {
        "summonerId": 23649823,
        "teamId": 200,
        "championId": 22
      },
      {
        "summonerId": 34529325,
        "teamId": 200,
        "championId": 53
      },
      {
        "summonerId": 38153305,
        "teamId": 100,
        "championId": 64
      },
      {
        "summonerId": 27901529,
        "teamId": 100,
        "championId": 4
      },
      {
        "summonerId": 38748455,
        "teamId": 100,
        "championId": 12
      },
      {
        "summonerId": 19945574,
        "teamId": 200,
        "championId": 115
      },
      {
        "summonerId": 25599670,
        "teamId": 100,
        "championId": 29
      },
      {
        "summonerId": 40809509,
        "teamId": 100,
        "championId": 2
      }
    ],
    "stats": {
      "level": 18,
      "goldEarned": 12863,
      "numDeaths": 6,
      "minionsKilled": 165,
      "championsKilled": 8,
      "goldSpent": 13325,
      "totalDamageDealt": 116657,
      "totalDamageTaken": 35200,
      "doubleKills": 1,
      "killingSprees": 3,
      "largestKillingSpree": 2,
      "team": 200,
      "win": false,
      "neutralMinionsKilled": 8,
      "largestMultiKill": 2,
      "physicalDamageDealtPlayer": 76099,
      "magicDamageDealtPlayer": 40468,
      "physicalDamageTaken": 22350,
      "magicDamageTaken": 9979,
      "timePlayed": 2390,
      "totalHeal": 16429,
      "totalUnitsHealed": 1,
      "assists": 9,
      "item0": 1028,
      "item1": 3042,
      "item2": 3265,
      "item3": 3025,
      "item4": 3065,
      "item5": 1011,
      "item6": 3340,
      "sightWardsBought": 5,
      "magicDamageDealtToChampions": 12145,
      "physicalDamageDealtToChampions": 17583,
      "totalDamageDealtToChampions": 29728,
      "trueDamageDealtPlayer": 90,
      "trueDamageTaken": 2870,
      "wardPlaced": 13,
      "neutralMinionsKilledEnemyJungle": 1,
      "neutralMinionsKilledYourJungle": 7,
      "totalTimeCrowdControlDealt": 1731
    }
  }
}