{
  "41543147": {
    "gameId": 824851387,
    "invalid": false,
    "gameMode": "CLASSIC",
    "gameType": "MATCHED_GAME",
    "subType": "CAP_5x5",
    "mapId": 1,
    "teamId": 200,
    "championId": 37,
    "spell1": 7,
    "spell2": 4,
    "level": 30,
    "ipEarned": 272,
    "createDate": 1399032417536,
    "fellowPlayers": [
      {
        "summonerId": 37527535,
        "teamId": 200,
        "championId": 58
      },
      {
        "summonerId": 30138099,
        "teamId": 100,
        "championId": 222
      },
      {
        "summonerId": 41254533,
        "teamId": 100,
        "championId": 32
      },
      {
        "summonerId": 36679375,
        "teamId": 200,
        "championId": 55
      },
      {
        "summonerId": 27635959,
        "teamId": 100,
        "championId": 157
      },
      {
        "summonerId": 38852797,
        "teamId": 200,
        "championId": 35
      },
      {
        "summonerId": 41306820,
        "teamId": 100,
        "championId": 62
      },
      {
        "summonerId": 38617153,
        "teamId": 200,
        "championId": 119
      },
      {
        "summonerId": 40929183,
        "teamId": 100,
        "championId": 267
      }
    ],
    "stats": {
      "level": 18,
      "goldEarned": 13743,
      "numDeaths": 7,
      "turretsKilled": 2,
      "minionsKilled": 17,
      "championsKilled": 1,
      "goldSpent": 12605,
      "totalDamageDealt": 33159,
      "totalDamageTaken": 26851,
      "team": 200,
      "win": true,
      "largestMultiKill": 1,
      "physicalDamageDealtPlayer": 7730,
      "magicDamageDealtPlayer": 25429,
      "physicalDamageTaken": 17281,
      "magicDamageTaken": 8997,
      "timePlayed": 2718,
      "totalHeal": 22756,
      "totalUnitsHealed": 8,
      "assists": 35,
      "item0": 3069,
      "item1": 1058,
      "item2": 2045,
      "item3": 3190,
      "item4": 3174,
      "item5": 3270,
      "item6": 3340,
      "sightWardsBought": 1,
      "magicDamageDealtToChampions": 10881,
      "physicalDamageDealtToChampions": 1650,
      "totalDamageDealtToChampions": 12532,
      "trueDamageTaken": 573,
      "wardPlaced": 26,
      "totalTimeCrowdControlDealt": 64
    }
  },
  "summonerCount": 10,
  "41306820": {
    "gameId": 824851387,
    "invalid": false,
    "gameMode": "CLASSIC",
    "gameType": "MATCHED_GAME",
    "subType": "CAP_5x5",
    "mapId": 1,
    "teamId": 100,
    "championId": 62,
    "spell1": 12,
    "spell2": 14,
    "level": 30,
    "ipEarned": 79,
    "createDate": 1399032417526,
    "fellowPlayers": [
      {
        "summonerId": 41543147,
        "teamId": 200,
        "championId": 37
      },
      {
        "summonerId": 37527535,
        "teamId": 200,
        "championId": 58
      },
      {
        "summonerId": 30138099,
        "teamId": 100,
        "championId": 222
      },
      {
        "summonerId": 41254533,
        "teamId": 100,
        "championId": 32
      },
      {
        "summonerId": 36679375,
        "teamId": 200,
        "championId": 55
      },
      {
        "summonerId": 27635959,
        "teamId": 100,
        "championId": 157
      },
      {
        "summonerId": 38852797,
        "teamId": 200,
        "championId": 35
      },
      {
        "summonerId": 38617153,
        "teamId": 200,
        "championId": 119
      },
      {
        "summonerId": 40929183,
        "teamId": 100,
        "championId": 267
      }
    ],
    "stats": {
      "level": 18,
      "goldEarned": 14440,
      "numDeaths": 9,
      "barracksKilled": 1,
      "turretsKilled": 1,
      "minionsKilled": 188,
      "championsKilled": 4,
      "goldSpent": 14305,
      "totalDamageDealt": 138909,
      "totalDamageTaken": 40608,
      "killingSprees": 1,
      "largestKillingSpree": 2,
      "team": 100,
      "win": false,
      "neutralMinionsKilled": 5,
      "largestMultiKill": 1,
      "physicalDamageDealtPlayer": 117886,
      "magicDamageDealtPlayer": 19764,
      "physicalDamageTaken": 22683,
      "magicDamageTaken": 17238,
      "timePlayed": 2718,
      "totalHeal": 2671,
      "totalUnitsHealed": 1,
      "assists": 14,
      "item0": 3270,
      "item1": 3074,
      "item2": 3071,
      "item3": 1011,
      "item4": 3068,
      "item5": 1037,
      "item6": 3340,
      "magicDamageDealtToChampions": 4275,
      "physicalDamageDealtToChampions": 16227,
      "totalDamageDealtToChampions": 21699,
      "trueDamageDealtPlayer": 1259,
      "trueDamageDealtToChampions": 1196,
      "trueDamageTaken": 686,
      "wardPlaced": 8,
      "neutralMinionsKilledEnemyJungle": 4,
      "neutralMinionsKilledYourJungle": 1,
      "totalTimeCrowdControlDealt": 74
    }
  },
  "40929183": {
    "gameId": 824851387,
    "invalid": false,
    "gameMode": "CLASSIC",
    "gameType": "MATCHED_GAME",
    "subType": "CAP_5x5",
    "mapId": 1,
    "teamId": 100,
    "championId": 267,
    "spell1": 10,
    "spell2": 7,
    "level": 30,
    "ipEarned": 79,
    "createDate": 1399032417531,
    "fellowPlayers": [
      {
        "summonerId": 41543147,
        "teamId": 200,
        "championId": 37
      },
      {
        "summonerId": 37527535,
        "teamId": 200,
        "championId": 58
      },
      {
        "summonerId": 30138099,
        "teamId": 100,
        "championId": 222
      },
      {
        "summonerId": 41254533,
        "teamId": 100,
        "championId": 32
      },
      {
        "summonerId": 36679375,
        "teamId": 200,
        "championId": 55
      },
      {
        "summonerId": 27635959,
        "teamId": 100,
        "championId": 157
      },
      {
        "summonerId": 38852797,
        "teamId": 200,
        "championId": 35
      },
      {
        "summonerId": 41306820,
        "teamId": 100,
        "championId": 62
      },
      {
        "summonerId": 38617153,
        "teamId": 200,
        "championId": 119
      }
    ],
    "stats": {
      "level": 18,
      "goldEarned": 16023,
      "numDeaths": 9,
      "turretsKilled": 2,
      "minionsKilled": 51,
      "championsKilled": 3,
      "goldSpent": 15820,
      "totalDamageDealt": 71324,
      "totalDamageTaken": 22812,
      "team": 100,
      "win": false,
      "largestMultiKill": 1,
      "physicalDamageDealtPlayer": 14158,
      "magicDamageDealtPlayer": 57013,
      "physicalDamageTaken": 12153,
      "magicDamageTaken": 10115,
      "timePlayed": 2718,
      "totalHeal": 23636,
      "totalUnitsHealed": 5,
      "assists": 26,
      "item0": 3092,
      "item1": 3222,
      "item2": 3047,
      "item3": 3174,
      "item4": 3089,
      "item5": 3151,
      "item6": 3340,
      "sightWardsBought": 1,
      "magicDamageDealtToChampions": 20559,
      "physicalDamageDealtToChampions": 2079,
      "totalDamageDealtToChampions": 22791,
      "trueDamageDealtPlayer": 152,
      "trueDamageDealtToChampions": 152,
      "trueDamageTaken": 544,
      "wardPlaced": 14,
      "totalTimeCrowdControlDealt": 465
    }
  },
  "37527535": {
    "gameId": 824851387,
    "invalid": false,
    "gameMode": "CLASSIC",
    "gameType": "MATCHED_GAME",
    "subType": "CAP_5x5",
    "mapId": 1,
    "teamId": 200,
    "championId": 58,
    "spell1": 14,
    "spell2": 4,
    "level": 30,
    "ipEarned": 122,
    "createDate": 1399032417533,
    "fellowPlayers": [
      {
        "summonerId": 41543147,
        "teamId": 200,
        "championId": 37
      },
      {
        "summonerId": 30138099,
        "teamId": 100,
        "championId": 222
      },
      {
        "summonerId": 41254533,
        "teamId": 100,
        "championId": 32
      },
      {
        "summonerId": 36679375,
        "teamId": 200,
        "championId": 55
      },
      {
        "summonerId": 27635959,
        "teamId": 100,
        "championId": 157
      },
      {
        "summonerId": 38852797,
        "teamId": 200,
        "championId": 35
      },
      {
        "summonerId": 41306820,
        "teamId": 100,
        "championId": 62
      },
      {
        "summonerId": 38617153,
        "teamId": 200,
        "championId": 119
      },
      {
        "summonerId": 40929183,
        "teamId": 100,
        "championId": 267
      }
    ],
    "stats": {
      "level": 18,
      "goldEarned": 18708,
      "numDeaths": 6,
      "barracksKilled": 1,
      "turretsKilled": 4,
      "minionsKilled": 290,
      "championsKilled": 8,
      "goldSpent": 16625,
      "totalDamageDealt": 261521,
      "totalDamageTaken": 58270,
      "doubleKills": 1,
      "killingSprees": 2,
      "largestKillingSpree": 3,
      "team": 200,
      "win": true,
      "neutralMinionsKilled": 15,
      "largestMultiKill": 2,
      "physicalDamageDealtPlayer": 220247,
      "magicDamageDealtPlayer": 38464,
      "physicalDamageTaken": 29931,
      "magicDamageTaken": 25797,
      "timePlayed": 2718,
      "totalHeal": 12698,
      "totalUnitsHealed": 1,
      "assists": 22,
      "item0": 3074,
      "item1": 3026,
      "item2": 3068,
      "item3": 3075,
      "item4": 3260,
      "item5": 3143,
      "item6": 3340,
      "magicDamageDealtToChampions": 12838,
      "physicalDamageDealtToChampions": 22899,
      "totalDamageDealtToChampions": 37989,
      "trueDamageDealtPlayer": 2810,
      "trueDamageDealtToChampions": 2252,
      "trueDamageTaken": 2542,
      "wardPlaced": 12,
      "neutralMinionsKilledEnemyJungle": 6,
      "neutralMinionsKilledYourJungle": 9,
      "totalTimeCrowdControlDealt": 653
    }
  },
  "38617153": {
    "gameId": 824851387,
    "invalid": false,
    "gameMode": "CLASSIC",
    "gameType": "MATCHED_GAME",
    "subType": "CAP_5x5",
    "mapId": 1,
    "teamId": 200,
    "championId": 119,
    "spell1": 4,
    "spell2": 14,
    "level": 30,
    "ipEarned": 122,
    "createDate": 1399032417535,
    "fellowPlayers": [
      {
        "summonerId": 41543147,
        "teamId": 200,
        "championId": 37
      },
      {
        "summonerId": 37527535,
        "teamId": 200,
        "championId": 58
      },
      {
        "summonerId": 30138099,
        "teamId": 100,
        "championId": 222
      },
      {
        "summonerId": 41254533,
        "teamId": 100,
        "championId": 32
      },
      {
        "summonerId": 36679375,
        "teamId": 200,
        "championId": 55
      },
      {
        "summonerId": 27635959,
        "teamId": 100,
        "championId": 157
      },
      {
        "summonerId": 38852797,
        "teamId": 200,
        "championId": 35
      },
      {
        "summonerId": 41306820,
        "teamId": 100,
        "championId": 62
      },
      {
        "summonerId": 40929183,
        "teamId": 100,
        "championId": 267
      }
    ],
    "stats": {
      "level": 18,
      "goldEarned": 19876,
      "numDeaths": 7,
      "barracksKilled": 2,
      "minionsKilled": 202,
      "championsKilled": 18,
      "goldSpent": 17145,
      "totalDamageDealt": 223287,
      "totalDamageTaken": 35077,
      "doubleKills": 5,
      "killingSprees": 4,
      "largestKillingSpree": 7,
      "team": 200,
      "win": true,
      "neutralMinionsKilled": 14,
      "largestMultiKill": 2,
      "physicalDamageDealtPlayer": 205241,
      "magicDamageDealtPlayer": 16272,
      "physicalDamageTaken": 23024,
      "magicDamageTaken": 11043,
      "largestCriticalStrike": 1262,
      "timePlayed": 2718,
      "totalHeal": 2657,
      "totalUnitsHealed": 1,
      "assists": 16,
      "item0": 3087,
      "item1": 3046,
      "item2": 3250,
      "item3": 3072,
      "item4": 3031,
      "item5": 3026,
      "item6": 3340,
      "magicDamageDealtToChampions": 1411,
      "physicalDamageDealtToChampions": 33099,
      "totalDamageDealtToChampions": 35058,
      "trueDamageDealtPlayer": 1774,
      "trueDamageDealtToChampions": 548,
      "trueDamageTaken": 1010,
      "wardPlaced": 6,
      "neutralMinionsKilledEnemyJungle": 4,
      "neutralMinionsKilledYourJungle": 10,
      "totalTimeCrowdControlDealt": 391
    }
  },
  "36679375": {
    "gameId": 824851387,
    "invalid": false,
    "gameMode": "CLASSIC",
    "gameType": "MATCHED_GAME",
    "subType": "CAP_5x5",
    "mapId": 1,
    "teamId": 200,
    "championId": 55,
    "spell1": 4,
    "spell2": 14,
    "level": 30,
    "ipEarned": 122,
    "createDate": 1399032417532,
    "fellowPlayers": [
      {
        "summonerId": 41543147,
        "teamId": 200,
        "championId": 37
      },
      {
        "summonerId": 37527535,
        "teamId": 200,
        "championId": 58
      },
      {
        "summonerId": 30138099,
        "teamId": 100,
        "championId": 222
      },
      {
        "summonerId": 41254533,
        "teamId": 100,
        "championId": 32
      },
      {
        "summonerId": 27635959,
        "teamId": 100,
        "championId": 157
      },
      {
        "summonerId": 38852797,
        "teamId": 200,
        "championId": 35
      },
      {
        "summonerId": 41306820,
        "teamId": 100,
        "championId": 62
      },
      {
        "summonerId": 38617153,
        "teamId": 200,
        "championId": 119
      },
      {
        "summonerId": 40929183,
        "teamId": 100,
        "championId": 267
      }
    ],
    "stats": {
      "level": 18,
      "goldEarned": 14753,
      "numDeaths": 9,
      "minionsKilled": 129,
      "championsKilled": 9,
      "goldSpent": 15475,
      "totalDamageDealt": 152851,
      "totalDamageTaken": 35573,
      "doubleKills": 1,
      "killingSprees": 3,
      "largestKillingSpree": 3,
      "team": 200,
      "win": true,
      "neutralMinionsKilled": 12,
      "largestMultiKill": 2,
      "physicalDamageDealtPlayer": 14963,
      "magicDamageDealtPlayer": 136234,
      "physicalDamageTaken": 24623,
      "magicDamageTaken": 9933,
      "timePlayed": 2718,
      "totalHeal": 1353,
      "totalUnitsHealed": 1,
      "assists": 21,
      "item0": 3255,
      "item1": 3145,
      "item2": 3089,
      "item3": 3151,
      "item4": 3135,
      "item5": 1058,
      "item6": 3340,
      "magicDamageDealtToChampions": 34103,
      "physicalDamageDealtToChampions": 1296,
      "totalDamageDealtToChampions": 36054,
      "trueDamageDealtPlayer": 1654,
      "trueDamageDealtToChampions": 654,
      "trueDamageTaken": 1017,
      "wardPlaced": 9,
      "neutralMinionsKilledEnemyJungle": 8,
      "neutralMinionsKilledYourJungle": 4,
      "totalTimeCrowdControlDealt": 87
    }
  },
  "38852797": {
    "gameId": 824851387,
    "invalid": false,
    "gameMode": "CLASSIC",
    "gameType": "MATCHED_GAME",
    "subType": "CAP_5x5",
    "mapId": 1,
    "teamId": 200,
    "championId": 35,
    "spell1": 4,
    "spell2": 11,
    "level": 30,
    "ipEarned": 272,
    "createDate": 1399032417534,
    "fellowPlayers": [
      {
        "summonerId": 41543147,
        "teamId": 200,
        "championId": 37
      },
      {
        "summonerId": 37527535,
        "teamId": 200,
        "championId": 58
      },
      {
        "summonerId": 30138099,
        "teamId": 100,
        "championId": 222
      },
      {
        "summonerId": 41254533,
        "teamId": 100,
        "championId": 32
      },
      {
        "summonerId": 36679375,
        "teamId": 200,
        "championId": 55
      },
      {
        "summonerId": 27635959,
        "teamId": 100,
        "championId": 157
      },
      {
        "summonerId": 41306820,
        "teamId": 100,
        "championId": 62
      },
      {
        "summonerId": 38617153,
        "teamId": 200,
        "championId": 119
      },
      {
        "summonerId": 40929183,
        "teamId": 100,
        "championId": 267
      }
    ],
    "stats": {
      "level": 17,
      "goldEarned": 13980,
      "numDeaths": 15,
      "turretsKilled": 2,
      "minionsKilled": 48,
      "championsKilled": 8,
      "goldSpent": 12050,
      "totalDamageDealt": 135321,
      "totalDamageTaken": 34747,
      "doubleKills": 1,
      "killingSprees": 3,
      "largestKillingSpree": 3,
      "team": 200,
      "win": true,
      "neutralMinionsKilled": 68,
      "largestMultiKill": 2,
      "physicalDamageDealtPlayer": 74477,
      "magicDamageDealtPlayer": 54905,
      "physicalDamageTaken": 24314,
      "magicDamageTaken": 9418,
      "largestCriticalStrike": 827,
      "timePlayed": 2718,
      "totalHeal": 3131,
      "totalUnitsHealed": 1,
      "assists": 14,
      "item0": 3154,
      "item1": 3142,
      "item2": 3031,
      "item3": 3087,
      "item4": 3006,
      "item6": 3341,
      "magicDamageDealtToChampions": 11943,
      "physicalDamageDealtToChampions": 7401,
      "totalDamageDealtToChampions": 19910,
      "trueDamageDealtPlayer": 5938,
      "trueDamageDealtToChampions": 566,
      "trueDamageTaken": 1015,
      "wardKilled": 1,
      "wardPlaced": 2,
      "neutralMinionsKilledEnemyJungle": 13,
      "neutralMinionsKilledYourJungle": 55,
      "totalTimeCrowdControlDealt": 828
    }
  },
  "27635959": {
    "gameId": 824851387,
    "invalid": false,
    "gameMode": "CLASSIC",
    "gameType": "MATCHED_GAME",
    "subType": "CAP_5x5",
    "mapId": 1,
    "teamId": 100,
    "championId": 157,
    "spell1": 14,
    "spell2": 4,
    "level": 30,
    "ipEarned": 79,
    "createDate": 1399032417528,
    "fellowPlayers": [
      {
        "summonerId": 41543147,
        "teamId": 200,
        "championId": 37
      },
      {
        "summonerId": 37527535,
        "teamId": 200,
        "championId": 58
      },
      {
        "summonerId": 30138099,
        "teamId": 100,
        "championId": 222
      },
      {
        "summonerId": 41254533,
        "teamId": 100,
        "championId": 32
      },
      {
        "summonerId": 36679375,
        "teamId": 200,
        "championId": 55
      },
      {
        "summonerId": 38852797,
        "teamId": 200,
        "championId": 35
      },
      {
        "summonerId": 41306820,
        "teamId": 100,
        "championId": 62
      },
      {
        "summonerId": 38617153,
        "teamId": 200,
        "championId": 119
      },
      {
        "summonerId": 40929183,
        "teamId": 100,
        "championId": 267
      }
    ],
    "stats": {
      "level": 18,
      "goldEarned": 24189,
      "numDeaths": 10,
      "barracksKilled": 2,
      "turretsKilled": 3,
      "minionsKilled": 225,
      "championsKilled": 32,
      "goldSpent": 17945,
      "totalDamageDealt": 336284,
      "totalDamageTaken": 50049,
      "doubleKills": 9,
      "tripleKills": 2,
      "quadraKills": 1,
      "pentaKills": 1,
      "killingSprees": 5,
      "largestKillingSpree": 10,
      "team": 100,
      "win": false,
      "neutralMinionsKilled": 34,
      "largestMultiKill": 5,
      "physicalDamageDealtPlayer": 274662,
      "magicDamageDealtPlayer": 57429,
      "physicalDamageTaken": 30076,
      "magicDamageTaken": 18048,
      "largestCriticalStrike": 699,
      "timePlayed": 2718,
      "totalHeal": 3996,
      "totalUnitsHealed": 1,
      "assists": 10,
      "item0": 3074,
      "item1": 3265,
      "item2": 3087,
      "item3": 3031,
      "item4": 3153,
      "item5": 3026,
      "item6": 3340,
      "magicDamageDealtToChampions": 13180,
      "physicalDamageDealtToChampions": 62413,
      "totalDamageDealtToChampions": 79342,
      "trueDamageDealtPlayer": 4193,
      "trueDamageDealtToChampions": 3748,
      "trueDamageTaken": 1924,
      "wardPlaced": 23,
      "neutralMinionsKilledEnemyJungle": 8,
      "neutralMinionsKilledYourJungle": 26,
      "totalTimeCrowdControlDealt": 579
    }
  },
  "30138099": {
    "gameId": 824851387,
    "invalid": false,
    "gameMode": "CLASSIC",
    "gameType": "MATCHED_GAME",
    "subType": "CAP_5x5",
    "mapId": 1,
    "teamId": 100,
    "championId": 222,
    "spell1": 4,
    "spell2": 21,
    "level": 30,
    "ipEarned": 0,
    "createDate": 1399032417530,
    "fellowPlayers": [
      {
        "summonerId": 41543147,
        "teamId": 200,
        "championId": 37
      },
      {
        "summonerId": 37527535,
        "teamId": 200,
        "championId": 58
      },
      {
        "summonerId": 41254533,
        "teamId": 100,
        "championId": 32
      },
      {
        "summonerId": 36679375,
        "teamId": 200,
        "championId": 55
      },
      {
        "summonerId": 27635959,
        "teamId": 100,
        "championId": 157
      },
      {
        "summonerId": 38852797,
        "teamId": 200,
        "championId": 35
      },
      {
        "summonerId": 41306820,
        "teamId": 100,
        "championId": 62
      },
      {
        "summonerId": 38617153,
        "teamId": 200,
        "championId": 119
      },
      {
        "summonerId": 40929183,
        "teamId": 100,
        "championId": 267
      }
    ],
    "stats": {
      "level": 9,
      "goldEarned": 8573,
      "numDeaths": 3,
      "minionsKilled": 52,
      "championsKilled": 1,
      "goldSpent": 2350,
      "totalDamageDealt": 21366,
      "totalDamageTaken": 5229,
      "team": 100,
      "win": false,
      "largestMultiKill": 1,
      "physicalDamageDealtPlayer": 20115,
      "magicDamageDealtPlayer": 1250,
      "physicalDamageTaken": 3252,
      "magicDamageTaken": 1896,
      "timePlayed": 2718,
      "totalHeal": 365,
      "totalUnitsHealed": 1,
      "assists": 1,
      "item0": 1055,
      "item1": 2003,
      "item2": 3006,
      "item3": 1053,
      "item6": 3340,
      "magicDamageDealtToChampions": 398,
      "physicalDamageDealtToChampions": 4035,
      "totalDamageDealtToChampions": 4434,
      "trueDamageTaken": 80,
      "wardPlaced": 2,
      "totalTimeCrowdControlDealt": 54
    }
  },
  "41254533": {
    "gameId": 824851387,
    "invalid": false,
    "gameMode": "CLASSIC",
    "gameType": "MATCHED_GAME",
    "subType": "CAP_5x5",
    "mapId": 1,
    "teamId": 100,
    "championId": 32,
    "spell1": 11,
    "spell2": 4,
    "level": 30,
    "ipEarned": 79,
    "createDate": 1399032417527,
    "fellowPlayers": [
      {
        "summonerId": 41543147,
        "teamId": 200,
        "championId": 37
      },
      {
        "summonerId": 37527535,
        "teamId": 200,
        "championId": 58
      },
      {
        "summonerId": 30138099,
        "teamId": 100,
        "championId": 222
      },
      {
        "summonerId": 36679375,
        "teamId": 200,
        "championId": 55
      },
      {
        "summonerId": 27635959,
        "teamId": 100,
        "championId": 157
      },
      {
        "summonerId": 38852797,
        "teamId": 200,
        "championId": 35
      },
      {
        "summonerId": 41306820,
        "teamId": 100,
        "championId": 62
      },
      {
        "summonerId": 38617153,
        "teamId": 200,
        "championId": 119
      },
      {
        "summonerId": 40929183,
        "teamId": 100,
        "championId": 267
      }
    ],
    "stats": {
      "level": 18,
      "goldEarned": 13575,
      "numDeaths": 13,
      "minionsKilled": 34,
      "championsKilled": 4,
      "goldSpent": 11755,
      "totalDamageDealt": 139905,
      "totalDamageTaken": 53449,
      "killingSprees": 1,
      "largestKillingSpree": 2,
      "team": 100,
      "win": false,
      "neutralMinionsKilled": 51,
      "largestMultiKill": 1,
      "physicalDamageDealtPlayer": 26221,
      "magicDamageDealtPlayer": 104654,
      "physicalDamageTaken": 28175,
      "magicDamageTaken": 24487,
      "timePlayed": 2718,
      "totalHeal": 6178,
      "totalUnitsHealed": 1,
      "assists": 21,
      "item0": 3102,
      "item1": 3068,
      "item2": 3207,
      "item3": 3117,
      "item4": 3075,
      "item5": 1026,
      "item6": 3340,
      "sightWardsBought": 1,
      "magicDamageDealtToChampions": 25999,
      "physicalDamageDealtToChampions": 2946,
      "totalDamageDealtToChampions": 29332,
      "trueDamageDealtPlayer": 9030,
      "trueDamageDealtToChampions": 386,
      "trueDamageTaken": 786,
      "wardPlaced": 9,
      "neutralMinionsKilledEnemyJungle": 10,
      "neutralMinionsKilledYourJungle": 41,
      "totalTimeCrowdControlDealt": 349
    }
  }
}