{
  "31415327": {
    "gameId": 824851392,
    "invalid": false,
    "gameMode": "CLASSIC",
    "gameType": "MATCHED_GAME",
    "subType": "CAP_5x5",
    "mapId": 1,
    "teamId": 100,
    "championId": 64,
    "spell1": 4,
    "spell2": 11,
    "level": 30,
    "ipEarned": 58,
    "createDate": 1399031449104,
    "fellowPlayers": [
      {
        "summonerId": 41603350,
        "teamId": 100,
        "championId": 92
      },
      {
        "summonerId": 30417647,
        "teamId": 200,
        "championId": 37
      },
      {
        "summonerId": 31359012,
        "teamId": 200,
        "championId": 64
      },
      {
        "summonerId": 34989024,
        "teamId": 100,
        "championId": 43
      },
      {
        "summonerId": 40713688,
        "teamId": 200,
        "championId": 134
      },
      {
        "summonerId": 36933230,
        "teamId": 100,
        "championId": 10
      },
      {
        "summonerId": 21903906,
        "teamId": 200,
        "championId": 81
      },
      {
        "summonerId": 34976037,
        "teamId": 100,
        "championId": 21
      },
      {
        "summonerId": 39707133,
        "teamId": 200,
        "championId": 48
      }
    ],
    "stats": {
      "level": 14,
      "goldEarned": 8175,
      "numDeaths": 9,
      "minionsKilled": 50,
      "championsKilled": 1,
      "goldSpent": 7135,
      "totalDamageDealt": 97843,
      "totalDamageTaken": 25161,
      "team": 100,
      "win": false,
      "neutralMinionsKilled": 52,
      "largestMultiKill": 1,
      "physicalDamageDealtPlayer": 56669,
      "magicDamageDealtPlayer": 31535,
      "physicalDamageTaken": 18454,
      "magicDamageTaken": 6298,
      "timePlayed": 1830,
      "totalHeal": 1829,
      "totalUnitsHealed": 1,
      "assists": 8,
      "item0": 3154,
      "item1": 3117,
      "item2": 3044,
      "item3": 3071,
      "item6": 3340,
      "magicDamageDealtToChampions": 1910,
      "physicalDamageDealtToChampions": 7393,
      "totalDamageDealtToChampions": 9525,
      "trueDamageDealtPlayer": 9638,
      "trueDamageDealtToChampions": 222,
      "trueDamageTaken": 408,
      "wardPlaced": 12,
      "neutralMinionsKilledEnemyJungle": 6,
      "neutralMinionsKilledYourJungle": 46,
      "totalTimeCrowdControlDealt": 713
    }
  },
  "summonerCount": 10,
  "40713688": {
    "gameId": 824851392,
    "invalid": false,
    "gameMode": "CLASSIC",
    "gameType": "MATCHED_GAME",
    "subType": "CAP_5x5",
    "mapId": 1,
    "teamId": 200,
    "championId": 134,
    "spell1": 4,
    "spell2": 14,
    "level": 30,
    "ipEarned": 87,
    "createDate": 1399031449105,
    "fellowPlayers": [
      {
        "summonerId": 41603350,
        "teamId": 100,
        "championId": 92
      },
      {
        "summonerId": 30417647,
        "teamId": 200,
        "championId": 37
      },
      {
        "summonerId": 31359012,
        "teamId": 200,
        "championId": 64
      },
      {
        "summonerId": 34989024,
        "teamId": 100,
        "championId": 43
      },
      {
        "summonerId": 36933230,
        "teamId": 100,
        "championId": 10
      },
      {
        "summonerId": 21903906,
        "teamId": 200,
        "championId": 81
      },
      {
        "summonerId": 34976037,
        "teamId": 100,
        "championId": 21
      },
      {
        "summonerId": 39707133,
        "teamId": 200,
        "championId": 48
      },
      {
        "summonerId": 31415327,
        "teamId": 100,
        "championId": 64
      }
    ],
    "stats": {
      "level": 16,
      "goldEarned": 11931,
      "numDeaths": 4,
      "barracksKilled": 1,
      "turretsKilled": 1,
      "minionsKilled": 193,
      "championsKilled": 7,
      "goldSpent": 10100,
      "totalDamageDealt": 113647,
      "totalDamageTaken": 12933,
      "doubleKills": 1,
      "killingSprees": 2,
      "largestKillingSpree": 3,
      "team": 200,
      "win": true,
      "largestMultiKill": 2,
      "physicalDamageDealtPlayer": 20279,
      "magicDamageDealtPlayer": 92684,
      "physicalDamageTaken": 8767,
      "magicDamageTaken": 4165,
      "timePlayed": 1830,
      "totalHeal": 479,
      "totalUnitsHealed": 1,
      "assists": 9,
      "item0": 3020,
      "item1": 3174,
      "item2": 3128,
      "item3": 3191,
      "item4": 1058,
      "item6": 3340,
      "magicDamageDealtToChampions": 17215,
      "physicalDamageDealtToChampions": 1803,
      "totalDamageDealtToChampions": 19701,
      "trueDamageDealtPlayer": 683,
      "trueDamageDealtToChampions": 683,
      "wardPlaced": 2,
      "totalTimeCrowdControlDealt": 402
    }
  },
  "36933230": {
    "gameId": 824851392,
    "invalid": false,
    "gameMode": "CLASSIC",
    "gameType": "MATCHED_GAME",
    "subType": "CAP_5x5",
    "mapId": 1,
    "teamId": 100,
    "championId": 10,
    "spell1": 7,
    "spell2": 21,
    "level": 30,
    "ipEarned": 58,
    "createDate": 1399031449100,
    "fellowPlayers": [
      {
        "summonerId": 41603350,
        "teamId": 100,
        "championId": 92
      },
      {
        "summonerId": 30417647,
        "teamId": 200,
        "championId": 37
      },
      {
        "summonerId": 31359012,
        "teamId": 200,
        "championId": 64
      },
      {
        "summonerId": 34989024,
        "teamId": 100,
        "championId": 43
      },
      {
        "summonerId": 40713688,
        "teamId": 200,
        "championId": 134
      },
      {
        "summonerId": 21903906,
        "teamId": 200,
        "championId": 81
      },
      {
        "summonerId": 34976037,
        "teamId": 100,
        "championId": 21
      },
      {
        "summonerId": 39707133,
        "teamId": 200,
        "championId": 48
      },
      {
        "summonerId": 31415327,
        "teamId": 100,
        "championId": 64
      }
    ],
    "stats": {
      "level": 14,
      "goldEarned": 8640,
      "numDeaths": 7,
      "minionsKilled": 154,
      "championsKilled": 4,
      "goldSpent": 8095,
      "totalDamageDealt": 82447,
      "totalDamageTaken": 21888,
      "doubleKills": 1,
      "killingSprees": 2,
      "largestKillingSpree": 2,
      "team": 100,
      "win": false,
      "neutralMinionsKilled": 1,
      "largestMultiKill": 2,
      "physicalDamageDealtPlayer": 26311,
      "magicDamageDealtPlayer": 56102,
      "physicalDamageTaken": 12458,
      "magicDamageTaken": 8933,
      "timePlayed": 1830,
      "totalHeal": 8318,
      "totalUnitsHealed": 4,
      "assists": 3,
      "item0": 3004,
      "item1": 3115,
      "item2": 3108,
      "item3": 3028,
      "item4": 3254,
      "item6": 3340,
      "magicDamageDealtToChampions": 5322,
      "physicalDamageDealtToChampions": 1972,
      "totalDamageDealtToChampions": 7294,
      "trueDamageDealtPlayer": 34,
      "trueDamageTaken": 497,
      "wardPlaced": 4,
      "neutralMinionsKilledYourJungle": 1,
      "totalTimeCrowdControlDealt": 68
    }
  },
  "34976037": {
    "gameId": 824851392,
    "invalid": false,
    "gameMode": "CLASSIC",
    "gameType": "MATCHED_GAME",
    "subType": "CAP_5x5",
    "mapId": 1,
    "teamId": 100,
    "championId": 21,
    "spell1": 4,
    "spell2": 14,
    "level": 30,
    "ipEarned": 58,
    "createDate": 1399031449098,
    "fellowPlayers": [
      {
        "summonerId": 41603350,
        "teamId": 100,
        "championId": 92
      },
      {
        "summonerId": 30417647,
        "teamId": 200,
        "championId": 37
      },
      {
        "summonerId": 31359012,
        "teamId": 200,
        "championId": 64
      },
      {
        "summonerId": 34989024,
        "teamId": 100,
        "championId": 43
      },
      {
        "summonerId": 40713688,
        "teamId": 200,
        "championId": 134
      },
      {
        "summonerId": 36933230,
        "teamId": 100,
        "championId": 10
      },
      {
        "summonerId": 21903906,
        "teamId": 200,
        "championId": 81
      },
      {
        "summonerId": 39707133,
        "teamId": 200,
        "championId": 48
      },
      {
        "summonerId": 31415327,
        "teamId": 100,
        "championId": 64
      }
    ],
    "stats": {
      "level": 13,
      "goldEarned": 8436,
      "numDeaths": 7,
      "minionsKilled": 131,
      "championsKilled": 4,
      "goldSpent": 8005,
      "totalDamageDealt": 87013,
      "totalDamageTaken": 20068,
      "killingSprees": 2,
      "largestKillingSpree": 2,
      "team": 100,
      "win": false,
      "largestMultiKill": 1,
      "physicalDamageDealtPlayer": 58761,
      "magicDamageDealtPlayer": 27112,
      "physicalDamageTaken": 9927,
      "magicDamageTaken": 9849,
      "largestCriticalStrike": 642,
      "timePlayed": 1830,
      "totalHeal": 204,
      "totalUnitsHealed": 1,
      "assists": 3,
      "item0": 3072,
      "item1": 3006,
      "item2": 3031,
      "item6": 3340,
      "magicDamageDealtToChampions": 5324,
      "physicalDamageDealtToChampions": 12623,
      "totalDamageDealtToChampions": 19087,
      "trueDamageDealtPlayer": 1140,
      "trueDamageDealtToChampions": 1140,
      "trueDamageTaken": 292,
      "wardPlaced": 9,
      "totalTimeCrowdControlDealt": 346
    }
  },
  "31359012": {
    "gameId": 824851392,
    "invalid": false,
    "gameMode": "CLASSIC",
    "gameType": "MATCHED_GAME",
    "subType": "CAP_5x5",
    "mapId": 1,
    "teamId": 200,
    "championId": 64,
    "spell1": 4,
    "spell2": 14,
    "level": 30,
    "ipEarned": 237,
    "createDate": 1399031449106,
    "fellowPlayers": [
      {
        "summonerId": 41603350,
        "teamId": 100,
        "championId": 92
      },
      {
        "summonerId": 30417647,
        "teamId": 200,
        "championId": 37
      },
      {
        "summonerId": 34989024,
        "teamId": 100,
        "championId": 43
      },
      {
        "summonerId": 40713688,
        "teamId": 200,
        "championId": 134
      },
      {
        "summonerId": 36933230,
        "teamId": 100,
        "championId": 10
      },
      {
        "summonerId": 21903906,
        "teamId": 200,
        "championId": 81
      },
      {
        "summonerId": 34976037,
        "teamId": 100,
        "championId": 21
      },
      {
        "summonerId": 39707133,
        "teamId": 200,
        "championId": 48
      },
      {
        "summonerId": 31415327,
        "teamId": 100,
        "championId": 64
      }
    ],
    "stats": {
      "level": 18,
      "goldEarned": 15264,
      "numDeaths": 3,
      "turretsKilled": 2,
      "minionsKilled": 204,
      "championsKilled": 17,
      "goldSpent": 15395,
      "totalDamageDealt": 146420,
      "totalDamageTaken": 21858,
      "doubleKills": 1,
      "killingSprees": 2,
      "largestKillingSpree": 10,
      "team": 200,
      "win": true,
      "neutralMinionsKilled": 11,
      "largestMultiKill": 2,
      "physicalDamageDealtPlayer": 114091,
      "magicDamageDealtPlayer": 30677,
      "physicalDamageTaken": 17351,
      "magicDamageTaken": 3680,
      "timePlayed": 1830,
      "totalHeal": 1779,
      "totalUnitsHealed": 1,
      "assists": 7,
      "item0": 3047,
      "item1": 3074,
      "item3": 3071,
      "item4": 3035,
      "item5": 3026,
      "item6": 3340,
      "sightWardsBought": 5,
      "visionWardsBought": 1,
      "magicDamageDealtToChampions": 5136,
      "physicalDamageDealtToChampions": 22403,
      "totalDamageDealtToChampions": 28817,
      "trueDamageDealtPlayer": 1652,
      "trueDamageDealtToChampions": 1278,
      "trueDamageTaken": 826,
      "wardPlaced": 14,
      "neutralMinionsKilledEnemyJungle": 9,
      "neutralMinionsKilledYourJungle": 2,
      "totalTimeCrowdControlDealt": 363
    }
  },
  "30417647": {
    "gameId": 824851392,
    "invalid": false,
    "gameMode": "CLASSIC",
    "gameType": "MATCHED_GAME",
    "subType": "CAP_5x5",
    "mapId": 1,
    "teamId": 200,
    "championId": 37,
    "spell1": 4,
    "spell2": 3,
    "level": 30,
    "ipEarned": 87,
    "createDate": 1399031449107,
    "fellowPlayers": [
      {
        "summonerId": 41603350,
        "teamId": 100,
        "championId": 92
      },
      {
        "summonerId": 31359012,
        "teamId": 200,
        "championId": 64
      },
      {
        "summonerId": 34989024,
        "teamId": 100,
        "championId": 43
      },
      {
        "summonerId": 40713688,
        "teamId": 200,
        "championId": 134
      },
      {
        "summonerId": 36933230,
        "teamId": 100,
        "championId": 10
      },
      {
        "summonerId": 21903906,
        "teamId": 200,
        "championId": 81
      },
      {
        "summonerId": 34976037,
        "teamId": 100,
        "championId": 21
      },
      {
        "summonerId": 39707133,
        "teamId": 200,
        "championId": 48
      },
      {
        "summonerId": 31415327,
        "teamId": 100,
        "championId": 64
      }
    ],
    "stats": {
      "level": 15,
      "goldEarned": 11301,
      "numDeaths": 4,
      "turretsKilled": 2,
      "minionsKilled": 12,
      "championsKilled": 6,
      "goldSpent": 9410,
      "totalDamageDealt": 25824,
      "totalDamageTaken": 15606,
      "doubleKills": 2,
      "killingSprees": 2,
      "largestKillingSpree": 3,
      "team": 200,
      "win": true,
      "neutralMinionsKilled": 1,
      "largestMultiKill": 2,
      "physicalDamageDealtPlayer": 7347,
      "magicDamageDealtPlayer": 18113,
      "physicalDamageTaken": 8589,
      "magicDamageTaken": 6817,
      "timePlayed": 1830,
      "totalHeal": 11362,
      "totalUnitsHealed": 5,
      "assists": 18,
      "item0": 3098,
      "item1": 2045,
      "item2": 3158,
      "item3": 3174,
      "item4": 3190,
      "item6": 3341,
      "sightWardsBought": 4,
      "magicDamageDealtToChampions": 9004,
      "physicalDamageDealtToChampions": 2141,
      "totalDamageDealtToChampions": 11354,
      "trueDamageDealtPlayer": 364,
      "trueDamageDealtToChampions": 208,
      "trueDamageTaken": 200,
      "wardKilled": 1,
      "wardPlaced": 13,
      "neutralMinionsKilledEnemyJungle": 1,
      "totalTimeCrowdControlDealt": 74
    }
  },
  "34989024": {
    "gameId": 824851392,
    "invalid": false,
    "gameMode": "CLASSIC",
    "gameType": "MATCHED_GAME",
    "subType": "CAP_5x5",
    "mapId": 1,
    "teamId": 100,
    "championId": 43,
    "spell1": 4,
    "spell2": 7,
    "level": 30,
    "ipEarned": 58,
    "createDate": 1399031449099,
    "fellowPlayers": [
      {
        "summonerId": 41603350,
        "teamId": 100,
        "championId": 92
      },
      {
        "summonerId": 30417647,
        "teamId": 200,
        "championId": 37
      },
      {
        "summonerId": 31359012,
        "teamId": 200,
        "championId": 64
      },
      {
        "summonerId": 40713688,
        "teamId": 200,
        "championId": 134
      },
      {
        "summonerId": 36933230,
        "teamId": 100,
        "championId": 10
      },
      {
        "summonerId": 21903906,
        "teamId": 200,
        "championId": 81
      },
      {
        "summonerId": 34976037,
        "teamId": 100,
        "championId": 21
      },
      {
        "summonerId": 39707133,
        "teamId": 200,
        "championId": 48
      },
      {
        "summonerId": 31415327,
        "teamId": 100,
        "championId": 64
      }
    ],
    "stats": {
      "level": 13,
      "goldEarned": 6027,
      "numDeaths": 10,
      "minionsKilled": 37,
      "championsKilled": 2,
      "goldSpent": 5180,
      "totalDamageDealt": 44396,
      "totalDamageTaken": 17395,
      "team": 100,
      "win": false,
      "neutralMinionsKilled": 3,
      "largestMultiKill": 1,
      "physicalDamageDealtPlayer": 3378,
      "magicDamageDealtPlayer": 41018,
      "physicalDamageTaken": 9695,
      "magicDamageTaken": 7315,
      "timePlayed": 1830,
      "totalHeal": 1855,
      "totalUnitsHealed": 2,
      "assists": 5,
      "item0": 3174,
      "item1": 1026,
      "item2": 2004,
      "item3": 3275,
      "item6": 3340,
      "magicDamageDealtToChampions": 13265,
      "physicalDamageDealtToChampions": 415,
      "totalDamageDealtToChampions": 13681,
      "trueDamageTaken": 384,
      "wardPlaced": 6,
      "neutralMinionsKilledYourJungle": 3,
      "totalTimeCrowdControlDealt": 338
    }
  },
  "39707133": {
    "gameId": 824851392,
    "invalid": false,
    "gameMode": "CLASSIC",
    "gameType": "MATCHED_GAME",
    "subType": "CAP_5x5",
    "mapId": 1,
    "teamId": 200,
    "championId": 48,
    "spell1": 4,
    "spell2": 11,
    "level": 30,
    "ipEarned": 87,
    "createDate": 1399031449110,
    "fellowPlayers": [
      {
        "summonerId": 41603350,
        "teamId": 100,
        "championId": 92
      },
      {
        "summonerId": 30417647,
        "teamId": 200,
        "championId": 37
      },
      {
        "summonerId": 31359012,
        "teamId": 200,
        "championId": 64
      },
      {
        "summonerId": 34989024,
        "teamId": 100,
        "championId": 43
      },
      {
        "summonerId": 40713688,
        "teamId": 200,
        "championId": 134
      },
      {
        "summonerId": 36933230,
        "teamId": 100,
        "championId": 10
      },
      {
        "summonerId": 21903906,
        "teamId": 200,
        "championId": 81
      },
      {
        "summonerId": 34976037,
        "teamId": 100,
        "championId": 21
      },
      {
        "summonerId": 31415327,
        "teamId": 100,
        "championId": 64
      }
    ],
    "stats": {
      "level": 16,
      "goldEarned": 10169,
      "numDeaths": 2,
      "minionsKilled": 19,
      "championsKilled": 5,
      "goldSpent": 9940,
      "totalDamageDealt": 118773,
      "totalDamageTaken": 19382,
      "killingSprees": 2,
      "largestKillingSpree": 2,
      "team": 200,
      "win": true,
      "neutralMinionsKilled": 85,
      "largestMultiKill": 1,
      "physicalDamageDealtPlayer": 77726,
      "magicDamageDealtPlayer": 34036,
      "physicalDamageTaken": 17447,
      "magicDamageTaken": 1665,
      "timePlayed": 1830,
      "totalHeal": 7670,
      "totalUnitsHealed": 1,
      "assists": 7,
      "item0": 3160,
      "item1": 3260,
      "item2": 3153,
      "item3": 3065,
      "item4": 1028,
      "item6": 3341,
      "magicDamageDealtToChampions": 1206,
      "physicalDamageDealtToChampions": 4722,
      "totalDamageDealtToChampions": 6332,
      "trueDamageDealtPlayer": 7010,
      "trueDamageDealtToChampions": 404,
      "trueDamageTaken": 270,
      "wardKilled": 1,
      "wardPlaced": 5,
      "neutralMinionsKilledEnemyJungle": 23,
      "neutralMinionsKilledYourJungle": 62,
      "totalTimeCrowdControlDealt": 733
    }
  },
  "21903906": {
    "gameId": 824851392,
    "invalid": false,
    "gameMode": "CLASSIC",
    "gameType": "MATCHED_GAME",
    "subType": "CAP_5x5",
    "mapId": 1,
    "teamId": 200,
    "championId": 81,
    "spell1": 4,
    "spell2": 7,
    "level": 30,
    "ipEarned": 237,
    "createDate": 1399031449109,
    "fellowPlayers": [
      {
        "summonerId": 41603350,
        "teamId": 100,
        "championId": 92
      },
      {
        "summonerId": 30417647,
        "teamId": 200,
        "championId": 37
      },
      {
        "summonerId": 31359012,
        "teamId": 200,
        "championId": 64
      },
      {
        "summonerId": 34989024,
        "teamId": 100,
        "championId": 43
      },
      {
        "summonerId": 40713688,
        "teamId": 200,
        "championId": 134
      },
      {
        "summonerId": 36933230,
        "teamId": 100,
        "championId": 10
      },
      {
        "summonerId": 34976037,
        "teamId": 100,
        "championId": 21
      },
      {
        "summonerId": 39707133,
        "teamId": 200,
        "championId": 48
      },
      {
        "summonerId": 31415327,
        "teamId": 100,
        "championId": 64
      }
    ],
    "stats": {
      "level": 15,
      "goldEarned": 12101,
      "numDeaths": 2,
      "turretsKilled": 2,
      "minionsKilled": 200,
      "championsKilled": 7,
      "goldSpent": 9838,
      "totalDamageDealt": 115873,
      "totalDamageTaken": 22034,
      "doubleKills": 1,
      "killingSprees": 2,
      "largestKillingSpree": 5,
      "team": 200,
      "win": true,
      "largestMultiKill": 2,
      "physicalDamageDealtPlayer": 100289,
      "magicDamageDealtPlayer": 15584,
      "physicalDamageTaken": 11446,
      "magicDamageTaken": 9493,
      "largestCriticalStrike": 475,
      "timePlayed": 1830,
      "totalHeal": 3440,
      "totalUnitsHealed": 3,
      "assists": 12,
      "item0": 1055,
      "item1": 3078,
      "item2": 3250,
      "item3": 3072,
      "item4": 1037,
      "item6": 3340,
      "magicDamageDealtToChampions": 6947,
      "physicalDamageDealtToChampions": 13483,
      "totalDamageDealtToChampions": 20431,
      "trueDamageTaken": 1094,
      "wardPlaced": 7
    }
  },
  "41603350": {
    "gameId": 824851392,
    "invalid": false,
    "gameMode": "CLASSIC",
    "gameType": "MATCHED_GAME",
    "subType": "CAP_5x5",
    "mapId": 1,
    "teamId": 100,
    "championId": 92,
    "spell1": 4,
    "spell2": 14,
    "level": 30,
    "ipEarned": 58,
    "createDate": 1399031449102,
    "fellowPlayers": [
      {
        "summonerId": 30417647,
        "teamId": 200,
        "championId": 37
      },
      {
        "summonerId": 31359012,
        "teamId": 200,
        "championId": 64
      },
      {
        "summonerId": 34989024,
        "teamId": 100,
        "championId": 43
      },
      {
        "summonerId": 40713688,
        "teamId": 200,
        "championId": 134
      },
      {
        "summonerId": 36933230,
        "teamId": 100,
        "championId": 10
      },
      {
        "summonerId": 21903906,
        "teamId": 200,
        "championId": 81
      },
      {
        "summonerId": 34976037,
        "teamId": 100,
        "championId": 21
      },
      {
        "summonerId": 39707133,
        "teamId": 200,
        "championId": 48
      },
      {
        "summonerId": 31415327,
        "teamId": 100,
        "championId": 64
      }
    ],
    "stats": {
      "level": 15,
      "goldEarned": 9150,
      "numDeaths": 9,
      "turretsKilled": 1,
      "minionsKilled": 161,
      "championsKilled": 4,
      "goldSpent": 8622,
      "totalDamageDealt": 80407,
      "totalDamageTaken": 20440,
      "team": 100,
      "win": false,
      "largestMultiKill": 1,
      "physicalDamageDealtPlayer": 79589,
      "physicalDamageTaken": 12334,
      "magicDamageTaken": 7113,
      "timePlayed": 1830,
      "totalHeal": 425,
      "totalUnitsHealed": 1,
      "assists": 4,
      "item0": 3074,
      "item1": 3035,
      "item2": 3134,
      "item3": 3158,
      "item6": 3340,
      "physicalDamageDealtToChampions": 13127,
      "totalDamageDealtToChampions": 13946,
      "trueDamageDealtPlayer": 818,
      "trueDamageDealtToChampions": 818,
      "trueDamageTaken": 992,
      "wardPlaced": 4,
      "totalTimeCrowdControlDealt": 43
    }
  }
}