{
  "33489417": {
    "gameId": 824831359,
    "invalid": false,
    "gameMode": "CLASSIC",
    "gameType": "MATCHED_GAME",
    "subType": "CAP_5x5",
    "mapId": 1,
    "teamId": 200,
    "championId": 83,
    "spell1": 14,
    "spell2": 4,
    "level": 30,
    "ipEarned": 226,
    "createDate": 1399031103774,
    "fellowPlayers": [
      {
        "summonerId": 38448806,
        "teamId": 100,
        "championId": 127
      },
      {
        "summonerId": 19228284,
        "teamId": 200,
        "championId": 105
      },
      {
        "summonerId": 37301509,
        "teamId": 100,
        "championId": 55
      },
      {
        "summonerId": 30194670,
        "teamId": 200,
        "championId": 11
      },
      {
        "summonerId": 34023388,
        "teamId": 100,
        "championId": 11
      },
      {
        "summonerId": 38867124,
        "teamId": 200,
        "championId": 222
      },
      {
        "summonerId": 33463967,
        "teamId": 100,
        "championId": 102
      },
      {
        "summonerId": 24974905,
        "teamId": 200,
        "championId": 55
      },
      {
        "summonerId": 19214427,
        "teamId": 100,
        "championId": 110
      }
    ],
    "stats": {
      "level": 12,
      "goldEarned": 5311,
      "numDeaths": 2,
      "minionsKilled": 104,
      "championsKilled": 1,
      "goldSpent": 4450,
      "totalDamageDealt": 46979,
      "totalDamageTaken": 10948,
      "team": 200,
      "win": true,
      "neutralMinionsKilled": 1,
      "largestMultiKill": 1,
      "physicalDamageDealtPlayer": 32714,
      "magicDamageDealtPlayer": 13865,
      "physicalDamageTaken": 8237,
      "magicDamageTaken": 2291,
      "largestCriticalStrike": 232,
      "timePlayed": 1214,
      "totalHeal": 5414,
      "totalUnitsHealed": 1,
      "item0": 3025,
      "item1": 1001,
      "item3": 3070,
      "item6": 3340,
      "sightWardsBought": 1,
      "magicDamageDealtToChampions": 4361,
      "physicalDamageDealtToChampions": 4036,
      "totalDamageDealtToChampions": 8797,
      "trueDamageDealtPlayer": 400,
      "trueDamageDealtToChampions": 400,
      "trueDamageTaken": 420,
      "wardPlaced": 4,
      "neutralMinionsKilledEnemyJungle": 1,
      "totalTimeCrowdControlDealt": 831
    }
  },
  "summonerCount": 10,
  "33463967": {
    "gameId": 824831359,
    "invalid": false,
    "gameMode": "CLASSIC",
    "gameType": "MATCHED_GAME",
    "subType": "CAP_5x5",
    "mapId": 1,
    "teamId": 100,
    "championId": 102,
    "spell1": 4,
    "spell2": 14,
    "level": 30,
    "ipEarned": 51,
    "createDate": 1399031103766,
    "fellowPlayers": [
      {
        "summonerId": 38448806,
        "teamId": 100,
        "championId": 127
      },
      {
        "summonerId": 19228284,
        "teamId": 200,
        "championId": 105
      },
      {
        "summonerId": 37301509,
        "teamId": 100,
        "championId": 55
      },
      {
        "summonerId": 33489417,
        "teamId": 200,
        "championId": 83
      },
      {
        "summonerId": 30194670,
        "teamId": 200,
        "championId": 11
      },
      {
        "summonerId": 34023388,
        "teamId": 100,
        "championId": 11
      },
      {
        "summonerId": 38867124,
        "teamId": 200,
        "championId": 222
      },
      {
        "summonerId": 24974905,
        "teamId": 200,
        "championId": 55
      },
      {
        "summonerId": 19214427,
        "teamId": 100,
        "championId": 110
      }
    ],
    "stats": {
      "level": 12,
      "goldEarned": 4924,
      "numDeaths": 1,
      "minionsKilled": 94,
      "championsKilled": 2,
      "goldSpent": 4455,
      "totalDamageDealt": 41362,
      "totalDamageTaken": 10591,
      "team": 100,
      "win": false,
      "largestMultiKill": 1,
      "physicalDamageDealtPlayer": 20341,
      "magicDamageDealtPlayer": 20621,
      "physicalDamageTaken": 5496,
      "magicDamageTaken": 4663,
      "timePlayed": 1214,
      "totalHeal": 1821,
      "totalUnitsHealed": 1,
      "item0": 1055,
      "item1": 2003,
      "item2": 3068,
      "item3": 1036,
      "item4": 1033,
      "item5": 1001,
      "item6": 3340,
      "magicDamageDealtToChampions": 3095,
      "physicalDamageDealtToChampions": 2000,
      "totalDamageDealtToChampions": 5495,
      "trueDamageDealtPlayer": 400,
      "trueDamageDealtToChampions": 400,
      "trueDamageTaken": 432,
      "wardPlaced": 2,
      "totalTimeCrowdControlDealt": 828
    }
  },
  "37301509": {
    "gameId": 824831359,
    "invalid": false,
    "gameMode": "CLASSIC",
    "gameType": "MATCHED_GAME",
    "subType": "CAP_5x5",
    "mapId": 1,
    "teamId": 100,
    "championId": 55,
    "spell1": 4,
    "spell2": 14,
    "level": 30,
    "ipEarned": 51,
    "createDate": 1399031103765,
    "fellowPlayers": [
      {
        "summonerId": 38448806,
        "teamId": 100,
        "championId": 127
      },
      {
        "summonerId": 19228284,
        "teamId": 200,
        "championId": 105
      },
      {
        "summonerId": 33489417,
        "teamId": 200,
        "championId": 83
      },
      {
        "summonerId": 30194670,
        "teamId": 200,
        "championId": 11
      },
      {
        "summonerId": 34023388,
        "teamId": 100,
        "championId": 11
      },
      {
        "summonerId": 38867124,
        "teamId": 200,
        "championId": 222
      },
      {
        "summonerId": 33463967,
        "teamId": 100,
        "championId": 102
      },
      {
        "summonerId": 24974905,
        "teamId": 200,
        "championId": 55
      },
      {
        "summonerId": 19214427,
        "teamId": 100,
        "championId": 110
      }
    ],
    "stats": {
      "level": 12,
      "goldEarned": 5885,
      "numDeaths": 2,
      "minionsKilled": 143,
      "championsKilled": 2,
      "goldSpent": 5255,
      "totalDamageDealt": 59748,
      "totalDamageTaken": 8954,
      "killingSprees": 1,
      "largestKillingSpree": 2,
      "team": 100,
      "win": false,
      "largestMultiKill": 1,
      "physicalDamageDealtPlayer": 6248,
      "magicDamageDealtPlayer": 53147,
      "physicalDamageTaken": 2311,
      "magicDamageTaken": 6157,
      "timePlayed": 1214,
      "totalHeal": 89,
      "totalUnitsHealed": 1,
      "item0": 3020,
      "item1": 3128,
      "item2": 1054,
      "item6": 3340,
      "sightWardsBought": 4,
      "magicDamageDealtToChampions": 6512,
      "physicalDamageDealtToChampions": 316,
      "totalDamageDealtToChampions": 7180,
      "trueDamageDealtPlayer": 352,
      "trueDamageDealtToChampions": 352,
      "trueDamageTaken": 486,
      "wardPlaced": 7
    }
  },
  "19228284": {
    "gameId": 824831359,
    "invalid": false,
    "gameMode": "CLASSIC",
    "gameType": "MATCHED_GAME",
    "subType": "CAP_5x5",
    "mapId": 1,
    "teamId": 200,
    "championId": 105,
    "spell1": 7,
    "spell2": 4,
    "level": 30,
    "ipEarned": 76,
    "createDate": 1399031103776,
    "fellowPlayers": [
      {
        "summonerId": 38448806,
        "teamId": 100,
        "championId": 127
      },
      {
        "summonerId": 37301509,
        "teamId": 100,
        "championId": 55
      },
      {
        "summonerId": 33489417,
        "teamId": 200,
        "championId": 83
      },
      {
        "summonerId": 30194670,
        "teamId": 200,
        "championId": 11
      },
      {
        "summonerId": 34023388,
        "teamId": 100,
        "championId": 11
      },
      {
        "summonerId": 38867124,
        "teamId": 200,
        "championId": 222
      },
      {
        "summonerId": 33463967,
        "teamId": 100,
        "championId": 102
      },
      {
        "summonerId": 24974905,
        "teamId": 200,
        "championId": 55
      },
      {
        "summonerId": 19214427,
        "teamId": 100,
        "championId": 110
      }
    ],
    "stats": {
      "level": 11,
      "goldEarned": 4519,
      "minionsKilled": 15,
      "championsKilled": 2,
      "goldSpent": 4125,
      "totalDamageDealt": 11762,
      "totalDamageTaken": 10903,
      "killingSprees": 1,
      "largestKillingSpree": 2,
      "team": 200,
      "win": true,
      "largestMultiKill": 1,
      "physicalDamageDealtPlayer": 5343,
      "magicDamageDealtPlayer": 6418,
      "physicalDamageTaken": 5666,
      "magicDamageTaken": 4986,
      "timePlayed": 1214,
      "totalHeal": 1447,
      "totalUnitsHealed": 3,
      "assists": 5,
      "item0": 1054,
      "item1": 3068,
      "item2": 3009,
      "item6": 3340,
      "magicDamageDealtToChampions": 2280,
      "physicalDamageDealtToChampions": 1756,
      "totalDamageDealtToChampions": 4037,
      "trueDamageTaken": 250,
      "wardPlaced": 9,
      "totalTimeCrowdControlDealt": 17
    }
  },
  "30194670": {
    "gameId": 824831359,
    "invalid": false,
    "gameMode": "CLASSIC",
    "gameType": "MATCHED_GAME",
    "subType": "CAP_5x5",
    "mapId": 1,
    "teamId": 200,
    "championId": 11,
    "spell1": 4,
    "spell2": 11,
    "level": 30,
    "ipEarned": 76,
    "createDate": 1399031103772,
    "fellowPlayers": [
      {
        "summonerId": 38448806,
        "teamId": 100,
        "championId": 127
      },
      {
        "summonerId": 19228284,
        "teamId": 200,
        "championId": 105
      },
      {
        "summonerId": 37301509,
        "teamId": 100,
        "championId": 55
      },
      {
        "summonerId": 33489417,
        "teamId": 200,
        "championId": 83
      },
      {
        "summonerId": 34023388,
        "teamId": 100,
        "championId": 11
      },
      {
        "summonerId": 38867124,
        "teamId": 200,
        "championId": 222
      },
      {
        "summonerId": 33463967,
        "teamId": 100,
        "championId": 102
      },
      {
        "summonerId": 24974905,
        "teamId": 200,
        "championId": 55
      },
      {
        "summonerId": 19214427,
        "teamId": 100,
        "championId": 110
      }
    ],
    "stats": {
      "level": 12,
      "goldEarned": 7370,
      "minionsKilled": 22,
      "championsKilled": 4,
      "goldSpent": 6830,
      "totalDamageDealt": 109455,
      "totalDamageTaken": 10037,
      "doubleKills": 1,
      "killingSprees": 1,
      "largestKillingSpree": 4,
      "team": 200,
      "win": true,
      "neutralMinionsKilled": 90,
      "largestMultiKill": 2,
      "physicalDamageDealtPlayer": 79566,
      "magicDamageDealtPlayer": 15220,
      "physicalDamageTaken": 8798,
      "magicDamageTaken": 1239,
      "largestCriticalStrike": 657,
      "timePlayed": 1214,
      "totalHeal": 3733,
      "totalUnitsHealed": 1,
      "assists": 4,
      "item0": 3160,
      "item1": 3093,
      "item2": 3006,
      "item3": 1038,
      "item4": 1037,
      "item5": 1018,
      "item6": 3340,
      "magicDamageDealtToChampions": 82,
      "physicalDamageDealtToChampions": 4159,
      "totalDamageDealtToChampions": 4731,
      "trueDamageDealtPlayer": 14669,
      "trueDamageDealtToChampions": 489,
      "wardPlaced": 6,
      "neutralMinionsKilledEnemyJungle": 8,
      "neutralMinionsKilledYourJungle": 82,
      "totalTimeCrowdControlDealt": 504
    }
  },
  "38448806": {
    "gameId": 824831359,
    "invalid": false,
    "gameMode": "CLASSIC",
    "gameType": "MATCHED_GAME",
    "subType": "CAP_5x5",
    "mapId": 1,
    "teamId": 100,
    "championId": 127,
    "spell1": 4,
    "spell2": 7,
    "level": 30,
    "ipEarned": 51,
    "createDate": 1399031103771,
    "fellowPlayers": [
      {
        "summonerId": 19228284,
        "teamId": 200,
        "championId": 105
      },
      {
        "summonerId": 37301509,
        "teamId": 100,
        "championId": 55
      },
      {
        "summonerId": 33489417,
        "teamId": 200,
        "championId": 83
      },
      {
        "summonerId": 30194670,
        "teamId": 200,
        "championId": 11
      },
      {
        "summonerId": 34023388,
        "teamId": 100,
        "championId": 11
      },
      {
        "summonerId": 38867124,
        "teamId": 200,
        "championId": 222
      },
      {
        "summonerId": 33463967,
        "teamId": 100,
        "championId": 102
      },
      {
        "summonerId": 24974905,
        "teamId": 200,
        "championId": 55
      },
      {
        "summonerId": 19214427,
        "teamId": 100,
        "championId": 110
      }
    ],
    "stats": {
      "level": 8,
      "goldEarned": 3815,
      "numDeaths": 3,
      "minionsKilled": 17,
      "goldSpent": 3010,
      "totalDamageDealt": 19274,
      "totalDamageTaken": 6333,
      "team": 100,
      "win": false,
      "physicalDamageDealtPlayer": 2853,
      "magicDamageDealtPlayer": 16421,
      "physicalDamageTaken": 5057,
      "magicDamageTaken": 1048,
      "timePlayed": 1214,
      "totalHeal": 715,
      "totalUnitsHealed": 2,
      "assists": 1,
      "item0": 2049,
      "item1": 1056,
      "item2": 3098,
      "item3": 1004,
      "item4": 1004,
      "item5": 1001,
      "item6": 3341,
      "sightWardsBought": 3,
      "magicDamageDealtToChampions": 5887,
      "physicalDamageDealtToChampions": 798,
      "totalDamageDealtToChampions": 6685,
      "trueDamageTaken": 228,
      "wardPlaced": 10,
      "totalTimeCrowdControlDealt": 81
    }
  },
  "19214427": {
    "gameId": 824831359,
    "invalid": false,
    "gameMode": "CLASSIC",
    "gameType": "MATCHED_GAME",
    "subType": "CAP_5x5",
    "mapId": 1,
    "teamId": 100,
    "championId": 110,
    "spell1": 7,
    "spell2": 4,
    "level": 30,
    "ipEarned": 51,
    "createDate": 1399031103770,
    "fellowPlayers": [
      {
        "summonerId": 38448806,
        "teamId": 100,
        "championId": 127
      },
      {
        "summonerId": 19228284,
        "teamId": 200,
        "championId": 105
      },
      {
        "summonerId": 37301509,
        "teamId": 100,
        "championId": 55
      },
      {
        "summonerId": 33489417,
        "teamId": 200,
        "championId": 83
      },
      {
        "summonerId": 30194670,
        "teamId": 200,
        "championId": 11
      },
      {
        "summonerId": 34023388,
        "teamId": 100,
        "championId": 11
      },
      {
        "summonerId": 38867124,
        "teamId": 200,
        "championId": 222
      },
      {
        "summonerId": 33463967,
        "teamId": 100,
        "championId": 102
      },
      {
        "summonerId": 24974905,
        "teamId": 200,
        "championId": 55
      }
    ],
    "stats": {
      "level": 9,
      "goldEarned": 4351,
      "numDeaths": 3,
      "minionsKilled": 72,
      "championsKilled": 1,
      "goldSpent": 3865,
      "totalDamageDealt": 31077,
      "totalDamageTaken": 7038,
      "team": 100,
      "win": false,
      "largestMultiKill": 1,
      "physicalDamageDealtPlayer": 28244,
      "magicDamageDealtPlayer": 2832,
      "physicalDamageTaken": 6101,
      "magicDamageTaken": 937,
      "timePlayed": 1214,
      "totalHeal": 682,
      "totalUnitsHealed": 2,
      "item0": 1055,
      "item1": 2003,
      "item2": 1053,
      "item3": 3006,
      "item4": 1038,
      "item6": 3340,
      "magicDamageDealtToChampions": 1157,
      "physicalDamageDealtToChampions": 4924,
      "totalDamageDealtToChampions": 6081,
      "wardPlaced": 4,
      "totalTimeCrowdControlDealt": 89
    }
  },
  "24974905": {
    "gameId": 824831359,
    "invalid": false,
    "gameMode": "CLASSIC",
    "gameType": "MATCHED_GAME",
    "subType": "CAP_5x5",
    "mapId": 1,
    "teamId": 200,
    "championId": 55,
    "spell1": 4,
    "spell2": 14,
    "level": 30,
    "ipEarned": 76,
    "createDate": 1399031103773,
    "fellowPlayers": [
      {
        "summonerId": 38448806,
        "teamId": 100,
        "championId": 127
      },
      {
        "summonerId": 19228284,
        "teamId": 200,
        "championId": 105
      },
      {
        "summonerId": 37301509,
        "teamId": 100,
        "championId": 55
      },
      {
        "summonerId": 33489417,
        "teamId": 200,
        "championId": 83
      },
      {
        "summonerId": 30194670,
        "teamId": 200,
        "championId": 11
      },
      {
        "summonerId": 34023388,
        "teamId": 100,
        "championId": 11
      },
      {
        "summonerId": 38867124,
        "teamId": 200,
        "championId": 222
      },
      {
        "summonerId": 33463967,
        "teamId": 100,
        "championId": 102
      },
      {
        "summonerId": 19214427,
        "teamId": 100,
        "championId": 110
      }
    ],
    "stats": {
      "level": 11,
      "goldEarned": 4731,
      "numDeaths": 2,
      "minionsKilled": 74,
      "championsKilled": 1,
      "goldSpent": 3470,
      "totalDamageDealt": 47927,
      "totalDamageTaken": 6759,
      "team": 200,
      "win": true,
      "largestMultiKill": 1,
      "physicalDamageDealtPlayer": 4359,
      "magicDamageDealtPlayer": 43193,
      "physicalDamageTaken": 1774,
      "magicDamageTaken": 4531,
      "timePlayed": 1214,
      "totalHeal": 30,
      "totalUnitsHealed": 1,
      "assists": 2,
      "item0": 3146,
      "item6": 3340,
      "magicDamageDealtToChampions": 6722,
      "physicalDamageDealtToChampions": 773,
      "totalDamageDealtToChampions": 7869,
      "trueDamageDealtPlayer": 374,
      "trueDamageDealtToChampions": 374,
      "trueDamageTaken": 453,
      "wardPlaced": 4
    }
  },
  "33489417": {
    "gameId": 824831359,
    "invalid": false,
    "gameMode": "CLASSIC",
    "gameType": "MATCHED_GAME",
    "subType": "CAP_5x5",
    "mapId": 1,
    "teamId": 200,
    "championId": 83,
    "spell1": 14,
    "spell2": 4,
    "level": 30,
    "ipEarned": 226,
    "createDate": 1399031103774,
    "fellowPlayers": [
      {
        "summonerId": 38448806,
        "teamId": 100,
        "championId": 127
      },
      {
        "summonerId": 19228284,
        "teamId": 200,
        "championId": 105
      },
      {
        "summonerId": 37301509,
        "teamId": 100,
        "championId": 55
      },
      {
        "summonerId": 30194670,
        "teamId": 200,
        "championId": 11
      },
      {
        "summonerId": 34023388,
        "teamId": 100,
        "championId": 11
      },
      {
        "summonerId": 38867124,
        "teamId": 200,
        "championId": 222
      },
      {
        "summonerId": 33463967,
        "teamId": 100,
        "championId": 102
      },
      {
        "summonerId": 24974905,
        "teamId": 200,
        "championId": 55
      },
      {
        "summonerId": 19214427,
        "teamId": 100,
        "championId": 110
      }
    ],
    "stats": {
      "level": 12,
      "goldEarned": 5311,
      "numDeaths": 2,
      "minionsKilled": 104,
      "championsKilled": 1,
      "goldSpent": 4450,
      "totalDamageDealt": 46979,
      "totalDamageTaken": 10948,
      "team": 200,
      "win": true,
      "neutralMinionsKilled": 1,
      "largestMultiKill": 1,
      "physicalDamageDealtPlayer": 32714,
      "magicDamageDealtPlayer": 13865,
      "physicalDamageTaken": 8237,
      "magicDamageTaken": 2291,
      "largestCriticalStrike": 232,
      "timePlayed": 1214,
      "totalHeal": 5414,
      "totalUnitsHealed": 1,
      "item0": 3025,
      "item1": 1001,
      "item3": 3070,
      "item6": 3340,
      "sightWardsBought": 1,
      "magicDamageDealtToChampions": 4361,
      "physicalDamageDealtToChampions": 4036,
      "totalDamageDealtToChampions": 8797,
      "trueDamageDealtPlayer": 400,
      "trueDamageDealtToChampions": 400,
      "trueDamageTaken": 420,
      "wardPlaced": 4,
      "neutralMinionsKilledEnemyJungle": 1,
      "totalTimeCrowdControlDealt": 831
    }
  },
  "38867124": {
    "gameId": 824831359,
    "invalid": false,
    "gameMode": "CLASSIC",
    "gameType": "MATCHED_GAME",
    "subType": "CAP_5x5",
    "mapId": 1,
    "teamId": 200,
    "championId": 222,
    "spell1": 7,
    "spell2": 4,
    "level": 30,
    "ipEarned": 76,
    "createDate": 1399031103777,
    "fellowPlayers": [
      {
        "summonerId": 38448806,
        "teamId": 100,
        "championId": 127
      },
      {
        "summonerId": 19228284,
        "teamId": 200,
        "championId": 105
      },
      {
        "summonerId": 37301509,
        "teamId": 100,
        "championId": 55
      },
      {
        "summonerId": 33489417,
        "teamId": 200,
        "championId": 83
      },
      {
        "summonerId": 30194670,
        "teamId": 200,
        "championId": 11
      },
      {
        "summonerId": 34023388,
        "teamId": 100,
        "championId": 11
      },
      {
        "summonerId": 33463967,
        "teamId": 100,
        "championId": 102
      },
      {
        "summonerId": 24974905,
        "teamId": 200,
        "championId": 55
      },
      {
        "summonerId": 19214427,
        "teamId": 100,
        "championId": 110
      }
    ],
    "stats": {
      "level": 10,
      "goldEarned": 6332,
      "numDeaths": 1,
      "minionsKilled": 116,
      "championsKilled": 3,
      "goldSpent": 5750,
      "totalDamageDealt": 55617,
      "totalDamageTaken": 8720,
      "doubleKills": 1,
      "killingSprees": 1,
      "largestKillingSpree": 3,
      "team": 200,
      "win": true,
      "largestMultiKill": 2,
      "physicalDamageDealtPlayer": 54801,
      "magicDamageDealtPlayer": 816,
      "physicalDamageTaken": 4877,
      "magicDamageTaken": 3603,
      "largestCriticalStrike": 496,
      "timePlayed": 1214,
      "totalHeal": 1291,
      "totalUnitsHealed": 2,
      "assists": 3,
      "item0": 3031,
      "item1": 1051,
      "item2": 3006,
      "item3": 1055,
      "item6": 3340,
      "magicDamageDealtToChampions": 501,
      "physicalDamageDealtToChampions": 6864,
      "totalDamageDealtToChampions": 7366,
      "trueDamageTaken": 240,
      "wardPlaced": 2,
      "totalTimeCrowdControlDealt": 37
    }
  }
}