{
  "29244870": {
    "gameId": 824960993,
    "invalid": false,
    "gameMode": "CLASSIC",
    "gameType": "MATCHED_GAME",
    "subType": "CAP_5x5",
    "mapId": 1,
    "teamId": 100,
    "championId": 11,
    "spell1": 4,
    "spell2": 11,
    "level": 30,
    "ipEarned": 242,
    "createDate": 1399031762192,
    "fellowPlayers": [
      {
        "summonerId": 39318186,
        "teamId": 100,
        "championId": 105
      },
      {
        "summonerId": 41501031,
        "teamId": 200,
        "championId": 76
      },
      {
        "summonerId": 23017940,
        "teamId": 200,
        "championId": 110
      },
      {
        "summonerId": 30072935,
        "teamId": 200,
        "championId": 11
      },
      {
        "summonerId": 38852341,
        "teamId": 100,
        "championId": 58
      },
      {
        "summonerId": 38738090,
        "teamId": 100,
        "championId": 222
      },
      {
        "summonerId": 35452314,
        "teamId": 100,
        "championId": 117
      },
      {
        "summonerId": 40015875,
        "teamId": 200,
        "championId": 61
      },
      {
        "summonerId": 36655236,
        "teamId": 200,
        "championId": 48
      }
    ],
    "stats": {
      "level": 18,
      "goldEarned": 18883,
      "numDeaths": 5,
      "barracksKilled": 1,
      "turretsKilled": 4,
      "minionsKilled": 89,
      "championsKilled": 26,
      "goldSpent": 15225,
      "totalDamageDealt": 262283,
      "totalDamageTaken": 39618,
      "doubleKills": 5,
      "tripleKills": 2,
      "quadraKills": 1,
      "killingSprees": 4,
      "largestKillingSpree": 13,
      "team": 100,
      "win": true,
      "neutralMinionsKilled": 94,
      "largestMultiKill": 4,
      "physicalDamageDealtPlayer": 205215,
      "magicDamageDealtPlayer": 30257,
      "physicalDamageTaken": 26355,
      "magicDamageTaken": 10673,
      "largestCriticalStrike": 979,
      "timePlayed": 1930,
      "totalHeal": 9626,
      "totalUnitsHealed": 1,
      "assists": 7,
      "item0": 3153,
      "item1": 3142,
      "item2": 3074,
      "item3": 3160,
      "item4": 3250,
      "item5": 3087,
      "item6": 3340,
      "magicDamageDealtToChampions": 2361,
      "physicalDamageDealtToChampions": 36530,
      "totalDamageDealtToChampions": 43373,
      "trueDamageDealtPlayer": 26811,
      "trueDamageDealtToChampions": 4481,
      "trueDamageTaken": 2590,
      "wardPlaced": 3,
      "neutralMinionsKilledEnemyJungle": 26,
      "neutralMinionsKilledYourJungle": 68,
      "totalTimeCrowdControlDealt": 771
    }
  },
  "summonerCount": 10,
  "36655236": {
    "gameId": 824960993,
    "invalid": false,
    "gameMode": "CLASSIC",
    "gameType": "MATCHED_GAME",
    "subType": "CAP_5x5",
    "mapId": 1,
    "teamId": 200,
    "championId": 48,
    "spell1": 12,
    "spell2": 4,
    "level": 30,
    "ipEarned": 61,
    "createDate": 1399031762195,
    "fellowPlayers": [
      {
        "summonerId": 39318186,
        "teamId": 100,
        "championId": 105
      },
      {
        "summonerId": 41501031,
        "teamId": 200,
        "championId": 76
      },
      {
        "summonerId": 23017940,
        "teamId": 200,
        "championId": 110
      },
      {
        "summonerId": 30072935,
        "teamId": 200,
        "championId": 11
      },
      {
        "summonerId": 38852341,
        "teamId": 100,
        "championId": 58
      },
      {
        "summonerId": 29244870,
        "teamId": 100,
        "championId": 11
      },
      {
        "summonerId": 38738090,
        "teamId": 100,
        "championId": 222
      },
      {
        "summonerId": 35452314,
        "teamId": 100,
        "championId": 117
      },
      {
        "summonerId": 40015875,
        "teamId": 200,
        "championId": 61
      }
    ],
    "stats": {
      "level": 16,
      "goldEarned": 10711,
      "numDeaths": 7,
      "minionsKilled": 148,
      "championsKilled": 7,
      "goldSpent": 10690,
      "totalDamageDealt": 97033,
      "totalDamageTaken": 35872,
      "doubleKills": 1,
      "killingSprees": 2,
      "largestKillingSpree": 2,
      "team": 200,
      "win": false,
      "neutralMinionsKilled": 7,
      "largestMultiKill": 2,
      "physicalDamageDealtPlayer": 89363,
      "magicDamageDealtPlayer": 6950,
      "physicalDamageTaken": 26351,
      "magicDamageTaken": 7610,
      "timePlayed": 1930,
      "totalHeal": 10575,
      "totalUnitsHealed": 1,
      "assists": 5,
      "item0": 3153,
      "item1": 3143,
      "item2": 3075,
      "item3": 3267,
      "item6": 3340,
      "magicDamageDealtToChampions": 5349,
      "physicalDamageDealtToChampions": 16300,
      "totalDamageDealtToChampions": 22330,
      "trueDamageDealtPlayer": 720,
      "trueDamageDealtToChampions": 680,
      "trueDamageTaken": 1911,
      "wardPlaced": 8,
      "neutralMinionsKilledYourJungle": 7,
      "totalTimeCrowdControlDealt": 480
    }
  },
  "38852341": {
    "gameId": 824960993,
    "invalid": false,
    "gameMode": "CLASSIC",
    "gameType": "MATCHED_GAME",
    "subType": "CAP_5x5",
    "mapId": 1,
    "teamId": 100,
    "championId": 58,
    "spell1": 4,
    "spell2": 14,
    "level": 30,
    "ipEarned": 92,
    "createDate": 1399031762188,
    "fellowPlayers": [
      {
        "summonerId": 39318186,
        "teamId": 100,
        "championId": 105
      },
      {
        "summonerId": 41501031,
        "teamId": 200,
        "championId": 76
      },
      {
        "summonerId": 23017940,
        "teamId": 200,
        "championId": 110
      },
      {
        "summonerId": 30072935,
        "teamId": 200,
        "championId": 11
      },
      {
        "summonerId": 29244870,
        "teamId": 100,
        "championId": 11
      },
      {
        "summonerId": 38738090,
        "teamId": 100,
        "championId": 222
      },
      {
        "summonerId": 35452314,
        "teamId": 100,
        "championId": 117
      },
      {
        "summonerId": 40015875,
        "teamId": 200,
        "championId": 61
      },
      {
        "summonerId": 36655236,
        "teamId": 200,
        "championId": 48
      }
    ],
    "stats": {
      "level": 18,
      "goldEarned": 12588,
      "numDeaths": 4,
      "turretsKilled": 1,
      "minionsKilled": 249,
      "championsKilled": 4,
      "goldSpent": 11435,
      "totalDamageDealt": 157211,
      "totalDamageTaken": 28549,
      "doubleKills": 1,
      "killingSprees": 1,
      "largestKillingSpree": 2,
      "team": 100,
      "win": true,
      "neutralMinionsKilled": 2,
      "largestMultiKill": 2,
      "physicalDamageDealtPlayer": 134892,
      "magicDamageDealtPlayer": 21752,
      "physicalDamageTaken": 21082,
      "magicDamageTaken": 6471,
      "timePlayed": 1930,
      "totalHeal": 6343,
      "totalUnitsHealed": 1,
      "assists": 4,
      "item0": 1055,
      "item1": 3074,
      "item2": 3260,
      "item3": 3068,
      "item4": 3071,
      "item5": 1036,
      "item6": 3340,
      "magicDamageDealtToChampions": 4888,
      "physicalDamageDealtToChampions": 12678,
      "totalDamageDealtToChampions": 18094,
      "trueDamageDealtPlayer": 566,
      "trueDamageDealtToChampions": 528,
      "trueDamageTaken": 995,
      "wardPlaced": 2,
      "neutralMinionsKilledEnemyJungle": 2,
      "totalTimeCrowdControlDealt": 48
    }
  },
  "30072935": {
    "gameId": 824960993,
    "invalid": false,
    "gameMode": "CLASSIC",
    "gameType": "MATCHED_GAME",
    "subType": "CAP_5x5",
    "mapId": 1,
    "teamId": 200,
    "championId": 11,
    "spell1": 11,
    "spell2": 4,
    "level": 30,
    "ipEarned": 61,
    "createDate": 1399031762198,
    "fellowPlayers": [
      {
        "summonerId": 39318186,
        "teamId": 100,
        "championId": 105
      },
      {
        "summonerId": 41501031,
        "teamId": 200,
        "championId": 76
      },
      {
        "summonerId": 23017940,
        "teamId": 200,
        "championId": 110
      },
      {
        "summonerId": 38852341,
        "teamId": 100,
        "championId": 58
      },
      {
        "summonerId": 29244870,
        "teamId": 100,
        "championId": 11
      },
      {
        "summonerId": 38738090,
        "teamId": 100,
        "championId": 222
      },
      {
        "summonerId": 35452314,
        "teamId": 100,
        "championId": 117
      },
      {
        "summonerId": 40015875,
        "teamId": 200,
        "championId": 61
      },
      {
        "summonerId": 36655236,
        "teamId": 200,
        "championId": 48
      }
    ],
    "stats": {
      "level": 15,
      "goldEarned": 10518,
      "numDeaths": 11,
      "minionsKilled": 55,
      "championsKilled": 11,
      "goldSpent": 12475,
      "totalDamageDealt": 93811,
      "totalDamageTaken": 29867,
      "doubleKills": 2,
      "killingSprees": 2,
      "largestKillingSpree": 2,
      "team": 200,
      "win": false,
      "neutralMinionsKilled": 38,
      "largestMultiKill": 2,
      "physicalDamageDealtPlayer": 80909,
      "magicDamageDealtPlayer": 3900,
      "physicalDamageTaken": 20109,
      "magicDamageTaken": 7860,
      "largestCriticalStrike": 620,
      "timePlayed": 1930,
      "totalHeal": 3749,
      "totalUnitsHealed": 1,
      "assists": 5,
      "item0": 3153,
      "item1": 3142,
      "item2": 1036,
      "item3": 3250,
      "item4": 1006,
      "item6": 3340,
      "magicDamageDealtToChampions": 72,
      "physicalDamageDealtToChampions": 18254,
      "totalDamageDealtToChampions": 21305,
      "trueDamageDealtPlayer": 9002,
      "trueDamageDealtToChampions": 2979,
      "trueDamageTaken": 1897,
      "wardPlaced": 9,
      "neutralMinionsKilledYourJungle": 38,
      "totalTimeCrowdControlDealt": 91
    }
  },
  "39318186": {
    "gameId": 824960993,
    "invalid": false,
    "gameMode": "CLASSIC",
    "gameType": "MATCHED_GAME",
    "subType": "CAP_5x5",
    "mapId": 1,
    "teamId": 100,
    "championId": 105,
    "spell1": 4,
    "spell2": 14,
    "level": 30,
    "ipEarned": 92,
    "createDate": 1399031762186,
    "fellowPlayers": [
      {
        "summonerId": 41501031,
        "teamId": 200,
        "championId": 76
      },
      {
        "summonerId": 23017940,
        "teamId": 200,
        "championId": 110
      },
      {
        "summonerId": 30072935,
        "teamId": 200,
        "championId": 11
      },
      {
        "summonerId": 38852341,
        "teamId": 100,
        "championId": 58
      },
      {
        "summonerId": 29244870,
        "teamId": 100,
        "championId": 11
      },
      {
        "summonerId": 38738090,
        "teamId": 100,
        "championId": 222
      },
      {
        "summonerId": 35452314,
        "teamId": 100,
        "championId": 117
      },
      {
        "summonerId": 40015875,
        "teamId": 200,
        "championId": 61
      },
      {
        "summonerId": 36655236,
        "teamId": 200,
        "championId": 48
      }
    ],
    "stats": {
      "level": 17,
      "goldEarned": 11584,
      "numDeaths": 10,
      "turretsKilled": 2,
      "minionsKilled": 63,
      "championsKilled": 12,
      "goldSpent": 12150,
      "totalDamageDealt": 60167,
      "totalDamageTaken": 22429,
      "killingSprees": 3,
      "largestKillingSpree": 4,
      "team": 100,
      "win": true,
      "largestMultiKill": 1,
      "physicalDamageDealtPlayer": 15474,
      "magicDamageDealtPlayer": 43827,
      "physicalDamageTaken": 14556,
      "magicDamageTaken": 6770,
      "timePlayed": 1930,
      "totalHeal": 147,
      "totalUnitsHealed": 1,
      "assists": 12,
      "item0": 3089,
      "item1": 3100,
      "item2": 3255,
      "item3": 3108,
      "item4": 1058,
      "item6": 3340,
      "magicDamageDealtToChampions": 20303,
      "physicalDamageDealtToChampions": 5229,
      "totalDamageDealtToChampions": 26398,
      "trueDamageDealtPlayer": 866,
      "trueDamageDealtToChampions": 866,
      "trueDamageTaken": 1103,
      "wardPlaced": 7,
      "totalTimeCrowdControlDealt": 126
    }
  },
  "40015875": {
    "gameId": 824960993,
    "invalid": false,
    "gameMode": "CLASSIC",
    "gameType": "MATCHED_GAME",
    "subType": "CAP_5x5",
    "mapId": 1,
    "teamId": 200,
    "championId": 61,
    "spell1": 14,
    "spell2": 4,
    "level": 30,
    "ipEarned": 61,
    "createDate": 1399031762193,
    "fellowPlayers": [
      {
        "summonerId": 39318186,
        "teamId": 100,
        "championId": 105
      },
      {
        "summonerId": 41501031,
        "teamId": 200,
        "championId": 76
      },
      {
        "summonerId": 23017940,
        "teamId": 200,
        "championId": 110
      },
      {
        "summonerId": 30072935,
        "teamId": 200,
        "championId": 11
      },
      {
        "summonerId": 38852341,
        "teamId": 100,
        "championId": 58
      },
      {
        "summonerId": 29244870,
        "teamId": 100,
        "championId": 11
      },
      {
        "summonerId": 38738090,
        "teamId": 100,
        "championId": 222
      },
      {
        "summonerId": 35452314,
        "teamId": 100,
        "championId": 117
      },
      {
        "summonerId": 36655236,
        "teamId": 200,
        "championId": 48
      }
    ],
    "stats": {
      "level": 13,
      "goldEarned": 8165,
      "numDeaths": 15,
      "turretsKilled": 1,
      "minionsKilled": 108,
      "championsKilled": 4,
      "goldSpent": 7820,
      "totalDamageDealt": 74066,
      "totalDamageTaken": 23641,
      "team": 200,
      "win": false,
      "largestMultiKill": 1,
      "physicalDamageDealtPlayer": 15280,
      "magicDamageDealtPlayer": 57661,
      "physicalDamageTaken": 17448,
      "magicDamageTaken": 5067,
      "timePlayed": 1930,
      "totalHeal": 131,
      "totalUnitsHealed": 1,
      "assists": 4,
      "item0": 1056,
      "item1": 3174,
      "item2": 2003,
      "item3": 3089,
      "item4": 3020,
      "item6": 3340,
      "magicDamageDealtToChampions": 14344,
      "physicalDamageDealtToChampions": 1607,
      "totalDamageDealtToChampions": 17075,
      "trueDamageDealtPlayer": 1124,
      "trueDamageDealtToChampions": 1124,
      "trueDamageTaken": 1126,
      "wardPlaced": 6,
      "totalTimeCrowdControlDealt": 1019
    }
  },
  "41501031": {
    "gameId": 824960993,
    "invalid": false,
    "gameMode": "CLASSIC",
    "gameType": "MATCHED_GAME",
    "subType": "CAP_5x5",
    "mapId": 1,
    "teamId": 200,
    "championId": 76,
    "spell1": 4,
    "spell2": 7,
    "level": 30,
    "ipEarned": 61,
    "createDate": 1399031762197,
    "fellowPlayers": [
      {
        "summonerId": 39318186,
        "teamId": 100,
        "championId": 105
      },
      {
        "summonerId": 23017940,
        "teamId": 200,
        "championId": 110
      },
      {
        "summonerId": 30072935,
        "teamId": 200,
        "championId": 11
      },
      {
        "summonerId": 38852341,
        "teamId": 100,
        "championId": 58
      },
      {
        "summonerId": 29244870,
        "teamId": 100,
        "championId": 11
      },
      {
        "summonerId": 38738090,
        "teamId": 100,
        "championId": 222
      },
      {
        "summonerId": 35452314,
        "teamId": 100,
        "championId": 117
      },
      {
        "summonerId": 40015875,
        "teamId": 200,
        "championId": 61
      },
      {
        "summonerId": 36655236,
        "teamId": 200,
        "championId": 48
      }
    ],
    "stats": {
      "level": 16,
      "goldEarned": 8801,
      "numDeaths": 9,
      "turretsKilled": 2,
      "minionsKilled": 59,
      "championsKilled": 5,
      "goldSpent": 7000,
      "totalDamageDealt": 70379,
      "totalDamageTaken": 22197,
      "killingSprees": 1,
      "largestKillingSpree": 2,
      "team": 200,
      "win": false,
      "neutralMinionsKilled": 7,
      "largestMultiKill": 1,
      "physicalDamageDealtPlayer": 16586,
      "magicDamageDealtPlayer": 53659,
      "physicalDamageTaken": 16376,
      "magicDamageTaken": 5597,
      "timePlayed": 1930,
      "totalHeal": 5027,
      "totalUnitsHealed": 2,
      "assists": 3,
      "item0": 3301,
      "item1": 2003,
      "item2": 3174,
      "item3": 3135,
      "item4": 1058,
      "item6": 3340,
      "magicDamageDealtToChampions": 17822,
      "physicalDamageDealtToChampions": 1695,
      "totalDamageDealtToChampions": 19545,
      "trueDamageDealtPlayer": 134,
      "trueDamageDealtToChampions": 28,
      "trueDamageTaken": 224,
      "wardPlaced": 6,
      "neutralMinionsKilledEnemyJungle": 1,
      "neutralMinionsKilledYourJungle": 6,
      "totalTimeCrowdControlDealt": 69
    }
  },
  "35452314": {
    "gameId": 824960993,
    "invalid": false,
    "gameMode": "CLASSIC",
    "gameType": "MATCHED_GAME",
    "subType": "CAP_5x5",
    "mapId": 1,
    "teamId": 100,
    "championId": 117,
    "spell1": 3,
    "spell2": 4,
    "level": 30,
    "ipEarned": 92,
    "createDate": 1399031762189,
    "fellowPlayers": [
      {
        "summonerId": 39318186,
        "teamId": 100,
        "championId": 105
      },
      {
        "summonerId": 41501031,
        "teamId": 200,
        "championId": 76
      },
      {
        "summonerId": 23017940,
        "teamId": 200,
        "championId": 110
      },
      {
        "summonerId": 30072935,
        "teamId": 200,
        "championId": 11
      },
      {
        "summonerId": 38852341,
        "teamId": 100,
        "championId": 58
      },
      {
        "summonerId": 29244870,
        "teamId": 100,
        "championId": 11
      },
      {
        "summonerId": 38738090,
        "teamId": 100,
        "championId": 222
      },
      {
        "summonerId": 40015875,
        "teamId": 200,
        "championId": 61
      },
      {
        "summonerId": 36655236,
        "teamId": 200,
        "championId": 48
      }
    ],
    "stats": {
      "level": 16,
      "goldEarned": 10849,
      "numDeaths": 8,
      "minionsKilled": 11,
      "championsKilled": 1,
      "goldSpent": 8020,
      "totalDamageDealt": 14686,
      "totalDamageTaken": 17870,
      "team": 100,
      "win": true,
      "largestMultiKill": 1,
      "physicalDamageDealtPlayer": 5657,
      "magicDamageDealtPlayer": 9028,
      "physicalDamageTaken": 8890,
      "magicDamageTaken": 8689,
      "timePlayed": 1930,
      "totalHeal": 480,
      "totalUnitsHealed": 1,
      "assists": 15,
      "item0": 3023,
      "item1": 3092,
      "item4": 3264,
      "item6": 3341,
      "sightWardsBought": 12,
      "visionWardsBought": 1,
      "magicDamageDealtToChampions": 4158,
      "physicalDamageDealtToChampions": 1409,
      "totalDamageDealtToChampions": 5568,
      "trueDamageTaken": 290,
      "wardPlaced": 17,
      "totalTimeCrowdControlDealt": 202
    }
  },
  "38738090": {
    "gameId": 824960993,
    "invalid": false,
    "gameMode": "CLASSIC",
    "gameType": "MATCHED_GAME",
    "subType": "CAP_5x5",
    "mapId": 1,
    "teamId": 100,
    "championId": 222,
    "spell1": 4,
    "spell2": 21,
    "level": 30,
    "ipEarned": 0,
    "createDate": 1399031762190,
    "fellowPlayers": [
      {
        "summonerId": 39318186,
        "teamId": 100,
        "championId": 105
      },
      {
        "summonerId": 41501031,
        "teamId": 200,
        "championId": 76
      },
      {
        "summonerId": 23017940,
        "teamId": 200,
        "championId": 110
      },
      {
        "summonerId": 30072935,
        "teamId": 200,
        "championId": 11
      },
      {
        "summonerId": 38852341,
        "teamId": 100,
        "championId": 58
      },
      {
        "summonerId": 29244870,
        "teamId": 100,
        "championId": 11
      },
      {
        "summonerId": 35452314,
        "teamId": 100,
        "championId": 117
      },
      {
        "summonerId": 40015875,
        "teamId": 200,
        "championId": 61
      },
      {
        "summonerId": 36655236,
        "teamId": 200,
        "championId": 48
      }
    ],
    "stats": {
      "level": 15,
      "goldEarned": 12979,
      "numDeaths": 6,
      "turretsKilled": 1,
      "minionsKilled": 164,
      "championsKilled": 11,
      "goldSpent": 9835,
      "totalDamageDealt": 113324,
      "totalDamageTaken": 21628,
      "doubleKills": 1,
      "killingSprees": 4,
      "largestKillingSpree": 3,
      "team": 100,
      "win": true,
      "neutralMinionsKilled": 4,
      "largestMultiKill": 2,
      "physicalDamageDealtPlayer": 110575,
      "magicDamageDealtPlayer": 2748,
      "physicalDamageTaken": 12691,
      "magicDamageTaken": 8819,
      "largestCriticalStrike": 565,
      "timePlayed": 1930,
      "totalHeal": 1423,
      "totalUnitsHealed": 1,
      "assists": 2,
      "item0": 3072,
      "item1": 3046,
      "item2": 3006,
      "item3": 1055,
      "item4": 1038,
      "item5": 1037,
      "item6": 3340,
      "magicDamageDealtToChampions": 1249,
      "physicalDamageDealtToChampions": 18928,
      "totalDamageDealtToChampions": 20178,
      "trueDamageTaken": 118,
      "wardKilled": 1,
      "wardPlaced": 6,
      "neutralMinionsKilledYourJungle": 4,
      "totalTimeCrowdControlDealt": 66
    }
  },
  "23017940": {
    "gameId": 824960993,
    "invalid": false,
    "gameMode": "CLASSIC",
    "gameType": "MATCHED_GAME",
    "subType": "CAP_5x5",
    "mapId": 1,
    "teamId": 200,
    "championId": 110,
    "spell1": 4,
    "spell2": 21,
    "level": 30,
    "ipEarned": 61,
    "createDate": 1399031762196,
    "fellowPlayers": [
      {
        "summonerId": 39318186,
        "teamId": 100,
        "championId": 105
      },
      {
        "summonerId": 41501031,
        "teamId": 200,
        "championId": 76
      },
      {
        "summonerId": 30072935,
        "teamId": 200,
        "championId": 11
      },
      {
        "summonerId": 38852341,
        "teamId": 100,
        "championId": 58
      },
      {
        "summonerId": 29244870,
        "teamId": 100,
        "championId": 11
      },
      {
        "summonerId": 38738090,
        "teamId": 100,
        "championId": 222
      },
      {
        "summonerId": 35452314,
        "teamId": 100,
        "championId": 117
      },
      {
        "summonerId": 40015875,
        "teamId": 200,
        "championId": 61
      },
      {
        "summonerId": 36655236,
        "teamId": 200,
        "championId": 48
      }
    ],
    "stats": {
      "level": 14,
      "goldEarned": 9532,
      "numDeaths": 12,
      "minionsKilled": 133,
      "championsKilled": 5,
      "goldSpent": 9275,
      "totalDamageDealt": 88211,
      "totalDamageTaken": 23994,
      "killingSprees": 1,
      "largestKillingSpree": 2,
      "team": 200,
      "win": false,
      "neutralMinionsKilled": 3,
      "largestMultiKill": 1,
      "physicalDamageDealtPlayer": 80415,
      "magicDamageDealtPlayer": 7796,
      "physicalDamageTaken": 16451,
      "magicDamageTaken": 6826,
      "largestCriticalStrike": 646,
      "timePlayed": 1930,
      "totalHeal": 1429,
      "totalUnitsHealed": 1,
      "assists": 9,
      "item0": 1055,
      "item1": 3072,
      "item2": 3006,
      "item3": 3031,
      "item4": 1043,
      "item6": 3340,
      "magicDamageDealtToChampions": 3019,
      "physicalDamageDealtToChampions": 18962,
      "totalDamageDealtToChampions": 21982,
      "trueDamageTaken": 717,
      "wardPlaced": 1,
      "neutralMinionsKilledEnemyJungle": 3,
      "totalTimeCrowdControlDealt": 82
    }
  }
}