{
  "29171086": {
    "gameId": 825980290,
    "invalid": false,
    "gameMode": "CLASSIC",
    "gameType": "MATCHED_GAME",
    "subType": "NORMAL",
    "mapId": 1,
    "teamId": 200,
    "championId": 89,
    "spell1": 3,
    "spell2": 4,
    "level": 30,
    "ipEarned": 87,
    "createDate": 1399030173409,
    "fellowPlayers": [
      {
        "summonerId": 20223819,
        "teamId": 100,
        "championId": 81
      },
      {
        "summonerId": 20470838,
        "teamId": 100,
        "championId": 15
      },
      {
        "summonerId": 35092845,
        "teamId": 100,
        "championId": 222
      },
      {
        "summonerId": 32693216,
        "teamId": 100,
        "championId": 22
      },
      {
        "summonerId": 40653317,
        "teamId": 200,
        "championId": 64
      },
      {
        "summonerId": 36928162,
        "teamId": 200,
        "championId": 104
      },
      {
        "summonerId": 29362574,
        "teamId": 200,
        "championId": 59
      },
      {
        "summonerId": 23619328,
        "teamId": 200,
        "championId": 76
      },
      {
        "summonerId": 29568274,
        "teamId": 100,
        "championId": 21
      }
    ],
    "stats": {
      "level": 15,
      "goldEarned": 10687,
      "numDeaths": 10,
      "turretsKilled": 1,
      "minionsKilled": 26,
      "championsKilled": 2,
      "goldSpent": 10160,
      "totalDamageDealt": 25395,
      "totalDamageTaken": 26015,
      "team": 200,
      "win": true,
      "largestMultiKill": 1,
      "physicalDamageDealtPlayer": 6541,
      "magicDamageDealtPlayer": 16598,
      "physicalDamageTaken": 20793,
      "magicDamageTaken": 4184,
      "timePlayed": 1859,
      "totalHeal": 1041,
      "totalUnitsHealed": 5,
      "assists": 19,
      "item0": 3302,
      "item1": 3068,
      "item2": 3110,
      "item3": 3143,
      "item4": 3211,
      "item6": 3340,
      "sightWardsBought": 1,
      "magicDamageDealtToChampions": 7073,
      "physicalDamageDealtToChampions": 2497,
      "totalDamageDealtToChampions": 9633,
      "trueDamageDealtPlayer": 2255,
      "trueDamageDealtToChampions": 62,
      "trueDamageTaken": 1038,
      "wardPlaced": 7,
      "totalTimeCrowdControlDealt": 560
    }
  },
  "summonerCount": 10,
  "35092845": {
    "gameId": 825980290,
    "invalid": false,
    "gameMode": "CLASSIC",
    "gameType": "MATCHED_GAME",
    "subType": "NORMAL",
    "mapId": 1,
    "teamId": 100,
    "championId": 222,
    "spell1": 7,
    "spell2": 4,
    "level": 30,
    "ipEarned": 58,
    "createDate": 1399030173401,
    "fellowPlayers": [
      {
        "summonerId": 20223819,
        "teamId": 100,
        "championId": 81
      },
      {
        "summonerId": 20470838,
        "teamId": 100,
        "championId": 15
      },
      {
        "summonerId": 29171086,
        "teamId": 200,
        "championId": 89
      },
      {
        "summonerId": 32693216,
        "teamId": 100,
        "championId": 22
      },
      {
        "summonerId": 40653317,
        "teamId": 200,
        "championId": 64
      },
      {
        "summonerId": 36928162,
        "teamId": 200,
        "championId": 104
      },
      {
        "summonerId": 29362574,
        "teamId": 200,
        "championId": 59
      },
      {
        "summonerId": 23619328,
        "teamId": 200,
        "championId": 76
      },
      {
        "summonerId": 29568274,
        "teamId": 100,
        "championId": 21
      }
    ],
    "stats": {
      "level": 14,
      "goldEarned": 10611,
      "numDeaths": 11,
      "turretsKilled": 1,
      "minionsKilled": 78,
      "championsKilled": 9,
      "goldSpent": 9675,
      "totalDamageDealt": 56219,
      "totalDamageTaken": 23726,
      "doubleKills": 2,
      "killingSprees": 2,
      "largestKillingSpree": 4,
      "team": 100,
      "win": false,
      "neutralMinionsKilled": 4,
      "largestMultiKill": 2,
      "physicalDamageDealtPlayer": 54344,
      "magicDamageDealtPlayer": 1581,
      "physicalDamageTaken": 14496,
      "magicDamageTaken": 8720,
      "largestCriticalStrike": 511,
      "timePlayed": 1859,
      "totalHeal": 1923,
      "totalUnitsHealed": 2,
      "assists": 13,
      "item0": 1055,
      "item1": 3072,
      "item2": 3006,
      "item3": 3046,
      "item4": 3035,
      "item6": 3340,
      "magicDamageDealtToChampions": 1113,
      "physicalDamageDealtToChampions": 17351,
      "totalDamageDealtToChampions": 18680,
      "trueDamageDealtPlayer": 294,
      "trueDamageDealtToChampions": 216,
      "trueDamageTaken": 510,
      "wardPlaced": 7,
      "neutralMinionsKilledYourJungle": 4,
      "totalTimeCrowdControlDealt": 95
    }
  },
  "40653317": {
    "gameId": 825980290,
    "invalid": false,
    "gameMode": "CLASSIC",
    "gameType": "MATCHED_GAME",
    "subType": "NORMAL",
    "mapId": 1,
    "teamId": 200,
    "championId": 64,
    "spell1": 11,
    "spell2": 4,
    "level": 30,
    "ipEarned": 87,
    "createDate": 1399030173408,
    "fellowPlayers": [
      {
        "summonerId": 20223819,
        "teamId": 100,
        "championId": 81
      },
      {
        "summonerId": 20470838,
        "teamId": 100,
        "championId": 15
      },
      {
        "summonerId": 29171086,
        "teamId": 200,
        "championId": 89
      },
      {
        "summonerId": 35092845,
        "teamId": 100,
        "championId": 222
      },
      {
        "summonerId": 32693216,
        "teamId": 100,
        "championId": 22
      },
      {
        "summonerId": 36928162,
        "teamId": 200,
        "championId": 104
      },
      {
        "summonerId": 29362574,
        "teamId": 200,
        "championId": 59
      },
      {
        "summonerId": 23619328,
        "teamId": 200,
        "championId": 76
      },
      {
        "summonerId": 29568274,
        "teamId": 100,
        "championId": 21
      }
    ],
    "stats": {
      "level": 16,
      "goldEarned": 12136,
      "numDeaths": 8,
      "turretsKilled": 1,
      "minionsKilled": 53,
      "championsKilled": 6,
      "goldSpent": 9880,
      "totalDamageDealt": 139101,
      "totalDamageTaken": 28018,
      "doubleKills": 1,
      "killingSprees": 1,
      "largestKillingSpree": 2,
      "team": 200,
      "win": true,
      "neutralMinionsKilled": 82,
      "largestMultiKill": 2,
      "physicalDamageDealtPlayer": 74704,
      "magicDamageDealtPlayer": 54142,
      "physicalDamageTaken": 21805,
      "magicDamageTaken": 5969,
      "timePlayed": 1859,
      "totalHeal": 2916,
      "totalUnitsHealed": 1,
      "assists": 10,
      "item0": 3160,
      "item1": 3074,
      "item3": 3075,
      "item4": 3057,
      "item5": 1028,
      "item6": 3340,
      "magicDamageDealtToChampions": 5544,
      "physicalDamageDealtToChampions": 10854,
      "totalDamageDealtToChampions": 16495,
      "trueDamageDealtPlayer": 10254,
      "trueDamageDealtToChampions": 96,
      "trueDamageTaken": 244,
      "wardPlaced": 4,
      "neutralMinionsKilledEnemyJungle": 26,
      "neutralMinionsKilledYourJungle": 56,
      "totalTimeCrowdControlDealt": 531
    }
  },
  "20223819": {
    "gameId": 825980290,
    "invalid": false,
    "gameMode": "CLASSIC",
    "gameType": "MATCHED_GAME",
    "subType": "NORMAL",
    "mapId": 1,
    "teamId": 100,
    "championId": 81,
    "spell1": 7,
    "spell2": 4,
    "level": 30,
    "ipEarned": 58,
    "createDate": 1399030173405,
    "fellowPlayers": [
      {
        "summonerId": 20470838,
        "teamId": 100,
        "championId": 15
      },
      {
        "summonerId": 29171086,
        "teamId": 200,
        "championId": 89
      },
      {
        "summonerId": 35092845,
        "teamId": 100,
        "championId": 222
      },
      {
        "summonerId": 32693216,
        "teamId": 100,
        "championId": 22
      },
      {
        "summonerId": 40653317,
        "teamId": 200,
        "championId": 64
      },
      {
        "summonerId": 36928162,
        "teamId": 200,
        "championId": 104
      },
      {
        "summonerId": 29362574,
        "teamId": 200,
        "championId": 59
      },
      {
        "summonerId": 23619328,
        "teamId": 200,
        "championId": 76
      },
      {
        "summonerId": 29568274,
        "teamId": 100,
        "championId": 21
      }
    ],
    "stats": {
      "level": 14,
      "goldEarned": 8013,
      "numDeaths": 12,
      "minionsKilled": 104,
      "championsKilled": 2,
      "goldSpent": 7035,
      "totalDamageDealt": 71266,
      "totalDamageTaken": 22657,
      "killingSprees": 1,
      "largestKillingSpree": 2,
      "team": 100,
      "win": false,
      "neutralMinionsKilled": 2,
      "largestMultiKill": 1,
      "physicalDamageDealtPlayer": 31258,
      "magicDamageDealtPlayer": 39924,
      "physicalDamageTaken": 11384,
      "magicDamageTaken": 11089,
      "timePlayed": 1859,
      "totalHeal": 1486,
      "totalUnitsHealed": 2,
      "assists": 8,
      "item0": 1056,
      "item1": 3089,
      "item2": 3020,
      "item3": 3145,
      "item4": 1026,
      "item6": 3340,
      "magicDamageDealtToChampions": 13047,
      "physicalDamageDealtToChampions": 7340,
      "totalDamageDealtToChampions": 20472,
      "trueDamageDealtPlayer": 84,
      "trueDamageDealtToChampions": 84,
      "trueDamageTaken": 184,
      "wardPlaced": 4,
      "neutralMinionsKilledYourJungle": 2,
      "totalTimeCrowdControlDealt": 9
    }
  },
  "23619328": {
    "gameId": 825980290,
    "invalid": false,
    "gameMode": "CLASSIC",
    "gameType": "MATCHED_GAME",
    "subType": "NORMAL",
    "mapId": 1,
    "teamId": 200,
    "championId": 76,
    "spell1": 12,
    "spell2": 4,
    "level": 30,
    "ipEarned": 87,
    "createDate": 1399030173406,
    "fellowPlayers": [
      {
        "summonerId": 20223819,
        "teamId": 100,
        "championId": 81
      },
      {
        "summonerId": 20470838,
        "teamId": 100,
        "championId": 15
      },
      {
        "summonerId": 29171086,
        "teamId": 200,
        "championId": 89
      },
      {
        "summonerId": 35092845,
        "teamId": 100,
        "championId": 222
      },
      {
        "summonerId": 32693216,
        "teamId": 100,
        "championId": 22
      },
      {
        "summonerId": 40653317,
        "teamId": 200,
        "championId": 64
      },
      {
        "summonerId": 36928162,
        "teamId": 200,
        "championId": 104
      },
      {
        "summonerId": 29362574,
        "teamId": 200,
        "championId": 59
      },
      {
        "summonerId": 29568274,
        "teamId": 100,
        "championId": 21
      }
    ],
    "stats": {
      "level": 18,
      "goldEarned": 18349,
      "numDeaths": 6,
      "turretsKilled": 1,
      "minionsKilled": 162,
      "championsKilled": 27,
      "goldSpent": 14465,
      "totalDamageDealt": 169904,
      "totalDamageTaken": 30422,
      "doubleKills": 3,
      "tripleKills": 1,
      "killingSprees": 6,
      "largestKillingSpree": 6,
      "team": 200,
      "win": true,
      "neutralMinionsKilled": 18,
      "largestMultiKill": 3,
      "physicalDamageDealtPlayer": 38638,
      "magicDamageDealtPlayer": 129890,
      "physicalDamageTaken": 25729,
      "magicDamageTaken": 4609,
      "timePlayed": 1859,
      "totalHeal": 21677,
      "totalUnitsHealed": 5,
      "assists": 11,
      "item0": 1058,
      "item1": 3089,
      "item2": 3100,
      "item3": 3020,
      "item4": 3040,
      "item5": 3135,
      "item6": 3340,
      "magicDamageDealtToChampions": 43659,
      "physicalDamageDealtToChampions": 4734,
      "totalDamageDealtToChampions": 48730,
      "trueDamageDealtPlayer": 1376,
      "trueDamageDealtToChampions": 336,
      "trueDamageTaken": 84,
      "wardPlaced": 8,
      "neutralMinionsKilledEnemyJungle": 1,
      "neutralMinionsKilledYourJungle": 17,
      "totalTimeCrowdControlDealt": 247
    }
  },
  "36928162": {
    "gameId": 825980290,
    "invalid": false,
    "gameMode": "CLASSIC",
    "gameType": "MATCHED_GAME",
    "subType": "NORMAL",
    "mapId": 1,
    "teamId": 200,
    "championId": 104,
    "spell1": 4,
    "spell2": 7,
    "level": 30,
    "ipEarned": 237,
    "createDate": 1399030173407,
    "fellowPlayers": [
      {
        "summonerId": 20223819,
        "teamId": 100,
        "championId": 81
      },
      {
        "summonerId": 20470838,
        "teamId": 100,
        "championId": 15
      },
      {
        "summonerId": 29171086,
        "teamId": 200,
        "championId": 89
      },
      {
        "summonerId": 35092845,
        "teamId": 100,
        "championId": 222
      },
      {
        "summonerId": 32693216,
        "teamId": 100,
        "championId": 22
      },
      {
        "summonerId": 40653317,
        "teamId": 200,
        "championId": 64
      },
      {
        "summonerId": 29362574,
        "teamId": 200,
        "championId": 59
      },
      {
        "summonerId": 23619328,
        "teamId": 200,
        "championId": 76
      },
      {
        "summonerId": 29568274,
        "teamId": 100,
        "championId": 21
      }
    ],
    "stats": {
      "level": 17,
      "goldEarned": 14265,
      "numDeaths": 8,
      "barracksKilled": 2,
      "turretsKilled": 2,
      "minionsKilled": 164,
      "championsKilled": 10,
      "goldSpent": 13790,
      "totalDamageDealt": 134167,
      "totalDamageTaken": 25529,
      "doubleKills": 1,
      "tripleKills": 1,
      "killingSprees": 3,
      "largestKillingSpree": 4,
      "team": 200,
      "win": true,
      "neutralMinionsKilled": 10,
      "largestMultiKill": 3,
      "physicalDamageDealtPlayer": 127844,
      "magicDamageDealtPlayer": 4296,
      "physicalDamageTaken": 22761,
      "magicDamageTaken": 2631,
      "largestCriticalStrike": 569,
      "timePlayed": 1859,
      "totalHeal": 2901,
      "totalUnitsHealed": 2,
      "assists": 14,
      "item0": 3006,
      "item1": 3072,
      "item2": 3046,
      "item3": 3035,
      "item4": 3031,
      "item5": 1055,
      "item6": 3340,
      "magicDamageDealtToChampions": 2466,
      "physicalDamageDealtToChampions": 22630,
      "totalDamageDealtToChampions": 26178,
      "trueDamageDealtPlayer": 2026,
      "trueDamageDealtToChampions": 1082,
      "trueDamageTaken": 136,
      "wardKilled": 1,
      "wardPlaced": 6,
      "neutralMinionsKilledEnemyJungle": 3,
      "neutralMinionsKilledYourJungle": 7,
      "totalTimeCrowdControlDealt": 463
    }
  },
  "20470838": {
    "gameId": 825980290,
    "invalid": false,
    "gameMode": "CLASSIC",
    "gameType": "MATCHED_GAME",
    "subType": "NORMAL",
    "mapId": 1,
    "teamId": 100,
    "championId": 15,
    "spell1": 7,
    "spell2": 4,
    "level": 30,
    "ipEarned": 58,
    "createDate": 1399030173403,
    "fellowPlayers": [
      {
        "summonerId": 20223819,
        "teamId": 100,
        "championId": 81
      },
      {
        "summonerId": 29171086,
        "teamId": 200,
        "championId": 89
      },
      {
        "summonerId": 35092845,
        "teamId": 100,
        "championId": 222
      },
      {
        "summonerId": 32693216,
        "teamId": 100,
        "championId": 22
      },
      {
        "summonerId": 40653317,
        "teamId": 200,
        "championId": 64
      },
      {
        "summonerId": 36928162,
        "teamId": 200,
        "championId": 104
      },
      {
        "summonerId": 29362574,
        "teamId": 200,
        "championId": 59
      },
      {
        "summonerId": 23619328,
        "teamId": 200,
        "championId": 76
      },
      {
        "summonerId": 29568274,
        "teamId": 100,
        "championId": 21
      }
    ],
    "stats": {
      "level": 14,
      "goldEarned": 8245,
      "numDeaths": 10,
      "minionsKilled": 81,
      "championsKilled": 2,
      "goldSpent": 7255,
      "totalDamageDealt": 61575,
      "totalDamageTaken": 25127,
      "team": 100,
      "win": false,
      "neutralMinionsKilled": 3,
      "largestMultiKill": 1,
      "physicalDamageDealtPlayer": 61575,
      "physicalDamageTaken": 15288,
      "magicDamageTaken": 9416,
      "timePlayed": 1859,
      "totalHeal": 2294,
      "totalUnitsHealed": 4,
      "assists": 10,
      "item0": 1055,
      "item1": 3072,
      "item2": 3250,
      "item3": 1037,
      "item4": 1036,
      "item6": 3340,
      "physicalDamageDealtToChampions": 11744,
      "totalDamageDealtToChampions": 11744,
      "trueDamageTaken": 422,
      "wardPlaced": 2,
      "neutralMinionsKilledYourJungle": 3
    }
  },
  "32693216": {
    "gameId": 825980290,
    "invalid": false,
    "gameMode": "CLASSIC",
    "gameType": "MATCHED_GAME",
    "subType": "NORMAL",
    "mapId": 1,
    "teamId": 100,
    "championId": 22,
    "spell1": 7,
    "spell2": 4,
    "level": 30,
    "ipEarned": 58,
    "createDate": 1399030173400,
    "fellowPlayers": [
      {
        "summonerId": 20223819,
        "teamId": 100,
        "championId": 81
      },
      {
        "summonerId": 20470838,
        "teamId": 100,
        "championId": 15
      },
      {
        "summonerId": 29171086,
        "teamId": 200,
        "championId": 89
      },
      {
        "summonerId": 35092845,
        "teamId": 100,
        "championId": 222
      },
      {
        "summonerId": 40653317,
        "teamId": 200,
        "championId": 64
      },
      {
        "summonerId": 36928162,
        "teamId": 200,
        "championId": 104
      },
      {
        "summonerId": 29362574,
        "teamId": 200,
        "championId": 59
      },
      {
        "summonerId": 23619328,
        "teamId": 200,
        "championId": 76
      },
      {
        "summonerId": 29568274,
        "teamId": 100,
        "championId": 21
      }
    ],
    "stats": {
      "level": 16,
      "goldEarned": 15622,
      "numDeaths": 12,
      "barracksKilled": 1,
      "turretsKilled": 2,
      "minionsKilled": 102,
      "championsKilled": 18,
      "goldSpent": 15205,
      "totalDamageDealt": 123100,
      "totalDamageTaken": 33975,
      "doubleKills": 4,
      "killingSprees": 4,
      "largestKillingSpree": 3,
      "team": 100,
      "win": false,
      "neutralMinionsKilled": 2,
      "largestMultiKill": 2,
      "physicalDamageDealtPlayer": 118333,
      "magicDamageDealtPlayer": 3533,
      "physicalDamageTaken": 17421,
      "magicDamageTaken": 16195,
      "largestCriticalStrike": 752,
      "timePlayed": 1859,
      "totalHeal": 3705,
      "totalUnitsHealed": 4,
      "assists": 13,
      "item0": 1055,
      "item1": 3250,
      "item2": 3072,
      "item3": 3046,
      "item4": 3031,
      "item5": 3035,
      "item6": 3340,
      "magicDamageDealtToChampions": 3058,
      "physicalDamageDealtToChampions": 43001,
      "totalDamageDealtToChampions": 47262,
      "trueDamageDealtPlayer": 1234,
      "trueDamageDealtToChampions": 1202,
      "trueDamageTaken": 358,
      "wardPlaced": 10,
      "neutralMinionsKilledEnemyJungle": 2,
      "totalTimeCrowdControlDealt": 1151
    }
  },
  "29362574": {
    "gameId": 825980290,
    "invalid": false,
    "gameMode": "CLASSIC",
    "gameType": "MATCHED_GAME",
    "subType": "NORMAL",
    "mapId": 1,
    "teamId": 200,
    "championId": 59,
    "spell1": 14,
    "spell2": 4,
    "level": 30,
    "ipEarned": 87,
    "createDate": 1399030173411,
    "fellowPlayers": [
      {
        "summonerId": 20223819,
        "teamId": 100,
        "championId": 81
      },
      {
        "summonerId": 20470838,
        "teamId": 100,
        "championId": 15
      },
      {
        "summonerId": 29171086,
        "teamId": 200,
        "championId": 89
      },
      {
        "summonerId": 35092845,
        "teamId": 100,
        "championId": 222
      },
      {
        "summonerId": 32693216,
        "teamId": 100,
        "championId": 22
      },
      {
        "summonerId": 40653317,
        "teamId": 200,
        "championId": 64
      },
      {
        "summonerId": 36928162,
        "teamId": 200,
        "championId": 104
      },
      {
        "summonerId": 23619328,
        "teamId": 200,
        "championId": 76
      },
      {
        "summonerId": 29568274,
        "teamId": 100,
        "championId": 21
      }
    ],
    "stats": {
      "level": 17,
      "goldEarned": 12486,
      "numDeaths": 3,
      "turretsKilled": 3,
      "minionsKilled": 175,
      "championsKilled": 9,
      "goldSpent": 11915,
      "totalDamageDealt": 132436,
      "totalDamageTaken": 23849,
      "doubleKills": 1,
      "tripleKills": 1,
      "killingSprees": 2,
      "largestKillingSpree": 5,
      "team": 200,
      "win": true,
      "neutralMinionsKilled": 9,
      "largestMultiKill": 3,
      "physicalDamageDealtPlayer": 128537,
      "magicDamageDealtPlayer": 3752,
      "physicalDamageTaken": 20788,
      "magicDamageTaken": 2656,
      "timePlayed": 1859,
      "totalHeal": 2565,
      "totalUnitsHealed": 1,
      "assists": 5,
      "item0": 3074,
      "item1": 3143,
      "item2": 1011,
      "item3": 3047,
      "item4": 3071,
      "item5": 1055,
      "item6": 3340,
      "magicDamageDealtToChampions": 1935,
      "physicalDamageDealtToChampions": 16515,
      "totalDamageDealtToChampions": 18596,
      "trueDamageDealtPlayer": 146,
      "trueDamageDealtToChampions": 146,
      "trueDamageTaken": 405,
      "wardPlaced": 5,
      "neutralMinionsKilledEnemyJungle": 7,
      "neutralMinionsKilledYourJungle": 2,
      "totalTimeCrowdControlDealt": 279
    }
  },
  "29568274": {
    "gameId": 825980290,
    "invalid": false,
    "gameMode": "CLASSIC",
    "gameType": "MATCHED_GAME",
    "subType": "NORMAL",
    "mapId": 1,
    "teamId": 100,
    "championId": 21,
    "spell1": 7,
    "spell2": 4,
    "level": 26,
    "ipEarned": 58,
    "createDate": 1399030173402,
    "fellowPlayers": [
      {
        "summonerId": 20223819,
        "teamId": 100,
        "championId": 81
      },
      {
        "summonerId": 20470838,
        "teamId": 100,
        "championId": 15
      },
      {
        "summonerId": 29171086,
        "teamId": 200,
        "championId": 89
      },
      {
        "summonerId": 35092845,
        "teamId": 100,
        "championId": 222
      },
      {
        "summonerId": 32693216,
        "teamId": 100,
        "championId": 22
      },
      {
        "summonerId": 40653317,
        "teamId": 200,
        "championId": 64
      },
      {
        "summonerId": 36928162,
        "teamId": 200,
        "championId": 104
      },
      {
        "summonerId": 29362574,
        "teamId": 200,
        "championId": 59
      },
      {
        "summonerId": 23619328,
        "teamId": 200,
        "championId": 76
      }
    ],
    "stats": {
      "level": 13,
      "goldEarned": 6944,
      "numDeaths": 9,
      "turretsKilled": 2,
      "minionsKilled": 53,
      "championsKilled": 4,
      "goldSpent": 6055,
      "totalDamageDealt": 36180,
      "totalDamageTaken": 25364,
      "team": 100,
      "win": false,
      "largestMultiKill": 1,
      "physicalDamageDealtPlayer": 26639,
      "magicDamageDealtPlayer": 9541,
      "physicalDamageTaken": 9859,
      "magicDamageTaken": 15256,
      "timePlayed": 1859,
      "totalHeal": 1532,
      "totalUnitsHealed": 2,
      "assists": 5,
      "item0": 1055,
      "item1": 3072,
      "item2": 1036,
      "item3": 3006,
      "item4": 2003,
      "item5": 1037,
      "item6": 3340,
      "magicDamageDealtToChampions": 2830,
      "physicalDamageDealtToChampions": 5311,
      "totalDamageDealtToChampions": 8142,
      "trueDamageTaken": 248,
      "wardPlaced": 7,
      "totalTimeCrowdControlDealt": 204
    }
  }
}