{
  "37363418": {
    "gameId": 825975861,
    "invalid": false,
    "gameMode": "CLASSIC",
    "gameType": "MATCHED_GAME",
    "subType": "RANKED_SOLO_5x5",
    "mapId": 1,
    "teamId": 200,
    "championId": 92,
    "spell1": 14,
    "spell2": 4,
    "level": 30,
    "ipEarned": 65,
    "createDate": 1399031430328,
    "fellowPlayers": [
      {
        "summonerId": 35095313,
        "teamId": 100,
        "championId": 55
      },
      {
        "summonerId": 39599259,
        "teamId": 100,
        "championId": 111
      },
      {
        "summonerId": 21071209,
        "teamId": 200,
        "championId": 64
      },
      {
        "summonerId": 23658362,
        "teamId": 100,
        "championId": 62
      },
      {
        "summonerId": 27716061,
        "teamId": 200,
        "championId": 17
      },
      {
        "summonerId": 36904948,
        "teamId": 200,
        "championId": 81
      },
      {
        "summonerId": 38633381,
        "teamId": 200,
        "championId": 89
      },
      {
        "summonerId": 23826327,
        "teamId": 100,
        "championId": 222
      },
      {
        "summonerId": 37735456,
        "teamId": 100,
        "championId": 114
      }
    ],
    "stats": {
      "level": 16,
      "goldEarned": 13075,
      "numDeaths": 8,
      "minionsKilled": 196,
      "championsKilled": 11,
      "goldSpent": 12460,
      "totalDamageDealt": 128349,
      "totalDamageTaken": 26822,
      "doubleKills": 1,
      "killingSprees": 4,
      "largestKillingSpree": 4,
      "team": 200,
      "win": false,
      "neutralMinionsKilled": 12,
      "largestMultiKill": 2,
      "physicalDamageDealtPlayer": 125753,
      "magicDamageDealtPlayer": 1106,
      "physicalDamageTaken": 18368,
      "magicDamageTaken": 7845,
      "largestCriticalStrike": 521,
      "timePlayed": 2114,
      "totalHeal": 3227,
      "totalUnitsHealed": 1,
      "assists": 8,
      "item0": 3074,
      "item1": 3035,
      "item2": 3260,
      "item3": 1053,
      "item4": 3026,
      "item5": 1038,
      "item6": 3340,
      "sightWardsBought": 1,
      "magicDamageDealtToChampions": 632,
      "physicalDamageDealtToChampions": 22657,
      "totalDamageDealtToChampions": 24579,
      "trueDamageDealtPlayer": 1490,
      "trueDamageDealtToChampions": 1290,
      "trueDamageTaken": 608,
      "wardPlaced": 7,
      "neutralMinionsKilledYourJungle": 12,
      "totalTimeCrowdControlDealt": 138
    }
  },
  "summonerCount": 10,
  "23658362": {
    "gameId": 825975861,
    "invalid": false,
    "gameMode": "CLASSIC",
    "gameType": "MATCHED_GAME",
    "subType": "RANKED_SOLO_5x5",
    "mapId": 1,
    "teamId": 100,
    "championId": 62,
    "spell1": 14,
    "spell2": 4,
    "level": 30,
    "ipEarned": 99,
    "createDate": 1399031430320,
    "fellowPlayers": [
      {
        "summonerId": 35095313,
        "teamId": 100,
        "championId": 55
      },
      {
        "summonerId": 39599259,
        "teamId": 100,
        "championId": 111
      },
      {
        "summonerId": 37363418,
        "teamId": 200,
        "championId": 92
      },
      {
        "summonerId": 21071209,
        "teamId": 200,
        "championId": 64
      },
      {
        "summonerId": 27716061,
        "teamId": 200,
        "championId": 17
      },
      {
        "summonerId": 36904948,
        "teamId": 200,
        "championId": 81
      },
      {
        "summonerId": 38633381,
        "teamId": 200,
        "championId": 89
      },
      {
        "summonerId": 23826327,
        "teamId": 100,
        "championId": 222
      },
      {
        "summonerId": 37735456,
        "teamId": 100,
        "championId": 114
      }
    ],
    "stats": {
      "level": 16,
      "goldEarned": 13369,
      "numDeaths": 5,
      "turretsKilled": 1,
      "minionsKilled": 119,
      "championsKilled": 7,
      "goldSpent": 12330,
      "totalDamageDealt": 99008,
      "totalDamageTaken": 29444,
      "killingSprees": 2,
      "largestKillingSpree": 3,
      "team": 100,
      "win": true,
      "neutralMinionsKilled": 15,
      "largestMultiKill": 1,
      "physicalDamageDealtPlayer": 95489,
      "magicDamageDealtPlayer": 2861,
      "physicalDamageTaken": 21186,
      "magicDamageTaken": 7407,
      "timePlayed": 2114,
      "totalHeal": 1613,
      "totalUnitsHealed": 1,
      "assists": 20,
      "item0": 3022,
      "item1": 3111,
      "item2": 3074,
      "item3": 3035,
      "item4": 1057,
      "item5": 1031,
      "item6": 3340,
      "magicDamageDealtToChampions": 1239,
      "physicalDamageDealtToChampions": 20063,
      "totalDamageDealtToChampions": 21960,
      "trueDamageDealtPlayer": 658,
      "trueDamageDealtToChampions": 658,
      "trueDamageTaken": 851,
      "wardPlaced": 9,
      "neutralMinionsKilledEnemyJungle": 11,
      "neutralMinionsKilledYourJungle": 4,
      "totalTimeCrowdControlDealt": 142
    }
  },
  "27716061": {
    "gameId": 825975861,
    "invalid": false,
    "gameMode": "CLASSIC",
    "gameType": "MATCHED_GAME",
    "subType": "RANKED_SOLO_5x5",
    "mapId": 1,
    "teamId": 200,
    "championId": 17,
    "spell1": 21,
    "spell2": 4,
    "level": 30,
    "ipEarned": 65,
    "createDate": 1399031430329,
    "fellowPlayers": [
      {
        "summonerId": 35095313,
        "teamId": 100,
        "championId": 55
      },
      {
        "summonerId": 39599259,
        "teamId": 100,
        "championId": 111
      },
      {
        "summonerId": 37363418,
        "teamId": 200,
        "championId": 92
      },
      {
        "summonerId": 21071209,
        "teamId": 200,
        "championId": 64
      },
      {
        "summonerId": 23658362,
        "teamId": 100,
        "championId": 62
      },
      {
        "summonerId": 36904948,
        "teamId": 200,
        "championId": 81
      },
      {
        "summonerId": 38633381,
        "teamId": 200,
        "championId": 89
      },
      {
        "summonerId": 23826327,
        "teamId": 100,
        "championId": 222
      },
      {
        "summonerId": 37735456,
        "teamId": 100,
        "championId": 114
      }
    ],
    "stats": {
      "level": 16,
      "goldEarned": 10717,
      "numDeaths": 10,
      "minionsKilled": 151,
      "championsKilled": 7,
      "goldSpent": 10785,
      "totalDamageDealt": 119543,
      "totalDamageTaken": 28229,
      "doubleKills": 1,
      "killingSprees": 1,
      "largestKillingSpree": 4,
      "team": 200,
      "win": false,
      "neutralMinionsKilled": 7,
      "largestMultiKill": 2,
      "physicalDamageDealtPlayer": 22558,
      "magicDamageDealtPlayer": 96672,
      "physicalDamageTaken": 16792,
      "magicDamageTaken": 11097,
      "timePlayed": 2114,
      "assists": 8,
      "item0": 3108,
      "item1": 3089,
      "item2": 1052,
      "item3": 3020,
      "item4": 3151,
      "item5": 1052,
      "item6": 3340,
      "magicDamageDealtToChampions": 26780,
      "physicalDamageDealtToChampions": 2048,
      "totalDamageDealtToChampions": 28940,
      "trueDamageDealtPlayer": 312,
      "trueDamageDealtToChampions": 112,
      "trueDamageTaken": 340,
      "wardPlaced": 54,
      "neutralMinionsKilledYourJungle": 7,
      "totalTimeCrowdControlDealt": 658
    }
  },
  "35095313": {
    "gameId": 825975861,
    "invalid": false,
    "gameMode": "CLASSIC",
    "gameType": "MATCHED_GAME",
    "subType": "RANKED_SOLO_5x5",
    "mapId": 1,
    "teamId": 100,
    "championId": 55,
    "spell1": 21,
    "spell2": 4,
    "level": 30,
    "ipEarned": 99,
    "createDate": 1399031430324,
    "fellowPlayers": [
      {
        "summonerId": 39599259,
        "teamId": 100,
        "championId": 111
      },
      {
        "summonerId": 37363418,
        "teamId": 200,
        "championId": 92
      },
      {
        "summonerId": 21071209,
        "teamId": 200,
        "championId": 64
      },
      {
        "summonerId": 23658362,
        "teamId": 100,
        "championId": 62
      },
      {
        "summonerId": 27716061,
        "teamId": 200,
        "championId": 17
      },
      {
        "summonerId": 36904948,
        "teamId": 200,
        "championId": 81
      },
      {
        "summonerId": 38633381,
        "teamId": 200,
        "championId": 89
      },
      {
        "summonerId": 23826327,
        "teamId": 100,
        "championId": 222
      },
      {
        "summonerId": 37735456,
        "teamId": 100,
        "championId": 114
      }
    ],
    "stats": {
      "level": 16,
      "goldEarned": 14551,
      "numDeaths": 6,
      "minionsKilled": 110,
      "championsKilled": 14,
      "goldSpent": 12980,
      "totalDamageDealt": 101610,
      "totalDamageTaken": 24910,
      "doubleKills": 3,
      "tripleKills": 1,
      "killingSprees": 5,
      "largestKillingSpree": 3,
      "team": 100,
      "win": true,
      "neutralMinionsKilled": 4,
      "largestMultiKill": 3,
      "physicalDamageDealtPlayer": 12373,
      "magicDamageDealtPlayer": 89237,
      "physicalDamageTaken": 13639,
      "magicDamageTaken": 10585,
      "timePlayed": 2114,
      "assists": 16,
      "item0": 3146,
      "item1": 3041,
      "item2": 3151,
      "item3": 3020,
      "item4": 1058,
      "item5": 1026,
      "item6": 3340,
      "magicDamageDealtToChampions": 28602,
      "physicalDamageDealtToChampions": 715,
      "totalDamageDealtToChampions": 29317,
      "trueDamageTaken": 686,
      "wardPlaced": 12,
      "neutralMinionsKilledYourJungle": 4,
      "totalTimeCrowdControlDealt": 2
    }
  },
  "38633381": {
    "gameId": 825975861,
    "invalid": false,
    "gameMode": "CLASSIC",
    "gameType": "MATCHED_GAME",
    "subType": "RANKED_SOLO_5x5",
    "mapId": 1,
    "teamId": 200,
    "championId": 89,
    "spell1": 3,
    "spell2": 4,
    "level": 30,
    "ipEarned": 65,
    "createDate": 1399031430325,
    "fellowPlayers": [
      {
        "summonerId": 35095313,
        "teamId": 100,
        "championId": 55
      },
      {
        "summonerId": 39599259,
        "teamId": 100,
        "championId": 111
      },
      {
        "summonerId": 37363418,
        "teamId": 200,
        "championId": 92
      },
      {
        "summonerId": 21071209,
        "teamId": 200,
        "championId": 64
      },
      {
        "summonerId": 23658362,
        "teamId": 100,
        "championId": 62
      },
      {
        "summonerId": 27716061,
        "teamId": 200,
        "championId": 17
      },
      {
        "summonerId": 36904948,
        "teamId": 200,
        "championId": 81
      },
      {
        "summonerId": 23826327,
        "teamId": 100,
        "championId": 222
      },
      {
        "summonerId": 37735456,
        "teamId": 100,
        "championId": 114
      }
    ],
    "stats": {
      "level": 15,
      "goldEarned": 9835,
      "numDeaths": 12,
      "minionsKilled": 53,
      "championsKilled": 2,
      "goldSpent": 9320,
      "totalDamageDealt": 32048,
      "totalDamageTaken": 35708,
      "team": 200,
      "win": false,
      "neutralMinionsKilled": 2,
      "largestMultiKill": 1,
      "physicalDamageDealtPlayer": 9521,
      "magicDamageDealtPlayer": 16746,
      "physicalDamageTaken": 24200,
      "magicDamageTaken": 10846,
      "timePlayed": 2114,
      "totalHeal": 3674,
      "totalUnitsHealed": 5,
      "assists": 19,
      "item0": 2045,
      "item1": 3401,
      "item2": 3143,
      "item3": 3260,
      "item4": 1057,
      "item5": 1006,
      "item6": 3340,
      "sightWardsBought": 1,
      "magicDamageDealtToChampions": 7532,
      "physicalDamageDealtToChampions": 2578,
      "totalDamageDealtToChampions": 10111,
      "trueDamageDealtPlayer": 5780,
      "trueDamageTaken": 661,
      "wardPlaced": 21,
      "neutralMinionsKilledYourJungle": 2,
      "totalTimeCrowdControlDealt": 266
    }
  },
  "37735456": {
    "gameId": 825975861,
    "invalid": false,
    "gameMode": "CLASSIC",
    "gameType": "MATCHED_GAME",
    "subType": "RANKED_SOLO_5x5",
    "mapId": 1,
    "teamId": 100,
    "championId": 114,
    "spell1": 11,
    "spell2": 4,
    "level": 30,
    "ipEarned": 249,
    "createDate": 1399031430323,
    "fellowPlayers": [
      {
        "summonerId": 35095313,
        "teamId": 100,
        "championId": 55
      },
      {
        "summonerId": 39599259,
        "teamId": 100,
        "championId": 111
      },
      {
        "summonerId": 37363418,
        "teamId": 200,
        "championId": 92
      },
      {
        "summonerId": 21071209,
        "teamId": 200,
        "championId": 64
      },
      {
        "summonerId": 23658362,
        "teamId": 100,
        "championId": 62
      },
      {
        "summonerId": 27716061,
        "teamId": 200,
        "championId": 17
      },
      {
        "summonerId": 36904948,
        "teamId": 200,
        "championId": 81
      },
      {
        "summonerId": 38633381,
        "teamId": 200,
        "championId": 89
      },
      {
        "summonerId": 23826327,
        "teamId": 100,
        "championId": 222
      }
    ],
    "stats": {
      "level": 16,
      "goldEarned": 13810,
      "numDeaths": 9,
      "barracksKilled": 1,
      "turretsKilled": 1,
      "minionsKilled": 58,
      "championsKilled": 15,
      "goldSpent": 14817,
      "totalDamageDealt": 127543,
      "totalDamageTaken": 29798,
      "doubleKills": 2,
      "tripleKills": 1,
      "killingSprees": 4,
      "largestKillingSpree": 3,
      "team": 100,
      "win": true,
      "neutralMinionsKilled": 45,
      "largestMultiKill": 3,
      "physicalDamageDealtPlayer": 106789,
      "magicDamageDealtPlayer": 7806,
      "physicalDamageTaken": 20510,
      "magicDamageTaken": 8311,
      "largestCriticalStrike": 910,
      "timePlayed": 2114,
      "totalHeal": 1618,
      "totalUnitsHealed": 1,
      "assists": 8,
      "item0": 3074,
      "item1": 3142,
      "item2": 3072,
      "item3": 1038,
      "item4": 3006,
      "item5": 1018,
      "item6": 3340,
      "magicDamageDealtToChampions": 1801,
      "physicalDamageDealtToChampions": 23087,
      "totalDamageDealtToChampions": 25621,
      "trueDamageDealtPlayer": 12948,
      "trueDamageDealtToChampions": 732,
      "trueDamageTaken": 976,
      "wardKilled": 1,
      "wardPlaced": 10,
      "neutralMinionsKilledEnemyJungle": 6,
      "neutralMinionsKilledYourJungle": 39,
      "totalTimeCrowdControlDealt": 401
    }
  },
  "23826327": {
    "gameId": 825975861,
    "invalid": false,
    "gameMode": "CLASSIC",
    "gameType": "MATCHED_GAME",
    "subType": "RANKED_SOLO_5x5",
    "mapId": 1,
    "teamId": 100,
    "championId": 222,
    "spell1": 7,
    "spell2": 4,
    "level": 30,
    "ipEarned": 99,
    "createDate": 1399031430319,
    "fellowPlayers": [
      {
        "summonerId": 35095313,
        "teamId": 100,
        "championId": 55
      },
      {
        "summonerId": 39599259,
        "teamId": 100,
        "championId": 111
      },
      {
        "summonerId": 37363418,
        "teamId": 200,
        "championId": 92
      },
      {
        "summonerId": 21071209,
        "teamId": 200,
        "championId": 64
      },
      {
        "summonerId": 23658362,
        "teamId": 100,
        "championId": 62
      },
      {
        "summonerId": 27716061,
        "teamId": 200,
        "championId": 17
      },
      {
        "summonerId": 36904948,
        "teamId": 200,
        "championId": 81
      },
      {
        "summonerId": 38633381,
        "teamId": 200,
        "championId": 89
      },
      {
        "summonerId": 37735456,
        "teamId": 100,
        "championId": 114
      }
    ],
    "stats": {
      "level": 16,
      "goldEarned": 15998,
      "numDeaths": 6,
      "barracksKilled": 2,
      "turretsKilled": 5,
      "minionsKilled": 174,
      "championsKilled": 15,
      "goldSpent": 13810,
      "totalDamageDealt": 172859,
      "totalDamageTaken": 28516,
      "doubleKills": 5,
      "killingSprees": 5,
      "largestKillingSpree": 6,
      "team": 100,
      "win": true,
      "neutralMinionsKilled": 23,
      "largestMultiKill": 2,
      "physicalDamageDealtPlayer": 168035,
      "magicDamageDealtPlayer": 3080,
      "physicalDamageTaken": 19418,
      "magicDamageTaken": 8783,
      "largestCriticalStrike": 564,
      "timePlayed": 2114,
      "totalHeal": 3101,
      "totalUnitsHealed": 3,
      "assists": 12,
      "item0": 3072,
      "item1": 3046,
      "item2": 3250,
      "item3": 3035,
      "item4": 3102,
      "item5": 1037,
      "item6": 3340,
      "magicDamageDealtToChampions": 1559,
      "physicalDamageDealtToChampions": 28856,
      "totalDamageDealtToChampions": 31428,
      "trueDamageDealtPlayer": 1744,
      "trueDamageDealtToChampions": 1012,
      "trueDamageTaken": 314,
      "wardPlaced": 2,
      "neutralMinionsKilledEnemyJungle": 4,
      "neutralMinionsKilledYourJungle": 19,
      "totalTimeCrowdControlDealt": 412
    }
  },
  "21071209": {
    "gameId": 825975861,
    "invalid": false,
    "gameMode": "CLASSIC",
    "gameType": "MATCHED_GAME",
    "subType": "RANKED_SOLO_5x5",
    "mapId": 1,
    "teamId": 200,
    "championId": 64,
    "spell1": 4,
    "spell2": 11,
    "level": 30,
    "ipEarned": 65,
    "createDate": 1399031430327,
    "fellowPlayers": [
      {
        "summonerId": 35095313,
        "teamId": 100,
        "championId": 55
      },
      {
        "summonerId": 39599259,
        "teamId": 100,
        "championId": 111
      },
      {
        "summonerId": 37363418,
        "teamId": 200,
        "championId": 92
      },
      {
        "summonerId": 23658362,
        "teamId": 100,
        "championId": 62
      },
      {
        "summonerId": 27716061,
        "teamId": 200,
        "championId": 17
      },
      {
        "summonerId": 36904948,
        "teamId": 200,
        "championId": 81
      },
      {
        "summonerId": 38633381,
        "teamId": 200,
        "championId": 89
      },
      {
        "summonerId": 23826327,
        "teamId": 100,
        "championId": 222
      },
      {
        "summonerId": 37735456,
        "teamId": 100,
        "championId": 114
      }
    ],
    "stats": {
      "level": 14,
      "goldEarned": 8922,
      "numDeaths": 13,
      "minionsKilled": 48,
      "championsKilled": 3,
      "goldSpent": 9160,
      "totalDamageDealt": 84475,
      "totalDamageTaken": 35069,
      "killingSprees": 1,
      "largestKillingSpree": 2,
      "team": 200,
      "win": false,
      "neutralMinionsKilled": 53,
      "largestMultiKill": 1,
      "physicalDamageDealtPlayer": 58427,
      "magicDamageDealtPlayer": 18608,
      "physicalDamageTaken": 25924,
      "magicDamageTaken": 8630,
      "timePlayed": 2114,
      "totalHeal": 2081,
      "totalUnitsHealed": 1,
      "assists": 12,
      "item1": 3207,
      "item2": 3143,
      "item3": 3117,
      "item4": 3105,
      "item5": 1036,
      "item6": 3340,
      "sightWardsBought": 1,
      "magicDamageDealtToChampions": 2348,
      "physicalDamageDealtToChampions": 7322,
      "totalDamageDealtToChampions": 9878,
      "trueDamageDealtPlayer": 7440,
      "trueDamageDealtToChampions": 208,
      "trueDamageTaken": 514,
      "wardPlaced": 6,
      "neutralMinionsKilledEnemyJungle": 1,
      "neutralMinionsKilledYourJungle": 52,
      "totalTimeCrowdControlDealt": 935
    }
  },
  "36904948": {
    "gameId": 825975861,
    "invalid": false,
    "gameMode": "CLASSIC",
    "gameType": "MATCHED_GAME",
    "subType": "RANKED_SOLO_5x5",
    "mapId": 1,
    "teamId": 200,
    "championId": 81,
    "spell1": 4,
    "spell2": 7,
    "level": 30,
    "ipEarned": 65,
    "createDate": 1399031430326,
    "fellowPlayers": [
      {
        "summonerId": 35095313,
        "teamId": 100,
        "championId": 55
      },
      {
        "summonerId": 39599259,
        "teamId": 100,
        "championId": 111
      },
      {
        "summonerId": 37363418,
        "teamId": 200,
        "championId": 92
      },
      {
        "summonerId": 21071209,
        "teamId": 200,
        "championId": 64
      },
      {
        "summonerId": 23658362,
        "teamId": 100,
        "championId": 62
      },
      {
        "summonerId": 27716061,
        "teamId": 200,
        "championId": 17
      },
      {
        "summonerId": 38633381,
        "teamId": 200,
        "championId": 89
      },
      {
        "summonerId": 23826327,
        "teamId": 100,
        "championId": 222
      },
      {
        "summonerId": 37735456,
        "teamId": 100,
        "championId": 114
      }
    ],
    "stats": {
      "level": 14,
      "goldEarned": 10568,
      "numDeaths": 8,
      "turretsKilled": 1,
      "minionsKilled": 142,
      "championsKilled": 7,
      "goldSpent": 10120,
      "totalDamageDealt": 95701,
      "totalDamageTaken": 20278,
      "killingSprees": 2,
      "largestKillingSpree": 3,
      "team": 200,
      "win": false,
      "neutralMinionsKilled": 3,
      "largestMultiKill": 1,
      "physicalDamageDealtPlayer": 75783,
      "magicDamageDealtPlayer": 17542,
      "physicalDamageTaken": 13290,
      "magicDamageTaken": 6527,
      "timePlayed": 2114,
      "totalHeal": 3155,
      "totalUnitsHealed": 3,
      "assists": 9,
      "item0": 3042,
      "item1": 1055,
      "item2": 1055,
      "item3": 3006,
      "item4": 3072,
      "item5": 3025,
      "item6": 3340,
      "magicDamageDealtToChampions": 5903,
      "physicalDamageDealtToChampions": 14786,
      "totalDamageDealtToChampions": 21701,
      "trueDamageDealtPlayer": 2375,
      "trueDamageDealtToChampions": 1011,
      "trueDamageTaken": 460,
      "wardPlaced": 2,
      "neutralMinionsKilledYourJungle": 3,
      "totalTimeCrowdControlDealt": 406
    }
  },
  "37363418": {
    "gameId": 825975861,
    "invalid": false,
    "gameMode": "CLASSIC",
    "gameType": "MATCHED_GAME",
    "subType": "RANKED_SOLO_5x5",
    "mapId": 1,
    "teamId": 200,
    "championId": 92,
    "spell1": 14,
    "spell2": 4,
    "level": 30,
    "ipEarned": 65,
    "createDate": 1399031430328,
    "fellowPlayers": [
      {
        "summonerId": 35095313,
        "teamId": 100,
        "championId": 55
      },
      {
        "summonerId": 39599259,
        "teamId": 100,
        "championId": 111
      },
      {
        "summonerId": 21071209,
        "teamId": 200,
        "championId": 64
      },
      {
        "summonerId": 23658362,
        "teamId": 100,
        "championId": 62
      },
      {
        "summonerId": 27716061,
        "teamId": 200,
        "championId": 17
      },
      {
        "summonerId": 36904948,
        "teamId": 200,
        "championId": 81
      },
      {
        "summonerId": 38633381,
        "teamId": 200,
        "championId": 89
      },
      {
        "summonerId": 23826327,
        "teamId": 100,
        "championId": 222
      },
      {
        "summonerId": 37735456,
        "teamId": 100,
        "championId": 114
      }
    ],
    "stats": {
      "level": 16,
      "goldEarned": 13075,
      "numDeaths": 8,
      "minionsKilled": 196,
      "championsKilled": 11,
      "goldSpent": 12460,
      "totalDamageDealt": 128349,
      "totalDamageTaken": 26822,
      "doubleKills": 1,
      "killingSprees": 4,
      "largestKillingSpree": 4,
      "team": 200,
      "win": false,
      "neutralMinionsKilled": 12,
      "largestMultiKill": 2,
      "physicalDamageDealtPlayer": 125753,
      "magicDamageDealtPlayer": 1106,
      "physicalDamageTaken": 18368,
      "magicDamageTaken": 7845,
      "largestCriticalStrike": 521,
      "timePlayed": 2114,
      "totalHeal": 3227,
      "totalUnitsHealed": 1,
      "assists": 8,
      "item0": 3074,
      "item1": 3035,
      "item2": 3260,
      "item3": 1053,
      "item4": 3026,
      "item5": 1038,
      "item6": 3340,
      "sightWardsBought": 1,
      "magicDamageDealtToChampions": 632,
      "physicalDamageDealtToChampions": 22657,
      "totalDamageDealtToChampions": 24579,
      "trueDamageDealtPlayer": 1490,
      "trueDamageDealtToChampions": 1290,
      "trueDamageTaken": 608,
      "wardPlaced": 7,
      "neutralMinionsKilledYourJungle": 12,
      "totalTimeCrowdControlDealt": 138
    }
  }
}