{
  "31838176": {
    "gameId": 825976398,
    "invalid": false,
    "gameMode": "CLASSIC",
    "gameType": "MATCHED_GAME",
    "subType": "RANKED_SOLO_5x5",
    "mapId": 1,
    "teamId": 200,
    "championId": 11,
    "spell1": 4,
    "spell2": 11,
    "level": 30,
    "ipEarned": 101,
    "createDate": 1399031536698,
    "fellowPlayers": [
      {
        "summonerId": 30690636,
        "teamId": 200,
        "championId": 25
      },
      {
        "summonerId": 30573093,
        "teamId": 100,
        "championId": 15
      },
      {
        "summonerId": 34323051,
        "teamId": 100,
        "championId": 64
      },
      {
        "summonerId": 28536067,
        "teamId": 200,
        "championId": 119
      },
      {
        "summonerId": 37513035,
        "teamId": 100,
        "championId": 53
      },
      {
        "summonerId": 27039425,
        "teamId": 100,
        "championId": 45
      },
      {
        "summonerId": 32214612,
        "teamId": 100,
        "championId": 62
      },
      {
        "summonerId": 33526699,
        "teamId": 200,
        "championId": 17
      },
      {
        "summonerId": 25912165,
        "teamId": 200,
        "championId": 91
      }
    ],
    "stats": {
      "level": 18,
      "goldEarned": 18018,
      "numDeaths": 8,
      "turretsKilled": 2,
      "minionsKilled": 81,
      "championsKilled": 12,
      "goldSpent": 18683,
      "totalDamageDealt": 308747,
      "totalDamageTaken": 35788,
      "doubleKills": 2,
      "tripleKills": 1,
      "killingSprees": 3,
      "largestKillingSpree": 5,
      "team": 200,
      "win": true,
      "neutralMinionsKilled": 142,
      "largestMultiKill": 3,
      "physicalDamageDealtPlayer": 224380,
      "magicDamageDealtPlayer": 48301,
      "physicalDamageTaken": 31421,
      "magicDamageTaken": 3278,
      "largestCriticalStrike": 993,
      "timePlayed": 2194,
      "totalHeal": 10790,
      "totalUnitsHealed": 1,
      "assists": 14,
      "item0": 3142,
      "item1": 3153,
      "item2": 3078,
      "item3": 3031,
      "item4": 3035,
      "item5": 3006,
      "item6": 3340,
      "magicDamageDealtToChampions": 2340,
      "physicalDamageDealtToChampions": 20217,
      "totalDamageDealtToChampions": 27603,
      "trueDamageDealtPlayer": 36065,
      "trueDamageDealtToChampions": 5045,
      "trueDamageTaken": 1088,
      "wardPlaced": 5,
      "neutralMinionsKilledEnemyJungle": 36,
      "neutralMinionsKilledYourJungle": 106,
      "totalTimeCrowdControlDealt": 739
    }
  },
  "summonerCount": 10,
  "32214612": {
    "gameId": 825976398,
    "invalid": false,
    "gameMode": "CLASSIC",
    "gameType": "MATCHED_GAME",
    "subType": "RANKED_SOLO_5x5",
    "mapId": 1,
    "teamId": 100,
    "championId": 62,
    "spell1": 14,
    "spell2": 4,
    "level": 30,
    "ipEarned": 67,
    "createDate": 1399031536689,
    "fellowPlayers": [
      {
        "summonerId": 31838176,
        "teamId": 200,
        "championId": 11
      },
      {
        "summonerId": 30690636,
        "teamId": 200,
        "championId": 25
      },
      {
        "summonerId": 30573093,
        "teamId": 100,
        "championId": 15
      },
      {
        "summonerId": 34323051,
        "teamId": 100,
        "championId": 64
      },
      {
        "summonerId": 28536067,
        "teamId": 200,
        "championId": 119
      },
      {
        "summonerId": 37513035,
        "teamId": 100,
        "championId": 53
      },
      {
        "summonerId": 27039425,
        "teamId": 100,
        "championId": 45
      },
      {
        "summonerId": 33526699,
        "teamId": 200,
        "championId": 17
      },
      {
        "summonerId": 25912165,
        "teamId": 200,
        "championId": 91
      }
    ],
    "stats": {
      "level": 18,
      "goldEarned": 13836,
      "numDeaths": 9,
      "turretsKilled": 1,
      "minionsKilled": 171,
      "championsKilled": 14,
      "goldSpent": 12830,
      "totalDamageDealt": 120902,
      "totalDamageTaken": 31284,
      "doubleKills": 1,
      "killingSprees": 3,
      "largestKillingSpree": 4,
      "team": 100,
      "win": false,
      "neutralMinionsKilled": 5,
      "largestMultiKill": 2,
      "physicalDamageDealtPlayer": 117683,
      "magicDamageDealtPlayer": 712,
      "physicalDamageTaken": 18911,
      "magicDamageTaken": 9358,
      "timePlayed": 2194,
      "totalHeal": 1398,
      "totalUnitsHealed": 1,
      "assists": 7,
      "item0": 3071,
      "item1": 3074,
      "item2": 3111,
      "item3": 3026,
      "item4": 3035,
      "item6": 3340,
      "magicDamageDealtToChampions": 93,
      "physicalDamageDealtToChampions": 35432,
      "totalDamageDealtToChampions": 37389,
      "trueDamageDealtPlayer": 2506,
      "trueDamageDealtToChampions": 1864,
      "trueDamageTaken": 3014,
      "wardPlaced": 6,
      "neutralMinionsKilledEnemyJungle": 1,
      "neutralMinionsKilledYourJungle": 4,
      "totalTimeCrowdControlDealt": 167
    }
  },
  "30690636": {
    "gameId": 825976398,
    "invalid": false,
    "gameMode": "CLASSIC",
    "gameType": "MATCHED_GAME",
    "subType": "RANKED_SOLO_5x5",
    "mapId": 1,
    "teamId": 200,
    "championId": 25,
    "spell1": 4,
    "spell2": 7,
    "level": 30,
    "ipEarned": 101,
    "createDate": 1399031536700,
    "fellowPlayers": [
      {
        "summonerId": 31838176,
        "teamId": 200,
        "championId": 11
      },
      {
        "summonerId": 30573093,
        "teamId": 100,
        "championId": 15
      },
      {
        "summonerId": 34323051,
        "teamId": 100,
        "championId": 64
      },
      {
        "summonerId": 28536067,
        "teamId": 200,
        "championId": 119
      },
      {
        "summonerId": 37513035,
        "teamId": 100,
        "championId": 53
      },
      {
        "summonerId": 27039425,
        "teamId": 100,
        "championId": 45
      },
      {
        "summonerId": 32214612,
        "teamId": 100,
        "championId": 62
      },
      {
        "summonerId": 33526699,
        "teamId": 200,
        "championId": 17
      },
      {
        "summonerId": 25912165,
        "teamId": 200,
        "championId": 91
      }
    ],
    "stats": {
      "level": 18,
      "goldEarned": 13765,
      "numDeaths": 4,
      "minionsKilled": 71,
      "championsKilled": 11,
      "goldSpent": 11115,
      "totalDamageDealt": 70948,
      "totalDamageTaken": 22984,
      "doubleKills": 2,
      "killingSprees": 3,
      "largestKillingSpree": 6,
      "team": 200,
      "win": true,
      "neutralMinionsKilled": 1,
      "largestMultiKill": 2,
      "physicalDamageDealtPlayer": 9094,
      "magicDamageDealtPlayer": 61766,
      "physicalDamageTaken": 15119,
      "magicDamageTaken": 7865,
      "timePlayed": 2194,
      "totalHeal": 2850,
      "totalUnitsHealed": 2,
      "assists": 18,
      "item0": 1056,
      "item1": 3020,
      "item2": 3157,
      "item3": 3089,
      "item4": 3135,
      "item5": 1052,
      "item6": 3340,
      "sightWardsBought": 2,
      "magicDamageDealtToChampions": 33189,
      "physicalDamageDealtToChampions": 1204,
      "totalDamageDealtToChampions": 34482,
      "trueDamageDealtPlayer": 88,
      "trueDamageDealtToChampions": 88,
      "wardPlaced": 15,
      "neutralMinionsKilledEnemyJungle": 1,
      "totalTimeCrowdControlDealt": 214
    }
  },
  "30573093": {
    "gameId": 825976398,
    "invalid": false,
    "gameMode": "CLASSIC",
    "gameType": "MATCHED_GAME",
    "subType": "RANKED_SOLO_5x5",
    "mapId": 1,
    "teamId": 100,
    "championId": 15,
    "spell1": 7,
    "spell2": 4,
    "level": 30,
    "ipEarned": 67,
    "createDate": 1399031536692,
    "fellowPlayers": [
      {
        "summonerId": 31838176,
        "teamId": 200,
        "championId": 11
      },
      {
        "summonerId": 30690636,
        "teamId": 200,
        "championId": 25
      },
      {
        "summonerId": 34323051,
        "teamId": 100,
        "championId": 64
      },
      {
        "summonerId": 28536067,
        "teamId": 200,
        "championId": 119
      },
      {
        "summonerId": 37513035,
        "teamId": 100,
        "championId": 53
      },
      {
        "summonerId": 27039425,
        "teamId": 100,
        "championId": 45
      },
      {
        "summonerId": 32214612,
        "teamId": 100,
        "championId": 62
      },
      {
        "summonerId": 33526699,
        "teamId": 200,
        "championId": 17
      },
      {
        "summonerId": 25912165,
        "teamId": 200,
        "championId": 91
      }
    ],
    "stats": {
      "level": 16,
      "goldEarned": 11110,
      "numDeaths": 11,
      "turretsKilled": 1,
      "minionsKilled": 123,
      "championsKilled": 8,
      "goldSpent": 10150,
      "totalDamageDealt": 100911,
      "totalDamageTaken": 28007,
      "doubleKills": 1,
      "killingSprees": 2,
      "largestKillingSpree": 3,
      "team": 100,
      "win": false,
      "neutralMinionsKilled": 1,
      "largestMultiKill": 2,
      "physicalDamageDealtPlayer": 96050,
      "magicDamageDealtPlayer": 4788,
      "physicalDamageTaken": 13766,
      "magicDamageTaken": 13600,
      "largestCriticalStrike": 464,
      "timePlayed": 2194,
      "totalHeal": 2447,
      "totalUnitsHealed": 4,
      "assists": 9,
      "item0": 3072,
      "item1": 3087,
      "item2": 3153,
      "item3": 3006,
      "item6": 3340,
      "magicDamageDealtToChampions": 1076,
      "physicalDamageDealtToChampions": 19186,
      "totalDamageDealtToChampions": 20334,
      "trueDamageDealtPlayer": 72,
      "trueDamageDealtToChampions": 72,
      "trueDamageTaken": 640,
      "wardPlaced": 8,
      "neutralMinionsKilledYourJungle": 1,
      "totalTimeCrowdControlDealt": 42
    }
  },
  "25912165": {
    "gameId": 825976398,
    "invalid": false,
    "gameMode": "CLASSIC",
    "gameType": "MATCHED_GAME",
    "subType": "RANKED_SOLO_5x5",
    "mapId": 1,
    "teamId": 200,
    "championId": 91,
    "spell1": 14,
    "spell2": 4,
    "level": 30,
    "ipEarned": 101,
    "createDate": 1399031536697,
    "fellowPlayers": [
      {
        "summonerId": 31838176,
        "teamId": 200,
        "championId": 11
      },
      {
        "summonerId": 30690636,
        "teamId": 200,
        "championId": 25
      },
      {
        "summonerId": 30573093,
        "teamId": 100,
        "championId": 15
      },
      {
        "summonerId": 34323051,
        "teamId": 100,
        "championId": 64
      },
      {
        "summonerId": 28536067,
        "teamId": 200,
        "championId": 119
      },
      {
        "summonerId": 37513035,
        "teamId": 100,
        "championId": 53
      },
      {
        "summonerId": 27039425,
        "teamId": 100,
        "championId": 45
      },
      {
        "summonerId": 32214612,
        "teamId": 100,
        "championId": 62
      },
      {
        "summonerId": 33526699,
        "teamId": 200,
        "championId": 17
      }
    ],
    "stats": {
      "level": 18,
      "goldEarned": 14305,
      "numDeaths": 5,
      "minionsKilled": 173,
      "championsKilled": 12,
      "goldSpent": 15120,
      "totalDamageDealt": 136365,
      "totalDamageTaken": 28903,
      "doubleKills": 1,
      "killingSprees": 3,
      "largestKillingSpree": 4,
      "team": 200,
      "win": true,
      "neutralMinionsKilled": 15,
      "largestMultiKill": 2,
      "physicalDamageDealtPlayer": 134511,
      "physicalDamageTaken": 22489,
      "magicDamageTaken": 5573,
      "timePlayed": 2194,
      "totalHeal": 2446,
      "totalUnitsHealed": 1,
      "assists": 7,
      "item0": 3158,
      "item1": 3134,
      "item3": 3072,
      "item4": 3072,
      "item5": 3072,
      "item6": 3340,
      "physicalDamageDealtToChampions": 25639,
      "totalDamageDealtToChampions": 27493,
      "trueDamageDealtPlayer": 1854,
      "trueDamageDealtToChampions": 1854,
      "trueDamageTaken": 840,
      "wardPlaced": 7,
      "neutralMinionsKilledEnemyJungle": 1,
      "neutralMinionsKilledYourJungle": 14,
      "totalTimeCrowdControlDealt": 610
    }
  },
  "27039425": {
    "gameId": 825976398,
    "invalid": false,
    "gameMode": "CLASSIC",
    "gameType": "MATCHED_GAME",
    "subType": "RANKED_SOLO_5x5",
    "mapId": 1,
    "teamId": 100,
    "championId": 45,
    "spell1": 4,
    "spell2": 7,
    "level": 30,
    "ipEarned": 67,
    "createDate": 1399031536693,
    "fellowPlayers": [
      {
        "summonerId": 31838176,
        "teamId": 200,
        "championId": 11
      },
      {
        "summonerId": 30690636,
        "teamId": 200,
        "championId": 25
      },
      {
        "summonerId": 30573093,
        "teamId": 100,
        "championId": 15
      },
      {
        "summonerId": 34323051,
        "teamId": 100,
        "championId": 64
      },
      {
        "summonerId": 28536067,
        "teamId": 200,
        "championId": 119
      },
      {
        "summonerId": 37513035,
        "teamId": 100,
        "championId": 53
      },
      {
        "summonerId": 32214612,
        "teamId": 100,
        "championId": 62
      },
      {
        "summonerId": 33526699,
        "teamId": 200,
        "championId": 17
      },
      {
        "summonerId": 25912165,
        "teamId": 200,
        "championId": 91
      }
    ],
    "stats": {
      "level": 16,
      "goldEarned": 10484,
      "numDeaths": 12,
      "minionsKilled": 134,
      "championsKilled": 5,
      "goldSpent": 10115,
      "totalDamageDealt": 80504,
      "totalDamageTaken": 24820,
      "killingSprees": 1,
      "largestKillingSpree": 2,
      "team": 100,
      "win": false,
      "neutralMinionsKilled": 2,
      "largestMultiKill": 1,
      "physicalDamageDealtPlayer": 15098,
      "magicDamageDealtPlayer": 65405,
      "physicalDamageTaken": 16742,
      "magicDamageTaken": 6456,
      "timePlayed": 2194,
      "totalHeal": 3290,
      "totalUnitsHealed": 3,
      "assists": 8,
      "item0": 1056,
      "item1": 3157,
      "item2": 3070,
      "item3": 3020,
      "item4": 3089,
      "item5": 1026,
      "item6": 3340,
      "sightWardsBought": 1,
      "magicDamageDealtToChampions": 13267,
      "physicalDamageDealtToChampions": 1607,
      "totalDamageDealtToChampions": 14874,
      "trueDamageTaken": 1622,
      "wardPlaced": 9,
      "neutralMinionsKilledYourJungle": 2,
      "totalTimeCrowdControlDealt": 89
    }
  },
  "33526699": {
    "gameId": 825976398,
    "invalid": false,
    "gameMode": "CLASSIC",
    "gameType": "MATCHED_GAME",
    "subType": "RANKED_SOLO_5x5",
    "mapId": 1,
    "teamId": 200,
    "championId": 17,
    "spell1": 4,
    "spell2": 14,
    "level": 30,
    "ipEarned": 101,
    "createDate": 1399031536695,
    "fellowPlayers": [
      {
        "summonerId": 31838176,
        "teamId": 200,
        "championId": 11
      },
      {
        "summonerId": 30690636,
        "teamId": 200,
        "championId": 25
      },
      {
        "summonerId": 30573093,
        "teamId": 100,
        "championId": 15
      },
      {
        "summonerId": 34323051,
        "teamId": 100,
        "championId": 64
      },
      {
        "summonerId": 28536067,
        "teamId": 200,
        "championId": 119
      },
      {
        "summonerId": 37513035,
        "teamId": 100,
        "championId": 53
      },
      {
        "summonerId": 27039425,
        "teamId": 100,
        "championId": 45
      },
      {
        "summonerId": 32214612,
        "teamId": 100,
        "championId": 62
      },
      {
        "summonerId": 25912165,
        "teamId": 200,
        "championId": 91
      }
    ],
    "stats": {
      "level": 17,
      "goldEarned": 13627,
      "numDeaths": 10,
      "turretsKilled": 2,
      "minionsKilled": 138,
      "championsKilled": 9,
      "goldSpent": 11550,
      "totalDamageDealt": 91210,
      "totalDamageTaken": 25598,
      "killingSprees": 2,
      "largestKillingSpree": 3,
      "team": 200,
      "win": true,
      "largestMultiKill": 1,
      "physicalDamageDealtPlayer": 40451,
      "magicDamageDealtPlayer": 50220,
      "physicalDamageTaken": 18138,
      "magicDamageTaken": 7214,
      "timePlayed": 2194,
      "totalHeal": 1135,
      "totalUnitsHealed": 1,
      "assists": 13,
      "item0": 3089,
      "item1": 3151,
      "item2": 3020,
      "item3": 3115,
      "item4": 1026,
      "item6": 3340,
      "magicDamageDealtToChampions": 24016,
      "physicalDamageDealtToChampions": 3526,
      "totalDamageDealtToChampions": 27980,
      "trueDamageDealtPlayer": 537,
      "trueDamageDealtToChampions": 437,
      "trueDamageTaken": 246,
      "wardKilled": 1,
      "wardPlaced": 43,
      "totalTimeCrowdControlDealt": 256
    }
  },
  "37513035": {
    "gameId": 825976398,
    "invalid": false,
    "gameMode": "CLASSIC",
    "gameType": "MATCHED_GAME",
    "subType": "RANKED_SOLO_5x5",
    "mapId": 1,
    "teamId": 100,
    "championId": 53,
    "spell1": 7,
    "spell2": 4,
    "level": 30,
    "ipEarned": 67,
    "createDate": 1399031536691,
    "fellowPlayers": [
      {
        "summonerId": 31838176,
        "teamId": 200,
        "championId": 11
      },
      {
        "summonerId": 30690636,
        "teamId": 200,
        "championId": 25
      },
      {
        "summonerId": 30573093,
        "teamId": 100,
        "championId": 15
      },
      {
        "summonerId": 34323051,
        "teamId": 100,
        "championId": 64
      },
      {
        "summonerId": 28536067,
        "teamId": 200,
        "championId": 119
      },
      {
        "summonerId": 27039425,
        "teamId": 100,
        "championId": 45
      },
      {
        "summonerId": 32214612,
        "teamId": 100,
        "championId": 62
      },
      {
        "summonerId": 33526699,
        "teamId": 200,
        "championId": 17
      },
      {
        "summonerId": 25912165,
        "teamId": 200,
        "championId": 91
      }
    ],
    "stats": {
      "level": 14,
      "goldEarned": 8195,
      "numDeaths": 14,
      "turretsKilled": 1,
      "minionsKilled": 37,
      "goldSpent": 7890,
      "totalDamageDealt": 36846,
      "totalDamageTaken": 30963,
      "team": 100,
      "win": false,
      "physicalDamageDealtPlayer": 12062,
      "magicDamageDealtPlayer": 24784,
      "physicalDamageTaken": 16473,
      "magicDamageTaken": 13146,
      "timePlayed": 2194,
      "totalHeal": 3956,
      "totalUnitsHealed": 3,
      "assists": 13,
      "item0": 3069,
      "item1": 3004,
      "item2": 3024,
      "item4": 3117,
      "item5": 3057,
      "item6": 3340,
      "magicDamageDealtToChampions": 9375,
      "physicalDamageDealtToChampions": 4984,
      "totalDamageDealtToChampions": 14360,
      "trueDamageTaken": 1342,
      "wardPlaced": 7,
      "totalTimeCrowdControlDealt": 58
    }
  },
  "34323051": {
    "gameId": 825976398,
    "invalid": false,
    "gameMode": "CLASSIC",
    "gameType": "MATCHED_GAME",
    "subType": "RANKED_SOLO_5x5",
    "mapId": 1,
    "teamId": 100,
    "championId": 64,
    "spell1": 4,
    "spell2": 11,
    "level": 30,
    "ipEarned": 67,
    "createDate": 1399031536694,
    "fellowPlayers": [
      {
        "summonerId": 31838176,
        "teamId": 200,
        "championId": 11
      },
      {
        "summonerId": 30690636,
        "teamId": 200,
        "championId": 25
      },
      {
        "summonerId": 30573093,
        "teamId": 100,
        "championId": 15
      },
      {
        "summonerId": 28536067,
        "teamId": 200,
        "championId": 119
      },
      {
        "summonerId": 37513035,
        "teamId": 100,
        "championId": 53
      },
      {
        "summonerId": 27039425,
        "teamId": 100,
        "championId": 45
      },
      {
        "summonerId": 32214612,
        "teamId": 100,
        "championId": 62
      },
      {
        "summonerId": 33526699,
        "teamId": 200,
        "championId": 17
      },
      {
        "summonerId": 25912165,
        "teamId": 200,
        "championId": 91
      }
    ],
    "stats": {
      "level": 17,
      "goldEarned": 11291,
      "numDeaths": 10,
      "minionsKilled": 41,
      "championsKilled": 4,
      "goldSpent": 10925,
      "totalDamageDealt": 133512,
      "totalDamageTaken": 40017,
      "killingSprees": 1,
      "largestKillingSpree": 2,
      "team": 100,
      "win": false,
      "neutralMinionsKilled": 91,
      "largestMultiKill": 1,
      "physicalDamageDealtPlayer": 84432,
      "magicDamageDealtPlayer": 36429,
      "physicalDamageTaken": 22010,
      "magicDamageTaken": 17132,
      "timePlayed": 2194,
      "totalHeal": 6520,
      "totalUnitsHealed": 1,
      "assists": 15,
      "item0": 3074,
      "item1": 3160,
      "item2": 3260,
      "item3": 3071,
      "item5": 1011,
      "item6": 3340,
      "magicDamageDealtToChampions": 1539,
      "physicalDamageDealtToChampions": 9244,
      "totalDamageDealtToChampions": 11191,
      "trueDamageDealtPlayer": 12650,
      "trueDamageDealtToChampions": 408,
      "trueDamageTaken": 874,
      "wardPlaced": 8,
      "neutralMinionsKilledEnemyJungle": 4,
      "neutralMinionsKilledYourJungle": 87,
      "totalTimeCrowdControlDealt": 875
    }
  },
  "31838176": {
    "gameId": 825976398,
    "invalid": false,
    "gameMode": "CLASSIC",
    "gameType": "MATCHED_GAME",
    "subType": "RANKED_SOLO_5x5",
    "mapId": 1,
    "teamId": 200,
    "championId": 11,
    "spell1": 4,
    "spell2": 11,
    "level": 30,
    "ipEarned": 101,
    "createDate": 1399031536698,
    "fellowPlayers": [
      {
        "summonerId": 30690636,
        "teamId": 200,
        "championId": 25
      },
      {
        "summonerId": 30573093,
        "teamId": 100,
        "championId": 15
      },
      {
        "summonerId": 34323051,
        "teamId": 100,
        "championId": 64
      },
      {
        "summonerId": 28536067,
        "teamId": 200,
        "championId": 119
      },
      {
        "summonerId": 37513035,
        "teamId": 100,
        "championId": 53
      },
      {
        "summonerId": 27039425,
        "teamId": 100,
        "championId": 45
      },
      {
        "summonerId": 32214612,
        "teamId": 100,
        "championId": 62
      },
      {
        "summonerId": 33526699,
        "teamId": 200,
        "championId": 17
      },
      {
        "summonerId": 25912165,
        "teamId": 200,
        "championId": 91
      }
    ],
    "stats": {
      "level": 18,
      "goldEarned": 18018,
      "numDeaths": 8,
      "turretsKilled": 2,
      "minionsKilled": 81,
      "championsKilled": 12,
      "goldSpent": 18683,
      "totalDamageDealt": 308747,
      "totalDamageTaken": 35788,
      "doubleKills": 2,
      "tripleKills": 1,
      "killingSprees": 3,
      "largestKillingSpree": 5,
      "team": 200,
      "win": true,
      "neutralMinionsKilled": 142,
      "largestMultiKill": 3,
      "physicalDamageDealtPlayer": 224380,
      "magicDamageDealtPlayer": 48301,
      "physicalDamageTaken": 31421,
      "magicDamageTaken": 3278,
      "largestCriticalStrike": 993,
      "timePlayed": 2194,
      "totalHeal": 10790,
      "totalUnitsHealed": 1,
      "assists": 14,
      "item0": 3142,
      "item1": 3153,
      "item2": 3078,
      "item3": 3031,
      "item4": 3035,
      "item5": 3006,
      "item6": 3340,
      "magicDamageDealtToChampions": 2340,
      "physicalDamageDealtToChampions": 20217,
      "totalDamageDealtToChampions": 27603,
      "trueDamageDealtPlayer": 36065,
      "trueDamageDealtToChampions": 5045,
      "trueDamageTaken": 1088,
      "wardPlaced": 5,
      "neutralMinionsKilledEnemyJungle": 36,
      "neutralMinionsKilledYourJungle": 106,
      "totalTimeCrowdControlDealt": 739
    }
  }
}