{
  "29091770": {
    "gameId": 825976882,
    "invalid": false,
    "gameMode": "CLASSIC",
    "gameType": "MATCHED_GAME",
    "subType": "NORMAL",
    "mapId": 1,
    "teamId": 200,
    "championId": 121,
    "spell1": 11,
    "spell2": 4,
    "level": 30,
    "ipEarned": 103,
    "createDate": 1399031609176,
    "fellowPlayers": [
      {
        "summonerId": 19942840,
        "teamId": 200,
        "championId": 89
      },
      {
        "summonerId": 38600214,
        "teamId": 100,
        "championId": 102
      },
      {
        "summonerId": 31406497,
        "teamId": 100,
        "championId": 89
      },
      {
        "summonerId": 40375032,
        "teamId": 100,
        "championId": 58
      },
      {
        "summonerId": 23585448,
        "teamId": 100,
        "championId": 8
      },
      {
        "summonerId": 33744743,
        "teamId": 200,
        "championId": 110
      },
      {
        "summonerId": 31417170,
        "teamId": 200,
        "championId": 38
      },
      {
        "summonerId": 33404007,
        "teamId": 100,
        "championId": 67
      },
      {
        "summonerId": 36835539,
        "teamId": 200,
        "championId": 69
      }
    ],
    "stats": {
      "level": 18,
      "goldEarned": 15514,
      "numDeaths": 3,
      "turretsKilled": 1,
      "minionsKilled": 98,
      "championsKilled": 10,
      "goldSpent": 15010,
      "totalDamageDealt": 212835,
      "totalDamageTaken": 33420,
      "doubleKills": 1,
      "killingSprees": 2,
      "largestKillingSpree": 6,
      "team": 200,
      "win": true,
      "neutralMinionsKilled": 95,
      "largestMultiKill": 2,
      "physicalDamageDealtPlayer": 187045,
      "magicDamageDealtPlayer": 3410,
      "physicalDamageTaken": 24457,
      "magicDamageTaken": 7557,
      "timePlayed": 2254,
      "totalHeal": 13192,
      "totalUnitsHealed": 1,
      "assists": 14,
      "item0": 3209,
      "item1": 3265,
      "item2": 3071,
      "item3": 3072,
      "item4": 3026,
      "item5": 1037,
      "item6": 3340,
      "sightWardsBought": 4,
      "magicDamageDealtToChampions": 1696,
      "physicalDamageDealtToChampions": 16665,
      "totalDamageDealtToChampions": 20404,
      "trueDamageDealtPlayer": 22379,
      "trueDamageDealtToChampions": 2041,
      "trueDamageTaken": 1406,
      "wardPlaced": 9,
      "neutralMinionsKilledEnemyJungle": 18,
      "neutralMinionsKilledYourJungle": 77,
      "totalTimeCrowdControlDealt": 840
    }
  },
  "summonerCount": 10,
  "33404007": {
    "gameId": 825976882,
    "invalid": false,
    "gameMode": "CLASSIC",
    "gameType": "MATCHED_GAME",
    "subType": "NORMAL",
    "mapId": 1,
    "teamId": 100,
    "championId": 67,
    "spell1": 4,
    "spell2": 7,
    "level": 30,
    "ipEarned": 68,
    "createDate": 1399031609154,
    "fellowPlayers": [
      {
        "summonerId": 19942840,
        "teamId": 200,
        "championId": 89
      },
      {
        "summonerId": 38600214,
        "teamId": 100,
        "championId": 102
      },
      {
        "summonerId": 31406497,
        "teamId": 100,
        "championId": 89
      },
      {
        "summonerId": 40375032,
        "teamId": 100,
        "championId": 58
      },
      {
        "summonerId": 23585448,
        "teamId": 100,
        "championId": 8
      },
      {
        "summonerId": 29091770,
        "teamId": 200,
        "championId": 121
      },
      {
        "summonerId": 33744743,
        "teamId": 200,
        "championId": 110
      },
      {
        "summonerId": 31417170,
        "teamId": 200,
        "championId": 38
      },
      {
        "summonerId": 36835539,
        "teamId": 200,
        "championId": 69
      }
    ],
    "stats": {
      "level": 15,
      "goldEarned": 11878,
      "numDeaths": 14,
      "turretsKilled": 2,
      "minionsKilled": 156,
      "championsKilled": 7,
      "goldSpent": 11860,
      "totalDamageDealt": 95107,
      "totalDamageTaken": 29290,
      "team": 100,
      "win": false,
      "neutralMinionsKilled": 17,
      "largestMultiKill": 1,
      "physicalDamageDealtPlayer": 84419,
      "magicDamageDealtPlayer": 3298,
      "physicalDamageTaken": 15900,
      "magicDamageTaken": 13182,
      "largestCriticalStrike": 468,
      "timePlayed": 2254,
      "totalHeal": 3284,
      "totalUnitsHealed": 2,
      "assists": 4,
      "item0": 1018,
      "item1": 3153,
      "item2": 3250,
      "item3": 3046,
      "item4": 3035,
      "item5": 1037,
      "item6": 3340,
      "magicDamageDealtToChampions": 903,
      "physicalDamageDealtToChampions": 14468,
      "totalDamageDealtToChampions": 17641,
      "trueDamageDealtPlayer": 7388,
      "trueDamageDealtToChampions": 2269,
      "trueDamageTaken": 207,
      "wardPlaced": 4,
      "neutralMinionsKilledEnemyJungle": 1,
      "neutralMinionsKilledYourJungle": 16,
      "totalTimeCrowdControlDealt": 124
    }
  },
  "31417170": {
    "gameId": 825976882,
    "invalid": false,
    "gameMode": "CLASSIC",
    "gameType": "MATCHED_GAME",
    "subType": "NORMAL",
    "mapId": 1,
    "teamId": 200,
    "championId": 38,
    "spell1": 7,
    "spell2": 4,
    "level": 30,
    "ipEarned": 103,
    "createDate": 1399031609161,
    "fellowPlayers": [
      {
        "summonerId": 19942840,
        "teamId": 200,
        "championId": 89
      },
      {
        "summonerId": 38600214,
        "teamId": 100,
        "championId": 102
      },
      {
        "summonerId": 31406497,
        "teamId": 100,
        "championId": 89
      },
      {
        "summonerId": 40375032,
        "teamId": 100,
        "championId": 58
      },
      {
        "summonerId": 23585448,
        "teamId": 100,
        "championId": 8
      },
      {
        "summonerId": 29091770,
        "teamId": 200,
        "championId": 121
      },
      {
        "summonerId": 33744743,
        "teamId": 200,
        "championId": 110
      },
      {
        "summonerId": 33404007,
        "teamId": 100,
        "championId": 67
      },
      {
        "summonerId": 36835539,
        "teamId": 200,
        "championId": 69
      }
    ],
    "stats": {
      "level": 18,
      "goldEarned": 14375,
      "numDeaths": 5,
      "turretsKilled": 2,
      "minionsKilled": 135,
      "championsKilled": 16,
      "goldSpent": 12235,
      "totalDamageDealt": 123766,
      "totalDamageTaken": 24579,
      "doubleKills": 1,
      "killingSprees": 3,
      "largestKillingSpree": 9,
      "team": 200,
      "win": true,
      "neutralMinionsKilled": 15,
      "largestMultiKill": 2,
      "physicalDamageDealtPlayer": 28465,
      "magicDamageDealtPlayer": 94402,
      "physicalDamageTaken": 13754,
      "magicDamageTaken": 9834,
      "timePlayed": 2254,
      "totalHeal": 4516,
      "totalUnitsHealed": 4,
      "assists": 11,
      "item0": 3040,
      "item1": 3027,
      "item2": 3020,
      "item3": 3100,
      "item4": 1058,
      "item5": 1026,
      "item6": 3340,
      "magicDamageDealtToChampions": 24626,
      "physicalDamageDealtToChampions": 3904,
      "totalDamageDealtToChampions": 29084,
      "trueDamageDealtPlayer": 898,
      "trueDamageDealtToChampions": 554,
      "trueDamageTaken": 990,
      "wardPlaced": 5,
      "neutralMinionsKilledYourJungle": 15,
      "totalTimeCrowdControlDealt": 451
    }
  },
  "33744743": {
    "gameId": 825976882,
    "invalid": false,
    "gameMode": "CLASSIC",
    "gameType": "MATCHED_GAME",
    "subType": "NORMAL",
    "mapId": 1,
    "teamId": 200,
    "championId": 110,
    "spell1": 7,
    "spell2": 4,
    "level": 30,
    "ipEarned": 253,
    "createDate": 1399031609178,
    "fellowPlayers": [
      {
        "summonerId": 19942840,
        "teamId": 200,
        "championId": 89
      },
      {
        "summonerId": 38600214,
        "teamId": 100,
        "championId": 102
      },
      {
        "summonerId": 31406497,
        "teamId": 100,
        "championId": 89
      },
      {
        "summonerId": 40375032,
        "teamId": 100,
        "championId": 58
      },
      {
        "summonerId": 23585448,
        "teamId": 100,
        "championId": 8
      },
      {
        "summonerId": 29091770,
        "teamId": 200,
        "championId": 121
      },
      {
        "summonerId": 31417170,
        "teamId": 200,
        "championId": 38
      },
      {
        "summonerId": 33404007,
        "teamId": 100,
        "championId": 67
      },
      {
        "summonerId": 36835539,
        "teamId": 200,
        "championId": 69
      }
    ],
    "stats": {
      "level": 18,
      "goldEarned": 15534,
      "numDeaths": 8,
      "turretsKilled": 1,
      "minionsKilled": 212,
      "championsKilled": 10,
      "goldSpent": 14230,
      "totalDamageDealt": 195666,
      "totalDamageTaken": 30426,
      "doubleKills": 1,
      "killingSprees": 2,
      "largestKillingSpree": 5,
      "team": 200,
      "win": true,
      "neutralMinionsKilled": 27,
      "largestMultiKill": 2,
      "physicalDamageDealtPlayer": 181464,
      "magicDamageDealtPlayer": 13854,
      "physicalDamageTaken": 16025,
      "magicDamageTaken": 12720,
      "largestCriticalStrike": 865,
      "timePlayed": 2254,
      "totalHeal": 4957,
      "totalUnitsHealed": 3,
      "assists": 15,
      "item0": 3046,
      "item1": 3072,
      "item2": 3035,
      "item3": 3250,
      "item4": 3031,
      "item6": 3340,
      "magicDamageDealtToChampions": 5954,
      "physicalDamageDealtToChampions": 32564,
      "totalDamageDealtToChampions": 38662,
      "trueDamageDealtPlayer": 348,
      "trueDamageDealtToChampions": 144,
      "trueDamageTaken": 1681,
      "wardPlaced": 9,
      "neutralMinionsKilledEnemyJungle": 10,
      "neutralMinionsKilledYourJungle": 17,
      "totalTimeCrowdControlDealt": 284
    }
  },
  "31406497": {
    "gameId": 825976882,
    "invalid": false,
    "gameMode": "CLASSIC",
    "gameType": "MATCHED_GAME",
    "subType": "NORMAL",
    "mapId": 1,
    "teamId": 100,
    "championId": 89,
    "spell1": 7,
    "spell2": 4,
    "level": 30,
    "ipEarned": 68,
    "createDate": 1399031609160,
    "fellowPlayers": [
      {
        "summonerId": 19942840,
        "teamId": 200,
        "championId": 89
      },
      {
        "summonerId": 38600214,
        "teamId": 100,
        "championId": 102
      },
      {
        "summonerId": 40375032,
        "teamId": 100,
        "championId": 58
      },
      {
        "summonerId": 23585448,
        "teamId": 100,
        "championId": 8
      },
      {
        "summonerId": 29091770,
        "teamId": 200,
        "championId": 121
      },
      {
        "summonerId": 33744743,
        "teamId": 200,
        "championId": 110
      },
      {
        "summonerId": 31417170,
        "teamId": 200,
        "championId": 38
      },
      {
        "summonerId": 33404007,
        "teamId": 100,
        "championId": 67
      },
      {
        "summonerId": 36835539,
        "teamId": 200,
        "championId": 69
      }
    ],
    "stats": {
      "level": 15,
      "goldEarned": 8704,
      "numDeaths": 10,
      "minionsKilled": 36,
      "championsKilled": 1,
      "goldSpent": 9060,
      "totalDamageDealt": 45566,
      "totalDamageTaken": 29990,
      "team": 100,
      "win": false,
      "neutralMinionsKilled": 4,
      "largestMultiKill": 1,
      "physicalDamageDealtPlayer": 15168,
      "magicDamageDealtPlayer": 26577,
      "physicalDamageTaken": 17499,
      "magicDamageTaken": 11697,
      "largestCriticalStrike": 136,
      "timePlayed": 2254,
      "totalHeal": 5552,
      "totalUnitsHealed": 4,
      "assists": 12,
      "item0": 3401,
      "item1": 3102,
      "item3": 3047,
      "item4": 1054,
      "item6": 3340,
      "sightWardsBought": 1,
      "magicDamageDealtToChampions": 6915,
      "physicalDamageDealtToChampions": 4146,
      "totalDamageDealtToChampions": 11061,
      "trueDamageDealtPlayer": 3820,
      "trueDamageTaken": 794,
      "wardPlaced": 8,
      "neutralMinionsKilledYourJungle": 4,
      "totalTimeCrowdControlDealt": 92
    }
  },
  "38600214": {
    "gameId": 825976882,
    "invalid": false,
    "gameMode": "CLASSIC",
    "gameType": "MATCHED_GAME",
    "subType": "NORMAL",
    "mapId": 1,
    "teamId": 100,
    "championId": 102,
    "spell1": 4,
    "spell2": 11,
    "level": 30,
    "ipEarned": 68,
    "createDate": 1399031609157,
    "fellowPlayers": [
      {
        "summonerId": 19942840,
        "teamId": 200,
        "championId": 89
      },
      {
        "summonerId": 31406497,
        "teamId": 100,
        "championId": 89
      },
      {
        "summonerId": 40375032,
        "teamId": 100,
        "championId": 58
      },
      {
        "summonerId": 23585448,
        "teamId": 100,
        "championId": 8
      },
      {
        "summonerId": 29091770,
        "teamId": 200,
        "championId": 121
      },
      {
        "summonerId": 33744743,
        "teamId": 200,
        "championId": 110
      },
      {
        "summonerId": 31417170,
        "teamId": 200,
        "championId": 38
      },
      {
        "summonerId": 33404007,
        "teamId": 100,
        "championId": 67
      },
      {
        "summonerId": 36835539,
        "teamId": 200,
        "championId": 69
      }
    ],
    "stats": {
      "level": 18,
      "goldEarned": 16822,
      "numDeaths": 7,
      "minionsKilled": 118,
      "championsKilled": 12,
      "goldSpent": 15320,
      "totalDamageDealt": 309577,
      "totalDamageTaken": 44982,
      "doubleKills": 2,
      "killingSprees": 4,
      "largestKillingSpree": 5,
      "team": 100,
      "win": false,
      "neutralMinionsKilled": 165,
      "largestMultiKill": 2,
      "physicalDamageDealtPlayer": 82516,
      "magicDamageDealtPlayer": 201224,
      "physicalDamageTaken": 34286,
      "magicDamageTaken": 10214,
      "timePlayed": 2254,
      "totalHeal": 12252,
      "totalUnitsHealed": 1,
      "assists": 3,
      "item0": 3160,
      "item1": 3153,
      "item2": 3143,
      "item3": 3265,
      "item4": 3102,
      "item5": 3068,
      "item6": 3340,
      "magicDamageDealtToChampions": 19978,
      "physicalDamageDealtToChampions": 13188,
      "totalDamageDealtToChampions": 35254,
      "trueDamageDealtPlayer": 25838,
      "trueDamageDealtToChampions": 2088,
      "trueDamageTaken": 481,
      "wardPlaced": 11,
      "neutralMinionsKilledEnemyJungle": 10,
      "neutralMinionsKilledYourJungle": 155,
      "totalTimeCrowdControlDealt": 986
    }
  },
  "40375032": {
    "gameId": 825976882,
    "invalid": false,
    "gameMode": "CLASSIC",
    "gameType": "MATCHED_GAME",
    "subType": "NORMAL",
    "mapId": 1,
    "teamId": 100,
    "championId": 58,
    "spell1": 4,
    "spell2": 14,
    "level": 30,
    "ipEarned": 68,
    "createDate": 1399031609159,
    "fellowPlayers": [
      {
        "summonerId": 19942840,
        "teamId": 200,
        "championId": 89
      },
      {
        "summonerId": 38600214,
        "teamId": 100,
        "championId": 102
      },
      {
        "summonerId": 31406497,
        "teamId": 100,
        "championId": 89
      },
      {
        "summonerId": 23585448,
        "teamId": 100,
        "championId": 8
      },
      {
        "summonerId": 29091770,
        "teamId": 200,
        "championId": 121
      },
      {
        "summonerId": 33744743,
        "teamId": 200,
        "championId": 110
      },
      {
        "summonerId": 31417170,
        "teamId": 200,
        "championId": 38
      },
      {
        "summonerId": 33404007,
        "teamId": 100,
        "championId": 67
      },
      {
        "summonerId": 36835539,
        "teamId": 200,
        "championId": 69
      }
    ],
    "stats": {
      "level": 15,
      "goldEarned": 9545,
      "numDeaths": 3,
      "turretsKilled": 1,
      "minionsKilled": 124,
      "championsKilled": 5,
      "goldSpent": 8470,
      "totalDamageDealt": 76085,
      "totalDamageTaken": 27343,
      "killingSprees": 2,
      "largestKillingSpree": 2,
      "team": 100,
      "win": false,
      "largestMultiKill": 1,
      "physicalDamageDealtPlayer": 69533,
      "magicDamageDealtPlayer": 5507,
      "physicalDamageTaken": 16473,
      "magicDamageTaken": 9599,
      "timePlayed": 2254,
      "totalHeal": 4097,
      "totalUnitsHealed": 1,
      "assists": 5,
      "item0": 1055,
      "item1": 3065,
      "item2": 3068,
      "item3": 1053,
      "item4": 1037,
      "item5": 1036,
      "item6": 3340,
      "magicDamageDealtToChampions": 2567,
      "physicalDamageDealtToChampions": 11285,
      "totalDamageDealtToChampions": 14897,
      "trueDamageDealtPlayer": 1044,
      "trueDamageDealtToChampions": 1044,
      "trueDamageTaken": 1269,
      "wardPlaced": 7,
      "totalTimeCrowdControlDealt": 23
    }
  },
  "19942840": {
    "gameId": 825976882,
    "invalid": false,
    "gameMode": "CLASSIC",
    "gameType": "MATCHED_GAME",
    "subType": "NORMAL",
    "mapId": 1,
    "teamId": 200,
    "championId": 89,
    "spell1": 4,
    "spell2": 3,
    "level": 30,
    "ipEarned": 253,
    "createDate": 1399031609179,
    "fellowPlayers": [
      {
        "summonerId": 38600214,
        "teamId": 100,
        "championId": 102
      },
      {
        "summonerId": 31406497,
        "teamId": 100,
        "championId": 89
      },
      {
        "summonerId": 40375032,
        "teamId": 100,
        "championId": 58
      },
      {
        "summonerId": 23585448,
        "teamId": 100,
        "championId": 8
      },
      {
        "summonerId": 29091770,
        "teamId": 200,
        "championId": 121
      },
      {
        "summonerId": 33744743,
        "teamId": 200,
        "championId": 110
      },
      {
        "summonerId": 31417170,
        "teamId": 200,
        "championId": 38
      },
      {
        "summonerId": 33404007,
        "teamId": 100,
        "championId": 67
      },
      {
        "summonerId": 36835539,
        "teamId": 200,
        "championId": 69
      }
    ],
    "stats": {
      "level": 16,
      "goldEarned": 10433,
      "numDeaths": 7,
      "minionsKilled": 43,
      "championsKilled": 5,
      "goldSpent": 9585,
      "totalDamageDealt": 51356,
      "totalDamageTaken": 28807,
      "killingSprees": 1,
      "largestKillingSpree": 4,
      "team": 200,
      "win": true,
      "neutralMinionsKilled": 1,
      "largestMultiKill": 1,
      "physicalDamageDealtPlayer": 19290,
      "magicDamageDealtPlayer": 32066,
      "physicalDamageTaken": 18734,
      "magicDamageTaken": 8554,
      "timePlayed": 2254,
      "totalHeal": 1782,
      "totalUnitsHealed": 1,
      "assists": 15,
      "item0": 2045,
      "item1": 3190,
      "item2": 1011,
      "item3": 3102,
      "item4": 3009,
      "item6": 3340,
      "sightWardsBought": 3,
      "magicDamageDealtToChampions": 6867,
      "physicalDamageDealtToChampions": 5021,
      "totalDamageDealtToChampions": 11888,
      "trueDamageTaken": 1517,
      "wardPlaced": 15,
      "neutralMinionsKilledYourJungle": 1,
      "totalTimeCrowdControlDealt": 114
    }
  },
  "23585448": {
    "gameId": 825976882,
    "invalid": false,
    "gameMode": "CLASSIC",
    "gameType": "MATCHED_GAME",
    "subType": "NORMAL",
    "mapId": 1,
    "teamId": 100,
    "championId": 8,
    "spell1": 4,
    "spell2": 14,
    "level": 30,
    "ipEarned": 68,
    "createDate": 1399031609155,
    "fellowPlayers": [
      {
        "summonerId": 19942840,
        "teamId": 200,
        "championId": 89
      },
      {
        "summonerId": 38600214,
        "teamId": 100,
        "championId": 102
      },
      {
        "summonerId": 31406497,
        "teamId": 100,
        "championId": 89
      },
      {
        "summonerId": 40375032,
        "teamId": 100,
        "championId": 58
      },
      {
        "summonerId": 29091770,
        "teamId": 200,
        "championId": 121
      },
      {
        "summonerId": 33744743,
        "teamId": 200,
        "championId": 110
      },
      {
        "summonerId": 31417170,
        "teamId": 200,
        "championId": 38
      },
      {
        "summonerId": 33404007,
        "teamId": 100,
        "championId": 67
      },
      {
        "summonerId": 36835539,
        "teamId": 200,
        "championId": 69
      }
    ],
    "stats": {
      "level": 17,
      "goldEarned": 12345,
      "numDeaths": 12,
      "turretsKilled": 1,
      "minionsKilled": 199,
      "championsKilled": 4,
      "goldSpent": 10820,
      "totalDamageDealt": 147100,
      "totalDamageTaken": 30561,
      "team": 100,
      "win": false,
      "neutralMinionsKilled": 17,
      "largestMultiKill": 1,
      "physicalDamageDealtPlayer": 13934,
      "magicDamageDealtPlayer": 132185,
      "physicalDamageTaken": 15587,
      "magicDamageTaken": 14401,
      "timePlayed": 2254,
      "totalHeal": 8300,
      "totalUnitsHealed": 1,
      "assists": 9,
      "item0": 3255,
      "item1": 3152,
      "item2": 1029,
      "item3": 3116,
      "item4": 3089,
      "item6": 3340,
      "magicDamageDealtToChampions": 14056,
      "physicalDamageDealtToChampions": 462,
      "totalDamageDealtToChampions": 15077,
      "trueDamageDealtPlayer": 980,
      "trueDamageDealtToChampions": 558,
      "trueDamageTaken": 572,
      "wardPlaced": 10,
      "neutralMinionsKilledEnemyJungle": 4,
      "neutralMinionsKilledYourJungle": 13,
      "totalTimeCrowdControlDealt": 461
    }
  },
  "36835539": {
    "gameId": 825976882,
    "invalid": false,
    "gameMode": "CLASSIC",
    "gameType": "MATCHED_GAME",
    "subType": "NORMAL",
    "mapId": 1,
    "teamId": 200,
    "championId": 69,
    "spell1": 4,
    "spell2": 12,
    "level": 30,
    "ipEarned": 103,
    "createDate": 1399031609175,
    "fellowPlayers": [
      {
        "summonerId": 19942840,
        "teamId": 200,
        "championId": 89
      },
      {
        "summonerId": 38600214,
        "teamId": 100,
        "championId": 102
      },
      {
        "summonerId": 31406497,
        "teamId": 100,
        "championId": 89
      },
      {
        "summonerId": 40375032,
        "teamId": 100,
        "championId": 58
      },
      {
        "summonerId": 23585448,
        "teamId": 100,
        "championId": 8
      },
      {
        "summonerId": 29091770,
        "teamId": 200,
        "championId": 121
      },
      {
        "summonerId": 33744743,
        "teamId": 200,
        "championId": 110
      },
      {
        "summonerId": 31417170,
        "teamId": 200,
        "championId": 38
      },
      {
        "summonerId": 33404007,
        "teamId": 100,
        "championId": 67
      }
    ],
    "stats": {
      "level": 17,
      "goldEarned": 12148,
      "numDeaths": 7,
      "turretsKilled": 1,
      "minionsKilled": 141,
      "championsKilled": 5,
      "goldSpent": 11885,
      "totalDamageDealt": 125766,
      "totalDamageTaken": 18652,
      "killingSprees": 2,
      "largestKillingSpree": 2,
      "team": 200,
      "win": true,
      "neutralMinionsKilled": 17,
      "largestMultiKill": 1,
      "physicalDamageDealtPlayer": 18120,
      "magicDamageDealtPlayer": 107555,
      "physicalDamageTaken": 12097,
      "magicDamageTaken": 5754,
      "timePlayed": 2254,
      "totalHeal": 810,
      "totalUnitsHealed": 1,
      "assists": 13,
      "item0": 3020,
      "item1": 3040,
      "item2": 3116,
      "item3": 3089,
      "item4": 1052,
      "item6": 3340,
      "sightWardsBought": 1,
      "magicDamageDealtToChampions": 19950,
      "physicalDamageDealtToChampions": 1614,
      "totalDamageDealtToChampions": 21624,
      "trueDamageDealtPlayer": 90,
      "trueDamageDealtToChampions": 60,
      "trueDamageTaken": 799,
      "wardPlaced": 8,
      "neutralMinionsKilledYourJungle": 17,
      "totalTimeCrowdControlDealt": 5728
    }
  }
}