{
  "21739218": {
    "gameId": 825976527,
    "invalid": false,
    "gameMode": "CLASSIC",
    "gameType": "MATCHED_GAME",
    "subType": "RANKED_SOLO_5x5",
    "mapId": 1,
    "teamId": 100,
    "championId": 157,
    "spell1": 4,
    "spell2": 14,
    "level": 30,
    "ipEarned": 226,
    "createDate": 1399031040946,
    "fellowPlayers": [
      {
        "summonerId": 30063667,
        "teamId": 200,
        "championId": 84
      },
      {
        "summonerId": 26825077,
        "teamId": 100,
        "championId": 236
      },
      {
        "summonerId": 24984955,
        "teamId": 100,
        "championId": 127
      },
      {
        "summonerId": 22470764,
        "teamId": 200,
        "championId": 51
      },
      {
        "summonerId": 25184384,
        "teamId": 100,
        "championId": 102
      },
      {
        "summonerId": 19587644,
        "teamId": 200,
        "championId": 13
      },
      {
        "summonerId": 26387644,
        "teamId": 100,
        "championId": 89
      },
      {
        "summonerId": 30710468,
        "teamId": 200,
        "championId": 412
      },
      {
        "summonerId": 35643694,
        "teamId": 200,
        "championId": 19
      }
    ],
    "stats": {
      "level": 15,
      "goldEarned": 11744,
      "numDeaths": 5,
      "barracksKilled": 1,
      "turretsKilled": 6,
      "minionsKilled": 135,
      "championsKilled": 10,
      "goldSpent": 11715,
      "totalDamageDealt": 111460,
      "totalDamageTaken": 16273,
      "doubleKills": 1,
      "killingSprees": 4,
      "largestKillingSpree": 4,
      "team": 100,
      "win": true,
      "neutralMinionsKilled": 18,
      "largestMultiKill": 2,
      "physicalDamageDealtPlayer": 88195,
      "magicDamageDealtPlayer": 22660,
      "physicalDamageTaken": 7562,
      "magicDamageTaken": 7913,
      "largestCriticalStrike": 581,
      "timePlayed": 1493,
      "totalHeal": 1109,
      "totalUnitsHealed": 1,
      "assists": 8,
      "item0": 3087,
      "item1": 1053,
      "item2": 3035,
      "item3": 3111,
      "item4": 3031,
      "item6": 3340,
      "sightWardsBought": 2,
      "magicDamageDealtToChampions": 3617,
      "physicalDamageDealtToChampions": 15304,
      "totalDamageDealtToChampions": 19490,
      "trueDamageDealtPlayer": 604,
      "trueDamageDealtToChampions": 568,
      "trueDamageTaken": 797,
      "wardPlaced": 9,
      "neutralMinionsKilledEnemyJungle": 7,
      "neutralMinionsKilledYourJungle": 11,
      "totalTimeCrowdControlDealt": 112
    }
  },
  "summonerCount": 10,
  "19587644": {
    "gameId": 825976527,
    "invalid": false,
    "gameMode": "CLASSIC",
    "gameType": "MATCHED_GAME",
    "subType": "RANKED_SOLO_5x5",
    "mapId": 1,
    "teamId": 200,
    "championId": 13,
    "spell1": 4,
    "spell2": 14,
    "level": 30,
    "ipEarned": 51,
    "createDate": 1399031040953,
    "fellowPlayers": [
      {
        "summonerId": 30063667,
        "teamId": 200,
        "championId": 84
      },
      {
        "summonerId": 26825077,
        "teamId": 100,
        "championId": 236
      },
      {
        "summonerId": 24984955,
        "teamId": 100,
        "championId": 127
      },
      {
        "summonerId": 22470764,
        "teamId": 200,
        "championId": 51
      },
      {
        "summonerId": 25184384,
        "teamId": 100,
        "championId": 102
      },
      {
        "summonerId": 26387644,
        "teamId": 100,
        "championId": 89
      },
      {
        "summonerId": 21739218,
        "teamId": 100,
        "championId": 157
      },
      {
        "summonerId": 30710468,
        "teamId": 200,
        "championId": 412
      },
      {
        "summonerId": 35643694,
        "teamId": 200,
        "championId": 19
      }
    ],
    "stats": {
      "level": 13,
      "goldEarned": 7717,
      "numDeaths": 10,
      "minionsKilled": 96,
      "championsKilled": 6,
      "goldSpent": 6335,
      "totalDamageDealt": 66800,
      "totalDamageTaken": 22846,
      "killingSprees": 2,
      "largestKillingSpree": 2,
      "team": 200,
      "win": false,
      "neutralMinionsKilled": 6,
      "largestMultiKill": 1,
      "physicalDamageDealtPlayer": 9927,
      "magicDamageDealtPlayer": 56572,
      "physicalDamageTaken": 13216,
      "magicDamageTaken": 9354,
      "timePlayed": 1493,
      "totalHeal": 238,
      "totalUnitsHealed": 1,
      "assists": 1,
      "item0": 3070,
      "item1": 3027,
      "item2": 3024,
      "item3": 3020,
      "item4": 1027,
      "item6": 3340,
      "magicDamageDealtToChampions": 18193,
      "physicalDamageDealtToChampions": 881,
      "totalDamageDealtToChampions": 19374,
      "trueDamageDealtPlayer": 300,
      "trueDamageDealtToChampions": 300,
      "trueDamageTaken": 276,
      "wardKilled": 1,
      "wardPlaced": 1,
      "neutralMinionsKilledYourJungle": 6,
      "totalTimeCrowdControlDealt": 27
    }
  },
  "35643694": {
    "gameId": 825976527,
    "invalid": false,
    "gameMode": "CLASSIC",
    "gameType": "MATCHED_GAME",
    "subType": "RANKED_SOLO_5x5",
    "mapId": 1,
    "teamId": 200,
    "championId": 19,
    "spell1": 11,
    "spell2": 4,
    "level": 30,
    "ipEarned": 0,
    "createDate": 1399031040951,
    "fellowPlayers": [
      {
        "summonerId": 30063667,
        "teamId": 200,
        "championId": 84
      },
      {
        "summonerId": 26825077,
        "teamId": 100,
        "championId": 236
      },
      {
        "summonerId": 24984955,
        "teamId": 100,
        "championId": 127
      },
      {
        "summonerId": 22470764,
        "teamId": 200,
        "championId": 51
      },
      {
        "summonerId": 25184384,
        "teamId": 100,
        "championId": 102
      },
      {
        "summonerId": 19587644,
        "teamId": 200,
        "championId": 13
      },
      {
        "summonerId": 26387644,
        "teamId": 100,
        "championId": 89
      },
      {
        "summonerId": 21739218,
        "teamId": 100,
        "championId": 157
      },
      {
        "summonerId": 30710468,
        "teamId": 200,
        "championId": 412
      }
    ],
    "stats": {
      "level": 6,
      "goldEarned": 3731,
      "numDeaths": 3,
      "goldSpent": 1685,
      "totalDamageDealt": 18984,
      "totalDamageTaken": 5955,
      "team": 200,
      "win": false,
      "neutralMinionsKilled": 18,
      "physicalDamageDealtPlayer": 10034,
      "magicDamageDealtPlayer": 6810,
      "physicalDamageTaken": 5095,
      "magicDamageTaken": 759,
      "timePlayed": 1493,
      "totalHeal": 2431,
      "totalUnitsHealed": 1,
      "item0": 3106,
      "item1": 2003,
      "item2": 1042,
      "item3": 1036,
      "item6": 3340,
      "magicDamageDealtToChampions": 5,
      "physicalDamageDealtToChampions": 164,
      "totalDamageDealtToChampions": 169,
      "trueDamageDealtPlayer": 2140,
      "trueDamageTaken": 100,
      "wardPlaced": 1,
      "neutralMinionsKilledEnemyJungle": 2,
      "neutralMinionsKilledYourJungle": 16
    }
  },
  "30710468": {
    "gameId": 825976527,
    "invalid": false,
    "gameMode": "CLASSIC",
    "gameType": "MATCHED_GAME",
    "subType": "RANKED_SOLO_5x5",
    "mapId": 1,
    "teamId": 200,
    "championId": 412,
    "spell1": 4,
    "spell2": 14,
    "level": 30,
    "ipEarned": 51,
    "createDate": 1399031040955,
    "fellowPlayers": [
      {
        "summonerId": 30063667,
        "teamId": 200,
        "championId": 84
      },
      {
        "summonerId": 26825077,
        "teamId": 100,
        "championId": 236
      },
      {
        "summonerId": 24984955,
        "teamId": 100,
        "championId": 127
      },
      {
        "summonerId": 22470764,
        "teamId": 200,
        "championId": 51
      },
      {
        "summonerId": 25184384,
        "teamId": 100,
        "championId": 102
      },
      {
        "summonerId": 19587644,
        "teamId": 200,
        "championId": 13
      },
      {
        "summonerId": 26387644,
        "teamId": 100,
        "championId": 89
      },
      {
        "summonerId": 21739218,
        "teamId": 100,
        "championId": 157
      },
      {
        "summonerId": 35643694,
        "teamId": 200,
        "championId": 19
      }
    ],
    "stats": {
      "level": 11,
      "goldEarned": 6070,
      "numDeaths": 8,
      "minionsKilled": 14,
      "championsKilled": 4,
      "goldSpent": 4900,
      "totalDamageDealt": 16309,
      "totalDamageTaken": 19602,
      "killingSprees": 1,
      "largestKillingSpree": 2,
      "team": 200,
      "win": false,
      "largestMultiKill": 1,
      "physicalDamageDealtPlayer": 5772,
      "magicDamageDealtPlayer": 9699,
      "physicalDamageTaken": 10740,
      "magicDamageTaken": 8754,
      "timePlayed": 1493,
      "totalHeal": 1792,
      "totalUnitsHealed": 1,
      "assists": 6,
      "item0": 3069,
      "item1": 2049,
      "item2": 1031,
      "item4": 1011,
      "item6": 3340,
      "sightWardsBought": 1,
      "magicDamageDealtToChampions": 5267,
      "physicalDamageDealtToChampions": 2322,
      "totalDamageDealtToChampions": 8428,
      "trueDamageDealtPlayer": 838,
      "trueDamageDealtToChampions": 838,
      "trueDamageTaken": 108,
      "wardKilled": 1,
      "wardPlaced": 7,
      "totalTimeCrowdControlDealt": 119
    }
  },
  "22470764": {
    "gameId": 825976527,
    "invalid": false,
    "gameMode": "CLASSIC",
    "gameType": "MATCHED_GAME",
    "subType": "RANKED_SOLO_5x5",
    "mapId": 1,
    "teamId": 200,
    "championId": 51,
    "spell1": 4,
    "spell2": 7,
    "level": 30,
    "ipEarned": 51,
    "createDate": 1399031040956,
    "fellowPlayers": [
      {
        "summonerId": 30063667,
        "teamId": 200,
        "championId": 84
      },
      {
        "summonerId": 26825077,
        "teamId": 100,
        "championId": 236
      },
      {
        "summonerId": 24984955,
        "teamId": 100,
        "championId": 127
      },
      {
        "summonerId": 25184384,
        "teamId": 100,
        "championId": 102
      },
      {
        "summonerId": 19587644,
        "teamId": 200,
        "championId": 13
      },
      {
        "summonerId": 26387644,
        "teamId": 100,
        "championId": 89
      },
      {
        "summonerId": 21739218,
        "teamId": 100,
        "championId": 157
      },
      {
        "summonerId": 30710468,
        "teamId": 200,
        "championId": 412
      },
      {
        "summonerId": 35643694,
        "teamId": 200,
        "championId": 19
      }
    ],
    "stats": {
      "level": 13,
      "goldEarned": 8046,
      "numDeaths": 6,
      "minionsKilled": 151,
      "championsKilled": 2,
      "goldSpent": 7090,
      "totalDamageDealt": 84510,
      "totalDamageTaken": 15380,
      "team": 200,
      "win": false,
      "neutralMinionsKilled": 2,
      "largestMultiKill": 1,
      "physicalDamageDealtPlayer": 83267,
      "magicDamageDealtPlayer": 1243,
      "physicalDamageTaken": 9223,
      "magicDamageTaken": 5801,
      "largestCriticalStrike": 498,
      "timePlayed": 1493,
      "totalHeal": 2185,
      "totalUnitsHealed": 2,
      "assists": 7,
      "item0": 1055,
      "item1": 1037,
      "item2": 3072,
      "item3": 3086,
      "item4": 3006,
      "item5": 1036,
      "item6": 3340,
      "magicDamageDealtToChampions": 1243,
      "physicalDamageDealtToChampions": 13886,
      "totalDamageDealtToChampions": 15129,
      "trueDamageTaken": 356,
      "wardKilled": 2,
      "wardPlaced": 3,
      "neutralMinionsKilledEnemyJungle": 2,
      "totalTimeCrowdControlDealt": 33
    }
  },
  "25184384": {
    "gameId": 825976527,
    "invalid": false,
    "gameMode": "CLASSIC",
    "gameType": "MATCHED_GAME",
    "subType": "RANKED_SOLO_5x5",
    "mapId": 1,
    "teamId": 100,
    "championId": 102,
    "spell1": 4,
    "spell2": 11,
    "level": 30,
    "ipEarned": 226,
    "createDate": 1399031040945,
    "fellowPlayers": [
      {
        "summonerId": 30063667,
        "teamId": 200,
        "championId": 84
      },
      {
        "summonerId": 26825077,
        "teamId": 100,
        "championId": 236
      },
      {
        "summonerId": 24984955,
        "teamId": 100,
        "championId": 127
      },
      {
        "summonerId": 22470764,
        "teamId": 200,
        "championId": 51
      },
      {
        "summonerId": 19587644,
        "teamId": 200,
        "championId": 13
      },
      {
        "summonerId": 26387644,
        "teamId": 100,
        "championId": 89
      },
      {
        "summonerId": 21739218,
        "teamId": 100,
        "championId": 157
      },
      {
        "summonerId": 30710468,
        "teamId": 200,
        "championId": 412
      },
      {
        "summonerId": 35643694,
        "teamId": 200,
        "championId": 19
      }
    ],
    "stats": {
      "level": 16,
      "goldEarned": 11282,
      "minionsKilled": 39,
      "championsKilled": 7,
      "goldSpent": 8315,
      "totalDamageDealt": 155614,
      "totalDamageTaken": 17644,
      "killingSprees": 1,
      "largestKillingSpree": 7,
      "team": 100,
      "win": true,
      "neutralMinionsKilled": 107,
      "largestMultiKill": 1,
      "physicalDamageDealtPlayer": 54841,
      "magicDamageDealtPlayer": 84970,
      "physicalDamageTaken": 14929,
      "magicDamageTaken": 2714,
      "timePlayed": 1493,
      "totalHeal": 5732,
      "totalUnitsHealed": 1,
      "assists": 5,
      "item0": 3160,
      "item1": 3047,
      "item2": 3153,
      "item3": 1011,
      "item4": 3082,
      "item6": 3340,
      "magicDamageDealtToChampions": 3051,
      "physicalDamageDealtToChampions": 3383,
      "totalDamageDealtToChampions": 6669,
      "trueDamageDealtPlayer": 15802,
      "trueDamageDealtToChampions": 234,
      "wardPlaced": 9,
      "neutralMinionsKilledEnemyJungle": 50,
      "neutralMinionsKilledYourJungle": 57,
      "totalTimeCrowdControlDealt": 865
    }
  },
  "26825077": {
    "gameId": 825976527,
    "invalid": false,
    "gameMode": "CLASSIC",
    "gameType": "MATCHED_GAME",
    "subType": "RANKED_SOLO_5x5",
    "mapId": 1,
    "teamId": 100,
    "championId": 236,
    "spell1": 7,
    "spell2": 4,
    "level": 30,
    "ipEarned": 226,
    "createDate": 1399031040950,
    "fellowPlayers": [
      {
        "summonerId": 30063667,
        "teamId": 200,
        "championId": 84
      },
      {
        "summonerId": 24984955,
        "teamId": 100,
        "championId": 127
      },
      {
        "summonerId": 22470764,
        "teamId": 200,
        "championId": 51
      },
      {
        "summonerId": 25184384,
        "teamId": 100,
        "championId": 102
      },
      {
        "summonerId": 19587644,
        "teamId": 200,
        "championId": 13
      },
      {
        "summonerId": 26387644,
        "teamId": 100,
        "championId": 89
      },
      {
        "summonerId": 21739218,
        "teamId": 100,
        "championId": 157
      },
      {
        "summonerId": 30710468,
        "teamId": 200,
        "championId": 412
      },
      {
        "summonerId": 35643694,
        "teamId": 200,
        "championId": 19
      }
    ],
    "stats": {
      "level": 15,
      "goldEarned": 10301,
      "numDeaths": 2,
      "turretsKilled": 2,
      "minionsKilled": 179,
      "championsKilled": 5,
      "goldSpent": 7315,
      "totalDamageDealt": 97022,
      "totalDamageTaken": 18583,
      "doubleKills": 1,
      "killingSprees": 1,
      "largestKillingSpree": 3,
      "team": 100,
      "win": true,
      "neutralMinionsKilled": 5,
      "largestMultiKill": 2,
      "physicalDamageDealtPlayer": 86827,
      "magicDamageDealtPlayer": 10194,
      "physicalDamageTaken": 11461,
      "magicDamageTaken": 7122,
      "timePlayed": 1493,
      "totalHeal": 4040,
      "totalUnitsHealed": 3,
      "assists": 5,
      "item0": 3072,
      "item1": 1055,
      "item2": 1055,
      "item3": 3250,
      "item4": 3044,
      "item6": 3340,
      "magicDamageDealtToChampions": 1462,
      "physicalDamageDealtToChampions": 8042,
      "totalDamageDealtToChampions": 9505,
      "wardPlaced": 4,
      "neutralMinionsKilledEnemyJungle": 1,
      "neutralMinionsKilledYourJungle": 4
    }
  },
  "24984955": {
    "gameId": 825976527,
    "invalid": false,
    "gameMode": "CLASSIC",
    "gameType": "MATCHED_GAME",
    "subType": "RANKED_SOLO_5x5",
    "mapId": 1,
    "teamId": 100,
    "championId": 127,
    "spell1": 4,
    "spell2": 14,
    "level": 30,
    "ipEarned": 76,
    "createDate": 1399031040948,
    "fellowPlayers": [
      {
        "summonerId": 30063667,
        "teamId": 200,
        "championId": 84
      },
      {
        "summonerId": 26825077,
        "teamId": 100,
        "championId": 236
      },
      {
        "summonerId": 22470764,
        "teamId": 200,
        "championId": 51
      },
      {
        "summonerId": 25184384,
        "teamId": 100,
        "championId": 102
      },
      {
        "summonerId": 19587644,
        "teamId": 200,
        "championId": 13
      },
      {
        "summonerId": 26387644,
        "teamId": 100,
        "championId": 89
      },
      {
        "summonerId": 21739218,
        "teamId": 100,
        "championId": 157
      },
      {
        "summonerId": 30710468,
        "teamId": 200,
        "championId": 412
      },
      {
        "summonerId": 35643694,
        "teamId": 200,
        "championId": 19
      }
    ],
    "stats": {
      "level": 15,
      "goldEarned": 11517,
      "numDeaths": 2,
      "turretsKilled": 1,
      "minionsKilled": 163,
      "championsKilled": 9,
      "goldSpent": 9535,
      "totalDamageDealt": 111114,
      "totalDamageTaken": 12326,
      "killingSprees": 3,
      "largestKillingSpree": 4,
      "team": 100,
      "win": true,
      "neutralMinionsKilled": 7,
      "largestMultiKill": 1,
      "physicalDamageDealtPlayer": 12201,
      "magicDamageDealtPlayer": 98232,
      "physicalDamageTaken": 5314,
      "magicDamageTaken": 6766,
      "timePlayed": 1493,
      "totalHeal": 412,
      "totalUnitsHealed": 1,
      "assists": 5,
      "item0": 3157,
      "item1": 3020,
      "item2": 1056,
      "item3": 1056,
      "item4": 3151,
      "item5": 1026,
      "item6": 3362,
      "magicDamageDealtToChampions": 18522,
      "physicalDamageDealtToChampions": 1732,
      "totalDamageDealtToChampions": 20934,
      "trueDamageDealtPlayer": 680,
      "trueDamageDealtToChampions": 680,
      "trueDamageTaken": 245,
      "wardPlaced": 6,
      "neutralMinionsKilledEnemyJungle": 4,
      "neutralMinionsKilledYourJungle": 3,
      "totalTimeCrowdControlDealt": 355
    }
  },
  "26387644": {
    "gameId": 825976527,
    "invalid": false,
    "gameMode": "CLASSIC",
    "gameType": "MATCHED_GAME",
    "subType": "RANKED_SOLO_5x5",
    "mapId": 1,
    "teamId": 100,
    "championId": 89,
    "spell1": 3,
    "spell2": 4,
    "level": 30,
    "ipEarned": 76,
    "createDate": 1399031040949,
    "fellowPlayers": [
      {
        "summonerId": 30063667,
        "teamId": 200,
        "championId": 84
      },
      {
        "summonerId": 26825077,
        "teamId": 100,
        "championId": 236
      },
      {
        "summonerId": 24984955,
        "teamId": 100,
        "championId": 127
      },
      {
        "summonerId": 22470764,
        "teamId": 200,
        "championId": 51
      },
      {
        "summonerId": 25184384,
        "teamId": 100,
        "championId": 102
      },
      {
        "summonerId": 19587644,
        "teamId": 200,
        "championId": 13
      },
      {
        "summonerId": 21739218,
        "teamId": 100,
        "championId": 157
      },
      {
        "summonerId": 30710468,
        "teamId": 200,
        "championId": 412
      },
      {
        "summonerId": 35643694,
        "teamId": 200,
        "championId": 19
      }
    ],
    "stats": {
      "level": 13,
      "goldEarned": 8097,
      "numDeaths": 6,
      "minionsKilled": 43,
      "championsKilled": 1,
      "goldSpent": 6545,
      "totalDamageDealt": 35333,
      "totalDamageTaken": 19078,
      "team": 100,
      "win": true,
      "largestMultiKill": 1,
      "physicalDamageDealtPlayer": 8620,
      "magicDamageDealtPlayer": 24924,
      "physicalDamageTaken": 12799,
      "magicDamageTaken": 5503,
      "largestCriticalStrike": 144,
      "timePlayed": 1493,
      "totalHeal": 2318,
      "totalUnitsHealed": 4,
      "assists": 11,
      "item0": 1011,
      "item1": 2045,
      "item2": 3401,
      "item3": 1031,
      "item4": 1001,
      "item6": 3340,
      "sightWardsBought": 2,
      "visionWardsBought": 2,
      "magicDamageDealtToChampions": 5557,
      "physicalDamageDealtToChampions": 2695,
      "totalDamageDealtToChampions": 8253,
      "trueDamageDealtPlayer": 1788,
      "trueDamageTaken": 776,
      "wardPlaced": 14,
      "totalTimeCrowdControlDealt": 78
    }
  },
  "30063667": {
    "gameId": 825976527,
    "invalid": false,
    "gameMode": "CLASSIC",
    "gameType": "MATCHED_GAME",
    "subType": "RANKED_SOLO_5x5",
    "mapId": 1,
    "teamId": 200,
    "championId": 84,
    "spell1": 4,
    "spell2": 14,
    "level": 30,
    "ipEarned": 51,
    "createDate": 1399031040954,
    "fellowPlayers": [
      {
        "summonerId": 26825077,
        "teamId": 100,
        "championId": 236
      },
      {
        "summonerId": 24984955,
        "teamId": 100,
        "championId": 127
      },
      {
        "summonerId": 22470764,
        "teamId": 200,
        "championId": 51
      },
      {
        "summonerId": 25184384,
        "teamId": 100,
        "championId": 102
      },
      {
        "summonerId": 19587644,
        "teamId": 200,
        "championId": 13
      },
      {
        "summonerId": 26387644,
        "teamId": 100,
        "championId": 89
      },
      {
        "summonerId": 21739218,
        "teamId": 100,
        "championId": 157
      },
      {
        "summonerId": 30710468,
        "teamId": 200,
        "championId": 412
      },
      {
        "summonerId": 35643694,
        "teamId": 200,
        "championId": 19
      }
    ],
    "stats": {
      "level": 12,
      "goldEarned": 5931,
      "numDeaths": 5,
      "minionsKilled": 58,
      "championsKilled": 3,
      "goldSpent": 5345,
      "totalDamageDealt": 36205,
      "totalDamageTaken": 13425,
      "killingSprees": 1,
      "largestKillingSpree": 2,
      "team": 200,
      "win": false,
      "largestMultiKill": 1,
      "physicalDamageDealtPlayer": 25862,
      "magicDamageDealtPlayer": 9873,
      "physicalDamageTaken": 5239,
      "magicDamageTaken": 7544,
      "timePlayed": 1493,
      "totalHeal": 140,
      "totalUnitsHealed": 1,
      "assists": 3,
      "item0": 3146,
      "item1": 3020,
      "item2": 1029,
      "item3": 1029,
      "item6": 3340,
      "magicDamageDealtToChampions": 4336,
      "physicalDamageDealtToChampions": 3163,
      "totalDamageDealtToChampions": 7969,
      "trueDamageDealtPlayer": 470,
      "trueDamageDealtToChampions": 470,
      "trueDamageTaken": 642,
      "wardPlaced": 1,
      "totalTimeCrowdControlDealt": 627
    }
  }
}