{
  "33544116": {
    "gameId": 825973682,
    "invalid": false,
    "gameMode": "CLASSIC",
    "gameType": "MATCHED_GAME",
    "subType": "NORMAL",
    "mapId": 1,
    "teamId": 200,
    "championId": 53,
    "spell1": 4,
    "spell2": 3,
    "level": 30,
    "ipEarned": 51,
    "createDate": 1399029836348,
    "fellowPlayers": [
      {
        "summonerId": 35594143,
        "teamId": 200,
        "championId": 13
      },
      {
        "summonerId": 27706667,
        "teamId": 200,
        "championId": 92
      },
      {
        "summonerId": 31634118,
        "teamId": 100,
        "championId": 6
      },
      {
        "summonerId": 36798720,
        "teamId": 200,
        "championId": 75
      },
      {
        "summonerId": 37757501,
        "teamId": 100,
        "championId": 80
      },
      {
        "summonerId": 39742415,
        "teamId": 200,
        "championId": 222
      },
      {
        "summonerId": 28107981,
        "teamId": 100,
        "championId": 39
      },
      {
        "summonerId": 38718018,
        "teamId": 100,
        "championId": 122
      },
      {
        "summonerId": 36094250,
        "teamId": 100,
        "championId": 83
      }
    ],
    "stats": {
      "level": 9,
      "goldEarned": 3866,
      "numDeaths": 3,
      "minionsKilled": 17,
      "goldSpent": 4435,
      "totalDamageDealt": 13679,
      "totalDamageTaken": 9697,
      "team": 200,
      "win": false,
      "physicalDamageDealtPlayer": 2480,
      "magicDamageDealtPlayer": 11198,
      "physicalDamageTaken": 7588,
      "magicDamageTaken": 2005,
      "timePlayed": 1236,
      "totalHeal": 334,
      "totalUnitsHealed": 1,
      "assists": 3,
      "item0": 3114,
      "item1": 1001,
      "item2": 3096,
      "item3": 2049,
      "item6": 3340,
      "sightWardsBought": 5,
      "magicDamageDealtToChampions": 2967,
      "physicalDamageDealtToChampions": 1621,
      "totalDamageDealtToChampions": 4588,
      "trueDamageTaken": 104,
      "wardPlaced": 12,
      "totalTimeCrowdControlDealt": 390
    }
  },
  "summonerCount": 10,
  "38718018": {
    "gameId": 825973682,
    "invalid": false,
    "gameMode": "CLASSIC",
    "gameType": "MATCHED_GAME",
    "subType": "NORMAL",
    "mapId": 1,
    "teamId": 100,
    "championId": 122,
    "spell1": 4,
    "spell2": 14,
    "level": 30,
    "ipEarned": 76,
    "createDate": 1399029836340,
    "fellowPlayers": [
      {
        "summonerId": 35594143,
        "teamId": 200,
        "championId": 13
      },
      {
        "summonerId": 33544116,
        "teamId": 200,
        "championId": 53
      },
      {
        "summonerId": 27706667,
        "teamId": 200,
        "championId": 92
      },
      {
        "summonerId": 31634118,
        "teamId": 100,
        "championId": 6
      },
      {
        "summonerId": 36798720,
        "teamId": 200,
        "championId": 75
      },
      {
        "summonerId": 37757501,
        "teamId": 100,
        "championId": 80
      },
      {
        "summonerId": 39742415,
        "teamId": 200,
        "championId": 222
      },
      {
        "summonerId": 28107981,
        "teamId": 100,
        "championId": 39
      },
      {
        "summonerId": 36094250,
        "teamId": 100,
        "championId": 83
      }
    ],
    "stats": {
      "level": 14,
      "goldEarned": 7887,
      "minionsKilled": 133,
      "championsKilled": 7,
      "goldSpent": 9935,
      "totalDamageDealt": 58501,
      "totalDamageTaken": 10309,
      "killingSprees": 1,
      "largestKillingSpree": 7,
      "team": 100,
      "win": true,
      "neutralMinionsKilled": 1,
      "largestMultiKill": 1,
      "physicalDamageDealtPlayer": 44329,
      "magicDamageDealtPlayer": 11918,
      "physicalDamageTaken": 4517,
      "magicDamageTaken": 5522,
      "timePlayed": 1236,
      "assists": 2,
      "item0": 1054,
      "item1": 3111,
      "item2": 3068,
      "item3": 3156,
      "item6": 3340,
      "magicDamageDealtToChampions": 1537,
      "physicalDamageDealtToChampions": 5388,
      "totalDamageDealtToChampions": 8941,
      "trueDamageDealtPlayer": 2253,
      "trueDamageDealtToChampions": 2015,
      "trueDamageTaken": 270,
      "wardPlaced": 2,
      "neutralMinionsKilledEnemyJungle": 1,
      "totalTimeCrowdControlDealt": 158
    }
  },
  "35594143": {
    "gameId": 825973682,
    "invalid": false,
    "gameMode": "CLASSIC",
    "gameType": "MATCHED_GAME",
    "subType": "NORMAL",
    "mapId": 1,
    "teamId": 200,
    "championId": 13,
    "spell1": 4,
    "spell2": 12,
    "level": 30,
    "ipEarned": 51,
    "createDate": 1399029836349,
    "fellowPlayers": [
      {
        "summonerId": 33544116,
        "teamId": 200,
        "championId": 53
      },
      {
        "summonerId": 27706667,
        "teamId": 200,
        "championId": 92
      },
      {
        "summonerId": 31634118,
        "teamId": 100,
        "championId": 6
      },
      {
        "summonerId": 36798720,
        "teamId": 200,
        "championId": 75
      },
      {
        "summonerId": 37757501,
        "teamId": 100,
        "championId": 80
      },
      {
        "summonerId": 39742415,
        "teamId": 200,
        "championId": 222
      },
      {
        "summonerId": 28107981,
        "teamId": 100,
        "championId": 39
      },
      {
        "summonerId": 38718018,
        "teamId": 100,
        "championId": 122
      },
      {
        "summonerId": 36094250,
        "teamId": 100,
        "championId": 83
      }
    ],
    "stats": {
      "level": 10,
      "goldEarned": 4028,
      "numDeaths": 5,
      "minionsKilled": 77,
      "goldSpent": 3260,
      "totalDamageDealt": 27665,
      "totalDamageTaken": 8541,
      "team": 200,
      "win": false,
      "physicalDamageDealtPlayer": 11780,
      "magicDamageDealtPlayer": 15885,
      "physicalDamageTaken": 5683,
      "magicDamageTaken": 1283,
      "timePlayed": 1236,
      "item0": 1001,
      "item2": 3070,
      "item3": 1028,
      "item4": 3082,
      "item5": 1029,
      "item6": 3340,
      "sightWardsBought": 2,
      "magicDamageDealtToChampions": 5382,
      "physicalDamageDealtToChampions": 439,
      "totalDamageDealtToChampions": 5821,
      "trueDamageTaken": 1574,
      "wardPlaced": 6,
      "totalTimeCrowdControlDealt": 25
    }
  },
  "36094250": {
    "gameId": 825973682,
    "invalid": false,
    "gameMode": "CLASSIC",
    "gameType": "MATCHED_GAME",
    "subType": "NORMAL",
    "mapId": 1,
    "teamId": 100,
    "championId": 83,
    "spell1": 14,
    "spell2": 4,
    "level": 30,
    "ipEarned": 76,
    "createDate": 1399029836341,
    "fellowPlayers": [
      {
        "summonerId": 35594143,
        "teamId": 200,
        "championId": 13
      },
      {
        "summonerId": 33544116,
        "teamId": 200,
        "championId": 53
      },
      {
        "summonerId": 27706667,
        "teamId": 200,
        "championId": 92
      },
      {
        "summonerId": 31634118,
        "teamId": 100,
        "championId": 6
      },
      {
        "summonerId": 36798720,
        "teamId": 200,
        "championId": 75
      },
      {
        "summonerId": 37757501,
        "teamId": 100,
        "championId": 80
      },
      {
        "summonerId": 39742415,
        "teamId": 200,
        "championId": 222
      },
      {
        "summonerId": 28107981,
        "teamId": 100,
        "championId": 39
      },
      {
        "summonerId": 38718018,
        "teamId": 100,
        "championId": 122
      }
    ],
    "stats": {
      "level": 11,
      "goldEarned": 4777,
      "numDeaths": 3,
      "minionsKilled": 27,
      "championsKilled": 2,
      "goldSpent": 4220,
      "totalDamageDealt": 28344,
      "totalDamageTaken": 10988,
      "team": 100,
      "win": true,
      "largestMultiKill": 1,
      "physicalDamageDealtPlayer": 20812,
      "magicDamageDealtPlayer": 7427,
      "physicalDamageTaken": 8818,
      "magicDamageTaken": 2017,
      "timePlayed": 1236,
      "totalHeal": 3736,
      "totalUnitsHealed": 1,
      "assists": 3,
      "item0": 1054,
      "item1": 3067,
      "item2": 1028,
      "item3": 3004,
      "item4": 1001,
      "item6": 3340,
      "magicDamageDealtToChampions": 3250,
      "physicalDamageDealtToChampions": 3824,
      "totalDamageDealtToChampions": 7179,
      "trueDamageDealtPlayer": 104,
      "trueDamageDealtToChampions": 104,
      "trueDamageTaken": 152,
      "wardPlaced": 5,
      "totalTimeCrowdControlDealt": 469
    }
  },
  "39742415": {
    "gameId": 825973682,
    "invalid": false,
    "gameMode": "CLASSIC",
    "gameType": "MATCHED_GAME",
    "subType": "NORMAL",
    "mapId": 1,
    "teamId": 200,
    "championId": 222,
    "spell1": 7,
    "spell2": 4,
    "level": 30,
    "ipEarned": 51,
    "createDate": 1399029836345,
    "fellowPlayers": [
      {
        "summonerId": 35594143,
        "teamId": 200,
        "championId": 13
      },
      {
        "summonerId": 33544116,
        "teamId": 200,
        "championId": 53
      },
      {
        "summonerId": 27706667,
        "teamId": 200,
        "championId": 92
      },
      {
        "summonerId": 31634118,
        "teamId": 100,
        "championId": 6
      },
      {
        "summonerId": 36798720,
        "teamId": 200,
        "championId": 75
      },
      {
        "summonerId": 37757501,
        "teamId": 100,
        "championId": 80
      },
      {
        "summonerId": 28107981,
        "teamId": 100,
        "championId": 39
      },
      {
        "summonerId": 38718018,
        "teamId": 100,
        "championId": 122
      },
      {
        "summonerId": 36094250,
        "teamId": 100,
        "championId": 83
      }
    ],
    "stats": {
      "level": 10,
      "goldEarned": 5035,
      "numDeaths": 4,
      "minionsKilled": 80,
      "championsKilled": 3,
      "goldSpent": 3795,
      "totalDamageDealt": 42812,
      "totalDamageTaken": 8367,
      "team": 200,
      "win": false,
      "largestMultiKill": 1,
      "physicalDamageDealtPlayer": 41089,
      "magicDamageDealtPlayer": 1722,
      "physicalDamageTaken": 7712,
      "magicDamageTaken": 655,
      "timePlayed": 1236,
      "totalHeal": 1431,
      "totalUnitsHealed": 2,
      "item0": 1055,
      "item1": 1053,
      "item2": 1038,
      "item3": 3006,
      "item6": 3340,
      "magicDamageDealtToChampions": 674,
      "physicalDamageDealtToChampions": 5430,
      "totalDamageDealtToChampions": 6104,
      "wardPlaced": 2,
      "totalTimeCrowdControlDealt": 183
    }
  },
  "36798720": {
    "gameId": 825973682,
    "invalid": false,
    "gameMode": "CLASSIC",
    "gameType": "MATCHED_GAME",
    "subType": "NORMAL",
    "mapId": 1,
    "teamId": 200,
    "championId": 75,
    "spell1": 4,
    "spell2": 11,
    "level": 30,
    "ipEarned": 51,
    "createDate": 1399029836346,
    "fellowPlayers": [
      {
        "summonerId": 35594143,
        "teamId": 200,
        "championId": 13
      },
      {
        "summonerId": 33544116,
        "teamId": 200,
        "championId": 53
      },
      {
        "summonerId": 27706667,
        "teamId": 200,
        "championId": 92
      },
      {
        "summonerId": 31634118,
        "teamId": 100,
        "championId": 6
      },
      {
        "summonerId": 37757501,
        "teamId": 100,
        "championId": 80
      },
      {
        "summonerId": 39742415,
        "teamId": 200,
        "championId": 222
      },
      {
        "summonerId": 28107981,
        "teamId": 100,
        "championId": 39
      },
      {
        "summonerId": 38718018,
        "teamId": 100,
        "championId": 122
      },
      {
        "summonerId": 36094250,
        "teamId": 100,
        "championId": 83
      }
    ],
    "stats": {
      "level": 10,
      "goldEarned": 4248,
      "numDeaths": 4,
      "minionsKilled": 11,
      "goldSpent": 3990,
      "totalDamageDealt": 61292,
      "totalDamageTaken": 18236,
      "team": 200,
      "win": false,
      "neutralMinionsKilled": 54,
      "physicalDamageDealtPlayer": 50747,
      "magicDamageDealtPlayer": 3996,
      "physicalDamageTaken": 17113,
      "magicDamageTaken": 865,
      "timePlayed": 1236,
      "totalHeal": 3019,
      "totalUnitsHealed": 1,
      "item0": 3207,
      "item1": 1053,
      "item2": 1037,
      "item6": 3340,
      "magicDamageDealtToChampions": 780,
      "physicalDamageDealtToChampions": 1062,
      "totalDamageDealtToChampions": 1995,
      "trueDamageDealtPlayer": 6548,
      "trueDamageDealtToChampions": 152,
      "trueDamageTaken": 258,
      "wardPlaced": 5,
      "neutralMinionsKilledEnemyJungle": 2,
      "neutralMinionsKilledYourJungle": 52,
      "totalTimeCrowdControlDealt": 403
    }
  },
  "27706667": {
    "gameId": 825973682,
    "invalid": false,
    "gameMode": "CLASSIC",
    "gameType": "MATCHED_GAME",
    "subType": "NORMAL",
    "mapId": 1,
    "teamId": 200,
    "championId": 92,
    "spell1": 14,
    "spell2": 4,
    "level": 30,
    "ipEarned": 51,
    "createDate": 1399029836347,
    "fellowPlayers": [
      {
        "summonerId": 35594143,
        "teamId": 200,
        "championId": 13
      },
      {
        "summonerId": 33544116,
        "teamId": 200,
        "championId": 53
      },
      {
        "summonerId": 31634118,
        "teamId": 100,
        "championId": 6
      },
      {
        "summonerId": 36798720,
        "teamId": 200,
        "championId": 75
      },
      {
        "summonerId": 37757501,
        "teamId": 100,
        "championId": 80
      },
      {
        "summonerId": 39742415,
        "teamId": 200,
        "championId": 222
      },
      {
        "summonerId": 28107981,
        "teamId": 100,
        "championId": 39
      },
      {
        "summonerId": 38718018,
        "teamId": 100,
        "championId": 122
      },
      {
        "summonerId": 36094250,
        "teamId": 100,
        "championId": 83
      }
    ],
    "stats": {
      "level": 11,
      "goldEarned": 5231,
      "numDeaths": 5,
      "minionsKilled": 98,
      "championsKilled": 2,
      "goldSpent": 4572,
      "totalDamageDealt": 45900,
      "totalDamageTaken": 13377,
      "doubleKills": 1,
      "killingSprees": 1,
      "largestKillingSpree": 2,
      "team": 200,
      "win": false,
      "largestMultiKill": 2,
      "physicalDamageDealtPlayer": 45248,
      "physicalDamageTaken": 9355,
      "magicDamageTaken": 1437,
      "timePlayed": 1236,
      "assists": 1,
      "item0": 1054,
      "item1": 1028,
      "item2": 3134,
      "item3": 3047,
      "item4": 2003,
      "item5": 1053,
      "item6": 3340,
      "physicalDamageDealtToChampions": 5545,
      "totalDamageDealtToChampions": 6197,
      "trueDamageDealtPlayer": 652,
      "trueDamageDealtToChampions": 652,
      "trueDamageTaken": 2584,
      "wardPlaced": 2,
      "totalTimeCrowdControlDealt": 82
    }
  },
  "31634118": {
    "gameId": 825973682,
    "invalid": false,
    "gameMode": "CLASSIC",
    "gameType": "MATCHED_GAME",
    "subType": "NORMAL",
    "mapId": 1,
    "teamId": 100,
    "championId": 6,
    "spell1": 7,
    "spell2": 4,
    "level": 30,
    "ipEarned": 76,
    "createDate": 1399029836342,
    "fellowPlayers": [
      {
        "summonerId": 35594143,
        "teamId": 200,
        "championId": 13
      },
      {
        "summonerId": 33544116,
        "teamId": 200,
        "championId": 53
      },
      {
        "summonerId": 27706667,
        "teamId": 200,
        "championId": 92
      },
      {
        "summonerId": 36798720,
        "teamId": 200,
        "championId": 75
      },
      {
        "summonerId": 37757501,
        "teamId": 100,
        "championId": 80
      },
      {
        "summonerId": 39742415,
        "teamId": 200,
        "championId": 222
      },
      {
        "summonerId": 28107981,
        "teamId": 100,
        "championId": 39
      },
      {
        "summonerId": 38718018,
        "teamId": 100,
        "championId": 122
      },
      {
        "summonerId": 36094250,
        "teamId": 100,
        "championId": 83
      }
    ],
    "stats": {
      "level": 10,
      "goldEarned": 6485,
      "numDeaths": 2,
      "turretsKilled": 1,
      "minionsKilled": 97,
      "championsKilled": 4,
      "goldSpent": 5320,
      "totalDamageDealt": 45791,
      "totalDamageTaken": 6752,
      "killingSprees": 1,
      "largestKillingSpree": 2,
      "team": 100,
      "win": true,
      "largestMultiKill": 1,
      "physicalDamageDealtPlayer": 45791,
      "physicalDamageTaken": 5037,
      "magicDamageTaken": 1714,
      "timePlayed": 1236,
      "totalHeal": 954,
      "totalUnitsHealed": 2,
      "assists": 2,
      "item0": 1055,
      "item1": 3070,
      "item2": 3071,
      "item3": 3006,
      "item6": 3340,
      "physicalDamageDealtToChampions": 9107,
      "totalDamageDealtToChampions": 9107,
      "wardPlaced": 4,
      "totalTimeCrowdControlDealt": 19
    }
  },
  "37757501": {
    "gameId": 825973682,
    "invalid": false,
    "gameMode": "CLASSIC",
    "gameType": "MATCHED_GAME",
    "subType": "NORMAL",
    "mapId": 1,
    "teamId": 100,
    "championId": 80,
    "spell1": 11,
    "spell2": 4,
    "level": 30,
    "ipEarned": 76,
    "createDate": 1399029836343,
    "fellowPlayers": [
      {
        "summonerId": 35594143,
        "teamId": 200,
        "championId": 13
      },
      {
        "summonerId": 33544116,
        "teamId": 200,
        "championId": 53
      },
      {
        "summonerId": 27706667,
        "teamId": 200,
        "championId": 92
      },
      {
        "summonerId": 31634118,
        "teamId": 100,
        "championId": 6
      },
      {
        "summonerId": 36798720,
        "teamId": 200,
        "championId": 75
      },
      {
        "summonerId": 39742415,
        "teamId": 200,
        "championId": 222
      },
      {
        "summonerId": 28107981,
        "teamId": 100,
        "championId": 39
      },
      {
        "summonerId": 38718018,
        "teamId": 100,
        "championId": 122
      },
      {
        "summonerId": 36094250,
        "teamId": 100,
        "championId": 83
      }
    ],
    "stats": {
      "level": 12,
      "goldEarned": 6731,
      "minionsKilled": 7,
      "championsKilled": 5,
      "goldSpent": 4160,
      "totalDamageDealt": 68816,
      "totalDamageTaken": 8566,
      "doubleKills": 1,
      "killingSprees": 1,
      "largestKillingSpree": 5,
      "team": 100,
      "win": true,
      "neutralMinionsKilled": 48,
      "largestMultiKill": 2,
      "physicalDamageDealtPlayer": 54018,
      "magicDamageDealtPlayer": 2833,
      "physicalDamageTaken": 8026,
      "magicDamageTaken": 228,
      "largestCriticalStrike": 437,
      "timePlayed": 1236,
      "totalHeal": 2945,
      "totalUnitsHealed": 1,
      "assists": 6,
      "item0": 3209,
      "item2": 3117,
      "item3": 1036,
      "item4": 1036,
      "item5": 1036,
      "item6": 3341,
      "magicDamageDealtToChampions": 568,
      "physicalDamageDealtToChampions": 5908,
      "totalDamageDealtToChampions": 6838,
      "trueDamageDealtPlayer": 11963,
      "trueDamageDealtToChampions": 361,
      "trueDamageTaken": 312,
      "wardKilled": 1,
      "neutralMinionsKilledEnemyJungle": 7,
      "neutralMinionsKilledYourJungle": 41,
      "totalTimeCrowdControlDealt": 301
    }
  },
  "28107981": {
    "gameId": 825973682,
    "invalid": false,
    "gameMode": "CLASSIC",
    "gameType": "MATCHED_GAME",
    "subType": "NORMAL",
    "mapId": 1,
    "teamId": 100,
    "championId": 39,
    "spell1": 14,
    "spell2": 4,
    "level": 30,
    "ipEarned": 76,
    "createDate": 1399029836344,
    "fellowPlayers": [
      {
        "summonerId": 35594143,
        "teamId": 200,
        "championId": 13
      },
      {
        "summonerId": 33544116,
        "teamId": 200,
        "championId": 53
      },
      {
        "summonerId": 27706667,
        "teamId": 200,
        "championId": 92
      },
      {
        "summonerId": 31634118,
        "teamId": 100,
        "championId": 6
      },
      {
        "summonerId": 36798720,
        "teamId": 200,
        "championId": 75
      },
      {
        "summonerId": 37757501,
        "teamId": 100,
        "championId": 80
      },
      {
        "summonerId": 39742415,
        "teamId": 200,
        "championId": 222
      },
      {
        "summonerId": 38718018,
        "teamId": 100,
        "championId": 122
      },
      {
        "summonerId": 36094250,
        "teamId": 100,
        "championId": 83
      }
    ],
    "stats": {
      "level": 12,
      "goldEarned": 6528,
      "turretsKilled": 1,
      "minionsKilled": 121,
      "championsKilled": 3,
      "goldSpent": 5178,
      "totalDamageDealt": 49334,
      "totalDamageTaken": 9263,
      "killingSprees": 1,
      "largestKillingSpree": 3,
      "team": 100,
      "win": true,
      "neutralMinionsKilled": 1,
      "largestMultiKill": 1,
      "physicalDamageDealtPlayer": 42421,
      "magicDamageDealtPlayer": 1522,
      "physicalDamageTaken": 8587,
      "magicDamageTaken": 321,
      "largestCriticalStrike": 282,
      "timePlayed": 1236,
      "totalHeal": 5061,
      "totalUnitsHealed": 1,
      "assists": 2,
      "item0": 1055,
      "item1": 3078,
      "item2": 3047,
      "item6": 3340,
      "magicDamageDealtToChampions": 890,
      "physicalDamageDealtToChampions": 5194,
      "totalDamageDealtToChampions": 8124,
      "trueDamageDealtPlayer": 5390,
      "trueDamageDealtToChampions": 2040,
      "trueDamageTaken": 355,
      "wardPlaced": 3,
      "neutralMinionsKilledYourJungle": 1,
      "totalTimeCrowdControlDealt": 120
    }
  }
}