{
  "23526998": {
    "gameId": 825971905,
    "invalid": false,
    "gameMode": "CLASSIC",
    "gameType": "MATCHED_GAME",
    "subType": "RANKED_SOLO_5x5",
    "mapId": 1,
    "teamId": 100,
    "championId": 16,
    "spell1": 4,
    "spell2": 3,
    "level": 30,
    "ipEarned": 85,
    "createDate": 1399030218016,
    "fellowPlayers": [
      {
        "summonerId": 21608569,
        "teamId": 100,
        "championId": 5
      },
      {
        "summonerId": 30109545,
        "teamId": 100,
        "championId": 131
      },
      {
        "summonerId": 36802657,
        "teamId": 200,
        "championId": 19
      },
      {
        "summonerId": 24327041,
        "teamId": 200,
        "championId": 143
      },
      {
        "summonerId": 30029803,
        "teamId": 100,
        "championId": 64
      },
      {
        "summonerId": 27463508,
        "teamId": 200,
        "championId": 82
      },
      {
        "summonerId": 24454325,
        "teamId": 200,
        "championId": 22
      },
      {
        "summonerId": 34323422,
        "teamId": 200,
        "championId": 55
      },
      {
        "summonerId": 26356776,
        "teamId": 100,
        "championId": 21
      }
    ],
    "stats": {
      "level": 14,
      "goldEarned": 10104,
      "numDeaths": 7,
      "minionsKilled": 32,
      "championsKilled": 1,
      "goldSpent": 8750,
      "totalDamageDealt": 19286,
      "totalDamageTaken": 18387,
      "team": 100,
      "win": true,
      "largestMultiKill": 1,
      "physicalDamageDealtPlayer": 1446,
      "magicDamageDealtPlayer": 17839,
      "physicalDamageTaken": 5871,
      "magicDamageTaken": 11980,
      "timePlayed": 1795,
      "totalHeal": 11718,
      "totalUnitsHealed": 5,
      "assists": 19,
      "item0": 3158,
      "item1": 3069,
      "item2": 3222,
      "item3": 2049,
      "item4": 3116,
      "item6": 3341,
      "sightWardsBought": 1,
      "magicDamageDealtToChampions": 5236,
      "physicalDamageDealtToChampions": 411,
      "totalDamageDealtToChampions": 5648,
      "trueDamageTaken": 535,
      "wardKilled": 4,
      "wardPlaced": 18,
      "totalTimeCrowdControlDealt": 90
    }
  },
  "summonerCount": 10,
  "36802657": {
    "gameId": 825971905,
    "invalid": false,
    "gameMode": "CLASSIC",
    "gameType": "MATCHED_GAME",
    "subType": "RANKED_SOLO_5x5",
    "mapId": 1,
    "teamId": 200,
    "championId": 19,
    "spell1": 11,
    "spell2": 4,
    "level": 30,
    "ipEarned": 57,
    "createDate": 1399030218020,
    "fellowPlayers": [
      {
        "summonerId": 21608569,
        "teamId": 100,
        "championId": 5
      },
      {
        "summonerId": 30109545,
        "teamId": 100,
        "championId": 131
      },
      {
        "summonerId": 24327041,
        "teamId": 200,
        "championId": 143
      },
      {
        "summonerId": 23526998,
        "teamId": 100,
        "championId": 16
      },
      {
        "summonerId": 30029803,
        "teamId": 100,
        "championId": 64
      },
      {
        "summonerId": 27463508,
        "teamId": 200,
        "championId": 82
      },
      {
        "summonerId": 24454325,
        "teamId": 200,
        "championId": 22
      },
      {
        "summonerId": 34323422,
        "teamId": 200,
        "championId": 55
      },
      {
        "summonerId": 26356776,
        "teamId": 100,
        "championId": 21
      }
    ],
    "stats": {
      "level": 15,
      "goldEarned": 8703,
      "numDeaths": 8,
      "minionsKilled": 44,
      "championsKilled": 4,
      "goldSpent": 8475,
      "totalDamageDealt": 125719,
      "totalDamageTaken": 35990,
      "killingSprees": 1,
      "largestKillingSpree": 2,
      "team": 200,
      "win": false,
      "neutralMinionsKilled": 78,
      "largestMultiKill": 1,
      "physicalDamageDealtPlayer": 72635,
      "magicDamageDealtPlayer": 40519,
      "physicalDamageTaken": 24655,
      "magicDamageTaken": 10571,
      "timePlayed": 1795,
      "totalHeal": 13125,
      "totalUnitsHealed": 1,
      "assists": 5,
      "item0": 3153,
      "item1": 3111,
      "item2": 3154,
      "item3": 3082,
      "item4": 1011,
      "item6": 3341,
      "visionWardsBought": 1,
      "magicDamageDealtToChampions": 4670,
      "physicalDamageDealtToChampions": 5426,
      "totalDamageDealtToChampions": 10379,
      "trueDamageDealtPlayer": 12564,
      "trueDamageDealtToChampions": 282,
      "trueDamageTaken": 764,
      "wardPlaced": 4,
      "neutralMinionsKilledEnemyJungle": 6,
      "neutralMinionsKilledYourJungle": 72,
      "totalTimeCrowdControlDealt": 884
    }
  },
  "30109545": {
    "gameId": 825971905,
    "invalid": false,
    "gameMode": "CLASSIC",
    "gameType": "MATCHED_GAME",
    "subType": "RANKED_SOLO_5x5",
    "mapId": 1,
    "teamId": 100,
    "championId": 131,
    "spell1": 4,
    "spell2": 14,
    "level": 30,
    "ipEarned": 85,
    "createDate": 1399030218015,
    "fellowPlayers": [
      {
        "summonerId": 21608569,
        "teamId": 100,
        "championId": 5
      },
      {
        "summonerId": 36802657,
        "teamId": 200,
        "championId": 19
      },
      {
        "summonerId": 24327041,
        "teamId": 200,
        "championId": 143
      },
      {
        "summonerId": 23526998,
        "teamId": 100,
        "championId": 16
      },
      {
        "summonerId": 30029803,
        "teamId": 100,
        "championId": 64
      },
      {
        "summonerId": 27463508,
        "teamId": 200,
        "championId": 82
      },
      {
        "summonerId": 24454325,
        "teamId": 200,
        "championId": 22
      },
      {
        "summonerId": 34323422,
        "teamId": 200,
        "championId": 55
      },
      {
        "summonerId": 26356776,
        "teamId": 100,
        "championId": 21
      }
    ],
    "stats": {
      "level": 17,
      "goldEarned": 13612,
      "numDeaths": 5,
      "turretsKilled": 1,
      "minionsKilled": 176,
      "championsKilled": 12,
      "goldSpent": 10735,
      "totalDamageDealt": 143468,
      "totalDamageTaken": 20768,
      "doubleKills": 2,
      "tripleKills": 1,
      "killingSprees": 3,
      "largestKillingSpree": 5,
      "team": 100,
      "win": true,
      "neutralMinionsKilled": 13,
      "largestMultiKill": 3,
      "physicalDamageDealtPlayer": 21914,
      "magicDamageDealtPlayer": 120855,
      "physicalDamageTaken": 10288,
      "magicDamageTaken": 9559,
      "timePlayed": 1795,
      "totalHeal": 915,
      "totalUnitsHealed": 1,
      "assists": 7,
      "item0": 1056,
      "item1": 3001,
      "item2": 3115,
      "item3": 3255,
      "item4": 3100,
      "item6": 3340,
      "magicDamageDealtToChampions": 25520,
      "physicalDamageDealtToChampions": 2325,
      "totalDamageDealtToChampions": 28503,
      "trueDamageDealtPlayer": 698,
      "trueDamageDealtToChampions": 658,
      "trueDamageTaken": 920,
      "wardPlaced": 2,
      "neutralMinionsKilledEnemyJungle": 3,
      "neutralMinionsKilledYourJungle": 10,
      "totalTimeCrowdControlDealt": 77
    }
  },
  "26356776": {
    "gameId": 825971905,
    "invalid": false,
    "gameMode": "CLASSIC",
    "gameType": "MATCHED_GAME",
    "subType": "RANKED_SOLO_5x5",
    "mapId": 1,
    "teamId": 100,
    "championId": 21,
    "spell1": 4,
    "spell2": 7,
    "level": 30,
    "ipEarned": 85,
    "createDate": 1399030218012,
    "fellowPlayers": [
      {
        "summonerId": 21608569,
        "teamId": 100,
        "championId": 5
      },
      {
        "summonerId": 30109545,
        "teamId": 100,
        "championId": 131
      },
      {
        "summonerId": 36802657,
        "teamId": 200,
        "championId": 19
      },
      {
        "summonerId": 24327041,
        "teamId": 200,
        "championId": 143
      },
      {
        "summonerId": 23526998,
        "teamId": 100,
        "championId": 16
      },
      {
        "summonerId": 30029803,
        "teamId": 100,
        "championId": 64
      },
      {
        "summonerId": 27463508,
        "teamId": 200,
        "championId": 82
      },
      {
        "summonerId": 24454325,
        "teamId": 200,
        "championId": 22
      },
      {
        "summonerId": 34323422,
        "teamId": 200,
        "championId": 55
      }
    ],
    "stats": {
      "level": 17,
      "goldEarned": 14606,
      "numDeaths": 2,
      "barracksKilled": 2,
      "turretsKilled": 4,
      "minionsKilled": 230,
      "championsKilled": 7,
      "goldSpent": 12595,
      "totalDamageDealt": 153941,
      "totalDamageTaken": 17921,
      "doubleKills": 1,
      "killingSprees": 1,
      "largestKillingSpree": 6,
      "team": 100,
      "win": true,
      "neutralMinionsKilled": 3,
      "largestMultiKill": 2,
      "physicalDamageDealtPlayer": 123866,
      "magicDamageDealtPlayer": 29789,
      "physicalDamageTaken": 7132,
      "magicDamageTaken": 9485,
      "largestCriticalStrike": 822,
      "timePlayed": 1795,
      "totalHeal": 3720,
      "totalUnitsHealed": 4,
      "assists": 15,
      "item0": 1055,
      "item1": 3072,
      "item2": 3254,
      "item3": 3046,
      "item4": 3031,
      "item5": 1037,
      "item6": 3340,
      "magicDamageDealtToChampions": 9003,
      "physicalDamageDealtToChampions": 20824,
      "totalDamageDealtToChampions": 30037,
      "trueDamageDealtPlayer": 285,
      "trueDamageDealtToChampions": 208,
      "trueDamageTaken": 1304,
      "wardKilled": 1,
      "wardPlaced": 8,
      "neutralMinionsKilledYourJungle": 3,
      "totalTimeCrowdControlDealt": 563
    }
  },
  "24454325": {
    "gameId": 825971905,
    "invalid": false,
    "gameMode": "CLASSIC",
    "gameType": "MATCHED_GAME",
    "subType": "RANKED_SOLO_5x5",
    "mapId": 1,
    "teamId": 200,
    "championId": 22,
    "spell1": 4,
    "spell2": 7,
    "level": 30,
    "ipEarned": 57,
    "createDate": 1399030218019,
    "fellowPlayers": [
      {
        "summonerId": 21608569,
        "teamId": 100,
        "championId": 5
      },
      {
        "summonerId": 30109545,
        "teamId": 100,
        "championId": 131
      },
      {
        "summonerId": 36802657,
        "teamId": 200,
        "championId": 19
      },
      {
        "summonerId": 24327041,
        "teamId": 200,
        "championId": 143
      },
      {
        "summonerId": 23526998,
        "teamId": 100,
        "championId": 16
      },
      {
        "summonerId": 30029803,
        "teamId": 100,
        "championId": 64
      },
      {
        "summonerId": 27463508,
        "teamId": 200,
        "championId": 82
      },
      {
        "summonerId": 34323422,
        "teamId": 200,
        "championId": 55
      },
      {
        "summonerId": 26356776,
        "teamId": 100,
        "championId": 21
      }
    ],
    "stats": {
      "level": 14,
      "goldEarned": 9961,
      "numDeaths": 5,
      "minionsKilled": 111,
      "championsKilled": 7,
      "goldSpent": 8845,
      "totalDamageDealt": 80970,
      "totalDamageTaken": 19222,
      "doubleKills": 1,
      "killingSprees": 2,
      "largestKillingSpree": 4,
      "team": 200,
      "win": false,
      "neutralMinionsKilled": 4,
      "largestMultiKill": 2,
      "physicalDamageDealtPlayer": 79094,
      "magicDamageDealtPlayer": 1804,
      "physicalDamageTaken": 11062,
      "magicDamageTaken": 7983,
      "largestCriticalStrike": 508,
      "timePlayed": 1795,
      "totalHeal": 3426,
      "totalUnitsHealed": 3,
      "assists": 9,
      "item0": 1055,
      "item1": 1053,
      "item2": 3031,
      "item3": 3006,
      "item4": 3046,
      "item6": 3340,
      "magicDamageDealtToChampions": 1555,
      "physicalDamageDealtToChampions": 20769,
      "totalDamageDealtToChampions": 22397,
      "trueDamageDealtPlayer": 72,
      "trueDamageDealtToChampions": 72,
      "trueDamageTaken": 176,
      "wardPlaced": 4,
      "neutralMinionsKilledYourJungle": 4,
      "totalTimeCrowdControlDealt": 712
    }
  },
  "34323422": {
    "gameId": 825971905,
    "invalid": false,
    "gameMode": "CLASSIC",
    "gameType": "MATCHED_GAME",
    "subType": "RANKED_SOLO_5x5",
    "mapId": 1,
    "teamId": 200,
    "championId": 55,
    "spell1": 12,
    "spell2": 4,
    "level": 30,
    "ipEarned": 57,
    "createDate": 1399030218021,
    "fellowPlayers": [
      {
        "summonerId": 21608569,
        "teamId": 100,
        "championId": 5
      },
      {
        "summonerId": 30109545,
        "teamId": 100,
        "championId": 131
      },
      {
        "summonerId": 36802657,
        "teamId": 200,
        "championId": 19
      },
      {
        "summonerId": 24327041,
        "teamId": 200,
        "championId": 143
      },
      {
        "summonerId": 23526998,
        "teamId": 100,
        "championId": 16
      },
      {
        "summonerId": 30029803,
        "teamId": 100,
        "championId": 64
      },
      {
        "summonerId": 27463508,
        "teamId": 200,
        "championId": 82
      },
      {
        "summonerId": 24454325,
        "teamId": 200,
        "championId": 22
      },
      {
        "summonerId": 26356776,
        "teamId": 100,
        "championId": 21
      }
    ],
    "stats": {
      "level": 14,
      "goldEarned": 9888,
      "numDeaths": 10,
      "turretsKilled": 1,
      "minionsKilled": 113,
      "championsKilled": 10,
      "goldSpent": 9760,
      "totalDamageDealt": 75457,
      "totalDamageTaken": 24550,
      "doubleKills": 3,
      "killingSprees": 2,
      "largestKillingSpree": 4,
      "team": 200,
      "win": false,
      "neutralMinionsKilled": 1,
      "largestMultiKill": 2,
      "physicalDamageDealtPlayer": 8445,
      "magicDamageDealtPlayer": 67012,
      "physicalDamageTaken": 12816,
      "magicDamageTaken": 11199,
      "timePlayed": 1795,
      "totalHeal": 2305,
      "totalUnitsHealed": 1,
      "assists": 6,
      "item0": 3255,
      "item1": 3136,
      "item2": 3089,
      "item3": 3157,
      "item6": 3340,
      "magicDamageDealtToChampions": 17154,
      "physicalDamageDealtToChampions": 1105,
      "totalDamageDealtToChampions": 18259,
      "trueDamageTaken": 534,
      "wardPlaced": 2,
      "neutralMinionsKilledYourJungle": 1,
      "totalTimeCrowdControlDealt": 7
    }
  },
  "30029803": {
    "gameId": 825971905,
    "invalid": false,
    "gameMode": "CLASSIC",
    "gameType": "MATCHED_GAME",
    "subType": "RANKED_SOLO_5x5",
    "mapId": 1,
    "teamId": 100,
    "championId": 64,
    "spell1": 4,
    "spell2": 14,
    "level": 30,
    "ipEarned": 235,
    "createDate": 1399030218013,
    "fellowPlayers": [
      {
        "summonerId": 21608569,
        "teamId": 100,
        "championId": 5
      },
      {
        "summonerId": 30109545,
        "teamId": 100,
        "championId": 131
      },
      {
        "summonerId": 36802657,
        "teamId": 200,
        "championId": 19
      },
      {
        "summonerId": 24327041,
        "teamId": 200,
        "championId": 143
      },
      {
        "summonerId": 23526998,
        "teamId": 100,
        "championId": 16
      },
      {
        "summonerId": 27463508,
        "teamId": 200,
        "championId": 82
      },
      {
        "summonerId": 24454325,
        "teamId": 200,
        "championId": 22
      },
      {
        "summonerId": 34323422,
        "teamId": 200,
        "championId": 55
      },
      {
        "summonerId": 26356776,
        "teamId": 100,
        "championId": 21
      }
    ],
    "stats": {
      "level": 18,
      "goldEarned": 15158,
      "numDeaths": 7,
      "turretsKilled": 3,
      "minionsKilled": 227,
      "championsKilled": 12,
      "goldSpent": 15155,
      "totalDamageDealt": 172562,
      "totalDamageTaken": 31105,
      "doubleKills": 3,
      "killingSprees": 4,
      "largestKillingSpree": 4,
      "team": 100,
      "win": true,
      "neutralMinionsKilled": 14,
      "largestMultiKill": 2,
      "physicalDamageDealtPlayer": 136021,
      "magicDamageDealtPlayer": 35707,
      "physicalDamageTaken": 18646,
      "magicDamageTaken": 11630,
      "timePlayed": 1795,
      "totalHeal": 2033,
      "totalUnitsHealed": 1,
      "assists": 6,
      "item0": 3156,
      "item1": 3074,
      "item2": 3143,
      "item3": 3022,
      "item4": 3265,
      "item6": 3340,
      "magicDamageDealtToChampions": 2700,
      "physicalDamageDealtToChampions": 16454,
      "totalDamageDealtToChampions": 19818,
      "trueDamageDealtPlayer": 833,
      "trueDamageDealtToChampions": 663,
      "trueDamageTaken": 828,
      "wardPlaced": 2,
      "neutralMinionsKilledEnemyJungle": 14,
      "totalTimeCrowdControlDealt": 409
    }
  },
  "21608569": {
    "gameId": 825971905,
    "invalid": false,
    "gameMode": "CLASSIC",
    "gameType": "MATCHED_GAME",
    "subType": "RANKED_SOLO_5x5",
    "mapId": 1,
    "teamId": 100,
    "championId": 5,
    "spell1": 11,
    "spell2": 4,
    "level": 30,
    "ipEarned": 85,
    "createDate": 1399030218014,
    "fellowPlayers": [
      {
        "summonerId": 30109545,
        "teamId": 100,
        "championId": 131
      },
      {
        "summonerId": 36802657,
        "teamId": 200,
        "championId": 19
      },
      {
        "summonerId": 24327041,
        "teamId": 200,
        "championId": 143
      },
      {
        "summonerId": 23526998,
        "teamId": 100,
        "championId": 16
      },
      {
        "summonerId": 30029803,
        "teamId": 100,
        "championId": 64
      },
      {
        "summonerId": 27463508,
        "teamId": 200,
        "championId": 82
      },
      {
        "summonerId": 24454325,
        "teamId": 200,
        "championId": 22
      },
      {
        "summonerId": 34323422,
        "teamId": 200,
        "championId": 55
      },
      {
        "summonerId": 26356776,
        "teamId": 100,
        "championId": 21
      }
    ],
    "stats": {
      "level": 16,
      "goldEarned": 12344,
      "numDeaths": 6,
      "turretsKilled": 1,
      "minionsKilled": 20,
      "championsKilled": 8,
      "goldSpent": 11323,
      "totalDamageDealt": 139767,
      "totalDamageTaken": 32133,
      "killingSprees": 1,
      "largestKillingSpree": 5,
      "team": 100,
      "win": true,
      "neutralMinionsKilled": 97,
      "largestMultiKill": 1,
      "physicalDamageDealtPlayer": 74400,
      "magicDamageDealtPlayer": 52017,
      "physicalDamageTaken": 21751,
      "magicDamageTaken": 9092,
      "largestCriticalStrike": 400,
      "timePlayed": 1795,
      "totalHeal": 8356,
      "totalUnitsHealed": 1,
      "assists": 9,
      "item0": 3270,
      "item1": 3153,
      "item2": 3160,
      "item3": 3078,
      "item4": 1011,
      "item6": 3340,
      "visionWardsBought": 1,
      "magicDamageDealtToChampions": 2539,
      "physicalDamageDealtToChampions": 12271,
      "totalDamageDealtToChampions": 15184,
      "trueDamageDealtPlayer": 13350,
      "trueDamageDealtToChampions": 374,
      "trueDamageTaken": 1290,
      "wardKilled": 2,
      "wardPlaced": 13,
      "neutralMinionsKilledEnemyJungle": 22,
      "neutralMinionsKilledYourJungle": 75,
      "totalTimeCrowdControlDealt": 911
    }
  },
  "27463508": {
    "gameId": 825971905,
    "invalid": false,
    "gameMode": "CLASSIC",
    "gameType": "MATCHED_GAME",
    "subType": "RANKED_SOLO_5x5",
    "mapId": 1,
    "teamId": 200,
    "championId": 82,
    "spell1": 4,
    "spell2": 14,
    "level": 30,
    "ipEarned": 57,
    "createDate": 1399030218023,
    "fellowPlayers": [
      {
        "summonerId": 21608569,
        "teamId": 100,
        "championId": 5
      },
      {
        "summonerId": 30109545,
        "teamId": 100,
        "championId": 131
      },
      {
        "summonerId": 36802657,
        "teamId": 200,
        "championId": 19
      },
      {
        "summonerId": 24327041,
        "teamId": 200,
        "championId": 143
      },
      {
        "summonerId": 23526998,
        "teamId": 100,
        "championId": 16
      },
      {
        "summonerId": 30029803,
        "teamId": 100,
        "championId": 64
      },
      {
        "summonerId": 24454325,
        "teamId": 200,
        "championId": 22
      },
      {
        "summonerId": 34323422,
        "teamId": 200,
        "championId": 55
      },
      {
        "summonerId": 26356776,
        "teamId": 100,
        "championId": 21
      }
    ],
    "stats": {
      "level": 13,
      "goldEarned": 8374,
      "numDeaths": 9,
      "minionsKilled": 126,
      "championsKilled": 2,
      "goldSpent": 7420,
      "totalDamageDealt": 84900,
      "totalDamageTaken": 19426,
      "doubleKills": 1,
      "team": 200,
      "win": false,
      "neutralMinionsKilled": 2,
      "largestMultiKill": 2,
      "physicalDamageDealtPlayer": 7789,
      "magicDamageDealtPlayer": 76330,
      "physicalDamageTaken": 13610,
      "magicDamageTaken": 5205,
      "timePlayed": 1795,
      "totalHeal": 3003,
      "totalUnitsHealed": 1,
      "assists": 10,
      "item0": 3259,
      "item1": 3145,
      "item2": 3108,
      "item3": 3116,
      "item4": 1054,
      "item6": 3340,
      "visionWardsBought": 1,
      "magicDamageDealtToChampions": 11404,
      "physicalDamageDealtToChampions": 897,
      "totalDamageDealtToChampions": 13081,
      "trueDamageDealtPlayer": 780,
      "trueDamageDealtToChampions": 780,
      "trueDamageTaken": 609,
      "wardKilled": 1,
      "wardPlaced": 9,
      "neutralMinionsKilledYourJungle": 2,
      "totalTimeCrowdControlDealt": 159
    }
  },
  "24327041": {
    "gameId": 825971905,
    "invalid": false,
    "gameMode": "CLASSIC",
    "gameType": "MATCHED_GAME",
    "subType": "RANKED_SOLO_5x5",
    "mapId": 1,
    "teamId": 200,
    "championId": 143,
    "spell1": 3,
    "spell2": 4,
    "level": 30,
    "ipEarned": 57,
    "createDate": 1399030218018,
    "fellowPlayers": [
      {
        "summonerId": 21608569,
        "teamId": 100,
        "championId": 5
      },
      {
        "summonerId": 30109545,
        "teamId": 100,
        "championId": 131
      },
      {
        "summonerId": 36802657,
        "teamId": 200,
        "championId": 19
      },
      {
        "summonerId": 23526998,
        "teamId": 100,
        "championId": 16
      },
      {
        "summonerId": 30029803,
        "teamId": 100,
        "championId": 64
      },
      {
        "summonerId": 27463508,
        "teamId": 200,
        "championId": 82
      },
      {
        "summonerId": 24454325,
        "teamId": 200,
        "championId": 22
      },
      {
        "summonerId": 34323422,
        "teamId": 200,
        "championId": 55
      },
      {
        "summonerId": 26356776,
        "teamId": 100,
        "championId": 21
      }
    ],
    "stats": {
      "level": 14,
      "goldEarned": 10046,
      "numDeaths": 8,
      "minionsKilled": 30,
      "championsKilled": 4,
      "goldSpent": 9315,
      "totalDamageDealt": 39805,
      "totalDamageTaken": 19588,
      "killingSprees": 1,
      "largestKillingSpree": 2,
      "team": 200,
      "win": false,
      "neutralMinionsKilled": 1,
      "largestMultiKill": 1,
      "physicalDamageDealtPlayer": 5051,
      "magicDamageDealtPlayer": 31256,
      "physicalDamageTaken": 8636,
      "magicDamageTaken": 10952,
      "timePlayed": 1795,
      "totalHeal": 129,
      "totalUnitsHealed": 1,
      "assists": 14,
      "item0": 3092,
      "item1": 3020,
      "item2": 2049,
      "item3": 3136,
      "item4": 3116,
      "item5": 1052,
      "item6": 3340,
      "sightWardsBought": 2,
      "magicDamageDealtToChampions": 16591,
      "physicalDamageDealtToChampions": 2601,
      "totalDamageDealtToChampions": 22291,
      "trueDamageDealtPlayer": 3498,
      "trueDamageDealtToChampions": 3098,
      "wardPlaced": 18,
      "neutralMinionsKilledYourJungle": 1,
      "totalTimeCrowdControlDealt": 242
    }
  }
}