{
  "19619622": {
    "gameId": 825976141,
    "invalid": false,
    "gameMode": "CLASSIC",
    "gameType": "MATCHED_GAME",
    "subType": "RANKED_SOLO_5x5",
    "mapId": 1,
    "teamId": 200,
    "championId": 58,
    "spell1": 4,
    "spell2": 14,
    "level": 30,
    "ipEarned": 55,
    "createDate": 1399031019173,
    "fellowPlayers": [
      {
        "summonerId": 22528151,
        "teamId": 100,
        "championId": 51
      },
      {
        "summonerId": 19592123,
        "teamId": 100,
        "championId": 32
      },
      {
        "summonerId": 24693189,
        "teamId": 200,
        "championId": 9
      },
      {
        "summonerId": 28982312,
        "teamId": 200,
        "championId": 15
      },
      {
        "summonerId": 38504698,
        "teamId": 100,
        "championId": 10
      },
      {
        "summonerId": 25894673,
        "teamId": 200,
        "championId": 238
      },
      {
        "summonerId": 41605392,
        "teamId": 200,
        "championId": 25
      },
      {
        "summonerId": 38231814,
        "teamId": 100,
        "championId": 121
      },
      {
        "summonerId": 39273369,
        "teamId": 100,
        "championId": 89
      }
    ],
    "stats": {
      "level": 16,
      "goldEarned": 10251,
      "numDeaths": 13,
      "turretsKilled": 1,
      "minionsKilled": 146,
      "championsKilled": 9,
      "goldSpent": 10230,
      "totalDamageDealt": 96212,
      "totalDamageTaken": 36912,
      "killingSprees": 1,
      "largestKillingSpree": 2,
      "team": 200,
      "win": false,
      "neutralMinionsKilled": 2,
      "largestMultiKill": 1,
      "physicalDamageDealtPlayer": 80161,
      "magicDamageDealtPlayer": 14888,
      "physicalDamageTaken": 18164,
      "magicDamageTaken": 16920,
      "timePlayed": 1711,
      "totalHeal": 3930,
      "totalUnitsHealed": 1,
      "assists": 6,
      "item0": 2003,
      "item1": 3260,
      "item2": 3071,
      "item3": 1038,
      "item4": 3068,
      "item5": 1053,
      "item6": 3340,
      "magicDamageDealtToChampions": 3745,
      "physicalDamageDealtToChampions": 17307,
      "totalDamageDealtToChampions": 22214,
      "trueDamageDealtPlayer": 1162,
      "trueDamageDealtToChampions": 1162,
      "trueDamageTaken": 1828,
      "wardPlaced": 4,
      "neutralMinionsKilledYourJungle": 2,
      "totalTimeCrowdControlDealt": 40
    }
  },
  "summonerCount": 10,
  "38504698": {
    "gameId": 825976141,
    "invalid": false,
    "gameMode": "CLASSIC",
    "gameType": "MATCHED_GAME",
    "subType": "RANKED_SOLO_5x5",
    "mapId": 1,
    "teamId": 100,
    "championId": 10,
    "spell1": 4,
    "spell2": 14,
    "level": 30,
    "ipEarned": 82,
    "createDate": 1399031019165,
    "fellowPlayers": [
      {
        "summonerId": 22528151,
        "teamId": 100,
        "championId": 51
      },
      {
        "summonerId": 19592123,
        "teamId": 100,
        "championId": 32
      },
      {
        "summonerId": 24693189,
        "teamId": 200,
        "championId": 9
      },
      {
        "summonerId": 28982312,
        "teamId": 200,
        "championId": 15
      },
      {
        "summonerId": 19619622,
        "teamId": 200,
        "championId": 58
      },
      {
        "summonerId": 25894673,
        "teamId": 200,
        "championId": 238
      },
      {
        "summonerId": 41605392,
        "teamId": 200,
        "championId": 25
      },
      {
        "summonerId": 38231814,
        "teamId": 100,
        "championId": 121
      },
      {
        "summonerId": 39273369,
        "teamId": 100,
        "championId": 89
      }
    ],
    "stats": {
      "level": 17,
      "goldEarned": 13133,
      "numDeaths": 7,
      "turretsKilled": 1,
      "minionsKilled": 156,
      "championsKilled": 13,
      "goldSpent": 10900,
      "totalDamageDealt": 114199,
      "totalDamageTaken": 20475,
      "doubleKills": 2,
      "tripleKills": 1,
      "killingSprees": 4,
      "largestKillingSpree": 4,
      "team": 100,
      "win": true,
      "neutralMinionsKilled": 4,
      "largestMultiKill": 3,
      "physicalDamageDealtPlayer": 41430,
      "magicDamageDealtPlayer": 72133,
      "physicalDamageTaken": 12751,
      "magicDamageTaken": 6988,
      "timePlayed": 1711,
      "totalHeal": 5257,
      "totalUnitsHealed": 4,
      "assists": 13,
      "item0": 3115,
      "item1": 3124,
      "item2": 3089,
      "item3": 3006,
      "item4": 1043,
      "item6": 3340,
      "magicDamageDealtToChampions": 15422,
      "physicalDamageDealtToChampions": 5410,
      "totalDamageDealtToChampions": 21469,
      "trueDamageDealtPlayer": 636,
      "trueDamageDealtToChampions": 636,
      "trueDamageTaken": 736,
      "wardPlaced": 5,
      "neutralMinionsKilledEnemyJungle": 1,
      "neutralMinionsKilledYourJungle": 3,
      "totalTimeCrowdControlDealt": 111
    }
  },
  "19592123": {
    "gameId": 825976141,
    "invalid": false,
    "gameMode": "CLASSIC",
    "gameType": "MATCHED_GAME",
    "subType": "RANKED_SOLO_5x5",
    "mapId": 1,
    "teamId": 100,
    "championId": 32,
    "spell1": 4,
    "spell2": 11,
    "level": 30,
    "ipEarned": 232,
    "createDate": 1399031019168,
    "fellowPlayers": [
      {
        "summonerId": 22528151,
        "teamId": 100,
        "championId": 51
      },
      {
        "summonerId": 24693189,
        "teamId": 200,
        "championId": 9
      },
      {
        "summonerId": 28982312,
        "teamId": 200,
        "championId": 15
      },
      {
        "summonerId": 19619622,
        "teamId": 200,
        "championId": 58
      },
      {
        "summonerId": 38504698,
        "teamId": 100,
        "championId": 10
      },
      {
        "summonerId": 25894673,
        "teamId": 200,
        "championId": 238
      },
      {
        "summonerId": 41605392,
        "teamId": 200,
        "championId": 25
      },
      {
        "summonerId": 38231814,
        "teamId": 100,
        "championId": 121
      },
      {
        "summonerId": 39273369,
        "teamId": 100,
        "championId": 89
      }
    ],
    "stats": {
      "level": 17,
      "goldEarned": 13277,
      "numDeaths": 6,
      "minionsKilled": 71,
      "championsKilled": 14,
      "goldSpent": 11665,
      "totalDamageDealt": 141677,
      "totalDamageTaken": 27493,
      "doubleKills": 3,
      "tripleKills": 1,
      "killingSprees": 4,
      "largestKillingSpree": 6,
      "team": 100,
      "win": true,
      "neutralMinionsKilled": 73,
      "largestMultiKill": 3,
      "physicalDamageDealtPlayer": 14551,
      "magicDamageDealtPlayer": 118053,
      "physicalDamageTaken": 18296,
      "magicDamageTaken": 8503,
      "timePlayed": 1711,
      "totalHeal": 5943,
      "totalUnitsHealed": 1,
      "assists": 10,
      "item0": 3068,
      "item1": 3270,
      "item2": 3207,
      "item3": 3116,
      "item4": 3001,
      "item6": 3340,
      "magicDamageDealtToChampions": 23474,
      "physicalDamageDealtToChampions": 2220,
      "totalDamageDealtToChampions": 26517,
      "trueDamageDealtPlayer": 9072,
      "trueDamageDealtToChampions": 822,
      "trueDamageTaken": 694,
      "wardPlaced": 5,
      "neutralMinionsKilledEnemyJungle": 18,
      "neutralMinionsKilledYourJungle": 55,
      "totalTimeCrowdControlDealt": 592
    }
  },
  "25894673": {
    "gameId": 825976141,
    "invalid": false,
    "gameMode": "CLASSIC",
    "gameType": "MATCHED_GAME",
    "subType": "RANKED_SOLO_5x5",
    "mapId": 1,
    "teamId": 200,
    "championId": 238,
    "spell1": 4,
    "spell2": 14,
    "level": 30,
    "ipEarned": 55,
    "createDate": 1399031019170,
    "fellowPlayers": [
      {
        "summonerId": 22528151,
        "teamId": 100,
        "championId": 51
      },
      {
        "summonerId": 19592123,
        "teamId": 100,
        "championId": 32
      },
      {
        "summonerId": 24693189,
        "teamId": 200,
        "championId": 9
      },
      {
        "summonerId": 28982312,
        "teamId": 200,
        "championId": 15
      },
      {
        "summonerId": 19619622,
        "teamId": 200,
        "championId": 58
      },
      {
        "summonerId": 38504698,
        "teamId": 100,
        "championId": 10
      },
      {
        "summonerId": 41605392,
        "teamId": 200,
        "championId": 25
      },
      {
        "summonerId": 38231814,
        "teamId": 100,
        "championId": 121
      },
      {
        "summonerId": 39273369,
        "teamId": 100,
        "championId": 89
      }
    ],
    "stats": {
      "level": 16,
      "goldEarned": 11454,
      "numDeaths": 13,
      "minionsKilled": 82,
      "championsKilled": 15,
      "goldSpent": 10687,
      "totalDamageDealt": 80134,
      "totalDamageTaken": 32916,
      "doubleKills": 3,
      "killingSprees": 4,
      "largestKillingSpree": 3,
      "team": 200,
      "win": false,
      "neutralMinionsKilled": 2,
      "largestMultiKill": 2,
      "physicalDamageDealtPlayer": 72901,
      "magicDamageDealtPlayer": 5454,
      "physicalDamageTaken": 19176,
      "magicDamageTaken": 12420,
      "timePlayed": 1711,
      "totalHeal": 2430,
      "totalUnitsHealed": 1,
      "assists": 7,
      "item0": 3072,
      "item1": 3250,
      "item2": 3153,
      "item3": 1028,
      "item4": 3134,
      "item5": 1011,
      "item6": 3340,
      "magicDamageDealtToChampions": 2248,
      "physicalDamageDealtToChampions": 23540,
      "totalDamageDealtToChampions": 27414,
      "trueDamageDealtPlayer": 1778,
      "trueDamageDealtToChampions": 1626,
      "trueDamageTaken": 1320,
      "wardPlaced": 26,
      "neutralMinionsKilledYourJungle": 2,
      "totalTimeCrowdControlDealt": 200
    }
  },
  "39273369": {
    "gameId": 825976141,
    "invalid": false,
    "gameMode": "CLASSIC",
    "gameType": "MATCHED_GAME",
    "subType": "RANKED_SOLO_5x5",
    "mapId": 1,
    "teamId": 100,
    "championId": 89,
    "spell1": 3,
    "spell2": 4,
    "level": 30,
    "ipEarned": 82,
    "createDate": 1399031019164,
    "fellowPlayers": [
      {
        "summonerId": 22528151,
        "teamId": 100,
        "championId": 51
      },
      {
        "summonerId": 19592123,
        "teamId": 100,
        "championId": 32
      },
      {
        "summonerId": 24693189,
        "teamId": 200,
        "championId": 9
      },
      {
        "summonerId": 28982312,
        "teamId": 200,
        "championId": 15
      },
      {
        "summonerId": 19619622,
        "teamId": 200,
        "championId": 58
      },
      {
        "summonerId": 38504698,
        "teamId": 100,
        "championId": 10
      },
      {
        "summonerId": 25894673,
        "teamId": 200,
        "championId": 238
      },
      {
        "summonerId": 41605392,
        "teamId": 200,
        "championId": 25
      },
      {
        "summonerId": 38231814,
        "teamId": 100,
        "championId": 121
      }
    ],
    "stats": {
      "level": 14,
      "goldEarned": 7759,
      "numDeaths": 5,
      "minionsKilled": 24,
      "championsKilled": 1,
      "goldSpent": 7510,
      "totalDamageDealt": 20981,
      "totalDamageTaken": 18349,
      "team": 100,
      "win": true,
      "largestMultiKill": 1,
      "physicalDamageDealtPlayer": 10902,
      "magicDamageDealtPlayer": 7062,
      "physicalDamageTaken": 9942,
      "magicDamageTaken": 7833,
      "timePlayed": 1711,
      "totalHeal": 2652,
      "totalUnitsHealed": 3,
      "assists": 15,
      "item0": 3401,
      "item1": 2049,
      "item2": 3047,
      "item3": 1028,
      "item4": 3143,
      "item6": 3340,
      "sightWardsBought": 1,
      "magicDamageDealtToChampions": 4202,
      "physicalDamageDealtToChampions": 2454,
      "totalDamageDealtToChampions": 6996,
      "trueDamageDealtPlayer": 3016,
      "trueDamageDealtToChampions": 340,
      "trueDamageTaken": 574,
      "wardPlaced": 13,
      "totalTimeCrowdControlDealt": 158
    }
  },
  "38231814": {
    "gameId": 825976141,
    "invalid": false,
    "gameMode": "CLASSIC",
    "gameType": "MATCHED_GAME",
    "subType": "RANKED_SOLO_5x5",
    "mapId": 1,
    "teamId": 100,
    "championId": 121,
    "spell1": 4,
    "spell2": 14,
    "level": 30,
    "ipEarned": 232,
    "createDate": 1399031019167,
    "fellowPlayers": [
      {
        "summonerId": 22528151,
        "teamId": 100,
        "championId": 51
      },
      {
        "summonerId": 19592123,
        "teamId": 100,
        "championId": 32
      },
      {
        "summonerId": 24693189,
        "teamId": 200,
        "championId": 9
      },
      {
        "summonerId": 28982312,
        "teamId": 200,
        "championId": 15
      },
      {
        "summonerId": 19619622,
        "teamId": 200,
        "championId": 58
      },
      {
        "summonerId": 38504698,
        "teamId": 100,
        "championId": 10
      },
      {
        "summonerId": 25894673,
        "teamId": 200,
        "championId": 238
      },
      {
        "summonerId": 41605392,
        "teamId": 200,
        "championId": 25
      },
      {
        "summonerId": 39273369,
        "teamId": 100,
        "championId": 89
      }
    ],
    "stats": {
      "level": 15,
      "goldEarned": 10084,
      "numDeaths": 7,
      "turretsKilled": 1,
      "minionsKilled": 93,
      "championsKilled": 8,
      "goldSpent": 9512,
      "totalDamageDealt": 85991,
      "totalDamageTaken": 20539,
      "killingSprees": 2,
      "largestKillingSpree": 5,
      "team": 100,
      "win": true,
      "neutralMinionsKilled": 19,
      "largestMultiKill": 1,
      "physicalDamageDealtPlayer": 83790,
      "magicDamageDealtPlayer": 1220,
      "physicalDamageTaken": 15943,
      "magicDamageTaken": 4162,
      "timePlayed": 1711,
      "totalHeal": 1788,
      "totalUnitsHealed": 1,
      "assists": 9,
      "item0": 3004,
      "item1": 3072,
      "item2": 3134,
      "item3": 1028,
      "item4": 3275,
      "item6": 3340,
      "sightWardsBought": 4,
      "magicDamageDealtToChampions": 1147,
      "physicalDamageDealtToChampions": 15197,
      "totalDamageDealtToChampions": 17325,
      "trueDamageDealtPlayer": 980,
      "trueDamageDealtToChampions": 980,
      "trueDamageTaken": 434,
      "wardPlaced": 9,
      "neutralMinionsKilledEnemyJungle": 12,
      "neutralMinionsKilledYourJungle": 7,
      "totalTimeCrowdControlDealt": 232
    }
  },
  "28982312": {
    "gameId": 825976141,
    "invalid": false,
    "gameMode": "CLASSIC",
    "gameType": "MATCHED_GAME",
    "subType": "RANKED_SOLO_5x5",
    "mapId": 1,
    "teamId": 200,
    "championId": 15,
    "spell1": 4,
    "spell2": 7,
    "level": 30,
    "ipEarned": 0,
    "createDate": 1399031019174,
    "fellowPlayers": [
      {
        "summonerId": 22528151,
        "teamId": 100,
        "championId": 51
      },
      {
        "summonerId": 19592123,
        "teamId": 100,
        "championId": 32
      },
      {
        "summonerId": 24693189,
        "teamId": 200,
        "championId": 9
      },
      {
        "summonerId": 19619622,
        "teamId": 200,
        "championId": 58
      },
      {
        "summonerId": 38504698,
        "teamId": 100,
        "championId": 10
      },
      {
        "summonerId": 25894673,
        "teamId": 200,
        "championId": 238
      },
      {
        "summonerId": 41605392,
        "teamId": 200,
        "championId": 25
      },
      {
        "summonerId": 38231814,
        "teamId": 100,
        "championId": 121
      },
      {
        "summonerId": 39273369,
        "teamId": 100,
        "championId": 89
      }
    ],
    "stats": {
      "level": 1,
      "goldEarned": 3655,
      "team": 200,
      "win": false,
      "timePlayed": 1711
    }
  },
  "41605392": {
    "gameId": 825976141,
    "invalid": false,
    "gameMode": "CLASSIC",
    "gameType": "MATCHED_GAME",
    "subType": "RANKED_SOLO_5x5",
    "mapId": 1,
    "teamId": 200,
    "championId": 25,
    "spell1": 3,
    "spell2": 4,
    "level": 30,
    "ipEarned": 55,
    "createDate": 1399031019169,
    "fellowPlayers": [
      {
        "summonerId": 22528151,
        "teamId": 100,
        "championId": 51
      },
      {
        "summonerId": 19592123,
        "teamId": 100,
        "championId": 32
      },
      {
        "summonerId": 24693189,
        "teamId": 200,
        "championId": 9
      },
      {
        "summonerId": 28982312,
        "teamId": 200,
        "championId": 15
      },
      {
        "summonerId": 19619622,
        "teamId": 200,
        "championId": 58
      },
      {
        "summonerId": 38504698,
        "teamId": 100,
        "championId": 10
      },
      {
        "summonerId": 25894673,
        "teamId": 200,
        "championId": 238
      },
      {
        "summonerId": 38231814,
        "teamId": 100,
        "championId": 121
      },
      {
        "summonerId": 39273369,
        "teamId": 100,
        "championId": 89
      }
    ],
    "stats": {
      "level": 14,
      "goldEarned": 7507,
      "numDeaths": 9,
      "minionsKilled": 113,
      "championsKilled": 2,
      "goldSpent": 6935,
      "totalDamageDealt": 62409,
      "totalDamageTaken": 20121,
      "team": 200,
      "win": false,
      "largestMultiKill": 1,
      "physicalDamageDealtPlayer": 7187,
      "magicDamageDealtPlayer": 55222,
      "physicalDamageTaken": 11145,
      "magicDamageTaken": 8075,
      "timePlayed": 1711,
      "totalHeal": 780,
      "totalUnitsHealed": 1,
      "assists": 6,
      "item0": 3301,
      "item1": 3191,
      "item2": 2045,
      "item3": 3174,
      "item4": 3020,
      "item6": 3341,
      "sightWardsBought": 1,
      "magicDamageDealtToChampions": 12977,
      "physicalDamageDealtToChampions": 879,
      "totalDamageDealtToChampions": 13857,
      "trueDamageTaken": 900,
      "wardKilled": 1,
      "wardPlaced": 7,
      "totalTimeCrowdControlDealt": 109
    }
  },
  "24693189": {
    "gameId": 825976141,
    "invalid": false,
    "gameMode": "CLASSIC",
    "gameType": "MATCHED_GAME",
    "subType": "RANKED_SOLO_5x5",
    "mapId": 1,
    "teamId": 200,
    "championId": 9,
    "spell1": 11,
    "spell2": 4,
    "level": 30,
    "ipEarned": 55,
    "createDate": 1399031019172,
    "fellowPlayers": [
      {
        "summonerId": 22528151,
        "teamId": 100,
        "championId": 51
      },
      {
        "summonerId": 19592123,
        "teamId": 100,
        "championId": 32
      },
      {
        "summonerId": 28982312,
        "teamId": 200,
        "championId": 15
      },
      {
        "summonerId": 19619622,
        "teamId": 200,
        "championId": 58
      },
      {
        "summonerId": 38504698,
        "teamId": 100,
        "championId": 10
      },
      {
        "summonerId": 25894673,
        "teamId": 200,
        "championId": 238
      },
      {
        "summonerId": 41605392,
        "teamId": 200,
        "championId": 25
      },
      {
        "summonerId": 38231814,
        "teamId": 100,
        "championId": 121
      },
      {
        "summonerId": 39273369,
        "teamId": 100,
        "championId": 89
      }
    ],
    "stats": {
      "level": 15,
      "goldEarned": 8532,
      "numDeaths": 10,
      "minionsKilled": 54,
      "championsKilled": 4,
      "goldSpent": 8300,
      "totalDamageDealt": 100959,
      "totalDamageTaken": 24940,
      "killingSprees": 1,
      "largestKillingSpree": 2,
      "team": 200,
      "win": false,
      "neutralMinionsKilled": 41,
      "largestMultiKill": 1,
      "physicalDamageDealtPlayer": 9095,
      "magicDamageDealtPlayer": 82718,
      "physicalDamageTaken": 15265,
      "magicDamageTaken": 9231,
      "timePlayed": 1711,
      "totalHeal": 5311,
      "totalUnitsHealed": 1,
      "assists": 9,
      "item0": 3206,
      "item1": 3151,
      "item2": 3191,
      "item3": 1001,
      "item4": 1058,
      "item6": 3340,
      "magicDamageDealtToChampions": 15922,
      "physicalDamageDealtToChampions": 726,
      "totalDamageDealtToChampions": 16741,
      "trueDamageDealtPlayer": 9146,
      "trueDamageDealtToChampions": 92,
      "trueDamageTaken": 443,
      "wardPlaced": 8,
      "neutralMinionsKilledYourJungle": 41,
      "totalTimeCrowdControlDealt": 439
    }
  },
  "22528151": {
    "gameId": 825976141,
    "invalid": false,
    "gameMode": "CLASSIC",
    "gameType": "MATCHED_GAME",
    "subType": "RANKED_SOLO_5x5",
    "mapId": 1,
    "teamId": 100,
    "championId": 51,
    "spell1": 4,
    "spell2": 7,
    "level": 30,
    "ipEarned": 82,
    "createDate": 1399031019166,
    "fellowPlayers": [
      {
        "summonerId": 19592123,
        "teamId": 100,
        "championId": 32
      },
      {
        "summonerId": 24693189,
        "teamId": 200,
        "championId": 9
      },
      {
        "summonerId": 28982312,
        "teamId": 200,
        "championId": 15
      },
      {
        "summonerId": 19619622,
        "teamId": 200,
        "championId": 58
      },
      {
        "summonerId": 38504698,
        "teamId": 100,
        "championId": 10
      },
      {
        "summonerId": 25894673,
        "teamId": 200,
        "championId": 238
      },
      {
        "summonerId": 41605392,
        "teamId": 200,
        "championId": 25
      },
      {
        "summonerId": 38231814,
        "teamId": 100,
        "championId": 121
      },
      {
        "summonerId": 39273369,
        "teamId": 100,
        "championId": 89
      }
    ],
    "stats": {
      "level": 16,
      "goldEarned": 12310,
      "numDeaths": 5,
      "barracksKilled": 1,
      "turretsKilled": 2,
      "minionsKilled": 160,
      "championsKilled": 9,
      "goldSpent": 10565,
      "totalDamageDealt": 107686,
      "totalDamageTaken": 18289,
      "doubleKills": 1,
      "killingSprees": 2,
      "largestKillingSpree": 4,
      "team": 100,
      "win": true,
      "neutralMinionsKilled": 7,
      "largestMultiKill": 2,
      "physicalDamageDealtPlayer": 98922,
      "magicDamageDealtPlayer": 7237,
      "physicalDamageTaken": 10200,
      "magicDamageTaken": 7406,
      "largestCriticalStrike": 800,
      "timePlayed": 1711,
      "totalHeal": 3051,
      "totalUnitsHealed": 4,
      "assists": 13,
      "item0": 1055,
      "item1": 3072,
      "item2": 3006,
      "item3": 3087,
      "item4": 1037,
      "item5": 3035,
      "item6": 3340,
      "magicDamageDealtToChampions": 2399,
      "physicalDamageDealtToChampions": 19655,
      "totalDamageDealtToChampions": 23363,
      "trueDamageDealtPlayer": 1526,
      "trueDamageDealtToChampions": 1308,
      "trueDamageTaken": 682,
      "wardPlaced": 3,
      "neutralMinionsKilledEnemyJungle": 1,
      "neutralMinionsKilledYourJungle": 6,
      "totalTimeCrowdControlDealt": 307
    }
  }
}