{
  "19754049": {
    "gameId": 825976814,
    "invalid": false,
    "gameMode": "CLASSIC",
    "gameType": "MATCHED_GAME",
    "subType": "RANKED_SOLO_5x5",
    "mapId": 1,
    "teamId": 200,
    "championId": 117,
    "spell1": 3,
    "spell2": 4,
    "level": 30,
    "ipEarned": 279,
    "createDate": 1399032289395,
    "fellowPlayers": [
      {
        "summonerId": 27224273,
        "teamId": 100,
        "championId": 11
      },
      {
        "summonerId": 30664667,
        "teamId": 100,
        "championId": 21
      },
      {
        "summonerId": 42363602,
        "teamId": 200,
        "championId": 236
      },
      {
        "summonerId": 40863049,
        "teamId": 100,
        "championId": 412
      },
      {
        "summonerId": 35742545,
        "teamId": 100,
        "championId": 114
      },
      {
        "summonerId": 24628069,
        "teamId": 200,
        "championId": 55
      },
      {
        "summonerId": 28313464,
        "teamId": 200,
        "championId": 33
      },
      {
        "summonerId": 24096397,
        "teamId": 200,
        "championId": 92
      },
      {
        "summonerId": 34714977,
        "teamId": 100,
        "championId": 7
      }
    ],
    "stats": {
      "level": 18,
      "goldEarned": 19534,
      "numDeaths": 9,
      "barracksKilled": 1,
      "turretsKilled": 1,
      "minionsKilled": 86,
      "championsKilled": 4,
      "goldSpent": 20665,
      "totalDamageDealt": 90666,
      "totalDamageTaken": 39448,
      "team": 200,
      "win": true,
      "neutralMinionsKilled": 1,
      "largestMultiKill": 1,
      "physicalDamageDealtPlayer": 17034,
      "magicDamageDealtPlayer": 73632,
      "physicalDamageTaken": 25722,
      "magicDamageTaken": 13103,
      "timePlayed": 2903,
      "totalHeal": 2073,
      "totalUnitsHealed": 1,
      "assists": 33,
      "item0": 3092,
      "item1": 3023,
      "item2": 3190,
      "item3": 3143,
      "item4": 3100,
      "item5": 3102,
      "item6": 3364,
      "sightWardsBought": 3,
      "visionWardsBought": 2,
      "magicDamageDealtToChampions": 19418,
      "physicalDamageDealtToChampions": 3699,
      "totalDamageDealtToChampions": 23117,
      "trueDamageTaken": 622,
      "wardKilled": 3,
      "wardPlaced": 39,
      "neutralMinionsKilledYourJungle": 1,
      "totalTimeCrowdControlDealt": 1027
    }
  },
  "summonerCount": 10,
  "27224273": {
    "gameId": 825976814,
    "invalid": false,
    "gameMode": "CLASSIC",
    "gameType": "MATCHED_GAME",
    "subType": "RANKED_SOLO_5x5",
    "mapId": 1,
    "teamId": 100,
    "championId": 11,
    "spell1": 11,
    "spell2": 4,
    "level": 30,
    "ipEarned": 84,
    "createDate": 1399032289385,
    "fellowPlayers": [
      {
        "summonerId": 30664667,
        "teamId": 100,
        "championId": 21
      },
      {
        "summonerId": 42363602,
        "teamId": 200,
        "championId": 236
      },
      {
        "summonerId": 19754049,
        "teamId": 200,
        "championId": 117
      },
      {
        "summonerId": 40863049,
        "teamId": 100,
        "championId": 412
      },
      {
        "summonerId": 35742545,
        "teamId": 100,
        "championId": 114
      },
      {
        "summonerId": 24628069,
        "teamId": 200,
        "championId": 55
      },
      {
        "summonerId": 28313464,
        "teamId": 200,
        "championId": 33
      },
      {
        "summonerId": 24096397,
        "teamId": 200,
        "championId": 92
      },
      {
        "summonerId": 34714977,
        "teamId": 100,
        "championId": 7
      }
    ],
    "stats": {
      "level": 18,
      "goldEarned": 18655,
      "numDeaths": 16,
      "turretsKilled": 1,
      "minionsKilled": 116,
      "championsKilled": 13,
      "goldSpent": 20005,
      "totalDamageDealt": 336736,
      "totalDamageTaken": 56003,
      "doubleKills": 3,
      "tripleKills": 1,
      "killingSprees": 3,
      "largestKillingSpree": 4,
      "team": 100,
      "win": false,
      "neutralMinionsKilled": 136,
      "largestMultiKill": 3,
      "physicalDamageDealtPlayer": 272295,
      "magicDamageDealtPlayer": 44600,
      "physicalDamageTaken": 32555,
      "magicDamageTaken": 22929,
      "largestCriticalStrike": 1041,
      "timePlayed": 2903,
      "totalHeal": 10489,
      "totalUnitsHealed": 1,
      "assists": 11,
      "item0": 3143,
      "item1": 3153,
      "item2": 3142,
      "item3": 3026,
      "item4": 3031,
      "item5": 3047,
      "item6": 3340,
      "magicDamageDealtToChampions": 1866,
      "physicalDamageDealtToChampions": 28009,
      "totalDamageDealtToChampions": 33010,
      "trueDamageDealtPlayer": 19841,
      "trueDamageDealtToChampions": 3134,
      "trueDamageTaken": 518,
      "wardPlaced": 10,
      "neutralMinionsKilledEnemyJungle": 13,
      "neutralMinionsKilledYourJungle": 123,
      "totalTimeCrowdControlDealt": 689
    }
  },
  "42363602": {
    "gameId": 825976814,
    "invalid": false,
    "gameMode": "CLASSIC",
    "gameType": "MATCHED_GAME",
    "subType": "RANKED_SOLO_5x5",
    "mapId": 1,
    "teamId": 200,
    "championId": 236,
    "spell1": 4,
    "spell2": 7,
    "level": 30,
    "ipEarned": 279,
    "createDate": 1399032289394,
    "fellowPlayers": [
      {
        "summonerId": 27224273,
        "teamId": 100,
        "championId": 11
      },
      {
        "summonerId": 30664667,
        "teamId": 100,
        "championId": 21
      },
      {
        "summonerId": 19754049,
        "teamId": 200,
        "championId": 117
      },
      {
        "summonerId": 40863049,
        "teamId": 100,
        "championId": 412
      },
      {
        "summonerId": 35742545,
        "teamId": 100,
        "championId": 114
      },
      {
        "summonerId": 24628069,
        "teamId": 200,
        "championId": 55
      },
      {
        "summonerId": 28313464,
        "teamId": 200,
        "championId": 33
      },
      {
        "summonerId": 24096397,
        "teamId": 200,
        "championId": 92
      },
      {
        "summonerId": 34714977,
        "teamId": 100,
        "championId": 7
      }
    ],
    "stats": {
      "level": 18,
      "goldEarned": 21004,
      "numDeaths": 10,
      "barracksKilled": 3,
      "turretsKilled": 3,
      "minionsKilled": 239,
      "championsKilled": 12,
      "goldSpent": 18353,
      "totalDamageDealt": 295849,
      "totalDamageTaken": 45211,
      "doubleKills": 3,
      "tripleKills": 1,
      "killingSprees": 4,
      "largestKillingSpree": 3,
      "team": 200,
      "win": true,
      "neutralMinionsKilled": 46,
      "largestMultiKill": 3,
      "physicalDamageDealtPlayer": 262049,
      "magicDamageDealtPlayer": 30571,
      "physicalDamageTaken": 35092,
      "magicDamageTaken": 8620,
      "largestCriticalStrike": 1083,
      "timePlayed": 2903,
      "totalHeal": 6420,
      "totalUnitsHealed": 5,
      "assists": 15,
      "item0": 3153,
      "item1": 3006,
      "item2": 3031,
      "item3": 3072,
      "item4": 3035,
      "item5": 3078,
      "item6": 3340,
      "magicDamageDealtToChampions": 3617,
      "physicalDamageDealtToChampions": 35025,
      "totalDamageDealtToChampions": 39535,
      "trueDamageDealtPlayer": 3228,
      "trueDamageDealtToChampions": 892,
      "trueDamageTaken": 1498,
      "wardPlaced": 9,
      "neutralMinionsKilledEnemyJungle": 11,
      "neutralMinionsKilledYourJungle": 35,
      "totalTimeCrowdControlDealt": 513
    }
  },
  "24096397": {
    "gameId": 825976814,
    "invalid": false,
    "gameMode": "CLASSIC",
    "gameType": "MATCHED_GAME",
    "subType": "RANKED_SOLO_5x5",
    "mapId": 1,
    "teamId": 200,
    "championId": 92,
    "spell1": 14,
    "spell2": 4,
    "level": 30,
    "ipEarned": 279,
    "createDate": 1399032289392,
    "fellowPlayers": [
      {
        "summonerId": 27224273,
        "teamId": 100,
        "championId": 11
      },
      {
        "summonerId": 30664667,
        "teamId": 100,
        "championId": 21
      },
      {
        "summonerId": 42363602,
        "teamId": 200,
        "championId": 236
      },
      {
        "summonerId": 19754049,
        "teamId": 200,
        "championId": 117
      },
      {
        "summonerId": 40863049,
        "teamId": 100,
        "championId": 412
      },
      {
        "summonerId": 35742545,
        "teamId": 100,
        "championId": 114
      },
      {
        "summonerId": 24628069,
        "teamId": 200,
        "championId": 55
      },
      {
        "summonerId": 28313464,
        "teamId": 200,
        "championId": 33
      },
      {
        "summonerId": 34714977,
        "teamId": 100,
        "championId": 7
      }
    ],
    "stats": {
      "level": 18,
      "goldEarned": 21006,
      "numDeaths": 15,
      "turretsKilled": 1,
      "minionsKilled": 284,
      "championsKilled": 13,
      "goldSpent": 18380,
      "totalDamageDealt": 251410,
      "totalDamageTaken": 40569,
      "doubleKills": 1,
      "tripleKills": 1,
      "killingSprees": 2,
      "largestKillingSpree": 3,
      "team": 200,
      "win": true,
      "neutralMinionsKilled": 31,
      "largestMultiKill": 3,
      "physicalDamageDealtPlayer": 249335,
      "magicDamageDealtPlayer": 48,
      "physicalDamageTaken": 30070,
      "magicDamageTaken": 9902,
      "timePlayed": 2903,
      "totalHeal": 3698,
      "totalUnitsHealed": 1,
      "assists": 15,
      "item0": 3275,
      "item1": 3074,
      "item2": 3072,
      "item3": 3071,
      "item4": 3035,
      "item5": 3026,
      "item6": 3341,
      "sightWardsBought": 3,
      "magicDamageDealtToChampions": 48,
      "physicalDamageDealtToChampions": 34384,
      "totalDamageDealtToChampions": 36327,
      "trueDamageDealtPlayer": 2026,
      "trueDamageDealtToChampions": 1894,
      "trueDamageTaken": 597,
      "wardPlaced": 5,
      "neutralMinionsKilledYourJungle": 31,
      "totalTimeCrowdControlDealt": 193
    }
  },
  "34714977": {
    "gameId": 825976814,
    "invalid": false,
    "gameMode": "CLASSIC",
    "gameType": "MATCHED_GAME",
    "subType": "RANKED_SOLO_5x5",
    "mapId": 1,
    "teamId": 100,
    "championId": 7,
    "spell1": 4,
    "spell2": 14,
    "level": 30,
    "ipEarned": 84,
    "createDate": 1399032289388,
    "fellowPlayers": [
      {
        "summonerId": 27224273,
        "teamId": 100,
        "championId": 11
      },
      {
        "summonerId": 30664667,
        "teamId": 100,
        "championId": 21
      },
      {
        "summonerId": 42363602,
        "teamId": 200,
        "championId": 236
      },
      {
        "summonerId": 19754049,
        "teamId": 200,
        "championId": 117
      },
      {
        "summonerId": 40863049,
        "teamId": 100,
        "championId": 412
      },
      {
        "summonerId": 35742545,
        "teamId": 100,
        "championId": 114
      },
      {
        "summonerId": 24628069,
        "teamId": 200,
        "championId": 55
      },
      {
        "summonerId": 28313464,
        "teamId": 200,
        "championId": 33
      },
      {
        "summonerId": 24096397,
        "teamId": 200,
        "championId": 92
      }
    ],
    "stats": {
      "level": 18,
      "goldEarned": 16277,
      "numDeaths": 13,
      "minionsKilled": 160,
      "championsKilled": 10,
      "goldSpent": 15890,
      "totalDamageDealt": 139759,
      "totalDamageTaken": 35719,
      "doubleKills": 1,
      "killingSprees": 3,
      "largestKillingSpree": 3,
      "team": 100,
      "win": false,
      "neutralMinionsKilled": 10,
      "largestMultiKill": 2,
      "physicalDamageDealtPlayer": 18680,
      "magicDamageDealtPlayer": 118699,
      "physicalDamageTaken": 15048,
      "magicDamageTaken": 20240,
      "timePlayed": 2903,
      "totalHeal": 562,
      "totalUnitsHealed": 1,
      "assists": 21,
      "item0": 1057,
      "item1": 3157,
      "item2": 3128,
      "item3": 3001,
      "item4": 3255,
      "item5": 3089,
      "item6": 3340,
      "magicDamageDealtToChampions": 39246,
      "physicalDamageDealtToChampions": 2085,
      "totalDamageDealtToChampions": 42649,
      "trueDamageDealtPlayer": 2380,
      "trueDamageDealtToChampions": 1318,
      "trueDamageTaken": 430,
      "wardPlaced": 12,
      "neutralMinionsKilledYourJungle": 10,
      "totalTimeCrowdControlDealt": 238
    }
  },
  "35742545": {
    "gameId": 825976814,
    "invalid": false,
    "gameMode": "CLASSIC",
    "gameType": "MATCHED_GAME",
    "subType": "RANKED_SOLO_5x5",
    "mapId": 1,
    "teamId": 100,
    "championId": 114,
    "spell1": 12,
    "spell2": 4,
    "level": 30,
    "ipEarned": 84,
    "createDate": 1399032289386,
    "fellowPlayers": [
      {
        "summonerId": 27224273,
        "teamId": 100,
        "championId": 11
      },
      {
        "summonerId": 30664667,
        "teamId": 100,
        "championId": 21
      },
      {
        "summonerId": 42363602,
        "teamId": 200,
        "championId": 236
      },
      {
        "summonerId": 19754049,
        "teamId": 200,
        "championId": 117
      },
      {
        "summonerId": 40863049,
        "teamId": 100,
        "championId": 412
      },
      {
        "summonerId": 24628069,
        "teamId": 200,
        "championId": 55
      },
      {
        "summonerId": 28313464,
        "teamId": 200,
        "championId": 33
      },
      {
        "summonerId": 24096397,
        "teamId": 200,
        "championId": 92
      },
      {
        "summonerId": 34714977,
        "teamId": 100,
        "championId": 7
      }
    ],
    "stats": {
      "level": 18,
      "goldEarned": 18361,
      "numDeaths": 10,
      "turretsKilled": 1,
      "minionsKilled": 223,
      "championsKilled": 15,
      "goldSpent": 15955,
      "totalDamageDealt": 189590,
      "totalDamageTaken": 53015,
      "killingSprees": 5,
      "largestKillingSpree": 3,
      "team": 100,
      "win": false,
      "neutralMinionsKilled": 5,
      "largestMultiKill": 1,
      "physicalDamageDealtPlayer": 184634,
      "magicDamageDealtPlayer": 3511,
      "physicalDamageTaken": 31207,
      "magicDamageTaken": 20025,
      "timePlayed": 2903,
      "totalHeal": 3581,
      "totalUnitsHealed": 1,
      "assists": 14,
      "item0": 3074,
      "item1": 3022,
      "item2": 3047,
      "item3": 3035,
      "item4": 3026,
      "item5": 3156,
      "item6": 3340,
      "magicDamageDealtToChampions": 2139,
      "physicalDamageDealtToChampions": 34882,
      "totalDamageDealtToChampions": 37524,
      "trueDamageDealtPlayer": 1444,
      "trueDamageDealtToChampions": 502,
      "trueDamageTaken": 1781,
      "wardPlaced": 8,
      "neutralMinionsKilledEnemyJungle": 3,
      "neutralMinionsKilledYourJungle": 2,
      "totalTimeCrowdControlDealt": 590
    }
  },
  "24628069": {
    "gameId": 825976814,
    "invalid": false,
    "gameMode": "CLASSIC",
    "gameType": "MATCHED_GAME",
    "subType": "RANKED_SOLO_5x5",
    "mapId": 1,
    "teamId": 200,
    "championId": 55,
    "spell1": 12,
    "spell2": 4,
    "level": 30,
    "ipEarned": 129,
    "createDate": 1399032289391,
    "fellowPlayers": [
      {
        "summonerId": 27224273,
        "teamId": 100,
        "championId": 11
      },
      {
        "summonerId": 30664667,
        "teamId": 100,
        "championId": 21
      },
      {
        "summonerId": 42363602,
        "teamId": 200,
        "championId": 236
      },
      {
        "summonerId": 19754049,
        "teamId": 200,
        "championId": 117
      },
      {
        "summonerId": 40863049,
        "teamId": 100,
        "championId": 412
      },
      {
        "summonerId": 35742545,
        "teamId": 100,
        "championId": 114
      },
      {
        "summonerId": 28313464,
        "teamId": 200,
        "championId": 33
      },
      {
        "summonerId": 24096397,
        "teamId": 200,
        "championId": 92
      },
      {
        "summonerId": 34714977,
        "teamId": 100,
        "championId": 7
      }
    ],
    "stats": {
      "level": 18,
      "goldEarned": 23950,
      "numDeaths": 7,
      "minionsKilled": 232,
      "championsKilled": 30,
      "goldSpent": 20215,
      "totalDamageDealt": 244082,
      "totalDamageTaken": 45047,
      "doubleKills": 9,
      "tripleKills": 1,
      "killingSprees": 6,
      "largestKillingSpree": 11,
      "team": 200,
      "win": true,
      "neutralMinionsKilled": 23,
      "largestMultiKill": 3,
      "physicalDamageDealtPlayer": 25836,
      "magicDamageDealtPlayer": 217328,
      "physicalDamageTaken": 25722,
      "magicDamageTaken": 17523,
      "timePlayed": 2903,
      "totalHeal": 5773,
      "totalUnitsHealed": 1,
      "assists": 19,
      "item0": 3157,
      "item1": 3128,
      "item2": 3151,
      "item3": 3255,
      "item4": 3102,
      "item5": 3089,
      "item6": 3361,
      "magicDamageDealtToChampions": 71075,
      "physicalDamageDealtToChampions": 2132,
      "totalDamageDealtToChampions": 73540,
      "trueDamageDealtPlayer": 917,
      "trueDamageDealtToChampions": 333,
      "trueDamageTaken": 1801,
      "wardPlaced": 8,
      "neutralMinionsKilledEnemyJungle": 6,
      "neutralMinionsKilledYourJungle": 17,
      "totalTimeCrowdControlDealt": 107
    }
  },
  "28313464": {
    "gameId": 825976814,
    "invalid": false,
    "gameMode": "CLASSIC",
    "gameType": "MATCHED_GAME",
    "subType": "RANKED_SOLO_5x5",
    "mapId": 1,
    "teamId": 200,
    "championId": 33,
    "spell1": 4,
    "spell2": 11,
    "level": 30,
    "ipEarned": 129,
    "createDate": 1399032289393,
    "fellowPlayers": [
      {
        "summonerId": 27224273,
        "teamId": 100,
        "championId": 11
      },
      {
        "summonerId": 30664667,
        "teamId": 100,
        "championId": 21
      },
      {
        "summonerId": 42363602,
        "teamId": 200,
        "championId": 236
      },
      {
        "summonerId": 19754049,
        "teamId": 200,
        "championId": 117
      },
      {
        "summonerId": 40863049,
        "teamId": 100,
        "championId": 412
      },
      {
        "summonerId": 35742545,
        "teamId": 100,
        "championId": 114
      },
      {
        "summonerId": 24628069,
        "teamId": 200,
        "championId": 55
      },
      {
        "summonerId": 24096397,
        "teamId": 200,
        "championId": 92
      },
      {
        "summonerId": 34714977,
        "teamId": 100,
        "championId": 7
      }
    ],
    "stats": {
      "level": 18,
      "goldEarned": 15492,
      "numDeaths": 10,
      "turretsKilled": 2,
      "minionsKilled": 27,
      "championsKilled": 5,
      "goldSpent": 13310,
      "totalDamageDealt": 129675,
      "totalDamageTaken": 49855,
      "team": 200,
      "win": true,
      "neutralMinionsKilled": 59,
      "largestMultiKill": 1,
      "physicalDamageDealtPlayer": 49040,
      "magicDamageDealtPlayer": 62455,
      "physicalDamageTaken": 28957,
      "magicDamageTaken": 19067,
      "timePlayed": 2903,
      "totalHeal": 6968,
      "totalUnitsHealed": 1,
      "assists": 22,
      "item0": 3075,
      "item1": 3143,
      "item2": 3190,
      "item3": 3270,
      "item4": 3068,
      "item5": 1011,
      "item6": 3340,
      "magicDamageDealtToChampions": 16195,
      "physicalDamageDealtToChampions": 3785,
      "totalDamageDealtToChampions": 20108,
      "trueDamageDealtPlayer": 18178,
      "trueDamageDealtToChampions": 128,
      "trueDamageTaken": 1831,
      "wardPlaced": 7,
      "neutralMinionsKilledEnemyJungle": 8,
      "neutralMinionsKilledYourJungle": 51,
      "totalTimeCrowdControlDealt": 1225
    }
  },
  "40863049": {
    "gameId": 825976814,
    "invalid": false,
    "gameMode": "CLASSIC",
    "gameType": "MATCHED_GAME",
    "subType": "RANKED_SOLO_5x5",
    "mapId": 1,
    "teamId": 100,
    "championId": 412,
    "spell1": 3,
    "spell2": 4,
    "level": 30,
    "ipEarned": 84,
    "createDate": 1399032289389,
    "fellowPlayers": [
      {
        "summonerId": 27224273,
        "teamId": 100,
        "championId": 11
      },
      {
        "summonerId": 30664667,
        "teamId": 100,
        "championId": 21
      },
      {
        "summonerId": 42363602,
        "teamId": 200,
        "championId": 236
      },
      {
        "summonerId": 19754049,
        "teamId": 200,
        "championId": 117
      },
      {
        "summonerId": 35742545,
        "teamId": 100,
        "championId": 114
      },
      {
        "summonerId": 24628069,
        "teamId": 200,
        "championId": 55
      },
      {
        "summonerId": 28313464,
        "teamId": 200,
        "championId": 33
      },
      {
        "summonerId": 24096397,
        "teamId": 200,
        "championId": 92
      },
      {
        "summonerId": 34714977,
        "teamId": 100,
        "championId": 7
      }
    ],
    "stats": {
      "level": 18,
      "goldEarned": 13202,
      "numDeaths": 14,
      "minionsKilled": 47,
      "goldSpent": 11805,
      "totalDamageDealt": 46497,
      "totalDamageTaken": 48660,
      "team": 100,
      "win": false,
      "physicalDamageDealtPlayer": 13360,
      "magicDamageDealtPlayer": 33136,
      "physicalDamageTaken": 22247,
      "magicDamageTaken": 25900,
      "timePlayed": 2903,
      "totalHeal": 2906,
      "totalUnitsHealed": 4,
      "assists": 33,
      "item0": 3401,
      "item1": 3222,
      "item2": 3190,
      "item3": 3260,
      "item4": 2049,
      "item5": 3068,
      "item6": 3340,
      "magicDamageDealtToChampions": 12874,
      "physicalDamageDealtToChampions": 2256,
      "totalDamageDealtToChampions": 15131,
      "trueDamageTaken": 512,
      "wardPlaced": 39,
      "totalTimeCrowdControlDealt": 216
    }
  },
  "19754049": {
    "gameId": 825976814,
    "invalid": false,
    "gameMode": "CLASSIC",
    "gameType": "MATCHED_GAME",
    "subType": "RANKED_SOLO_5x5",
    "mapId": 1,
    "teamId": 200,
    "championId": 117,
    "spell1": 3,
    "spell2": 4,
    "level": 30,
    "ipEarned": 279,
    "createDate": 1399032289395,
    "fellowPlayers": [
      {
        "summonerId": 27224273,
        "teamId": 100,
        "championId": 11
      },
      {
        "summonerId": 30664667,
        "teamId": 100,
        "championId": 21
      },
      {
        "summonerId": 42363602,
        "teamId": 200,
        "championId": 236
      },
      {
        "summonerId": 40863049,
        "teamId": 100,
        "championId": 412
      },
      {
        "summonerId": 35742545,
        "teamId": 100,
        "championId": 114
      },
      {
        "summonerId": 24628069,
        "teamId": 200,
        "championId": 55
      },
      {
        "summonerId": 28313464,
        "teamId": 200,
        "championId": 33
      },
      {
        "summonerId": 24096397,
        "teamId": 200,
        "championId": 92
      },
      {
        "summonerId": 34714977,
        "teamId": 100,
        "championId": 7
      }
    ],
    "stats": {
      "level": 18,
      "goldEarned": 19534,
      "numDeaths": 9,
      "barracksKilled": 1,
      "turretsKilled": 1,
      "minionsKilled": 86,
      "championsKilled": 4,
      "goldSpent": 20665,
      "totalDamageDealt": 90666,
      "totalDamageTaken": 39448,
      "team": 200,
      "win": true,
      "neutralMinionsKilled": 1,
      "largestMultiKill": 1,
      "physicalDamageDealtPlayer": 17034,
      "magicDamageDealtPlayer": 73632,
      "physicalDamageTaken": 25722,
      "magicDamageTaken": 13103,
      "timePlayed": 2903,
      "totalHeal": 2073,
      "totalUnitsHealed": 1,
      "assists": 33,
      "item0": 3092,
      "item1": 3023,
      "item2": 3190,
      "item3": 3143,
      "item4": 3100,
      "item5": 3102,
      "item6": 3364,
      "sightWardsBought": 3,
      "visionWardsBought": 2,
      "magicDamageDealtToChampions": 19418,
      "physicalDamageDealtToChampions": 3699,
      "totalDamageDealtToChampions": 23117,
      "trueDamageTaken": 622,
      "wardKilled": 3,
      "wardPlaced": 39,
      "neutralMinionsKilledYourJungle": 1,
      "totalTimeCrowdControlDealt": 1027
    }
  }
}