{
  "20631646": {
    "gameId": 825976815,
    "invalid": false,
    "gameMode": "CLASSIC",
    "gameType": "MATCHED_GAME",
    "subType": "RANKED_SOLO_5x5",
    "mapId": 1,
    "teamId": 200,
    "championId": 7,
    "spell1": 14,
    "spell2": 4,
    "level": 30,
    "ipEarned": 61,
    "createDate": 1399031455175,
    "fellowPlayers": [
      {
        "summonerId": 35076517,
        "teamId": 200,
        "championId": 236
      },
      {
        "summonerId": 337392,
        "teamId": 200,
        "championId": 25
      },
      {
        "summonerId": 27166309,
        "teamId": 200,
        "championId": 28
      },
      {
        "summonerId": 24823345,
        "teamId": 100,
        "championId": 64
      },
      {
        "summonerId": 20223020,
        "teamId": 100,
        "championId": 104
      },
      {
        "summonerId": 25925698,
        "teamId": 100,
        "championId": 117
      },
      {
        "summonerId": 22976930,
        "teamId": 100,
        "championId": 43
      },
      {
        "summonerId": 36903357,
        "teamId": 200,
        "championId": 58
      },
      {
        "summonerId": 24642602,
        "teamId": 100,
        "championId": 17
      }
    ],
    "stats": {
      "level": 14,
      "goldEarned": 9781,
      "numDeaths": 7,
      "minionsKilled": 185,
      "championsKilled": 5,
      "goldSpent": 10810,
      "totalDamageDealt": 80051,
      "totalDamageTaken": 17232,
      "killingSprees": 1,
      "largestKillingSpree": 2,
      "team": 200,
      "win": false,
      "neutralMinionsKilled": 1,
      "largestMultiKill": 1,
      "physicalDamageDealtPlayer": 13978,
      "magicDamageDealtPlayer": 65080,
      "physicalDamageTaken": 9690,
      "magicDamageTaken": 7132,
      "timePlayed": 1922,
      "totalHeal": 360,
      "totalUnitsHealed": 1,
      "item0": 3128,
      "item1": 3174,
      "item2": 1026,
      "item3": 1056,
      "item4": 1056,
      "item5": 3020,
      "item6": 3340,
      "sightWardsBought": 2,
      "visionWardsBought": 1,
      "magicDamageDealtToChampions": 10774,
      "physicalDamageDealtToChampions": 1460,
      "totalDamageDealtToChampions": 12742,
      "trueDamageDealtPlayer": 991,
      "trueDamageDealtToChampions": 507,
      "trueDamageTaken": 408,
      "wardPlaced": 6,
      "neutralMinionsKilledYourJungle": 1,
      "totalTimeCrowdControlDealt": 244
    }
  },
  "summonerCount": 10,
  "27166309": {
    "gameId": 825976815,
    "invalid": false,
    "gameMode": "CLASSIC",
    "gameType": "MATCHED_GAME",
    "subType": "RANKED_SOLO_5x5",
    "mapId": 1,
    "teamId": 200,
    "championId": 28,
    "spell1": 4,
    "spell2": 11,
    "level": 30,
    "ipEarned": 61,
    "createDate": 1399031455176,
    "fellowPlayers": [
      {
        "summonerId": 35076517,
        "teamId": 200,
        "championId": 236
      },
      {
        "summonerId": 337392,
        "teamId": 200,
        "championId": 25
      },
      {
        "summonerId": 24823345,
        "teamId": 100,
        "championId": 64
      },
      {
        "summonerId": 20223020,
        "teamId": 100,
        "championId": 104
      },
      {
        "summonerId": 25925698,
        "teamId": 100,
        "championId": 117
      },
      {
        "summonerId": 22976930,
        "teamId": 100,
        "championId": 43
      },
      {
        "summonerId": 36903357,
        "teamId": 200,
        "championId": 58
      },
      {
        "summonerId": 24642602,
        "teamId": 100,
        "championId": 17
      },
      {
        "summonerId": 20631646,
        "teamId": 200,
        "championId": 7
      }
    ],
    "stats": {
      "level": 13,
      "goldEarned": 8779,
      "numDeaths": 6,
      "minionsKilled": 26,
      "championsKilled": 3,
      "goldSpent": 8180,
      "totalDamageDealt": 84741,
      "totalDamageTaken": 25506,
      "team": 200,
      "win": false,
      "neutralMinionsKilled": 62,
      "largestMultiKill": 1,
      "physicalDamageDealtPlayer": 27954,
      "magicDamageDealtPlayer": 48214,
      "physicalDamageTaken": 13698,
      "magicDamageTaken": 10989,
      "timePlayed": 1922,
      "totalHeal": 5009,
      "totalUnitsHealed": 1,
      "assists": 9,
      "item0": 1011,
      "item1": 3155,
      "item2": 3209,
      "item3": 3265,
      "item4": 3211,
      "item5": 1028,
      "item6": 3340,
      "sightWardsBought": 1,
      "magicDamageDealtToChampions": 7897,
      "physicalDamageDealtToChampions": 4375,
      "totalDamageDealtToChampions": 12933,
      "trueDamageDealtPlayer": 8572,
      "trueDamageDealtToChampions": 660,
      "trueDamageTaken": 819,
      "wardKilled": 3,
      "wardPlaced": 5,
      "neutralMinionsKilledEnemyJungle": 13,
      "neutralMinionsKilledYourJungle": 49,
      "totalTimeCrowdControlDealt": 170
    }
  },
  "24642602": {
    "gameId": 825976815,
    "invalid": false,
    "gameMode": "CLASSIC",
    "gameType": "MATCHED_GAME",
    "subType": "RANKED_SOLO_5x5",
    "mapId": 1,
    "teamId": 100,
    "championId": 17,
    "spell1": 4,
    "spell2": 14,
    "level": 30,
    "ipEarned": 92,
    "createDate": 1399031455169,
    "fellowPlayers": [
      {
        "summonerId": 35076517,
        "teamId": 200,
        "championId": 236
      },
      {
        "summonerId": 337392,
        "teamId": 200,
        "championId": 25
      },
      {
        "summonerId": 27166309,
        "teamId": 200,
        "championId": 28
      },
      {
        "summonerId": 24823345,
        "teamId": 100,
        "championId": 64
      },
      {
        "summonerId": 20223020,
        "teamId": 100,
        "championId": 104
      },
      {
        "summonerId": 25925698,
        "teamId": 100,
        "championId": 117
      },
      {
        "summonerId": 22976930,
        "teamId": 100,
        "championId": 43
      },
      {
        "summonerId": 36903357,
        "teamId": 200,
        "championId": 58
      },
      {
        "summonerId": 20631646,
        "teamId": 200,
        "championId": 7
      }
    ],
    "stats": {
      "level": 17,
      "goldEarned": 12528,
      "numDeaths": 4,
      "barracksKilled": 1,
      "turretsKilled": 2,
      "minionsKilled": 213,
      "championsKilled": 2,
      "goldSpent": 10250,
      "totalDamageDealt": 154833,
      "totalDamageTaken": 16044,
      "team": 100,
      "win": true,
      "neutralMinionsKilled": 16,
      "largestMultiKill": 1,
      "physicalDamageDealtPlayer": 46811,
      "magicDamageDealtPlayer": 107043,
      "physicalDamageTaken": 12379,
      "magicDamageTaken": 3335,
      "timePlayed": 1922,
      "totalHeal": 418,
      "totalUnitsHealed": 1,
      "assists": 8,
      "item0": 3135,
      "item2": 3115,
      "item3": 3020,
      "item4": 3151,
      "item5": 1056,
      "item6": 3341,
      "magicDamageDealtToChampions": 19192,
      "physicalDamageDealtToChampions": 2287,
      "totalDamageDealtToChampions": 22058,
      "trueDamageDealtPlayer": 978,
      "trueDamageDealtToChampions": 578,
      "trueDamageTaken": 329,
      "wardKilled": 2,
      "wardPlaced": 61,
      "neutralMinionsKilledEnemyJungle": 13,
      "neutralMinionsKilledYourJungle": 3,
      "totalTimeCrowdControlDealt": 450
    }
  },
  "35076517": {
    "gameId": 825976815,
    "invalid": false,
    "gameMode": "CLASSIC",
    "gameType": "MATCHED_GAME",
    "subType": "RANKED_SOLO_5x5",
    "mapId": 1,
    "teamId": 200,
    "championId": 236,
    "spell1": 4,
    "spell2": 7,
    "level": 30,
    "ipEarned": 61,
    "createDate": 1399031455178,
    "fellowPlayers": [
      {
        "summonerId": 337392,
        "teamId": 200,
        "championId": 25
      },
      {
        "summonerId": 27166309,
        "teamId": 200,
        "championId": 28
      },
      {
        "summonerId": 24823345,
        "teamId": 100,
        "championId": 64
      },
      {
        "summonerId": 20223020,
        "teamId": 100,
        "championId": 104
      },
      {
        "summonerId": 25925698,
        "teamId": 100,
        "championId": 117
      },
      {
        "summonerId": 22976930,
        "teamId": 100,
        "championId": 43
      },
      {
        "summonerId": 36903357,
        "teamId": 200,
        "championId": 58
      },
      {
        "summonerId": 24642602,
        "teamId": 100,
        "championId": 17
      },
      {
        "summonerId": 20631646,
        "teamId": 200,
        "championId": 7
      }
    ],
    "stats": {
      "level": 14,
      "goldEarned": 10268,
      "numDeaths": 6,
      "turretsKilled": 1,
      "minionsKilled": 253,
      "championsKilled": 2,
      "goldSpent": 9815,
      "totalDamageDealt": 129812,
      "totalDamageTaken": 20890,
      "team": 200,
      "win": false,
      "neutralMinionsKilled": 14,
      "largestMultiKill": 1,
      "physicalDamageDealtPlayer": 116009,
      "magicDamageDealtPlayer": 13719,
      "physicalDamageTaken": 13140,
      "magicDamageTaken": 7647,
      "largestCriticalStrike": 487,
      "timePlayed": 1922,
      "totalHeal": 2790,
      "totalUnitsHealed": 3,
      "assists": 2,
      "item0": 3006,
      "item1": 3072,
      "item2": 3046,
      "item3": 3035,
      "item6": 3340,
      "magicDamageDealtToChampions": 1774,
      "physicalDamageDealtToChampions": 12613,
      "totalDamageDealtToChampions": 14471,
      "trueDamageDealtPlayer": 84,
      "trueDamageDealtToChampions": 84,
      "trueDamageTaken": 102,
      "wardKilled": 1,
      "wardPlaced": 4,
      "neutralMinionsKilledEnemyJungle": 2,
      "neutralMinionsKilledYourJungle": 12,
      "totalTimeCrowdControlDealt": 18
    }
  },
  "24823345": {
    "gameId": 825976815,
    "invalid": false,
    "gameMode": "CLASSIC",
    "gameType": "MATCHED_GAME",
    "subType": "RANKED_SOLO_5x5",
    "mapId": 1,
    "teamId": 100,
    "championId": 64,
    "spell1": 4,
    "spell2": 11,
    "level": 30,
    "ipEarned": 92,
    "createDate": 1399031455170,
    "fellowPlayers": [
      {
        "summonerId": 35076517,
        "teamId": 200,
        "championId": 236
      },
      {
        "summonerId": 337392,
        "teamId": 200,
        "championId": 25
      },
      {
        "summonerId": 27166309,
        "teamId": 200,
        "championId": 28
      },
      {
        "summonerId": 20223020,
        "teamId": 100,
        "championId": 104
      },
      {
        "summonerId": 25925698,
        "teamId": 100,
        "championId": 117
      },
      {
        "summonerId": 22976930,
        "teamId": 100,
        "championId": 43
      },
      {
        "summonerId": 36903357,
        "teamId": 200,
        "championId": 58
      },
      {
        "summonerId": 24642602,
        "teamId": 100,
        "championId": 17
      },
      {
        "summonerId": 20631646,
        "teamId": 200,
        "championId": 7
      }
    ],
    "stats": {
      "level": 16,
      "goldEarned": 11405,
      "numDeaths": 4,
      "minionsKilled": 32,
      "championsKilled": 7,
      "goldSpent": 10180,
      "totalDamageDealt": 113087,
      "totalDamageTaken": 23880,
      "doubleKills": 1,
      "killingSprees": 3,
      "largestKillingSpree": 3,
      "team": 100,
      "win": true,
      "neutralMinionsKilled": 63,
      "largestMultiKill": 2,
      "physicalDamageDealtPlayer": 77812,
      "magicDamageDealtPlayer": 22027,
      "physicalDamageTaken": 16595,
      "magicDamageTaken": 6811,
      "largestCriticalStrike": 324,
      "timePlayed": 1922,
      "totalHeal": 3086,
      "totalUnitsHealed": 1,
      "assists": 11,
      "item0": 3211,
      "item1": 2049,
      "item2": 3209,
      "item3": 3270,
      "item4": 3143,
      "item5": 3155,
      "item6": 3340,
      "sightWardsBought": 1,
      "magicDamageDealtToChampions": 1506,
      "physicalDamageDealtToChampions": 10183,
      "totalDamageDealtToChampions": 12833,
      "trueDamageDealtPlayer": 13248,
      "trueDamageDealtToChampions": 1143,
      "trueDamageTaken": 473,
      "wardKilled": 4,
      "wardPlaced": 15,
      "neutralMinionsKilledEnemyJungle": 14,
      "neutralMinionsKilledYourJungle": 49,
      "totalTimeCrowdControlDealt": 760
    }
  },
  "20223020": {
    "gameId": 825976815,
    "invalid": false,
    "gameMode": "CLASSIC",
    "gameType": "MATCHED_GAME",
    "subType": "RANKED_SOLO_5x5",
    "mapId": 1,
    "teamId": 100,
    "championId": 104,
    "spell1": 4,
    "spell2": 7,
    "level": 30,
    "ipEarned": 242,
    "createDate": 1399031455168,
    "fellowPlayers": [
      {
        "summonerId": 35076517,
        "teamId": 200,
        "championId": 236
      },
      {
        "summonerId": 337392,
        "teamId": 200,
        "championId": 25
      },
      {
        "summonerId": 27166309,
        "teamId": 200,
        "championId": 28
      },
      {
        "summonerId": 24823345,
        "teamId": 100,
        "championId": 64
      },
      {
        "summonerId": 25925698,
        "teamId": 100,
        "championId": 117
      },
      {
        "summonerId": 22976930,
        "teamId": 100,
        "championId": 43
      },
      {
        "summonerId": 36903357,
        "teamId": 200,
        "championId": 58
      },
      {
        "summonerId": 24642602,
        "teamId": 100,
        "championId": 17
      },
      {
        "summonerId": 20631646,
        "teamId": 200,
        "championId": 7
      }
    ],
    "stats": {
      "level": 17,
      "goldEarned": 15250,
      "numDeaths": 2,
      "turretsKilled": 4,
      "minionsKilled": 267,
      "championsKilled": 9,
      "goldSpent": 11720,
      "totalDamageDealt": 192993,
      "totalDamageTaken": 21428,
      "doubleKills": 2,
      "tripleKills": 1,
      "killingSprees": 1,
      "largestKillingSpree": 9,
      "team": 100,
      "win": true,
      "neutralMinionsKilled": 19,
      "largestMultiKill": 3,
      "physicalDamageDealtPlayer": 190408,
      "magicDamageDealtPlayer": 1082,
      "physicalDamageTaken": 13355,
      "magicDamageTaken": 7084,
      "largestCriticalStrike": 696,
      "timePlayed": 1922,
      "totalHeal": 4017,
      "totalUnitsHealed": 3,
      "assists": 5,
      "item0": 3046,
      "item1": 3035,
      "item2": 1055,
      "item3": 1037,
      "item4": 3072,
      "item5": 3006,
      "item6": 3340,
      "visionWardsBought": 1,
      "magicDamageDealtToChampions": 1024,
      "physicalDamageDealtToChampions": 20716,
      "totalDamageDealtToChampions": 22199,
      "trueDamageDealtPlayer": 1502,
      "trueDamageDealtToChampions": 458,
      "trueDamageTaken": 988,
      "wardKilled": 2,
      "wardPlaced": 7,
      "neutralMinionsKilledEnemyJungle": 4,
      "neutralMinionsKilledYourJungle": 15,
      "totalTimeCrowdControlDealt": 315
    }
  },
  "25925698": {
    "gameId": 825976815,
    "invalid": false,
    "gameMode": "CLASSIC",
    "gameType": "MATCHED_GAME",
    "subType": "RANKED_SOLO_5x5",
    "mapId": 1,
    "teamId": 100,
    "championId": 117,
    "spell1": 4,
    "spell2": 7,
    "level": 30,
    "ipEarned": 242,
    "createDate": 1399031455173,
    "fellowPlayers": [
      {
        "summonerId": 35076517,
        "teamId": 200,
        "championId": 236
      },
      {
        "summonerId": 337392,
        "teamId": 200,
        "championId": 25
      },
      {
        "summonerId": 27166309,
        "teamId": 200,
        "championId": 28
      },
      {
        "summonerId": 24823345,
        "teamId": 100,
        "championId": 64
      },
      {
        "summonerId": 20223020,
        "teamId": 100,
        "championId": 104
      },
      {
        "summonerId": 22976930,
        "teamId": 100,
        "championId": 43
      },
      {
        "summonerId": 36903357,
        "teamId": 200,
        "championId": 58
      },
      {
        "summonerId": 24642602,
        "teamId": 100,
        "championId": 17
      },
      {
        "summonerId": 20631646,
        "teamId": 200,
        "championId": 7
      }
    ],
    "stats": {
      "level": 18,
      "goldEarned": 15037,
      "numDeaths": 1,
      "turretsKilled": 1,
      "minionsKilled": 231,
      "championsKilled": 9,
      "goldSpent": 13645,
      "totalDamageDealt": 147647,
      "totalDamageTaken": 19927,
      "doubleKills": 1,
      "killingSprees": 1,
      "largestKillingSpree": 8,
      "team": 100,
      "win": true,
      "neutralMinionsKilled": 18,
      "largestMultiKill": 2,
      "physicalDamageDealtPlayer": 21160,
      "magicDamageDealtPlayer": 125770,
      "physicalDamageTaken": 9859,
      "magicDamageTaken": 9320,
      "timePlayed": 1922,
      "totalHeal": 3490,
      "totalUnitsHealed": 3,
      "assists": 10,
      "item0": 3135,
      "item1": 1056,
      "item2": 3157,
      "item3": 3089,
      "item4": 3020,
      "item5": 3174,
      "item6": 3340,
      "visionWardsBought": 2,
      "magicDamageDealtToChampions": 19437,
      "physicalDamageDealtToChampions": 3322,
      "totalDamageDealtToChampions": 23184,
      "trueDamageDealtPlayer": 716,
      "trueDamageDealtToChampions": 424,
      "trueDamageTaken": 747,
      "wardKilled": 1,
      "wardPlaced": 8,
      "neutralMinionsKilledEnemyJungle": 4,
      "neutralMinionsKilledYourJungle": 14,
      "totalTimeCrowdControlDealt": 813
    }
  },
  "337392": {
    "gameId": 825976815,
    "invalid": false,
    "gameMode": "CLASSIC",
    "gameType": "MATCHED_GAME",
    "subType": "RANKED_SOLO_5x5",
    "mapId": 1,
    "teamId": 200,
    "championId": 25,
    "spell1": 4,
    "spell2": 3,
    "level": 30,
    "ipEarned": 61,
    "createDate": 1399031455174,
    "fellowPlayers": [
      {
        "summonerId": 35076517,
        "teamId": 200,
        "championId": 236
      },
      {
        "summonerId": 27166309,
        "teamId": 200,
        "championId": 28
      },
      {
        "summonerId": 24823345,
        "teamId": 100,
        "championId": 64
      },
      {
        "summonerId": 20223020,
        "teamId": 100,
        "championId": 104
      },
      {
        "summonerId": 25925698,
        "teamId": 100,
        "championId": 117
      },
      {
        "summonerId": 22976930,
        "teamId": 100,
        "championId": 43
      },
      {
        "summonerId": 36903357,
        "teamId": 200,
        "championId": 58
      },
      {
        "summonerId": 24642602,
        "teamId": 100,
        "championId": 17
      },
      {
        "summonerId": 20631646,
        "teamId": 200,
        "championId": 7
      }
    ],
    "stats": {
      "level": 12,
      "goldEarned": 7543,
      "numDeaths": 5,
      "minionsKilled": 27,
      "championsKilled": 1,
      "goldSpent": 6740,
      "totalDamageDealt": 30896,
      "totalDamageTaken": 18031,
      "team": 200,
      "win": false,
      "largestMultiKill": 1,
      "physicalDamageDealtPlayer": 5258,
      "magicDamageDealtPlayer": 25638,
      "physicalDamageTaken": 7515,
      "magicDamageTaken": 10245,
      "timePlayed": 1922,
      "totalHeal": 160,
      "totalUnitsHealed": 1,
      "assists": 4,
      "item0": 3092,
      "item1": 2045,
      "item2": 3020,
      "item3": 1052,
      "item4": 1029,
      "item6": 3341,
      "sightWardsBought": 3,
      "visionWardsBought": 6,
      "magicDamageDealtToChampions": 10526,
      "physicalDamageDealtToChampions": 1117,
      "totalDamageDealtToChampions": 11644,
      "trueDamageTaken": 270,
      "wardKilled": 5,
      "wardPlaced": 30,
      "totalTimeCrowdControlDealt": 148
    }
  },
  "36903357": {
    "gameId": 825976815,
    "invalid": false,
    "gameMode": "CLASSIC",
    "gameType": "MATCHED_GAME",
    "subType": "RANKED_SOLO_5x5",
    "mapId": 1,
    "teamId": 200,
    "championId": 58,
    "spell1": 14,
    "spell2": 4,
    "level": 30,
    "ipEarned": 61,
    "createDate": 1399031455177,
    "fellowPlayers": [
      {
        "summonerId": 35076517,
        "teamId": 200,
        "championId": 236
      },
      {
        "summonerId": 337392,
        "teamId": 200,
        "championId": 25
      },
      {
        "summonerId": 27166309,
        "teamId": 200,
        "championId": 28
      },
      {
        "summonerId": 24823345,
        "teamId": 100,
        "championId": 64
      },
      {
        "summonerId": 20223020,
        "teamId": 100,
        "championId": 104
      },
      {
        "summonerId": 25925698,
        "teamId": 100,
        "championId": 117
      },
      {
        "summonerId": 22976930,
        "teamId": 100,
        "championId": 43
      },
      {
        "summonerId": 24642602,
        "teamId": 100,
        "championId": 17
      },
      {
        "summonerId": 20631646,
        "teamId": 200,
        "championId": 7
      }
    ],
    "stats": {
      "level": 15,
      "goldEarned": 9294,
      "numDeaths": 4,
      "minionsKilled": 207,
      "championsKilled": 2,
      "goldSpent": 10795,
      "totalDamageDealt": 96375,
      "totalDamageTaken": 25352,
      "killingSprees": 1,
      "largestKillingSpree": 2,
      "team": 200,
      "win": false,
      "neutralMinionsKilled": 3,
      "largestMultiKill": 1,
      "physicalDamageDealtPlayer": 93179,
      "magicDamageDealtPlayer": 2165,
      "physicalDamageTaken": 12129,
      "magicDamageTaken": 12039,
      "timePlayed": 1922,
      "totalHeal": 3299,
      "totalUnitsHealed": 1,
      "assists": 1,
      "item0": 3102,
      "item1": 3047,
      "item2": 3143,
      "item3": 1054,
      "item4": 3155,
      "item6": 3340,
      "sightWardsBought": 2,
      "magicDamageDealtToChampions": 431,
      "physicalDamageDealtToChampions": 7012,
      "totalDamageDealtToChampions": 8474,
      "trueDamageDealtPlayer": 1030,
      "trueDamageDealtToChampions": 1030,
      "trueDamageTaken": 1183,
      "wardKilled": 1,
      "wardPlaced": 5,
      "neutralMinionsKilledYourJungle": 3,
      "totalTimeCrowdControlDealt": 128
    }
  },
  "22976930": {
    "gameId": 825976815,
    "invalid": false,
    "gameMode": "CLASSIC",
    "gameType": "MATCHED_GAME",
    "subType": "RANKED_SOLO_5x5",
    "mapId": 1,
    "teamId": 100,
    "championId": 43,
    "spell1": 4,
    "spell2": 3,
    "level": 30,
    "ipEarned": 92,
    "createDate": 1399031455171,
    "fellowPlayers": [
      {
        "summonerId": 35076517,
        "teamId": 200,
        "championId": 236
      },
      {
        "summonerId": 337392,
        "teamId": 200,
        "championId": 25
      },
      {
        "summonerId": 27166309,
        "teamId": 200,
        "championId": 28
      },
      {
        "summonerId": 24823345,
        "teamId": 100,
        "championId": 64
      },
      {
        "summonerId": 20223020,
        "teamId": 100,
        "championId": 104
      },
      {
        "summonerId": 25925698,
        "teamId": 100,
        "championId": 117
      },
      {
        "summonerId": 36903357,
        "teamId": 200,
        "championId": 58
      },
      {
        "summonerId": 24642602,
        "teamId": 100,
        "championId": 17
      },
      {
        "summonerId": 20631646,
        "teamId": 200,
        "championId": 7
      }
    ],
    "stats": {
      "level": 14,
      "goldEarned": 10082,
      "numDeaths": 2,
      "turretsKilled": 1,
      "minionsKilled": 14,
      "championsKilled": 1,
      "goldSpent": 9160,
      "totalDamageDealt": 24862,
      "totalDamageTaken": 11359,
      "team": 100,
      "win": true,
      "neutralMinionsKilled": 1,
      "largestMultiKill": 1,
      "physicalDamageDealtPlayer": 7019,
      "magicDamageDealtPlayer": 17842,
      "physicalDamageTaken": 5656,
      "magicDamageTaken": 5568,
      "timePlayed": 1922,
      "totalHeal": 140,
      "totalUnitsHealed": 1,
      "assists": 13,
      "item0": 3092,
      "item1": 3020,
      "item2": 2049,
      "item3": 3151,
      "item4": 1028,
      "item5": 2010,
      "item6": 3364,
      "visionWardsBought": 5,
      "magicDamageDealtToChampions": 6893,
      "physicalDamageDealtToChampions": 1366,
      "totalDamageDealtToChampions": 8259,
      "trueDamageTaken": 134,
      "wardKilled": 4,
      "wardPlaced": 18,
      "neutralMinionsKilledEnemyJungle": 1,
      "totalTimeCrowdControlDealt": 156
    }
  }
}