{
  "29475741": {
    "gameId": 825966769,
    "invalid": false,
    "gameMode": "ARAM",
    "gameType": "MATCHED_GAME",
    "subType": "ARAM_UNRANKED_5x5",
    "mapId": 12,
    "teamId": 100,
    "championId": 27,
    "spell1": 4,
    "spell2": 7,
    "level": 30,
    "ipEarned": 213,
    "createDate": 1399028839065,
    "fellowPlayers": [
      {
        "summonerId": 24763712,
        "teamId": 100,
        "championId": 134
      },
      {
        "summonerId": 34302111,
        "teamId": 100,
        "championId": 36
      },
      {
        "summonerId": 19906701,
        "teamId": 200,
        "championId": 16
      },
      {
        "summonerId": 36049615,
        "teamId": 200,
        "championId": 117
      },
      {
        "summonerId": 26385676,
        "teamId": 200,
        "championId": 82
      },
      {
        "summonerId": 35813275,
        "teamId": 200,
        "championId": 62
      },
      {
        "summonerId": 34094314,
        "teamId": 100,
        "championId": 37
      },
      {
        "summonerId": 37167003,
        "teamId": 100,
        "championId": 18
      },
      {
        "summonerId": 38583415,
        "teamId": 200,
        "championId": 10
      }
    ],
    "stats": {
      "level": 17,
      "goldEarned": 10165,
      "numDeaths": 6,
      "turretsKilled": 1,
      "minionsKilled": 33,
      "championsKilled": 7,
      "goldSpent": 9305,
      "totalDamageDealt": 32142,
      "totalDamageTaken": 24661,
      "killingSprees": 3,
      "largestKillingSpree": 2,
      "team": 100,
      "win": true,
      "largestMultiKill": 1,
      "physicalDamageDealtPlayer": 8728,
      "magicDamageDealtPlayer": 23413,
      "physicalDamageTaken": 7590,
      "magicDamageTaken": 17071,
      "timePlayed": 1263,
      "totalHeal": 4780,
      "totalUnitsHealed": 4,
      "assists": 18,
      "item0": 2003,
      "item1": 3001,
      "item2": 3158,
      "item3": 3082,
      "item4": 3116,
      "item5": 3024,
      "item6": 2052,
      "magicDamageDealtToChampions": 9839,
      "physicalDamageDealtToChampions": 1359,
      "totalDamageDealtToChampions": 11198,
      "totalTimeCrowdControlDealt": 582
    }
  },
  "summonerCount": 10,
  "19906701": {
    "gameId": 825966769,
    "invalid": false,
    "gameMode": "ARAM",
    "gameType": "MATCHED_GAME",
    "subType": "ARAM_UNRANKED_5x5",
    "mapId": 12,
    "teamId": 200,
    "championId": 16,
    "spell1": 7,
    "spell2": 13,
    "level": 30,
    "ipEarned": 43,
    "createDate": 1399028839071,
    "fellowPlayers": [
      {
        "summonerId": 24763712,
        "teamId": 100,
        "championId": 134
      },
      {
        "summonerId": 34302111,
        "teamId": 100,
        "championId": 36
      },
      {
        "summonerId": 29475741,
        "teamId": 100,
        "championId": 27
      },
      {
        "summonerId": 36049615,
        "teamId": 200,
        "championId": 117
      },
      {
        "summonerId": 26385676,
        "teamId": 200,
        "championId": 82
      },
      {
        "summonerId": 35813275,
        "teamId": 200,
        "championId": 62
      },
      {
        "summonerId": 34094314,
        "teamId": 100,
        "championId": 37
      },
      {
        "summonerId": 37167003,
        "teamId": 100,
        "championId": 18
      },
      {
        "summonerId": 38583415,
        "teamId": 200,
        "championId": 10
      }
    ],
    "stats": {
      "level": 16,
      "goldEarned": 9932,
      "numDeaths": 11,
      "minionsKilled": 61,
      "championsKilled": 2,
      "goldSpent": 11155,
      "totalDamageDealt": 59739,
      "totalDamageTaken": 26491,
      "team": 200,
      "win": false,
      "largestMultiKill": 1,
      "physicalDamageDealtPlayer": 3358,
      "magicDamageDealtPlayer": 56381,
      "physicalDamageTaken": 5513,
      "magicDamageTaken": 20977,
      "timePlayed": 1263,
      "totalHeal": 20238,
      "totalUnitsHealed": 8,
      "assists": 16,
      "item0": 3158,
      "item1": 3023,
      "item2": 3089,
      "item3": 3070,
      "item4": 1026,
      "magicDamageDealtToChampions": 16809,
      "physicalDamageDealtToChampions": 2097,
      "totalDamageDealtToChampions": 18907,
      "wardPlaced": 8,
      "totalTimeCrowdControlDealt": 256
    }
  },
  "36049615": {
    "gameId": 825966769,
    "invalid": false,
    "gameMode": "ARAM",
    "gameType": "MATCHED_GAME",
    "subType": "ARAM_UNRANKED_5x5",
    "mapId": 12,
    "teamId": 200,
    "championId": 117,
    "spell1": 13,
    "spell2": 21,
    "level": 30,
    "ipEarned": 43,
    "createDate": 1399028839070,
    "fellowPlayers": [
      {
        "summonerId": 24763712,
        "teamId": 100,
        "championId": 134
      },
      {
        "summonerId": 34302111,
        "teamId": 100,
        "championId": 36
      },
      {
        "summonerId": 29475741,
        "teamId": 100,
        "championId": 27
      },
      {
        "summonerId": 19906701,
        "teamId": 200,
        "championId": 16
      },
      {
        "summonerId": 26385676,
        "teamId": 200,
        "championId": 82
      },
      {
        "summonerId": 35813275,
        "teamId": 200,
        "championId": 62
      },
      {
        "summonerId": 34094314,
        "teamId": 100,
        "championId": 37
      },
      {
        "summonerId": 37167003,
        "teamId": 100,
        "championId": 18
      },
      {
        "summonerId": 38583415,
        "teamId": 200,
        "championId": 10
      }
    ],
    "stats": {
      "level": 16,
      "goldEarned": 10723,
      "numDeaths": 10,
      "minionsKilled": 21,
      "championsKilled": 6,
      "goldSpent": 9900,
      "totalDamageDealt": 23344,
      "totalDamageTaken": 25470,
      "doubleKills": 1,
      "killingSprees": 2,
      "largestKillingSpree": 3,
      "team": 200,
      "win": false,
      "largestMultiKill": 2,
      "physicalDamageDealtPlayer": 4464,
      "magicDamageDealtPlayer": 18880,
      "physicalDamageTaken": 3103,
      "magicDamageTaken": 22367,
      "timePlayed": 1263,
      "totalHeal": 1931,
      "totalUnitsHealed": 2,
      "assists": 20,
      "item0": 3098,
      "item1": 3157,
      "item2": 3222,
      "item3": 3100,
      "item5": 1011,
      "item6": 2052,
      "magicDamageDealtToChampions": 8567,
      "physicalDamageDealtToChampions": 1718,
      "totalDamageDealtToChampions": 10285,
      "totalTimeCrowdControlDealt": 258
    }
  },
  "26385676": {
    "gameId": 825966769,
    "invalid": false,
    "gameMode": "ARAM",
    "gameType": "MATCHED_GAME",
    "subType": "ARAM_UNRANKED_5x5",
    "mapId": 12,
    "teamId": 200,
    "championId": 82,
    "spell1": 4,
    "spell2": 21,
    "level": 30,
    "ipEarned": 43,
    "createDate": 1399028839072,
    "fellowPlayers": [
      {
        "summonerId": 24763712,
        "teamId": 100,
        "championId": 134
      },
      {
        "summonerId": 34302111,
        "teamId": 100,
        "championId": 36
      },
      {
        "summonerId": 29475741,
        "teamId": 100,
        "championId": 27
      },
      {
        "summonerId": 19906701,
        "teamId": 200,
        "championId": 16
      },
      {
        "summonerId": 36049615,
        "teamId": 200,
        "championId": 117
      },
      {
        "summonerId": 35813275,
        "teamId": 200,
        "championId": 62
      },
      {
        "summonerId": 34094314,
        "teamId": 100,
        "championId": 37
      },
      {
        "summonerId": 37167003,
        "teamId": 100,
        "championId": 18
      },
      {
        "summonerId": 38583415,
        "teamId": 200,
        "championId": 10
      }
    ],
    "stats": {
      "level": 16,
      "goldEarned": 9938,
      "numDeaths": 9,
      "turretsKilled": 1,
      "minionsKilled": 59,
      "championsKilled": 3,
      "goldSpent": 10475,
      "totalDamageDealt": 62557,
      "totalDamageTaken": 24971,
      "team": 200,
      "win": false,
      "largestMultiKill": 1,
      "physicalDamageDealtPlayer": 2465,
      "magicDamageDealtPlayer": 60092,
      "physicalDamageTaken": 5667,
      "magicDamageTaken": 19303,
      "timePlayed": 1263,
      "totalHeal": 3610,
      "totalUnitsHealed": 1,
      "assists": 16,
      "item0": 2003,
      "item1": 3145,
      "item2": 3065,
      "item3": 3111,
      "item4": 1057,
      "item5": 3116,
      "magicDamageDealtToChampions": 24722,
      "physicalDamageDealtToChampions": 924,
      "totalDamageDealtToChampions": 25646,
      "totalTimeCrowdControlDealt": 372
    }
  },
  "35813275": {
    "gameId": 825966769,
    "invalid": false,
    "gameMode": "ARAM",
    "gameType": "MATCHED_GAME",
    "subType": "ARAM_UNRANKED_5x5",
    "mapId": 12,
    "teamId": 200,
    "championId": 62,
    "spell1": 21,
    "spell2": 7,
    "level": 30,
    "ipEarned": 43,
    "createDate": 1399028839069,
    "fellowPlayers": [
      {
        "summonerId": 24763712,
        "teamId": 100,
        "championId": 134
      },
      {
        "summonerId": 34302111,
        "teamId": 100,
        "championId": 36
      },
      {
        "summonerId": 29475741,
        "teamId": 100,
        "championId": 27
      },
      {
        "summonerId": 19906701,
        "teamId": 200,
        "championId": 16
      },
      {
        "summonerId": 36049615,
        "teamId": 200,
        "championId": 117
      },
      {
        "summonerId": 26385676,
        "teamId": 200,
        "championId": 82
      },
      {
        "summonerId": 34094314,
        "teamId": 100,
        "championId": 37
      },
      {
        "summonerId": 37167003,
        "teamId": 100,
        "championId": 18
      },
      {
        "summonerId": 38583415,
        "teamId": 200,
        "championId": 10
      }
    ],
    "stats": {
      "level": 16,
      "goldEarned": 10248,
      "numDeaths": 7,
      "minionsKilled": 19,
      "championsKilled": 17,
      "goldSpent": 9177,
      "totalDamageDealt": 31356,
      "totalDamageTaken": 20178,
      "doubleKills": 3,
      "tripleKills": 2,
      "quadraKills": 1,
      "killingSprees": 5,
      "largestKillingSpree": 4,
      "team": 200,
      "win": false,
      "largestMultiKill": 4,
      "physicalDamageDealtPlayer": 30083,
      "magicDamageDealtPlayer": 1272,
      "physicalDamageTaken": 3149,
      "magicDamageTaken": 17028,
      "timePlayed": 1263,
      "totalHeal": 2578,
      "totalUnitsHealed": 3,
      "assists": 6,
      "item0": 3134,
      "item1": 3074,
      "item2": 3156,
      "item4": 3111,
      "item6": 2052,
      "magicDamageDealtToChampions": 580,
      "physicalDamageDealtToChampions": 19737,
      "totalDamageDealtToChampions": 20317,
      "totalTimeCrowdControlDealt": 29
    }
  },
  "37167003": {
    "gameId": 825966769,
    "invalid": false,
    "gameMode": "ARAM",
    "gameType": "MATCHED_GAME",
    "subType": "ARAM_UNRANKED_5x5",
    "mapId": 12,
    "teamId": 100,
    "championId": 18,
    "spell1": 4,
    "spell2": 7,
    "level": 30,
    "ipEarned": 63,
    "createDate": 1399028839062,
    "fellowPlayers": [
      {
        "summonerId": 24763712,
        "teamId": 100,
        "championId": 134
      },
      {
        "summonerId": 34302111,
        "teamId": 100,
        "championId": 36
      },
      {
        "summonerId": 29475741,
        "teamId": 100,
        "championId": 27
      },
      {
        "summonerId": 19906701,
        "teamId": 200,
        "championId": 16
      },
      {
        "summonerId": 36049615,
        "teamId": 200,
        "championId": 117
      },
      {
        "summonerId": 26385676,
        "teamId": 200,
        "championId": 82
      },
      {
        "summonerId": 35813275,
        "teamId": 200,
        "championId": 62
      },
      {
        "summonerId": 34094314,
        "teamId": 100,
        "championId": 37
      },
      {
        "summonerId": 38583415,
        "teamId": 200,
        "championId": 10
      }
    ],
    "stats": {
      "level": 17,
      "goldEarned": 11201,
      "numDeaths": 8,
      "barracksKilled": 1,
      "turretsKilled": 1,
      "minionsKilled": 55,
      "championsKilled": 13,
      "goldSpent": 10825,
      "totalDamageDealt": 44351,
      "totalDamageTaken": 17393,
      "doubleKills": 2,
      "killingSprees": 3,
      "largestKillingSpree": 3,
      "team": 100,
      "win": true,
      "largestMultiKill": 2,
      "physicalDamageDealtPlayer": 13376,
      "magicDamageDealtPlayer": 30974,
      "physicalDamageTaken": 6744,
      "magicDamageTaken": 10648,
      "timePlayed": 1263,
      "totalHeal": 2235,
      "totalUnitsHealed": 3,
      "assists": 13,
      "item0": 3089,
      "item1": 1056,
      "item2": 3020,
      "item3": 3100,
      "item4": 3115,
      "magicDamageDealtToChampions": 18403,
      "physicalDamageDealtToChampions": 3283,
      "totalDamageDealtToChampions": 21686,
      "totalTimeCrowdControlDealt": 179
    }
  },
  "34094314": {
    "gameId": 825966769,
    "invalid": false,
    "gameMode": "ARAM",
    "gameType": "MATCHED_GAME",
    "subType": "ARAM_UNRANKED_5x5",
    "mapId": 12,
    "teamId": 100,
    "championId": 37,
    "spell1": 13,
    "spell2": 4,
    "level": 30,
    "ipEarned": 63,
    "createDate": 1399028839063,
    "fellowPlayers": [
      {
        "summonerId": 24763712,
        "teamId": 100,
        "championId": 134
      },
      {
        "summonerId": 34302111,
        "teamId": 100,
        "championId": 36
      },
      {
        "summonerId": 29475741,
        "teamId": 100,
        "championId": 27
      },
      {
        "summonerId": 19906701,
        "teamId": 200,
        "championId": 16
      },
      {
        "summonerId": 36049615,
        "teamId": 200,
        "championId": 117
      },
      {
        "summonerId": 26385676,
        "teamId": 200,
        "championId": 82
      },
      {
        "summonerId": 35813275,
        "teamId": 200,
        "championId": 62
      },
      {
        "summonerId": 37167003,
        "teamId": 100,
        "championId": 18
      },
      {
        "summonerId": 38583415,
        "teamId": 200,
        "championId": 10
      }
    ],
    "stats": {
      "level": 17,
      "goldEarned": 11872,
      "numDeaths": 7,
      "minionsKilled": 20,
      "championsKilled": 7,
      "goldSpent": 10640,
      "totalDamageDealt": 37391,
      "totalDamageTaken": 23889,
      "doubleKills": 2,
      "killingSprees": 2,
      "largestKillingSpree": 2,
      "team": 100,
      "win": true,
      "largestMultiKill": 2,
      "physicalDamageDealtPlayer": 7502,
      "magicDamageDealtPlayer": 29888,
      "physicalDamageTaken": 8303,
      "magicDamageTaken": 15585,
      "timePlayed": 1263,
      "totalHeal": 20670,
      "totalUnitsHealed": 5,
      "assists": 29,
      "item0": 3070,
      "item1": 3158,
      "item2": 3092,
      "item3": 3174,
      "item4": 3023,
      "item5": 1058,
      "magicDamageDealtToChampions": 17181,
      "physicalDamageDealtToChampions": 1961,
      "totalDamageDealtToChampions": 19143,
      "totalTimeCrowdControlDealt": 199
    }
  },
  "34302111": {
    "gameId": 825966769,
    "invalid": false,
    "gameMode": "ARAM",
    "gameType": "MATCHED_GAME",
    "subType": "ARAM_UNRANKED_5x5",
    "mapId": 12,
    "teamId": 100,
    "championId": 36,
    "spell1": 4,
    "spell2": 7,
    "level": 30,
    "ipEarned": 213,
    "createDate": 1399028839064,
    "fellowPlayers": [
      {
        "summonerId": 24763712,
        "teamId": 100,
        "championId": 134
      },
      {
        "summonerId": 29475741,
        "teamId": 100,
        "championId": 27
      },
      {
        "summonerId": 19906701,
        "teamId": 200,
        "championId": 16
      },
      {
        "summonerId": 36049615,
        "teamId": 200,
        "championId": 117
      },
      {
        "summonerId": 26385676,
        "teamId": 200,
        "championId": 82
      },
      {
        "summonerId": 35813275,
        "teamId": 200,
        "championId": 62
      },
      {
        "summonerId": 34094314,
        "teamId": 100,
        "championId": 37
      },
      {
        "summonerId": 37167003,
        "teamId": 100,
        "championId": 18
      },
      {
        "summonerId": 38583415,
        "teamId": 200,
        "championId": 10
      }
    ],
    "stats": {
      "level": 17,
      "goldEarned": 10368,
      "numDeaths": 6,
      "turretsKilled": 1,
      "minionsKilled": 22,
      "championsKilled": 5,
      "goldSpent": 7755,
      "totalDamageDealt": 35797,
      "totalDamageTaken": 36244,
      "doubleKills": 1,
      "killingSprees": 2,
      "largestKillingSpree": 2,
      "team": 100,
      "win": true,
      "largestMultiKill": 2,
      "physicalDamageDealtPlayer": 8542,
      "magicDamageDealtPlayer": 27255,
      "physicalDamageTaken": 17302,
      "magicDamageTaken": 18942,
      "timePlayed": 1263,
      "totalHeal": 8591,
      "totalUnitsHealed": 4,
      "assists": 27,
      "item0": 3065,
      "item1": 1011,
      "item2": 3102,
      "item3": 1006,
      "item4": 1057,
      "item5": 1006,
      "magicDamageDealtToChampions": 15573,
      "physicalDamageDealtToChampions": 3954,
      "totalDamageDealtToChampions": 19528,
      "totalTimeCrowdControlDealt": 253
    }
  },
  "24763712": {
    "gameId": 825966769,
    "invalid": false,
    "gameMode": "ARAM",
    "gameType": "MATCHED_GAME",
    "subType": "ARAM_UNRANKED_5x5",
    "mapId": 12,
    "teamId": 100,
    "championId": 134,
    "spell1": 4,
    "spell2": 7,
    "level": 30,
    "ipEarned": 63,
    "createDate": 1399028839066,
    "fellowPlayers": [
      {
        "summonerId": 34302111,
        "teamId": 100,
        "championId": 36
      },
      {
        "summonerId": 29475741,
        "teamId": 100,
        "championId": 27
      },
      {
        "summonerId": 19906701,
        "teamId": 200,
        "championId": 16
      },
      {
        "summonerId": 36049615,
        "teamId": 200,
        "championId": 117
      },
      {
        "summonerId": 26385676,
        "teamId": 200,
        "championId": 82
      },
      {
        "summonerId": 35813275,
        "teamId": 200,
        "championId": 62
      },
      {
        "summonerId": 34094314,
        "teamId": 100,
        "championId": 37
      },
      {
        "summonerId": 37167003,
        "teamId": 100,
        "championId": 18
      },
      {
        "summonerId": 38583415,
        "teamId": 200,
        "championId": 10
      }
    ],
    "stats": {
      "level": 17,
      "goldEarned": 11226,
      "numDeaths": 7,
      "turretsKilled": 1,
      "minionsKilled": 51,
      "championsKilled": 13,
      "goldSpent": 10540,
      "totalDamageDealt": 85162,
      "totalDamageTaken": 18160,
      "doubleKills": 1,
      "killingSprees": 4,
      "largestKillingSpree": 3,
      "team": 100,
      "win": true,
      "largestMultiKill": 2,
      "physicalDamageDealtPlayer": 6460,
      "magicDamageDealtPlayer": 78701,
      "physicalDamageTaken": 7179,
      "magicDamageTaken": 10981,
      "timePlayed": 1263,
      "totalHeal": 2593,
      "totalUnitsHealed": 3,
      "assists": 18,
      "item0": 3174,
      "item1": 3089,
      "item2": 3158,
      "item3": 1011,
      "item4": 1052,
      "item5": 1026,
      "item6": 2052,
      "magicDamageDealtToChampions": 36270,
      "physicalDamageDealtToChampions": 1290,
      "totalDamageDealtToChampions": 37561,
      "totalTimeCrowdControlDealt": 319
    }
  },
  "38583415": {
    "gameId": 825966769,
    "invalid": false,
    "gameMode": "ARAM",
    "gameType": "MATCHED_GAME",
    "subType": "ARAM_UNRANKED_5x5",
    "mapId": 12,
    "teamId": 200,
    "championId": 10,
    "spell1": 21,
    "spell2": 4,
    "level": 30,
    "ipEarned": 43,
    "createDate": 1399028839068,
    "fellowPlayers": [
      {
        "summonerId": 24763712,
        "teamId": 100,
        "championId": 134
      },
      {
        "summonerId": 34302111,
        "teamId": 100,
        "championId": 36
      },
      {
        "summonerId": 29475741,
        "teamId": 100,
        "championId": 27
      },
      {
        "summonerId": 19906701,
        "teamId": 200,
        "championId": 16
      },
      {
        "summonerId": 36049615,
        "teamId": 200,
        "championId": 117
      },
      {
        "summonerId": 26385676,
        "teamId": 200,
        "championId": 82
      },
      {
        "summonerId": 35813275,
        "teamId": 200,
        "championId": 62
      },
      {
        "summonerId": 34094314,
        "teamId": 100,
        "championId": 37
      },
      {
        "summonerId": 37167003,
        "teamId": 100,
        "championId": 18
      }
    ],
    "stats": {
      "level": 16,
      "goldEarned": 9705,
      "numDeaths": 9,
      "minionsKilled": 37,
      "championsKilled": 6,
      "goldSpent": 9220,
      "totalDamageDealt": 55691,
      "totalDamageTaken": 23299,
      "team": 200,
      "win": false,
      "largestMultiKill": 1,
      "physicalDamageDealtPlayer": 15699,
      "magicDamageDealtPlayer": 39992,
      "physicalDamageTaken": 5707,
      "magicDamageTaken": 17591,
      "timePlayed": 1263,
      "totalHeal": 4528,
      "totalUnitsHealed": 5,
      "assists": 17,
      "item0": 3115,
      "item1": 3020,
      "item2": 3124,
      "item3": 3145,
      "item4": 3144,
      "magicDamageDealtToChampions": 22549,
      "physicalDamageDealtToChampions": 8471,
      "totalDamageDealtToChampions": 31020,
      "totalTimeCrowdControlDealt": 158
    }
  }
}