{
  "35526671": {
    "gameId": 825976384,
    "invalid": false,
    "gameMode": "CLASSIC",
    "gameType": "MATCHED_GAME",
    "subType": "RANKED_SOLO_5x5",
    "mapId": 1,
    "teamId": 100,
    "championId": 254,
    "spell1": 11,
    "spell2": 4,
    "level": 30,
    "ipEarned": 78,
    "createDate": 1399031181529,
    "fellowPlayers": [
      {
        "summonerId": 40983422,
        "teamId": 200,
        "championId": 58
      },
      {
        "summonerId": 31845783,
        "teamId": 100,
        "championId": 29
      },
      {
        "summonerId": 42666013,
        "teamId": 200,
        "championId": 412
      },
      {
        "summonerId": 29538994,
        "teamId": 200,
        "championId": 64
      },
      {
        "summonerId": 40781426,
        "teamId": 100,
        "championId": 80
      },
      {
        "summonerId": 32164689,
        "teamId": 200,
        "championId": 67
      },
      {
        "summonerId": 25054976,
        "teamId": 100,
        "championId": 25
      },
      {
        "summonerId": 37947462,
        "teamId": 100,
        "championId": 50
      },
      {
        "summonerId": 42653083,
        "teamId": 200,
        "championId": 105
      }
    ],
    "stats": {
      "level": 16,
      "goldEarned": 14636,
      "numDeaths": 2,
      "barracksKilled": 1,
      "turretsKilled": 2,
      "minionsKilled": 86,
      "championsKilled": 15,
      "goldSpent": 12313,
      "totalDamageDealt": 194863,
      "totalDamageTaken": 17067,
      "doubleKills": 2,
      "killingSprees": 2,
      "largestKillingSpree": 8,
      "team": 100,
      "win": true,
      "neutralMinionsKilled": 93,
      "largestMultiKill": 2,
      "physicalDamageDealtPlayer": 179437,
      "magicDamageDealtPlayer": 767,
      "physicalDamageTaken": 14498,
      "magicDamageTaken": 1058,
      "largestCriticalStrike": 869,
      "timePlayed": 1572,
      "totalHeal": 4694,
      "totalUnitsHealed": 1,
      "assists": 10,
      "item0": 3071,
      "item1": 3078,
      "item2": 3047,
      "item3": 3209,
      "item4": 3155,
      "item5": 1037,
      "item6": 3340,
      "physicalDamageDealtToChampions": 19693,
      "totalDamageDealtToChampions": 21505,
      "trueDamageDealtPlayer": 14657,
      "trueDamageDealtToChampions": 1812,
      "trueDamageTaken": 1511,
      "wardPlaced": 3,
      "neutralMinionsKilledEnemyJungle": 22,
      "neutralMinionsKilledYourJungle": 71,
      "totalTimeCrowdControlDealt": 856
    }
  },
  "summonerCount": 10,
  "29538994": {
    "gameId": 825976384,
    "invalid": false,
    "gameMode": "CLASSIC",
    "gameType": "MATCHED_GAME",
    "subType": "RANKED_SOLO_5x5",
    "mapId": 1,
    "teamId": 200,
    "championId": 64,
    "spell1": 4,
    "spell2": 11,
    "level": 30,
    "ipEarned": 52,
    "createDate": 1399031181538,
    "fellowPlayers": [
      {
        "summonerId": 40983422,
        "teamId": 200,
        "championId": 58
      },
      {
        "summonerId": 35526671,
        "teamId": 100,
        "championId": 254
      },
      {
        "summonerId": 31845783,
        "teamId": 100,
        "championId": 29
      },
      {
        "summonerId": 42666013,
        "teamId": 200,
        "championId": 412
      },
      {
        "summonerId": 40781426,
        "teamId": 100,
        "championId": 80
      },
      {
        "summonerId": 32164689,
        "teamId": 200,
        "championId": 67
      },
      {
        "summonerId": 25054976,
        "teamId": 100,
        "championId": 25
      },
      {
        "summonerId": 37947462,
        "teamId": 100,
        "championId": 50
      },
      {
        "summonerId": 42653083,
        "teamId": 200,
        "championId": 105
      }
    ],
    "stats": {
      "level": 12,
      "goldEarned": 8093,
      "numDeaths": 10,
      "minionsKilled": 43,
      "championsKilled": 6,
      "goldSpent": 7990,
      "totalDamageDealt": 86488,
      "totalDamageTaken": 31518,
      "killingSprees": 1,
      "largestKillingSpree": 2,
      "team": 200,
      "win": false,
      "neutralMinionsKilled": 50,
      "largestMultiKill": 1,
      "physicalDamageDealtPlayer": 60130,
      "magicDamageDealtPlayer": 16266,
      "physicalDamageTaken": 23902,
      "magicDamageTaken": 6512,
      "timePlayed": 1572,
      "totalHeal": 3227,
      "totalUnitsHealed": 1,
      "assists": 4,
      "item0": 3209,
      "item1": 2049,
      "item2": 3270,
      "item3": 2003,
      "item4": 3068,
      "item5": 1053,
      "item6": 3340,
      "sightWardsBought": 2,
      "magicDamageDealtToChampions": 2104,
      "physicalDamageDealtToChampions": 7130,
      "totalDamageDealtToChampions": 10267,
      "trueDamageDealtPlayer": 10091,
      "trueDamageDealtToChampions": 1032,
      "trueDamageTaken": 1103,
      "wardPlaced": 12,
      "neutralMinionsKilledEnemyJungle": 4,
      "neutralMinionsKilledYourJungle": 46,
      "totalTimeCrowdControlDealt": 365
    }
  },
  "40781426": {
    "gameId": 825976384,
    "invalid": false,
    "gameMode": "CLASSIC",
    "gameType": "MATCHED_GAME",
    "subType": "RANKED_SOLO_5x5",
    "mapId": 1,
    "teamId": 100,
    "championId": 80,
    "spell1": 4,
    "spell2": 14,
    "level": 30,
    "ipEarned": 78,
    "createDate": 1399031181533,
    "fellowPlayers": [
      {
        "summonerId": 40983422,
        "teamId": 200,
        "championId": 58
      },
      {
        "summonerId": 35526671,
        "teamId": 100,
        "championId": 254
      },
      {
        "summonerId": 31845783,
        "teamId": 100,
        "championId": 29
      },
      {
        "summonerId": 42666013,
        "teamId": 200,
        "championId": 412
      },
      {
        "summonerId": 29538994,
        "teamId": 200,
        "championId": 64
      },
      {
        "summonerId": 32164689,
        "teamId": 200,
        "championId": 67
      },
      {
        "summonerId": 25054976,
        "teamId": 100,
        "championId": 25
      },
      {
        "summonerId": 37947462,
        "teamId": 100,
        "championId": 50
      },
      {
        "summonerId": 42653083,
        "teamId": 200,
        "championId": 105
      }
    ],
    "stats": {
      "level": 15,
      "goldEarned": 11029,
      "numDeaths": 2,
      "turretsKilled": 2,
      "minionsKilled": 119,
      "championsKilled": 8,
      "goldSpent": 10120,
      "totalDamageDealt": 90076,
      "totalDamageTaken": 12778,
      "killingSprees": 1,
      "largestKillingSpree": 7,
      "team": 100,
      "win": true,
      "neutralMinionsKilled": 3,
      "largestMultiKill": 1,
      "physicalDamageDealtPlayer": 83367,
      "magicDamageDealtPlayer": 6212,
      "physicalDamageTaken": 9299,
      "magicDamageTaken": 2725,
      "largestCriticalStrike": 827,
      "timePlayed": 1572,
      "totalHeal": 1188,
      "totalUnitsHealed": 1,
      "assists": 9,
      "item0": 3077,
      "item1": 3071,
      "item2": 3035,
      "item3": 3111,
      "item4": 1031,
      "item5": 1055,
      "item6": 3340,
      "magicDamageDealtToChampions": 1214,
      "physicalDamageDealtToChampions": 14708,
      "totalDamageDealtToChampions": 16418,
      "trueDamageDealtPlayer": 496,
      "trueDamageDealtToChampions": 496,
      "trueDamageTaken": 754,
      "wardPlaced": 4,
      "neutralMinionsKilledYourJungle": 3,
      "totalTimeCrowdControlDealt": 42
    }
  },
  "31845783": {
    "gameId": 825976384,
    "invalid": false,
    "gameMode": "CLASSIC",
    "gameType": "MATCHED_GAME",
    "subType": "RANKED_SOLO_5x5",
    "mapId": 1,
    "teamId": 100,
    "championId": 29,
    "spell1": 4,
    "spell2": 7,
    "level": 30,
    "ipEarned": 78,
    "createDate": 1399031181527,
    "fellowPlayers": [
      {
        "summonerId": 40983422,
        "teamId": 200,
        "championId": 58
      },
      {
        "summonerId": 35526671,
        "teamId": 100,
        "championId": 254
      },
      {
        "summonerId": 42666013,
        "teamId": 200,
        "championId": 412
      },
      {
        "summonerId": 29538994,
        "teamId": 200,
        "championId": 64
      },
      {
        "summonerId": 40781426,
        "teamId": 100,
        "championId": 80
      },
      {
        "summonerId": 32164689,
        "teamId": 200,
        "championId": 67
      },
      {
        "summonerId": 25054976,
        "teamId": 100,
        "championId": 25
      },
      {
        "summonerId": 37947462,
        "teamId": 100,
        "championId": 50
      },
      {
        "summonerId": 42653083,
        "teamId": 200,
        "championId": 105
      }
    ],
    "stats": {
      "level": 14,
      "goldEarned": 10497,
      "numDeaths": 3,
      "turretsKilled": 1,
      "minionsKilled": 71,
      "championsKilled": 8,
      "goldSpent": 8210,
      "totalDamageDealt": 65381,
      "totalDamageTaken": 12893,
      "doubleKills": 1,
      "killingSprees": 3,
      "largestKillingSpree": 4,
      "team": 100,
      "win": true,
      "neutralMinionsKilled": 3,
      "largestMultiKill": 2,
      "physicalDamageDealtPlayer": 58853,
      "physicalDamageTaken": 9522,
      "magicDamageTaken": 2177,
      "largestCriticalStrike": 498,
      "timePlayed": 1572,
      "totalHeal": 1690,
      "totalUnitsHealed": 3,
      "assists": 15,
      "item0": 3046,
      "item1": 3072,
      "item2": 3252,
      "item3": 1036,
      "item6": 3340,
      "physicalDamageDealtToChampions": 13175,
      "totalDamageDealtToChampions": 15945,
      "trueDamageDealtPlayer": 6528,
      "trueDamageDealtToChampions": 2770,
      "trueDamageTaken": 1193,
      "wardPlaced": 3,
      "neutralMinionsKilledEnemyJungle": 3,
      "totalTimeCrowdControlDealt": 187
    }
  },
  "40983422": {
    "gameId": 825976384,
    "invalid": false,
    "gameMode": "CLASSIC",
    "gameType": "MATCHED_GAME",
    "subType": "RANKED_SOLO_5x5",
    "mapId": 1,
    "teamId": 200,
    "championId": 58,
    "spell1": 14,
    "spell2": 4,
    "level": 30,
    "ipEarned": 52,
    "createDate": 1399031181536,
    "fellowPlayers": [
      {
        "summonerId": 35526671,
        "teamId": 100,
        "championId": 254
      },
      {
        "summonerId": 31845783,
        "teamId": 100,
        "championId": 29
      },
      {
        "summonerId": 42666013,
        "teamId": 200,
        "championId": 412
      },
      {
        "summonerId": 29538994,
        "teamId": 200,
        "championId": 64
      },
      {
        "summonerId": 40781426,
        "teamId": 100,
        "championId": 80
      },
      {
        "summonerId": 32164689,
        "teamId": 200,
        "championId": 67
      },
      {
        "summonerId": 25054976,
        "teamId": 100,
        "championId": 25
      },
      {
        "summonerId": 37947462,
        "teamId": 100,
        "championId": 50
      },
      {
        "summonerId": 42653083,
        "teamId": 200,
        "championId": 105
      }
    ],
    "stats": {
      "level": 11,
      "goldEarned": 5735,
      "numDeaths": 7,
      "minionsKilled": 108,
      "goldSpent": 5170,
      "totalDamageDealt": 60210,
      "totalDamageTaken": 17741,
      "team": 200,
      "win": false,
      "neutralMinionsKilled": 10,
      "physicalDamageDealtPlayer": 58262,
      "magicDamageDealtPlayer": 1354,
      "physicalDamageTaken": 12375,
      "magicDamageTaken": 4478,
      "timePlayed": 1572,
      "totalHeal": 2352,
      "totalUnitsHealed": 1,
      "assists": 1,
      "item0": 1054,
      "item1": 3047,
      "item2": 3074,
      "item3": 2003,
      "item6": 3340,
      "sightWardsBought": 2,
      "magicDamageDealtToChampions": 235,
      "physicalDamageDealtToChampions": 3177,
      "totalDamageDealtToChampions": 4006,
      "trueDamageDealtPlayer": 593,
      "trueDamageDealtToChampions": 593,
      "trueDamageTaken": 887,
      "wardPlaced": 7,
      "neutralMinionsKilledYourJungle": 10,
      "totalTimeCrowdControlDealt": 27
    }
  },
  "37947462": {
    "gameId": 825976384,
    "invalid": false,
    "gameMode": "CLASSIC",
    "gameType": "MATCHED_GAME",
    "subType": "RANKED_SOLO_5x5",
    "mapId": 1,
    "teamId": 100,
    "championId": 50,
    "spell1": 14,
    "spell2": 4,
    "level": 30,
    "ipEarned": 78,
    "createDate": 1399031181528,
    "fellowPlayers": [
      {
        "summonerId": 40983422,
        "teamId": 200,
        "championId": 58
      },
      {
        "summonerId": 35526671,
        "teamId": 100,
        "championId": 254
      },
      {
        "summonerId": 31845783,
        "teamId": 100,
        "championId": 29
      },
      {
        "summonerId": 42666013,
        "teamId": 200,
        "championId": 412
      },
      {
        "summonerId": 29538994,
        "teamId": 200,
        "championId": 64
      },
      {
        "summonerId": 40781426,
        "teamId": 100,
        "championId": 80
      },
      {
        "summonerId": 32164689,
        "teamId": 200,
        "championId": 67
      },
      {
        "summonerId": 25054976,
        "teamId": 100,
        "championId": 25
      },
      {
        "summonerId": 42653083,
        "teamId": 200,
        "championId": 105
      }
    ],
    "stats": {
      "level": 14,
      "goldEarned": 10482,
      "numDeaths": 4,
      "barracksKilled": 1,
      "turretsKilled": 1,
      "minionsKilled": 62,
      "championsKilled": 10,
      "goldSpent": 8175,
      "totalDamageDealt": 62554,
      "totalDamageTaken": 14138,
      "killingSprees": 1,
      "largestKillingSpree": 9,
      "team": 100,
      "win": true,
      "neutralMinionsKilled": 1,
      "largestMultiKill": 1,
      "physicalDamageDealtPlayer": 14463,
      "magicDamageDealtPlayer": 47137,
      "physicalDamageTaken": 7650,
      "magicDamageTaken": 5908,
      "timePlayed": 1572,
      "totalHeal": 3413,
      "totalUnitsHealed": 1,
      "assists": 14,
      "item0": 3157,
      "item1": 3020,
      "item2": 3027,
      "item4": 1056,
      "item6": 3340,
      "sightWardsBought": 1,
      "magicDamageDealtToChampions": 19409,
      "physicalDamageDealtToChampions": 1282,
      "totalDamageDealtToChampions": 21387,
      "trueDamageDealtPlayer": 954,
      "trueDamageDealtToChampions": 696,
      "trueDamageTaken": 579,
      "wardPlaced": 4,
      "neutralMinionsKilledEnemyJungle": 1,
      "totalTimeCrowdControlDealt": 271
    }
  },
  "42666013": {
    "gameId": 825976384,
    "invalid": false,
    "gameMode": "CLASSIC",
    "gameType": "MATCHED_GAME",
    "subType": "RANKED_SOLO_5x5",
    "mapId": 1,
    "teamId": 200,
    "championId": 412,
    "spell1": 3,
    "spell2": 4,
    "level": 30,
    "ipEarned": 52,
    "createDate": 1399031181539,
    "fellowPlayers": [
      {
        "summonerId": 40983422,
        "teamId": 200,
        "championId": 58
      },
      {
        "summonerId": 35526671,
        "teamId": 100,
        "championId": 254
      },
      {
        "summonerId": 31845783,
        "teamId": 100,
        "championId": 29
      },
      {
        "summonerId": 29538994,
        "teamId": 200,
        "championId": 64
      },
      {
        "summonerId": 40781426,
        "teamId": 100,
        "championId": 80
      },
      {
        "summonerId": 32164689,
        "teamId": 200,
        "championId": 67
      },
      {
        "summonerId": 25054976,
        "teamId": 100,
        "championId": 25
      },
      {
        "summonerId": 37947462,
        "teamId": 100,
        "championId": 50
      },
      {
        "summonerId": 42653083,
        "teamId": 200,
        "championId": 105
      }
    ],
    "stats": {
      "level": 11,
      "goldEarned": 5299,
      "numDeaths": 12,
      "minionsKilled": 17,
      "goldSpent": 4335,
      "totalDamageDealt": 13913,
      "totalDamageTaken": 21617,
      "team": 200,
      "win": false,
      "neutralMinionsKilled": 1,
      "physicalDamageDealtPlayer": 3517,
      "magicDamageDealtPlayer": 10396,
      "physicalDamageTaken": 13589,
      "magicDamageTaken": 6884,
      "timePlayed": 1572,
      "totalHeal": 532,
      "totalUnitsHealed": 1,
      "assists": 6,
      "item0": 1001,
      "item1": 3069,
      "item2": 2049,
      "item3": 1031,
      "item6": 3341,
      "sightWardsBought": 2,
      "magicDamageDealtToChampions": 4172,
      "physicalDamageDealtToChampions": 888,
      "totalDamageDealtToChampions": 5060,
      "trueDamageTaken": 1143,
      "wardKilled": 2,
      "wardPlaced": 6,
      "neutralMinionsKilledYourJungle": 1,
      "totalTimeCrowdControlDealt": 93
    }
  },
  "32164689": {
    "gameId": 825976384,
    "invalid": false,
    "gameMode": "CLASSIC",
    "gameType": "MATCHED_GAME",
    "subType": "RANKED_SOLO_5x5",
    "mapId": 1,
    "teamId": 200,
    "championId": 67,
    "spell1": 21,
    "spell2": 4,
    "level": 30,
    "ipEarned": 52,
    "createDate": 1399031181534,
    "fellowPlayers": [
      {
        "summonerId": 40983422,
        "teamId": 200,
        "championId": 58
      },
      {
        "summonerId": 35526671,
        "teamId": 100,
        "championId": 254
      },
      {
        "summonerId": 31845783,
        "teamId": 100,
        "championId": 29
      },
      {
        "summonerId": 42666013,
        "teamId": 200,
        "championId": 412
      },
      {
        "summonerId": 29538994,
        "teamId": 200,
        "championId": 64
      },
      {
        "summonerId": 40781426,
        "teamId": 100,
        "championId": 80
      },
      {
        "summonerId": 25054976,
        "teamId": 100,
        "championId": 25
      },
      {
        "summonerId": 37947462,
        "teamId": 100,
        "championId": 50
      },
      {
        "summonerId": 42653083,
        "teamId": 200,
        "championId": 105
      }
    ],
    "stats": {
      "level": 11,
      "goldEarned": 6427,
      "numDeaths": 10,
      "minionsKilled": 108,
      "championsKilled": 1,
      "goldSpent": 5730,
      "totalDamageDealt": 48613,
      "totalDamageTaken": 19353,
      "team": 200,
      "win": false,
      "largestMultiKill": 1,
      "physicalDamageDealtPlayer": 43337,
      "magicDamageDealtPlayer": 70,
      "physicalDamageTaken": 13657,
      "magicDamageTaken": 4267,
      "largestCriticalStrike": 95,
      "timePlayed": 1572,
      "totalHeal": 1212,
      "totalUnitsHealed": 1,
      "assists": 5,
      "item0": 3153,
      "item1": 1055,
      "item2": 3006,
      "item3": 2003,
      "item4": 1037,
      "item6": 3340,
      "magicDamageDealtToChampions": 70,
      "physicalDamageDealtToChampions": 7874,
      "totalDamageDealtToChampions": 9179,
      "trueDamageDealtPlayer": 5205,
      "trueDamageDealtToChampions": 1234,
      "trueDamageTaken": 1428,
      "wardPlaced": 1,
      "totalTimeCrowdControlDealt": 12
    }
  },
  "42653083": {
    "gameId": 825976384,
    "invalid": false,
    "gameMode": "CLASSIC",
    "gameType": "MATCHED_GAME",
    "subType": "RANKED_SOLO_5x5",
    "mapId": 1,
    "teamId": 200,
    "championId": 105,
    "spell1": 14,
    "spell2": 4,
    "level": 30,
    "ipEarned": 52,
    "createDate": 1399031181537,
    "fellowPlayers": [
      {
        "summonerId": 40983422,
        "teamId": 200,
        "championId": 58
      },
      {
        "summonerId": 35526671,
        "teamId": 100,
        "championId": 254
      },
      {
        "summonerId": 31845783,
        "teamId": 100,
        "championId": 29
      },
      {
        "summonerId": 42666013,
        "teamId": 200,
        "championId": 412
      },
      {
        "summonerId": 29538994,
        "teamId": 200,
        "championId": 64
      },
      {
        "summonerId": 40781426,
        "teamId": 100,
        "championId": 80
      },
      {
        "summonerId": 32164689,
        "teamId": 200,
        "championId": 67
      },
      {
        "summonerId": 25054976,
        "teamId": 100,
        "championId": 25
      },
      {
        "summonerId": 37947462,
        "teamId": 100,
        "championId": 50
      }
    ],
    "stats": {
      "level": 12,
      "goldEarned": 7253,
      "numDeaths": 5,
      "minionsKilled": 74,
      "championsKilled": 7,
      "goldSpent": 5865,
      "totalDamageDealt": 36265,
      "totalDamageTaken": 13904,
      "killingSprees": 2,
      "largestKillingSpree": 3,
      "team": 200,
      "win": false,
      "neutralMinionsKilled": 4,
      "largestMultiKill": 1,
      "physicalDamageDealtPlayer": 14589,
      "magicDamageDealtPlayer": 21190,
      "physicalDamageTaken": 5829,
      "magicDamageTaken": 6864,
      "timePlayed": 1572,
      "assists": 1,
      "item0": 1056,
      "item1": 3157,
      "item2": 3057,
      "item4": 1056,
      "item5": 1001,
      "item6": 3340,
      "magicDamageDealtToChampions": 8349,
      "physicalDamageDealtToChampions": 2640,
      "totalDamageDealtToChampions": 11475,
      "trueDamageDealtPlayer": 486,
      "trueDamageDealtToChampions": 486,
      "trueDamageTaken": 1209,
      "wardPlaced": 4,
      "neutralMinionsKilledYourJungle": 4,
      "totalTimeCrowdControlDealt": 84
    }
  },
  "35526671": {
    "gameId": 825976384,
    "invalid": false,
    "gameMode": "CLASSIC",
    "gameType": "MATCHED_GAME",
    "subType": "RANKED_SOLO_5x5",
    "mapId": 1,
    "teamId": 100,
    "championId": 254,
    "spell1": 11,
    "spell2": 4,
    "level": 30,
    "ipEarned": 78,
    "createDate": 1399031181529,
    "fellowPlayers": [
      {
        "summonerId": 40983422,
        "teamId": 200,
        "championId": 58
      },
      {
        "summonerId": 31845783,
        "teamId": 100,
        "championId": 29
      },
      {
        "summonerId": 42666013,
        "teamId": 200,
        "championId": 412
      },
      {
        "summonerId": 29538994,
        "teamId": 200,
        "championId": 64
      },
      {
        "summonerId": 40781426,
        "teamId": 100,
        "championId": 80
      },
      {
        "summonerId": 32164689,
        "teamId": 200,
        "championId": 67
      },
      {
        "summonerId": 25054976,
        "teamId": 100,
        "championId": 25
      },
      {
        "summonerId": 37947462,
        "teamId": 100,
        "championId": 50
      },
      {
        "summonerId": 42653083,
        "teamId": 200,
        "championId": 105
      }
    ],
    "stats": {
      "level": 16,
      "goldEarned": 14636,
      "numDeaths": 2,
      "barracksKilled": 1,
      "turretsKilled": 2,
      "minionsKilled": 86,
      "championsKilled": 15,
      "goldSpent": 12313,
      "totalDamageDealt": 194863,
      "totalDamageTaken": 17067,
      "doubleKills": 2,
      "killingSprees": 2,
      "largestKillingSpree": 8,
      "team": 100,
      "win": true,
      "neutralMinionsKilled": 93,
      "largestMultiKill": 2,
      "physicalDamageDealtPlayer": 179437,
      "magicDamageDealtPlayer": 767,
      "physicalDamageTaken": 14498,
      "magicDamageTaken": 1058,
      "largestCriticalStrike": 869,
      "timePlayed": 1572,
      "totalHeal": 4694,
      "totalUnitsHealed": 1,
      "assists": 10,
      "item0": 3071,
      "item1": 3078,
      "item2": 3047,
      "item3": 3209,
      "item4": 3155,
      "item5": 1037,
      "item6": 3340,
      "physicalDamageDealtToChampions": 19693,
      "totalDamageDealtToChampions": 21505,
      "trueDamageDealtPlayer": 14657,
      "trueDamageDealtToChampions": 1812,
      "trueDamageTaken": 1511,
      "wardPlaced": 3,
      "neutralMinionsKilledEnemyJungle": 22,
      "neutralMinionsKilledYourJungle": 71,
      "totalTimeCrowdControlDealt": 856
    }
  }
}