{
  "42294441": {
    "gameId": 825976968,
    "invalid": false,
    "gameMode": "CLASSIC",
    "gameType": "MATCHED_GAME",
    "subType": "NORMAL",
    "mapId": 1,
    "teamId": 100,
    "championId": 75,
    "spell1": 12,
    "spell2": 6,
    "level": 30,
    "ipEarned": 106,
    "createDate": 1399031572828,
    "fellowPlayers": [
      {
        "summonerId": 24669977,
        "teamId": 100,
        "championId": 89
      },
      {
        "summonerId": 27073205,
        "teamId": 200,
        "championId": 20
      },
      {
        "summonerId": 31587989,
        "teamId": 200,
        "championId": 122
      },
      {
        "summonerId": 34117977,
        "teamId": 200,
        "championId": 119
      },
      {
        "summonerId": 35712237,
        "teamId": 200,
        "championId": 59
      },
      {
        "summonerId": 35905458,
        "teamId": 100,
        "championId": 42
      },
      {
        "summonerId": 27895668,
        "teamId": 200,
        "championId": 1
      },
      {
        "summonerId": 28121703,
        "teamId": 100,
        "championId": 111
      },
      {
        "summonerId": 35276429,
        "teamId": 100,
        "championId": 84
      }
    ],
    "stats": {
      "level": 16,
      "goldEarned": 11144,
      "numDeaths": 10,
      "turretsKilled": 1,
      "minionsKilled": 163,
      "championsKilled": 2,
      "goldSpent": 11560,
      "totalDamageDealt": 103471,
      "totalDamageTaken": 37271,
      "team": 100,
      "win": true,
      "neutralMinionsKilled": 2,
      "largestMultiKill": 1,
      "physicalDamageDealtPlayer": 76607,
      "magicDamageDealtPlayer": 26799,
      "physicalDamageTaken": 22861,
      "magicDamageTaken": 10314,
      "timePlayed": 2321,
      "totalHeal": 1983,
      "totalUnitsHealed": 1,
      "assists": 6,
      "item0": 2003,
      "item1": 3057,
      "item2": 3110,
      "item3": 3158,
      "item4": 3044,
      "item5": 3065,
      "item6": 3340,
      "sightWardsBought": 1,
      "magicDamageDealtToChampions": 4558,
      "physicalDamageDealtToChampions": 5280,
      "totalDamageDealtToChampions": 9903,
      "trueDamageDealtPlayer": 64,
      "trueDamageDealtToChampions": 64,
      "trueDamageTaken": 4095,
      "wardPlaced": 6,
      "neutralMinionsKilledEnemyJungle": 1,
      "neutralMinionsKilledYourJungle": 1,
      "totalTimeCrowdControlDealt": 1134
    }
  },
  "summonerCount": 10,
  "27895668": {
    "gameId": 825976968,
    "invalid": false,
    "gameMode": "CLASSIC",
    "gameType": "MATCHED_GAME",
    "subType": "NORMAL",
    "mapId": 1,
    "teamId": 200,
    "championId": 1,
    "spell1": 4,
    "spell2": 14,
    "level": 30,
    "ipEarned": 69,
    "createDate": 1399031572831,
    "fellowPlayers": [
      {
        "summonerId": 42294441,
        "teamId": 100,
        "championId": 75
      },
      {
        "summonerId": 24669977,
        "teamId": 100,
        "championId": 89
      },
      {
        "summonerId": 27073205,
        "teamId": 200,
        "championId": 20
      },
      {
        "summonerId": 31587989,
        "teamId": 200,
        "championId": 122
      },
      {
        "summonerId": 34117977,
        "teamId": 200,
        "championId": 119
      },
      {
        "summonerId": 35712237,
        "teamId": 200,
        "championId": 59
      },
      {
        "summonerId": 35905458,
        "teamId": 100,
        "championId": 42
      },
      {
        "summonerId": 28121703,
        "teamId": 100,
        "championId": 111
      },
      {
        "summonerId": 35276429,
        "teamId": 100,
        "championId": 84
      }
    ],
    "stats": {
      "level": 16,
      "goldEarned": 12039,
      "numDeaths": 7,
      "minionsKilled": 127,
      "championsKilled": 11,
      "goldSpent": 11450,
      "totalDamageDealt": 116576,
      "totalDamageTaken": 23162,
      "doubleKills": 2,
      "killingSprees": 2,
      "largestKillingSpree": 4,
      "team": 200,
      "win": false,
      "neutralMinionsKilled": 9,
      "largestMultiKill": 2,
      "physicalDamageDealtPlayer": 16995,
      "magicDamageDealtPlayer": 98323,
      "physicalDamageTaken": 9180,
      "magicDamageTaken": 12983,
      "timePlayed": 2321,
      "totalHeal": 715,
      "totalUnitsHealed": 1,
      "assists": 10,
      "item0": 3027,
      "item1": 3020,
      "item2": 3089,
      "item3": 3135,
      "item4": 1056,
      "item5": 3191,
      "item6": 3340,
      "sightWardsBought": 2,
      "magicDamageDealtToChampions": 36330,
      "physicalDamageDealtToChampions": 1110,
      "totalDamageDealtToChampions": 38699,
      "trueDamageDealtPlayer": 1258,
      "trueDamageDealtToChampions": 1258,
      "trueDamageTaken": 998,
      "wardPlaced": 14,
      "neutralMinionsKilledEnemyJungle": 1,
      "neutralMinionsKilledYourJungle": 8,
      "totalTimeCrowdControlDealt": 78
    }
  },
  "28121703": {
    "gameId": 825976968,
    "invalid": false,
    "gameMode": "CLASSIC",
    "gameType": "MATCHED_GAME",
    "subType": "NORMAL",
    "mapId": 1,
    "teamId": 100,
    "championId": 111,
    "spell1": 4,
    "spell2": 11,
    "level": 30,
    "ipEarned": 106,
    "createDate": 1399031572824,
    "fellowPlayers": [
      {
        "summonerId": 42294441,
        "teamId": 100,
        "championId": 75
      },
      {
        "summonerId": 24669977,
        "teamId": 100,
        "championId": 89
      },
      {
        "summonerId": 27073205,
        "teamId": 200,
        "championId": 20
      },
      {
        "summonerId": 31587989,
        "teamId": 200,
        "championId": 122
      },
      {
        "summonerId": 34117977,
        "teamId": 200,
        "championId": 119
      },
      {
        "summonerId": 35712237,
        "teamId": 200,
        "championId": 59
      },
      {
        "summonerId": 35905458,
        "teamId": 100,
        "championId": 42
      },
      {
        "summonerId": 27895668,
        "teamId": 200,
        "championId": 1
      },
      {
        "summonerId": 35276429,
        "teamId": 100,
        "championId": 84
      }
    ],
    "stats": {
      "level": 17,
      "goldEarned": 13041,
      "numDeaths": 7,
      "turretsKilled": 1,
      "minionsKilled": 46,
      "championsKilled": 8,
      "goldSpent": 12045,
      "totalDamageDealt": 114232,
      "totalDamageTaken": 32625,
      "killingSprees": 1,
      "largestKillingSpree": 5,
      "team": 100,
      "win": true,
      "neutralMinionsKilled": 61,
      "largestMultiKill": 1,
      "physicalDamageDealtPlayer": 33121,
      "magicDamageDealtPlayer": 66567,
      "physicalDamageTaken": 21983,
      "magicDamageTaken": 9531,
      "timePlayed": 2321,
      "totalHeal": 2367,
      "totalUnitsHealed": 1,
      "assists": 13,
      "item0": 3143,
      "item1": 1031,
      "item2": 3270,
      "item3": 3207,
      "item4": 3102,
      "item5": 1011,
      "item6": 3341,
      "magicDamageDealtToChampions": 9053,
      "physicalDamageDealtToChampions": 2424,
      "totalDamageDealtToChampions": 11945,
      "trueDamageDealtPlayer": 14544,
      "trueDamageDealtToChampions": 468,
      "trueDamageTaken": 1109,
      "wardKilled": 2,
      "neutralMinionsKilledEnemyJungle": 8,
      "neutralMinionsKilledYourJungle": 53,
      "totalTimeCrowdControlDealt": 1528
    }
  },
  "24669977": {
    "gameId": 825976968,
    "invalid": false,
    "gameMode": "CLASSIC",
    "gameType": "MATCHED_GAME",
    "subType": "NORMAL",
    "mapId": 1,
    "teamId": 100,
    "championId": 89,
    "spell1": 3,
    "spell2": 4,
    "level": 30,
    "ipEarned": 256,
    "createDate": 1399031572826,
    "fellowPlayers": [
      {
        "summonerId": 42294441,
        "teamId": 100,
        "championId": 75
      },
      {
        "summonerId": 27073205,
        "teamId": 200,
        "championId": 20
      },
      {
        "summonerId": 31587989,
        "teamId": 200,
        "championId": 122
      },
      {
        "summonerId": 34117977,
        "teamId": 200,
        "championId": 119
      },
      {
        "summonerId": 35712237,
        "teamId": 200,
        "championId": 59
      },
      {
        "summonerId": 35905458,
        "teamId": 100,
        "championId": 42
      },
      {
        "summonerId": 27895668,
        "teamId": 200,
        "championId": 1
      },
      {
        "summonerId": 28121703,
        "teamId": 100,
        "championId": 111
      },
      {
        "summonerId": 35276429,
        "teamId": 100,
        "championId": 84
      }
    ],
    "stats": {
      "level": 15,
      "goldEarned": 9658,
      "numDeaths": 6,
      "turretsKilled": 1,
      "minionsKilled": 22,
      "championsKilled": 1,
      "goldSpent": 7480,
      "totalDamageDealt": 27253,
      "totalDamageTaken": 25125,
      "team": 100,
      "win": true,
      "largestMultiKill": 1,
      "physicalDamageDealtPlayer": 7524,
      "magicDamageDealtPlayer": 17485,
      "physicalDamageTaken": 11980,
      "magicDamageTaken": 9967,
      "timePlayed": 2321,
      "totalHeal": 2764,
      "totalUnitsHealed": 5,
      "assists": 19,
      "item0": 3047,
      "item1": 3068,
      "item2": 3401,
      "item3": 2049,
      "item4": 1057,
      "item6": 3341,
      "sightWardsBought": 1,
      "magicDamageDealtToChampions": 8344,
      "physicalDamageDealtToChampions": 2918,
      "totalDamageDealtToChampions": 11263,
      "trueDamageDealtPlayer": 2243,
      "trueDamageTaken": 3177,
      "wardPlaced": 19,
      "totalTimeCrowdControlDealt": 79
    }
  },
  "35276429": {
    "gameId": 825976968,
    "invalid": false,
    "gameMode": "CLASSIC",
    "gameType": "MATCHED_GAME",
    "subType": "NORMAL",
    "mapId": 1,
    "teamId": 100,
    "championId": 84,
    "spell1": 4,
    "spell2": 14,
    "level": 30,
    "ipEarned": 106,
    "createDate": 1399031572823,
    "fellowPlayers": [
      {
        "summonerId": 42294441,
        "teamId": 100,
        "championId": 75
      },
      {
        "summonerId": 24669977,
        "teamId": 100,
        "championId": 89
      },
      {
        "summonerId": 27073205,
        "teamId": 200,
        "championId": 20
      },
      {
        "summonerId": 31587989,
        "teamId": 200,
        "championId": 122
      },
      {
        "summonerId": 34117977,
        "teamId": 200,
        "championId": 119
      },
      {
        "summonerId": 35712237,
        "teamId": 200,
        "championId": 59
      },
      {
        "summonerId": 35905458,
        "teamId": 100,
        "championId": 42
      },
      {
        "summonerId": 27895668,
        "teamId": 200,
        "championId": 1
      },
      {
        "summonerId": 28121703,
        "teamId": 100,
        "championId": 111
      }
    ],
    "stats": {
      "level": 17,
      "goldEarned": 13255,
      "numDeaths": 9,
      "turretsKilled": 1,
      "minionsKilled": 148,
      "championsKilled": 8,
      "goldSpent": 12555,
      "totalDamageDealt": 89063,
      "totalDamageTaken": 32065,
      "doubleKills": 1,
      "killingSprees": 3,
      "largestKillingSpree": 2,
      "team": 100,
      "win": true,
      "neutralMinionsKilled": 8,
      "largestMultiKill": 2,
      "physicalDamageDealtPlayer": 50625,
      "magicDamageDealtPlayer": 37008,
      "physicalDamageTaken": 13159,
      "magicDamageTaken": 16186,
      "timePlayed": 2321,
      "totalHeal": 1174,
      "totalUnitsHealed": 1,
      "assists": 11,
      "item0": 3146,
      "item1": 3151,
      "item2": 3152,
      "item3": 1058,
      "item4": 1054,
      "item5": 3258,
      "item6": 3340,
      "magicDamageDealtToChampions": 14277,
      "physicalDamageDealtToChampions": 4733,
      "totalDamageDealtToChampions": 20441,
      "trueDamageDealtPlayer": 1430,
      "trueDamageDealtToChampions": 1430,
      "trueDamageTaken": 2719,
      "wardPlaced": 6,
      "neutralMinionsKilledEnemyJungle": 2,
      "neutralMinionsKilledYourJungle": 6,
      "totalTimeCrowdControlDealt": 632
    }
  },
  "27073205": {
    "gameId": 825976968,
    "invalid": false,
    "gameMode": "CLASSIC",
    "gameType": "MATCHED_GAME",
    "subType": "NORMAL",
    "mapId": 1,
    "teamId": 200,
    "championId": 20,
    "spell1": 4,
    "spell2": 3,
    "level": 30,
    "ipEarned": 69,
    "createDate": 1399031572832,
    "fellowPlayers": [
      {
        "summonerId": 42294441,
        "teamId": 100,
        "championId": 75
      },
      {
        "summonerId": 24669977,
        "teamId": 100,
        "championId": 89
      },
      {
        "summonerId": 31587989,
        "teamId": 200,
        "championId": 122
      },
      {
        "summonerId": 34117977,
        "teamId": 200,
        "championId": 119
      },
      {
        "summonerId": 35712237,
        "teamId": 200,
        "championId": 59
      },
      {
        "summonerId": 35905458,
        "teamId": 100,
        "championId": 42
      },
      {
        "summonerId": 27895668,
        "teamId": 200,
        "championId": 1
      },
      {
        "summonerId": 28121703,
        "teamId": 100,
        "championId": 111
      },
      {
        "summonerId": 35276429,
        "teamId": 100,
        "championId": 84
      }
    ],
    "stats": {
      "level": 14,
      "goldEarned": 10658,
      "numDeaths": 9,
      "minionsKilled": 32,
      "championsKilled": 2,
      "goldSpent": 10775,
      "totalDamageDealt": 45822,
      "totalDamageTaken": 26370,
      "team": 200,
      "win": false,
      "neutralMinionsKilled": 2,
      "largestMultiKill": 1,
      "physicalDamageDealtPlayer": 5546,
      "magicDamageDealtPlayer": 24176,
      "physicalDamageTaken": 11230,
      "magicDamageTaken": 13815,
      "timePlayed": 2321,
      "totalHeal": 4418,
      "totalUnitsHealed": 1,
      "assists": 15,
      "item0": 3098,
      "item2": 3190,
      "item3": 3020,
      "item4": 1058,
      "item5": 3068,
      "item6": 3340,
      "sightWardsBought": 6,
      "magicDamageDealtToChampions": 17536,
      "physicalDamageDealtToChampions": 645,
      "totalDamageDealtToChampions": 18181,
      "trueDamageDealtPlayer": 16100,
      "trueDamageTaken": 1324,
      "wardPlaced": 18,
      "neutralMinionsKilledYourJungle": 2,
      "totalTimeCrowdControlDealt": 509
    }
  },
  "31587989": {
    "gameId": 825976968,
    "invalid": false,
    "gameMode": "CLASSIC",
    "gameType": "MATCHED_GAME",
    "subType": "NORMAL",
    "mapId": 1,
    "teamId": 200,
    "championId": 122,
    "spell1": 14,
    "spell2": 4,
    "level": 30,
    "ipEarned": 69,
    "createDate": 1399031572829,
    "fellowPlayers": [
      {
        "summonerId": 42294441,
        "teamId": 100,
        "championId": 75
      },
      {
        "summonerId": 24669977,
        "teamId": 100,
        "championId": 89
      },
      {
        "summonerId": 27073205,
        "teamId": 200,
        "championId": 20
      },
      {
        "summonerId": 34117977,
        "teamId": 200,
        "championId": 119
      },
      {
        "summonerId": 35712237,
        "teamId": 200,
        "championId": 59
      },
      {
        "summonerId": 35905458,
        "teamId": 100,
        "championId": 42
      },
      {
        "summonerId": 27895668,
        "teamId": 200,
        "championId": 1
      },
      {
        "summonerId": 28121703,
        "teamId": 100,
        "championId": 111
      },
      {
        "summonerId": 35276429,
        "teamId": 100,
        "championId": 84
      }
    ],
    "stats": {
      "level": 18,
      "goldEarned": 14971,
      "numDeaths": 5,
      "turretsKilled": 2,
      "minionsKilled": 234,
      "championsKilled": 14,
      "goldSpent": 14895,
      "totalDamageDealt": 173145,
      "totalDamageTaken": 32556,
      "doubleKills": 2,
      "tripleKills": 1,
      "killingSprees": 4,
      "largestKillingSpree": 7,
      "team": 200,
      "win": false,
      "neutralMinionsKilled": 16,
      "largestMultiKill": 3,
      "physicalDamageDealtPlayer": 152393,
      "magicDamageDealtPlayer": 11888,
      "physicalDamageTaken": 19082,
      "magicDamageTaken": 12352,
      "timePlayed": 2321,
      "totalHeal": 481,
      "totalUnitsHealed": 1,
      "assists": 8,
      "item0": 3072,
      "item1": 3156,
      "item2": 2037,
      "item3": 3269,
      "item4": 3022,
      "item5": 3035,
      "item6": 3340,
      "sightWardsBought": 1,
      "visionWardsBought": 2,
      "magicDamageDealtToChampions": 4797,
      "physicalDamageDealtToChampions": 24878,
      "totalDamageDealtToChampions": 38346,
      "trueDamageDealtPlayer": 8864,
      "trueDamageDealtToChampions": 8670,
      "trueDamageTaken": 1122,
      "wardPlaced": 14,
      "neutralMinionsKilledEnemyJungle": 12,
      "neutralMinionsKilledYourJungle": 4,
      "totalTimeCrowdControlDealt": 355
    }
  },
  "35712237": {
    "gameId": 825976968,
    "invalid": false,
    "gameMode": "CLASSIC",
    "gameType": "MATCHED_GAME",
    "subType": "NORMAL",
    "mapId": 1,
    "teamId": 200,
    "championId": 59,
    "spell1": 11,
    "spell2": 4,
    "level": 30,
    "ipEarned": 69,
    "createDate": 1399031572833,
    "fellowPlayers": [
      {
        "summonerId": 42294441,
        "teamId": 100,
        "championId": 75
      },
      {
        "summonerId": 24669977,
        "teamId": 100,
        "championId": 89
      },
      {
        "summonerId": 27073205,
        "teamId": 200,
        "championId": 20
      },
      {
        "summonerId": 31587989,
        "teamId": 200,
        "championId": 122
      },
      {
        "summonerId": 34117977,
        "teamId": 200,
        "championId": 119
      },
      {
        "summonerId": 35905458,
        "teamId": 100,
        "championId": 42
      },
      {
        "summonerId": 27895668,
        "teamId": 200,
        "championId": 1
      },
      {
        "summonerId": 28121703,
        "teamId": 100,
        "championId": 111
      },
      {
        "summonerId": 35276429,
        "teamId": 100,
        "championId": 84
      }
    ],
    "stats": {
      "level": 16,
      "goldEarned": 11858,
      "numDeaths": 7,
      "minionsKilled": 32,
      "championsKilled": 5,
      "goldSpent": 11525,
      "totalDamageDealt": 135136,
      "totalDamageTaken": 28202,
      "team": 200,
      "win": false,
      "neutralMinionsKilled": 78,
      "largestMultiKill": 1,
      "physicalDamageDealtPlayer": 85132,
      "magicDamageDealtPlayer": 34939,
      "physicalDamageTaken": 15021,
      "magicDamageTaken": 12046,
      "timePlayed": 2321,
      "totalHeal": 3254,
      "totalUnitsHealed": 1,
      "assists": 15,
      "item0": 3047,
      "item1": 3143,
      "item2": 3160,
      "item3": 3110,
      "item4": 3211,
      "item5": 3067,
      "item6": 3340,
      "magicDamageDealtToChampions": 1703,
      "physicalDamageDealtToChampions": 10189,
      "totalDamageDealtToChampions": 12629,
      "trueDamageDealtPlayer": 15064,
      "trueDamageDealtToChampions": 736,
      "trueDamageTaken": 1134,
      "wardPlaced": 14,
      "neutralMinionsKilledEnemyJungle": 12,
      "neutralMinionsKilledYourJungle": 66,
      "totalTimeCrowdControlDealt": 1530
    }
  },
  "35905458": {
    "gameId": 825976968,
    "invalid": false,
    "gameMode": "CLASSIC",
    "gameType": "MATCHED_GAME",
    "subType": "NORMAL",
    "mapId": 1,
    "teamId": 100,
    "championId": 42,
    "spell1": 4,
    "spell2": 7,
    "level": 30,
    "ipEarned": 106,
    "createDate": 1399031572827,
    "fellowPlayers": [
      {
        "summonerId": 42294441,
        "teamId": 100,
        "championId": 75
      },
      {
        "summonerId": 24669977,
        "teamId": 100,
        "championId": 89
      },
      {
        "summonerId": 27073205,
        "teamId": 200,
        "championId": 20
      },
      {
        "summonerId": 31587989,
        "teamId": 200,
        "championId": 122
      },
      {
        "summonerId": 34117977,
        "teamId": 200,
        "championId": 119
      },
      {
        "summonerId": 35712237,
        "teamId": 200,
        "championId": 59
      },
      {
        "summonerId": 27895668,
        "teamId": 200,
        "championId": 1
      },
      {
        "summonerId": 28121703,
        "teamId": 100,
        "championId": 111
      },
      {
        "summonerId": 35276429,
        "teamId": 100,
        "championId": 84
      }
    ],
    "stats": {
      "level": 17,
      "goldEarned": 17487,
      "numDeaths": 5,
      "barracksKilled": 1,
      "turretsKilled": 3,
      "minionsKilled": 250,
      "championsKilled": 13,
      "goldSpent": 13283,
      "totalDamageDealt": 196990,
      "totalDamageTaken": 24956,
      "doubleKills": 2,
      "tripleKills": 1,
      "killingSprees": 3,
      "largestKillingSpree": 5,
      "team": 100,
      "win": true,
      "neutralMinionsKilled": 7,
      "largestMultiKill": 3,
      "physicalDamageDealtPlayer": 113779,
      "magicDamageDealtPlayer": 72622,
      "physicalDamageTaken": 10078,
      "magicDamageTaken": 14708,
      "largestCriticalStrike": 750,
      "timePlayed": 2321,
      "totalHeal": 4153,
      "totalUnitsHealed": 4,
      "assists": 13,
      "item0": 1038,
      "item1": 3078,
      "item2": 3035,
      "item3": 3072,
      "item4": 3006,
      "item5": 1037,
      "item6": 3340,
      "magicDamageDealtToChampions": 23402,
      "physicalDamageDealtToChampions": 15729,
      "totalDamageDealtToChampions": 41592,
      "trueDamageDealtPlayer": 10588,
      "trueDamageDealtToChampions": 2460,
      "trueDamageTaken": 170,
      "wardKilled": 2,
      "wardPlaced": 8,
      "neutralMinionsKilledEnemyJungle": 1,
      "neutralMinionsKilledYourJungle": 6,
      "totalTimeCrowdControlDealt": 186
    }
  },
  "34117977": {
    "gameId": 825976968,
    "invalid": false,
    "gameMode": "CLASSIC",
    "gameType": "MATCHED_GAME",
    "subType": "NORMAL",
    "mapId": 1,
    "teamId": 200,
    "championId": 119,
    "spell1": 4,
    "spell2": 7,
    "level": 30,
    "ipEarned": 69,
    "createDate": 1399031572835,
    "fellowPlayers": [
      {
        "summonerId": 42294441,
        "teamId": 100,
        "championId": 75
      },
      {
        "summonerId": 24669977,
        "teamId": 100,
        "championId": 89
      },
      {
        "summonerId": 27073205,
        "teamId": 200,
        "championId": 20
      },
      {
        "summonerId": 31587989,
        "teamId": 200,
        "championId": 122
      },
      {
        "summonerId": 35712237,
        "teamId": 200,
        "championId": 59
      },
      {
        "summonerId": 35905458,
        "teamId": 100,
        "championId": 42
      },
      {
        "summonerId": 27895668,
        "teamId": 200,
        "championId": 1
      },
      {
        "summonerId": 28121703,
        "teamId": 100,
        "championId": 111
      },
      {
        "summonerId": 35276429,
        "teamId": 100,
        "championId": 84
      }
    ],
    "stats": {
      "level": 15,
      "goldEarned": 11873,
      "numDeaths": 4,
      "turretsKilled": 1,
      "minionsKilled": 118,
      "championsKilled": 4,
      "goldSpent": 12000,
      "totalDamageDealt": 104125,
      "totalDamageTaken": 19097,
      "killingSprees": 1,
      "largestKillingSpree": 3,
      "team": 200,
      "win": false,
      "neutralMinionsKilled": 31,
      "largestMultiKill": 1,
      "physicalDamageDealtPlayer": 103449,
      "physicalDamageTaken": 10500,
      "magicDamageTaken": 8439,
      "largestCriticalStrike": 747,
      "timePlayed": 2321,
      "totalHeal": 4288,
      "totalUnitsHealed": 4,
      "assists": 12,
      "item0": 3072,
      "item1": 3006,
      "item2": 3046,
      "item3": 3031,
      "item6": 3340,
      "physicalDamageDealtToChampions": 11961,
      "totalDamageDealtToChampions": 12029,
      "trueDamageDealtPlayer": 676,
      "trueDamageDealtToChampions": 68,
      "trueDamageTaken": 157,
      "wardPlaced": 13,
      "neutralMinionsKilledEnemyJungle": 2,
      "neutralMinionsKilledYourJungle": 29,
      "totalTimeCrowdControlDealt": 210
    }
  }
}