{
  "23215430": {
    "gameId": 825976912,
    "invalid": false,
    "gameMode": "CLASSIC",
    "gameType": "MATCHED_GAME",
    "subType": "RANKED_SOLO_5x5",
    "mapId": 1,
    "teamId": 100,
    "championId": 267,
    "spell1": 3,
    "spell2": 4,
    "level": 30,
    "ipEarned": 51,
    "createDate": 1399030688657,
    "fellowPlayers": [
      {
        "summonerId": 25931880,
        "teamId": 100,
        "championId": 15
      },
      {
        "summonerId": 19232529,
        "teamId": 100,
        "championId": 86
      },
      {
        "summonerId": 32474840,
        "teamId": 200,
        "championId": 51
      },
      {
        "summonerId": 36789220,
        "teamId": 100,
        "championId": 13
      },
      {
        "summonerId": 24610121,
        "teamId": 100,
        "championId": 28
      },
      {
        "summonerId": 29823089,
        "teamId": 200,
        "championId": 105
      },
      {
        "summonerId": 42663893,
        "teamId": 200,
        "championId": 19
      },
      {
        "summonerId": 24749364,
        "teamId": 200,
        "championId": 121
      },
      {
        "summonerId": 21184314,
        "teamId": 200,
        "championId": 37
      }
    ],
    "stats": {
      "level": 9,
      "goldEarned": 3976,
      "numDeaths": 2,
      "minionsKilled": 9,
      "goldSpent": 3885,
      "totalDamageDealt": 6289,
      "totalDamageTaken": 9941,
      "team": 100,
      "win": false,
      "physicalDamageDealtPlayer": 2461,
      "magicDamageDealtPlayer": 3828,
      "physicalDamageTaken": 7004,
      "magicDamageTaken": 2819,
      "timePlayed": 1275,
      "totalHeal": 2330,
      "totalUnitsHealed": 4,
      "assists": 1,
      "item0": 2049,
      "item1": 3092,
      "item3": 1001,
      "item6": 3341,
      "sightWardsBought": 1,
      "visionWardsBought": 1,
      "magicDamageDealtToChampions": 2314,
      "physicalDamageDealtToChampions": 1461,
      "totalDamageDealtToChampions": 3776,
      "trueDamageTaken": 117,
      "wardKilled": 3,
      "wardPlaced": 13,
      "totalTimeCrowdControlDealt": 77
    }
  },
  "summonerCount": 10,
  "32474840": {
    "gameId": 825976912,
    "invalid": false,
    "gameMode": "CLASSIC",
    "gameType": "MATCHED_GAME",
    "subType": "RANKED_SOLO_5x5",
    "mapId": 1,
    "teamId": 200,
    "championId": 51,
    "spell1": 4,
    "spell2": 7,
    "level": 30,
    "ipEarned": 76,
    "createDate": 1399030688663,
    "fellowPlayers": [
      {
        "summonerId": 25931880,
        "teamId": 100,
        "championId": 15
      },
      {
        "summonerId": 19232529,
        "teamId": 100,
        "championId": 86
      },
      {
        "summonerId": 36789220,
        "teamId": 100,
        "championId": 13
      },
      {
        "summonerId": 24610121,
        "teamId": 100,
        "championId": 28
      },
      {
        "summonerId": 29823089,
        "teamId": 200,
        "championId": 105
      },
      {
        "summonerId": 23215430,
        "teamId": 100,
        "championId": 267
      },
      {
        "summonerId": 42663893,
        "teamId": 200,
        "championId": 19
      },
      {
        "summonerId": 24749364,
        "teamId": 200,
        "championId": 121
      },
      {
        "summonerId": 21184314,
        "teamId": 200,
        "championId": 37
      }
    ],
    "stats": {
      "level": 11,
      "goldEarned": 7286,
      "numDeaths": 1,
      "minionsKilled": 139,
      "championsKilled": 3,
      "goldSpent": 5630,
      "totalDamageDealt": 71492,
      "totalDamageTaken": 9971,
      "killingSprees": 1,
      "largestKillingSpree": 3,
      "team": 200,
      "win": true,
      "neutralMinionsKilled": 8,
      "largestMultiKill": 1,
      "physicalDamageDealtPlayer": 70587,
      "magicDamageDealtPlayer": 904,
      "physicalDamageTaken": 7518,
      "magicDamageTaken": 2453,
      "timePlayed": 1275,
      "totalHeal": 1779,
      "totalUnitsHealed": 2,
      "assists": 4,
      "item0": 1055,
      "item1": 3072,
      "item2": 1055,
      "item3": 3254,
      "item6": 3340,
      "magicDamageDealtToChampions": 904,
      "physicalDamageDealtToChampions": 9442,
      "totalDamageDealtToChampions": 10347,
      "wardPlaced": 1,
      "neutralMinionsKilledEnemyJungle": 1,
      "neutralMinionsKilledYourJungle": 7,
      "totalTimeCrowdControlDealt": 26
    }
  },
  "21184314": {
    "gameId": 825976912,
    "invalid": false,
    "gameMode": "CLASSIC",
    "gameType": "MATCHED_GAME",
    "subType": "RANKED_SOLO_5x5",
    "mapId": 1,
    "teamId": 200,
    "championId": 37,
    "spell1": 4,
    "spell2": 3,
    "level": 30,
    "ipEarned": 76,
    "createDate": 1399030688667,
    "fellowPlayers": [
      {
        "summonerId": 25931880,
        "teamId": 100,
        "championId": 15
      },
      {
        "summonerId": 19232529,
        "teamId": 100,
        "championId": 86
      },
      {
        "summonerId": 32474840,
        "teamId": 200,
        "championId": 51
      },
      {
        "summonerId": 36789220,
        "teamId": 100,
        "championId": 13
      },
      {
        "summonerId": 24610121,
        "teamId": 100,
        "championId": 28
      },
      {
        "summonerId": 29823089,
        "teamId": 200,
        "championId": 105
      },
      {
        "summonerId": 23215430,
        "teamId": 100,
        "championId": 267
      },
      {
        "summonerId": 42663893,
        "teamId": 200,
        "championId": 19
      },
      {
        "summonerId": 24749364,
        "teamId": 200,
        "championId": 121
      }
    ],
    "stats": {
      "level": 10,
      "goldEarned": 6247,
      "numDeaths": 2,
      "turretsKilled": 1,
      "minionsKilled": 15,
      "championsKilled": 2,
      "goldSpent": 4985,
      "totalDamageDealt": 13968,
      "totalDamageTaken": 7182,
      "killingSprees": 1,
      "largestKillingSpree": 2,
      "team": 200,
      "win": true,
      "largestMultiKill": 1,
      "physicalDamageDealtPlayer": 5571,
      "magicDamageDealtPlayer": 8396,
      "physicalDamageTaken": 4699,
      "magicDamageTaken": 2233,
      "timePlayed": 1275,
      "totalHeal": 3790,
      "totalUnitsHealed": 4,
      "assists": 5,
      "item0": 2049,
      "item1": 3174,
      "item2": 1001,
      "item3": 3098,
      "item6": 3341,
      "sightWardsBought": 3,
      "visionWardsBought": 1,
      "magicDamageDealtToChampions": 5096,
      "physicalDamageDealtToChampions": 2981,
      "totalDamageDealtToChampions": 8078,
      "trueDamageTaken": 250,
      "wardPlaced": 10,
      "totalTimeCrowdControlDealt": 35
    }
  },
  "25931880": {
    "gameId": 825976912,
    "invalid": false,
    "gameMode": "CLASSIC",
    "gameType": "MATCHED_GAME",
    "subType": "RANKED_SOLO_5x5",
    "mapId": 1,
    "teamId": 100,
    "championId": 15,
    "spell1": 4,
    "spell2": 7,
    "level": 30,
    "ipEarned": 51,
    "createDate": 1399030688662,
    "fellowPlayers": [
      {
        "summonerId": 19232529,
        "teamId": 100,
        "championId": 86
      },
      {
        "summonerId": 32474840,
        "teamId": 200,
        "championId": 51
      },
      {
        "summonerId": 36789220,
        "teamId": 100,
        "championId": 13
      },
      {
        "summonerId": 24610121,
        "teamId": 100,
        "championId": 28
      },
      {
        "summonerId": 29823089,
        "teamId": 200,
        "championId": 105
      },
      {
        "summonerId": 23215430,
        "teamId": 100,
        "championId": 267
      },
      {
        "summonerId": 42663893,
        "teamId": 200,
        "championId": 19
      },
      {
        "summonerId": 24749364,
        "teamId": 200,
        "championId": 121
      },
      {
        "summonerId": 21184314,
        "teamId": 200,
        "championId": 37
      }
    ],
    "stats": {
      "level": 10,
      "goldEarned": 5038,
      "numDeaths": 2,
      "minionsKilled": 105,
      "goldSpent": 4855,
      "totalDamageDealt": 54318,
      "totalDamageTaken": 10467,
      "team": 100,
      "win": false,
      "neutralMinionsKilled": 2,
      "physicalDamageDealtPlayer": 52830,
      "magicDamageDealtPlayer": 1487,
      "physicalDamageTaken": 6315,
      "magicDamageTaken": 3941,
      "timePlayed": 1275,
      "totalHeal": 1650,
      "totalUnitsHealed": 3,
      "assists": 2,
      "item0": 1055,
      "item1": 3072,
      "item3": 3006,
      "item6": 3340,
      "magicDamageDealtToChampions": 675,
      "physicalDamageDealtToChampions": 7341,
      "totalDamageDealtToChampions": 8017,
      "trueDamageTaken": 210,
      "wardPlaced": 2,
      "neutralMinionsKilledYourJungle": 2,
      "totalTimeCrowdControlDealt": 38
    }
  },
  "36789220": {
    "gameId": 825976912,
    "invalid": false,
    "gameMode": "CLASSIC",
    "gameType": "MATCHED_GAME",
    "subType": "RANKED_SOLO_5x5",
    "mapId": 1,
    "teamId": 100,
    "championId": 13,
    "spell1": 12,
    "spell2": 4,
    "level": 30,
    "ipEarned": 51,
    "createDate": 1399030688658,
    "fellowPlayers": [
      {
        "summonerId": 25931880,
        "teamId": 100,
        "championId": 15
      },
      {
        "summonerId": 19232529,
        "teamId": 100,
        "championId": 86
      },
      {
        "summonerId": 32474840,
        "teamId": 200,
        "championId": 51
      },
      {
        "summonerId": 24610121,
        "teamId": 100,
        "championId": 28
      },
      {
        "summonerId": 29823089,
        "teamId": 200,
        "championId": 105
      },
      {
        "summonerId": 23215430,
        "teamId": 100,
        "championId": 267
      },
      {
        "summonerId": 42663893,
        "teamId": 200,
        "championId": 19
      },
      {
        "summonerId": 24749364,
        "teamId": 200,
        "championId": 121
      },
      {
        "summonerId": 21184314,
        "teamId": 200,
        "championId": 37
      }
    ],
    "stats": {
      "level": 11,
      "goldEarned": 5615,
      "numDeaths": 8,
      "minionsKilled": 102,
      "championsKilled": 3,
      "goldSpent": 5415,
      "totalDamageDealt": 48904,
      "totalDamageTaken": 13364,
      "doubleKills": 1,
      "killingSprees": 1,
      "largestKillingSpree": 2,
      "team": 100,
      "win": false,
      "largestMultiKill": 2,
      "physicalDamageDealtPlayer": 10315,
      "magicDamageDealtPlayer": 38589,
      "physicalDamageTaken": 6640,
      "magicDamageTaken": 6200,
      "timePlayed": 1275,
      "totalHeal": 36,
      "totalUnitsHealed": 1,
      "item0": 3024,
      "item1": 2004,
      "item2": 1057,
      "item3": 3010,
      "item4": 3020,
      "item5": 3070,
      "item6": 3340,
      "sightWardsBought": 2,
      "magicDamageDealtToChampions": 10746,
      "physicalDamageDealtToChampions": 565,
      "totalDamageDealtToChampions": 11312,
      "trueDamageTaken": 524,
      "wardPlaced": 6,
      "totalTimeCrowdControlDealt": 33
    }
  },
  "24610121": {
    "gameId": 825976912,
    "invalid": false,
    "gameMode": "CLASSIC",
    "gameType": "MATCHED_GAME",
    "subType": "RANKED_SOLO_5x5",
    "mapId": 1,
    "teamId": 100,
    "championId": 28,
    "spell1": 4,
    "spell2": 11,
    "level": 30,
    "ipEarned": 51,
    "createDate": 1399030688660,
    "fellowPlayers": [
      {
        "summonerId": 25931880,
        "teamId": 100,
        "championId": 15
      },
      {
        "summonerId": 19232529,
        "teamId": 100,
        "championId": 86
      },
      {
        "summonerId": 32474840,
        "teamId": 200,
        "championId": 51
      },
      {
        "summonerId": 36789220,
        "teamId": 100,
        "championId": 13
      },
      {
        "summonerId": 29823089,
        "teamId": 200,
        "championId": 105
      },
      {
        "summonerId": 23215430,
        "teamId": 100,
        "championId": 267
      },
      {
        "summonerId": 42663893,
        "teamId": 200,
        "championId": 19
      },
      {
        "summonerId": 24749364,
        "teamId": 200,
        "championId": 121
      },
      {
        "summonerId": 21184314,
        "teamId": 200,
        "championId": 37
      }
    ],
    "stats": {
      "level": 9,
      "goldEarned": 4317,
      "numDeaths": 5,
      "minionsKilled": 19,
      "championsKilled": 1,
      "goldSpent": 4265,
      "totalDamageDealt": 37049,
      "totalDamageTaken": 13020,
      "team": 100,
      "win": false,
      "neutralMinionsKilled": 20,
      "largestMultiKill": 1,
      "physicalDamageDealtPlayer": 11344,
      "magicDamageDealtPlayer": 22351,
      "physicalDamageTaken": 8900,
      "magicDamageTaken": 3762,
      "timePlayed": 1275,
      "totalHeal": 795,
      "totalUnitsHealed": 1,
      "assists": 2,
      "item0": 3207,
      "item1": 3136,
      "item2": 1001,
      "item6": 3340,
      "magicDamageDealtToChampions": 3177,
      "physicalDamageDealtToChampions": 1881,
      "totalDamageDealtToChampions": 5086,
      "trueDamageDealtPlayer": 3354,
      "trueDamageDealtToChampions": 28,
      "trueDamageTaken": 356,
      "wardPlaced": 4,
      "neutralMinionsKilledEnemyJungle": 2,
      "neutralMinionsKilledYourJungle": 18,
      "totalTimeCrowdControlDealt": 126
    }
  },
  "19232529": {
    "gameId": 825976912,
    "invalid": false,
    "gameMode": "CLASSIC",
    "gameType": "MATCHED_GAME",
    "subType": "RANKED_SOLO_5x5",
    "mapId": 1,
    "teamId": 100,
    "championId": 86,
    "spell1": 6,
    "spell2": 14,
    "level": 30,
    "ipEarned": 51,
    "createDate": 1399030688661,
    "fellowPlayers": [
      {
        "summonerId": 25931880,
        "teamId": 100,
        "championId": 15
      },
      {
        "summonerId": 32474840,
        "teamId": 200,
        "championId": 51
      },
      {
        "summonerId": 36789220,
        "teamId": 100,
        "championId": 13
      },
      {
        "summonerId": 24610121,
        "teamId": 100,
        "championId": 28
      },
      {
        "summonerId": 29823089,
        "teamId": 200,
        "championId": 105
      },
      {
        "summonerId": 23215430,
        "teamId": 100,
        "championId": 267
      },
      {
        "summonerId": 42663893,
        "teamId": 200,
        "championId": 19
      },
      {
        "summonerId": 24749364,
        "teamId": 200,
        "championId": 121
      },
      {
        "summonerId": 21184314,
        "teamId": 200,
        "championId": 37
      }
    ],
    "stats": {
      "level": 11,
      "goldEarned": 4819,
      "numDeaths": 6,
      "minionsKilled": 92,
      "championsKilled": 1,
      "goldSpent": 4545,
      "totalDamageDealt": 44474,
      "totalDamageTaken": 16521,
      "team": 100,
      "win": false,
      "neutralMinionsKilled": 7,
      "largestMultiKill": 1,
      "physicalDamageDealtPlayer": 42755,
      "magicDamageDealtPlayer": 1149,
      "physicalDamageTaken": 7282,
      "magicDamageTaken": 8321,
      "timePlayed": 1275,
      "totalHeal": 383,
      "totalUnitsHealed": 1,
      "item0": 1054,
      "item1": 3111,
      "item2": 3067,
      "item3": 1029,
      "item4": 1011,
      "item5": 1055,
      "item6": 3340,
      "magicDamageDealtToChampions": 1149,
      "physicalDamageDealtToChampions": 5219,
      "totalDamageDealtToChampions": 6939,
      "trueDamageDealtPlayer": 570,
      "trueDamageDealtToChampions": 570,
      "trueDamageTaken": 917,
      "wardPlaced": 2,
      "neutralMinionsKilledYourJungle": 7,
      "totalTimeCrowdControlDealt": 43
    }
  },
  "29823089": {
    "gameId": 825976912,
    "invalid": false,
    "gameMode": "CLASSIC",
    "gameType": "MATCHED_GAME",
    "subType": "RANKED_SOLO_5x5",
    "mapId": 1,
    "teamId": 200,
    "championId": 105,
    "spell1": 14,
    "spell2": 4,
    "level": 30,
    "ipEarned": 76,
    "createDate": 1399030688664,
    "fellowPlayers": [
      {
        "summonerId": 25931880,
        "teamId": 100,
        "championId": 15
      },
      {
        "summonerId": 19232529,
        "teamId": 100,
        "championId": 86
      },
      {
        "summonerId": 32474840,
        "teamId": 200,
        "championId": 51
      },
      {
        "summonerId": 36789220,
        "teamId": 100,
        "championId": 13
      },
      {
        "summonerId": 24610121,
        "teamId": 100,
        "championId": 28
      },
      {
        "summonerId": 23215430,
        "teamId": 100,
        "championId": 267
      },
      {
        "summonerId": 42663893,
        "teamId": 200,
        "championId": 19
      },
      {
        "summonerId": 24749364,
        "teamId": 200,
        "championId": 121
      },
      {
        "summonerId": 21184314,
        "teamId": 200,
        "championId": 37
      }
    ],
    "stats": {
      "level": 14,
      "goldEarned": 9316,
      "minionsKilled": 144,
      "championsKilled": 10,
      "goldSpent": 8360,
      "totalDamageDealt": 76860,
      "totalDamageTaken": 8826,
      "killingSprees": 1,
      "largestKillingSpree": 10,
      "team": 200,
      "win": true,
      "neutralMinionsKilled": 4,
      "largestMultiKill": 1,
      "physicalDamageDealtPlayer": 14996,
      "magicDamageDealtPlayer": 60824,
      "physicalDamageTaken": 4783,
      "magicDamageTaken": 4043,
      "timePlayed": 1275,
      "assists": 5,
      "item0": 1056,
      "item1": 3100,
      "item2": 3128,
      "item3": 1056,
      "item4": 3020,
      "item6": 3340,
      "sightWardsBought": 2,
      "magicDamageDealtToChampions": 12427,
      "physicalDamageDealtToChampions": 3056,
      "totalDamageDealtToChampions": 16251,
      "trueDamageDealtPlayer": 1039,
      "trueDamageDealtToChampions": 767,
      "wardPlaced": 6,
      "neutralMinionsKilledEnemyJungle": 1,
      "neutralMinionsKilledYourJungle": 3,
      "totalTimeCrowdControlDealt": 292
    }
  },
  "42663893": {
    "gameId": 825976912,
    "invalid": false,
    "gameMode": "CLASSIC",
    "gameType": "MATCHED_GAME",
    "subType": "RANKED_SOLO_5x5",
    "mapId": 1,
    "teamId": 200,
    "championId": 19,
    "spell1": 14,
    "spell2": 4,
    "level": 30,
    "ipEarned": 76,
    "createDate": 1399030688666,
    "fellowPlayers": [
      {
        "summonerId": 25931880,
        "teamId": 100,
        "championId": 15
      },
      {
        "summonerId": 19232529,
        "teamId": 100,
        "championId": 86
      },
      {
        "summonerId": 32474840,
        "teamId": 200,
        "championId": 51
      },
      {
        "summonerId": 36789220,
        "teamId": 100,
        "championId": 13
      },
      {
        "summonerId": 24610121,
        "teamId": 100,
        "championId": 28
      },
      {
        "summonerId": 29823089,
        "teamId": 200,
        "championId": 105
      },
      {
        "summonerId": 23215430,
        "teamId": 100,
        "championId": 267
      },
      {
        "summonerId": 24749364,
        "teamId": 200,
        "championId": 121
      },
      {
        "summonerId": 21184314,
        "teamId": 200,
        "championId": 37
      }
    ],
    "stats": {
      "level": 13,
      "goldEarned": 6876,
      "turretsKilled": 1,
      "minionsKilled": 129,
      "championsKilled": 3,
      "goldSpent": 6245,
      "totalDamageDealt": 53229,
      "totalDamageTaken": 15883,
      "killingSprees": 1,
      "largestKillingSpree": 3,
      "team": 200,
      "win": true,
      "largestMultiKill": 1,
      "physicalDamageDealtPlayer": 39394,
      "magicDamageDealtPlayer": 13196,
      "physicalDamageTaken": 8880,
      "magicDamageTaken": 6654,
      "timePlayed": 1275,
      "totalHeal": 8195,
      "totalUnitsHealed": 1,
      "assists": 1,
      "item0": 2003,
      "item1": 3153,
      "item2": 3047,
      "item3": 1056,
      "item4": 3211,
      "item6": 3340,
      "magicDamageDealtToChampions": 5877,
      "physicalDamageDealtToChampions": 2127,
      "totalDamageDealtToChampions": 8643,
      "trueDamageDealtPlayer": 638,
      "trueDamageDealtToChampions": 638,
      "trueDamageTaken": 348,
      "wardPlaced": 4,
      "totalTimeCrowdControlDealt": 12
    }
  },
  "24749364": {
    "gameId": 825976912,
    "invalid": false,
    "gameMode": "CLASSIC",
    "gameType": "MATCHED_GAME",
    "subType": "RANKED_SOLO_5x5",
    "mapId": 1,
    "teamId": 200,
    "championId": 121,
    "spell1": 11,
    "spell2": 4,
    "level": 30,
    "ipEarned": 76,
    "createDate": 1399030688668,
    "fellowPlayers": [
      {
        "summonerId": 25931880,
        "teamId": 100,
        "championId": 15
      },
      {
        "summonerId": 19232529,
        "teamId": 100,
        "championId": 86
      },
      {
        "summonerId": 32474840,
        "teamId": 200,
        "championId": 51
      },
      {
        "summonerId": 36789220,
        "teamId": 100,
        "championId": 13
      },
      {
        "summonerId": 24610121,
        "teamId": 100,
        "championId": 28
      },
      {
        "summonerId": 29823089,
        "teamId": 200,
        "championId": 105
      },
      {
        "summonerId": 23215430,
        "teamId": 100,
        "championId": 267
      },
      {
        "summonerId": 42663893,
        "teamId": 200,
        "championId": 19
      },
      {
        "summonerId": 21184314,
        "teamId": 200,
        "championId": 37
      }
    ],
    "stats": {
      "level": 12,
      "goldEarned": 7172,
      "numDeaths": 2,
      "minionsKilled": 9,
      "championsKilled": 5,
      "goldSpent": 4917,
      "totalDamageDealt": 96526,
      "totalDamageTaken": 16139,
      "killingSprees": 2,
      "largestKillingSpree": 2,
      "team": 200,
      "win": true,
      "neutralMinionsKilled": 74,
      "largestMultiKill": 1,
      "physicalDamageDealtPlayer": 80825,
      "magicDamageDealtPlayer": 1387,
      "physicalDamageTaken": 13296,
      "magicDamageTaken": 2678,
      "timePlayed": 1275,
      "totalHeal": 5973,
      "totalUnitsHealed": 1,
      "assists": 4,
      "item0": 3209,
      "item1": 1001,
      "item2": 1028,
      "item3": 3134,
      "item6": 3341,
      "sightWardsBought": 3,
      "magicDamageDealtToChampions": 740,
      "physicalDamageDealtToChampions": 7673,
      "totalDamageDealtToChampions": 9134,
      "trueDamageDealtPlayer": 14312,
      "trueDamageDealtToChampions": 720,
      "trueDamageTaken": 165,
      "wardKilled": 2,
      "wardPlaced": 3,
      "neutralMinionsKilledEnemyJungle": 20,
      "neutralMinionsKilledYourJungle": 54,
      "totalTimeCrowdControlDealt": 486
    }
  }
}