{
  "34674564": {
    "gameId": 825973967,
    "invalid": false,
    "gameMode": "CLASSIC",
    "gameType": "MATCHED_GAME",
    "subType": "NORMAL",
    "mapId": 1,
    "teamId": 200,
    "championId": 61,
    "spell1": 14,
    "spell2": 4,
    "level": 30,
    "ipEarned": 51,
    "createDate": 1399029897463,
    "fellowPlayers": [
      {
        "summonerId": 34300509,
        "teamId": 200,
        "championId": 24
      },
      {
        "summonerId": 40269199,
        "teamId": 200,
        "championId": 67
      },
      {
        "summonerId": 43011906,
        "teamId": 200,
        "championId": 238
      },
      {
        "summonerId": 35985070,
        "teamId": 200,
        "championId": 222
      },
      {
        "summonerId": 38829049,
        "teamId": 100,
        "championId": 48
      },
      {
        "summonerId": 43943545,
        "teamId": 100,
        "championId": 113
      },
      {
        "summonerId": 33498036,
        "teamId": 100,
        "championId": 29
      },
      {
        "summonerId": 34078648,
        "teamId": 100,
        "championId": 103
      },
      {
        "summonerId": 27186320,
        "teamId": 100,
        "championId": 222
      }
    ],
    "stats": {
      "level": 10,
      "goldEarned": 5238,
      "numDeaths": 3,
      "minionsKilled": 48,
      "championsKilled": 2,
      "goldSpent": 4975,
      "totalDamageDealt": 41079,
      "totalDamageTaken": 7735,
      "killingSprees": 1,
      "largestKillingSpree": 2,
      "team": 200,
      "win": false,
      "neutralMinionsKilled": 4,
      "largestMultiKill": 1,
      "physicalDamageDealtPlayer": 8926,
      "magicDamageDealtPlayer": 31609,
      "physicalDamageTaken": 5523,
      "magicDamageTaken": 1668,
      "timePlayed": 1275,
      "totalHeal": 136,
      "totalUnitsHealed": 1,
      "assists": 4,
      "item0": 3020,
      "item3": 3174,
      "item4": 3070,
      "item5": 1056,
      "item6": 3340,
      "magicDamageDealtToChampions": 7163,
      "physicalDamageDealtToChampions": 820,
      "totalDamageDealtToChampions": 8527,
      "trueDamageDealtPlayer": 544,
      "trueDamageDealtToChampions": 544,
      "trueDamageTaken": 543,
      "wardPlaced": 3,
      "neutralMinionsKilledEnemyJungle": 1,
      "neutralMinionsKilledYourJungle": 3,
      "totalTimeCrowdControlDealt": 1155
    }
  },
  "summonerCount": 10,
  "43011906": {
    "gameId": 825973967,
    "invalid": false,
    "gameMode": "CLASSIC",
    "gameType": "MATCHED_GAME",
    "subType": "NORMAL",
    "mapId": 1,
    "teamId": 200,
    "championId": 238,
    "spell1": 14,
    "spell2": 4,
    "level": 30,
    "ipEarned": 51,
    "createDate": 1399029897466,
    "fellowPlayers": [
      {
        "summonerId": 34300509,
        "teamId": 200,
        "championId": 24
      },
      {
        "summonerId": 40269199,
        "teamId": 200,
        "championId": 67
      },
      {
        "summonerId": 35985070,
        "teamId": 200,
        "championId": 222
      },
      {
        "summonerId": 38829049,
        "teamId": 100,
        "championId": 48
      },
      {
        "summonerId": 43943545,
        "teamId": 100,
        "championId": 113
      },
      {
        "summonerId": 33498036,
        "teamId": 100,
        "championId": 29
      },
      {
        "summonerId": 34078648,
        "teamId": 100,
        "championId": 103
      },
      {
        "summonerId": 34674564,
        "teamId": 200,
        "championId": 61
      },
      {
        "summonerId": 27186320,
        "teamId": 100,
        "championId": 222
      }
    ],
    "stats": {
      "level": 10,
      "goldEarned": 5832,
      "numDeaths": 7,
      "minionsKilled": 85,
      "championsKilled": 3,
      "goldSpent": 8137,
      "totalDamageDealt": 48382,
      "totalDamageTaken": 14514,
      "killingSprees": 1,
      "largestKillingSpree": 3,
      "team": 200,
      "win": false,
      "neutralMinionsKilled": 4,
      "largestMultiKill": 1,
      "physicalDamageDealtPlayer": 44737,
      "magicDamageDealtPlayer": 3066,
      "physicalDamageTaken": 9804,
      "magicDamageTaken": 3390,
      "largestCriticalStrike": 101,
      "timePlayed": 1275,
      "assists": 3,
      "item0": 3270,
      "item1": 3086,
      "item2": 3086,
      "item3": 1042,
      "item6": 3340,
      "magicDamageDealtToChampions": 765,
      "physicalDamageDealtToChampions": 5912,
      "totalDamageDealtToChampions": 7255,
      "trueDamageDealtPlayer": 578,
      "trueDamageDealtToChampions": 578,
      "trueDamageTaken": 1319,
      "wardPlaced": 18,
      "neutralMinionsKilledYourJungle": 4,
      "totalTimeCrowdControlDealt": 80
    }
  },
  "40269199": {
    "gameId": 825973967,
    "invalid": false,
    "gameMode": "CLASSIC",
    "gameType": "MATCHED_GAME",
    "subType": "NORMAL",
    "mapId": 1,
    "teamId": 200,
    "championId": 67,
    "spell1": 7,
    "spell2": 4,
    "level": 30,
    "ipEarned": 51,
    "createDate": 1399029897461,
    "fellowPlayers": [
      {
        "summonerId": 34300509,
        "teamId": 200,
        "championId": 24
      },
      {
        "summonerId": 43011906,
        "teamId": 200,
        "championId": 238
      },
      {
        "summonerId": 35985070,
        "teamId": 200,
        "championId": 222
      },
      {
        "summonerId": 38829049,
        "teamId": 100,
        "championId": 48
      },
      {
        "summonerId": 43943545,
        "teamId": 100,
        "championId": 113
      },
      {
        "summonerId": 33498036,
        "teamId": 100,
        "championId": 29
      },
      {
        "summonerId": 34078648,
        "teamId": 100,
        "championId": 103
      },
      {
        "summonerId": 34674564,
        "teamId": 200,
        "championId": 61
      },
      {
        "summonerId": 27186320,
        "teamId": 100,
        "championId": 222
      }
    ],
    "stats": {
      "level": 11,
      "goldEarned": 5941,
      "numDeaths": 3,
      "minionsKilled": 95,
      "championsKilled": 2,
      "goldSpent": 5690,
      "totalDamageDealt": 39337,
      "totalDamageTaken": 6768,
      "team": 200,
      "win": false,
      "largestMultiKill": 1,
      "physicalDamageDealtPlayer": 36369,
      "magicDamageDealtPlayer": 68,
      "physicalDamageTaken": 4967,
      "magicDamageTaken": 1575,
      "largestCriticalStrike": 94,
      "timePlayed": 1275,
      "totalHeal": 1013,
      "totalUnitsHealed": 2,
      "assists": 3,
      "item0": 2003,
      "item1": 3153,
      "item2": 3254,
      "item3": 1042,
      "item6": 3340,
      "sightWardsBought": 3,
      "magicDamageDealtToChampions": 68,
      "physicalDamageDealtToChampions": 4316,
      "totalDamageDealtToChampions": 5205,
      "trueDamageDealtPlayer": 2898,
      "trueDamageDealtToChampions": 819,
      "trueDamageTaken": 226,
      "wardPlaced": 12,
      "totalTimeCrowdControlDealt": 11
    }
  },
  "33498036": {
    "gameId": 825973967,
    "invalid": false,
    "gameMode": "CLASSIC",
    "gameType": "MATCHED_GAME",
    "subType": "NORMAL",
    "mapId": 1,
    "teamId": 100,
    "championId": 29,
    "spell1": 4,
    "spell2": 11,
    "level": 30,
    "ipEarned": 226,
    "createDate": 1399029897460,
    "fellowPlayers": [
      {
        "summonerId": 34300509,
        "teamId": 200,
        "championId": 24
      },
      {
        "summonerId": 40269199,
        "teamId": 200,
        "championId": 67
      },
      {
        "summonerId": 43011906,
        "teamId": 200,
        "championId": 238
      },
      {
        "summonerId": 35985070,
        "teamId": 200,
        "championId": 222
      },
      {
        "summonerId": 38829049,
        "teamId": 100,
        "championId": 48
      },
      {
        "summonerId": 43943545,
        "teamId": 100,
        "championId": 113
      },
      {
        "summonerId": 34078648,
        "teamId": 100,
        "championId": 103
      },
      {
        "summonerId": 34674564,
        "teamId": 200,
        "championId": 61
      },
      {
        "summonerId": 27186320,
        "teamId": 100,
        "championId": 222
      }
    ],
    "stats": {
      "level": 12,
      "goldEarned": 7135,
      "numDeaths": 2,
      "minionsKilled": 11,
      "championsKilled": 4,
      "goldSpent": 6165,
      "totalDamageDealt": 96597,
      "totalDamageTaken": 14498,
      "killingSprees": 1,
      "largestKillingSpree": 3,
      "team": 100,
      "win": true,
      "neutralMinionsKilled": 77,
      "largestMultiKill": 1,
      "physicalDamageDealtPlayer": 53968,
      "magicDamageDealtPlayer": 24641,
      "physicalDamageTaken": 12665,
      "magicDamageTaken": 1366,
      "timePlayed": 1275,
      "totalHeal": 3396,
      "totalUnitsHealed": 1,
      "assists": 4,
      "item0": 3154,
      "item1": 3144,
      "item2": 1042,
      "item3": 1055,
      "item4": 3006,
      "item5": 1037,
      "item6": 3341,
      "magicDamageDealtToChampions": 82,
      "physicalDamageDealtToChampions": 4093,
      "totalDamageDealtToChampions": 5003,
      "trueDamageDealtPlayer": 17988,
      "trueDamageDealtToChampions": 828,
      "trueDamageTaken": 466,
      "wardPlaced": 3,
      "neutralMinionsKilledEnemyJungle": 10,
      "neutralMinionsKilledYourJungle": 67,
      "totalTimeCrowdControlDealt": 563
    }
  },
  "34078648": {
    "gameId": 825973967,
    "invalid": false,
    "gameMode": "CLASSIC",
    "gameType": "MATCHED_GAME",
    "subType": "NORMAL",
    "mapId": 1,
    "teamId": 100,
    "championId": 103,
    "spell1": 14,
    "spell2": 4,
    "level": 30,
    "ipEarned": 76,
    "createDate": 1399029897459,
    "fellowPlayers": [
      {
        "summonerId": 34300509,
        "teamId": 200,
        "championId": 24
      },
      {
        "summonerId": 40269199,
        "teamId": 200,
        "championId": 67
      },
      {
        "summonerId": 43011906,
        "teamId": 200,
        "championId": 238
      },
      {
        "summonerId": 35985070,
        "teamId": 200,
        "championId": 222
      },
      {
        "summonerId": 38829049,
        "teamId": 100,
        "championId": 48
      },
      {
        "summonerId": 43943545,
        "teamId": 100,
        "championId": 113
      },
      {
        "summonerId": 33498036,
        "teamId": 100,
        "championId": 29
      },
      {
        "summonerId": 34674564,
        "teamId": 200,
        "championId": 61
      },
      {
        "summonerId": 27186320,
        "teamId": 100,
        "championId": 222
      }
    ],
    "stats": {
      "level": 12,
      "goldEarned": 6117,
      "numDeaths": 5,
      "minionsKilled": 81,
      "championsKilled": 4,
      "goldSpent": 4690,
      "totalDamageDealt": 40416,
      "totalDamageTaken": 11218,
      "doubleKills": 1,
      "killingSprees": 1,
      "largestKillingSpree": 3,
      "team": 100,
      "win": true,
      "largestMultiKill": 2,
      "physicalDamageDealtPlayer": 8666,
      "magicDamageDealtPlayer": 20289,
      "physicalDamageTaken": 9338,
      "magicDamageTaken": 1378,
      "timePlayed": 1275,
      "totalHeal": 826,
      "totalUnitsHealed": 1,
      "assists": 2,
      "item0": 1056,
      "item1": 3152,
      "item2": 3191,
      "item4": 2003,
      "item5": 2004,
      "item6": 3340,
      "magicDamageDealtToChampions": 5886,
      "physicalDamageDealtToChampions": 635,
      "totalDamageDealtToChampions": 9667,
      "trueDamageDealtPlayer": 11460,
      "trueDamageDealtToChampions": 3145,
      "trueDamageTaken": 502,
      "wardPlaced": 1,
      "totalTimeCrowdControlDealt": 17
    }
  },
  "27186320": {
    "gameId": 825973967,
    "invalid": false,
    "gameMode": "CLASSIC",
    "gameType": "MATCHED_GAME",
    "subType": "NORMAL",
    "mapId": 1,
    "teamId": 100,
    "championId": 222,
    "spell1": 14,
    "spell2": 21,
    "level": 30,
    "ipEarned": 76,
    "createDate": 1399029897457,
    "fellowPlayers": [
      {
        "summonerId": 34300509,
        "teamId": 200,
        "championId": 24
      },
      {
        "summonerId": 40269199,
        "teamId": 200,
        "championId": 67
      },
      {
        "summonerId": 43011906,
        "teamId": 200,
        "championId": 238
      },
      {
        "summonerId": 35985070,
        "teamId": 200,
        "championId": 222
      },
      {
        "summonerId": 38829049,
        "teamId": 100,
        "championId": 48
      },
      {
        "summonerId": 43943545,
        "teamId": 100,
        "championId": 113
      },
      {
        "summonerId": 33498036,
        "teamId": 100,
        "championId": 29
      },
      {
        "summonerId": 34078648,
        "teamId": 100,
        "championId": 103
      },
      {
        "summonerId": 34674564,
        "teamId": 200,
        "championId": 61
      }
    ],
    "stats": {
      "level": 12,
      "goldEarned": 7602,
      "numDeaths": 4,
      "turretsKilled": 1,
      "minionsKilled": 115,
      "championsKilled": 4,
      "goldSpent": 6300,
      "totalDamageDealt": 60480,
      "totalDamageTaken": 10117,
      "killingSprees": 1,
      "largestKillingSpree": 2,
      "team": 100,
      "win": true,
      "neutralMinionsKilled": 3,
      "largestMultiKill": 1,
      "physicalDamageDealtPlayer": 59829,
      "magicDamageDealtPlayer": 331,
      "physicalDamageTaken": 4950,
      "magicDamageTaken": 4748,
      "timePlayed": 1275,
      "totalHeal": 840,
      "totalUnitsHealed": 1,
      "assists": 6,
      "item0": 1055,
      "item2": 2003,
      "item3": 3006,
      "item4": 3072,
      "item6": 3340,
      "magicDamageDealtToChampions": 250,
      "physicalDamageDealtToChampions": 7921,
      "totalDamageDealtToChampions": 8491,
      "trueDamageDealtPlayer": 320,
      "trueDamageDealtToChampions": 320,
      "trueDamageTaken": 418,
      "wardPlaced": 4,
      "neutralMinionsKilledYourJungle": 3,
      "totalTimeCrowdControlDealt": 35
    }
  },
  "34300509": {
    "gameId": 825973967,
    "invalid": false,
    "gameMode": "CLASSIC",
    "gameType": "MATCHED_GAME",
    "subType": "NORMAL",
    "mapId": 1,
    "teamId": 200,
    "championId": 24,
    "spell1": 11,
    "spell2": 4,
    "level": 30,
    "ipEarned": 51,
    "createDate": 1399029897462,
    "fellowPlayers": [
      {
        "summonerId": 40269199,
        "teamId": 200,
        "championId": 67
      },
      {
        "summonerId": 43011906,
        "teamId": 200,
        "championId": 238
      },
      {
        "summonerId": 35985070,
        "teamId": 200,
        "championId": 222
      },
      {
        "summonerId": 38829049,
        "teamId": 100,
        "championId": 48
      },
      {
        "summonerId": 43943545,
        "teamId": 100,
        "championId": 113
      },
      {
        "summonerId": 33498036,
        "teamId": 100,
        "championId": 29
      },
      {
        "summonerId": 34078648,
        "teamId": 100,
        "championId": 103
      },
      {
        "summonerId": 34674564,
        "teamId": 200,
        "championId": 61
      },
      {
        "summonerId": 27186320,
        "teamId": 100,
        "championId": 222
      }
    ],
    "stats": {
      "level": 13,
      "goldEarned": 7121,
      "numDeaths": 2,
      "minionsKilled": 38,
      "championsKilled": 4,
      "goldSpent": 5955,
      "totalDamageDealt": 90227,
      "totalDamageTaken": 12130,
      "killingSprees": 1,
      "largestKillingSpree": 2,
      "team": 200,
      "win": false,
      "neutralMinionsKilled": 67,
      "largestMultiKill": 1,
      "physicalDamageDealtPlayer": 42607,
      "magicDamageDealtPlayer": 34628,
      "physicalDamageTaken": 9525,
      "magicDamageTaken": 1799,
      "timePlayed": 1275,
      "totalHeal": 1506,
      "totalUnitsHealed": 1,
      "assists": 3,
      "item0": 1039,
      "item1": 3100,
      "item2": 3047,
      "item3": 3145,
      "item6": 3340,
      "magicDamageDealtToChampions": 3636,
      "physicalDamageDealtToChampions": 3025,
      "totalDamageDealtToChampions": 6959,
      "trueDamageDealtPlayer": 12992,
      "trueDamageDealtToChampions": 298,
      "trueDamageTaken": 805,
      "wardPlaced": 7,
      "neutralMinionsKilledEnemyJungle": 11,
      "neutralMinionsKilledYourJungle": 56,
      "totalTimeCrowdControlDealt": 471
    }
  },
  "38829049": {
    "gameId": 825973967,
    "invalid": false,
    "gameMode": "CLASSIC",
    "gameType": "MATCHED_GAME",
    "subType": "NORMAL",
    "mapId": 1,
    "teamId": 100,
    "championId": 48,
    "spell1": 4,
    "spell2": 12,
    "level": 30,
    "ipEarned": 76,
    "createDate": 1399029897455,
    "fellowPlayers": [
      {
        "summonerId": 34300509,
        "teamId": 200,
        "championId": 24
      },
      {
        "summonerId": 40269199,
        "teamId": 200,
        "championId": 67
      },
      {
        "summonerId": 43011906,
        "teamId": 200,
        "championId": 238
      },
      {
        "summonerId": 35985070,
        "teamId": 200,
        "championId": 222
      },
      {
        "summonerId": 43943545,
        "teamId": 100,
        "championId": 113
      },
      {
        "summonerId": 33498036,
        "teamId": 100,
        "championId": 29
      },
      {
        "summonerId": 34078648,
        "teamId": 100,
        "championId": 103
      },
      {
        "summonerId": 34674564,
        "teamId": 200,
        "championId": 61
      },
      {
        "summonerId": 27186320,
        "teamId": 100,
        "championId": 222
      }
    ],
    "stats": {
      "level": 13,
      "goldEarned": 6496,
      "numDeaths": 2,
      "turretsKilled": 1,
      "minionsKilled": 93,
      "championsKilled": 4,
      "goldSpent": 5035,
      "totalDamageDealt": 41977,
      "totalDamageTaken": 16871,
      "killingSprees": 2,
      "largestKillingSpree": 2,
      "team": 100,
      "win": true,
      "largestMultiKill": 1,
      "physicalDamageDealtPlayer": 40814,
      "magicDamageDealtPlayer": 1163,
      "physicalDamageTaken": 14111,
      "magicDamageTaken": 1821,
      "timePlayed": 1275,
      "totalHeal": 3960,
      "totalUnitsHealed": 1,
      "assists": 2,
      "item0": 1055,
      "item1": 3153,
      "item3": 1001,
      "item4": 1031,
      "item6": 3340,
      "magicDamageDealtToChampions": 1163,
      "physicalDamageDealtToChampions": 6417,
      "totalDamageDealtToChampions": 7581,
      "trueDamageTaken": 939,
      "wardPlaced": 2,
      "totalTimeCrowdControlDealt": 201
    }
  },
  "35985070": {
    "gameId": 825973967,
    "invalid": false,
    "gameMode": "CLASSIC",
    "gameType": "MATCHED_GAME",
    "subType": "NORMAL",
    "mapId": 1,
    "teamId": 200,
    "championId": 222,
    "spell1": 4,
    "spell2": 7,
    "level": 30,
    "ipEarned": 51,
    "createDate": 1399029897465,
    "fellowPlayers": [
      {
        "summonerId": 34300509,
        "teamId": 200,
        "championId": 24
      },
      {
        "summonerId": 40269199,
        "teamId": 200,
        "championId": 67
      },
      {
        "summonerId": 43011906,
        "teamId": 200,
        "championId": 238
      },
      {
        "summonerId": 38829049,
        "teamId": 100,
        "championId": 48
      },
      {
        "summonerId": 43943545,
        "teamId": 100,
        "championId": 113
      },
      {
        "summonerId": 33498036,
        "teamId": 100,
        "championId": 29
      },
      {
        "summonerId": 34078648,
        "teamId": 100,
        "championId": 103
      },
      {
        "summonerId": 34674564,
        "teamId": 200,
        "championId": 61
      },
      {
        "summonerId": 27186320,
        "teamId": 100,
        "championId": 222
      }
    ],
    "stats": {
      "level": 13,
      "goldEarned": 7385,
      "numDeaths": 3,
      "turretsKilled": 3,
      "minionsKilled": 123,
      "championsKilled": 4,
      "goldSpent": 5900,
      "totalDamageDealt": 81884,
      "totalDamageTaken": 12180,
      "killingSprees": 1,
      "largestKillingSpree": 2,
      "team": 200,
      "win": false,
      "neutralMinionsKilled": 6,
      "largestMultiKill": 1,
      "physicalDamageDealtPlayer": 81297,
      "magicDamageDealtPlayer": 587,
      "physicalDamageTaken": 8286,
      "magicDamageTaken": 2428,
      "largestCriticalStrike": 547,
      "timePlayed": 1275,
      "totalHeal": 1539,
      "totalUnitsHealed": 1,
      "assists": 1,
      "item0": 1055,
      "item1": 1053,
      "item2": 1036,
      "item3": 3031,
      "item4": 1001,
      "item6": 3340,
      "magicDamageDealtToChampions": 316,
      "physicalDamageDealtToChampions": 17275,
      "totalDamageDealtToChampions": 17592,
      "trueDamageTaken": 1465,
      "wardPlaced": 3,
      "neutralMinionsKilledYourJungle": 6,
      "totalTimeCrowdControlDealt": 41
    }
  },
  "43943545": {
    "gameId": 825973967,
    "invalid": false,
    "gameMode": "CLASSIC",
    "gameType": "MATCHED_GAME",
    "subType": "NORMAL",
    "mapId": 1,
    "teamId": 100,
    "championId": 113,
    "spell1": 14,
    "spell2": 4,
    "level": 30,
    "ipEarned": 76,
    "createDate": 1399029897456,
    "fellowPlayers": [
      {
        "summonerId": 34300509,
        "teamId": 200,
        "championId": 24
      },
      {
        "summonerId": 40269199,
        "teamId": 200,
        "championId": 67
      },
      {
        "summonerId": 43011906,
        "teamId": 200,
        "championId": 238
      },
      {
        "summonerId": 35985070,
        "teamId": 200,
        "championId": 222
      },
      {
        "summonerId": 38829049,
        "teamId": 100,
        "championId": 48
      },
      {
        "summonerId": 33498036,
        "teamId": 100,
        "championId": 29
      },
      {
        "summonerId": 34078648,
        "teamId": 100,
        "championId": 103
      },
      {
        "summonerId": 34674564,
        "teamId": 200,
        "championId": 61
      },
      {
        "summonerId": 27186320,
        "teamId": 100,
        "championId": 222
      }
    ],
    "stats": {
      "level": 10,
      "goldEarned": 5031,
      "numDeaths": 2,
      "minionsKilled": 8,
      "championsKilled": 2,
      "goldSpent": 4330,
      "totalDamageDealt": 11350,
      "totalDamageTaken": 9502,
      "killingSprees": 1,
      "largestKillingSpree": 2,
      "team": 100,
      "win": true,
      "largestMultiKill": 1,
      "physicalDamageDealtPlayer": 2875,
      "magicDamageDealtPlayer": 8408,
      "physicalDamageTaken": 6383,
      "magicDamageTaken": 2634,
      "timePlayed": 1275,
      "totalHeal": 541,
      "totalUnitsHealed": 1,
      "assists": 3,
      "item0": 3111,
      "item1": 2045,
      "item2": 3024,
      "item5": 3301,
      "item6": 3340,
      "sightWardsBought": 1,
      "magicDamageDealtToChampions": 3479,
      "physicalDamageDealtToChampions": 1243,
      "totalDamageDealtToChampions": 4789,
      "trueDamageDealtPlayer": 66,
      "trueDamageDealtToChampions": 66,
      "trueDamageTaken": 483,
      "wardPlaced": 10,
      "totalTimeCrowdControlDealt": 49
    }
  }
}