{
  "33314809": {
    "gameId": 825983189,
    "invalid": false,
    "gameMode": "CLASSIC",
    "gameType": "MATCHED_GAME",
    "subType": "NORMAL",
    "mapId": 1,
    "teamId": 200,
    "championId": 117,
    "spell1": 3,
    "spell2": 4,
    "level": 30,
    "ipEarned": 51,
    "createDate": 1399029993341,
    "fellowPlayers": [
      {
        "summonerId": 26203369,
        "teamId": 100,
        "championId": 51
      },
      {
        "summonerId": 32534186,
        "teamId": 100,
        "championId": 412
      },
      {
        "summonerId": 28304791,
        "teamId": 200,
        "championId": 92
      },
      {
        "summonerId": 22365250,
        "teamId": 100,
        "championId": 107
      },
      {
        "summonerId": 31137183,
        "teamId": 100,
        "championId": 101
      },
      {
        "summonerId": 31593539,
        "teamId": 200,
        "championId": 51
      },
      {
        "summonerId": 35047463,
        "teamId": 200,
        "championId": 16
      },
      {
        "summonerId": 29967051,
        "teamId": 200,
        "championId": 64
      },
      {
        "summonerId": 26888696,
        "teamId": 100,
        "championId": 19
      }
    ],
    "stats": {
      "level": 8,
      "goldEarned": 3286,
      "numDeaths": 12,
      "minionsKilled": 11,
      "championsKilled": 1,
      "goldSpent": 2915,
      "totalDamageDealt": 16173,
      "totalDamageTaken": 12258,
      "team": 200,
      "win": false,
      "largestMultiKill": 1,
      "physicalDamageDealtPlayer": 4035,
      "magicDamageDealtPlayer": 12137,
      "physicalDamageTaken": 7405,
      "magicDamageTaken": 4391,
      "timePlayed": 1225,
      "totalHeal": 1,
      "totalUnitsHealed": 1,
      "item0": 3006,
      "item1": 2003,
      "item2": 2004,
      "item3": 3086,
      "item6": 3340,
      "magicDamageDealtToChampions": 2983,
      "physicalDamageDealtToChampions": 1120,
      "totalDamageDealtToChampions": 4103,
      "trueDamageTaken": 461,
      "wardPlaced": 2,
      "totalTimeCrowdControlDealt": 156
    }
  },
  "summonerCount": 10,
  "26888696": {
    "gameId": 825983189,
    "invalid": false,
    "gameMode": "CLASSIC",
    "gameType": "MATCHED_GAME",
    "subType": "NORMAL",
    "mapId": 1,
    "teamId": 100,
    "championId": 19,
    "spell1": 4,
    "spell2": 11,
    "level": 30,
    "ipEarned": 76,
    "createDate": 1399029993337,
    "fellowPlayers": [
      {
        "summonerId": 26203369,
        "teamId": 100,
        "championId": 51
      },
      {
        "summonerId": 32534186,
        "teamId": 100,
        "championId": 412
      },
      {
        "summonerId": 28304791,
        "teamId": 200,
        "championId": 92
      },
      {
        "summonerId": 22365250,
        "teamId": 100,
        "championId": 107
      },
      {
        "summonerId": 31137183,
        "teamId": 100,
        "championId": 101
      },
      {
        "summonerId": 31593539,
        "teamId": 200,
        "championId": 51
      },
      {
        "summonerId": 35047463,
        "teamId": 200,
        "championId": 16
      },
      {
        "summonerId": 29967051,
        "teamId": 200,
        "championId": 64
      },
      {
        "summonerId": 33314809,
        "teamId": 200,
        "championId": 117
      }
    ],
    "stats": {
      "level": 11,
      "goldEarned": 6889,
      "numDeaths": 4,
      "minionsKilled": 2,
      "championsKilled": 7,
      "goldSpent": 6375,
      "totalDamageDealt": 56648,
      "totalDamageTaken": 13386,
      "doubleKills": 1,
      "killingSprees": 3,
      "largestKillingSpree": 3,
      "team": 100,
      "win": true,
      "neutralMinionsKilled": 46,
      "largestMultiKill": 2,
      "physicalDamageDealtPlayer": 25530,
      "magicDamageDealtPlayer": 26644,
      "physicalDamageTaken": 11615,
      "magicDamageTaken": 1280,
      "timePlayed": 1225,
      "totalHeal": 6105,
      "totalUnitsHealed": 1,
      "assists": 5,
      "item0": 3154,
      "item1": 3091,
      "item2": 3047,
      "item3": 1011,
      "item6": 3340,
      "magicDamageDealtToChampions": 2902,
      "physicalDamageDealtToChampions": 1265,
      "totalDamageDealtToChampions": 4294,
      "trueDamageDealtPlayer": 4474,
      "trueDamageDealtToChampions": 126,
      "trueDamageTaken": 491,
      "wardKilled": 1,
      "wardPlaced": 6,
      "neutralMinionsKilledEnemyJungle": 13,
      "neutralMinionsKilledYourJungle": 33,
      "totalTimeCrowdControlDealt": 213
    }
  },
  "22365250": {
    "gameId": 825983189,
    "invalid": false,
    "gameMode": "CLASSIC",
    "gameType": "MATCHED_GAME",
    "subType": "NORMAL",
    "mapId": 1,
    "teamId": 100,
    "championId": 107,
    "spell1": 14,
    "spell2": 4,
    "level": 30,
    "ipEarned": 226,
    "createDate": 1399029993338,
    "fellowPlayers": [
      {
        "summonerId": 26203369,
        "teamId": 100,
        "championId": 51
      },
      {
        "summonerId": 32534186,
        "teamId": 100,
        "championId": 412
      },
      {
        "summonerId": 28304791,
        "teamId": 200,
        "championId": 92
      },
      {
        "summonerId": 31137183,
        "teamId": 100,
        "championId": 101
      },
      {
        "summonerId": 31593539,
        "teamId": 200,
        "championId": 51
      },
      {
        "summonerId": 35047463,
        "teamId": 200,
        "championId": 16
      },
      {
        "summonerId": 29967051,
        "teamId": 200,
        "championId": 64
      },
      {
        "summonerId": 33314809,
        "teamId": 200,
        "championId": 117
      },
      {
        "summonerId": 26888696,
        "teamId": 100,
        "championId": 19
      }
    ],
    "stats": {
      "level": 12,
      "goldEarned": 6578,
      "numDeaths": 3,
      "minionsKilled": 76,
      "championsKilled": 5,
      "goldSpent": 5810,
      "totalDamageDealt": 45842,
      "totalDamageTaken": 10402,
      "killingSprees": 1,
      "largestKillingSpree": 3,
      "team": 100,
      "win": true,
      "neutralMinionsKilled": 3,
      "largestMultiKill": 1,
      "physicalDamageDealtPlayer": 41189,
      "magicDamageDealtPlayer": 3832,
      "physicalDamageTaken": 9239,
      "magicDamageTaken": 573,
      "timePlayed": 1225,
      "totalHeal": 1424,
      "totalUnitsHealed": 1,
      "item0": 3074,
      "item1": 3111,
      "item2": 1055,
      "item3": 1053,
      "item6": 3167,
      "magicDamageDealtToChampions": 222,
      "physicalDamageDealtToChampions": 5628,
      "totalDamageDealtToChampions": 6494,
      "trueDamageDealtPlayer": 820,
      "trueDamageDealtToChampions": 644,
      "trueDamageTaken": 590,
      "wardPlaced": 5,
      "neutralMinionsKilledEnemyJungle": 3,
      "totalTimeCrowdControlDealt": 151
    }
  },
  "32534186": {
    "gameId": 825983189,
    "invalid": false,
    "gameMode": "CLASSIC",
    "gameType": "MATCHED_GAME",
    "subType": "NORMAL",
    "mapId": 1,
    "teamId": 100,
    "championId": 412,
    "spell1": 4,
    "spell2": 3,
    "level": 30,
    "ipEarned": 76,
    "createDate": 1399029993334,
    "fellowPlayers": [
      {
        "summonerId": 26203369,
        "teamId": 100,
        "championId": 51
      },
      {
        "summonerId": 28304791,
        "teamId": 200,
        "championId": 92
      },
      {
        "summonerId": 22365250,
        "teamId": 100,
        "championId": 107
      },
      {
        "summonerId": 31137183,
        "teamId": 100,
        "championId": 101
      },
      {
        "summonerId": 31593539,
        "teamId": 200,
        "championId": 51
      },
      {
        "summonerId": 35047463,
        "teamId": 200,
        "championId": 16
      },
      {
        "summonerId": 29967051,
        "teamId": 200,
        "championId": 64
      },
      {
        "summonerId": 33314809,
        "teamId": 200,
        "championId": 117
      },
      {
        "summonerId": 26888696,
        "teamId": 100,
        "championId": 19
      }
    ],
    "stats": {
      "level": 11,
      "goldEarned": 7729,
      "numDeaths": 1,
      "turretsKilled": 1,
      "minionsKilled": 9,
      "championsKilled": 3,
      "goldSpent": 7280,
      "totalDamageDealt": 11417,
      "totalDamageTaken": 12848,
      "killingSprees": 1,
      "largestKillingSpree": 3,
      "team": 100,
      "win": true,
      "largestMultiKill": 1,
      "physicalDamageDealtPlayer": 4177,
      "magicDamageDealtPlayer": 7239,
      "physicalDamageTaken": 9371,
      "magicDamageTaken": 3111,
      "timePlayed": 1225,
      "totalHeal": 989,
      "totalUnitsHealed": 1,
      "assists": 18,
      "item0": 1054,
      "item1": 2049,
      "item2": 3069,
      "item3": 3117,
      "item4": 3068,
      "item6": 3340,
      "sightWardsBought": 1,
      "magicDamageDealtToChampions": 5011,
      "physicalDamageDealtToChampions": 1243,
      "totalDamageDealtToChampions": 6254,
      "trueDamageTaken": 366,
      "wardPlaced": 3,
      "totalTimeCrowdControlDealt": 77
    }
  },
  "26203369": {
    "gameId": 825983189,
    "invalid": false,
    "gameMode": "CLASSIC",
    "gameType": "MATCHED_GAME",
    "subType": "NORMAL",
    "mapId": 1,
    "teamId": 100,
    "championId": 51,
    "spell1": 7,
    "spell2": 4,
    "level": 30,
    "ipEarned": 76,
    "createDate": 1399029993336,
    "fellowPlayers": [
      {
        "summonerId": 32534186,
        "teamId": 100,
        "championId": 412
      },
      {
        "summonerId": 28304791,
        "teamId": 200,
        "championId": 92
      },
      {
        "summonerId": 22365250,
        "teamId": 100,
        "championId": 107
      },
      {
        "summonerId": 31137183,
        "teamId": 100,
        "championId": 101
      },
      {
        "summonerId": 31593539,
        "teamId": 200,
        "championId": 51
      },
      {
        "summonerId": 35047463,
        "teamId": 200,
        "championId": 16
      },
      {
        "summonerId": 29967051,
        "teamId": 200,
        "championId": 64
      },
      {
        "summonerId": 33314809,
        "teamId": 200,
        "championId": 117
      },
      {
        "summonerId": 26888696,
        "teamId": 100,
        "championId": 19
      }
    ],
    "stats": {
      "level": 12,
      "goldEarned": 9329,
      "numDeaths": 4,
      "turretsKilled": 2,
      "minionsKilled": 115,
      "championsKilled": 12,
      "goldSpent": 8565,
      "totalDamageDealt": 74518,
      "totalDamageTaken": 11343,
      "doubleKills": 1,
      "killingSprees": 4,
      "largestKillingSpree": 5,
      "team": 100,
      "win": true,
      "largestMultiKill": 2,
      "physicalDamageDealtPlayer": 72787,
      "magicDamageDealtPlayer": 868,
      "physicalDamageTaken": 7991,
      "magicDamageTaken": 2949,
      "largestCriticalStrike": 446,
      "timePlayed": 1225,
      "totalHeal": 1367,
      "totalUnitsHealed": 2,
      "assists": 7,
      "item0": 2003,
      "item1": 3006,
      "item2": 3072,
      "item3": 3046,
      "item4": 1055,
      "item5": 1037,
      "item6": 3340,
      "magicDamageDealtToChampions": 761,
      "physicalDamageDealtToChampions": 16660,
      "totalDamageDealtToChampions": 17823,
      "trueDamageDealtPlayer": 863,
      "trueDamageDealtToChampions": 401,
      "trueDamageTaken": 402,
      "wardPlaced": 1,
      "totalTimeCrowdControlDealt": 219
    }
  },
  "31137183": {
    "gameId": 825983189,
    "invalid": false,
    "gameMode": "CLASSIC",
    "gameType": "MATCHED_GAME",
    "subType": "NORMAL",
    "mapId": 1,
    "teamId": 100,
    "championId": 101,
    "spell1": 4,
    "spell2": 14,
    "level": 30,
    "ipEarned": 76,
    "createDate": 1399029993339,
    "fellowPlayers": [
      {
        "summonerId": 26203369,
        "teamId": 100,
        "championId": 51
      },
      {
        "summonerId": 32534186,
        "teamId": 100,
        "championId": 412
      },
      {
        "summonerId": 28304791,
        "teamId": 200,
        "championId": 92
      },
      {
        "summonerId": 22365250,
        "teamId": 100,
        "championId": 107
      },
      {
        "summonerId": 31593539,
        "teamId": 200,
        "championId": 51
      },
      {
        "summonerId": 35047463,
        "teamId": 200,
        "championId": 16
      },
      {
        "summonerId": 29967051,
        "teamId": 200,
        "championId": 64
      },
      {
        "summonerId": 33314809,
        "teamId": 200,
        "championId": 117
      },
      {
        "summonerId": 26888696,
        "teamId": 100,
        "championId": 19
      }
    ],
    "stats": {
      "level": 13,
      "goldEarned": 8076,
      "turretsKilled": 1,
      "minionsKilled": 104,
      "championsKilled": 9,
      "goldSpent": 7405,
      "totalDamageDealt": 74048,
      "totalDamageTaken": 6730,
      "killingSprees": 1,
      "largestKillingSpree": 9,
      "team": 100,
      "win": true,
      "neutralMinionsKilled": 5,
      "largestMultiKill": 1,
      "physicalDamageDealtPlayer": 10716,
      "magicDamageDealtPlayer": 62870,
      "physicalDamageTaken": 3613,
      "magicDamageTaken": 2551,
      "timePlayed": 1225,
      "totalHeal": 236,
      "totalUnitsHealed": 1,
      "assists": 6,
      "item0": 3151,
      "item1": 3116,
      "item2": 3020,
      "item6": 3340,
      "magicDamageDealtToChampions": 11122,
      "physicalDamageDealtToChampions": 1791,
      "totalDamageDealtToChampions": 13376,
      "trueDamageDealtPlayer": 462,
      "trueDamageDealtToChampions": 462,
      "trueDamageTaken": 566,
      "wardPlaced": 4,
      "neutralMinionsKilledYourJungle": 5,
      "totalTimeCrowdControlDealt": 284
    }
  },
  "28304791": {
    "gameId": 825983189,
    "invalid": false,
    "gameMode": "CLASSIC",
    "gameType": "MATCHED_GAME",
    "subType": "NORMAL",
    "mapId": 1,
    "teamId": 200,
    "championId": 92,
    "spell1": 4,
    "spell2": 14,
    "level": 30,
    "ipEarned": 51,
    "createDate": 1399029993340,
    "fellowPlayers": [
      {
        "summonerId": 26203369,
        "teamId": 100,
        "championId": 51
      },
      {
        "summonerId": 32534186,
        "teamId": 100,
        "championId": 412
      },
      {
        "summonerId": 22365250,
        "teamId": 100,
        "championId": 107
      },
      {
        "summonerId": 31137183,
        "teamId": 100,
        "championId": 101
      },
      {
        "summonerId": 31593539,
        "teamId": 200,
        "championId": 51
      },
      {
        "summonerId": 35047463,
        "teamId": 200,
        "championId": 16
      },
      {
        "summonerId": 29967051,
        "teamId": 200,
        "championId": 64
      },
      {
        "summonerId": 33314809,
        "teamId": 200,
        "championId": 117
      },
      {
        "summonerId": 26888696,
        "teamId": 100,
        "championId": 19
      }
    ],
    "stats": {
      "level": 13,
      "goldEarned": 8109,
      "numDeaths": 5,
      "turretsKilled": 1,
      "minionsKilled": 151,
      "championsKilled": 6,
      "goldSpent": 7542,
      "totalDamageDealt": 88021,
      "totalDamageTaken": 14034,
      "killingSprees": 2,
      "largestKillingSpree": 4,
      "team": 200,
      "win": false,
      "neutralMinionsKilled": 5,
      "largestMultiKill": 1,
      "physicalDamageDealtPlayer": 86499,
      "physicalDamageTaken": 9874,
      "magicDamageTaken": 3425,
      "largestCriticalStrike": 384,
      "timePlayed": 1225,
      "totalHeal": 399,
      "totalUnitsHealed": 1,
      "assists": 2,
      "item0": 3074,
      "item1": 3158,
      "item2": 3134,
      "item3": 1036,
      "item4": 1037,
      "item6": 3340,
      "sightWardsBought": 1,
      "physicalDamageDealtToChampions": 13416,
      "totalDamageDealtToChampions": 14306,
      "trueDamageDealtPlayer": 1522,
      "trueDamageDealtToChampions": 890,
      "trueDamageTaken": 734,
      "wardPlaced": 5,
      "neutralMinionsKilledYourJungle": 5,
      "totalTimeCrowdControlDealt": 280
    }
  },
  "29967051": {
    "gameId": 825983189,
    "invalid": false,
    "gameMode": "CLASSIC",
    "gameType": "MATCHED_GAME",
    "subType": "NORMAL",
    "mapId": 1,
    "teamId": 200,
    "championId": 64,
    "spell1": 4,
    "spell2": 11,
    "level": 30,
    "ipEarned": 51,
    "createDate": 1399029993345,
    "fellowPlayers": [
      {
        "summonerId": 26203369,
        "teamId": 100,
        "championId": 51
      },
      {
        "summonerId": 32534186,
        "teamId": 100,
        "championId": 412
      },
      {
        "summonerId": 28304791,
        "teamId": 200,
        "championId": 92
      },
      {
        "summonerId": 22365250,
        "teamId": 100,
        "championId": 107
      },
      {
        "summonerId": 31137183,
        "teamId": 100,
        "championId": 101
      },
      {
        "summonerId": 31593539,
        "teamId": 200,
        "championId": 51
      },
      {
        "summonerId": 35047463,
        "teamId": 200,
        "championId": 16
      },
      {
        "summonerId": 33314809,
        "teamId": 200,
        "championId": 117
      },
      {
        "summonerId": 26888696,
        "teamId": 100,
        "championId": 19
      }
    ],
    "stats": {
      "level": 11,
      "goldEarned": 5661,
      "numDeaths": 7,
      "minionsKilled": 18,
      "championsKilled": 3,
      "goldSpent": 5570,
      "totalDamageDealt": 52876,
      "totalDamageTaken": 15911,
      "killingSprees": 1,
      "largestKillingSpree": 2,
      "team": 200,
      "win": false,
      "neutralMinionsKilled": 43,
      "largestMultiKill": 1,
      "physicalDamageDealtPlayer": 36960,
      "magicDamageDealtPlayer": 8804,
      "physicalDamageTaken": 11379,
      "magicDamageTaken": 4417,
      "timePlayed": 1225,
      "totalHeal": 1955,
      "totalUnitsHealed": 1,
      "assists": 3,
      "item0": 3047,
      "item1": 3209,
      "item2": 1053,
      "item3": 1036,
      "item4": 1006,
      "item5": 1037,
      "item6": 3340,
      "sightWardsBought": 1,
      "magicDamageDealtToChampions": 1254,
      "physicalDamageDealtToChampions": 6614,
      "totalDamageDealtToChampions": 8615,
      "trueDamageDealtPlayer": 7111,
      "trueDamageDealtToChampions": 747,
      "trueDamageTaken": 114,
      "wardPlaced": 8,
      "neutralMinionsKilledEnemyJungle": 3,
      "neutralMinionsKilledYourJungle": 40,
      "totalTimeCrowdControlDealt": 282
    }
  },
  "35047463": {
    "gameId": 825983189,
    "invalid": false,
    "gameMode": "CLASSIC",
    "gameType": "MATCHED_GAME",
    "subType": "NORMAL",
    "mapId": 1,
    "teamId": 200,
    "championId": 16,
    "spell1": 4,
    "spell2": 14,
    "level": 30,
    "ipEarned": 51,
    "createDate": 1399029993342,
    "fellowPlayers": [
      {
        "summonerId": 26203369,
        "teamId": 100,
        "championId": 51
      },
      {
        "summonerId": 32534186,
        "teamId": 100,
        "championId": 412
      },
      {
        "summonerId": 28304791,
        "teamId": 200,
        "championId": 92
      },
      {
        "summonerId": 22365250,
        "teamId": 100,
        "championId": 107
      },
      {
        "summonerId": 31137183,
        "teamId": 100,
        "championId": 101
      },
      {
        "summonerId": 31593539,
        "teamId": 200,
        "championId": 51
      },
      {
        "summonerId": 29967051,
        "teamId": 200,
        "championId": 64
      },
      {
        "summonerId": 33314809,
        "teamId": 200,
        "championId": 117
      },
      {
        "summonerId": 26888696,
        "teamId": 100,
        "championId": 19
      }
    ],
    "stats": {
      "level": 11,
      "goldEarned": 5359,
      "numDeaths": 10,
      "minionsKilled": 76,
      "championsKilled": 2,
      "goldSpent": 5075,
      "totalDamageDealt": 50048,
      "totalDamageTaken": 16249,
      "doubleKills": 1,
      "team": 200,
      "win": false,
      "neutralMinionsKilled": 9,
      "largestMultiKill": 2,
      "physicalDamageDealtPlayer": 6284,
      "magicDamageDealtPlayer": 43193,
      "physicalDamageTaken": 9151,
      "magicDamageTaken": 6773,
      "timePlayed": 1225,
      "totalHeal": 3978,
      "totalUnitsHealed": 4,
      "assists": 2,
      "item0": 1056,
      "item1": 3174,
      "item2": 1056,
      "item3": 3020,
      "item4": 1056,
      "item6": 3340,
      "magicDamageDealtToChampions": 5967,
      "physicalDamageDealtToChampions": 807,
      "totalDamageDealtToChampions": 7345,
      "trueDamageDealtPlayer": 570,
      "trueDamageDealtToChampions": 570,
      "trueDamageTaken": 324,
      "wardPlaced": 3,
      "neutralMinionsKilledYourJungle": 9,
      "totalTimeCrowdControlDealt": 33
    }
  },
  "31593539": {
    "gameId": 825983189,
    "invalid": false,
    "gameMode": "CLASSIC",
    "gameType": "MATCHED_GAME",
    "subType": "NORMAL",
    "mapId": 1,
    "teamId": 200,
    "championId": 51,
    "spell1": 7,
    "spell2": 4,
    "level": 30,
    "ipEarned": 51,
    "createDate": 1399029993343,
    "fellowPlayers": [
      {
        "summonerId": 26203369,
        "teamId": 100,
        "championId": 51
      },
      {
        "summonerId": 32534186,
        "teamId": 100,
        "championId": 412
      },
      {
        "summonerId": 28304791,
        "teamId": 200,
        "championId": 92
      },
      {
        "summonerId": 22365250,
        "teamId": 100,
        "championId": 107
      },
      {
        "summonerId": 31137183,
        "teamId": 100,
        "championId": 101
      },
      {
        "summonerId": 35047463,
        "teamId": 200,
        "championId": 16
      },
      {
        "summonerId": 29967051,
        "teamId": 200,
        "championId": 64
      },
      {
        "summonerId": 33314809,
        "teamId": 200,
        "championId": 117
      },
      {
        "summonerId": 26888696,
        "teamId": 100,
        "championId": 19
      }
    ],
    "stats": {
      "level": 6,
      "goldEarned": 3768,
      "numDeaths": 3,
      "minionsKilled": 36,
      "goldSpent": 2245,
      "totalDamageDealt": 14101,
      "totalDamageTaken": 3947,
      "team": 200,
      "win": false,
      "physicalDamageDealtPlayer": 13705,
      "magicDamageDealtPlayer": 395,
      "physicalDamageTaken": 2934,
      "magicDamageTaken": 1012,
      "timePlayed": 1225,
      "totalHeal": 686,
      "totalUnitsHealed": 2,
      "assists": 2,
      "item0": 1055,
      "item1": 2003,
      "item2": 1053,
      "item3": 3006,
      "item6": 3340,
      "magicDamageDealtToChampions": 259,
      "physicalDamageDealtToChampions": 3363,
      "totalDamageDealtToChampions": 3623,
      "wardPlaced": 2,
      "totalTimeCrowdControlDealt": 10
    }
  }
}