{
  "37119395": {
    "gameId": 825976393,
    "invalid": false,
    "gameMode": "CLASSIC",
    "gameType": "MATCHED_GAME",
    "subType": "RANKED_SOLO_5x5",
    "mapId": 1,
    "teamId": 200,
    "championId": 76,
    "spell1": 4,
    "spell2": 14,
    "level": 30,
    "ipEarned": 82,
    "createDate": 1399032140337,
    "fellowPlayers": [
      {
        "summonerId": 25825318,
        "teamId": 200,
        "championId": 121
      },
      {
        "summonerId": 44753463,
        "teamId": 100,
        "championId": 62
      },
      {
        "summonerId": 28145492,
        "teamId": 100,
        "championId": 119
      },
      {
        "summonerId": 32153844,
        "teamId": 100,
        "championId": 64
      },
      {
        "summonerId": 36913117,
        "teamId": 100,
        "championId": 412
      },
      {
        "summonerId": 19843507,
        "teamId": 200,
        "championId": 23
      },
      {
        "summonerId": 24329771,
        "teamId": 200,
        "championId": 25
      },
      {
        "summonerId": 34814271,
        "teamId": 200,
        "championId": 110
      },
      {
        "summonerId": 21548113,
        "teamId": 100,
        "championId": 134
      }
    ],
    "stats": {
      "level": 18,
      "goldEarned": 15345,
      "numDeaths": 6,
      "minionsKilled": 192,
      "championsKilled": 7,
      "goldSpent": 15020,
      "totalDamageDealt": 186719,
      "totalDamageTaken": 29773,
      "killingSprees": 1,
      "largestKillingSpree": 4,
      "team": 200,
      "win": false,
      "neutralMinionsKilled": 18,
      "largestMultiKill": 1,
      "physicalDamageDealtPlayer": 37122,
      "magicDamageDealtPlayer": 147736,
      "physicalDamageTaken": 18021,
      "magicDamageTaken": 11281,
      "timePlayed": 2841,
      "totalHeal": 20024,
      "totalUnitsHealed": 5,
      "assists": 12,
      "item0": 3057,
      "item1": 3157,
      "item2": 3040,
      "item3": 3089,
      "item4": 3255,
      "item5": 3135,
      "item6": 3340,
      "sightWardsBought": 2,
      "magicDamageDealtToChampions": 52763,
      "physicalDamageDealtToChampions": 2317,
      "totalDamageDealtToChampions": 56366,
      "trueDamageDealtPlayer": 1860,
      "trueDamageDealtToChampions": 1286,
      "trueDamageTaken": 470,
      "wardPlaced": 16,
      "neutralMinionsKilledEnemyJungle": 7,
      "neutralMinionsKilledYourJungle": 11,
      "totalTimeCrowdControlDealt": 75
    }
  },
  "summonerCount": 10,
  "36913117": {
    "gameId": 825976393,
    "invalid": false,
    "gameMode": "CLASSIC",
    "gameType": "MATCHED_GAME",
    "subType": "RANKED_SOLO_5x5",
    "mapId": 1,
    "teamId": 100,
    "championId": 412,
    "spell1": 4,
    "spell2": 3,
    "level": 30,
    "ipEarned": 277,
    "createDate": 1399032140333,
    "fellowPlayers": [
      {
        "summonerId": 25825318,
        "teamId": 200,
        "championId": 121
      },
      {
        "summonerId": 44753463,
        "teamId": 100,
        "championId": 62
      },
      {
        "summonerId": 28145492,
        "teamId": 100,
        "championId": 119
      },
      {
        "summonerId": 32153844,
        "teamId": 100,
        "championId": 64
      },
      {
        "summonerId": 37119395,
        "teamId": 200,
        "championId": 76
      },
      {
        "summonerId": 19843507,
        "teamId": 200,
        "championId": 23
      },
      {
        "summonerId": 24329771,
        "teamId": 200,
        "championId": 25
      },
      {
        "summonerId": 34814271,
        "teamId": 200,
        "championId": 110
      },
      {
        "summonerId": 21548113,
        "teamId": 100,
        "championId": 134
      }
    ],
    "stats": {
      "level": 17,
      "goldEarned": 14090,
      "numDeaths": 6,
      "minionsKilled": 47,
      "championsKilled": 2,
      "goldSpent": 12160,
      "totalDamageDealt": 46275,
      "totalDamageTaken": 34881,
      "team": 100,
      "win": true,
      "largestMultiKill": 1,
      "physicalDamageDealtPlayer": 12557,
      "magicDamageDealtPlayer": 33717,
      "physicalDamageTaken": 16342,
      "magicDamageTaken": 18334,
      "timePlayed": 2841,
      "totalHeal": 2292,
      "totalUnitsHealed": 1,
      "assists": 25,
      "item0": 3069,
      "item1": 2045,
      "item2": 3068,
      "item3": 3270,
      "item4": 3065,
      "item5": 3211,
      "item6": 3340,
      "sightWardsBought": 1,
      "magicDamageDealtToChampions": 13052,
      "physicalDamageDealtToChampions": 2644,
      "totalDamageDealtToChampions": 15697,
      "trueDamageTaken": 205,
      "wardPlaced": 29,
      "totalTimeCrowdControlDealt": 160
    }
  },
  "34814271": {
    "gameId": 825976393,
    "invalid": false,
    "gameMode": "CLASSIC",
    "gameType": "MATCHED_GAME",
    "subType": "RANKED_SOLO_5x5",
    "mapId": 1,
    "teamId": 200,
    "championId": 110,
    "spell1": 7,
    "spell2": 4,
    "level": 30,
    "ipEarned": 82,
    "createDate": 1399032140336,
    "fellowPlayers": [
      {
        "summonerId": 25825318,
        "teamId": 200,
        "championId": 121
      },
      {
        "summonerId": 44753463,
        "teamId": 100,
        "championId": 62
      },
      {
        "summonerId": 28145492,
        "teamId": 100,
        "championId": 119
      },
      {
        "summonerId": 32153844,
        "teamId": 100,
        "championId": 64
      },
      {
        "summonerId": 37119395,
        "teamId": 200,
        "championId": 76
      },
      {
        "summonerId": 36913117,
        "teamId": 100,
        "championId": 412
      },
      {
        "summonerId": 19843507,
        "teamId": 200,
        "championId": 23
      },
      {
        "summonerId": 24329771,
        "teamId": 200,
        "championId": 25
      },
      {
        "summonerId": 21548113,
        "teamId": 100,
        "championId": 134
      }
    ],
    "stats": {
      "level": 18,
      "goldEarned": 16084,
      "numDeaths": 11,
      "turretsKilled": 2,
      "minionsKilled": 242,
      "championsKilled": 11,
      "goldSpent": 14045,
      "totalDamageDealt": 195703,
      "totalDamageTaken": 34616,
      "doubleKills": 2,
      "tripleKills": 1,
      "killingSprees": 3,
      "largestKillingSpree": 3,
      "team": 200,
      "win": false,
      "neutralMinionsKilled": 13,
      "largestMultiKill": 3,
      "physicalDamageDealtPlayer": 181115,
      "magicDamageDealtPlayer": 13838,
      "physicalDamageTaken": 23255,
      "magicDamageTaken": 10973,
      "largestCriticalStrike": 663,
      "timePlayed": 2841,
      "totalHeal": 3323,
      "totalUnitsHealed": 4,
      "assists": 7,
      "item0": 3006,
      "item1": 3072,
      "item2": 3035,
      "item3": 3046,
      "item4": 3102,
      "item5": 1038,
      "item6": 3340,
      "magicDamageDealtToChampions": 3448,
      "physicalDamageDealtToChampions": 27408,
      "totalDamageDealtToChampions": 31277,
      "trueDamageDealtPlayer": 750,
      "trueDamageDealtToChampions": 420,
      "trueDamageTaken": 388,
      "wardPlaced": 5,
      "neutralMinionsKilledEnemyJungle": 1,
      "neutralMinionsKilledYourJungle": 12,
      "totalTimeCrowdControlDealt": 304
    }
  },
  "28145492": {
    "gameId": 825976393,
    "invalid": false,
    "gameMode": "CLASSIC",
    "gameType": "MATCHED_GAME",
    "subType": "RANKED_SOLO_5x5",
    "mapId": 1,
    "teamId": 100,
    "championId": 119,
    "spell1": 7,
    "spell2": 4,
    "level": 30,
    "ipEarned": 127,
    "createDate": 1399032140332,
    "fellowPlayers": [
      {
        "summonerId": 25825318,
        "teamId": 200,
        "championId": 121
      },
      {
        "summonerId": 44753463,
        "teamId": 100,
        "championId": 62
      },
      {
        "summonerId": 32153844,
        "teamId": 100,
        "championId": 64
      },
      {
        "summonerId": 37119395,
        "teamId": 200,
        "championId": 76
      },
      {
        "summonerId": 36913117,
        "teamId": 100,
        "championId": 412
      },
      {
        "summonerId": 19843507,
        "teamId": 200,
        "championId": 23
      },
      {
        "summonerId": 24329771,
        "teamId": 200,
        "championId": 25
      },
      {
        "summonerId": 34814271,
        "teamId": 200,
        "championId": 110
      },
      {
        "summonerId": 21548113,
        "teamId": 100,
        "championId": 134
      }
    ],
    "stats": {
      "level": 18,
      "goldEarned": 18191,
      "numDeaths": 11,
      "barracksKilled": 1,
      "turretsKilled": 2,
      "minionsKilled": 228,
      "championsKilled": 6,
      "goldSpent": 17705,
      "totalDamageDealt": 222280,
      "totalDamageTaken": 36727,
      "doubleKills": 1,
      "killingSprees": 2,
      "largestKillingSpree": 2,
      "team": 100,
      "win": true,
      "neutralMinionsKilled": 18,
      "largestMultiKill": 2,
      "physicalDamageDealtPlayer": 201105,
      "magicDamageDealtPlayer": 19866,
      "physicalDamageTaken": 20543,
      "magicDamageTaken": 15387,
      "largestCriticalStrike": 1102,
      "timePlayed": 2841,
      "totalHeal": 5446,
      "totalUnitsHealed": 3,
      "assists": 16,
      "item0": 3031,
      "item1": 3072,
      "item2": 3087,
      "item3": 3035,
      "item4": 3250,
      "item5": 3026,
      "item6": 3340,
      "magicDamageDealtToChampions": 1192,
      "physicalDamageDealtToChampions": 25804,
      "totalDamageDealtToChampions": 27485,
      "trueDamageDealtPlayer": 1308,
      "trueDamageDealtToChampions": 488,
      "trueDamageTaken": 796,
      "wardPlaced": 5,
      "neutralMinionsKilledEnemyJungle": 1,
      "neutralMinionsKilledYourJungle": 17,
      "totalTimeCrowdControlDealt": 384
    }
  },
  "21548113": {
    "gameId": 825976393,
    "invalid": false,
    "gameMode": "CLASSIC",
    "gameType": "MATCHED_GAME",
    "subType": "RANKED_SOLO_5x5",
    "mapId": 1,
    "teamId": 100,
    "championId": 134,
    "spell1": 4,
    "spell2": 14,
    "level": 30,
    "ipEarned": 127,
    "createDate": 1399032140330,
    "fellowPlayers": [
      {
        "summonerId": 25825318,
        "teamId": 200,
        "championId": 121
      },
      {
        "summonerId": 44753463,
        "teamId": 100,
        "championId": 62
      },
      {
        "summonerId": 28145492,
        "teamId": 100,
        "championId": 119
      },
      {
        "summonerId": 32153844,
        "teamId": 100,
        "championId": 64
      },
      {
        "summonerId": 37119395,
        "teamId": 200,
        "championId": 76
      },
      {
        "summonerId": 36913117,
        "teamId": 100,
        "championId": 412
      },
      {
        "summonerId": 19843507,
        "teamId": 200,
        "championId": 23
      },
      {
        "summonerId": 24329771,
        "teamId": 200,
        "championId": 25
      },
      {
        "summonerId": 34814271,
        "teamId": 200,
        "championId": 110
      }
    ],
    "stats": {
      "level": 18,
      "goldEarned": 18429,
      "numDeaths": 4,
      "turretsKilled": 1,
      "minionsKilled": 206,
      "championsKilled": 12,
      "goldSpent": 20510,
      "totalDamageDealt": 156677,
      "totalDamageTaken": 19352,
      "doubleKills": 1,
      "killingSprees": 1,
      "largestKillingSpree": 8,
      "team": 100,
      "win": true,
      "neutralMinionsKilled": 2,
      "largestMultiKill": 2,
      "physicalDamageDealtPlayer": 19320,
      "magicDamageDealtPlayer": 136217,
      "physicalDamageTaken": 7567,
      "magicDamageTaken": 10638,
      "timePlayed": 2841,
      "totalHeal": 663,
      "totalUnitsHealed": 1,
      "assists": 18,
      "item0": 3255,
      "item1": 3128,
      "item2": 3157,
      "item3": 3089,
      "item4": 3135,
      "item5": 3174,
      "item6": 3340,
      "magicDamageDealtToChampions": 38155,
      "physicalDamageDealtToChampions": 1322,
      "totalDamageDealtToChampions": 40530,
      "trueDamageDealtPlayer": 1140,
      "trueDamageDealtToChampions": 1052,
      "trueDamageTaken": 1146,
      "wardPlaced": 11,
      "neutralMinionsKilledYourJungle": 2,
      "totalTimeCrowdControlDealt": 369
    }
  },
  "25825318": {
    "gameId": 825976393,
    "invalid": false,
    "gameMode": "CLASSIC",
    "gameType": "MATCHED_GAME",
    "subType": "RANKED_SOLO_5x5",
    "mapId": 1,
    "teamId": 200,
    "championId": 121,
    "spell1": 4,
    "spell2": 11,
    "level": 30,
    "ipEarned": 82,
    "createDate": 1399032140339,
    "fellowPlayers": [
      {
        "summonerId": 44753463,
        "teamId": 100,
        "championId": 62
      },
      {
        "summonerId": 28145492,
        "teamId": 100,
        "championId": 119
      },
      {
        "summonerId": 32153844,
        "teamId": 100,
        "championId": 64
      },
      {
        "summonerId": 37119395,
        "teamId": 200,
        "championId": 76
      },
      {
        "summonerId": 36913117,
        "teamId": 100,
        "championId": 412
      },
      {
        "summonerId": 19843507,
        "teamId": 200,
        "championId": 23
      },
      {
        "summonerId": 24329771,
        "teamId": 200,
        "championId": 25
      },
      {
        "summonerId": 34814271,
        "teamId": 200,
        "championId": 110
      },
      {
        "summonerId": 21548113,
        "teamId": 100,
        "championId": 134
      }
    ],
    "stats": {
      "level": 18,
      "goldEarned": 12228,
      "numDeaths": 12,
      "minionsKilled": 43,
      "championsKilled": 7,
      "goldSpent": 11653,
      "totalDamageDealt": 112412,
      "totalDamageTaken": 42405,
      "killingSprees": 1,
      "largestKillingSpree": 2,
      "team": 200,
      "win": false,
      "neutralMinionsKilled": 60,
      "largestMultiKill": 1,
      "physicalDamageDealtPlayer": 84167,
      "magicDamageDealtPlayer": 17466,
      "physicalDamageTaken": 29054,
      "magicDamageTaken": 12714,
      "largestCriticalStrike": 573,
      "timePlayed": 2841,
      "totalHeal": 5820,
      "totalUnitsHealed": 1,
      "assists": 6,
      "item0": 3154,
      "item1": 3265,
      "item2": 1057,
      "item3": 3035,
      "item4": 3078,
      "item5": 1031,
      "item6": 3340,
      "sightWardsBought": 1,
      "visionWardsBought": 1,
      "magicDamageDealtToChampions": 1940,
      "physicalDamageDealtToChampions": 11715,
      "totalDamageDealtToChampions": 13762,
      "trueDamageDealtPlayer": 10778,
      "trueDamageDealtToChampions": 106,
      "trueDamageTaken": 636,
      "wardPlaced": 17,
      "neutralMinionsKilledEnemyJungle": 6,
      "neutralMinionsKilledYourJungle": 54,
      "totalTimeCrowdControlDealt": 456
    }
  },
  "24329771": {
    "gameId": 825976393,
    "invalid": false,
    "gameMode": "CLASSIC",
    "gameType": "MATCHED_GAME",
    "subType": "RANKED_SOLO_5x5",
    "mapId": 1,
    "teamId": 200,
    "championId": 25,
    "spell1": 4,
    "spell2": 3,
    "level": 30,
    "ipEarned": 82,
    "createDate": 1399032140338,
    "fellowPlayers": [
      {
        "summonerId": 25825318,
        "teamId": 200,
        "championId": 121
      },
      {
        "summonerId": 44753463,
        "teamId": 100,
        "championId": 62
      },
      {
        "summonerId": 28145492,
        "teamId": 100,
        "championId": 119
      },
      {
        "summonerId": 32153844,
        "teamId": 100,
        "championId": 64
      },
      {
        "summonerId": 37119395,
        "teamId": 200,
        "championId": 76
      },
      {
        "summonerId": 36913117,
        "teamId": 100,
        "championId": 412
      },
      {
        "summonerId": 19843507,
        "teamId": 200,
        "championId": 23
      },
      {
        "summonerId": 34814271,
        "teamId": 200,
        "championId": 110
      },
      {
        "summonerId": 21548113,
        "teamId": 100,
        "championId": 134
      }
    ],
    "stats": {
      "level": 18,
      "goldEarned": 12816,
      "numDeaths": 7,
      "minionsKilled": 35,
      "championsKilled": 2,
      "goldSpent": 11550,
      "totalDamageDealt": 55445,
      "totalDamageTaken": 28483,
      "team": 200,
      "win": false,
      "neutralMinionsKilled": 2,
      "largestMultiKill": 1,
      "physicalDamageDealtPlayer": 8556,
      "magicDamageDealtPlayer": 46889,
      "physicalDamageTaken": 15711,
      "magicDamageTaken": 12349,
      "timePlayed": 2841,
      "totalHeal": 60,
      "totalUnitsHealed": 1,
      "assists": 18,
      "item0": 3157,
      "item1": 2049,
      "item2": 3020,
      "item3": 3098,
      "item4": 3116,
      "item5": 3135,
      "item6": 3340,
      "sightWardsBought": 3,
      "magicDamageDealtToChampions": 20417,
      "physicalDamageDealtToChampions": 846,
      "totalDamageDealtToChampions": 21264,
      "trueDamageTaken": 422,
      "wardPlaced": 14,
      "neutralMinionsKilledEnemyJungle": 1,
      "neutralMinionsKilledYourJungle": 1,
      "totalTimeCrowdControlDealt": 596
    }
  },
  "19843507": {
    "gameId": 825976393,
    "invalid": false,
    "gameMode": "CLASSIC",
    "gameType": "MATCHED_GAME",
    "subType": "RANKED_SOLO_5x5",
    "mapId": 1,
    "teamId": 200,
    "championId": 23,
    "spell1": 6,
    "spell2": 14,
    "level": 30,
    "ipEarned": 82,
    "createDate": 1399032140341,
    "fellowPlayers": [
      {
        "summonerId": 25825318,
        "teamId": 200,
        "championId": 121
      },
      {
        "summonerId": 44753463,
        "teamId": 100,
        "championId": 62
      },
      {
        "summonerId": 28145492,
        "teamId": 100,
        "championId": 119
      },
      {
        "summonerId": 32153844,
        "teamId": 100,
        "championId": 64
      },
      {
        "summonerId": 37119395,
        "teamId": 200,
        "championId": 76
      },
      {
        "summonerId": 36913117,
        "teamId": 100,
        "championId": 412
      },
      {
        "summonerId": 24329771,
        "teamId": 200,
        "championId": 25
      },
      {
        "summonerId": 34814271,
        "teamId": 200,
        "championId": 110
      },
      {
        "summonerId": 21548113,
        "teamId": 100,
        "championId": 134
      }
    ],
    "stats": {
      "level": 18,
      "goldEarned": 16774,
      "numDeaths": 13,
      "turretsKilled": 3,
      "minionsKilled": 272,
      "championsKilled": 9,
      "goldSpent": 14935,
      "totalDamageDealt": 240614,
      "totalDamageTaken": 56938,
      "killingSprees": 2,
      "largestKillingSpree": 3,
      "team": 200,
      "win": false,
      "neutralMinionsKilled": 12,
      "largestMultiKill": 1,
      "physicalDamageDealtPlayer": 213260,
      "magicDamageDealtPlayer": 24830,
      "physicalDamageTaken": 41237,
      "magicDamageTaken": 13897,
      "largestCriticalStrike": 887,
      "timePlayed": 2841,
      "totalHeal": 5498,
      "totalUnitsHealed": 1,
      "assists": 10,
      "item0": 3035,
      "item1": 3087,
      "item2": 3031,
      "item3": 3250,
      "item4": 3153,
      "item5": 1031,
      "item6": 3340,
      "sightWardsBought": 1,
      "magicDamageDealtToChampions": 2654,
      "physicalDamageDealtToChampions": 22225,
      "totalDamageDealtToChampions": 27139,
      "trueDamageDealtPlayer": 2524,
      "trueDamageDealtToChampions": 2260,
      "trueDamageTaken": 1804,
      "wardPlaced": 4,
      "neutralMinionsKilledEnemyJungle": 2,
      "neutralMinionsKilledYourJungle": 10,
      "totalTimeCrowdControlDealt": 173
    }
  },
  "32153844": {
    "gameId": 825976393,
    "invalid": false,
    "gameMode": "CLASSIC",
    "gameType": "MATCHED_GAME",
    "subType": "RANKED_SOLO_5x5",
    "mapId": 1,
    "teamId": 100,
    "championId": 64,
    "spell1": 4,
    "spell2": 11,
    "level": 30,
    "ipEarned": 127,
    "createDate": 1399032140329,
    "fellowPlayers": [
      {
        "summonerId": 25825318,
        "teamId": 200,
        "championId": 121
      },
      {
        "summonerId": 44753463,
        "teamId": 100,
        "championId": 62
      },
      {
        "summonerId": 28145492,
        "teamId": 100,
        "championId": 119
      },
      {
        "summonerId": 37119395,
        "teamId": 200,
        "championId": 76
      },
      {
        "summonerId": 36913117,
        "teamId": 100,
        "championId": 412
      },
      {
        "summonerId": 19843507,
        "teamId": 200,
        "championId": 23
      },
      {
        "summonerId": 24329771,
        "teamId": 200,
        "championId": 25
      },
      {
        "summonerId": 34814271,
        "teamId": 200,
        "championId": 110
      },
      {
        "summonerId": 21548113,
        "teamId": 100,
        "championId": 134
      }
    ],
    "stats": {
      "level": 18,
      "goldEarned": 18754,
      "numDeaths": 7,
      "minionsKilled": 69,
      "championsKilled": 11,
      "goldSpent": 16210,
      "totalDamageDealt": 320790,
      "totalDamageTaken": 51896,
      "doubleKills": 1,
      "killingSprees": 3,
      "largestKillingSpree": 4,
      "team": 100,
      "win": true,
      "neutralMinionsKilled": 175,
      "largestMultiKill": 2,
      "physicalDamageDealtPlayer": 157151,
      "magicDamageDealtPlayer": 142455,
      "physicalDamageTaken": 31721,
      "magicDamageTaken": 18458,
      "timePlayed": 2841,
      "totalHeal": 14678,
      "totalUnitsHealed": 1,
      "assists": 15,
      "item0": 3074,
      "item1": 3146,
      "item2": 3160,
      "item3": 3068,
      "item4": 3260,
      "item5": 3156,
      "item6": 3340,
      "magicDamageDealtToChampions": 7601,
      "physicalDamageDealtToChampions": 15587,
      "totalDamageDealtToChampions": 23424,
      "trueDamageDealtPlayer": 21182,
      "trueDamageDealtToChampions": 236,
      "trueDamageTaken": 1717,
      "wardPlaced": 15,
      "neutralMinionsKilledEnemyJungle": 33,
      "neutralMinionsKilledYourJungle": 142,
      "totalTimeCrowdControlDealt": 1312
    }
  },
  "44753463": {
    "gameId": 825976393,
    "invalid": false,
    "gameMode": "CLASSIC",
    "gameType": "MATCHED_GAME",
    "subType": "RANKED_SOLO_5x5",
    "mapId": 1,
    "teamId": 100,
    "championId": 62,
    "spell1": 4,
    "spell2": 14,
    "level": 30,
    "ipEarned": 127,
    "createDate": 1399032140335,
    "fellowPlayers": [
      {
        "summonerId": 25825318,
        "teamId": 200,
        "championId": 121
      },
      {
        "summonerId": 28145492,
        "teamId": 100,
        "championId": 119
      },
      {
        "summonerId": 32153844,
        "teamId": 100,
        "championId": 64
      },
      {
        "summonerId": 37119395,
        "teamId": 200,
        "championId": 76
      },
      {
        "summonerId": 36913117,
        "teamId": 100,
        "championId": 412
      },
      {
        "summonerId": 19843507,
        "teamId": 200,
        "championId": 23
      },
      {
        "summonerId": 24329771,
        "teamId": 200,
        "championId": 25
      },
      {
        "summonerId": 34814271,
        "teamId": 200,
        "championId": 110
      },
      {
        "summonerId": 21548113,
        "teamId": 100,
        "championId": 134
      }
    ],
    "stats": {
      "level": 18,
      "goldEarned": 20489,
      "numDeaths": 8,
      "barracksKilled": 1,
      "turretsKilled": 5,
      "minionsKilled": 254,
      "championsKilled": 18,
      "goldSpent": 18913,
      "totalDamageDealt": 248437,
      "totalDamageTaken": 42994,
      "doubleKills": 5,
      "tripleKills": 3,
      "killingSprees": 3,
      "largestKillingSpree": 8,
      "team": 100,
      "win": true,
      "neutralMinionsKilled": 21,
      "largestMultiKill": 3,
      "physicalDamageDealtPlayer": 242936,
      "magicDamageDealtPlayer": 3381,
      "physicalDamageTaken": 22188,
      "magicDamageTaken": 19547,
      "largestCriticalStrike": 855,
      "timePlayed": 2841,
      "totalHeal": 3498,
      "totalUnitsHealed": 1,
      "assists": 12,
      "item0": 3143,
      "item1": 3074,
      "item2": 3260,
      "item3": 3078,
      "item4": 3071,
      "item5": 3083,
      "item6": 3340,
      "magicDamageDealtToChampions": 1214,
      "physicalDamageDealtToChampions": 39350,
      "totalDamageDealtToChampions": 42508,
      "trueDamageDealtPlayer": 2120,
      "trueDamageDealtToChampions": 1944,
      "trueDamageTaken": 1258,
      "wardKilled": 2,
      "wardPlaced": 8,
      "neutralMinionsKilledEnemyJungle": 6,
      "neutralMinionsKilledYourJungle": 15,
      "totalTimeCrowdControlDealt": 880
    }
  }
}