{
  "24709204": {
    "gameId": 825973679,
    "invalid": false,
    "gameMode": "ARAM",
    "gameType": "MATCHED_GAME",
    "subType": "ARAM_UNRANKED_5x5",
    "mapId": 12,
    "teamId": 200,
    "championId": 238,
    "spell1": 4,
    "spell2": 21,
    "level": 30,
    "ipEarned": 89,
    "createDate": 1399030456932,
    "fellowPlayers": [
      {
        "summonerId": 26566212,
        "teamId": 100,
        "championId": 105
      },
      {
        "summonerId": 24497320,
        "teamId": 100,
        "championId": 103
      },
      {
        "summonerId": 19639416,
        "teamId": 100,
        "championId": 40
      },
      {
        "summonerId": 25206899,
        "teamId": 200,
        "championId": 96
      },
      {
        "summonerId": 22056188,
        "teamId": 200,
        "championId": 51
      },
      {
        "summonerId": 25464737,
        "teamId": 200,
        "championId": 4
      },
      {
        "summonerId": 31956451,
        "teamId": 100,
        "championId": 53
      },
      {
        "summonerId": 35477443,
        "teamId": 100,
        "championId": 120
      },
      {
        "summonerId": 24021418,
        "teamId": 200,
        "championId": 54
      }
    ],
    "stats": {
      "level": 18,
      "goldEarned": 15239,
      "numDeaths": 14,
      "turretsKilled": 1,
      "minionsKilled": 21,
      "championsKilled": 13,
      "goldSpent": 15110,
      "totalDamageDealt": 58494,
      "totalDamageTaken": 36204,
      "doubleKills": 1,
      "killingSprees": 2,
      "largestKillingSpree": 4,
      "team": 200,
      "win": true,
      "largestMultiKill": 2,
      "physicalDamageDealtPlayer": 56476,
      "magicDamageDealtPlayer": 2017,
      "physicalDamageTaken": 10527,
      "magicDamageTaken": 22818,
      "timePlayed": 1943,
      "totalHeal": 3975,
      "totalUnitsHealed": 1,
      "assists": 42,
      "item0": 3153,
      "item1": 3156,
      "item2": 3269,
      "item3": 3071,
      "item4": 3035,
      "item5": 1011,
      "magicDamageDealtToChampions": 1538,
      "physicalDamageDealtToChampions": 34849,
      "totalDamageDealtToChampions": 36387,
      "trueDamageTaken": 2858,
      "wardPlaced": 28,
      "totalTimeCrowdControlDealt": 77
    }
  },
  "summonerCount": 10,
  "25206899": {
    "gameId": 825973679,
    "invalid": false,
    "gameMode": "ARAM",
    "gameType": "MATCHED_GAME",
    "subType": "ARAM_UNRANKED_5x5",
    "mapId": 12,
    "teamId": 200,
    "championId": 96,
    "spell1": 4,
    "spell2": 7,
    "level": 30,
    "ipEarned": 89,
    "createDate": 1399030456933,
    "fellowPlayers": [
      {
        "summonerId": 26566212,
        "teamId": 100,
        "championId": 105
      },
      {
        "summonerId": 24497320,
        "teamId": 100,
        "championId": 103
      },
      {
        "summonerId": 19639416,
        "teamId": 100,
        "championId": 40
      },
      {
        "summonerId": 24709204,
        "teamId": 200,
        "championId": 238
      },
      {
        "summonerId": 22056188,
        "teamId": 200,
        "championId": 51
      },
      {
        "summonerId": 25464737,
        "teamId": 200,
        "championId": 4
      },
      {
        "summonerId": 31956451,
        "teamId": 100,
        "championId": 53
      },
      {
        "summonerId": 35477443,
        "teamId": 100,
        "championId": 120
      },
      {
        "summonerId": 24021418,
        "teamId": 200,
        "championId": 54
      }
    ],
    "stats": {
      "level": 18,
      "goldEarned": 18798,
      "numDeaths": 17,
      "barracksKilled": 2,
      "minionsKilled": 60,
      "championsKilled": 28,
      "goldSpent": 19190,
      "totalDamageDealt": 105434,
      "totalDamageTaken": 44004,
      "doubleKills": 5,
      "killingSprees": 8,
      "largestKillingSpree": 5,
      "team": 200,
      "win": true,
      "largestMultiKill": 2,
      "physicalDamageDealtPlayer": 54539,
      "magicDamageDealtPlayer": 39353,
      "physicalDamageTaken": 9633,
      "magicDamageTaken": 32714,
      "largestCriticalStrike": 784,
      "timePlayed": 1943,
      "totalHeal": 5679,
      "totalUnitsHealed": 3,
      "assists": 40,
      "item0": 3065,
      "item1": 3153,
      "item2": 3046,
      "item3": 3031,
      "item4": 3006,
      "item5": 3181,
      "magicDamageDealtToChampions": 24258,
      "physicalDamageDealtToChampions": 25319,
      "totalDamageDealtToChampions": 56618,
      "trueDamageDealtPlayer": 11541,
      "trueDamageDealtToChampions": 7041,
      "trueDamageTaken": 1656,
      "totalTimeCrowdControlDealt": 514
    }
  },
  "31956451": {
    "gameId": 825973679,
    "invalid": false,
    "gameMode": "ARAM",
    "gameType": "MATCHED_GAME",
    "subType": "ARAM_UNRANKED_5x5",
    "mapId": 12,
    "teamId": 100,
    "championId": 53,
    "spell1": 21,
    "spell2": 4,
    "level": 30,
    "ipEarned": 59,
    "createDate": 1399030456925,
    "fellowPlayers": [
      {
        "summonerId": 26566212,
        "teamId": 100,
        "championId": 105
      },
      {
        "summonerId": 24497320,
        "teamId": 100,
        "championId": 103
      },
      {
        "summonerId": 19639416,
        "teamId": 100,
        "championId": 40
      },
      {
        "summonerId": 25206899,
        "teamId": 200,
        "championId": 96
      },
      {
        "summonerId": 24709204,
        "teamId": 200,
        "championId": 238
      },
      {
        "summonerId": 22056188,
        "teamId": 200,
        "championId": 51
      },
      {
        "summonerId": 25464737,
        "teamId": 200,
        "championId": 4
      },
      {
        "summonerId": 35477443,
        "teamId": 100,
        "championId": 120
      },
      {
        "summonerId": 24021418,
        "teamId": 200,
        "championId": 54
      }
    ],
    "stats": {
      "level": 18,
      "goldEarned": 15189,
      "numDeaths": 20,
      "minionsKilled": 51,
      "championsKilled": 9,
      "goldSpent": 14520,
      "totalDamageDealt": 70438,
      "totalDamageTaken": 43843,
      "killingSprees": 1,
      "largestKillingSpree": 2,
      "team": 100,
      "win": false,
      "largestMultiKill": 1,
      "physicalDamageDealtPlayer": 11123,
      "magicDamageDealtPlayer": 59314,
      "physicalDamageTaken": 21350,
      "magicDamageTaken": 21543,
      "timePlayed": 1943,
      "totalHeal": 389,
      "totalUnitsHealed": 1,
      "assists": 29,
      "item0": 3165,
      "item1": 3110,
      "item2": 3025,
      "item3": 3047,
      "item4": 3068,
      "item5": 3065,
      "magicDamageDealtToChampions": 19364,
      "physicalDamageDealtToChampions": 7481,
      "totalDamageDealtToChampions": 26845,
      "trueDamageTaken": 950,
      "totalTimeCrowdControlDealt": 1058
    }
  },
  "26566212": {
    "gameId": 825973679,
    "invalid": false,
    "gameMode": "ARAM",
    "gameType": "MATCHED_GAME",
    "subType": "ARAM_UNRANKED_5x5",
    "mapId": 12,
    "teamId": 100,
    "championId": 105,
    "spell1": 21,
    "spell2": 4,
    "level": 30,
    "ipEarned": 59,
    "createDate": 1399030456924,
    "fellowPlayers": [
      {
        "summonerId": 24497320,
        "teamId": 100,
        "championId": 103
      },
      {
        "summonerId": 19639416,
        "teamId": 100,
        "championId": 40
      },
      {
        "summonerId": 25206899,
        "teamId": 200,
        "championId": 96
      },
      {
        "summonerId": 24709204,
        "teamId": 200,
        "championId": 238
      },
      {
        "summonerId": 22056188,
        "teamId": 200,
        "championId": 51
      },
      {
        "summonerId": 25464737,
        "teamId": 200,
        "championId": 4
      },
      {
        "summonerId": 31956451,
        "teamId": 100,
        "championId": 53
      },
      {
        "summonerId": 35477443,
        "teamId": 100,
        "championId": 120
      },
      {
        "summonerId": 24021418,
        "teamId": 200,
        "championId": 54
      }
    ],
    "stats": {
      "level": 18,
      "goldEarned": 16885,
      "numDeaths": 23,
      "turretsKilled": 1,
      "minionsKilled": 47,
      "championsKilled": 21,
      "goldSpent": 15665,
      "totalDamageDealt": 75559,
      "totalDamageTaken": 49127,
      "doubleKills": 1,
      "tripleKills": 1,
      "killingSprees": 4,
      "largestKillingSpree": 3,
      "team": 100,
      "win": false,
      "largestMultiKill": 3,
      "physicalDamageDealtPlayer": 11744,
      "magicDamageDealtPlayer": 63814,
      "physicalDamageTaken": 25229,
      "magicDamageTaken": 20531,
      "timePlayed": 1943,
      "totalHeal": 3257,
      "totalUnitsHealed": 1,
      "assists": 22,
      "item0": 3157,
      "item1": 3082,
      "item2": 3135,
      "item3": 3100,
      "item4": 3001,
      "item5": 3256,
      "magicDamageDealtToChampions": 32757,
      "physicalDamageDealtToChampions": 5283,
      "totalDamageDealtToChampions": 38041,
      "trueDamageTaken": 3366,
      "wardPlaced": 2,
      "totalTimeCrowdControlDealt": 205
    }
  },
  "24497320": {
    "gameId": 825973679,
    "invalid": false,
    "gameMode": "ARAM",
    "gameType": "MATCHED_GAME",
    "subType": "ARAM_UNRANKED_5x5",
    "mapId": 12,
    "teamId": 100,
    "championId": 103,
    "spell1": 4,
    "spell2": 7,
    "level": 30,
    "ipEarned": 59,
    "createDate": 1399030456927,
    "fellowPlayers": [
      {
        "summonerId": 26566212,
        "teamId": 100,
        "championId": 105
      },
      {
        "summonerId": 19639416,
        "teamId": 100,
        "championId": 40
      },
      {
        "summonerId": 25206899,
        "teamId": 200,
        "championId": 96
      },
      {
        "summonerId": 24709204,
        "teamId": 200,
        "championId": 238
      },
      {
        "summonerId": 22056188,
        "teamId": 200,
        "championId": 51
      },
      {
        "summonerId": 25464737,
        "teamId": 200,
        "championId": 4
      },
      {
        "summonerId": 31956451,
        "teamId": 100,
        "championId": 53
      },
      {
        "summonerId": 35477443,
        "teamId": 100,
        "championId": 120
      },
      {
        "summonerId": 24021418,
        "teamId": 200,
        "championId": 54
      }
    ],
    "stats": {
      "level": 18,
      "goldEarned": 16465,
      "numDeaths": 13,
      "minionsKilled": 72,
      "championsKilled": 19,
      "goldSpent": 15710,
      "totalDamageDealt": 119243,
      "totalDamageTaken": 40794,
      "doubleKills": 5,
      "tripleKills": 1,
      "killingSprees": 7,
      "largestKillingSpree": 3,
      "team": 100,
      "win": false,
      "largestMultiKill": 3,
      "physicalDamageDealtPlayer": 13450,
      "magicDamageDealtPlayer": 76206,
      "physicalDamageTaken": 24182,
      "magicDamageTaken": 16061,
      "timePlayed": 1943,
      "totalHeal": 10445,
      "totalUnitsHealed": 3,
      "assists": 27,
      "item0": 3157,
      "item1": 3089,
      "item2": 3151,
      "item3": 3259,
      "item4": 3116,
      "item5": 1026,
      "magicDamageDealtToChampions": 33714,
      "physicalDamageDealtToChampions": 2971,
      "totalDamageDealtToChampions": 46890,
      "trueDamageDealtPlayer": 29586,
      "trueDamageDealtToChampions": 10205,
      "trueDamageTaken": 550,
      "totalTimeCrowdControlDealt": 171
    }
  },
  "24021418": {
    "gameId": 825973679,
    "invalid": false,
    "gameMode": "ARAM",
    "gameType": "MATCHED_GAME",
    "subType": "ARAM_UNRANKED_5x5",
    "mapId": 12,
    "teamId": 200,
    "championId": 54,
    "spell1": 7,
    "spell2": 4,
    "level": 30,
    "ipEarned": 89,
    "createDate": 1399030456935,
    "fellowPlayers": [
      {
        "summonerId": 26566212,
        "teamId": 100,
        "championId": 105
      },
      {
        "summonerId": 24497320,
        "teamId": 100,
        "championId": 103
      },
      {
        "summonerId": 19639416,
        "teamId": 100,
        "championId": 40
      },
      {
        "summonerId": 25206899,
        "teamId": 200,
        "championId": 96
      },
      {
        "summonerId": 24709204,
        "teamId": 200,
        "championId": 238
      },
      {
        "summonerId": 22056188,
        "teamId": 200,
        "championId": 51
      },
      {
        "summonerId": 25464737,
        "teamId": 200,
        "championId": 4
      },
      {
        "summonerId": 31956451,
        "teamId": 100,
        "championId": 53
      },
      {
        "summonerId": 35477443,
        "teamId": 100,
        "championId": 120
      }
    ],
    "stats": {
      "level": 18,
      "goldEarned": 14568,
      "numDeaths": 12,
      "minionsKilled": 9,
      "championsKilled": 12,
      "goldSpent": 13195,
      "totalDamageDealt": 32442,
      "totalDamageTaken": 31553,
      "doubleKills": 2,
      "killingSprees": 4,
      "largestKillingSpree": 3,
      "team": 200,
      "win": true,
      "largestMultiKill": 2,
      "physicalDamageDealtPlayer": 10976,
      "magicDamageDealtPlayer": 21466,
      "physicalDamageTaken": 9494,
      "magicDamageTaken": 18646,
      "timePlayed": 1943,
      "totalHeal": 5920,
      "totalUnitsHealed": 4,
      "assists": 38,
      "item0": 3025,
      "item1": 3111,
      "item2": 3174,
      "item3": 3115,
      "item4": 3065,
      "item5": 1057,
      "magicDamageDealtToChampions": 20250,
      "physicalDamageDealtToChampions": 4946,
      "totalDamageDealtToChampions": 25197,
      "trueDamageTaken": 3411,
      "totalTimeCrowdControlDealt": 657
    }
  },
  "35477443": {
    "gameId": 825973679,
    "invalid": false,
    "gameMode": "ARAM",
    "gameType": "MATCHED_GAME",
    "subType": "ARAM_UNRANKED_5x5",
    "mapId": 12,
    "teamId": 100,
    "championId": 120,
    "spell1": 6,
    "spell2": 7,
    "level": 30,
    "ipEarned": 59,
    "createDate": 1399030456926,
    "fellowPlayers": [
      {
        "summonerId": 26566212,
        "teamId": 100,
        "championId": 105
      },
      {
        "summonerId": 24497320,
        "teamId": 100,
        "championId": 103
      },
      {
        "summonerId": 19639416,
        "teamId": 100,
        "championId": 40
      },
      {
        "summonerId": 25206899,
        "teamId": 200,
        "championId": 96
      },
      {
        "summonerId": 24709204,
        "teamId": 200,
        "championId": 238
      },
      {
        "summonerId": 22056188,
        "teamId": 200,
        "championId": 51
      },
      {
        "summonerId": 25464737,
        "teamId": 200,
        "championId": 4
      },
      {
        "summonerId": 31956451,
        "teamId": 100,
        "championId": 53
      },
      {
        "summonerId": 24021418,
        "teamId": 200,
        "championId": 54
      }
    ],
    "stats": {
      "level": 18,
      "goldEarned": 16585,
      "numDeaths": 18,
      "barracksKilled": 1,
      "turretsKilled": 1,
      "minionsKilled": 93,
      "championsKilled": 14,
      "goldSpent": 14840,
      "totalDamageDealt": 109458,
      "totalDamageTaken": 66767,
      "doubleKills": 1,
      "killingSprees": 3,
      "largestKillingSpree": 2,
      "team": 100,
      "win": false,
      "largestMultiKill": 2,
      "physicalDamageDealtPlayer": 49559,
      "magicDamageDealtPlayer": 59898,
      "physicalDamageTaken": 39205,
      "magicDamageTaken": 26311,
      "largestCriticalStrike": 416,
      "timePlayed": 1943,
      "totalHeal": 11200,
      "totalUnitsHealed": 5,
      "assists": 28,
      "item0": 3068,
      "item1": 3075,
      "item2": 3143,
      "item3": 3065,
      "item4": 3111,
      "item5": 3005,
      "magicDamageDealtToChampions": 25624,
      "physicalDamageDealtToChampions": 19244,
      "totalDamageDealtToChampions": 44868,
      "trueDamageTaken": 1250,
      "totalTimeCrowdControlDealt": 564
    }
  },
  "25464737": {
    "gameId": 825973679,
    "invalid": false,
    "gameMode": "ARAM",
    "gameType": "MATCHED_GAME",
    "subType": "ARAM_UNRANKED_5x5",
    "mapId": 12,
    "teamId": 200,
    "championId": 4,
    "spell1": 7,
    "spell2": 4,
    "level": 30,
    "ipEarned": 89,
    "createDate": 1399030456928,
    "fellowPlayers": [
      {
        "summonerId": 26566212,
        "teamId": 100,
        "championId": 105
      },
      {
        "summonerId": 24497320,
        "teamId": 100,
        "championId": 103
      },
      {
        "summonerId": 19639416,
        "teamId": 100,
        "championId": 40
      },
      {
        "summonerId": 25206899,
        "teamId": 200,
        "championId": 96
      },
      {
        "summonerId": 24709204,
        "teamId": 200,
        "championId": 238
      },
      {
        "summonerId": 22056188,
        "teamId": 200,
        "championId": 51
      },
      {
        "summonerId": 31956451,
        "teamId": 100,
        "championId": 53
      },
      {
        "summonerId": 35477443,
        "teamId": 100,
        "championId": 120
      },
      {
        "summonerId": 24021418,
        "teamId": 200,
        "championId": 54
      }
    ],
    "stats": {
      "level": 18,
      "goldEarned": 17635,
      "numDeaths": 16,
      "minionsKilled": 76,
      "championsKilled": 17,
      "goldSpent": 17285,
      "totalDamageDealt": 115322,
      "totalDamageTaken": 38354,
      "killingSprees": 3,
      "largestKillingSpree": 3,
      "team": 200,
      "win": true,
      "largestMultiKill": 1,
      "physicalDamageDealtPlayer": 7648,
      "magicDamageDealtPlayer": 107674,
      "physicalDamageTaken": 9512,
      "magicDamageTaken": 27170,
      "timePlayed": 1943,
      "totalHeal": 5979,
      "totalUnitsHealed": 4,
      "assists": 45,
      "item0": 3135,
      "item1": 3128,
      "item2": 3157,
      "item3": 3089,
      "item4": 3020,
      "item5": 3102,
      "magicDamageDealtToChampions": 51020,
      "physicalDamageDealtToChampions": 1924,
      "totalDamageDealtToChampions": 52944,
      "trueDamageTaken": 1671,
      "totalTimeCrowdControlDealt": 216
    }
  },
  "19639416": {
    "gameId": 825973679,
    "invalid": false,
    "gameMode": "ARAM",
    "gameType": "MATCHED_GAME",
    "subType": "ARAM_UNRANKED_5x5",
    "mapId": 12,
    "teamId": 100,
    "championId": 40,
    "spell1": 4,
    "spell2": 21,
    "level": 30,
    "ipEarned": 59,
    "createDate": 1399030456922,
    "fellowPlayers": [
      {
        "summonerId": 26566212,
        "teamId": 100,
        "championId": 105
      },
      {
        "summonerId": 24497320,
        "teamId": 100,
        "championId": 103
      },
      {
        "summonerId": 25206899,
        "teamId": 200,
        "championId": 96
      },
      {
        "summonerId": 24709204,
        "teamId": 200,
        "championId": 238
      },
      {
        "summonerId": 22056188,
        "teamId": 200,
        "championId": 51
      },
      {
        "summonerId": 25464737,
        "teamId": 200,
        "championId": 4
      },
      {
        "summonerId": 31956451,
        "teamId": 100,
        "championId": 53
      },
      {
        "summonerId": 35477443,
        "teamId": 100,
        "championId": 120
      },
      {
        "summonerId": 24021418,
        "teamId": 200,
        "championId": 54
      }
    ],
    "stats": {
      "level": 18,
      "goldEarned": 16457,
      "numDeaths": 17,
      "minionsKilled": 67,
      "championsKilled": 6,
      "goldSpent": 15740,
      "totalDamageDealt": 79201,
      "totalDamageTaken": 38566,
      "doubleKills": 1,
      "killingSprees": 2,
      "largestKillingSpree": 3,
      "team": 100,
      "win": false,
      "largestMultiKill": 2,
      "physicalDamageDealtPlayer": 7635,
      "magicDamageDealtPlayer": 71566,
      "physicalDamageTaken": 20092,
      "magicDamageTaken": 17549,
      "timePlayed": 1943,
      "totalHeal": 19448,
      "totalUnitsHealed": 17,
      "assists": 43,
      "item0": 3174,
      "item1": 3157,
      "item2": 3089,
      "item3": 3256,
      "item4": 3060,
      "item5": 3136,
      "item6": 2052,
      "magicDamageDealtToChampions": 19882,
      "physicalDamageDealtToChampions": 1227,
      "totalDamageDealtToChampions": 21110,
      "trueDamageTaken": 925,
      "totalTimeCrowdControlDealt": 247
    }
  },
  "22056188": {
    "gameId": 825973679,
    "invalid": false,
    "gameMode": "ARAM",
    "gameType": "MATCHED_GAME",
    "subType": "ARAM_UNRANKED_5x5",
    "mapId": 12,
    "teamId": 200,
    "championId": 51,
    "spell1": 7,
    "spell2": 4,
    "level": 30,
    "ipEarned": 89,
    "createDate": 1399030456930,
    "fellowPlayers": [
      {
        "summonerId": 26566212,
        "teamId": 100,
        "championId": 105
      },
      {
        "summonerId": 24497320,
        "teamId": 100,
        "championId": 103
      },
      {
        "summonerId": 19639416,
        "teamId": 100,
        "championId": 40
      },
      {
        "summonerId": 25206899,
        "teamId": 200,
        "championId": 96
      },
      {
        "summonerId": 24709204,
        "teamId": 200,
        "championId": 238
      },
      {
        "summonerId": 25464737,
        "teamId": 200,
        "championId": 4
      },
      {
        "summonerId": 31956451,
        "teamId": 100,
        "championId": 53
      },
      {
        "summonerId": 35477443,
        "teamId": 100,
        "championId": 120
      },
      {
        "summonerId": 24021418,
        "teamId": 200,
        "championId": 54
      }
    ],
    "stats": {
      "level": 18,
      "goldEarned": 20031,
      "numDeaths": 10,
      "barracksKilled": 1,
      "turretsKilled": 1,
      "minionsKilled": 129,
      "championsKilled": 21,
      "goldSpent": 18265,
      "totalDamageDealt": 160397,
      "totalDamageTaken": 41142,
      "doubleKills": 4,
      "killingSprees": 5,
      "largestKillingSpree": 6,
      "team": 200,
      "win": true,
      "largestMultiKill": 2,
      "physicalDamageDealtPlayer": 154976,
      "magicDamageDealtPlayer": 5420,
      "physicalDamageTaken": 10541,
      "magicDamageTaken": 29993,
      "largestCriticalStrike": 1475,
      "timePlayed": 1943,
      "totalHeal": 7898,
      "totalUnitsHealed": 3,
      "assists": 48,
      "item0": 3046,
      "item1": 3085,
      "item2": 3181,
      "item3": 3031,
      "item4": 3252,
      "item5": 3035,
      "magicDamageDealtToChampions": 4929,
      "physicalDamageDealtToChampions": 53195,
      "totalDamageDealtToChampions": 58124,
      "trueDamageTaken": 607,
      "totalTimeCrowdControlDealt": 139
    }
  }
}