{
  "21213581": {
    "gameId": 825976302,
    "invalid": false,
    "gameMode": "CLASSIC",
    "gameType": "MATCHED_GAME",
    "subType": "RANKED_SOLO_5x5",
    "mapId": 1,
    "teamId": 200,
    "championId": 63,
    "spell1": 7,
    "spell2": 4,
    "level": 30,
    "ipEarned": 60,
    "createDate": 1399031207259,
    "fellowPlayers": [
      {
        "summonerId": 24362572,
        "teamId": 200,
        "championId": 412
      },
      {
        "summonerId": 30134957,
        "teamId": 200,
        "championId": 36
      },
      {
        "summonerId": 44683702,
        "teamId": 100,
        "championId": 53
      },
      {
        "summonerId": 25130893,
        "teamId": 200,
        "championId": 110
      },
      {
        "summonerId": 25881430,
        "teamId": 100,
        "championId": 266
      },
      {
        "summonerId": 24446531,
        "teamId": 100,
        "championId": 254
      },
      {
        "summonerId": 44683822,
        "teamId": 100,
        "championId": 29
      },
      {
        "summonerId": 28153756,
        "teamId": 100,
        "championId": 1
      },
      {
        "summonerId": 23647255,
        "teamId": 200,
        "championId": 19
      }
    ],
    "stats": {
      "level": 15,
      "goldEarned": 9480,
      "numDeaths": 12,
      "minionsKilled": 123,
      "championsKilled": 4,
      "goldSpent": 9570,
      "totalDamageDealt": 89014,
      "totalDamageTaken": 18781,
      "killingSprees": 1,
      "largestKillingSpree": 2,
      "team": 200,
      "win": false,
      "neutralMinionsKilled": 6,
      "largestMultiKill": 1,
      "physicalDamageDealtPlayer": 11215,
      "magicDamageDealtPlayer": 77618,
      "physicalDamageTaken": 12758,
      "magicDamageTaken": 5678,
      "timePlayed": 1900,
      "totalHeal": 1284,
      "totalUnitsHealed": 2,
      "assists": 8,
      "item0": 3089,
      "item1": 3136,
      "item2": 3174,
      "item3": 3020,
      "item4": 1052,
      "item6": 3340,
      "sightWardsBought": 1,
      "magicDamageDealtToChampions": 20349,
      "physicalDamageDealtToChampions": 349,
      "totalDamageDealtToChampions": 20758,
      "trueDamageDealtPlayer": 180,
      "trueDamageDealtToChampions": 60,
      "trueDamageTaken": 344,
      "wardPlaced": 7,
      "neutralMinionsKilledEnemyJungle": 1,
      "neutralMinionsKilledYourJungle": 5,
      "totalTimeCrowdControlDealt": 39
    }
  },
  "summonerCount": 10,
  "44683702": {
    "gameId": 825976302,
    "invalid": false,
    "gameMode": "CLASSIC",
    "gameType": "MATCHED_GAME",
    "subType": "RANKED_SOLO_5x5",
    "mapId": 1,
    "teamId": 100,
    "championId": 53,
    "spell1": 4,
    "spell2": 7,
    "level": 30,
    "ipEarned": 89,
    "createDate": 1399031207254,
    "fellowPlayers": [
      {
        "summonerId": 24362572,
        "teamId": 200,
        "championId": 412
      },
      {
        "summonerId": 30134957,
        "teamId": 200,
        "championId": 36
      },
      {
        "summonerId": 25130893,
        "teamId": 200,
        "championId": 110
      },
      {
        "summonerId": 25881430,
        "teamId": 100,
        "championId": 266
      },
      {
        "summonerId": 24446531,
        "teamId": 100,
        "championId": 254
      },
      {
        "summonerId": 21213581,
        "teamId": 200,
        "championId": 63
      },
      {
        "summonerId": 44683822,
        "teamId": 100,
        "championId": 29
      },
      {
        "summonerId": 28153756,
        "teamId": 100,
        "championId": 1
      },
      {
        "summonerId": 23647255,
        "teamId": 200,
        "championId": 19
      }
    ],
    "stats": {
      "level": 15,
      "goldEarned": 10852,
      "numDeaths": 9,
      "minionsKilled": 29,
      "championsKilled": 2,
      "goldSpent": 8760,
      "totalDamageDealt": 40183,
      "totalDamageTaken": 22594,
      "team": 100,
      "win": true,
      "neutralMinionsKilled": 1,
      "largestMultiKill": 1,
      "physicalDamageDealtPlayer": 10592,
      "magicDamageDealtPlayer": 29591,
      "physicalDamageTaken": 11139,
      "magicDamageTaken": 10930,
      "timePlayed": 1900,
      "totalHeal": 3335,
      "totalUnitsHealed": 4,
      "assists": 21,
      "item0": 3069,
      "item1": 3025,
      "item2": 2045,
      "item3": 3117,
      "item4": 2010,
      "item5": 1031,
      "item6": 3341,
      "sightWardsBought": 3,
      "magicDamageDealtToChampions": 7842,
      "physicalDamageDealtToChampions": 3580,
      "totalDamageDealtToChampions": 11423,
      "trueDamageTaken": 525,
      "wardKilled": 5,
      "wardPlaced": 20,
      "neutralMinionsKilledEnemyJungle": 1,
      "totalTimeCrowdControlDealt": 135
    }
  },
  "25130893": {
    "gameId": 825976302,
    "invalid": false,
    "gameMode": "CLASSIC",
    "gameType": "MATCHED_GAME",
    "subType": "RANKED_SOLO_5x5",
    "mapId": 1,
    "teamId": 200,
    "championId": 110,
    "spell1": 4,
    "spell2": 7,
    "level": 30,
    "ipEarned": 60,
    "createDate": 1399031207260,
    "fellowPlayers": [
      {
        "summonerId": 24362572,
        "teamId": 200,
        "championId": 412
      },
      {
        "summonerId": 30134957,
        "teamId": 200,
        "championId": 36
      },
      {
        "summonerId": 44683702,
        "teamId": 100,
        "championId": 53
      },
      {
        "summonerId": 25881430,
        "teamId": 100,
        "championId": 266
      },
      {
        "summonerId": 24446531,
        "teamId": 100,
        "championId": 254
      },
      {
        "summonerId": 21213581,
        "teamId": 200,
        "championId": 63
      },
      {
        "summonerId": 44683822,
        "teamId": 100,
        "championId": 29
      },
      {
        "summonerId": 28153756,
        "teamId": 100,
        "championId": 1
      },
      {
        "summonerId": 23647255,
        "teamId": 200,
        "championId": 19
      }
    ],
    "stats": {
      "level": 15,
      "goldEarned": 13487,
      "numDeaths": 13,
      "turretsKilled": 2,
      "minionsKilled": 135,
      "championsKilled": 12,
      "goldSpent": 13545,
      "totalDamageDealt": 120811,
      "totalDamageTaken": 27538,
      "doubleKills": 2,
      "killingSprees": 4,
      "largestKillingSpree": 3,
      "team": 200,
      "win": false,
      "neutralMinionsKilled": 18,
      "largestMultiKill": 2,
      "physicalDamageDealtPlayer": 111028,
      "magicDamageDealtPlayer": 9470,
      "physicalDamageTaken": 19779,
      "magicDamageTaken": 6362,
      "largestCriticalStrike": 648,
      "timePlayed": 1900,
      "totalHeal": 2757,
      "totalUnitsHealed": 3,
      "assists": 11,
      "item0": 3072,
      "item1": 3031,
      "item2": 3046,
      "item3": 3006,
      "item4": 3035,
      "item6": 3340,
      "magicDamageDealtToChampions": 3271,
      "physicalDamageDealtToChampions": 19470,
      "totalDamageDealtToChampions": 22933,
      "trueDamageDealtPlayer": 312,
      "trueDamageDealtToChampions": 192,
      "trueDamageTaken": 1396,
      "wardPlaced": 1,
      "neutralMinionsKilledYourJungle": 18,
      "totalTimeCrowdControlDealt": 301
    }
  },
  "28153756": {
    "gameId": 825976302,
    "invalid": false,
    "gameMode": "CLASSIC",
    "gameType": "MATCHED_GAME",
    "subType": "RANKED_SOLO_5x5",
    "mapId": 1,
    "teamId": 100,
    "championId": 1,
    "spell1": 4,
    "spell2": 14,
    "level": 30,
    "ipEarned": 89,
    "createDate": 1399031207250,
    "fellowPlayers": [
      {
        "summonerId": 24362572,
        "teamId": 200,
        "championId": 412
      },
      {
        "summonerId": 30134957,
        "teamId": 200,
        "championId": 36
      },
      {
        "summonerId": 44683702,
        "teamId": 100,
        "championId": 53
      },
      {
        "summonerId": 25130893,
        "teamId": 200,
        "championId": 110
      },
      {
        "summonerId": 25881430,
        "teamId": 100,
        "championId": 266
      },
      {
        "summonerId": 24446531,
        "teamId": 100,
        "championId": 254
      },
      {
        "summonerId": 21213581,
        "teamId": 200,
        "championId": 63
      },
      {
        "summonerId": 44683822,
        "teamId": 100,
        "championId": 29
      },
      {
        "summonerId": 23647255,
        "teamId": 200,
        "championId": 19
      }
    ],
    "stats": {
      "level": 17,
      "goldEarned": 13485,
      "numDeaths": 6,
      "turretsKilled": 1,
      "minionsKilled": 166,
      "championsKilled": 8,
      "goldSpent": 12070,
      "totalDamageDealt": 108571,
      "totalDamageTaken": 19667,
      "doubleKills": 1,
      "killingSprees": 3,
      "largestKillingSpree": 3,
      "team": 100,
      "win": true,
      "neutralMinionsKilled": 2,
      "largestMultiKill": 2,
      "physicalDamageDealtPlayer": 12495,
      "magicDamageDealtPlayer": 94572,
      "physicalDamageTaken": 7680,
      "magicDamageTaken": 11958,
      "timePlayed": 1900,
      "totalHeal": 997,
      "totalUnitsHealed": 1,
      "assists": 17,
      "item0": 3128,
      "item1": 3027,
      "item2": 3020,
      "item3": 3089,
      "item4": 3191,
      "item6": 3340,
      "magicDamageDealtToChampions": 25130,
      "physicalDamageDealtToChampions": 1365,
      "totalDamageDealtToChampions": 27505,
      "trueDamageDealtPlayer": 1504,
      "trueDamageDealtToChampions": 1010,
      "trueDamageTaken": 28,
      "wardPlaced": 5,
      "neutralMinionsKilledEnemyJungle": 1,
      "neutralMinionsKilledYourJungle": 1,
      "totalTimeCrowdControlDealt": 98
    }
  },
  "44683822": {
    "gameId": 825976302,
    "invalid": false,
    "gameMode": "CLASSIC",
    "gameType": "MATCHED_GAME",
    "subType": "RANKED_SOLO_5x5",
    "mapId": 1,
    "teamId": 100,
    "championId": 29,
    "spell1": 21,
    "spell2": 4,
    "level": 30,
    "ipEarned": 89,
    "createDate": 1399031207252,
    "fellowPlayers": [
      {
        "summonerId": 24362572,
        "teamId": 200,
        "championId": 412
      },
      {
        "summonerId": 30134957,
        "teamId": 200,
        "championId": 36
      },
      {
        "summonerId": 44683702,
        "teamId": 100,
        "championId": 53
      },
      {
        "summonerId": 25130893,
        "teamId": 200,
        "championId": 110
      },
      {
        "summonerId": 25881430,
        "teamId": 100,
        "championId": 266
      },
      {
        "summonerId": 24446531,
        "teamId": 100,
        "championId": 254
      },
      {
        "summonerId": 21213581,
        "teamId": 200,
        "championId": 63
      },
      {
        "summonerId": 28153756,
        "teamId": 100,
        "championId": 1
      },
      {
        "summonerId": 23647255,
        "teamId": 200,
        "championId": 19
      }
    ],
    "stats": {
      "level": 15,
      "goldEarned": 12040,
      "numDeaths": 11,
      "barracksKilled": 1,
      "turretsKilled": 2,
      "minionsKilled": 98,
      "championsKilled": 11,
      "goldSpent": 10270,
      "totalDamageDealt": 87671,
      "totalDamageTaken": 23004,
      "doubleKills": 1,
      "tripleKills": 1,
      "killingSprees": 1,
      "largestKillingSpree": 5,
      "team": 100,
      "win": true,
      "neutralMinionsKilled": 6,
      "largestMultiKill": 3,
      "physicalDamageDealtPlayer": 81356,
      "magicDamageDealtPlayer": 78,
      "physicalDamageTaken": 13123,
      "magicDamageTaken": 9607,
      "largestCriticalStrike": 472,
      "timePlayed": 1900,
      "totalHeal": 1729,
      "totalUnitsHealed": 1,
      "assists": 10,
      "item0": 3006,
      "item1": 3153,
      "item2": 3046,
      "item3": 3035,
      "item5": 1055,
      "item6": 3340,
      "magicDamageDealtToChampions": 78,
      "physicalDamageDealtToChampions": 17015,
      "totalDamageDealtToChampions": 20025,
      "trueDamageDealtPlayer": 6236,
      "trueDamageDealtToChampions": 2932,
      "trueDamageTaken": 274,
      "wardPlaced": 7,
      "neutralMinionsKilledEnemyJungle": 1,
      "neutralMinionsKilledYourJungle": 5,
      "totalTimeCrowdControlDealt": 229
    }
  },
  "24362572": {
    "gameId": 825976302,
    "invalid": false,
    "gameMode": "CLASSIC",
    "gameType": "MATCHED_GAME",
    "subType": "RANKED_SOLO_5x5",
    "mapId": 1,
    "teamId": 200,
    "championId": 412,
    "spell1": 3,
    "spell2": 4,
    "level": 30,
    "ipEarned": 60,
    "createDate": 1399031207257,
    "fellowPlayers": [
      {
        "summonerId": 30134957,
        "teamId": 200,
        "championId": 36
      },
      {
        "summonerId": 44683702,
        "teamId": 100,
        "championId": 53
      },
      {
        "summonerId": 25130893,
        "teamId": 200,
        "championId": 110
      },
      {
        "summonerId": 25881430,
        "teamId": 100,
        "championId": 266
      },
      {
        "summonerId": 24446531,
        "teamId": 100,
        "championId": 254
      },
      {
        "summonerId": 21213581,
        "teamId": 200,
        "championId": 63
      },
      {
        "summonerId": 44683822,
        "teamId": 100,
        "championId": 29
      },
      {
        "summonerId": 28153756,
        "teamId": 100,
        "championId": 1
      },
      {
        "summonerId": 23647255,
        "teamId": 200,
        "championId": 19
      }
    ],
    "stats": {
      "level": 14,
      "goldEarned": 9467,
      "numDeaths": 7,
      "minionsKilled": 12,
      "championsKilled": 2,
      "goldSpent": 9490,
      "totalDamageDealt": 28224,
      "totalDamageTaken": 27961,
      "team": 200,
      "win": false,
      "largestMultiKill": 1,
      "physicalDamageDealtPlayer": 7015,
      "magicDamageDealtPlayer": 21209,
      "physicalDamageTaken": 18173,
      "magicDamageTaken": 8560,
      "timePlayed": 1900,
      "totalHeal": 396,
      "totalUnitsHealed": 3,
      "assists": 22,
      "item0": 3401,
      "item1": 2045,
      "item2": 3068,
      "item3": 3270,
      "item4": 1028,
      "item6": 3341,
      "sightWardsBought": 2,
      "magicDamageDealtToChampions": 12821,
      "physicalDamageDealtToChampions": 2277,
      "totalDamageDealtToChampions": 15098,
      "trueDamageTaken": 1227,
      "wardKilled": 1,
      "wardPlaced": 31,
      "totalTimeCrowdControlDealt": 163
    }
  },
  "30134957": {
    "gameId": 825976302,
    "invalid": false,
    "gameMode": "CLASSIC",
    "gameType": "MATCHED_GAME",
    "subType": "RANKED_SOLO_5x5",
    "mapId": 1,
    "teamId": 200,
    "championId": 36,
    "spell1": 14,
    "spell2": 6,
    "level": 30,
    "ipEarned": 60,
    "createDate": 1399031207255,
    "fellowPlayers": [
      {
        "summonerId": 24362572,
        "teamId": 200,
        "championId": 412
      },
      {
        "summonerId": 44683702,
        "teamId": 100,
        "championId": 53
      },
      {
        "summonerId": 25130893,
        "teamId": 200,
        "championId": 110
      },
      {
        "summonerId": 25881430,
        "teamId": 100,
        "championId": 266
      },
      {
        "summonerId": 24446531,
        "teamId": 100,
        "championId": 254
      },
      {
        "summonerId": 21213581,
        "teamId": 200,
        "championId": 63
      },
      {
        "summonerId": 44683822,
        "teamId": 100,
        "championId": 29
      },
      {
        "summonerId": 28153756,
        "teamId": 100,
        "championId": 1
      },
      {
        "summonerId": 23647255,
        "teamId": 200,
        "championId": 19
      }
    ],
    "stats": {
      "level": 16,
      "goldEarned": 10740,
      "numDeaths": 6,
      "turretsKilled": 1,
      "minionsKilled": 159,
      "championsKilled": 5,
      "goldSpent": 10600,
      "totalDamageDealt": 82196,
      "totalDamageTaken": 26198,
      "killingSprees": 1,
      "largestKillingSpree": 2,
      "team": 200,
      "win": false,
      "neutralMinionsKilled": 5,
      "largestMultiKill": 1,
      "physicalDamageDealtPlayer": 25123,
      "magicDamageDealtPlayer": 56336,
      "physicalDamageTaken": 13907,
      "magicDamageTaken": 10797,
      "timePlayed": 1900,
      "totalHeal": 7563,
      "totalUnitsHealed": 1,
      "assists": 7,
      "item0": 3047,
      "item1": 3143,
      "item2": 3068,
      "item3": 3083,
      "item4": 1054,
      "item5": 1028,
      "item6": 3340,
      "magicDamageDealtToChampions": 10101,
      "physicalDamageDealtToChampions": 2263,
      "totalDamageDealtToChampions": 13101,
      "trueDamageDealtPlayer": 736,
      "trueDamageDealtToChampions": 736,
      "trueDamageTaken": 1494,
      "wardPlaced": 2,
      "neutralMinionsKilledEnemyJungle": 1,
      "neutralMinionsKilledYourJungle": 4,
      "totalTimeCrowdControlDealt": 278
    }
  },
  "23647255": {
    "gameId": 825976302,
    "invalid": false,
    "gameMode": "CLASSIC",
    "gameType": "MATCHED_GAME",
    "subType": "RANKED_SOLO_5x5",
    "mapId": 1,
    "teamId": 200,
    "championId": 19,
    "spell1": 11,
    "spell2": 4,
    "level": 30,
    "ipEarned": 60,
    "createDate": 1399031207256,
    "fellowPlayers": [
      {
        "summonerId": 24362572,
        "teamId": 200,
        "championId": 412
      },
      {
        "summonerId": 30134957,
        "teamId": 200,
        "championId": 36
      },
      {
        "summonerId": 44683702,
        "teamId": 100,
        "championId": 53
      },
      {
        "summonerId": 25130893,
        "teamId": 200,
        "championId": 110
      },
      {
        "summonerId": 25881430,
        "teamId": 100,
        "championId": 266
      },
      {
        "summonerId": 24446531,
        "teamId": 100,
        "championId": 254
      },
      {
        "summonerId": 21213581,
        "teamId": 200,
        "championId": 63
      },
      {
        "summonerId": 44683822,
        "teamId": 100,
        "championId": 29
      },
      {
        "summonerId": 28153756,
        "teamId": 100,
        "championId": 1
      }
    ],
    "stats": {
      "level": 14,
      "goldEarned": 10751,
      "numDeaths": 9,
      "minionsKilled": 56,
      "championsKilled": 10,
      "goldSpent": 10780,
      "totalDamageDealt": 98116,
      "totalDamageTaken": 36432,
      "doubleKills": 2,
      "killingSprees": 2,
      "largestKillingSpree": 7,
      "team": 200,
      "win": false,
      "neutralMinionsKilled": 53,
      "largestMultiKill": 2,
      "physicalDamageDealtPlayer": 58739,
      "magicDamageDealtPlayer": 25861,
      "physicalDamageTaken": 24584,
      "magicDamageTaken": 10115,
      "timePlayed": 1900,
      "totalHeal": 12742,
      "totalUnitsHealed": 1,
      "assists": 5,
      "item0": 3091,
      "item1": 3264,
      "item2": 3153,
      "item3": 3022,
      "item6": 3340,
      "magicDamageDealtToChampions": 9411,
      "physicalDamageDealtToChampions": 7921,
      "totalDamageDealtToChampions": 17649,
      "trueDamageDealtPlayer": 13516,
      "trueDamageDealtToChampions": 316,
      "trueDamageTaken": 1732,
      "wardPlaced": 4,
      "neutralMinionsKilledEnemyJungle": 3,
      "neutralMinionsKilledYourJungle": 50,
      "totalTimeCrowdControlDealt": 509
    }
  },
  "24446531": {
    "gameId": 825976302,
    "invalid": false,
    "gameMode": "CLASSIC",
    "gameType": "MATCHED_GAME",
    "subType": "RANKED_SOLO_5x5",
    "mapId": 1,
    "teamId": 100,
    "championId": 254,
    "spell1": 11,
    "spell2": 4,
    "level": 30,
    "ipEarned": 89,
    "createDate": 1399031207248,
    "fellowPlayers": [
      {
        "summonerId": 24362572,
        "teamId": 200,
        "championId": 412
      },
      {
        "summonerId": 30134957,
        "teamId": 200,
        "championId": 36
      },
      {
        "summonerId": 44683702,
        "teamId": 100,
        "championId": 53
      },
      {
        "summonerId": 25130893,
        "teamId": 200,
        "championId": 110
      },
      {
        "summonerId": 25881430,
        "teamId": 100,
        "championId": 266
      },
      {
        "summonerId": 21213581,
        "teamId": 200,
        "championId": 63
      },
      {
        "summonerId": 44683822,
        "teamId": 100,
        "championId": 29
      },
      {
        "summonerId": 28153756,
        "teamId": 100,
        "championId": 1
      },
      {
        "summonerId": 23647255,
        "teamId": 200,
        "championId": 19
      }
    ],
    "stats": {
      "level": 17,
      "goldEarned": 14254,
      "numDeaths": 2,
      "turretsKilled": 2,
      "minionsKilled": 64,
      "championsKilled": 14,
      "goldSpent": 12395,
      "totalDamageDealt": 152262,
      "totalDamageTaken": 24054,
      "doubleKills": 2,
      "killingSprees": 2,
      "largestKillingSpree": 7,
      "team": 100,
      "win": true,
      "neutralMinionsKilled": 73,
      "largestMultiKill": 2,
      "physicalDamageDealtPlayer": 135421,
      "magicDamageDealtPlayer": 1382,
      "physicalDamageTaken": 11810,
      "magicDamageTaken": 12018,
      "largestCriticalStrike": 592,
      "timePlayed": 1900,
      "totalHeal": 4191,
      "totalUnitsHealed": 1,
      "assists": 15,
      "item0": 3190,
      "item1": 3143,
      "item2": 3071,
      "item3": 3047,
      "item4": 3207,
      "item6": 3341,
      "magicDamageDealtToChampions": 8,
      "physicalDamageDealtToChampions": 19488,
      "totalDamageDealtToChampions": 19965,
      "trueDamageDealtPlayer": 15458,
      "trueDamageDealtToChampions": 468,
      "trueDamageTaken": 226,
      "wardKilled": 2,
      "neutralMinionsKilledEnemyJungle": 3,
      "neutralMinionsKilledYourJungle": 70,
      "totalTimeCrowdControlDealt": 873
    }
  },
  "21213581": {
    "gameId": 825976302,
    "invalid": false,
    "gameMode": "CLASSIC",
    "gameType": "MATCHED_GAME",
    "subType": "RANKED_SOLO_5x5",
    "mapId": 1,
    "teamId": 200,
    "championId": 63,
    "spell1": 7,
    "spell2": 4,
    "level": 30,
    "ipEarned": 60,
    "createDate": 1399031207259,
    "fellowPlayers": [
      {
        "summonerId": 24362572,
        "teamId": 200,
        "championId": 412
      },
      {
        "summonerId": 30134957,
        "teamId": 200,
        "championId": 36
      },
      {
        "summonerId": 44683702,
        "teamId": 100,
        "championId": 53
      },
      {
        "summonerId": 25130893,
        "teamId": 200,
        "championId": 110
      },
      {
        "summonerId": 25881430,
        "teamId": 100,
        "championId": 266
      },
      {
        "summonerId": 24446531,
        "teamId": 100,
        "championId": 254
      },
      {
        "summonerId": 44683822,
        "teamId": 100,
        "championId": 29
      },
      {
        "summonerId": 28153756,
        "teamId": 100,
        "championId": 1
      },
      {
        "summonerId": 23647255,
        "teamId": 200,
        "championId": 19
      }
    ],
    "stats": {
      "level": 15,
      "goldEarned": 9480,
      "numDeaths": 12,
      "minionsKilled": 123,
      "championsKilled": 4,
      "goldSpent": 9570,
      "totalDamageDealt": 89014,
      "totalDamageTaken": 18781,
      "killingSprees": 1,
      "largestKillingSpree": 2,
      "team": 200,
      "win": false,
      "neutralMinionsKilled": 6,
      "largestMultiKill": 1,
      "physicalDamageDealtPlayer": 11215,
      "magicDamageDealtPlayer": 77618,
      "physicalDamageTaken": 12758,
      "magicDamageTaken": 5678,
      "timePlayed": 1900,
      "totalHeal": 1284,
      "totalUnitsHealed": 2,
      "assists": 8,
      "item0": 3089,
      "item1": 3136,
      "item2": 3174,
      "item3": 3020,
      "item4": 1052,
      "item6": 3340,
      "sightWardsBought": 1,
      "magicDamageDealtToChampions": 20349,
      "physicalDamageDealtToChampions": 349,
      "totalDamageDealtToChampions": 20758,
      "trueDamageDealtPlayer": 180,
      "trueDamageDealtToChampions": 60,
      "trueDamageTaken": 344,
      "wardPlaced": 7,
      "neutralMinionsKilledEnemyJungle": 1,
      "neutralMinionsKilledYourJungle": 5,
      "totalTimeCrowdControlDealt": 39
    }
  }
}