{
  "32288187": {
    "gameId": 825976235,
    "invalid": false,
    "gameMode": "CLASSIC",
    "gameType": "MATCHED_GAME",
    "subType": "RANKED_SOLO_5x5",
    "mapId": 1,
    "teamId": 100,
    "championId": 76,
    "spell1": 4,
    "spell2": 14,
    "level": 30,
    "ipEarned": 117,
    "createDate": 1399032047031,
    "fellowPlayers": [
      {
        "summonerId": 43476196,
        "teamId": 100,
        "championId": 75
      },
      {
        "summonerId": 29774412,
        "teamId": 100,
        "championId": 117
      },
      {
        "summonerId": 21873406,
        "teamId": 200,
        "championId": 90
      },
      {
        "summonerId": 25250057,
        "teamId": 200,
        "championId": 80
      },
      {
        "summonerId": 35274312,
        "teamId": 100,
        "championId": 81
      },
      {
        "summonerId": 37967004,
        "teamId": 200,
        "championId": 236
      },
      {
        "summonerId": 26905844,
        "teamId": 100,
        "championId": 126
      },
      {
        "summonerId": 34378302,
        "teamId": 200,
        "championId": 64
      },
      {
        "summonerId": 39746231,
        "teamId": 200,
        "championId": 20
      }
    ],
    "stats": {
      "level": 18,
      "goldEarned": 13763,
      "numDeaths": 7,
      "barracksKilled": 1,
      "minionsKilled": 187,
      "championsKilled": 7,
      "goldSpent": 12525,
      "totalDamageDealt": 121043,
      "totalDamageTaken": 31750,
      "doubleKills": 1,
      "killingSprees": 3,
      "largestKillingSpree": 2,
      "team": 100,
      "win": true,
      "neutralMinionsKilled": 1,
      "largestMultiKill": 2,
      "physicalDamageDealtPlayer": 35604,
      "magicDamageDealtPlayer": 84778,
      "physicalDamageTaken": 22148,
      "magicDamageTaken": 8645,
      "timePlayed": 2605,
      "totalHeal": 19614,
      "totalUnitsHealed": 5,
      "assists": 7,
      "item0": 3020,
      "item1": 3089,
      "item2": 3174,
      "item3": 3135,
      "item4": 1058,
      "item5": 3191,
      "item6": 3340,
      "magicDamageDealtToChampions": 20903,
      "physicalDamageDealtToChampions": 2663,
      "totalDamageDealtToChampions": 24226,
      "trueDamageDealtPlayer": 660,
      "trueDamageDealtToChampions": 660,
      "trueDamageTaken": 956,
      "wardKilled": 1,
      "wardPlaced": 4,
      "neutralMinionsKilledYourJungle": 1,
      "totalTimeCrowdControlDealt": 32
    }
  },
  "summonerCount": 10,
  "37967004": {
    "gameId": 825976235,
    "invalid": false,
    "gameMode": "CLASSIC",
    "gameType": "MATCHED_GAME",
    "subType": "RANKED_SOLO_5x5",
    "mapId": 1,
    "teamId": 200,
    "championId": 236,
    "spell1": 4,
    "spell2": 7,
    "level": 30,
    "ipEarned": 77,
    "createDate": 1399032047039,
    "fellowPlayers": [
      {
        "summonerId": 43476196,
        "teamId": 100,
        "championId": 75
      },
      {
        "summonerId": 29774412,
        "teamId": 100,
        "championId": 117
      },
      {
        "summonerId": 21873406,
        "teamId": 200,
        "championId": 90
      },
      {
        "summonerId": 25250057,
        "teamId": 200,
        "championId": 80
      },
      {
        "summonerId": 35274312,
        "teamId": 100,
        "championId": 81
      },
      {
        "summonerId": 26905844,
        "teamId": 100,
        "championId": 126
      },
      {
        "summonerId": 34378302,
        "teamId": 200,
        "championId": 64
      },
      {
        "summonerId": 32288187,
        "teamId": 100,
        "championId": 76
      },
      {
        "summonerId": 39746231,
        "teamId": 200,
        "championId": 20
      }
    ],
    "stats": {
      "level": 18,
      "goldEarned": 16081,
      "numDeaths": 8,
      "turretsKilled": 1,
      "minionsKilled": 234,
      "championsKilled": 11,
      "goldSpent": 16038,
      "totalDamageDealt": 235397,
      "totalDamageTaken": 40224,
      "doubleKills": 1,
      "killingSprees": 3,
      "largestKillingSpree": 4,
      "team": 200,
      "win": false,
      "neutralMinionsKilled": 29,
      "largestMultiKill": 2,
      "physicalDamageDealtPlayer": 209341,
      "magicDamageDealtPlayer": 26055,
      "physicalDamageTaken": 29279,
      "magicDamageTaken": 10144,
      "largestCriticalStrike": 745,
      "timePlayed": 2605,
      "totalHeal": 5332,
      "totalUnitsHealed": 3,
      "assists": 5,
      "item0": 3035,
      "item1": 3072,
      "item2": 3078,
      "item3": 3250,
      "item4": 3026,
      "item5": 1038,
      "item6": 3361,
      "magicDamageDealtToChampions": 3857,
      "physicalDamageDealtToChampions": 33446,
      "totalDamageDealtToChampions": 37303,
      "trueDamageTaken": 800,
      "wardKilled": 1,
      "wardPlaced": 8,
      "neutralMinionsKilledEnemyJungle": 4,
      "neutralMinionsKilledYourJungle": 25
    }
  },
  "21873406": {
    "gameId": 825976235,
    "invalid": false,
    "gameMode": "CLASSIC",
    "gameType": "MATCHED_GAME",
    "subType": "RANKED_SOLO_5x5",
    "mapId": 1,
    "teamId": 200,
    "championId": 90,
    "spell1": 14,
    "spell2": 4,
    "level": 30,
    "ipEarned": 77,
    "createDate": 1399032047040,
    "fellowPlayers": [
      {
        "summonerId": 43476196,
        "teamId": 100,
        "championId": 75
      },
      {
        "summonerId": 29774412,
        "teamId": 100,
        "championId": 117
      },
      {
        "summonerId": 25250057,
        "teamId": 200,
        "championId": 80
      },
      {
        "summonerId": 35274312,
        "teamId": 100,
        "championId": 81
      },
      {
        "summonerId": 37967004,
        "teamId": 200,
        "championId": 236
      },
      {
        "summonerId": 26905844,
        "teamId": 100,
        "championId": 126
      },
      {
        "summonerId": 34378302,
        "teamId": 200,
        "championId": 64
      },
      {
        "summonerId": 32288187,
        "teamId": 100,
        "championId": 76
      },
      {
        "summonerId": 39746231,
        "teamId": 200,
        "championId": 20
      }
    ],
    "stats": {
      "level": 18,
      "goldEarned": 14667,
      "numDeaths": 8,
      "turretsKilled": 3,
      "minionsKilled": 214,
      "championsKilled": 10,
      "goldSpent": 13225,
      "totalDamageDealt": 148436,
      "totalDamageTaken": 29684,
      "doubleKills": 1,
      "killingSprees": 3,
      "largestKillingSpree": 3,
      "team": 200,
      "win": false,
      "neutralMinionsKilled": 3,
      "largestMultiKill": 2,
      "physicalDamageDealtPlayer": 29762,
      "magicDamageDealtPlayer": 117173,
      "physicalDamageTaken": 16037,
      "magicDamageTaken": 13078,
      "timePlayed": 2605,
      "totalHeal": 791,
      "totalUnitsHealed": 1,
      "assists": 6,
      "item0": 3027,
      "item1": 3158,
      "item2": 3151,
      "item3": 3089,
      "item4": 3135,
      "item5": 1026,
      "item6": 3340,
      "magicDamageDealtToChampions": 37253,
      "physicalDamageDealtToChampions": 5111,
      "totalDamageDealtToChampions": 43830,
      "trueDamageDealtPlayer": 1500,
      "trueDamageDealtToChampions": 1466,
      "trueDamageTaken": 568,
      "wardPlaced": 2,
      "neutralMinionsKilledEnemyJungle": 3,
      "totalTimeCrowdControlDealt": 94
    }
  },
  "34378302": {
    "gameId": 825976235,
    "invalid": false,
    "gameMode": "CLASSIC",
    "gameType": "MATCHED_GAME",
    "subType": "RANKED_SOLO_5x5",
    "mapId": 1,
    "teamId": 200,
    "championId": 64,
    "spell1": 4,
    "spell2": 14,
    "level": 30,
    "ipEarned": 77,
    "createDate": 1399032047038,
    "fellowPlayers": [
      {
        "summonerId": 43476196,
        "teamId": 100,
        "championId": 75
      },
      {
        "summonerId": 29774412,
        "teamId": 100,
        "championId": 117
      },
      {
        "summonerId": 21873406,
        "teamId": 200,
        "championId": 90
      },
      {
        "summonerId": 25250057,
        "teamId": 200,
        "championId": 80
      },
      {
        "summonerId": 35274312,
        "teamId": 100,
        "championId": 81
      },
      {
        "summonerId": 37967004,
        "teamId": 200,
        "championId": 236
      },
      {
        "summonerId": 26905844,
        "teamId": 100,
        "championId": 126
      },
      {
        "summonerId": 32288187,
        "teamId": 100,
        "championId": 76
      },
      {
        "summonerId": 39746231,
        "teamId": 200,
        "championId": 20
      }
    ],
    "stats": {
      "level": 18,
      "goldEarned": 14374,
      "numDeaths": 13,
      "minionsKilled": 164,
      "championsKilled": 8,
      "goldSpent": 14350,
      "totalDamageDealt": 169040,
      "totalDamageTaken": 45930,
      "killingSprees": 2,
      "largestKillingSpree": 2,
      "team": 200,
      "win": false,
      "neutralMinionsKilled": 26,
      "largestMultiKill": 1,
      "physicalDamageDealtPlayer": 128315,
      "magicDamageDealtPlayer": 38196,
      "physicalDamageTaken": 27371,
      "magicDamageTaken": 16762,
      "timePlayed": 2605,
      "totalHeal": 2097,
      "totalUnitsHealed": 1,
      "assists": 13,
      "item0": 3111,
      "item1": 3074,
      "item2": 3143,
      "item3": 3035,
      "item4": 1011,
      "item5": 3083,
      "item6": 3340,
      "magicDamageDealtToChampions": 5634,
      "physicalDamageDealtToChampions": 34690,
      "totalDamageDealtToChampions": 42341,
      "trueDamageDealtPlayer": 2528,
      "trueDamageDealtToChampions": 2016,
      "trueDamageTaken": 1795,
      "wardPlaced": 9,
      "neutralMinionsKilledEnemyJungle": 15,
      "neutralMinionsKilledYourJungle": 11,
      "totalTimeCrowdControlDealt": 509
    }
  },
  "29774412": {
    "gameId": 825976235,
    "invalid": false,
    "gameMode": "CLASSIC",
    "gameType": "MATCHED_GAME",
    "subType": "RANKED_SOLO_5x5",
    "mapId": 1,
    "teamId": 100,
    "championId": 117,
    "spell1": 4,
    "spell2": 3,
    "level": 30,
    "ipEarned": 267,
    "createDate": 1399032047034,
    "fellowPlayers": [
      {
        "summonerId": 43476196,
        "teamId": 100,
        "championId": 75
      },
      {
        "summonerId": 21873406,
        "teamId": 200,
        "championId": 90
      },
      {
        "summonerId": 25250057,
        "teamId": 200,
        "championId": 80
      },
      {
        "summonerId": 35274312,
        "teamId": 100,
        "championId": 81
      },
      {
        "summonerId": 37967004,
        "teamId": 200,
        "championId": 236
      },
      {
        "summonerId": 26905844,
        "teamId": 100,
        "championId": 126
      },
      {
        "summonerId": 34378302,
        "teamId": 200,
        "championId": 64
      },
      {
        "summonerId": 32288187,
        "teamId": 100,
        "championId": 76
      },
      {
        "summonerId": 39746231,
        "teamId": 200,
        "championId": 20
      }
    ],
    "stats": {
      "level": 17,
      "goldEarned": 14486,
      "numDeaths": 9,
      "minionsKilled": 26,
      "championsKilled": 2,
      "goldSpent": 12560,
      "totalDamageDealt": 46071,
      "totalDamageTaken": 33362,
      "team": 100,
      "win": true,
      "largestMultiKill": 1,
      "physicalDamageDealtPlayer": 10164,
      "magicDamageDealtPlayer": 35906,
      "physicalDamageTaken": 22956,
      "magicDamageTaken": 9977,
      "timePlayed": 2605,
      "totalHeal": 1036,
      "totalUnitsHealed": 1,
      "assists": 18,
      "item0": 3113,
      "item1": 2045,
      "item2": 3222,
      "item3": 3190,
      "item4": 3117,
      "item5": 3165,
      "item6": 3341,
      "sightWardsBought": 5,
      "magicDamageDealtToChampions": 12098,
      "physicalDamageDealtToChampions": 5816,
      "totalDamageDealtToChampions": 17915,
      "trueDamageTaken": 428,
      "wardKilled": 1,
      "wardPlaced": 25,
      "totalTimeCrowdControlDealt": 535
    }
  },
  "25250057": {
    "gameId": 825976235,
    "invalid": false,
    "gameMode": "CLASSIC",
    "gameType": "MATCHED_GAME",
    "subType": "RANKED_SOLO_5x5",
    "mapId": 1,
    "teamId": 200,
    "championId": 80,
    "spell1": 11,
    "spell2": 4,
    "level": 30,
    "ipEarned": 77,
    "createDate": 1399032047043,
    "fellowPlayers": [
      {
        "summonerId": 43476196,
        "teamId": 100,
        "championId": 75
      },
      {
        "summonerId": 29774412,
        "teamId": 100,
        "championId": 117
      },
      {
        "summonerId": 21873406,
        "teamId": 200,
        "championId": 90
      },
      {
        "summonerId": 35274312,
        "teamId": 100,
        "championId": 81
      },
      {
        "summonerId": 37967004,
        "teamId": 200,
        "championId": 236
      },
      {
        "summonerId": 26905844,
        "teamId": 100,
        "championId": 126
      },
      {
        "summonerId": 34378302,
        "teamId": 200,
        "championId": 64
      },
      {
        "summonerId": 32288187,
        "teamId": 100,
        "championId": 76
      },
      {
        "summonerId": 39746231,
        "teamId": 200,
        "championId": 20
      }
    ],
    "stats": {
      "level": 17,
      "goldEarned": 11834,
      "numDeaths": 9,
      "minionsKilled": 55,
      "championsKilled": 5,
      "goldSpent": 11230,
      "totalDamageDealt": 158843,
      "totalDamageTaken": 37601,
      "killingSprees": 1,
      "largestKillingSpree": 3,
      "team": 200,
      "win": false,
      "neutralMinionsKilled": 79,
      "largestMultiKill": 1,
      "physicalDamageDealtPlayer": 120678,
      "magicDamageDealtPlayer": 26094,
      "physicalDamageTaken": 26313,
      "magicDamageTaken": 10375,
      "largestCriticalStrike": 818,
      "timePlayed": 2605,
      "totalHeal": 3608,
      "totalUnitsHealed": 1,
      "assists": 6,
      "item0": 3154,
      "item1": 3082,
      "item2": 3074,
      "item3": 3022,
      "item4": 3117,
      "item6": 3341,
      "magicDamageDealtToChampions": 4132,
      "physicalDamageDealtToChampions": 19886,
      "totalDamageDealtToChampions": 24018,
      "trueDamageDealtPlayer": 12070,
      "trueDamageTaken": 912,
      "wardKilled": 2,
      "wardPlaced": 5,
      "neutralMinionsKilledEnemyJungle": 3,
      "neutralMinionsKilledYourJungle": 76,
      "totalTimeCrowdControlDealt": 636
    }
  },
  "43476196": {
    "gameId": 825976235,
    "invalid": false,
    "gameMode": "CLASSIC",
    "gameType": "MATCHED_GAME",
    "subType": "RANKED_SOLO_5x5",
    "mapId": 1,
    "teamId": 100,
    "championId": 75,
    "spell1": 11,
    "spell2": 4,
    "level": 30,
    "ipEarned": 117,
    "createDate": 1399032047032,
    "fellowPlayers": [
      {
        "summonerId": 29774412,
        "teamId": 100,
        "championId": 117
      },
      {
        "summonerId": 21873406,
        "teamId": 200,
        "championId": 90
      },
      {
        "summonerId": 25250057,
        "teamId": 200,
        "championId": 80
      },
      {
        "summonerId": 35274312,
        "teamId": 100,
        "championId": 81
      },
      {
        "summonerId": 37967004,
        "teamId": 200,
        "championId": 236
      },
      {
        "summonerId": 26905844,
        "teamId": 100,
        "championId": 126
      },
      {
        "summonerId": 34378302,
        "teamId": 200,
        "championId": 64
      },
      {
        "summonerId": 32288187,
        "teamId": 100,
        "championId": 76
      },
      {
        "summonerId": 39746231,
        "teamId": 200,
        "championId": 20
      }
    ],
    "stats": {
      "level": 18,
      "goldEarned": 16179,
      "numDeaths": 7,
      "turretsKilled": 1,
      "minionsKilled": 167,
      "championsKilled": 6,
      "goldSpent": 13675,
      "totalDamageDealt": 266122,
      "totalDamageTaken": 66141,
      "doubleKills": 2,
      "killingSprees": 2,
      "largestKillingSpree": 3,
      "team": 100,
      "win": true,
      "neutralMinionsKilled": 82,
      "largestMultiKill": 2,
      "physicalDamageDealtPlayer": 189806,
      "magicDamageDealtPlayer": 57834,
      "physicalDamageTaken": 46863,
      "magicDamageTaken": 18314,
      "largestCriticalStrike": 1761,
      "timePlayed": 2605,
      "totalHeal": 9145,
      "totalUnitsHealed": 1,
      "assists": 7,
      "item0": 3074,
      "item1": 3065,
      "item2": 3083,
      "item3": 3270,
      "item4": 3207,
      "item5": 3086,
      "item6": 3341,
      "visionWardsBought": 1,
      "magicDamageDealtToChampions": 9662,
      "physicalDamageDealtToChampions": 12991,
      "totalDamageDealtToChampions": 23498,
      "trueDamageDealtPlayer": 18482,
      "trueDamageDealtToChampions": 844,
      "trueDamageTaken": 964,
      "wardPlaced": 1,
      "neutralMinionsKilledEnemyJungle": 13,
      "neutralMinionsKilledYourJungle": 69,
      "totalTimeCrowdControlDealt": 1031
    }
  },
  "26905844": {
    "gameId": 825976235,
    "invalid": false,
    "gameMode": "CLASSIC",
    "gameType": "MATCHED_GAME",
    "subType": "RANKED_SOLO_5x5",
    "mapId": 1,
    "teamId": 100,
    "championId": 126,
    "spell1": 4,
    "spell2": 14,
    "level": 30,
    "ipEarned": 267,
    "createDate": 1399032047035,
    "fellowPlayers": [
      {
        "summonerId": 43476196,
        "teamId": 100,
        "championId": 75
      },
      {
        "summonerId": 29774412,
        "teamId": 100,
        "championId": 117
      },
      {
        "summonerId": 21873406,
        "teamId": 200,
        "championId": 90
      },
      {
        "summonerId": 25250057,
        "teamId": 200,
        "championId": 80
      },
      {
        "summonerId": 35274312,
        "teamId": 100,
        "championId": 81
      },
      {
        "summonerId": 37967004,
        "teamId": 200,
        "championId": 236
      },
      {
        "summonerId": 34378302,
        "teamId": 200,
        "championId": 64
      },
      {
        "summonerId": 32288187,
        "teamId": 100,
        "championId": 76
      },
      {
        "summonerId": 39746231,
        "teamId": 200,
        "championId": 20
      }
    ],
    "stats": {
      "level": 18,
      "goldEarned": 17990,
      "numDeaths": 12,
      "barracksKilled": 1,
      "turretsKilled": 2,
      "minionsKilled": 126,
      "championsKilled": 22,
      "goldSpent": 13990,
      "totalDamageDealt": 164131,
      "totalDamageTaken": 45205,
      "doubleKills": 4,
      "killingSprees": 4,
      "largestKillingSpree": 6,
      "team": 100,
      "win": true,
      "neutralMinionsKilled": 19,
      "largestMultiKill": 2,
      "physicalDamageDealtPlayer": 143561,
      "magicDamageDealtPlayer": 18893,
      "physicalDamageTaken": 26671,
      "magicDamageTaken": 17775,
      "largestCriticalStrike": 906,
      "timePlayed": 2605,
      "totalHeal": 3611,
      "totalUnitsHealed": 1,
      "assists": 6,
      "item0": 1055,
      "item1": 3071,
      "item2": 3250,
      "item3": 3035,
      "item4": 3031,
      "item5": 3083,
      "item6": 3340,
      "magicDamageDealtToChampions": 7987,
      "physicalDamageDealtToChampions": 39859,
      "totalDamageDealtToChampions": 49234,
      "trueDamageDealtPlayer": 1676,
      "trueDamageDealtToChampions": 1388,
      "trueDamageTaken": 758,
      "wardPlaced": 8,
      "neutralMinionsKilledEnemyJungle": 7,
      "neutralMinionsKilledYourJungle": 12,
      "totalTimeCrowdControlDealt": 295
    }
  },
  "39746231": {
    "gameId": 825976235,
    "invalid": false,
    "gameMode": "CLASSIC",
    "gameType": "MATCHED_GAME",
    "subType": "RANKED_SOLO_5x5",
    "mapId": 1,
    "teamId": 200,
    "championId": 20,
    "spell1": 3,
    "spell2": 4,
    "level": 30,
    "ipEarned": 77,
    "createDate": 1399032047042,
    "fellowPlayers": [
      {
        "summonerId": 43476196,
        "teamId": 100,
        "championId": 75
      },
      {
        "summonerId": 29774412,
        "teamId": 100,
        "championId": 117
      },
      {
        "summonerId": 21873406,
        "teamId": 200,
        "championId": 90
      },
      {
        "summonerId": 25250057,
        "teamId": 200,
        "championId": 80
      },
      {
        "summonerId": 35274312,
        "teamId": 100,
        "championId": 81
      },
      {
        "summonerId": 37967004,
        "teamId": 200,
        "championId": 236
      },
      {
        "summonerId": 26905844,
        "teamId": 100,
        "championId": 126
      },
      {
        "summonerId": 34378302,
        "teamId": 200,
        "championId": 64
      },
      {
        "summonerId": 32288187,
        "teamId": 100,
        "championId": 76
      }
    ],
    "stats": {
      "level": 16,
      "goldEarned": 9849,
      "numDeaths": 6,
      "minionsKilled": 42,
      "championsKilled": 4,
      "goldSpent": 9370,
      "totalDamageDealt": 47911,
      "totalDamageTaken": 26960,
      "killingSprees": 1,
      "largestKillingSpree": 3,
      "team": 200,
      "win": false,
      "neutralMinionsKilled": 4,
      "largestMultiKill": 1,
      "physicalDamageDealtPlayer": 9887,
      "magicDamageDealtPlayer": 24921,
      "physicalDamageTaken": 19431,
      "magicDamageTaken": 7380,
      "timePlayed": 2605,
      "totalHeal": 3120,
      "totalUnitsHealed": 1,
      "assists": 7,
      "item0": 3301,
      "item1": 3274,
      "item2": 3068,
      "item3": 1026,
      "item4": 1058,
      "item5": 2003,
      "item6": 3340,
      "sightWardsBought": 24,
      "visionWardsBought": 4,
      "magicDamageDealtToChampions": 12093,
      "physicalDamageDealtToChampions": 1336,
      "totalDamageDealtToChampions": 13429,
      "trueDamageDealtPlayer": 13102,
      "trueDamageTaken": 148,
      "wardPlaced": 42,
      "neutralMinionsKilledYourJungle": 4,
      "totalTimeCrowdControlDealt": 471
    }
  },
  "35274312": {
    "gameId": 825976235,
    "invalid": false,
    "gameMode": "CLASSIC",
    "gameType": "MATCHED_GAME",
    "subType": "RANKED_SOLO_5x5",
    "mapId": 1,
    "teamId": 100,
    "championId": 81,
    "spell1": 7,
    "spell2": 4,
    "level": 30,
    "ipEarned": 117,
    "createDate": 1399032047037,
    "fellowPlayers": [
      {
        "summonerId": 43476196,
        "teamId": 100,
        "championId": 75
      },
      {
        "summonerId": 29774412,
        "teamId": 100,
        "championId": 117
      },
      {
        "summonerId": 21873406,
        "teamId": 200,
        "championId": 90
      },
      {
        "summonerId": 25250057,
        "teamId": 200,
        "championId": 80
      },
      {
        "summonerId": 37967004,
        "teamId": 200,
        "championId": 236
      },
      {
        "summonerId": 26905844,
        "teamId": 100,
        "championId": 126
      },
      {
        "summonerId": 34378302,
        "teamId": 200,
        "championId": 64
      },
      {
        "summonerId": 32288187,
        "teamId": 100,
        "championId": 76
      },
      {
        "summonerId": 39746231,
        "teamId": 200,
        "championId": 20
      }
    ],
    "stats": {
      "level": 18,
      "goldEarned": 17346,
      "numDeaths": 3,
      "barracksKilled": 1,
      "turretsKilled": 4,
      "minionsKilled": 262,
      "championsKilled": 7,
      "goldSpent": 16463,
      "totalDamageDealt": 239445,
      "totalDamageTaken": 32411,
      "doubleKills": 1,
      "killingSprees": 2,
      "largestKillingSpree": 3,
      "team": 100,
      "win": true,
      "neutralMinionsKilled": 34,
      "largestMultiKill": 2,
      "physicalDamageDealtPlayer": 202567,
      "magicDamageDealtPlayer": 34720,
      "physicalDamageTaken": 23296,
      "magicDamageTaken": 8258,
      "largestCriticalStrike": 761,
      "timePlayed": 2605,
      "totalHeal": 5134,
      "totalUnitsHealed": 3,
      "assists": 13,
      "item0": 3006,
      "item1": 3078,
      "item2": 3072,
      "item3": 3035,
      "item4": 1018,
      "item5": 3026,
      "item6": 3340,
      "magicDamageDealtToChampions": 7089,
      "physicalDamageDealtToChampions": 21796,
      "totalDamageDealtToChampions": 29182,
      "trueDamageDealtPlayer": 2158,
      "trueDamageDealtToChampions": 296,
      "trueDamageTaken": 856,
      "wardKilled": 2,
      "wardPlaced": 8,
      "neutralMinionsKilledEnemyJungle": 10,
      "neutralMinionsKilledYourJungle": 24,
      "totalTimeCrowdControlDealt": 305
    }
  }
}