{
  "33415231": {
    "gameId": 825976515,
    "invalid": false,
    "gameMode": "CLASSIC",
    "gameType": "MATCHED_GAME",
    "subType": "RANKED_SOLO_5x5",
    "mapId": 1,
    "teamId": 100,
    "championId": 56,
    "spell1": 4,
    "spell2": 11,
    "level": 30,
    "ipEarned": 85,
    "createDate": 1399031139459,
    "fellowPlayers": [
      {
        "summonerId": 29224214,
        "teamId": 100,
        "championId": 58
      },
      {
        "summonerId": 33057637,
        "teamId": 200,
        "championId": 89
      },
      {
        "summonerId": 24500787,
        "teamId": 200,
        "championId": 236
      },
      {
        "summonerId": 36553642,
        "teamId": 100,
        "championId": 126
      },
      {
        "summonerId": 34848860,
        "teamId": 100,
        "championId": 9
      },
      {
        "summonerId": 27324723,
        "teamId": 200,
        "championId": 254
      },
      {
        "summonerId": 36073566,
        "teamId": 100,
        "championId": 81
      },
      {
        "summonerId": 27884345,
        "teamId": 200,
        "championId": 115
      },
      {
        "summonerId": 28620363,
        "teamId": 200,
        "championId": 157
      }
    ],
    "stats": {
      "level": 16,
      "goldEarned": 12148,
      "numDeaths": 2,
      "minionsKilled": 34,
      "championsKilled": 9,
      "goldSpent": 11673,
      "totalDamageDealt": 167356,
      "totalDamageTaken": 25150,
      "doubleKills": 2,
      "tripleKills": 1,
      "killingSprees": 2,
      "largestKillingSpree": 7,
      "team": 100,
      "win": true,
      "neutralMinionsKilled": 98,
      "largestMultiKill": 3,
      "physicalDamageDealtPlayer": 121511,
      "magicDamageDealtPlayer": 33679,
      "physicalDamageTaken": 20181,
      "magicDamageTaken": 4203,
      "largestCriticalStrike": 317,
      "timePlayed": 1789,
      "totalHeal": 8396,
      "totalUnitsHealed": 1,
      "assists": 6,
      "item0": 3160,
      "item1": 3153,
      "item2": 3006,
      "item3": 1031,
      "item4": 3078,
      "item5": 1011,
      "item6": 3340,
      "magicDamageDealtToChampions": 2084,
      "physicalDamageDealtToChampions": 13039,
      "totalDamageDealtToChampions": 15473,
      "trueDamageDealtPlayer": 12166,
      "trueDamageDealtToChampions": 350,
      "trueDamageTaken": 764,
      "wardPlaced": 5,
      "neutralMinionsKilledEnemyJungle": 10,
      "neutralMinionsKilledYourJungle": 88,
      "totalTimeCrowdControlDealt": 433
    }
  },
  "summonerCount": 10,
  "33057637": {
    "gameId": 825976515,
    "invalid": false,
    "gameMode": "CLASSIC",
    "gameType": "MATCHED_GAME",
    "subType": "RANKED_SOLO_5x5",
    "mapId": 1,
    "teamId": 200,
    "championId": 89,
    "spell1": 3,
    "spell2": 4,
    "level": 30,
    "ipEarned": 57,
    "createDate": 1399031139466,
    "fellowPlayers": [
      {
        "summonerId": 29224214,
        "teamId": 100,
        "championId": 58
      },
      {
        "summonerId": 24500787,
        "teamId": 200,
        "championId": 236
      },
      {
        "summonerId": 36553642,
        "teamId": 100,
        "championId": 126
      },
      {
        "summonerId": 34848860,
        "teamId": 100,
        "championId": 9
      },
      {
        "summonerId": 27324723,
        "teamId": 200,
        "championId": 254
      },
      {
        "summonerId": 36073566,
        "teamId": 100,
        "championId": 81
      },
      {
        "summonerId": 33415231,
        "teamId": 100,
        "championId": 56
      },
      {
        "summonerId": 27884345,
        "teamId": 200,
        "championId": 115
      },
      {
        "summonerId": 28620363,
        "teamId": 200,
        "championId": 157
      }
    ],
    "stats": {
      "level": 12,
      "goldEarned": 6221,
      "numDeaths": 2,
      "minionsKilled": 23,
      "championsKilled": 2,
      "goldSpent": 5400,
      "totalDamageDealt": 16018,
      "totalDamageTaken": 17390,
      "killingSprees": 1,
      "largestKillingSpree": 2,
      "team": 200,
      "win": false,
      "largestMultiKill": 1,
      "physicalDamageDealtPlayer": 4440,
      "magicDamageDealtPlayer": 10122,
      "physicalDamageTaken": 10869,
      "magicDamageTaken": 6133,
      "timePlayed": 1789,
      "totalHeal": 963,
      "totalUnitsHealed": 2,
      "assists": 5,
      "item0": 2045,
      "item1": 3401,
      "item3": 2010,
      "item4": 1001,
      "item5": 3067,
      "item6": 3341,
      "sightWardsBought": 1,
      "magicDamageDealtToChampions": 4476,
      "physicalDamageDealtToChampions": 1604,
      "totalDamageDealtToChampions": 6081,
      "trueDamageDealtPlayer": 1455,
      "trueDamageTaken": 388,
      "wardPlaced": 16,
      "totalTimeCrowdControlDealt": 48
    }
  },
  "29224214": {
    "gameId": 825976515,
    "invalid": false,
    "gameMode": "CLASSIC",
    "gameType": "MATCHED_GAME",
    "subType": "RANKED_SOLO_5x5",
    "mapId": 1,
    "teamId": 100,
    "championId": 58,
    "spell1": 14,
    "spell2": 4,
    "level": 30,
    "ipEarned": 235,
    "createDate": 1399031139455,
    "fellowPlayers": [
      {
        "summonerId": 33057637,
        "teamId": 200,
        "championId": 89
      },
      {
        "summonerId": 24500787,
        "teamId": 200,
        "championId": 236
      },
      {
        "summonerId": 36553642,
        "teamId": 100,
        "championId": 126
      },
      {
        "summonerId": 34848860,
        "teamId": 100,
        "championId": 9
      },
      {
        "summonerId": 27324723,
        "teamId": 200,
        "championId": 254
      },
      {
        "summonerId": 36073566,
        "teamId": 100,
        "championId": 81
      },
      {
        "summonerId": 33415231,
        "teamId": 100,
        "championId": 56
      },
      {
        "summonerId": 27884345,
        "teamId": 200,
        "championId": 115
      },
      {
        "summonerId": 28620363,
        "teamId": 200,
        "championId": 157
      }
    ],
    "stats": {
      "level": 17,
      "goldEarned": 12457,
      "numDeaths": 2,
      "minionsKilled": 244,
      "championsKilled": 6,
      "goldSpent": 11415,
      "totalDamageDealt": 132763,
      "totalDamageTaken": 25919,
      "killingSprees": 1,
      "largestKillingSpree": 6,
      "team": 100,
      "win": true,
      "largestMultiKill": 1,
      "physicalDamageDealtPlayer": 114567,
      "magicDamageDealtPlayer": 17565,
      "physicalDamageTaken": 22108,
      "magicDamageTaken": 2310,
      "timePlayed": 1789,
      "totalHeal": 5520,
      "totalUnitsHealed": 1,
      "assists": 9,
      "item0": 3077,
      "item1": 3065,
      "item2": 1055,
      "item3": 3111,
      "item4": 3068,
      "item5": 1011,
      "item6": 3340,
      "magicDamageDealtToChampions": 2431,
      "physicalDamageDealtToChampions": 12990,
      "totalDamageDealtToChampions": 16052,
      "trueDamageDealtPlayer": 630,
      "trueDamageDealtToChampions": 630,
      "trueDamageTaken": 1501,
      "wardPlaced": 2,
      "totalTimeCrowdControlDealt": 39
    }
  },
  "36073566": {
    "gameId": 825976515,
    "invalid": false,
    "gameMode": "CLASSIC",
    "gameType": "MATCHED_GAME",
    "subType": "RANKED_SOLO_5x5",
    "mapId": 1,
    "teamId": 100,
    "championId": 81,
    "spell1": 7,
    "spell2": 4,
    "level": 30,
    "ipEarned": 85,
    "createDate": 1399031139460,
    "fellowPlayers": [
      {
        "summonerId": 29224214,
        "teamId": 100,
        "championId": 58
      },
      {
        "summonerId": 33057637,
        "teamId": 200,
        "championId": 89
      },
      {
        "summonerId": 24500787,
        "teamId": 200,
        "championId": 236
      },
      {
        "summonerId": 36553642,
        "teamId": 100,
        "championId": 126
      },
      {
        "summonerId": 34848860,
        "teamId": 100,
        "championId": 9
      },
      {
        "summonerId": 27324723,
        "teamId": 200,
        "championId": 254
      },
      {
        "summonerId": 33415231,
        "teamId": 100,
        "championId": 56
      },
      {
        "summonerId": 27884345,
        "teamId": 200,
        "championId": 115
      },
      {
        "summonerId": 28620363,
        "teamId": 200,
        "championId": 157
      }
    ],
    "stats": {
      "level": 15,
      "goldEarned": 10713,
      "numDeaths": 2,
      "turretsKilled": 3,
      "minionsKilled": 150,
      "championsKilled": 2,
      "goldSpent": 8883,
      "totalDamageDealt": 96477,
      "totalDamageTaken": 11502,
      "killingSprees": 1,
      "largestKillingSpree": 2,
      "team": 100,
      "win": true,
      "neutralMinionsKilled": 16,
      "largestMultiKill": 1,
      "physicalDamageDealtPlayer": 83504,
      "magicDamageDealtPlayer": 12176,
      "physicalDamageTaken": 9017,
      "magicDamageTaken": 2381,
      "largestCriticalStrike": 602,
      "timePlayed": 1789,
      "totalHeal": 2043,
      "totalUnitsHealed": 3,
      "assists": 9,
      "item0": 3078,
      "item1": 1036,
      "item2": 3072,
      "item3": 1055,
      "item4": 3006,
      "item6": 3340,
      "magicDamageDealtToChampions": 4239,
      "physicalDamageDealtToChampions": 7412,
      "totalDamageDealtToChampions": 11652,
      "trueDamageDealtPlayer": 796,
      "trueDamageTaken": 103,
      "wardPlaced": 4,
      "neutralMinionsKilledEnemyJungle": 1,
      "neutralMinionsKilledYourJungle": 15,
      "totalTimeCrowdControlDealt": 192
    }
  },
  "28620363": {
    "gameId": 825976515,
    "invalid": false,
    "gameMode": "CLASSIC",
    "gameType": "MATCHED_GAME",
    "subType": "RANKED_SOLO_5x5",
    "mapId": 1,
    "teamId": 200,
    "championId": 157,
    "spell1": 4,
    "spell2": 14,
    "level": 30,
    "ipEarned": 57,
    "createDate": 1399031139463,
    "fellowPlayers": [
      {
        "summonerId": 29224214,
        "teamId": 100,
        "championId": 58
      },
      {
        "summonerId": 33057637,
        "teamId": 200,
        "championId": 89
      },
      {
        "summonerId": 24500787,
        "teamId": 200,
        "championId": 236
      },
      {
        "summonerId": 36553642,
        "teamId": 100,
        "championId": 126
      },
      {
        "summonerId": 34848860,
        "teamId": 100,
        "championId": 9
      },
      {
        "summonerId": 27324723,
        "teamId": 200,
        "championId": 254
      },
      {
        "summonerId": 36073566,
        "teamId": 100,
        "championId": 81
      },
      {
        "summonerId": 33415231,
        "teamId": 100,
        "championId": 56
      },
      {
        "summonerId": 27884345,
        "teamId": 200,
        "championId": 115
      }
    ],
    "stats": {
      "level": 14,
      "goldEarned": 7996,
      "numDeaths": 11,
      "turretsKilled": 1,
      "minionsKilled": 119,
      "championsKilled": 1,
      "goldSpent": 7060,
      "totalDamageDealt": 98790,
      "totalDamageTaken": 25350,
      "team": 200,
      "win": false,
      "neutralMinionsKilled": 19,
      "largestMultiKill": 1,
      "physicalDamageDealtPlayer": 77220,
      "magicDamageDealtPlayer": 20297,
      "physicalDamageTaken": 21244,
      "magicDamageTaken": 3560,
      "largestCriticalStrike": 421,
      "timePlayed": 1789,
      "totalHeal": 2516,
      "totalUnitsHealed": 1,
      "assists": 2,
      "item0": 1055,
      "item1": 1055,
      "item2": 3087,
      "item3": 1037,
      "item4": 3006,
      "item5": 1038,
      "item6": 3340,
      "sightWardsBought": 1,
      "magicDamageDealtToChampions": 1812,
      "physicalDamageDealtToChampions": 8490,
      "totalDamageDealtToChampions": 11328,
      "trueDamageDealtPlayer": 1272,
      "trueDamageDealtToChampions": 1026,
      "trueDamageTaken": 546,
      "wardPlaced": 11,
      "neutralMinionsKilledYourJungle": 19,
      "totalTimeCrowdControlDealt": 112
    }
  },
  "34848860": {
    "gameId": 825976515,
    "invalid": false,
    "gameMode": "CLASSIC",
    "gameType": "MATCHED_GAME",
    "subType": "RANKED_SOLO_5x5",
    "mapId": 1,
    "teamId": 100,
    "championId": 9,
    "spell1": 4,
    "spell2": 3,
    "level": 30,
    "ipEarned": 85,
    "createDate": 1399031139458,
    "fellowPlayers": [
      {
        "summonerId": 29224214,
        "teamId": 100,
        "championId": 58
      },
      {
        "summonerId": 33057637,
        "teamId": 200,
        "championId": 89
      },
      {
        "summonerId": 24500787,
        "teamId": 200,
        "championId": 236
      },
      {
        "summonerId": 36553642,
        "teamId": 100,
        "championId": 126
      },
      {
        "summonerId": 27324723,
        "teamId": 200,
        "championId": 254
      },
      {
        "summonerId": 36073566,
        "teamId": 100,
        "championId": 81
      },
      {
        "summonerId": 33415231,
        "teamId": 100,
        "championId": 56
      },
      {
        "summonerId": 27884345,
        "teamId": 200,
        "championId": 115
      },
      {
        "summonerId": 28620363,
        "teamId": 200,
        "championId": 157
      }
    ],
    "stats": {
      "level": 15,
      "goldEarned": 10621,
      "numDeaths": 5,
      "minionsKilled": 21,
      "championsKilled": 3,
      "goldSpent": 7675,
      "totalDamageDealt": 37109,
      "totalDamageTaken": 19164,
      "killingSprees": 1,
      "largestKillingSpree": 2,
      "team": 100,
      "win": true,
      "largestMultiKill": 1,
      "physicalDamageDealtPlayer": 3408,
      "magicDamageDealtPlayer": 33700,
      "physicalDamageTaken": 13328,
      "magicDamageTaken": 5345,
      "timePlayed": 1789,
      "totalHeal": 5195,
      "totalUnitsHealed": 1,
      "assists": 17,
      "item0": 2045,
      "item1": 3098,
      "item2": 3116,
      "item3": 3270,
      "item4": 1026,
      "item6": 3341,
      "magicDamageDealtToChampions": 15336,
      "physicalDamageDealtToChampions": 889,
      "totalDamageDealtToChampions": 16225,
      "trueDamageTaken": 490,
      "wardKilled": 3,
      "wardPlaced": 14,
      "totalTimeCrowdControlDealt": 412
    }
  },
  "36553642": {
    "gameId": 825976515,
    "invalid": false,
    "gameMode": "CLASSIC",
    "gameType": "MATCHED_GAME",
    "subType": "RANKED_SOLO_5x5",
    "mapId": 1,
    "teamId": 100,
    "championId": 126,
    "spell1": 4,
    "spell2": 14,
    "level": 30,
    "ipEarned": 85,
    "createDate": 1399031139456,
    "fellowPlayers": [
      {
        "summonerId": 29224214,
        "teamId": 100,
        "championId": 58
      },
      {
        "summonerId": 33057637,
        "teamId": 200,
        "championId": 89
      },
      {
        "summonerId": 24500787,
        "teamId": 200,
        "championId": 236
      },
      {
        "summonerId": 34848860,
        "teamId": 100,
        "championId": 9
      },
      {
        "summonerId": 27324723,
        "teamId": 200,
        "championId": 254
      },
      {
        "summonerId": 36073566,
        "teamId": 100,
        "championId": 81
      },
      {
        "summonerId": 33415231,
        "teamId": 100,
        "championId": 56
      },
      {
        "summonerId": 27884345,
        "teamId": 200,
        "championId": 115
      },
      {
        "summonerId": 28620363,
        "teamId": 200,
        "championId": 157
      }
    ],
    "stats": {
      "level": 17,
      "goldEarned": 15230,
      "numDeaths": 5,
      "barracksKilled": 1,
      "turretsKilled": 3,
      "minionsKilled": 192,
      "championsKilled": 16,
      "goldSpent": 13133,
      "totalDamageDealt": 151810,
      "totalDamageTaken": 21076,
      "doubleKills": 2,
      "killingSprees": 2,
      "largestKillingSpree": 12,
      "team": 100,
      "win": true,
      "neutralMinionsKilled": 23,
      "largestMultiKill": 2,
      "physicalDamageDealtPlayer": 138524,
      "magicDamageDealtPlayer": 12640,
      "physicalDamageTaken": 12240,
      "magicDamageTaken": 8490,
      "largestCriticalStrike": 991,
      "timePlayed": 1789,
      "totalHeal": 864,
      "totalUnitsHealed": 1,
      "assists": 5,
      "item0": 3042,
      "item1": 3078,
      "item2": 3072,
      "item3": 3035,
      "item4": 1055,
      "item5": 3158,
      "item6": 3340,
      "sightWardsBought": 1,
      "magicDamageDealtToChampions": 6194,
      "physicalDamageDealtToChampions": 24791,
      "totalDamageDealtToChampions": 31433,
      "trueDamageDealtPlayer": 646,
      "trueDamageDealtToChampions": 448,
      "trueDamageTaken": 346,
      "wardPlaced": 8,
      "neutralMinionsKilledEnemyJungle": 13,
      "neutralMinionsKilledYourJungle": 10,
      "totalTimeCrowdControlDealt": 262
    }
  },
  "24500787": {
    "gameId": 825976515,
    "invalid": false,
    "gameMode": "CLASSIC",
    "gameType": "MATCHED_GAME",
    "subType": "RANKED_SOLO_5x5",
    "mapId": 1,
    "teamId": 200,
    "championId": 236,
    "spell1": 7,
    "spell2": 4,
    "level": 30,
    "ipEarned": 57,
    "createDate": 1399031139468,
    "fellowPlayers": [
      {
        "summonerId": 29224214,
        "teamId": 100,
        "championId": 58
      },
      {
        "summonerId": 33057637,
        "teamId": 200,
        "championId": 89
      },
      {
        "summonerId": 36553642,
        "teamId": 100,
        "championId": 126
      },
      {
        "summonerId": 34848860,
        "teamId": 100,
        "championId": 9
      },
      {
        "summonerId": 27324723,
        "teamId": 200,
        "championId": 254
      },
      {
        "summonerId": 36073566,
        "teamId": 100,
        "championId": 81
      },
      {
        "summonerId": 33415231,
        "teamId": 100,
        "championId": 56
      },
      {
        "summonerId": 27884345,
        "teamId": 200,
        "championId": 115
      },
      {
        "summonerId": 28620363,
        "teamId": 200,
        "championId": 157
      }
    ],
    "stats": {
      "level": 14,
      "goldEarned": 9535,
      "numDeaths": 5,
      "turretsKilled": 1,
      "minionsKilled": 173,
      "championsKilled": 5,
      "goldSpent": 8278,
      "totalDamageDealt": 99432,
      "totalDamageTaken": 18495,
      "doubleKills": 1,
      "killingSprees": 2,
      "largestKillingSpree": 3,
      "team": 200,
      "win": false,
      "neutralMinionsKilled": 14,
      "largestMultiKill": 2,
      "physicalDamageDealtPlayer": 83584,
      "magicDamageDealtPlayer": 15494,
      "physicalDamageTaken": 11820,
      "magicDamageTaken": 6642,
      "largestCriticalStrike": 562,
      "timePlayed": 1789,
      "totalHeal": 3308,
      "totalUnitsHealed": 3,
      "assists": 4,
      "item0": 1055,
      "item1": 3072,
      "item2": 3006,
      "item3": 3078,
      "item6": 3340,
      "magicDamageDealtToChampions": 3003,
      "physicalDamageDealtToChampions": 13974,
      "totalDamageDealtToChampions": 17164,
      "trueDamageDealtPlayer": 354,
      "trueDamageDealtToChampions": 186,
      "trueDamageTaken": 32,
      "wardPlaced": 5,
      "neutralMinionsKilledYourJungle": 14,
      "totalTimeCrowdControlDealt": 107
    }
  },
  "27884345": {
    "gameId": 825976515,
    "invalid": false,
    "gameMode": "CLASSIC",
    "gameType": "MATCHED_GAME",
    "subType": "RANKED_SOLO_5x5",
    "mapId": 1,
    "teamId": 200,
    "championId": 115,
    "spell1": 1,
    "spell2": 4,
    "level": 30,
    "ipEarned": 57,
    "createDate": 1399031139462,
    "fellowPlayers": [
      {
        "summonerId": 29224214,
        "teamId": 100,
        "championId": 58
      },
      {
        "summonerId": 33057637,
        "teamId": 200,
        "championId": 89
      },
      {
        "summonerId": 24500787,
        "teamId": 200,
        "championId": 236
      },
      {
        "summonerId": 36553642,
        "teamId": 100,
        "championId": 126
      },
      {
        "summonerId": 34848860,
        "teamId": 100,
        "championId": 9
      },
      {
        "summonerId": 27324723,
        "teamId": 200,
        "championId": 254
      },
      {
        "summonerId": 36073566,
        "teamId": 100,
        "championId": 81
      },
      {
        "summonerId": 33415231,
        "teamId": 100,
        "championId": 56
      },
      {
        "summonerId": 28620363,
        "teamId": 200,
        "championId": 157
      }
    ],
    "stats": {
      "level": 14,
      "goldEarned": 9203,
      "numDeaths": 7,
      "minionsKilled": 205,
      "championsKilled": 3,
      "goldSpent": 8595,
      "totalDamageDealt": 137668,
      "totalDamageTaken": 17834,
      "killingSprees": 1,
      "largestKillingSpree": 3,
      "team": 200,
      "win": false,
      "neutralMinionsKilled": 11,
      "largestMultiKill": 1,
      "physicalDamageDealtPlayer": 7686,
      "magicDamageDealtPlayer": 129870,
      "physicalDamageTaken": 13037,
      "magicDamageTaken": 4579,
      "timePlayed": 1789,
      "totalHeal": 98,
      "totalUnitsHealed": 1,
      "item0": 1056,
      "item1": 3174,
      "item2": 1056,
      "item3": 3255,
      "item4": 3089,
      "item6": 3340,
      "sightWardsBought": 2,
      "visionWardsBought": 1,
      "magicDamageDealtToChampions": 11194,
      "physicalDamageDealtToChampions": 829,
      "totalDamageDealtToChampions": 12136,
      "trueDamageDealtPlayer": 112,
      "trueDamageDealtToChampions": 112,
      "trueDamageTaken": 218,
      "wardPlaced": 10,
      "neutralMinionsKilledYourJungle": 11,
      "totalTimeCrowdControlDealt": 409
    }
  },
  "27324723": {
    "gameId": 825976515,
    "invalid": false,
    "gameMode": "CLASSIC",
    "gameType": "MATCHED_GAME",
    "subType": "RANKED_SOLO_5x5",
    "mapId": 1,
    "teamId": 200,
    "championId": 254,
    "spell1": 11,
    "spell2": 4,
    "level": 30,
    "ipEarned": 57,
    "createDate": 1399031139465,
    "fellowPlayers": [
      {
        "summonerId": 29224214,
        "teamId": 100,
        "championId": 58
      },
      {
        "summonerId": 33057637,
        "teamId": 200,
        "championId": 89
      },
      {
        "summonerId": 24500787,
        "teamId": 200,
        "championId": 236
      },
      {
        "summonerId": 36553642,
        "teamId": 100,
        "championId": 126
      },
      {
        "summonerId": 34848860,
        "teamId": 100,
        "championId": 9
      },
      {
        "summonerId": 36073566,
        "teamId": 100,
        "championId": 81
      },
      {
        "summonerId": 33415231,
        "teamId": 100,
        "championId": 56
      },
      {
        "summonerId": 27884345,
        "teamId": 200,
        "championId": 115
      },
      {
        "summonerId": 28620363,
        "teamId": 200,
        "championId": 157
      }
    ],
    "stats": {
      "level": 13,
      "goldEarned": 9025,
      "numDeaths": 11,
      "minionsKilled": 30,
      "championsKilled": 5,
      "goldSpent": 9235,
      "totalDamageDealt": 92698,
      "totalDamageTaken": 30135,
      "killingSprees": 1,
      "largestKillingSpree": 2,
      "team": 200,
      "win": false,
      "neutralMinionsKilled": 58,
      "largestMultiKill": 1,
      "physicalDamageDealtPlayer": 79879,
      "magicDamageDealtPlayer": 3964,
      "physicalDamageTaken": 20520,
      "magicDamageTaken": 9371,
      "timePlayed": 1789,
      "totalHeal": 2988,
      "totalUnitsHealed": 1,
      "assists": 8,
      "item0": 3209,
      "item1": 3117,
      "item2": 3068,
      "item3": 3071,
      "item6": 3341,
      "magicDamageDealtToChampions": 1007,
      "physicalDamageDealtToChampions": 10175,
      "totalDamageDealtToChampions": 12464,
      "trueDamageDealtPlayer": 8853,
      "trueDamageDealtToChampions": 1282,
      "trueDamageTaken": 244,
      "neutralMinionsKilledEnemyJungle": 2,
      "neutralMinionsKilledYourJungle": 56,
      "totalTimeCrowdControlDealt": 264
    }
  }
}