{
  "30947611": {
    "gameId": 825976826,
    "invalid": false,
    "gameMode": "CLASSIC",
    "gameType": "MATCHED_GAME",
    "subType": "RANKED_SOLO_5x5",
    "mapId": 1,
    "teamId": 200,
    "championId": 64,
    "spell1": 4,
    "spell2": 11,
    "level": 30,
    "ipEarned": 96,
    "createDate": 1399031527311,
    "fellowPlayers": [
      {
        "summonerId": 30663944,
        "teamId": 100,
        "championId": 254
      },
      {
        "summonerId": 37279383,
        "teamId": 100,
        "championId": 13
      },
      {
        "summonerId": 30856932,
        "teamId": 200,
        "championId": 412
      },
      {
        "summonerId": 38895288,
        "teamId": 200,
        "championId": 122
      },
      {
        "summonerId": 39866860,
        "teamId": 200,
        "championId": 7
      },
      {
        "summonerId": 36440581,
        "teamId": 100,
        "championId": 24
      },
      {
        "summonerId": 26880554,
        "teamId": 200,
        "championId": 51
      },
      {
        "summonerId": 34086447,
        "teamId": 100,
        "championId": 89
      },
      {
        "summonerId": 34321637,
        "teamId": 100,
        "championId": 67
      }
    ],
    "stats": {
      "level": 17,
      "goldEarned": 14318,
      "numDeaths": 7,
      "turretsKilled": 2,
      "minionsKilled": 82,
      "championsKilled": 8,
      "goldSpent": 10970,
      "totalDamageDealt": 165420,
      "totalDamageTaken": 35542,
      "killingSprees": 2,
      "largestKillingSpree": 2,
      "team": 200,
      "win": true,
      "neutralMinionsKilled": 68,
      "largestMultiKill": 1,
      "physicalDamageDealtPlayer": 121176,
      "magicDamageDealtPlayer": 34647,
      "physicalDamageTaken": 23178,
      "magicDamageTaken": 10835,
      "timePlayed": 2056,
      "totalHeal": 4592,
      "totalUnitsHealed": 1,
      "assists": 19,
      "item0": 3207,
      "item1": 2049,
      "item2": 3074,
      "item3": 3260,
      "item4": 3143,
      "item6": 3341,
      "sightWardsBought": 2,
      "magicDamageDealtToChampions": 3967,
      "physicalDamageDealtToChampions": 20398,
      "totalDamageDealtToChampions": 25070,
      "trueDamageDealtPlayer": 9596,
      "trueDamageDealtToChampions": 704,
      "trueDamageTaken": 1528,
      "wardKilled": 1,
      "wardPlaced": 21,
      "neutralMinionsKilledEnemyJungle": 9,
      "neutralMinionsKilledYourJungle": 59,
      "totalTimeCrowdControlDealt": 731
    }
  },
  "summonerCount": 10,
  "38895288": {
    "gameId": 825976826,
    "invalid": false,
    "gameMode": "CLASSIC",
    "gameType": "MATCHED_GAME",
    "subType": "RANKED_SOLO_5x5",
    "mapId": 1,
    "teamId": 200,
    "championId": 122,
    "spell1": 14,
    "spell2": 4,
    "level": 30,
    "ipEarned": 96,
    "createDate": 1399031527310,
    "fellowPlayers": [
      {
        "summonerId": 30663944,
        "teamId": 100,
        "championId": 254
      },
      {
        "summonerId": 37279383,
        "teamId": 100,
        "championId": 13
      },
      {
        "summonerId": 30856932,
        "teamId": 200,
        "championId": 412
      },
      {
        "summonerId": 39866860,
        "teamId": 200,
        "championId": 7
      },
      {
        "summonerId": 36440581,
        "teamId": 100,
        "championId": 24
      },
      {
        "summonerId": 26880554,
        "teamId": 200,
        "championId": 51
      },
      {
        "summonerId": 34086447,
        "teamId": 100,
        "championId": 89
      },
      {
        "summonerId": 34321637,
        "teamId": 100,
        "championId": 67
      },
      {
        "summonerId": 30947611,
        "teamId": 200,
        "championId": 64
      }
    ],
    "stats": {
      "level": 17,
      "goldEarned": 14209,
      "numDeaths": 5,
      "minionsKilled": 154,
      "championsKilled": 14,
      "goldSpent": 11605,
      "totalDamageDealt": 104014,
      "totalDamageTaken": 25604,
      "doubleKills": 4,
      "tripleKills": 1,
      "killingSprees": 6,
      "largestKillingSpree": 3,
      "team": 200,
      "win": true,
      "largestMultiKill": 3,
      "physicalDamageDealtPlayer": 92236,
      "magicDamageDealtPlayer": 6649,
      "physicalDamageTaken": 13684,
      "magicDamageTaken": 10598,
      "timePlayed": 2056,
      "totalHeal": 1565,
      "totalUnitsHealed": 1,
      "assists": 12,
      "item0": 3074,
      "item1": 3143,
      "item2": 3111,
      "item3": 3071,
      "item4": 1031,
      "item6": 3340,
      "magicDamageDealtToChampions": 4045,
      "physicalDamageDealtToChampions": 22965,
      "totalDamageDealtToChampions": 32139,
      "trueDamageDealtPlayer": 5128,
      "trueDamageDealtToChampions": 5128,
      "trueDamageTaken": 1320,
      "wardPlaced": 4,
      "totalTimeCrowdControlDealt": 292
    }
  },
  "26880554": {
    "gameId": 825976826,
    "invalid": false,
    "gameMode": "CLASSIC",
    "gameType": "MATCHED_GAME",
    "subType": "RANKED_SOLO_5x5",
    "mapId": 1,
    "teamId": 200,
    "championId": 51,
    "spell1": 7,
    "spell2": 4,
    "level": 30,
    "ipEarned": 96,
    "createDate": 1399031527312,
    "fellowPlayers": [
      {
        "summonerId": 30663944,
        "teamId": 100,
        "championId": 254
      },
      {
        "summonerId": 37279383,
        "teamId": 100,
        "championId": 13
      },
      {
        "summonerId": 30856932,
        "teamId": 200,
        "championId": 412
      },
      {
        "summonerId": 38895288,
        "teamId": 200,
        "championId": 122
      },
      {
        "summonerId": 39866860,
        "teamId": 200,
        "championId": 7
      },
      {
        "summonerId": 36440581,
        "teamId": 100,
        "championId": 24
      },
      {
        "summonerId": 34086447,
        "teamId": 100,
        "championId": 89
      },
      {
        "summonerId": 34321637,
        "teamId": 100,
        "championId": 67
      },
      {
        "summonerId": 30947611,
        "teamId": 200,
        "championId": 64
      }
    ],
    "stats": {
      "level": 17,
      "goldEarned": 16691,
      "numDeaths": 9,
      "turretsKilled": 3,
      "minionsKilled": 164,
      "championsKilled": 17,
      "goldSpent": 16000,
      "totalDamageDealt": 181474,
      "totalDamageTaken": 26598,
      "doubleKills": 3,
      "tripleKills": 1,
      "quadraKills": 1,
      "killingSprees": 3,
      "largestKillingSpree": 6,
      "team": 200,
      "win": true,
      "neutralMinionsKilled": 26,
      "largestMultiKill": 4,
      "physicalDamageDealtPlayer": 177338,
      "magicDamageDealtPlayer": 1637,
      "physicalDamageTaken": 18609,
      "magicDamageTaken": 7116,
      "largestCriticalStrike": 1176,
      "timePlayed": 2056,
      "totalHeal": 3147,
      "totalUnitsHealed": 2,
      "assists": 17,
      "item0": 3072,
      "item1": 3250,
      "item2": 3046,
      "item3": 3035,
      "item4": 3031,
      "item5": 1057,
      "item6": 3340,
      "magicDamageDealtToChampions": 1339,
      "physicalDamageDealtToChampions": 29808,
      "totalDamageDealtToChampions": 32654,
      "trueDamageDealtPlayer": 2498,
      "trueDamageDealtToChampions": 1506,
      "trueDamageTaken": 872,
      "wardPlaced": 2,
      "neutralMinionsKilledEnemyJungle": 3,
      "neutralMinionsKilledYourJungle": 23,
      "totalTimeCrowdControlDealt": 372
    }
  },
  "34321637": {
    "gameId": 825976826,
    "invalid": false,
    "gameMode": "CLASSIC",
    "gameType": "MATCHED_GAME",
    "subType": "RANKED_SOLO_5x5",
    "mapId": 1,
    "teamId": 100,
    "championId": 67,
    "spell1": 7,
    "spell2": 4,
    "level": 30,
    "ipEarned": 64,
    "createDate": 1399031527304,
    "fellowPlayers": [
      {
        "summonerId": 30663944,
        "teamId": 100,
        "championId": 254
      },
      {
        "summonerId": 37279383,
        "teamId": 100,
        "championId": 13
      },
      {
        "summonerId": 30856932,
        "teamId": 200,
        "championId": 412
      },
      {
        "summonerId": 38895288,
        "teamId": 200,
        "championId": 122
      },
      {
        "summonerId": 39866860,
        "teamId": 200,
        "championId": 7
      },
      {
        "summonerId": 36440581,
        "teamId": 100,
        "championId": 24
      },
      {
        "summonerId": 26880554,
        "teamId": 200,
        "championId": 51
      },
      {
        "summonerId": 34086447,
        "teamId": 100,
        "championId": 89
      },
      {
        "summonerId": 30947611,
        "teamId": 200,
        "championId": 64
      }
    ],
    "stats": {
      "level": 15,
      "goldEarned": 12763,
      "numDeaths": 14,
      "turretsKilled": 1,
      "minionsKilled": 142,
      "championsKilled": 12,
      "goldSpent": 12130,
      "totalDamageDealt": 106700,
      "totalDamageTaken": 27804,
      "doubleKills": 2,
      "killingSprees": 5,
      "largestKillingSpree": 3,
      "team": 100,
      "win": false,
      "neutralMinionsKilled": 16,
      "largestMultiKill": 2,
      "physicalDamageDealtPlayer": 98133,
      "magicDamageDealtPlayer": 2206,
      "physicalDamageTaken": 18124,
      "magicDamageTaken": 9215,
      "largestCriticalStrike": 462,
      "timePlayed": 2056,
      "totalHeal": 3307,
      "totalUnitsHealed": 4,
      "assists": 9,
      "item0": 3046,
      "item1": 3153,
      "item2": 3250,
      "item3": 3035,
      "item4": 1018,
      "item5": 1038,
      "item6": 3340,
      "magicDamageDealtToChampions": 1306,
      "physicalDamageDealtToChampions": 15397,
      "totalDamageDealtToChampions": 18706,
      "trueDamageDealtPlayer": 6360,
      "trueDamageDealtToChampions": 2003,
      "trueDamageTaken": 464,
      "wardKilled": 1,
      "wardPlaced": 8,
      "neutralMinionsKilledEnemyJungle": 2,
      "neutralMinionsKilledYourJungle": 14,
      "totalTimeCrowdControlDealt": 120
    }
  },
  "36440581": {
    "gameId": 825976826,
    "invalid": false,
    "gameMode": "CLASSIC",
    "gameType": "MATCHED_GAME",
    "subType": "RANKED_SOLO_5x5",
    "mapId": 1,
    "teamId": 100,
    "championId": 24,
    "spell1": 4,
    "spell2": 14,
    "level": 30,
    "ipEarned": 64,
    "createDate": 1399031527306,
    "fellowPlayers": [
      {
        "summonerId": 30663944,
        "teamId": 100,
        "championId": 254
      },
      {
        "summonerId": 37279383,
        "teamId": 100,
        "championId": 13
      },
      {
        "summonerId": 30856932,
        "teamId": 200,
        "championId": 412
      },
      {
        "summonerId": 38895288,
        "teamId": 200,
        "championId": 122
      },
      {
        "summonerId": 39866860,
        "teamId": 200,
        "championId": 7
      },
      {
        "summonerId": 26880554,
        "teamId": 200,
        "championId": 51
      },
      {
        "summonerId": 34086447,
        "teamId": 100,
        "championId": 89
      },
      {
        "summonerId": 34321637,
        "teamId": 100,
        "championId": 67
      },
      {
        "summonerId": 30947611,
        "teamId": 200,
        "championId": 64
      }
    ],
    "stats": {
      "level": 16,
      "goldEarned": 10972,
      "numDeaths": 12,
      "turretsKilled": 1,
      "minionsKilled": 146,
      "championsKilled": 7,
      "goldSpent": 10468,
      "totalDamageDealt": 96140,
      "totalDamageTaken": 37895,
      "doubleKills": 1,
      "killingSprees": 1,
      "largestKillingSpree": 2,
      "team": 100,
      "win": false,
      "neutralMinionsKilled": 5,
      "largestMultiKill": 2,
      "physicalDamageDealtPlayer": 78337,
      "magicDamageDealtPlayer": 16463,
      "physicalDamageTaken": 25213,
      "magicDamageTaken": 9585,
      "largestCriticalStrike": 350,
      "timePlayed": 2056,
      "totalHeal": 5395,
      "totalUnitsHealed": 1,
      "assists": 8,
      "item0": 3153,
      "item1": 3078,
      "item2": 3047,
      "item3": 1031,
      "item4": 1057,
      "item6": 3340,
      "magicDamageDealtToChampions": 5123,
      "physicalDamageDealtToChampions": 15503,
      "totalDamageDealtToChampions": 21967,
      "trueDamageDealtPlayer": 1340,
      "trueDamageDealtToChampions": 1340,
      "trueDamageTaken": 3096,
      "wardPlaced": 4,
      "neutralMinionsKilledEnemyJungle": 2,
      "neutralMinionsKilledYourJungle": 3,
      "totalTimeCrowdControlDealt": 108
    }
  },
  "30663944": {
    "gameId": 825976826,
    "invalid": false,
    "gameMode": "CLASSIC",
    "gameType": "MATCHED_GAME",
    "subType": "RANKED_SOLO_5x5",
    "mapId": 1,
    "teamId": 100,
    "championId": 254,
    "spell1": 11,
    "spell2": 4,
    "level": 30,
    "ipEarned": 64,
    "createDate": 1399031527303,
    "fellowPlayers": [
      {
        "summonerId": 37279383,
        "teamId": 100,
        "championId": 13
      },
      {
        "summonerId": 30856932,
        "teamId": 200,
        "championId": 412
      },
      {
        "summonerId": 38895288,
        "teamId": 200,
        "championId": 122
      },
      {
        "summonerId": 39866860,
        "teamId": 200,
        "championId": 7
      },
      {
        "summonerId": 36440581,
        "teamId": 100,
        "championId": 24
      },
      {
        "summonerId": 26880554,
        "teamId": 200,
        "championId": 51
      },
      {
        "summonerId": 34086447,
        "teamId": 100,
        "championId": 89
      },
      {
        "summonerId": 34321637,
        "teamId": 100,
        "championId": 67
      },
      {
        "summonerId": 30947611,
        "teamId": 200,
        "championId": 64
      }
    ],
    "stats": {
      "level": 15,
      "goldEarned": 8679,
      "numDeaths": 10,
      "minionsKilled": 39,
      "championsKilled": 1,
      "goldSpent": 8635,
      "totalDamageDealt": 92444,
      "totalDamageTaken": 30453,
      "team": 100,
      "win": false,
      "neutralMinionsKilled": 48,
      "largestMultiKill": 1,
      "physicalDamageDealtPlayer": 82986,
      "magicDamageDealtPlayer": 1495,
      "physicalDamageTaken": 23443,
      "magicDamageTaken": 5592,
      "timePlayed": 2056,
      "totalHeal": 3382,
      "totalUnitsHealed": 1,
      "assists": 13,
      "item0": 3207,
      "item1": 3022,
      "item2": 3006,
      "item3": 3155,
      "item4": 1037,
      "item6": 3341,
      "magicDamageDealtToChampions": 309,
      "physicalDamageDealtToChampions": 10812,
      "totalDamageDealtToChampions": 11944,
      "trueDamageDealtPlayer": 7962,
      "trueDamageDealtToChampions": 822,
      "trueDamageTaken": 1416,
      "neutralMinionsKilledEnemyJungle": 3,
      "neutralMinionsKilledYourJungle": 45,
      "totalTimeCrowdControlDealt": 497
    }
  },
  "30856932": {
    "gameId": 825976826,
    "invalid": false,
    "gameMode": "CLASSIC",
    "gameType": "MATCHED_GAME",
    "subType": "RANKED_SOLO_5x5",
    "mapId": 1,
    "teamId": 200,
    "championId": 412,
    "spell1": 4,
    "spell2": 3,
    "level": 30,
    "ipEarned": 96,
    "createDate": 1399031527309,
    "fellowPlayers": [
      {
        "summonerId": 30663944,
        "teamId": 100,
        "championId": 254
      },
      {
        "summonerId": 37279383,
        "teamId": 100,
        "championId": 13
      },
      {
        "summonerId": 38895288,
        "teamId": 200,
        "championId": 122
      },
      {
        "summonerId": 39866860,
        "teamId": 200,
        "championId": 7
      },
      {
        "summonerId": 36440581,
        "teamId": 100,
        "championId": 24
      },
      {
        "summonerId": 26880554,
        "teamId": 200,
        "championId": 51
      },
      {
        "summonerId": 34086447,
        "teamId": 100,
        "championId": 89
      },
      {
        "summonerId": 34321637,
        "teamId": 100,
        "championId": 67
      },
      {
        "summonerId": 30947611,
        "teamId": 200,
        "championId": 64
      }
    ],
    "stats": {
      "level": 16,
      "goldEarned": 11218,
      "numDeaths": 5,
      "turretsKilled": 1,
      "minionsKilled": 35,
      "championsKilled": 1,
      "goldSpent": 9915,
      "totalDamageDealt": 35340,
      "totalDamageTaken": 18357,
      "team": 200,
      "win": true,
      "neutralMinionsKilled": 1,
      "largestMultiKill": 1,
      "physicalDamageDealtPlayer": 9056,
      "magicDamageDealtPlayer": 26283,
      "physicalDamageTaken": 12430,
      "magicDamageTaken": 5351,
      "timePlayed": 2056,
      "totalHeal": 764,
      "totalUnitsHealed": 1,
      "assists": 23,
      "item0": 3096,
      "item1": 3143,
      "item2": 2049,
      "item3": 3270,
      "item4": 3114,
      "item5": 3068,
      "item6": 3340,
      "sightWardsBought": 3,
      "magicDamageDealtToChampions": 9240,
      "physicalDamageDealtToChampions": 2145,
      "totalDamageDealtToChampions": 11385,
      "trueDamageTaken": 575,
      "wardPlaced": 24,
      "neutralMinionsKilledYourJungle": 1,
      "totalTimeCrowdControlDealt": 197
    }
  },
  "34086447": {
    "gameId": 825976826,
    "invalid": false,
    "gameMode": "CLASSIC",
    "gameType": "MATCHED_GAME",
    "subType": "RANKED_SOLO_5x5",
    "mapId": 1,
    "teamId": 100,
    "championId": 89,
    "spell1": 7,
    "spell2": 4,
    "level": 30,
    "ipEarned": 64,
    "createDate": 1399031527305,
    "fellowPlayers": [
      {
        "summonerId": 30663944,
        "teamId": 100,
        "championId": 254
      },
      {
        "summonerId": 37279383,
        "teamId": 100,
        "championId": 13
      },
      {
        "summonerId": 30856932,
        "teamId": 200,
        "championId": 412
      },
      {
        "summonerId": 38895288,
        "teamId": 200,
        "championId": 122
      },
      {
        "summonerId": 39866860,
        "teamId": 200,
        "championId": 7
      },
      {
        "summonerId": 36440581,
        "teamId": 100,
        "championId": 24
      },
      {
        "summonerId": 26880554,
        "teamId": 200,
        "championId": 51
      },
      {
        "summonerId": 34321637,
        "teamId": 100,
        "championId": 67
      },
      {
        "summonerId": 30947611,
        "teamId": 200,
        "championId": 64
      }
    ],
    "stats": {
      "level": 16,
      "goldEarned": 9971,
      "numDeaths": 7,
      "minionsKilled": 43,
      "championsKilled": 5,
      "goldSpent": 9630,
      "totalDamageDealt": 40292,
      "totalDamageTaken": 37319,
      "killingSprees": 1,
      "largestKillingSpree": 3,
      "team": 100,
      "win": false,
      "largestMultiKill": 1,
      "physicalDamageDealtPlayer": 13198,
      "magicDamageDealtPlayer": 22400,
      "physicalDamageTaken": 26085,
      "magicDamageTaken": 10328,
      "timePlayed": 2056,
      "totalHeal": 8369,
      "totalUnitsHealed": 4,
      "assists": 19,
      "item0": 3401,
      "item1": 3265,
      "item2": 3068,
      "item3": 3143,
      "item6": 3340,
      "magicDamageDealtToChampions": 10572,
      "physicalDamageDealtToChampions": 3991,
      "totalDamageDealtToChampions": 14612,
      "trueDamageDealtPlayer": 4692,
      "trueDamageDealtToChampions": 48,
      "trueDamageTaken": 905,
      "wardPlaced": 9,
      "totalTimeCrowdControlDealt": 158
    }
  },
  "37279383": {
    "gameId": 825976826,
    "invalid": false,
    "gameMode": "CLASSIC",
    "gameType": "MATCHED_GAME",
    "subType": "RANKED_SOLO_5x5",
    "mapId": 1,
    "teamId": 100,
    "championId": 13,
    "spell1": 12,
    "spell2": 4,
    "level": 30,
    "ipEarned": 64,
    "createDate": 1399031527307,
    "fellowPlayers": [
      {
        "summonerId": 30663944,
        "teamId": 100,
        "championId": 254
      },
      {
        "summonerId": 30856932,
        "teamId": 200,
        "championId": 412
      },
      {
        "summonerId": 38895288,
        "teamId": 200,
        "championId": 122
      },
      {
        "summonerId": 39866860,
        "teamId": 200,
        "championId": 7
      },
      {
        "summonerId": 36440581,
        "teamId": 100,
        "championId": 24
      },
      {
        "summonerId": 26880554,
        "teamId": 200,
        "championId": 51
      },
      {
        "summonerId": 34086447,
        "teamId": 100,
        "championId": 89
      },
      {
        "summonerId": 34321637,
        "teamId": 100,
        "championId": 67
      },
      {
        "summonerId": 30947611,
        "teamId": 200,
        "championId": 64
      }
    ],
    "stats": {
      "level": 16,
      "goldEarned": 12098,
      "numDeaths": 6,
      "minionsKilled": 175,
      "championsKilled": 7,
      "goldSpent": 11265,
      "totalDamageDealt": 155899,
      "totalDamageTaken": 25499,
      "doubleKills": 1,
      "killingSprees": 1,
      "largestKillingSpree": 5,
      "team": 100,
      "win": false,
      "neutralMinionsKilled": 40,
      "largestMultiKill": 2,
      "physicalDamageDealtPlayer": 20361,
      "magicDamageDealtPlayer": 135537,
      "physicalDamageTaken": 16210,
      "magicDamageTaken": 6842,
      "timePlayed": 2056,
      "totalHeal": 637,
      "totalUnitsHealed": 1,
      "assists": 8,
      "item0": 3110,
      "item1": 3070,
      "item2": 3027,
      "item3": 3065,
      "item4": 3111,
      "item5": 1026,
      "item6": 3340,
      "sightWardsBought": 1,
      "magicDamageDealtToChampions": 27019,
      "physicalDamageDealtToChampions": 1004,
      "totalDamageDealtToChampions": 28024,
      "trueDamageTaken": 2446,
      "wardPlaced": 3,
      "neutralMinionsKilledYourJungle": 40,
      "totalTimeCrowdControlDealt": 740
    }
  },
  "39866860": {
    "gameId": 825976826,
    "invalid": false,
    "gameMode": "CLASSIC",
    "gameType": "MATCHED_GAME",
    "subType": "RANKED_SOLO_5x5",
    "mapId": 1,
    "teamId": 200,
    "championId": 7,
    "spell1": 14,
    "spell2": 4,
    "level": 30,
    "ipEarned": 96,
    "createDate": 1399031527313,
    "fellowPlayers": [
      {
        "summonerId": 30663944,
        "teamId": 100,
        "championId": 254
      },
      {
        "summonerId": 37279383,
        "teamId": 100,
        "championId": 13
      },
      {
        "summonerId": 30856932,
        "teamId": 200,
        "championId": 412
      },
      {
        "summonerId": 38895288,
        "teamId": 200,
        "championId": 122
      },
      {
        "summonerId": 36440581,
        "teamId": 100,
        "championId": 24
      },
      {
        "summonerId": 26880554,
        "teamId": 200,
        "championId": 51
      },
      {
        "summonerId": 34086447,
        "teamId": 100,
        "championId": 89
      },
      {
        "summonerId": 34321637,
        "teamId": 100,
        "championId": 67
      },
      {
        "summonerId": 30947611,
        "teamId": 200,
        "championId": 64
      }
    ],
    "stats": {
      "level": 16,
      "goldEarned": 11858,
      "numDeaths": 6,
      "barracksKilled": 2,
      "minionsKilled": 89,
      "championsKilled": 9,
      "goldSpent": 11645,
      "totalDamageDealt": 67897,
      "totalDamageTaken": 22286,
      "killingSprees": 3,
      "largestKillingSpree": 3,
      "team": 200,
      "win": true,
      "neutralMinionsKilled": 7,
      "largestMultiKill": 1,
      "physicalDamageDealtPlayer": 20265,
      "magicDamageDealtPlayer": 46511,
      "physicalDamageTaken": 11386,
      "magicDamageTaken": 10428,
      "timePlayed": 2056,
      "assists": 11,
      "item0": 3027,
      "item1": 3128,
      "item2": 3020,
      "item3": 3135,
      "item4": 1058,
      "item6": 3340,
      "magicDamageDealtToChampions": 22971,
      "physicalDamageDealtToChampions": 2320,
      "totalDamageDealtToChampions": 26178,
      "trueDamageDealtPlayer": 1120,
      "trueDamageDealtToChampions": 886,
      "trueDamageTaken": 472,
      "wardPlaced": 7,
      "neutralMinionsKilledYourJungle": 7,
      "totalTimeCrowdControlDealt": 140
    }
  }
}