{
  "37735357": {
    "gameId": 825976935,
    "invalid": false,
    "gameMode": "CLASSIC",
    "gameType": "MATCHED_GAME",
    "subType": "RANKED_SOLO_5x5",
    "mapId": 1,
    "teamId": 100,
    "championId": 54,
    "spell1": 4,
    "spell2": 11,
    "level": 30,
    "ipEarned": 101,
    "createDate": 1399031726763,
    "fellowPlayers": [
      {
        "summonerId": 30814529,
        "teamId": 100,
        "championId": 157
      },
      {
        "summonerId": 27613703,
        "teamId": 200,
        "championId": 76
      },
      {
        "summonerId": 26838804,
        "teamId": 100,
        "championId": 119
      },
      {
        "summonerId": 33978211,
        "teamId": 200,
        "championId": 104
      },
      {
        "summonerId": 40314001,
        "teamId": 200,
        "championId": 92
      },
      {
        "summonerId": 32229006,
        "teamId": 200,
        "championId": 56
      },
      {
        "summonerId": 37484235,
        "teamId": 100,
        "championId": 13
      },
      {
        "summonerId": 40785638,
        "teamId": 200,
        "championId": 412
      },
      {
        "summonerId": 27455040,
        "teamId": 100,
        "championId": 89
      }
    ],
    "stats": {
      "level": 18,
      "goldEarned": 14821,
      "numDeaths": 4,
      "barracksKilled": 1,
      "minionsKilled": 85,
      "championsKilled": 14,
      "goldSpent": 12925,
      "totalDamageDealt": 138268,
      "totalDamageTaken": 18657,
      "doubleKills": 3,
      "tripleKills": 1,
      "killingSprees": 2,
      "largestKillingSpree": 7,
      "team": 100,
      "win": true,
      "neutralMinionsKilled": 51,
      "largestMultiKill": 3,
      "physicalDamageDealtPlayer": 40777,
      "magicDamageDealtPlayer": 87569,
      "physicalDamageTaken": 9927,
      "magicDamageTaken": 8484,
      "timePlayed": 2168,
      "totalHeal": 3730,
      "totalUnitsHealed": 1,
      "assists": 19,
      "item0": 3025,
      "item1": 3260,
      "item2": 3068,
      "item3": 3083,
      "item4": 3001,
      "item6": 3340,
      "magicDamageDealtToChampions": 22152,
      "physicalDamageDealtToChampions": 5230,
      "totalDamageDealtToChampions": 28119,
      "trueDamageDealtPlayer": 9922,
      "trueDamageDealtToChampions": 736,
      "trueDamageTaken": 246,
      "wardPlaced": 8,
      "neutralMinionsKilledEnemyJungle": 1,
      "neutralMinionsKilledYourJungle": 50,
      "totalTimeCrowdControlDealt": 1448
    }
  },
  "summonerCount": 10,
  "27613703": {
    "gameId": 825976935,
    "invalid": false,
    "gameMode": "CLASSIC",
    "gameType": "MATCHED_GAME",
    "subType": "RANKED_SOLO_5x5",
    "mapId": 1,
    "teamId": 200,
    "championId": 76,
    "spell1": 4,
    "spell2": 14,
    "level": 30,
    "ipEarned": 67,
    "createDate": 1399031726767,
    "fellowPlayers": [
      {
        "summonerId": 37735357,
        "teamId": 100,
        "championId": 54
      },
      {
        "summonerId": 30814529,
        "teamId": 100,
        "championId": 157
      },
      {
        "summonerId": 26838804,
        "teamId": 100,
        "championId": 119
      },
      {
        "summonerId": 33978211,
        "teamId": 200,
        "championId": 104
      },
      {
        "summonerId": 40314001,
        "teamId": 200,
        "championId": 92
      },
      {
        "summonerId": 32229006,
        "teamId": 200,
        "championId": 56
      },
      {
        "summonerId": 37484235,
        "teamId": 100,
        "championId": 13
      },
      {
        "summonerId": 40785638,
        "teamId": 200,
        "championId": 412
      },
      {
        "summonerId": 27455040,
        "teamId": 100,
        "championId": 89
      }
    ],
    "stats": {
      "level": 16,
      "goldEarned": 11033,
      "numDeaths": 9,
      "turretsKilled": 1,
      "minionsKilled": 154,
      "championsKilled": 4,
      "goldSpent": 10890,
      "totalDamageDealt": 112903,
      "totalDamageTaken": 25083,
      "team": 200,
      "win": false,
      "neutralMinionsKilled": 18,
      "largestMultiKill": 1,
      "physicalDamageDealtPlayer": 32284,
      "magicDamageDealtPlayer": 79864,
      "physicalDamageTaken": 11577,
      "magicDamageTaken": 13220,
      "timePlayed": 2168,
      "totalHeal": 7507,
      "totalUnitsHealed": 4,
      "assists": 7,
      "item0": 3020,
      "item1": 3089,
      "item2": 3157,
      "item3": 3028,
      "item4": 1056,
      "item5": 1052,
      "item6": 3340,
      "sightWardsBought": 1,
      "magicDamageDealtToChampions": 21344,
      "physicalDamageDealtToChampions": 2618,
      "totalDamageDealtToChampions": 24716,
      "trueDamageDealtPlayer": 754,
      "trueDamageDealtToChampions": 754,
      "trueDamageTaken": 286,
      "wardPlaced": 8,
      "neutralMinionsKilledYourJungle": 18
    }
  },
  "33978211": {
    "gameId": 825976935,
    "invalid": false,
    "gameMode": "CLASSIC",
    "gameType": "MATCHED_GAME",
    "subType": "RANKED_SOLO_5x5",
    "mapId": 1,
    "teamId": 200,
    "championId": 104,
    "spell1": 4,
    "spell2": 21,
    "level": 30,
    "ipEarned": 67,
    "createDate": 1399031726770,
    "fellowPlayers": [
      {
        "summonerId": 37735357,
        "teamId": 100,
        "championId": 54
      },
      {
        "summonerId": 30814529,
        "teamId": 100,
        "championId": 157
      },
      {
        "summonerId": 27613703,
        "teamId": 200,
        "championId": 76
      },
      {
        "summonerId": 26838804,
        "teamId": 100,
        "championId": 119
      },
      {
        "summonerId": 40314001,
        "teamId": 200,
        "championId": 92
      },
      {
        "summonerId": 32229006,
        "teamId": 200,
        "championId": 56
      },
      {
        "summonerId": 37484235,
        "teamId": 100,
        "championId": 13
      },
      {
        "summonerId": 40785638,
        "teamId": 200,
        "championId": 412
      },
      {
        "summonerId": 27455040,
        "teamId": 100,
        "championId": 89
      }
    ],
    "stats": {
      "level": 15,
      "goldEarned": 11204,
      "numDeaths": 7,
      "turretsKilled": 2,
      "minionsKilled": 148,
      "championsKilled": 6,
      "goldSpent": 9780,
      "totalDamageDealt": 116848,
      "totalDamageTaken": 21761,
      "doubleKills": 1,
      "killingSprees": 2,
      "largestKillingSpree": 2,
      "team": 200,
      "win": false,
      "neutralMinionsKilled": 9,
      "largestMultiKill": 2,
      "physicalDamageDealtPlayer": 114906,
      "magicDamageDealtPlayer": 1434,
      "physicalDamageTaken": 12357,
      "magicDamageTaken": 8960,
      "largestCriticalStrike": 532,
      "timePlayed": 2168,
      "totalHeal": 735,
      "totalUnitsHealed": 1,
      "assists": 6,
      "item0": 1055,
      "item1": 3072,
      "item2": 3006,
      "item3": 3046,
      "item4": 3035,
      "item6": 3340,
      "magicDamageDealtToChampions": 623,
      "physicalDamageDealtToChampions": 20766,
      "totalDamageDealtToChampions": 21486,
      "trueDamageDealtPlayer": 508,
      "trueDamageDealtToChampions": 96,
      "trueDamageTaken": 444,
      "wardPlaced": 9,
      "neutralMinionsKilledEnemyJungle": 4,
      "neutralMinionsKilledYourJungle": 5,
      "totalTimeCrowdControlDealt": 87
    }
  },
  "32229006": {
    "gameId": 825976935,
    "invalid": false,
    "gameMode": "CLASSIC",
    "gameType": "MATCHED_GAME",
    "subType": "RANKED_SOLO_5x5",
    "mapId": 1,
    "teamId": 200,
    "championId": 56,
    "spell1": 11,
    "spell2": 4,
    "level": 30,
    "ipEarned": 67,
    "createDate": 1399031726766,
    "fellowPlayers": [
      {
        "summonerId": 37735357,
        "teamId": 100,
        "championId": 54
      },
      {
        "summonerId": 30814529,
        "teamId": 100,
        "championId": 157
      },
      {
        "summonerId": 27613703,
        "teamId": 200,
        "championId": 76
      },
      {
        "summonerId": 26838804,
        "teamId": 100,
        "championId": 119
      },
      {
        "summonerId": 33978211,
        "teamId": 200,
        "championId": 104
      },
      {
        "summonerId": 40314001,
        "teamId": 200,
        "championId": 92
      },
      {
        "summonerId": 37484235,
        "teamId": 100,
        "championId": 13
      },
      {
        "summonerId": 40785638,
        "teamId": 200,
        "championId": 412
      },
      {
        "summonerId": 27455040,
        "teamId": 100,
        "championId": 89
      }
    ],
    "stats": {
      "level": 16,
      "goldEarned": 12181,
      "numDeaths": 9,
      "minionsKilled": 35,
      "championsKilled": 8,
      "goldSpent": 11290,
      "totalDamageDealt": 173109,
      "totalDamageTaken": 33588,
      "doubleKills": 2,
      "killingSprees": 3,
      "largestKillingSpree": 3,
      "team": 200,
      "win": false,
      "neutralMinionsKilled": 112,
      "largestMultiKill": 2,
      "physicalDamageDealtPlayer": 114999,
      "magicDamageDealtPlayer": 43769,
      "physicalDamageTaken": 19160,
      "magicDamageTaken": 13903,
      "largestCriticalStrike": 555,
      "timePlayed": 2168,
      "totalHeal": 6599,
      "totalUnitsHealed": 1,
      "assists": 5,
      "item0": 3250,
      "item1": 3074,
      "item2": 3087,
      "item3": 3160,
      "item4": 1011,
      "item5": 3082,
      "item6": 3340,
      "magicDamageDealtToChampions": 3027,
      "physicalDamageDealtToChampions": 11465,
      "totalDamageDealtToChampions": 15000,
      "trueDamageDealtPlayer": 14340,
      "trueDamageDealtToChampions": 508,
      "trueDamageTaken": 524,
      "wardKilled": 2,
      "wardPlaced": 10,
      "neutralMinionsKilledEnemyJungle": 37,
      "neutralMinionsKilledYourJungle": 75,
      "totalTimeCrowdControlDealt": 421
    }
  },
  "30814529": {
    "gameId": 825976935,
    "invalid": false,
    "gameMode": "CLASSIC",
    "gameType": "MATCHED_GAME",
    "subType": "RANKED_SOLO_5x5",
    "mapId": 1,
    "teamId": 100,
    "championId": 157,
    "spell1": 4,
    "spell2": 12,
    "level": 30,
    "ipEarned": 0,
    "createDate": 1399031726761,
    "fellowPlayers": [
      {
        "summonerId": 37735357,
        "teamId": 100,
        "championId": 54
      },
      {
        "summonerId": 27613703,
        "teamId": 200,
        "championId": 76
      },
      {
        "summonerId": 26838804,
        "teamId": 100,
        "championId": 119
      },
      {
        "summonerId": 33978211,
        "teamId": 200,
        "championId": 104
      },
      {
        "summonerId": 40314001,
        "teamId": 200,
        "championId": 92
      },
      {
        "summonerId": 32229006,
        "teamId": 200,
        "championId": 56
      },
      {
        "summonerId": 37484235,
        "teamId": 100,
        "championId": 13
      },
      {
        "summonerId": 40785638,
        "teamId": 200,
        "championId": 412
      },
      {
        "summonerId": 27455040,
        "teamId": 100,
        "championId": 89
      }
    ],
    "stats": {
      "level": 9,
      "goldEarned": 7806,
      "numDeaths": 2,
      "turretsKilled": 1,
      "minionsKilled": 68,
      "championsKilled": 1,
      "goldSpent": 1745,
      "totalDamageDealt": 29471,
      "totalDamageTaken": 4530,
      "team": 100,
      "win": false,
      "largestMultiKill": 1,
      "physicalDamageDealtPlayer": 28840,
      "magicDamageDealtPlayer": 631,
      "physicalDamageTaken": 2416,
      "magicDamageTaken": 1693,
      "largestCriticalStrike": 244,
      "timePlayed": 2168,
      "totalHeal": 674,
      "totalUnitsHealed": 1,
      "item0": 1055,
      "item2": 3093,
      "item3": 1051,
      "item6": 3340,
      "magicDamageDealtToChampions": 116,
      "physicalDamageDealtToChampions": 3337,
      "totalDamageDealtToChampions": 3453,
      "trueDamageTaken": 420,
      "wardPlaced": 3,
      "totalTimeCrowdControlDealt": 40
    }
  },
  "37484235": {
    "gameId": 825976935,
    "invalid": false,
    "gameMode": "CLASSIC",
    "gameType": "MATCHED_GAME",
    "subType": "RANKED_SOLO_5x5",
    "mapId": 1,
    "teamId": 100,
    "championId": 13,
    "spell1": 14,
    "spell2": 4,
    "level": 30,
    "ipEarned": 251,
    "createDate": 1399031726762,
    "fellowPlayers": [
      {
        "summonerId": 37735357,
        "teamId": 100,
        "championId": 54
      },
      {
        "summonerId": 30814529,
        "teamId": 100,
        "championId": 157
      },
      {
        "summonerId": 27613703,
        "teamId": 200,
        "championId": 76
      },
      {
        "summonerId": 26838804,
        "teamId": 100,
        "championId": 119
      },
      {
        "summonerId": 33978211,
        "teamId": 200,
        "championId": 104
      },
      {
        "summonerId": 40314001,
        "teamId": 200,
        "championId": 92
      },
      {
        "summonerId": 32229006,
        "teamId": 200,
        "championId": 56
      },
      {
        "summonerId": 40785638,
        "teamId": 200,
        "championId": 412
      },
      {
        "summonerId": 27455040,
        "teamId": 100,
        "championId": 89
      }
    ],
    "stats": {
      "level": 18,
      "goldEarned": 15157,
      "numDeaths": 6,
      "turretsKilled": 1,
      "minionsKilled": 139,
      "championsKilled": 19,
      "goldSpent": 14905,
      "totalDamageDealt": 127305,
      "totalDamageTaken": 28200,
      "doubleKills": 4,
      "tripleKills": 2,
      "killingSprees": 5,
      "largestKillingSpree": 6,
      "team": 100,
      "win": true,
      "neutralMinionsKilled": 6,
      "largestMultiKill": 3,
      "physicalDamageDealtPlayer": 21428,
      "magicDamageDealtPlayer": 104544,
      "physicalDamageTaken": 19238,
      "magicDamageTaken": 7528,
      "timePlayed": 2168,
      "totalHeal": 2173,
      "totalUnitsHealed": 1,
      "assists": 15,
      "item0": 3040,
      "item1": 3027,
      "item2": 3255,
      "item3": 3065,
      "item4": 3110,
      "item5": 3108,
      "item6": 3340,
      "magicDamageDealtToChampions": 34643,
      "physicalDamageDealtToChampions": 2636,
      "totalDamageDealtToChampions": 38443,
      "trueDamageDealtPlayer": 1332,
      "trueDamageDealtToChampions": 1164,
      "trueDamageTaken": 1433,
      "wardPlaced": 10,
      "neutralMinionsKilledEnemyJungle": 3,
      "neutralMinionsKilledYourJungle": 3,
      "totalTimeCrowdControlDealt": 593
    }
  },
  "40314001": {
    "gameId": 825976935,
    "invalid": false,
    "gameMode": "CLASSIC",
    "gameType": "MATCHED_GAME",
    "subType": "RANKED_SOLO_5x5",
    "mapId": 1,
    "teamId": 200,
    "championId": 92,
    "spell1": 4,
    "spell2": 14,
    "level": 30,
    "ipEarned": 67,
    "createDate": 1399031726768,
    "fellowPlayers": [
      {
        "summonerId": 37735357,
        "teamId": 100,
        "championId": 54
      },
      {
        "summonerId": 30814529,
        "teamId": 100,
        "championId": 157
      },
      {
        "summonerId": 27613703,
        "teamId": 200,
        "championId": 76
      },
      {
        "summonerId": 26838804,
        "teamId": 100,
        "championId": 119
      },
      {
        "summonerId": 33978211,
        "teamId": 200,
        "championId": 104
      },
      {
        "summonerId": 32229006,
        "teamId": 200,
        "championId": 56
      },
      {
        "summonerId": 37484235,
        "teamId": 100,
        "championId": 13
      },
      {
        "summonerId": 40785638,
        "teamId": 200,
        "championId": 412
      },
      {
        "summonerId": 27455040,
        "teamId": 100,
        "championId": 89
      }
    ],
    "stats": {
      "level": 17,
      "goldEarned": 12592,
      "numDeaths": 10,
      "turretsKilled": 1,
      "minionsKilled": 251,
      "championsKilled": 5,
      "goldSpent": 14252,
      "totalDamageDealt": 178198,
      "totalDamageTaken": 24110,
      "doubleKills": 1,
      "killingSprees": 2,
      "largestKillingSpree": 2,
      "team": 200,
      "win": false,
      "neutralMinionsKilled": 7,
      "largestMultiKill": 2,
      "physicalDamageDealtPlayer": 176928,
      "physicalDamageTaken": 10674,
      "magicDamageTaken": 12364,
      "largestCriticalStrike": 787,
      "timePlayed": 2168,
      "totalHeal": 624,
      "totalUnitsHealed": 1,
      "assists": 1,
      "item0": 3142,
      "item1": 3074,
      "item2": 3155,
      "item3": 3270,
      "item4": 3035,
      "item6": 3340,
      "physicalDamageDealtToChampions": 15184,
      "totalDamageDealtToChampions": 16378,
      "trueDamageDealtPlayer": 1270,
      "trueDamageDealtToChampions": 1194,
      "trueDamageTaken": 1071,
      "wardPlaced": 9,
      "neutralMinionsKilledEnemyJungle": 1,
      "neutralMinionsKilledYourJungle": 6,
      "totalTimeCrowdControlDealt": 144
    }
  },
  "27455040": {
    "gameId": 825976935,
    "invalid": false,
    "gameMode": "CLASSIC",
    "gameType": "MATCHED_GAME",
    "subType": "RANKED_SOLO_5x5",
    "mapId": 1,
    "teamId": 100,
    "championId": 89,
    "spell1": 4,
    "spell2": 3,
    "level": 30,
    "ipEarned": 101,
    "createDate": 1399031726764,
    "fellowPlayers": [
      {
        "summonerId": 37735357,
        "teamId": 100,
        "championId": 54
      },
      {
        "summonerId": 30814529,
        "teamId": 100,
        "championId": 157
      },
      {
        "summonerId": 27613703,
        "teamId": 200,
        "championId": 76
      },
      {
        "summonerId": 26838804,
        "teamId": 100,
        "championId": 119
      },
      {
        "summonerId": 33978211,
        "teamId": 200,
        "championId": 104
      },
      {
        "summonerId": 40314001,
        "teamId": 200,
        "championId": 92
      },
      {
        "summonerId": 32229006,
        "teamId": 200,
        "championId": 56
      },
      {
        "summonerId": 37484235,
        "teamId": 100,
        "championId": 13
      },
      {
        "summonerId": 40785638,
        "teamId": 200,
        "championId": 412
      }
    ],
    "stats": {
      "level": 15,
      "goldEarned": 9948,
      "numDeaths": 5,
      "turretsKilled": 1,
      "minionsKilled": 27,
      "championsKilled": 1,
      "goldSpent": 9550,
      "totalDamageDealt": 22787,
      "totalDamageTaken": 27845,
      "team": 100,
      "win": true,
      "largestMultiKill": 1,
      "physicalDamageDealtPlayer": 9383,
      "magicDamageDealtPlayer": 11170,
      "physicalDamageTaken": 18730,
      "magicDamageTaken": 8665,
      "timePlayed": 2168,
      "totalHeal": 1932,
      "totalUnitsHealed": 4,
      "assists": 24,
      "item0": 3401,
      "item1": 2049,
      "item2": 3068,
      "item3": 3024,
      "item4": 3111,
      "item6": 3341,
      "sightWardsBought": 3,
      "visionWardsBought": 2,
      "magicDamageDealtToChampions": 5854,
      "physicalDamageDealtToChampions": 3615,
      "totalDamageDealtToChampions": 9470,
      "trueDamageDealtPlayer": 2232,
      "trueDamageTaken": 450,
      "wardKilled": 1,
      "wardPlaced": 26,
      "totalTimeCrowdControlDealt": 98
    }
  },
  "40785638": {
    "gameId": 825976935,
    "invalid": false,
    "gameMode": "CLASSIC",
    "gameType": "MATCHED_GAME",
    "subType": "RANKED_SOLO_5x5",
    "mapId": 1,
    "teamId": 200,
    "championId": 412,
    "spell1": 4,
    "spell2": 3,
    "level": 30,
    "ipEarned": 67,
    "createDate": 1399031726765,
    "fellowPlayers": [
      {
        "summonerId": 37735357,
        "teamId": 100,
        "championId": 54
      },
      {
        "summonerId": 30814529,
        "teamId": 100,
        "championId": 157
      },
      {
        "summonerId": 27613703,
        "teamId": 200,
        "championId": 76
      },
      {
        "summonerId": 26838804,
        "teamId": 100,
        "championId": 119
      },
      {
        "summonerId": 33978211,
        "teamId": 200,
        "championId": 104
      },
      {
        "summonerId": 40314001,
        "teamId": 200,
        "championId": 92
      },
      {
        "summonerId": 32229006,
        "teamId": 200,
        "championId": 56
      },
      {
        "summonerId": 37484235,
        "teamId": 100,
        "championId": 13
      },
      {
        "summonerId": 27455040,
        "teamId": 100,
        "championId": 89
      }
    ],
    "stats": {
      "level": 12,
      "goldEarned": 8355,
      "numDeaths": 11,
      "minionsKilled": 19,
      "championsKilled": 1,
      "goldSpent": 7650,
      "totalDamageDealt": 25517,
      "totalDamageTaken": 26299,
      "team": 200,
      "win": false,
      "neutralMinionsKilled": 1,
      "largestMultiKill": 1,
      "physicalDamageDealtPlayer": 9226,
      "magicDamageDealtPlayer": 16290,
      "physicalDamageTaken": 10570,
      "magicDamageTaken": 15175,
      "timePlayed": 2168,
      "totalHeal": 778,
      "totalUnitsHealed": 1,
      "assists": 10,
      "item0": 3069,
      "item1": 3117,
      "item2": 2049,
      "item3": 3068,
      "item4": 3067,
      "item6": 3340,
      "sightWardsBought": 1,
      "visionWardsBought": 1,
      "magicDamageDealtToChampions": 8350,
      "physicalDamageDealtToChampions": 1233,
      "totalDamageDealtToChampions": 9584,
      "trueDamageTaken": 553,
      "wardKilled": 1,
      "wardPlaced": 23,
      "neutralMinionsKilledYourJungle": 1,
      "totalTimeCrowdControlDealt": 138
    }
  },
  "26838804": {
    "gameId": 825976935,
    "invalid": false,
    "gameMode": "CLASSIC",
    "gameType": "MATCHED_GAME",
    "subType": "RANKED_SOLO_5x5",
    "mapId": 1,
    "teamId": 100,
    "championId": 119,
    "spell1": 7,
    "spell2": 4,
    "level": 30,
    "ipEarned": 101,
    "createDate": 1399031726760,
    "fellowPlayers": [
      {
        "summonerId": 37735357,
        "teamId": 100,
        "championId": 54
      },
      {
        "summonerId": 30814529,
        "teamId": 100,
        "championId": 157
      },
      {
        "summonerId": 27613703,
        "teamId": 200,
        "championId": 76
      },
      {
        "summonerId": 33978211,
        "teamId": 200,
        "championId": 104
      },
      {
        "summonerId": 40314001,
        "teamId": 200,
        "championId": 92
      },
      {
        "summonerId": 32229006,
        "teamId": 200,
        "championId": 56
      },
      {
        "summonerId": 37484235,
        "teamId": 100,
        "championId": 13
      },
      {
        "summonerId": 40785638,
        "teamId": 200,
        "championId": 412
      },
      {
        "summonerId": 27455040,
        "teamId": 100,
        "championId": 89
      }
    ],
    "stats": {
      "level": 17,
      "goldEarned": 15398,
      "numDeaths": 8,
      "turretsKilled": 2,
      "minionsKilled": 152,
      "championsKilled": 11,
      "goldSpent": 12030,
      "totalDamageDealt": 120156,
      "totalDamageTaken": 25130,
      "doubleKills": 2,
      "killingSprees": 4,
      "largestKillingSpree": 3,
      "team": 100,
      "win": true,
      "neutralMinionsKilled": 11,
      "largestMultiKill": 2,
      "physicalDamageDealtPlayer": 118891,
      "magicDamageDealtPlayer": 977,
      "physicalDamageTaken": 17684,
      "magicDamageTaken": 6973,
      "largestCriticalStrike": 1053,
      "timePlayed": 2168,
      "totalHeal": 4695,
      "totalUnitsHealed": 3,
      "assists": 21,
      "item0": 3131,
      "item1": 1055,
      "item2": 3006,
      "item3": 3072,
      "item4": 3031,
      "item5": 3211,
      "item6": 3340,
      "magicDamageDealtToChampions": 857,
      "physicalDamageDealtToChampions": 22186,
      "totalDamageDealtToChampions": 23241,
      "trueDamageDealtPlayer": 288,
      "trueDamageDealtToChampions": 198,
      "trueDamageTaken": 472,
      "wardKilled": 2,
      "wardPlaced": 5,
      "neutralMinionsKilledYourJungle": 11,
      "totalTimeCrowdControlDealt": 200
    }
  }
}