{
  "27815159": {
    "gameId": 825976909,
    "invalid": false,
    "gameMode": "CLASSIC",
    "gameType": "MATCHED_GAME",
    "subType": "RANKED_SOLO_5x5",
    "mapId": 1,
    "teamId": 100,
    "championId": 41,
    "spell1": 11,
    "spell2": 4,
    "level": 30,
    "ipEarned": 242,
    "createDate": 1399031423094,
    "fellowPlayers": [
      {
        "summonerId": 26959714,
        "teamId": 200,
        "championId": 37
      },
      {
        "summonerId": 28108285,
        "teamId": 100,
        "championId": 16
      },
      {
        "summonerId": 28607029,
        "teamId": 200,
        "championId": 23
      },
      {
        "summonerId": 39643676,
        "teamId": 100,
        "championId": 91
      },
      {
        "summonerId": 28172340,
        "teamId": 100,
        "championId": 54
      },
      {
        "summonerId": 28911852,
        "teamId": 200,
        "championId": 32
      },
      {
        "summonerId": 29005337,
        "teamId": 200,
        "championId": 236
      },
      {
        "summonerId": 29824681,
        "teamId": 200,
        "championId": 69
      },
      {
        "summonerId": 37423581,
        "teamId": 100,
        "championId": 21
      }
    ],
    "stats": {
      "level": 16,
      "goldEarned": 14057,
      "numDeaths": 4,
      "barracksKilled": 2,
      "turretsKilled": 1,
      "minionsKilled": 50,
      "championsKilled": 4,
      "goldSpent": 11573,
      "totalDamageDealt": 175647,
      "totalDamageTaken": 36975,
      "killingSprees": 1,
      "largestKillingSpree": 2,
      "team": 100,
      "win": true,
      "neutralMinionsKilled": 95,
      "largestMultiKill": 1,
      "physicalDamageDealtPlayer": 99178,
      "magicDamageDealtPlayer": 61175,
      "physicalDamageTaken": 23960,
      "magicDamageTaken": 12781,
      "largestCriticalStrike": 773,
      "timePlayed": 1957,
      "totalHeal": 12467,
      "totalUnitsHealed": 1,
      "assists": 18,
      "item0": 3160,
      "item1": 1001,
      "item2": 3078,
      "item3": 3143,
      "item4": 3087,
      "item6": 3340,
      "magicDamageDealtToChampions": 6193,
      "physicalDamageDealtToChampions": 8005,
      "totalDamageDealtToChampions": 14714,
      "trueDamageDealtPlayer": 15294,
      "trueDamageDealtToChampions": 516,
      "trueDamageTaken": 234,
      "wardPlaced": 7,
      "neutralMinionsKilledEnemyJungle": 7,
      "neutralMinionsKilledYourJungle": 88,
      "totalTimeCrowdControlDealt": 2345
    }
  },
  "summonerCount": 10,
  "28172340": {
    "gameId": 825976909,
    "invalid": false,
    "gameMode": "CLASSIC",
    "gameType": "MATCHED_GAME",
    "subType": "RANKED_SOLO_5x5",
    "mapId": 1,
    "teamId": 100,
    "championId": 54,
    "spell1": 4,
    "spell2": 12,
    "level": 30,
    "ipEarned": 92,
    "createDate": 1399031423096,
    "fellowPlayers": [
      {
        "summonerId": 26959714,
        "teamId": 200,
        "championId": 37
      },
      {
        "summonerId": 28108285,
        "teamId": 100,
        "championId": 16
      },
      {
        "summonerId": 28607029,
        "teamId": 200,
        "championId": 23
      },
      {
        "summonerId": 39643676,
        "teamId": 100,
        "championId": 91
      },
      {
        "summonerId": 28911852,
        "teamId": 200,
        "championId": 32
      },
      {
        "summonerId": 29005337,
        "teamId": 200,
        "championId": 236
      },
      {
        "summonerId": 27815159,
        "teamId": 100,
        "championId": 41
      },
      {
        "summonerId": 29824681,
        "teamId": 200,
        "championId": 69
      },
      {
        "summonerId": 37423581,
        "teamId": 100,
        "championId": 21
      }
    ],
    "stats": {
      "level": 16,
      "goldEarned": 11390,
      "numDeaths": 3,
      "minionsKilled": 161,
      "championsKilled": 5,
      "goldSpent": 9940,
      "totalDamageDealt": 99247,
      "totalDamageTaken": 24282,
      "killingSprees": 2,
      "largestKillingSpree": 3,
      "team": 100,
      "win": true,
      "neutralMinionsKilled": 1,
      "largestMultiKill": 1,
      "physicalDamageDealtPlayer": 45932,
      "magicDamageDealtPlayer": 53314,
      "physicalDamageTaken": 14649,
      "magicDamageTaken": 9178,
      "timePlayed": 1957,
      "totalHeal": 2322,
      "totalUnitsHealed": 1,
      "assists": 11,
      "item0": 3143,
      "item1": 2044,
      "item2": 2043,
      "item3": 3025,
      "item4": 3068,
      "item5": 1001,
      "item6": 3340,
      "sightWardsBought": 4,
      "visionWardsBought": 1,
      "magicDamageDealtToChampions": 13290,
      "physicalDamageDealtToChampions": 7706,
      "totalDamageDealtToChampions": 20997,
      "trueDamageTaken": 454,
      "wardKilled": 1,
      "wardPlaced": 6,
      "neutralMinionsKilledEnemyJungle": 1,
      "totalTimeCrowdControlDealt": 1115
    }
  },
  "37423581": {
    "gameId": 825976909,
    "invalid": false,
    "gameMode": "CLASSIC",
    "gameType": "MATCHED_GAME",
    "subType": "RANKED_SOLO_5x5",
    "mapId": 1,
    "teamId": 100,
    "championId": 21,
    "spell1": 7,
    "spell2": 4,
    "level": 30,
    "ipEarned": 92,
    "createDate": 1399031423098,
    "fellowPlayers": [
      {
        "summonerId": 26959714,
        "teamId": 200,
        "championId": 37
      },
      {
        "summonerId": 28108285,
        "teamId": 100,
        "championId": 16
      },
      {
        "summonerId": 28607029,
        "teamId": 200,
        "championId": 23
      },
      {
        "summonerId": 39643676,
        "teamId": 100,
        "championId": 91
      },
      {
        "summonerId": 28172340,
        "teamId": 100,
        "championId": 54
      },
      {
        "summonerId": 28911852,
        "teamId": 200,
        "championId": 32
      },
      {
        "summonerId": 29005337,
        "teamId": 200,
        "championId": 236
      },
      {
        "summonerId": 27815159,
        "teamId": 100,
        "championId": 41
      },
      {
        "summonerId": 29824681,
        "teamId": 200,
        "championId": 69
      }
    ],
    "stats": {
      "level": 17,
      "goldEarned": 16722,
      "numDeaths": 8,
      "turretsKilled": 2,
      "minionsKilled": 170,
      "championsKilled": 23,
      "goldSpent": 17245,
      "totalDamageDealt": 175444,
      "totalDamageTaken": 33371,
      "doubleKills": 6,
      "tripleKills": 2,
      "quadraKills": 1,
      "pentaKills": 1,
      "killingSprees": 3,
      "largestKillingSpree": 14,
      "team": 100,
      "win": true,
      "neutralMinionsKilled": 30,
      "largestMultiKill": 5,
      "physicalDamageDealtPlayer": 153620,
      "magicDamageDealtPlayer": 19868,
      "physicalDamageTaken": 20265,
      "magicDamageTaken": 13106,
      "largestCriticalStrike": 952,
      "timePlayed": 1957,
      "totalHeal": 3168,
      "totalUnitsHealed": 3,
      "assists": 3,
      "item0": 3006,
      "item1": 3072,
      "item2": 3035,
      "item3": 3046,
      "item4": 3031,
      "item5": 3102,
      "item6": 3340,
      "magicDamageDealtToChampions": 6126,
      "physicalDamageDealtToChampions": 34767,
      "totalDamageDealtToChampions": 42199,
      "trueDamageDealtPlayer": 1954,
      "trueDamageDealtToChampions": 1304,
      "wardPlaced": 4,
      "neutralMinionsKilledEnemyJungle": 5,
      "neutralMinionsKilledYourJungle": 25,
      "totalTimeCrowdControlDealt": 667
    }
  },
  "28607029": {
    "gameId": 825976909,
    "invalid": false,
    "gameMode": "CLASSIC",
    "gameType": "MATCHED_GAME",
    "subType": "RANKED_SOLO_5x5",
    "mapId": 1,
    "teamId": 200,
    "championId": 23,
    "spell1": 7,
    "spell2": 4,
    "level": 30,
    "ipEarned": 61,
    "createDate": 1399031423102,
    "fellowPlayers": [
      {
        "summonerId": 26959714,
        "teamId": 200,
        "championId": 37
      },
      {
        "summonerId": 28108285,
        "teamId": 100,
        "championId": 16
      },
      {
        "summonerId": 39643676,
        "teamId": 100,
        "championId": 91
      },
      {
        "summonerId": 28172340,
        "teamId": 100,
        "championId": 54
      },
      {
        "summonerId": 28911852,
        "teamId": 200,
        "championId": 32
      },
      {
        "summonerId": 29005337,
        "teamId": 200,
        "championId": 236
      },
      {
        "summonerId": 27815159,
        "teamId": 100,
        "championId": 41
      },
      {
        "summonerId": 29824681,
        "teamId": 200,
        "championId": 69
      },
      {
        "summonerId": 37423581,
        "teamId": 100,
        "championId": 21
      }
    ],
    "stats": {
      "level": 14,
      "goldEarned": 9044,
      "numDeaths": 11,
      "turretsKilled": 2,
      "minionsKilled": 149,
      "championsKilled": 4,
      "goldSpent": 8525,
      "totalDamageDealt": 100171,
      "totalDamageTaken": 36757,
      "team": 200,
      "win": false,
      "neutralMinionsKilled": 4,
      "largestMultiKill": 1,
      "physicalDamageDealtPlayer": 97003,
      "magicDamageDealtPlayer": 3168,
      "physicalDamageTaken": 24295,
      "magicDamageTaken": 11904,
      "largestCriticalStrike": 390,
      "timePlayed": 1957,
      "totalHeal": 8916,
      "totalUnitsHealed": 2,
      "assists": 3,
      "item0": 3153,
      "item1": 3006,
      "item2": 3087,
      "item3": 1037,
      "item4": 1018,
      "item6": 3340,
      "sightWardsBought": 1,
      "magicDamageDealtToChampions": 765,
      "physicalDamageDealtToChampions": 16353,
      "totalDamageDealtToChampions": 17118,
      "trueDamageTaken": 557,
      "wardPlaced": 9,
      "neutralMinionsKilledYourJungle": 4,
      "totalTimeCrowdControlDealt": 76
    }
  },
  "29005337": {
    "gameId": 825976909,
    "invalid": false,
    "gameMode": "CLASSIC",
    "gameType": "MATCHED_GAME",
    "subType": "RANKED_SOLO_5x5",
    "mapId": 1,
    "teamId": 200,
    "championId": 236,
    "spell1": 7,
    "spell2": 4,
    "level": 30,
    "ipEarned": 61,
    "createDate": 1399031423104,
    "fellowPlayers": [
      {
        "summonerId": 26959714,
        "teamId": 200,
        "championId": 37
      },
      {
        "summonerId": 28108285,
        "teamId": 100,
        "championId": 16
      },
      {
        "summonerId": 28607029,
        "teamId": 200,
        "championId": 23
      },
      {
        "summonerId": 39643676,
        "teamId": 100,
        "championId": 91
      },
      {
        "summonerId": 28172340,
        "teamId": 100,
        "championId": 54
      },
      {
        "summonerId": 28911852,
        "teamId": 200,
        "championId": 32
      },
      {
        "summonerId": 27815159,
        "teamId": 100,
        "championId": 41
      },
      {
        "summonerId": 29824681,
        "teamId": 200,
        "championId": 69
      },
      {
        "summonerId": 37423581,
        "teamId": 100,
        "championId": 21
      }
    ],
    "stats": {
      "level": 15,
      "goldEarned": 11024,
      "numDeaths": 7,
      "turretsKilled": 1,
      "minionsKilled": 175,
      "championsKilled": 8,
      "goldSpent": 11013,
      "totalDamageDealt": 114936,
      "totalDamageTaken": 29631,
      "killingSprees": 3,
      "largestKillingSpree": 3,
      "team": 200,
      "win": false,
      "neutralMinionsKilled": 4,
      "largestMultiKill": 1,
      "physicalDamageDealtPlayer": 101226,
      "magicDamageDealtPlayer": 13054,
      "physicalDamageTaken": 22994,
      "magicDamageTaken": 6000,
      "largestCriticalStrike": 460,
      "timePlayed": 1957,
      "totalHeal": 2711,
      "totalUnitsHealed": 3,
      "assists": 5,
      "item0": 1018,
      "item1": 3078,
      "item2": 1038,
      "item4": 3072,
      "item5": 3006,
      "item6": 3340,
      "magicDamageDealtToChampions": 5105,
      "physicalDamageDealtToChampions": 26836,
      "totalDamageDealtToChampions": 32527,
      "trueDamageDealtPlayer": 656,
      "trueDamageDealtToChampions": 586,
      "trueDamageTaken": 636,
      "wardPlaced": 2,
      "neutralMinionsKilledEnemyJungle": 1,
      "neutralMinionsKilledYourJungle": 3,
      "totalTimeCrowdControlDealt": 143
    }
  },
  "29824681": {
    "gameId": 825976909,
    "invalid": false,
    "gameMode": "CLASSIC",
    "gameType": "MATCHED_GAME",
    "subType": "RANKED_SOLO_5x5",
    "mapId": 1,
    "teamId": 200,
    "championId": 69,
    "spell1": 7,
    "spell2": 4,
    "level": 30,
    "ipEarned": 61,
    "createDate": 1399031423103,
    "fellowPlayers": [
      {
        "summonerId": 26959714,
        "teamId": 200,
        "championId": 37
      },
      {
        "summonerId": 28108285,
        "teamId": 100,
        "championId": 16
      },
      {
        "summonerId": 28607029,
        "teamId": 200,
        "championId": 23
      },
      {
        "summonerId": 39643676,
        "teamId": 100,
        "championId": 91
      },
      {
        "summonerId": 28172340,
        "teamId": 100,
        "championId": 54
      },
      {
        "summonerId": 28911852,
        "teamId": 200,
        "championId": 32
      },
      {
        "summonerId": 29005337,
        "teamId": 200,
        "championId": 236
      },
      {
        "summonerId": 27815159,
        "teamId": 100,
        "championId": 41
      },
      {
        "summonerId": 37423581,
        "teamId": 100,
        "championId": 21
      }
    ],
    "stats": {
      "level": 14,
      "goldEarned": 9492,
      "numDeaths": 10,
      "minionsKilled": 149,
      "championsKilled": 6,
      "goldSpent": 9075,
      "totalDamageDealt": 112830,
      "totalDamageTaken": 21625,
      "doubleKills": 1,
      "killingSprees": 1,
      "largestKillingSpree": 2,
      "team": 200,
      "win": false,
      "neutralMinionsKilled": 6,
      "largestMultiKill": 2,
      "physicalDamageDealtPlayer": 10206,
      "magicDamageDealtPlayer": 102623,
      "physicalDamageTaken": 18223,
      "magicDamageTaken": 2638,
      "timePlayed": 1957,
      "totalHeal": 3026,
      "totalUnitsHealed": 3,
      "assists": 2,
      "item0": 3151,
      "item1": 3157,
      "item2": 1052,
      "item4": 3020,
      "item5": 3070,
      "item6": 3340,
      "magicDamageDealtToChampions": 24182,
      "physicalDamageDealtToChampions": 885,
      "totalDamageDealtToChampions": 25068,
      "trueDamageTaken": 764,
      "wardPlaced": 10,
      "neutralMinionsKilledYourJungle": 6,
      "totalTimeCrowdControlDealt": 3472
    }
  },
  "28911852": {
    "gameId": 825976909,
    "invalid": false,
    "gameMode": "CLASSIC",
    "gameType": "MATCHED_GAME",
    "subType": "RANKED_SOLO_5x5",
    "mapId": 1,
    "teamId": 200,
    "championId": 32,
    "spell1": 11,
    "spell2": 4,
    "level": 30,
    "ipEarned": 61,
    "createDate": 1399031423106,
    "fellowPlayers": [
      {
        "summonerId": 26959714,
        "teamId": 200,
        "championId": 37
      },
      {
        "summonerId": 28108285,
        "teamId": 100,
        "championId": 16
      },
      {
        "summonerId": 28607029,
        "teamId": 200,
        "championId": 23
      },
      {
        "summonerId": 39643676,
        "teamId": 100,
        "championId": 91
      },
      {
        "summonerId": 28172340,
        "teamId": 100,
        "championId": 54
      },
      {
        "summonerId": 29005337,
        "teamId": 200,
        "championId": 236
      },
      {
        "summonerId": 27815159,
        "teamId": 100,
        "championId": 41
      },
      {
        "summonerId": 29824681,
        "teamId": 200,
        "championId": 69
      },
      {
        "summonerId": 37423581,
        "teamId": 100,
        "championId": 21
      }
    ],
    "stats": {
      "level": 16,
      "goldEarned": 9958,
      "numDeaths": 9,
      "minionsKilled": 29,
      "championsKilled": 1,
      "goldSpent": 9680,
      "totalDamageDealt": 161040,
      "totalDamageTaken": 33516,
      "team": 200,
      "win": false,
      "neutralMinionsKilled": 107,
      "largestMultiKill": 1,
      "physicalDamageDealtPlayer": 23134,
      "magicDamageDealtPlayer": 123227,
      "physicalDamageTaken": 26272,
      "magicDamageTaken": 6466,
      "timePlayed": 1957,
      "totalHeal": 5078,
      "totalUnitsHealed": 1,
      "assists": 9,
      "item0": 3206,
      "item1": 3116,
      "item2": 3020,
      "item3": 3068,
      "item4": 1031,
      "item6": 3340,
      "visionWardsBought": 1,
      "magicDamageDealtToChampions": 13863,
      "physicalDamageDealtToChampions": 917,
      "totalDamageDealtToChampions": 14824,
      "trueDamageDealtPlayer": 14678,
      "trueDamageDealtToChampions": 44,
      "trueDamageTaken": 777,
      "wardPlaced": 11,
      "neutralMinionsKilledEnemyJungle": 13,
      "neutralMinionsKilledYourJungle": 94,
      "totalTimeCrowdControlDealt": 804
    }
  },
  "39643676": {
    "gameId": 825976909,
    "invalid": false,
    "gameMode": "CLASSIC",
    "gameType": "MATCHED_GAME",
    "subType": "RANKED_SOLO_5x5",
    "mapId": 1,
    "teamId": 100,
    "championId": 91,
    "spell1": 4,
    "spell2": 14,
    "level": 30,
    "ipEarned": 242,
    "createDate": 1399031423099,
    "fellowPlayers": [
      {
        "summonerId": 26959714,
        "teamId": 200,
        "championId": 37
      },
      {
        "summonerId": 28108285,
        "teamId": 100,
        "championId": 16
      },
      {
        "summonerId": 28607029,
        "teamId": 200,
        "championId": 23
      },
      {
        "summonerId": 28172340,
        "teamId": 100,
        "championId": 54
      },
      {
        "summonerId": 28911852,
        "teamId": 200,
        "championId": 32
      },
      {
        "summonerId": 29005337,
        "teamId": 200,
        "championId": 236
      },
      {
        "summonerId": 27815159,
        "teamId": 100,
        "championId": 41
      },
      {
        "summonerId": 29824681,
        "teamId": 200,
        "championId": 69
      },
      {
        "summonerId": 37423581,
        "teamId": 100,
        "championId": 21
      }
    ],
    "stats": {
      "level": 18,
      "goldEarned": 13644,
      "numDeaths": 4,
      "turretsKilled": 3,
      "minionsKilled": 186,
      "championsKilled": 10,
      "goldSpent": 10800,
      "totalDamageDealt": 154901,
      "totalDamageTaken": 25988,
      "doubleKills": 2,
      "killingSprees": 4,
      "largestKillingSpree": 3,
      "team": 100,
      "win": true,
      "neutralMinionsKilled": 16,
      "largestMultiKill": 2,
      "physicalDamageDealtPlayer": 153985,
      "physicalDamageTaken": 11999,
      "magicDamageTaken": 13636,
      "timePlayed": 1957,
      "totalHeal": 2097,
      "totalUnitsHealed": 1,
      "assists": 11,
      "item0": 3074,
      "item1": 3158,
      "item2": 3035,
      "item3": 3072,
      "item4": 1036,
      "item5": 1036,
      "item6": 3340,
      "physicalDamageDealtToChampions": 26927,
      "totalDamageDealtToChampions": 27843,
      "trueDamageDealtPlayer": 916,
      "trueDamageDealtToChampions": 916,
      "trueDamageTaken": 353,
      "wardPlaced": 9,
      "neutralMinionsKilledEnemyJungle": 12,
      "neutralMinionsKilledYourJungle": 4,
      "totalTimeCrowdControlDealt": 864
    }
  },
  "27815159": {
    "gameId": 825976909,
    "invalid": false,
    "gameMode": "CLASSIC",
    "gameType": "MATCHED_GAME",
    "subType": "RANKED_SOLO_5x5",
    "mapId": 1,
    "teamId": 100,
    "championId": 41,
    "spell1": 11,
    "spell2": 4,
    "level": 30,
    "ipEarned": 242,
    "createDate": 1399031423094,
    "fellowPlayers": [
      {
        "summonerId": 26959714,
        "teamId": 200,
        "championId": 37
      },
      {
        "summonerId": 28108285,
        "teamId": 100,
        "championId": 16
      },
      {
        "summonerId": 28607029,
        "teamId": 200,
        "championId": 23
      },
      {
        "summonerId": 39643676,
        "teamId": 100,
        "championId": 91
      },
      {
        "summonerId": 28172340,
        "teamId": 100,
        "championId": 54
      },
      {
        "summonerId": 28911852,
        "teamId": 200,
        "championId": 32
      },
      {
        "summonerId": 29005337,
        "teamId": 200,
        "championId": 236
      },
      {
        "summonerId": 29824681,
        "teamId": 200,
        "championId": 69
      },
      {
        "summonerId": 37423581,
        "teamId": 100,
        "championId": 21
      }
    ],
    "stats": {
      "level": 16,
      "goldEarned": 14057,
      "numDeaths": 4,
      "barracksKilled": 2,
      "turretsKilled": 1,
      "minionsKilled": 50,
      "championsKilled": 4,
      "goldSpent": 11573,
      "totalDamageDealt": 175647,
      "totalDamageTaken": 36975,
      "killingSprees": 1,
      "largestKillingSpree": 2,
      "team": 100,
      "win": true,
      "neutralMinionsKilled": 95,
      "largestMultiKill": 1,
      "physicalDamageDealtPlayer": 99178,
      "magicDamageDealtPlayer": 61175,
      "physicalDamageTaken": 23960,
      "magicDamageTaken": 12781,
      "largestCriticalStrike": 773,
      "timePlayed": 1957,
      "totalHeal": 12467,
      "totalUnitsHealed": 1,
      "assists": 18,
      "item0": 3160,
      "item1": 1001,
      "item2": 3078,
      "item3": 3143,
      "item4": 3087,
      "item6": 3340,
      "magicDamageDealtToChampions": 6193,
      "physicalDamageDealtToChampions": 8005,
      "totalDamageDealtToChampions": 14714,
      "trueDamageDealtPlayer": 15294,
      "trueDamageDealtToChampions": 516,
      "trueDamageTaken": 234,
      "wardPlaced": 7,
      "neutralMinionsKilledEnemyJungle": 7,
      "neutralMinionsKilledYourJungle": 88,
      "totalTimeCrowdControlDealt": 2345
    }
  },
  "28108285": {
    "gameId": 825976909,
    "invalid": false,
    "gameMode": "CLASSIC",
    "gameType": "MATCHED_GAME",
    "subType": "RANKED_SOLO_5x5",
    "mapId": 1,
    "teamId": 100,
    "championId": 16,
    "spell1": 4,
    "spell2": 3,
    "level": 30,
    "ipEarned": 92,
    "createDate": 1399031423095,
    "fellowPlayers": [
      {
        "summonerId": 26959714,
        "teamId": 200,
        "championId": 37
      },
      {
        "summonerId": 28607029,
        "teamId": 200,
        "championId": 23
      },
      {
        "summonerId": 39643676,
        "teamId": 100,
        "championId": 91
      },
      {
        "summonerId": 28172340,
        "teamId": 100,
        "championId": 54
      },
      {
        "summonerId": 28911852,
        "teamId": 200,
        "championId": 32
      },
      {
        "summonerId": 29005337,
        "teamId": 200,
        "championId": 236
      },
      {
        "summonerId": 27815159,
        "teamId": 100,
        "championId": 41
      },
      {
        "summonerId": 29824681,
        "teamId": 200,
        "championId": 69
      },
      {
        "summonerId": 37423581,
        "teamId": 100,
        "championId": 21
      }
    ],
    "stats": {
      "level": 15,
      "goldEarned": 10518,
      "numDeaths": 4,
      "minionsKilled": 14,
      "goldSpent": 8715,
      "totalDamageDealt": 18546,
      "totalDamageTaken": 21996,
      "team": 100,
      "win": true,
      "physicalDamageDealtPlayer": 6377,
      "magicDamageDealtPlayer": 12168,
      "physicalDamageTaken": 11059,
      "magicDamageTaken": 10567,
      "timePlayed": 1957,
      "totalHeal": 21295,
      "totalUnitsHealed": 6,
      "assists": 24,
      "item0": 3158,
      "item1": 3222,
      "item2": 2045,
      "item3": 3096,
      "item4": 3065,
      "item5": 1052,
      "item6": 3341,
      "sightWardsBought": 2,
      "magicDamageDealtToChampions": 5842,
      "physicalDamageDealtToChampions": 2205,
      "totalDamageDealtToChampions": 8048,
      "trueDamageTaken": 369,
      "wardKilled": 1,
      "wardPlaced": 17,
      "totalTimeCrowdControlDealt": 62
    }
  }
}