{
  "37177692": {
    "gameId": 825966653,
    "invalid": false,
    "gameMode": "CLASSIC",
    "gameType": "MATCHED_GAME",
    "subType": "NORMAL",
    "mapId": 1,
    "teamId": 100,
    "championId": 64,
    "spell1": 11,
    "spell2": 4,
    "level": 30,
    "ipEarned": 67,
    "createDate": 1399029851725,
    "fellowPlayers": [
      {
        "summonerId": 36085366,
        "teamId": 200,
        "championId": 254
      },
      {
        "summonerId": 30941172,
        "teamId": 200,
        "championId": 117
      },
      {
        "summonerId": 35067824,
        "teamId": 100,
        "championId": 45
      },
      {
        "summonerId": 40011433,
        "teamId": 100,
        "championId": 222
      },
      {
        "summonerId": 40363195,
        "teamId": 100,
        "championId": 61
      },
      {
        "summonerId": 34847688,
        "teamId": 200,
        "championId": 42
      },
      {
        "summonerId": 34395886,
        "teamId": 100,
        "championId": 157
      },
      {
        "summonerId": 38936175,
        "teamId": 200,
        "championId": 24
      },
      {
        "summonerId": 35720205,
        "teamId": 200,
        "championId": 7
      }
    ],
    "stats": {
      "level": 17,
      "goldEarned": 11895,
      "numDeaths": 10,
      "turretsKilled": 1,
      "minionsKilled": 78,
      "championsKilled": 9,
      "goldSpent": 11650,
      "totalDamageDealt": 161542,
      "totalDamageTaken": 33547,
      "doubleKills": 1,
      "killingSprees": 1,
      "largestKillingSpree": 3,
      "team": 100,
      "win": false,
      "neutralMinionsKilled": 80,
      "largestMultiKill": 2,
      "physicalDamageDealtPlayer": 104337,
      "magicDamageDealtPlayer": 47300,
      "physicalDamageTaken": 25709,
      "magicDamageTaken": 6467,
      "timePlayed": 2160,
      "totalHeal": 2587,
      "totalUnitsHealed": 1,
      "assists": 4,
      "item0": 3111,
      "item1": 3074,
      "item2": 3154,
      "item3": 3071,
      "item4": 1011,
      "item5": 3082,
      "item6": 3340,
      "magicDamageDealtToChampions": 3521,
      "physicalDamageDealtToChampions": 14254,
      "totalDamageDealtToChampions": 18058,
      "trueDamageDealtPlayer": 9904,
      "trueDamageDealtToChampions": 282,
      "trueDamageTaken": 1370,
      "wardPlaced": 13,
      "neutralMinionsKilledEnemyJungle": 8,
      "neutralMinionsKilledYourJungle": 72,
      "totalTimeCrowdControlDealt": 886
    }
  },
  "summonerCount": 10,
  "40011433": {
    "gameId": 825966653,
    "invalid": false,
    "gameMode": "CLASSIC",
    "gameType": "MATCHED_GAME",
    "subType": "NORMAL",
    "mapId": 1,
    "teamId": 100,
    "championId": 222,
    "spell1": 4,
    "spell2": 7,
    "level": 30,
    "ipEarned": 67,
    "createDate": 1399029851727,
    "fellowPlayers": [
      {
        "summonerId": 36085366,
        "teamId": 200,
        "championId": 254
      },
      {
        "summonerId": 30941172,
        "teamId": 200,
        "championId": 117
      },
      {
        "summonerId": 35067824,
        "teamId": 100,
        "championId": 45
      },
      {
        "summonerId": 40363195,
        "teamId": 100,
        "championId": 61
      },
      {
        "summonerId": 34847688,
        "teamId": 200,
        "championId": 42
      },
      {
        "summonerId": 37177692,
        "teamId": 100,
        "championId": 64
      },
      {
        "summonerId": 34395886,
        "teamId": 100,
        "championId": 157
      },
      {
        "summonerId": 38936175,
        "teamId": 200,
        "championId": 24
      },
      {
        "summonerId": 35720205,
        "teamId": 200,
        "championId": 7
      }
    ],
    "stats": {
      "level": 14,
      "goldEarned": 9839,
      "numDeaths": 9,
      "turretsKilled": 1,
      "minionsKilled": 102,
      "championsKilled": 10,
      "goldSpent": 9165,
      "totalDamageDealt": 78527,
      "totalDamageTaken": 21238,
      "doubleKills": 1,
      "killingSprees": 2,
      "largestKillingSpree": 6,
      "team": 100,
      "win": false,
      "largestMultiKill": 2,
      "physicalDamageDealtPlayer": 70926,
      "magicDamageDealtPlayer": 7600,
      "physicalDamageTaken": 11078,
      "magicDamageTaken": 9852,
      "largestCriticalStrike": 488,
      "timePlayed": 2160,
      "totalHeal": 1693,
      "totalUnitsHealed": 3,
      "assists": 5,
      "item0": 3072,
      "item1": 3006,
      "item2": 3087,
      "item3": 1038,
      "item4": 1037,
      "item6": 3340,
      "magicDamageDealtToChampions": 1974,
      "physicalDamageDealtToChampions": 19550,
      "totalDamageDealtToChampions": 21525,
      "trueDamageTaken": 308,
      "wardPlaced": 4,
      "totalTimeCrowdControlDealt": 92
    }
  },
  "38936175": {
    "gameId": 825966653,
    "invalid": false,
    "gameMode": "CLASSIC",
    "gameType": "MATCHED_GAME",
    "subType": "NORMAL",
    "mapId": 1,
    "teamId": 200,
    "championId": 24,
    "spell1": 4,
    "spell2": 14,
    "level": 30,
    "ipEarned": 101,
    "createDate": 1399029851735,
    "fellowPlayers": [
      {
        "summonerId": 36085366,
        "teamId": 200,
        "championId": 254
      },
      {
        "summonerId": 30941172,
        "teamId": 200,
        "championId": 117
      },
      {
        "summonerId": 35067824,
        "teamId": 100,
        "championId": 45
      },
      {
        "summonerId": 40011433,
        "teamId": 100,
        "championId": 222
      },
      {
        "summonerId": 40363195,
        "teamId": 100,
        "championId": 61
      },
      {
        "summonerId": 34847688,
        "teamId": 200,
        "championId": 42
      },
      {
        "summonerId": 37177692,
        "teamId": 100,
        "championId": 64
      },
      {
        "summonerId": 34395886,
        "teamId": 100,
        "championId": 157
      },
      {
        "summonerId": 35720205,
        "teamId": 200,
        "championId": 7
      }
    ],
    "stats": {
      "level": 18,
      "goldEarned": 21684,
      "numDeaths": 6,
      "barracksKilled": 1,
      "turretsKilled": 2,
      "minionsKilled": 176,
      "championsKilled": 35,
      "goldSpent": 19573,
      "totalDamageDealt": 196911,
      "totalDamageTaken": 43785,
      "doubleKills": 6,
      "tripleKills": 3,
      "quadraKills": 2,
      "pentaKills": 1,
      "killingSprees": 7,
      "largestKillingSpree": 9,
      "team": 200,
      "win": true,
      "neutralMinionsKilled": 29,
      "largestMultiKill": 5,
      "physicalDamageDealtPlayer": 154312,
      "magicDamageDealtPlayer": 39892,
      "physicalDamageTaken": 28909,
      "magicDamageTaken": 13030,
      "largestCriticalStrike": 617,
      "timePlayed": 2160,
      "totalHeal": 989,
      "totalUnitsHealed": 1,
      "assists": 4,
      "item0": 3078,
      "item1": 3153,
      "item2": 3124,
      "item3": 3284,
      "item4": 3083,
      "item5": 3156,
      "item6": 3340,
      "magicDamageDealtToChampions": 15325,
      "physicalDamageDealtToChampions": 39167,
      "totalDamageDealtToChampions": 56918,
      "trueDamageDealtPlayer": 2706,
      "trueDamageDealtToChampions": 2426,
      "trueDamageTaken": 1846,
      "wardPlaced": 9,
      "neutralMinionsKilledEnemyJungle": 9,
      "neutralMinionsKilledYourJungle": 20,
      "totalTimeCrowdControlDealt": 758
    }
  },
  "36085366": {
    "gameId": 825966653,
    "invalid": false,
    "gameMode": "CLASSIC",
    "gameType": "MATCHED_GAME",
    "subType": "NORMAL",
    "mapId": 1,
    "teamId": 200,
    "championId": 254,
    "spell1": 4,
    "spell2": 11,
    "level": 30,
    "ipEarned": 101,
    "createDate": 1399029851732,
    "fellowPlayers": [
      {
        "summonerId": 30941172,
        "teamId": 200,
        "championId": 117
      },
      {
        "summonerId": 35067824,
        "teamId": 100,
        "championId": 45
      },
      {
        "summonerId": 40011433,
        "teamId": 100,
        "championId": 222
      },
      {
        "summonerId": 40363195,
        "teamId": 100,
        "championId": 61
      },
      {
        "summonerId": 34847688,
        "teamId": 200,
        "championId": 42
      },
      {
        "summonerId": 37177692,
        "teamId": 100,
        "championId": 64
      },
      {
        "summonerId": 34395886,
        "teamId": 100,
        "championId": 157
      },
      {
        "summonerId": 38936175,
        "teamId": 200,
        "championId": 24
      },
      {
        "summonerId": 35720205,
        "teamId": 200,
        "championId": 7
      }
    ],
    "stats": {
      "level": 18,
      "goldEarned": 11605,
      "numDeaths": 6,
      "turretsKilled": 1,
      "minionsKilled": 59,
      "championsKilled": 4,
      "goldSpent": 9478,
      "totalDamageDealt": 148287,
      "totalDamageTaken": 23330,
      "killingSprees": 1,
      "largestKillingSpree": 2,
      "team": 200,
      "win": true,
      "neutralMinionsKilled": 74,
      "largestMultiKill": 1,
      "physicalDamageDealtPlayer": 134292,
      "magicDamageDealtPlayer": 773,
      "physicalDamageTaken": 19479,
      "magicDamageTaken": 3452,
      "largestCriticalStrike": 722,
      "timePlayed": 2160,
      "totalHeal": 4003,
      "totalUnitsHealed": 1,
      "assists": 7,
      "item0": 3117,
      "item1": 3078,
      "item2": 1028,
      "item3": 3209,
      "item4": 1011,
      "item5": 1037,
      "item6": 3341,
      "physicalDamageDealtToChampions": 10549,
      "totalDamageDealtToChampions": 11275,
      "trueDamageDealtPlayer": 13222,
      "trueDamageDealtToChampions": 725,
      "trueDamageTaken": 399,
      "wardKilled": 4,
      "neutralMinionsKilledEnemyJungle": 7,
      "neutralMinionsKilledYourJungle": 67,
      "totalTimeCrowdControlDealt": 212
    }
  },
  "35720205": {
    "gameId": 825966653,
    "invalid": false,
    "gameMode": "CLASSIC",
    "gameType": "MATCHED_GAME",
    "subType": "NORMAL",
    "mapId": 1,
    "teamId": 200,
    "championId": 7,
    "spell1": 4,
    "spell2": 14,
    "level": 30,
    "ipEarned": 101,
    "createDate": 1399029851734,
    "fellowPlayers": [
      {
        "summonerId": 36085366,
        "teamId": 200,
        "championId": 254
      },
      {
        "summonerId": 30941172,
        "teamId": 200,
        "championId": 117
      },
      {
        "summonerId": 35067824,
        "teamId": 100,
        "championId": 45
      },
      {
        "summonerId": 40011433,
        "teamId": 100,
        "championId": 222
      },
      {
        "summonerId": 40363195,
        "teamId": 100,
        "championId": 61
      },
      {
        "summonerId": 34847688,
        "teamId": 200,
        "championId": 42
      },
      {
        "summonerId": 37177692,
        "teamId": 100,
        "championId": 64
      },
      {
        "summonerId": 34395886,
        "teamId": 100,
        "championId": 157
      },
      {
        "summonerId": 38936175,
        "teamId": 200,
        "championId": 24
      }
    ],
    "stats": {
      "level": 17,
      "goldEarned": 13669,
      "numDeaths": 4,
      "turretsKilled": 1,
      "minionsKilled": 221,
      "championsKilled": 8,
      "goldSpent": 12305,
      "totalDamageDealt": 112637,
      "totalDamageTaken": 17556,
      "killingSprees": 1,
      "largestKillingSpree": 7,
      "team": 200,
      "win": true,
      "neutralMinionsKilled": 4,
      "largestMultiKill": 1,
      "physicalDamageDealtPlayer": 21683,
      "magicDamageDealtPlayer": 90253,
      "physicalDamageTaken": 7376,
      "magicDamageTaken": 9930,
      "timePlayed": 2160,
      "totalHeal": 1784,
      "totalUnitsHealed": 1,
      "assists": 5,
      "item0": 3255,
      "item1": 3128,
      "item2": 3165,
      "item3": 1056,
      "item4": 3089,
      "item5": 3136,
      "item6": 3340,
      "magicDamageDealtToChampions": 13374,
      "physicalDamageDealtToChampions": 1211,
      "totalDamageDealtToChampions": 15105,
      "trueDamageDealtPlayer": 700,
      "trueDamageDealtToChampions": 520,
      "trueDamageTaken": 250,
      "neutralMinionsKilledEnemyJungle": 4,
      "totalTimeCrowdControlDealt": 67
    }
  },
  "35067824": {
    "gameId": 825966653,
    "invalid": false,
    "gameMode": "CLASSIC",
    "gameType": "MATCHED_GAME",
    "subType": "NORMAL",
    "mapId": 1,
    "teamId": 100,
    "championId": 45,
    "spell1": 4,
    "spell2": 3,
    "level": 30,
    "ipEarned": 67,
    "createDate": 1399029851728,
    "fellowPlayers": [
      {
        "summonerId": 36085366,
        "teamId": 200,
        "championId": 254
      },
      {
        "summonerId": 30941172,
        "teamId": 200,
        "championId": 117
      },
      {
        "summonerId": 40011433,
        "teamId": 100,
        "championId": 222
      },
      {
        "summonerId": 40363195,
        "teamId": 100,
        "championId": 61
      },
      {
        "summonerId": 34847688,
        "teamId": 200,
        "championId": 42
      },
      {
        "summonerId": 37177692,
        "teamId": 100,
        "championId": 64
      },
      {
        "summonerId": 34395886,
        "teamId": 100,
        "championId": 157
      },
      {
        "summonerId": 38936175,
        "teamId": 200,
        "championId": 24
      },
      {
        "summonerId": 35720205,
        "teamId": 200,
        "championId": 7
      }
    ],
    "stats": {
      "level": 14,
      "goldEarned": 10660,
      "numDeaths": 9,
      "minionsKilled": 44,
      "championsKilled": 9,
      "goldSpent": 10040,
      "totalDamageDealt": 47825,
      "totalDamageTaken": 19520,
      "killingSprees": 4,
      "largestKillingSpree": 3,
      "team": 100,
      "win": false,
      "largestMultiKill": 1,
      "physicalDamageDealtPlayer": 6043,
      "magicDamageDealtPlayer": 41578,
      "physicalDamageTaken": 11004,
      "magicDamageTaken": 7795,
      "timePlayed": 2160,
      "totalHeal": 1285,
      "totalUnitsHealed": 1,
      "assists": 9,
      "item0": 3069,
      "item1": 3089,
      "item2": 3128,
      "item3": 3191,
      "item6": 3340,
      "magicDamageDealtToChampions": 16437,
      "physicalDamageDealtToChampions": 1380,
      "totalDamageDealtToChampions": 17817,
      "trueDamageDealtPlayer": 204,
      "trueDamageTaken": 720,
      "wardPlaced": 6,
      "totalTimeCrowdControlDealt": 197
    }
  },
  "34847688": {
    "gameId": 825966653,
    "invalid": false,
    "gameMode": "CLASSIC",
    "gameType": "MATCHED_GAME",
    "subType": "NORMAL",
    "mapId": 1,
    "teamId": 200,
    "championId": 42,
    "spell1": 4,
    "spell2": 7,
    "level": 30,
    "ipEarned": 101,
    "createDate": 1399029851731,
    "fellowPlayers": [
      {
        "summonerId": 36085366,
        "teamId": 200,
        "championId": 254
      },
      {
        "summonerId": 30941172,
        "teamId": 200,
        "championId": 117
      },
      {
        "summonerId": 35067824,
        "teamId": 100,
        "championId": 45
      },
      {
        "summonerId": 40011433,
        "teamId": 100,
        "championId": 222
      },
      {
        "summonerId": 40363195,
        "teamId": 100,
        "championId": 61
      },
      {
        "summonerId": 37177692,
        "teamId": 100,
        "championId": 64
      },
      {
        "summonerId": 34395886,
        "teamId": 100,
        "championId": 157
      },
      {
        "summonerId": 38936175,
        "teamId": 200,
        "championId": 24
      },
      {
        "summonerId": 35720205,
        "teamId": 200,
        "championId": 7
      }
    ],
    "stats": {
      "level": 17,
      "goldEarned": 11907,
      "numDeaths": 10,
      "turretsKilled": 3,
      "minionsKilled": 79,
      "championsKilled": 6,
      "goldSpent": 10178,
      "totalDamageDealt": 84956,
      "totalDamageTaken": 25680,
      "team": 200,
      "win": true,
      "neutralMinionsKilled": 5,
      "largestMultiKill": 1,
      "physicalDamageDealtPlayer": 55197,
      "magicDamageDealtPlayer": 25653,
      "physicalDamageTaken": 16085,
      "magicDamageTaken": 8871,
      "largestCriticalStrike": 497,
      "timePlayed": 2160,
      "totalHeal": 1867,
      "totalUnitsHealed": 2,
      "assists": 12,
      "item0": 1055,
      "item1": 3006,
      "item2": 3072,
      "item3": 3078,
      "item4": 1038,
      "item6": 3340,
      "magicDamageDealtToChampions": 11264,
      "physicalDamageDealtToChampions": 9367,
      "totalDamageDealtToChampions": 21473,
      "trueDamageDealtPlayer": 4105,
      "trueDamageDealtToChampions": 841,
      "trueDamageTaken": 724,
      "wardPlaced": 5,
      "neutralMinionsKilledEnemyJungle": 4,
      "neutralMinionsKilledYourJungle": 1
    }
  },
  "40363195": {
    "gameId": 825966653,
    "invalid": false,
    "gameMode": "CLASSIC",
    "gameType": "MATCHED_GAME",
    "subType": "NORMAL",
    "mapId": 1,
    "teamId": 100,
    "championId": 61,
    "spell1": 14,
    "spell2": 4,
    "level": 30,
    "ipEarned": 67,
    "createDate": 1399029851724,
    "fellowPlayers": [
      {
        "summonerId": 36085366,
        "teamId": 200,
        "championId": 254
      },
      {
        "summonerId": 30941172,
        "teamId": 200,
        "championId": 117
      },
      {
        "summonerId": 35067824,
        "teamId": 100,
        "championId": 45
      },
      {
        "summonerId": 40011433,
        "teamId": 100,
        "championId": 222
      },
      {
        "summonerId": 34847688,
        "teamId": 200,
        "championId": 42
      },
      {
        "summonerId": 37177692,
        "teamId": 100,
        "championId": 64
      },
      {
        "summonerId": 34395886,
        "teamId": 100,
        "championId": 157
      },
      {
        "summonerId": 38936175,
        "teamId": 200,
        "championId": 24
      },
      {
        "summonerId": 35720205,
        "teamId": 200,
        "championId": 7
      }
    ],
    "stats": {
      "level": 16,
      "goldEarned": 9540,
      "numDeaths": 11,
      "minionsKilled": 161,
      "goldSpent": 9410,
      "totalDamageDealt": 93133,
      "totalDamageTaken": 23485,
      "team": 100,
      "win": false,
      "neutralMinionsKilled": 3,
      "physicalDamageDealtPlayer": 15977,
      "magicDamageDealtPlayer": 75719,
      "physicalDamageTaken": 12786,
      "magicDamageTaken": 10018,
      "timePlayed": 2160,
      "totalHeal": 413,
      "totalUnitsHealed": 1,
      "assists": 11,
      "item0": 1056,
      "item1": 3157,
      "item2": 3070,
      "item3": 3089,
      "item4": 3255,
      "item6": 3340,
      "magicDamageDealtToChampions": 15283,
      "physicalDamageDealtToChampions": 1067,
      "totalDamageDealtToChampions": 17787,
      "trueDamageDealtPlayer": 1436,
      "trueDamageDealtToChampions": 1436,
      "trueDamageTaken": 679,
      "wardPlaced": 9,
      "neutralMinionsKilledYourJungle": 3,
      "totalTimeCrowdControlDealt": 968
    }
  },
  "30941172": {
    "gameId": 825966653,
    "invalid": false,
    "gameMode": "CLASSIC",
    "gameType": "MATCHED_GAME",
    "subType": "NORMAL",
    "mapId": 1,
    "teamId": 200,
    "championId": 117,
    "spell1": 4,
    "spell2": 3,
    "level": 30,
    "ipEarned": 101,
    "createDate": 1399029851730,
    "fellowPlayers": [
      {
        "summonerId": 36085366,
        "teamId": 200,
        "championId": 254
      },
      {
        "summonerId": 35067824,
        "teamId": 100,
        "championId": 45
      },
      {
        "summonerId": 40011433,
        "teamId": 100,
        "championId": 222
      },
      {
        "summonerId": 40363195,
        "teamId": 100,
        "championId": 61
      },
      {
        "summonerId": 34847688,
        "teamId": 200,
        "championId": 42
      },
      {
        "summonerId": 37177692,
        "teamId": 100,
        "championId": 64
      },
      {
        "summonerId": 34395886,
        "teamId": 100,
        "championId": 157
      },
      {
        "summonerId": 38936175,
        "teamId": 200,
        "championId": 24
      },
      {
        "summonerId": 35720205,
        "teamId": 200,
        "championId": 7
      }
    ],
    "stats": {
      "level": 17,
      "goldEarned": 12326,
      "numDeaths": 11,
      "turretsKilled": 1,
      "minionsKilled": 31,
      "championsKilled": 1,
      "goldSpent": 10520,
      "totalDamageDealt": 29481,
      "totalDamageTaken": 20173,
      "team": 200,
      "win": true,
      "neutralMinionsKilled": 1,
      "largestMultiKill": 1,
      "physicalDamageDealtPlayer": 9802,
      "magicDamageDealtPlayer": 19679,
      "physicalDamageTaken": 13536,
      "magicDamageTaken": 6637,
      "timePlayed": 2160,
      "totalHeal": 1199,
      "totalUnitsHealed": 2,
      "assists": 24,
      "item0": 3092,
      "item1": 1001,
      "item2": 3089,
      "item3": 3023,
      "item4": 3222,
      "item6": 3340,
      "sightWardsBought": 6,
      "magicDamageDealtToChampions": 3863,
      "physicalDamageDealtToChampions": 1182,
      "totalDamageDealtToChampions": 5045,
      "wardPlaced": 15,
      "neutralMinionsKilledYourJungle": 1,
      "totalTimeCrowdControlDealt": 260
    }
  },
  "37177692": {
    "gameId": 825966653,
    "invalid": false,
    "gameMode": "CLASSIC",
    "gameType": "MATCHED_GAME",
    "subType": "NORMAL",
    "mapId": 1,
    "teamId": 100,
    "championId": 64,
    "spell1": 11,
    "spell2": 4,
    "level": 30,
    "ipEarned": 67,
    "createDate": 1399029851725,
    "fellowPlayers": [
      {
        "summonerId": 36085366,
        "teamId": 200,
        "championId": 254
      },
      {
        "summonerId": 30941172,
        "teamId": 200,
        "championId": 117
      },
      {
        "summonerId": 35067824,
        "teamId": 100,
        "championId": 45
      },
      {
        "summonerId": 40011433,
        "teamId": 100,
        "championId": 222
      },
      {
        "summonerId": 40363195,
        "teamId": 100,
        "championId": 61
      },
      {
        "summonerId": 34847688,
        "teamId": 200,
        "championId": 42
      },
      {
        "summonerId": 34395886,
        "teamId": 100,
        "championId": 157
      },
      {
        "summonerId": 38936175,
        "teamId": 200,
        "championId": 24
      },
      {
        "summonerId": 35720205,
        "teamId": 200,
        "championId": 7
      }
    ],
    "stats": {
      "level": 17,
      "goldEarned": 11895,
      "numDeaths": 10,
      "turretsKilled": 1,
      "minionsKilled": 78,
      "championsKilled": 9,
      "goldSpent": 11650,
      "totalDamageDealt": 161542,
      "totalDamageTaken": 33547,
      "doubleKills": 1,
      "killingSprees": 1,
      "largestKillingSpree": 3,
      "team": 100,
      "win": false,
      "neutralMinionsKilled": 80,
      "largestMultiKill": 2,
      "physicalDamageDealtPlayer": 104337,
      "magicDamageDealtPlayer": 47300,
      "physicalDamageTaken": 25709,
      "magicDamageTaken": 6467,
      "timePlayed": 2160,
      "totalHeal": 2587,
      "totalUnitsHealed": 1,
      "assists": 4,
      "item0": 3111,
      "item1": 3074,
      "item2": 3154,
      "item3": 3071,
      "item4": 1011,
      "item5": 3082,
      "item6": 3340,
      "magicDamageDealtToChampions": 3521,
      "physicalDamageDealtToChampions": 14254,
      "totalDamageDealtToChampions": 18058,
      "trueDamageDealtPlayer": 9904,
      "trueDamageDealtToChampions": 282,
      "trueDamageTaken": 1370,
      "wardPlaced": 13,
      "neutralMinionsKilledEnemyJungle": 8,
      "neutralMinionsKilledYourJungle": 72,
      "totalTimeCrowdControlDealt": 886
    }
  }
}