{
  "22622169": {
    "gameId": 825976849,
    "invalid": false,
    "gameMode": "CLASSIC",
    "gameType": "MATCHED_GAME",
    "subType": "RANKED_SOLO_5x5",
    "mapId": 1,
    "teamId": 200,
    "championId": 44,
    "spell1": 3,
    "spell2": 4,
    "level": 30,
    "ipEarned": 71,
    "createDate": 1399031859893,
    "fellowPlayers": [
      {
        "summonerId": 38160416,
        "teamId": 200,
        "championId": 22
      },
      {
        "summonerId": 25571953,
        "teamId": 100,
        "championId": 82
      },
      {
        "summonerId": 24590297,
        "teamId": 100,
        "championId": 238
      },
      {
        "summonerId": 31925392,
        "teamId": 200,
        "championId": 120
      },
      {
        "summonerId": 27747036,
        "teamId": 100,
        "championId": 67
      },
      {
        "summonerId": 36503125,
        "teamId": 100,
        "championId": 25
      },
      {
        "summonerId": 30783127,
        "teamId": 100,
        "championId": 57
      },
      {
        "summonerId": 34437280,
        "teamId": 200,
        "championId": 76
      },
      {
        "summonerId": 26164161,
        "teamId": 200,
        "championId": 58
      }
    ],
    "stats": {
      "level": 15,
      "goldEarned": 10693,
      "numDeaths": 12,
      "turretsKilled": 1,
      "minionsKilled": 90,
      "championsKilled": 1,
      "goldSpent": 10305,
      "totalDamageDealt": 55749,
      "totalDamageTaken": 41452,
      "team": 200,
      "win": false,
      "largestMultiKill": 1,
      "physicalDamageDealtPlayer": 15715,
      "magicDamageDealtPlayer": 34860,
      "physicalDamageTaken": 15625,
      "magicDamageTaken": 22643,
      "timePlayed": 2349,
      "totalHeal": 8472,
      "totalUnitsHealed": 6,
      "assists": 16,
      "item0": 3401,
      "item1": 2045,
      "item2": 1011,
      "item3": 3117,
      "item4": 3025,
      "item5": 3082,
      "item6": 3340,
      "sightWardsBought": 7,
      "magicDamageDealtToChampions": 8835,
      "physicalDamageDealtToChampions": 2866,
      "totalDamageDealtToChampions": 11701,
      "trueDamageDealtPlayer": 5173,
      "trueDamageTaken": 3183,
      "wardKilled": 1,
      "wardPlaced": 16,
      "totalTimeCrowdControlDealt": 235
    }
  },
  "summonerCount": 10,
  "25571953": {
    "gameId": 825976849,
    "invalid": false,
    "gameMode": "CLASSIC",
    "gameType": "MATCHED_GAME",
    "subType": "RANKED_SOLO_5x5",
    "mapId": 1,
    "teamId": 100,
    "championId": 82,
    "spell1": 7,
    "spell2": 4,
    "level": 30,
    "ipEarned": 258,
    "createDate": 1399031859890,
    "fellowPlayers": [
      {
        "summonerId": 38160416,
        "teamId": 200,
        "championId": 22
      },
      {
        "summonerId": 24590297,
        "teamId": 100,
        "championId": 238
      },
      {
        "summonerId": 31925392,
        "teamId": 200,
        "championId": 120
      },
      {
        "summonerId": 27747036,
        "teamId": 100,
        "championId": 67
      },
      {
        "summonerId": 36503125,
        "teamId": 100,
        "championId": 25
      },
      {
        "summonerId": 30783127,
        "teamId": 100,
        "championId": 57
      },
      {
        "summonerId": 34437280,
        "teamId": 200,
        "championId": 76
      },
      {
        "summonerId": 26164161,
        "teamId": 200,
        "championId": 58
      },
      {
        "summonerId": 22622169,
        "teamId": 200,
        "championId": 44
      }
    ],
    "stats": {
      "level": 17,
      "goldEarned": 14276,
      "numDeaths": 10,
      "minionsKilled": 177,
      "championsKilled": 6,
      "goldSpent": 10940,
      "totalDamageDealt": 143289,
      "totalDamageTaken": 26227,
      "killingSprees": 1,
      "largestKillingSpree": 2,
      "team": 100,
      "win": true,
      "neutralMinionsKilled": 2,
      "largestMultiKill": 1,
      "physicalDamageDealtPlayer": 15360,
      "magicDamageDealtPlayer": 127928,
      "physicalDamageTaken": 15547,
      "magicDamageTaken": 9920,
      "timePlayed": 2349,
      "totalHeal": 7728,
      "totalUnitsHealed": 3,
      "assists": 19,
      "item0": 3152,
      "item1": 3020,
      "item2": 3151,
      "item3": 3135,
      "item4": 3191,
      "item6": 3340,
      "visionWardsBought": 1,
      "magicDamageDealtToChampions": 38014,
      "physicalDamageDealtToChampions": 1270,
      "totalDamageDealtToChampions": 39285,
      "trueDamageTaken": 760,
      "wardPlaced": 11,
      "neutralMinionsKilledEnemyJungle": 1,
      "neutralMinionsKilledYourJungle": 1
    }
  },
  "26164161": {
    "gameId": 825976849,
    "invalid": false,
    "gameMode": "CLASSIC",
    "gameType": "MATCHED_GAME",
    "subType": "RANKED_SOLO_5x5",
    "mapId": 1,
    "teamId": 200,
    "championId": 58,
    "spell1": 4,
    "spell2": 14,
    "level": 30,
    "ipEarned": 71,
    "createDate": 1399031859892,
    "fellowPlayers": [
      {
        "summonerId": 38160416,
        "teamId": 200,
        "championId": 22
      },
      {
        "summonerId": 25571953,
        "teamId": 100,
        "championId": 82
      },
      {
        "summonerId": 24590297,
        "teamId": 100,
        "championId": 238
      },
      {
        "summonerId": 31925392,
        "teamId": 200,
        "championId": 120
      },
      {
        "summonerId": 27747036,
        "teamId": 100,
        "championId": 67
      },
      {
        "summonerId": 36503125,
        "teamId": 100,
        "championId": 25
      },
      {
        "summonerId": 30783127,
        "teamId": 100,
        "championId": 57
      },
      {
        "summonerId": 34437280,
        "teamId": 200,
        "championId": 76
      },
      {
        "summonerId": 22622169,
        "teamId": 200,
        "championId": 44
      }
    ],
    "stats": {
      "level": 18,
      "goldEarned": 14436,
      "numDeaths": 8,
      "turretsKilled": 1,
      "minionsKilled": 196,
      "championsKilled": 12,
      "goldSpent": 14465,
      "totalDamageDealt": 152193,
      "totalDamageTaken": 41718,
      "doubleKills": 1,
      "killingSprees": 3,
      "largestKillingSpree": 5,
      "team": 200,
      "win": false,
      "neutralMinionsKilled": 20,
      "largestMultiKill": 2,
      "physicalDamageDealtPlayer": 126059,
      "magicDamageDealtPlayer": 24405,
      "physicalDamageTaken": 18088,
      "magicDamageTaken": 20609,
      "timePlayed": 2349,
      "totalHeal": 6891,
      "totalUnitsHealed": 1,
      "assists": 9,
      "item0": 1054,
      "item1": 3265,
      "item2": 3156,
      "item3": 3068,
      "item4": 3071,
      "item5": 3065,
      "item6": 3340,
      "magicDamageDealtToChampions": 7289,
      "physicalDamageDealtToChampions": 20943,
      "totalDamageDealtToChampions": 29709,
      "trueDamageDealtPlayer": 1729,
      "trueDamageDealtToChampions": 1477,
      "trueDamageTaken": 3020,
      "wardKilled": 1,
      "wardPlaced": 7,
      "neutralMinionsKilledEnemyJungle": 5,
      "neutralMinionsKilledYourJungle": 15,
      "totalTimeCrowdControlDealt": 175
    }
  },
  "34437280": {
    "gameId": 825976849,
    "invalid": false,
    "gameMode": "CLASSIC",
    "gameType": "MATCHED_GAME",
    "subType": "RANKED_SOLO_5x5",
    "mapId": 1,
    "teamId": 200,
    "championId": 76,
    "spell1": 21,
    "spell2": 4,
    "level": 30,
    "ipEarned": 71,
    "createDate": 1399031859894,
    "fellowPlayers": [
      {
        "summonerId": 38160416,
        "teamId": 200,
        "championId": 22
      },
      {
        "summonerId": 25571953,
        "teamId": 100,
        "championId": 82
      },
      {
        "summonerId": 24590297,
        "teamId": 100,
        "championId": 238
      },
      {
        "summonerId": 31925392,
        "teamId": 200,
        "championId": 120
      },
      {
        "summonerId": 27747036,
        "teamId": 100,
        "championId": 67
      },
      {
        "summonerId": 36503125,
        "teamId": 100,
        "championId": 25
      },
      {
        "summonerId": 30783127,
        "teamId": 100,
        "championId": 57
      },
      {
        "summonerId": 26164161,
        "teamId": 200,
        "championId": 58
      },
      {
        "summonerId": 22622169,
        "teamId": 200,
        "championId": 44
      }
    ],
    "stats": {
      "level": 17,
      "goldEarned": 13936,
      "numDeaths": 4,
      "turretsKilled": 1,
      "minionsKilled": 184,
      "championsKilled": 11,
      "goldSpent": 14680,
      "totalDamageDealt": 133309,
      "totalDamageTaken": 29997,
      "doubleKills": 2,
      "tripleKills": 1,
      "quadraKills": 1,
      "killingSprees": 2,
      "largestKillingSpree": 5,
      "team": 200,
      "win": false,
      "neutralMinionsKilled": 6,
      "largestMultiKill": 4,
      "physicalDamageDealtPlayer": 34543,
      "magicDamageDealtPlayer": 97993,
      "physicalDamageTaken": 17356,
      "magicDamageTaken": 10925,
      "timePlayed": 2349,
      "totalHeal": 19859,
      "totalUnitsHealed": 5,
      "assists": 8,
      "item0": 3191,
      "item1": 3089,
      "item2": 3135,
      "item3": 3255,
      "item4": 3174,
      "item5": 1058,
      "item6": 3340,
      "sightWardsBought": 1,
      "magicDamageDealtToChampions": 33865,
      "physicalDamageDealtToChampions": 3746,
      "totalDamageDealtToChampions": 38016,
      "trueDamageDealtPlayer": 772,
      "trueDamageDealtToChampions": 404,
      "trueDamageTaken": 1715,
      "wardPlaced": 10,
      "neutralMinionsKilledYourJungle": 6,
      "totalTimeCrowdControlDealt": 107
    }
  },
  "24590297": {
    "gameId": 825976849,
    "invalid": false,
    "gameMode": "CLASSIC",
    "gameType": "MATCHED_GAME",
    "subType": "RANKED_SOLO_5x5",
    "mapId": 1,
    "teamId": 100,
    "championId": 238,
    "spell1": 4,
    "spell2": 14,
    "level": 30,
    "ipEarned": 108,
    "createDate": 1399031859885,
    "fellowPlayers": [
      {
        "summonerId": 38160416,
        "teamId": 200,
        "championId": 22
      },
      {
        "summonerId": 25571953,
        "teamId": 100,
        "championId": 82
      },
      {
        "summonerId": 31925392,
        "teamId": 200,
        "championId": 120
      },
      {
        "summonerId": 27747036,
        "teamId": 100,
        "championId": 67
      },
      {
        "summonerId": 36503125,
        "teamId": 100,
        "championId": 25
      },
      {
        "summonerId": 30783127,
        "teamId": 100,
        "championId": 57
      },
      {
        "summonerId": 34437280,
        "teamId": 200,
        "championId": 76
      },
      {
        "summonerId": 26164161,
        "teamId": 200,
        "championId": 58
      },
      {
        "summonerId": 22622169,
        "teamId": 200,
        "championId": 44
      }
    ],
    "stats": {
      "level": 18,
      "goldEarned": 16414,
      "numDeaths": 6,
      "barracksKilled": 1,
      "turretsKilled": 3,
      "minionsKilled": 217,
      "championsKilled": 13,
      "goldSpent": 12872,
      "totalDamageDealt": 168136,
      "totalDamageTaken": 27645,
      "doubleKills": 4,
      "killingSprees": 4,
      "largestKillingSpree": 6,
      "team": 100,
      "win": true,
      "neutralMinionsKilled": 11,
      "largestMultiKill": 2,
      "physicalDamageDealtPlayer": 158896,
      "magicDamageDealtPlayer": 8142,
      "physicalDamageTaken": 15557,
      "magicDamageTaken": 11716,
      "timePlayed": 2349,
      "totalHeal": 1893,
      "totalUnitsHealed": 1,
      "assists": 12,
      "item0": 3153,
      "item1": 3035,
      "item2": 3270,
      "item3": 3072,
      "item4": 3134,
      "item5": 1011,
      "item6": 3340,
      "magicDamageDealtToChampions": 1992,
      "physicalDamageDealtToChampions": 27612,
      "totalDamageDealtToChampions": 30549,
      "trueDamageDealtPlayer": 1098,
      "trueDamageDealtToChampions": 944,
      "trueDamageTaken": 372,
      "wardPlaced": 22,
      "neutralMinionsKilledEnemyJungle": 5,
      "neutralMinionsKilledYourJungle": 6,
      "totalTimeCrowdControlDealt": 291
    }
  },
  "38160416": {
    "gameId": 825976849,
    "invalid": false,
    "gameMode": "CLASSIC",
    "gameType": "MATCHED_GAME",
    "subType": "RANKED_SOLO_5x5",
    "mapId": 1,
    "teamId": 200,
    "championId": 22,
    "spell1": 4,
    "spell2": 7,
    "level": 30,
    "ipEarned": 71,
    "createDate": 1399031859896,
    "fellowPlayers": [
      {
        "summonerId": 25571953,
        "teamId": 100,
        "championId": 82
      },
      {
        "summonerId": 24590297,
        "teamId": 100,
        "championId": 238
      },
      {
        "summonerId": 31925392,
        "teamId": 200,
        "championId": 120
      },
      {
        "summonerId": 27747036,
        "teamId": 100,
        "championId": 67
      },
      {
        "summonerId": 36503125,
        "teamId": 100,
        "championId": 25
      },
      {
        "summonerId": 30783127,
        "teamId": 100,
        "championId": 57
      },
      {
        "summonerId": 34437280,
        "teamId": 200,
        "championId": 76
      },
      {
        "summonerId": 26164161,
        "teamId": 200,
        "championId": 58
      },
      {
        "summonerId": 22622169,
        "teamId": 200,
        "championId": 44
      }
    ],
    "stats": {
      "level": 16,
      "goldEarned": 11749,
      "numDeaths": 8,
      "turretsKilled": 1,
      "minionsKilled": 154,
      "championsKilled": 6,
      "goldSpent": 11800,
      "totalDamageDealt": 102924,
      "totalDamageTaken": 20693,
      "killingSprees": 1,
      "largestKillingSpree": 3,
      "team": 200,
      "win": false,
      "neutralMinionsKilled": 1,
      "largestMultiKill": 1,
      "physicalDamageDealtPlayer": 92741,
      "magicDamageDealtPlayer": 10078,
      "physicalDamageTaken": 10107,
      "magicDamageTaken": 9532,
      "largestCriticalStrike": 454,
      "timePlayed": 2349,
      "totalHeal": 2971,
      "totalUnitsHealed": 4,
      "assists": 10,
      "item0": 3153,
      "item1": 1037,
      "item2": 3072,
      "item3": 3006,
      "item4": 3087,
      "item6": 3340,
      "magicDamageDealtToChampions": 4090,
      "physicalDamageDealtToChampions": 19568,
      "totalDamageDealtToChampions": 23658,
      "trueDamageDealtPlayer": 104,
      "trueDamageTaken": 1053,
      "wardPlaced": 9,
      "neutralMinionsKilledYourJungle": 1,
      "totalTimeCrowdControlDealt": 744
    }
  },
  "36503125": {
    "gameId": 825976849,
    "invalid": false,
    "gameMode": "CLASSIC",
    "gameType": "MATCHED_GAME",
    "subType": "RANKED_SOLO_5x5",
    "mapId": 1,
    "teamId": 100,
    "championId": 25,
    "spell1": 14,
    "spell2": 4,
    "level": 30,
    "ipEarned": 108,
    "createDate": 1399031859889,
    "fellowPlayers": [
      {
        "summonerId": 38160416,
        "teamId": 200,
        "championId": 22
      },
      {
        "summonerId": 25571953,
        "teamId": 100,
        "championId": 82
      },
      {
        "summonerId": 24590297,
        "teamId": 100,
        "championId": 238
      },
      {
        "summonerId": 31925392,
        "teamId": 200,
        "championId": 120
      },
      {
        "summonerId": 27747036,
        "teamId": 100,
        "championId": 67
      },
      {
        "summonerId": 30783127,
        "teamId": 100,
        "championId": 57
      },
      {
        "summonerId": 34437280,
        "teamId": 200,
        "championId": 76
      },
      {
        "summonerId": 26164161,
        "teamId": 200,
        "championId": 58
      },
      {
        "summonerId": 22622169,
        "teamId": 200,
        "championId": 44
      }
    ],
    "stats": {
      "level": 16,
      "goldEarned": 14054,
      "numDeaths": 6,
      "minionsKilled": 12,
      "championsKilled": 6,
      "goldSpent": 12345,
      "totalDamageDealt": 32335,
      "totalDamageTaken": 27958,
      "doubleKills": 1,
      "killingSprees": 1,
      "largestKillingSpree": 4,
      "team": 100,
      "win": true,
      "largestMultiKill": 2,
      "physicalDamageDealtPlayer": 6707,
      "magicDamageDealtPlayer": 23535,
      "physicalDamageTaken": 14928,
      "magicDamageTaken": 11981,
      "timePlayed": 2349,
      "totalHeal": 1856,
      "totalUnitsHealed": 1,
      "assists": 26,
      "item0": 3143,
      "item1": 3092,
      "item2": 2045,
      "item3": 2043,
      "item4": 3265,
      "item5": 3065,
      "item6": 3340,
      "sightWardsBought": 4,
      "visionWardsBought": 4,
      "magicDamageDealtToChampions": 16213,
      "physicalDamageDealtToChampions": 2349,
      "totalDamageDealtToChampions": 20334,
      "trueDamageDealtPlayer": 2093,
      "trueDamageDealtToChampions": 1771,
      "trueDamageTaken": 1048,
      "wardPlaced": 32,
      "totalTimeCrowdControlDealt": 338
    }
  },
  "30783127": {
    "gameId": 825976849,
    "invalid": false,
    "gameMode": "CLASSIC",
    "gameType": "MATCHED_GAME",
    "subType": "RANKED_SOLO_5x5",
    "mapId": 1,
    "teamId": 100,
    "championId": 57,
    "spell1": 11,
    "spell2": 4,
    "level": 30,
    "ipEarned": 108,
    "createDate": 1399031859886,
    "fellowPlayers": [
      {
        "summonerId": 38160416,
        "teamId": 200,
        "championId": 22
      },
      {
        "summonerId": 25571953,
        "teamId": 100,
        "championId": 82
      },
      {
        "summonerId": 24590297,
        "teamId": 100,
        "championId": 238
      },
      {
        "summonerId": 31925392,
        "teamId": 200,
        "championId": 120
      },
      {
        "summonerId": 27747036,
        "teamId": 100,
        "championId": 67
      },
      {
        "summonerId": 36503125,
        "teamId": 100,
        "championId": 25
      },
      {
        "summonerId": 34437280,
        "teamId": 200,
        "championId": 76
      },
      {
        "summonerId": 26164161,
        "teamId": 200,
        "championId": 58
      },
      {
        "summonerId": 22622169,
        "teamId": 200,
        "championId": 44
      }
    ],
    "stats": {
      "level": 18,
      "goldEarned": 14900,
      "numDeaths": 5,
      "turretsKilled": 2,
      "minionsKilled": 68,
      "championsKilled": 5,
      "goldSpent": 12725,
      "totalDamageDealt": 171019,
      "totalDamageTaken": 43824,
      "killingSprees": 1,
      "largestKillingSpree": 2,
      "team": 100,
      "win": true,
      "neutralMinionsKilled": 77,
      "largestMultiKill": 1,
      "physicalDamageDealtPlayer": 30851,
      "magicDamageDealtPlayer": 123113,
      "physicalDamageTaken": 27659,
      "magicDamageTaken": 15427,
      "timePlayed": 2349,
      "totalHeal": 14179,
      "totalUnitsHealed": 1,
      "assists": 25,
      "item0": 3207,
      "item1": 3143,
      "item2": 3025,
      "item3": 3260,
      "item5": 3068,
      "item6": 3341,
      "magicDamageDealtToChampions": 24568,
      "physicalDamageDealtToChampions": 3126,
      "totalDamageDealtToChampions": 28035,
      "trueDamageDealtPlayer": 17054,
      "trueDamageDealtToChampions": 340,
      "trueDamageTaken": 737,
      "neutralMinionsKilledEnemyJungle": 9,
      "neutralMinionsKilledYourJungle": 68,
      "totalTimeCrowdControlDealt": 955
    }
  },
  "27747036": {
    "gameId": 825976849,
    "invalid": false,
    "gameMode": "CLASSIC",
    "gameType": "MATCHED_GAME",
    "subType": "RANKED_SOLO_5x5",
    "mapId": 1,
    "teamId": 100,
    "championId": 67,
    "spell1": 7,
    "spell2": 4,
    "level": 30,
    "ipEarned": 258,
    "createDate": 1399031859887,
    "fellowPlayers": [
      {
        "summonerId": 38160416,
        "teamId": 200,
        "championId": 22
      },
      {
        "summonerId": 25571953,
        "teamId": 100,
        "championId": 82
      },
      {
        "summonerId": 24590297,
        "teamId": 100,
        "championId": 238
      },
      {
        "summonerId": 31925392,
        "teamId": 200,
        "championId": 120
      },
      {
        "summonerId": 36503125,
        "teamId": 100,
        "championId": 25
      },
      {
        "summonerId": 30783127,
        "teamId": 100,
        "championId": 57
      },
      {
        "summonerId": 34437280,
        "teamId": 200,
        "championId": 76
      },
      {
        "summonerId": 26164161,
        "teamId": 200,
        "championId": 58
      },
      {
        "summonerId": 22622169,
        "teamId": 200,
        "championId": 44
      }
    ],
    "stats": {
      "level": 18,
      "goldEarned": 16196,
      "numDeaths": 6,
      "barracksKilled": 1,
      "turretsKilled": 2,
      "minionsKilled": 173,
      "championsKilled": 14,
      "goldSpent": 14670,
      "totalDamageDealt": 157668,
      "totalDamageTaken": 25853,
      "doubleKills": 2,
      "killingSprees": 4,
      "largestKillingSpree": 5,
      "team": 100,
      "win": true,
      "neutralMinionsKilled": 21,
      "largestMultiKill": 2,
      "physicalDamageDealtPlayer": 138368,
      "magicDamageDealtPlayer": 81,
      "physicalDamageTaken": 14118,
      "magicDamageTaken": 10971,
      "largestCriticalStrike": 778,
      "timePlayed": 2349,
      "totalHeal": 2704,
      "totalUnitsHealed": 3,
      "assists": 14,
      "item0": 3153,
      "item1": 3031,
      "item2": 3250,
      "item3": 3046,
      "item4": 3035,
      "item5": 1057,
      "item6": 3340,
      "magicDamageDealtToChampions": 81,
      "physicalDamageDealtToChampions": 23559,
      "totalDamageDealtToChampions": 31536,
      "trueDamageDealtPlayer": 19218,
      "trueDamageDealtToChampions": 7895,
      "trueDamageTaken": 762,
      "wardPlaced": 6,
      "neutralMinionsKilledEnemyJungle": 2,
      "neutralMinionsKilledYourJungle": 19,
      "totalTimeCrowdControlDealt": 434
    }
  },
  "22622169": {
    "gameId": 825976849,
    "invalid": false,
    "gameMode": "CLASSIC",
    "gameType": "MATCHED_GAME",
    "subType": "RANKED_SOLO_5x5",
    "mapId": 1,
    "teamId": 200,
    "championId": 44,
    "spell1": 3,
    "spell2": 4,
    "level": 30,
    "ipEarned": 71,
    "createDate": 1399031859893,
    "fellowPlayers": [
      {
        "summonerId": 38160416,
        "teamId": 200,
        "championId": 22
      },
      {
        "summonerId": 25571953,
        "teamId": 100,
        "championId": 82
      },
      {
        "summonerId": 24590297,
        "teamId": 100,
        "championId": 238
      },
      {
        "summonerId": 31925392,
        "teamId": 200,
        "championId": 120
      },
      {
        "summonerId": 27747036,
        "teamId": 100,
        "championId": 67
      },
      {
        "summonerId": 36503125,
        "teamId": 100,
        "championId": 25
      },
      {
        "summonerId": 30783127,
        "teamId": 100,
        "championId": 57
      },
      {
        "summonerId": 34437280,
        "teamId": 200,
        "championId": 76
      },
      {
        "summonerId": 26164161,
        "teamId": 200,
        "championId": 58
      }
    ],
    "stats": {
      "level": 15,
      "goldEarned": 10693,
      "numDeaths": 12,
      "turretsKilled": 1,
      "minionsKilled": 90,
      "championsKilled": 1,
      "goldSpent": 10305,
      "totalDamageDealt": 55749,
      "totalDamageTaken": 41452,
      "team": 200,
      "win": false,
      "largestMultiKill": 1,
      "physicalDamageDealtPlayer": 15715,
      "magicDamageDealtPlayer": 34860,
      "physicalDamageTaken": 15625,
      "magicDamageTaken": 22643,
      "timePlayed": 2349,
      "totalHeal": 8472,
      "totalUnitsHealed": 6,
      "assists": 16,
      "item0": 3401,
      "item1": 2045,
      "item2": 1011,
      "item3": 3117,
      "item4": 3025,
      "item5": 3082,
      "item6": 3340,
      "sightWardsBought": 7,
      "magicDamageDealtToChampions": 8835,
      "physicalDamageDealtToChampions": 2866,
      "totalDamageDealtToChampions": 11701,
      "trueDamageDealtPlayer": 5173,
      "trueDamageTaken": 3183,
      "wardKilled": 1,
      "wardPlaced": 16,
      "totalTimeCrowdControlDealt": 235
    }
  }
}