{
  "39546433": {
    "gameId": 825968404,
    "invalid": false,
    "gameMode": "CLASSIC",
    "gameType": "MATCHED_GAME",
    "subType": "NORMAL",
    "mapId": 1,
    "teamId": 200,
    "championId": 48,
    "spell1": 4,
    "spell2": 12,
    "level": 30,
    "ipEarned": 77,
    "createDate": 1399030083127,
    "fellowPlayers": [
      {
        "summonerId": 33633803,
        "teamId": 200,
        "championId": 22
      },
      {
        "summonerId": 28979286,
        "teamId": 100,
        "championId": 42
      },
      {
        "summonerId": 22605049,
        "teamId": 100,
        "championId": 26
      },
      {
        "summonerId": 26043303,
        "teamId": 200,
        "championId": 67
      },
      {
        "summonerId": 30254562,
        "teamId": 200,
        "championId": 134
      },
      {
        "summonerId": 39023370,
        "teamId": 100,
        "championId": 222
      },
      {
        "summonerId": 25733699,
        "teamId": 100,
        "championId": 77
      },
      {
        "summonerId": 22808412,
        "teamId": 100,
        "championId": 21
      },
      {
        "summonerId": 35763255,
        "teamId": 200,
        "championId": 121
      }
    ],
    "stats": {
      "level": 18,
      "goldEarned": 16536,
      "numDeaths": 14,
      "turretsKilled": 4,
      "minionsKilled": 271,
      "championsKilled": 8,
      "goldSpent": 16903,
      "totalDamageDealt": 203038,
      "totalDamageTaken": 68014,
      "doubleKills": 2,
      "killingSprees": 2,
      "largestKillingSpree": 3,
      "team": 200,
      "win": false,
      "neutralMinionsKilled": 12,
      "largestMultiKill": 2,
      "physicalDamageDealtPlayer": 197952,
      "magicDamageDealtPlayer": 3360,
      "physicalDamageTaken": 56630,
      "magicDamageTaken": 10199,
      "largestCriticalStrike": 746,
      "timePlayed": 2588,
      "totalHeal": 13511,
      "totalUnitsHealed": 1,
      "assists": 6,
      "item0": 3153,
      "item1": 3078,
      "item2": 3065,
      "item3": 3022,
      "item4": 1031,
      "item5": 3270,
      "item6": 3340,
      "magicDamageDealtToChampions": 3360,
      "physicalDamageDealtToChampions": 21674,
      "totalDamageDealtToChampions": 25844,
      "trueDamageDealtPlayer": 1725,
      "trueDamageDealtToChampions": 809,
      "trueDamageTaken": 1183,
      "wardPlaced": 5,
      "neutralMinionsKilledEnemyJungle": 6,
      "neutralMinionsKilledYourJungle": 6,
      "totalTimeCrowdControlDealt": 1301
    }
  },
  "summonerCount": 10,
  "25733699": {
    "gameId": 825968404,
    "invalid": false,
    "gameMode": "CLASSIC",
    "gameType": "MATCHED_GAME",
    "subType": "NORMAL",
    "mapId": 1,
    "teamId": 100,
    "championId": 77,
    "spell1": 3,
    "spell2": 4,
    "level": 30,
    "ipEarned": 117,
    "createDate": 1399030083125,
    "fellowPlayers": [
      {
        "summonerId": 33633803,
        "teamId": 200,
        "championId": 22
      },
      {
        "summonerId": 28979286,
        "teamId": 100,
        "championId": 42
      },
      {
        "summonerId": 39546433,
        "teamId": 200,
        "championId": 48
      },
      {
        "summonerId": 22605049,
        "teamId": 100,
        "championId": 26
      },
      {
        "summonerId": 26043303,
        "teamId": 200,
        "championId": 67
      },
      {
        "summonerId": 30254562,
        "teamId": 200,
        "championId": 134
      },
      {
        "summonerId": 39023370,
        "teamId": 100,
        "championId": 222
      },
      {
        "summonerId": 22808412,
        "teamId": 100,
        "championId": 21
      },
      {
        "summonerId": 35763255,
        "teamId": 200,
        "championId": 121
      }
    ],
    "stats": {
      "level": 18,
      "goldEarned": 12254,
      "numDeaths": 8,
      "barracksKilled": 1,
      "turretsKilled": 2,
      "minionsKilled": 97,
      "championsKilled": 5,
      "goldSpent": 11618,
      "totalDamageDealt": 79942,
      "totalDamageTaken": 34538,
      "killingSprees": 1,
      "largestKillingSpree": 2,
      "team": 100,
      "win": true,
      "largestMultiKill": 1,
      "physicalDamageDealtPlayer": 71413,
      "magicDamageDealtPlayer": 8529,
      "physicalDamageTaken": 17240,
      "magicDamageTaken": 16268,
      "largestCriticalStrike": 323,
      "timePlayed": 2588,
      "totalHeal": 5962,
      "totalUnitsHealed": 1,
      "assists": 12,
      "item0": 3260,
      "item1": 3110,
      "item2": 3078,
      "item3": 3091,
      "item4": 1057,
      "item5": 1031,
      "item6": 3340,
      "magicDamageDealtToChampions": 374,
      "physicalDamageDealtToChampions": 20759,
      "totalDamageDealtToChampions": 21134,
      "trueDamageTaken": 1028,
      "wardPlaced": 7,
      "totalTimeCrowdControlDealt": 1629
    }
  },
  "26043303": {
    "gameId": 825968404,
    "invalid": false,
    "gameMode": "CLASSIC",
    "gameType": "MATCHED_GAME",
    "subType": "NORMAL",
    "mapId": 1,
    "teamId": 200,
    "championId": 67,
    "spell1": 4,
    "spell2": 7,
    "level": 30,
    "ipEarned": 77,
    "createDate": 1399030083129,
    "fellowPlayers": [
      {
        "summonerId": 33633803,
        "teamId": 200,
        "championId": 22
      },
      {
        "summonerId": 28979286,
        "teamId": 100,
        "championId": 42
      },
      {
        "summonerId": 39546433,
        "teamId": 200,
        "championId": 48
      },
      {
        "summonerId": 22605049,
        "teamId": 100,
        "championId": 26
      },
      {
        "summonerId": 30254562,
        "teamId": 200,
        "championId": 134
      },
      {
        "summonerId": 39023370,
        "teamId": 100,
        "championId": 222
      },
      {
        "summonerId": 25733699,
        "teamId": 100,
        "championId": 77
      },
      {
        "summonerId": 22808412,
        "teamId": 100,
        "championId": 21
      },
      {
        "summonerId": 35763255,
        "teamId": 200,
        "championId": 121
      }
    ],
    "stats": {
      "level": 18,
      "goldEarned": 14253,
      "numDeaths": 15,
      "minionsKilled": 146,
      "championsKilled": 6,
      "goldSpent": 13455,
      "totalDamageDealt": 171880,
      "totalDamageTaken": 52100,
      "killingSprees": 1,
      "largestKillingSpree": 2,
      "team": 200,
      "win": false,
      "neutralMinionsKilled": 41,
      "largestMultiKill": 1,
      "physicalDamageDealtPlayer": 144517,
      "magicDamageDealtPlayer": 81,
      "physicalDamageTaken": 35626,
      "magicDamageTaken": 15510,
      "largestCriticalStrike": 639,
      "timePlayed": 2588,
      "totalHeal": 6495,
      "totalUnitsHealed": 3,
      "assists": 9,
      "item0": 3035,
      "item1": 3153,
      "item2": 3046,
      "item3": 3250,
      "item4": 3072,
      "item6": 3340,
      "magicDamageDealtToChampions": 81,
      "physicalDamageDealtToChampions": 18356,
      "totalDamageDealtToChampions": 22784,
      "trueDamageDealtPlayer": 27282,
      "trueDamageDealtToChampions": 4346,
      "trueDamageTaken": 963,
      "wardPlaced": 9,
      "neutralMinionsKilledEnemyJungle": 12,
      "neutralMinionsKilledYourJungle": 29,
      "totalTimeCrowdControlDealt": 202
    }
  },
  "33633803": {
    "gameId": 825968404,
    "invalid": false,
    "gameMode": "CLASSIC",
    "gameType": "MATCHED_GAME",
    "subType": "NORMAL",
    "mapId": 1,
    "teamId": 200,
    "championId": 22,
    "spell1": 4,
    "spell2": 21,
    "level": 30,
    "ipEarned": 77,
    "createDate": 1399030083128,
    "fellowPlayers": [
      {
        "summonerId": 28979286,
        "teamId": 100,
        "championId": 42
      },
      {
        "summonerId": 39546433,
        "teamId": 200,
        "championId": 48
      },
      {
        "summonerId": 22605049,
        "teamId": 100,
        "championId": 26
      },
      {
        "summonerId": 26043303,
        "teamId": 200,
        "championId": 67
      },
      {
        "summonerId": 30254562,
        "teamId": 200,
        "championId": 134
      },
      {
        "summonerId": 39023370,
        "teamId": 100,
        "championId": 222
      },
      {
        "summonerId": 25733699,
        "teamId": 100,
        "championId": 77
      },
      {
        "summonerId": 22808412,
        "teamId": 100,
        "championId": 21
      },
      {
        "summonerId": 35763255,
        "teamId": 200,
        "championId": 121
      }
    ],
    "stats": {
      "level": 18,
      "goldEarned": 11882,
      "numDeaths": 12,
      "turretsKilled": 1,
      "minionsKilled": 55,
      "championsKilled": 6,
      "goldSpent": 11490,
      "totalDamageDealt": 72832,
      "totalDamageTaken": 27824,
      "killingSprees": 2,
      "largestKillingSpree": 2,
      "team": 200,
      "win": false,
      "neutralMinionsKilled": 13,
      "largestMultiKill": 1,
      "physicalDamageDealtPlayer": 66188,
      "magicDamageDealtPlayer": 6355,
      "physicalDamageTaken": 18431,
      "magicDamageTaken": 9164,
      "largestCriticalStrike": 566,
      "timePlayed": 2588,
      "totalHeal": 471,
      "totalUnitsHealed": 1,
      "assists": 10,
      "item0": 1055,
      "item1": 3031,
      "item2": 3046,
      "item3": 3006,
      "item4": 3072,
      "item6": 3340,
      "magicDamageDealtToChampions": 3480,
      "physicalDamageDealtToChampions": 9550,
      "totalDamageDealtToChampions": 13031,
      "trueDamageDealtPlayer": 288,
      "trueDamageTaken": 228,
      "wardPlaced": 8,
      "neutralMinionsKilledEnemyJungle": 4,
      "neutralMinionsKilledYourJungle": 9,
      "totalTimeCrowdControlDealt": 538
    }
  },
  "22605049": {
    "gameId": 825968404,
    "invalid": false,
    "gameMode": "CLASSIC",
    "gameType": "MATCHED_GAME",
    "subType": "NORMAL",
    "mapId": 1,
    "teamId": 100,
    "championId": 26,
    "spell1": 4,
    "spell2": 7,
    "level": 30,
    "ipEarned": 267,
    "createDate": 1399030083123,
    "fellowPlayers": [
      {
        "summonerId": 33633803,
        "teamId": 200,
        "championId": 22
      },
      {
        "summonerId": 28979286,
        "teamId": 100,
        "championId": 42
      },
      {
        "summonerId": 39546433,
        "teamId": 200,
        "championId": 48
      },
      {
        "summonerId": 26043303,
        "teamId": 200,
        "championId": 67
      },
      {
        "summonerId": 30254562,
        "teamId": 200,
        "championId": 134
      },
      {
        "summonerId": 39023370,
        "teamId": 100,
        "championId": 222
      },
      {
        "summonerId": 25733699,
        "teamId": 100,
        "championId": 77
      },
      {
        "summonerId": 22808412,
        "teamId": 100,
        "championId": 21
      },
      {
        "summonerId": 35763255,
        "teamId": 200,
        "championId": 121
      }
    ],
    "stats": {
      "level": 18,
      "goldEarned": 18705,
      "numDeaths": 9,
      "barracksKilled": 1,
      "minionsKilled": 67,
      "championsKilled": 12,
      "goldSpent": 16350,
      "totalDamageDealt": 67322,
      "totalDamageTaken": 29756,
      "doubleKills": 2,
      "killingSprees": 3,
      "largestKillingSpree": 4,
      "team": 100,
      "win": true,
      "neutralMinionsKilled": 2,
      "largestMultiKill": 2,
      "physicalDamageDealtPlayer": 9646,
      "magicDamageDealtPlayer": 56902,
      "physicalDamageTaken": 16429,
      "magicDamageTaken": 11759,
      "timePlayed": 2588,
      "totalHeal": 6668,
      "totalUnitsHealed": 3,
      "assists": 24,
      "item0": 3092,
      "item1": 3157,
      "item2": 3116,
      "item3": 3136,
      "item4": 3089,
      "item5": 3255,
      "item6": 3340,
      "sightWardsBought": 11,
      "magicDamageDealtToChampions": 22863,
      "physicalDamageDealtToChampions": 1870,
      "totalDamageDealtToChampions": 25188,
      "trueDamageDealtPlayer": 774,
      "trueDamageDealtToChampions": 454,
      "trueDamageTaken": 1567,
      "wardKilled": 1,
      "wardPlaced": 20,
      "neutralMinionsKilledEnemyJungle": 2,
      "totalTimeCrowdControlDealt": 116
    }
  },
  "30254562": {
    "gameId": 825968404,
    "invalid": false,
    "gameMode": "CLASSIC",
    "gameType": "MATCHED_GAME",
    "subType": "NORMAL",
    "mapId": 1,
    "teamId": 200,
    "championId": 134,
    "spell1": 4,
    "spell2": 21,
    "level": 30,
    "ipEarned": 77,
    "createDate": 1399030083131,
    "fellowPlayers": [
      {
        "summonerId": 33633803,
        "teamId": 200,
        "championId": 22
      },
      {
        "summonerId": 28979286,
        "teamId": 100,
        "championId": 42
      },
      {
        "summonerId": 39546433,
        "teamId": 200,
        "championId": 48
      },
      {
        "summonerId": 22605049,
        "teamId": 100,
        "championId": 26
      },
      {
        "summonerId": 26043303,
        "teamId": 200,
        "championId": 67
      },
      {
        "summonerId": 39023370,
        "teamId": 100,
        "championId": 222
      },
      {
        "summonerId": 25733699,
        "teamId": 100,
        "championId": 77
      },
      {
        "summonerId": 22808412,
        "teamId": 100,
        "championId": 21
      },
      {
        "summonerId": 35763255,
        "teamId": 200,
        "championId": 121
      }
    ],
    "stats": {
      "level": 18,
      "goldEarned": 21571,
      "numDeaths": 8,
      "minionsKilled": 271,
      "championsKilled": 23,
      "goldSpent": 20730,
      "totalDamageDealt": 262045,
      "totalDamageTaken": 30442,
      "doubleKills": 1,
      "killingSprees": 6,
      "largestKillingSpree": 7,
      "team": 200,
      "win": false,
      "neutralMinionsKilled": 6,
      "largestMultiKill": 2,
      "physicalDamageDealtPlayer": 12563,
      "magicDamageDealtPlayer": 249394,
      "physicalDamageTaken": 20346,
      "magicDamageTaken": 9793,
      "timePlayed": 2588,
      "totalHeal": 2223,
      "totalUnitsHealed": 1,
      "assists": 17,
      "item0": 3089,
      "item1": 3157,
      "item2": 3128,
      "item3": 3255,
      "item4": 3001,
      "item5": 3174,
      "item6": 3362,
      "magicDamageDealtToChampions": 77319,
      "physicalDamageDealtToChampions": 1485,
      "totalDamageDealtToChampions": 78805,
      "trueDamageDealtPlayer": 88,
      "trueDamageTaken": 301,
      "wardPlaced": 7,
      "neutralMinionsKilledEnemyJungle": 1,
      "neutralMinionsKilledYourJungle": 5,
      "totalTimeCrowdControlDealt": 689
    }
  },
  "22808412": {
    "gameId": 825968404,
    "invalid": false,
    "gameMode": "CLASSIC",
    "gameType": "MATCHED_GAME",
    "subType": "NORMAL",
    "mapId": 1,
    "teamId": 100,
    "championId": 21,
    "spell1": 4,
    "spell2": 21,
    "level": 30,
    "ipEarned": 267,
    "createDate": 1399030083121,
    "fellowPlayers": [
      {
        "summonerId": 33633803,
        "teamId": 200,
        "championId": 22
      },
      {
        "summonerId": 28979286,
        "teamId": 100,
        "championId": 42
      },
      {
        "summonerId": 39546433,
        "teamId": 200,
        "championId": 48
      },
      {
        "summonerId": 22605049,
        "teamId": 100,
        "championId": 26
      },
      {
        "summonerId": 26043303,
        "teamId": 200,
        "championId": 67
      },
      {
        "summonerId": 30254562,
        "teamId": 200,
        "championId": 134
      },
      {
        "summonerId": 39023370,
        "teamId": 100,
        "championId": 222
      },
      {
        "summonerId": 25733699,
        "teamId": 100,
        "championId": 77
      },
      {
        "summonerId": 35763255,
        "teamId": 200,
        "championId": 121
      }
    ],
    "stats": {
      "level": 18,
      "goldEarned": 24200,
      "numDeaths": 14,
      "turretsKilled": 3,
      "minionsKilled": 184,
      "championsKilled": 36,
      "goldSpent": 19400,
      "totalDamageDealt": 245566,
      "totalDamageTaken": 58775,
      "doubleKills": 7,
      "tripleKills": 3,
      "killingSprees": 8,
      "largestKillingSpree": 6,
      "team": 100,
      "win": true,
      "neutralMinionsKilled": 11,
      "largestMultiKill": 3,
      "physicalDamageDealtPlayer": 197472,
      "magicDamageDealtPlayer": 45434,
      "physicalDamageTaken": 32600,
      "magicDamageTaken": 23841,
      "largestCriticalStrike": 965,
      "timePlayed": 2588,
      "totalHeal": 9356,
      "totalUnitsHealed": 1,
      "assists": 14,
      "item0": 3035,
      "item1": 3072,
      "item2": 3031,
      "item3": 3087,
      "item4": 3250,
      "item5": 3026,
      "item6": 3340,
      "magicDamageDealtToChampions": 15011,
      "physicalDamageDealtToChampions": 69083,
      "totalDamageDealtToChampions": 85527,
      "trueDamageDealtPlayer": 2660,
      "trueDamageDealtToChampions": 1432,
      "trueDamageTaken": 2333,
      "wardPlaced": 8,
      "neutralMinionsKilledEnemyJungle": 11,
      "totalTimeCrowdControlDealt": 479
    }
  },
  "39023370": {
    "gameId": 825968404,
    "invalid": false,
    "gameMode": "CLASSIC",
    "gameType": "MATCHED_GAME",
    "subType": "NORMAL",
    "mapId": 1,
    "teamId": 100,
    "championId": 222,
    "spell1": 4,
    "spell2": 21,
    "level": 30,
    "ipEarned": 117,
    "createDate": 1399030083122,
    "fellowPlayers": [
      {
        "summonerId": 33633803,
        "teamId": 200,
        "championId": 22
      },
      {
        "summonerId": 28979286,
        "teamId": 100,
        "championId": 42
      },
      {
        "summonerId": 39546433,
        "teamId": 200,
        "championId": 48
      },
      {
        "summonerId": 22605049,
        "teamId": 100,
        "championId": 26
      },
      {
        "summonerId": 26043303,
        "teamId": 200,
        "championId": 67
      },
      {
        "summonerId": 30254562,
        "teamId": 200,
        "championId": 134
      },
      {
        "summonerId": 25733699,
        "teamId": 100,
        "championId": 77
      },
      {
        "summonerId": 22808412,
        "teamId": 100,
        "championId": 21
      },
      {
        "summonerId": 35763255,
        "teamId": 200,
        "championId": 121
      }
    ],
    "stats": {
      "level": 18,
      "goldEarned": 13907,
      "numDeaths": 13,
      "barracksKilled": 1,
      "turretsKilled": 4,
      "minionsKilled": 189,
      "championsKilled": 5,
      "goldSpent": 12295,
      "totalDamageDealt": 155505,
      "totalDamageTaken": 35352,
      "team": 100,
      "win": true,
      "neutralMinionsKilled": 4,
      "largestMultiKill": 1,
      "physicalDamageDealtPlayer": 152925,
      "magicDamageDealtPlayer": 2274,
      "physicalDamageTaken": 17387,
      "magicDamageTaken": 16366,
      "largestCriticalStrike": 793,
      "timePlayed": 2588,
      "totalHeal": 3058,
      "totalUnitsHealed": 1,
      "assists": 8,
      "item0": 1055,
      "item1": 3072,
      "item2": 3046,
      "item3": 3250,
      "item4": 3031,
      "item6": 3340,
      "magicDamageDealtToChampions": 1494,
      "physicalDamageDealtToChampions": 18608,
      "totalDamageDealtToChampions": 20280,
      "trueDamageDealtPlayer": 306,
      "trueDamageDealtToChampions": 178,
      "trueDamageTaken": 1598,
      "wardPlaced": 4,
      "neutralMinionsKilledEnemyJungle": 2,
      "neutralMinionsKilledYourJungle": 2,
      "totalTimeCrowdControlDealt": 168
    }
  },
  "35763255": {
    "gameId": 825968404,
    "invalid": false,
    "gameMode": "CLASSIC",
    "gameType": "MATCHED_GAME",
    "subType": "NORMAL",
    "mapId": 1,
    "teamId": 200,
    "championId": 121,
    "spell1": 4,
    "spell2": 11,
    "level": 30,
    "ipEarned": 77,
    "createDate": 1399030083130,
    "fellowPlayers": [
      {
        "summonerId": 33633803,
        "teamId": 200,
        "championId": 22
      },
      {
        "summonerId": 28979286,
        "teamId": 100,
        "championId": 42
      },
      {
        "summonerId": 39546433,
        "teamId": 200,
        "championId": 48
      },
      {
        "summonerId": 22605049,
        "teamId": 100,
        "championId": 26
      },
      {
        "summonerId": 26043303,
        "teamId": 200,
        "championId": 67
      },
      {
        "summonerId": 30254562,
        "teamId": 200,
        "championId": 134
      },
      {
        "summonerId": 39023370,
        "teamId": 100,
        "championId": 222
      },
      {
        "summonerId": 25733699,
        "teamId": 100,
        "championId": 77
      },
      {
        "summonerId": 22808412,
        "teamId": 100,
        "championId": 21
      }
    ],
    "stats": {
      "level": 18,
      "goldEarned": 16794,
      "numDeaths": 14,
      "turretsKilled": 1,
      "minionsKilled": 98,
      "championsKilled": 13,
      "goldSpent": 16395,
      "totalDamageDealt": 193255,
      "totalDamageTaken": 49586,
      "doubleKills": 1,
      "killingSprees": 5,
      "largestKillingSpree": 2,
      "team": 200,
      "win": false,
      "neutralMinionsKilled": 62,
      "largestMultiKill": 2,
      "physicalDamageDealtPlayer": 169837,
      "magicDamageDealtPlayer": 2746,
      "physicalDamageTaken": 38046,
      "magicDamageTaken": 10473,
      "timePlayed": 2588,
      "totalHeal": 11151,
      "totalUnitsHealed": 1,
      "assists": 12,
      "item0": 3209,
      "item1": 3074,
      "item2": 3143,
      "item3": 3275,
      "item4": 3071,
      "item5": 3156,
      "item6": 3340,
      "magicDamageDealtToChampions": 2081,
      "physicalDamageDealtToChampions": 24906,
      "totalDamageDealtToChampions": 29115,
      "trueDamageDealtPlayer": 20671,
      "trueDamageDealtToChampions": 2126,
      "trueDamageTaken": 1066,
      "wardPlaced": 6,
      "neutralMinionsKilledEnemyJungle": 20,
      "neutralMinionsKilledYourJungle": 42,
      "totalTimeCrowdControlDealt": 843
    }
  },
  "28979286": {
    "gameId": 825968404,
    "invalid": false,
    "gameMode": "CLASSIC",
    "gameType": "MATCHED_GAME",
    "subType": "NORMAL",
    "mapId": 1,
    "teamId": 100,
    "championId": 42,
    "spell1": 21,
    "spell2": 4,
    "level": 30,
    "ipEarned": 117,
    "createDate": 1399030083126,
    "fellowPlayers": [
      {
        "summonerId": 33633803,
        "teamId": 200,
        "championId": 22
      },
      {
        "summonerId": 39546433,
        "teamId": 200,
        "championId": 48
      },
      {
        "summonerId": 22605049,
        "teamId": 100,
        "championId": 26
      },
      {
        "summonerId": 26043303,
        "teamId": 200,
        "championId": 67
      },
      {
        "summonerId": 30254562,
        "teamId": 200,
        "championId": 134
      },
      {
        "summonerId": 39023370,
        "teamId": 100,
        "championId": 222
      },
      {
        "summonerId": 25733699,
        "teamId": 100,
        "championId": 77
      },
      {
        "summonerId": 22808412,
        "teamId": 100,
        "championId": 21
      },
      {
        "summonerId": 35763255,
        "teamId": 200,
        "championId": 121
      }
    ],
    "stats": {
      "level": 18,
      "goldEarned": 15533,
      "numDeaths": 12,
      "turretsKilled": 1,
      "minionsKilled": 181,
      "championsKilled": 5,
      "goldSpent": 16763,
      "totalDamageDealt": 211035,
      "totalDamageTaken": 39509,
      "team": 100,
      "win": true,
      "neutralMinionsKilled": 57,
      "largestMultiKill": 1,
      "physicalDamageDealtPlayer": 89629,
      "magicDamageDealtPlayer": 114601,
      "physicalDamageTaken": 20367,
      "magicDamageTaken": 18088,
      "largestCriticalStrike": 698,
      "timePlayed": 2588,
      "totalHeal": 3311,
      "totalUnitsHealed": 1,
      "assists": 11,
      "item0": 3255,
      "item1": 3078,
      "item2": 3072,
      "item3": 3035,
      "item4": 3031,
      "item6": 3340,
      "magicDamageDealtToChampions": 14245,
      "physicalDamageDealtToChampions": 9527,
      "totalDamageDealtToChampions": 24748,
      "trueDamageDealtPlayer": 6804,
      "trueDamageDealtToChampions": 974,
      "trueDamageTaken": 1054,
      "wardPlaced": 5,
      "neutralMinionsKilledEnemyJungle": 14,
      "neutralMinionsKilledYourJungle": 43
    }
  }
}