{
  "35011461": {
    "gameId": 825984720,
    "invalid": false,
    "gameMode": "CLASSIC",
    "gameType": "MATCHED_GAME",
    "subType": "RANKED_SOLO_5x5",
    "mapId": 1,
    "teamId": 100,
    "championId": 61,
    "spell1": 14,
    "spell2": 4,
    "level": 30,
    "ipEarned": 103,
    "createDate": 1399031567787,
    "fellowPlayers": [
      {
        "summonerId": 30129072,
        "teamId": 100,
        "championId": 267
      },
      {
        "summonerId": 28489093,
        "teamId": 100,
        "championId": 75
      },
      {
        "summonerId": 21706414,
        "teamId": 200,
        "championId": 84
      },
      {
        "summonerId": 33425973,
        "teamId": 100,
        "championId": 254
      },
      {
        "summonerId": 34139035,
        "teamId": 200,
        "championId": 89
      },
      {
        "summonerId": 39682251,
        "teamId": 200,
        "championId": 22
      },
      {
        "summonerId": 26916682,
        "teamId": 100,
        "championId": 67
      },
      {
        "summonerId": 20194669,
        "teamId": 200,
        "championId": 19
      },
      {
        "summonerId": 35713549,
        "teamId": 200,
        "championId": 86
      }
    ],
    "stats": {
      "level": 18,
      "goldEarned": 18928,
      "numDeaths": 4,
      "barracksKilled": 1,
      "turretsKilled": 3,
      "minionsKilled": 270,
      "championsKilled": 16,
      "goldSpent": 17355,
      "totalDamageDealt": 248353,
      "totalDamageTaken": 20159,
      "doubleKills": 1,
      "killingSprees": 4,
      "largestKillingSpree": 5,
      "team": 100,
      "win": true,
      "neutralMinionsKilled": 34,
      "largestMultiKill": 2,
      "physicalDamageDealtPlayer": 22137,
      "magicDamageDealtPlayer": 224278,
      "physicalDamageTaken": 10989,
      "magicDamageTaken": 8390,
      "timePlayed": 2270,
      "totalHeal": 2390,
      "totalUnitsHealed": 1,
      "assists": 17,
      "item0": 3089,
      "item1": 3157,
      "item2": 3255,
      "item3": 3135,
      "item4": 3116,
      "item5": 3174,
      "item6": 3340,
      "magicDamageDealtToChampions": 48182,
      "physicalDamageDealtToChampions": 4330,
      "totalDamageDealtToChampions": 53893,
      "trueDamageDealtPlayer": 1938,
      "trueDamageDealtToChampions": 1380,
      "trueDamageTaken": 778,
      "wardPlaced": 4,
      "neutralMinionsKilledEnemyJungle": 7,
      "neutralMinionsKilledYourJungle": 27,
      "totalTimeCrowdControlDealt": 2069
    }
  },
  "summonerCount": 10,
  "21706414": {
    "gameId": 825984720,
    "invalid": false,
    "gameMode": "CLASSIC",
    "gameType": "MATCHED_GAME",
    "subType": "RANKED_SOLO_5x5",
    "mapId": 1,
    "teamId": 200,
    "championId": 84,
    "spell1": 14,
    "spell2": 4,
    "level": 30,
    "ipEarned": 68,
    "createDate": 1399031567791,
    "fellowPlayers": [
      {
        "summonerId": 30129072,
        "teamId": 100,
        "championId": 267
      },
      {
        "summonerId": 28489093,
        "teamId": 100,
        "championId": 75
      },
      {
        "summonerId": 33425973,
        "teamId": 100,
        "championId": 254
      },
      {
        "summonerId": 35011461,
        "teamId": 100,
        "championId": 61
      },
      {
        "summonerId": 34139035,
        "teamId": 200,
        "championId": 89
      },
      {
        "summonerId": 39682251,
        "teamId": 200,
        "championId": 22
      },
      {
        "summonerId": 26916682,
        "teamId": 100,
        "championId": 67
      },
      {
        "summonerId": 20194669,
        "teamId": 200,
        "championId": 19
      },
      {
        "summonerId": 35713549,
        "teamId": 200,
        "championId": 86
      }
    ],
    "stats": {
      "level": 17,
      "goldEarned": 13547,
      "numDeaths": 10,
      "turretsKilled": 1,
      "minionsKilled": 139,
      "championsKilled": 9,
      "goldSpent": 13230,
      "totalDamageDealt": 132855,
      "totalDamageTaken": 30276,
      "doubleKills": 2,
      "tripleKills": 1,
      "killingSprees": 2,
      "largestKillingSpree": 6,
      "team": 200,
      "win": false,
      "neutralMinionsKilled": 19,
      "largestMultiKill": 3,
      "physicalDamageDealtPlayer": 61954,
      "magicDamageDealtPlayer": 68976,
      "physicalDamageTaken": 14897,
      "magicDamageTaken": 14051,
      "timePlayed": 2270,
      "totalHeal": 1125,
      "totalUnitsHealed": 1,
      "assists": 8,
      "item0": 3146,
      "item1": 3089,
      "item2": 1058,
      "item3": 3100,
      "item4": 3255,
      "item6": 3340,
      "sightWardsBought": 1,
      "magicDamageDealtToChampions": 14299,
      "physicalDamageDealtToChampions": 4728,
      "totalDamageDealtToChampions": 20008,
      "trueDamageDealtPlayer": 1924,
      "trueDamageDealtToChampions": 980,
      "trueDamageTaken": 1327,
      "wardPlaced": 7,
      "neutralMinionsKilledEnemyJungle": 1,
      "neutralMinionsKilledYourJungle": 18,
      "totalTimeCrowdControlDealt": 368
    }
  },
  "30129072": {
    "gameId": 825984720,
    "invalid": false,
    "gameMode": "CLASSIC",
    "gameType": "MATCHED_GAME",
    "subType": "RANKED_SOLO_5x5",
    "mapId": 1,
    "teamId": 100,
    "championId": 267,
    "spell1": 14,
    "spell2": 4,
    "level": 30,
    "ipEarned": 253,
    "createDate": 1399031567788,
    "fellowPlayers": [
      {
        "summonerId": 28489093,
        "teamId": 100,
        "championId": 75
      },
      {
        "summonerId": 21706414,
        "teamId": 200,
        "championId": 84
      },
      {
        "summonerId": 33425973,
        "teamId": 100,
        "championId": 254
      },
      {
        "summonerId": 35011461,
        "teamId": 100,
        "championId": 61
      },
      {
        "summonerId": 34139035,
        "teamId": 200,
        "championId": 89
      },
      {
        "summonerId": 39682251,
        "teamId": 200,
        "championId": 22
      },
      {
        "summonerId": 26916682,
        "teamId": 100,
        "championId": 67
      },
      {
        "summonerId": 20194669,
        "teamId": 200,
        "championId": 19
      },
      {
        "summonerId": 35713549,
        "teamId": 200,
        "championId": 86
      }
    ],
    "stats": {
      "level": 17,
      "goldEarned": 12669,
      "numDeaths": 12,
      "minionsKilled": 11,
      "championsKilled": 3,
      "goldSpent": 12320,
      "totalDamageDealt": 25214,
      "totalDamageTaken": 24981,
      "killingSprees": 1,
      "largestKillingSpree": 3,
      "team": 100,
      "win": true,
      "largestMultiKill": 1,
      "physicalDamageDealtPlayer": 5052,
      "magicDamageDealtPlayer": 18363,
      "physicalDamageTaken": 13787,
      "magicDamageTaken": 10632,
      "timePlayed": 2270,
      "totalHeal": 9847,
      "totalUnitsHealed": 5,
      "assists": 26,
      "item0": 3270,
      "item1": 3190,
      "item2": 3092,
      "item3": 2043,
      "item4": 2045,
      "item5": 3116,
      "item6": 3340,
      "sightWardsBought": 7,
      "visionWardsBought": 6,
      "magicDamageDealtToChampions": 11466,
      "physicalDamageDealtToChampions": 2731,
      "totalDamageDealtToChampions": 15995,
      "trueDamageDealtPlayer": 1798,
      "trueDamageDealtToChampions": 1798,
      "trueDamageTaken": 562,
      "wardKilled": 2,
      "wardPlaced": 35,
      "totalTimeCrowdControlDealt": 175
    }
  },
  "20194669": {
    "gameId": 825984720,
    "invalid": false,
    "gameMode": "CLASSIC",
    "gameType": "MATCHED_GAME",
    "subType": "RANKED_SOLO_5x5",
    "mapId": 1,
    "teamId": 200,
    "championId": 19,
    "spell1": 11,
    "spell2": 4,
    "level": 30,
    "ipEarned": 68,
    "createDate": 1399031567792,
    "fellowPlayers": [
      {
        "summonerId": 30129072,
        "teamId": 100,
        "championId": 267
      },
      {
        "summonerId": 28489093,
        "teamId": 100,
        "championId": 75
      },
      {
        "summonerId": 21706414,
        "teamId": 200,
        "championId": 84
      },
      {
        "summonerId": 33425973,
        "teamId": 100,
        "championId": 254
      },
      {
        "summonerId": 35011461,
        "teamId": 100,
        "championId": 61
      },
      {
        "summonerId": 34139035,
        "teamId": 200,
        "championId": 89
      },
      {
        "summonerId": 39682251,
        "teamId": 200,
        "championId": 22
      },
      {
        "summonerId": 26916682,
        "teamId": 100,
        "championId": 67
      },
      {
        "summonerId": 35713549,
        "teamId": 200,
        "championId": 86
      }
    ],
    "stats": {
      "level": 18,
      "goldEarned": 14590,
      "numDeaths": 9,
      "turretsKilled": 2,
      "minionsKilled": 65,
      "championsKilled": 9,
      "goldSpent": 13720,
      "totalDamageDealt": 248418,
      "totalDamageTaken": 54477,
      "killingSprees": 2,
      "largestKillingSpree": 3,
      "team": 200,
      "win": false,
      "neutralMinionsKilled": 120,
      "largestMultiKill": 1,
      "physicalDamageDealtPlayer": 111731,
      "magicDamageDealtPlayer": 116976,
      "physicalDamageTaken": 37358,
      "magicDamageTaken": 14780,
      "timePlayed": 2270,
      "totalHeal": 27503,
      "totalUnitsHealed": 1,
      "assists": 8,
      "item0": 3252,
      "item1": 3153,
      "item2": 3091,
      "item3": 3068,
      "item4": 3211,
      "item5": 3160,
      "item6": 3364,
      "magicDamageDealtToChampions": 13710,
      "physicalDamageDealtToChampions": 10230,
      "totalDamageDealtToChampions": 24671,
      "trueDamageDealtPlayer": 19710,
      "trueDamageDealtToChampions": 730,
      "trueDamageTaken": 2338,
      "wardPlaced": 8,
      "neutralMinionsKilledEnemyJungle": 12,
      "neutralMinionsKilledYourJungle": 108,
      "totalTimeCrowdControlDealt": 520
    }
  },
  "28489093": {
    "gameId": 825984720,
    "invalid": false,
    "gameMode": "CLASSIC",
    "gameType": "MATCHED_GAME",
    "subType": "RANKED_SOLO_5x5",
    "mapId": 1,
    "teamId": 100,
    "championId": 75,
    "spell1": 21,
    "spell2": 12,
    "level": 30,
    "ipEarned": 253,
    "createDate": 1399031567785,
    "fellowPlayers": [
      {
        "summonerId": 30129072,
        "teamId": 100,
        "championId": 267
      },
      {
        "summonerId": 21706414,
        "teamId": 200,
        "championId": 84
      },
      {
        "summonerId": 33425973,
        "teamId": 100,
        "championId": 254
      },
      {
        "summonerId": 35011461,
        "teamId": 100,
        "championId": 61
      },
      {
        "summonerId": 34139035,
        "teamId": 200,
        "championId": 89
      },
      {
        "summonerId": 39682251,
        "teamId": 200,
        "championId": 22
      },
      {
        "summonerId": 26916682,
        "teamId": 100,
        "championId": 67
      },
      {
        "summonerId": 20194669,
        "teamId": 200,
        "championId": 19
      },
      {
        "summonerId": 35713549,
        "teamId": 200,
        "championId": 86
      }
    ],
    "stats": {
      "level": 17,
      "goldEarned": 11125,
      "numDeaths": 10,
      "turretsKilled": 3,
      "minionsKilled": 144,
      "championsKilled": 2,
      "goldSpent": 10555,
      "totalDamageDealt": 99705,
      "totalDamageTaken": 32849,
      "team": 100,
      "win": true,
      "neutralMinionsKilled": 12,
      "largestMultiKill": 1,
      "physicalDamageDealtPlayer": 89868,
      "magicDamageDealtPlayer": 9837,
      "physicalDamageTaken": 20767,
      "magicDamageTaken": 11568,
      "timePlayed": 2270,
      "totalHeal": 2022,
      "totalUnitsHealed": 1,
      "assists": 8,
      "item0": 3280,
      "item1": 3110,
      "item2": 1054,
      "item3": 3025,
      "item4": 3143,
      "item6": 3340,
      "magicDamageDealtToChampions": 5609,
      "physicalDamageDealtToChampions": 11173,
      "totalDamageDealtToChampions": 16783,
      "trueDamageTaken": 513,
      "wardPlaced": 5,
      "neutralMinionsKilledEnemyJungle": 4,
      "neutralMinionsKilledYourJungle": 8,
      "totalTimeCrowdControlDealt": 2039
    }
  },
  "35713549": {
    "gameId": 825984720,
    "invalid": false,
    "gameMode": "CLASSIC",
    "gameType": "MATCHED_GAME",
    "subType": "RANKED_SOLO_5x5",
    "mapId": 1,
    "teamId": 200,
    "championId": 86,
    "spell1": 4,
    "spell2": 14,
    "level": 30,
    "ipEarned": 68,
    "createDate": 1399031567793,
    "fellowPlayers": [
      {
        "summonerId": 30129072,
        "teamId": 100,
        "championId": 267
      },
      {
        "summonerId": 28489093,
        "teamId": 100,
        "championId": 75
      },
      {
        "summonerId": 21706414,
        "teamId": 200,
        "championId": 84
      },
      {
        "summonerId": 33425973,
        "teamId": 100,
        "championId": 254
      },
      {
        "summonerId": 35011461,
        "teamId": 100,
        "championId": 61
      },
      {
        "summonerId": 34139035,
        "teamId": 200,
        "championId": 89
      },
      {
        "summonerId": 39682251,
        "teamId": 200,
        "championId": 22
      },
      {
        "summonerId": 26916682,
        "teamId": 100,
        "championId": 67
      },
      {
        "summonerId": 20194669,
        "teamId": 200,
        "championId": 19
      }
    ],
    "stats": {
      "level": 17,
      "goldEarned": 14775,
      "numDeaths": 8,
      "minionsKilled": 181,
      "championsKilled": 13,
      "goldSpent": 14380,
      "totalDamageDealt": 119472,
      "totalDamageTaken": 40869,
      "doubleKills": 1,
      "killingSprees": 3,
      "largestKillingSpree": 6,
      "team": 200,
      "win": false,
      "neutralMinionsKilled": 16,
      "largestMultiKill": 2,
      "physicalDamageDealtPlayer": 102834,
      "magicDamageDealtPlayer": 15856,
      "physicalDamageTaken": 24040,
      "magicDamageTaken": 15016,
      "timePlayed": 2270,
      "totalHeal": 1624,
      "totalUnitsHealed": 1,
      "assists": 10,
      "item0": 3071,
      "item1": 3068,
      "item2": 3102,
      "item3": 3280,
      "item4": 3072,
      "item6": 3340,
      "sightWardsBought": 1,
      "magicDamageDealtToChampions": 7957,
      "physicalDamageDealtToChampions": 18917,
      "totalDamageDealtToChampions": 27537,
      "trueDamageDealtPlayer": 782,
      "trueDamageDealtToChampions": 662,
      "trueDamageTaken": 1812,
      "wardPlaced": 10,
      "neutralMinionsKilledEnemyJungle": 7,
      "neutralMinionsKilledYourJungle": 9,
      "totalTimeCrowdControlDealt": 157
    }
  },
  "33425973": {
    "gameId": 825984720,
    "invalid": false,
    "gameMode": "CLASSIC",
    "gameType": "MATCHED_GAME",
    "subType": "RANKED_SOLO_5x5",
    "mapId": 1,
    "teamId": 100,
    "championId": 254,
    "spell1": 4,
    "spell2": 11,
    "level": 30,
    "ipEarned": 103,
    "createDate": 1399031567786,
    "fellowPlayers": [
      {
        "summonerId": 30129072,
        "teamId": 100,
        "championId": 267
      },
      {
        "summonerId": 28489093,
        "teamId": 100,
        "championId": 75
      },
      {
        "summonerId": 21706414,
        "teamId": 200,
        "championId": 84
      },
      {
        "summonerId": 35011461,
        "teamId": 100,
        "championId": 61
      },
      {
        "summonerId": 34139035,
        "teamId": 200,
        "championId": 89
      },
      {
        "summonerId": 39682251,
        "teamId": 200,
        "championId": 22
      },
      {
        "summonerId": 26916682,
        "teamId": 100,
        "championId": 67
      },
      {
        "summonerId": 20194669,
        "teamId": 200,
        "championId": 19
      },
      {
        "summonerId": 35713549,
        "teamId": 200,
        "championId": 86
      }
    ],
    "stats": {
      "level": 17,
      "goldEarned": 13820,
      "numDeaths": 8,
      "minionsKilled": 28,
      "championsKilled": 11,
      "goldSpent": 11988,
      "totalDamageDealt": 113743,
      "totalDamageTaken": 31655,
      "doubleKills": 2,
      "killingSprees": 3,
      "largestKillingSpree": 4,
      "team": 100,
      "win": true,
      "neutralMinionsKilled": 48,
      "largestMultiKill": 2,
      "physicalDamageDealtPlayer": 96345,
      "magicDamageDealtPlayer": 1142,
      "physicalDamageTaken": 21426,
      "magicDamageTaken": 9627,
      "timePlayed": 2270,
      "totalHeal": 4262,
      "totalUnitsHealed": 1,
      "assists": 18,
      "item0": 3209,
      "item1": 3265,
      "item2": 3071,
      "item3": 3078,
      "item4": 1011,
      "item6": 3340,
      "magicDamageDealtToChampions": 402,
      "physicalDamageDealtToChampions": 20596,
      "totalDamageDealtToChampions": 23830,
      "trueDamageDealtPlayer": 16255,
      "trueDamageDealtToChampions": 2831,
      "trueDamageTaken": 601,
      "wardPlaced": 10,
      "neutralMinionsKilledEnemyJungle": 8,
      "neutralMinionsKilledYourJungle": 40,
      "totalTimeCrowdControlDealt": 544
    }
  },
  "34139035": {
    "gameId": 825984720,
    "invalid": false,
    "gameMode": "CLASSIC",
    "gameType": "MATCHED_GAME",
    "subType": "RANKED_SOLO_5x5",
    "mapId": 1,
    "teamId": 200,
    "championId": 89,
    "spell1": 4,
    "spell2": 7,
    "level": 30,
    "ipEarned": 68,
    "createDate": 1399031567795,
    "fellowPlayers": [
      {
        "summonerId": 30129072,
        "teamId": 100,
        "championId": 267
      },
      {
        "summonerId": 28489093,
        "teamId": 100,
        "championId": 75
      },
      {
        "summonerId": 21706414,
        "teamId": 200,
        "championId": 84
      },
      {
        "summonerId": 33425973,
        "teamId": 100,
        "championId": 254
      },
      {
        "summonerId": 35011461,
        "teamId": 100,
        "championId": 61
      },
      {
        "summonerId": 39682251,
        "teamId": 200,
        "championId": 22
      },
      {
        "summonerId": 26916682,
        "teamId": 100,
        "championId": 67
      },
      {
        "summonerId": 20194669,
        "teamId": 200,
        "championId": 19
      },
      {
        "summonerId": 35713549,
        "teamId": 200,
        "championId": 86
      }
    ],
    "stats": {
      "level": 15,
      "goldEarned": 10619,
      "numDeaths": 6,
      "turretsKilled": 1,
      "minionsKilled": 59,
      "championsKilled": 2,
      "goldSpent": 10205,
      "totalDamageDealt": 45584,
      "totalDamageTaken": 32111,
      "killingSprees": 1,
      "largestKillingSpree": 2,
      "team": 200,
      "win": false,
      "largestMultiKill": 1,
      "physicalDamageDealtPlayer": 17229,
      "magicDamageDealtPlayer": 20843,
      "physicalDamageTaken": 16300,
      "magicDamageTaken": 13032,
      "timePlayed": 2270,
      "totalHeal": 7085,
      "totalUnitsHealed": 5,
      "assists": 21,
      "item0": 3269,
      "item1": 3068,
      "item2": 3401,
      "item3": 3025,
      "item6": 3340,
      "sightWardsBought": 2,
      "magicDamageDealtToChampions": 8409,
      "physicalDamageDealtToChampions": 4110,
      "totalDamageDealtToChampions": 12519,
      "trueDamageDealtPlayer": 7511,
      "trueDamageTaken": 2777,
      "wardPlaced": 17,
      "totalTimeCrowdControlDealt": 149
    }
  },
  "26916682": {
    "gameId": 825984720,
    "invalid": false,
    "gameMode": "CLASSIC",
    "gameType": "MATCHED_GAME",
    "subType": "RANKED_SOLO_5x5",
    "mapId": 1,
    "teamId": 100,
    "championId": 67,
    "spell1": 7,
    "spell2": 4,
    "level": 30,
    "ipEarned": 253,
    "createDate": 1399031567790,
    "fellowPlayers": [
      {
        "summonerId": 30129072,
        "teamId": 100,
        "championId": 267
      },
      {
        "summonerId": 28489093,
        "teamId": 100,
        "championId": 75
      },
      {
        "summonerId": 21706414,
        "teamId": 200,
        "championId": 84
      },
      {
        "summonerId": 33425973,
        "teamId": 100,
        "championId": 254
      },
      {
        "summonerId": 35011461,
        "teamId": 100,
        "championId": 61
      },
      {
        "summonerId": 34139035,
        "teamId": 200,
        "championId": 89
      },
      {
        "summonerId": 39682251,
        "teamId": 200,
        "championId": 22
      },
      {
        "summonerId": 20194669,
        "teamId": 200,
        "championId": 19
      },
      {
        "summonerId": 35713549,
        "teamId": 200,
        "championId": 86
      }
    ],
    "stats": {
      "level": 16,
      "goldEarned": 11883,
      "numDeaths": 9,
      "minionsKilled": 117,
      "championsKilled": 8,
      "goldSpent": 10450,
      "totalDamageDealt": 78263,
      "totalDamageTaken": 24517,
      "doubleKills": 1,
      "killingSprees": 1,
      "largestKillingSpree": 3,
      "team": 100,
      "win": true,
      "neutralMinionsKilled": 11,
      "largestMultiKill": 2,
      "physicalDamageDealtPlayer": 70695,
      "magicDamageDealtPlayer": 496,
      "physicalDamageTaken": 14490,
      "magicDamageTaken": 9869,
      "largestCriticalStrike": 187,
      "timePlayed": 2270,
      "totalHeal": 3599,
      "totalUnitsHealed": 3,
      "assists": 10,
      "item0": 3153,
      "item1": 3139,
      "item2": 3035,
      "item3": 2003,
      "item4": 3006,
      "item6": 3340,
      "magicDamageDealtToChampions": 218,
      "physicalDamageDealtToChampions": 12573,
      "totalDamageDealtToChampions": 14881,
      "trueDamageDealtPlayer": 7071,
      "trueDamageDealtToChampions": 2089,
      "trueDamageTaken": 158,
      "wardKilled": 2,
      "wardPlaced": 10,
      "neutralMinionsKilledYourJungle": 11,
      "totalTimeCrowdControlDealt": 35
    }
  },
  "39682251": {
    "gameId": 825984720,
    "invalid": false,
    "gameMode": "CLASSIC",
    "gameType": "MATCHED_GAME",
    "subType": "RANKED_SOLO_5x5",
    "mapId": 1,
    "teamId": 200,
    "championId": 22,
    "spell1": 7,
    "spell2": 4,
    "level": 30,
    "ipEarned": 68,
    "createDate": 1399031567794,
    "fellowPlayers": [
      {
        "summonerId": 30129072,
        "teamId": 100,
        "championId": 267
      },
      {
        "summonerId": 28489093,
        "teamId": 100,
        "championId": 75
      },
      {
        "summonerId": 21706414,
        "teamId": 200,
        "championId": 84
      },
      {
        "summonerId": 33425973,
        "teamId": 100,
        "championId": 254
      },
      {
        "summonerId": 35011461,
        "teamId": 100,
        "championId": 61
      },
      {
        "summonerId": 34139035,
        "teamId": 200,
        "championId": 89
      },
      {
        "summonerId": 26916682,
        "teamId": 100,
        "championId": 67
      },
      {
        "summonerId": 20194669,
        "teamId": 200,
        "championId": 19
      },
      {
        "summonerId": 35713549,
        "teamId": 200,
        "championId": 86
      }
    ],
    "stats": {
      "level": 16,
      "goldEarned": 13758,
      "numDeaths": 8,
      "turretsKilled": 1,
      "minionsKilled": 150,
      "championsKilled": 10,
      "goldSpent": 13835,
      "totalDamageDealt": 103381,
      "totalDamageTaken": 19608,
      "doubleKills": 2,
      "killingSprees": 3,
      "largestKillingSpree": 5,
      "team": 200,
      "win": false,
      "neutralMinionsKilled": 6,
      "largestMultiKill": 2,
      "physicalDamageDealtPlayer": 86547,
      "magicDamageDealtPlayer": 16709,
      "physicalDamageTaken": 9661,
      "magicDamageTaken": 9308,
      "largestCriticalStrike": 630,
      "timePlayed": 2270,
      "totalHeal": 3854,
      "totalUnitsHealed": 4,
      "assists": 13,
      "item0": 3026,
      "item1": 3006,
      "item3": 3031,
      "item4": 3087,
      "item5": 3072,
      "item6": 3340,
      "magicDamageDealtToChampions": 4668,
      "physicalDamageDealtToChampions": 19115,
      "totalDamageDealtToChampions": 23873,
      "trueDamageDealtPlayer": 124,
      "trueDamageDealtToChampions": 90,
      "trueDamageTaken": 638,
      "wardKilled": 2,
      "wardPlaced": 8,
      "neutralMinionsKilledEnemyJungle": 1,
      "neutralMinionsKilledYourJungle": 5,
      "totalTimeCrowdControlDealt": 613
    }
  }
}