{
  "27947610": {
    "gameId": 825976063,
    "invalid": false,
    "gameMode": "CLASSIC",
    "gameType": "MATCHED_GAME",
    "subType": "RANKED_SOLO_5x5",
    "mapId": 1,
    "teamId": 200,
    "championId": 5,
    "spell1": 4,
    "spell2": 11,
    "level": 30,
    "ipEarned": 65,
    "createDate": 1399031403903,
    "fellowPlayers": [
      {
        "summonerId": 20801320,
        "teamId": 100,
        "championId": 254
      },
      {
        "summonerId": 35002714,
        "teamId": 100,
        "championId": 55
      },
      {
        "summonerId": 21562163,
        "teamId": 200,
        "championId": 18
      },
      {
        "summonerId": 20132625,
        "teamId": 100,
        "championId": 13
      },
      {
        "summonerId": 30708381,
        "teamId": 100,
        "championId": 17
      },
      {
        "summonerId": 25109166,
        "teamId": 200,
        "championId": 222
      },
      {
        "summonerId": 25968763,
        "teamId": 200,
        "championId": 58
      },
      {
        "summonerId": 23447616,
        "teamId": 100,
        "championId": 236
      },
      {
        "summonerId": 35603848,
        "teamId": 200,
        "championId": 412
      }
    ],
    "stats": {
      "level": 14,
      "goldEarned": 9335,
      "numDeaths": 9,
      "minionsKilled": 40,
      "championsKilled": 4,
      "goldSpent": 9867,
      "totalDamageDealt": 84082,
      "totalDamageTaken": 33560,
      "killingSprees": 1,
      "largestKillingSpree": 2,
      "team": 200,
      "win": false,
      "neutralMinionsKilled": 36,
      "largestMultiKill": 1,
      "physicalDamageDealtPlayer": 55700,
      "magicDamageDealtPlayer": 15664,
      "physicalDamageTaken": 17128,
      "magicDamageTaken": 14992,
      "timePlayed": 2103,
      "totalHeal": 5253,
      "totalUnitsHealed": 1,
      "assists": 12,
      "item0": 3209,
      "item1": 3270,
      "item2": 3065,
      "item3": 1028,
      "item4": 3134,
      "item5": 1011,
      "sightWardsBought": 1,
      "visionWardsBought": 1,
      "magicDamageDealtToChampions": 2230,
      "physicalDamageDealtToChampions": 10019,
      "totalDamageDealtToChampions": 13537,
      "trueDamageDealtPlayer": 12716,
      "trueDamageDealtToChampions": 1287,
      "trueDamageTaken": 1439,
      "wardPlaced": 2,
      "neutralMinionsKilledEnemyJungle": 3,
      "neutralMinionsKilledYourJungle": 33,
      "totalTimeCrowdControlDealt": 426
    }
  },
  "summonerCount": 10,
  "23447616": {
    "gameId": 825976063,
    "invalid": false,
    "gameMode": "CLASSIC",
    "gameType": "MATCHED_GAME",
    "subType": "RANKED_SOLO_5x5",
    "mapId": 1,
    "teamId": 100,
    "championId": 236,
    "spell1": 7,
    "spell2": 4,
    "level": 30,
    "ipEarned": 99,
    "createDate": 1399031403893,
    "fellowPlayers": [
      {
        "summonerId": 20801320,
        "teamId": 100,
        "championId": 254
      },
      {
        "summonerId": 35002714,
        "teamId": 100,
        "championId": 55
      },
      {
        "summonerId": 21562163,
        "teamId": 200,
        "championId": 18
      },
      {
        "summonerId": 27947610,
        "teamId": 200,
        "championId": 5
      },
      {
        "summonerId": 20132625,
        "teamId": 100,
        "championId": 13
      },
      {
        "summonerId": 30708381,
        "teamId": 100,
        "championId": 17
      },
      {
        "summonerId": 25109166,
        "teamId": 200,
        "championId": 222
      },
      {
        "summonerId": 25968763,
        "teamId": 200,
        "championId": 58
      },
      {
        "summonerId": 35603848,
        "teamId": 200,
        "championId": 412
      }
    ],
    "stats": {
      "level": 16,
      "goldEarned": 12576,
      "numDeaths": 11,
      "turretsKilled": 1,
      "minionsKilled": 145,
      "championsKilled": 4,
      "goldSpent": 12103,
      "totalDamageDealt": 101801,
      "totalDamageTaken": 27661,
      "killingSprees": 1,
      "largestKillingSpree": 2,
      "team": 100,
      "win": true,
      "largestMultiKill": 1,
      "physicalDamageDealtPlayer": 89085,
      "magicDamageDealtPlayer": 12716,
      "physicalDamageTaken": 19524,
      "magicDamageTaken": 7505,
      "largestCriticalStrike": 678,
      "timePlayed": 2103,
      "totalHeal": 4086,
      "totalUnitsHealed": 4,
      "assists": 19,
      "item0": 1055,
      "item1": 3072,
      "item2": 3078,
      "item3": 3006,
      "item4": 3035,
      "item5": 3155,
      "item6": 3340,
      "magicDamageDealtToChampions": 2837,
      "physicalDamageDealtToChampions": 20281,
      "totalDamageDealtToChampions": 23119,
      "trueDamageTaken": 632,
      "wardPlaced": 6
    }
  },
  "35603848": {
    "gameId": 825976063,
    "invalid": false,
    "gameMode": "CLASSIC",
    "gameType": "MATCHED_GAME",
    "subType": "RANKED_SOLO_5x5",
    "mapId": 1,
    "teamId": 200,
    "championId": 412,
    "spell1": 3,
    "spell2": 4,
    "level": 30,
    "ipEarned": 65,
    "createDate": 1399031403902,
    "fellowPlayers": [
      {
        "summonerId": 20801320,
        "teamId": 100,
        "championId": 254
      },
      {
        "summonerId": 35002714,
        "teamId": 100,
        "championId": 55
      },
      {
        "summonerId": 21562163,
        "teamId": 200,
        "championId": 18
      },
      {
        "summonerId": 27947610,
        "teamId": 200,
        "championId": 5
      },
      {
        "summonerId": 20132625,
        "teamId": 100,
        "championId": 13
      },
      {
        "summonerId": 30708381,
        "teamId": 100,
        "championId": 17
      },
      {
        "summonerId": 25109166,
        "teamId": 200,
        "championId": 222
      },
      {
        "summonerId": 25968763,
        "teamId": 200,
        "championId": 58
      },
      {
        "summonerId": 23447616,
        "teamId": 100,
        "championId": 236
      }
    ],
    "stats": {
      "level": 15,
      "goldEarned": 10780,
      "numDeaths": 11,
      "minionsKilled": 13,
      "championsKilled": 1,
      "goldSpent": 9940,
      "totalDamageDealt": 25971,
      "totalDamageTaken": 38115,
      "team": 200,
      "win": false,
      "largestMultiKill": 1,
      "physicalDamageDealtPlayer": 5871,
      "magicDamageDealtPlayer": 20100,
      "physicalDamageTaken": 16546,
      "magicDamageTaken": 21237,
      "timePlayed": 2103,
      "totalHeal": 1624,
      "totalUnitsHealed": 1,
      "assists": 25,
      "item0": 3190,
      "item1": 2045,
      "item2": 3265,
      "item3": 3096,
      "item4": 3082,
      "item5": 1011,
      "item6": 3364,
      "sightWardsBought": 2,
      "visionWardsBought": 2,
      "magicDamageDealtToChampions": 11114,
      "physicalDamageDealtToChampions": 2431,
      "totalDamageDealtToChampions": 13545,
      "trueDamageTaken": 332,
      "wardKilled": 2,
      "wardPlaced": 29,
      "totalTimeCrowdControlDealt": 206
    }
  },
  "35002714": {
    "gameId": 825976063,
    "invalid": false,
    "gameMode": "CLASSIC",
    "gameType": "MATCHED_GAME",
    "subType": "RANKED_SOLO_5x5",
    "mapId": 1,
    "teamId": 100,
    "championId": 55,
    "spell1": 4,
    "spell2": 14,
    "level": 30,
    "ipEarned": 249,
    "createDate": 1399031403897,
    "fellowPlayers": [
      {
        "summonerId": 20801320,
        "teamId": 100,
        "championId": 254
      },
      {
        "summonerId": 21562163,
        "teamId": 200,
        "championId": 18
      },
      {
        "summonerId": 27947610,
        "teamId": 200,
        "championId": 5
      },
      {
        "summonerId": 20132625,
        "teamId": 100,
        "championId": 13
      },
      {
        "summonerId": 30708381,
        "teamId": 100,
        "championId": 17
      },
      {
        "summonerId": 25109166,
        "teamId": 200,
        "championId": 222
      },
      {
        "summonerId": 25968763,
        "teamId": 200,
        "championId": 58
      },
      {
        "summonerId": 23447616,
        "teamId": 100,
        "championId": 236
      },
      {
        "summonerId": 35603848,
        "teamId": 200,
        "championId": 412
      }
    ],
    "stats": {
      "level": 16,
      "goldEarned": 13294,
      "numDeaths": 8,
      "turretsKilled": 1,
      "minionsKilled": 120,
      "championsKilled": 12,
      "goldSpent": 11775,
      "totalDamageDealt": 86205,
      "totalDamageTaken": 23010,
      "doubleKills": 2,
      "killingSprees": 3,
      "largestKillingSpree": 4,
      "team": 100,
      "win": true,
      "neutralMinionsKilled": 2,
      "largestMultiKill": 2,
      "physicalDamageDealtPlayer": 8182,
      "magicDamageDealtPlayer": 77145,
      "physicalDamageTaken": 13263,
      "magicDamageTaken": 9172,
      "timePlayed": 2103,
      "totalHeal": 1244,
      "totalUnitsHealed": 1,
      "assists": 15,
      "item0": 3020,
      "item1": 3136,
      "item2": 3001,
      "item3": 3089,
      "item4": 3191,
      "item5": 1058,
      "item6": 3340,
      "sightWardsBought": 2,
      "magicDamageDealtToChampions": 24358,
      "physicalDamageDealtToChampions": 1133,
      "totalDamageDealtToChampions": 26314,
      "trueDamageDealtPlayer": 878,
      "trueDamageDealtToChampions": 822,
      "trueDamageTaken": 573,
      "wardPlaced": 13,
      "neutralMinionsKilledYourJungle": 2,
      "totalTimeCrowdControlDealt": 9
    }
  },
  "25968763": {
    "gameId": 825976063,
    "invalid": false,
    "gameMode": "CLASSIC",
    "gameType": "MATCHED_GAME",
    "subType": "RANKED_SOLO_5x5",
    "mapId": 1,
    "teamId": 200,
    "championId": 58,
    "spell1": 14,
    "spell2": 4,
    "level": 30,
    "ipEarned": 65,
    "createDate": 1399031403899,
    "fellowPlayers": [
      {
        "summonerId": 20801320,
        "teamId": 100,
        "championId": 254
      },
      {
        "summonerId": 35002714,
        "teamId": 100,
        "championId": 55
      },
      {
        "summonerId": 21562163,
        "teamId": 200,
        "championId": 18
      },
      {
        "summonerId": 27947610,
        "teamId": 200,
        "championId": 5
      },
      {
        "summonerId": 20132625,
        "teamId": 100,
        "championId": 13
      },
      {
        "summonerId": 30708381,
        "teamId": 100,
        "championId": 17
      },
      {
        "summonerId": 25109166,
        "teamId": 200,
        "championId": 222
      },
      {
        "summonerId": 23447616,
        "teamId": 100,
        "championId": 236
      },
      {
        "summonerId": 35603848,
        "teamId": 200,
        "championId": 412
      }
    ],
    "stats": {
      "level": 17,
      "goldEarned": 12848,
      "numDeaths": 10,
      "minionsKilled": 228,
      "championsKilled": 3,
      "goldSpent": 12030,
      "totalDamageDealt": 154874,
      "totalDamageTaken": 43573,
      "team": 200,
      "win": false,
      "neutralMinionsKilled": 16,
      "largestMultiKill": 1,
      "physicalDamageDealtPlayer": 131667,
      "magicDamageDealtPlayer": 21828,
      "physicalDamageTaken": 30472,
      "magicDamageTaken": 12280,
      "timePlayed": 2103,
      "totalHeal": 6932,
      "totalUnitsHealed": 1,
      "assists": 10,
      "item0": 1055,
      "item1": 3156,
      "item2": 3065,
      "item3": 3111,
      "item4": 3068,
      "item5": 1057,
      "item6": 3340,
      "magicDamageDealtToChampions": 3492,
      "physicalDamageDealtToChampions": 10240,
      "totalDamageDealtToChampions": 14783,
      "trueDamageDealtPlayer": 1378,
      "trueDamageDealtToChampions": 1050,
      "trueDamageTaken": 820,
      "wardKilled": 1,
      "wardPlaced": 2,
      "neutralMinionsKilledYourJungle": 16,
      "totalTimeCrowdControlDealt": 105
    }
  },
  "21562163": {
    "gameId": 825976063,
    "invalid": false,
    "gameMode": "CLASSIC",
    "gameType": "MATCHED_GAME",
    "subType": "RANKED_SOLO_5x5",
    "mapId": 1,
    "teamId": 200,
    "championId": 18,
    "spell1": 4,
    "spell2": 14,
    "level": 30,
    "ipEarned": 65,
    "createDate": 1399031403898,
    "fellowPlayers": [
      {
        "summonerId": 20801320,
        "teamId": 100,
        "championId": 254
      },
      {
        "summonerId": 35002714,
        "teamId": 100,
        "championId": 55
      },
      {
        "summonerId": 27947610,
        "teamId": 200,
        "championId": 5
      },
      {
        "summonerId": 20132625,
        "teamId": 100,
        "championId": 13
      },
      {
        "summonerId": 30708381,
        "teamId": 100,
        "championId": 17
      },
      {
        "summonerId": 25109166,
        "teamId": 200,
        "championId": 222
      },
      {
        "summonerId": 25968763,
        "teamId": 200,
        "championId": 58
      },
      {
        "summonerId": 23447616,
        "teamId": 100,
        "championId": 236
      },
      {
        "summonerId": 35603848,
        "teamId": 200,
        "championId": 412
      }
    ],
    "stats": {
      "level": 16,
      "goldEarned": 14221,
      "numDeaths": 7,
      "minionsKilled": 110,
      "championsKilled": 18,
      "goldSpent": 14190,
      "totalDamageDealt": 97723,
      "totalDamageTaken": 23771,
      "doubleKills": 2,
      "tripleKills": 1,
      "killingSprees": 3,
      "largestKillingSpree": 7,
      "team": 200,
      "win": false,
      "neutralMinionsKilled": 11,
      "largestMultiKill": 3,
      "physicalDamageDealtPlayer": 19811,
      "magicDamageDealtPlayer": 76082,
      "physicalDamageTaken": 10613,
      "magicDamageTaken": 12640,
      "timePlayed": 2103,
      "totalHeal": 3360,
      "totalUnitsHealed": 1,
      "assists": 9,
      "item0": 3255,
      "item1": 3128,
      "item2": 3157,
      "item3": 3135,
      "item4": 3102,
      "item6": 3340,
      "visionWardsBought": 2,
      "magicDamageDealtToChampions": 28160,
      "physicalDamageDealtToChampions": 2996,
      "totalDamageDealtToChampions": 32507,
      "trueDamageDealtPlayer": 1830,
      "trueDamageDealtToChampions": 1350,
      "trueDamageTaken": 517,
      "wardKilled": 3,
      "wardPlaced": 7,
      "neutralMinionsKilledYourJungle": 11,
      "totalTimeCrowdControlDealt": 282
    }
  },
  "20801320": {
    "gameId": 825976063,
    "invalid": false,
    "gameMode": "CLASSIC",
    "gameType": "MATCHED_GAME",
    "subType": "RANKED_SOLO_5x5",
    "mapId": 1,
    "teamId": 100,
    "championId": 254,
    "spell1": 11,
    "spell2": 4,
    "level": 30,
    "ipEarned": 99,
    "createDate": 1399031403891,
    "fellowPlayers": [
      {
        "summonerId": 35002714,
        "teamId": 100,
        "championId": 55
      },
      {
        "summonerId": 21562163,
        "teamId": 200,
        "championId": 18
      },
      {
        "summonerId": 27947610,
        "teamId": 200,
        "championId": 5
      },
      {
        "summonerId": 20132625,
        "teamId": 100,
        "championId": 13
      },
      {
        "summonerId": 30708381,
        "teamId": 100,
        "championId": 17
      },
      {
        "summonerId": 25109166,
        "teamId": 200,
        "championId": 222
      },
      {
        "summonerId": 25968763,
        "teamId": 200,
        "championId": 58
      },
      {
        "summonerId": 23447616,
        "teamId": 100,
        "championId": 236
      },
      {
        "summonerId": 35603848,
        "teamId": 200,
        "championId": 412
      }
    ],
    "stats": {
      "level": 18,
      "goldEarned": 16611,
      "numDeaths": 10,
      "barracksKilled": 1,
      "minionsKilled": 47,
      "championsKilled": 12,
      "goldSpent": 15350,
      "totalDamageDealt": 293591,
      "totalDamageTaken": 41641,
      "doubleKills": 2,
      "killingSprees": 4,
      "largestKillingSpree": 2,
      "team": 100,
      "win": true,
      "neutralMinionsKilled": 150,
      "largestMultiKill": 2,
      "physicalDamageDealtPlayer": 207308,
      "magicDamageDealtPlayer": 63338,
      "physicalDamageTaken": 26983,
      "magicDamageTaken": 13208,
      "largestCriticalStrike": 706,
      "timePlayed": 2103,
      "totalHeal": 7776,
      "totalUnitsHealed": 1,
      "assists": 12,
      "item0": 3078,
      "item1": 3160,
      "item2": 3153,
      "item3": 3102,
      "item4": 3134,
      "item5": 3284,
      "item6": 3340,
      "magicDamageDealtToChampions": 1688,
      "physicalDamageDealtToChampions": 30320,
      "totalDamageDealtToChampions": 33369,
      "trueDamageDealtPlayer": 22944,
      "trueDamageDealtToChampions": 1360,
      "trueDamageTaken": 1449,
      "wardPlaced": 10,
      "neutralMinionsKilledEnemyJungle": 22,
      "neutralMinionsKilledYourJungle": 128,
      "totalTimeCrowdControlDealt": 917
    }
  },
  "20132625": {
    "gameId": 825976063,
    "invalid": false,
    "gameMode": "CLASSIC",
    "gameType": "MATCHED_GAME",
    "subType": "RANKED_SOLO_5x5",
    "mapId": 1,
    "teamId": 100,
    "championId": 13,
    "spell1": 4,
    "spell2": 12,
    "level": 30,
    "ipEarned": 249,
    "createDate": 1399031403895,
    "fellowPlayers": [
      {
        "summonerId": 20801320,
        "teamId": 100,
        "championId": 254
      },
      {
        "summonerId": 35002714,
        "teamId": 100,
        "championId": 55
      },
      {
        "summonerId": 21562163,
        "teamId": 200,
        "championId": 18
      },
      {
        "summonerId": 27947610,
        "teamId": 200,
        "championId": 5
      },
      {
        "summonerId": 30708381,
        "teamId": 100,
        "championId": 17
      },
      {
        "summonerId": 25109166,
        "teamId": 200,
        "championId": 222
      },
      {
        "summonerId": 25968763,
        "teamId": 200,
        "championId": 58
      },
      {
        "summonerId": 23447616,
        "teamId": 100,
        "championId": 236
      },
      {
        "summonerId": 35603848,
        "teamId": 200,
        "championId": 412
      }
    ],
    "stats": {
      "level": 18,
      "goldEarned": 17029,
      "numDeaths": 5,
      "minionsKilled": 196,
      "championsKilled": 14,
      "goldSpent": 16200,
      "totalDamageDealt": 146578,
      "totalDamageTaken": 29320,
      "killingSprees": 3,
      "largestKillingSpree": 5,
      "team": 100,
      "win": true,
      "neutralMinionsKilled": 18,
      "largestMultiKill": 1,
      "physicalDamageDealtPlayer": 20767,
      "magicDamageDealtPlayer": 124436,
      "physicalDamageTaken": 18267,
      "magicDamageTaken": 9531,
      "timePlayed": 2103,
      "assists": 15,
      "item0": 3040,
      "item1": 3027,
      "item2": 3135,
      "item3": 3110,
      "item4": 3102,
      "item5": 3264,
      "item6": 3340,
      "sightWardsBought": 6,
      "magicDamageDealtToChampions": 29169,
      "physicalDamageDealtToChampions": 2347,
      "totalDamageDealtToChampions": 31875,
      "trueDamageDealtPlayer": 1374,
      "trueDamageDealtToChampions": 358,
      "trueDamageTaken": 1521,
      "wardKilled": 4,
      "wardPlaced": 13,
      "neutralMinionsKilledEnemyJungle": 7,
      "neutralMinionsKilledYourJungle": 11,
      "totalTimeCrowdControlDealt": 1451
    }
  },
  "30708381": {
    "gameId": 825976063,
    "invalid": false,
    "gameMode": "CLASSIC",
    "gameType": "MATCHED_GAME",
    "subType": "RANKED_SOLO_5x5",
    "mapId": 1,
    "teamId": 100,
    "championId": 17,
    "spell1": 4,
    "spell2": 7,
    "level": 30,
    "ipEarned": 99,
    "createDate": 1399031403894,
    "fellowPlayers": [
      {
        "summonerId": 20801320,
        "teamId": 100,
        "championId": 254
      },
      {
        "summonerId": 35002714,
        "teamId": 100,
        "championId": 55
      },
      {
        "summonerId": 21562163,
        "teamId": 200,
        "championId": 18
      },
      {
        "summonerId": 27947610,
        "teamId": 200,
        "championId": 5
      },
      {
        "summonerId": 20132625,
        "teamId": 100,
        "championId": 13
      },
      {
        "summonerId": 25109166,
        "teamId": 200,
        "championId": 222
      },
      {
        "summonerId": 25968763,
        "teamId": 200,
        "championId": 58
      },
      {
        "summonerId": 23447616,
        "teamId": 100,
        "championId": 236
      },
      {
        "summonerId": 35603848,
        "teamId": 200,
        "championId": 412
      }
    ],
    "stats": {
      "level": 15,
      "goldEarned": 11744,
      "numDeaths": 8,
      "barracksKilled": 1,
      "turretsKilled": 2,
      "minionsKilled": 29,
      "championsKilled": 3,
      "goldSpent": 10450,
      "totalDamageDealt": 42602,
      "totalDamageTaken": 23084,
      "team": 100,
      "win": true,
      "largestMultiKill": 1,
      "physicalDamageDealtPlayer": 9654,
      "magicDamageDealtPlayer": 32792,
      "physicalDamageTaken": 14712,
      "magicDamageTaken": 8176,
      "timePlayed": 2103,
      "totalHeal": 2406,
      "totalUnitsHealed": 3,
      "assists": 12,
      "item0": 3098,
      "item1": 3151,
      "item2": 3135,
      "item3": 3116,
      "item5": 3020,
      "item6": 3340,
      "sightWardsBought": 1,
      "magicDamageDealtToChampions": 20998,
      "physicalDamageDealtToChampions": 1709,
      "totalDamageDealtToChampions": 22863,
      "trueDamageDealtPlayer": 156,
      "trueDamageDealtToChampions": 156,
      "trueDamageTaken": 196,
      "wardKilled": 1,
      "wardPlaced": 51,
      "totalTimeCrowdControlDealt": 354
    }
  },
  "27947610": {
    "gameId": 825976063,
    "invalid": false,
    "gameMode": "CLASSIC",
    "gameType": "MATCHED_GAME",
    "subType": "RANKED_SOLO_5x5",
    "mapId": 1,
    "teamId": 200,
    "championId": 5,
    "spell1": 4,
    "spell2": 11,
    "level": 30,
    "ipEarned": 65,
    "createDate": 1399031403903,
    "fellowPlayers": [
      {
        "summonerId": 20801320,
        "teamId": 100,
        "championId": 254
      },
      {
        "summonerId": 35002714,
        "teamId": 100,
        "championId": 55
      },
      {
        "summonerId": 21562163,
        "teamId": 200,
        "championId": 18
      },
      {
        "summonerId": 20132625,
        "teamId": 100,
        "championId": 13
      },
      {
        "summonerId": 30708381,
        "teamId": 100,
        "championId": 17
      },
      {
        "summonerId": 25109166,
        "teamId": 200,
        "championId": 222
      },
      {
        "summonerId": 25968763,
        "teamId": 200,
        "championId": 58
      },
      {
        "summonerId": 23447616,
        "teamId": 100,
        "championId": 236
      },
      {
        "summonerId": 35603848,
        "teamId": 200,
        "championId": 412
      }
    ],
    "stats": {
      "level": 14,
      "goldEarned": 9335,
      "numDeaths": 9,
      "minionsKilled": 40,
      "championsKilled": 4,
      "goldSpent": 9867,
      "totalDamageDealt": 84082,
      "totalDamageTaken": 33560,
      "killingSprees": 1,
      "largestKillingSpree": 2,
      "team": 200,
      "win": false,
      "neutralMinionsKilled": 36,
      "largestMultiKill": 1,
      "physicalDamageDealtPlayer": 55700,
      "magicDamageDealtPlayer": 15664,
      "physicalDamageTaken": 17128,
      "magicDamageTaken": 14992,
      "timePlayed": 2103,
      "totalHeal": 5253,
      "totalUnitsHealed": 1,
      "assists": 12,
      "item0": 3209,
      "item1": 3270,
      "item2": 3065,
      "item3": 1028,
      "item4": 3134,
      "item5": 1011,
      "sightWardsBought": 1,
      "visionWardsBought": 1,
      "magicDamageDealtToChampions": 2230,
      "physicalDamageDealtToChampions": 10019,
      "totalDamageDealtToChampions": 13537,
      "trueDamageDealtPlayer": 12716,
      "trueDamageDealtToChampions": 1287,
      "trueDamageTaken": 1439,
      "wardPlaced": 2,
      "neutralMinionsKilledEnemyJungle": 3,
      "neutralMinionsKilledYourJungle": 33,
      "totalTimeCrowdControlDealt": 426
    }
  }
}