{
  "32218047": {
    "gameId": 825983653,
    "invalid": false,
    "gameMode": "CLASSIC",
    "gameType": "MATCHED_GAME",
    "subType": "RANKED_SOLO_5x5",
    "mapId": 1,
    "teamId": 200,
    "championId": 55,
    "spell1": 14,
    "spell2": 4,
    "level": 30,
    "ipEarned": 91,
    "createDate": 1399032380009,
    "fellowPlayers": [
      {
        "summonerId": 33890998,
        "teamId": 100,
        "championId": 99
      },
      {
        "summonerId": 24272755,
        "teamId": 200,
        "championId": 25
      },
      {
        "summonerId": 32666068,
        "teamId": 200,
        "championId": 32
      },
      {
        "summonerId": 30928505,
        "teamId": 200,
        "championId": 58
      },
      {
        "summonerId": 38690297,
        "teamId": 100,
        "championId": 2
      },
      {
        "summonerId": 38917943,
        "teamId": 100,
        "championId": 115
      },
      {
        "summonerId": 30762349,
        "teamId": 100,
        "championId": 254
      },
      {
        "summonerId": 42368589,
        "teamId": 100,
        "championId": 133
      },
      {
        "summonerId": 24223989,
        "teamId": 200,
        "championId": 110
      }
    ],
    "stats": {
      "level": 18,
      "goldEarned": 16952,
      "numDeaths": 12,
      "minionsKilled": 216,
      "championsKilled": 12,
      "goldSpent": 20695,
      "totalDamageDealt": 205405,
      "totalDamageTaken": 42350,
      "doubleKills": 1,
      "tripleKills": 1,
      "killingSprees": 4,
      "largestKillingSpree": 3,
      "team": 200,
      "win": false,
      "neutralMinionsKilled": 39,
      "largestMultiKill": 3,
      "physicalDamageDealtPlayer": 23844,
      "magicDamageDealtPlayer": 180285,
      "physicalDamageTaken": 24591,
      "magicDamageTaken": 14506,
      "timePlayed": 3235,
      "totalHeal": 1114,
      "totalUnitsHealed": 1,
      "assists": 7,
      "item0": 3089,
      "item1": 3146,
      "item2": 3026,
      "item3": 3020,
      "item4": 3001,
      "item5": 3135,
      "item6": 3340,
      "magicDamageDealtToChampions": 24664,
      "physicalDamageDealtToChampions": 768,
      "totalDamageDealtToChampions": 26707,
      "trueDamageDealtPlayer": 1274,
      "trueDamageDealtToChampions": 1274,
      "trueDamageTaken": 3252,
      "wardKilled": 1,
      "wardPlaced": 8,
      "neutralMinionsKilledYourJungle": 39,
      "totalTimeCrowdControlDealt": 13
    }
  },
  "summonerCount": 10,
  "33890998": {
    "gameId": 825983653,
    "invalid": false,
    "gameMode": "CLASSIC",
    "gameType": "MATCHED_GAME",
    "subType": "RANKED_SOLO_5x5",
    "mapId": 1,
    "teamId": 100,
    "championId": 99,
    "spell1": 4,
    "spell2": 7,
    "level": 30,
    "ipEarned": 140,
    "createDate": 1399032380005,
    "fellowPlayers": [
      {
        "summonerId": 24272755,
        "teamId": 200,
        "championId": 25
      },
      {
        "summonerId": 32666068,
        "teamId": 200,
        "championId": 32
      },
      {
        "summonerId": 30928505,
        "teamId": 200,
        "championId": 58
      },
      {
        "summonerId": 38690297,
        "teamId": 100,
        "championId": 2
      },
      {
        "summonerId": 38917943,
        "teamId": 100,
        "championId": 115
      },
      {
        "summonerId": 30762349,
        "teamId": 100,
        "championId": 254
      },
      {
        "summonerId": 42368589,
        "teamId": 100,
        "championId": 133
      },
      {
        "summonerId": 32218047,
        "teamId": 200,
        "championId": 55
      },
      {
        "summonerId": 24223989,
        "teamId": 200,
        "championId": 110
      }
    ],
    "stats": {
      "level": 18,
      "goldEarned": 18285,
      "numDeaths": 7,
      "minionsKilled": 80,
      "championsKilled": 3,
      "goldSpent": 17640,
      "totalDamageDealt": 103925,
      "totalDamageTaken": 32373,
      "doubleKills": 1,
      "killingSprees": 1,
      "largestKillingSpree": 2,
      "team": 100,
      "win": true,
      "neutralMinionsKilled": 10,
      "largestMultiKill": 2,
      "physicalDamageDealtPlayer": 17814,
      "magicDamageDealtPlayer": 86075,
      "physicalDamageTaken": 12290,
      "magicDamageTaken": 18679,
      "timePlayed": 3235,
      "totalHeal": 5428,
      "totalUnitsHealed": 4,
      "assists": 26,
      "item0": 2045,
      "item1": 3255,
      "item2": 3089,
      "item3": 3116,
      "item4": 3102,
      "item5": 3135,
      "item6": 3340,
      "sightWardsBought": 1,
      "visionWardsBought": 1,
      "magicDamageDealtToChampions": 22194,
      "physicalDamageDealtToChampions": 1292,
      "totalDamageDealtToChampions": 23522,
      "trueDamageDealtPlayer": 36,
      "trueDamageDealtToChampions": 36,
      "trueDamageTaken": 1403,
      "wardPlaced": 35,
      "neutralMinionsKilledEnemyJungle": 6,
      "neutralMinionsKilledYourJungle": 4,
      "totalTimeCrowdControlDealt": 501
    }
  },
  "42368589": {
    "gameId": 825983653,
    "invalid": false,
    "gameMode": "CLASSIC",
    "gameType": "MATCHED_GAME",
    "subType": "RANKED_SOLO_5x5",
    "mapId": 1,
    "teamId": 100,
    "championId": 133,
    "spell1": 7,
    "spell2": 4,
    "level": 30,
    "ipEarned": 140,
    "createDate": 1399032380006,
    "fellowPlayers": [
      {
        "summonerId": 33890998,
        "teamId": 100,
        "championId": 99
      },
      {
        "summonerId": 24272755,
        "teamId": 200,
        "championId": 25
      },
      {
        "summonerId": 32666068,
        "teamId": 200,
        "championId": 32
      },
      {
        "summonerId": 30928505,
        "teamId": 200,
        "championId": 58
      },
      {
        "summonerId": 38690297,
        "teamId": 100,
        "championId": 2
      },
      {
        "summonerId": 38917943,
        "teamId": 100,
        "championId": 115
      },
      {
        "summonerId": 30762349,
        "teamId": 100,
        "championId": 254
      },
      {
        "summonerId": 32218047,
        "teamId": 200,
        "championId": 55
      },
      {
        "summonerId": 24223989,
        "teamId": 200,
        "championId": 110
      }
    ],
    "stats": {
      "level": 18,
      "goldEarned": 19934,
      "numDeaths": 13,
      "barracksKilled": 1,
      "turretsKilled": 3,
      "minionsKilled": 178,
      "championsKilled": 13,
      "goldSpent": 16855,
      "totalDamageDealt": 230783,
      "totalDamageTaken": 39079,
      "doubleKills": 2,
      "killingSprees": 3,
      "largestKillingSpree": 4,
      "team": 100,
      "win": true,
      "neutralMinionsKilled": 30,
      "largestMultiKill": 2,
      "physicalDamageDealtPlayer": 207161,
      "magicDamageDealtPlayer": 22499,
      "physicalDamageTaken": 15254,
      "magicDamageTaken": 22507,
      "largestCriticalStrike": 1143,
      "timePlayed": 3235,
      "totalHeal": 5118,
      "totalUnitsHealed": 4,
      "assists": 19,
      "item0": 3026,
      "item1": 3072,
      "item2": 3250,
      "item3": 3087,
      "item4": 3035,
      "item5": 3031,
      "item6": 3340,
      "magicDamageDealtToChampions": 2882,
      "physicalDamageDealtToChampions": 43933,
      "totalDamageDealtToChampions": 47289,
      "trueDamageDealtPlayer": 1122,
      "trueDamageDealtToChampions": 474,
      "trueDamageTaken": 1317,
      "wardPlaced": 11,
      "neutralMinionsKilledEnemyJungle": 4,
      "neutralMinionsKilledYourJungle": 26,
      "totalTimeCrowdControlDealt": 312
    }
  },
  "24223989": {
    "gameId": 825983653,
    "invalid": false,
    "gameMode": "CLASSIC",
    "gameType": "MATCHED_GAME",
    "subType": "RANKED_SOLO_5x5",
    "mapId": 1,
    "teamId": 200,
    "championId": 110,
    "spell1": 7,
    "spell2": 4,
    "level": 30,
    "ipEarned": 91,
    "createDate": 1399032380010,
    "fellowPlayers": [
      {
        "summonerId": 33890998,
        "teamId": 100,
        "championId": 99
      },
      {
        "summonerId": 24272755,
        "teamId": 200,
        "championId": 25
      },
      {
        "summonerId": 32666068,
        "teamId": 200,
        "championId": 32
      },
      {
        "summonerId": 30928505,
        "teamId": 200,
        "championId": 58
      },
      {
        "summonerId": 38690297,
        "teamId": 100,
        "championId": 2
      },
      {
        "summonerId": 38917943,
        "teamId": 100,
        "championId": 115
      },
      {
        "summonerId": 30762349,
        "teamId": 100,
        "championId": 254
      },
      {
        "summonerId": 42368589,
        "teamId": 100,
        "championId": 133
      },
      {
        "summonerId": 32218047,
        "teamId": 200,
        "championId": 55
      }
    ],
    "stats": {
      "level": 18,
      "goldEarned": 12555,
      "numDeaths": 7,
      "turretsKilled": 1,
      "minionsKilled": 144,
      "championsKilled": 1,
      "goldSpent": 11040,
      "totalDamageDealt": 159422,
      "totalDamageTaken": 24059,
      "team": 200,
      "win": false,
      "neutralMinionsKilled": 25,
      "largestMultiKill": 1,
      "physicalDamageDealtPlayer": 148760,
      "magicDamageDealtPlayer": 10196,
      "physicalDamageTaken": 17139,
      "magicDamageTaken": 6384,
      "largestCriticalStrike": 651,
      "timePlayed": 3235,
      "totalHeal": 2828,
      "totalUnitsHealed": 4,
      "assists": 8,
      "item0": 3006,
      "item1": 3031,
      "item2": 1055,
      "item3": 3046,
      "item4": 3035,
      "item5": 1053,
      "item6": 3340,
      "magicDamageDealtToChampions": 2695,
      "physicalDamageDealtToChampions": 9483,
      "totalDamageDealtToChampions": 12178,
      "trueDamageDealtPlayer": 466,
      "trueDamageTaken": 535,
      "wardPlaced": 1,
      "neutralMinionsKilledEnemyJungle": 2,
      "neutralMinionsKilledYourJungle": 23,
      "totalTimeCrowdControlDealt": 380
    }
  },
  "24272755": {
    "gameId": 825983653,
    "invalid": false,
    "gameMode": "CLASSIC",
    "gameType": "MATCHED_GAME",
    "subType": "RANKED_SOLO_5x5",
    "mapId": 1,
    "teamId": 200,
    "championId": 25,
    "spell1": 14,
    "spell2": 4,
    "level": 30,
    "ipEarned": 91,
    "createDate": 1399032380013,
    "fellowPlayers": [
      {
        "summonerId": 33890998,
        "teamId": 100,
        "championId": 99
      },
      {
        "summonerId": 32666068,
        "teamId": 200,
        "championId": 32
      },
      {
        "summonerId": 30928505,
        "teamId": 200,
        "championId": 58
      },
      {
        "summonerId": 38690297,
        "teamId": 100,
        "championId": 2
      },
      {
        "summonerId": 38917943,
        "teamId": 100,
        "championId": 115
      },
      {
        "summonerId": 30762349,
        "teamId": 100,
        "championId": 254
      },
      {
        "summonerId": 42368589,
        "teamId": 100,
        "championId": 133
      },
      {
        "summonerId": 32218047,
        "teamId": 200,
        "championId": 55
      },
      {
        "summonerId": 24223989,
        "teamId": 200,
        "championId": 110
      }
    ],
    "stats": {
      "level": 18,
      "goldEarned": 18726,
      "numDeaths": 6,
      "minionsKilled": 189,
      "championsKilled": 6,
      "goldSpent": 16795,
      "totalDamageDealt": 156251,
      "totalDamageTaken": 41886,
      "doubleKills": 1,
      "killingSprees": 2,
      "largestKillingSpree": 2,
      "team": 200,
      "win": false,
      "neutralMinionsKilled": 12,
      "largestMultiKill": 2,
      "physicalDamageDealtPlayer": 17392,
      "magicDamageDealtPlayer": 137244,
      "physicalDamageTaken": 21260,
      "magicDamageTaken": 18882,
      "timePlayed": 3235,
      "totalHeal": 2423,
      "totalUnitsHealed": 1,
      "assists": 21,
      "item0": 3092,
      "item1": 3157,
      "item2": 3027,
      "item3": 3255,
      "item4": 3089,
      "item5": 3001,
      "item6": 3340,
      "sightWardsBought": 1,
      "magicDamageDealtToChampions": 42555,
      "physicalDamageDealtToChampions": 2033,
      "totalDamageDealtToChampions": 46132,
      "trueDamageDealtPlayer": 1615,
      "trueDamageDealtToChampions": 1543,
      "trueDamageTaken": 1742,
      "wardPlaced": 8,
      "neutralMinionsKilledEnemyJungle": 3,
      "neutralMinionsKilledYourJungle": 9,
      "totalTimeCrowdControlDealt": 305
    }
  },
  "32666068": {
    "gameId": 825983653,
    "invalid": false,
    "gameMode": "CLASSIC",
    "gameType": "MATCHED_GAME",
    "subType": "RANKED_SOLO_5x5",
    "mapId": 1,
    "teamId": 200,
    "championId": 32,
    "spell1": 4,
    "spell2": 11,
    "level": 30,
    "ipEarned": 91,
    "createDate": 1399032380011,
    "fellowPlayers": [
      {
        "summonerId": 33890998,
        "teamId": 100,
        "championId": 99
      },
      {
        "summonerId": 24272755,
        "teamId": 200,
        "championId": 25
      },
      {
        "summonerId": 30928505,
        "teamId": 200,
        "championId": 58
      },
      {
        "summonerId": 38690297,
        "teamId": 100,
        "championId": 2
      },
      {
        "summonerId": 38917943,
        "teamId": 100,
        "championId": 115
      },
      {
        "summonerId": 30762349,
        "teamId": 100,
        "championId": 254
      },
      {
        "summonerId": 42368589,
        "teamId": 100,
        "championId": 133
      },
      {
        "summonerId": 32218047,
        "teamId": 200,
        "championId": 55
      },
      {
        "summonerId": 24223989,
        "teamId": 200,
        "championId": 110
      }
    ],
    "stats": {
      "level": 18,
      "goldEarned": 15334,
      "numDeaths": 12,
      "turretsKilled": 1,
      "minionsKilled": 78,
      "championsKilled": 5,
      "goldSpent": 14790,
      "totalDamageDealt": 178783,
      "totalDamageTaken": 50861,
      "team": 200,
      "win": false,
      "neutralMinionsKilled": 81,
      "largestMultiKill": 1,
      "physicalDamageDealtPlayer": 22792,
      "magicDamageDealtPlayer": 131691,
      "physicalDamageTaken": 27649,
      "magicDamageTaken": 18850,
      "timePlayed": 3235,
      "totalHeal": 7372,
      "totalUnitsHealed": 1,
      "assists": 18,
      "item0": 3265,
      "item1": 3157,
      "item2": 3143,
      "item3": 3206,
      "item4": 3102,
      "item5": 1011,
      "item6": 3340,
      "magicDamageDealtToChampions": 22737,
      "physicalDamageDealtToChampions": 2302,
      "totalDamageDealtToChampions": 25087,
      "trueDamageDealtPlayer": 24300,
      "trueDamageDealtToChampions": 48,
      "trueDamageTaken": 4361,
      "wardPlaced": 18,
      "neutralMinionsKilledEnemyJungle": 6,
      "neutralMinionsKilledYourJungle": 75,
      "totalTimeCrowdControlDealt": 785
    }
  },
  "30762349": {
    "gameId": 825983653,
    "invalid": false,
    "gameMode": "CLASSIC",
    "gameType": "MATCHED_GAME",
    "subType": "RANKED_SOLO_5x5",
    "mapId": 1,
    "teamId": 100,
    "championId": 254,
    "spell1": 4,
    "spell2": 11,
    "level": 30,
    "ipEarned": 290,
    "createDate": 1399032380004,
    "fellowPlayers": [
      {
        "summonerId": 33890998,
        "teamId": 100,
        "championId": 99
      },
      {
        "summonerId": 24272755,
        "teamId": 200,
        "championId": 25
      },
      {
        "summonerId": 32666068,
        "teamId": 200,
        "championId": 32
      },
      {
        "summonerId": 30928505,
        "teamId": 200,
        "championId": 58
      },
      {
        "summonerId": 38690297,
        "teamId": 100,
        "championId": 2
      },
      {
        "summonerId": 38917943,
        "teamId": 100,
        "championId": 115
      },
      {
        "summonerId": 42368589,
        "teamId": 100,
        "championId": 133
      },
      {
        "summonerId": 32218047,
        "teamId": 200,
        "championId": 55
      },
      {
        "summonerId": 24223989,
        "teamId": 200,
        "championId": 110
      }
    ],
    "stats": {
      "level": 18,
      "goldEarned": 19734,
      "numDeaths": 1,
      "turretsKilled": 1,
      "minionsKilled": 93,
      "championsKilled": 9,
      "goldSpent": 18833,
      "totalDamageDealt": 210473,
      "totalDamageTaken": 47164,
      "doubleKills": 1,
      "killingSprees": 2,
      "largestKillingSpree": 5,
      "team": 100,
      "win": true,
      "neutralMinionsKilled": 87,
      "largestMultiKill": 2,
      "physicalDamageDealtPlayer": 181546,
      "magicDamageDealtPlayer": 5852,
      "physicalDamageTaken": 23887,
      "magicDamageTaken": 21520,
      "largestCriticalStrike": 248,
      "timePlayed": 3235,
      "totalHeal": 12999,
      "totalUnitsHealed": 1,
      "assists": 25,
      "item0": 3078,
      "item1": 3265,
      "item2": 3022,
      "item3": 3083,
      "item4": 3091,
      "item5": 3026,
      "item6": 3340,
      "magicDamageDealtToChampions": 782,
      "physicalDamageDealtToChampions": 23385,
      "totalDamageDealtToChampions": 26765,
      "trueDamageDealtPlayer": 23074,
      "trueDamageDealtToChampions": 2596,
      "trueDamageTaken": 1756,
      "wardPlaced": 10,
      "neutralMinionsKilledEnemyJungle": 10,
      "neutralMinionsKilledYourJungle": 77,
      "totalTimeCrowdControlDealt": 817
    }
  },
  "30928505": {
    "gameId": 825983653,
    "invalid": false,
    "gameMode": "CLASSIC",
    "gameType": "MATCHED_GAME",
    "subType": "RANKED_SOLO_5x5",
    "mapId": 1,
    "teamId": 200,
    "championId": 58,
    "spell1": 14,
    "spell2": 4,
    "level": 30,
    "ipEarned": 91,
    "createDate": 1399032380012,
    "fellowPlayers": [
      {
        "summonerId": 33890998,
        "teamId": 100,
        "championId": 99
      },
      {
        "summonerId": 24272755,
        "teamId": 200,
        "championId": 25
      },
      {
        "summonerId": 32666068,
        "teamId": 200,
        "championId": 32
      },
      {
        "summonerId": 38690297,
        "teamId": 100,
        "championId": 2
      },
      {
        "summonerId": 38917943,
        "teamId": 100,
        "championId": 115
      },
      {
        "summonerId": 30762349,
        "teamId": 100,
        "championId": 254
      },
      {
        "summonerId": 42368589,
        "teamId": 100,
        "championId": 133
      },
      {
        "summonerId": 32218047,
        "teamId": 200,
        "championId": 55
      },
      {
        "summonerId": 24223989,
        "teamId": 200,
        "championId": 110
      }
    ],
    "stats": {
      "level": 18,
      "goldEarned": 17995,
      "numDeaths": 7,
      "turretsKilled": 3,
      "minionsKilled": 247,
      "championsKilled": 13,
      "goldSpent": 17235,
      "totalDamageDealt": 225672,
      "totalDamageTaken": 67025,
      "doubleKills": 1,
      "tripleKills": 1,
      "killingSprees": 3,
      "largestKillingSpree": 5,
      "team": 200,
      "win": false,
      "neutralMinionsKilled": 18,
      "largestMultiKill": 3,
      "physicalDamageDealtPlayer": 176459,
      "magicDamageDealtPlayer": 44531,
      "physicalDamageTaken": 36225,
      "magicDamageTaken": 20954,
      "timePlayed": 3235,
      "totalHeal": 11719,
      "totalUnitsHealed": 1,
      "assists": 9,
      "item0": 3065,
      "item1": 3153,
      "item2": 3143,
      "item3": 3083,
      "item4": 3265,
      "item5": 3068,
      "item6": 3340,
      "sightWardsBought": 1,
      "magicDamageDealtToChampions": 10372,
      "physicalDamageDealtToChampions": 28673,
      "totalDamageDealtToChampions": 43081,
      "trueDamageDealtPlayer": 4681,
      "trueDamageDealtToChampions": 4035,
      "trueDamageTaken": 9845,
      "wardPlaced": 18,
      "neutralMinionsKilledYourJungle": 18,
      "totalTimeCrowdControlDealt": 843
    }
  },
  "38917943": {
    "gameId": 825983653,
    "invalid": false,
    "gameMode": "CLASSIC",
    "gameType": "MATCHED_GAME",
    "subType": "RANKED_SOLO_5x5",
    "mapId": 1,
    "teamId": 100,
    "championId": 115,
    "spell1": 4,
    "spell2": 14,
    "level": 30,
    "ipEarned": 290,
    "createDate": 1399032380003,
    "fellowPlayers": [
      {
        "summonerId": 33890998,
        "teamId": 100,
        "championId": 99
      },
      {
        "summonerId": 24272755,
        "teamId": 200,
        "championId": 25
      },
      {
        "summonerId": 32666068,
        "teamId": 200,
        "championId": 32
      },
      {
        "summonerId": 30928505,
        "teamId": 200,
        "championId": 58
      },
      {
        "summonerId": 38690297,
        "teamId": 100,
        "championId": 2
      },
      {
        "summonerId": 30762349,
        "teamId": 100,
        "championId": 254
      },
      {
        "summonerId": 42368589,
        "teamId": 100,
        "championId": 133
      },
      {
        "summonerId": 32218047,
        "teamId": 200,
        "championId": 55
      },
      {
        "summonerId": 24223989,
        "teamId": 200,
        "championId": 110
      }
    ],
    "stats": {
      "level": 18,
      "goldEarned": 22050,
      "numDeaths": 6,
      "turretsKilled": 3,
      "minionsKilled": 319,
      "championsKilled": 10,
      "goldSpent": 20530,
      "totalDamageDealt": 293456,
      "totalDamageTaken": 19768,
      "doubleKills": 1,
      "killingSprees": 4,
      "largestKillingSpree": 3,
      "team": 100,
      "win": true,
      "neutralMinionsKilled": 12,
      "largestMultiKill": 2,
      "physicalDamageDealtPlayer": 17090,
      "magicDamageDealtPlayer": 274792,
      "physicalDamageTaken": 4328,
      "magicDamageTaken": 14923,
      "timePlayed": 3235,
      "assists": 23,
      "item0": 3157,
      "item1": 3255,
      "item2": 3135,
      "item3": 3089,
      "item4": 3026,
      "item5": 3174,
      "item6": 3340,
      "magicDamageDealtToChampions": 50153,
      "physicalDamageDealtToChampions": 2033,
      "totalDamageDealtToChampions": 53760,
      "trueDamageDealtPlayer": 1574,
      "trueDamageDealtToChampions": 1574,
      "trueDamageTaken": 516,
      "wardPlaced": 14,
      "neutralMinionsKilledEnemyJungle": 2,
      "neutralMinionsKilledYourJungle": 10,
      "totalTimeCrowdControlDealt": 667
    }
  },
  "38690297": {
    "gameId": 825983653,
    "invalid": false,
    "gameMode": "CLASSIC",
    "gameType": "MATCHED_GAME",
    "subType": "RANKED_SOLO_5x5",
    "mapId": 1,
    "teamId": 100,
    "championId": 2,
    "spell1": 4,
    "spell2": 12,
    "level": 30,
    "ipEarned": 290,
    "createDate": 1399032380007,
    "fellowPlayers": [
      {
        "summonerId": 33890998,
        "teamId": 100,
        "championId": 99
      },
      {
        "summonerId": 24272755,
        "teamId": 200,
        "championId": 25
      },
      {
        "summonerId": 32666068,
        "teamId": 200,
        "championId": 32
      },
      {
        "summonerId": 30928505,
        "teamId": 200,
        "championId": 58
      },
      {
        "summonerId": 38917943,
        "teamId": 100,
        "championId": 115
      },
      {
        "summonerId": 30762349,
        "teamId": 100,
        "championId": 254
      },
      {
        "summonerId": 42368589,
        "teamId": 100,
        "championId": 133
      },
      {
        "summonerId": 32218047,
        "teamId": 200,
        "championId": 55
      },
      {
        "summonerId": 24223989,
        "teamId": 200,
        "championId": 110
      }
    ],
    "stats": {
      "level": 18,
      "goldEarned": 20003,
      "numDeaths": 10,
      "barracksKilled": 1,
      "turretsKilled": 2,
      "minionsKilled": 230,
      "championsKilled": 9,
      "goldSpent": 18480,
      "totalDamageDealt": 260985,
      "totalDamageTaken": 62738,
      "killingSprees": 1,
      "largestKillingSpree": 5,
      "team": 100,
      "win": true,
      "neutralMinionsKilled": 63,
      "largestMultiKill": 1,
      "physicalDamageDealtPlayer": 207203,
      "magicDamageDealtPlayer": 22617,
      "physicalDamageTaken": 33576,
      "magicDamageTaken": 26181,
      "timePlayed": 3235,
      "totalHeal": 10637,
      "totalUnitsHealed": 1,
      "assists": 15,
      "item0": 3074,
      "item1": 3068,
      "item2": 3065,
      "item3": 3260,
      "item4": 3022,
      "item5": 3071,
      "item6": 3340,
      "sightWardsBought": 2,
      "magicDamageDealtToChampions": 3567,
      "physicalDamageDealtToChampions": 20364,
      "totalDamageDealtToChampions": 38569,
      "trueDamageDealtPlayer": 31164,
      "trueDamageDealtToChampions": 14637,
      "trueDamageTaken": 2980,
      "wardPlaced": 12,
      "neutralMinionsKilledEnemyJungle": 5,
      "neutralMinionsKilledYourJungle": 58,
      "totalTimeCrowdControlDealt": 741
    }
  }
}