{
  "39733953": {
    "gameId": 825976967,
    "invalid": false,
    "gameMode": "CLASSIC",
    "gameType": "MATCHED_GAME",
    "subType": "NORMAL",
    "mapId": 1,
    "teamId": 100,
    "championId": 117,
    "spell1": 3,
    "spell2": 4,
    "level": 17,
    "ipEarned": 74,
    "createDate": 1399031738031,
    "fellowPlayers": [
      {
        "summonerId": 44161934,
        "teamId": 200,
        "championId": 110
      },
      {
        "summonerId": 36822680,
        "teamId": 100,
        "championId": 55
      },
      {
        "summonerId": 28891826,
        "teamId": 200,
        "championId": 89
      },
      {
        "summonerId": 38188757,
        "teamId": 100,
        "championId": 75
      },
      {
        "summonerId": 43464699,
        "teamId": 200,
        "championId": 75
      },
      {
        "summonerId": 26603307,
        "teamId": 200,
        "championId": 64
      },
      {
        "summonerId": 30214782,
        "teamId": 100,
        "championId": 91
      },
      {
        "summonerId": 19357958,
        "teamId": 200,
        "championId": 99
      },
      {
        "summonerId": 97538,
        "teamId": 100,
        "championId": 104
      }
    ],
    "stats": {
      "level": 15,
      "goldEarned": 10487,
      "numDeaths": 9,
      "minionsKilled": 45,
      "goldSpent": 10485,
      "totalDamageDealt": 49999,
      "totalDamageTaken": 35280,
      "team": 100,
      "win": false,
      "neutralMinionsKilled": 2,
      "physicalDamageDealtPlayer": 13726,
      "magicDamageDealtPlayer": 36272,
      "physicalDamageTaken": 18135,
      "magicDamageTaken": 14831,
      "timePlayed": 2508,
      "totalHeal": 4744,
      "totalUnitsHealed": 3,
      "assists": 15,
      "item0": 2045,
      "item1": 3190,
      "item2": 3222,
      "item3": 3265,
      "item4": 3108,
      "item5": 1052,
      "item6": 3364,
      "sightWardsBought": 1,
      "magicDamageDealtToChampions": 11546,
      "physicalDamageDealtToChampions": 3126,
      "totalDamageDealtToChampions": 14672,
      "trueDamageTaken": 2314,
      "wardPlaced": 23,
      "neutralMinionsKilledEnemyJungle": 1,
      "neutralMinionsKilledYourJungle": 1,
      "totalTimeCrowdControlDealt": 591
    }
  },
  "summonerCount": 10,
  "36822680": {
    "gameId": 825976967,
    "invalid": false,
    "gameMode": "CLASSIC",
    "gameType": "MATCHED_GAME",
    "subType": "NORMAL",
    "mapId": 1,
    "teamId": 100,
    "championId": 55,
    "spell1": 4,
    "spell2": 12,
    "level": 27,
    "ipEarned": 74,
    "createDate": 1399031738029,
    "fellowPlayers": [
      {
        "summonerId": 44161934,
        "teamId": 200,
        "championId": 110
      },
      {
        "summonerId": 28891826,
        "teamId": 200,
        "championId": 89
      },
      {
        "summonerId": 38188757,
        "teamId": 100,
        "championId": 75
      },
      {
        "summonerId": 43464699,
        "teamId": 200,
        "championId": 75
      },
      {
        "summonerId": 26603307,
        "teamId": 200,
        "championId": 64
      },
      {
        "summonerId": 30214782,
        "teamId": 100,
        "championId": 91
      },
      {
        "summonerId": 19357958,
        "teamId": 200,
        "championId": 99
      },
      {
        "summonerId": 97538,
        "teamId": 100,
        "championId": 104
      },
      {
        "summonerId": 39733953,
        "teamId": 100,
        "championId": 117
      }
    ],
    "stats": {
      "level": 17,
      "goldEarned": 12735,
      "numDeaths": 17,
      "turretsKilled": 2,
      "minionsKilled": 124,
      "championsKilled": 8,
      "goldSpent": 12835,
      "totalDamageDealt": 121700,
      "totalDamageTaken": 36471,
      "doubleKills": 1,
      "killingSprees": 2,
      "largestKillingSpree": 3,
      "team": 100,
      "win": false,
      "largestMultiKill": 2,
      "physicalDamageDealtPlayer": 10486,
      "magicDamageDealtPlayer": 110942,
      "physicalDamageTaken": 14869,
      "magicDamageTaken": 20366,
      "timePlayed": 2508,
      "totalHeal": 551,
      "totalUnitsHealed": 1,
      "assists": 8,
      "item0": 3145,
      "item1": 3255,
      "item2": 3089,
      "item3": 3001,
      "item4": 3135,
      "item5": 1052,
      "item6": 3340,
      "sightWardsBought": 3,
      "magicDamageDealtToChampions": 32362,
      "physicalDamageDealtToChampions": 1802,
      "totalDamageDealtToChampions": 34437,
      "trueDamageDealtPlayer": 272,
      "trueDamageDealtToChampions": 272,
      "trueDamageTaken": 1234,
      "wardPlaced": 14,
      "totalTimeCrowdControlDealt": 63
    }
  },
  "97538": {
    "gameId": 825976967,
    "invalid": false,
    "gameMode": "CLASSIC",
    "gameType": "MATCHED_GAME",
    "subType": "NORMAL",
    "mapId": 1,
    "teamId": 100,
    "championId": 104,
    "spell1": 4,
    "spell2": 7,
    "level": 30,
    "ipEarned": 74,
    "createDate": 1399031738032,
    "fellowPlayers": [
      {
        "summonerId": 44161934,
        "teamId": 200,
        "championId": 110
      },
      {
        "summonerId": 36822680,
        "teamId": 100,
        "championId": 55
      },
      {
        "summonerId": 28891826,
        "teamId": 200,
        "championId": 89
      },
      {
        "summonerId": 38188757,
        "teamId": 100,
        "championId": 75
      },
      {
        "summonerId": 43464699,
        "teamId": 200,
        "championId": 75
      },
      {
        "summonerId": 26603307,
        "teamId": 200,
        "championId": 64
      },
      {
        "summonerId": 30214782,
        "teamId": 100,
        "championId": 91
      },
      {
        "summonerId": 19357958,
        "teamId": 200,
        "championId": 99
      },
      {
        "summonerId": 39733953,
        "teamId": 100,
        "championId": 117
      }
    ],
    "stats": {
      "level": 17,
      "goldEarned": 15065,
      "numDeaths": 9,
      "turretsKilled": 2,
      "minionsKilled": 202,
      "championsKilled": 15,
      "goldSpent": 14955,
      "totalDamageDealt": 159381,
      "totalDamageTaken": 38073,
      "doubleKills": 3,
      "killingSprees": 4,
      "largestKillingSpree": 4,
      "team": 100,
      "win": false,
      "neutralMinionsKilled": 5,
      "largestMultiKill": 2,
      "physicalDamageDealtPlayer": 156065,
      "magicDamageDealtPlayer": 3316,
      "physicalDamageTaken": 17343,
      "magicDamageTaken": 18034,
      "largestCriticalStrike": 825,
      "timePlayed": 2508,
      "totalHeal": 3466,
      "totalUnitsHealed": 3,
      "assists": 7,
      "item0": 3250,
      "item1": 3072,
      "item2": 3046,
      "item3": 3031,
      "item4": 3035,
      "item5": 1057,
      "item6": 3340,
      "sightWardsBought": 1,
      "magicDamageDealtToChampions": 1407,
      "physicalDamageDealtToChampions": 30581,
      "totalDamageDealtToChampions": 31988,
      "trueDamageTaken": 2696,
      "wardPlaced": 14,
      "neutralMinionsKilledEnemyJungle": 2,
      "neutralMinionsKilledYourJungle": 3,
      "totalTimeCrowdControlDealt": 64
    }
  },
  "38188757": {
    "gameId": 825976967,
    "invalid": false,
    "gameMode": "CLASSIC",
    "gameType": "MATCHED_GAME",
    "subType": "NORMAL",
    "mapId": 1,
    "teamId": 100,
    "championId": 75,
    "spell1": 4,
    "spell2": 14,
    "level": 28,
    "ipEarned": 74,
    "createDate": 1399031738027,
    "fellowPlayers": [
      {
        "summonerId": 44161934,
        "teamId": 200,
        "championId": 110
      },
      {
        "summonerId": 36822680,
        "teamId": 100,
        "championId": 55
      },
      {
        "summonerId": 28891826,
        "teamId": 200,
        "championId": 89
      },
      {
        "summonerId": 43464699,
        "teamId": 200,
        "championId": 75
      },
      {
        "summonerId": 26603307,
        "teamId": 200,
        "championId": 64
      },
      {
        "summonerId": 30214782,
        "teamId": 100,
        "championId": 91
      },
      {
        "summonerId": 19357958,
        "teamId": 200,
        "championId": 99
      },
      {
        "summonerId": 97538,
        "teamId": 100,
        "championId": 104
      },
      {
        "summonerId": 39733953,
        "teamId": 100,
        "championId": 117
      }
    ],
    "stats": {
      "level": 18,
      "goldEarned": 15359,
      "numDeaths": 8,
      "turretsKilled": 1,
      "minionsKilled": 150,
      "championsKilled": 13,
      "goldSpent": 14488,
      "totalDamageDealt": 201831,
      "totalDamageTaken": 46282,
      "doubleKills": 1,
      "tripleKills": 1,
      "killingSprees": 3,
      "largestKillingSpree": 4,
      "team": 100,
      "win": false,
      "neutralMinionsKilled": 41,
      "largestMultiKill": 3,
      "physicalDamageDealtPlayer": 151621,
      "magicDamageDealtPlayer": 49264,
      "physicalDamageTaken": 20823,
      "magicDamageTaken": 22974,
      "largestCriticalStrike": 1583,
      "timePlayed": 2508,
      "totalHeal": 63,
      "totalUnitsHealed": 1,
      "assists": 10,
      "item0": 3110,
      "item1": 3078,
      "item2": 3280,
      "item3": 3065,
      "item4": 3075,
      "item5": 1038,
      "item6": 3340,
      "magicDamageDealtToChampions": 11746,
      "physicalDamageDealtToChampions": 24208,
      "totalDamageDealtToChampions": 36812,
      "trueDamageDealtPlayer": 945,
      "trueDamageDealtToChampions": 857,
      "trueDamageTaken": 2484,
      "wardPlaced": 5,
      "neutralMinionsKilledEnemyJungle": 7,
      "neutralMinionsKilledYourJungle": 34,
      "totalTimeCrowdControlDealt": 2794
    }
  },
  "30214782": {
    "gameId": 825976967,
    "invalid": false,
    "gameMode": "CLASSIC",
    "gameType": "MATCHED_GAME",
    "subType": "NORMAL",
    "mapId": 1,
    "teamId": 100,
    "championId": 91,
    "spell1": 4,
    "spell2": 12,
    "level": 30,
    "ipEarned": 74,
    "createDate": 1399031738026,
    "fellowPlayers": [
      {
        "summonerId": 44161934,
        "teamId": 200,
        "championId": 110
      },
      {
        "summonerId": 36822680,
        "teamId": 100,
        "championId": 55
      },
      {
        "summonerId": 28891826,
        "teamId": 200,
        "championId": 89
      },
      {
        "summonerId": 38188757,
        "teamId": 100,
        "championId": 75
      },
      {
        "summonerId": 43464699,
        "teamId": 200,
        "championId": 75
      },
      {
        "summonerId": 26603307,
        "teamId": 200,
        "championId": 64
      },
      {
        "summonerId": 19357958,
        "teamId": 200,
        "championId": 99
      },
      {
        "summonerId": 97538,
        "teamId": 100,
        "championId": 104
      },
      {
        "summonerId": 39733953,
        "teamId": 100,
        "championId": 117
      }
    ],
    "stats": {
      "level": 16,
      "goldEarned": 11098,
      "numDeaths": 12,
      "turretsKilled": 1,
      "minionsKilled": 135,
      "championsKilled": 5,
      "goldSpent": 10540,
      "totalDamageDealt": 119937,
      "totalDamageTaken": 34487,
      "doubleKills": 1,
      "killingSprees": 2,
      "largestKillingSpree": 2,
      "team": 100,
      "win": false,
      "neutralMinionsKilled": 4,
      "largestMultiKill": 2,
      "physicalDamageDealtPlayer": 119937,
      "physicalDamageTaken": 20809,
      "magicDamageTaken": 12232,
      "timePlayed": 2508,
      "totalHeal": 728,
      "totalUnitsHealed": 1,
      "assists": 4,
      "item0": 3022,
      "item1": 3035,
      "item2": 3279,
      "item3": 1038,
      "item4": 1036,
      "item6": 3340,
      "sightWardsBought": 6,
      "physicalDamageDealtToChampions": 20672,
      "totalDamageDealtToChampions": 20672,
      "trueDamageTaken": 1445,
      "wardPlaced": 11,
      "neutralMinionsKilledYourJungle": 4,
      "totalTimeCrowdControlDealt": 1089
    }
  },
  "44161934": {
    "gameId": 825976967,
    "invalid": false,
    "gameMode": "CLASSIC",
    "gameType": "MATCHED_GAME",
    "subType": "NORMAL",
    "mapId": 1,
    "teamId": 200,
    "championId": 110,
    "spell1": 14,
    "spell2": 4,
    "level": 15,
    "ipEarned": 113,
    "createDate": 1399031738034,
    "fellowPlayers": [
      {
        "summonerId": 36822680,
        "teamId": 100,
        "championId": 55
      },
      {
        "summonerId": 28891826,
        "teamId": 200,
        "championId": 89
      },
      {
        "summonerId": 38188757,
        "teamId": 100,
        "championId": 75
      },
      {
        "summonerId": 43464699,
        "teamId": 200,
        "championId": 75
      },
      {
        "summonerId": 26603307,
        "teamId": 200,
        "championId": 64
      },
      {
        "summonerId": 30214782,
        "teamId": 100,
        "championId": 91
      },
      {
        "summonerId": 19357958,
        "teamId": 200,
        "championId": 99
      },
      {
        "summonerId": 97538,
        "teamId": 100,
        "championId": 104
      },
      {
        "summonerId": 39733953,
        "teamId": 100,
        "championId": 117
      }
    ],
    "stats": {
      "level": 16,
      "goldEarned": 10281,
      "numDeaths": 15,
      "turretsKilled": 2,
      "minionsKilled": 113,
      "championsKilled": 1,
      "goldSpent": 9345,
      "totalDamageDealt": 63437,
      "totalDamageTaken": 27915,
      "team": 200,
      "win": true,
      "largestMultiKill": 1,
      "physicalDamageDealtPlayer": 55971,
      "magicDamageDealtPlayer": 7419,
      "physicalDamageTaken": 18722,
      "magicDamageTaken": 8996,
      "largestCriticalStrike": 389,
      "timePlayed": 2508,
      "totalHeal": 839,
      "totalUnitsHealed": 1,
      "assists": 4,
      "item0": 1055,
      "item1": 3006,
      "item2": 3072,
      "item3": 3031,
      "item4": 1043,
      "item6": 3340,
      "magicDamageDealtToChampions": 2092,
      "physicalDamageDealtToChampions": 6714,
      "totalDamageDealtToChampions": 8852,
      "trueDamageDealtPlayer": 46,
      "trueDamageDealtToChampions": 46,
      "trueDamageTaken": 196,
      "wardPlaced": 6,
      "totalTimeCrowdControlDealt": 81
    }
  },
  "28891826": {
    "gameId": 825976967,
    "invalid": false,
    "gameMode": "CLASSIC",
    "gameType": "MATCHED_GAME",
    "subType": "NORMAL",
    "mapId": 1,
    "teamId": 200,
    "championId": 89,
    "spell1": 14,
    "spell2": 4,
    "level": 26,
    "ipEarned": 263,
    "createDate": 1399031738038,
    "fellowPlayers": [
      {
        "summonerId": 44161934,
        "teamId": 200,
        "championId": 110
      },
      {
        "summonerId": 36822680,
        "teamId": 100,
        "championId": 55
      },
      {
        "summonerId": 38188757,
        "teamId": 100,
        "championId": 75
      },
      {
        "summonerId": 43464699,
        "teamId": 200,
        "championId": 75
      },
      {
        "summonerId": 26603307,
        "teamId": 200,
        "championId": 64
      },
      {
        "summonerId": 30214782,
        "teamId": 100,
        "championId": 91
      },
      {
        "summonerId": 19357958,
        "teamId": 200,
        "championId": 99
      },
      {
        "summonerId": 97538,
        "teamId": 100,
        "championId": 104
      },
      {
        "summonerId": 39733953,
        "teamId": 100,
        "championId": 117
      }
    ],
    "stats": {
      "level": 16,
      "goldEarned": 11016,
      "numDeaths": 9,
      "minionsKilled": 56,
      "championsKilled": 2,
      "goldSpent": 10010,
      "totalDamageDealt": 48926,
      "totalDamageTaken": 33599,
      "team": 200,
      "win": true,
      "largestMultiKill": 1,
      "physicalDamageDealtPlayer": 20666,
      "magicDamageDealtPlayer": 19187,
      "physicalDamageTaken": 19629,
      "magicDamageTaken": 13969,
      "timePlayed": 2508,
      "totalHeal": 3491,
      "totalUnitsHealed": 5,
      "assists": 10,
      "item0": 3401,
      "item1": 3190,
      "item2": 3143,
      "item3": 3117,
      "item4": 3082,
      "item6": 3340,
      "magicDamageDealtToChampions": 8463,
      "physicalDamageDealtToChampions": 4768,
      "totalDamageDealtToChampions": 15782,
      "trueDamageDealtPlayer": 9072,
      "trueDamageDealtToChampions": 2550,
      "wardPlaced": 9,
      "totalTimeCrowdControlDealt": 663
    }
  },
  "19357958": {
    "gameId": 825976967,
    "invalid": false,
    "gameMode": "CLASSIC",
    "gameType": "MATCHED_GAME",
    "subType": "NORMAL",
    "mapId": 1,
    "teamId": 200,
    "championId": 99,
    "spell1": 4,
    "spell2": 14,
    "level": 30,
    "ipEarned": 113,
    "createDate": 1399031738035,
    "fellowPlayers": [
      {
        "summonerId": 44161934,
        "teamId": 200,
        "championId": 110
      },
      {
        "summonerId": 36822680,
        "teamId": 100,
        "championId": 55
      },
      {
        "summonerId": 28891826,
        "teamId": 200,
        "championId": 89
      },
      {
        "summonerId": 38188757,
        "teamId": 100,
        "championId": 75
      },
      {
        "summonerId": 43464699,
        "teamId": 200,
        "championId": 75
      },
      {
        "summonerId": 26603307,
        "teamId": 200,
        "championId": 64
      },
      {
        "summonerId": 30214782,
        "teamId": 100,
        "championId": 91
      },
      {
        "summonerId": 97538,
        "teamId": 100,
        "championId": 104
      },
      {
        "summonerId": 39733953,
        "teamId": 100,
        "championId": 117
      }
    ],
    "stats": {
      "level": 18,
      "goldEarned": 22252,
      "numDeaths": 5,
      "turretsKilled": 3,
      "minionsKilled": 301,
      "championsKilled": 26,
      "goldSpent": 16780,
      "totalDamageDealt": 261148,
      "totalDamageTaken": 20639,
      "doubleKills": 4,
      "tripleKills": 1,
      "killingSprees": 5,
      "largestKillingSpree": 10,
      "team": 200,
      "win": true,
      "neutralMinionsKilled": 6,
      "largestMultiKill": 3,
      "physicalDamageDealtPlayer": 23401,
      "magicDamageDealtPlayer": 234994,
      "physicalDamageTaken": 12321,
      "magicDamageTaken": 7941,
      "timePlayed": 2508,
      "totalHeal": 1707,
      "totalUnitsHealed": 1,
      "assists": 9,
      "item0": 3174,
      "item1": 3089,
      "item2": 3157,
      "item3": 3255,
      "item4": 3100,
      "item5": 3135,
      "item6": 3340,
      "magicDamageDealtToChampions": 65161,
      "physicalDamageDealtToChampions": 3625,
      "totalDamageDealtToChampions": 71197,
      "trueDamageDealtPlayer": 2752,
      "trueDamageDealtToChampions": 2410,
      "trueDamageTaken": 376,
      "wardPlaced": 6,
      "neutralMinionsKilledEnemyJungle": 6,
      "totalTimeCrowdControlDealt": 508
    }
  },
  "43464699": {
    "gameId": 825976967,
    "invalid": false,
    "gameMode": "CLASSIC",
    "gameType": "MATCHED_GAME",
    "subType": "NORMAL",
    "mapId": 1,
    "teamId": 200,
    "championId": 75,
    "spell1": 14,
    "spell2": 4,
    "level": 30,
    "ipEarned": 113,
    "createDate": 1399031738037,
    "fellowPlayers": [
      {
        "summonerId": 44161934,
        "teamId": 200,
        "championId": 110
      },
      {
        "summonerId": 36822680,
        "teamId": 100,
        "championId": 55
      },
      {
        "summonerId": 28891826,
        "teamId": 200,
        "championId": 89
      },
      {
        "summonerId": 38188757,
        "teamId": 100,
        "championId": 75
      },
      {
        "summonerId": 26603307,
        "teamId": 200,
        "championId": 64
      },
      {
        "summonerId": 30214782,
        "teamId": 100,
        "championId": 91
      },
      {
        "summonerId": 19357958,
        "teamId": 200,
        "championId": 99
      },
      {
        "summonerId": 97538,
        "teamId": 100,
        "championId": 104
      },
      {
        "summonerId": 39733953,
        "teamId": 100,
        "championId": 117
      }
    ],
    "stats": {
      "level": 18,
      "goldEarned": 17913,
      "numDeaths": 6,
      "barracksKilled": 1,
      "turretsKilled": 3,
      "minionsKilled": 232,
      "championsKilled": 17,
      "goldSpent": 17108,
      "totalDamageDealt": 194113,
      "totalDamageTaken": 56023,
      "doubleKills": 1,
      "killingSprees": 6,
      "largestKillingSpree": 5,
      "team": 200,
      "win": true,
      "neutralMinionsKilled": 1,
      "largestMultiKill": 2,
      "physicalDamageDealtPlayer": 156029,
      "magicDamageDealtPlayer": 36622,
      "physicalDamageTaken": 42557,
      "magicDamageTaken": 13087,
      "largestCriticalStrike": 1036,
      "timePlayed": 2508,
      "totalHeal": 439,
      "totalUnitsHealed": 1,
      "assists": 4,
      "item0": 3068,
      "item1": 3143,
      "item2": 3083,
      "item3": 3065,
      "item4": 3078,
      "item5": 3272,
      "item6": 3341,
      "sightWardsBought": 1,
      "magicDamageDealtToChampions": 7915,
      "physicalDamageDealtToChampions": 24681,
      "totalDamageDealtToChampions": 34058,
      "trueDamageDealtPlayer": 1462,
      "trueDamageDealtToChampions": 1462,
      "trueDamageTaken": 378,
      "wardKilled": 1,
      "wardPlaced": 2,
      "neutralMinionsKilledEnemyJungle": 1,
      "totalTimeCrowdControlDealt": 189
    }
  },
  "39733953": {
    "gameId": 825976967,
    "invalid": false,
    "gameMode": "CLASSIC",
    "gameType": "MATCHED_GAME",
    "subType": "NORMAL",
    "mapId": 1,
    "teamId": 100,
    "championId": 117,
    "spell1": 3,
    "spell2": 4,
    "level": 17,
    "ipEarned": 74,
    "createDate": 1399031738031,
    "fellowPlayers": [
      {
        "summonerId": 44161934,
        "teamId": 200,
        "championId": 110
      },
      {
        "summonerId": 36822680,
        "teamId": 100,
        "championId": 55
      },
      {
        "summonerId": 28891826,
        "teamId": 200,
        "championId": 89
      },
      {
        "summonerId": 38188757,
        "teamId": 100,
        "championId": 75
      },
      {
        "summonerId": 43464699,
        "teamId": 200,
        "championId": 75
      },
      {
        "summonerId": 26603307,
        "teamId": 200,
        "championId": 64
      },
      {
        "summonerId": 30214782,
        "teamId": 100,
        "championId": 91
      },
      {
        "summonerId": 19357958,
        "teamId": 200,
        "championId": 99
      },
      {
        "summonerId": 97538,
        "teamId": 100,
        "championId": 104
      }
    ],
    "stats": {
      "level": 15,
      "goldEarned": 10487,
      "numDeaths": 9,
      "minionsKilled": 45,
      "goldSpent": 10485,
      "totalDamageDealt": 49999,
      "totalDamageTaken": 35280,
      "team": 100,
      "win": false,
      "neutralMinionsKilled": 2,
      "physicalDamageDealtPlayer": 13726,
      "magicDamageDealtPlayer": 36272,
      "physicalDamageTaken": 18135,
      "magicDamageTaken": 14831,
      "timePlayed": 2508,
      "totalHeal": 4744,
      "totalUnitsHealed": 3,
      "assists": 15,
      "item0": 2045,
      "item1": 3190,
      "item2": 3222,
      "item3": 3265,
      "item4": 3108,
      "item5": 1052,
      "item6": 3364,
      "sightWardsBought": 1,
      "magicDamageDealtToChampions": 11546,
      "physicalDamageDealtToChampions": 3126,
      "totalDamageDealtToChampions": 14672,
      "trueDamageTaken": 2314,
      "wardPlaced": 23,
      "neutralMinionsKilledEnemyJungle": 1,
      "neutralMinionsKilledYourJungle": 1,
      "totalTimeCrowdControlDealt": 591
    }
  }
}