{
  "24039729": {
    "gameId": 825976442,
    "invalid": false,
    "gameMode": "ARAM",
    "gameType": "MATCHED_GAME",
    "subType": "ARAM_UNRANKED_5x5",
    "mapId": 12,
    "teamId": 200,
    "championId": 61,
    "spell1": 4,
    "spell2": 21,
    "level": 30,
    "ipEarned": 40,
    "createDate": 1399030257118,
    "fellowPlayers": [
      {
        "summonerId": 36697247,
        "teamId": 200,
        "championId": 17
      },
      {
        "summonerId": 30462120,
        "teamId": 100,
        "championId": 254
      },
      {
        "summonerId": 33749756,
        "teamId": 100,
        "championId": 11
      },
      {
        "summonerId": 20832100,
        "teamId": 100,
        "championId": 9
      },
      {
        "summonerId": 30925257,
        "teamId": 200,
        "championId": 20
      },
      {
        "summonerId": 24157280,
        "teamId": 100,
        "championId": 114
      },
      {
        "summonerId": 31150083,
        "teamId": 100,
        "championId": 15
      },
      {
        "summonerId": 40425062,
        "teamId": 200,
        "championId": 10
      },
      {
        "summonerId": 33458242,
        "teamId": 200,
        "championId": 27
      }
    ],
    "stats": {
      "level": 15,
      "goldEarned": 9475,
      "numDeaths": 5,
      "turretsKilled": 1,
      "minionsKilled": 57,
      "championsKilled": 5,
      "goldSpent": 8785,
      "totalDamageDealt": 55004,
      "totalDamageTaken": 12648,
      "killingSprees": 2,
      "largestKillingSpree": 2,
      "team": 200,
      "win": false,
      "largestMultiKill": 1,
      "physicalDamageDealtPlayer": 5547,
      "magicDamageDealtPlayer": 49456,
      "physicalDamageTaken": 7006,
      "magicDamageTaken": 5642,
      "timePlayed": 1162,
      "totalHeal": 1556,
      "totalUnitsHealed": 1,
      "assists": 10,
      "item0": 3070,
      "item1": 1001,
      "item2": 3116,
      "item3": 3157,
      "item4": 1058,
      "item6": 2052,
      "magicDamageDealtToChampions": 12622,
      "physicalDamageDealtToChampions": 1326,
      "totalDamageDealtToChampions": 13948,
      "totalTimeCrowdControlDealt": 1219
    }
  },
  "summonerCount": 10,
  "31150083": {
    "gameId": 825976442,
    "invalid": false,
    "gameMode": "ARAM",
    "gameType": "MATCHED_GAME",
    "subType": "ARAM_UNRANKED_5x5",
    "mapId": 12,
    "teamId": 100,
    "championId": 15,
    "spell1": 7,
    "spell2": 21,
    "level": 30,
    "ipEarned": 59,
    "createDate": 1399030257110,
    "fellowPlayers": [
      {
        "summonerId": 36697247,
        "teamId": 200,
        "championId": 17
      },
      {
        "summonerId": 30462120,
        "teamId": 100,
        "championId": 254
      },
      {
        "summonerId": 33749756,
        "teamId": 100,
        "championId": 11
      },
      {
        "summonerId": 20832100,
        "teamId": 100,
        "championId": 9
      },
      {
        "summonerId": 30925257,
        "teamId": 200,
        "championId": 20
      },
      {
        "summonerId": 24157280,
        "teamId": 100,
        "championId": 114
      },
      {
        "summonerId": 40425062,
        "teamId": 200,
        "championId": 10
      },
      {
        "summonerId": 24039729,
        "teamId": 200,
        "championId": 61
      },
      {
        "summonerId": 33458242,
        "teamId": 200,
        "championId": 27
      }
    ],
    "stats": {
      "level": 16,
      "goldEarned": 10772,
      "numDeaths": 3,
      "minionsKilled": 50,
      "championsKilled": 4,
      "goldSpent": 9200,
      "totalDamageDealt": 46002,
      "totalDamageTaken": 13528,
      "doubleKills": 1,
      "killingSprees": 1,
      "largestKillingSpree": 2,
      "team": 100,
      "win": true,
      "largestMultiKill": 2,
      "physicalDamageDealtPlayer": 45997,
      "magicDamageDealtPlayer": 5,
      "physicalDamageTaken": 721,
      "magicDamageTaken": 12807,
      "largestCriticalStrike": 423,
      "timePlayed": 1162,
      "totalHeal": 3582,
      "totalUnitsHealed": 2,
      "assists": 28,
      "item0": 3181,
      "item1": 3006,
      "item2": 3046,
      "item3": 1038,
      "item4": 1037,
      "item5": 1018,
      "magicDamageDealtToChampions": 1,
      "physicalDamageDealtToChampions": 14474,
      "totalDamageDealtToChampions": 14476,
      "totalTimeCrowdControlDealt": 115
    }
  },
  "33458242": {
    "gameId": 825976442,
    "invalid": false,
    "gameMode": "ARAM",
    "gameType": "MATCHED_GAME",
    "subType": "ARAM_UNRANKED_5x5",
    "mapId": 12,
    "teamId": 200,
    "championId": 27,
    "spell1": 7,
    "spell2": 6,
    "level": 30,
    "ipEarned": 40,
    "createDate": 1399030257117,
    "fellowPlayers": [
      {
        "summonerId": 36697247,
        "teamId": 200,
        "championId": 17
      },
      {
        "summonerId": 30462120,
        "teamId": 100,
        "championId": 254
      },
      {
        "summonerId": 33749756,
        "teamId": 100,
        "championId": 11
      },
      {
        "summonerId": 20832100,
        "teamId": 100,
        "championId": 9
      },
      {
        "summonerId": 30925257,
        "teamId": 200,
        "championId": 20
      },
      {
        "summonerId": 24157280,
        "teamId": 100,
        "championId": 114
      },
      {
        "summonerId": 31150083,
        "teamId": 100,
        "championId": 15
      },
      {
        "summonerId": 40425062,
        "teamId": 200,
        "championId": 10
      },
      {
        "summonerId": 24039729,
        "teamId": 200,
        "championId": 61
      }
    ],
    "stats": {
      "level": 14,
      "goldEarned": 8891,
      "numDeaths": 8,
      "minionsKilled": 10,
      "championsKilled": 6,
      "goldSpent": 8690,
      "totalDamageDealt": 30870,
      "totalDamageTaken": 25853,
      "doubleKills": 1,
      "killingSprees": 1,
      "largestKillingSpree": 2,
      "team": 200,
      "win": false,
      "largestMultiKill": 2,
      "physicalDamageDealtPlayer": 1313,
      "magicDamageDealtPlayer": 29557,
      "physicalDamageTaken": 18639,
      "magicDamageTaken": 6392,
      "timePlayed": 1162,
      "totalHeal": 3684,
      "totalUnitsHealed": 3,
      "assists": 11,
      "item0": 3027,
      "item1": 3111,
      "item2": 3116,
      "item3": 1026,
      "item4": 1057,
      "magicDamageDealtToChampions": 17050,
      "physicalDamageDealtToChampions": 344,
      "totalDamageDealtToChampions": 17395,
      "trueDamageTaken": 822,
      "totalTimeCrowdControlDealt": 264
    }
  },
  "30462120": {
    "gameId": 825976442,
    "invalid": false,
    "gameMode": "ARAM",
    "gameType": "MATCHED_GAME",
    "subType": "ARAM_UNRANKED_5x5",
    "mapId": 12,
    "teamId": 100,
    "championId": 254,
    "spell1": 7,
    "spell2": 21,
    "level": 30,
    "ipEarned": 59,
    "createDate": 1399030257111,
    "fellowPlayers": [
      {
        "summonerId": 36697247,
        "teamId": 200,
        "championId": 17
      },
      {
        "summonerId": 33749756,
        "teamId": 100,
        "championId": 11
      },
      {
        "summonerId": 20832100,
        "teamId": 100,
        "championId": 9
      },
      {
        "summonerId": 30925257,
        "teamId": 200,
        "championId": 20
      },
      {
        "summonerId": 24157280,
        "teamId": 100,
        "championId": 114
      },
      {
        "summonerId": 31150083,
        "teamId": 100,
        "championId": 15
      },
      {
        "summonerId": 40425062,
        "teamId": 200,
        "championId": 10
      },
      {
        "summonerId": 24039729,
        "teamId": 200,
        "championId": 61
      },
      {
        "summonerId": 33458242,
        "teamId": 200,
        "championId": 27
      }
    ],
    "stats": {
      "level": 15,
      "goldEarned": 8984,
      "numDeaths": 4,
      "minionsKilled": 16,
      "championsKilled": 5,
      "goldSpent": 8790,
      "totalDamageDealt": 19107,
      "totalDamageTaken": 14085,
      "killingSprees": 1,
      "largestKillingSpree": 3,
      "team": 100,
      "win": true,
      "largestMultiKill": 1,
      "physicalDamageDealtPlayer": 19107,
      "physicalDamageTaken": 3761,
      "magicDamageTaken": 10323,
      "timePlayed": 1162,
      "totalHeal": 3239,
      "totalUnitsHealed": 3,
      "assists": 14,
      "item0": 3190,
      "item1": 3025,
      "item2": 3301,
      "item3": 3111,
      "item4": 3155,
      "item6": 2052,
      "physicalDamageDealtToChampions": 7568,
      "totalDamageDealtToChampions": 7568,
      "totalTimeCrowdControlDealt": 43
    }
  },
  "30925257": {
    "gameId": 825976442,
    "invalid": false,
    "gameMode": "ARAM",
    "gameType": "MATCHED_GAME",
    "subType": "ARAM_UNRANKED_5x5",
    "mapId": 12,
    "teamId": 200,
    "championId": 20,
    "spell1": 21,
    "spell2": 7,
    "level": 30,
    "ipEarned": 40,
    "createDate": 1399030257116,
    "fellowPlayers": [
      {
        "summonerId": 36697247,
        "teamId": 200,
        "championId": 17
      },
      {
        "summonerId": 30462120,
        "teamId": 100,
        "championId": 254
      },
      {
        "summonerId": 33749756,
        "teamId": 100,
        "championId": 11
      },
      {
        "summonerId": 20832100,
        "teamId": 100,
        "championId": 9
      },
      {
        "summonerId": 24157280,
        "teamId": 100,
        "championId": 114
      },
      {
        "summonerId": 31150083,
        "teamId": 100,
        "championId": 15
      },
      {
        "summonerId": 40425062,
        "teamId": 200,
        "championId": 10
      },
      {
        "summonerId": 24039729,
        "teamId": 200,
        "championId": 61
      },
      {
        "summonerId": 33458242,
        "teamId": 200,
        "championId": 27
      }
    ],
    "stats": {
      "level": 15,
      "goldEarned": 8333,
      "numDeaths": 7,
      "minionsKilled": 26,
      "championsKilled": 2,
      "goldSpent": 7645,
      "totalDamageDealt": 26325,
      "totalDamageTaken": 17337,
      "team": 200,
      "win": false,
      "largestMultiKill": 1,
      "physicalDamageDealtPlayer": 3690,
      "magicDamageDealtPlayer": 15135,
      "physicalDamageTaken": 11275,
      "magicDamageTaken": 5662,
      "timePlayed": 1162,
      "totalHeal": 4602,
      "totalUnitsHealed": 3,
      "assists": 12,
      "item0": 3089,
      "item1": 1011,
      "item2": 3174,
      "item3": 1001,
      "magicDamageDealtToChampions": 9102,
      "physicalDamageDealtToChampions": 253,
      "totalDamageDealtToChampions": 9356,
      "trueDamageDealtPlayer": 7500,
      "trueDamageTaken": 399,
      "totalTimeCrowdControlDealt": 425
    }
  },
  "20832100": {
    "gameId": 825976442,
    "invalid": false,
    "gameMode": "ARAM",
    "gameType": "MATCHED_GAME",
    "subType": "ARAM_UNRANKED_5x5",
    "mapId": 12,
    "teamId": 100,
    "championId": 9,
    "spell1": 14,
    "spell2": 4,
    "level": 30,
    "ipEarned": 209,
    "createDate": 1399030257112,
    "fellowPlayers": [
      {
        "summonerId": 36697247,
        "teamId": 200,
        "championId": 17
      },
      {
        "summonerId": 30462120,
        "teamId": 100,
        "championId": 254
      },
      {
        "summonerId": 33749756,
        "teamId": 100,
        "championId": 11
      },
      {
        "summonerId": 30925257,
        "teamId": 200,
        "championId": 20
      },
      {
        "summonerId": 24157280,
        "teamId": 100,
        "championId": 114
      },
      {
        "summonerId": 31150083,
        "teamId": 100,
        "championId": 15
      },
      {
        "summonerId": 40425062,
        "teamId": 200,
        "championId": 10
      },
      {
        "summonerId": 24039729,
        "teamId": 200,
        "championId": 61
      },
      {
        "summonerId": 33458242,
        "teamId": 200,
        "championId": 27
      }
    ],
    "stats": {
      "level": 16,
      "goldEarned": 12361,
      "numDeaths": 3,
      "turretsKilled": 2,
      "minionsKilled": 83,
      "championsKilled": 13,
      "goldSpent": 10470,
      "totalDamageDealt": 77540,
      "totalDamageTaken": 12974,
      "doubleKills": 3,
      "killingSprees": 3,
      "largestKillingSpree": 6,
      "team": 100,
      "win": true,
      "largestMultiKill": 2,
      "physicalDamageDealtPlayer": 5171,
      "magicDamageDealtPlayer": 72176,
      "physicalDamageTaken": 2050,
      "magicDamageTaken": 10923,
      "timePlayed": 1162,
      "totalHeal": 4785,
      "totalUnitsHealed": 1,
      "assists": 23,
      "item0": 3174,
      "item1": 3020,
      "item2": 3157,
      "item3": 3151,
      "item6": 2052,
      "magicDamageDealtToChampions": 31541,
      "physicalDamageDealtToChampions": 341,
      "totalDamageDealtToChampions": 32075,
      "trueDamageDealtPlayer": 192,
      "trueDamageDealtToChampions": 192,
      "totalTimeCrowdControlDealt": 363
    }
  },
  "24157280": {
    "gameId": 825976442,
    "invalid": false,
    "gameMode": "ARAM",
    "gameType": "MATCHED_GAME",
    "subType": "ARAM_UNRANKED_5x5",
    "mapId": 12,
    "teamId": 100,
    "championId": 114,
    "spell1": 4,
    "spell2": 21,
    "level": 30,
    "ipEarned": 59,
    "createDate": 1399030257114,
    "fellowPlayers": [
      {
        "summonerId": 36697247,
        "teamId": 200,
        "championId": 17
      },
      {
        "summonerId": 30462120,
        "teamId": 100,
        "championId": 254
      },
      {
        "summonerId": 33749756,
        "teamId": 100,
        "championId": 11
      },
      {
        "summonerId": 20832100,
        "teamId": 100,
        "championId": 9
      },
      {
        "summonerId": 30925257,
        "teamId": 200,
        "championId": 20
      },
      {
        "summonerId": 31150083,
        "teamId": 100,
        "championId": 15
      },
      {
        "summonerId": 40425062,
        "teamId": 200,
        "championId": 10
      },
      {
        "summonerId": 24039729,
        "teamId": 200,
        "championId": 61
      },
      {
        "summonerId": 33458242,
        "teamId": 200,
        "championId": 27
      }
    ],
    "stats": {
      "level": 15,
      "goldEarned": 10071,
      "numDeaths": 8,
      "turretsKilled": 1,
      "minionsKilled": 31,
      "championsKilled": 13,
      "goldSpent": 8305,
      "totalDamageDealt": 39951,
      "totalDamageTaken": 23482,
      "doubleKills": 3,
      "tripleKills": 1,
      "killingSprees": 3,
      "largestKillingSpree": 3,
      "team": 100,
      "win": true,
      "largestMultiKill": 3,
      "physicalDamageDealtPlayer": 39593,
      "magicDamageDealtPlayer": 357,
      "physicalDamageTaken": 4232,
      "magicDamageTaken": 19249,
      "timePlayed": 1162,
      "totalHeal": 1483,
      "totalUnitsHealed": 1,
      "assists": 16,
      "item0": 3074,
      "item1": 3181,
      "item2": 1037,
      "item3": 3006,
      "item4": 1036,
      "magicDamageDealtToChampions": 357,
      "physicalDamageDealtToChampions": 16470,
      "totalDamageDealtToChampions": 16828,
      "totalTimeCrowdControlDealt": 20
    }
  },
  "33749756": {
    "gameId": 825976442,
    "invalid": false,
    "gameMode": "ARAM",
    "gameType": "MATCHED_GAME",
    "subType": "ARAM_UNRANKED_5x5",
    "mapId": 12,
    "teamId": 100,
    "championId": 11,
    "spell1": 4,
    "spell2": 7,
    "level": 30,
    "ipEarned": 59,
    "createDate": 1399030257115,
    "fellowPlayers": [
      {
        "summonerId": 36697247,
        "teamId": 200,
        "championId": 17
      },
      {
        "summonerId": 30462120,
        "teamId": 100,
        "championId": 254
      },
      {
        "summonerId": 20832100,
        "teamId": 100,
        "championId": 9
      },
      {
        "summonerId": 30925257,
        "teamId": 200,
        "championId": 20
      },
      {
        "summonerId": 24157280,
        "teamId": 100,
        "championId": 114
      },
      {
        "summonerId": 31150083,
        "teamId": 100,
        "championId": 15
      },
      {
        "summonerId": 40425062,
        "teamId": 200,
        "championId": 10
      },
      {
        "summonerId": 24039729,
        "teamId": 200,
        "championId": 61
      },
      {
        "summonerId": 33458242,
        "teamId": 200,
        "championId": 27
      }
    ],
    "stats": {
      "level": 15,
      "goldEarned": 8969,
      "numDeaths": 4,
      "barracksKilled": 1,
      "turretsKilled": 1,
      "minionsKilled": 10,
      "championsKilled": 7,
      "goldSpent": 7890,
      "totalDamageDealt": 25842,
      "totalDamageTaken": 14792,
      "doubleKills": 1,
      "killingSprees": 3,
      "largestKillingSpree": 2,
      "team": 100,
      "win": true,
      "largestMultiKill": 2,
      "physicalDamageDealtPlayer": 24393,
      "physicalDamageTaken": 2167,
      "magicDamageTaken": 12624,
      "largestCriticalStrike": 487,
      "timePlayed": 1162,
      "totalHeal": 3973,
      "totalUnitsHealed": 4,
      "assists": 16,
      "item0": 3031,
      "item1": 3006,
      "item2": 3077,
      "item3": 2004,
      "item4": 1053,
      "item5": 2003,
      "physicalDamageDealtToChampions": 13811,
      "totalDamageDealtToChampions": 15186,
      "trueDamageDealtPlayer": 1449,
      "trueDamageDealtToChampions": 1375,
      "totalTimeCrowdControlDealt": 51
    }
  },
  "36697247": {
    "gameId": 825976442,
    "invalid": false,
    "gameMode": "ARAM",
    "gameType": "MATCHED_GAME",
    "subType": "ARAM_UNRANKED_5x5",
    "mapId": 12,
    "teamId": 200,
    "championId": 17,
    "spell1": 4,
    "spell2": 21,
    "level": 30,
    "ipEarned": 40,
    "createDate": 1399030257119,
    "fellowPlayers": [
      {
        "summonerId": 30462120,
        "teamId": 100,
        "championId": 254
      },
      {
        "summonerId": 33749756,
        "teamId": 100,
        "championId": 11
      },
      {
        "summonerId": 20832100,
        "teamId": 100,
        "championId": 9
      },
      {
        "summonerId": 30925257,
        "teamId": 200,
        "championId": 20
      },
      {
        "summonerId": 24157280,
        "teamId": 100,
        "championId": 114
      },
      {
        "summonerId": 31150083,
        "teamId": 100,
        "championId": 15
      },
      {
        "summonerId": 40425062,
        "teamId": 200,
        "championId": 10
      },
      {
        "summonerId": 24039729,
        "teamId": 200,
        "championId": 61
      },
      {
        "summonerId": 33458242,
        "teamId": 200,
        "championId": 27
      }
    ],
    "stats": {
      "level": 15,
      "goldEarned": 9599,
      "numDeaths": 10,
      "turretsKilled": 1,
      "minionsKilled": 59,
      "championsKilled": 7,
      "goldSpent": 9180,
      "totalDamageDealt": 52880,
      "totalDamageTaken": 16857,
      "doubleKills": 2,
      "killingSprees": 2,
      "largestKillingSpree": 3,
      "team": 200,
      "win": false,
      "largestMultiKill": 2,
      "physicalDamageDealtPlayer": 13680,
      "magicDamageDealtPlayer": 39200,
      "physicalDamageTaken": 10426,
      "magicDamageTaken": 6430,
      "timePlayed": 1162,
      "totalHeal": 1325,
      "totalUnitsHealed": 1,
      "assists": 7,
      "item0": 3089,
      "item1": 3020,
      "item2": 3151,
      "item3": 2004,
      "item4": 1058,
      "magicDamageDealtToChampions": 20458,
      "physicalDamageDealtToChampions": 1498,
      "totalDamageDealtToChampions": 21956,
      "wardPlaced": 24,
      "totalTimeCrowdControlDealt": 302
    }
  },
  "40425062": {
    "gameId": 825976442,
    "invalid": false,
    "gameMode": "ARAM",
    "gameType": "MATCHED_GAME",
    "subType": "ARAM_UNRANKED_5x5",
    "mapId": 12,
    "teamId": 200,
    "championId": 10,
    "spell1": 4,
    "spell2": 7,
    "level": 30,
    "ipEarned": 40,
    "createDate": 1399030257120,
    "fellowPlayers": [
      {
        "summonerId": 36697247,
        "teamId": 200,
        "championId": 17
      },
      {
        "summonerId": 30462120,
        "teamId": 100,
        "championId": 254
      },
      {
        "summonerId": 33749756,
        "teamId": 100,
        "championId": 11
      },
      {
        "summonerId": 20832100,
        "teamId": 100,
        "championId": 9
      },
      {
        "summonerId": 30925257,
        "teamId": 200,
        "championId": 20
      },
      {
        "summonerId": 24157280,
        "teamId": 100,
        "championId": 114
      },
      {
        "summonerId": 31150083,
        "teamId": 100,
        "championId": 15
      },
      {
        "summonerId": 24039729,
        "teamId": 200,
        "championId": 61
      },
      {
        "summonerId": 33458242,
        "teamId": 200,
        "championId": 27
      }
    ],
    "stats": {
      "level": 13,
      "goldEarned": 7975,
      "numDeaths": 12,
      "minionsKilled": 29,
      "championsKilled": 2,
      "goldSpent": 7460,
      "totalDamageDealt": 31203,
      "totalDamageTaken": 21231,
      "team": 200,
      "win": false,
      "largestMultiKill": 1,
      "physicalDamageDealtPlayer": 10799,
      "magicDamageDealtPlayer": 20403,
      "physicalDamageTaken": 13112,
      "magicDamageTaken": 7772,
      "timePlayed": 1162,
      "totalHeal": 4940,
      "totalUnitsHealed": 5,
      "assists": 8,
      "item0": 3115,
      "item1": 3100,
      "item2": 1052,
      "item3": 1011,
      "magicDamageDealtToChampions": 6694,
      "physicalDamageDealtToChampions": 2698,
      "totalDamageDealtToChampions": 9393,
      "trueDamageTaken": 346,
      "totalTimeCrowdControlDealt": 90
    }
  }
}