{
  "21878951": {
    "gameId": 817280737,
    "invalid": false,
    "gameMode": "CLASSIC",
    "gameType": "MATCHED_GAME",
    "subType": "CAP_5x5",
    "mapId": 1,
    "teamId": 200,
    "championId": 412,
    "spell1": 7,
    "spell2": 4,
    "level": 30,
    "ipEarned": 72,
    "createDate": 1398243226961,
    "fellowPlayers": [
      {
        "summonerId": 35984575,
        "teamId": 200,
        "championId": 103
      },
      {
        "summonerId": 36961612,
        "teamId": 200,
        "championId": 121
      },
      {
        "summonerId": 34073203,
        "teamId": 200,
        "championId": 29
      },
      {
        "summonerId": 37124051,
        "teamId": 200,
        "championId": 58
      },
      {
        "summonerId": 37959237,
        "teamId": 100,
        "championId": 55
      },
      {
        "summonerId": 36487310,
        "teamId": 100,
        "championId": 133
      },
      {
        "summonerId": 20471999,
        "teamId": 100,
        "championId": 2
      },
      {
        "summonerId": 22747137,
        "teamId": 100,
        "championId": 77
      },
      {
        "summonerId": 24983487,
        "teamId": 100,
        "championId": 76
      }
    ],
    "stats": {
      "level": 14,
      "goldEarned": 10862,
      "numDeaths": 7,
      "minionsKilled": 12,
      "championsKilled": 4,
      "goldSpent": 9930,
      "totalDamageDealt": 29450,
      "totalDamageTaken": 29793,
      "killingSprees": 1,
      "largestKillingSpree": 3,
      "team": 200,
      "win": false,
      "neutralMinionsKilled": 2,
      "largestMultiKill": 1,
      "physicalDamageDealtPlayer": 6523,
      "magicDamageDealtPlayer": 22858,
      "physicalDamageTaken": 12061,
      "magicDamageTaken": 15152,
      "timePlayed": 2404,
      "totalHeal": 3923,
      "totalUnitsHealed": 4,
      "assists": 10,
      "item0": 3069,
      "item1": 2045,
      "item2": 3143,
      "item3": 3270,
      "item4": 1028,
      "item5": 1057,
      "item6": 3341,
      "sightWardsBought": 1,
      "visionWardsBought": 1,
      "magicDamageDealtToChampions": 9063,
      "physicalDamageDealtToChampions": 1247,
      "totalDamageDealtToChampions": 10378,
      "trueDamageDealtPlayer": 68,
      "trueDamageDealtToChampions": 68,
      "trueDamageTaken": 2578,
      "wardPlaced": 30,
      "neutralMinionsKilledEnemyJungle": 2,
      "totalTimeCrowdControlDealt": 311
    }
  },
  "summonerCount": 10,
  "24983487": {
    "gameId": 817280737,
    "invalid": false,
    "gameMode": "CLASSIC",
    "gameType": "MATCHED_GAME",
    "subType": "CAP_5x5",
    "mapId": 1,
    "teamId": 100,
    "championId": 76,
    "spell1": 4,
    "spell2": 3,
    "level": 30,
    "ipEarned": 110,
    "createDate": 1398243226951,
    "fellowPlayers": [
      {
        "summonerId": 35984575,
        "teamId": 200,
        "championId": 103
      },
      {
        "summonerId": 36961612,
        "teamId": 200,
        "championId": 121
      },
      {
        "summonerId": 21878951,
        "teamId": 200,
        "championId": 412
      },
      {
        "summonerId": 34073203,
        "teamId": 200,
        "championId": 29
      },
      {
        "summonerId": 37124051,
        "teamId": 200,
        "championId": 58
      },
      {
        "summonerId": 37959237,
        "teamId": 100,
        "championId": 55
      },
      {
        "summonerId": 36487310,
        "teamId": 100,
        "championId": 133
      },
      {
        "summonerId": 20471999,
        "teamId": 100,
        "championId": 2
      },
      {
        "summonerId": 22747137,
        "teamId": 100,
        "championId": 77
      }
    ],
    "stats": {
      "level": 15,
      "goldEarned": 9964,
      "numDeaths": 2,
      "barracksKilled": 1,
      "turretsKilled": 1,
      "minionsKilled": 48,
      "championsKilled": 3,
      "goldSpent": 7895,
      "totalDamageDealt": 64639,
      "totalDamageTaken": 8421,
      "killingSprees": 1,
      "largestKillingSpree": 3,
      "team": 100,
      "win": true,
      "neutralMinionsKilled": 5,
      "largestMultiKill": 1,
      "physicalDamageDealtPlayer": 12330,
      "magicDamageDealtPlayer": 52309,
      "physicalDamageTaken": 4535,
      "magicDamageTaken": 2867,
      "timePlayed": 2404,
      "totalHeal": 4603,
      "totalUnitsHealed": 5,
      "assists": 11,
      "item0": 3020,
      "item1": 3165,
      "item2": 3089,
      "item3": 1026,
      "item4": 1052,
      "item6": 3340,
      "magicDamageDealtToChampions": 26109,
      "physicalDamageDealtToChampions": 1459,
      "totalDamageDealtToChampions": 27569,
      "trueDamageTaken": 1018,
      "wardPlaced": 9,
      "neutralMinionsKilledEnemyJungle": 1,
      "neutralMinionsKilledYourJungle": 4,
      "totalTimeCrowdControlDealt": 6
    }
  },
  "36961612": {
    "gameId": 817280737,
    "invalid": false,
    "gameMode": "CLASSIC",
    "gameType": "MATCHED_GAME",
    "subType": "CAP_5x5",
    "mapId": 1,
    "teamId": 200,
    "championId": 121,
    "spell1": 4,
    "spell2": 11,
    "level": 30,
    "ipEarned": 72,
    "createDate": 1398243226957,
    "fellowPlayers": [
      {
        "summonerId": 35984575,
        "teamId": 200,
        "championId": 103
      },
      {
        "summonerId": 21878951,
        "teamId": 200,
        "championId": 412
      },
      {
        "summonerId": 34073203,
        "teamId": 200,
        "championId": 29
      },
      {
        "summonerId": 37124051,
        "teamId": 200,
        "championId": 58
      },
      {
        "summonerId": 37959237,
        "teamId": 100,
        "championId": 55
      },
      {
        "summonerId": 36487310,
        "teamId": 100,
        "championId": 133
      },
      {
        "summonerId": 20471999,
        "teamId": 100,
        "championId": 2
      },
      {
        "summonerId": 22747137,
        "teamId": 100,
        "championId": 77
      },
      {
        "summonerId": 24983487,
        "teamId": 100,
        "championId": 76
      }
    ],
    "stats": {
      "level": 16,
      "goldEarned": 11043,
      "numDeaths": 3,
      "minionsKilled": 66,
      "championsKilled": 2,
      "goldSpent": 10150,
      "totalDamageDealt": 134428,
      "totalDamageTaken": 31176,
      "team": 200,
      "win": false,
      "neutralMinionsKilled": 74,
      "largestMultiKill": 1,
      "physicalDamageDealtPlayer": 116360,
      "magicDamageDealtPlayer": 1844,
      "physicalDamageTaken": 18180,
      "magicDamageTaken": 11716,
      "timePlayed": 2404,
      "totalHeal": 8578,
      "totalUnitsHealed": 1,
      "assists": 11,
      "item0": 3074,
      "item1": 3265,
      "item2": 3071,
      "item4": 3209,
      "item6": 3340,
      "magicDamageDealtToChampions": 1061,
      "physicalDamageDealtToChampions": 13205,
      "totalDamageDealtToChampions": 15695,
      "trueDamageDealtPlayer": 16223,
      "trueDamageDealtToChampions": 1428,
      "trueDamageTaken": 1280,
      "wardKilled": 2,
      "wardPlaced": 5,
      "neutralMinionsKilledEnemyJungle": 10,
      "neutralMinionsKilledYourJungle": 64,
      "totalTimeCrowdControlDealt": 522
    }
  },
  "20471999": {
    "gameId": 817280737,
    "invalid": false,
    "gameMode": "CLASSIC",
    "gameType": "MATCHED_GAME",
    "subType": "CAP_5x5",
    "mapId": 1,
    "teamId": 100,
    "championId": 2,
    "spell1": 14,
    "spell2": 4,
    "level": 30,
    "ipEarned": 110,
    "createDate": 1398243226952,
    "fellowPlayers": [
      {
        "summonerId": 35984575,
        "teamId": 200,
        "championId": 103
      },
      {
        "summonerId": 36961612,
        "teamId": 200,
        "championId": 121
      },
      {
        "summonerId": 21878951,
        "teamId": 200,
        "championId": 412
      },
      {
        "summonerId": 34073203,
        "teamId": 200,
        "championId": 29
      },
      {
        "summonerId": 37124051,
        "teamId": 200,
        "championId": 58
      },
      {
        "summonerId": 37959237,
        "teamId": 100,
        "championId": 55
      },
      {
        "summonerId": 36487310,
        "teamId": 100,
        "championId": 133
      },
      {
        "summonerId": 22747137,
        "teamId": 100,
        "championId": 77
      },
      {
        "summonerId": 24983487,
        "teamId": 100,
        "championId": 76
      }
    ],
    "stats": {
      "level": 18,
      "goldEarned": 14782,
      "numDeaths": 2,
      "turretsKilled": 3,
      "minionsKilled": 241,
      "championsKilled": 6,
      "goldSpent": 14275,
      "totalDamageDealt": 175982,
      "totalDamageTaken": 29420,
      "killingSprees": 1,
      "largestKillingSpree": 4,
      "team": 100,
      "win": true,
      "neutralMinionsKilled": 18,
      "largestMultiKill": 1,
      "physicalDamageDealtPlayer": 120760,
      "magicDamageDealtPlayer": 13248,
      "physicalDamageTaken": 20365,
      "magicDamageTaken": 5931,
      "timePlayed": 2404,
      "totalHeal": 12313,
      "totalUnitsHealed": 1,
      "assists": 12,
      "item0": 3153,
      "item1": 3111,
      "item2": 3065,
      "item3": 1011,
      "item4": 3068,
      "item5": 3026,
      "item6": 3340,
      "sightWardsBought": 1,
      "magicDamageDealtToChampions": 1074,
      "physicalDamageDealtToChampions": 13619,
      "totalDamageDealtToChampions": 28848,
      "trueDamageDealtPlayer": 41972,
      "trueDamageDealtToChampions": 14154,
      "trueDamageTaken": 3123,
      "wardPlaced": 11,
      "neutralMinionsKilledEnemyJungle": 11,
      "neutralMinionsKilledYourJungle": 7,
      "totalTimeCrowdControlDealt": 412
    }
  },
  "36487310": {
    "gameId": 817280737,
    "invalid": false,
    "gameMode": "CLASSIC",
    "gameType": "MATCHED_GAME",
    "subType": "CAP_5x5",
    "mapId": 1,
    "teamId": 100,
    "championId": 133,
    "spell1": 4,
    "spell2": 21,
    "level": 30,
    "ipEarned": 260,
    "createDate": 1398243226956,
    "fellowPlayers": [
      {
        "summonerId": 35984575,
        "teamId": 200,
        "championId": 103
      },
      {
        "summonerId": 36961612,
        "teamId": 200,
        "championId": 121
      },
      {
        "summonerId": 21878951,
        "teamId": 200,
        "championId": 412
      },
      {
        "summonerId": 34073203,
        "teamId": 200,
        "championId": 29
      },
      {
        "summonerId": 37124051,
        "teamId": 200,
        "championId": 58
      },
      {
        "summonerId": 37959237,
        "teamId": 100,
        "championId": 55
      },
      {
        "summonerId": 20471999,
        "teamId": 100,
        "championId": 2
      },
      {
        "summonerId": 22747137,
        "teamId": 100,
        "championId": 77
      },
      {
        "summonerId": 24983487,
        "teamId": 100,
        "championId": 76
      }
    ],
    "stats": {
      "level": 16,
      "goldEarned": 11694,
      "numDeaths": 7,
      "turretsKilled": 1,
      "minionsKilled": 174,
      "championsKilled": 3,
      "goldSpent": 10415,
      "totalDamageDealt": 108174,
      "totalDamageTaken": 23829,
      "killingSprees": 1,
      "largestKillingSpree": 2,
      "team": 100,
      "win": true,
      "neutralMinionsKilled": 8,
      "largestMultiKill": 1,
      "physicalDamageDealtPlayer": 107756,
      "physicalDamageTaken": 10881,
      "magicDamageTaken": 9091,
      "largestCriticalStrike": 845,
      "timePlayed": 2404,
      "totalHeal": 1011,
      "totalUnitsHealed": 1,
      "assists": 7,
      "item0": 1055,
      "item1": 3072,
      "item2": 3006,
      "item3": 3031,
      "item6": 3340,
      "physicalDamageDealtToChampions": 11342,
      "totalDamageDealtToChampions": 11342,
      "trueDamageDealtPlayer": 418,
      "trueDamageTaken": 3855,
      "wardKilled": 1,
      "wardPlaced": 11,
      "neutralMinionsKilledYourJungle": 8,
      "totalTimeCrowdControlDealt": 229
    }
  },
  "34073203": {
    "gameId": 817280737,
    "invalid": false,
    "gameMode": "CLASSIC",
    "gameType": "MATCHED_GAME",
    "subType": "CAP_5x5",
    "mapId": 1,
    "teamId": 200,
    "championId": 29,
    "spell1": 7,
    "spell2": 4,
    "level": 30,
    "ipEarned": 72,
    "createDate": 1398243226960,
    "fellowPlayers": [
      {
        "summonerId": 35984575,
        "teamId": 200,
        "championId": 103
      },
      {
        "summonerId": 36961612,
        "teamId": 200,
        "championId": 121
      },
      {
        "summonerId": 21878951,
        "teamId": 200,
        "championId": 412
      },
      {
        "summonerId": 37124051,
        "teamId": 200,
        "championId": 58
      },
      {
        "summonerId": 37959237,
        "teamId": 100,
        "championId": 55
      },
      {
        "summonerId": 36487310,
        "teamId": 100,
        "championId": 133
      },
      {
        "summonerId": 20471999,
        "teamId": 100,
        "championId": 2
      },
      {
        "summonerId": 22747137,
        "teamId": 100,
        "championId": 77
      },
      {
        "summonerId": 24983487,
        "teamId": 100,
        "championId": 76
      }
    ],
    "stats": {
      "level": 15,
      "goldEarned": 11932,
      "numDeaths": 6,
      "turretsKilled": 1,
      "minionsKilled": 164,
      "championsKilled": 6,
      "goldSpent": 11105,
      "totalDamageDealt": 111556,
      "totalDamageTaken": 25176,
      "killingSprees": 1,
      "largestKillingSpree": 4,
      "team": 200,
      "win": false,
      "neutralMinionsKilled": 16,
      "largestMultiKill": 1,
      "physicalDamageDealtPlayer": 101788,
      "physicalDamageTaken": 12455,
      "magicDamageTaken": 11468,
      "timePlayed": 2404,
      "totalHeal": 4053,
      "totalUnitsHealed": 3,
      "assists": 8,
      "item0": 3250,
      "item1": 1055,
      "item2": 3072,
      "item3": 3153,
      "item4": 2004,
      "item5": 3085,
      "item6": 3340,
      "physicalDamageDealtToChampions": 12791,
      "totalDamageDealtToChampions": 16449,
      "trueDamageDealtPlayer": 9768,
      "trueDamageDealtToChampions": 3658,
      "trueDamageTaken": 1251,
      "wardPlaced": 2,
      "neutralMinionsKilledEnemyJungle": 3,
      "neutralMinionsKilledYourJungle": 13,
      "totalTimeCrowdControlDealt": 281
    }
  },
  "35984575": {
    "gameId": 817280737,
    "invalid": false,
    "gameMode": "CLASSIC",
    "gameType": "MATCHED_GAME",
    "subType": "CAP_5x5",
    "mapId": 1,
    "teamId": 200,
    "championId": 103,
    "spell1": 14,
    "spell2": 4,
    "level": 30,
    "ipEarned": 72,
    "createDate": 1398243226958,
    "fellowPlayers": [
      {
        "summonerId": 36961612,
        "teamId": 200,
        "championId": 121
      },
      {
        "summonerId": 21878951,
        "teamId": 200,
        "championId": 412
      },
      {
        "summonerId": 34073203,
        "teamId": 200,
        "championId": 29
      },
      {
        "summonerId": 37124051,
        "teamId": 200,
        "championId": 58
      },
      {
        "summonerId": 37959237,
        "teamId": 100,
        "championId": 55
      },
      {
        "summonerId": 36487310,
        "teamId": 100,
        "championId": 133
      },
      {
        "summonerId": 20471999,
        "teamId": 100,
        "championId": 2
      },
      {
        "summonerId": 22747137,
        "teamId": 100,
        "championId": 77
      },
      {
        "summonerId": 24983487,
        "teamId": 100,
        "championId": 76
      }
    ],
    "stats": {
      "level": 17,
      "goldEarned": 13859,
      "numDeaths": 7,
      "turretsKilled": 1,
      "minionsKilled": 202,
      "championsKilled": 9,
      "goldSpent": 13430,
      "totalDamageDealt": 149531,
      "totalDamageTaken": 24660,
      "killingSprees": 2,
      "largestKillingSpree": 5,
      "team": 200,
      "win": false,
      "neutralMinionsKilled": 5,
      "largestMultiKill": 1,
      "physicalDamageDealtPlayer": 21071,
      "magicDamageDealtPlayer": 87690,
      "physicalDamageTaken": 10535,
      "magicDamageTaken": 10930,
      "timePlayed": 2404,
      "totalHeal": 4206,
      "totalUnitsHealed": 1,
      "assists": 7,
      "item0": 3128,
      "item1": 3089,
      "item2": 1056,
      "item3": 3255,
      "item4": 3174,
      "item5": 1058,
      "item6": 3340,
      "magicDamageDealtToChampions": 25011,
      "physicalDamageDealtToChampions": 2998,
      "totalDamageDealtToChampions": 38292,
      "trueDamageDealtPlayer": 40768,
      "trueDamageDealtToChampions": 10282,
      "trueDamageTaken": 3194,
      "wardPlaced": 11,
      "neutralMinionsKilledYourJungle": 5,
      "totalTimeCrowdControlDealt": 161
    }
  },
  "37959237": {
    "gameId": 817280737,
    "invalid": false,
    "gameMode": "CLASSIC",
    "gameType": "MATCHED_GAME",
    "subType": "CAP_5x5",
    "mapId": 1,
    "teamId": 100,
    "championId": 55,
    "spell1": 4,
    "spell2": 14,
    "level": 30,
    "ipEarned": 110,
    "createDate": 1398243226953,
    "fellowPlayers": [
      {
        "summonerId": 35984575,
        "teamId": 200,
        "championId": 103
      },
      {
        "summonerId": 36961612,
        "teamId": 200,
        "championId": 121
      },
      {
        "summonerId": 21878951,
        "teamId": 200,
        "championId": 412
      },
      {
        "summonerId": 34073203,
        "teamId": 200,
        "championId": 29
      },
      {
        "summonerId": 37124051,
        "teamId": 200,
        "championId": 58
      },
      {
        "summonerId": 36487310,
        "teamId": 100,
        "championId": 133
      },
      {
        "summonerId": 20471999,
        "teamId": 100,
        "championId": 2
      },
      {
        "summonerId": 22747137,
        "teamId": 100,
        "championId": 77
      },
      {
        "summonerId": 24983487,
        "teamId": 100,
        "championId": 76
      }
    ],
    "stats": {
      "level": 17,
      "goldEarned": 14143,
      "numDeaths": 7,
      "turretsKilled": 1,
      "minionsKilled": 136,
      "championsKilled": 14,
      "goldSpent": 11685,
      "totalDamageDealt": 125475,
      "totalDamageTaken": 22838,
      "doubleKills": 2,
      "tripleKills": 2,
      "killingSprees": 4,
      "largestKillingSpree": 4,
      "team": 100,
      "win": true,
      "neutralMinionsKilled": 3,
      "largestMultiKill": 3,
      "physicalDamageDealtPlayer": 8404,
      "magicDamageDealtPlayer": 116286,
      "physicalDamageTaken": 9066,
      "magicDamageTaken": 9905,
      "timePlayed": 2404,
      "totalHeal": 2560,
      "totalUnitsHealed": 1,
      "assists": 9,
      "item0": 3089,
      "item1": 3157,
      "item2": 3151,
      "item3": 3255,
      "item6": 3340,
      "visionWardsBought": 3,
      "magicDamageDealtToChampions": 35920,
      "physicalDamageDealtToChampions": 600,
      "totalDamageDealtToChampions": 37000,
      "trueDamageDealtPlayer": 784,
      "trueDamageDealtToChampions": 480,
      "trueDamageTaken": 3866,
      "wardKilled": 1,
      "wardPlaced": 14,
      "neutralMinionsKilledEnemyJungle": 3,
      "totalTimeCrowdControlDealt": 36
    }
  },
  "37124051": {
    "gameId": 817280737,
    "invalid": false,
    "gameMode": "CLASSIC",
    "gameType": "MATCHED_GAME",
    "subType": "CAP_5x5",
    "mapId": 1,
    "teamId": 200,
    "championId": 58,
    "spell1": 4,
    "spell2": 14,
    "level": 30,
    "ipEarned": 72,
    "createDate": 1398243226959,
    "fellowPlayers": [
      {
        "summonerId": 35984575,
        "teamId": 200,
        "championId": 103
      },
      {
        "summonerId": 36961612,
        "teamId": 200,
        "championId": 121
      },
      {
        "summonerId": 21878951,
        "teamId": 200,
        "championId": 412
      },
      {
        "summonerId": 34073203,
        "teamId": 200,
        "championId": 29
      },
      {
        "summonerId": 37959237,
        "teamId": 100,
        "championId": 55
      },
      {
        "summonerId": 36487310,
        "teamId": 100,
        "championId": 133
      },
      {
        "summonerId": 20471999,
        "teamId": 100,
        "championId": 2
      },
      {
        "summonerId": 22747137,
        "teamId": 100,
        "championId": 77
      },
      {
        "summonerId": 24983487,
        "teamId": 100,
        "championId": 76
      }
    ],
    "stats": {
      "level": 15,
      "goldEarned": 10252,
      "numDeaths": 5,
      "minionsKilled": 153,
      "championsKilled": 2,
      "goldSpent": 9560,
      "totalDamageDealt": 73850,
      "totalDamageTaken": 33575,
      "team": 200,
      "win": false,
      "largestMultiKill": 1,
      "physicalDamageDealtPlayer": 53958,
      "magicDamageDealtPlayer": 19212,
      "physicalDamageTaken": 10531,
      "magicDamageTaken": 15119,
      "timePlayed": 2404,
      "totalHeal": 4029,
      "totalUnitsHealed": 1,
      "assists": 6,
      "item0": 1054,
      "item1": 3143,
      "item2": 3065,
      "item3": 1001,
      "item4": 3068,
      "item6": 3340,
      "sightWardsBought": 2,
      "magicDamageDealtToChampions": 3407,
      "physicalDamageDealtToChampions": 6703,
      "totalDamageDealtToChampions": 10790,
      "trueDamageDealtPlayer": 680,
      "trueDamageDealtToChampions": 680,
      "trueDamageTaken": 7925,
      "wardPlaced": 7,
      "totalTimeCrowdControlDealt": 245
    }
  },
  "21878951": {
    "gameId": 817280737,
    "invalid": false,
    "gameMode": "CLASSIC",
    "gameType": "MATCHED_GAME",
    "subType": "CAP_5x5",
    "mapId": 1,
    "teamId": 200,
    "championId": 412,
    "spell1": 7,
    "spell2": 4,
    "level": 30,
    "ipEarned": 72,
    "createDate": 1398243226961,
    "fellowPlayers": [
      {
        "summonerId": 35984575,
        "teamId": 200,
        "championId": 103
      },
      {
        "summonerId": 36961612,
        "teamId": 200,
        "championId": 121
      },
      {
        "summonerId": 34073203,
        "teamId": 200,
        "championId": 29
      },
      {
        "summonerId": 37124051,
        "teamId": 200,
        "championId": 58
      },
      {
        "summonerId": 37959237,
        "teamId": 100,
        "championId": 55
      },
      {
        "summonerId": 36487310,
        "teamId": 100,
        "championId": 133
      },
      {
        "summonerId": 20471999,
        "teamId": 100,
        "championId": 2
      },
      {
        "summonerId": 22747137,
        "teamId": 100,
        "championId": 77
      },
      {
        "summonerId": 24983487,
        "teamId": 100,
        "championId": 76
      }
    ],
    "stats": {
      "level": 14,
      "goldEarned": 10862,
      "numDeaths": 7,
      "minionsKilled": 12,
      "championsKilled": 4,
      "goldSpent": 9930,
      "totalDamageDealt": 29450,
      "totalDamageTaken": 29793,
      "killingSprees": 1,
      "largestKillingSpree": 3,
      "team": 200,
      "win": false,
      "neutralMinionsKilled": 2,
      "largestMultiKill": 1,
      "physicalDamageDealtPlayer": 6523,
      "magicDamageDealtPlayer": 22858,
      "physicalDamageTaken": 12061,
      "magicDamageTaken": 15152,
      "timePlayed": 2404,
      "totalHeal": 3923,
      "totalUnitsHealed": 4,
      "assists": 10,
      "item0": 3069,
      "item1": 2045,
      "item2": 3143,
      "item3": 3270,
      "item4": 1028,
      "item5": 1057,
      "item6": 3341,
      "sightWardsBought": 1,
      "visionWardsBought": 1,
      "magicDamageDealtToChampions": 9063,
      "physicalDamageDealtToChampions": 1247,
      "totalDamageDealtToChampions": 10378,
      "trueDamageDealtPlayer": 68,
      "trueDamageDealtToChampions": 68,
      "trueDamageTaken": 2578,
      "wardPlaced": 30,
      "neutralMinionsKilledEnemyJungle": 2,
      "totalTimeCrowdControlDealt": 311
    }
  }
}