{
  "26936240": {
    "gameId": 817260632,
    "invalid": false,
    "gameMode": "CLASSIC",
    "gameType": "MATCHED_GAME",
    "subType": "CAP_5x5",
    "mapId": 1,
    "teamId": 100,
    "championId": 117,
    "spell1": 7,
    "spell2": 4,
    "level": 30,
    "ipEarned": 244,
    "createDate": 1398242905365,
    "fellowPlayers": [
      {
        "summonerId": 38133529,
        "teamId": 200,
        "championId": 5
      },
      {
        "summonerId": 30705223,
        "teamId": 100,
        "championId": 75
      },
      {
        "summonerId": 36634532,
        "teamId": 200,
        "championId": 119
      },
      {
        "summonerId": 37581057,
        "teamId": 100,
        "championId": 81
      },
      {
        "summonerId": 39785507,
        "teamId": 200,
        "championId": 267
      },
      {
        "summonerId": 37247872,
        "teamId": 200,
        "championId": 103
      },
      {
        "summonerId": 23994788,
        "teamId": 200,
        "championId": 19
      },
      {
        "summonerId": 36245172,
        "teamId": 100,
        "championId": 76
      },
      {
        "summonerId": 35278523,
        "teamId": 100,
        "championId": 24
      }
    ],
    "stats": {
      "level": 15,
      "goldEarned": 10828,
      "numDeaths": 2,
      "turretsKilled": 1,
      "minionsKilled": 30,
      "championsKilled": 2,
      "goldSpent": 7755,
      "totalDamageDealt": 38105,
      "totalDamageTaken": 16923,
      "killingSprees": 1,
      "largestKillingSpree": 2,
      "team": 100,
      "win": true,
      "neutralMinionsKilled": 1,
      "largestMultiKill": 1,
      "physicalDamageDealtPlayer": 9489,
      "magicDamageDealtPlayer": 28179,
      "physicalDamageTaken": 11373,
      "magicDamageTaken": 4611,
      "timePlayed": 2039,
      "totalHeal": 2761,
      "totalUnitsHealed": 4,
      "assists": 15,
      "item0": 3222,
      "item1": 3190,
      "item2": 2045,
      "item3": 3303,
      "item5": 3117,
      "item6": 3341,
      "sightWardsBought": 1,
      "visionWardsBought": 2,
      "magicDamageDealtToChampions": 8275,
      "physicalDamageDealtToChampions": 2661,
      "totalDamageDealtToChampions": 11240,
      "trueDamageDealtPlayer": 436,
      "trueDamageDealtToChampions": 304,
      "trueDamageTaken": 938,
      "wardKilled": 1,
      "wardPlaced": 22,
      "neutralMinionsKilledYourJungle": 1,
      "totalTimeCrowdControlDealt": 451
    }
  },
  "summonerCount": 10,
  "37247872": {
    "gameId": 817260632,
    "invalid": false,
    "gameMode": "CLASSIC",
    "gameType": "MATCHED_GAME",
    "subType": "CAP_5x5",
    "mapId": 1,
    "teamId": 200,
    "championId": 103,
    "spell1": 7,
    "spell2": 4,
    "level": 30,
    "ipEarned": 62,
    "createDate": 1398242905369,
    "fellowPlayers": [
      {
        "summonerId": 38133529,
        "teamId": 200,
        "championId": 5
      },
      {
        "summonerId": 30705223,
        "teamId": 100,
        "championId": 75
      },
      {
        "summonerId": 36634532,
        "teamId": 200,
        "championId": 119
      },
      {
        "summonerId": 37581057,
        "teamId": 100,
        "championId": 81
      },
      {
        "summonerId": 39785507,
        "teamId": 200,
        "championId": 267
      },
      {
        "summonerId": 23994788,
        "teamId": 200,
        "championId": 19
      },
      {
        "summonerId": 36245172,
        "teamId": 100,
        "championId": 76
      },
      {
        "summonerId": 26936240,
        "teamId": 100,
        "championId": 117
      },
      {
        "summonerId": 35278523,
        "teamId": 100,
        "championId": 24
      }
    ],
    "stats": {
      "level": 15,
      "goldEarned": 8223,
      "numDeaths": 2,
      "minionsKilled": 136,
      "championsKilled": 3,
      "goldSpent": 7695,
      "totalDamageDealt": 81751,
      "totalDamageTaken": 17710,
      "killingSprees": 1,
      "largestKillingSpree": 2,
      "team": 200,
      "win": false,
      "neutralMinionsKilled": 1,
      "largestMultiKill": 1,
      "physicalDamageDealtPlayer": 32326,
      "magicDamageDealtPlayer": 33696,
      "physicalDamageTaken": 6097,
      "magicDamageTaken": 11461,
      "timePlayed": 2039,
      "totalHeal": 2480,
      "totalUnitsHealed": 3,
      "assists": 1,
      "item0": 3020,
      "item1": 3089,
      "item2": 3001,
      "item3": 2004,
      "item6": 3340,
      "magicDamageDealtToChampions": 12676,
      "physicalDamageDealtToChampions": 1203,
      "totalDamageDealtToChampions": 17135,
      "trueDamageDealtPlayer": 15728,
      "trueDamageDealtToChampions": 3255,
      "trueDamageTaken": 152,
      "wardPlaced": 2,
      "neutralMinionsKilledYourJungle": 1,
      "totalTimeCrowdControlDealt": 175
    }
  },
  "38133529": {
    "gameId": 817260632,
    "invalid": false,
    "gameMode": "CLASSIC",
    "gameType": "MATCHED_GAME",
    "subType": "CAP_5x5",
    "mapId": 1,
    "teamId": 200,
    "championId": 5,
    "spell1": 14,
    "spell2": 4,
    "level": 30,
    "ipEarned": 62,
    "createDate": 1398242905370,
    "fellowPlayers": [
      {
        "summonerId": 30705223,
        "teamId": 100,
        "championId": 75
      },
      {
        "summonerId": 36634532,
        "teamId": 200,
        "championId": 119
      },
      {
        "summonerId": 37581057,
        "teamId": 100,
        "championId": 81
      },
      {
        "summonerId": 39785507,
        "teamId": 200,
        "championId": 267
      },
      {
        "summonerId": 37247872,
        "teamId": 200,
        "championId": 103
      },
      {
        "summonerId": 23994788,
        "teamId": 200,
        "championId": 19
      },
      {
        "summonerId": 36245172,
        "teamId": 100,
        "championId": 76
      },
      {
        "summonerId": 26936240,
        "teamId": 100,
        "championId": 117
      },
      {
        "summonerId": 35278523,
        "teamId": 100,
        "championId": 24
      }
    ],
    "stats": {
      "level": 15,
      "goldEarned": 7952,
      "numDeaths": 6,
      "minionsKilled": 86,
      "championsKilled": 3,
      "goldSpent": 7230,
      "totalDamageDealt": 70684,
      "totalDamageTaken": 29460,
      "killingSprees": 1,
      "largestKillingSpree": 2,
      "team": 200,
      "win": false,
      "neutralMinionsKilled": 10,
      "largestMultiKill": 1,
      "physicalDamageDealtPlayer": 59820,
      "magicDamageDealtPlayer": 8994,
      "physicalDamageTaken": 20089,
      "magicDamageTaken": 9082,
      "timePlayed": 2039,
      "totalHeal": 5903,
      "totalUnitsHealed": 1,
      "assists": 2,
      "item0": 3144,
      "item1": 1054,
      "item2": 3280,
      "item3": 3035,
      "item4": 3082,
      "item5": 1042,
      "item6": 3340,
      "sightWardsBought": 1,
      "magicDamageDealtToChampions": 2119,
      "physicalDamageDealtToChampions": 14260,
      "totalDamageDealtToChampions": 18088,
      "trueDamageDealtPlayer": 1869,
      "trueDamageDealtToChampions": 1709,
      "trueDamageTaken": 288,
      "wardPlaced": 9,
      "neutralMinionsKilledYourJungle": 10,
      "totalTimeCrowdControlDealt": 517
    }
  },
  "36245172": {
    "gameId": 817260632,
    "invalid": false,
    "gameMode": "CLASSIC",
    "gameType": "MATCHED_GAME",
    "subType": "CAP_5x5",
    "mapId": 1,
    "teamId": 100,
    "championId": 76,
    "spell1": 7,
    "spell2": 4,
    "level": 30,
    "ipEarned": 244,
    "createDate": 1398242905361,
    "fellowPlayers": [
      {
        "summonerId": 38133529,
        "teamId": 200,
        "championId": 5
      },
      {
        "summonerId": 30705223,
        "teamId": 100,
        "championId": 75
      },
      {
        "summonerId": 36634532,
        "teamId": 200,
        "championId": 119
      },
      {
        "summonerId": 37581057,
        "teamId": 100,
        "championId": 81
      },
      {
        "summonerId": 39785507,
        "teamId": 200,
        "championId": 267
      },
      {
        "summonerId": 37247872,
        "teamId": 200,
        "championId": 103
      },
      {
        "summonerId": 23994788,
        "teamId": 200,
        "championId": 19
      },
      {
        "summonerId": 26936240,
        "teamId": 100,
        "championId": 117
      },
      {
        "summonerId": 35278523,
        "teamId": 100,
        "championId": 24
      }
    ],
    "stats": {
      "level": 17,
      "goldEarned": 12219,
      "numDeaths": 1,
      "turretsKilled": 1,
      "minionsKilled": 230,
      "championsKilled": 5,
      "goldSpent": 9005,
      "totalDamageDealt": 154242,
      "totalDamageTaken": 13989,
      "killingSprees": 1,
      "largestKillingSpree": 4,
      "team": 100,
      "win": true,
      "neutralMinionsKilled": 8,
      "largestMultiKill": 1,
      "physicalDamageDealtPlayer": 41223,
      "magicDamageDealtPlayer": 112622,
      "physicalDamageTaken": 6423,
      "magicDamageTaken": 5469,
      "timePlayed": 2039,
      "totalHeal": 10343,
      "totalUnitsHealed": 4,
      "assists": 1,
      "item0": 1056,
      "item1": 3089,
      "item2": 3020,
      "item3": 3135,
      "item4": 3028,
      "item5": 3108,
      "item6": 3340,
      "magicDamageDealtToChampions": 22565,
      "physicalDamageDealtToChampions": 1198,
      "totalDamageDealtToChampions": 23764,
      "trueDamageDealtPlayer": 396,
      "trueDamageTaken": 2097,
      "wardPlaced": 4,
      "neutralMinionsKilledEnemyJungle": 1,
      "neutralMinionsKilledYourJungle": 7,
      "totalTimeCrowdControlDealt": 81
    }
  },
  "36634532": {
    "gameId": 817260632,
    "invalid": false,
    "gameMode": "CLASSIC",
    "gameType": "MATCHED_GAME",
    "subType": "CAP_5x5",
    "mapId": 1,
    "teamId": 200,
    "championId": 119,
    "spell1": 4,
    "spell2": 7,
    "level": 30,
    "ipEarned": 62,
    "createDate": 1398242905371,
    "fellowPlayers": [
      {
        "summonerId": 38133529,
        "teamId": 200,
        "championId": 5
      },
      {
        "summonerId": 30705223,
        "teamId": 100,
        "championId": 75
      },
      {
        "summonerId": 37581057,
        "teamId": 100,
        "championId": 81
      },
      {
        "summonerId": 39785507,
        "teamId": 200,
        "championId": 267
      },
      {
        "summonerId": 37247872,
        "teamId": 200,
        "championId": 103
      },
      {
        "summonerId": 23994788,
        "teamId": 200,
        "championId": 19
      },
      {
        "summonerId": 36245172,
        "teamId": 100,
        "championId": 76
      },
      {
        "summonerId": 26936240,
        "teamId": 100,
        "championId": 117
      },
      {
        "summonerId": 35278523,
        "teamId": 100,
        "championId": 24
      }
    ],
    "stats": {
      "level": 13,
      "goldEarned": 9053,
      "numDeaths": 8,
      "minionsKilled": 120,
      "championsKilled": 6,
      "goldSpent": 8990,
      "totalDamageDealt": 99483,
      "totalDamageTaken": 27992,
      "doubleKills": 2,
      "killingSprees": 1,
      "largestKillingSpree": 6,
      "team": 200,
      "win": false,
      "neutralMinionsKilled": 7,
      "largestMultiKill": 2,
      "physicalDamageDealtPlayer": 97816,
      "magicDamageDealtPlayer": 1667,
      "physicalDamageTaken": 16554,
      "magicDamageTaken": 11302,
      "largestCriticalStrike": 921,
      "timePlayed": 2039,
      "totalHeal": 2896,
      "totalUnitsHealed": 4,
      "assists": 1,
      "item0": 3031,
      "item1": 1055,
      "item2": 1055,
      "item3": 3072,
      "item4": 3006,
      "item6": 3340,
      "magicDamageDealtToChampions": 1335,
      "physicalDamageDealtToChampions": 18183,
      "totalDamageDealtToChampions": 19518,
      "trueDamageTaken": 136,
      "wardKilled": 1,
      "wardPlaced": 2,
      "neutralMinionsKilledEnemyJungle": 4,
      "neutralMinionsKilledYourJungle": 3,
      "totalTimeCrowdControlDealt": 107
    }
  },
  "30705223": {
    "gameId": 817260632,
    "invalid": false,
    "gameMode": "CLASSIC",
    "gameType": "MATCHED_GAME",
    "subType": "CAP_5x5",
    "mapId": 1,
    "teamId": 100,
    "championId": 75,
    "spell1": 4,
    "spell2": 12,
    "level": 30,
    "ipEarned": 244,
    "createDate": 1398242905362,
    "fellowPlayers": [
      {
        "summonerId": 38133529,
        "teamId": 200,
        "championId": 5
      },
      {
        "summonerId": 36634532,
        "teamId": 200,
        "championId": 119
      },
      {
        "summonerId": 37581057,
        "teamId": 100,
        "championId": 81
      },
      {
        "summonerId": 39785507,
        "teamId": 200,
        "championId": 267
      },
      {
        "summonerId": 37247872,
        "teamId": 200,
        "championId": 103
      },
      {
        "summonerId": 23994788,
        "teamId": 200,
        "championId": 19
      },
      {
        "summonerId": 36245172,
        "teamId": 100,
        "championId": 76
      },
      {
        "summonerId": 26936240,
        "teamId": 100,
        "championId": 117
      },
      {
        "summonerId": 35278523,
        "teamId": 100,
        "championId": 24
      }
    ],
    "stats": {
      "level": 16,
      "goldEarned": 12551,
      "numDeaths": 2,
      "turretsKilled": 5,
      "minionsKilled": 206,
      "championsKilled": 6,
      "goldSpent": 11283,
      "totalDamageDealt": 148771,
      "totalDamageTaken": 27943,
      "doubleKills": 1,
      "killingSprees": 2,
      "largestKillingSpree": 4,
      "team": 100,
      "win": true,
      "neutralMinionsKilled": 10,
      "largestMultiKill": 2,
      "physicalDamageDealtPlayer": 128057,
      "magicDamageDealtPlayer": 20713,
      "physicalDamageTaken": 16819,
      "magicDamageTaken": 9714,
      "largestCriticalStrike": 230,
      "timePlayed": 2039,
      "assists": 4,
      "item0": 1054,
      "item1": 3143,
      "item2": 3110,
      "item3": 3078,
      "item4": 1028,
      "item5": 1011,
      "item6": 3340,
      "magicDamageDealtToChampions": 8243,
      "physicalDamageDealtToChampions": 19352,
      "totalDamageDealtToChampions": 27595,
      "trueDamageTaken": 1409,
      "wardPlaced": 7,
      "neutralMinionsKilledEnemyJungle": 10,
      "totalTimeCrowdControlDealt": 2121
    }
  },
  "35278523": {
    "gameId": 817260632,
    "invalid": false,
    "gameMode": "CLASSIC",
    "gameType": "MATCHED_GAME",
    "subType": "CAP_5x5",
    "mapId": 1,
    "teamId": 100,
    "championId": 24,
    "spell1": 11,
    "spell2": 4,
    "level": 30,
    "ipEarned": 244,
    "createDate": 1398242905367,
    "fellowPlayers": [
      {
        "summonerId": 38133529,
        "teamId": 200,
        "championId": 5
      },
      {
        "summonerId": 30705223,
        "teamId": 100,
        "championId": 75
      },
      {
        "summonerId": 36634532,
        "teamId": 200,
        "championId": 119
      },
      {
        "summonerId": 37581057,
        "teamId": 100,
        "championId": 81
      },
      {
        "summonerId": 39785507,
        "teamId": 200,
        "championId": 267
      },
      {
        "summonerId": 37247872,
        "teamId": 200,
        "championId": 103
      },
      {
        "summonerId": 23994788,
        "teamId": 200,
        "championId": 19
      },
      {
        "summonerId": 36245172,
        "teamId": 100,
        "championId": 76
      },
      {
        "summonerId": 26936240,
        "teamId": 100,
        "championId": 117
      }
    ],
    "stats": {
      "level": 16,
      "goldEarned": 11681,
      "numDeaths": 4,
      "barracksKilled": 1,
      "minionsKilled": 32,
      "championsKilled": 7,
      "goldSpent": 8858,
      "totalDamageDealt": 140502,
      "totalDamageTaken": 27211,
      "doubleKills": 2,
      "killingSprees": 2,
      "largestKillingSpree": 3,
      "team": 100,
      "win": true,
      "neutralMinionsKilled": 79,
      "largestMultiKill": 2,
      "physicalDamageDealtPlayer": 95062,
      "magicDamageDealtPlayer": 31291,
      "physicalDamageTaken": 18298,
      "magicDamageTaken": 8093,
      "largestCriticalStrike": 442,
      "timePlayed": 2039,
      "totalHeal": 2629,
      "totalUnitsHealed": 1,
      "assists": 6,
      "item0": 1055,
      "item1": 3146,
      "item2": 3047,
      "item3": 3078,
      "item6": 3340,
      "magicDamageDealtToChampions": 6429,
      "physicalDamageDealtToChampions": 12010,
      "totalDamageDealtToChampions": 19097,
      "trueDamageDealtPlayer": 14148,
      "trueDamageDealtToChampions": 658,
      "trueDamageTaken": 819,
      "wardPlaced": 9,
      "neutralMinionsKilledEnemyJungle": 23,
      "neutralMinionsKilledYourJungle": 56,
      "totalTimeCrowdControlDealt": 721
    }
  },
  "37581057": {
    "gameId": 817260632,
    "invalid": false,
    "gameMode": "CLASSIC",
    "gameType": "MATCHED_GAME",
    "subType": "CAP_5x5",
    "mapId": 1,
    "teamId": 100,
    "championId": 81,
    "spell1": 4,
    "spell2": 7,
    "level": 30,
    "ipEarned": 390,
    "createDate": 1398242905364,
    "fellowPlayers": [
      {
        "summonerId": 38133529,
        "teamId": 200,
        "championId": 5
      },
      {
        "summonerId": 30705223,
        "teamId": 100,
        "championId": 75
      },
      {
        "summonerId": 36634532,
        "teamId": 200,
        "championId": 119
      },
      {
        "summonerId": 39785507,
        "teamId": 200,
        "championId": 267
      },
      {
        "summonerId": 37247872,
        "teamId": 200,
        "championId": 103
      },
      {
        "summonerId": 23994788,
        "teamId": 200,
        "championId": 19
      },
      {
        "summonerId": 36245172,
        "teamId": 100,
        "championId": 76
      },
      {
        "summonerId": 26936240,
        "teamId": 100,
        "championId": 117
      },
      {
        "summonerId": 35278523,
        "teamId": 100,
        "championId": 24
      }
    ],
    "stats": {
      "level": 15,
      "goldEarned": 12222,
      "numDeaths": 6,
      "barracksKilled": 1,
      "turretsKilled": 1,
      "minionsKilled": 189,
      "championsKilled": 6,
      "goldSpent": 12858,
      "totalDamageDealt": 122382,
      "totalDamageTaken": 24342,
      "doubleKills": 1,
      "killingSprees": 2,
      "largestKillingSpree": 3,
      "team": 100,
      "win": true,
      "neutralMinionsKilled": 6,
      "largestMultiKill": 2,
      "physicalDamageDealtPlayer": 85462,
      "magicDamageDealtPlayer": 36920,
      "physicalDamageTaken": 17025,
      "magicDamageTaken": 7139,
      "timePlayed": 2039,
      "totalHeal": 2349,
      "totalUnitsHealed": 2,
      "assists": 7,
      "item0": 1055,
      "item1": 3078,
      "item2": 3280,
      "item3": 3072,
      "item4": 1038,
      "item5": 1037,
      "item6": 3340,
      "magicDamageDealtToChampions": 5269,
      "physicalDamageDealtToChampions": 14009,
      "totalDamageDealtToChampions": 19279,
      "trueDamageTaken": 178,
      "wardPlaced": 9,
      "neutralMinionsKilledEnemyJungle": 3,
      "neutralMinionsKilledYourJungle": 3
    }
  },
  "39785507": {
    "gameId": 817260632,
    "invalid": false,
    "gameMode": "CLASSIC",
    "gameType": "MATCHED_GAME",
    "subType": "CAP_5x5",
    "mapId": 1,
    "teamId": 200,
    "championId": 267,
    "spell1": 4,
    "spell2": 7,
    "level": 30,
    "ipEarned": 62,
    "createDate": 1398242905372,
    "fellowPlayers": [
      {
        "summonerId": 38133529,
        "teamId": 200,
        "championId": 5
      },
      {
        "summonerId": 30705223,
        "teamId": 100,
        "championId": 75
      },
      {
        "summonerId": 36634532,
        "teamId": 200,
        "championId": 119
      },
      {
        "summonerId": 37581057,
        "teamId": 100,
        "championId": 81
      },
      {
        "summonerId": 37247872,
        "teamId": 200,
        "championId": 103
      },
      {
        "summonerId": 23994788,
        "teamId": 200,
        "championId": 19
      },
      {
        "summonerId": 36245172,
        "teamId": 100,
        "championId": 76
      },
      {
        "summonerId": 26936240,
        "teamId": 100,
        "championId": 117
      },
      {
        "summonerId": 35278523,
        "teamId": 100,
        "championId": 24
      }
    ],
    "stats": {
      "level": 12,
      "goldEarned": 7657,
      "numDeaths": 7,
      "minionsKilled": 12,
      "goldSpent": 7295,
      "totalDamageDealt": 15781,
      "totalDamageTaken": 17600,
      "team": 200,
      "win": false,
      "physicalDamageDealtPlayer": 4720,
      "magicDamageDealtPlayer": 11060,
      "physicalDamageTaken": 11007,
      "magicDamageTaken": 6504,
      "timePlayed": 2039,
      "totalHeal": 7609,
      "totalUnitsHealed": 5,
      "assists": 9,
      "item0": 3092,
      "item1": 2049,
      "item2": 3174,
      "item3": 3117,
      "item4": 2004,
      "item5": 1028,
      "item6": 3341,
      "sightWardsBought": 2,
      "visionWardsBought": 1,
      "magicDamageDealtToChampions": 6161,
      "physicalDamageDealtToChampions": 1492,
      "totalDamageDealtToChampions": 7653,
      "trueDamageTaken": 88,
      "wardPlaced": 10,
      "totalTimeCrowdControlDealt": 139
    }
  },
  "26936240": {
    "gameId": 817260632,
    "invalid": false,
    "gameMode": "CLASSIC",
    "gameType": "MATCHED_GAME",
    "subType": "CAP_5x5",
    "mapId": 1,
    "teamId": 100,
    "championId": 117,
    "spell1": 7,
    "spell2": 4,
    "level": 30,
    "ipEarned": 244,
    "createDate": 1398242905365,
    "fellowPlayers": [
      {
        "summonerId": 38133529,
        "teamId": 200,
        "championId": 5
      },
      {
        "summonerId": 30705223,
        "teamId": 100,
        "championId": 75
      },
      {
        "summonerId": 36634532,
        "teamId": 200,
        "championId": 119
      },
      {
        "summonerId": 37581057,
        "teamId": 100,
        "championId": 81
      },
      {
        "summonerId": 39785507,
        "teamId": 200,
        "championId": 267
      },
      {
        "summonerId": 37247872,
        "teamId": 200,
        "championId": 103
      },
      {
        "summonerId": 23994788,
        "teamId": 200,
        "championId": 19
      },
      {
        "summonerId": 36245172,
        "teamId": 100,
        "championId": 76
      },
      {
        "summonerId": 35278523,
        "teamId": 100,
        "championId": 24
      }
    ],
    "stats": {
      "level": 15,
      "goldEarned": 10828,
      "numDeaths": 2,
      "turretsKilled": 1,
      "minionsKilled": 30,
      "championsKilled": 2,
      "goldSpent": 7755,
      "totalDamageDealt": 38105,
      "totalDamageTaken": 16923,
      "killingSprees": 1,
      "largestKillingSpree": 2,
      "team": 100,
      "win": true,
      "neutralMinionsKilled": 1,
      "largestMultiKill": 1,
      "physicalDamageDealtPlayer": 9489,
      "magicDamageDealtPlayer": 28179,
      "physicalDamageTaken": 11373,
      "magicDamageTaken": 4611,
      "timePlayed": 2039,
      "totalHeal": 2761,
      "totalUnitsHealed": 4,
      "assists": 15,
      "item0": 3222,
      "item1": 3190,
      "item2": 2045,
      "item3": 3303,
      "item5": 3117,
      "item6": 3341,
      "sightWardsBought": 1,
      "visionWardsBought": 2,
      "magicDamageDealtToChampions": 8275,
      "physicalDamageDealtToChampions": 2661,
      "totalDamageDealtToChampions": 11240,
      "trueDamageDealtPlayer": 436,
      "trueDamageDealtToChampions": 304,
      "trueDamageTaken": 938,
      "wardKilled": 1,
      "wardPlaced": 22,
      "neutralMinionsKilledYourJungle": 1,
      "totalTimeCrowdControlDealt": 451
    }
  }
}