{
  "39281028": {
    "gameId": 818161250,
    "invalid": false,
    "gameMode": "CLASSIC",
    "gameType": "MATCHED_GAME",
    "subType": "NORMAL",
    "mapId": 1,
    "teamId": 200,
    "championId": 62,
    "spell1": 12,
    "spell2": 11,
    "level": 30,
    "ipEarned": 55,
    "createDate": 1398242561256,
    "fellowPlayers": [
      {
        "summonerId": 28458324,
        "teamId": 200,
        "championId": 55
      },
      {
        "summonerId": 30461129,
        "teamId": 100,
        "championId": 25
      },
      {
        "summonerId": 25998424,
        "teamId": 200,
        "championId": 29
      },
      {
        "summonerId": 30911568,
        "teamId": 100,
        "championId": 238
      },
      {
        "summonerId": 37148677,
        "teamId": 200,
        "championId": 11
      },
      {
        "summonerId": 41841232,
        "teamId": 100,
        "championId": 110
      },
      {
        "summonerId": 20146709,
        "teamId": 200,
        "championId": 19
      },
      {
        "summonerId": 37196088,
        "teamId": 100,
        "championId": 54
      },
      {
        "summonerId": 36391387,
        "teamId": 100,
        "championId": 115
      }
    ],
    "stats": {
      "level": 13,
      "goldEarned": 7726,
      "numDeaths": 10,
      "minionsKilled": 58,
      "championsKilled": 3,
      "goldSpent": 7750,
      "totalDamageDealt": 76159,
      "totalDamageTaken": 22695,
      "team": 200,
      "win": false,
      "neutralMinionsKilled": 29,
      "largestMultiKill": 1,
      "physicalDamageDealtPlayer": 65398,
      "magicDamageDealtPlayer": 3254,
      "physicalDamageTaken": 13349,
      "magicDamageTaken": 8960,
      "timePlayed": 1735,
      "totalHeal": 813,
      "totalUnitsHealed": 1,
      "assists": 6,
      "item0": 3074,
      "item1": 3117,
      "item2": 3057,
      "item3": 3082,
      "item6": 3340,
      "magicDamageDealtToChampions": 478,
      "physicalDamageDealtToChampions": 13472,
      "totalDamageDealtToChampions": 13951,
      "trueDamageDealtPlayer": 7506,
      "trueDamageTaken": 386,
      "wardPlaced": 6,
      "neutralMinionsKilledEnemyJungle": 1,
      "neutralMinionsKilledYourJungle": 28,
      "totalTimeCrowdControlDealt": 86
    }
  },
  "summonerCount": 10,
  "25998424": {
    "gameId": 818161250,
    "invalid": false,
    "gameMode": "CLASSIC",
    "gameType": "MATCHED_GAME",
    "subType": "NORMAL",
    "mapId": 1,
    "teamId": 200,
    "championId": 29,
    "spell1": 7,
    "spell2": 4,
    "level": 30,
    "ipEarned": 0,
    "createDate": 1398242561255,
    "fellowPlayers": [
      {
        "summonerId": 28458324,
        "teamId": 200,
        "championId": 55
      },
      {
        "summonerId": 30461129,
        "teamId": 100,
        "championId": 25
      },
      {
        "summonerId": 30911568,
        "teamId": 100,
        "championId": 238
      },
      {
        "summonerId": 39281028,
        "teamId": 200,
        "championId": 62
      },
      {
        "summonerId": 37148677,
        "teamId": 200,
        "championId": 11
      },
      {
        "summonerId": 41841232,
        "teamId": 100,
        "championId": 110
      },
      {
        "summonerId": 20146709,
        "teamId": 200,
        "championId": 19
      },
      {
        "summonerId": 37196088,
        "teamId": 100,
        "championId": 54
      },
      {
        "summonerId": 36391387,
        "teamId": 100,
        "championId": 115
      }
    ],
    "stats": {
      "level": 6,
      "goldEarned": 5006,
      "numDeaths": 4,
      "minionsKilled": 23,
      "championsKilled": 1,
      "goldSpent": 1780,
      "totalDamageDealt": 10618,
      "totalDamageTaken": 5422,
      "team": 200,
      "win": false,
      "largestMultiKill": 1,
      "physicalDamageDealtPlayer": 9236,
      "physicalDamageTaken": 4240,
      "magicDamageTaken": 1182,
      "largestCriticalStrike": 228,
      "timePlayed": 1735,
      "totalHeal": 831,
      "totalUnitsHealed": 2,
      "assists": 1,
      "item0": 1055,
      "item1": 3093,
      "item2": 2003,
      "item3": 1042,
      "item6": 3340,
      "physicalDamageDealtToChampions": 2364,
      "totalDamageDealtToChampions": 3174,
      "trueDamageDealtPlayer": 1382,
      "trueDamageDealtToChampions": 810,
      "totalTimeCrowdControlDealt": 69
    }
  },
  "28458324": {
    "gameId": 818161250,
    "invalid": false,
    "gameMode": "CLASSIC",
    "gameType": "MATCHED_GAME",
    "subType": "NORMAL",
    "mapId": 1,
    "teamId": 200,
    "championId": 55,
    "spell1": 7,
    "spell2": 4,
    "level": 30,
    "ipEarned": 55,
    "createDate": 1398242561258,
    "fellowPlayers": [
      {
        "summonerId": 30461129,
        "teamId": 100,
        "championId": 25
      },
      {
        "summonerId": 25998424,
        "teamId": 200,
        "championId": 29
      },
      {
        "summonerId": 30911568,
        "teamId": 100,
        "championId": 238
      },
      {
        "summonerId": 39281028,
        "teamId": 200,
        "championId": 62
      },
      {
        "summonerId": 37148677,
        "teamId": 200,
        "championId": 11
      },
      {
        "summonerId": 41841232,
        "teamId": 100,
        "championId": 110
      },
      {
        "summonerId": 20146709,
        "teamId": 200,
        "championId": 19
      },
      {
        "summonerId": 37196088,
        "teamId": 100,
        "championId": 54
      },
      {
        "summonerId": 36391387,
        "teamId": 100,
        "championId": 115
      }
    ],
    "stats": {
      "level": 12,
      "goldEarned": 7787,
      "numDeaths": 10,
      "minionsKilled": 96,
      "championsKilled": 6,
      "goldSpent": 6310,
      "totalDamageDealt": 64627,
      "totalDamageTaken": 19833,
      "doubleKills": 1,
      "killingSprees": 2,
      "largestKillingSpree": 3,
      "team": 200,
      "win": false,
      "neutralMinionsKilled": 1,
      "largestMultiKill": 2,
      "physicalDamageDealtPlayer": 8495,
      "magicDamageDealtPlayer": 55988,
      "physicalDamageTaken": 12436,
      "magicDamageTaken": 7012,
      "timePlayed": 1735,
      "totalHeal": 1091,
      "totalUnitsHealed": 2,
      "assists": 2,
      "item0": 3255,
      "item1": 3191,
      "item2": 3146,
      "item6": 3340,
      "magicDamageDealtToChampions": 11138,
      "physicalDamageDealtToChampions": 984,
      "totalDamageDealtToChampions": 12266,
      "trueDamageDealtPlayer": 144,
      "trueDamageDealtToChampions": 144,
      "trueDamageTaken": 384,
      "wardPlaced": 2,
      "neutralMinionsKilledYourJungle": 1,
      "totalTimeCrowdControlDealt": 31
    }
  },
  "37196088": {
    "gameId": 818161250,
    "invalid": false,
    "gameMode": "CLASSIC",
    "gameType": "MATCHED_GAME",
    "subType": "NORMAL",
    "mapId": 1,
    "teamId": 100,
    "championId": 54,
    "spell1": 11,
    "spell2": 4,
    "level": 30,
    "ipEarned": 232,
    "createDate": 1398242561251,
    "fellowPlayers": [
      {
        "summonerId": 28458324,
        "teamId": 200,
        "championId": 55
      },
      {
        "summonerId": 30461129,
        "teamId": 100,
        "championId": 25
      },
      {
        "summonerId": 25998424,
        "teamId": 200,
        "championId": 29
      },
      {
        "summonerId": 30911568,
        "teamId": 100,
        "championId": 238
      },
      {
        "summonerId": 39281028,
        "teamId": 200,
        "championId": 62
      },
      {
        "summonerId": 37148677,
        "teamId": 200,
        "championId": 11
      },
      {
        "summonerId": 41841232,
        "teamId": 100,
        "championId": 110
      },
      {
        "summonerId": 20146709,
        "teamId": 200,
        "championId": 19
      },
      {
        "summonerId": 36391387,
        "teamId": 100,
        "championId": 115
      }
    ],
    "stats": {
      "level": 13,
      "goldEarned": 8586,
      "numDeaths": 6,
      "minionsKilled": 16,
      "championsKilled": 7,
      "goldSpent": 8185,
      "totalDamageDealt": 56683,
      "totalDamageTaken": 15736,
      "killingSprees": 2,
      "largestKillingSpree": 4,
      "team": 100,
      "win": true,
      "neutralMinionsKilled": 30,
      "largestMultiKill": 1,
      "physicalDamageDealtPlayer": 24064,
      "magicDamageDealtPlayer": 26375,
      "physicalDamageTaken": 12206,
      "magicDamageTaken": 2945,
      "timePlayed": 1735,
      "totalHeal": 1048,
      "totalUnitsHealed": 1,
      "assists": 8,
      "item0": 3207,
      "item1": 3025,
      "item2": 1031,
      "item3": 1001,
      "item4": 1029,
      "magicDamageDealtToChampions": 7640,
      "physicalDamageDealtToChampions": 3182,
      "totalDamageDealtToChampions": 11501,
      "trueDamageDealtPlayer": 6244,
      "trueDamageDealtToChampions": 678,
      "trueDamageTaken": 585,
      "neutralMinionsKilledEnemyJungle": 8,
      "neutralMinionsKilledYourJungle": 22,
      "totalTimeCrowdControlDealt": 782
    }
  },
  "36391387": {
    "gameId": 818161250,
    "invalid": false,
    "gameMode": "CLASSIC",
    "gameType": "MATCHED_GAME",
    "subType": "NORMAL",
    "mapId": 1,
    "teamId": 100,
    "championId": 115,
    "spell1": 14,
    "spell2": 4,
    "level": 30,
    "ipEarned": 82,
    "createDate": 1398242561249,
    "fellowPlayers": [
      {
        "summonerId": 28458324,
        "teamId": 200,
        "championId": 55
      },
      {
        "summonerId": 30461129,
        "teamId": 100,
        "championId": 25
      },
      {
        "summonerId": 25998424,
        "teamId": 200,
        "championId": 29
      },
      {
        "summonerId": 30911568,
        "teamId": 100,
        "championId": 238
      },
      {
        "summonerId": 39281028,
        "teamId": 200,
        "championId": 62
      },
      {
        "summonerId": 37148677,
        "teamId": 200,
        "championId": 11
      },
      {
        "summonerId": 41841232,
        "teamId": 100,
        "championId": 110
      },
      {
        "summonerId": 20146709,
        "teamId": 200,
        "championId": 19
      },
      {
        "summonerId": 37196088,
        "teamId": 100,
        "championId": 54
      }
    ],
    "stats": {
      "level": 14,
      "goldEarned": 9954,
      "numDeaths": 5,
      "barracksKilled": 1,
      "turretsKilled": 2,
      "minionsKilled": 111,
      "championsKilled": 4,
      "goldSpent": 9080,
      "totalDamageDealt": 95800,
      "totalDamageTaken": 14305,
      "killingSprees": 1,
      "largestKillingSpree": 2,
      "team": 100,
      "win": true,
      "neutralMinionsKilled": 8,
      "largestMultiKill": 1,
      "physicalDamageDealtPlayer": 19549,
      "magicDamageDealtPlayer": 75150,
      "physicalDamageTaken": 7867,
      "magicDamageTaken": 5819,
      "timePlayed": 1735,
      "totalHeal": 287,
      "totalUnitsHealed": 1,
      "assists": 13,
      "item0": 3100,
      "item1": 3174,
      "item2": 3020,
      "item3": 3108,
      "item6": 3340,
      "magicDamageDealtToChampions": 16317,
      "physicalDamageDealtToChampions": 2528,
      "totalDamageDealtToChampions": 19457,
      "trueDamageDealtPlayer": 1100,
      "trueDamageDealtToChampions": 612,
      "trueDamageTaken": 618,
      "neutralMinionsKilledYourJungle": 8,
      "totalTimeCrowdControlDealt": 302
    }
  },
  "30911568": {
    "gameId": 818161250,
    "invalid": false,
    "gameMode": "CLASSIC",
    "gameType": "MATCHED_GAME",
    "subType": "NORMAL",
    "mapId": 1,
    "teamId": 100,
    "championId": 238,
    "spell1": 14,
    "spell2": 4,
    "level": 30,
    "ipEarned": 232,
    "createDate": 1398242561252,
    "fellowPlayers": [
      {
        "summonerId": 28458324,
        "teamId": 200,
        "championId": 55
      },
      {
        "summonerId": 30461129,
        "teamId": 100,
        "championId": 25
      },
      {
        "summonerId": 25998424,
        "teamId": 200,
        "championId": 29
      },
      {
        "summonerId": 39281028,
        "teamId": 200,
        "championId": 62
      },
      {
        "summonerId": 37148677,
        "teamId": 200,
        "championId": 11
      },
      {
        "summonerId": 41841232,
        "teamId": 100,
        "championId": 110
      },
      {
        "summonerId": 20146709,
        "teamId": 200,
        "championId": 19
      },
      {
        "summonerId": 37196088,
        "teamId": 100,
        "championId": 54
      },
      {
        "summonerId": 36391387,
        "teamId": 100,
        "championId": 115
      }
    ],
    "stats": {
      "level": 16,
      "goldEarned": 14020,
      "numDeaths": 3,
      "barracksKilled": 1,
      "turretsKilled": 1,
      "minionsKilled": 166,
      "championsKilled": 17,
      "goldSpent": 11520,
      "totalDamageDealt": 132557,
      "totalDamageTaken": 21372,
      "doubleKills": 4,
      "tripleKills": 1,
      "killingSprees": 3,
      "largestKillingSpree": 7,
      "team": 100,
      "win": true,
      "neutralMinionsKilled": 8,
      "largestMultiKill": 3,
      "physicalDamageDealtPlayer": 124067,
      "magicDamageDealtPlayer": 6968,
      "physicalDamageTaken": 13766,
      "magicDamageTaken": 7061,
      "timePlayed": 1735,
      "totalHeal": 2073,
      "totalUnitsHealed": 1,
      "assists": 10,
      "item0": 3153,
      "item1": 3117,
      "item2": 3071,
      "item3": 3022,
      "item4": 1053,
      "item6": 3340,
      "magicDamageDealtToChampions": 1910,
      "physicalDamageDealtToChampions": 24635,
      "totalDamageDealtToChampions": 27811,
      "trueDamageDealtPlayer": 1522,
      "trueDamageDealtToChampions": 1266,
      "trueDamageTaken": 545,
      "wardPlaced": 22,
      "neutralMinionsKilledEnemyJungle": 8,
      "totalTimeCrowdControlDealt": 384
    }
  },
  "20146709": {
    "gameId": 818161250,
    "invalid": false,
    "gameMode": "CLASSIC",
    "gameType": "MATCHED_GAME",
    "subType": "NORMAL",
    "mapId": 1,
    "teamId": 200,
    "championId": 19,
    "spell1": 7,
    "spell2": 14,
    "level": 30,
    "ipEarned": 55,
    "createDate": 1398242561254,
    "fellowPlayers": [
      {
        "summonerId": 28458324,
        "teamId": 200,
        "championId": 55
      },
      {
        "summonerId": 30461129,
        "teamId": 100,
        "championId": 25
      },
      {
        "summonerId": 25998424,
        "teamId": 200,
        "championId": 29
      },
      {
        "summonerId": 30911568,
        "teamId": 100,
        "championId": 238
      },
      {
        "summonerId": 39281028,
        "teamId": 200,
        "championId": 62
      },
      {
        "summonerId": 37148677,
        "teamId": 200,
        "championId": 11
      },
      {
        "summonerId": 41841232,
        "teamId": 100,
        "championId": 110
      },
      {
        "summonerId": 37196088,
        "teamId": 100,
        "championId": 54
      },
      {
        "summonerId": 36391387,
        "teamId": 100,
        "championId": 115
      }
    ],
    "stats": {
      "level": 14,
      "goldEarned": 8321,
      "numDeaths": 12,
      "minionsKilled": 47,
      "championsKilled": 10,
      "goldSpent": 8060,
      "totalDamageDealt": 38768,
      "totalDamageTaken": 35470,
      "doubleKills": 1,
      "killingSprees": 2,
      "largestKillingSpree": 3,
      "team": 200,
      "win": false,
      "largestMultiKill": 2,
      "physicalDamageDealtPlayer": 14110,
      "magicDamageDealtPlayer": 23415,
      "physicalDamageTaken": 21174,
      "magicDamageTaken": 13045,
      "timePlayed": 1735,
      "totalHeal": 9979,
      "totalUnitsHealed": 3,
      "assists": 2,
      "item0": 3075,
      "item1": 3211,
      "item2": 3068,
      "item3": 3111,
      "item4": 1028,
      "item6": 3340,
      "magicDamageDealtToChampions": 12261,
      "physicalDamageDealtToChampions": 2280,
      "totalDamageDealtToChampions": 15783,
      "trueDamageDealtPlayer": 1242,
      "trueDamageDealtToChampions": 1242,
      "trueDamageTaken": 1250,
      "totalTimeCrowdControlDealt": 22
    }
  },
  "37148677": {
    "gameId": 818161250,
    "invalid": false,
    "gameMode": "CLASSIC",
    "gameType": "MATCHED_GAME",
    "subType": "NORMAL",
    "mapId": 1,
    "teamId": 200,
    "championId": 11,
    "spell1": 14,
    "spell2": 4,
    "level": 30,
    "ipEarned": 55,
    "createDate": 1398242561253,
    "fellowPlayers": [
      {
        "summonerId": 28458324,
        "teamId": 200,
        "championId": 55
      },
      {
        "summonerId": 30461129,
        "teamId": 100,
        "championId": 25
      },
      {
        "summonerId": 25998424,
        "teamId": 200,
        "championId": 29
      },
      {
        "summonerId": 30911568,
        "teamId": 100,
        "championId": 238
      },
      {
        "summonerId": 39281028,
        "teamId": 200,
        "championId": 62
      },
      {
        "summonerId": 41841232,
        "teamId": 100,
        "championId": 110
      },
      {
        "summonerId": 20146709,
        "teamId": 200,
        "championId": 19
      },
      {
        "summonerId": 37196088,
        "teamId": 100,
        "championId": 54
      },
      {
        "summonerId": 36391387,
        "teamId": 100,
        "championId": 115
      }
    ],
    "stats": {
      "level": 16,
      "goldEarned": 7383,
      "numDeaths": 9,
      "turretsKilled": 1,
      "minionsKilled": 81,
      "championsKilled": 3,
      "goldSpent": 6920,
      "totalDamageDealt": 91772,
      "totalDamageTaken": 30046,
      "team": 200,
      "win": false,
      "neutralMinionsKilled": 9,
      "largestMultiKill": 1,
      "physicalDamageDealtPlayer": 88586,
      "physicalDamageTaken": 17514,
      "magicDamageTaken": 11912,
      "largestCriticalStrike": 696,
      "timePlayed": 1735,
      "totalHeal": 3965,
      "totalUnitsHealed": 1,
      "assists": 6,
      "item0": 3074,
      "item1": 1018,
      "item2": 3006,
      "item3": 1037,
      "item4": 1053,
      "item6": 3340,
      "physicalDamageDealtToChampions": 9885,
      "totalDamageDealtToChampions": 11356,
      "trueDamageDealtPlayer": 3186,
      "trueDamageDealtToChampions": 1471,
      "trueDamageTaken": 620,
      "wardPlaced": 4,
      "neutralMinionsKilledYourJungle": 9,
      "totalTimeCrowdControlDealt": 78
    }
  },
  "41841232": {
    "gameId": 818161250,
    "invalid": false,
    "gameMode": "CLASSIC",
    "gameType": "MATCHED_GAME",
    "subType": "NORMAL",
    "mapId": 1,
    "teamId": 100,
    "championId": 110,
    "spell1": 4,
    "spell2": 21,
    "level": 30,
    "ipEarned": 82,
    "createDate": 1398242561250,
    "fellowPlayers": [
      {
        "summonerId": 28458324,
        "teamId": 200,
        "championId": 55
      },
      {
        "summonerId": 30461129,
        "teamId": 100,
        "championId": 25
      },
      {
        "summonerId": 25998424,
        "teamId": 200,
        "championId": 29
      },
      {
        "summonerId": 30911568,
        "teamId": 100,
        "championId": 238
      },
      {
        "summonerId": 39281028,
        "teamId": 200,
        "championId": 62
      },
      {
        "summonerId": 37148677,
        "teamId": 200,
        "championId": 11
      },
      {
        "summonerId": 20146709,
        "teamId": 200,
        "championId": 19
      },
      {
        "summonerId": 37196088,
        "teamId": 100,
        "championId": 54
      },
      {
        "summonerId": 36391387,
        "teamId": 100,
        "championId": 115
      }
    ],
    "stats": {
      "level": 14,
      "goldEarned": 12491,
      "numDeaths": 6,
      "barracksKilled": 1,
      "turretsKilled": 2,
      "minionsKilled": 119,
      "championsKilled": 13,
      "goldSpent": 11890,
      "totalDamageDealt": 93033,
      "totalDamageTaken": 16766,
      "doubleKills": 2,
      "killingSprees": 3,
      "largestKillingSpree": 6,
      "team": 100,
      "win": true,
      "neutralMinionsKilled": 6,
      "largestMultiKill": 2,
      "physicalDamageDealtPlayer": 82670,
      "magicDamageDealtPlayer": 10111,
      "physicalDamageTaken": 11468,
      "magicDamageTaken": 4513,
      "largestCriticalStrike": 711,
      "timePlayed": 1735,
      "totalHeal": 1360,
      "totalUnitsHealed": 1,
      "assists": 11,
      "item0": 3031,
      "item1": 3006,
      "item2": 3072,
      "item3": 3087,
      "item4": 1037,
      "item6": 3340,
      "magicDamageDealtToChampions": 4028,
      "physicalDamageDealtToChampions": 16983,
      "totalDamageDealtToChampions": 21096,
      "trueDamageDealtPlayer": 252,
      "trueDamageDealtToChampions": 84,
      "trueDamageTaken": 785,
      "wardPlaced": 7,
      "neutralMinionsKilledEnemyJungle": 1,
      "neutralMinionsKilledYourJungle": 5,
      "totalTimeCrowdControlDealt": 285
    }
  },
  "39281028": {
    "gameId": 818161250,
    "invalid": false,
    "gameMode": "CLASSIC",
    "gameType": "MATCHED_GAME",
    "subType": "NORMAL",
    "mapId": 1,
    "teamId": 200,
    "championId": 62,
    "spell1": 12,
    "spell2": 11,
    "level": 30,
    "ipEarned": 55,
    "createDate": 1398242561256,
    "fellowPlayers": [
      {
        "summonerId": 28458324,
        "teamId": 200,
        "championId": 55
      },
      {
        "summonerId": 30461129,
        "teamId": 100,
        "championId": 25
      },
      {
        "summonerId": 25998424,
        "teamId": 200,
        "championId": 29
      },
      {
        "summonerId": 30911568,
        "teamId": 100,
        "championId": 238
      },
      {
        "summonerId": 37148677,
        "teamId": 200,
        "championId": 11
      },
      {
        "summonerId": 41841232,
        "teamId": 100,
        "championId": 110
      },
      {
        "summonerId": 20146709,
        "teamId": 200,
        "championId": 19
      },
      {
        "summonerId": 37196088,
        "teamId": 100,
        "championId": 54
      },
      {
        "summonerId": 36391387,
        "teamId": 100,
        "championId": 115
      }
    ],
    "stats": {
      "level": 13,
      "goldEarned": 7726,
      "numDeaths": 10,
      "minionsKilled": 58,
      "championsKilled": 3,
      "goldSpent": 7750,
      "totalDamageDealt": 76159,
      "totalDamageTaken": 22695,
      "team": 200,
      "win": false,
      "neutralMinionsKilled": 29,
      "largestMultiKill": 1,
      "physicalDamageDealtPlayer": 65398,
      "magicDamageDealtPlayer": 3254,
      "physicalDamageTaken": 13349,
      "magicDamageTaken": 8960,
      "timePlayed": 1735,
      "totalHeal": 813,
      "totalUnitsHealed": 1,
      "assists": 6,
      "item0": 3074,
      "item1": 3117,
      "item2": 3057,
      "item3": 3082,
      "item6": 3340,
      "magicDamageDealtToChampions": 478,
      "physicalDamageDealtToChampions": 13472,
      "totalDamageDealtToChampions": 13951,
      "trueDamageDealtPlayer": 7506,
      "trueDamageTaken": 386,
      "wardPlaced": 6,
      "neutralMinionsKilledEnemyJungle": 1,
      "neutralMinionsKilledYourJungle": 28,
      "totalTimeCrowdControlDealt": 86
    }
  }
}