{
  "31167247": {
    "gameId": 818169964,
    "invalid": false,
    "gameMode": "CLASSIC",
    "gameType": "MATCHED_GAME",
    "subType": "RANKED_SOLO_5x5",
    "mapId": 1,
    "teamId": 100,
    "championId": 96,
    "spell1": 4,
    "spell2": 7,
    "level": 30,
    "ipEarned": 75,
    "createDate": 1398243898079,
    "fellowPlayers": [
      {
        "summonerId": 32423882,
        "teamId": 200,
        "championId": 412
      },
      {
        "summonerId": 28357937,
        "teamId": 200,
        "championId": 64
      },
      {
        "summonerId": 29416062,
        "teamId": 100,
        "championId": 76
      },
      {
        "summonerId": 35802094,
        "teamId": 100,
        "championId": 98
      },
      {
        "summonerId": 31878847,
        "teamId": 200,
        "championId": 19
      },
      {
        "summonerId": 43934780,
        "teamId": 100,
        "championId": 63
      },
      {
        "summonerId": 26872317,
        "teamId": 100,
        "championId": 238
      },
      {
        "summonerId": 21592053,
        "teamId": 200,
        "championId": 99
      },
      {
        "summonerId": 43101474,
        "teamId": 200,
        "championId": 110
      }
    ],
    "stats": {
      "level": 18,
      "goldEarned": 14813,
      "numDeaths": 11,
      "turretsKilled": 1,
      "minionsKilled": 184,
      "championsKilled": 12,
      "goldSpent": 15475,
      "totalDamageDealt": 196127,
      "totalDamageTaken": 37054,
      "doubleKills": 4,
      "killingSprees": 3,
      "largestKillingSpree": 4,
      "team": 100,
      "win": false,
      "neutralMinionsKilled": 45,
      "largestMultiKill": 2,
      "physicalDamageDealtPlayer": 133306,
      "magicDamageDealtPlayer": 52715,
      "physicalDamageTaken": 21599,
      "magicDamageTaken": 14777,
      "largestCriticalStrike": 583,
      "timePlayed": 2538,
      "totalHeal": 4547,
      "totalUnitsHealed": 3,
      "assists": 6,
      "item0": 3153,
      "item1": 1011,
      "item2": 3140,
      "item3": 3031,
      "item4": 3250,
      "item5": 3046,
      "item6": 3340,
      "magicDamageDealtToChampions": 19456,
      "physicalDamageDealtToChampions": 16579,
      "totalDamageDealtToChampions": 42066,
      "trueDamageDealtPlayer": 10106,
      "trueDamageDealtToChampions": 6030,
      "trueDamageTaken": 678,
      "wardKilled": 2,
      "wardPlaced": 5,
      "neutralMinionsKilledYourJungle": 45,
      "totalTimeCrowdControlDealt": 817
    }
  },
  "summonerCount": 10,
  "35802094": {
    "gameId": 818169964,
    "invalid": false,
    "gameMode": "CLASSIC",
    "gameType": "MATCHED_GAME",
    "subType": "RANKED_SOLO_5x5",
    "mapId": 1,
    "teamId": 100,
    "championId": 98,
    "spell1": 14,
    "spell2": 4,
    "level": 30,
    "ipEarned": 75,
    "createDate": 1398243898081,
    "fellowPlayers": [
      {
        "summonerId": 32423882,
        "teamId": 200,
        "championId": 412
      },
      {
        "summonerId": 28357937,
        "teamId": 200,
        "championId": 64
      },
      {
        "summonerId": 29416062,
        "teamId": 100,
        "championId": 76
      },
      {
        "summonerId": 31167247,
        "teamId": 100,
        "championId": 96
      },
      {
        "summonerId": 31878847,
        "teamId": 200,
        "championId": 19
      },
      {
        "summonerId": 43934780,
        "teamId": 100,
        "championId": 63
      },
      {
        "summonerId": 26872317,
        "teamId": 100,
        "championId": 238
      },
      {
        "summonerId": 21592053,
        "teamId": 200,
        "championId": 99
      },
      {
        "summonerId": 43101474,
        "teamId": 200,
        "championId": 110
      }
    ],
    "stats": {
      "level": 17,
      "goldEarned": 10408,
      "numDeaths": 8,
      "minionsKilled": 129,
      "championsKilled": 4,
      "goldSpent": 9518,
      "totalDamageDealt": 74075,
      "totalDamageTaken": 34524,
      "killingSprees": 1,
      "largestKillingSpree": 2,
      "team": 100,
      "win": false,
      "neutralMinionsKilled": 7,
      "largestMultiKill": 1,
      "physicalDamageDealtPlayer": 36999,
      "magicDamageDealtPlayer": 35910,
      "physicalDamageTaken": 16603,
      "magicDamageTaken": 17325,
      "largestCriticalStrike": 353,
      "timePlayed": 2538,
      "totalHeal": 2301,
      "totalUnitsHealed": 1,
      "assists": 6,
      "item0": 3078,
      "item1": 3068,
      "item2": 1011,
      "item3": 1054,
      "item4": 3047,
      "item6": 3340,
      "sightWardsBought": 1,
      "magicDamageDealtToChampions": 7608,
      "physicalDamageDealtToChampions": 3235,
      "totalDamageDealtToChampions": 12009,
      "trueDamageDealtPlayer": 1165,
      "trueDamageDealtToChampions": 1165,
      "trueDamageTaken": 596,
      "wardPlaced": 9,
      "neutralMinionsKilledEnemyJungle": 2,
      "neutralMinionsKilledYourJungle": 5,
      "totalTimeCrowdControlDealt": 43
    }
  },
  "31878847": {
    "gameId": 818169964,
    "invalid": false,
    "gameMode": "CLASSIC",
    "gameType": "MATCHED_GAME",
    "subType": "RANKED_SOLO_5x5",
    "mapId": 1,
    "teamId": 200,
    "championId": 19,
    "spell1": 4,
    "spell2": 11,
    "level": 30,
    "ipEarned": 115,
    "createDate": 1398243898088,
    "fellowPlayers": [
      {
        "summonerId": 32423882,
        "teamId": 200,
        "championId": 412
      },
      {
        "summonerId": 28357937,
        "teamId": 200,
        "championId": 64
      },
      {
        "summonerId": 29416062,
        "teamId": 100,
        "championId": 76
      },
      {
        "summonerId": 35802094,
        "teamId": 100,
        "championId": 98
      },
      {
        "summonerId": 31167247,
        "teamId": 100,
        "championId": 96
      },
      {
        "summonerId": 43934780,
        "teamId": 100,
        "championId": 63
      },
      {
        "summonerId": 26872317,
        "teamId": 100,
        "championId": 238
      },
      {
        "summonerId": 21592053,
        "teamId": 200,
        "championId": 99
      },
      {
        "summonerId": 43101474,
        "teamId": 200,
        "championId": 110
      }
    ],
    "stats": {
      "level": 18,
      "goldEarned": 18671,
      "numDeaths": 7,
      "turretsKilled": 1,
      "minionsKilled": 64,
      "championsKilled": 14,
      "goldSpent": 19245,
      "totalDamageDealt": 200564,
      "totalDamageTaken": 59443,
      "doubleKills": 2,
      "killingSprees": 4,
      "largestKillingSpree": 5,
      "team": 200,
      "win": true,
      "neutralMinionsKilled": 93,
      "largestMultiKill": 2,
      "physicalDamageDealtPlayer": 89813,
      "magicDamageDealtPlayer": 87959,
      "physicalDamageTaken": 33676,
      "magicDamageTaken": 23071,
      "timePlayed": 2538,
      "totalHeal": 24598,
      "totalUnitsHealed": 1,
      "assists": 21,
      "item0": 3153,
      "item1": 3160,
      "item2": 3128,
      "item3": 3068,
      "item4": 3091,
      "item5": 3116,
      "item6": 3362,
      "magicDamageDealtToChampions": 20140,
      "physicalDamageDealtToChampions": 11104,
      "totalDamageDealtToChampions": 32891,
      "trueDamageDealtPlayer": 22792,
      "trueDamageDealtToChampions": 1646,
      "trueDamageTaken": 2694,
      "wardPlaced": 21,
      "neutralMinionsKilledEnemyJungle": 20,
      "neutralMinionsKilledYourJungle": 73,
      "totalTimeCrowdControlDealt": 1109
    }
  },
  "29416062": {
    "gameId": 818169964,
    "invalid": false,
    "gameMode": "CLASSIC",
    "gameType": "MATCHED_GAME",
    "subType": "RANKED_SOLO_5x5",
    "mapId": 1,
    "teamId": 100,
    "championId": 76,
    "spell1": 3,
    "spell2": 4,
    "level": 30,
    "ipEarned": 75,
    "createDate": 1398243898082,
    "fellowPlayers": [
      {
        "summonerId": 32423882,
        "teamId": 200,
        "championId": 412
      },
      {
        "summonerId": 28357937,
        "teamId": 200,
        "championId": 64
      },
      {
        "summonerId": 35802094,
        "teamId": 100,
        "championId": 98
      },
      {
        "summonerId": 31167247,
        "teamId": 100,
        "championId": 96
      },
      {
        "summonerId": 31878847,
        "teamId": 200,
        "championId": 19
      },
      {
        "summonerId": 43934780,
        "teamId": 100,
        "championId": 63
      },
      {
        "summonerId": 26872317,
        "teamId": 100,
        "championId": 238
      },
      {
        "summonerId": 21592053,
        "teamId": 200,
        "championId": 99
      },
      {
        "summonerId": 43101474,
        "teamId": 200,
        "championId": 110
      }
    ],
    "stats": {
      "level": 16,
      "goldEarned": 13064,
      "numDeaths": 11,
      "minionsKilled": 52,
      "championsKilled": 9,
      "goldSpent": 12690,
      "totalDamageDealt": 72127,
      "totalDamageTaken": 25969,
      "doubleKills": 1,
      "killingSprees": 3,
      "largestKillingSpree": 3,
      "team": 100,
      "win": false,
      "neutralMinionsKilled": 1,
      "largestMultiKill": 2,
      "physicalDamageDealtPlayer": 8016,
      "magicDamageDealtPlayer": 64110,
      "physicalDamageTaken": 8331,
      "magicDamageTaken": 17140,
      "timePlayed": 2538,
      "totalHeal": 12723,
      "totalUnitsHealed": 5,
      "assists": 9,
      "item0": 3040,
      "item1": 3113,
      "item2": 3057,
      "item3": 3255,
      "item4": 3135,
      "item5": 3165,
      "item6": 3340,
      "sightWardsBought": 6,
      "visionWardsBought": 1,
      "magicDamageDealtToChampions": 30894,
      "physicalDamageDealtToChampions": 2154,
      "totalDamageDealtToChampions": 33048,
      "trueDamageTaken": 498,
      "wardPlaced": 15,
      "neutralMinionsKilledYourJungle": 1,
      "totalTimeCrowdControlDealt": 15
    }
  },
  "43934780": {
    "gameId": 818169964,
    "invalid": false,
    "gameMode": "CLASSIC",
    "gameType": "MATCHED_GAME",
    "subType": "RANKED_SOLO_5x5",
    "mapId": 1,
    "teamId": 100,
    "championId": 63,
    "spell1": 14,
    "spell2": 4,
    "level": 30,
    "ipEarned": 75,
    "createDate": 1398243898083,
    "fellowPlayers": [
      {
        "summonerId": 32423882,
        "teamId": 200,
        "championId": 412
      },
      {
        "summonerId": 28357937,
        "teamId": 200,
        "championId": 64
      },
      {
        "summonerId": 29416062,
        "teamId": 100,
        "championId": 76
      },
      {
        "summonerId": 35802094,
        "teamId": 100,
        "championId": 98
      },
      {
        "summonerId": 31167247,
        "teamId": 100,
        "championId": 96
      },
      {
        "summonerId": 31878847,
        "teamId": 200,
        "championId": 19
      },
      {
        "summonerId": 26872317,
        "teamId": 100,
        "championId": 238
      },
      {
        "summonerId": 21592053,
        "teamId": 200,
        "championId": 99
      },
      {
        "summonerId": 43101474,
        "teamId": 200,
        "championId": 110
      }
    ],
    "stats": {
      "level": 16,
      "goldEarned": 8636,
      "numDeaths": 13,
      "minionsKilled": 111,
      "championsKilled": 1,
      "goldSpent": 7990,
      "totalDamageDealt": 95203,
      "totalDamageTaken": 24887,
      "team": 100,
      "win": false,
      "neutralMinionsKilled": 5,
      "largestMultiKill": 1,
      "physicalDamageDealtPlayer": 17905,
      "magicDamageDealtPlayer": 76753,
      "physicalDamageTaken": 12104,
      "magicDamageTaken": 11413,
      "timePlayed": 2538,
      "assists": 6,
      "item0": 1056,
      "item1": 3111,
      "item2": 3174,
      "item3": 3151,
      "item5": 3114,
      "item6": 3340,
      "magicDamageDealtToChampions": 18457,
      "physicalDamageDealtToChampions": 647,
      "totalDamageDealtToChampions": 19648,
      "trueDamageDealtPlayer": 544,
      "trueDamageDealtToChampions": 544,
      "trueDamageTaken": 1370,
      "wardPlaced": 7,
      "neutralMinionsKilledYourJungle": 5,
      "totalTimeCrowdControlDealt": 44
    }
  },
  "32423882": {
    "gameId": 818169964,
    "invalid": false,
    "gameMode": "CLASSIC",
    "gameType": "MATCHED_GAME",
    "subType": "RANKED_SOLO_5x5",
    "mapId": 1,
    "teamId": 200,
    "championId": 412,
    "spell1": 4,
    "spell2": 7,
    "level": 30,
    "ipEarned": 265,
    "createDate": 1398243898085,
    "fellowPlayers": [
      {
        "summonerId": 28357937,
        "teamId": 200,
        "championId": 64
      },
      {
        "summonerId": 29416062,
        "teamId": 100,
        "championId": 76
      },
      {
        "summonerId": 35802094,
        "teamId": 100,
        "championId": 98
      },
      {
        "summonerId": 31167247,
        "teamId": 100,
        "championId": 96
      },
      {
        "summonerId": 31878847,
        "teamId": 200,
        "championId": 19
      },
      {
        "summonerId": 43934780,
        "teamId": 100,
        "championId": 63
      },
      {
        "summonerId": 26872317,
        "teamId": 100,
        "championId": 238
      },
      {
        "summonerId": 21592053,
        "teamId": 200,
        "championId": 99
      },
      {
        "summonerId": 43101474,
        "teamId": 200,
        "championId": 110
      }
    ],
    "stats": {
      "level": 18,
      "goldEarned": 13763,
      "numDeaths": 6,
      "minionsKilled": 18,
      "championsKilled": 4,
      "goldSpent": 11935,
      "totalDamageDealt": 46692,
      "totalDamageTaken": 33513,
      "killingSprees": 1,
      "largestKillingSpree": 2,
      "team": 200,
      "win": true,
      "neutralMinionsKilled": 2,
      "largestMultiKill": 1,
      "physicalDamageDealtPlayer": 10963,
      "magicDamageDealtPlayer": 35472,
      "physicalDamageTaken": 13968,
      "magicDamageTaken": 17691,
      "timePlayed": 2538,
      "totalHeal": 6274,
      "totalUnitsHealed": 5,
      "assists": 25,
      "item0": 2045,
      "item1": 3270,
      "item2": 3069,
      "item3": 3068,
      "item4": 3102,
      "item5": 3082,
      "item6": 3340,
      "sightWardsBought": 1,
      "magicDamageDealtToChampions": 14167,
      "physicalDamageDealtToChampions": 2071,
      "totalDamageDealtToChampions": 16307,
      "trueDamageDealtPlayer": 256,
      "trueDamageDealtToChampions": 68,
      "trueDamageTaken": 1852,
      "wardPlaced": 27,
      "neutralMinionsKilledEnemyJungle": 2,
      "totalTimeCrowdControlDealt": 198
    }
  },
  "43101474": {
    "gameId": 818169964,
    "invalid": false,
    "gameMode": "CLASSIC",
    "gameType": "MATCHED_GAME",
    "subType": "RANKED_SOLO_5x5",
    "mapId": 1,
    "teamId": 200,
    "championId": 110,
    "spell1": 7,
    "spell2": 4,
    "level": 30,
    "ipEarned": 265,
    "createDate": 1398243898087,
    "fellowPlayers": [
      {
        "summonerId": 32423882,
        "teamId": 200,
        "championId": 412
      },
      {
        "summonerId": 28357937,
        "teamId": 200,
        "championId": 64
      },
      {
        "summonerId": 29416062,
        "teamId": 100,
        "championId": 76
      },
      {
        "summonerId": 35802094,
        "teamId": 100,
        "championId": 98
      },
      {
        "summonerId": 31167247,
        "teamId": 100,
        "championId": 96
      },
      {
        "summonerId": 31878847,
        "teamId": 200,
        "championId": 19
      },
      {
        "summonerId": 43934780,
        "teamId": 100,
        "championId": 63
      },
      {
        "summonerId": 26872317,
        "teamId": 100,
        "championId": 238
      },
      {
        "summonerId": 21592053,
        "teamId": 200,
        "championId": 99
      }
    ],
    "stats": {
      "level": 18,
      "goldEarned": 16944,
      "numDeaths": 5,
      "barracksKilled": 1,
      "turretsKilled": 5,
      "minionsKilled": 232,
      "championsKilled": 13,
      "goldSpent": 14300,
      "totalDamageDealt": 199323,
      "totalDamageTaken": 25139,
      "killingSprees": 2,
      "largestKillingSpree": 9,
      "team": 200,
      "win": true,
      "neutralMinionsKilled": 12,
      "largestMultiKill": 1,
      "physicalDamageDealtPlayer": 185230,
      "magicDamageDealtPlayer": 13984,
      "physicalDamageTaken": 14027,
      "magicDamageTaken": 10146,
      "largestCriticalStrike": 935,
      "timePlayed": 2538,
      "totalHeal": 5039,
      "totalUnitsHealed": 3,
      "assists": 8,
      "item0": 3072,
      "item1": 3046,
      "item2": 3250,
      "item3": 3031,
      "item4": 3035,
      "item6": 3340,
      "magicDamageDealtToChampions": 3720,
      "physicalDamageDealtToChampions": 20753,
      "totalDamageDealtToChampions": 24545,
      "trueDamageDealtPlayer": 108,
      "trueDamageDealtToChampions": 72,
      "trueDamageTaken": 965,
      "wardKilled": 1,
      "wardPlaced": 8,
      "neutralMinionsKilledEnemyJungle": 8,
      "neutralMinionsKilledYourJungle": 4,
      "totalTimeCrowdControlDealt": 176
    }
  },
  "26872317": {
    "gameId": 818169964,
    "invalid": false,
    "gameMode": "CLASSIC",
    "gameType": "MATCHED_GAME",
    "subType": "RANKED_SOLO_5x5",
    "mapId": 1,
    "teamId": 100,
    "championId": 238,
    "spell1": 11,
    "spell2": 4,
    "level": 30,
    "ipEarned": 75,
    "createDate": 1398243898080,
    "fellowPlayers": [
      {
        "summonerId": 32423882,
        "teamId": 200,
        "championId": 412
      },
      {
        "summonerId": 28357937,
        "teamId": 200,
        "championId": 64
      },
      {
        "summonerId": 29416062,
        "teamId": 100,
        "championId": 76
      },
      {
        "summonerId": 35802094,
        "teamId": 100,
        "championId": 98
      },
      {
        "summonerId": 31167247,
        "teamId": 100,
        "championId": 96
      },
      {
        "summonerId": 31878847,
        "teamId": 200,
        "championId": 19
      },
      {
        "summonerId": 43934780,
        "teamId": 100,
        "championId": 63
      },
      {
        "summonerId": 21592053,
        "teamId": 200,
        "championId": 99
      },
      {
        "summonerId": 43101474,
        "teamId": 200,
        "championId": 110
      }
    ],
    "stats": {
      "level": 18,
      "goldEarned": 12166,
      "numDeaths": 14,
      "minionsKilled": 74,
      "championsKilled": 4,
      "goldSpent": 12650,
      "totalDamageDealt": 162538,
      "totalDamageTaken": 43533,
      "killingSprees": 1,
      "largestKillingSpree": 2,
      "team": 100,
      "win": false,
      "neutralMinionsKilled": 84,
      "largestMultiKill": 1,
      "physicalDamageDealtPlayer": 122901,
      "magicDamageDealtPlayer": 22942,
      "physicalDamageTaken": 22671,
      "magicDamageTaken": 19319,
      "timePlayed": 2538,
      "totalHeal": 3217,
      "totalUnitsHealed": 1,
      "assists": 12,
      "item0": 3074,
      "item1": 3143,
      "item2": 3265,
      "item3": 3155,
      "item5": 3154,
      "item6": 3340,
      "magicDamageDealtToChampions": 651,
      "physicalDamageDealtToChampions": 15392,
      "totalDamageDealtToChampions": 16342,
      "trueDamageDealtPlayer": 16694,
      "trueDamageDealtToChampions": 298,
      "trueDamageTaken": 1542,
      "wardPlaced": 34,
      "neutralMinionsKilledEnemyJungle": 4,
      "neutralMinionsKilledYourJungle": 80,
      "totalTimeCrowdControlDealt": 673
    }
  },
  "28357937": {
    "gameId": 818169964,
    "invalid": false,
    "gameMode": "CLASSIC",
    "gameType": "MATCHED_GAME",
    "subType": "RANKED_SOLO_5x5",
    "mapId": 1,
    "teamId": 200,
    "championId": 64,
    "spell1": 14,
    "spell2": 4,
    "level": 30,
    "ipEarned": 115,
    "createDate": 1398243898086,
    "fellowPlayers": [
      {
        "summonerId": 32423882,
        "teamId": 200,
        "championId": 412
      },
      {
        "summonerId": 29416062,
        "teamId": 100,
        "championId": 76
      },
      {
        "summonerId": 35802094,
        "teamId": 100,
        "championId": 98
      },
      {
        "summonerId": 31167247,
        "teamId": 100,
        "championId": 96
      },
      {
        "summonerId": 31878847,
        "teamId": 200,
        "championId": 19
      },
      {
        "summonerId": 43934780,
        "teamId": 100,
        "championId": 63
      },
      {
        "summonerId": 26872317,
        "teamId": 100,
        "championId": 238
      },
      {
        "summonerId": 21592053,
        "teamId": 200,
        "championId": 99
      },
      {
        "summonerId": 43101474,
        "teamId": 200,
        "championId": 110
      }
    ],
    "stats": {
      "level": 18,
      "goldEarned": 17028,
      "numDeaths": 8,
      "turretsKilled": 2,
      "minionsKilled": 266,
      "championsKilled": 11,
      "goldSpent": 15428,
      "totalDamageDealt": 180019,
      "totalDamageTaken": 35283,
      "doubleKills": 2,
      "killingSprees": 3,
      "largestKillingSpree": 4,
      "team": 200,
      "win": true,
      "largestMultiKill": 2,
      "physicalDamageDealtPlayer": 117183,
      "magicDamageDealtPlayer": 60047,
      "physicalDamageTaken": 19056,
      "magicDamageTaken": 13507,
      "largestCriticalStrike": 449,
      "timePlayed": 2538,
      "totalHeal": 2930,
      "totalUnitsHealed": 1,
      "assists": 13,
      "item0": 3153,
      "item1": 3265,
      "item2": 3078,
      "item3": 3075,
      "item4": 3083,
      "item5": 3211,
      "item6": 3340,
      "magicDamageDealtToChampions": 6174,
      "physicalDamageDealtToChampions": 19814,
      "totalDamageDealtToChampions": 27501,
      "trueDamageDealtPlayer": 2788,
      "trueDamageDealtToChampions": 1512,
      "trueDamageTaken": 2718,
      "wardPlaced": 10,
      "totalTimeCrowdControlDealt": 852
    }
  },
  "31167247": {
    "gameId": 818169964,
    "invalid": false,
    "gameMode": "CLASSIC",
    "gameType": "MATCHED_GAME",
    "subType": "RANKED_SOLO_5x5",
    "mapId": 1,
    "teamId": 100,
    "championId": 96,
    "spell1": 4,
    "spell2": 7,
    "level": 30,
    "ipEarned": 75,
    "createDate": 1398243898079,
    "fellowPlayers": [
      {
        "summonerId": 32423882,
        "teamId": 200,
        "championId": 412
      },
      {
        "summonerId": 28357937,
        "teamId": 200,
        "championId": 64
      },
      {
        "summonerId": 29416062,
        "teamId": 100,
        "championId": 76
      },
      {
        "summonerId": 35802094,
        "teamId": 100,
        "championId": 98
      },
      {
        "summonerId": 31878847,
        "teamId": 200,
        "championId": 19
      },
      {
        "summonerId": 43934780,
        "teamId": 100,
        "championId": 63
      },
      {
        "summonerId": 26872317,
        "teamId": 100,
        "championId": 238
      },
      {
        "summonerId": 21592053,
        "teamId": 200,
        "championId": 99
      },
      {
        "summonerId": 43101474,
        "teamId": 200,
        "championId": 110
      }
    ],
    "stats": {
      "level": 18,
      "goldEarned": 14813,
      "numDeaths": 11,
      "turretsKilled": 1,
      "minionsKilled": 184,
      "championsKilled": 12,
      "goldSpent": 15475,
      "totalDamageDealt": 196127,
      "totalDamageTaken": 37054,
      "doubleKills": 4,
      "killingSprees": 3,
      "largestKillingSpree": 4,
      "team": 100,
      "win": false,
      "neutralMinionsKilled": 45,
      "largestMultiKill": 2,
      "physicalDamageDealtPlayer": 133306,
      "magicDamageDealtPlayer": 52715,
      "physicalDamageTaken": 21599,
      "magicDamageTaken": 14777,
      "largestCriticalStrike": 583,
      "timePlayed": 2538,
      "totalHeal": 4547,
      "totalUnitsHealed": 3,
      "assists": 6,
      "item0": 3153,
      "item1": 1011,
      "item2": 3140,
      "item3": 3031,
      "item4": 3250,
      "item5": 3046,
      "item6": 3340,
      "magicDamageDealtToChampions": 19456,
      "physicalDamageDealtToChampions": 16579,
      "totalDamageDealtToChampions": 42066,
      "trueDamageDealtPlayer": 10106,
      "trueDamageDealtToChampions": 6030,
      "trueDamageTaken": 678,
      "wardKilled": 2,
      "wardPlaced": 5,
      "neutralMinionsKilledYourJungle": 45,
      "totalTimeCrowdControlDealt": 817
    }
  }
}