{
  "20349750": {
    "gameId": 818169212,
    "invalid": false,
    "gameMode": "CLASSIC",
    "gameType": "MATCHED_GAME",
    "subType": "RANKED_SOLO_5x5",
    "mapId": 1,
    "teamId": 200,
    "championId": 1,
    "spell1": 4,
    "spell2": 14,
    "level": 30,
    "ipEarned": 242,
    "createDate": 1398243074453,
    "fellowPlayers": [
      {
        "summonerId": 33203030,
        "teamId": 200,
        "championId": 24
      },
      {
        "summonerId": 29229171,
        "teamId": 200,
        "championId": 19
      },
      {
        "summonerId": 36965826,
        "teamId": 100,
        "championId": 222
      },
      {
        "summonerId": 31366775,
        "teamId": 100,
        "championId": 56
      },
      {
        "summonerId": 36847039,
        "teamId": 100,
        "championId": 114
      },
      {
        "summonerId": 39643438,
        "teamId": 200,
        "championId": 25
      },
      {
        "summonerId": 34289512,
        "teamId": 200,
        "championId": 67
      },
      {
        "summonerId": 33509922,
        "teamId": 100,
        "championId": 10
      },
      {
        "summonerId": 22248772,
        "teamId": 100,
        "championId": 117
      }
    ],
    "stats": {
      "level": 16,
      "goldEarned": 12813,
      "numDeaths": 5,
      "minionsKilled": 205,
      "championsKilled": 9,
      "goldSpent": 10045,
      "totalDamageDealt": 141540,
      "totalDamageTaken": 13480,
      "killingSprees": 2,
      "largestKillingSpree": 5,
      "team": 200,
      "win": true,
      "largestMultiKill": 1,
      "physicalDamageDealtPlayer": 18674,
      "magicDamageDealtPlayer": 122039,
      "physicalDamageTaken": 9554,
      "magicDamageTaken": 3459,
      "timePlayed": 1947,
      "totalHeal": 944,
      "totalUnitsHealed": 1,
      "assists": 7,
      "item0": 1056,
      "item1": 3089,
      "item2": 3174,
      "item3": 3020,
      "item4": 3135,
      "item6": 3340,
      "magicDamageDealtToChampions": 29503,
      "physicalDamageDealtToChampions": 869,
      "totalDamageDealtToChampions": 31199,
      "trueDamageDealtPlayer": 827,
      "trueDamageDealtToChampions": 827,
      "trueDamageTaken": 466,
      "wardPlaced": 11,
      "totalTimeCrowdControlDealt": 112
    }
  },
  "summonerCount": 10,
  "33203030": {
    "gameId": 818169212,
    "invalid": false,
    "gameMode": "CLASSIC",
    "gameType": "MATCHED_GAME",
    "subType": "RANKED_SOLO_5x5",
    "mapId": 1,
    "teamId": 200,
    "championId": 24,
    "spell1": 14,
    "spell2": 4,
    "level": 30,
    "ipEarned": 92,
    "createDate": 1398243074456,
    "fellowPlayers": [
      {
        "summonerId": 29229171,
        "teamId": 200,
        "championId": 19
      },
      {
        "summonerId": 36965826,
        "teamId": 100,
        "championId": 222
      },
      {
        "summonerId": 31366775,
        "teamId": 100,
        "championId": 56
      },
      {
        "summonerId": 20349750,
        "teamId": 200,
        "championId": 1
      },
      {
        "summonerId": 36847039,
        "teamId": 100,
        "championId": 114
      },
      {
        "summonerId": 39643438,
        "teamId": 200,
        "championId": 25
      },
      {
        "summonerId": 34289512,
        "teamId": 200,
        "championId": 67
      },
      {
        "summonerId": 33509922,
        "teamId": 100,
        "championId": 10
      },
      {
        "summonerId": 22248772,
        "teamId": 100,
        "championId": 117
      }
    ],
    "stats": {
      "level": 17,
      "goldEarned": 12488,
      "numDeaths": 4,
      "barracksKilled": 1,
      "turretsKilled": 1,
      "minionsKilled": 175,
      "championsKilled": 5,
      "goldSpent": 12223,
      "totalDamageDealt": 144870,
      "totalDamageTaken": 22506,
      "doubleKills": 1,
      "killingSprees": 2,
      "largestKillingSpree": 2,
      "team": 200,
      "win": true,
      "neutralMinionsKilled": 31,
      "largestMultiKill": 2,
      "physicalDamageDealtPlayer": 111132,
      "magicDamageDealtPlayer": 32088,
      "physicalDamageTaken": 18229,
      "magicDamageTaken": 3517,
      "largestCriticalStrike": 394,
      "timePlayed": 1947,
      "totalHeal": 1057,
      "totalUnitsHealed": 1,
      "assists": 9,
      "item0": 2044,
      "item1": 3153,
      "item2": 3143,
      "item3": 3260,
      "item4": 3078,
      "item6": 3340,
      "sightWardsBought": 4,
      "magicDamageDealtToChampions": 3006,
      "physicalDamageDealtToChampions": 7637,
      "totalDamageDealtToChampions": 11314,
      "trueDamageDealtPlayer": 1650,
      "trueDamageDealtToChampions": 670,
      "trueDamageTaken": 760,
      "wardKilled": 1,
      "wardPlaced": 12,
      "neutralMinionsKilledEnemyJungle": 2,
      "neutralMinionsKilledYourJungle": 29,
      "totalTimeCrowdControlDealt": 809
    }
  },
  "39643438": {
    "gameId": 818169212,
    "invalid": false,
    "gameMode": "CLASSIC",
    "gameType": "MATCHED_GAME",
    "subType": "RANKED_SOLO_5x5",
    "mapId": 1,
    "teamId": 200,
    "championId": 25,
    "spell1": 4,
    "spell2": 14,
    "level": 30,
    "ipEarned": 242,
    "createDate": 1398243074457,
    "fellowPlayers": [
      {
        "summonerId": 33203030,
        "teamId": 200,
        "championId": 24
      },
      {
        "summonerId": 29229171,
        "teamId": 200,
        "championId": 19
      },
      {
        "summonerId": 36965826,
        "teamId": 100,
        "championId": 222
      },
      {
        "summonerId": 31366775,
        "teamId": 100,
        "championId": 56
      },
      {
        "summonerId": 20349750,
        "teamId": 200,
        "championId": 1
      },
      {
        "summonerId": 36847039,
        "teamId": 100,
        "championId": 114
      },
      {
        "summonerId": 34289512,
        "teamId": 200,
        "championId": 67
      },
      {
        "summonerId": 33509922,
        "teamId": 100,
        "championId": 10
      },
      {
        "summonerId": 22248772,
        "teamId": 100,
        "championId": 117
      }
    ],
    "stats": {
      "level": 13,
      "goldEarned": 10287,
      "numDeaths": 6,
      "turretsKilled": 1,
      "minionsKilled": 19,
      "championsKilled": 3,
      "goldSpent": 9155,
      "totalDamageDealt": 32554,
      "totalDamageTaken": 14639,
      "killingSprees": 1,
      "largestKillingSpree": 2,
      "team": 200,
      "win": true,
      "largestMultiKill": 1,
      "physicalDamageDealtPlayer": 8451,
      "magicDamageDealtPlayer": 23440,
      "physicalDamageTaken": 10256,
      "magicDamageTaken": 4033,
      "timePlayed": 1947,
      "totalHeal": 80,
      "totalUnitsHealed": 1,
      "assists": 11,
      "item0": 2049,
      "item1": 3255,
      "item2": 2010,
      "item3": 3098,
      "item4": 3157,
      "item5": 3135,
      "item6": 3340,
      "sightWardsBought": 2,
      "magicDamageDealtToChampions": 10472,
      "physicalDamageDealtToChampions": 1299,
      "totalDamageDealtToChampions": 12386,
      "trueDamageDealtPlayer": 663,
      "trueDamageDealtToChampions": 615,
      "trueDamageTaken": 350,
      "wardKilled": 1,
      "wardPlaced": 18,
      "totalTimeCrowdControlDealt": 127
    }
  },
  "36847039": {
    "gameId": 818169212,
    "invalid": false,
    "gameMode": "CLASSIC",
    "gameType": "MATCHED_GAME",
    "subType": "RANKED_SOLO_5x5",
    "mapId": 1,
    "teamId": 100,
    "championId": 114,
    "spell1": 14,
    "spell2": 4,
    "level": 30,
    "ipEarned": 61,
    "createDate": 1398243074447,
    "fellowPlayers": [
      {
        "summonerId": 33203030,
        "teamId": 200,
        "championId": 24
      },
      {
        "summonerId": 29229171,
        "teamId": 200,
        "championId": 19
      },
      {
        "summonerId": 36965826,
        "teamId": 100,
        "championId": 222
      },
      {
        "summonerId": 31366775,
        "teamId": 100,
        "championId": 56
      },
      {
        "summonerId": 20349750,
        "teamId": 200,
        "championId": 1
      },
      {
        "summonerId": 39643438,
        "teamId": 200,
        "championId": 25
      },
      {
        "summonerId": 34289512,
        "teamId": 200,
        "championId": 67
      },
      {
        "summonerId": 33509922,
        "teamId": 100,
        "championId": 10
      },
      {
        "summonerId": 22248772,
        "teamId": 100,
        "championId": 117
      }
    ],
    "stats": {
      "level": 14,
      "goldEarned": 9693,
      "numDeaths": 8,
      "turretsKilled": 1,
      "minionsKilled": 118,
      "championsKilled": 7,
      "goldSpent": 10005,
      "totalDamageDealt": 67178,
      "totalDamageTaken": 19672,
      "doubleKills": 1,
      "killingSprees": 1,
      "largestKillingSpree": 6,
      "team": 100,
      "win": false,
      "neutralMinionsKilled": 4,
      "largestMultiKill": 2,
      "physicalDamageDealtPlayer": 64399,
      "magicDamageDealtPlayer": 2354,
      "physicalDamageTaken": 9489,
      "magicDamageTaken": 9048,
      "timePlayed": 1947,
      "totalHeal": 389,
      "totalUnitsHealed": 1,
      "assists": 4,
      "item0": 3074,
      "item1": 3140,
      "item2": 3035,
      "item3": 1054,
      "item4": 1053,
      "item5": 3006,
      "item6": 3340,
      "magicDamageDealtToChampions": 1499,
      "physicalDamageDealtToChampions": 12874,
      "totalDamageDealtToChampions": 14708,
      "trueDamageDealtPlayer": 424,
      "trueDamageDealtToChampions": 334,
      "trueDamageTaken": 1134,
      "wardPlaced": 8,
      "neutralMinionsKilledEnemyJungle": 2,
      "neutralMinionsKilledYourJungle": 2,
      "totalTimeCrowdControlDealt": 33
    }
  },
  "31366775": {
    "gameId": 818169212,
    "invalid": false,
    "gameMode": "CLASSIC",
    "gameType": "MATCHED_GAME",
    "subType": "RANKED_SOLO_5x5",
    "mapId": 1,
    "teamId": 100,
    "championId": 56,
    "spell1": 4,
    "spell2": 11,
    "level": 30,
    "ipEarned": 61,
    "createDate": 1398243074450,
    "fellowPlayers": [
      {
        "summonerId": 33203030,
        "teamId": 200,
        "championId": 24
      },
      {
        "summonerId": 29229171,
        "teamId": 200,
        "championId": 19
      },
      {
        "summonerId": 36965826,
        "teamId": 100,
        "championId": 222
      },
      {
        "summonerId": 20349750,
        "teamId": 200,
        "championId": 1
      },
      {
        "summonerId": 36847039,
        "teamId": 100,
        "championId": 114
      },
      {
        "summonerId": 39643438,
        "teamId": 200,
        "championId": 25
      },
      {
        "summonerId": 34289512,
        "teamId": 200,
        "championId": 67
      },
      {
        "summonerId": 33509922,
        "teamId": 100,
        "championId": 10
      },
      {
        "summonerId": 22248772,
        "teamId": 100,
        "championId": 117
      }
    ],
    "stats": {
      "level": 14,
      "goldEarned": 9667,
      "numDeaths": 4,
      "minionsKilled": 59,
      "championsKilled": 3,
      "goldSpent": 9625,
      "totalDamageDealt": 143547,
      "totalDamageTaken": 24418,
      "team": 100,
      "win": false,
      "neutralMinionsKilled": 94,
      "largestMultiKill": 1,
      "physicalDamageDealtPlayer": 107673,
      "magicDamageDealtPlayer": 26189,
      "physicalDamageTaken": 14879,
      "magicDamageTaken": 8765,
      "timePlayed": 1947,
      "totalHeal": 5197,
      "totalUnitsHealed": 1,
      "assists": 6,
      "item0": 3160,
      "item1": 3143,
      "item2": 3153,
      "item3": 2044,
      "item4": 3250,
      "item6": 3340,
      "sightWardsBought": 1,
      "magicDamageDealtToChampions": 749,
      "physicalDamageDealtToChampions": 8396,
      "totalDamageDealtToChampions": 9313,
      "trueDamageDealtPlayer": 9684,
      "trueDamageDealtToChampions": 168,
      "trueDamageTaken": 773,
      "wardKilled": 1,
      "wardPlaced": 7,
      "neutralMinionsKilledEnemyJungle": 5,
      "neutralMinionsKilledYourJungle": 89,
      "totalTimeCrowdControlDealt": 609
    }
  },
  "33509922": {
    "gameId": 818169212,
    "invalid": false,
    "gameMode": "CLASSIC",
    "gameType": "MATCHED_GAME",
    "subType": "RANKED_SOLO_5x5",
    "mapId": 1,
    "teamId": 100,
    "championId": 10,
    "spell1": 4,
    "spell2": 14,
    "level": 30,
    "ipEarned": 61,
    "createDate": 1398243074451,
    "fellowPlayers": [
      {
        "summonerId": 33203030,
        "teamId": 200,
        "championId": 24
      },
      {
        "summonerId": 29229171,
        "teamId": 200,
        "championId": 19
      },
      {
        "summonerId": 36965826,
        "teamId": 100,
        "championId": 222
      },
      {
        "summonerId": 31366775,
        "teamId": 100,
        "championId": 56
      },
      {
        "summonerId": 20349750,
        "teamId": 200,
        "championId": 1
      },
      {
        "summonerId": 36847039,
        "teamId": 100,
        "championId": 114
      },
      {
        "summonerId": 39643438,
        "teamId": 200,
        "championId": 25
      },
      {
        "summonerId": 34289512,
        "teamId": 200,
        "championId": 67
      },
      {
        "summonerId": 22248772,
        "teamId": 100,
        "championId": 117
      }
    ],
    "stats": {
      "level": 13,
      "goldEarned": 8503,
      "numDeaths": 8,
      "minionsKilled": 84,
      "championsKilled": 5,
      "goldSpent": 7230,
      "totalDamageDealt": 78945,
      "totalDamageTaken": 24581,
      "doubleKills": 1,
      "killingSprees": 1,
      "largestKillingSpree": 2,
      "team": 100,
      "win": false,
      "neutralMinionsKilled": 10,
      "largestMultiKill": 2,
      "physicalDamageDealtPlayer": 20544,
      "magicDamageDealtPlayer": 57321,
      "physicalDamageTaken": 10175,
      "magicDamageTaken": 13281,
      "timePlayed": 1947,
      "totalHeal": 4586,
      "totalUnitsHealed": 3,
      "assists": 3,
      "item0": 1056,
      "item1": 3115,
      "item2": 3250,
      "item3": 3057,
      "item4": 2010,
      "item5": 3113,
      "item6": 3340,
      "magicDamageDealtToChampions": 9308,
      "physicalDamageDealtToChampions": 2678,
      "totalDamageDealtToChampions": 13067,
      "trueDamageDealtPlayer": 1080,
      "trueDamageDealtToChampions": 1080,
      "trueDamageTaken": 1123,
      "wardPlaced": 5,
      "neutralMinionsKilledEnemyJungle": 2,
      "neutralMinionsKilledYourJungle": 8,
      "totalTimeCrowdControlDealt": 84
    }
  },
  "34289512": {
    "gameId": 818169212,
    "invalid": false,
    "gameMode": "CLASSIC",
    "gameType": "MATCHED_GAME",
    "subType": "RANKED_SOLO_5x5",
    "mapId": 1,
    "teamId": 200,
    "championId": 67,
    "spell1": 4,
    "spell2": 21,
    "level": 30,
    "ipEarned": 92,
    "createDate": 1398243074454,
    "fellowPlayers": [
      {
        "summonerId": 33203030,
        "teamId": 200,
        "championId": 24
      },
      {
        "summonerId": 29229171,
        "teamId": 200,
        "championId": 19
      },
      {
        "summonerId": 36965826,
        "teamId": 100,
        "championId": 222
      },
      {
        "summonerId": 31366775,
        "teamId": 100,
        "championId": 56
      },
      {
        "summonerId": 20349750,
        "teamId": 200,
        "championId": 1
      },
      {
        "summonerId": 36847039,
        "teamId": 100,
        "championId": 114
      },
      {
        "summonerId": 39643438,
        "teamId": 200,
        "championId": 25
      },
      {
        "summonerId": 33509922,
        "teamId": 100,
        "championId": 10
      },
      {
        "summonerId": 22248772,
        "teamId": 100,
        "championId": 117
      }
    ],
    "stats": {
      "level": 15,
      "goldEarned": 11315,
      "numDeaths": 6,
      "barracksKilled": 1,
      "turretsKilled": 4,
      "minionsKilled": 116,
      "championsKilled": 7,
      "goldSpent": 9250,
      "totalDamageDealt": 88954,
      "totalDamageTaken": 17393,
      "doubleKills": 1,
      "killingSprees": 1,
      "largestKillingSpree": 4,
      "team": 200,
      "win": true,
      "neutralMinionsKilled": 10,
      "largestMultiKill": 2,
      "physicalDamageDealtPlayer": 81398,
      "physicalDamageTaken": 13816,
      "magicDamageTaken": 3415,
      "largestCriticalStrike": 368,
      "timePlayed": 1947,
      "totalHeal": 895,
      "totalUnitsHealed": 1,
      "assists": 10,
      "item0": 3250,
      "item1": 3153,
      "item2": 3035,
      "item3": 1028,
      "item4": 1011,
      "item5": 1018,
      "item6": 3340,
      "physicalDamageDealtToChampions": 15773,
      "totalDamageDealtToChampions": 18523,
      "trueDamageDealtPlayer": 7556,
      "trueDamageDealtToChampions": 2749,
      "trueDamageTaken": 162,
      "wardPlaced": 9,
      "neutralMinionsKilledEnemyJungle": 5,
      "neutralMinionsKilledYourJungle": 5,
      "totalTimeCrowdControlDealt": 38
    }
  },
  "22248772": {
    "gameId": 818169212,
    "invalid": false,
    "gameMode": "CLASSIC",
    "gameType": "MATCHED_GAME",
    "subType": "RANKED_SOLO_5x5",
    "mapId": 1,
    "teamId": 100,
    "championId": 117,
    "spell1": 4,
    "spell2": 3,
    "level": 30,
    "ipEarned": 61,
    "createDate": 1398243074449,
    "fellowPlayers": [
      {
        "summonerId": 33203030,
        "teamId": 200,
        "championId": 24
      },
      {
        "summonerId": 29229171,
        "teamId": 200,
        "championId": 19
      },
      {
        "summonerId": 36965826,
        "teamId": 100,
        "championId": 222
      },
      {
        "summonerId": 31366775,
        "teamId": 100,
        "championId": 56
      },
      {
        "summonerId": 20349750,
        "teamId": 200,
        "championId": 1
      },
      {
        "summonerId": 36847039,
        "teamId": 100,
        "championId": 114
      },
      {
        "summonerId": 39643438,
        "teamId": 200,
        "championId": 25
      },
      {
        "summonerId": 34289512,
        "teamId": 200,
        "championId": 67
      },
      {
        "summonerId": 33509922,
        "teamId": 100,
        "championId": 10
      }
    ],
    "stats": {
      "level": 13,
      "goldEarned": 8656,
      "numDeaths": 2,
      "minionsKilled": 27,
      "goldSpent": 7710,
      "totalDamageDealt": 27266,
      "totalDamageTaken": 16273,
      "team": 100,
      "win": false,
      "neutralMinionsKilled": 1,
      "physicalDamageDealtPlayer": 5403,
      "magicDamageDealtPlayer": 21863,
      "physicalDamageTaken": 8145,
      "magicDamageTaken": 6788,
      "timePlayed": 1947,
      "totalHeal": 871,
      "totalUnitsHealed": 1,
      "assists": 14,
      "item0": 3069,
      "item1": 2045,
      "item2": 3190,
      "item3": 1033,
      "item4": 1001,
      "item6": 3341,
      "sightWardsBought": 1,
      "visionWardsBought": 1,
      "magicDamageDealtToChampions": 5804,
      "physicalDamageDealtToChampions": 1131,
      "totalDamageDealtToChampions": 6935,
      "trueDamageTaken": 1339,
      "wardKilled": 1,
      "wardPlaced": 18,
      "neutralMinionsKilledYourJungle": 1,
      "totalTimeCrowdControlDealt": 357
    }
  },
  "36965826": {
    "gameId": 818169212,
    "invalid": false,
    "gameMode": "CLASSIC",
    "gameType": "MATCHED_GAME",
    "subType": "RANKED_SOLO_5x5",
    "mapId": 1,
    "teamId": 100,
    "championId": 222,
    "spell1": 7,
    "spell2": 4,
    "level": 30,
    "ipEarned": 61,
    "createDate": 1398243074448,
    "fellowPlayers": [
      {
        "summonerId": 33203030,
        "teamId": 200,
        "championId": 24
      },
      {
        "summonerId": 29229171,
        "teamId": 200,
        "championId": 19
      },
      {
        "summonerId": 31366775,
        "teamId": 100,
        "championId": 56
      },
      {
        "summonerId": 20349750,
        "teamId": 200,
        "championId": 1
      },
      {
        "summonerId": 36847039,
        "teamId": 100,
        "championId": 114
      },
      {
        "summonerId": 39643438,
        "teamId": 200,
        "championId": 25
      },
      {
        "summonerId": 34289512,
        "teamId": 200,
        "championId": 67
      },
      {
        "summonerId": 33509922,
        "teamId": 100,
        "championId": 10
      },
      {
        "summonerId": 22248772,
        "teamId": 100,
        "championId": 117
      }
    ],
    "stats": {
      "level": 13,
      "goldEarned": 10050,
      "numDeaths": 6,
      "turretsKilled": 2,
      "minionsKilled": 109,
      "championsKilled": 9,
      "goldSpent": 9225,
      "totalDamageDealt": 72775,
      "totalDamageTaken": 16753,
      "doubleKills": 2,
      "tripleKills": 1,
      "killingSprees": 2,
      "largestKillingSpree": 5,
      "team": 100,
      "win": false,
      "neutralMinionsKilled": 3,
      "largestMultiKill": 3,
      "physicalDamageDealtPlayer": 69459,
      "magicDamageDealtPlayer": 3022,
      "physicalDamageTaken": 5733,
      "magicDamageTaken": 9963,
      "largestCriticalStrike": 527,
      "timePlayed": 1947,
      "totalHeal": 3103,
      "totalUnitsHealed": 3,
      "assists": 5,
      "item0": 1055,
      "item1": 3072,
      "item2": 3046,
      "item3": 3252,
      "item4": 1036,
      "item5": 1037,
      "item6": 3340,
      "magicDamageDealtToChampions": 1410,
      "physicalDamageDealtToChampions": 16910,
      "totalDamageDealtToChampions": 18499,
      "trueDamageDealtPlayer": 294,
      "trueDamageDealtToChampions": 178,
      "trueDamageTaken": 1056,
      "wardKilled": 1,
      "wardPlaced": 6,
      "neutralMinionsKilledYourJungle": 3,
      "totalTimeCrowdControlDealt": 182
    }
  },
  "20349750": {
    "gameId": 818169212,
    "invalid": false,
    "gameMode": "CLASSIC",
    "gameType": "MATCHED_GAME",
    "subType": "RANKED_SOLO_5x5",
    "mapId": 1,
    "teamId": 200,
    "championId": 1,
    "spell1": 4,
    "spell2": 14,
    "level": 30,
    "ipEarned": 242,
    "createDate": 1398243074453,
    "fellowPlayers": [
      {
        "summonerId": 33203030,
        "teamId": 200,
        "championId": 24
      },
      {
        "summonerId": 29229171,
        "teamId": 200,
        "championId": 19
      },
      {
        "summonerId": 36965826,
        "teamId": 100,
        "championId": 222
      },
      {
        "summonerId": 31366775,
        "teamId": 100,
        "championId": 56
      },
      {
        "summonerId": 36847039,
        "teamId": 100,
        "championId": 114
      },
      {
        "summonerId": 39643438,
        "teamId": 200,
        "championId": 25
      },
      {
        "summonerId": 34289512,
        "teamId": 200,
        "championId": 67
      },
      {
        "summonerId": 33509922,
        "teamId": 100,
        "championId": 10
      },
      {
        "summonerId": 22248772,
        "teamId": 100,
        "championId": 117
      }
    ],
    "stats": {
      "level": 16,
      "goldEarned": 12813,
      "numDeaths": 5,
      "minionsKilled": 205,
      "championsKilled": 9,
      "goldSpent": 10045,
      "totalDamageDealt": 141540,
      "totalDamageTaken": 13480,
      "killingSprees": 2,
      "largestKillingSpree": 5,
      "team": 200,
      "win": true,
      "largestMultiKill": 1,
      "physicalDamageDealtPlayer": 18674,
      "magicDamageDealtPlayer": 122039,
      "physicalDamageTaken": 9554,
      "magicDamageTaken": 3459,
      "timePlayed": 1947,
      "totalHeal": 944,
      "totalUnitsHealed": 1,
      "assists": 7,
      "item0": 1056,
      "item1": 3089,
      "item2": 3174,
      "item3": 3020,
      "item4": 3135,
      "item6": 3340,
      "magicDamageDealtToChampions": 29503,
      "physicalDamageDealtToChampions": 869,
      "totalDamageDealtToChampions": 31199,
      "trueDamageDealtPlayer": 827,
      "trueDamageDealtToChampions": 827,
      "trueDamageTaken": 466,
      "wardPlaced": 11,
      "totalTimeCrowdControlDealt": 112
    }
  }
}