{
  "20079911": {
    "gameId": 818169664,
    "invalid": false,
    "gameMode": "CLASSIC",
    "gameType": "MATCHED_GAME",
    "subType": "RANKED_SOLO_5x5",
    "mapId": 1,
    "teamId": 100,
    "championId": 29,
    "spell1": 4,
    "spell2": 7,
    "level": 30,
    "ipEarned": 82,
    "createDate": 1398242964777,
    "fellowPlayers": [
      {
        "summonerId": 23723715,
        "teamId": 200,
        "championId": 115
      },
      {
        "summonerId": 23869254,
        "teamId": 200,
        "championId": 222
      },
      {
        "summonerId": 20701576,
        "teamId": 100,
        "championId": 54
      },
      {
        "summonerId": 36435168,
        "teamId": 100,
        "championId": 28
      },
      {
        "summonerId": 19185811,
        "teamId": 100,
        "championId": 10
      },
      {
        "summonerId": 33993898,
        "teamId": 200,
        "championId": 89
      },
      {
        "summonerId": 33432016,
        "teamId": 200,
        "championId": 254
      },
      {
        "summonerId": 23529780,
        "teamId": 200,
        "championId": 102
      },
      {
        "summonerId": 24293173,
        "teamId": 100,
        "championId": 412
      }
    ],
    "stats": {
      "level": 15,
      "goldEarned": 12275,
      "numDeaths": 4,
      "barracksKilled": 1,
      "turretsKilled": 2,
      "minionsKilled": 181,
      "championsKilled": 10,
      "goldSpent": 11355,
      "totalDamageDealt": 122011,
      "totalDamageTaken": 15915,
      "doubleKills": 2,
      "killingSprees": 3,
      "largestKillingSpree": 3,
      "team": 100,
      "win": true,
      "neutralMinionsKilled": 13,
      "largestMultiKill": 2,
      "physicalDamageDealtPlayer": 112579,
      "physicalDamageTaken": 12266,
      "magicDamageTaken": 3158,
      "largestCriticalStrike": 570,
      "timePlayed": 1692,
      "totalHeal": 2112,
      "totalUnitsHealed": 3,
      "assists": 7,
      "item0": 3046,
      "item1": 3044,
      "item2": 3072,
      "item3": 3035,
      "item4": 3006,
      "item5": 1055,
      "item6": 3340,
      "sightWardsBought": 1,
      "physicalDamageDealtToChampions": 22880,
      "totalDamageDealtToChampions": 27556,
      "trueDamageDealtPlayer": 9432,
      "trueDamageDealtToChampions": 4676,
      "trueDamageTaken": 490,
      "wardPlaced": 3,
      "neutralMinionsKilledEnemyJungle": 3,
      "neutralMinionsKilledYourJungle": 10,
      "totalTimeCrowdControlDealt": 535
    }
  },
  "summonerCount": 10,
  "19185811": {
    "gameId": 818169664,
    "invalid": false,
    "gameMode": "CLASSIC",
    "gameType": "MATCHED_GAME",
    "subType": "RANKED_SOLO_5x5",
    "mapId": 1,
    "teamId": 100,
    "championId": 10,
    "spell1": 4,
    "spell2": 14,
    "level": 30,
    "ipEarned": 232,
    "createDate": 1398242964775,
    "fellowPlayers": [
      {
        "summonerId": 23723715,
        "teamId": 200,
        "championId": 115
      },
      {
        "summonerId": 20079911,
        "teamId": 100,
        "championId": 29
      },
      {
        "summonerId": 23869254,
        "teamId": 200,
        "championId": 222
      },
      {
        "summonerId": 20701576,
        "teamId": 100,
        "championId": 54
      },
      {
        "summonerId": 36435168,
        "teamId": 100,
        "championId": 28
      },
      {
        "summonerId": 33993898,
        "teamId": 200,
        "championId": 89
      },
      {
        "summonerId": 33432016,
        "teamId": 200,
        "championId": 254
      },
      {
        "summonerId": 23529780,
        "teamId": 200,
        "championId": 102
      },
      {
        "summonerId": 24293173,
        "teamId": 100,
        "championId": 412
      }
    ],
    "stats": {
      "level": 16,
      "goldEarned": 12823,
      "numDeaths": 1,
      "turretsKilled": 3,
      "minionsKilled": 181,
      "championsKilled": 8,
      "goldSpent": 11985,
      "totalDamageDealt": 145146,
      "totalDamageTaken": 19956,
      "doubleKills": 2,
      "tripleKills": 1,
      "killingSprees": 1,
      "largestKillingSpree": 8,
      "team": 100,
      "win": true,
      "neutralMinionsKilled": 31,
      "largestMultiKill": 3,
      "physicalDamageDealtPlayer": 33832,
      "magicDamageDealtPlayer": 110335,
      "physicalDamageTaken": 10653,
      "magicDamageTaken": 9046,
      "timePlayed": 1692,
      "totalHeal": 12564,
      "totalUnitsHealed": 2,
      "assists": 5,
      "item0": 1056,
      "item1": 1026,
      "item2": 3115,
      "item3": 3100,
      "item4": 3006,
      "item5": 3089,
      "item6": 3340,
      "visionWardsBought": 1,
      "magicDamageDealtToChampions": 14217,
      "physicalDamageDealtToChampions": 2721,
      "totalDamageDealtToChampions": 17727,
      "trueDamageDealtPlayer": 978,
      "trueDamageDealtToChampions": 788,
      "trueDamageTaken": 255,
      "wardKilled": 3,
      "wardPlaced": 11,
      "neutralMinionsKilledEnemyJungle": 14,
      "neutralMinionsKilledYourJungle": 17,
      "totalTimeCrowdControlDealt": 288
    }
  },
  "24293173": {
    "gameId": 818169664,
    "invalid": false,
    "gameMode": "CLASSIC",
    "gameType": "MATCHED_GAME",
    "subType": "RANKED_SOLO_5x5",
    "mapId": 1,
    "teamId": 100,
    "championId": 412,
    "spell1": 4,
    "spell2": 3,
    "level": 30,
    "ipEarned": 82,
    "createDate": 1398242964778,
    "fellowPlayers": [
      {
        "summonerId": 23723715,
        "teamId": 200,
        "championId": 115
      },
      {
        "summonerId": 20079911,
        "teamId": 100,
        "championId": 29
      },
      {
        "summonerId": 23869254,
        "teamId": 200,
        "championId": 222
      },
      {
        "summonerId": 20701576,
        "teamId": 100,
        "championId": 54
      },
      {
        "summonerId": 36435168,
        "teamId": 100,
        "championId": 28
      },
      {
        "summonerId": 19185811,
        "teamId": 100,
        "championId": 10
      },
      {
        "summonerId": 33993898,
        "teamId": 200,
        "championId": 89
      },
      {
        "summonerId": 33432016,
        "teamId": 200,
        "championId": 254
      },
      {
        "summonerId": 23529780,
        "teamId": 200,
        "championId": 102
      }
    ],
    "stats": {
      "level": 12,
      "goldEarned": 7750,
      "numDeaths": 4,
      "minionsKilled": 18,
      "championsKilled": 2,
      "goldSpent": 7630,
      "totalDamageDealt": 16517,
      "totalDamageTaken": 12709,
      "killingSprees": 1,
      "largestKillingSpree": 2,
      "team": 100,
      "win": true,
      "largestMultiKill": 1,
      "physicalDamageDealtPlayer": 6657,
      "magicDamageDealtPlayer": 9859,
      "physicalDamageTaken": 7266,
      "magicDamageTaken": 4828,
      "timePlayed": 1692,
      "totalHeal": 1539,
      "totalUnitsHealed": 1,
      "assists": 9,
      "item0": 3069,
      "item1": 2004,
      "item2": 2049,
      "item3": 3025,
      "item4": 3111,
      "item6": 3341,
      "sightWardsBought": 1,
      "magicDamageDealtToChampions": 4116,
      "physicalDamageDealtToChampions": 1395,
      "totalDamageDealtToChampions": 5511,
      "trueDamageTaken": 613,
      "wardKilled": 3,
      "wardPlaced": 16,
      "totalTimeCrowdControlDealt": 111
    }
  },
  "23723715": {
    "gameId": 818169664,
    "invalid": false,
    "gameMode": "CLASSIC",
    "gameType": "MATCHED_GAME",
    "subType": "RANKED_SOLO_5x5",
    "mapId": 1,
    "teamId": 200,
    "championId": 115,
    "spell1": 4,
    "spell2": 14,
    "level": 30,
    "ipEarned": 55,
    "createDate": 1398242964784,
    "fellowPlayers": [
      {
        "summonerId": 20079911,
        "teamId": 100,
        "championId": 29
      },
      {
        "summonerId": 23869254,
        "teamId": 200,
        "championId": 222
      },
      {
        "summonerId": 20701576,
        "teamId": 100,
        "championId": 54
      },
      {
        "summonerId": 36435168,
        "teamId": 100,
        "championId": 28
      },
      {
        "summonerId": 19185811,
        "teamId": 100,
        "championId": 10
      },
      {
        "summonerId": 33993898,
        "teamId": 200,
        "championId": 89
      },
      {
        "summonerId": 33432016,
        "teamId": 200,
        "championId": 254
      },
      {
        "summonerId": 23529780,
        "teamId": 200,
        "championId": 102
      },
      {
        "summonerId": 24293173,
        "teamId": 100,
        "championId": 412
      }
    ],
    "stats": {
      "level": 13,
      "goldEarned": 7860,
      "numDeaths": 8,
      "minionsKilled": 152,
      "championsKilled": 2,
      "goldSpent": 7470,
      "totalDamageDealt": 76021,
      "totalDamageTaken": 15421,
      "team": 200,
      "win": false,
      "largestMultiKill": 1,
      "physicalDamageDealtPlayer": 11425,
      "magicDamageDealtPlayer": 64264,
      "physicalDamageTaken": 7297,
      "magicDamageTaken": 7174,
      "timePlayed": 1692,
      "assists": 6,
      "item0": 1056,
      "item1": 3089,
      "item2": 3174,
      "item3": 3020,
      "item6": 3340,
      "magicDamageDealtToChampions": 14471,
      "physicalDamageDealtToChampions": 905,
      "totalDamageDealtToChampions": 15708,
      "trueDamageDealtPlayer": 332,
      "trueDamageDealtToChampions": 332,
      "trueDamageTaken": 950,
      "totalTimeCrowdControlDealt": 223
    }
  },
  "20701576": {
    "gameId": 818169664,
    "invalid": false,
    "gameMode": "CLASSIC",
    "gameType": "MATCHED_GAME",
    "subType": "RANKED_SOLO_5x5",
    "mapId": 1,
    "teamId": 100,
    "championId": 54,
    "spell1": 12,
    "spell2": 4,
    "level": 30,
    "ipEarned": 82,
    "createDate": 1398242964779,
    "fellowPlayers": [
      {
        "summonerId": 23723715,
        "teamId": 200,
        "championId": 115
      },
      {
        "summonerId": 20079911,
        "teamId": 100,
        "championId": 29
      },
      {
        "summonerId": 23869254,
        "teamId": 200,
        "championId": 222
      },
      {
        "summonerId": 36435168,
        "teamId": 100,
        "championId": 28
      },
      {
        "summonerId": 19185811,
        "teamId": 100,
        "championId": 10
      },
      {
        "summonerId": 33993898,
        "teamId": 200,
        "championId": 89
      },
      {
        "summonerId": 33432016,
        "teamId": 200,
        "championId": 254
      },
      {
        "summonerId": 23529780,
        "teamId": 200,
        "championId": 102
      },
      {
        "summonerId": 24293173,
        "teamId": 100,
        "championId": 412
      }
    ],
    "stats": {
      "level": 14,
      "goldEarned": 9198,
      "numDeaths": 1,
      "turretsKilled": 1,
      "minionsKilled": 138,
      "championsKilled": 2,
      "goldSpent": 9165,
      "totalDamageDealt": 89423,
      "totalDamageTaken": 16519,
      "team": 100,
      "win": true,
      "neutralMinionsKilled": 7,
      "largestMultiKill": 1,
      "physicalDamageDealtPlayer": 24579,
      "magicDamageDealtPlayer": 64842,
      "physicalDamageTaken": 9714,
      "magicDamageTaken": 6051,
      "timePlayed": 1692,
      "totalHeal": 282,
      "totalUnitsHealed": 1,
      "assists": 7,
      "item0": 3143,
      "item1": 3068,
      "item2": 3260,
      "item3": 3024,
      "item6": 3340,
      "sightWardsBought": 2,
      "magicDamageDealtToChampions": 12078,
      "physicalDamageDealtToChampions": 2337,
      "totalDamageDealtToChampions": 14415,
      "trueDamageTaken": 753,
      "wardPlaced": 6,
      "neutralMinionsKilledEnemyJungle": 2,
      "neutralMinionsKilledYourJungle": 5,
      "totalTimeCrowdControlDealt": 959
    }
  },
  "33432016": {
    "gameId": 818169664,
    "invalid": false,
    "gameMode": "CLASSIC",
    "gameType": "MATCHED_GAME",
    "subType": "RANKED_SOLO_5x5",
    "mapId": 1,
    "teamId": 200,
    "championId": 254,
    "spell1": 11,
    "spell2": 4,
    "level": 30,
    "ipEarned": 55,
    "createDate": 1398242964781,
    "fellowPlayers": [
      {
        "summonerId": 23723715,
        "teamId": 200,
        "championId": 115
      },
      {
        "summonerId": 20079911,
        "teamId": 100,
        "championId": 29
      },
      {
        "summonerId": 23869254,
        "teamId": 200,
        "championId": 222
      },
      {
        "summonerId": 20701576,
        "teamId": 100,
        "championId": 54
      },
      {
        "summonerId": 36435168,
        "teamId": 100,
        "championId": 28
      },
      {
        "summonerId": 19185811,
        "teamId": 100,
        "championId": 10
      },
      {
        "summonerId": 33993898,
        "teamId": 200,
        "championId": 89
      },
      {
        "summonerId": 23529780,
        "teamId": 200,
        "championId": 102
      },
      {
        "summonerId": 24293173,
        "teamId": 100,
        "championId": 412
      }
    ],
    "stats": {
      "level": 12,
      "goldEarned": 7326,
      "numDeaths": 5,
      "minionsKilled": 21,
      "championsKilled": 3,
      "goldSpent": 6857,
      "totalDamageDealt": 92817,
      "totalDamageTaken": 18981,
      "killingSprees": 1,
      "largestKillingSpree": 2,
      "team": 200,
      "win": false,
      "neutralMinionsKilled": 75,
      "largestMultiKill": 1,
      "physicalDamageDealtPlayer": 79913,
      "magicDamageDealtPlayer": 1278,
      "physicalDamageTaken": 12254,
      "magicDamageTaken": 5904,
      "timePlayed": 1692,
      "totalHeal": 2690,
      "totalUnitsHealed": 1,
      "assists": 2,
      "item0": 3209,
      "item1": 3265,
      "item2": 3134,
      "item3": 1028,
      "item4": 3082,
      "item6": 3340,
      "visionWardsBought": 2,
      "magicDamageDealtToChampions": 109,
      "physicalDamageDealtToChampions": 4459,
      "totalDamageDealtToChampions": 5226,
      "trueDamageDealtPlayer": 11626,
      "trueDamageDealtToChampions": 657,
      "trueDamageTaken": 822,
      "wardKilled": 1,
      "wardPlaced": 9,
      "neutralMinionsKilledEnemyJungle": 7,
      "neutralMinionsKilledYourJungle": 68,
      "totalTimeCrowdControlDealt": 394
    }
  },
  "23869254": {
    "gameId": 818169664,
    "invalid": false,
    "gameMode": "CLASSIC",
    "gameType": "MATCHED_GAME",
    "subType": "RANKED_SOLO_5x5",
    "mapId": 1,
    "teamId": 200,
    "championId": 222,
    "spell1": 4,
    "spell2": 7,
    "level": 30,
    "ipEarned": 55,
    "createDate": 1398242964782,
    "fellowPlayers": [
      {
        "summonerId": 23723715,
        "teamId": 200,
        "championId": 115
      },
      {
        "summonerId": 20079911,
        "teamId": 100,
        "championId": 29
      },
      {
        "summonerId": 20701576,
        "teamId": 100,
        "championId": 54
      },
      {
        "summonerId": 36435168,
        "teamId": 100,
        "championId": 28
      },
      {
        "summonerId": 19185811,
        "teamId": 100,
        "championId": 10
      },
      {
        "summonerId": 33993898,
        "teamId": 200,
        "championId": 89
      },
      {
        "summonerId": 33432016,
        "teamId": 200,
        "championId": 254
      },
      {
        "summonerId": 23529780,
        "teamId": 200,
        "championId": 102
      },
      {
        "summonerId": 24293173,
        "teamId": 100,
        "championId": 412
      }
    ],
    "stats": {
      "level": 13,
      "goldEarned": 8567,
      "numDeaths": 9,
      "minionsKilled": 151,
      "championsKilled": 3,
      "goldSpent": 7550,
      "totalDamageDealt": 79380,
      "totalDamageTaken": 19198,
      "doubleKills": 1,
      "killingSprees": 1,
      "largestKillingSpree": 3,
      "team": 200,
      "win": false,
      "neutralMinionsKilled": 4,
      "largestMultiKill": 2,
      "physicalDamageDealtPlayer": 78129,
      "magicDamageDealtPlayer": 1154,
      "physicalDamageTaken": 13335,
      "magicDamageTaken": 4189,
      "largestCriticalStrike": 444,
      "timePlayed": 1692,
      "totalHeal": 2158,
      "totalUnitsHealed": 3,
      "assists": 5,
      "item0": 1055,
      "item1": 3006,
      "item2": 3072,
      "item3": 3046,
      "item6": 3340,
      "magicDamageDealtToChampions": 569,
      "physicalDamageDealtToChampions": 10569,
      "totalDamageDealtToChampions": 11235,
      "trueDamageDealtPlayer": 96,
      "trueDamageDealtToChampions": 96,
      "trueDamageTaken": 1673,
      "wardPlaced": 5,
      "neutralMinionsKilledEnemyJungle": 2,
      "neutralMinionsKilledYourJungle": 2,
      "totalTimeCrowdControlDealt": 60
    }
  },
  "36435168": {
    "gameId": 818169664,
    "invalid": false,
    "gameMode": "CLASSIC",
    "gameType": "MATCHED_GAME",
    "subType": "RANKED_SOLO_5x5",
    "mapId": 1,
    "teamId": 100,
    "championId": 28,
    "spell1": 4,
    "spell2": 11,
    "level": 30,
    "ipEarned": 232,
    "createDate": 1398242964776,
    "fellowPlayers": [
      {
        "summonerId": 23723715,
        "teamId": 200,
        "championId": 115
      },
      {
        "summonerId": 20079911,
        "teamId": 100,
        "championId": 29
      },
      {
        "summonerId": 23869254,
        "teamId": 200,
        "championId": 222
      },
      {
        "summonerId": 20701576,
        "teamId": 100,
        "championId": 54
      },
      {
        "summonerId": 19185811,
        "teamId": 100,
        "championId": 10
      },
      {
        "summonerId": 33993898,
        "teamId": 200,
        "championId": 89
      },
      {
        "summonerId": 33432016,
        "teamId": 200,
        "championId": 254
      },
      {
        "summonerId": 23529780,
        "teamId": 200,
        "championId": 102
      },
      {
        "summonerId": 24293173,
        "teamId": 100,
        "championId": 412
      }
    ],
    "stats": {
      "level": 14,
      "goldEarned": 11472,
      "numDeaths": 1,
      "turretsKilled": 1,
      "minionsKilled": 55,
      "championsKilled": 9,
      "goldSpent": 10675,
      "totalDamageDealt": 120983,
      "totalDamageTaken": 16938,
      "doubleKills": 1,
      "tripleKills": 1,
      "killingSprees": 2,
      "largestKillingSpree": 5,
      "team": 100,
      "win": true,
      "neutralMinionsKilled": 61,
      "largestMultiKill": 3,
      "physicalDamageDealtPlayer": 40997,
      "magicDamageDealtPlayer": 64436,
      "physicalDamageTaken": 11264,
      "magicDamageTaken": 5028,
      "timePlayed": 1692,
      "totalHeal": 2847,
      "totalUnitsHealed": 1,
      "assists": 6,
      "item0": 3143,
      "item1": 3211,
      "item2": 3044,
      "item3": 3117,
      "item4": 3209,
      "item5": 3057,
      "item6": 3340,
      "sightWardsBought": 2,
      "visionWardsBought": 1,
      "magicDamageDealtToChampions": 8981,
      "physicalDamageDealtToChampions": 5060,
      "totalDamageDealtToChampions": 15118,
      "trueDamageDealtPlayer": 15548,
      "trueDamageDealtToChampions": 1076,
      "trueDamageTaken": 645,
      "wardKilled": 2,
      "wardPlaced": 8,
      "neutralMinionsKilledEnemyJungle": 15,
      "neutralMinionsKilledYourJungle": 46,
      "totalTimeCrowdControlDealt": 587
    }
  },
  "23529780": {
    "gameId": 818169664,
    "invalid": false,
    "gameMode": "CLASSIC",
    "gameType": "MATCHED_GAME",
    "subType": "RANKED_SOLO_5x5",
    "mapId": 1,
    "teamId": 200,
    "championId": 102,
    "spell1": 12,
    "spell2": 4,
    "level": 30,
    "ipEarned": 55,
    "createDate": 1398242964780,
    "fellowPlayers": [
      {
        "summonerId": 23723715,
        "teamId": 200,
        "championId": 115
      },
      {
        "summonerId": 20079911,
        "teamId": 100,
        "championId": 29
      },
      {
        "summonerId": 23869254,
        "teamId": 200,
        "championId": 222
      },
      {
        "summonerId": 20701576,
        "teamId": 100,
        "championId": 54
      },
      {
        "summonerId": 36435168,
        "teamId": 100,
        "championId": 28
      },
      {
        "summonerId": 19185811,
        "teamId": 100,
        "championId": 10
      },
      {
        "summonerId": 33993898,
        "teamId": 200,
        "championId": 89
      },
      {
        "summonerId": 33432016,
        "teamId": 200,
        "championId": 254
      },
      {
        "summonerId": 24293173,
        "teamId": 100,
        "championId": 412
      }
    ],
    "stats": {
      "level": 15,
      "goldEarned": 8789,
      "numDeaths": 4,
      "turretsKilled": 1,
      "minionsKilled": 174,
      "championsKilled": 2,
      "goldSpent": 8370,
      "totalDamageDealt": 106414,
      "totalDamageTaken": 26280,
      "team": 200,
      "win": false,
      "neutralMinionsKilled": 7,
      "largestMultiKill": 1,
      "physicalDamageDealtPlayer": 43871,
      "magicDamageDealtPlayer": 62542,
      "physicalDamageTaken": 9652,
      "magicDamageTaken": 15267,
      "timePlayed": 1692,
      "totalHeal": 1455,
      "totalUnitsHealed": 1,
      "assists": 7,
      "item0": 3153,
      "item1": 3143,
      "item2": 1055,
      "item4": 3047,
      "item6": 3340,
      "visionWardsBought": 1,
      "magicDamageDealtToChampions": 8852,
      "physicalDamageDealtToChampions": 6550,
      "totalDamageDealtToChampions": 15403,
      "trueDamageTaken": 1360,
      "wardPlaced": 5,
      "neutralMinionsKilledEnemyJungle": 1,
      "neutralMinionsKilledYourJungle": 6,
      "totalTimeCrowdControlDealt": 300
    }
  },
  "20079911": {
    "gameId": 818169664,
    "invalid": false,
    "gameMode": "CLASSIC",
    "gameType": "MATCHED_GAME",
    "subType": "RANKED_SOLO_5x5",
    "mapId": 1,
    "teamId": 100,
    "championId": 29,
    "spell1": 4,
    "spell2": 7,
    "level": 30,
    "ipEarned": 82,
    "createDate": 1398242964777,
    "fellowPlayers": [
      {
        "summonerId": 23723715,
        "teamId": 200,
        "championId": 115
      },
      {
        "summonerId": 23869254,
        "teamId": 200,
        "championId": 222
      },
      {
        "summonerId": 20701576,
        "teamId": 100,
        "championId": 54
      },
      {
        "summonerId": 36435168,
        "teamId": 100,
        "championId": 28
      },
      {
        "summonerId": 19185811,
        "teamId": 100,
        "championId": 10
      },
      {
        "summonerId": 33993898,
        "teamId": 200,
        "championId": 89
      },
      {
        "summonerId": 33432016,
        "teamId": 200,
        "championId": 254
      },
      {
        "summonerId": 23529780,
        "teamId": 200,
        "championId": 102
      },
      {
        "summonerId": 24293173,
        "teamId": 100,
        "championId": 412
      }
    ],
    "stats": {
      "level": 15,
      "goldEarned": 12275,
      "numDeaths": 4,
      "barracksKilled": 1,
      "turretsKilled": 2,
      "minionsKilled": 181,
      "championsKilled": 10,
      "goldSpent": 11355,
      "totalDamageDealt": 122011,
      "totalDamageTaken": 15915,
      "doubleKills": 2,
      "killingSprees": 3,
      "largestKillingSpree": 3,
      "team": 100,
      "win": true,
      "neutralMinionsKilled": 13,
      "largestMultiKill": 2,
      "physicalDamageDealtPlayer": 112579,
      "physicalDamageTaken": 12266,
      "magicDamageTaken": 3158,
      "largestCriticalStrike": 570,
      "timePlayed": 1692,
      "totalHeal": 2112,
      "totalUnitsHealed": 3,
      "assists": 7,
      "item0": 3046,
      "item1": 3044,
      "item2": 3072,
      "item3": 3035,
      "item4": 3006,
      "item5": 1055,
      "item6": 3340,
      "sightWardsBought": 1,
      "physicalDamageDealtToChampions": 22880,
      "totalDamageDealtToChampions": 27556,
      "trueDamageDealtPlayer": 9432,
      "trueDamageDealtToChampions": 4676,
      "trueDamageTaken": 490,
      "wardPlaced": 3,
      "neutralMinionsKilledEnemyJungle": 3,
      "neutralMinionsKilledYourJungle": 10,
      "totalTimeCrowdControlDealt": 535
    }
  }
}