{
  "21964421": {
    "gameId": 818168527,
    "invalid": false,
    "gameMode": "CLASSIC",
    "gameType": "MATCHED_GAME",
    "subType": "RANKED_SOLO_5x5",
    "mapId": 1,
    "teamId": 200,
    "championId": 4,
    "spell1": 7,
    "spell2": 4,
    "level": 30,
    "ipEarned": 0,
    "createDate": 1398242799431,
    "fellowPlayers": [
      {
        "summonerId": 30902558,
        "teamId": 100,
        "championId": 5
      },
      {
        "summonerId": 26107593,
        "teamId": 200,
        "championId": 81
      },
      {
        "summonerId": 22639833,
        "teamId": 100,
        "championId": 76
      },
      {
        "summonerId": 24268349,
        "teamId": 200,
        "championId": 111
      },
      {
        "summonerId": 38763045,
        "teamId": 100,
        "championId": 48
      },
      {
        "summonerId": 30918565,
        "teamId": 100,
        "championId": 45
      },
      {
        "summonerId": 20117260,
        "teamId": 200,
        "championId": 25
      },
      {
        "summonerId": 36584569,
        "teamId": 100,
        "championId": 222
      },
      {
        "summonerId": 26267355,
        "teamId": 200,
        "championId": 58
      }
    ],
    "stats": {
      "level": 12,
      "goldEarned": 9215,
      "numDeaths": 3,
      "turretsKilled": 1,
      "minionsKilled": 88,
      "championsKilled": 6,
      "goldSpent": 7090,
      "totalDamageDealt": 56979,
      "totalDamageTaken": 11979,
      "killingSprees": 3,
      "largestKillingSpree": 2,
      "team": 200,
      "win": false,
      "neutralMinionsKilled": 9,
      "largestMultiKill": 1,
      "physicalDamageDealtPlayer": 8783,
      "magicDamageDealtPlayer": 48105,
      "physicalDamageTaken": 3390,
      "magicDamageTaken": 8065,
      "timePlayed": 1978,
      "totalHeal": 1132,
      "totalUnitsHealed": 1,
      "assists": 3,
      "item0": 1055,
      "item1": 3100,
      "item2": 1058,
      "item3": 3020,
      "item4": 2044,
      "item5": 2003,
      "item6": 3340,
      "sightWardsBought": 2,
      "visionWardsBought": 1,
      "magicDamageDealtToChampions": 7579,
      "physicalDamageDealtToChampions": 1066,
      "totalDamageDealtToChampions": 8706,
      "trueDamageDealtPlayer": 90,
      "trueDamageDealtToChampions": 60,
      "trueDamageTaken": 524,
      "wardPlaced": 3,
      "neutralMinionsKilledYourJungle": 9,
      "totalTimeCrowdControlDealt": 81
    }
  },
  "summonerCount": 10,
  "26267355": {
    "gameId": 818168527,
    "invalid": false,
    "gameMode": "CLASSIC",
    "gameType": "MATCHED_GAME",
    "subType": "RANKED_SOLO_5x5",
    "mapId": 1,
    "teamId": 200,
    "championId": 58,
    "spell1": 4,
    "spell2": 14,
    "level": 30,
    "ipEarned": 61,
    "createDate": 1398242799428,
    "fellowPlayers": [
      {
        "summonerId": 30902558,
        "teamId": 100,
        "championId": 5
      },
      {
        "summonerId": 26107593,
        "teamId": 200,
        "championId": 81
      },
      {
        "summonerId": 22639833,
        "teamId": 100,
        "championId": 76
      },
      {
        "summonerId": 24268349,
        "teamId": 200,
        "championId": 111
      },
      {
        "summonerId": 38763045,
        "teamId": 100,
        "championId": 48
      },
      {
        "summonerId": 30918565,
        "teamId": 100,
        "championId": 45
      },
      {
        "summonerId": 20117260,
        "teamId": 200,
        "championId": 25
      },
      {
        "summonerId": 36584569,
        "teamId": 100,
        "championId": 222
      },
      {
        "summonerId": 21964421,
        "teamId": 200,
        "championId": 4
      }
    ],
    "stats": {
      "level": 15,
      "goldEarned": 9750,
      "numDeaths": 5,
      "turretsKilled": 1,
      "minionsKilled": 191,
      "championsKilled": 4,
      "goldSpent": 9290,
      "totalDamageDealt": 111640,
      "totalDamageTaken": 30669,
      "killingSprees": 1,
      "largestKillingSpree": 3,
      "team": 200,
      "win": false,
      "largestMultiKill": 1,
      "physicalDamageDealtPlayer": 106981,
      "magicDamageDealtPlayer": 3999,
      "physicalDamageTaken": 19651,
      "magicDamageTaken": 10443,
      "timePlayed": 1978,
      "totalHeal": 5190,
      "totalUnitsHealed": 1,
      "assists": 2,
      "item0": 3143,
      "item1": 3071,
      "item2": 2003,
      "item3": 3047,
      "item4": 3211,
      "item5": 1028,
      "item6": 3340,
      "magicDamageDealtToChampions": 1796,
      "physicalDamageDealtToChampions": 13054,
      "totalDamageDealtToChampions": 15510,
      "trueDamageDealtPlayer": 660,
      "trueDamageDealtToChampions": 660,
      "trueDamageTaken": 574,
      "wardPlaced": 5,
      "totalTimeCrowdControlDealt": 731
    }
  },
  "36584569": {
    "gameId": 818168527,
    "invalid": false,
    "gameMode": "CLASSIC",
    "gameType": "MATCHED_GAME",
    "subType": "RANKED_SOLO_5x5",
    "mapId": 1,
    "teamId": 100,
    "championId": 222,
    "spell1": 7,
    "spell2": 4,
    "level": 30,
    "ipEarned": 92,
    "createDate": 1398242799425,
    "fellowPlayers": [
      {
        "summonerId": 30902558,
        "teamId": 100,
        "championId": 5
      },
      {
        "summonerId": 26107593,
        "teamId": 200,
        "championId": 81
      },
      {
        "summonerId": 22639833,
        "teamId": 100,
        "championId": 76
      },
      {
        "summonerId": 24268349,
        "teamId": 200,
        "championId": 111
      },
      {
        "summonerId": 38763045,
        "teamId": 100,
        "championId": 48
      },
      {
        "summonerId": 30918565,
        "teamId": 100,
        "championId": 45
      },
      {
        "summonerId": 20117260,
        "teamId": 200,
        "championId": 25
      },
      {
        "summonerId": 21964421,
        "teamId": 200,
        "championId": 4
      },
      {
        "summonerId": 26267355,
        "teamId": 200,
        "championId": 58
      }
    ],
    "stats": {
      "level": 15,
      "goldEarned": 10358,
      "numDeaths": 2,
      "barracksKilled": 1,
      "turretsKilled": 2,
      "minionsKilled": 150,
      "championsKilled": 3,
      "goldSpent": 9065,
      "totalDamageDealt": 108880,
      "totalDamageTaken": 16492,
      "killingSprees": 1,
      "largestKillingSpree": 2,
      "team": 100,
      "win": true,
      "neutralMinionsKilled": 10,
      "largestMultiKill": 1,
      "physicalDamageDealtPlayer": 107848,
      "magicDamageDealtPlayer": 919,
      "physicalDamageTaken": 9213,
      "magicDamageTaken": 7219,
      "largestCriticalStrike": 624,
      "timePlayed": 1978,
      "totalHeal": 2534,
      "totalUnitsHealed": 2,
      "assists": 2,
      "item0": 1055,
      "item1": 3046,
      "item2": 3072,
      "item3": 3006,
      "item4": 1038,
      "item6": 3340,
      "magicDamageDealtToChampions": 293,
      "physicalDamageDealtToChampions": 10569,
      "totalDamageDealtToChampions": 10862,
      "trueDamageDealtPlayer": 112,
      "trueDamageTaken": 60,
      "wardPlaced": 3,
      "neutralMinionsKilledEnemyJungle": 6,
      "neutralMinionsKilledYourJungle": 4,
      "totalTimeCrowdControlDealt": 160
    }
  },
  "38763045": {
    "gameId": 818168527,
    "invalid": false,
    "gameMode": "CLASSIC",
    "gameType": "MATCHED_GAME",
    "subType": "RANKED_SOLO_5x5",
    "mapId": 1,
    "teamId": 100,
    "championId": 48,
    "spell1": 12,
    "spell2": 4,
    "level": 30,
    "ipEarned": 242,
    "createDate": 1398242799423,
    "fellowPlayers": [
      {
        "summonerId": 30902558,
        "teamId": 100,
        "championId": 5
      },
      {
        "summonerId": 26107593,
        "teamId": 200,
        "championId": 81
      },
      {
        "summonerId": 22639833,
        "teamId": 100,
        "championId": 76
      },
      {
        "summonerId": 24268349,
        "teamId": 200,
        "championId": 111
      },
      {
        "summonerId": 30918565,
        "teamId": 100,
        "championId": 45
      },
      {
        "summonerId": 20117260,
        "teamId": 200,
        "championId": 25
      },
      {
        "summonerId": 36584569,
        "teamId": 100,
        "championId": 222
      },
      {
        "summonerId": 21964421,
        "teamId": 200,
        "championId": 4
      },
      {
        "summonerId": 26267355,
        "teamId": 200,
        "championId": 58
      }
    ],
    "stats": {
      "level": 16,
      "goldEarned": 10629,
      "numDeaths": 5,
      "barracksKilled": 1,
      "turretsKilled": 4,
      "minionsKilled": 137,
      "championsKilled": 4,
      "goldSpent": 8870,
      "totalDamageDealt": 96955,
      "totalDamageTaken": 32017,
      "killingSprees": 1,
      "largestKillingSpree": 3,
      "team": 100,
      "win": true,
      "neutralMinionsKilled": 9,
      "largestMultiKill": 1,
      "physicalDamageDealtPlayer": 92108,
      "magicDamageDealtPlayer": 4847,
      "physicalDamageTaken": 23252,
      "magicDamageTaken": 7990,
      "timePlayed": 1978,
      "totalHeal": 7183,
      "totalUnitsHealed": 1,
      "assists": 4,
      "item0": 1054,
      "item1": 1054,
      "item2": 3153,
      "item3": 3047,
      "item4": 3068,
      "item5": 1011,
      "item6": 3340,
      "magicDamageDealtToChampions": 2125,
      "physicalDamageDealtToChampions": 9167,
      "totalDamageDealtToChampions": 11292,
      "trueDamageTaken": 775,
      "wardPlaced": 2,
      "neutralMinionsKilledEnemyJungle": 2,
      "neutralMinionsKilledYourJungle": 7,
      "totalTimeCrowdControlDealt": 228
    }
  },
  "20117260": {
    "gameId": 818168527,
    "invalid": false,
    "gameMode": "CLASSIC",
    "gameType": "MATCHED_GAME",
    "subType": "RANKED_SOLO_5x5",
    "mapId": 1,
    "teamId": 200,
    "championId": 25,
    "spell1": 7,
    "spell2": 4,
    "level": 30,
    "ipEarned": 61,
    "createDate": 1398242799430,
    "fellowPlayers": [
      {
        "summonerId": 30902558,
        "teamId": 100,
        "championId": 5
      },
      {
        "summonerId": 26107593,
        "teamId": 200,
        "championId": 81
      },
      {
        "summonerId": 22639833,
        "teamId": 100,
        "championId": 76
      },
      {
        "summonerId": 24268349,
        "teamId": 200,
        "championId": 111
      },
      {
        "summonerId": 38763045,
        "teamId": 100,
        "championId": 48
      },
      {
        "summonerId": 30918565,
        "teamId": 100,
        "championId": 45
      },
      {
        "summonerId": 36584569,
        "teamId": 100,
        "championId": 222
      },
      {
        "summonerId": 21964421,
        "teamId": 200,
        "championId": 4
      },
      {
        "summonerId": 26267355,
        "teamId": 200,
        "championId": 58
      }
    ],
    "stats": {
      "level": 13,
      "goldEarned": 7839,
      "numDeaths": 6,
      "minionsKilled": 39,
      "championsKilled": 1,
      "goldSpent": 7715,
      "totalDamageDealt": 50790,
      "totalDamageTaken": 20014,
      "team": 200,
      "win": false,
      "neutralMinionsKilled": 1,
      "largestMultiKill": 1,
      "physicalDamageDealtPlayer": 7081,
      "magicDamageDealtPlayer": 43709,
      "physicalDamageTaken": 10418,
      "magicDamageTaken": 8569,
      "timePlayed": 1978,
      "totalHeal": 1600,
      "totalUnitsHealed": 3,
      "assists": 4,
      "item0": 3275,
      "item1": 3092,
      "item2": 3191,
      "item3": 3136,
      "item4": 1052,
      "item6": 3340,
      "sightWardsBought": 10,
      "magicDamageDealtToChampions": 9548,
      "physicalDamageDealtToChampions": 790,
      "totalDamageDealtToChampions": 10339,
      "trueDamageTaken": 1027,
      "wardPlaced": 18,
      "neutralMinionsKilledEnemyJungle": 1,
      "totalTimeCrowdControlDealt": 135
    }
  },
  "22639833": {
    "gameId": 818168527,
    "invalid": false,
    "gameMode": "CLASSIC",
    "gameType": "MATCHED_GAME",
    "subType": "RANKED_SOLO_5x5",
    "mapId": 1,
    "teamId": 100,
    "championId": 76,
    "spell1": 4,
    "spell2": 14,
    "level": 30,
    "ipEarned": 92,
    "createDate": 1398242799421,
    "fellowPlayers": [
      {
        "summonerId": 30902558,
        "teamId": 100,
        "championId": 5
      },
      {
        "summonerId": 26107593,
        "teamId": 200,
        "championId": 81
      },
      {
        "summonerId": 24268349,
        "teamId": 200,
        "championId": 111
      },
      {
        "summonerId": 38763045,
        "teamId": 100,
        "championId": 48
      },
      {
        "summonerId": 30918565,
        "teamId": 100,
        "championId": 45
      },
      {
        "summonerId": 20117260,
        "teamId": 200,
        "championId": 25
      },
      {
        "summonerId": 36584569,
        "teamId": 100,
        "championId": 222
      },
      {
        "summonerId": 21964421,
        "teamId": 200,
        "championId": 4
      },
      {
        "summonerId": 26267355,
        "teamId": 200,
        "championId": 58
      }
    ],
    "stats": {
      "level": 15,
      "goldEarned": 8999,
      "numDeaths": 3,
      "barracksKilled": 1,
      "turretsKilled": 1,
      "minionsKilled": 30,
      "championsKilled": 4,
      "goldSpent": 7365,
      "totalDamageDealt": 49592,
      "totalDamageTaken": 16049,
      "killingSprees": 1,
      "largestKillingSpree": 2,
      "team": 100,
      "win": true,
      "neutralMinionsKilled": 5,
      "largestMultiKill": 1,
      "physicalDamageDealtPlayer": 15037,
      "magicDamageDealtPlayer": 34116,
      "physicalDamageTaken": 8520,
      "magicDamageTaken": 7459,
      "timePlayed": 1978,
      "totalHeal": 7693,
      "totalUnitsHealed": 4,
      "assists": 6,
      "item0": 1056,
      "item1": 1056,
      "item2": 3027,
      "item3": 1001,
      "item4": 3089,
      "item6": 3340,
      "magicDamageDealtToChampions": 14409,
      "physicalDamageDealtToChampions": 2109,
      "totalDamageDealtToChampions": 16957,
      "trueDamageDealtPlayer": 438,
      "trueDamageDealtToChampions": 438,
      "trueDamageTaken": 70,
      "wardPlaced": 9,
      "neutralMinionsKilledEnemyJungle": 5,
      "totalTimeCrowdControlDealt": 12
    }
  },
  "26107593": {
    "gameId": 818168527,
    "invalid": false,
    "gameMode": "CLASSIC",
    "gameType": "MATCHED_GAME",
    "subType": "RANKED_SOLO_5x5",
    "mapId": 1,
    "teamId": 200,
    "championId": 81,
    "spell1": 4,
    "spell2": 7,
    "level": 30,
    "ipEarned": 61,
    "createDate": 1398242799427,
    "fellowPlayers": [
      {
        "summonerId": 30902558,
        "teamId": 100,
        "championId": 5
      },
      {
        "summonerId": 22639833,
        "teamId": 100,
        "championId": 76
      },
      {
        "summonerId": 24268349,
        "teamId": 200,
        "championId": 111
      },
      {
        "summonerId": 38763045,
        "teamId": 100,
        "championId": 48
      },
      {
        "summonerId": 30918565,
        "teamId": 100,
        "championId": 45
      },
      {
        "summonerId": 20117260,
        "teamId": 200,
        "championId": 25
      },
      {
        "summonerId": 36584569,
        "teamId": 100,
        "championId": 222
      },
      {
        "summonerId": 21964421,
        "teamId": 200,
        "championId": 4
      },
      {
        "summonerId": 26267355,
        "teamId": 200,
        "championId": 58
      }
    ],
    "stats": {
      "level": 15,
      "goldEarned": 10652,
      "numDeaths": 8,
      "minionsKilled": 203,
      "championsKilled": 6,
      "goldSpent": 9723,
      "totalDamageDealt": 127135,
      "totalDamageTaken": 24105,
      "killingSprees": 2,
      "largestKillingSpree": 2,
      "team": 200,
      "win": false,
      "neutralMinionsKilled": 1,
      "largestMultiKill": 1,
      "physicalDamageDealtPlayer": 100794,
      "magicDamageDealtPlayer": 26341,
      "physicalDamageTaken": 11262,
      "magicDamageTaken": 12441,
      "largestCriticalStrike": 628,
      "timePlayed": 1978,
      "totalHeal": 2078,
      "totalUnitsHealed": 2,
      "assists": 2,
      "item0": 1037,
      "item1": 3072,
      "item2": 3078,
      "item3": 3006,
      "item4": 1036,
      "item6": 3340,
      "magicDamageDealtToChampions": 8147,
      "physicalDamageDealtToChampions": 10766,
      "totalDamageDealtToChampions": 18914,
      "trueDamageTaken": 401,
      "wardPlaced": 3,
      "neutralMinionsKilledYourJungle": 1
    }
  },
  "24268349": {
    "gameId": 818168527,
    "invalid": false,
    "gameMode": "CLASSIC",
    "gameType": "MATCHED_GAME",
    "subType": "RANKED_SOLO_5x5",
    "mapId": 1,
    "teamId": 200,
    "championId": 111,
    "spell1": 11,
    "spell2": 4,
    "level": 30,
    "ipEarned": 61,
    "createDate": 1398242799433,
    "fellowPlayers": [
      {
        "summonerId": 30902558,
        "teamId": 100,
        "championId": 5
      },
      {
        "summonerId": 26107593,
        "teamId": 200,
        "championId": 81
      },
      {
        "summonerId": 22639833,
        "teamId": 100,
        "championId": 76
      },
      {
        "summonerId": 38763045,
        "teamId": 100,
        "championId": 48
      },
      {
        "summonerId": 30918565,
        "teamId": 100,
        "championId": 45
      },
      {
        "summonerId": 20117260,
        "teamId": 200,
        "championId": 25
      },
      {
        "summonerId": 36584569,
        "teamId": 100,
        "championId": 222
      },
      {
        "summonerId": 21964421,
        "teamId": 200,
        "championId": 4
      },
      {
        "summonerId": 26267355,
        "teamId": 200,
        "championId": 58
      }
    ],
    "stats": {
      "level": 16,
      "goldEarned": 10179,
      "numDeaths": 2,
      "turretsKilled": 1,
      "minionsKilled": 46,
      "championsKilled": 2,
      "goldSpent": 10145,
      "totalDamageDealt": 134040,
      "totalDamageTaken": 21599,
      "killingSprees": 1,
      "largestKillingSpree": 2,
      "team": 200,
      "win": false,
      "neutralMinionsKilled": 78,
      "largestMultiKill": 1,
      "physicalDamageDealtPlayer": 41215,
      "magicDamageDealtPlayer": 80523,
      "physicalDamageTaken": 13225,
      "magicDamageTaken": 7831,
      "timePlayed": 1978,
      "totalHeal": 4921,
      "totalUnitsHealed": 1,
      "assists": 10,
      "item0": 3207,
      "item1": 3083,
      "item2": 3110,
      "item3": 3270,
      "item4": 1057,
      "item5": 1028,
      "item6": 3340,
      "sightWardsBought": 1,
      "magicDamageDealtToChampions": 8249,
      "physicalDamageDealtToChampions": 3603,
      "totalDamageDealtToChampions": 12315,
      "trueDamageDealtPlayer": 12302,
      "trueDamageDealtToChampions": 462,
      "trueDamageTaken": 542,
      "wardPlaced": 4,
      "neutralMinionsKilledEnemyJungle": 4,
      "neutralMinionsKilledYourJungle": 74,
      "totalTimeCrowdControlDealt": 1330
    }
  },
  "30902558": {
    "gameId": 818168527,
    "invalid": false,
    "gameMode": "CLASSIC",
    "gameType": "MATCHED_GAME",
    "subType": "RANKED_SOLO_5x5",
    "mapId": 1,
    "teamId": 100,
    "championId": 5,
    "spell1": 4,
    "spell2": 11,
    "level": 30,
    "ipEarned": 92,
    "createDate": 1398242799420,
    "fellowPlayers": [
      {
        "summonerId": 26107593,
        "teamId": 200,
        "championId": 81
      },
      {
        "summonerId": 22639833,
        "teamId": 100,
        "championId": 76
      },
      {
        "summonerId": 24268349,
        "teamId": 200,
        "championId": 111
      },
      {
        "summonerId": 38763045,
        "teamId": 100,
        "championId": 48
      },
      {
        "summonerId": 30918565,
        "teamId": 100,
        "championId": 45
      },
      {
        "summonerId": 20117260,
        "teamId": 200,
        "championId": 25
      },
      {
        "summonerId": 36584569,
        "teamId": 100,
        "championId": 222
      },
      {
        "summonerId": 21964421,
        "teamId": 200,
        "championId": 4
      },
      {
        "summonerId": 26267355,
        "teamId": 200,
        "championId": 58
      }
    ],
    "stats": {
      "level": 17,
      "goldEarned": 11672,
      "numDeaths": 4,
      "turretsKilled": 2,
      "minionsKilled": 74,
      "championsKilled": 3,
      "goldSpent": 10238,
      "totalDamageDealt": 192360,
      "totalDamageTaken": 24332,
      "killingSprees": 1,
      "largestKillingSpree": 2,
      "team": 100,
      "win": true,
      "neutralMinionsKilled": 105,
      "largestMultiKill": 1,
      "physicalDamageDealtPlayer": 124345,
      "magicDamageDealtPlayer": 52616,
      "physicalDamageTaken": 19199,
      "magicDamageTaken": 4719,
      "timePlayed": 1978,
      "totalHeal": 8979,
      "totalUnitsHealed": 1,
      "assists": 4,
      "item0": 3078,
      "item1": 3006,
      "item2": 3160,
      "item3": 1036,
      "item5": 3074,
      "item6": 3341,
      "magicDamageDealtToChampions": 1900,
      "physicalDamageDealtToChampions": 7750,
      "totalDamageDealtToChampions": 10338,
      "trueDamageDealtPlayer": 15398,
      "trueDamageDealtToChampions": 688,
      "trueDamageTaken": 414,
      "wardKilled": 1,
      "wardPlaced": 5,
      "neutralMinionsKilledEnemyJungle": 22,
      "neutralMinionsKilledYourJungle": 83,
      "totalTimeCrowdControlDealt": 840
    }
  },
  "21964421": {
    "gameId": 818168527,
    "invalid": false,
    "gameMode": "CLASSIC",
    "gameType": "MATCHED_GAME",
    "subType": "RANKED_SOLO_5x5",
    "mapId": 1,
    "teamId": 200,
    "championId": 4,
    "spell1": 7,
    "spell2": 4,
    "level": 30,
    "ipEarned": 0,
    "createDate": 1398242799431,
    "fellowPlayers": [
      {
        "summonerId": 30902558,
        "teamId": 100,
        "championId": 5
      },
      {
        "summonerId": 26107593,
        "teamId": 200,
        "championId": 81
      },
      {
        "summonerId": 22639833,
        "teamId": 100,
        "championId": 76
      },
      {
        "summonerId": 24268349,
        "teamId": 200,
        "championId": 111
      },
      {
        "summonerId": 38763045,
        "teamId": 100,
        "championId": 48
      },
      {
        "summonerId": 30918565,
        "teamId": 100,
        "championId": 45
      },
      {
        "summonerId": 20117260,
        "teamId": 200,
        "championId": 25
      },
      {
        "summonerId": 36584569,
        "teamId": 100,
        "championId": 222
      },
      {
        "summonerId": 26267355,
        "teamId": 200,
        "championId": 58
      }
    ],
    "stats": {
      "level": 12,
      "goldEarned": 9215,
      "numDeaths": 3,
      "turretsKilled": 1,
      "minionsKilled": 88,
      "championsKilled": 6,
      "goldSpent": 7090,
      "totalDamageDealt": 56979,
      "totalDamageTaken": 11979,
      "killingSprees": 3,
      "largestKillingSpree": 2,
      "team": 200,
      "win": false,
      "neutralMinionsKilled": 9,
      "largestMultiKill": 1,
      "physicalDamageDealtPlayer": 8783,
      "magicDamageDealtPlayer": 48105,
      "physicalDamageTaken": 3390,
      "magicDamageTaken": 8065,
      "timePlayed": 1978,
      "totalHeal": 1132,
      "totalUnitsHealed": 1,
      "assists": 3,
      "item0": 1055,
      "item1": 3100,
      "item2": 1058,
      "item3": 3020,
      "item4": 2044,
      "item5": 2003,
      "item6": 3340,
      "sightWardsBought": 2,
      "visionWardsBought": 1,
      "magicDamageDealtToChampions": 7579,
      "physicalDamageDealtToChampions": 1066,
      "totalDamageDealtToChampions": 8706,
      "trueDamageDealtPlayer": 90,
      "trueDamageDealtToChampions": 60,
      "trueDamageTaken": 524,
      "wardPlaced": 3,
      "neutralMinionsKilledYourJungle": 9,
      "totalTimeCrowdControlDealt": 81
    }
  }
}