{
  "36407453": {
    "gameId": 818169850,
    "invalid": false,
    "gameMode": "CLASSIC",
    "gameType": "MATCHED_GAME",
    "subType": "NORMAL",
    "mapId": 1,
    "teamId": 100,
    "championId": 238,
    "spell1": 4,
    "spell2": 14,
    "level": 30,
    "ipEarned": 67,
    "createDate": 1398243517747,
    "fellowPlayers": [
      {
        "summonerId": 37109996,
        "teamId": 200,
        "championId": 254
      },
      {
        "summonerId": 28703167,
        "teamId": 200,
        "championId": 78
      },
      {
        "summonerId": 24537894,
        "teamId": 100,
        "championId": 133
      },
      {
        "summonerId": 30030622,
        "teamId": 200,
        "championId": 115
      },
      {
        "summonerId": 40133667,
        "teamId": 100,
        "championId": 114
      },
      {
        "summonerId": 24191777,
        "teamId": 200,
        "championId": 29
      },
      {
        "summonerId": 37103754,
        "teamId": 200,
        "championId": 8
      },
      {
        "summonerId": 23760273,
        "teamId": 100,
        "championId": 76
      },
      {
        "summonerId": 33374877,
        "teamId": 100,
        "championId": 92
      }
    ],
    "stats": {
      "level": 16,
      "goldEarned": 10312,
      "numDeaths": 9,
      "minionsKilled": 134,
      "championsKilled": 7,
      "goldSpent": 9265,
      "totalDamageDealt": 106071,
      "totalDamageTaken": 27797,
      "killingSprees": 2,
      "largestKillingSpree": 2,
      "team": 100,
      "win": false,
      "neutralMinionsKilled": 7,
      "largestMultiKill": 1,
      "physicalDamageDealtPlayer": 100670,
      "magicDamageDealtPlayer": 4279,
      "physicalDamageTaken": 13946,
      "magicDamageTaken": 11639,
      "timePlayed": 2176,
      "totalHeal": 3330,
      "totalUnitsHealed": 1,
      "assists": 7,
      "item0": 3153,
      "item1": 3071,
      "item2": 1028,
      "item3": 3275,
      "item4": 1037,
      "item6": 3340,
      "magicDamageDealtToChampions": 851,
      "physicalDamageDealtToChampions": 18873,
      "totalDamageDealtToChampions": 20847,
      "trueDamageDealtPlayer": 1122,
      "trueDamageDealtToChampions": 1122,
      "trueDamageTaken": 2212,
      "wardPlaced": 31,
      "neutralMinionsKilledEnemyJungle": 3,
      "neutralMinionsKilledYourJungle": 4,
      "totalTimeCrowdControlDealt": 181
    }
  },
  "summonerCount": 10,
  "40133667": {
    "gameId": 818169850,
    "invalid": false,
    "gameMode": "CLASSIC",
    "gameType": "MATCHED_GAME",
    "subType": "NORMAL",
    "mapId": 1,
    "teamId": 100,
    "championId": 114,
    "spell1": 4,
    "spell2": 11,
    "level": 30,
    "ipEarned": 67,
    "createDate": 1398243517748,
    "fellowPlayers": [
      {
        "summonerId": 37109996,
        "teamId": 200,
        "championId": 254
      },
      {
        "summonerId": 28703167,
        "teamId": 200,
        "championId": 78
      },
      {
        "summonerId": 24537894,
        "teamId": 100,
        "championId": 133
      },
      {
        "summonerId": 30030622,
        "teamId": 200,
        "championId": 115
      },
      {
        "summonerId": 36407453,
        "teamId": 100,
        "championId": 238
      },
      {
        "summonerId": 24191777,
        "teamId": 200,
        "championId": 29
      },
      {
        "summonerId": 37103754,
        "teamId": 200,
        "championId": 8
      },
      {
        "summonerId": 23760273,
        "teamId": 100,
        "championId": 76
      },
      {
        "summonerId": 33374877,
        "teamId": 100,
        "championId": 92
      }
    ],
    "stats": {
      "level": 16,
      "goldEarned": 9447,
      "numDeaths": 12,
      "minionsKilled": 57,
      "championsKilled": 6,
      "goldSpent": 9270,
      "totalDamageDealt": 89941,
      "totalDamageTaken": 32063,
      "doubleKills": 1,
      "killingSprees": 2,
      "largestKillingSpree": 2,
      "team": 100,
      "win": false,
      "neutralMinionsKilled": 42,
      "largestMultiKill": 2,
      "physicalDamageDealtPlayer": 75254,
      "magicDamageDealtPlayer": 4407,
      "physicalDamageTaken": 19444,
      "magicDamageTaken": 11842,
      "timePlayed": 2176,
      "totalHeal": 1631,
      "totalUnitsHealed": 1,
      "assists": 7,
      "item0": 3074,
      "item1": 3071,
      "item2": 3158,
      "item3": 1038,
      "item6": 3340,
      "magicDamageDealtToChampions": 893,
      "physicalDamageDealtToChampions": 11372,
      "totalDamageDealtToChampions": 12493,
      "trueDamageDealtPlayer": 10280,
      "trueDamageDealtToChampions": 228,
      "trueDamageTaken": 777,
      "wardPlaced": 5,
      "neutralMinionsKilledEnemyJungle": 1,
      "neutralMinionsKilledYourJungle": 41,
      "totalTimeCrowdControlDealt": 281
    }
  },
  "24191777": {
    "gameId": 818169850,
    "invalid": false,
    "gameMode": "CLASSIC",
    "gameType": "MATCHED_GAME",
    "subType": "NORMAL",
    "mapId": 1,
    "teamId": 200,
    "championId": 29,
    "spell1": 7,
    "spell2": 4,
    "level": 30,
    "ipEarned": 101,
    "createDate": 1398243517756,
    "fellowPlayers": [
      {
        "summonerId": 37109996,
        "teamId": 200,
        "championId": 254
      },
      {
        "summonerId": 28703167,
        "teamId": 200,
        "championId": 78
      },
      {
        "summonerId": 24537894,
        "teamId": 100,
        "championId": 133
      },
      {
        "summonerId": 30030622,
        "teamId": 200,
        "championId": 115
      },
      {
        "summonerId": 36407453,
        "teamId": 100,
        "championId": 238
      },
      {
        "summonerId": 40133667,
        "teamId": 100,
        "championId": 114
      },
      {
        "summonerId": 37103754,
        "teamId": 200,
        "championId": 8
      },
      {
        "summonerId": 23760273,
        "teamId": 100,
        "championId": 76
      },
      {
        "summonerId": 33374877,
        "teamId": 100,
        "championId": 92
      }
    ],
    "stats": {
      "level": 18,
      "goldEarned": 13910,
      "numDeaths": 8,
      "turretsKilled": 2,
      "minionsKilled": 218,
      "championsKilled": 6,
      "goldSpent": 12640,
      "totalDamageDealt": 142010,
      "totalDamageTaken": 28660,
      "killingSprees": 2,
      "largestKillingSpree": 2,
      "team": 200,
      "win": true,
      "neutralMinionsKilled": 9,
      "largestMultiKill": 1,
      "physicalDamageDealtPlayer": 133610,
      "magicDamageDealtPlayer": 220,
      "physicalDamageTaken": 26824,
      "magicDamageTaken": 808,
      "timePlayed": 2176,
      "totalHeal": 4254,
      "totalUnitsHealed": 3,
      "assists": 6,
      "item0": 3131,
      "item1": 3153,
      "item2": 3006,
      "item3": 3085,
      "item4": 3072,
      "item6": 3340,
      "magicDamageDealtToChampions": 220,
      "physicalDamageDealtToChampions": 14968,
      "totalDamageDealtToChampions": 18436,
      "trueDamageDealtPlayer": 8180,
      "trueDamageDealtToChampions": 3248,
      "trueDamageTaken": 1028,
      "wardPlaced": 6,
      "neutralMinionsKilledEnemyJungle": 7,
      "neutralMinionsKilledYourJungle": 2,
      "totalTimeCrowdControlDealt": 315
    }
  },
  "33374877": {
    "gameId": 818169850,
    "invalid": false,
    "gameMode": "CLASSIC",
    "gameType": "MATCHED_GAME",
    "subType": "NORMAL",
    "mapId": 1,
    "teamId": 100,
    "championId": 92,
    "spell1": 4,
    "spell2": 14,
    "level": 30,
    "ipEarned": 67,
    "createDate": 1398243517750,
    "fellowPlayers": [
      {
        "summonerId": 37109996,
        "teamId": 200,
        "championId": 254
      },
      {
        "summonerId": 28703167,
        "teamId": 200,
        "championId": 78
      },
      {
        "summonerId": 24537894,
        "teamId": 100,
        "championId": 133
      },
      {
        "summonerId": 30030622,
        "teamId": 200,
        "championId": 115
      },
      {
        "summonerId": 36407453,
        "teamId": 100,
        "championId": 238
      },
      {
        "summonerId": 40133667,
        "teamId": 100,
        "championId": 114
      },
      {
        "summonerId": 24191777,
        "teamId": 200,
        "championId": 29
      },
      {
        "summonerId": 37103754,
        "teamId": 200,
        "championId": 8
      },
      {
        "summonerId": 23760273,
        "teamId": 100,
        "championId": 76
      }
    ],
    "stats": {
      "level": 16,
      "goldEarned": 11546,
      "numDeaths": 13,
      "turretsKilled": 1,
      "minionsKilled": 109,
      "championsKilled": 10,
      "goldSpent": 9825,
      "totalDamageDealt": 104293,
      "totalDamageTaken": 40328,
      "doubleKills": 1,
      "killingSprees": 3,
      "largestKillingSpree": 3,
      "team": 100,
      "win": false,
      "neutralMinionsKilled": 18,
      "largestMultiKill": 2,
      "physicalDamageDealtPlayer": 103323,
      "physicalDamageTaken": 24416,
      "magicDamageTaken": 13691,
      "timePlayed": 2176,
      "totalHeal": 4199,
      "totalUnitsHealed": 1,
      "assists": 7,
      "item0": 3074,
      "item1": 3275,
      "item2": 1055,
      "item3": 1011,
      "item4": 3071,
      "item5": 1028,
      "item6": 3340,
      "physicalDamageDealtToChampions": 21240,
      "totalDamageDealtToChampions": 22210,
      "trueDamageDealtPlayer": 970,
      "trueDamageDealtToChampions": 970,
      "trueDamageTaken": 2220,
      "wardPlaced": 5,
      "neutralMinionsKilledEnemyJungle": 2,
      "neutralMinionsKilledYourJungle": 16,
      "totalTimeCrowdControlDealt": 70
    }
  },
  "28703167": {
    "gameId": 818169850,
    "invalid": false,
    "gameMode": "CLASSIC",
    "gameType": "MATCHED_GAME",
    "subType": "NORMAL",
    "mapId": 1,
    "teamId": 200,
    "championId": 78,
    "spell1": 4,
    "spell2": 3,
    "level": 30,
    "ipEarned": 101,
    "createDate": 1398243517757,
    "fellowPlayers": [
      {
        "summonerId": 37109996,
        "teamId": 200,
        "championId": 254
      },
      {
        "summonerId": 24537894,
        "teamId": 100,
        "championId": 133
      },
      {
        "summonerId": 30030622,
        "teamId": 200,
        "championId": 115
      },
      {
        "summonerId": 36407453,
        "teamId": 100,
        "championId": 238
      },
      {
        "summonerId": 40133667,
        "teamId": 100,
        "championId": 114
      },
      {
        "summonerId": 24191777,
        "teamId": 200,
        "championId": 29
      },
      {
        "summonerId": 37103754,
        "teamId": 200,
        "championId": 8
      },
      {
        "summonerId": 23760273,
        "teamId": 100,
        "championId": 76
      },
      {
        "summonerId": 33374877,
        "teamId": 100,
        "championId": 92
      }
    ],
    "stats": {
      "level": 16,
      "goldEarned": 10658,
      "numDeaths": 4,
      "barracksKilled": 1,
      "minionsKilled": 31,
      "championsKilled": 4,
      "goldSpent": 9623,
      "totalDamageDealt": 40693,
      "totalDamageTaken": 22421,
      "killingSprees": 1,
      "largestKillingSpree": 2,
      "team": 200,
      "win": true,
      "neutralMinionsKilled": 6,
      "largestMultiKill": 1,
      "physicalDamageDealtPlayer": 24194,
      "magicDamageDealtPlayer": 13466,
      "physicalDamageTaken": 17243,
      "magicDamageTaken": 4949,
      "largestCriticalStrike": 362,
      "timePlayed": 2176,
      "totalHeal": 1561,
      "totalUnitsHealed": 4,
      "assists": 13,
      "item0": 3401,
      "item1": 3078,
      "item2": 2049,
      "item3": 3269,
      "item4": 3082,
      "item6": 3341,
      "magicDamageDealtToChampions": 7183,
      "physicalDamageDealtToChampions": 3740,
      "totalDamageDealtToChampions": 10923,
      "trueDamageDealtPlayer": 3033,
      "trueDamageTaken": 228,
      "wardPlaced": 23,
      "neutralMinionsKilledEnemyJungle": 2,
      "neutralMinionsKilledYourJungle": 4,
      "totalTimeCrowdControlDealt": 103
    }
  },
  "37103754": {
    "gameId": 818169850,
    "invalid": false,
    "gameMode": "CLASSIC",
    "gameType": "MATCHED_GAME",
    "subType": "NORMAL",
    "mapId": 1,
    "teamId": 200,
    "championId": 8,
    "spell1": 4,
    "spell2": 14,
    "level": 30,
    "ipEarned": 251,
    "createDate": 1398243517753,
    "fellowPlayers": [
      {
        "summonerId": 37109996,
        "teamId": 200,
        "championId": 254
      },
      {
        "summonerId": 28703167,
        "teamId": 200,
        "championId": 78
      },
      {
        "summonerId": 24537894,
        "teamId": 100,
        "championId": 133
      },
      {
        "summonerId": 30030622,
        "teamId": 200,
        "championId": 115
      },
      {
        "summonerId": 36407453,
        "teamId": 100,
        "championId": 238
      },
      {
        "summonerId": 40133667,
        "teamId": 100,
        "championId": 114
      },
      {
        "summonerId": 24191777,
        "teamId": 200,
        "championId": 29
      },
      {
        "summonerId": 23760273,
        "teamId": 100,
        "championId": 76
      },
      {
        "summonerId": 33374877,
        "teamId": 100,
        "championId": 92
      }
    ],
    "stats": {
      "level": 17,
      "goldEarned": 13474,
      "numDeaths": 7,
      "turretsKilled": 2,
      "minionsKilled": 163,
      "championsKilled": 8,
      "goldSpent": 12725,
      "totalDamageDealt": 133390,
      "totalDamageTaken": 28096,
      "killingSprees": 1,
      "largestKillingSpree": 4,
      "team": 200,
      "win": true,
      "neutralMinionsKilled": 9,
      "largestMultiKill": 1,
      "physicalDamageDealtPlayer": 26586,
      "magicDamageDealtPlayer": 105681,
      "physicalDamageTaken": 19568,
      "magicDamageTaken": 8107,
      "timePlayed": 2176,
      "totalHeal": 11129,
      "totalUnitsHealed": 1,
      "assists": 9,
      "item0": 3255,
      "item1": 3157,
      "item2": 3146,
      "item3": 3089,
      "item4": 1052,
      "item6": 3340,
      "magicDamageDealtToChampions": 23035,
      "physicalDamageDealtToChampions": 2218,
      "totalDamageDealtToChampions": 26376,
      "trueDamageDealtPlayer": 1122,
      "trueDamageDealtToChampions": 1122,
      "trueDamageTaken": 420,
      "wardKilled": 1,
      "wardPlaced": 7,
      "neutralMinionsKilledEnemyJungle": 9,
      "totalTimeCrowdControlDealt": 128
    }
  },
  "37109996": {
    "gameId": 818169850,
    "invalid": false,
    "gameMode": "CLASSIC",
    "gameType": "MATCHED_GAME",
    "subType": "NORMAL",
    "mapId": 1,
    "teamId": 200,
    "championId": 254,
    "spell1": 4,
    "spell2": 11,
    "level": 30,
    "ipEarned": 101,
    "createDate": 1398243517754,
    "fellowPlayers": [
      {
        "summonerId": 28703167,
        "teamId": 200,
        "championId": 78
      },
      {
        "summonerId": 24537894,
        "teamId": 100,
        "championId": 133
      },
      {
        "summonerId": 30030622,
        "teamId": 200,
        "championId": 115
      },
      {
        "summonerId": 36407453,
        "teamId": 100,
        "championId": 238
      },
      {
        "summonerId": 40133667,
        "teamId": 100,
        "championId": 114
      },
      {
        "summonerId": 24191777,
        "teamId": 200,
        "championId": 29
      },
      {
        "summonerId": 37103754,
        "teamId": 200,
        "championId": 8
      },
      {
        "summonerId": 23760273,
        "teamId": 100,
        "championId": 76
      },
      {
        "summonerId": 33374877,
        "teamId": 100,
        "championId": 92
      }
    ],
    "stats": {
      "level": 18,
      "goldEarned": 19297,
      "numDeaths": 8,
      "turretsKilled": 1,
      "minionsKilled": 74,
      "championsKilled": 23,
      "goldSpent": 16653,
      "totalDamageDealt": 236688,
      "totalDamageTaken": 30586,
      "doubleKills": 2,
      "tripleKills": 1,
      "killingSprees": 7,
      "largestKillingSpree": 6,
      "team": 200,
      "win": true,
      "neutralMinionsKilled": 102,
      "largestMultiKill": 3,
      "physicalDamageDealtPlayer": 209905,
      "magicDamageDealtPlayer": 782,
      "physicalDamageTaken": 27466,
      "magicDamageTaken": 2338,
      "largestCriticalStrike": 979,
      "timePlayed": 2176,
      "totalHeal": 3589,
      "totalUnitsHealed": 1,
      "assists": 10,
      "item0": 3265,
      "item1": 3209,
      "item2": 3071,
      "item3": 3083,
      "item4": 3110,
      "item5": 3078,
      "item6": 3340,
      "physicalDamageDealtToChampions": 41993,
      "totalDamageDealtToChampions": 45484,
      "trueDamageDealtPlayer": 25999,
      "trueDamageDealtToChampions": 3491,
      "trueDamageTaken": 781,
      "wardPlaced": 6,
      "neutralMinionsKilledEnemyJungle": 39,
      "neutralMinionsKilledYourJungle": 63,
      "totalTimeCrowdControlDealt": 1270
    }
  },
  "24537894": {
    "gameId": 818169850,
    "invalid": false,
    "gameMode": "CLASSIC",
    "gameType": "MATCHED_GAME",
    "subType": "NORMAL",
    "mapId": 1,
    "teamId": 100,
    "championId": 133,
    "spell1": 21,
    "spell2": 4,
    "level": 30,
    "ipEarned": 67,
    "createDate": 1398243517752,
    "fellowPlayers": [
      {
        "summonerId": 37109996,
        "teamId": 200,
        "championId": 254
      },
      {
        "summonerId": 28703167,
        "teamId": 200,
        "championId": 78
      },
      {
        "summonerId": 30030622,
        "teamId": 200,
        "championId": 115
      },
      {
        "summonerId": 36407453,
        "teamId": 100,
        "championId": 238
      },
      {
        "summonerId": 40133667,
        "teamId": 100,
        "championId": 114
      },
      {
        "summonerId": 24191777,
        "teamId": 200,
        "championId": 29
      },
      {
        "summonerId": 37103754,
        "teamId": 200,
        "championId": 8
      },
      {
        "summonerId": 23760273,
        "teamId": 100,
        "championId": 76
      },
      {
        "summonerId": 33374877,
        "teamId": 100,
        "championId": 92
      }
    ],
    "stats": {
      "level": 16,
      "goldEarned": 10237,
      "numDeaths": 11,
      "turretsKilled": 1,
      "minionsKilled": 108,
      "championsKilled": 3,
      "goldSpent": 8780,
      "totalDamageDealt": 96887,
      "totalDamageTaken": 30637,
      "team": 100,
      "win": false,
      "neutralMinionsKilled": 15,
      "largestMultiKill": 1,
      "physicalDamageDealtPlayer": 85614,
      "magicDamageDealtPlayer": 11272,
      "physicalDamageTaken": 17014,
      "magicDamageTaken": 11714,
      "largestCriticalStrike": 703,
      "timePlayed": 2176,
      "totalHeal": 314,
      "totalUnitsHealed": 1,
      "assists": 13,
      "item0": 3072,
      "item1": 3006,
      "item2": 3087,
      "item3": 1036,
      "item4": 1037,
      "item5": 1028,
      "item6": 3340,
      "magicDamageDealtToChampions": 1735,
      "physicalDamageDealtToChampions": 17828,
      "totalDamageDealtToChampions": 19564,
      "trueDamageTaken": 1908,
      "wardPlaced": 6,
      "neutralMinionsKilledEnemyJungle": 1,
      "neutralMinionsKilledYourJungle": 14,
      "totalTimeCrowdControlDealt": 104
    }
  },
  "30030622": {
    "gameId": 818169850,
    "invalid": false,
    "gameMode": "CLASSIC",
    "gameType": "MATCHED_GAME",
    "subType": "NORMAL",
    "mapId": 1,
    "teamId": 200,
    "championId": 115,
    "spell1": 4,
    "spell2": 14,
    "level": 30,
    "ipEarned": 101,
    "createDate": 1398243517755,
    "fellowPlayers": [
      {
        "summonerId": 37109996,
        "teamId": 200,
        "championId": 254
      },
      {
        "summonerId": 28703167,
        "teamId": 200,
        "championId": 78
      },
      {
        "summonerId": 24537894,
        "teamId": 100,
        "championId": 133
      },
      {
        "summonerId": 36407453,
        "teamId": 100,
        "championId": 238
      },
      {
        "summonerId": 40133667,
        "teamId": 100,
        "championId": 114
      },
      {
        "summonerId": 24191777,
        "teamId": 200,
        "championId": 29
      },
      {
        "summonerId": 37103754,
        "teamId": 200,
        "championId": 8
      },
      {
        "summonerId": 23760273,
        "teamId": 100,
        "championId": 76
      },
      {
        "summonerId": 33374877,
        "teamId": 100,
        "championId": 92
      }
    ],
    "stats": {
      "level": 18,
      "goldEarned": 15874,
      "numDeaths": 6,
      "turretsKilled": 2,
      "minionsKilled": 197,
      "championsKilled": 12,
      "goldSpent": 14885,
      "totalDamageDealt": 186877,
      "totalDamageTaken": 21428,
      "killingSprees": 3,
      "largestKillingSpree": 4,
      "team": 200,
      "win": true,
      "neutralMinionsKilled": 19,
      "largestMultiKill": 1,
      "physicalDamageDealtPlayer": 20834,
      "magicDamageDealtPlayer": 165973,
      "physicalDamageTaken": 14942,
      "magicDamageTaken": 5518,
      "timePlayed": 2176,
      "totalHeal": 1448,
      "totalUnitsHealed": 1,
      "assists": 10,
      "item0": 3255,
      "item1": 3157,
      "item2": 3135,
      "item3": 3174,
      "item4": 3089,
      "item5": 3108,
      "item6": 3340,
      "sightWardsBought": 1,
      "magicDamageDealtToChampions": 32908,
      "physicalDamageDealtToChampions": 1626,
      "totalDamageDealtToChampions": 34605,
      "trueDamageDealtPlayer": 70,
      "trueDamageDealtToChampions": 70,
      "trueDamageTaken": 968,
      "wardPlaced": 3,
      "neutralMinionsKilledEnemyJungle": 12,
      "neutralMinionsKilledYourJungle": 7,
      "totalTimeCrowdControlDealt": 620
    }
  },
  "36407453": {
    "gameId": 818169850,
    "invalid": false,
    "gameMode": "CLASSIC",
    "gameType": "MATCHED_GAME",
    "subType": "NORMAL",
    "mapId": 1,
    "teamId": 100,
    "championId": 238,
    "spell1": 4,
    "spell2": 14,
    "level": 30,
    "ipEarned": 67,
    "createDate": 1398243517747,
    "fellowPlayers": [
      {
        "summonerId": 37109996,
        "teamId": 200,
        "championId": 254
      },
      {
        "summonerId": 28703167,
        "teamId": 200,
        "championId": 78
      },
      {
        "summonerId": 24537894,
        "teamId": 100,
        "championId": 133
      },
      {
        "summonerId": 30030622,
        "teamId": 200,
        "championId": 115
      },
      {
        "summonerId": 40133667,
        "teamId": 100,
        "championId": 114
      },
      {
        "summonerId": 24191777,
        "teamId": 200,
        "championId": 29
      },
      {
        "summonerId": 37103754,
        "teamId": 200,
        "championId": 8
      },
      {
        "summonerId": 23760273,
        "teamId": 100,
        "championId": 76
      },
      {
        "summonerId": 33374877,
        "teamId": 100,
        "championId": 92
      }
    ],
    "stats": {
      "level": 16,
      "goldEarned": 10312,
      "numDeaths": 9,
      "minionsKilled": 134,
      "championsKilled": 7,
      "goldSpent": 9265,
      "totalDamageDealt": 106071,
      "totalDamageTaken": 27797,
      "killingSprees": 2,
      "largestKillingSpree": 2,
      "team": 100,
      "win": false,
      "neutralMinionsKilled": 7,
      "largestMultiKill": 1,
      "physicalDamageDealtPlayer": 100670,
      "magicDamageDealtPlayer": 4279,
      "physicalDamageTaken": 13946,
      "magicDamageTaken": 11639,
      "timePlayed": 2176,
      "totalHeal": 3330,
      "totalUnitsHealed": 1,
      "assists": 7,
      "item0": 3153,
      "item1": 3071,
      "item2": 1028,
      "item3": 3275,
      "item4": 1037,
      "item6": 3340,
      "magicDamageDealtToChampions": 851,
      "physicalDamageDealtToChampions": 18873,
      "totalDamageDealtToChampions": 20847,
      "trueDamageDealtPlayer": 1122,
      "trueDamageDealtToChampions": 1122,
      "trueDamageTaken": 2212,
      "wardPlaced": 31,
      "neutralMinionsKilledEnemyJungle": 3,
      "neutralMinionsKilledYourJungle": 4,
      "totalTimeCrowdControlDealt": 181
    }
  }
}