{
  "32996546": {
    "gameId": 818169042,
    "invalid": false,
    "gameMode": "CLASSIC",
    "gameType": "MATCHED_GAME",
    "subType": "RANKED_SOLO_5x5",
    "mapId": 1,
    "teamId": 200,
    "championId": 84,
    "spell1": 4,
    "spell2": 14,
    "level": 30,
    "ipEarned": 80,
    "createDate": 1398242649550,
    "fellowPlayers": [
      {
        "summonerId": 20855765,
        "teamId": 100,
        "championId": 16
      },
      {
        "summonerId": 30693303,
        "teamId": 100,
        "championId": 64
      },
      {
        "summonerId": 26566119,
        "teamId": 200,
        "championId": 254
      },
      {
        "summonerId": 34197920,
        "teamId": 200,
        "championId": 17
      },
      {
        "summonerId": 36044438,
        "teamId": 200,
        "championId": 1
      },
      {
        "summonerId": 36133576,
        "teamId": 100,
        "championId": 86
      },
      {
        "summonerId": 30862985,
        "teamId": 100,
        "championId": 10
      },
      {
        "summonerId": 32123562,
        "teamId": 200,
        "championId": 222
      },
      {
        "summonerId": 21533362,
        "teamId": 100,
        "championId": 21
      }
    ],
    "stats": {
      "level": 16,
      "goldEarned": 12932,
      "numDeaths": 5,
      "turretsKilled": 3,
      "minionsKilled": 132,
      "championsKilled": 17,
      "goldSpent": 11010,
      "totalDamageDealt": 86489,
      "totalDamageTaken": 21694,
      "doubleKills": 3,
      "killingSprees": 5,
      "largestKillingSpree": 5,
      "team": 200,
      "win": true,
      "neutralMinionsKilled": 3,
      "largestMultiKill": 2,
      "physicalDamageDealtPlayer": 52910,
      "magicDamageDealtPlayer": 32634,
      "physicalDamageTaken": 12810,
      "magicDamageTaken": 8449,
      "timePlayed": 1633,
      "totalHeal": 942,
      "totalUnitsHealed": 1,
      "assists": 4,
      "item0": 3146,
      "item1": 3157,
      "item2": 3020,
      "item3": 3116,
      "item6": 3340,
      "magicDamageDealtToChampions": 13273,
      "physicalDamageDealtToChampions": 6142,
      "totalDamageDealtToChampions": 20359,
      "trueDamageDealtPlayer": 944,
      "trueDamageDealtToChampions": 944,
      "trueDamageTaken": 434,
      "wardPlaced": 5,
      "neutralMinionsKilledEnemyJungle": 3,
      "totalTimeCrowdControlDealt": 877
    }
  },
  "summonerCount": 10,
  "30862985": {
    "gameId": 818169042,
    "invalid": false,
    "gameMode": "CLASSIC",
    "gameType": "MATCHED_GAME",
    "subType": "RANKED_SOLO_5x5",
    "mapId": 1,
    "teamId": 100,
    "championId": 10,
    "spell1": 4,
    "spell2": 14,
    "level": 30,
    "ipEarned": 54,
    "createDate": 1398242649549,
    "fellowPlayers": [
      {
        "summonerId": 20855765,
        "teamId": 100,
        "championId": 16
      },
      {
        "summonerId": 30693303,
        "teamId": 100,
        "championId": 64
      },
      {
        "summonerId": 26566119,
        "teamId": 200,
        "championId": 254
      },
      {
        "summonerId": 34197920,
        "teamId": 200,
        "championId": 17
      },
      {
        "summonerId": 36044438,
        "teamId": 200,
        "championId": 1
      },
      {
        "summonerId": 36133576,
        "teamId": 100,
        "championId": 86
      },
      {
        "summonerId": 32123562,
        "teamId": 200,
        "championId": 222
      },
      {
        "summonerId": 21533362,
        "teamId": 100,
        "championId": 21
      },
      {
        "summonerId": 32996546,
        "teamId": 200,
        "championId": 84
      }
    ],
    "stats": {
      "level": 13,
      "goldEarned": 8138,
      "numDeaths": 8,
      "minionsKilled": 103,
      "championsKilled": 6,
      "goldSpent": 7490,
      "totalDamageDealt": 56601,
      "totalDamageTaken": 24370,
      "doubleKills": 2,
      "killingSprees": 2,
      "largestKillingSpree": 3,
      "team": 100,
      "win": false,
      "largestMultiKill": 2,
      "physicalDamageDealtPlayer": 15044,
      "magicDamageDealtPlayer": 41209,
      "physicalDamageTaken": 11482,
      "magicDamageTaken": 12144,
      "timePlayed": 1633,
      "totalHeal": 2900,
      "totalUnitsHealed": 3,
      "assists": 2,
      "item0": 3115,
      "item1": 3124,
      "item3": 3020,
      "item4": 1056,
      "item6": 3340,
      "sightWardsBought": 3,
      "magicDamageDealtToChampions": 11971,
      "physicalDamageDealtToChampions": 3468,
      "totalDamageDealtToChampions": 15788,
      "trueDamageDealtPlayer": 348,
      "trueDamageDealtToChampions": 348,
      "trueDamageTaken": 744,
      "wardPlaced": 9,
      "totalTimeCrowdControlDealt": 108
    }
  },
  "32123562": {
    "gameId": 818169042,
    "invalid": false,
    "gameMode": "CLASSIC",
    "gameType": "MATCHED_GAME",
    "subType": "RANKED_SOLO_5x5",
    "mapId": 1,
    "teamId": 200,
    "championId": 222,
    "spell1": 7,
    "spell2": 4,
    "level": 30,
    "ipEarned": 80,
    "createDate": 1398242649551,
    "fellowPlayers": [
      {
        "summonerId": 20855765,
        "teamId": 100,
        "championId": 16
      },
      {
        "summonerId": 30693303,
        "teamId": 100,
        "championId": 64
      },
      {
        "summonerId": 26566119,
        "teamId": 200,
        "championId": 254
      },
      {
        "summonerId": 34197920,
        "teamId": 200,
        "championId": 17
      },
      {
        "summonerId": 36044438,
        "teamId": 200,
        "championId": 1
      },
      {
        "summonerId": 36133576,
        "teamId": 100,
        "championId": 86
      },
      {
        "summonerId": 30862985,
        "teamId": 100,
        "championId": 10
      },
      {
        "summonerId": 21533362,
        "teamId": 100,
        "championId": 21
      },
      {
        "summonerId": 32996546,
        "teamId": 200,
        "championId": 84
      }
    ],
    "stats": {
      "level": 15,
      "goldEarned": 10606,
      "numDeaths": 3,
      "barracksKilled": 1,
      "turretsKilled": 2,
      "minionsKilled": 152,
      "championsKilled": 6,
      "goldSpent": 8925,
      "totalDamageDealt": 95395,
      "totalDamageTaken": 17087,
      "doubleKills": 1,
      "killingSprees": 1,
      "largestKillingSpree": 5,
      "team": 200,
      "win": true,
      "neutralMinionsKilled": 2,
      "largestMultiKill": 2,
      "physicalDamageDealtPlayer": 92349,
      "magicDamageDealtPlayer": 2490,
      "physicalDamageTaken": 12200,
      "magicDamageTaken": 4256,
      "largestCriticalStrike": 475,
      "timePlayed": 1633,
      "totalHeal": 3141,
      "totalUnitsHealed": 3,
      "assists": 6,
      "item0": 3087,
      "item1": 1055,
      "item2": 3250,
      "item3": 3072,
      "item4": 1037,
      "item5": 1036,
      "item6": 3340,
      "magicDamageDealtToChampions": 966,
      "physicalDamageDealtToChampions": 17380,
      "totalDamageDealtToChampions": 18460,
      "trueDamageDealtPlayer": 556,
      "trueDamageDealtToChampions": 114,
      "trueDamageTaken": 630,
      "wardPlaced": 4,
      "neutralMinionsKilledEnemyJungle": 2,
      "totalTimeCrowdControlDealt": 164
    }
  },
  "36133576": {
    "gameId": 818169042,
    "invalid": false,
    "gameMode": "CLASSIC",
    "gameType": "MATCHED_GAME",
    "subType": "RANKED_SOLO_5x5",
    "mapId": 1,
    "teamId": 100,
    "championId": 86,
    "spell1": 4,
    "spell2": 7,
    "level": 30,
    "ipEarned": 54,
    "createDate": 1398242649546,
    "fellowPlayers": [
      {
        "summonerId": 20855765,
        "teamId": 100,
        "championId": 16
      },
      {
        "summonerId": 30693303,
        "teamId": 100,
        "championId": 64
      },
      {
        "summonerId": 26566119,
        "teamId": 200,
        "championId": 254
      },
      {
        "summonerId": 34197920,
        "teamId": 200,
        "championId": 17
      },
      {
        "summonerId": 36044438,
        "teamId": 200,
        "championId": 1
      },
      {
        "summonerId": 30862985,
        "teamId": 100,
        "championId": 10
      },
      {
        "summonerId": 32123562,
        "teamId": 200,
        "championId": 222
      },
      {
        "summonerId": 21533362,
        "teamId": 100,
        "championId": 21
      },
      {
        "summonerId": 32996546,
        "teamId": 200,
        "championId": 84
      }
    ],
    "stats": {
      "level": 12,
      "goldEarned": 5340,
      "numDeaths": 7,
      "minionsKilled": 70,
      "goldSpent": 5380,
      "totalDamageDealt": 48900,
      "totalDamageTaken": 21989,
      "team": 100,
      "win": false,
      "physicalDamageDealtPlayer": 46832,
      "magicDamageDealtPlayer": 2068,
      "physicalDamageTaken": 11513,
      "magicDamageTaken": 9543,
      "timePlayed": 1633,
      "totalHeal": 1568,
      "totalUnitsHealed": 2,
      "assists": 3,
      "item0": 3111,
      "item1": 3065,
      "item2": 1036,
      "item3": 1036,
      "item6": 3340,
      "magicDamageDealtToChampions": 2068,
      "physicalDamageDealtToChampions": 5945,
      "totalDamageDealtToChampions": 8014,
      "trueDamageTaken": 931,
      "wardKilled": 2,
      "wardPlaced": 5,
      "totalTimeCrowdControlDealt": 71
    }
  },
  "36044438": {
    "gameId": 818169042,
    "invalid": false,
    "gameMode": "CLASSIC",
    "gameType": "MATCHED_GAME",
    "subType": "RANKED_SOLO_5x5",
    "mapId": 1,
    "teamId": 200,
    "championId": 1,
    "spell1": 14,
    "spell2": 4,
    "level": 30,
    "ipEarned": 80,
    "createDate": 1398242649553,
    "fellowPlayers": [
      {
        "summonerId": 20855765,
        "teamId": 100,
        "championId": 16
      },
      {
        "summonerId": 30693303,
        "teamId": 100,
        "championId": 64
      },
      {
        "summonerId": 26566119,
        "teamId": 200,
        "championId": 254
      },
      {
        "summonerId": 34197920,
        "teamId": 200,
        "championId": 17
      },
      {
        "summonerId": 36133576,
        "teamId": 100,
        "championId": 86
      },
      {
        "summonerId": 30862985,
        "teamId": 100,
        "championId": 10
      },
      {
        "summonerId": 32123562,
        "teamId": 200,
        "championId": 222
      },
      {
        "summonerId": 21533362,
        "teamId": 100,
        "championId": 21
      },
      {
        "summonerId": 32996546,
        "teamId": 200,
        "championId": 84
      }
    ],
    "stats": {
      "level": 13,
      "goldEarned": 9558,
      "numDeaths": 3,
      "minionsKilled": 40,
      "championsKilled": 2,
      "goldSpent": 7745,
      "totalDamageDealt": 48666,
      "totalDamageTaken": 12544,
      "team": 200,
      "win": true,
      "neutralMinionsKilled": 3,
      "largestMultiKill": 1,
      "physicalDamageDealtPlayer": 6267,
      "magicDamageDealtPlayer": 41517,
      "physicalDamageTaken": 6512,
      "magicDamageTaken": 5866,
      "timePlayed": 1633,
      "assists": 9,
      "item0": 3092,
      "item1": 3020,
      "item2": 3191,
      "item3": 3010,
      "item4": 1026,
      "item5": 2049,
      "item6": 3340,
      "sightWardsBought": 2,
      "visionWardsBought": 1,
      "magicDamageDealtToChampions": 14963,
      "physicalDamageDealtToChampions": 2009,
      "totalDamageDealtToChampions": 17855,
      "trueDamageDealtPlayer": 882,
      "trueDamageDealtToChampions": 882,
      "trueDamageTaken": 165,
      "wardPlaced": 9,
      "neutralMinionsKilledEnemyJungle": 3,
      "totalTimeCrowdControlDealt": 98
    }
  },
  "20855765": {
    "gameId": 818169042,
    "invalid": false,
    "gameMode": "CLASSIC",
    "gameType": "MATCHED_GAME",
    "subType": "RANKED_SOLO_5x5",
    "mapId": 1,
    "teamId": 100,
    "championId": 16,
    "spell1": 3,
    "spell2": 4,
    "level": 30,
    "ipEarned": 54,
    "createDate": 1398242649548,
    "fellowPlayers": [
      {
        "summonerId": 30693303,
        "teamId": 100,
        "championId": 64
      },
      {
        "summonerId": 26566119,
        "teamId": 200,
        "championId": 254
      },
      {
        "summonerId": 34197920,
        "teamId": 200,
        "championId": 17
      },
      {
        "summonerId": 36044438,
        "teamId": 200,
        "championId": 1
      },
      {
        "summonerId": 36133576,
        "teamId": 100,
        "championId": 86
      },
      {
        "summonerId": 30862985,
        "teamId": 100,
        "championId": 10
      },
      {
        "summonerId": 32123562,
        "teamId": 200,
        "championId": 222
      },
      {
        "summonerId": 21533362,
        "teamId": 100,
        "championId": 21
      },
      {
        "summonerId": 32996546,
        "teamId": 200,
        "championId": 84
      }
    ],
    "stats": {
      "level": 11,
      "goldEarned": 6120,
      "numDeaths": 8,
      "minionsKilled": 17,
      "championsKilled": 1,
      "goldSpent": 6055,
      "totalDamageDealt": 19073,
      "totalDamageTaken": 21314,
      "team": 100,
      "win": false,
      "largestMultiKill": 1,
      "physicalDamageDealtPlayer": 4319,
      "magicDamageDealtPlayer": 14753,
      "physicalDamageTaken": 14382,
      "magicDamageTaken": 6287,
      "timePlayed": 1633,
      "totalHeal": 13865,
      "totalUnitsHealed": 5,
      "assists": 6,
      "item0": 3174,
      "item1": 2003,
      "item2": 2049,
      "item3": 3098,
      "item4": 3047,
      "item5": 1052,
      "item6": 3340,
      "sightWardsBought": 1,
      "magicDamageDealtToChampions": 3623,
      "physicalDamageDealtToChampions": 1353,
      "totalDamageDealtToChampions": 4977,
      "trueDamageTaken": 645,
      "wardPlaced": 11,
      "totalTimeCrowdControlDealt": 76
    }
  },
  "30693303": {
    "gameId": 818169042,
    "invalid": false,
    "gameMode": "CLASSIC",
    "gameType": "MATCHED_GAME",
    "subType": "RANKED_SOLO_5x5",
    "mapId": 1,
    "teamId": 100,
    "championId": 64,
    "spell1": 11,
    "spell2": 4,
    "level": 30,
    "ipEarned": 54,
    "createDate": 1398242649545,
    "fellowPlayers": [
      {
        "summonerId": 20855765,
        "teamId": 100,
        "championId": 16
      },
      {
        "summonerId": 26566119,
        "teamId": 200,
        "championId": 254
      },
      {
        "summonerId": 34197920,
        "teamId": 200,
        "championId": 17
      },
      {
        "summonerId": 36044438,
        "teamId": 200,
        "championId": 1
      },
      {
        "summonerId": 36133576,
        "teamId": 100,
        "championId": 86
      },
      {
        "summonerId": 30862985,
        "teamId": 100,
        "championId": 10
      },
      {
        "summonerId": 32123562,
        "teamId": 200,
        "championId": 222
      },
      {
        "summonerId": 21533362,
        "teamId": 100,
        "championId": 21
      },
      {
        "summonerId": 32996546,
        "teamId": 200,
        "championId": 84
      }
    ],
    "stats": {
      "level": 12,
      "goldEarned": 6950,
      "numDeaths": 6,
      "minionsKilled": 14,
      "championsKilled": 5,
      "goldSpent": 6580,
      "totalDamageDealt": 56623,
      "totalDamageTaken": 19135,
      "killingSprees": 1,
      "largestKillingSpree": 3,
      "team": 100,
      "win": false,
      "neutralMinionsKilled": 46,
      "largestMultiKill": 1,
      "physicalDamageDealtPlayer": 33457,
      "magicDamageDealtPlayer": 15319,
      "physicalDamageTaken": 10951,
      "magicDamageTaken": 7338,
      "timePlayed": 1633,
      "totalHeal": 2315,
      "totalUnitsHealed": 1,
      "assists": 2,
      "item0": 3154,
      "item1": 3117,
      "item2": 3035,
      "item3": 3211,
      "item6": 3340,
      "magicDamageDealtToChampions": 826,
      "physicalDamageDealtToChampions": 4987,
      "totalDamageDealtToChampions": 5813,
      "trueDamageDealtPlayer": 7846,
      "trueDamageTaken": 845,
      "wardPlaced": 4,
      "neutralMinionsKilledEnemyJungle": 2,
      "neutralMinionsKilledYourJungle": 44,
      "totalTimeCrowdControlDealt": 545
    }
  },
  "34197920": {
    "gameId": 818169042,
    "invalid": false,
    "gameMode": "CLASSIC",
    "gameType": "MATCHED_GAME",
    "subType": "RANKED_SOLO_5x5",
    "mapId": 1,
    "teamId": 200,
    "championId": 17,
    "spell1": 4,
    "spell2": 14,
    "level": 30,
    "ipEarned": 80,
    "createDate": 1398242649552,
    "fellowPlayers": [
      {
        "summonerId": 20855765,
        "teamId": 100,
        "championId": 16
      },
      {
        "summonerId": 30693303,
        "teamId": 100,
        "championId": 64
      },
      {
        "summonerId": 26566119,
        "teamId": 200,
        "championId": 254
      },
      {
        "summonerId": 36044438,
        "teamId": 200,
        "championId": 1
      },
      {
        "summonerId": 36133576,
        "teamId": 100,
        "championId": 86
      },
      {
        "summonerId": 30862985,
        "teamId": 100,
        "championId": 10
      },
      {
        "summonerId": 32123562,
        "teamId": 200,
        "championId": 222
      },
      {
        "summonerId": 21533362,
        "teamId": 100,
        "championId": 21
      },
      {
        "summonerId": 32996546,
        "teamId": 200,
        "championId": 84
      }
    ],
    "stats": {
      "level": 16,
      "goldEarned": 11224,
      "numDeaths": 3,
      "turretsKilled": 1,
      "minionsKilled": 158,
      "championsKilled": 9,
      "goldSpent": 10860,
      "totalDamageDealt": 96107,
      "totalDamageTaken": 11188,
      "doubleKills": 2,
      "tripleKills": 1,
      "killingSprees": 2,
      "largestKillingSpree": 7,
      "team": 200,
      "win": true,
      "neutralMinionsKilled": 4,
      "largestMultiKill": 3,
      "physicalDamageDealtPlayer": 37490,
      "magicDamageDealtPlayer": 57512,
      "physicalDamageTaken": 7158,
      "magicDamageTaken": 4029,
      "timePlayed": 1633,
      "totalHeal": 441,
      "totalUnitsHealed": 1,
      "assists": 5,
      "item0": 1056,
      "item1": 3146,
      "item2": 3020,
      "item3": 3151,
      "item4": 3115,
      "item6": 3340,
      "magicDamageDealtToChampions": 15908,
      "physicalDamageDealtToChampions": 3444,
      "totalDamageDealtToChampions": 20076,
      "trueDamageDealtPlayer": 1104,
      "trueDamageDealtToChampions": 724,
      "wardPlaced": 43,
      "neutralMinionsKilledEnemyJungle": 1,
      "neutralMinionsKilledYourJungle": 3,
      "totalTimeCrowdControlDealt": 415
    }
  },
  "26566119": {
    "gameId": 818169042,
    "invalid": false,
    "gameMode": "CLASSIC",
    "gameType": "MATCHED_GAME",
    "subType": "RANKED_SOLO_5x5",
    "mapId": 1,
    "teamId": 200,
    "championId": 254,
    "spell1": 4,
    "spell2": 11,
    "level": 30,
    "ipEarned": 80,
    "createDate": 1398242649554,
    "fellowPlayers": [
      {
        "summonerId": 20855765,
        "teamId": 100,
        "championId": 16
      },
      {
        "summonerId": 30693303,
        "teamId": 100,
        "championId": 64
      },
      {
        "summonerId": 34197920,
        "teamId": 200,
        "championId": 17
      },
      {
        "summonerId": 36044438,
        "teamId": 200,
        "championId": 1
      },
      {
        "summonerId": 36133576,
        "teamId": 100,
        "championId": 86
      },
      {
        "summonerId": 30862985,
        "teamId": 100,
        "championId": 10
      },
      {
        "summonerId": 32123562,
        "teamId": 200,
        "championId": 222
      },
      {
        "summonerId": 21533362,
        "teamId": 100,
        "championId": 21
      },
      {
        "summonerId": 32996546,
        "teamId": 200,
        "championId": 84
      }
    ],
    "stats": {
      "level": 15,
      "goldEarned": 9507,
      "numDeaths": 1,
      "turretsKilled": 2,
      "minionsKilled": 18,
      "championsKilled": 2,
      "goldSpent": 7380,
      "totalDamageDealt": 124440,
      "totalDamageTaken": 17628,
      "killingSprees": 1,
      "largestKillingSpree": 2,
      "team": 200,
      "win": true,
      "neutralMinionsKilled": 89,
      "largestMultiKill": 1,
      "physicalDamageDealtPlayer": 109298,
      "magicDamageDealtPlayer": 716,
      "physicalDamageTaken": 14367,
      "magicDamageTaken": 3197,
      "timePlayed": 1633,
      "totalHeal": 3457,
      "totalUnitsHealed": 1,
      "assists": 10,
      "item0": 3153,
      "item1": 1001,
      "item2": 3209,
      "item3": 1033,
      "item4": 1011,
      "item6": 3341,
      "physicalDamageDealtToChampions": 11621,
      "totalDamageDealtToChampions": 12602,
      "trueDamageDealtPlayer": 14424,
      "trueDamageDealtToChampions": 981,
      "trueDamageTaken": 64,
      "wardKilled": 2,
      "neutralMinionsKilledEnemyJungle": 14,
      "neutralMinionsKilledYourJungle": 75,
      "totalTimeCrowdControlDealt": 572
    }
  },
  "32996546": {
    "gameId": 818169042,
    "invalid": false,
    "gameMode": "CLASSIC",
    "gameType": "MATCHED_GAME",
    "subType": "RANKED_SOLO_5x5",
    "mapId": 1,
    "teamId": 200,
    "championId": 84,
    "spell1": 4,
    "spell2": 14,
    "level": 30,
    "ipEarned": 80,
    "createDate": 1398242649550,
    "fellowPlayers": [
      {
        "summonerId": 20855765,
        "teamId": 100,
        "championId": 16
      },
      {
        "summonerId": 30693303,
        "teamId": 100,
        "championId": 64
      },
      {
        "summonerId": 26566119,
        "teamId": 200,
        "championId": 254
      },
      {
        "summonerId": 34197920,
        "teamId": 200,
        "championId": 17
      },
      {
        "summonerId": 36044438,
        "teamId": 200,
        "championId": 1
      },
      {
        "summonerId": 36133576,
        "teamId": 100,
        "championId": 86
      },
      {
        "summonerId": 30862985,
        "teamId": 100,
        "championId": 10
      },
      {
        "summonerId": 32123562,
        "teamId": 200,
        "championId": 222
      },
      {
        "summonerId": 21533362,
        "teamId": 100,
        "championId": 21
      }
    ],
    "stats": {
      "level": 16,
      "goldEarned": 12932,
      "numDeaths": 5,
      "turretsKilled": 3,
      "minionsKilled": 132,
      "championsKilled": 17,
      "goldSpent": 11010,
      "totalDamageDealt": 86489,
      "totalDamageTaken": 21694,
      "doubleKills": 3,
      "killingSprees": 5,
      "largestKillingSpree": 5,
      "team": 200,
      "win": true,
      "neutralMinionsKilled": 3,
      "largestMultiKill": 2,
      "physicalDamageDealtPlayer": 52910,
      "magicDamageDealtPlayer": 32634,
      "physicalDamageTaken": 12810,
      "magicDamageTaken": 8449,
      "timePlayed": 1633,
      "totalHeal": 942,
      "totalUnitsHealed": 1,
      "assists": 4,
      "item0": 3146,
      "item1": 3157,
      "item2": 3020,
      "item3": 3116,
      "item6": 3340,
      "magicDamageDealtToChampions": 13273,
      "physicalDamageDealtToChampions": 6142,
      "totalDamageDealtToChampions": 20359,
      "trueDamageDealtPlayer": 944,
      "trueDamageDealtToChampions": 944,
      "trueDamageTaken": 434,
      "wardPlaced": 5,
      "neutralMinionsKilledEnemyJungle": 3,
      "totalTimeCrowdControlDealt": 877
    }
  }
}