{
  "35943184": {
    "gameId": 818169210,
    "invalid": false,
    "gameMode": "CLASSIC",
    "gameType": "MATCHED_GAME",
    "subType": "RANKED_SOLO_5x5",
    "mapId": 1,
    "teamId": 100,
    "championId": 157,
    "spell1": 4,
    "spell2": 14,
    "level": 30,
    "ipEarned": 101,
    "createDate": 1398243488389,
    "fellowPlayers": [
      {
        "summonerId": 31379308,
        "teamId": 200,
        "championId": 64
      },
      {
        "summonerId": 32949514,
        "teamId": 200,
        "championId": 102
      },
      {
        "summonerId": 30669591,
        "teamId": 100,
        "championId": 89
      },
      {
        "summonerId": 32185186,
        "teamId": 200,
        "championId": 43
      },
      {
        "summonerId": 40293837,
        "teamId": 100,
        "championId": 2
      },
      {
        "summonerId": 33916782,
        "teamId": 200,
        "championId": 74
      },
      {
        "summonerId": 31943004,
        "teamId": 100,
        "championId": 104
      },
      {
        "summonerId": 30483462,
        "teamId": 100,
        "championId": 121
      },
      {
        "summonerId": 37938214,
        "teamId": 200,
        "championId": 222
      }
    ],
    "stats": {
      "level": 18,
      "goldEarned": 18047,
      "numDeaths": 9,
      "barracksKilled": 1,
      "turretsKilled": 3,
      "minionsKilled": 217,
      "championsKilled": 21,
      "goldSpent": 16510,
      "totalDamageDealt": 230128,
      "totalDamageTaken": 30431,
      "doubleKills": 5,
      "tripleKills": 2,
      "killingSprees": 5,
      "largestKillingSpree": 7,
      "team": 100,
      "win": true,
      "neutralMinionsKilled": 14,
      "largestMultiKill": 3,
      "physicalDamageDealtPlayer": 181770,
      "magicDamageDealtPlayer": 46699,
      "physicalDamageTaken": 19614,
      "magicDamageTaken": 10216,
      "largestCriticalStrike": 1346,
      "timePlayed": 2202,
      "totalHeal": 1462,
      "totalUnitsHealed": 1,
      "assists": 10,
      "item0": 3006,
      "item1": 3153,
      "item2": 3031,
      "item3": 3035,
      "item4": 3074,
      "item5": 3087,
      "item6": 3340,
      "magicDamageDealtToChampions": 10685,
      "physicalDamageDealtToChampions": 46353,
      "totalDamageDealtToChampions": 58331,
      "trueDamageDealtPlayer": 1658,
      "trueDamageDealtToChampions": 1292,
      "trueDamageTaken": 600,
      "wardPlaced": 17,
      "neutralMinionsKilledEnemyJungle": 10,
      "neutralMinionsKilledYourJungle": 4,
      "totalTimeCrowdControlDealt": 1544
    }
  },
  "summonerCount": 10,
  "31943004": {
    "gameId": 818169210,
    "invalid": false,
    "gameMode": "CLASSIC",
    "gameType": "MATCHED_GAME",
    "subType": "RANKED_SOLO_5x5",
    "mapId": 1,
    "teamId": 100,
    "championId": 104,
    "spell1": 21,
    "spell2": 4,
    "level": 30,
    "ipEarned": 101,
    "createDate": 1398243488391,
    "fellowPlayers": [
      {
        "summonerId": 31379308,
        "teamId": 200,
        "championId": 64
      },
      {
        "summonerId": 32949514,
        "teamId": 200,
        "championId": 102
      },
      {
        "summonerId": 30669591,
        "teamId": 100,
        "championId": 89
      },
      {
        "summonerId": 32185186,
        "teamId": 200,
        "championId": 43
      },
      {
        "summonerId": 40293837,
        "teamId": 100,
        "championId": 2
      },
      {
        "summonerId": 35943184,
        "teamId": 100,
        "championId": 157
      },
      {
        "summonerId": 33916782,
        "teamId": 200,
        "championId": 74
      },
      {
        "summonerId": 30483462,
        "teamId": 100,
        "championId": 121
      },
      {
        "summonerId": 37938214,
        "teamId": 200,
        "championId": 222
      }
    ],
    "stats": {
      "level": 17,
      "goldEarned": 10643,
      "numDeaths": 7,
      "minionsKilled": 138,
      "championsKilled": 3,
      "goldSpent": 8655,
      "totalDamageDealt": 140159,
      "totalDamageTaken": 28222,
      "killingSprees": 1,
      "largestKillingSpree": 2,
      "team": 100,
      "win": true,
      "neutralMinionsKilled": 42,
      "largestMultiKill": 1,
      "physicalDamageDealtPlayer": 132962,
      "magicDamageDealtPlayer": 6367,
      "physicalDamageTaken": 19774,
      "magicDamageTaken": 7747,
      "largestCriticalStrike": 462,
      "timePlayed": 2202,
      "totalHeal": 4075,
      "totalUnitsHealed": 1,
      "assists": 5,
      "item0": 3072,
      "item1": 3046,
      "item2": 3250,
      "item3": 1055,
      "item6": 3340,
      "magicDamageDealtToChampions": 775,
      "physicalDamageDealtToChampions": 6722,
      "totalDamageDealtToChampions": 7673,
      "trueDamageDealtPlayer": 830,
      "trueDamageDealtToChampions": 176,
      "trueDamageTaken": 700,
      "wardPlaced": 13,
      "neutralMinionsKilledEnemyJungle": 9,
      "neutralMinionsKilledYourJungle": 33,
      "totalTimeCrowdControlDealt": 196
    }
  },
  "31379308": {
    "gameId": 818169210,
    "invalid": false,
    "gameMode": "CLASSIC",
    "gameType": "MATCHED_GAME",
    "subType": "RANKED_SOLO_5x5",
    "mapId": 1,
    "teamId": 200,
    "championId": 64,
    "spell1": 4,
    "spell2": 11,
    "level": 30,
    "ipEarned": 67,
    "createDate": 1398243488396,
    "fellowPlayers": [
      {
        "summonerId": 32949514,
        "teamId": 200,
        "championId": 102
      },
      {
        "summonerId": 30669591,
        "teamId": 100,
        "championId": 89
      },
      {
        "summonerId": 32185186,
        "teamId": 200,
        "championId": 43
      },
      {
        "summonerId": 40293837,
        "teamId": 100,
        "championId": 2
      },
      {
        "summonerId": 35943184,
        "teamId": 100,
        "championId": 157
      },
      {
        "summonerId": 33916782,
        "teamId": 200,
        "championId": 74
      },
      {
        "summonerId": 31943004,
        "teamId": 100,
        "championId": 104
      },
      {
        "summonerId": 30483462,
        "teamId": 100,
        "championId": 121
      },
      {
        "summonerId": 37938214,
        "teamId": 200,
        "championId": 222
      }
    ],
    "stats": {
      "level": 17,
      "goldEarned": 13243,
      "numDeaths": 9,
      "minionsKilled": 60,
      "championsKilled": 10,
      "goldSpent": 12045,
      "totalDamageDealt": 172779,
      "totalDamageTaken": 37524,
      "doubleKills": 1,
      "tripleKills": 1,
      "killingSprees": 3,
      "largestKillingSpree": 4,
      "team": 200,
      "win": false,
      "neutralMinionsKilled": 85,
      "largestMultiKill": 3,
      "physicalDamageDealtPlayer": 103842,
      "magicDamageDealtPlayer": 50641,
      "physicalDamageTaken": 28081,
      "magicDamageTaken": 6130,
      "timePlayed": 2202,
      "totalHeal": 2921,
      "totalUnitsHealed": 1,
      "assists": 12,
      "item0": 3143,
      "item1": 3270,
      "item2": 3074,
      "item3": 3154,
      "item4": 1031,
      "item5": 1011,
      "item6": 3340,
      "magicDamageDealtToChampions": 4824,
      "physicalDamageDealtToChampions": 21148,
      "totalDamageDealtToChampions": 27061,
      "trueDamageDealtPlayer": 18296,
      "trueDamageDealtToChampions": 1088,
      "trueDamageTaken": 3312,
      "wardPlaced": 12,
      "neutralMinionsKilledEnemyJungle": 15,
      "neutralMinionsKilledYourJungle": 70,
      "totalTimeCrowdControlDealt": 1167
    }
  },
  "30669591": {
    "gameId": 818169210,
    "invalid": false,
    "gameMode": "CLASSIC",
    "gameType": "MATCHED_GAME",
    "subType": "RANKED_SOLO_5x5",
    "mapId": 1,
    "teamId": 100,
    "championId": 89,
    "spell1": 4,
    "spell2": 7,
    "level": 30,
    "ipEarned": 101,
    "createDate": 1398243488387,
    "fellowPlayers": [
      {
        "summonerId": 31379308,
        "teamId": 200,
        "championId": 64
      },
      {
        "summonerId": 32949514,
        "teamId": 200,
        "championId": 102
      },
      {
        "summonerId": 32185186,
        "teamId": 200,
        "championId": 43
      },
      {
        "summonerId": 40293837,
        "teamId": 100,
        "championId": 2
      },
      {
        "summonerId": 35943184,
        "teamId": 100,
        "championId": 157
      },
      {
        "summonerId": 33916782,
        "teamId": 200,
        "championId": 74
      },
      {
        "summonerId": 31943004,
        "teamId": 100,
        "championId": 104
      },
      {
        "summonerId": 30483462,
        "teamId": 100,
        "championId": 121
      },
      {
        "summonerId": 37938214,
        "teamId": 200,
        "championId": 222
      }
    ],
    "stats": {
      "level": 15,
      "goldEarned": 10830,
      "numDeaths": 8,
      "minionsKilled": 28,
      "championsKilled": 3,
      "goldSpent": 8695,
      "totalDamageDealt": 25359,
      "totalDamageTaken": 29432,
      "killingSprees": 1,
      "largestKillingSpree": 2,
      "team": 100,
      "win": true,
      "largestMultiKill": 1,
      "physicalDamageDealtPlayer": 7672,
      "magicDamageDealtPlayer": 14859,
      "physicalDamageTaken": 16863,
      "magicDamageTaken": 12087,
      "timePlayed": 2202,
      "totalHeal": 4638,
      "totalUnitsHealed": 5,
      "assists": 19,
      "item0": 2010,
      "item1": 2045,
      "item2": 3401,
      "item3": 3117,
      "item4": 3068,
      "item5": 1057,
      "item6": 3340,
      "sightWardsBought": 5,
      "magicDamageDealtToChampions": 6219,
      "physicalDamageDealtToChampions": 2179,
      "totalDamageDealtToChampions": 8398,
      "trueDamageDealtPlayer": 2827,
      "trueDamageTaken": 481,
      "wardPlaced": 23,
      "totalTimeCrowdControlDealt": 389
    }
  },
  "32949514": {
    "gameId": 818169210,
    "invalid": false,
    "gameMode": "CLASSIC",
    "gameType": "MATCHED_GAME",
    "subType": "RANKED_SOLO_5x5",
    "mapId": 1,
    "teamId": 200,
    "championId": 102,
    "spell1": 4,
    "spell2": 14,
    "level": 30,
    "ipEarned": 67,
    "createDate": 1398243488395,
    "fellowPlayers": [
      {
        "summonerId": 31379308,
        "teamId": 200,
        "championId": 64
      },
      {
        "summonerId": 30669591,
        "teamId": 100,
        "championId": 89
      },
      {
        "summonerId": 32185186,
        "teamId": 200,
        "championId": 43
      },
      {
        "summonerId": 40293837,
        "teamId": 100,
        "championId": 2
      },
      {
        "summonerId": 35943184,
        "teamId": 100,
        "championId": 157
      },
      {
        "summonerId": 33916782,
        "teamId": 200,
        "championId": 74
      },
      {
        "summonerId": 31943004,
        "teamId": 100,
        "championId": 104
      },
      {
        "summonerId": 30483462,
        "teamId": 100,
        "championId": 121
      },
      {
        "summonerId": 37938214,
        "teamId": 200,
        "championId": 222
      }
    ],
    "stats": {
      "level": 16,
      "goldEarned": 11952,
      "numDeaths": 7,
      "minionsKilled": 160,
      "championsKilled": 6,
      "goldSpent": 14915,
      "totalDamageDealt": 94833,
      "totalDamageTaken": 34051,
      "killingSprees": 1,
      "largestKillingSpree": 4,
      "team": 200,
      "win": false,
      "neutralMinionsKilled": 9,
      "largestMultiKill": 1,
      "physicalDamageDealtPlayer": 50137,
      "magicDamageDealtPlayer": 43647,
      "physicalDamageTaken": 24871,
      "magicDamageTaken": 4267,
      "timePlayed": 2202,
      "totalHeal": 3178,
      "totalUnitsHealed": 1,
      "assists": 11,
      "item0": 3153,
      "item1": 3143,
      "item2": 3075,
      "item3": 1031,
      "item4": 3047,
      "item6": 3340,
      "magicDamageDealtToChampions": 8748,
      "physicalDamageDealtToChampions": 8989,
      "totalDamageDealtToChampions": 18785,
      "trueDamageDealtPlayer": 1048,
      "trueDamageDealtToChampions": 1048,
      "trueDamageTaken": 4912,
      "wardPlaced": 11,
      "neutralMinionsKilledYourJungle": 9,
      "totalTimeCrowdControlDealt": 395
    }
  },
  "37938214": {
    "gameId": 818169210,
    "invalid": false,
    "gameMode": "CLASSIC",
    "gameType": "MATCHED_GAME",
    "subType": "RANKED_SOLO_5x5",
    "mapId": 1,
    "teamId": 200,
    "championId": 222,
    "spell1": 7,
    "spell2": 4,
    "level": 30,
    "ipEarned": 67,
    "createDate": 1398243488394,
    "fellowPlayers": [
      {
        "summonerId": 31379308,
        "teamId": 200,
        "championId": 64
      },
      {
        "summonerId": 32949514,
        "teamId": 200,
        "championId": 102
      },
      {
        "summonerId": 30669591,
        "teamId": 100,
        "championId": 89
      },
      {
        "summonerId": 32185186,
        "teamId": 200,
        "championId": 43
      },
      {
        "summonerId": 40293837,
        "teamId": 100,
        "championId": 2
      },
      {
        "summonerId": 35943184,
        "teamId": 100,
        "championId": 157
      },
      {
        "summonerId": 33916782,
        "teamId": 200,
        "championId": 74
      },
      {
        "summonerId": 31943004,
        "teamId": 100,
        "championId": 104
      },
      {
        "summonerId": 30483462,
        "teamId": 100,
        "championId": 121
      }
    ],
    "stats": {
      "level": 16,
      "goldEarned": 13772,
      "numDeaths": 6,
      "turretsKilled": 3,
      "minionsKilled": 178,
      "championsKilled": 10,
      "goldSpent": 13145,
      "totalDamageDealt": 143087,
      "totalDamageTaken": 24162,
      "doubleKills": 1,
      "killingSprees": 3,
      "largestKillingSpree": 4,
      "team": 200,
      "win": false,
      "neutralMinionsKilled": 7,
      "largestMultiKill": 2,
      "physicalDamageDealtPlayer": 139614,
      "magicDamageDealtPlayer": 2548,
      "physicalDamageTaken": 18955,
      "magicDamageTaken": 4343,
      "largestCriticalStrike": 543,
      "timePlayed": 2202,
      "totalHeal": 3700,
      "totalUnitsHealed": 3,
      "assists": 9,
      "item0": 3026,
      "item1": 3072,
      "item2": 3250,
      "item3": 3046,
      "item4": 3035,
      "item6": 3340,
      "magicDamageDealtToChampions": 1452,
      "physicalDamageDealtToChampions": 21145,
      "totalDamageDealtToChampions": 22677,
      "trueDamageDealtPlayer": 924,
      "trueDamageDealtToChampions": 80,
      "trueDamageTaken": 863,
      "wardPlaced": 8,
      "neutralMinionsKilledEnemyJungle": 4,
      "neutralMinionsKilledYourJungle": 3,
      "totalTimeCrowdControlDealt": 321
    }
  },
  "40293837": {
    "gameId": 818169210,
    "invalid": false,
    "gameMode": "CLASSIC",
    "gameType": "MATCHED_GAME",
    "subType": "RANKED_SOLO_5x5",
    "mapId": 1,
    "teamId": 100,
    "championId": 2,
    "spell1": 4,
    "spell2": 14,
    "level": 30,
    "ipEarned": 251,
    "createDate": 1398243488390,
    "fellowPlayers": [
      {
        "summonerId": 31379308,
        "teamId": 200,
        "championId": 64
      },
      {
        "summonerId": 32949514,
        "teamId": 200,
        "championId": 102
      },
      {
        "summonerId": 30669591,
        "teamId": 100,
        "championId": 89
      },
      {
        "summonerId": 32185186,
        "teamId": 200,
        "championId": 43
      },
      {
        "summonerId": 35943184,
        "teamId": 100,
        "championId": 157
      },
      {
        "summonerId": 33916782,
        "teamId": 200,
        "championId": 74
      },
      {
        "summonerId": 31943004,
        "teamId": 100,
        "championId": 104
      },
      {
        "summonerId": 30483462,
        "teamId": 100,
        "championId": 121
      },
      {
        "summonerId": 37938214,
        "teamId": 200,
        "championId": 222
      }
    ],
    "stats": {
      "level": 17,
      "goldEarned": 10751,
      "numDeaths": 6,
      "turretsKilled": 1,
      "minionsKilled": 117,
      "championsKilled": 2,
      "goldSpent": 9240,
      "totalDamageDealt": 80272,
      "totalDamageTaken": 24155,
      "killingSprees": 1,
      "largestKillingSpree": 2,
      "team": 100,
      "win": true,
      "neutralMinionsKilled": 7,
      "largestMultiKill": 1,
      "physicalDamageDealtPlayer": 69420,
      "magicDamageDealtPlayer": 159,
      "physicalDamageTaken": 13035,
      "magicDamageTaken": 10464,
      "timePlayed": 2202,
      "totalHeal": 2742,
      "totalUnitsHealed": 1,
      "assists": 12,
      "item0": 3260,
      "item1": 3074,
      "item2": 3143,
      "item3": 3067,
      "item4": 2004,
      "item6": 3340,
      "magicDamageDealtToChampions": 159,
      "physicalDamageDealtToChampions": 6689,
      "totalDamageDealtToChampions": 14271,
      "trueDamageDealtPlayer": 10691,
      "trueDamageDealtToChampions": 7422,
      "trueDamageTaken": 656,
      "wardPlaced": 4,
      "neutralMinionsKilledEnemyJungle": 4,
      "neutralMinionsKilledYourJungle": 3,
      "totalTimeCrowdControlDealt": 793
    }
  },
  "33916782": {
    "gameId": 818169210,
    "invalid": false,
    "gameMode": "CLASSIC",
    "gameType": "MATCHED_GAME",
    "subType": "RANKED_SOLO_5x5",
    "mapId": 1,
    "teamId": 200,
    "championId": 74,
    "spell1": 14,
    "spell2": 4,
    "level": 30,
    "ipEarned": 67,
    "createDate": 1398243488392,
    "fellowPlayers": [
      {
        "summonerId": 31379308,
        "teamId": 200,
        "championId": 64
      },
      {
        "summonerId": 32949514,
        "teamId": 200,
        "championId": 102
      },
      {
        "summonerId": 30669591,
        "teamId": 100,
        "championId": 89
      },
      {
        "summonerId": 32185186,
        "teamId": 200,
        "championId": 43
      },
      {
        "summonerId": 40293837,
        "teamId": 100,
        "championId": 2
      },
      {
        "summonerId": 35943184,
        "teamId": 100,
        "championId": 157
      },
      {
        "summonerId": 31943004,
        "teamId": 100,
        "championId": 104
      },
      {
        "summonerId": 30483462,
        "teamId": 100,
        "championId": 121
      },
      {
        "summonerId": 37938214,
        "teamId": 200,
        "championId": 222
      }
    ],
    "stats": {
      "level": 16,
      "goldEarned": 10025,
      "numDeaths": 8,
      "turretsKilled": 1,
      "minionsKilled": 102,
      "championsKilled": 4,
      "goldSpent": 8410,
      "totalDamageDealt": 78440,
      "totalDamageTaken": 20810,
      "doubleKills": 1,
      "killingSprees": 1,
      "largestKillingSpree": 2,
      "team": 200,
      "win": false,
      "neutralMinionsKilled": 4,
      "largestMultiKill": 2,
      "physicalDamageDealtPlayer": 18528,
      "magicDamageDealtPlayer": 59006,
      "physicalDamageTaken": 16119,
      "magicDamageTaken": 3464,
      "timePlayed": 2202,
      "assists": 11,
      "item0": 3020,
      "item1": 1056,
      "item2": 3089,
      "item3": 3157,
      "item6": 3340,
      "magicDamageDealtToChampions": 14323,
      "physicalDamageDealtToChampions": 1897,
      "totalDamageDealtToChampions": 17077,
      "trueDamageDealtPlayer": 906,
      "trueDamageDealtToChampions": 856,
      "trueDamageTaken": 1226,
      "wardPlaced": 7,
      "neutralMinionsKilledYourJungle": 4,
      "totalTimeCrowdControlDealt": 85
    }
  },
  "32185186": {
    "gameId": 818169210,
    "invalid": false,
    "gameMode": "CLASSIC",
    "gameType": "MATCHED_GAME",
    "subType": "RANKED_SOLO_5x5",
    "mapId": 1,
    "teamId": 200,
    "championId": 43,
    "spell1": 4,
    "spell2": 3,
    "level": 30,
    "ipEarned": 67,
    "createDate": 1398243488398,
    "fellowPlayers": [
      {
        "summonerId": 31379308,
        "teamId": 200,
        "championId": 64
      },
      {
        "summonerId": 32949514,
        "teamId": 200,
        "championId": 102
      },
      {
        "summonerId": 30669591,
        "teamId": 100,
        "championId": 89
      },
      {
        "summonerId": 40293837,
        "teamId": 100,
        "championId": 2
      },
      {
        "summonerId": 35943184,
        "teamId": 100,
        "championId": 157
      },
      {
        "summonerId": 33916782,
        "teamId": 200,
        "championId": 74
      },
      {
        "summonerId": 31943004,
        "teamId": 100,
        "championId": 104
      },
      {
        "summonerId": 30483462,
        "teamId": 100,
        "championId": 121
      },
      {
        "summonerId": 37938214,
        "teamId": 200,
        "championId": 222
      }
    ],
    "stats": {
      "level": 15,
      "goldEarned": 12889,
      "numDeaths": 10,
      "minionsKilled": 59,
      "championsKilled": 7,
      "goldSpent": 12690,
      "totalDamageDealt": 75523,
      "totalDamageTaken": 23241,
      "doubleKills": 1,
      "killingSprees": 2,
      "largestKillingSpree": 2,
      "team": 200,
      "win": false,
      "neutralMinionsKilled": 3,
      "largestMultiKill": 2,
      "physicalDamageDealtPlayer": 11586,
      "magicDamageDealtPlayer": 63936,
      "physicalDamageTaken": 19587,
      "magicDamageTaken": 2865,
      "timePlayed": 2202,
      "totalHeal": 1004,
      "totalUnitsHealed": 1,
      "assists": 15,
      "item0": 3092,
      "item1": 3174,
      "item2": 3135,
      "item3": 3255,
      "item4": 3110,
      "item5": 1011,
      "item6": 3340,
      "magicDamageDealtToChampions": 23911,
      "physicalDamageDealtToChampions": 3096,
      "totalDamageDealtToChampions": 27008,
      "trueDamageTaken": 788,
      "wardPlaced": 9,
      "neutralMinionsKilledYourJungle": 3,
      "totalTimeCrowdControlDealt": 581
    }
  },
  "35943184": {
    "gameId": 818169210,
    "invalid": false,
    "gameMode": "CLASSIC",
    "gameType": "MATCHED_GAME",
    "subType": "RANKED_SOLO_5x5",
    "mapId": 1,
    "teamId": 100,
    "championId": 157,
    "spell1": 4,
    "spell2": 14,
    "level": 30,
    "ipEarned": 101,
    "createDate": 1398243488389,
    "fellowPlayers": [
      {
        "summonerId": 31379308,
        "teamId": 200,
        "championId": 64
      },
      {
        "summonerId": 32949514,
        "teamId": 200,
        "championId": 102
      },
      {
        "summonerId": 30669591,
        "teamId": 100,
        "championId": 89
      },
      {
        "summonerId": 32185186,
        "teamId": 200,
        "championId": 43
      },
      {
        "summonerId": 40293837,
        "teamId": 100,
        "championId": 2
      },
      {
        "summonerId": 33916782,
        "teamId": 200,
        "championId": 74
      },
      {
        "summonerId": 31943004,
        "teamId": 100,
        "championId": 104
      },
      {
        "summonerId": 30483462,
        "teamId": 100,
        "championId": 121
      },
      {
        "summonerId": 37938214,
        "teamId": 200,
        "championId": 222
      }
    ],
    "stats": {
      "level": 18,
      "goldEarned": 18047,
      "numDeaths": 9,
      "barracksKilled": 1,
      "turretsKilled": 3,
      "minionsKilled": 217,
      "championsKilled": 21,
      "goldSpent": 16510,
      "totalDamageDealt": 230128,
      "totalDamageTaken": 30431,
      "doubleKills": 5,
      "tripleKills": 2,
      "killingSprees": 5,
      "largestKillingSpree": 7,
      "team": 100,
      "win": true,
      "neutralMinionsKilled": 14,
      "largestMultiKill": 3,
      "physicalDamageDealtPlayer": 181770,
      "magicDamageDealtPlayer": 46699,
      "physicalDamageTaken": 19614,
      "magicDamageTaken": 10216,
      "largestCriticalStrike": 1346,
      "timePlayed": 2202,
      "totalHeal": 1462,
      "totalUnitsHealed": 1,
      "assists": 10,
      "item0": 3006,
      "item1": 3153,
      "item2": 3031,
      "item3": 3035,
      "item4": 3074,
      "item5": 3087,
      "item6": 3340,
      "magicDamageDealtToChampions": 10685,
      "physicalDamageDealtToChampions": 46353,
      "totalDamageDealtToChampions": 58331,
      "trueDamageDealtPlayer": 1658,
      "trueDamageDealtToChampions": 1292,
      "trueDamageTaken": 600,
      "wardPlaced": 17,
      "neutralMinionsKilledEnemyJungle": 10,
      "neutralMinionsKilledYourJungle": 4,
      "totalTimeCrowdControlDealt": 1544
    }
  }
}