{
  "30884807": {
    "gameId": 818168275,
    "invalid": false,
    "gameMode": "CLASSIC",
    "gameType": "MATCHED_GAME",
    "subType": "RANKED_SOLO_5x5",
    "mapId": 1,
    "teamId": 100,
    "championId": 267,
    "spell1": 3,
    "spell2": 4,
    "level": 30,
    "ipEarned": 92,
    "createDate": 1398242739688,
    "fellowPlayers": [
      {
        "summonerId": 36870588,
        "teamId": 200,
        "championId": 24
      },
      {
        "summonerId": 19045935,
        "teamId": 200,
        "championId": 110
      },
      {
        "summonerId": 28935814,
        "teamId": 100,
        "championId": 67
      },
      {
        "summonerId": 21246894,
        "teamId": 100,
        "championId": 25
      },
      {
        "summonerId": 24535295,
        "teamId": 200,
        "championId": 7
      },
      {
        "summonerId": 32293022,
        "teamId": 100,
        "championId": 32
      },
      {
        "summonerId": 25806053,
        "teamId": 200,
        "championId": 43
      },
      {
        "summonerId": 19678462,
        "teamId": 200,
        "championId": 75
      },
      {
        "summonerId": 19291973,
        "teamId": 100,
        "championId": 86
      }
    ],
    "stats": {
      "level": 16,
      "goldEarned": 12358,
      "numDeaths": 3,
      "turretsKilled": 2,
      "minionsKilled": 8,
      "championsKilled": 2,
      "goldSpent": 10225,
      "totalDamageDealt": 20404,
      "totalDamageTaken": 20974,
      "team": 100,
      "win": true,
      "largestMultiKill": 1,
      "physicalDamageDealtPlayer": 8242,
      "magicDamageDealtPlayer": 12161,
      "physicalDamageTaken": 10775,
      "magicDamageTaken": 10123,
      "timePlayed": 1950,
      "totalHeal": 12415,
      "totalUnitsHealed": 5,
      "assists": 24,
      "item0": 2045,
      "item1": 3069,
      "item2": 3222,
      "item3": 3117,
      "item4": 3110,
      "item5": 1011,
      "item6": 3341,
      "sightWardsBought": 1,
      "magicDamageDealtToChampions": 6814,
      "physicalDamageDealtToChampions": 2547,
      "totalDamageDealtToChampions": 9361,
      "trueDamageTaken": 76,
      "wardPlaced": 27,
      "totalTimeCrowdControlDealt": 517
    }
  },
  "summonerCount": 10,
  "25806053": {
    "gameId": 818168275,
    "invalid": false,
    "gameMode": "CLASSIC",
    "gameType": "MATCHED_GAME",
    "subType": "RANKED_SOLO_5x5",
    "mapId": 1,
    "teamId": 200,
    "championId": 43,
    "spell1": 4,
    "spell2": 3,
    "level": 30,
    "ipEarned": 61,
    "createDate": 1398242739693,
    "fellowPlayers": [
      {
        "summonerId": 36870588,
        "teamId": 200,
        "championId": 24
      },
      {
        "summonerId": 19045935,
        "teamId": 200,
        "championId": 110
      },
      {
        "summonerId": 28935814,
        "teamId": 100,
        "championId": 67
      },
      {
        "summonerId": 21246894,
        "teamId": 100,
        "championId": 25
      },
      {
        "summonerId": 24535295,
        "teamId": 200,
        "championId": 7
      },
      {
        "summonerId": 30884807,
        "teamId": 100,
        "championId": 267
      },
      {
        "summonerId": 32293022,
        "teamId": 100,
        "championId": 32
      },
      {
        "summonerId": 19678462,
        "teamId": 200,
        "championId": 75
      },
      {
        "summonerId": 19291973,
        "teamId": 100,
        "championId": 86
      }
    ],
    "stats": {
      "level": 13,
      "goldEarned": 7831,
      "numDeaths": 8,
      "minionsKilled": 36,
      "goldSpent": 7715,
      "totalDamageDealt": 39488,
      "totalDamageTaken": 16905,
      "team": 200,
      "win": false,
      "physicalDamageDealtPlayer": 5003,
      "magicDamageDealtPlayer": 34484,
      "physicalDamageTaken": 5699,
      "magicDamageTaken": 10868,
      "timePlayed": 1950,
      "totalHeal": 228,
      "totalUnitsHealed": 1,
      "assists": 12,
      "item0": 2049,
      "item1": 3069,
      "item2": 2003,
      "item3": 1026,
      "item4": 3070,
      "item5": 3275,
      "item6": 3340,
      "sightWardsBought": 4,
      "visionWardsBought": 3,
      "magicDamageDealtToChampions": 10633,
      "physicalDamageDealtToChampions": 1437,
      "totalDamageDealtToChampions": 12071,
      "trueDamageTaken": 336,
      "wardKilled": 2,
      "wardPlaced": 19,
      "totalTimeCrowdControlDealt": 315
    }
  },
  "19291973": {
    "gameId": 818168275,
    "invalid": false,
    "gameMode": "CLASSIC",
    "gameType": "MATCHED_GAME",
    "subType": "RANKED_SOLO_5x5",
    "mapId": 1,
    "teamId": 100,
    "championId": 86,
    "spell1": 4,
    "spell2": 14,
    "level": 30,
    "ipEarned": 92,
    "createDate": 1398242739689,
    "fellowPlayers": [
      {
        "summonerId": 36870588,
        "teamId": 200,
        "championId": 24
      },
      {
        "summonerId": 19045935,
        "teamId": 200,
        "championId": 110
      },
      {
        "summonerId": 28935814,
        "teamId": 100,
        "championId": 67
      },
      {
        "summonerId": 21246894,
        "teamId": 100,
        "championId": 25
      },
      {
        "summonerId": 24535295,
        "teamId": 200,
        "championId": 7
      },
      {
        "summonerId": 30884807,
        "teamId": 100,
        "championId": 267
      },
      {
        "summonerId": 32293022,
        "teamId": 100,
        "championId": 32
      },
      {
        "summonerId": 25806053,
        "teamId": 200,
        "championId": 43
      },
      {
        "summonerId": 19678462,
        "teamId": 200,
        "championId": 75
      }
    ],
    "stats": {
      "level": 17,
      "goldEarned": 12648,
      "numDeaths": 6,
      "barracksKilled": 1,
      "turretsKilled": 2,
      "minionsKilled": 179,
      "championsKilled": 5,
      "goldSpent": 12130,
      "totalDamageDealt": 118528,
      "totalDamageTaken": 30568,
      "killingSprees": 1,
      "largestKillingSpree": 2,
      "team": 100,
      "win": true,
      "neutralMinionsKilled": 10,
      "largestMultiKill": 1,
      "physicalDamageDealtPlayer": 92163,
      "magicDamageDealtPlayer": 25469,
      "physicalDamageTaken": 20181,
      "magicDamageTaken": 9946,
      "timePlayed": 1950,
      "totalHeal": 1845,
      "totalUnitsHealed": 1,
      "assists": 11,
      "item0": 3143,
      "item1": 3068,
      "item2": 3071,
      "item3": 3269,
      "item4": 1057,
      "item5": 1028,
      "item6": 3340,
      "magicDamageDealtToChampions": 4991,
      "physicalDamageDealtToChampions": 16059,
      "totalDamageDealtToChampions": 21946,
      "trueDamageDealtPlayer": 896,
      "trueDamageDealtToChampions": 896,
      "trueDamageTaken": 440,
      "wardKilled": 1,
      "wardPlaced": 6,
      "neutralMinionsKilledEnemyJungle": 10,
      "totalTimeCrowdControlDealt": 183
    }
  },
  "36870588": {
    "gameId": 818168275,
    "invalid": false,
    "gameMode": "CLASSIC",
    "gameType": "MATCHED_GAME",
    "subType": "RANKED_SOLO_5x5",
    "mapId": 1,
    "teamId": 200,
    "championId": 24,
    "spell1": 4,
    "spell2": 11,
    "level": 30,
    "ipEarned": 61,
    "createDate": 1398242739690,
    "fellowPlayers": [
      {
        "summonerId": 19045935,
        "teamId": 200,
        "championId": 110
      },
      {
        "summonerId": 28935814,
        "teamId": 100,
        "championId": 67
      },
      {
        "summonerId": 21246894,
        "teamId": 100,
        "championId": 25
      },
      {
        "summonerId": 24535295,
        "teamId": 200,
        "championId": 7
      },
      {
        "summonerId": 30884807,
        "teamId": 100,
        "championId": 267
      },
      {
        "summonerId": 32293022,
        "teamId": 100,
        "championId": 32
      },
      {
        "summonerId": 25806053,
        "teamId": 200,
        "championId": 43
      },
      {
        "summonerId": 19678462,
        "teamId": 200,
        "championId": 75
      },
      {
        "summonerId": 19291973,
        "teamId": 100,
        "championId": 86
      }
    ],
    "stats": {
      "level": 17,
      "goldEarned": 11190,
      "numDeaths": 10,
      "turretsKilled": 2,
      "minionsKilled": 66,
      "championsKilled": 3,
      "goldSpent": 13368,
      "totalDamageDealt": 222708,
      "totalDamageTaken": 39483,
      "team": 200,
      "win": false,
      "neutralMinionsKilled": 109,
      "largestMultiKill": 1,
      "physicalDamageDealtPlayer": 121061,
      "magicDamageDealtPlayer": 82776,
      "physicalDamageTaken": 22086,
      "magicDamageTaken": 15468,
      "timePlayed": 1950,
      "totalHeal": 6891,
      "totalUnitsHealed": 1,
      "assists": 7,
      "item0": 3153,
      "item1": 3111,
      "item2": 3160,
      "item3": 3078,
      "item4": 1031,
      "item6": 3340,
      "magicDamageDealtToChampions": 5804,
      "physicalDamageDealtToChampions": 13882,
      "totalDamageDealtToChampions": 20308,
      "trueDamageDealtPlayer": 18872,
      "trueDamageDealtToChampions": 622,
      "trueDamageTaken": 1928,
      "wardPlaced": 17,
      "neutralMinionsKilledEnemyJungle": 13,
      "neutralMinionsKilledYourJungle": 96,
      "totalTimeCrowdControlDealt": 347
    }
  },
  "24535295": {
    "gameId": 818168275,
    "invalid": false,
    "gameMode": "CLASSIC",
    "gameType": "MATCHED_GAME",
    "subType": "RANKED_SOLO_5x5",
    "mapId": 1,
    "teamId": 200,
    "championId": 7,
    "spell1": 14,
    "spell2": 4,
    "level": 30,
    "ipEarned": 61,
    "createDate": 1398242739691,
    "fellowPlayers": [
      {
        "summonerId": 36870588,
        "teamId": 200,
        "championId": 24
      },
      {
        "summonerId": 19045935,
        "teamId": 200,
        "championId": 110
      },
      {
        "summonerId": 28935814,
        "teamId": 100,
        "championId": 67
      },
      {
        "summonerId": 21246894,
        "teamId": 100,
        "championId": 25
      },
      {
        "summonerId": 30884807,
        "teamId": 100,
        "championId": 267
      },
      {
        "summonerId": 32293022,
        "teamId": 100,
        "championId": 32
      },
      {
        "summonerId": 25806053,
        "teamId": 200,
        "championId": 43
      },
      {
        "summonerId": 19678462,
        "teamId": 200,
        "championId": 75
      },
      {
        "summonerId": 19291973,
        "teamId": 100,
        "championId": 86
      }
    ],
    "stats": {
      "level": 16,
      "goldEarned": 11977,
      "numDeaths": 7,
      "minionsKilled": 152,
      "championsKilled": 11,
      "goldSpent": 11255,
      "totalDamageDealt": 86865,
      "totalDamageTaken": 19393,
      "killingSprees": 4,
      "largestKillingSpree": 3,
      "team": 200,
      "win": false,
      "neutralMinionsKilled": 2,
      "largestMultiKill": 1,
      "physicalDamageDealtPlayer": 17122,
      "magicDamageDealtPlayer": 68170,
      "physicalDamageTaken": 7717,
      "magicDamageTaken": 10777,
      "timePlayed": 1950,
      "totalHeal": 894,
      "totalUnitsHealed": 1,
      "assists": 9,
      "item0": 3128,
      "item1": 2003,
      "item2": 3089,
      "item3": 3174,
      "item4": 3255,
      "item6": 3340,
      "magicDamageDealtToChampions": 23621,
      "physicalDamageDealtToChampions": 2072,
      "totalDamageDealtToChampions": 26730,
      "trueDamageDealtPlayer": 1572,
      "trueDamageDealtToChampions": 1036,
      "trueDamageTaken": 898,
      "wardPlaced": 7,
      "neutralMinionsKilledYourJungle": 2,
      "totalTimeCrowdControlDealt": 200
    }
  },
  "19045935": {
    "gameId": 818168275,
    "invalid": false,
    "gameMode": "CLASSIC",
    "gameType": "MATCHED_GAME",
    "subType": "RANKED_SOLO_5x5",
    "mapId": 1,
    "teamId": 200,
    "championId": 110,
    "spell1": 4,
    "spell2": 7,
    "level": 30,
    "ipEarned": 61,
    "createDate": 1398242739694,
    "fellowPlayers": [
      {
        "summonerId": 36870588,
        "teamId": 200,
        "championId": 24
      },
      {
        "summonerId": 28935814,
        "teamId": 100,
        "championId": 67
      },
      {
        "summonerId": 21246894,
        "teamId": 100,
        "championId": 25
      },
      {
        "summonerId": 24535295,
        "teamId": 200,
        "championId": 7
      },
      {
        "summonerId": 30884807,
        "teamId": 100,
        "championId": 267
      },
      {
        "summonerId": 32293022,
        "teamId": 100,
        "championId": 32
      },
      {
        "summonerId": 25806053,
        "teamId": 200,
        "championId": 43
      },
      {
        "summonerId": 19678462,
        "teamId": 200,
        "championId": 75
      },
      {
        "summonerId": 19291973,
        "teamId": 100,
        "championId": 86
      }
    ],
    "stats": {
      "level": 14,
      "goldEarned": 11065,
      "numDeaths": 8,
      "turretsKilled": 1,
      "minionsKilled": 136,
      "championsKilled": 9,
      "goldSpent": 9900,
      "totalDamageDealt": 97616,
      "totalDamageTaken": 18829,
      "doubleKills": 2,
      "killingSprees": 3,
      "largestKillingSpree": 3,
      "team": 200,
      "win": false,
      "neutralMinionsKilled": 18,
      "largestMultiKill": 2,
      "physicalDamageDealtPlayer": 90099,
      "magicDamageDealtPlayer": 7465,
      "physicalDamageTaken": 9447,
      "magicDamageTaken": 8089,
      "largestCriticalStrike": 589,
      "timePlayed": 1950,
      "totalHeal": 2488,
      "totalUnitsHealed": 3,
      "assists": 5,
      "item0": 1055,
      "item1": 3006,
      "item2": 3072,
      "item3": 3046,
      "item4": 1038,
      "item5": 1037,
      "item6": 3340,
      "visionWardsBought": 1,
      "magicDamageDealtToChampions": 3214,
      "physicalDamageDealtToChampions": 18305,
      "totalDamageDealtToChampions": 21572,
      "trueDamageDealtPlayer": 52,
      "trueDamageDealtToChampions": 52,
      "trueDamageTaken": 1292,
      "wardPlaced": 10,
      "neutralMinionsKilledEnemyJungle": 1,
      "neutralMinionsKilledYourJungle": 17,
      "totalTimeCrowdControlDealt": 221
    }
  },
  "28935814": {
    "gameId": 818168275,
    "invalid": false,
    "gameMode": "CLASSIC",
    "gameType": "MATCHED_GAME",
    "subType": "RANKED_SOLO_5x5",
    "mapId": 1,
    "teamId": 100,
    "championId": 67,
    "spell1": 7,
    "spell2": 4,
    "level": 30,
    "ipEarned": 92,
    "createDate": 1398242739686,
    "fellowPlayers": [
      {
        "summonerId": 36870588,
        "teamId": 200,
        "championId": 24
      },
      {
        "summonerId": 19045935,
        "teamId": 200,
        "championId": 110
      },
      {
        "summonerId": 21246894,
        "teamId": 100,
        "championId": 25
      },
      {
        "summonerId": 24535295,
        "teamId": 200,
        "championId": 7
      },
      {
        "summonerId": 30884807,
        "teamId": 100,
        "championId": 267
      },
      {
        "summonerId": 32293022,
        "teamId": 100,
        "championId": 32
      },
      {
        "summonerId": 25806053,
        "teamId": 200,
        "championId": 43
      },
      {
        "summonerId": 19678462,
        "teamId": 200,
        "championId": 75
      },
      {
        "summonerId": 19291973,
        "teamId": 100,
        "championId": 86
      }
    ],
    "stats": {
      "level": 15,
      "goldEarned": 13886,
      "numDeaths": 5,
      "barracksKilled": 1,
      "turretsKilled": 2,
      "minionsKilled": 179,
      "championsKilled": 10,
      "goldSpent": 15245,
      "totalDamageDealt": 107309,
      "totalDamageTaken": 24197,
      "doubleKills": 1,
      "tripleKills": 1,
      "killingSprees": 3,
      "largestKillingSpree": 4,
      "team": 100,
      "win": true,
      "neutralMinionsKilled": 1,
      "largestMultiKill": 3,
      "physicalDamageDealtPlayer": 86440,
      "magicDamageDealtPlayer": 9395,
      "physicalDamageTaken": 12270,
      "magicDamageTaken": 11495,
      "largestCriticalStrike": 519,
      "timePlayed": 1950,
      "totalHeal": 4517,
      "totalUnitsHealed": 2,
      "assists": 11,
      "item0": 3035,
      "item1": 3006,
      "item2": 3153,
      "item3": 3087,
      "item4": 1037,
      "item5": 3102,
      "item6": 3340,
      "magicDamageDealtToChampions": 2397,
      "physicalDamageDealtToChampions": 17984,
      "totalDamageDealtToChampions": 25170,
      "trueDamageDealtPlayer": 11474,
      "trueDamageDealtToChampions": 4788,
      "trueDamageTaken": 432,
      "wardKilled": 2,
      "wardPlaced": 6,
      "neutralMinionsKilledYourJungle": 1,
      "totalTimeCrowdControlDealt": 144
    }
  },
  "32293022": {
    "gameId": 818168275,
    "invalid": false,
    "gameMode": "CLASSIC",
    "gameType": "MATCHED_GAME",
    "subType": "RANKED_SOLO_5x5",
    "mapId": 1,
    "teamId": 100,
    "championId": 32,
    "spell1": 11,
    "spell2": 4,
    "level": 30,
    "ipEarned": 92,
    "createDate": 1398242739687,
    "fellowPlayers": [
      {
        "summonerId": 36870588,
        "teamId": 200,
        "championId": 24
      },
      {
        "summonerId": 19045935,
        "teamId": 200,
        "championId": 110
      },
      {
        "summonerId": 28935814,
        "teamId": 100,
        "championId": 67
      },
      {
        "summonerId": 21246894,
        "teamId": 100,
        "championId": 25
      },
      {
        "summonerId": 24535295,
        "teamId": 200,
        "championId": 7
      },
      {
        "summonerId": 30884807,
        "teamId": 100,
        "championId": 267
      },
      {
        "summonerId": 25806053,
        "teamId": 200,
        "championId": 43
      },
      {
        "summonerId": 19678462,
        "teamId": 200,
        "championId": 75
      },
      {
        "summonerId": 19291973,
        "teamId": 100,
        "championId": 86
      }
    ],
    "stats": {
      "level": 17,
      "goldEarned": 13890,
      "numDeaths": 5,
      "minionsKilled": 37,
      "championsKilled": 9,
      "goldSpent": 13355,
      "totalDamageDealt": 135569,
      "totalDamageTaken": 30338,
      "doubleKills": 1,
      "killingSprees": 2,
      "largestKillingSpree": 3,
      "team": 100,
      "win": true,
      "neutralMinionsKilled": 78,
      "largestMultiKill": 2,
      "physicalDamageDealtPlayer": 14987,
      "magicDamageDealtPlayer": 105607,
      "physicalDamageTaken": 21895,
      "magicDamageTaken": 7585,
      "timePlayed": 1950,
      "totalHeal": 5186,
      "totalUnitsHealed": 1,
      "assists": 16,
      "item0": 3116,
      "item1": 3068,
      "item2": 3206,
      "item3": 3158,
      "item4": 3102,
      "item5": 1058,
      "item6": 3340,
      "magicDamageDealtToChampions": 17873,
      "physicalDamageDealtToChampions": 1904,
      "totalDamageDealtToChampions": 20406,
      "trueDamageDealtPlayer": 14974,
      "trueDamageDealtToChampions": 628,
      "trueDamageTaken": 858,
      "wardPlaced": 6,
      "neutralMinionsKilledEnemyJungle": 18,
      "neutralMinionsKilledYourJungle": 60,
      "totalTimeCrowdControlDealt": 575
    }
  },
  "19678462": {
    "gameId": 818168275,
    "invalid": false,
    "gameMode": "CLASSIC",
    "gameType": "MATCHED_GAME",
    "subType": "RANKED_SOLO_5x5",
    "mapId": 1,
    "teamId": 200,
    "championId": 75,
    "spell1": 6,
    "spell2": 12,
    "level": 30,
    "ipEarned": 61,
    "createDate": 1398242739692,
    "fellowPlayers": [
      {
        "summonerId": 36870588,
        "teamId": 200,
        "championId": 24
      },
      {
        "summonerId": 19045935,
        "teamId": 200,
        "championId": 110
      },
      {
        "summonerId": 28935814,
        "teamId": 100,
        "championId": 67
      },
      {
        "summonerId": 21246894,
        "teamId": 100,
        "championId": 25
      },
      {
        "summonerId": 24535295,
        "teamId": 200,
        "championId": 7
      },
      {
        "summonerId": 30884807,
        "teamId": 100,
        "championId": 267
      },
      {
        "summonerId": 32293022,
        "teamId": 100,
        "championId": 32
      },
      {
        "summonerId": 25806053,
        "teamId": 200,
        "championId": 43
      },
      {
        "summonerId": 19291973,
        "teamId": 100,
        "championId": 86
      }
    ],
    "stats": {
      "level": 15,
      "goldEarned": 9970,
      "numDeaths": 8,
      "turretsKilled": 1,
      "minionsKilled": 148,
      "championsKilled": 2,
      "goldSpent": 9845,
      "totalDamageDealt": 87135,
      "totalDamageTaken": 35059,
      "killingSprees": 1,
      "largestKillingSpree": 2,
      "team": 200,
      "win": false,
      "neutralMinionsKilled": 2,
      "largestMultiKill": 1,
      "physicalDamageDealtPlayer": 68905,
      "magicDamageDealtPlayer": 18230,
      "physicalDamageTaken": 18916,
      "magicDamageTaken": 13107,
      "timePlayed": 1950,
      "totalHeal": 201,
      "totalUnitsHealed": 1,
      "assists": 14,
      "item0": 3009,
      "item1": 3065,
      "item2": 3025,
      "item3": 1054,
      "item4": 3082,
      "item5": 1011,
      "item6": 3340,
      "magicDamageDealtToChampions": 7637,
      "physicalDamageDealtToChampions": 9883,
      "totalDamageDealtToChampions": 17520,
      "trueDamageTaken": 3034,
      "wardPlaced": 6,
      "neutralMinionsKilledYourJungle": 2,
      "totalTimeCrowdControlDealt": 546
    }
  },
  "30884807": {
    "gameId": 818168275,
    "invalid": false,
    "gameMode": "CLASSIC",
    "gameType": "MATCHED_GAME",
    "subType": "RANKED_SOLO_5x5",
    "mapId": 1,
    "teamId": 100,
    "championId": 267,
    "spell1": 3,
    "spell2": 4,
    "level": 30,
    "ipEarned": 92,
    "createDate": 1398242739688,
    "fellowPlayers": [
      {
        "summonerId": 36870588,
        "teamId": 200,
        "championId": 24
      },
      {
        "summonerId": 19045935,
        "teamId": 200,
        "championId": 110
      },
      {
        "summonerId": 28935814,
        "teamId": 100,
        "championId": 67
      },
      {
        "summonerId": 21246894,
        "teamId": 100,
        "championId": 25
      },
      {
        "summonerId": 24535295,
        "teamId": 200,
        "championId": 7
      },
      {
        "summonerId": 32293022,
        "teamId": 100,
        "championId": 32
      },
      {
        "summonerId": 25806053,
        "teamId": 200,
        "championId": 43
      },
      {
        "summonerId": 19678462,
        "teamId": 200,
        "championId": 75
      },
      {
        "summonerId": 19291973,
        "teamId": 100,
        "championId": 86
      }
    ],
    "stats": {
      "level": 16,
      "goldEarned": 12358,
      "numDeaths": 3,
      "turretsKilled": 2,
      "minionsKilled": 8,
      "championsKilled": 2,
      "goldSpent": 10225,
      "totalDamageDealt": 20404,
      "totalDamageTaken": 20974,
      "team": 100,
      "win": true,
      "largestMultiKill": 1,
      "physicalDamageDealtPlayer": 8242,
      "magicDamageDealtPlayer": 12161,
      "physicalDamageTaken": 10775,
      "magicDamageTaken": 10123,
      "timePlayed": 1950,
      "totalHeal": 12415,
      "totalUnitsHealed": 5,
      "assists": 24,
      "item0": 2045,
      "item1": 3069,
      "item2": 3222,
      "item3": 3117,
      "item4": 3110,
      "item5": 1011,
      "item6": 3341,
      "sightWardsBought": 1,
      "magicDamageDealtToChampions": 6814,
      "physicalDamageDealtToChampions": 2547,
      "totalDamageDealtToChampions": 9361,
      "trueDamageTaken": 76,
      "wardPlaced": 27,
      "totalTimeCrowdControlDealt": 517
    }
  }
}