{
  "37340608": {
    "gameId": 818168647,
    "invalid": false,
    "gameMode": "CLASSIC",
    "gameType": "MATCHED_GAME",
    "subType": "RANKED_SOLO_5x5",
    "mapId": 1,
    "teamId": 200,
    "championId": 24,
    "spell1": 4,
    "spell2": 14,
    "level": 30,
    "ipEarned": 115,
    "createDate": 1398243528713,
    "fellowPlayers": [
      {
        "summonerId": 21199082,
        "teamId": 100,
        "championId": 25
      },
      {
        "summonerId": 35935302,
        "teamId": 100,
        "championId": 58
      },
      {
        "summonerId": 33905579,
        "teamId": 200,
        "championId": 18
      },
      {
        "summonerId": 34495890,
        "teamId": 100,
        "championId": 51
      },
      {
        "summonerId": 38184725,
        "teamId": 200,
        "championId": 266
      },
      {
        "summonerId": 21954289,
        "teamId": 100,
        "championId": 134
      },
      {
        "summonerId": 27094666,
        "teamId": 200,
        "championId": 37
      },
      {
        "summonerId": 30156268,
        "teamId": 200,
        "championId": 10
      },
      {
        "summonerId": 19291841,
        "teamId": 100,
        "championId": 77
      }
    ],
    "stats": {
      "level": 18,
      "goldEarned": 12799,
      "numDeaths": 8,
      "turretsKilled": 1,
      "minionsKilled": 137,
      "championsKilled": 8,
      "goldSpent": 11558,
      "totalDamageDealt": 101676,
      "totalDamageTaken": 44161,
      "doubleKills": 1,
      "killingSprees": 3,
      "largestKillingSpree": 2,
      "team": 200,
      "win": true,
      "neutralMinionsKilled": 2,
      "largestMultiKill": 2,
      "physicalDamageDealtPlayer": 84072,
      "magicDamageDealtPlayer": 15179,
      "physicalDamageTaken": 26113,
      "magicDamageTaken": 16112,
      "largestCriticalStrike": 586,
      "timePlayed": 2576,
      "totalHeal": 4011,
      "totalUnitsHealed": 1,
      "assists": 7,
      "item0": 1055,
      "item1": 3153,
      "item2": 3078,
      "item3": 3047,
      "item4": 3083,
      "item6": 3340,
      "magicDamageDealtToChampions": 6681,
      "physicalDamageDealtToChampions": 20647,
      "totalDamageDealtToChampions": 29640,
      "trueDamageDealtPlayer": 2424,
      "trueDamageDealtToChampions": 2312,
      "trueDamageTaken": 1936,
      "wardPlaced": 3,
      "neutralMinionsKilledYourJungle": 2,
      "totalTimeCrowdControlDealt": 150
    }
  },
  "summonerCount": 10,
  "33905579": {
    "gameId": 818168647,
    "invalid": false,
    "gameMode": "CLASSIC",
    "gameType": "MATCHED_GAME",
    "subType": "RANKED_SOLO_5x5",
    "mapId": 1,
    "teamId": 200,
    "championId": 18,
    "spell1": 4,
    "spell2": 7,
    "level": 30,
    "ipEarned": 115,
    "createDate": 1398243528712,
    "fellowPlayers": [
      {
        "summonerId": 21199082,
        "teamId": 100,
        "championId": 25
      },
      {
        "summonerId": 35935302,
        "teamId": 100,
        "championId": 58
      },
      {
        "summonerId": 34495890,
        "teamId": 100,
        "championId": 51
      },
      {
        "summonerId": 38184725,
        "teamId": 200,
        "championId": 266
      },
      {
        "summonerId": 37340608,
        "teamId": 200,
        "championId": 24
      },
      {
        "summonerId": 21954289,
        "teamId": 100,
        "championId": 134
      },
      {
        "summonerId": 27094666,
        "teamId": 200,
        "championId": 37
      },
      {
        "summonerId": 30156268,
        "teamId": 200,
        "championId": 10
      },
      {
        "summonerId": 19291841,
        "teamId": 100,
        "championId": 77
      }
    ],
    "stats": {
      "level": 18,
      "goldEarned": 16524,
      "numDeaths": 4,
      "barracksKilled": 1,
      "turretsKilled": 3,
      "minionsKilled": 277,
      "championsKilled": 8,
      "goldSpent": 14450,
      "totalDamageDealt": 207531,
      "totalDamageTaken": 29888,
      "killingSprees": 2,
      "largestKillingSpree": 4,
      "team": 200,
      "win": true,
      "neutralMinionsKilled": 10,
      "largestMultiKill": 1,
      "physicalDamageDealtPlayer": 156090,
      "magicDamageDealtPlayer": 50719,
      "physicalDamageTaken": 14704,
      "magicDamageTaken": 14118,
      "largestCriticalStrike": 1019,
      "timePlayed": 2576,
      "totalHeal": 3907,
      "totalUnitsHealed": 3,
      "assists": 10,
      "item0": 3250,
      "item1": 3046,
      "item2": 3035,
      "item3": 3031,
      "item4": 3072,
      "item6": 3340,
      "sightWardsBought": 2,
      "magicDamageDealtToChampions": 4249,
      "physicalDamageDealtToChampions": 23912,
      "totalDamageDealtToChampions": 28769,
      "trueDamageDealtPlayer": 721,
      "trueDamageDealtToChampions": 607,
      "trueDamageTaken": 1066,
      "wardKilled": 1,
      "wardPlaced": 14,
      "neutralMinionsKilledEnemyJungle": 1,
      "neutralMinionsKilledYourJungle": 9,
      "totalTimeCrowdControlDealt": 161
    }
  },
  "30156268": {
    "gameId": 818168647,
    "invalid": false,
    "gameMode": "CLASSIC",
    "gameType": "MATCHED_GAME",
    "subType": "RANKED_SOLO_5x5",
    "mapId": 1,
    "teamId": 200,
    "championId": 10,
    "spell1": 4,
    "spell2": 14,
    "level": 30,
    "ipEarned": 115,
    "createDate": 1398243528715,
    "fellowPlayers": [
      {
        "summonerId": 21199082,
        "teamId": 100,
        "championId": 25
      },
      {
        "summonerId": 35935302,
        "teamId": 100,
        "championId": 58
      },
      {
        "summonerId": 33905579,
        "teamId": 200,
        "championId": 18
      },
      {
        "summonerId": 34495890,
        "teamId": 100,
        "championId": 51
      },
      {
        "summonerId": 38184725,
        "teamId": 200,
        "championId": 266
      },
      {
        "summonerId": 37340608,
        "teamId": 200,
        "championId": 24
      },
      {
        "summonerId": 21954289,
        "teamId": 100,
        "championId": 134
      },
      {
        "summonerId": 27094666,
        "teamId": 200,
        "championId": 37
      },
      {
        "summonerId": 19291841,
        "teamId": 100,
        "championId": 77
      }
    ],
    "stats": {
      "level": 18,
      "goldEarned": 17057,
      "numDeaths": 4,
      "turretsKilled": 1,
      "minionsKilled": 263,
      "championsKilled": 8,
      "goldSpent": 15180,
      "totalDamageDealt": 226430,
      "totalDamageTaken": 29472,
      "killingSprees": 3,
      "largestKillingSpree": 3,
      "team": 200,
      "win": true,
      "neutralMinionsKilled": 32,
      "largestMultiKill": 1,
      "physicalDamageDealtPlayer": 44689,
      "magicDamageDealtPlayer": 179432,
      "physicalDamageTaken": 15957,
      "magicDamageTaken": 12574,
      "timePlayed": 2576,
      "totalHeal": 14699,
      "totalUnitsHealed": 4,
      "assists": 13,
      "item0": 3089,
      "item1": 3100,
      "item2": 3115,
      "item3": 3250,
      "item4": 3026,
      "item5": 1052,
      "item6": 3340,
      "sightWardsBought": 3,
      "magicDamageDealtToChampions": 15225,
      "physicalDamageDealtToChampions": 3027,
      "totalDamageDealtToChampions": 19669,
      "trueDamageDealtPlayer": 2308,
      "trueDamageDealtToChampions": 1416,
      "trueDamageTaken": 940,
      "wardPlaced": 15,
      "neutralMinionsKilledEnemyJungle": 3,
      "neutralMinionsKilledYourJungle": 29,
      "totalTimeCrowdControlDealt": 403
    }
  },
  "21199082": {
    "gameId": 818168647,
    "invalid": false,
    "gameMode": "CLASSIC",
    "gameType": "MATCHED_GAME",
    "subType": "RANKED_SOLO_5x5",
    "mapId": 1,
    "teamId": 100,
    "championId": 25,
    "spell1": 3,
    "spell2": 4,
    "level": 30,
    "ipEarned": 75,
    "createDate": 1398243528707,
    "fellowPlayers": [
      {
        "summonerId": 35935302,
        "teamId": 100,
        "championId": 58
      },
      {
        "summonerId": 33905579,
        "teamId": 200,
        "championId": 18
      },
      {
        "summonerId": 34495890,
        "teamId": 100,
        "championId": 51
      },
      {
        "summonerId": 38184725,
        "teamId": 200,
        "championId": 266
      },
      {
        "summonerId": 37340608,
        "teamId": 200,
        "championId": 24
      },
      {
        "summonerId": 21954289,
        "teamId": 100,
        "championId": 134
      },
      {
        "summonerId": 27094666,
        "teamId": 200,
        "championId": 37
      },
      {
        "summonerId": 30156268,
        "teamId": 200,
        "championId": 10
      },
      {
        "summonerId": 19291841,
        "teamId": 100,
        "championId": 77
      }
    ],
    "stats": {
      "level": 16,
      "goldEarned": 11469,
      "numDeaths": 10,
      "minionsKilled": 9,
      "championsKilled": 2,
      "goldSpent": 10945,
      "totalDamageDealt": 26780,
      "totalDamageTaken": 20949,
      "team": 100,
      "win": false,
      "neutralMinionsKilled": 1,
      "largestMultiKill": 1,
      "physicalDamageDealtPlayer": 3044,
      "magicDamageDealtPlayer": 23735,
      "physicalDamageTaken": 11615,
      "magicDamageTaken": 8759,
      "timePlayed": 2576,
      "totalHeal": 1983,
      "totalUnitsHealed": 4,
      "assists": 10,
      "item0": 3098,
      "item1": 2045,
      "item2": 3222,
      "item3": 3023,
      "item4": 3117,
      "item5": 3190,
      "item6": 3341,
      "sightWardsBought": 4,
      "visionWardsBought": 3,
      "magicDamageDealtToChampions": 12634,
      "physicalDamageDealtToChampions": 320,
      "totalDamageDealtToChampions": 12954,
      "trueDamageTaken": 575,
      "wardKilled": 2,
      "wardPlaced": 41,
      "neutralMinionsKilledEnemyJungle": 1,
      "totalTimeCrowdControlDealt": 133
    }
  },
  "19291841": {
    "gameId": 818168647,
    "invalid": false,
    "gameMode": "CLASSIC",
    "gameType": "MATCHED_GAME",
    "subType": "RANKED_SOLO_5x5",
    "mapId": 1,
    "teamId": 100,
    "championId": 77,
    "spell1": 11,
    "spell2": 4,
    "level": 30,
    "ipEarned": 75,
    "createDate": 1398243528708,
    "fellowPlayers": [
      {
        "summonerId": 21199082,
        "teamId": 100,
        "championId": 25
      },
      {
        "summonerId": 35935302,
        "teamId": 100,
        "championId": 58
      },
      {
        "summonerId": 33905579,
        "teamId": 200,
        "championId": 18
      },
      {
        "summonerId": 34495890,
        "teamId": 100,
        "championId": 51
      },
      {
        "summonerId": 38184725,
        "teamId": 200,
        "championId": 266
      },
      {
        "summonerId": 37340608,
        "teamId": 200,
        "championId": 24
      },
      {
        "summonerId": 21954289,
        "teamId": 100,
        "championId": 134
      },
      {
        "summonerId": 27094666,
        "teamId": 200,
        "championId": 37
      },
      {
        "summonerId": 30156268,
        "teamId": 200,
        "championId": 10
      }
    ],
    "stats": {
      "level": 18,
      "goldEarned": 13944,
      "numDeaths": 3,
      "minionsKilled": 79,
      "championsKilled": 4,
      "goldSpent": 13745,
      "totalDamageDealt": 184353,
      "totalDamageTaken": 29872,
      "killingSprees": 2,
      "largestKillingSpree": 2,
      "team": 100,
      "win": false,
      "neutralMinionsKilled": 88,
      "largestMultiKill": 1,
      "physicalDamageDealtPlayer": 48526,
      "magicDamageDealtPlayer": 117015,
      "physicalDamageTaken": 21864,
      "magicDamageTaken": 6837,
      "timePlayed": 2576,
      "totalHeal": 5852,
      "totalUnitsHealed": 1,
      "assists": 9,
      "item0": 3154,
      "item1": 3065,
      "item2": 3110,
      "item3": 3155,
      "item4": 3265,
      "item5": 3075,
      "item6": 3342,
      "sightWardsBought": 1,
      "magicDamageDealtToChampions": 9158,
      "physicalDamageDealtToChampions": 5502,
      "totalDamageDealtToChampions": 15765,
      "trueDamageDealtPlayer": 18812,
      "trueDamageDealtToChampions": 1104,
      "trueDamageTaken": 1170,
      "wardPlaced": 9,
      "neutralMinionsKilledEnemyJungle": 21,
      "neutralMinionsKilledYourJungle": 67,
      "totalTimeCrowdControlDealt": 1591
    }
  },
  "38184725": {
    "gameId": 818168647,
    "invalid": false,
    "gameMode": "CLASSIC",
    "gameType": "MATCHED_GAME",
    "subType": "RANKED_SOLO_5x5",
    "mapId": 1,
    "teamId": 200,
    "championId": 266,
    "spell1": 4,
    "spell2": 11,
    "level": 30,
    "ipEarned": 115,
    "createDate": 1398243528714,
    "fellowPlayers": [
      {
        "summonerId": 21199082,
        "teamId": 100,
        "championId": 25
      },
      {
        "summonerId": 35935302,
        "teamId": 100,
        "championId": 58
      },
      {
        "summonerId": 33905579,
        "teamId": 200,
        "championId": 18
      },
      {
        "summonerId": 34495890,
        "teamId": 100,
        "championId": 51
      },
      {
        "summonerId": 37340608,
        "teamId": 200,
        "championId": 24
      },
      {
        "summonerId": 21954289,
        "teamId": 100,
        "championId": 134
      },
      {
        "summonerId": 27094666,
        "teamId": 200,
        "championId": 37
      },
      {
        "summonerId": 30156268,
        "teamId": 200,
        "championId": 10
      },
      {
        "summonerId": 19291841,
        "teamId": 100,
        "championId": 77
      }
    ],
    "stats": {
      "level": 18,
      "goldEarned": 14559,
      "numDeaths": 7,
      "turretsKilled": 2,
      "minionsKilled": 83,
      "championsKilled": 4,
      "goldSpent": 12395,
      "totalDamageDealt": 236934,
      "totalDamageTaken": 45815,
      "doubleKills": 1,
      "killingSprees": 1,
      "largestKillingSpree": 3,
      "team": 200,
      "win": true,
      "neutralMinionsKilled": 111,
      "largestMultiKill": 2,
      "physicalDamageDealtPlayer": 117038,
      "magicDamageDealtPlayer": 104525,
      "physicalDamageTaken": 27686,
      "magicDamageTaken": 16772,
      "timePlayed": 2576,
      "totalHeal": 24839,
      "totalUnitsHealed": 1,
      "assists": 15,
      "item0": 3153,
      "item1": 3143,
      "item2": 3160,
      "item3": 3047,
      "item4": 3026,
      "item5": 1028,
      "item6": 3341,
      "magicDamageDealtToChampions": 6441,
      "physicalDamageDealtToChampions": 7782,
      "totalDamageDealtToChampions": 14461,
      "trueDamageDealtPlayer": 15370,
      "trueDamageDealtToChampions": 238,
      "trueDamageTaken": 1357,
      "wardKilled": 2,
      "wardPlaced": 4,
      "neutralMinionsKilledEnemyJungle": 11,
      "neutralMinionsKilledYourJungle": 100,
      "totalTimeCrowdControlDealt": 1667
    }
  },
  "27094666": {
    "gameId": 818168647,
    "invalid": false,
    "gameMode": "CLASSIC",
    "gameType": "MATCHED_GAME",
    "subType": "RANKED_SOLO_5x5",
    "mapId": 1,
    "teamId": 200,
    "championId": 37,
    "spell1": 4,
    "spell2": 3,
    "level": 30,
    "ipEarned": 115,
    "createDate": 1398243528716,
    "fellowPlayers": [
      {
        "summonerId": 21199082,
        "teamId": 100,
        "championId": 25
      },
      {
        "summonerId": 35935302,
        "teamId": 100,
        "championId": 58
      },
      {
        "summonerId": 33905579,
        "teamId": 200,
        "championId": 18
      },
      {
        "summonerId": 34495890,
        "teamId": 100,
        "championId": 51
      },
      {
        "summonerId": 38184725,
        "teamId": 200,
        "championId": 266
      },
      {
        "summonerId": 37340608,
        "teamId": 200,
        "championId": 24
      },
      {
        "summonerId": 21954289,
        "teamId": 100,
        "championId": 134
      },
      {
        "summonerId": 30156268,
        "teamId": 200,
        "championId": 10
      },
      {
        "summonerId": 19291841,
        "teamId": 100,
        "championId": 77
      }
    ],
    "stats": {
      "level": 18,
      "goldEarned": 13160,
      "numDeaths": 2,
      "minionsKilled": 13,
      "championsKilled": 4,
      "goldSpent": 11480,
      "totalDamageDealt": 30032,
      "totalDamageTaken": 20255,
      "killingSprees": 2,
      "largestKillingSpree": 2,
      "team": 200,
      "win": true,
      "neutralMinionsKilled": 3,
      "largestMultiKill": 1,
      "physicalDamageDealtPlayer": 8555,
      "magicDamageDealtPlayer": 21477,
      "physicalDamageTaken": 10134,
      "magicDamageTaken": 9627,
      "timePlayed": 2576,
      "totalHeal": 12728,
      "totalUnitsHealed": 5,
      "assists": 20,
      "item0": 3222,
      "item1": 3069,
      "item2": 3143,
      "item3": 2045,
      "item4": 3270,
      "item5": 1057,
      "item6": 3341,
      "sightWardsBought": 1,
      "magicDamageDealtToChampions": 9997,
      "physicalDamageDealtToChampions": 2811,
      "totalDamageDealtToChampions": 12808,
      "trueDamageTaken": 494,
      "wardKilled": 3,
      "wardPlaced": 33,
      "neutralMinionsKilledEnemyJungle": 1,
      "neutralMinionsKilledYourJungle": 2,
      "totalTimeCrowdControlDealt": 89
    }
  },
  "34495890": {
    "gameId": 818168647,
    "invalid": false,
    "gameMode": "CLASSIC",
    "gameType": "MATCHED_GAME",
    "subType": "RANKED_SOLO_5x5",
    "mapId": 1,
    "teamId": 100,
    "championId": 51,
    "spell1": 7,
    "spell2": 4,
    "level": 30,
    "ipEarned": 75,
    "createDate": 1398243528706,
    "fellowPlayers": [
      {
        "summonerId": 21199082,
        "teamId": 100,
        "championId": 25
      },
      {
        "summonerId": 35935302,
        "teamId": 100,
        "championId": 58
      },
      {
        "summonerId": 33905579,
        "teamId": 200,
        "championId": 18
      },
      {
        "summonerId": 38184725,
        "teamId": 200,
        "championId": 266
      },
      {
        "summonerId": 37340608,
        "teamId": 200,
        "championId": 24
      },
      {
        "summonerId": 21954289,
        "teamId": 100,
        "championId": 134
      },
      {
        "summonerId": 27094666,
        "teamId": 200,
        "championId": 37
      },
      {
        "summonerId": 30156268,
        "teamId": 200,
        "championId": 10
      },
      {
        "summonerId": 19291841,
        "teamId": 100,
        "championId": 77
      }
    ],
    "stats": {
      "level": 18,
      "goldEarned": 16026,
      "numDeaths": 5,
      "barracksKilled": 3,
      "turretsKilled": 1,
      "minionsKilled": 259,
      "championsKilled": 3,
      "goldSpent": 16505,
      "totalDamageDealt": 267773,
      "totalDamageTaken": 23994,
      "doubleKills": 1,
      "killingSprees": 1,
      "largestKillingSpree": 2,
      "team": 100,
      "win": false,
      "neutralMinionsKilled": 48,
      "largestMultiKill": 2,
      "physicalDamageDealtPlayer": 254571,
      "magicDamageDealtPlayer": 9506,
      "physicalDamageTaken": 16721,
      "magicDamageTaken": 6033,
      "largestCriticalStrike": 1494,
      "timePlayed": 2576,
      "totalHeal": 3311,
      "totalUnitsHealed": 3,
      "assists": 10,
      "item0": 3172,
      "item1": 3072,
      "item2": 3087,
      "item3": 3250,
      "item4": 1037,
      "item5": 3031,
      "item6": 3340,
      "magicDamageDealtToChampions": 3503,
      "physicalDamageDealtToChampions": 27288,
      "totalDamageDealtToChampions": 32730,
      "trueDamageDealtPlayer": 3696,
      "trueDamageDealtToChampions": 1938,
      "trueDamageTaken": 1239,
      "wardKilled": 3,
      "wardPlaced": 9,
      "neutralMinionsKilledEnemyJungle": 11,
      "neutralMinionsKilledYourJungle": 37,
      "totalTimeCrowdControlDealt": 910
    }
  },
  "35935302": {
    "gameId": 818168647,
    "invalid": false,
    "gameMode": "CLASSIC",
    "gameType": "MATCHED_GAME",
    "subType": "RANKED_SOLO_5x5",
    "mapId": 1,
    "teamId": 100,
    "championId": 58,
    "spell1": 14,
    "spell2": 4,
    "level": 30,
    "ipEarned": 75,
    "createDate": 1398243528711,
    "fellowPlayers": [
      {
        "summonerId": 21199082,
        "teamId": 100,
        "championId": 25
      },
      {
        "summonerId": 33905579,
        "teamId": 200,
        "championId": 18
      },
      {
        "summonerId": 34495890,
        "teamId": 100,
        "championId": 51
      },
      {
        "summonerId": 38184725,
        "teamId": 200,
        "championId": 266
      },
      {
        "summonerId": 37340608,
        "teamId": 200,
        "championId": 24
      },
      {
        "summonerId": 21954289,
        "teamId": 100,
        "championId": 134
      },
      {
        "summonerId": 27094666,
        "teamId": 200,
        "championId": 37
      },
      {
        "summonerId": 30156268,
        "teamId": 200,
        "championId": 10
      },
      {
        "summonerId": 19291841,
        "teamId": 100,
        "championId": 77
      }
    ],
    "stats": {
      "level": 18,
      "goldEarned": 15036,
      "numDeaths": 8,
      "turretsKilled": 3,
      "minionsKilled": 220,
      "championsKilled": 9,
      "goldSpent": 15945,
      "totalDamageDealt": 183220,
      "totalDamageTaken": 49075,
      "killingSprees": 3,
      "largestKillingSpree": 3,
      "team": 100,
      "win": false,
      "neutralMinionsKilled": 23,
      "largestMultiKill": 1,
      "physicalDamageDealtPlayer": 156201,
      "magicDamageDealtPlayer": 24463,
      "physicalDamageTaken": 30900,
      "magicDamageTaken": 16054,
      "timePlayed": 2576,
      "totalHeal": 7407,
      "totalUnitsHealed": 1,
      "assists": 9,
      "item0": 3265,
      "item1": 3074,
      "item2": 3143,
      "item3": 3068,
      "item4": 3065,
      "item6": 3340,
      "magicDamageDealtToChampions": 7361,
      "physicalDamageDealtToChampions": 22572,
      "totalDamageDealtToChampions": 32489,
      "trueDamageDealtPlayer": 2556,
      "trueDamageDealtToChampions": 2556,
      "trueDamageTaken": 2120,
      "wardPlaced": 10,
      "neutralMinionsKilledEnemyJungle": 5,
      "neutralMinionsKilledYourJungle": 18,
      "totalTimeCrowdControlDealt": 394
    }
  },
  "37340608": {
    "gameId": 818168647,
    "invalid": false,
    "gameMode": "CLASSIC",
    "gameType": "MATCHED_GAME",
    "subType": "RANKED_SOLO_5x5",
    "mapId": 1,
    "teamId": 200,
    "championId": 24,
    "spell1": 4,
    "spell2": 14,
    "level": 30,
    "ipEarned": 115,
    "createDate": 1398243528713,
    "fellowPlayers": [
      {
        "summonerId": 21199082,
        "teamId": 100,
        "championId": 25
      },
      {
        "summonerId": 35935302,
        "teamId": 100,
        "championId": 58
      },
      {
        "summonerId": 33905579,
        "teamId": 200,
        "championId": 18
      },
      {
        "summonerId": 34495890,
        "teamId": 100,
        "championId": 51
      },
      {
        "summonerId": 38184725,
        "teamId": 200,
        "championId": 266
      },
      {
        "summonerId": 21954289,
        "teamId": 100,
        "championId": 134
      },
      {
        "summonerId": 27094666,
        "teamId": 200,
        "championId": 37
      },
      {
        "summonerId": 30156268,
        "teamId": 200,
        "championId": 10
      },
      {
        "summonerId": 19291841,
        "teamId": 100,
        "championId": 77
      }
    ],
    "stats": {
      "level": 18,
      "goldEarned": 12799,
      "numDeaths": 8,
      "turretsKilled": 1,
      "minionsKilled": 137,
      "championsKilled": 8,
      "goldSpent": 11558,
      "totalDamageDealt": 101676,
      "totalDamageTaken": 44161,
      "doubleKills": 1,
      "killingSprees": 3,
      "largestKillingSpree": 2,
      "team": 200,
      "win": true,
      "neutralMinionsKilled": 2,
      "largestMultiKill": 2,
      "physicalDamageDealtPlayer": 84072,
      "magicDamageDealtPlayer": 15179,
      "physicalDamageTaken": 26113,
      "magicDamageTaken": 16112,
      "largestCriticalStrike": 586,
      "timePlayed": 2576,
      "totalHeal": 4011,
      "totalUnitsHealed": 1,
      "assists": 7,
      "item0": 1055,
      "item1": 3153,
      "item2": 3078,
      "item3": 3047,
      "item4": 3083,
      "item6": 3340,
      "magicDamageDealtToChampions": 6681,
      "physicalDamageDealtToChampions": 20647,
      "totalDamageDealtToChampions": 29640,
      "trueDamageDealtPlayer": 2424,
      "trueDamageDealtToChampions": 2312,
      "trueDamageTaken": 1936,
      "wardPlaced": 3,
      "neutralMinionsKilledYourJungle": 2,
      "totalTimeCrowdControlDealt": 150
    }
  }
}