{
  "32745037": {
    "gameId": 818168605,
    "invalid": false,
    "gameMode": "CLASSIC",
    "gameType": "MATCHED_GAME",
    "subType": "RANKED_SOLO_5x5",
    "mapId": 1,
    "teamId": 200,
    "championId": 266,
    "spell1": 4,
    "spell2": 11,
    "level": 30,
    "ipEarned": 52,
    "createDate": 1398242362801,
    "fellowPlayers": [
      {
        "summonerId": 35841984,
        "teamId": 200,
        "championId": 7
      },
      {
        "summonerId": 26783653,
        "teamId": 200,
        "championId": 67
      },
      {
        "summonerId": 39944195,
        "teamId": 100,
        "championId": 51
      },
      {
        "summonerId": 36420121,
        "teamId": 100,
        "championId": 25
      },
      {
        "summonerId": 23865548,
        "teamId": 200,
        "championId": 75
      },
      {
        "summonerId": 31352993,
        "teamId": 100,
        "championId": 17
      },
      {
        "summonerId": 40233196,
        "teamId": 100,
        "championId": 11
      },
      {
        "summonerId": 27549745,
        "teamId": 200,
        "championId": 89
      },
      {
        "summonerId": 29321899,
        "teamId": 100,
        "championId": 79
      }
    ],
    "stats": {
      "level": 14,
      "goldEarned": 8794,
      "numDeaths": 7,
      "turretsKilled": 1,
      "minionsKilled": 19,
      "championsKilled": 8,
      "goldSpent": 7320,
      "totalDamageDealt": 105252,
      "totalDamageTaken": 30777,
      "doubleKills": 1,
      "tripleKills": 1,
      "killingSprees": 2,
      "largestKillingSpree": 3,
      "team": 200,
      "win": false,
      "neutralMinionsKilled": 64,
      "largestMultiKill": 3,
      "physicalDamageDealtPlayer": 80860,
      "magicDamageDealtPlayer": 13630,
      "physicalDamageTaken": 23569,
      "magicDamageTaken": 5922,
      "timePlayed": 1606,
      "totalHeal": 14494,
      "totalUnitsHealed": 1,
      "assists": 3,
      "item0": 3153,
      "item1": 3077,
      "item2": 1055,
      "item3": 3006,
      "item4": 1029,
      "item5": 1055,
      "item6": 3340,
      "magicDamageDealtToChampions": 3963,
      "physicalDamageDealtToChampions": 9362,
      "totalDamageDealtToChampions": 13986,
      "trueDamageDealtPlayer": 10762,
      "trueDamageDealtToChampions": 660,
      "trueDamageTaken": 1285,
      "wardPlaced": 1,
      "neutralMinionsKilledEnemyJungle": 16,
      "neutralMinionsKilledYourJungle": 48,
      "totalTimeCrowdControlDealt": 606
    }
  },
  "summonerCount": 10,
  "26783653": {
    "gameId": 818168605,
    "invalid": false,
    "gameMode": "CLASSIC",
    "gameType": "MATCHED_GAME",
    "subType": "RANKED_SOLO_5x5",
    "mapId": 1,
    "teamId": 200,
    "championId": 67,
    "spell1": 7,
    "spell2": 4,
    "level": 30,
    "ipEarned": 52,
    "createDate": 1398242362798,
    "fellowPlayers": [
      {
        "summonerId": 35841984,
        "teamId": 200,
        "championId": 7
      },
      {
        "summonerId": 39944195,
        "teamId": 100,
        "championId": 51
      },
      {
        "summonerId": 36420121,
        "teamId": 100,
        "championId": 25
      },
      {
        "summonerId": 23865548,
        "teamId": 200,
        "championId": 75
      },
      {
        "summonerId": 31352993,
        "teamId": 100,
        "championId": 17
      },
      {
        "summonerId": 40233196,
        "teamId": 100,
        "championId": 11
      },
      {
        "summonerId": 32745037,
        "teamId": 200,
        "championId": 266
      },
      {
        "summonerId": 27549745,
        "teamId": 200,
        "championId": 89
      },
      {
        "summonerId": 29321899,
        "teamId": 100,
        "championId": 79
      }
    ],
    "stats": {
      "level": 14,
      "goldEarned": 11201,
      "numDeaths": 6,
      "turretsKilled": 1,
      "minionsKilled": 145,
      "championsKilled": 12,
      "goldSpent": 10580,
      "totalDamageDealt": 94361,
      "totalDamageTaken": 19583,
      "doubleKills": 1,
      "tripleKills": 1,
      "killingSprees": 1,
      "largestKillingSpree": 10,
      "team": 200,
      "win": false,
      "neutralMinionsKilled": 11,
      "largestMultiKill": 3,
      "physicalDamageDealtPlayer": 82803,
      "magicDamageDealtPlayer": 821,
      "physicalDamageTaken": 13916,
      "magicDamageTaken": 4947,
      "largestCriticalStrike": 435,
      "timePlayed": 1606,
      "totalHeal": 2612,
      "totalUnitsHealed": 3,
      "assists": 2,
      "item0": 1055,
      "item1": 3046,
      "item2": 3153,
      "item3": 3006,
      "item4": 3035,
      "item5": 1018,
      "item6": 3340,
      "magicDamageDealtToChampions": 589,
      "physicalDamageDealtToChampions": 10129,
      "totalDamageDealtToChampions": 13404,
      "trueDamageDealtPlayer": 10737,
      "trueDamageDealtToChampions": 2685,
      "trueDamageTaken": 719,
      "wardPlaced": 3,
      "neutralMinionsKilledEnemyJungle": 4,
      "neutralMinionsKilledYourJungle": 7,
      "totalTimeCrowdControlDealt": 110
    }
  },
  "36420121": {
    "gameId": 818168605,
    "invalid": false,
    "gameMode": "CLASSIC",
    "gameType": "MATCHED_GAME",
    "subType": "RANKED_SOLO_5x5",
    "mapId": 1,
    "teamId": 100,
    "championId": 25,
    "spell1": 4,
    "spell2": 7,
    "level": 30,
    "ipEarned": 78,
    "createDate": 1398242362792,
    "fellowPlayers": [
      {
        "summonerId": 35841984,
        "teamId": 200,
        "championId": 7
      },
      {
        "summonerId": 26783653,
        "teamId": 200,
        "championId": 67
      },
      {
        "summonerId": 39944195,
        "teamId": 100,
        "championId": 51
      },
      {
        "summonerId": 23865548,
        "teamId": 200,
        "championId": 75
      },
      {
        "summonerId": 31352993,
        "teamId": 100,
        "championId": 17
      },
      {
        "summonerId": 40233196,
        "teamId": 100,
        "championId": 11
      },
      {
        "summonerId": 32745037,
        "teamId": 200,
        "championId": 266
      },
      {
        "summonerId": 27549745,
        "teamId": 200,
        "championId": 89
      },
      {
        "summonerId": 29321899,
        "teamId": 100,
        "championId": 79
      }
    ],
    "stats": {
      "level": 14,
      "goldEarned": 9415,
      "numDeaths": 5,
      "minionsKilled": 46,
      "championsKilled": 3,
      "goldSpent": 8055,
      "totalDamageDealt": 33610,
      "totalDamageTaken": 12928,
      "killingSprees": 1,
      "largestKillingSpree": 2,
      "team": 100,
      "win": true,
      "neutralMinionsKilled": 1,
      "largestMultiKill": 1,
      "physicalDamageDealtPlayer": 7773,
      "magicDamageDealtPlayer": 25836,
      "physicalDamageTaken": 8883,
      "magicDamageTaken": 2462,
      "timePlayed": 1606,
      "totalHeal": 2045,
      "totalUnitsHealed": 3,
      "assists": 13,
      "item0": 3092,
      "item1": 2049,
      "item2": 3157,
      "item3": 3278,
      "item6": 3341,
      "sightWardsBought": 1,
      "magicDamageDealtToChampions": 9461,
      "physicalDamageDealtToChampions": 1114,
      "totalDamageDealtToChampions": 10575,
      "trueDamageTaken": 1583,
      "wardPlaced": 10,
      "neutralMinionsKilledEnemyJungle": 1,
      "totalTimeCrowdControlDealt": 102
    }
  },
  "39944195": {
    "gameId": 818168605,
    "invalid": false,
    "gameMode": "CLASSIC",
    "gameType": "MATCHED_GAME",
    "subType": "RANKED_SOLO_5x5",
    "mapId": 1,
    "teamId": 100,
    "championId": 51,
    "spell1": 21,
    "spell2": 4,
    "level": 30,
    "ipEarned": 78,
    "createDate": 1398242362793,
    "fellowPlayers": [
      {
        "summonerId": 35841984,
        "teamId": 200,
        "championId": 7
      },
      {
        "summonerId": 26783653,
        "teamId": 200,
        "championId": 67
      },
      {
        "summonerId": 36420121,
        "teamId": 100,
        "championId": 25
      },
      {
        "summonerId": 23865548,
        "teamId": 200,
        "championId": 75
      },
      {
        "summonerId": 31352993,
        "teamId": 100,
        "championId": 17
      },
      {
        "summonerId": 40233196,
        "teamId": 100,
        "championId": 11
      },
      {
        "summonerId": 32745037,
        "teamId": 200,
        "championId": 266
      },
      {
        "summonerId": 27549745,
        "teamId": 200,
        "championId": 89
      },
      {
        "summonerId": 29321899,
        "teamId": 100,
        "championId": 79
      }
    ],
    "stats": {
      "level": 14,
      "goldEarned": 9505,
      "numDeaths": 8,
      "turretsKilled": 2,
      "minionsKilled": 101,
      "championsKilled": 8,
      "goldSpent": 8835,
      "totalDamageDealt": 86009,
      "totalDamageTaken": 16414,
      "doubleKills": 1,
      "killingSprees": 2,
      "largestKillingSpree": 2,
      "team": 100,
      "win": true,
      "neutralMinionsKilled": 15,
      "largestMultiKill": 2,
      "physicalDamageDealtPlayer": 77734,
      "magicDamageDealtPlayer": 7599,
      "physicalDamageTaken": 10438,
      "magicDamageTaken": 4398,
      "largestCriticalStrike": 905,
      "timePlayed": 1606,
      "totalHeal": 504,
      "totalUnitsHealed": 1,
      "assists": 6,
      "item0": 3072,
      "item1": 2004,
      "item2": 3087,
      "item3": 3006,
      "item4": 1038,
      "item6": 3340,
      "magicDamageDealtToChampions": 2269,
      "physicalDamageDealtToChampions": 14561,
      "totalDamageDealtToChampions": 17218,
      "trueDamageDealtPlayer": 675,
      "trueDamageDealtToChampions": 387,
      "trueDamageTaken": 1577,
      "wardPlaced": 4,
      "neutralMinionsKilledYourJungle": 15,
      "totalTimeCrowdControlDealt": 175
    }
  },
  "29321899": {
    "gameId": 818168605,
    "invalid": false,
    "gameMode": "CLASSIC",
    "gameType": "MATCHED_GAME",
    "subType": "RANKED_SOLO_5x5",
    "mapId": 1,
    "teamId": 100,
    "championId": 79,
    "spell1": 14,
    "spell2": 4,
    "level": 30,
    "ipEarned": 78,
    "createDate": 1398242362796,
    "fellowPlayers": [
      {
        "summonerId": 35841984,
        "teamId": 200,
        "championId": 7
      },
      {
        "summonerId": 26783653,
        "teamId": 200,
        "championId": 67
      },
      {
        "summonerId": 39944195,
        "teamId": 100,
        "championId": 51
      },
      {
        "summonerId": 36420121,
        "teamId": 100,
        "championId": 25
      },
      {
        "summonerId": 23865548,
        "teamId": 200,
        "championId": 75
      },
      {
        "summonerId": 31352993,
        "teamId": 100,
        "championId": 17
      },
      {
        "summonerId": 40233196,
        "teamId": 100,
        "championId": 11
      },
      {
        "summonerId": 32745037,
        "teamId": 200,
        "championId": 266
      },
      {
        "summonerId": 27549745,
        "teamId": 200,
        "championId": 89
      }
    ],
    "stats": {
      "level": 14,
      "goldEarned": 8392,
      "numDeaths": 2,
      "minionsKilled": 144,
      "championsKilled": 5,
      "goldSpent": 5925,
      "totalDamageDealt": 74110,
      "totalDamageTaken": 11690,
      "killingSprees": 2,
      "largestKillingSpree": 3,
      "team": 100,
      "win": true,
      "largestMultiKill": 1,
      "physicalDamageDealtPlayer": 7880,
      "magicDamageDealtPlayer": 65471,
      "physicalDamageTaken": 3246,
      "magicDamageTaken": 7919,
      "largestCriticalStrike": 562,
      "timePlayed": 1606,
      "totalHeal": 3352,
      "totalUnitsHealed": 1,
      "assists": 2,
      "item0": 1056,
      "item1": 3089,
      "item2": 2004,
      "item3": 3020,
      "item4": 3028,
      "item5": 2003,
      "item6": 3340,
      "magicDamageDealtToChampions": 8780,
      "physicalDamageDealtToChampions": 757,
      "totalDamageDealtToChampions": 10101,
      "trueDamageDealtPlayer": 758,
      "trueDamageDealtToChampions": 564,
      "trueDamageTaken": 524,
      "wardPlaced": 2,
      "totalTimeCrowdControlDealt": 406
    }
  },
  "27549745": {
    "gameId": 818168605,
    "invalid": false,
    "gameMode": "CLASSIC",
    "gameType": "MATCHED_GAME",
    "subType": "RANKED_SOLO_5x5",
    "mapId": 1,
    "teamId": 200,
    "championId": 89,
    "spell1": 7,
    "spell2": 14,
    "level": 30,
    "ipEarned": 52,
    "createDate": 1398242362799,
    "fellowPlayers": [
      {
        "summonerId": 35841984,
        "teamId": 200,
        "championId": 7
      },
      {
        "summonerId": 26783653,
        "teamId": 200,
        "championId": 67
      },
      {
        "summonerId": 39944195,
        "teamId": 100,
        "championId": 51
      },
      {
        "summonerId": 36420121,
        "teamId": 100,
        "championId": 25
      },
      {
        "summonerId": 23865548,
        "teamId": 200,
        "championId": 75
      },
      {
        "summonerId": 31352993,
        "teamId": 100,
        "championId": 17
      },
      {
        "summonerId": 40233196,
        "teamId": 100,
        "championId": 11
      },
      {
        "summonerId": 32745037,
        "teamId": 200,
        "championId": 266
      },
      {
        "summonerId": 29321899,
        "teamId": 100,
        "championId": 79
      }
    ],
    "stats": {
      "level": 13,
      "goldEarned": 7851,
      "numDeaths": 7,
      "minionsKilled": 24,
      "championsKilled": 2,
      "goldSpent": 7315,
      "totalDamageDealt": 20727,
      "totalDamageTaken": 23644,
      "killingSprees": 1,
      "largestKillingSpree": 2,
      "team": 200,
      "win": false,
      "largestMultiKill": 1,
      "physicalDamageDealtPlayer": 9923,
      "magicDamageDealtPlayer": 7372,
      "physicalDamageTaken": 12555,
      "magicDamageTaken": 10436,
      "timePlayed": 1606,
      "totalHeal": 3220,
      "totalUnitsHealed": 4,
      "assists": 11,
      "item0": 3047,
      "item1": 3401,
      "item2": 3143,
      "item3": 2043,
      "item4": 2044,
      "item6": 3340,
      "sightWardsBought": 8,
      "visionWardsBought": 2,
      "magicDamageDealtToChampions": 4461,
      "physicalDamageDealtToChampions": 2690,
      "totalDamageDealtToChampions": 8162,
      "trueDamageDealtPlayer": 3432,
      "trueDamageDealtToChampions": 1010,
      "trueDamageTaken": 653,
      "wardPlaced": 16,
      "totalTimeCrowdControlDealt": 248
    }
  },
  "23865548": {
    "gameId": 818168605,
    "invalid": false,
    "gameMode": "CLASSIC",
    "gameType": "MATCHED_GAME",
    "subType": "RANKED_SOLO_5x5",
    "mapId": 1,
    "teamId": 200,
    "championId": 75,
    "spell1": 6,
    "spell2": 12,
    "level": 30,
    "ipEarned": 52,
    "createDate": 1398242362800,
    "fellowPlayers": [
      {
        "summonerId": 35841984,
        "teamId": 200,
        "championId": 7
      },
      {
        "summonerId": 26783653,
        "teamId": 200,
        "championId": 67
      },
      {
        "summonerId": 39944195,
        "teamId": 100,
        "championId": 51
      },
      {
        "summonerId": 36420121,
        "teamId": 100,
        "championId": 25
      },
      {
        "summonerId": 31352993,
        "teamId": 100,
        "championId": 17
      },
      {
        "summonerId": 40233196,
        "teamId": 100,
        "championId": 11
      },
      {
        "summonerId": 32745037,
        "teamId": 200,
        "championId": 266
      },
      {
        "summonerId": 27549745,
        "teamId": 200,
        "championId": 89
      },
      {
        "summonerId": 29321899,
        "teamId": 100,
        "championId": 79
      }
    ],
    "stats": {
      "level": 14,
      "goldEarned": 8454,
      "numDeaths": 2,
      "turretsKilled": 1,
      "minionsKilled": 162,
      "championsKilled": 3,
      "goldSpent": 6985,
      "totalDamageDealt": 90334,
      "totalDamageTaken": 26176,
      "doubleKills": 1,
      "killingSprees": 1,
      "largestKillingSpree": 3,
      "team": 200,
      "win": false,
      "neutralMinionsKilled": 1,
      "largestMultiKill": 2,
      "physicalDamageDealtPlayer": 62938,
      "magicDamageDealtPlayer": 26779,
      "physicalDamageTaken": 15917,
      "magicDamageTaken": 8717,
      "timePlayed": 1606,
      "totalHeal": 1286,
      "totalUnitsHealed": 1,
      "assists": 1,
      "item0": 2010,
      "item1": 1054,
      "item2": 3065,
      "item3": 3111,
      "item4": 3057,
      "item5": 3044,
      "item6": 3340,
      "magicDamageDealtToChampions": 3913,
      "physicalDamageDealtToChampions": 6524,
      "totalDamageDealtToChampions": 10546,
      "trueDamageDealtPlayer": 616,
      "trueDamageDealtToChampions": 108,
      "trueDamageTaken": 1542,
      "wardPlaced": 4,
      "neutralMinionsKilledEnemyJungle": 1,
      "totalTimeCrowdControlDealt": 229
    }
  },
  "40233196": {
    "gameId": 818168605,
    "invalid": false,
    "gameMode": "CLASSIC",
    "gameType": "MATCHED_GAME",
    "subType": "RANKED_SOLO_5x5",
    "mapId": 1,
    "teamId": 100,
    "championId": 11,
    "spell1": 11,
    "spell2": 4,
    "level": 30,
    "ipEarned": 78,
    "createDate": 1398242362791,
    "fellowPlayers": [
      {
        "summonerId": 35841984,
        "teamId": 200,
        "championId": 7
      },
      {
        "summonerId": 26783653,
        "teamId": 200,
        "championId": 67
      },
      {
        "summonerId": 39944195,
        "teamId": 100,
        "championId": 51
      },
      {
        "summonerId": 36420121,
        "teamId": 100,
        "championId": 25
      },
      {
        "summonerId": 23865548,
        "teamId": 200,
        "championId": 75
      },
      {
        "summonerId": 31352993,
        "teamId": 100,
        "championId": 17
      },
      {
        "summonerId": 32745037,
        "teamId": 200,
        "championId": 266
      },
      {
        "summonerId": 27549745,
        "teamId": 200,
        "championId": 89
      },
      {
        "summonerId": 29321899,
        "teamId": 100,
        "championId": 79
      }
    ],
    "stats": {
      "level": 15,
      "goldEarned": 10302,
      "numDeaths": 8,
      "minionsKilled": 39,
      "championsKilled": 5,
      "goldSpent": 8880,
      "totalDamageDealt": 147642,
      "totalDamageTaken": 24313,
      "doubleKills": 1,
      "killingSprees": 2,
      "largestKillingSpree": 2,
      "team": 100,
      "win": true,
      "neutralMinionsKilled": 88,
      "largestMultiKill": 2,
      "physicalDamageDealtPlayer": 110956,
      "magicDamageDealtPlayer": 22957,
      "physicalDamageTaken": 19601,
      "magicDamageTaken": 3702,
      "largestCriticalStrike": 717,
      "timePlayed": 1606,
      "totalHeal": 4574,
      "totalUnitsHealed": 1,
      "assists": 8,
      "item0": 3160,
      "item1": 3153,
      "item2": 3006,
      "item3": 3142,
      "item6": 3340,
      "magicDamageDealtToChampions": 252,
      "physicalDamageDealtToChampions": 15111,
      "totalDamageDealtToChampions": 18202,
      "trueDamageDealtPlayer": 13728,
      "trueDamageDealtToChampions": 2838,
      "trueDamageTaken": 1009,
      "wardPlaced": 5,
      "neutralMinionsKilledEnemyJungle": 15,
      "neutralMinionsKilledYourJungle": 73,
      "totalTimeCrowdControlDealt": 280
    }
  },
  "31352993": {
    "gameId": 818168605,
    "invalid": false,
    "gameMode": "CLASSIC",
    "gameType": "MATCHED_GAME",
    "subType": "RANKED_SOLO_5x5",
    "mapId": 1,
    "teamId": 100,
    "championId": 17,
    "spell1": 4,
    "spell2": 14,
    "level": 30,
    "ipEarned": 228,
    "createDate": 1398242362794,
    "fellowPlayers": [
      {
        "summonerId": 35841984,
        "teamId": 200,
        "championId": 7
      },
      {
        "summonerId": 26783653,
        "teamId": 200,
        "championId": 67
      },
      {
        "summonerId": 39944195,
        "teamId": 100,
        "championId": 51
      },
      {
        "summonerId": 36420121,
        "teamId": 100,
        "championId": 25
      },
      {
        "summonerId": 23865548,
        "teamId": 200,
        "championId": 75
      },
      {
        "summonerId": 40233196,
        "teamId": 100,
        "championId": 11
      },
      {
        "summonerId": 32745037,
        "teamId": 200,
        "championId": 266
      },
      {
        "summonerId": 27549745,
        "teamId": 200,
        "championId": 89
      },
      {
        "summonerId": 29321899,
        "teamId": 100,
        "championId": 79
      }
    ],
    "stats": {
      "level": 13,
      "goldEarned": 7810,
      "numDeaths": 5,
      "turretsKilled": 1,
      "minionsKilled": 117,
      "championsKilled": 3,
      "goldSpent": 6800,
      "totalDamageDealt": 54656,
      "totalDamageTaken": 13980,
      "killingSprees": 1,
      "largestKillingSpree": 2,
      "team": 100,
      "win": true,
      "largestMultiKill": 1,
      "physicalDamageDealtPlayer": 16179,
      "magicDamageDealtPlayer": 38099,
      "physicalDamageTaken": 7130,
      "magicDamageTaken": 6375,
      "timePlayed": 1606,
      "totalHeal": 138,
      "totalUnitsHealed": 1,
      "assists": 5,
      "item0": 1056,
      "item1": 3115,
      "item2": 3020,
      "item3": 3136,
      "item4": 1052,
      "item6": 3340,
      "sightWardsBought": 1,
      "magicDamageDealtToChampions": 14120,
      "physicalDamageDealtToChampions": 2270,
      "totalDamageDealtToChampions": 16769,
      "trueDamageDealtPlayer": 378,
      "trueDamageDealtToChampions": 378,
      "trueDamageTaken": 475,
      "wardPlaced": 44,
      "totalTimeCrowdControlDealt": 267
    }
  },
  "32745037": {
    "gameId": 818168605,
    "invalid": false,
    "gameMode": "CLASSIC",
    "gameType": "MATCHED_GAME",
    "subType": "RANKED_SOLO_5x5",
    "mapId": 1,
    "teamId": 200,
    "championId": 266,
    "spell1": 4,
    "spell2": 11,
    "level": 30,
    "ipEarned": 52,
    "createDate": 1398242362801,
    "fellowPlayers": [
      {
        "summonerId": 35841984,
        "teamId": 200,
        "championId": 7
      },
      {
        "summonerId": 26783653,
        "teamId": 200,
        "championId": 67
      },
      {
        "summonerId": 39944195,
        "teamId": 100,
        "championId": 51
      },
      {
        "summonerId": 36420121,
        "teamId": 100,
        "championId": 25
      },
      {
        "summonerId": 23865548,
        "teamId": 200,
        "championId": 75
      },
      {
        "summonerId": 31352993,
        "teamId": 100,
        "championId": 17
      },
      {
        "summonerId": 40233196,
        "teamId": 100,
        "championId": 11
      },
      {
        "summonerId": 27549745,
        "teamId": 200,
        "championId": 89
      },
      {
        "summonerId": 29321899,
        "teamId": 100,
        "championId": 79
      }
    ],
    "stats": {
      "level": 14,
      "goldEarned": 8794,
      "numDeaths": 7,
      "turretsKilled": 1,
      "minionsKilled": 19,
      "championsKilled": 8,
      "goldSpent": 7320,
      "totalDamageDealt": 105252,
      "totalDamageTaken": 30777,
      "doubleKills": 1,
      "tripleKills": 1,
      "killingSprees": 2,
      "largestKillingSpree": 3,
      "team": 200,
      "win": false,
      "neutralMinionsKilled": 64,
      "largestMultiKill": 3,
      "physicalDamageDealtPlayer": 80860,
      "magicDamageDealtPlayer": 13630,
      "physicalDamageTaken": 23569,
      "magicDamageTaken": 5922,
      "timePlayed": 1606,
      "totalHeal": 14494,
      "totalUnitsHealed": 1,
      "assists": 3,
      "item0": 3153,
      "item1": 3077,
      "item2": 1055,
      "item3": 3006,
      "item4": 1029,
      "item5": 1055,
      "item6": 3340,
      "magicDamageDealtToChampions": 3963,
      "physicalDamageDealtToChampions": 9362,
      "totalDamageDealtToChampions": 13986,
      "trueDamageDealtPlayer": 10762,
      "trueDamageDealtToChampions": 660,
      "trueDamageTaken": 1285,
      "wardPlaced": 1,
      "neutralMinionsKilledEnemyJungle": 16,
      "neutralMinionsKilledYourJungle": 48,
      "totalTimeCrowdControlDealt": 606
    }
  }
}