{
  "30727461": {
    "gameId": 818160726,
    "invalid": false,
    "gameMode": "CLASSIC",
    "gameType": "MATCHED_GAME",
    "subType": "RANKED_SOLO_5x5",
    "mapId": 1,
    "teamId": 200,
    "championId": 24,
    "spell1": 12,
    "spell2": 4,
    "level": 30,
    "ipEarned": 67,
    "createDate": 1398243039782,
    "fellowPlayers": [
      {
        "summonerId": 35005093,
        "teamId": 200,
        "championId": 106
      },
      {
        "summonerId": 33855974,
        "teamId": 100,
        "championId": 21
      },
      {
        "summonerId": 32687130,
        "teamId": 200,
        "championId": 1
      },
      {
        "summonerId": 31473079,
        "teamId": 100,
        "championId": 13
      },
      {
        "summonerId": 39517275,
        "teamId": 100,
        "championId": 254
      },
      {
        "summonerId": 24248693,
        "teamId": 100,
        "championId": 8
      },
      {
        "summonerId": 41737235,
        "teamId": 200,
        "championId": 29
      },
      {
        "summonerId": 39499683,
        "teamId": 100,
        "championId": 89
      },
      {
        "summonerId": 29167399,
        "teamId": 200,
        "championId": 121
      }
    ],
    "stats": {
      "level": 16,
      "goldEarned": 10190,
      "numDeaths": 7,
      "turretsKilled": 1,
      "minionsKilled": 132,
      "championsKilled": 2,
      "goldSpent": 9665,
      "totalDamageDealt": 100833,
      "totalDamageTaken": 32188,
      "team": 200,
      "win": false,
      "neutralMinionsKilled": 23,
      "largestMultiKill": 1,
      "physicalDamageDealtPlayer": 77976,
      "magicDamageDealtPlayer": 22856,
      "physicalDamageTaken": 15668,
      "magicDamageTaken": 15126,
      "timePlayed": 2181,
      "totalHeal": 4634,
      "totalUnitsHealed": 1,
      "assists": 13,
      "item0": 1055,
      "item1": 3153,
      "item2": 3065,
      "item3": 3111,
      "item4": 3044,
      "item5": 1052,
      "item6": 3340,
      "magicDamageDealtToChampions": 4516,
      "physicalDamageDealtToChampions": 11159,
      "totalDamageDealtToChampions": 15675,
      "trueDamageTaken": 1392,
      "wardPlaced": 4,
      "neutralMinionsKilledEnemyJungle": 3,
      "neutralMinionsKilledYourJungle": 20,
      "totalTimeCrowdControlDealt": 81
    }
  },
  "summonerCount": 10,
  "33855974": {
    "gameId": 818160726,
    "invalid": false,
    "gameMode": "CLASSIC",
    "gameType": "MATCHED_GAME",
    "subType": "RANKED_SOLO_5x5",
    "mapId": 1,
    "teamId": 100,
    "championId": 21,
    "spell1": 4,
    "spell2": 7,
    "level": 30,
    "ipEarned": 101,
    "createDate": 1398243039781,
    "fellowPlayers": [
      {
        "summonerId": 35005093,
        "teamId": 200,
        "championId": 106
      },
      {
        "summonerId": 32687130,
        "teamId": 200,
        "championId": 1
      },
      {
        "summonerId": 31473079,
        "teamId": 100,
        "championId": 13
      },
      {
        "summonerId": 39517275,
        "teamId": 100,
        "championId": 254
      },
      {
        "summonerId": 24248693,
        "teamId": 100,
        "championId": 8
      },
      {
        "summonerId": 41737235,
        "teamId": 200,
        "championId": 29
      },
      {
        "summonerId": 39499683,
        "teamId": 100,
        "championId": 89
      },
      {
        "summonerId": 29167399,
        "teamId": 200,
        "championId": 121
      },
      {
        "summonerId": 30727461,
        "teamId": 200,
        "championId": 24
      }
    ],
    "stats": {
      "level": 17,
      "goldEarned": 16851,
      "numDeaths": 7,
      "turretsKilled": 2,
      "minionsKilled": 210,
      "championsKilled": 15,
      "goldSpent": 14515,
      "totalDamageDealt": 180639,
      "totalDamageTaken": 21169,
      "doubleKills": 2,
      "killingSprees": 4,
      "largestKillingSpree": 4,
      "team": 100,
      "win": true,
      "neutralMinionsKilled": 18,
      "largestMultiKill": 2,
      "physicalDamageDealtPlayer": 154397,
      "magicDamageDealtPlayer": 26206,
      "physicalDamageTaken": 13934,
      "magicDamageTaken": 6137,
      "largestCriticalStrike": 875,
      "timePlayed": 2181,
      "totalHeal": 4423,
      "totalUnitsHealed": 5,
      "assists": 12,
      "item0": 3250,
      "item1": 3031,
      "item2": 3035,
      "item3": 3026,
      "item4": 3072,
      "item6": 3340,
      "magicDamageDealtToChampions": 9497,
      "physicalDamageDealtToChampions": 24990,
      "totalDamageDealtToChampions": 34488,
      "trueDamageDealtPlayer": 36,
      "trueDamageTaken": 1098,
      "wardKilled": 1,
      "wardPlaced": 8,
      "neutralMinionsKilledEnemyJungle": 6,
      "neutralMinionsKilledYourJungle": 12,
      "totalTimeCrowdControlDealt": 160
    }
  },
  "35005093": {
    "gameId": 818160726,
    "invalid": false,
    "gameMode": "CLASSIC",
    "gameType": "MATCHED_GAME",
    "subType": "RANKED_SOLO_5x5",
    "mapId": 1,
    "teamId": 200,
    "championId": 106,
    "spell1": 3,
    "spell2": 4,
    "level": 30,
    "ipEarned": 67,
    "createDate": 1398243039785,
    "fellowPlayers": [
      {
        "summonerId": 33855974,
        "teamId": 100,
        "championId": 21
      },
      {
        "summonerId": 32687130,
        "teamId": 200,
        "championId": 1
      },
      {
        "summonerId": 31473079,
        "teamId": 100,
        "championId": 13
      },
      {
        "summonerId": 39517275,
        "teamId": 100,
        "championId": 254
      },
      {
        "summonerId": 24248693,
        "teamId": 100,
        "championId": 8
      },
      {
        "summonerId": 41737235,
        "teamId": 200,
        "championId": 29
      },
      {
        "summonerId": 39499683,
        "teamId": 100,
        "championId": 89
      },
      {
        "summonerId": 29167399,
        "teamId": 200,
        "championId": 121
      },
      {
        "summonerId": 30727461,
        "teamId": 200,
        "championId": 24
      }
    ],
    "stats": {
      "level": 14,
      "goldEarned": 7137,
      "numDeaths": 8,
      "minionsKilled": 41,
      "championsKilled": 2,
      "goldSpent": 6450,
      "totalDamageDealt": 29316,
      "totalDamageTaken": 30587,
      "team": 200,
      "win": false,
      "largestMultiKill": 1,
      "physicalDamageDealtPlayer": 17391,
      "magicDamageDealtPlayer": 11925,
      "physicalDamageTaken": 15655,
      "magicDamageTaken": 14233,
      "timePlayed": 2181,
      "totalHeal": 2241,
      "totalUnitsHealed": 1,
      "assists": 8,
      "item0": 2045,
      "item1": 3083,
      "item2": 1054,
      "item4": 3260,
      "item6": 3340,
      "magicDamageDealtToChampions": 3532,
      "physicalDamageDealtToChampions": 4637,
      "totalDamageDealtToChampions": 8170,
      "trueDamageTaken": 698,
      "wardPlaced": 24,
      "totalTimeCrowdControlDealt": 339
    }
  },
  "31473079": {
    "gameId": 818160726,
    "invalid": false,
    "gameMode": "CLASSIC",
    "gameType": "MATCHED_GAME",
    "subType": "RANKED_SOLO_5x5",
    "mapId": 1,
    "teamId": 100,
    "championId": 13,
    "spell1": 14,
    "spell2": 4,
    "level": 30,
    "ipEarned": 251,
    "createDate": 1398243039780,
    "fellowPlayers": [
      {
        "summonerId": 35005093,
        "teamId": 200,
        "championId": 106
      },
      {
        "summonerId": 33855974,
        "teamId": 100,
        "championId": 21
      },
      {
        "summonerId": 32687130,
        "teamId": 200,
        "championId": 1
      },
      {
        "summonerId": 39517275,
        "teamId": 100,
        "championId": 254
      },
      {
        "summonerId": 24248693,
        "teamId": 100,
        "championId": 8
      },
      {
        "summonerId": 41737235,
        "teamId": 200,
        "championId": 29
      },
      {
        "summonerId": 39499683,
        "teamId": 100,
        "championId": 89
      },
      {
        "summonerId": 29167399,
        "teamId": 200,
        "championId": 121
      },
      {
        "summonerId": 30727461,
        "teamId": 200,
        "championId": 24
      }
    ],
    "stats": {
      "level": 16,
      "goldEarned": 11671,
      "numDeaths": 7,
      "turretsKilled": 1,
      "minionsKilled": 97,
      "championsKilled": 6,
      "goldSpent": 9990,
      "totalDamageDealt": 107698,
      "totalDamageTaken": 27110,
      "killingSprees": 1,
      "largestKillingSpree": 4,
      "team": 100,
      "win": true,
      "neutralMinionsKilled": 17,
      "largestMultiKill": 1,
      "physicalDamageDealtPlayer": 17569,
      "magicDamageDealtPlayer": 88736,
      "physicalDamageTaken": 15812,
      "magicDamageTaken": 10476,
      "timePlayed": 2181,
      "assists": 8,
      "item0": 3040,
      "item1": 3027,
      "item2": 3255,
      "item3": 3024,
      "item4": 1057,
      "item5": 3082,
      "item6": 3340,
      "magicDamageDealtToChampions": 16733,
      "physicalDamageDealtToChampions": 778,
      "totalDamageDealtToChampions": 18904,
      "trueDamageDealtPlayer": 1392,
      "trueDamageDealtToChampions": 1392,
      "trueDamageTaken": 822,
      "wardKilled": 1,
      "wardPlaced": 5,
      "neutralMinionsKilledEnemyJungle": 7,
      "neutralMinionsKilledYourJungle": 10,
      "totalTimeCrowdControlDealt": 114
    }
  },
  "39499683": {
    "gameId": 818160726,
    "invalid": false,
    "gameMode": "CLASSIC",
    "gameType": "MATCHED_GAME",
    "subType": "RANKED_SOLO_5x5",
    "mapId": 1,
    "teamId": 100,
    "championId": 89,
    "spell1": 3,
    "spell2": 4,
    "level": 30,
    "ipEarned": 251,
    "createDate": 1398243039778,
    "fellowPlayers": [
      {
        "summonerId": 35005093,
        "teamId": 200,
        "championId": 106
      },
      {
        "summonerId": 33855974,
        "teamId": 100,
        "championId": 21
      },
      {
        "summonerId": 32687130,
        "teamId": 200,
        "championId": 1
      },
      {
        "summonerId": 31473079,
        "teamId": 100,
        "championId": 13
      },
      {
        "summonerId": 39517275,
        "teamId": 100,
        "championId": 254
      },
      {
        "summonerId": 24248693,
        "teamId": 100,
        "championId": 8
      },
      {
        "summonerId": 41737235,
        "teamId": 200,
        "championId": 29
      },
      {
        "summonerId": 29167399,
        "teamId": 200,
        "championId": 121
      },
      {
        "summonerId": 30727461,
        "teamId": 200,
        "championId": 24
      }
    ],
    "stats": {
      "level": 15,
      "goldEarned": 10414,
      "numDeaths": 6,
      "minionsKilled": 29,
      "championsKilled": 3,
      "goldSpent": 8135,
      "totalDamageDealt": 35472,
      "totalDamageTaken": 25234,
      "team": 100,
      "win": true,
      "largestMultiKill": 1,
      "physicalDamageDealtPlayer": 10281,
      "magicDamageDealtPlayer": 24205,
      "physicalDamageTaken": 16450,
      "magicDamageTaken": 7197,
      "timePlayed": 2181,
      "totalHeal": 2534,
      "totalUnitsHealed": 4,
      "assists": 18,
      "item0": 3401,
      "item1": 2049,
      "item2": 3068,
      "item3": 3111,
      "item4": 3082,
      "item6": 3341,
      "sightWardsBought": 1,
      "magicDamageDealtToChampions": 9155,
      "physicalDamageDealtToChampions": 3551,
      "totalDamageDealtToChampions": 12706,
      "trueDamageDealtPlayer": 985,
      "trueDamageTaken": 1587,
      "wardKilled": 1,
      "wardPlaced": 22,
      "totalTimeCrowdControlDealt": 131
    }
  },
  "29167399": {
    "gameId": 818160726,
    "invalid": false,
    "gameMode": "CLASSIC",
    "gameType": "MATCHED_GAME",
    "subType": "RANKED_SOLO_5x5",
    "mapId": 1,
    "teamId": 200,
    "championId": 121,
    "spell1": 11,
    "spell2": 7,
    "level": 30,
    "ipEarned": 67,
    "createDate": 1398243039784,
    "fellowPlayers": [
      {
        "summonerId": 35005093,
        "teamId": 200,
        "championId": 106
      },
      {
        "summonerId": 33855974,
        "teamId": 100,
        "championId": 21
      },
      {
        "summonerId": 32687130,
        "teamId": 200,
        "championId": 1
      },
      {
        "summonerId": 31473079,
        "teamId": 100,
        "championId": 13
      },
      {
        "summonerId": 39517275,
        "teamId": 100,
        "championId": 254
      },
      {
        "summonerId": 24248693,
        "teamId": 100,
        "championId": 8
      },
      {
        "summonerId": 41737235,
        "teamId": 200,
        "championId": 29
      },
      {
        "summonerId": 39499683,
        "teamId": 100,
        "championId": 89
      },
      {
        "summonerId": 30727461,
        "teamId": 200,
        "championId": 24
      }
    ],
    "stats": {
      "level": 16,
      "goldEarned": 12691,
      "numDeaths": 3,
      "minionsKilled": 60,
      "championsKilled": 13,
      "goldSpent": 12670,
      "totalDamageDealt": 129188,
      "totalDamageTaken": 30769,
      "doubleKills": 1,
      "killingSprees": 2,
      "largestKillingSpree": 9,
      "team": 200,
      "win": false,
      "neutralMinionsKilled": 60,
      "largestMultiKill": 2,
      "physicalDamageDealtPlayer": 110751,
      "magicDamageDealtPlayer": 2821,
      "physicalDamageTaken": 17707,
      "magicDamageTaken": 11763,
      "timePlayed": 2181,
      "totalHeal": 10753,
      "totalUnitsHealed": 3,
      "assists": 11,
      "item0": 3265,
      "item1": 3143,
      "item2": 3144,
      "item3": 3071,
      "item4": 3035,
      "item6": 3340,
      "magicDamageDealtToChampions": 2153,
      "physicalDamageDealtToChampions": 23701,
      "totalDamageDealtToChampions": 26450,
      "trueDamageDealtPlayer": 15616,
      "trueDamageDealtToChampions": 596,
      "trueDamageTaken": 1298,
      "wardPlaced": 10,
      "neutralMinionsKilledEnemyJungle": 5,
      "neutralMinionsKilledYourJungle": 55,
      "totalTimeCrowdControlDealt": 870
    }
  },
  "24248693": {
    "gameId": 818160726,
    "invalid": false,
    "gameMode": "CLASSIC",
    "gameType": "MATCHED_GAME",
    "subType": "RANKED_SOLO_5x5",
    "mapId": 1,
    "teamId": 100,
    "championId": 8,
    "spell1": 4,
    "spell2": 14,
    "level": 30,
    "ipEarned": 251,
    "createDate": 1398243039779,
    "fellowPlayers": [
      {
        "summonerId": 35005093,
        "teamId": 200,
        "championId": 106
      },
      {
        "summonerId": 33855974,
        "teamId": 100,
        "championId": 21
      },
      {
        "summonerId": 32687130,
        "teamId": 200,
        "championId": 1
      },
      {
        "summonerId": 31473079,
        "teamId": 100,
        "championId": 13
      },
      {
        "summonerId": 39517275,
        "teamId": 100,
        "championId": 254
      },
      {
        "summonerId": 41737235,
        "teamId": 200,
        "championId": 29
      },
      {
        "summonerId": 39499683,
        "teamId": 100,
        "championId": 89
      },
      {
        "summonerId": 29167399,
        "teamId": 200,
        "championId": 121
      },
      {
        "summonerId": 30727461,
        "teamId": 200,
        "championId": 24
      }
    ],
    "stats": {
      "level": 17,
      "goldEarned": 13456,
      "numDeaths": 9,
      "barracksKilled": 1,
      "turretsKilled": 1,
      "minionsKilled": 201,
      "championsKilled": 7,
      "goldSpent": 11450,
      "totalDamageDealt": 152142,
      "totalDamageTaken": 33695,
      "killingSprees": 1,
      "largestKillingSpree": 2,
      "team": 100,
      "win": true,
      "neutralMinionsKilled": 6,
      "largestMultiKill": 1,
      "physicalDamageDealtPlayer": 15811,
      "magicDamageDealtPlayer": 134684,
      "physicalDamageTaken": 25351,
      "magicDamageTaken": 7569,
      "timePlayed": 2181,
      "totalHeal": 9462,
      "totalUnitsHealed": 1,
      "assists": 7,
      "item0": 1011,
      "item1": 3152,
      "item2": 3020,
      "item3": 3151,
      "item5": 3065,
      "item6": 3340,
      "sightWardsBought": 1,
      "magicDamageDealtToChampions": 27428,
      "physicalDamageDealtToChampions": 1364,
      "totalDamageDealtToChampions": 30439,
      "trueDamageDealtPlayer": 1646,
      "trueDamageDealtToChampions": 1646,
      "trueDamageTaken": 774,
      "wardPlaced": 10,
      "neutralMinionsKilledEnemyJungle": 6,
      "totalTimeCrowdControlDealt": 51
    }
  },
  "39517275": {
    "gameId": 818160726,
    "invalid": false,
    "gameMode": "CLASSIC",
    "gameType": "MATCHED_GAME",
    "subType": "RANKED_SOLO_5x5",
    "mapId": 1,
    "teamId": 100,
    "championId": 254,
    "spell1": 4,
    "spell2": 11,
    "level": 30,
    "ipEarned": 101,
    "createDate": 1398243039777,
    "fellowPlayers": [
      {
        "summonerId": 35005093,
        "teamId": 200,
        "championId": 106
      },
      {
        "summonerId": 33855974,
        "teamId": 100,
        "championId": 21
      },
      {
        "summonerId": 32687130,
        "teamId": 200,
        "championId": 1
      },
      {
        "summonerId": 31473079,
        "teamId": 100,
        "championId": 13
      },
      {
        "summonerId": 24248693,
        "teamId": 100,
        "championId": 8
      },
      {
        "summonerId": 41737235,
        "teamId": 200,
        "championId": 29
      },
      {
        "summonerId": 39499683,
        "teamId": 100,
        "championId": 89
      },
      {
        "summonerId": 29167399,
        "teamId": 200,
        "championId": 121
      },
      {
        "summonerId": 30727461,
        "teamId": 200,
        "championId": 24
      }
    ],
    "stats": {
      "level": 16,
      "goldEarned": 12250,
      "numDeaths": 6,
      "turretsKilled": 2,
      "minionsKilled": 30,
      "championsKilled": 7,
      "goldSpent": 9920,
      "totalDamageDealt": 121293,
      "totalDamageTaken": 26006,
      "doubleKills": 1,
      "killingSprees": 2,
      "largestKillingSpree": 3,
      "team": 100,
      "win": true,
      "neutralMinionsKilled": 70,
      "largestMultiKill": 2,
      "physicalDamageDealtPlayer": 102611,
      "magicDamageDealtPlayer": 2404,
      "physicalDamageTaken": 20203,
      "magicDamageTaken": 3919,
      "timePlayed": 2181,
      "totalHeal": 4878,
      "totalUnitsHealed": 1,
      "assists": 13,
      "item0": 3143,
      "item1": 3209,
      "item2": 3265,
      "item3": 3102,
      "item6": 3341,
      "sightWardsBought": 1,
      "magicDamageDealtToChampions": 1074,
      "physicalDamageDealtToChampions": 13416,
      "totalDamageDealtToChampions": 16605,
      "trueDamageDealtPlayer": 16276,
      "trueDamageDealtToChampions": 2114,
      "trueDamageTaken": 1883,
      "wardPlaced": 1,
      "neutralMinionsKilledEnemyJungle": 4,
      "neutralMinionsKilledYourJungle": 66,
      "totalTimeCrowdControlDealt": 576
    }
  },
  "41737235": {
    "gameId": 818160726,
    "invalid": false,
    "gameMode": "CLASSIC",
    "gameType": "MATCHED_GAME",
    "subType": "RANKED_SOLO_5x5",
    "mapId": 1,
    "teamId": 200,
    "championId": 29,
    "spell1": 4,
    "spell2": 7,
    "level": 30,
    "ipEarned": 67,
    "createDate": 1398243039783,
    "fellowPlayers": [
      {
        "summonerId": 35005093,
        "teamId": 200,
        "championId": 106
      },
      {
        "summonerId": 33855974,
        "teamId": 100,
        "championId": 21
      },
      {
        "summonerId": 32687130,
        "teamId": 200,
        "championId": 1
      },
      {
        "summonerId": 31473079,
        "teamId": 100,
        "championId": 13
      },
      {
        "summonerId": 39517275,
        "teamId": 100,
        "championId": 254
      },
      {
        "summonerId": 24248693,
        "teamId": 100,
        "championId": 8
      },
      {
        "summonerId": 39499683,
        "teamId": 100,
        "championId": 89
      },
      {
        "summonerId": 29167399,
        "teamId": 200,
        "championId": 121
      },
      {
        "summonerId": 30727461,
        "teamId": 200,
        "championId": 24
      }
    ],
    "stats": {
      "level": 15,
      "goldEarned": 9510,
      "numDeaths": 12,
      "turretsKilled": 1,
      "minionsKilled": 129,
      "championsKilled": 4,
      "goldSpent": 8550,
      "totalDamageDealt": 95737,
      "totalDamageTaken": 26653,
      "killingSprees": 1,
      "largestKillingSpree": 2,
      "team": 200,
      "win": false,
      "neutralMinionsKilled": 10,
      "largestMultiKill": 1,
      "physicalDamageDealtPlayer": 87087,
      "physicalDamageTaken": 16938,
      "magicDamageTaken": 8853,
      "largestCriticalStrike": 529,
      "timePlayed": 2181,
      "totalHeal": 2904,
      "totalUnitsHealed": 3,
      "assists": 5,
      "item0": 3153,
      "item1": 3031,
      "item3": 3006,
      "item6": 3340,
      "physicalDamageDealtToChampions": 11488,
      "totalDamageDealtToChampions": 15462,
      "trueDamageDealtPlayer": 8650,
      "trueDamageDealtToChampions": 3974,
      "trueDamageTaken": 862,
      "wardPlaced": 5,
      "neutralMinionsKilledEnemyJungle": 4,
      "neutralMinionsKilledYourJungle": 6,
      "totalTimeCrowdControlDealt": 145
    }
  },
  "30727461": {
    "gameId": 818160726,
    "invalid": false,
    "gameMode": "CLASSIC",
    "gameType": "MATCHED_GAME",
    "subType": "RANKED_SOLO_5x5",
    "mapId": 1,
    "teamId": 200,
    "championId": 24,
    "spell1": 12,
    "spell2": 4,
    "level": 30,
    "ipEarned": 67,
    "createDate": 1398243039782,
    "fellowPlayers": [
      {
        "summonerId": 35005093,
        "teamId": 200,
        "championId": 106
      },
      {
        "summonerId": 33855974,
        "teamId": 100,
        "championId": 21
      },
      {
        "summonerId": 32687130,
        "teamId": 200,
        "championId": 1
      },
      {
        "summonerId": 31473079,
        "teamId": 100,
        "championId": 13
      },
      {
        "summonerId": 39517275,
        "teamId": 100,
        "championId": 254
      },
      {
        "summonerId": 24248693,
        "teamId": 100,
        "championId": 8
      },
      {
        "summonerId": 41737235,
        "teamId": 200,
        "championId": 29
      },
      {
        "summonerId": 39499683,
        "teamId": 100,
        "championId": 89
      },
      {
        "summonerId": 29167399,
        "teamId": 200,
        "championId": 121
      }
    ],
    "stats": {
      "level": 16,
      "goldEarned": 10190,
      "numDeaths": 7,
      "turretsKilled": 1,
      "minionsKilled": 132,
      "championsKilled": 2,
      "goldSpent": 9665,
      "totalDamageDealt": 100833,
      "totalDamageTaken": 32188,
      "team": 200,
      "win": false,
      "neutralMinionsKilled": 23,
      "largestMultiKill": 1,
      "physicalDamageDealtPlayer": 77976,
      "magicDamageDealtPlayer": 22856,
      "physicalDamageTaken": 15668,
      "magicDamageTaken": 15126,
      "timePlayed": 2181,
      "totalHeal": 4634,
      "totalUnitsHealed": 1,
      "assists": 13,
      "item0": 1055,
      "item1": 3153,
      "item2": 3065,
      "item3": 3111,
      "item4": 3044,
      "item5": 1052,
      "item6": 3340,
      "magicDamageDealtToChampions": 4516,
      "physicalDamageDealtToChampions": 11159,
      "totalDamageDealtToChampions": 15675,
      "trueDamageTaken": 1392,
      "wardPlaced": 4,
      "neutralMinionsKilledEnemyJungle": 3,
      "neutralMinionsKilledYourJungle": 20,
      "totalTimeCrowdControlDealt": 81
    }
  }
}