{
  "38256786": {
    "gameId": 818168620,
    "invalid": false,
    "gameMode": "CLASSIC",
    "gameType": "MATCHED_GAME",
    "subType": "NORMAL",
    "mapId": 1,
    "teamId": 100,
    "championId": 25,
    "spell1": 4,
    "spell2": 7,
    "level": 30,
    "ipEarned": 0,
    "createDate": 1398242806968,
    "fellowPlayers": [
      {
        "summonerId": 24509844,
        "teamId": 100,
        "championId": 35
      },
      {
        "summonerId": 38442953,
        "teamId": 100,
        "championId": 107
      },
      {
        "summonerId": 28976197,
        "teamId": 100,
        "championId": 81
      },
      {
        "summonerId": 38688275,
        "teamId": 200,
        "championId": 28
      },
      {
        "summonerId": 22685611,
        "teamId": 200,
        "championId": 114
      },
      {
        "summonerId": 31467352,
        "teamId": 200,
        "championId": 64
      },
      {
        "summonerId": 28720310,
        "teamId": 100,
        "championId": 105
      },
      {
        "summonerId": 25334736,
        "teamId": 200,
        "championId": 76
      },
      {
        "summonerId": 30672844,
        "teamId": 200,
        "championId": 21
      }
    ],
    "stats": {
      "level": 5,
      "goldEarned": 4878,
      "numDeaths": 2,
      "minionsKilled": 7,
      "goldSpent": 1550,
      "totalDamageDealt": 5841,
      "totalDamageTaken": 2892,
      "team": 100,
      "win": false,
      "physicalDamageDealtPlayer": 1261,
      "magicDamageDealtPlayer": 4580,
      "physicalDamageTaken": 2279,
      "magicDamageTaken": 534,
      "timePlayed": 2220,
      "totalHeal": 180,
      "totalUnitsHealed": 2,
      "assists": 1,
      "item0": 1056,
      "item1": 1028,
      "item2": 2003,
      "item3": 2004,
      "item6": 3340,
      "magicDamageDealtToChampions": 1258,
      "physicalDamageDealtToChampions": 488,
      "totalDamageDealtToChampions": 1746,
      "trueDamageTaken": 78,
      "wardPlaced": 3,
      "totalTimeCrowdControlDealt": 20
    }
  },
  "summonerCount": 10,
  "24509844": {
    "gameId": 818168620,
    "invalid": false,
    "gameMode": "CLASSIC",
    "gameType": "MATCHED_GAME",
    "subType": "NORMAL",
    "mapId": 1,
    "teamId": 100,
    "championId": 35,
    "spell1": 11,
    "spell2": 4,
    "level": 30,
    "ipEarned": 68,
    "createDate": 1398242806971,
    "fellowPlayers": [
      {
        "summonerId": 38442953,
        "teamId": 100,
        "championId": 107
      },
      {
        "summonerId": 28976197,
        "teamId": 100,
        "championId": 81
      },
      {
        "summonerId": 38688275,
        "teamId": 200,
        "championId": 28
      },
      {
        "summonerId": 22685611,
        "teamId": 200,
        "championId": 114
      },
      {
        "summonerId": 31467352,
        "teamId": 200,
        "championId": 64
      },
      {
        "summonerId": 28720310,
        "teamId": 100,
        "championId": 105
      },
      {
        "summonerId": 38256786,
        "teamId": 100,
        "championId": 25
      },
      {
        "summonerId": 25334736,
        "teamId": 200,
        "championId": 76
      },
      {
        "summonerId": 30672844,
        "teamId": 200,
        "championId": 21
      }
    ],
    "stats": {
      "level": 18,
      "goldEarned": 11883,
      "numDeaths": 8,
      "minionsKilled": 82,
      "championsKilled": 7,
      "goldSpent": 12430,
      "totalDamageDealt": 132581,
      "totalDamageTaken": 30720,
      "killingSprees": 3,
      "largestKillingSpree": 2,
      "team": 100,
      "win": false,
      "neutralMinionsKilled": 47,
      "largestMultiKill": 1,
      "physicalDamageDealtPlayer": 78540,
      "magicDamageDealtPlayer": 35450,
      "physicalDamageTaken": 23419,
      "magicDamageTaken": 6931,
      "largestCriticalStrike": 535,
      "timePlayed": 2220,
      "totalHeal": 1096,
      "totalUnitsHealed": 1,
      "assists": 9,
      "item0": 3153,
      "item1": 3087,
      "item2": 3031,
      "item5": 3254,
      "item6": 3340,
      "magicDamageDealtToChampions": 9739,
      "physicalDamageDealtToChampions": 7848,
      "totalDamageDealtToChampions": 17750,
      "trueDamageDealtPlayer": 18590,
      "trueDamageDealtToChampions": 162,
      "trueDamageTaken": 370,
      "wardKilled": 1,
      "wardPlaced": 7,
      "neutralMinionsKilledEnemyJungle": 6,
      "neutralMinionsKilledYourJungle": 41,
      "totalTimeCrowdControlDealt": 814
    }
  },
  "22685611": {
    "gameId": 818168620,
    "invalid": false,
    "gameMode": "CLASSIC",
    "gameType": "MATCHED_GAME",
    "subType": "NORMAL",
    "mapId": 1,
    "teamId": 200,
    "championId": 114,
    "spell1": 4,
    "spell2": 14,
    "level": 30,
    "ipEarned": 103,
    "createDate": 1398242806974,
    "fellowPlayers": [
      {
        "summonerId": 24509844,
        "teamId": 100,
        "championId": 35
      },
      {
        "summonerId": 38442953,
        "teamId": 100,
        "championId": 107
      },
      {
        "summonerId": 28976197,
        "teamId": 100,
        "championId": 81
      },
      {
        "summonerId": 38688275,
        "teamId": 200,
        "championId": 28
      },
      {
        "summonerId": 31467352,
        "teamId": 200,
        "championId": 64
      },
      {
        "summonerId": 28720310,
        "teamId": 100,
        "championId": 105
      },
      {
        "summonerId": 38256786,
        "teamId": 100,
        "championId": 25
      },
      {
        "summonerId": 25334736,
        "teamId": 200,
        "championId": 76
      },
      {
        "summonerId": 30672844,
        "teamId": 200,
        "championId": 21
      }
    ],
    "stats": {
      "level": 18,
      "goldEarned": 15427,
      "numDeaths": 7,
      "turretsKilled": 3,
      "minionsKilled": 198,
      "championsKilled": 7,
      "goldSpent": 14605,
      "totalDamageDealt": 246276,
      "totalDamageTaken": 32723,
      "killingSprees": 2,
      "largestKillingSpree": 3,
      "team": 200,
      "win": true,
      "neutralMinionsKilled": 57,
      "largestMultiKill": 1,
      "physicalDamageDealtPlayer": 242911,
      "magicDamageDealtPlayer": 1504,
      "physicalDamageTaken": 23470,
      "magicDamageTaken": 8078,
      "largestCriticalStrike": 1223,
      "timePlayed": 2220,
      "totalHeal": 3235,
      "totalUnitsHealed": 1,
      "assists": 2,
      "item0": 1038,
      "item1": 3031,
      "item2": 3072,
      "item3": 3074,
      "item4": 3250,
      "item5": 1053,
      "item6": 3340,
      "magicDamageDealtToChampions": 803,
      "physicalDamageDealtToChampions": 17163,
      "totalDamageDealtToChampions": 18628,
      "trueDamageDealtPlayer": 1860,
      "trueDamageDealtToChampions": 662,
      "trueDamageTaken": 1174,
      "wardPlaced": 12,
      "neutralMinionsKilledEnemyJungle": 19,
      "neutralMinionsKilledYourJungle": 38,
      "totalTimeCrowdControlDealt": 381
    }
  },
  "31467352": {
    "gameId": 818168620,
    "invalid": false,
    "gameMode": "CLASSIC",
    "gameType": "MATCHED_GAME",
    "subType": "NORMAL",
    "mapId": 1,
    "teamId": 200,
    "championId": 64,
    "spell1": 11,
    "spell2": 4,
    "level": 30,
    "ipEarned": 103,
    "createDate": 1398242806977,
    "fellowPlayers": [
      {
        "summonerId": 24509844,
        "teamId": 100,
        "championId": 35
      },
      {
        "summonerId": 38442953,
        "teamId": 100,
        "championId": 107
      },
      {
        "summonerId": 28976197,
        "teamId": 100,
        "championId": 81
      },
      {
        "summonerId": 38688275,
        "teamId": 200,
        "championId": 28
      },
      {
        "summonerId": 22685611,
        "teamId": 200,
        "championId": 114
      },
      {
        "summonerId": 28720310,
        "teamId": 100,
        "championId": 105
      },
      {
        "summonerId": 38256786,
        "teamId": 100,
        "championId": 25
      },
      {
        "summonerId": 25334736,
        "teamId": 200,
        "championId": 76
      },
      {
        "summonerId": 30672844,
        "teamId": 200,
        "championId": 21
      }
    ],
    "stats": {
      "level": 18,
      "goldEarned": 12278,
      "numDeaths": 7,
      "barracksKilled": 2,
      "turretsKilled": 1,
      "minionsKilled": 56,
      "championsKilled": 5,
      "goldSpent": 11090,
      "totalDamageDealt": 126294,
      "totalDamageTaken": 29539,
      "killingSprees": 1,
      "largestKillingSpree": 2,
      "team": 200,
      "win": true,
      "neutralMinionsKilled": 31,
      "largestMultiKill": 1,
      "physicalDamageDealtPlayer": 77260,
      "magicDamageDealtPlayer": 33482,
      "physicalDamageTaken": 17135,
      "magicDamageTaken": 10753,
      "timePlayed": 2220,
      "totalHeal": 2637,
      "totalUnitsHealed": 1,
      "assists": 14,
      "item0": 3143,
      "item1": 3154,
      "item2": 3074,
      "item3": 1053,
      "item4": 1038,
      "item5": 1001,
      "item6": 3340,
      "magicDamageDealtToChampions": 2927,
      "physicalDamageDealtToChampions": 10241,
      "totalDamageDealtToChampions": 13168,
      "trueDamageDealtPlayer": 15552,
      "trueDamageTaken": 1651,
      "wardPlaced": 10,
      "neutralMinionsKilledEnemyJungle": 11,
      "neutralMinionsKilledYourJungle": 20,
      "totalTimeCrowdControlDealt": 659
    }
  },
  "38688275": {
    "gameId": 818168620,
    "invalid": false,
    "gameMode": "CLASSIC",
    "gameType": "MATCHED_GAME",
    "subType": "NORMAL",
    "mapId": 1,
    "teamId": 200,
    "championId": 28,
    "spell1": 11,
    "spell2": 14,
    "level": 30,
    "ipEarned": 253,
    "createDate": 1398242806975,
    "fellowPlayers": [
      {
        "summonerId": 24509844,
        "teamId": 100,
        "championId": 35
      },
      {
        "summonerId": 38442953,
        "teamId": 100,
        "championId": 107
      },
      {
        "summonerId": 28976197,
        "teamId": 100,
        "championId": 81
      },
      {
        "summonerId": 22685611,
        "teamId": 200,
        "championId": 114
      },
      {
        "summonerId": 31467352,
        "teamId": 200,
        "championId": 64
      },
      {
        "summonerId": 28720310,
        "teamId": 100,
        "championId": 105
      },
      {
        "summonerId": 38256786,
        "teamId": 100,
        "championId": 25
      },
      {
        "summonerId": 25334736,
        "teamId": 200,
        "championId": 76
      },
      {
        "summonerId": 30672844,
        "teamId": 200,
        "championId": 21
      }
    ],
    "stats": {
      "level": 18,
      "goldEarned": 15000,
      "numDeaths": 7,
      "barracksKilled": 1,
      "minionsKilled": 17,
      "championsKilled": 10,
      "goldSpent": 14705,
      "totalDamageDealt": 163969,
      "totalDamageTaken": 29083,
      "doubleKills": 1,
      "killingSprees": 3,
      "largestKillingSpree": 3,
      "team": 200,
      "win": true,
      "neutralMinionsKilled": 96,
      "largestMultiKill": 2,
      "physicalDamageDealtPlayer": 64932,
      "magicDamageDealtPlayer": 84075,
      "physicalDamageTaken": 15559,
      "magicDamageTaken": 12372,
      "timePlayed": 2220,
      "totalHeal": 4497,
      "totalUnitsHealed": 1,
      "assists": 11,
      "item0": 3146,
      "item1": 3257,
      "item2": 3116,
      "item3": 3206,
      "item4": 3025,
      "item5": 1037,
      "item6": 3340,
      "magicDamageDealtToChampions": 12240,
      "physicalDamageDealtToChampions": 6037,
      "totalDamageDealtToChampions": 18723,
      "trueDamageDealtPlayer": 14962,
      "trueDamageDealtToChampions": 446,
      "trueDamageTaken": 1151,
      "wardPlaced": 9,
      "neutralMinionsKilledEnemyJungle": 39,
      "neutralMinionsKilledYourJungle": 57,
      "totalTimeCrowdControlDealt": 490
    }
  },
  "38442953": {
    "gameId": 818168620,
    "invalid": false,
    "gameMode": "CLASSIC",
    "gameType": "MATCHED_GAME",
    "subType": "NORMAL",
    "mapId": 1,
    "teamId": 100,
    "championId": 107,
    "spell1": 14,
    "spell2": 4,
    "level": 30,
    "ipEarned": 68,
    "createDate": 1398242806969,
    "fellowPlayers": [
      {
        "summonerId": 24509844,
        "teamId": 100,
        "championId": 35
      },
      {
        "summonerId": 28976197,
        "teamId": 100,
        "championId": 81
      },
      {
        "summonerId": 38688275,
        "teamId": 200,
        "championId": 28
      },
      {
        "summonerId": 22685611,
        "teamId": 200,
        "championId": 114
      },
      {
        "summonerId": 31467352,
        "teamId": 200,
        "championId": 64
      },
      {
        "summonerId": 28720310,
        "teamId": 100,
        "championId": 105
      },
      {
        "summonerId": 38256786,
        "teamId": 100,
        "championId": 25
      },
      {
        "summonerId": 25334736,
        "teamId": 200,
        "championId": 76
      },
      {
        "summonerId": 30672844,
        "teamId": 200,
        "championId": 21
      }
    ],
    "stats": {
      "level": 17,
      "goldEarned": 9864,
      "numDeaths": 11,
      "turretsKilled": 1,
      "minionsKilled": 95,
      "championsKilled": 3,
      "goldSpent": 9525,
      "totalDamageDealt": 109211,
      "totalDamageTaken": 38217,
      "team": 100,
      "win": false,
      "neutralMinionsKilled": 9,
      "largestMultiKill": 1,
      "physicalDamageDealtPlayer": 74758,
      "magicDamageDealtPlayer": 32701,
      "physicalDamageTaken": 28576,
      "magicDamageTaken": 8511,
      "timePlayed": 2220,
      "totalHeal": 4213,
      "totalUnitsHealed": 1,
      "assists": 12,
      "item0": 3065,
      "item1": 3153,
      "item2": 3075,
      "item3": 3006,
      "item4": 1054,
      "item6": 3169,
      "magicDamageDealtToChampions": 7331,
      "physicalDamageDealtToChampions": 13611,
      "totalDamageDealtToChampions": 22695,
      "trueDamageDealtPlayer": 1752,
      "trueDamageDealtToChampions": 1752,
      "trueDamageTaken": 1129,
      "wardPlaced": 1,
      "neutralMinionsKilledYourJungle": 9,
      "totalTimeCrowdControlDealt": 153
    }
  },
  "25334736": {
    "gameId": 818168620,
    "invalid": false,
    "gameMode": "CLASSIC",
    "gameType": "MATCHED_GAME",
    "subType": "NORMAL",
    "mapId": 1,
    "teamId": 200,
    "championId": 76,
    "spell1": 14,
    "spell2": 4,
    "level": 30,
    "ipEarned": 103,
    "createDate": 1398242806973,
    "fellowPlayers": [
      {
        "summonerId": 24509844,
        "teamId": 100,
        "championId": 35
      },
      {
        "summonerId": 38442953,
        "teamId": 100,
        "championId": 107
      },
      {
        "summonerId": 28976197,
        "teamId": 100,
        "championId": 81
      },
      {
        "summonerId": 38688275,
        "teamId": 200,
        "championId": 28
      },
      {
        "summonerId": 22685611,
        "teamId": 200,
        "championId": 114
      },
      {
        "summonerId": 31467352,
        "teamId": 200,
        "championId": 64
      },
      {
        "summonerId": 28720310,
        "teamId": 100,
        "championId": 105
      },
      {
        "summonerId": 38256786,
        "teamId": 100,
        "championId": 25
      },
      {
        "summonerId": 30672844,
        "teamId": 200,
        "championId": 21
      }
    ],
    "stats": {
      "level": 18,
      "goldEarned": 13034,
      "numDeaths": 8,
      "minionsKilled": 170,
      "championsKilled": 6,
      "goldSpent": 11730,
      "totalDamageDealt": 116072,
      "totalDamageTaken": 26856,
      "killingSprees": 2,
      "largestKillingSpree": 3,
      "team": 200,
      "win": true,
      "neutralMinionsKilled": 8,
      "largestMultiKill": 1,
      "physicalDamageDealtPlayer": 40117,
      "magicDamageDealtPlayer": 75181,
      "physicalDamageTaken": 15517,
      "magicDamageTaken": 10495,
      "timePlayed": 2220,
      "totalHeal": 11331,
      "totalUnitsHealed": 2,
      "assists": 2,
      "item0": 1056,
      "item1": 3040,
      "item2": 3089,
      "item3": 3020,
      "item4": 3100,
      "item5": 3191,
      "item6": 3340,
      "magicDamageDealtToChampions": 12002,
      "physicalDamageDealtToChampions": 1345,
      "totalDamageDealtToChampions": 13786,
      "trueDamageDealtPlayer": 774,
      "trueDamageDealtToChampions": 438,
      "trueDamageTaken": 844,
      "wardPlaced": 1,
      "neutralMinionsKilledEnemyJungle": 4,
      "neutralMinionsKilledYourJungle": 4,
      "totalTimeCrowdControlDealt": 89
    }
  },
  "28720310": {
    "gameId": 818168620,
    "invalid": false,
    "gameMode": "CLASSIC",
    "gameType": "MATCHED_GAME",
    "subType": "NORMAL",
    "mapId": 1,
    "teamId": 100,
    "championId": 105,
    "spell1": 4,
    "spell2": 14,
    "level": 30,
    "ipEarned": 68,
    "createDate": 1398242806972,
    "fellowPlayers": [
      {
        "summonerId": 24509844,
        "teamId": 100,
        "championId": 35
      },
      {
        "summonerId": 38442953,
        "teamId": 100,
        "championId": 107
      },
      {
        "summonerId": 28976197,
        "teamId": 100,
        "championId": 81
      },
      {
        "summonerId": 38688275,
        "teamId": 200,
        "championId": 28
      },
      {
        "summonerId": 22685611,
        "teamId": 200,
        "championId": 114
      },
      {
        "summonerId": 31467352,
        "teamId": 200,
        "championId": 64
      },
      {
        "summonerId": 38256786,
        "teamId": 100,
        "championId": 25
      },
      {
        "summonerId": 25334736,
        "teamId": 200,
        "championId": 76
      },
      {
        "summonerId": 30672844,
        "teamId": 200,
        "championId": 21
      }
    ],
    "stats": {
      "level": 18,
      "goldEarned": 13827,
      "numDeaths": 11,
      "minionsKilled": 177,
      "championsKilled": 15,
      "goldSpent": 13810,
      "totalDamageDealt": 137978,
      "totalDamageTaken": 25094,
      "doubleKills": 1,
      "killingSprees": 3,
      "largestKillingSpree": 5,
      "team": 100,
      "win": false,
      "neutralMinionsKilled": 8,
      "largestMultiKill": 2,
      "physicalDamageDealtPlayer": 27068,
      "magicDamageDealtPlayer": 108877,
      "physicalDamageTaken": 15152,
      "magicDamageTaken": 9490,
      "timePlayed": 2220,
      "assists": 8,
      "item0": 3255,
      "item1": 3089,
      "item2": 3157,
      "item3": 3100,
      "item4": 1026,
      "item5": 1052,
      "item6": 3340,
      "magicDamageDealtToChampions": 25033,
      "physicalDamageDealtToChampions": 4823,
      "totalDamageDealtToChampions": 31585,
      "trueDamageDealtPlayer": 2032,
      "trueDamageDealtToChampions": 1728,
      "trueDamageTaken": 452,
      "wardPlaced": 8,
      "neutralMinionsKilledYourJungle": 8,
      "totalTimeCrowdControlDealt": 353
    }
  },
  "30672844": {
    "gameId": 818168620,
    "invalid": false,
    "gameMode": "CLASSIC",
    "gameType": "MATCHED_GAME",
    "subType": "NORMAL",
    "mapId": 1,
    "teamId": 200,
    "championId": 21,
    "spell1": 7,
    "spell2": 4,
    "level": 30,
    "ipEarned": 253,
    "createDate": 1398242806976,
    "fellowPlayers": [
      {
        "summonerId": 24509844,
        "teamId": 100,
        "championId": 35
      },
      {
        "summonerId": 38442953,
        "teamId": 100,
        "championId": 107
      },
      {
        "summonerId": 28976197,
        "teamId": 100,
        "championId": 81
      },
      {
        "summonerId": 38688275,
        "teamId": 200,
        "championId": 28
      },
      {
        "summonerId": 22685611,
        "teamId": 200,
        "championId": 114
      },
      {
        "summonerId": 31467352,
        "teamId": 200,
        "championId": 64
      },
      {
        "summonerId": 28720310,
        "teamId": 100,
        "championId": 105
      },
      {
        "summonerId": 38256786,
        "teamId": 100,
        "championId": 25
      },
      {
        "summonerId": 25334736,
        "teamId": 200,
        "championId": 76
      }
    ],
    "stats": {
      "level": 18,
      "goldEarned": 17243,
      "numDeaths": 3,
      "barracksKilled": 1,
      "turretsKilled": 4,
      "minionsKilled": 223,
      "championsKilled": 10,
      "goldSpent": 15785,
      "totalDamageDealt": 203265,
      "totalDamageTaken": 18769,
      "doubleKills": 1,
      "killingSprees": 2,
      "largestKillingSpree": 6,
      "team": 200,
      "win": true,
      "neutralMinionsKilled": 23,
      "largestMultiKill": 2,
      "physicalDamageDealtPlayer": 166853,
      "magicDamageDealtPlayer": 36235,
      "physicalDamageTaken": 8601,
      "magicDamageTaken": 9196,
      "largestCriticalStrike": 1323,
      "timePlayed": 2220,
      "totalHeal": 4422,
      "totalUnitsHealed": 3,
      "assists": 13,
      "item0": 3078,
      "item1": 3006,
      "item2": 3072,
      "item3": 3035,
      "item4": 3031,
      "item5": 3134,
      "item6": 3340,
      "magicDamageDealtToChampions": 6473,
      "physicalDamageDealtToChampions": 18463,
      "totalDamageDealtToChampions": 25068,
      "trueDamageDealtPlayer": 176,
      "trueDamageDealtToChampions": 132,
      "trueDamageTaken": 972,
      "wardPlaced": 9,
      "neutralMinionsKilledEnemyJungle": 2,
      "neutralMinionsKilledYourJungle": 21,
      "totalTimeCrowdControlDealt": 341
    }
  },
  "38256786": {
    "gameId": 818168620,
    "invalid": false,
    "gameMode": "CLASSIC",
    "gameType": "MATCHED_GAME",
    "subType": "NORMAL",
    "mapId": 1,
    "teamId": 100,
    "championId": 25,
    "spell1": 4,
    "spell2": 7,
    "level": 30,
    "ipEarned": 0,
    "createDate": 1398242806968,
    "fellowPlayers": [
      {
        "summonerId": 24509844,
        "teamId": 100,
        "championId": 35
      },
      {
        "summonerId": 38442953,
        "teamId": 100,
        "championId": 107
      },
      {
        "summonerId": 28976197,
        "teamId": 100,
        "championId": 81
      },
      {
        "summonerId": 38688275,
        "teamId": 200,
        "championId": 28
      },
      {
        "summonerId": 22685611,
        "teamId": 200,
        "championId": 114
      },
      {
        "summonerId": 31467352,
        "teamId": 200,
        "championId": 64
      },
      {
        "summonerId": 28720310,
        "teamId": 100,
        "championId": 105
      },
      {
        "summonerId": 25334736,
        "teamId": 200,
        "championId": 76
      },
      {
        "summonerId": 30672844,
        "teamId": 200,
        "championId": 21
      }
    ],
    "stats": {
      "level": 5,
      "goldEarned": 4878,
      "numDeaths": 2,
      "minionsKilled": 7,
      "goldSpent": 1550,
      "totalDamageDealt": 5841,
      "totalDamageTaken": 2892,
      "team": 100,
      "win": false,
      "physicalDamageDealtPlayer": 1261,
      "magicDamageDealtPlayer": 4580,
      "physicalDamageTaken": 2279,
      "magicDamageTaken": 534,
      "timePlayed": 2220,
      "totalHeal": 180,
      "totalUnitsHealed": 2,
      "assists": 1,
      "item0": 1056,
      "item1": 1028,
      "item2": 2003,
      "item3": 2004,
      "item6": 3340,
      "magicDamageDealtToChampions": 1258,
      "physicalDamageDealtToChampions": 488,
      "totalDamageDealtToChampions": 1746,
      "trueDamageTaken": 78,
      "wardPlaced": 3,
      "totalTimeCrowdControlDealt": 20
    }
  }
}