{
  "20442125": {
    "gameId": 818169088,
    "invalid": false,
    "gameMode": "CLASSIC",
    "gameType": "MATCHED_GAME",
    "subType": "RANKED_SOLO_5x5",
    "mapId": 1,
    "teamId": 200,
    "championId": 51,
    "spell1": 4,
    "spell2": 7,
    "level": 30,
    "ipEarned": 54,
    "createDate": 1398242721353,
    "fellowPlayers": [
      {
        "summonerId": 19801364,
        "teamId": 200,
        "championId": 121
      },
      {
        "summonerId": 28431899,
        "teamId": 100,
        "championId": 126
      },
      {
        "summonerId": 28988032,
        "teamId": 100,
        "championId": 412
      },
      {
        "summonerId": 36399917,
        "teamId": 200,
        "championId": 53
      },
      {
        "summonerId": 24183567,
        "teamId": 200,
        "championId": 24
      },
      {
        "summonerId": 30102527,
        "teamId": 200,
        "championId": 134
      },
      {
        "summonerId": 35761996,
        "teamId": 100,
        "championId": 25
      },
      {
        "summonerId": 29614877,
        "teamId": 100,
        "championId": 120
      },
      {
        "summonerId": 32734962,
        "teamId": 100,
        "championId": 29
      }
    ],
    "stats": {
      "level": 10,
      "goldEarned": 5516,
      "numDeaths": 11,
      "minionsKilled": 59,
      "championsKilled": 3,
      "goldSpent": 4680,
      "totalDamageDealt": 35783,
      "totalDamageTaken": 17891,
      "team": 200,
      "win": false,
      "largestMultiKill": 1,
      "physicalDamageDealtPlayer": 34879,
      "magicDamageDealtPlayer": 904,
      "physicalDamageTaken": 10778,
      "magicDamageTaken": 5819,
      "timePlayed": 1657,
      "totalHeal": 1364,
      "totalUnitsHealed": 2,
      "assists": 1,
      "item0": 1055,
      "item1": 2003,
      "item2": 3006,
      "item3": 3072,
      "item6": 3340,
      "magicDamageDealtToChampions": 825,
      "physicalDamageDealtToChampions": 8260,
      "totalDamageDealtToChampions": 9086,
      "trueDamageTaken": 1294,
      "wardPlaced": 3,
      "totalTimeCrowdControlDealt": 26
    }
  },
  "summonerCount": 10,
  "30102527": {
    "gameId": 818169088,
    "invalid": false,
    "gameMode": "CLASSIC",
    "gameType": "MATCHED_GAME",
    "subType": "RANKED_SOLO_5x5",
    "mapId": 1,
    "teamId": 200,
    "championId": 134,
    "spell1": 14,
    "spell2": 4,
    "level": 30,
    "ipEarned": 54,
    "createDate": 1398242721354,
    "fellowPlayers": [
      {
        "summonerId": 19801364,
        "teamId": 200,
        "championId": 121
      },
      {
        "summonerId": 28431899,
        "teamId": 100,
        "championId": 126
      },
      {
        "summonerId": 28988032,
        "teamId": 100,
        "championId": 412
      },
      {
        "summonerId": 36399917,
        "teamId": 200,
        "championId": 53
      },
      {
        "summonerId": 24183567,
        "teamId": 200,
        "championId": 24
      },
      {
        "summonerId": 35761996,
        "teamId": 100,
        "championId": 25
      },
      {
        "summonerId": 29614877,
        "teamId": 100,
        "championId": 120
      },
      {
        "summonerId": 20442125,
        "teamId": 200,
        "championId": 51
      },
      {
        "summonerId": 32734962,
        "teamId": 100,
        "championId": 29
      }
    ],
    "stats": {
      "level": 12,
      "goldEarned": 7112,
      "numDeaths": 12,
      "minionsKilled": 86,
      "championsKilled": 4,
      "goldSpent": 6675,
      "totalDamageDealt": 59279,
      "totalDamageTaken": 21629,
      "killingSprees": 1,
      "largestKillingSpree": 2,
      "team": 200,
      "win": false,
      "largestMultiKill": 1,
      "physicalDamageDealtPlayer": 8212,
      "magicDamageDealtPlayer": 49965,
      "physicalDamageTaken": 14870,
      "magicDamageTaken": 5384,
      "timePlayed": 1657,
      "totalHeal": 392,
      "totalUnitsHealed": 1,
      "assists": 6,
      "item0": 1056,
      "item1": 1052,
      "item2": 3174,
      "item3": 1026,
      "item4": 3020,
      "item5": 1011,
      "item6": 3340,
      "magicDamageDealtToChampions": 12034,
      "physicalDamageDealtToChampions": 1152,
      "totalDamageDealtToChampions": 14289,
      "trueDamageDealtPlayer": 1102,
      "trueDamageDealtToChampions": 1102,
      "trueDamageTaken": 1374,
      "wardPlaced": 2,
      "totalTimeCrowdControlDealt": 265
    }
  },
  "28988032": {
    "gameId": 818169088,
    "invalid": false,
    "gameMode": "CLASSIC",
    "gameType": "MATCHED_GAME",
    "subType": "RANKED_SOLO_5x5",
    "mapId": 1,
    "teamId": 100,
    "championId": 412,
    "spell1": 4,
    "spell2": 3,
    "level": 30,
    "ipEarned": 80,
    "createDate": 1398242721346,
    "fellowPlayers": [
      {
        "summonerId": 19801364,
        "teamId": 200,
        "championId": 121
      },
      {
        "summonerId": 28431899,
        "teamId": 100,
        "championId": 126
      },
      {
        "summonerId": 36399917,
        "teamId": 200,
        "championId": 53
      },
      {
        "summonerId": 24183567,
        "teamId": 200,
        "championId": 24
      },
      {
        "summonerId": 30102527,
        "teamId": 200,
        "championId": 134
      },
      {
        "summonerId": 35761996,
        "teamId": 100,
        "championId": 25
      },
      {
        "summonerId": 29614877,
        "teamId": 100,
        "championId": 120
      },
      {
        "summonerId": 20442125,
        "teamId": 200,
        "championId": 51
      },
      {
        "summonerId": 32734962,
        "teamId": 100,
        "championId": 29
      }
    ],
    "stats": {
      "level": 15,
      "goldEarned": 12316,
      "numDeaths": 8,
      "barracksKilled": 2,
      "minionsKilled": 27,
      "championsKilled": 3,
      "goldSpent": 10735,
      "totalDamageDealt": 32937,
      "totalDamageTaken": 17583,
      "killingSprees": 1,
      "largestKillingSpree": 2,
      "team": 100,
      "win": true,
      "neutralMinionsKilled": 1,
      "largestMultiKill": 1,
      "physicalDamageDealtPlayer": 9006,
      "magicDamageDealtPlayer": 23931,
      "physicalDamageTaken": 12803,
      "magicDamageTaken": 4059,
      "timePlayed": 1657,
      "totalHeal": 965,
      "totalUnitsHealed": 1,
      "assists": 28,
      "item0": 2045,
      "item1": 3069,
      "item2": 3068,
      "item3": 1011,
      "item4": 3117,
      "item5": 3075,
      "item6": 3340,
      "sightWardsBought": 1,
      "magicDamageDealtToChampions": 9072,
      "physicalDamageDealtToChampions": 1775,
      "totalDamageDealtToChampions": 10847,
      "trueDamageTaken": 720,
      "wardPlaced": 7,
      "neutralMinionsKilledEnemyJungle": 1,
      "totalTimeCrowdControlDealt": 163
    }
  },
  "32734962": {
    "gameId": 818169088,
    "invalid": false,
    "gameMode": "CLASSIC",
    "gameType": "MATCHED_GAME",
    "subType": "RANKED_SOLO_5x5",
    "mapId": 1,
    "teamId": 100,
    "championId": 29,
    "spell1": 7,
    "spell2": 4,
    "level": 30,
    "ipEarned": 230,
    "createDate": 1398242721350,
    "fellowPlayers": [
      {
        "summonerId": 19801364,
        "teamId": 200,
        "championId": 121
      },
      {
        "summonerId": 28431899,
        "teamId": 100,
        "championId": 126
      },
      {
        "summonerId": 28988032,
        "teamId": 100,
        "championId": 412
      },
      {
        "summonerId": 36399917,
        "teamId": 200,
        "championId": 53
      },
      {
        "summonerId": 24183567,
        "teamId": 200,
        "championId": 24
      },
      {
        "summonerId": 30102527,
        "teamId": 200,
        "championId": 134
      },
      {
        "summonerId": 35761996,
        "teamId": 100,
        "championId": 25
      },
      {
        "summonerId": 29614877,
        "teamId": 100,
        "championId": 120
      },
      {
        "summonerId": 20442125,
        "teamId": 200,
        "championId": 51
      }
    ],
    "stats": {
      "level": 15,
      "goldEarned": 13564,
      "numDeaths": 3,
      "turretsKilled": 3,
      "minionsKilled": 126,
      "championsKilled": 16,
      "goldSpent": 11895,
      "totalDamageDealt": 124213,
      "totalDamageTaken": 20326,
      "doubleKills": 3,
      "killingSprees": 3,
      "largestKillingSpree": 9,
      "team": 100,
      "win": true,
      "neutralMinionsKilled": 15,
      "largestMultiKill": 2,
      "physicalDamageDealtPlayer": 116062,
      "physicalDamageTaken": 14876,
      "magicDamageTaken": 4682,
      "largestCriticalStrike": 701,
      "timePlayed": 1657,
      "totalHeal": 2841,
      "totalUnitsHealed": 3,
      "assists": 12,
      "item0": 3250,
      "item1": 3072,
      "item2": 3031,
      "item4": 3046,
      "item6": 3340,
      "physicalDamageDealtToChampions": 23452,
      "totalDamageDealtToChampions": 27112,
      "trueDamageDealtPlayer": 8151,
      "trueDamageDealtToChampions": 3659,
      "trueDamageTaken": 767,
      "wardPlaced": 11,
      "neutralMinionsKilledEnemyJungle": 12,
      "neutralMinionsKilledYourJungle": 3,
      "totalTimeCrowdControlDealt": 205
    }
  },
  "24183567": {
    "gameId": 818169088,
    "invalid": false,
    "gameMode": "CLASSIC",
    "gameType": "MATCHED_GAME",
    "subType": "RANKED_SOLO_5x5",
    "mapId": 1,
    "teamId": 200,
    "championId": 24,
    "spell1": 4,
    "spell2": 3,
    "level": 30,
    "ipEarned": 54,
    "createDate": 1398242721352,
    "fellowPlayers": [
      {
        "summonerId": 19801364,
        "teamId": 200,
        "championId": 121
      },
      {
        "summonerId": 28431899,
        "teamId": 100,
        "championId": 126
      },
      {
        "summonerId": 28988032,
        "teamId": 100,
        "championId": 412
      },
      {
        "summonerId": 36399917,
        "teamId": 200,
        "championId": 53
      },
      {
        "summonerId": 30102527,
        "teamId": 200,
        "championId": 134
      },
      {
        "summonerId": 35761996,
        "teamId": 100,
        "championId": 25
      },
      {
        "summonerId": 29614877,
        "teamId": 100,
        "championId": 120
      },
      {
        "summonerId": 20442125,
        "teamId": 200,
        "championId": 51
      },
      {
        "summonerId": 32734962,
        "teamId": 100,
        "championId": 29
      }
    ],
    "stats": {
      "level": 14,
      "goldEarned": 8262,
      "numDeaths": 8,
      "minionsKilled": 113,
      "championsKilled": 5,
      "goldSpent": 7488,
      "totalDamageDealt": 64272,
      "totalDamageTaken": 27657,
      "doubleKills": 1,
      "killingSprees": 1,
      "largestKillingSpree": 2,
      "team": 200,
      "win": false,
      "neutralMinionsKilled": 3,
      "largestMultiKill": 2,
      "physicalDamageDealtPlayer": 55166,
      "magicDamageDealtPlayer": 8515,
      "physicalDamageTaken": 17997,
      "magicDamageTaken": 7712,
      "largestCriticalStrike": 342,
      "timePlayed": 1657,
      "totalHeal": 1496,
      "totalUnitsHealed": 1,
      "assists": 5,
      "item0": 3260,
      "item1": 1053,
      "item2": 3078,
      "item3": 1011,
      "item5": 1054,
      "item6": 3340,
      "magicDamageDealtToChampions": 2233,
      "physicalDamageDealtToChampions": 13092,
      "totalDamageDealtToChampions": 15683,
      "trueDamageDealtPlayer": 590,
      "trueDamageDealtToChampions": 358,
      "trueDamageTaken": 1948,
      "wardPlaced": 2,
      "neutralMinionsKilledYourJungle": 3,
      "totalTimeCrowdControlDealt": 198
    }
  },
  "36399917": {
    "gameId": 818169088,
    "invalid": false,
    "gameMode": "CLASSIC",
    "gameType": "MATCHED_GAME",
    "subType": "RANKED_SOLO_5x5",
    "mapId": 1,
    "teamId": 200,
    "championId": 53,
    "spell1": 4,
    "spell2": 14,
    "level": 30,
    "ipEarned": 54,
    "createDate": 1398242721355,
    "fellowPlayers": [
      {
        "summonerId": 19801364,
        "teamId": 200,
        "championId": 121
      },
      {
        "summonerId": 28431899,
        "teamId": 100,
        "championId": 126
      },
      {
        "summonerId": 28988032,
        "teamId": 100,
        "championId": 412
      },
      {
        "summonerId": 24183567,
        "teamId": 200,
        "championId": 24
      },
      {
        "summonerId": 30102527,
        "teamId": 200,
        "championId": 134
      },
      {
        "summonerId": 35761996,
        "teamId": 100,
        "championId": 25
      },
      {
        "summonerId": 29614877,
        "teamId": 100,
        "championId": 120
      },
      {
        "summonerId": 20442125,
        "teamId": 200,
        "championId": 51
      },
      {
        "summonerId": 32734962,
        "teamId": 100,
        "championId": 29
      }
    ],
    "stats": {
      "level": 13,
      "goldEarned": 5591,
      "numDeaths": 9,
      "minionsKilled": 24,
      "championsKilled": 2,
      "goldSpent": 4795,
      "totalDamageDealt": 22876,
      "totalDamageTaken": 25666,
      "killingSprees": 1,
      "largestKillingSpree": 2,
      "team": 200,
      "win": false,
      "largestMultiKill": 1,
      "physicalDamageDealtPlayer": 6543,
      "magicDamageDealtPlayer": 15498,
      "physicalDamageTaken": 15493,
      "magicDamageTaken": 8943,
      "timePlayed": 1657,
      "totalHeal": 1305,
      "totalUnitsHealed": 1,
      "assists": 6,
      "item0": 1031,
      "item2": 2049,
      "item3": 3024,
      "item4": 3117,
      "item5": 1011,
      "item6": 3341,
      "magicDamageDealtToChampions": 4598,
      "physicalDamageDealtToChampions": 3716,
      "totalDamageDealtToChampions": 9020,
      "trueDamageDealtPlayer": 834,
      "trueDamageDealtToChampions": 706,
      "trueDamageTaken": 1229,
      "wardPlaced": 7,
      "totalTimeCrowdControlDealt": 74
    }
  },
  "28431899": {
    "gameId": 818169088,
    "invalid": false,
    "gameMode": "CLASSIC",
    "gameType": "MATCHED_GAME",
    "subType": "RANKED_SOLO_5x5",
    "mapId": 1,
    "teamId": 100,
    "championId": 126,
    "spell1": 4,
    "spell2": 14,
    "level": 30,
    "ipEarned": 80,
    "createDate": 1398242721351,
    "fellowPlayers": [
      {
        "summonerId": 19801364,
        "teamId": 200,
        "championId": 121
      },
      {
        "summonerId": 28988032,
        "teamId": 100,
        "championId": 412
      },
      {
        "summonerId": 36399917,
        "teamId": 200,
        "championId": 53
      },
      {
        "summonerId": 24183567,
        "teamId": 200,
        "championId": 24
      },
      {
        "summonerId": 30102527,
        "teamId": 200,
        "championId": 134
      },
      {
        "summonerId": 35761996,
        "teamId": 100,
        "championId": 25
      },
      {
        "summonerId": 29614877,
        "teamId": 100,
        "championId": 120
      },
      {
        "summonerId": 20442125,
        "teamId": 200,
        "championId": 51
      },
      {
        "summonerId": 32734962,
        "teamId": 100,
        "championId": 29
      }
    ],
    "stats": {
      "level": 17,
      "goldEarned": 14312,
      "numDeaths": 2,
      "barracksKilled": 1,
      "turretsKilled": 2,
      "minionsKilled": 205,
      "championsKilled": 14,
      "goldSpent": 13062,
      "totalDamageDealt": 143888,
      "totalDamageTaken": 14156,
      "doubleKills": 2,
      "tripleKills": 1,
      "killingSprees": 3,
      "largestKillingSpree": 6,
      "team": 100,
      "win": true,
      "neutralMinionsKilled": 8,
      "largestMultiKill": 3,
      "physicalDamageDealtPlayer": 132416,
      "magicDamageDealtPlayer": 10065,
      "physicalDamageTaken": 11942,
      "magicDamageTaken": 1726,
      "timePlayed": 1657,
      "totalHeal": 2082,
      "totalUnitsHealed": 1,
      "assists": 8,
      "item0": 1055,
      "item1": 3072,
      "item2": 3134,
      "item3": 3072,
      "item4": 3158,
      "item5": 3072,
      "item6": 3340,
      "magicDamageDealtToChampions": 4423,
      "physicalDamageDealtToChampions": 20840,
      "totalDamageDealtToChampions": 26310,
      "trueDamageDealtPlayer": 1406,
      "trueDamageDealtToChampions": 1046,
      "trueDamageTaken": 487,
      "wardPlaced": 4,
      "neutralMinionsKilledEnemyJungle": 8,
      "totalTimeCrowdControlDealt": 284
    }
  },
  "19801364": {
    "gameId": 818169088,
    "invalid": false,
    "gameMode": "CLASSIC",
    "gameType": "MATCHED_GAME",
    "subType": "RANKED_SOLO_5x5",
    "mapId": 1,
    "teamId": 200,
    "championId": 121,
    "spell1": 4,
    "spell2": 11,
    "level": 30,
    "ipEarned": 54,
    "createDate": 1398242721356,
    "fellowPlayers": [
      {
        "summonerId": 28431899,
        "teamId": 100,
        "championId": 126
      },
      {
        "summonerId": 28988032,
        "teamId": 100,
        "championId": 412
      },
      {
        "summonerId": 36399917,
        "teamId": 200,
        "championId": 53
      },
      {
        "summonerId": 24183567,
        "teamId": 200,
        "championId": 24
      },
      {
        "summonerId": 30102527,
        "teamId": 200,
        "championId": 134
      },
      {
        "summonerId": 35761996,
        "teamId": 100,
        "championId": 25
      },
      {
        "summonerId": 29614877,
        "teamId": 100,
        "championId": 120
      },
      {
        "summonerId": 20442125,
        "teamId": 200,
        "championId": 51
      },
      {
        "summonerId": 32734962,
        "teamId": 100,
        "championId": 29
      }
    ],
    "stats": {
      "level": 14,
      "goldEarned": 9460,
      "numDeaths": 9,
      "minionsKilled": 42,
      "championsKilled": 9,
      "goldSpent": 8835,
      "totalDamageDealt": 75714,
      "totalDamageTaken": 25463,
      "doubleKills": 1,
      "killingSprees": 2,
      "largestKillingSpree": 2,
      "team": 200,
      "win": false,
      "neutralMinionsKilled": 31,
      "largestMultiKill": 2,
      "physicalDamageDealtPlayer": 66227,
      "magicDamageDealtPlayer": 948,
      "physicalDamageTaken": 20820,
      "magicDamageTaken": 3868,
      "timePlayed": 1657,
      "totalHeal": 5504,
      "totalUnitsHealed": 1,
      "assists": 6,
      "item0": 3209,
      "item1": 3270,
      "item2": 3071,
      "item3": 2004,
      "item4": 1031,
      "item5": 1011,
      "item6": 3340,
      "magicDamageDealtToChampions": 694,
      "physicalDamageDealtToChampions": 14447,
      "totalDamageDealtToChampions": 16470,
      "trueDamageDealtPlayer": 8537,
      "trueDamageDealtToChampions": 1329,
      "trueDamageTaken": 774,
      "wardPlaced": 5,
      "neutralMinionsKilledEnemyJungle": 3,
      "neutralMinionsKilledYourJungle": 28,
      "totalTimeCrowdControlDealt": 434
    }
  },
  "35761996": {
    "gameId": 818169088,
    "invalid": false,
    "gameMode": "CLASSIC",
    "gameType": "MATCHED_GAME",
    "subType": "RANKED_SOLO_5x5",
    "mapId": 1,
    "teamId": 100,
    "championId": 25,
    "spell1": 4,
    "spell2": 14,
    "level": 30,
    "ipEarned": 80,
    "createDate": 1398242721348,
    "fellowPlayers": [
      {
        "summonerId": 19801364,
        "teamId": 200,
        "championId": 121
      },
      {
        "summonerId": 28431899,
        "teamId": 100,
        "championId": 126
      },
      {
        "summonerId": 28988032,
        "teamId": 100,
        "championId": 412
      },
      {
        "summonerId": 36399917,
        "teamId": 200,
        "championId": 53
      },
      {
        "summonerId": 24183567,
        "teamId": 200,
        "championId": 24
      },
      {
        "summonerId": 30102527,
        "teamId": 200,
        "championId": 134
      },
      {
        "summonerId": 29614877,
        "teamId": 100,
        "championId": 120
      },
      {
        "summonerId": 20442125,
        "teamId": 200,
        "championId": 51
      },
      {
        "summonerId": 32734962,
        "teamId": 100,
        "championId": 29
      }
    ],
    "stats": {
      "level": 14,
      "goldEarned": 9655,
      "numDeaths": 6,
      "minionsKilled": 92,
      "championsKilled": 7,
      "goldSpent": 9000,
      "totalDamageDealt": 85889,
      "totalDamageTaken": 19621,
      "doubleKills": 1,
      "killingSprees": 2,
      "largestKillingSpree": 4,
      "team": 100,
      "win": true,
      "neutralMinionsKilled": 22,
      "largestMultiKill": 2,
      "physicalDamageDealtPlayer": 15762,
      "magicDamageDealtPlayer": 68779,
      "physicalDamageTaken": 12040,
      "magicDamageTaken": 6713,
      "timePlayed": 1657,
      "totalHeal": 127,
      "totalUnitsHealed": 1,
      "assists": 3,
      "item0": 3027,
      "item1": 3157,
      "item2": 3255,
      "item3": 1026,
      "item6": 3340,
      "magicDamageDealtToChampions": 14652,
      "physicalDamageDealtToChampions": 1746,
      "totalDamageDealtToChampions": 17395,
      "trueDamageDealtPlayer": 1348,
      "trueDamageDealtToChampions": 996,
      "trueDamageTaken": 868,
      "wardPlaced": 6,
      "neutralMinionsKilledEnemyJungle": 4,
      "neutralMinionsKilledYourJungle": 18,
      "totalTimeCrowdControlDealt": 197
    }
  },
  "20442125": {
    "gameId": 818169088,
    "invalid": false,
    "gameMode": "CLASSIC",
    "gameType": "MATCHED_GAME",
    "subType": "RANKED_SOLO_5x5",
    "mapId": 1,
    "teamId": 200,
    "championId": 51,
    "spell1": 4,
    "spell2": 7,
    "level": 30,
    "ipEarned": 54,
    "createDate": 1398242721353,
    "fellowPlayers": [
      {
        "summonerId": 19801364,
        "teamId": 200,
        "championId": 121
      },
      {
        "summonerId": 28431899,
        "teamId": 100,
        "championId": 126
      },
      {
        "summonerId": 28988032,
        "teamId": 100,
        "championId": 412
      },
      {
        "summonerId": 36399917,
        "teamId": 200,
        "championId": 53
      },
      {
        "summonerId": 24183567,
        "teamId": 200,
        "championId": 24
      },
      {
        "summonerId": 30102527,
        "teamId": 200,
        "championId": 134
      },
      {
        "summonerId": 35761996,
        "teamId": 100,
        "championId": 25
      },
      {
        "summonerId": 29614877,
        "teamId": 100,
        "championId": 120
      },
      {
        "summonerId": 32734962,
        "teamId": 100,
        "championId": 29
      }
    ],
    "stats": {
      "level": 10,
      "goldEarned": 5516,
      "numDeaths": 11,
      "minionsKilled": 59,
      "championsKilled": 3,
      "goldSpent": 4680,
      "totalDamageDealt": 35783,
      "totalDamageTaken": 17891,
      "team": 200,
      "win": false,
      "largestMultiKill": 1,
      "physicalDamageDealtPlayer": 34879,
      "magicDamageDealtPlayer": 904,
      "physicalDamageTaken": 10778,
      "magicDamageTaken": 5819,
      "timePlayed": 1657,
      "totalHeal": 1364,
      "totalUnitsHealed": 2,
      "assists": 1,
      "item0": 1055,
      "item1": 2003,
      "item2": 3006,
      "item3": 3072,
      "item6": 3340,
      "magicDamageDealtToChampions": 825,
      "physicalDamageDealtToChampions": 8260,
      "totalDamageDealtToChampions": 9086,
      "trueDamageTaken": 1294,
      "wardPlaced": 3,
      "totalTimeCrowdControlDealt": 26
    }
  }
}