{
  "30121070": {
    "gameId": 818168235,
    "invalid": false,
    "gameMode": "CLASSIC",
    "gameType": "MATCHED_GAME",
    "subType": "RANKED_SOLO_5x5",
    "mapId": 1,
    "teamId": 100,
    "championId": 92,
    "spell1": 4,
    "spell2": 14,
    "level": 30,
    "ipEarned": 61,
    "createDate": 1398242608658,
    "fellowPlayers": [
      {
        "summonerId": 35469065,
        "teamId": 100,
        "championId": 89
      },
      {
        "summonerId": 34289972,
        "teamId": 200,
        "championId": 24
      },
      {
        "summonerId": 21757841,
        "teamId": 200,
        "championId": 134
      },
      {
        "summonerId": 33385165,
        "teamId": 100,
        "championId": 222
      },
      {
        "summonerId": 34216562,
        "teamId": 200,
        "championId": 25
      },
      {
        "summonerId": 29525950,
        "teamId": 100,
        "championId": 105
      },
      {
        "summonerId": 27888177,
        "teamId": 100,
        "championId": 23
      },
      {
        "summonerId": 29577206,
        "teamId": 200,
        "championId": 64
      },
      {
        "summonerId": 35024019,
        "teamId": 200,
        "championId": 29
      }
    ],
    "stats": {
      "level": 14,
      "goldEarned": 7908,
      "numDeaths": 7,
      "minionsKilled": 117,
      "championsKilled": 2,
      "goldSpent": 7350,
      "totalDamageDealt": 68545,
      "totalDamageTaken": 22432,
      "doubleKills": 1,
      "team": 100,
      "win": false,
      "neutralMinionsKilled": 5,
      "largestMultiKill": 2,
      "physicalDamageDealtPlayer": 67915,
      "magicDamageDealtPlayer": 323,
      "physicalDamageTaken": 12648,
      "magicDamageTaken": 9467,
      "timePlayed": 1971,
      "totalHeal": 1579,
      "totalUnitsHealed": 1,
      "assists": 6,
      "item0": 3077,
      "item1": 3071,
      "item2": 1053,
      "item3": 3047,
      "item4": 1054,
      "item6": 3340,
      "magicDamageDealtToChampions": 242,
      "physicalDamageDealtToChampions": 6750,
      "totalDamageDealtToChampions": 7298,
      "trueDamageDealtPlayer": 306,
      "trueDamageDealtToChampions": 306,
      "trueDamageTaken": 317,
      "wardPlaced": 6,
      "neutralMinionsKilledEnemyJungle": 1,
      "neutralMinionsKilledYourJungle": 4,
      "totalTimeCrowdControlDealt": 100
    }
  },
  "summonerCount": 10,
  "29525950": {
    "gameId": 818168235,
    "invalid": false,
    "gameMode": "CLASSIC",
    "gameType": "MATCHED_GAME",
    "subType": "RANKED_SOLO_5x5",
    "mapId": 1,
    "teamId": 100,
    "championId": 105,
    "spell1": 4,
    "spell2": 14,
    "level": 30,
    "ipEarned": 61,
    "createDate": 1398242608659,
    "fellowPlayers": [
      {
        "summonerId": 35469065,
        "teamId": 100,
        "championId": 89
      },
      {
        "summonerId": 30121070,
        "teamId": 100,
        "championId": 92
      },
      {
        "summonerId": 34289972,
        "teamId": 200,
        "championId": 24
      },
      {
        "summonerId": 21757841,
        "teamId": 200,
        "championId": 134
      },
      {
        "summonerId": 33385165,
        "teamId": 100,
        "championId": 222
      },
      {
        "summonerId": 34216562,
        "teamId": 200,
        "championId": 25
      },
      {
        "summonerId": 27888177,
        "teamId": 100,
        "championId": 23
      },
      {
        "summonerId": 29577206,
        "teamId": 200,
        "championId": 64
      },
      {
        "summonerId": 35024019,
        "teamId": 200,
        "championId": 29
      }
    ],
    "stats": {
      "level": 15,
      "goldEarned": 10672,
      "numDeaths": 7,
      "minionsKilled": 127,
      "championsKilled": 11,
      "goldSpent": 10735,
      "totalDamageDealt": 80553,
      "totalDamageTaken": 18378,
      "killingSprees": 1,
      "largestKillingSpree": 7,
      "team": 100,
      "win": false,
      "neutralMinionsKilled": 5,
      "largestMultiKill": 1,
      "physicalDamageDealtPlayer": 17185,
      "magicDamageDealtPlayer": 61400,
      "physicalDamageTaken": 7544,
      "magicDamageTaken": 10105,
      "timePlayed": 1971,
      "totalHeal": 249,
      "totalUnitsHealed": 1,
      "assists": 4,
      "item0": 3135,
      "item1": 3157,
      "item2": 3100,
      "item5": 3020,
      "item6": 3340,
      "magicDamageDealtToChampions": 16800,
      "physicalDamageDealtToChampions": 3680,
      "totalDamageDealtToChampions": 22358,
      "trueDamageDealtPlayer": 1968,
      "trueDamageDealtToChampions": 1878,
      "trueDamageTaken": 728,
      "wardPlaced": 10,
      "neutralMinionsKilledEnemyJungle": 2,
      "neutralMinionsKilledYourJungle": 3,
      "totalTimeCrowdControlDealt": 186
    }
  },
  "35469065": {
    "gameId": 818168235,
    "invalid": false,
    "gameMode": "CLASSIC",
    "gameType": "MATCHED_GAME",
    "subType": "RANKED_SOLO_5x5",
    "mapId": 1,
    "teamId": 100,
    "championId": 89,
    "spell1": 4,
    "spell2": 7,
    "level": 30,
    "ipEarned": 61,
    "createDate": 1398242608660,
    "fellowPlayers": [
      {
        "summonerId": 30121070,
        "teamId": 100,
        "championId": 92
      },
      {
        "summonerId": 34289972,
        "teamId": 200,
        "championId": 24
      },
      {
        "summonerId": 21757841,
        "teamId": 200,
        "championId": 134
      },
      {
        "summonerId": 33385165,
        "teamId": 100,
        "championId": 222
      },
      {
        "summonerId": 34216562,
        "teamId": 200,
        "championId": 25
      },
      {
        "summonerId": 29525950,
        "teamId": 100,
        "championId": 105
      },
      {
        "summonerId": 27888177,
        "teamId": 100,
        "championId": 23
      },
      {
        "summonerId": 29577206,
        "teamId": 200,
        "championId": 64
      },
      {
        "summonerId": 35024019,
        "teamId": 200,
        "championId": 29
      }
    ],
    "stats": {
      "level": 13,
      "goldEarned": 7270,
      "numDeaths": 7,
      "minionsKilled": 37,
      "championsKilled": 2,
      "goldSpent": 6235,
      "totalDamageDealt": 23698,
      "totalDamageTaken": 19689,
      "killingSprees": 1,
      "largestKillingSpree": 2,
      "team": 100,
      "win": false,
      "neutralMinionsKilled": 2,
      "largestMultiKill": 1,
      "physicalDamageDealtPlayer": 7728,
      "magicDamageDealtPlayer": 14279,
      "physicalDamageTaken": 7466,
      "magicDamageTaken": 10818,
      "timePlayed": 1971,
      "totalHeal": 1938,
      "totalUnitsHealed": 4,
      "assists": 8,
      "item0": 3068,
      "item1": 2045,
      "item2": 3302,
      "item3": 3260,
      "item6": 3340,
      "sightWardsBought": 1,
      "magicDamageDealtToChampions": 4666,
      "physicalDamageDealtToChampions": 1521,
      "totalDamageDealtToChampions": 6188,
      "trueDamageDealtPlayer": 1690,
      "trueDamageTaken": 1403,
      "wardPlaced": 23,
      "neutralMinionsKilledEnemyJungle": 2,
      "totalTimeCrowdControlDealt": 34
    }
  },
  "33385165": {
    "gameId": 818168235,
    "invalid": false,
    "gameMode": "CLASSIC",
    "gameType": "MATCHED_GAME",
    "subType": "RANKED_SOLO_5x5",
    "mapId": 1,
    "teamId": 100,
    "championId": 222,
    "spell1": 21,
    "spell2": 4,
    "level": 30,
    "ipEarned": 61,
    "createDate": 1398242608656,
    "fellowPlayers": [
      {
        "summonerId": 35469065,
        "teamId": 100,
        "championId": 89
      },
      {
        "summonerId": 30121070,
        "teamId": 100,
        "championId": 92
      },
      {
        "summonerId": 34289972,
        "teamId": 200,
        "championId": 24
      },
      {
        "summonerId": 21757841,
        "teamId": 200,
        "championId": 134
      },
      {
        "summonerId": 34216562,
        "teamId": 200,
        "championId": 25
      },
      {
        "summonerId": 29525950,
        "teamId": 100,
        "championId": 105
      },
      {
        "summonerId": 27888177,
        "teamId": 100,
        "championId": 23
      },
      {
        "summonerId": 29577206,
        "teamId": 200,
        "championId": 64
      },
      {
        "summonerId": 35024019,
        "teamId": 200,
        "championId": 29
      }
    ],
    "stats": {
      "level": 13,
      "goldEarned": 9601,
      "numDeaths": 7,
      "turretsKilled": 2,
      "minionsKilled": 159,
      "championsKilled": 3,
      "goldSpent": 9285,
      "totalDamageDealt": 108875,
      "totalDamageTaken": 18551,
      "doubleKills": 1,
      "killingSprees": 1,
      "largestKillingSpree": 2,
      "team": 100,
      "win": false,
      "neutralMinionsKilled": 19,
      "largestMultiKill": 2,
      "physicalDamageDealtPlayer": 106691,
      "magicDamageDealtPlayer": 1716,
      "physicalDamageTaken": 12112,
      "magicDamageTaken": 5237,
      "largestCriticalStrike": 509,
      "timePlayed": 1971,
      "totalHeal": 2396,
      "totalUnitsHealed": 1,
      "assists": 4,
      "item0": 3250,
      "item1": 3072,
      "item2": 1037,
      "item3": 3046,
      "item5": 1036,
      "item6": 3340,
      "visionWardsBought": 2,
      "magicDamageDealtToChampions": 913,
      "physicalDamageDealtToChampions": 7948,
      "totalDamageDealtToChampions": 8957,
      "trueDamageDealtPlayer": 468,
      "trueDamageDealtToChampions": 96,
      "trueDamageTaken": 1201,
      "wardKilled": 1,
      "wardPlaced": 10,
      "neutralMinionsKilledEnemyJungle": 1,
      "neutralMinionsKilledYourJungle": 18,
      "totalTimeCrowdControlDealt": 257
    }
  },
  "27888177": {
    "gameId": 818168235,
    "invalid": false,
    "gameMode": "CLASSIC",
    "gameType": "MATCHED_GAME",
    "subType": "RANKED_SOLO_5x5",
    "mapId": 1,
    "teamId": 100,
    "championId": 23,
    "spell1": 6,
    "spell2": 11,
    "level": 30,
    "ipEarned": 61,
    "createDate": 1398242608657,
    "fellowPlayers": [
      {
        "summonerId": 35469065,
        "teamId": 100,
        "championId": 89
      },
      {
        "summonerId": 30121070,
        "teamId": 100,
        "championId": 92
      },
      {
        "summonerId": 34289972,
        "teamId": 200,
        "championId": 24
      },
      {
        "summonerId": 21757841,
        "teamId": 200,
        "championId": 134
      },
      {
        "summonerId": 33385165,
        "teamId": 100,
        "championId": 222
      },
      {
        "summonerId": 34216562,
        "teamId": 200,
        "championId": 25
      },
      {
        "summonerId": 29525950,
        "teamId": 100,
        "championId": 105
      },
      {
        "summonerId": 29577206,
        "teamId": 200,
        "championId": 64
      },
      {
        "summonerId": 35024019,
        "teamId": 200,
        "championId": 29
      }
    ],
    "stats": {
      "level": 15,
      "goldEarned": 9666,
      "numDeaths": 6,
      "turretsKilled": 1,
      "minionsKilled": 60,
      "championsKilled": 3,
      "goldSpent": 9320,
      "totalDamageDealt": 154921,
      "totalDamageTaken": 35350,
      "team": 100,
      "win": false,
      "neutralMinionsKilled": 92,
      "largestMultiKill": 1,
      "physicalDamageDealtPlayer": 110512,
      "magicDamageDealtPlayer": 33579,
      "physicalDamageTaken": 27006,
      "magicDamageTaken": 6880,
      "largestCriticalStrike": 402,
      "timePlayed": 1971,
      "totalHeal": 10145,
      "totalUnitsHealed": 1,
      "assists": 6,
      "item0": 3160,
      "item1": 3074,
      "item2": 3087,
      "item3": 3252,
      "item6": 3340,
      "visionWardsBought": 1,
      "magicDamageDealtToChampions": 1373,
      "physicalDamageDealtToChampions": 7187,
      "totalDamageDealtToChampions": 8641,
      "trueDamageDealtPlayer": 10830,
      "trueDamageDealtToChampions": 80,
      "trueDamageTaken": 1463,
      "wardPlaced": 6,
      "neutralMinionsKilledEnemyJungle": 4,
      "neutralMinionsKilledYourJungle": 88,
      "totalTimeCrowdControlDealt": 314
    }
  },
  "35024019": {
    "gameId": 818168235,
    "invalid": false,
    "gameMode": "CLASSIC",
    "gameType": "MATCHED_GAME",
    "subType": "RANKED_SOLO_5x5",
    "mapId": 1,
    "teamId": 200,
    "championId": 29,
    "spell1": 4,
    "spell2": 7,
    "level": 30,
    "ipEarned": 92,
    "createDate": 1398242608663,
    "fellowPlayers": [
      {
        "summonerId": 35469065,
        "teamId": 100,
        "championId": 89
      },
      {
        "summonerId": 30121070,
        "teamId": 100,
        "championId": 92
      },
      {
        "summonerId": 34289972,
        "teamId": 200,
        "championId": 24
      },
      {
        "summonerId": 21757841,
        "teamId": 200,
        "championId": 134
      },
      {
        "summonerId": 33385165,
        "teamId": 100,
        "championId": 222
      },
      {
        "summonerId": 34216562,
        "teamId": 200,
        "championId": 25
      },
      {
        "summonerId": 29525950,
        "teamId": 100,
        "championId": 105
      },
      {
        "summonerId": 27888177,
        "teamId": 100,
        "championId": 23
      },
      {
        "summonerId": 29577206,
        "teamId": 200,
        "championId": 64
      }
    ],
    "stats": {
      "level": 17,
      "goldEarned": 14254,
      "numDeaths": 2,
      "turretsKilled": 3,
      "minionsKilled": 225,
      "championsKilled": 9,
      "goldSpent": 12480,
      "totalDamageDealt": 160226,
      "totalDamageTaken": 17099,
      "doubleKills": 1,
      "killingSprees": 2,
      "largestKillingSpree": 6,
      "team": 200,
      "win": true,
      "neutralMinionsKilled": 17,
      "largestMultiKill": 2,
      "physicalDamageDealtPlayer": 151620,
      "magicDamageDealtPlayer": 58,
      "physicalDamageTaken": 12681,
      "magicDamageTaken": 3903,
      "largestCriticalStrike": 665,
      "timePlayed": 1971,
      "totalHeal": 2966,
      "totalUnitsHealed": 3,
      "assists": 8,
      "item0": 3031,
      "item1": 3153,
      "item2": 3006,
      "item3": 3046,
      "item4": 1037,
      "item5": 1036,
      "item6": 3340,
      "magicDamageDealtToChampions": 58,
      "physicalDamageDealtToChampions": 16042,
      "totalDamageDealtToChampions": 18793,
      "trueDamageDealtPlayer": 8547,
      "trueDamageDealtToChampions": 2691,
      "trueDamageTaken": 515,
      "wardKilled": 1,
      "wardPlaced": 4,
      "neutralMinionsKilledEnemyJungle": 13,
      "neutralMinionsKilledYourJungle": 4,
      "totalTimeCrowdControlDealt": 332
    }
  },
  "21757841": {
    "gameId": 818168235,
    "invalid": false,
    "gameMode": "CLASSIC",
    "gameType": "MATCHED_GAME",
    "subType": "RANKED_SOLO_5x5",
    "mapId": 1,
    "teamId": 200,
    "championId": 134,
    "spell1": 4,
    "spell2": 14,
    "level": 30,
    "ipEarned": 92,
    "createDate": 1398242608662,
    "fellowPlayers": [
      {
        "summonerId": 35469065,
        "teamId": 100,
        "championId": 89
      },
      {
        "summonerId": 30121070,
        "teamId": 100,
        "championId": 92
      },
      {
        "summonerId": 34289972,
        "teamId": 200,
        "championId": 24
      },
      {
        "summonerId": 33385165,
        "teamId": 100,
        "championId": 222
      },
      {
        "summonerId": 34216562,
        "teamId": 200,
        "championId": 25
      },
      {
        "summonerId": 29525950,
        "teamId": 100,
        "championId": 105
      },
      {
        "summonerId": 27888177,
        "teamId": 100,
        "championId": 23
      },
      {
        "summonerId": 29577206,
        "teamId": 200,
        "championId": 64
      },
      {
        "summonerId": 35024019,
        "teamId": 200,
        "championId": 29
      }
    ],
    "stats": {
      "level": 16,
      "goldEarned": 13182,
      "numDeaths": 8,
      "minionsKilled": 171,
      "championsKilled": 9,
      "goldSpent": 12105,
      "totalDamageDealt": 137373,
      "totalDamageTaken": 17003,
      "doubleKills": 1,
      "killingSprees": 2,
      "largestKillingSpree": 3,
      "team": 200,
      "win": true,
      "neutralMinionsKilled": 15,
      "largestMultiKill": 2,
      "physicalDamageDealtPlayer": 11273,
      "magicDamageDealtPlayer": 125102,
      "physicalDamageTaken": 7323,
      "magicDamageTaken": 8921,
      "timePlayed": 1971,
      "totalHeal": 762,
      "totalUnitsHealed": 1,
      "assists": 9,
      "item0": 3255,
      "item1": 3174,
      "item2": 3157,
      "item3": 3089,
      "item4": 1056,
      "item6": 3340,
      "sightWardsBought": 2,
      "magicDamageDealtToChampions": 21553,
      "physicalDamageDealtToChampions": 1778,
      "totalDamageDealtToChampions": 24299,
      "trueDamageDealtPlayer": 998,
      "trueDamageDealtToChampions": 968,
      "trueDamageTaken": 758,
      "wardPlaced": 11,
      "neutralMinionsKilledEnemyJungle": 2,
      "neutralMinionsKilledYourJungle": 13,
      "totalTimeCrowdControlDealt": 361
    }
  },
  "29577206": {
    "gameId": 818168235,
    "invalid": false,
    "gameMode": "CLASSIC",
    "gameType": "MATCHED_GAME",
    "subType": "RANKED_SOLO_5x5",
    "mapId": 1,
    "teamId": 200,
    "championId": 64,
    "spell1": 11,
    "spell2": 4,
    "level": 30,
    "ipEarned": 92,
    "createDate": 1398242608661,
    "fellowPlayers": [
      {
        "summonerId": 35469065,
        "teamId": 100,
        "championId": 89
      },
      {
        "summonerId": 30121070,
        "teamId": 100,
        "championId": 92
      },
      {
        "summonerId": 34289972,
        "teamId": 200,
        "championId": 24
      },
      {
        "summonerId": 21757841,
        "teamId": 200,
        "championId": 134
      },
      {
        "summonerId": 33385165,
        "teamId": 100,
        "championId": 222
      },
      {
        "summonerId": 34216562,
        "teamId": 200,
        "championId": 25
      },
      {
        "summonerId": 29525950,
        "teamId": 100,
        "championId": 105
      },
      {
        "summonerId": 27888177,
        "teamId": 100,
        "championId": 23
      },
      {
        "summonerId": 35024019,
        "teamId": 200,
        "championId": 29
      }
    ],
    "stats": {
      "level": 17,
      "goldEarned": 12571,
      "numDeaths": 4,
      "minionsKilled": 64,
      "championsKilled": 7,
      "goldSpent": 9763,
      "totalDamageDealt": 171530,
      "totalDamageTaken": 22517,
      "killingSprees": 3,
      "largestKillingSpree": 2,
      "team": 200,
      "win": true,
      "neutralMinionsKilled": 85,
      "largestMultiKill": 1,
      "physicalDamageDealtPlayer": 111875,
      "magicDamageDealtPlayer": 38499,
      "physicalDamageTaken": 20220,
      "magicDamageTaken": 1856,
      "largestCriticalStrike": 700,
      "timePlayed": 1971,
      "totalHeal": 5566,
      "totalUnitsHealed": 1,
      "assists": 10,
      "item0": 3260,
      "item1": 3209,
      "item2": 2049,
      "item3": 3078,
      "item4": 3211,
      "item6": 3340,
      "magicDamageDealtToChampions": 2610,
      "physicalDamageDealtToChampions": 10038,
      "totalDamageDealtToChampions": 13627,
      "trueDamageDealtPlayer": 21156,
      "trueDamageDealtToChampions": 977,
      "trueDamageTaken": 441,
      "wardPlaced": 10,
      "neutralMinionsKilledEnemyJungle": 13,
      "neutralMinionsKilledYourJungle": 72,
      "totalTimeCrowdControlDealt": 1130
    }
  },
  "34289972": {
    "gameId": 818168235,
    "invalid": false,
    "gameMode": "CLASSIC",
    "gameType": "MATCHED_GAME",
    "subType": "RANKED_SOLO_5x5",
    "mapId": 1,
    "teamId": 200,
    "championId": 24,
    "spell1": 3,
    "spell2": 4,
    "level": 30,
    "ipEarned": 92,
    "createDate": 1398242608664,
    "fellowPlayers": [
      {
        "summonerId": 35469065,
        "teamId": 100,
        "championId": 89
      },
      {
        "summonerId": 30121070,
        "teamId": 100,
        "championId": 92
      },
      {
        "summonerId": 21757841,
        "teamId": 200,
        "championId": 134
      },
      {
        "summonerId": 33385165,
        "teamId": 100,
        "championId": 222
      },
      {
        "summonerId": 34216562,
        "teamId": 200,
        "championId": 25
      },
      {
        "summonerId": 29525950,
        "teamId": 100,
        "championId": 105
      },
      {
        "summonerId": 27888177,
        "teamId": 100,
        "championId": 23
      },
      {
        "summonerId": 29577206,
        "teamId": 200,
        "championId": 64
      },
      {
        "summonerId": 35024019,
        "teamId": 200,
        "championId": 29
      }
    ],
    "stats": {
      "level": 18,
      "goldEarned": 13883,
      "numDeaths": 2,
      "barracksKilled": 1,
      "turretsKilled": 3,
      "minionsKilled": 210,
      "championsKilled": 4,
      "goldSpent": 11063,
      "totalDamageDealt": 135237,
      "totalDamageTaken": 20989,
      "killingSprees": 1,
      "largestKillingSpree": 3,
      "team": 200,
      "win": true,
      "neutralMinionsKilled": 20,
      "largestMultiKill": 1,
      "physicalDamageDealtPlayer": 110783,
      "magicDamageDealtPlayer": 24130,
      "physicalDamageTaken": 16703,
      "magicDamageTaken": 3658,
      "largestCriticalStrike": 408,
      "timePlayed": 1971,
      "totalHeal": 4358,
      "totalUnitsHealed": 1,
      "assists": 15,
      "item0": 1055,
      "item1": 3153,
      "item2": 3260,
      "item3": 3078,
      "item4": 3082,
      "item5": 1011,
      "item6": 3340,
      "magicDamageDealtToChampions": 4849,
      "physicalDamageDealtToChampions": 11062,
      "totalDamageDealtToChampions": 16019,
      "trueDamageDealtPlayer": 324,
      "trueDamageDealtToChampions": 108,
      "trueDamageTaken": 627,
      "wardKilled": 1,
      "wardPlaced": 9,
      "neutralMinionsKilledEnemyJungle": 11,
      "neutralMinionsKilledYourJungle": 9,
      "totalTimeCrowdControlDealt": 332
    }
  },
  "30121070": {
    "gameId": 818168235,
    "invalid": false,
    "gameMode": "CLASSIC",
    "gameType": "MATCHED_GAME",
    "subType": "RANKED_SOLO_5x5",
    "mapId": 1,
    "teamId": 100,
    "championId": 92,
    "spell1": 4,
    "spell2": 14,
    "level": 30,
    "ipEarned": 61,
    "createDate": 1398242608658,
    "fellowPlayers": [
      {
        "summonerId": 35469065,
        "teamId": 100,
        "championId": 89
      },
      {
        "summonerId": 34289972,
        "teamId": 200,
        "championId": 24
      },
      {
        "summonerId": 21757841,
        "teamId": 200,
        "championId": 134
      },
      {
        "summonerId": 33385165,
        "teamId": 100,
        "championId": 222
      },
      {
        "summonerId": 34216562,
        "teamId": 200,
        "championId": 25
      },
      {
        "summonerId": 29525950,
        "teamId": 100,
        "championId": 105
      },
      {
        "summonerId": 27888177,
        "teamId": 100,
        "championId": 23
      },
      {
        "summonerId": 29577206,
        "teamId": 200,
        "championId": 64
      },
      {
        "summonerId": 35024019,
        "teamId": 200,
        "championId": 29
      }
    ],
    "stats": {
      "level": 14,
      "goldEarned": 7908,
      "numDeaths": 7,
      "minionsKilled": 117,
      "championsKilled": 2,
      "goldSpent": 7350,
      "totalDamageDealt": 68545,
      "totalDamageTaken": 22432,
      "doubleKills": 1,
      "team": 100,
      "win": false,
      "neutralMinionsKilled": 5,
      "largestMultiKill": 2,
      "physicalDamageDealtPlayer": 67915,
      "magicDamageDealtPlayer": 323,
      "physicalDamageTaken": 12648,
      "magicDamageTaken": 9467,
      "timePlayed": 1971,
      "totalHeal": 1579,
      "totalUnitsHealed": 1,
      "assists": 6,
      "item0": 3077,
      "item1": 3071,
      "item2": 1053,
      "item3": 3047,
      "item4": 1054,
      "item6": 3340,
      "magicDamageDealtToChampions": 242,
      "physicalDamageDealtToChampions": 6750,
      "totalDamageDealtToChampions": 7298,
      "trueDamageDealtPlayer": 306,
      "trueDamageDealtToChampions": 306,
      "trueDamageTaken": 317,
      "wardPlaced": 6,
      "neutralMinionsKilledEnemyJungle": 1,
      "neutralMinionsKilledYourJungle": 4,
      "totalTimeCrowdControlDealt": 100
    }
  }
}