{
  "27633739": {
    "gameId": 818185941,
    "invalid": false,
    "gameMode": "CLASSIC",
    "gameType": "MATCHED_GAME",
    "subType": "RANKED_SOLO_5x5",
    "mapId": 1,
    "teamId": 200,
    "championId": 23,
    "spell1": 14,
    "spell2": 6,
    "level": 30,
    "ipEarned": 87,
    "createDate": 1398248372457,
    "fellowPlayers": [
      {
        "summonerId": 33509088,
        "teamId": 100,
        "championId": 75
      },
      {
        "summonerId": 35779831,
        "teamId": 200,
        "championId": 412
      },
      {
        "summonerId": 27099983,
        "teamId": 200,
        "championId": 13
      },
      {
        "summonerId": 33854941,
        "teamId": 100,
        "championId": 76
      },
      {
        "summonerId": 41603073,
        "teamId": 100,
        "championId": 25
      },
      {
        "summonerId": 41953874,
        "teamId": 100,
        "championId": 121
      },
      {
        "summonerId": 33544205,
        "teamId": 200,
        "championId": 119
      },
      {
        "summonerId": 30766184,
        "teamId": 200,
        "championId": 64
      },
      {
        "summonerId": 31238793,
        "teamId": 100,
        "championId": 81
      }
    ],
    "stats": {
      "level": 17,
      "goldEarned": 13241,
      "numDeaths": 5,
      "barracksKilled": 1,
      "turretsKilled": 4,
      "minionsKilled": 212,
      "championsKilled": 8,
      "goldSpent": 12625,
      "totalDamageDealt": 195856,
      "totalDamageTaken": 41134,
      "killingSprees": 3,
      "largestKillingSpree": 3,
      "team": 200,
      "win": true,
      "neutralMinionsKilled": 31,
      "largestMultiKill": 1,
      "physicalDamageDealtPlayer": 181068,
      "magicDamageDealtPlayer": 13155,
      "physicalDamageTaken": 32838,
      "magicDamageTaken": 7662,
      "largestCriticalStrike": 712,
      "timePlayed": 1823,
      "totalHeal": 13745,
      "totalUnitsHealed": 1,
      "assists": 6,
      "item0": 3153,
      "item1": 3087,
      "item2": 1053,
      "item3": 3250,
      "item4": 3031,
      "item6": 3340,
      "magicDamageDealtToChampions": 724,
      "physicalDamageDealtToChampions": 24207,
      "totalDamageDealtToChampions": 25967,
      "trueDamageDealtPlayer": 1632,
      "trueDamageDealtToChampions": 1036,
      "trueDamageTaken": 633,
      "wardPlaced": 10,
      "neutralMinionsKilledEnemyJungle": 15,
      "neutralMinionsKilledYourJungle": 16,
      "totalTimeCrowdControlDealt": 425
    }
  },
  "summonerCount": 10,
  "33544205": {
    "gameId": 818185941,
    "invalid": false,
    "gameMode": "CLASSIC",
    "gameType": "MATCHED_GAME",
    "subType": "RANKED_SOLO_5x5",
    "mapId": 1,
    "teamId": 200,
    "championId": 119,
    "spell1": 4,
    "spell2": 7,
    "level": 30,
    "ipEarned": 87,
    "createDate": 1398248372459,
    "fellowPlayers": [
      {
        "summonerId": 33509088,
        "teamId": 100,
        "championId": 75
      },
      {
        "summonerId": 35779831,
        "teamId": 200,
        "championId": 412
      },
      {
        "summonerId": 27099983,
        "teamId": 200,
        "championId": 13
      },
      {
        "summonerId": 33854941,
        "teamId": 100,
        "championId": 76
      },
      {
        "summonerId": 41603073,
        "teamId": 100,
        "championId": 25
      },
      {
        "summonerId": 41953874,
        "teamId": 100,
        "championId": 121
      },
      {
        "summonerId": 27633739,
        "teamId": 200,
        "championId": 23
      },
      {
        "summonerId": 30766184,
        "teamId": 200,
        "championId": 64
      },
      {
        "summonerId": 31238793,
        "teamId": 100,
        "championId": 81
      }
    ],
    "stats": {
      "level": 15,
      "goldEarned": 13106,
      "numDeaths": 5,
      "minionsKilled": 131,
      "championsKilled": 11,
      "goldSpent": 9790,
      "totalDamageDealt": 104626,
      "totalDamageTaken": 18222,
      "doubleKills": 1,
      "tripleKills": 1,
      "killingSprees": 2,
      "largestKillingSpree": 8,
      "team": 200,
      "win": true,
      "neutralMinionsKilled": 14,
      "largestMultiKill": 3,
      "physicalDamageDealtPlayer": 97479,
      "magicDamageDealtPlayer": 6801,
      "physicalDamageTaken": 9762,
      "magicDamageTaken": 8372,
      "largestCriticalStrike": 841,
      "timePlayed": 1823,
      "totalHeal": 2802,
      "totalUnitsHealed": 2,
      "assists": 7,
      "item0": 1055,
      "item1": 1037,
      "item2": 3087,
      "item3": 3072,
      "item4": 3006,
      "item5": 1038,
      "item6": 3340,
      "sightWardsBought": 2,
      "magicDamageDealtToChampions": 1276,
      "physicalDamageDealtToChampions": 19959,
      "totalDamageDealtToChampions": 21491,
      "trueDamageDealtPlayer": 346,
      "trueDamageDealtToChampions": 256,
      "trueDamageTaken": 87,
      "wardKilled": 1,
      "wardPlaced": 6,
      "neutralMinionsKilledEnemyJungle": 10,
      "neutralMinionsKilledYourJungle": 4,
      "totalTimeCrowdControlDealt": 178
    }
  },
  "27099983": {
    "gameId": 818185941,
    "invalid": false,
    "gameMode": "CLASSIC",
    "gameType": "MATCHED_GAME",
    "subType": "RANKED_SOLO_5x5",
    "mapId": 1,
    "teamId": 200,
    "championId": 13,
    "spell1": 4,
    "spell2": 12,
    "level": 30,
    "ipEarned": 87,
    "createDate": 1398248372458,
    "fellowPlayers": [
      {
        "summonerId": 33509088,
        "teamId": 100,
        "championId": 75
      },
      {
        "summonerId": 35779831,
        "teamId": 200,
        "championId": 412
      },
      {
        "summonerId": 33854941,
        "teamId": 100,
        "championId": 76
      },
      {
        "summonerId": 41603073,
        "teamId": 100,
        "championId": 25
      },
      {
        "summonerId": 41953874,
        "teamId": 100,
        "championId": 121
      },
      {
        "summonerId": 27633739,
        "teamId": 200,
        "championId": 23
      },
      {
        "summonerId": 33544205,
        "teamId": 200,
        "championId": 119
      },
      {
        "summonerId": 30766184,
        "teamId": 200,
        "championId": 64
      },
      {
        "summonerId": 31238793,
        "teamId": 100,
        "championId": 81
      }
    ],
    "stats": {
      "level": 15,
      "goldEarned": 11559,
      "numDeaths": 4,
      "turretsKilled": 2,
      "minionsKilled": 166,
      "championsKilled": 6,
      "goldSpent": 9960,
      "totalDamageDealt": 121224,
      "totalDamageTaken": 25518,
      "killingSprees": 2,
      "largestKillingSpree": 3,
      "team": 200,
      "win": true,
      "neutralMinionsKilled": 10,
      "largestMultiKill": 1,
      "physicalDamageDealtPlayer": 21413,
      "magicDamageDealtPlayer": 99811,
      "physicalDamageTaken": 15372,
      "magicDamageTaken": 9543,
      "timePlayed": 1823,
      "totalHeal": 961,
      "totalUnitsHealed": 1,
      "assists": 10,
      "item0": 3027,
      "item1": 3070,
      "item2": 3158,
      "item3": 3152,
      "item4": 3065,
      "item6": 3340,
      "magicDamageDealtToChampions": 21985,
      "physicalDamageDealtToChampions": 1785,
      "totalDamageDealtToChampions": 23770,
      "trueDamageTaken": 602,
      "wardPlaced": 8,
      "neutralMinionsKilledYourJungle": 10,
      "totalTimeCrowdControlDealt": 79
    }
  },
  "31238793": {
    "gameId": 818185941,
    "invalid": false,
    "gameMode": "CLASSIC",
    "gameType": "MATCHED_GAME",
    "subType": "RANKED_SOLO_5x5",
    "mapId": 1,
    "teamId": 100,
    "championId": 81,
    "spell1": 4,
    "spell2": 7,
    "level": 30,
    "ipEarned": 58,
    "createDate": 1398248372454,
    "fellowPlayers": [
      {
        "summonerId": 33509088,
        "teamId": 100,
        "championId": 75
      },
      {
        "summonerId": 35779831,
        "teamId": 200,
        "championId": 412
      },
      {
        "summonerId": 27099983,
        "teamId": 200,
        "championId": 13
      },
      {
        "summonerId": 33854941,
        "teamId": 100,
        "championId": 76
      },
      {
        "summonerId": 41603073,
        "teamId": 100,
        "championId": 25
      },
      {
        "summonerId": 41953874,
        "teamId": 100,
        "championId": 121
      },
      {
        "summonerId": 27633739,
        "teamId": 200,
        "championId": 23
      },
      {
        "summonerId": 33544205,
        "teamId": 200,
        "championId": 119
      },
      {
        "summonerId": 30766184,
        "teamId": 200,
        "championId": 64
      }
    ],
    "stats": {
      "level": 14,
      "goldEarned": 8945,
      "numDeaths": 7,
      "turretsKilled": 1,
      "minionsKilled": 150,
      "championsKilled": 2,
      "goldSpent": 7985,
      "totalDamageDealt": 97252,
      "totalDamageTaken": 17733,
      "team": 100,
      "win": false,
      "neutralMinionsKilled": 4,
      "largestMultiKill": 1,
      "physicalDamageDealtPlayer": 78208,
      "magicDamageDealtPlayer": 19044,
      "physicalDamageTaken": 11079,
      "magicDamageTaken": 6321,
      "timePlayed": 1823,
      "totalHeal": 3657,
      "totalUnitsHealed": 4,
      "assists": 10,
      "item0": 1055,
      "item1": 3250,
      "item2": 3072,
      "item3": 3025,
      "item6": 3340,
      "magicDamageDealtToChampions": 4187,
      "physicalDamageDealtToChampions": 11840,
      "totalDamageDealtToChampions": 16027,
      "trueDamageTaken": 332,
      "wardPlaced": 3,
      "neutralMinionsKilledYourJungle": 4,
      "totalTimeCrowdControlDealt": 86
    }
  },
  "30766184": {
    "gameId": 818185941,
    "invalid": false,
    "gameMode": "CLASSIC",
    "gameType": "MATCHED_GAME",
    "subType": "RANKED_SOLO_5x5",
    "mapId": 1,
    "teamId": 200,
    "championId": 64,
    "spell1": 11,
    "spell2": 4,
    "level": 30,
    "ipEarned": 237,
    "createDate": 1398248372461,
    "fellowPlayers": [
      {
        "summonerId": 33509088,
        "teamId": 100,
        "championId": 75
      },
      {
        "summonerId": 35779831,
        "teamId": 200,
        "championId": 412
      },
      {
        "summonerId": 27099983,
        "teamId": 200,
        "championId": 13
      },
      {
        "summonerId": 33854941,
        "teamId": 100,
        "championId": 76
      },
      {
        "summonerId": 41603073,
        "teamId": 100,
        "championId": 25
      },
      {
        "summonerId": 41953874,
        "teamId": 100,
        "championId": 121
      },
      {
        "summonerId": 27633739,
        "teamId": 200,
        "championId": 23
      },
      {
        "summonerId": 33544205,
        "teamId": 200,
        "championId": 119
      },
      {
        "summonerId": 31238793,
        "teamId": 100,
        "championId": 81
      }
    ],
    "stats": {
      "level": 14,
      "goldEarned": 9594,
      "numDeaths": 7,
      "minionsKilled": 15,
      "championsKilled": 5,
      "goldSpent": 8580,
      "totalDamageDealt": 83573,
      "totalDamageTaken": 27781,
      "doubleKills": 1,
      "killingSprees": 1,
      "largestKillingSpree": 2,
      "team": 200,
      "win": true,
      "neutralMinionsKilled": 51,
      "largestMultiKill": 2,
      "physicalDamageDealtPlayer": 60989,
      "magicDamageDealtPlayer": 15098,
      "physicalDamageTaken": 19524,
      "magicDamageTaken": 7832,
      "largestCriticalStrike": 194,
      "timePlayed": 1823,
      "totalHeal": 2960,
      "totalUnitsHealed": 1,
      "assists": 10,
      "item0": 3143,
      "item1": 2049,
      "item2": 3209,
      "item3": 3117,
      "item4": 1037,
      "item5": 1036,
      "item6": 3340,
      "sightWardsBought": 2,
      "visionWardsBought": 1,
      "magicDamageDealtToChampions": 1832,
      "physicalDamageDealtToChampions": 8677,
      "totalDamageDealtToChampions": 11289,
      "trueDamageDealtPlayer": 7485,
      "trueDamageDealtToChampions": 778,
      "trueDamageTaken": 425,
      "wardPlaced": 17,
      "neutralMinionsKilledEnemyJungle": 11,
      "neutralMinionsKilledYourJungle": 40,
      "totalTimeCrowdControlDealt": 715
    }
  },
  "41603073": {
    "gameId": 818185941,
    "invalid": false,
    "gameMode": "CLASSIC",
    "gameType": "MATCHED_GAME",
    "subType": "RANKED_SOLO_5x5",
    "mapId": 1,
    "teamId": 100,
    "championId": 25,
    "spell1": 4,
    "spell2": 14,
    "level": 30,
    "ipEarned": 58,
    "createDate": 1398248372456,
    "fellowPlayers": [
      {
        "summonerId": 33509088,
        "teamId": 100,
        "championId": 75
      },
      {
        "summonerId": 35779831,
        "teamId": 200,
        "championId": 412
      },
      {
        "summonerId": 27099983,
        "teamId": 200,
        "championId": 13
      },
      {
        "summonerId": 33854941,
        "teamId": 100,
        "championId": 76
      },
      {
        "summonerId": 41953874,
        "teamId": 100,
        "championId": 121
      },
      {
        "summonerId": 27633739,
        "teamId": 200,
        "championId": 23
      },
      {
        "summonerId": 33544205,
        "teamId": 200,
        "championId": 119
      },
      {
        "summonerId": 30766184,
        "teamId": 200,
        "championId": 64
      },
      {
        "summonerId": 31238793,
        "teamId": 100,
        "championId": 81
      }
    ],
    "stats": {
      "level": 12,
      "goldEarned": 6750,
      "numDeaths": 9,
      "minionsKilled": 12,
      "championsKilled": 3,
      "goldSpent": 5585,
      "totalDamageDealt": 25489,
      "totalDamageTaken": 20773,
      "killingSprees": 1,
      "largestKillingSpree": 2,
      "team": 100,
      "win": false,
      "neutralMinionsKilled": 1,
      "largestMultiKill": 1,
      "physicalDamageDealtPlayer": 5472,
      "magicDamageDealtPlayer": 18933,
      "physicalDamageTaken": 12898,
      "magicDamageTaken": 7465,
      "timePlayed": 1823,
      "totalHeal": 424,
      "totalUnitsHealed": 1,
      "assists": 9,
      "item0": 3157,
      "item1": 3301,
      "item2": 3114,
      "item3": 1011,
      "item6": 3340,
      "magicDamageDealtToChampions": 13544,
      "physicalDamageDealtToChampions": 2218,
      "totalDamageDealtToChampions": 16847,
      "trueDamageDealtPlayer": 1083,
      "trueDamageDealtToChampions": 1083,
      "trueDamageTaken": 409,
      "wardPlaced": 7,
      "neutralMinionsKilledEnemyJungle": 1,
      "totalTimeCrowdControlDealt": 149
    }
  },
  "41953874": {
    "gameId": 818185941,
    "invalid": false,
    "gameMode": "CLASSIC",
    "gameType": "MATCHED_GAME",
    "subType": "RANKED_SOLO_5x5",
    "mapId": 1,
    "teamId": 100,
    "championId": 121,
    "spell1": 4,
    "spell2": 11,
    "level": 30,
    "ipEarned": 58,
    "createDate": 1398248372452,
    "fellowPlayers": [
      {
        "summonerId": 33509088,
        "teamId": 100,
        "championId": 75
      },
      {
        "summonerId": 35779831,
        "teamId": 200,
        "championId": 412
      },
      {
        "summonerId": 27099983,
        "teamId": 200,
        "championId": 13
      },
      {
        "summonerId": 33854941,
        "teamId": 100,
        "championId": 76
      },
      {
        "summonerId": 41603073,
        "teamId": 100,
        "championId": 25
      },
      {
        "summonerId": 27633739,
        "teamId": 200,
        "championId": 23
      },
      {
        "summonerId": 33544205,
        "teamId": 200,
        "championId": 119
      },
      {
        "summonerId": 30766184,
        "teamId": 200,
        "championId": 64
      },
      {
        "summonerId": 31238793,
        "teamId": 100,
        "championId": 81
      }
    ],
    "stats": {
      "level": 14,
      "goldEarned": 9252,
      "numDeaths": 7,
      "minionsKilled": 22,
      "championsKilled": 9,
      "goldSpent": 8332,
      "totalDamageDealt": 84526,
      "totalDamageTaken": 24510,
      "doubleKills": 1,
      "killingSprees": 2,
      "largestKillingSpree": 3,
      "team": 100,
      "win": false,
      "neutralMinionsKilled": 52,
      "largestMultiKill": 2,
      "physicalDamageDealtPlayer": 72592,
      "magicDamageDealtPlayer": 1637,
      "physicalDamageTaken": 20935,
      "magicDamageTaken": 2959,
      "timePlayed": 1823,
      "totalHeal": 6924,
      "totalUnitsHealed": 1,
      "assists": 5,
      "item0": 3209,
      "item1": 3275,
      "item2": 3134,
      "item3": 3035,
      "item4": 1053,
      "item6": 3340,
      "magicDamageDealtToChampions": 1170,
      "physicalDamageDealtToChampions": 16312,
      "totalDamageDealtToChampions": 18553,
      "trueDamageDealtPlayer": 10296,
      "trueDamageDealtToChampions": 1071,
      "trueDamageTaken": 614,
      "wardPlaced": 4,
      "neutralMinionsKilledEnemyJungle": 6,
      "neutralMinionsKilledYourJungle": 46,
      "totalTimeCrowdControlDealt": 567
    }
  },
  "33509088": {
    "gameId": 818185941,
    "invalid": false,
    "gameMode": "CLASSIC",
    "gameType": "MATCHED_GAME",
    "subType": "RANKED_SOLO_5x5",
    "mapId": 1,
    "teamId": 100,
    "championId": 75,
    "spell1": 4,
    "spell2": 12,
    "level": 30,
    "ipEarned": 58,
    "createDate": 1398248372453,
    "fellowPlayers": [
      {
        "summonerId": 35779831,
        "teamId": 200,
        "championId": 412
      },
      {
        "summonerId": 27099983,
        "teamId": 200,
        "championId": 13
      },
      {
        "summonerId": 33854941,
        "teamId": 100,
        "championId": 76
      },
      {
        "summonerId": 41603073,
        "teamId": 100,
        "championId": 25
      },
      {
        "summonerId": 41953874,
        "teamId": 100,
        "championId": 121
      },
      {
        "summonerId": 27633739,
        "teamId": 200,
        "championId": 23
      },
      {
        "summonerId": 33544205,
        "teamId": 200,
        "championId": 119
      },
      {
        "summonerId": 30766184,
        "teamId": 200,
        "championId": 64
      },
      {
        "summonerId": 31238793,
        "teamId": 100,
        "championId": 81
      }
    ],
    "stats": {
      "level": 15,
      "goldEarned": 8724,
      "numDeaths": 3,
      "minionsKilled": 142,
      "championsKilled": 5,
      "goldSpent": 8285,
      "totalDamageDealt": 78197,
      "totalDamageTaken": 23195,
      "killingSprees": 1,
      "largestKillingSpree": 3,
      "team": 100,
      "win": false,
      "largestMultiKill": 1,
      "physicalDamageDealtPlayer": 68825,
      "magicDamageDealtPlayer": 9371,
      "physicalDamageTaken": 15486,
      "magicDamageTaken": 7311,
      "timePlayed": 1823,
      "totalHeal": 1750,
      "totalUnitsHealed": 1,
      "assists": 6,
      "item0": 3260,
      "item1": 3025,
      "item2": 1028,
      "item3": 3143,
      "item5": 1054,
      "item6": 3340,
      "magicDamageDealtToChampions": 3236,
      "physicalDamageDealtToChampions": 12561,
      "totalDamageDealtToChampions": 15798,
      "trueDamageTaken": 397,
      "wardPlaced": 7,
      "totalTimeCrowdControlDealt": 722
    }
  },
  "33854941": {
    "gameId": 818185941,
    "invalid": false,
    "gameMode": "CLASSIC",
    "gameType": "MATCHED_GAME",
    "subType": "RANKED_SOLO_5x5",
    "mapId": 1,
    "teamId": 100,
    "championId": 76,
    "spell1": 4,
    "spell2": 7,
    "level": 30,
    "ipEarned": 58,
    "createDate": 1398248372455,
    "fellowPlayers": [
      {
        "summonerId": 33509088,
        "teamId": 100,
        "championId": 75
      },
      {
        "summonerId": 35779831,
        "teamId": 200,
        "championId": 412
      },
      {
        "summonerId": 27099983,
        "teamId": 200,
        "championId": 13
      },
      {
        "summonerId": 41603073,
        "teamId": 100,
        "championId": 25
      },
      {
        "summonerId": 41953874,
        "teamId": 100,
        "championId": 121
      },
      {
        "summonerId": 27633739,
        "teamId": 200,
        "championId": 23
      },
      {
        "summonerId": 33544205,
        "teamId": 200,
        "championId": 119
      },
      {
        "summonerId": 30766184,
        "teamId": 200,
        "championId": 64
      },
      {
        "summonerId": 31238793,
        "teamId": 100,
        "championId": 81
      }
    ],
    "stats": {
      "level": 15,
      "goldEarned": 9118,
      "numDeaths": 6,
      "minionsKilled": 118,
      "championsKilled": 7,
      "goldSpent": 7820,
      "totalDamageDealt": 75421,
      "totalDamageTaken": 24832,
      "killingSprees": 2,
      "largestKillingSpree": 2,
      "team": 100,
      "win": false,
      "largestMultiKill": 1,
      "physicalDamageDealtPlayer": 21050,
      "magicDamageDealtPlayer": 54371,
      "physicalDamageTaken": 15889,
      "magicDamageTaken": 8626,
      "timePlayed": 1823,
      "totalHeal": 11263,
      "totalUnitsHealed": 5,
      "assists": 9,
      "item0": 3174,
      "item1": 1056,
      "item2": 3089,
      "item3": 2003,
      "item4": 3020,
      "item6": 3340,
      "sightWardsBought": 1,
      "visionWardsBought": 1,
      "magicDamageDealtToChampions": 18703,
      "physicalDamageDealtToChampions": 2497,
      "totalDamageDealtToChampions": 21201,
      "trueDamageTaken": 317,
      "wardPlaced": 8
    }
  },
  "27633739": {
    "gameId": 818185941,
    "invalid": false,
    "gameMode": "CLASSIC",
    "gameType": "MATCHED_GAME",
    "subType": "RANKED_SOLO_5x5",
    "mapId": 1,
    "teamId": 200,
    "championId": 23,
    "spell1": 14,
    "spell2": 6,
    "level": 30,
    "ipEarned": 87,
    "createDate": 1398248372457,
    "fellowPlayers": [
      {
        "summonerId": 33509088,
        "teamId": 100,
        "championId": 75
      },
      {
        "summonerId": 35779831,
        "teamId": 200,
        "championId": 412
      },
      {
        "summonerId": 27099983,
        "teamId": 200,
        "championId": 13
      },
      {
        "summonerId": 33854941,
        "teamId": 100,
        "championId": 76
      },
      {
        "summonerId": 41603073,
        "teamId": 100,
        "championId": 25
      },
      {
        "summonerId": 41953874,
        "teamId": 100,
        "championId": 121
      },
      {
        "summonerId": 33544205,
        "teamId": 200,
        "championId": 119
      },
      {
        "summonerId": 30766184,
        "teamId": 200,
        "championId": 64
      },
      {
        "summonerId": 31238793,
        "teamId": 100,
        "championId": 81
      }
    ],
    "stats": {
      "level": 17,
      "goldEarned": 13241,
      "numDeaths": 5,
      "barracksKilled": 1,
      "turretsKilled": 4,
      "minionsKilled": 212,
      "championsKilled": 8,
      "goldSpent": 12625,
      "totalDamageDealt": 195856,
      "totalDamageTaken": 41134,
      "killingSprees": 3,
      "largestKillingSpree": 3,
      "team": 200,
      "win": true,
      "neutralMinionsKilled": 31,
      "largestMultiKill": 1,
      "physicalDamageDealtPlayer": 181068,
      "magicDamageDealtPlayer": 13155,
      "physicalDamageTaken": 32838,
      "magicDamageTaken": 7662,
      "largestCriticalStrike": 712,
      "timePlayed": 1823,
      "totalHeal": 13745,
      "totalUnitsHealed": 1,
      "assists": 6,
      "item0": 3153,
      "item1": 3087,
      "item2": 1053,
      "item3": 3250,
      "item4": 3031,
      "item6": 3340,
      "magicDamageDealtToChampions": 724,
      "physicalDamageDealtToChampions": 24207,
      "totalDamageDealtToChampions": 25967,
      "trueDamageDealtPlayer": 1632,
      "trueDamageDealtToChampions": 1036,
      "trueDamageTaken": 633,
      "wardPlaced": 10,
      "neutralMinionsKilledEnemyJungle": 15,
      "neutralMinionsKilledYourJungle": 16,
      "totalTimeCrowdControlDealt": 425
    }
  }
}