{
  "38650925": {
    "gameId": 818168027,
    "invalid": false,
    "gameMode": "CLASSIC",
    "gameType": "MATCHED_GAME",
    "subType": "RANKED_SOLO_5x5",
    "mapId": 1,
    "teamId": 200,
    "championId": 61,
    "spell1": 4,
    "spell2": 14,
    "level": 30,
    "ipEarned": 62,
    "createDate": 1398242752373,
    "fellowPlayers": [
      {
        "summonerId": 23818039,
        "teamId": 200,
        "championId": 133
      },
      {
        "summonerId": 32306207,
        "teamId": 200,
        "championId": 89
      },
      {
        "summonerId": 28075826,
        "teamId": 100,
        "championId": 48
      },
      {
        "summonerId": 29285089,
        "teamId": 100,
        "championId": 12
      },
      {
        "summonerId": 19657441,
        "teamId": 200,
        "championId": 64
      },
      {
        "summonerId": 19694190,
        "teamId": 100,
        "championId": 110
      },
      {
        "summonerId": 30679619,
        "teamId": 100,
        "championId": 5
      },
      {
        "summonerId": 33043389,
        "teamId": 200,
        "championId": 36
      },
      {
        "summonerId": 29558665,
        "teamId": 100,
        "championId": 127
      }
    ],
    "stats": {
      "level": 16,
      "goldEarned": 11388,
      "numDeaths": 7,
      "minionsKilled": 157,
      "championsKilled": 9,
      "goldSpent": 10370,
      "totalDamageDealt": 132529,
      "totalDamageTaken": 16762,
      "doubleKills": 1,
      "killingSprees": 2,
      "largestKillingSpree": 4,
      "team": 200,
      "win": false,
      "neutralMinionsKilled": 19,
      "largestMultiKill": 2,
      "physicalDamageDealtPlayer": 12950,
      "magicDamageDealtPlayer": 117422,
      "physicalDamageTaken": 11220,
      "magicDamageTaken": 5189,
      "timePlayed": 2036,
      "totalHeal": 568,
      "totalUnitsHealed": 1,
      "assists": 8,
      "item0": 1056,
      "item1": 3174,
      "item2": 3089,
      "item3": 3020,
      "item4": 3151,
      "item6": 3340,
      "magicDamageDealtToChampions": 23777,
      "physicalDamageDealtToChampions": 812,
      "totalDamageDealtToChampions": 26493,
      "trueDamageDealtPlayer": 2156,
      "trueDamageDealtToChampions": 1904,
      "trueDamageTaken": 352,
      "wardPlaced": 9,
      "neutralMinionsKilledYourJungle": 19,
      "totalTimeCrowdControlDealt": 1611
    }
  },
  "summonerCount": 10,
  "23818039": {
    "gameId": 818168027,
    "invalid": false,
    "gameMode": "CLASSIC",
    "gameType": "MATCHED_GAME",
    "subType": "RANKED_SOLO_5x5",
    "mapId": 1,
    "teamId": 200,
    "championId": 133,
    "spell1": 4,
    "spell2": 7,
    "level": 30,
    "ipEarned": 62,
    "createDate": 1398242752374,
    "fellowPlayers": [
      {
        "summonerId": 38650925,
        "teamId": 200,
        "championId": 61
      },
      {
        "summonerId": 32306207,
        "teamId": 200,
        "championId": 89
      },
      {
        "summonerId": 28075826,
        "teamId": 100,
        "championId": 48
      },
      {
        "summonerId": 29285089,
        "teamId": 100,
        "championId": 12
      },
      {
        "summonerId": 19657441,
        "teamId": 200,
        "championId": 64
      },
      {
        "summonerId": 19694190,
        "teamId": 100,
        "championId": 110
      },
      {
        "summonerId": 30679619,
        "teamId": 100,
        "championId": 5
      },
      {
        "summonerId": 33043389,
        "teamId": 200,
        "championId": 36
      },
      {
        "summonerId": 29558665,
        "teamId": 100,
        "championId": 127
      }
    ],
    "stats": {
      "level": 16,
      "goldEarned": 11950,
      "numDeaths": 10,
      "minionsKilled": 203,
      "championsKilled": 5,
      "goldSpent": 11290,
      "totalDamageDealt": 158176,
      "totalDamageTaken": 30993,
      "killingSprees": 1,
      "largestKillingSpree": 2,
      "team": 200,
      "win": false,
      "neutralMinionsKilled": 24,
      "largestMultiKill": 1,
      "physicalDamageDealtPlayer": 156367,
      "magicDamageDealtPlayer": 562,
      "physicalDamageTaken": 20221,
      "magicDamageTaken": 10010,
      "largestCriticalStrike": 895,
      "timePlayed": 2036,
      "totalHeal": 4090,
      "totalUnitsHealed": 3,
      "assists": 10,
      "item0": 1055,
      "item1": 3072,
      "item2": 3035,
      "item3": 3031,
      "item4": 3250,
      "item6": 3340,
      "magicDamageDealtToChampions": 476,
      "physicalDamageDealtToChampions": 26986,
      "totalDamageDealtToChampions": 28092,
      "trueDamageDealtPlayer": 1246,
      "trueDamageDealtToChampions": 630,
      "trueDamageTaken": 762,
      "wardPlaced": 2,
      "neutralMinionsKilledEnemyJungle": 1,
      "neutralMinionsKilledYourJungle": 23,
      "totalTimeCrowdControlDealt": 298
    }
  },
  "30679619": {
    "gameId": 818168027,
    "invalid": false,
    "gameMode": "CLASSIC",
    "gameType": "MATCHED_GAME",
    "subType": "RANKED_SOLO_5x5",
    "mapId": 1,
    "teamId": 100,
    "championId": 5,
    "spell1": 4,
    "spell2": 11,
    "level": 30,
    "ipEarned": 94,
    "createDate": 1398242752364,
    "fellowPlayers": [
      {
        "summonerId": 23818039,
        "teamId": 200,
        "championId": 133
      },
      {
        "summonerId": 38650925,
        "teamId": 200,
        "championId": 61
      },
      {
        "summonerId": 32306207,
        "teamId": 200,
        "championId": 89
      },
      {
        "summonerId": 28075826,
        "teamId": 100,
        "championId": 48
      },
      {
        "summonerId": 29285089,
        "teamId": 100,
        "championId": 12
      },
      {
        "summonerId": 19657441,
        "teamId": 200,
        "championId": 64
      },
      {
        "summonerId": 19694190,
        "teamId": 100,
        "championId": 110
      },
      {
        "summonerId": 33043389,
        "teamId": 200,
        "championId": 36
      },
      {
        "summonerId": 29558665,
        "teamId": 100,
        "championId": 127
      }
    ],
    "stats": {
      "level": 17,
      "goldEarned": 13998,
      "numDeaths": 6,
      "turretsKilled": 2,
      "minionsKilled": 32,
      "championsKilled": 7,
      "goldSpent": 13775,
      "totalDamageDealt": 190128,
      "totalDamageTaken": 31563,
      "doubleKills": 1,
      "killingSprees": 2,
      "largestKillingSpree": 3,
      "team": 100,
      "win": true,
      "neutralMinionsKilled": 118,
      "largestMultiKill": 2,
      "physicalDamageDealtPlayer": 110894,
      "magicDamageDealtPlayer": 62100,
      "physicalDamageTaken": 21262,
      "magicDamageTaken": 8693,
      "timePlayed": 2036,
      "totalHeal": 11969,
      "totalUnitsHealed": 1,
      "assists": 13,
      "item0": 3160,
      "item1": 3153,
      "item2": 3143,
      "item3": 3269,
      "item4": 3065,
      "item5": 3086,
      "item6": 3340,
      "magicDamageDealtToChampions": 3670,
      "physicalDamageDealtToChampions": 10668,
      "totalDamageDealtToChampions": 14771,
      "trueDamageDealtPlayer": 17132,
      "trueDamageDealtToChampions": 432,
      "trueDamageTaken": 1608,
      "wardKilled": 1,
      "wardPlaced": 10,
      "neutralMinionsKilledEnemyJungle": 13,
      "neutralMinionsKilledYourJungle": 105,
      "totalTimeCrowdControlDealt": 1226
    }
  },
  "28075826": {
    "gameId": 818168027,
    "invalid": false,
    "gameMode": "CLASSIC",
    "gameType": "MATCHED_GAME",
    "subType": "RANKED_SOLO_5x5",
    "mapId": 1,
    "teamId": 100,
    "championId": 48,
    "spell1": 14,
    "spell2": 4,
    "level": 30,
    "ipEarned": 94,
    "createDate": 1398242752366,
    "fellowPlayers": [
      {
        "summonerId": 23818039,
        "teamId": 200,
        "championId": 133
      },
      {
        "summonerId": 38650925,
        "teamId": 200,
        "championId": 61
      },
      {
        "summonerId": 32306207,
        "teamId": 200,
        "championId": 89
      },
      {
        "summonerId": 29285089,
        "teamId": 100,
        "championId": 12
      },
      {
        "summonerId": 19657441,
        "teamId": 200,
        "championId": 64
      },
      {
        "summonerId": 19694190,
        "teamId": 100,
        "championId": 110
      },
      {
        "summonerId": 30679619,
        "teamId": 100,
        "championId": 5
      },
      {
        "summonerId": 33043389,
        "teamId": 200,
        "championId": 36
      },
      {
        "summonerId": 29558665,
        "teamId": 100,
        "championId": 127
      }
    ],
    "stats": {
      "level": 17,
      "goldEarned": 14904,
      "numDeaths": 5,
      "barracksKilled": 1,
      "turretsKilled": 4,
      "minionsKilled": 183,
      "championsKilled": 13,
      "goldSpent": 14948,
      "totalDamageDealt": 140699,
      "totalDamageTaken": 41959,
      "doubleKills": 2,
      "killingSprees": 4,
      "largestKillingSpree": 4,
      "team": 100,
      "win": true,
      "neutralMinionsKilled": 13,
      "largestMultiKill": 2,
      "physicalDamageDealtPlayer": 136690,
      "magicDamageDealtPlayer": 2036,
      "physicalDamageTaken": 26896,
      "magicDamageTaken": 13658,
      "largestCriticalStrike": 498,
      "timePlayed": 2036,
      "totalHeal": 11830,
      "totalUnitsHealed": 1,
      "assists": 8,
      "item0": 3022,
      "item1": 3153,
      "item2": 3117,
      "item3": 3065,
      "item4": 3078,
      "item5": 1031,
      "item6": 3340,
      "magicDamageDealtToChampions": 2036,
      "physicalDamageDealtToChampions": 17357,
      "totalDamageDealtToChampions": 20780,
      "trueDamageDealtPlayer": 1972,
      "trueDamageDealtToChampions": 1386,
      "trueDamageTaken": 1404,
      "wardPlaced": 7,
      "neutralMinionsKilledEnemyJungle": 2,
      "neutralMinionsKilledYourJungle": 11,
      "totalTimeCrowdControlDealt": 398
    }
  },
  "32306207": {
    "gameId": 818168027,
    "invalid": false,
    "gameMode": "CLASSIC",
    "gameType": "MATCHED_GAME",
    "subType": "RANKED_SOLO_5x5",
    "mapId": 1,
    "teamId": 200,
    "championId": 89,
    "spell1": 4,
    "spell2": 7,
    "level": 30,
    "ipEarned": 62,
    "createDate": 1398242752371,
    "fellowPlayers": [
      {
        "summonerId": 23818039,
        "teamId": 200,
        "championId": 133
      },
      {
        "summonerId": 38650925,
        "teamId": 200,
        "championId": 61
      },
      {
        "summonerId": 28075826,
        "teamId": 100,
        "championId": 48
      },
      {
        "summonerId": 29285089,
        "teamId": 100,
        "championId": 12
      },
      {
        "summonerId": 19657441,
        "teamId": 200,
        "championId": 64
      },
      {
        "summonerId": 19694190,
        "teamId": 100,
        "championId": 110
      },
      {
        "summonerId": 30679619,
        "teamId": 100,
        "championId": 5
      },
      {
        "summonerId": 33043389,
        "teamId": 200,
        "championId": 36
      },
      {
        "summonerId": 29558665,
        "teamId": 100,
        "championId": 127
      }
    ],
    "stats": {
      "level": 13,
      "goldEarned": 7131,
      "numDeaths": 7,
      "minionsKilled": 15,
      "championsKilled": 2,
      "goldSpent": 6315,
      "totalDamageDealt": 19214,
      "totalDamageTaken": 19581,
      "team": 200,
      "win": false,
      "largestMultiKill": 1,
      "physicalDamageDealtPlayer": 8210,
      "magicDamageDealtPlayer": 11004,
      "physicalDamageTaken": 12633,
      "magicDamageTaken": 6770,
      "timePlayed": 2036,
      "totalHeal": 2919,
      "totalUnitsHealed": 4,
      "assists": 10,
      "item0": 3260,
      "item1": 3024,
      "item3": 2049,
      "item4": 3190,
      "item6": 3341,
      "sightWardsBought": 1,
      "magicDamageDealtToChampions": 4257,
      "physicalDamageDealtToChampions": 3102,
      "totalDamageDealtToChampions": 7360,
      "trueDamageTaken": 178,
      "wardKilled": 3,
      "wardPlaced": 20,
      "totalTimeCrowdControlDealt": 82
    }
  },
  "29558665": {
    "gameId": 818168027,
    "invalid": false,
    "gameMode": "CLASSIC",
    "gameType": "MATCHED_GAME",
    "subType": "RANKED_SOLO_5x5",
    "mapId": 1,
    "teamId": 100,
    "championId": 127,
    "spell1": 4,
    "spell2": 14,
    "level": 30,
    "ipEarned": 94,
    "createDate": 1398242752363,
    "fellowPlayers": [
      {
        "summonerId": 23818039,
        "teamId": 200,
        "championId": 133
      },
      {
        "summonerId": 38650925,
        "teamId": 200,
        "championId": 61
      },
      {
        "summonerId": 32306207,
        "teamId": 200,
        "championId": 89
      },
      {
        "summonerId": 28075826,
        "teamId": 100,
        "championId": 48
      },
      {
        "summonerId": 29285089,
        "teamId": 100,
        "championId": 12
      },
      {
        "summonerId": 19657441,
        "teamId": 200,
        "championId": 64
      },
      {
        "summonerId": 19694190,
        "teamId": 100,
        "championId": 110
      },
      {
        "summonerId": 30679619,
        "teamId": 100,
        "championId": 5
      },
      {
        "summonerId": 33043389,
        "teamId": 200,
        "championId": 36
      }
    ],
    "stats": {
      "level": 16,
      "goldEarned": 13055,
      "numDeaths": 6,
      "turretsKilled": 1,
      "minionsKilled": 201,
      "championsKilled": 6,
      "goldSpent": 11050,
      "totalDamageDealt": 123809,
      "totalDamageTaken": 20820,
      "killingSprees": 2,
      "largestKillingSpree": 3,
      "team": 100,
      "win": true,
      "neutralMinionsKilled": 1,
      "largestMultiKill": 1,
      "physicalDamageDealtPlayer": 10703,
      "magicDamageDealtPlayer": 112613,
      "physicalDamageTaken": 9937,
      "magicDamageTaken": 9990,
      "timePlayed": 2036,
      "totalHeal": 1209,
      "totalUnitsHealed": 1,
      "assists": 14,
      "item0": 3157,
      "item1": 3027,
      "item2": 3020,
      "item3": 3089,
      "item6": 3340,
      "visionWardsBought": 1,
      "magicDamageDealtToChampions": 19551,
      "physicalDamageDealtToChampions": 781,
      "totalDamageDealtToChampions": 20825,
      "trueDamageDealtPlayer": 492,
      "trueDamageDealtToChampions": 492,
      "trueDamageTaken": 891,
      "wardKilled": 1,
      "wardPlaced": 9,
      "neutralMinionsKilledEnemyJungle": 1,
      "totalTimeCrowdControlDealt": 296
    }
  },
  "29285089": {
    "gameId": 818168027,
    "invalid": false,
    "gameMode": "CLASSIC",
    "gameType": "MATCHED_GAME",
    "subType": "RANKED_SOLO_5x5",
    "mapId": 1,
    "teamId": 100,
    "championId": 12,
    "spell1": 7,
    "spell2": 4,
    "level": 30,
    "ipEarned": 244,
    "createDate": 1398242752369,
    "fellowPlayers": [
      {
        "summonerId": 23818039,
        "teamId": 200,
        "championId": 133
      },
      {
        "summonerId": 38650925,
        "teamId": 200,
        "championId": 61
      },
      {
        "summonerId": 32306207,
        "teamId": 200,
        "championId": 89
      },
      {
        "summonerId": 28075826,
        "teamId": 100,
        "championId": 48
      },
      {
        "summonerId": 19657441,
        "teamId": 200,
        "championId": 64
      },
      {
        "summonerId": 19694190,
        "teamId": 100,
        "championId": 110
      },
      {
        "summonerId": 30679619,
        "teamId": 100,
        "championId": 5
      },
      {
        "summonerId": 33043389,
        "teamId": 200,
        "championId": 36
      },
      {
        "summonerId": 29558665,
        "teamId": 100,
        "championId": 127
      }
    ],
    "stats": {
      "level": 15,
      "goldEarned": 12706,
      "numDeaths": 4,
      "barracksKilled": 1,
      "minionsKilled": 31,
      "championsKilled": 3,
      "goldSpent": 11350,
      "totalDamageDealt": 28662,
      "totalDamageTaken": 28206,
      "team": 100,
      "win": true,
      "largestMultiKill": 1,
      "physicalDamageDealtPlayer": 11309,
      "magicDamageDealtPlayer": 17164,
      "physicalDamageTaken": 15761,
      "magicDamageTaken": 10928,
      "timePlayed": 2036,
      "totalHeal": 14187,
      "totalUnitsHealed": 29,
      "assists": 27,
      "item0": 3069,
      "item1": 2049,
      "item2": 3110,
      "item3": 3009,
      "item4": 3083,
      "item5": 3211,
      "item6": 3341,
      "sightWardsBought": 1,
      "visionWardsBought": 2,
      "magicDamageDealtToChampions": 7462,
      "physicalDamageDealtToChampions": 3807,
      "totalDamageDealtToChampions": 11303,
      "trueDamageDealtPlayer": 188,
      "trueDamageDealtToChampions": 34,
      "trueDamageTaken": 1517,
      "wardKilled": 3,
      "wardPlaced": 21,
      "totalTimeCrowdControlDealt": 566
    }
  },
  "19657441": {
    "gameId": 818168027,
    "invalid": false,
    "gameMode": "CLASSIC",
    "gameType": "MATCHED_GAME",
    "subType": "RANKED_SOLO_5x5",
    "mapId": 1,
    "teamId": 200,
    "championId": 64,
    "spell1": 11,
    "spell2": 4,
    "level": 30,
    "ipEarned": 62,
    "createDate": 1398242752372,
    "fellowPlayers": [
      {
        "summonerId": 23818039,
        "teamId": 200,
        "championId": 133
      },
      {
        "summonerId": 38650925,
        "teamId": 200,
        "championId": 61
      },
      {
        "summonerId": 32306207,
        "teamId": 200,
        "championId": 89
      },
      {
        "summonerId": 28075826,
        "teamId": 100,
        "championId": 48
      },
      {
        "summonerId": 29285089,
        "teamId": 100,
        "championId": 12
      },
      {
        "summonerId": 19694190,
        "teamId": 100,
        "championId": 110
      },
      {
        "summonerId": 30679619,
        "teamId": 100,
        "championId": 5
      },
      {
        "summonerId": 33043389,
        "teamId": 200,
        "championId": 36
      },
      {
        "summonerId": 29558665,
        "teamId": 100,
        "championId": 127
      }
    ],
    "stats": {
      "level": 14,
      "goldEarned": 8685,
      "numDeaths": 10,
      "minionsKilled": 48,
      "championsKilled": 2,
      "goldSpent": 8165,
      "totalDamageDealt": 97654,
      "totalDamageTaken": 26118,
      "killingSprees": 1,
      "largestKillingSpree": 2,
      "team": 200,
      "win": false,
      "neutralMinionsKilled": 48,
      "largestMultiKill": 1,
      "physicalDamageDealtPlayer": 67076,
      "magicDamageDealtPlayer": 20816,
      "physicalDamageTaken": 17671,
      "magicDamageTaken": 7498,
      "timePlayed": 2036,
      "totalHeal": 1892,
      "totalUnitsHealed": 1,
      "assists": 11,
      "item0": 3209,
      "item1": 3143,
      "item2": 2049,
      "item3": 3047,
      "item4": 1031,
      "item6": 3340,
      "sightWardsBought": 3,
      "magicDamageDealtToChampions": 2744,
      "physicalDamageDealtToChampions": 10600,
      "totalDamageDealtToChampions": 14686,
      "trueDamageDealtPlayer": 9761,
      "trueDamageDealtToChampions": 1340,
      "trueDamageTaken": 948,
      "wardKilled": 1,
      "wardPlaced": 19,
      "neutralMinionsKilledEnemyJungle": 5,
      "neutralMinionsKilledYourJungle": 43,
      "totalTimeCrowdControlDealt": 921
    }
  },
  "19694190": {
    "gameId": 818168027,
    "invalid": false,
    "gameMode": "CLASSIC",
    "gameType": "MATCHED_GAME",
    "subType": "RANKED_SOLO_5x5",
    "mapId": 1,
    "teamId": 100,
    "championId": 110,
    "spell1": 4,
    "spell2": 7,
    "level": 30,
    "ipEarned": 94,
    "createDate": 1398242752367,
    "fellowPlayers": [
      {
        "summonerId": 23818039,
        "teamId": 200,
        "championId": 133
      },
      {
        "summonerId": 38650925,
        "teamId": 200,
        "championId": 61
      },
      {
        "summonerId": 32306207,
        "teamId": 200,
        "championId": 89
      },
      {
        "summonerId": 28075826,
        "teamId": 100,
        "championId": 48
      },
      {
        "summonerId": 29285089,
        "teamId": 100,
        "championId": 12
      },
      {
        "summonerId": 19657441,
        "teamId": 200,
        "championId": 64
      },
      {
        "summonerId": 30679619,
        "teamId": 100,
        "championId": 5
      },
      {
        "summonerId": 33043389,
        "teamId": 200,
        "championId": 36
      },
      {
        "summonerId": 29558665,
        "teamId": 100,
        "championId": 127
      }
    ],
    "stats": {
      "level": 16,
      "goldEarned": 14629,
      "numDeaths": 5,
      "minionsKilled": 157,
      "championsKilled": 10,
      "goldSpent": 11225,
      "totalDamageDealt": 126836,
      "totalDamageTaken": 19055,
      "doubleKills": 1,
      "killingSprees": 2,
      "largestKillingSpree": 4,
      "team": 100,
      "win": true,
      "neutralMinionsKilled": 2,
      "largestMultiKill": 2,
      "physicalDamageDealtPlayer": 119680,
      "magicDamageDealtPlayer": 6332,
      "physicalDamageTaken": 12531,
      "magicDamageTaken": 6180,
      "largestCriticalStrike": 736,
      "timePlayed": 2036,
      "totalHeal": 4768,
      "totalUnitsHealed": 5,
      "assists": 20,
      "item0": 3031,
      "item1": 3072,
      "item2": 3006,
      "item3": 3086,
      "item4": 3093,
      "item5": 1037,
      "item6": 3340,
      "magicDamageDealtToChampions": 3426,
      "physicalDamageDealtToChampions": 20555,
      "totalDamageDealtToChampions": 24379,
      "trueDamageDealtPlayer": 824,
      "trueDamageDealtToChampions": 398,
      "trueDamageTaken": 343,
      "wardPlaced": 10,
      "neutralMinionsKilledEnemyJungle": 1,
      "neutralMinionsKilledYourJungle": 1,
      "totalTimeCrowdControlDealt": 378
    }
  },
  "38650925": {
    "gameId": 818168027,
    "invalid": false,
    "gameMode": "CLASSIC",
    "gameType": "MATCHED_GAME",
    "subType": "RANKED_SOLO_5x5",
    "mapId": 1,
    "teamId": 200,
    "championId": 61,
    "spell1": 4,
    "spell2": 14,
    "level": 30,
    "ipEarned": 62,
    "createDate": 1398242752373,
    "fellowPlayers": [
      {
        "summonerId": 23818039,
        "teamId": 200,
        "championId": 133
      },
      {
        "summonerId": 32306207,
        "teamId": 200,
        "championId": 89
      },
      {
        "summonerId": 28075826,
        "teamId": 100,
        "championId": 48
      },
      {
        "summonerId": 29285089,
        "teamId": 100,
        "championId": 12
      },
      {
        "summonerId": 19657441,
        "teamId": 200,
        "championId": 64
      },
      {
        "summonerId": 19694190,
        "teamId": 100,
        "championId": 110
      },
      {
        "summonerId": 30679619,
        "teamId": 100,
        "championId": 5
      },
      {
        "summonerId": 33043389,
        "teamId": 200,
        "championId": 36
      },
      {
        "summonerId": 29558665,
        "teamId": 100,
        "championId": 127
      }
    ],
    "stats": {
      "level": 16,
      "goldEarned": 11388,
      "numDeaths": 7,
      "minionsKilled": 157,
      "championsKilled": 9,
      "goldSpent": 10370,
      "totalDamageDealt": 132529,
      "totalDamageTaken": 16762,
      "doubleKills": 1,
      "killingSprees": 2,
      "largestKillingSpree": 4,
      "team": 200,
      "win": false,
      "neutralMinionsKilled": 19,
      "largestMultiKill": 2,
      "physicalDamageDealtPlayer": 12950,
      "magicDamageDealtPlayer": 117422,
      "physicalDamageTaken": 11220,
      "magicDamageTaken": 5189,
      "timePlayed": 2036,
      "totalHeal": 568,
      "totalUnitsHealed": 1,
      "assists": 8,
      "item0": 1056,
      "item1": 3174,
      "item2": 3089,
      "item3": 3020,
      "item4": 3151,
      "item6": 3340,
      "magicDamageDealtToChampions": 23777,
      "physicalDamageDealtToChampions": 812,
      "totalDamageDealtToChampions": 26493,
      "trueDamageDealtPlayer": 2156,
      "trueDamageDealtToChampions": 1904,
      "trueDamageTaken": 352,
      "wardPlaced": 9,
      "neutralMinionsKilledYourJungle": 19,
      "totalTimeCrowdControlDealt": 1611
    }
  }
}