{
  "34723753": {
    "gameId": 818161416,
    "invalid": false,
    "gameMode": "CLASSIC",
    "gameType": "MATCHED_GAME",
    "subType": "NORMAL",
    "mapId": 1,
    "teamId": 200,
    "championId": 81,
    "spell1": 4,
    "spell2": 14,
    "level": 30,
    "ipEarned": 89,
    "createDate": 1398242763618,
    "fellowPlayers": [
      {
        "summonerId": 25544156,
        "teamId": 200,
        "championId": 5
      },
      {
        "summonerId": 29724999,
        "teamId": 100,
        "championId": 85
      },
      {
        "summonerId": 28359008,
        "teamId": 200,
        "championId": 222
      },
      {
        "summonerId": 36342695,
        "teamId": 100,
        "championId": 11
      },
      {
        "summonerId": 36976834,
        "teamId": 100,
        "championId": 43
      },
      {
        "summonerId": 38384307,
        "teamId": 200,
        "championId": 114
      },
      {
        "summonerId": 25528847,
        "teamId": 100,
        "championId": 29
      },
      {
        "summonerId": 36714652,
        "teamId": 100,
        "championId": 39
      },
      {
        "summonerId": 39290505,
        "teamId": 200,
        "championId": 238
      }
    ],
    "stats": {
      "level": 17,
      "goldEarned": 12410,
      "numDeaths": 7,
      "barracksKilled": 1,
      "minionsKilled": 124,
      "championsKilled": 7,
      "goldSpent": 12285,
      "totalDamageDealt": 86541,
      "totalDamageTaken": 15238,
      "doubleKills": 1,
      "killingSprees": 2,
      "largestKillingSpree": 2,
      "team": 200,
      "win": true,
      "largestMultiKill": 2,
      "physicalDamageDealtPlayer": 49682,
      "magicDamageDealtPlayer": 35059,
      "physicalDamageTaken": 9819,
      "magicDamageTaken": 4845,
      "timePlayed": 1870,
      "totalHeal": 741,
      "totalUnitsHealed": 1,
      "assists": 13,
      "item0": 3128,
      "item1": 3040,
      "item2": 3100,
      "item3": 3020,
      "item4": 2003,
      "item5": 1058,
      "item6": 3340,
      "magicDamageDealtToChampions": 14370,
      "physicalDamageDealtToChampions": 5539,
      "totalDamageDealtToChampions": 21019,
      "trueDamageDealtPlayer": 1800,
      "trueDamageDealtToChampions": 1110,
      "trueDamageTaken": 574,
      "wardPlaced": 4,
      "totalTimeCrowdControlDealt": 135
    }
  },
  "summonerCount": 10,
  "25544156": {
    "gameId": 818161416,
    "invalid": false,
    "gameMode": "CLASSIC",
    "gameType": "MATCHED_GAME",
    "subType": "NORMAL",
    "mapId": 1,
    "teamId": 200,
    "championId": 5,
    "spell1": 4,
    "spell2": 11,
    "level": 30,
    "ipEarned": 89,
    "createDate": 1398242763617,
    "fellowPlayers": [
      {
        "summonerId": 29724999,
        "teamId": 100,
        "championId": 85
      },
      {
        "summonerId": 28359008,
        "teamId": 200,
        "championId": 222
      },
      {
        "summonerId": 36342695,
        "teamId": 100,
        "championId": 11
      },
      {
        "summonerId": 36976834,
        "teamId": 100,
        "championId": 43
      },
      {
        "summonerId": 38384307,
        "teamId": 200,
        "championId": 114
      },
      {
        "summonerId": 25528847,
        "teamId": 100,
        "championId": 29
      },
      {
        "summonerId": 34723753,
        "teamId": 200,
        "championId": 81
      },
      {
        "summonerId": 36714652,
        "teamId": 100,
        "championId": 39
      },
      {
        "summonerId": 39290505,
        "teamId": 200,
        "championId": 238
      }
    ],
    "stats": {
      "level": 18,
      "goldEarned": 13812,
      "numDeaths": 3,
      "turretsKilled": 1,
      "minionsKilled": 37,
      "championsKilled": 8,
      "goldSpent": 10680,
      "totalDamageDealt": 170252,
      "totalDamageTaken": 24586,
      "killingSprees": 3,
      "largestKillingSpree": 3,
      "team": 200,
      "win": true,
      "neutralMinionsKilled": 86,
      "largestMultiKill": 1,
      "physicalDamageDealtPlayer": 114049,
      "magicDamageDealtPlayer": 44720,
      "physicalDamageTaken": 17483,
      "magicDamageTaken": 4732,
      "timePlayed": 1870,
      "totalHeal": 9715,
      "totalUnitsHealed": 1,
      "assists": 14,
      "item0": 3144,
      "item1": 3143,
      "item2": 3071,
      "item3": 3160,
      "item4": 3117,
      "item5": 1042,
      "item6": 3340,
      "magicDamageDealtToChampions": 2163,
      "physicalDamageDealtToChampions": 14436,
      "totalDamageDealtToChampions": 17567,
      "trueDamageDealtPlayer": 11482,
      "trueDamageDealtToChampions": 968,
      "trueDamageTaken": 2370,
      "wardPlaced": 9,
      "neutralMinionsKilledEnemyJungle": 19,
      "neutralMinionsKilledYourJungle": 67,
      "totalTimeCrowdControlDealt": 985
    }
  },
  "36342695": {
    "gameId": 818161416,
    "invalid": false,
    "gameMode": "CLASSIC",
    "gameType": "MATCHED_GAME",
    "subType": "NORMAL",
    "mapId": 1,
    "teamId": 100,
    "championId": 11,
    "spell1": 11,
    "spell2": 4,
    "level": 30,
    "ipEarned": 60,
    "createDate": 1398242763609,
    "fellowPlayers": [
      {
        "summonerId": 25544156,
        "teamId": 200,
        "championId": 5
      },
      {
        "summonerId": 29724999,
        "teamId": 100,
        "championId": 85
      },
      {
        "summonerId": 28359008,
        "teamId": 200,
        "championId": 222
      },
      {
        "summonerId": 36976834,
        "teamId": 100,
        "championId": 43
      },
      {
        "summonerId": 38384307,
        "teamId": 200,
        "championId": 114
      },
      {
        "summonerId": 25528847,
        "teamId": 100,
        "championId": 29
      },
      {
        "summonerId": 34723753,
        "teamId": 200,
        "championId": 81
      },
      {
        "summonerId": 36714652,
        "teamId": 100,
        "championId": 39
      },
      {
        "summonerId": 39290505,
        "teamId": 200,
        "championId": 238
      }
    ],
    "stats": {
      "level": 16,
      "goldEarned": 10876,
      "numDeaths": 12,
      "minionsKilled": 71,
      "championsKilled": 9,
      "goldSpent": 9885,
      "totalDamageDealt": 144192,
      "totalDamageTaken": 31651,
      "killingSprees": 1,
      "largestKillingSpree": 2,
      "team": 100,
      "win": false,
      "neutralMinionsKilled": 66,
      "largestMultiKill": 1,
      "physicalDamageDealtPlayer": 119447,
      "magicDamageDealtPlayer": 10310,
      "physicalDamageTaken": 26884,
      "magicDamageTaken": 3374,
      "largestCriticalStrike": 823,
      "timePlayed": 1870,
      "totalHeal": 4408,
      "totalUnitsHealed": 1,
      "assists": 4,
      "item0": 3154,
      "item1": 3142,
      "item2": 3250,
      "item3": 3031,
      "item6": 3341,
      "physicalDamageDealtToChampions": 15149,
      "totalDamageDealtToChampions": 18340,
      "trueDamageDealtPlayer": 14435,
      "trueDamageDealtToChampions": 3191,
      "trueDamageTaken": 1392,
      "wardKilled": 1,
      "wardPlaced": 4,
      "neutralMinionsKilledEnemyJungle": 6,
      "neutralMinionsKilledYourJungle": 60,
      "totalTimeCrowdControlDealt": 213
    }
  },
  "39290505": {
    "gameId": 818161416,
    "invalid": false,
    "gameMode": "CLASSIC",
    "gameType": "MATCHED_GAME",
    "subType": "NORMAL",
    "mapId": 1,
    "teamId": 200,
    "championId": 238,
    "spell1": 14,
    "spell2": 10,
    "level": 30,
    "ipEarned": 89,
    "createDate": 1398242763615,
    "fellowPlayers": [
      {
        "summonerId": 25544156,
        "teamId": 200,
        "championId": 5
      },
      {
        "summonerId": 29724999,
        "teamId": 100,
        "championId": 85
      },
      {
        "summonerId": 28359008,
        "teamId": 200,
        "championId": 222
      },
      {
        "summonerId": 36342695,
        "teamId": 100,
        "championId": 11
      },
      {
        "summonerId": 36976834,
        "teamId": 100,
        "championId": 43
      },
      {
        "summonerId": 38384307,
        "teamId": 200,
        "championId": 114
      },
      {
        "summonerId": 25528847,
        "teamId": 100,
        "championId": 29
      },
      {
        "summonerId": 34723753,
        "teamId": 200,
        "championId": 81
      },
      {
        "summonerId": 36714652,
        "teamId": 100,
        "championId": 39
      }
    ],
    "stats": {
      "level": 15,
      "goldEarned": 9944,
      "numDeaths": 10,
      "minionsKilled": 72,
      "championsKilled": 3,
      "goldSpent": 9200,
      "totalDamageDealt": 60190,
      "totalDamageTaken": 20425,
      "team": 200,
      "win": true,
      "neutralMinionsKilled": 2,
      "largestMultiKill": 1,
      "physicalDamageDealtPlayer": 56870,
      "magicDamageDealtPlayer": 3210,
      "physicalDamageTaken": 8606,
      "magicDamageTaken": 10495,
      "timePlayed": 1870,
      "totalHeal": 168,
      "totalUnitsHealed": 1,
      "assists": 9,
      "item0": 3117,
      "item1": 3153,
      "item2": 3072,
      "item3": 1031,
      "item4": 1011,
      "item6": 3340,
      "magicDamageDealtToChampions": 513,
      "physicalDamageDealtToChampions": 7818,
      "totalDamageDealtToChampions": 8441,
      "trueDamageDealtPlayer": 110,
      "trueDamageDealtToChampions": 110,
      "trueDamageTaken": 1324,
      "wardPlaced": 20,
      "neutralMinionsKilledEnemyJungle": 1,
      "neutralMinionsKilledYourJungle": 1,
      "totalTimeCrowdControlDealt": 53
    }
  },
  "38384307": {
    "gameId": 818161416,
    "invalid": false,
    "gameMode": "CLASSIC",
    "gameType": "MATCHED_GAME",
    "subType": "NORMAL",
    "mapId": 1,
    "teamId": 200,
    "championId": 114,
    "spell1": 14,
    "spell2": 4,
    "level": 30,
    "ipEarned": 89,
    "createDate": 1398242763616,
    "fellowPlayers": [
      {
        "summonerId": 25544156,
        "teamId": 200,
        "championId": 5
      },
      {
        "summonerId": 29724999,
        "teamId": 100,
        "championId": 85
      },
      {
        "summonerId": 28359008,
        "teamId": 200,
        "championId": 222
      },
      {
        "summonerId": 36342695,
        "teamId": 100,
        "championId": 11
      },
      {
        "summonerId": 36976834,
        "teamId": 100,
        "championId": 43
      },
      {
        "summonerId": 25528847,
        "teamId": 100,
        "championId": 29
      },
      {
        "summonerId": 34723753,
        "teamId": 200,
        "championId": 81
      },
      {
        "summonerId": 36714652,
        "teamId": 100,
        "championId": 39
      },
      {
        "summonerId": 39290505,
        "teamId": 200,
        "championId": 238
      }
    ],
    "stats": {
      "level": 18,
      "goldEarned": 18410,
      "numDeaths": 6,
      "barracksKilled": 2,
      "turretsKilled": 7,
      "minionsKilled": 204,
      "championsKilled": 22,
      "goldSpent": 13650,
      "totalDamageDealt": 196735,
      "totalDamageTaken": 32126,
      "doubleKills": 5,
      "tripleKills": 2,
      "quadraKills": 1,
      "killingSprees": 5,
      "largestKillingSpree": 7,
      "team": 200,
      "win": true,
      "largestMultiKill": 4,
      "physicalDamageDealtPlayer": 195159,
      "magicDamageDealtPlayer": 842,
      "physicalDamageTaken": 21249,
      "magicDamageTaken": 7476,
      "largestCriticalStrike": 1149,
      "timePlayed": 1870,
      "totalHeal": 3712,
      "totalUnitsHealed": 1,
      "assists": 10,
      "item0": 3074,
      "item1": 3072,
      "item2": 3250,
      "item3": 3031,
      "item4": 3144,
      "item5": 1042,
      "item6": 3340,
      "magicDamageDealtToChampions": 649,
      "physicalDamageDealtToChampions": 40147,
      "totalDamageDealtToChampions": 41531,
      "trueDamageDealtPlayer": 734,
      "trueDamageDealtToChampions": 734,
      "trueDamageTaken": 3401,
      "wardPlaced": 4,
      "totalTimeCrowdControlDealt": 20
    }
  },
  "36714652": {
    "gameId": 818161416,
    "invalid": false,
    "gameMode": "CLASSIC",
    "gameType": "MATCHED_GAME",
    "subType": "NORMAL",
    "mapId": 1,
    "teamId": 100,
    "championId": 39,
    "spell1": 4,
    "spell2": 14,
    "level": 30,
    "ipEarned": 60,
    "createDate": 1398242763610,
    "fellowPlayers": [
      {
        "summonerId": 25544156,
        "teamId": 200,
        "championId": 5
      },
      {
        "summonerId": 29724999,
        "teamId": 100,
        "championId": 85
      },
      {
        "summonerId": 28359008,
        "teamId": 200,
        "championId": 222
      },
      {
        "summonerId": 36342695,
        "teamId": 100,
        "championId": 11
      },
      {
        "summonerId": 36976834,
        "teamId": 100,
        "championId": 43
      },
      {
        "summonerId": 38384307,
        "teamId": 200,
        "championId": 114
      },
      {
        "summonerId": 25528847,
        "teamId": 100,
        "championId": 29
      },
      {
        "summonerId": 34723753,
        "teamId": 200,
        "championId": 81
      },
      {
        "summonerId": 39290505,
        "teamId": 200,
        "championId": 238
      }
    ],
    "stats": {
      "level": 14,
      "goldEarned": 7097,
      "numDeaths": 14,
      "minionsKilled": 93,
      "championsKilled": 1,
      "goldSpent": 6415,
      "totalDamageDealt": 51468,
      "totalDamageTaken": 30638,
      "team": 100,
      "win": false,
      "largestMultiKill": 1,
      "physicalDamageDealtPlayer": 48509,
      "magicDamageDealtPlayer": 1426,
      "physicalDamageTaken": 26770,
      "magicDamageTaken": 3313,
      "largestCriticalStrike": 325,
      "timePlayed": 1870,
      "totalHeal": 2410,
      "totalUnitsHealed": 1,
      "assists": 7,
      "item0": 3153,
      "item1": 3086,
      "item2": 2003,
      "item3": 3044,
      "item4": 1052,
      "item6": 3340,
      "magicDamageDealtToChampions": 791,
      "physicalDamageDealtToChampions": 8754,
      "totalDamageDealtToChampions": 10389,
      "trueDamageDealtPlayer": 1533,
      "trueDamageDealtToChampions": 843,
      "trueDamageTaken": 554,
      "wardPlaced": 1,
      "totalTimeCrowdControlDealt": 17
    }
  },
  "28359008": {
    "gameId": 818161416,
    "invalid": false,
    "gameMode": "CLASSIC",
    "gameType": "MATCHED_GAME",
    "subType": "NORMAL",
    "mapId": 1,
    "teamId": 200,
    "championId": 222,
    "spell1": 4,
    "spell2": 7,
    "level": 30,
    "ipEarned": 89,
    "createDate": 1398242763614,
    "fellowPlayers": [
      {
        "summonerId": 25544156,
        "teamId": 200,
        "championId": 5
      },
      {
        "summonerId": 29724999,
        "teamId": 100,
        "championId": 85
      },
      {
        "summonerId": 36342695,
        "teamId": 100,
        "championId": 11
      },
      {
        "summonerId": 36976834,
        "teamId": 100,
        "championId": 43
      },
      {
        "summonerId": 38384307,
        "teamId": 200,
        "championId": 114
      },
      {
        "summonerId": 25528847,
        "teamId": 100,
        "championId": 29
      },
      {
        "summonerId": 34723753,
        "teamId": 200,
        "championId": 81
      },
      {
        "summonerId": 36714652,
        "teamId": 100,
        "championId": 39
      },
      {
        "summonerId": 39290505,
        "teamId": 200,
        "championId": 238
      }
    ],
    "stats": {
      "level": 16,
      "goldEarned": 13724,
      "numDeaths": 11,
      "turretsKilled": 2,
      "minionsKilled": 104,
      "championsKilled": 16,
      "goldSpent": 12550,
      "totalDamageDealt": 96658,
      "totalDamageTaken": 24014,
      "doubleKills": 4,
      "tripleKills": 1,
      "killingSprees": 5,
      "largestKillingSpree": 3,
      "team": 200,
      "win": true,
      "largestMultiKill": 3,
      "physicalDamageDealtPlayer": 93218,
      "magicDamageDealtPlayer": 1545,
      "physicalDamageTaken": 11581,
      "magicDamageTaken": 10516,
      "largestCriticalStrike": 855,
      "timePlayed": 1870,
      "totalHeal": 3003,
      "totalUnitsHealed": 2,
      "assists": 7,
      "item0": 1037,
      "item1": 3072,
      "item2": 3006,
      "item3": 3046,
      "item4": 3031,
      "item5": 1036,
      "item6": 3340,
      "magicDamageDealtToChampions": 1298,
      "physicalDamageDealtToChampions": 23895,
      "totalDamageDealtToChampions": 26099,
      "trueDamageDealtPlayer": 1894,
      "trueDamageDealtToChampions": 906,
      "trueDamageTaken": 1916,
      "wardPlaced": 9,
      "totalTimeCrowdControlDealt": 232
    }
  },
  "29724999": {
    "gameId": 818161416,
    "invalid": false,
    "gameMode": "CLASSIC",
    "gameType": "MATCHED_GAME",
    "subType": "NORMAL",
    "mapId": 1,
    "teamId": 100,
    "championId": 85,
    "spell1": 14,
    "spell2": 4,
    "level": 30,
    "ipEarned": 60,
    "createDate": 1398242763608,
    "fellowPlayers": [
      {
        "summonerId": 25544156,
        "teamId": 200,
        "championId": 5
      },
      {
        "summonerId": 28359008,
        "teamId": 200,
        "championId": 222
      },
      {
        "summonerId": 36342695,
        "teamId": 100,
        "championId": 11
      },
      {
        "summonerId": 36976834,
        "teamId": 100,
        "championId": 43
      },
      {
        "summonerId": 38384307,
        "teamId": 200,
        "championId": 114
      },
      {
        "summonerId": 25528847,
        "teamId": 100,
        "championId": 29
      },
      {
        "summonerId": 34723753,
        "teamId": 200,
        "championId": 81
      },
      {
        "summonerId": 36714652,
        "teamId": 100,
        "championId": 39
      },
      {
        "summonerId": 39290505,
        "teamId": 200,
        "championId": 238
      }
    ],
    "stats": {
      "level": 15,
      "goldEarned": 9496,
      "numDeaths": 11,
      "minionsKilled": 72,
      "championsKilled": 9,
      "goldSpent": 9430,
      "totalDamageDealt": 52711,
      "totalDamageTaken": 26633,
      "doubleKills": 1,
      "killingSprees": 2,
      "largestKillingSpree": 3,
      "team": 100,
      "win": false,
      "largestMultiKill": 2,
      "physicalDamageDealtPlayer": 25111,
      "magicDamageDealtPlayer": 26846,
      "physicalDamageTaken": 19637,
      "magicDamageTaken": 5996,
      "timePlayed": 1870,
      "totalHeal": 2337,
      "totalUnitsHealed": 1,
      "assists": 11,
      "item0": 3157,
      "item1": 1055,
      "item2": 3255,
      "item3": 1026,
      "item4": 1058,
      "item6": 3340,
      "magicDamageDealtToChampions": 16061,
      "physicalDamageDealtToChampions": 3045,
      "totalDamageDealtToChampions": 19826,
      "trueDamageDealtPlayer": 754,
      "trueDamageDealtToChampions": 720,
      "trueDamageTaken": 1000,
      "wardPlaced": 4,
      "totalTimeCrowdControlDealt": 39
    }
  },
  "25528847": {
    "gameId": 818161416,
    "invalid": false,
    "gameMode": "CLASSIC",
    "gameType": "MATCHED_GAME",
    "subType": "NORMAL",
    "mapId": 1,
    "teamId": 100,
    "championId": 29,
    "spell1": 4,
    "spell2": 7,
    "level": 30,
    "ipEarned": 60,
    "createDate": 1398242763613,
    "fellowPlayers": [
      {
        "summonerId": 25544156,
        "teamId": 200,
        "championId": 5
      },
      {
        "summonerId": 29724999,
        "teamId": 100,
        "championId": 85
      },
      {
        "summonerId": 28359008,
        "teamId": 200,
        "championId": 222
      },
      {
        "summonerId": 36342695,
        "teamId": 100,
        "championId": 11
      },
      {
        "summonerId": 36976834,
        "teamId": 100,
        "championId": 43
      },
      {
        "summonerId": 38384307,
        "teamId": 200,
        "championId": 114
      },
      {
        "summonerId": 34723753,
        "teamId": 200,
        "championId": 81
      },
      {
        "summonerId": 36714652,
        "teamId": 100,
        "championId": 39
      },
      {
        "summonerId": 39290505,
        "teamId": 200,
        "championId": 238
      }
    ],
    "stats": {
      "level": 16,
      "goldEarned": 11336,
      "numDeaths": 7,
      "minionsKilled": 136,
      "championsKilled": 11,
      "goldSpent": 10085,
      "totalDamageDealt": 104066,
      "totalDamageTaken": 25431,
      "doubleKills": 1,
      "killingSprees": 4,
      "largestKillingSpree": 2,
      "team": 100,
      "win": false,
      "neutralMinionsKilled": 16,
      "largestMultiKill": 2,
      "physicalDamageDealtPlayer": 93900,
      "physicalDamageTaken": 21298,
      "magicDamageTaken": 3857,
      "timePlayed": 1870,
      "totalHeal": 4582,
      "totalUnitsHealed": 2,
      "assists": 7,
      "item0": 3153,
      "item1": 1038,
      "item2": 3085,
      "item3": 3250,
      "item4": 1055,
      "item5": 1037,
      "item6": 3340,
      "physicalDamageDealtToChampions": 14801,
      "totalDamageDealtToChampions": 18327,
      "trueDamageDealtPlayer": 10166,
      "trueDamageDealtToChampions": 3526,
      "trueDamageTaken": 276,
      "wardPlaced": 6,
      "neutralMinionsKilledEnemyJungle": 1,
      "neutralMinionsKilledYourJungle": 15,
      "totalTimeCrowdControlDealt": 396
    }
  },
  "34723753": {
    "gameId": 818161416,
    "invalid": false,
    "gameMode": "CLASSIC",
    "gameType": "MATCHED_GAME",
    "subType": "NORMAL",
    "mapId": 1,
    "teamId": 200,
    "championId": 81,
    "spell1": 4,
    "spell2": 14,
    "level": 30,
    "ipEarned": 89,
    "createDate": 1398242763618,
    "fellowPlayers": [
      {
        "summonerId": 25544156,
        "teamId": 200,
        "championId": 5
      },
      {
        "summonerId": 29724999,
        "teamId": 100,
        "championId": 85
      },
      {
        "summonerId": 28359008,
        "teamId": 200,
        "championId": 222
      },
      {
        "summonerId": 36342695,
        "teamId": 100,
        "championId": 11
      },
      {
        "summonerId": 36976834,
        "teamId": 100,
        "championId": 43
      },
      {
        "summonerId": 38384307,
        "teamId": 200,
        "championId": 114
      },
      {
        "summonerId": 25528847,
        "teamId": 100,
        "championId": 29
      },
      {
        "summonerId": 36714652,
        "teamId": 100,
        "championId": 39
      },
      {
        "summonerId": 39290505,
        "teamId": 200,
        "championId": 238
      }
    ],
    "stats": {
      "level": 17,
      "goldEarned": 12410,
      "numDeaths": 7,
      "barracksKilled": 1,
      "minionsKilled": 124,
      "championsKilled": 7,
      "goldSpent": 12285,
      "totalDamageDealt": 86541,
      "totalDamageTaken": 15238,
      "doubleKills": 1,
      "killingSprees": 2,
      "largestKillingSpree": 2,
      "team": 200,
      "win": true,
      "largestMultiKill": 2,
      "physicalDamageDealtPlayer": 49682,
      "magicDamageDealtPlayer": 35059,
      "physicalDamageTaken": 9819,
      "magicDamageTaken": 4845,
      "timePlayed": 1870,
      "totalHeal": 741,
      "totalUnitsHealed": 1,
      "assists": 13,
      "item0": 3128,
      "item1": 3040,
      "item2": 3100,
      "item3": 3020,
      "item4": 2003,
      "item5": 1058,
      "item6": 3340,
      "magicDamageDealtToChampions": 14370,
      "physicalDamageDealtToChampions": 5539,
      "totalDamageDealtToChampions": 21019,
      "trueDamageDealtPlayer": 1800,
      "trueDamageDealtToChampions": 1110,
      "trueDamageTaken": 574,
      "wardPlaced": 4,
      "totalTimeCrowdControlDealt": 135
    }
  }
}