{
  "31613468": {
    "gameId": 818168729,
    "invalid": false,
    "gameMode": "CLASSIC",
    "gameType": "MATCHED_GAME",
    "subType": "RANKED_SOLO_5x5",
    "mapId": 1,
    "teamId": 100,
    "championId": 102,
    "spell1": 14,
    "spell2": 4,
    "level": 30,
    "ipEarned": 68,
    "createDate": 1398243242594,
    "fellowPlayers": [
      {
        "summonerId": 41604957,
        "teamId": 200,
        "championId": 236
      },
      {
        "summonerId": 19575771,
        "teamId": 200,
        "championId": 12
      },
      {
        "summonerId": 33083700,
        "teamId": 100,
        "championId": 35
      },
      {
        "summonerId": 32306564,
        "teamId": 100,
        "championId": 89
      },
      {
        "summonerId": 24568112,
        "teamId": 200,
        "championId": 23
      },
      {
        "summonerId": 31424360,
        "teamId": 100,
        "championId": 43
      },
      {
        "summonerId": 29424842,
        "teamId": 100,
        "championId": 22
      },
      {
        "summonerId": 386298,
        "teamId": 200,
        "championId": 11
      },
      {
        "summonerId": 32093683,
        "teamId": 200,
        "championId": 55
      }
    ],
    "stats": {
      "level": 16,
      "goldEarned": 12313,
      "numDeaths": 6,
      "minionsKilled": 175,
      "championsKilled": 5,
      "goldSpent": 10610,
      "totalDamageDealt": 117063,
      "totalDamageTaken": 24391,
      "doubleKills": 1,
      "killingSprees": 1,
      "largestKillingSpree": 2,
      "team": 100,
      "win": false,
      "neutralMinionsKilled": 16,
      "largestMultiKill": 2,
      "physicalDamageDealtPlayer": 60102,
      "magicDamageDealtPlayer": 55603,
      "physicalDamageTaken": 18081,
      "magicDamageTaken": 3903,
      "timePlayed": 2273,
      "totalHeal": 5046,
      "totalUnitsHealed": 1,
      "assists": 10,
      "item0": 3153,
      "item1": 1055,
      "item2": 3068,
      "item3": 3260,
      "item4": 3077,
      "item5": 1055,
      "item6": 3340,
      "sightWardsBought": 3,
      "magicDamageDealtToChampions": 8702,
      "physicalDamageDealtToChampions": 10056,
      "totalDamageDealtToChampions": 19837,
      "trueDamageDealtPlayer": 1358,
      "trueDamageDealtToChampions": 1078,
      "trueDamageTaken": 2405,
      "wardPlaced": 9,
      "neutralMinionsKilledEnemyJungle": 4,
      "neutralMinionsKilledYourJungle": 12,
      "totalTimeCrowdControlDealt": 45
    }
  },
  "summonerCount": 10,
  "386298": {
    "gameId": 818168729,
    "invalid": false,
    "gameMode": "CLASSIC",
    "gameType": "MATCHED_GAME",
    "subType": "RANKED_SOLO_5x5",
    "mapId": 1,
    "teamId": 200,
    "championId": 11,
    "spell1": 4,
    "spell2": 11,
    "level": 30,
    "ipEarned": 253,
    "createDate": 1398243242595,
    "fellowPlayers": [
      {
        "summonerId": 41604957,
        "teamId": 200,
        "championId": 236
      },
      {
        "summonerId": 19575771,
        "teamId": 200,
        "championId": 12
      },
      {
        "summonerId": 33083700,
        "teamId": 100,
        "championId": 35
      },
      {
        "summonerId": 32306564,
        "teamId": 100,
        "championId": 89
      },
      {
        "summonerId": 24568112,
        "teamId": 200,
        "championId": 23
      },
      {
        "summonerId": 31613468,
        "teamId": 100,
        "championId": 102
      },
      {
        "summonerId": 31424360,
        "teamId": 100,
        "championId": 43
      },
      {
        "summonerId": 29424842,
        "teamId": 100,
        "championId": 22
      },
      {
        "summonerId": 32093683,
        "teamId": 200,
        "championId": 55
      }
    ],
    "stats": {
      "level": 18,
      "goldEarned": 17860,
      "numDeaths": 7,
      "turretsKilled": 1,
      "minionsKilled": 78,
      "championsKilled": 14,
      "goldSpent": 15800,
      "totalDamageDealt": 274748,
      "totalDamageTaken": 34517,
      "doubleKills": 2,
      "tripleKills": 1,
      "killingSprees": 3,
      "largestKillingSpree": 6,
      "team": 200,
      "win": true,
      "neutralMinionsKilled": 127,
      "largestMultiKill": 3,
      "physicalDamageDealtPlayer": 209544,
      "magicDamageDealtPlayer": 44412,
      "physicalDamageTaken": 26547,
      "magicDamageTaken": 7396,
      "largestCriticalStrike": 1066,
      "timePlayed": 2273,
      "totalHeal": 8933,
      "totalUnitsHealed": 1,
      "assists": 5,
      "item0": 3006,
      "item1": 3142,
      "item2": 3153,
      "item3": 3160,
      "item4": 3031,
      "item5": 3026,
      "item6": 3362,
      "magicDamageDealtToChampions": 1521,
      "physicalDamageDealtToChampions": 22275,
      "totalDamageDealtToChampions": 30154,
      "trueDamageDealtPlayer": 20791,
      "trueDamageDealtToChampions": 6358,
      "trueDamageTaken": 574,
      "wardPlaced": 6,
      "neutralMinionsKilledEnemyJungle": 15,
      "neutralMinionsKilledYourJungle": 112,
      "totalTimeCrowdControlDealt": 447
    }
  },
  "41604957": {
    "gameId": 818168729,
    "invalid": false,
    "gameMode": "CLASSIC",
    "gameType": "MATCHED_GAME",
    "subType": "RANKED_SOLO_5x5",
    "mapId": 1,
    "teamId": 200,
    "championId": 236,
    "spell1": 1,
    "spell2": 4,
    "level": 30,
    "ipEarned": 103,
    "createDate": 1398243242599,
    "fellowPlayers": [
      {
        "summonerId": 19575771,
        "teamId": 200,
        "championId": 12
      },
      {
        "summonerId": 33083700,
        "teamId": 100,
        "championId": 35
      },
      {
        "summonerId": 32306564,
        "teamId": 100,
        "championId": 89
      },
      {
        "summonerId": 24568112,
        "teamId": 200,
        "championId": 23
      },
      {
        "summonerId": 31613468,
        "teamId": 100,
        "championId": 102
      },
      {
        "summonerId": 31424360,
        "teamId": 100,
        "championId": 43
      },
      {
        "summonerId": 29424842,
        "teamId": 100,
        "championId": 22
      },
      {
        "summonerId": 386298,
        "teamId": 200,
        "championId": 11
      },
      {
        "summonerId": 32093683,
        "teamId": 200,
        "championId": 55
      }
    ],
    "stats": {
      "level": 17,
      "goldEarned": 14411,
      "numDeaths": 4,
      "barracksKilled": 1,
      "turretsKilled": 5,
      "minionsKilled": 238,
      "championsKilled": 7,
      "goldSpent": 13250,
      "totalDamageDealt": 160948,
      "totalDamageTaken": 16071,
      "doubleKills": 1,
      "killingSprees": 2,
      "largestKillingSpree": 4,
      "team": 200,
      "win": true,
      "neutralMinionsKilled": 9,
      "largestMultiKill": 2,
      "physicalDamageDealtPlayer": 144194,
      "magicDamageDealtPlayer": 16333,
      "physicalDamageTaken": 8114,
      "magicDamageTaken": 7929,
      "largestCriticalStrike": 652,
      "timePlayed": 2273,
      "totalHeal": 958,
      "totalUnitsHealed": 1,
      "assists": 7,
      "item0": 3072,
      "item1": 3252,
      "item2": 3046,
      "item3": 3035,
      "item4": 3026,
      "item6": 3340,
      "magicDamageDealtToChampions": 838,
      "physicalDamageDealtToChampions": 13970,
      "totalDamageDealtToChampions": 14808,
      "trueDamageDealtPlayer": 420,
      "trueDamageTaken": 28,
      "wardKilled": 3,
      "wardPlaced": 6,
      "neutralMinionsKilledEnemyJungle": 3,
      "neutralMinionsKilledYourJungle": 6,
      "totalTimeCrowdControlDealt": 31
    }
  },
  "32306564": {
    "gameId": 818168729,
    "invalid": false,
    "gameMode": "CLASSIC",
    "gameType": "MATCHED_GAME",
    "subType": "RANKED_SOLO_5x5",
    "mapId": 1,
    "teamId": 100,
    "championId": 89,
    "spell1": 4,
    "spell2": 3,
    "level": 30,
    "ipEarned": 68,
    "createDate": 1398243242591,
    "fellowPlayers": [
      {
        "summonerId": 41604957,
        "teamId": 200,
        "championId": 236
      },
      {
        "summonerId": 19575771,
        "teamId": 200,
        "championId": 12
      },
      {
        "summonerId": 33083700,
        "teamId": 100,
        "championId": 35
      },
      {
        "summonerId": 24568112,
        "teamId": 200,
        "championId": 23
      },
      {
        "summonerId": 31613468,
        "teamId": 100,
        "championId": 102
      },
      {
        "summonerId": 31424360,
        "teamId": 100,
        "championId": 43
      },
      {
        "summonerId": 29424842,
        "teamId": 100,
        "championId": 22
      },
      {
        "summonerId": 386298,
        "teamId": 200,
        "championId": 11
      },
      {
        "summonerId": 32093683,
        "teamId": 200,
        "championId": 55
      }
    ],
    "stats": {
      "level": 15,
      "goldEarned": 10052,
      "numDeaths": 6,
      "minionsKilled": 36,
      "championsKilled": 4,
      "goldSpent": 9860,
      "totalDamageDealt": 22999,
      "totalDamageTaken": 21767,
      "killingSprees": 2,
      "largestKillingSpree": 2,
      "team": 100,
      "win": false,
      "largestMultiKill": 1,
      "physicalDamageDealtPlayer": 6691,
      "magicDamageDealtPlayer": 12748,
      "physicalDamageTaken": 15206,
      "magicDamageTaken": 4947,
      "timePlayed": 2273,
      "totalHeal": 1247,
      "totalUnitsHealed": 3,
      "assists": 13,
      "item0": 3401,
      "item1": 2049,
      "item2": 2003,
      "item3": 3082,
      "item4": 3265,
      "item5": 3065,
      "item6": 3364,
      "sightWardsBought": 1,
      "visionWardsBought": 5,
      "magicDamageDealtToChampions": 5773,
      "physicalDamageDealtToChampions": 2007,
      "totalDamageDealtToChampions": 7780,
      "trueDamageDealtPlayer": 3559,
      "trueDamageTaken": 1614,
      "wardKilled": 5,
      "wardPlaced": 33,
      "totalTimeCrowdControlDealt": 71
    }
  },
  "24568112": {
    "gameId": 818168729,
    "invalid": false,
    "gameMode": "CLASSIC",
    "gameType": "MATCHED_GAME",
    "subType": "RANKED_SOLO_5x5",
    "mapId": 1,
    "teamId": 200,
    "championId": 23,
    "spell1": 14,
    "spell2": 6,
    "level": 30,
    "ipEarned": 103,
    "createDate": 1398243242597,
    "fellowPlayers": [
      {
        "summonerId": 41604957,
        "teamId": 200,
        "championId": 236
      },
      {
        "summonerId": 19575771,
        "teamId": 200,
        "championId": 12
      },
      {
        "summonerId": 33083700,
        "teamId": 100,
        "championId": 35
      },
      {
        "summonerId": 32306564,
        "teamId": 100,
        "championId": 89
      },
      {
        "summonerId": 31613468,
        "teamId": 100,
        "championId": 102
      },
      {
        "summonerId": 31424360,
        "teamId": 100,
        "championId": 43
      },
      {
        "summonerId": 29424842,
        "teamId": 100,
        "championId": 22
      },
      {
        "summonerId": 386298,
        "teamId": 200,
        "championId": 11
      },
      {
        "summonerId": 32093683,
        "teamId": 200,
        "championId": 55
      }
    ],
    "stats": {
      "level": 18,
      "goldEarned": 13331,
      "numDeaths": 6,
      "turretsKilled": 3,
      "minionsKilled": 196,
      "championsKilled": 3,
      "goldSpent": 11965,
      "totalDamageDealt": 194087,
      "totalDamageTaken": 40529,
      "killingSprees": 1,
      "largestKillingSpree": 2,
      "team": 200,
      "win": true,
      "neutralMinionsKilled": 44,
      "largestMultiKill": 1,
      "physicalDamageDealtPlayer": 176639,
      "magicDamageDealtPlayer": 15895,
      "physicalDamageTaken": 28175,
      "magicDamageTaken": 11677,
      "largestCriticalStrike": 641,
      "timePlayed": 2273,
      "totalHeal": 6986,
      "totalUnitsHealed": 1,
      "assists": 5,
      "item0": 3006,
      "item1": 3153,
      "item2": 3087,
      "item3": 1055,
      "item4": 3031,
      "item5": 1036,
      "item6": 3340,
      "sightWardsBought": 2,
      "magicDamageDealtToChampions": 751,
      "physicalDamageDealtToChampions": 11812,
      "totalDamageDealtToChampions": 14036,
      "trueDamageDealtPlayer": 1552,
      "trueDamageDealtToChampions": 1472,
      "trueDamageTaken": 676,
      "wardPlaced": 8,
      "neutralMinionsKilledEnemyJungle": 16,
      "neutralMinionsKilledYourJungle": 28,
      "totalTimeCrowdControlDealt": 101
    }
  },
  "31424360": {
    "gameId": 818168729,
    "invalid": false,
    "gameMode": "CLASSIC",
    "gameType": "MATCHED_GAME",
    "subType": "RANKED_SOLO_5x5",
    "mapId": 1,
    "teamId": 100,
    "championId": 43,
    "spell1": 4,
    "spell2": 7,
    "level": 30,
    "ipEarned": 68,
    "createDate": 1398243242592,
    "fellowPlayers": [
      {
        "summonerId": 41604957,
        "teamId": 200,
        "championId": 236
      },
      {
        "summonerId": 19575771,
        "teamId": 200,
        "championId": 12
      },
      {
        "summonerId": 33083700,
        "teamId": 100,
        "championId": 35
      },
      {
        "summonerId": 32306564,
        "teamId": 100,
        "championId": 89
      },
      {
        "summonerId": 24568112,
        "teamId": 200,
        "championId": 23
      },
      {
        "summonerId": 31613468,
        "teamId": 100,
        "championId": 102
      },
      {
        "summonerId": 29424842,
        "teamId": 100,
        "championId": 22
      },
      {
        "summonerId": 386298,
        "teamId": 200,
        "championId": 11
      },
      {
        "summonerId": 32093683,
        "teamId": 200,
        "championId": 55
      }
    ],
    "stats": {
      "level": 16,
      "goldEarned": 12559,
      "numDeaths": 8,
      "minionsKilled": 168,
      "championsKilled": 5,
      "goldSpent": 12850,
      "totalDamageDealt": 111230,
      "totalDamageTaken": 19199,
      "killingSprees": 2,
      "largestKillingSpree": 2,
      "team": 100,
      "win": false,
      "neutralMinionsKilled": 6,
      "largestMultiKill": 1,
      "physicalDamageDealtPlayer": 13071,
      "magicDamageDealtPlayer": 98095,
      "physicalDamageTaken": 10458,
      "magicDamageTaken": 6971,
      "timePlayed": 2273,
      "totalHeal": 2485,
      "totalUnitsHealed": 2,
      "assists": 15,
      "item0": 3174,
      "item1": 3089,
      "item2": 1026,
      "item3": 3151,
      "item4": 3020,
      "item5": 1011,
      "item6": 3340,
      "magicDamageDealtToChampions": 23432,
      "physicalDamageDealtToChampions": 1716,
      "totalDamageDealtToChampions": 25213,
      "trueDamageDealtPlayer": 64,
      "trueDamageDealtToChampions": 64,
      "trueDamageTaken": 1769,
      "wardKilled": 3,
      "wardPlaced": 2,
      "neutralMinionsKilledYourJungle": 6,
      "totalTimeCrowdControlDealt": 452
    }
  },
  "33083700": {
    "gameId": 818168729,
    "invalid": false,
    "gameMode": "CLASSIC",
    "gameType": "MATCHED_GAME",
    "subType": "RANKED_SOLO_5x5",
    "mapId": 1,
    "teamId": 100,
    "championId": 35,
    "spell1": 11,
    "spell2": 4,
    "level": 30,
    "ipEarned": 68,
    "createDate": 1398243242593,
    "fellowPlayers": [
      {
        "summonerId": 41604957,
        "teamId": 200,
        "championId": 236
      },
      {
        "summonerId": 19575771,
        "teamId": 200,
        "championId": 12
      },
      {
        "summonerId": 32306564,
        "teamId": 100,
        "championId": 89
      },
      {
        "summonerId": 24568112,
        "teamId": 200,
        "championId": 23
      },
      {
        "summonerId": 31613468,
        "teamId": 100,
        "championId": 102
      },
      {
        "summonerId": 31424360,
        "teamId": 100,
        "championId": 43
      },
      {
        "summonerId": 29424842,
        "teamId": 100,
        "championId": 22
      },
      {
        "summonerId": 386298,
        "teamId": 200,
        "championId": 11
      },
      {
        "summonerId": 32093683,
        "teamId": 200,
        "championId": 55
      }
    ],
    "stats": {
      "level": 18,
      "goldEarned": 12870,
      "numDeaths": 6,
      "minionsKilled": 77,
      "championsKilled": 6,
      "goldSpent": 12450,
      "totalDamageDealt": 179501,
      "totalDamageTaken": 25625,
      "killingSprees": 1,
      "largestKillingSpree": 3,
      "team": 100,
      "win": false,
      "neutralMinionsKilled": 91,
      "largestMultiKill": 1,
      "physicalDamageDealtPlayer": 95702,
      "magicDamageDealtPlayer": 69640,
      "physicalDamageTaken": 20109,
      "magicDamageTaken": 4571,
      "largestCriticalStrike": 666,
      "timePlayed": 2273,
      "totalHeal": 4390,
      "totalUnitsHealed": 1,
      "assists": 5,
      "item0": 3160,
      "item1": 3117,
      "item2": 3087,
      "item3": 3072,
      "item4": 3031,
      "item6": 3342,
      "magicDamageDealtToChampions": 8555,
      "physicalDamageDealtToChampions": 6176,
      "totalDamageDealtToChampions": 14871,
      "trueDamageDealtPlayer": 14158,
      "trueDamageDealtToChampions": 140,
      "trueDamageTaken": 944,
      "wardKilled": 2,
      "wardPlaced": 4,
      "neutralMinionsKilledEnemyJungle": 10,
      "neutralMinionsKilledYourJungle": 81,
      "totalTimeCrowdControlDealt": 1141
    }
  },
  "19575771": {
    "gameId": 818168729,
    "invalid": false,
    "gameMode": "CLASSIC",
    "gameType": "MATCHED_GAME",
    "subType": "RANKED_SOLO_5x5",
    "mapId": 1,
    "teamId": 200,
    "championId": 12,
    "spell1": 3,
    "spell2": 4,
    "level": 30,
    "ipEarned": 253,
    "createDate": 1398243242598,
    "fellowPlayers": [
      {
        "summonerId": 41604957,
        "teamId": 200,
        "championId": 236
      },
      {
        "summonerId": 33083700,
        "teamId": 100,
        "championId": 35
      },
      {
        "summonerId": 32306564,
        "teamId": 100,
        "championId": 89
      },
      {
        "summonerId": 24568112,
        "teamId": 200,
        "championId": 23
      },
      {
        "summonerId": 31613468,
        "teamId": 100,
        "championId": 102
      },
      {
        "summonerId": 31424360,
        "teamId": 100,
        "championId": 43
      },
      {
        "summonerId": 29424842,
        "teamId": 100,
        "championId": 22
      },
      {
        "summonerId": 386298,
        "teamId": 200,
        "championId": 11
      },
      {
        "summonerId": 32093683,
        "teamId": 200,
        "championId": 55
      }
    ],
    "stats": {
      "level": 16,
      "goldEarned": 10355,
      "numDeaths": 10,
      "minionsKilled": 24,
      "goldSpent": 7800,
      "totalDamageDealt": 23243,
      "totalDamageTaken": 35551,
      "team": 200,
      "win": true,
      "physicalDamageDealtPlayer": 3931,
      "magicDamageDealtPlayer": 19311,
      "physicalDamageTaken": 21331,
      "magicDamageTaken": 13295,
      "timePlayed": 2273,
      "totalHeal": 10624,
      "totalUnitsHealed": 31,
      "assists": 14,
      "item0": 3069,
      "item2": 2045,
      "item3": 3260,
      "item4": 1011,
      "item5": 1028,
      "item6": 3364,
      "sightWardsBought": 1,
      "visionWardsBought": 4,
      "magicDamageDealtToChampions": 3870,
      "physicalDamageDealtToChampions": 967,
      "totalDamageDealtToChampions": 4837,
      "trueDamageTaken": 924,
      "wardKilled": 6,
      "wardPlaced": 35,
      "totalTimeCrowdControlDealt": 147
    }
  },
  "32093683": {
    "gameId": 818168729,
    "invalid": false,
    "gameMode": "CLASSIC",
    "gameType": "MATCHED_GAME",
    "subType": "RANKED_SOLO_5x5",
    "mapId": 1,
    "teamId": 200,
    "championId": 55,
    "spell1": 4,
    "spell2": 14,
    "level": 30,
    "ipEarned": 253,
    "createDate": 1398243242601,
    "fellowPlayers": [
      {
        "summonerId": 41604957,
        "teamId": 200,
        "championId": 236
      },
      {
        "summonerId": 19575771,
        "teamId": 200,
        "championId": 12
      },
      {
        "summonerId": 33083700,
        "teamId": 100,
        "championId": 35
      },
      {
        "summonerId": 32306564,
        "teamId": 100,
        "championId": 89
      },
      {
        "summonerId": 24568112,
        "teamId": 200,
        "championId": 23
      },
      {
        "summonerId": 31613468,
        "teamId": 100,
        "championId": 102
      },
      {
        "summonerId": 31424360,
        "teamId": 100,
        "championId": 43
      },
      {
        "summonerId": 29424842,
        "teamId": 100,
        "championId": 22
      },
      {
        "summonerId": 386298,
        "teamId": 200,
        "championId": 11
      }
    ],
    "stats": {
      "level": 18,
      "goldEarned": 13466,
      "numDeaths": 6,
      "minionsKilled": 201,
      "championsKilled": 7,
      "goldSpent": 12445,
      "totalDamageDealt": 125740,
      "totalDamageTaken": 23158,
      "doubleKills": 1,
      "killingSprees": 2,
      "largestKillingSpree": 4,
      "team": 200,
      "win": true,
      "largestMultiKill": 2,
      "physicalDamageDealtPlayer": 12078,
      "magicDamageDealtPlayer": 113005,
      "physicalDamageTaken": 12005,
      "magicDamageTaken": 10787,
      "timePlayed": 2273,
      "totalHeal": 1323,
      "totalUnitsHealed": 1,
      "assists": 8,
      "item0": 3255,
      "item1": 3157,
      "item2": 3145,
      "item3": 3089,
      "item4": 3116,
      "item6": 3340,
      "magicDamageDealtToChampions": 19365,
      "physicalDamageDealtToChampions": 671,
      "totalDamageDealtToChampions": 20585,
      "trueDamageDealtPlayer": 656,
      "trueDamageDealtToChampions": 548,
      "trueDamageTaken": 366,
      "wardPlaced": 7,
      "totalTimeCrowdControlDealt": 556
    }
  },
  "31613468": {
    "gameId": 818168729,
    "invalid": false,
    "gameMode": "CLASSIC",
    "gameType": "MATCHED_GAME",
    "subType": "RANKED_SOLO_5x5",
    "mapId": 1,
    "teamId": 100,
    "championId": 102,
    "spell1": 14,
    "spell2": 4,
    "level": 30,
    "ipEarned": 68,
    "createDate": 1398243242594,
    "fellowPlayers": [
      {
        "summonerId": 41604957,
        "teamId": 200,
        "championId": 236
      },
      {
        "summonerId": 19575771,
        "teamId": 200,
        "championId": 12
      },
      {
        "summonerId": 33083700,
        "teamId": 100,
        "championId": 35
      },
      {
        "summonerId": 32306564,
        "teamId": 100,
        "championId": 89
      },
      {
        "summonerId": 24568112,
        "teamId": 200,
        "championId": 23
      },
      {
        "summonerId": 31424360,
        "teamId": 100,
        "championId": 43
      },
      {
        "summonerId": 29424842,
        "teamId": 100,
        "championId": 22
      },
      {
        "summonerId": 386298,
        "teamId": 200,
        "championId": 11
      },
      {
        "summonerId": 32093683,
        "teamId": 200,
        "championId": 55
      }
    ],
    "stats": {
      "level": 16,
      "goldEarned": 12313,
      "numDeaths": 6,
      "minionsKilled": 175,
      "championsKilled": 5,
      "goldSpent": 10610,
      "totalDamageDealt": 117063,
      "totalDamageTaken": 24391,
      "doubleKills": 1,
      "killingSprees": 1,
      "largestKillingSpree": 2,
      "team": 100,
      "win": false,
      "neutralMinionsKilled": 16,
      "largestMultiKill": 2,
      "physicalDamageDealtPlayer": 60102,
      "magicDamageDealtPlayer": 55603,
      "physicalDamageTaken": 18081,
      "magicDamageTaken": 3903,
      "timePlayed": 2273,
      "totalHeal": 5046,
      "totalUnitsHealed": 1,
      "assists": 10,
      "item0": 3153,
      "item1": 1055,
      "item2": 3068,
      "item3": 3260,
      "item4": 3077,
      "item5": 1055,
      "item6": 3340,
      "sightWardsBought": 3,
      "magicDamageDealtToChampions": 8702,
      "physicalDamageDealtToChampions": 10056,
      "totalDamageDealtToChampions": 19837,
      "trueDamageDealtPlayer": 1358,
      "trueDamageDealtToChampions": 1078,
      "trueDamageTaken": 2405,
      "wardPlaced": 9,
      "neutralMinionsKilledEnemyJungle": 4,
      "neutralMinionsKilledYourJungle": 12,
      "totalTimeCrowdControlDealt": 45
    }
  }
}