{
  "24954380": {
    "gameId": 818169705,
    "invalid": false,
    "gameMode": "CLASSIC",
    "gameType": "MATCHED_GAME",
    "subType": "RANKED_SOLO_5x5",
    "mapId": 1,
    "teamId": 100,
    "championId": 80,
    "spell1": 4,
    "spell2": 11,
    "level": 30,
    "ipEarned": 258,
    "createDate": 1398243754938,
    "fellowPlayers": [
      {
        "summonerId": 27552445,
        "teamId": 200,
        "championId": 59
      },
      {
        "summonerId": 31275997,
        "teamId": 200,
        "championId": 157
      },
      {
        "summonerId": 28998809,
        "teamId": 200,
        "championId": 44
      },
      {
        "summonerId": 36312497,
        "teamId": 100,
        "championId": 121
      },
      {
        "summonerId": 27165112,
        "teamId": 100,
        "championId": 29
      },
      {
        "summonerId": 38873144,
        "teamId": 100,
        "championId": 55
      },
      {
        "summonerId": 42338904,
        "teamId": 200,
        "championId": 24
      },
      {
        "summonerId": 36676224,
        "teamId": 100,
        "championId": 89
      },
      {
        "summonerId": 35733174,
        "teamId": 200,
        "championId": 222
      }
    ],
    "stats": {
      "level": 17,
      "goldEarned": 14002,
      "numDeaths": 7,
      "minionsKilled": 87,
      "championsKilled": 7,
      "goldSpent": 12865,
      "totalDamageDealt": 136848,
      "totalDamageTaken": 27181,
      "killingSprees": 2,
      "largestKillingSpree": 4,
      "team": 100,
      "win": true,
      "neutralMinionsKilled": 53,
      "largestMultiKill": 1,
      "physicalDamageDealtPlayer": 118268,
      "magicDamageDealtPlayer": 9276,
      "physicalDamageTaken": 21206,
      "magicDamageTaken": 4753,
      "largestCriticalStrike": 979,
      "timePlayed": 2380,
      "totalHeal": 2836,
      "totalUnitsHealed": 1,
      "assists": 16,
      "item0": 3143,
      "item1": 3117,
      "item2": 3071,
      "item3": 3025,
      "item4": 3207,
      "item5": 2043,
      "item6": 3341,
      "sightWardsBought": 6,
      "visionWardsBought": 4,
      "magicDamageDealtToChampions": 3938,
      "physicalDamageDealtToChampions": 12485,
      "totalDamageDealtToChampions": 17281,
      "trueDamageDealtPlayer": 9304,
      "trueDamageDealtToChampions": 858,
      "trueDamageTaken": 1222,
      "wardKilled": 2,
      "wardPlaced": 9,
      "neutralMinionsKilledEnemyJungle": 11,
      "neutralMinionsKilledYourJungle": 42,
      "totalTimeCrowdControlDealt": 694
    }
  },
  "summonerCount": 10,
  "31275997": {
    "gameId": 818169705,
    "invalid": false,
    "gameMode": "CLASSIC",
    "gameType": "MATCHED_GAME",
    "subType": "RANKED_SOLO_5x5",
    "mapId": 1,
    "teamId": 200,
    "championId": 157,
    "spell1": 14,
    "spell2": 4,
    "level": 30,
    "ipEarned": 71,
    "createDate": 1398243754939,
    "fellowPlayers": [
      {
        "summonerId": 27552445,
        "teamId": 200,
        "championId": 59
      },
      {
        "summonerId": 28998809,
        "teamId": 200,
        "championId": 44
      },
      {
        "summonerId": 36312497,
        "teamId": 100,
        "championId": 121
      },
      {
        "summonerId": 27165112,
        "teamId": 100,
        "championId": 29
      },
      {
        "summonerId": 38873144,
        "teamId": 100,
        "championId": 55
      },
      {
        "summonerId": 42338904,
        "teamId": 200,
        "championId": 24
      },
      {
        "summonerId": 36676224,
        "teamId": 100,
        "championId": 89
      },
      {
        "summonerId": 35733174,
        "teamId": 200,
        "championId": 222
      },
      {
        "summonerId": 24954380,
        "teamId": 100,
        "championId": 80
      }
    ],
    "stats": {
      "level": 17,
      "goldEarned": 15832,
      "numDeaths": 9,
      "minionsKilled": 231,
      "championsKilled": 13,
      "goldSpent": 15885,
      "totalDamageDealt": 215450,
      "totalDamageTaken": 25145,
      "doubleKills": 3,
      "killingSprees": 5,
      "largestKillingSpree": 3,
      "team": 200,
      "win": false,
      "neutralMinionsKilled": 37,
      "largestMultiKill": 2,
      "physicalDamageDealtPlayer": 171131,
      "magicDamageDealtPlayer": 42077,
      "physicalDamageTaken": 16202,
      "magicDamageTaken": 7383,
      "largestCriticalStrike": 633,
      "timePlayed": 2380,
      "totalHeal": 1817,
      "totalUnitsHealed": 1,
      "assists": 7,
      "item0": 3074,
      "item1": 3087,
      "item2": 3143,
      "item3": 3031,
      "item4": 3211,
      "item5": 3111,
      "item6": 3340,
      "magicDamageDealtToChampions": 5597,
      "physicalDamageDealtToChampions": 28223,
      "totalDamageDealtToChampions": 36063,
      "trueDamageDealtPlayer": 2242,
      "trueDamageDealtToChampions": 2242,
      "trueDamageTaken": 1560,
      "wardPlaced": 17,
      "neutralMinionsKilledEnemyJungle": 4,
      "neutralMinionsKilledYourJungle": 33,
      "totalTimeCrowdControlDealt": 168
    }
  },
  "35733174": {
    "gameId": 818169705,
    "invalid": false,
    "gameMode": "CLASSIC",
    "gameType": "MATCHED_GAME",
    "subType": "RANKED_SOLO_5x5",
    "mapId": 1,
    "teamId": 200,
    "championId": 222,
    "spell1": 4,
    "spell2": 7,
    "level": 30,
    "ipEarned": 71,
    "createDate": 1398243754940,
    "fellowPlayers": [
      {
        "summonerId": 27552445,
        "teamId": 200,
        "championId": 59
      },
      {
        "summonerId": 31275997,
        "teamId": 200,
        "championId": 157
      },
      {
        "summonerId": 28998809,
        "teamId": 200,
        "championId": 44
      },
      {
        "summonerId": 36312497,
        "teamId": 100,
        "championId": 121
      },
      {
        "summonerId": 27165112,
        "teamId": 100,
        "championId": 29
      },
      {
        "summonerId": 38873144,
        "teamId": 100,
        "championId": 55
      },
      {
        "summonerId": 42338904,
        "teamId": 200,
        "championId": 24
      },
      {
        "summonerId": 36676224,
        "teamId": 100,
        "championId": 89
      },
      {
        "summonerId": 24954380,
        "teamId": 100,
        "championId": 80
      }
    ],
    "stats": {
      "level": 15,
      "goldEarned": 12215,
      "numDeaths": 7,
      "turretsKilled": 2,
      "minionsKilled": 158,
      "championsKilled": 6,
      "goldSpent": 10408,
      "totalDamageDealt": 102364,
      "totalDamageTaken": 19701,
      "killingSprees": 1,
      "largestKillingSpree": 3,
      "team": 200,
      "win": false,
      "neutralMinionsKilled": 12,
      "largestMultiKill": 1,
      "physicalDamageDealtPlayer": 100728,
      "magicDamageDealtPlayer": 1576,
      "physicalDamageTaken": 14046,
      "magicDamageTaken": 4832,
      "largestCriticalStrike": 586,
      "timePlayed": 2380,
      "totalHeal": 2398,
      "totalUnitsHealed": 4,
      "assists": 11,
      "item0": 1055,
      "item1": 2003,
      "item2": 3072,
      "item3": 3250,
      "item4": 3078,
      "item5": 1038,
      "item6": 3340,
      "magicDamageDealtToChampions": 1337,
      "physicalDamageDealtToChampions": 17147,
      "totalDamageDealtToChampions": 18545,
      "trueDamageDealtPlayer": 60,
      "trueDamageDealtToChampions": 60,
      "trueDamageTaken": 823,
      "wardKilled": 1,
      "wardPlaced": 7,
      "neutralMinionsKilledEnemyJungle": 1,
      "neutralMinionsKilledYourJungle": 11,
      "totalTimeCrowdControlDealt": 75
    }
  },
  "36676224": {
    "gameId": 818169705,
    "invalid": false,
    "gameMode": "CLASSIC",
    "gameType": "MATCHED_GAME",
    "subType": "RANKED_SOLO_5x5",
    "mapId": 1,
    "teamId": 100,
    "championId": 89,
    "spell1": 4,
    "spell2": 3,
    "level": 30,
    "ipEarned": 108,
    "createDate": 1398243754937,
    "fellowPlayers": [
      {
        "summonerId": 27552445,
        "teamId": 200,
        "championId": 59
      },
      {
        "summonerId": 31275997,
        "teamId": 200,
        "championId": 157
      },
      {
        "summonerId": 28998809,
        "teamId": 200,
        "championId": 44
      },
      {
        "summonerId": 36312497,
        "teamId": 100,
        "championId": 121
      },
      {
        "summonerId": 27165112,
        "teamId": 100,
        "championId": 29
      },
      {
        "summonerId": 38873144,
        "teamId": 100,
        "championId": 55
      },
      {
        "summonerId": 42338904,
        "teamId": 200,
        "championId": 24
      },
      {
        "summonerId": 35733174,
        "teamId": 200,
        "championId": 222
      },
      {
        "summonerId": 24954380,
        "teamId": 100,
        "championId": 80
      }
    ],
    "stats": {
      "level": 16,
      "goldEarned": 12131,
      "numDeaths": 6,
      "minionsKilled": 57,
      "goldSpent": 10655,
      "totalDamageDealt": 41970,
      "totalDamageTaken": 29547,
      "team": 100,
      "win": true,
      "neutralMinionsKilled": 1,
      "physicalDamageDealtPlayer": 12195,
      "magicDamageDealtPlayer": 25188,
      "physicalDamageTaken": 24116,
      "magicDamageTaken": 4922,
      "timePlayed": 2380,
      "totalHeal": 2986,
      "totalUnitsHealed": 4,
      "assists": 26,
      "item0": 3190,
      "item1": 3401,
      "item2": 3143,
      "item3": 3111,
      "item4": 2049,
      "item6": 3340,
      "visionWardsBought": 2,
      "magicDamageDealtToChampions": 10378,
      "physicalDamageDealtToChampions": 3639,
      "totalDamageDealtToChampions": 14018,
      "trueDamageDealtPlayer": 4586,
      "trueDamageTaken": 508,
      "wardKilled": 1,
      "wardPlaced": 20,
      "neutralMinionsKilledEnemyJungle": 1,
      "totalTimeCrowdControlDealt": 194
    }
  },
  "38873144": {
    "gameId": 818169705,
    "invalid": false,
    "gameMode": "CLASSIC",
    "gameType": "MATCHED_GAME",
    "subType": "RANKED_SOLO_5x5",
    "mapId": 1,
    "teamId": 100,
    "championId": 55,
    "spell1": 12,
    "spell2": 4,
    "level": 30,
    "ipEarned": 108,
    "createDate": 1398243754934,
    "fellowPlayers": [
      {
        "summonerId": 27552445,
        "teamId": 200,
        "championId": 59
      },
      {
        "summonerId": 31275997,
        "teamId": 200,
        "championId": 157
      },
      {
        "summonerId": 28998809,
        "teamId": 200,
        "championId": 44
      },
      {
        "summonerId": 36312497,
        "teamId": 100,
        "championId": 121
      },
      {
        "summonerId": 27165112,
        "teamId": 100,
        "championId": 29
      },
      {
        "summonerId": 42338904,
        "teamId": 200,
        "championId": 24
      },
      {
        "summonerId": 36676224,
        "teamId": 100,
        "championId": 89
      },
      {
        "summonerId": 35733174,
        "teamId": 200,
        "championId": 222
      },
      {
        "summonerId": 24954380,
        "teamId": 100,
        "championId": 80
      }
    ],
    "stats": {
      "level": 18,
      "goldEarned": 16118,
      "numDeaths": 4,
      "barracksKilled": 1,
      "turretsKilled": 1,
      "minionsKilled": 191,
      "championsKilled": 13,
      "goldSpent": 13450,
      "totalDamageDealt": 179438,
      "totalDamageTaken": 22188,
      "doubleKills": 3,
      "tripleKills": 1,
      "quadraKills": 1,
      "pentaKills": 1,
      "killingSprees": 3,
      "largestKillingSpree": 5,
      "team": 100,
      "win": true,
      "neutralMinionsKilled": 26,
      "largestMultiKill": 5,
      "physicalDamageDealtPlayer": 24423,
      "magicDamageDealtPlayer": 154177,
      "physicalDamageTaken": 17865,
      "magicDamageTaken": 2922,
      "timePlayed": 2380,
      "totalHeal": 1154,
      "totalUnitsHealed": 1,
      "assists": 8,
      "item0": 3145,
      "item1": 3157,
      "item2": 3151,
      "item3": 3259,
      "item4": 3089,
      "item5": 1057,
      "item6": 3340,
      "sightWardsBought": 1,
      "magicDamageDealtToChampions": 30917,
      "physicalDamageDealtToChampions": 1236,
      "totalDamageDealtToChampions": 32617,
      "trueDamageDealtPlayer": 838,
      "trueDamageDealtToChampions": 464,
      "trueDamageTaken": 1400,
      "wardPlaced": 11,
      "neutralMinionsKilledEnemyJungle": 3,
      "neutralMinionsKilledYourJungle": 23,
      "totalTimeCrowdControlDealt": 57
    }
  },
  "27165112": {
    "gameId": 818169705,
    "invalid": false,
    "gameMode": "CLASSIC",
    "gameType": "MATCHED_GAME",
    "subType": "RANKED_SOLO_5x5",
    "mapId": 1,
    "teamId": 100,
    "championId": 29,
    "spell1": 7,
    "spell2": 4,
    "level": 30,
    "ipEarned": 108,
    "createDate": 1398243754935,
    "fellowPlayers": [
      {
        "summonerId": 27552445,
        "teamId": 200,
        "championId": 59
      },
      {
        "summonerId": 31275997,
        "teamId": 200,
        "championId": 157
      },
      {
        "summonerId": 28998809,
        "teamId": 200,
        "championId": 44
      },
      {
        "summonerId": 36312497,
        "teamId": 100,
        "championId": 121
      },
      {
        "summonerId": 38873144,
        "teamId": 100,
        "championId": 55
      },
      {
        "summonerId": 42338904,
        "teamId": 200,
        "championId": 24
      },
      {
        "summonerId": 36676224,
        "teamId": 100,
        "championId": 89
      },
      {
        "summonerId": 35733174,
        "teamId": 200,
        "championId": 222
      },
      {
        "summonerId": 24954380,
        "teamId": 100,
        "championId": 80
      }
    ],
    "stats": {
      "level": 18,
      "goldEarned": 15022,
      "numDeaths": 4,
      "turretsKilled": 2,
      "minionsKilled": 228,
      "championsKilled": 8,
      "goldSpent": 14955,
      "totalDamageDealt": 149933,
      "totalDamageTaken": 21261,
      "doubleKills": 1,
      "tripleKills": 1,
      "killingSprees": 1,
      "largestKillingSpree": 7,
      "team": 100,
      "win": true,
      "neutralMinionsKilled": 19,
      "largestMultiKill": 3,
      "physicalDamageDealtPlayer": 138872,
      "magicDamageDealtPlayer": 2003,
      "physicalDamageTaken": 16084,
      "magicDamageTaken": 4384,
      "largestCriticalStrike": 840,
      "timePlayed": 2380,
      "totalHeal": 4317,
      "totalUnitsHealed": 5,
      "assists": 14,
      "item0": 3131,
      "item1": 3046,
      "item2": 3250,
      "item3": 3031,
      "item4": 3072,
      "item5": 1037,
      "item6": 3340,
      "magicDamageDealtToChampions": 994,
      "physicalDamageDealtToChampions": 15511,
      "totalDamageDealtToChampions": 20060,
      "trueDamageDealtPlayer": 9058,
      "trueDamageDealtToChampions": 3554,
      "trueDamageTaken": 792,
      "wardPlaced": 6,
      "neutralMinionsKilledYourJungle": 19,
      "totalTimeCrowdControlDealt": 445
    }
  },
  "28998809": {
    "gameId": 818169705,
    "invalid": false,
    "gameMode": "CLASSIC",
    "gameType": "MATCHED_GAME",
    "subType": "RANKED_SOLO_5x5",
    "mapId": 1,
    "teamId": 200,
    "championId": 44,
    "spell1": 3,
    "spell2": 4,
    "level": 30,
    "ipEarned": 71,
    "createDate": 1398243754942,
    "fellowPlayers": [
      {
        "summonerId": 27552445,
        "teamId": 200,
        "championId": 59
      },
      {
        "summonerId": 31275997,
        "teamId": 200,
        "championId": 157
      },
      {
        "summonerId": 36312497,
        "teamId": 100,
        "championId": 121
      },
      {
        "summonerId": 27165112,
        "teamId": 100,
        "championId": 29
      },
      {
        "summonerId": 38873144,
        "teamId": 100,
        "championId": 55
      },
      {
        "summonerId": 42338904,
        "teamId": 200,
        "championId": 24
      },
      {
        "summonerId": 36676224,
        "teamId": 100,
        "championId": 89
      },
      {
        "summonerId": 35733174,
        "teamId": 200,
        "championId": 222
      },
      {
        "summonerId": 24954380,
        "teamId": 100,
        "championId": 80
      }
    ],
    "stats": {
      "level": 15,
      "goldEarned": 10241,
      "numDeaths": 7,
      "minionsKilled": 45,
      "championsKilled": 1,
      "goldSpent": 10030,
      "totalDamageDealt": 31516,
      "totalDamageTaken": 29058,
      "team": 200,
      "win": false,
      "largestMultiKill": 1,
      "physicalDamageDealtPlayer": 10070,
      "magicDamageDealtPlayer": 18084,
      "physicalDamageTaken": 14322,
      "magicDamageTaken": 13089,
      "timePlayed": 2380,
      "totalHeal": 8629,
      "totalUnitsHealed": 5,
      "assists": 18,
      "item0": 2045,
      "item1": 3401,
      "item2": 3110,
      "item3": 1011,
      "item4": 3111,
      "item5": 3082,
      "item6": 3340,
      "sightWardsBought": 2,
      "magicDamageDealtToChampions": 8706,
      "physicalDamageDealtToChampions": 3223,
      "totalDamageDealtToChampions": 11929,
      "trueDamageDealtPlayer": 3361,
      "trueDamageTaken": 1646,
      "wardKilled": 1,
      "wardPlaced": 29,
      "totalTimeCrowdControlDealt": 351
    }
  },
  "42338904": {
    "gameId": 818169705,
    "invalid": false,
    "gameMode": "CLASSIC",
    "gameType": "MATCHED_GAME",
    "subType": "RANKED_SOLO_5x5",
    "mapId": 1,
    "teamId": 200,
    "championId": 24,
    "spell1": 4,
    "spell2": 14,
    "level": 30,
    "ipEarned": 71,
    "createDate": 1398243754943,
    "fellowPlayers": [
      {
        "summonerId": 27552445,
        "teamId": 200,
        "championId": 59
      },
      {
        "summonerId": 31275997,
        "teamId": 200,
        "championId": 157
      },
      {
        "summonerId": 28998809,
        "teamId": 200,
        "championId": 44
      },
      {
        "summonerId": 36312497,
        "teamId": 100,
        "championId": 121
      },
      {
        "summonerId": 27165112,
        "teamId": 100,
        "championId": 29
      },
      {
        "summonerId": 38873144,
        "teamId": 100,
        "championId": 55
      },
      {
        "summonerId": 36676224,
        "teamId": 100,
        "championId": 89
      },
      {
        "summonerId": 35733174,
        "teamId": 200,
        "championId": 222
      },
      {
        "summonerId": 24954380,
        "teamId": 100,
        "championId": 80
      }
    ],
    "stats": {
      "level": 17,
      "goldEarned": 12455,
      "numDeaths": 8,
      "turretsKilled": 2,
      "minionsKilled": 184,
      "championsKilled": 5,
      "goldSpent": 11623,
      "totalDamageDealt": 124658,
      "totalDamageTaken": 29033,
      "killingSprees": 1,
      "largestKillingSpree": 2,
      "team": 200,
      "win": false,
      "neutralMinionsKilled": 19,
      "largestMultiKill": 1,
      "physicalDamageDealtPlayer": 103211,
      "magicDamageDealtPlayer": 18837,
      "physicalDamageTaken": 14943,
      "magicDamageTaken": 12786,
      "largestCriticalStrike": 389,
      "timePlayed": 2380,
      "totalHeal": 1385,
      "totalUnitsHealed": 1,
      "assists": 8,
      "item0": 3153,
      "item1": 3078,
      "item2": 3143,
      "item3": 3260,
      "item6": 3340,
      "magicDamageDealtToChampions": 3144,
      "physicalDamageDealtToChampions": 14582,
      "totalDamageDealtToChampions": 19688,
      "trueDamageDealtPlayer": 2610,
      "trueDamageDealtToChampions": 1962,
      "trueDamageTaken": 1304,
      "wardKilled": 2,
      "wardPlaced": 7,
      "neutralMinionsKilledYourJungle": 19,
      "totalTimeCrowdControlDealt": 388
    }
  },
  "27552445": {
    "gameId": 818169705,
    "invalid": false,
    "gameMode": "CLASSIC",
    "gameType": "MATCHED_GAME",
    "subType": "RANKED_SOLO_5x5",
    "mapId": 1,
    "teamId": 200,
    "championId": 59,
    "spell1": 11,
    "spell2": 4,
    "level": 30,
    "ipEarned": 71,
    "createDate": 1398243754941,
    "fellowPlayers": [
      {
        "summonerId": 31275997,
        "teamId": 200,
        "championId": 157
      },
      {
        "summonerId": 28998809,
        "teamId": 200,
        "championId": 44
      },
      {
        "summonerId": 36312497,
        "teamId": 100,
        "championId": 121
      },
      {
        "summonerId": 27165112,
        "teamId": 100,
        "championId": 29
      },
      {
        "summonerId": 38873144,
        "teamId": 100,
        "championId": 55
      },
      {
        "summonerId": 42338904,
        "teamId": 200,
        "championId": 24
      },
      {
        "summonerId": 36676224,
        "teamId": 100,
        "championId": 89
      },
      {
        "summonerId": 35733174,
        "teamId": 200,
        "championId": 222
      },
      {
        "summonerId": 24954380,
        "teamId": 100,
        "championId": 80
      }
    ],
    "stats": {
      "level": 18,
      "goldEarned": 12680,
      "numDeaths": 8,
      "minionsKilled": 72,
      "championsKilled": 1,
      "goldSpent": 11855,
      "totalDamageDealt": 179315,
      "totalDamageTaken": 30776,
      "team": 200,
      "win": false,
      "neutralMinionsKilled": 105,
      "largestMultiKill": 1,
      "physicalDamageDealtPlayer": 125752,
      "magicDamageDealtPlayer": 29544,
      "physicalDamageTaken": 19918,
      "magicDamageTaken": 10166,
      "timePlayed": 2380,
      "totalHeal": 7420,
      "totalUnitsHealed": 1,
      "assists": 16,
      "item0": 3143,
      "item1": 3065,
      "item2": 3209,
      "item3": 3047,
      "item4": 3068,
      "item6": 3341,
      "magicDamageDealtToChampions": 1148,
      "physicalDamageDealtToChampions": 5682,
      "totalDamageDealtToChampions": 7636,
      "trueDamageDealtPlayer": 24019,
      "trueDamageDealtToChampions": 805,
      "trueDamageTaken": 691,
      "wardPlaced": 9,
      "neutralMinionsKilledEnemyJungle": 7,
      "neutralMinionsKilledYourJungle": 98,
      "totalTimeCrowdControlDealt": 1107
    }
  },
  "24954380": {
    "gameId": 818169705,
    "invalid": false,
    "gameMode": "CLASSIC",
    "gameType": "MATCHED_GAME",
    "subType": "RANKED_SOLO_5x5",
    "mapId": 1,
    "teamId": 100,
    "championId": 80,
    "spell1": 4,
    "spell2": 11,
    "level": 30,
    "ipEarned": 258,
    "createDate": 1398243754938,
    "fellowPlayers": [
      {
        "summonerId": 27552445,
        "teamId": 200,
        "championId": 59
      },
      {
        "summonerId": 31275997,
        "teamId": 200,
        "championId": 157
      },
      {
        "summonerId": 28998809,
        "teamId": 200,
        "championId": 44
      },
      {
        "summonerId": 36312497,
        "teamId": 100,
        "championId": 121
      },
      {
        "summonerId": 27165112,
        "teamId": 100,
        "championId": 29
      },
      {
        "summonerId": 38873144,
        "teamId": 100,
        "championId": 55
      },
      {
        "summonerId": 42338904,
        "teamId": 200,
        "championId": 24
      },
      {
        "summonerId": 36676224,
        "teamId": 100,
        "championId": 89
      },
      {
        "summonerId": 35733174,
        "teamId": 200,
        "championId": 222
      }
    ],
    "stats": {
      "level": 17,
      "goldEarned": 14002,
      "numDeaths": 7,
      "minionsKilled": 87,
      "championsKilled": 7,
      "goldSpent": 12865,
      "totalDamageDealt": 136848,
      "totalDamageTaken": 27181,
      "killingSprees": 2,
      "largestKillingSpree": 4,
      "team": 100,
      "win": true,
      "neutralMinionsKilled": 53,
      "largestMultiKill": 1,
      "physicalDamageDealtPlayer": 118268,
      "magicDamageDealtPlayer": 9276,
      "physicalDamageTaken": 21206,
      "magicDamageTaken": 4753,
      "largestCriticalStrike": 979,
      "timePlayed": 2380,
      "totalHeal": 2836,
      "totalUnitsHealed": 1,
      "assists": 16,
      "item0": 3143,
      "item1": 3117,
      "item2": 3071,
      "item3": 3025,
      "item4": 3207,
      "item5": 2043,
      "item6": 3341,
      "sightWardsBought": 6,
      "visionWardsBought": 4,
      "magicDamageDealtToChampions": 3938,
      "physicalDamageDealtToChampions": 12485,
      "totalDamageDealtToChampions": 17281,
      "trueDamageDealtPlayer": 9304,
      "trueDamageDealtToChampions": 858,
      "trueDamageTaken": 1222,
      "wardKilled": 2,
      "wardPlaced": 9,
      "neutralMinionsKilledEnemyJungle": 11,
      "neutralMinionsKilledYourJungle": 42,
      "totalTimeCrowdControlDealt": 694
    }
  }
}