{
  "30193071": {
    "gameId": 818168831,
    "invalid": false,
    "gameMode": "CLASSIC",
    "gameType": "MATCHED_GAME",
    "subType": "RANKED_SOLO_5x5",
    "mapId": 1,
    "teamId": 200,
    "championId": 222,
    "spell1": 4,
    "spell2": 7,
    "level": 30,
    "ipEarned": 96,
    "createDate": 1398243005457,
    "fellowPlayers": [
      {
        "summonerId": 25885910,
        "teamId": 100,
        "championId": 75
      },
      {
        "summonerId": 24269060,
        "teamId": 100,
        "championId": 267
      },
      {
        "summonerId": 24233650,
        "teamId": 100,
        "championId": 236
      },
      {
        "summonerId": 34228914,
        "teamId": 200,
        "championId": 13
      },
      {
        "summonerId": 25164671,
        "teamId": 200,
        "championId": 55
      },
      {
        "summonerId": 26973646,
        "teamId": 100,
        "championId": 157
      },
      {
        "summonerId": 30420587,
        "teamId": 200,
        "championId": 64
      },
      {
        "summonerId": 22841546,
        "teamId": 200,
        "championId": 53
      },
      {
        "summonerId": 32206067,
        "teamId": 100,
        "championId": 56
      }
    ],
    "stats": {
      "level": 17,
      "goldEarned": 13817,
      "numDeaths": 5,
      "barracksKilled": 3,
      "turretsKilled": 4,
      "minionsKilled": 215,
      "championsKilled": 6,
      "goldSpent": 10375,
      "totalDamageDealt": 156410,
      "totalDamageTaken": 21886,
      "doubleKills": 1,
      "killingSprees": 1,
      "largestKillingSpree": 5,
      "team": 200,
      "win": true,
      "neutralMinionsKilled": 14,
      "largestMultiKill": 2,
      "physicalDamageDealtPlayer": 145899,
      "magicDamageDealtPlayer": 9184,
      "physicalDamageTaken": 16835,
      "magicDamageTaken": 4942,
      "largestCriticalStrike": 572,
      "timePlayed": 2099,
      "totalHeal": 2660,
      "totalUnitsHealed": 2,
      "assists": 5,
      "item0": 3035,
      "item1": 3072,
      "item2": 3250,
      "item3": 3087,
      "item6": 3340,
      "magicDamageDealtToChampions": 1157,
      "physicalDamageDealtToChampions": 14349,
      "totalDamageDealtToChampions": 16110,
      "trueDamageDealtPlayer": 1326,
      "trueDamageDealtToChampions": 604,
      "trueDamageTaken": 108,
      "wardKilled": 1,
      "wardPlaced": 4,
      "neutralMinionsKilledEnemyJungle": 1,
      "neutralMinionsKilledYourJungle": 13,
      "totalTimeCrowdControlDealt": 155
    }
  },
  "summonerCount": 10,
  "24233650": {
    "gameId": 818168831,
    "invalid": false,
    "gameMode": "CLASSIC",
    "gameType": "MATCHED_GAME",
    "subType": "RANKED_SOLO_5x5",
    "mapId": 1,
    "teamId": 100,
    "championId": 236,
    "spell1": 4,
    "spell2": 7,
    "level": 30,
    "ipEarned": 64,
    "createDate": 1398243005453,
    "fellowPlayers": [
      {
        "summonerId": 25885910,
        "teamId": 100,
        "championId": 75
      },
      {
        "summonerId": 24269060,
        "teamId": 100,
        "championId": 267
      },
      {
        "summonerId": 34228914,
        "teamId": 200,
        "championId": 13
      },
      {
        "summonerId": 25164671,
        "teamId": 200,
        "championId": 55
      },
      {
        "summonerId": 26973646,
        "teamId": 100,
        "championId": 157
      },
      {
        "summonerId": 30193071,
        "teamId": 200,
        "championId": 222
      },
      {
        "summonerId": 30420587,
        "teamId": 200,
        "championId": 64
      },
      {
        "summonerId": 22841546,
        "teamId": 200,
        "championId": 53
      },
      {
        "summonerId": 32206067,
        "teamId": 100,
        "championId": 56
      }
    ],
    "stats": {
      "level": 17,
      "goldEarned": 12903,
      "numDeaths": 5,
      "turretsKilled": 3,
      "minionsKilled": 227,
      "championsKilled": 4,
      "goldSpent": 12738,
      "totalDamageDealt": 178140,
      "totalDamageTaken": 27965,
      "killingSprees": 1,
      "largestKillingSpree": 2,
      "team": 100,
      "win": false,
      "neutralMinionsKilled": 25,
      "largestMultiKill": 1,
      "physicalDamageDealtPlayer": 159557,
      "magicDamageDealtPlayer": 18184,
      "physicalDamageTaken": 16467,
      "magicDamageTaken": 10908,
      "largestCriticalStrike": 525,
      "timePlayed": 2099,
      "totalHeal": 2629,
      "totalUnitsHealed": 3,
      "assists": 10,
      "item0": 3072,
      "item1": 3153,
      "item2": 3078,
      "item3": 3250,
      "item6": 3340,
      "magicDamageDealtToChampions": 2708,
      "physicalDamageDealtToChampions": 19408,
      "totalDamageDealtToChampions": 22155,
      "trueDamageDealtPlayer": 398,
      "trueDamageDealtToChampions": 38,
      "trueDamageTaken": 590,
      "wardKilled": 1,
      "wardPlaced": 10,
      "neutralMinionsKilledEnemyJungle": 1,
      "neutralMinionsKilledYourJungle": 24,
      "totalTimeCrowdControlDealt": 213
    }
  },
  "25164671": {
    "gameId": 818168831,
    "invalid": false,
    "gameMode": "CLASSIC",
    "gameType": "MATCHED_GAME",
    "subType": "RANKED_SOLO_5x5",
    "mapId": 1,
    "teamId": 200,
    "championId": 55,
    "spell1": 4,
    "spell2": 14,
    "level": 30,
    "ipEarned": 246,
    "createDate": 1398243005458,
    "fellowPlayers": [
      {
        "summonerId": 25885910,
        "teamId": 100,
        "championId": 75
      },
      {
        "summonerId": 24269060,
        "teamId": 100,
        "championId": 267
      },
      {
        "summonerId": 24233650,
        "teamId": 100,
        "championId": 236
      },
      {
        "summonerId": 34228914,
        "teamId": 200,
        "championId": 13
      },
      {
        "summonerId": 26973646,
        "teamId": 100,
        "championId": 157
      },
      {
        "summonerId": 30193071,
        "teamId": 200,
        "championId": 222
      },
      {
        "summonerId": 30420587,
        "teamId": 200,
        "championId": 64
      },
      {
        "summonerId": 22841546,
        "teamId": 200,
        "championId": 53
      },
      {
        "summonerId": 32206067,
        "teamId": 100,
        "championId": 56
      }
    ],
    "stats": {
      "level": 18,
      "goldEarned": 15074,
      "numDeaths": 5,
      "minionsKilled": 199,
      "championsKilled": 14,
      "goldSpent": 12730,
      "totalDamageDealt": 145100,
      "totalDamageTaken": 24288,
      "doubleKills": 2,
      "killingSprees": 3,
      "largestKillingSpree": 5,
      "team": 200,
      "win": true,
      "neutralMinionsKilled": 4,
      "largestMultiKill": 2,
      "physicalDamageDealtPlayer": 14377,
      "magicDamageDealtPlayer": 129802,
      "physicalDamageTaken": 19110,
      "magicDamageTaken": 5001,
      "timePlayed": 2099,
      "totalHeal": 2612,
      "totalUnitsHealed": 1,
      "assists": 9,
      "item0": 3157,
      "item1": 3128,
      "item2": 3136,
      "item3": 3255,
      "item4": 3145,
      "item5": 3144,
      "item6": 3340,
      "magicDamageDealtToChampions": 37738,
      "physicalDamageDealtToChampions": 801,
      "totalDamageDealtToChampions": 39319,
      "trueDamageDealtPlayer": 920,
      "trueDamageDealtToChampions": 780,
      "trueDamageTaken": 176,
      "wardPlaced": 7,
      "neutralMinionsKilledYourJungle": 4,
      "totalTimeCrowdControlDealt": 36
    }
  },
  "34228914": {
    "gameId": 818168831,
    "invalid": false,
    "gameMode": "CLASSIC",
    "gameType": "MATCHED_GAME",
    "subType": "RANKED_SOLO_5x5",
    "mapId": 1,
    "teamId": 200,
    "championId": 13,
    "spell1": 4,
    "spell2": 12,
    "level": 30,
    "ipEarned": 96,
    "createDate": 1398243005460,
    "fellowPlayers": [
      {
        "summonerId": 25885910,
        "teamId": 100,
        "championId": 75
      },
      {
        "summonerId": 24269060,
        "teamId": 100,
        "championId": 267
      },
      {
        "summonerId": 24233650,
        "teamId": 100,
        "championId": 236
      },
      {
        "summonerId": 25164671,
        "teamId": 200,
        "championId": 55
      },
      {
        "summonerId": 26973646,
        "teamId": 100,
        "championId": 157
      },
      {
        "summonerId": 30193071,
        "teamId": 200,
        "championId": 222
      },
      {
        "summonerId": 30420587,
        "teamId": 200,
        "championId": 64
      },
      {
        "summonerId": 22841546,
        "teamId": 200,
        "championId": 53
      },
      {
        "summonerId": 32206067,
        "teamId": 100,
        "championId": 56
      }
    ],
    "stats": {
      "level": 18,
      "goldEarned": 13977,
      "numDeaths": 1,
      "turretsKilled": 3,
      "minionsKilled": 259,
      "championsKilled": 6,
      "goldSpent": 14160,
      "totalDamageDealt": 175317,
      "totalDamageTaken": 18126,
      "killingSprees": 2,
      "largestKillingSpree": 4,
      "team": 200,
      "win": true,
      "neutralMinionsKilled": 5,
      "largestMultiKill": 1,
      "physicalDamageDealtPlayer": 28676,
      "magicDamageDealtPlayer": 146641,
      "physicalDamageTaken": 13714,
      "magicDamageTaken": 4367,
      "timePlayed": 2099,
      "totalHeal": 220,
      "totalUnitsHealed": 1,
      "assists": 5,
      "item0": 3040,
      "item1": 3211,
      "item2": 3110,
      "item3": 3020,
      "item4": 3027,
      "item5": 1028,
      "item6": 3340,
      "sightWardsBought": 1,
      "visionWardsBought": 1,
      "magicDamageDealtToChampions": 20605,
      "physicalDamageDealtToChampions": 2893,
      "totalDamageDealtToChampions": 23498,
      "trueDamageTaken": 45,
      "wardPlaced": 12,
      "neutralMinionsKilledEnemyJungle": 5,
      "totalTimeCrowdControlDealt": 1412
    }
  },
  "30420587": {
    "gameId": 818168831,
    "invalid": false,
    "gameMode": "CLASSIC",
    "gameType": "MATCHED_GAME",
    "subType": "RANKED_SOLO_5x5",
    "mapId": 1,
    "teamId": 200,
    "championId": 64,
    "spell1": 4,
    "spell2": 11,
    "level": 30,
    "ipEarned": 96,
    "createDate": 1398243005461,
    "fellowPlayers": [
      {
        "summonerId": 25885910,
        "teamId": 100,
        "championId": 75
      },
      {
        "summonerId": 24269060,
        "teamId": 100,
        "championId": 267
      },
      {
        "summonerId": 24233650,
        "teamId": 100,
        "championId": 236
      },
      {
        "summonerId": 34228914,
        "teamId": 200,
        "championId": 13
      },
      {
        "summonerId": 25164671,
        "teamId": 200,
        "championId": 55
      },
      {
        "summonerId": 26973646,
        "teamId": 100,
        "championId": 157
      },
      {
        "summonerId": 30193071,
        "teamId": 200,
        "championId": 222
      },
      {
        "summonerId": 22841546,
        "teamId": 200,
        "championId": 53
      },
      {
        "summonerId": 32206067,
        "teamId": 100,
        "championId": 56
      }
    ],
    "stats": {
      "level": 18,
      "goldEarned": 13752,
      "numDeaths": 2,
      "turretsKilled": 1,
      "minionsKilled": 26,
      "championsKilled": 7,
      "goldSpent": 10960,
      "totalDamageDealt": 157023,
      "totalDamageTaken": 28453,
      "killingSprees": 2,
      "largestKillingSpree": 5,
      "team": 200,
      "win": true,
      "neutralMinionsKilled": 102,
      "largestMultiKill": 1,
      "physicalDamageDealtPlayer": 106516,
      "magicDamageDealtPlayer": 31397,
      "physicalDamageTaken": 22889,
      "magicDamageTaken": 5140,
      "timePlayed": 2099,
      "totalHeal": 4253,
      "totalUnitsHealed": 1,
      "assists": 12,
      "item0": 3209,
      "item1": 2045,
      "item2": 3117,
      "item3": 3071,
      "item4": 3072,
      "item6": 3341,
      "sightWardsBought": 2,
      "magicDamageDealtToChampions": 3246,
      "physicalDamageDealtToChampions": 11504,
      "totalDamageDealtToChampions": 16155,
      "trueDamageDealtPlayer": 19109,
      "trueDamageDealtToChampions": 1403,
      "trueDamageTaken": 423,
      "wardPlaced": 19,
      "neutralMinionsKilledEnemyJungle": 9,
      "neutralMinionsKilledYourJungle": 93,
      "totalTimeCrowdControlDealt": 989
    }
  },
  "24269060": {
    "gameId": 818168831,
    "invalid": false,
    "gameMode": "CLASSIC",
    "gameType": "MATCHED_GAME",
    "subType": "RANKED_SOLO_5x5",
    "mapId": 1,
    "teamId": 100,
    "championId": 267,
    "spell1": 3,
    "spell2": 4,
    "level": 30,
    "ipEarned": 64,
    "createDate": 1398243005455,
    "fellowPlayers": [
      {
        "summonerId": 25885910,
        "teamId": 100,
        "championId": 75
      },
      {
        "summonerId": 24233650,
        "teamId": 100,
        "championId": 236
      },
      {
        "summonerId": 34228914,
        "teamId": 200,
        "championId": 13
      },
      {
        "summonerId": 25164671,
        "teamId": 200,
        "championId": 55
      },
      {
        "summonerId": 26973646,
        "teamId": 100,
        "championId": 157
      },
      {
        "summonerId": 30193071,
        "teamId": 200,
        "championId": 222
      },
      {
        "summonerId": 30420587,
        "teamId": 200,
        "championId": 64
      },
      {
        "summonerId": 22841546,
        "teamId": 200,
        "championId": 53
      },
      {
        "summonerId": 32206067,
        "teamId": 100,
        "championId": 56
      }
    ],
    "stats": {
      "level": 14,
      "goldEarned": 9507,
      "numDeaths": 6,
      "minionsKilled": 9,
      "championsKilled": 2,
      "goldSpent": 8835,
      "totalDamageDealt": 21100,
      "totalDamageTaken": 15813,
      "killingSprees": 1,
      "largestKillingSpree": 2,
      "team": 100,
      "win": false,
      "largestMultiKill": 1,
      "physicalDamageDealtPlayer": 3586,
      "magicDamageDealtPlayer": 17410,
      "physicalDamageTaken": 5828,
      "magicDamageTaken": 9702,
      "timePlayed": 2099,
      "totalHeal": 8692,
      "totalUnitsHealed": 4,
      "assists": 9,
      "item0": 3028,
      "item1": 3020,
      "item2": 2049,
      "item3": 3092,
      "item5": 3143,
      "item6": 3363,
      "sightWardsBought": 1,
      "visionWardsBought": 2,
      "magicDamageDealtToChampions": 11770,
      "physicalDamageDealtToChampions": 1750,
      "totalDamageDealtToChampions": 13572,
      "trueDamageDealtPlayer": 104,
      "trueDamageDealtToChampions": 52,
      "trueDamageTaken": 282,
      "wardPlaced": 22,
      "totalTimeCrowdControlDealt": 215
    }
  },
  "22841546": {
    "gameId": 818168831,
    "invalid": false,
    "gameMode": "CLASSIC",
    "gameType": "MATCHED_GAME",
    "subType": "RANKED_SOLO_5x5",
    "mapId": 1,
    "teamId": 200,
    "championId": 53,
    "spell1": 3,
    "spell2": 4,
    "level": 30,
    "ipEarned": 96,
    "createDate": 1398243005462,
    "fellowPlayers": [
      {
        "summonerId": 25885910,
        "teamId": 100,
        "championId": 75
      },
      {
        "summonerId": 24269060,
        "teamId": 100,
        "championId": 267
      },
      {
        "summonerId": 24233650,
        "teamId": 100,
        "championId": 236
      },
      {
        "summonerId": 34228914,
        "teamId": 200,
        "championId": 13
      },
      {
        "summonerId": 25164671,
        "teamId": 200,
        "championId": 55
      },
      {
        "summonerId": 26973646,
        "teamId": 100,
        "championId": 157
      },
      {
        "summonerId": 30193071,
        "teamId": 200,
        "championId": 222
      },
      {
        "summonerId": 30420587,
        "teamId": 200,
        "championId": 64
      },
      {
        "summonerId": 32206067,
        "teamId": 100,
        "championId": 56
      }
    ],
    "stats": {
      "level": 15,
      "goldEarned": 9390,
      "numDeaths": 4,
      "turretsKilled": 1,
      "minionsKilled": 18,
      "championsKilled": 2,
      "goldSpent": 7100,
      "totalDamageDealt": 21611,
      "totalDamageTaken": 21324,
      "team": 200,
      "win": true,
      "largestMultiKill": 1,
      "physicalDamageDealtPlayer": 8244,
      "magicDamageDealtPlayer": 13366,
      "physicalDamageTaken": 14977,
      "magicDamageTaken": 6165,
      "timePlayed": 2099,
      "totalHeal": 785,
      "totalUnitsHealed": 1,
      "assists": 10,
      "item0": 3301,
      "item1": 2045,
      "item2": 3047,
      "item3": 3075,
      "item4": 3024,
      "item5": 1052,
      "item6": 3340,
      "sightWardsBought": 1,
      "visionWardsBought": 3,
      "magicDamageDealtToChampions": 7567,
      "physicalDamageDealtToChampions": 3480,
      "totalDamageDealtToChampions": 11047,
      "trueDamageTaken": 182,
      "wardKilled": 2,
      "wardPlaced": 26,
      "totalTimeCrowdControlDealt": 52
    }
  },
  "32206067": {
    "gameId": 818168831,
    "invalid": false,
    "gameMode": "CLASSIC",
    "gameType": "MATCHED_GAME",
    "subType": "RANKED_SOLO_5x5",
    "mapId": 1,
    "teamId": 100,
    "championId": 56,
    "spell1": 11,
    "spell2": 4,
    "level": 30,
    "ipEarned": 64,
    "createDate": 1398243005456,
    "fellowPlayers": [
      {
        "summonerId": 25885910,
        "teamId": 100,
        "championId": 75
      },
      {
        "summonerId": 24269060,
        "teamId": 100,
        "championId": 267
      },
      {
        "summonerId": 24233650,
        "teamId": 100,
        "championId": 236
      },
      {
        "summonerId": 34228914,
        "teamId": 200,
        "championId": 13
      },
      {
        "summonerId": 25164671,
        "teamId": 200,
        "championId": 55
      },
      {
        "summonerId": 26973646,
        "teamId": 100,
        "championId": 157
      },
      {
        "summonerId": 30193071,
        "teamId": 200,
        "championId": 222
      },
      {
        "summonerId": 30420587,
        "teamId": 200,
        "championId": 64
      },
      {
        "summonerId": 22841546,
        "teamId": 200,
        "championId": 53
      }
    ],
    "stats": {
      "level": 16,
      "goldEarned": 11159,
      "numDeaths": 8,
      "minionsKilled": 42,
      "championsKilled": 7,
      "goldSpent": 10955,
      "totalDamageDealt": 149985,
      "totalDamageTaken": 35667,
      "doubleKills": 1,
      "killingSprees": 2,
      "largestKillingSpree": 3,
      "team": 100,
      "win": false,
      "neutralMinionsKilled": 93,
      "largestMultiKill": 2,
      "physicalDamageDealtPlayer": 112914,
      "magicDamageDealtPlayer": 24325,
      "physicalDamageTaken": 21699,
      "magicDamageTaken": 12879,
      "timePlayed": 2099,
      "totalHeal": 5295,
      "totalUnitsHealed": 1,
      "assists": 5,
      "item0": 1001,
      "item1": 3074,
      "item2": 3143,
      "item3": 3160,
      "item4": 3211,
      "item5": 3067,
      "item6": 3341,
      "magicDamageDealtToChampions": 3153,
      "physicalDamageDealtToChampions": 14207,
      "totalDamageDealtToChampions": 17744,
      "trueDamageDealtPlayer": 12745,
      "trueDamageDealtToChampions": 383,
      "trueDamageTaken": 1088,
      "wardKilled": 4,
      "wardPlaced": 4,
      "neutralMinionsKilledEnemyJungle": 4,
      "neutralMinionsKilledYourJungle": 89,
      "totalTimeCrowdControlDealt": 327
    }
  },
  "26973646": {
    "gameId": 818168831,
    "invalid": false,
    "gameMode": "CLASSIC",
    "gameType": "MATCHED_GAME",
    "subType": "RANKED_SOLO_5x5",
    "mapId": 1,
    "teamId": 100,
    "championId": 157,
    "spell1": 7,
    "spell2": 4,
    "level": 30,
    "ipEarned": 64,
    "createDate": 1398243005454,
    "fellowPlayers": [
      {
        "summonerId": 25885910,
        "teamId": 100,
        "championId": 75
      },
      {
        "summonerId": 24269060,
        "teamId": 100,
        "championId": 267
      },
      {
        "summonerId": 24233650,
        "teamId": 100,
        "championId": 236
      },
      {
        "summonerId": 34228914,
        "teamId": 200,
        "championId": 13
      },
      {
        "summonerId": 25164671,
        "teamId": 200,
        "championId": 55
      },
      {
        "summonerId": 30193071,
        "teamId": 200,
        "championId": 222
      },
      {
        "summonerId": 30420587,
        "teamId": 200,
        "championId": 64
      },
      {
        "summonerId": 22841546,
        "teamId": 200,
        "championId": 53
      },
      {
        "summonerId": 32206067,
        "teamId": 100,
        "championId": 56
      }
    ],
    "stats": {
      "level": 15,
      "goldEarned": 10757,
      "numDeaths": 11,
      "minionsKilled": 192,
      "championsKilled": 2,
      "goldSpent": 10150,
      "totalDamageDealt": 131858,
      "totalDamageTaken": 27185,
      "killingSprees": 1,
      "largestKillingSpree": 2,
      "team": 100,
      "win": false,
      "neutralMinionsKilled": 9,
      "largestMultiKill": 1,
      "physicalDamageDealtPlayer": 100154,
      "magicDamageDealtPlayer": 31529,
      "physicalDamageTaken": 9231,
      "magicDamageTaken": 17421,
      "largestCriticalStrike": 477,
      "timePlayed": 2099,
      "totalHeal": 4270,
      "totalUnitsHealed": 2,
      "assists": 7,
      "item0": 1055,
      "item1": 3087,
      "item2": 3265,
      "item3": 3031,
      "item4": 3082,
      "item5": 2003,
      "item6": 3340,
      "magicDamageDealtToChampions": 3984,
      "physicalDamageDealtToChampions": 10260,
      "totalDamageDealtToChampions": 14361,
      "trueDamageDealtPlayer": 174,
      "trueDamageDealtToChampions": 116,
      "trueDamageTaken": 532,
      "wardPlaced": 13,
      "neutralMinionsKilledEnemyJungle": 1,
      "neutralMinionsKilledYourJungle": 8,
      "totalTimeCrowdControlDealt": 185
    }
  },
  "30193071": {
    "gameId": 818168831,
    "invalid": false,
    "gameMode": "CLASSIC",
    "gameType": "MATCHED_GAME",
    "subType": "RANKED_SOLO_5x5",
    "mapId": 1,
    "teamId": 200,
    "championId": 222,
    "spell1": 4,
    "spell2": 7,
    "level": 30,
    "ipEarned": 96,
    "createDate": 1398243005457,
    "fellowPlayers": [
      {
        "summonerId": 25885910,
        "teamId": 100,
        "championId": 75
      },
      {
        "summonerId": 24269060,
        "teamId": 100,
        "championId": 267
      },
      {
        "summonerId": 24233650,
        "teamId": 100,
        "championId": 236
      },
      {
        "summonerId": 34228914,
        "teamId": 200,
        "championId": 13
      },
      {
        "summonerId": 25164671,
        "teamId": 200,
        "championId": 55
      },
      {
        "summonerId": 26973646,
        "teamId": 100,
        "championId": 157
      },
      {
        "summonerId": 30420587,
        "teamId": 200,
        "championId": 64
      },
      {
        "summonerId": 22841546,
        "teamId": 200,
        "championId": 53
      },
      {
        "summonerId": 32206067,
        "teamId": 100,
        "championId": 56
      }
    ],
    "stats": {
      "level": 17,
      "goldEarned": 13817,
      "numDeaths": 5,
      "barracksKilled": 3,
      "turretsKilled": 4,
      "minionsKilled": 215,
      "championsKilled": 6,
      "goldSpent": 10375,
      "totalDamageDealt": 156410,
      "totalDamageTaken": 21886,
      "doubleKills": 1,
      "killingSprees": 1,
      "largestKillingSpree": 5,
      "team": 200,
      "win": true,
      "neutralMinionsKilled": 14,
      "largestMultiKill": 2,
      "physicalDamageDealtPlayer": 145899,
      "magicDamageDealtPlayer": 9184,
      "physicalDamageTaken": 16835,
      "magicDamageTaken": 4942,
      "largestCriticalStrike": 572,
      "timePlayed": 2099,
      "totalHeal": 2660,
      "totalUnitsHealed": 2,
      "assists": 5,
      "item0": 3035,
      "item1": 3072,
      "item2": 3250,
      "item3": 3087,
      "item6": 3340,
      "magicDamageDealtToChampions": 1157,
      "physicalDamageDealtToChampions": 14349,
      "totalDamageDealtToChampions": 16110,
      "trueDamageDealtPlayer": 1326,
      "trueDamageDealtToChampions": 604,
      "trueDamageTaken": 108,
      "wardKilled": 1,
      "wardPlaced": 4,
      "neutralMinionsKilledEnemyJungle": 1,
      "neutralMinionsKilledYourJungle": 13,
      "totalTimeCrowdControlDealt": 155
    }
  }
}