{
  "31165004": {
    "gameId": 818161025,
    "invalid": false,
    "gameMode": "CLASSIC",
    "gameType": "MATCHED_GAME",
    "subType": "NORMAL",
    "mapId": 1,
    "teamId": 200,
    "championId": 20,
    "spell1": 4,
    "spell2": 11,
    "level": 30,
    "ipEarned": 64,
    "createDate": 1398243038378,
    "fellowPlayers": [
      {
        "summonerId": 27761270,
        "teamId": 100,
        "championId": 266
      },
      {
        "summonerId": 25141102,
        "teamId": 200,
        "championId": 29
      },
      {
        "summonerId": 26374896,
        "teamId": 100,
        "championId": 81
      },
      {
        "summonerId": 40113796,
        "teamId": 100,
        "championId": 412
      },
      {
        "summonerId": 32063342,
        "teamId": 200,
        "championId": 157
      },
      {
        "summonerId": 32299482,
        "teamId": 200,
        "championId": 55
      },
      {
        "summonerId": 38955951,
        "teamId": 100,
        "championId": 8
      },
      {
        "summonerId": 32216142,
        "teamId": 200,
        "championId": 121
      },
      {
        "summonerId": 37018241,
        "teamId": 100,
        "championId": 267
      }
    ],
    "stats": {
      "level": 16,
      "goldEarned": 10951,
      "numDeaths": 7,
      "minionsKilled": 40,
      "championsKilled": 3,
      "goldSpent": 10600,
      "totalDamageDealt": 176259,
      "totalDamageTaken": 35549,
      "team": 200,
      "win": false,
      "neutralMinionsKilled": 108,
      "largestMultiKill": 1,
      "physicalDamageDealtPlayer": 47936,
      "magicDamageDealtPlayer": 78983,
      "physicalDamageTaken": 24085,
      "magicDamageTaken": 10519,
      "timePlayed": 2099,
      "totalHeal": 10569,
      "totalUnitsHealed": 1,
      "assists": 6,
      "item0": 3153,
      "item1": 3160,
      "item2": 3254,
      "item3": 3068,
      "item4": 1028,
      "item5": 1011,
      "item6": 3340,
      "magicDamageDealtToChampions": 6782,
      "physicalDamageDealtToChampions": 2304,
      "totalDamageDealtToChampions": 9213,
      "trueDamageDealtPlayer": 49340,
      "trueDamageDealtToChampions": 126,
      "trueDamageTaken": 945,
      "wardPlaced": 2,
      "neutralMinionsKilledEnemyJungle": 19,
      "neutralMinionsKilledYourJungle": 89,
      "totalTimeCrowdControlDealt": 1379
    }
  },
  "summonerCount": 10,
  "37018241": {
    "gameId": 818161025,
    "invalid": false,
    "gameMode": "CLASSIC",
    "gameType": "MATCHED_GAME",
    "subType": "NORMAL",
    "mapId": 1,
    "teamId": 100,
    "championId": 267,
    "spell1": 14,
    "spell2": 4,
    "level": 30,
    "ipEarned": 246,
    "createDate": 1398243038369,
    "fellowPlayers": [
      {
        "summonerId": 27761270,
        "teamId": 100,
        "championId": 266
      },
      {
        "summonerId": 31165004,
        "teamId": 200,
        "championId": 20
      },
      {
        "summonerId": 25141102,
        "teamId": 200,
        "championId": 29
      },
      {
        "summonerId": 26374896,
        "teamId": 100,
        "championId": 81
      },
      {
        "summonerId": 40113796,
        "teamId": 100,
        "championId": 412
      },
      {
        "summonerId": 32063342,
        "teamId": 200,
        "championId": 157
      },
      {
        "summonerId": 32299482,
        "teamId": 200,
        "championId": 55
      },
      {
        "summonerId": 38955951,
        "teamId": 100,
        "championId": 8
      },
      {
        "summonerId": 32216142,
        "teamId": 200,
        "championId": 121
      }
    ],
    "stats": {
      "level": 15,
      "goldEarned": 8502,
      "numDeaths": 11,
      "minionsKilled": 70,
      "championsKilled": 2,
      "goldSpent": 9170,
      "totalDamageDealt": 57873,
      "totalDamageTaken": 19525,
      "team": 100,
      "win": true,
      "largestMultiKill": 1,
      "physicalDamageDealtPlayer": 15688,
      "magicDamageDealtPlayer": 41085,
      "physicalDamageTaken": 7648,
      "magicDamageTaken": 11037,
      "timePlayed": 2099,
      "totalHeal": 6109,
      "totalUnitsHealed": 5,
      "assists": 12,
      "item0": 1056,
      "item1": 3089,
      "item2": 3157,
      "item3": 1052,
      "item6": 3340,
      "magicDamageDealtToChampions": 11119,
      "physicalDamageDealtToChampions": 1357,
      "totalDamageDealtToChampions": 13576,
      "trueDamageDealtPlayer": 1100,
      "trueDamageDealtToChampions": 1100,
      "trueDamageTaken": 840,
      "wardPlaced": 5,
      "totalTimeCrowdControlDealt": 174
    }
  },
  "27761270": {
    "gameId": 818161025,
    "invalid": false,
    "gameMode": "CLASSIC",
    "gameType": "MATCHED_GAME",
    "subType": "NORMAL",
    "mapId": 1,
    "teamId": 100,
    "championId": 266,
    "spell1": 12,
    "spell2": 14,
    "level": 30,
    "ipEarned": 246,
    "createDate": 1398243038370,
    "fellowPlayers": [
      {
        "summonerId": 31165004,
        "teamId": 200,
        "championId": 20
      },
      {
        "summonerId": 25141102,
        "teamId": 200,
        "championId": 29
      },
      {
        "summonerId": 26374896,
        "teamId": 100,
        "championId": 81
      },
      {
        "summonerId": 40113796,
        "teamId": 100,
        "championId": 412
      },
      {
        "summonerId": 32063342,
        "teamId": 200,
        "championId": 157
      },
      {
        "summonerId": 32299482,
        "teamId": 200,
        "championId": 55
      },
      {
        "summonerId": 38955951,
        "teamId": 100,
        "championId": 8
      },
      {
        "summonerId": 32216142,
        "teamId": 200,
        "championId": 121
      },
      {
        "summonerId": 37018241,
        "teamId": 100,
        "championId": 267
      }
    ],
    "stats": {
      "level": 16,
      "goldEarned": 10437,
      "numDeaths": 12,
      "barracksKilled": 1,
      "turretsKilled": 3,
      "minionsKilled": 78,
      "championsKilled": 5,
      "goldSpent": 8065,
      "totalDamageDealt": 128988,
      "totalDamageTaken": 33314,
      "killingSprees": 1,
      "largestKillingSpree": 2,
      "team": 100,
      "win": true,
      "neutralMinionsKilled": 45,
      "largestMultiKill": 1,
      "physicalDamageDealtPlayer": 112655,
      "magicDamageDealtPlayer": 13679,
      "physicalDamageTaken": 23916,
      "magicDamageTaken": 8896,
      "timePlayed": 2099,
      "totalHeal": 13948,
      "totalUnitsHealed": 1,
      "assists": 7,
      "item0": 1055,
      "item1": 3143,
      "item2": 3074,
      "item3": 3006,
      "item6": 3340,
      "magicDamageDealtToChampions": 3278,
      "physicalDamageDealtToChampions": 8144,
      "totalDamageDealtToChampions": 12602,
      "trueDamageDealtPlayer": 2654,
      "trueDamageDealtToChampions": 1180,
      "trueDamageTaken": 502,
      "wardPlaced": 4,
      "neutralMinionsKilledEnemyJungle": 8,
      "neutralMinionsKilledYourJungle": 37,
      "totalTimeCrowdControlDealt": 837
    }
  },
  "32299482": {
    "gameId": 818161025,
    "invalid": false,
    "gameMode": "CLASSIC",
    "gameType": "MATCHED_GAME",
    "subType": "NORMAL",
    "mapId": 1,
    "teamId": 200,
    "championId": 55,
    "spell1": 4,
    "spell2": 11,
    "level": 30,
    "ipEarned": 64,
    "createDate": 1398243038376,
    "fellowPlayers": [
      {
        "summonerId": 27761270,
        "teamId": 100,
        "championId": 266
      },
      {
        "summonerId": 31165004,
        "teamId": 200,
        "championId": 20
      },
      {
        "summonerId": 25141102,
        "teamId": 200,
        "championId": 29
      },
      {
        "summonerId": 26374896,
        "teamId": 100,
        "championId": 81
      },
      {
        "summonerId": 40113796,
        "teamId": 100,
        "championId": 412
      },
      {
        "summonerId": 32063342,
        "teamId": 200,
        "championId": 157
      },
      {
        "summonerId": 38955951,
        "teamId": 100,
        "championId": 8
      },
      {
        "summonerId": 32216142,
        "teamId": 200,
        "championId": 121
      },
      {
        "summonerId": 37018241,
        "teamId": 100,
        "championId": 267
      }
    ],
    "stats": {
      "level": 16,
      "goldEarned": 11625,
      "numDeaths": 11,
      "minionsKilled": 128,
      "championsKilled": 10,
      "goldSpent": 10620,
      "totalDamageDealt": 117172,
      "totalDamageTaken": 30948,
      "killingSprees": 3,
      "largestKillingSpree": 2,
      "team": 200,
      "win": false,
      "neutralMinionsKilled": 8,
      "largestMultiKill": 1,
      "physicalDamageDealtPlayer": 12148,
      "magicDamageDealtPlayer": 101375,
      "physicalDamageTaken": 13359,
      "magicDamageTaken": 15955,
      "timePlayed": 2099,
      "totalHeal": 621,
      "totalUnitsHealed": 1,
      "assists": 6,
      "item0": 3020,
      "item1": 3151,
      "item2": 3089,
      "item3": 3116,
      "item6": 3340,
      "magicDamageDealtToChampions": 29584,
      "physicalDamageDealtToChampions": 1507,
      "totalDamageDealtToChampions": 31230,
      "trueDamageDealtPlayer": 3648,
      "trueDamageDealtToChampions": 138,
      "trueDamageTaken": 1634,
      "wardPlaced": 6,
      "neutralMinionsKilledEnemyJungle": 3,
      "neutralMinionsKilledYourJungle": 5,
      "totalTimeCrowdControlDealt": 167
    }
  },
  "40113796": {
    "gameId": 818161025,
    "invalid": false,
    "gameMode": "CLASSIC",
    "gameType": "MATCHED_GAME",
    "subType": "NORMAL",
    "mapId": 1,
    "teamId": 100,
    "championId": 412,
    "spell1": 3,
    "spell2": 4,
    "level": 30,
    "ipEarned": 96,
    "createDate": 1398243038366,
    "fellowPlayers": [
      {
        "summonerId": 27761270,
        "teamId": 100,
        "championId": 266
      },
      {
        "summonerId": 31165004,
        "teamId": 200,
        "championId": 20
      },
      {
        "summonerId": 25141102,
        "teamId": 200,
        "championId": 29
      },
      {
        "summonerId": 26374896,
        "teamId": 100,
        "championId": 81
      },
      {
        "summonerId": 32063342,
        "teamId": 200,
        "championId": 157
      },
      {
        "summonerId": 32299482,
        "teamId": 200,
        "championId": 55
      },
      {
        "summonerId": 38955951,
        "teamId": 100,
        "championId": 8
      },
      {
        "summonerId": 32216142,
        "teamId": 200,
        "championId": 121
      },
      {
        "summonerId": 37018241,
        "teamId": 100,
        "championId": 267
      }
    ],
    "stats": {
      "level": 17,
      "goldEarned": 13225,
      "numDeaths": 4,
      "minionsKilled": 62,
      "championsKilled": 11,
      "goldSpent": 12050,
      "totalDamageDealt": 57406,
      "totalDamageTaken": 29091,
      "doubleKills": 1,
      "killingSprees": 3,
      "largestKillingSpree": 6,
      "team": 100,
      "win": true,
      "largestMultiKill": 2,
      "physicalDamageDealtPlayer": 18653,
      "magicDamageDealtPlayer": 38620,
      "physicalDamageTaken": 17234,
      "magicDamageTaken": 10215,
      "timePlayed": 2099,
      "totalHeal": 5282,
      "totalUnitsHealed": 1,
      "assists": 14,
      "item0": 3069,
      "item1": 3083,
      "item2": 2045,
      "item3": 3270,
      "item4": 3072,
      "item5": 1028,
      "item6": 3340,
      "sightWardsBought": 1,
      "magicDamageDealtToChampions": 16051,
      "physicalDamageDealtToChampions": 3264,
      "totalDamageDealtToChampions": 19388,
      "trueDamageDealtPlayer": 132,
      "trueDamageDealtToChampions": 72,
      "trueDamageTaken": 1641,
      "wardPlaced": 11,
      "totalTimeCrowdControlDealt": 221
    }
  },
  "25141102": {
    "gameId": 818161025,
    "invalid": false,
    "gameMode": "CLASSIC",
    "gameType": "MATCHED_GAME",
    "subType": "NORMAL",
    "mapId": 1,
    "teamId": 200,
    "championId": 29,
    "spell1": 4,
    "spell2": 21,
    "level": 30,
    "ipEarned": 64,
    "createDate": 1398243038375,
    "fellowPlayers": [
      {
        "summonerId": 27761270,
        "teamId": 100,
        "championId": 266
      },
      {
        "summonerId": 31165004,
        "teamId": 200,
        "championId": 20
      },
      {
        "summonerId": 26374896,
        "teamId": 100,
        "championId": 81
      },
      {
        "summonerId": 40113796,
        "teamId": 100,
        "championId": 412
      },
      {
        "summonerId": 32063342,
        "teamId": 200,
        "championId": 157
      },
      {
        "summonerId": 32299482,
        "teamId": 200,
        "championId": 55
      },
      {
        "summonerId": 38955951,
        "teamId": 100,
        "championId": 8
      },
      {
        "summonerId": 32216142,
        "teamId": 200,
        "championId": 121
      },
      {
        "summonerId": 37018241,
        "teamId": 100,
        "championId": 267
      }
    ],
    "stats": {
      "level": 14,
      "goldEarned": 8930,
      "numDeaths": 5,
      "turretsKilled": 1,
      "minionsKilled": 96,
      "championsKilled": 3,
      "goldSpent": 9565,
      "totalDamageDealt": 59051,
      "totalDamageTaken": 16293,
      "killingSprees": 1,
      "largestKillingSpree": 2,
      "team": 200,
      "win": false,
      "neutralMinionsKilled": 3,
      "largestMultiKill": 1,
      "physicalDamageDealtPlayer": 52851,
      "physicalDamageTaken": 7324,
      "magicDamageTaken": 8632,
      "largestCriticalStrike": 288,
      "timePlayed": 2099,
      "totalHeal": 60,
      "totalUnitsHealed": 1,
      "assists": 2,
      "item0": 3131,
      "item1": 3072,
      "item2": 3006,
      "item3": 3035,
      "item6": 3340,
      "physicalDamageDealtToChampions": 9055,
      "totalDamageDealtToChampions": 11846,
      "trueDamageDealtPlayer": 6199,
      "trueDamageDealtToChampions": 2791,
      "trueDamageTaken": 336,
      "wardPlaced": 8,
      "neutralMinionsKilledYourJungle": 3,
      "totalTimeCrowdControlDealt": 301
    }
  },
  "32063342": {
    "gameId": 818161025,
    "invalid": false,
    "gameMode": "CLASSIC",
    "gameType": "MATCHED_GAME",
    "subType": "NORMAL",
    "mapId": 1,
    "teamId": 200,
    "championId": 157,
    "spell1": 14,
    "spell2": 4,
    "level": 30,
    "ipEarned": 64,
    "createDate": 1398243038374,
    "fellowPlayers": [
      {
        "summonerId": 27761270,
        "teamId": 100,
        "championId": 266
      },
      {
        "summonerId": 31165004,
        "teamId": 200,
        "championId": 20
      },
      {
        "summonerId": 25141102,
        "teamId": 200,
        "championId": 29
      },
      {
        "summonerId": 26374896,
        "teamId": 100,
        "championId": 81
      },
      {
        "summonerId": 40113796,
        "teamId": 100,
        "championId": 412
      },
      {
        "summonerId": 32299482,
        "teamId": 200,
        "championId": 55
      },
      {
        "summonerId": 38955951,
        "teamId": 100,
        "championId": 8
      },
      {
        "summonerId": 32216142,
        "teamId": 200,
        "championId": 121
      },
      {
        "summonerId": 37018241,
        "teamId": 100,
        "championId": 267
      }
    ],
    "stats": {
      "level": 16,
      "goldEarned": 12512,
      "numDeaths": 11,
      "turretsKilled": 3,
      "minionsKilled": 192,
      "championsKilled": 8,
      "goldSpent": 12610,
      "totalDamageDealt": 156290,
      "totalDamageTaken": 27674,
      "killingSprees": 1,
      "largestKillingSpree": 3,
      "team": 200,
      "win": false,
      "neutralMinionsKilled": 6,
      "largestMultiKill": 1,
      "physicalDamageDealtPlayer": 118106,
      "magicDamageDealtPlayer": 37204,
      "physicalDamageTaken": 14520,
      "magicDamageTaken": 12657,
      "largestCriticalStrike": 549,
      "timePlayed": 2099,
      "totalHeal": 1063,
      "totalUnitsHealed": 1,
      "assists": 4,
      "item0": 3252,
      "item1": 3031,
      "item2": 3074,
      "item3": 3087,
      "item4": 1036,
      "item6": 3340,
      "magicDamageDealtToChampions": 4947,
      "physicalDamageDealtToChampions": 18008,
      "totalDamageDealtToChampions": 23900,
      "trueDamageDealtPlayer": 980,
      "trueDamageDealtToChampions": 944,
      "trueDamageTaken": 496,
      "wardPlaced": 11,
      "neutralMinionsKilledEnemyJungle": 3,
      "neutralMinionsKilledYourJungle": 3,
      "totalTimeCrowdControlDealt": 123
    }
  },
  "26374896": {
    "gameId": 818161025,
    "invalid": false,
    "gameMode": "CLASSIC",
    "gameType": "MATCHED_GAME",
    "subType": "NORMAL",
    "mapId": 1,
    "teamId": 100,
    "championId": 81,
    "spell1": 4,
    "spell2": 7,
    "level": 30,
    "ipEarned": 246,
    "createDate": 1398243038371,
    "fellowPlayers": [
      {
        "summonerId": 27761270,
        "teamId": 100,
        "championId": 266
      },
      {
        "summonerId": 31165004,
        "teamId": 200,
        "championId": 20
      },
      {
        "summonerId": 25141102,
        "teamId": 200,
        "championId": 29
      },
      {
        "summonerId": 40113796,
        "teamId": 100,
        "championId": 412
      },
      {
        "summonerId": 32063342,
        "teamId": 200,
        "championId": 157
      },
      {
        "summonerId": 32299482,
        "teamId": 200,
        "championId": 55
      },
      {
        "summonerId": 38955951,
        "teamId": 100,
        "championId": 8
      },
      {
        "summonerId": 32216142,
        "teamId": 200,
        "championId": 121
      },
      {
        "summonerId": 37018241,
        "teamId": 100,
        "championId": 267
      }
    ],
    "stats": {
      "level": 16,
      "goldEarned": 13654,
      "numDeaths": 1,
      "turretsKilled": 2,
      "minionsKilled": 120,
      "championsKilled": 13,
      "goldSpent": 12988,
      "totalDamageDealt": 94995,
      "totalDamageTaken": 13498,
      "doubleKills": 1,
      "killingSprees": 2,
      "largestKillingSpree": 10,
      "team": 100,
      "win": true,
      "neutralMinionsKilled": 4,
      "largestMultiKill": 2,
      "physicalDamageDealtPlayer": 76814,
      "magicDamageDealtPlayer": 17586,
      "physicalDamageTaken": 9422,
      "magicDamageTaken": 2824,
      "largestCriticalStrike": 618,
      "timePlayed": 2099,
      "totalHeal": 1405,
      "totalUnitsHealed": 2,
      "assists": 17,
      "item0": 3250,
      "item1": 3078,
      "item2": 3072,
      "item3": 3035,
      "item4": 1038,
      "item5": 2010,
      "item6": 3340,
      "magicDamageDealtToChampions": 8082,
      "physicalDamageDealtToChampions": 28296,
      "totalDamageDealtToChampions": 36550,
      "trueDamageDealtPlayer": 594,
      "trueDamageDealtToChampions": 172,
      "trueDamageTaken": 1252,
      "wardPlaced": 4,
      "neutralMinionsKilledEnemyJungle": 2,
      "neutralMinionsKilledYourJungle": 2,
      "totalTimeCrowdControlDealt": 185
    }
  },
  "38955951": {
    "gameId": 818161025,
    "invalid": false,
    "gameMode": "CLASSIC",
    "gameType": "MATCHED_GAME",
    "subType": "NORMAL",
    "mapId": 1,
    "teamId": 100,
    "championId": 8,
    "spell1": 14,
    "spell2": 4,
    "level": 30,
    "ipEarned": 96,
    "createDate": 1398243038367,
    "fellowPlayers": [
      {
        "summonerId": 27761270,
        "teamId": 100,
        "championId": 266
      },
      {
        "summonerId": 31165004,
        "teamId": 200,
        "championId": 20
      },
      {
        "summonerId": 25141102,
        "teamId": 200,
        "championId": 29
      },
      {
        "summonerId": 26374896,
        "teamId": 100,
        "championId": 81
      },
      {
        "summonerId": 40113796,
        "teamId": 100,
        "championId": 412
      },
      {
        "summonerId": 32063342,
        "teamId": 200,
        "championId": 157
      },
      {
        "summonerId": 32299482,
        "teamId": 200,
        "championId": 55
      },
      {
        "summonerId": 32216142,
        "teamId": 200,
        "championId": 121
      },
      {
        "summonerId": 37018241,
        "teamId": 100,
        "championId": 267
      }
    ],
    "stats": {
      "level": 16,
      "goldEarned": 11243,
      "numDeaths": 5,
      "turretsKilled": 1,
      "minionsKilled": 95,
      "championsKilled": 11,
      "goldSpent": 9655,
      "totalDamageDealt": 93933,
      "totalDamageTaken": 23601,
      "doubleKills": 1,
      "killingSprees": 2,
      "largestKillingSpree": 7,
      "team": 100,
      "win": true,
      "neutralMinionsKilled": 14,
      "largestMultiKill": 2,
      "physicalDamageDealtPlayer": 13276,
      "magicDamageDealtPlayer": 79791,
      "physicalDamageTaken": 13544,
      "magicDamageTaken": 9180,
      "timePlayed": 2099,
      "totalHeal": 11956,
      "totalUnitsHealed": 1,
      "assists": 9,
      "item0": 1054,
      "item1": 3157,
      "item2": 3255,
      "item3": 1058,
      "item4": 3152,
      "item6": 3340,
      "magicDamageDealtToChampions": 18992,
      "physicalDamageDealtToChampions": 1829,
      "totalDamageDealtToChampions": 21435,
      "trueDamageDealtPlayer": 864,
      "trueDamageDealtToChampions": 612,
      "trueDamageTaken": 876,
      "wardPlaced": 9,
      "neutralMinionsKilledEnemyJungle": 7,
      "neutralMinionsKilledYourJungle": 7,
      "totalTimeCrowdControlDealt": 115
    }
  },
  "31165004": {
    "gameId": 818161025,
    "invalid": false,
    "gameMode": "CLASSIC",
    "gameType": "MATCHED_GAME",
    "subType": "NORMAL",
    "mapId": 1,
    "teamId": 200,
    "championId": 20,
    "spell1": 4,
    "spell2": 11,
    "level": 30,
    "ipEarned": 64,
    "createDate": 1398243038378,
    "fellowPlayers": [
      {
        "summonerId": 27761270,
        "teamId": 100,
        "championId": 266
      },
      {
        "summonerId": 25141102,
        "teamId": 200,
        "championId": 29
      },
      {
        "summonerId": 26374896,
        "teamId": 100,
        "championId": 81
      },
      {
        "summonerId": 40113796,
        "teamId": 100,
        "championId": 412
      },
      {
        "summonerId": 32063342,
        "teamId": 200,
        "championId": 157
      },
      {
        "summonerId": 32299482,
        "teamId": 200,
        "championId": 55
      },
      {
        "summonerId": 38955951,
        "teamId": 100,
        "championId": 8
      },
      {
        "summonerId": 32216142,
        "teamId": 200,
        "championId": 121
      },
      {
        "summonerId": 37018241,
        "teamId": 100,
        "championId": 267
      }
    ],
    "stats": {
      "level": 16,
      "goldEarned": 10951,
      "numDeaths": 7,
      "minionsKilled": 40,
      "championsKilled": 3,
      "goldSpent": 10600,
      "totalDamageDealt": 176259,
      "totalDamageTaken": 35549,
      "team": 200,
      "win": false,
      "neutralMinionsKilled": 108,
      "largestMultiKill": 1,
      "physicalDamageDealtPlayer": 47936,
      "magicDamageDealtPlayer": 78983,
      "physicalDamageTaken": 24085,
      "magicDamageTaken": 10519,
      "timePlayed": 2099,
      "totalHeal": 10569,
      "totalUnitsHealed": 1,
      "assists": 6,
      "item0": 3153,
      "item1": 3160,
      "item2": 3254,
      "item3": 3068,
      "item4": 1028,
      "item5": 1011,
      "item6": 3340,
      "magicDamageDealtToChampions": 6782,
      "physicalDamageDealtToChampions": 2304,
      "totalDamageDealtToChampions": 9213,
      "trueDamageDealtPlayer": 49340,
      "trueDamageDealtToChampions": 126,
      "trueDamageTaken": 945,
      "wardPlaced": 2,
      "neutralMinionsKilledEnemyJungle": 19,
      "neutralMinionsKilledYourJungle": 89,
      "totalTimeCrowdControlDealt": 1379
    }
  }
}