{
  "33448688": {
    "gameId": 818168453,
    "invalid": false,
    "gameMode": "CLASSIC",
    "gameType": "MATCHED_GAME",
    "subType": "RANKED_SOLO_5x5",
    "mapId": 1,
    "teamId": 200,
    "championId": 29,
    "spell1": 4,
    "spell2": 7,
    "level": 30,
    "ipEarned": 106,
    "createDate": 1398243234591,
    "fellowPlayers": [
      {
        "summonerId": 31707273,
        "teamId": 100,
        "championId": 121
      },
      {
        "summonerId": 22829825,
        "teamId": 200,
        "championId": 72
      },
      {
        "summonerId": 43933612,
        "teamId": 200,
        "championId": 76
      },
      {
        "summonerId": 26435912,
        "teamId": 100,
        "championId": 110
      },
      {
        "summonerId": 38113904,
        "teamId": 100,
        "championId": 115
      },
      {
        "summonerId": 36905632,
        "teamId": 200,
        "championId": 64
      },
      {
        "summonerId": 21619374,
        "teamId": 100,
        "championId": 79
      },
      {
        "summonerId": 25980193,
        "teamId": 200,
        "championId": 43
      },
      {
        "summonerId": 32873246,
        "teamId": 100,
        "championId": 412
      }
    ],
    "stats": {
      "level": 18,
      "goldEarned": 18844,
      "numDeaths": 7,
      "barracksKilled": 2,
      "turretsKilled": 6,
      "minionsKilled": 246,
      "championsKilled": 16,
      "goldSpent": 15955,
      "totalDamageDealt": 209771,
      "totalDamageTaken": 37528,
      "doubleKills": 1,
      "killingSprees": 5,
      "largestKillingSpree": 4,
      "team": 200,
      "win": true,
      "neutralMinionsKilled": 11,
      "largestMultiKill": 2,
      "physicalDamageDealtPlayer": 172863,
      "magicDamageDealtPlayer": 23867,
      "physicalDamageTaken": 21638,
      "magicDamageTaken": 14803,
      "largestCriticalStrike": 728,
      "timePlayed": 2308,
      "totalHeal": 7403,
      "totalUnitsHealed": 5,
      "assists": 17,
      "item0": 3153,
      "item1": 3031,
      "item2": 3087,
      "item3": 3035,
      "item4": 3211,
      "item5": 3252,
      "item6": 3340,
      "sightWardsBought": 2,
      "magicDamageDealtToChampions": 3699,
      "physicalDamageDealtToChampions": 46203,
      "totalDamageDealtToChampions": 58213,
      "trueDamageDealtPlayer": 13041,
      "trueDamageDealtToChampions": 8311,
      "trueDamageTaken": 1086,
      "wardPlaced": 4,
      "neutralMinionsKilledEnemyJungle": 8,
      "neutralMinionsKilledYourJungle": 3,
      "totalTimeCrowdControlDealt": 561
    }
  },
  "summonerCount": 10,
  "26435912": {
    "gameId": 818168453,
    "invalid": false,
    "gameMode": "CLASSIC",
    "gameType": "MATCHED_GAME",
    "subType": "RANKED_SOLO_5x5",
    "mapId": 1,
    "teamId": 100,
    "championId": 110,
    "spell1": 7,
    "spell2": 4,
    "level": 30,
    "ipEarned": 69,
    "createDate": 1398243234587,
    "fellowPlayers": [
      {
        "summonerId": 31707273,
        "teamId": 100,
        "championId": 121
      },
      {
        "summonerId": 22829825,
        "teamId": 200,
        "championId": 72
      },
      {
        "summonerId": 43933612,
        "teamId": 200,
        "championId": 76
      },
      {
        "summonerId": 38113904,
        "teamId": 100,
        "championId": 115
      },
      {
        "summonerId": 36905632,
        "teamId": 200,
        "championId": 64
      },
      {
        "summonerId": 33448688,
        "teamId": 200,
        "championId": 29
      },
      {
        "summonerId": 21619374,
        "teamId": 100,
        "championId": 79
      },
      {
        "summonerId": 25980193,
        "teamId": 200,
        "championId": 43
      },
      {
        "summonerId": 32873246,
        "teamId": 100,
        "championId": 412
      }
    ],
    "stats": {
      "level": 18,
      "goldEarned": 16023,
      "numDeaths": 10,
      "minionsKilled": 227,
      "championsKilled": 15,
      "goldSpent": 14300,
      "totalDamageDealt": 188135,
      "totalDamageTaken": 36086,
      "doubleKills": 1,
      "tripleKills": 1,
      "killingSprees": 4,
      "largestKillingSpree": 4,
      "team": 100,
      "win": false,
      "neutralMinionsKilled": 17,
      "largestMultiKill": 3,
      "physicalDamageDealtPlayer": 176664,
      "magicDamageDealtPlayer": 10885,
      "physicalDamageTaken": 20306,
      "magicDamageTaken": 13539,
      "largestCriticalStrike": 789,
      "timePlayed": 2308,
      "totalHeal": 4781,
      "totalUnitsHealed": 2,
      "assists": 10,
      "item0": 3035,
      "item1": 3250,
      "item2": 3031,
      "item3": 3046,
      "item4": 3072,
      "item6": 3340,
      "magicDamageDealtToChampions": 4566,
      "physicalDamageDealtToChampions": 37605,
      "totalDamageDealtToChampions": 42414,
      "trueDamageDealtPlayer": 586,
      "trueDamageDealtToChampions": 242,
      "trueDamageTaken": 2240,
      "wardKilled": 1,
      "wardPlaced": 7,
      "neutralMinionsKilledYourJungle": 17,
      "totalTimeCrowdControlDealt": 333
    }
  },
  "32873246": {
    "gameId": 818168453,
    "invalid": false,
    "gameMode": "CLASSIC",
    "gameType": "MATCHED_GAME",
    "subType": "RANKED_SOLO_5x5",
    "mapId": 1,
    "teamId": 100,
    "championId": 412,
    "spell1": 4,
    "spell2": 7,
    "level": 30,
    "ipEarned": 69,
    "createDate": 1398243234585,
    "fellowPlayers": [
      {
        "summonerId": 31707273,
        "teamId": 100,
        "championId": 121
      },
      {
        "summonerId": 22829825,
        "teamId": 200,
        "championId": 72
      },
      {
        "summonerId": 43933612,
        "teamId": 200,
        "championId": 76
      },
      {
        "summonerId": 26435912,
        "teamId": 100,
        "championId": 110
      },
      {
        "summonerId": 38113904,
        "teamId": 100,
        "championId": 115
      },
      {
        "summonerId": 36905632,
        "teamId": 200,
        "championId": 64
      },
      {
        "summonerId": 33448688,
        "teamId": 200,
        "championId": 29
      },
      {
        "summonerId": 21619374,
        "teamId": 100,
        "championId": 79
      },
      {
        "summonerId": 25980193,
        "teamId": 200,
        "championId": 43
      }
    ],
    "stats": {
      "level": 15,
      "goldEarned": 9576,
      "numDeaths": 7,
      "minionsKilled": 42,
      "championsKilled": 1,
      "goldSpent": 8900,
      "totalDamageDealt": 26124,
      "totalDamageTaken": 35380,
      "team": 100,
      "win": false,
      "neutralMinionsKilled": 1,
      "largestMultiKill": 1,
      "physicalDamageDealtPlayer": 6986,
      "magicDamageDealtPlayer": 19044,
      "physicalDamageTaken": 17929,
      "magicDamageTaken": 13723,
      "timePlayed": 2308,
      "totalHeal": 8201,
      "totalUnitsHealed": 5,
      "assists": 18,
      "item0": 3401,
      "item1": 2049,
      "item2": 3068,
      "item3": 3265,
      "item4": 1057,
      "item5": 2043,
      "item6": 3341,
      "sightWardsBought": 5,
      "visionWardsBought": 2,
      "magicDamageDealtToChampions": 8683,
      "physicalDamageDealtToChampions": 1999,
      "totalDamageDealtToChampions": 10775,
      "trueDamageDealtPlayer": 93,
      "trueDamageDealtToChampions": 93,
      "trueDamageTaken": 3727,
      "wardKilled": 5,
      "wardPlaced": 30,
      "neutralMinionsKilledYourJungle": 1,
      "totalTimeCrowdControlDealt": 133
    }
  },
  "21619374": {
    "gameId": 818168453,
    "invalid": false,
    "gameMode": "CLASSIC",
    "gameType": "MATCHED_GAME",
    "subType": "RANKED_SOLO_5x5",
    "mapId": 1,
    "teamId": 100,
    "championId": 79,
    "spell1": 4,
    "spell2": 14,
    "level": 30,
    "ipEarned": 69,
    "createDate": 1398243234588,
    "fellowPlayers": [
      {
        "summonerId": 31707273,
        "teamId": 100,
        "championId": 121
      },
      {
        "summonerId": 22829825,
        "teamId": 200,
        "championId": 72
      },
      {
        "summonerId": 43933612,
        "teamId": 200,
        "championId": 76
      },
      {
        "summonerId": 26435912,
        "teamId": 100,
        "championId": 110
      },
      {
        "summonerId": 38113904,
        "teamId": 100,
        "championId": 115
      },
      {
        "summonerId": 36905632,
        "teamId": 200,
        "championId": 64
      },
      {
        "summonerId": 33448688,
        "teamId": 200,
        "championId": 29
      },
      {
        "summonerId": 25980193,
        "teamId": 200,
        "championId": 43
      },
      {
        "summonerId": 32873246,
        "teamId": 100,
        "championId": 412
      }
    ],
    "stats": {
      "level": 16,
      "goldEarned": 8729,
      "numDeaths": 6,
      "minionsKilled": 127,
      "championsKilled": 1,
      "goldSpent": 9065,
      "totalDamageDealt": 97654,
      "totalDamageTaken": 34905,
      "team": 100,
      "win": false,
      "neutralMinionsKilled": 4,
      "largestMultiKill": 1,
      "physicalDamageDealtPlayer": 16445,
      "magicDamageDealtPlayer": 80227,
      "physicalDamageTaken": 24677,
      "magicDamageTaken": 8367,
      "largestCriticalStrike": 663,
      "timePlayed": 2308,
      "totalHeal": 7045,
      "totalUnitsHealed": 1,
      "assists": 6,
      "item0": 3025,
      "item1": 3027,
      "item2": 1011,
      "item3": 1001,
      "item4": 1056,
      "item5": 1033,
      "item6": 3340,
      "sightWardsBought": 1,
      "magicDamageDealtToChampions": 11460,
      "physicalDamageDealtToChampions": 2158,
      "totalDamageDealtToChampions": 14600,
      "trueDamageDealtPlayer": 982,
      "trueDamageDealtToChampions": 982,
      "trueDamageTaken": 1859,
      "wardPlaced": 6,
      "neutralMinionsKilledEnemyJungle": 1,
      "neutralMinionsKilledYourJungle": 3,
      "totalTimeCrowdControlDealt": 601
    }
  },
  "22829825": {
    "gameId": 818168453,
    "invalid": false,
    "gameMode": "CLASSIC",
    "gameType": "MATCHED_GAME",
    "subType": "RANKED_SOLO_5x5",
    "mapId": 1,
    "teamId": 200,
    "championId": 72,
    "spell1": 4,
    "spell2": 14,
    "level": 30,
    "ipEarned": 106,
    "createDate": 1398243234590,
    "fellowPlayers": [
      {
        "summonerId": 31707273,
        "teamId": 100,
        "championId": 121
      },
      {
        "summonerId": 43933612,
        "teamId": 200,
        "championId": 76
      },
      {
        "summonerId": 26435912,
        "teamId": 100,
        "championId": 110
      },
      {
        "summonerId": 38113904,
        "teamId": 100,
        "championId": 115
      },
      {
        "summonerId": 36905632,
        "teamId": 200,
        "championId": 64
      },
      {
        "summonerId": 33448688,
        "teamId": 200,
        "championId": 29
      },
      {
        "summonerId": 21619374,
        "teamId": 100,
        "championId": 79
      },
      {
        "summonerId": 25980193,
        "teamId": 200,
        "championId": 43
      },
      {
        "summonerId": 32873246,
        "teamId": 100,
        "championId": 412
      }
    ],
    "stats": {
      "level": 18,
      "goldEarned": 13700,
      "numDeaths": 6,
      "barracksKilled": 1,
      "turretsKilled": 3,
      "minionsKilled": 246,
      "championsKilled": 5,
      "goldSpent": 13778,
      "totalDamageDealt": 160156,
      "totalDamageTaken": 37460,
      "killingSprees": 1,
      "largestKillingSpree": 2,
      "team": 200,
      "win": true,
      "neutralMinionsKilled": 6,
      "largestMultiKill": 1,
      "physicalDamageDealtPlayer": 134068,
      "magicDamageDealtPlayer": 23781,
      "physicalDamageTaken": 25077,
      "magicDamageTaken": 10932,
      "largestCriticalStrike": 650,
      "timePlayed": 2308,
      "totalHeal": 4864,
      "totalUnitsHealed": 1,
      "assists": 6,
      "item0": 1028,
      "item1": 3153,
      "item2": 3111,
      "item3": 3078,
      "item4": 3211,
      "item5": 3143,
      "item6": 3340,
      "sightWardsBought": 3,
      "magicDamageDealtToChampions": 5494,
      "physicalDamageDealtToChampions": 15990,
      "totalDamageDealtToChampions": 23747,
      "trueDamageDealtPlayer": 2306,
      "trueDamageDealtToChampions": 2262,
      "trueDamageTaken": 1450,
      "wardPlaced": 7,
      "neutralMinionsKilledEnemyJungle": 6,
      "totalTimeCrowdControlDealt": 296
    }
  },
  "25980193": {
    "gameId": 818168453,
    "invalid": false,
    "gameMode": "CLASSIC",
    "gameType": "MATCHED_GAME",
    "subType": "RANKED_SOLO_5x5",
    "mapId": 1,
    "teamId": 200,
    "championId": 43,
    "spell1": 3,
    "spell2": 4,
    "level": 30,
    "ipEarned": 256,
    "createDate": 1398243234592,
    "fellowPlayers": [
      {
        "summonerId": 31707273,
        "teamId": 100,
        "championId": 121
      },
      {
        "summonerId": 22829825,
        "teamId": 200,
        "championId": 72
      },
      {
        "summonerId": 43933612,
        "teamId": 200,
        "championId": 76
      },
      {
        "summonerId": 26435912,
        "teamId": 100,
        "championId": 110
      },
      {
        "summonerId": 38113904,
        "teamId": 100,
        "championId": 115
      },
      {
        "summonerId": 36905632,
        "teamId": 200,
        "championId": 64
      },
      {
        "summonerId": 33448688,
        "teamId": 200,
        "championId": 29
      },
      {
        "summonerId": 21619374,
        "teamId": 100,
        "championId": 79
      },
      {
        "summonerId": 32873246,
        "teamId": 100,
        "championId": 412
      }
    ],
    "stats": {
      "level": 17,
      "goldEarned": 13997,
      "numDeaths": 5,
      "turretsKilled": 1,
      "minionsKilled": 15,
      "championsKilled": 5,
      "goldSpent": 12035,
      "totalDamageDealt": 32614,
      "totalDamageTaken": 19645,
      "killingSprees": 2,
      "largestKillingSpree": 2,
      "team": 200,
      "win": true,
      "largestMultiKill": 1,
      "physicalDamageDealtPlayer": 10047,
      "magicDamageDealtPlayer": 22432,
      "physicalDamageTaken": 11879,
      "magicDamageTaken": 7470,
      "timePlayed": 2308,
      "totalHeal": 1074,
      "totalUnitsHealed": 3,
      "assists": 23,
      "item0": 2045,
      "item1": 3222,
      "item2": 3023,
      "item3": 1058,
      "item4": 3117,
      "item5": 3110,
      "item6": 3341,
      "sightWardsBought": 3,
      "visionWardsBought": 1,
      "magicDamageDealtToChampions": 12936,
      "physicalDamageDealtToChampions": 2411,
      "totalDamageDealtToChampions": 15348,
      "trueDamageDealtPlayer": 134,
      "trueDamageTaken": 294,
      "wardKilled": 5,
      "wardPlaced": 28,
      "totalTimeCrowdControlDealt": 484
    }
  },
  "36905632": {
    "gameId": 818168453,
    "invalid": false,
    "gameMode": "CLASSIC",
    "gameType": "MATCHED_GAME",
    "subType": "RANKED_SOLO_5x5",
    "mapId": 1,
    "teamId": 200,
    "championId": 64,
    "spell1": 4,
    "spell2": 11,
    "level": 30,
    "ipEarned": 106,
    "createDate": 1398243234593,
    "fellowPlayers": [
      {
        "summonerId": 31707273,
        "teamId": 100,
        "championId": 121
      },
      {
        "summonerId": 22829825,
        "teamId": 200,
        "championId": 72
      },
      {
        "summonerId": 43933612,
        "teamId": 200,
        "championId": 76
      },
      {
        "summonerId": 26435912,
        "teamId": 100,
        "championId": 110
      },
      {
        "summonerId": 38113904,
        "teamId": 100,
        "championId": 115
      },
      {
        "summonerId": 33448688,
        "teamId": 200,
        "championId": 29
      },
      {
        "summonerId": 21619374,
        "teamId": 100,
        "championId": 79
      },
      {
        "summonerId": 25980193,
        "teamId": 200,
        "championId": 43
      },
      {
        "summonerId": 32873246,
        "teamId": 100,
        "championId": 412
      }
    ],
    "stats": {
      "level": 18,
      "goldEarned": 13806,
      "numDeaths": 10,
      "barracksKilled": 1,
      "minionsKilled": 94,
      "championsKilled": 5,
      "goldSpent": 11695,
      "totalDamageDealt": 156104,
      "totalDamageTaken": 32818,
      "killingSprees": 1,
      "largestKillingSpree": 2,
      "team": 200,
      "win": true,
      "neutralMinionsKilled": 58,
      "largestMultiKill": 1,
      "physicalDamageDealtPlayer": 100713,
      "magicDamageDealtPlayer": 36874,
      "physicalDamageTaken": 23836,
      "magicDamageTaken": 7333,
      "timePlayed": 2308,
      "totalHeal": 4382,
      "totalUnitsHealed": 1,
      "assists": 14,
      "item0": 3143,
      "item1": 3111,
      "item2": 3209,
      "item3": 3156,
      "item4": 1038,
      "item5": 1036,
      "item6": 3340,
      "magicDamageDealtToChampions": 3208,
      "physicalDamageDealtToChampions": 11133,
      "totalDamageDealtToChampions": 15665,
      "trueDamageDealtPlayer": 18516,
      "trueDamageDealtToChampions": 1324,
      "trueDamageTaken": 1648,
      "wardKilled": 2,
      "wardPlaced": 10,
      "neutralMinionsKilledEnemyJungle": 11,
      "neutralMinionsKilledYourJungle": 47,
      "totalTimeCrowdControlDealt": 1354
    }
  },
  "38113904": {
    "gameId": 818168453,
    "invalid": false,
    "gameMode": "CLASSIC",
    "gameType": "MATCHED_GAME",
    "subType": "RANKED_SOLO_5x5",
    "mapId": 1,
    "teamId": 100,
    "championId": 115,
    "spell1": 4,
    "spell2": 14,
    "level": 30,
    "ipEarned": 69,
    "createDate": 1398243234584,
    "fellowPlayers": [
      {
        "summonerId": 31707273,
        "teamId": 100,
        "championId": 121
      },
      {
        "summonerId": 22829825,
        "teamId": 200,
        "championId": 72
      },
      {
        "summonerId": 43933612,
        "teamId": 200,
        "championId": 76
      },
      {
        "summonerId": 26435912,
        "teamId": 100,
        "championId": 110
      },
      {
        "summonerId": 36905632,
        "teamId": 200,
        "championId": 64
      },
      {
        "summonerId": 33448688,
        "teamId": 200,
        "championId": 29
      },
      {
        "summonerId": 21619374,
        "teamId": 100,
        "championId": 79
      },
      {
        "summonerId": 25980193,
        "teamId": 200,
        "championId": 43
      },
      {
        "summonerId": 32873246,
        "teamId": 100,
        "championId": 412
      }
    ],
    "stats": {
      "level": 17,
      "goldEarned": 14018,
      "numDeaths": 15,
      "turretsKilled": 1,
      "minionsKilled": 206,
      "championsKilled": 12,
      "goldSpent": 13320,
      "totalDamageDealt": 168263,
      "totalDamageTaken": 30085,
      "doubleKills": 2,
      "killingSprees": 3,
      "largestKillingSpree": 5,
      "team": 100,
      "win": false,
      "neutralMinionsKilled": 5,
      "largestMultiKill": 2,
      "physicalDamageDealtPlayer": 10717,
      "magicDamageDealtPlayer": 155619,
      "physicalDamageTaken": 17998,
      "magicDamageTaken": 9856,
      "timePlayed": 2308,
      "totalHeal": 966,
      "totalUnitsHealed": 1,
      "assists": 7,
      "item0": 3157,
      "item1": 1056,
      "item2": 1026,
      "item3": 3255,
      "item4": 3174,
      "item5": 3089,
      "item6": 3340,
      "sightWardsBought": 2,
      "magicDamageDealtToChampions": 30487,
      "physicalDamageDealtToChampions": 2338,
      "totalDamageDealtToChampions": 34576,
      "trueDamageDealtPlayer": 1926,
      "trueDamageDealtToChampions": 1750,
      "trueDamageTaken": 2230,
      "wardKilled": 2,
      "wardPlaced": 8,
      "neutralMinionsKilledEnemyJungle": 3,
      "neutralMinionsKilledYourJungle": 2,
      "totalTimeCrowdControlDealt": 563
    }
  },
  "43933612": {
    "gameId": 818168453,
    "invalid": false,
    "gameMode": "CLASSIC",
    "gameType": "MATCHED_GAME",
    "subType": "RANKED_SOLO_5x5",
    "mapId": 1,
    "teamId": 200,
    "championId": 76,
    "spell1": 4,
    "spell2": 14,
    "level": 30,
    "ipEarned": 106,
    "createDate": 1398243234589,
    "fellowPlayers": [
      {
        "summonerId": 31707273,
        "teamId": 100,
        "championId": 121
      },
      {
        "summonerId": 22829825,
        "teamId": 200,
        "championId": 72
      },
      {
        "summonerId": 26435912,
        "teamId": 100,
        "championId": 110
      },
      {
        "summonerId": 38113904,
        "teamId": 100,
        "championId": 115
      },
      {
        "summonerId": 36905632,
        "teamId": 200,
        "championId": 64
      },
      {
        "summonerId": 33448688,
        "teamId": 200,
        "championId": 29
      },
      {
        "summonerId": 21619374,
        "teamId": 100,
        "championId": 79
      },
      {
        "summonerId": 25980193,
        "teamId": 200,
        "championId": 43
      },
      {
        "summonerId": 32873246,
        "teamId": 100,
        "championId": 412
      }
    ],
    "stats": {
      "level": 17,
      "goldEarned": 14340,
      "numDeaths": 8,
      "minionsKilled": 149,
      "championsKilled": 12,
      "goldSpent": 14200,
      "totalDamageDealt": 128400,
      "totalDamageTaken": 35951,
      "doubleKills": 1,
      "killingSprees": 4,
      "largestKillingSpree": 3,
      "team": 200,
      "win": true,
      "neutralMinionsKilled": 11,
      "largestMultiKill": 2,
      "physicalDamageDealtPlayer": 33902,
      "magicDamageDealtPlayer": 92878,
      "physicalDamageTaken": 18502,
      "magicDamageTaken": 16142,
      "timePlayed": 2308,
      "totalHeal": 23776,
      "totalUnitsHealed": 5,
      "assists": 11,
      "item0": 3157,
      "item1": 2003,
      "item2": 3040,
      "item3": 3135,
      "item4": 3255,
      "item5": 3089,
      "item6": 3340,
      "sightWardsBought": 1,
      "magicDamageDealtToChampions": 30213,
      "physicalDamageDealtToChampions": 4005,
      "totalDamageDealtToChampions": 35757,
      "trueDamageDealtPlayer": 1619,
      "trueDamageDealtToChampions": 1539,
      "trueDamageTaken": 1306,
      "wardPlaced": 7,
      "neutralMinionsKilledYourJungle": 11,
      "totalTimeCrowdControlDealt": 22
    }
  },
  "33448688": {
    "gameId": 818168453,
    "invalid": false,
    "gameMode": "CLASSIC",
    "gameType": "MATCHED_GAME",
    "subType": "RANKED_SOLO_5x5",
    "mapId": 1,
    "teamId": 200,
    "championId": 29,
    "spell1": 4,
    "spell2": 7,
    "level": 30,
    "ipEarned": 106,
    "createDate": 1398243234591,
    "fellowPlayers": [
      {
        "summonerId": 31707273,
        "teamId": 100,
        "championId": 121
      },
      {
        "summonerId": 22829825,
        "teamId": 200,
        "championId": 72
      },
      {
        "summonerId": 43933612,
        "teamId": 200,
        "championId": 76
      },
      {
        "summonerId": 26435912,
        "teamId": 100,
        "championId": 110
      },
      {
        "summonerId": 38113904,
        "teamId": 100,
        "championId": 115
      },
      {
        "summonerId": 36905632,
        "teamId": 200,
        "championId": 64
      },
      {
        "summonerId": 21619374,
        "teamId": 100,
        "championId": 79
      },
      {
        "summonerId": 25980193,
        "teamId": 200,
        "championId": 43
      },
      {
        "summonerId": 32873246,
        "teamId": 100,
        "championId": 412
      }
    ],
    "stats": {
      "level": 18,
      "goldEarned": 18844,
      "numDeaths": 7,
      "barracksKilled": 2,
      "turretsKilled": 6,
      "minionsKilled": 246,
      "championsKilled": 16,
      "goldSpent": 15955,
      "totalDamageDealt": 209771,
      "totalDamageTaken": 37528,
      "doubleKills": 1,
      "killingSprees": 5,
      "largestKillingSpree": 4,
      "team": 200,
      "win": true,
      "neutralMinionsKilled": 11,
      "largestMultiKill": 2,
      "physicalDamageDealtPlayer": 172863,
      "magicDamageDealtPlayer": 23867,
      "physicalDamageTaken": 21638,
      "magicDamageTaken": 14803,
      "largestCriticalStrike": 728,
      "timePlayed": 2308,
      "totalHeal": 7403,
      "totalUnitsHealed": 5,
      "assists": 17,
      "item0": 3153,
      "item1": 3031,
      "item2": 3087,
      "item3": 3035,
      "item4": 3211,
      "item5": 3252,
      "item6": 3340,
      "sightWardsBought": 2,
      "magicDamageDealtToChampions": 3699,
      "physicalDamageDealtToChampions": 46203,
      "totalDamageDealtToChampions": 58213,
      "trueDamageDealtPlayer": 13041,
      "trueDamageDealtToChampions": 8311,
      "trueDamageTaken": 1086,
      "wardPlaced": 4,
      "neutralMinionsKilledEnemyJungle": 8,
      "neutralMinionsKilledYourJungle": 3,
      "totalTimeCrowdControlDealt": 561
    }
  }
}