{
  "35428919": {
    "gameId": 818168547,
    "invalid": false,
    "gameMode": "CLASSIC",
    "gameType": "MATCHED_GAME",
    "subType": "RANKED_SOLO_5x5",
    "mapId": 1,
    "teamId": 200,
    "championId": 24,
    "spell1": 4,
    "spell2": 14,
    "level": 30,
    "ipEarned": 51,
    "createDate": 1398242278845,
    "fellowPlayers": [
      {
        "summonerId": 42354262,
        "teamId": 200,
        "championId": 236
      },
      {
        "summonerId": 28961699,
        "teamId": 100,
        "championId": 55
      },
      {
        "summonerId": 27816953,
        "teamId": 100,
        "championId": 37
      },
      {
        "summonerId": 35443444,
        "teamId": 100,
        "championId": 64
      },
      {
        "summonerId": 23167091,
        "teamId": 200,
        "championId": 38
      },
      {
        "summonerId": 33484260,
        "teamId": 200,
        "championId": 254
      },
      {
        "summonerId": 39545985,
        "teamId": 200,
        "championId": 25
      },
      {
        "summonerId": 29090669,
        "teamId": 100,
        "championId": 58
      },
      {
        "summonerId": 38103866,
        "teamId": 100,
        "championId": 222
      }
    ],
    "stats": {
      "level": 13,
      "goldEarned": 8321,
      "numDeaths": 3,
      "minionsKilled": 143,
      "championsKilled": 4,
      "goldSpent": 7668,
      "totalDamageDealt": 71231,
      "totalDamageTaken": 16675,
      "doubleKills": 2,
      "killingSprees": 2,
      "largestKillingSpree": 2,
      "team": 200,
      "win": false,
      "neutralMinionsKilled": 5,
      "largestMultiKill": 2,
      "physicalDamageDealtPlayer": 54223,
      "magicDamageDealtPlayer": 16060,
      "physicalDamageTaken": 11557,
      "magicDamageTaken": 4887,
      "largestCriticalStrike": 488,
      "timePlayed": 1502,
      "totalHeal": 2343,
      "totalUnitsHealed": 1,
      "assists": 5,
      "item0": 3144,
      "item1": 3260,
      "item2": 1055,
      "item3": 3078,
      "item5": 1055,
      "item6": 3340,
      "magicDamageDealtToChampions": 3159,
      "physicalDamageDealtToChampions": 7496,
      "totalDamageDealtToChampions": 11555,
      "trueDamageDealtPlayer": 948,
      "trueDamageDealtToChampions": 900,
      "trueDamageTaken": 230,
      "wardPlaced": 4,
      "neutralMinionsKilledYourJungle": 5,
      "totalTimeCrowdControlDealt": 152
    }
  },
  "summonerCount": 10,
  "23167091": {
    "gameId": 818168547,
    "invalid": false,
    "gameMode": "CLASSIC",
    "gameType": "MATCHED_GAME",
    "subType": "RANKED_SOLO_5x5",
    "mapId": 1,
    "teamId": 200,
    "championId": 38,
    "spell1": 7,
    "spell2": 4,
    "level": 30,
    "ipEarned": 51,
    "createDate": 1398242278849,
    "fellowPlayers": [
      {
        "summonerId": 42354262,
        "teamId": 200,
        "championId": 236
      },
      {
        "summonerId": 28961699,
        "teamId": 100,
        "championId": 55
      },
      {
        "summonerId": 27816953,
        "teamId": 100,
        "championId": 37
      },
      {
        "summonerId": 35443444,
        "teamId": 100,
        "championId": 64
      },
      {
        "summonerId": 33484260,
        "teamId": 200,
        "championId": 254
      },
      {
        "summonerId": 39545985,
        "teamId": 200,
        "championId": 25
      },
      {
        "summonerId": 35428919,
        "teamId": 200,
        "championId": 24
      },
      {
        "summonerId": 29090669,
        "teamId": 100,
        "championId": 58
      },
      {
        "summonerId": 38103866,
        "teamId": 100,
        "championId": 222
      }
    ],
    "stats": {
      "level": 13,
      "goldEarned": 8455,
      "numDeaths": 3,
      "minionsKilled": 113,
      "championsKilled": 4,
      "goldSpent": 8880,
      "totalDamageDealt": 65724,
      "totalDamageTaken": 17586,
      "doubleKills": 1,
      "killingSprees": 2,
      "largestKillingSpree": 2,
      "team": 200,
      "win": false,
      "neutralMinionsKilled": 10,
      "largestMultiKill": 2,
      "physicalDamageDealtPlayer": 20255,
      "magicDamageDealtPlayer": 45468,
      "physicalDamageTaken": 12921,
      "magicDamageTaken": 4481,
      "timePlayed": 1502,
      "totalHeal": 2623,
      "totalUnitsHealed": 2,
      "assists": 9,
      "item0": 2003,
      "item1": 3003,
      "item2": 1052,
      "item3": 3027,
      "item4": 3255,
      "item6": 3340,
      "visionWardsBought": 1,
      "magicDamageDealtToChampions": 10654,
      "physicalDamageDealtToChampions": 2074,
      "totalDamageDealtToChampions": 12729,
      "trueDamageTaken": 184,
      "wardPlaced": 5,
      "neutralMinionsKilledYourJungle": 10,
      "totalTimeCrowdControlDealt": 264
    }
  },
  "35443444": {
    "gameId": 818168547,
    "invalid": false,
    "gameMode": "CLASSIC",
    "gameType": "MATCHED_GAME",
    "subType": "RANKED_SOLO_5x5",
    "mapId": 1,
    "teamId": 100,
    "championId": 64,
    "spell1": 4,
    "spell2": 11,
    "level": 30,
    "ipEarned": 76,
    "createDate": 1398242278839,
    "fellowPlayers": [
      {
        "summonerId": 42354262,
        "teamId": 200,
        "championId": 236
      },
      {
        "summonerId": 28961699,
        "teamId": 100,
        "championId": 55
      },
      {
        "summonerId": 27816953,
        "teamId": 100,
        "championId": 37
      },
      {
        "summonerId": 23167091,
        "teamId": 200,
        "championId": 38
      },
      {
        "summonerId": 33484260,
        "teamId": 200,
        "championId": 254
      },
      {
        "summonerId": 39545985,
        "teamId": 200,
        "championId": 25
      },
      {
        "summonerId": 35428919,
        "teamId": 200,
        "championId": 24
      },
      {
        "summonerId": 29090669,
        "teamId": 100,
        "championId": 58
      },
      {
        "summonerId": 38103866,
        "teamId": 100,
        "championId": 222
      }
    ],
    "stats": {
      "level": 13,
      "goldEarned": 8803,
      "numDeaths": 4,
      "turretsKilled": 3,
      "minionsKilled": 20,
      "championsKilled": 5,
      "goldSpent": 6885,
      "totalDamageDealt": 97900,
      "totalDamageTaken": 18489,
      "doubleKills": 1,
      "killingSprees": 1,
      "largestKillingSpree": 2,
      "team": 100,
      "win": true,
      "neutralMinionsKilled": 63,
      "largestMultiKill": 2,
      "physicalDamageDealtPlayer": 55558,
      "magicDamageDealtPlayer": 32092,
      "physicalDamageTaken": 13598,
      "magicDamageTaken": 4607,
      "timePlayed": 1502,
      "totalHeal": 2238,
      "totalUnitsHealed": 1,
      "assists": 7,
      "item0": 3154,
      "item1": 3111,
      "item2": 1037,
      "item3": 3044,
      "item4": 1053,
      "item5": 1036,
      "item6": 3340,
      "magicDamageDealtToChampions": 1734,
      "physicalDamageDealtToChampions": 9695,
      "totalDamageDealtToChampions": 11509,
      "trueDamageDealtPlayer": 10250,
      "trueDamageDealtToChampions": 80,
      "trueDamageTaken": 284,
      "wardKilled": 1,
      "wardPlaced": 7,
      "neutralMinionsKilledEnemyJungle": 9,
      "neutralMinionsKilledYourJungle": 54,
      "totalTimeCrowdControlDealt": 560
    }
  },
  "29090669": {
    "gameId": 818168547,
    "invalid": false,
    "gameMode": "CLASSIC",
    "gameType": "MATCHED_GAME",
    "subType": "RANKED_SOLO_5x5",
    "mapId": 1,
    "teamId": 100,
    "championId": 58,
    "spell1": 4,
    "spell2": 14,
    "level": 30,
    "ipEarned": 76,
    "createDate": 1398242278844,
    "fellowPlayers": [
      {
        "summonerId": 42354262,
        "teamId": 200,
        "championId": 236
      },
      {
        "summonerId": 28961699,
        "teamId": 100,
        "championId": 55
      },
      {
        "summonerId": 27816953,
        "teamId": 100,
        "championId": 37
      },
      {
        "summonerId": 35443444,
        "teamId": 100,
        "championId": 64
      },
      {
        "summonerId": 23167091,
        "teamId": 200,
        "championId": 38
      },
      {
        "summonerId": 33484260,
        "teamId": 200,
        "championId": 254
      },
      {
        "summonerId": 39545985,
        "teamId": 200,
        "championId": 25
      },
      {
        "summonerId": 35428919,
        "teamId": 200,
        "championId": 24
      },
      {
        "summonerId": 38103866,
        "teamId": 100,
        "championId": 222
      }
    ],
    "stats": {
      "level": 14,
      "goldEarned": 8527,
      "numDeaths": 3,
      "barracksKilled": 1,
      "turretsKilled": 2,
      "minionsKilled": 153,
      "championsKilled": 3,
      "goldSpent": 7387,
      "totalDamageDealt": 86834,
      "totalDamageTaken": 17199,
      "killingSprees": 1,
      "largestKillingSpree": 3,
      "team": 100,
      "win": true,
      "neutralMinionsKilled": 3,
      "largestMultiKill": 1,
      "physicalDamageDealtPlayer": 84156,
      "magicDamageDealtPlayer": 2053,
      "physicalDamageTaken": 11023,
      "magicDamageTaken": 5631,
      "timePlayed": 1502,
      "totalHeal": 3770,
      "totalUnitsHealed": 1,
      "assists": 5,
      "item0": 1054,
      "item1": 3068,
      "item2": 3134,
      "item3": 3047,
      "item4": 1053,
      "item5": 1028,
      "item6": 3340,
      "sightWardsBought": 1,
      "magicDamageDealtToChampions": 1154,
      "physicalDamageDealtToChampions": 9990,
      "totalDamageDealtToChampions": 11768,
      "trueDamageDealtPlayer": 624,
      "trueDamageDealtToChampions": 624,
      "trueDamageTaken": 544,
      "wardPlaced": 8,
      "neutralMinionsKilledYourJungle": 3,
      "totalTimeCrowdControlDealt": 11
    }
  },
  "28961699": {
    "gameId": 818168547,
    "invalid": false,
    "gameMode": "CLASSIC",
    "gameType": "MATCHED_GAME",
    "subType": "RANKED_SOLO_5x5",
    "mapId": 1,
    "teamId": 100,
    "championId": 55,
    "spell1": 4,
    "spell2": 14,
    "level": 30,
    "ipEarned": 226,
    "createDate": 1398242278840,
    "fellowPlayers": [
      {
        "summonerId": 42354262,
        "teamId": 200,
        "championId": 236
      },
      {
        "summonerId": 27816953,
        "teamId": 100,
        "championId": 37
      },
      {
        "summonerId": 35443444,
        "teamId": 100,
        "championId": 64
      },
      {
        "summonerId": 23167091,
        "teamId": 200,
        "championId": 38
      },
      {
        "summonerId": 33484260,
        "teamId": 200,
        "championId": 254
      },
      {
        "summonerId": 39545985,
        "teamId": 200,
        "championId": 25
      },
      {
        "summonerId": 35428919,
        "teamId": 200,
        "championId": 24
      },
      {
        "summonerId": 29090669,
        "teamId": 100,
        "championId": 58
      },
      {
        "summonerId": 38103866,
        "teamId": 100,
        "championId": 222
      }
    ],
    "stats": {
      "level": 13,
      "goldEarned": 8577,
      "numDeaths": 4,
      "minionsKilled": 104,
      "championsKilled": 6,
      "goldSpent": 8180,
      "totalDamageDealt": 74866,
      "totalDamageTaken": 11050,
      "killingSprees": 2,
      "largestKillingSpree": 2,
      "team": 100,
      "win": true,
      "neutralMinionsKilled": 2,
      "largestMultiKill": 1,
      "physicalDamageDealtPlayer": 9656,
      "magicDamageDealtPlayer": 64538,
      "physicalDamageTaken": 6231,
      "magicDamageTaken": 4292,
      "timePlayed": 1502,
      "totalHeal": 521,
      "totalUnitsHealed": 1,
      "assists": 8,
      "item0": 3020,
      "item1": 3136,
      "item2": 3001,
      "item3": 1058,
      "item4": 1052,
      "item6": 3340,
      "magicDamageDealtToChampions": 15151,
      "physicalDamageDealtToChampions": 948,
      "totalDamageDealtToChampions": 16656,
      "trueDamageDealtPlayer": 672,
      "trueDamageDealtToChampions": 556,
      "trueDamageTaken": 526,
      "wardPlaced": 7,
      "neutralMinionsKilledEnemyJungle": 1,
      "neutralMinionsKilledYourJungle": 1,
      "totalTimeCrowdControlDealt": 39
    }
  },
  "27816953": {
    "gameId": 818168547,
    "invalid": false,
    "gameMode": "CLASSIC",
    "gameType": "MATCHED_GAME",
    "subType": "RANKED_SOLO_5x5",
    "mapId": 1,
    "teamId": 100,
    "championId": 37,
    "spell1": 4,
    "spell2": 3,
    "level": 30,
    "ipEarned": 76,
    "createDate": 1398242278841,
    "fellowPlayers": [
      {
        "summonerId": 42354262,
        "teamId": 200,
        "championId": 236
      },
      {
        "summonerId": 28961699,
        "teamId": 100,
        "championId": 55
      },
      {
        "summonerId": 35443444,
        "teamId": 100,
        "championId": 64
      },
      {
        "summonerId": 23167091,
        "teamId": 200,
        "championId": 38
      },
      {
        "summonerId": 33484260,
        "teamId": 200,
        "championId": 254
      },
      {
        "summonerId": 39545985,
        "teamId": 200,
        "championId": 25
      },
      {
        "summonerId": 35428919,
        "teamId": 200,
        "championId": 24
      },
      {
        "summonerId": 29090669,
        "teamId": 100,
        "championId": 58
      },
      {
        "summonerId": 38103866,
        "teamId": 100,
        "championId": 222
      }
    ],
    "stats": {
      "level": 12,
      "goldEarned": 8277,
      "numDeaths": 3,
      "turretsKilled": 1,
      "minionsKilled": 16,
      "championsKilled": 1,
      "goldSpent": 7020,
      "totalDamageDealt": 26912,
      "totalDamageTaken": 10798,
      "team": 100,
      "win": true,
      "neutralMinionsKilled": 1,
      "largestMultiKill": 1,
      "physicalDamageDealtPlayer": 8834,
      "magicDamageDealtPlayer": 17827,
      "physicalDamageTaken": 7996,
      "magicDamageTaken": 2392,
      "timePlayed": 1502,
      "totalHeal": 5458,
      "totalUnitsHealed": 4,
      "assists": 14,
      "item0": 3092,
      "item1": 3222,
      "item2": 1028,
      "item3": 3158,
      "item4": 1011,
      "item5": 1029,
      "item6": 3340,
      "sightWardsBought": 1,
      "visionWardsBought": 2,
      "magicDamageDealtToChampions": 6103,
      "physicalDamageDealtToChampions": 2180,
      "totalDamageDealtToChampions": 8482,
      "trueDamageDealtPlayer": 250,
      "trueDamageDealtToChampions": 198,
      "trueDamageTaken": 410,
      "wardPlaced": 10,
      "neutralMinionsKilledEnemyJungle": 1,
      "totalTimeCrowdControlDealt": 70
    }
  },
  "38103866": {
    "gameId": 818168547,
    "invalid": false,
    "gameMode": "CLASSIC",
    "gameType": "MATCHED_GAME",
    "subType": "RANKED_SOLO_5x5",
    "mapId": 1,
    "teamId": 100,
    "championId": 222,
    "spell1": 7,
    "spell2": 4,
    "level": 30,
    "ipEarned": 226,
    "createDate": 1398242278843,
    "fellowPlayers": [
      {
        "summonerId": 42354262,
        "teamId": 200,
        "championId": 236
      },
      {
        "summonerId": 28961699,
        "teamId": 100,
        "championId": 55
      },
      {
        "summonerId": 27816953,
        "teamId": 100,
        "championId": 37
      },
      {
        "summonerId": 35443444,
        "teamId": 100,
        "championId": 64
      },
      {
        "summonerId": 23167091,
        "teamId": 200,
        "championId": 38
      },
      {
        "summonerId": 33484260,
        "teamId": 200,
        "championId": 254
      },
      {
        "summonerId": 39545985,
        "teamId": 200,
        "championId": 25
      },
      {
        "summonerId": 35428919,
        "teamId": 200,
        "championId": 24
      },
      {
        "summonerId": 29090669,
        "teamId": 100,
        "championId": 58
      }
    ],
    "stats": {
      "level": 13,
      "goldEarned": 10461,
      "numDeaths": 1,
      "barracksKilled": 1,
      "turretsKilled": 2,
      "minionsKilled": 154,
      "championsKilled": 8,
      "goldSpent": 8525,
      "totalDamageDealt": 96566,
      "totalDamageTaken": 11814,
      "doubleKills": 1,
      "killingSprees": 1,
      "largestKillingSpree": 7,
      "team": 100,
      "win": true,
      "neutralMinionsKilled": 8,
      "largestMultiKill": 2,
      "physicalDamageDealtPlayer": 95564,
      "magicDamageDealtPlayer": 371,
      "physicalDamageTaken": 7113,
      "magicDamageTaken": 4211,
      "largestCriticalStrike": 594,
      "timePlayed": 1502,
      "totalHeal": 1987,
      "totalUnitsHealed": 3,
      "assists": 5,
      "item0": 3072,
      "item1": 3035,
      "item2": 3086,
      "item3": 3006,
      "item4": 1055,
      "item5": 1055,
      "item6": 3340,
      "magicDamageDealtToChampions": 139,
      "physicalDamageDealtToChampions": 12821,
      "totalDamageDealtToChampions": 13226,
      "trueDamageDealtPlayer": 630,
      "trueDamageDealtToChampions": 266,
      "trueDamageTaken": 490,
      "wardKilled": 1,
      "wardPlaced": 2,
      "neutralMinionsKilledEnemyJungle": 1,
      "neutralMinionsKilledYourJungle": 7,
      "totalTimeCrowdControlDealt": 141
    }
  },
  "39545985": {
    "gameId": 818168547,
    "invalid": false,
    "gameMode": "CLASSIC",
    "gameType": "MATCHED_GAME",
    "subType": "RANKED_SOLO_5x5",
    "mapId": 1,
    "teamId": 200,
    "championId": 25,
    "spell1": 14,
    "spell2": 4,
    "level": 30,
    "ipEarned": 51,
    "createDate": 1398242278846,
    "fellowPlayers": [
      {
        "summonerId": 42354262,
        "teamId": 200,
        "championId": 236
      },
      {
        "summonerId": 28961699,
        "teamId": 100,
        "championId": 55
      },
      {
        "summonerId": 27816953,
        "teamId": 100,
        "championId": 37
      },
      {
        "summonerId": 35443444,
        "teamId": 100,
        "championId": 64
      },
      {
        "summonerId": 23167091,
        "teamId": 200,
        "championId": 38
      },
      {
        "summonerId": 33484260,
        "teamId": 200,
        "championId": 254
      },
      {
        "summonerId": 35428919,
        "teamId": 200,
        "championId": 24
      },
      {
        "summonerId": 29090669,
        "teamId": 100,
        "championId": 58
      },
      {
        "summonerId": 38103866,
        "teamId": 100,
        "championId": 222
      }
    ],
    "stats": {
      "level": 11,
      "goldEarned": 5456,
      "numDeaths": 8,
      "minionsKilled": 33,
      "championsKilled": 1,
      "goldSpent": 4760,
      "totalDamageDealt": 33027,
      "totalDamageTaken": 15963,
      "team": 200,
      "win": false,
      "neutralMinionsKilled": 3,
      "largestMultiKill": 1,
      "physicalDamageDealtPlayer": 5137,
      "magicDamageDealtPlayer": 27579,
      "physicalDamageTaken": 10103,
      "magicDamageTaken": 5568,
      "timePlayed": 1502,
      "totalHeal": 376,
      "totalUnitsHealed": 1,
      "assists": 4,
      "item0": 3191,
      "item1": 1056,
      "item2": 3096,
      "item3": 2049,
      "item4": 2044,
      "item5": 3020,
      "item6": 3340,
      "sightWardsBought": 3,
      "magicDamageDealtToChampions": 6334,
      "physicalDamageDealtToChampions": 137,
      "totalDamageDealtToChampions": 6781,
      "trueDamageDealtPlayer": 310,
      "trueDamageDealtToChampions": 310,
      "trueDamageTaken": 292,
      "wardKilled": 1,
      "wardPlaced": 13,
      "neutralMinionsKilledEnemyJungle": 2,
      "neutralMinionsKilledYourJungle": 1,
      "totalTimeCrowdControlDealt": 77
    }
  },
  "33484260": {
    "gameId": 818168547,
    "invalid": false,
    "gameMode": "CLASSIC",
    "gameType": "MATCHED_GAME",
    "subType": "RANKED_SOLO_5x5",
    "mapId": 1,
    "teamId": 200,
    "championId": 254,
    "spell1": 4,
    "spell2": 11,
    "level": 30,
    "ipEarned": 51,
    "createDate": 1398242278847,
    "fellowPlayers": [
      {
        "summonerId": 42354262,
        "teamId": 200,
        "championId": 236
      },
      {
        "summonerId": 28961699,
        "teamId": 100,
        "championId": 55
      },
      {
        "summonerId": 27816953,
        "teamId": 100,
        "championId": 37
      },
      {
        "summonerId": 35443444,
        "teamId": 100,
        "championId": 64
      },
      {
        "summonerId": 23167091,
        "teamId": 200,
        "championId": 38
      },
      {
        "summonerId": 39545985,
        "teamId": 200,
        "championId": 25
      },
      {
        "summonerId": 35428919,
        "teamId": 200,
        "championId": 24
      },
      {
        "summonerId": 29090669,
        "teamId": 100,
        "championId": 58
      },
      {
        "summonerId": 38103866,
        "teamId": 100,
        "championId": 222
      }
    ],
    "stats": {
      "level": 12,
      "goldEarned": 6608,
      "numDeaths": 6,
      "minionsKilled": 15,
      "championsKilled": 2,
      "goldSpent": 5795,
      "totalDamageDealt": 88824,
      "totalDamageTaken": 15778,
      "killingSprees": 1,
      "largestKillingSpree": 2,
      "team": 200,
      "win": false,
      "neutralMinionsKilled": 76,
      "largestMultiKill": 1,
      "physicalDamageDealtPlayer": 60928,
      "magicDamageDealtPlayer": 18909,
      "physicalDamageTaken": 12303,
      "magicDamageTaken": 2953,
      "timePlayed": 1502,
      "totalHeal": 1956,
      "totalUnitsHealed": 1,
      "assists": 7,
      "item0": 3154,
      "item1": 3065,
      "item2": 3047,
      "item6": 3340,
      "physicalDamageDealtToChampions": 5870,
      "totalDamageDealtToChampions": 6056,
      "trueDamageDealtPlayer": 8986,
      "trueDamageDealtToChampions": 186,
      "trueDamageTaken": 522,
      "wardKilled": 1,
      "wardPlaced": 4,
      "neutralMinionsKilledEnemyJungle": 4,
      "neutralMinionsKilledYourJungle": 72,
      "totalTimeCrowdControlDealt": 146
    }
  },
  "35428919": {
    "gameId": 818168547,
    "invalid": false,
    "gameMode": "CLASSIC",
    "gameType": "MATCHED_GAME",
    "subType": "RANKED_SOLO_5x5",
    "mapId": 1,
    "teamId": 200,
    "championId": 24,
    "spell1": 4,
    "spell2": 14,
    "level": 30,
    "ipEarned": 51,
    "createDate": 1398242278845,
    "fellowPlayers": [
      {
        "summonerId": 42354262,
        "teamId": 200,
        "championId": 236
      },
      {
        "summonerId": 28961699,
        "teamId": 100,
        "championId": 55
      },
      {
        "summonerId": 27816953,
        "teamId": 100,
        "championId": 37
      },
      {
        "summonerId": 35443444,
        "teamId": 100,
        "championId": 64
      },
      {
        "summonerId": 23167091,
        "teamId": 200,
        "championId": 38
      },
      {
        "summonerId": 33484260,
        "teamId": 200,
        "championId": 254
      },
      {
        "summonerId": 39545985,
        "teamId": 200,
        "championId": 25
      },
      {
        "summonerId": 29090669,
        "teamId": 100,
        "championId": 58
      },
      {
        "summonerId": 38103866,
        "teamId": 100,
        "championId": 222
      }
    ],
    "stats": {
      "level": 13,
      "goldEarned": 8321,
      "numDeaths": 3,
      "minionsKilled": 143,
      "championsKilled": 4,
      "goldSpent": 7668,
      "totalDamageDealt": 71231,
      "totalDamageTaken": 16675,
      "doubleKills": 2,
      "killingSprees": 2,
      "largestKillingSpree": 2,
      "team": 200,
      "win": false,
      "neutralMinionsKilled": 5,
      "largestMultiKill": 2,
      "physicalDamageDealtPlayer": 54223,
      "magicDamageDealtPlayer": 16060,
      "physicalDamageTaken": 11557,
      "magicDamageTaken": 4887,
      "largestCriticalStrike": 488,
      "timePlayed": 1502,
      "totalHeal": 2343,
      "totalUnitsHealed": 1,
      "assists": 5,
      "item0": 3144,
      "item1": 3260,
      "item2": 1055,
      "item3": 3078,
      "item5": 1055,
      "item6": 3340,
      "magicDamageDealtToChampions": 3159,
      "physicalDamageDealtToChampions": 7496,
      "totalDamageDealtToChampions": 11555,
      "trueDamageDealtPlayer": 948,
      "trueDamageDealtToChampions": 900,
      "trueDamageTaken": 230,
      "wardPlaced": 4,
      "neutralMinionsKilledYourJungle": 5,
      "totalTimeCrowdControlDealt": 152
    }
  }
}