{
  "22157605": {
    "gameId": 818161241,
    "invalid": false,
    "gameMode": "CLASSIC",
    "gameType": "MATCHED_GAME",
    "subType": "NORMAL",
    "mapId": 1,
    "teamId": 200,
    "championId": 29,
    "spell1": 4,
    "spell2": 21,
    "level": 30,
    "ipEarned": 251,
    "createDate": 1398243101042,
    "fellowPlayers": [
      {
        "summonerId": 41791443,
        "teamId": 200,
        "championId": 89
      },
      {
        "summonerId": 33901373,
        "teamId": 100,
        "championId": 107
      },
      {
        "summonerId": 39008943,
        "teamId": 100,
        "championId": 16
      },
      {
        "summonerId": 33793542,
        "teamId": 200,
        "championId": 107
      },
      {
        "summonerId": 24388205,
        "teamId": 100,
        "championId": 117
      },
      {
        "summonerId": 34902454,
        "teamId": 200,
        "championId": 24
      },
      {
        "summonerId": 36771657,
        "teamId": 100,
        "championId": 76
      },
      {
        "summonerId": 35367304,
        "teamId": 200,
        "championId": 157
      },
      {
        "summonerId": 25569440,
        "teamId": 100,
        "championId": 81
      }
    ],
    "stats": {
      "level": 17,
      "goldEarned": 14502,
      "numDeaths": 2,
      "turretsKilled": 1,
      "minionsKilled": 191,
      "championsKilled": 10,
      "goldSpent": 12875,
      "totalDamageDealt": 139734,
      "totalDamageTaken": 22885,
      "killingSprees": 1,
      "largestKillingSpree": 8,
      "team": 200,
      "win": true,
      "neutralMinionsKilled": 15,
      "largestMultiKill": 1,
      "physicalDamageDealtPlayer": 126875,
      "magicDamageDealtPlayer": 3278,
      "physicalDamageTaken": 9348,
      "magicDamageTaken": 13190,
      "largestCriticalStrike": 593,
      "timePlayed": 2162,
      "totalHeal": 1010,
      "totalUnitsHealed": 1,
      "assists": 14,
      "item0": 3153,
      "item1": 3031,
      "item2": 3046,
      "item3": 1037,
      "item4": 3254,
      "item6": 3340,
      "magicDamageDealtToChampions": 973,
      "physicalDamageDealtToChampions": 28321,
      "totalDamageDealtToChampions": 34507,
      "trueDamageDealtPlayer": 9580,
      "trueDamageDealtToChampions": 5212,
      "trueDamageTaken": 346,
      "wardKilled": 1,
      "wardPlaced": 8,
      "neutralMinionsKilledEnemyJungle": 1,
      "neutralMinionsKilledYourJungle": 14,
      "totalTimeCrowdControlDealt": 432
    }
  },
  "summonerCount": 10,
  "36771657": {
    "gameId": 818161241,
    "invalid": false,
    "gameMode": "CLASSIC",
    "gameType": "MATCHED_GAME",
    "subType": "NORMAL",
    "mapId": 1,
    "teamId": 100,
    "championId": 76,
    "spell1": 4,
    "spell2": 7,
    "level": 30,
    "ipEarned": 67,
    "createDate": 1398243101036,
    "fellowPlayers": [
      {
        "summonerId": 41791443,
        "teamId": 200,
        "championId": 89
      },
      {
        "summonerId": 33901373,
        "teamId": 100,
        "championId": 107
      },
      {
        "summonerId": 39008943,
        "teamId": 100,
        "championId": 16
      },
      {
        "summonerId": 33793542,
        "teamId": 200,
        "championId": 107
      },
      {
        "summonerId": 22157605,
        "teamId": 200,
        "championId": 29
      },
      {
        "summonerId": 24388205,
        "teamId": 100,
        "championId": 117
      },
      {
        "summonerId": 34902454,
        "teamId": 200,
        "championId": 24
      },
      {
        "summonerId": 35367304,
        "teamId": 200,
        "championId": 157
      },
      {
        "summonerId": 25569440,
        "teamId": 100,
        "championId": 81
      }
    ],
    "stats": {
      "level": 16,
      "goldEarned": 12084,
      "numDeaths": 7,
      "turretsKilled": 2,
      "minionsKilled": 142,
      "championsKilled": 11,
      "goldSpent": 12185,
      "totalDamageDealt": 106139,
      "totalDamageTaken": 30416,
      "doubleKills": 2,
      "tripleKills": 1,
      "killingSprees": 3,
      "largestKillingSpree": 4,
      "team": 100,
      "win": false,
      "neutralMinionsKilled": 2,
      "largestMultiKill": 3,
      "physicalDamageDealtPlayer": 22237,
      "magicDamageDealtPlayer": 83902,
      "physicalDamageTaken": 23339,
      "magicDamageTaken": 5100,
      "timePlayed": 2162,
      "totalHeal": 10512,
      "totalUnitsHealed": 5,
      "assists": 6,
      "item0": 3040,
      "item1": 3089,
      "item2": 3057,
      "item3": 1052,
      "item4": 3135,
      "item5": 3259,
      "item6": 3340,
      "magicDamageDealtToChampions": 31934,
      "physicalDamageDealtToChampions": 2856,
      "totalDamageDealtToChampions": 34790,
      "trueDamageTaken": 1976,
      "wardKilled": 1,
      "wardPlaced": 4,
      "neutralMinionsKilledEnemyJungle": 1,
      "neutralMinionsKilledYourJungle": 1
    }
  },
  "39008943": {
    "gameId": 818161241,
    "invalid": false,
    "gameMode": "CLASSIC",
    "gameType": "MATCHED_GAME",
    "subType": "NORMAL",
    "mapId": 1,
    "teamId": 100,
    "championId": 16,
    "spell1": 4,
    "spell2": 7,
    "level": 30,
    "ipEarned": 67,
    "createDate": 1398243101034,
    "fellowPlayers": [
      {
        "summonerId": 41791443,
        "teamId": 200,
        "championId": 89
      },
      {
        "summonerId": 33901373,
        "teamId": 100,
        "championId": 107
      },
      {
        "summonerId": 33793542,
        "teamId": 200,
        "championId": 107
      },
      {
        "summonerId": 22157605,
        "teamId": 200,
        "championId": 29
      },
      {
        "summonerId": 24388205,
        "teamId": 100,
        "championId": 117
      },
      {
        "summonerId": 34902454,
        "teamId": 200,
        "championId": 24
      },
      {
        "summonerId": 36771657,
        "teamId": 100,
        "championId": 76
      },
      {
        "summonerId": 35367304,
        "teamId": 200,
        "championId": 157
      },
      {
        "summonerId": 25569440,
        "teamId": 100,
        "championId": 81
      }
    ],
    "stats": {
      "level": 16,
      "goldEarned": 11760,
      "numDeaths": 9,
      "turretsKilled": 2,
      "minionsKilled": 205,
      "championsKilled": 1,
      "goldSpent": 11180,
      "totalDamageDealt": 146449,
      "totalDamageTaken": 31579,
      "team": 100,
      "win": false,
      "largestMultiKill": 1,
      "physicalDamageDealtPlayer": 9047,
      "magicDamageDealtPlayer": 137402,
      "physicalDamageTaken": 24189,
      "magicDamageTaken": 6078,
      "timePlayed": 2162,
      "totalHeal": 23261,
      "totalUnitsHealed": 5,
      "assists": 16,
      "item0": 1056,
      "item2": 3089,
      "item3": 3116,
      "item4": 3151,
      "item5": 3158,
      "item6": 3340,
      "magicDamageDealtToChampions": 28899,
      "physicalDamageDealtToChampions": 1950,
      "totalDamageDealtToChampions": 30850,
      "trueDamageTaken": 1312,
      "wardPlaced": 6,
      "totalTimeCrowdControlDealt": 271
    }
  },
  "33901373": {
    "gameId": 818161241,
    "invalid": false,
    "gameMode": "CLASSIC",
    "gameType": "MATCHED_GAME",
    "subType": "NORMAL",
    "mapId": 1,
    "teamId": 100,
    "championId": 107,
    "spell1": 11,
    "spell2": 4,
    "level": 30,
    "ipEarned": 67,
    "createDate": 1398243101035,
    "fellowPlayers": [
      {
        "summonerId": 41791443,
        "teamId": 200,
        "championId": 89
      },
      {
        "summonerId": 39008943,
        "teamId": 100,
        "championId": 16
      },
      {
        "summonerId": 33793542,
        "teamId": 200,
        "championId": 107
      },
      {
        "summonerId": 22157605,
        "teamId": 200,
        "championId": 29
      },
      {
        "summonerId": 24388205,
        "teamId": 100,
        "championId": 117
      },
      {
        "summonerId": 34902454,
        "teamId": 200,
        "championId": 24
      },
      {
        "summonerId": 36771657,
        "teamId": 100,
        "championId": 76
      },
      {
        "summonerId": 35367304,
        "teamId": 200,
        "championId": 157
      },
      {
        "summonerId": 25569440,
        "teamId": 100,
        "championId": 81
      }
    ],
    "stats": {
      "level": 17,
      "goldEarned": 13346,
      "numDeaths": 6,
      "minionsKilled": 48,
      "championsKilled": 12,
      "goldSpent": 12195,
      "totalDamageDealt": 157042,
      "totalDamageTaken": 36833,
      "doubleKills": 1,
      "killingSprees": 3,
      "largestKillingSpree": 4,
      "team": 100,
      "win": false,
      "neutralMinionsKilled": 86,
      "largestMultiKill": 2,
      "physicalDamageDealtPlayer": 136416,
      "magicDamageDealtPlayer": 12334,
      "physicalDamageTaken": 30642,
      "magicDamageTaken": 4876,
      "largestCriticalStrike": 535,
      "timePlayed": 2162,
      "totalHeal": 6304,
      "totalUnitsHealed": 1,
      "assists": 9,
      "item0": 1055,
      "item1": 3047,
      "item2": 3074,
      "item3": 3046,
      "item4": 3072,
      "item5": 1011,
      "item6": 3171,
      "magicDamageDealtToChampions": 1595,
      "physicalDamageDealtToChampions": 20999,
      "totalDamageDealtToChampions": 24166,
      "trueDamageDealtPlayer": 8292,
      "trueDamageDealtToChampions": 1572,
      "trueDamageTaken": 1314,
      "wardPlaced": 11,
      "neutralMinionsKilledEnemyJungle": 18,
      "neutralMinionsKilledYourJungle": 68,
      "totalTimeCrowdControlDealt": 712
    }
  },
  "24388205": {
    "gameId": 818161241,
    "invalid": false,
    "gameMode": "CLASSIC",
    "gameType": "MATCHED_GAME",
    "subType": "NORMAL",
    "mapId": 1,
    "teamId": 100,
    "championId": 117,
    "spell1": 4,
    "spell2": 14,
    "level": 30,
    "ipEarned": 67,
    "createDate": 1398243101033,
    "fellowPlayers": [
      {
        "summonerId": 41791443,
        "teamId": 200,
        "championId": 89
      },
      {
        "summonerId": 33901373,
        "teamId": 100,
        "championId": 107
      },
      {
        "summonerId": 39008943,
        "teamId": 100,
        "championId": 16
      },
      {
        "summonerId": 33793542,
        "teamId": 200,
        "championId": 107
      },
      {
        "summonerId": 22157605,
        "teamId": 200,
        "championId": 29
      },
      {
        "summonerId": 34902454,
        "teamId": 200,
        "championId": 24
      },
      {
        "summonerId": 36771657,
        "teamId": 100,
        "championId": 76
      },
      {
        "summonerId": 35367304,
        "teamId": 200,
        "championId": 157
      },
      {
        "summonerId": 25569440,
        "teamId": 100,
        "championId": 81
      }
    ],
    "stats": {
      "level": 15,
      "goldEarned": 10886,
      "numDeaths": 8,
      "turretsKilled": 1,
      "minionsKilled": 42,
      "championsKilled": 3,
      "goldSpent": 12250,
      "totalDamageDealt": 47335,
      "totalDamageTaken": 26981,
      "killingSprees": 1,
      "largestKillingSpree": 2,
      "team": 100,
      "win": false,
      "largestMultiKill": 1,
      "physicalDamageDealtPlayer": 8062,
      "magicDamageDealtPlayer": 37958,
      "physicalDamageTaken": 19087,
      "magicDamageTaken": 5749,
      "timePlayed": 2162,
      "totalHeal": 572,
      "totalUnitsHealed": 1,
      "assists": 12,
      "item0": 3190,
      "item1": 2049,
      "item2": 3092,
      "item3": 3025,
      "item5": 3260,
      "item6": 3341,
      "sightWardsBought": 2,
      "magicDamageDealtToChampions": 9292,
      "physicalDamageDealtToChampions": 2854,
      "totalDamageDealtToChampions": 13353,
      "trueDamageDealtPlayer": 1314,
      "trueDamageDealtToChampions": 1206,
      "trueDamageTaken": 2143,
      "wardPlaced": 18,
      "totalTimeCrowdControlDealt": 567
    }
  },
  "35367304": {
    "gameId": 818161241,
    "invalid": false,
    "gameMode": "CLASSIC",
    "gameType": "MATCHED_GAME",
    "subType": "NORMAL",
    "mapId": 1,
    "teamId": 200,
    "championId": 157,
    "spell1": 4,
    "spell2": 14,
    "level": 30,
    "ipEarned": 251,
    "createDate": 1398243101039,
    "fellowPlayers": [
      {
        "summonerId": 41791443,
        "teamId": 200,
        "championId": 89
      },
      {
        "summonerId": 33901373,
        "teamId": 100,
        "championId": 107
      },
      {
        "summonerId": 39008943,
        "teamId": 100,
        "championId": 16
      },
      {
        "summonerId": 33793542,
        "teamId": 200,
        "championId": 107
      },
      {
        "summonerId": 22157605,
        "teamId": 200,
        "championId": 29
      },
      {
        "summonerId": 24388205,
        "teamId": 100,
        "championId": 117
      },
      {
        "summonerId": 34902454,
        "teamId": 200,
        "championId": 24
      },
      {
        "summonerId": 36771657,
        "teamId": 100,
        "championId": 76
      },
      {
        "summonerId": 25569440,
        "teamId": 100,
        "championId": 81
      }
    ],
    "stats": {
      "level": 16,
      "goldEarned": 11586,
      "numDeaths": 8,
      "turretsKilled": 2,
      "minionsKilled": 177,
      "championsKilled": 6,
      "goldSpent": 10485,
      "totalDamageDealt": 125006,
      "totalDamageTaken": 30447,
      "killingSprees": 2,
      "largestKillingSpree": 3,
      "team": 200,
      "win": true,
      "neutralMinionsKilled": 4,
      "largestMultiKill": 1,
      "physicalDamageDealtPlayer": 94562,
      "magicDamageDealtPlayer": 29599,
      "physicalDamageTaken": 14354,
      "magicDamageTaken": 15095,
      "largestCriticalStrike": 367,
      "timePlayed": 2162,
      "totalHeal": 2398,
      "totalUnitsHealed": 1,
      "assists": 4,
      "item0": 1055,
      "item1": 3153,
      "item2": 3250,
      "item3": 3087,
      "item4": 1053,
      "item5": 1037,
      "item6": 3340,
      "sightWardsBought": 2,
      "visionWardsBought": 1,
      "magicDamageDealtToChampions": 6105,
      "physicalDamageDealtToChampions": 17243,
      "totalDamageDealtToChampions": 24193,
      "trueDamageDealtPlayer": 844,
      "trueDamageDealtToChampions": 844,
      "trueDamageTaken": 998,
      "wardKilled": 1,
      "wardPlaced": 19,
      "neutralMinionsKilledEnemyJungle": 4,
      "totalTimeCrowdControlDealt": 72
    }
  },
  "25569440": {
    "gameId": 818161241,
    "invalid": false,
    "gameMode": "CLASSIC",
    "gameType": "MATCHED_GAME",
    "subType": "NORMAL",
    "mapId": 1,
    "teamId": 100,
    "championId": 81,
    "spell1": 4,
    "spell2": 21,
    "level": 30,
    "ipEarned": 67,
    "createDate": 1398243101032,
    "fellowPlayers": [
      {
        "summonerId": 41791443,
        "teamId": 200,
        "championId": 89
      },
      {
        "summonerId": 33901373,
        "teamId": 100,
        "championId": 107
      },
      {
        "summonerId": 39008943,
        "teamId": 100,
        "championId": 16
      },
      {
        "summonerId": 33793542,
        "teamId": 200,
        "championId": 107
      },
      {
        "summonerId": 22157605,
        "teamId": 200,
        "championId": 29
      },
      {
        "summonerId": 24388205,
        "teamId": 100,
        "championId": 117
      },
      {
        "summonerId": 34902454,
        "teamId": 200,
        "championId": 24
      },
      {
        "summonerId": 36771657,
        "teamId": 100,
        "championId": 76
      },
      {
        "summonerId": 35367304,
        "teamId": 200,
        "championId": 157
      }
    ],
    "stats": {
      "level": 16,
      "goldEarned": 9725,
      "numDeaths": 6,
      "minionsKilled": 112,
      "championsKilled": 3,
      "goldSpent": 8988,
      "totalDamageDealt": 114554,
      "totalDamageTaken": 25064,
      "team": 100,
      "win": false,
      "neutralMinionsKilled": 30,
      "largestMultiKill": 1,
      "physicalDamageDealtPlayer": 87992,
      "magicDamageDealtPlayer": 23361,
      "physicalDamageTaken": 20795,
      "magicDamageTaken": 3199,
      "largestCriticalStrike": 463,
      "timePlayed": 2162,
      "totalHeal": 307,
      "totalUnitsHealed": 1,
      "assists": 8,
      "item0": 3078,
      "item1": 3072,
      "item2": 2044,
      "item3": 3006,
      "item4": 2004,
      "item6": 3340,
      "sightWardsBought": 6,
      "magicDamageDealtToChampions": 8071,
      "physicalDamageDealtToChampions": 12950,
      "totalDamageDealtToChampions": 22229,
      "trueDamageDealtPlayer": 3200,
      "trueDamageDealtToChampions": 1208,
      "trueDamageTaken": 1069,
      "wardPlaced": 14,
      "neutralMinionsKilledEnemyJungle": 6,
      "neutralMinionsKilledYourJungle": 24,
      "totalTimeCrowdControlDealt": 398
    }
  },
  "41791443": {
    "gameId": 818161241,
    "invalid": false,
    "gameMode": "CLASSIC",
    "gameType": "MATCHED_GAME",
    "subType": "NORMAL",
    "mapId": 1,
    "teamId": 200,
    "championId": 89,
    "spell1": 4,
    "spell2": 7,
    "level": 30,
    "ipEarned": 101,
    "createDate": 1398243101037,
    "fellowPlayers": [
      {
        "summonerId": 33901373,
        "teamId": 100,
        "championId": 107
      },
      {
        "summonerId": 39008943,
        "teamId": 100,
        "championId": 16
      },
      {
        "summonerId": 33793542,
        "teamId": 200,
        "championId": 107
      },
      {
        "summonerId": 22157605,
        "teamId": 200,
        "championId": 29
      },
      {
        "summonerId": 24388205,
        "teamId": 100,
        "championId": 117
      },
      {
        "summonerId": 34902454,
        "teamId": 200,
        "championId": 24
      },
      {
        "summonerId": 36771657,
        "teamId": 100,
        "championId": 76
      },
      {
        "summonerId": 35367304,
        "teamId": 200,
        "championId": 157
      },
      {
        "summonerId": 25569440,
        "teamId": 100,
        "championId": 81
      }
    ],
    "stats": {
      "level": 16,
      "goldEarned": 10396,
      "numDeaths": 6,
      "minionsKilled": 53,
      "championsKilled": 2,
      "goldSpent": 8975,
      "totalDamageDealt": 41914,
      "totalDamageTaken": 31684,
      "killingSprees": 1,
      "largestKillingSpree": 2,
      "team": 200,
      "win": true,
      "largestMultiKill": 1,
      "physicalDamageDealtPlayer": 10039,
      "magicDamageDealtPlayer": 28262,
      "physicalDamageTaken": 11114,
      "magicDamageTaken": 19052,
      "timePlayed": 2162,
      "totalHeal": 7571,
      "totalUnitsHealed": 5,
      "assists": 19,
      "item0": 3143,
      "item1": 3097,
      "item2": 3068,
      "item3": 1028,
      "item4": 3265,
      "item6": 3340,
      "magicDamageDealtToChampions": 8904,
      "physicalDamageDealtToChampions": 2900,
      "totalDamageDealtToChampions": 11804,
      "trueDamageDealtPlayer": 3612,
      "trueDamageTaken": 1518,
      "wardPlaced": 7,
      "totalTimeCrowdControlDealt": 510
    }
  },
  "33793542": {
    "gameId": 818161241,
    "invalid": false,
    "gameMode": "CLASSIC",
    "gameType": "MATCHED_GAME",
    "subType": "NORMAL",
    "mapId": 1,
    "teamId": 200,
    "championId": 107,
    "spell1": 11,
    "spell2": 4,
    "level": 30,
    "ipEarned": 101,
    "createDate": 1398243101040,
    "fellowPlayers": [
      {
        "summonerId": 41791443,
        "teamId": 200,
        "championId": 89
      },
      {
        "summonerId": 33901373,
        "teamId": 100,
        "championId": 107
      },
      {
        "summonerId": 39008943,
        "teamId": 100,
        "championId": 16
      },
      {
        "summonerId": 22157605,
        "teamId": 200,
        "championId": 29
      },
      {
        "summonerId": 24388205,
        "teamId": 100,
        "championId": 117
      },
      {
        "summonerId": 34902454,
        "teamId": 200,
        "championId": 24
      },
      {
        "summonerId": 36771657,
        "teamId": 100,
        "championId": 76
      },
      {
        "summonerId": 35367304,
        "teamId": 200,
        "championId": 157
      },
      {
        "summonerId": 25569440,
        "teamId": 100,
        "championId": 81
      }
    ],
    "stats": {
      "level": 18,
      "goldEarned": 16140,
      "numDeaths": 7,
      "turretsKilled": 1,
      "minionsKilled": 60,
      "championsKilled": 16,
      "goldSpent": 16028,
      "totalDamageDealt": 223342,
      "totalDamageTaken": 40545,
      "doubleKills": 4,
      "killingSprees": 5,
      "largestKillingSpree": 4,
      "team": 200,
      "win": true,
      "neutralMinionsKilled": 114,
      "largestMultiKill": 2,
      "physicalDamageDealtPlayer": 141843,
      "magicDamageDealtPlayer": 65317,
      "physicalDamageTaken": 25598,
      "magicDamageTaken": 13550,
      "largestCriticalStrike": 713,
      "timePlayed": 2162,
      "totalHeal": 11431,
      "totalUnitsHealed": 1,
      "assists": 6,
      "item0": 3160,
      "item1": 3074,
      "item2": 3117,
      "item3": 3078,
      "item4": 3143,
      "item5": 3155,
      "item6": 3171,
      "magicDamageDealtToChampions": 6549,
      "physicalDamageDealtToChampions": 24621,
      "totalDamageDealtToChampions": 32139,
      "trueDamageDealtPlayer": 16182,
      "trueDamageDealtToChampions": 968,
      "trueDamageTaken": 1397,
      "wardPlaced": 8,
      "neutralMinionsKilledEnemyJungle": 13,
      "neutralMinionsKilledYourJungle": 101,
      "totalTimeCrowdControlDealt": 959
    }
  },
  "22157605": {
    "gameId": 818161241,
    "invalid": false,
    "gameMode": "CLASSIC",
    "gameType": "MATCHED_GAME",
    "subType": "NORMAL",
    "mapId": 1,
    "teamId": 200,
    "championId": 29,
    "spell1": 4,
    "spell2": 21,
    "level": 30,
    "ipEarned": 251,
    "createDate": 1398243101042,
    "fellowPlayers": [
      {
        "summonerId": 41791443,
        "teamId": 200,
        "championId": 89
      },
      {
        "summonerId": 33901373,
        "teamId": 100,
        "championId": 107
      },
      {
        "summonerId": 39008943,
        "teamId": 100,
        "championId": 16
      },
      {
        "summonerId": 33793542,
        "teamId": 200,
        "championId": 107
      },
      {
        "summonerId": 24388205,
        "teamId": 100,
        "championId": 117
      },
      {
        "summonerId": 34902454,
        "teamId": 200,
        "championId": 24
      },
      {
        "summonerId": 36771657,
        "teamId": 100,
        "championId": 76
      },
      {
        "summonerId": 35367304,
        "teamId": 200,
        "championId": 157
      },
      {
        "summonerId": 25569440,
        "teamId": 100,
        "championId": 81
      }
    ],
    "stats": {
      "level": 17,
      "goldEarned": 14502,
      "numDeaths": 2,
      "turretsKilled": 1,
      "minionsKilled": 191,
      "championsKilled": 10,
      "goldSpent": 12875,
      "totalDamageDealt": 139734,
      "totalDamageTaken": 22885,
      "killingSprees": 1,
      "largestKillingSpree": 8,
      "team": 200,
      "win": true,
      "neutralMinionsKilled": 15,
      "largestMultiKill": 1,
      "physicalDamageDealtPlayer": 126875,
      "magicDamageDealtPlayer": 3278,
      "physicalDamageTaken": 9348,
      "magicDamageTaken": 13190,
      "largestCriticalStrike": 593,
      "timePlayed": 2162,
      "totalHeal": 1010,
      "totalUnitsHealed": 1,
      "assists": 14,
      "item0": 3153,
      "item1": 3031,
      "item2": 3046,
      "item3": 1037,
      "item4": 3254,
      "item6": 3340,
      "magicDamageDealtToChampions": 973,
      "physicalDamageDealtToChampions": 28321,
      "totalDamageDealtToChampions": 34507,
      "trueDamageDealtPlayer": 9580,
      "trueDamageDealtToChampions": 5212,
      "trueDamageTaken": 346,
      "wardKilled": 1,
      "wardPlaced": 8,
      "neutralMinionsKilledEnemyJungle": 1,
      "neutralMinionsKilledYourJungle": 14,
      "totalTimeCrowdControlDealt": 432
    }
  }
}