{
  "35021633": {
    "gameId": 818161584,
    "invalid": false,
    "gameMode": "CLASSIC",
    "gameType": "MATCHED_GAME",
    "subType": "RANKED_SOLO_5x5",
    "mapId": 1,
    "teamId": 100,
    "championId": 13,
    "spell1": 14,
    "spell2": 4,
    "level": 30,
    "ipEarned": 76,
    "createDate": 1398242466544,
    "fellowPlayers": [
      {
        "summonerId": 37586058,
        "teamId": 100,
        "championId": 75
      },
      {
        "summonerId": 39599259,
        "teamId": 100,
        "championId": 53
      },
      {
        "summonerId": 24670503,
        "teamId": 200,
        "championId": 58
      },
      {
        "summonerId": 31363189,
        "teamId": 200,
        "championId": 92
      },
      {
        "summonerId": 25914418,
        "teamId": 100,
        "championId": 222
      },
      {
        "summonerId": 31326490,
        "teamId": 200,
        "championId": 10
      },
      {
        "summonerId": 26602188,
        "teamId": 200,
        "championId": 1
      },
      {
        "summonerId": 34209596,
        "teamId": 100,
        "championId": 28
      },
      {
        "summonerId": 27267644,
        "teamId": 200,
        "championId": 67
      }
    ],
    "stats": {
      "level": 12,
      "goldEarned": 7697,
      "numDeaths": 3,
      "barracksKilled": 1,
      "minionsKilled": 79,
      "championsKilled": 7,
      "goldSpent": 5300,
      "totalDamageDealt": 39021,
      "totalDamageTaken": 11684,
      "killingSprees": 2,
      "largestKillingSpree": 4,
      "team": 100,
      "win": true,
      "largestMultiKill": 1,
      "physicalDamageDealtPlayer": 17539,
      "magicDamageDealtPlayer": 21078,
      "physicalDamageTaken": 6975,
      "magicDamageTaken": 4260,
      "timePlayed": 1233,
      "totalHeal": 341,
      "totalUnitsHealed": 1,
      "assists": 4,
      "item0": 3070,
      "item1": 3027,
      "item2": 1001,
      "item4": 3024,
      "item6": 3340,
      "magicDamageDealtToChampions": 9137,
      "physicalDamageDealtToChampions": 1591,
      "totalDamageDealtToChampions": 11132,
      "trueDamageDealtPlayer": 404,
      "trueDamageDealtToChampions": 404,
      "trueDamageTaken": 448,
      "wardPlaced": 1,
      "totalTimeCrowdControlDealt": 11
    }
  },
  "summonerCount": 10,
  "27267644": {
    "gameId": 818161584,
    "invalid": false,
    "gameMode": "CLASSIC",
    "gameType": "MATCHED_GAME",
    "subType": "RANKED_SOLO_5x5",
    "mapId": 1,
    "teamId": 200,
    "championId": 67,
    "spell1": 7,
    "spell2": 4,
    "level": 30,
    "ipEarned": 51,
    "createDate": 1398242466547,
    "fellowPlayers": [
      {
        "summonerId": 37586058,
        "teamId": 100,
        "championId": 75
      },
      {
        "summonerId": 39599259,
        "teamId": 100,
        "championId": 53
      },
      {
        "summonerId": 24670503,
        "teamId": 200,
        "championId": 58
      },
      {
        "summonerId": 31363189,
        "teamId": 200,
        "championId": 92
      },
      {
        "summonerId": 25914418,
        "teamId": 100,
        "championId": 222
      },
      {
        "summonerId": 31326490,
        "teamId": 200,
        "championId": 10
      },
      {
        "summonerId": 26602188,
        "teamId": 200,
        "championId": 1
      },
      {
        "summonerId": 34209596,
        "teamId": 100,
        "championId": 28
      },
      {
        "summonerId": 35021633,
        "teamId": 100,
        "championId": 13
      }
    ],
    "stats": {
      "level": 6,
      "goldEarned": 3502,
      "numDeaths": 3,
      "minionsKilled": 40,
      "goldSpent": 1705,
      "totalDamageDealt": 12617,
      "totalDamageTaken": 6063,
      "team": 200,
      "win": false,
      "physicalDamageDealtPlayer": 11820,
      "physicalDamageTaken": 4577,
      "magicDamageTaken": 1486,
      "largestCriticalStrike": 92,
      "timePlayed": 1233,
      "totalHeal": 630,
      "totalUnitsHealed": 2,
      "assists": 1,
      "item0": 1055,
      "item1": 2003,
      "item2": 1001,
      "item3": 1053,
      "item6": 3340,
      "physicalDamageDealtToChampions": 2730,
      "totalDamageDealtToChampions": 3198,
      "trueDamageDealtPlayer": 796,
      "trueDamageDealtToChampions": 467,
      "totalTimeCrowdControlDealt": 4
    }
  },
  "24670503": {
    "gameId": 818161584,
    "invalid": false,
    "gameMode": "CLASSIC",
    "gameType": "MATCHED_GAME",
    "subType": "RANKED_SOLO_5x5",
    "mapId": 1,
    "teamId": 200,
    "championId": 58,
    "spell1": 4,
    "spell2": 11,
    "level": 30,
    "ipEarned": 51,
    "createDate": 1398242466548,
    "fellowPlayers": [
      {
        "summonerId": 37586058,
        "teamId": 100,
        "championId": 75
      },
      {
        "summonerId": 39599259,
        "teamId": 100,
        "championId": 53
      },
      {
        "summonerId": 31363189,
        "teamId": 200,
        "championId": 92
      },
      {
        "summonerId": 25914418,
        "teamId": 100,
        "championId": 222
      },
      {
        "summonerId": 31326490,
        "teamId": 200,
        "championId": 10
      },
      {
        "summonerId": 26602188,
        "teamId": 200,
        "championId": 1
      },
      {
        "summonerId": 34209596,
        "teamId": 100,
        "championId": 28
      },
      {
        "summonerId": 27267644,
        "teamId": 200,
        "championId": 67
      },
      {
        "summonerId": 35021633,
        "teamId": 100,
        "championId": 13
      }
    ],
    "stats": {
      "level": 9,
      "goldEarned": 3928,
      "numDeaths": 6,
      "minionsKilled": 15,
      "championsKilled": 1,
      "goldSpent": 3785,
      "totalDamageDealt": 31184,
      "totalDamageTaken": 13826,
      "team": 200,
      "win": false,
      "neutralMinionsKilled": 25,
      "largestMultiKill": 1,
      "physicalDamageDealtPlayer": 26383,
      "magicDamageDealtPlayer": 995,
      "physicalDamageTaken": 9567,
      "magicDamageTaken": 4160,
      "timePlayed": 1233,
      "totalHeal": 1130,
      "totalUnitsHealed": 1,
      "assists": 2,
      "item0": 3209,
      "item1": 1001,
      "item2": 2003,
      "item3": 1011,
      "item6": 3340,
      "sightWardsBought": 1,
      "magicDamageDealtToChampions": 236,
      "physicalDamageDealtToChampions": 3560,
      "totalDamageDealtToChampions": 4204,
      "trueDamageDealtPlayer": 3805,
      "trueDamageDealtToChampions": 408,
      "trueDamageTaken": 98,
      "wardPlaced": 1,
      "neutralMinionsKilledYourJungle": 25,
      "totalTimeCrowdControlDealt": 159
    }
  },
  "34209596": {
    "gameId": 818161584,
    "invalid": false,
    "gameMode": "CLASSIC",
    "gameType": "MATCHED_GAME",
    "subType": "RANKED_SOLO_5x5",
    "mapId": 1,
    "teamId": 100,
    "championId": 28,
    "spell1": 11,
    "spell2": 4,
    "level": 30,
    "ipEarned": 226,
    "createDate": 1398242466541,
    "fellowPlayers": [
      {
        "summonerId": 37586058,
        "teamId": 100,
        "championId": 75
      },
      {
        "summonerId": 39599259,
        "teamId": 100,
        "championId": 53
      },
      {
        "summonerId": 24670503,
        "teamId": 200,
        "championId": 58
      },
      {
        "summonerId": 31363189,
        "teamId": 200,
        "championId": 92
      },
      {
        "summonerId": 25914418,
        "teamId": 100,
        "championId": 222
      },
      {
        "summonerId": 31326490,
        "teamId": 200,
        "championId": 10
      },
      {
        "summonerId": 26602188,
        "teamId": 200,
        "championId": 1
      },
      {
        "summonerId": 27267644,
        "teamId": 200,
        "championId": 67
      },
      {
        "summonerId": 35021633,
        "teamId": 100,
        "championId": 13
      }
    ],
    "stats": {
      "level": 13,
      "goldEarned": 9217,
      "numDeaths": 2,
      "minionsKilled": 50,
      "championsKilled": 8,
      "goldSpent": 8320,
      "totalDamageDealt": 83467,
      "totalDamageTaken": 9892,
      "doubleKills": 1,
      "killingSprees": 2,
      "largestKillingSpree": 6,
      "team": 100,
      "win": true,
      "neutralMinionsKilled": 45,
      "largestMultiKill": 2,
      "physicalDamageDealtPlayer": 29582,
      "magicDamageDealtPlayer": 47154,
      "physicalDamageTaken": 7045,
      "magicDamageTaken": 2662,
      "timePlayed": 1233,
      "totalHeal": 1647,
      "totalUnitsHealed": 1,
      "assists": 3,
      "item0": 3209,
      "item1": 3146,
      "item2": 3020,
      "item3": 1011,
      "item4": 1052,
      "item6": 3340,
      "magicDamageDealtToChampions": 6346,
      "physicalDamageDealtToChampions": 4531,
      "totalDamageDealtToChampions": 11287,
      "trueDamageDealtPlayer": 6730,
      "trueDamageDealtToChampions": 410,
      "trueDamageTaken": 184,
      "wardKilled": 1,
      "wardPlaced": 3,
      "neutralMinionsKilledEnemyJungle": 13,
      "neutralMinionsKilledYourJungle": 32,
      "totalTimeCrowdControlDealt": 260
    }
  },
  "26602188": {
    "gameId": 818161584,
    "invalid": false,
    "gameMode": "CLASSIC",
    "gameType": "MATCHED_GAME",
    "subType": "RANKED_SOLO_5x5",
    "mapId": 1,
    "teamId": 200,
    "championId": 1,
    "spell1": 7,
    "spell2": 4,
    "level": 30,
    "ipEarned": 51,
    "createDate": 1398242466550,
    "fellowPlayers": [
      {
        "summonerId": 37586058,
        "teamId": 100,
        "championId": 75
      },
      {
        "summonerId": 39599259,
        "teamId": 100,
        "championId": 53
      },
      {
        "summonerId": 24670503,
        "teamId": 200,
        "championId": 58
      },
      {
        "summonerId": 31363189,
        "teamId": 200,
        "championId": 92
      },
      {
        "summonerId": 25914418,
        "teamId": 100,
        "championId": 222
      },
      {
        "summonerId": 31326490,
        "teamId": 200,
        "championId": 10
      },
      {
        "summonerId": 34209596,
        "teamId": 100,
        "championId": 28
      },
      {
        "summonerId": 27267644,
        "teamId": 200,
        "championId": 67
      },
      {
        "summonerId": 35021633,
        "teamId": 100,
        "championId": 13
      }
    ],
    "stats": {
      "level": 9,
      "goldEarned": 5924,
      "numDeaths": 6,
      "minionsKilled": 37,
      "championsKilled": 3,
      "goldSpent": 5055,
      "totalDamageDealt": 28065,
      "totalDamageTaken": 12052,
      "killingSprees": 1,
      "largestKillingSpree": 2,
      "team": 200,
      "win": false,
      "largestMultiKill": 1,
      "physicalDamageDealtPlayer": 2930,
      "magicDamageDealtPlayer": 24793,
      "physicalDamageTaken": 9077,
      "magicDamageTaken": 2920,
      "timePlayed": 1233,
      "totalHeal": 875,
      "totalUnitsHealed": 2,
      "assists": 1,
      "item0": 3092,
      "item1": 3270,
      "item2": 1028,
      "item3": 1026,
      "item4": 2044,
      "item6": 3340,
      "sightWardsBought": 1,
      "magicDamageDealtToChampions": 8874,
      "physicalDamageDealtToChampions": 1753,
      "totalDamageDealtToChampions": 10926,
      "trueDamageDealtPlayer": 342,
      "trueDamageDealtToChampions": 298,
      "trueDamageTaken": 54,
      "wardPlaced": 2,
      "totalTimeCrowdControlDealt": 92
    }
  },
  "25914418": {
    "gameId": 818161584,
    "invalid": false,
    "gameMode": "CLASSIC",
    "gameType": "MATCHED_GAME",
    "subType": "RANKED_SOLO_5x5",
    "mapId": 1,
    "teamId": 100,
    "championId": 222,
    "spell1": 4,
    "spell2": 7,
    "level": 30,
    "ipEarned": 76,
    "createDate": 1398242466543,
    "fellowPlayers": [
      {
        "summonerId": 37586058,
        "teamId": 100,
        "championId": 75
      },
      {
        "summonerId": 39599259,
        "teamId": 100,
        "championId": 53
      },
      {
        "summonerId": 24670503,
        "teamId": 200,
        "championId": 58
      },
      {
        "summonerId": 31363189,
        "teamId": 200,
        "championId": 92
      },
      {
        "summonerId": 31326490,
        "teamId": 200,
        "championId": 10
      },
      {
        "summonerId": 26602188,
        "teamId": 200,
        "championId": 1
      },
      {
        "summonerId": 34209596,
        "teamId": 100,
        "championId": 28
      },
      {
        "summonerId": 27267644,
        "teamId": 200,
        "championId": 67
      },
      {
        "summonerId": 35021633,
        "teamId": 100,
        "championId": 13
      }
    ],
    "stats": {
      "level": 12,
      "goldEarned": 8404,
      "numDeaths": 3,
      "barracksKilled": 1,
      "turretsKilled": 3,
      "minionsKilled": 119,
      "championsKilled": 5,
      "goldSpent": 9990,
      "totalDamageDealt": 85315,
      "totalDamageTaken": 12810,
      "killingSprees": 2,
      "largestKillingSpree": 3,
      "team": 100,
      "win": true,
      "largestMultiKill": 1,
      "physicalDamageDealtPlayer": 83133,
      "magicDamageDealtPlayer": 2182,
      "physicalDamageTaken": 7068,
      "magicDamageTaken": 5418,
      "largestCriticalStrike": 434,
      "timePlayed": 1233,
      "totalHeal": 3157,
      "totalUnitsHealed": 3,
      "assists": 6,
      "item0": 1055,
      "item1": 1055,
      "item2": 3072,
      "item3": 2003,
      "item4": 3006,
      "item5": 3087,
      "item6": 3340,
      "magicDamageDealtToChampions": 744,
      "physicalDamageDealtToChampions": 15421,
      "totalDamageDealtToChampions": 16166,
      "trueDamageTaken": 323,
      "wardPlaced": 1,
      "totalTimeCrowdControlDealt": 39
    }
  },
  "37586058": {
    "gameId": 818161584,
    "invalid": false,
    "gameMode": "CLASSIC",
    "gameType": "MATCHED_GAME",
    "subType": "RANKED_SOLO_5x5",
    "mapId": 1,
    "teamId": 100,
    "championId": 75,
    "spell1": 12,
    "spell2": 6,
    "level": 30,
    "ipEarned": 76,
    "createDate": 1398242466545,
    "fellowPlayers": [
      {
        "summonerId": 39599259,
        "teamId": 100,
        "championId": 53
      },
      {
        "summonerId": 24670503,
        "teamId": 200,
        "championId": 58
      },
      {
        "summonerId": 31363189,
        "teamId": 200,
        "championId": 92
      },
      {
        "summonerId": 25914418,
        "teamId": 100,
        "championId": 222
      },
      {
        "summonerId": 31326490,
        "teamId": 200,
        "championId": 10
      },
      {
        "summonerId": 26602188,
        "teamId": 200,
        "championId": 1
      },
      {
        "summonerId": 34209596,
        "teamId": 100,
        "championId": 28
      },
      {
        "summonerId": 27267644,
        "teamId": 200,
        "championId": 67
      },
      {
        "summonerId": 35021633,
        "teamId": 100,
        "championId": 13
      }
    ],
    "stats": {
      "level": 14,
      "goldEarned": 8588,
      "turretsKilled": 2,
      "minionsKilled": 139,
      "championsKilled": 5,
      "goldSpent": 8080,
      "totalDamageDealt": 69087,
      "totalDamageTaken": 11785,
      "doubleKills": 1,
      "killingSprees": 1,
      "largestKillingSpree": 5,
      "team": 100,
      "win": true,
      "largestMultiKill": 2,
      "physicalDamageDealtPlayer": 60811,
      "magicDamageDealtPlayer": 8276,
      "physicalDamageTaken": 9584,
      "magicDamageTaken": 1272,
      "timePlayed": 1233,
      "totalHeal": 162,
      "totalUnitsHealed": 1,
      "assists": 4,
      "item0": 3111,
      "item1": 3083,
      "item2": 3024,
      "item5": 3110,
      "item6": 3340,
      "sightWardsBought": 2,
      "magicDamageDealtToChampions": 2020,
      "physicalDamageDealtToChampions": 6648,
      "totalDamageDealtToChampions": 8669,
      "trueDamageTaken": 928,
      "wardPlaced": 4,
      "totalTimeCrowdControlDealt": 1621
    }
  },
  "31363189": {
    "gameId": 818161584,
    "invalid": false,
    "gameMode": "CLASSIC",
    "gameType": "MATCHED_GAME",
    "subType": "RANKED_SOLO_5x5",
    "mapId": 1,
    "teamId": 200,
    "championId": 92,
    "spell1": 4,
    "spell2": 14,
    "level": 30,
    "ipEarned": 51,
    "createDate": 1398242466549,
    "fellowPlayers": [
      {
        "summonerId": 37586058,
        "teamId": 100,
        "championId": 75
      },
      {
        "summonerId": 39599259,
        "teamId": 100,
        "championId": 53
      },
      {
        "summonerId": 24670503,
        "teamId": 200,
        "championId": 58
      },
      {
        "summonerId": 25914418,
        "teamId": 100,
        "championId": 222
      },
      {
        "summonerId": 31326490,
        "teamId": 200,
        "championId": 10
      },
      {
        "summonerId": 26602188,
        "teamId": 200,
        "championId": 1
      },
      {
        "summonerId": 34209596,
        "teamId": 100,
        "championId": 28
      },
      {
        "summonerId": 27267644,
        "teamId": 200,
        "championId": 67
      },
      {
        "summonerId": 35021633,
        "teamId": 100,
        "championId": 13
      }
    ],
    "stats": {
      "level": 12,
      "goldEarned": 6810,
      "numDeaths": 6,
      "minionsKilled": 111,
      "championsKilled": 6,
      "goldSpent": 5755,
      "totalDamageDealt": 58471,
      "totalDamageTaken": 12799,
      "killingSprees": 2,
      "largestKillingSpree": 3,
      "team": 200,
      "win": false,
      "neutralMinionsKilled": 2,
      "largestMultiKill": 1,
      "physicalDamageDealtPlayer": 57887,
      "physicalDamageTaken": 9039,
      "magicDamageTaken": 3674,
      "timePlayed": 1233,
      "totalHeal": 578,
      "totalUnitsHealed": 1,
      "item0": 3047,
      "item1": 3072,
      "item2": 1037,
      "item3": 1055,
      "item6": 3340,
      "visionWardsBought": 1,
      "physicalDamageDealtToChampions": 7273,
      "totalDamageDealtToChampions": 7857,
      "trueDamageDealtPlayer": 584,
      "trueDamageDealtToChampions": 584,
      "trueDamageTaken": 86,
      "wardPlaced": 8,
      "neutralMinionsKilledYourJungle": 2,
      "totalTimeCrowdControlDealt": 82
    }
  },
  "31326490": {
    "gameId": 818161584,
    "invalid": false,
    "gameMode": "CLASSIC",
    "gameType": "MATCHED_GAME",
    "subType": "RANKED_SOLO_5x5",
    "mapId": 1,
    "teamId": 200,
    "championId": 10,
    "spell1": 4,
    "spell2": 14,
    "level": 30,
    "ipEarned": 51,
    "createDate": 1398242466546,
    "fellowPlayers": [
      {
        "summonerId": 37586058,
        "teamId": 100,
        "championId": 75
      },
      {
        "summonerId": 39599259,
        "teamId": 100,
        "championId": 53
      },
      {
        "summonerId": 24670503,
        "teamId": 200,
        "championId": 58
      },
      {
        "summonerId": 31363189,
        "teamId": 200,
        "championId": 92
      },
      {
        "summonerId": 25914418,
        "teamId": 100,
        "championId": 222
      },
      {
        "summonerId": 26602188,
        "teamId": 200,
        "championId": 1
      },
      {
        "summonerId": 34209596,
        "teamId": 100,
        "championId": 28
      },
      {
        "summonerId": 27267644,
        "teamId": 200,
        "championId": 67
      },
      {
        "summonerId": 35021633,
        "teamId": 100,
        "championId": 13
      }
    ],
    "stats": {
      "level": 11,
      "goldEarned": 4245,
      "numDeaths": 6,
      "minionsKilled": 56,
      "goldSpent": 3795,
      "totalDamageDealt": 42595,
      "totalDamageTaken": 15950,
      "team": 200,
      "win": false,
      "physicalDamageDealtPlayer": 12942,
      "magicDamageDealtPlayer": 29018,
      "physicalDamageTaken": 6990,
      "magicDamageTaken": 8384,
      "timePlayed": 1233,
      "totalHeal": 2340,
      "totalUnitsHealed": 3,
      "assists": 3,
      "item0": 1056,
      "item1": 3100,
      "item2": 1001,
      "item6": 3340,
      "magicDamageDealtToChampions": 8977,
      "physicalDamageDealtToChampions": 2968,
      "totalDamageDealtToChampions": 12581,
      "trueDamageDealtPlayer": 634,
      "trueDamageDealtToChampions": 634,
      "trueDamageTaken": 575,
      "wardPlaced": 4,
      "totalTimeCrowdControlDealt": 79
    }
  },
  "35021633": {
    "gameId": 818161584,
    "invalid": false,
    "gameMode": "CLASSIC",
    "gameType": "MATCHED_GAME",
    "subType": "RANKED_SOLO_5x5",
    "mapId": 1,
    "teamId": 100,
    "championId": 13,
    "spell1": 14,
    "spell2": 4,
    "level": 30,
    "ipEarned": 76,
    "createDate": 1398242466544,
    "fellowPlayers": [
      {
        "summonerId": 37586058,
        "teamId": 100,
        "championId": 75
      },
      {
        "summonerId": 39599259,
        "teamId": 100,
        "championId": 53
      },
      {
        "summonerId": 24670503,
        "teamId": 200,
        "championId": 58
      },
      {
        "summonerId": 31363189,
        "teamId": 200,
        "championId": 92
      },
      {
        "summonerId": 25914418,
        "teamId": 100,
        "championId": 222
      },
      {
        "summonerId": 31326490,
        "teamId": 200,
        "championId": 10
      },
      {
        "summonerId": 26602188,
        "teamId": 200,
        "championId": 1
      },
      {
        "summonerId": 34209596,
        "teamId": 100,
        "championId": 28
      },
      {
        "summonerId": 27267644,
        "teamId": 200,
        "championId": 67
      }
    ],
    "stats": {
      "level": 12,
      "goldEarned": 7697,
      "numDeaths": 3,
      "barracksKilled": 1,
      "minionsKilled": 79,
      "championsKilled": 7,
      "goldSpent": 5300,
      "totalDamageDealt": 39021,
      "totalDamageTaken": 11684,
      "killingSprees": 2,
      "largestKillingSpree": 4,
      "team": 100,
      "win": true,
      "largestMultiKill": 1,
      "physicalDamageDealtPlayer": 17539,
      "magicDamageDealtPlayer": 21078,
      "physicalDamageTaken": 6975,
      "magicDamageTaken": 4260,
      "timePlayed": 1233,
      "totalHeal": 341,
      "totalUnitsHealed": 1,
      "assists": 4,
      "item0": 3070,
      "item1": 3027,
      "item2": 1001,
      "item4": 3024,
      "item6": 3340,
      "magicDamageDealtToChampions": 9137,
      "physicalDamageDealtToChampions": 1591,
      "totalDamageDealtToChampions": 11132,
      "trueDamageDealtPlayer": 404,
      "trueDamageDealtToChampions": 404,
      "trueDamageTaken": 448,
      "wardPlaced": 1,
      "totalTimeCrowdControlDealt": 11
    }
  }
}