{
  "25334736": {
    "gameId": 818194721,
    "invalid": false,
    "gameMode": "CLASSIC",
    "gameType": "MATCHED_GAME",
    "subType": "NORMAL",
    "mapId": 1,
    "teamId": 200,
    "championId": 266,
    "spell1": 11,
    "spell2": 4,
    "level": 30,
    "ipEarned": 274,
    "createDate": 1398249377066,
    "fellowPlayers": [
      {
        "summonerId": 21022968,
        "teamId": 100,
        "championId": 17
      },
      {
        "summonerId": 40724565,
        "teamId": 200,
        "championId": 29
      },
      {
        "summonerId": 33922512,
        "teamId": 200,
        "championId": 58
      },
      {
        "summonerId": 22888735,
        "teamId": 100,
        "championId": 104
      },
      {
        "summonerId": 39828202,
        "teamId": 200,
        "championId": 89
      },
      {
        "summonerId": 31463415,
        "teamId": 200,
        "championId": 8
      },
      {
        "summonerId": 33548026,
        "teamId": 100,
        "championId": 412
      },
      {
        "summonerId": 25936957,
        "teamId": 100,
        "championId": 56
      },
      {
        "summonerId": 26035549,
        "teamId": 100,
        "championId": 25
      }
    ],
    "stats": {
      "level": 18,
      "goldEarned": 17752,
      "numDeaths": 5,
      "barracksKilled": 1,
      "turretsKilled": 1,
      "minionsKilled": 156,
      "championsKilled": 5,
      "goldSpent": 16975,
      "totalDamageDealt": 332246,
      "totalDamageTaken": 58793,
      "killingSprees": 2,
      "largestKillingSpree": 3,
      "team": 200,
      "win": true,
      "neutralMinionsKilled": 152,
      "largestMultiKill": 1,
      "physicalDamageDealtPlayer": 252184,
      "magicDamageDealtPlayer": 57245,
      "physicalDamageTaken": 41077,
      "magicDamageTaken": 16678,
      "timePlayed": 2810,
      "totalHeal": 33894,
      "totalUnitsHealed": 1,
      "assists": 10,
      "item0": 3074,
      "item1": 3153,
      "item2": 3143,
      "item3": 3209,
      "item4": 3065,
      "item5": 3111,
      "item6": 3340,
      "magicDamageDealtToChampions": 8336,
      "physicalDamageDealtToChampions": 20163,
      "totalDamageDealtToChampions": 31047,
      "trueDamageDealtPlayer": 22819,
      "trueDamageDealtToChampions": 2547,
      "trueDamageTaken": 1038,
      "neutralMinionsKilledEnemyJungle": 14,
      "neutralMinionsKilledYourJungle": 138,
      "totalTimeCrowdControlDealt": 1613
    }
  },
  "summonerCount": 10,
  "21022968": {
    "gameId": 818194721,
    "invalid": false,
    "gameMode": "CLASSIC",
    "gameType": "MATCHED_GAME",
    "subType": "NORMAL",
    "mapId": 1,
    "teamId": 100,
    "championId": 17,
    "spell1": 4,
    "spell2": 14,
    "level": 30,
    "ipEarned": 81,
    "createDate": 1398249377063,
    "fellowPlayers": [
      {
        "summonerId": 40724565,
        "teamId": 200,
        "championId": 29
      },
      {
        "summonerId": 33922512,
        "teamId": 200,
        "championId": 58
      },
      {
        "summonerId": 22888735,
        "teamId": 100,
        "championId": 104
      },
      {
        "summonerId": 39828202,
        "teamId": 200,
        "championId": 89
      },
      {
        "summonerId": 31463415,
        "teamId": 200,
        "championId": 8
      },
      {
        "summonerId": 33548026,
        "teamId": 100,
        "championId": 412
      },
      {
        "summonerId": 25334736,
        "teamId": 200,
        "championId": 266
      },
      {
        "summonerId": 25936957,
        "teamId": 100,
        "championId": 56
      },
      {
        "summonerId": 26035549,
        "teamId": 100,
        "championId": 25
      }
    ],
    "stats": {
      "level": 18,
      "goldEarned": 17038,
      "numDeaths": 7,
      "minionsKilled": 255,
      "championsKilled": 9,
      "goldSpent": 17925,
      "totalDamageDealt": 211207,
      "totalDamageTaken": 27036,
      "killingSprees": 2,
      "largestKillingSpree": 4,
      "team": 100,
      "win": false,
      "neutralMinionsKilled": 13,
      "largestMultiKill": 1,
      "physicalDamageDealtPlayer": 53407,
      "magicDamageDealtPlayer": 155335,
      "physicalDamageTaken": 16985,
      "magicDamageTaken": 8677,
      "timePlayed": 2810,
      "totalHeal": 1274,
      "totalUnitsHealed": 1,
      "assists": 4,
      "item0": 3027,
      "item1": 3128,
      "item2": 3135,
      "item3": 3089,
      "item4": 3255,
      "item5": 3116,
      "item6": 3340,
      "magicDamageDealtToChampions": 38112,
      "physicalDamageDealtToChampions": 2243,
      "totalDamageDealtToChampions": 42600,
      "trueDamageDealtPlayer": 2464,
      "trueDamageDealtToChampions": 2244,
      "trueDamageTaken": 1372,
      "wardPlaced": 80,
      "neutralMinionsKilledEnemyJungle": 4,
      "neutralMinionsKilledYourJungle": 9,
      "totalTimeCrowdControlDealt": 606
    }
  },
  "33922512": {
    "gameId": 818194721,
    "invalid": false,
    "gameMode": "CLASSIC",
    "gameType": "MATCHED_GAME",
    "subType": "NORMAL",
    "mapId": 1,
    "teamId": 200,
    "championId": 58,
    "spell1": 4,
    "spell2": 14,
    "level": 30,
    "ipEarned": 124,
    "createDate": 1398249377065,
    "fellowPlayers": [
      {
        "summonerId": 21022968,
        "teamId": 100,
        "championId": 17
      },
      {
        "summonerId": 40724565,
        "teamId": 200,
        "championId": 29
      },
      {
        "summonerId": 22888735,
        "teamId": 100,
        "championId": 104
      },
      {
        "summonerId": 39828202,
        "teamId": 200,
        "championId": 89
      },
      {
        "summonerId": 31463415,
        "teamId": 200,
        "championId": 8
      },
      {
        "summonerId": 33548026,
        "teamId": 100,
        "championId": 412
      },
      {
        "summonerId": 25334736,
        "teamId": 200,
        "championId": 266
      },
      {
        "summonerId": 25936957,
        "teamId": 100,
        "championId": 56
      },
      {
        "summonerId": 26035549,
        "teamId": 100,
        "championId": 25
      }
    ],
    "stats": {
      "level": 18,
      "goldEarned": 20425,
      "numDeaths": 8,
      "barracksKilled": 1,
      "turretsKilled": 4,
      "minionsKilled": 343,
      "championsKilled": 12,
      "goldSpent": 19070,
      "totalDamageDealt": 280646,
      "totalDamageTaken": 49905,
      "doubleKills": 1,
      "killingSprees": 3,
      "largestKillingSpree": 4,
      "team": 200,
      "win": true,
      "neutralMinionsKilled": 26,
      "largestMultiKill": 2,
      "physicalDamageDealtPlayer": 255407,
      "magicDamageDealtPlayer": 22799,
      "physicalDamageTaken": 27898,
      "magicDamageTaken": 20916,
      "timePlayed": 2810,
      "totalHeal": 12366,
      "totalUnitsHealed": 1,
      "assists": 9,
      "item0": 3074,
      "item1": 3153,
      "item2": 3068,
      "item3": 3156,
      "item4": 3265,
      "item5": 3071,
      "item6": 3340,
      "magicDamageDealtToChampions": 6701,
      "physicalDamageDealtToChampions": 23665,
      "totalDamageDealtToChampions": 32559,
      "trueDamageDealtPlayer": 2440,
      "trueDamageDealtToChampions": 2192,
      "trueDamageTaken": 1090,
      "wardKilled": 1,
      "wardPlaced": 8,
      "neutralMinionsKilledEnemyJungle": 2,
      "neutralMinionsKilledYourJungle": 24,
      "totalTimeCrowdControlDealt": 236
    }
  },
  "22888735": {
    "gameId": 818194721,
    "invalid": false,
    "gameMode": "CLASSIC",
    "gameType": "MATCHED_GAME",
    "subType": "NORMAL",
    "mapId": 1,
    "teamId": 100,
    "championId": 104,
    "spell1": 3,
    "spell2": 4,
    "level": 30,
    "ipEarned": 81,
    "createDate": 1398249377058,
    "fellowPlayers": [
      {
        "summonerId": 21022968,
        "teamId": 100,
        "championId": 17
      },
      {
        "summonerId": 40724565,
        "teamId": 200,
        "championId": 29
      },
      {
        "summonerId": 33922512,
        "teamId": 200,
        "championId": 58
      },
      {
        "summonerId": 39828202,
        "teamId": 200,
        "championId": 89
      },
      {
        "summonerId": 31463415,
        "teamId": 200,
        "championId": 8
      },
      {
        "summonerId": 33548026,
        "teamId": 100,
        "championId": 412
      },
      {
        "summonerId": 25334736,
        "teamId": 200,
        "championId": 266
      },
      {
        "summonerId": 25936957,
        "teamId": 100,
        "championId": 56
      },
      {
        "summonerId": 26035549,
        "teamId": 100,
        "championId": 25
      }
    ],
    "stats": {
      "level": 18,
      "goldEarned": 17437,
      "numDeaths": 11,
      "turretsKilled": 2,
      "minionsKilled": 254,
      "championsKilled": 12,
      "goldSpent": 19445,
      "totalDamageDealt": 221520,
      "totalDamageTaken": 38927,
      "doubleKills": 2,
      "killingSprees": 2,
      "largestKillingSpree": 4,
      "team": 100,
      "win": false,
      "neutralMinionsKilled": 3,
      "largestMultiKill": 2,
      "physicalDamageDealtPlayer": 218157,
      "magicDamageDealtPlayer": 3363,
      "physicalDamageTaken": 24200,
      "magicDamageTaken": 12190,
      "largestCriticalStrike": 772,
      "timePlayed": 2810,
      "totalHeal": 1536,
      "totalUnitsHealed": 1,
      "assists": 8,
      "item0": 3031,
      "item1": 3035,
      "item2": 3140,
      "item3": 3252,
      "item4": 3046,
      "item5": 3072,
      "item6": 3340,
      "magicDamageDealtToChampions": 1803,
      "physicalDamageDealtToChampions": 46441,
      "totalDamageDealtToChampions": 48245,
      "trueDamageTaken": 2536,
      "wardPlaced": 12,
      "neutralMinionsKilledEnemyJungle": 1,
      "neutralMinionsKilledYourJungle": 2,
      "totalTimeCrowdControlDealt": 85
    }
  },
  "40724565": {
    "gameId": 818194721,
    "invalid": false,
    "gameMode": "CLASSIC",
    "gameType": "MATCHED_GAME",
    "subType": "NORMAL",
    "mapId": 1,
    "teamId": 200,
    "championId": 29,
    "spell1": 7,
    "spell2": 4,
    "level": 30,
    "ipEarned": 124,
    "createDate": 1398249377109,
    "fellowPlayers": [
      {
        "summonerId": 21022968,
        "teamId": 100,
        "championId": 17
      },
      {
        "summonerId": 33922512,
        "teamId": 200,
        "championId": 58
      },
      {
        "summonerId": 22888735,
        "teamId": 100,
        "championId": 104
      },
      {
        "summonerId": 39828202,
        "teamId": 200,
        "championId": 89
      },
      {
        "summonerId": 31463415,
        "teamId": 200,
        "championId": 8
      },
      {
        "summonerId": 33548026,
        "teamId": 100,
        "championId": 412
      },
      {
        "summonerId": 25334736,
        "teamId": 200,
        "championId": 266
      },
      {
        "summonerId": 25936957,
        "teamId": 100,
        "championId": 56
      },
      {
        "summonerId": 26035549,
        "teamId": 100,
        "championId": 25
      }
    ],
    "stats": {
      "level": 18,
      "goldEarned": 16936,
      "numDeaths": 11,
      "turretsKilled": 2,
      "minionsKilled": 221,
      "championsKilled": 9,
      "goldSpent": 16985,
      "totalDamageDealt": 173252,
      "totalDamageTaken": 39923,
      "doubleKills": 1,
      "killingSprees": 2,
      "largestKillingSpree": 2,
      "team": 200,
      "win": true,
      "neutralMinionsKilled": 5,
      "largestMultiKill": 2,
      "physicalDamageDealtPlayer": 158750,
      "magicDamageDealtPlayer": 3543,
      "physicalDamageTaken": 24355,
      "magicDamageTaken": 14448,
      "largestCriticalStrike": 797,
      "timePlayed": 2810,
      "totalHeal": 4461,
      "totalUnitsHealed": 4,
      "assists": 16,
      "item0": 3143,
      "item1": 3072,
      "item2": 3252,
      "item3": 3046,
      "item4": 3035,
      "item5": 3031,
      "item6": 3340,
      "magicDamageDealtToChampions": 1487,
      "physicalDamageDealtToChampions": 24173,
      "totalDamageDealtToChampions": 29447,
      "trueDamageDealtPlayer": 10958,
      "trueDamageDealtToChampions": 3786,
      "trueDamageTaken": 1120,
      "wardPlaced": 12,
      "neutralMinionsKilledEnemyJungle": 2,
      "neutralMinionsKilledYourJungle": 3,
      "totalTimeCrowdControlDealt": 598
    }
  },
  "33548026": {
    "gameId": 818194721,
    "invalid": false,
    "gameMode": "CLASSIC",
    "gameType": "MATCHED_GAME",
    "subType": "NORMAL",
    "mapId": 1,
    "teamId": 100,
    "championId": 412,
    "spell1": 4,
    "spell2": 7,
    "level": 30,
    "ipEarned": 81,
    "createDate": 1398249377060,
    "fellowPlayers": [
      {
        "summonerId": 21022968,
        "teamId": 100,
        "championId": 17
      },
      {
        "summonerId": 40724565,
        "teamId": 200,
        "championId": 29
      },
      {
        "summonerId": 33922512,
        "teamId": 200,
        "championId": 58
      },
      {
        "summonerId": 22888735,
        "teamId": 100,
        "championId": 104
      },
      {
        "summonerId": 39828202,
        "teamId": 200,
        "championId": 89
      },
      {
        "summonerId": 31463415,
        "teamId": 200,
        "championId": 8
      },
      {
        "summonerId": 25334736,
        "teamId": 200,
        "championId": 266
      },
      {
        "summonerId": 25936957,
        "teamId": 100,
        "championId": 56
      },
      {
        "summonerId": 26035549,
        "teamId": 100,
        "championId": 25
      }
    ],
    "stats": {
      "level": 18,
      "goldEarned": 12792,
      "numDeaths": 8,
      "barracksKilled": 1,
      "minionsKilled": 33,
      "championsKilled": 3,
      "goldSpent": 12390,
      "totalDamageDealt": 52591,
      "totalDamageTaken": 33264,
      "killingSprees": 1,
      "largestKillingSpree": 2,
      "team": 100,
      "win": false,
      "neutralMinionsKilled": 7,
      "largestMultiKill": 1,
      "physicalDamageDealtPlayer": 12036,
      "magicDamageDealtPlayer": 40555,
      "physicalDamageTaken": 16098,
      "magicDamageTaken": 13960,
      "timePlayed": 2810,
      "totalHeal": 4349,
      "totalUnitsHealed": 4,
      "assists": 16,
      "item0": 3068,
      "item1": 3143,
      "item2": 3102,
      "item3": 3111,
      "item4": 1057,
      "item5": 2045,
      "item6": 3340,
      "magicDamageDealtToChampions": 16315,
      "physicalDamageDealtToChampions": 2853,
      "totalDamageDealtToChampions": 19169,
      "trueDamageTaken": 3205,
      "wardPlaced": 3,
      "neutralMinionsKilledEnemyJungle": 1,
      "neutralMinionsKilledYourJungle": 6,
      "totalTimeCrowdControlDealt": 473
    }
  },
  "31463415": {
    "gameId": 818194721,
    "invalid": false,
    "gameMode": "CLASSIC",
    "gameType": "MATCHED_GAME",
    "subType": "NORMAL",
    "mapId": 1,
    "teamId": 200,
    "championId": 8,
    "spell1": 14,
    "spell2": 4,
    "level": 30,
    "ipEarned": 124,
    "createDate": 1398249377064,
    "fellowPlayers": [
      {
        "summonerId": 21022968,
        "teamId": 100,
        "championId": 17
      },
      {
        "summonerId": 40724565,
        "teamId": 200,
        "championId": 29
      },
      {
        "summonerId": 33922512,
        "teamId": 200,
        "championId": 58
      },
      {
        "summonerId": 22888735,
        "teamId": 100,
        "championId": 104
      },
      {
        "summonerId": 39828202,
        "teamId": 200,
        "championId": 89
      },
      {
        "summonerId": 33548026,
        "teamId": 100,
        "championId": 412
      },
      {
        "summonerId": 25334736,
        "teamId": 200,
        "championId": 266
      },
      {
        "summonerId": 25936957,
        "teamId": 100,
        "championId": 56
      },
      {
        "summonerId": 26035549,
        "teamId": 100,
        "championId": 25
      }
    ],
    "stats": {
      "level": 18,
      "goldEarned": 16867,
      "numDeaths": 8,
      "minionsKilled": 208,
      "championsKilled": 11,
      "goldSpent": 15655,
      "totalDamageDealt": 183200,
      "totalDamageTaken": 42988,
      "doubleKills": 2,
      "killingSprees": 3,
      "largestKillingSpree": 4,
      "team": 200,
      "win": true,
      "neutralMinionsKilled": 7,
      "largestMultiKill": 2,
      "physicalDamageDealtPlayer": 20864,
      "magicDamageDealtPlayer": 160505,
      "physicalDamageTaken": 21795,
      "magicDamageTaken": 20146,
      "timePlayed": 2810,
      "totalHeal": 15610,
      "totalUnitsHealed": 1,
      "assists": 13,
      "item0": 3152,
      "item1": 3020,
      "item2": 3089,
      "item3": 3116,
      "item4": 3001,
      "item5": 3065,
      "item6": 3340,
      "magicDamageDealtToChampions": 38665,
      "physicalDamageDealtToChampions": 1949,
      "totalDamageDealtToChampions": 42446,
      "trueDamageDealtPlayer": 1830,
      "trueDamageDealtToChampions": 1830,
      "trueDamageTaken": 1046,
      "wardPlaced": 7,
      "neutralMinionsKilledYourJungle": 7,
      "totalTimeCrowdControlDealt": 537
    }
  },
  "39828202": {
    "gameId": 818194721,
    "invalid": false,
    "gameMode": "CLASSIC",
    "gameType": "MATCHED_GAME",
    "subType": "NORMAL",
    "mapId": 1,
    "teamId": 200,
    "championId": 89,
    "spell1": 4,
    "spell2": 7,
    "level": 30,
    "ipEarned": 124,
    "createDate": 1398249377097,
    "fellowPlayers": [
      {
        "summonerId": 21022968,
        "teamId": 100,
        "championId": 17
      },
      {
        "summonerId": 40724565,
        "teamId": 200,
        "championId": 29
      },
      {
        "summonerId": 33922512,
        "teamId": 200,
        "championId": 58
      },
      {
        "summonerId": 22888735,
        "teamId": 100,
        "championId": 104
      },
      {
        "summonerId": 31463415,
        "teamId": 200,
        "championId": 8
      },
      {
        "summonerId": 33548026,
        "teamId": 100,
        "championId": 412
      },
      {
        "summonerId": 25334736,
        "teamId": 200,
        "championId": 266
      },
      {
        "summonerId": 25936957,
        "teamId": 100,
        "championId": 56
      },
      {
        "summonerId": 26035549,
        "teamId": 100,
        "championId": 25
      }
    ],
    "stats": {
      "level": 18,
      "goldEarned": 12752,
      "numDeaths": 8,
      "barracksKilled": 1,
      "minionsKilled": 73,
      "championsKilled": 3,
      "goldSpent": 25265,
      "totalDamageDealt": 65492,
      "totalDamageTaken": 50243,
      "team": 200,
      "win": true,
      "neutralMinionsKilled": 2,
      "largestMultiKill": 1,
      "physicalDamageDealtPlayer": 18320,
      "magicDamageDealtPlayer": 47171,
      "physicalDamageTaken": 31023,
      "magicDamageTaken": 17998,
      "largestCriticalStrike": 123,
      "timePlayed": 2810,
      "totalHeal": 6766,
      "totalUnitsHealed": 4,
      "assists": 21,
      "item0": 3083,
      "item1": 1011,
      "item2": 3265,
      "item3": 1028,
      "item4": 1006,
      "item5": 1006,
      "item6": 3340,
      "magicDamageDealtToChampions": 12753,
      "physicalDamageDealtToChampions": 6013,
      "totalDamageDealtToChampions": 18767,
      "trueDamageTaken": 1222,
      "wardPlaced": 13,
      "neutralMinionsKilledYourJungle": 2,
      "totalTimeCrowdControlDealt": 105
    }
  },
  "25936957": {
    "gameId": 818194721,
    "invalid": false,
    "gameMode": "CLASSIC",
    "gameType": "MATCHED_GAME",
    "subType": "NORMAL",
    "mapId": 1,
    "teamId": 100,
    "championId": 56,
    "spell1": 4,
    "spell2": 11,
    "level": 30,
    "ipEarned": 81,
    "createDate": 1398249377059,
    "fellowPlayers": [
      {
        "summonerId": 21022968,
        "teamId": 100,
        "championId": 17
      },
      {
        "summonerId": 40724565,
        "teamId": 200,
        "championId": 29
      },
      {
        "summonerId": 33922512,
        "teamId": 200,
        "championId": 58
      },
      {
        "summonerId": 22888735,
        "teamId": 100,
        "championId": 104
      },
      {
        "summonerId": 39828202,
        "teamId": 200,
        "championId": 89
      },
      {
        "summonerId": 31463415,
        "teamId": 200,
        "championId": 8
      },
      {
        "summonerId": 33548026,
        "teamId": 100,
        "championId": 412
      },
      {
        "summonerId": 25334736,
        "teamId": 200,
        "championId": 266
      },
      {
        "summonerId": 26035549,
        "teamId": 100,
        "championId": 25
      }
    ],
    "stats": {
      "level": 18,
      "goldEarned": 19739,
      "numDeaths": 8,
      "barracksKilled": 1,
      "turretsKilled": 3,
      "minionsKilled": 108,
      "championsKilled": 12,
      "goldSpent": 18328,
      "totalDamageDealt": 366062,
      "totalDamageTaken": 64947,
      "killingSprees": 4,
      "largestKillingSpree": 3,
      "team": 100,
      "win": false,
      "neutralMinionsKilled": 163,
      "largestMultiKill": 1,
      "physicalDamageDealtPlayer": 251282,
      "magicDamageDealtPlayer": 90264,
      "physicalDamageTaken": 47067,
      "magicDamageTaken": 15157,
      "largestCriticalStrike": 678,
      "timePlayed": 2810,
      "totalHeal": 24373,
      "totalUnitsHealed": 1,
      "assists": 9,
      "item0": 3160,
      "item1": 3153,
      "item2": 3143,
      "item3": 3270,
      "item4": 3065,
      "item5": 3078,
      "item6": 3361,
      "magicDamageDealtToChampions": 5194,
      "physicalDamageDealtToChampions": 30742,
      "totalDamageDealtToChampions": 37364,
      "trueDamageDealtPlayer": 24516,
      "trueDamageDealtToChampions": 1428,
      "trueDamageTaken": 2722,
      "wardPlaced": 11,
      "neutralMinionsKilledEnemyJungle": 26,
      "neutralMinionsKilledYourJungle": 137,
      "totalTimeCrowdControlDealt": 1840
    }
  },
  "25334736": {
    "gameId": 818194721,
    "invalid": false,
    "gameMode": "CLASSIC",
    "gameType": "MATCHED_GAME",
    "subType": "NORMAL",
    "mapId": 1,
    "teamId": 200,
    "championId": 266,
    "spell1": 11,
    "spell2": 4,
    "level": 30,
    "ipEarned": 274,
    "createDate": 1398249377066,
    "fellowPlayers": [
      {
        "summonerId": 21022968,
        "teamId": 100,
        "championId": 17
      },
      {
        "summonerId": 40724565,
        "teamId": 200,
        "championId": 29
      },
      {
        "summonerId": 33922512,
        "teamId": 200,
        "championId": 58
      },
      {
        "summonerId": 22888735,
        "teamId": 100,
        "championId": 104
      },
      {
        "summonerId": 39828202,
        "teamId": 200,
        "championId": 89
      },
      {
        "summonerId": 31463415,
        "teamId": 200,
        "championId": 8
      },
      {
        "summonerId": 33548026,
        "teamId": 100,
        "championId": 412
      },
      {
        "summonerId": 25936957,
        "teamId": 100,
        "championId": 56
      },
      {
        "summonerId": 26035549,
        "teamId": 100,
        "championId": 25
      }
    ],
    "stats": {
      "level": 18,
      "goldEarned": 17752,
      "numDeaths": 5,
      "barracksKilled": 1,
      "turretsKilled": 1,
      "minionsKilled": 156,
      "championsKilled": 5,
      "goldSpent": 16975,
      "totalDamageDealt": 332246,
      "totalDamageTaken": 58793,
      "killingSprees": 2,
      "largestKillingSpree": 3,
      "team": 200,
      "win": true,
      "neutralMinionsKilled": 152,
      "largestMultiKill": 1,
      "physicalDamageDealtPlayer": 252184,
      "magicDamageDealtPlayer": 57245,
      "physicalDamageTaken": 41077,
      "magicDamageTaken": 16678,
      "timePlayed": 2810,
      "totalHeal": 33894,
      "totalUnitsHealed": 1,
      "assists": 10,
      "item0": 3074,
      "item1": 3153,
      "item2": 3143,
      "item3": 3209,
      "item4": 3065,
      "item5": 3111,
      "item6": 3340,
      "magicDamageDealtToChampions": 8336,
      "physicalDamageDealtToChampions": 20163,
      "totalDamageDealtToChampions": 31047,
      "trueDamageDealtPlayer": 22819,
      "trueDamageDealtToChampions": 2547,
      "trueDamageTaken": 1038,
      "neutralMinionsKilledEnemyJungle": 14,
      "neutralMinionsKilledYourJungle": 138,
      "totalTimeCrowdControlDealt": 1613
    }
  }
}