{
  "20323243": {
    "gameId": 818168292,
    "invalid": false,
    "gameMode": "CLASSIC",
    "gameType": "MATCHED_GAME",
    "subType": "RANKED_SOLO_5x5",
    "mapId": 1,
    "teamId": 200,
    "championId": 76,
    "spell1": 4,
    "spell2": 14,
    "level": 30,
    "ipEarned": 228,
    "createDate": 1398242287387,
    "fellowPlayers": [
      {
        "summonerId": 32693833,
        "teamId": 200,
        "championId": 77
      },
      {
        "summonerId": 25201731,
        "teamId": 200,
        "championId": 79
      },
      {
        "summonerId": 33834777,
        "teamId": 100,
        "championId": 13
      },
      {
        "summonerId": 20568901,
        "teamId": 200,
        "championId": 53
      },
      {
        "summonerId": 23935036,
        "teamId": 200,
        "championId": 222
      },
      {
        "summonerId": 30294954,
        "teamId": 100,
        "championId": 238
      },
      {
        "summonerId": 34246069,
        "teamId": 100,
        "championId": 12
      },
      {
        "summonerId": 31675129,
        "teamId": 100,
        "championId": 81
      },
      {
        "summonerId": 35820683,
        "teamId": 100,
        "championId": 11
      }
    ],
    "stats": {
      "level": 15,
      "goldEarned": 11406,
      "numDeaths": 1,
      "turretsKilled": 3,
      "minionsKilled": 107,
      "championsKilled": 17,
      "goldSpent": 8025,
      "totalDamageDealt": 91586,
      "totalDamageTaken": 18732,
      "killingSprees": 1,
      "largestKillingSpree": 16,
      "team": 200,
      "win": true,
      "neutralMinionsKilled": 1,
      "largestMultiKill": 1,
      "physicalDamageDealtPlayer": 27369,
      "magicDamageDealtPlayer": 62331,
      "physicalDamageTaken": 13948,
      "magicDamageTaken": 4025,
      "timePlayed": 1576,
      "totalHeal": 14673,
      "totalUnitsHealed": 5,
      "assists": 4,
      "item0": 3157,
      "item1": 3040,
      "item2": 3041,
      "item3": 1001,
      "item4": 1056,
      "item6": 3340,
      "magicDamageDealtToChampions": 23448,
      "physicalDamageDealtToChampions": 3667,
      "totalDamageDealtToChampions": 28359,
      "trueDamageDealtPlayer": 1886,
      "trueDamageDealtToChampions": 1244,
      "trueDamageTaken": 758,
      "wardPlaced": 4,
      "neutralMinionsKilledEnemyJungle": 1,
      "totalTimeCrowdControlDealt": 192
    }
  },
  "summonerCount": 10,
  "20568901": {
    "gameId": 818168292,
    "invalid": false,
    "gameMode": "CLASSIC",
    "gameType": "MATCHED_GAME",
    "subType": "RANKED_SOLO_5x5",
    "mapId": 1,
    "teamId": 200,
    "championId": 53,
    "spell1": 7,
    "spell2": 4,
    "level": 30,
    "ipEarned": 78,
    "createDate": 1398242287390,
    "fellowPlayers": [
      {
        "summonerId": 20323243,
        "teamId": 200,
        "championId": 76
      },
      {
        "summonerId": 32693833,
        "teamId": 200,
        "championId": 77
      },
      {
        "summonerId": 25201731,
        "teamId": 200,
        "championId": 79
      },
      {
        "summonerId": 33834777,
        "teamId": 100,
        "championId": 13
      },
      {
        "summonerId": 23935036,
        "teamId": 200,
        "championId": 222
      },
      {
        "summonerId": 30294954,
        "teamId": 100,
        "championId": 238
      },
      {
        "summonerId": 34246069,
        "teamId": 100,
        "championId": 12
      },
      {
        "summonerId": 31675129,
        "teamId": 100,
        "championId": 81
      },
      {
        "summonerId": 35820683,
        "teamId": 100,
        "championId": 11
      }
    ],
    "stats": {
      "level": 12,
      "goldEarned": 7765,
      "barracksKilled": 1,
      "minionsKilled": 15,
      "championsKilled": 1,
      "goldSpent": 7485,
      "totalDamageDealt": 21955,
      "totalDamageTaken": 14427,
      "team": 200,
      "win": true,
      "largestMultiKill": 1,
      "physicalDamageDealtPlayer": 7450,
      "magicDamageDealtPlayer": 14504,
      "physicalDamageTaken": 10122,
      "magicDamageTaken": 3995,
      "timePlayed": 1576,
      "totalHeal": 2785,
      "totalUnitsHealed": 3,
      "assists": 8,
      "item0": 2045,
      "item1": 3069,
      "item2": 3117,
      "item3": 3110,
      "item6": 3341,
      "sightWardsBought": 1,
      "magicDamageDealtToChampions": 4530,
      "physicalDamageDealtToChampions": 3330,
      "totalDamageDealtToChampions": 7861,
      "trueDamageTaken": 309,
      "wardKilled": 4,
      "wardPlaced": 5,
      "totalTimeCrowdControlDealt": 36
    }
  },
  "31675129": {
    "gameId": 818168292,
    "invalid": false,
    "gameMode": "CLASSIC",
    "gameType": "MATCHED_GAME",
    "subType": "RANKED_SOLO_5x5",
    "mapId": 1,
    "teamId": 100,
    "championId": 81,
    "spell1": 7,
    "spell2": 4,
    "level": 30,
    "ipEarned": 52,
    "createDate": 1398242287385,
    "fellowPlayers": [
      {
        "summonerId": 20323243,
        "teamId": 200,
        "championId": 76
      },
      {
        "summonerId": 32693833,
        "teamId": 200,
        "championId": 77
      },
      {
        "summonerId": 25201731,
        "teamId": 200,
        "championId": 79
      },
      {
        "summonerId": 33834777,
        "teamId": 100,
        "championId": 13
      },
      {
        "summonerId": 20568901,
        "teamId": 200,
        "championId": 53
      },
      {
        "summonerId": 23935036,
        "teamId": 200,
        "championId": 222
      },
      {
        "summonerId": 30294954,
        "teamId": 100,
        "championId": 238
      },
      {
        "summonerId": 34246069,
        "teamId": 100,
        "championId": 12
      },
      {
        "summonerId": 35820683,
        "teamId": 100,
        "championId": 11
      }
    ],
    "stats": {
      "level": 13,
      "goldEarned": 7178,
      "numDeaths": 5,
      "turretsKilled": 1,
      "minionsKilled": 135,
      "championsKilled": 2,
      "goldSpent": 6775,
      "totalDamageDealt": 61470,
      "totalDamageTaken": 20189,
      "team": 100,
      "win": false,
      "neutralMinionsKilled": 3,
      "largestMultiKill": 1,
      "physicalDamageDealtPlayer": 48687,
      "magicDamageDealtPlayer": 12782,
      "physicalDamageTaken": 10162,
      "magicDamageTaken": 9413,
      "largestCriticalStrike": 169,
      "timePlayed": 1576,
      "totalHeal": 2540,
      "totalUnitsHealed": 2,
      "assists": 1,
      "item0": 1055,
      "item1": 1055,
      "item2": 3153,
      "item3": 3006,
      "item4": 3044,
      "item5": 1052,
      "item6": 3340,
      "magicDamageDealtToChampions": 3528,
      "physicalDamageDealtToChampions": 8976,
      "totalDamageDealtToChampions": 12504,
      "trueDamageTaken": 614,
      "wardPlaced": 4,
      "neutralMinionsKilledEnemyJungle": 2,
      "neutralMinionsKilledYourJungle": 1,
      "totalTimeCrowdControlDealt": 8
    }
  },
  "33834777": {
    "gameId": 818168292,
    "invalid": false,
    "gameMode": "CLASSIC",
    "gameType": "MATCHED_GAME",
    "subType": "RANKED_SOLO_5x5",
    "mapId": 1,
    "teamId": 100,
    "championId": 13,
    "spell1": 12,
    "spell2": 4,
    "level": 30,
    "ipEarned": 0,
    "createDate": 1398242287383,
    "fellowPlayers": [
      {
        "summonerId": 20323243,
        "teamId": 200,
        "championId": 76
      },
      {
        "summonerId": 32693833,
        "teamId": 200,
        "championId": 77
      },
      {
        "summonerId": 25201731,
        "teamId": 200,
        "championId": 79
      },
      {
        "summonerId": 20568901,
        "teamId": 200,
        "championId": 53
      },
      {
        "summonerId": 23935036,
        "teamId": 200,
        "championId": 222
      },
      {
        "summonerId": 30294954,
        "teamId": 100,
        "championId": 238
      },
      {
        "summonerId": 34246069,
        "teamId": 100,
        "championId": 12
      },
      {
        "summonerId": 31675129,
        "teamId": 100,
        "championId": 81
      },
      {
        "summonerId": 35820683,
        "teamId": 100,
        "championId": 11
      }
    ],
    "stats": {
      "level": 11,
      "goldEarned": 6337,
      "numDeaths": 5,
      "turretsKilled": 1,
      "minionsKilled": 125,
      "championsKilled": 1,
      "goldSpent": 5135,
      "totalDamageDealt": 55193,
      "totalDamageTaken": 12517,
      "team": 100,
      "win": false,
      "neutralMinionsKilled": 4,
      "largestMultiKill": 1,
      "physicalDamageDealtPlayer": 19480,
      "magicDamageDealtPlayer": 35713,
      "physicalDamageTaken": 6258,
      "magicDamageTaken": 5764,
      "timePlayed": 1576,
      "totalHeal": 96,
      "totalUnitsHealed": 1,
      "item0": 3070,
      "item1": 3027,
      "item2": 3020,
      "item6": 3340,
      "magicDamageDealtToChampions": 8191,
      "physicalDamageDealtToChampions": 897,
      "totalDamageDealtToChampions": 9089,
      "trueDamageTaken": 494,
      "wardPlaced": 3,
      "neutralMinionsKilledYourJungle": 4,
      "totalTimeCrowdControlDealt": 35
    }
  },
  "32693833": {
    "gameId": 818168292,
    "invalid": false,
    "gameMode": "CLASSIC",
    "gameType": "MATCHED_GAME",
    "subType": "RANKED_SOLO_5x5",
    "mapId": 1,
    "teamId": 200,
    "championId": 77,
    "spell1": 4,
    "spell2": 11,
    "level": 30,
    "ipEarned": 228,
    "createDate": 1398242287392,
    "fellowPlayers": [
      {
        "summonerId": 20323243,
        "teamId": 200,
        "championId": 76
      },
      {
        "summonerId": 25201731,
        "teamId": 200,
        "championId": 79
      },
      {
        "summonerId": 33834777,
        "teamId": 100,
        "championId": 13
      },
      {
        "summonerId": 20568901,
        "teamId": 200,
        "championId": 53
      },
      {
        "summonerId": 23935036,
        "teamId": 200,
        "championId": 222
      },
      {
        "summonerId": 30294954,
        "teamId": 100,
        "championId": 238
      },
      {
        "summonerId": 34246069,
        "teamId": 100,
        "championId": 12
      },
      {
        "summonerId": 31675129,
        "teamId": 100,
        "championId": 81
      },
      {
        "summonerId": 35820683,
        "teamId": 100,
        "championId": 11
      }
    ],
    "stats": {
      "level": 16,
      "goldEarned": 11918,
      "numDeaths": 2,
      "turretsKilled": 1,
      "minionsKilled": 73,
      "championsKilled": 7,
      "goldSpent": 11648,
      "totalDamageDealt": 201173,
      "totalDamageTaken": 18457,
      "doubleKills": 1,
      "killingSprees": 2,
      "largestKillingSpree": 5,
      "team": 200,
      "win": true,
      "neutralMinionsKilled": 113,
      "largestMultiKill": 2,
      "physicalDamageDealtPlayer": 64221,
      "magicDamageDealtPlayer": 118496,
      "physicalDamageTaken": 16563,
      "magicDamageTaken": 1616,
      "largestCriticalStrike": 523,
      "timePlayed": 1576,
      "totalHeal": 6257,
      "totalUnitsHealed": 1,
      "assists": 3,
      "item0": 3009,
      "item1": 3160,
      "item2": 3078,
      "item3": 3068,
      "item4": 3067,
      "item5": 3211,
      "item6": 3340,
      "magicDamageDealtToChampions": 6009,
      "physicalDamageDealtToChampions": 6812,
      "totalDamageDealtToChampions": 13877,
      "trueDamageDealtPlayer": 18456,
      "trueDamageDealtToChampions": 1056,
      "trueDamageTaken": 277,
      "wardPlaced": 9,
      "neutralMinionsKilledEnemyJungle": 53,
      "neutralMinionsKilledYourJungle": 60,
      "totalTimeCrowdControlDealt": 991
    }
  },
  "35820683": {
    "gameId": 818168292,
    "invalid": false,
    "gameMode": "CLASSIC",
    "gameType": "MATCHED_GAME",
    "subType": "RANKED_SOLO_5x5",
    "mapId": 1,
    "teamId": 100,
    "championId": 11,
    "spell1": 4,
    "spell2": 11,
    "level": 30,
    "ipEarned": 52,
    "createDate": 1398242287382,
    "fellowPlayers": [
      {
        "summonerId": 20323243,
        "teamId": 200,
        "championId": 76
      },
      {
        "summonerId": 32693833,
        "teamId": 200,
        "championId": 77
      },
      {
        "summonerId": 25201731,
        "teamId": 200,
        "championId": 79
      },
      {
        "summonerId": 33834777,
        "teamId": 100,
        "championId": 13
      },
      {
        "summonerId": 20568901,
        "teamId": 200,
        "championId": 53
      },
      {
        "summonerId": 23935036,
        "teamId": 200,
        "championId": 222
      },
      {
        "summonerId": 30294954,
        "teamId": 100,
        "championId": 238
      },
      {
        "summonerId": 34246069,
        "teamId": 100,
        "championId": 12
      },
      {
        "summonerId": 31675129,
        "teamId": 100,
        "championId": 81
      }
    ],
    "stats": {
      "level": 11,
      "goldEarned": 5830,
      "numDeaths": 7,
      "minionsKilled": 23,
      "championsKilled": 1,
      "goldSpent": 3675,
      "totalDamageDealt": 74085,
      "totalDamageTaken": 16678,
      "team": 100,
      "win": false,
      "neutralMinionsKilled": 52,
      "largestMultiKill": 1,
      "physicalDamageDealtPlayer": 51229,
      "magicDamageDealtPlayer": 13697,
      "physicalDamageTaken": 12140,
      "magicDamageTaken": 3924,
      "largestCriticalStrike": 474,
      "timePlayed": 1576,
      "totalHeal": 2798,
      "totalUnitsHealed": 1,
      "item0": 3154,
      "item1": 3093,
      "item2": 3006,
      "item6": 3341,
      "physicalDamageDealtToChampions": 1147,
      "totalDamageDealtToChampions": 1275,
      "trueDamageDealtPlayer": 9158,
      "trueDamageDealtToChampions": 128,
      "trueDamageTaken": 614,
      "wardPlaced": 2,
      "neutralMinionsKilledEnemyJungle": 8,
      "neutralMinionsKilledYourJungle": 44,
      "totalTimeCrowdControlDealt": 42
    }
  },
  "30294954": {
    "gameId": 818168292,
    "invalid": false,
    "gameMode": "CLASSIC",
    "gameType": "MATCHED_GAME",
    "subType": "RANKED_SOLO_5x5",
    "mapId": 1,
    "teamId": 100,
    "championId": 238,
    "spell1": 4,
    "spell2": 14,
    "level": 30,
    "ipEarned": 52,
    "createDate": 1398242287384,
    "fellowPlayers": [
      {
        "summonerId": 20323243,
        "teamId": 200,
        "championId": 76
      },
      {
        "summonerId": 32693833,
        "teamId": 200,
        "championId": 77
      },
      {
        "summonerId": 25201731,
        "teamId": 200,
        "championId": 79
      },
      {
        "summonerId": 33834777,
        "teamId": 100,
        "championId": 13
      },
      {
        "summonerId": 20568901,
        "teamId": 200,
        "championId": 53
      },
      {
        "summonerId": 23935036,
        "teamId": 200,
        "championId": 222
      },
      {
        "summonerId": 34246069,
        "teamId": 100,
        "championId": 12
      },
      {
        "summonerId": 31675129,
        "teamId": 100,
        "championId": 81
      },
      {
        "summonerId": 35820683,
        "teamId": 100,
        "championId": 11
      }
    ],
    "stats": {
      "level": 11,
      "goldEarned": 5828,
      "numDeaths": 9,
      "minionsKilled": 114,
      "goldSpent": 5207,
      "totalDamageDealt": 63484,
      "totalDamageTaken": 17556,
      "team": 100,
      "win": false,
      "physicalDamageDealtPlayer": 59767,
      "magicDamageDealtPlayer": 2959,
      "physicalDamageTaken": 4218,
      "magicDamageTaken": 12620,
      "timePlayed": 1576,
      "totalHeal": 657,
      "totalUnitsHealed": 1,
      "assists": 1,
      "item0": 1055,
      "item1": 1038,
      "item2": 3117,
      "item3": 3134,
      "item4": 1053,
      "item6": 3340,
      "magicDamageDealtToChampions": 446,
      "physicalDamageDealtToChampions": 11772,
      "totalDamageDealtToChampions": 12976,
      "trueDamageDealtPlayer": 758,
      "trueDamageDealtToChampions": 758,
      "trueDamageTaken": 718,
      "wardPlaced": 16,
      "totalTimeCrowdControlDealt": 63
    }
  },
  "23935036": {
    "gameId": 818168292,
    "invalid": false,
    "gameMode": "CLASSIC",
    "gameType": "MATCHED_GAME",
    "subType": "RANKED_SOLO_5x5",
    "mapId": 1,
    "teamId": 200,
    "championId": 222,
    "spell1": 4,
    "spell2": 21,
    "level": 30,
    "ipEarned": 228,
    "createDate": 1398242287391,
    "fellowPlayers": [
      {
        "summonerId": 20323243,
        "teamId": 200,
        "championId": 76
      },
      {
        "summonerId": 32693833,
        "teamId": 200,
        "championId": 77
      },
      {
        "summonerId": 25201731,
        "teamId": 200,
        "championId": 79
      },
      {
        "summonerId": 33834777,
        "teamId": 100,
        "championId": 13
      },
      {
        "summonerId": 20568901,
        "teamId": 200,
        "championId": 53
      },
      {
        "summonerId": 30294954,
        "teamId": 100,
        "championId": 238
      },
      {
        "summonerId": 34246069,
        "teamId": 100,
        "championId": 12
      },
      {
        "summonerId": 31675129,
        "teamId": 100,
        "championId": 81
      },
      {
        "summonerId": 35820683,
        "teamId": 100,
        "championId": 11
      }
    ],
    "stats": {
      "level": 14,
      "goldEarned": 10210,
      "numDeaths": 1,
      "barracksKilled": 1,
      "turretsKilled": 3,
      "minionsKilled": 189,
      "championsKilled": 3,
      "goldSpent": 8960,
      "totalDamageDealt": 116998,
      "totalDamageTaken": 10038,
      "killingSprees": 1,
      "largestKillingSpree": 3,
      "team": 200,
      "win": true,
      "neutralMinionsKilled": 5,
      "largestMultiKill": 1,
      "physicalDamageDealtPlayer": 115718,
      "magicDamageDealtPlayer": 1279,
      "physicalDamageTaken": 8294,
      "magicDamageTaken": 1542,
      "largestCriticalStrike": 563,
      "timePlayed": 1576,
      "totalHeal": 892,
      "totalUnitsHealed": 1,
      "assists": 4,
      "item0": 3072,
      "item1": 1055,
      "item2": 3006,
      "item3": 3046,
      "item4": 1038,
      "item6": 3340,
      "magicDamageDealtToChampions": 735,
      "physicalDamageDealtToChampions": 12921,
      "totalDamageDealtToChampions": 13656,
      "trueDamageTaken": 202,
      "wardKilled": 1,
      "wardPlaced": 6,
      "neutralMinionsKilledEnemyJungle": 1,
      "neutralMinionsKilledYourJungle": 4,
      "totalTimeCrowdControlDealt": 52
    }
  },
  "25201731": {
    "gameId": 818168292,
    "invalid": false,
    "gameMode": "CLASSIC",
    "gameType": "MATCHED_GAME",
    "subType": "RANKED_SOLO_5x5",
    "mapId": 1,
    "teamId": 200,
    "championId": 79,
    "spell1": 4,
    "spell2": 14,
    "level": 30,
    "ipEarned": 78,
    "createDate": 1398242287388,
    "fellowPlayers": [
      {
        "summonerId": 20323243,
        "teamId": 200,
        "championId": 76
      },
      {
        "summonerId": 32693833,
        "teamId": 200,
        "championId": 77
      },
      {
        "summonerId": 33834777,
        "teamId": 100,
        "championId": 13
      },
      {
        "summonerId": 20568901,
        "teamId": 200,
        "championId": 53
      },
      {
        "summonerId": 23935036,
        "teamId": 200,
        "championId": 222
      },
      {
        "summonerId": 30294954,
        "teamId": 100,
        "championId": 238
      },
      {
        "summonerId": 34246069,
        "teamId": 100,
        "championId": 12
      },
      {
        "summonerId": 31675129,
        "teamId": 100,
        "championId": 81
      },
      {
        "summonerId": 35820683,
        "teamId": 100,
        "championId": 11
      }
    ],
    "stats": {
      "level": 14,
      "goldEarned": 9047,
      "numDeaths": 1,
      "turretsKilled": 1,
      "minionsKilled": 149,
      "championsKilled": 3,
      "goldSpent": 8600,
      "totalDamageDealt": 60891,
      "totalDamageTaken": 16748,
      "killingSprees": 1,
      "largestKillingSpree": 3,
      "team": 200,
      "win": true,
      "largestMultiKill": 1,
      "physicalDamageDealtPlayer": 24621,
      "magicDamageDealtPlayer": 35858,
      "physicalDamageTaken": 12407,
      "magicDamageTaken": 4340,
      "largestCriticalStrike": 254,
      "timePlayed": 1576,
      "totalHeal": 4459,
      "totalUnitsHealed": 1,
      "assists": 6,
      "item0": 1054,
      "item1": 3065,
      "item2": 3068,
      "item3": 3020,
      "item4": 1028,
      "item5": 1052,
      "item6": 3340,
      "magicDamageDealtToChampions": 6001,
      "physicalDamageDealtToChampions": 1602,
      "totalDamageDealtToChampions": 8015,
      "trueDamageDealtPlayer": 412,
      "trueDamageDealtToChampions": 412,
      "wardPlaced": 1,
      "totalTimeCrowdControlDealt": 314
    }
  },
  "20323243": {
    "gameId": 818168292,
    "invalid": false,
    "gameMode": "CLASSIC",
    "gameType": "MATCHED_GAME",
    "subType": "RANKED_SOLO_5x5",
    "mapId": 1,
    "teamId": 200,
    "championId": 76,
    "spell1": 4,
    "spell2": 14,
    "level": 30,
    "ipEarned": 228,
    "createDate": 1398242287387,
    "fellowPlayers": [
      {
        "summonerId": 32693833,
        "teamId": 200,
        "championId": 77
      },
      {
        "summonerId": 25201731,
        "teamId": 200,
        "championId": 79
      },
      {
        "summonerId": 33834777,
        "teamId": 100,
        "championId": 13
      },
      {
        "summonerId": 20568901,
        "teamId": 200,
        "championId": 53
      },
      {
        "summonerId": 23935036,
        "teamId": 200,
        "championId": 222
      },
      {
        "summonerId": 30294954,
        "teamId": 100,
        "championId": 238
      },
      {
        "summonerId": 34246069,
        "teamId": 100,
        "championId": 12
      },
      {
        "summonerId": 31675129,
        "teamId": 100,
        "championId": 81
      },
      {
        "summonerId": 35820683,
        "teamId": 100,
        "championId": 11
      }
    ],
    "stats": {
      "level": 15,
      "goldEarned": 11406,
      "numDeaths": 1,
      "turretsKilled": 3,
      "minionsKilled": 107,
      "championsKilled": 17,
      "goldSpent": 8025,
      "totalDamageDealt": 91586,
      "totalDamageTaken": 18732,
      "killingSprees": 1,
      "largestKillingSpree": 16,
      "team": 200,
      "win": true,
      "neutralMinionsKilled": 1,
      "largestMultiKill": 1,
      "physicalDamageDealtPlayer": 27369,
      "magicDamageDealtPlayer": 62331,
      "physicalDamageTaken": 13948,
      "magicDamageTaken": 4025,
      "timePlayed": 1576,
      "totalHeal": 14673,
      "totalUnitsHealed": 5,
      "assists": 4,
      "item0": 3157,
      "item1": 3040,
      "item2": 3041,
      "item3": 1001,
      "item4": 1056,
      "item6": 3340,
      "magicDamageDealtToChampions": 23448,
      "physicalDamageDealtToChampions": 3667,
      "totalDamageDealtToChampions": 28359,
      "trueDamageDealtPlayer": 1886,
      "trueDamageDealtToChampions": 1244,
      "trueDamageTaken": 758,
      "wardPlaced": 4,
      "neutralMinionsKilledEnemyJungle": 1,
      "totalTimeCrowdControlDealt": 192
    }
  }
}