{
  "25152558": {
    "gameId": 818162318,
    "invalid": false,
    "gameMode": "ARAM",
    "gameType": "MATCHED_GAME",
    "subType": "ARAM_UNRANKED_5x5",
    "mapId": 12,
    "teamId": 100,
    "championId": 5,
    "spell1": 4,
    "spell2": 21,
    "level": 30,
    "ipEarned": 39,
    "createDate": 1398242375953,
    "fellowPlayers": [
      {
        "summonerId": 29588602,
        "teamId": 100,
        "championId": 89
      },
      {
        "summonerId": 21453374,
        "teamId": 100,
        "championId": 98
      },
      {
        "summonerId": 40146778,
        "teamId": 100,
        "championId": 22
      },
      {
        "summonerId": 26850804,
        "teamId": 200,
        "championId": 267
      },
      {
        "summonerId": 38659568,
        "teamId": 100,
        "championId": 16
      },
      {
        "summonerId": 24655773,
        "teamId": 200,
        "championId": 81
      },
      {
        "summonerId": 19633121,
        "teamId": 200,
        "championId": 69
      },
      {
        "summonerId": 35655178,
        "teamId": 200,
        "championId": 25
      },
      {
        "summonerId": 20211007,
        "teamId": 200,
        "championId": 24
      }
    ],
    "stats": {
      "level": 15,
      "goldEarned": 9151,
      "numDeaths": 15,
      "minionsKilled": 19,
      "championsKilled": 12,
      "goldSpent": 8590,
      "totalDamageDealt": 33359,
      "totalDamageTaken": 29095,
      "doubleKills": 1,
      "tripleKills": 1,
      "killingSprees": 1,
      "largestKillingSpree": 3,
      "team": 100,
      "win": false,
      "largestMultiKill": 3,
      "physicalDamageDealtPlayer": 28922,
      "magicDamageDealtPlayer": 4437,
      "physicalDamageTaken": 9670,
      "magicDamageTaken": 18932,
      "timePlayed": 1106,
      "totalHeal": 1789,
      "totalUnitsHealed": 1,
      "assists": 9,
      "item0": 3074,
      "item1": 3006,
      "item2": 3172,
      "item3": 3211,
      "magicDamageDealtToChampions": 2964,
      "physicalDamageDealtToChampions": 16281,
      "totalDamageDealtToChampions": 19245,
      "trueDamageTaken": 492,
      "totalTimeCrowdControlDealt": 133
    }
  },
  "summonerCount": 10,
  "38659568": {
    "gameId": 818162318,
    "invalid": false,
    "gameMode": "ARAM",
    "gameType": "MATCHED_GAME",
    "subType": "ARAM_UNRANKED_5x5",
    "mapId": 12,
    "teamId": 100,
    "championId": 16,
    "spell1": 4,
    "spell2": 7,
    "level": 30,
    "ipEarned": 39,
    "createDate": 1398242375951,
    "fellowPlayers": [
      {
        "summonerId": 29588602,
        "teamId": 100,
        "championId": 89
      },
      {
        "summonerId": 21453374,
        "teamId": 100,
        "championId": 98
      },
      {
        "summonerId": 40146778,
        "teamId": 100,
        "championId": 22
      },
      {
        "summonerId": 26850804,
        "teamId": 200,
        "championId": 267
      },
      {
        "summonerId": 24655773,
        "teamId": 200,
        "championId": 81
      },
      {
        "summonerId": 25152558,
        "teamId": 100,
        "championId": 5
      },
      {
        "summonerId": 19633121,
        "teamId": 200,
        "championId": 69
      },
      {
        "summonerId": 35655178,
        "teamId": 200,
        "championId": 25
      },
      {
        "summonerId": 20211007,
        "teamId": 200,
        "championId": 24
      }
    ],
    "stats": {
      "level": 16,
      "goldEarned": 8901,
      "numDeaths": 12,
      "minionsKilled": 37,
      "championsKilled": 1,
      "goldSpent": 8055,
      "totalDamageDealt": 52955,
      "totalDamageTaken": 26832,
      "team": 100,
      "win": false,
      "largestMultiKill": 1,
      "physicalDamageDealtPlayer": 2237,
      "magicDamageDealtPlayer": 50718,
      "physicalDamageTaken": 7996,
      "magicDamageTaken": 18835,
      "timePlayed": 1106,
      "totalHeal": 12800,
      "totalUnitsHealed": 5,
      "assists": 22,
      "item0": 3070,
      "item1": 3028,
      "item2": 3151,
      "item3": 3108,
      "item4": 3158,
      "item5": 1011,
      "item6": 2052,
      "magicDamageDealtToChampions": 14647,
      "physicalDamageDealtToChampions": 713,
      "totalDamageDealtToChampions": 15360,
      "totalTimeCrowdControlDealt": 49
    }
  },
  "35655178": {
    "gameId": 818162318,
    "invalid": false,
    "gameMode": "ARAM",
    "gameType": "MATCHED_GAME",
    "subType": "ARAM_UNRANKED_5x5",
    "mapId": 12,
    "teamId": 200,
    "championId": 25,
    "spell1": 7,
    "spell2": 4,
    "level": 30,
    "ipEarned": 56,
    "createDate": 1398242375960,
    "fellowPlayers": [
      {
        "summonerId": 29588602,
        "teamId": 100,
        "championId": 89
      },
      {
        "summonerId": 21453374,
        "teamId": 100,
        "championId": 98
      },
      {
        "summonerId": 40146778,
        "teamId": 100,
        "championId": 22
      },
      {
        "summonerId": 26850804,
        "teamId": 200,
        "championId": 267
      },
      {
        "summonerId": 38659568,
        "teamId": 100,
        "championId": 16
      },
      {
        "summonerId": 24655773,
        "teamId": 200,
        "championId": 81
      },
      {
        "summonerId": 25152558,
        "teamId": 100,
        "championId": 5
      },
      {
        "summonerId": 19633121,
        "teamId": 200,
        "championId": 69
      },
      {
        "summonerId": 20211007,
        "teamId": 200,
        "championId": 24
      }
    ],
    "stats": {
      "level": 16,
      "goldEarned": 10007,
      "numDeaths": 4,
      "turretsKilled": 1,
      "minionsKilled": 29,
      "championsKilled": 6,
      "goldSpent": 9795,
      "totalDamageDealt": 34690,
      "totalDamageTaken": 16128,
      "doubleKills": 1,
      "killingSprees": 2,
      "largestKillingSpree": 2,
      "team": 200,
      "win": true,
      "largestMultiKill": 2,
      "physicalDamageDealtPlayer": 8533,
      "magicDamageDealtPlayer": 26156,
      "physicalDamageTaken": 6372,
      "magicDamageTaken": 9756,
      "timePlayed": 1106,
      "totalHeal": 2735,
      "totalUnitsHealed": 4,
      "assists": 35,
      "item0": 3157,
      "item1": 3027,
      "item2": 3020,
      "item3": 1058,
      "item4": 1026,
      "magicDamageDealtToChampions": 16112,
      "physicalDamageDealtToChampions": 1849,
      "totalDamageDealtToChampions": 17962,
      "totalTimeCrowdControlDealt": 244
    }
  },
  "21453374": {
    "gameId": 818162318,
    "invalid": false,
    "gameMode": "ARAM",
    "gameType": "MATCHED_GAME",
    "subType": "ARAM_UNRANKED_5x5",
    "mapId": 12,
    "teamId": 100,
    "championId": 98,
    "spell1": 21,
    "spell2": 4,
    "level": 30,
    "ipEarned": 39,
    "createDate": 1398242375954,
    "fellowPlayers": [
      {
        "summonerId": 29588602,
        "teamId": 100,
        "championId": 89
      },
      {
        "summonerId": 40146778,
        "teamId": 100,
        "championId": 22
      },
      {
        "summonerId": 26850804,
        "teamId": 200,
        "championId": 267
      },
      {
        "summonerId": 38659568,
        "teamId": 100,
        "championId": 16
      },
      {
        "summonerId": 24655773,
        "teamId": 200,
        "championId": 81
      },
      {
        "summonerId": 25152558,
        "teamId": 100,
        "championId": 5
      },
      {
        "summonerId": 19633121,
        "teamId": 200,
        "championId": 69
      },
      {
        "summonerId": 35655178,
        "teamId": 200,
        "championId": 25
      },
      {
        "summonerId": 20211007,
        "teamId": 200,
        "championId": 24
      }
    ],
    "stats": {
      "level": 15,
      "goldEarned": 8877,
      "numDeaths": 9,
      "minionsKilled": 19,
      "championsKilled": 5,
      "goldSpent": 7845,
      "totalDamageDealt": 17749,
      "totalDamageTaken": 27579,
      "team": 100,
      "win": false,
      "largestMultiKill": 1,
      "physicalDamageDealtPlayer": 6169,
      "magicDamageDealtPlayer": 11579,
      "physicalDamageTaken": 10320,
      "magicDamageTaken": 17067,
      "timePlayed": 1106,
      "totalHeal": 2271,
      "totalUnitsHealed": 1,
      "assists": 16,
      "item0": 2051,
      "item1": 3068,
      "item2": 3111,
      "item3": 3211,
      "item4": 2003,
      "item5": 1057,
      "item6": 2052,
      "magicDamageDealtToChampions": 5654,
      "physicalDamageDealtToChampions": 2775,
      "totalDamageDealtToChampions": 8429,
      "trueDamageTaken": 191,
      "totalTimeCrowdControlDealt": 26
    }
  },
  "24655773": {
    "gameId": 818162318,
    "invalid": false,
    "gameMode": "ARAM",
    "gameType": "MATCHED_GAME",
    "subType": "ARAM_UNRANKED_5x5",
    "mapId": 12,
    "teamId": 200,
    "championId": 81,
    "spell1": 21,
    "spell2": 4,
    "level": 30,
    "ipEarned": 56,
    "createDate": 1398242375955,
    "fellowPlayers": [
      {
        "summonerId": 29588602,
        "teamId": 100,
        "championId": 89
      },
      {
        "summonerId": 21453374,
        "teamId": 100,
        "championId": 98
      },
      {
        "summonerId": 40146778,
        "teamId": 100,
        "championId": 22
      },
      {
        "summonerId": 26850804,
        "teamId": 200,
        "championId": 267
      },
      {
        "summonerId": 38659568,
        "teamId": 100,
        "championId": 16
      },
      {
        "summonerId": 25152558,
        "teamId": 100,
        "championId": 5
      },
      {
        "summonerId": 19633121,
        "teamId": 200,
        "championId": 69
      },
      {
        "summonerId": 35655178,
        "teamId": 200,
        "championId": 25
      },
      {
        "summonerId": 20211007,
        "teamId": 200,
        "championId": 24
      }
    ],
    "stats": {
      "level": 16,
      "goldEarned": 10939,
      "numDeaths": 4,
      "turretsKilled": 1,
      "minionsKilled": 30,
      "championsKilled": 19,
      "goldSpent": 10100,
      "totalDamageDealt": 59366,
      "totalDamageTaken": 11865,
      "doubleKills": 2,
      "killingSprees": 4,
      "largestKillingSpree": 7,
      "team": 200,
      "win": true,
      "largestMultiKill": 2,
      "physicalDamageDealtPlayer": 16343,
      "magicDamageDealtPlayer": 43022,
      "physicalDamageTaken": 6675,
      "magicDamageTaken": 5189,
      "timePlayed": 1106,
      "totalHeal": 2342,
      "totalUnitsHealed": 1,
      "assists": 24,
      "item0": 3040,
      "item1": 3020,
      "item2": 3100,
      "item3": 3089,
      "item6": 2052,
      "magicDamageDealtToChampions": 28860,
      "physicalDamageDealtToChampions": 6482,
      "totalDamageDealtToChampions": 35343,
      "totalTimeCrowdControlDealt": 8
    }
  },
  "20211007": {
    "gameId": 818162318,
    "invalid": false,
    "gameMode": "ARAM",
    "gameType": "MATCHED_GAME",
    "subType": "ARAM_UNRANKED_5x5",
    "mapId": 12,
    "teamId": 200,
    "championId": 24,
    "spell1": 21,
    "spell2": 4,
    "level": 30,
    "ipEarned": 206,
    "createDate": 1398242375958,
    "fellowPlayers": [
      {
        "summonerId": 29588602,
        "teamId": 100,
        "championId": 89
      },
      {
        "summonerId": 21453374,
        "teamId": 100,
        "championId": 98
      },
      {
        "summonerId": 40146778,
        "teamId": 100,
        "championId": 22
      },
      {
        "summonerId": 26850804,
        "teamId": 200,
        "championId": 267
      },
      {
        "summonerId": 38659568,
        "teamId": 100,
        "championId": 16
      },
      {
        "summonerId": 24655773,
        "teamId": 200,
        "championId": 81
      },
      {
        "summonerId": 25152558,
        "teamId": 100,
        "championId": 5
      },
      {
        "summonerId": 19633121,
        "teamId": 200,
        "championId": 69
      },
      {
        "summonerId": 35655178,
        "teamId": 200,
        "championId": 25
      }
    ],
    "stats": {
      "level": 16,
      "goldEarned": 10644,
      "numDeaths": 10,
      "barracksKilled": 1,
      "turretsKilled": 2,
      "minionsKilled": 47,
      "championsKilled": 15,
      "goldSpent": 9570,
      "totalDamageDealt": 54365,
      "totalDamageTaken": 27545,
      "doubleKills": 2,
      "killingSprees": 6,
      "largestKillingSpree": 2,
      "team": 200,
      "win": true,
      "largestMultiKill": 2,
      "physicalDamageDealtPlayer": 47127,
      "magicDamageDealtPlayer": 7237,
      "physicalDamageTaken": 17912,
      "magicDamageTaken": 9632,
      "timePlayed": 1106,
      "totalHeal": 2523,
      "totalUnitsHealed": 1,
      "assists": 20,
      "item0": 3111,
      "item1": 3184,
      "item2": 3074,
      "item3": 1054,
      "item4": 3155,
      "item5": 1055,
      "magicDamageDealtToChampions": 5615,
      "physicalDamageDealtToChampions": 22023,
      "totalDamageDealtToChampions": 27639,
      "totalTimeCrowdControlDealt": 193
    }
  },
  "29588602": {
    "gameId": 818162318,
    "invalid": false,
    "gameMode": "ARAM",
    "gameType": "MATCHED_GAME",
    "subType": "ARAM_UNRANKED_5x5",
    "mapId": 12,
    "teamId": 100,
    "championId": 89,
    "spell1": 4,
    "spell2": 7,
    "level": 30,
    "ipEarned": 39,
    "createDate": 1398242375950,
    "fellowPlayers": [
      {
        "summonerId": 21453374,
        "teamId": 100,
        "championId": 98
      },
      {
        "summonerId": 40146778,
        "teamId": 100,
        "championId": 22
      },
      {
        "summonerId": 26850804,
        "teamId": 200,
        "championId": 267
      },
      {
        "summonerId": 38659568,
        "teamId": 100,
        "championId": 16
      },
      {
        "summonerId": 24655773,
        "teamId": 200,
        "championId": 81
      },
      {
        "summonerId": 25152558,
        "teamId": 100,
        "championId": 5
      },
      {
        "summonerId": 19633121,
        "teamId": 200,
        "championId": 69
      },
      {
        "summonerId": 35655178,
        "teamId": 200,
        "championId": 25
      },
      {
        "summonerId": 20211007,
        "teamId": 200,
        "championId": 24
      }
    ],
    "stats": {
      "level": 15,
      "goldEarned": 8740,
      "numDeaths": 9,
      "minionsKilled": 29,
      "championsKilled": 4,
      "goldSpent": 7810,
      "totalDamageDealt": 33000,
      "totalDamageTaken": 25758,
      "killingSprees": 1,
      "largestKillingSpree": 2,
      "team": 100,
      "win": false,
      "largestMultiKill": 1,
      "physicalDamageDealtPlayer": 5620,
      "magicDamageDealtPlayer": 27379,
      "physicalDamageTaken": 9719,
      "magicDamageTaken": 15558,
      "timePlayed": 1106,
      "totalHeal": 1672,
      "totalUnitsHealed": 4,
      "assists": 15,
      "item0": 3190,
      "item1": 3111,
      "item2": 3068,
      "item3": 1054,
      "magicDamageDealtToChampions": 9979,
      "physicalDamageDealtToChampions": 3251,
      "totalDamageDealtToChampions": 13231,
      "trueDamageTaken": 480,
      "totalTimeCrowdControlDealt": 74
    }
  },
  "40146778": {
    "gameId": 818162318,
    "invalid": false,
    "gameMode": "ARAM",
    "gameType": "MATCHED_GAME",
    "subType": "ARAM_UNRANKED_5x5",
    "mapId": 12,
    "teamId": 100,
    "championId": 22,
    "spell1": 4,
    "spell2": 21,
    "level": 30,
    "ipEarned": 39,
    "createDate": 1398242375952,
    "fellowPlayers": [
      {
        "summonerId": 29588602,
        "teamId": 100,
        "championId": 89
      },
      {
        "summonerId": 21453374,
        "teamId": 100,
        "championId": 98
      },
      {
        "summonerId": 26850804,
        "teamId": 200,
        "championId": 267
      },
      {
        "summonerId": 38659568,
        "teamId": 100,
        "championId": 16
      },
      {
        "summonerId": 24655773,
        "teamId": 200,
        "championId": 81
      },
      {
        "summonerId": 25152558,
        "teamId": 100,
        "championId": 5
      },
      {
        "summonerId": 19633121,
        "teamId": 200,
        "championId": 69
      },
      {
        "summonerId": 35655178,
        "teamId": 200,
        "championId": 25
      },
      {
        "summonerId": 20211007,
        "teamId": 200,
        "championId": 24
      }
    ],
    "stats": {
      "level": 15,
      "goldEarned": 9407,
      "numDeaths": 13,
      "minionsKilled": 55,
      "championsKilled": 10,
      "goldSpent": 8680,
      "totalDamageDealt": 51447,
      "totalDamageTaken": 21764,
      "killingSprees": 1,
      "largestKillingSpree": 2,
      "team": 100,
      "win": false,
      "largestMultiKill": 1,
      "physicalDamageDealtPlayer": 36769,
      "magicDamageDealtPlayer": 14677,
      "physicalDamageTaken": 4638,
      "magicDamageTaken": 17125,
      "largestCriticalStrike": 600,
      "timePlayed": 1106,
      "totalHeal": 1066,
      "totalUnitsHealed": 1,
      "assists": 8,
      "item0": 3006,
      "item1": 3087,
      "item2": 1036,
      "item3": 3031,
      "item4": 1037,
      "magicDamageDealtToChampions": 5028,
      "physicalDamageDealtToChampions": 17200,
      "totalDamageDealtToChampions": 22229,
      "totalTimeCrowdControlDealt": 509
    }
  },
  "19633121": {
    "gameId": 818162318,
    "invalid": false,
    "gameMode": "ARAM",
    "gameType": "MATCHED_GAME",
    "subType": "ARAM_UNRANKED_5x5",
    "mapId": 12,
    "teamId": 200,
    "championId": 69,
    "spell1": 4,
    "spell2": 14,
    "level": 30,
    "ipEarned": 206,
    "createDate": 1398242375959,
    "fellowPlayers": [
      {
        "summonerId": 29588602,
        "teamId": 100,
        "championId": 89
      },
      {
        "summonerId": 21453374,
        "teamId": 100,
        "championId": 98
      },
      {
        "summonerId": 40146778,
        "teamId": 100,
        "championId": 22
      },
      {
        "summonerId": 26850804,
        "teamId": 200,
        "championId": 267
      },
      {
        "summonerId": 38659568,
        "teamId": 100,
        "championId": 16
      },
      {
        "summonerId": 24655773,
        "teamId": 200,
        "championId": 81
      },
      {
        "summonerId": 25152558,
        "teamId": 100,
        "championId": 5
      },
      {
        "summonerId": 35655178,
        "teamId": 200,
        "championId": 25
      },
      {
        "summonerId": 20211007,
        "teamId": 200,
        "championId": 24
      }
    ],
    "stats": {
      "level": 16,
      "goldEarned": 10663,
      "numDeaths": 6,
      "minionsKilled": 51,
      "championsKilled": 10,
      "goldSpent": 8180,
      "totalDamageDealt": 55205,
      "totalDamageTaken": 14664,
      "killingSprees": 2,
      "largestKillingSpree": 5,
      "team": 200,
      "win": true,
      "largestMultiKill": 1,
      "physicalDamageDealtPlayer": 5773,
      "magicDamageDealtPlayer": 48269,
      "physicalDamageTaken": 8590,
      "magicDamageTaken": 6073,
      "timePlayed": 1106,
      "totalHeal": 861,
      "totalUnitsHealed": 1,
      "assists": 26,
      "item0": 3040,
      "item1": 3152,
      "item2": 1058,
      "item4": 3020,
      "magicDamageDealtToChampions": 20409,
      "physicalDamageDealtToChampions": 1300,
      "totalDamageDealtToChampions": 22872,
      "trueDamageDealtPlayer": 1163,
      "trueDamageDealtToChampions": 1163,
      "totalTimeCrowdControlDealt": 2066
    }
  },
  "25152558": {
    "gameId": 818162318,
    "invalid": false,
    "gameMode": "ARAM",
    "gameType": "MATCHED_GAME",
    "subType": "ARAM_UNRANKED_5x5",
    "mapId": 12,
    "teamId": 100,
    "championId": 5,
    "spell1": 4,
    "spell2": 21,
    "level": 30,
    "ipEarned": 39,
    "createDate": 1398242375953,
    "fellowPlayers": [
      {
        "summonerId": 29588602,
        "teamId": 100,
        "championId": 89
      },
      {
        "summonerId": 21453374,
        "teamId": 100,
        "championId": 98
      },
      {
        "summonerId": 40146778,
        "teamId": 100,
        "championId": 22
      },
      {
        "summonerId": 26850804,
        "teamId": 200,
        "championId": 267
      },
      {
        "summonerId": 38659568,
        "teamId": 100,
        "championId": 16
      },
      {
        "summonerId": 24655773,
        "teamId": 200,
        "championId": 81
      },
      {
        "summonerId": 19633121,
        "teamId": 200,
        "championId": 69
      },
      {
        "summonerId": 35655178,
        "teamId": 200,
        "championId": 25
      },
      {
        "summonerId": 20211007,
        "teamId": 200,
        "championId": 24
      }
    ],
    "stats": {
      "level": 15,
      "goldEarned": 9151,
      "numDeaths": 15,
      "minionsKilled": 19,
      "championsKilled": 12,
      "goldSpent": 8590,
      "totalDamageDealt": 33359,
      "totalDamageTaken": 29095,
      "doubleKills": 1,
      "tripleKills": 1,
      "killingSprees": 1,
      "largestKillingSpree": 3,
      "team": 100,
      "win": false,
      "largestMultiKill": 3,
      "physicalDamageDealtPlayer": 28922,
      "magicDamageDealtPlayer": 4437,
      "physicalDamageTaken": 9670,
      "magicDamageTaken": 18932,
      "timePlayed": 1106,
      "totalHeal": 1789,
      "totalUnitsHealed": 1,
      "assists": 9,
      "item0": 3074,
      "item1": 3006,
      "item2": 3172,
      "item3": 3211,
      "magicDamageDealtToChampions": 2964,
      "physicalDamageDealtToChampions": 16281,
      "totalDamageDealtToChampions": 19245,
      "trueDamageTaken": 492,
      "totalTimeCrowdControlDealt": 133
    }
  }
}