{
  "33539287": {
    "gameId": 818194810,
    "invalid": false,
    "gameMode": "CLASSIC",
    "gameType": "MATCHED_GAME",
    "subType": "RANKED_SOLO_5x5",
    "mapId": 1,
    "teamId": 100,
    "championId": 89,
    "spell1": 4,
    "spell2": 14,
    "level": 30,
    "ipEarned": 113,
    "createDate": 1398249103728,
    "fellowPlayers": [
      {
        "summonerId": 33521242,
        "teamId": 200,
        "championId": 81
      },
      {
        "summonerId": 40573241,
        "teamId": 200,
        "championId": 24
      },
      {
        "summonerId": 21034373,
        "teamId": 100,
        "championId": 27
      },
      {
        "summonerId": 24753443,
        "teamId": 200,
        "championId": 122
      },
      {
        "summonerId": 35367031,
        "teamId": 100,
        "championId": 119
      },
      {
        "summonerId": 37645386,
        "teamId": 200,
        "championId": 44
      },
      {
        "summonerId": 30672952,
        "teamId": 200,
        "championId": 99
      },
      {
        "summonerId": 39905042,
        "teamId": 100,
        "championId": 7
      },
      {
        "summonerId": 26101095,
        "teamId": 100,
        "championId": 53
      }
    ],
    "stats": {
      "level": 17,
      "goldEarned": 12031,
      "numDeaths": 7,
      "barracksKilled": 1,
      "minionsKilled": 57,
      "championsKilled": 2,
      "goldSpent": 11860,
      "totalDamageDealt": 47076,
      "totalDamageTaken": 36078,
      "team": 100,
      "win": true,
      "largestMultiKill": 1,
      "physicalDamageDealtPlayer": 13988,
      "magicDamageDealtPlayer": 25813,
      "physicalDamageTaken": 23028,
      "magicDamageTaken": 11051,
      "timePlayed": 2519,
      "totalHeal": 6861,
      "totalUnitsHealed": 5,
      "assists": 29,
      "item0": 3401,
      "item1": 3143,
      "item2": 2049,
      "item3": 3068,
      "item4": 1057,
      "item5": 3117,
      "item6": 3341,
      "sightWardsBought": 5,
      "magicDamageDealtToChampions": 9606,
      "physicalDamageDealtToChampions": 4888,
      "totalDamageDealtToChampions": 16911,
      "trueDamageDealtPlayer": 7273,
      "trueDamageDealtToChampions": 2416,
      "trueDamageTaken": 1998,
      "wardKilled": 3,
      "wardPlaced": 20,
      "totalTimeCrowdControlDealt": 452
    }
  },
  "summonerCount": 10,
  "21034373": {
    "gameId": 818194810,
    "invalid": false,
    "gameMode": "CLASSIC",
    "gameType": "MATCHED_GAME",
    "subType": "RANKED_SOLO_5x5",
    "mapId": 1,
    "teamId": 100,
    "championId": 27,
    "spell1": 4,
    "spell2": 12,
    "level": 30,
    "ipEarned": 113,
    "createDate": 1398249103725,
    "fellowPlayers": [
      {
        "summonerId": 33521242,
        "teamId": 200,
        "championId": 81
      },
      {
        "summonerId": 40573241,
        "teamId": 200,
        "championId": 24
      },
      {
        "summonerId": 24753443,
        "teamId": 200,
        "championId": 122
      },
      {
        "summonerId": 33539287,
        "teamId": 100,
        "championId": 89
      },
      {
        "summonerId": 35367031,
        "teamId": 100,
        "championId": 119
      },
      {
        "summonerId": 37645386,
        "teamId": 200,
        "championId": 44
      },
      {
        "summonerId": 30672952,
        "teamId": 200,
        "championId": 99
      },
      {
        "summonerId": 39905042,
        "teamId": 100,
        "championId": 7
      },
      {
        "summonerId": 26101095,
        "teamId": 100,
        "championId": 53
      }
    ],
    "stats": {
      "level": 18,
      "goldEarned": 14355,
      "numDeaths": 4,
      "turretsKilled": 1,
      "minionsKilled": 219,
      "championsKilled": 5,
      "goldSpent": 13220,
      "totalDamageDealt": 162738,
      "totalDamageTaken": 34945,
      "killingSprees": 1,
      "largestKillingSpree": 5,
      "team": 100,
      "win": true,
      "neutralMinionsKilled": 3,
      "largestMultiKill": 1,
      "physicalDamageDealtPlayer": 16566,
      "magicDamageDealtPlayer": 146172,
      "physicalDamageTaken": 22528,
      "magicDamageTaken": 10564,
      "timePlayed": 2519,
      "totalHeal": 3591,
      "totalUnitsHealed": 1,
      "assists": 19,
      "item0": 3040,
      "item1": 3047,
      "item2": 3027,
      "item3": 3116,
      "item4": 3065,
      "item5": 1026,
      "item6": 3340,
      "magicDamageDealtToChampions": 24715,
      "physicalDamageDealtToChampions": 1405,
      "totalDamageDealtToChampions": 26120,
      "trueDamageTaken": 1851,
      "wardPlaced": 7,
      "neutralMinionsKilledEnemyJungle": 3,
      "totalTimeCrowdControlDealt": 1461
    }
  },
  "37645386": {
    "gameId": 818194810,
    "invalid": false,
    "gameMode": "CLASSIC",
    "gameType": "MATCHED_GAME",
    "subType": "RANKED_SOLO_5x5",
    "mapId": 1,
    "teamId": 200,
    "championId": 44,
    "spell1": 3,
    "spell2": 4,
    "level": 30,
    "ipEarned": 74,
    "createDate": 1398249103734,
    "fellowPlayers": [
      {
        "summonerId": 33521242,
        "teamId": 200,
        "championId": 81
      },
      {
        "summonerId": 40573241,
        "teamId": 200,
        "championId": 24
      },
      {
        "summonerId": 21034373,
        "teamId": 100,
        "championId": 27
      },
      {
        "summonerId": 24753443,
        "teamId": 200,
        "championId": 122
      },
      {
        "summonerId": 33539287,
        "teamId": 100,
        "championId": 89
      },
      {
        "summonerId": 35367031,
        "teamId": 100,
        "championId": 119
      },
      {
        "summonerId": 30672952,
        "teamId": 200,
        "championId": 99
      },
      {
        "summonerId": 39905042,
        "teamId": 100,
        "championId": 7
      },
      {
        "summonerId": 26101095,
        "teamId": 100,
        "championId": 53
      }
    ],
    "stats": {
      "level": 16,
      "goldEarned": 9556,
      "numDeaths": 12,
      "minionsKilled": 55,
      "championsKilled": 2,
      "goldSpent": 9955,
      "totalDamageDealt": 44857,
      "totalDamageTaken": 40221,
      "team": 200,
      "win": false,
      "largestMultiKill": 1,
      "physicalDamageDealtPlayer": 9917,
      "magicDamageDealtPlayer": 31741,
      "physicalDamageTaken": 12410,
      "magicDamageTaken": 27157,
      "timePlayed": 2519,
      "totalHeal": 5679,
      "totalUnitsHealed": 5,
      "assists": 12,
      "item0": 3143,
      "item1": 2045,
      "item2": 3110,
      "item3": 3302,
      "item4": 3047,
      "item6": 3340,
      "sightWardsBought": 1,
      "magicDamageDealtToChampions": 11456,
      "physicalDamageDealtToChampions": 2664,
      "totalDamageDealtToChampions": 14121,
      "trueDamageDealtPlayer": 3199,
      "trueDamageTaken": 654,
      "wardPlaced": 12,
      "totalTimeCrowdControlDealt": 1411
    }
  },
  "33521242": {
    "gameId": 818194810,
    "invalid": false,
    "gameMode": "CLASSIC",
    "gameType": "MATCHED_GAME",
    "subType": "RANKED_SOLO_5x5",
    "mapId": 1,
    "teamId": 200,
    "championId": 81,
    "spell1": 7,
    "spell2": 4,
    "level": 30,
    "ipEarned": 74,
    "createDate": 1398249103737,
    "fellowPlayers": [
      {
        "summonerId": 40573241,
        "teamId": 200,
        "championId": 24
      },
      {
        "summonerId": 21034373,
        "teamId": 100,
        "championId": 27
      },
      {
        "summonerId": 24753443,
        "teamId": 200,
        "championId": 122
      },
      {
        "summonerId": 33539287,
        "teamId": 100,
        "championId": 89
      },
      {
        "summonerId": 35367031,
        "teamId": 100,
        "championId": 119
      },
      {
        "summonerId": 37645386,
        "teamId": 200,
        "championId": 44
      },
      {
        "summonerId": 30672952,
        "teamId": 200,
        "championId": 99
      },
      {
        "summonerId": 39905042,
        "teamId": 100,
        "championId": 7
      },
      {
        "summonerId": 26101095,
        "teamId": 100,
        "championId": 53
      }
    ],
    "stats": {
      "level": 17,
      "goldEarned": 12759,
      "numDeaths": 13,
      "minionsKilled": 189,
      "championsKilled": 8,
      "goldSpent": 11663,
      "totalDamageDealt": 140299,
      "totalDamageTaken": 37607,
      "killingSprees": 1,
      "largestKillingSpree": 3,
      "team": 200,
      "win": false,
      "neutralMinionsKilled": 8,
      "largestMultiKill": 1,
      "physicalDamageDealtPlayer": 106717,
      "magicDamageDealtPlayer": 33581,
      "physicalDamageTaken": 17736,
      "magicDamageTaken": 18421,
      "largestCriticalStrike": 618,
      "timePlayed": 2519,
      "totalHeal": 2301,
      "totalUnitsHealed": 4,
      "assists": 6,
      "item0": 3072,
      "item1": 3078,
      "item2": 3006,
      "item3": 3035,
      "item4": 1037,
      "item6": 3340,
      "magicDamageDealtToChampions": 7550,
      "physicalDamageDealtToChampions": 22632,
      "totalDamageDealtToChampions": 30183,
      "trueDamageTaken": 1450,
      "wardPlaced": 10,
      "neutralMinionsKilledYourJungle": 8
    }
  },
  "39905042": {
    "gameId": 818194810,
    "invalid": false,
    "gameMode": "CLASSIC",
    "gameType": "MATCHED_GAME",
    "subType": "RANKED_SOLO_5x5",
    "mapId": 1,
    "teamId": 100,
    "championId": 7,
    "spell1": 14,
    "spell2": 4,
    "level": 30,
    "ipEarned": 263,
    "createDate": 1398249103729,
    "fellowPlayers": [
      {
        "summonerId": 33521242,
        "teamId": 200,
        "championId": 81
      },
      {
        "summonerId": 40573241,
        "teamId": 200,
        "championId": 24
      },
      {
        "summonerId": 21034373,
        "teamId": 100,
        "championId": 27
      },
      {
        "summonerId": 24753443,
        "teamId": 200,
        "championId": 122
      },
      {
        "summonerId": 33539287,
        "teamId": 100,
        "championId": 89
      },
      {
        "summonerId": 35367031,
        "teamId": 100,
        "championId": 119
      },
      {
        "summonerId": 37645386,
        "teamId": 200,
        "championId": 44
      },
      {
        "summonerId": 30672952,
        "teamId": 200,
        "championId": 99
      },
      {
        "summonerId": 26101095,
        "teamId": 100,
        "championId": 53
      }
    ],
    "stats": {
      "level": 18,
      "goldEarned": 18281,
      "numDeaths": 7,
      "turretsKilled": 1,
      "minionsKilled": 161,
      "championsKilled": 28,
      "goldSpent": 19105,
      "totalDamageDealt": 150878,
      "totalDamageTaken": 26422,
      "doubleKills": 3,
      "tripleKills": 2,
      "quadraKills": 1,
      "killingSprees": 7,
      "largestKillingSpree": 9,
      "team": 100,
      "win": true,
      "neutralMinionsKilled": 6,
      "largestMultiKill": 4,
      "physicalDamageDealtPlayer": 23173,
      "magicDamageDealtPlayer": 125262,
      "physicalDamageTaken": 13343,
      "magicDamageTaken": 10572,
      "timePlayed": 2519,
      "totalHeal": 2453,
      "totalUnitsHealed": 1,
      "assists": 6,
      "item0": 3128,
      "item1": 3157,
      "item2": 3135,
      "item3": 3255,
      "item4": 3089,
      "item5": 3165,
      "item6": 3340,
      "magicDamageDealtToChampions": 45280,
      "physicalDamageDealtToChampions": 2392,
      "totalDamageDealtToChampions": 50114,
      "trueDamageDealtPlayer": 2442,
      "trueDamageDealtToChampions": 2442,
      "trueDamageTaken": 2506,
      "wardPlaced": 10,
      "neutralMinionsKilledYourJungle": 6,
      "totalTimeCrowdControlDealt": 167
    }
  },
  "24753443": {
    "gameId": 818194810,
    "invalid": false,
    "gameMode": "CLASSIC",
    "gameType": "MATCHED_GAME",
    "subType": "RANKED_SOLO_5x5",
    "mapId": 1,
    "teamId": 200,
    "championId": 122,
    "spell1": 4,
    "spell2": 14,
    "level": 30,
    "ipEarned": 74,
    "createDate": 1398249103735,
    "fellowPlayers": [
      {
        "summonerId": 33521242,
        "teamId": 200,
        "championId": 81
      },
      {
        "summonerId": 40573241,
        "teamId": 200,
        "championId": 24
      },
      {
        "summonerId": 21034373,
        "teamId": 100,
        "championId": 27
      },
      {
        "summonerId": 33539287,
        "teamId": 100,
        "championId": 89
      },
      {
        "summonerId": 35367031,
        "teamId": 100,
        "championId": 119
      },
      {
        "summonerId": 37645386,
        "teamId": 200,
        "championId": 44
      },
      {
        "summonerId": 30672952,
        "teamId": 200,
        "championId": 99
      },
      {
        "summonerId": 39905042,
        "teamId": 100,
        "championId": 7
      },
      {
        "summonerId": 26101095,
        "teamId": 100,
        "championId": 53
      }
    ],
    "stats": {
      "level": 17,
      "goldEarned": 12568,
      "numDeaths": 7,
      "turretsKilled": 2,
      "minionsKilled": 191,
      "championsKilled": 7,
      "goldSpent": 11895,
      "totalDamageDealt": 132030,
      "totalDamageTaken": 37579,
      "killingSprees": 2,
      "largestKillingSpree": 3,
      "team": 200,
      "win": false,
      "largestMultiKill": 1,
      "physicalDamageDealtPlayer": 113190,
      "magicDamageDealtPlayer": 11570,
      "physicalDamageTaken": 16143,
      "magicDamageTaken": 19977,
      "timePlayed": 2519,
      "totalHeal": 1192,
      "totalUnitsHealed": 1,
      "assists": 6,
      "item0": 1055,
      "item1": 3047,
      "item2": 3143,
      "item3": 3155,
      "item4": 3065,
      "item5": 3083,
      "item6": 3340,
      "magicDamageDealtToChampions": 4640,
      "physicalDamageDealtToChampions": 16238,
      "totalDamageDealtToChampions": 27142,
      "trueDamageDealtPlayer": 7269,
      "trueDamageDealtToChampions": 6263,
      "trueDamageTaken": 1458,
      "wardKilled": 1,
      "wardPlaced": 12,
      "totalTimeCrowdControlDealt": 1188
    }
  },
  "30672952": {
    "gameId": 818194810,
    "invalid": false,
    "gameMode": "CLASSIC",
    "gameType": "MATCHED_GAME",
    "subType": "RANKED_SOLO_5x5",
    "mapId": 1,
    "teamId": 200,
    "championId": 99,
    "spell1": 14,
    "spell2": 4,
    "level": 30,
    "ipEarned": 74,
    "createDate": 1398249103731,
    "fellowPlayers": [
      {
        "summonerId": 33521242,
        "teamId": 200,
        "championId": 81
      },
      {
        "summonerId": 40573241,
        "teamId": 200,
        "championId": 24
      },
      {
        "summonerId": 21034373,
        "teamId": 100,
        "championId": 27
      },
      {
        "summonerId": 24753443,
        "teamId": 200,
        "championId": 122
      },
      {
        "summonerId": 33539287,
        "teamId": 100,
        "championId": 89
      },
      {
        "summonerId": 35367031,
        "teamId": 100,
        "championId": 119
      },
      {
        "summonerId": 37645386,
        "teamId": 200,
        "championId": 44
      },
      {
        "summonerId": 39905042,
        "teamId": 100,
        "championId": 7
      },
      {
        "summonerId": 26101095,
        "teamId": 100,
        "championId": 53
      }
    ],
    "stats": {
      "level": 17,
      "goldEarned": 12100,
      "numDeaths": 11,
      "minionsKilled": 172,
      "championsKilled": 5,
      "goldSpent": 11970,
      "totalDamageDealt": 125161,
      "totalDamageTaken": 26017,
      "doubleKills": 1,
      "killingSprees": 1,
      "largestKillingSpree": 3,
      "team": 200,
      "win": false,
      "neutralMinionsKilled": 2,
      "largestMultiKill": 2,
      "physicalDamageDealtPlayer": 14527,
      "magicDamageDealtPlayer": 109038,
      "physicalDamageTaken": 8158,
      "magicDamageTaken": 17130,
      "timePlayed": 2519,
      "totalHeal": 406,
      "totalUnitsHealed": 1,
      "assists": 8,
      "item0": 1058,
      "item1": 3174,
      "item2": 3165,
      "item3": 3255,
      "item4": 3041,
      "item5": 1026,
      "item6": 3340,
      "sightWardsBought": 6,
      "magicDamageDealtToChampions": 27885,
      "physicalDamageDealtToChampions": 2266,
      "totalDamageDealtToChampions": 31633,
      "trueDamageDealtPlayer": 1596,
      "trueDamageDealtToChampions": 1482,
      "trueDamageTaken": 728,
      "wardPlaced": 15,
      "neutralMinionsKilledYourJungle": 2,
      "totalTimeCrowdControlDealt": 510
    }
  },
  "26101095": {
    "gameId": 818194810,
    "invalid": false,
    "gameMode": "CLASSIC",
    "gameType": "MATCHED_GAME",
    "subType": "RANKED_SOLO_5x5",
    "mapId": 1,
    "teamId": 100,
    "championId": 53,
    "spell1": 11,
    "spell2": 4,
    "level": 30,
    "ipEarned": 113,
    "createDate": 1398249103730,
    "fellowPlayers": [
      {
        "summonerId": 33521242,
        "teamId": 200,
        "championId": 81
      },
      {
        "summonerId": 40573241,
        "teamId": 200,
        "championId": 24
      },
      {
        "summonerId": 21034373,
        "teamId": 100,
        "championId": 27
      },
      {
        "summonerId": 24753443,
        "teamId": 200,
        "championId": 122
      },
      {
        "summonerId": 33539287,
        "teamId": 100,
        "championId": 89
      },
      {
        "summonerId": 35367031,
        "teamId": 100,
        "championId": 119
      },
      {
        "summonerId": 37645386,
        "teamId": 200,
        "championId": 44
      },
      {
        "summonerId": 30672952,
        "teamId": 200,
        "championId": 99
      },
      {
        "summonerId": 39905042,
        "teamId": 100,
        "championId": 7
      }
    ],
    "stats": {
      "level": 18,
      "goldEarned": 13313,
      "numDeaths": 4,
      "barracksKilled": 1,
      "turretsKilled": 1,
      "minionsKilled": 60,
      "championsKilled": 4,
      "goldSpent": 12980,
      "totalDamageDealt": 143515,
      "totalDamageTaken": 42334,
      "doubleKills": 1,
      "killingSprees": 1,
      "largestKillingSpree": 2,
      "team": 100,
      "win": true,
      "neutralMinionsKilled": 62,
      "largestMultiKill": 2,
      "physicalDamageDealtPlayer": 60705,
      "magicDamageDealtPlayer": 69047,
      "physicalDamageTaken": 28135,
      "magicDamageTaken": 12351,
      "timePlayed": 2519,
      "totalHeal": 10809,
      "totalUnitsHealed": 1,
      "assists": 25,
      "item0": 3207,
      "item1": 3025,
      "item2": 3027,
      "item3": 3068,
      "item4": 1028,
      "item5": 3270,
      "item6": 3342,
      "magicDamageDealtToChampions": 15122,
      "physicalDamageDealtToChampions": 8167,
      "totalDamageDealtToChampions": 23568,
      "trueDamageDealtPlayer": 13762,
      "trueDamageDealtToChampions": 278,
      "trueDamageTaken": 1847,
      "neutralMinionsKilledEnemyJungle": 7,
      "neutralMinionsKilledYourJungle": 55,
      "totalTimeCrowdControlDealt": 886
    }
  },
  "35367031": {
    "gameId": 818194810,
    "invalid": false,
    "gameMode": "CLASSIC",
    "gameType": "MATCHED_GAME",
    "subType": "RANKED_SOLO_5x5",
    "mapId": 1,
    "teamId": 100,
    "championId": 119,
    "spell1": 7,
    "spell2": 4,
    "level": 30,
    "ipEarned": 113,
    "createDate": 1398249103727,
    "fellowPlayers": [
      {
        "summonerId": 33521242,
        "teamId": 200,
        "championId": 81
      },
      {
        "summonerId": 40573241,
        "teamId": 200,
        "championId": 24
      },
      {
        "summonerId": 21034373,
        "teamId": 100,
        "championId": 27
      },
      {
        "summonerId": 24753443,
        "teamId": 200,
        "championId": 122
      },
      {
        "summonerId": 33539287,
        "teamId": 100,
        "championId": 89
      },
      {
        "summonerId": 37645386,
        "teamId": 200,
        "championId": 44
      },
      {
        "summonerId": 30672952,
        "teamId": 200,
        "championId": 99
      },
      {
        "summonerId": 39905042,
        "teamId": 100,
        "championId": 7
      },
      {
        "summonerId": 26101095,
        "teamId": 100,
        "championId": 53
      }
    ],
    "stats": {
      "level": 18,
      "goldEarned": 18366,
      "numDeaths": 8,
      "turretsKilled": 3,
      "minionsKilled": 251,
      "championsKilled": 14,
      "goldSpent": 17060,
      "totalDamageDealt": 196237,
      "totalDamageTaken": 33821,
      "doubleKills": 1,
      "killingSprees": 2,
      "largestKillingSpree": 7,
      "team": 100,
      "win": true,
      "neutralMinionsKilled": 14,
      "largestMultiKill": 2,
      "physicalDamageDealtPlayer": 173246,
      "magicDamageDealtPlayer": 22184,
      "physicalDamageTaken": 19244,
      "magicDamageTaken": 14027,
      "largestCriticalStrike": 1027,
      "timePlayed": 2519,
      "totalHeal": 3489,
      "totalUnitsHealed": 2,
      "assists": 13,
      "item0": 3026,
      "item1": 3072,
      "item2": 3087,
      "item3": 3006,
      "item4": 3031,
      "item5": 3046,
      "item6": 3340,
      "magicDamageDealtToChampions": 4412,
      "physicalDamageDealtToChampions": 33282,
      "totalDamageDealtToChampions": 38469,
      "trueDamageDealtPlayer": 806,
      "trueDamageDealtToChampions": 774,
      "trueDamageTaken": 550,
      "wardPlaced": 6,
      "neutralMinionsKilledEnemyJungle": 6,
      "neutralMinionsKilledYourJungle": 8,
      "totalTimeCrowdControlDealt": 242
    }
  },
  "33539287": {
    "gameId": 818194810,
    "invalid": false,
    "gameMode": "CLASSIC",
    "gameType": "MATCHED_GAME",
    "subType": "RANKED_SOLO_5x5",
    "mapId": 1,
    "teamId": 100,
    "championId": 89,
    "spell1": 4,
    "spell2": 14,
    "level": 30,
    "ipEarned": 113,
    "createDate": 1398249103728,
    "fellowPlayers": [
      {
        "summonerId": 33521242,
        "teamId": 200,
        "championId": 81
      },
      {
        "summonerId": 40573241,
        "teamId": 200,
        "championId": 24
      },
      {
        "summonerId": 21034373,
        "teamId": 100,
        "championId": 27
      },
      {
        "summonerId": 24753443,
        "teamId": 200,
        "championId": 122
      },
      {
        "summonerId": 35367031,
        "teamId": 100,
        "championId": 119
      },
      {
        "summonerId": 37645386,
        "teamId": 200,
        "championId": 44
      },
      {
        "summonerId": 30672952,
        "teamId": 200,
        "championId": 99
      },
      {
        "summonerId": 39905042,
        "teamId": 100,
        "championId": 7
      },
      {
        "summonerId": 26101095,
        "teamId": 100,
        "championId": 53
      }
    ],
    "stats": {
      "level": 17,
      "goldEarned": 12031,
      "numDeaths": 7,
      "barracksKilled": 1,
      "minionsKilled": 57,
      "championsKilled": 2,
      "goldSpent": 11860,
      "totalDamageDealt": 47076,
      "totalDamageTaken": 36078,
      "team": 100,
      "win": true,
      "largestMultiKill": 1,
      "physicalDamageDealtPlayer": 13988,
      "magicDamageDealtPlayer": 25813,
      "physicalDamageTaken": 23028,
      "magicDamageTaken": 11051,
      "timePlayed": 2519,
      "totalHeal": 6861,
      "totalUnitsHealed": 5,
      "assists": 29,
      "item0": 3401,
      "item1": 3143,
      "item2": 2049,
      "item3": 3068,
      "item4": 1057,
      "item5": 3117,
      "item6": 3341,
      "sightWardsBought": 5,
      "magicDamageDealtToChampions": 9606,
      "physicalDamageDealtToChampions": 4888,
      "totalDamageDealtToChampions": 16911,
      "trueDamageDealtPlayer": 7273,
      "trueDamageDealtToChampions": 2416,
      "trueDamageTaken": 1998,
      "wardKilled": 3,
      "wardPlaced": 20,
      "totalTimeCrowdControlDealt": 452
    }
  }
}