{
  "21894295": {
    "gameId": 818168484,
    "invalid": false,
    "gameMode": "CLASSIC",
    "gameType": "MATCHED_GAME",
    "subType": "RANKED_SOLO_5x5",
    "mapId": 1,
    "teamId": 200,
    "championId": 81,
    "spell1": 6,
    "spell2": 4,
    "level": 30,
    "ipEarned": 55,
    "createDate": 1398242569309,
    "fellowPlayers": [
      {
        "summonerId": 42225142,
        "teamId": 200,
        "championId": 19
      },
      {
        "summonerId": 30981606,
        "teamId": 100,
        "championId": 32
      },
      {
        "summonerId": 32527852,
        "teamId": 200,
        "championId": 80
      },
      {
        "summonerId": 38164124,
        "teamId": 200,
        "championId": 53
      },
      {
        "summonerId": 42609020,
        "teamId": 100,
        "championId": 121
      },
      {
        "summonerId": 36399805,
        "teamId": 100,
        "championId": 74
      },
      {
        "summonerId": 41931429,
        "teamId": 200,
        "championId": 55
      },
      {
        "summonerId": 29321594,
        "teamId": 100,
        "championId": 104
      },
      {
        "summonerId": 28669331,
        "teamId": 100,
        "championId": 266
      }
    ],
    "stats": {
      "level": 12,
      "goldEarned": 5743,
      "numDeaths": 8,
      "minionsKilled": 72,
      "goldSpent": 5520,
      "totalDamageDealt": 64533,
      "totalDamageTaken": 19074,
      "team": 200,
      "win": false,
      "neutralMinionsKilled": 15,
      "physicalDamageDealtPlayer": 44222,
      "magicDamageDealtPlayer": 20118,
      "physicalDamageTaken": 11272,
      "magicDamageTaken": 7364,
      "timePlayed": 1685,
      "totalHeal": 1175,
      "totalUnitsHealed": 1,
      "assists": 4,
      "item0": 1001,
      "item1": 1055,
      "item2": 3004,
      "item3": 1053,
      "item4": 1037,
      "item5": 1042,
      "item6": 3340,
      "magicDamageDealtToChampions": 5166,
      "physicalDamageDealtToChampions": 4659,
      "totalDamageDealtToChampions": 9954,
      "trueDamageDealtPlayer": 192,
      "trueDamageDealtToChampions": 128,
      "trueDamageTaken": 437,
      "wardPlaced": 6,
      "neutralMinionsKilledYourJungle": 15,
      "totalTimeCrowdControlDealt": 334
    }
  },
  "summonerCount": 10,
  "28669331": {
    "gameId": 818168484,
    "invalid": false,
    "gameMode": "CLASSIC",
    "gameType": "MATCHED_GAME",
    "subType": "RANKED_SOLO_5x5",
    "mapId": 1,
    "teamId": 100,
    "championId": 266,
    "spell1": 4,
    "spell2": 3,
    "level": 30,
    "ipEarned": 82,
    "createDate": 1398242569300,
    "fellowPlayers": [
      {
        "summonerId": 42225142,
        "teamId": 200,
        "championId": 19
      },
      {
        "summonerId": 30981606,
        "teamId": 100,
        "championId": 32
      },
      {
        "summonerId": 32527852,
        "teamId": 200,
        "championId": 80
      },
      {
        "summonerId": 38164124,
        "teamId": 200,
        "championId": 53
      },
      {
        "summonerId": 42609020,
        "teamId": 100,
        "championId": 121
      },
      {
        "summonerId": 36399805,
        "teamId": 100,
        "championId": 74
      },
      {
        "summonerId": 21894295,
        "teamId": 200,
        "championId": 81
      },
      {
        "summonerId": 41931429,
        "teamId": 200,
        "championId": 55
      },
      {
        "summonerId": 29321594,
        "teamId": 100,
        "championId": 104
      }
    ],
    "stats": {
      "level": 14,
      "goldEarned": 9824,
      "numDeaths": 6,
      "turretsKilled": 3,
      "minionsKilled": 122,
      "championsKilled": 3,
      "goldSpent": 7735,
      "totalDamageDealt": 85314,
      "totalDamageTaken": 17000,
      "killingSprees": 1,
      "largestKillingSpree": 3,
      "team": 100,
      "win": true,
      "neutralMinionsKilled": 6,
      "largestMultiKill": 1,
      "physicalDamageDealtPlayer": 73135,
      "magicDamageDealtPlayer": 12178,
      "physicalDamageTaken": 12038,
      "magicDamageTaken": 4283,
      "timePlayed": 1685,
      "totalHeal": 7694,
      "totalUnitsHealed": 1,
      "assists": 7,
      "item0": 3153,
      "item1": 3110,
      "item2": 1001,
      "item3": 1011,
      "item4": 1028,
      "item6": 3340,
      "magicDamageDealtToChampions": 1299,
      "physicalDamageDealtToChampions": 4200,
      "totalDamageDealtToChampions": 5500,
      "trueDamageTaken": 679,
      "wardPlaced": 4,
      "neutralMinionsKilledEnemyJungle": 6,
      "totalTimeCrowdControlDealt": 679
    }
  },
  "42609020": {
    "gameId": 818168484,
    "invalid": false,
    "gameMode": "CLASSIC",
    "gameType": "MATCHED_GAME",
    "subType": "RANKED_SOLO_5x5",
    "mapId": 1,
    "teamId": 100,
    "championId": 121,
    "spell1": 4,
    "spell2": 11,
    "level": 30,
    "ipEarned": 82,
    "createDate": 1398242569303,
    "fellowPlayers": [
      {
        "summonerId": 42225142,
        "teamId": 200,
        "championId": 19
      },
      {
        "summonerId": 30981606,
        "teamId": 100,
        "championId": 32
      },
      {
        "summonerId": 32527852,
        "teamId": 200,
        "championId": 80
      },
      {
        "summonerId": 38164124,
        "teamId": 200,
        "championId": 53
      },
      {
        "summonerId": 36399805,
        "teamId": 100,
        "championId": 74
      },
      {
        "summonerId": 21894295,
        "teamId": 200,
        "championId": 81
      },
      {
        "summonerId": 41931429,
        "teamId": 200,
        "championId": 55
      },
      {
        "summonerId": 29321594,
        "teamId": 100,
        "championId": 104
      },
      {
        "summonerId": 28669331,
        "teamId": 100,
        "championId": 266
      }
    ],
    "stats": {
      "level": 13,
      "goldEarned": 10038,
      "numDeaths": 3,
      "turretsKilled": 2,
      "minionsKilled": 35,
      "championsKilled": 9,
      "goldSpent": 9620,
      "totalDamageDealt": 73495,
      "totalDamageTaken": 16082,
      "killingSprees": 2,
      "largestKillingSpree": 5,
      "team": 100,
      "win": true,
      "neutralMinionsKilled": 37,
      "largestMultiKill": 1,
      "physicalDamageDealtPlayer": 64544,
      "magicDamageDealtPlayer": 1481,
      "physicalDamageTaken": 9691,
      "magicDamageTaken": 6039,
      "timePlayed": 1685,
      "totalHeal": 2626,
      "totalUnitsHealed": 1,
      "assists": 7,
      "item0": 3077,
      "item1": 3071,
      "item3": 3035,
      "item5": 3209,
      "item6": 3341,
      "magicDamageDealtToChampions": 556,
      "physicalDamageDealtToChampions": 9859,
      "totalDamageDealtToChampions": 11109,
      "trueDamageDealtPlayer": 7468,
      "trueDamageDealtToChampions": 692,
      "trueDamageTaken": 352,
      "neutralMinionsKilledEnemyJungle": 4,
      "neutralMinionsKilledYourJungle": 33,
      "totalTimeCrowdControlDealt": 387
    }
  },
  "30981606": {
    "gameId": 818168484,
    "invalid": false,
    "gameMode": "CLASSIC",
    "gameType": "MATCHED_GAME",
    "subType": "RANKED_SOLO_5x5",
    "mapId": 1,
    "teamId": 100,
    "championId": 32,
    "spell1": 4,
    "spell2": 7,
    "level": 30,
    "ipEarned": 82,
    "createDate": 1398242569304,
    "fellowPlayers": [
      {
        "summonerId": 42225142,
        "teamId": 200,
        "championId": 19
      },
      {
        "summonerId": 32527852,
        "teamId": 200,
        "championId": 80
      },
      {
        "summonerId": 38164124,
        "teamId": 200,
        "championId": 53
      },
      {
        "summonerId": 42609020,
        "teamId": 100,
        "championId": 121
      },
      {
        "summonerId": 36399805,
        "teamId": 100,
        "championId": 74
      },
      {
        "summonerId": 21894295,
        "teamId": 200,
        "championId": 81
      },
      {
        "summonerId": 41931429,
        "teamId": 200,
        "championId": 55
      },
      {
        "summonerId": 29321594,
        "teamId": 100,
        "championId": 104
      },
      {
        "summonerId": 28669331,
        "teamId": 100,
        "championId": 266
      }
    ],
    "stats": {
      "level": 12,
      "goldEarned": 8363,
      "numDeaths": 2,
      "turretsKilled": 1,
      "minionsKilled": 9,
      "championsKilled": 2,
      "goldSpent": 7975,
      "totalDamageDealt": 22234,
      "totalDamageTaken": 20643,
      "killingSprees": 1,
      "largestKillingSpree": 2,
      "team": 100,
      "win": true,
      "neutralMinionsKilled": 1,
      "largestMultiKill": 1,
      "physicalDamageDealtPlayer": 5645,
      "magicDamageDealtPlayer": 16588,
      "physicalDamageTaken": 11142,
      "magicDamageTaken": 8801,
      "timePlayed": 1685,
      "totalHeal": 2997,
      "totalUnitsHealed": 4,
      "assists": 17,
      "item0": 3047,
      "item1": 3083,
      "item2": 3068,
      "item3": 1011,
      "item6": 3340,
      "sightWardsBought": 1,
      "magicDamageDealtToChampions": 9398,
      "physicalDamageDealtToChampions": 1162,
      "totalDamageDealtToChampions": 10561,
      "trueDamageTaken": 700,
      "wardPlaced": 11,
      "neutralMinionsKilledEnemyJungle": 1,
      "totalTimeCrowdControlDealt": 84
    }
  },
  "42225142": {
    "gameId": 818168484,
    "invalid": false,
    "gameMode": "CLASSIC",
    "gameType": "MATCHED_GAME",
    "subType": "RANKED_SOLO_5x5",
    "mapId": 1,
    "teamId": 200,
    "championId": 19,
    "spell1": 11,
    "spell2": 4,
    "level": 30,
    "ipEarned": 55,
    "createDate": 1398242569305,
    "fellowPlayers": [
      {
        "summonerId": 30981606,
        "teamId": 100,
        "championId": 32
      },
      {
        "summonerId": 32527852,
        "teamId": 200,
        "championId": 80
      },
      {
        "summonerId": 38164124,
        "teamId": 200,
        "championId": 53
      },
      {
        "summonerId": 42609020,
        "teamId": 100,
        "championId": 121
      },
      {
        "summonerId": 36399805,
        "teamId": 100,
        "championId": 74
      },
      {
        "summonerId": 21894295,
        "teamId": 200,
        "championId": 81
      },
      {
        "summonerId": 41931429,
        "teamId": 200,
        "championId": 55
      },
      {
        "summonerId": 29321594,
        "teamId": 100,
        "championId": 104
      },
      {
        "summonerId": 28669331,
        "teamId": 100,
        "championId": 266
      }
    ],
    "stats": {
      "level": 13,
      "goldEarned": 6996,
      "numDeaths": 5,
      "minionsKilled": 49,
      "championsKilled": 1,
      "goldSpent": 6635,
      "totalDamageDealt": 60146,
      "totalDamageTaken": 24863,
      "team": 200,
      "win": false,
      "neutralMinionsKilled": 20,
      "largestMultiKill": 1,
      "physicalDamageDealtPlayer": 27257,
      "magicDamageDealtPlayer": 25129,
      "physicalDamageTaken": 14370,
      "magicDamageTaken": 10045,
      "timePlayed": 1685,
      "totalHeal": 7899,
      "totalUnitsHealed": 1,
      "assists": 8,
      "item0": 3117,
      "item1": 3144,
      "item2": 2003,
      "item3": 3068,
      "item4": 1080,
      "item6": 3341,
      "magicDamageDealtToChampions": 4376,
      "physicalDamageDealtToChampions": 902,
      "totalDamageDealtToChampions": 5406,
      "trueDamageDealtPlayer": 7760,
      "trueDamageDealtToChampions": 128,
      "trueDamageTaken": 448,
      "neutralMinionsKilledEnemyJungle": 2,
      "neutralMinionsKilledYourJungle": 18,
      "totalTimeCrowdControlDealt": 3067
    }
  },
  "29321594": {
    "gameId": 818168484,
    "invalid": false,
    "gameMode": "CLASSIC",
    "gameType": "MATCHED_GAME",
    "subType": "RANKED_SOLO_5x5",
    "mapId": 1,
    "teamId": 100,
    "championId": 104,
    "spell1": 4,
    "spell2": 21,
    "level": 30,
    "ipEarned": 82,
    "createDate": 1398242569302,
    "fellowPlayers": [
      {
        "summonerId": 42225142,
        "teamId": 200,
        "championId": 19
      },
      {
        "summonerId": 30981606,
        "teamId": 100,
        "championId": 32
      },
      {
        "summonerId": 32527852,
        "teamId": 200,
        "championId": 80
      },
      {
        "summonerId": 38164124,
        "teamId": 200,
        "championId": 53
      },
      {
        "summonerId": 42609020,
        "teamId": 100,
        "championId": 121
      },
      {
        "summonerId": 36399805,
        "teamId": 100,
        "championId": 74
      },
      {
        "summonerId": 21894295,
        "teamId": 200,
        "championId": 81
      },
      {
        "summonerId": 41931429,
        "teamId": 200,
        "championId": 55
      },
      {
        "summonerId": 28669331,
        "teamId": 100,
        "championId": 266
      }
    ],
    "stats": {
      "level": 14,
      "goldEarned": 12379,
      "numDeaths": 2,
      "barracksKilled": 2,
      "turretsKilled": 2,
      "minionsKilled": 104,
      "championsKilled": 14,
      "goldSpent": 9310,
      "totalDamageDealt": 100904,
      "totalDamageTaken": 11949,
      "doubleKills": 1,
      "killingSprees": 3,
      "largestKillingSpree": 9,
      "team": 100,
      "win": true,
      "neutralMinionsKilled": 5,
      "largestMultiKill": 2,
      "physicalDamageDealtPlayer": 96298,
      "magicDamageDealtPlayer": 3918,
      "physicalDamageTaken": 7239,
      "magicDamageTaken": 4566,
      "largestCriticalStrike": 475,
      "timePlayed": 1685,
      "totalHeal": 348,
      "totalUnitsHealed": 1,
      "assists": 12,
      "item0": 3006,
      "item1": 3046,
      "item2": 3072,
      "item3": 3144,
      "item4": 1042,
      "item5": 1042,
      "item6": 3340,
      "magicDamageDealtToChampions": 1782,
      "physicalDamageDealtToChampions": 19949,
      "totalDamageDealtToChampions": 22418,
      "trueDamageDealtPlayer": 687,
      "trueDamageDealtToChampions": 687,
      "trueDamageTaken": 144,
      "wardPlaced": 8,
      "neutralMinionsKilledEnemyJungle": 2,
      "neutralMinionsKilledYourJungle": 3,
      "totalTimeCrowdControlDealt": 155
    }
  },
  "38164124": {
    "gameId": 818168484,
    "invalid": false,
    "gameMode": "CLASSIC",
    "gameType": "MATCHED_GAME",
    "subType": "RANKED_SOLO_5x5",
    "mapId": 1,
    "teamId": 200,
    "championId": 53,
    "spell1": 4,
    "spell2": 3,
    "level": 30,
    "ipEarned": 55,
    "createDate": 1398242569307,
    "fellowPlayers": [
      {
        "summonerId": 42225142,
        "teamId": 200,
        "championId": 19
      },
      {
        "summonerId": 30981606,
        "teamId": 100,
        "championId": 32
      },
      {
        "summonerId": 32527852,
        "teamId": 200,
        "championId": 80
      },
      {
        "summonerId": 42609020,
        "teamId": 100,
        "championId": 121
      },
      {
        "summonerId": 36399805,
        "teamId": 100,
        "championId": 74
      },
      {
        "summonerId": 21894295,
        "teamId": 200,
        "championId": 81
      },
      {
        "summonerId": 41931429,
        "teamId": 200,
        "championId": 55
      },
      {
        "summonerId": 29321594,
        "teamId": 100,
        "championId": 104
      },
      {
        "summonerId": 28669331,
        "teamId": 100,
        "championId": 266
      }
    ],
    "stats": {
      "level": 12,
      "goldEarned": 5698,
      "numDeaths": 7,
      "minionsKilled": 52,
      "championsKilled": 1,
      "goldSpent": 5270,
      "totalDamageDealt": 38043,
      "totalDamageTaken": 17197,
      "team": 200,
      "win": false,
      "neutralMinionsKilled": 5,
      "largestMultiKill": 1,
      "physicalDamageDealtPlayer": 18835,
      "magicDamageDealtPlayer": 19208,
      "physicalDamageTaken": 11373,
      "magicDamageTaken": 5325,
      "timePlayed": 1685,
      "totalHeal": 656,
      "totalUnitsHealed": 1,
      "assists": 4,
      "item0": 3301,
      "item1": 2049,
      "item2": 3110,
      "item3": 3211,
      "item6": 3340,
      "magicDamageDealtToChampions": 2195,
      "physicalDamageDealtToChampions": 1057,
      "totalDamageDealtToChampions": 3253,
      "trueDamageTaken": 498,
      "wardPlaced": 6,
      "neutralMinionsKilledYourJungle": 5,
      "totalTimeCrowdControlDealt": 952
    }
  },
  "36399805": {
    "gameId": 818168484,
    "invalid": false,
    "gameMode": "CLASSIC",
    "gameType": "MATCHED_GAME",
    "subType": "RANKED_SOLO_5x5",
    "mapId": 1,
    "teamId": 100,
    "championId": 74,
    "spell1": 14,
    "spell2": 4,
    "level": 30,
    "ipEarned": 82,
    "createDate": 1398242569301,
    "fellowPlayers": [
      {
        "summonerId": 42225142,
        "teamId": 200,
        "championId": 19
      },
      {
        "summonerId": 30981606,
        "teamId": 100,
        "championId": 32
      },
      {
        "summonerId": 32527852,
        "teamId": 200,
        "championId": 80
      },
      {
        "summonerId": 38164124,
        "teamId": 200,
        "championId": 53
      },
      {
        "summonerId": 42609020,
        "teamId": 100,
        "championId": 121
      },
      {
        "summonerId": 21894295,
        "teamId": 200,
        "championId": 81
      },
      {
        "summonerId": 41931429,
        "teamId": 200,
        "championId": 55
      },
      {
        "summonerId": 29321594,
        "teamId": 100,
        "championId": 104
      },
      {
        "summonerId": 28669331,
        "teamId": 100,
        "championId": 266
      }
    ],
    "stats": {
      "level": 15,
      "goldEarned": 11739,
      "numDeaths": 2,
      "barracksKilled": 1,
      "turretsKilled": 1,
      "minionsKilled": 122,
      "championsKilled": 9,
      "goldSpent": 9355,
      "totalDamageDealt": 95447,
      "totalDamageTaken": 8985,
      "doubleKills": 1,
      "tripleKills": 1,
      "killingSprees": 2,
      "largestKillingSpree": 5,
      "team": 100,
      "win": true,
      "neutralMinionsKilled": 2,
      "largestMultiKill": 3,
      "physicalDamageDealtPlayer": 14245,
      "magicDamageDealtPlayer": 80408,
      "physicalDamageTaken": 2482,
      "magicDamageTaken": 6083,
      "timePlayed": 1685,
      "assists": 11,
      "item0": 3157,
      "item1": 3135,
      "item2": 3116,
      "item3": 1056,
      "item4": 1001,
      "item6": 3340,
      "magicDamageDealtToChampions": 26709,
      "physicalDamageDealtToChampions": 1369,
      "totalDamageDealtToChampions": 28772,
      "trueDamageDealtPlayer": 794,
      "trueDamageDealtToChampions": 694,
      "trueDamageTaken": 420,
      "wardPlaced": 2,
      "neutralMinionsKilledEnemyJungle": 2,
      "totalTimeCrowdControlDealt": 238
    }
  },
  "32527852": {
    "gameId": 818168484,
    "invalid": false,
    "gameMode": "CLASSIC",
    "gameType": "MATCHED_GAME",
    "subType": "RANKED_SOLO_5x5",
    "mapId": 1,
    "teamId": 200,
    "championId": 80,
    "spell1": 4,
    "spell2": 14,
    "level": 30,
    "ipEarned": 55,
    "createDate": 1398242569306,
    "fellowPlayers": [
      {
        "summonerId": 42225142,
        "teamId": 200,
        "championId": 19
      },
      {
        "summonerId": 30981606,
        "teamId": 100,
        "championId": 32
      },
      {
        "summonerId": 38164124,
        "teamId": 200,
        "championId": 53
      },
      {
        "summonerId": 42609020,
        "teamId": 100,
        "championId": 121
      },
      {
        "summonerId": 36399805,
        "teamId": 100,
        "championId": 74
      },
      {
        "summonerId": 21894295,
        "teamId": 200,
        "championId": 81
      },
      {
        "summonerId": 41931429,
        "teamId": 200,
        "championId": 55
      },
      {
        "summonerId": 29321594,
        "teamId": 100,
        "championId": 104
      },
      {
        "summonerId": 28669331,
        "teamId": 100,
        "championId": 266
      }
    ],
    "stats": {
      "level": 12,
      "goldEarned": 9381,
      "numDeaths": 9,
      "minionsKilled": 105,
      "championsKilled": 10,
      "goldSpent": 8705,
      "totalDamageDealt": 66459,
      "totalDamageTaken": 17703,
      "killingSprees": 2,
      "largestKillingSpree": 3,
      "team": 200,
      "win": false,
      "neutralMinionsKilled": 4,
      "largestMultiKill": 1,
      "physicalDamageDealtPlayer": 60136,
      "magicDamageDealtPlayer": 5618,
      "physicalDamageTaken": 11778,
      "magicDamageTaken": 5653,
      "largestCriticalStrike": 563,
      "timePlayed": 1685,
      "totalHeal": 226,
      "totalUnitsHealed": 1,
      "item0": 3071,
      "item1": 3077,
      "item2": 1001,
      "item3": 3072,
      "item6": 3340,
      "magicDamageDealtToChampions": 563,
      "physicalDamageDealtToChampions": 14013,
      "totalDamageDealtToChampions": 15281,
      "trueDamageDealtPlayer": 704,
      "trueDamageDealtToChampions": 704,
      "trueDamageTaken": 272,
      "wardPlaced": 4,
      "neutralMinionsKilledYourJungle": 4,
      "totalTimeCrowdControlDealt": 793
    }
  },
  "21894295": {
    "gameId": 818168484,
    "invalid": false,
    "gameMode": "CLASSIC",
    "gameType": "MATCHED_GAME",
    "subType": "RANKED_SOLO_5x5",
    "mapId": 1,
    "teamId": 200,
    "championId": 81,
    "spell1": 6,
    "spell2": 4,
    "level": 30,
    "ipEarned": 55,
    "createDate": 1398242569309,
    "fellowPlayers": [
      {
        "summonerId": 42225142,
        "teamId": 200,
        "championId": 19
      },
      {
        "summonerId": 30981606,
        "teamId": 100,
        "championId": 32
      },
      {
        "summonerId": 32527852,
        "teamId": 200,
        "championId": 80
      },
      {
        "summonerId": 38164124,
        "teamId": 200,
        "championId": 53
      },
      {
        "summonerId": 42609020,
        "teamId": 100,
        "championId": 121
      },
      {
        "summonerId": 36399805,
        "teamId": 100,
        "championId": 74
      },
      {
        "summonerId": 41931429,
        "teamId": 200,
        "championId": 55
      },
      {
        "summonerId": 29321594,
        "teamId": 100,
        "championId": 104
      },
      {
        "summonerId": 28669331,
        "teamId": 100,
        "championId": 266
      }
    ],
    "stats": {
      "level": 12,
      "goldEarned": 5743,
      "numDeaths": 8,
      "minionsKilled": 72,
      "goldSpent": 5520,
      "totalDamageDealt": 64533,
      "totalDamageTaken": 19074,
      "team": 200,
      "win": false,
      "neutralMinionsKilled": 15,
      "physicalDamageDealtPlayer": 44222,
      "magicDamageDealtPlayer": 20118,
      "physicalDamageTaken": 11272,
      "magicDamageTaken": 7364,
      "timePlayed": 1685,
      "totalHeal": 1175,
      "totalUnitsHealed": 1,
      "assists": 4,
      "item0": 1001,
      "item1": 1055,
      "item2": 3004,
      "item3": 1053,
      "item4": 1037,
      "item5": 1042,
      "item6": 3340,
      "magicDamageDealtToChampions": 5166,
      "physicalDamageDealtToChampions": 4659,
      "totalDamageDealtToChampions": 9954,
      "trueDamageDealtPlayer": 192,
      "trueDamageDealtToChampions": 128,
      "trueDamageTaken": 437,
      "wardPlaced": 6,
      "neutralMinionsKilledYourJungle": 15,
      "totalTimeCrowdControlDealt": 334
    }
  }
}