{
  "39353515": {
    "gameId": 818161268,
    "invalid": false,
    "gameMode": "CLASSIC",
    "gameType": "MATCHED_GAME",
    "subType": "NORMAL",
    "mapId": 1,
    "teamId": 100,
    "championId": 412,
    "spell1": 4,
    "spell2": 14,
    "level": 30,
    "ipEarned": 99,
    "createDate": 1398243035771,
    "fellowPlayers": [
      {
        "summonerId": 23385764,
        "teamId": 200,
        "championId": 412
      },
      {
        "summonerId": 27804076,
        "teamId": 100,
        "championId": 133
      },
      {
        "summonerId": 23263132,
        "teamId": 200,
        "championId": 35
      },
      {
        "summonerId": 33844246,
        "teamId": 200,
        "championId": 64
      },
      {
        "summonerId": 20892601,
        "teamId": 100,
        "championId": 157
      },
      {
        "summonerId": 32229849,
        "teamId": 100,
        "championId": 29
      },
      {
        "summonerId": 42372924,
        "teamId": 100,
        "championId": 11
      },
      {
        "summonerId": 42361890,
        "teamId": 200,
        "championId": 126
      },
      {
        "summonerId": 42983314,
        "teamId": 200,
        "championId": 222
      }
    ],
    "stats": {
      "level": 15,
      "goldEarned": 9814,
      "numDeaths": 4,
      "turretsKilled": 1,
      "minionsKilled": 10,
      "championsKilled": 6,
      "goldSpent": 9625,
      "totalDamageDealt": 19704,
      "totalDamageTaken": 16022,
      "killingSprees": 1,
      "largestKillingSpree": 3,
      "team": 100,
      "win": true,
      "largestMultiKill": 1,
      "physicalDamageDealtPlayer": 5190,
      "magicDamageDealtPlayer": 14343,
      "physicalDamageTaken": 9737,
      "magicDamageTaken": 5989,
      "timePlayed": 2155,
      "totalHeal": 483,
      "totalUnitsHealed": 1,
      "assists": 11,
      "item0": 3069,
      "item1": 2049,
      "item2": 3072,
      "item3": 3117,
      "item4": 3082,
      "item5": 3086,
      "item6": 3341,
      "sightWardsBought": 1,
      "visionWardsBought": 2,
      "magicDamageDealtToChampions": 8354,
      "physicalDamageDealtToChampions": 1482,
      "totalDamageDealtToChampions": 10006,
      "trueDamageDealtPlayer": 170,
      "trueDamageDealtToChampions": 170,
      "trueDamageTaken": 296,
      "wardPlaced": 23,
      "totalTimeCrowdControlDealt": 186
    }
  },
  "summonerCount": 10,
  "42983314": {
    "gameId": 818161268,
    "invalid": false,
    "gameMode": "CLASSIC",
    "gameType": "MATCHED_GAME",
    "subType": "NORMAL",
    "mapId": 1,
    "teamId": 200,
    "championId": 222,
    "spell1": 4,
    "spell2": 7,
    "level": 30,
    "ipEarned": 65,
    "createDate": 1398243035775,
    "fellowPlayers": [
      {
        "summonerId": 39353515,
        "teamId": 100,
        "championId": 412
      },
      {
        "summonerId": 23385764,
        "teamId": 200,
        "championId": 412
      },
      {
        "summonerId": 27804076,
        "teamId": 100,
        "championId": 133
      },
      {
        "summonerId": 23263132,
        "teamId": 200,
        "championId": 35
      },
      {
        "summonerId": 33844246,
        "teamId": 200,
        "championId": 64
      },
      {
        "summonerId": 20892601,
        "teamId": 100,
        "championId": 157
      },
      {
        "summonerId": 32229849,
        "teamId": 100,
        "championId": 29
      },
      {
        "summonerId": 42372924,
        "teamId": 100,
        "championId": 11
      },
      {
        "summonerId": 42361890,
        "teamId": 200,
        "championId": 126
      }
    ],
    "stats": {
      "level": 17,
      "goldEarned": 11956,
      "numDeaths": 10,
      "turretsKilled": 4,
      "minionsKilled": 179,
      "championsKilled": 5,
      "goldSpent": 12080,
      "totalDamageDealt": 127501,
      "totalDamageTaken": 27176,
      "killingSprees": 1,
      "largestKillingSpree": 3,
      "team": 200,
      "win": false,
      "neutralMinionsKilled": 8,
      "largestMultiKill": 1,
      "physicalDamageDealtPlayer": 123527,
      "magicDamageDealtPlayer": 2643,
      "physicalDamageTaken": 22051,
      "magicDamageTaken": 2786,
      "largestCriticalStrike": 558,
      "timePlayed": 2155,
      "totalHeal": 3389,
      "totalUnitsHealed": 3,
      "assists": 10,
      "item0": 3250,
      "item1": 3072,
      "item2": 3031,
      "item3": 2044,
      "item4": 3046,
      "item6": 3340,
      "sightWardsBought": 2,
      "magicDamageDealtToChampions": 2115,
      "physicalDamageDealtToChampions": 17901,
      "totalDamageDealtToChampions": 20859,
      "trueDamageDealtPlayer": 1330,
      "trueDamageDealtToChampions": 842,
      "trueDamageTaken": 2339,
      "wardPlaced": 9,
      "neutralMinionsKilledEnemyJungle": 1,
      "neutralMinionsKilledYourJungle": 7,
      "totalTimeCrowdControlDealt": 447
    }
  },
  "23263132": {
    "gameId": 818161268,
    "invalid": false,
    "gameMode": "CLASSIC",
    "gameType": "MATCHED_GAME",
    "subType": "NORMAL",
    "mapId": 1,
    "teamId": 200,
    "championId": 35,
    "spell1": 11,
    "spell2": 14,
    "level": 30,
    "ipEarned": 65,
    "createDate": 1398243035778,
    "fellowPlayers": [
      {
        "summonerId": 39353515,
        "teamId": 100,
        "championId": 412
      },
      {
        "summonerId": 23385764,
        "teamId": 200,
        "championId": 412
      },
      {
        "summonerId": 27804076,
        "teamId": 100,
        "championId": 133
      },
      {
        "summonerId": 33844246,
        "teamId": 200,
        "championId": 64
      },
      {
        "summonerId": 20892601,
        "teamId": 100,
        "championId": 157
      },
      {
        "summonerId": 32229849,
        "teamId": 100,
        "championId": 29
      },
      {
        "summonerId": 42372924,
        "teamId": 100,
        "championId": 11
      },
      {
        "summonerId": 42361890,
        "teamId": 200,
        "championId": 126
      },
      {
        "summonerId": 42983314,
        "teamId": 200,
        "championId": 222
      }
    ],
    "stats": {
      "level": 18,
      "goldEarned": 13078,
      "numDeaths": 7,
      "minionsKilled": 80,
      "championsKilled": 11,
      "goldSpent": 11168,
      "totalDamageDealt": 134989,
      "totalDamageTaken": 28440,
      "killingSprees": 3,
      "largestKillingSpree": 4,
      "team": 200,
      "win": false,
      "neutralMinionsKilled": 47,
      "largestMultiKill": 1,
      "physicalDamageDealtPlayer": 75676,
      "magicDamageDealtPlayer": 49437,
      "physicalDamageTaken": 23498,
      "magicDamageTaken": 3566,
      "largestCriticalStrike": 735,
      "timePlayed": 2155,
      "totalHeal": 1380,
      "totalUnitsHealed": 1,
      "assists": 7,
      "item0": 3154,
      "item1": 3087,
      "item2": 3274,
      "item3": 3078,
      "item4": 3144,
      "item6": 3341,
      "magicDamageDealtToChampions": 9630,
      "physicalDamageDealtToChampions": 12678,
      "totalDamageDealtToChampions": 23371,
      "trueDamageDealtPlayer": 9876,
      "trueDamageDealtToChampions": 1062,
      "trueDamageTaken": 1376,
      "neutralMinionsKilledEnemyJungle": 11,
      "neutralMinionsKilledYourJungle": 36,
      "totalTimeCrowdControlDealt": 1023
    }
  },
  "32229849": {
    "gameId": 818161268,
    "invalid": false,
    "gameMode": "CLASSIC",
    "gameType": "MATCHED_GAME",
    "subType": "NORMAL",
    "mapId": 1,
    "teamId": 100,
    "championId": 29,
    "spell1": 4,
    "spell2": 7,
    "level": 30,
    "ipEarned": 99,
    "createDate": 1398243035768,
    "fellowPlayers": [
      {
        "summonerId": 39353515,
        "teamId": 100,
        "championId": 412
      },
      {
        "summonerId": 23385764,
        "teamId": 200,
        "championId": 412
      },
      {
        "summonerId": 27804076,
        "teamId": 100,
        "championId": 133
      },
      {
        "summonerId": 23263132,
        "teamId": 200,
        "championId": 35
      },
      {
        "summonerId": 33844246,
        "teamId": 200,
        "championId": 64
      },
      {
        "summonerId": 20892601,
        "teamId": 100,
        "championId": 157
      },
      {
        "summonerId": 42372924,
        "teamId": 100,
        "championId": 11
      },
      {
        "summonerId": 42361890,
        "teamId": 200,
        "championId": 126
      },
      {
        "summonerId": 42983314,
        "teamId": 200,
        "championId": 222
      }
    ],
    "stats": {
      "level": 16,
      "goldEarned": 13366,
      "numDeaths": 9,
      "turretsKilled": 1,
      "minionsKilled": 178,
      "championsKilled": 10,
      "goldSpent": 12680,
      "totalDamageDealt": 106496,
      "totalDamageTaken": 27731,
      "doubleKills": 2,
      "killingSprees": 3,
      "largestKillingSpree": 3,
      "team": 100,
      "win": true,
      "neutralMinionsKilled": 3,
      "largestMultiKill": 2,
      "physicalDamageDealtPlayer": 88751,
      "magicDamageDealtPlayer": 10026,
      "physicalDamageTaken": 19802,
      "magicDamageTaken": 7131,
      "largestCriticalStrike": 604,
      "timePlayed": 2155,
      "totalHeal": 3969,
      "totalUnitsHealed": 3,
      "assists": 9,
      "item0": 1055,
      "item1": 3153,
      "item2": 3087,
      "item3": 3252,
      "item4": 3031,
      "item5": 1037,
      "item6": 3340,
      "magicDamageDealtToChampions": 1562,
      "physicalDamageDealtToChampions": 17659,
      "totalDamageDealtToChampions": 22525,
      "trueDamageDealtPlayer": 7718,
      "trueDamageDealtToChampions": 3304,
      "trueDamageTaken": 798,
      "wardPlaced": 3,
      "neutralMinionsKilledEnemyJungle": 1,
      "neutralMinionsKilledYourJungle": 2,
      "totalTimeCrowdControlDealt": 186
    }
  },
  "42372924": {
    "gameId": 818161268,
    "invalid": false,
    "gameMode": "CLASSIC",
    "gameType": "MATCHED_GAME",
    "subType": "NORMAL",
    "mapId": 1,
    "teamId": 100,
    "championId": 11,
    "spell1": 4,
    "spell2": 11,
    "level": 30,
    "ipEarned": 249,
    "createDate": 1398243035774,
    "fellowPlayers": [
      {
        "summonerId": 39353515,
        "teamId": 100,
        "championId": 412
      },
      {
        "summonerId": 23385764,
        "teamId": 200,
        "championId": 412
      },
      {
        "summonerId": 27804076,
        "teamId": 100,
        "championId": 133
      },
      {
        "summonerId": 23263132,
        "teamId": 200,
        "championId": 35
      },
      {
        "summonerId": 33844246,
        "teamId": 200,
        "championId": 64
      },
      {
        "summonerId": 20892601,
        "teamId": 100,
        "championId": 157
      },
      {
        "summonerId": 32229849,
        "teamId": 100,
        "championId": 29
      },
      {
        "summonerId": 42361890,
        "teamId": 200,
        "championId": 126
      },
      {
        "summonerId": 42983314,
        "teamId": 200,
        "championId": 222
      }
    ],
    "stats": {
      "level": 18,
      "goldEarned": 16863,
      "numDeaths": 7,
      "minionsKilled": 81,
      "championsKilled": 17,
      "goldSpent": 18350,
      "totalDamageDealt": 296324,
      "totalDamageTaken": 37636,
      "doubleKills": 2,
      "tripleKills": 1,
      "killingSprees": 4,
      "largestKillingSpree": 7,
      "team": 100,
      "win": true,
      "neutralMinionsKilled": 147,
      "largestMultiKill": 3,
      "physicalDamageDealtPlayer": 224775,
      "magicDamageDealtPlayer": 51626,
      "physicalDamageTaken": 29454,
      "magicDamageTaken": 6689,
      "largestCriticalStrike": 1008,
      "timePlayed": 2155,
      "totalHeal": 10856,
      "totalUnitsHealed": 1,
      "assists": 6,
      "item0": 3006,
      "item1": 3160,
      "item2": 3142,
      "item3": 3153,
      "item4": 3031,
      "item5": 3035,
      "item6": 3342,
      "magicDamageDealtToChampions": 2618,
      "physicalDamageDealtToChampions": 24500,
      "totalDamageDealtToChampions": 31465,
      "trueDamageDealtPlayer": 19921,
      "trueDamageDealtToChampions": 4346,
      "trueDamageTaken": 1492,
      "wardPlaced": 5,
      "neutralMinionsKilledEnemyJungle": 30,
      "neutralMinionsKilledYourJungle": 117,
      "totalTimeCrowdControlDealt": 467
    }
  },
  "23385764": {
    "gameId": 818161268,
    "invalid": false,
    "gameMode": "CLASSIC",
    "gameType": "MATCHED_GAME",
    "subType": "NORMAL",
    "mapId": 1,
    "teamId": 200,
    "championId": 412,
    "spell1": 3,
    "spell2": 4,
    "level": 30,
    "ipEarned": 65,
    "createDate": 1398243035779,
    "fellowPlayers": [
      {
        "summonerId": 39353515,
        "teamId": 100,
        "championId": 412
      },
      {
        "summonerId": 27804076,
        "teamId": 100,
        "championId": 133
      },
      {
        "summonerId": 23263132,
        "teamId": 200,
        "championId": 35
      },
      {
        "summonerId": 33844246,
        "teamId": 200,
        "championId": 64
      },
      {
        "summonerId": 20892601,
        "teamId": 100,
        "championId": 157
      },
      {
        "summonerId": 32229849,
        "teamId": 100,
        "championId": 29
      },
      {
        "summonerId": 42372924,
        "teamId": 100,
        "championId": 11
      },
      {
        "summonerId": 42361890,
        "teamId": 200,
        "championId": 126
      },
      {
        "summonerId": 42983314,
        "teamId": 200,
        "championId": 222
      }
    ],
    "stats": {
      "level": 14,
      "goldEarned": 7876,
      "numDeaths": 9,
      "minionsKilled": 24,
      "goldSpent": 7275,
      "totalDamageDealt": 19513,
      "totalDamageTaken": 24336,
      "team": 200,
      "win": false,
      "neutralMinionsKilled": 1,
      "physicalDamageDealtPlayer": 4377,
      "magicDamageDealtPlayer": 15135,
      "physicalDamageTaken": 17304,
      "magicDamageTaken": 4792,
      "timePlayed": 2155,
      "totalHeal": 1886,
      "totalUnitsHealed": 1,
      "assists": 11,
      "item0": 3143,
      "item1": 2049,
      "item2": 3069,
      "item3": 3117,
      "item4": 1054,
      "item6": 3340,
      "magicDamageDealtToChampions": 8791,
      "physicalDamageDealtToChampions": 1467,
      "totalDamageDealtToChampions": 10259,
      "trueDamageTaken": 2238,
      "wardKilled": 2,
      "wardPlaced": 17,
      "neutralMinionsKilledEnemyJungle": 1,
      "totalTimeCrowdControlDealt": 172
    }
  },
  "42361890": {
    "gameId": 818161268,
    "invalid": false,
    "gameMode": "CLASSIC",
    "gameType": "MATCHED_GAME",
    "subType": "NORMAL",
    "mapId": 1,
    "teamId": 200,
    "championId": 126,
    "spell1": 4,
    "spell2": 14,
    "level": 30,
    "ipEarned": 65,
    "createDate": 1398243035776,
    "fellowPlayers": [
      {
        "summonerId": 39353515,
        "teamId": 100,
        "championId": 412
      },
      {
        "summonerId": 23385764,
        "teamId": 200,
        "championId": 412
      },
      {
        "summonerId": 27804076,
        "teamId": 100,
        "championId": 133
      },
      {
        "summonerId": 23263132,
        "teamId": 200,
        "championId": 35
      },
      {
        "summonerId": 33844246,
        "teamId": 200,
        "championId": 64
      },
      {
        "summonerId": 20892601,
        "teamId": 100,
        "championId": 157
      },
      {
        "summonerId": 32229849,
        "teamId": 100,
        "championId": 29
      },
      {
        "summonerId": 42372924,
        "teamId": 100,
        "championId": 11
      },
      {
        "summonerId": 42983314,
        "teamId": 200,
        "championId": 222
      }
    ],
    "stats": {
      "level": 18,
      "goldEarned": 17711,
      "numDeaths": 10,
      "turretsKilled": 1,
      "minionsKilled": 260,
      "championsKilled": 20,
      "goldSpent": 16115,
      "totalDamageDealt": 210849,
      "totalDamageTaken": 31915,
      "doubleKills": 1,
      "tripleKills": 1,
      "killingSprees": 6,
      "largestKillingSpree": 6,
      "team": 200,
      "win": false,
      "neutralMinionsKilled": 14,
      "largestMultiKill": 3,
      "physicalDamageDealtPlayer": 186995,
      "magicDamageDealtPlayer": 21454,
      "physicalDamageTaken": 24344,
      "magicDamageTaken": 4622,
      "timePlayed": 2155,
      "totalHeal": 2506,
      "totalUnitsHealed": 1,
      "assists": 4,
      "item0": 3072,
      "item1": 3071,
      "item2": 3042,
      "item3": 3026,
      "item4": 3260,
      "item5": 3035,
      "item6": 3340,
      "sightWardsBought": 1,
      "magicDamageDealtToChampions": 10351,
      "physicalDamageDealtToChampions": 34435,
      "totalDamageDealtToChampions": 46688,
      "trueDamageDealtPlayer": 2400,
      "trueDamageDealtToChampions": 1902,
      "trueDamageTaken": 2949,
      "wardPlaced": 5,
      "neutralMinionsKilledYourJungle": 14,
      "totalTimeCrowdControlDealt": 435
    }
  },
  "33844246": {
    "gameId": 818161268,
    "invalid": false,
    "gameMode": "CLASSIC",
    "gameType": "MATCHED_GAME",
    "subType": "NORMAL",
    "mapId": 1,
    "teamId": 200,
    "championId": 64,
    "spell1": 4,
    "spell2": 14,
    "level": 30,
    "ipEarned": 65,
    "createDate": 1398243035777,
    "fellowPlayers": [
      {
        "summonerId": 39353515,
        "teamId": 100,
        "championId": 412
      },
      {
        "summonerId": 23385764,
        "teamId": 200,
        "championId": 412
      },
      {
        "summonerId": 27804076,
        "teamId": 100,
        "championId": 133
      },
      {
        "summonerId": 23263132,
        "teamId": 200,
        "championId": 35
      },
      {
        "summonerId": 20892601,
        "teamId": 100,
        "championId": 157
      },
      {
        "summonerId": 32229849,
        "teamId": 100,
        "championId": 29
      },
      {
        "summonerId": 42372924,
        "teamId": 100,
        "championId": 11
      },
      {
        "summonerId": 42361890,
        "teamId": 200,
        "championId": 126
      },
      {
        "summonerId": 42983314,
        "teamId": 200,
        "championId": 222
      }
    ],
    "stats": {
      "level": 12,
      "goldEarned": 7022,
      "numDeaths": 16,
      "turretsKilled": 1,
      "minionsKilled": 60,
      "goldSpent": 9375,
      "totalDamageDealt": 38756,
      "totalDamageTaken": 35984,
      "team": 200,
      "win": false,
      "neutralMinionsKilled": 3,
      "physicalDamageDealtPlayer": 28234,
      "magicDamageDealtPlayer": 10127,
      "physicalDamageTaken": 31693,
      "magicDamageTaken": 2861,
      "timePlayed": 2155,
      "totalHeal": 1125,
      "totalUnitsHealed": 1,
      "assists": 4,
      "item0": 3083,
      "item3": 2045,
      "item5": 1001,
      "item6": 3341,
      "sightWardsBought": 1,
      "magicDamageDealtToChampions": 685,
      "physicalDamageDealtToChampions": 2114,
      "totalDamageDealtToChampions": 3193,
      "trueDamageDealtPlayer": 394,
      "trueDamageDealtToChampions": 394,
      "trueDamageTaken": 1429,
      "wardPlaced": 19,
      "neutralMinionsKilledYourJungle": 3,
      "totalTimeCrowdControlDealt": 168
    }
  },
  "20892601": {
    "gameId": 818161268,
    "invalid": false,
    "gameMode": "CLASSIC",
    "gameType": "MATCHED_GAME",
    "subType": "NORMAL",
    "mapId": 1,
    "teamId": 100,
    "championId": 157,
    "spell1": 14,
    "spell2": 4,
    "level": 30,
    "ipEarned": 249,
    "createDate": 1398243035770,
    "fellowPlayers": [
      {
        "summonerId": 39353515,
        "teamId": 100,
        "championId": 412
      },
      {
        "summonerId": 23385764,
        "teamId": 200,
        "championId": 412
      },
      {
        "summonerId": 27804076,
        "teamId": 100,
        "championId": 133
      },
      {
        "summonerId": 23263132,
        "teamId": 200,
        "championId": 35
      },
      {
        "summonerId": 33844246,
        "teamId": 200,
        "championId": 64
      },
      {
        "summonerId": 32229849,
        "teamId": 100,
        "championId": 29
      },
      {
        "summonerId": 42372924,
        "teamId": 100,
        "championId": 11
      },
      {
        "summonerId": 42361890,
        "teamId": 200,
        "championId": 126
      },
      {
        "summonerId": 42983314,
        "teamId": 200,
        "championId": 222
      }
    ],
    "stats": {
      "level": 17,
      "goldEarned": 11667,
      "numDeaths": 8,
      "turretsKilled": 2,
      "minionsKilled": 181,
      "championsKilled": 2,
      "goldSpent": 10435,
      "totalDamageDealt": 135450,
      "totalDamageTaken": 26455,
      "team": 100,
      "win": true,
      "neutralMinionsKilled": 15,
      "largestMultiKill": 1,
      "physicalDamageDealtPlayer": 110547,
      "magicDamageDealtPlayer": 23644,
      "physicalDamageTaken": 21206,
      "magicDamageTaken": 3952,
      "largestCriticalStrike": 453,
      "timePlayed": 2155,
      "totalHeal": 2076,
      "totalUnitsHealed": 1,
      "assists": 10,
      "item0": 3153,
      "item1": 3250,
      "item2": 3087,
      "item3": 1038,
      "item4": 1037,
      "item5": 1055,
      "item6": 3340,
      "sightWardsBought": 1,
      "magicDamageDealtToChampions": 2929,
      "physicalDamageDealtToChampions": 9884,
      "totalDamageDealtToChampions": 13992,
      "trueDamageDealtPlayer": 1258,
      "trueDamageDealtToChampions": 1178,
      "trueDamageTaken": 1296,
      "wardKilled": 1,
      "wardPlaced": 10,
      "neutralMinionsKilledEnemyJungle": 2,
      "neutralMinionsKilledYourJungle": 13,
      "totalTimeCrowdControlDealt": 104
    }
  },
  "39353515": {
    "gameId": 818161268,
    "invalid": false,
    "gameMode": "CLASSIC",
    "gameType": "MATCHED_GAME",
    "subType": "NORMAL",
    "mapId": 1,
    "teamId": 100,
    "championId": 412,
    "spell1": 4,
    "spell2": 14,
    "level": 30,
    "ipEarned": 99,
    "createDate": 1398243035771,
    "fellowPlayers": [
      {
        "summonerId": 23385764,
        "teamId": 200,
        "championId": 412
      },
      {
        "summonerId": 27804076,
        "teamId": 100,
        "championId": 133
      },
      {
        "summonerId": 23263132,
        "teamId": 200,
        "championId": 35
      },
      {
        "summonerId": 33844246,
        "teamId": 200,
        "championId": 64
      },
      {
        "summonerId": 20892601,
        "teamId": 100,
        "championId": 157
      },
      {
        "summonerId": 32229849,
        "teamId": 100,
        "championId": 29
      },
      {
        "summonerId": 42372924,
        "teamId": 100,
        "championId": 11
      },
      {
        "summonerId": 42361890,
        "teamId": 200,
        "championId": 126
      },
      {
        "summonerId": 42983314,
        "teamId": 200,
        "championId": 222
      }
    ],
    "stats": {
      "level": 15,
      "goldEarned": 9814,
      "numDeaths": 4,
      "turretsKilled": 1,
      "minionsKilled": 10,
      "championsKilled": 6,
      "goldSpent": 9625,
      "totalDamageDealt": 19704,
      "totalDamageTaken": 16022,
      "killingSprees": 1,
      "largestKillingSpree": 3,
      "team": 100,
      "win": true,
      "largestMultiKill": 1,
      "physicalDamageDealtPlayer": 5190,
      "magicDamageDealtPlayer": 14343,
      "physicalDamageTaken": 9737,
      "magicDamageTaken": 5989,
      "timePlayed": 2155,
      "totalHeal": 483,
      "totalUnitsHealed": 1,
      "assists": 11,
      "item0": 3069,
      "item1": 2049,
      "item2": 3072,
      "item3": 3117,
      "item4": 3082,
      "item5": 3086,
      "item6": 3341,
      "sightWardsBought": 1,
      "visionWardsBought": 2,
      "magicDamageDealtToChampions": 8354,
      "physicalDamageDealtToChampions": 1482,
      "totalDamageDealtToChampions": 10006,
      "trueDamageDealtPlayer": 170,
      "trueDamageDealtToChampions": 170,
      "trueDamageTaken": 296,
      "wardPlaced": 23,
      "totalTimeCrowdControlDealt": 186
    }
  }
}