{
  "37330219": {
    "gameId": 818169369,
    "invalid": false,
    "gameMode": "CLASSIC",
    "gameType": "MATCHED_GAME",
    "subType": "NORMAL",
    "mapId": 1,
    "teamId": 200,
    "championId": 76,
    "spell1": 4,
    "spell2": 7,
    "level": 30,
    "ipEarned": 61,
    "createDate": 1398242924602,
    "fellowPlayers": [
      {
        "summonerId": 28065536,
        "teamId": 100,
        "championId": 267
      },
      {
        "summonerId": 39262696,
        "teamId": 200,
        "championId": 143
      },
      {
        "summonerId": 39933973,
        "teamId": 200,
        "championId": 51
      },
      {
        "summonerId": 39848988,
        "teamId": 100,
        "championId": 238
      },
      {
        "summonerId": 36971259,
        "teamId": 100,
        "championId": 43
      },
      {
        "summonerId": 24758948,
        "teamId": 200,
        "championId": 80
      },
      {
        "summonerId": 26542020,
        "teamId": 200,
        "championId": 39
      },
      {
        "summonerId": 38777758,
        "teamId": 100,
        "championId": 222
      },
      {
        "summonerId": 30852568,
        "teamId": 100,
        "championId": 50
      }
    ],
    "stats": {
      "level": 14,
      "goldEarned": 9993,
      "numDeaths": 8,
      "minionsKilled": 127,
      "championsKilled": 7,
      "goldSpent": 8835,
      "totalDamageDealt": 94269,
      "totalDamageTaken": 29756,
      "killingSprees": 2,
      "largestKillingSpree": 3,
      "team": 200,
      "win": false,
      "neutralMinionsKilled": 8,
      "largestMultiKill": 1,
      "physicalDamageDealtPlayer": 28013,
      "magicDamageDealtPlayer": 66255,
      "physicalDamageTaken": 22583,
      "magicDamageTaken": 6520,
      "timePlayed": 1959,
      "totalHeal": 14218,
      "totalUnitsHealed": 4,
      "assists": 8,
      "item0": 3157,
      "item1": 1056,
      "item2": 3174,
      "item3": 1026,
      "item4": 3255,
      "item6": 3340,
      "magicDamageDealtToChampions": 16207,
      "physicalDamageDealtToChampions": 4378,
      "totalDamageDealtToChampions": 20585,
      "trueDamageTaken": 653,
      "wardPlaced": 5,
      "neutralMinionsKilledEnemyJungle": 4,
      "neutralMinionsKilledYourJungle": 4
    }
  },
  "summonerCount": 10,
  "26542020": {
    "gameId": 818169369,
    "invalid": false,
    "gameMode": "CLASSIC",
    "gameType": "MATCHED_GAME",
    "subType": "NORMAL",
    "mapId": 1,
    "teamId": 200,
    "championId": 39,
    "spell1": 14,
    "spell2": 4,
    "level": 30,
    "ipEarned": 61,
    "createDate": 1398242924603,
    "fellowPlayers": [
      {
        "summonerId": 28065536,
        "teamId": 100,
        "championId": 267
      },
      {
        "summonerId": 39262696,
        "teamId": 200,
        "championId": 143
      },
      {
        "summonerId": 39933973,
        "teamId": 200,
        "championId": 51
      },
      {
        "summonerId": 39848988,
        "teamId": 100,
        "championId": 238
      },
      {
        "summonerId": 36971259,
        "teamId": 100,
        "championId": 43
      },
      {
        "summonerId": 24758948,
        "teamId": 200,
        "championId": 80
      },
      {
        "summonerId": 38777758,
        "teamId": 100,
        "championId": 222
      },
      {
        "summonerId": 37330219,
        "teamId": 200,
        "championId": 76
      },
      {
        "summonerId": 30852568,
        "teamId": 100,
        "championId": 50
      }
    ],
    "stats": {
      "level": 14,
      "goldEarned": 9477,
      "numDeaths": 7,
      "turretsKilled": 1,
      "minionsKilled": 74,
      "championsKilled": 6,
      "goldSpent": 8928,
      "totalDamageDealt": 66951,
      "totalDamageTaken": 26199,
      "killingSprees": 2,
      "largestKillingSpree": 2,
      "team": 200,
      "win": false,
      "neutralMinionsKilled": 22,
      "largestMultiKill": 1,
      "physicalDamageDealtPlayer": 58764,
      "magicDamageDealtPlayer": 3944,
      "physicalDamageTaken": 18933,
      "magicDamageTaken": 6731,
      "largestCriticalStrike": 368,
      "timePlayed": 1959,
      "totalHeal": 3008,
      "totalUnitsHealed": 1,
      "assists": 7,
      "item0": 3078,
      "item1": 3153,
      "item2": 3265,
      "item6": 3340,
      "magicDamageDealtToChampions": 1261,
      "physicalDamageDealtToChampions": 6917,
      "totalDamageDealtToChampions": 9503,
      "trueDamageDealtPlayer": 4242,
      "trueDamageDealtToChampions": 1324,
      "trueDamageTaken": 534,
      "wardPlaced": 5,
      "neutralMinionsKilledEnemyJungle": 3,
      "neutralMinionsKilledYourJungle": 19,
      "totalTimeCrowdControlDealt": 109
    }
  },
  "28065536": {
    "gameId": 818169369,
    "invalid": false,
    "gameMode": "CLASSIC",
    "gameType": "MATCHED_GAME",
    "subType": "NORMAL",
    "mapId": 1,
    "teamId": 100,
    "championId": 267,
    "spell1": 4,
    "spell2": 3,
    "level": 30,
    "ipEarned": 242,
    "createDate": 1398242924598,
    "fellowPlayers": [
      {
        "summonerId": 39262696,
        "teamId": 200,
        "championId": 143
      },
      {
        "summonerId": 39933973,
        "teamId": 200,
        "championId": 51
      },
      {
        "summonerId": 39848988,
        "teamId": 100,
        "championId": 238
      },
      {
        "summonerId": 36971259,
        "teamId": 100,
        "championId": 43
      },
      {
        "summonerId": 24758948,
        "teamId": 200,
        "championId": 80
      },
      {
        "summonerId": 26542020,
        "teamId": 200,
        "championId": 39
      },
      {
        "summonerId": 38777758,
        "teamId": 100,
        "championId": 222
      },
      {
        "summonerId": 37330219,
        "teamId": 200,
        "championId": 76
      },
      {
        "summonerId": 30852568,
        "teamId": 100,
        "championId": 50
      }
    ],
    "stats": {
      "level": 13,
      "goldEarned": 9817,
      "numDeaths": 3,
      "minionsKilled": 15,
      "championsKilled": 3,
      "goldSpent": 7190,
      "totalDamageDealt": 20662,
      "totalDamageTaken": 12333,
      "team": 100,
      "win": true,
      "largestMultiKill": 1,
      "physicalDamageDealtPlayer": 5441,
      "magicDamageDealtPlayer": 15220,
      "physicalDamageTaken": 6454,
      "magicDamageTaken": 5461,
      "timePlayed": 1959,
      "totalHeal": 5120,
      "totalUnitsHealed": 5,
      "assists": 13,
      "item0": 3098,
      "item1": 3222,
      "item2": 2045,
      "item3": 2010,
      "item4": 3113,
      "item5": 3108,
      "item6": 3341,
      "sightWardsBought": 9,
      "magicDamageDealtToChampions": 5871,
      "physicalDamageDealtToChampions": 751,
      "totalDamageDealtToChampions": 6622,
      "trueDamageTaken": 418,
      "wardKilled": 4,
      "wardPlaced": 15,
      "totalTimeCrowdControlDealt": 137
    }
  },
  "30852568": {
    "gameId": 818169369,
    "invalid": false,
    "gameMode": "CLASSIC",
    "gameType": "MATCHED_GAME",
    "subType": "NORMAL",
    "mapId": 1,
    "teamId": 100,
    "championId": 50,
    "spell1": 11,
    "spell2": 14,
    "level": 30,
    "ipEarned": 92,
    "createDate": 1398242924600,
    "fellowPlayers": [
      {
        "summonerId": 28065536,
        "teamId": 100,
        "championId": 267
      },
      {
        "summonerId": 39262696,
        "teamId": 200,
        "championId": 143
      },
      {
        "summonerId": 39933973,
        "teamId": 200,
        "championId": 51
      },
      {
        "summonerId": 39848988,
        "teamId": 100,
        "championId": 238
      },
      {
        "summonerId": 36971259,
        "teamId": 100,
        "championId": 43
      },
      {
        "summonerId": 24758948,
        "teamId": 200,
        "championId": 80
      },
      {
        "summonerId": 26542020,
        "teamId": 200,
        "championId": 39
      },
      {
        "summonerId": 38777758,
        "teamId": 100,
        "championId": 222
      },
      {
        "summonerId": 37330219,
        "teamId": 200,
        "championId": 76
      }
    ],
    "stats": {
      "level": 15,
      "goldEarned": 10239,
      "numDeaths": 3,
      "minionsKilled": 88,
      "championsKilled": 3,
      "goldSpent": 9360,
      "totalDamageDealt": 142848,
      "totalDamageTaken": 25672,
      "team": 100,
      "win": true,
      "neutralMinionsKilled": 78,
      "largestMultiKill": 1,
      "physicalDamageDealtPlayer": 26475,
      "magicDamageDealtPlayer": 105057,
      "physicalDamageTaken": 21872,
      "magicDamageTaken": 2735,
      "timePlayed": 1959,
      "totalHeal": 11582,
      "totalUnitsHealed": 1,
      "assists": 1,
      "item0": 3206,
      "item1": 2003,
      "item2": 3027,
      "item3": 3028,
      "item4": 3003,
      "item5": 1001,
      "item6": 3340,
      "visionWardsBought": 2,
      "magicDamageDealtToChampions": 3311,
      "physicalDamageDealtToChampions": 190,
      "totalDamageDealtToChampions": 3502,
      "trueDamageDealtPlayer": 11316,
      "trueDamageTaken": 1065,
      "wardPlaced": 9,
      "neutralMinionsKilledEnemyJungle": 7,
      "neutralMinionsKilledYourJungle": 71,
      "totalTimeCrowdControlDealt": 660
    }
  },
  "36971259": {
    "gameId": 818169369,
    "invalid": false,
    "gameMode": "CLASSIC",
    "gameType": "MATCHED_GAME",
    "subType": "NORMAL",
    "mapId": 1,
    "teamId": 100,
    "championId": 43,
    "spell1": 4,
    "spell2": 14,
    "level": 30,
    "ipEarned": 242,
    "createDate": 1398242924597,
    "fellowPlayers": [
      {
        "summonerId": 28065536,
        "teamId": 100,
        "championId": 267
      },
      {
        "summonerId": 39262696,
        "teamId": 200,
        "championId": 143
      },
      {
        "summonerId": 39933973,
        "teamId": 200,
        "championId": 51
      },
      {
        "summonerId": 39848988,
        "teamId": 100,
        "championId": 238
      },
      {
        "summonerId": 24758948,
        "teamId": 200,
        "championId": 80
      },
      {
        "summonerId": 26542020,
        "teamId": 200,
        "championId": 39
      },
      {
        "summonerId": 38777758,
        "teamId": 100,
        "championId": 222
      },
      {
        "summonerId": 37330219,
        "teamId": 200,
        "championId": 76
      },
      {
        "summonerId": 30852568,
        "teamId": 100,
        "championId": 50
      }
    ],
    "stats": {
      "level": 15,
      "goldEarned": 9596,
      "numDeaths": 11,
      "minionsKilled": 73,
      "championsKilled": 8,
      "goldSpent": 8725,
      "totalDamageDealt": 56162,
      "totalDamageTaken": 19024,
      "doubleKills": 1,
      "killingSprees": 3,
      "largestKillingSpree": 2,
      "team": 100,
      "win": true,
      "largestMultiKill": 2,
      "physicalDamageDealtPlayer": 9498,
      "magicDamageDealtPlayer": 46421,
      "physicalDamageTaken": 11436,
      "magicDamageTaken": 6348,
      "timePlayed": 1959,
      "assists": 10,
      "item0": 3165,
      "item1": 3108,
      "item2": 1052,
      "item3": 1029,
      "item4": 3255,
      "item5": 3135,
      "item6": 3340,
      "magicDamageDealtToChampions": 19935,
      "physicalDamageDealtToChampions": 1491,
      "totalDamageDealtToChampions": 21669,
      "trueDamageDealtPlayer": 242,
      "trueDamageDealtToChampions": 242,
      "trueDamageTaken": 1239,
      "wardPlaced": 7,
      "totalTimeCrowdControlDealt": 313
    }
  },
  "39262696": {
    "gameId": 818169369,
    "invalid": false,
    "gameMode": "CLASSIC",
    "gameType": "MATCHED_GAME",
    "subType": "NORMAL",
    "mapId": 1,
    "teamId": 200,
    "championId": 143,
    "spell1": 3,
    "spell2": 4,
    "level": 27,
    "ipEarned": 61,
    "createDate": 1398242924601,
    "fellowPlayers": [
      {
        "summonerId": 28065536,
        "teamId": 100,
        "championId": 267
      },
      {
        "summonerId": 39933973,
        "teamId": 200,
        "championId": 51
      },
      {
        "summonerId": 39848988,
        "teamId": 100,
        "championId": 238
      },
      {
        "summonerId": 36971259,
        "teamId": 100,
        "championId": 43
      },
      {
        "summonerId": 24758948,
        "teamId": 200,
        "championId": 80
      },
      {
        "summonerId": 26542020,
        "teamId": 200,
        "championId": 39
      },
      {
        "summonerId": 38777758,
        "teamId": 100,
        "championId": 222
      },
      {
        "summonerId": 37330219,
        "teamId": 200,
        "championId": 76
      },
      {
        "summonerId": 30852568,
        "teamId": 100,
        "championId": 50
      }
    ],
    "stats": {
      "level": 12,
      "goldEarned": 6862,
      "numDeaths": 6,
      "minionsKilled": 5,
      "championsKilled": 2,
      "goldSpent": 6355,
      "totalDamageDealt": 18396,
      "totalDamageTaken": 13828,
      "team": 200,
      "win": false,
      "neutralMinionsKilled": 1,
      "largestMultiKill": 1,
      "physicalDamageDealtPlayer": 2684,
      "magicDamageDealtPlayer": 15252,
      "physicalDamageTaken": 6935,
      "magicDamageTaken": 6820,
      "timePlayed": 1959,
      "totalHeal": 713,
      "totalUnitsHealed": 1,
      "assists": 5,
      "item0": 3069,
      "item1": 3157,
      "item2": 2004,
      "item3": 1033,
      "item6": 3340,
      "sightWardsBought": 1,
      "visionWardsBought": 1,
      "magicDamageDealtToChampions": 6239,
      "physicalDamageDealtToChampions": 506,
      "totalDamageDealtToChampions": 7206,
      "trueDamageDealtPlayer": 460,
      "trueDamageDealtToChampions": 460,
      "trueDamageTaken": 72,
      "wardKilled": 2,
      "wardPlaced": 7,
      "neutralMinionsKilledYourJungle": 1,
      "totalTimeCrowdControlDealt": 108
    }
  },
  "24758948": {
    "gameId": 818169369,
    "invalid": false,
    "gameMode": "CLASSIC",
    "gameType": "MATCHED_GAME",
    "subType": "NORMAL",
    "mapId": 1,
    "teamId": 200,
    "championId": 80,
    "spell1": 14,
    "spell2": 4,
    "level": 27,
    "ipEarned": 61,
    "createDate": 1398242924604,
    "fellowPlayers": [
      {
        "summonerId": 28065536,
        "teamId": 100,
        "championId": 267
      },
      {
        "summonerId": 39262696,
        "teamId": 200,
        "championId": 143
      },
      {
        "summonerId": 39933973,
        "teamId": 200,
        "championId": 51
      },
      {
        "summonerId": 39848988,
        "teamId": 100,
        "championId": 238
      },
      {
        "summonerId": 36971259,
        "teamId": 100,
        "championId": 43
      },
      {
        "summonerId": 26542020,
        "teamId": 200,
        "championId": 39
      },
      {
        "summonerId": 38777758,
        "teamId": 100,
        "championId": 222
      },
      {
        "summonerId": 37330219,
        "teamId": 200,
        "championId": 76
      },
      {
        "summonerId": 30852568,
        "teamId": 100,
        "championId": 50
      }
    ],
    "stats": {
      "level": 16,
      "goldEarned": 10762,
      "numDeaths": 5,
      "turretsKilled": 1,
      "minionsKilled": 116,
      "championsKilled": 8,
      "goldSpent": 10855,
      "totalDamageDealt": 110418,
      "totalDamageTaken": 19726,
      "killingSprees": 2,
      "largestKillingSpree": 4,
      "team": 200,
      "win": false,
      "neutralMinionsKilled": 4,
      "largestMultiKill": 1,
      "physicalDamageDealtPlayer": 105149,
      "magicDamageDealtPlayer": 4930,
      "physicalDamageTaken": 11715,
      "magicDamageTaken": 7845,
      "largestCriticalStrike": 532,
      "timePlayed": 1959,
      "totalHeal": 2106,
      "totalUnitsHealed": 1,
      "assists": 10,
      "item0": 3074,
      "item1": 3143,
      "item2": 3071,
      "item3": 3117,
      "item4": 2003,
      "item6": 3340,
      "magicDamageDealtToChampions": 2240,
      "physicalDamageDealtToChampions": 16190,
      "totalDamageDealtToChampions": 18768,
      "trueDamageDealtPlayer": 338,
      "trueDamageDealtToChampions": 338,
      "trueDamageTaken": 165,
      "wardPlaced": 5,
      "neutralMinionsKilledEnemyJungle": 1,
      "neutralMinionsKilledYourJungle": 3,
      "totalTimeCrowdControlDealt": 117
    }
  },
  "39933973": {
    "gameId": 818169369,
    "invalid": false,
    "gameMode": "CLASSIC",
    "gameType": "MATCHED_GAME",
    "subType": "NORMAL",
    "mapId": 1,
    "teamId": 200,
    "championId": 51,
    "spell1": 4,
    "spell2": 7,
    "level": 30,
    "ipEarned": 61,
    "createDate": 1398242924606,
    "fellowPlayers": [
      {
        "summonerId": 28065536,
        "teamId": 100,
        "championId": 267
      },
      {
        "summonerId": 39262696,
        "teamId": 200,
        "championId": 143
      },
      {
        "summonerId": 39848988,
        "teamId": 100,
        "championId": 238
      },
      {
        "summonerId": 36971259,
        "teamId": 100,
        "championId": 43
      },
      {
        "summonerId": 24758948,
        "teamId": 200,
        "championId": 80
      },
      {
        "summonerId": 26542020,
        "teamId": 200,
        "championId": 39
      },
      {
        "summonerId": 38777758,
        "teamId": 100,
        "championId": 222
      },
      {
        "summonerId": 37330219,
        "teamId": 200,
        "championId": 76
      },
      {
        "summonerId": 30852568,
        "teamId": 100,
        "championId": 50
      }
    ],
    "stats": {
      "level": 15,
      "goldEarned": 10042,
      "numDeaths": 2,
      "turretsKilled": 1,
      "minionsKilled": 150,
      "championsKilled": 4,
      "goldSpent": 8610,
      "totalDamageDealt": 101929,
      "totalDamageTaken": 11047,
      "doubleKills": 1,
      "killingSprees": 1,
      "largestKillingSpree": 3,
      "team": 200,
      "win": false,
      "neutralMinionsKilled": 10,
      "largestMultiKill": 2,
      "physicalDamageDealtPlayer": 100661,
      "magicDamageDealtPlayer": 1208,
      "physicalDamageTaken": 8102,
      "magicDamageTaken": 2945,
      "largestCriticalStrike": 855,
      "timePlayed": 1959,
      "totalHeal": 1452,
      "totalUnitsHealed": 2,
      "assists": 7,
      "item0": 1055,
      "item1": 3046,
      "item2": 3072,
      "item3": 3006,
      "item4": 1037,
      "item5": 1036,
      "item6": 3340,
      "magicDamageDealtToChampions": 1127,
      "physicalDamageDealtToChampions": 9090,
      "totalDamageDealtToChampions": 10277,
      "trueDamageDealtPlayer": 60,
      "trueDamageDealtToChampions": 60,
      "wardPlaced": 5,
      "neutralMinionsKilledEnemyJungle": 2,
      "neutralMinionsKilledYourJungle": 8,
      "totalTimeCrowdControlDealt": 57
    }
  },
  "39848988": {
    "gameId": 818169369,
    "invalid": false,
    "gameMode": "CLASSIC",
    "gameType": "MATCHED_GAME",
    "subType": "NORMAL",
    "mapId": 1,
    "teamId": 100,
    "championId": 238,
    "spell1": 4,
    "spell2": 14,
    "level": 30,
    "ipEarned": 242,
    "createDate": 1398242924596,
    "fellowPlayers": [
      {
        "summonerId": 28065536,
        "teamId": 100,
        "championId": 267
      },
      {
        "summonerId": 39262696,
        "teamId": 200,
        "championId": 143
      },
      {
        "summonerId": 39933973,
        "teamId": 200,
        "championId": 51
      },
      {
        "summonerId": 36971259,
        "teamId": 100,
        "championId": 43
      },
      {
        "summonerId": 24758948,
        "teamId": 200,
        "championId": 80
      },
      {
        "summonerId": 26542020,
        "teamId": 200,
        "championId": 39
      },
      {
        "summonerId": 38777758,
        "teamId": 100,
        "championId": 222
      },
      {
        "summonerId": 37330219,
        "teamId": 200,
        "championId": 76
      },
      {
        "summonerId": 30852568,
        "teamId": 100,
        "championId": 50
      }
    ],
    "stats": {
      "level": 15,
      "goldEarned": 11770,
      "numDeaths": 7,
      "barracksKilled": 1,
      "turretsKilled": 2,
      "minionsKilled": 126,
      "championsKilled": 11,
      "goldSpent": 11545,
      "totalDamageDealt": 107114,
      "totalDamageTaken": 24445,
      "doubleKills": 1,
      "killingSprees": 4,
      "largestKillingSpree": 3,
      "team": 100,
      "win": true,
      "neutralMinionsKilled": 7,
      "largestMultiKill": 2,
      "physicalDamageDealtPlayer": 101008,
      "magicDamageDealtPlayer": 5152,
      "physicalDamageTaken": 16252,
      "magicDamageTaken": 7450,
      "timePlayed": 1959,
      "totalHeal": 2653,
      "totalUnitsHealed": 1,
      "assists": 7,
      "item0": 3035,
      "item1": 3153,
      "item2": 3275,
      "item3": 3071,
      "item4": 1036,
      "item5": 2003,
      "item6": 3340,
      "sightWardsBought": 2,
      "magicDamageDealtToChampions": 1492,
      "physicalDamageDealtToChampions": 29522,
      "totalDamageDealtToChampions": 31896,
      "trueDamageDealtPlayer": 954,
      "trueDamageDealtToChampions": 882,
      "trueDamageTaken": 742,
      "wardKilled": 1,
      "wardPlaced": 35,
      "neutralMinionsKilledEnemyJungle": 3,
      "neutralMinionsKilledYourJungle": 4,
      "totalTimeCrowdControlDealt": 194
    }
  },
  "37330219": {
    "gameId": 818169369,
    "invalid": false,
    "gameMode": "CLASSIC",
    "gameType": "MATCHED_GAME",
    "subType": "NORMAL",
    "mapId": 1,
    "teamId": 200,
    "championId": 76,
    "spell1": 4,
    "spell2": 7,
    "level": 30,
    "ipEarned": 61,
    "createDate": 1398242924602,
    "fellowPlayers": [
      {
        "summonerId": 28065536,
        "teamId": 100,
        "championId": 267
      },
      {
        "summonerId": 39262696,
        "teamId": 200,
        "championId": 143
      },
      {
        "summonerId": 39933973,
        "teamId": 200,
        "championId": 51
      },
      {
        "summonerId": 39848988,
        "teamId": 100,
        "championId": 238
      },
      {
        "summonerId": 36971259,
        "teamId": 100,
        "championId": 43
      },
      {
        "summonerId": 24758948,
        "teamId": 200,
        "championId": 80
      },
      {
        "summonerId": 26542020,
        "teamId": 200,
        "championId": 39
      },
      {
        "summonerId": 38777758,
        "teamId": 100,
        "championId": 222
      },
      {
        "summonerId": 30852568,
        "teamId": 100,
        "championId": 50
      }
    ],
    "stats": {
      "level": 14,
      "goldEarned": 9993,
      "numDeaths": 8,
      "minionsKilled": 127,
      "championsKilled": 7,
      "goldSpent": 8835,
      "totalDamageDealt": 94269,
      "totalDamageTaken": 29756,
      "killingSprees": 2,
      "largestKillingSpree": 3,
      "team": 200,
      "win": false,
      "neutralMinionsKilled": 8,
      "largestMultiKill": 1,
      "physicalDamageDealtPlayer": 28013,
      "magicDamageDealtPlayer": 66255,
      "physicalDamageTaken": 22583,
      "magicDamageTaken": 6520,
      "timePlayed": 1959,
      "totalHeal": 14218,
      "totalUnitsHealed": 4,
      "assists": 8,
      "item0": 3157,
      "item1": 1056,
      "item2": 3174,
      "item3": 1026,
      "item4": 3255,
      "item6": 3340,
      "magicDamageDealtToChampions": 16207,
      "physicalDamageDealtToChampions": 4378,
      "totalDamageDealtToChampions": 20585,
      "trueDamageTaken": 653,
      "wardPlaced": 5,
      "neutralMinionsKilledEnemyJungle": 4,
      "neutralMinionsKilledYourJungle": 4
    }
  }
}