{
  "30056948": {
    "gameId": 818170184,
    "invalid": false,
    "gameMode": "CLASSIC",
    "gameType": "MATCHED_GAME",
    "subType": "RANKED_SOLO_5x5",
    "mapId": 1,
    "teamId": 200,
    "championId": 54,
    "spell1": 4,
    "spell2": 14,
    "level": 30,
    "ipEarned": 87,
    "createDate": 1398243416487,
    "fellowPlayers": [
      {
        "summonerId": 32498097,
        "teamId": 200,
        "championId": 157
      },
      {
        "summonerId": 34528050,
        "teamId": 200,
        "championId": 31
      },
      {
        "summonerId": 43464502,
        "teamId": 100,
        "championId": 89
      },
      {
        "summonerId": 33540096,
        "teamId": 100,
        "championId": 122
      },
      {
        "summonerId": 23938066,
        "teamId": 100,
        "championId": 112
      },
      {
        "summonerId": 27007477,
        "teamId": 100,
        "championId": 119
      },
      {
        "summonerId": 24165449,
        "teamId": 200,
        "championId": 51
      },
      {
        "summonerId": 43464535,
        "teamId": 100,
        "championId": 58
      },
      {
        "summonerId": 24685239,
        "teamId": 200,
        "championId": 143
      }
    ],
    "stats": {
      "level": 14,
      "goldEarned": 8590,
      "numDeaths": 6,
      "minionsKilled": 87,
      "goldSpent": 7715,
      "totalDamageDealt": 43831,
      "totalDamageTaken": 14923,
      "team": 200,
      "win": true,
      "neutralMinionsKilled": 1,
      "physicalDamageDealtPlayer": 23299,
      "magicDamageDealtPlayer": 20390,
      "physicalDamageTaken": 12135,
      "magicDamageTaken": 1921,
      "timePlayed": 1831,
      "totalHeal": 1193,
      "totalUnitsHealed": 1,
      "assists": 12,
      "item0": 1054,
      "item1": 1001,
      "item2": 3110,
      "item3": 3068,
      "item4": 1028,
      "item5": 1006,
      "item6": 3340,
      "sightWardsBought": 3,
      "magicDamageDealtToChampions": 5225,
      "physicalDamageDealtToChampions": 2003,
      "totalDamageDealtToChampions": 7370,
      "trueDamageDealtPlayer": 142,
      "trueDamageDealtToChampions": 142,
      "trueDamageTaken": 866,
      "wardPlaced": 9,
      "neutralMinionsKilledEnemyJungle": 1,
      "totalTimeCrowdControlDealt": 740
    }
  },
  "summonerCount": 10,
  "33540096": {
    "gameId": 818170184,
    "invalid": false,
    "gameMode": "CLASSIC",
    "gameType": "MATCHED_GAME",
    "subType": "RANKED_SOLO_5x5",
    "mapId": 1,
    "teamId": 100,
    "championId": 122,
    "spell1": 11,
    "spell2": 4,
    "level": 30,
    "ipEarned": 58,
    "createDate": 1398243416482,
    "fellowPlayers": [
      {
        "summonerId": 32498097,
        "teamId": 200,
        "championId": 157
      },
      {
        "summonerId": 34528050,
        "teamId": 200,
        "championId": 31
      },
      {
        "summonerId": 43464502,
        "teamId": 100,
        "championId": 89
      },
      {
        "summonerId": 23938066,
        "teamId": 100,
        "championId": 112
      },
      {
        "summonerId": 27007477,
        "teamId": 100,
        "championId": 119
      },
      {
        "summonerId": 24165449,
        "teamId": 200,
        "championId": 51
      },
      {
        "summonerId": 43464535,
        "teamId": 100,
        "championId": 58
      },
      {
        "summonerId": 30056948,
        "teamId": 200,
        "championId": 54
      },
      {
        "summonerId": 24685239,
        "teamId": 200,
        "championId": 143
      }
    ],
    "stats": {
      "level": 12,
      "goldEarned": 7610,
      "numDeaths": 3,
      "turretsKilled": 1,
      "minionsKilled": 42,
      "championsKilled": 2,
      "goldSpent": 7350,
      "totalDamageDealt": 65836,
      "totalDamageTaken": 20170,
      "killingSprees": 1,
      "largestKillingSpree": 2,
      "team": 100,
      "win": false,
      "neutralMinionsKilled": 33,
      "largestMultiKill": 1,
      "physicalDamageDealtPlayer": 50729,
      "magicDamageDealtPlayer": 6721,
      "physicalDamageTaken": 15618,
      "magicDamageTaken": 4407,
      "timePlayed": 1831,
      "totalHeal": 3613,
      "totalUnitsHealed": 1,
      "assists": 6,
      "item0": 2044,
      "item1": 1011,
      "item2": 3155,
      "item3": 1031,
      "item4": 3207,
      "item5": 3265,
      "item6": 3340,
      "sightWardsBought": 2,
      "magicDamageDealtToChampions": 1027,
      "physicalDamageDealtToChampions": 3806,
      "totalDamageDealtToChampions": 5444,
      "trueDamageDealtPlayer": 8385,
      "trueDamageDealtToChampions": 609,
      "trueDamageTaken": 144,
      "wardPlaced": 4,
      "neutralMinionsKilledEnemyJungle": 2,
      "neutralMinionsKilledYourJungle": 31,
      "totalTimeCrowdControlDealt": 237
    }
  },
  "43464535": {
    "gameId": 818170184,
    "invalid": false,
    "gameMode": "CLASSIC",
    "gameType": "MATCHED_GAME",
    "subType": "RANKED_SOLO_5x5",
    "mapId": 1,
    "teamId": 100,
    "championId": 58,
    "spell1": 14,
    "spell2": 4,
    "level": 30,
    "ipEarned": 58,
    "createDate": 1398243416483,
    "fellowPlayers": [
      {
        "summonerId": 32498097,
        "teamId": 200,
        "championId": 157
      },
      {
        "summonerId": 34528050,
        "teamId": 200,
        "championId": 31
      },
      {
        "summonerId": 43464502,
        "teamId": 100,
        "championId": 89
      },
      {
        "summonerId": 33540096,
        "teamId": 100,
        "championId": 122
      },
      {
        "summonerId": 23938066,
        "teamId": 100,
        "championId": 112
      },
      {
        "summonerId": 27007477,
        "teamId": 100,
        "championId": 119
      },
      {
        "summonerId": 24165449,
        "teamId": 200,
        "championId": 51
      },
      {
        "summonerId": 30056948,
        "teamId": 200,
        "championId": 54
      },
      {
        "summonerId": 24685239,
        "teamId": 200,
        "championId": 143
      }
    ],
    "stats": {
      "level": 14,
      "goldEarned": 9623,
      "numDeaths": 5,
      "turretsKilled": 2,
      "minionsKilled": 166,
      "championsKilled": 7,
      "goldSpent": 9040,
      "totalDamageDealt": 95279,
      "totalDamageTaken": 26242,
      "killingSprees": 2,
      "largestKillingSpree": 5,
      "team": 100,
      "win": false,
      "largestMultiKill": 1,
      "physicalDamageDealtPlayer": 91357,
      "magicDamageDealtPlayer": 2391,
      "physicalDamageTaken": 15729,
      "magicDamageTaken": 9045,
      "timePlayed": 1831,
      "totalHeal": 3216,
      "totalUnitsHealed": 1,
      "assists": 2,
      "item0": 3111,
      "item1": 3074,
      "item2": 1031,
      "item3": 3065,
      "item6": 3340,
      "magicDamageDealtToChampions": 665,
      "physicalDamageDealtToChampions": 10867,
      "totalDamageDealtToChampions": 12773,
      "trueDamageDealtPlayer": 1530,
      "trueDamageDealtToChampions": 1240,
      "trueDamageTaken": 1466,
      "wardPlaced": 9,
      "totalTimeCrowdControlDealt": 117
    }
  },
  "23938066": {
    "gameId": 818170184,
    "invalid": false,
    "gameMode": "CLASSIC",
    "gameType": "MATCHED_GAME",
    "subType": "RANKED_SOLO_5x5",
    "mapId": 1,
    "teamId": 100,
    "championId": 112,
    "spell1": 4,
    "spell2": 21,
    "level": 30,
    "ipEarned": 58,
    "createDate": 1398243416481,
    "fellowPlayers": [
      {
        "summonerId": 32498097,
        "teamId": 200,
        "championId": 157
      },
      {
        "summonerId": 34528050,
        "teamId": 200,
        "championId": 31
      },
      {
        "summonerId": 43464502,
        "teamId": 100,
        "championId": 89
      },
      {
        "summonerId": 33540096,
        "teamId": 100,
        "championId": 122
      },
      {
        "summonerId": 27007477,
        "teamId": 100,
        "championId": 119
      },
      {
        "summonerId": 24165449,
        "teamId": 200,
        "championId": 51
      },
      {
        "summonerId": 43464535,
        "teamId": 100,
        "championId": 58
      },
      {
        "summonerId": 30056948,
        "teamId": 200,
        "championId": 54
      },
      {
        "summonerId": 24685239,
        "teamId": 200,
        "championId": 143
      }
    ],
    "stats": {
      "level": 14,
      "goldEarned": 9156,
      "numDeaths": 7,
      "turretsKilled": 1,
      "minionsKilled": 128,
      "championsKilled": 5,
      "goldSpent": 7460,
      "totalDamageDealt": 78682,
      "totalDamageTaken": 14522,
      "killingSprees": 1,
      "largestKillingSpree": 4,
      "team": 100,
      "win": false,
      "neutralMinionsKilled": 3,
      "largestMultiKill": 1,
      "physicalDamageDealtPlayer": 15482,
      "magicDamageDealtPlayer": 62983,
      "physicalDamageTaken": 8225,
      "magicDamageTaken": 5069,
      "timePlayed": 1831,
      "totalHeal": 256,
      "totalUnitsHealed": 1,
      "assists": 5,
      "item0": 3157,
      "item1": 3198,
      "item2": 1026,
      "item4": 3070,
      "item5": 3020,
      "item6": 3340,
      "magicDamageDealtToChampions": 13525,
      "physicalDamageDealtToChampions": 835,
      "totalDamageDealtToChampions": 14485,
      "trueDamageDealtPlayer": 216,
      "trueDamageDealtToChampions": 124,
      "trueDamageTaken": 1227,
      "wardPlaced": 6,
      "neutralMinionsKilledYourJungle": 3,
      "totalTimeCrowdControlDealt": 454
    }
  },
  "24165449": {
    "gameId": 818170184,
    "invalid": false,
    "gameMode": "CLASSIC",
    "gameType": "MATCHED_GAME",
    "subType": "RANKED_SOLO_5x5",
    "mapId": 1,
    "teamId": 200,
    "championId": 51,
    "spell1": 21,
    "spell2": 4,
    "level": 30,
    "ipEarned": 237,
    "createDate": 1398243416486,
    "fellowPlayers": [
      {
        "summonerId": 32498097,
        "teamId": 200,
        "championId": 157
      },
      {
        "summonerId": 34528050,
        "teamId": 200,
        "championId": 31
      },
      {
        "summonerId": 43464502,
        "teamId": 100,
        "championId": 89
      },
      {
        "summonerId": 33540096,
        "teamId": 100,
        "championId": 122
      },
      {
        "summonerId": 23938066,
        "teamId": 100,
        "championId": 112
      },
      {
        "summonerId": 27007477,
        "teamId": 100,
        "championId": 119
      },
      {
        "summonerId": 43464535,
        "teamId": 100,
        "championId": 58
      },
      {
        "summonerId": 30056948,
        "teamId": 200,
        "championId": 54
      },
      {
        "summonerId": 24685239,
        "teamId": 200,
        "championId": 143
      }
    ],
    "stats": {
      "level": 14,
      "goldEarned": 11283,
      "numDeaths": 4,
      "turretsKilled": 2,
      "minionsKilled": 165,
      "championsKilled": 5,
      "goldSpent": 10182,
      "totalDamageDealt": 106911,
      "totalDamageTaken": 13853,
      "killingSprees": 2,
      "largestKillingSpree": 3,
      "team": 200,
      "win": true,
      "neutralMinionsKilled": 4,
      "largestMultiKill": 1,
      "physicalDamageDealtPlayer": 104778,
      "magicDamageDealtPlayer": 2133,
      "physicalDamageTaken": 10706,
      "magicDamageTaken": 3147,
      "largestCriticalStrike": 1668,
      "timePlayed": 1831,
      "totalHeal": 961,
      "totalUnitsHealed": 1,
      "assists": 8,
      "item0": 1055,
      "item1": 3072,
      "item2": 3006,
      "item3": 3031,
      "item4": 3134,
      "item5": 1051,
      "item6": 3340,
      "magicDamageDealtToChampions": 1563,
      "physicalDamageDealtToChampions": 13544,
      "totalDamageDealtToChampions": 15107,
      "wardPlaced": 4,
      "neutralMinionsKilledEnemyJungle": 1,
      "neutralMinionsKilledYourJungle": 3,
      "totalTimeCrowdControlDealt": 51
    }
  },
  "34528050": {
    "gameId": 818170184,
    "invalid": false,
    "gameMode": "CLASSIC",
    "gameType": "MATCHED_GAME",
    "subType": "RANKED_SOLO_5x5",
    "mapId": 1,
    "teamId": 200,
    "championId": 31,
    "spell1": 11,
    "spell2": 4,
    "level": 30,
    "ipEarned": 87,
    "createDate": 1398243416490,
    "fellowPlayers": [
      {
        "summonerId": 32498097,
        "teamId": 200,
        "championId": 157
      },
      {
        "summonerId": 43464502,
        "teamId": 100,
        "championId": 89
      },
      {
        "summonerId": 33540096,
        "teamId": 100,
        "championId": 122
      },
      {
        "summonerId": 23938066,
        "teamId": 100,
        "championId": 112
      },
      {
        "summonerId": 27007477,
        "teamId": 100,
        "championId": 119
      },
      {
        "summonerId": 24165449,
        "teamId": 200,
        "championId": 51
      },
      {
        "summonerId": 43464535,
        "teamId": 100,
        "championId": 58
      },
      {
        "summonerId": 30056948,
        "teamId": 200,
        "championId": 54
      },
      {
        "summonerId": 24685239,
        "teamId": 200,
        "championId": 143
      }
    ],
    "stats": {
      "level": 17,
      "goldEarned": 12300,
      "numDeaths": 3,
      "turretsKilled": 2,
      "minionsKilled": 61,
      "championsKilled": 3,
      "goldSpent": 9935,
      "totalDamageDealt": 195162,
      "totalDamageTaken": 24659,
      "killingSprees": 1,
      "largestKillingSpree": 2,
      "team": 200,
      "win": true,
      "neutralMinionsKilled": 113,
      "largestMultiKill": 1,
      "physicalDamageDealtPlayer": 41723,
      "magicDamageDealtPlayer": 117528,
      "physicalDamageTaken": 20598,
      "magicDamageTaken": 3262,
      "timePlayed": 1831,
      "totalHeal": 10080,
      "totalUnitsHealed": 1,
      "assists": 9,
      "item0": 3111,
      "item1": 3160,
      "item2": 3068,
      "item3": 3110,
      "item4": 1043,
      "item5": 1033,
      "item6": 3340,
      "magicDamageDealtToChampions": 7263,
      "physicalDamageDealtToChampions": 1792,
      "totalDamageDealtToChampions": 12110,
      "trueDamageDealtPlayer": 35910,
      "trueDamageDealtToChampions": 3054,
      "trueDamageTaken": 799,
      "wardPlaced": 10,
      "neutralMinionsKilledEnemyJungle": 11,
      "neutralMinionsKilledYourJungle": 102,
      "totalTimeCrowdControlDealt": 868
    }
  },
  "43464502": {
    "gameId": 818170184,
    "invalid": false,
    "gameMode": "CLASSIC",
    "gameType": "MATCHED_GAME",
    "subType": "RANKED_SOLO_5x5",
    "mapId": 1,
    "teamId": 100,
    "championId": 89,
    "spell1": 4,
    "spell2": 3,
    "level": 30,
    "ipEarned": 58,
    "createDate": 1398243416484,
    "fellowPlayers": [
      {
        "summonerId": 32498097,
        "teamId": 200,
        "championId": 157
      },
      {
        "summonerId": 34528050,
        "teamId": 200,
        "championId": 31
      },
      {
        "summonerId": 33540096,
        "teamId": 100,
        "championId": 122
      },
      {
        "summonerId": 23938066,
        "teamId": 100,
        "championId": 112
      },
      {
        "summonerId": 27007477,
        "teamId": 100,
        "championId": 119
      },
      {
        "summonerId": 24165449,
        "teamId": 200,
        "championId": 51
      },
      {
        "summonerId": 43464535,
        "teamId": 100,
        "championId": 58
      },
      {
        "summonerId": 30056948,
        "teamId": 200,
        "championId": 54
      },
      {
        "summonerId": 24685239,
        "teamId": 200,
        "championId": 143
      }
    ],
    "stats": {
      "level": 12,
      "goldEarned": 6819,
      "numDeaths": 3,
      "minionsKilled": 19,
      "championsKilled": 1,
      "goldSpent": 6235,
      "totalDamageDealt": 20093,
      "totalDamageTaken": 16398,
      "team": 100,
      "win": false,
      "largestMultiKill": 1,
      "physicalDamageDealtPlayer": 5091,
      "magicDamageDealtPlayer": 15001,
      "physicalDamageTaken": 9030,
      "magicDamageTaken": 5895,
      "timePlayed": 1831,
      "totalHeal": 738,
      "totalUnitsHealed": 1,
      "assists": 7,
      "item0": 3301,
      "item1": 2045,
      "item2": 3047,
      "item3": 3068,
      "item6": 3340,
      "sightWardsBought": 1,
      "visionWardsBought": 3,
      "magicDamageDealtToChampions": 3012,
      "physicalDamageDealtToChampions": 1435,
      "totalDamageDealtToChampions": 4447,
      "trueDamageTaken": 1472,
      "wardKilled": 2,
      "wardPlaced": 30,
      "totalTimeCrowdControlDealt": 81
    }
  },
  "32498097": {
    "gameId": 818170184,
    "invalid": false,
    "gameMode": "CLASSIC",
    "gameType": "MATCHED_GAME",
    "subType": "RANKED_SOLO_5x5",
    "mapId": 1,
    "teamId": 200,
    "championId": 157,
    "spell1": 14,
    "spell2": 4,
    "level": 30,
    "ipEarned": 87,
    "createDate": 1398243416489,
    "fellowPlayers": [
      {
        "summonerId": 34528050,
        "teamId": 200,
        "championId": 31
      },
      {
        "summonerId": 43464502,
        "teamId": 100,
        "championId": 89
      },
      {
        "summonerId": 33540096,
        "teamId": 100,
        "championId": 122
      },
      {
        "summonerId": 23938066,
        "teamId": 100,
        "championId": 112
      },
      {
        "summonerId": 27007477,
        "teamId": 100,
        "championId": 119
      },
      {
        "summonerId": 24165449,
        "teamId": 200,
        "championId": 51
      },
      {
        "summonerId": 43464535,
        "teamId": 100,
        "championId": 58
      },
      {
        "summonerId": 30056948,
        "teamId": 200,
        "championId": 54
      },
      {
        "summonerId": 24685239,
        "teamId": 200,
        "championId": 143
      }
    ],
    "stats": {
      "level": 17,
      "goldEarned": 13187,
      "numDeaths": 8,
      "barracksKilled": 1,
      "turretsKilled": 2,
      "minionsKilled": 106,
      "championsKilled": 10,
      "goldSpent": 11135,
      "totalDamageDealt": 142718,
      "totalDamageTaken": 23164,
      "doubleKills": 1,
      "killingSprees": 2,
      "largestKillingSpree": 6,
      "team": 200,
      "win": true,
      "neutralMinionsKilled": 37,
      "largestMultiKill": 2,
      "physicalDamageDealtPlayer": 115172,
      "magicDamageDealtPlayer": 26534,
      "physicalDamageTaken": 13883,
      "magicDamageTaken": 8327,
      "largestCriticalStrike": 551,
      "timePlayed": 1831,
      "totalHeal": 1773,
      "totalUnitsHealed": 1,
      "assists": 11,
      "item0": 1055,
      "item1": 3087,
      "item2": 3153,
      "item3": 3035,
      "item4": 3006,
      "item5": 1038,
      "item6": 3340,
      "magicDamageDealtToChampions": 4679,
      "physicalDamageDealtToChampions": 18274,
      "totalDamageDealtToChampions": 23622,
      "trueDamageDealtPlayer": 1012,
      "trueDamageDealtToChampions": 668,
      "trueDamageTaken": 953,
      "wardPlaced": 18,
      "neutralMinionsKilledEnemyJungle": 13,
      "neutralMinionsKilledYourJungle": 24,
      "totalTimeCrowdControlDealt": 192
    }
  },
  "24685239": {
    "gameId": 818170184,
    "invalid": false,
    "gameMode": "CLASSIC",
    "gameType": "MATCHED_GAME",
    "subType": "RANKED_SOLO_5x5",
    "mapId": 1,
    "teamId": 200,
    "championId": 143,
    "spell1": 4,
    "spell2": 3,
    "level": 30,
    "ipEarned": 87,
    "createDate": 1398243416485,
    "fellowPlayers": [
      {
        "summonerId": 32498097,
        "teamId": 200,
        "championId": 157
      },
      {
        "summonerId": 34528050,
        "teamId": 200,
        "championId": 31
      },
      {
        "summonerId": 43464502,
        "teamId": 100,
        "championId": 89
      },
      {
        "summonerId": 33540096,
        "teamId": 100,
        "championId": 122
      },
      {
        "summonerId": 23938066,
        "teamId": 100,
        "championId": 112
      },
      {
        "summonerId": 27007477,
        "teamId": 100,
        "championId": 119
      },
      {
        "summonerId": 24165449,
        "teamId": 200,
        "championId": 51
      },
      {
        "summonerId": 43464535,
        "teamId": 100,
        "championId": 58
      },
      {
        "summonerId": 30056948,
        "teamId": 200,
        "championId": 54
      }
    ],
    "stats": {
      "level": 13,
      "goldEarned": 10109,
      "numDeaths": 3,
      "turretsKilled": 1,
      "minionsKilled": 43,
      "championsKilled": 7,
      "goldSpent": 8550,
      "totalDamageDealt": 47184,
      "totalDamageTaken": 8063,
      "doubleKills": 1,
      "killingSprees": 2,
      "largestKillingSpree": 3,
      "team": 200,
      "win": true,
      "neutralMinionsKilled": 2,
      "largestMultiKill": 2,
      "physicalDamageDealtPlayer": 6743,
      "magicDamageDealtPlayer": 39572,
      "physicalDamageTaken": 6156,
      "magicDamageTaken": 1906,
      "timePlayed": 1831,
      "assists": 6,
      "item0": 3098,
      "item1": 2049,
      "item2": 3151,
      "item3": 3028,
      "item4": 3020,
      "item5": 1058,
      "item6": 3340,
      "sightWardsBought": 4,
      "magicDamageDealtToChampions": 13417,
      "physicalDamageDealtToChampions": 1123,
      "totalDamageDealtToChampions": 15168,
      "trueDamageDealtPlayer": 868,
      "trueDamageDealtToChampions": 628,
      "wardKilled": 3,
      "wardPlaced": 15,
      "neutralMinionsKilledEnemyJungle": 2,
      "totalTimeCrowdControlDealt": 308
    }
  },
  "30056948": {
    "gameId": 818170184,
    "invalid": false,
    "gameMode": "CLASSIC",
    "gameType": "MATCHED_GAME",
    "subType": "RANKED_SOLO_5x5",
    "mapId": 1,
    "teamId": 200,
    "championId": 54,
    "spell1": 4,
    "spell2": 14,
    "level": 30,
    "ipEarned": 87,
    "createDate": 1398243416487,
    "fellowPlayers": [
      {
        "summonerId": 32498097,
        "teamId": 200,
        "championId": 157
      },
      {
        "summonerId": 34528050,
        "teamId": 200,
        "championId": 31
      },
      {
        "summonerId": 43464502,
        "teamId": 100,
        "championId": 89
      },
      {
        "summonerId": 33540096,
        "teamId": 100,
        "championId": 122
      },
      {
        "summonerId": 23938066,
        "teamId": 100,
        "championId": 112
      },
      {
        "summonerId": 27007477,
        "teamId": 100,
        "championId": 119
      },
      {
        "summonerId": 24165449,
        "teamId": 200,
        "championId": 51
      },
      {
        "summonerId": 43464535,
        "teamId": 100,
        "championId": 58
      },
      {
        "summonerId": 24685239,
        "teamId": 200,
        "championId": 143
      }
    ],
    "stats": {
      "level": 14,
      "goldEarned": 8590,
      "numDeaths": 6,
      "minionsKilled": 87,
      "goldSpent": 7715,
      "totalDamageDealt": 43831,
      "totalDamageTaken": 14923,
      "team": 200,
      "win": true,
      "neutralMinionsKilled": 1,
      "physicalDamageDealtPlayer": 23299,
      "magicDamageDealtPlayer": 20390,
      "physicalDamageTaken": 12135,
      "magicDamageTaken": 1921,
      "timePlayed": 1831,
      "totalHeal": 1193,
      "totalUnitsHealed": 1,
      "assists": 12,
      "item0": 1054,
      "item1": 1001,
      "item2": 3110,
      "item3": 3068,
      "item4": 1028,
      "item5": 1006,
      "item6": 3340,
      "sightWardsBought": 3,
      "magicDamageDealtToChampions": 5225,
      "physicalDamageDealtToChampions": 2003,
      "totalDamageDealtToChampions": 7370,
      "trueDamageDealtPlayer": 142,
      "trueDamageDealtToChampions": 142,
      "trueDamageTaken": 866,
      "wardPlaced": 9,
      "neutralMinionsKilledEnemyJungle": 1,
      "totalTimeCrowdControlDealt": 740
    }
  }
}