{
  "36791468": {
    "gameId": 818161152,
    "invalid": false,
    "gameMode": "CLASSIC",
    "gameType": "MATCHED_GAME",
    "subType": "RANKED_SOLO_5x5",
    "mapId": 1,
    "teamId": 200,
    "championId": 412,
    "spell1": 4,
    "spell2": 14,
    "level": 30,
    "ipEarned": 54,
    "createDate": 1398242591261,
    "fellowPlayers": [
      {
        "summonerId": 28814014,
        "teamId": 200,
        "championId": 67
      },
      {
        "summonerId": 25823036,
        "teamId": 100,
        "championId": 115
      },
      {
        "summonerId": 23709520,
        "teamId": 100,
        "championId": 56
      },
      {
        "summonerId": 22749245,
        "teamId": 100,
        "championId": 89
      },
      {
        "summonerId": 30046259,
        "teamId": 100,
        "championId": 29
      },
      {
        "summonerId": 30686630,
        "teamId": 200,
        "championId": 75
      },
      {
        "summonerId": 22316488,
        "teamId": 100,
        "championId": 36
      },
      {
        "summonerId": 27666825,
        "teamId": 200,
        "championId": 25
      },
      {
        "summonerId": 36828799,
        "teamId": 200,
        "championId": 77
      }
    ],
    "stats": {
      "level": 12,
      "goldEarned": 6418,
      "numDeaths": 6,
      "minionsKilled": 17,
      "championsKilled": 2,
      "goldSpent": 8365,
      "totalDamageDealt": 14267,
      "totalDamageTaken": 15383,
      "team": 200,
      "win": false,
      "largestMultiKill": 1,
      "physicalDamageDealtPlayer": 3641,
      "magicDamageDealtPlayer": 10197,
      "physicalDamageTaken": 6309,
      "magicDamageTaken": 8650,
      "timePlayed": 1632,
      "totalHeal": 575,
      "totalUnitsHealed": 1,
      "assists": 6,
      "item0": 3070,
      "item1": 3070,
      "item2": 3070,
      "item3": 3070,
      "item4": 1027,
      "item5": 1004,
      "item6": 3341,
      "sightWardsBought": 2,
      "visionWardsBought": 1,
      "magicDamageDealtToChampions": 4085,
      "physicalDamageDealtToChampions": 664,
      "totalDamageDealtToChampions": 5178,
      "trueDamageDealtPlayer": 428,
      "trueDamageDealtToChampions": 428,
      "trueDamageTaken": 424,
      "wardKilled": 1,
      "wardPlaced": 7,
      "totalTimeCrowdControlDealt": 83
    }
  },
  "summonerCount": 10,
  "27666825": {
    "gameId": 818161152,
    "invalid": false,
    "gameMode": "CLASSIC",
    "gameType": "MATCHED_GAME",
    "subType": "RANKED_SOLO_5x5",
    "mapId": 1,
    "teamId": 200,
    "championId": 25,
    "spell1": 14,
    "spell2": 4,
    "level": 30,
    "ipEarned": 54,
    "createDate": 1398242591260,
    "fellowPlayers": [
      {
        "summonerId": 28814014,
        "teamId": 200,
        "championId": 67
      },
      {
        "summonerId": 25823036,
        "teamId": 100,
        "championId": 115
      },
      {
        "summonerId": 36791468,
        "teamId": 200,
        "championId": 412
      },
      {
        "summonerId": 23709520,
        "teamId": 100,
        "championId": 56
      },
      {
        "summonerId": 22749245,
        "teamId": 100,
        "championId": 89
      },
      {
        "summonerId": 30046259,
        "teamId": 100,
        "championId": 29
      },
      {
        "summonerId": 30686630,
        "teamId": 200,
        "championId": 75
      },
      {
        "summonerId": 22316488,
        "teamId": 100,
        "championId": 36
      },
      {
        "summonerId": 36828799,
        "teamId": 200,
        "championId": 77
      }
    ],
    "stats": {
      "level": 12,
      "goldEarned": 7817,
      "numDeaths": 10,
      "minionsKilled": 112,
      "championsKilled": 5,
      "goldSpent": 8310,
      "totalDamageDealt": 59727,
      "totalDamageTaken": 21392,
      "killingSprees": 1,
      "largestKillingSpree": 2,
      "team": 200,
      "win": false,
      "largestMultiKill": 1,
      "physicalDamageDealtPlayer": 8061,
      "magicDamageDealtPlayer": 50896,
      "physicalDamageTaken": 8485,
      "magicDamageTaken": 12329,
      "timePlayed": 1632,
      "totalHeal": 476,
      "totalUnitsHealed": 1,
      "assists": 2,
      "item0": 1058,
      "item1": 3108,
      "item2": 3157,
      "item3": 3020,
      "item6": 3340,
      "magicDamageDealtToChampions": 12036,
      "physicalDamageDealtToChampions": 1019,
      "totalDamageDealtToChampions": 13584,
      "trueDamageDealtPlayer": 770,
      "trueDamageDealtToChampions": 528,
      "trueDamageTaken": 578,
      "wardPlaced": 4,
      "totalTimeCrowdControlDealt": 103
    }
  },
  "23709520": {
    "gameId": 818161152,
    "invalid": false,
    "gameMode": "CLASSIC",
    "gameType": "MATCHED_GAME",
    "subType": "RANKED_SOLO_5x5",
    "mapId": 1,
    "teamId": 100,
    "championId": 56,
    "spell1": 11,
    "spell2": 4,
    "level": 30,
    "ipEarned": 80,
    "createDate": 1398242591255,
    "fellowPlayers": [
      {
        "summonerId": 28814014,
        "teamId": 200,
        "championId": 67
      },
      {
        "summonerId": 25823036,
        "teamId": 100,
        "championId": 115
      },
      {
        "summonerId": 36791468,
        "teamId": 200,
        "championId": 412
      },
      {
        "summonerId": 22749245,
        "teamId": 100,
        "championId": 89
      },
      {
        "summonerId": 30046259,
        "teamId": 100,
        "championId": 29
      },
      {
        "summonerId": 30686630,
        "teamId": 200,
        "championId": 75
      },
      {
        "summonerId": 22316488,
        "teamId": 100,
        "championId": 36
      },
      {
        "summonerId": 27666825,
        "teamId": 200,
        "championId": 25
      },
      {
        "summonerId": 36828799,
        "teamId": 200,
        "championId": 77
      }
    ],
    "stats": {
      "level": 16,
      "goldEarned": 11800,
      "numDeaths": 2,
      "barracksKilled": 1,
      "minionsKilled": 42,
      "championsKilled": 4,
      "goldSpent": 10288,
      "totalDamageDealt": 164828,
      "totalDamageTaken": 21459,
      "killingSprees": 2,
      "largestKillingSpree": 2,
      "team": 100,
      "win": true,
      "neutralMinionsKilled": 105,
      "largestMultiKill": 1,
      "physicalDamageDealtPlayer": 120796,
      "magicDamageDealtPlayer": 34175,
      "physicalDamageTaken": 17728,
      "magicDamageTaken": 2704,
      "timePlayed": 1632,
      "totalHeal": 6945,
      "totalUnitsHealed": 1,
      "assists": 9,
      "item0": 3153,
      "item1": 3160,
      "item2": 3111,
      "item3": 3078,
      "item6": 3341,
      "magicDamageDealtToChampions": 1163,
      "physicalDamageDealtToChampions": 6595,
      "totalDamageDealtToChampions": 7971,
      "trueDamageDealtPlayer": 9856,
      "trueDamageDealtToChampions": 212,
      "trueDamageTaken": 1025,
      "wardKilled": 2,
      "wardPlaced": 6,
      "neutralMinionsKilledEnemyJungle": 11,
      "neutralMinionsKilledYourJungle": 94,
      "totalTimeCrowdControlDealt": 543
    }
  },
  "25823036": {
    "gameId": 818161152,
    "invalid": false,
    "gameMode": "CLASSIC",
    "gameType": "MATCHED_GAME",
    "subType": "RANKED_SOLO_5x5",
    "mapId": 1,
    "teamId": 100,
    "championId": 115,
    "spell1": 14,
    "spell2": 4,
    "level": 30,
    "ipEarned": 80,
    "createDate": 1398242591256,
    "fellowPlayers": [
      {
        "summonerId": 28814014,
        "teamId": 200,
        "championId": 67
      },
      {
        "summonerId": 36791468,
        "teamId": 200,
        "championId": 412
      },
      {
        "summonerId": 23709520,
        "teamId": 100,
        "championId": 56
      },
      {
        "summonerId": 22749245,
        "teamId": 100,
        "championId": 89
      },
      {
        "summonerId": 30046259,
        "teamId": 100,
        "championId": 29
      },
      {
        "summonerId": 30686630,
        "teamId": 200,
        "championId": 75
      },
      {
        "summonerId": 22316488,
        "teamId": 100,
        "championId": 36
      },
      {
        "summonerId": 27666825,
        "teamId": 200,
        "championId": 25
      },
      {
        "summonerId": 36828799,
        "teamId": 200,
        "championId": 77
      }
    ],
    "stats": {
      "level": 17,
      "goldEarned": 14414,
      "numDeaths": 1,
      "turretsKilled": 3,
      "minionsKilled": 196,
      "championsKilled": 15,
      "goldSpent": 9005,
      "totalDamageDealt": 155769,
      "totalDamageTaken": 8833,
      "doubleKills": 3,
      "tripleKills": 1,
      "quadraKills": 1,
      "pentaKills": 1,
      "killingSprees": 2,
      "largestKillingSpree": 11,
      "team": 100,
      "win": true,
      "neutralMinionsKilled": 6,
      "largestMultiKill": 5,
      "physicalDamageDealtPlayer": 17423,
      "magicDamageDealtPlayer": 136993,
      "physicalDamageTaken": 4223,
      "magicDamageTaken": 4073,
      "timePlayed": 1632,
      "totalHeal": 396,
      "totalUnitsHealed": 1,
      "assists": 8,
      "item0": 3174,
      "item1": 3020,
      "item2": 3089,
      "item3": 1026,
      "item4": 1056,
      "item5": 1052,
      "item6": 3340,
      "visionWardsBought": 1,
      "magicDamageDealtToChampions": 31230,
      "physicalDamageDealtToChampions": 1763,
      "totalDamageDealtToChampions": 33889,
      "trueDamageDealtPlayer": 1352,
      "trueDamageDealtToChampions": 896,
      "trueDamageTaken": 536,
      "wardPlaced": 6,
      "neutralMinionsKilledYourJungle": 6,
      "totalTimeCrowdControlDealt": 417
    }
  },
  "30046259": {
    "gameId": 818161152,
    "invalid": false,
    "gameMode": "CLASSIC",
    "gameType": "MATCHED_GAME",
    "subType": "RANKED_SOLO_5x5",
    "mapId": 1,
    "teamId": 100,
    "championId": 29,
    "spell1": 7,
    "spell2": 4,
    "level": 30,
    "ipEarned": 230,
    "createDate": 1398242591257,
    "fellowPlayers": [
      {
        "summonerId": 28814014,
        "teamId": 200,
        "championId": 67
      },
      {
        "summonerId": 25823036,
        "teamId": 100,
        "championId": 115
      },
      {
        "summonerId": 36791468,
        "teamId": 200,
        "championId": 412
      },
      {
        "summonerId": 23709520,
        "teamId": 100,
        "championId": 56
      },
      {
        "summonerId": 22749245,
        "teamId": 100,
        "championId": 89
      },
      {
        "summonerId": 30686630,
        "teamId": 200,
        "championId": 75
      },
      {
        "summonerId": 22316488,
        "teamId": 100,
        "championId": 36
      },
      {
        "summonerId": 27666825,
        "teamId": 200,
        "championId": 25
      },
      {
        "summonerId": 36828799,
        "teamId": 200,
        "championId": 77
      }
    ],
    "stats": {
      "level": 15,
      "goldEarned": 11262,
      "numDeaths": 5,
      "turretsKilled": 1,
      "minionsKilled": 176,
      "championsKilled": 7,
      "goldSpent": 8960,
      "totalDamageDealt": 86982,
      "totalDamageTaken": 15137,
      "doubleKills": 2,
      "killingSprees": 2,
      "largestKillingSpree": 5,
      "team": 100,
      "win": true,
      "largestMultiKill": 2,
      "physicalDamageDealtPlayer": 81846,
      "magicDamageDealtPlayer": 366,
      "physicalDamageTaken": 9281,
      "magicDamageTaken": 4670,
      "largestCriticalStrike": 597,
      "timePlayed": 1632,
      "totalHeal": 2216,
      "totalUnitsHealed": 2,
      "assists": 4,
      "item0": 1055,
      "item1": 3046,
      "item2": 3072,
      "item3": 3006,
      "item4": 1038,
      "item6": 3340,
      "magicDamageDealtToChampions": 316,
      "physicalDamageDealtToChampions": 10744,
      "totalDamageDealtToChampions": 12560,
      "trueDamageDealtPlayer": 4770,
      "trueDamageDealtToChampions": 1500,
      "trueDamageTaken": 1185,
      "wardPlaced": 5,
      "totalTimeCrowdControlDealt": 171
    }
  },
  "30686630": {
    "gameId": 818161152,
    "invalid": false,
    "gameMode": "CLASSIC",
    "gameType": "MATCHED_GAME",
    "subType": "RANKED_SOLO_5x5",
    "mapId": 1,
    "teamId": 200,
    "championId": 75,
    "spell1": 4,
    "spell2": 12,
    "level": 30,
    "ipEarned": 54,
    "createDate": 1398242591262,
    "fellowPlayers": [
      {
        "summonerId": 28814014,
        "teamId": 200,
        "championId": 67
      },
      {
        "summonerId": 25823036,
        "teamId": 100,
        "championId": 115
      },
      {
        "summonerId": 36791468,
        "teamId": 200,
        "championId": 412
      },
      {
        "summonerId": 23709520,
        "teamId": 100,
        "championId": 56
      },
      {
        "summonerId": 22749245,
        "teamId": 100,
        "championId": 89
      },
      {
        "summonerId": 30046259,
        "teamId": 100,
        "championId": 29
      },
      {
        "summonerId": 22316488,
        "teamId": 100,
        "championId": 36
      },
      {
        "summonerId": 27666825,
        "teamId": 200,
        "championId": 25
      },
      {
        "summonerId": 36828799,
        "teamId": 200,
        "championId": 77
      }
    ],
    "stats": {
      "level": 13,
      "goldEarned": 7251,
      "numDeaths": 8,
      "turretsKilled": 1,
      "minionsKilled": 157,
      "championsKilled": 1,
      "goldSpent": 7173,
      "totalDamageDealt": 72914,
      "totalDamageTaken": 25123,
      "team": 200,
      "win": false,
      "largestMultiKill": 1,
      "physicalDamageDealtPlayer": 60744,
      "magicDamageDealtPlayer": 12170,
      "physicalDamageTaken": 10997,
      "magicDamageTaken": 13896,
      "timePlayed": 1632,
      "assists": 3,
      "item0": 3078,
      "item1": 3009,
      "item2": 3067,
      "item3": 3211,
      "item4": 2044,
      "item6": 3340,
      "sightWardsBought": 2,
      "magicDamageDealtToChampions": 4197,
      "physicalDamageDealtToChampions": 6810,
      "totalDamageDealtToChampions": 11008,
      "trueDamageTaken": 230,
      "wardPlaced": 5,
      "totalTimeCrowdControlDealt": 68
    }
  },
  "36828799": {
    "gameId": 818161152,
    "invalid": false,
    "gameMode": "CLASSIC",
    "gameType": "MATCHED_GAME",
    "subType": "RANKED_SOLO_5x5",
    "mapId": 1,
    "teamId": 200,
    "championId": 77,
    "spell1": 4,
    "spell2": 11,
    "level": 30,
    "ipEarned": 54,
    "createDate": 1398242591264,
    "fellowPlayers": [
      {
        "summonerId": 28814014,
        "teamId": 200,
        "championId": 67
      },
      {
        "summonerId": 25823036,
        "teamId": 100,
        "championId": 115
      },
      {
        "summonerId": 36791468,
        "teamId": 200,
        "championId": 412
      },
      {
        "summonerId": 23709520,
        "teamId": 100,
        "championId": 56
      },
      {
        "summonerId": 22749245,
        "teamId": 100,
        "championId": 89
      },
      {
        "summonerId": 30046259,
        "teamId": 100,
        "championId": 29
      },
      {
        "summonerId": 30686630,
        "teamId": 200,
        "championId": 75
      },
      {
        "summonerId": 22316488,
        "teamId": 100,
        "championId": 36
      },
      {
        "summonerId": 27666825,
        "teamId": 200,
        "championId": 25
      }
    ],
    "stats": {
      "level": 15,
      "goldEarned": 8646,
      "numDeaths": 4,
      "minionsKilled": 35,
      "championsKilled": 2,
      "goldSpent": 9295,
      "totalDamageDealt": 167908,
      "totalDamageTaken": 23660,
      "team": 200,
      "win": false,
      "neutralMinionsKilled": 118,
      "largestMultiKill": 1,
      "physicalDamageDealtPlayer": 59792,
      "magicDamageDealtPlayer": 100899,
      "physicalDamageTaken": 14221,
      "magicDamageTaken": 8954,
      "timePlayed": 1632,
      "totalHeal": 6145,
      "totalUnitsHealed": 1,
      "assists": 5,
      "item0": 3111,
      "item1": 3068,
      "item2": 3160,
      "item3": 3044,
      "item4": 3086,
      "item6": 3340,
      "magicDamageDealtToChampions": 3018,
      "physicalDamageDealtToChampions": 5165,
      "totalDamageDealtToChampions": 8473,
      "trueDamageDealtPlayer": 7216,
      "trueDamageDealtToChampions": 290,
      "trueDamageTaken": 484,
      "wardPlaced": 11,
      "neutralMinionsKilledEnemyJungle": 9,
      "neutralMinionsKilledYourJungle": 109,
      "totalTimeCrowdControlDealt": 622
    }
  },
  "22749245": {
    "gameId": 818161152,
    "invalid": false,
    "gameMode": "CLASSIC",
    "gameType": "MATCHED_GAME",
    "subType": "RANKED_SOLO_5x5",
    "mapId": 1,
    "teamId": 100,
    "championId": 89,
    "spell1": 3,
    "spell2": 4,
    "level": 30,
    "ipEarned": 80,
    "createDate": 1398242591258,
    "fellowPlayers": [
      {
        "summonerId": 28814014,
        "teamId": 200,
        "championId": 67
      },
      {
        "summonerId": 25823036,
        "teamId": 100,
        "championId": 115
      },
      {
        "summonerId": 36791468,
        "teamId": 200,
        "championId": 412
      },
      {
        "summonerId": 23709520,
        "teamId": 100,
        "championId": 56
      },
      {
        "summonerId": 30046259,
        "teamId": 100,
        "championId": 29
      },
      {
        "summonerId": 30686630,
        "teamId": 200,
        "championId": 75
      },
      {
        "summonerId": 22316488,
        "teamId": 100,
        "championId": 36
      },
      {
        "summonerId": 27666825,
        "teamId": 200,
        "championId": 25
      },
      {
        "summonerId": 36828799,
        "teamId": 200,
        "championId": 77
      }
    ],
    "stats": {
      "level": 15,
      "goldEarned": 9322,
      "numDeaths": 2,
      "turretsKilled": 1,
      "minionsKilled": 33,
      "championsKilled": 4,
      "goldSpent": 5990,
      "totalDamageDealt": 26128,
      "totalDamageTaken": 15859,
      "killingSprees": 1,
      "largestKillingSpree": 2,
      "team": 100,
      "win": true,
      "neutralMinionsKilled": 1,
      "largestMultiKill": 1,
      "physicalDamageDealtPlayer": 11227,
      "magicDamageDealtPlayer": 11578,
      "physicalDamageTaken": 8444,
      "magicDamageTaken": 4938,
      "timePlayed": 1632,
      "totalHeal": 1987,
      "totalUnitsHealed": 5,
      "assists": 18,
      "item0": 2049,
      "item1": 3111,
      "item2": 3097,
      "item3": 1054,
      "item4": 3068,
      "item6": 3341,
      "magicDamageDealtToChampions": 6720,
      "physicalDamageDealtToChampions": 2785,
      "totalDamageDealtToChampions": 9506,
      "trueDamageDealtPlayer": 3322,
      "trueDamageTaken": 2475,
      "wardPlaced": 6,
      "neutralMinionsKilledEnemyJungle": 1,
      "totalTimeCrowdControlDealt": 60
    }
  },
  "28814014": {
    "gameId": 818161152,
    "invalid": false,
    "gameMode": "CLASSIC",
    "gameType": "MATCHED_GAME",
    "subType": "RANKED_SOLO_5x5",
    "mapId": 1,
    "teamId": 200,
    "championId": 67,
    "spell1": 7,
    "spell2": 4,
    "level": 30,
    "ipEarned": 54,
    "createDate": 1398242591259,
    "fellowPlayers": [
      {
        "summonerId": 25823036,
        "teamId": 100,
        "championId": 115
      },
      {
        "summonerId": 36791468,
        "teamId": 200,
        "championId": 412
      },
      {
        "summonerId": 23709520,
        "teamId": 100,
        "championId": 56
      },
      {
        "summonerId": 22749245,
        "teamId": 100,
        "championId": 89
      },
      {
        "summonerId": 30046259,
        "teamId": 100,
        "championId": 29
      },
      {
        "summonerId": 30686630,
        "teamId": 200,
        "championId": 75
      },
      {
        "summonerId": 22316488,
        "teamId": 100,
        "championId": 36
      },
      {
        "summonerId": 27666825,
        "teamId": 200,
        "championId": 25
      },
      {
        "summonerId": 36828799,
        "teamId": 200,
        "championId": 77
      }
    ],
    "stats": {
      "level": 13,
      "goldEarned": 8217,
      "numDeaths": 9,
      "minionsKilled": 132,
      "championsKilled": 4,
      "goldSpent": 7550,
      "totalDamageDealt": 67713,
      "totalDamageTaken": 19215,
      "killingSprees": 1,
      "largestKillingSpree": 2,
      "team": 200,
      "win": false,
      "neutralMinionsKilled": 4,
      "largestMultiKill": 1,
      "physicalDamageDealtPlayer": 56098,
      "magicDamageDealtPlayer": 119,
      "physicalDamageTaken": 9671,
      "magicDamageTaken": 8472,
      "largestCriticalStrike": 333,
      "timePlayed": 1632,
      "totalHeal": 2818,
      "totalUnitsHealed": 3,
      "assists": 5,
      "item0": 1055,
      "item1": 3046,
      "item2": 3153,
      "item3": 3006,
      "item6": 3340,
      "magicDamageDealtToChampions": 119,
      "physicalDamageDealtToChampions": 12360,
      "totalDamageDealtToChampions": 18808,
      "trueDamageDealtPlayer": 11495,
      "trueDamageDealtToChampions": 6328,
      "trueDamageTaken": 1072,
      "wardKilled": 2,
      "wardPlaced": 3,
      "neutralMinionsKilledYourJungle": 4,
      "totalTimeCrowdControlDealt": 15
    }
  },
  "36791468": {
    "gameId": 818161152,
    "invalid": false,
    "gameMode": "CLASSIC",
    "gameType": "MATCHED_GAME",
    "subType": "RANKED_SOLO_5x5",
    "mapId": 1,
    "teamId": 200,
    "championId": 412,
    "spell1": 4,
    "spell2": 14,
    "level": 30,
    "ipEarned": 54,
    "createDate": 1398242591261,
    "fellowPlayers": [
      {
        "summonerId": 28814014,
        "teamId": 200,
        "championId": 67
      },
      {
        "summonerId": 25823036,
        "teamId": 100,
        "championId": 115
      },
      {
        "summonerId": 23709520,
        "teamId": 100,
        "championId": 56
      },
      {
        "summonerId": 22749245,
        "teamId": 100,
        "championId": 89
      },
      {
        "summonerId": 30046259,
        "teamId": 100,
        "championId": 29
      },
      {
        "summonerId": 30686630,
        "teamId": 200,
        "championId": 75
      },
      {
        "summonerId": 22316488,
        "teamId": 100,
        "championId": 36
      },
      {
        "summonerId": 27666825,
        "teamId": 200,
        "championId": 25
      },
      {
        "summonerId": 36828799,
        "teamId": 200,
        "championId": 77
      }
    ],
    "stats": {
      "level": 12,
      "goldEarned": 6418,
      "numDeaths": 6,
      "minionsKilled": 17,
      "championsKilled": 2,
      "goldSpent": 8365,
      "totalDamageDealt": 14267,
      "totalDamageTaken": 15383,
      "team": 200,
      "win": false,
      "largestMultiKill": 1,
      "physicalDamageDealtPlayer": 3641,
      "magicDamageDealtPlayer": 10197,
      "physicalDamageTaken": 6309,
      "magicDamageTaken": 8650,
      "timePlayed": 1632,
      "totalHeal": 575,
      "totalUnitsHealed": 1,
      "assists": 6,
      "item0": 3070,
      "item1": 3070,
      "item2": 3070,
      "item3": 3070,
      "item4": 1027,
      "item5": 1004,
      "item6": 3341,
      "sightWardsBought": 2,
      "visionWardsBought": 1,
      "magicDamageDealtToChampions": 4085,
      "physicalDamageDealtToChampions": 664,
      "totalDamageDealtToChampions": 5178,
      "trueDamageDealtPlayer": 428,
      "trueDamageDealtToChampions": 428,
      "trueDamageTaken": 424,
      "wardKilled": 1,
      "wardPlaced": 7,
      "totalTimeCrowdControlDealt": 83
    }
  }
}