{
  "40388094": {
    "gameId": 818161870,
    "invalid": false,
    "gameMode": "CLASSIC",
    "gameType": "MATCHED_GAME",
    "subType": "NORMAL",
    "mapId": 1,
    "teamId": 200,
    "championId": 133,
    "spell1": 7,
    "spell2": 4,
    "level": 30,
    "ipEarned": 60,
    "createDate": 1398243044397,
    "fellowPlayers": [
      {
        "summonerId": 40375825,
        "teamId": 200,
        "championId": 267
      },
      {
        "summonerId": 20767833,
        "teamId": 100,
        "championId": 29
      },
      {
        "summonerId": 38832530,
        "teamId": 100,
        "championId": 28
      },
      {
        "summonerId": 25112559,
        "teamId": 200,
        "championId": 58
      },
      {
        "summonerId": 36877528,
        "teamId": 100,
        "championId": 80
      },
      {
        "summonerId": 40064514,
        "teamId": 100,
        "championId": 115
      },
      {
        "summonerId": 37149034,
        "teamId": 200,
        "championId": 64
      },
      {
        "summonerId": 41072736,
        "teamId": 200,
        "championId": 7
      },
      {
        "summonerId": 41604118,
        "teamId": 100,
        "championId": 267
      }
    ],
    "stats": {
      "level": 13,
      "goldEarned": 8485,
      "numDeaths": 12,
      "turretsKilled": 1,
      "minionsKilled": 73,
      "championsKilled": 3,
      "goldSpent": 7385,
      "totalDamageDealt": 72013,
      "totalDamageTaken": 28247,
      "team": 200,
      "win": false,
      "neutralMinionsKilled": 11,
      "largestMultiKill": 1,
      "physicalDamageDealtPlayer": 71451,
      "magicDamageDealtPlayer": 561,
      "physicalDamageTaken": 17542,
      "magicDamageTaken": 9659,
      "timePlayed": 1898,
      "totalHeal": 2369,
      "totalUnitsHealed": 2,
      "assists": 5,
      "item0": 1055,
      "item1": 3072,
      "item2": 3250,
      "item3": 3035,
      "item6": 3340,
      "physicalDamageDealtToChampions": 7534,
      "totalDamageDealtToChampions": 7534,
      "trueDamageTaken": 1045,
      "wardPlaced": 4,
      "neutralMinionsKilledEnemyJungle": 2,
      "neutralMinionsKilledYourJungle": 9,
      "totalTimeCrowdControlDealt": 148
    }
  },
  "summonerCount": 10,
  "37149034": {
    "gameId": 818161870,
    "invalid": false,
    "gameMode": "CLASSIC",
    "gameType": "MATCHED_GAME",
    "subType": "NORMAL",
    "mapId": 1,
    "teamId": 200,
    "championId": 64,
    "spell1": 11,
    "spell2": 4,
    "level": 30,
    "ipEarned": 60,
    "createDate": 1398243044400,
    "fellowPlayers": [
      {
        "summonerId": 40375825,
        "teamId": 200,
        "championId": 267
      },
      {
        "summonerId": 20767833,
        "teamId": 100,
        "championId": 29
      },
      {
        "summonerId": 38832530,
        "teamId": 100,
        "championId": 28
      },
      {
        "summonerId": 25112559,
        "teamId": 200,
        "championId": 58
      },
      {
        "summonerId": 36877528,
        "teamId": 100,
        "championId": 80
      },
      {
        "summonerId": 40064514,
        "teamId": 100,
        "championId": 115
      },
      {
        "summonerId": 40388094,
        "teamId": 200,
        "championId": 133
      },
      {
        "summonerId": 41072736,
        "teamId": 200,
        "championId": 7
      },
      {
        "summonerId": 41604118,
        "teamId": 100,
        "championId": 267
      }
    ],
    "stats": {
      "level": 15,
      "goldEarned": 10129,
      "numDeaths": 5,
      "minionsKilled": 44,
      "championsKilled": 7,
      "goldSpent": 9615,
      "totalDamageDealt": 111336,
      "totalDamageTaken": 31888,
      "killingSprees": 2,
      "largestKillingSpree": 3,
      "team": 200,
      "win": false,
      "neutralMinionsKilled": 74,
      "largestMultiKill": 1,
      "physicalDamageDealtPlayer": 49855,
      "magicDamageDealtPlayer": 50149,
      "physicalDamageTaken": 17889,
      "magicDamageTaken": 13301,
      "timePlayed": 1898,
      "totalHeal": 3548,
      "totalUnitsHealed": 1,
      "assists": 6,
      "item0": 3154,
      "item1": 3143,
      "item2": 3068,
      "item3": 3265,
      "item6": 3340,
      "magicDamageDealtToChampions": 3187,
      "physicalDamageDealtToChampions": 8416,
      "totalDamageDealtToChampions": 11736,
      "trueDamageDealtPlayer": 11332,
      "trueDamageDealtToChampions": 132,
      "trueDamageTaken": 698,
      "wardPlaced": 5,
      "neutralMinionsKilledEnemyJungle": 3,
      "neutralMinionsKilledYourJungle": 71,
      "totalTimeCrowdControlDealt": 748
    }
  },
  "20767833": {
    "gameId": 818161870,
    "invalid": false,
    "gameMode": "CLASSIC",
    "gameType": "MATCHED_GAME",
    "subType": "NORMAL",
    "mapId": 1,
    "teamId": 100,
    "championId": 29,
    "spell1": 4,
    "spell2": 21,
    "level": 30,
    "ipEarned": 239,
    "createDate": 1398243044393,
    "fellowPlayers": [
      {
        "summonerId": 40375825,
        "teamId": 200,
        "championId": 267
      },
      {
        "summonerId": 38832530,
        "teamId": 100,
        "championId": 28
      },
      {
        "summonerId": 25112559,
        "teamId": 200,
        "championId": 58
      },
      {
        "summonerId": 36877528,
        "teamId": 100,
        "championId": 80
      },
      {
        "summonerId": 40064514,
        "teamId": 100,
        "championId": 115
      },
      {
        "summonerId": 40388094,
        "teamId": 200,
        "championId": 133
      },
      {
        "summonerId": 37149034,
        "teamId": 200,
        "championId": 64
      },
      {
        "summonerId": 41072736,
        "teamId": 200,
        "championId": 7
      },
      {
        "summonerId": 41604118,
        "teamId": 100,
        "championId": 267
      }
    ],
    "stats": {
      "level": 15,
      "goldEarned": 12825,
      "numDeaths": 8,
      "turretsKilled": 3,
      "minionsKilled": 136,
      "championsKilled": 12,
      "goldSpent": 11315,
      "totalDamageDealt": 121152,
      "totalDamageTaken": 15263,
      "doubleKills": 1,
      "killingSprees": 2,
      "largestKillingSpree": 5,
      "team": 100,
      "win": true,
      "neutralMinionsKilled": 10,
      "largestMultiKill": 2,
      "physicalDamageDealtPlayer": 113479,
      "magicDamageDealtPlayer": 1023,
      "physicalDamageTaken": 11475,
      "magicDamageTaken": 3618,
      "largestCriticalStrike": 712,
      "timePlayed": 1898,
      "totalHeal": 1287,
      "totalUnitsHealed": 1,
      "assists": 9,
      "item0": 1055,
      "item1": 3006,
      "item2": 3031,
      "item3": 3046,
      "item4": 3072,
      "item6": 3340,
      "magicDamageDealtToChampions": 391,
      "physicalDamageDealtToChampions": 20555,
      "totalDamageDealtToChampions": 24235,
      "trueDamageDealtPlayer": 6650,
      "trueDamageDealtToChampions": 3288,
      "trueDamageTaken": 170,
      "wardPlaced": 5,
      "neutralMinionsKilledEnemyJungle": 7,
      "neutralMinionsKilledYourJungle": 3,
      "totalTimeCrowdControlDealt": 327
    }
  },
  "25112559": {
    "gameId": 818161870,
    "invalid": false,
    "gameMode": "CLASSIC",
    "gameType": "MATCHED_GAME",
    "subType": "NORMAL",
    "mapId": 1,
    "teamId": 200,
    "championId": 58,
    "spell1": 14,
    "spell2": 4,
    "level": 30,
    "ipEarned": 60,
    "createDate": 1398243044398,
    "fellowPlayers": [
      {
        "summonerId": 40375825,
        "teamId": 200,
        "championId": 267
      },
      {
        "summonerId": 20767833,
        "teamId": 100,
        "championId": 29
      },
      {
        "summonerId": 38832530,
        "teamId": 100,
        "championId": 28
      },
      {
        "summonerId": 36877528,
        "teamId": 100,
        "championId": 80
      },
      {
        "summonerId": 40064514,
        "teamId": 100,
        "championId": 115
      },
      {
        "summonerId": 40388094,
        "teamId": 200,
        "championId": 133
      },
      {
        "summonerId": 37149034,
        "teamId": 200,
        "championId": 64
      },
      {
        "summonerId": 41072736,
        "teamId": 200,
        "championId": 7
      },
      {
        "summonerId": 41604118,
        "teamId": 100,
        "championId": 267
      }
    ],
    "stats": {
      "level": 16,
      "goldEarned": 12828,
      "numDeaths": 7,
      "turretsKilled": 1,
      "minionsKilled": 205,
      "championsKilled": 10,
      "goldSpent": 12712,
      "totalDamageDealt": 127287,
      "totalDamageTaken": 34867,
      "doubleKills": 2,
      "killingSprees": 3,
      "largestKillingSpree": 4,
      "team": 200,
      "win": false,
      "neutralMinionsKilled": 4,
      "largestMultiKill": 2,
      "physicalDamageDealtPlayer": 116237,
      "magicDamageDealtPlayer": 10423,
      "physicalDamageTaken": 25915,
      "magicDamageTaken": 7306,
      "timePlayed": 1898,
      "totalHeal": 5083,
      "totalUnitsHealed": 1,
      "assists": 5,
      "item0": 1055,
      "item1": 3074,
      "item2": 3265,
      "item3": 3065,
      "item4": 3068,
      "item5": 3134,
      "item6": 3340,
      "magicDamageDealtToChampions": 3380,
      "physicalDamageDealtToChampions": 19565,
      "totalDamageDealtToChampions": 23572,
      "trueDamageDealtPlayer": 626,
      "trueDamageDealtToChampions": 626,
      "trueDamageTaken": 1644,
      "wardPlaced": 4,
      "neutralMinionsKilledYourJungle": 4,
      "totalTimeCrowdControlDealt": 35
    }
  },
  "41604118": {
    "gameId": 818161870,
    "invalid": false,
    "gameMode": "CLASSIC",
    "gameType": "MATCHED_GAME",
    "subType": "NORMAL",
    "mapId": 1,
    "teamId": 100,
    "championId": 267,
    "spell1": 4,
    "spell2": 3,
    "level": 30,
    "ipEarned": 89,
    "createDate": 1398243044395,
    "fellowPlayers": [
      {
        "summonerId": 40375825,
        "teamId": 200,
        "championId": 267
      },
      {
        "summonerId": 20767833,
        "teamId": 100,
        "championId": 29
      },
      {
        "summonerId": 38832530,
        "teamId": 100,
        "championId": 28
      },
      {
        "summonerId": 25112559,
        "teamId": 200,
        "championId": 58
      },
      {
        "summonerId": 36877528,
        "teamId": 100,
        "championId": 80
      },
      {
        "summonerId": 40064514,
        "teamId": 100,
        "championId": 115
      },
      {
        "summonerId": 40388094,
        "teamId": 200,
        "championId": 133
      },
      {
        "summonerId": 37149034,
        "teamId": 200,
        "championId": 64
      },
      {
        "summonerId": 41072736,
        "teamId": 200,
        "championId": 7
      }
    ],
    "stats": {
      "level": 14,
      "goldEarned": 10786,
      "numDeaths": 4,
      "minionsKilled": 25,
      "championsKilled": 4,
      "goldSpent": 9700,
      "totalDamageDealt": 35954,
      "totalDamageTaken": 14374,
      "doubleKills": 1,
      "killingSprees": 2,
      "largestKillingSpree": 2,
      "team": 100,
      "win": true,
      "largestMultiKill": 2,
      "physicalDamageDealtPlayer": 9963,
      "magicDamageDealtPlayer": 25991,
      "physicalDamageTaken": 9726,
      "magicDamageTaken": 4191,
      "timePlayed": 1898,
      "totalHeal": 7501,
      "totalUnitsHealed": 5,
      "assists": 23,
      "item0": 2049,
      "item1": 2004,
      "item2": 3151,
      "item3": 3110,
      "item4": 3098,
      "item5": 3111,
      "item6": 3340,
      "sightWardsBought": 8,
      "magicDamageDealtToChampions": 11673,
      "physicalDamageDealtToChampions": 2704,
      "totalDamageDealtToChampions": 14378,
      "trueDamageTaken": 456,
      "wardPlaced": 29,
      "totalTimeCrowdControlDealt": 294
    }
  },
  "40064514": {
    "gameId": 818161870,
    "invalid": false,
    "gameMode": "CLASSIC",
    "gameType": "MATCHED_GAME",
    "subType": "NORMAL",
    "mapId": 1,
    "teamId": 100,
    "championId": 115,
    "spell1": 4,
    "spell2": 14,
    "level": 30,
    "ipEarned": 239,
    "createDate": 1398243044391,
    "fellowPlayers": [
      {
        "summonerId": 40375825,
        "teamId": 200,
        "championId": 267
      },
      {
        "summonerId": 20767833,
        "teamId": 100,
        "championId": 29
      },
      {
        "summonerId": 38832530,
        "teamId": 100,
        "championId": 28
      },
      {
        "summonerId": 25112559,
        "teamId": 200,
        "championId": 58
      },
      {
        "summonerId": 36877528,
        "teamId": 100,
        "championId": 80
      },
      {
        "summonerId": 40388094,
        "teamId": 200,
        "championId": 133
      },
      {
        "summonerId": 37149034,
        "teamId": 200,
        "championId": 64
      },
      {
        "summonerId": 41072736,
        "teamId": 200,
        "championId": 7
      },
      {
        "summonerId": 41604118,
        "teamId": 100,
        "championId": 267
      }
    ],
    "stats": {
      "level": 15,
      "goldEarned": 11575,
      "numDeaths": 3,
      "barracksKilled": 1,
      "turretsKilled": 1,
      "minionsKilled": 117,
      "championsKilled": 10,
      "goldSpent": 10575,
      "totalDamageDealt": 97450,
      "totalDamageTaken": 12742,
      "doubleKills": 3,
      "killingSprees": 2,
      "largestKillingSpree": 7,
      "team": 100,
      "win": true,
      "neutralMinionsKilled": 3,
      "largestMultiKill": 2,
      "physicalDamageDealtPlayer": 20991,
      "magicDamageDealtPlayer": 76095,
      "physicalDamageTaken": 9053,
      "magicDamageTaken": 3064,
      "timePlayed": 1898,
      "totalHeal": 307,
      "totalUnitsHealed": 1,
      "assists": 11,
      "item0": 1056,
      "item1": 3174,
      "item2": 3089,
      "item3": 3020,
      "item4": 3100,
      "item6": 3340,
      "magicDamageDealtToChampions": 26817,
      "physicalDamageDealtToChampions": 1569,
      "totalDamageDealtToChampions": 28716,
      "trueDamageDealtPlayer": 364,
      "trueDamageDealtToChampions": 330,
      "trueDamageTaken": 624,
      "wardPlaced": 8,
      "neutralMinionsKilledYourJungle": 3,
      "totalTimeCrowdControlDealt": 236
    }
  },
  "36877528": {
    "gameId": 818161870,
    "invalid": false,
    "gameMode": "CLASSIC",
    "gameType": "MATCHED_GAME",
    "subType": "NORMAL",
    "mapId": 1,
    "teamId": 100,
    "championId": 80,
    "spell1": 4,
    "spell2": 12,
    "level": 30,
    "ipEarned": 239,
    "createDate": 1398243044394,
    "fellowPlayers": [
      {
        "summonerId": 40375825,
        "teamId": 200,
        "championId": 267
      },
      {
        "summonerId": 20767833,
        "teamId": 100,
        "championId": 29
      },
      {
        "summonerId": 38832530,
        "teamId": 100,
        "championId": 28
      },
      {
        "summonerId": 25112559,
        "teamId": 200,
        "championId": 58
      },
      {
        "summonerId": 40064514,
        "teamId": 100,
        "championId": 115
      },
      {
        "summonerId": 40388094,
        "teamId": 200,
        "championId": 133
      },
      {
        "summonerId": 37149034,
        "teamId": 200,
        "championId": 64
      },
      {
        "summonerId": 41072736,
        "teamId": 200,
        "championId": 7
      },
      {
        "summonerId": 41604118,
        "teamId": 100,
        "championId": 267
      }
    ],
    "stats": {
      "level": 15,
      "goldEarned": 10807,
      "numDeaths": 8,
      "minionsKilled": 140,
      "championsKilled": 8,
      "goldSpent": 9645,
      "totalDamageDealt": 106520,
      "totalDamageTaken": 25004,
      "killingSprees": 2,
      "largestKillingSpree": 2,
      "team": 100,
      "win": true,
      "largestMultiKill": 1,
      "physicalDamageDealtPlayer": 102544,
      "magicDamageDealtPlayer": 3975,
      "physicalDamageTaken": 17414,
      "magicDamageTaken": 6899,
      "largestCriticalStrike": 641,
      "timePlayed": 1898,
      "totalHeal": 2072,
      "totalUnitsHealed": 1,
      "assists": 12,
      "item0": 1055,
      "item1": 3074,
      "item2": 1001,
      "item3": 3071,
      "item4": 3035,
      "item6": 3340,
      "magicDamageDealtToChampions": 987,
      "physicalDamageDealtToChampions": 27307,
      "totalDamageDealtToChampions": 28294,
      "trueDamageTaken": 690,
      "wardPlaced": 8,
      "totalTimeCrowdControlDealt": 46
    }
  },
  "38832530": {
    "gameId": 818161870,
    "invalid": false,
    "gameMode": "CLASSIC",
    "gameType": "MATCHED_GAME",
    "subType": "NORMAL",
    "mapId": 1,
    "teamId": 100,
    "championId": 28,
    "spell1": 11,
    "spell2": 3,
    "level": 30,
    "ipEarned": 239,
    "createDate": 1398243044390,
    "fellowPlayers": [
      {
        "summonerId": 40375825,
        "teamId": 200,
        "championId": 267
      },
      {
        "summonerId": 20767833,
        "teamId": 100,
        "championId": 29
      },
      {
        "summonerId": 25112559,
        "teamId": 200,
        "championId": 58
      },
      {
        "summonerId": 36877528,
        "teamId": 100,
        "championId": 80
      },
      {
        "summonerId": 40064514,
        "teamId": 100,
        "championId": 115
      },
      {
        "summonerId": 40388094,
        "teamId": 200,
        "championId": 133
      },
      {
        "summonerId": 37149034,
        "teamId": 200,
        "championId": 64
      },
      {
        "summonerId": 41072736,
        "teamId": 200,
        "championId": 7
      },
      {
        "summonerId": 41604118,
        "teamId": 100,
        "championId": 267
      }
    ],
    "stats": {
      "level": 15,
      "goldEarned": 10723,
      "numDeaths": 2,
      "turretsKilled": 1,
      "minionsKilled": 37,
      "championsKilled": 8,
      "goldSpent": 8770,
      "totalDamageDealt": 80212,
      "totalDamageTaken": 17964,
      "doubleKills": 1,
      "killingSprees": 2,
      "largestKillingSpree": 4,
      "team": 100,
      "win": true,
      "neutralMinionsKilled": 45,
      "largestMultiKill": 2,
      "physicalDamageDealtPlayer": 35465,
      "magicDamageDealtPlayer": 39759,
      "physicalDamageTaken": 13978,
      "magicDamageTaken": 3513,
      "timePlayed": 1898,
      "totalHeal": 1655,
      "totalUnitsHealed": 1,
      "assists": 12,
      "item0": 3143,
      "item1": 3153,
      "item2": 3209,
      "item4": 1001,
      "item6": 3340,
      "magicDamageDealtToChampions": 7124,
      "physicalDamageDealtToChampions": 5772,
      "totalDamageDealtToChampions": 13755,
      "trueDamageDealtPlayer": 4987,
      "trueDamageDealtToChampions": 858,
      "trueDamageTaken": 472,
      "wardPlaced": 3,
      "neutralMinionsKilledEnemyJungle": 5,
      "neutralMinionsKilledYourJungle": 40,
      "totalTimeCrowdControlDealt": 307
    }
  },
  "40375825": {
    "gameId": 818161870,
    "invalid": false,
    "gameMode": "CLASSIC",
    "gameType": "MATCHED_GAME",
    "subType": "NORMAL",
    "mapId": 1,
    "teamId": 200,
    "championId": 267,
    "spell1": 4,
    "spell2": 14,
    "level": 30,
    "ipEarned": 60,
    "createDate": 1398243044399,
    "fellowPlayers": [
      {
        "summonerId": 20767833,
        "teamId": 100,
        "championId": 29
      },
      {
        "summonerId": 38832530,
        "teamId": 100,
        "championId": 28
      },
      {
        "summonerId": 25112559,
        "teamId": 200,
        "championId": 58
      },
      {
        "summonerId": 36877528,
        "teamId": 100,
        "championId": 80
      },
      {
        "summonerId": 40064514,
        "teamId": 100,
        "championId": 115
      },
      {
        "summonerId": 40388094,
        "teamId": 200,
        "championId": 133
      },
      {
        "summonerId": 37149034,
        "teamId": 200,
        "championId": 64
      },
      {
        "summonerId": 41072736,
        "teamId": 200,
        "championId": 7
      },
      {
        "summonerId": 41604118,
        "teamId": 100,
        "championId": 267
      }
    ],
    "stats": {
      "level": 13,
      "goldEarned": 8584,
      "numDeaths": 11,
      "minionsKilled": 33,
      "championsKilled": 4,
      "goldSpent": 8030,
      "totalDamageDealt": 43483,
      "totalDamageTaken": 19629,
      "doubleKills": 1,
      "killingSprees": 1,
      "largestKillingSpree": 3,
      "team": 200,
      "win": false,
      "neutralMinionsKilled": 1,
      "largestMultiKill": 2,
      "physicalDamageDealtPlayer": 14261,
      "magicDamageDealtPlayer": 28452,
      "physicalDamageTaken": 9878,
      "magicDamageTaken": 8776,
      "timePlayed": 1898,
      "totalHeal": 6904,
      "totalUnitsHealed": 4,
      "assists": 7,
      "item0": 3092,
      "item1": 3275,
      "item2": 3089,
      "item3": 3028,
      "item6": 3340,
      "magicDamageDealtToChampions": 11010,
      "physicalDamageDealtToChampions": 2139,
      "totalDamageDealtToChampions": 13920,
      "trueDamageDealtPlayer": 770,
      "trueDamageDealtToChampions": 770,
      "trueDamageTaken": 974,
      "wardPlaced": 4,
      "neutralMinionsKilledEnemyJungle": 1,
      "totalTimeCrowdControlDealt": 222
    }
  },
  "40388094": {
    "gameId": 818161870,
    "invalid": false,
    "gameMode": "CLASSIC",
    "gameType": "MATCHED_GAME",
    "subType": "NORMAL",
    "mapId": 1,
    "teamId": 200,
    "championId": 133,
    "spell1": 7,
    "spell2": 4,
    "level": 30,
    "ipEarned": 60,
    "createDate": 1398243044397,
    "fellowPlayers": [
      {
        "summonerId": 40375825,
        "teamId": 200,
        "championId": 267
      },
      {
        "summonerId": 20767833,
        "teamId": 100,
        "championId": 29
      },
      {
        "summonerId": 38832530,
        "teamId": 100,
        "championId": 28
      },
      {
        "summonerId": 25112559,
        "teamId": 200,
        "championId": 58
      },
      {
        "summonerId": 36877528,
        "teamId": 100,
        "championId": 80
      },
      {
        "summonerId": 40064514,
        "teamId": 100,
        "championId": 115
      },
      {
        "summonerId": 37149034,
        "teamId": 200,
        "championId": 64
      },
      {
        "summonerId": 41072736,
        "teamId": 200,
        "championId": 7
      },
      {
        "summonerId": 41604118,
        "teamId": 100,
        "championId": 267
      }
    ],
    "stats": {
      "level": 13,
      "goldEarned": 8485,
      "numDeaths": 12,
      "turretsKilled": 1,
      "minionsKilled": 73,
      "championsKilled": 3,
      "goldSpent": 7385,
      "totalDamageDealt": 72013,
      "totalDamageTaken": 28247,
      "team": 200,
      "win": false,
      "neutralMinionsKilled": 11,
      "largestMultiKill": 1,
      "physicalDamageDealtPlayer": 71451,
      "magicDamageDealtPlayer": 561,
      "physicalDamageTaken": 17542,
      "magicDamageTaken": 9659,
      "timePlayed": 1898,
      "totalHeal": 2369,
      "totalUnitsHealed": 2,
      "assists": 5,
      "item0": 1055,
      "item1": 3072,
      "item2": 3250,
      "item3": 3035,
      "item6": 3340,
      "physicalDamageDealtToChampions": 7534,
      "totalDamageDealtToChampions": 7534,
      "trueDamageTaken": 1045,
      "wardPlaced": 4,
      "neutralMinionsKilledEnemyJungle": 2,
      "neutralMinionsKilledYourJungle": 9,
      "totalTimeCrowdControlDealt": 148
    }
  }
}