{
  "20886107": {
    "gameId": 818169045,
    "invalid": false,
    "gameMode": "CLASSIC",
    "gameType": "MATCHED_GAME",
    "subType": "RANKED_SOLO_5x5",
    "mapId": 1,
    "teamId": 200,
    "championId": 57,
    "spell1": 4,
    "spell2": 11,
    "level": 30,
    "ipEarned": 82,
    "createDate": 1398242862380,
    "fellowPlayers": [
      {
        "summonerId": 30993344,
        "teamId": 100,
        "championId": 110
      },
      {
        "summonerId": 36697290,
        "teamId": 200,
        "championId": 126
      },
      {
        "summonerId": 25260591,
        "teamId": 100,
        "championId": 84
      },
      {
        "summonerId": 41735805,
        "teamId": 200,
        "championId": 25
      },
      {
        "summonerId": 25942210,
        "teamId": 100,
        "championId": 12
      },
      {
        "summonerId": 25189608,
        "teamId": 100,
        "championId": 2
      },
      {
        "summonerId": 38649267,
        "teamId": 100,
        "championId": 266
      },
      {
        "summonerId": 25995904,
        "teamId": 200,
        "championId": 238
      },
      {
        "summonerId": 37242421,
        "teamId": 200,
        "championId": 67
      }
    ],
    "stats": {
      "level": 15,
      "goldEarned": 9816,
      "numDeaths": 1,
      "minionsKilled": 39,
      "championsKilled": 3,
      "goldSpent": 9600,
      "totalDamageDealt": 138285,
      "totalDamageTaken": 24609,
      "killingSprees": 1,
      "largestKillingSpree": 2,
      "team": 200,
      "win": true,
      "neutralMinionsKilled": 95,
      "largestMultiKill": 1,
      "physicalDamageDealtPlayer": 33292,
      "magicDamageDealtPlayer": 93164,
      "physicalDamageTaken": 21681,
      "magicDamageTaken": 2412,
      "timePlayed": 1717,
      "totalHeal": 11340,
      "totalUnitsHealed": 1,
      "assists": 3,
      "item0": 3207,
      "item1": 3065,
      "item2": 3009,
      "item3": 3027,
      "item6": 3341,
      "magicDamageDealtToChampions": 7396,
      "physicalDamageDealtToChampions": 1034,
      "totalDamageDealtToChampions": 8727,
      "trueDamageDealtPlayer": 11828,
      "trueDamageDealtToChampions": 296,
      "trueDamageTaken": 515,
      "wardKilled": 1,
      "neutralMinionsKilledEnemyJungle": 22,
      "neutralMinionsKilledYourJungle": 73,
      "totalTimeCrowdControlDealt": 843
    }
  },
  "summonerCount": 10,
  "25189608": {
    "gameId": 818169045,
    "invalid": false,
    "gameMode": "CLASSIC",
    "gameType": "MATCHED_GAME",
    "subType": "RANKED_SOLO_5x5",
    "mapId": 1,
    "teamId": 100,
    "championId": 2,
    "spell1": 14,
    "spell2": 4,
    "level": 30,
    "ipEarned": 55,
    "createDate": 1398242862374,
    "fellowPlayers": [
      {
        "summonerId": 30993344,
        "teamId": 100,
        "championId": 110
      },
      {
        "summonerId": 36697290,
        "teamId": 200,
        "championId": 126
      },
      {
        "summonerId": 25260591,
        "teamId": 100,
        "championId": 84
      },
      {
        "summonerId": 41735805,
        "teamId": 200,
        "championId": 25
      },
      {
        "summonerId": 25942210,
        "teamId": 100,
        "championId": 12
      },
      {
        "summonerId": 38649267,
        "teamId": 100,
        "championId": 266
      },
      {
        "summonerId": 25995904,
        "teamId": 200,
        "championId": 238
      },
      {
        "summonerId": 37242421,
        "teamId": 200,
        "championId": 67
      },
      {
        "summonerId": 20886107,
        "teamId": 200,
        "championId": 57
      }
    ],
    "stats": {
      "level": 14,
      "goldEarned": 7578,
      "numDeaths": 8,
      "turretsKilled": 1,
      "minionsKilled": 94,
      "championsKilled": 2,
      "goldSpent": 6110,
      "totalDamageDealt": 66530,
      "totalDamageTaken": 25503,
      "team": 100,
      "win": false,
      "neutralMinionsKilled": 7,
      "largestMultiKill": 1,
      "physicalDamageDealtPlayer": 64079,
      "physicalDamageTaken": 18757,
      "magicDamageTaken": 5450,
      "timePlayed": 1717,
      "totalHeal": 346,
      "totalUnitsHealed": 1,
      "assists": 7,
      "item0": 1054,
      "item1": 3047,
      "item2": 3153,
      "item3": 1028,
      "item4": 1011,
      "item6": 3340,
      "physicalDamageDealtToChampions": 8991,
      "totalDamageDealtToChampions": 11442,
      "trueDamageDealtPlayer": 2451,
      "trueDamageDealtToChampions": 2451,
      "trueDamageTaken": 1296,
      "wardPlaced": 6,
      "neutralMinionsKilledYourJungle": 7,
      "totalTimeCrowdControlDealt": 243
    }
  },
  "30993344": {
    "gameId": 818169045,
    "invalid": false,
    "gameMode": "CLASSIC",
    "gameType": "MATCHED_GAME",
    "subType": "RANKED_SOLO_5x5",
    "mapId": 1,
    "teamId": 100,
    "championId": 110,
    "spell1": 7,
    "spell2": 4,
    "level": 30,
    "ipEarned": 55,
    "createDate": 1398242862375,
    "fellowPlayers": [
      {
        "summonerId": 36697290,
        "teamId": 200,
        "championId": 126
      },
      {
        "summonerId": 25260591,
        "teamId": 100,
        "championId": 84
      },
      {
        "summonerId": 41735805,
        "teamId": 200,
        "championId": 25
      },
      {
        "summonerId": 25942210,
        "teamId": 100,
        "championId": 12
      },
      {
        "summonerId": 25189608,
        "teamId": 100,
        "championId": 2
      },
      {
        "summonerId": 38649267,
        "teamId": 100,
        "championId": 266
      },
      {
        "summonerId": 25995904,
        "teamId": 200,
        "championId": 238
      },
      {
        "summonerId": 37242421,
        "teamId": 200,
        "championId": 67
      },
      {
        "summonerId": 20886107,
        "teamId": 200,
        "championId": 57
      }
    ],
    "stats": {
      "level": 12,
      "goldEarned": 7313,
      "numDeaths": 6,
      "turretsKilled": 1,
      "minionsKilled": 105,
      "championsKilled": 3,
      "goldSpent": 7195,
      "totalDamageDealt": 70535,
      "totalDamageTaken": 16060,
      "team": 100,
      "win": false,
      "neutralMinionsKilled": 6,
      "largestMultiKill": 1,
      "physicalDamageDealtPlayer": 66526,
      "magicDamageDealtPlayer": 4009,
      "physicalDamageTaken": 12324,
      "magicDamageTaken": 3128,
      "largestCriticalStrike": 355,
      "timePlayed": 1717,
      "totalHeal": 1757,
      "totalUnitsHealed": 4,
      "assists": 5,
      "item0": 3072,
      "item1": 1001,
      "item2": 3046,
      "item3": 1036,
      "item6": 3340,
      "magicDamageDealtToChampions": 1546,
      "physicalDamageDealtToChampions": 13989,
      "totalDamageDealtToChampions": 15535,
      "trueDamageTaken": 608,
      "wardPlaced": 2,
      "neutralMinionsKilledYourJungle": 6,
      "totalTimeCrowdControlDealt": 118
    }
  },
  "25942210": {
    "gameId": 818169045,
    "invalid": false,
    "gameMode": "CLASSIC",
    "gameType": "MATCHED_GAME",
    "subType": "RANKED_SOLO_5x5",
    "mapId": 1,
    "teamId": 100,
    "championId": 12,
    "spell1": 4,
    "spell2": 3,
    "level": 30,
    "ipEarned": 55,
    "createDate": 1398242862378,
    "fellowPlayers": [
      {
        "summonerId": 30993344,
        "teamId": 100,
        "championId": 110
      },
      {
        "summonerId": 36697290,
        "teamId": 200,
        "championId": 126
      },
      {
        "summonerId": 25260591,
        "teamId": 100,
        "championId": 84
      },
      {
        "summonerId": 41735805,
        "teamId": 200,
        "championId": 25
      },
      {
        "summonerId": 25189608,
        "teamId": 100,
        "championId": 2
      },
      {
        "summonerId": 38649267,
        "teamId": 100,
        "championId": 266
      },
      {
        "summonerId": 25995904,
        "teamId": 200,
        "championId": 238
      },
      {
        "summonerId": 37242421,
        "teamId": 200,
        "championId": 67
      },
      {
        "summonerId": 20886107,
        "teamId": 200,
        "championId": 57
      }
    ],
    "stats": {
      "level": 12,
      "goldEarned": 6327,
      "numDeaths": 4,
      "minionsKilled": 24,
      "goldSpent": 5950,
      "totalDamageDealt": 15061,
      "totalDamageTaken": 17930,
      "team": 100,
      "win": false,
      "physicalDamageDealtPlayer": 4129,
      "magicDamageDealtPlayer": 10932,
      "physicalDamageTaken": 11694,
      "magicDamageTaken": 5472,
      "timePlayed": 1717,
      "totalHeal": 9763,
      "totalUnitsHealed": 41,
      "assists": 8,
      "item0": 2045,
      "item1": 3069,
      "item2": 3117,
      "item3": 1031,
      "item6": 3341,
      "sightWardsBought": 7,
      "magicDamageDealtToChampions": 2177,
      "physicalDamageDealtToChampions": 643,
      "totalDamageDealtToChampions": 2821,
      "trueDamageTaken": 763,
      "wardKilled": 3,
      "wardPlaced": 12,
      "totalTimeCrowdControlDealt": 127
    }
  },
  "38649267": {
    "gameId": 818169045,
    "invalid": false,
    "gameMode": "CLASSIC",
    "gameType": "MATCHED_GAME",
    "subType": "RANKED_SOLO_5x5",
    "mapId": 1,
    "teamId": 100,
    "championId": 266,
    "spell1": 4,
    "spell2": 11,
    "level": 30,
    "ipEarned": 55,
    "createDate": 1398242862377,
    "fellowPlayers": [
      {
        "summonerId": 30993344,
        "teamId": 100,
        "championId": 110
      },
      {
        "summonerId": 36697290,
        "teamId": 200,
        "championId": 126
      },
      {
        "summonerId": 25260591,
        "teamId": 100,
        "championId": 84
      },
      {
        "summonerId": 41735805,
        "teamId": 200,
        "championId": 25
      },
      {
        "summonerId": 25942210,
        "teamId": 100,
        "championId": 12
      },
      {
        "summonerId": 25189608,
        "teamId": 100,
        "championId": 2
      },
      {
        "summonerId": 25995904,
        "teamId": 200,
        "championId": 238
      },
      {
        "summonerId": 37242421,
        "teamId": 200,
        "championId": 67
      },
      {
        "summonerId": 20886107,
        "teamId": 200,
        "championId": 57
      }
    ],
    "stats": {
      "level": 11,
      "goldEarned": 5894,
      "numDeaths": 5,
      "minionsKilled": 25,
      "championsKilled": 2,
      "goldSpent": 7455,
      "totalDamageDealt": 59524,
      "totalDamageTaken": 24116,
      "killingSprees": 1,
      "largestKillingSpree": 2,
      "team": 100,
      "win": false,
      "neutralMinionsKilled": 45,
      "largestMultiKill": 1,
      "physicalDamageDealtPlayer": 43519,
      "magicDamageDealtPlayer": 7591,
      "physicalDamageTaken": 20037,
      "magicDamageTaken": 3411,
      "timePlayed": 1717,
      "totalHeal": 8714,
      "totalUnitsHealed": 1,
      "assists": 2,
      "item0": 3144,
      "item1": 3006,
      "item2": 1011,
      "item3": 1054,
      "item5": 3082,
      "item6": 3340,
      "magicDamageDealtToChampions": 1874,
      "physicalDamageDealtToChampions": 2262,
      "totalDamageDealtToChampions": 4137,
      "trueDamageDealtPlayer": 8414,
      "trueDamageTaken": 666,
      "wardPlaced": 4,
      "neutralMinionsKilledEnemyJungle": 3,
      "neutralMinionsKilledYourJungle": 42,
      "totalTimeCrowdControlDealt": 465
    }
  },
  "36697290": {
    "gameId": 818169045,
    "invalid": false,
    "gameMode": "CLASSIC",
    "gameType": "MATCHED_GAME",
    "subType": "RANKED_SOLO_5x5",
    "mapId": 1,
    "teamId": 200,
    "championId": 126,
    "spell1": 4,
    "spell2": 14,
    "level": 30,
    "ipEarned": 82,
    "createDate": 1398242862381,
    "fellowPlayers": [
      {
        "summonerId": 30993344,
        "teamId": 100,
        "championId": 110
      },
      {
        "summonerId": 25260591,
        "teamId": 100,
        "championId": 84
      },
      {
        "summonerId": 41735805,
        "teamId": 200,
        "championId": 25
      },
      {
        "summonerId": 25942210,
        "teamId": 100,
        "championId": 12
      },
      {
        "summonerId": 25189608,
        "teamId": 100,
        "championId": 2
      },
      {
        "summonerId": 38649267,
        "teamId": 100,
        "championId": 266
      },
      {
        "summonerId": 25995904,
        "teamId": 200,
        "championId": 238
      },
      {
        "summonerId": 37242421,
        "teamId": 200,
        "championId": 67
      },
      {
        "summonerId": 20886107,
        "teamId": 200,
        "championId": 57
      }
    ],
    "stats": {
      "level": 16,
      "goldEarned": 11653,
      "numDeaths": 2,
      "turretsKilled": 2,
      "minionsKilled": 183,
      "championsKilled": 7,
      "goldSpent": 10442,
      "totalDamageDealt": 140702,
      "totalDamageTaken": 12566,
      "killingSprees": 2,
      "largestKillingSpree": 4,
      "team": 200,
      "win": true,
      "neutralMinionsKilled": 18,
      "largestMultiKill": 1,
      "physicalDamageDealtPlayer": 126577,
      "magicDamageDealtPlayer": 13562,
      "physicalDamageTaken": 9861,
      "magicDamageTaken": 1567,
      "timePlayed": 1717,
      "totalHeal": 880,
      "totalUnitsHealed": 1,
      "assists": 3,
      "item0": 3134,
      "item1": 3072,
      "item2": 3035,
      "item3": 3275,
      "item4": 1055,
      "item5": 3057,
      "item6": 3340,
      "sightWardsBought": 1,
      "visionWardsBought": 1,
      "magicDamageDealtToChampions": 4405,
      "physicalDamageDealtToChampions": 16003,
      "totalDamageDealtToChampions": 20971,
      "trueDamageDealtPlayer": 562,
      "trueDamageDealtToChampions": 562,
      "trueDamageTaken": 1136,
      "wardPlaced": 10,
      "neutralMinionsKilledEnemyJungle": 8,
      "neutralMinionsKilledYourJungle": 10,
      "totalTimeCrowdControlDealt": 169
    }
  },
  "25260591": {
    "gameId": 818169045,
    "invalid": false,
    "gameMode": "CLASSIC",
    "gameType": "MATCHED_GAME",
    "subType": "RANKED_SOLO_5x5",
    "mapId": 1,
    "teamId": 100,
    "championId": 84,
    "spell1": 14,
    "spell2": 4,
    "level": 30,
    "ipEarned": 55,
    "createDate": 1398242862376,
    "fellowPlayers": [
      {
        "summonerId": 30993344,
        "teamId": 100,
        "championId": 110
      },
      {
        "summonerId": 36697290,
        "teamId": 200,
        "championId": 126
      },
      {
        "summonerId": 41735805,
        "teamId": 200,
        "championId": 25
      },
      {
        "summonerId": 25942210,
        "teamId": 100,
        "championId": 12
      },
      {
        "summonerId": 25189608,
        "teamId": 100,
        "championId": 2
      },
      {
        "summonerId": 38649267,
        "teamId": 100,
        "championId": 266
      },
      {
        "summonerId": 25995904,
        "teamId": 200,
        "championId": 238
      },
      {
        "summonerId": 37242421,
        "teamId": 200,
        "championId": 67
      },
      {
        "summonerId": 20886107,
        "teamId": 200,
        "championId": 57
      }
    ],
    "stats": {
      "level": 14,
      "goldEarned": 8962,
      "numDeaths": 5,
      "minionsKilled": 106,
      "championsKilled": 7,
      "goldSpent": 7530,
      "totalDamageDealt": 71608,
      "totalDamageTaken": 17099,
      "doubleKills": 1,
      "killingSprees": 2,
      "largestKillingSpree": 3,
      "team": 100,
      "win": false,
      "neutralMinionsKilled": 13,
      "largestMultiKill": 2,
      "physicalDamageDealtPlayer": 34539,
      "magicDamageDealtPlayer": 36299,
      "physicalDamageTaken": 11890,
      "magicDamageTaken": 4679,
      "timePlayed": 1717,
      "assists": 2,
      "item0": 3145,
      "item1": 3020,
      "item2": 3191,
      "item3": 3100,
      "item4": 1011,
      "item6": 3340,
      "magicDamageDealtToChampions": 8444,
      "physicalDamageDealtToChampions": 3346,
      "totalDamageDealtToChampions": 12560,
      "trueDamageDealtPlayer": 770,
      "trueDamageDealtToChampions": 770,
      "trueDamageTaken": 528,
      "wardPlaced": 2,
      "neutralMinionsKilledYourJungle": 13,
      "totalTimeCrowdControlDealt": 316
    }
  },
  "25995904": {
    "gameId": 818169045,
    "invalid": false,
    "gameMode": "CLASSIC",
    "gameType": "MATCHED_GAME",
    "subType": "RANKED_SOLO_5x5",
    "mapId": 1,
    "teamId": 200,
    "championId": 238,
    "spell1": 4,
    "spell2": 14,
    "level": 30,
    "ipEarned": 232,
    "createDate": 1398242862379,
    "fellowPlayers": [
      {
        "summonerId": 30993344,
        "teamId": 100,
        "championId": 110
      },
      {
        "summonerId": 36697290,
        "teamId": 200,
        "championId": 126
      },
      {
        "summonerId": 25260591,
        "teamId": 100,
        "championId": 84
      },
      {
        "summonerId": 41735805,
        "teamId": 200,
        "championId": 25
      },
      {
        "summonerId": 25942210,
        "teamId": 100,
        "championId": 12
      },
      {
        "summonerId": 25189608,
        "teamId": 100,
        "championId": 2
      },
      {
        "summonerId": 38649267,
        "teamId": 100,
        "championId": 266
      },
      {
        "summonerId": 37242421,
        "teamId": 200,
        "championId": 67
      },
      {
        "summonerId": 20886107,
        "teamId": 200,
        "championId": 57
      }
    ],
    "stats": {
      "level": 17,
      "goldEarned": 14244,
      "numDeaths": 1,
      "turretsKilled": 3,
      "minionsKilled": 202,
      "championsKilled": 13,
      "goldSpent": 15962,
      "totalDamageDealt": 158281,
      "totalDamageTaken": 16374,
      "doubleKills": 1,
      "killingSprees": 1,
      "largestKillingSpree": 13,
      "team": 200,
      "win": true,
      "neutralMinionsKilled": 23,
      "largestMultiKill": 2,
      "physicalDamageDealtPlayer": 149181,
      "magicDamageDealtPlayer": 8173,
      "physicalDamageTaken": 11849,
      "magicDamageTaken": 3157,
      "largestCriticalStrike": 711,
      "timePlayed": 1717,
      "totalHeal": 3016,
      "totalUnitsHealed": 1,
      "assists": 6,
      "item0": 3153,
      "item1": 3142,
      "item2": 3111,
      "item3": 3035,
      "item4": 3072,
      "item5": 1011,
      "item6": 3340,
      "magicDamageDealtToChampions": 1070,
      "physicalDamageDealtToChampions": 21465,
      "totalDamageDealtToChampions": 23126,
      "trueDamageDealtPlayer": 926,
      "trueDamageDealtToChampions": 590,
      "trueDamageTaken": 1367,
      "wardPlaced": 18,
      "neutralMinionsKilledEnemyJungle": 11,
      "neutralMinionsKilledYourJungle": 12,
      "totalTimeCrowdControlDealt": 285
    }
  },
  "37242421": {
    "gameId": 818169045,
    "invalid": false,
    "gameMode": "CLASSIC",
    "gameType": "MATCHED_GAME",
    "subType": "RANKED_SOLO_5x5",
    "mapId": 1,
    "teamId": 200,
    "championId": 67,
    "spell1": 7,
    "spell2": 4,
    "level": 30,
    "ipEarned": 82,
    "createDate": 1398242862382,
    "fellowPlayers": [
      {
        "summonerId": 30993344,
        "teamId": 100,
        "championId": 110
      },
      {
        "summonerId": 36697290,
        "teamId": 200,
        "championId": 126
      },
      {
        "summonerId": 25260591,
        "teamId": 100,
        "championId": 84
      },
      {
        "summonerId": 41735805,
        "teamId": 200,
        "championId": 25
      },
      {
        "summonerId": 25942210,
        "teamId": 100,
        "championId": 12
      },
      {
        "summonerId": 25189608,
        "teamId": 100,
        "championId": 2
      },
      {
        "summonerId": 38649267,
        "teamId": 100,
        "championId": 266
      },
      {
        "summonerId": 25995904,
        "teamId": 200,
        "championId": 238
      },
      {
        "summonerId": 20886107,
        "teamId": 200,
        "championId": 57
      }
    ],
    "stats": {
      "level": 13,
      "goldEarned": 10289,
      "numDeaths": 5,
      "turretsKilled": 1,
      "minionsKilled": 142,
      "championsKilled": 5,
      "goldSpent": 10725,
      "totalDamageDealt": 80981,
      "totalDamageTaken": 18187,
      "killingSprees": 1,
      "largestKillingSpree": 3,
      "team": 200,
      "win": true,
      "neutralMinionsKilled": 5,
      "largestMultiKill": 1,
      "physicalDamageDealtPlayer": 72533,
      "magicDamageDealtPlayer": 69,
      "physicalDamageTaken": 13436,
      "magicDamageTaken": 4559,
      "largestCriticalStrike": 312,
      "timePlayed": 1717,
      "totalHeal": 3932,
      "totalUnitsHealed": 2,
      "assists": 6,
      "item0": 1055,
      "item1": 3153,
      "item2": 3046,
      "item3": 3006,
      "item4": 3035,
      "item6": 3340,
      "magicDamageDealtToChampions": 69,
      "physicalDamageDealtToChampions": 12788,
      "totalDamageDealtToChampions": 14989,
      "trueDamageDealtPlayer": 8377,
      "trueDamageDealtToChampions": 2130,
      "trueDamageTaken": 191,
      "wardKilled": 1,
      "wardPlaced": 8,
      "neutralMinionsKilledEnemyJungle": 2,
      "neutralMinionsKilledYourJungle": 3,
      "totalTimeCrowdControlDealt": 143
    }
  },
  "20886107": {
    "gameId": 818169045,
    "invalid": false,
    "gameMode": "CLASSIC",
    "gameType": "MATCHED_GAME",
    "subType": "RANKED_SOLO_5x5",
    "mapId": 1,
    "teamId": 200,
    "championId": 57,
    "spell1": 4,
    "spell2": 11,
    "level": 30,
    "ipEarned": 82,
    "createDate": 1398242862380,
    "fellowPlayers": [
      {
        "summonerId": 30993344,
        "teamId": 100,
        "championId": 110
      },
      {
        "summonerId": 36697290,
        "teamId": 200,
        "championId": 126
      },
      {
        "summonerId": 25260591,
        "teamId": 100,
        "championId": 84
      },
      {
        "summonerId": 41735805,
        "teamId": 200,
        "championId": 25
      },
      {
        "summonerId": 25942210,
        "teamId": 100,
        "championId": 12
      },
      {
        "summonerId": 25189608,
        "teamId": 100,
        "championId": 2
      },
      {
        "summonerId": 38649267,
        "teamId": 100,
        "championId": 266
      },
      {
        "summonerId": 25995904,
        "teamId": 200,
        "championId": 238
      },
      {
        "summonerId": 37242421,
        "teamId": 200,
        "championId": 67
      }
    ],
    "stats": {
      "level": 15,
      "goldEarned": 9816,
      "numDeaths": 1,
      "minionsKilled": 39,
      "championsKilled": 3,
      "goldSpent": 9600,
      "totalDamageDealt": 138285,
      "totalDamageTaken": 24609,
      "killingSprees": 1,
      "largestKillingSpree": 2,
      "team": 200,
      "win": true,
      "neutralMinionsKilled": 95,
      "largestMultiKill": 1,
      "physicalDamageDealtPlayer": 33292,
      "magicDamageDealtPlayer": 93164,
      "physicalDamageTaken": 21681,
      "magicDamageTaken": 2412,
      "timePlayed": 1717,
      "totalHeal": 11340,
      "totalUnitsHealed": 1,
      "assists": 3,
      "item0": 3207,
      "item1": 3065,
      "item2": 3009,
      "item3": 3027,
      "item6": 3341,
      "magicDamageDealtToChampions": 7396,
      "physicalDamageDealtToChampions": 1034,
      "totalDamageDealtToChampions": 8727,
      "trueDamageDealtPlayer": 11828,
      "trueDamageDealtToChampions": 296,
      "trueDamageTaken": 515,
      "wardKilled": 1,
      "neutralMinionsKilledEnemyJungle": 22,
      "neutralMinionsKilledYourJungle": 73,
      "totalTimeCrowdControlDealt": 843
    }
  }
}