{
  "28458914": {
    "gameId": 824831339,
    "invalid": false,
    "gameMode": "CLASSIC",
    "gameType": "MATCHED_GAME",
    "subType": "CAP_5x5",
    "mapId": 1,
    "teamId": 100,
    "championId": 117,
    "spell1": 4,
    "spell2": 2,
    "level": 30,
    "ipEarned": 115,
    "createDate": 1399032007819,
    "fellowPlayers": [
      {
        "summonerId": 39259406,
        "teamId": 100,
        "championId": 48
      },
      {
        "summonerId": 30928215,
        "teamId": 200,
        "championId": 24
      },
      {
        "summonerId": 40209416,
        "teamId": 200,
        "championId": 76
      },
      {
        "summonerId": 27810777,
        "teamId": 200,
        "championId": 64
      },
      {
        "summonerId": 29314090,
        "teamId": 100,
        "championId": 236
      },
      {
        "summonerId": 25858908,
        "teamId": 100,
        "championId": 69
      },
      {
        "summonerId": 22634185,
        "teamId": 200,
        "championId": 89
      },
      {
        "summonerId": 41479177,
        "teamId": 200,
        "championId": 236
      },
      {
        "summonerId": 34563634,
        "teamId": 100,
        "championId": 77
      }
    ],
    "stats": {
      "level": 17,
      "goldEarned": 14797,
      "numDeaths": 5,
      "minionsKilled": 52,
      "championsKilled": 2,
      "goldSpent": 13375,
      "totalDamageDealt": 59902,
      "totalDamageTaken": 19961,
      "killingSprees": 1,
      "largestKillingSpree": 2,
      "team": 100,
      "win": true,
      "neutralMinionsKilled": 1,
      "largestMultiKill": 1,
      "physicalDamageDealtPlayer": 11761,
      "magicDamageDealtPlayer": 48140,
      "physicalDamageTaken": 12248,
      "magicDamageTaken": 7336,
      "timePlayed": 2554,
      "totalHeal": 120,
      "totalUnitsHealed": 1,
      "assists": 14,
      "item0": 3027,
      "item1": 3191,
      "item2": 3092,
      "item3": 3089,
      "item4": 3174,
      "item5": 3158,
      "item6": 3340,
      "magicDamageDealtToChampions": 15848,
      "physicalDamageDealtToChampions": 3275,
      "totalDamageDealtToChampions": 19123,
      "trueDamageTaken": 376,
      "wardKilled": 1,
      "wardPlaced": 11,
      "neutralMinionsKilledYourJungle": 1,
      "totalTimeCrowdControlDealt": 545
    }
  },
  "summonerCount": 10,
  "30928215": {
    "gameId": 824831339,
    "invalid": false,
    "gameMode": "CLASSIC",
    "gameType": "MATCHED_GAME",
    "subType": "CAP_5x5",
    "mapId": 1,
    "teamId": 200,
    "championId": 24,
    "spell1": 4,
    "spell2": 14,
    "level": 30,
    "ipEarned": 75,
    "createDate": 1399032007822,
    "fellowPlayers": [
      {
        "summonerId": 28458914,
        "teamId": 100,
        "championId": 117
      },
      {
        "summonerId": 39259406,
        "teamId": 100,
        "championId": 48
      },
      {
        "summonerId": 40209416,
        "teamId": 200,
        "championId": 76
      },
      {
        "summonerId": 27810777,
        "teamId": 200,
        "championId": 64
      },
      {
        "summonerId": 29314090,
        "teamId": 100,
        "championId": 236
      },
      {
        "summonerId": 25858908,
        "teamId": 100,
        "championId": 69
      },
      {
        "summonerId": 22634185,
        "teamId": 200,
        "championId": 89
      },
      {
        "summonerId": 41479177,
        "teamId": 200,
        "championId": 236
      },
      {
        "summonerId": 34563634,
        "teamId": 100,
        "championId": 77
      }
    ],
    "stats": {
      "level": 18,
      "goldEarned": 13028,
      "numDeaths": 10,
      "turretsKilled": 2,
      "minionsKilled": 251,
      "championsKilled": 5,
      "goldSpent": 14143,
      "totalDamageDealt": 140402,
      "totalDamageTaken": 42546,
      "team": 200,
      "win": false,
      "neutralMinionsKilled": 9,
      "largestMultiKill": 1,
      "physicalDamageDealtPlayer": 115271,
      "magicDamageDealtPlayer": 23578,
      "physicalDamageTaken": 23828,
      "magicDamageTaken": 16535,
      "largestCriticalStrike": 407,
      "timePlayed": 2554,
      "totalHeal": 3292,
      "totalUnitsHealed": 1,
      "assists": 3,
      "item0": 3153,
      "item1": 3143,
      "item2": 3047,
      "item3": 1055,
      "item4": 3155,
      "item5": 3078,
      "item6": 3340,
      "magicDamageDealtToChampions": 6901,
      "physicalDamageDealtToChampions": 20882,
      "totalDamageDealtToChampions": 29335,
      "trueDamageDealtPlayer": 1552,
      "trueDamageDealtToChampions": 1552,
      "trueDamageTaken": 2182,
      "wardPlaced": 12,
      "neutralMinionsKilledEnemyJungle": 5,
      "neutralMinionsKilledYourJungle": 4,
      "totalTimeCrowdControlDealt": 255
    }
  },
  "27810777": {
    "gameId": 824831339,
    "invalid": false,
    "gameMode": "CLASSIC",
    "gameType": "MATCHED_GAME",
    "subType": "CAP_5x5",
    "mapId": 1,
    "teamId": 200,
    "championId": 64,
    "spell1": 11,
    "spell2": 4,
    "level": 30,
    "ipEarned": 75,
    "createDate": 1399032007825,
    "fellowPlayers": [
      {
        "summonerId": 28458914,
        "teamId": 100,
        "championId": 117
      },
      {
        "summonerId": 39259406,
        "teamId": 100,
        "championId": 48
      },
      {
        "summonerId": 30928215,
        "teamId": 200,
        "championId": 24
      },
      {
        "summonerId": 40209416,
        "teamId": 200,
        "championId": 76
      },
      {
        "summonerId": 29314090,
        "teamId": 100,
        "championId": 236
      },
      {
        "summonerId": 25858908,
        "teamId": 100,
        "championId": 69
      },
      {
        "summonerId": 22634185,
        "teamId": 200,
        "championId": 89
      },
      {
        "summonerId": 41479177,
        "teamId": 200,
        "championId": 236
      },
      {
        "summonerId": 34563634,
        "teamId": 100,
        "championId": 77
      }
    ],
    "stats": {
      "level": 18,
      "goldEarned": 12307,
      "numDeaths": 5,
      "minionsKilled": 64,
      "championsKilled": 4,
      "goldSpent": 11118,
      "totalDamageDealt": 175145,
      "totalDamageTaken": 34833,
      "killingSprees": 1,
      "largestKillingSpree": 2,
      "team": 200,
      "win": false,
      "neutralMinionsKilled": 84,
      "largestMultiKill": 1,
      "physicalDamageDealtPlayer": 82592,
      "magicDamageDealtPlayer": 79492,
      "physicalDamageTaken": 25761,
      "magicDamageTaken": 8161,
      "largestCriticalStrike": 473,
      "timePlayed": 2554,
      "totalHeal": 3548,
      "totalUnitsHealed": 1,
      "assists": 9,
      "item0": 3265,
      "item1": 3078,
      "item2": 3160,
      "item3": 3068,
      "item4": 1053,
      "item6": 3340,
      "magicDamageDealtToChampions": 5652,
      "physicalDamageDealtToChampions": 10507,
      "totalDamageDealtToChampions": 16362,
      "trueDamageDealtPlayer": 13060,
      "trueDamageDealtToChampions": 202,
      "trueDamageTaken": 909,
      "wardPlaced": 7,
      "neutralMinionsKilledEnemyJungle": 18,
      "neutralMinionsKilledYourJungle": 66,
      "totalTimeCrowdControlDealt": 665
    }
  },
  "22634185": {
    "gameId": 824831339,
    "invalid": false,
    "gameMode": "CLASSIC",
    "gameType": "MATCHED_GAME",
    "subType": "CAP_5x5",
    "mapId": 1,
    "teamId": 200,
    "championId": 89,
    "spell1": 3,
    "spell2": 4,
    "level": 30,
    "ipEarned": 75,
    "createDate": 1399032007821,
    "fellowPlayers": [
      {
        "summonerId": 28458914,
        "teamId": 100,
        "championId": 117
      },
      {
        "summonerId": 39259406,
        "teamId": 100,
        "championId": 48
      },
      {
        "summonerId": 30928215,
        "teamId": 200,
        "championId": 24
      },
      {
        "summonerId": 40209416,
        "teamId": 200,
        "championId": 76
      },
      {
        "summonerId": 27810777,
        "teamId": 200,
        "championId": 64
      },
      {
        "summonerId": 29314090,
        "teamId": 100,
        "championId": 236
      },
      {
        "summonerId": 25858908,
        "teamId": 100,
        "championId": 69
      },
      {
        "summonerId": 41479177,
        "teamId": 200,
        "championId": 236
      },
      {
        "summonerId": 34563634,
        "teamId": 100,
        "championId": 77
      }
    ],
    "stats": {
      "level": 17,
      "goldEarned": 11631,
      "numDeaths": 8,
      "turretsKilled": 1,
      "minionsKilled": 39,
      "championsKilled": 3,
      "goldSpent": 11050,
      "totalDamageDealt": 44394,
      "totalDamageTaken": 40332,
      "killingSprees": 1,
      "largestKillingSpree": 2,
      "team": 200,
      "win": false,
      "neutralMinionsKilled": 1,
      "largestMultiKill": 1,
      "physicalDamageDealtPlayer": 7736,
      "magicDamageDealtPlayer": 34288,
      "physicalDamageTaken": 25211,
      "magicDamageTaken": 13883,
      "timePlayed": 2554,
      "totalHeal": 4236,
      "totalUnitsHealed": 5,
      "assists": 18,
      "item0": 2045,
      "item1": 3143,
      "item2": 3401,
      "item3": 3270,
      "item4": 3068,
      "item6": 3341,
      "sightWardsBought": 2,
      "magicDamageDealtToChampions": 12065,
      "physicalDamageDealtToChampions": 2821,
      "totalDamageDealtToChampions": 14983,
      "trueDamageDealtPlayer": 2369,
      "trueDamageDealtToChampions": 96,
      "trueDamageTaken": 1238,
      "wardPlaced": 23,
      "neutralMinionsKilledYourJungle": 1,
      "totalTimeCrowdControlDealt": 166
    }
  },
  "34563634": {
    "gameId": 824831339,
    "invalid": false,
    "gameMode": "CLASSIC",
    "gameType": "MATCHED_GAME",
    "subType": "CAP_5x5",
    "mapId": 1,
    "teamId": 100,
    "championId": 77,
    "spell1": 11,
    "spell2": 6,
    "level": 30,
    "ipEarned": 115,
    "createDate": 1399032007816,
    "fellowPlayers": [
      {
        "summonerId": 28458914,
        "teamId": 100,
        "championId": 117
      },
      {
        "summonerId": 39259406,
        "teamId": 100,
        "championId": 48
      },
      {
        "summonerId": 30928215,
        "teamId": 200,
        "championId": 24
      },
      {
        "summonerId": 40209416,
        "teamId": 200,
        "championId": 76
      },
      {
        "summonerId": 27810777,
        "teamId": 200,
        "championId": 64
      },
      {
        "summonerId": 29314090,
        "teamId": 100,
        "championId": 236
      },
      {
        "summonerId": 25858908,
        "teamId": 100,
        "championId": 69
      },
      {
        "summonerId": 22634185,
        "teamId": 200,
        "championId": 89
      },
      {
        "summonerId": 41479177,
        "teamId": 200,
        "championId": 236
      }
    ],
    "stats": {
      "level": 18,
      "goldEarned": 17316,
      "numDeaths": 3,
      "turretsKilled": 3,
      "minionsKilled": 114,
      "championsKilled": 8,
      "goldSpent": 16003,
      "totalDamageDealt": 252657,
      "totalDamageTaken": 44775,
      "killingSprees": 3,
      "largestKillingSpree": 4,
      "team": 100,
      "win": true,
      "neutralMinionsKilled": 100,
      "largestMultiKill": 1,
      "physicalDamageDealtPlayer": 188692,
      "magicDamageDealtPlayer": 53913,
      "physicalDamageTaken": 31733,
      "magicDamageTaken": 11724,
      "largestCriticalStrike": 587,
      "timePlayed": 2554,
      "totalHeal": 6825,
      "totalUnitsHealed": 1,
      "assists": 11,
      "item0": 3153,
      "item1": 3143,
      "item2": 3160,
      "item3": 3270,
      "item4": 3078,
      "item5": 3172,
      "item6": 3341,
      "magicDamageDealtToChampions": 1109,
      "physicalDamageDealtToChampions": 26329,
      "totalDamageDealtToChampions": 28793,
      "trueDamageDealtPlayer": 10052,
      "trueDamageDealtToChampions": 1354,
      "trueDamageTaken": 1317,
      "wardKilled": 6,
      "wardPlaced": 5,
      "neutralMinionsKilledEnemyJungle": 21,
      "neutralMinionsKilledYourJungle": 79,
      "totalTimeCrowdControlDealt": 1529
    }
  },
  "29314090": {
    "gameId": 824831339,
    "invalid": false,
    "gameMode": "CLASSIC",
    "gameType": "MATCHED_GAME",
    "subType": "CAP_5x5",
    "mapId": 1,
    "teamId": 100,
    "championId": 236,
    "spell1": 7,
    "spell2": 4,
    "level": 30,
    "ipEarned": 115,
    "createDate": 1399032007818,
    "fellowPlayers": [
      {
        "summonerId": 28458914,
        "teamId": 100,
        "championId": 117
      },
      {
        "summonerId": 39259406,
        "teamId": 100,
        "championId": 48
      },
      {
        "summonerId": 30928215,
        "teamId": 200,
        "championId": 24
      },
      {
        "summonerId": 40209416,
        "teamId": 200,
        "championId": 76
      },
      {
        "summonerId": 27810777,
        "teamId": 200,
        "championId": 64
      },
      {
        "summonerId": 25858908,
        "teamId": 100,
        "championId": 69
      },
      {
        "summonerId": 22634185,
        "teamId": 200,
        "championId": 89
      },
      {
        "summonerId": 41479177,
        "teamId": 200,
        "championId": 236
      },
      {
        "summonerId": 34563634,
        "teamId": 100,
        "championId": 77
      }
    ],
    "stats": {
      "level": 17,
      "goldEarned": 16313,
      "numDeaths": 6,
      "barracksKilled": 2,
      "turretsKilled": 4,
      "minionsKilled": 262,
      "championsKilled": 6,
      "goldSpent": 16763,
      "totalDamageDealt": 156847,
      "totalDamageTaken": 28326,
      "killingSprees": 2,
      "largestKillingSpree": 2,
      "team": 100,
      "win": true,
      "neutralMinionsKilled": 10,
      "largestMultiKill": 1,
      "physicalDamageDealtPlayer": 147561,
      "magicDamageDealtPlayer": 9286,
      "physicalDamageTaken": 18201,
      "magicDamageTaken": 9754,
      "largestCriticalStrike": 827,
      "timePlayed": 2554,
      "totalHeal": 4081,
      "totalUnitsHealed": 5,
      "assists": 9,
      "item0": 3031,
      "item1": 3072,
      "item2": 3250,
      "item3": 3078,
      "item4": 3035,
      "item5": 1031,
      "item6": 3340,
      "magicDamageDealtToChampions": 2941,
      "physicalDamageDealtToChampions": 25100,
      "totalDamageDealtToChampions": 28042,
      "trueDamageTaken": 370,
      "wardPlaced": 11,
      "neutralMinionsKilledEnemyJungle": 4,
      "neutralMinionsKilledYourJungle": 6
    }
  },
  "25858908": {
    "gameId": 824831339,
    "invalid": false,
    "gameMode": "CLASSIC",
    "gameType": "MATCHED_GAME",
    "subType": "CAP_5x5",
    "mapId": 1,
    "teamId": 100,
    "championId": 69,
    "spell1": 4,
    "spell2": 14,
    "level": 30,
    "ipEarned": 265,
    "createDate": 1399032007815,
    "fellowPlayers": [
      {
        "summonerId": 28458914,
        "teamId": 100,
        "championId": 117
      },
      {
        "summonerId": 39259406,
        "teamId": 100,
        "championId": 48
      },
      {
        "summonerId": 30928215,
        "teamId": 200,
        "championId": 24
      },
      {
        "summonerId": 40209416,
        "teamId": 200,
        "championId": 76
      },
      {
        "summonerId": 27810777,
        "teamId": 200,
        "championId": 64
      },
      {
        "summonerId": 29314090,
        "teamId": 100,
        "championId": 236
      },
      {
        "summonerId": 22634185,
        "teamId": 200,
        "championId": 89
      },
      {
        "summonerId": 41479177,
        "teamId": 200,
        "championId": 236
      },
      {
        "summonerId": 34563634,
        "teamId": 100,
        "championId": 77
      }
    ],
    "stats": {
      "level": 18,
      "goldEarned": 14934,
      "numDeaths": 10,
      "turretsKilled": 1,
      "minionsKilled": 172,
      "championsKilled": 10,
      "goldSpent": 14710,
      "totalDamageDealt": 159731,
      "totalDamageTaken": 31421,
      "killingSprees": 2,
      "largestKillingSpree": 5,
      "team": 100,
      "win": true,
      "neutralMinionsKilled": 9,
      "largestMultiKill": 1,
      "physicalDamageDealtPlayer": 24417,
      "magicDamageDealtPlayer": 133672,
      "physicalDamageTaken": 13664,
      "magicDamageTaken": 17269,
      "timePlayed": 2554,
      "totalHeal": 620,
      "totalUnitsHealed": 1,
      "assists": 9,
      "item0": 1056,
      "item1": 3040,
      "item2": 3157,
      "item3": 3255,
      "item4": 3089,
      "item5": 3151,
      "item6": 3340,
      "magicDamageDealtToChampions": 32826,
      "physicalDamageDealtToChampions": 1848,
      "totalDamageDealtToChampions": 36316,
      "trueDamageDealtPlayer": 1642,
      "trueDamageDealtToChampions": 1642,
      "trueDamageTaken": 488,
      "wardPlaced": 11,
      "neutralMinionsKilledEnemyJungle": 3,
      "neutralMinionsKilledYourJungle": 6,
      "totalTimeCrowdControlDealt": 4187
    }
  },
  "40209416": {
    "gameId": 824831339,
    "invalid": false,
    "gameMode": "CLASSIC",
    "gameType": "MATCHED_GAME",
    "subType": "CAP_5x5",
    "mapId": 1,
    "teamId": 200,
    "championId": 76,
    "spell1": 14,
    "spell2": 4,
    "level": 30,
    "ipEarned": 75,
    "createDate": 1399032007823,
    "fellowPlayers": [
      {
        "summonerId": 28458914,
        "teamId": 100,
        "championId": 117
      },
      {
        "summonerId": 39259406,
        "teamId": 100,
        "championId": 48
      },
      {
        "summonerId": 30928215,
        "teamId": 200,
        "championId": 24
      },
      {
        "summonerId": 27810777,
        "teamId": 200,
        "championId": 64
      },
      {
        "summonerId": 29314090,
        "teamId": 100,
        "championId": 236
      },
      {
        "summonerId": 25858908,
        "teamId": 100,
        "championId": 69
      },
      {
        "summonerId": 22634185,
        "teamId": 200,
        "championId": 89
      },
      {
        "summonerId": 41479177,
        "teamId": 200,
        "championId": 236
      },
      {
        "summonerId": 34563634,
        "teamId": 100,
        "championId": 77
      }
    ],
    "stats": {
      "level": 17,
      "goldEarned": 11317,
      "numDeaths": 8,
      "minionsKilled": 181,
      "championsKilled": 3,
      "goldSpent": 10975,
      "totalDamageDealt": 136716,
      "totalDamageTaken": 29478,
      "team": 200,
      "win": false,
      "neutralMinionsKilled": 2,
      "largestMultiKill": 1,
      "physicalDamageDealtPlayer": 35438,
      "magicDamageDealtPlayer": 100913,
      "physicalDamageTaken": 18680,
      "magicDamageTaken": 10241,
      "timePlayed": 2554,
      "totalHeal": 9766,
      "totalUnitsHealed": 5,
      "assists": 5,
      "item0": 3135,
      "item1": 3259,
      "item2": 3089,
      "item3": 3070,
      "item4": 3165,
      "item5": 1052,
      "item6": 3340,
      "magicDamageDealtToChampions": 24528,
      "physicalDamageDealtToChampions": 1201,
      "totalDamageDealtToChampions": 26094,
      "trueDamageDealtPlayer": 364,
      "trueDamageDealtToChampions": 364,
      "trueDamageTaken": 556,
      "wardPlaced": 2,
      "neutralMinionsKilledYourJungle": 2
    }
  },
  "39259406": {
    "gameId": 824831339,
    "invalid": false,
    "gameMode": "CLASSIC",
    "gameType": "MATCHED_GAME",
    "subType": "CAP_5x5",
    "mapId": 1,
    "teamId": 100,
    "championId": 48,
    "spell1": 4,
    "spell2": 14,
    "level": 30,
    "ipEarned": 115,
    "createDate": 1399032007813,
    "fellowPlayers": [
      {
        "summonerId": 28458914,
        "teamId": 100,
        "championId": 117
      },
      {
        "summonerId": 30928215,
        "teamId": 200,
        "championId": 24
      },
      {
        "summonerId": 40209416,
        "teamId": 200,
        "championId": 76
      },
      {
        "summonerId": 27810777,
        "teamId": 200,
        "championId": 64
      },
      {
        "summonerId": 29314090,
        "teamId": 100,
        "championId": 236
      },
      {
        "summonerId": 25858908,
        "teamId": 100,
        "championId": 69
      },
      {
        "summonerId": 22634185,
        "teamId": 200,
        "championId": 89
      },
      {
        "summonerId": 41479177,
        "teamId": 200,
        "championId": 236
      },
      {
        "summonerId": 34563634,
        "teamId": 100,
        "championId": 77
      }
    ],
    "stats": {
      "level": 18,
      "goldEarned": 14356,
      "numDeaths": 3,
      "barracksKilled": 1,
      "turretsKilled": 2,
      "minionsKilled": 170,
      "championsKilled": 6,
      "goldSpent": 10735,
      "totalDamageDealt": 93232,
      "totalDamageTaken": 38005,
      "killingSprees": 2,
      "largestKillingSpree": 3,
      "team": 100,
      "win": true,
      "neutralMinionsKilled": 4,
      "largestMultiKill": 1,
      "physicalDamageDealtPlayer": 84145,
      "magicDamageDealtPlayer": 7118,
      "physicalDamageTaken": 24923,
      "magicDamageTaken": 12546,
      "timePlayed": 2554,
      "totalHeal": 15833,
      "totalUnitsHealed": 1,
      "assists": 11,
      "item0": 2044,
      "item1": 3153,
      "item2": 3143,
      "item3": 3065,
      "item4": 3111,
      "item6": 3340,
      "sightWardsBought": 5,
      "magicDamageDealtToChampions": 5698,
      "physicalDamageDealtToChampions": 9442,
      "totalDamageDealtToChampions": 17109,
      "trueDamageDealtPlayer": 1968,
      "trueDamageDealtToChampions": 1968,
      "trueDamageTaken": 536,
      "wardKilled": 1,
      "wardPlaced": 10,
      "neutralMinionsKilledEnemyJungle": 3,
      "neutralMinionsKilledYourJungle": 1,
      "totalTimeCrowdControlDealt": 660
    }
  },
  "28458914": {
    "gameId": 824831339,
    "invalid": false,
    "gameMode": "CLASSIC",
    "gameType": "MATCHED_GAME",
    "subType": "CAP_5x5",
    "mapId": 1,
    "teamId": 100,
    "championId": 117,
    "spell1": 4,
    "spell2": 2,
    "level": 30,
    "ipEarned": 115,
    "createDate": 1399032007819,
    "fellowPlayers": [
      {
        "summonerId": 39259406,
        "teamId": 100,
        "championId": 48
      },
      {
        "summonerId": 30928215,
        "teamId": 200,
        "championId": 24
      },
      {
        "summonerId": 40209416,
        "teamId": 200,
        "championId": 76
      },
      {
        "summonerId": 27810777,
        "teamId": 200,
        "championId": 64
      },
      {
        "summonerId": 29314090,
        "teamId": 100,
        "championId": 236
      },
      {
        "summonerId": 25858908,
        "teamId": 100,
        "championId": 69
      },
      {
        "summonerId": 22634185,
        "teamId": 200,
        "championId": 89
      },
      {
        "summonerId": 41479177,
        "teamId": 200,
        "championId": 236
      },
      {
        "summonerId": 34563634,
        "teamId": 100,
        "championId": 77
      }
    ],
    "stats": {
      "level": 17,
      "goldEarned": 14797,
      "numDeaths": 5,
      "minionsKilled": 52,
      "championsKilled": 2,
      "goldSpent": 13375,
      "totalDamageDealt": 59902,
      "totalDamageTaken": 19961,
      "killingSprees": 1,
      "largestKillingSpree": 2,
      "team": 100,
      "win": true,
      "neutralMinionsKilled": 1,
      "largestMultiKill": 1,
      "physicalDamageDealtPlayer": 11761,
      "magicDamageDealtPlayer": 48140,
      "physicalDamageTaken": 12248,
      "magicDamageTaken": 7336,
      "timePlayed": 2554,
      "totalHeal": 120,
      "totalUnitsHealed": 1,
      "assists": 14,
      "item0": 3027,
      "item1": 3191,
      "item2": 3092,
      "item3": 3089,
      "item4": 3174,
      "item5": 3158,
      "item6": 3340,
      "magicDamageDealtToChampions": 15848,
      "physicalDamageDealtToChampions": 3275,
      "totalDamageDealtToChampions": 19123,
      "trueDamageTaken": 376,
      "wardKilled": 1,
      "wardPlaced": 11,
      "neutralMinionsKilledYourJungle": 1,
      "totalTimeCrowdControlDealt": 545
    }
  }
}