{
  "42506065": {
    "gameId": 824831350,
    "invalid": false,
    "gameMode": "CLASSIC",
    "gameType": "MATCHED_GAME",
    "subType": "CAP_5x5",
    "mapId": 1,
    "teamId": 100,
    "championId": 11,
    "spell1": 11,
    "spell2": 4,
    "level": 27,
    "ipEarned": 0,
    "createDate": 1399031626100,
    "fellowPlayers": [
      {
        "summonerId": 32300685,
        "teamId": 200,
        "championId": 117
      },
      {
        "summonerId": 36771219,
        "teamId": 100,
        "championId": 222
      },
      {
        "summonerId": 41075208,
        "teamId": 200,
        "championId": 105
      },
      {
        "summonerId": 30072780,
        "teamId": 200,
        "championId": 67
      },
      {
        "summonerId": 43323520,
        "teamId": 100,
        "championId": 16
      },
      {
        "summonerId": 29765011,
        "teamId": 200,
        "championId": 60
      },
      {
        "summonerId": 40725207,
        "teamId": 100,
        "championId": 74
      },
      {
        "summonerId": 25465492,
        "teamId": 100,
        "championId": 24
      },
      {
        "summonerId": 38786967,
        "teamId": 200,
        "championId": 62
      }
    ],
    "stats": {
      "level": 12,
      "goldEarned": 8700,
      "numDeaths": 3,
      "minionsKilled": 18,
      "championsKilled": 4,
      "goldSpent": 7210,
      "totalDamageDealt": 83493,
      "totalDamageTaken": 13128,
      "team": 100,
      "win": true,
      "neutralMinionsKilled": 69,
      "largestMultiKill": 1,
      "physicalDamageDealtPlayer": 60377,
      "magicDamageDealtPlayer": 14170,
      "physicalDamageTaken": 10771,
      "magicDamageTaken": 2168,
      "timePlayed": 1955,
      "totalHeal": 3565,
      "totalUnitsHealed": 1,
      "assists": 1,
      "item0": 3154,
      "item1": 3144,
      "item2": 3006,
      "item3": 1042,
      "item6": 3340,
      "physicalDamageDealtToChampions": 3636,
      "totalDamageDealtToChampions": 3869,
      "trueDamageDealtPlayer": 8945,
      "trueDamageDealtToChampions": 232,
      "trueDamageTaken": 187,
      "wardPlaced": 4,
      "neutralMinionsKilledEnemyJungle": 3,
      "neutralMinionsKilledYourJungle": 66,
      "totalTimeCrowdControlDealt": 252
    }
  },
  "summonerCount": 10,
  "40725207": {
    "gameId": 824831350,
    "invalid": false,
    "gameMode": "CLASSIC",
    "gameType": "MATCHED_GAME",
    "subType": "CAP_5x5",
    "mapId": 1,
    "teamId": 100,
    "championId": 74,
    "spell1": 4,
    "spell2": 14,
    "level": 30,
    "ipEarned": 92,
    "createDate": 1399031626098,
    "fellowPlayers": [
      {
        "summonerId": 42506065,
        "teamId": 100,
        "championId": 11
      },
      {
        "summonerId": 32300685,
        "teamId": 200,
        "championId": 117
      },
      {
        "summonerId": 36771219,
        "teamId": 100,
        "championId": 222
      },
      {
        "summonerId": 41075208,
        "teamId": 200,
        "championId": 105
      },
      {
        "summonerId": 30072780,
        "teamId": 200,
        "championId": 67
      },
      {
        "summonerId": 43323520,
        "teamId": 100,
        "championId": 16
      },
      {
        "summonerId": 29765011,
        "teamId": 200,
        "championId": 60
      },
      {
        "summonerId": 25465492,
        "teamId": 100,
        "championId": 24
      },
      {
        "summonerId": 38786967,
        "teamId": 200,
        "championId": 62
      }
    ],
    "stats": {
      "level": 17,
      "goldEarned": 14465,
      "numDeaths": 5,
      "barracksKilled": 1,
      "minionsKilled": 203,
      "championsKilled": 13,
      "goldSpent": 12780,
      "totalDamageDealt": 148089,
      "totalDamageTaken": 15486,
      "doubleKills": 2,
      "tripleKills": 1,
      "killingSprees": 3,
      "largestKillingSpree": 5,
      "team": 100,
      "win": true,
      "neutralMinionsKilled": 3,
      "largestMultiKill": 3,
      "physicalDamageDealtPlayer": 22266,
      "magicDamageDealtPlayer": 124986,
      "physicalDamageTaken": 8106,
      "magicDamageTaken": 6710,
      "timePlayed": 1955,
      "totalHeal": 869,
      "totalUnitsHealed": 1,
      "assists": 12,
      "item0": 3157,
      "item1": 3135,
      "item2": 3089,
      "item3": 1057,
      "item5": 3255,
      "item6": 3340,
      "magicDamageDealtToChampions": 26123,
      "physicalDamageDealtToChampions": 1158,
      "totalDamageDealtToChampions": 27855,
      "trueDamageDealtPlayer": 836,
      "trueDamageDealtToChampions": 574,
      "trueDamageTaken": 669,
      "wardPlaced": 7,
      "neutralMinionsKilledYourJungle": 3,
      "totalTimeCrowdControlDealt": 123
    }
  },
  "30072780": {
    "gameId": 824831350,
    "invalid": false,
    "gameMode": "CLASSIC",
    "gameType": "MATCHED_GAME",
    "subType": "CAP_5x5",
    "mapId": 1,
    "teamId": 200,
    "championId": 67,
    "spell1": 21,
    "spell2": 4,
    "level": 30,
    "ipEarned": 61,
    "createDate": 1399031626103,
    "fellowPlayers": [
      {
        "summonerId": 42506065,
        "teamId": 100,
        "championId": 11
      },
      {
        "summonerId": 32300685,
        "teamId": 200,
        "championId": 117
      },
      {
        "summonerId": 36771219,
        "teamId": 100,
        "championId": 222
      },
      {
        "summonerId": 41075208,
        "teamId": 200,
        "championId": 105
      },
      {
        "summonerId": 43323520,
        "teamId": 100,
        "championId": 16
      },
      {
        "summonerId": 29765011,
        "teamId": 200,
        "championId": 60
      },
      {
        "summonerId": 40725207,
        "teamId": 100,
        "championId": 74
      },
      {
        "summonerId": 25465492,
        "teamId": 100,
        "championId": 24
      },
      {
        "summonerId": 38786967,
        "teamId": 200,
        "championId": 62
      }
    ],
    "stats": {
      "level": 13,
      "goldEarned": 9089,
      "numDeaths": 9,
      "turretsKilled": 1,
      "minionsKilled": 128,
      "championsKilled": 6,
      "goldSpent": 9205,
      "totalDamageDealt": 61851,
      "totalDamageTaken": 23077,
      "killingSprees": 1,
      "largestKillingSpree": 3,
      "team": 200,
      "win": false,
      "largestMultiKill": 1,
      "physicalDamageDealtPlayer": 57446,
      "magicDamageDealtPlayer": 552,
      "physicalDamageTaken": 18481,
      "magicDamageTaken": 4398,
      "largestCriticalStrike": 477,
      "timePlayed": 1955,
      "totalHeal": 532,
      "totalUnitsHealed": 1,
      "assists": 4,
      "item0": 3006,
      "item1": 3153,
      "item2": 3046,
      "item3": 1036,
      "item4": 1018,
      "item6": 3340,
      "magicDamageDealtToChampions": 395,
      "physicalDamageDealtToChampions": 12559,
      "totalDamageDealtToChampions": 14793,
      "trueDamageDealtPlayer": 3853,
      "trueDamageDealtToChampions": 1838,
      "trueDamageTaken": 197,
      "wardPlaced": 6,
      "totalTimeCrowdControlDealt": 2100
    }
  },
  "32300685": {
    "gameId": 824831350,
    "invalid": false,
    "gameMode": "CLASSIC",
    "gameType": "MATCHED_GAME",
    "subType": "CAP_5x5",
    "mapId": 1,
    "teamId": 200,
    "championId": 117,
    "spell1": 7,
    "spell2": 4,
    "level": 30,
    "ipEarned": 61,
    "createDate": 1399031626104,
    "fellowPlayers": [
      {
        "summonerId": 42506065,
        "teamId": 100,
        "championId": 11
      },
      {
        "summonerId": 36771219,
        "teamId": 100,
        "championId": 222
      },
      {
        "summonerId": 41075208,
        "teamId": 200,
        "championId": 105
      },
      {
        "summonerId": 30072780,
        "teamId": 200,
        "championId": 67
      },
      {
        "summonerId": 43323520,
        "teamId": 100,
        "championId": 16
      },
      {
        "summonerId": 29765011,
        "teamId": 200,
        "championId": 60
      },
      {
        "summonerId": 40725207,
        "teamId": 100,
        "championId": 74
      },
      {
        "summonerId": 25465492,
        "teamId": 100,
        "championId": 24
      },
      {
        "summonerId": 38786967,
        "teamId": 200,
        "championId": 62
      }
    ],
    "stats": {
      "level": 13,
      "goldEarned": 9414,
      "numDeaths": 9,
      "minionsKilled": 30,
      "championsKilled": 3,
      "goldSpent": 9930,
      "totalDamageDealt": 44237,
      "totalDamageTaken": 26123,
      "team": 200,
      "win": false,
      "neutralMinionsKilled": 3,
      "largestMultiKill": 1,
      "physicalDamageDealtPlayer": 10222,
      "magicDamageDealtPlayer": 33708,
      "physicalDamageTaken": 16900,
      "magicDamageTaken": 8830,
      "largestCriticalStrike": 159,
      "timePlayed": 1955,
      "totalHeal": 2187,
      "totalUnitsHealed": 3,
      "assists": 11,
      "item0": 3255,
      "item1": 3157,
      "item2": 3092,
      "item3": 1052,
      "item6": 3363,
      "sightWardsBought": 1,
      "visionWardsBought": 1,
      "magicDamageDealtToChampions": 11286,
      "physicalDamageDealtToChampions": 3533,
      "totalDamageDealtToChampions": 14947,
      "trueDamageDealtPlayer": 306,
      "trueDamageDealtToChampions": 128,
      "trueDamageTaken": 393,
      "wardKilled": 1,
      "wardPlaced": 7,
      "neutralMinionsKilledEnemyJungle": 3,
      "totalTimeCrowdControlDealt": 1626
    }
  },
  "41075208": {
    "gameId": 824831350,
    "invalid": false,
    "gameMode": "CLASSIC",
    "gameType": "MATCHED_GAME",
    "subType": "CAP_5x5",
    "mapId": 1,
    "teamId": 200,
    "championId": 105,
    "spell1": 14,
    "spell2": 4,
    "level": 27,
    "ipEarned": 61,
    "createDate": 1399031626105,
    "fellowPlayers": [
      {
        "summonerId": 42506065,
        "teamId": 100,
        "championId": 11
      },
      {
        "summonerId": 32300685,
        "teamId": 200,
        "championId": 117
      },
      {
        "summonerId": 36771219,
        "teamId": 100,
        "championId": 222
      },
      {
        "summonerId": 30072780,
        "teamId": 200,
        "championId": 67
      },
      {
        "summonerId": 43323520,
        "teamId": 100,
        "championId": 16
      },
      {
        "summonerId": 29765011,
        "teamId": 200,
        "championId": 60
      },
      {
        "summonerId": 40725207,
        "teamId": 100,
        "championId": 74
      },
      {
        "summonerId": 25465492,
        "teamId": 100,
        "championId": 24
      },
      {
        "summonerId": 38786967,
        "teamId": 200,
        "championId": 62
      }
    ],
    "stats": {
      "level": 13,
      "goldEarned": 7458,
      "numDeaths": 11,
      "minionsKilled": 51,
      "championsKilled": 5,
      "goldSpent": 7215,
      "totalDamageDealt": 39129,
      "totalDamageTaken": 21445,
      "doubleKills": 1,
      "tripleKills": 1,
      "killingSprees": 1,
      "largestKillingSpree": 3,
      "team": 200,
      "win": false,
      "neutralMinionsKilled": 1,
      "largestMultiKill": 3,
      "physicalDamageDealtPlayer": 12330,
      "magicDamageDealtPlayer": 26248,
      "physicalDamageTaken": 8820,
      "magicDamageTaken": 12550,
      "timePlayed": 1955,
      "assists": 5,
      "item0": 3157,
      "item1": 3100,
      "item5": 1001,
      "item6": 3340,
      "magicDamageDealtToChampions": 7002,
      "physicalDamageDealtToChampions": 1735,
      "totalDamageDealtToChampions": 9287,
      "trueDamageDealtPlayer": 550,
      "trueDamageDealtToChampions": 550,
      "trueDamageTaken": 74,
      "wardPlaced": 7,
      "neutralMinionsKilledYourJungle": 1,
      "totalTimeCrowdControlDealt": 3612
    }
  },
  "38786967": {
    "gameId": 824831350,
    "invalid": false,
    "gameMode": "CLASSIC",
    "gameType": "MATCHED_GAME",
    "subType": "CAP_5x5",
    "mapId": 1,
    "teamId": 200,
    "championId": 62,
    "spell1": 4,
    "spell2": 11,
    "level": 28,
    "ipEarned": 61,
    "createDate": 1399031626108,
    "fellowPlayers": [
      {
        "summonerId": 42506065,
        "teamId": 100,
        "championId": 11
      },
      {
        "summonerId": 32300685,
        "teamId": 200,
        "championId": 117
      },
      {
        "summonerId": 36771219,
        "teamId": 100,
        "championId": 222
      },
      {
        "summonerId": 41075208,
        "teamId": 200,
        "championId": 105
      },
      {
        "summonerId": 30072780,
        "teamId": 200,
        "championId": 67
      },
      {
        "summonerId": 43323520,
        "teamId": 100,
        "championId": 16
      },
      {
        "summonerId": 29765011,
        "teamId": 200,
        "championId": 60
      },
      {
        "summonerId": 40725207,
        "teamId": 100,
        "championId": 74
      },
      {
        "summonerId": 25465492,
        "teamId": 100,
        "championId": 24
      }
    ],
    "stats": {
      "level": 14,
      "goldEarned": 7080,
      "numDeaths": 6,
      "minionsKilled": 39,
      "championsKilled": 1,
      "goldSpent": 5622,
      "totalDamageDealt": 87856,
      "totalDamageTaken": 21983,
      "team": 200,
      "win": false,
      "neutralMinionsKilled": 54,
      "largestMultiKill": 1,
      "physicalDamageDealtPlayer": 65660,
      "magicDamageDealtPlayer": 16622,
      "physicalDamageTaken": 13218,
      "magicDamageTaken": 8462,
      "timePlayed": 1955,
      "totalHeal": 1711,
      "totalUnitsHealed": 1,
      "assists": 5,
      "item0": 3047,
      "item1": 1028,
      "item2": 3134,
      "item3": 3154,
      "item6": 3340,
      "magicDamageDealtToChampions": 101,
      "physicalDamageDealtToChampions": 8794,
      "totalDamageDealtToChampions": 9092,
      "trueDamageDealtPlayer": 5574,
      "trueDamageDealtToChampions": 196,
      "trueDamageTaken": 302,
      "wardPlaced": 3,
      "neutralMinionsKilledYourJungle": 54,
      "totalTimeCrowdControlDealt": 6392
    }
  },
  "36771219": {
    "gameId": 824831350,
    "invalid": false,
    "gameMode": "CLASSIC",
    "gameType": "MATCHED_GAME",
    "subType": "CAP_5x5",
    "mapId": 1,
    "teamId": 100,
    "championId": 222,
    "spell1": 7,
    "spell2": 4,
    "level": 30,
    "ipEarned": 92,
    "createDate": 1399031626096,
    "fellowPlayers": [
      {
        "summonerId": 42506065,
        "teamId": 100,
        "championId": 11
      },
      {
        "summonerId": 32300685,
        "teamId": 200,
        "championId": 117
      },
      {
        "summonerId": 41075208,
        "teamId": 200,
        "championId": 105
      },
      {
        "summonerId": 30072780,
        "teamId": 200,
        "championId": 67
      },
      {
        "summonerId": 43323520,
        "teamId": 100,
        "championId": 16
      },
      {
        "summonerId": 29765011,
        "teamId": 200,
        "championId": 60
      },
      {
        "summonerId": 40725207,
        "teamId": 100,
        "championId": 74
      },
      {
        "summonerId": 25465492,
        "teamId": 100,
        "championId": 24
      },
      {
        "summonerId": 38786967,
        "teamId": 200,
        "championId": 62
      }
    ],
    "stats": {
      "level": 16,
      "goldEarned": 13636,
      "numDeaths": 4,
      "turretsKilled": 2,
      "minionsKilled": 150,
      "championsKilled": 14,
      "goldSpent": 13835,
      "totalDamageDealt": 136344,
      "totalDamageTaken": 22112,
      "doubleKills": 2,
      "tripleKills": 2,
      "killingSprees": 2,
      "largestKillingSpree": 11,
      "team": 100,
      "win": true,
      "neutralMinionsKilled": 6,
      "largestMultiKill": 3,
      "physicalDamageDealtPlayer": 127135,
      "magicDamageDealtPlayer": 9208,
      "physicalDamageTaken": 15084,
      "magicDamageTaken": 5634,
      "largestCriticalStrike": 748,
      "timePlayed": 1955,
      "totalHeal": 2472,
      "totalUnitsHealed": 3,
      "assists": 11,
      "item0": 1055,
      "item1": 3072,
      "item2": 3006,
      "item3": 3031,
      "item4": 3087,
      "item6": 3340,
      "magicDamageDealtToChampions": 2242,
      "physicalDamageDealtToChampions": 30551,
      "totalDamageDealtToChampions": 32793,
      "trueDamageTaken": 1392,
      "wardPlaced": 8,
      "neutralMinionsKilledEnemyJungle": 3,
      "neutralMinionsKilledYourJungle": 3,
      "totalTimeCrowdControlDealt": 154
    }
  },
  "29765011": {
    "gameId": 824831350,
    "invalid": false,
    "gameMode": "CLASSIC",
    "gameType": "MATCHED_GAME",
    "subType": "CAP_5x5",
    "mapId": 1,
    "teamId": 200,
    "championId": 60,
    "spell1": 4,
    "spell2": 14,
    "level": 30,
    "ipEarned": 61,
    "createDate": 1399031626107,
    "fellowPlayers": [
      {
        "summonerId": 42506065,
        "teamId": 100,
        "championId": 11
      },
      {
        "summonerId": 32300685,
        "teamId": 200,
        "championId": 117
      },
      {
        "summonerId": 36771219,
        "teamId": 100,
        "championId": 222
      },
      {
        "summonerId": 41075208,
        "teamId": 200,
        "championId": 105
      },
      {
        "summonerId": 30072780,
        "teamId": 200,
        "championId": 67
      },
      {
        "summonerId": 43323520,
        "teamId": 100,
        "championId": 16
      },
      {
        "summonerId": 40725207,
        "teamId": 100,
        "championId": 74
      },
      {
        "summonerId": 25465492,
        "teamId": 100,
        "championId": 24
      },
      {
        "summonerId": 38786967,
        "teamId": 200,
        "championId": 62
      }
    ],
    "stats": {
      "level": 15,
      "goldEarned": 8863,
      "numDeaths": 4,
      "turretsKilled": 1,
      "minionsKilled": 144,
      "championsKilled": 4,
      "goldSpent": 7965,
      "totalDamageDealt": 90358,
      "totalDamageTaken": 15149,
      "killingSprees": 1,
      "largestKillingSpree": 3,
      "team": 200,
      "win": false,
      "neutralMinionsKilled": 12,
      "largestMultiKill": 1,
      "physicalDamageDealtPlayer": 35015,
      "magicDamageDealtPlayer": 54667,
      "physicalDamageTaken": 11575,
      "magicDamageTaken": 3216,
      "timePlayed": 1955,
      "totalHeal": 1113,
      "totalUnitsHealed": 1,
      "item0": 3089,
      "item1": 3060,
      "item2": 1001,
      "item3": 2044,
      "item4": 1011,
      "item6": 3340,
      "sightWardsBought": 3,
      "magicDamageDealtToChampions": 9239,
      "physicalDamageDealtToChampions": 2167,
      "totalDamageDealtToChampions": 12083,
      "trueDamageDealtPlayer": 676,
      "trueDamageDealtToChampions": 676,
      "trueDamageTaken": 358,
      "wardPlaced": 4,
      "neutralMinionsKilledEnemyJungle": 1,
      "neutralMinionsKilledYourJungle": 11,
      "totalTimeCrowdControlDealt": 20
    }
  },
  "43323520": {
    "gameId": 824831350,
    "invalid": false,
    "gameMode": "CLASSIC",
    "gameType": "MATCHED_GAME",
    "subType": "CAP_5x5",
    "mapId": 1,
    "teamId": 100,
    "championId": 16,
    "spell1": 3,
    "spell2": 4,
    "level": 29,
    "ipEarned": 92,
    "createDate": 1399031626099,
    "fellowPlayers": [
      {
        "summonerId": 42506065,
        "teamId": 100,
        "championId": 11
      },
      {
        "summonerId": 32300685,
        "teamId": 200,
        "championId": 117
      },
      {
        "summonerId": 36771219,
        "teamId": 100,
        "championId": 222
      },
      {
        "summonerId": 41075208,
        "teamId": 200,
        "championId": 105
      },
      {
        "summonerId": 30072780,
        "teamId": 200,
        "championId": 67
      },
      {
        "summonerId": 29765011,
        "teamId": 200,
        "championId": 60
      },
      {
        "summonerId": 40725207,
        "teamId": 100,
        "championId": 74
      },
      {
        "summonerId": 25465492,
        "teamId": 100,
        "championId": 24
      },
      {
        "summonerId": 38786967,
        "teamId": 200,
        "championId": 62
      }
    ],
    "stats": {
      "level": 15,
      "goldEarned": 8842,
      "numDeaths": 4,
      "turretsKilled": 1,
      "minionsKilled": 4,
      "goldSpent": 7505,
      "totalDamageDealt": 14649,
      "totalDamageTaken": 12625,
      "team": 100,
      "win": true,
      "physicalDamageDealtPlayer": 6691,
      "magicDamageDealtPlayer": 7958,
      "physicalDamageTaken": 7442,
      "magicDamageTaken": 4616,
      "timePlayed": 1955,
      "totalHeal": 13694,
      "totalUnitsHealed": 5,
      "assists": 16,
      "item0": 3301,
      "item1": 2049,
      "item2": 3174,
      "item3": 3110,
      "item4": 3047,
      "item6": 3340,
      "magicDamageDealtToChampions": 4673,
      "physicalDamageDealtToChampions": 1993,
      "totalDamageDealtToChampions": 6666,
      "trueDamageTaken": 565,
      "wardPlaced": 17,
      "totalTimeCrowdControlDealt": 325
    }
  },
  "42506065": {
    "gameId": 824831350,
    "invalid": false,
    "gameMode": "CLASSIC",
    "gameType": "MATCHED_GAME",
    "subType": "CAP_5x5",
    "mapId": 1,
    "teamId": 100,
    "championId": 11,
    "spell1": 11,
    "spell2": 4,
    "level": 27,
    "ipEarned": 0,
    "createDate": 1399031626100,
    "fellowPlayers": [
      {
        "summonerId": 32300685,
        "teamId": 200,
        "championId": 117
      },
      {
        "summonerId": 36771219,
        "teamId": 100,
        "championId": 222
      },
      {
        "summonerId": 41075208,
        "teamId": 200,
        "championId": 105
      },
      {
        "summonerId": 30072780,
        "teamId": 200,
        "championId": 67
      },
      {
        "summonerId": 43323520,
        "teamId": 100,
        "championId": 16
      },
      {
        "summonerId": 29765011,
        "teamId": 200,
        "championId": 60
      },
      {
        "summonerId": 40725207,
        "teamId": 100,
        "championId": 74
      },
      {
        "summonerId": 25465492,
        "teamId": 100,
        "championId": 24
      },
      {
        "summonerId": 38786967,
        "teamId": 200,
        "championId": 62
      }
    ],
    "stats": {
      "level": 12,
      "goldEarned": 8700,
      "numDeaths": 3,
      "minionsKilled": 18,
      "championsKilled": 4,
      "goldSpent": 7210,
      "totalDamageDealt": 83493,
      "totalDamageTaken": 13128,
      "team": 100,
      "win": true,
      "neutralMinionsKilled": 69,
      "largestMultiKill": 1,
      "physicalDamageDealtPlayer": 60377,
      "magicDamageDealtPlayer": 14170,
      "physicalDamageTaken": 10771,
      "magicDamageTaken": 2168,
      "timePlayed": 1955,
      "totalHeal": 3565,
      "totalUnitsHealed": 1,
      "assists": 1,
      "item0": 3154,
      "item1": 3144,
      "item2": 3006,
      "item3": 1042,
      "item6": 3340,
      "physicalDamageDealtToChampions": 3636,
      "totalDamageDealtToChampions": 3869,
      "trueDamageDealtPlayer": 8945,
      "trueDamageDealtToChampions": 232,
      "trueDamageTaken": 187,
      "wardPlaced": 4,
      "neutralMinionsKilledEnemyJungle": 3,
      "neutralMinionsKilledYourJungle": 66,
      "totalTimeCrowdControlDealt": 252
    }
  }
}