{
  "39405507": {
    "gameId": 824831330,
    "invalid": false,
    "gameMode": "CLASSIC",
    "gameType": "MATCHED_GAME",
    "subType": "CAP_5x5",
    "mapId": 1,
    "teamId": 200,
    "championId": 77,
    "spell1": 6,
    "spell2": 12,
    "level": 30,
    "ipEarned": 52,
    "createDate": 1399030897147,
    "fellowPlayers": [
      {
        "summonerId": 22505660,
        "teamId": 100,
        "championId": 68
      },
      {
        "summonerId": 24066176,
        "teamId": 100,
        "championId": 10
      },
      {
        "summonerId": 25854012,
        "teamId": 200,
        "championId": 81
      },
      {
        "summonerId": 25131934,
        "teamId": 100,
        "championId": 110
      },
      {
        "summonerId": 32468242,
        "teamId": 100,
        "championId": 77
      },
      {
        "summonerId": 24402259,
        "teamId": 100,
        "championId": 89
      },
      {
        "summonerId": 31175188,
        "teamId": 200,
        "championId": 105
      },
      {
        "summonerId": 42339024,
        "teamId": 200,
        "championId": 4
      },
      {
        "summonerId": 31255086,
        "teamId": 200,
        "championId": 67
      }
    ],
    "stats": {
      "level": 13,
      "goldEarned": 6527,
      "numDeaths": 8,
      "turretsKilled": 1,
      "minionsKilled": 120,
      "goldSpent": 7500,
      "totalDamageDealt": 80510,
      "totalDamageTaken": 19858,
      "team": 200,
      "win": false,
      "neutralMinionsKilled": 8,
      "physicalDamageDealtPlayer": 28336,
      "magicDamageDealtPlayer": 52174,
      "physicalDamageTaken": 6280,
      "magicDamageTaken": 12495,
      "timePlayed": 1589,
      "totalHeal": 280,
      "totalUnitsHealed": 1,
      "assists": 1,
      "item0": 2041,
      "item1": 3172,
      "item2": 3057,
      "item3": 1033,
      "item4": 1001,
      "item5": 3070,
      "item6": 3340,
      "sightWardsBought": 2,
      "magicDamageDealtToChampions": 2977,
      "physicalDamageDealtToChampions": 2003,
      "totalDamageDealtToChampions": 4980,
      "trueDamageTaken": 1082,
      "wardPlaced": 4,
      "neutralMinionsKilledYourJungle": 8,
      "totalTimeCrowdControlDealt": 43
    }
  },
  "summonerCount": 10,
  "25131934": {
    "gameId": 824831330,
    "invalid": false,
    "gameMode": "CLASSIC",
    "gameType": "MATCHED_GAME",
    "subType": "CAP_5x5",
    "mapId": 1,
    "teamId": 100,
    "championId": 110,
    "spell1": 4,
    "spell2": 7,
    "level": 30,
    "ipEarned": 78,
    "createDate": 1399030897137,
    "fellowPlayers": [
      {
        "summonerId": 22505660,
        "teamId": 100,
        "championId": 68
      },
      {
        "summonerId": 24066176,
        "teamId": 100,
        "championId": 10
      },
      {
        "summonerId": 25854012,
        "teamId": 200,
        "championId": 81
      },
      {
        "summonerId": 32468242,
        "teamId": 100,
        "championId": 77
      },
      {
        "summonerId": 39405507,
        "teamId": 200,
        "championId": 77
      },
      {
        "summonerId": 24402259,
        "teamId": 100,
        "championId": 89
      },
      {
        "summonerId": 31175188,
        "teamId": 200,
        "championId": 105
      },
      {
        "summonerId": 42339024,
        "teamId": 200,
        "championId": 4
      },
      {
        "summonerId": 31255086,
        "teamId": 200,
        "championId": 67
      }
    ],
    "stats": {
      "level": 13,
      "goldEarned": 7687,
      "numDeaths": 5,
      "turretsKilled": 1,
      "minionsKilled": 126,
      "championsKilled": 1,
      "goldSpent": 6460,
      "totalDamageDealt": 74746,
      "totalDamageTaken": 16771,
      "team": 100,
      "win": true,
      "neutralMinionsKilled": 14,
      "largestMultiKill": 1,
      "physicalDamageDealtPlayer": 67349,
      "magicDamageDealtPlayer": 7363,
      "physicalDamageTaken": 12284,
      "magicDamageTaken": 3737,
      "timePlayed": 1589,
      "totalHeal": 1530,
      "totalUnitsHealed": 1,
      "assists": 1,
      "item0": 1055,
      "item1": 3072,
      "item2": 3252,
      "item3": 2003,
      "item4": 1037,
      "item5": 1036,
      "item6": 3340,
      "magicDamageDealtToChampions": 1160,
      "physicalDamageDealtToChampions": 5171,
      "totalDamageDealtToChampions": 6331,
      "trueDamageDealtPlayer": 34,
      "trueDamageTaken": 749,
      "wardPlaced": 4,
      "neutralMinionsKilledEnemyJungle": 1,
      "neutralMinionsKilledYourJungle": 13,
      "totalTimeCrowdControlDealt": 99
    }
  },
  "42339024": {
    "gameId": 824831330,
    "invalid": false,
    "gameMode": "CLASSIC",
    "gameType": "MATCHED_GAME",
    "subType": "CAP_5x5",
    "mapId": 1,
    "teamId": 200,
    "championId": 4,
    "spell1": 4,
    "spell2": 14,
    "level": 30,
    "ipEarned": 52,
    "createDate": 1399030897146,
    "fellowPlayers": [
      {
        "summonerId": 22505660,
        "teamId": 100,
        "championId": 68
      },
      {
        "summonerId": 24066176,
        "teamId": 100,
        "championId": 10
      },
      {
        "summonerId": 25854012,
        "teamId": 200,
        "championId": 81
      },
      {
        "summonerId": 25131934,
        "teamId": 100,
        "championId": 110
      },
      {
        "summonerId": 32468242,
        "teamId": 100,
        "championId": 77
      },
      {
        "summonerId": 39405507,
        "teamId": 200,
        "championId": 77
      },
      {
        "summonerId": 24402259,
        "teamId": 100,
        "championId": 89
      },
      {
        "summonerId": 31175188,
        "teamId": 200,
        "championId": 105
      },
      {
        "summonerId": 31255086,
        "teamId": 200,
        "championId": 67
      }
    ],
    "stats": {
      "level": 14,
      "goldEarned": 8893,
      "numDeaths": 8,
      "minionsKilled": 137,
      "championsKilled": 6,
      "goldSpent": 8525,
      "totalDamageDealt": 84318,
      "totalDamageTaken": 16366,
      "killingSprees": 1,
      "largestKillingSpree": 3,
      "team": 200,
      "win": false,
      "largestMultiKill": 1,
      "physicalDamageDealtPlayer": 9643,
      "magicDamageDealtPlayer": 74144,
      "physicalDamageTaken": 6283,
      "magicDamageTaken": 9681,
      "timePlayed": 1589,
      "totalHeal": 514,
      "totalUnitsHealed": 1,
      "assists": 2,
      "item0": 3100,
      "item1": 3089,
      "item2": 1056,
      "item3": 1056,
      "item4": 3020,
      "item6": 3340,
      "sightWardsBought": 2,
      "magicDamageDealtToChampions": 12497,
      "physicalDamageDealtToChampions": 1449,
      "totalDamageDealtToChampions": 14477,
      "trueDamageDealtPlayer": 530,
      "trueDamageDealtToChampions": 530,
      "trueDamageTaken": 402,
      "wardPlaced": 8,
      "totalTimeCrowdControlDealt": 161
    }
  },
  "32468242": {
    "gameId": 824831330,
    "invalid": false,
    "gameMode": "CLASSIC",
    "gameType": "MATCHED_GAME",
    "subType": "CAP_5x5",
    "mapId": 1,
    "teamId": 100,
    "championId": 77,
    "spell1": 11,
    "spell2": 4,
    "level": 30,
    "ipEarned": 78,
    "createDate": 1399030897141,
    "fellowPlayers": [
      {
        "summonerId": 22505660,
        "teamId": 100,
        "championId": 68
      },
      {
        "summonerId": 24066176,
        "teamId": 100,
        "championId": 10
      },
      {
        "summonerId": 25854012,
        "teamId": 200,
        "championId": 81
      },
      {
        "summonerId": 25131934,
        "teamId": 100,
        "championId": 110
      },
      {
        "summonerId": 39405507,
        "teamId": 200,
        "championId": 77
      },
      {
        "summonerId": 24402259,
        "teamId": 100,
        "championId": 89
      },
      {
        "summonerId": 31175188,
        "teamId": 200,
        "championId": 105
      },
      {
        "summonerId": 42339024,
        "teamId": 200,
        "championId": 4
      },
      {
        "summonerId": 31255086,
        "teamId": 200,
        "championId": 67
      }
    ],
    "stats": {
      "level": 14,
      "goldEarned": 9249,
      "numDeaths": 4,
      "minionsKilled": 22,
      "championsKilled": 3,
      "goldSpent": 8398,
      "totalDamageDealt": 173691,
      "totalDamageTaken": 22306,
      "team": 100,
      "win": true,
      "neutralMinionsKilled": 133,
      "largestMultiKill": 1,
      "physicalDamageDealtPlayer": 57195,
      "magicDamageDealtPlayer": 101754,
      "physicalDamageTaken": 17093,
      "magicDamageTaken": 4698,
      "largestCriticalStrike": 343,
      "timePlayed": 1589,
      "totalHeal": 6085,
      "totalUnitsHealed": 1,
      "assists": 1,
      "item0": 3009,
      "item1": 3078,
      "item2": 3160,
      "item3": 1011,
      "item4": 1031,
      "item6": 3340,
      "magicDamageDealtToChampions": 3276,
      "physicalDamageDealtToChampions": 4048,
      "totalDamageDealtToChampions": 7888,
      "trueDamageDealtPlayer": 14742,
      "trueDamageDealtToChampions": 564,
      "trueDamageTaken": 514,
      "wardPlaced": 6,
      "neutralMinionsKilledEnemyJungle": 18,
      "neutralMinionsKilledYourJungle": 115,
      "totalTimeCrowdControlDealt": 722
    }
  },
  "24066176": {
    "gameId": 824831330,
    "invalid": false,
    "gameMode": "CLASSIC",
    "gameType": "MATCHED_GAME",
    "subType": "CAP_5x5",
    "mapId": 1,
    "teamId": 100,
    "championId": 10,
    "spell1": 4,
    "spell2": 14,
    "level": 30,
    "ipEarned": 78,
    "createDate": 1399030897139,
    "fellowPlayers": [
      {
        "summonerId": 22505660,
        "teamId": 100,
        "championId": 68
      },
      {
        "summonerId": 25854012,
        "teamId": 200,
        "championId": 81
      },
      {
        "summonerId": 25131934,
        "teamId": 100,
        "championId": 110
      },
      {
        "summonerId": 32468242,
        "teamId": 100,
        "championId": 77
      },
      {
        "summonerId": 39405507,
        "teamId": 200,
        "championId": 77
      },
      {
        "summonerId": 24402259,
        "teamId": 100,
        "championId": 89
      },
      {
        "summonerId": 31175188,
        "teamId": 200,
        "championId": 105
      },
      {
        "summonerId": 42339024,
        "teamId": 200,
        "championId": 4
      },
      {
        "summonerId": 31255086,
        "teamId": 200,
        "championId": 67
      }
    ],
    "stats": {
      "level": 15,
      "goldEarned": 11351,
      "numDeaths": 2,
      "turretsKilled": 3,
      "minionsKilled": 161,
      "championsKilled": 11,
      "goldSpent": 9035,
      "totalDamageDealt": 98287,
      "totalDamageTaken": 15542,
      "killingSprees": 3,
      "largestKillingSpree": 6,
      "team": 100,
      "win": true,
      "neutralMinionsKilled": 3,
      "largestMultiKill": 1,
      "physicalDamageDealtPlayer": 27556,
      "magicDamageDealtPlayer": 70256,
      "physicalDamageTaken": 7733,
      "magicDamageTaken": 7627,
      "timePlayed": 1589,
      "totalHeal": 5075,
      "totalUnitsHealed": 5,
      "assists": 5,
      "item0": 1056,
      "item1": 3115,
      "item2": 3020,
      "item3": 3124,
      "item4": 1026,
      "item6": 3340,
      "sightWardsBought": 7,
      "magicDamageDealtToChampions": 14928,
      "physicalDamageDealtToChampions": 3768,
      "totalDamageDealtToChampions": 19171,
      "trueDamageDealtPlayer": 474,
      "trueDamageDealtToChampions": 474,
      "trueDamageTaken": 182,
      "wardPlaced": 17,
      "neutralMinionsKilledEnemyJungle": 3,
      "totalTimeCrowdControlDealt": 111
    }
  },
  "31255086": {
    "gameId": 824831330,
    "invalid": false,
    "gameMode": "CLASSIC",
    "gameType": "MATCHED_GAME",
    "subType": "CAP_5x5",
    "mapId": 1,
    "teamId": 200,
    "championId": 67,
    "spell1": 4,
    "spell2": 7,
    "level": 30,
    "ipEarned": 0,
    "createDate": 1399030897144,
    "fellowPlayers": [
      {
        "summonerId": 22505660,
        "teamId": 100,
        "championId": 68
      },
      {
        "summonerId": 24066176,
        "teamId": 100,
        "championId": 10
      },
      {
        "summonerId": 25854012,
        "teamId": 200,
        "championId": 81
      },
      {
        "summonerId": 25131934,
        "teamId": 100,
        "championId": 110
      },
      {
        "summonerId": 32468242,
        "teamId": 100,
        "championId": 77
      },
      {
        "summonerId": 39405507,
        "teamId": 200,
        "championId": 77
      },
      {
        "summonerId": 24402259,
        "teamId": 100,
        "championId": 89
      },
      {
        "summonerId": 31175188,
        "teamId": 200,
        "championId": 105
      },
      {
        "summonerId": 42339024,
        "teamId": 200,
        "championId": 4
      }
    ],
    "stats": {
      "level": 10,
      "goldEarned": 6567,
      "numDeaths": 5,
      "turretsKilled": 1,
      "minionsKilled": 99,
      "championsKilled": 1,
      "goldSpent": 4715,
      "totalDamageDealt": 38377,
      "totalDamageTaken": 11645,
      "team": 200,
      "win": false,
      "largestMultiKill": 1,
      "physicalDamageDealtPlayer": 36332,
      "magicDamageDealtPlayer": 190,
      "physicalDamageTaken": 6440,
      "magicDamageTaken": 5204,
      "largestCriticalStrike": 181,
      "timePlayed": 1589,
      "totalHeal": 1466,
      "totalUnitsHealed": 2,
      "assists": 3,
      "item2": 3153,
      "item3": 3006,
      "item4": 1055,
      "item6": 3340,
      "magicDamageDealtToChampions": 190,
      "physicalDamageDealtToChampions": 5460,
      "totalDamageDealtToChampions": 6265,
      "trueDamageDealtPlayer": 1854,
      "trueDamageDealtToChampions": 613,
      "wardPlaced": 6,
      "totalTimeCrowdControlDealt": 25
    }
  },
  "24402259": {
    "gameId": 824831330,
    "invalid": false,
    "gameMode": "CLASSIC",
    "gameType": "MATCHED_GAME",
    "subType": "CAP_5x5",
    "mapId": 1,
    "teamId": 100,
    "championId": 89,
    "spell1": 3,
    "spell2": 4,
    "level": 30,
    "ipEarned": 78,
    "createDate": 1399030897140,
    "fellowPlayers": [
      {
        "summonerId": 22505660,
        "teamId": 100,
        "championId": 68
      },
      {
        "summonerId": 24066176,
        "teamId": 100,
        "championId": 10
      },
      {
        "summonerId": 25854012,
        "teamId": 200,
        "championId": 81
      },
      {
        "summonerId": 25131934,
        "teamId": 100,
        "championId": 110
      },
      {
        "summonerId": 32468242,
        "teamId": 100,
        "championId": 77
      },
      {
        "summonerId": 39405507,
        "teamId": 200,
        "championId": 77
      },
      {
        "summonerId": 31175188,
        "teamId": 200,
        "championId": 105
      },
      {
        "summonerId": 42339024,
        "teamId": 200,
        "championId": 4
      },
      {
        "summonerId": 31255086,
        "teamId": 200,
        "championId": 67
      }
    ],
    "stats": {
      "level": 12,
      "goldEarned": 6966,
      "turretsKilled": 1,
      "minionsKilled": 29,
      "championsKilled": 1,
      "goldSpent": 5780,
      "totalDamageDealt": 23797,
      "totalDamageTaken": 9325,
      "team": 100,
      "win": true,
      "neutralMinionsKilled": 1,
      "largestMultiKill": 1,
      "physicalDamageDealtPlayer": 8885,
      "magicDamageDealtPlayer": 12291,
      "physicalDamageTaken": 5915,
      "magicDamageTaken": 3099,
      "timePlayed": 1589,
      "totalHeal": 1765,
      "totalUnitsHealed": 5,
      "assists": 8,
      "item0": 2045,
      "item1": 3401,
      "item2": 3117,
      "item3": 2010,
      "item4": 1011,
      "item6": 3340,
      "sightWardsBought": 1,
      "magicDamageDealtToChampions": 3454,
      "physicalDamageDealtToChampions": 1892,
      "totalDamageDealtToChampions": 5346,
      "trueDamageDealtPlayer": 2620,
      "trueDamageTaken": 311,
      "wardPlaced": 11,
      "neutralMinionsKilledEnemyJungle": 1,
      "totalTimeCrowdControlDealt": 41
    }
  },
  "31175188": {
    "gameId": 824831330,
    "invalid": false,
    "gameMode": "CLASSIC",
    "gameType": "MATCHED_GAME",
    "subType": "CAP_5x5",
    "mapId": 1,
    "teamId": 200,
    "championId": 105,
    "spell1": 4,
    "spell2": 11,
    "level": 30,
    "ipEarned": 52,
    "createDate": 1399030897142,
    "fellowPlayers": [
      {
        "summonerId": 22505660,
        "teamId": 100,
        "championId": 68
      },
      {
        "summonerId": 24066176,
        "teamId": 100,
        "championId": 10
      },
      {
        "summonerId": 25854012,
        "teamId": 200,
        "championId": 81
      },
      {
        "summonerId": 25131934,
        "teamId": 100,
        "championId": 110
      },
      {
        "summonerId": 32468242,
        "teamId": 100,
        "championId": 77
      },
      {
        "summonerId": 39405507,
        "teamId": 200,
        "championId": 77
      },
      {
        "summonerId": 24402259,
        "teamId": 100,
        "championId": 89
      },
      {
        "summonerId": 42339024,
        "teamId": 200,
        "championId": 4
      },
      {
        "summonerId": 31255086,
        "teamId": 200,
        "championId": 67
      }
    ],
    "stats": {
      "level": 15,
      "goldEarned": 7893,
      "numDeaths": 2,
      "minionsKilled": 42,
      "championsKilled": 1,
      "goldSpent": 7630,
      "totalDamageDealt": 138340,
      "totalDamageTaken": 18478,
      "team": 200,
      "win": false,
      "neutralMinionsKilled": 104,
      "largestMultiKill": 1,
      "physicalDamageDealtPlayer": 50094,
      "magicDamageDealtPlayer": 76227,
      "physicalDamageTaken": 12434,
      "magicDamageTaken": 5814,
      "timePlayed": 1589,
      "totalHeal": 4626,
      "totalUnitsHealed": 1,
      "assists": 3,
      "item0": 3160,
      "item1": 3068,
      "item2": 3091,
      "item5": 1001,
      "item6": 3340,
      "magicDamageDealtToChampions": 3840,
      "physicalDamageDealtToChampions": 2128,
      "totalDamageDealtToChampions": 6267,
      "trueDamageDealtPlayer": 12018,
      "trueDamageDealtToChampions": 298,
      "trueDamageTaken": 230,
      "wardPlaced": 7,
      "neutralMinionsKilledEnemyJungle": 7,
      "neutralMinionsKilledYourJungle": 97,
      "totalTimeCrowdControlDealt": 937
    }
  },
  "25854012": {
    "gameId": 824831330,
    "invalid": false,
    "gameMode": "CLASSIC",
    "gameType": "MATCHED_GAME",
    "subType": "CAP_5x5",
    "mapId": 1,
    "teamId": 200,
    "championId": 81,
    "spell1": 3,
    "spell2": 4,
    "level": 30,
    "ipEarned": 52,
    "createDate": 1399030897148,
    "fellowPlayers": [
      {
        "summonerId": 22505660,
        "teamId": 100,
        "championId": 68
      },
      {
        "summonerId": 24066176,
        "teamId": 100,
        "championId": 10
      },
      {
        "summonerId": 25131934,
        "teamId": 100,
        "championId": 110
      },
      {
        "summonerId": 32468242,
        "teamId": 100,
        "championId": 77
      },
      {
        "summonerId": 39405507,
        "teamId": 200,
        "championId": 77
      },
      {
        "summonerId": 24402259,
        "teamId": 100,
        "championId": 89
      },
      {
        "summonerId": 31175188,
        "teamId": 200,
        "championId": 105
      },
      {
        "summonerId": 42339024,
        "teamId": 200,
        "championId": 4
      },
      {
        "summonerId": 31255086,
        "teamId": 200,
        "championId": 67
      }
    ],
    "stats": {
      "level": 13,
      "goldEarned": 6630,
      "numDeaths": 2,
      "turretsKilled": 1,
      "minionsKilled": 78,
      "championsKilled": 3,
      "goldSpent": 5980,
      "totalDamageDealt": 61905,
      "totalDamageTaken": 9286,
      "killingSprees": 1,
      "largestKillingSpree": 3,
      "team": 200,
      "win": false,
      "largestMultiKill": 1,
      "physicalDamageDealtPlayer": 37422,
      "magicDamageDealtPlayer": 24145,
      "physicalDamageTaken": 4145,
      "magicDamageTaken": 4973,
      "timePlayed": 1589,
      "totalHeal": 551,
      "totalUnitsHealed": 1,
      "assists": 4,
      "item0": 3158,
      "item1": 3057,
      "item2": 3004,
      "item3": 2049,
      "item4": 1029,
      "item5": 1055,
      "item6": 3340,
      "magicDamageDealtToChampions": 4759,
      "physicalDamageDealtToChampions": 9472,
      "totalDamageDealtToChampions": 14335,
      "trueDamageDealtPlayer": 338,
      "trueDamageDealtToChampions": 104,
      "trueDamageTaken": 168,
      "wardPlaced": 8,
      "totalTimeCrowdControlDealt": 70
    }
  },
  "22505660": {
    "gameId": 824831330,
    "invalid": false,
    "gameMode": "CLASSIC",
    "gameType": "MATCHED_GAME",
    "subType": "CAP_5x5",
    "mapId": 1,
    "teamId": 100,
    "championId": 68,
    "spell1": 4,
    "spell2": 14,
    "level": 30,
    "ipEarned": 228,
    "createDate": 1399030897135,
    "fellowPlayers": [
      {
        "summonerId": 24066176,
        "teamId": 100,
        "championId": 10
      },
      {
        "summonerId": 25854012,
        "teamId": 200,
        "championId": 81
      },
      {
        "summonerId": 25131934,
        "teamId": 100,
        "championId": 110
      },
      {
        "summonerId": 32468242,
        "teamId": 100,
        "championId": 77
      },
      {
        "summonerId": 39405507,
        "teamId": 200,
        "championId": 77
      },
      {
        "summonerId": 24402259,
        "teamId": 100,
        "championId": 89
      },
      {
        "summonerId": 31175188,
        "teamId": 200,
        "championId": 105
      },
      {
        "summonerId": 42339024,
        "teamId": 200,
        "championId": 4
      },
      {
        "summonerId": 31255086,
        "teamId": 200,
        "championId": 67
      }
    ],
    "stats": {
      "level": 15,
      "goldEarned": 9858,
      "minionsKilled": 153,
      "championsKilled": 9,
      "goldSpent": 8775,
      "totalDamageDealt": 87602,
      "totalDamageTaken": 12563,
      "killingSprees": 1,
      "largestKillingSpree": 9,
      "team": 100,
      "win": true,
      "largestMultiKill": 1,
      "physicalDamageDealtPlayer": 21709,
      "magicDamageDealtPlayer": 65049,
      "physicalDamageTaken": 7355,
      "magicDamageTaken": 5103,
      "timePlayed": 1589,
      "assists": 3,
      "item0": 1058,
      "item1": 3001,
      "item3": 3020,
      "item4": 3191,
      "item5": 3136,
      "item6": 3340,
      "sightWardsBought": 2,
      "magicDamageDealtToChampions": 15349,
      "physicalDamageDealtToChampions": 1221,
      "totalDamageDealtToChampions": 17415,
      "trueDamageDealtPlayer": 844,
      "trueDamageDealtToChampions": 844,
      "trueDamageTaken": 104,
      "wardPlaced": 6,
      "totalTimeCrowdControlDealt": 429
    }
  }
}