{
  "21869386": {
    "gameId": 825732983,
    "invalid": false,
    "gameMode": "CLASSIC",
    "gameType": "CUSTOM_GAME",
    "subType": "NONE",
    "mapId": 1,
    "teamId": 200,
    "championId": 44,
    "spell1": 3,
    "spell2": 4,
    "level": 30,
    "ipEarned": 34,
    "createDate": 1399031189748,
    "fellowPlayers": [
      {
        "summonerId": 20892212,
        "teamId": 100,
        "championId": 13
      },
      {
        "summonerId": 21908036,
        "teamId": 100,
        "championId": 51
      },
      {
        "summonerId": 30742356,
        "teamId": 100,
        "championId": 61
      },
      {
        "summonerId": 38055583,
        "teamId": 200,
        "championId": 24
      },
      {
        "summonerId": 25479370,
        "teamId": 200,
        "championId": 104
      },
      {
        "summonerId": 40366015,
        "teamId": 100,
        "championId": 59
      },
      {
        "summonerId": 28144596,
        "teamId": 200,
        "championId": 28
      },
      {
        "summonerId": 38684764,
        "teamId": 200,
        "championId": 115
      },
      {
        "summonerId": 37085714,
        "teamId": 100,
        "championId": 89
      }
    ],
    "stats": {
      "level": 12,
      "goldEarned": 6632,
      "minionsKilled": 18,
      "championsKilled": 1,
      "goldSpent": 5535,
      "totalDamageDealt": 14012,
      "totalDamageTaken": 13072,
      "team": 200,
      "win": true,
      "largestMultiKill": 1,
      "physicalDamageDealtPlayer": 5975,
      "magicDamageDealtPlayer": 8037,
      "physicalDamageTaken": 10511,
      "magicDamageTaken": 2437,
      "timePlayed": 1215,
      "totalHeal": 6847,
      "totalUnitsHealed": 4,
      "assists": 11,
      "item0": 3069,
      "item1": 3056,
      "item2": 2049,
      "item3": 1001,
      "item6": 3340,
      "magicDamageDealtToChampions": 3853,
      "physicalDamageDealtToChampions": 1041,
      "totalDamageDealtToChampions": 4895,
      "trueDamageTaken": 123,
      "wardPlaced": 6,
      "totalTimeCrowdControlDealt": 39
    }
  },
  "summonerCount": 10,
  "30742356": {
    "gameId": 825732983,
    "invalid": false,
    "gameMode": "CLASSIC",
    "gameType": "CUSTOM_GAME",
    "subType": "NONE",
    "mapId": 1,
    "teamId": 100,
    "championId": 61,
    "spell1": 21,
    "spell2": 4,
    "level": 30,
    "ipEarned": 21,
    "createDate": 1399031189738,
    "fellowPlayers": [
      {
        "summonerId": 20892212,
        "teamId": 100,
        "championId": 13
      },
      {
        "summonerId": 21908036,
        "teamId": 100,
        "championId": 51
      },
      {
        "summonerId": 38055583,
        "teamId": 200,
        "championId": 24
      },
      {
        "summonerId": 25479370,
        "teamId": 200,
        "championId": 104
      },
      {
        "summonerId": 40366015,
        "teamId": 100,
        "championId": 59
      },
      {
        "summonerId": 28144596,
        "teamId": 200,
        "championId": 28
      },
      {
        "summonerId": 38684764,
        "teamId": 200,
        "championId": 115
      },
      {
        "summonerId": 21869386,
        "teamId": 200,
        "championId": 44
      },
      {
        "summonerId": 37085714,
        "teamId": 100,
        "championId": 89
      }
    ],
    "stats": {
      "level": 12,
      "goldEarned": 6002,
      "numDeaths": 5,
      "minionsKilled": 150,
      "goldSpent": 5690,
      "totalDamageDealt": 78958,
      "totalDamageTaken": 12101,
      "team": 100,
      "win": false,
      "neutralMinionsKilled": 16,
      "physicalDamageDealtPlayer": 15044,
      "magicDamageDealtPlayer": 63913,
      "physicalDamageTaken": 6259,
      "magicDamageTaken": 5782,
      "timePlayed": 1215,
      "assists": 1,
      "item0": 1056,
      "item1": 1056,
      "item2": 3020,
      "item3": 1058,
      "item4": 3028,
      "item5": 3108,
      "item6": 3340,
      "magicDamageDealtToChampions": 7479,
      "physicalDamageDealtToChampions": 423,
      "totalDamageDealtToChampions": 7902,
      "trueDamageTaken": 60,
      "wardPlaced": 1,
      "neutralMinionsKilledYourJungle": 16,
      "totalTimeCrowdControlDealt": 931
    }
  },
  "25479370": {
    "gameId": 825732983,
    "invalid": false,
    "gameMode": "CLASSIC",
    "gameType": "CUSTOM_GAME",
    "subType": "NONE",
    "mapId": 1,
    "teamId": 200,
    "championId": 104,
    "spell1": 7,
    "spell2": 4,
    "level": 30,
    "ipEarned": 0,
    "createDate": 1399031189744,
    "fellowPlayers": [
      {
        "summonerId": 20892212,
        "teamId": 100,
        "championId": 13
      },
      {
        "summonerId": 21908036,
        "teamId": 100,
        "championId": 51
      },
      {
        "summonerId": 30742356,
        "teamId": 100,
        "championId": 61
      },
      {
        "summonerId": 38055583,
        "teamId": 200,
        "championId": 24
      },
      {
        "summonerId": 40366015,
        "teamId": 100,
        "championId": 59
      },
      {
        "summonerId": 28144596,
        "teamId": 200,
        "championId": 28
      },
      {
        "summonerId": 38684764,
        "teamId": 200,
        "championId": 115
      },
      {
        "summonerId": 21869386,
        "teamId": 200,
        "championId": 44
      },
      {
        "summonerId": 37085714,
        "teamId": 100,
        "championId": 89
      }
    ],
    "stats": {
      "level": 12,
      "goldEarned": 8824,
      "numDeaths": 2,
      "turretsKilled": 4,
      "minionsKilled": 114,
      "championsKilled": 9,
      "goldSpent": 7190,
      "totalDamageDealt": 71450,
      "totalDamageTaken": 11818,
      "doubleKills": 1,
      "killingSprees": 2,
      "largestKillingSpree": 6,
      "team": 200,
      "win": true,
      "largestMultiKill": 2,
      "physicalDamageDealtPlayer": 70061,
      "magicDamageDealtPlayer": 1389,
      "physicalDamageTaken": 8672,
      "magicDamageTaken": 3042,
      "timePlayed": 1215,
      "totalHeal": 1986,
      "totalUnitsHealed": 3,
      "assists": 4,
      "item0": 1055,
      "item1": 3072,
      "item2": 3006,
      "item3": 3035,
      "item6": 3340,
      "magicDamageDealtToChampions": 475,
      "physicalDamageDealtToChampions": 13243,
      "totalDamageDealtToChampions": 13719,
      "trueDamageTaken": 104,
      "totalTimeCrowdControlDealt": 33
    }
  },
  "28144596": {
    "gameId": 825732983,
    "invalid": false,
    "gameMode": "CLASSIC",
    "gameType": "CUSTOM_GAME",
    "subType": "NONE",
    "mapId": 1,
    "teamId": 200,
    "championId": 28,
    "spell1": 4,
    "spell2": 11,
    "level": 30,
    "ipEarned": 34,
    "createDate": 1399031189747,
    "fellowPlayers": [
      {
        "summonerId": 20892212,
        "teamId": 100,
        "championId": 13
      },
      {
        "summonerId": 21908036,
        "teamId": 100,
        "championId": 51
      },
      {
        "summonerId": 30742356,
        "teamId": 100,
        "championId": 61
      },
      {
        "summonerId": 38055583,
        "teamId": 200,
        "championId": 24
      },
      {
        "summonerId": 25479370,
        "teamId": 200,
        "championId": 104
      },
      {
        "summonerId": 40366015,
        "teamId": 100,
        "championId": 59
      },
      {
        "summonerId": 38684764,
        "teamId": 200,
        "championId": 115
      },
      {
        "summonerId": 21869386,
        "teamId": 200,
        "championId": 44
      },
      {
        "summonerId": 37085714,
        "teamId": 100,
        "championId": 89
      }
    ],
    "stats": {
      "level": 12,
      "goldEarned": 8422,
      "numDeaths": 1,
      "turretsKilled": 1,
      "minionsKilled": 8,
      "championsKilled": 5,
      "goldSpent": 7085,
      "totalDamageDealt": 69991,
      "totalDamageTaken": 11931,
      "doubleKills": 1,
      "killingSprees": 1,
      "largestKillingSpree": 5,
      "team": 200,
      "win": true,
      "neutralMinionsKilled": 49,
      "largestMultiKill": 2,
      "physicalDamageDealtPlayer": 23653,
      "magicDamageDealtPlayer": 38721,
      "physicalDamageTaken": 8727,
      "magicDamageTaken": 2955,
      "timePlayed": 1215,
      "totalHeal": 2949,
      "totalUnitsHealed": 1,
      "assists": 12,
      "item0": 3206,
      "item1": 3151,
      "item2": 3117,
      "item3": 1011,
      "item6": 3340,
      "magicDamageDealtToChampions": 4790,
      "physicalDamageDealtToChampions": 3285,
      "totalDamageDealtToChampions": 8520,
      "trueDamageDealtPlayer": 7616,
      "trueDamageDealtToChampions": 444,
      "trueDamageTaken": 249,
      "wardPlaced": 5,
      "neutralMinionsKilledEnemyJungle": 15,
      "neutralMinionsKilledYourJungle": 34,
      "totalTimeCrowdControlDealt": 200
    }
  },
  "20892212": {
    "gameId": 825732983,
    "invalid": false,
    "gameMode": "CLASSIC",
    "gameType": "CUSTOM_GAME",
    "subType": "NONE",
    "mapId": 1,
    "teamId": 100,
    "championId": 13,
    "spell1": 12,
    "spell2": 4,
    "level": 30,
    "ipEarned": 21,
    "createDate": 1399031189742,
    "fellowPlayers": [
      {
        "summonerId": 21908036,
        "teamId": 100,
        "championId": 51
      },
      {
        "summonerId": 30742356,
        "teamId": 100,
        "championId": 61
      },
      {
        "summonerId": 38055583,
        "teamId": 200,
        "championId": 24
      },
      {
        "summonerId": 25479370,
        "teamId": 200,
        "championId": 104
      },
      {
        "summonerId": 40366015,
        "teamId": 100,
        "championId": 59
      },
      {
        "summonerId": 28144596,
        "teamId": 200,
        "championId": 28
      },
      {
        "summonerId": 38684764,
        "teamId": 200,
        "championId": 115
      },
      {
        "summonerId": 21869386,
        "teamId": 200,
        "championId": 44
      },
      {
        "summonerId": 37085714,
        "teamId": 100,
        "championId": 89
      }
    ],
    "stats": {
      "level": 8,
      "goldEarned": 3678,
      "numDeaths": 7,
      "minionsKilled": 54,
      "goldSpent": 3040,
      "totalDamageDealt": 15669,
      "totalDamageTaken": 7392,
      "team": 100,
      "win": false,
      "physicalDamageDealtPlayer": 3638,
      "magicDamageDealtPlayer": 12030,
      "physicalDamageTaken": 4845,
      "magicDamageTaken": 2269,
      "timePlayed": 1215,
      "totalHeal": 57,
      "totalUnitsHealed": 1,
      "item0": 3070,
      "item1": 2003,
      "item2": 3047,
      "item3": 3010,
      "item6": 3340,
      "magicDamageDealtToChampions": 2639,
      "physicalDamageDealtToChampions": 204,
      "totalDamageDealtToChampions": 2843,
      "trueDamageTaken": 278,
      "wardPlaced": 2,
      "totalTimeCrowdControlDealt": 13
    }
  },
  "21908036": {
    "gameId": 825732983,
    "invalid": false,
    "gameMode": "CLASSIC",
    "gameType": "CUSTOM_GAME",
    "subType": "NONE",
    "mapId": 1,
    "teamId": 100,
    "championId": 51,
    "spell1": 4,
    "spell2": 7,
    "level": 30,
    "ipEarned": 4,
    "createDate": 1399031189741,
    "fellowPlayers": [
      {
        "summonerId": 20892212,
        "teamId": 100,
        "championId": 13
      },
      {
        "summonerId": 30742356,
        "teamId": 100,
        "championId": 61
      },
      {
        "summonerId": 38055583,
        "teamId": 200,
        "championId": 24
      },
      {
        "summonerId": 25479370,
        "teamId": 200,
        "championId": 104
      },
      {
        "summonerId": 40366015,
        "teamId": 100,
        "championId": 59
      },
      {
        "summonerId": 28144596,
        "teamId": 200,
        "championId": 28
      },
      {
        "summonerId": 38684764,
        "teamId": 200,
        "championId": 115
      },
      {
        "summonerId": 21869386,
        "teamId": 200,
        "championId": 44
      },
      {
        "summonerId": 37085714,
        "teamId": 100,
        "championId": 89
      }
    ],
    "stats": {
      "level": 8,
      "goldEarned": 5918,
      "numDeaths": 3,
      "turretsKilled": 1,
      "minionsKilled": 117,
      "championsKilled": 3,
      "goldSpent": 5585,
      "totalDamageDealt": 50631,
      "totalDamageTaken": 8006,
      "doubleKills": 1,
      "team": 100,
      "win": false,
      "largestMultiKill": 2,
      "physicalDamageDealtPlayer": 49221,
      "magicDamageDealtPlayer": 1313,
      "physicalDamageTaken": 5987,
      "magicDamageTaken": 1906,
      "timePlayed": 1215,
      "totalHeal": 1299,
      "totalUnitsHealed": 2,
      "item0": 3072,
      "item1": 2004,
      "item2": 3006,
      "item3": 1055,
      "item4": 1042,
      "item5": 1051,
      "item6": 3340,
      "magicDamageDealtToChampions": 1098,
      "physicalDamageDealtToChampions": 10540,
      "totalDamageDealtToChampions": 11735,
      "trueDamageDealtPlayer": 96,
      "trueDamageDealtToChampions": 96,
      "trueDamageTaken": 112,
      "wardPlaced": 1,
      "totalTimeCrowdControlDealt": 37
    }
  },
  "37085714": {
    "gameId": 825732983,
    "invalid": false,
    "gameMode": "CLASSIC",
    "gameType": "CUSTOM_GAME",
    "subType": "NONE",
    "mapId": 1,
    "teamId": 100,
    "championId": 89,
    "spell1": 3,
    "spell2": 4,
    "level": 30,
    "ipEarned": 21,
    "createDate": 1399031189740,
    "fellowPlayers": [
      {
        "summonerId": 20892212,
        "teamId": 100,
        "championId": 13
      },
      {
        "summonerId": 21908036,
        "teamId": 100,
        "championId": 51
      },
      {
        "summonerId": 30742356,
        "teamId": 100,
        "championId": 61
      },
      {
        "summonerId": 38055583,
        "teamId": 200,
        "championId": 24
      },
      {
        "summonerId": 25479370,
        "teamId": 200,
        "championId": 104
      },
      {
        "summonerId": 40366015,
        "teamId": 100,
        "championId": 59
      },
      {
        "summonerId": 28144596,
        "teamId": 200,
        "championId": 28
      },
      {
        "summonerId": 38684764,
        "teamId": 200,
        "championId": 115
      },
      {
        "summonerId": 21869386,
        "teamId": 200,
        "championId": 44
      }
    ],
    "stats": {
      "level": 9,
      "goldEarned": 4218,
      "numDeaths": 7,
      "minionsKilled": 21,
      "championsKilled": 1,
      "goldSpent": 3705,
      "totalDamageDealt": 14839,
      "totalDamageTaken": 18927,
      "team": 100,
      "win": false,
      "largestMultiKill": 1,
      "physicalDamageDealtPlayer": 4329,
      "magicDamageDealtPlayer": 8788,
      "physicalDamageTaken": 12585,
      "magicDamageTaken": 6342,
      "timePlayed": 1215,
      "totalHeal": 2262,
      "totalUnitsHealed": 2,
      "assists": 3,
      "item1": 3401,
      "item2": 1011,
      "item3": 1001,
      "item6": 3340,
      "sightWardsBought": 1,
      "magicDamageDealtToChampions": 3920,
      "physicalDamageDealtToChampions": 2053,
      "totalDamageDealtToChampions": 5974,
      "trueDamageDealtPlayer": 1721,
      "wardPlaced": 3,
      "totalTimeCrowdControlDealt": 54
    }
  },
  "38684764": {
    "gameId": 825732983,
    "invalid": false,
    "gameMode": "CLASSIC",
    "gameType": "CUSTOM_GAME",
    "subType": "NONE",
    "mapId": 1,
    "teamId": 200,
    "championId": 115,
    "spell1": 4,
    "spell2": 7,
    "level": 30,
    "ipEarned": 34,
    "createDate": 1399031189745,
    "fellowPlayers": [
      {
        "summonerId": 20892212,
        "teamId": 100,
        "championId": 13
      },
      {
        "summonerId": 21908036,
        "teamId": 100,
        "championId": 51
      },
      {
        "summonerId": 30742356,
        "teamId": 100,
        "championId": 61
      },
      {
        "summonerId": 38055583,
        "teamId": 200,
        "championId": 24
      },
      {
        "summonerId": 25479370,
        "teamId": 200,
        "championId": 104
      },
      {
        "summonerId": 40366015,
        "teamId": 100,
        "championId": 59
      },
      {
        "summonerId": 28144596,
        "teamId": 200,
        "championId": 28
      },
      {
        "summonerId": 21869386,
        "teamId": 200,
        "championId": 44
      },
      {
        "summonerId": 37085714,
        "teamId": 100,
        "championId": 89
      }
    ],
    "stats": {
      "level": 13,
      "goldEarned": 7985,
      "minionsKilled": 160,
      "championsKilled": 1,
      "goldSpent": 6260,
      "totalDamageDealt": 92610,
      "totalDamageTaken": 4597,
      "team": 200,
      "win": true,
      "neutralMinionsKilled": 2,
      "largestMultiKill": 1,
      "physicalDamageDealtPlayer": 14192,
      "magicDamageDealtPlayer": 78417,
      "physicalDamageTaken": 1385,
      "magicDamageTaken": 3167,
      "timePlayed": 1215,
      "totalHeal": 69,
      "totalUnitsHealed": 1,
      "assists": 7,
      "item0": 2044,
      "item1": 1058,
      "item2": 1026,
      "item3": 1001,
      "item4": 1056,
      "item5": 3174,
      "item6": 3340,
      "sightWardsBought": 4,
      "magicDamageDealtToChampions": 6818,
      "physicalDamageDealtToChampions": 265,
      "totalDamageDealtToChampions": 7083,
      "trueDamageTaken": 45,
      "wardPlaced": 9,
      "neutralMinionsKilledYourJungle": 2,
      "totalTimeCrowdControlDealt": 377
    }
  },
  "38055583": {
    "gameId": 825732983,
    "invalid": false,
    "gameMode": "CLASSIC",
    "gameType": "CUSTOM_GAME",
    "subType": "NONE",
    "mapId": 1,
    "teamId": 200,
    "championId": 24,
    "spell1": 14,
    "spell2": 4,
    "level": 30,
    "ipEarned": 34,
    "createDate": 1399031189746,
    "fellowPlayers": [
      {
        "summonerId": 20892212,
        "teamId": 100,
        "championId": 13
      },
      {
        "summonerId": 21908036,
        "teamId": 100,
        "championId": 51
      },
      {
        "summonerId": 30742356,
        "teamId": 100,
        "championId": 61
      },
      {
        "summonerId": 25479370,
        "teamId": 200,
        "championId": 104
      },
      {
        "summonerId": 40366015,
        "teamId": 100,
        "championId": 59
      },
      {
        "summonerId": 28144596,
        "teamId": 200,
        "championId": 28
      },
      {
        "summonerId": 38684764,
        "teamId": 200,
        "championId": 115
      },
      {
        "summonerId": 21869386,
        "teamId": 200,
        "championId": 44
      },
      {
        "summonerId": 37085714,
        "teamId": 100,
        "championId": 89
      }
    ],
    "stats": {
      "level": 14,
      "goldEarned": 10025,
      "numDeaths": 1,
      "barracksKilled": 2,
      "turretsKilled": 2,
      "minionsKilled": 159,
      "championsKilled": 11,
      "goldSpent": 6923,
      "totalDamageDealt": 85219,
      "totalDamageTaken": 12389,
      "doubleKills": 2,
      "killingSprees": 2,
      "largestKillingSpree": 8,
      "team": 200,
      "win": true,
      "neutralMinionsKilled": 2,
      "largestMultiKill": 2,
      "physicalDamageDealtPlayer": 70655,
      "magicDamageDealtPlayer": 14343,
      "physicalDamageTaken": 8246,
      "magicDamageTaken": 3981,
      "largestCriticalStrike": 575,
      "timePlayed": 1215,
      "totalHeal": 2424,
      "totalUnitsHealed": 1,
      "assists": 4,
      "item0": 1055,
      "item1": 3144,
      "item2": 3078,
      "item3": 1042,
      "item4": 1001,
      "item6": 3340,
      "sightWardsBought": 1,
      "magicDamageDealtToChampions": 3795,
      "physicalDamageDealtToChampions": 9510,
      "totalDamageDealtToChampions": 13525,
      "trueDamageDealtPlayer": 220,
      "trueDamageDealtToChampions": 220,
      "trueDamageTaken": 161,
      "wardPlaced": 3,
      "neutralMinionsKilledYourJungle": 2,
      "totalTimeCrowdControlDealt": 40
    }
  },
  "40366015": {
    "gameId": 825732983,
    "invalid": false,
    "gameMode": "CLASSIC",
    "gameType": "CUSTOM_GAME",
    "subType": "NONE",
    "mapId": 1,
    "teamId": 100,
    "championId": 59,
    "spell1": 4,
    "spell2": 11,
    "level": 30,
    "ipEarned": 0,
    "createDate": 1399031189739,
    "fellowPlayers": [
      {
        "summonerId": 20892212,
        "teamId": 100,
        "championId": 13
      },
      {
        "summonerId": 21908036,
        "teamId": 100,
        "championId": 51
      },
      {
        "summonerId": 30742356,
        "teamId": 100,
        "championId": 61
      },
      {
        "summonerId": 38055583,
        "teamId": 200,
        "championId": 24
      },
      {
        "summonerId": 25479370,
        "teamId": 200,
        "championId": 104
      },
      {
        "summonerId": 28144596,
        "teamId": 200,
        "championId": 28
      },
      {
        "summonerId": 38684764,
        "teamId": 200,
        "championId": 115
      },
      {
        "summonerId": 21869386,
        "teamId": 200,
        "championId": 44
      },
      {
        "summonerId": 37085714,
        "teamId": 100,
        "championId": 89
      }
    ],
    "stats": {
      "level": 10,
      "goldEarned": 4352,
      "numDeaths": 5,
      "minionsKilled": 16,
      "goldSpent": 3775,
      "totalDamageDealt": 59420,
      "totalDamageTaken": 12184,
      "team": 100,
      "win": false,
      "neutralMinionsKilled": 53,
      "physicalDamageDealtPlayer": 46852,
      "magicDamageDealtPlayer": 5217,
      "physicalDamageTaken": 8537,
      "magicDamageTaken": 3433,
      "timePlayed": 1215,
      "totalHeal": 1684,
      "totalUnitsHealed": 1,
      "item0": 3209,
      "item1": 1037,
      "item2": 1033,
      "item3": 1001,
      "item6": 3340,
      "magicDamageDealtToChampions": 445,
      "physicalDamageDealtToChampions": 3250,
      "totalDamageDealtToChampions": 3997,
      "trueDamageDealtPlayer": 7351,
      "trueDamageDealtToChampions": 301,
      "trueDamageTaken": 214,
      "wardPlaced": 1,
      "neutralMinionsKilledEnemyJungle": 2,
      "neutralMinionsKilledYourJungle": 51,
      "totalTimeCrowdControlDealt": 395
    }
  }
}