{
  "21806612": {
    "gameId": 825977071,
    "invalid": false,
    "gameMode": "CLASSIC",
    "gameType": "MATCHED_GAME",
    "subType": "NORMAL",
    "mapId": 1,
    "teamId": 200,
    "championId": 236,
    "spell1": 7,
    "spell2": 4,
    "level": 30,
    "ipEarned": 76,
    "createDate": 1399030998898,
    "fellowPlayers": [
      {
        "summonerId": 40540228,
        "teamId": 200,
        "championId": 412
      },
      {
        "summonerId": 41606295,
        "teamId": 200,
        "championId": 238
      },
      {
        "summonerId": 35088713,
        "teamId": 100,
        "championId": 24
      },
      {
        "summonerId": 19968910,
        "teamId": 200,
        "championId": 39
      },
      {
        "summonerId": 38986537,
        "teamId": 100,
        "championId": 28
      },
      {
        "summonerId": 40747385,
        "teamId": 100,
        "championId": 89
      },
      {
        "summonerId": 20452351,
        "teamId": 200,
        "championId": 60
      },
      {
        "summonerId": 40107501,
        "teamId": 100,
        "championId": 22
      },
      {
        "summonerId": 38714519,
        "teamId": 100,
        "championId": 7
      }
    ],
    "stats": {
      "level": 14,
      "goldEarned": 13203,
      "numDeaths": 1,
      "barracksKilled": 1,
      "turretsKilled": 3,
      "minionsKilled": 184,
      "championsKilled": 13,
      "goldSpent": 8005,
      "totalDamageDealt": 117942,
      "totalDamageTaken": 12783,
      "doubleKills": 2,
      "killingSprees": 2,
      "largestKillingSpree": 9,
      "team": 200,
      "win": true,
      "neutralMinionsKilled": 7,
      "largestMultiKill": 2,
      "physicalDamageDealtPlayer": 106870,
      "magicDamageDealtPlayer": 10234,
      "physicalDamageTaken": 8981,
      "magicDamageTaken": 3612,
      "largestCriticalStrike": 545,
      "timePlayed": 1455,
      "totalHeal": 3090,
      "totalUnitsHealed": 2,
      "assists": 5,
      "item0": 3072,
      "item1": 1055,
      "item2": 3006,
      "item3": 3057,
      "item4": 3044,
      "item5": 1051,
      "item6": 3340,
      "magicDamageDealtToChampions": 1958,
      "physicalDamageDealtToChampions": 13775,
      "totalDamageDealtToChampions": 16101,
      "trueDamageDealtPlayer": 838,
      "trueDamageDealtToChampions": 368,
      "trueDamageTaken": 190,
      "wardKilled": 1,
      "wardPlaced": 1,
      "neutralMinionsKilledEnemyJungle": 1,
      "neutralMinionsKilledYourJungle": 6,
      "totalTimeCrowdControlDealt": 375
    }
  },
  "summonerCount": 10,
  "38986537": {
    "gameId": 825977071,
    "invalid": false,
    "gameMode": "CLASSIC",
    "gameType": "MATCHED_GAME",
    "subType": "NORMAL",
    "mapId": 1,
    "teamId": 100,
    "championId": 28,
    "spell1": 4,
    "spell2": 11,
    "level": 30,
    "ipEarned": 51,
    "createDate": 1399030998892,
    "fellowPlayers": [
      {
        "summonerId": 40540228,
        "teamId": 200,
        "championId": 412
      },
      {
        "summonerId": 41606295,
        "teamId": 200,
        "championId": 238
      },
      {
        "summonerId": 35088713,
        "teamId": 100,
        "championId": 24
      },
      {
        "summonerId": 19968910,
        "teamId": 200,
        "championId": 39
      },
      {
        "summonerId": 40747385,
        "teamId": 100,
        "championId": 89
      },
      {
        "summonerId": 20452351,
        "teamId": 200,
        "championId": 60
      },
      {
        "summonerId": 21806612,
        "teamId": 200,
        "championId": 236
      },
      {
        "summonerId": 40107501,
        "teamId": 100,
        "championId": 22
      },
      {
        "summonerId": 38714519,
        "teamId": 100,
        "championId": 7
      }
    ],
    "stats": {
      "level": 11,
      "goldEarned": 6553,
      "numDeaths": 3,
      "minionsKilled": 10,
      "championsKilled": 2,
      "goldSpent": 4660,
      "totalDamageDealt": 75639,
      "totalDamageTaken": 16791,
      "killingSprees": 1,
      "largestKillingSpree": 2,
      "team": 100,
      "win": false,
      "neutralMinionsKilled": 58,
      "largestMultiKill": 1,
      "physicalDamageDealtPlayer": 22080,
      "magicDamageDealtPlayer": 46137,
      "physicalDamageTaken": 13433,
      "magicDamageTaken": 3162,
      "timePlayed": 1455,
      "totalHeal": 3238,
      "totalUnitsHealed": 1,
      "assists": 5,
      "item0": 1001,
      "item1": 3206,
      "item2": 1028,
      "item3": 1026,
      "item5": 1052,
      "item6": 3342,
      "sightWardsBought": 2,
      "magicDamageDealtToChampions": 8469,
      "physicalDamageDealtToChampions": 2133,
      "totalDamageDealtToChampions": 10763,
      "trueDamageDealtPlayer": 7422,
      "trueDamageDealtToChampions": 160,
      "trueDamageTaken": 195,
      "wardPlaced": 2,
      "neutralMinionsKilledEnemyJungle": 3,
      "neutralMinionsKilledYourJungle": 55,
      "totalTimeCrowdControlDealt": 198
    }
  },
  "19968910": {
    "gameId": 825977071,
    "invalid": false,
    "gameMode": "CLASSIC",
    "gameType": "MATCHED_GAME",
    "subType": "NORMAL",
    "mapId": 1,
    "teamId": 200,
    "championId": 39,
    "spell1": 4,
    "spell2": 12,
    "level": 30,
    "ipEarned": 76,
    "createDate": 1399030998899,
    "fellowPlayers": [
      {
        "summonerId": 40540228,
        "teamId": 200,
        "championId": 412
      },
      {
        "summonerId": 41606295,
        "teamId": 200,
        "championId": 238
      },
      {
        "summonerId": 35088713,
        "teamId": 100,
        "championId": 24
      },
      {
        "summonerId": 38986537,
        "teamId": 100,
        "championId": 28
      },
      {
        "summonerId": 40747385,
        "teamId": 100,
        "championId": 89
      },
      {
        "summonerId": 20452351,
        "teamId": 200,
        "championId": 60
      },
      {
        "summonerId": 21806612,
        "teamId": 200,
        "championId": 236
      },
      {
        "summonerId": 40107501,
        "teamId": 100,
        "championId": 22
      },
      {
        "summonerId": 38714519,
        "teamId": 100,
        "championId": 7
      }
    ],
    "stats": {
      "level": 14,
      "goldEarned": 9864,
      "numDeaths": 2,
      "turretsKilled": 4,
      "minionsKilled": 113,
      "championsKilled": 6,
      "goldSpent": 8473,
      "totalDamageDealt": 63994,
      "totalDamageTaken": 17116,
      "doubleKills": 1,
      "killingSprees": 2,
      "largestKillingSpree": 4,
      "team": 200,
      "win": true,
      "neutralMinionsKilled": 2,
      "largestMultiKill": 2,
      "physicalDamageDealtPlayer": 54957,
      "magicDamageDealtPlayer": 4207,
      "physicalDamageTaken": 11354,
      "magicDamageTaken": 4737,
      "largestCriticalStrike": 556,
      "timePlayed": 1455,
      "totalHeal": 4323,
      "totalUnitsHealed": 1,
      "assists": 9,
      "item0": 3078,
      "item1": 1011,
      "item2": 3265,
      "item3": 1031,
      "item6": 3340,
      "sightWardsBought": 1,
      "magicDamageDealtToChampions": 2827,
      "physicalDamageDealtToChampions": 6681,
      "totalDamageDealtToChampions": 10648,
      "trueDamageDealtPlayer": 4830,
      "trueDamageDealtToChampions": 1140,
      "trueDamageTaken": 1025,
      "wardPlaced": 6,
      "neutralMinionsKilledEnemyJungle": 2,
      "totalTimeCrowdControlDealt": 49
    }
  },
  "40747385": {
    "gameId": 825977071,
    "invalid": false,
    "gameMode": "CLASSIC",
    "gameType": "MATCHED_GAME",
    "subType": "NORMAL",
    "mapId": 1,
    "teamId": 100,
    "championId": 89,
    "spell1": 14,
    "spell2": 4,
    "level": 30,
    "ipEarned": 51,
    "createDate": 1399030998894,
    "fellowPlayers": [
      {
        "summonerId": 40540228,
        "teamId": 200,
        "championId": 412
      },
      {
        "summonerId": 41606295,
        "teamId": 200,
        "championId": 238
      },
      {
        "summonerId": 35088713,
        "teamId": 100,
        "championId": 24
      },
      {
        "summonerId": 19968910,
        "teamId": 200,
        "championId": 39
      },
      {
        "summonerId": 38986537,
        "teamId": 100,
        "championId": 28
      },
      {
        "summonerId": 20452351,
        "teamId": 200,
        "championId": 60
      },
      {
        "summonerId": 21806612,
        "teamId": 200,
        "championId": 236
      },
      {
        "summonerId": 40107501,
        "teamId": 100,
        "championId": 22
      },
      {
        "summonerId": 38714519,
        "teamId": 100,
        "championId": 7
      }
    ],
    "stats": {
      "level": 10,
      "goldEarned": 5923,
      "numDeaths": 10,
      "minionsKilled": 18,
      "championsKilled": 2,
      "goldSpent": 5765,
      "totalDamageDealt": 15392,
      "totalDamageTaken": 17353,
      "team": 100,
      "win": false,
      "largestMultiKill": 1,
      "physicalDamageDealtPlayer": 4796,
      "magicDamageDealtPlayer": 9984,
      "physicalDamageTaken": 12275,
      "magicDamageTaken": 4512,
      "timePlayed": 1455,
      "totalHeal": 472,
      "totalUnitsHealed": 1,
      "assists": 4,
      "item0": 2049,
      "item1": 3082,
      "item2": 1011,
      "item3": 3047,
      "item6": 3340,
      "sightWardsBought": 3,
      "visionWardsBought": 2,
      "magicDamageDealtToChampions": 3585,
      "physicalDamageDealtToChampions": 1425,
      "totalDamageDealtToChampions": 5623,
      "trueDamageDealtPlayer": 612,
      "trueDamageDealtToChampions": 612,
      "trueDamageTaken": 566,
      "wardKilled": 2,
      "wardPlaced": 17,
      "totalTimeCrowdControlDealt": 183
    }
  },
  "40540228": {
    "gameId": 825977071,
    "invalid": false,
    "gameMode": "CLASSIC",
    "gameType": "MATCHED_GAME",
    "subType": "NORMAL",
    "mapId": 1,
    "teamId": 200,
    "championId": 412,
    "spell1": 4,
    "spell2": 3,
    "level": 30,
    "ipEarned": 76,
    "createDate": 1399030998903,
    "fellowPlayers": [
      {
        "summonerId": 41606295,
        "teamId": 200,
        "championId": 238
      },
      {
        "summonerId": 35088713,
        "teamId": 100,
        "championId": 24
      },
      {
        "summonerId": 19968910,
        "teamId": 200,
        "championId": 39
      },
      {
        "summonerId": 38986537,
        "teamId": 100,
        "championId": 28
      },
      {
        "summonerId": 40747385,
        "teamId": 100,
        "championId": 89
      },
      {
        "summonerId": 20452351,
        "teamId": 200,
        "championId": 60
      },
      {
        "summonerId": 21806612,
        "teamId": 200,
        "championId": 236
      },
      {
        "summonerId": 40107501,
        "teamId": 100,
        "championId": 22
      },
      {
        "summonerId": 38714519,
        "teamId": 100,
        "championId": 7
      }
    ],
    "stats": {
      "level": 12,
      "goldEarned": 7529,
      "numDeaths": 2,
      "minionsKilled": 14,
      "goldSpent": 7080,
      "totalDamageDealt": 17554,
      "totalDamageTaken": 12411,
      "team": 200,
      "win": true,
      "physicalDamageDealtPlayer": 6270,
      "magicDamageDealtPlayer": 11283,
      "physicalDamageTaken": 7089,
      "magicDamageTaken": 5038,
      "timePlayed": 1455,
      "totalHeal": 1190,
      "totalUnitsHealed": 1,
      "assists": 13,
      "item0": 1054,
      "item1": 3275,
      "item2": 3114,
      "item3": 2049,
      "item4": 3096,
      "item5": 1028,
      "item6": 3341,
      "visionWardsBought": 3,
      "magicDamageDealtToChampions": 5487,
      "physicalDamageDealtToChampions": 1032,
      "totalDamageDealtToChampions": 6519,
      "trueDamageTaken": 284,
      "wardKilled": 2,
      "wardPlaced": 19,
      "totalTimeCrowdControlDealt": 107
    }
  },
  "35088713": {
    "gameId": 825977071,
    "invalid": false,
    "gameMode": "CLASSIC",
    "gameType": "MATCHED_GAME",
    "subType": "NORMAL",
    "mapId": 1,
    "teamId": 100,
    "championId": 24,
    "spell1": 4,
    "spell2": 14,
    "level": 30,
    "ipEarned": 51,
    "createDate": 1399030998897,
    "fellowPlayers": [
      {
        "summonerId": 40540228,
        "teamId": 200,
        "championId": 412
      },
      {
        "summonerId": 41606295,
        "teamId": 200,
        "championId": 238
      },
      {
        "summonerId": 19968910,
        "teamId": 200,
        "championId": 39
      },
      {
        "summonerId": 38986537,
        "teamId": 100,
        "championId": 28
      },
      {
        "summonerId": 40747385,
        "teamId": 100,
        "championId": 89
      },
      {
        "summonerId": 20452351,
        "teamId": 200,
        "championId": 60
      },
      {
        "summonerId": 21806612,
        "teamId": 200,
        "championId": 236
      },
      {
        "summonerId": 40107501,
        "teamId": 100,
        "championId": 22
      },
      {
        "summonerId": 38714519,
        "teamId": 100,
        "championId": 7
      }
    ],
    "stats": {
      "level": 13,
      "goldEarned": 7484,
      "numDeaths": 4,
      "turretsKilled": 4,
      "minionsKilled": 140,
      "championsKilled": 2,
      "goldSpent": 5145,
      "totalDamageDealt": 68668,
      "totalDamageTaken": 13965,
      "team": 100,
      "win": false,
      "neutralMinionsKilled": 2,
      "largestMultiKill": 1,
      "physicalDamageDealtPlayer": 59290,
      "magicDamageDealtPlayer": 9024,
      "physicalDamageTaken": 9851,
      "magicDamageTaken": 3318,
      "timePlayed": 1455,
      "totalHeal": 2379,
      "totalUnitsHealed": 1,
      "item0": 1055,
      "item1": 3153,
      "item2": 3047,
      "item3": 2004,
      "item4": 1028,
      "item6": 3340,
      "magicDamageDealtToChampions": 1116,
      "physicalDamageDealtToChampions": 4377,
      "totalDamageDealtToChampions": 5847,
      "trueDamageDealtPlayer": 354,
      "trueDamageDealtToChampions": 354,
      "trueDamageTaken": 795,
      "wardPlaced": 4,
      "neutralMinionsKilledYourJungle": 2,
      "totalTimeCrowdControlDealt": 56
    }
  },
  "38714519": {
    "gameId": 825977071,
    "invalid": false,
    "gameMode": "CLASSIC",
    "gameType": "MATCHED_GAME",
    "subType": "NORMAL",
    "mapId": 1,
    "teamId": 100,
    "championId": 7,
    "spell1": 14,
    "spell2": 4,
    "level": 30,
    "ipEarned": 51,
    "createDate": 1399030998893,
    "fellowPlayers": [
      {
        "summonerId": 40540228,
        "teamId": 200,
        "championId": 412
      },
      {
        "summonerId": 41606295,
        "teamId": 200,
        "championId": 238
      },
      {
        "summonerId": 35088713,
        "teamId": 100,
        "championId": 24
      },
      {
        "summonerId": 19968910,
        "teamId": 200,
        "championId": 39
      },
      {
        "summonerId": 38986537,
        "teamId": 100,
        "championId": 28
      },
      {
        "summonerId": 40747385,
        "teamId": 100,
        "championId": 89
      },
      {
        "summonerId": 20452351,
        "teamId": 200,
        "championId": 60
      },
      {
        "summonerId": 21806612,
        "teamId": 200,
        "championId": 236
      },
      {
        "summonerId": 40107501,
        "teamId": 100,
        "championId": 22
      }
    ],
    "stats": {
      "level": 10,
      "goldEarned": 5593,
      "numDeaths": 5,
      "minionsKilled": 54,
      "championsKilled": 2,
      "goldSpent": 5355,
      "totalDamageDealt": 23448,
      "totalDamageTaken": 10883,
      "team": 100,
      "win": false,
      "largestMultiKill": 1,
      "physicalDamageDealtPlayer": 7852,
      "magicDamageDealtPlayer": 14993,
      "physicalDamageTaken": 6697,
      "magicDamageTaken": 3560,
      "timePlayed": 1455,
      "totalHeal": 206,
      "totalUnitsHealed": 1,
      "assists": 4,
      "item0": 1056,
      "item1": 1026,
      "item2": 3020,
      "item3": 1058,
      "item4": 3108,
      "item6": 3340,
      "magicDamageDealtToChampions": 9156,
      "physicalDamageDealtToChampions": 645,
      "totalDamageDealtToChampions": 10403,
      "trueDamageDealtPlayer": 602,
      "trueDamageDealtToChampions": 602,
      "trueDamageTaken": 626,
      "wardKilled": 1,
      "wardPlaced": 4,
      "totalTimeCrowdControlDealt": 40
    }
  },
  "40107501": {
    "gameId": 825977071,
    "invalid": false,
    "gameMode": "CLASSIC",
    "gameType": "MATCHED_GAME",
    "subType": "NORMAL",
    "mapId": 1,
    "teamId": 100,
    "championId": 22,
    "spell1": 7,
    "spell2": 4,
    "level": 30,
    "ipEarned": 51,
    "createDate": 1399030998896,
    "fellowPlayers": [
      {
        "summonerId": 40540228,
        "teamId": 200,
        "championId": 412
      },
      {
        "summonerId": 41606295,
        "teamId": 200,
        "championId": 238
      },
      {
        "summonerId": 35088713,
        "teamId": 100,
        "championId": 24
      },
      {
        "summonerId": 19968910,
        "teamId": 200,
        "championId": 39
      },
      {
        "summonerId": 38986537,
        "teamId": 100,
        "championId": 28
      },
      {
        "summonerId": 40747385,
        "teamId": 100,
        "championId": 89
      },
      {
        "summonerId": 20452351,
        "teamId": 200,
        "championId": 60
      },
      {
        "summonerId": 21806612,
        "teamId": 200,
        "championId": 236
      },
      {
        "summonerId": 38714519,
        "teamId": 100,
        "championId": 7
      }
    ],
    "stats": {
      "level": 11,
      "goldEarned": 6998,
      "numDeaths": 8,
      "minionsKilled": 121,
      "championsKilled": 2,
      "goldSpent": 6400,
      "totalDamageDealt": 60525,
      "totalDamageTaken": 14379,
      "team": 100,
      "win": false,
      "largestMultiKill": 1,
      "physicalDamageDealtPlayer": 56261,
      "magicDamageDealtPlayer": 4264,
      "physicalDamageTaken": 9498,
      "magicDamageTaken": 4724,
      "largestCriticalStrike": 362,
      "timePlayed": 1455,
      "totalHeal": 1419,
      "totalUnitsHealed": 2,
      "assists": 1,
      "item0": 3006,
      "item1": 3072,
      "item2": 3086,
      "item3": 1055,
      "item4": 2003,
      "item6": 3340,
      "magicDamageDealtToChampions": 1873,
      "physicalDamageDealtToChampions": 9058,
      "totalDamageDealtToChampions": 10932,
      "trueDamageTaken": 156,
      "wardKilled": 1,
      "wardPlaced": 5,
      "totalTimeCrowdControlDealt": 468
    }
  },
  "20452351": {
    "gameId": 825977071,
    "invalid": false,
    "gameMode": "CLASSIC",
    "gameType": "MATCHED_GAME",
    "subType": "NORMAL",
    "mapId": 1,
    "teamId": 200,
    "championId": 60,
    "spell1": 11,
    "spell2": 4,
    "level": 30,
    "ipEarned": 76,
    "createDate": 1399030998901,
    "fellowPlayers": [
      {
        "summonerId": 40540228,
        "teamId": 200,
        "championId": 412
      },
      {
        "summonerId": 41606295,
        "teamId": 200,
        "championId": 238
      },
      {
        "summonerId": 35088713,
        "teamId": 100,
        "championId": 24
      },
      {
        "summonerId": 19968910,
        "teamId": 200,
        "championId": 39
      },
      {
        "summonerId": 38986537,
        "teamId": 100,
        "championId": 28
      },
      {
        "summonerId": 40747385,
        "teamId": 100,
        "championId": 89
      },
      {
        "summonerId": 21806612,
        "teamId": 200,
        "championId": 236
      },
      {
        "summonerId": 40107501,
        "teamId": 100,
        "championId": 22
      },
      {
        "summonerId": 38714519,
        "teamId": 100,
        "championId": 7
      }
    ],
    "stats": {
      "level": 13,
      "goldEarned": 8809,
      "numDeaths": 1,
      "minionsKilled": 23,
      "championsKilled": 5,
      "goldSpent": 6280,
      "totalDamageDealt": 65067,
      "totalDamageTaken": 13339,
      "killingSprees": 1,
      "largestKillingSpree": 5,
      "team": 200,
      "win": true,
      "neutralMinionsKilled": 39,
      "largestMultiKill": 1,
      "physicalDamageDealtPlayer": 28805,
      "magicDamageDealtPlayer": 29547,
      "physicalDamageTaken": 8614,
      "magicDamageTaken": 4534,
      "timePlayed": 1455,
      "totalHeal": 2548,
      "totalUnitsHealed": 1,
      "assists": 10,
      "item0": 3143,
      "item1": 3117,
      "item2": 3207,
      "item4": 2043,
      "item6": 3341,
      "visionWardsBought": 2,
      "magicDamageDealtToChampions": 8080,
      "physicalDamageDealtToChampions": 1417,
      "totalDamageDealtToChampions": 9680,
      "trueDamageDealtPlayer": 6714,
      "trueDamageDealtToChampions": 182,
      "trueDamageTaken": 190,
      "wardKilled": 3,
      "wardPlaced": 1,
      "neutralMinionsKilledEnemyJungle": 4,
      "neutralMinionsKilledYourJungle": 35,
      "totalTimeCrowdControlDealt": 174
    }
  },
  "41606295": {
    "gameId": 825977071,
    "invalid": false,
    "gameMode": "CLASSIC",
    "gameType": "MATCHED_GAME",
    "subType": "NORMAL",
    "mapId": 1,
    "teamId": 200,
    "championId": 238,
    "spell1": 4,
    "spell2": 14,
    "level": 30,
    "ipEarned": 76,
    "createDate": 1399030998902,
    "fellowPlayers": [
      {
        "summonerId": 40540228,
        "teamId": 200,
        "championId": 412
      },
      {
        "summonerId": 35088713,
        "teamId": 100,
        "championId": 24
      },
      {
        "summonerId": 19968910,
        "teamId": 200,
        "championId": 39
      },
      {
        "summonerId": 38986537,
        "teamId": 100,
        "championId": 28
      },
      {
        "summonerId": 40747385,
        "teamId": 100,
        "championId": 89
      },
      {
        "summonerId": 20452351,
        "teamId": 200,
        "championId": 60
      },
      {
        "summonerId": 21806612,
        "teamId": 200,
        "championId": 236
      },
      {
        "summonerId": 40107501,
        "teamId": 100,
        "championId": 22
      },
      {
        "summonerId": 38714519,
        "teamId": 100,
        "championId": 7
      }
    ],
    "stats": {
      "level": 14,
      "goldEarned": 9053,
      "numDeaths": 4,
      "barracksKilled": 1,
      "turretsKilled": 1,
      "minionsKilled": 113,
      "championsKilled": 6,
      "goldSpent": 6152,
      "totalDamageDealt": 77830,
      "totalDamageTaken": 12547,
      "killingSprees": 1,
      "largestKillingSpree": 3,
      "team": 200,
      "win": true,
      "neutralMinionsKilled": 3,
      "largestMultiKill": 1,
      "physicalDamageDealtPlayer": 73617,
      "magicDamageDealtPlayer": 3522,
      "physicalDamageTaken": 5612,
      "magicDamageTaken": 6386,
      "timePlayed": 1455,
      "totalHeal": 109,
      "totalUnitsHealed": 1,
      "assists": 6,
      "item0": 3153,
      "item1": 3134,
      "item2": 1054,
      "item3": 3158,
      "item6": 3340,
      "magicDamageDealtToChampions": 925,
      "physicalDamageDealtToChampions": 7751,
      "totalDamageDealtToChampions": 9324,
      "trueDamageDealtPlayer": 690,
      "trueDamageDealtToChampions": 648,
      "trueDamageTaken": 549,
      "wardPlaced": 20,
      "neutralMinionsKilledYourJungle": 3,
      "totalTimeCrowdControlDealt": 88
    }
  }
}