{
  "41303611": {
    "gameId": 825976918,
    "invalid": false,
    "gameMode": "CLASSIC",
    "gameType": "MATCHED_GAME",
    "subType": "RANKED_SOLO_5x5",
    "mapId": 1,
    "teamId": 100,
    "championId": 110,
    "spell1": 4,
    "spell2": 14,
    "level": 30,
    "ipEarned": 124,
    "createDate": 1399032151068,
    "fellowPlayers": [
      {
        "summonerId": 33809042,
        "teamId": 100,
        "championId": 24
      },
      {
        "summonerId": 36828627,
        "teamId": 100,
        "championId": 7
      },
      {
        "summonerId": 42331128,
        "teamId": 200,
        "championId": 29
      },
      {
        "summonerId": 26817983,
        "teamId": 100,
        "championId": 85
      },
      {
        "summonerId": 27775336,
        "teamId": 200,
        "championId": 91
      },
      {
        "summonerId": 26407856,
        "teamId": 100,
        "championId": 267
      },
      {
        "summonerId": 37058338,
        "teamId": 200,
        "championId": 106
      },
      {
        "summonerId": 33490100,
        "teamId": 200,
        "championId": 99
      },
      {
        "summonerId": 32300944,
        "teamId": 200,
        "championId": 56
      }
    ],
    "stats": {
      "level": 18,
      "goldEarned": 16637,
      "numDeaths": 12,
      "turretsKilled": 2,
      "minionsKilled": 157,
      "championsKilled": 10,
      "goldSpent": 15565,
      "totalDamageDealt": 148645,
      "totalDamageTaken": 37318,
      "killingSprees": 2,
      "largestKillingSpree": 3,
      "team": 100,
      "win": true,
      "neutralMinionsKilled": 1,
      "largestMultiKill": 1,
      "physicalDamageDealtPlayer": 134045,
      "magicDamageDealtPlayer": 14075,
      "physicalDamageTaken": 21662,
      "magicDamageTaken": 14105,
      "largestCriticalStrike": 742,
      "timePlayed": 2767,
      "totalHeal": 1005,
      "totalUnitsHealed": 1,
      "assists": 16,
      "item0": 3046,
      "item1": 3153,
      "item2": 3250,
      "item3": 3072,
      "item4": 3031,
      "item5": 1028,
      "item6": 3340,
      "magicDamageDealtToChampions": 4104,
      "physicalDamageDealtToChampions": 23802,
      "totalDamageDealtToChampions": 28431,
      "trueDamageDealtPlayer": 524,
      "trueDamageDealtToChampions": 524,
      "trueDamageTaken": 1551,
      "wardPlaced": 11,
      "neutralMinionsKilledYourJungle": 1,
      "totalTimeCrowdControlDealt": 258
    }
  },
  "summonerCount": 10,
  "26817983": {
    "gameId": 825976918,
    "invalid": false,
    "gameMode": "CLASSIC",
    "gameType": "MATCHED_GAME",
    "subType": "RANKED_SOLO_5x5",
    "mapId": 1,
    "teamId": 100,
    "championId": 85,
    "spell1": 21,
    "spell2": 4,
    "level": 30,
    "ipEarned": 274,
    "createDate": 1399032151066,
    "fellowPlayers": [
      {
        "summonerId": 41303611,
        "teamId": 100,
        "championId": 110
      },
      {
        "summonerId": 33809042,
        "teamId": 100,
        "championId": 24
      },
      {
        "summonerId": 36828627,
        "teamId": 100,
        "championId": 7
      },
      {
        "summonerId": 42331128,
        "teamId": 200,
        "championId": 29
      },
      {
        "summonerId": 27775336,
        "teamId": 200,
        "championId": 91
      },
      {
        "summonerId": 26407856,
        "teamId": 100,
        "championId": 267
      },
      {
        "summonerId": 37058338,
        "teamId": 200,
        "championId": 106
      },
      {
        "summonerId": 33490100,
        "teamId": 200,
        "championId": 99
      },
      {
        "summonerId": 32300944,
        "teamId": 200,
        "championId": 56
      }
    ],
    "stats": {
      "level": 18,
      "goldEarned": 15322,
      "numDeaths": 11,
      "turretsKilled": 1,
      "minionsKilled": 148,
      "championsKilled": 11,
      "goldSpent": 14925,
      "totalDamageDealt": 131226,
      "totalDamageTaken": 30601,
      "doubleKills": 3,
      "killingSprees": 3,
      "largestKillingSpree": 3,
      "team": 100,
      "win": true,
      "largestMultiKill": 2,
      "physicalDamageDealtPlayer": 26909,
      "magicDamageDealtPlayer": 104316,
      "physicalDamageTaken": 20963,
      "magicDamageTaken": 8844,
      "timePlayed": 2767,
      "totalHeal": 1315,
      "totalUnitsHealed": 1,
      "assists": 10,
      "item0": 3089,
      "item1": 3157,
      "item2": 3020,
      "item3": 3001,
      "item4": 3116,
      "item5": 1057,
      "item6": 3340,
      "magicDamageDealtToChampions": 29567,
      "physicalDamageDealtToChampions": 2865,
      "totalDamageDealtToChampions": 32432,
      "trueDamageTaken": 794,
      "wardPlaced": 4,
      "totalTimeCrowdControlDealt": 63
    }
  },
  "36828627": {
    "gameId": 825976918,
    "invalid": false,
    "gameMode": "CLASSIC",
    "gameType": "MATCHED_GAME",
    "subType": "RANKED_SOLO_5x5",
    "mapId": 1,
    "teamId": 100,
    "championId": 7,
    "spell1": 14,
    "spell2": 4,
    "level": 30,
    "ipEarned": 124,
    "createDate": 1399032151070,
    "fellowPlayers": [
      {
        "summonerId": 41303611,
        "teamId": 100,
        "championId": 110
      },
      {
        "summonerId": 33809042,
        "teamId": 100,
        "championId": 24
      },
      {
        "summonerId": 42331128,
        "teamId": 200,
        "championId": 29
      },
      {
        "summonerId": 26817983,
        "teamId": 100,
        "championId": 85
      },
      {
        "summonerId": 27775336,
        "teamId": 200,
        "championId": 91
      },
      {
        "summonerId": 26407856,
        "teamId": 100,
        "championId": 267
      },
      {
        "summonerId": 37058338,
        "teamId": 200,
        "championId": 106
      },
      {
        "summonerId": 33490100,
        "teamId": 200,
        "championId": 99
      },
      {
        "summonerId": 32300944,
        "teamId": 200,
        "championId": 56
      }
    ],
    "stats": {
      "level": 18,
      "goldEarned": 16308,
      "numDeaths": 7,
      "turretsKilled": 1,
      "minionsKilled": 131,
      "championsKilled": 12,
      "goldSpent": 16140,
      "totalDamageDealt": 105726,
      "totalDamageTaken": 24323,
      "killingSprees": 3,
      "largestKillingSpree": 5,
      "team": 100,
      "win": true,
      "neutralMinionsKilled": 7,
      "largestMultiKill": 1,
      "physicalDamageDealtPlayer": 20251,
      "magicDamageDealtPlayer": 84696,
      "physicalDamageTaken": 14160,
      "magicDamageTaken": 9672,
      "timePlayed": 2767,
      "totalHeal": 918,
      "totalUnitsHealed": 1,
      "assists": 14,
      "item0": 3128,
      "item1": 3157,
      "item2": 3255,
      "item3": 3089,
      "item4": 3165,
      "item6": 3340,
      "magicDamageDealtToChampions": 24178,
      "physicalDamageDealtToChampions": 2440,
      "totalDamageDealtToChampions": 27397,
      "trueDamageDealtPlayer": 778,
      "trueDamageDealtToChampions": 778,
      "trueDamageTaken": 491,
      "wardPlaced": 11,
      "neutralMinionsKilledYourJungle": 7,
      "totalTimeCrowdControlDealt": 177
    }
  },
  "42331128": {
    "gameId": 825976918,
    "invalid": false,
    "gameMode": "CLASSIC",
    "gameType": "MATCHED_GAME",
    "subType": "RANKED_SOLO_5x5",
    "mapId": 1,
    "teamId": 200,
    "championId": 29,
    "spell1": 4,
    "spell2": 7,
    "level": 30,
    "ipEarned": 81,
    "createDate": 1399032151077,
    "fellowPlayers": [
      {
        "summonerId": 41303611,
        "teamId": 100,
        "championId": 110
      },
      {
        "summonerId": 33809042,
        "teamId": 100,
        "championId": 24
      },
      {
        "summonerId": 36828627,
        "teamId": 100,
        "championId": 7
      },
      {
        "summonerId": 26817983,
        "teamId": 100,
        "championId": 85
      },
      {
        "summonerId": 27775336,
        "teamId": 200,
        "championId": 91
      },
      {
        "summonerId": 26407856,
        "teamId": 100,
        "championId": 267
      },
      {
        "summonerId": 37058338,
        "teamId": 200,
        "championId": 106
      },
      {
        "summonerId": 33490100,
        "teamId": 200,
        "championId": 99
      },
      {
        "summonerId": 32300944,
        "teamId": 200,
        "championId": 56
      }
    ],
    "stats": {
      "level": 18,
      "goldEarned": 15548,
      "numDeaths": 14,
      "turretsKilled": 2,
      "minionsKilled": 150,
      "championsKilled": 11,
      "goldSpent": 14800,
      "totalDamageDealt": 122861,
      "totalDamageTaken": 36164,
      "doubleKills": 1,
      "killingSprees": 4,
      "largestKillingSpree": 3,
      "team": 200,
      "win": false,
      "neutralMinionsKilled": 10,
      "largestMultiKill": 2,
      "physicalDamageDealtPlayer": 114089,
      "magicDamageDealtPlayer": 1524,
      "physicalDamageTaken": 15889,
      "magicDamageTaken": 19942,
      "largestCriticalStrike": 620,
      "timePlayed": 2767,
      "totalHeal": 4172,
      "totalUnitsHealed": 4,
      "assists": 16,
      "item0": 3046,
      "item1": 3072,
      "item2": 3035,
      "item3": 1038,
      "item4": 3250,
      "item5": 3087,
      "item6": 3340,
      "sightWardsBought": 1,
      "magicDamageDealtToChampions": 385,
      "physicalDamageDealtToChampions": 17515,
      "totalDamageDealtToChampions": 21442,
      "trueDamageDealtPlayer": 7248,
      "trueDamageDealtToChampions": 3542,
      "trueDamageTaken": 332,
      "wardPlaced": 6,
      "neutralMinionsKilledEnemyJungle": 4,
      "neutralMinionsKilledYourJungle": 6,
      "totalTimeCrowdControlDealt": 273
    }
  },
  "37058338": {
    "gameId": 825976918,
    "invalid": false,
    "gameMode": "CLASSIC",
    "gameType": "MATCHED_GAME",
    "subType": "RANKED_SOLO_5x5",
    "mapId": 1,
    "teamId": 200,
    "championId": 106,
    "spell1": 4,
    "spell2": 3,
    "level": 30,
    "ipEarned": 81,
    "createDate": 1399032151075,
    "fellowPlayers": [
      {
        "summonerId": 41303611,
        "teamId": 100,
        "championId": 110
      },
      {
        "summonerId": 33809042,
        "teamId": 100,
        "championId": 24
      },
      {
        "summonerId": 36828627,
        "teamId": 100,
        "championId": 7
      },
      {
        "summonerId": 42331128,
        "teamId": 200,
        "championId": 29
      },
      {
        "summonerId": 26817983,
        "teamId": 100,
        "championId": 85
      },
      {
        "summonerId": 27775336,
        "teamId": 200,
        "championId": 91
      },
      {
        "summonerId": 26407856,
        "teamId": 100,
        "championId": 267
      },
      {
        "summonerId": 33490100,
        "teamId": 200,
        "championId": 99
      },
      {
        "summonerId": 32300944,
        "teamId": 200,
        "championId": 56
      }
    ],
    "stats": {
      "level": 17,
      "goldEarned": 11968,
      "numDeaths": 10,
      "minionsKilled": 39,
      "championsKilled": 6,
      "goldSpent": 11830,
      "totalDamageDealt": 64571,
      "totalDamageTaken": 59269,
      "killingSprees": 2,
      "largestKillingSpree": 2,
      "team": 200,
      "win": false,
      "neutralMinionsKilled": 6,
      "largestMultiKill": 1,
      "physicalDamageDealtPlayer": 44335,
      "magicDamageDealtPlayer": 20236,
      "physicalDamageTaken": 32762,
      "magicDamageTaken": 24535,
      "timePlayed": 2767,
      "totalHeal": 5748,
      "totalUnitsHealed": 1,
      "assists": 17,
      "item0": 3265,
      "item1": 3143,
      "item2": 3065,
      "item3": 1054,
      "item4": 3083,
      "item5": 3024,
      "item6": 3340,
      "sightWardsBought": 2,
      "magicDamageDealtToChampions": 6747,
      "physicalDamageDealtToChampions": 10710,
      "totalDamageDealtToChampions": 17457,
      "trueDamageTaken": 1971,
      "wardPlaced": 13,
      "neutralMinionsKilledEnemyJungle": 1,
      "neutralMinionsKilledYourJungle": 5,
      "totalTimeCrowdControlDealt": 614
    }
  },
  "26407856": {
    "gameId": 825976918,
    "invalid": false,
    "gameMode": "CLASSIC",
    "gameType": "MATCHED_GAME",
    "subType": "RANKED_SOLO_5x5",
    "mapId": 1,
    "teamId": 100,
    "championId": 267,
    "spell1": 4,
    "spell2": 3,
    "level": 30,
    "ipEarned": 124,
    "createDate": 1399032151072,
    "fellowPlayers": [
      {
        "summonerId": 41303611,
        "teamId": 100,
        "championId": 110
      },
      {
        "summonerId": 33809042,
        "teamId": 100,
        "championId": 24
      },
      {
        "summonerId": 36828627,
        "teamId": 100,
        "championId": 7
      },
      {
        "summonerId": 42331128,
        "teamId": 200,
        "championId": 29
      },
      {
        "summonerId": 26817983,
        "teamId": 100,
        "championId": 85
      },
      {
        "summonerId": 27775336,
        "teamId": 200,
        "championId": 91
      },
      {
        "summonerId": 37058338,
        "teamId": 200,
        "championId": 106
      },
      {
        "summonerId": 33490100,
        "teamId": 200,
        "championId": 99
      },
      {
        "summonerId": 32300944,
        "teamId": 200,
        "championId": 56
      }
    ],
    "stats": {
      "level": 18,
      "goldEarned": 14345,
      "numDeaths": 8,
      "turretsKilled": 2,
      "minionsKilled": 38,
      "championsKilled": 1,
      "goldSpent": 13580,
      "totalDamageDealt": 78933,
      "totalDamageTaken": 33288,
      "team": 100,
      "win": true,
      "largestMultiKill": 1,
      "physicalDamageDealtPlayer": 17314,
      "magicDamageDealtPlayer": 61618,
      "physicalDamageTaken": 18351,
      "magicDamageTaken": 13911,
      "timePlayed": 2767,
      "totalHeal": 18710,
      "totalUnitsHealed": 5,
      "assists": 24,
      "item0": 3040,
      "item1": 3174,
      "item2": 3096,
      "item3": 3275,
      "item4": 3151,
      "item5": 3116,
      "item6": 3340,
      "magicDamageDealtToChampions": 20931,
      "physicalDamageDealtToChampions": 3364,
      "totalDamageDealtToChampions": 24296,
      "trueDamageTaken": 1026,
      "wardPlaced": 13,
      "totalTimeCrowdControlDealt": 471
    }
  },
  "27775336": {
    "gameId": 825976918,
    "invalid": false,
    "gameMode": "CLASSIC",
    "gameType": "MATCHED_GAME",
    "subType": "RANKED_SOLO_5x5",
    "mapId": 1,
    "teamId": 200,
    "championId": 91,
    "spell1": 4,
    "spell2": 7,
    "level": 30,
    "ipEarned": 81,
    "createDate": 1399032151076,
    "fellowPlayers": [
      {
        "summonerId": 41303611,
        "teamId": 100,
        "championId": 110
      },
      {
        "summonerId": 33809042,
        "teamId": 100,
        "championId": 24
      },
      {
        "summonerId": 36828627,
        "teamId": 100,
        "championId": 7
      },
      {
        "summonerId": 42331128,
        "teamId": 200,
        "championId": 29
      },
      {
        "summonerId": 26817983,
        "teamId": 100,
        "championId": 85
      },
      {
        "summonerId": 26407856,
        "teamId": 100,
        "championId": 267
      },
      {
        "summonerId": 37058338,
        "teamId": 200,
        "championId": 106
      },
      {
        "summonerId": 33490100,
        "teamId": 200,
        "championId": 99
      },
      {
        "summonerId": 32300944,
        "teamId": 200,
        "championId": 56
      }
    ],
    "stats": {
      "level": 18,
      "goldEarned": 15995,
      "numDeaths": 13,
      "turretsKilled": 2,
      "minionsKilled": 180,
      "championsKilled": 10,
      "goldSpent": 16180,
      "totalDamageDealt": 161216,
      "totalDamageTaken": 36522,
      "doubleKills": 1,
      "killingSprees": 2,
      "largestKillingSpree": 3,
      "team": 200,
      "win": false,
      "neutralMinionsKilled": 7,
      "largestMultiKill": 2,
      "physicalDamageDealtPlayer": 161056,
      "physicalDamageTaken": 20269,
      "magicDamageTaken": 15982,
      "timePlayed": 2767,
      "totalHeal": 3873,
      "totalUnitsHealed": 3,
      "assists": 16,
      "item0": 3156,
      "item1": 3274,
      "item2": 3074,
      "item3": 3071,
      "item4": 3072,
      "item5": 1038,
      "item6": 3340,
      "physicalDamageDealtToChampions": 31955,
      "totalDamageDealtToChampions": 32051,
      "trueDamageDealtPlayer": 160,
      "trueDamageDealtToChampions": 96,
      "trueDamageTaken": 270,
      "wardPlaced": 5,
      "neutralMinionsKilledEnemyJungle": 2,
      "neutralMinionsKilledYourJungle": 5,
      "totalTimeCrowdControlDealt": 652
    }
  },
  "32300944": {
    "gameId": 825976918,
    "invalid": false,
    "gameMode": "CLASSIC",
    "gameType": "MATCHED_GAME",
    "subType": "RANKED_SOLO_5x5",
    "mapId": 1,
    "teamId": 200,
    "championId": 56,
    "spell1": 4,
    "spell2": 11,
    "level": 30,
    "ipEarned": 81,
    "createDate": 1399032151074,
    "fellowPlayers": [
      {
        "summonerId": 41303611,
        "teamId": 100,
        "championId": 110
      },
      {
        "summonerId": 33809042,
        "teamId": 100,
        "championId": 24
      },
      {
        "summonerId": 36828627,
        "teamId": 100,
        "championId": 7
      },
      {
        "summonerId": 42331128,
        "teamId": 200,
        "championId": 29
      },
      {
        "summonerId": 26817983,
        "teamId": 100,
        "championId": 85
      },
      {
        "summonerId": 27775336,
        "teamId": 200,
        "championId": 91
      },
      {
        "summonerId": 26407856,
        "teamId": 100,
        "championId": 267
      },
      {
        "summonerId": 37058338,
        "teamId": 200,
        "championId": 106
      },
      {
        "summonerId": 33490100,
        "teamId": 200,
        "championId": 99
      }
    ],
    "stats": {
      "level": 18,
      "goldEarned": 14588,
      "numDeaths": 10,
      "turretsKilled": 1,
      "minionsKilled": 85,
      "championsKilled": 6,
      "goldSpent": 14510,
      "totalDamageDealt": 241300,
      "totalDamageTaken": 41792,
      "doubleKills": 1,
      "killingSprees": 2,
      "largestKillingSpree": 2,
      "team": 200,
      "win": false,
      "neutralMinionsKilled": 127,
      "largestMultiKill": 2,
      "physicalDamageDealtPlayer": 166088,
      "magicDamageDealtPlayer": 57153,
      "physicalDamageTaken": 23722,
      "magicDamageTaken": 17468,
      "largestCriticalStrike": 839,
      "timePlayed": 2767,
      "totalHeal": 8997,
      "totalUnitsHealed": 1,
      "assists": 9,
      "item0": 3160,
      "item1": 3074,
      "item2": 1011,
      "item3": 3087,
      "item4": 3031,
      "item5": 3250,
      "item6": 3342,
      "magicDamageDealtToChampions": 2970,
      "physicalDamageDealtToChampions": 12362,
      "totalDamageDealtToChampions": 15736,
      "trueDamageDealtPlayer": 18058,
      "trueDamageDealtToChampions": 404,
      "trueDamageTaken": 602,
      "wardPlaced": 7,
      "neutralMinionsKilledEnemyJungle": 4,
      "neutralMinionsKilledYourJungle": 123,
      "totalTimeCrowdControlDealt": 529
    }
  },
  "33490100": {
    "gameId": 825976918,
    "invalid": false,
    "gameMode": "CLASSIC",
    "gameType": "MATCHED_GAME",
    "subType": "RANKED_SOLO_5x5",
    "mapId": 1,
    "teamId": 200,
    "championId": 99,
    "spell1": 4,
    "spell2": 7,
    "level": 30,
    "ipEarned": 81,
    "createDate": 1399032151073,
    "fellowPlayers": [
      {
        "summonerId": 41303611,
        "teamId": 100,
        "championId": 110
      },
      {
        "summonerId": 33809042,
        "teamId": 100,
        "championId": 24
      },
      {
        "summonerId": 36828627,
        "teamId": 100,
        "championId": 7
      },
      {
        "summonerId": 42331128,
        "teamId": 200,
        "championId": 29
      },
      {
        "summonerId": 26817983,
        "teamId": 100,
        "championId": 85
      },
      {
        "summonerId": 27775336,
        "teamId": 200,
        "championId": 91
      },
      {
        "summonerId": 26407856,
        "teamId": 100,
        "championId": 267
      },
      {
        "summonerId": 37058338,
        "teamId": 200,
        "championId": 106
      },
      {
        "summonerId": 32300944,
        "teamId": 200,
        "championId": 56
      }
    ],
    "stats": {
      "level": 18,
      "goldEarned": 17002,
      "numDeaths": 5,
      "barracksKilled": 2,
      "minionsKilled": 224,
      "championsKilled": 11,
      "goldSpent": 16930,
      "totalDamageDealt": 186071,
      "totalDamageTaken": 19215,
      "doubleKills": 1,
      "killingSprees": 1,
      "largestKillingSpree": 10,
      "team": 200,
      "win": false,
      "neutralMinionsKilled": 7,
      "largestMultiKill": 2,
      "physicalDamageDealtPlayer": 16522,
      "magicDamageDealtPlayer": 169511,
      "physicalDamageTaken": 6891,
      "magicDamageTaken": 12063,
      "timePlayed": 2767,
      "totalHeal": 3993,
      "totalUnitsHealed": 3,
      "assists": 18,
      "item0": 3255,
      "item1": 3157,
      "item2": 3102,
      "item3": 3135,
      "item4": 3174,
      "item5": 3089,
      "item6": 3340,
      "sightWardsBought": 1,
      "visionWardsBought": 1,
      "magicDamageDealtToChampions": 45386,
      "physicalDamageDealtToChampions": 1302,
      "totalDamageDealtToChampions": 46727,
      "trueDamageDealtPlayer": 38,
      "trueDamageDealtToChampions": 38,
      "trueDamageTaken": 260,
      "wardPlaced": 19,
      "neutralMinionsKilledYourJungle": 7,
      "totalTimeCrowdControlDealt": 487
    }
  },
  "33809042": {
    "gameId": 825976918,
    "invalid": false,
    "gameMode": "CLASSIC",
    "gameType": "MATCHED_GAME",
    "subType": "RANKED_SOLO_5x5",
    "mapId": 1,
    "teamId": 100,
    "championId": 24,
    "spell1": 4,
    "spell2": 11,
    "level": 30,
    "ipEarned": 124,
    "createDate": 1399032151069,
    "fellowPlayers": [
      {
        "summonerId": 41303611,
        "teamId": 100,
        "championId": 110
      },
      {
        "summonerId": 36828627,
        "teamId": 100,
        "championId": 7
      },
      {
        "summonerId": 42331128,
        "teamId": 200,
        "championId": 29
      },
      {
        "summonerId": 26817983,
        "teamId": 100,
        "championId": 85
      },
      {
        "summonerId": 27775336,
        "teamId": 200,
        "championId": 91
      },
      {
        "summonerId": 26407856,
        "teamId": 100,
        "championId": 267
      },
      {
        "summonerId": 37058338,
        "teamId": 200,
        "championId": 106
      },
      {
        "summonerId": 33490100,
        "teamId": 200,
        "championId": 99
      },
      {
        "summonerId": 32300944,
        "teamId": 200,
        "championId": 56
      }
    ],
    "stats": {
      "level": 18,
      "goldEarned": 21414,
      "numDeaths": 6,
      "barracksKilled": 2,
      "turretsKilled": 2,
      "minionsKilled": 177,
      "championsKilled": 18,
      "goldSpent": 17078,
      "totalDamageDealt": 328685,
      "totalDamageTaken": 50046,
      "doubleKills": 4,
      "killingSprees": 5,
      "largestKillingSpree": 5,
      "team": 100,
      "win": true,
      "neutralMinionsKilled": 100,
      "largestMultiKill": 2,
      "physicalDamageDealtPlayer": 212328,
      "magicDamageDealtPlayer": 95362,
      "physicalDamageTaken": 37023,
      "magicDamageTaken": 12040,
      "largestCriticalStrike": 801,
      "timePlayed": 2767,
      "totalHeal": 7798,
      "totalUnitsHealed": 1,
      "assists": 9,
      "item0": 3160,
      "item1": 3142,
      "item2": 3153,
      "item3": 3078,
      "item4": 3260,
      "item5": 3083,
      "item6": 3340,
      "magicDamageDealtToChampions": 11210,
      "physicalDamageDealtToChampions": 33913,
      "totalDamageDealtToChampions": 46821,
      "trueDamageDealtPlayer": 20994,
      "trueDamageDealtToChampions": 1698,
      "trueDamageTaken": 983,
      "wardKilled": 1,
      "wardPlaced": 20,
      "neutralMinionsKilledEnemyJungle": 19,
      "neutralMinionsKilledYourJungle": 81,
      "totalTimeCrowdControlDealt": 1076
    }
  }
}