{
  "22490591": {
    "gameId": 825984354,
    "invalid": false,
    "gameMode": "ARAM",
    "gameType": "MATCHED_GAME",
    "subType": "ARAM_UNRANKED_5x5",
    "mapId": 12,
    "teamId": 200,
    "championId": 13,
    "spell1": 4,
    "spell2": 13,
    "level": 30,
    "ipEarned": 36,
    "createDate": 1399030032993,
    "fellowPlayers": [
      {
        "summonerId": 35765284,
        "teamId": 100,
        "championId": 58
      },
      {
        "summonerId": 29018193,
        "teamId": 200,
        "championId": 254
      },
      {
        "summonerId": 30706916,
        "teamId": 200,
        "championId": 31
      },
      {
        "summonerId": 34967132,
        "teamId": 200,
        "championId": 51
      },
      {
        "summonerId": 34413270,
        "teamId": 100,
        "championId": 20
      },
      {
        "summonerId": 35414954,
        "teamId": 200,
        "championId": 36
      },
      {
        "summonerId": 21550956,
        "teamId": 100,
        "championId": 76
      },
      {
        "summonerId": 35504260,
        "teamId": 100,
        "championId": 37
      },
      {
        "summonerId": 23859423,
        "teamId": 100,
        "championId": 4
      }
    ],
    "stats": {
      "level": 14,
      "goldEarned": 8466,
      "numDeaths": 7,
      "minionsKilled": 15,
      "championsKilled": 9,
      "goldSpent": 8090,
      "totalDamageDealt": 30604,
      "totalDamageTaken": 20793,
      "killingSprees": 2,
      "largestKillingSpree": 4,
      "team": 200,
      "win": false,
      "largestMultiKill": 1,
      "physicalDamageDealtPlayer": 3495,
      "magicDamageDealtPlayer": 27108,
      "physicalDamageTaken": 7131,
      "magicDamageTaken": 13662,
      "timePlayed": 988,
      "totalHeal": 1285,
      "totalUnitsHealed": 1,
      "assists": 16,
      "item0": 3027,
      "item1": 3020,
      "item2": 3024,
      "item3": 3102,
      "magicDamageDealtToChampions": 19411,
      "physicalDamageDealtToChampions": 883,
      "totalDamageDealtToChampions": 20295,
      "totalTimeCrowdControlDealt": 187
    }
  },
  "summonerCount": 10,
  "34413270": {
    "gameId": 825984354,
    "invalid": false,
    "gameMode": "ARAM",
    "gameType": "MATCHED_GAME",
    "subType": "ARAM_UNRANKED_5x5",
    "mapId": 12,
    "teamId": 100,
    "championId": 20,
    "spell1": 4,
    "spell2": 7,
    "level": 30,
    "ipEarned": 52,
    "createDate": 1399030032986,
    "fellowPlayers": [
      {
        "summonerId": 35765284,
        "teamId": 100,
        "championId": 58
      },
      {
        "summonerId": 22490591,
        "teamId": 200,
        "championId": 13
      },
      {
        "summonerId": 29018193,
        "teamId": 200,
        "championId": 254
      },
      {
        "summonerId": 30706916,
        "teamId": 200,
        "championId": 31
      },
      {
        "summonerId": 34967132,
        "teamId": 200,
        "championId": 51
      },
      {
        "summonerId": 35414954,
        "teamId": 200,
        "championId": 36
      },
      {
        "summonerId": 21550956,
        "teamId": 100,
        "championId": 76
      },
      {
        "summonerId": 35504260,
        "teamId": 100,
        "championId": 37
      },
      {
        "summonerId": 23859423,
        "teamId": 100,
        "championId": 4
      }
    ],
    "stats": {
      "level": 15,
      "goldEarned": 8648,
      "numDeaths": 5,
      "minionsKilled": 29,
      "championsKilled": 6,
      "goldSpent": 8380,
      "totalDamageDealt": 30555,
      "totalDamageTaken": 16955,
      "killingSprees": 1,
      "largestKillingSpree": 4,
      "team": 100,
      "win": true,
      "largestMultiKill": 1,
      "physicalDamageDealtPlayer": 4791,
      "magicDamageDealtPlayer": 12164,
      "physicalDamageTaken": 8942,
      "magicDamageTaken": 8012,
      "timePlayed": 988,
      "totalHeal": 4452,
      "totalUnitsHealed": 4,
      "assists": 15,
      "item0": 3027,
      "item1": 3174,
      "item2": 1011,
      "item3": 1001,
      "item4": 1026,
      "item5": 1052,
      "item6": 2052,
      "magicDamageDealtToChampions": 9957,
      "physicalDamageDealtToChampions": 761,
      "totalDamageDealtToChampions": 10719,
      "trueDamageDealtPlayer": 13600,
      "totalTimeCrowdControlDealt": 313
    }
  },
  "34967132": {
    "gameId": 825984354,
    "invalid": false,
    "gameMode": "ARAM",
    "gameType": "MATCHED_GAME",
    "subType": "ARAM_UNRANKED_5x5",
    "mapId": 12,
    "teamId": 200,
    "championId": 51,
    "spell1": 21,
    "spell2": 4,
    "level": 30,
    "ipEarned": 36,
    "createDate": 1399030032988,
    "fellowPlayers": [
      {
        "summonerId": 35765284,
        "teamId": 100,
        "championId": 58
      },
      {
        "summonerId": 22490591,
        "teamId": 200,
        "championId": 13
      },
      {
        "summonerId": 29018193,
        "teamId": 200,
        "championId": 254
      },
      {
        "summonerId": 30706916,
        "teamId": 200,
        "championId": 31
      },
      {
        "summonerId": 34413270,
        "teamId": 100,
        "championId": 20
      },
      {
        "summonerId": 35414954,
        "teamId": 200,
        "championId": 36
      },
      {
        "summonerId": 21550956,
        "teamId": 100,
        "championId": 76
      },
      {
        "summonerId": 35504260,
        "teamId": 100,
        "championId": 37
      },
      {
        "summonerId": 23859423,
        "teamId": 100,
        "championId": 4
      }
    ],
    "stats": {
      "level": 14,
      "goldEarned": 8167,
      "numDeaths": 7,
      "minionsKilled": 47,
      "championsKilled": 3,
      "goldSpent": 7425,
      "totalDamageDealt": 49917,
      "totalDamageTaken": 17188,
      "team": 200,
      "win": false,
      "largestMultiKill": 1,
      "physicalDamageDealtPlayer": 47578,
      "magicDamageDealtPlayer": 2339,
      "physicalDamageTaken": 4435,
      "magicDamageTaken": 12753,
      "largestCriticalStrike": 540,
      "timePlayed": 988,
      "totalHeal": 744,
      "totalUnitsHealed": 1,
      "assists": 14,
      "item0": 3181,
      "item1": 3085,
      "item2": 1037,
      "item3": 3006,
      "item4": 1018,
      "item6": 2052,
      "magicDamageDealtToChampions": 2205,
      "physicalDamageDealtToChampions": 19042,
      "totalDamageDealtToChampions": 21248,
      "totalTimeCrowdControlDealt": 56
    }
  },
  "21550956": {
    "gameId": 825984354,
    "invalid": false,
    "gameMode": "ARAM",
    "gameType": "MATCHED_GAME",
    "subType": "ARAM_UNRANKED_5x5",
    "mapId": 12,
    "teamId": 100,
    "championId": 76,
    "spell1": 4,
    "spell2": 21,
    "level": 30,
    "ipEarned": 202,
    "createDate": 1399030032985,
    "fellowPlayers": [
      {
        "summonerId": 35765284,
        "teamId": 100,
        "championId": 58
      },
      {
        "summonerId": 22490591,
        "teamId": 200,
        "championId": 13
      },
      {
        "summonerId": 29018193,
        "teamId": 200,
        "championId": 254
      },
      {
        "summonerId": 30706916,
        "teamId": 200,
        "championId": 31
      },
      {
        "summonerId": 34967132,
        "teamId": 200,
        "championId": 51
      },
      {
        "summonerId": 34413270,
        "teamId": 100,
        "championId": 20
      },
      {
        "summonerId": 35414954,
        "teamId": 200,
        "championId": 36
      },
      {
        "summonerId": 35504260,
        "teamId": 100,
        "championId": 37
      },
      {
        "summonerId": 23859423,
        "teamId": 100,
        "championId": 4
      }
    ],
    "stats": {
      "level": 14,
      "goldEarned": 8028,
      "numDeaths": 4,
      "minionsKilled": 5,
      "championsKilled": 7,
      "goldSpent": 7510,
      "totalDamageDealt": 18459,
      "totalDamageTaken": 11932,
      "killingSprees": 3,
      "largestKillingSpree": 3,
      "team": 100,
      "win": true,
      "largestMultiKill": 1,
      "physicalDamageDealtPlayer": 3474,
      "magicDamageDealtPlayer": 14984,
      "physicalDamageTaken": 4823,
      "magicDamageTaken": 7109,
      "timePlayed": 988,
      "totalHeal": 5678,
      "totalUnitsHealed": 5,
      "assists": 13,
      "item0": 3040,
      "item1": 2003,
      "item2": 1052,
      "item3": 1052,
      "item4": 1001,
      "item5": 3089,
      "item6": 2052,
      "magicDamageDealtToChampions": 13624,
      "physicalDamageDealtToChampions": 1201,
      "totalDamageDealtToChampions": 14825
    }
  },
  "30706916": {
    "gameId": 825984354,
    "invalid": false,
    "gameMode": "ARAM",
    "gameType": "MATCHED_GAME",
    "subType": "ARAM_UNRANKED_5x5",
    "mapId": 12,
    "teamId": 200,
    "championId": 31,
    "spell1": 7,
    "spell2": 4,
    "level": 30,
    "ipEarned": 36,
    "createDate": 1399030032990,
    "fellowPlayers": [
      {
        "summonerId": 35765284,
        "teamId": 100,
        "championId": 58
      },
      {
        "summonerId": 22490591,
        "teamId": 200,
        "championId": 13
      },
      {
        "summonerId": 29018193,
        "teamId": 200,
        "championId": 254
      },
      {
        "summonerId": 34967132,
        "teamId": 200,
        "championId": 51
      },
      {
        "summonerId": 34413270,
        "teamId": 100,
        "championId": 20
      },
      {
        "summonerId": 35414954,
        "teamId": 200,
        "championId": 36
      },
      {
        "summonerId": 21550956,
        "teamId": 100,
        "championId": 76
      },
      {
        "summonerId": 35504260,
        "teamId": 100,
        "championId": 37
      },
      {
        "summonerId": 23859423,
        "teamId": 100,
        "championId": 4
      }
    ],
    "stats": {
      "level": 14,
      "goldEarned": 8263,
      "numDeaths": 9,
      "minionsKilled": 40,
      "championsKilled": 7,
      "goldSpent": 7725,
      "totalDamageDealt": 39490,
      "totalDamageTaken": 25152,
      "doubleKills": 1,
      "killingSprees": 2,
      "largestKillingSpree": 3,
      "team": 200,
      "win": false,
      "largestMultiKill": 2,
      "physicalDamageDealtPlayer": 3450,
      "magicDamageDealtPlayer": 32332,
      "physicalDamageTaken": 11891,
      "magicDamageTaken": 13260,
      "timePlayed": 988,
      "totalHeal": 3542,
      "totalUnitsHealed": 3,
      "assists": 13,
      "item0": 3027,
      "item1": 3140,
      "item2": 3111,
      "item3": 1026,
      "item4": 1026,
      "item6": 2052,
      "magicDamageDealtToChampions": 13232,
      "physicalDamageDealtToChampions": 865,
      "totalDamageDealtToChampions": 15661,
      "trueDamageDealtPlayer": 3707,
      "trueDamageDealtToChampions": 1564,
      "totalTimeCrowdControlDealt": 216
    }
  },
  "35765284": {
    "gameId": 825984354,
    "invalid": false,
    "gameMode": "ARAM",
    "gameType": "MATCHED_GAME",
    "subType": "ARAM_UNRANKED_5x5",
    "mapId": 12,
    "teamId": 100,
    "championId": 58,
    "spell1": 7,
    "spell2": 4,
    "level": 30,
    "ipEarned": 52,
    "createDate": 1399030032987,
    "fellowPlayers": [
      {
        "summonerId": 22490591,
        "teamId": 200,
        "championId": 13
      },
      {
        "summonerId": 29018193,
        "teamId": 200,
        "championId": 254
      },
      {
        "summonerId": 30706916,
        "teamId": 200,
        "championId": 31
      },
      {
        "summonerId": 34967132,
        "teamId": 200,
        "championId": 51
      },
      {
        "summonerId": 34413270,
        "teamId": 100,
        "championId": 20
      },
      {
        "summonerId": 35414954,
        "teamId": 200,
        "championId": 36
      },
      {
        "summonerId": 21550956,
        "teamId": 100,
        "championId": 76
      },
      {
        "summonerId": 35504260,
        "teamId": 100,
        "championId": 37
      },
      {
        "summonerId": 23859423,
        "teamId": 100,
        "championId": 4
      }
    ],
    "stats": {
      "level": 15,
      "goldEarned": 9906,
      "numDeaths": 7,
      "turretsKilled": 1,
      "minionsKilled": 50,
      "championsKilled": 15,
      "goldSpent": 8172,
      "totalDamageDealt": 53502,
      "totalDamageTaken": 23411,
      "doubleKills": 1,
      "killingSprees": 4,
      "largestKillingSpree": 6,
      "team": 100,
      "win": true,
      "largestMultiKill": 2,
      "physicalDamageDealtPlayer": 51116,
      "magicDamageDealtPlayer": 2385,
      "physicalDamageTaken": 9085,
      "magicDamageTaken": 12760,
      "timePlayed": 988,
      "totalHeal": 3403,
      "totalUnitsHealed": 3,
      "assists": 11,
      "item0": 3134,
      "item1": 2003,
      "item2": 3074,
      "item3": 3068,
      "item4": 1001,
      "magicDamageDealtToChampions": 2016,
      "physicalDamageDealtToChampions": 24663,
      "totalDamageDealtToChampions": 26680,
      "trueDamageTaken": 1564,
      "totalTimeCrowdControlDealt": 145
    }
  },
  "35504260": {
    "gameId": 825984354,
    "invalid": false,
    "gameMode": "ARAM",
    "gameType": "MATCHED_GAME",
    "subType": "ARAM_UNRANKED_5x5",
    "mapId": 12,
    "teamId": 100,
    "championId": 37,
    "spell1": 21,
    "spell2": 7,
    "level": 30,
    "ipEarned": 52,
    "createDate": 1399030032983,
    "fellowPlayers": [
      {
        "summonerId": 35765284,
        "teamId": 100,
        "championId": 58
      },
      {
        "summonerId": 22490591,
        "teamId": 200,
        "championId": 13
      },
      {
        "summonerId": 29018193,
        "teamId": 200,
        "championId": 254
      },
      {
        "summonerId": 30706916,
        "teamId": 200,
        "championId": 31
      },
      {
        "summonerId": 34967132,
        "teamId": 200,
        "championId": 51
      },
      {
        "summonerId": 34413270,
        "teamId": 100,
        "championId": 20
      },
      {
        "summonerId": 35414954,
        "teamId": 200,
        "championId": 36
      },
      {
        "summonerId": 21550956,
        "teamId": 100,
        "championId": 76
      },
      {
        "summonerId": 23859423,
        "teamId": 100,
        "championId": 4
      }
    ],
    "stats": {
      "level": 14,
      "goldEarned": 8524,
      "numDeaths": 9,
      "barracksKilled": 1,
      "turretsKilled": 2,
      "minionsKilled": 14,
      "championsKilled": 3,
      "goldSpent": 7505,
      "totalDamageDealt": 21510,
      "totalDamageTaken": 15983,
      "team": 100,
      "win": true,
      "largestMultiKill": 1,
      "physicalDamageDealtPlayer": 8132,
      "magicDamageDealtPlayer": 13378,
      "physicalDamageTaken": 5177,
      "magicDamageTaken": 10806,
      "timePlayed": 988,
      "totalHeal": 9927,
      "totalUnitsHealed": 5,
      "assists": 24,
      "item0": 3089,
      "item1": 1056,
      "item2": 3020,
      "item3": 3174,
      "magicDamageDealtToChampions": 9338,
      "physicalDamageDealtToChampions": 2390,
      "totalDamageDealtToChampions": 11728,
      "totalTimeCrowdControlDealt": 102
    }
  },
  "29018193": {
    "gameId": 825984354,
    "invalid": false,
    "gameMode": "ARAM",
    "gameType": "MATCHED_GAME",
    "subType": "ARAM_UNRANKED_5x5",
    "mapId": 12,
    "teamId": 200,
    "championId": 254,
    "spell1": 21,
    "spell2": 4,
    "level": 30,
    "ipEarned": 36,
    "createDate": 1399030032991,
    "fellowPlayers": [
      {
        "summonerId": 35765284,
        "teamId": 100,
        "championId": 58
      },
      {
        "summonerId": 22490591,
        "teamId": 200,
        "championId": 13
      },
      {
        "summonerId": 30706916,
        "teamId": 200,
        "championId": 31
      },
      {
        "summonerId": 34967132,
        "teamId": 200,
        "championId": 51
      },
      {
        "summonerId": 34413270,
        "teamId": 100,
        "championId": 20
      },
      {
        "summonerId": 35414954,
        "teamId": 200,
        "championId": 36
      },
      {
        "summonerId": 21550956,
        "teamId": 100,
        "championId": 76
      },
      {
        "summonerId": 35504260,
        "teamId": 100,
        "championId": 37
      },
      {
        "summonerId": 23859423,
        "teamId": 100,
        "championId": 4
      }
    ],
    "stats": {
      "level": 14,
      "goldEarned": 7655,
      "numDeaths": 9,
      "minionsKilled": 12,
      "championsKilled": 8,
      "goldSpent": 7437,
      "totalDamageDealt": 17849,
      "totalDamageTaken": 18665,
      "doubleKills": 1,
      "killingSprees": 2,
      "largestKillingSpree": 4,
      "team": 200,
      "win": false,
      "largestMultiKill": 2,
      "physicalDamageDealtPlayer": 17849,
      "physicalDamageTaken": 10208,
      "magicDamageTaken": 8457,
      "timePlayed": 988,
      "totalHeal": 698,
      "totalUnitsHealed": 1,
      "assists": 6,
      "item0": 3134,
      "item1": 3111,
      "item2": 3144,
      "item3": 3065,
      "item4": 1042,
      "item6": 2052,
      "physicalDamageDealtToChampions": 7736,
      "totalDamageDealtToChampions": 7736,
      "totalTimeCrowdControlDealt": 28
    }
  },
  "23859423": {
    "gameId": 825984354,
    "invalid": false,
    "gameMode": "ARAM",
    "gameType": "MATCHED_GAME",
    "subType": "ARAM_UNRANKED_5x5",
    "mapId": 12,
    "teamId": 100,
    "championId": 4,
    "spell1": 4,
    "spell2": 7,
    "level": 30,
    "ipEarned": 52,
    "createDate": 1399030032982,
    "fellowPlayers": [
      {
        "summonerId": 35765284,
        "teamId": 100,
        "championId": 58
      },
      {
        "summonerId": 22490591,
        "teamId": 200,
        "championId": 13
      },
      {
        "summonerId": 29018193,
        "teamId": 200,
        "championId": 254
      },
      {
        "summonerId": 30706916,
        "teamId": 200,
        "championId": 31
      },
      {
        "summonerId": 34967132,
        "teamId": 200,
        "championId": 51
      },
      {
        "summonerId": 34413270,
        "teamId": 100,
        "championId": 20
      },
      {
        "summonerId": 35414954,
        "teamId": 200,
        "championId": 36
      },
      {
        "summonerId": 21550956,
        "teamId": 100,
        "championId": 76
      },
      {
        "summonerId": 35504260,
        "teamId": 100,
        "championId": 37
      }
    ],
    "stats": {
      "level": 15,
      "goldEarned": 9523,
      "numDeaths": 7,
      "minionsKilled": 45,
      "championsKilled": 5,
      "goldSpent": 8370,
      "totalDamageDealt": 69947,
      "totalDamageTaken": 17204,
      "doubleKills": 1,
      "killingSprees": 1,
      "largestKillingSpree": 3,
      "team": 100,
      "win": true,
      "largestMultiKill": 2,
      "physicalDamageDealtPlayer": 8146,
      "magicDamageDealtPlayer": 61800,
      "physicalDamageTaken": 9379,
      "magicDamageTaken": 7824,
      "timePlayed": 988,
      "totalHeal": 2756,
      "totalUnitsHealed": 3,
      "assists": 20,
      "item0": 3174,
      "item1": 3020,
      "item2": 3100,
      "item3": 1058,
      "item6": 2052,
      "magicDamageDealtToChampions": 26220,
      "physicalDamageDealtToChampions": 1741,
      "totalDamageDealtToChampions": 27962,
      "totalTimeCrowdControlDealt": 103
    }
  },
  "35414954": {
    "gameId": 825984354,
    "invalid": false,
    "gameMode": "ARAM",
    "gameType": "MATCHED_GAME",
    "subType": "ARAM_UNRANKED_5x5",
    "mapId": 12,
    "teamId": 200,
    "championId": 36,
    "spell1": 6,
    "spell2": 7,
    "level": 30,
    "ipEarned": 36,
    "createDate": 1399030032995,
    "fellowPlayers": [
      {
        "summonerId": 35765284,
        "teamId": 100,
        "championId": 58
      },
      {
        "summonerId": 22490591,
        "teamId": 200,
        "championId": 13
      },
      {
        "summonerId": 29018193,
        "teamId": 200,
        "championId": 254
      },
      {
        "summonerId": 30706916,
        "teamId": 200,
        "championId": 31
      },
      {
        "summonerId": 34967132,
        "teamId": 200,
        "championId": 51
      },
      {
        "summonerId": 34413270,
        "teamId": 100,
        "championId": 20
      },
      {
        "summonerId": 21550956,
        "teamId": 100,
        "championId": 76
      },
      {
        "summonerId": 35504260,
        "teamId": 100,
        "championId": 37
      },
      {
        "summonerId": 23859423,
        "teamId": 100,
        "championId": 4
      }
    ],
    "stats": {
      "level": 14,
      "goldEarned": 7145,
      "numDeaths": 4,
      "minionsKilled": 4,
      "championsKilled": 5,
      "goldSpent": 6975,
      "totalDamageDealt": 17131,
      "totalDamageTaken": 20893,
      "doubleKills": 1,
      "killingSprees": 1,
      "largestKillingSpree": 2,
      "team": 200,
      "win": false,
      "largestMultiKill": 2,
      "physicalDamageDealtPlayer": 2061,
      "magicDamageDealtPlayer": 15070,
      "physicalDamageTaken": 7870,
      "magicDamageTaken": 13023,
      "timePlayed": 988,
      "totalHeal": 6273,
      "totalUnitsHealed": 3,
      "assists": 9,
      "item0": 3111,
      "item1": 2051,
      "item2": 3065,
      "item3": 1011,
      "item4": 1011,
      "magicDamageDealtToChampions": 11663,
      "physicalDamageDealtToChampions": 1121,
      "totalDamageDealtToChampions": 12785,
      "totalTimeCrowdControlDealt": 267
    }
  }
}