{
  "29340937": {
    "gameId": 825968081,
    "invalid": false,
    "gameMode": "CLASSIC",
    "gameType": "MATCHED_GAME",
    "subType": "RANKED_SOLO_5x5",
    "mapId": 1,
    "teamId": 200,
    "championId": 96,
    "spell1": 7,
    "spell2": 4,
    "level": 30,
    "ipEarned": 69,
    "createDate": 1399029849087,
    "fellowPlayers": [
      {
        "summonerId": 25159350,
        "teamId": 100,
        "championId": 64
      },
      {
        "summonerId": 20949174,
        "teamId": 200,
        "championId": 19
      },
      {
        "summonerId": 28713415,
        "teamId": 200,
        "championId": 7
      },
      {
        "summonerId": 31563195,
        "teamId": 200,
        "championId": 44
      },
      {
        "summonerId": 43933975,
        "teamId": 100,
        "championId": 39
      },
      {
        "summonerId": 24480133,
        "teamId": 200,
        "championId": 80
      },
      {
        "summonerId": 36431061,
        "teamId": 100,
        "championId": 89
      },
      {
        "summonerId": 30910730,
        "teamId": 100,
        "championId": 10
      },
      {
        "summonerId": 31279628,
        "teamId": 100,
        "championId": 236
      }
    ],
    "stats": {
      "level": 16,
      "goldEarned": 13886,
      "numDeaths": 11,
      "turretsKilled": 2,
      "minionsKilled": 191,
      "championsKilled": 7,
      "goldSpent": 13665,
      "totalDamageDealt": 134887,
      "totalDamageTaken": 30601,
      "killingSprees": 1,
      "largestKillingSpree": 3,
      "team": 200,
      "win": false,
      "neutralMinionsKilled": 6,
      "largestMultiKill": 1,
      "physicalDamageDealtPlayer": 104457,
      "magicDamageDealtPlayer": 23912,
      "physicalDamageTaken": 19207,
      "magicDamageTaken": 10381,
      "largestCriticalStrike": 785,
      "timePlayed": 2327,
      "totalHeal": 3590,
      "totalUnitsHealed": 3,
      "assists": 12,
      "item0": 3153,
      "item1": 3031,
      "item2": 3046,
      "item3": 3006,
      "item4": 1038,
      "item5": 1053,
      "item6": 3340,
      "magicDamageDealtToChampions": 13625,
      "physicalDamageDealtToChampions": 13464,
      "totalDamageDealtToChampions": 31485,
      "trueDamageDealtPlayer": 6517,
      "trueDamageDealtToChampions": 4396,
      "trueDamageTaken": 1011,
      "wardPlaced": 2,
      "neutralMinionsKilledEnemyJungle": 2,
      "neutralMinionsKilledYourJungle": 4,
      "totalTimeCrowdControlDealt": 508
    }
  },
  "summonerCount": 10,
  "30910730": {
    "gameId": 825968081,
    "invalid": false,
    "gameMode": "CLASSIC",
    "gameType": "MATCHED_GAME",
    "subType": "RANKED_SOLO_5x5",
    "mapId": 1,
    "teamId": 100,
    "championId": 10,
    "spell1": 4,
    "spell2": 14,
    "level": 30,
    "ipEarned": 106,
    "createDate": 1399029849075,
    "fellowPlayers": [
      {
        "summonerId": 25159350,
        "teamId": 100,
        "championId": 64
      },
      {
        "summonerId": 20949174,
        "teamId": 200,
        "championId": 19
      },
      {
        "summonerId": 28713415,
        "teamId": 200,
        "championId": 7
      },
      {
        "summonerId": 31563195,
        "teamId": 200,
        "championId": 44
      },
      {
        "summonerId": 43933975,
        "teamId": 100,
        "championId": 39
      },
      {
        "summonerId": 29340937,
        "teamId": 200,
        "championId": 96
      },
      {
        "summonerId": 24480133,
        "teamId": 200,
        "championId": 80
      },
      {
        "summonerId": 36431061,
        "teamId": 100,
        "championId": 89
      },
      {
        "summonerId": 31279628,
        "teamId": 100,
        "championId": 236
      }
    ],
    "stats": {
      "level": 18,
      "goldEarned": 15365,
      "numDeaths": 9,
      "barracksKilled": 1,
      "turretsKilled": 2,
      "minionsKilled": 167,
      "championsKilled": 11,
      "goldSpent": 13325,
      "totalDamageDealt": 169011,
      "totalDamageTaken": 34097,
      "doubleKills": 1,
      "killingSprees": 3,
      "largestKillingSpree": 4,
      "team": 100,
      "win": true,
      "neutralMinionsKilled": 20,
      "largestMultiKill": 2,
      "physicalDamageDealtPlayer": 48480,
      "magicDamageDealtPlayer": 120094,
      "physicalDamageTaken": 14919,
      "magicDamageTaken": 17369,
      "timePlayed": 2327,
      "totalHeal": 13649,
      "totalUnitsHealed": 5,
      "assists": 16,
      "item0": 3124,
      "item2": 3146,
      "item3": 3115,
      "item4": 3100,
      "item5": 3006,
      "item6": 3340,
      "magicDamageDealtToChampions": 25960,
      "physicalDamageDealtToChampions": 7414,
      "totalDamageDealtToChampions": 33635,
      "trueDamageDealtPlayer": 436,
      "trueDamageDealtToChampions": 260,
      "trueDamageTaken": 1809,
      "wardPlaced": 11,
      "neutralMinionsKilledEnemyJungle": 4,
      "neutralMinionsKilledYourJungle": 16,
      "totalTimeCrowdControlDealt": 205
    }
  },
  "31279628": {
    "gameId": 825968081,
    "invalid": false,
    "gameMode": "CLASSIC",
    "gameType": "MATCHED_GAME",
    "subType": "RANKED_SOLO_5x5",
    "mapId": 1,
    "teamId": 100,
    "championId": 236,
    "spell1": 4,
    "spell2": 7,
    "level": 30,
    "ipEarned": 106,
    "createDate": 1399029849079,
    "fellowPlayers": [
      {
        "summonerId": 25159350,
        "teamId": 100,
        "championId": 64
      },
      {
        "summonerId": 20949174,
        "teamId": 200,
        "championId": 19
      },
      {
        "summonerId": 28713415,
        "teamId": 200,
        "championId": 7
      },
      {
        "summonerId": 31563195,
        "teamId": 200,
        "championId": 44
      },
      {
        "summonerId": 43933975,
        "teamId": 100,
        "championId": 39
      },
      {
        "summonerId": 29340937,
        "teamId": 200,
        "championId": 96
      },
      {
        "summonerId": 24480133,
        "teamId": 200,
        "championId": 80
      },
      {
        "summonerId": 36431061,
        "teamId": 100,
        "championId": 89
      },
      {
        "summonerId": 30910730,
        "teamId": 100,
        "championId": 10
      }
    ],
    "stats": {
      "level": 17,
      "goldEarned": 16477,
      "numDeaths": 4,
      "barracksKilled": 1,
      "turretsKilled": 2,
      "minionsKilled": 228,
      "championsKilled": 13,
      "goldSpent": 14488,
      "totalDamageDealt": 186673,
      "totalDamageTaken": 24989,
      "doubleKills": 2,
      "killingSprees": 4,
      "largestKillingSpree": 6,
      "team": 100,
      "win": true,
      "neutralMinionsKilled": 11,
      "largestMultiKill": 2,
      "physicalDamageDealtPlayer": 163277,
      "magicDamageDealtPlayer": 22589,
      "physicalDamageTaken": 9998,
      "magicDamageTaken": 13491,
      "largestCriticalStrike": 858,
      "timePlayed": 2327,
      "totalHeal": 4331,
      "totalUnitsHealed": 5,
      "assists": 12,
      "item0": 3250,
      "item1": 3072,
      "item2": 3078,
      "item3": 3035,
      "item4": 3211,
      "item5": 1037,
      "item6": 3340,
      "magicDamageDealtToChampions": 9817,
      "physicalDamageDealtToChampions": 32622,
      "totalDamageDealtToChampions": 43008,
      "trueDamageDealtPlayer": 806,
      "trueDamageDealtToChampions": 568,
      "trueDamageTaken": 1500,
      "wardKilled": 1,
      "wardPlaced": 5,
      "neutralMinionsKilledYourJungle": 11,
      "totalTimeCrowdControlDealt": 101
    }
  },
  "31563195": {
    "gameId": 825968081,
    "invalid": false,
    "gameMode": "CLASSIC",
    "gameType": "MATCHED_GAME",
    "subType": "RANKED_SOLO_5x5",
    "mapId": 1,
    "teamId": 200,
    "championId": 44,
    "spell1": 4,
    "spell2": 3,
    "level": 30,
    "ipEarned": 69,
    "createDate": 1399029849086,
    "fellowPlayers": [
      {
        "summonerId": 25159350,
        "teamId": 100,
        "championId": 64
      },
      {
        "summonerId": 20949174,
        "teamId": 200,
        "championId": 19
      },
      {
        "summonerId": 28713415,
        "teamId": 200,
        "championId": 7
      },
      {
        "summonerId": 43933975,
        "teamId": 100,
        "championId": 39
      },
      {
        "summonerId": 29340937,
        "teamId": 200,
        "championId": 96
      },
      {
        "summonerId": 24480133,
        "teamId": 200,
        "championId": 80
      },
      {
        "summonerId": 36431061,
        "teamId": 100,
        "championId": 89
      },
      {
        "summonerId": 30910730,
        "teamId": 100,
        "championId": 10
      },
      {
        "summonerId": 31279628,
        "teamId": 100,
        "championId": 236
      }
    ],
    "stats": {
      "level": 15,
      "goldEarned": 9613,
      "numDeaths": 6,
      "barracksKilled": 1,
      "minionsKilled": 71,
      "goldSpent": 8925,
      "totalDamageDealt": 36888,
      "totalDamageTaken": 31960,
      "team": 200,
      "win": false,
      "physicalDamageDealtPlayer": 17288,
      "magicDamageDealtPlayer": 12165,
      "physicalDamageTaken": 20463,
      "magicDamageTaken": 9905,
      "timePlayed": 2327,
      "totalHeal": 17049,
      "totalUnitsHealed": 5,
      "assists": 13,
      "item0": 3401,
      "item1": 1057,
      "item2": 3265,
      "item3": 3110,
      "item4": 1011,
      "item5": 1028,
      "item6": 3340,
      "sightWardsBought": 3,
      "magicDamageDealtToChampions": 5862,
      "physicalDamageDealtToChampions": 2458,
      "totalDamageDealtToChampions": 8320,
      "trueDamageDealtPlayer": 7434,
      "trueDamageTaken": 1592,
      "wardPlaced": 9,
      "totalTimeCrowdControlDealt": 542
    }
  },
  "25159350": {
    "gameId": 825968081,
    "invalid": false,
    "gameMode": "CLASSIC",
    "gameType": "MATCHED_GAME",
    "subType": "RANKED_SOLO_5x5",
    "mapId": 1,
    "teamId": 100,
    "championId": 64,
    "spell1": 11,
    "spell2": 4,
    "level": 30,
    "ipEarned": 106,
    "createDate": 1399029849080,
    "fellowPlayers": [
      {
        "summonerId": 20949174,
        "teamId": 200,
        "championId": 19
      },
      {
        "summonerId": 28713415,
        "teamId": 200,
        "championId": 7
      },
      {
        "summonerId": 31563195,
        "teamId": 200,
        "championId": 44
      },
      {
        "summonerId": 43933975,
        "teamId": 100,
        "championId": 39
      },
      {
        "summonerId": 29340937,
        "teamId": 200,
        "championId": 96
      },
      {
        "summonerId": 24480133,
        "teamId": 200,
        "championId": 80
      },
      {
        "summonerId": 36431061,
        "teamId": 100,
        "championId": 89
      },
      {
        "summonerId": 30910730,
        "teamId": 100,
        "championId": 10
      },
      {
        "summonerId": 31279628,
        "teamId": 100,
        "championId": 236
      }
    ],
    "stats": {
      "level": 16,
      "goldEarned": 9851,
      "numDeaths": 12,
      "minionsKilled": 21,
      "championsKilled": 3,
      "goldSpent": 8970,
      "totalDamageDealt": 103582,
      "totalDamageTaken": 34187,
      "team": 100,
      "win": true,
      "neutralMinionsKilled": 71,
      "largestMultiKill": 1,
      "physicalDamageDealtPlayer": 54048,
      "magicDamageDealtPlayer": 40883,
      "physicalDamageTaken": 17660,
      "magicDamageTaken": 15009,
      "timePlayed": 2327,
      "totalHeal": 3354,
      "totalUnitsHealed": 1,
      "assists": 8,
      "item0": 3154,
      "item1": 3143,
      "item2": 3265,
      "item3": 1057,
      "item4": 3067,
      "item5": 1028,
      "item6": 3340,
      "magicDamageDealtToChampions": 1913,
      "physicalDamageDealtToChampions": 7838,
      "totalDamageDealtToChampions": 9949,
      "trueDamageDealtPlayer": 8650,
      "trueDamageDealtToChampions": 198,
      "trueDamageTaken": 1517,
      "wardPlaced": 12,
      "neutralMinionsKilledEnemyJungle": 1,
      "neutralMinionsKilledYourJungle": 70,
      "totalTimeCrowdControlDealt": 885
    }
  },
  "29340937": {
    "gameId": 825968081,
    "invalid": false,
    "gameMode": "CLASSIC",
    "gameType": "MATCHED_GAME",
    "subType": "RANKED_SOLO_5x5",
    "mapId": 1,
    "teamId": 200,
    "championId": 96,
    "spell1": 7,
    "spell2": 4,
    "level": 30,
    "ipEarned": 69,
    "createDate": 1399029849087,
    "fellowPlayers": [
      {
        "summonerId": 25159350,
        "teamId": 100,
        "championId": 64
      },
      {
        "summonerId": 20949174,
        "teamId": 200,
        "championId": 19
      },
      {
        "summonerId": 28713415,
        "teamId": 200,
        "championId": 7
      },
      {
        "summonerId": 31563195,
        "teamId": 200,
        "championId": 44
      },
      {
        "summonerId": 43933975,
        "teamId": 100,
        "championId": 39
      },
      {
        "summonerId": 24480133,
        "teamId": 200,
        "championId": 80
      },
      {
        "summonerId": 36431061,
        "teamId": 100,
        "championId": 89
      },
      {
        "summonerId": 30910730,
        "teamId": 100,
        "championId": 10
      },
      {
        "summonerId": 31279628,
        "teamId": 100,
        "championId": 236
      }
    ],
    "stats": {
      "level": 16,
      "goldEarned": 13886,
      "numDeaths": 11,
      "turretsKilled": 2,
      "minionsKilled": 191,
      "championsKilled": 7,
      "goldSpent": 13665,
      "totalDamageDealt": 134887,
      "totalDamageTaken": 30601,
      "killingSprees": 1,
      "largestKillingSpree": 3,
      "team": 200,
      "win": false,
      "neutralMinionsKilled": 6,
      "largestMultiKill": 1,
      "physicalDamageDealtPlayer": 104457,
      "magicDamageDealtPlayer": 23912,
      "physicalDamageTaken": 19207,
      "magicDamageTaken": 10381,
      "largestCriticalStrike": 785,
      "timePlayed": 2327,
      "totalHeal": 3590,
      "totalUnitsHealed": 3,
      "assists": 12,
      "item0": 3153,
      "item1": 3031,
      "item2": 3046,
      "item3": 3006,
      "item4": 1038,
      "item5": 1053,
      "item6": 3340,
      "magicDamageDealtToChampions": 13625,
      "physicalDamageDealtToChampions": 13464,
      "totalDamageDealtToChampions": 31485,
      "trueDamageDealtPlayer": 6517,
      "trueDamageDealtToChampions": 4396,
      "trueDamageTaken": 1011,
      "wardPlaced": 2,
      "neutralMinionsKilledEnemyJungle": 2,
      "neutralMinionsKilledYourJungle": 4,
      "totalTimeCrowdControlDealt": 508
    }
  },
  "36431061": {
    "gameId": 825968081,
    "invalid": false,
    "gameMode": "CLASSIC",
    "gameType": "MATCHED_GAME",
    "subType": "RANKED_SOLO_5x5",
    "mapId": 1,
    "teamId": 100,
    "championId": 89,
    "spell1": 4,
    "spell2": 3,
    "level": 30,
    "ipEarned": 106,
    "createDate": 1399029849078,
    "fellowPlayers": [
      {
        "summonerId": 25159350,
        "teamId": 100,
        "championId": 64
      },
      {
        "summonerId": 20949174,
        "teamId": 200,
        "championId": 19
      },
      {
        "summonerId": 28713415,
        "teamId": 200,
        "championId": 7
      },
      {
        "summonerId": 31563195,
        "teamId": 200,
        "championId": 44
      },
      {
        "summonerId": 43933975,
        "teamId": 100,
        "championId": 39
      },
      {
        "summonerId": 29340937,
        "teamId": 200,
        "championId": 96
      },
      {
        "summonerId": 24480133,
        "teamId": 200,
        "championId": 80
      },
      {
        "summonerId": 30910730,
        "teamId": 100,
        "championId": 10
      },
      {
        "summonerId": 31279628,
        "teamId": 100,
        "championId": 236
      }
    ],
    "stats": {
      "level": 17,
      "goldEarned": 11809,
      "numDeaths": 5,
      "minionsKilled": 31,
      "championsKilled": 4,
      "goldSpent": 9870,
      "totalDamageDealt": 39552,
      "totalDamageTaken": 24972,
      "killingSprees": 1,
      "largestKillingSpree": 3,
      "team": 100,
      "win": true,
      "neutralMinionsKilled": 4,
      "largestMultiKill": 1,
      "physicalDamageDealtPlayer": 11624,
      "magicDamageDealtPlayer": 24664,
      "physicalDamageTaken": 12060,
      "magicDamageTaken": 11958,
      "timePlayed": 2327,
      "totalHeal": 1773,
      "totalUnitsHealed": 4,
      "assists": 22,
      "item0": 3270,
      "item1": 3401,
      "item2": 3082,
      "item3": 2045,
      "item4": 3068,
      "item5": 1011,
      "item6": 3341,
      "sightWardsBought": 1,
      "magicDamageDealtToChampions": 9045,
      "physicalDamageDealtToChampions": 3687,
      "totalDamageDealtToChampions": 12733,
      "trueDamageDealtPlayer": 3262,
      "trueDamageTaken": 953,
      "wardKilled": 1,
      "wardPlaced": 22,
      "neutralMinionsKilledEnemyJungle": 2,
      "neutralMinionsKilledYourJungle": 2,
      "totalTimeCrowdControlDealt": 102
    }
  },
  "20949174": {
    "gameId": 825968081,
    "invalid": false,
    "gameMode": "CLASSIC",
    "gameType": "MATCHED_GAME",
    "subType": "RANKED_SOLO_5x5",
    "mapId": 1,
    "teamId": 200,
    "championId": 19,
    "spell1": 4,
    "spell2": 11,
    "level": 30,
    "ipEarned": 69,
    "createDate": 1399029849084,
    "fellowPlayers": [
      {
        "summonerId": 25159350,
        "teamId": 100,
        "championId": 64
      },
      {
        "summonerId": 28713415,
        "teamId": 200,
        "championId": 7
      },
      {
        "summonerId": 31563195,
        "teamId": 200,
        "championId": 44
      },
      {
        "summonerId": 43933975,
        "teamId": 100,
        "championId": 39
      },
      {
        "summonerId": 29340937,
        "teamId": 200,
        "championId": 96
      },
      {
        "summonerId": 24480133,
        "teamId": 200,
        "championId": 80
      },
      {
        "summonerId": 36431061,
        "teamId": 100,
        "championId": 89
      },
      {
        "summonerId": 30910730,
        "teamId": 100,
        "championId": 10
      },
      {
        "summonerId": 31279628,
        "teamId": 100,
        "championId": 236
      }
    ],
    "stats": {
      "level": 17,
      "goldEarned": 13570,
      "numDeaths": 5,
      "turretsKilled": 1,
      "minionsKilled": 52,
      "championsKilled": 5,
      "goldSpent": 13160,
      "totalDamageDealt": 193098,
      "totalDamageTaken": 43112,
      "killingSprees": 1,
      "largestKillingSpree": 4,
      "team": 200,
      "win": false,
      "neutralMinionsKilled": 114,
      "largestMultiKill": 1,
      "physicalDamageDealtPlayer": 97154,
      "magicDamageDealtPlayer": 79668,
      "physicalDamageTaken": 29380,
      "magicDamageTaken": 12072,
      "timePlayed": 2327,
      "totalHeal": 19581,
      "totalUnitsHealed": 1,
      "assists": 13,
      "item0": 3160,
      "item1": 3143,
      "item2": 3153,
      "item3": 3260,
      "item4": 3068,
      "item5": 1057,
      "item6": 3340,
      "magicDamageDealtToChampions": 11557,
      "physicalDamageDealtToChampions": 6414,
      "totalDamageDealtToChampions": 18702,
      "trueDamageDealtPlayer": 16276,
      "trueDamageDealtToChampions": 730,
      "trueDamageTaken": 1659,
      "wardPlaced": 20,
      "neutralMinionsKilledEnemyJungle": 20,
      "neutralMinionsKilledYourJungle": 94,
      "totalTimeCrowdControlDealt": 966
    }
  },
  "24480133": {
    "gameId": 825968081,
    "invalid": false,
    "gameMode": "CLASSIC",
    "gameType": "MATCHED_GAME",
    "subType": "RANKED_SOLO_5x5",
    "mapId": 1,
    "teamId": 200,
    "championId": 80,
    "spell1": 14,
    "spell2": 4,
    "level": 30,
    "ipEarned": 69,
    "createDate": 1399029849083,
    "fellowPlayers": [
      {
        "summonerId": 25159350,
        "teamId": 100,
        "championId": 64
      },
      {
        "summonerId": 20949174,
        "teamId": 200,
        "championId": 19
      },
      {
        "summonerId": 28713415,
        "teamId": 200,
        "championId": 7
      },
      {
        "summonerId": 31563195,
        "teamId": 200,
        "championId": 44
      },
      {
        "summonerId": 43933975,
        "teamId": 100,
        "championId": 39
      },
      {
        "summonerId": 29340937,
        "teamId": 200,
        "championId": 96
      },
      {
        "summonerId": 36431061,
        "teamId": 100,
        "championId": 89
      },
      {
        "summonerId": 30910730,
        "teamId": 100,
        "championId": 10
      },
      {
        "summonerId": 31279628,
        "teamId": 100,
        "championId": 236
      }
    ],
    "stats": {
      "level": 16,
      "goldEarned": 12578,
      "numDeaths": 6,
      "turretsKilled": 3,
      "minionsKilled": 204,
      "championsKilled": 4,
      "goldSpent": 12115,
      "totalDamageDealt": 141509,
      "totalDamageTaken": 28862,
      "killingSprees": 1,
      "largestKillingSpree": 2,
      "team": 200,
      "win": false,
      "neutralMinionsKilled": 10,
      "largestMultiKill": 1,
      "physicalDamageDealtPlayer": 127132,
      "magicDamageDealtPlayer": 13140,
      "physicalDamageTaken": 16968,
      "magicDamageTaken": 10760,
      "largestCriticalStrike": 740,
      "timePlayed": 2327,
      "totalHeal": 2330,
      "totalUnitsHealed": 1,
      "assists": 7,
      "item0": 3071,
      "item1": 3143,
      "item2": 3265,
      "item3": 3155,
      "item5": 3035,
      "item6": 3340,
      "magicDamageDealtToChampions": 2362,
      "physicalDamageDealtToChampions": 16008,
      "totalDamageDealtToChampions": 19607,
      "trueDamageDealtPlayer": 1236,
      "trueDamageDealtToChampions": 1236,
      "trueDamageTaken": 1133,
      "wardPlaced": 8,
      "neutralMinionsKilledEnemyJungle": 6,
      "neutralMinionsKilledYourJungle": 4,
      "totalTimeCrowdControlDealt": 368
    }
  },
  "28713415": {
    "gameId": 825968081,
    "invalid": false,
    "gameMode": "CLASSIC",
    "gameType": "MATCHED_GAME",
    "subType": "RANKED_SOLO_5x5",
    "mapId": 1,
    "teamId": 200,
    "championId": 7,
    "spell1": 14,
    "spell2": 4,
    "level": 30,
    "ipEarned": 69,
    "createDate": 1399029849082,
    "fellowPlayers": [
      {
        "summonerId": 25159350,
        "teamId": 100,
        "championId": 64
      },
      {
        "summonerId": 20949174,
        "teamId": 200,
        "championId": 19
      },
      {
        "summonerId": 31563195,
        "teamId": 200,
        "championId": 44
      },
      {
        "summonerId": 43933975,
        "teamId": 100,
        "championId": 39
      },
      {
        "summonerId": 29340937,
        "teamId": 200,
        "championId": 96
      },
      {
        "summonerId": 24480133,
        "teamId": 200,
        "championId": 80
      },
      {
        "summonerId": 36431061,
        "teamId": 100,
        "championId": 89
      },
      {
        "summonerId": 30910730,
        "teamId": 100,
        "championId": 10
      },
      {
        "summonerId": 31279628,
        "teamId": 100,
        "championId": 236
      }
    ],
    "stats": {
      "level": 16,
      "goldEarned": 14849,
      "numDeaths": 8,
      "minionsKilled": 109,
      "championsKilled": 18,
      "goldSpent": 14945,
      "totalDamageDealt": 108803,
      "totalDamageTaken": 24709,
      "doubleKills": 2,
      "killingSprees": 3,
      "largestKillingSpree": 10,
      "team": 200,
      "win": false,
      "neutralMinionsKilled": 12,
      "largestMultiKill": 2,
      "physicalDamageDealtPlayer": 23710,
      "magicDamageDealtPlayer": 83031,
      "physicalDamageTaken": 15466,
      "magicDamageTaken": 8765,
      "timePlayed": 2327,
      "totalHeal": 303,
      "totalUnitsHealed": 1,
      "assists": 5,
      "item0": 3157,
      "item1": 3128,
      "item2": 3255,
      "item3": 3135,
      "item4": 3089,
      "item6": 3340,
      "magicDamageDealtToChampions": 37505,
      "physicalDamageDealtToChampions": 2271,
      "totalDamageDealtToChampions": 40846,
      "trueDamageDealtPlayer": 2062,
      "trueDamageDealtToChampions": 1070,
      "trueDamageTaken": 477,
      "wardPlaced": 11,
      "neutralMinionsKilledEnemyJungle": 1,
      "neutralMinionsKilledYourJungle": 11,
      "totalTimeCrowdControlDealt": 265
    }
  }
}