{
  "30295066": {
    "gameId": 825976207,
    "invalid": false,
    "gameMode": "CLASSIC",
    "gameType": "MATCHED_GAME",
    "subType": "RANKED_SOLO_5x5",
    "mapId": 1,
    "teamId": 100,
    "championId": 236,
    "spell1": 4,
    "spell2": 7,
    "level": 30,
    "ipEarned": 113,
    "createDate": 1399031865141,
    "fellowPlayers": [
      {
        "summonerId": 33083443,
        "teamId": 200,
        "championId": 10
      },
      {
        "summonerId": 24666538,
        "teamId": 100,
        "championId": 16
      },
      {
        "summonerId": 22378637,
        "teamId": 100,
        "championId": 157
      },
      {
        "summonerId": 30407368,
        "teamId": 200,
        "championId": 31
      },
      {
        "summonerId": 19920238,
        "teamId": 200,
        "championId": 121
      },
      {
        "summonerId": 24667774,
        "teamId": 100,
        "championId": 62
      },
      {
        "summonerId": 38883283,
        "teamId": 200,
        "championId": 89
      },
      {
        "summonerId": 20031294,
        "teamId": 200,
        "championId": 119
      },
      {
        "summonerId": 31963640,
        "teamId": 100,
        "championId": 115
      }
    ],
    "stats": {
      "level": 18,
      "goldEarned": 14941,
      "numDeaths": 3,
      "turretsKilled": 3,
      "minionsKilled": 202,
      "championsKilled": 6,
      "goldSpent": 12918,
      "totalDamageDealt": 194807,
      "totalDamageTaken": 29491,
      "doubleKills": 1,
      "killingSprees": 1,
      "largestKillingSpree": 5,
      "team": 100,
      "win": true,
      "neutralMinionsKilled": 26,
      "largestMultiKill": 2,
      "physicalDamageDealtPlayer": 168328,
      "magicDamageDealtPlayer": 25081,
      "physicalDamageTaken": 16303,
      "magicDamageTaken": 12690,
      "largestCriticalStrike": 666,
      "timePlayed": 2463,
      "totalHeal": 5354,
      "totalUnitsHealed": 4,
      "assists": 15,
      "item0": 3078,
      "item1": 3035,
      "item2": 3250,
      "item3": 1055,
      "item4": 1038,
      "item5": 3072,
      "item6": 3340,
      "magicDamageDealtToChampions": 7473,
      "physicalDamageDealtToChampions": 29247,
      "totalDamageDealtToChampions": 37001,
      "trueDamageDealtPlayer": 1398,
      "trueDamageDealtToChampions": 280,
      "trueDamageTaken": 497,
      "wardKilled": 1,
      "wardPlaced": 10,
      "neutralMinionsKilledYourJungle": 26,
      "totalTimeCrowdControlDealt": 287
    }
  },
  "summonerCount": 10,
  "19920238": {
    "gameId": 825976207,
    "invalid": false,
    "gameMode": "CLASSIC",
    "gameType": "MATCHED_GAME",
    "subType": "RANKED_SOLO_5x5",
    "mapId": 1,
    "teamId": 200,
    "championId": 121,
    "spell1": 4,
    "spell2": 11,
    "level": 30,
    "ipEarned": 74,
    "createDate": 1399031865151,
    "fellowPlayers": [
      {
        "summonerId": 33083443,
        "teamId": 200,
        "championId": 10
      },
      {
        "summonerId": 24666538,
        "teamId": 100,
        "championId": 16
      },
      {
        "summonerId": 30295066,
        "teamId": 100,
        "championId": 236
      },
      {
        "summonerId": 22378637,
        "teamId": 100,
        "championId": 157
      },
      {
        "summonerId": 30407368,
        "teamId": 200,
        "championId": 31
      },
      {
        "summonerId": 24667774,
        "teamId": 100,
        "championId": 62
      },
      {
        "summonerId": 38883283,
        "teamId": 200,
        "championId": 89
      },
      {
        "summonerId": 20031294,
        "teamId": 200,
        "championId": 119
      },
      {
        "summonerId": 31963640,
        "teamId": 100,
        "championId": 115
      }
    ],
    "stats": {
      "level": 18,
      "goldEarned": 13547,
      "numDeaths": 9,
      "minionsKilled": 74,
      "championsKilled": 8,
      "goldSpent": 11792,
      "totalDamageDealt": 178035,
      "totalDamageTaken": 38259,
      "killingSprees": 2,
      "largestKillingSpree": 2,
      "team": 200,
      "win": false,
      "neutralMinionsKilled": 87,
      "largestMultiKill": 1,
      "physicalDamageDealtPlayer": 157819,
      "magicDamageDealtPlayer": 2394,
      "physicalDamageTaken": 24097,
      "magicDamageTaken": 12992,
      "timePlayed": 2463,
      "totalHeal": 10445,
      "totalUnitsHealed": 1,
      "assists": 10,
      "item0": 3134,
      "item1": 3074,
      "item2": 3026,
      "item3": 3275,
      "item4": 3209,
      "item5": 1036,
      "item6": 3340,
      "sightWardsBought": 2,
      "magicDamageDealtToChampions": 1592,
      "physicalDamageDealtToChampions": 14826,
      "totalDamageDealtToChampions": 17799,
      "trueDamageDealtPlayer": 17820,
      "trueDamageDealtToChampions": 1380,
      "trueDamageTaken": 1170,
      "wardPlaced": 11,
      "neutralMinionsKilledEnemyJungle": 11,
      "neutralMinionsKilledYourJungle": 76,
      "totalTimeCrowdControlDealt": 598
    }
  },
  "24666538": {
    "gameId": 825976207,
    "invalid": false,
    "gameMode": "CLASSIC",
    "gameType": "MATCHED_GAME",
    "subType": "RANKED_SOLO_5x5",
    "mapId": 1,
    "teamId": 100,
    "championId": 16,
    "spell1": 4,
    "spell2": 3,
    "level": 30,
    "ipEarned": 113,
    "createDate": 1399031865143,
    "fellowPlayers": [
      {
        "summonerId": 33083443,
        "teamId": 200,
        "championId": 10
      },
      {
        "summonerId": 30295066,
        "teamId": 100,
        "championId": 236
      },
      {
        "summonerId": 22378637,
        "teamId": 100,
        "championId": 157
      },
      {
        "summonerId": 30407368,
        "teamId": 200,
        "championId": 31
      },
      {
        "summonerId": 19920238,
        "teamId": 200,
        "championId": 121
      },
      {
        "summonerId": 24667774,
        "teamId": 100,
        "championId": 62
      },
      {
        "summonerId": 38883283,
        "teamId": 200,
        "championId": 89
      },
      {
        "summonerId": 20031294,
        "teamId": 200,
        "championId": 119
      },
      {
        "summonerId": 31963640,
        "teamId": 100,
        "championId": 115
      }
    ],
    "stats": {
      "level": 17,
      "goldEarned": 12732,
      "numDeaths": 5,
      "barracksKilled": 1,
      "minionsKilled": 52,
      "championsKilled": 3,
      "goldSpent": 10815,
      "totalDamageDealt": 54107,
      "totalDamageTaken": 25949,
      "killingSprees": 1,
      "largestKillingSpree": 2,
      "team": 100,
      "win": true,
      "largestMultiKill": 1,
      "physicalDamageDealtPlayer": 6697,
      "magicDamageDealtPlayer": 46956,
      "physicalDamageTaken": 13910,
      "magicDamageTaken": 10537,
      "timePlayed": 2463,
      "totalHeal": 29076,
      "totalUnitsHealed": 8,
      "assists": 14,
      "item0": 3222,
      "item1": 2045,
      "item2": 3069,
      "item3": 3270,
      "item4": 1026,
      "item5": 3165,
      "item6": 3341,
      "sightWardsBought": 1,
      "magicDamageDealtToChampions": 12361,
      "physicalDamageDealtToChampions": 1586,
      "totalDamageDealtToChampions": 13948,
      "trueDamageDealtPlayer": 454,
      "trueDamageTaken": 1501,
      "wardKilled": 2,
      "wardPlaced": 32,
      "totalTimeCrowdControlDealt": 118
    }
  },
  "30407368": {
    "gameId": 825976207,
    "invalid": false,
    "gameMode": "CLASSIC",
    "gameType": "MATCHED_GAME",
    "subType": "RANKED_SOLO_5x5",
    "mapId": 1,
    "teamId": 200,
    "championId": 31,
    "spell1": 12,
    "spell2": 4,
    "level": 30,
    "ipEarned": 74,
    "createDate": 1399031865152,
    "fellowPlayers": [
      {
        "summonerId": 33083443,
        "teamId": 200,
        "championId": 10
      },
      {
        "summonerId": 24666538,
        "teamId": 100,
        "championId": 16
      },
      {
        "summonerId": 30295066,
        "teamId": 100,
        "championId": 236
      },
      {
        "summonerId": 22378637,
        "teamId": 100,
        "championId": 157
      },
      {
        "summonerId": 19920238,
        "teamId": 200,
        "championId": 121
      },
      {
        "summonerId": 24667774,
        "teamId": 100,
        "championId": 62
      },
      {
        "summonerId": 38883283,
        "teamId": 200,
        "championId": 89
      },
      {
        "summonerId": 20031294,
        "teamId": 200,
        "championId": 119
      },
      {
        "summonerId": 31963640,
        "teamId": 100,
        "championId": 115
      }
    ],
    "stats": {
      "level": 18,
      "goldEarned": 14086,
      "numDeaths": 5,
      "turretsKilled": 1,
      "minionsKilled": 210,
      "championsKilled": 7,
      "goldSpent": 13320,
      "totalDamageDealt": 168765,
      "totalDamageTaken": 43298,
      "doubleKills": 1,
      "killingSprees": 2,
      "largestKillingSpree": 4,
      "team": 200,
      "win": false,
      "neutralMinionsKilled": 11,
      "largestMultiKill": 2,
      "physicalDamageDealtPlayer": 22706,
      "magicDamageDealtPlayer": 121494,
      "physicalDamageTaken": 21134,
      "magicDamageTaken": 21265,
      "timePlayed": 2463,
      "totalHeal": 7143,
      "totalUnitsHealed": 1,
      "assists": 10,
      "item0": 3110,
      "item1": 3027,
      "item2": 3260,
      "item3": 3001,
      "item4": 3075,
      "item5": 1011,
      "item6": 3340,
      "magicDamageDealtToChampions": 17475,
      "physicalDamageDealtToChampions": 2347,
      "totalDamageDealtToChampions": 25928,
      "trueDamageDealtPlayer": 24564,
      "trueDamageDealtToChampions": 6105,
      "trueDamageTaken": 898,
      "wardKilled": 1,
      "wardPlaced": 5,
      "neutralMinionsKilledEnemyJungle": 2,
      "neutralMinionsKilledYourJungle": 9,
      "totalTimeCrowdControlDealt": 1108
    }
  },
  "22378637": {
    "gameId": 825976207,
    "invalid": false,
    "gameMode": "CLASSIC",
    "gameType": "MATCHED_GAME",
    "subType": "RANKED_SOLO_5x5",
    "mapId": 1,
    "teamId": 100,
    "championId": 157,
    "spell1": 14,
    "spell2": 4,
    "level": 30,
    "ipEarned": 113,
    "createDate": 1399031865140,
    "fellowPlayers": [
      {
        "summonerId": 33083443,
        "teamId": 200,
        "championId": 10
      },
      {
        "summonerId": 24666538,
        "teamId": 100,
        "championId": 16
      },
      {
        "summonerId": 30295066,
        "teamId": 100,
        "championId": 236
      },
      {
        "summonerId": 30407368,
        "teamId": 200,
        "championId": 31
      },
      {
        "summonerId": 19920238,
        "teamId": 200,
        "championId": 121
      },
      {
        "summonerId": 24667774,
        "teamId": 100,
        "championId": 62
      },
      {
        "summonerId": 38883283,
        "teamId": 200,
        "championId": 89
      },
      {
        "summonerId": 20031294,
        "teamId": 200,
        "championId": 119
      },
      {
        "summonerId": 31963640,
        "teamId": 100,
        "championId": 115
      }
    ],
    "stats": {
      "level": 18,
      "goldEarned": 19849,
      "numDeaths": 11,
      "turretsKilled": 2,
      "minionsKilled": 232,
      "championsKilled": 18,
      "goldSpent": 19310,
      "totalDamageDealt": 241341,
      "totalDamageTaken": 37733,
      "doubleKills": 4,
      "killingSprees": 4,
      "largestKillingSpree": 7,
      "team": 100,
      "win": true,
      "neutralMinionsKilled": 16,
      "largestMultiKill": 2,
      "physicalDamageDealtPlayer": 196694,
      "magicDamageDealtPlayer": 43599,
      "physicalDamageTaken": 13901,
      "magicDamageTaken": 18460,
      "largestCriticalStrike": 886,
      "timePlayed": 2463,
      "totalHeal": 2244,
      "totalUnitsHealed": 1,
      "assists": 13,
      "item0": 3074,
      "item1": 3142,
      "item2": 1031,
      "item3": 3035,
      "item4": 3031,
      "item5": 3087,
      "item6": 3340,
      "magicDamageDealtToChampions": 7172,
      "physicalDamageDealtToChampions": 37208,
      "totalDamageDealtToChampions": 45324,
      "trueDamageDealtPlayer": 1048,
      "trueDamageDealtToChampions": 944,
      "trueDamageTaken": 5372,
      "wardPlaced": 19,
      "neutralMinionsKilledEnemyJungle": 6,
      "neutralMinionsKilledYourJungle": 10,
      "totalTimeCrowdControlDealt": 285
    }
  },
  "31963640": {
    "gameId": 825976207,
    "invalid": false,
    "gameMode": "CLASSIC",
    "gameType": "MATCHED_GAME",
    "subType": "RANKED_SOLO_5x5",
    "mapId": 1,
    "teamId": 100,
    "championId": 115,
    "spell1": 4,
    "spell2": 14,
    "level": 30,
    "ipEarned": 113,
    "createDate": 1399031865145,
    "fellowPlayers": [
      {
        "summonerId": 33083443,
        "teamId": 200,
        "championId": 10
      },
      {
        "summonerId": 24666538,
        "teamId": 100,
        "championId": 16
      },
      {
        "summonerId": 30295066,
        "teamId": 100,
        "championId": 236
      },
      {
        "summonerId": 22378637,
        "teamId": 100,
        "championId": 157
      },
      {
        "summonerId": 30407368,
        "teamId": 200,
        "championId": 31
      },
      {
        "summonerId": 19920238,
        "teamId": 200,
        "championId": 121
      },
      {
        "summonerId": 24667774,
        "teamId": 100,
        "championId": 62
      },
      {
        "summonerId": 38883283,
        "teamId": 200,
        "championId": 89
      },
      {
        "summonerId": 20031294,
        "teamId": 200,
        "championId": 119
      }
    ],
    "stats": {
      "level": 18,
      "goldEarned": 14663,
      "numDeaths": 9,
      "barracksKilled": 1,
      "minionsKilled": 196,
      "championsKilled": 8,
      "goldSpent": 13565,
      "totalDamageDealt": 185171,
      "totalDamageTaken": 24135,
      "doubleKills": 1,
      "killingSprees": 2,
      "largestKillingSpree": 4,
      "team": 100,
      "win": true,
      "neutralMinionsKilled": 19,
      "largestMultiKill": 2,
      "physicalDamageDealtPlayer": 19273,
      "magicDamageDealtPlayer": 164656,
      "physicalDamageTaken": 12529,
      "magicDamageTaken": 9907,
      "timePlayed": 2463,
      "totalHeal": 1007,
      "totalUnitsHealed": 1,
      "assists": 12,
      "item0": 3174,
      "item1": 3089,
      "item2": 3157,
      "item3": 3135,
      "item4": 3020,
      "item5": 2039,
      "item6": 3342,
      "sightWardsBought": 2,
      "magicDamageDealtToChampions": 43956,
      "physicalDamageDealtToChampions": 2238,
      "totalDamageDealtToChampions": 46914,
      "trueDamageDealtPlayer": 1242,
      "trueDamageDealtToChampions": 720,
      "trueDamageTaken": 1698,
      "wardKilled": 1,
      "wardPlaced": 2,
      "neutralMinionsKilledEnemyJungle": 2,
      "neutralMinionsKilledYourJungle": 17,
      "totalTimeCrowdControlDealt": 433
    }
  },
  "38883283": {
    "gameId": 825976207,
    "invalid": false,
    "gameMode": "CLASSIC",
    "gameType": "MATCHED_GAME",
    "subType": "RANKED_SOLO_5x5",
    "mapId": 1,
    "teamId": 200,
    "championId": 89,
    "spell1": 14,
    "spell2": 4,
    "level": 30,
    "ipEarned": 74,
    "createDate": 1399031865149,
    "fellowPlayers": [
      {
        "summonerId": 33083443,
        "teamId": 200,
        "championId": 10
      },
      {
        "summonerId": 24666538,
        "teamId": 100,
        "championId": 16
      },
      {
        "summonerId": 30295066,
        "teamId": 100,
        "championId": 236
      },
      {
        "summonerId": 22378637,
        "teamId": 100,
        "championId": 157
      },
      {
        "summonerId": 30407368,
        "teamId": 200,
        "championId": 31
      },
      {
        "summonerId": 19920238,
        "teamId": 200,
        "championId": 121
      },
      {
        "summonerId": 24667774,
        "teamId": 100,
        "championId": 62
      },
      {
        "summonerId": 20031294,
        "teamId": 200,
        "championId": 119
      },
      {
        "summonerId": 31963640,
        "teamId": 100,
        "championId": 115
      }
    ],
    "stats": {
      "level": 16,
      "goldEarned": 9092,
      "numDeaths": 9,
      "minionsKilled": 58,
      "championsKilled": 1,
      "goldSpent": 9170,
      "totalDamageDealt": 35227,
      "totalDamageTaken": 37194,
      "team": 200,
      "win": false,
      "largestMultiKill": 1,
      "physicalDamageDealtPlayer": 7286,
      "magicDamageDealtPlayer": 21747,
      "physicalDamageTaken": 23179,
      "magicDamageTaken": 13208,
      "timePlayed": 2463,
      "totalHeal": 2508,
      "totalUnitsHealed": 5,
      "assists": 10,
      "item0": 3401,
      "item1": 2049,
      "item2": 3009,
      "item4": 1031,
      "item5": 3068,
      "item6": 3364,
      "sightWardsBought": 5,
      "visionWardsBought": 3,
      "magicDamageDealtToChampions": 5565,
      "physicalDamageDealtToChampions": 1733,
      "totalDamageDealtToChampions": 8076,
      "trueDamageDealtPlayer": 6193,
      "trueDamageDealtToChampions": 778,
      "trueDamageTaken": 806,
      "wardKilled": 2,
      "wardPlaced": 34,
      "totalTimeCrowdControlDealt": 53
    }
  },
  "20031294": {
    "gameId": 825976207,
    "invalid": false,
    "gameMode": "CLASSIC",
    "gameType": "MATCHED_GAME",
    "subType": "RANKED_SOLO_5x5",
    "mapId": 1,
    "teamId": 200,
    "championId": 119,
    "spell1": 7,
    "spell2": 4,
    "level": 30,
    "ipEarned": 74,
    "createDate": 1399031865147,
    "fellowPlayers": [
      {
        "summonerId": 33083443,
        "teamId": 200,
        "championId": 10
      },
      {
        "summonerId": 24666538,
        "teamId": 100,
        "championId": 16
      },
      {
        "summonerId": 30295066,
        "teamId": 100,
        "championId": 236
      },
      {
        "summonerId": 22378637,
        "teamId": 100,
        "championId": 157
      },
      {
        "summonerId": 30407368,
        "teamId": 200,
        "championId": 31
      },
      {
        "summonerId": 19920238,
        "teamId": 200,
        "championId": 121
      },
      {
        "summonerId": 24667774,
        "teamId": 100,
        "championId": 62
      },
      {
        "summonerId": 38883283,
        "teamId": 200,
        "championId": 89
      },
      {
        "summonerId": 31963640,
        "teamId": 100,
        "championId": 115
      }
    ],
    "stats": {
      "level": 18,
      "goldEarned": 13890,
      "numDeaths": 6,
      "turretsKilled": 1,
      "minionsKilled": 229,
      "championsKilled": 4,
      "goldSpent": 13475,
      "totalDamageDealt": 179583,
      "totalDamageTaken": 30362,
      "killingSprees": 1,
      "largestKillingSpree": 2,
      "team": 200,
      "win": false,
      "neutralMinionsKilled": 16,
      "largestMultiKill": 1,
      "physicalDamageDealtPlayer": 178087,
      "magicDamageDealtPlayer": 1033,
      "physicalDamageTaken": 20040,
      "magicDamageTaken": 9951,
      "largestCriticalStrike": 1282,
      "timePlayed": 2463,
      "totalHeal": 4825,
      "totalUnitsHealed": 3,
      "assists": 8,
      "item0": 3035,
      "item1": 3031,
      "item2": 3250,
      "item3": 1018,
      "item4": 3072,
      "item5": 3086,
      "item6": 3340,
      "magicDamageDealtToChampions": 652,
      "physicalDamageDealtToChampions": 22829,
      "totalDamageDealtToChampions": 23860,
      "trueDamageDealtPlayer": 462,
      "trueDamageDealtToChampions": 378,
      "trueDamageTaken": 370,
      "wardPlaced": 6,
      "neutralMinionsKilledEnemyJungle": 4,
      "neutralMinionsKilledYourJungle": 12,
      "totalTimeCrowdControlDealt": 112
    }
  },
  "24667774": {
    "gameId": 825976207,
    "invalid": false,
    "gameMode": "CLASSIC",
    "gameType": "MATCHED_GAME",
    "subType": "RANKED_SOLO_5x5",
    "mapId": 1,
    "teamId": 100,
    "championId": 62,
    "spell1": 11,
    "spell2": 4,
    "level": 30,
    "ipEarned": 113,
    "createDate": 1399031865144,
    "fellowPlayers": [
      {
        "summonerId": 33083443,
        "teamId": 200,
        "championId": 10
      },
      {
        "summonerId": 24666538,
        "teamId": 100,
        "championId": 16
      },
      {
        "summonerId": 30295066,
        "teamId": 100,
        "championId": 236
      },
      {
        "summonerId": 22378637,
        "teamId": 100,
        "championId": 157
      },
      {
        "summonerId": 30407368,
        "teamId": 200,
        "championId": 31
      },
      {
        "summonerId": 19920238,
        "teamId": 200,
        "championId": 121
      },
      {
        "summonerId": 38883283,
        "teamId": 200,
        "championId": 89
      },
      {
        "summonerId": 20031294,
        "teamId": 200,
        "championId": 119
      },
      {
        "summonerId": 31963640,
        "teamId": 100,
        "championId": 115
      }
    ],
    "stats": {
      "level": 18,
      "goldEarned": 13313,
      "numDeaths": 5,
      "barracksKilled": 1,
      "minionsKilled": 18,
      "championsKilled": 5,
      "goldSpent": 11705,
      "totalDamageDealt": 130349,
      "totalDamageTaken": 37323,
      "killingSprees": 1,
      "largestKillingSpree": 2,
      "team": 100,
      "win": true,
      "neutralMinionsKilled": 83,
      "largestMultiKill": 1,
      "physicalDamageDealtPlayer": 100108,
      "magicDamageDealtPlayer": 11709,
      "physicalDamageTaken": 24904,
      "magicDamageTaken": 10517,
      "timePlayed": 2463,
      "totalHeal": 6805,
      "totalUnitsHealed": 1,
      "assists": 17,
      "item0": 3143,
      "item1": 1057,
      "item2": 1031,
      "item3": 3268,
      "item4": 3209,
      "item5": 3068,
      "item6": 3340,
      "sightWardsBought": 1,
      "visionWardsBought": 2,
      "magicDamageDealtToChampions": 1458,
      "physicalDamageDealtToChampions": 13000,
      "totalDamageDealtToChampions": 16530,
      "trueDamageDealtPlayer": 18531,
      "trueDamageDealtToChampions": 2071,
      "trueDamageTaken": 1901,
      "wardPlaced": 10,
      "neutralMinionsKilledEnemyJungle": 5,
      "neutralMinionsKilledYourJungle": 78,
      "totalTimeCrowdControlDealt": 442
    }
  },
  "33083443": {
    "gameId": 825976207,
    "invalid": false,
    "gameMode": "CLASSIC",
    "gameType": "MATCHED_GAME",
    "subType": "RANKED_SOLO_5x5",
    "mapId": 1,
    "teamId": 200,
    "championId": 10,
    "spell1": 4,
    "spell2": 14,
    "level": 30,
    "ipEarned": 74,
    "createDate": 1399031865148,
    "fellowPlayers": [
      {
        "summonerId": 24666538,
        "teamId": 100,
        "championId": 16
      },
      {
        "summonerId": 30295066,
        "teamId": 100,
        "championId": 236
      },
      {
        "summonerId": 22378637,
        "teamId": 100,
        "championId": 157
      },
      {
        "summonerId": 30407368,
        "teamId": 200,
        "championId": 31
      },
      {
        "summonerId": 19920238,
        "teamId": 200,
        "championId": 121
      },
      {
        "summonerId": 24667774,
        "teamId": 100,
        "championId": 62
      },
      {
        "summonerId": 38883283,
        "teamId": 200,
        "championId": 89
      },
      {
        "summonerId": 20031294,
        "teamId": 200,
        "championId": 119
      },
      {
        "summonerId": 31963640,
        "teamId": 100,
        "championId": 115
      }
    ],
    "stats": {
      "level": 18,
      "goldEarned": 16221,
      "numDeaths": 11,
      "turretsKilled": 1,
      "minionsKilled": 231,
      "championsKilled": 13,
      "goldSpent": 15140,
      "totalDamageDealt": 193436,
      "totalDamageTaken": 43658,
      "doubleKills": 1,
      "killingSprees": 3,
      "largestKillingSpree": 5,
      "team": 200,
      "win": false,
      "neutralMinionsKilled": 21,
      "largestMultiKill": 2,
      "physicalDamageDealtPlayer": 31338,
      "magicDamageDealtPlayer": 160322,
      "physicalDamageTaken": 27883,
      "magicDamageTaken": 15004,
      "timePlayed": 2463,
      "totalHeal": 14121,
      "totalUnitsHealed": 3,
      "assists": 9,
      "item0": 3191,
      "item1": 3115,
      "item2": 3100,
      "item3": 3255,
      "item4": 3089,
      "item5": 3135,
      "item6": 3340,
      "magicDamageDealtToChampions": 34814,
      "physicalDamageDealtToChampions": 6772,
      "totalDamageDealtToChampions": 43212,
      "trueDamageDealtPlayer": 1774,
      "trueDamageDealtToChampions": 1624,
      "trueDamageTaken": 770,
      "wardPlaced": 3,
      "neutralMinionsKilledEnemyJungle": 4,
      "neutralMinionsKilledYourJungle": 17,
      "totalTimeCrowdControlDealt": 250
    }
  }
}