{
  "35294720": {
    "gameId": 825976923,
    "invalid": false,
    "gameMode": "CLASSIC",
    "gameType": "MATCHED_GAME",
    "subType": "RANKED_SOLO_5x5",
    "mapId": 1,
    "teamId": 100,
    "championId": 1,
    "spell1": 7,
    "spell2": 4,
    "level": 30,
    "ipEarned": 55,
    "createDate": 1399031209525,
    "fellowPlayers": [
      {
        "summonerId": 31900661,
        "teamId": 200,
        "championId": 16
      },
      {
        "summonerId": 31708292,
        "teamId": 100,
        "championId": 24
      },
      {
        "summonerId": 38267030,
        "teamId": 200,
        "championId": 50
      },
      {
        "summonerId": 33307018,
        "teamId": 100,
        "championId": 119
      },
      {
        "summonerId": 27185381,
        "teamId": 100,
        "championId": 77
      },
      {
        "summonerId": 25575761,
        "teamId": 200,
        "championId": 120
      },
      {
        "summonerId": 24793657,
        "teamId": 200,
        "championId": 86
      },
      {
        "summonerId": 39835965,
        "teamId": 200,
        "championId": 18
      },
      {
        "summonerId": 26938697,
        "teamId": 100,
        "championId": 121
      }
    ],
    "stats": {
      "level": 12,
      "goldEarned": 5621,
      "numDeaths": 8,
      "minionsKilled": 47,
      "championsKilled": 2,
      "goldSpent": 5420,
      "totalDamageDealt": 44954,
      "totalDamageTaken": 17139,
      "team": 100,
      "win": false,
      "neutralMinionsKilled": 3,
      "largestMultiKill": 1,
      "physicalDamageDealtPlayer": 6994,
      "magicDamageDealtPlayer": 37900,
      "physicalDamageTaken": 10284,
      "magicDamageTaken": 6414,
      "timePlayed": 1705,
      "totalHeal": 1807,
      "totalUnitsHealed": 3,
      "assists": 2,
      "item0": 1056,
      "item1": 3027,
      "item2": 3255,
      "item3": 1052,
      "item6": 3340,
      "magicDamageDealtToChampions": 16369,
      "physicalDamageDealtToChampions": 1780,
      "totalDamageDealtToChampions": 18209,
      "trueDamageDealtPlayer": 60,
      "trueDamageDealtToChampions": 60,
      "trueDamageTaken": 440,
      "wardPlaced": 5,
      "neutralMinionsKilledYourJungle": 3,
      "totalTimeCrowdControlDealt": 50
    }
  },
  "summonerCount": 10,
  "38267030": {
    "gameId": 825976923,
    "invalid": false,
    "gameMode": "CLASSIC",
    "gameType": "MATCHED_GAME",
    "subType": "RANKED_SOLO_5x5",
    "mapId": 1,
    "teamId": 200,
    "championId": 50,
    "spell1": 4,
    "spell2": 21,
    "level": 30,
    "ipEarned": 232,
    "createDate": 1399031209531,
    "fellowPlayers": [
      {
        "summonerId": 35294720,
        "teamId": 100,
        "championId": 1
      },
      {
        "summonerId": 31900661,
        "teamId": 200,
        "championId": 16
      },
      {
        "summonerId": 31708292,
        "teamId": 100,
        "championId": 24
      },
      {
        "summonerId": 33307018,
        "teamId": 100,
        "championId": 119
      },
      {
        "summonerId": 27185381,
        "teamId": 100,
        "championId": 77
      },
      {
        "summonerId": 25575761,
        "teamId": 200,
        "championId": 120
      },
      {
        "summonerId": 24793657,
        "teamId": 200,
        "championId": 86
      },
      {
        "summonerId": 39835965,
        "teamId": 200,
        "championId": 18
      },
      {
        "summonerId": 26938697,
        "teamId": 100,
        "championId": 121
      }
    ],
    "stats": {
      "level": 15,
      "goldEarned": 10989,
      "numDeaths": 2,
      "turretsKilled": 1,
      "minionsKilled": 117,
      "championsKilled": 9,
      "goldSpent": 10125,
      "totalDamageDealt": 74437,
      "totalDamageTaken": 21249,
      "doubleKills": 2,
      "killingSprees": 2,
      "largestKillingSpree": 5,
      "team": 200,
      "win": true,
      "neutralMinionsKilled": 4,
      "largestMultiKill": 2,
      "physicalDamageDealtPlayer": 19734,
      "magicDamageDealtPlayer": 54703,
      "physicalDamageTaken": 14774,
      "magicDamageTaken": 5910,
      "timePlayed": 1705,
      "totalHeal": 9455,
      "totalUnitsHealed": 1,
      "assists": 8,
      "item0": 3020,
      "item1": 3157,
      "item2": 3027,
      "item3": 1056,
      "item4": 1058,
      "item6": 3340,
      "magicDamageDealtToChampions": 21305,
      "physicalDamageDealtToChampions": 2828,
      "totalDamageDealtToChampions": 24133,
      "trueDamageTaken": 564,
      "wardPlaced": 5,
      "neutralMinionsKilledYourJungle": 4,
      "totalTimeCrowdControlDealt": 200
    }
  },
  "33307018": {
    "gameId": 825976923,
    "invalid": false,
    "gameMode": "CLASSIC",
    "gameType": "MATCHED_GAME",
    "subType": "RANKED_SOLO_5x5",
    "mapId": 1,
    "teamId": 100,
    "championId": 119,
    "spell1": 4,
    "spell2": 21,
    "level": 30,
    "ipEarned": 55,
    "createDate": 1399031209524,
    "fellowPlayers": [
      {
        "summonerId": 35294720,
        "teamId": 100,
        "championId": 1
      },
      {
        "summonerId": 31900661,
        "teamId": 200,
        "championId": 16
      },
      {
        "summonerId": 31708292,
        "teamId": 100,
        "championId": 24
      },
      {
        "summonerId": 38267030,
        "teamId": 200,
        "championId": 50
      },
      {
        "summonerId": 27185381,
        "teamId": 100,
        "championId": 77
      },
      {
        "summonerId": 25575761,
        "teamId": 200,
        "championId": 120
      },
      {
        "summonerId": 24793657,
        "teamId": 200,
        "championId": 86
      },
      {
        "summonerId": 39835965,
        "teamId": 200,
        "championId": 18
      },
      {
        "summonerId": 26938697,
        "teamId": 100,
        "championId": 121
      }
    ],
    "stats": {
      "level": 11,
      "goldEarned": 5412,
      "numDeaths": 11,
      "minionsKilled": 73,
      "goldSpent": 5210,
      "totalDamageDealt": 36336,
      "totalDamageTaken": 20016,
      "team": 100,
      "win": false,
      "neutralMinionsKilled": 1,
      "physicalDamageDealtPlayer": 36336,
      "physicalDamageTaken": 11609,
      "magicDamageTaken": 8004,
      "timePlayed": 1705,
      "totalHeal": 774,
      "totalUnitsHealed": 1,
      "assists": 3,
      "item0": 1055,
      "item2": 1038,
      "item3": 1053,
      "item4": 1055,
      "item5": 3006,
      "item6": 3340,
      "physicalDamageDealtToChampions": 9861,
      "totalDamageDealtToChampions": 9861,
      "trueDamageTaken": 401,
      "wardPlaced": 6,
      "neutralMinionsKilledYourJungle": 1,
      "totalTimeCrowdControlDealt": 175
    }
  },
  "31900661": {
    "gameId": 825976923,
    "invalid": false,
    "gameMode": "CLASSIC",
    "gameType": "MATCHED_GAME",
    "subType": "RANKED_SOLO_5x5",
    "mapId": 1,
    "teamId": 200,
    "championId": 16,
    "spell1": 3,
    "spell2": 4,
    "level": 30,
    "ipEarned": 232,
    "createDate": 1399031209527,
    "fellowPlayers": [
      {
        "summonerId": 35294720,
        "teamId": 100,
        "championId": 1
      },
      {
        "summonerId": 31708292,
        "teamId": 100,
        "championId": 24
      },
      {
        "summonerId": 38267030,
        "teamId": 200,
        "championId": 50
      },
      {
        "summonerId": 33307018,
        "teamId": 100,
        "championId": 119
      },
      {
        "summonerId": 27185381,
        "teamId": 100,
        "championId": 77
      },
      {
        "summonerId": 25575761,
        "teamId": 200,
        "championId": 120
      },
      {
        "summonerId": 24793657,
        "teamId": 200,
        "championId": 86
      },
      {
        "summonerId": 39835965,
        "teamId": 200,
        "championId": 18
      },
      {
        "summonerId": 26938697,
        "teamId": 100,
        "championId": 121
      }
    ],
    "stats": {
      "level": 15,
      "goldEarned": 12126,
      "numDeaths": 1,
      "turretsKilled": 2,
      "minionsKilled": 8,
      "championsKilled": 3,
      "goldSpent": 7700,
      "totalDamageDealt": 14903,
      "totalDamageTaken": 13701,
      "killingSprees": 1,
      "largestKillingSpree": 2,
      "team": 200,
      "win": true,
      "largestMultiKill": 1,
      "physicalDamageDealtPlayer": 7138,
      "magicDamageDealtPlayer": 7219,
      "physicalDamageTaken": 9170,
      "magicDamageTaken": 4057,
      "timePlayed": 1705,
      "totalHeal": 22632,
      "totalUnitsHealed": 5,
      "assists": 31,
      "item0": 3069,
      "item1": 2049,
      "item2": 3158,
      "item3": 3110,
      "item4": 3028,
      "item6": 3340,
      "sightWardsBought": 2,
      "magicDamageDealtToChampions": 5857,
      "physicalDamageDealtToChampions": 2475,
      "totalDamageDealtToChampions": 8769,
      "trueDamageDealtPlayer": 546,
      "trueDamageDealtToChampions": 436,
      "trueDamageTaken": 473,
      "wardPlaced": 20,
      "totalTimeCrowdControlDealt": 571
    }
  },
  "31708292": {
    "gameId": 825976923,
    "invalid": false,
    "gameMode": "CLASSIC",
    "gameType": "MATCHED_GAME",
    "subType": "RANKED_SOLO_5x5",
    "mapId": 1,
    "teamId": 100,
    "championId": 24,
    "spell1": 4,
    "spell2": 14,
    "level": 30,
    "ipEarned": 55,
    "createDate": 1399031209523,
    "fellowPlayers": [
      {
        "summonerId": 35294720,
        "teamId": 100,
        "championId": 1
      },
      {
        "summonerId": 31900661,
        "teamId": 200,
        "championId": 16
      },
      {
        "summonerId": 38267030,
        "teamId": 200,
        "championId": 50
      },
      {
        "summonerId": 33307018,
        "teamId": 100,
        "championId": 119
      },
      {
        "summonerId": 27185381,
        "teamId": 100,
        "championId": 77
      },
      {
        "summonerId": 25575761,
        "teamId": 200,
        "championId": 120
      },
      {
        "summonerId": 24793657,
        "teamId": 200,
        "championId": 86
      },
      {
        "summonerId": 39835965,
        "teamId": 200,
        "championId": 18
      },
      {
        "summonerId": 26938697,
        "teamId": 100,
        "championId": 121
      }
    ],
    "stats": {
      "level": 13,
      "goldEarned": 8917,
      "numDeaths": 11,
      "turretsKilled": 1,
      "minionsKilled": 113,
      "championsKilled": 7,
      "goldSpent": 8555,
      "totalDamageDealt": 70412,
      "totalDamageTaken": 29661,
      "killingSprees": 1,
      "largestKillingSpree": 3,
      "team": 100,
      "win": false,
      "neutralMinionsKilled": 3,
      "largestMultiKill": 1,
      "physicalDamageDealtPlayer": 54117,
      "magicDamageDealtPlayer": 15248,
      "physicalDamageTaken": 18994,
      "magicDamageTaken": 9511,
      "largestCriticalStrike": 380,
      "timePlayed": 1705,
      "totalHeal": 2009,
      "totalUnitsHealed": 1,
      "assists": 2,
      "item0": 3111,
      "item1": 3153,
      "item2": 3146,
      "item3": 1055,
      "item6": 3340,
      "magicDamageDealtToChampions": 6687,
      "physicalDamageDealtToChampions": 11811,
      "totalDamageDealtToChampions": 19493,
      "trueDamageDealtPlayer": 1046,
      "trueDamageDealtToChampions": 994,
      "trueDamageTaken": 1155,
      "wardPlaced": 6,
      "neutralMinionsKilledYourJungle": 3,
      "totalTimeCrowdControlDealt": 185
    }
  },
  "39835965": {
    "gameId": 825976923,
    "invalid": false,
    "gameMode": "CLASSIC",
    "gameType": "MATCHED_GAME",
    "subType": "RANKED_SOLO_5x5",
    "mapId": 1,
    "teamId": 200,
    "championId": 18,
    "spell1": 4,
    "spell2": 7,
    "level": 30,
    "ipEarned": 82,
    "createDate": 1399031209528,
    "fellowPlayers": [
      {
        "summonerId": 35294720,
        "teamId": 100,
        "championId": 1
      },
      {
        "summonerId": 31900661,
        "teamId": 200,
        "championId": 16
      },
      {
        "summonerId": 31708292,
        "teamId": 100,
        "championId": 24
      },
      {
        "summonerId": 38267030,
        "teamId": 200,
        "championId": 50
      },
      {
        "summonerId": 33307018,
        "teamId": 100,
        "championId": 119
      },
      {
        "summonerId": 27185381,
        "teamId": 100,
        "championId": 77
      },
      {
        "summonerId": 25575761,
        "teamId": 200,
        "championId": 120
      },
      {
        "summonerId": 24793657,
        "teamId": 200,
        "championId": 86
      },
      {
        "summonerId": 26938697,
        "teamId": 100,
        "championId": 121
      }
    ],
    "stats": {
      "level": 16,
      "goldEarned": 13527,
      "numDeaths": 3,
      "barracksKilled": 2,
      "turretsKilled": 4,
      "minionsKilled": 200,
      "championsKilled": 15,
      "goldSpent": 9100,
      "totalDamageDealt": 150004,
      "totalDamageTaken": 23035,
      "doubleKills": 2,
      "killingSprees": 4,
      "largestKillingSpree": 6,
      "team": 200,
      "win": true,
      "neutralMinionsKilled": 5,
      "largestMultiKill": 2,
      "physicalDamageDealtPlayer": 103642,
      "magicDamageDealtPlayer": 46362,
      "physicalDamageTaken": 17913,
      "magicDamageTaken": 4715,
      "largestCriticalStrike": 522,
      "timePlayed": 1705,
      "totalHeal": 3010,
      "totalUnitsHealed": 3,
      "assists": 9,
      "item0": 1055,
      "item1": 3072,
      "item2": 3252,
      "item3": 3087,
      "item4": 1038,
      "item6": 3340,
      "magicDamageDealtToChampions": 7192,
      "physicalDamageDealtToChampions": 19863,
      "totalDamageDealtToChampions": 27055,
      "trueDamageTaken": 407,
      "wardPlaced": 3,
      "neutralMinionsKilledEnemyJungle": 5,
      "totalTimeCrowdControlDealt": 68
    }
  },
  "24793657": {
    "gameId": 825976923,
    "invalid": false,
    "gameMode": "CLASSIC",
    "gameType": "MATCHED_GAME",
    "subType": "RANKED_SOLO_5x5",
    "mapId": 1,
    "teamId": 200,
    "championId": 86,
    "spell1": 14,
    "spell2": 4,
    "level": 30,
    "ipEarned": 82,
    "createDate": 1399031209532,
    "fellowPlayers": [
      {
        "summonerId": 35294720,
        "teamId": 100,
        "championId": 1
      },
      {
        "summonerId": 31900661,
        "teamId": 200,
        "championId": 16
      },
      {
        "summonerId": 31708292,
        "teamId": 100,
        "championId": 24
      },
      {
        "summonerId": 38267030,
        "teamId": 200,
        "championId": 50
      },
      {
        "summonerId": 33307018,
        "teamId": 100,
        "championId": 119
      },
      {
        "summonerId": 27185381,
        "teamId": 100,
        "championId": 77
      },
      {
        "summonerId": 25575761,
        "teamId": 200,
        "championId": 120
      },
      {
        "summonerId": 39835965,
        "teamId": 200,
        "championId": 18
      },
      {
        "summonerId": 26938697,
        "teamId": 100,
        "championId": 121
      }
    ],
    "stats": {
      "level": 14,
      "goldEarned": 11618,
      "numDeaths": 4,
      "minionsKilled": 93,
      "championsKilled": 11,
      "goldSpent": 11795,
      "totalDamageDealt": 68833,
      "totalDamageTaken": 24362,
      "killingSprees": 2,
      "largestKillingSpree": 7,
      "team": 200,
      "win": true,
      "largestMultiKill": 1,
      "physicalDamageDealtPlayer": 60447,
      "magicDamageDealtPlayer": 6714,
      "physicalDamageTaken": 15319,
      "magicDamageTaken": 7790,
      "timePlayed": 1705,
      "assists": 14,
      "item0": 3075,
      "item1": 1028,
      "item2": 3047,
      "item3": 3143,
      "item4": 1011,
      "item5": 3068,
      "item6": 3340,
      "magicDamageDealtToChampions": 3915,
      "physicalDamageDealtToChampions": 16227,
      "totalDamageDealtToChampions": 21780,
      "trueDamageDealtPlayer": 1672,
      "trueDamageDealtToChampions": 1638,
      "trueDamageTaken": 1252,
      "wardPlaced": 2,
      "totalTimeCrowdControlDealt": 479
    }
  },
  "25575761": {
    "gameId": 825976923,
    "invalid": false,
    "gameMode": "CLASSIC",
    "gameType": "MATCHED_GAME",
    "subType": "RANKED_SOLO_5x5",
    "mapId": 1,
    "teamId": 200,
    "championId": 120,
    "spell1": 6,
    "spell2": 11,
    "level": 30,
    "ipEarned": 232,
    "createDate": 1399031209529,
    "fellowPlayers": [
      {
        "summonerId": 35294720,
        "teamId": 100,
        "championId": 1
      },
      {
        "summonerId": 31900661,
        "teamId": 200,
        "championId": 16
      },
      {
        "summonerId": 31708292,
        "teamId": 100,
        "championId": 24
      },
      {
        "summonerId": 38267030,
        "teamId": 200,
        "championId": 50
      },
      {
        "summonerId": 33307018,
        "teamId": 100,
        "championId": 119
      },
      {
        "summonerId": 27185381,
        "teamId": 100,
        "championId": 77
      },
      {
        "summonerId": 24793657,
        "teamId": 200,
        "championId": 86
      },
      {
        "summonerId": 39835965,
        "teamId": 200,
        "championId": 18
      },
      {
        "summonerId": 26938697,
        "teamId": 100,
        "championId": 121
      }
    ],
    "stats": {
      "level": 15,
      "goldEarned": 10865,
      "numDeaths": 4,
      "turretsKilled": 2,
      "minionsKilled": 61,
      "championsKilled": 5,
      "goldSpent": 8445,
      "totalDamageDealt": 102626,
      "totalDamageTaken": 25019,
      "doubleKills": 1,
      "killingSprees": 2,
      "largestKillingSpree": 2,
      "team": 200,
      "win": true,
      "neutralMinionsKilled": 50,
      "largestMultiKill": 2,
      "physicalDamageDealtPlayer": 71920,
      "magicDamageDealtPlayer": 18010,
      "physicalDamageTaken": 18751,
      "magicDamageTaken": 5463,
      "largestCriticalStrike": 298,
      "timePlayed": 1705,
      "totalHeal": 6225,
      "totalUnitsHealed": 1,
      "assists": 17,
      "item0": 3047,
      "item1": 3209,
      "item2": 3143,
      "item3": 3075,
      "item6": 3341,
      "magicDamageDealtToChampions": 3324,
      "physicalDamageDealtToChampions": 12048,
      "totalDamageDealtToChampions": 17809,
      "trueDamageDealtPlayer": 12694,
      "trueDamageDealtToChampions": 2436,
      "trueDamageTaken": 804,
      "neutralMinionsKilledEnemyJungle": 2,
      "neutralMinionsKilledYourJungle": 48,
      "totalTimeCrowdControlDealt": 446
    }
  },
  "26938697": {
    "gameId": 825976923,
    "invalid": false,
    "gameMode": "CLASSIC",
    "gameType": "MATCHED_GAME",
    "subType": "RANKED_SOLO_5x5",
    "mapId": 1,
    "teamId": 100,
    "championId": 121,
    "spell1": 14,
    "spell2": 4,
    "level": 30,
    "ipEarned": 55,
    "createDate": 1399031209520,
    "fellowPlayers": [
      {
        "summonerId": 35294720,
        "teamId": 100,
        "championId": 1
      },
      {
        "summonerId": 31900661,
        "teamId": 200,
        "championId": 16
      },
      {
        "summonerId": 31708292,
        "teamId": 100,
        "championId": 24
      },
      {
        "summonerId": 38267030,
        "teamId": 200,
        "championId": 50
      },
      {
        "summonerId": 33307018,
        "teamId": 100,
        "championId": 119
      },
      {
        "summonerId": 27185381,
        "teamId": 100,
        "championId": 77
      },
      {
        "summonerId": 25575761,
        "teamId": 200,
        "championId": 120
      },
      {
        "summonerId": 24793657,
        "teamId": 200,
        "championId": 86
      },
      {
        "summonerId": 39835965,
        "teamId": 200,
        "championId": 18
      }
    ],
    "stats": {
      "level": 12,
      "goldEarned": 6990,
      "numDeaths": 7,
      "minionsKilled": 107,
      "championsKilled": 3,
      "goldSpent": 6757,
      "totalDamageDealt": 48331,
      "totalDamageTaken": 21668,
      "team": 100,
      "win": false,
      "neutralMinionsKilled": 1,
      "largestMultiKill": 1,
      "physicalDamageDealtPlayer": 46395,
      "magicDamageDealtPlayer": 1288,
      "physicalDamageTaken": 11188,
      "magicDamageTaken": 9509,
      "timePlayed": 1705,
      "totalHeal": 840,
      "totalUnitsHealed": 1,
      "assists": 2,
      "item0": 3265,
      "item1": 3134,
      "item2": 1028,
      "item3": 3035,
      "item4": 1053,
      "item6": 3340,
      "magicDamageDealtToChampions": 1288,
      "physicalDamageDealtToChampions": 9169,
      "totalDamageDealtToChampions": 11105,
      "trueDamageDealtPlayer": 648,
      "trueDamageDealtToChampions": 648,
      "trueDamageTaken": 970,
      "wardPlaced": 1,
      "neutralMinionsKilledYourJungle": 1,
      "totalTimeCrowdControlDealt": 294
    }
  },
  "27185381": {
    "gameId": 825976923,
    "invalid": false,
    "gameMode": "CLASSIC",
    "gameType": "MATCHED_GAME",
    "subType": "RANKED_SOLO_5x5",
    "mapId": 1,
    "teamId": 100,
    "championId": 77,
    "spell1": 11,
    "spell2": 4,
    "level": 30,
    "ipEarned": 55,
    "createDate": 1399031209521,
    "fellowPlayers": [
      {
        "summonerId": 35294720,
        "teamId": 100,
        "championId": 1
      },
      {
        "summonerId": 31900661,
        "teamId": 200,
        "championId": 16
      },
      {
        "summonerId": 31708292,
        "teamId": 100,
        "championId": 24
      },
      {
        "summonerId": 38267030,
        "teamId": 200,
        "championId": 50
      },
      {
        "summonerId": 33307018,
        "teamId": 100,
        "championId": 119
      },
      {
        "summonerId": 25575761,
        "teamId": 200,
        "championId": 120
      },
      {
        "summonerId": 24793657,
        "teamId": 200,
        "championId": 86
      },
      {
        "summonerId": 39835965,
        "teamId": 200,
        "championId": 18
      },
      {
        "summonerId": 26938697,
        "teamId": 100,
        "championId": 121
      }
    ],
    "stats": {
      "level": 14,
      "goldEarned": 7152,
      "numDeaths": 6,
      "minionsKilled": 28,
      "championsKilled": 1,
      "goldSpent": 6818,
      "totalDamageDealt": 110758,
      "totalDamageTaken": 26766,
      "team": 100,
      "win": false,
      "neutralMinionsKilled": 80,
      "largestMultiKill": 1,
      "physicalDamageDealtPlayer": 35612,
      "magicDamageDealtPlayer": 63211,
      "physicalDamageTaken": 17069,
      "magicDamageTaken": 8154,
      "largestCriticalStrike": 230,
      "timePlayed": 1705,
      "totalHeal": 2381,
      "totalUnitsHealed": 1,
      "assists": 3,
      "item0": 3154,
      "item1": 2010,
      "item2": 3078,
      "item3": 3047,
      "item6": 3340,
      "magicDamageDealtToChampions": 3593,
      "physicalDamageDealtToChampions": 4017,
      "totalDamageDealtToChampions": 8778,
      "trueDamageDealtPlayer": 11934,
      "trueDamageDealtToChampions": 1168,
      "trueDamageTaken": 1542,
      "wardPlaced": 4,
      "neutralMinionsKilledEnemyJungle": 5,
      "neutralMinionsKilledYourJungle": 75,
      "totalTimeCrowdControlDealt": 728
    }
  }
}