{
  "22691708": {
    "gameId": 825976059,
    "invalid": false,
    "gameMode": "CLASSIC",
    "gameType": "MATCHED_GAME",
    "subType": "RANKED_SOLO_5x5",
    "mapId": 1,
    "teamId": 100,
    "championId": 412,
    "spell1": 3,
    "spell2": 4,
    "level": 30,
    "ipEarned": 80,
    "createDate": 1399030928342,
    "fellowPlayers": [
      {
        "summonerId": 31515413,
        "teamId": 200,
        "championId": 92
      },
      {
        "summonerId": 26061024,
        "teamId": 200,
        "championId": 89
      },
      {
        "summonerId": 35800816,
        "teamId": 100,
        "championId": 5
      },
      {
        "summonerId": 31220503,
        "teamId": 100,
        "championId": 55
      },
      {
        "summonerId": 35712047,
        "teamId": 200,
        "championId": 80
      },
      {
        "summonerId": 19009454,
        "teamId": 200,
        "championId": 15
      },
      {
        "summonerId": 43933439,
        "teamId": 200,
        "championId": 134
      },
      {
        "summonerId": 21459222,
        "teamId": 100,
        "championId": 16
      },
      {
        "summonerId": 33766249,
        "teamId": 100,
        "championId": 236
      }
    ],
    "stats": {
      "level": 14,
      "goldEarned": 9819,
      "numDeaths": 5,
      "minionsKilled": 25,
      "championsKilled": 1,
      "goldSpent": 9295,
      "totalDamageDealt": 22969,
      "totalDamageTaken": 18146,
      "team": 100,
      "win": true,
      "largestMultiKill": 1,
      "physicalDamageDealtPlayer": 8629,
      "magicDamageDealtPlayer": 14340,
      "physicalDamageTaken": 12914,
      "magicDamageTaken": 5167,
      "timePlayed": 1648,
      "totalHeal": 2131,
      "totalUnitsHealed": 1,
      "assists": 23,
      "item0": 3069,
      "item1": 3222,
      "item2": 3270,
      "item3": 3190,
      "item4": 2049,
      "item5": 2043,
      "item6": 3340,
      "sightWardsBought": 1,
      "visionWardsBought": 3,
      "magicDamageDealtToChampions": 6546,
      "physicalDamageDealtToChampions": 1773,
      "totalDamageDealtToChampions": 8319,
      "trueDamageTaken": 64,
      "wardKilled": 1,
      "wardPlaced": 12,
      "totalTimeCrowdControlDealt": 135
    }
  },
  "summonerCount": 10,
  "35800816": {
    "gameId": 825976059,
    "invalid": false,
    "gameMode": "CLASSIC",
    "gameType": "MATCHED_GAME",
    "subType": "RANKED_SOLO_5x5",
    "mapId": 1,
    "teamId": 100,
    "championId": 5,
    "spell1": 11,
    "spell2": 4,
    "level": 30,
    "ipEarned": 80,
    "createDate": 1399030928338,
    "fellowPlayers": [
      {
        "summonerId": 31515413,
        "teamId": 200,
        "championId": 92
      },
      {
        "summonerId": 26061024,
        "teamId": 200,
        "championId": 89
      },
      {
        "summonerId": 22691708,
        "teamId": 100,
        "championId": 412
      },
      {
        "summonerId": 31220503,
        "teamId": 100,
        "championId": 55
      },
      {
        "summonerId": 35712047,
        "teamId": 200,
        "championId": 80
      },
      {
        "summonerId": 19009454,
        "teamId": 200,
        "championId": 15
      },
      {
        "summonerId": 43933439,
        "teamId": 200,
        "championId": 134
      },
      {
        "summonerId": 21459222,
        "teamId": 100,
        "championId": 16
      },
      {
        "summonerId": 33766249,
        "teamId": 100,
        "championId": 236
      }
    ],
    "stats": {
      "level": 16,
      "goldEarned": 11984,
      "numDeaths": 3,
      "minionsKilled": 54,
      "championsKilled": 5,
      "goldSpent": 11713,
      "totalDamageDealt": 187122,
      "totalDamageTaken": 25448,
      "doubleKills": 1,
      "killingSprees": 2,
      "largestKillingSpree": 3,
      "team": 100,
      "win": true,
      "neutralMinionsKilled": 105,
      "largestMultiKill": 2,
      "physicalDamageDealtPlayer": 108791,
      "magicDamageDealtPlayer": 63767,
      "physicalDamageTaken": 23702,
      "magicDamageTaken": 1495,
      "largestCriticalStrike": 612,
      "timePlayed": 1648,
      "totalHeal": 11392,
      "totalUnitsHealed": 1,
      "assists": 6,
      "item0": 3160,
      "item1": 3142,
      "item2": 3078,
      "item3": 3111,
      "item4": 1011,
      "item5": 1031,
      "item6": 3340,
      "visionWardsBought": 1,
      "magicDamageDealtToChampions": 1701,
      "physicalDamageDealtToChampions": 7807,
      "totalDamageDealtToChampions": 9868,
      "trueDamageDealtPlayer": 14564,
      "trueDamageDealtToChampions": 360,
      "trueDamageTaken": 250,
      "wardKilled": 1,
      "wardPlaced": 8,
      "neutralMinionsKilledEnemyJungle": 26,
      "neutralMinionsKilledYourJungle": 79,
      "totalTimeCrowdControlDealt": 823
    }
  },
  "31220503": {
    "gameId": 825976059,
    "invalid": false,
    "gameMode": "CLASSIC",
    "gameType": "MATCHED_GAME",
    "subType": "RANKED_SOLO_5x5",
    "mapId": 1,
    "teamId": 100,
    "championId": 55,
    "spell1": 4,
    "spell2": 14,
    "level": 30,
    "ipEarned": 80,
    "createDate": 1399030928340,
    "fellowPlayers": [
      {
        "summonerId": 31515413,
        "teamId": 200,
        "championId": 92
      },
      {
        "summonerId": 26061024,
        "teamId": 200,
        "championId": 89
      },
      {
        "summonerId": 22691708,
        "teamId": 100,
        "championId": 412
      },
      {
        "summonerId": 35800816,
        "teamId": 100,
        "championId": 5
      },
      {
        "summonerId": 35712047,
        "teamId": 200,
        "championId": 80
      },
      {
        "summonerId": 19009454,
        "teamId": 200,
        "championId": 15
      },
      {
        "summonerId": 43933439,
        "teamId": 200,
        "championId": 134
      },
      {
        "summonerId": 21459222,
        "teamId": 100,
        "championId": 16
      },
      {
        "summonerId": 33766249,
        "teamId": 100,
        "championId": 236
      }
    ],
    "stats": {
      "level": 16,
      "goldEarned": 13029,
      "numDeaths": 3,
      "barracksKilled": 1,
      "minionsKilled": 154,
      "championsKilled": 14,
      "goldSpent": 9630,
      "totalDamageDealt": 104222,
      "totalDamageTaken": 14472,
      "doubleKills": 3,
      "killingSprees": 3,
      "largestKillingSpree": 6,
      "team": 100,
      "win": true,
      "neutralMinionsKilled": 6,
      "largestMultiKill": 2,
      "physicalDamageDealtPlayer": 15285,
      "magicDamageDealtPlayer": 87980,
      "physicalDamageTaken": 7485,
      "magicDamageTaken": 6903,
      "timePlayed": 1648,
      "assists": 7,
      "item0": 3089,
      "item1": 3157,
      "item2": 3108,
      "item5": 3020,
      "item6": 3340,
      "magicDamageDealtToChampions": 21801,
      "physicalDamageDealtToChampions": 1163,
      "totalDamageDealtToChampions": 23809,
      "trueDamageDealtPlayer": 956,
      "trueDamageDealtToChampions": 844,
      "trueDamageTaken": 84,
      "wardPlaced": 4,
      "neutralMinionsKilledEnemyJungle": 6,
      "totalTimeCrowdControlDealt": 24
    }
  },
  "31515413": {
    "gameId": 825976059,
    "invalid": false,
    "gameMode": "CLASSIC",
    "gameType": "MATCHED_GAME",
    "subType": "RANKED_SOLO_5x5",
    "mapId": 1,
    "teamId": 200,
    "championId": 92,
    "spell1": 14,
    "spell2": 4,
    "level": 30,
    "ipEarned": 54,
    "createDate": 1399030928343,
    "fellowPlayers": [
      {
        "summonerId": 26061024,
        "teamId": 200,
        "championId": 89
      },
      {
        "summonerId": 22691708,
        "teamId": 100,
        "championId": 412
      },
      {
        "summonerId": 35800816,
        "teamId": 100,
        "championId": 5
      },
      {
        "summonerId": 31220503,
        "teamId": 100,
        "championId": 55
      },
      {
        "summonerId": 35712047,
        "teamId": 200,
        "championId": 80
      },
      {
        "summonerId": 19009454,
        "teamId": 200,
        "championId": 15
      },
      {
        "summonerId": 43933439,
        "teamId": 200,
        "championId": 134
      },
      {
        "summonerId": 21459222,
        "teamId": 100,
        "championId": 16
      },
      {
        "summonerId": 33766249,
        "teamId": 100,
        "championId": 236
      }
    ],
    "stats": {
      "level": 14,
      "goldEarned": 8231,
      "numDeaths": 7,
      "minionsKilled": 140,
      "championsKilled": 5,
      "goldSpent": 9832,
      "totalDamageDealt": 99676,
      "totalDamageTaken": 27023,
      "killingSprees": 2,
      "largestKillingSpree": 2,
      "team": 200,
      "win": false,
      "neutralMinionsKilled": 8,
      "largestMultiKill": 1,
      "physicalDamageDealtPlayer": 98796,
      "magicDamageDealtPlayer": 378,
      "physicalDamageTaken": 13187,
      "magicDamageTaken": 13835,
      "timePlayed": 1648,
      "totalHeal": 1936,
      "totalUnitsHealed": 1,
      "assists": 1,
      "item0": 1037,
      "item1": 3074,
      "item2": 3134,
      "item3": 1055,
      "item4": 1055,
      "item5": 3047,
      "item6": 3340,
      "sightWardsBought": 1,
      "magicDamageDealtToChampions": 152,
      "physicalDamageDealtToChampions": 15160,
      "totalDamageDealtToChampions": 15814,
      "trueDamageDealtPlayer": 502,
      "trueDamageDealtToChampions": 502,
      "wardPlaced": 4,
      "neutralMinionsKilledYourJungle": 8,
      "totalTimeCrowdControlDealt": 51
    }
  },
  "43933439": {
    "gameId": 825976059,
    "invalid": false,
    "gameMode": "CLASSIC",
    "gameType": "MATCHED_GAME",
    "subType": "RANKED_SOLO_5x5",
    "mapId": 1,
    "teamId": 200,
    "championId": 134,
    "spell1": 7,
    "spell2": 4,
    "level": 30,
    "ipEarned": 54,
    "createDate": 1399030928345,
    "fellowPlayers": [
      {
        "summonerId": 31515413,
        "teamId": 200,
        "championId": 92
      },
      {
        "summonerId": 26061024,
        "teamId": 200,
        "championId": 89
      },
      {
        "summonerId": 22691708,
        "teamId": 100,
        "championId": 412
      },
      {
        "summonerId": 35800816,
        "teamId": 100,
        "championId": 5
      },
      {
        "summonerId": 31220503,
        "teamId": 100,
        "championId": 55
      },
      {
        "summonerId": 35712047,
        "teamId": 200,
        "championId": 80
      },
      {
        "summonerId": 19009454,
        "teamId": 200,
        "championId": 15
      },
      {
        "summonerId": 21459222,
        "teamId": 100,
        "championId": 16
      },
      {
        "summonerId": 33766249,
        "teamId": 100,
        "championId": 236
      }
    ],
    "stats": {
      "level": 14,
      "goldEarned": 9574,
      "numDeaths": 7,
      "minionsKilled": 168,
      "championsKilled": 4,
      "goldSpent": 9080,
      "totalDamageDealt": 92872,
      "totalDamageTaken": 16496,
      "killingSprees": 1,
      "largestKillingSpree": 3,
      "team": 200,
      "win": false,
      "neutralMinionsKilled": 1,
      "largestMultiKill": 1,
      "physicalDamageDealtPlayer": 9295,
      "magicDamageDealtPlayer": 83509,
      "physicalDamageTaken": 6360,
      "magicDamageTaken": 9778,
      "timePlayed": 1648,
      "totalHeal": 1324,
      "totalUnitsHealed": 1,
      "assists": 7,
      "item0": 3020,
      "item1": 3128,
      "item2": 1058,
      "item3": 3174,
      "item5": 1056,
      "item6": 3340,
      "magicDamageDealtToChampions": 15878,
      "physicalDamageDealtToChampions": 1296,
      "totalDamageDealtToChampions": 17175,
      "trueDamageDealtPlayer": 68,
      "trueDamageTaken": 358,
      "wardPlaced": 4,
      "neutralMinionsKilledYourJungle": 1,
      "totalTimeCrowdControlDealt": 335
    }
  },
  "26061024": {
    "gameId": 825976059,
    "invalid": false,
    "gameMode": "CLASSIC",
    "gameType": "MATCHED_GAME",
    "subType": "RANKED_SOLO_5x5",
    "mapId": 1,
    "teamId": 200,
    "championId": 89,
    "spell1": 4,
    "spell2": 7,
    "level": 30,
    "ipEarned": 54,
    "createDate": 1399030928347,
    "fellowPlayers": [
      {
        "summonerId": 31515413,
        "teamId": 200,
        "championId": 92
      },
      {
        "summonerId": 22691708,
        "teamId": 100,
        "championId": 412
      },
      {
        "summonerId": 35800816,
        "teamId": 100,
        "championId": 5
      },
      {
        "summonerId": 31220503,
        "teamId": 100,
        "championId": 55
      },
      {
        "summonerId": 35712047,
        "teamId": 200,
        "championId": 80
      },
      {
        "summonerId": 19009454,
        "teamId": 200,
        "championId": 15
      },
      {
        "summonerId": 43933439,
        "teamId": 200,
        "championId": 134
      },
      {
        "summonerId": 21459222,
        "teamId": 100,
        "championId": 16
      },
      {
        "summonerId": 33766249,
        "teamId": 100,
        "championId": 236
      }
    ],
    "stats": {
      "level": 11,
      "goldEarned": 5661,
      "numDeaths": 12,
      "minionsKilled": 25,
      "championsKilled": 1,
      "goldSpent": 4560,
      "totalDamageDealt": 14738,
      "totalDamageTaken": 21959,
      "team": 200,
      "win": false,
      "largestMultiKill": 1,
      "physicalDamageDealtPlayer": 7447,
      "magicDamageDealtPlayer": 5545,
      "physicalDamageTaken": 9919,
      "magicDamageTaken": 11434,
      "timePlayed": 1648,
      "totalHeal": 1962,
      "totalUnitsHealed": 5,
      "assists": 5,
      "item0": 3401,
      "item1": 2049,
      "item2": 2003,
      "item4": 1031,
      "item5": 1001,
      "item6": 3340,
      "sightWardsBought": 5,
      "magicDamageDealtToChampions": 3645,
      "physicalDamageDealtToChampions": 2235,
      "totalDamageDealtToChampions": 5881,
      "trueDamageDealtPlayer": 1744,
      "trueDamageTaken": 606,
      "wardPlaced": 16,
      "totalTimeCrowdControlDealt": 51
    }
  },
  "33766249": {
    "gameId": 825976059,
    "invalid": false,
    "gameMode": "CLASSIC",
    "gameType": "MATCHED_GAME",
    "subType": "RANKED_SOLO_5x5",
    "mapId": 1,
    "teamId": 100,
    "championId": 236,
    "spell1": 7,
    "spell2": 4,
    "level": 30,
    "ipEarned": 80,
    "createDate": 1399030928337,
    "fellowPlayers": [
      {
        "summonerId": 31515413,
        "teamId": 200,
        "championId": 92
      },
      {
        "summonerId": 26061024,
        "teamId": 200,
        "championId": 89
      },
      {
        "summonerId": 22691708,
        "teamId": 100,
        "championId": 412
      },
      {
        "summonerId": 35800816,
        "teamId": 100,
        "championId": 5
      },
      {
        "summonerId": 31220503,
        "teamId": 100,
        "championId": 55
      },
      {
        "summonerId": 35712047,
        "teamId": 200,
        "championId": 80
      },
      {
        "summonerId": 19009454,
        "teamId": 200,
        "championId": 15
      },
      {
        "summonerId": 43933439,
        "teamId": 200,
        "championId": 134
      },
      {
        "summonerId": 21459222,
        "teamId": 100,
        "championId": 16
      }
    ],
    "stats": {
      "level": 16,
      "goldEarned": 13160,
      "numDeaths": 2,
      "turretsKilled": 4,
      "minionsKilled": 174,
      "championsKilled": 12,
      "goldSpent": 9323,
      "totalDamageDealt": 145095,
      "totalDamageTaken": 17148,
      "doubleKills": 2,
      "killingSprees": 3,
      "largestKillingSpree": 5,
      "team": 100,
      "win": true,
      "neutralMinionsKilled": 16,
      "largestMultiKill": 2,
      "physicalDamageDealtPlayer": 130269,
      "magicDamageDealtPlayer": 14372,
      "physicalDamageTaken": 10816,
      "magicDamageTaken": 5963,
      "largestCriticalStrike": 577,
      "timePlayed": 1648,
      "totalHeal": 2604,
      "totalUnitsHealed": 2,
      "assists": 10,
      "item0": 1055,
      "item1": 3072,
      "item2": 3078,
      "item3": 3250,
      "item4": 1036,
      "item6": 3340,
      "magicDamageDealtToChampions": 2931,
      "physicalDamageDealtToChampions": 20044,
      "totalDamageDealtToChampions": 23044,
      "trueDamageDealtPlayer": 454,
      "trueDamageDealtToChampions": 68,
      "trueDamageTaken": 368,
      "wardPlaced": 5,
      "neutralMinionsKilledEnemyJungle": 5,
      "neutralMinionsKilledYourJungle": 11,
      "totalTimeCrowdControlDealt": 78
    }
  },
  "19009454": {
    "gameId": 825976059,
    "invalid": false,
    "gameMode": "CLASSIC",
    "gameType": "MATCHED_GAME",
    "subType": "RANKED_SOLO_5x5",
    "mapId": 1,
    "teamId": 200,
    "championId": 15,
    "spell1": 4,
    "spell2": 21,
    "level": 30,
    "ipEarned": 54,
    "createDate": 1399030928346,
    "fellowPlayers": [
      {
        "summonerId": 31515413,
        "teamId": 200,
        "championId": 92
      },
      {
        "summonerId": 26061024,
        "teamId": 200,
        "championId": 89
      },
      {
        "summonerId": 22691708,
        "teamId": 100,
        "championId": 412
      },
      {
        "summonerId": 35800816,
        "teamId": 100,
        "championId": 5
      },
      {
        "summonerId": 31220503,
        "teamId": 100,
        "championId": 55
      },
      {
        "summonerId": 35712047,
        "teamId": 200,
        "championId": 80
      },
      {
        "summonerId": 43933439,
        "teamId": 200,
        "championId": 134
      },
      {
        "summonerId": 21459222,
        "teamId": 100,
        "championId": 16
      },
      {
        "summonerId": 33766249,
        "teamId": 100,
        "championId": 236
      }
    ],
    "stats": {
      "level": 13,
      "goldEarned": 7977,
      "numDeaths": 8,
      "turretsKilled": 1,
      "minionsKilled": 137,
      "championsKilled": 2,
      "goldSpent": 7555,
      "totalDamageDealt": 84777,
      "totalDamageTaken": 18784,
      "team": 200,
      "win": false,
      "neutralMinionsKilled": 11,
      "largestMultiKill": 1,
      "physicalDamageDealtPlayer": 84498,
      "magicDamageDealtPlayer": 279,
      "physicalDamageTaken": 13948,
      "magicDamageTaken": 4527,
      "largestCriticalStrike": 426,
      "timePlayed": 1648,
      "totalHeal": 248,
      "totalUnitsHealed": 1,
      "assists": 3,
      "item3": 3046,
      "item4": 3006,
      "item5": 3072,
      "item6": 3340,
      "sightWardsBought": 1,
      "magicDamageDealtToChampions": 217,
      "physicalDamageDealtToChampions": 9245,
      "totalDamageDealtToChampions": 9462,
      "trueDamageTaken": 308,
      "wardPlaced": 8,
      "neutralMinionsKilledEnemyJungle": 6,
      "neutralMinionsKilledYourJungle": 5
    }
  },
  "35712047": {
    "gameId": 825976059,
    "invalid": false,
    "gameMode": "CLASSIC",
    "gameType": "MATCHED_GAME",
    "subType": "RANKED_SOLO_5x5",
    "mapId": 1,
    "teamId": 200,
    "championId": 80,
    "spell1": 4,
    "spell2": 11,
    "level": 30,
    "ipEarned": 54,
    "createDate": 1399030928349,
    "fellowPlayers": [
      {
        "summonerId": 31515413,
        "teamId": 200,
        "championId": 92
      },
      {
        "summonerId": 26061024,
        "teamId": 200,
        "championId": 89
      },
      {
        "summonerId": 22691708,
        "teamId": 100,
        "championId": 412
      },
      {
        "summonerId": 35800816,
        "teamId": 100,
        "championId": 5
      },
      {
        "summonerId": 31220503,
        "teamId": 100,
        "championId": 55
      },
      {
        "summonerId": 19009454,
        "teamId": 200,
        "championId": 15
      },
      {
        "summonerId": 43933439,
        "teamId": 200,
        "championId": 134
      },
      {
        "summonerId": 21459222,
        "teamId": 100,
        "championId": 16
      },
      {
        "summonerId": 33766249,
        "teamId": 100,
        "championId": 236
      }
    ],
    "stats": {
      "level": 13,
      "goldEarned": 7032,
      "numDeaths": 6,
      "minionsKilled": 9,
      "championsKilled": 5,
      "goldSpent": 6835,
      "totalDamageDealt": 68086,
      "totalDamageTaken": 20493,
      "killingSprees": 1,
      "largestKillingSpree": 2,
      "team": 200,
      "win": false,
      "neutralMinionsKilled": 44,
      "largestMultiKill": 1,
      "physicalDamageDealtPlayer": 50624,
      "magicDamageDealtPlayer": 7265,
      "physicalDamageTaken": 10582,
      "magicDamageTaken": 9910,
      "largestCriticalStrike": 575,
      "timePlayed": 1648,
      "totalHeal": 1548,
      "totalUnitsHealed": 1,
      "assists": 3,
      "item0": 3209,
      "item1": 3143,
      "item4": 3117,
      "item6": 3340,
      "magicDamageDealtToChampions": 1994,
      "physicalDamageDealtToChampions": 6487,
      "totalDamageDealtToChampions": 8863,
      "trueDamageDealtPlayer": 10196,
      "trueDamageDealtToChampions": 381,
      "wardPlaced": 4,
      "neutralMinionsKilledEnemyJungle": 2,
      "neutralMinionsKilledYourJungle": 42,
      "totalTimeCrowdControlDealt": 258
    }
  },
  "21459222": {
    "gameId": 825976059,
    "invalid": false,
    "gameMode": "CLASSIC",
    "gameType": "MATCHED_GAME",
    "subType": "RANKED_SOLO_5x5",
    "mapId": 1,
    "teamId": 100,
    "championId": 16,
    "spell1": 4,
    "spell2": 7,
    "level": 30,
    "ipEarned": 80,
    "createDate": 1399030928341,
    "fellowPlayers": [
      {
        "summonerId": 31515413,
        "teamId": 200,
        "championId": 92
      },
      {
        "summonerId": 26061024,
        "teamId": 200,
        "championId": 89
      },
      {
        "summonerId": 22691708,
        "teamId": 100,
        "championId": 412
      },
      {
        "summonerId": 35800816,
        "teamId": 100,
        "championId": 5
      },
      {
        "summonerId": 31220503,
        "teamId": 100,
        "championId": 55
      },
      {
        "summonerId": 35712047,
        "teamId": 200,
        "championId": 80
      },
      {
        "summonerId": 19009454,
        "teamId": 200,
        "championId": 15
      },
      {
        "summonerId": 43933439,
        "teamId": 200,
        "championId": 134
      },
      {
        "summonerId": 33766249,
        "teamId": 100,
        "championId": 236
      }
    ],
    "stats": {
      "level": 16,
      "goldEarned": 12979,
      "numDeaths": 4,
      "barracksKilled": 1,
      "turretsKilled": 3,
      "minionsKilled": 163,
      "championsKilled": 7,
      "goldSpent": 9600,
      "totalDamageDealt": 131418,
      "totalDamageTaken": 21263,
      "doubleKills": 2,
      "killingSprees": 2,
      "largestKillingSpree": 3,
      "team": 100,
      "win": true,
      "neutralMinionsKilled": 6,
      "largestMultiKill": 2,
      "physicalDamageDealtPlayer": 15520,
      "magicDamageDealtPlayer": 115207,
      "physicalDamageTaken": 17931,
      "magicDamageTaken": 2751,
      "timePlayed": 1648,
      "totalHeal": 18694,
      "totalUnitsHealed": 6,
      "assists": 18,
      "item0": 1058,
      "item1": 3174,
      "item2": 3020,
      "item3": 3151,
      "item4": 1026,
      "item6": 3340,
      "magicDamageDealtToChampions": 14884,
      "physicalDamageDealtToChampions": 2228,
      "totalDamageDealtToChampions": 17112,
      "trueDamageDealtPlayer": 690,
      "trueDamageTaken": 580,
      "wardPlaced": 8,
      "neutralMinionsKilledEnemyJungle": 6,
      "totalTimeCrowdControlDealt": 88
    }
  }
}