{
  "27169518": {
    "gameId": 825984618,
    "invalid": false,
    "gameMode": "CLASSIC",
    "gameType": "MATCHED_GAME",
    "subType": "RANKED_SOLO_5x5",
    "mapId": 1,
    "teamId": 100,
    "championId": 89,
    "spell1": 4,
    "spell2": 3,
    "level": 30,
    "ipEarned": 57,
    "createDate": 1399031071328,
    "fellowPlayers": [
      {
        "summonerId": 31140960,
        "teamId": 200,
        "championId": 53
      },
      {
        "summonerId": 28923712,
        "teamId": 200,
        "championId": 238
      },
      {
        "summonerId": 28864003,
        "teamId": 200,
        "championId": 104
      },
      {
        "summonerId": 29235884,
        "teamId": 100,
        "championId": 67
      },
      {
        "summonerId": 23686426,
        "teamId": 100,
        "championId": 60
      },
      {
        "summonerId": 36075289,
        "teamId": 200,
        "championId": 32
      },
      {
        "summonerId": 23068415,
        "teamId": 100,
        "championId": 2
      },
      {
        "summonerId": 31259765,
        "teamId": 200,
        "championId": 24
      },
      {
        "summonerId": 24217445,
        "teamId": 100,
        "championId": 127
      }
    ],
    "stats": {
      "level": 13,
      "goldEarned": 5677,
      "numDeaths": 8,
      "minionsKilled": 54,
      "goldSpent": 5120,
      "totalDamageDealt": 26174,
      "totalDamageTaken": 20314,
      "team": 100,
      "win": false,
      "physicalDamageDealtPlayer": 8814,
      "magicDamageDealtPlayer": 13353,
      "physicalDamageTaken": 14550,
      "magicDamageTaken": 5579,
      "timePlayed": 1776,
      "totalHeal": 1421,
      "totalUnitsHealed": 5,
      "assists": 4,
      "item0": 3401,
      "item1": 1001,
      "item2": 2049,
      "item3": 3082,
      "item4": 1029,
      "item6": 3341,
      "sightWardsBought": 3,
      "visionWardsBought": 2,
      "magicDamageDealtToChampions": 5203,
      "physicalDamageDealtToChampions": 1831,
      "totalDamageDealtToChampions": 7035,
      "trueDamageDealtPlayer": 4005,
      "trueDamageTaken": 184,
      "wardKilled": 1,
      "wardPlaced": 16,
      "totalTimeCrowdControlDealt": 75
    }
  },
  "summonerCount": 10,
  "36075289": {
    "gameId": 825984618,
    "invalid": false,
    "gameMode": "CLASSIC",
    "gameType": "MATCHED_GAME",
    "subType": "RANKED_SOLO_5x5",
    "mapId": 1,
    "teamId": 200,
    "championId": 32,
    "spell1": 11,
    "spell2": 4,
    "level": 30,
    "ipEarned": 85,
    "createDate": 1399031071331,
    "fellowPlayers": [
      {
        "summonerId": 31140960,
        "teamId": 200,
        "championId": 53
      },
      {
        "summonerId": 28923712,
        "teamId": 200,
        "championId": 238
      },
      {
        "summonerId": 28864003,
        "teamId": 200,
        "championId": 104
      },
      {
        "summonerId": 29235884,
        "teamId": 100,
        "championId": 67
      },
      {
        "summonerId": 23686426,
        "teamId": 100,
        "championId": 60
      },
      {
        "summonerId": 23068415,
        "teamId": 100,
        "championId": 2
      },
      {
        "summonerId": 27169518,
        "teamId": 100,
        "championId": 89
      },
      {
        "summonerId": 31259765,
        "teamId": 200,
        "championId": 24
      },
      {
        "summonerId": 24217445,
        "teamId": 100,
        "championId": 127
      }
    ],
    "stats": {
      "level": 15,
      "goldEarned": 11619,
      "numDeaths": 3,
      "minionsKilled": 34,
      "championsKilled": 5,
      "goldSpent": 10630,
      "totalDamageDealt": 124318,
      "totalDamageTaken": 18904,
      "doubleKills": 1,
      "killingSprees": 1,
      "largestKillingSpree": 4,
      "team": 200,
      "win": true,
      "neutralMinionsKilled": 73,
      "largestMultiKill": 2,
      "physicalDamageDealtPlayer": 17722,
      "magicDamageDealtPlayer": 94612,
      "physicalDamageTaken": 12288,
      "magicDamageTaken": 4009,
      "timePlayed": 1776,
      "totalHeal": 3245,
      "totalUnitsHealed": 1,
      "assists": 15,
      "item0": 3206,
      "item1": 3068,
      "item2": 3111,
      "item3": 3065,
      "item4": 1011,
      "item5": 1031,
      "item6": 3340,
      "visionWardsBought": 1,
      "magicDamageDealtToChampions": 10938,
      "physicalDamageDealtToChampions": 892,
      "totalDamageDealtToChampions": 11918,
      "trueDamageDealtPlayer": 11984,
      "trueDamageDealtToChampions": 88,
      "trueDamageTaken": 2606,
      "wardPlaced": 4,
      "neutralMinionsKilledEnemyJungle": 10,
      "neutralMinionsKilledYourJungle": 63,
      "totalTimeCrowdControlDealt": 193
    }
  },
  "23068415": {
    "gameId": 825984618,
    "invalid": false,
    "gameMode": "CLASSIC",
    "gameType": "MATCHED_GAME",
    "subType": "RANKED_SOLO_5x5",
    "mapId": 1,
    "teamId": 100,
    "championId": 2,
    "spell1": 14,
    "spell2": 6,
    "level": 30,
    "ipEarned": 57,
    "createDate": 1399031071323,
    "fellowPlayers": [
      {
        "summonerId": 31140960,
        "teamId": 200,
        "championId": 53
      },
      {
        "summonerId": 28923712,
        "teamId": 200,
        "championId": 238
      },
      {
        "summonerId": 28864003,
        "teamId": 200,
        "championId": 104
      },
      {
        "summonerId": 29235884,
        "teamId": 100,
        "championId": 67
      },
      {
        "summonerId": 23686426,
        "teamId": 100,
        "championId": 60
      },
      {
        "summonerId": 36075289,
        "teamId": 200,
        "championId": 32
      },
      {
        "summonerId": 27169518,
        "teamId": 100,
        "championId": 89
      },
      {
        "summonerId": 31259765,
        "teamId": 200,
        "championId": 24
      },
      {
        "summonerId": 24217445,
        "teamId": 100,
        "championId": 127
      }
    ],
    "stats": {
      "level": 15,
      "goldEarned": 9177,
      "numDeaths": 8,
      "minionsKilled": 157,
      "championsKilled": 5,
      "goldSpent": 9110,
      "totalDamageDealt": 94503,
      "totalDamageTaken": 31572,
      "killingSprees": 2,
      "largestKillingSpree": 2,
      "team": 100,
      "win": false,
      "neutralMinionsKilled": 1,
      "largestMultiKill": 1,
      "physicalDamageDealtPlayer": 78646,
      "magicDamageDealtPlayer": 24,
      "physicalDamageTaken": 24797,
      "magicDamageTaken": 5732,
      "timePlayed": 1776,
      "totalHeal": 3377,
      "totalUnitsHealed": 1,
      "assists": 5,
      "item0": 3143,
      "item1": 3047,
      "item2": 1054,
      "item3": 1037,
      "item4": 3065,
      "item5": 1053,
      "item6": 3340,
      "physicalDamageDealtToChampions": 6864,
      "totalDamageDealtToChampions": 16103,
      "trueDamageDealtPlayer": 15833,
      "trueDamageDealtToChampions": 9238,
      "trueDamageTaken": 1042,
      "wardPlaced": 2,
      "neutralMinionsKilledEnemyJungle": 1,
      "totalTimeCrowdControlDealt": 843
    }
  },
  "23686426": {
    "gameId": 825984618,
    "invalid": false,
    "gameMode": "CLASSIC",
    "gameType": "MATCHED_GAME",
    "subType": "RANKED_SOLO_5x5",
    "mapId": 1,
    "teamId": 100,
    "championId": 60,
    "spell1": 4,
    "spell2": 11,
    "level": 30,
    "ipEarned": 57,
    "createDate": 1399031071324,
    "fellowPlayers": [
      {
        "summonerId": 31140960,
        "teamId": 200,
        "championId": 53
      },
      {
        "summonerId": 28923712,
        "teamId": 200,
        "championId": 238
      },
      {
        "summonerId": 28864003,
        "teamId": 200,
        "championId": 104
      },
      {
        "summonerId": 29235884,
        "teamId": 100,
        "championId": 67
      },
      {
        "summonerId": 36075289,
        "teamId": 200,
        "championId": 32
      },
      {
        "summonerId": 23068415,
        "teamId": 100,
        "championId": 2
      },
      {
        "summonerId": 27169518,
        "teamId": 100,
        "championId": 89
      },
      {
        "summonerId": 31259765,
        "teamId": 200,
        "championId": 24
      },
      {
        "summonerId": 24217445,
        "teamId": 100,
        "championId": 127
      }
    ],
    "stats": {
      "level": 12,
      "goldEarned": 7110,
      "numDeaths": 6,
      "minionsKilled": 26,
      "championsKilled": 4,
      "goldSpent": 6610,
      "totalDamageDealt": 57669,
      "totalDamageTaken": 20109,
      "team": 100,
      "win": false,
      "neutralMinionsKilled": 27,
      "largestMultiKill": 1,
      "physicalDamageDealtPlayer": 16638,
      "magicDamageDealtPlayer": 35021,
      "physicalDamageTaken": 12781,
      "magicDamageTaken": 7179,
      "timePlayed": 1776,
      "totalHeal": 1582,
      "totalUnitsHealed": 1,
      "assists": 4,
      "item0": 3207,
      "item1": 3255,
      "item2": 3068,
      "item3": 2003,
      "item6": 3341,
      "magicDamageDealtToChampions": 11147,
      "physicalDamageDealtToChampions": 1533,
      "totalDamageDealtToChampions": 12712,
      "trueDamageDealtPlayer": 6010,
      "trueDamageDealtToChampions": 32,
      "trueDamageTaken": 148,
      "wardKilled": 1,
      "neutralMinionsKilledEnemyJungle": 2,
      "neutralMinionsKilledYourJungle": 25,
      "totalTimeCrowdControlDealt": 97
    }
  },
  "28864003": {
    "gameId": 825984618,
    "invalid": false,
    "gameMode": "CLASSIC",
    "gameType": "MATCHED_GAME",
    "subType": "RANKED_SOLO_5x5",
    "mapId": 1,
    "teamId": 200,
    "championId": 104,
    "spell1": 4,
    "spell2": 7,
    "level": 30,
    "ipEarned": 85,
    "createDate": 1399031071334,
    "fellowPlayers": [
      {
        "summonerId": 31140960,
        "teamId": 200,
        "championId": 53
      },
      {
        "summonerId": 28923712,
        "teamId": 200,
        "championId": 238
      },
      {
        "summonerId": 29235884,
        "teamId": 100,
        "championId": 67
      },
      {
        "summonerId": 23686426,
        "teamId": 100,
        "championId": 60
      },
      {
        "summonerId": 36075289,
        "teamId": 200,
        "championId": 32
      },
      {
        "summonerId": 23068415,
        "teamId": 100,
        "championId": 2
      },
      {
        "summonerId": 27169518,
        "teamId": 100,
        "championId": 89
      },
      {
        "summonerId": 31259765,
        "teamId": 200,
        "championId": 24
      },
      {
        "summonerId": 24217445,
        "teamId": 100,
        "championId": 127
      }
    ],
    "stats": {
      "level": 16,
      "goldEarned": 12858,
      "numDeaths": 6,
      "barracksKilled": 2,
      "turretsKilled": 1,
      "minionsKilled": 195,
      "championsKilled": 9,
      "goldSpent": 12110,
      "totalDamageDealt": 147039,
      "totalDamageTaken": 17702,
      "killingSprees": 2,
      "largestKillingSpree": 4,
      "team": 200,
      "win": true,
      "neutralMinionsKilled": 12,
      "largestMultiKill": 1,
      "physicalDamageDealtPlayer": 138579,
      "magicDamageDealtPlayer": 8459,
      "physicalDamageTaken": 8507,
      "magicDamageTaken": 6486,
      "largestCriticalStrike": 820,
      "timePlayed": 1776,
      "totalHeal": 2206,
      "totalUnitsHealed": 4,
      "assists": 10,
      "item0": 3072,
      "item1": 3006,
      "item2": 3031,
      "item3": 3087,
      "item4": 1037,
      "item5": 1036,
      "item6": 3340,
      "magicDamageDealtToChampions": 1900,
      "physicalDamageDealtToChampions": 24176,
      "totalDamageDealtToChampions": 26077,
      "trueDamageTaken": 2708,
      "wardPlaced": 4,
      "neutralMinionsKilledEnemyJungle": 4,
      "neutralMinionsKilledYourJungle": 8,
      "totalTimeCrowdControlDealt": 29
    }
  },
  "28923712": {
    "gameId": 825984618,
    "invalid": false,
    "gameMode": "CLASSIC",
    "gameType": "MATCHED_GAME",
    "subType": "RANKED_SOLO_5x5",
    "mapId": 1,
    "teamId": 200,
    "championId": 238,
    "spell1": 4,
    "spell2": 14,
    "level": 30,
    "ipEarned": 85,
    "createDate": 1399031071330,
    "fellowPlayers": [
      {
        "summonerId": 31140960,
        "teamId": 200,
        "championId": 53
      },
      {
        "summonerId": 28864003,
        "teamId": 200,
        "championId": 104
      },
      {
        "summonerId": 29235884,
        "teamId": 100,
        "championId": 67
      },
      {
        "summonerId": 23686426,
        "teamId": 100,
        "championId": 60
      },
      {
        "summonerId": 36075289,
        "teamId": 200,
        "championId": 32
      },
      {
        "summonerId": 23068415,
        "teamId": 100,
        "championId": 2
      },
      {
        "summonerId": 27169518,
        "teamId": 100,
        "championId": 89
      },
      {
        "summonerId": 31259765,
        "teamId": 200,
        "championId": 24
      },
      {
        "summonerId": 24217445,
        "teamId": 100,
        "championId": 127
      }
    ],
    "stats": {
      "level": 16,
      "goldEarned": 12733,
      "numDeaths": 3,
      "turretsKilled": 7,
      "minionsKilled": 207,
      "championsKilled": 9,
      "goldSpent": 11355,
      "totalDamageDealt": 130128,
      "totalDamageTaken": 16392,
      "doubleKills": 1,
      "killingSprees": 1,
      "largestKillingSpree": 7,
      "team": 200,
      "win": true,
      "neutralMinionsKilled": 5,
      "largestMultiKill": 2,
      "physicalDamageDealtPlayer": 123582,
      "magicDamageDealtPlayer": 5619,
      "physicalDamageTaken": 7836,
      "magicDamageTaken": 7144,
      "largestCriticalStrike": 635,
      "timePlayed": 1776,
      "totalHeal": 1285,
      "totalUnitsHealed": 1,
      "assists": 4,
      "item0": 3142,
      "item1": 3153,
      "item2": 3006,
      "item3": 3071,
      "item4": 1036,
      "item5": 1037,
      "item6": 3340,
      "sightWardsBought": 1,
      "magicDamageDealtToChampions": 1051,
      "physicalDamageDealtToChampions": 20114,
      "totalDamageDealtToChampions": 22092,
      "trueDamageDealtPlayer": 926,
      "trueDamageDealtToChampions": 926,
      "trueDamageTaken": 1412,
      "wardKilled": 1,
      "wardPlaced": 22,
      "neutralMinionsKilledEnemyJungle": 2,
      "neutralMinionsKilledYourJungle": 3,
      "totalTimeCrowdControlDealt": 80
    }
  },
  "31259765": {
    "gameId": 825984618,
    "invalid": false,
    "gameMode": "CLASSIC",
    "gameType": "MATCHED_GAME",
    "subType": "RANKED_SOLO_5x5",
    "mapId": 1,
    "teamId": 200,
    "championId": 24,
    "spell1": 14,
    "spell2": 4,
    "level": 30,
    "ipEarned": 85,
    "createDate": 1399031071329,
    "fellowPlayers": [
      {
        "summonerId": 31140960,
        "teamId": 200,
        "championId": 53
      },
      {
        "summonerId": 28923712,
        "teamId": 200,
        "championId": 238
      },
      {
        "summonerId": 28864003,
        "teamId": 200,
        "championId": 104
      },
      {
        "summonerId": 29235884,
        "teamId": 100,
        "championId": 67
      },
      {
        "summonerId": 23686426,
        "teamId": 100,
        "championId": 60
      },
      {
        "summonerId": 36075289,
        "teamId": 200,
        "championId": 32
      },
      {
        "summonerId": 23068415,
        "teamId": 100,
        "championId": 2
      },
      {
        "summonerId": 27169518,
        "teamId": 100,
        "championId": 89
      },
      {
        "summonerId": 24217445,
        "teamId": 100,
        "championId": 127
      }
    ],
    "stats": {
      "level": 16,
      "goldEarned": 12381,
      "numDeaths": 7,
      "turretsKilled": 1,
      "minionsKilled": 135,
      "championsKilled": 12,
      "goldSpent": 10328,
      "totalDamageDealt": 106186,
      "totalDamageTaken": 28549,
      "doubleKills": 2,
      "killingSprees": 5,
      "largestKillingSpree": 3,
      "team": 200,
      "win": true,
      "neutralMinionsKilled": 2,
      "largestMultiKill": 2,
      "physicalDamageDealtPlayer": 86062,
      "magicDamageDealtPlayer": 18344,
      "physicalDamageTaken": 14217,
      "magicDamageTaken": 7749,
      "largestCriticalStrike": 554,
      "timePlayed": 1776,
      "totalHeal": 3939,
      "totalUnitsHealed": 1,
      "assists": 6,
      "item0": 1055,
      "item1": 3078,
      "item2": 3153,
      "item3": 1055,
      "item4": 3260,
      "item5": 1031,
      "item6": 3340,
      "magicDamageDealtToChampions": 8371,
      "physicalDamageDealtToChampions": 17939,
      "totalDamageDealtToChampions": 28004,
      "trueDamageDealtPlayer": 1780,
      "trueDamageDealtToChampions": 1694,
      "trueDamageTaken": 6582,
      "wardPlaced": 8,
      "neutralMinionsKilledEnemyJungle": 2,
      "totalTimeCrowdControlDealt": 308
    }
  },
  "24217445": {
    "gameId": 825984618,
    "invalid": false,
    "gameMode": "CLASSIC",
    "gameType": "MATCHED_GAME",
    "subType": "RANKED_SOLO_5x5",
    "mapId": 1,
    "teamId": 100,
    "championId": 127,
    "spell1": 4,
    "spell2": 7,
    "level": 30,
    "ipEarned": 57,
    "createDate": 1399031071327,
    "fellowPlayers": [
      {
        "summonerId": 31140960,
        "teamId": 200,
        "championId": 53
      },
      {
        "summonerId": 28923712,
        "teamId": 200,
        "championId": 238
      },
      {
        "summonerId": 28864003,
        "teamId": 200,
        "championId": 104
      },
      {
        "summonerId": 29235884,
        "teamId": 100,
        "championId": 67
      },
      {
        "summonerId": 23686426,
        "teamId": 100,
        "championId": 60
      },
      {
        "summonerId": 36075289,
        "teamId": 200,
        "championId": 32
      },
      {
        "summonerId": 23068415,
        "teamId": 100,
        "championId": 2
      },
      {
        "summonerId": 27169518,
        "teamId": 100,
        "championId": 89
      },
      {
        "summonerId": 31259765,
        "teamId": 200,
        "championId": 24
      }
    ],
    "stats": {
      "level": 15,
      "goldEarned": 9923,
      "numDeaths": 8,
      "minionsKilled": 150,
      "championsKilled": 6,
      "goldSpent": 9730,
      "totalDamageDealt": 109300,
      "totalDamageTaken": 23064,
      "killingSprees": 2,
      "largestKillingSpree": 2,
      "team": 100,
      "win": false,
      "neutralMinionsKilled": 15,
      "largestMultiKill": 1,
      "physicalDamageDealtPlayer": 11884,
      "magicDamageDealtPlayer": 97416,
      "physicalDamageTaken": 14906,
      "magicDamageTaken": 7312,
      "timePlayed": 1776,
      "totalHeal": 1543,
      "totalUnitsHealed": 2,
      "assists": 7,
      "item0": 3255,
      "item1": 3027,
      "item2": 3157,
      "item3": 3136,
      "item6": 3340,
      "magicDamageDealtToChampions": 15066,
      "physicalDamageDealtToChampions": 1164,
      "totalDamageDealtToChampions": 16230,
      "trueDamageTaken": 846,
      "wardPlaced": 3,
      "neutralMinionsKilledYourJungle": 15,
      "totalTimeCrowdControlDealt": 347
    }
  },
  "29235884": {
    "gameId": 825984618,
    "invalid": false,
    "gameMode": "CLASSIC",
    "gameType": "MATCHED_GAME",
    "subType": "RANKED_SOLO_5x5",
    "mapId": 1,
    "teamId": 100,
    "championId": 67,
    "spell1": 7,
    "spell2": 4,
    "level": 30,
    "ipEarned": 57,
    "createDate": 1399031071325,
    "fellowPlayers": [
      {
        "summonerId": 31140960,
        "teamId": 200,
        "championId": 53
      },
      {
        "summonerId": 28923712,
        "teamId": 200,
        "championId": 238
      },
      {
        "summonerId": 28864003,
        "teamId": 200,
        "championId": 104
      },
      {
        "summonerId": 23686426,
        "teamId": 100,
        "championId": 60
      },
      {
        "summonerId": 36075289,
        "teamId": 200,
        "championId": 32
      },
      {
        "summonerId": 23068415,
        "teamId": 100,
        "championId": 2
      },
      {
        "summonerId": 27169518,
        "teamId": 100,
        "championId": 89
      },
      {
        "summonerId": 31259765,
        "teamId": 200,
        "championId": 24
      },
      {
        "summonerId": 24217445,
        "teamId": 100,
        "championId": 127
      }
    ],
    "stats": {
      "level": 15,
      "goldEarned": 9637,
      "numDeaths": 9,
      "minionsKilled": 153,
      "championsKilled": 5,
      "goldSpent": 9585,
      "totalDamageDealt": 91184,
      "totalDamageTaken": 23900,
      "doubleKills": 1,
      "tripleKills": 1,
      "killingSprees": 2,
      "largestKillingSpree": 3,
      "team": 100,
      "win": false,
      "neutralMinionsKilled": 15,
      "largestMultiKill": 3,
      "physicalDamageDealtPlayer": 73310,
      "magicDamageDealtPlayer": 5562,
      "physicalDamageTaken": 17335,
      "magicDamageTaken": 6076,
      "largestCriticalStrike": 314,
      "timePlayed": 1776,
      "totalHeal": 2573,
      "totalUnitsHealed": 2,
      "assists": 3,
      "item0": 3006,
      "item1": 3153,
      "item2": 3087,
      "item3": 3035,
      "item5": 1055,
      "item6": 3340,
      "magicDamageDealtToChampions": 2113,
      "physicalDamageDealtToChampions": 11442,
      "totalDamageDealtToChampions": 17726,
      "trueDamageDealtPlayer": 12310,
      "trueDamageDealtToChampions": 4170,
      "trueDamageTaken": 488,
      "wardPlaced": 7,
      "neutralMinionsKilledYourJungle": 15,
      "totalTimeCrowdControlDealt": 221
    }
  },
  "27169518": {
    "gameId": 825984618,
    "invalid": false,
    "gameMode": "CLASSIC",
    "gameType": "MATCHED_GAME",
    "subType": "RANKED_SOLO_5x5",
    "mapId": 1,
    "teamId": 100,
    "championId": 89,
    "spell1": 4,
    "spell2": 3,
    "level": 30,
    "ipEarned": 57,
    "createDate": 1399031071328,
    "fellowPlayers": [
      {
        "summonerId": 31140960,
        "teamId": 200,
        "championId": 53
      },
      {
        "summonerId": 28923712,
        "teamId": 200,
        "championId": 238
      },
      {
        "summonerId": 28864003,
        "teamId": 200,
        "championId": 104
      },
      {
        "summonerId": 29235884,
        "teamId": 100,
        "championId": 67
      },
      {
        "summonerId": 23686426,
        "teamId": 100,
        "championId": 60
      },
      {
        "summonerId": 36075289,
        "teamId": 200,
        "championId": 32
      },
      {
        "summonerId": 23068415,
        "teamId": 100,
        "championId": 2
      },
      {
        "summonerId": 31259765,
        "teamId": 200,
        "championId": 24
      },
      {
        "summonerId": 24217445,
        "teamId": 100,
        "championId": 127
      }
    ],
    "stats": {
      "level": 13,
      "goldEarned": 5677,
      "numDeaths": 8,
      "minionsKilled": 54,
      "goldSpent": 5120,
      "totalDamageDealt": 26174,
      "totalDamageTaken": 20314,
      "team": 100,
      "win": false,
      "physicalDamageDealtPlayer": 8814,
      "magicDamageDealtPlayer": 13353,
      "physicalDamageTaken": 14550,
      "magicDamageTaken": 5579,
      "timePlayed": 1776,
      "totalHeal": 1421,
      "totalUnitsHealed": 5,
      "assists": 4,
      "item0": 3401,
      "item1": 1001,
      "item2": 2049,
      "item3": 3082,
      "item4": 1029,
      "item6": 3341,
      "sightWardsBought": 3,
      "visionWardsBought": 2,
      "magicDamageDealtToChampions": 5203,
      "physicalDamageDealtToChampions": 1831,
      "totalDamageDealtToChampions": 7035,
      "trueDamageDealtPlayer": 4005,
      "trueDamageTaken": 184,
      "wardKilled": 1,
      "wardPlaced": 16,
      "totalTimeCrowdControlDealt": 75
    }
  }
}