{
  "23790576": {
    "gameId": 825976602,
    "invalid": false,
    "gameMode": "CLASSIC",
    "gameType": "MATCHED_GAME",
    "subType": "RANKED_SOLO_5x5",
    "mapId": 1,
    "teamId": 100,
    "championId": 107,
    "spell1": 4,
    "spell2": 14,
    "level": 30,
    "ipEarned": 76,
    "createDate": 1399030324039,
    "fellowPlayers": [
      {
        "summonerId": 29018924,
        "teamId": 200,
        "championId": 89
      },
      {
        "summonerId": 20649006,
        "teamId": 200,
        "championId": 61
      },
      {
        "summonerId": 33083650,
        "teamId": 100,
        "championId": 18
      },
      {
        "summonerId": 22654989,
        "teamId": 200,
        "championId": 51
      },
      {
        "summonerId": 27577617,
        "teamId": 100,
        "championId": 64
      },
      {
        "summonerId": 36051772,
        "teamId": 200,
        "championId": 23
      },
      {
        "summonerId": 19897101,
        "teamId": 100,
        "championId": 76
      },
      {
        "summonerId": 21880235,
        "teamId": 200,
        "championId": 35
      },
      {
        "summonerId": 36027633,
        "teamId": 100,
        "championId": 412
      }
    ],
    "stats": {
      "level": 10,
      "goldEarned": 5841,
      "numDeaths": 3,
      "turretsKilled": 1,
      "minionsKilled": 106,
      "championsKilled": 1,
      "goldSpent": 3617,
      "totalDamageDealt": 42913,
      "totalDamageTaken": 7220,
      "team": 100,
      "win": true,
      "neutralMinionsKilled": 1,
      "largestMultiKill": 1,
      "physicalDamageDealtPlayer": 39156,
      "magicDamageDealtPlayer": 3662,
      "physicalDamageTaken": 6268,
      "magicDamageTaken": 486,
      "timePlayed": 956,
      "totalHeal": 1460,
      "totalUnitsHealed": 1,
      "item0": 1055,
      "item1": 1037,
      "item2": 3134,
      "item3": 2003,
      "item4": 1001,
      "item5": 1036,
      "item6": 3166,
      "magicDamageDealtToChampions": 491,
      "physicalDamageDealtToChampions": 3547,
      "totalDamageDealtToChampions": 4133,
      "trueDamageDealtPlayer": 94,
      "trueDamageDealtToChampions": 94,
      "trueDamageTaken": 466,
      "wardPlaced": 1,
      "neutralMinionsKilledEnemyJungle": 1,
      "totalTimeCrowdControlDealt": 80
    }
  },
  "summonerCount": 10,
  "36051772": {
    "gameId": 825976602,
    "invalid": false,
    "gameMode": "CLASSIC",
    "gameType": "MATCHED_GAME",
    "subType": "RANKED_SOLO_5x5",
    "mapId": 1,
    "teamId": 200,
    "championId": 23,
    "spell1": 14,
    "spell2": 6,
    "level": 30,
    "ipEarned": 51,
    "createDate": 1399030324042,
    "fellowPlayers": [
      {
        "summonerId": 29018924,
        "teamId": 200,
        "championId": 89
      },
      {
        "summonerId": 20649006,
        "teamId": 200,
        "championId": 61
      },
      {
        "summonerId": 33083650,
        "teamId": 100,
        "championId": 18
      },
      {
        "summonerId": 22654989,
        "teamId": 200,
        "championId": 51
      },
      {
        "summonerId": 23790576,
        "teamId": 100,
        "championId": 107
      },
      {
        "summonerId": 27577617,
        "teamId": 100,
        "championId": 64
      },
      {
        "summonerId": 19897101,
        "teamId": 100,
        "championId": 76
      },
      {
        "summonerId": 21880235,
        "teamId": 200,
        "championId": 35
      },
      {
        "summonerId": 36027633,
        "teamId": 100,
        "championId": 412
      }
    ],
    "stats": {
      "level": 11,
      "goldEarned": 5046,
      "numDeaths": 3,
      "minionsKilled": 98,
      "championsKilled": 2,
      "goldSpent": 5410,
      "totalDamageDealt": 44075,
      "totalDamageTaken": 12332,
      "killingSprees": 1,
      "largestKillingSpree": 2,
      "team": 200,
      "win": false,
      "neutralMinionsKilled": 1,
      "largestMultiKill": 1,
      "physicalDamageDealtPlayer": 41480,
      "magicDamageDealtPlayer": 1935,
      "physicalDamageTaken": 10104,
      "magicDamageTaken": 1922,
      "largestCriticalStrike": 383,
      "timePlayed": 956,
      "totalHeal": 2132,
      "totalUnitsHealed": 1,
      "assists": 2,
      "item0": 1001,
      "item1": 3144,
      "item2": 3087,
      "item3": 1042,
      "item6": 3340,
      "magicDamageDealtToChampions": 594,
      "physicalDamageDealtToChampions": 6141,
      "totalDamageDealtToChampions": 7395,
      "trueDamageDealtPlayer": 660,
      "trueDamageDealtToChampions": 660,
      "trueDamageTaken": 304,
      "wardKilled": 1,
      "wardPlaced": 3,
      "neutralMinionsKilledEnemyJungle": 1,
      "totalTimeCrowdControlDealt": 52
    }
  },
  "21880235": {
    "gameId": 825976602,
    "invalid": false,
    "gameMode": "CLASSIC",
    "gameType": "MATCHED_GAME",
    "subType": "RANKED_SOLO_5x5",
    "mapId": 1,
    "teamId": 200,
    "championId": 35,
    "spell1": 11,
    "spell2": 3,
    "level": 30,
    "ipEarned": 51,
    "createDate": 1399030324045,
    "fellowPlayers": [
      {
        "summonerId": 29018924,
        "teamId": 200,
        "championId": 89
      },
      {
        "summonerId": 20649006,
        "teamId": 200,
        "championId": 61
      },
      {
        "summonerId": 33083650,
        "teamId": 100,
        "championId": 18
      },
      {
        "summonerId": 22654989,
        "teamId": 200,
        "championId": 51
      },
      {
        "summonerId": 23790576,
        "teamId": 100,
        "championId": 107
      },
      {
        "summonerId": 27577617,
        "teamId": 100,
        "championId": 64
      },
      {
        "summonerId": 36051772,
        "teamId": 200,
        "championId": 23
      },
      {
        "summonerId": 19897101,
        "teamId": 100,
        "championId": 76
      },
      {
        "summonerId": 36027633,
        "teamId": 100,
        "championId": 412
      }
    ],
    "stats": {
      "level": 8,
      "goldEarned": 3920,
      "numDeaths": 2,
      "minionsKilled": 18,
      "championsKilled": 2,
      "goldSpent": 2570,
      "totalDamageDealt": 25688,
      "totalDamageTaken": 4719,
      "killingSprees": 1,
      "largestKillingSpree": 2,
      "team": 200,
      "win": false,
      "neutralMinionsKilled": 22,
      "largestMultiKill": 1,
      "physicalDamageDealtPlayer": 14459,
      "magicDamageDealtPlayer": 8908,
      "physicalDamageTaken": 4069,
      "magicDamageTaken": 649,
      "largestCriticalStrike": 219,
      "timePlayed": 956,
      "totalHeal": 576,
      "totalUnitsHealed": 1,
      "item0": 3209,
      "item1": 1001,
      "item6": 3341,
      "magicDamageDealtToChampions": 1238,
      "physicalDamageDealtToChampions": 862,
      "totalDamageDealtToChampions": 2293,
      "trueDamageDealtPlayer": 2320,
      "trueDamageDealtToChampions": 192,
      "neutralMinionsKilledEnemyJungle": 2,
      "neutralMinionsKilledYourJungle": 20,
      "totalTimeCrowdControlDealt": 310
    }
  },
  "27577617": {
    "gameId": 825976602,
    "invalid": false,
    "gameMode": "CLASSIC",
    "gameType": "MATCHED_GAME",
    "subType": "RANKED_SOLO_5x5",
    "mapId": 1,
    "teamId": 100,
    "championId": 64,
    "spell1": 4,
    "spell2": 11,
    "level": 30,
    "ipEarned": 76,
    "createDate": 1399030324036,
    "fellowPlayers": [
      {
        "summonerId": 29018924,
        "teamId": 200,
        "championId": 89
      },
      {
        "summonerId": 20649006,
        "teamId": 200,
        "championId": 61
      },
      {
        "summonerId": 33083650,
        "teamId": 100,
        "championId": 18
      },
      {
        "summonerId": 22654989,
        "teamId": 200,
        "championId": 51
      },
      {
        "summonerId": 23790576,
        "teamId": 100,
        "championId": 107
      },
      {
        "summonerId": 36051772,
        "teamId": 200,
        "championId": 23
      },
      {
        "summonerId": 19897101,
        "teamId": 100,
        "championId": 76
      },
      {
        "summonerId": 21880235,
        "teamId": 200,
        "championId": 35
      },
      {
        "summonerId": 36027633,
        "teamId": 100,
        "championId": 412
      }
    ],
    "stats": {
      "level": 11,
      "goldEarned": 8315,
      "numDeaths": 1,
      "turretsKilled": 2,
      "minionsKilled": 62,
      "championsKilled": 8,
      "goldSpent": 6085,
      "totalDamageDealt": 81748,
      "totalDamageTaken": 12450,
      "doubleKills": 1,
      "killingSprees": 2,
      "largestKillingSpree": 5,
      "team": 100,
      "win": true,
      "neutralMinionsKilled": 39,
      "largestMultiKill": 2,
      "physicalDamageDealtPlayer": 59046,
      "magicDamageDealtPlayer": 13708,
      "physicalDamageTaken": 10680,
      "magicDamageTaken": 1201,
      "timePlayed": 956,
      "totalHeal": 2678,
      "totalUnitsHealed": 1,
      "assists": 4,
      "item0": 2003,
      "item1": 3074,
      "item2": 2044,
      "item3": 1001,
      "item4": 3209,
      "item6": 3340,
      "sightWardsBought": 1,
      "magicDamageDealtToChampions": 603,
      "physicalDamageDealtToChampions": 5617,
      "totalDamageDealtToChampions": 6792,
      "trueDamageDealtPlayer": 8993,
      "trueDamageDealtToChampions": 572,
      "trueDamageTaken": 569,
      "wardPlaced": 4,
      "neutralMinionsKilledEnemyJungle": 5,
      "neutralMinionsKilledYourJungle": 34,
      "totalTimeCrowdControlDealt": 716
    }
  },
  "19897101": {
    "gameId": 825976602,
    "invalid": false,
    "gameMode": "CLASSIC",
    "gameType": "MATCHED_GAME",
    "subType": "RANKED_SOLO_5x5",
    "mapId": 1,
    "teamId": 100,
    "championId": 76,
    "spell1": 7,
    "spell2": 4,
    "level": 30,
    "ipEarned": 226,
    "createDate": 1399030324033,
    "fellowPlayers": [
      {
        "summonerId": 29018924,
        "teamId": 200,
        "championId": 89
      },
      {
        "summonerId": 20649006,
        "teamId": 200,
        "championId": 61
      },
      {
        "summonerId": 33083650,
        "teamId": 100,
        "championId": 18
      },
      {
        "summonerId": 22654989,
        "teamId": 200,
        "championId": 51
      },
      {
        "summonerId": 23790576,
        "teamId": 100,
        "championId": 107
      },
      {
        "summonerId": 27577617,
        "teamId": 100,
        "championId": 64
      },
      {
        "summonerId": 36051772,
        "teamId": 200,
        "championId": 23
      },
      {
        "summonerId": 21880235,
        "teamId": 200,
        "championId": 35
      },
      {
        "summonerId": 36027633,
        "teamId": 100,
        "championId": 412
      }
    ],
    "stats": {
      "level": 11,
      "goldEarned": 7450,
      "turretsKilled": 4,
      "minionsKilled": 114,
      "championsKilled": 5,
      "goldSpent": 2530,
      "totalDamageDealt": 57365,
      "totalDamageTaken": 5548,
      "doubleKills": 1,
      "killingSprees": 1,
      "largestKillingSpree": 5,
      "team": 100,
      "win": true,
      "neutralMinionsKilled": 1,
      "largestMultiKill": 2,
      "physicalDamageDealtPlayer": 25585,
      "magicDamageDealtPlayer": 31780,
      "physicalDamageTaken": 3257,
      "magicDamageTaken": 2248,
      "timePlayed": 956,
      "totalHeal": 3753,
      "totalUnitsHealed": 3,
      "assists": 4,
      "item0": 1056,
      "item1": 3028,
      "item2": 3108,
      "item3": 1001,
      "item6": 3340,
      "magicDamageDealtToChampions": 2444,
      "physicalDamageDealtToChampions": 1506,
      "totalDamageDealtToChampions": 3950,
      "trueDamageTaken": 42,
      "neutralMinionsKilledYourJungle": 1
    }
  },
  "22654989": {
    "gameId": 825976602,
    "invalid": false,
    "gameMode": "CLASSIC",
    "gameType": "MATCHED_GAME",
    "subType": "RANKED_SOLO_5x5",
    "mapId": 1,
    "teamId": 200,
    "championId": 51,
    "spell1": 7,
    "spell2": 4,
    "level": 30,
    "ipEarned": 51,
    "createDate": 1399030324040,
    "fellowPlayers": [
      {
        "summonerId": 29018924,
        "teamId": 200,
        "championId": 89
      },
      {
        "summonerId": 20649006,
        "teamId": 200,
        "championId": 61
      },
      {
        "summonerId": 33083650,
        "teamId": 100,
        "championId": 18
      },
      {
        "summonerId": 23790576,
        "teamId": 100,
        "championId": 107
      },
      {
        "summonerId": 27577617,
        "teamId": 100,
        "championId": 64
      },
      {
        "summonerId": 36051772,
        "teamId": 200,
        "championId": 23
      },
      {
        "summonerId": 19897101,
        "teamId": 100,
        "championId": 76
      },
      {
        "summonerId": 21880235,
        "teamId": 200,
        "championId": 35
      },
      {
        "summonerId": 36027633,
        "teamId": 100,
        "championId": 412
      }
    ],
    "stats": {
      "level": 6,
      "goldEarned": 3437,
      "numDeaths": 4,
      "minionsKilled": 69,
      "goldSpent": 3450,
      "totalDamageDealt": 24934,
      "totalDamageTaken": 6031,
      "team": 200,
      "win": false,
      "physicalDamageDealtPlayer": 23590,
      "magicDamageDealtPlayer": 1344,
      "physicalDamageTaken": 3318,
      "magicDamageTaken": 2545,
      "timePlayed": 956,
      "totalHeal": 642,
      "totalUnitsHealed": 1,
      "item0": 3117,
      "item2": 2049,
      "item5": 1053,
      "item6": 3340,
      "visionWardsBought": 1,
      "magicDamageDealtToChampions": 972,
      "physicalDamageDealtToChampions": 5724,
      "totalDamageDealtToChampions": 6697,
      "trueDamageTaken": 168,
      "wardPlaced": 111,
      "totalTimeCrowdControlDealt": 20
    }
  },
  "20649006": {
    "gameId": 825976602,
    "invalid": false,
    "gameMode": "CLASSIC",
    "gameType": "MATCHED_GAME",
    "subType": "RANKED_SOLO_5x5",
    "mapId": 1,
    "teamId": 200,
    "championId": 61,
    "spell1": 4,
    "spell2": 21,
    "level": 30,
    "ipEarned": 0,
    "createDate": 1399030324043,
    "fellowPlayers": [
      {
        "summonerId": 29018924,
        "teamId": 200,
        "championId": 89
      },
      {
        "summonerId": 33083650,
        "teamId": 100,
        "championId": 18
      },
      {
        "summonerId": 22654989,
        "teamId": 200,
        "championId": 51
      },
      {
        "summonerId": 23790576,
        "teamId": 100,
        "championId": 107
      },
      {
        "summonerId": 27577617,
        "teamId": 100,
        "championId": 64
      },
      {
        "summonerId": 36051772,
        "teamId": 200,
        "championId": 23
      },
      {
        "summonerId": 19897101,
        "teamId": 100,
        "championId": 76
      },
      {
        "summonerId": 21880235,
        "teamId": 200,
        "championId": 35
      },
      {
        "summonerId": 36027633,
        "teamId": 100,
        "championId": 412
      }
    ],
    "stats": {
      "level": 4,
      "goldEarned": 2749,
      "numDeaths": 3,
      "minionsKilled": 30,
      "goldSpent": 1350,
      "totalDamageDealt": 7577,
      "totalDamageTaken": 2925,
      "team": 200,
      "win": false,
      "physicalDamageDealtPlayer": 3848,
      "magicDamageDealtPlayer": 3729,
      "physicalDamageTaken": 2447,
      "magicDamageTaken": 445,
      "timePlayed": 956,
      "item0": 1056,
      "item1": 2003,
      "item2": 3028,
      "item6": 3340,
      "magicDamageDealtToChampions": 1544,
      "physicalDamageDealtToChampions": 859,
      "totalDamageDealtToChampions": 2403,
      "trueDamageTaken": 32,
      "wardPlaced": 1,
      "totalTimeCrowdControlDealt": 110
    }
  },
  "29018924": {
    "gameId": 825976602,
    "invalid": false,
    "gameMode": "CLASSIC",
    "gameType": "MATCHED_GAME",
    "subType": "RANKED_SOLO_5x5",
    "mapId": 1,
    "teamId": 200,
    "championId": 89,
    "spell1": 3,
    "spell2": 4,
    "level": 30,
    "ipEarned": 51,
    "createDate": 1399030324044,
    "fellowPlayers": [
      {
        "summonerId": 20649006,
        "teamId": 200,
        "championId": 61
      },
      {
        "summonerId": 33083650,
        "teamId": 100,
        "championId": 18
      },
      {
        "summonerId": 22654989,
        "teamId": 200,
        "championId": 51
      },
      {
        "summonerId": 23790576,
        "teamId": 100,
        "championId": 107
      },
      {
        "summonerId": 27577617,
        "teamId": 100,
        "championId": 64
      },
      {
        "summonerId": 36051772,
        "teamId": 200,
        "championId": 23
      },
      {
        "summonerId": 19897101,
        "teamId": 100,
        "championId": 76
      },
      {
        "summonerId": 21880235,
        "teamId": 200,
        "championId": 35
      },
      {
        "summonerId": 36027633,
        "teamId": 100,
        "championId": 412
      }
    ],
    "stats": {
      "level": 8,
      "goldEarned": 2874,
      "numDeaths": 4,
      "minionsKilled": 20,
      "goldSpent": 2580,
      "totalDamageDealt": 9571,
      "totalDamageTaken": 8124,
      "team": 200,
      "win": false,
      "physicalDamageDealtPlayer": 1776,
      "magicDamageDealtPlayer": 6621,
      "physicalDamageTaken": 4835,
      "magicDamageTaken": 2911,
      "timePlayed": 956,
      "totalHeal": 316,
      "totalUnitsHealed": 3,
      "item0": 2045,
      "item3": 3302,
      "item4": 1001,
      "item6": 3340,
      "sightWardsBought": 2,
      "magicDamageDealtToChampions": 2596,
      "physicalDamageDealtToChampions": 690,
      "totalDamageDealtToChampions": 3287,
      "trueDamageDealtPlayer": 1173,
      "trueDamageTaken": 378,
      "wardPlaced": 13,
      "totalTimeCrowdControlDealt": 41
    }
  },
  "36027633": {
    "gameId": 825976602,
    "invalid": false,
    "gameMode": "CLASSIC",
    "gameType": "MATCHED_GAME",
    "subType": "RANKED_SOLO_5x5",
    "mapId": 1,
    "teamId": 100,
    "championId": 412,
    "spell1": 14,
    "spell2": 4,
    "level": 30,
    "ipEarned": 76,
    "createDate": 1399030324035,
    "fellowPlayers": [
      {
        "summonerId": 29018924,
        "teamId": 200,
        "championId": 89
      },
      {
        "summonerId": 20649006,
        "teamId": 200,
        "championId": 61
      },
      {
        "summonerId": 33083650,
        "teamId": 100,
        "championId": 18
      },
      {
        "summonerId": 22654989,
        "teamId": 200,
        "championId": 51
      },
      {
        "summonerId": 23790576,
        "teamId": 100,
        "championId": 107
      },
      {
        "summonerId": 27577617,
        "teamId": 100,
        "championId": 64
      },
      {
        "summonerId": 36051772,
        "teamId": 200,
        "championId": 23
      },
      {
        "summonerId": 19897101,
        "teamId": 100,
        "championId": 76
      },
      {
        "summonerId": 21880235,
        "teamId": 200,
        "championId": 35
      }
    ],
    "stats": {
      "level": 10,
      "goldEarned": 5378,
      "minionsKilled": 5,
      "championsKilled": 2,
      "goldSpent": 2170,
      "totalDamageDealt": 10677,
      "totalDamageTaken": 6234,
      "killingSprees": 1,
      "largestKillingSpree": 2,
      "team": 100,
      "win": true,
      "largestMultiKill": 1,
      "physicalDamageDealtPlayer": 3590,
      "magicDamageDealtPlayer": 6870,
      "physicalDamageTaken": 4662,
      "magicDamageTaken": 1496,
      "timePlayed": 956,
      "totalHeal": 1137,
      "totalUnitsHealed": 1,
      "assists": 8,
      "item0": 3301,
      "item1": 2049,
      "item5": 1054,
      "item6": 3341,
      "sightWardsBought": 2,
      "visionWardsBought": 1,
      "magicDamageDealtToChampions": 3012,
      "physicalDamageDealtToChampions": 786,
      "totalDamageDealtToChampions": 4016,
      "trueDamageDealtPlayer": 216,
      "trueDamageDealtToChampions": 216,
      "trueDamageTaken": 75,
      "wardKilled": 1,
      "wardPlaced": 8,
      "totalTimeCrowdControlDealt": 58
    }
  },
  "33083650": {
    "gameId": 825976602,
    "invalid": false,
    "gameMode": "CLASSIC",
    "gameType": "MATCHED_GAME",
    "subType": "RANKED_SOLO_5x5",
    "mapId": 1,
    "teamId": 100,
    "championId": 18,
    "spell1": 4,
    "spell2": 7,
    "level": 30,
    "ipEarned": 226,
    "createDate": 1399030324038,
    "fellowPlayers": [
      {
        "summonerId": 29018924,
        "teamId": 200,
        "championId": 89
      },
      {
        "summonerId": 20649006,
        "teamId": 200,
        "championId": 61
      },
      {
        "summonerId": 22654989,
        "teamId": 200,
        "championId": 51
      },
      {
        "summonerId": 23790576,
        "teamId": 100,
        "championId": 107
      },
      {
        "summonerId": 27577617,
        "teamId": 100,
        "championId": 64
      },
      {
        "summonerId": 36051772,
        "teamId": 200,
        "championId": 23
      },
      {
        "summonerId": 19897101,
        "teamId": 100,
        "championId": 76
      },
      {
        "summonerId": 21880235,
        "teamId": 200,
        "championId": 35
      },
      {
        "summonerId": 36027633,
        "teamId": 100,
        "championId": 412
      }
    ],
    "stats": {
      "level": 10,
      "goldEarned": 5747,
      "barracksKilled": 1,
      "minionsKilled": 78,
      "goldSpent": 2510,
      "totalDamageDealt": 42734,
      "totalDamageTaken": 4660,
      "team": 100,
      "win": true,
      "physicalDamageDealtPlayer": 30597,
      "magicDamageDealtPlayer": 12136,
      "physicalDamageTaken": 3145,
      "magicDamageTaken": 1514,
      "timePlayed": 956,
      "totalHeal": 1069,
      "totalUnitsHealed": 3,
      "assists": 8,
      "item0": 1055,
      "item2": 1001,
      "item3": 1053,
      "item4": 1037,
      "item6": 3340,
      "magicDamageDealtToChampions": 1923,
      "physicalDamageDealtToChampions": 3430,
      "totalDamageDealtToChampions": 5353,
      "wardPlaced": 3,
      "totalTimeCrowdControlDealt": 24
    }
  }
}