{
  "30927402": {
    "gameId": 825984641,
    "invalid": false,
    "gameMode": "CLASSIC",
    "gameType": "MATCHED_GAME",
    "subType": "RANKED_SOLO_5x5",
    "mapId": 1,
    "teamId": 100,
    "championId": 51,
    "spell1": 4,
    "spell2": 7,
    "level": 30,
    "ipEarned": 54,
    "createDate": 1399030970153,
    "fellowPlayers": [
      {
        "summonerId": 41586092,
        "teamId": 200,
        "championId": 25
      },
      {
        "summonerId": 22289122,
        "teamId": 200,
        "championId": 34
      },
      {
        "summonerId": 38852333,
        "teamId": 200,
        "championId": 222
      },
      {
        "summonerId": 36378616,
        "teamId": 200,
        "championId": 59
      },
      {
        "summonerId": 30274476,
        "teamId": 100,
        "championId": 58
      },
      {
        "summonerId": 24094275,
        "teamId": 100,
        "championId": 64
      },
      {
        "summonerId": 36009540,
        "teamId": 200,
        "championId": 62
      },
      {
        "summonerId": 26672972,
        "teamId": 100,
        "championId": 89
      },
      {
        "summonerId": 42361523,
        "teamId": 100,
        "championId": 157
      }
    ],
    "stats": {
      "level": 13,
      "goldEarned": 8220,
      "numDeaths": 7,
      "minionsKilled": 160,
      "championsKilled": 2,
      "goldSpent": 7765,
      "totalDamageDealt": 98340,
      "totalDamageTaken": 17097,
      "team": 100,
      "win": false,
      "neutralMinionsKilled": 5,
      "largestMultiKill": 1,
      "physicalDamageDealtPlayer": 96160,
      "magicDamageDealtPlayer": 2179,
      "physicalDamageTaken": 10480,
      "magicDamageTaken": 6380,
      "largestCriticalStrike": 386,
      "timePlayed": 1642,
      "totalHeal": 1581,
      "totalUnitsHealed": 2,
      "assists": 2,
      "item0": 1055,
      "item1": 3072,
      "item2": 1037,
      "item3": 3006,
      "item4": 1038,
      "item5": 1018,
      "item6": 3340,
      "magicDamageDealtToChampions": 1567,
      "physicalDamageDealtToChampions": 15177,
      "totalDamageDealtToChampions": 16744,
      "trueDamageTaken": 236,
      "wardPlaced": 2,
      "neutralMinionsKilledYourJungle": 5,
      "totalTimeCrowdControlDealt": 30
    }
  },
  "summonerCount": 10,
  "30274476": {
    "gameId": 825984641,
    "invalid": false,
    "gameMode": "CLASSIC",
    "gameType": "MATCHED_GAME",
    "subType": "RANKED_SOLO_5x5",
    "mapId": 1,
    "teamId": 100,
    "championId": 58,
    "spell1": 4,
    "spell2": 14,
    "level": 30,
    "ipEarned": 54,
    "createDate": 1399030970155,
    "fellowPlayers": [
      {
        "summonerId": 41586092,
        "teamId": 200,
        "championId": 25
      },
      {
        "summonerId": 22289122,
        "teamId": 200,
        "championId": 34
      },
      {
        "summonerId": 38852333,
        "teamId": 200,
        "championId": 222
      },
      {
        "summonerId": 36378616,
        "teamId": 200,
        "championId": 59
      },
      {
        "summonerId": 24094275,
        "teamId": 100,
        "championId": 64
      },
      {
        "summonerId": 30927402,
        "teamId": 100,
        "championId": 51
      },
      {
        "summonerId": 36009540,
        "teamId": 200,
        "championId": 62
      },
      {
        "summonerId": 26672972,
        "teamId": 100,
        "championId": 89
      },
      {
        "summonerId": 42361523,
        "teamId": 100,
        "championId": 157
      }
    ],
    "stats": {
      "level": 12,
      "goldEarned": 6661,
      "numDeaths": 9,
      "turretsKilled": 1,
      "minionsKilled": 101,
      "championsKilled": 2,
      "goldSpent": 6165,
      "totalDamageDealt": 46698,
      "totalDamageTaken": 24910,
      "killingSprees": 1,
      "largestKillingSpree": 2,
      "team": 100,
      "win": false,
      "largestMultiKill": 1,
      "physicalDamageDealtPlayer": 44461,
      "magicDamageDealtPlayer": 1471,
      "physicalDamageTaken": 17744,
      "magicDamageTaken": 6406,
      "timePlayed": 1642,
      "totalHeal": 1040,
      "totalUnitsHealed": 1,
      "assists": 2,
      "item0": 1054,
      "item1": 3071,
      "item2": 3260,
      "item3": 1011,
      "item6": 3340,
      "sightWardsBought": 1,
      "magicDamageDealtToChampions": 907,
      "physicalDamageDealtToChampions": 6916,
      "totalDamageDealtToChampions": 8538,
      "trueDamageDealtPlayer": 766,
      "trueDamageDealtToChampions": 714,
      "trueDamageTaken": 760,
      "wardPlaced": 3,
      "totalTimeCrowdControlDealt": 38
    }
  },
  "38852333": {
    "gameId": 825984641,
    "invalid": false,
    "gameMode": "CLASSIC",
    "gameType": "MATCHED_GAME",
    "subType": "RANKED_SOLO_5x5",
    "mapId": 1,
    "teamId": 200,
    "championId": 222,
    "spell1": 4,
    "spell2": 21,
    "level": 30,
    "ipEarned": 80,
    "createDate": 1399030970157,
    "fellowPlayers": [
      {
        "summonerId": 41586092,
        "teamId": 200,
        "championId": 25
      },
      {
        "summonerId": 22289122,
        "teamId": 200,
        "championId": 34
      },
      {
        "summonerId": 36378616,
        "teamId": 200,
        "championId": 59
      },
      {
        "summonerId": 30274476,
        "teamId": 100,
        "championId": 58
      },
      {
        "summonerId": 24094275,
        "teamId": 100,
        "championId": 64
      },
      {
        "summonerId": 30927402,
        "teamId": 100,
        "championId": 51
      },
      {
        "summonerId": 36009540,
        "teamId": 200,
        "championId": 62
      },
      {
        "summonerId": 26672972,
        "teamId": 100,
        "championId": 89
      },
      {
        "summonerId": 42361523,
        "teamId": 100,
        "championId": 157
      }
    ],
    "stats": {
      "level": 15,
      "goldEarned": 15591,
      "numDeaths": 2,
      "barracksKilled": 1,
      "turretsKilled": 6,
      "minionsKilled": 183,
      "championsKilled": 23,
      "goldSpent": 13360,
      "totalDamageDealt": 171232,
      "totalDamageTaken": 21098,
      "doubleKills": 3,
      "tripleKills": 1,
      "killingSprees": 2,
      "largestKillingSpree": 18,
      "team": 200,
      "win": true,
      "neutralMinionsKilled": 20,
      "largestMultiKill": 3,
      "physicalDamageDealtPlayer": 156937,
      "magicDamageDealtPlayer": 12948,
      "physicalDamageTaken": 17254,
      "magicDamageTaken": 2783,
      "largestCriticalStrike": 678,
      "timePlayed": 1642,
      "totalHeal": 2264,
      "totalUnitsHealed": 1,
      "assists": 13,
      "item0": 1038,
      "item1": 3035,
      "item2": 3072,
      "item3": 1037,
      "item4": 3250,
      "item5": 3087,
      "item6": 3341,
      "magicDamageDealtToChampions": 3096,
      "physicalDamageDealtToChampions": 31898,
      "totalDamageDealtToChampions": 35768,
      "trueDamageDealtPlayer": 1346,
      "trueDamageDealtToChampions": 774,
      "trueDamageTaken": 1060,
      "wardPlaced": 4,
      "neutralMinionsKilledEnemyJungle": 7,
      "neutralMinionsKilledYourJungle": 13,
      "totalTimeCrowdControlDealt": 380
    }
  },
  "36009540": {
    "gameId": 825984641,
    "invalid": false,
    "gameMode": "CLASSIC",
    "gameType": "MATCHED_GAME",
    "subType": "RANKED_SOLO_5x5",
    "mapId": 1,
    "teamId": 200,
    "championId": 62,
    "spell1": 4,
    "spell2": 14,
    "level": 30,
    "ipEarned": 80,
    "createDate": 1399030970158,
    "fellowPlayers": [
      {
        "summonerId": 41586092,
        "teamId": 200,
        "championId": 25
      },
      {
        "summonerId": 22289122,
        "teamId": 200,
        "championId": 34
      },
      {
        "summonerId": 38852333,
        "teamId": 200,
        "championId": 222
      },
      {
        "summonerId": 36378616,
        "teamId": 200,
        "championId": 59
      },
      {
        "summonerId": 30274476,
        "teamId": 100,
        "championId": 58
      },
      {
        "summonerId": 24094275,
        "teamId": 100,
        "championId": 64
      },
      {
        "summonerId": 30927402,
        "teamId": 100,
        "championId": 51
      },
      {
        "summonerId": 26672972,
        "teamId": 100,
        "championId": 89
      },
      {
        "summonerId": 42361523,
        "teamId": 100,
        "championId": 157
      }
    ],
    "stats": {
      "level": 14,
      "goldEarned": 9970,
      "numDeaths": 3,
      "turretsKilled": 1,
      "minionsKilled": 114,
      "championsKilled": 3,
      "goldSpent": 9705,
      "totalDamageDealt": 53528,
      "totalDamageTaken": 12394,
      "killingSprees": 1,
      "largestKillingSpree": 3,
      "team": 200,
      "win": true,
      "neutralMinionsKilled": 3,
      "largestMultiKill": 1,
      "physicalDamageDealtPlayer": 51185,
      "magicDamageDealtPlayer": 1748,
      "physicalDamageTaken": 9949,
      "magicDamageTaken": 1747,
      "timePlayed": 1642,
      "totalHeal": 1266,
      "totalUnitsHealed": 1,
      "assists": 19,
      "item0": 1054,
      "item1": 3071,
      "item2": 3143,
      "item3": 3260,
      "item4": 1031,
      "item5": 1011,
      "item6": 3340,
      "magicDamageDealtToChampions": 399,
      "physicalDamageDealtToChampions": 7963,
      "totalDamageDealtToChampions": 8957,
      "trueDamageDealtPlayer": 594,
      "trueDamageDealtToChampions": 594,
      "trueDamageTaken": 697,
      "wardPlaced": 6,
      "neutralMinionsKilledEnemyJungle": 3,
      "totalTimeCrowdControlDealt": 272
    }
  },
  "41586092": {
    "gameId": 825984641,
    "invalid": false,
    "gameMode": "CLASSIC",
    "gameType": "MATCHED_GAME",
    "subType": "RANKED_SOLO_5x5",
    "mapId": 1,
    "teamId": 200,
    "championId": 25,
    "spell1": 4,
    "spell2": 7,
    "level": 30,
    "ipEarned": 230,
    "createDate": 1399030970162,
    "fellowPlayers": [
      {
        "summonerId": 22289122,
        "teamId": 200,
        "championId": 34
      },
      {
        "summonerId": 38852333,
        "teamId": 200,
        "championId": 222
      },
      {
        "summonerId": 36378616,
        "teamId": 200,
        "championId": 59
      },
      {
        "summonerId": 30274476,
        "teamId": 100,
        "championId": 58
      },
      {
        "summonerId": 24094275,
        "teamId": 100,
        "championId": 64
      },
      {
        "summonerId": 30927402,
        "teamId": 100,
        "championId": 51
      },
      {
        "summonerId": 36009540,
        "teamId": 200,
        "championId": 62
      },
      {
        "summonerId": 26672972,
        "teamId": 100,
        "championId": 89
      },
      {
        "summonerId": 42361523,
        "teamId": 100,
        "championId": 157
      }
    ],
    "stats": {
      "level": 14,
      "goldEarned": 10327,
      "numDeaths": 2,
      "turretsKilled": 2,
      "minionsKilled": 15,
      "championsKilled": 4,
      "goldSpent": 9695,
      "totalDamageDealt": 39219,
      "totalDamageTaken": 13082,
      "killingSprees": 1,
      "largestKillingSpree": 3,
      "team": 200,
      "win": true,
      "largestMultiKill": 1,
      "physicalDamageDealtPlayer": 11061,
      "magicDamageDealtPlayer": 28158,
      "physicalDamageTaken": 10566,
      "magicDamageTaken": 2250,
      "timePlayed": 1642,
      "totalHeal": 2774,
      "totalUnitsHealed": 3,
      "assists": 26,
      "item0": 3092,
      "item1": 3157,
      "item2": 3117,
      "item3": 3010,
      "item4": 1026,
      "item6": 3340,
      "sightWardsBought": 3,
      "magicDamageDealtToChampions": 15729,
      "physicalDamageDealtToChampions": 3213,
      "totalDamageDealtToChampions": 18943,
      "trueDamageTaken": 266,
      "wardPlaced": 10,
      "totalTimeCrowdControlDealt": 167
    }
  },
  "24094275": {
    "gameId": 825984641,
    "invalid": false,
    "gameMode": "CLASSIC",
    "gameType": "MATCHED_GAME",
    "subType": "RANKED_SOLO_5x5",
    "mapId": 1,
    "teamId": 100,
    "championId": 64,
    "spell1": 11,
    "spell2": 4,
    "level": 30,
    "ipEarned": 54,
    "createDate": 1399030970149,
    "fellowPlayers": [
      {
        "summonerId": 41586092,
        "teamId": 200,
        "championId": 25
      },
      {
        "summonerId": 22289122,
        "teamId": 200,
        "championId": 34
      },
      {
        "summonerId": 38852333,
        "teamId": 200,
        "championId": 222
      },
      {
        "summonerId": 36378616,
        "teamId": 200,
        "championId": 59
      },
      {
        "summonerId": 30274476,
        "teamId": 100,
        "championId": 58
      },
      {
        "summonerId": 30927402,
        "teamId": 100,
        "championId": 51
      },
      {
        "summonerId": 36009540,
        "teamId": 200,
        "championId": 62
      },
      {
        "summonerId": 26672972,
        "teamId": 100,
        "championId": 89
      },
      {
        "summonerId": 42361523,
        "teamId": 100,
        "championId": 157
      }
    ],
    "stats": {
      "level": 12,
      "goldEarned": 8675,
      "numDeaths": 8,
      "minionsKilled": 37,
      "championsKilled": 7,
      "goldSpent": 7532,
      "totalDamageDealt": 82020,
      "totalDamageTaken": 23488,
      "killingSprees": 2,
      "largestKillingSpree": 2,
      "team": 100,
      "win": false,
      "neutralMinionsKilled": 49,
      "largestMultiKill": 1,
      "physicalDamageDealtPlayer": 54512,
      "magicDamageDealtPlayer": 15399,
      "physicalDamageTaken": 18181,
      "magicDamageTaken": 5161,
      "timePlayed": 1642,
      "totalHeal": 2088,
      "totalUnitsHealed": 1,
      "assists": 4,
      "item0": 3209,
      "item1": 3117,
      "item2": 2049,
      "item3": 3134,
      "item4": 3155,
      "item5": 1011,
      "item6": 3340,
      "magicDamageDealtToChampions": 2437,
      "physicalDamageDealtToChampions": 9642,
      "totalDamageDealtToChampions": 13301,
      "trueDamageDealtPlayer": 12108,
      "trueDamageDealtToChampions": 1221,
      "trueDamageTaken": 146,
      "wardPlaced": 16,
      "neutralMinionsKilledEnemyJungle": 4,
      "neutralMinionsKilledYourJungle": 45,
      "totalTimeCrowdControlDealt": 592
    }
  },
  "26672972": {
    "gameId": 825984641,
    "invalid": false,
    "gameMode": "CLASSIC",
    "gameType": "MATCHED_GAME",
    "subType": "RANKED_SOLO_5x5",
    "mapId": 1,
    "teamId": 100,
    "championId": 89,
    "spell1": 4,
    "spell2": 3,
    "level": 30,
    "ipEarned": 54,
    "createDate": 1399030970150,
    "fellowPlayers": [
      {
        "summonerId": 41586092,
        "teamId": 200,
        "championId": 25
      },
      {
        "summonerId": 22289122,
        "teamId": 200,
        "championId": 34
      },
      {
        "summonerId": 38852333,
        "teamId": 200,
        "championId": 222
      },
      {
        "summonerId": 36378616,
        "teamId": 200,
        "championId": 59
      },
      {
        "summonerId": 30274476,
        "teamId": 100,
        "championId": 58
      },
      {
        "summonerId": 24094275,
        "teamId": 100,
        "championId": 64
      },
      {
        "summonerId": 30927402,
        "teamId": 100,
        "championId": 51
      },
      {
        "summonerId": 36009540,
        "teamId": 200,
        "championId": 62
      },
      {
        "summonerId": 42361523,
        "teamId": 100,
        "championId": 157
      }
    ],
    "stats": {
      "level": 12,
      "goldEarned": 5807,
      "numDeaths": 12,
      "turretsKilled": 1,
      "minionsKilled": 26,
      "championsKilled": 2,
      "goldSpent": 5430,
      "totalDamageDealt": 16862,
      "totalDamageTaken": 28280,
      "doubleKills": 1,
      "killingSprees": 1,
      "largestKillingSpree": 2,
      "team": 100,
      "win": false,
      "largestMultiKill": 2,
      "physicalDamageDealtPlayer": 6756,
      "magicDamageDealtPlayer": 8774,
      "physicalDamageTaken": 15933,
      "magicDamageTaken": 11968,
      "timePlayed": 1642,
      "totalHeal": 2868,
      "totalUnitsHealed": 3,
      "assists": 4,
      "item0": 3401,
      "item1": 2049,
      "item2": 1001,
      "item3": 1011,
      "item4": 3082,
      "item6": 3340,
      "magicDamageDealtToChampions": 4163,
      "physicalDamageDealtToChampions": 2028,
      "totalDamageDealtToChampions": 6192,
      "trueDamageDealtPlayer": 1331,
      "trueDamageTaken": 378,
      "wardPlaced": 9,
      "totalTimeCrowdControlDealt": 84
    }
  },
  "36378616": {
    "gameId": 825984641,
    "invalid": false,
    "gameMode": "CLASSIC",
    "gameType": "MATCHED_GAME",
    "subType": "RANKED_SOLO_5x5",
    "mapId": 1,
    "teamId": 200,
    "championId": 59,
    "spell1": 4,
    "spell2": 11,
    "level": 30,
    "ipEarned": 230,
    "createDate": 1399030970161,
    "fellowPlayers": [
      {
        "summonerId": 41586092,
        "teamId": 200,
        "championId": 25
      },
      {
        "summonerId": 22289122,
        "teamId": 200,
        "championId": 34
      },
      {
        "summonerId": 38852333,
        "teamId": 200,
        "championId": 222
      },
      {
        "summonerId": 30274476,
        "teamId": 100,
        "championId": 58
      },
      {
        "summonerId": 24094275,
        "teamId": 100,
        "championId": 64
      },
      {
        "summonerId": 30927402,
        "teamId": 100,
        "championId": 51
      },
      {
        "summonerId": 36009540,
        "teamId": 200,
        "championId": 62
      },
      {
        "summonerId": 26672972,
        "teamId": 100,
        "championId": 89
      },
      {
        "summonerId": 42361523,
        "teamId": 100,
        "championId": 157
      }
    ],
    "stats": {
      "level": 13,
      "goldEarned": 9268,
      "numDeaths": 5,
      "barracksKilled": 1,
      "minionsKilled": 29,
      "championsKilled": 3,
      "goldSpent": 8370,
      "totalDamageDealt": 64920,
      "totalDamageTaken": 19324,
      "killingSprees": 1,
      "largestKillingSpree": 2,
      "team": 200,
      "win": true,
      "neutralMinionsKilled": 40,
      "largestMultiKill": 1,
      "physicalDamageDealtPlayer": 50135,
      "magicDamageDealtPlayer": 4673,
      "physicalDamageTaken": 16476,
      "magicDamageTaken": 2248,
      "timePlayed": 1642,
      "totalHeal": 3127,
      "totalUnitsHealed": 1,
      "assists": 22,
      "item0": 3207,
      "item1": 3068,
      "item2": 3264,
      "item3": 3082,
      "item4": 1011,
      "item6": 3341,
      "magicDamageDealtToChampions": 679,
      "physicalDamageDealtToChampions": 6283,
      "totalDamageDealtToChampions": 7214,
      "trueDamageDealtPlayer": 10112,
      "trueDamageDealtToChampions": 252,
      "trueDamageTaken": 599,
      "wardKilled": 1,
      "neutralMinionsKilledEnemyJungle": 2,
      "neutralMinionsKilledYourJungle": 38,
      "totalTimeCrowdControlDealt": 301
    }
  },
  "42361523": {
    "gameId": 825984641,
    "invalid": false,
    "gameMode": "CLASSIC",
    "gameType": "MATCHED_GAME",
    "subType": "RANKED_SOLO_5x5",
    "mapId": 1,
    "teamId": 100,
    "championId": 157,
    "spell1": 4,
    "spell2": 14,
    "level": 30,
    "ipEarned": 54,
    "createDate": 1399030970152,
    "fellowPlayers": [
      {
        "summonerId": 41586092,
        "teamId": 200,
        "championId": 25
      },
      {
        "summonerId": 22289122,
        "teamId": 200,
        "championId": 34
      },
      {
        "summonerId": 38852333,
        "teamId": 200,
        "championId": 222
      },
      {
        "summonerId": 36378616,
        "teamId": 200,
        "championId": 59
      },
      {
        "summonerId": 30274476,
        "teamId": 100,
        "championId": 58
      },
      {
        "summonerId": 24094275,
        "teamId": 100,
        "championId": 64
      },
      {
        "summonerId": 30927402,
        "teamId": 100,
        "championId": 51
      },
      {
        "summonerId": 36009540,
        "teamId": 200,
        "championId": 62
      },
      {
        "summonerId": 26672972,
        "teamId": 100,
        "championId": 89
      }
    ],
    "stats": {
      "level": 13,
      "goldEarned": 7760,
      "numDeaths": 8,
      "minionsKilled": 160,
      "championsKilled": 1,
      "goldSpent": 6505,
      "totalDamageDealt": 94157,
      "totalDamageTaken": 17695,
      "team": 100,
      "win": false,
      "largestMultiKill": 1,
      "physicalDamageDealtPlayer": 74468,
      "magicDamageDealtPlayer": 19103,
      "physicalDamageTaken": 8481,
      "magicDamageTaken": 8694,
      "largestCriticalStrike": 381,
      "timePlayed": 1642,
      "assists": 2,
      "item0": 3006,
      "item1": 3087,
      "item2": 1038,
      "item3": 1037,
      "item6": 3340,
      "magicDamageDealtToChampions": 1814,
      "physicalDamageDealtToChampions": 9128,
      "totalDamageDealtToChampions": 11529,
      "trueDamageDealtPlayer": 586,
      "trueDamageDealtToChampions": 586,
      "trueDamageTaken": 520,
      "wardPlaced": 12,
      "totalTimeCrowdControlDealt": 84
    }
  },
  "22289122": {
    "gameId": 825984641,
    "invalid": false,
    "gameMode": "CLASSIC",
    "gameType": "MATCHED_GAME",
    "subType": "RANKED_SOLO_5x5",
    "mapId": 1,
    "teamId": 200,
    "championId": 34,
    "spell1": 4,
    "spell2": 7,
    "level": 30,
    "ipEarned": 230,
    "createDate": 1399030970159,
    "fellowPlayers": [
      {
        "summonerId": 41586092,
        "teamId": 200,
        "championId": 25
      },
      {
        "summonerId": 38852333,
        "teamId": 200,
        "championId": 222
      },
      {
        "summonerId": 36378616,
        "teamId": 200,
        "championId": 59
      },
      {
        "summonerId": 30274476,
        "teamId": 100,
        "championId": 58
      },
      {
        "summonerId": 24094275,
        "teamId": 100,
        "championId": 64
      },
      {
        "summonerId": 30927402,
        "teamId": 100,
        "championId": 51
      },
      {
        "summonerId": 36009540,
        "teamId": 200,
        "championId": 62
      },
      {
        "summonerId": 26672972,
        "teamId": 100,
        "championId": 89
      },
      {
        "summonerId": 42361523,
        "teamId": 100,
        "championId": 157
      }
    ],
    "stats": {
      "level": 15,
      "goldEarned": 10867,
      "numDeaths": 2,
      "turretsKilled": 1,
      "minionsKilled": 105,
      "championsKilled": 9,
      "goldSpent": 9055,
      "totalDamageDealt": 84327,
      "totalDamageTaken": 15602,
      "killingSprees": 2,
      "largestKillingSpree": 5,
      "team": 200,
      "win": true,
      "neutralMinionsKilled": 9,
      "largestMultiKill": 1,
      "physicalDamageDealtPlayer": 8499,
      "magicDamageDealtPlayer": 75348,
      "physicalDamageTaken": 13478,
      "magicDamageTaken": 1859,
      "largestCriticalStrike": 717,
      "timePlayed": 1642,
      "totalHeal": 6390,
      "totalUnitsHealed": 3,
      "assists": 14,
      "item0": 3089,
      "item2": 3255,
      "item3": 3070,
      "item5": 3027,
      "item6": 3340,
      "magicDamageDealtToChampions": 18303,
      "physicalDamageDealtToChampions": 796,
      "totalDamageDealtToChampions": 19250,
      "trueDamageDealtPlayer": 480,
      "trueDamageDealtToChampions": 150,
      "trueDamageTaken": 264,
      "wardPlaced": 2,
      "neutralMinionsKilledYourJungle": 9,
      "totalTimeCrowdControlDealt": 2616
    }
  }
}