{
  "35746972": {
    "gameId": 825979280,
    "invalid": false,
    "gameMode": "CLASSIC",
    "gameType": "MATCHED_GAME",
    "subType": "NORMAL",
    "mapId": 1,
    "teamId": 200,
    "championId": 45,
    "spell1": 7,
    "spell2": 4,
    "level": 30,
    "ipEarned": 81,
    "createDate": 1399030866145,
    "fellowPlayers": [
      {
        "summonerId": 34228316,
        "teamId": 100,
        "championId": 85
      },
      {
        "summonerId": 25333066,
        "teamId": 100,
        "championId": 222
      },
      {
        "summonerId": 38242653,
        "teamId": 200,
        "championId": 85
      },
      {
        "summonerId": 37947595,
        "teamId": 200,
        "championId": 222
      },
      {
        "summonerId": 35706626,
        "teamId": 200,
        "championId": 75
      },
      {
        "summonerId": 39597697,
        "teamId": 100,
        "championId": 412
      },
      {
        "summonerId": 29310424,
        "teamId": 200,
        "championId": 122
      },
      {
        "summonerId": 36835943,
        "teamId": 100,
        "championId": 238
      },
      {
        "summonerId": 20286370,
        "teamId": 100,
        "championId": 80
      }
    ],
    "stats": {
      "level": 18,
      "goldEarned": 16460,
      "numDeaths": 7,
      "turretsKilled": 1,
      "minionsKilled": 226,
      "championsKilled": 17,
      "goldSpent": 16380,
      "totalDamageDealt": 166624,
      "totalDamageTaken": 24373,
      "doubleKills": 1,
      "killingSprees": 3,
      "largestKillingSpree": 7,
      "team": 200,
      "win": false,
      "largestMultiKill": 2,
      "physicalDamageDealtPlayer": 25763,
      "magicDamageDealtPlayer": 140861,
      "physicalDamageTaken": 17342,
      "magicDamageTaken": 6898,
      "timePlayed": 2788,
      "totalHeal": 4016,
      "totalUnitsHealed": 2,
      "assists": 10,
      "item0": 3157,
      "item1": 3089,
      "item2": 3040,
      "item3": 3020,
      "item4": 3128,
      "item5": 3211,
      "item6": 3340,
      "magicDamageDealtToChampions": 39746,
      "physicalDamageDealtToChampions": 808,
      "totalDamageDealtToChampions": 40554,
      "trueDamageTaken": 132,
      "wardPlaced": 1,
      "totalTimeCrowdControlDealt": 127
    }
  },
  "summonerCount": 10,
  "36835943": {
    "gameId": 825979280,
    "invalid": false,
    "gameMode": "CLASSIC",
    "gameType": "MATCHED_GAME",
    "subType": "NORMAL",
    "mapId": 1,
    "teamId": 100,
    "championId": 238,
    "spell1": 4,
    "spell2": 14,
    "level": 30,
    "ipEarned": 124,
    "createDate": 1399030866136,
    "fellowPlayers": [
      {
        "summonerId": 34228316,
        "teamId": 100,
        "championId": 85
      },
      {
        "summonerId": 35746972,
        "teamId": 200,
        "championId": 45
      },
      {
        "summonerId": 25333066,
        "teamId": 100,
        "championId": 222
      },
      {
        "summonerId": 38242653,
        "teamId": 200,
        "championId": 85
      },
      {
        "summonerId": 37947595,
        "teamId": 200,
        "championId": 222
      },
      {
        "summonerId": 35706626,
        "teamId": 200,
        "championId": 75
      },
      {
        "summonerId": 39597697,
        "teamId": 100,
        "championId": 412
      },
      {
        "summonerId": 29310424,
        "teamId": 200,
        "championId": 122
      },
      {
        "summonerId": 20286370,
        "teamId": 100,
        "championId": 80
      }
    ],
    "stats": {
      "level": 18,
      "goldEarned": 18385,
      "numDeaths": 7,
      "turretsKilled": 2,
      "minionsKilled": 183,
      "championsKilled": 16,
      "goldSpent": 17350,
      "totalDamageDealt": 194164,
      "totalDamageTaken": 36459,
      "doubleKills": 2,
      "killingSprees": 6,
      "largestKillingSpree": 3,
      "team": 100,
      "win": true,
      "neutralMinionsKilled": 22,
      "largestMultiKill": 2,
      "physicalDamageDealtPlayer": 187370,
      "magicDamageDealtPlayer": 6253,
      "physicalDamageTaken": 16806,
      "magicDamageTaken": 18026,
      "timePlayed": 2788,
      "totalHeal": 2909,
      "totalUnitsHealed": 1,
      "assists": 5,
      "item0": 3071,
      "item1": 3153,
      "item2": 3270,
      "item3": 3072,
      "item4": 3035,
      "item5": 3022,
      "item6": 3340,
      "magicDamageDealtToChampions": 2429,
      "physicalDamageDealtToChampions": 37533,
      "totalDamageDealtToChampions": 40332,
      "trueDamageDealtPlayer": 540,
      "trueDamageDealtToChampions": 370,
      "trueDamageTaken": 1627,
      "wardPlaced": 31,
      "neutralMinionsKilledEnemyJungle": 11,
      "neutralMinionsKilledYourJungle": 11,
      "totalTimeCrowdControlDealt": 195
    }
  },
  "39597697": {
    "gameId": 825979280,
    "invalid": false,
    "gameMode": "CLASSIC",
    "gameType": "MATCHED_GAME",
    "subType": "NORMAL",
    "mapId": 1,
    "teamId": 100,
    "championId": 412,
    "spell1": 4,
    "spell2": 7,
    "level": 30,
    "ipEarned": 274,
    "createDate": 1399030866140,
    "fellowPlayers": [
      {
        "summonerId": 34228316,
        "teamId": 100,
        "championId": 85
      },
      {
        "summonerId": 35746972,
        "teamId": 200,
        "championId": 45
      },
      {
        "summonerId": 25333066,
        "teamId": 100,
        "championId": 222
      },
      {
        "summonerId": 38242653,
        "teamId": 200,
        "championId": 85
      },
      {
        "summonerId": 37947595,
        "teamId": 200,
        "championId": 222
      },
      {
        "summonerId": 35706626,
        "teamId": 200,
        "championId": 75
      },
      {
        "summonerId": 29310424,
        "teamId": 200,
        "championId": 122
      },
      {
        "summonerId": 36835943,
        "teamId": 100,
        "championId": 238
      },
      {
        "summonerId": 20286370,
        "teamId": 100,
        "championId": 80
      }
    ],
    "stats": {
      "level": 18,
      "goldEarned": 13888,
      "numDeaths": 15,
      "minionsKilled": 70,
      "championsKilled": 3,
      "goldSpent": 12040,
      "totalDamageDealt": 78528,
      "totalDamageTaken": 46204,
      "team": 100,
      "win": true,
      "neutralMinionsKilled": 8,
      "largestMultiKill": 1,
      "physicalDamageDealtPlayer": 16557,
      "magicDamageDealtPlayer": 61971,
      "physicalDamageTaken": 24278,
      "magicDamageTaken": 19907,
      "largestCriticalStrike": 148,
      "timePlayed": 2788,
      "totalHeal": 5705,
      "totalUnitsHealed": 3,
      "assists": 17,
      "item0": 3069,
      "item1": 3102,
      "item2": 3068,
      "item3": 3083,
      "item4": 1029,
      "item5": 3117,
      "item6": 3340,
      "magicDamageDealtToChampions": 14640,
      "physicalDamageDealtToChampions": 1974,
      "totalDamageDealtToChampions": 16615,
      "trueDamageTaken": 2019,
      "wardPlaced": 12,
      "neutralMinionsKilledEnemyJungle": 7,
      "neutralMinionsKilledYourJungle": 1,
      "totalTimeCrowdControlDealt": 281
    }
  },
  "20286370": {
    "gameId": 825979280,
    "invalid": false,
    "gameMode": "CLASSIC",
    "gameType": "MATCHED_GAME",
    "subType": "NORMAL",
    "mapId": 1,
    "teamId": 100,
    "championId": 80,
    "spell1": 14,
    "spell2": 4,
    "level": 30,
    "ipEarned": 274,
    "createDate": 1399030866137,
    "fellowPlayers": [
      {
        "summonerId": 34228316,
        "teamId": 100,
        "championId": 85
      },
      {
        "summonerId": 35746972,
        "teamId": 200,
        "championId": 45
      },
      {
        "summonerId": 25333066,
        "teamId": 100,
        "championId": 222
      },
      {
        "summonerId": 38242653,
        "teamId": 200,
        "championId": 85
      },
      {
        "summonerId": 37947595,
        "teamId": 200,
        "championId": 222
      },
      {
        "summonerId": 35706626,
        "teamId": 200,
        "championId": 75
      },
      {
        "summonerId": 39597697,
        "teamId": 100,
        "championId": 412
      },
      {
        "summonerId": 29310424,
        "teamId": 200,
        "championId": 122
      },
      {
        "summonerId": 36835943,
        "teamId": 100,
        "championId": 238
      }
    ],
    "stats": {
      "level": 18,
      "goldEarned": 16894,
      "numDeaths": 12,
      "barracksKilled": 1,
      "turretsKilled": 1,
      "minionsKilled": 218,
      "championsKilled": 11,
      "goldSpent": 15750,
      "totalDamageDealt": 190577,
      "totalDamageTaken": 39921,
      "doubleKills": 1,
      "killingSprees": 4,
      "largestKillingSpree": 3,
      "team": 100,
      "win": true,
      "neutralMinionsKilled": 5,
      "largestMultiKill": 2,
      "physicalDamageDealtPlayer": 187803,
      "magicDamageDealtPlayer": 2321,
      "physicalDamageTaken": 21984,
      "magicDamageTaken": 14917,
      "largestCriticalStrike": 919,
      "timePlayed": 2788,
      "totalHeal": 3990,
      "totalUnitsHealed": 1,
      "assists": 4,
      "item0": 3074,
      "item1": 3072,
      "item2": 3026,
      "item3": 3270,
      "item4": 3071,
      "item5": 1037,
      "item6": 3340,
      "magicDamageDealtToChampions": 2152,
      "physicalDamageDealtToChampions": 24766,
      "totalDamageDealtToChampions": 27229,
      "trueDamageDealtPlayer": 454,
      "trueDamageDealtToChampions": 310,
      "trueDamageTaken": 3020,
      "wardKilled": 1,
      "wardPlaced": 1,
      "neutralMinionsKilledEnemyJungle": 3,
      "neutralMinionsKilledYourJungle": 2,
      "totalTimeCrowdControlDealt": 47
    }
  },
  "35706626": {
    "gameId": 825979280,
    "invalid": false,
    "gameMode": "CLASSIC",
    "gameType": "MATCHED_GAME",
    "subType": "NORMAL",
    "mapId": 1,
    "teamId": 200,
    "championId": 75,
    "spell1": 21,
    "spell2": 14,
    "level": 30,
    "ipEarned": 81,
    "createDate": 1399030866144,
    "fellowPlayers": [
      {
        "summonerId": 34228316,
        "teamId": 100,
        "championId": 85
      },
      {
        "summonerId": 35746972,
        "teamId": 200,
        "championId": 45
      },
      {
        "summonerId": 25333066,
        "teamId": 100,
        "championId": 222
      },
      {
        "summonerId": 38242653,
        "teamId": 200,
        "championId": 85
      },
      {
        "summonerId": 37947595,
        "teamId": 200,
        "championId": 222
      },
      {
        "summonerId": 39597697,
        "teamId": 100,
        "championId": 412
      },
      {
        "summonerId": 29310424,
        "teamId": 200,
        "championId": 122
      },
      {
        "summonerId": 36835943,
        "teamId": 100,
        "championId": 238
      },
      {
        "summonerId": 20286370,
        "teamId": 100,
        "championId": 80
      }
    ],
    "stats": {
      "level": 10,
      "goldEarned": 7548,
      "numDeaths": 5,
      "minionsKilled": 27,
      "championsKilled": 1,
      "goldSpent": 7255,
      "totalDamageDealt": 17911,
      "totalDamageTaken": 15189,
      "team": 200,
      "win": false,
      "largestMultiKill": 1,
      "physicalDamageDealtPlayer": 11712,
      "magicDamageDealtPlayer": 5878,
      "physicalDamageTaken": 11588,
      "magicDamageTaken": 3601,
      "timePlayed": 2788,
      "totalHeal": 44,
      "totalUnitsHealed": 1,
      "assists": 3,
      "item0": 1054,
      "item1": 3074,
      "item2": 3083,
      "item3": 2003,
      "item4": 1028,
      "item5": 1006,
      "item6": 3340,
      "magicDamageDealtToChampions": 2093,
      "physicalDamageDealtToChampions": 1999,
      "totalDamageDealtToChampions": 4413,
      "trueDamageDealtPlayer": 320,
      "trueDamageDealtToChampions": 320,
      "totalTimeCrowdControlDealt": 45
    }
  },
  "34228316": {
    "gameId": 825979280,
    "invalid": false,
    "gameMode": "CLASSIC",
    "gameType": "MATCHED_GAME",
    "subType": "NORMAL",
    "mapId": 1,
    "teamId": 100,
    "championId": 85,
    "spell1": 4,
    "spell2": 7,
    "level": 30,
    "ipEarned": 274,
    "createDate": 1399030866138,
    "fellowPlayers": [
      {
        "summonerId": 35746972,
        "teamId": 200,
        "championId": 45
      },
      {
        "summonerId": 25333066,
        "teamId": 100,
        "championId": 222
      },
      {
        "summonerId": 38242653,
        "teamId": 200,
        "championId": 85
      },
      {
        "summonerId": 37947595,
        "teamId": 200,
        "championId": 222
      },
      {
        "summonerId": 35706626,
        "teamId": 200,
        "championId": 75
      },
      {
        "summonerId": 39597697,
        "teamId": 100,
        "championId": 412
      },
      {
        "summonerId": 29310424,
        "teamId": 200,
        "championId": 122
      },
      {
        "summonerId": 36835943,
        "teamId": 100,
        "championId": 238
      },
      {
        "summonerId": 20286370,
        "teamId": 100,
        "championId": 80
      }
    ],
    "stats": {
      "level": 16,
      "goldEarned": 13431,
      "numDeaths": 15,
      "barracksKilled": 1,
      "turretsKilled": 2,
      "minionsKilled": 70,
      "championsKilled": 3,
      "goldSpent": 12970,
      "totalDamageDealt": 73616,
      "totalDamageTaken": 37954,
      "team": 100,
      "win": true,
      "largestMultiKill": 1,
      "physicalDamageDealtPlayer": 27710,
      "magicDamageDealtPlayer": 45906,
      "physicalDamageTaken": 15772,
      "magicDamageTaken": 19322,
      "timePlayed": 2788,
      "totalHeal": 4318,
      "totalUnitsHealed": 4,
      "assists": 17,
      "item0": 3157,
      "item1": 3151,
      "item2": 3259,
      "item3": 3116,
      "item4": 1057,
      "item5": 1026,
      "item6": 3340,
      "magicDamageDealtToChampions": 28537,
      "physicalDamageDealtToChampions": 3400,
      "totalDamageDealtToChampions": 31937,
      "trueDamageTaken": 2859,
      "wardPlaced": 13,
      "totalTimeCrowdControlDealt": 27
    }
  },
  "37947595": {
    "gameId": 825979280,
    "invalid": false,
    "gameMode": "CLASSIC",
    "gameType": "MATCHED_GAME",
    "subType": "NORMAL",
    "mapId": 1,
    "teamId": 200,
    "championId": 222,
    "spell1": 4,
    "spell2": 14,
    "level": 30,
    "ipEarned": 81,
    "createDate": 1399030866141,
    "fellowPlayers": [
      {
        "summonerId": 34228316,
        "teamId": 100,
        "championId": 85
      },
      {
        "summonerId": 35746972,
        "teamId": 200,
        "championId": 45
      },
      {
        "summonerId": 25333066,
        "teamId": 100,
        "championId": 222
      },
      {
        "summonerId": 38242653,
        "teamId": 200,
        "championId": 85
      },
      {
        "summonerId": 35706626,
        "teamId": 200,
        "championId": 75
      },
      {
        "summonerId": 39597697,
        "teamId": 100,
        "championId": 412
      },
      {
        "summonerId": 29310424,
        "teamId": 200,
        "championId": 122
      },
      {
        "summonerId": 36835943,
        "teamId": 100,
        "championId": 238
      },
      {
        "summonerId": 20286370,
        "teamId": 100,
        "championId": 80
      }
    ],
    "stats": {
      "level": 18,
      "goldEarned": 17621,
      "numDeaths": 8,
      "turretsKilled": 1,
      "minionsKilled": 198,
      "championsKilled": 15,
      "goldSpent": 17450,
      "totalDamageDealt": 230086,
      "totalDamageTaken": 33747,
      "doubleKills": 1,
      "killingSprees": 3,
      "largestKillingSpree": 6,
      "team": 200,
      "win": false,
      "neutralMinionsKilled": 28,
      "largestMultiKill": 2,
      "physicalDamageDealtPlayer": 191811,
      "magicDamageDealtPlayer": 35798,
      "physicalDamageTaken": 23613,
      "magicDamageTaken": 10060,
      "largestCriticalStrike": 804,
      "timePlayed": 2788,
      "totalHeal": 5292,
      "totalUnitsHealed": 1,
      "assists": 19,
      "item0": 3087,
      "item1": 3250,
      "item2": 3022,
      "item3": 3072,
      "item4": 3031,
      "item5": 3046,
      "item6": 3340,
      "magicDamageDealtToChampions": 6587,
      "physicalDamageDealtToChampions": 36511,
      "totalDamageDealtToChampions": 45214,
      "trueDamageDealtPlayer": 2476,
      "trueDamageDealtToChampions": 2116,
      "trueDamageTaken": 74,
      "wardPlaced": 15,
      "neutralMinionsKilledEnemyJungle": 2,
      "neutralMinionsKilledYourJungle": 26,
      "totalTimeCrowdControlDealt": 595
    }
  },
  "29310424": {
    "gameId": 825979280,
    "invalid": false,
    "gameMode": "CLASSIC",
    "gameType": "MATCHED_GAME",
    "subType": "NORMAL",
    "mapId": 1,
    "teamId": 200,
    "championId": 122,
    "spell1": 14,
    "spell2": 4,
    "level": 30,
    "ipEarned": 81,
    "createDate": 1399030866142,
    "fellowPlayers": [
      {
        "summonerId": 34228316,
        "teamId": 100,
        "championId": 85
      },
      {
        "summonerId": 35746972,
        "teamId": 200,
        "championId": 45
      },
      {
        "summonerId": 25333066,
        "teamId": 100,
        "championId": 222
      },
      {
        "summonerId": 38242653,
        "teamId": 200,
        "championId": 85
      },
      {
        "summonerId": 37947595,
        "teamId": 200,
        "championId": 222
      },
      {
        "summonerId": 35706626,
        "teamId": 200,
        "championId": 75
      },
      {
        "summonerId": 39597697,
        "teamId": 100,
        "championId": 412
      },
      {
        "summonerId": 36835943,
        "teamId": 100,
        "championId": 238
      },
      {
        "summonerId": 20286370,
        "teamId": 100,
        "championId": 80
      }
    ],
    "stats": {
      "level": 18,
      "goldEarned": 15350,
      "numDeaths": 12,
      "minionsKilled": 144,
      "championsKilled": 15,
      "goldSpent": 14868,
      "totalDamageDealt": 158149,
      "totalDamageTaken": 53743,
      "killingSprees": 5,
      "largestKillingSpree": 4,
      "team": 200,
      "win": false,
      "neutralMinionsKilled": 18,
      "largestMultiKill": 1,
      "physicalDamageDealtPlayer": 140152,
      "magicDamageDealtPlayer": 11373,
      "physicalDamageTaken": 37016,
      "magicDamageTaken": 16413,
      "largestCriticalStrike": 736,
      "timePlayed": 2788,
      "totalHeal": 6965,
      "totalUnitsHealed": 1,
      "assists": 11,
      "item0": 3022,
      "item1": 3260,
      "item2": 3078,
      "item3": 3074,
      "item4": 3035,
      "item6": 3340,
      "magicDamageDealtToChampions": 4286,
      "physicalDamageDealtToChampions": 19627,
      "totalDamageDealtToChampions": 30537,
      "trueDamageDealtPlayer": 6623,
      "trueDamageDealtToChampions": 6623,
      "trueDamageTaken": 314,
      "wardPlaced": 7,
      "neutralMinionsKilledEnemyJungle": 1,
      "neutralMinionsKilledYourJungle": 17,
      "totalTimeCrowdControlDealt": 366
    }
  },
  "38242653": {
    "gameId": 825979280,
    "invalid": false,
    "gameMode": "CLASSIC",
    "gameType": "MATCHED_GAME",
    "subType": "NORMAL",
    "mapId": 1,
    "teamId": 200,
    "championId": 85,
    "spell1": 4,
    "spell2": 14,
    "level": 30,
    "ipEarned": 81,
    "createDate": 1399030866146,
    "fellowPlayers": [
      {
        "summonerId": 34228316,
        "teamId": 100,
        "championId": 85
      },
      {
        "summonerId": 35746972,
        "teamId": 200,
        "championId": 45
      },
      {
        "summonerId": 25333066,
        "teamId": 100,
        "championId": 222
      },
      {
        "summonerId": 37947595,
        "teamId": 200,
        "championId": 222
      },
      {
        "summonerId": 35706626,
        "teamId": 200,
        "championId": 75
      },
      {
        "summonerId": 39597697,
        "teamId": 100,
        "championId": 412
      },
      {
        "summonerId": 29310424,
        "teamId": 200,
        "championId": 122
      },
      {
        "summonerId": 36835943,
        "teamId": 100,
        "championId": 238
      },
      {
        "summonerId": 20286370,
        "teamId": 100,
        "championId": 80
      }
    ],
    "stats": {
      "level": 18,
      "goldEarned": 15671,
      "numDeaths": 6,
      "turretsKilled": 1,
      "minionsKilled": 101,
      "championsKilled": 14,
      "goldSpent": 14870,
      "totalDamageDealt": 116728,
      "totalDamageTaken": 34228,
      "doubleKills": 2,
      "killingSprees": 3,
      "largestKillingSpree": 4,
      "team": 200,
      "win": false,
      "neutralMinionsKilled": 5,
      "largestMultiKill": 2,
      "physicalDamageDealtPlayer": 23065,
      "magicDamageDealtPlayer": 92574,
      "physicalDamageTaken": 21829,
      "magicDamageTaken": 12049,
      "timePlayed": 2788,
      "totalHeal": 503,
      "totalUnitsHealed": 1,
      "assists": 20,
      "item0": 3255,
      "item1": 3157,
      "item2": 3152,
      "item3": 3089,
      "item4": 3116,
      "item5": 1026,
      "item6": 3340,
      "magicDamageDealtToChampions": 30251,
      "physicalDamageDealtToChampions": 3205,
      "totalDamageDealtToChampions": 34504,
      "trueDamageDealtPlayer": 1088,
      "trueDamageDealtToChampions": 1048,
      "trueDamageTaken": 350,
      "wardPlaced": 10,
      "neutralMinionsKilledEnemyJungle": 2,
      "neutralMinionsKilledYourJungle": 3,
      "totalTimeCrowdControlDealt": 77
    }
  },
  "25333066": {
    "gameId": 825979280,
    "invalid": false,
    "gameMode": "CLASSIC",
    "gameType": "MATCHED_GAME",
    "subType": "NORMAL",
    "mapId": 1,
    "teamId": 100,
    "championId": 222,
    "spell1": 4,
    "spell2": 7,
    "level": 30,
    "ipEarned": 274,
    "createDate": 1399030866139,
    "fellowPlayers": [
      {
        "summonerId": 34228316,
        "teamId": 100,
        "championId": 85
      },
      {
        "summonerId": 35746972,
        "teamId": 200,
        "championId": 45
      },
      {
        "summonerId": 38242653,
        "teamId": 200,
        "championId": 85
      },
      {
        "summonerId": 37947595,
        "teamId": 200,
        "championId": 222
      },
      {
        "summonerId": 35706626,
        "teamId": 200,
        "championId": 75
      },
      {
        "summonerId": 39597697,
        "teamId": 100,
        "championId": 412
      },
      {
        "summonerId": 29310424,
        "teamId": 200,
        "championId": 122
      },
      {
        "summonerId": 36835943,
        "teamId": 100,
        "championId": 238
      },
      {
        "summonerId": 20286370,
        "teamId": 100,
        "championId": 80
      }
    ],
    "stats": {
      "level": 18,
      "goldEarned": 14394,
      "numDeaths": 13,
      "barracksKilled": 2,
      "turretsKilled": 5,
      "minionsKilled": 162,
      "championsKilled": 5,
      "goldSpent": 14450,
      "totalDamageDealt": 163608,
      "totalDamageTaken": 36548,
      "killingSprees": 1,
      "largestKillingSpree": 2,
      "team": 100,
      "win": true,
      "neutralMinionsKilled": 21,
      "largestMultiKill": 1,
      "physicalDamageDealtPlayer": 161045,
      "magicDamageDealtPlayer": 2060,
      "physicalDamageTaken": 20795,
      "magicDamageTaken": 13805,
      "largestCriticalStrike": 866,
      "timePlayed": 2788,
      "totalHeal": 3499,
      "totalUnitsHealed": 3,
      "assists": 6,
      "item0": 3072,
      "item1": 3006,
      "item2": 3031,
      "item3": 3072,
      "item4": 3086,
      "item5": 1042,
      "item6": 3340,
      "magicDamageDealtToChampions": 1262,
      "physicalDamageDealtToChampions": 18379,
      "totalDamageDealtToChampions": 19832,
      "trueDamageDealtPlayer": 502,
      "trueDamageDealtToChampions": 190,
      "trueDamageTaken": 1947,
      "wardPlaced": 10,
      "neutralMinionsKilledEnemyJungle": 11,
      "neutralMinionsKilledYourJungle": 10,
      "totalTimeCrowdControlDealt": 189
    }
  }
}