{
  "27714085": {
    "gameId": 825976682,
    "invalid": false,
    "gameMode": "CLASSIC",
    "gameType": "MATCHED_GAME",
    "subType": "RANKED_SOLO_5x5",
    "mapId": 1,
    "teamId": 100,
    "championId": 51,
    "spell1": 7,
    "spell2": 4,
    "level": 30,
    "ipEarned": 60,
    "createDate": 1399031196503,
    "fellowPlayers": [
      {
        "summonerId": 28956493,
        "teamId": 200,
        "championId": 18
      },
      {
        "summonerId": 34485412,
        "teamId": 200,
        "championId": 12
      },
      {
        "summonerId": 21393521,
        "teamId": 100,
        "championId": 11
      },
      {
        "summonerId": 25211267,
        "teamId": 200,
        "championId": 13
      },
      {
        "summonerId": 40382333,
        "teamId": 100,
        "championId": 23
      },
      {
        "summonerId": 41315047,
        "teamId": 200,
        "championId": 77
      },
      {
        "summonerId": 34573310,
        "teamId": 200,
        "championId": 7
      },
      {
        "summonerId": 42423453,
        "teamId": 100,
        "championId": 1
      },
      {
        "summonerId": 20206038,
        "teamId": 100,
        "championId": 68
      }
    ],
    "stats": {
      "level": 14,
      "goldEarned": 9495,
      "numDeaths": 4,
      "minionsKilled": 177,
      "championsKilled": 4,
      "goldSpent": 9495,
      "totalDamageDealt": 112458,
      "totalDamageTaken": 15475,
      "killingSprees": 1,
      "largestKillingSpree": 2,
      "team": 100,
      "win": false,
      "neutralMinionsKilled": 6,
      "largestMultiKill": 1,
      "physicalDamageDealtPlayer": 111363,
      "magicDamageDealtPlayer": 884,
      "physicalDamageTaken": 5981,
      "magicDamageTaken": 8937,
      "largestCriticalStrike": 714,
      "timePlayed": 1897,
      "totalHeal": 2236,
      "totalUnitsHealed": 3,
      "assists": 5,
      "item0": 1055,
      "item1": 3072,
      "item2": 3006,
      "item3": 3046,
      "item5": 1038,
      "item6": 3340,
      "magicDamageDealtToChampions": 884,
      "physicalDamageDealtToChampions": 13704,
      "totalDamageDealtToChampions": 14718,
      "trueDamageDealtPlayer": 210,
      "trueDamageDealtToChampions": 130,
      "trueDamageTaken": 556,
      "wardPlaced": 2,
      "neutralMinionsKilledYourJungle": 6,
      "totalTimeCrowdControlDealt": 124
    }
  },
  "summonerCount": 10,
  "21393521": {
    "gameId": 825976682,
    "invalid": false,
    "gameMode": "CLASSIC",
    "gameType": "MATCHED_GAME",
    "subType": "RANKED_SOLO_5x5",
    "mapId": 1,
    "teamId": 100,
    "championId": 11,
    "spell1": 4,
    "spell2": 11,
    "level": 30,
    "ipEarned": 60,
    "createDate": 1399031196498,
    "fellowPlayers": [
      {
        "summonerId": 28956493,
        "teamId": 200,
        "championId": 18
      },
      {
        "summonerId": 34485412,
        "teamId": 200,
        "championId": 12
      },
      {
        "summonerId": 27714085,
        "teamId": 100,
        "championId": 51
      },
      {
        "summonerId": 25211267,
        "teamId": 200,
        "championId": 13
      },
      {
        "summonerId": 40382333,
        "teamId": 100,
        "championId": 23
      },
      {
        "summonerId": 41315047,
        "teamId": 200,
        "championId": 77
      },
      {
        "summonerId": 34573310,
        "teamId": 200,
        "championId": 7
      },
      {
        "summonerId": 42423453,
        "teamId": 100,
        "championId": 1
      },
      {
        "summonerId": 20206038,
        "teamId": 100,
        "championId": 68
      }
    ],
    "stats": {
      "level": 12,
      "goldEarned": 7350,
      "numDeaths": 13,
      "minionsKilled": 17,
      "championsKilled": 5,
      "goldSpent": 9450,
      "totalDamageDealt": 51911,
      "totalDamageTaken": 25942,
      "team": 100,
      "win": false,
      "neutralMinionsKilled": 43,
      "largestMultiKill": 1,
      "physicalDamageDealtPlayer": 42643,
      "magicDamageDealtPlayer": 565,
      "physicalDamageTaken": 14392,
      "magicDamageTaken": 11029,
      "largestCriticalStrike": 139,
      "timePlayed": 1897,
      "totalHeal": 5253,
      "totalUnitsHealed": 1,
      "assists": 6,
      "item0": 3209,
      "item1": 3006,
      "item2": 1038,
      "item3": 3086,
      "item6": 3342,
      "magicDamageDealtToChampions": 37,
      "physicalDamageDealtToChampions": 5507,
      "totalDamageDealtToChampions": 7806,
      "trueDamageDealtPlayer": 8702,
      "trueDamageDealtToChampions": 2261,
      "trueDamageTaken": 520,
      "neutralMinionsKilledYourJungle": 43,
      "totalTimeCrowdControlDealt": 121
    }
  },
  "34573310": {
    "gameId": 825976682,
    "invalid": false,
    "gameMode": "CLASSIC",
    "gameType": "MATCHED_GAME",
    "subType": "RANKED_SOLO_5x5",
    "mapId": 1,
    "teamId": 200,
    "championId": 7,
    "spell1": 14,
    "spell2": 4,
    "level": 30,
    "ipEarned": 89,
    "createDate": 1399031196512,
    "fellowPlayers": [
      {
        "summonerId": 28956493,
        "teamId": 200,
        "championId": 18
      },
      {
        "summonerId": 34485412,
        "teamId": 200,
        "championId": 12
      },
      {
        "summonerId": 27714085,
        "teamId": 100,
        "championId": 51
      },
      {
        "summonerId": 21393521,
        "teamId": 100,
        "championId": 11
      },
      {
        "summonerId": 25211267,
        "teamId": 200,
        "championId": 13
      },
      {
        "summonerId": 40382333,
        "teamId": 100,
        "championId": 23
      },
      {
        "summonerId": 41315047,
        "teamId": 200,
        "championId": 77
      },
      {
        "summonerId": 42423453,
        "teamId": 100,
        "championId": 1
      },
      {
        "summonerId": 20206038,
        "teamId": 100,
        "championId": 68
      }
    ],
    "stats": {
      "level": 15,
      "goldEarned": 14608,
      "numDeaths": 4,
      "minionsKilled": 66,
      "championsKilled": 24,
      "goldSpent": 15550,
      "totalDamageDealt": 66044,
      "totalDamageTaken": 12936,
      "doubleKills": 1,
      "killingSprees": 3,
      "largestKillingSpree": 19,
      "team": 200,
      "win": true,
      "neutralMinionsKilled": 1,
      "largestMultiKill": 2,
      "physicalDamageDealtPlayer": 20523,
      "magicDamageDealtPlayer": 44428,
      "physicalDamageTaken": 7488,
      "magicDamageTaken": 5132,
      "timePlayed": 1897,
      "assists": 7,
      "item0": 3128,
      "item1": 3157,
      "item2": 3027,
      "item3": 3020,
      "item4": 3089,
      "item5": 1056,
      "item6": 3340,
      "magicDamageDealtToChampions": 28070,
      "physicalDamageDealtToChampions": 2598,
      "totalDamageDealtToChampions": 31160,
      "trueDamageDealtPlayer": 1092,
      "trueDamageDealtToChampions": 492,
      "trueDamageTaken": 315,
      "wardPlaced": 11,
      "neutralMinionsKilledYourJungle": 1,
      "totalTimeCrowdControlDealt": 226
    }
  },
  "25211267": {
    "gameId": 825976682,
    "invalid": false,
    "gameMode": "CLASSIC",
    "gameType": "MATCHED_GAME",
    "subType": "RANKED_SOLO_5x5",
    "mapId": 1,
    "teamId": 200,
    "championId": 13,
    "spell1": 4,
    "spell2": 14,
    "level": 30,
    "ipEarned": 89,
    "createDate": 1399031196506,
    "fellowPlayers": [
      {
        "summonerId": 28956493,
        "teamId": 200,
        "championId": 18
      },
      {
        "summonerId": 34485412,
        "teamId": 200,
        "championId": 12
      },
      {
        "summonerId": 27714085,
        "teamId": 100,
        "championId": 51
      },
      {
        "summonerId": 21393521,
        "teamId": 100,
        "championId": 11
      },
      {
        "summonerId": 40382333,
        "teamId": 100,
        "championId": 23
      },
      {
        "summonerId": 41315047,
        "teamId": 200,
        "championId": 77
      },
      {
        "summonerId": 34573310,
        "teamId": 200,
        "championId": 7
      },
      {
        "summonerId": 42423453,
        "teamId": 100,
        "championId": 1
      },
      {
        "summonerId": 20206038,
        "teamId": 100,
        "championId": 68
      }
    ],
    "stats": {
      "level": 15,
      "goldEarned": 10753,
      "numDeaths": 3,
      "turretsKilled": 1,
      "minionsKilled": 162,
      "championsKilled": 6,
      "goldSpent": 10910,
      "totalDamageDealt": 98534,
      "totalDamageTaken": 13715,
      "doubleKills": 1,
      "killingSprees": 3,
      "largestKillingSpree": 2,
      "team": 200,
      "win": true,
      "largestMultiKill": 2,
      "physicalDamageDealtPlayer": 28261,
      "magicDamageDealtPlayer": 69751,
      "physicalDamageTaken": 8700,
      "magicDamageTaken": 3972,
      "timePlayed": 1897,
      "totalHeal": 179,
      "totalUnitsHealed": 1,
      "assists": 3,
      "item0": 3110,
      "item1": 3003,
      "item2": 3047,
      "item3": 3027,
      "item4": 3067,
      "item6": 3340,
      "magicDamageDealtToChampions": 17187,
      "physicalDamageDealtToChampions": 2217,
      "totalDamageDealtToChampions": 19925,
      "trueDamageDealtPlayer": 520,
      "trueDamageDealtToChampions": 520,
      "trueDamageTaken": 1043,
      "wardPlaced": 3,
      "totalTimeCrowdControlDealt": 1341
    }
  },
  "28956493": {
    "gameId": 825976682,
    "invalid": false,
    "gameMode": "CLASSIC",
    "gameType": "MATCHED_GAME",
    "subType": "RANKED_SOLO_5x5",
    "mapId": 1,
    "teamId": 200,
    "championId": 18,
    "spell1": 7,
    "spell2": 4,
    "level": 30,
    "ipEarned": 239,
    "createDate": 1399031196510,
    "fellowPlayers": [
      {
        "summonerId": 34485412,
        "teamId": 200,
        "championId": 12
      },
      {
        "summonerId": 27714085,
        "teamId": 100,
        "championId": 51
      },
      {
        "summonerId": 21393521,
        "teamId": 100,
        "championId": 11
      },
      {
        "summonerId": 25211267,
        "teamId": 200,
        "championId": 13
      },
      {
        "summonerId": 40382333,
        "teamId": 100,
        "championId": 23
      },
      {
        "summonerId": 41315047,
        "teamId": 200,
        "championId": 77
      },
      {
        "summonerId": 34573310,
        "teamId": 200,
        "championId": 7
      },
      {
        "summonerId": 42423453,
        "teamId": 100,
        "championId": 1
      },
      {
        "summonerId": 20206038,
        "teamId": 100,
        "championId": 68
      }
    ],
    "stats": {
      "level": 15,
      "goldEarned": 11754,
      "numDeaths": 4,
      "barracksKilled": 2,
      "turretsKilled": 2,
      "minionsKilled": 119,
      "championsKilled": 8,
      "goldSpent": 10355,
      "totalDamageDealt": 105008,
      "totalDamageTaken": 19535,
      "doubleKills": 1,
      "killingSprees": 2,
      "largestKillingSpree": 4,
      "team": 200,
      "win": true,
      "neutralMinionsKilled": 7,
      "largestMultiKill": 2,
      "physicalDamageDealtPlayer": 81014,
      "magicDamageDealtPlayer": 23884,
      "physicalDamageTaken": 14170,
      "magicDamageTaken": 4601,
      "largestCriticalStrike": 522,
      "timePlayed": 1897,
      "totalHeal": 2928,
      "totalUnitsHealed": 3,
      "assists": 10,
      "item0": 3153,
      "item1": 3006,
      "item2": 3031,
      "item3": 1036,
      "item4": 1038,
      "item6": 3340,
      "magicDamageDealtToChampions": 5700,
      "physicalDamageDealtToChampions": 14042,
      "totalDamageDealtToChampions": 19853,
      "trueDamageDealtPlayer": 110,
      "trueDamageDealtToChampions": 110,
      "trueDamageTaken": 762,
      "wardPlaced": 4,
      "neutralMinionsKilledEnemyJungle": 3,
      "neutralMinionsKilledYourJungle": 4,
      "totalTimeCrowdControlDealt": 54
    }
  },
  "40382333": {
    "gameId": 825976682,
    "invalid": false,
    "gameMode": "CLASSIC",
    "gameType": "MATCHED_GAME",
    "subType": "RANKED_SOLO_5x5",
    "mapId": 1,
    "teamId": 100,
    "championId": 23,
    "spell1": 14,
    "spell2": 4,
    "level": 30,
    "ipEarned": 60,
    "createDate": 1399031196500,
    "fellowPlayers": [
      {
        "summonerId": 28956493,
        "teamId": 200,
        "championId": 18
      },
      {
        "summonerId": 34485412,
        "teamId": 200,
        "championId": 12
      },
      {
        "summonerId": 27714085,
        "teamId": 100,
        "championId": 51
      },
      {
        "summonerId": 21393521,
        "teamId": 100,
        "championId": 11
      },
      {
        "summonerId": 25211267,
        "teamId": 200,
        "championId": 13
      },
      {
        "summonerId": 41315047,
        "teamId": 200,
        "championId": 77
      },
      {
        "summonerId": 34573310,
        "teamId": 200,
        "championId": 7
      },
      {
        "summonerId": 42423453,
        "teamId": 100,
        "championId": 1
      },
      {
        "summonerId": 20206038,
        "teamId": 100,
        "championId": 68
      }
    ],
    "stats": {
      "level": 13,
      "goldEarned": 7083,
      "numDeaths": 9,
      "minionsKilled": 84,
      "goldSpent": 6805,
      "totalDamageDealt": 76019,
      "totalDamageTaken": 32502,
      "team": 100,
      "win": false,
      "neutralMinionsKilled": 13,
      "physicalDamageDealtPlayer": 71473,
      "magicDamageDealtPlayer": 3231,
      "physicalDamageTaken": 14184,
      "magicDamageTaken": 17792,
      "largestCriticalStrike": 343,
      "timePlayed": 1897,
      "totalHeal": 4009,
      "totalUnitsHealed": 1,
      "assists": 9,
      "item0": 3144,
      "item1": 3087,
      "item2": 1057,
      "item3": 3101,
      "item4": 1001,
      "item6": 3340,
      "magicDamageDealtToChampions": 1080,
      "physicalDamageDealtToChampions": 8222,
      "totalDamageDealtToChampions": 10616,
      "trueDamageDealtPlayer": 1314,
      "trueDamageDealtToChampions": 1314,
      "trueDamageTaken": 525,
      "wardPlaced": 3,
      "neutralMinionsKilledEnemyJungle": 2,
      "neutralMinionsKilledYourJungle": 11,
      "totalTimeCrowdControlDealt": 56
    }
  },
  "42423453": {
    "gameId": 825976682,
    "invalid": false,
    "gameMode": "CLASSIC",
    "gameType": "MATCHED_GAME",
    "subType": "RANKED_SOLO_5x5",
    "mapId": 1,
    "teamId": 100,
    "championId": 1,
    "spell1": 4,
    "spell2": 3,
    "level": 30,
    "ipEarned": 60,
    "createDate": 1399031196504,
    "fellowPlayers": [
      {
        "summonerId": 28956493,
        "teamId": 200,
        "championId": 18
      },
      {
        "summonerId": 34485412,
        "teamId": 200,
        "championId": 12
      },
      {
        "summonerId": 27714085,
        "teamId": 100,
        "championId": 51
      },
      {
        "summonerId": 21393521,
        "teamId": 100,
        "championId": 11
      },
      {
        "summonerId": 25211267,
        "teamId": 200,
        "championId": 13
      },
      {
        "summonerId": 40382333,
        "teamId": 100,
        "championId": 23
      },
      {
        "summonerId": 41315047,
        "teamId": 200,
        "championId": 77
      },
      {
        "summonerId": 34573310,
        "teamId": 200,
        "championId": 7
      },
      {
        "summonerId": 20206038,
        "teamId": 100,
        "championId": 68
      }
    ],
    "stats": {
      "level": 13,
      "goldEarned": 5951,
      "numDeaths": 8,
      "minionsKilled": 38,
      "championsKilled": 2,
      "goldSpent": 5965,
      "totalDamageDealt": 37848,
      "totalDamageTaken": 16475,
      "team": 100,
      "win": false,
      "largestMultiKill": 1,
      "physicalDamageDealtPlayer": 13390,
      "magicDamageDealtPlayer": 24458,
      "physicalDamageTaken": 6324,
      "magicDamageTaken": 10075,
      "timePlayed": 1897,
      "totalHeal": 73,
      "totalUnitsHealed": 1,
      "assists": 6,
      "item0": 3027,
      "item1": 2044,
      "item2": 2004,
      "item3": 2003,
      "item4": 1026,
      "item6": 3340,
      "sightWardsBought": 9,
      "magicDamageDealtToChampions": 11689,
      "physicalDamageDealtToChampions": 1805,
      "totalDamageDealtToChampions": 13495,
      "trueDamageTaken": 76,
      "wardPlaced": 12,
      "totalTimeCrowdControlDealt": 47
    }
  },
  "34485412": {
    "gameId": 825976682,
    "invalid": false,
    "gameMode": "CLASSIC",
    "gameType": "MATCHED_GAME",
    "subType": "RANKED_SOLO_5x5",
    "mapId": 1,
    "teamId": 200,
    "championId": 12,
    "spell1": 7,
    "spell2": 4,
    "level": 30,
    "ipEarned": 89,
    "createDate": 1399031196508,
    "fellowPlayers": [
      {
        "summonerId": 28956493,
        "teamId": 200,
        "championId": 18
      },
      {
        "summonerId": 27714085,
        "teamId": 100,
        "championId": 51
      },
      {
        "summonerId": 21393521,
        "teamId": 100,
        "championId": 11
      },
      {
        "summonerId": 25211267,
        "teamId": 200,
        "championId": 13
      },
      {
        "summonerId": 40382333,
        "teamId": 100,
        "championId": 23
      },
      {
        "summonerId": 41315047,
        "teamId": 200,
        "championId": 77
      },
      {
        "summonerId": 34573310,
        "teamId": 200,
        "championId": 7
      },
      {
        "summonerId": 42423453,
        "teamId": 100,
        "championId": 1
      },
      {
        "summonerId": 20206038,
        "teamId": 100,
        "championId": 68
      }
    ],
    "stats": {
      "level": 14,
      "goldEarned": 9874,
      "numDeaths": 3,
      "minionsKilled": 67,
      "championsKilled": 3,
      "goldSpent": 9430,
      "totalDamageDealt": 58088,
      "totalDamageTaken": 26601,
      "doubleKills": 1,
      "killingSprees": 1,
      "largestKillingSpree": 3,
      "team": 200,
      "win": true,
      "neutralMinionsKilled": 3,
      "largestMultiKill": 2,
      "physicalDamageDealtPlayer": 27518,
      "magicDamageDealtPlayer": 30570,
      "physicalDamageTaken": 18201,
      "magicDamageTaken": 6964,
      "timePlayed": 1897,
      "totalHeal": 22037,
      "totalUnitsHealed": 80,
      "assists": 8,
      "item0": 3096,
      "item1": 3117,
      "item2": 3110,
      "item3": 3065,
      "item4": 3075,
      "item6": 3340,
      "sightWardsBought": 1,
      "magicDamageDealtToChampions": 2287,
      "physicalDamageDealtToChampions": 1057,
      "totalDamageDealtToChampions": 3345,
      "trueDamageTaken": 1435,
      "wardPlaced": 3,
      "neutralMinionsKilledYourJungle": 3,
      "totalTimeCrowdControlDealt": 1471
    }
  },
  "41315047": {
    "gameId": 825976682,
    "invalid": false,
    "gameMode": "CLASSIC",
    "gameType": "MATCHED_GAME",
    "subType": "RANKED_SOLO_5x5",
    "mapId": 1,
    "teamId": 200,
    "championId": 77,
    "spell1": 4,
    "spell2": 11,
    "level": 30,
    "ipEarned": 89,
    "createDate": 1399031196511,
    "fellowPlayers": [
      {
        "summonerId": 28956493,
        "teamId": 200,
        "championId": 18
      },
      {
        "summonerId": 34485412,
        "teamId": 200,
        "championId": 12
      },
      {
        "summonerId": 27714085,
        "teamId": 100,
        "championId": 51
      },
      {
        "summonerId": 21393521,
        "teamId": 100,
        "championId": 11
      },
      {
        "summonerId": 25211267,
        "teamId": 200,
        "championId": 13
      },
      {
        "summonerId": 40382333,
        "teamId": 100,
        "championId": 23
      },
      {
        "summonerId": 34573310,
        "teamId": 200,
        "championId": 7
      },
      {
        "summonerId": 42423453,
        "teamId": 100,
        "championId": 1
      },
      {
        "summonerId": 20206038,
        "teamId": 100,
        "championId": 68
      }
    ],
    "stats": {
      "level": 16,
      "goldEarned": 12968,
      "numDeaths": 4,
      "barracksKilled": 1,
      "turretsKilled": 4,
      "minionsKilled": 33,
      "championsKilled": 6,
      "goldSpent": 10813,
      "totalDamageDealt": 144461,
      "totalDamageTaken": 22498,
      "doubleKills": 1,
      "killingSprees": 1,
      "largestKillingSpree": 4,
      "team": 200,
      "win": true,
      "neutralMinionsKilled": 91,
      "largestMultiKill": 2,
      "physicalDamageDealtPlayer": 62493,
      "magicDamageDealtPlayer": 70511,
      "physicalDamageTaken": 15134,
      "magicDamageTaken": 5758,
      "largestCriticalStrike": 316,
      "timePlayed": 1897,
      "totalHeal": 3386,
      "totalUnitsHealed": 1,
      "assists": 12,
      "item0": 3047,
      "item1": 3078,
      "item2": 3172,
      "item3": 3160,
      "item4": 3082,
      "item6": 3340,
      "sightWardsBought": 1,
      "magicDamageDealtToChampions": 5336,
      "physicalDamageDealtToChampions": 10392,
      "totalDamageDealtToChampions": 16725,
      "trueDamageDealtPlayer": 11456,
      "trueDamageDealtToChampions": 996,
      "trueDamageTaken": 1605,
      "wardPlaced": 10,
      "neutralMinionsKilledEnemyJungle": 36,
      "neutralMinionsKilledYourJungle": 55,
      "totalTimeCrowdControlDealt": 386
    }
  },
  "20206038": {
    "gameId": 825976682,
    "invalid": false,
    "gameMode": "CLASSIC",
    "gameType": "MATCHED_GAME",
    "subType": "RANKED_SOLO_5x5",
    "mapId": 1,
    "teamId": 100,
    "championId": 68,
    "spell1": 4,
    "spell2": 14,
    "level": 30,
    "ipEarned": 60,
    "createDate": 1399031196501,
    "fellowPlayers": [
      {
        "summonerId": 28956493,
        "teamId": 200,
        "championId": 18
      },
      {
        "summonerId": 34485412,
        "teamId": 200,
        "championId": 12
      },
      {
        "summonerId": 27714085,
        "teamId": 100,
        "championId": 51
      },
      {
        "summonerId": 21393521,
        "teamId": 100,
        "championId": 11
      },
      {
        "summonerId": 25211267,
        "teamId": 200,
        "championId": 13
      },
      {
        "summonerId": 40382333,
        "teamId": 100,
        "championId": 23
      },
      {
        "summonerId": 41315047,
        "teamId": 200,
        "championId": 77
      },
      {
        "summonerId": 34573310,
        "teamId": 200,
        "championId": 7
      },
      {
        "summonerId": 42423453,
        "teamId": 100,
        "championId": 1
      }
    ],
    "stats": {
      "level": 14,
      "goldEarned": 8062,
      "numDeaths": 13,
      "minionsKilled": 73,
      "championsKilled": 7,
      "goldSpent": 7530,
      "totalDamageDealt": 52812,
      "totalDamageTaken": 22230,
      "doubleKills": 1,
      "killingSprees": 2,
      "largestKillingSpree": 3,
      "team": 100,
      "win": false,
      "largestMultiKill": 2,
      "physicalDamageDealtPlayer": 10106,
      "magicDamageDealtPlayer": 41610,
      "physicalDamageTaken": 11041,
      "magicDamageTaken": 10746,
      "largestCriticalStrike": 105,
      "timePlayed": 1897,
      "assists": 5,
      "item0": 3152,
      "item1": 3111,
      "item2": 3116,
      "item4": 1057,
      "item6": 3340,
      "magicDamageDealtToChampions": 12736,
      "physicalDamageDealtToChampions": 1480,
      "totalDamageDealtToChampions": 15313,
      "trueDamageDealtPlayer": 1096,
      "trueDamageDealtToChampions": 1096,
      "trueDamageTaken": 442,
      "wardPlaced": 4,
      "totalTimeCrowdControlDealt": 456
    }
  }
}