{
  "29118077": {
    "gameId": 825976911,
    "invalid": false,
    "gameMode": "CLASSIC",
    "gameType": "MATCHED_GAME",
    "subType": "RANKED_SOLO_5x5",
    "mapId": 1,
    "teamId": 200,
    "championId": 222,
    "spell1": 4,
    "spell2": 21,
    "level": 30,
    "ipEarned": 94,
    "createDate": 1399031452916,
    "fellowPlayers": [
      {
        "summonerId": 42348706,
        "teamId": 200,
        "championId": 59
      },
      {
        "summonerId": 36088920,
        "teamId": 100,
        "championId": 4
      },
      {
        "summonerId": 20792879,
        "teamId": 100,
        "championId": 51
      },
      {
        "summonerId": 33673055,
        "teamId": 200,
        "championId": 75
      },
      {
        "summonerId": 31735985,
        "teamId": 200,
        "championId": 115
      },
      {
        "summonerId": 37392969,
        "teamId": 100,
        "championId": 79
      },
      {
        "summonerId": 21461807,
        "teamId": 100,
        "championId": 62
      },
      {
        "summonerId": 19832768,
        "teamId": 200,
        "championId": 89
      },
      {
        "summonerId": 20377764,
        "teamId": 100,
        "championId": 121
      }
    ],
    "stats": {
      "level": 17,
      "goldEarned": 16453,
      "numDeaths": 3,
      "barracksKilled": 2,
      "turretsKilled": 3,
      "minionsKilled": 221,
      "championsKilled": 13,
      "goldSpent": 14160,
      "totalDamageDealt": 184113,
      "totalDamageTaken": 19219,
      "doubleKills": 1,
      "tripleKills": 1,
      "killingSprees": 2,
      "largestKillingSpree": 10,
      "team": 200,
      "win": true,
      "neutralMinionsKilled": 18,
      "largestMultiKill": 3,
      "physicalDamageDealtPlayer": 172756,
      "magicDamageDealtPlayer": 11063,
      "physicalDamageTaken": 13316,
      "magicDamageTaken": 5368,
      "largestCriticalStrike": 985,
      "timePlayed": 2009,
      "totalHeal": 2099,
      "totalUnitsHealed": 1,
      "assists": 12,
      "item0": 3031,
      "item1": 3250,
      "item3": 3072,
      "item4": 3035,
      "item5": 3087,
      "item6": 3340,
      "magicDamageDealtToChampions": 2687,
      "physicalDamageDealtToChampions": 26829,
      "totalDamageDealtToChampions": 29811,
      "trueDamageDealtPlayer": 294,
      "trueDamageDealtToChampions": 294,
      "trueDamageTaken": 534,
      "wardKilled": 1,
      "wardPlaced": 9,
      "neutralMinionsKilledEnemyJungle": 11,
      "neutralMinionsKilledYourJungle": 7,
      "totalTimeCrowdControlDealt": 318
    }
  },
  "summonerCount": 10,
  "37392969": {
    "gameId": 825976911,
    "invalid": false,
    "gameMode": "CLASSIC",
    "gameType": "MATCHED_GAME",
    "subType": "RANKED_SOLO_5x5",
    "mapId": 1,
    "teamId": 100,
    "championId": 79,
    "spell1": 4,
    "spell2": 3,
    "level": 30,
    "ipEarned": 62,
    "createDate": 1399031452908,
    "fellowPlayers": [
      {
        "summonerId": 42348706,
        "teamId": 200,
        "championId": 59
      },
      {
        "summonerId": 36088920,
        "teamId": 100,
        "championId": 4
      },
      {
        "summonerId": 20792879,
        "teamId": 100,
        "championId": 51
      },
      {
        "summonerId": 33673055,
        "teamId": 200,
        "championId": 75
      },
      {
        "summonerId": 31735985,
        "teamId": 200,
        "championId": 115
      },
      {
        "summonerId": 29118077,
        "teamId": 200,
        "championId": 222
      },
      {
        "summonerId": 21461807,
        "teamId": 100,
        "championId": 62
      },
      {
        "summonerId": 19832768,
        "teamId": 200,
        "championId": 89
      },
      {
        "summonerId": 20377764,
        "teamId": 100,
        "championId": 121
      }
    ],
    "stats": {
      "level": 14,
      "goldEarned": 9230,
      "numDeaths": 6,
      "minionsKilled": 68,
      "championsKilled": 2,
      "goldSpent": 9530,
      "totalDamageDealt": 74938,
      "totalDamageTaken": 24569,
      "team": 100,
      "win": false,
      "neutralMinionsKilled": 4,
      "largestMultiKill": 1,
      "physicalDamageDealtPlayer": 4782,
      "magicDamageDealtPlayer": 70155,
      "physicalDamageTaken": 15325,
      "magicDamageTaken": 9084,
      "largestCriticalStrike": 622,
      "timePlayed": 2009,
      "totalHeal": 4256,
      "totalUnitsHealed": 1,
      "assists": 8,
      "item0": 3275,
      "item1": 2045,
      "item2": 3092,
      "item3": 3135,
      "item6": 3340,
      "sightWardsBought": 1,
      "magicDamageDealtToChampions": 14382,
      "physicalDamageDealtToChampions": 1044,
      "totalDamageDealtToChampions": 15427,
      "trueDamageTaken": 160,
      "wardKilled": 1,
      "wardPlaced": 29,
      "neutralMinionsKilledYourJungle": 4,
      "totalTimeCrowdControlDealt": 511
    }
  },
  "42348706": {
    "gameId": 825976911,
    "invalid": false,
    "gameMode": "CLASSIC",
    "gameType": "MATCHED_GAME",
    "subType": "RANKED_SOLO_5x5",
    "mapId": 1,
    "teamId": 200,
    "championId": 59,
    "spell1": 4,
    "spell2": 11,
    "level": 30,
    "ipEarned": 94,
    "createDate": 1399031452914,
    "fellowPlayers": [
      {
        "summonerId": 36088920,
        "teamId": 100,
        "championId": 4
      },
      {
        "summonerId": 20792879,
        "teamId": 100,
        "championId": 51
      },
      {
        "summonerId": 33673055,
        "teamId": 200,
        "championId": 75
      },
      {
        "summonerId": 31735985,
        "teamId": 200,
        "championId": 115
      },
      {
        "summonerId": 37392969,
        "teamId": 100,
        "championId": 79
      },
      {
        "summonerId": 29118077,
        "teamId": 200,
        "championId": 222
      },
      {
        "summonerId": 21461807,
        "teamId": 100,
        "championId": 62
      },
      {
        "summonerId": 19832768,
        "teamId": 200,
        "championId": 89
      },
      {
        "summonerId": 20377764,
        "teamId": 100,
        "championId": 121
      }
    ],
    "stats": {
      "level": 16,
      "goldEarned": 13293,
      "numDeaths": 4,
      "minionsKilled": 35,
      "championsKilled": 7,
      "goldSpent": 12535,
      "totalDamageDealt": 89593,
      "totalDamageTaken": 28879,
      "killingSprees": 1,
      "largestKillingSpree": 6,
      "team": 200,
      "win": true,
      "neutralMinionsKilled": 43,
      "largestMultiKill": 1,
      "physicalDamageDealtPlayer": 56199,
      "magicDamageDealtPlayer": 20830,
      "physicalDamageTaken": 18710,
      "magicDamageTaken": 9083,
      "timePlayed": 2009,
      "totalHeal": 1802,
      "totalUnitsHealed": 1,
      "assists": 23,
      "item0": 3207,
      "item1": 3143,
      "item2": 3083,
      "item3": 3111,
      "item5": 3068,
      "item6": 3341,
      "magicDamageDealtToChampions": 3714,
      "physicalDamageDealtToChampions": 8167,
      "totalDamageDealtToChampions": 12297,
      "trueDamageDealtPlayer": 12564,
      "trueDamageDealtToChampions": 416,
      "trueDamageTaken": 1085,
      "wardKilled": 1,
      "neutralMinionsKilledEnemyJungle": 6,
      "neutralMinionsKilledYourJungle": 37,
      "totalTimeCrowdControlDealt": 597
    }
  },
  "33673055": {
    "gameId": 825976911,
    "invalid": false,
    "gameMode": "CLASSIC",
    "gameType": "MATCHED_GAME",
    "subType": "RANKED_SOLO_5x5",
    "mapId": 1,
    "teamId": 200,
    "championId": 75,
    "spell1": 4,
    "spell2": 14,
    "level": 30,
    "ipEarned": 94,
    "createDate": 1399031452917,
    "fellowPlayers": [
      {
        "summonerId": 42348706,
        "teamId": 200,
        "championId": 59
      },
      {
        "summonerId": 36088920,
        "teamId": 100,
        "championId": 4
      },
      {
        "summonerId": 20792879,
        "teamId": 100,
        "championId": 51
      },
      {
        "summonerId": 31735985,
        "teamId": 200,
        "championId": 115
      },
      {
        "summonerId": 37392969,
        "teamId": 100,
        "championId": 79
      },
      {
        "summonerId": 29118077,
        "teamId": 200,
        "championId": 222
      },
      {
        "summonerId": 21461807,
        "teamId": 100,
        "championId": 62
      },
      {
        "summonerId": 19832768,
        "teamId": 200,
        "championId": 89
      },
      {
        "summonerId": 20377764,
        "teamId": 100,
        "championId": 121
      }
    ],
    "stats": {
      "level": 17,
      "goldEarned": 13295,
      "numDeaths": 7,
      "turretsKilled": 5,
      "minionsKilled": 214,
      "championsKilled": 2,
      "goldSpent": 10505,
      "totalDamageDealt": 143350,
      "totalDamageTaken": 33749,
      "killingSprees": 1,
      "largestKillingSpree": 2,
      "team": 200,
      "win": true,
      "neutralMinionsKilled": 10,
      "largestMultiKill": 1,
      "physicalDamageDealtPlayer": 90084,
      "magicDamageDealtPlayer": 52609,
      "physicalDamageTaken": 25514,
      "magicDamageTaken": 6136,
      "timePlayed": 2009,
      "assists": 12,
      "item0": 1054,
      "item1": 3068,
      "item2": 3143,
      "item3": 3111,
      "item4": 3025,
      "item6": 3340,
      "magicDamageDealtToChampions": 6889,
      "physicalDamageDealtToChampions": 7623,
      "totalDamageDealtToChampions": 15168,
      "trueDamageDealtPlayer": 656,
      "trueDamageDealtToChampions": 656,
      "trueDamageTaken": 2098,
      "wardPlaced": 4,
      "neutralMinionsKilledEnemyJungle": 1,
      "neutralMinionsKilledYourJungle": 9,
      "totalTimeCrowdControlDealt": 574
    }
  },
  "19832768": {
    "gameId": 825976911,
    "invalid": false,
    "gameMode": "CLASSIC",
    "gameType": "MATCHED_GAME",
    "subType": "RANKED_SOLO_5x5",
    "mapId": 1,
    "teamId": 200,
    "championId": 89,
    "spell1": 3,
    "spell2": 4,
    "level": 30,
    "ipEarned": 94,
    "createDate": 1399031452918,
    "fellowPlayers": [
      {
        "summonerId": 42348706,
        "teamId": 200,
        "championId": 59
      },
      {
        "summonerId": 36088920,
        "teamId": 100,
        "championId": 4
      },
      {
        "summonerId": 20792879,
        "teamId": 100,
        "championId": 51
      },
      {
        "summonerId": 33673055,
        "teamId": 200,
        "championId": 75
      },
      {
        "summonerId": 31735985,
        "teamId": 200,
        "championId": 115
      },
      {
        "summonerId": 37392969,
        "teamId": 100,
        "championId": 79
      },
      {
        "summonerId": 29118077,
        "teamId": 200,
        "championId": 222
      },
      {
        "summonerId": 21461807,
        "teamId": 100,
        "championId": 62
      },
      {
        "summonerId": 20377764,
        "teamId": 100,
        "championId": 121
      }
    ],
    "stats": {
      "level": 15,
      "goldEarned": 10533,
      "numDeaths": 6,
      "barracksKilled": 1,
      "minionsKilled": 48,
      "championsKilled": 2,
      "goldSpent": 8775,
      "totalDamageDealt": 28353,
      "totalDamageTaken": 26751,
      "killingSprees": 1,
      "largestKillingSpree": 2,
      "team": 200,
      "win": true,
      "largestMultiKill": 1,
      "physicalDamageDealtPlayer": 11879,
      "magicDamageDealtPlayer": 12082,
      "physicalDamageTaken": 16842,
      "magicDamageTaken": 8843,
      "timePlayed": 2009,
      "totalHeal": 3939,
      "totalUnitsHealed": 3,
      "assists": 19,
      "item0": 3143,
      "item1": 3401,
      "item2": 3111,
      "item4": 2049,
      "item6": 3364,
      "sightWardsBought": 3,
      "visionWardsBought": 7,
      "magicDamageDealtToChampions": 4226,
      "physicalDamageDealtToChampions": 2892,
      "totalDamageDealtToChampions": 7119,
      "trueDamageDealtPlayer": 4391,
      "trueDamageTaken": 1066,
      "wardKilled": 6,
      "wardPlaced": 28,
      "totalTimeCrowdControlDealt": 226
    }
  },
  "20377764": {
    "gameId": 825976911,
    "invalid": false,
    "gameMode": "CLASSIC",
    "gameType": "MATCHED_GAME",
    "subType": "RANKED_SOLO_5x5",
    "mapId": 1,
    "teamId": 100,
    "championId": 121,
    "spell1": 4,
    "spell2": 11,
    "level": 30,
    "ipEarned": 62,
    "createDate": 1399031452912,
    "fellowPlayers": [
      {
        "summonerId": 42348706,
        "teamId": 200,
        "championId": 59
      },
      {
        "summonerId": 36088920,
        "teamId": 100,
        "championId": 4
      },
      {
        "summonerId": 20792879,
        "teamId": 100,
        "championId": 51
      },
      {
        "summonerId": 33673055,
        "teamId": 200,
        "championId": 75
      },
      {
        "summonerId": 31735985,
        "teamId": 200,
        "championId": 115
      },
      {
        "summonerId": 37392969,
        "teamId": 100,
        "championId": 79
      },
      {
        "summonerId": 29118077,
        "teamId": 200,
        "championId": 222
      },
      {
        "summonerId": 21461807,
        "teamId": 100,
        "championId": 62
      },
      {
        "summonerId": 19832768,
        "teamId": 200,
        "championId": 89
      }
    ],
    "stats": {
      "level": 16,
      "goldEarned": 10010,
      "numDeaths": 8,
      "minionsKilled": 40,
      "championsKilled": 6,
      "goldSpent": 9627,
      "totalDamageDealt": 115409,
      "totalDamageTaken": 33760,
      "killingSprees": 1,
      "largestKillingSpree": 3,
      "team": 100,
      "win": false,
      "neutralMinionsKilled": 60,
      "largestMultiKill": 1,
      "physicalDamageDealtPlayer": 101999,
      "magicDamageDealtPlayer": 1374,
      "physicalDamageTaken": 23595,
      "magicDamageTaken": 9861,
      "timePlayed": 2009,
      "totalHeal": 9276,
      "totalUnitsHealed": 1,
      "assists": 8,
      "item0": 3209,
      "item1": 3026,
      "item2": 3265,
      "item3": 3134,
      "item4": 1037,
      "item5": 1036,
      "item6": 3341,
      "magicDamageDealtToChampions": 862,
      "physicalDamageDealtToChampions": 15391,
      "totalDamageDealtToChampions": 18155,
      "trueDamageDealtPlayer": 12034,
      "trueDamageDealtToChampions": 1902,
      "trueDamageTaken": 304,
      "wardKilled": 3,
      "neutralMinionsKilledEnemyJungle": 5,
      "neutralMinionsKilledYourJungle": 55,
      "totalTimeCrowdControlDealt": 476
    }
  },
  "36088920": {
    "gameId": 825976911,
    "invalid": false,
    "gameMode": "CLASSIC",
    "gameType": "MATCHED_GAME",
    "subType": "RANKED_SOLO_5x5",
    "mapId": 1,
    "teamId": 100,
    "championId": 4,
    "spell1": 14,
    "spell2": 4,
    "level": 30,
    "ipEarned": 62,
    "createDate": 1399031452911,
    "fellowPlayers": [
      {
        "summonerId": 42348706,
        "teamId": 200,
        "championId": 59
      },
      {
        "summonerId": 20792879,
        "teamId": 100,
        "championId": 51
      },
      {
        "summonerId": 33673055,
        "teamId": 200,
        "championId": 75
      },
      {
        "summonerId": 31735985,
        "teamId": 200,
        "championId": 115
      },
      {
        "summonerId": 37392969,
        "teamId": 100,
        "championId": 79
      },
      {
        "summonerId": 29118077,
        "teamId": 200,
        "championId": 222
      },
      {
        "summonerId": 21461807,
        "teamId": 100,
        "championId": 62
      },
      {
        "summonerId": 19832768,
        "teamId": 200,
        "championId": 89
      },
      {
        "summonerId": 20377764,
        "teamId": 100,
        "championId": 121
      }
    ],
    "stats": {
      "level": 15,
      "goldEarned": 10613,
      "numDeaths": 8,
      "minionsKilled": 170,
      "championsKilled": 4,
      "goldSpent": 9920,
      "totalDamageDealt": 133963,
      "totalDamageTaken": 22224,
      "killingSprees": 1,
      "largestKillingSpree": 2,
      "team": 100,
      "win": false,
      "neutralMinionsKilled": 18,
      "largestMultiKill": 1,
      "physicalDamageDealtPlayer": 13812,
      "magicDamageDealtPlayer": 119335,
      "physicalDamageTaken": 9747,
      "magicDamageTaken": 12278,
      "timePlayed": 2009,
      "totalHeal": 562,
      "totalUnitsHealed": 1,
      "assists": 5,
      "item0": 1056,
      "item1": 3100,
      "item2": 3089,
      "item3": 3255,
      "item4": 1052,
      "item5": 3108,
      "item6": 3340,
      "sightWardsBought": 1,
      "magicDamageDealtToChampions": 14825,
      "physicalDamageDealtToChampions": 735,
      "totalDamageDealtToChampions": 16376,
      "trueDamageDealtPlayer": 816,
      "trueDamageDealtToChampions": 816,
      "trueDamageTaken": 198,
      "wardPlaced": 6,
      "neutralMinionsKilledYourJungle": 18,
      "totalTimeCrowdControlDealt": 104
    }
  },
  "21461807": {
    "gameId": 825976911,
    "invalid": false,
    "gameMode": "CLASSIC",
    "gameType": "MATCHED_GAME",
    "subType": "RANKED_SOLO_5x5",
    "mapId": 1,
    "teamId": 100,
    "championId": 62,
    "spell1": 4,
    "spell2": 14,
    "level": 30,
    "ipEarned": 62,
    "createDate": 1399031452909,
    "fellowPlayers": [
      {
        "summonerId": 42348706,
        "teamId": 200,
        "championId": 59
      },
      {
        "summonerId": 36088920,
        "teamId": 100,
        "championId": 4
      },
      {
        "summonerId": 20792879,
        "teamId": 100,
        "championId": 51
      },
      {
        "summonerId": 33673055,
        "teamId": 200,
        "championId": 75
      },
      {
        "summonerId": 31735985,
        "teamId": 200,
        "championId": 115
      },
      {
        "summonerId": 37392969,
        "teamId": 100,
        "championId": 79
      },
      {
        "summonerId": 29118077,
        "teamId": 200,
        "championId": 222
      },
      {
        "summonerId": 19832768,
        "teamId": 200,
        "championId": 89
      },
      {
        "summonerId": 20377764,
        "teamId": 100,
        "championId": 121
      }
    ],
    "stats": {
      "level": 15,
      "goldEarned": 10139,
      "numDeaths": 9,
      "minionsKilled": 139,
      "championsKilled": 8,
      "goldSpent": 9548,
      "totalDamageDealt": 70548,
      "totalDamageTaken": 27773,
      "killingSprees": 1,
      "largestKillingSpree": 3,
      "team": 100,
      "win": false,
      "largestMultiKill": 1,
      "physicalDamageDealtPlayer": 66235,
      "magicDamageDealtPlayer": 1871,
      "physicalDamageTaken": 14023,
      "magicDamageTaken": 13239,
      "largestCriticalStrike": 358,
      "timePlayed": 2009,
      "totalHeal": 1552,
      "totalUnitsHealed": 1,
      "assists": 5,
      "item0": 1054,
      "item1": 3047,
      "item2": 3071,
      "item3": 3078,
      "item4": 1036,
      "item5": 1053,
      "item6": 3340,
      "magicDamageDealtToChampions": 345,
      "physicalDamageDealtToChampions": 16727,
      "totalDamageDealtToChampions": 19069,
      "trueDamageDealtPlayer": 2442,
      "trueDamageDealtToChampions": 1996,
      "trueDamageTaken": 510,
      "wardKilled": 1,
      "wardPlaced": 3,
      "totalTimeCrowdControlDealt": 146
    }
  },
  "31735985": {
    "gameId": 825976911,
    "invalid": false,
    "gameMode": "CLASSIC",
    "gameType": "MATCHED_GAME",
    "subType": "RANKED_SOLO_5x5",
    "mapId": 1,
    "teamId": 200,
    "championId": 115,
    "spell1": 7,
    "spell2": 4,
    "level": 30,
    "ipEarned": 94,
    "createDate": 1399031452913,
    "fellowPlayers": [
      {
        "summonerId": 42348706,
        "teamId": 200,
        "championId": 59
      },
      {
        "summonerId": 36088920,
        "teamId": 100,
        "championId": 4
      },
      {
        "summonerId": 20792879,
        "teamId": 100,
        "championId": 51
      },
      {
        "summonerId": 33673055,
        "teamId": 200,
        "championId": 75
      },
      {
        "summonerId": 37392969,
        "teamId": 100,
        "championId": 79
      },
      {
        "summonerId": 29118077,
        "teamId": 200,
        "championId": 222
      },
      {
        "summonerId": 21461807,
        "teamId": 100,
        "championId": 62
      },
      {
        "summonerId": 19832768,
        "teamId": 200,
        "championId": 89
      },
      {
        "summonerId": 20377764,
        "teamId": 100,
        "championId": 121
      }
    ],
    "stats": {
      "level": 18,
      "goldEarned": 16789,
      "numDeaths": 2,
      "turretsKilled": 2,
      "minionsKilled": 236,
      "championsKilled": 16,
      "goldSpent": 14175,
      "totalDamageDealt": 201859,
      "totalDamageTaken": 13717,
      "doubleKills": 3,
      "tripleKills": 1,
      "killingSprees": 3,
      "largestKillingSpree": 10,
      "team": 200,
      "win": true,
      "neutralMinionsKilled": 14,
      "largestMultiKill": 3,
      "physicalDamageDealtPlayer": 14956,
      "magicDamageDealtPlayer": 186556,
      "physicalDamageTaken": 9508,
      "magicDamageTaken": 3483,
      "timePlayed": 2009,
      "totalHeal": 2195,
      "totalUnitsHealed": 2,
      "assists": 7,
      "item0": 3100,
      "item1": 3191,
      "item2": 3174,
      "item3": 3020,
      "item4": 3089,
      "item5": 3135,
      "item6": 3340,
      "sightWardsBought": 1,
      "magicDamageDealtToChampions": 38021,
      "physicalDamageDealtToChampions": 1336,
      "totalDamageDealtToChampions": 39477,
      "trueDamageDealtPlayer": 348,
      "trueDamageDealtToChampions": 120,
      "trueDamageTaken": 725,
      "wardPlaced": 4,
      "neutralMinionsKilledEnemyJungle": 4,
      "neutralMinionsKilledYourJungle": 10,
      "totalTimeCrowdControlDealt": 281
    }
  },
  "29118077": {
    "gameId": 825976911,
    "invalid": false,
    "gameMode": "CLASSIC",
    "gameType": "MATCHED_GAME",
    "subType": "RANKED_SOLO_5x5",
    "mapId": 1,
    "teamId": 200,
    "championId": 222,
    "spell1": 4,
    "spell2": 21,
    "level": 30,
    "ipEarned": 94,
    "createDate": 1399031452916,
    "fellowPlayers": [
      {
        "summonerId": 42348706,
        "teamId": 200,
        "championId": 59
      },
      {
        "summonerId": 36088920,
        "teamId": 100,
        "championId": 4
      },
      {
        "summonerId": 20792879,
        "teamId": 100,
        "championId": 51
      },
      {
        "summonerId": 33673055,
        "teamId": 200,
        "championId": 75
      },
      {
        "summonerId": 31735985,
        "teamId": 200,
        "championId": 115
      },
      {
        "summonerId": 37392969,
        "teamId": 100,
        "championId": 79
      },
      {
        "summonerId": 21461807,
        "teamId": 100,
        "championId": 62
      },
      {
        "summonerId": 19832768,
        "teamId": 200,
        "championId": 89
      },
      {
        "summonerId": 20377764,
        "teamId": 100,
        "championId": 121
      }
    ],
    "stats": {
      "level": 17,
      "goldEarned": 16453,
      "numDeaths": 3,
      "barracksKilled": 2,
      "turretsKilled": 3,
      "minionsKilled": 221,
      "championsKilled": 13,
      "goldSpent": 14160,
      "totalDamageDealt": 184113,
      "totalDamageTaken": 19219,
      "doubleKills": 1,
      "tripleKills": 1,
      "killingSprees": 2,
      "largestKillingSpree": 10,
      "team": 200,
      "win": true,
      "neutralMinionsKilled": 18,
      "largestMultiKill": 3,
      "physicalDamageDealtPlayer": 172756,
      "magicDamageDealtPlayer": 11063,
      "physicalDamageTaken": 13316,
      "magicDamageTaken": 5368,
      "largestCriticalStrike": 985,
      "timePlayed": 2009,
      "totalHeal": 2099,
      "totalUnitsHealed": 1,
      "assists": 12,
      "item0": 3031,
      "item1": 3250,
      "item3": 3072,
      "item4": 3035,
      "item5": 3087,
      "item6": 3340,
      "magicDamageDealtToChampions": 2687,
      "physicalDamageDealtToChampions": 26829,
      "totalDamageDealtToChampions": 29811,
      "trueDamageDealtPlayer": 294,
      "trueDamageDealtToChampions": 294,
      "trueDamageTaken": 534,
      "wardKilled": 1,
      "wardPlaced": 9,
      "neutralMinionsKilledEnemyJungle": 11,
      "neutralMinionsKilledYourJungle": 7,
      "totalTimeCrowdControlDealt": 318
    }
  }
}