{
  "34871549": {
    "gameId": 825966074,
    "invalid": false,
    "gameMode": "CLASSIC",
    "gameType": "MATCHED_GAME",
    "subType": "RANKED_SOLO_5x5",
    "mapId": 1,
    "teamId": 200,
    "championId": 122,
    "spell1": 4,
    "spell2": 14,
    "level": 30,
    "ipEarned": 51,
    "createDate": 1399028916941,
    "fellowPlayers": [
      {
        "summonerId": 25229030,
        "teamId": 100,
        "championId": 104
      },
      {
        "summonerId": 25142324,
        "teamId": 200,
        "championId": 76
      },
      {
        "summonerId": 23612509,
        "teamId": 200,
        "championId": 32
      },
      {
        "summonerId": 27313126,
        "teamId": 100,
        "championId": 102
      },
      {
        "summonerId": 35026363,
        "teamId": 100,
        "championId": 412
      },
      {
        "summonerId": 23716282,
        "teamId": 100,
        "championId": 120
      },
      {
        "summonerId": 19522482,
        "teamId": 200,
        "championId": 89
      },
      {
        "summonerId": 19512913,
        "teamId": 200,
        "championId": 29
      },
      {
        "summonerId": 33573028,
        "teamId": 100,
        "championId": 131
      }
    ],
    "stats": {
      "level": 13,
      "goldEarned": 6947,
      "numDeaths": 3,
      "minionsKilled": 159,
      "championsKilled": 2,
      "goldSpent": 6470,
      "totalDamageDealt": 69608,
      "totalDamageTaken": 12436,
      "doubleKills": 1,
      "killingSprees": 1,
      "largestKillingSpree": 2,
      "team": 200,
      "win": false,
      "largestMultiKill": 2,
      "physicalDamageDealtPlayer": 55413,
      "magicDamageDealtPlayer": 11995,
      "physicalDamageTaken": 5973,
      "magicDamageTaken": 6026,
      "timePlayed": 1430,
      "totalHeal": 902,
      "totalUnitsHealed": 1,
      "assists": 1,
      "item0": 1055,
      "item1": 3068,
      "item2": 3077,
      "item3": 2004,
      "item4": 2003,
      "item5": 3111,
      "item6": 3340,
      "magicDamageDealtToChampions": 2412,
      "physicalDamageDealtToChampions": 5469,
      "totalDamageDealtToChampions": 10081,
      "trueDamageDealtPlayer": 2199,
      "trueDamageDealtToChampions": 2199,
      "trueDamageTaken": 436,
      "wardPlaced": 6,
      "totalTimeCrowdControlDealt": 33
    }
  },
  "summonerCount": 10,
  "25229030": {
    "gameId": 825966074,
    "invalid": false,
    "gameMode": "CLASSIC",
    "gameType": "MATCHED_GAME",
    "subType": "RANKED_SOLO_5x5",
    "mapId": 1,
    "teamId": 100,
    "championId": 104,
    "spell1": 4,
    "spell2": 7,
    "level": 30,
    "ipEarned": 76,
    "createDate": 1399028916932,
    "fellowPlayers": [
      {
        "summonerId": 25142324,
        "teamId": 200,
        "championId": 76
      },
      {
        "summonerId": 23612509,
        "teamId": 200,
        "championId": 32
      },
      {
        "summonerId": 27313126,
        "teamId": 100,
        "championId": 102
      },
      {
        "summonerId": 35026363,
        "teamId": 100,
        "championId": 412
      },
      {
        "summonerId": 23716282,
        "teamId": 100,
        "championId": 120
      },
      {
        "summonerId": 19522482,
        "teamId": 200,
        "championId": 89
      },
      {
        "summonerId": 34871549,
        "teamId": 200,
        "championId": 122
      },
      {
        "summonerId": 19512913,
        "teamId": 200,
        "championId": 29
      },
      {
        "summonerId": 33573028,
        "teamId": 100,
        "championId": 131
      }
    ],
    "stats": {
      "level": 13,
      "goldEarned": 10562,
      "numDeaths": 1,
      "barracksKilled": 1,
      "turretsKilled": 1,
      "minionsKilled": 159,
      "championsKilled": 10,
      "goldSpent": 11205,
      "totalDamageDealt": 106970,
      "totalDamageTaken": 11741,
      "doubleKills": 2,
      "killingSprees": 2,
      "largestKillingSpree": 8,
      "team": 100,
      "win": true,
      "largestMultiKill": 2,
      "physicalDamageDealtPlayer": 105508,
      "magicDamageDealtPlayer": 1258,
      "physicalDamageTaken": 6689,
      "magicDamageTaken": 3884,
      "largestCriticalStrike": 487,
      "timePlayed": 1430,
      "totalHeal": 1049,
      "totalUnitsHealed": 2,
      "assists": 5,
      "item0": 2044,
      "item1": 3046,
      "item2": 3072,
      "item3": 1036,
      "item4": 1001,
      "item5": 1037,
      "item6": 3340,
      "sightWardsBought": 2,
      "magicDamageDealtToChampions": 566,
      "physicalDamageDealtToChampions": 14825,
      "totalDamageDealtToChampions": 15562,
      "trueDamageDealtPlayer": 204,
      "trueDamageDealtToChampions": 170,
      "trueDamageTaken": 1168,
      "wardKilled": 1,
      "wardPlaced": 6,
      "totalTimeCrowdControlDealt": 84
    }
  },
  "23716282": {
    "gameId": 825966074,
    "invalid": false,
    "gameMode": "CLASSIC",
    "gameType": "MATCHED_GAME",
    "subType": "RANKED_SOLO_5x5",
    "mapId": 1,
    "teamId": 100,
    "championId": 120,
    "spell1": 11,
    "spell2": 4,
    "level": 30,
    "ipEarned": 76,
    "createDate": 1399028916927,
    "fellowPlayers": [
      {
        "summonerId": 25229030,
        "teamId": 100,
        "championId": 104
      },
      {
        "summonerId": 25142324,
        "teamId": 200,
        "championId": 76
      },
      {
        "summonerId": 23612509,
        "teamId": 200,
        "championId": 32
      },
      {
        "summonerId": 27313126,
        "teamId": 100,
        "championId": 102
      },
      {
        "summonerId": 35026363,
        "teamId": 100,
        "championId": 412
      },
      {
        "summonerId": 19522482,
        "teamId": 200,
        "championId": 89
      },
      {
        "summonerId": 34871549,
        "teamId": 200,
        "championId": 122
      },
      {
        "summonerId": 19512913,
        "teamId": 200,
        "championId": 29
      },
      {
        "summonerId": 33573028,
        "teamId": 100,
        "championId": 131
      }
    ],
    "stats": {
      "level": 13,
      "goldEarned": 7654,
      "numDeaths": 3,
      "turretsKilled": 1,
      "minionsKilled": 22,
      "goldSpent": 8395,
      "totalDamageDealt": 90395,
      "totalDamageTaken": 16364,
      "team": 100,
      "win": true,
      "neutralMinionsKilled": 65,
      "physicalDamageDealtPlayer": 64403,
      "magicDamageDealtPlayer": 12672,
      "physicalDamageTaken": 12989,
      "magicDamageTaken": 2752,
      "timePlayed": 1430,
      "totalHeal": 4815,
      "totalUnitsHealed": 1,
      "assists": 10,
      "item0": 3209,
      "item1": 3111,
      "item2": 3025,
      "item3": 1057,
      "item4": 1028,
      "item6": 3340,
      "magicDamageDealtToChampions": 1219,
      "physicalDamageDealtToChampions": 5277,
      "totalDamageDealtToChampions": 7534,
      "trueDamageDealtPlayer": 13319,
      "trueDamageDealtToChampions": 1037,
      "trueDamageTaken": 622,
      "wardPlaced": 7,
      "neutralMinionsKilledEnemyJungle": 9,
      "neutralMinionsKilledYourJungle": 56,
      "totalTimeCrowdControlDealt": 231
    }
  },
  "25142324": {
    "gameId": 825966074,
    "invalid": false,
    "gameMode": "CLASSIC",
    "gameType": "MATCHED_GAME",
    "subType": "RANKED_SOLO_5x5",
    "mapId": 1,
    "teamId": 200,
    "championId": 76,
    "spell1": 4,
    "spell2": 7,
    "level": 30,
    "ipEarned": 51,
    "createDate": 1399028916937,
    "fellowPlayers": [
      {
        "summonerId": 25229030,
        "teamId": 100,
        "championId": 104
      },
      {
        "summonerId": 23612509,
        "teamId": 200,
        "championId": 32
      },
      {
        "summonerId": 27313126,
        "teamId": 100,
        "championId": 102
      },
      {
        "summonerId": 35026363,
        "teamId": 100,
        "championId": 412
      },
      {
        "summonerId": 23716282,
        "teamId": 100,
        "championId": 120
      },
      {
        "summonerId": 19522482,
        "teamId": 200,
        "championId": 89
      },
      {
        "summonerId": 34871549,
        "teamId": 200,
        "championId": 122
      },
      {
        "summonerId": 19512913,
        "teamId": 200,
        "championId": 29
      },
      {
        "summonerId": 33573028,
        "teamId": 100,
        "championId": 131
      }
    ],
    "stats": {
      "level": 12,
      "goldEarned": 6049,
      "numDeaths": 5,
      "minionsKilled": 131,
      "championsKilled": 1,
      "goldSpent": 4585,
      "totalDamageDealt": 55545,
      "totalDamageTaken": 14143,
      "team": 200,
      "win": false,
      "largestMultiKill": 1,
      "physicalDamageDealtPlayer": 17940,
      "magicDamageDealtPlayer": 37604,
      "physicalDamageTaken": 4948,
      "magicDamageTaken": 8744,
      "timePlayed": 1430,
      "totalHeal": 5177,
      "totalUnitsHealed": 4,
      "item0": 3040,
      "item2": 2004,
      "item4": 3020,
      "item6": 3340,
      "magicDamageDealtToChampions": 5730,
      "physicalDamageDealtToChampions": 1342,
      "totalDamageDealtToChampions": 7072,
      "trueDamageTaken": 450,
      "wardPlaced": 6
    }
  },
  "19522482": {
    "gameId": 825966074,
    "invalid": false,
    "gameMode": "CLASSIC",
    "gameType": "MATCHED_GAME",
    "subType": "RANKED_SOLO_5x5",
    "mapId": 1,
    "teamId": 200,
    "championId": 89,
    "spell1": 4,
    "spell2": 7,
    "level": 30,
    "ipEarned": 51,
    "createDate": 1399028916940,
    "fellowPlayers": [
      {
        "summonerId": 25229030,
        "teamId": 100,
        "championId": 104
      },
      {
        "summonerId": 25142324,
        "teamId": 200,
        "championId": 76
      },
      {
        "summonerId": 23612509,
        "teamId": 200,
        "championId": 32
      },
      {
        "summonerId": 27313126,
        "teamId": 100,
        "championId": 102
      },
      {
        "summonerId": 35026363,
        "teamId": 100,
        "championId": 412
      },
      {
        "summonerId": 23716282,
        "teamId": 100,
        "championId": 120
      },
      {
        "summonerId": 34871549,
        "teamId": 200,
        "championId": 122
      },
      {
        "summonerId": 19512913,
        "teamId": 200,
        "championId": 29
      },
      {
        "summonerId": 33573028,
        "teamId": 100,
        "championId": 131
      }
    ],
    "stats": {
      "level": 11,
      "goldEarned": 5470,
      "numDeaths": 7,
      "minionsKilled": 15,
      "championsKilled": 2,
      "goldSpent": 5140,
      "totalDamageDealt": 16434,
      "totalDamageTaken": 13711,
      "team": 200,
      "win": false,
      "largestMultiKill": 1,
      "physicalDamageDealtPlayer": 3830,
      "magicDamageDealtPlayer": 12603,
      "physicalDamageTaken": 8836,
      "magicDamageTaken": 4582,
      "timePlayed": 1430,
      "totalHeal": 1499,
      "totalUnitsHealed": 3,
      "assists": 5,
      "item0": 3096,
      "item1": 1001,
      "item2": 1054,
      "item3": 3068,
      "item5": 1028,
      "item6": 3340,
      "sightWardsBought": 2,
      "visionWardsBought": 1,
      "magicDamageDealtToChampions": 3965,
      "physicalDamageDealtToChampions": 1915,
      "totalDamageDealtToChampions": 5880,
      "trueDamageTaken": 292,
      "wardKilled": 1,
      "wardPlaced": 9,
      "totalTimeCrowdControlDealt": 47
    }
  },
  "23612509": {
    "gameId": 825966074,
    "invalid": false,
    "gameMode": "CLASSIC",
    "gameType": "MATCHED_GAME",
    "subType": "RANKED_SOLO_5x5",
    "mapId": 1,
    "teamId": 200,
    "championId": 32,
    "spell1": 4,
    "spell2": 11,
    "level": 30,
    "ipEarned": 51,
    "createDate": 1399028916939,
    "fellowPlayers": [
      {
        "summonerId": 25229030,
        "teamId": 100,
        "championId": 104
      },
      {
        "summonerId": 25142324,
        "teamId": 200,
        "championId": 76
      },
      {
        "summonerId": 27313126,
        "teamId": 100,
        "championId": 102
      },
      {
        "summonerId": 35026363,
        "teamId": 100,
        "championId": 412
      },
      {
        "summonerId": 23716282,
        "teamId": 100,
        "championId": 120
      },
      {
        "summonerId": 19522482,
        "teamId": 200,
        "championId": 89
      },
      {
        "summonerId": 34871549,
        "teamId": 200,
        "championId": 122
      },
      {
        "summonerId": 19512913,
        "teamId": 200,
        "championId": 29
      },
      {
        "summonerId": 33573028,
        "teamId": 100,
        "championId": 131
      }
    ],
    "stats": {
      "level": 11,
      "goldEarned": 5801,
      "numDeaths": 5,
      "minionsKilled": 19,
      "championsKilled": 2,
      "goldSpent": 5300,
      "totalDamageDealt": 66076,
      "totalDamageTaken": 18104,
      "team": 200,
      "win": false,
      "neutralMinionsKilled": 54,
      "largestMultiKill": 1,
      "physicalDamageDealtPlayer": 10833,
      "magicDamageDealtPlayer": 45535,
      "physicalDamageTaken": 10277,
      "magicDamageTaken": 7188,
      "timePlayed": 1430,
      "totalHeal": 2506,
      "totalUnitsHealed": 1,
      "assists": 3,
      "item0": 3207,
      "item1": 2004,
      "item2": 2003,
      "item3": 3082,
      "item4": 3111,
      "item5": 1028,
      "item6": 3341,
      "magicDamageDealtToChampions": 5987,
      "physicalDamageDealtToChampions": 781,
      "totalDamageDealtToChampions": 6908,
      "trueDamageDealtPlayer": 9708,
      "trueDamageDealtToChampions": 140,
      "trueDamageTaken": 638,
      "wardKilled": 2,
      "neutralMinionsKilledEnemyJungle": 1,
      "neutralMinionsKilledYourJungle": 53,
      "totalTimeCrowdControlDealt": 182
    }
  },
  "19512913": {
    "gameId": 825966074,
    "invalid": false,
    "gameMode": "CLASSIC",
    "gameType": "MATCHED_GAME",
    "subType": "RANKED_SOLO_5x5",
    "mapId": 1,
    "teamId": 200,
    "championId": 29,
    "spell1": 4,
    "spell2": 21,
    "level": 30,
    "ipEarned": 51,
    "createDate": 1399028916936,
    "fellowPlayers": [
      {
        "summonerId": 25229030,
        "teamId": 100,
        "championId": 104
      },
      {
        "summonerId": 25142324,
        "teamId": 200,
        "championId": 76
      },
      {
        "summonerId": 23612509,
        "teamId": 200,
        "championId": 32
      },
      {
        "summonerId": 27313126,
        "teamId": 100,
        "championId": 102
      },
      {
        "summonerId": 35026363,
        "teamId": 100,
        "championId": 412
      },
      {
        "summonerId": 23716282,
        "teamId": 100,
        "championId": 120
      },
      {
        "summonerId": 19522482,
        "teamId": 200,
        "championId": 89
      },
      {
        "summonerId": 34871549,
        "teamId": 200,
        "championId": 122
      },
      {
        "summonerId": 33573028,
        "teamId": 100,
        "championId": 131
      }
    ],
    "stats": {
      "level": 11,
      "goldEarned": 6332,
      "numDeaths": 6,
      "minionsKilled": 104,
      "championsKilled": 3,
      "goldSpent": 6290,
      "totalDamageDealt": 42418,
      "totalDamageTaken": 12072,
      "team": 200,
      "win": false,
      "neutralMinionsKilled": 4,
      "largestMultiKill": 1,
      "physicalDamageDealtPlayer": 38243,
      "magicDamageDealtPlayer": 1025,
      "physicalDamageTaken": 8387,
      "magicDamageTaken": 3670,
      "timePlayed": 1430,
      "totalHeal": 667,
      "totalUnitsHealed": 1,
      "assists": 1,
      "item0": 3072,
      "item1": 2003,
      "item2": 3006,
      "item3": 3086,
      "item4": 1042,
      "item6": 3340,
      "magicDamageDealtToChampions": 367,
      "physicalDamageDealtToChampions": 4403,
      "totalDamageDealtToChampions": 6370,
      "trueDamageDealtPlayer": 3149,
      "trueDamageDealtToChampions": 1599,
      "trueDamageTaken": 14,
      "wardKilled": 2,
      "wardPlaced": 4,
      "neutralMinionsKilledYourJungle": 4,
      "totalTimeCrowdControlDealt": 121
    }
  },
  "35026363": {
    "gameId": 825966074,
    "invalid": false,
    "gameMode": "CLASSIC",
    "gameType": "MATCHED_GAME",
    "subType": "RANKED_SOLO_5x5",
    "mapId": 1,
    "teamId": 100,
    "championId": 412,
    "spell1": 4,
    "spell2": 3,
    "level": 30,
    "ipEarned": 76,
    "createDate": 1399028916929,
    "fellowPlayers": [
      {
        "summonerId": 25229030,
        "teamId": 100,
        "championId": 104
      },
      {
        "summonerId": 25142324,
        "teamId": 200,
        "championId": 76
      },
      {
        "summonerId": 23612509,
        "teamId": 200,
        "championId": 32
      },
      {
        "summonerId": 27313126,
        "teamId": 100,
        "championId": 102
      },
      {
        "summonerId": 23716282,
        "teamId": 100,
        "championId": 120
      },
      {
        "summonerId": 19522482,
        "teamId": 200,
        "championId": 89
      },
      {
        "summonerId": 34871549,
        "teamId": 200,
        "championId": 122
      },
      {
        "summonerId": 19512913,
        "teamId": 200,
        "championId": 29
      },
      {
        "summonerId": 33573028,
        "teamId": 100,
        "championId": 131
      }
    ],
    "stats": {
      "level": 11,
      "goldEarned": 6930,
      "numDeaths": 4,
      "minionsKilled": 18,
      "goldSpent": 6770,
      "totalDamageDealt": 14802,
      "totalDamageTaken": 13220,
      "team": 100,
      "win": true,
      "neutralMinionsKilled": 2,
      "physicalDamageDealtPlayer": 4207,
      "magicDamageDealtPlayer": 10595,
      "physicalDamageTaken": 9870,
      "magicDamageTaken": 2718,
      "timePlayed": 1430,
      "totalHeal": 40,
      "totalUnitsHealed": 1,
      "assists": 14,
      "item0": 1054,
      "item1": 2045,
      "item2": 3190,
      "item3": 3111,
      "item4": 1029,
      "item6": 3340,
      "sightWardsBought": 3,
      "visionWardsBought": 1,
      "magicDamageDealtToChampions": 4948,
      "physicalDamageDealtToChampions": 1147,
      "totalDamageDealtToChampions": 6096,
      "trueDamageTaken": 632,
      "wardKilled": 1,
      "wardPlaced": 15,
      "neutralMinionsKilledEnemyJungle": 2,
      "totalTimeCrowdControlDealt": 90
    }
  },
  "33573028": {
    "gameId": 825966074,
    "invalid": false,
    "gameMode": "CLASSIC",
    "gameType": "MATCHED_GAME",
    "subType": "RANKED_SOLO_5x5",
    "mapId": 1,
    "teamId": 100,
    "championId": 131,
    "spell1": 14,
    "spell2": 4,
    "level": 30,
    "ipEarned": 226,
    "createDate": 1399028916934,
    "fellowPlayers": [
      {
        "summonerId": 25229030,
        "teamId": 100,
        "championId": 104
      },
      {
        "summonerId": 25142324,
        "teamId": 200,
        "championId": 76
      },
      {
        "summonerId": 23612509,
        "teamId": 200,
        "championId": 32
      },
      {
        "summonerId": 27313126,
        "teamId": 100,
        "championId": 102
      },
      {
        "summonerId": 35026363,
        "teamId": 100,
        "championId": 412
      },
      {
        "summonerId": 23716282,
        "teamId": 100,
        "championId": 120
      },
      {
        "summonerId": 19522482,
        "teamId": 200,
        "championId": 89
      },
      {
        "summonerId": 34871549,
        "teamId": 200,
        "championId": 122
      },
      {
        "summonerId": 19512913,
        "teamId": 200,
        "championId": 29
      }
    ],
    "stats": {
      "level": 14,
      "goldEarned": 10215,
      "numDeaths": 1,
      "minionsKilled": 149,
      "championsKilled": 10,
      "goldSpent": 9340,
      "totalDamageDealt": 93632,
      "totalDamageTaken": 8144,
      "doubleKills": 2,
      "killingSprees": 1,
      "largestKillingSpree": 10,
      "team": 100,
      "win": true,
      "neutralMinionsKilled": 6,
      "largestMultiKill": 2,
      "physicalDamageDealtPlayer": 16172,
      "magicDamageDealtPlayer": 76859,
      "physicalDamageTaken": 3894,
      "magicDamageTaken": 4224,
      "timePlayed": 1430,
      "totalHeal": 349,
      "totalUnitsHealed": 1,
      "assists": 2,
      "item0": 3157,
      "item1": 3089,
      "item2": 3108,
      "item3": 3020,
      "item6": 3340,
      "magicDamageDealtToChampions": 15007,
      "physicalDamageDealtToChampions": 1630,
      "totalDamageDealtToChampions": 17166,
      "trueDamageDealtPlayer": 600,
      "trueDamageDealtToChampions": 528,
      "trueDamageTaken": 25,
      "wardPlaced": 7,
      "neutralMinionsKilledEnemyJungle": 1,
      "neutralMinionsKilledYourJungle": 5,
      "totalTimeCrowdControlDealt": 61
    }
  },
  "34871549": {
    "gameId": 825966074,
    "invalid": false,
    "gameMode": "CLASSIC",
    "gameType": "MATCHED_GAME",
    "subType": "RANKED_SOLO_5x5",
    "mapId": 1,
    "teamId": 200,
    "championId": 122,
    "spell1": 4,
    "spell2": 14,
    "level": 30,
    "ipEarned": 51,
    "createDate": 1399028916941,
    "fellowPlayers": [
      {
        "summonerId": 25229030,
        "teamId": 100,
        "championId": 104
      },
      {
        "summonerId": 25142324,
        "teamId": 200,
        "championId": 76
      },
      {
        "summonerId": 23612509,
        "teamId": 200,
        "championId": 32
      },
      {
        "summonerId": 27313126,
        "teamId": 100,
        "championId": 102
      },
      {
        "summonerId": 35026363,
        "teamId": 100,
        "championId": 412
      },
      {
        "summonerId": 23716282,
        "teamId": 100,
        "championId": 120
      },
      {
        "summonerId": 19522482,
        "teamId": 200,
        "championId": 89
      },
      {
        "summonerId": 19512913,
        "teamId": 200,
        "championId": 29
      },
      {
        "summonerId": 33573028,
        "teamId": 100,
        "championId": 131
      }
    ],
    "stats": {
      "level": 13,
      "goldEarned": 6947,
      "numDeaths": 3,
      "minionsKilled": 159,
      "championsKilled": 2,
      "goldSpent": 6470,
      "totalDamageDealt": 69608,
      "totalDamageTaken": 12436,
      "doubleKills": 1,
      "killingSprees": 1,
      "largestKillingSpree": 2,
      "team": 200,
      "win": false,
      "largestMultiKill": 2,
      "physicalDamageDealtPlayer": 55413,
      "magicDamageDealtPlayer": 11995,
      "physicalDamageTaken": 5973,
      "magicDamageTaken": 6026,
      "timePlayed": 1430,
      "totalHeal": 902,
      "totalUnitsHealed": 1,
      "assists": 1,
      "item0": 1055,
      "item1": 3068,
      "item2": 3077,
      "item3": 2004,
      "item4": 2003,
      "item5": 3111,
      "item6": 3340,
      "magicDamageDealtToChampions": 2412,
      "physicalDamageDealtToChampions": 5469,
      "totalDamageDealtToChampions": 10081,
      "trueDamageDealtPlayer": 2199,
      "trueDamageDealtToChampions": 2199,
      "trueDamageTaken": 436,
      "wardPlaced": 6,
      "totalTimeCrowdControlDealt": 33
    }
  }
}