{
  "31888446": {
    "gameId": 825977054,
    "invalid": false,
    "gameMode": "CLASSIC",
    "gameType": "MATCHED_GAME",
    "subType": "RANKED_SOLO_5x5",
    "mapId": 1,
    "teamId": 200,
    "championId": 236,
    "spell1": 4,
    "spell2": 7,
    "level": 30,
    "ipEarned": 79,
    "createDate": 1399032152604,
    "fellowPlayers": [
      {
        "summonerId": 34158692,
        "teamId": 100,
        "championId": 58
      },
      {
        "summonerId": 19004194,
        "teamId": 100,
        "championId": 51
      },
      {
        "summonerId": 42656549,
        "teamId": 200,
        "championId": 79
      },
      {
        "summonerId": 32279827,
        "teamId": 200,
        "championId": 19
      },
      {
        "summonerId": 21812934,
        "teamId": 100,
        "championId": 105
      },
      {
        "summonerId": 22015291,
        "teamId": 100,
        "championId": 412
      },
      {
        "summonerId": 24283243,
        "teamId": 100,
        "championId": 56
      },
      {
        "summonerId": 20498563,
        "teamId": 200,
        "championId": 7
      },
      {
        "summonerId": 41455831,
        "teamId": 200,
        "championId": 92
      }
    ],
    "stats": {
      "level": 18,
      "goldEarned": 16026,
      "numDeaths": 2,
      "turretsKilled": 3,
      "minionsKilled": 262,
      "championsKilled": 4,
      "goldSpent": 16123,
      "totalDamageDealt": 243691,
      "totalDamageTaken": 31299,
      "killingSprees": 1,
      "largestKillingSpree": 3,
      "team": 200,
      "win": false,
      "neutralMinionsKilled": 31,
      "largestMultiKill": 1,
      "physicalDamageDealtPlayer": 215615,
      "magicDamageDealtPlayer": 27524,
      "physicalDamageTaken": 22397,
      "magicDamageTaken": 7885,
      "largestCriticalStrike": 791,
      "timePlayed": 2752,
      "totalHeal": 6068,
      "totalUnitsHealed": 4,
      "assists": 11,
      "item0": 1038,
      "item1": 3250,
      "item2": 3072,
      "item3": 3035,
      "item4": 3078,
      "item5": 3026,
      "item6": 3340,
      "magicDamageDealtToChampions": 6298,
      "physicalDamageDealtToChampions": 31080,
      "totalDamageDealtToChampions": 37434,
      "trueDamageDealtPlayer": 552,
      "trueDamageDealtToChampions": 56,
      "trueDamageTaken": 1016,
      "wardKilled": 2,
      "wardPlaced": 10,
      "neutralMinionsKilledEnemyJungle": 2,
      "neutralMinionsKilledYourJungle": 29,
      "totalTimeCrowdControlDealt": 189
    }
  },
  "summonerCount": 10,
  "32279827": {
    "gameId": 825977054,
    "invalid": false,
    "gameMode": "CLASSIC",
    "gameType": "MATCHED_GAME",
    "subType": "RANKED_SOLO_5x5",
    "mapId": 1,
    "teamId": 200,
    "championId": 19,
    "spell1": 11,
    "spell2": 4,
    "level": 30,
    "ipEarned": 0,
    "createDate": 1399032152602,
    "fellowPlayers": [
      {
        "summonerId": 34158692,
        "teamId": 100,
        "championId": 58
      },
      {
        "summonerId": 31888446,
        "teamId": 200,
        "championId": 236
      },
      {
        "summonerId": 19004194,
        "teamId": 100,
        "championId": 51
      },
      {
        "summonerId": 42656549,
        "teamId": 200,
        "championId": 79
      },
      {
        "summonerId": 21812934,
        "teamId": 100,
        "championId": 105
      },
      {
        "summonerId": 22015291,
        "teamId": 100,
        "championId": 412
      },
      {
        "summonerId": 24283243,
        "teamId": 100,
        "championId": 56
      },
      {
        "summonerId": 20498563,
        "teamId": 200,
        "championId": 7
      },
      {
        "summonerId": 41455831,
        "teamId": 200,
        "championId": 92
      }
    ],
    "stats": {
      "level": 17,
      "goldEarned": 13209,
      "numDeaths": 1,
      "minionsKilled": 35,
      "championsKilled": 2,
      "goldSpent": 11257,
      "totalDamageDealt": 189556,
      "totalDamageTaken": 45648,
      "team": 200,
      "win": false,
      "neutralMinionsKilled": 119,
      "largestMultiKill": 1,
      "physicalDamageDealtPlayer": 84866,
      "magicDamageDealtPlayer": 87571,
      "physicalDamageTaken": 37045,
      "magicDamageTaken": 7027,
      "largestCriticalStrike": 256,
      "timePlayed": 2752,
      "totalHeal": 25502,
      "totalUnitsHealed": 1,
      "assists": 12,
      "item0": 3160,
      "item1": 1028,
      "item2": 3143,
      "item3": 3134,
      "item4": 3102,
      "item5": 3111,
      "item6": 3341,
      "sightWardsBought": 3,
      "visionWardsBought": 3,
      "magicDamageDealtToChampions": 7294,
      "physicalDamageDealtToChampions": 3291,
      "totalDamageDealtToChampions": 10658,
      "trueDamageDealtPlayer": 17118,
      "trueDamageDealtToChampions": 72,
      "trueDamageTaken": 1576,
      "wardKilled": 3,
      "wardPlaced": 20,
      "neutralMinionsKilledEnemyJungle": 16,
      "neutralMinionsKilledYourJungle": 103,
      "totalTimeCrowdControlDealt": 622
    }
  },
  "19004194": {
    "gameId": 825977054,
    "invalid": false,
    "gameMode": "CLASSIC",
    "gameType": "MATCHED_GAME",
    "subType": "RANKED_SOLO_5x5",
    "mapId": 1,
    "teamId": 100,
    "championId": 51,
    "spell1": 7,
    "spell2": 4,
    "level": 30,
    "ipEarned": 122,
    "createDate": 1399032152596,
    "fellowPlayers": [
      {
        "summonerId": 34158692,
        "teamId": 100,
        "championId": 58
      },
      {
        "summonerId": 31888446,
        "teamId": 200,
        "championId": 236
      },
      {
        "summonerId": 42656549,
        "teamId": 200,
        "championId": 79
      },
      {
        "summonerId": 32279827,
        "teamId": 200,
        "championId": 19
      },
      {
        "summonerId": 21812934,
        "teamId": 100,
        "championId": 105
      },
      {
        "summonerId": 22015291,
        "teamId": 100,
        "championId": 412
      },
      {
        "summonerId": 24283243,
        "teamId": 100,
        "championId": 56
      },
      {
        "summonerId": 20498563,
        "teamId": 200,
        "championId": 7
      },
      {
        "summonerId": 41455831,
        "teamId": 200,
        "championId": 92
      }
    ],
    "stats": {
      "level": 18,
      "goldEarned": 17381,
      "barracksKilled": 1,
      "turretsKilled": 3,
      "minionsKilled": 281,
      "championsKilled": 3,
      "goldSpent": 16095,
      "totalDamageDealt": 314036,
      "totalDamageTaken": 19337,
      "doubleKills": 1,
      "killingSprees": 1,
      "largestKillingSpree": 3,
      "team": 100,
      "win": true,
      "neutralMinionsKilled": 55,
      "largestMultiKill": 2,
      "physicalDamageDealtPlayer": 294421,
      "magicDamageDealtPlayer": 17402,
      "physicalDamageTaken": 15859,
      "magicDamageTaken": 3150,
      "largestCriticalStrike": 1463,
      "timePlayed": 2752,
      "totalHeal": 2299,
      "totalUnitsHealed": 2,
      "assists": 6,
      "item0": 3140,
      "item1": 3031,
      "item2": 3072,
      "item3": 3250,
      "item4": 3035,
      "item5": 3087,
      "item6": 3340,
      "magicDamageDealtToChampions": 3208,
      "physicalDamageDealtToChampions": 27732,
      "totalDamageDealtToChampions": 31224,
      "trueDamageDealtPlayer": 2212,
      "trueDamageDealtToChampions": 284,
      "trueDamageTaken": 327,
      "wardKilled": 2,
      "wardPlaced": 4,
      "neutralMinionsKilledEnemyJungle": 10,
      "neutralMinionsKilledYourJungle": 45,
      "totalTimeCrowdControlDealt": 335
    }
  },
  "42656549": {
    "gameId": 825977054,
    "invalid": false,
    "gameMode": "CLASSIC",
    "gameType": "MATCHED_GAME",
    "subType": "RANKED_SOLO_5x5",
    "mapId": 1,
    "teamId": 200,
    "championId": 79,
    "spell1": 4,
    "spell2": 3,
    "level": 30,
    "ipEarned": 79,
    "createDate": 1399032152605,
    "fellowPlayers": [
      {
        "summonerId": 34158692,
        "teamId": 100,
        "championId": 58
      },
      {
        "summonerId": 31888446,
        "teamId": 200,
        "championId": 236
      },
      {
        "summonerId": 19004194,
        "teamId": 100,
        "championId": 51
      },
      {
        "summonerId": 32279827,
        "teamId": 200,
        "championId": 19
      },
      {
        "summonerId": 21812934,
        "teamId": 100,
        "championId": 105
      },
      {
        "summonerId": 22015291,
        "teamId": 100,
        "championId": 412
      },
      {
        "summonerId": 24283243,
        "teamId": 100,
        "championId": 56
      },
      {
        "summonerId": 20498563,
        "teamId": 200,
        "championId": 7
      },
      {
        "summonerId": 41455831,
        "teamId": 200,
        "championId": 92
      }
    ],
    "stats": {
      "level": 17,
      "goldEarned": 12217,
      "numDeaths": 3,
      "turretsKilled": 1,
      "minionsKilled": 70,
      "championsKilled": 2,
      "goldSpent": 11875,
      "totalDamageDealt": 63605,
      "totalDamageTaken": 32434,
      "killingSprees": 1,
      "largestKillingSpree": 2,
      "team": 200,
      "win": false,
      "neutralMinionsKilled": 5,
      "largestMultiKill": 1,
      "physicalDamageDealtPlayer": 14482,
      "magicDamageDealtPlayer": 41833,
      "physicalDamageTaken": 18415,
      "magicDamageTaken": 13197,
      "timePlayed": 2752,
      "totalHeal": 8081,
      "totalUnitsHealed": 5,
      "assists": 14,
      "item0": 3020,
      "item1": 3151,
      "item2": 3110,
      "item3": 2049,
      "item4": 3222,
      "item5": 3401,
      "item6": 3341,
      "sightWardsBought": 3,
      "visionWardsBought": 1,
      "magicDamageDealtToChampions": 12525,
      "physicalDamageDealtToChampions": 1483,
      "totalDamageDealtToChampions": 14009,
      "trueDamageDealtPlayer": 7289,
      "trueDamageTaken": 821,
      "wardKilled": 1,
      "wardPlaced": 23,
      "neutralMinionsKilledEnemyJungle": 2,
      "neutralMinionsKilledYourJungle": 3,
      "totalTimeCrowdControlDealt": 727
    }
  },
  "34158692": {
    "gameId": 825977054,
    "invalid": false,
    "gameMode": "CLASSIC",
    "gameType": "MATCHED_GAME",
    "subType": "RANKED_SOLO_5x5",
    "mapId": 1,
    "teamId": 100,
    "championId": 58,
    "spell1": 14,
    "spell2": 4,
    "level": 30,
    "ipEarned": 272,
    "createDate": 1399032152597,
    "fellowPlayers": [
      {
        "summonerId": 31888446,
        "teamId": 200,
        "championId": 236
      },
      {
        "summonerId": 19004194,
        "teamId": 100,
        "championId": 51
      },
      {
        "summonerId": 42656549,
        "teamId": 200,
        "championId": 79
      },
      {
        "summonerId": 32279827,
        "teamId": 200,
        "championId": 19
      },
      {
        "summonerId": 21812934,
        "teamId": 100,
        "championId": 105
      },
      {
        "summonerId": 22015291,
        "teamId": 100,
        "championId": 412
      },
      {
        "summonerId": 24283243,
        "teamId": 100,
        "championId": 56
      },
      {
        "summonerId": 20498563,
        "teamId": 200,
        "championId": 7
      },
      {
        "summonerId": 41455831,
        "teamId": 200,
        "championId": 92
      }
    ],
    "stats": {
      "level": 18,
      "goldEarned": 16824,
      "numDeaths": 6,
      "barracksKilled": 1,
      "turretsKilled": 3,
      "minionsKilled": 294,
      "championsKilled": 4,
      "goldSpent": 15750,
      "totalDamageDealt": 213821,
      "totalDamageTaken": 49201,
      "killingSprees": 1,
      "largestKillingSpree": 2,
      "team": 100,
      "win": true,
      "neutralMinionsKilled": 15,
      "largestMultiKill": 1,
      "physicalDamageDealtPlayer": 174947,
      "magicDamageDealtPlayer": 36955,
      "physicalDamageTaken": 32444,
      "magicDamageTaken": 15659,
      "timePlayed": 2752,
      "totalHeal": 10113,
      "totalUnitsHealed": 1,
      "assists": 8,
      "item0": 3102,
      "item1": 3071,
      "item2": 3065,
      "item3": 3068,
      "item4": 3265,
      "item5": 3075,
      "item6": 3340,
      "sightWardsBought": 1,
      "magicDamageDealtToChampions": 6918,
      "physicalDamageDealtToChampions": 14131,
      "totalDamageDealtToChampions": 22384,
      "trueDamageDealtPlayer": 1918,
      "trueDamageDealtToChampions": 1334,
      "trueDamageTaken": 1098,
      "wardKilled": 2,
      "wardPlaced": 10,
      "neutralMinionsKilledEnemyJungle": 8,
      "neutralMinionsKilledYourJungle": 7,
      "totalTimeCrowdControlDealt": 65
    }
  },
  "41455831": {
    "gameId": 825977054,
    "invalid": false,
    "gameMode": "CLASSIC",
    "gameType": "MATCHED_GAME",
    "subType": "RANKED_SOLO_5x5",
    "mapId": 1,
    "teamId": 200,
    "championId": 92,
    "spell1": 4,
    "spell2": 14,
    "level": 30,
    "ipEarned": 79,
    "createDate": 1399032152603,
    "fellowPlayers": [
      {
        "summonerId": 34158692,
        "teamId": 100,
        "championId": 58
      },
      {
        "summonerId": 31888446,
        "teamId": 200,
        "championId": 236
      },
      {
        "summonerId": 19004194,
        "teamId": 100,
        "championId": 51
      },
      {
        "summonerId": 42656549,
        "teamId": 200,
        "championId": 79
      },
      {
        "summonerId": 32279827,
        "teamId": 200,
        "championId": 19
      },
      {
        "summonerId": 21812934,
        "teamId": 100,
        "championId": 105
      },
      {
        "summonerId": 22015291,
        "teamId": 100,
        "championId": 412
      },
      {
        "summonerId": 24283243,
        "teamId": 100,
        "championId": 56
      },
      {
        "summonerId": 20498563,
        "teamId": 200,
        "championId": 7
      }
    ],
    "stats": {
      "level": 18,
      "goldEarned": 15227,
      "numDeaths": 10,
      "minionsKilled": 242,
      "championsKilled": 7,
      "goldSpent": 14835,
      "totalDamageDealt": 220145,
      "totalDamageTaken": 32609,
      "doubleKills": 1,
      "killingSprees": 2,
      "largestKillingSpree": 3,
      "team": 200,
      "win": false,
      "neutralMinionsKilled": 27,
      "largestMultiKill": 2,
      "physicalDamageDealtPlayer": 218825,
      "physicalDamageTaken": 22631,
      "magicDamageTaken": 9155,
      "largestCriticalStrike": 745,
      "timePlayed": 2752,
      "totalHeal": 2498,
      "totalUnitsHealed": 1,
      "assists": 2,
      "item0": 3035,
      "item1": 3074,
      "item2": 3142,
      "item3": 3026,
      "item4": 3158,
      "item5": 3155,
      "item6": 3340,
      "sightWardsBought": 1,
      "physicalDamageDealtToChampions": 21838,
      "totalDamageDealtToChampions": 23158,
      "trueDamageDealtPlayer": 1320,
      "trueDamageDealtToChampions": 1320,
      "trueDamageTaken": 823,
      "wardPlaced": 9,
      "neutralMinionsKilledEnemyJungle": 6,
      "neutralMinionsKilledYourJungle": 21,
      "totalTimeCrowdControlDealt": 107
    }
  },
  "24283243": {
    "gameId": 825977054,
    "invalid": false,
    "gameMode": "CLASSIC",
    "gameType": "MATCHED_GAME",
    "subType": "RANKED_SOLO_5x5",
    "mapId": 1,
    "teamId": 100,
    "championId": 56,
    "spell1": 4,
    "spell2": 11,
    "level": 30,
    "ipEarned": 122,
    "createDate": 1399032152595,
    "fellowPlayers": [
      {
        "summonerId": 34158692,
        "teamId": 100,
        "championId": 58
      },
      {
        "summonerId": 31888446,
        "teamId": 200,
        "championId": 236
      },
      {
        "summonerId": 19004194,
        "teamId": 100,
        "championId": 51
      },
      {
        "summonerId": 42656549,
        "teamId": 200,
        "championId": 79
      },
      {
        "summonerId": 32279827,
        "teamId": 200,
        "championId": 19
      },
      {
        "summonerId": 21812934,
        "teamId": 100,
        "championId": 105
      },
      {
        "summonerId": 22015291,
        "teamId": 100,
        "championId": 412
      },
      {
        "summonerId": 20498563,
        "teamId": 200,
        "championId": 7
      },
      {
        "summonerId": 41455831,
        "teamId": 200,
        "championId": 92
      }
    ],
    "stats": {
      "level": 18,
      "goldEarned": 16587,
      "numDeaths": 4,
      "barracksKilled": 1,
      "turretsKilled": 3,
      "minionsKilled": 80,
      "championsKilled": 4,
      "goldSpent": 15490,
      "totalDamageDealt": 294794,
      "totalDamageTaken": 45010,
      "killingSprees": 1,
      "largestKillingSpree": 2,
      "team": 100,
      "win": true,
      "neutralMinionsKilled": 145,
      "largestMultiKill": 1,
      "physicalDamageDealtPlayer": 201183,
      "magicDamageDealtPlayer": 73099,
      "physicalDamageTaken": 34544,
      "magicDamageTaken": 9641,
      "timePlayed": 2752,
      "totalHeal": 13329,
      "totalUnitsHealed": 1,
      "assists": 7,
      "item0": 3160,
      "item1": 3153,
      "item2": 3143,
      "item3": 3102,
      "item4": 3269,
      "item5": 3035,
      "item6": 3341,
      "visionWardsBought": 1,
      "magicDamageDealtToChampions": 3773,
      "physicalDamageDealtToChampions": 19328,
      "totalDamageDealtToChampions": 23476,
      "trueDamageDealtPlayer": 20512,
      "trueDamageDealtToChampions": 374,
      "trueDamageTaken": 825,
      "wardKilled": 5,
      "wardPlaced": 14,
      "neutralMinionsKilledEnemyJungle": 30,
      "neutralMinionsKilledYourJungle": 115,
      "totalTimeCrowdControlDealt": 1200
    }
  },
  "21812934": {
    "gameId": 825977054,
    "invalid": false,
    "gameMode": "CLASSIC",
    "gameType": "MATCHED_GAME",
    "subType": "RANKED_SOLO_5x5",
    "mapId": 1,
    "teamId": 100,
    "championId": 105,
    "spell1": 14,
    "spell2": 4,
    "level": 30,
    "ipEarned": 122,
    "createDate": 1399032152599,
    "fellowPlayers": [
      {
        "summonerId": 34158692,
        "teamId": 100,
        "championId": 58
      },
      {
        "summonerId": 31888446,
        "teamId": 200,
        "championId": 236
      },
      {
        "summonerId": 19004194,
        "teamId": 100,
        "championId": 51
      },
      {
        "summonerId": 42656549,
        "teamId": 200,
        "championId": 79
      },
      {
        "summonerId": 32279827,
        "teamId": 200,
        "championId": 19
      },
      {
        "summonerId": 22015291,
        "teamId": 100,
        "championId": 412
      },
      {
        "summonerId": 24283243,
        "teamId": 100,
        "championId": 56
      },
      {
        "summonerId": 20498563,
        "teamId": 200,
        "championId": 7
      },
      {
        "summonerId": 41455831,
        "teamId": 200,
        "championId": 92
      }
    ],
    "stats": {
      "level": 18,
      "goldEarned": 16502,
      "numDeaths": 6,
      "barracksKilled": 1,
      "turretsKilled": 1,
      "minionsKilled": 215,
      "championsKilled": 9,
      "goldSpent": 15985,
      "totalDamageDealt": 152281,
      "totalDamageTaken": 24637,
      "killingSprees": 3,
      "largestKillingSpree": 4,
      "team": 100,
      "win": true,
      "neutralMinionsKilled": 26,
      "largestMultiKill": 1,
      "physicalDamageDealtPlayer": 45086,
      "magicDamageDealtPlayer": 105034,
      "physicalDamageTaken": 11744,
      "magicDamageTaken": 12607,
      "timePlayed": 2752,
      "totalHeal": 1418,
      "totalUnitsHealed": 1,
      "assists": 4,
      "item0": 3128,
      "item1": 3100,
      "item2": 3113,
      "item3": 3255,
      "item4": 1058,
      "item5": 3089,
      "item6": 3362,
      "magicDamageDealtToChampions": 18888,
      "physicalDamageDealtToChampions": 3645,
      "totalDamageDealtToChampions": 24694,
      "trueDamageDealtPlayer": 2160,
      "trueDamageDealtToChampions": 2160,
      "trueDamageTaken": 286,
      "wardKilled": 4,
      "wardPlaced": 14,
      "neutralMinionsKilledEnemyJungle": 7,
      "neutralMinionsKilledYourJungle": 19,
      "totalTimeCrowdControlDealt": 66
    }
  },
  "20498563": {
    "gameId": 825977054,
    "invalid": false,
    "gameMode": "CLASSIC",
    "gameType": "MATCHED_GAME",
    "subType": "RANKED_SOLO_5x5",
    "mapId": 1,
    "teamId": 200,
    "championId": 7,
    "spell1": 4,
    "spell2": 14,
    "level": 30,
    "ipEarned": 79,
    "createDate": 1399032152600,
    "fellowPlayers": [
      {
        "summonerId": 34158692,
        "teamId": 100,
        "championId": 58
      },
      {
        "summonerId": 31888446,
        "teamId": 200,
        "championId": 236
      },
      {
        "summonerId": 19004194,
        "teamId": 100,
        "championId": 51
      },
      {
        "summonerId": 42656549,
        "teamId": 200,
        "championId": 79
      },
      {
        "summonerId": 32279827,
        "teamId": 200,
        "championId": 19
      },
      {
        "summonerId": 21812934,
        "teamId": 100,
        "championId": 105
      },
      {
        "summonerId": 22015291,
        "teamId": 100,
        "championId": 412
      },
      {
        "summonerId": 24283243,
        "teamId": 100,
        "championId": 56
      },
      {
        "summonerId": 41455831,
        "teamId": 200,
        "championId": 92
      }
    ],
    "stats": {
      "level": 18,
      "goldEarned": 16169,
      "numDeaths": 5,
      "minionsKilled": 274,
      "championsKilled": 7,
      "goldSpent": 15650,
      "totalDamageDealt": 238996,
      "totalDamageTaken": 23518,
      "doubleKills": 1,
      "killingSprees": 2,
      "largestKillingSpree": 4,
      "team": 200,
      "win": false,
      "neutralMinionsKilled": 11,
      "largestMultiKill": 2,
      "physicalDamageDealtPlayer": 21580,
      "magicDamageDealtPlayer": 215441,
      "physicalDamageTaken": 14572,
      "magicDamageTaken": 8444,
      "timePlayed": 2752,
      "totalHeal": 3270,
      "totalUnitsHealed": 1,
      "assists": 9,
      "item0": 3089,
      "item1": 3255,
      "item2": 3128,
      "item3": 3135,
      "item4": 3001,
      "item5": 1058,
      "item6": 3340,
      "magicDamageDealtToChampions": 30953,
      "physicalDamageDealtToChampions": 1653,
      "totalDamageDealtToChampions": 33866,
      "trueDamageDealtPlayer": 1974,
      "trueDamageDealtToChampions": 1260,
      "trueDamageTaken": 501,
      "wardPlaced": 11,
      "neutralMinionsKilledEnemyJungle": 2,
      "neutralMinionsKilledYourJungle": 9,
      "totalTimeCrowdControlDealt": 194
    }
  },
  "31888446": {
    "gameId": 825977054,
    "invalid": false,
    "gameMode": "CLASSIC",
    "gameType": "MATCHED_GAME",
    "subType": "RANKED_SOLO_5x5",
    "mapId": 1,
    "teamId": 200,
    "championId": 236,
    "spell1": 4,
    "spell2": 7,
    "level": 30,
    "ipEarned": 79,
    "createDate": 1399032152604,
    "fellowPlayers": [
      {
        "summonerId": 34158692,
        "teamId": 100,
        "championId": 58
      },
      {
        "summonerId": 19004194,
        "teamId": 100,
        "championId": 51
      },
      {
        "summonerId": 42656549,
        "teamId": 200,
        "championId": 79
      },
      {
        "summonerId": 32279827,
        "teamId": 200,
        "championId": 19
      },
      {
        "summonerId": 21812934,
        "teamId": 100,
        "championId": 105
      },
      {
        "summonerId": 22015291,
        "teamId": 100,
        "championId": 412
      },
      {
        "summonerId": 24283243,
        "teamId": 100,
        "championId": 56
      },
      {
        "summonerId": 20498563,
        "teamId": 200,
        "championId": 7
      },
      {
        "summonerId": 41455831,
        "teamId": 200,
        "championId": 92
      }
    ],
    "stats": {
      "level": 18,
      "goldEarned": 16026,
      "numDeaths": 2,
      "turretsKilled": 3,
      "minionsKilled": 262,
      "championsKilled": 4,
      "goldSpent": 16123,
      "totalDamageDealt": 243691,
      "totalDamageTaken": 31299,
      "killingSprees": 1,
      "largestKillingSpree": 3,
      "team": 200,
      "win": false,
      "neutralMinionsKilled": 31,
      "largestMultiKill": 1,
      "physicalDamageDealtPlayer": 215615,
      "magicDamageDealtPlayer": 27524,
      "physicalDamageTaken": 22397,
      "magicDamageTaken": 7885,
      "largestCriticalStrike": 791,
      "timePlayed": 2752,
      "totalHeal": 6068,
      "totalUnitsHealed": 4,
      "assists": 11,
      "item0": 1038,
      "item1": 3250,
      "item2": 3072,
      "item3": 3035,
      "item4": 3078,
      "item5": 3026,
      "item6": 3340,
      "magicDamageDealtToChampions": 6298,
      "physicalDamageDealtToChampions": 31080,
      "totalDamageDealtToChampions": 37434,
      "trueDamageDealtPlayer": 552,
      "trueDamageDealtToChampions": 56,
      "trueDamageTaken": 1016,
      "wardKilled": 2,
      "wardPlaced": 10,
      "neutralMinionsKilledEnemyJungle": 2,
      "neutralMinionsKilledYourJungle": 29,
      "totalTimeCrowdControlDealt": 189
    }
  }
}