{
  "19471189": {
    "gameId": 825967437,
    "invalid": false,
    "gameMode": "CLASSIC",
    "gameType": "MATCHED_GAME",
    "subType": "RANKED_SOLO_5x5",
    "mapId": 1,
    "teamId": 200,
    "championId": 37,
    "spell1": 7,
    "spell2": 4,
    "level": 30,
    "ipEarned": 92,
    "createDate": 1399029477139,
    "fellowPlayers": [
      {
        "summonerId": 20140700,
        "teamId": 100,
        "championId": 29
      },
      {
        "summonerId": 30803057,
        "teamId": 200,
        "championId": 56
      },
      {
        "summonerId": 23679252,
        "teamId": 100,
        "championId": 19
      },
      {
        "summonerId": 24652713,
        "teamId": 100,
        "championId": 75
      },
      {
        "summonerId": 20158347,
        "teamId": 100,
        "championId": 412
      },
      {
        "summonerId": 33375017,
        "teamId": 100,
        "championId": 38
      },
      {
        "summonerId": 31723239,
        "teamId": 200,
        "championId": 58
      },
      {
        "summonerId": 37435031,
        "teamId": 200,
        "championId": 236
      },
      {
        "summonerId": 29651030,
        "teamId": 200,
        "championId": 16
      }
    ],
    "stats": {
      "level": 14,
      "goldEarned": 9769,
      "numDeaths": 6,
      "minionsKilled": 26,
      "championsKilled": 3,
      "goldSpent": 8160,
      "totalDamageDealt": 44631,
      "totalDamageTaken": 23739,
      "killingSprees": 1,
      "largestKillingSpree": 2,
      "team": 200,
      "win": true,
      "largestMultiKill": 1,
      "physicalDamageDealtPlayer": 12644,
      "magicDamageDealtPlayer": 31986,
      "physicalDamageTaken": 13092,
      "magicDamageTaken": 8580,
      "timePlayed": 1932,
      "totalHeal": 15548,
      "totalUnitsHealed": 5,
      "assists": 21,
      "item0": 3069,
      "item1": 3158,
      "item2": 2049,
      "item3": 3174,
      "item4": 3057,
      "item6": 3340,
      "sightWardsBought": 2,
      "magicDamageDealtToChampions": 15019,
      "physicalDamageDealtToChampions": 4147,
      "totalDamageDealtToChampions": 19167,
      "trueDamageTaken": 2066,
      "wardKilled": 1,
      "wardPlaced": 9,
      "totalTimeCrowdControlDealt": 71
    }
  },
  "summonerCount": 10,
  "30803057": {
    "gameId": 825967437,
    "invalid": false,
    "gameMode": "CLASSIC",
    "gameType": "MATCHED_GAME",
    "subType": "RANKED_SOLO_5x5",
    "mapId": 1,
    "teamId": 200,
    "championId": 56,
    "spell1": 4,
    "spell2": 11,
    "level": 30,
    "ipEarned": 92,
    "createDate": 1399029477136,
    "fellowPlayers": [
      {
        "summonerId": 20140700,
        "teamId": 100,
        "championId": 29
      },
      {
        "summonerId": 23679252,
        "teamId": 100,
        "championId": 19
      },
      {
        "summonerId": 24652713,
        "teamId": 100,
        "championId": 75
      },
      {
        "summonerId": 20158347,
        "teamId": 100,
        "championId": 412
      },
      {
        "summonerId": 33375017,
        "teamId": 100,
        "championId": 38
      },
      {
        "summonerId": 31723239,
        "teamId": 200,
        "championId": 58
      },
      {
        "summonerId": 37435031,
        "teamId": 200,
        "championId": 236
      },
      {
        "summonerId": 29651030,
        "teamId": 200,
        "championId": 16
      },
      {
        "summonerId": 19471189,
        "teamId": 200,
        "championId": 37
      }
    ],
    "stats": {
      "level": 16,
      "goldEarned": 13350,
      "numDeaths": 3,
      "barracksKilled": 1,
      "turretsKilled": 1,
      "minionsKilled": 36,
      "championsKilled": 13,
      "goldSpent": 11280,
      "totalDamageDealt": 159375,
      "totalDamageTaken": 29008,
      "doubleKills": 1,
      "tripleKills": 1,
      "killingSprees": 2,
      "largestKillingSpree": 10,
      "team": 200,
      "win": true,
      "neutralMinionsKilled": 86,
      "largestMultiKill": 3,
      "physicalDamageDealtPlayer": 123947,
      "magicDamageDealtPlayer": 24081,
      "physicalDamageTaken": 21100,
      "magicDamageTaken": 5285,
      "largestCriticalStrike": 542,
      "timePlayed": 1932,
      "totalHeal": 6322,
      "totalUnitsHealed": 1,
      "assists": 11,
      "item0": 3142,
      "item1": 3153,
      "item2": 3111,
      "item3": 3160,
      "item4": 3082,
      "item5": 1011,
      "item6": 3340,
      "visionWardsBought": 1,
      "magicDamageDealtToChampions": 1825,
      "physicalDamageDealtToChampions": 18249,
      "totalDamageDealtToChampions": 20678,
      "trueDamageDealtPlayer": 11346,
      "trueDamageDealtToChampions": 604,
      "trueDamageTaken": 2622,
      "wardPlaced": 6,
      "neutralMinionsKilledEnemyJungle": 11,
      "neutralMinionsKilledYourJungle": 75,
      "totalTimeCrowdControlDealt": 645
    }
  },
  "24652713": {
    "gameId": 825967437,
    "invalid": false,
    "gameMode": "CLASSIC",
    "gameType": "MATCHED_GAME",
    "subType": "RANKED_SOLO_5x5",
    "mapId": 1,
    "teamId": 100,
    "championId": 75,
    "spell1": 14,
    "spell2": 4,
    "level": 30,
    "ipEarned": 61,
    "createDate": 1399029477132,
    "fellowPlayers": [
      {
        "summonerId": 20140700,
        "teamId": 100,
        "championId": 29
      },
      {
        "summonerId": 30803057,
        "teamId": 200,
        "championId": 56
      },
      {
        "summonerId": 23679252,
        "teamId": 100,
        "championId": 19
      },
      {
        "summonerId": 20158347,
        "teamId": 100,
        "championId": 412
      },
      {
        "summonerId": 33375017,
        "teamId": 100,
        "championId": 38
      },
      {
        "summonerId": 31723239,
        "teamId": 200,
        "championId": 58
      },
      {
        "summonerId": 37435031,
        "teamId": 200,
        "championId": 236
      },
      {
        "summonerId": 29651030,
        "teamId": 200,
        "championId": 16
      },
      {
        "summonerId": 19471189,
        "teamId": 200,
        "championId": 37
      }
    ],
    "stats": {
      "level": 16,
      "goldEarned": 10678,
      "numDeaths": 5,
      "minionsKilled": 183,
      "championsKilled": 7,
      "goldSpent": 10525,
      "totalDamageDealt": 125351,
      "totalDamageTaken": 36108,
      "doubleKills": 1,
      "tripleKills": 1,
      "quadraKills": 1,
      "killingSprees": 1,
      "largestKillingSpree": 6,
      "team": 100,
      "win": false,
      "neutralMinionsKilled": 12,
      "largestMultiKill": 4,
      "physicalDamageDealtPlayer": 88141,
      "magicDamageDealtPlayer": 36793,
      "physicalDamageTaken": 22898,
      "magicDamageTaken": 12515,
      "timePlayed": 1932,
      "totalHeal": 2003,
      "totalUnitsHealed": 1,
      "assists": 5,
      "item0": 3275,
      "item1": 2003,
      "item2": 3143,
      "item4": 3065,
      "item5": 3068,
      "item6": 3340,
      "magicDamageDealtToChampions": 11150,
      "physicalDamageDealtToChampions": 10549,
      "totalDamageDealtToChampions": 22115,
      "trueDamageDealtPlayer": 416,
      "trueDamageDealtToChampions": 416,
      "trueDamageTaken": 694,
      "wardPlaced": 7,
      "neutralMinionsKilledEnemyJungle": 2,
      "neutralMinionsKilledYourJungle": 10,
      "totalTimeCrowdControlDealt": 696
    }
  },
  "20158347": {
    "gameId": 825967437,
    "invalid": false,
    "gameMode": "CLASSIC",
    "gameType": "MATCHED_GAME",
    "subType": "RANKED_SOLO_5x5",
    "mapId": 1,
    "teamId": 100,
    "championId": 412,
    "spell1": 3,
    "spell2": 4,
    "level": 30,
    "ipEarned": 61,
    "createDate": 1399029477131,
    "fellowPlayers": [
      {
        "summonerId": 20140700,
        "teamId": 100,
        "championId": 29
      },
      {
        "summonerId": 30803057,
        "teamId": 200,
        "championId": 56
      },
      {
        "summonerId": 23679252,
        "teamId": 100,
        "championId": 19
      },
      {
        "summonerId": 24652713,
        "teamId": 100,
        "championId": 75
      },
      {
        "summonerId": 33375017,
        "teamId": 100,
        "championId": 38
      },
      {
        "summonerId": 31723239,
        "teamId": 200,
        "championId": 58
      },
      {
        "summonerId": 37435031,
        "teamId": 200,
        "championId": 236
      },
      {
        "summonerId": 29651030,
        "teamId": 200,
        "championId": 16
      },
      {
        "summonerId": 19471189,
        "teamId": 200,
        "championId": 37
      }
    ],
    "stats": {
      "level": 12,
      "goldEarned": 7255,
      "numDeaths": 10,
      "minionsKilled": 21,
      "championsKilled": 2,
      "goldSpent": 6045,
      "totalDamageDealt": 26016,
      "totalDamageTaken": 24806,
      "team": 100,
      "win": false,
      "largestMultiKill": 1,
      "physicalDamageDealtPlayer": 4618,
      "magicDamageDealtPlayer": 21398,
      "physicalDamageTaken": 15103,
      "magicDamageTaken": 9462,
      "timePlayed": 1932,
      "totalHeal": 662,
      "totalUnitsHealed": 1,
      "assists": 9,
      "item0": 3069,
      "item1": 2045,
      "item2": 3117,
      "item3": 1057,
      "item4": 1006,
      "item5": 1028,
      "item6": 3341,
      "sightWardsBought": 1,
      "magicDamageDealtToChampions": 7449,
      "physicalDamageDealtToChampions": 1049,
      "totalDamageDealtToChampions": 8499,
      "trueDamageTaken": 240,
      "wardKilled": 1,
      "wardPlaced": 9,
      "totalTimeCrowdControlDealt": 188
    }
  },
  "29651030": {
    "gameId": 825967437,
    "invalid": false,
    "gameMode": "CLASSIC",
    "gameType": "MATCHED_GAME",
    "subType": "RANKED_SOLO_5x5",
    "mapId": 1,
    "teamId": 200,
    "championId": 16,
    "spell1": 4,
    "spell2": 14,
    "level": 30,
    "ipEarned": 92,
    "createDate": 1399029477135,
    "fellowPlayers": [
      {
        "summonerId": 20140700,
        "teamId": 100,
        "championId": 29
      },
      {
        "summonerId": 30803057,
        "teamId": 200,
        "championId": 56
      },
      {
        "summonerId": 23679252,
        "teamId": 100,
        "championId": 19
      },
      {
        "summonerId": 24652713,
        "teamId": 100,
        "championId": 75
      },
      {
        "summonerId": 20158347,
        "teamId": 100,
        "championId": 412
      },
      {
        "summonerId": 33375017,
        "teamId": 100,
        "championId": 38
      },
      {
        "summonerId": 31723239,
        "teamId": 200,
        "championId": 58
      },
      {
        "summonerId": 37435031,
        "teamId": 200,
        "championId": 236
      },
      {
        "summonerId": 19471189,
        "teamId": 200,
        "championId": 37
      }
    ],
    "stats": {
      "level": 16,
      "goldEarned": 13851,
      "numDeaths": 6,
      "barracksKilled": 1,
      "turretsKilled": 4,
      "minionsKilled": 172,
      "championsKilled": 6,
      "goldSpent": 13010,
      "totalDamageDealt": 150000,
      "totalDamageTaken": 26357,
      "killingSprees": 2,
      "largestKillingSpree": 3,
      "team": 200,
      "win": true,
      "neutralMinionsKilled": 7,
      "largestMultiKill": 1,
      "physicalDamageDealtPlayer": 10520,
      "magicDamageDealtPlayer": 138533,
      "physicalDamageTaken": 13892,
      "magicDamageTaken": 10143,
      "timePlayed": 1932,
      "totalHeal": 23155,
      "totalUnitsHealed": 5,
      "assists": 22,
      "item0": 3151,
      "item1": 3116,
      "item2": 3174,
      "item3": 3111,
      "item4": 3024,
      "item6": 3340,
      "sightWardsBought": 1,
      "magicDamageDealtToChampions": 28534,
      "physicalDamageDealtToChampions": 1686,
      "totalDamageDealtToChampions": 31167,
      "trueDamageDealtPlayer": 946,
      "trueDamageDealtToChampions": 946,
      "trueDamageTaken": 2322,
      "wardPlaced": 6,
      "neutralMinionsKilledEnemyJungle": 3,
      "neutralMinionsKilledYourJungle": 4,
      "totalTimeCrowdControlDealt": 285
    }
  },
  "20140700": {
    "gameId": 825967437,
    "invalid": false,
    "gameMode": "CLASSIC",
    "gameType": "MATCHED_GAME",
    "subType": "RANKED_SOLO_5x5",
    "mapId": 1,
    "teamId": 100,
    "championId": 29,
    "spell1": 4,
    "spell2": 7,
    "level": 30,
    "ipEarned": 61,
    "createDate": 1399029477133,
    "fellowPlayers": [
      {
        "summonerId": 30803057,
        "teamId": 200,
        "championId": 56
      },
      {
        "summonerId": 23679252,
        "teamId": 100,
        "championId": 19
      },
      {
        "summonerId": 24652713,
        "teamId": 100,
        "championId": 75
      },
      {
        "summonerId": 20158347,
        "teamId": 100,
        "championId": 412
      },
      {
        "summonerId": 33375017,
        "teamId": 100,
        "championId": 38
      },
      {
        "summonerId": 31723239,
        "teamId": 200,
        "championId": 58
      },
      {
        "summonerId": 37435031,
        "teamId": 200,
        "championId": 236
      },
      {
        "summonerId": 29651030,
        "teamId": 200,
        "championId": 16
      },
      {
        "summonerId": 19471189,
        "teamId": 200,
        "championId": 37
      }
    ],
    "stats": {
      "level": 14,
      "goldEarned": 10031,
      "numDeaths": 7,
      "minionsKilled": 135,
      "championsKilled": 8,
      "goldSpent": 9945,
      "totalDamageDealt": 115953,
      "totalDamageTaken": 23939,
      "doubleKills": 1,
      "killingSprees": 3,
      "largestKillingSpree": 2,
      "team": 100,
      "win": false,
      "neutralMinionsKilled": 14,
      "largestMultiKill": 2,
      "physicalDamageDealtPlayer": 98271,
      "physicalDamageTaken": 17806,
      "magicDamageTaken": 5976,
      "timePlayed": 1932,
      "totalHeal": 3597,
      "totalUnitsHealed": 4,
      "assists": 6,
      "item0": 3085,
      "item1": 3250,
      "item2": 3072,
      "item3": 1038,
      "item4": 1037,
      "item6": 3340,
      "physicalDamageDealtToChampions": 25643,
      "totalDamageDealtToChampions": 35707,
      "trueDamageDealtPlayer": 17682,
      "trueDamageDealtToChampions": 10064,
      "trueDamageTaken": 156,
      "wardKilled": 1,
      "wardPlaced": 5,
      "neutralMinionsKilledYourJungle": 14,
      "totalTimeCrowdControlDealt": 880
    }
  },
  "31723239": {
    "gameId": 825967437,
    "invalid": false,
    "gameMode": "CLASSIC",
    "gameType": "MATCHED_GAME",
    "subType": "RANKED_SOLO_5x5",
    "mapId": 1,
    "teamId": 200,
    "championId": 58,
    "spell1": 4,
    "spell2": 14,
    "level": 30,
    "ipEarned": 92,
    "createDate": 1399029477138,
    "fellowPlayers": [
      {
        "summonerId": 20140700,
        "teamId": 100,
        "championId": 29
      },
      {
        "summonerId": 30803057,
        "teamId": 200,
        "championId": 56
      },
      {
        "summonerId": 23679252,
        "teamId": 100,
        "championId": 19
      },
      {
        "summonerId": 24652713,
        "teamId": 100,
        "championId": 75
      },
      {
        "summonerId": 20158347,
        "teamId": 100,
        "championId": 412
      },
      {
        "summonerId": 33375017,
        "teamId": 100,
        "championId": 38
      },
      {
        "summonerId": 37435031,
        "teamId": 200,
        "championId": 236
      },
      {
        "summonerId": 29651030,
        "teamId": 200,
        "championId": 16
      },
      {
        "summonerId": 19471189,
        "teamId": 200,
        "championId": 37
      }
    ],
    "stats": {
      "level": 16,
      "goldEarned": 10953,
      "numDeaths": 3,
      "minionsKilled": 161,
      "championsKilled": 2,
      "goldSpent": 9817,
      "totalDamageDealt": 109971,
      "totalDamageTaken": 29577,
      "team": 200,
      "win": true,
      "neutralMinionsKilled": 1,
      "largestMultiKill": 1,
      "physicalDamageDealtPlayer": 97188,
      "magicDamageDealtPlayer": 12070,
      "physicalDamageTaken": 18154,
      "magicDamageTaken": 9097,
      "timePlayed": 1932,
      "totalHeal": 6126,
      "totalUnitsHealed": 1,
      "assists": 15,
      "item0": 3143,
      "item1": 3134,
      "item2": 3265,
      "item3": 1054,
      "item4": 3068,
      "item5": 1028,
      "item6": 3340,
      "magicDamageDealtToChampions": 2661,
      "physicalDamageDealtToChampions": 16437,
      "totalDamageDealtToChampions": 19811,
      "trueDamageDealtPlayer": 712,
      "trueDamageDealtToChampions": 712,
      "trueDamageTaken": 2326,
      "wardPlaced": 8,
      "neutralMinionsKilledEnemyJungle": 1,
      "totalTimeCrowdControlDealt": 118
    }
  },
  "33375017": {
    "gameId": 825967437,
    "invalid": false,
    "gameMode": "CLASSIC",
    "gameType": "MATCHED_GAME",
    "subType": "RANKED_SOLO_5x5",
    "mapId": 1,
    "teamId": 100,
    "championId": 38,
    "spell1": 7,
    "spell2": 4,
    "level": 30,
    "ipEarned": 61,
    "createDate": 1399029477129,
    "fellowPlayers": [
      {
        "summonerId": 20140700,
        "teamId": 100,
        "championId": 29
      },
      {
        "summonerId": 30803057,
        "teamId": 200,
        "championId": 56
      },
      {
        "summonerId": 23679252,
        "teamId": 100,
        "championId": 19
      },
      {
        "summonerId": 24652713,
        "teamId": 100,
        "championId": 75
      },
      {
        "summonerId": 20158347,
        "teamId": 100,
        "championId": 412
      },
      {
        "summonerId": 31723239,
        "teamId": 200,
        "championId": 58
      },
      {
        "summonerId": 37435031,
        "teamId": 200,
        "championId": 236
      },
      {
        "summonerId": 29651030,
        "teamId": 200,
        "championId": 16
      },
      {
        "summonerId": 19471189,
        "teamId": 200,
        "championId": 37
      }
    ],
    "stats": {
      "level": 15,
      "goldEarned": 9059,
      "numDeaths": 4,
      "minionsKilled": 120,
      "championsKilled": 3,
      "goldSpent": 8860,
      "totalDamageDealt": 74028,
      "totalDamageTaken": 28965,
      "team": 100,
      "win": false,
      "neutralMinionsKilled": 8,
      "largestMultiKill": 1,
      "physicalDamageDealtPlayer": 21497,
      "magicDamageDealtPlayer": 52530,
      "physicalDamageTaken": 16591,
      "magicDamageTaken": 11491,
      "timePlayed": 1932,
      "totalHeal": 4013,
      "totalUnitsHealed": 4,
      "assists": 11,
      "item0": 2041,
      "item1": 3027,
      "item2": 3255,
      "item3": 3089,
      "item4": 3070,
      "item6": 3340,
      "magicDamageDealtToChampions": 15793,
      "physicalDamageDealtToChampions": 1767,
      "totalDamageDealtToChampions": 17561,
      "trueDamageTaken": 882,
      "wardPlaced": 4,
      "neutralMinionsKilledYourJungle": 8,
      "totalTimeCrowdControlDealt": 279
    }
  },
  "23679252": {
    "gameId": 825967437,
    "invalid": false,
    "gameMode": "CLASSIC",
    "gameType": "MATCHED_GAME",
    "subType": "RANKED_SOLO_5x5",
    "mapId": 1,
    "teamId": 100,
    "championId": 19,
    "spell1": 4,
    "spell2": 11,
    "level": 30,
    "ipEarned": 61,
    "createDate": 1399029477134,
    "fellowPlayers": [
      {
        "summonerId": 20140700,
        "teamId": 100,
        "championId": 29
      },
      {
        "summonerId": 30803057,
        "teamId": 200,
        "championId": 56
      },
      {
        "summonerId": 24652713,
        "teamId": 100,
        "championId": 75
      },
      {
        "summonerId": 20158347,
        "teamId": 100,
        "championId": 412
      },
      {
        "summonerId": 33375017,
        "teamId": 100,
        "championId": 38
      },
      {
        "summonerId": 31723239,
        "teamId": 200,
        "championId": 58
      },
      {
        "summonerId": 37435031,
        "teamId": 200,
        "championId": 236
      },
      {
        "summonerId": 29651030,
        "teamId": 200,
        "championId": 16
      },
      {
        "summonerId": 19471189,
        "teamId": 200,
        "championId": 37
      }
    ],
    "stats": {
      "level": 14,
      "goldEarned": 8734,
      "numDeaths": 8,
      "minionsKilled": 34,
      "championsKilled": 3,
      "goldSpent": 8425,
      "totalDamageDealt": 104029,
      "totalDamageTaken": 37581,
      "killingSprees": 1,
      "largestKillingSpree": 2,
      "team": 100,
      "win": false,
      "neutralMinionsKilled": 67,
      "largestMultiKill": 1,
      "physicalDamageDealtPlayer": 54697,
      "magicDamageDealtPlayer": 41692,
      "physicalDamageTaken": 25361,
      "magicDamageTaken": 11285,
      "timePlayed": 1932,
      "totalHeal": 12596,
      "totalUnitsHealed": 1,
      "assists": 10,
      "item0": 3153,
      "item1": 3211,
      "item2": 3154,
      "item3": 3047,
      "item4": 3067,
      "item6": 3341,
      "magicDamageDealtToChampions": 5774,
      "physicalDamageDealtToChampions": 3390,
      "totalDamageDealtToChampions": 9374,
      "trueDamageDealtPlayer": 7640,
      "trueDamageDealtToChampions": 210,
      "trueDamageTaken": 934,
      "wardKilled": 1,
      "wardPlaced": 1,
      "neutralMinionsKilledEnemyJungle": 8,
      "neutralMinionsKilledYourJungle": 59,
      "totalTimeCrowdControlDealt": 531
    }
  },
  "19471189": {
    "gameId": 825967437,
    "invalid": false,
    "gameMode": "CLASSIC",
    "gameType": "MATCHED_GAME",
    "subType": "RANKED_SOLO_5x5",
    "mapId": 1,
    "teamId": 200,
    "championId": 37,
    "spell1": 7,
    "spell2": 4,
    "level": 30,
    "ipEarned": 92,
    "createDate": 1399029477139,
    "fellowPlayers": [
      {
        "summonerId": 20140700,
        "teamId": 100,
        "championId": 29
      },
      {
        "summonerId": 30803057,
        "teamId": 200,
        "championId": 56
      },
      {
        "summonerId": 23679252,
        "teamId": 100,
        "championId": 19
      },
      {
        "summonerId": 24652713,
        "teamId": 100,
        "championId": 75
      },
      {
        "summonerId": 20158347,
        "teamId": 100,
        "championId": 412
      },
      {
        "summonerId": 33375017,
        "teamId": 100,
        "championId": 38
      },
      {
        "summonerId": 31723239,
        "teamId": 200,
        "championId": 58
      },
      {
        "summonerId": 37435031,
        "teamId": 200,
        "championId": 236
      },
      {
        "summonerId": 29651030,
        "teamId": 200,
        "championId": 16
      }
    ],
    "stats": {
      "level": 14,
      "goldEarned": 9769,
      "numDeaths": 6,
      "minionsKilled": 26,
      "championsKilled": 3,
      "goldSpent": 8160,
      "totalDamageDealt": 44631,
      "totalDamageTaken": 23739,
      "killingSprees": 1,
      "largestKillingSpree": 2,
      "team": 200,
      "win": true,
      "largestMultiKill": 1,
      "physicalDamageDealtPlayer": 12644,
      "magicDamageDealtPlayer": 31986,
      "physicalDamageTaken": 13092,
      "magicDamageTaken": 8580,
      "timePlayed": 1932,
      "totalHeal": 15548,
      "totalUnitsHealed": 5,
      "assists": 21,
      "item0": 3069,
      "item1": 3158,
      "item2": 2049,
      "item3": 3174,
      "item4": 3057,
      "item6": 3340,
      "sightWardsBought": 2,
      "magicDamageDealtToChampions": 15019,
      "physicalDamageDealtToChampions": 4147,
      "totalDamageDealtToChampions": 19167,
      "trueDamageTaken": 2066,
      "wardKilled": 1,
      "wardPlaced": 9,
      "totalTimeCrowdControlDealt": 71
    }
  }
}