{
  "37080395": {
    "gameId": 825984632,
    "invalid": false,
    "gameMode": "CLASSIC",
    "gameType": "MATCHED_GAME",
    "subType": "RANKED_SOLO_5x5",
    "mapId": 1,
    "teamId": 200,
    "championId": 105,
    "spell1": 4,
    "spell2": 14,
    "level": 30,
    "ipEarned": 108,
    "createDate": 1399031632478,
    "fellowPlayers": [
      {
        "summonerId": 27684636,
        "teamId": 200,
        "championId": 51
      },
      {
        "summonerId": 28194485,
        "teamId": 100,
        "championId": 28
      },
      {
        "summonerId": 27252582,
        "teamId": 100,
        "championId": 89
      },
      {
        "summonerId": 39083265,
        "teamId": 100,
        "championId": 122
      },
      {
        "summonerId": 27230254,
        "teamId": 100,
        "championId": 29
      },
      {
        "summonerId": 30865625,
        "teamId": 200,
        "championId": 106
      },
      {
        "summonerId": 38323511,
        "teamId": 200,
        "championId": 48
      },
      {
        "summonerId": 34067532,
        "teamId": 100,
        "championId": 115
      },
      {
        "summonerId": 24688138,
        "teamId": 200,
        "championId": 25
      }
    ],
    "stats": {
      "level": 18,
      "goldEarned": 12860,
      "numDeaths": 9,
      "turretsKilled": 1,
      "minionsKilled": 109,
      "championsKilled": 7,
      "goldSpent": 11230,
      "totalDamageDealt": 83323,
      "totalDamageTaken": 29441,
      "killingSprees": 2,
      "largestKillingSpree": 2,
      "team": 200,
      "win": true,
      "neutralMinionsKilled": 6,
      "largestMultiKill": 1,
      "physicalDamageDealtPlayer": 28888,
      "magicDamageDealtPlayer": 53604,
      "physicalDamageTaken": 12695,
      "magicDamageTaken": 14450,
      "timePlayed": 2347,
      "totalHeal": 3887,
      "totalUnitsHealed": 1,
      "assists": 15,
      "item0": 3089,
      "item2": 3191,
      "item3": 3255,
      "item4": 3145,
      "item5": 3100,
      "item6": 3340,
      "magicDamageDealtToChampions": 22647,
      "physicalDamageDealtToChampions": 3745,
      "totalDamageDealtToChampions": 27121,
      "trueDamageDealtPlayer": 830,
      "trueDamageDealtToChampions": 728,
      "trueDamageTaken": 2295,
      "wardKilled": 1,
      "wardPlaced": 13,
      "neutralMinionsKilledEnemyJungle": 1,
      "neutralMinionsKilledYourJungle": 5,
      "totalTimeCrowdControlDealt": 124
    }
  },
  "summonerCount": 10,
  "30865625": {
    "gameId": 825984632,
    "invalid": false,
    "gameMode": "CLASSIC",
    "gameType": "MATCHED_GAME",
    "subType": "RANKED_SOLO_5x5",
    "mapId": 1,
    "teamId": 200,
    "championId": 106,
    "spell1": 14,
    "spell2": 4,
    "level": 30,
    "ipEarned": 258,
    "createDate": 1399031632482,
    "fellowPlayers": [
      {
        "summonerId": 27684636,
        "teamId": 200,
        "championId": 51
      },
      {
        "summonerId": 28194485,
        "teamId": 100,
        "championId": 28
      },
      {
        "summonerId": 27252582,
        "teamId": 100,
        "championId": 89
      },
      {
        "summonerId": 39083265,
        "teamId": 100,
        "championId": 122
      },
      {
        "summonerId": 27230254,
        "teamId": 100,
        "championId": 29
      },
      {
        "summonerId": 38323511,
        "teamId": 200,
        "championId": 48
      },
      {
        "summonerId": 34067532,
        "teamId": 100,
        "championId": 115
      },
      {
        "summonerId": 37080395,
        "teamId": 200,
        "championId": 105
      },
      {
        "summonerId": 24688138,
        "teamId": 200,
        "championId": 25
      }
    ],
    "stats": {
      "level": 17,
      "goldEarned": 12537,
      "numDeaths": 5,
      "turretsKilled": 1,
      "minionsKilled": 161,
      "championsKilled": 9,
      "goldSpent": 11465,
      "totalDamageDealt": 115200,
      "totalDamageTaken": 42296,
      "doubleKills": 1,
      "killingSprees": 2,
      "largestKillingSpree": 6,
      "team": 200,
      "win": true,
      "neutralMinionsKilled": 7,
      "largestMultiKill": 2,
      "physicalDamageDealtPlayer": 81126,
      "magicDamageDealtPlayer": 33074,
      "physicalDamageTaken": 20896,
      "magicDamageTaken": 17627,
      "timePlayed": 2347,
      "totalHeal": 3128,
      "totalUnitsHealed": 1,
      "assists": 4,
      "item0": 3143,
      "item1": 1033,
      "item2": 3260,
      "item3": 3083,
      "item4": 3044,
      "item5": 3211,
      "item6": 3340,
      "magicDamageDealtToChampions": 6135,
      "physicalDamageDealtToChampions": 11700,
      "totalDamageDealtToChampions": 18578,
      "trueDamageDealtPlayer": 1000,
      "trueDamageDealtToChampions": 742,
      "trueDamageTaken": 3772,
      "wardPlaced": 7,
      "neutralMinionsKilledEnemyJungle": 7,
      "totalTimeCrowdControlDealt": 1629
    }
  },
  "27252582": {
    "gameId": 825984632,
    "invalid": false,
    "gameMode": "CLASSIC",
    "gameType": "MATCHED_GAME",
    "subType": "RANKED_SOLO_5x5",
    "mapId": 1,
    "teamId": 100,
    "championId": 89,
    "spell1": 4,
    "spell2": 3,
    "level": 30,
    "ipEarned": 71,
    "createDate": 1399031632477,
    "fellowPlayers": [
      {
        "summonerId": 27684636,
        "teamId": 200,
        "championId": 51
      },
      {
        "summonerId": 28194485,
        "teamId": 100,
        "championId": 28
      },
      {
        "summonerId": 39083265,
        "teamId": 100,
        "championId": 122
      },
      {
        "summonerId": 27230254,
        "teamId": 100,
        "championId": 29
      },
      {
        "summonerId": 30865625,
        "teamId": 200,
        "championId": 106
      },
      {
        "summonerId": 38323511,
        "teamId": 200,
        "championId": 48
      },
      {
        "summonerId": 34067532,
        "teamId": 100,
        "championId": 115
      },
      {
        "summonerId": 37080395,
        "teamId": 200,
        "championId": 105
      },
      {
        "summonerId": 24688138,
        "teamId": 200,
        "championId": 25
      }
    ],
    "stats": {
      "level": 16,
      "goldEarned": 11120,
      "numDeaths": 9,
      "turretsKilled": 1,
      "minionsKilled": 13,
      "championsKilled": 5,
      "goldSpent": 11200,
      "totalDamageDealt": 24006,
      "totalDamageTaken": 35318,
      "killingSprees": 1,
      "largestKillingSpree": 3,
      "team": 100,
      "win": false,
      "neutralMinionsKilled": 1,
      "largestMultiKill": 1,
      "physicalDamageDealtPlayer": 8794,
      "magicDamageDealtPlayer": 15151,
      "physicalDamageTaken": 19471,
      "magicDamageTaken": 14533,
      "timePlayed": 2347,
      "totalHeal": 360,
      "totalUnitsHealed": 1,
      "assists": 22,
      "item0": 3143,
      "item1": 3260,
      "item2": 3190,
      "item3": 2045,
      "item4": 1054,
      "item5": 1031,
      "item6": 3341,
      "visionWardsBought": 1,
      "magicDamageDealtToChampions": 8219,
      "physicalDamageDealtToChampions": 4547,
      "totalDamageDealtToChampions": 12827,
      "trueDamageDealtPlayer": 60,
      "trueDamageDealtToChampions": 60,
      "trueDamageTaken": 1314,
      "wardPlaced": 15,
      "neutralMinionsKilledYourJungle": 1,
      "totalTimeCrowdControlDealt": 181
    }
  },
  "38323511": {
    "gameId": 825984632,
    "invalid": false,
    "gameMode": "CLASSIC",
    "gameType": "MATCHED_GAME",
    "subType": "RANKED_SOLO_5x5",
    "mapId": 1,
    "teamId": 200,
    "championId": 48,
    "spell1": 4,
    "spell2": 11,
    "level": 30,
    "ipEarned": 108,
    "createDate": 1399031632480,
    "fellowPlayers": [
      {
        "summonerId": 27684636,
        "teamId": 200,
        "championId": 51
      },
      {
        "summonerId": 28194485,
        "teamId": 100,
        "championId": 28
      },
      {
        "summonerId": 27252582,
        "teamId": 100,
        "championId": 89
      },
      {
        "summonerId": 39083265,
        "teamId": 100,
        "championId": 122
      },
      {
        "summonerId": 27230254,
        "teamId": 100,
        "championId": 29
      },
      {
        "summonerId": 30865625,
        "teamId": 200,
        "championId": 106
      },
      {
        "summonerId": 34067532,
        "teamId": 100,
        "championId": 115
      },
      {
        "summonerId": 37080395,
        "teamId": 200,
        "championId": 105
      },
      {
        "summonerId": 24688138,
        "teamId": 200,
        "championId": 25
      }
    ],
    "stats": {
      "level": 18,
      "goldEarned": 14857,
      "numDeaths": 7,
      "turretsKilled": 2,
      "minionsKilled": 51,
      "championsKilled": 5,
      "goldSpent": 14230,
      "totalDamageDealt": 176147,
      "totalDamageTaken": 42905,
      "killingSprees": 1,
      "largestKillingSpree": 2,
      "team": 200,
      "win": true,
      "neutralMinionsKilled": 99,
      "largestMultiKill": 1,
      "physicalDamageDealtPlayer": 115679,
      "magicDamageDealtPlayer": 48810,
      "physicalDamageTaken": 23064,
      "magicDamageTaken": 15852,
      "timePlayed": 2347,
      "totalHeal": 14863,
      "totalUnitsHealed": 1,
      "assists": 21,
      "item0": 3153,
      "item1": 3143,
      "item2": 3160,
      "item3": 3065,
      "item4": 3075,
      "item5": 3047,
      "item6": 3341,
      "magicDamageDealtToChampions": 4235,
      "physicalDamageDealtToChampions": 16251,
      "totalDamageDealtToChampions": 21363,
      "trueDamageDealtPlayer": 11658,
      "trueDamageDealtToChampions": 876,
      "trueDamageTaken": 3989,
      "wardKilled": 5,
      "wardPlaced": 8,
      "neutralMinionsKilledEnemyJungle": 6,
      "neutralMinionsKilledYourJungle": 93,
      "totalTimeCrowdControlDealt": 1136
    }
  },
  "34067532": {
    "gameId": 825984632,
    "invalid": false,
    "gameMode": "CLASSIC",
    "gameType": "MATCHED_GAME",
    "subType": "RANKED_SOLO_5x5",
    "mapId": 1,
    "teamId": 100,
    "championId": 115,
    "spell1": 4,
    "spell2": 14,
    "level": 30,
    "ipEarned": 71,
    "createDate": 1399031632472,
    "fellowPlayers": [
      {
        "summonerId": 27684636,
        "teamId": 200,
        "championId": 51
      },
      {
        "summonerId": 28194485,
        "teamId": 100,
        "championId": 28
      },
      {
        "summonerId": 27252582,
        "teamId": 100,
        "championId": 89
      },
      {
        "summonerId": 39083265,
        "teamId": 100,
        "championId": 122
      },
      {
        "summonerId": 27230254,
        "teamId": 100,
        "championId": 29
      },
      {
        "summonerId": 30865625,
        "teamId": 200,
        "championId": 106
      },
      {
        "summonerId": 38323511,
        "teamId": 200,
        "championId": 48
      },
      {
        "summonerId": 37080395,
        "teamId": 200,
        "championId": 105
      },
      {
        "summonerId": 24688138,
        "teamId": 200,
        "championId": 25
      }
    ],
    "stats": {
      "level": 18,
      "goldEarned": 14253,
      "numDeaths": 12,
      "minionsKilled": 193,
      "championsKilled": 13,
      "goldSpent": 14160,
      "totalDamageDealt": 183856,
      "totalDamageTaken": 27334,
      "doubleKills": 1,
      "killingSprees": 5,
      "largestKillingSpree": 2,
      "team": 100,
      "win": false,
      "neutralMinionsKilled": 7,
      "largestMultiKill": 2,
      "physicalDamageDealtPlayer": 13131,
      "magicDamageDealtPlayer": 168975,
      "physicalDamageTaken": 14985,
      "magicDamageTaken": 11443,
      "timePlayed": 2347,
      "totalHeal": 549,
      "totalUnitsHealed": 1,
      "assists": 13,
      "item0": 3255,
      "item1": 3157,
      "item2": 2003,
      "item3": 3174,
      "item4": 3089,
      "item5": 3135,
      "item6": 3340,
      "sightWardsBought": 6,
      "magicDamageDealtToChampions": 45862,
      "physicalDamageDealtToChampions": 2231,
      "totalDamageDealtToChampions": 49674,
      "trueDamageDealtPlayer": 1750,
      "trueDamageDealtToChampions": 1580,
      "trueDamageTaken": 906,
      "wardPlaced": 13,
      "neutralMinionsKilledYourJungle": 7,
      "totalTimeCrowdControlDealt": 450
    }
  },
  "39083265": {
    "gameId": 825984632,
    "invalid": false,
    "gameMode": "CLASSIC",
    "gameType": "MATCHED_GAME",
    "subType": "RANKED_SOLO_5x5",
    "mapId": 1,
    "teamId": 100,
    "championId": 122,
    "spell1": 4,
    "spell2": 14,
    "level": 30,
    "ipEarned": 71,
    "createDate": 1399031632474,
    "fellowPlayers": [
      {
        "summonerId": 27684636,
        "teamId": 200,
        "championId": 51
      },
      {
        "summonerId": 28194485,
        "teamId": 100,
        "championId": 28
      },
      {
        "summonerId": 27252582,
        "teamId": 100,
        "championId": 89
      },
      {
        "summonerId": 27230254,
        "teamId": 100,
        "championId": 29
      },
      {
        "summonerId": 30865625,
        "teamId": 200,
        "championId": 106
      },
      {
        "summonerId": 38323511,
        "teamId": 200,
        "championId": 48
      },
      {
        "summonerId": 34067532,
        "teamId": 100,
        "championId": 115
      },
      {
        "summonerId": 37080395,
        "teamId": 200,
        "championId": 105
      },
      {
        "summonerId": 24688138,
        "teamId": 200,
        "championId": 25
      }
    ],
    "stats": {
      "level": 16,
      "goldEarned": 11088,
      "numDeaths": 11,
      "turretsKilled": 2,
      "minionsKilled": 175,
      "championsKilled": 5,
      "goldSpent": 12120,
      "totalDamageDealt": 121934,
      "totalDamageTaken": 34582,
      "doubleKills": 1,
      "killingSprees": 1,
      "largestKillingSpree": 4,
      "team": 100,
      "win": false,
      "neutralMinionsKilled": 8,
      "largestMultiKill": 2,
      "physicalDamageDealtPlayer": 101865,
      "magicDamageDealtPlayer": 15024,
      "physicalDamageTaken": 22987,
      "magicDamageTaken": 10970,
      "timePlayed": 2347,
      "totalHeal": 784,
      "totalUnitsHealed": 1,
      "assists": 6,
      "item0": 3068,
      "item1": 3143,
      "item2": 3074,
      "item3": 1001,
      "item4": 1057,
      "item5": 1028,
      "item6": 3340,
      "magicDamageDealtToChampions": 4884,
      "physicalDamageDealtToChampions": 14319,
      "totalDamageDealtToChampions": 24248,
      "trueDamageDealtPlayer": 5044,
      "trueDamageDealtToChampions": 5044,
      "trueDamageTaken": 624,
      "wardPlaced": 9,
      "neutralMinionsKilledEnemyJungle": 1,
      "neutralMinionsKilledYourJungle": 7,
      "totalTimeCrowdControlDealt": 281
    }
  },
  "27230254": {
    "gameId": 825984632,
    "invalid": false,
    "gameMode": "CLASSIC",
    "gameType": "MATCHED_GAME",
    "subType": "RANKED_SOLO_5x5",
    "mapId": 1,
    "teamId": 100,
    "championId": 29,
    "spell1": 4,
    "spell2": 7,
    "level": 30,
    "ipEarned": 71,
    "createDate": 1399031632473,
    "fellowPlayers": [
      {
        "summonerId": 27684636,
        "teamId": 200,
        "championId": 51
      },
      {
        "summonerId": 28194485,
        "teamId": 100,
        "championId": 28
      },
      {
        "summonerId": 27252582,
        "teamId": 100,
        "championId": 89
      },
      {
        "summonerId": 39083265,
        "teamId": 100,
        "championId": 122
      },
      {
        "summonerId": 30865625,
        "teamId": 200,
        "championId": 106
      },
      {
        "summonerId": 38323511,
        "teamId": 200,
        "championId": 48
      },
      {
        "summonerId": 34067532,
        "teamId": 100,
        "championId": 115
      },
      {
        "summonerId": 37080395,
        "teamId": 200,
        "championId": 105
      },
      {
        "summonerId": 24688138,
        "teamId": 200,
        "championId": 25
      }
    ],
    "stats": {
      "level": 18,
      "goldEarned": 13394,
      "numDeaths": 12,
      "minionsKilled": 139,
      "championsKilled": 11,
      "goldSpent": 13095,
      "totalDamageDealt": 120499,
      "totalDamageTaken": 37212,
      "doubleKills": 1,
      "tripleKills": 1,
      "killingSprees": 4,
      "largestKillingSpree": 3,
      "team": 100,
      "win": false,
      "neutralMinionsKilled": 21,
      "largestMultiKill": 3,
      "physicalDamageDealtPlayer": 106074,
      "magicDamageDealtPlayer": 1431,
      "physicalDamageTaken": 28012,
      "magicDamageTaken": 8059,
      "timePlayed": 2347,
      "totalHeal": 4936,
      "totalUnitsHealed": 4,
      "assists": 13,
      "item0": 3153,
      "item1": 3072,
      "item2": 3035,
      "item3": 3250,
      "item4": 1038,
      "item5": 1037,
      "item6": 3340,
      "magicDamageDealtToChampions": 1167,
      "physicalDamageDealtToChampions": 25724,
      "totalDamageDealtToChampions": 32971,
      "trueDamageDealtPlayer": 12994,
      "trueDamageDealtToChampions": 6080,
      "trueDamageTaken": 1140,
      "wardKilled": 1,
      "wardPlaced": 3,
      "neutralMinionsKilledEnemyJungle": 3,
      "neutralMinionsKilledYourJungle": 18,
      "totalTimeCrowdControlDealt": 556
    }
  },
  "24688138": {
    "gameId": 825984632,
    "invalid": false,
    "gameMode": "CLASSIC",
    "gameType": "MATCHED_GAME",
    "subType": "RANKED_SOLO_5x5",
    "mapId": 1,
    "teamId": 200,
    "championId": 25,
    "spell1": 4,
    "spell2": 14,
    "level": 30,
    "ipEarned": 108,
    "createDate": 1399031632481,
    "fellowPlayers": [
      {
        "summonerId": 27684636,
        "teamId": 200,
        "championId": 51
      },
      {
        "summonerId": 28194485,
        "teamId": 100,
        "championId": 28
      },
      {
        "summonerId": 27252582,
        "teamId": 100,
        "championId": 89
      },
      {
        "summonerId": 39083265,
        "teamId": 100,
        "championId": 122
      },
      {
        "summonerId": 27230254,
        "teamId": 100,
        "championId": 29
      },
      {
        "summonerId": 30865625,
        "teamId": 200,
        "championId": 106
      },
      {
        "summonerId": 38323511,
        "teamId": 200,
        "championId": 48
      },
      {
        "summonerId": 34067532,
        "teamId": 100,
        "championId": 115
      },
      {
        "summonerId": 37080395,
        "teamId": 200,
        "championId": 105
      }
    ],
    "stats": {
      "level": 18,
      "goldEarned": 13271,
      "numDeaths": 9,
      "turretsKilled": 1,
      "minionsKilled": 49,
      "championsKilled": 3,
      "goldSpent": 12285,
      "totalDamageDealt": 67505,
      "totalDamageTaken": 30325,
      "team": 200,
      "win": true,
      "neutralMinionsKilled": 2,
      "largestMultiKill": 1,
      "physicalDamageDealtPlayer": 10260,
      "magicDamageDealtPlayer": 56234,
      "physicalDamageTaken": 10722,
      "magicDamageTaken": 17452,
      "timePlayed": 2347,
      "totalHeal": 2489,
      "totalUnitsHealed": 1,
      "assists": 26,
      "item0": 3096,
      "item1": 3027,
      "item2": 3020,
      "item3": 3157,
      "item4": 3110,
      "item6": 3340,
      "sightWardsBought": 2,
      "visionWardsBought": 1,
      "magicDamageDealtToChampions": 19186,
      "physicalDamageDealtToChampions": 1451,
      "totalDamageDealtToChampions": 21648,
      "trueDamageDealtPlayer": 1010,
      "trueDamageDealtToChampions": 1010,
      "trueDamageTaken": 2150,
      "wardKilled": 2,
      "wardPlaced": 12,
      "neutralMinionsKilledYourJungle": 2,
      "totalTimeCrowdControlDealt": 409
    }
  },
  "28194485": {
    "gameId": 825984632,
    "invalid": false,
    "gameMode": "CLASSIC",
    "gameType": "MATCHED_GAME",
    "subType": "RANKED_SOLO_5x5",
    "mapId": 1,
    "teamId": 100,
    "championId": 28,
    "spell1": 4,
    "spell2": 11,
    "level": 30,
    "ipEarned": 71,
    "createDate": 1399031632475,
    "fellowPlayers": [
      {
        "summonerId": 27684636,
        "teamId": 200,
        "championId": 51
      },
      {
        "summonerId": 27252582,
        "teamId": 100,
        "championId": 89
      },
      {
        "summonerId": 39083265,
        "teamId": 100,
        "championId": 122
      },
      {
        "summonerId": 27230254,
        "teamId": 100,
        "championId": 29
      },
      {
        "summonerId": 30865625,
        "teamId": 200,
        "championId": 106
      },
      {
        "summonerId": 38323511,
        "teamId": 200,
        "championId": 48
      },
      {
        "summonerId": 34067532,
        "teamId": 100,
        "championId": 115
      },
      {
        "summonerId": 37080395,
        "teamId": 200,
        "championId": 105
      },
      {
        "summonerId": 24688138,
        "teamId": 200,
        "championId": 25
      }
    ],
    "stats": {
      "level": 17,
      "goldEarned": 11735,
      "numDeaths": 6,
      "minionsKilled": 58,
      "championsKilled": 5,
      "goldSpent": 11050,
      "totalDamageDealt": 148527,
      "totalDamageTaken": 34509,
      "killingSprees": 1,
      "largestKillingSpree": 3,
      "team": 100,
      "win": false,
      "neutralMinionsKilled": 83,
      "largestMultiKill": 1,
      "physicalDamageDealtPlayer": 47126,
      "magicDamageDealtPlayer": 84627,
      "physicalDamageTaken": 23035,
      "magicDamageTaken": 10865,
      "timePlayed": 2347,
      "totalHeal": 4831,
      "totalUnitsHealed": 1,
      "assists": 13,
      "item0": 3209,
      "item1": 3143,
      "item2": 3068,
      "item3": 1031,
      "item4": 3265,
      "item5": 2043,
      "item6": 3342,
      "sightWardsBought": 1,
      "visionWardsBought": 3,
      "magicDamageDealtToChampions": 15343,
      "physicalDamageDealtToChampions": 5350,
      "totalDamageDealtToChampions": 22504,
      "trueDamageDealtPlayer": 16774,
      "trueDamageDealtToChampions": 1810,
      "trueDamageTaken": 609,
      "wardPlaced": 3,
      "neutralMinionsKilledEnemyJungle": 2,
      "neutralMinionsKilledYourJungle": 81,
      "totalTimeCrowdControlDealt": 564
    }
  },
  "27684636": {
    "gameId": 825984632,
    "invalid": false,
    "gameMode": "CLASSIC",
    "gameType": "MATCHED_GAME",
    "subType": "RANKED_SOLO_5x5",
    "mapId": 1,
    "teamId": 200,
    "championId": 51,
    "spell1": 7,
    "spell2": 4,
    "level": 30,
    "ipEarned": 108,
    "createDate": 1399031632479,
    "fellowPlayers": [
      {
        "summonerId": 28194485,
        "teamId": 100,
        "championId": 28
      },
      {
        "summonerId": 27252582,
        "teamId": 100,
        "championId": 89
      },
      {
        "summonerId": 39083265,
        "teamId": 100,
        "championId": 122
      },
      {
        "summonerId": 27230254,
        "teamId": 100,
        "championId": 29
      },
      {
        "summonerId": 30865625,
        "teamId": 200,
        "championId": 106
      },
      {
        "summonerId": 38323511,
        "teamId": 200,
        "championId": 48
      },
      {
        "summonerId": 34067532,
        "teamId": 100,
        "championId": 115
      },
      {
        "summonerId": 37080395,
        "teamId": 200,
        "championId": 105
      },
      {
        "summonerId": 24688138,
        "teamId": 200,
        "championId": 25
      }
    ],
    "stats": {
      "level": 18,
      "goldEarned": 21379,
      "numDeaths": 9,
      "barracksKilled": 1,
      "turretsKilled": 2,
      "minionsKilled": 251,
      "championsKilled": 26,
      "goldSpent": 19600,
      "totalDamageDealt": 251893,
      "totalDamageTaken": 29680,
      "doubleKills": 5,
      "tripleKills": 1,
      "quadraKills": 1,
      "killingSprees": 6,
      "largestKillingSpree": 6,
      "team": 200,
      "win": true,
      "neutralMinionsKilled": 27,
      "largestMultiKill": 4,
      "physicalDamageDealtPlayer": 246375,
      "magicDamageDealtPlayer": 4109,
      "physicalDamageTaken": 16481,
      "magicDamageTaken": 10094,
      "largestCriticalStrike": 1922,
      "timePlayed": 2347,
      "totalHeal": 4655,
      "totalUnitsHealed": 3,
      "assists": 9,
      "item0": 3139,
      "item1": 3031,
      "item2": 3035,
      "item3": 3072,
      "item4": 3250,
      "item5": 3046,
      "item6": 3340,
      "magicDamageDealtToChampions": 3666,
      "physicalDamageDealtToChampions": 51318,
      "totalDamageDealtToChampions": 56056,
      "trueDamageDealtPlayer": 1408,
      "trueDamageDealtToChampions": 1072,
      "trueDamageTaken": 3103,
      "wardPlaced": 5,
      "neutralMinionsKilledEnemyJungle": 10,
      "neutralMinionsKilledYourJungle": 17,
      "totalTimeCrowdControlDealt": 409
    }
  }
}