{
  "24208415": {
    "gameId": 825984523,
    "invalid": false,
    "gameMode": "CLASSIC",
    "gameType": "MATCHED_GAME",
    "subType": "NORMAL",
    "mapId": 1,
    "teamId": 100,
    "championId": 23,
    "spell1": 14,
    "spell2": 4,
    "level": 30,
    "ipEarned": 94,
    "createDate": 1399031195122,
    "fellowPlayers": [
      {
        "summonerId": 35795376,
        "teamId": 200,
        "championId": 157
      },
      {
        "summonerId": 36195600,
        "teamId": 100,
        "championId": 89
      },
      {
        "summonerId": 26530935,
        "teamId": 200,
        "championId": 61
      },
      {
        "summonerId": 22053399,
        "teamId": 100,
        "championId": 222
      },
      {
        "summonerId": 33572975,
        "teamId": 200,
        "championId": 222
      },
      {
        "summonerId": 34269424,
        "teamId": 200,
        "championId": 13
      },
      {
        "summonerId": 33507662,
        "teamId": 100,
        "championId": 64
      },
      {
        "summonerId": 32498512,
        "teamId": 100,
        "championId": 79
      },
      {
        "summonerId": 34476255,
        "teamId": 200,
        "championId": 119
      }
    ],
    "stats": {
      "level": 18,
      "goldEarned": 17047,
      "numDeaths": 6,
      "barracksKilled": 2,
      "turretsKilled": 3,
      "minionsKilled": 189,
      "championsKilled": 18,
      "goldSpent": 15290,
      "totalDamageDealt": 214069,
      "totalDamageTaken": 44406,
      "doubleKills": 3,
      "tripleKills": 1,
      "killingSprees": 4,
      "largestKillingSpree": 7,
      "team": 100,
      "win": true,
      "neutralMinionsKilled": 19,
      "largestMultiKill": 3,
      "physicalDamageDealtPlayer": 211725,
      "magicDamageDealtPlayer": 771,
      "physicalDamageTaken": 30594,
      "magicDamageTaken": 13373,
      "largestCriticalStrike": 777,
      "timePlayed": 2034,
      "totalHeal": 7288,
      "totalUnitsHealed": 1,
      "assists": 2,
      "item0": 3006,
      "item1": 3153,
      "item2": 3046,
      "item3": 3072,
      "item4": 3031,
      "item5": 1011,
      "item6": 3340,
      "sightWardsBought": 1,
      "magicDamageDealtToChampions": 672,
      "physicalDamageDealtToChampions": 30017,
      "totalDamageDealtToChampions": 32056,
      "trueDamageDealtPlayer": 1572,
      "trueDamageDealtToChampions": 1366,
      "trueDamageTaken": 438,
      "wardPlaced": 7,
      "neutralMinionsKilledEnemyJungle": 16,
      "neutralMinionsKilledYourJungle": 3,
      "totalTimeCrowdControlDealt": 378
    }
  },
  "summonerCount": 10,
  "36195600": {
    "gameId": 825984523,
    "invalid": false,
    "gameMode": "CLASSIC",
    "gameType": "MATCHED_GAME",
    "subType": "NORMAL",
    "mapId": 1,
    "teamId": 100,
    "championId": 89,
    "spell1": 3,
    "spell2": 4,
    "level": 30,
    "ipEarned": 94,
    "createDate": 1399031195127,
    "fellowPlayers": [
      {
        "summonerId": 35795376,
        "teamId": 200,
        "championId": 157
      },
      {
        "summonerId": 26530935,
        "teamId": 200,
        "championId": 61
      },
      {
        "summonerId": 22053399,
        "teamId": 100,
        "championId": 222
      },
      {
        "summonerId": 33572975,
        "teamId": 200,
        "championId": 222
      },
      {
        "summonerId": 34269424,
        "teamId": 200,
        "championId": 13
      },
      {
        "summonerId": 33507662,
        "teamId": 100,
        "championId": 64
      },
      {
        "summonerId": 32498512,
        "teamId": 100,
        "championId": 79
      },
      {
        "summonerId": 34476255,
        "teamId": 200,
        "championId": 119
      },
      {
        "summonerId": 24208415,
        "teamId": 100,
        "championId": 23
      }
    ],
    "stats": {
      "level": 17,
      "goldEarned": 13803,
      "numDeaths": 4,
      "turretsKilled": 1,
      "minionsKilled": 83,
      "championsKilled": 4,
      "goldSpent": 12215,
      "totalDamageDealt": 53880,
      "totalDamageTaken": 31896,
      "killingSprees": 2,
      "largestKillingSpree": 2,
      "team": 100,
      "win": true,
      "largestMultiKill": 1,
      "physicalDamageDealtPlayer": 19393,
      "magicDamageDealtPlayer": 28719,
      "physicalDamageTaken": 15139,
      "magicDamageTaken": 16475,
      "timePlayed": 2034,
      "totalHeal": 4125,
      "totalUnitsHealed": 5,
      "assists": 21,
      "item0": 3143,
      "item1": 3401,
      "item2": 2045,
      "item3": 3068,
      "item4": 3264,
      "item5": 1011,
      "item6": 3340,
      "sightWardsBought": 2,
      "magicDamageDealtToChampions": 6770,
      "physicalDamageDealtToChampions": 3260,
      "totalDamageDealtToChampions": 10296,
      "trueDamageDealtPlayer": 5767,
      "trueDamageDealtToChampions": 266,
      "trueDamageTaken": 282,
      "wardPlaced": 6,
      "totalTimeCrowdControlDealt": 344
    }
  },
  "33507662": {
    "gameId": 825984523,
    "invalid": false,
    "gameMode": "CLASSIC",
    "gameType": "MATCHED_GAME",
    "subType": "NORMAL",
    "mapId": 1,
    "teamId": 100,
    "championId": 64,
    "spell1": 4,
    "spell2": 11,
    "level": 30,
    "ipEarned": 94,
    "createDate": 1399031195124,
    "fellowPlayers": [
      {
        "summonerId": 35795376,
        "teamId": 200,
        "championId": 157
      },
      {
        "summonerId": 36195600,
        "teamId": 100,
        "championId": 89
      },
      {
        "summonerId": 26530935,
        "teamId": 200,
        "championId": 61
      },
      {
        "summonerId": 22053399,
        "teamId": 100,
        "championId": 222
      },
      {
        "summonerId": 33572975,
        "teamId": 200,
        "championId": 222
      },
      {
        "summonerId": 34269424,
        "teamId": 200,
        "championId": 13
      },
      {
        "summonerId": 32498512,
        "teamId": 100,
        "championId": 79
      },
      {
        "summonerId": 34476255,
        "teamId": 200,
        "championId": 119
      },
      {
        "summonerId": 24208415,
        "teamId": 100,
        "championId": 23
      }
    ],
    "stats": {
      "level": 17,
      "goldEarned": 11396,
      "numDeaths": 4,
      "barracksKilled": 1,
      "minionsKilled": 55,
      "championsKilled": 3,
      "goldSpent": 9215,
      "totalDamageDealt": 112736,
      "totalDamageTaken": 21031,
      "team": 100,
      "win": true,
      "neutralMinionsKilled": 64,
      "largestMultiKill": 1,
      "physicalDamageDealtPlayer": 66372,
      "magicDamageDealtPlayer": 36326,
      "physicalDamageTaken": 13214,
      "magicDamageTaken": 7613,
      "timePlayed": 2034,
      "totalHeal": 1605,
      "totalUnitsHealed": 1,
      "assists": 10,
      "item0": 3154,
      "item1": 3047,
      "item2": 3072,
      "item3": 3083,
      "item6": 3340,
      "magicDamageDealtToChampions": 1663,
      "physicalDamageDealtToChampions": 4327,
      "totalDamageDealtToChampions": 6079,
      "trueDamageDealtPlayer": 10038,
      "trueDamageDealtToChampions": 88,
      "trueDamageTaken": 204,
      "wardPlaced": 9,
      "neutralMinionsKilledEnemyJungle": 19,
      "neutralMinionsKilledYourJungle": 45,
      "totalTimeCrowdControlDealt": 732
    }
  },
  "22053399": {
    "gameId": 825984523,
    "invalid": false,
    "gameMode": "CLASSIC",
    "gameType": "MATCHED_GAME",
    "subType": "NORMAL",
    "mapId": 1,
    "teamId": 100,
    "championId": 222,
    "spell1": 4,
    "spell2": 7,
    "level": 30,
    "ipEarned": 94,
    "createDate": 1399031195125,
    "fellowPlayers": [
      {
        "summonerId": 35795376,
        "teamId": 200,
        "championId": 157
      },
      {
        "summonerId": 36195600,
        "teamId": 100,
        "championId": 89
      },
      {
        "summonerId": 26530935,
        "teamId": 200,
        "championId": 61
      },
      {
        "summonerId": 33572975,
        "teamId": 200,
        "championId": 222
      },
      {
        "summonerId": 34269424,
        "teamId": 200,
        "championId": 13
      },
      {
        "summonerId": 33507662,
        "teamId": 100,
        "championId": 64
      },
      {
        "summonerId": 32498512,
        "teamId": 100,
        "championId": 79
      },
      {
        "summonerId": 34476255,
        "teamId": 200,
        "championId": 119
      },
      {
        "summonerId": 24208415,
        "teamId": 100,
        "championId": 23
      }
    ],
    "stats": {
      "level": 18,
      "goldEarned": 14896,
      "numDeaths": 6,
      "turretsKilled": 4,
      "minionsKilled": 150,
      "championsKilled": 12,
      "goldSpent": 12445,
      "totalDamageDealt": 166578,
      "totalDamageTaken": 28575,
      "doubleKills": 1,
      "killingSprees": 3,
      "largestKillingSpree": 4,
      "team": 100,
      "win": true,
      "neutralMinionsKilled": 29,
      "largestMultiKill": 2,
      "physicalDamageDealtPlayer": 151779,
      "magicDamageDealtPlayer": 12514,
      "physicalDamageTaken": 17296,
      "magicDamageTaken": 10412,
      "largestCriticalStrike": 644,
      "timePlayed": 2034,
      "totalHeal": 3113,
      "totalUnitsHealed": 2,
      "assists": 8,
      "item0": 3035,
      "item1": 3006,
      "item2": 3072,
      "item3": 3087,
      "item4": 3022,
      "item6": 3340,
      "magicDamageDealtToChampions": 4299,
      "physicalDamageDealtToChampions": 24299,
      "totalDamageDealtToChampions": 29535,
      "trueDamageDealtPlayer": 2284,
      "trueDamageDealtToChampions": 936,
      "trueDamageTaken": 866,
      "wardPlaced": 6,
      "neutralMinionsKilledEnemyJungle": 10,
      "neutralMinionsKilledYourJungle": 19,
      "totalTimeCrowdControlDealt": 528
    }
  },
  "34269424": {
    "gameId": 825984523,
    "invalid": false,
    "gameMode": "CLASSIC",
    "gameType": "MATCHED_GAME",
    "subType": "NORMAL",
    "mapId": 1,
    "teamId": 200,
    "championId": 13,
    "spell1": 14,
    "spell2": 4,
    "level": 30,
    "ipEarned": 62,
    "createDate": 1399031195134,
    "fellowPlayers": [
      {
        "summonerId": 35795376,
        "teamId": 200,
        "championId": 157
      },
      {
        "summonerId": 36195600,
        "teamId": 100,
        "championId": 89
      },
      {
        "summonerId": 26530935,
        "teamId": 200,
        "championId": 61
      },
      {
        "summonerId": 22053399,
        "teamId": 100,
        "championId": 222
      },
      {
        "summonerId": 33572975,
        "teamId": 200,
        "championId": 222
      },
      {
        "summonerId": 33507662,
        "teamId": 100,
        "championId": 64
      },
      {
        "summonerId": 32498512,
        "teamId": 100,
        "championId": 79
      },
      {
        "summonerId": 34476255,
        "teamId": 200,
        "championId": 119
      },
      {
        "summonerId": 24208415,
        "teamId": 100,
        "championId": 23
      }
    ],
    "stats": {
      "level": 16,
      "goldEarned": 9599,
      "numDeaths": 13,
      "minionsKilled": 76,
      "championsKilled": 8,
      "goldSpent": 9105,
      "totalDamageDealt": 76373,
      "totalDamageTaken": 34602,
      "killingSprees": 2,
      "largestKillingSpree": 2,
      "team": 200,
      "win": false,
      "largestMultiKill": 1,
      "physicalDamageDealtPlayer": 10216,
      "magicDamageDealtPlayer": 65220,
      "physicalDamageTaken": 22939,
      "magicDamageTaken": 10664,
      "timePlayed": 2034,
      "assists": 10,
      "item0": 3040,
      "item1": 3027,
      "item2": 3135,
      "item3": 3020,
      "item6": 3340,
      "magicDamageDealtToChampions": 27172,
      "physicalDamageDealtToChampions": 2033,
      "totalDamageDealtToChampions": 30141,
      "trueDamageDealtPlayer": 936,
      "trueDamageDealtToChampions": 936,
      "trueDamageTaken": 998,
      "wardPlaced": 7,
      "totalTimeCrowdControlDealt": 73
    }
  },
  "35795376": {
    "gameId": 825984523,
    "invalid": false,
    "gameMode": "CLASSIC",
    "gameType": "MATCHED_GAME",
    "subType": "NORMAL",
    "mapId": 1,
    "teamId": 200,
    "championId": 157,
    "spell1": 4,
    "spell2": 7,
    "level": 30,
    "ipEarned": 62,
    "createDate": 1399031195132,
    "fellowPlayers": [
      {
        "summonerId": 36195600,
        "teamId": 100,
        "championId": 89
      },
      {
        "summonerId": 26530935,
        "teamId": 200,
        "championId": 61
      },
      {
        "summonerId": 22053399,
        "teamId": 100,
        "championId": 222
      },
      {
        "summonerId": 33572975,
        "teamId": 200,
        "championId": 222
      },
      {
        "summonerId": 34269424,
        "teamId": 200,
        "championId": 13
      },
      {
        "summonerId": 33507662,
        "teamId": 100,
        "championId": 64
      },
      {
        "summonerId": 32498512,
        "teamId": 100,
        "championId": 79
      },
      {
        "summonerId": 34476255,
        "teamId": 200,
        "championId": 119
      },
      {
        "summonerId": 24208415,
        "teamId": 100,
        "championId": 23
      }
    ],
    "stats": {
      "level": 16,
      "goldEarned": 10259,
      "numDeaths": 12,
      "turretsKilled": 1,
      "minionsKilled": 137,
      "championsKilled": 5,
      "goldSpent": 9255,
      "totalDamageDealt": 126488,
      "totalDamageTaken": 33913,
      "killingSprees": 1,
      "largestKillingSpree": 2,
      "team": 200,
      "win": false,
      "neutralMinionsKilled": 8,
      "largestMultiKill": 1,
      "physicalDamageDealtPlayer": 104120,
      "magicDamageDealtPlayer": 22140,
      "physicalDamageTaken": 23635,
      "magicDamageTaken": 9340,
      "largestCriticalStrike": 402,
      "timePlayed": 2034,
      "totalHeal": 4334,
      "totalUnitsHealed": 2,
      "assists": 8,
      "item0": 3074,
      "item1": 3087,
      "item2": 3250,
      "item3": 1018,
      "item4": 1055,
      "item5": 1037,
      "item6": 3340,
      "magicDamageDealtToChampions": 3990,
      "physicalDamageDealtToChampions": 13260,
      "totalDamageDealtToChampions": 17414,
      "trueDamageDealtPlayer": 228,
      "trueDamageDealtToChampions": 164,
      "trueDamageTaken": 938,
      "wardPlaced": 10,
      "neutralMinionsKilledEnemyJungle": 1,
      "neutralMinionsKilledYourJungle": 7,
      "totalTimeCrowdControlDealt": 159
    }
  },
  "26530935": {
    "gameId": 825984523,
    "invalid": false,
    "gameMode": "CLASSIC",
    "gameType": "MATCHED_GAME",
    "subType": "NORMAL",
    "mapId": 1,
    "teamId": 200,
    "championId": 61,
    "spell1": 4,
    "spell2": 7,
    "level": 30,
    "ipEarned": 62,
    "createDate": 1399031195130,
    "fellowPlayers": [
      {
        "summonerId": 35795376,
        "teamId": 200,
        "championId": 157
      },
      {
        "summonerId": 36195600,
        "teamId": 100,
        "championId": 89
      },
      {
        "summonerId": 22053399,
        "teamId": 100,
        "championId": 222
      },
      {
        "summonerId": 33572975,
        "teamId": 200,
        "championId": 222
      },
      {
        "summonerId": 34269424,
        "teamId": 200,
        "championId": 13
      },
      {
        "summonerId": 33507662,
        "teamId": 100,
        "championId": 64
      },
      {
        "summonerId": 32498512,
        "teamId": 100,
        "championId": 79
      },
      {
        "summonerId": 34476255,
        "teamId": 200,
        "championId": 119
      },
      {
        "summonerId": 24208415,
        "teamId": 100,
        "championId": 23
      }
    ],
    "stats": {
      "level": 17,
      "goldEarned": 11878,
      "numDeaths": 6,
      "minionsKilled": 191,
      "championsKilled": 7,
      "goldSpent": 13060,
      "totalDamageDealt": 139501,
      "totalDamageTaken": 22448,
      "doubleKills": 1,
      "killingSprees": 3,
      "largestKillingSpree": 2,
      "team": 200,
      "win": false,
      "largestMultiKill": 2,
      "physicalDamageDealtPlayer": 13981,
      "magicDamageDealtPlayer": 125519,
      "physicalDamageTaken": 15388,
      "magicDamageTaken": 6498,
      "timePlayed": 2034,
      "totalHeal": 2138,
      "totalUnitsHealed": 2,
      "assists": 8,
      "item0": 3135,
      "item1": 1026,
      "item2": 3089,
      "item3": 3174,
      "item4": 3255,
      "item6": 3340,
      "sightWardsBought": 3,
      "magicDamageDealtToChampions": 26196,
      "physicalDamageDealtToChampions": 1948,
      "totalDamageDealtToChampions": 28144,
      "trueDamageTaken": 562,
      "wardKilled": 3,
      "wardPlaced": 8,
      "totalTimeCrowdControlDealt": 1877
    }
  },
  "34476255": {
    "gameId": 825984523,
    "invalid": false,
    "gameMode": "CLASSIC",
    "gameType": "MATCHED_GAME",
    "subType": "NORMAL",
    "mapId": 1,
    "teamId": 200,
    "championId": 119,
    "spell1": 7,
    "spell2": 4,
    "level": 30,
    "ipEarned": 0,
    "createDate": 1399031195133,
    "fellowPlayers": [
      {
        "summonerId": 35795376,
        "teamId": 200,
        "championId": 157
      },
      {
        "summonerId": 36195600,
        "teamId": 100,
        "championId": 89
      },
      {
        "summonerId": 26530935,
        "teamId": 200,
        "championId": 61
      },
      {
        "summonerId": 22053399,
        "teamId": 100,
        "championId": 222
      },
      {
        "summonerId": 33572975,
        "teamId": 200,
        "championId": 222
      },
      {
        "summonerId": 34269424,
        "teamId": 200,
        "championId": 13
      },
      {
        "summonerId": 33507662,
        "teamId": 100,
        "championId": 64
      },
      {
        "summonerId": 32498512,
        "teamId": 100,
        "championId": 79
      },
      {
        "summonerId": 24208415,
        "teamId": 100,
        "championId": 23
      }
    ],
    "stats": {
      "level": 4,
      "goldEarned": 4478,
      "minionsKilled": 6,
      "goldSpent": 475,
      "totalDamageDealt": 2171,
      "totalDamageTaken": 895,
      "team": 200,
      "win": false,
      "physicalDamageDealtPlayer": 2171,
      "physicalDamageTaken": 705,
      "magicDamageTaken": 189,
      "largestCriticalStrike": 156,
      "timePlayed": 2034,
      "totalHeal": 310,
      "totalUnitsHealed": 2,
      "item0": 1055,
      "item6": 3340,
      "physicalDamageDealtToChampions": 493,
      "totalDamageDealtToChampions": 493,
      "totalTimeCrowdControlDealt": 4
    }
  },
  "33572975": {
    "gameId": 825984523,
    "invalid": false,
    "gameMode": "CLASSIC",
    "gameType": "MATCHED_GAME",
    "subType": "NORMAL",
    "mapId": 1,
    "teamId": 200,
    "championId": 222,
    "spell1": 11,
    "spell2": 4,
    "level": 30,
    "ipEarned": 62,
    "createDate": 1399031195129,
    "fellowPlayers": [
      {
        "summonerId": 35795376,
        "teamId": 200,
        "championId": 157
      },
      {
        "summonerId": 36195600,
        "teamId": 100,
        "championId": 89
      },
      {
        "summonerId": 26530935,
        "teamId": 200,
        "championId": 61
      },
      {
        "summonerId": 22053399,
        "teamId": 100,
        "championId": 222
      },
      {
        "summonerId": 34269424,
        "teamId": 200,
        "championId": 13
      },
      {
        "summonerId": 33507662,
        "teamId": 100,
        "championId": 64
      },
      {
        "summonerId": 32498512,
        "teamId": 100,
        "championId": 79
      },
      {
        "summonerId": 34476255,
        "teamId": 200,
        "championId": 119
      },
      {
        "summonerId": 24208415,
        "teamId": 100,
        "championId": 23
      }
    ],
    "stats": {
      "level": 17,
      "goldEarned": 11781,
      "numDeaths": 12,
      "turretsKilled": 1,
      "minionsKilled": 72,
      "championsKilled": 6,
      "goldSpent": 11455,
      "totalDamageDealt": 157474,
      "totalDamageTaken": 33854,
      "killingSprees": 1,
      "largestKillingSpree": 2,
      "team": 200,
      "win": false,
      "neutralMinionsKilled": 78,
      "largestMultiKill": 1,
      "physicalDamageDealtPlayer": 118000,
      "magicDamageDealtPlayer": 29935,
      "physicalDamageTaken": 24166,
      "magicDamageTaken": 9230,
      "largestCriticalStrike": 529,
      "timePlayed": 2034,
      "totalHeal": 3051,
      "totalUnitsHealed": 1,
      "assists": 11,
      "item0": 3250,
      "item1": 3154,
      "item2": 3072,
      "item3": 3087,
      "item4": 3035,
      "item6": 3340,
      "magicDamageDealtToChampions": 1408,
      "physicalDamageDealtToChampions": 16771,
      "totalDamageDealtToChampions": 18457,
      "trueDamageDealtPlayer": 9538,
      "trueDamageDealtToChampions": 276,
      "trueDamageTaken": 458,
      "wardPlaced": 17,
      "neutralMinionsKilledEnemyJungle": 4,
      "neutralMinionsKilledYourJungle": 74,
      "totalTimeCrowdControlDealt": 746
    }
  },
  "32498512": {
    "gameId": 825984523,
    "invalid": false,
    "gameMode": "CLASSIC",
    "gameType": "MATCHED_GAME",
    "subType": "NORMAL",
    "mapId": 1,
    "teamId": 100,
    "championId": 79,
    "spell1": 4,
    "spell2": 14,
    "level": 30,
    "ipEarned": 94,
    "createDate": 1399031195128,
    "fellowPlayers": [
      {
        "summonerId": 35795376,
        "teamId": 200,
        "championId": 157
      },
      {
        "summonerId": 36195600,
        "teamId": 100,
        "championId": 89
      },
      {
        "summonerId": 26530935,
        "teamId": 200,
        "championId": 61
      },
      {
        "summonerId": 22053399,
        "teamId": 100,
        "championId": 222
      },
      {
        "summonerId": 33572975,
        "teamId": 200,
        "championId": 222
      },
      {
        "summonerId": 34269424,
        "teamId": 200,
        "championId": 13
      },
      {
        "summonerId": 33507662,
        "teamId": 100,
        "championId": 64
      },
      {
        "summonerId": 34476255,
        "teamId": 200,
        "championId": 119
      },
      {
        "summonerId": 24208415,
        "teamId": 100,
        "championId": 23
      }
    ],
    "stats": {
      "level": 18,
      "goldEarned": 13701,
      "numDeaths": 6,
      "barracksKilled": 1,
      "turretsKilled": 1,
      "minionsKilled": 141,
      "championsKilled": 6,
      "goldSpent": 11245,
      "totalDamageDealt": 118516,
      "totalDamageTaken": 31743,
      "killingSprees": 1,
      "largestKillingSpree": 5,
      "team": 100,
      "win": true,
      "neutralMinionsKilled": 24,
      "largestMultiKill": 1,
      "physicalDamageDealtPlayer": 14759,
      "magicDamageDealtPlayer": 103456,
      "physicalDamageTaken": 15503,
      "magicDamageTaken": 15754,
      "largestCriticalStrike": 825,
      "timePlayed": 2034,
      "totalHeal": 7860,
      "totalUnitsHealed": 1,
      "assists": 15,
      "item0": 1056,
      "item1": 3027,
      "item2": 3089,
      "item3": 3020,
      "item4": 1056,
      "item5": 3100,
      "item6": 3340,
      "magicDamageDealtToChampions": 22516,
      "physicalDamageDealtToChampions": 1814,
      "totalDamageDealtToChampions": 24631,
      "trueDamageDealtPlayer": 300,
      "trueDamageDealtToChampions": 300,
      "trueDamageTaken": 486,
      "wardPlaced": 3,
      "neutralMinionsKilledEnemyJungle": 4,
      "neutralMinionsKilledYourJungle": 20,
      "totalTimeCrowdControlDealt": 481
    }
  }
}