{
  "39806681": {
    "gameId": 825977224,
    "invalid": false,
    "gameMode": "CLASSIC",
    "gameType": "MATCHED_GAME",
    "subType": "NORMAL",
    "mapId": 1,
    "teamId": 200,
    "championId": 107,
    "spell1": 4,
    "spell2": 12,
    "level": 30,
    "ipEarned": 82,
    "createDate": 1399030467094,
    "fellowPlayers": [
      {
        "summonerId": 39009011,
        "teamId": 200,
        "championId": 121
      },
      {
        "summonerId": 32844731,
        "teamId": 100,
        "championId": 17
      },
      {
        "summonerId": 28481615,
        "teamId": 200,
        "championId": 105
      },
      {
        "summonerId": 27243316,
        "teamId": 200,
        "championId": 11
      },
      {
        "summonerId": 33859666,
        "teamId": 100,
        "championId": 63
      },
      {
        "summonerId": 26548043,
        "teamId": 200,
        "championId": 114
      },
      {
        "summonerId": 33985155,
        "teamId": 100,
        "championId": 105
      },
      {
        "summonerId": 42283471,
        "teamId": 100,
        "championId": 11
      },
      {
        "summonerId": 29076680,
        "teamId": 100,
        "championId": 222
      }
    ],
    "stats": {
      "level": 18,
      "goldEarned": 16571,
      "numDeaths": 12,
      "minionsKilled": 134,
      "championsKilled": 11,
      "goldSpent": 14760,
      "totalDamageDealt": 185167,
      "totalDamageTaken": 52675,
      "killingSprees": 2,
      "largestKillingSpree": 2,
      "team": 200,
      "win": false,
      "neutralMinionsKilled": 46,
      "largestMultiKill": 1,
      "physicalDamageDealtPlayer": 158127,
      "magicDamageDealtPlayer": 26597,
      "physicalDamageTaken": 26100,
      "magicDamageTaken": 24960,
      "timePlayed": 2835,
      "totalHeal": 9673,
      "totalUnitsHealed": 1,
      "assists": 18,
      "item0": 3071,
      "item1": 3153,
      "item2": 3074,
      "item3": 3260,
      "item4": 3065,
      "item5": 1057,
      "item6": 3171,
      "magicDamageDealtToChampions": 2535,
      "physicalDamageDealtToChampions": 24785,
      "totalDamageDealtToChampions": 27361,
      "trueDamageDealtPlayer": 442,
      "trueDamageDealtToChampions": 40,
      "trueDamageTaken": 1614,
      "wardKilled": 1,
      "wardPlaced": 13,
      "neutralMinionsKilledEnemyJungle": 7,
      "neutralMinionsKilledYourJungle": 39,
      "totalTimeCrowdControlDealt": 275
    }
  },
  "summonerCount": 10,
  "33985155": {
    "gameId": 825977224,
    "invalid": false,
    "gameMode": "CLASSIC",
    "gameType": "MATCHED_GAME",
    "subType": "NORMAL",
    "mapId": 1,
    "teamId": 100,
    "championId": 105,
    "spell1": 4,
    "spell2": 14,
    "level": 30,
    "ipEarned": 127,
    "createDate": 1399030467086,
    "fellowPlayers": [
      {
        "summonerId": 39009011,
        "teamId": 200,
        "championId": 121
      },
      {
        "summonerId": 32844731,
        "teamId": 100,
        "championId": 17
      },
      {
        "summonerId": 28481615,
        "teamId": 200,
        "championId": 105
      },
      {
        "summonerId": 27243316,
        "teamId": 200,
        "championId": 11
      },
      {
        "summonerId": 33859666,
        "teamId": 100,
        "championId": 63
      },
      {
        "summonerId": 26548043,
        "teamId": 200,
        "championId": 114
      },
      {
        "summonerId": 39806681,
        "teamId": 200,
        "championId": 107
      },
      {
        "summonerId": 42283471,
        "teamId": 100,
        "championId": 11
      },
      {
        "summonerId": 29076680,
        "teamId": 100,
        "championId": 222
      }
    ],
    "stats": {
      "level": 18,
      "goldEarned": 17141,
      "numDeaths": 16,
      "barracksKilled": 1,
      "minionsKilled": 102,
      "championsKilled": 14,
      "goldSpent": 15340,
      "totalDamageDealt": 140421,
      "totalDamageTaken": 32746,
      "doubleKills": 1,
      "killingSprees": 3,
      "largestKillingSpree": 4,
      "team": 100,
      "win": true,
      "neutralMinionsKilled": 18,
      "largestMultiKill": 2,
      "physicalDamageDealtPlayer": 22609,
      "magicDamageDealtPlayer": 116666,
      "physicalDamageTaken": 23552,
      "magicDamageTaken": 7117,
      "timePlayed": 2835,
      "totalHeal": 1217,
      "totalUnitsHealed": 1,
      "assists": 14,
      "item0": 1058,
      "item1": 3157,
      "item2": 3020,
      "item3": 3089,
      "item4": 3100,
      "item5": 3135,
      "item6": 3340,
      "magicDamageDealtToChampions": 31026,
      "physicalDamageDealtToChampions": 5002,
      "totalDamageDealtToChampions": 37050,
      "trueDamageDealtPlayer": 1146,
      "trueDamageDealtToChampions": 1022,
      "trueDamageTaken": 2076,
      "wardPlaced": 14,
      "neutralMinionsKilledEnemyJungle": 5,
      "neutralMinionsKilledYourJungle": 13,
      "totalTimeCrowdControlDealt": 269
    }
  },
  "33859666": {
    "gameId": 825977224,
    "invalid": false,
    "gameMode": "CLASSIC",
    "gameType": "MATCHED_GAME",
    "subType": "NORMAL",
    "mapId": 1,
    "teamId": 100,
    "championId": 63,
    "spell1": 14,
    "spell2": 4,
    "level": 30,
    "ipEarned": 127,
    "createDate": 1399030467091,
    "fellowPlayers": [
      {
        "summonerId": 39009011,
        "teamId": 200,
        "championId": 121
      },
      {
        "summonerId": 32844731,
        "teamId": 100,
        "championId": 17
      },
      {
        "summonerId": 28481615,
        "teamId": 200,
        "championId": 105
      },
      {
        "summonerId": 27243316,
        "teamId": 200,
        "championId": 11
      },
      {
        "summonerId": 26548043,
        "teamId": 200,
        "championId": 114
      },
      {
        "summonerId": 33985155,
        "teamId": 100,
        "championId": 105
      },
      {
        "summonerId": 39806681,
        "teamId": 200,
        "championId": 107
      },
      {
        "summonerId": 42283471,
        "teamId": 100,
        "championId": 11
      },
      {
        "summonerId": 29076680,
        "teamId": 100,
        "championId": 222
      }
    ],
    "stats": {
      "level": 18,
      "goldEarned": 14702,
      "numDeaths": 14,
      "minionsKilled": 95,
      "championsKilled": 7,
      "goldSpent": 13055,
      "totalDamageDealt": 93708,
      "totalDamageTaken": 29652,
      "doubleKills": 1,
      "killingSprees": 2,
      "largestKillingSpree": 2,
      "team": 100,
      "win": true,
      "largestMultiKill": 2,
      "physicalDamageDealtPlayer": 16791,
      "magicDamageDealtPlayer": 76508,
      "physicalDamageTaken": 24520,
      "magicDamageTaken": 4946,
      "timePlayed": 2835,
      "totalHeal": 1166,
      "totalUnitsHealed": 1,
      "assists": 13,
      "item0": 3259,
      "item1": 3151,
      "item2": 3089,
      "item3": 3116,
      "item4": 3191,
      "item6": 3340,
      "magicDamageDealtToChampions": 22061,
      "physicalDamageDealtToChampions": 1983,
      "totalDamageDealtToChampions": 24452,
      "trueDamageDealtPlayer": 408,
      "trueDamageDealtToChampions": 408,
      "trueDamageTaken": 186,
      "wardPlaced": 7,
      "totalTimeCrowdControlDealt": 100
    }
  },
  "42283471": {
    "gameId": 825977224,
    "invalid": false,
    "gameMode": "CLASSIC",
    "gameType": "MATCHED_GAME",
    "subType": "NORMAL",
    "mapId": 1,
    "teamId": 100,
    "championId": 11,
    "spell1": 4,
    "spell2": 11,
    "level": 30,
    "ipEarned": 127,
    "createDate": 1399030467088,
    "fellowPlayers": [
      {
        "summonerId": 39009011,
        "teamId": 200,
        "championId": 121
      },
      {
        "summonerId": 32844731,
        "teamId": 100,
        "championId": 17
      },
      {
        "summonerId": 28481615,
        "teamId": 200,
        "championId": 105
      },
      {
        "summonerId": 27243316,
        "teamId": 200,
        "championId": 11
      },
      {
        "summonerId": 33859666,
        "teamId": 100,
        "championId": 63
      },
      {
        "summonerId": 26548043,
        "teamId": 200,
        "championId": 114
      },
      {
        "summonerId": 33985155,
        "teamId": 100,
        "championId": 105
      },
      {
        "summonerId": 39806681,
        "teamId": 200,
        "championId": 107
      },
      {
        "summonerId": 29076680,
        "teamId": 100,
        "championId": 222
      }
    ],
    "stats": {
      "level": 18,
      "goldEarned": 19629,
      "numDeaths": 15,
      "turretsKilled": 1,
      "minionsKilled": 67,
      "championsKilled": 10,
      "goldSpent": 16215,
      "totalDamageDealt": 370660,
      "totalDamageTaken": 58784,
      "doubleKills": 2,
      "killingSprees": 4,
      "largestKillingSpree": 2,
      "team": 100,
      "win": true,
      "neutralMinionsKilled": 174,
      "largestMultiKill": 2,
      "physicalDamageDealtPlayer": 256901,
      "magicDamageDealtPlayer": 85236,
      "physicalDamageTaken": 52807,
      "magicDamageTaken": 3889,
      "largestCriticalStrike": 846,
      "timePlayed": 2835,
      "totalHeal": 16038,
      "totalUnitsHealed": 1,
      "assists": 6,
      "item0": 3074,
      "item1": 3046,
      "item2": 3160,
      "item3": 3087,
      "item4": 3250,
      "item5": 3031,
      "item6": 3340,
      "magicDamageDealtToChampions": 3887,
      "physicalDamageDealtToChampions": 27115,
      "totalDamageDealtToChampions": 35489,
      "trueDamageDealtPlayer": 28522,
      "trueDamageDealtToChampions": 4486,
      "trueDamageTaken": 2088,
      "wardKilled": 1,
      "wardPlaced": 20,
      "neutralMinionsKilledEnemyJungle": 47,
      "neutralMinionsKilledYourJungle": 127,
      "totalTimeCrowdControlDealt": 487
    }
  },
  "39009011": {
    "gameId": 825977224,
    "invalid": false,
    "gameMode": "CLASSIC",
    "gameType": "MATCHED_GAME",
    "subType": "NORMAL",
    "mapId": 1,
    "teamId": 200,
    "championId": 121,
    "spell1": 4,
    "spell2": 12,
    "level": 30,
    "ipEarned": 82,
    "createDate": 1399030467095,
    "fellowPlayers": [
      {
        "summonerId": 32844731,
        "teamId": 100,
        "championId": 17
      },
      {
        "summonerId": 28481615,
        "teamId": 200,
        "championId": 105
      },
      {
        "summonerId": 27243316,
        "teamId": 200,
        "championId": 11
      },
      {
        "summonerId": 33859666,
        "teamId": 100,
        "championId": 63
      },
      {
        "summonerId": 26548043,
        "teamId": 200,
        "championId": 114
      },
      {
        "summonerId": 33985155,
        "teamId": 100,
        "championId": 105
      },
      {
        "summonerId": 39806681,
        "teamId": 200,
        "championId": 107
      },
      {
        "summonerId": 42283471,
        "teamId": 100,
        "championId": 11
      },
      {
        "summonerId": 29076680,
        "teamId": 100,
        "championId": 222
      }
    ],
    "stats": {
      "level": 18,
      "goldEarned": 15778,
      "numDeaths": 8,
      "turretsKilled": 1,
      "minionsKilled": 94,
      "championsKilled": 13,
      "goldSpent": 17000,
      "totalDamageDealt": 130239,
      "totalDamageTaken": 42854,
      "killingSprees": 3,
      "largestKillingSpree": 6,
      "team": 200,
      "win": false,
      "neutralMinionsKilled": 26,
      "largestMultiKill": 1,
      "physicalDamageDealtPlayer": 127831,
      "magicDamageDealtPlayer": 1800,
      "physicalDamageTaken": 22124,
      "magicDamageTaken": 19677,
      "timePlayed": 2835,
      "totalHeal": 6828,
      "totalUnitsHealed": 1,
      "assists": 19,
      "item0": 3072,
      "item1": 3071,
      "item2": 3026,
      "item3": 3265,
      "item4": 3031,
      "item6": 3340,
      "visionWardsBought": 2,
      "magicDamageDealtToChampions": 1800,
      "physicalDamageDealtToChampions": 32564,
      "totalDamageDealtToChampions": 34452,
      "trueDamageDealtPlayer": 608,
      "trueDamageDealtToChampions": 88,
      "trueDamageTaken": 1053,
      "wardPlaced": 14,
      "neutralMinionsKilledEnemyJungle": 9,
      "neutralMinionsKilledYourJungle": 17,
      "totalTimeCrowdControlDealt": 319
    }
  },
  "27243316": {
    "gameId": 825977224,
    "invalid": false,
    "gameMode": "CLASSIC",
    "gameType": "MATCHED_GAME",
    "subType": "NORMAL",
    "mapId": 1,
    "teamId": 200,
    "championId": 11,
    "spell1": 11,
    "spell2": 21,
    "level": 30,
    "ipEarned": 82,
    "createDate": 1399030467092,
    "fellowPlayers": [
      {
        "summonerId": 39009011,
        "teamId": 200,
        "championId": 121
      },
      {
        "summonerId": 32844731,
        "teamId": 100,
        "championId": 17
      },
      {
        "summonerId": 28481615,
        "teamId": 200,
        "championId": 105
      },
      {
        "summonerId": 33859666,
        "teamId": 100,
        "championId": 63
      },
      {
        "summonerId": 26548043,
        "teamId": 200,
        "championId": 114
      },
      {
        "summonerId": 33985155,
        "teamId": 100,
        "championId": 105
      },
      {
        "summonerId": 39806681,
        "teamId": 200,
        "championId": 107
      },
      {
        "summonerId": 42283471,
        "teamId": 100,
        "championId": 11
      },
      {
        "summonerId": 29076680,
        "teamId": 100,
        "championId": 222
      }
    ],
    "stats": {
      "level": 18,
      "goldEarned": 16357,
      "numDeaths": 13,
      "turretsKilled": 1,
      "minionsKilled": 148,
      "championsKilled": 14,
      "goldSpent": 15435,
      "totalDamageDealt": 184522,
      "totalDamageTaken": 46987,
      "killingSprees": 3,
      "largestKillingSpree": 5,
      "team": 200,
      "win": false,
      "neutralMinionsKilled": 54,
      "largestMultiKill": 1,
      "physicalDamageDealtPlayer": 156986,
      "magicDamageDealtPlayer": 13477,
      "physicalDamageTaken": 25864,
      "magicDamageTaken": 19533,
      "largestCriticalStrike": 854,
      "timePlayed": 2835,
      "totalHeal": 7663,
      "totalUnitsHealed": 1,
      "assists": 6,
      "item0": 1018,
      "item1": 3074,
      "item2": 3026,
      "item3": 3087,
      "item4": 3072,
      "item5": 3250,
      "item6": 3341,
      "magicDamageDealtToChampions": 1187,
      "physicalDamageDealtToChampions": 17325,
      "totalDamageDealtToChampions": 22062,
      "trueDamageDealtPlayer": 14059,
      "trueDamageDealtToChampions": 3549,
      "trueDamageTaken": 1590,
      "wardKilled": 1,
      "neutralMinionsKilledEnemyJungle": 3,
      "neutralMinionsKilledYourJungle": 51,
      "totalTimeCrowdControlDealt": 369
    }
  },
  "26548043": {
    "gameId": 825977224,
    "invalid": false,
    "gameMode": "CLASSIC",
    "gameType": "MATCHED_GAME",
    "subType": "NORMAL",
    "mapId": 1,
    "teamId": 200,
    "championId": 114,
    "spell1": 14,
    "spell2": 4,
    "level": 30,
    "ipEarned": 82,
    "createDate": 1399030467096,
    "fellowPlayers": [
      {
        "summonerId": 39009011,
        "teamId": 200,
        "championId": 121
      },
      {
        "summonerId": 32844731,
        "teamId": 100,
        "championId": 17
      },
      {
        "summonerId": 28481615,
        "teamId": 200,
        "championId": 105
      },
      {
        "summonerId": 27243316,
        "teamId": 200,
        "championId": 11
      },
      {
        "summonerId": 33859666,
        "teamId": 100,
        "championId": 63
      },
      {
        "summonerId": 33985155,
        "teamId": 100,
        "championId": 105
      },
      {
        "summonerId": 39806681,
        "teamId": 200,
        "championId": 107
      },
      {
        "summonerId": 42283471,
        "teamId": 100,
        "championId": 11
      },
      {
        "summonerId": 29076680,
        "teamId": 100,
        "championId": 222
      }
    ],
    "stats": {
      "level": 18,
      "goldEarned": 21155,
      "numDeaths": 8,
      "turretsKilled": 3,
      "minionsKilled": 322,
      "championsKilled": 21,
      "goldSpent": 18845,
      "totalDamageDealt": 246361,
      "totalDamageTaken": 43599,
      "doubleKills": 3,
      "killingSprees": 5,
      "largestKillingSpree": 8,
      "team": 200,
      "win": false,
      "neutralMinionsKilled": 6,
      "largestMultiKill": 2,
      "physicalDamageDealtPlayer": 242002,
      "magicDamageDealtPlayer": 2414,
      "physicalDamageTaken": 16928,
      "magicDamageTaken": 25159,
      "largestCriticalStrike": 1135,
      "timePlayed": 2835,
      "totalHeal": 5017,
      "totalUnitsHealed": 1,
      "assists": 10,
      "item0": 3074,
      "item1": 3153,
      "item2": 3250,
      "item3": 3026,
      "item4": 3072,
      "item5": 3031,
      "item6": 3340,
      "sightWardsBought": 2,
      "magicDamageDealtToChampions": 1667,
      "physicalDamageDealtToChampions": 34662,
      "totalDamageDealtToChampions": 38242,
      "trueDamageDealtPlayer": 1944,
      "trueDamageDealtToChampions": 1912,
      "trueDamageTaken": 1512,
      "wardPlaced": 14,
      "neutralMinionsKilledEnemyJungle": 3,
      "neutralMinionsKilledYourJungle": 3,
      "totalTimeCrowdControlDealt": 255
    }
  },
  "28481615": {
    "gameId": 825977224,
    "invalid": false,
    "gameMode": "CLASSIC",
    "gameType": "MATCHED_GAME",
    "subType": "NORMAL",
    "mapId": 1,
    "teamId": 200,
    "championId": 105,
    "spell1": 14,
    "spell2": 4,
    "level": 30,
    "ipEarned": 0,
    "createDate": 1399030467097,
    "fellowPlayers": [
      {
        "summonerId": 39009011,
        "teamId": 200,
        "championId": 121
      },
      {
        "summonerId": 32844731,
        "teamId": 100,
        "championId": 17
      },
      {
        "summonerId": 27243316,
        "teamId": 200,
        "championId": 11
      },
      {
        "summonerId": 33859666,
        "teamId": 100,
        "championId": 63
      },
      {
        "summonerId": 26548043,
        "teamId": 200,
        "championId": 114
      },
      {
        "summonerId": 33985155,
        "teamId": 100,
        "championId": 105
      },
      {
        "summonerId": 39806681,
        "teamId": 200,
        "championId": 107
      },
      {
        "summonerId": 42283471,
        "teamId": 100,
        "championId": 11
      },
      {
        "summonerId": 29076680,
        "teamId": 100,
        "championId": 222
      }
    ],
    "stats": {
      "level": 15,
      "goldEarned": 11901,
      "numDeaths": 10,
      "turretsKilled": 1,
      "minionsKilled": 80,
      "championsKilled": 10,
      "goldSpent": 10685,
      "totalDamageDealt": 58888,
      "totalDamageTaken": 21322,
      "doubleKills": 1,
      "killingSprees": 3,
      "largestKillingSpree": 3,
      "team": 200,
      "win": false,
      "largestMultiKill": 2,
      "physicalDamageDealtPlayer": 19638,
      "magicDamageDealtPlayer": 37833,
      "physicalDamageTaken": 7363,
      "magicDamageTaken": 12784,
      "timePlayed": 2835,
      "totalHeal": 684,
      "totalUnitsHealed": 1,
      "assists": 7,
      "item0": 3135,
      "item1": 3100,
      "item2": 1001,
      "item3": 3089,
      "item4": 1026,
      "item5": 1052,
      "item6": 3340,
      "magicDamageDealtToChampions": 16638,
      "physicalDamageDealtToChampions": 3753,
      "totalDamageDealtToChampions": 21648,
      "trueDamageDealtPlayer": 1416,
      "trueDamageDealtToChampions": 1256,
      "trueDamageTaken": 1175,
      "wardPlaced": 4,
      "totalTimeCrowdControlDealt": 91
    }
  },
  "32844731": {
    "gameId": 825977224,
    "invalid": false,
    "gameMode": "CLASSIC",
    "gameType": "MATCHED_GAME",
    "subType": "NORMAL",
    "mapId": 1,
    "teamId": 100,
    "championId": 17,
    "spell1": 14,
    "spell2": 4,
    "level": 30,
    "ipEarned": 127,
    "createDate": 1399030467090,
    "fellowPlayers": [
      {
        "summonerId": 39009011,
        "teamId": 200,
        "championId": 121
      },
      {
        "summonerId": 28481615,
        "teamId": 200,
        "championId": 105
      },
      {
        "summonerId": 27243316,
        "teamId": 200,
        "championId": 11
      },
      {
        "summonerId": 33859666,
        "teamId": 100,
        "championId": 63
      },
      {
        "summonerId": 26548043,
        "teamId": 200,
        "championId": 114
      },
      {
        "summonerId": 33985155,
        "teamId": 100,
        "championId": 105
      },
      {
        "summonerId": 39806681,
        "teamId": 200,
        "championId": 107
      },
      {
        "summonerId": 42283471,
        "teamId": 100,
        "championId": 11
      },
      {
        "summonerId": 29076680,
        "teamId": 100,
        "championId": 222
      }
    ],
    "stats": {
      "level": 18,
      "goldEarned": 17722,
      "numDeaths": 15,
      "turretsKilled": 5,
      "minionsKilled": 177,
      "championsKilled": 12,
      "goldSpent": 17900,
      "totalDamageDealt": 158821,
      "totalDamageTaken": 34034,
      "doubleKills": 1,
      "killingSprees": 3,
      "largestKillingSpree": 3,
      "team": 100,
      "win": true,
      "neutralMinionsKilled": 5,
      "largestMultiKill": 2,
      "physicalDamageDealtPlayer": 45396,
      "magicDamageDealtPlayer": 112572,
      "physicalDamageTaken": 25897,
      "magicDamageTaken": 6484,
      "timePlayed": 2835,
      "totalHeal": 1178,
      "totalUnitsHealed": 1,
      "assists": 11,
      "item0": 3255,
      "item1": 3115,
      "item2": 3157,
      "item3": 3151,
      "item4": 3089,
      "item5": 3135,
      "item6": 3340,
      "magicDamageDealtToChampions": 43028,
      "physicalDamageDealtToChampions": 3778,
      "totalDamageDealtToChampions": 47659,
      "trueDamageDealtPlayer": 852,
      "trueDamageDealtToChampions": 852,
      "trueDamageTaken": 1652,
      "wardPlaced": 82,
      "neutralMinionsKilledEnemyJungle": 2,
      "neutralMinionsKilledYourJungle": 3,
      "totalTimeCrowdControlDealt": 446
    }
  },
  "29076680": {
    "gameId": 825977224,
    "invalid": false,
    "gameMode": "CLASSIC",
    "gameType": "MATCHED_GAME",
    "subType": "NORMAL",
    "mapId": 1,
    "teamId": 100,
    "championId": 222,
    "spell1": 4,
    "spell2": 7,
    "level": 30,
    "ipEarned": 277,
    "createDate": 1399030467087,
    "fellowPlayers": [
      {
        "summonerId": 39009011,
        "teamId": 200,
        "championId": 121
      },
      {
        "summonerId": 32844731,
        "teamId": 100,
        "championId": 17
      },
      {
        "summonerId": 28481615,
        "teamId": 200,
        "championId": 105
      },
      {
        "summonerId": 27243316,
        "teamId": 200,
        "championId": 11
      },
      {
        "summonerId": 33859666,
        "teamId": 100,
        "championId": 63
      },
      {
        "summonerId": 26548043,
        "teamId": 200,
        "championId": 114
      },
      {
        "summonerId": 33985155,
        "teamId": 100,
        "championId": 105
      },
      {
        "summonerId": 39806681,
        "teamId": 200,
        "championId": 107
      },
      {
        "summonerId": 42283471,
        "teamId": 100,
        "championId": 11
      }
    ],
    "stats": {
      "level": 18,
      "goldEarned": 18680,
      "numDeaths": 9,
      "barracksKilled": 1,
      "turretsKilled": 4,
      "minionsKilled": 219,
      "championsKilled": 8,
      "goldSpent": 14755,
      "totalDamageDealt": 259588,
      "totalDamageTaken": 30798,
      "killingSprees": 2,
      "largestKillingSpree": 3,
      "team": 100,
      "win": true,
      "neutralMinionsKilled": 28,
      "largestMultiKill": 1,
      "physicalDamageDealtPlayer": 253636,
      "magicDamageDealtPlayer": 4020,
      "physicalDamageTaken": 27139,
      "magicDamageTaken": 2200,
      "largestCriticalStrike": 937,
      "timePlayed": 2835,
      "totalHeal": 3908,
      "totalUnitsHealed": 3,
      "assists": 10,
      "item0": 1055,
      "item1": 3022,
      "item2": 3072,
      "item3": 3006,
      "item4": 3031,
      "item5": 3046,
      "item6": 3340,
      "magicDamageDealtToChampions": 2111,
      "physicalDamageDealtToChampions": 22405,
      "totalDamageDealtToChampions": 24692,
      "trueDamageDealtPlayer": 1932,
      "trueDamageDealtToChampions": 176,
      "trueDamageTaken": 1458,
      "wardPlaced": 8,
      "neutralMinionsKilledEnemyJungle": 6,
      "neutralMinionsKilledYourJungle": 22,
      "totalTimeCrowdControlDealt": 695
    }
  }
}