{
  "21256729": {
    "gameId": 825976395,
    "invalid": false,
    "gameMode": "CLASSIC",
    "gameType": "MATCHED_GAME",
    "subType": "RANKED_SOLO_5x5",
    "mapId": 1,
    "teamId": 100,
    "championId": 11,
    "spell1": 4,
    "spell2": 14,
    "level": 30,
    "ipEarned": 55,
    "createDate": 1399031084457,
    "fellowPlayers": [
      {
        "summonerId": 28493637,
        "teamId": 200,
        "championId": 67
      },
      {
        "summonerId": 30815698,
        "teamId": 100,
        "championId": 30
      },
      {
        "summonerId": 33993917,
        "teamId": 100,
        "championId": 5
      },
      {
        "summonerId": 28975604,
        "teamId": 200,
        "championId": 80
      },
      {
        "summonerId": 38251499,
        "teamId": 200,
        "championId": 56
      },
      {
        "summonerId": 25160640,
        "teamId": 100,
        "championId": 55
      },
      {
        "summonerId": 23771269,
        "teamId": 100,
        "championId": 222
      },
      {
        "summonerId": 41373110,
        "teamId": 200,
        "championId": 25
      },
      {
        "summonerId": 20026051,
        "teamId": 200,
        "championId": 38
      }
    ],
    "stats": {
      "level": 13,
      "goldEarned": 9196,
      "numDeaths": 14,
      "minionsKilled": 102,
      "championsKilled": 8,
      "goldSpent": 8815,
      "totalDamageDealt": 93147,
      "totalDamageTaken": 23772,
      "doubleKills": 2,
      "killingSprees": 2,
      "largestKillingSpree": 2,
      "team": 100,
      "win": false,
      "neutralMinionsKilled": 10,
      "largestMultiKill": 2,
      "physicalDamageDealtPlayer": 89617,
      "physicalDamageTaken": 15352,
      "magicDamageTaken": 7582,
      "largestCriticalStrike": 757,
      "timePlayed": 1716,
      "totalHeal": 527,
      "totalUnitsHealed": 1,
      "assists": 3,
      "item0": 3142,
      "item1": 3031,
      "item2": 3111,
      "item3": 1053,
      "item4": 2004,
      "physicalDamageDealtToChampions": 13527,
      "totalDamageDealtToChampions": 16703,
      "trueDamageDealtPlayer": 3530,
      "trueDamageDealtToChampions": 3176,
      "trueDamageTaken": 837,
      "neutralMinionsKilledEnemyJungle": 1,
      "neutralMinionsKilledYourJungle": 9,
      "totalTimeCrowdControlDealt": 12
    }
  },
  "summonerCount": 10,
  "28975604": {
    "gameId": 825976395,
    "invalid": false,
    "gameMode": "CLASSIC",
    "gameType": "MATCHED_GAME",
    "subType": "RANKED_SOLO_5x5",
    "mapId": 1,
    "teamId": 200,
    "championId": 80,
    "spell1": 14,
    "spell2": 4,
    "level": 30,
    "ipEarned": 82,
    "createDate": 1399031084464,
    "fellowPlayers": [
      {
        "summonerId": 28493637,
        "teamId": 200,
        "championId": 67
      },
      {
        "summonerId": 30815698,
        "teamId": 100,
        "championId": 30
      },
      {
        "summonerId": 33993917,
        "teamId": 100,
        "championId": 5
      },
      {
        "summonerId": 38251499,
        "teamId": 200,
        "championId": 56
      },
      {
        "summonerId": 25160640,
        "teamId": 100,
        "championId": 55
      },
      {
        "summonerId": 23771269,
        "teamId": 100,
        "championId": 222
      },
      {
        "summonerId": 21256729,
        "teamId": 100,
        "championId": 11
      },
      {
        "summonerId": 41373110,
        "teamId": 200,
        "championId": 25
      },
      {
        "summonerId": 20026051,
        "teamId": 200,
        "championId": 38
      }
    ],
    "stats": {
      "level": 16,
      "goldEarned": 13391,
      "numDeaths": 1,
      "barracksKilled": 1,
      "turretsKilled": 2,
      "minionsKilled": 160,
      "championsKilled": 15,
      "goldSpent": 11480,
      "totalDamageDealt": 106197,
      "totalDamageTaken": 13046,
      "doubleKills": 3,
      "tripleKills": 1,
      "killingSprees": 2,
      "largestKillingSpree": 12,
      "team": 200,
      "win": true,
      "neutralMinionsKilled": 1,
      "largestMultiKill": 3,
      "physicalDamageDealtPlayer": 86483,
      "magicDamageDealtPlayer": 19203,
      "physicalDamageTaken": 6431,
      "magicDamageTaken": 5392,
      "largestCriticalStrike": 795,
      "timePlayed": 1716,
      "totalHeal": 803,
      "totalUnitsHealed": 1,
      "assists": 7,
      "item0": 3077,
      "item1": 3071,
      "item2": 3068,
      "item3": 3035,
      "item4": 3047,
      "item6": 3340,
      "magicDamageDealtToChampions": 3735,
      "physicalDamageDealtToChampions": 19827,
      "totalDamageDealtToChampions": 24073,
      "trueDamageDealtPlayer": 510,
      "trueDamageDealtToChampions": 510,
      "trueDamageTaken": 1223,
      "wardPlaced": 6,
      "neutralMinionsKilledEnemyJungle": 1,
      "totalTimeCrowdControlDealt": 34
    }
  },
  "41373110": {
    "gameId": 825976395,
    "invalid": false,
    "gameMode": "CLASSIC",
    "gameType": "MATCHED_GAME",
    "subType": "RANKED_SOLO_5x5",
    "mapId": 1,
    "teamId": 200,
    "championId": 25,
    "spell1": 3,
    "spell2": 4,
    "level": 30,
    "ipEarned": 82,
    "createDate": 1399031084467,
    "fellowPlayers": [
      {
        "summonerId": 28493637,
        "teamId": 200,
        "championId": 67
      },
      {
        "summonerId": 30815698,
        "teamId": 100,
        "championId": 30
      },
      {
        "summonerId": 33993917,
        "teamId": 100,
        "championId": 5
      },
      {
        "summonerId": 28975604,
        "teamId": 200,
        "championId": 80
      },
      {
        "summonerId": 38251499,
        "teamId": 200,
        "championId": 56
      },
      {
        "summonerId": 25160640,
        "teamId": 100,
        "championId": 55
      },
      {
        "summonerId": 23771269,
        "teamId": 100,
        "championId": 222
      },
      {
        "summonerId": 21256729,
        "teamId": 100,
        "championId": 11
      },
      {
        "summonerId": 20026051,
        "teamId": 200,
        "championId": 38
      }
    ],
    "stats": {
      "level": 14,
      "goldEarned": 10734,
      "numDeaths": 6,
      "minionsKilled": 30,
      "championsKilled": 6,
      "goldSpent": 9035,
      "totalDamageDealt": 37922,
      "totalDamageTaken": 15701,
      "killingSprees": 2,
      "largestKillingSpree": 4,
      "team": 200,
      "win": true,
      "largestMultiKill": 1,
      "physicalDamageDealtPlayer": 7256,
      "magicDamageDealtPlayer": 30665,
      "physicalDamageTaken": 10949,
      "magicDamageTaken": 4048,
      "timePlayed": 1716,
      "totalHeal": 582,
      "totalUnitsHealed": 1,
      "assists": 13,
      "item0": 3098,
      "item1": 3157,
      "item2": 2049,
      "item3": 1052,
      "item4": 1001,
      "item5": 3174,
      "item6": 3341,
      "magicDamageDealtToChampions": 13786,
      "physicalDamageDealtToChampions": 1812,
      "totalDamageDealtToChampions": 15599,
      "trueDamageTaken": 703,
      "wardPlaced": 18,
      "totalTimeCrowdControlDealt": 102
    }
  },
  "30815698": {
    "gameId": 825976395,
    "invalid": false,
    "gameMode": "CLASSIC",
    "gameType": "MATCHED_GAME",
    "subType": "RANKED_SOLO_5x5",
    "mapId": 1,
    "teamId": 100,
    "championId": 30,
    "spell1": 4,
    "spell2": 7,
    "level": 30,
    "ipEarned": 55,
    "createDate": 1399031084455,
    "fellowPlayers": [
      {
        "summonerId": 28493637,
        "teamId": 200,
        "championId": 67
      },
      {
        "summonerId": 33993917,
        "teamId": 100,
        "championId": 5
      },
      {
        "summonerId": 28975604,
        "teamId": 200,
        "championId": 80
      },
      {
        "summonerId": 38251499,
        "teamId": 200,
        "championId": 56
      },
      {
        "summonerId": 25160640,
        "teamId": 100,
        "championId": 55
      },
      {
        "summonerId": 23771269,
        "teamId": 100,
        "championId": 222
      },
      {
        "summonerId": 21256729,
        "teamId": 100,
        "championId": 11
      },
      {
        "summonerId": 41373110,
        "teamId": 200,
        "championId": 25
      },
      {
        "summonerId": 20026051,
        "teamId": 200,
        "championId": 38
      }
    ],
    "stats": {
      "level": 12,
      "goldEarned": 7022,
      "numDeaths": 11,
      "minionsKilled": 39,
      "championsKilled": 2,
      "goldSpent": 6410,
      "totalDamageDealt": 43027,
      "totalDamageTaken": 18207,
      "team": 100,
      "win": false,
      "largestMultiKill": 1,
      "physicalDamageDealtPlayer": 1937,
      "magicDamageDealtPlayer": 41090,
      "physicalDamageTaken": 9623,
      "magicDamageTaken": 8168,
      "timePlayed": 1716,
      "totalHeal": 845,
      "totalUnitsHealed": 3,
      "assists": 7,
      "item0": 3303,
      "item1": 2049,
      "item2": 3003,
      "item3": 1052,
      "item4": 1026,
      "item5": 3020,
      "item6": 3340,
      "sightWardsBought": 2,
      "magicDamageDealtToChampions": 13017,
      "physicalDamageDealtToChampions": 575,
      "totalDamageDealtToChampions": 13593,
      "trueDamageTaken": 416,
      "wardPlaced": 14,
      "totalTimeCrowdControlDealt": 610
    }
  },
  "28493637": {
    "gameId": 825976395,
    "invalid": false,
    "gameMode": "CLASSIC",
    "gameType": "MATCHED_GAME",
    "subType": "RANKED_SOLO_5x5",
    "mapId": 1,
    "teamId": 200,
    "championId": 67,
    "spell1": 4,
    "spell2": 7,
    "level": 30,
    "ipEarned": 232,
    "createDate": 1399031084465,
    "fellowPlayers": [
      {
        "summonerId": 30815698,
        "teamId": 100,
        "championId": 30
      },
      {
        "summonerId": 33993917,
        "teamId": 100,
        "championId": 5
      },
      {
        "summonerId": 28975604,
        "teamId": 200,
        "championId": 80
      },
      {
        "summonerId": 38251499,
        "teamId": 200,
        "championId": 56
      },
      {
        "summonerId": 25160640,
        "teamId": 100,
        "championId": 55
      },
      {
        "summonerId": 23771269,
        "teamId": 100,
        "championId": 222
      },
      {
        "summonerId": 21256729,
        "teamId": 100,
        "championId": 11
      },
      {
        "summonerId": 41373110,
        "teamId": 200,
        "championId": 25
      },
      {
        "summonerId": 20026051,
        "teamId": 200,
        "championId": 38
      }
    ],
    "stats": {
      "level": 15,
      "goldEarned": 12456,
      "numDeaths": 4,
      "turretsKilled": 3,
      "minionsKilled": 200,
      "championsKilled": 8,
      "goldSpent": 10670,
      "totalDamageDealt": 120540,
      "totalDamageTaken": 19416,
      "doubleKills": 1,
      "killingSprees": 1,
      "largestKillingSpree": 7,
      "team": 200,
      "win": true,
      "neutralMinionsKilled": 7,
      "largestMultiKill": 2,
      "physicalDamageDealtPlayer": 110546,
      "magicDamageDealtPlayer": 72,
      "physicalDamageTaken": 13365,
      "magicDamageTaken": 5546,
      "largestCriticalStrike": 621,
      "timePlayed": 1716,
      "totalHeal": 2262,
      "totalUnitsHealed": 3,
      "assists": 8,
      "item0": 3153,
      "item1": 3006,
      "item2": 1038,
      "item3": 3046,
      "item4": 1018,
      "item5": 1037,
      "item6": 3340,
      "magicDamageDealtToChampions": 72,
      "physicalDamageDealtToChampions": 9835,
      "totalDamageDealtToChampions": 11949,
      "trueDamageDealtPlayer": 9921,
      "trueDamageDealtToChampions": 2041,
      "trueDamageTaken": 505,
      "wardKilled": 1,
      "wardPlaced": 3,
      "neutralMinionsKilledYourJungle": 7,
      "totalTimeCrowdControlDealt": 329
    }
  },
  "20026051": {
    "gameId": 825976395,
    "invalid": false,
    "gameMode": "CLASSIC",
    "gameType": "MATCHED_GAME",
    "subType": "RANKED_SOLO_5x5",
    "mapId": 1,
    "teamId": 200,
    "championId": 38,
    "spell1": 4,
    "spell2": 14,
    "level": 30,
    "ipEarned": 232,
    "createDate": 1399031084463,
    "fellowPlayers": [
      {
        "summonerId": 28493637,
        "teamId": 200,
        "championId": 67
      },
      {
        "summonerId": 30815698,
        "teamId": 100,
        "championId": 30
      },
      {
        "summonerId": 33993917,
        "teamId": 100,
        "championId": 5
      },
      {
        "summonerId": 28975604,
        "teamId": 200,
        "championId": 80
      },
      {
        "summonerId": 38251499,
        "teamId": 200,
        "championId": 56
      },
      {
        "summonerId": 25160640,
        "teamId": 100,
        "championId": 55
      },
      {
        "summonerId": 23771269,
        "teamId": 100,
        "championId": 222
      },
      {
        "summonerId": 21256729,
        "teamId": 100,
        "championId": 11
      },
      {
        "summonerId": 41373110,
        "teamId": 200,
        "championId": 25
      }
    ],
    "stats": {
      "level": 15,
      "goldEarned": 12551,
      "numDeaths": 5,
      "turretsKilled": 2,
      "minionsKilled": 125,
      "championsKilled": 13,
      "goldSpent": 10685,
      "totalDamageDealt": 80964,
      "totalDamageTaken": 21028,
      "doubleKills": 1,
      "killingSprees": 4,
      "largestKillingSpree": 5,
      "team": 200,
      "win": true,
      "neutralMinionsKilled": 9,
      "largestMultiKill": 2,
      "physicalDamageDealtPlayer": 22537,
      "magicDamageDealtPlayer": 57547,
      "physicalDamageTaken": 13884,
      "magicDamageTaken": 6322,
      "timePlayed": 1716,
      "totalHeal": 814,
      "totalUnitsHealed": 1,
      "assists": 8,
      "item0": 3020,
      "item1": 2041,
      "item2": 3027,
      "item3": 3089,
      "item4": 3100,
      "item6": 3340,
      "magicDamageDealtToChampions": 15911,
      "physicalDamageDealtToChampions": 2721,
      "totalDamageDealtToChampions": 19382,
      "trueDamageDealtPlayer": 880,
      "trueDamageDealtToChampions": 750,
      "trueDamageTaken": 822,
      "wardPlaced": 5,
      "neutralMinionsKilledEnemyJungle": 5,
      "neutralMinionsKilledYourJungle": 4,
      "totalTimeCrowdControlDealt": 281
    }
  },
  "33993917": {
    "gameId": 825976395,
    "invalid": false,
    "gameMode": "CLASSIC",
    "gameType": "MATCHED_GAME",
    "subType": "RANKED_SOLO_5x5",
    "mapId": 1,
    "teamId": 100,
    "championId": 5,
    "spell1": 4,
    "spell2": 11,
    "level": 30,
    "ipEarned": 55,
    "createDate": 1399031084458,
    "fellowPlayers": [
      {
        "summonerId": 28493637,
        "teamId": 200,
        "championId": 67
      },
      {
        "summonerId": 30815698,
        "teamId": 100,
        "championId": 30
      },
      {
        "summonerId": 28975604,
        "teamId": 200,
        "championId": 80
      },
      {
        "summonerId": 38251499,
        "teamId": 200,
        "championId": 56
      },
      {
        "summonerId": 25160640,
        "teamId": 100,
        "championId": 55
      },
      {
        "summonerId": 23771269,
        "teamId": 100,
        "championId": 222
      },
      {
        "summonerId": 21256729,
        "teamId": 100,
        "championId": 11
      },
      {
        "summonerId": 41373110,
        "teamId": 200,
        "championId": 25
      },
      {
        "summonerId": 20026051,
        "teamId": 200,
        "championId": 38
      }
    ],
    "stats": {
      "level": 13,
      "goldEarned": 7219,
      "numDeaths": 9,
      "turretsKilled": 1,
      "minionsKilled": 17,
      "championsKilled": 3,
      "goldSpent": 6878,
      "totalDamageDealt": 59163,
      "totalDamageTaken": 23856,
      "killingSprees": 1,
      "largestKillingSpree": 2,
      "team": 100,
      "win": false,
      "neutralMinionsKilled": 45,
      "largestMultiKill": 1,
      "physicalDamageDealtPlayer": 32155,
      "magicDamageDealtPlayer": 19935,
      "physicalDamageTaken": 15372,
      "magicDamageTaken": 7560,
      "largestCriticalStrike": 285,
      "timePlayed": 1716,
      "totalHeal": 3279,
      "totalUnitsHealed": 1,
      "assists": 7,
      "item0": 3154,
      "item1": 3078,
      "item2": 3111,
      "item6": 3341,
      "magicDamageDealtToChampions": 1634,
      "physicalDamageDealtToChampions": 5295,
      "totalDamageDealtToChampions": 6969,
      "trueDamageDealtPlayer": 7072,
      "trueDamageDealtToChampions": 40,
      "trueDamageTaken": 923,
      "wardKilled": 1,
      "wardPlaced": 2,
      "neutralMinionsKilledEnemyJungle": 2,
      "neutralMinionsKilledYourJungle": 43,
      "totalTimeCrowdControlDealt": 448
    }
  },
  "23771269": {
    "gameId": 825976395,
    "invalid": false,
    "gameMode": "CLASSIC",
    "gameType": "MATCHED_GAME",
    "subType": "RANKED_SOLO_5x5",
    "mapId": 1,
    "teamId": 100,
    "championId": 222,
    "spell1": 7,
    "spell2": 4,
    "level": 30,
    "ipEarned": 55,
    "createDate": 1399031084460,
    "fellowPlayers": [
      {
        "summonerId": 28493637,
        "teamId": 200,
        "championId": 67
      },
      {
        "summonerId": 30815698,
        "teamId": 100,
        "championId": 30
      },
      {
        "summonerId": 33993917,
        "teamId": 100,
        "championId": 5
      },
      {
        "summonerId": 28975604,
        "teamId": 200,
        "championId": 80
      },
      {
        "summonerId": 38251499,
        "teamId": 200,
        "championId": 56
      },
      {
        "summonerId": 25160640,
        "teamId": 100,
        "championId": 55
      },
      {
        "summonerId": 21256729,
        "teamId": 100,
        "championId": 11
      },
      {
        "summonerId": 41373110,
        "teamId": 200,
        "championId": 25
      },
      {
        "summonerId": 20026051,
        "teamId": 200,
        "championId": 38
      }
    ],
    "stats": {
      "level": 14,
      "goldEarned": 10146,
      "numDeaths": 3,
      "turretsKilled": 1,
      "minionsKilled": 147,
      "championsKilled": 7,
      "goldSpent": 7795,
      "totalDamageDealt": 78834,
      "totalDamageTaken": 13906,
      "killingSprees": 2,
      "largestKillingSpree": 3,
      "team": 100,
      "win": false,
      "neutralMinionsKilled": 5,
      "largestMultiKill": 1,
      "physicalDamageDealtPlayer": 73437,
      "magicDamageDealtPlayer": 4894,
      "physicalDamageTaken": 8438,
      "magicDamageTaken": 5104,
      "largestCriticalStrike": 450,
      "timePlayed": 1716,
      "totalHeal": 2764,
      "totalUnitsHealed": 4,
      "assists": 6,
      "item0": 3087,
      "item1": 3072,
      "item2": 3006,
      "item3": 1055,
      "item4": 1055,
      "item6": 3340,
      "magicDamageDealtToChampions": 607,
      "physicalDamageDealtToChampions": 10909,
      "totalDamageDealtToChampions": 11844,
      "trueDamageDealtPlayer": 502,
      "trueDamageDealtToChampions": 328,
      "trueDamageTaken": 363,
      "wardPlaced": 5,
      "neutralMinionsKilledYourJungle": 5,
      "totalTimeCrowdControlDealt": 133
    }
  },
  "38251499": {
    "gameId": 825976395,
    "invalid": false,
    "gameMode": "CLASSIC",
    "gameType": "MATCHED_GAME",
    "subType": "RANKED_SOLO_5x5",
    "mapId": 1,
    "teamId": 200,
    "championId": 56,
    "spell1": 11,
    "spell2": 4,
    "level": 30,
    "ipEarned": 82,
    "createDate": 1399031084462,
    "fellowPlayers": [
      {
        "summonerId": 28493637,
        "teamId": 200,
        "championId": 67
      },
      {
        "summonerId": 30815698,
        "teamId": 100,
        "championId": 30
      },
      {
        "summonerId": 33993917,
        "teamId": 100,
        "championId": 5
      },
      {
        "summonerId": 28975604,
        "teamId": 200,
        "championId": 80
      },
      {
        "summonerId": 25160640,
        "teamId": 100,
        "championId": 55
      },
      {
        "summonerId": 23771269,
        "teamId": 100,
        "championId": 222
      },
      {
        "summonerId": 21256729,
        "teamId": 100,
        "championId": 11
      },
      {
        "summonerId": 41373110,
        "teamId": 200,
        "championId": 25
      },
      {
        "summonerId": 20026051,
        "teamId": 200,
        "championId": 38
      }
    ],
    "stats": {
      "level": 16,
      "goldEarned": 11673,
      "numDeaths": 5,
      "minionsKilled": 34,
      "championsKilled": 5,
      "goldSpent": 8100,
      "totalDamageDealt": 152154,
      "totalDamageTaken": 23684,
      "killingSprees": 1,
      "largestKillingSpree": 2,
      "team": 200,
      "win": true,
      "neutralMinionsKilled": 93,
      "largestMultiKill": 1,
      "physicalDamageDealtPlayer": 110908,
      "magicDamageDealtPlayer": 32968,
      "physicalDamageTaken": 18500,
      "magicDamageTaken": 3968,
      "largestCriticalStrike": 487,
      "timePlayed": 1716,
      "totalHeal": 5288,
      "totalUnitsHealed": 1,
      "assists": 13,
      "item0": 3160,
      "item1": 3260,
      "item2": 3087,
      "item3": 3144,
      "item5": 1042,
      "item6": 3341,
      "magicDamageDealtToChampions": 1140,
      "physicalDamageDealtToChampions": 7624,
      "totalDamageDealtToChampions": 8924,
      "trueDamageDealtPlayer": 8278,
      "trueDamageDealtToChampions": 160,
      "trueDamageTaken": 1216,
      "wardPlaced": 2,
      "neutralMinionsKilledEnemyJungle": 15,
      "neutralMinionsKilledYourJungle": 78,
      "totalTimeCrowdControlDealt": 336
    }
  },
  "25160640": {
    "gameId": 825976395,
    "invalid": false,
    "gameMode": "CLASSIC",
    "gameType": "MATCHED_GAME",
    "subType": "RANKED_SOLO_5x5",
    "mapId": 1,
    "teamId": 100,
    "championId": 55,
    "spell1": 4,
    "spell2": 14,
    "level": 30,
    "ipEarned": 55,
    "createDate": 1399031084459,
    "fellowPlayers": [
      {
        "summonerId": 28493637,
        "teamId": 200,
        "championId": 67
      },
      {
        "summonerId": 30815698,
        "teamId": 100,
        "championId": 30
      },
      {
        "summonerId": 33993917,
        "teamId": 100,
        "championId": 5
      },
      {
        "summonerId": 28975604,
        "teamId": 200,
        "championId": 80
      },
      {
        "summonerId": 38251499,
        "teamId": 200,
        "championId": 56
      },
      {
        "summonerId": 23771269,
        "teamId": 100,
        "championId": 222
      },
      {
        "summonerId": 21256729,
        "teamId": 100,
        "championId": 11
      },
      {
        "summonerId": 41373110,
        "teamId": 200,
        "championId": 25
      },
      {
        "summonerId": 20026051,
        "teamId": 200,
        "championId": 38
      }
    ],
    "stats": {
      "level": 11,
      "goldEarned": 6330,
      "numDeaths": 10,
      "minionsKilled": 63,
      "championsKilled": 1,
      "goldSpent": 5680,
      "totalDamageDealt": 43635,
      "totalDamageTaken": 17074,
      "team": 100,
      "win": false,
      "neutralMinionsKilled": 3,
      "largestMultiKill": 1,
      "physicalDamageDealtPlayer": 3967,
      "magicDamageDealtPlayer": 39327,
      "physicalDamageTaken": 9922,
      "magicDamageTaken": 6230,
      "timePlayed": 1716,
      "totalHeal": 451,
      "totalUnitsHealed": 1,
      "assists": 8,
      "item0": 3255,
      "item1": 2003,
      "item2": 2044,
      "item3": 3001,
      "item4": 1028,
      "item5": 1052,
      "item6": 3340,
      "sightWardsBought": 2,
      "magicDamageDealtToChampions": 9059,
      "physicalDamageDealtToChampions": 820,
      "totalDamageDealtToChampions": 10220,
      "trueDamageDealtPlayer": 340,
      "trueDamageDealtToChampions": 340,
      "trueDamageTaken": 921,
      "wardPlaced": 6,
      "neutralMinionsKilledYourJungle": 3
    }
  }
}