{
  "30375935": {
    "gameId": 825970283,
    "invalid": false,
    "gameMode": "CLASSIC",
    "gameType": "MATCHED_GAME",
    "subType": "NORMAL",
    "mapId": 1,
    "teamId": 200,
    "championId": 4,
    "spell1": 12,
    "spell2": 4,
    "level": 30,
    "ipEarned": 74,
    "createDate": 1399030344775,
    "fellowPlayers": [
      {
        "summonerId": 26886416,
        "teamId": 100,
        "championId": 84
      },
      {
        "summonerId": 25793351,
        "teamId": 100,
        "championId": 11
      },
      {
        "summonerId": 33825384,
        "teamId": 200,
        "championId": 76
      },
      {
        "summonerId": 35382990,
        "teamId": 200,
        "championId": 92
      },
      {
        "summonerId": 38191944,
        "teamId": 200,
        "championId": 105
      },
      {
        "summonerId": 39730070,
        "teamId": 100,
        "championId": 222
      },
      {
        "summonerId": 38621044,
        "teamId": 100,
        "championId": 37
      },
      {
        "summonerId": 34754955,
        "teamId": 200,
        "championId": 222
      },
      {
        "summonerId": 35509459,
        "teamId": 100,
        "championId": 58
      }
    ],
    "stats": {
      "level": 17,
      "goldEarned": 13978,
      "numDeaths": 12,
      "minionsKilled": 137,
      "championsKilled": 7,
      "goldSpent": 14420,
      "totalDamageDealt": 114635,
      "totalDamageTaken": 28704,
      "doubleKills": 1,
      "killingSprees": 2,
      "largestKillingSpree": 3,
      "team": 200,
      "win": false,
      "neutralMinionsKilled": 2,
      "largestMultiKill": 2,
      "physicalDamageDealtPlayer": 8341,
      "magicDamageDealtPlayer": 106294,
      "physicalDamageTaken": 13859,
      "magicDamageTaken": 14076,
      "timePlayed": 2519,
      "totalHeal": 600,
      "totalUnitsHealed": 1,
      "assists": 15,
      "item0": 3128,
      "item1": 3100,
      "item2": 3020,
      "item3": 3089,
      "item4": 3135,
      "item6": 3340,
      "sightWardsBought": 1,
      "magicDamageDealtToChampions": 28701,
      "physicalDamageDealtToChampions": 1495,
      "totalDamageDealtToChampions": 30196,
      "trueDamageTaken": 769,
      "wardPlaced": 4,
      "neutralMinionsKilledYourJungle": 2,
      "totalTimeCrowdControlDealt": 202
    }
  },
  "summonerCount": 10,
  "34754955": {
    "gameId": 825970283,
    "invalid": false,
    "gameMode": "CLASSIC",
    "gameType": "MATCHED_GAME",
    "subType": "NORMAL",
    "mapId": 1,
    "teamId": 200,
    "championId": 222,
    "spell1": 4,
    "spell2": 7,
    "level": 30,
    "ipEarned": 74,
    "createDate": 1399030344779,
    "fellowPlayers": [
      {
        "summonerId": 26886416,
        "teamId": 100,
        "championId": 84
      },
      {
        "summonerId": 25793351,
        "teamId": 100,
        "championId": 11
      },
      {
        "summonerId": 33825384,
        "teamId": 200,
        "championId": 76
      },
      {
        "summonerId": 35382990,
        "teamId": 200,
        "championId": 92
      },
      {
        "summonerId": 38191944,
        "teamId": 200,
        "championId": 105
      },
      {
        "summonerId": 30375935,
        "teamId": 200,
        "championId": 4
      },
      {
        "summonerId": 39730070,
        "teamId": 100,
        "championId": 222
      },
      {
        "summonerId": 38621044,
        "teamId": 100,
        "championId": 37
      },
      {
        "summonerId": 35509459,
        "teamId": 100,
        "championId": 58
      }
    ],
    "stats": {
      "level": 17,
      "goldEarned": 13196,
      "numDeaths": 12,
      "turretsKilled": 1,
      "minionsKilled": 151,
      "championsKilled": 4,
      "goldSpent": 13280,
      "totalDamageDealt": 122926,
      "totalDamageTaken": 33041,
      "team": 200,
      "win": false,
      "neutralMinionsKilled": 6,
      "largestMultiKill": 1,
      "physicalDamageDealtPlayer": 118266,
      "magicDamageDealtPlayer": 4595,
      "physicalDamageTaken": 20944,
      "magicDamageTaken": 11115,
      "largestCriticalStrike": 678,
      "timePlayed": 2519,
      "totalHeal": 4946,
      "totalUnitsHealed": 5,
      "assists": 20,
      "item0": 3087,
      "item1": 3031,
      "item2": 3006,
      "item3": 3072,
      "item4": 3035,
      "item6": 3340,
      "magicDamageDealtToChampions": 1210,
      "physicalDamageDealtToChampions": 25530,
      "totalDamageDealtToChampions": 26805,
      "trueDamageDealtPlayer": 64,
      "trueDamageDealtToChampions": 64,
      "trueDamageTaken": 982,
      "wardKilled": 2,
      "wardPlaced": 13,
      "neutralMinionsKilledEnemyJungle": 1,
      "neutralMinionsKilledYourJungle": 5,
      "totalTimeCrowdControlDealt": 86
    }
  },
  "25793351": {
    "gameId": 825970283,
    "invalid": false,
    "gameMode": "CLASSIC",
    "gameType": "MATCHED_GAME",
    "subType": "NORMAL",
    "mapId": 1,
    "teamId": 100,
    "championId": 11,
    "spell1": 4,
    "spell2": 11,
    "level": 30,
    "ipEarned": 263,
    "createDate": 1399030344770,
    "fellowPlayers": [
      {
        "summonerId": 26886416,
        "teamId": 100,
        "championId": 84
      },
      {
        "summonerId": 33825384,
        "teamId": 200,
        "championId": 76
      },
      {
        "summonerId": 35382990,
        "teamId": 200,
        "championId": 92
      },
      {
        "summonerId": 38191944,
        "teamId": 200,
        "championId": 105
      },
      {
        "summonerId": 30375935,
        "teamId": 200,
        "championId": 4
      },
      {
        "summonerId": 39730070,
        "teamId": 100,
        "championId": 222
      },
      {
        "summonerId": 38621044,
        "teamId": 100,
        "championId": 37
      },
      {
        "summonerId": 34754955,
        "teamId": 200,
        "championId": 222
      },
      {
        "summonerId": 35509459,
        "teamId": 100,
        "championId": 58
      }
    ],
    "stats": {
      "level": 18,
      "goldEarned": 17263,
      "numDeaths": 11,
      "turretsKilled": 1,
      "minionsKilled": 91,
      "championsKilled": 12,
      "goldSpent": 18150,
      "totalDamageDealt": 252003,
      "totalDamageTaken": 43854,
      "doubleKills": 2,
      "tripleKills": 1,
      "killingSprees": 4,
      "largestKillingSpree": 4,
      "team": 100,
      "win": true,
      "neutralMinionsKilled": 118,
      "largestMultiKill": 3,
      "physicalDamageDealtPlayer": 174607,
      "magicDamageDealtPlayer": 55059,
      "physicalDamageTaken": 28776,
      "magicDamageTaken": 14339,
      "largestCriticalStrike": 961,
      "timePlayed": 2519,
      "totalHeal": 9654,
      "totalUnitsHealed": 1,
      "assists": 9,
      "item0": 3160,
      "item1": 3035,
      "item2": 3142,
      "item3": 3250,
      "item4": 3087,
      "item5": 3072,
      "item6": 3341,
      "magicDamageDealtToChampions": 3767,
      "physicalDamageDealtToChampions": 19494,
      "totalDamageDealtToChampions": 26609,
      "trueDamageDealtPlayer": 22337,
      "trueDamageDealtToChampions": 3347,
      "trueDamageTaken": 738,
      "wardKilled": 2,
      "wardPlaced": 5,
      "neutralMinionsKilledEnemyJungle": 36,
      "neutralMinionsKilledYourJungle": 82,
      "totalTimeCrowdControlDealt": 321
    }
  },
  "33825384": {
    "gameId": 825970283,
    "invalid": false,
    "gameMode": "CLASSIC",
    "gameType": "MATCHED_GAME",
    "subType": "NORMAL",
    "mapId": 1,
    "teamId": 200,
    "championId": 76,
    "spell1": 4,
    "spell2": 14,
    "level": 30,
    "ipEarned": 74,
    "createDate": 1399030344777,
    "fellowPlayers": [
      {
        "summonerId": 26886416,
        "teamId": 100,
        "championId": 84
      },
      {
        "summonerId": 25793351,
        "teamId": 100,
        "championId": 11
      },
      {
        "summonerId": 35382990,
        "teamId": 200,
        "championId": 92
      },
      {
        "summonerId": 38191944,
        "teamId": 200,
        "championId": 105
      },
      {
        "summonerId": 30375935,
        "teamId": 200,
        "championId": 4
      },
      {
        "summonerId": 39730070,
        "teamId": 100,
        "championId": 222
      },
      {
        "summonerId": 38621044,
        "teamId": 100,
        "championId": 37
      },
      {
        "summonerId": 34754955,
        "teamId": 200,
        "championId": 222
      },
      {
        "summonerId": 35509459,
        "teamId": 100,
        "championId": 58
      }
    ],
    "stats": {
      "level": 17,
      "goldEarned": 11689,
      "numDeaths": 14,
      "turretsKilled": 1,
      "minionsKilled": 41,
      "championsKilled": 9,
      "goldSpent": 11600,
      "totalDamageDealt": 72549,
      "totalDamageTaken": 29801,
      "killingSprees": 1,
      "largestKillingSpree": 2,
      "team": 200,
      "win": false,
      "neutralMinionsKilled": 8,
      "largestMultiKill": 1,
      "physicalDamageDealtPlayer": 10761,
      "magicDamageDealtPlayer": 61103,
      "physicalDamageTaken": 16948,
      "magicDamageTaken": 12662,
      "timePlayed": 2519,
      "totalHeal": 10304,
      "totalUnitsHealed": 5,
      "assists": 16,
      "item0": 3128,
      "item1": 3070,
      "item2": 3135,
      "item3": 3020,
      "item4": 3089,
      "item5": 1026,
      "item6": 3340,
      "magicDamageDealtToChampions": 31744,
      "physicalDamageDealtToChampions": 1741,
      "totalDamageDealtToChampions": 34074,
      "trueDamageDealtPlayer": 684,
      "trueDamageDealtToChampions": 588,
      "trueDamageTaken": 190,
      "wardPlaced": 8,
      "neutralMinionsKilledYourJungle": 8,
      "totalTimeCrowdControlDealt": 12
    }
  },
  "38191944": {
    "gameId": 825970283,
    "invalid": false,
    "gameMode": "CLASSIC",
    "gameType": "MATCHED_GAME",
    "subType": "NORMAL",
    "mapId": 1,
    "teamId": 200,
    "championId": 105,
    "spell1": 11,
    "spell2": 4,
    "level": 30,
    "ipEarned": 74,
    "createDate": 1399030344778,
    "fellowPlayers": [
      {
        "summonerId": 26886416,
        "teamId": 100,
        "championId": 84
      },
      {
        "summonerId": 25793351,
        "teamId": 100,
        "championId": 11
      },
      {
        "summonerId": 33825384,
        "teamId": 200,
        "championId": 76
      },
      {
        "summonerId": 35382990,
        "teamId": 200,
        "championId": 92
      },
      {
        "summonerId": 30375935,
        "teamId": 200,
        "championId": 4
      },
      {
        "summonerId": 39730070,
        "teamId": 100,
        "championId": 222
      },
      {
        "summonerId": 38621044,
        "teamId": 100,
        "championId": 37
      },
      {
        "summonerId": 34754955,
        "teamId": 200,
        "championId": 222
      },
      {
        "summonerId": 35509459,
        "teamId": 100,
        "championId": 58
      }
    ],
    "stats": {
      "level": 18,
      "goldEarned": 15148,
      "numDeaths": 7,
      "minionsKilled": 37,
      "championsKilled": 14,
      "goldSpent": 16295,
      "totalDamageDealt": 136644,
      "totalDamageTaken": 29124,
      "doubleKills": 3,
      "tripleKills": 1,
      "killingSprees": 3,
      "largestKillingSpree": 5,
      "team": 200,
      "win": false,
      "neutralMinionsKilled": 75,
      "largestMultiKill": 3,
      "physicalDamageDealtPlayer": 28921,
      "magicDamageDealtPlayer": 94688,
      "physicalDamageTaken": 19776,
      "magicDamageTaken": 8079,
      "timePlayed": 2519,
      "totalHeal": 6443,
      "totalUnitsHealed": 1,
      "assists": 13,
      "item0": 3206,
      "item1": 3157,
      "item2": 3100,
      "item3": 3255,
      "item4": 3089,
      "item5": 3145,
      "item6": 3340,
      "magicDamageDealtToChampions": 21258,
      "physicalDamageDealtToChampions": 2573,
      "totalDamageDealtToChampions": 24401,
      "trueDamageDealtPlayer": 13034,
      "trueDamageDealtToChampions": 570,
      "trueDamageTaken": 1269,
      "wardPlaced": 12,
      "neutralMinionsKilledEnemyJungle": 19,
      "neutralMinionsKilledYourJungle": 56,
      "totalTimeCrowdControlDealt": 498
    }
  },
  "35509459": {
    "gameId": 825970283,
    "invalid": false,
    "gameMode": "CLASSIC",
    "gameType": "MATCHED_GAME",
    "subType": "NORMAL",
    "mapId": 1,
    "teamId": 100,
    "championId": 58,
    "spell1": 14,
    "spell2": 4,
    "level": 30,
    "ipEarned": 113,
    "createDate": 1399030344769,
    "fellowPlayers": [
      {
        "summonerId": 26886416,
        "teamId": 100,
        "championId": 84
      },
      {
        "summonerId": 25793351,
        "teamId": 100,
        "championId": 11
      },
      {
        "summonerId": 33825384,
        "teamId": 200,
        "championId": 76
      },
      {
        "summonerId": 35382990,
        "teamId": 200,
        "championId": 92
      },
      {
        "summonerId": 38191944,
        "teamId": 200,
        "championId": 105
      },
      {
        "summonerId": 30375935,
        "teamId": 200,
        "championId": 4
      },
      {
        "summonerId": 39730070,
        "teamId": 100,
        "championId": 222
      },
      {
        "summonerId": 38621044,
        "teamId": 100,
        "championId": 37
      },
      {
        "summonerId": 34754955,
        "teamId": 200,
        "championId": 222
      }
    ],
    "stats": {
      "level": 18,
      "goldEarned": 13479,
      "numDeaths": 8,
      "turretsKilled": 2,
      "minionsKilled": 174,
      "championsKilled": 2,
      "goldSpent": 11105,
      "totalDamageDealt": 144169,
      "totalDamageTaken": 38457,
      "team": 100,
      "win": true,
      "neutralMinionsKilled": 13,
      "largestMultiKill": 1,
      "physicalDamageDealtPlayer": 127854,
      "magicDamageDealtPlayer": 15607,
      "physicalDamageTaken": 21343,
      "magicDamageTaken": 16543,
      "timePlayed": 2519,
      "totalHeal": 4994,
      "totalUnitsHealed": 1,
      "assists": 17,
      "item0": 1054,
      "item1": 3074,
      "item2": 3047,
      "item3": 3068,
      "item4": 3065,
      "item5": 1031,
      "item6": 3340,
      "magicDamageDealtToChampions": 3163,
      "physicalDamageDealtToChampions": 14495,
      "totalDamageDealtToChampions": 18367,
      "trueDamageDealtPlayer": 708,
      "trueDamageDealtToChampions": 708,
      "trueDamageTaken": 570,
      "wardPlaced": 6,
      "neutralMinionsKilledEnemyJungle": 4,
      "neutralMinionsKilledYourJungle": 9,
      "totalTimeCrowdControlDealt": 38
    }
  },
  "38621044": {
    "gameId": 825970283,
    "invalid": false,
    "gameMode": "CLASSIC",
    "gameType": "MATCHED_GAME",
    "subType": "NORMAL",
    "mapId": 1,
    "teamId": 100,
    "championId": 37,
    "spell1": 14,
    "spell2": 4,
    "level": 30,
    "ipEarned": 113,
    "createDate": 1399030344772,
    "fellowPlayers": [
      {
        "summonerId": 26886416,
        "teamId": 100,
        "championId": 84
      },
      {
        "summonerId": 25793351,
        "teamId": 100,
        "championId": 11
      },
      {
        "summonerId": 33825384,
        "teamId": 200,
        "championId": 76
      },
      {
        "summonerId": 35382990,
        "teamId": 200,
        "championId": 92
      },
      {
        "summonerId": 38191944,
        "teamId": 200,
        "championId": 105
      },
      {
        "summonerId": 30375935,
        "teamId": 200,
        "championId": 4
      },
      {
        "summonerId": 39730070,
        "teamId": 100,
        "championId": 222
      },
      {
        "summonerId": 34754955,
        "teamId": 200,
        "championId": 222
      },
      {
        "summonerId": 35509459,
        "teamId": 100,
        "championId": 58
      }
    ],
    "stats": {
      "level": 17,
      "goldEarned": 12747,
      "numDeaths": 11,
      "turretsKilled": 1,
      "minionsKilled": 20,
      "championsKilled": 8,
      "goldSpent": 12515,
      "totalDamageDealt": 51540,
      "totalDamageTaken": 29102,
      "killingSprees": 1,
      "largestKillingSpree": 2,
      "team": 100,
      "win": true,
      "neutralMinionsKilled": 5,
      "largestMultiKill": 1,
      "physicalDamageDealtPlayer": 11309,
      "magicDamageDealtPlayer": 39523,
      "physicalDamageTaken": 12539,
      "magicDamageTaken": 16487,
      "timePlayed": 2519,
      "totalHeal": 13608,
      "totalUnitsHealed": 5,
      "assists": 18,
      "item0": 1056,
      "item1": 3089,
      "item2": 3100,
      "item3": 3275,
      "item4": 3191,
      "item5": 1058,
      "item6": 3340,
      "magicDamageDealtToChampions": 18760,
      "physicalDamageDealtToChampions": 2995,
      "totalDamageDealtToChampions": 22463,
      "trueDamageDealtPlayer": 708,
      "trueDamageDealtToChampions": 708,
      "trueDamageTaken": 76,
      "wardPlaced": 3,
      "neutralMinionsKilledEnemyJungle": 1,
      "neutralMinionsKilledYourJungle": 4,
      "totalTimeCrowdControlDealt": 22
    }
  },
  "35382990": {
    "gameId": 825970283,
    "invalid": false,
    "gameMode": "CLASSIC",
    "gameType": "MATCHED_GAME",
    "subType": "NORMAL",
    "mapId": 1,
    "teamId": 200,
    "championId": 92,
    "spell1": 4,
    "spell2": 14,
    "level": 30,
    "ipEarned": 74,
    "createDate": 1399030344774,
    "fellowPlayers": [
      {
        "summonerId": 26886416,
        "teamId": 100,
        "championId": 84
      },
      {
        "summonerId": 25793351,
        "teamId": 100,
        "championId": 11
      },
      {
        "summonerId": 33825384,
        "teamId": 200,
        "championId": 76
      },
      {
        "summonerId": 38191944,
        "teamId": 200,
        "championId": 105
      },
      {
        "summonerId": 30375935,
        "teamId": 200,
        "championId": 4
      },
      {
        "summonerId": 39730070,
        "teamId": 100,
        "championId": 222
      },
      {
        "summonerId": 38621044,
        "teamId": 100,
        "championId": 37
      },
      {
        "summonerId": 34754955,
        "teamId": 200,
        "championId": 222
      },
      {
        "summonerId": 35509459,
        "teamId": 100,
        "championId": 58
      }
    ],
    "stats": {
      "level": 18,
      "goldEarned": 14996,
      "numDeaths": 10,
      "turretsKilled": 2,
      "minionsKilled": 164,
      "championsKilled": 12,
      "goldSpent": 15295,
      "totalDamageDealt": 155003,
      "totalDamageTaken": 35114,
      "doubleKills": 2,
      "killingSprees": 4,
      "largestKillingSpree": 3,
      "team": 200,
      "win": false,
      "neutralMinionsKilled": 24,
      "largestMultiKill": 2,
      "physicalDamageDealtPlayer": 153067,
      "physicalDamageTaken": 22327,
      "magicDamageTaken": 10183,
      "largestCriticalStrike": 887,
      "timePlayed": 2519,
      "totalHeal": 1694,
      "totalUnitsHealed": 1,
      "assists": 11,
      "item0": 3074,
      "item1": 3142,
      "item2": 3143,
      "item3": 3071,
      "item4": 3260,
      "item6": 3340,
      "physicalDamageDealtToChampions": 26672,
      "totalDamageDealtToChampions": 27716,
      "trueDamageDealtPlayer": 1936,
      "trueDamageDealtToChampions": 1044,
      "trueDamageTaken": 2604,
      "wardPlaced": 11,
      "neutralMinionsKilledEnemyJungle": 4,
      "neutralMinionsKilledYourJungle": 20,
      "totalTimeCrowdControlDealt": 327
    }
  },
  "26886416": {
    "gameId": 825970283,
    "invalid": false,
    "gameMode": "CLASSIC",
    "gameType": "MATCHED_GAME",
    "subType": "NORMAL",
    "mapId": 1,
    "teamId": 100,
    "championId": 84,
    "spell1": 14,
    "spell2": 4,
    "level": 30,
    "ipEarned": 263,
    "createDate": 1399030344773,
    "fellowPlayers": [
      {
        "summonerId": 25793351,
        "teamId": 100,
        "championId": 11
      },
      {
        "summonerId": 33825384,
        "teamId": 200,
        "championId": 76
      },
      {
        "summonerId": 35382990,
        "teamId": 200,
        "championId": 92
      },
      {
        "summonerId": 38191944,
        "teamId": 200,
        "championId": 105
      },
      {
        "summonerId": 30375935,
        "teamId": 200,
        "championId": 4
      },
      {
        "summonerId": 39730070,
        "teamId": 100,
        "championId": 222
      },
      {
        "summonerId": 38621044,
        "teamId": 100,
        "championId": 37
      },
      {
        "summonerId": 34754955,
        "teamId": 200,
        "championId": 222
      },
      {
        "summonerId": 35509459,
        "teamId": 100,
        "championId": 58
      }
    ],
    "stats": {
      "level": 18,
      "goldEarned": 17072,
      "numDeaths": 8,
      "barracksKilled": 1,
      "turretsKilled": 1,
      "minionsKilled": 176,
      "championsKilled": 20,
      "goldSpent": 14680,
      "totalDamageDealt": 137930,
      "totalDamageTaken": 38176,
      "doubleKills": 4,
      "tripleKills": 1,
      "killingSprees": 6,
      "largestKillingSpree": 6,
      "team": 100,
      "win": true,
      "neutralMinionsKilled": 5,
      "largestMultiKill": 3,
      "physicalDamageDealtPlayer": 62481,
      "magicDamageDealtPlayer": 75040,
      "physicalDamageTaken": 18502,
      "magicDamageTaken": 19006,
      "timePlayed": 2519,
      "totalHeal": 394,
      "totalUnitsHealed": 1,
      "assists": 10,
      "item0": 3089,
      "item1": 3146,
      "item2": 3255,
      "item3": 3100,
      "item4": 3116,
      "item6": 3340,
      "magicDamageDealtToChampions": 25471,
      "physicalDamageDealtToChampions": 6390,
      "totalDamageDealtToChampions": 32270,
      "trueDamageDealtPlayer": 408,
      "trueDamageDealtToChampions": 408,
      "trueDamageTaken": 668,
      "wardPlaced": 6,
      "neutralMinionsKilledYourJungle": 5,
      "totalTimeCrowdControlDealt": 429
    }
  },
  "39730070": {
    "gameId": 825970283,
    "invalid": false,
    "gameMode": "CLASSIC",
    "gameType": "MATCHED_GAME",
    "subType": "NORMAL",
    "mapId": 1,
    "teamId": 100,
    "championId": 222,
    "spell1": 4,
    "spell2": 7,
    "level": 30,
    "ipEarned": 263,
    "createDate": 1399030344768,
    "fellowPlayers": [
      {
        "summonerId": 26886416,
        "teamId": 100,
        "championId": 84
      },
      {
        "summonerId": 25793351,
        "teamId": 100,
        "championId": 11
      },
      {
        "summonerId": 33825384,
        "teamId": 200,
        "championId": 76
      },
      {
        "summonerId": 35382990,
        "teamId": 200,
        "championId": 92
      },
      {
        "summonerId": 38191944,
        "teamId": 200,
        "championId": 105
      },
      {
        "summonerId": 30375935,
        "teamId": 200,
        "championId": 4
      },
      {
        "summonerId": 38621044,
        "teamId": 100,
        "championId": 37
      },
      {
        "summonerId": 34754955,
        "teamId": 200,
        "championId": 222
      },
      {
        "summonerId": 35509459,
        "teamId": 100,
        "championId": 58
      }
    ],
    "stats": {
      "level": 18,
      "goldEarned": 16375,
      "numDeaths": 9,
      "turretsKilled": 1,
      "minionsKilled": 146,
      "championsKilled": 13,
      "goldSpent": 14505,
      "totalDamageDealt": 163606,
      "totalDamageTaken": 32492,
      "doubleKills": 3,
      "killingSprees": 4,
      "largestKillingSpree": 2,
      "team": 100,
      "win": true,
      "neutralMinionsKilled": 31,
      "largestMultiKill": 2,
      "physicalDamageDealtPlayer": 145182,
      "magicDamageDealtPlayer": 17182,
      "physicalDamageTaken": 15561,
      "magicDamageTaken": 16537,
      "largestCriticalStrike": 734,
      "timePlayed": 2519,
      "totalHeal": 5996,
      "totalUnitsHealed": 4,
      "assists": 17,
      "item0": 3072,
      "item1": 3031,
      "item2": 3087,
      "item3": 3046,
      "item4": 3250,
      "item6": 3340,
      "sightWardsBought": 1,
      "magicDamageDealtToChampions": 4952,
      "physicalDamageDealtToChampions": 24718,
      "totalDamageDealtToChampions": 30089,
      "trueDamageDealtPlayer": 1242,
      "trueDamageDealtToChampions": 418,
      "trueDamageTaken": 394,
      "wardPlaced": 13,
      "neutralMinionsKilledEnemyJungle": 11,
      "neutralMinionsKilledYourJungle": 20,
      "totalTimeCrowdControlDealt": 376
    }
  }
}