{
  "36463652": {
    "gameId": 825976604,
    "invalid": false,
    "gameMode": "CLASSIC",
    "gameType": "MATCHED_GAME",
    "subType": "RANKED_SOLO_5x5",
    "mapId": 1,
    "teamId": 200,
    "championId": 103,
    "spell1": 4,
    "spell2": 14,
    "level": 30,
    "ipEarned": 54,
    "createDate": 1399030972387,
    "fellowPlayers": [
      {
        "summonerId": 20674372,
        "teamId": 200,
        "championId": 44
      },
      {
        "summonerId": 24339776,
        "teamId": 200,
        "championId": 15
      },
      {
        "summonerId": 30130637,
        "teamId": 100,
        "championId": 19
      },
      {
        "summonerId": 19849051,
        "teamId": 200,
        "championId": 122
      },
      {
        "summonerId": 20147200,
        "teamId": 100,
        "championId": 89
      },
      {
        "summonerId": 21268096,
        "teamId": 100,
        "championId": 117
      },
      {
        "summonerId": 21961148,
        "teamId": 100,
        "championId": 61
      },
      {
        "summonerId": 26071033,
        "teamId": 100,
        "championId": 51
      },
      {
        "summonerId": 37130280,
        "teamId": 200,
        "championId": 106
      }
    ],
    "stats": {
      "level": 11,
      "goldEarned": 5710,
      "numDeaths": 7,
      "minionsKilled": 67,
      "championsKilled": 2,
      "goldSpent": 5025,
      "totalDamageDealt": 45977,
      "totalDamageTaken": 15488,
      "team": 200,
      "win": false,
      "neutralMinionsKilled": 1,
      "largestMultiKill": 1,
      "physicalDamageDealtPlayer": 10629,
      "magicDamageDealtPlayer": 21660,
      "physicalDamageTaken": 5967,
      "magicDamageTaken": 9307,
      "timePlayed": 1626,
      "totalHeal": 851,
      "totalUnitsHealed": 1,
      "assists": 3,
      "item0": 3001,
      "item1": 1026,
      "item2": 3020,
      "item6": 3340,
      "magicDamageDealtToChampions": 5384,
      "physicalDamageDealtToChampions": 682,
      "totalDamageDealtToChampions": 9548,
      "trueDamageDealtPlayer": 13687,
      "trueDamageDealtToChampions": 3480,
      "trueDamageTaken": 214,
      "wardPlaced": 4,
      "neutralMinionsKilledYourJungle": 1,
      "totalTimeCrowdControlDealt": 37
    }
  },
  "summonerCount": 10,
  "20147200": {
    "gameId": 825976604,
    "invalid": false,
    "gameMode": "CLASSIC",
    "gameType": "MATCHED_GAME",
    "subType": "RANKED_SOLO_5x5",
    "mapId": 1,
    "teamId": 100,
    "championId": 89,
    "spell1": 3,
    "spell2": 4,
    "level": 30,
    "ipEarned": 80,
    "createDate": 1399030972381,
    "fellowPlayers": [
      {
        "summonerId": 20674372,
        "teamId": 200,
        "championId": 44
      },
      {
        "summonerId": 24339776,
        "teamId": 200,
        "championId": 15
      },
      {
        "summonerId": 30130637,
        "teamId": 100,
        "championId": 19
      },
      {
        "summonerId": 19849051,
        "teamId": 200,
        "championId": 122
      },
      {
        "summonerId": 21268096,
        "teamId": 100,
        "championId": 117
      },
      {
        "summonerId": 21961148,
        "teamId": 100,
        "championId": 61
      },
      {
        "summonerId": 26071033,
        "teamId": 100,
        "championId": 51
      },
      {
        "summonerId": 36463652,
        "teamId": 200,
        "championId": 103
      },
      {
        "summonerId": 37130280,
        "teamId": 200,
        "championId": 106
      }
    ],
    "stats": {
      "level": 12,
      "goldEarned": 9500,
      "numDeaths": 4,
      "minionsKilled": 14,
      "championsKilled": 6,
      "goldSpent": 9015,
      "totalDamageDealt": 24443,
      "totalDamageTaken": 21733,
      "doubleKills": 1,
      "killingSprees": 2,
      "largestKillingSpree": 3,
      "team": 100,
      "win": true,
      "largestMultiKill": 2,
      "physicalDamageDealtPlayer": 9298,
      "magicDamageDealtPlayer": 14543,
      "physicalDamageTaken": 16578,
      "magicDamageTaken": 3667,
      "timePlayed": 1626,
      "totalHeal": 631,
      "totalUnitsHealed": 4,
      "assists": 13,
      "item0": 3068,
      "item1": 3401,
      "item2": 2045,
      "item3": 3024,
      "item4": 3047,
      "item5": 1052,
      "item6": 3340,
      "sightWardsBought": 1,
      "magicDamageDealtToChampions": 7764,
      "physicalDamageDealtToChampions": 4395,
      "totalDamageDealtToChampions": 12159,
      "trueDamageDealtPlayer": 602,
      "trueDamageTaken": 1488,
      "wardPlaced": 22,
      "totalTimeCrowdControlDealt": 61
    }
  },
  "37130280": {
    "gameId": 825976604,
    "invalid": false,
    "gameMode": "CLASSIC",
    "gameType": "MATCHED_GAME",
    "subType": "RANKED_SOLO_5x5",
    "mapId": 1,
    "teamId": 200,
    "championId": 106,
    "spell1": 4,
    "spell2": 11,
    "level": 30,
    "ipEarned": 54,
    "createDate": 1399030972383,
    "fellowPlayers": [
      {
        "summonerId": 20674372,
        "teamId": 200,
        "championId": 44
      },
      {
        "summonerId": 24339776,
        "teamId": 200,
        "championId": 15
      },
      {
        "summonerId": 30130637,
        "teamId": 100,
        "championId": 19
      },
      {
        "summonerId": 19849051,
        "teamId": 200,
        "championId": 122
      },
      {
        "summonerId": 20147200,
        "teamId": 100,
        "championId": 89
      },
      {
        "summonerId": 21268096,
        "teamId": 100,
        "championId": 117
      },
      {
        "summonerId": 21961148,
        "teamId": 100,
        "championId": 61
      },
      {
        "summonerId": 26071033,
        "teamId": 100,
        "championId": 51
      },
      {
        "summonerId": 36463652,
        "teamId": 200,
        "championId": 103
      }
    ],
    "stats": {
      "level": 13,
      "goldEarned": 8202,
      "numDeaths": 8,
      "minionsKilled": 25,
      "championsKilled": 7,
      "goldSpent": 7670,
      "totalDamageDealt": 77045,
      "totalDamageTaken": 27681,
      "killingSprees": 2,
      "largestKillingSpree": 2,
      "team": 200,
      "win": false,
      "neutralMinionsKilled": 58,
      "largestMultiKill": 1,
      "physicalDamageDealtPlayer": 36617,
      "magicDamageDealtPlayer": 31917,
      "physicalDamageTaken": 13961,
      "magicDamageTaken": 13046,
      "timePlayed": 1626,
      "totalHeal": 3393,
      "totalUnitsHealed": 1,
      "assists": 3,
      "item0": 3154,
      "item1": 3143,
      "item2": 1057,
      "item3": 1028,
      "item4": 3047,
      "item6": 3341,
      "sightWardsBought": 4,
      "visionWardsBought": 1,
      "magicDamageDealtToChampions": 3795,
      "physicalDamageDealtToChampions": 7747,
      "totalDamageDealtToChampions": 11709,
      "trueDamageDealtPlayer": 8510,
      "trueDamageDealtToChampions": 166,
      "trueDamageTaken": 674,
      "wardKilled": 3,
      "wardPlaced": 7,
      "neutralMinionsKilledEnemyJungle": 3,
      "neutralMinionsKilledYourJungle": 55,
      "totalTimeCrowdControlDealt": 949
    }
  },
  "19849051": {
    "gameId": 825976604,
    "invalid": false,
    "gameMode": "CLASSIC",
    "gameType": "MATCHED_GAME",
    "subType": "RANKED_SOLO_5x5",
    "mapId": 1,
    "teamId": 200,
    "championId": 122,
    "spell1": 12,
    "spell2": 4,
    "level": 30,
    "ipEarned": 54,
    "createDate": 1399030972384,
    "fellowPlayers": [
      {
        "summonerId": 20674372,
        "teamId": 200,
        "championId": 44
      },
      {
        "summonerId": 24339776,
        "teamId": 200,
        "championId": 15
      },
      {
        "summonerId": 30130637,
        "teamId": 100,
        "championId": 19
      },
      {
        "summonerId": 20147200,
        "teamId": 100,
        "championId": 89
      },
      {
        "summonerId": 21268096,
        "teamId": 100,
        "championId": 117
      },
      {
        "summonerId": 21961148,
        "teamId": 100,
        "championId": 61
      },
      {
        "summonerId": 26071033,
        "teamId": 100,
        "championId": 51
      },
      {
        "summonerId": 36463652,
        "teamId": 200,
        "championId": 103
      },
      {
        "summonerId": 37130280,
        "teamId": 200,
        "championId": 106
      }
    ],
    "stats": {
      "level": 14,
      "goldEarned": 9539,
      "numDeaths": 2,
      "turretsKilled": 1,
      "minionsKilled": 152,
      "championsKilled": 7,
      "goldSpent": 9460,
      "totalDamageDealt": 82650,
      "totalDamageTaken": 28732,
      "killingSprees": 1,
      "largestKillingSpree": 5,
      "team": 200,
      "win": false,
      "largestMultiKill": 1,
      "physicalDamageDealtPlayer": 73463,
      "magicDamageDealtPlayer": 6729,
      "physicalDamageTaken": 16297,
      "magicDamageTaken": 11518,
      "timePlayed": 1626,
      "totalHeal": 2001,
      "totalUnitsHealed": 1,
      "assists": 4,
      "item0": 3065,
      "item1": 3265,
      "item2": 3143,
      "item4": 3155,
      "item6": 3340,
      "magicDamageDealtToChampions": 2207,
      "physicalDamageDealtToChampions": 11813,
      "totalDamageDealtToChampions": 16478,
      "trueDamageDealtPlayer": 2457,
      "trueDamageDealtToChampions": 2457,
      "trueDamageTaken": 916,
      "wardPlaced": 3,
      "totalTimeCrowdControlDealt": 373
    }
  },
  "30130637": {
    "gameId": 825976604,
    "invalid": false,
    "gameMode": "CLASSIC",
    "gameType": "MATCHED_GAME",
    "subType": "RANKED_SOLO_5x5",
    "mapId": 1,
    "teamId": 100,
    "championId": 19,
    "spell1": 4,
    "spell2": 11,
    "level": 30,
    "ipEarned": 80,
    "createDate": 1399030972378,
    "fellowPlayers": [
      {
        "summonerId": 20674372,
        "teamId": 200,
        "championId": 44
      },
      {
        "summonerId": 24339776,
        "teamId": 200,
        "championId": 15
      },
      {
        "summonerId": 19849051,
        "teamId": 200,
        "championId": 122
      },
      {
        "summonerId": 20147200,
        "teamId": 100,
        "championId": 89
      },
      {
        "summonerId": 21268096,
        "teamId": 100,
        "championId": 117
      },
      {
        "summonerId": 21961148,
        "teamId": 100,
        "championId": 61
      },
      {
        "summonerId": 26071033,
        "teamId": 100,
        "championId": 51
      },
      {
        "summonerId": 36463652,
        "teamId": 200,
        "championId": 103
      },
      {
        "summonerId": 37130280,
        "teamId": 200,
        "championId": 106
      }
    ],
    "stats": {
      "level": 15,
      "goldEarned": 12454,
      "numDeaths": 4,
      "turretsKilled": 1,
      "minionsKilled": 42,
      "championsKilled": 12,
      "goldSpent": 10760,
      "totalDamageDealt": 147258,
      "totalDamageTaken": 30857,
      "doubleKills": 3,
      "killingSprees": 3,
      "largestKillingSpree": 5,
      "team": 100,
      "win": true,
      "neutralMinionsKilled": 84,
      "largestMultiKill": 2,
      "physicalDamageDealtPlayer": 64308,
      "magicDamageDealtPlayer": 69634,
      "physicalDamageTaken": 25040,
      "magicDamageTaken": 3986,
      "timePlayed": 1626,
      "totalHeal": 16784,
      "totalUnitsHealed": 1,
      "assists": 8,
      "item0": 3160,
      "item1": 3009,
      "item2": 3110,
      "item3": 3091,
      "item4": 3068,
      "item6": 3340,
      "visionWardsBought": 1,
      "magicDamageDealtToChampions": 9769,
      "physicalDamageDealtToChampions": 3611,
      "totalDamageDealtToChampions": 13712,
      "trueDamageDealtPlayer": 13316,
      "trueDamageDealtToChampions": 332,
      "trueDamageTaken": 1829,
      "wardPlaced": 3,
      "neutralMinionsKilledEnemyJungle": 18,
      "neutralMinionsKilledYourJungle": 66,
      "totalTimeCrowdControlDealt": 962
    }
  },
  "24339776": {
    "gameId": 825976604,
    "invalid": false,
    "gameMode": "CLASSIC",
    "gameType": "MATCHED_GAME",
    "subType": "RANKED_SOLO_5x5",
    "mapId": 1,
    "teamId": 200,
    "championId": 15,
    "spell1": 4,
    "spell2": 7,
    "level": 30,
    "ipEarned": 54,
    "createDate": 1399030972386,
    "fellowPlayers": [
      {
        "summonerId": 20674372,
        "teamId": 200,
        "championId": 44
      },
      {
        "summonerId": 30130637,
        "teamId": 100,
        "championId": 19
      },
      {
        "summonerId": 19849051,
        "teamId": 200,
        "championId": 122
      },
      {
        "summonerId": 20147200,
        "teamId": 100,
        "championId": 89
      },
      {
        "summonerId": 21268096,
        "teamId": 100,
        "championId": 117
      },
      {
        "summonerId": 21961148,
        "teamId": 100,
        "championId": 61
      },
      {
        "summonerId": 26071033,
        "teamId": 100,
        "championId": 51
      },
      {
        "summonerId": 36463652,
        "teamId": 200,
        "championId": 103
      },
      {
        "summonerId": 37130280,
        "teamId": 200,
        "championId": 106
      }
    ],
    "stats": {
      "level": 13,
      "goldEarned": 8034,
      "numDeaths": 4,
      "minionsKilled": 151,
      "championsKilled": 1,
      "goldSpent": 7600,
      "totalDamageDealt": 103184,
      "totalDamageTaken": 15079,
      "team": 200,
      "win": false,
      "neutralMinionsKilled": 6,
      "largestMultiKill": 1,
      "physicalDamageDealtPlayer": 103184,
      "physicalDamageTaken": 11065,
      "magicDamageTaken": 3901,
      "largestCriticalStrike": 489,
      "timePlayed": 1626,
      "totalHeal": 1751,
      "totalUnitsHealed": 3,
      "assists": 4,
      "item0": 1055,
      "item1": 3006,
      "item2": 3072,
      "item3": 3086,
      "item4": 1037,
      "item5": 3093,
      "item6": 3340,
      "physicalDamageDealtToChampions": 14629,
      "totalDamageDealtToChampions": 14629,
      "trueDamageTaken": 112,
      "wardKilled": 1,
      "wardPlaced": 1,
      "neutralMinionsKilledYourJungle": 6
    }
  },
  "26071033": {
    "gameId": 825976604,
    "invalid": false,
    "gameMode": "CLASSIC",
    "gameType": "MATCHED_GAME",
    "subType": "RANKED_SOLO_5x5",
    "mapId": 1,
    "teamId": 100,
    "championId": 51,
    "spell1": 4,
    "spell2": 7,
    "level": 30,
    "ipEarned": 80,
    "createDate": 1399030972382,
    "fellowPlayers": [
      {
        "summonerId": 20674372,
        "teamId": 200,
        "championId": 44
      },
      {
        "summonerId": 24339776,
        "teamId": 200,
        "championId": 15
      },
      {
        "summonerId": 30130637,
        "teamId": 100,
        "championId": 19
      },
      {
        "summonerId": 19849051,
        "teamId": 200,
        "championId": 122
      },
      {
        "summonerId": 20147200,
        "teamId": 100,
        "championId": 89
      },
      {
        "summonerId": 21268096,
        "teamId": 100,
        "championId": 117
      },
      {
        "summonerId": 21961148,
        "teamId": 100,
        "championId": 61
      },
      {
        "summonerId": 36463652,
        "teamId": 200,
        "championId": 103
      },
      {
        "summonerId": 37130280,
        "teamId": 200,
        "championId": 106
      }
    ],
    "stats": {
      "level": 14,
      "goldEarned": 11742,
      "numDeaths": 3,
      "barracksKilled": 1,
      "turretsKilled": 5,
      "minionsKilled": 134,
      "championsKilled": 5,
      "goldSpent": 8755,
      "totalDamageDealt": 126372,
      "totalDamageTaken": 18936,
      "killingSprees": 1,
      "largestKillingSpree": 3,
      "team": 100,
      "win": true,
      "neutralMinionsKilled": 6,
      "largestMultiKill": 1,
      "physicalDamageDealtPlayer": 120185,
      "magicDamageDealtPlayer": 5078,
      "physicalDamageTaken": 15320,
      "magicDamageTaken": 3118,
      "largestCriticalStrike": 887,
      "timePlayed": 1626,
      "totalHeal": 4399,
      "totalUnitsHealed": 4,
      "assists": 17,
      "item0": 3046,
      "item2": 3072,
      "item3": 1055,
      "item4": 1055,
      "item5": 3252,
      "item6": 3340,
      "sightWardsBought": 2,
      "magicDamageDealtToChampions": 3945,
      "physicalDamageDealtToChampions": 30585,
      "totalDamageDealtToChampions": 35383,
      "trueDamageDealtPlayer": 1108,
      "trueDamageDealtToChampions": 852,
      "trueDamageTaken": 498,
      "wardPlaced": 6,
      "neutralMinionsKilledEnemyJungle": 3,
      "neutralMinionsKilledYourJungle": 3,
      "totalTimeCrowdControlDealt": 260
    }
  },
  "20674372": {
    "gameId": 825976604,
    "invalid": false,
    "gameMode": "CLASSIC",
    "gameType": "MATCHED_GAME",
    "subType": "RANKED_SOLO_5x5",
    "mapId": 1,
    "teamId": 200,
    "championId": 44,
    "spell1": 4,
    "spell2": 7,
    "level": 30,
    "ipEarned": 54,
    "createDate": 1399030972388,
    "fellowPlayers": [
      {
        "summonerId": 24339776,
        "teamId": 200,
        "championId": 15
      },
      {
        "summonerId": 30130637,
        "teamId": 100,
        "championId": 19
      },
      {
        "summonerId": 19849051,
        "teamId": 200,
        "championId": 122
      },
      {
        "summonerId": 20147200,
        "teamId": 100,
        "championId": 89
      },
      {
        "summonerId": 21268096,
        "teamId": 100,
        "championId": 117
      },
      {
        "summonerId": 21961148,
        "teamId": 100,
        "championId": 61
      },
      {
        "summonerId": 26071033,
        "teamId": 100,
        "championId": 51
      },
      {
        "summonerId": 36463652,
        "teamId": 200,
        "championId": 103
      },
      {
        "summonerId": 37130280,
        "teamId": 200,
        "championId": 106
      }
    ],
    "stats": {
      "level": 13,
      "goldEarned": 6540,
      "numDeaths": 10,
      "minionsKilled": 63,
      "championsKilled": 1,
      "goldSpent": 5865,
      "totalDamageDealt": 29499,
      "totalDamageTaken": 25949,
      "team": 200,
      "win": false,
      "largestMultiKill": 1,
      "physicalDamageDealtPlayer": 7004,
      "magicDamageDealtPlayer": 19931,
      "physicalDamageTaken": 14110,
      "magicDamageTaken": 11611,
      "timePlayed": 1626,
      "totalHeal": 10545,
      "totalUnitsHealed": 5,
      "assists": 7,
      "item0": 3097,
      "item1": 3110,
      "item2": 3111,
      "item3": 1028,
      "item4": 1006,
      "item6": 3341,
      "sightWardsBought": 5,
      "magicDamageDealtToChampions": 3687,
      "physicalDamageDealtToChampions": 1565,
      "totalDamageDealtToChampions": 5253,
      "trueDamageDealtPlayer": 2563,
      "trueDamageTaken": 228,
      "wardKilled": 4,
      "wardPlaced": 5,
      "totalTimeCrowdControlDealt": 347
    }
  },
  "21268096": {
    "gameId": 825976604,
    "invalid": false,
    "gameMode": "CLASSIC",
    "gameType": "MATCHED_GAME",
    "subType": "RANKED_SOLO_5x5",
    "mapId": 1,
    "teamId": 100,
    "championId": 117,
    "spell1": 4,
    "spell2": 14,
    "level": 30,
    "ipEarned": 230,
    "createDate": 1399030972379,
    "fellowPlayers": [
      {
        "summonerId": 20674372,
        "teamId": 200,
        "championId": 44
      },
      {
        "summonerId": 24339776,
        "teamId": 200,
        "championId": 15
      },
      {
        "summonerId": 30130637,
        "teamId": 100,
        "championId": 19
      },
      {
        "summonerId": 19849051,
        "teamId": 200,
        "championId": 122
      },
      {
        "summonerId": 20147200,
        "teamId": 100,
        "championId": 89
      },
      {
        "summonerId": 21961148,
        "teamId": 100,
        "championId": 61
      },
      {
        "summonerId": 26071033,
        "teamId": 100,
        "championId": 51
      },
      {
        "summonerId": 36463652,
        "teamId": 200,
        "championId": 103
      },
      {
        "summonerId": 37130280,
        "teamId": 200,
        "championId": 106
      }
    ],
    "stats": {
      "level": 13,
      "goldEarned": 8033,
      "numDeaths": 5,
      "minionsKilled": 101,
      "championsKilled": 1,
      "goldSpent": 7095,
      "totalDamageDealt": 69521,
      "totalDamageTaken": 16149,
      "team": 100,
      "win": true,
      "neutralMinionsKilled": 3,
      "largestMultiKill": 1,
      "physicalDamageDealtPlayer": 15403,
      "magicDamageDealtPlayer": 53420,
      "physicalDamageTaken": 12250,
      "magicDamageTaken": 2568,
      "timePlayed": 1626,
      "totalHeal": 276,
      "totalUnitsHealed": 1,
      "assists": 5,
      "item0": 1056,
      "item1": 3089,
      "item2": 1001,
      "item3": 3174,
      "item6": 3340,
      "magicDamageDealtToChampions": 9388,
      "physicalDamageDealtToChampions": 1960,
      "totalDamageDealtToChampions": 12046,
      "trueDamageDealtPlayer": 698,
      "trueDamageDealtToChampions": 698,
      "trueDamageTaken": 1330,
      "wardPlaced": 2,
      "neutralMinionsKilledYourJungle": 3,
      "totalTimeCrowdControlDealt": 453
    }
  },
  "21961148": {
    "gameId": 825976604,
    "invalid": false,
    "gameMode": "CLASSIC",
    "gameType": "MATCHED_GAME",
    "subType": "RANKED_SOLO_5x5",
    "mapId": 1,
    "teamId": 100,
    "championId": 61,
    "spell1": 14,
    "spell2": 4,
    "level": 30,
    "ipEarned": 80,
    "createDate": 1399030972377,
    "fellowPlayers": [
      {
        "summonerId": 20674372,
        "teamId": 200,
        "championId": 44
      },
      {
        "summonerId": 24339776,
        "teamId": 200,
        "championId": 15
      },
      {
        "summonerId": 30130637,
        "teamId": 100,
        "championId": 19
      },
      {
        "summonerId": 19849051,
        "teamId": 200,
        "championId": 122
      },
      {
        "summonerId": 20147200,
        "teamId": 100,
        "championId": 89
      },
      {
        "summonerId": 21268096,
        "teamId": 100,
        "championId": 117
      },
      {
        "summonerId": 26071033,
        "teamId": 100,
        "championId": 51
      },
      {
        "summonerId": 36463652,
        "teamId": 200,
        "championId": 103
      },
      {
        "summonerId": 37130280,
        "teamId": 200,
        "championId": 106
      }
    ],
    "stats": {
      "level": 14,
      "goldEarned": 10939,
      "numDeaths": 2,
      "barracksKilled": 1,
      "minionsKilled": 144,
      "championsKilled": 7,
      "goldSpent": 9445,
      "totalDamageDealt": 96286,
      "totalDamageTaken": 11747,
      "killingSprees": 2,
      "largestKillingSpree": 4,
      "team": 100,
      "win": true,
      "neutralMinionsKilled": 1,
      "largestMultiKill": 1,
      "physicalDamageDealtPlayer": 17551,
      "magicDamageDealtPlayer": 77928,
      "physicalDamageTaken": 6983,
      "magicDamageTaken": 3206,
      "timePlayed": 1626,
      "totalHeal": 465,
      "totalUnitsHealed": 1,
      "assists": 12,
      "item0": 1056,
      "item1": 3089,
      "item2": 3174,
      "item3": 3020,
      "item4": 1052,
      "item5": 1028,
      "item6": 3340,
      "magicDamageDealtToChampions": 18516,
      "physicalDamageDealtToChampions": 1538,
      "totalDamageDealtToChampions": 20316,
      "trueDamageDealtPlayer": 806,
      "trueDamageDealtToChampions": 262,
      "trueDamageTaken": 1557,
      "wardPlaced": 4,
      "neutralMinionsKilledEnemyJungle": 1,
      "totalTimeCrowdControlDealt": 1182
    }
  }
}