{
  "25513716": {
    "gameId": 825975784,
    "invalid": false,
    "gameMode": "CLASSIC",
    "gameType": "MATCHED_GAME",
    "subType": "RANKED_SOLO_5x5",
    "mapId": 1,
    "teamId": 100,
    "championId": 98,
    "spell1": 4,
    "spell2": 14,
    "level": 30,
    "ipEarned": 71,
    "createDate": 1399031645029,
    "fellowPlayers": [
      {
        "summonerId": 19319031,
        "teamId": 100,
        "championId": 113
      },
      {
        "summonerId": 22755008,
        "teamId": 200,
        "championId": 99
      },
      {
        "summonerId": 37070993,
        "teamId": 100,
        "championId": 37
      },
      {
        "summonerId": 20095742,
        "teamId": 100,
        "championId": 50
      },
      {
        "summonerId": 24176913,
        "teamId": 200,
        "championId": 15
      },
      {
        "summonerId": 23796420,
        "teamId": 200,
        "championId": 58
      },
      {
        "summonerId": 19516629,
        "teamId": 200,
        "championId": 35
      },
      {
        "summonerId": 24542334,
        "teamId": 100,
        "championId": 29
      },
      {
        "summonerId": 23564246,
        "teamId": 200,
        "championId": 412
      }
    ],
    "stats": {
      "level": 17,
      "goldEarned": 13005,
      "numDeaths": 3,
      "minionsKilled": 154,
      "championsKilled": 7,
      "goldSpent": 11960,
      "totalDamageDealt": 93857,
      "totalDamageTaken": 33924,
      "killingSprees": 1,
      "largestKillingSpree": 6,
      "team": 100,
      "win": false,
      "neutralMinionsKilled": 8,
      "largestMultiKill": 1,
      "physicalDamageDealtPlayer": 35973,
      "magicDamageDealtPlayer": 56878,
      "physicalDamageTaken": 22772,
      "magicDamageTaken": 10718,
      "timePlayed": 2380,
      "totalHeal": 5709,
      "totalUnitsHealed": 1,
      "assists": 16,
      "item0": 3082,
      "item1": 3153,
      "item2": 3026,
      "item3": 1054,
      "item4": 3068,
      "item5": 3265,
      "item6": 3340,
      "magicDamageDealtToChampions": 9750,
      "physicalDamageDealtToChampions": 4163,
      "totalDamageDealtToChampions": 14919,
      "trueDamageDealtPlayer": 1006,
      "trueDamageDealtToChampions": 1006,
      "trueDamageTaken": 434,
      "wardPlaced": 6,
      "neutralMinionsKilledEnemyJungle": 3,
      "neutralMinionsKilledYourJungle": 5,
      "totalTimeCrowdControlDealt": 48
    }
  },
  "summonerCount": 10,
  "22755008": {
    "gameId": 825975784,
    "invalid": false,
    "gameMode": "CLASSIC",
    "gameType": "MATCHED_GAME",
    "subType": "RANKED_SOLO_5x5",
    "mapId": 1,
    "teamId": 200,
    "championId": 99,
    "spell1": 14,
    "spell2": 4,
    "level": 30,
    "ipEarned": 108,
    "createDate": 1399031645034,
    "fellowPlayers": [
      {
        "summonerId": 19319031,
        "teamId": 100,
        "championId": 113
      },
      {
        "summonerId": 37070993,
        "teamId": 100,
        "championId": 37
      },
      {
        "summonerId": 20095742,
        "teamId": 100,
        "championId": 50
      },
      {
        "summonerId": 24176913,
        "teamId": 200,
        "championId": 15
      },
      {
        "summonerId": 23796420,
        "teamId": 200,
        "championId": 58
      },
      {
        "summonerId": 25513716,
        "teamId": 100,
        "championId": 98
      },
      {
        "summonerId": 19516629,
        "teamId": 200,
        "championId": 35
      },
      {
        "summonerId": 24542334,
        "teamId": 100,
        "championId": 29
      },
      {
        "summonerId": 23564246,
        "teamId": 200,
        "championId": 412
      }
    ],
    "stats": {
      "level": 18,
      "goldEarned": 14302,
      "numDeaths": 6,
      "barracksKilled": 1,
      "turretsKilled": 1,
      "minionsKilled": 201,
      "championsKilled": 7,
      "goldSpent": 13130,
      "totalDamageDealt": 142275,
      "totalDamageTaken": 13447,
      "killingSprees": 2,
      "largestKillingSpree": 3,
      "team": 200,
      "win": true,
      "neutralMinionsKilled": 1,
      "largestMultiKill": 1,
      "physicalDamageDealtPlayer": 17978,
      "magicDamageDealtPlayer": 122930,
      "physicalDamageTaken": 4407,
      "magicDamageTaken": 8159,
      "timePlayed": 2380,
      "totalHeal": 304,
      "totalUnitsHealed": 1,
      "assists": 15,
      "item0": 1056,
      "item1": 3157,
      "item2": 3020,
      "item3": 3089,
      "item4": 3135,
      "item5": 3174,
      "item6": 3340,
      "magicDamageDealtToChampions": 32518,
      "physicalDamageDealtToChampions": 1892,
      "totalDamageDealtToChampions": 35777,
      "trueDamageDealtPlayer": 1366,
      "trueDamageDealtToChampions": 1366,
      "trueDamageTaken": 880,
      "wardPlaced": 9,
      "neutralMinionsKilledYourJungle": 1,
      "totalTimeCrowdControlDealt": 277
    }
  },
  "20095742": {
    "gameId": 825975784,
    "invalid": false,
    "gameMode": "CLASSIC",
    "gameType": "MATCHED_GAME",
    "subType": "RANKED_SOLO_5x5",
    "mapId": 1,
    "teamId": 100,
    "championId": 50,
    "spell1": 4,
    "spell2": 14,
    "level": 30,
    "ipEarned": 71,
    "createDate": 1399031645025,
    "fellowPlayers": [
      {
        "summonerId": 19319031,
        "teamId": 100,
        "championId": 113
      },
      {
        "summonerId": 22755008,
        "teamId": 200,
        "championId": 99
      },
      {
        "summonerId": 37070993,
        "teamId": 100,
        "championId": 37
      },
      {
        "summonerId": 24176913,
        "teamId": 200,
        "championId": 15
      },
      {
        "summonerId": 23796420,
        "teamId": 200,
        "championId": 58
      },
      {
        "summonerId": 25513716,
        "teamId": 100,
        "championId": 98
      },
      {
        "summonerId": 19516629,
        "teamId": 200,
        "championId": 35
      },
      {
        "summonerId": 24542334,
        "teamId": 100,
        "championId": 29
      },
      {
        "summonerId": 23564246,
        "teamId": 200,
        "championId": 412
      }
    ],
    "stats": {
      "level": 16,
      "goldEarned": 11810,
      "numDeaths": 11,
      "minionsKilled": 140,
      "championsKilled": 10,
      "goldSpent": 11250,
      "totalDamageDealt": 113936,
      "totalDamageTaken": 39520,
      "doubleKills": 1,
      "killingSprees": 3,
      "largestKillingSpree": 4,
      "team": 100,
      "win": false,
      "neutralMinionsKilled": 18,
      "largestMultiKill": 2,
      "physicalDamageDealtPlayer": 22843,
      "magicDamageDealtPlayer": 90230,
      "physicalDamageTaken": 25086,
      "magicDamageTaken": 13394,
      "timePlayed": 2380,
      "totalHeal": 11201,
      "totalUnitsHealed": 1,
      "assists": 6,
      "item0": 3157,
      "item1": 3020,
      "item2": 3028,
      "item3": 3027,
      "item4": 3136,
      "item5": 1052,
      "item6": 3340,
      "magicDamageDealtToChampions": 23014,
      "physicalDamageDealtToChampions": 1123,
      "totalDamageDealtToChampions": 24999,
      "trueDamageDealtPlayer": 862,
      "trueDamageDealtToChampions": 862,
      "trueDamageTaken": 1040,
      "wardPlaced": 5,
      "neutralMinionsKilledEnemyJungle": 3,
      "neutralMinionsKilledYourJungle": 15,
      "totalTimeCrowdControlDealt": 313
    }
  },
  "24176913": {
    "gameId": 825975784,
    "invalid": false,
    "gameMode": "CLASSIC",
    "gameType": "MATCHED_GAME",
    "subType": "RANKED_SOLO_5x5",
    "mapId": 1,
    "teamId": 200,
    "championId": 15,
    "spell1": 4,
    "spell2": 7,
    "level": 30,
    "ipEarned": 258,
    "createDate": 1399031645032,
    "fellowPlayers": [
      {
        "summonerId": 19319031,
        "teamId": 100,
        "championId": 113
      },
      {
        "summonerId": 22755008,
        "teamId": 200,
        "championId": 99
      },
      {
        "summonerId": 37070993,
        "teamId": 100,
        "championId": 37
      },
      {
        "summonerId": 20095742,
        "teamId": 100,
        "championId": 50
      },
      {
        "summonerId": 23796420,
        "teamId": 200,
        "championId": 58
      },
      {
        "summonerId": 25513716,
        "teamId": 100,
        "championId": 98
      },
      {
        "summonerId": 19516629,
        "teamId": 200,
        "championId": 35
      },
      {
        "summonerId": 24542334,
        "teamId": 100,
        "championId": 29
      },
      {
        "summonerId": 23564246,
        "teamId": 200,
        "championId": 412
      }
    ],
    "stats": {
      "level": 18,
      "goldEarned": 21167,
      "numDeaths": 4,
      "turretsKilled": 2,
      "minionsKilled": 299,
      "championsKilled": 22,
      "goldSpent": 19905,
      "totalDamageDealt": 287621,
      "totalDamageTaken": 26191,
      "doubleKills": 4,
      "tripleKills": 1,
      "killingSprees": 4,
      "largestKillingSpree": 13,
      "team": 200,
      "win": true,
      "neutralMinionsKilled": 29,
      "largestMultiKill": 3,
      "physicalDamageDealtPlayer": 285523,
      "physicalDamageTaken": 11181,
      "magicDamageTaken": 13192,
      "largestCriticalStrike": 952,
      "timePlayed": 2380,
      "totalHeal": 3320,
      "totalUnitsHealed": 4,
      "assists": 9,
      "item0": 3102,
      "item1": 3072,
      "item2": 3254,
      "item3": 3046,
      "item4": 3031,
      "item5": 3035,
      "item6": 3362,
      "physicalDamageDealtToChampions": 52076,
      "totalDamageDealtToChampions": 52778,
      "trueDamageDealtPlayer": 2098,
      "trueDamageDealtToChampions": 702,
      "trueDamageTaken": 1818,
      "wardPlaced": 10,
      "neutralMinionsKilledEnemyJungle": 5,
      "neutralMinionsKilledYourJungle": 24,
      "totalTimeCrowdControlDealt": 164
    }
  },
  "23796420": {
    "gameId": 825975784,
    "invalid": false,
    "gameMode": "CLASSIC",
    "gameType": "MATCHED_GAME",
    "subType": "RANKED_SOLO_5x5",
    "mapId": 1,
    "teamId": 200,
    "championId": 58,
    "spell1": 4,
    "spell2": 14,
    "level": 30,
    "ipEarned": 108,
    "createDate": 1399031645030,
    "fellowPlayers": [
      {
        "summonerId": 19319031,
        "teamId": 100,
        "championId": 113
      },
      {
        "summonerId": 22755008,
        "teamId": 200,
        "championId": 99
      },
      {
        "summonerId": 37070993,
        "teamId": 100,
        "championId": 37
      },
      {
        "summonerId": 20095742,
        "teamId": 100,
        "championId": 50
      },
      {
        "summonerId": 24176913,
        "teamId": 200,
        "championId": 15
      },
      {
        "summonerId": 25513716,
        "teamId": 100,
        "championId": 98
      },
      {
        "summonerId": 19516629,
        "teamId": 200,
        "championId": 35
      },
      {
        "summonerId": 24542334,
        "teamId": 100,
        "championId": 29
      },
      {
        "summonerId": 23564246,
        "teamId": 200,
        "championId": 412
      }
    ],
    "stats": {
      "level": 18,
      "goldEarned": 14114,
      "numDeaths": 4,
      "turretsKilled": 1,
      "minionsKilled": 194,
      "championsKilled": 5,
      "goldSpent": 13375,
      "totalDamageDealt": 148167,
      "totalDamageTaken": 38648,
      "killingSprees": 1,
      "largestKillingSpree": 2,
      "team": 200,
      "win": true,
      "neutralMinionsKilled": 20,
      "largestMultiKill": 1,
      "physicalDamageDealtPlayer": 141231,
      "magicDamageDealtPlayer": 6077,
      "physicalDamageTaken": 16803,
      "magicDamageTaken": 19440,
      "timePlayed": 2380,
      "totalHeal": 8936,
      "totalUnitsHealed": 1,
      "assists": 15,
      "item0": 3074,
      "item1": 3143,
      "item2": 3065,
      "item3": 1055,
      "item4": 3068,
      "item5": 1001,
      "item6": 3340,
      "sightWardsBought": 3,
      "magicDamageDealtToChampions": 3326,
      "physicalDamageDealtToChampions": 13486,
      "totalDamageDealtToChampions": 17670,
      "trueDamageDealtPlayer": 858,
      "trueDamageDealtToChampions": 858,
      "trueDamageTaken": 2404,
      "wardPlaced": 8,
      "neutralMinionsKilledEnemyJungle": 1,
      "neutralMinionsKilledYourJungle": 19,
      "totalTimeCrowdControlDealt": 590
    }
  },
  "19516629": {
    "gameId": 825975784,
    "invalid": false,
    "gameMode": "CLASSIC",
    "gameType": "MATCHED_GAME",
    "subType": "RANKED_SOLO_5x5",
    "mapId": 1,
    "teamId": 200,
    "championId": 35,
    "spell1": 11,
    "spell2": 14,
    "level": 30,
    "ipEarned": 258,
    "createDate": 1399031645031,
    "fellowPlayers": [
      {
        "summonerId": 19319031,
        "teamId": 100,
        "championId": 113
      },
      {
        "summonerId": 22755008,
        "teamId": 200,
        "championId": 99
      },
      {
        "summonerId": 37070993,
        "teamId": 100,
        "championId": 37
      },
      {
        "summonerId": 20095742,
        "teamId": 100,
        "championId": 50
      },
      {
        "summonerId": 24176913,
        "teamId": 200,
        "championId": 15
      },
      {
        "summonerId": 23796420,
        "teamId": 200,
        "championId": 58
      },
      {
        "summonerId": 25513716,
        "teamId": 100,
        "championId": 98
      },
      {
        "summonerId": 24542334,
        "teamId": 100,
        "championId": 29
      },
      {
        "summonerId": 23564246,
        "teamId": 200,
        "championId": 412
      }
    ],
    "stats": {
      "level": 18,
      "goldEarned": 12441,
      "numDeaths": 9,
      "minionsKilled": 26,
      "championsKilled": 4,
      "goldSpent": 11750,
      "totalDamageDealt": 150668,
      "totalDamageTaken": 30245,
      "doubleKills": 1,
      "killingSprees": 1,
      "largestKillingSpree": 2,
      "team": 200,
      "win": true,
      "neutralMinionsKilled": 76,
      "largestMultiKill": 2,
      "physicalDamageDealtPlayer": 79520,
      "magicDamageDealtPlayer": 55319,
      "physicalDamageTaken": 15771,
      "magicDamageTaken": 13073,
      "largestCriticalStrike": 674,
      "timePlayed": 2380,
      "totalHeal": 3142,
      "totalUnitsHealed": 1,
      "assists": 11,
      "item0": 3144,
      "item1": 3160,
      "item2": 3087,
      "item3": 3031,
      "item4": 3006,
      "item5": 1011,
      "item6": 3341,
      "magicDamageDealtToChampions": 8077,
      "physicalDamageDealtToChampions": 9247,
      "totalDamageDealtToChampions": 18114,
      "trueDamageDealtPlayer": 15828,
      "trueDamageDealtToChampions": 790,
      "trueDamageTaken": 1401,
      "wardKilled": 2,
      "neutralMinionsKilledEnemyJungle": 17,
      "neutralMinionsKilledYourJungle": 59,
      "totalTimeCrowdControlDealt": 1116
    }
  },
  "23564246": {
    "gameId": 825975784,
    "invalid": false,
    "gameMode": "CLASSIC",
    "gameType": "MATCHED_GAME",
    "subType": "RANKED_SOLO_5x5",
    "mapId": 1,
    "teamId": 200,
    "championId": 412,
    "spell1": 4,
    "spell2": 3,
    "level": 30,
    "ipEarned": 108,
    "createDate": 1399031645035,
    "fellowPlayers": [
      {
        "summonerId": 19319031,
        "teamId": 100,
        "championId": 113
      },
      {
        "summonerId": 22755008,
        "teamId": 200,
        "championId": 99
      },
      {
        "summonerId": 37070993,
        "teamId": 100,
        "championId": 37
      },
      {
        "summonerId": 20095742,
        "teamId": 100,
        "championId": 50
      },
      {
        "summonerId": 24176913,
        "teamId": 200,
        "championId": 15
      },
      {
        "summonerId": 23796420,
        "teamId": 200,
        "championId": 58
      },
      {
        "summonerId": 25513716,
        "teamId": 100,
        "championId": 98
      },
      {
        "summonerId": 19516629,
        "teamId": 200,
        "championId": 35
      },
      {
        "summonerId": 24542334,
        "teamId": 100,
        "championId": 29
      }
    ],
    "stats": {
      "level": 16,
      "goldEarned": 12262,
      "numDeaths": 15,
      "minionsKilled": 38,
      "championsKilled": 2,
      "goldSpent": 10950,
      "totalDamageDealt": 31264,
      "totalDamageTaken": 34295,
      "team": 200,
      "win": true,
      "largestMultiKill": 1,
      "physicalDamageDealtPlayer": 5331,
      "magicDamageDealtPlayer": 25933,
      "physicalDamageTaken": 11247,
      "magicDamageTaken": 20865,
      "timePlayed": 2380,
      "totalHeal": 3077,
      "totalUnitsHealed": 1,
      "assists": 20,
      "item0": 3069,
      "item1": 2049,
      "item2": 3143,
      "item3": 3068,
      "item4": 3067,
      "item5": 3111,
      "item6": 3341,
      "sightWardsBought": 1,
      "magicDamageDealtToChampions": 10015,
      "physicalDamageDealtToChampions": 1335,
      "totalDamageDealtToChampions": 11351,
      "trueDamageTaken": 2183,
      "wardKilled": 1,
      "wardPlaced": 14,
      "totalTimeCrowdControlDealt": 228
    }
  },
  "37070993": {
    "gameId": 825975784,
    "invalid": false,
    "gameMode": "CLASSIC",
    "gameType": "MATCHED_GAME",
    "subType": "RANKED_SOLO_5x5",
    "mapId": 1,
    "teamId": 100,
    "championId": 37,
    "spell1": 4,
    "spell2": 14,
    "level": 30,
    "ipEarned": 71,
    "createDate": 1399031645028,
    "fellowPlayers": [
      {
        "summonerId": 19319031,
        "teamId": 100,
        "championId": 113
      },
      {
        "summonerId": 22755008,
        "teamId": 200,
        "championId": 99
      },
      {
        "summonerId": 20095742,
        "teamId": 100,
        "championId": 50
      },
      {
        "summonerId": 24176913,
        "teamId": 200,
        "championId": 15
      },
      {
        "summonerId": 23796420,
        "teamId": 200,
        "championId": 58
      },
      {
        "summonerId": 25513716,
        "teamId": 100,
        "championId": 98
      },
      {
        "summonerId": 19516629,
        "teamId": 200,
        "championId": 35
      },
      {
        "summonerId": 24542334,
        "teamId": 100,
        "championId": 29
      },
      {
        "summonerId": 23564246,
        "teamId": 200,
        "championId": 412
      }
    ],
    "stats": {
      "level": 15,
      "goldEarned": 12375,
      "numDeaths": 11,
      "minionsKilled": 36,
      "championsKilled": 4,
      "goldSpent": 11850,
      "totalDamageDealt": 40128,
      "totalDamageTaken": 21792,
      "team": 100,
      "win": false,
      "neutralMinionsKilled": 1,
      "largestMultiKill": 1,
      "physicalDamageDealtPlayer": 6460,
      "magicDamageDealtPlayer": 32063,
      "physicalDamageTaken": 15091,
      "magicDamageTaken": 6233,
      "timePlayed": 2380,
      "totalHeal": 16727,
      "totalUnitsHealed": 5,
      "assists": 25,
      "item0": 3092,
      "item1": 3089,
      "item2": 3024,
      "item3": 3082,
      "item4": 3047,
      "item5": 3174,
      "item6": 3341,
      "sightWardsBought": 7,
      "visionWardsBought": 1,
      "magicDamageDealtToChampions": 17285,
      "physicalDamageDealtToChampions": 2734,
      "totalDamageDealtToChampions": 21624,
      "trueDamageDealtPlayer": 1604,
      "trueDamageDealtToChampions": 1604,
      "trueDamageTaken": 468,
      "wardKilled": 1,
      "wardPlaced": 8,
      "neutralMinionsKilledEnemyJungle": 1,
      "totalTimeCrowdControlDealt": 101
    }
  },
  "24542334": {
    "gameId": 825975784,
    "invalid": false,
    "gameMode": "CLASSIC",
    "gameType": "MATCHED_GAME",
    "subType": "RANKED_SOLO_5x5",
    "mapId": 1,
    "teamId": 100,
    "championId": 29,
    "spell1": 7,
    "spell2": 4,
    "level": 30,
    "ipEarned": 71,
    "createDate": 1399031645027,
    "fellowPlayers": [
      {
        "summonerId": 19319031,
        "teamId": 100,
        "championId": 113
      },
      {
        "summonerId": 22755008,
        "teamId": 200,
        "championId": 99
      },
      {
        "summonerId": 37070993,
        "teamId": 100,
        "championId": 37
      },
      {
        "summonerId": 20095742,
        "teamId": 100,
        "championId": 50
      },
      {
        "summonerId": 24176913,
        "teamId": 200,
        "championId": 15
      },
      {
        "summonerId": 23796420,
        "teamId": 200,
        "championId": 58
      },
      {
        "summonerId": 25513716,
        "teamId": 100,
        "championId": 98
      },
      {
        "summonerId": 19516629,
        "teamId": 200,
        "championId": 35
      },
      {
        "summonerId": 23564246,
        "teamId": 200,
        "championId": 412
      }
    ],
    "stats": {
      "level": 15,
      "goldEarned": 13460,
      "numDeaths": 11,
      "turretsKilled": 4,
      "minionsKilled": 189,
      "championsKilled": 9,
      "goldSpent": 13230,
      "totalDamageDealt": 153009,
      "totalDamageTaken": 33091,
      "doubleKills": 2,
      "killingSprees": 2,
      "largestKillingSpree": 3,
      "team": 100,
      "win": false,
      "neutralMinionsKilled": 22,
      "largestMultiKill": 2,
      "physicalDamageDealtPlayer": 144422,
      "physicalDamageTaken": 21776,
      "magicDamageTaken": 10975,
      "largestCriticalStrike": 726,
      "timePlayed": 2380,
      "totalHeal": 3498,
      "totalUnitsHealed": 3,
      "assists": 11,
      "item0": 3250,
      "item1": 3072,
      "item2": 3046,
      "item3": 3031,
      "item4": 1031,
      "item5": 1057,
      "item6": 3340,
      "physicalDamageDealtToChampions": 17618,
      "totalDamageDealtToChampions": 21604,
      "trueDamageDealtPlayer": 8587,
      "trueDamageDealtToChampions": 3986,
      "trueDamageTaken": 340,
      "wardKilled": 1,
      "wardPlaced": 7,
      "neutralMinionsKilledEnemyJungle": 9,
      "neutralMinionsKilledYourJungle": 13,
      "totalTimeCrowdControlDealt": 465
    }
  },
  "25513716": {
    "gameId": 825975784,
    "invalid": false,
    "gameMode": "CLASSIC",
    "gameType": "MATCHED_GAME",
    "subType": "RANKED_SOLO_5x5",
    "mapId": 1,
    "teamId": 100,
    "championId": 98,
    "spell1": 4,
    "spell2": 14,
    "level": 30,
    "ipEarned": 71,
    "createDate": 1399031645029,
    "fellowPlayers": [
      {
        "summonerId": 19319031,
        "teamId": 100,
        "championId": 113
      },
      {
        "summonerId": 22755008,
        "teamId": 200,
        "championId": 99
      },
      {
        "summonerId": 37070993,
        "teamId": 100,
        "championId": 37
      },
      {
        "summonerId": 20095742,
        "teamId": 100,
        "championId": 50
      },
      {
        "summonerId": 24176913,
        "teamId": 200,
        "championId": 15
      },
      {
        "summonerId": 23796420,
        "teamId": 200,
        "championId": 58
      },
      {
        "summonerId": 19516629,
        "teamId": 200,
        "championId": 35
      },
      {
        "summonerId": 24542334,
        "teamId": 100,
        "championId": 29
      },
      {
        "summonerId": 23564246,
        "teamId": 200,
        "championId": 412
      }
    ],
    "stats": {
      "level": 17,
      "goldEarned": 13005,
      "numDeaths": 3,
      "minionsKilled": 154,
      "championsKilled": 7,
      "goldSpent": 11960,
      "totalDamageDealt": 93857,
      "totalDamageTaken": 33924,
      "killingSprees": 1,
      "largestKillingSpree": 6,
      "team": 100,
      "win": false,
      "neutralMinionsKilled": 8,
      "largestMultiKill": 1,
      "physicalDamageDealtPlayer": 35973,
      "magicDamageDealtPlayer": 56878,
      "physicalDamageTaken": 22772,
      "magicDamageTaken": 10718,
      "timePlayed": 2380,
      "totalHeal": 5709,
      "totalUnitsHealed": 1,
      "assists": 16,
      "item0": 3082,
      "item1": 3153,
      "item2": 3026,
      "item3": 1054,
      "item4": 3068,
      "item5": 3265,
      "item6": 3340,
      "magicDamageDealtToChampions": 9750,
      "physicalDamageDealtToChampions": 4163,
      "totalDamageDealtToChampions": 14919,
      "trueDamageDealtPlayer": 1006,
      "trueDamageDealtToChampions": 1006,
      "trueDamageTaken": 434,
      "wardPlaced": 6,
      "neutralMinionsKilledEnemyJungle": 3,
      "neutralMinionsKilledYourJungle": 5,
      "totalTimeCrowdControlDealt": 48
    }
  }
}