{
  "38425519": {
    "gameId": 825966886,
    "invalid": false,
    "gameMode": "CLASSIC",
    "gameType": "MATCHED_GAME",
    "subType": "RANKED_SOLO_5x5",
    "mapId": 1,
    "teamId": 200,
    "championId": 25,
    "spell1": 4,
    "spell2": 3,
    "level": 30,
    "ipEarned": 72,
    "createDate": 1399030116727,
    "fellowPlayers": [
      {
        "summonerId": 29192488,
        "teamId": 100,
        "championId": 61
      },
      {
        "summonerId": 29231876,
        "teamId": 200,
        "championId": 103
      },
      {
        "summonerId": 24492167,
        "teamId": 100,
        "championId": 412
      },
      {
        "summonerId": 30041032,
        "teamId": 200,
        "championId": 5
      },
      {
        "summonerId": 24649330,
        "teamId": 100,
        "championId": 58
      },
      {
        "summonerId": 30633383,
        "teamId": 200,
        "championId": 24
      },
      {
        "summonerId": 30765095,
        "teamId": 100,
        "championId": 120
      },
      {
        "summonerId": 35583579,
        "teamId": 100,
        "championId": 119
      },
      {
        "summonerId": 35903005,
        "teamId": 200,
        "championId": 51
      }
    ],
    "stats": {
      "level": 15,
      "goldEarned": 9260,
      "numDeaths": 11,
      "turretsKilled": 1,
      "minionsKilled": 23,
      "goldSpent": 9165,
      "totalDamageDealt": 26333,
      "totalDamageTaken": 26356,
      "team": 200,
      "win": false,
      "physicalDamageDealtPlayer": 2963,
      "magicDamageDealtPlayer": 23369,
      "physicalDamageTaken": 18111,
      "magicDamageTaken": 7972,
      "timePlayed": 2435,
      "assists": 10,
      "item0": 3303,
      "item1": 2049,
      "item2": 3157,
      "item3": 3027,
      "item4": 1057,
      "item6": 3340,
      "sightWardsBought": 3,
      "visionWardsBought": 1,
      "magicDamageDealtToChampions": 10361,
      "physicalDamageDealtToChampions": 856,
      "totalDamageDealtToChampions": 11217,
      "trueDamageTaken": 272,
      "wardKilled": 1,
      "wardPlaced": 38,
      "totalTimeCrowdControlDealt": 113
    }
  },
  "summonerCount": 10,
  "30765095": {
    "gameId": 825966886,
    "invalid": false,
    "gameMode": "CLASSIC",
    "gameType": "MATCHED_GAME",
    "subType": "RANKED_SOLO_5x5",
    "mapId": 1,
    "teamId": 100,
    "championId": 120,
    "spell1": 11,
    "spell2": 14,
    "level": 30,
    "ipEarned": 110,
    "createDate": 1399030116719,
    "fellowPlayers": [
      {
        "summonerId": 29192488,
        "teamId": 100,
        "championId": 61
      },
      {
        "summonerId": 29231876,
        "teamId": 200,
        "championId": 103
      },
      {
        "summonerId": 24492167,
        "teamId": 100,
        "championId": 412
      },
      {
        "summonerId": 30041032,
        "teamId": 200,
        "championId": 5
      },
      {
        "summonerId": 24649330,
        "teamId": 100,
        "championId": 58
      },
      {
        "summonerId": 38425519,
        "teamId": 200,
        "championId": 25
      },
      {
        "summonerId": 30633383,
        "teamId": 200,
        "championId": 24
      },
      {
        "summonerId": 35583579,
        "teamId": 100,
        "championId": 119
      },
      {
        "summonerId": 35903005,
        "teamId": 200,
        "championId": 51
      }
    ],
    "stats": {
      "level": 18,
      "goldEarned": 13459,
      "numDeaths": 5,
      "turretsKilled": 1,
      "minionsKilled": 36,
      "championsKilled": 9,
      "goldSpent": 11705,
      "totalDamageDealt": 163457,
      "totalDamageTaken": 43116,
      "doubleKills": 1,
      "killingSprees": 3,
      "largestKillingSpree": 3,
      "team": 100,
      "win": true,
      "neutralMinionsKilled": 78,
      "largestMultiKill": 2,
      "physicalDamageDealtPlayer": 110984,
      "magicDamageDealtPlayer": 32845,
      "physicalDamageTaken": 27410,
      "magicDamageTaken": 12882,
      "timePlayed": 2435,
      "totalHeal": 13252,
      "totalUnitsHealed": 1,
      "assists": 11,
      "item0": 3068,
      "item1": 3270,
      "item2": 3025,
      "item3": 3207,
      "item4": 3211,
      "item5": 3067,
      "item6": 3340,
      "magicDamageDealtToChampions": 6056,
      "physicalDamageDealtToChampions": 12278,
      "totalDamageDealtToChampions": 20622,
      "trueDamageDealtPlayer": 19628,
      "trueDamageDealtToChampions": 2288,
      "trueDamageTaken": 2822,
      "wardPlaced": 8,
      "neutralMinionsKilledEnemyJungle": 11,
      "neutralMinionsKilledYourJungle": 67,
      "totalTimeCrowdControlDealt": 490
    }
  },
  "35903005": {
    "gameId": 825966886,
    "invalid": false,
    "gameMode": "CLASSIC",
    "gameType": "MATCHED_GAME",
    "subType": "RANKED_SOLO_5x5",
    "mapId": 1,
    "teamId": 200,
    "championId": 51,
    "spell1": 7,
    "spell2": 4,
    "level": 30,
    "ipEarned": 72,
    "createDate": 1399030116725,
    "fellowPlayers": [
      {
        "summonerId": 29192488,
        "teamId": 100,
        "championId": 61
      },
      {
        "summonerId": 29231876,
        "teamId": 200,
        "championId": 103
      },
      {
        "summonerId": 24492167,
        "teamId": 100,
        "championId": 412
      },
      {
        "summonerId": 30041032,
        "teamId": 200,
        "championId": 5
      },
      {
        "summonerId": 24649330,
        "teamId": 100,
        "championId": 58
      },
      {
        "summonerId": 38425519,
        "teamId": 200,
        "championId": 25
      },
      {
        "summonerId": 30633383,
        "teamId": 200,
        "championId": 24
      },
      {
        "summonerId": 30765095,
        "teamId": 100,
        "championId": 120
      },
      {
        "summonerId": 35583579,
        "teamId": 100,
        "championId": 119
      }
    ],
    "stats": {
      "level": 15,
      "goldEarned": 11955,
      "numDeaths": 9,
      "minionsKilled": 154,
      "championsKilled": 5,
      "goldSpent": 11800,
      "totalDamageDealt": 121955,
      "totalDamageTaken": 18340,
      "killingSprees": 1,
      "largestKillingSpree": 2,
      "team": 200,
      "win": false,
      "neutralMinionsKilled": 8,
      "largestMultiKill": 1,
      "physicalDamageDealtPlayer": 119954,
      "magicDamageDealtPlayer": 2000,
      "physicalDamageTaken": 14445,
      "magicDamageTaken": 3521,
      "largestCriticalStrike": 863,
      "timePlayed": 2435,
      "totalHeal": 1491,
      "totalUnitsHealed": 3,
      "assists": 6,
      "item0": 3072,
      "item1": 3046,
      "item2": 3035,
      "item3": 3006,
      "item4": 1038,
      "item6": 3340,
      "sightWardsBought": 3,
      "magicDamageDealtToChampions": 1682,
      "physicalDamageDealtToChampions": 13483,
      "totalDamageDealtToChampions": 15166,
      "trueDamageTaken": 374,
      "wardPlaced": 9,
      "neutralMinionsKilledYourJungle": 8,
      "totalTimeCrowdControlDealt": 44
    }
  },
  "35583579": {
    "gameId": 825966886,
    "invalid": false,
    "gameMode": "CLASSIC",
    "gameType": "MATCHED_GAME",
    "subType": "RANKED_SOLO_5x5",
    "mapId": 1,
    "teamId": 100,
    "championId": 119,
    "spell1": 7,
    "spell2": 4,
    "level": 30,
    "ipEarned": 110,
    "createDate": 1399030116715,
    "fellowPlayers": [
      {
        "summonerId": 29192488,
        "teamId": 100,
        "championId": 61
      },
      {
        "summonerId": 29231876,
        "teamId": 200,
        "championId": 103
      },
      {
        "summonerId": 24492167,
        "teamId": 100,
        "championId": 412
      },
      {
        "summonerId": 30041032,
        "teamId": 200,
        "championId": 5
      },
      {
        "summonerId": 24649330,
        "teamId": 100,
        "championId": 58
      },
      {
        "summonerId": 38425519,
        "teamId": 200,
        "championId": 25
      },
      {
        "summonerId": 30633383,
        "teamId": 200,
        "championId": 24
      },
      {
        "summonerId": 30765095,
        "teamId": 100,
        "championId": 120
      },
      {
        "summonerId": 35903005,
        "teamId": 200,
        "championId": 51
      }
    ],
    "stats": {
      "level": 18,
      "goldEarned": 19351,
      "numDeaths": 6,
      "turretsKilled": 2,
      "minionsKilled": 261,
      "championsKilled": 17,
      "goldSpent": 16910,
      "totalDamageDealt": 209932,
      "totalDamageTaken": 31098,
      "doubleKills": 1,
      "killingSprees": 5,
      "largestKillingSpree": 4,
      "team": 100,
      "win": true,
      "neutralMinionsKilled": 9,
      "largestMultiKill": 2,
      "physicalDamageDealtPlayer": 206259,
      "magicDamageDealtPlayer": 3416,
      "physicalDamageTaken": 22617,
      "magicDamageTaken": 7715,
      "largestCriticalStrike": 1183,
      "timePlayed": 2435,
      "totalHeal": 4966,
      "totalUnitsHealed": 4,
      "assists": 7,
      "item0": 3026,
      "item1": 3072,
      "item2": 3031,
      "item3": 3087,
      "item4": 3035,
      "item5": 3111,
      "item6": 3340,
      "magicDamageDealtToChampions": 630,
      "physicalDamageDealtToChampions": 36805,
      "totalDamageDealtToChampions": 37648,
      "trueDamageDealtPlayer": 256,
      "trueDamageDealtToChampions": 212,
      "trueDamageTaken": 765,
      "wardPlaced": 3,
      "neutralMinionsKilledYourJungle": 9,
      "totalTimeCrowdControlDealt": 99
    }
  },
  "30041032": {
    "gameId": 825966886,
    "invalid": false,
    "gameMode": "CLASSIC",
    "gameType": "MATCHED_GAME",
    "subType": "RANKED_SOLO_5x5",
    "mapId": 1,
    "teamId": 200,
    "championId": 5,
    "spell1": 4,
    "spell2": 11,
    "level": 30,
    "ipEarned": 72,
    "createDate": 1399030116721,
    "fellowPlayers": [
      {
        "summonerId": 29192488,
        "teamId": 100,
        "championId": 61
      },
      {
        "summonerId": 29231876,
        "teamId": 200,
        "championId": 103
      },
      {
        "summonerId": 24492167,
        "teamId": 100,
        "championId": 412
      },
      {
        "summonerId": 24649330,
        "teamId": 100,
        "championId": 58
      },
      {
        "summonerId": 38425519,
        "teamId": 200,
        "championId": 25
      },
      {
        "summonerId": 30633383,
        "teamId": 200,
        "championId": 24
      },
      {
        "summonerId": 30765095,
        "teamId": 100,
        "championId": 120
      },
      {
        "summonerId": 35583579,
        "teamId": 100,
        "championId": 119
      },
      {
        "summonerId": 35903005,
        "teamId": 200,
        "championId": 51
      }
    ],
    "stats": {
      "level": 18,
      "goldEarned": 15597,
      "numDeaths": 5,
      "turretsKilled": 1,
      "minionsKilled": 31,
      "championsKilled": 8,
      "goldSpent": 15303,
      "totalDamageDealt": 241977,
      "totalDamageTaken": 54758,
      "killingSprees": 2,
      "largestKillingSpree": 3,
      "team": 200,
      "win": false,
      "neutralMinionsKilled": 121,
      "largestMultiKill": 1,
      "physicalDamageDealtPlayer": 122655,
      "magicDamageDealtPlayer": 101514,
      "physicalDamageTaken": 38637,
      "magicDamageTaken": 14570,
      "largestCriticalStrike": 516,
      "timePlayed": 2435,
      "totalHeal": 31763,
      "totalUnitsHealed": 1,
      "assists": 12,
      "item0": 3160,
      "item1": 3264,
      "item2": 3078,
      "item3": 3091,
      "item4": 3143,
      "item5": 3102,
      "item6": 3340,
      "magicDamageDealtToChampions": 12215,
      "physicalDamageDealtToChampions": 22766,
      "totalDamageDealtToChampions": 36104,
      "trueDamageDealtPlayer": 17808,
      "trueDamageDealtToChampions": 1122,
      "trueDamageTaken": 1550,
      "wardKilled": 1,
      "wardPlaced": 10,
      "neutralMinionsKilledEnemyJungle": 22,
      "neutralMinionsKilledYourJungle": 99,
      "totalTimeCrowdControlDealt": 1359
    }
  },
  "29192488": {
    "gameId": 825966886,
    "invalid": false,
    "gameMode": "CLASSIC",
    "gameType": "MATCHED_GAME",
    "subType": "RANKED_SOLO_5x5",
    "mapId": 1,
    "teamId": 100,
    "championId": 61,
    "spell1": 7,
    "spell2": 4,
    "level": 30,
    "ipEarned": 110,
    "createDate": 1399030116716,
    "fellowPlayers": [
      {
        "summonerId": 29231876,
        "teamId": 200,
        "championId": 103
      },
      {
        "summonerId": 24492167,
        "teamId": 100,
        "championId": 412
      },
      {
        "summonerId": 30041032,
        "teamId": 200,
        "championId": 5
      },
      {
        "summonerId": 24649330,
        "teamId": 100,
        "championId": 58
      },
      {
        "summonerId": 38425519,
        "teamId": 200,
        "championId": 25
      },
      {
        "summonerId": 30633383,
        "teamId": 200,
        "championId": 24
      },
      {
        "summonerId": 30765095,
        "teamId": 100,
        "championId": 120
      },
      {
        "summonerId": 35583579,
        "teamId": 100,
        "championId": 119
      },
      {
        "summonerId": 35903005,
        "teamId": 200,
        "championId": 51
      }
    ],
    "stats": {
      "level": 18,
      "goldEarned": 14989,
      "numDeaths": 4,
      "minionsKilled": 297,
      "championsKilled": 6,
      "goldSpent": 13605,
      "totalDamageDealt": 214635,
      "totalDamageTaken": 15129,
      "doubleKills": 1,
      "killingSprees": 2,
      "largestKillingSpree": 4,
      "team": 100,
      "win": true,
      "neutralMinionsKilled": 20,
      "largestMultiKill": 2,
      "physicalDamageDealtPlayer": 21853,
      "magicDamageDealtPlayer": 192782,
      "physicalDamageTaken": 7739,
      "magicDamageTaken": 5451,
      "timePlayed": 2435,
      "totalHeal": 1944,
      "totalUnitsHealed": 2,
      "assists": 8,
      "item0": 3157,
      "item1": 3089,
      "item2": 3174,
      "item3": 3255,
      "item4": 3135,
      "item6": 3340,
      "magicDamageDealtToChampions": 24072,
      "physicalDamageDealtToChampions": 1304,
      "totalDamageDealtToChampions": 25376,
      "trueDamageTaken": 1938,
      "wardPlaced": 6,
      "neutralMinionsKilledEnemyJungle": 3,
      "neutralMinionsKilledYourJungle": 17,
      "totalTimeCrowdControlDealt": 1308
    }
  },
  "24492167": {
    "gameId": 825966886,
    "invalid": false,
    "gameMode": "CLASSIC",
    "gameType": "MATCHED_GAME",
    "subType": "RANKED_SOLO_5x5",
    "mapId": 1,
    "teamId": 100,
    "championId": 412,
    "spell1": 4,
    "spell2": 3,
    "level": 30,
    "ipEarned": 110,
    "createDate": 1399030116718,
    "fellowPlayers": [
      {
        "summonerId": 29192488,
        "teamId": 100,
        "championId": 61
      },
      {
        "summonerId": 29231876,
        "teamId": 200,
        "championId": 103
      },
      {
        "summonerId": 30041032,
        "teamId": 200,
        "championId": 5
      },
      {
        "summonerId": 24649330,
        "teamId": 100,
        "championId": 58
      },
      {
        "summonerId": 38425519,
        "teamId": 200,
        "championId": 25
      },
      {
        "summonerId": 30633383,
        "teamId": 200,
        "championId": 24
      },
      {
        "summonerId": 30765095,
        "teamId": 100,
        "championId": 120
      },
      {
        "summonerId": 35583579,
        "teamId": 100,
        "championId": 119
      },
      {
        "summonerId": 35903005,
        "teamId": 200,
        "championId": 51
      }
    ],
    "stats": {
      "level": 16,
      "goldEarned": 11372,
      "numDeaths": 6,
      "turretsKilled": 1,
      "minionsKilled": 15,
      "championsKilled": 1,
      "goldSpent": 9070,
      "totalDamageDealt": 17218,
      "totalDamageTaken": 23537,
      "team": 100,
      "win": true,
      "largestMultiKill": 1,
      "physicalDamageDealtPlayer": 4021,
      "magicDamageDealtPlayer": 13196,
      "physicalDamageTaken": 8962,
      "magicDamageTaken": 12117,
      "timePlayed": 2435,
      "totalHeal": 991,
      "totalUnitsHealed": 1,
      "assists": 21,
      "item0": 3069,
      "item1": 2045,
      "item2": 2043,
      "item3": 3190,
      "item4": 1031,
      "item5": 3047,
      "item6": 3341,
      "sightWardsBought": 1,
      "visionWardsBought": 5,
      "magicDamageDealtToChampions": 9433,
      "physicalDamageDealtToChampions": 1109,
      "totalDamageDealtToChampions": 10543,
      "trueDamageTaken": 2457,
      "wardKilled": 6,
      "wardPlaced": 30,
      "totalTimeCrowdControlDealt": 131
    }
  },
  "29231876": {
    "gameId": 825966886,
    "invalid": false,
    "gameMode": "CLASSIC",
    "gameType": "MATCHED_GAME",
    "subType": "RANKED_SOLO_5x5",
    "mapId": 1,
    "teamId": 200,
    "championId": 103,
    "spell1": 4,
    "spell2": 14,
    "level": 30,
    "ipEarned": 72,
    "createDate": 1399030116724,
    "fellowPlayers": [
      {
        "summonerId": 29192488,
        "teamId": 100,
        "championId": 61
      },
      {
        "summonerId": 24492167,
        "teamId": 100,
        "championId": 412
      },
      {
        "summonerId": 30041032,
        "teamId": 200,
        "championId": 5
      },
      {
        "summonerId": 24649330,
        "teamId": 100,
        "championId": 58
      },
      {
        "summonerId": 38425519,
        "teamId": 200,
        "championId": 25
      },
      {
        "summonerId": 30633383,
        "teamId": 200,
        "championId": 24
      },
      {
        "summonerId": 30765095,
        "teamId": 100,
        "championId": 120
      },
      {
        "summonerId": 35583579,
        "teamId": 100,
        "championId": 119
      },
      {
        "summonerId": 35903005,
        "teamId": 200,
        "championId": 51
      }
    ],
    "stats": {
      "level": 18,
      "goldEarned": 14295,
      "numDeaths": 7,
      "turretsKilled": 1,
      "minionsKilled": 241,
      "championsKilled": 5,
      "goldSpent": 14775,
      "totalDamageDealt": 159088,
      "totalDamageTaken": 24116,
      "doubleKills": 1,
      "killingSprees": 2,
      "largestKillingSpree": 2,
      "team": 200,
      "win": false,
      "neutralMinionsKilled": 4,
      "largestMultiKill": 2,
      "physicalDamageDealtPlayer": 22553,
      "magicDamageDealtPlayer": 89361,
      "physicalDamageTaken": 12128,
      "magicDamageTaken": 11473,
      "timePlayed": 2435,
      "totalHeal": 3643,
      "totalUnitsHealed": 1,
      "assists": 9,
      "item0": 3255,
      "item1": 3089,
      "item2": 3116,
      "item3": 3001,
      "item4": 3135,
      "item5": 1031,
      "item6": 3340,
      "sightWardsBought": 1,
      "magicDamageDealtToChampions": 22618,
      "physicalDamageDealtToChampions": 1033,
      "totalDamageDealtToChampions": 32105,
      "trueDamageDealtPlayer": 47173,
      "trueDamageDealtToChampions": 8453,
      "trueDamageTaken": 515,
      "wardKilled": 1,
      "wardPlaced": 12,
      "neutralMinionsKilledYourJungle": 4,
      "totalTimeCrowdControlDealt": 118
    }
  },
  "30633383": {
    "gameId": 825966886,
    "invalid": false,
    "gameMode": "CLASSIC",
    "gameType": "MATCHED_GAME",
    "subType": "RANKED_SOLO_5x5",
    "mapId": 1,
    "teamId": 200,
    "championId": 24,
    "spell1": 14,
    "spell2": 4,
    "level": 30,
    "ipEarned": 72,
    "createDate": 1399030116723,
    "fellowPlayers": [
      {
        "summonerId": 29192488,
        "teamId": 100,
        "championId": 61
      },
      {
        "summonerId": 29231876,
        "teamId": 200,
        "championId": 103
      },
      {
        "summonerId": 24492167,
        "teamId": 100,
        "championId": 412
      },
      {
        "summonerId": 30041032,
        "teamId": 200,
        "championId": 5
      },
      {
        "summonerId": 24649330,
        "teamId": 100,
        "championId": 58
      },
      {
        "summonerId": 38425519,
        "teamId": 200,
        "championId": 25
      },
      {
        "summonerId": 30765095,
        "teamId": 100,
        "championId": 120
      },
      {
        "summonerId": 35583579,
        "teamId": 100,
        "championId": 119
      },
      {
        "summonerId": 35903005,
        "teamId": 200,
        "championId": 51
      }
    ],
    "stats": {
      "level": 18,
      "goldEarned": 14887,
      "numDeaths": 5,
      "barracksKilled": 1,
      "turretsKilled": 3,
      "minionsKilled": 216,
      "championsKilled": 7,
      "goldSpent": 14778,
      "totalDamageDealt": 155871,
      "totalDamageTaken": 27608,
      "doubleKills": 2,
      "killingSprees": 1,
      "largestKillingSpree": 7,
      "team": 200,
      "win": false,
      "neutralMinionsKilled": 16,
      "largestMultiKill": 2,
      "physicalDamageDealtPlayer": 124036,
      "magicDamageDealtPlayer": 31361,
      "physicalDamageTaken": 18245,
      "magicDamageTaken": 8584,
      "largestCriticalStrike": 559,
      "timePlayed": 2435,
      "totalHeal": 4305,
      "totalUnitsHealed": 1,
      "assists": 5,
      "item0": 3143,
      "item1": 3153,
      "item2": 3078,
      "item3": 3260,
      "item4": 3026,
      "item6": 3340,
      "magicDamageDealtToChampions": 5063,
      "physicalDamageDealtToChampions": 13978,
      "totalDamageDealtToChampions": 19514,
      "trueDamageDealtPlayer": 472,
      "trueDamageDealtToChampions": 472,
      "trueDamageTaken": 778,
      "wardKilled": 1,
      "wardPlaced": 6,
      "neutralMinionsKilledEnemyJungle": 2,
      "neutralMinionsKilledYourJungle": 14,
      "totalTimeCrowdControlDealt": 276
    }
  },
  "24649330": {
    "gameId": 825966886,
    "invalid": false,
    "gameMode": "CLASSIC",
    "gameType": "MATCHED_GAME",
    "subType": "RANKED_SOLO_5x5",
    "mapId": 1,
    "teamId": 100,
    "championId": 58,
    "spell1": 4,
    "spell2": 14,
    "level": 30,
    "ipEarned": 110,
    "createDate": 1399030116720,
    "fellowPlayers": [
      {
        "summonerId": 29192488,
        "teamId": 100,
        "championId": 61
      },
      {
        "summonerId": 29231876,
        "teamId": 200,
        "championId": 103
      },
      {
        "summonerId": 24492167,
        "teamId": 100,
        "championId": 412
      },
      {
        "summonerId": 30041032,
        "teamId": 200,
        "championId": 5
      },
      {
        "summonerId": 38425519,
        "teamId": 200,
        "championId": 25
      },
      {
        "summonerId": 30633383,
        "teamId": 200,
        "championId": 24
      },
      {
        "summonerId": 30765095,
        "teamId": 100,
        "championId": 120
      },
      {
        "summonerId": 35583579,
        "teamId": 100,
        "championId": 119
      },
      {
        "summonerId": 35903005,
        "teamId": 200,
        "championId": 51
      }
    ],
    "stats": {
      "level": 18,
      "goldEarned": 12431,
      "numDeaths": 4,
      "turretsKilled": 2,
      "minionsKilled": 194,
      "championsKilled": 4,
      "goldSpent": 11405,
      "totalDamageDealt": 138561,
      "totalDamageTaken": 34880,
      "killingSprees": 1,
      "largestKillingSpree": 3,
      "team": 100,
      "win": true,
      "neutralMinionsKilled": 8,
      "largestMultiKill": 1,
      "physicalDamageDealtPlayer": 120248,
      "magicDamageDealtPlayer": 17758,
      "physicalDamageTaken": 19042,
      "magicDamageTaken": 13772,
      "timePlayed": 2435,
      "totalHeal": 5996,
      "totalUnitsHealed": 1,
      "assists": 12,
      "item0": 3211,
      "item1": 3068,
      "item2": 3074,
      "item3": 3260,
      "item4": 1011,
      "item5": 3082,
      "item6": 3340,
      "magicDamageDealtToChampions": 5317,
      "physicalDamageDealtToChampions": 17731,
      "totalDamageDealtToChampions": 23602,
      "trueDamageDealtPlayer": 554,
      "trueDamageDealtToChampions": 554,
      "trueDamageTaken": 2065,
      "wardPlaced": 9,
      "neutralMinionsKilledYourJungle": 8,
      "totalTimeCrowdControlDealt": 134
    }
  }
}