{
  "26621537": {
    "gameId": 825982887,
    "invalid": false,
    "gameMode": "CLASSIC",
    "gameType": "MATCHED_GAME",
    "subType": "RANKED_SOLO_5x5",
    "mapId": 1,
    "teamId": 100,
    "championId": 412,
    "spell1": 4,
    "spell2": 3,
    "level": 30,
    "ipEarned": 51,
    "createDate": 1399030284279,
    "fellowPlayers": [
      {
        "summonerId": 24688633,
        "teamId": 200,
        "championId": 236
      },
      {
        "summonerId": 21406756,
        "teamId": 200,
        "championId": 45
      },
      {
        "summonerId": 22655431,
        "teamId": 200,
        "championId": 267
      },
      {
        "summonerId": 30431154,
        "teamId": 100,
        "championId": 222
      },
      {
        "summonerId": 34922768,
        "teamId": 200,
        "championId": 113
      },
      {
        "summonerId": 28615572,
        "teamId": 200,
        "championId": 35
      },
      {
        "summonerId": 22812449,
        "teamId": 100,
        "championId": 134
      },
      {
        "summonerId": 23051067,
        "teamId": 100,
        "championId": 64
      },
      {
        "summonerId": 35459873,
        "teamId": 100,
        "championId": 13
      }
    ],
    "stats": {
      "level": 9,
      "goldEarned": 4651,
      "numDeaths": 6,
      "minionsKilled": 23,
      "goldSpent": 4960,
      "totalDamageDealt": 16831,
      "totalDamageTaken": 14474,
      "team": 100,
      "win": false,
      "physicalDamageDealtPlayer": 4518,
      "magicDamageDealtPlayer": 12312,
      "physicalDamageTaken": 10297,
      "magicDamageTaken": 4101,
      "timePlayed": 1363,
      "totalHeal": 659,
      "totalUnitsHealed": 2,
      "assists": 4,
      "item0": 2049,
      "item1": 2043,
      "item2": 2010,
      "item3": 3097,
      "item4": 3067,
      "item5": 3158,
      "item6": 3340,
      "sightWardsBought": 3,
      "visionWardsBought": 4,
      "magicDamageDealtToChampions": 4445,
      "physicalDamageDealtToChampions": 1513,
      "totalDamageDealtToChampions": 5958,
      "trueDamageTaken": 75,
      "wardKilled": 1,
      "wardPlaced": 16,
      "totalTimeCrowdControlDealt": 117
    }
  },
  "summonerCount": 10,
  "21406756": {
    "gameId": 825982887,
    "invalid": false,
    "gameMode": "CLASSIC",
    "gameType": "MATCHED_GAME",
    "subType": "RANKED_SOLO_5x5",
    "mapId": 1,
    "teamId": 200,
    "championId": 45,
    "spell1": 4,
    "spell2": 7,
    "level": 30,
    "ipEarned": 76,
    "createDate": 1399030284284,
    "fellowPlayers": [
      {
        "summonerId": 24688633,
        "teamId": 200,
        "championId": 236
      },
      {
        "summonerId": 22655431,
        "teamId": 200,
        "championId": 267
      },
      {
        "summonerId": 30431154,
        "teamId": 100,
        "championId": 222
      },
      {
        "summonerId": 34922768,
        "teamId": 200,
        "championId": 113
      },
      {
        "summonerId": 28615572,
        "teamId": 200,
        "championId": 35
      },
      {
        "summonerId": 22812449,
        "teamId": 100,
        "championId": 134
      },
      {
        "summonerId": 26621537,
        "teamId": 100,
        "championId": 412
      },
      {
        "summonerId": 23051067,
        "teamId": 100,
        "championId": 64
      },
      {
        "summonerId": 35459873,
        "teamId": 100,
        "championId": 13
      }
    ],
    "stats": {
      "level": 13,
      "goldEarned": 8997,
      "numDeaths": 2,
      "turretsKilled": 1,
      "minionsKilled": 108,
      "championsKilled": 8,
      "goldSpent": 7185,
      "totalDamageDealt": 56558,
      "totalDamageTaken": 8067,
      "killingSprees": 1,
      "largestKillingSpree": 8,
      "team": 200,
      "win": true,
      "neutralMinionsKilled": 1,
      "largestMultiKill": 1,
      "physicalDamageDealtPlayer": 6039,
      "magicDamageDealtPlayer": 50434,
      "physicalDamageTaken": 2071,
      "magicDamageTaken": 5995,
      "timePlayed": 1363,
      "totalHeal": 1274,
      "totalUnitsHealed": 2,
      "assists": 8,
      "item0": 1056,
      "item1": 3255,
      "item2": 3028,
      "item3": 3089,
      "item4": 3108,
      "item6": 3340,
      "magicDamageDealtToChampions": 10094,
      "physicalDamageDealtToChampions": 351,
      "totalDamageDealtToChampions": 10446,
      "trueDamageDealtPlayer": 84,
      "wardKilled": 1,
      "neutralMinionsKilledYourJungle": 1,
      "totalTimeCrowdControlDealt": 63
    }
  },
  "35459873": {
    "gameId": 825982887,
    "invalid": false,
    "gameMode": "CLASSIC",
    "gameType": "MATCHED_GAME",
    "subType": "RANKED_SOLO_5x5",
    "mapId": 1,
    "teamId": 100,
    "championId": 13,
    "spell1": 14,
    "spell2": 4,
    "level": 30,
    "ipEarned": 51,
    "createDate": 1399030284278,
    "fellowPlayers": [
      {
        "summonerId": 24688633,
        "teamId": 200,
        "championId": 236
      },
      {
        "summonerId": 21406756,
        "teamId": 200,
        "championId": 45
      },
      {
        "summonerId": 22655431,
        "teamId": 200,
        "championId": 267
      },
      {
        "summonerId": 30431154,
        "teamId": 100,
        "championId": 222
      },
      {
        "summonerId": 34922768,
        "teamId": 200,
        "championId": 113
      },
      {
        "summonerId": 28615572,
        "teamId": 200,
        "championId": 35
      },
      {
        "summonerId": 22812449,
        "teamId": 100,
        "championId": 134
      },
      {
        "summonerId": 26621537,
        "teamId": 100,
        "championId": 412
      },
      {
        "summonerId": 23051067,
        "teamId": 100,
        "championId": 64
      }
    ],
    "stats": {
      "level": 12,
      "goldEarned": 6435,
      "numDeaths": 6,
      "minionsKilled": 119,
      "championsKilled": 3,
      "goldSpent": 5395,
      "totalDamageDealt": 54510,
      "totalDamageTaken": 16608,
      "team": 100,
      "win": false,
      "largestMultiKill": 1,
      "physicalDamageDealtPlayer": 11817,
      "magicDamageDealtPlayer": 42413,
      "physicalDamageTaken": 6675,
      "magicDamageTaken": 9311,
      "timePlayed": 1363,
      "totalHeal": 755,
      "totalUnitsHealed": 1,
      "item0": 3027,
      "item1": 3070,
      "item2": 3255,
      "item6": 3340,
      "sightWardsBought": 1,
      "magicDamageDealtToChampions": 9326,
      "physicalDamageDealtToChampions": 781,
      "totalDamageDealtToChampions": 10388,
      "trueDamageDealtPlayer": 280,
      "trueDamageDealtToChampions": 280,
      "trueDamageTaken": 622,
      "wardPlaced": 5,
      "totalTimeCrowdControlDealt": 22
    }
  },
  "34922768": {
    "gameId": 825982887,
    "invalid": false,
    "gameMode": "CLASSIC",
    "gameType": "MATCHED_GAME",
    "subType": "RANKED_SOLO_5x5",
    "mapId": 1,
    "teamId": 200,
    "championId": 113,
    "spell1": 11,
    "spell2": 4,
    "level": 30,
    "ipEarned": 226,
    "createDate": 1399030284285,
    "fellowPlayers": [
      {
        "summonerId": 24688633,
        "teamId": 200,
        "championId": 236
      },
      {
        "summonerId": 21406756,
        "teamId": 200,
        "championId": 45
      },
      {
        "summonerId": 22655431,
        "teamId": 200,
        "championId": 267
      },
      {
        "summonerId": 30431154,
        "teamId": 100,
        "championId": 222
      },
      {
        "summonerId": 28615572,
        "teamId": 200,
        "championId": 35
      },
      {
        "summonerId": 22812449,
        "teamId": 100,
        "championId": 134
      },
      {
        "summonerId": 26621537,
        "teamId": 100,
        "championId": 412
      },
      {
        "summonerId": 23051067,
        "teamId": 100,
        "championId": 64
      },
      {
        "summonerId": 35459873,
        "teamId": 100,
        "championId": 13
      }
    ],
    "stats": {
      "level": 13,
      "goldEarned": 7895,
      "numDeaths": 1,
      "minionsKilled": 48,
      "championsKilled": 2,
      "goldSpent": 6510,
      "totalDamageDealt": 96619,
      "totalDamageTaken": 12962,
      "team": 200,
      "win": true,
      "neutralMinionsKilled": 63,
      "largestMultiKill": 1,
      "physicalDamageDealtPlayer": 24093,
      "magicDamageDealtPlayer": 61489,
      "physicalDamageTaken": 10225,
      "magicDamageTaken": 2416,
      "timePlayed": 1363,
      "totalHeal": 3503,
      "totalUnitsHealed": 1,
      "assists": 7,
      "item0": 3207,
      "item1": 3047,
      "item2": 2003,
      "item3": 3068,
      "item4": 1028,
      "item6": 3341,
      "sightWardsBought": 1,
      "magicDamageDealtToChampions": 3644,
      "physicalDamageDealtToChampions": 1213,
      "totalDamageDealtToChampions": 5130,
      "trueDamageDealtPlayer": 11036,
      "trueDamageDealtToChampions": 272,
      "trueDamageTaken": 320,
      "wardKilled": 1,
      "wardPlaced": 1,
      "neutralMinionsKilledEnemyJungle": 8,
      "neutralMinionsKilledYourJungle": 55,
      "totalTimeCrowdControlDealt": 555
    }
  },
  "22812449": {
    "gameId": 825982887,
    "invalid": false,
    "gameMode": "CLASSIC",
    "gameType": "MATCHED_GAME",
    "subType": "RANKED_SOLO_5x5",
    "mapId": 1,
    "teamId": 100,
    "championId": 134,
    "spell1": 4,
    "spell2": 7,
    "level": 30,
    "ipEarned": 51,
    "createDate": 1399030284277,
    "fellowPlayers": [
      {
        "summonerId": 24688633,
        "teamId": 200,
        "championId": 236
      },
      {
        "summonerId": 21406756,
        "teamId": 200,
        "championId": 45
      },
      {
        "summonerId": 22655431,
        "teamId": 200,
        "championId": 267
      },
      {
        "summonerId": 30431154,
        "teamId": 100,
        "championId": 222
      },
      {
        "summonerId": 34922768,
        "teamId": 200,
        "championId": 113
      },
      {
        "summonerId": 28615572,
        "teamId": 200,
        "championId": 35
      },
      {
        "summonerId": 26621537,
        "teamId": 100,
        "championId": 412
      },
      {
        "summonerId": 23051067,
        "teamId": 100,
        "championId": 64
      },
      {
        "summonerId": 35459873,
        "teamId": 100,
        "championId": 13
      }
    ],
    "stats": {
      "level": 11,
      "goldEarned": 6119,
      "numDeaths": 5,
      "minionsKilled": 100,
      "championsKilled": 3,
      "goldSpent": 4940,
      "totalDamageDealt": 52015,
      "totalDamageTaken": 10055,
      "killingSprees": 1,
      "largestKillingSpree": 3,
      "team": 100,
      "win": false,
      "neutralMinionsKilled": 6,
      "largestMultiKill": 1,
      "physicalDamageDealtPlayer": 5840,
      "magicDamageDealtPlayer": 46174,
      "physicalDamageTaken": 5439,
      "magicDamageTaken": 4448,
      "timePlayed": 1363,
      "totalHeal": 1120,
      "totalUnitsHealed": 3,
      "item0": 1056,
      "item1": 3174,
      "item3": 3070,
      "item4": 3020,
      "item6": 3340,
      "magicDamageDealtToChampions": 9081,
      "physicalDamageDealtToChampions": 744,
      "totalDamageDealtToChampions": 9825,
      "trueDamageTaken": 168,
      "wardPlaced": 3,
      "neutralMinionsKilledYourJungle": 6,
      "totalTimeCrowdControlDealt": 223
    }
  },
  "22655431": {
    "gameId": 825982887,
    "invalid": false,
    "gameMode": "CLASSIC",
    "gameType": "MATCHED_GAME",
    "subType": "RANKED_SOLO_5x5",
    "mapId": 1,
    "teamId": 200,
    "championId": 267,
    "spell1": 3,
    "spell2": 4,
    "level": 30,
    "ipEarned": 76,
    "createDate": 1399030284282,
    "fellowPlayers": [
      {
        "summonerId": 24688633,
        "teamId": 200,
        "championId": 236
      },
      {
        "summonerId": 21406756,
        "teamId": 200,
        "championId": 45
      },
      {
        "summonerId": 30431154,
        "teamId": 100,
        "championId": 222
      },
      {
        "summonerId": 34922768,
        "teamId": 200,
        "championId": 113
      },
      {
        "summonerId": 28615572,
        "teamId": 200,
        "championId": 35
      },
      {
        "summonerId": 22812449,
        "teamId": 100,
        "championId": 134
      },
      {
        "summonerId": 26621537,
        "teamId": 100,
        "championId": 412
      },
      {
        "summonerId": 23051067,
        "teamId": 100,
        "championId": 64
      },
      {
        "summonerId": 35459873,
        "teamId": 100,
        "championId": 13
      }
    ],
    "stats": {
      "level": 11,
      "goldEarned": 7933,
      "numDeaths": 3,
      "minionsKilled": 6,
      "championsKilled": 1,
      "goldSpent": 6825,
      "totalDamageDealt": 13698,
      "totalDamageTaken": 9842,
      "team": 200,
      "win": true,
      "largestMultiKill": 1,
      "physicalDamageDealtPlayer": 7503,
      "magicDamageDealtPlayer": 6195,
      "physicalDamageTaken": 6748,
      "magicDamageTaken": 3051,
      "timePlayed": 1363,
      "totalHeal": 4704,
      "totalUnitsHealed": 6,
      "assists": 15,
      "item0": 3092,
      "item1": 3222,
      "item2": 3158,
      "item3": 2045,
      "item4": 2003,
      "item6": 3341,
      "sightWardsBought": 1,
      "magicDamageDealtToChampions": 3753,
      "physicalDamageDealtToChampions": 2726,
      "totalDamageDealtToChampions": 6480,
      "trueDamageTaken": 42,
      "wardKilled": 1,
      "wardPlaced": 19,
      "totalTimeCrowdControlDealt": 119
    }
  },
  "24688633": {
    "gameId": 825982887,
    "invalid": false,
    "gameMode": "CLASSIC",
    "gameType": "MATCHED_GAME",
    "subType": "RANKED_SOLO_5x5",
    "mapId": 1,
    "teamId": 200,
    "championId": 236,
    "spell1": 4,
    "spell2": 7,
    "level": 30,
    "ipEarned": 76,
    "createDate": 1399030284281,
    "fellowPlayers": [
      {
        "summonerId": 21406756,
        "teamId": 200,
        "championId": 45
      },
      {
        "summonerId": 22655431,
        "teamId": 200,
        "championId": 267
      },
      {
        "summonerId": 30431154,
        "teamId": 100,
        "championId": 222
      },
      {
        "summonerId": 34922768,
        "teamId": 200,
        "championId": 113
      },
      {
        "summonerId": 28615572,
        "teamId": 200,
        "championId": 35
      },
      {
        "summonerId": 22812449,
        "teamId": 100,
        "championId": 134
      },
      {
        "summonerId": 26621537,
        "teamId": 100,
        "championId": 412
      },
      {
        "summonerId": 23051067,
        "teamId": 100,
        "championId": 64
      },
      {
        "summonerId": 35459873,
        "teamId": 100,
        "championId": 13
      }
    ],
    "stats": {
      "level": 14,
      "goldEarned": 12255,
      "numDeaths": 1,
      "turretsKilled": 3,
      "minionsKilled": 188,
      "championsKilled": 14,
      "goldSpent": 10023,
      "totalDamageDealt": 126833,
      "totalDamageTaken": 14148,
      "doubleKills": 3,
      "killingSprees": 2,
      "largestKillingSpree": 8,
      "team": 200,
      "win": true,
      "neutralMinionsKilled": 4,
      "largestMultiKill": 2,
      "physicalDamageDealtPlayer": 108320,
      "magicDamageDealtPlayer": 18433,
      "physicalDamageTaken": 8666,
      "magicDamageTaken": 5365,
      "largestCriticalStrike": 767,
      "timePlayed": 1363,
      "totalHeal": 3341,
      "totalUnitsHealed": 3,
      "assists": 7,
      "item0": 1055,
      "item1": 3072,
      "item2": 3250,
      "item3": 3078,
      "item4": 1037,
      "item5": 1036,
      "item6": 3340,
      "magicDamageDealtToChampions": 2883,
      "physicalDamageDealtToChampions": 21287,
      "totalDamageDealtToChampions": 24214,
      "trueDamageDealtPlayer": 80,
      "trueDamageDealtToChampions": 44,
      "trueDamageTaken": 116,
      "wardKilled": 1,
      "wardPlaced": 4,
      "neutralMinionsKilledEnemyJungle": 1,
      "neutralMinionsKilledYourJungle": 3,
      "totalTimeCrowdControlDealt": 76
    }
  },
  "30431154": {
    "gameId": 825982887,
    "invalid": false,
    "gameMode": "CLASSIC",
    "gameType": "MATCHED_GAME",
    "subType": "RANKED_SOLO_5x5",
    "mapId": 1,
    "teamId": 100,
    "championId": 222,
    "spell1": 7,
    "spell2": 4,
    "level": 30,
    "ipEarned": 51,
    "createDate": 1399030284274,
    "fellowPlayers": [
      {
        "summonerId": 24688633,
        "teamId": 200,
        "championId": 236
      },
      {
        "summonerId": 21406756,
        "teamId": 200,
        "championId": 45
      },
      {
        "summonerId": 22655431,
        "teamId": 200,
        "championId": 267
      },
      {
        "summonerId": 34922768,
        "teamId": 200,
        "championId": 113
      },
      {
        "summonerId": 28615572,
        "teamId": 200,
        "championId": 35
      },
      {
        "summonerId": 22812449,
        "teamId": 100,
        "championId": 134
      },
      {
        "summonerId": 26621537,
        "teamId": 100,
        "championId": 412
      },
      {
        "summonerId": 23051067,
        "teamId": 100,
        "championId": 64
      },
      {
        "summonerId": 35459873,
        "teamId": 100,
        "championId": 13
      }
    ],
    "stats": {
      "level": 11,
      "goldEarned": 6741,
      "numDeaths": 6,
      "turretsKilled": 1,
      "minionsKilled": 122,
      "championsKilled": 3,
      "goldSpent": 6420,
      "totalDamageDealt": 67352,
      "totalDamageTaken": 13129,
      "killingSprees": 1,
      "largestKillingSpree": 2,
      "team": 100,
      "win": false,
      "neutralMinionsKilled": 5,
      "largestMultiKill": 1,
      "physicalDamageDealtPlayer": 66093,
      "magicDamageDealtPlayer": 1169,
      "physicalDamageTaken": 10761,
      "magicDamageTaken": 2278,
      "largestCriticalStrike": 466,
      "timePlayed": 1363,
      "totalHeal": 1771,
      "totalUnitsHealed": 2,
      "assists": 1,
      "item0": 3031,
      "item1": 3006,
      "item2": 3086,
      "item3": 1055,
      "item6": 3340,
      "magicDamageDealtToChampions": 642,
      "physicalDamageDealtToChampions": 8281,
      "totalDamageDealtToChampions": 8984,
      "trueDamageDealtPlayer": 90,
      "trueDamageDealtToChampions": 60,
      "trueDamageTaken": 90,
      "wardPlaced": 3,
      "neutralMinionsKilledYourJungle": 5,
      "totalTimeCrowdControlDealt": 77
    }
  },
  "23051067": {
    "gameId": 825982887,
    "invalid": false,
    "gameMode": "CLASSIC",
    "gameType": "MATCHED_GAME",
    "subType": "RANKED_SOLO_5x5",
    "mapId": 1,
    "teamId": 100,
    "championId": 64,
    "spell1": 4,
    "spell2": 11,
    "level": 30,
    "ipEarned": 51,
    "createDate": 1399030284276,
    "fellowPlayers": [
      {
        "summonerId": 24688633,
        "teamId": 200,
        "championId": 236
      },
      {
        "summonerId": 21406756,
        "teamId": 200,
        "championId": 45
      },
      {
        "summonerId": 22655431,
        "teamId": 200,
        "championId": 267
      },
      {
        "summonerId": 30431154,
        "teamId": 100,
        "championId": 222
      },
      {
        "summonerId": 34922768,
        "teamId": 200,
        "championId": 113
      },
      {
        "summonerId": 28615572,
        "teamId": 200,
        "championId": 35
      },
      {
        "summonerId": 22812449,
        "teamId": 100,
        "championId": 134
      },
      {
        "summonerId": 26621537,
        "teamId": 100,
        "championId": 412
      },
      {
        "summonerId": 35459873,
        "teamId": 100,
        "championId": 13
      }
    ],
    "stats": {
      "level": 13,
      "goldEarned": 6356,
      "numDeaths": 5,
      "minionsKilled": 42,
      "championsKilled": 1,
      "goldSpent": 6143,
      "totalDamageDealt": 105215,
      "totalDamageTaken": 17796,
      "team": 100,
      "win": false,
      "neutralMinionsKilled": 70,
      "largestMultiKill": 1,
      "physicalDamageDealtPlayer": 52097,
      "magicDamageDealtPlayer": 45111,
      "physicalDamageTaken": 13130,
      "magicDamageTaken": 4406,
      "timePlayed": 1363,
      "totalHeal": 2229,
      "totalUnitsHealed": 1,
      "assists": 2,
      "item0": 3154,
      "item1": 1001,
      "item2": 2003,
      "item3": 3078,
      "item6": 3340,
      "magicDamageDealtToChampions": 576,
      "physicalDamageDealtToChampions": 4370,
      "totalDamageDealtToChampions": 5044,
      "trueDamageDealtPlayer": 8006,
      "trueDamageDealtToChampions": 98,
      "trueDamageTaken": 259,
      "wardPlaced": 5,
      "neutralMinionsKilledEnemyJungle": 7,
      "neutralMinionsKilledYourJungle": 63,
      "totalTimeCrowdControlDealt": 711
    }
  },
  "28615572": {
    "gameId": 825982887,
    "invalid": false,
    "gameMode": "CLASSIC",
    "gameType": "MATCHED_GAME",
    "subType": "RANKED_SOLO_5x5",
    "mapId": 1,
    "teamId": 200,
    "championId": 35,
    "spell1": 14,
    "spell2": 4,
    "level": 30,
    "ipEarned": 76,
    "createDate": 1399030284280,
    "fellowPlayers": [
      {
        "summonerId": 24688633,
        "teamId": 200,
        "championId": 236
      },
      {
        "summonerId": 21406756,
        "teamId": 200,
        "championId": 45
      },
      {
        "summonerId": 22655431,
        "teamId": 200,
        "championId": 267
      },
      {
        "summonerId": 30431154,
        "teamId": 100,
        "championId": 222
      },
      {
        "summonerId": 34922768,
        "teamId": 200,
        "championId": 113
      },
      {
        "summonerId": 22812449,
        "teamId": 100,
        "championId": 134
      },
      {
        "summonerId": 26621537,
        "teamId": 100,
        "championId": 412
      },
      {
        "summonerId": 23051067,
        "teamId": 100,
        "championId": 64
      },
      {
        "summonerId": 35459873,
        "teamId": 100,
        "championId": 13
      }
    ],
    "stats": {
      "level": 13,
      "goldEarned": 6969,
      "numDeaths": 3,
      "turretsKilled": 1,
      "minionsKilled": 88,
      "championsKilled": 3,
      "goldSpent": 6670,
      "totalDamageDealt": 51723,
      "totalDamageTaken": 14054,
      "killingSprees": 1,
      "largestKillingSpree": 2,
      "team": 200,
      "win": true,
      "neutralMinionsKilled": 6,
      "largestMultiKill": 1,
      "physicalDamageDealtPlayer": 39631,
      "magicDamageDealtPlayer": 11582,
      "physicalDamageTaken": 6640,
      "magicDamageTaken": 7243,
      "largestCriticalStrike": 454,
      "timePlayed": 1363,
      "totalHeal": 3153,
      "totalUnitsHealed": 1,
      "assists": 2,
      "item0": 1055,
      "item1": 1055,
      "item2": 3156,
      "item3": 1011,
      "item4": 1001,
      "item5": 1037,
      "item6": 3340,
      "sightWardsBought": 1,
      "magicDamageDealtToChampions": 4170,
      "physicalDamageDealtToChampions": 3803,
      "totalDamageDealtToChampions": 8483,
      "trueDamageDealtPlayer": 510,
      "trueDamageDealtToChampions": 510,
      "trueDamageTaken": 170,
      "wardPlaced": 3,
      "neutralMinionsKilledYourJungle": 6,
      "totalTimeCrowdControlDealt": 428
    }
  }
}