{
  "36468440": {
    "gameId": 825968901,
    "invalid": false,
    "gameMode": "CLASSIC",
    "gameType": "MATCHED_GAME",
    "subType": "NORMAL",
    "mapId": 1,
    "teamId": 100,
    "championId": 4,
    "spell1": 14,
    "spell2": 4,
    "level": 24,
    "ipEarned": 62,
    "createDate": 1399029593702,
    "fellowPlayers": [
      {
        "summonerId": 40877649,
        "teamId": 200,
        "championId": 36
      },
      {
        "summonerId": 40133534,
        "teamId": 200,
        "championId": 55
      },
      {
        "summonerId": 36992578,
        "teamId": 100,
        "championId": 89
      },
      {
        "summonerId": 41947842,
        "teamId": 200,
        "championId": 89
      },
      {
        "summonerId": 36528445,
        "teamId": 100,
        "championId": 121
      },
      {
        "summonerId": 37038277,
        "teamId": 100,
        "championId": 157
      },
      {
        "summonerId": 39375091,
        "teamId": 200,
        "championId": 31
      },
      {
        "summonerId": 32677061,
        "teamId": 200,
        "championId": 29
      },
      {
        "summonerId": 34016398,
        "teamId": 100,
        "championId": 51
      }
    ],
    "stats": {
      "level": 16,
      "goldEarned": 13571,
      "numDeaths": 5,
      "turretsKilled": 1,
      "minionsKilled": 192,
      "championsKilled": 8,
      "goldSpent": 12040,
      "totalDamageDealt": 159707,
      "totalDamageTaken": 15703,
      "doubleKills": 2,
      "tripleKills": 1,
      "killingSprees": 3,
      "largestKillingSpree": 3,
      "team": 100,
      "win": false,
      "neutralMinionsKilled": 19,
      "largestMultiKill": 3,
      "physicalDamageDealtPlayer": 18977,
      "magicDamageDealtPlayer": 140042,
      "physicalDamageTaken": 7271,
      "magicDamageTaken": 7599,
      "timePlayed": 1994,
      "totalHeal": 1839,
      "totalUnitsHealed": 1,
      "assists": 10,
      "item0": 1056,
      "item1": 3157,
      "item2": 3089,
      "item3": 3255,
      "item4": 3174,
      "item6": 3340,
      "sightWardsBought": 1,
      "magicDamageDealtToChampions": 23925,
      "physicalDamageDealtToChampions": 1161,
      "totalDamageDealtToChampions": 25775,
      "trueDamageDealtPlayer": 688,
      "trueDamageDealtToChampions": 688,
      "trueDamageTaken": 832,
      "wardPlaced": 5,
      "neutralMinionsKilledEnemyJungle": 8,
      "neutralMinionsKilledYourJungle": 11,
      "totalTimeCrowdControlDealt": 127
    }
  },
  "summonerCount": 10,
  "34016398": {
    "gameId": 825968901,
    "invalid": false,
    "gameMode": "CLASSIC",
    "gameType": "MATCHED_GAME",
    "subType": "NORMAL",
    "mapId": 1,
    "teamId": 100,
    "championId": 51,
    "spell1": 7,
    "spell2": 4,
    "level": 30,
    "ipEarned": 62,
    "createDate": 1399029593699,
    "fellowPlayers": [
      {
        "summonerId": 40877649,
        "teamId": 200,
        "championId": 36
      },
      {
        "summonerId": 40133534,
        "teamId": 200,
        "championId": 55
      },
      {
        "summonerId": 36992578,
        "teamId": 100,
        "championId": 89
      },
      {
        "summonerId": 41947842,
        "teamId": 200,
        "championId": 89
      },
      {
        "summonerId": 36528445,
        "teamId": 100,
        "championId": 121
      },
      {
        "summonerId": 37038277,
        "teamId": 100,
        "championId": 157
      },
      {
        "summonerId": 39375091,
        "teamId": 200,
        "championId": 31
      },
      {
        "summonerId": 32677061,
        "teamId": 200,
        "championId": 29
      },
      {
        "summonerId": 36468440,
        "teamId": 100,
        "championId": 4
      }
    ],
    "stats": {
      "level": 15,
      "goldEarned": 12234,
      "numDeaths": 6,
      "turretsKilled": 1,
      "minionsKilled": 190,
      "championsKilled": 6,
      "goldSpent": 10565,
      "totalDamageDealt": 128868,
      "totalDamageTaken": 17115,
      "doubleKills": 1,
      "tripleKills": 1,
      "killingSprees": 1,
      "largestKillingSpree": 4,
      "team": 100,
      "win": false,
      "neutralMinionsKilled": 6,
      "largestMultiKill": 3,
      "physicalDamageDealtPlayer": 122142,
      "magicDamageDealtPlayer": 6726,
      "physicalDamageTaken": 10101,
      "magicDamageTaken": 5079,
      "largestCriticalStrike": 892,
      "timePlayed": 1994,
      "totalHeal": 3292,
      "totalUnitsHealed": 3,
      "assists": 13,
      "item0": 3006,
      "item1": 3087,
      "item2": 3072,
      "item3": 2004,
      "item4": 3035,
      "item5": 1037,
      "item6": 3340,
      "magicDamageDealtToChampions": 3404,
      "physicalDamageDealtToChampions": 21823,
      "totalDamageDealtToChampions": 25227,
      "trueDamageTaken": 1935,
      "wardPlaced": 9,
      "neutralMinionsKilledYourJungle": 6,
      "totalTimeCrowdControlDealt": 55
    }
  },
  "39375091": {
    "gameId": 825968901,
    "invalid": false,
    "gameMode": "CLASSIC",
    "gameType": "MATCHED_GAME",
    "subType": "NORMAL",
    "mapId": 1,
    "teamId": 200,
    "championId": 31,
    "spell1": 4,
    "spell2": 11,
    "level": 27,
    "ipEarned": 94,
    "createDate": 1399029593709,
    "fellowPlayers": [
      {
        "summonerId": 40877649,
        "teamId": 200,
        "championId": 36
      },
      {
        "summonerId": 40133534,
        "teamId": 200,
        "championId": 55
      },
      {
        "summonerId": 36992578,
        "teamId": 100,
        "championId": 89
      },
      {
        "summonerId": 41947842,
        "teamId": 200,
        "championId": 89
      },
      {
        "summonerId": 36528445,
        "teamId": 100,
        "championId": 121
      },
      {
        "summonerId": 37038277,
        "teamId": 100,
        "championId": 157
      },
      {
        "summonerId": 32677061,
        "teamId": 200,
        "championId": 29
      },
      {
        "summonerId": 36468440,
        "teamId": 100,
        "championId": 4
      },
      {
        "summonerId": 34016398,
        "teamId": 100,
        "championId": 51
      }
    ],
    "stats": {
      "level": 18,
      "goldEarned": 13342,
      "numDeaths": 3,
      "turretsKilled": 1,
      "minionsKilled": 96,
      "championsKilled": 9,
      "goldSpent": 12175,
      "totalDamageDealt": 169679,
      "totalDamageTaken": 29472,
      "doubleKills": 1,
      "killingSprees": 3,
      "largestKillingSpree": 5,
      "team": 200,
      "win": true,
      "neutralMinionsKilled": 69,
      "largestMultiKill": 2,
      "physicalDamageDealtPlayer": 34781,
      "magicDamageDealtPlayer": 105793,
      "physicalDamageTaken": 22842,
      "magicDamageTaken": 6135,
      "timePlayed": 1994,
      "totalHeal": 10759,
      "totalUnitsHealed": 1,
      "assists": 8,
      "item0": 3207,
      "item1": 3006,
      "item2": 1031,
      "item3": 3001,
      "item4": 3025,
      "item5": 3115,
      "item6": 3340,
      "magicDamageDealtToChampions": 6018,
      "physicalDamageDealtToChampions": 2412,
      "totalDamageDealtToChampions": 11503,
      "trueDamageDealtPlayer": 29104,
      "trueDamageDealtToChampions": 3072,
      "trueDamageTaken": 494,
      "wardPlaced": 11,
      "neutralMinionsKilledEnemyJungle": 13,
      "neutralMinionsKilledYourJungle": 56,
      "totalTimeCrowdControlDealt": 822
    }
  },
  "36528445": {
    "gameId": 825968901,
    "invalid": false,
    "gameMode": "CLASSIC",
    "gameType": "MATCHED_GAME",
    "subType": "NORMAL",
    "mapId": 1,
    "teamId": 100,
    "championId": 121,
    "spell1": 4,
    "spell2": 11,
    "level": 30,
    "ipEarned": 62,
    "createDate": 1399029593701,
    "fellowPlayers": [
      {
        "summonerId": 40877649,
        "teamId": 200,
        "championId": 36
      },
      {
        "summonerId": 40133534,
        "teamId": 200,
        "championId": 55
      },
      {
        "summonerId": 36992578,
        "teamId": 100,
        "championId": 89
      },
      {
        "summonerId": 41947842,
        "teamId": 200,
        "championId": 89
      },
      {
        "summonerId": 37038277,
        "teamId": 100,
        "championId": 157
      },
      {
        "summonerId": 39375091,
        "teamId": 200,
        "championId": 31
      },
      {
        "summonerId": 32677061,
        "teamId": 200,
        "championId": 29
      },
      {
        "summonerId": 36468440,
        "teamId": 100,
        "championId": 4
      },
      {
        "summonerId": 34016398,
        "teamId": 100,
        "championId": 51
      }
    ],
    "stats": {
      "level": 16,
      "goldEarned": 13082,
      "numDeaths": 3,
      "turretsKilled": 1,
      "minionsKilled": 62,
      "championsKilled": 8,
      "goldSpent": 12575,
      "totalDamageDealt": 159674,
      "totalDamageTaken": 27868,
      "doubleKills": 1,
      "killingSprees": 2,
      "largestKillingSpree": 5,
      "team": 100,
      "win": false,
      "neutralMinionsKilled": 96,
      "largestMultiKill": 2,
      "physicalDamageDealtPlayer": 137130,
      "magicDamageDealtPlayer": 3014,
      "physicalDamageTaken": 17932,
      "magicDamageTaken": 7151,
      "timePlayed": 1994,
      "totalHeal": 9602,
      "totalUnitsHealed": 1,
      "assists": 15,
      "item0": 3143,
      "item1": 3111,
      "item2": 3071,
      "item3": 3156,
      "item4": 3209,
      "item6": 3340,
      "magicDamageDealtToChampions": 2273,
      "physicalDamageDealtToChampions": 14955,
      "totalDamageDealtToChampions": 18969,
      "trueDamageDealtPlayer": 19529,
      "trueDamageDealtToChampions": 1739,
      "trueDamageTaken": 2784,
      "wardPlaced": 3,
      "neutralMinionsKilledEnemyJungle": 4,
      "neutralMinionsKilledYourJungle": 92,
      "totalTimeCrowdControlDealt": 826
    }
  },
  "36992578": {
    "gameId": 825968901,
    "invalid": false,
    "gameMode": "CLASSIC",
    "gameType": "MATCHED_GAME",
    "subType": "NORMAL",
    "mapId": 1,
    "teamId": 100,
    "championId": 89,
    "spell1": 14,
    "spell2": 4,
    "level": 20,
    "ipEarned": 62,
    "createDate": 1399029593705,
    "fellowPlayers": [
      {
        "summonerId": 40877649,
        "teamId": 200,
        "championId": 36
      },
      {
        "summonerId": 40133534,
        "teamId": 200,
        "championId": 55
      },
      {
        "summonerId": 41947842,
        "teamId": 200,
        "championId": 89
      },
      {
        "summonerId": 36528445,
        "teamId": 100,
        "championId": 121
      },
      {
        "summonerId": 37038277,
        "teamId": 100,
        "championId": 157
      },
      {
        "summonerId": 39375091,
        "teamId": 200,
        "championId": 31
      },
      {
        "summonerId": 32677061,
        "teamId": 200,
        "championId": 29
      },
      {
        "summonerId": 36468440,
        "teamId": 100,
        "championId": 4
      },
      {
        "summonerId": 34016398,
        "teamId": 100,
        "championId": 51
      }
    ],
    "stats": {
      "level": 14,
      "goldEarned": 7407,
      "numDeaths": 7,
      "minionsKilled": 25,
      "championsKilled": 2,
      "goldSpent": 6355,
      "totalDamageDealt": 12471,
      "totalDamageTaken": 19624,
      "team": 100,
      "win": false,
      "largestMultiKill": 1,
      "physicalDamageDealtPlayer": 4732,
      "magicDamageDealtPlayer": 4369,
      "physicalDamageTaken": 10433,
      "magicDamageTaken": 7572,
      "timePlayed": 1994,
      "totalHeal": 953,
      "totalUnitsHealed": 3,
      "assists": 12,
      "item0": 2045,
      "item1": 3401,
      "item2": 3105,
      "item3": 1001,
      "item6": 3341,
      "sightWardsBought": 3,
      "magicDamageDealtToChampions": 3151,
      "physicalDamageDealtToChampions": 1267,
      "totalDamageDealtToChampions": 4858,
      "trueDamageDealtPlayer": 3369,
      "trueDamageDealtToChampions": 440,
      "trueDamageTaken": 1619,
      "wardPlaced": 20,
      "totalTimeCrowdControlDealt": 37
    }
  },
  "37038277": {
    "gameId": 825968901,
    "invalid": false,
    "gameMode": "CLASSIC",
    "gameType": "MATCHED_GAME",
    "subType": "NORMAL",
    "mapId": 1,
    "teamId": 100,
    "championId": 157,
    "spell1": 4,
    "spell2": 7,
    "level": 28,
    "ipEarned": 62,
    "createDate": 1399029593703,
    "fellowPlayers": [
      {
        "summonerId": 40877649,
        "teamId": 200,
        "championId": 36
      },
      {
        "summonerId": 40133534,
        "teamId": 200,
        "championId": 55
      },
      {
        "summonerId": 36992578,
        "teamId": 100,
        "championId": 89
      },
      {
        "summonerId": 41947842,
        "teamId": 200,
        "championId": 89
      },
      {
        "summonerId": 36528445,
        "teamId": 100,
        "championId": 121
      },
      {
        "summonerId": 39375091,
        "teamId": 200,
        "championId": 31
      },
      {
        "summonerId": 32677061,
        "teamId": 200,
        "championId": 29
      },
      {
        "summonerId": 36468440,
        "teamId": 100,
        "championId": 4
      },
      {
        "summonerId": 34016398,
        "teamId": 100,
        "championId": 51
      }
    ],
    "stats": {
      "level": 15,
      "goldEarned": 10442,
      "numDeaths": 8,
      "turretsKilled": 1,
      "minionsKilled": 157,
      "championsKilled": 3,
      "goldSpent": 9445,
      "totalDamageDealt": 131671,
      "totalDamageTaken": 22041,
      "killingSprees": 1,
      "largestKillingSpree": 2,
      "team": 100,
      "win": false,
      "neutralMinionsKilled": 24,
      "largestMultiKill": 1,
      "physicalDamageDealtPlayer": 110486,
      "magicDamageDealtPlayer": 20892,
      "physicalDamageTaken": 10084,
      "magicDamageTaken": 10491,
      "largestCriticalStrike": 330,
      "timePlayed": 1994,
      "totalHeal": 3238,
      "totalUnitsHealed": 2,
      "assists": 9,
      "item0": 1055,
      "item1": 3087,
      "item2": 3250,
      "item3": 3153,
      "item4": 1018,
      "item6": 3340,
      "sightWardsBought": 2,
      "magicDamageDealtToChampions": 3015,
      "physicalDamageDealtToChampions": 13760,
      "totalDamageDealtToChampions": 16907,
      "trueDamageDealtPlayer": 292,
      "trueDamageDealtToChampions": 132,
      "trueDamageTaken": 1464,
      "wardPlaced": 12,
      "neutralMinionsKilledEnemyJungle": 12,
      "neutralMinionsKilledYourJungle": 12,
      "totalTimeCrowdControlDealt": 172
    }
  },
  "32677061": {
    "gameId": 825968901,
    "invalid": false,
    "gameMode": "CLASSIC",
    "gameType": "MATCHED_GAME",
    "subType": "NORMAL",
    "mapId": 1,
    "teamId": 200,
    "championId": 29,
    "spell1": 4,
    "spell2": 7,
    "level": 30,
    "ipEarned": 94,
    "createDate": 1399029593711,
    "fellowPlayers": [
      {
        "summonerId": 40877649,
        "teamId": 200,
        "championId": 36
      },
      {
        "summonerId": 40133534,
        "teamId": 200,
        "championId": 55
      },
      {
        "summonerId": 36992578,
        "teamId": 100,
        "championId": 89
      },
      {
        "summonerId": 41947842,
        "teamId": 200,
        "championId": 89
      },
      {
        "summonerId": 36528445,
        "teamId": 100,
        "championId": 121
      },
      {
        "summonerId": 37038277,
        "teamId": 100,
        "championId": 157
      },
      {
        "summonerId": 39375091,
        "teamId": 200,
        "championId": 31
      },
      {
        "summonerId": 36468440,
        "teamId": 100,
        "championId": 4
      },
      {
        "summonerId": 34016398,
        "teamId": 100,
        "championId": 51
      }
    ],
    "stats": {
      "level": 17,
      "goldEarned": 14505,
      "numDeaths": 3,
      "barracksKilled": 1,
      "turretsKilled": 4,
      "minionsKilled": 173,
      "championsKilled": 11,
      "goldSpent": 13285,
      "totalDamageDealt": 152363,
      "totalDamageTaken": 25439,
      "doubleKills": 3,
      "tripleKills": 1,
      "killingSprees": 2,
      "largestKillingSpree": 5,
      "team": 200,
      "win": true,
      "neutralMinionsKilled": 27,
      "largestMultiKill": 3,
      "physicalDamageDealtPlayer": 139599,
      "magicDamageDealtPlayer": 2040,
      "physicalDamageTaken": 18044,
      "magicDamageTaken": 6573,
      "largestCriticalStrike": 603,
      "timePlayed": 1994,
      "totalHeal": 4173,
      "totalUnitsHealed": 3,
      "assists": 11,
      "item1": 3072,
      "item2": 3250,
      "item3": 3046,
      "item4": 3026,
      "item5": 3035,
      "item6": 3340,
      "magicDamageDealtToChampions": 1025,
      "physicalDamageDealtToChampions": 20086,
      "totalDamageDealtToChampions": 24816,
      "trueDamageDealtPlayer": 10724,
      "trueDamageDealtToChampions": 3704,
      "trueDamageTaken": 821,
      "wardPlaced": 8,
      "neutralMinionsKilledEnemyJungle": 9,
      "neutralMinionsKilledYourJungle": 18,
      "totalTimeCrowdControlDealt": 250
    }
  },
  "36468440": {
    "gameId": 825968901,
    "invalid": false,
    "gameMode": "CLASSIC",
    "gameType": "MATCHED_GAME",
    "subType": "NORMAL",
    "mapId": 1,
    "teamId": 100,
    "championId": 4,
    "spell1": 14,
    "spell2": 4,
    "level": 24,
    "ipEarned": 62,
    "createDate": 1399029593702,
    "fellowPlayers": [
      {
        "summonerId": 40877649,
        "teamId": 200,
        "championId": 36
      },
      {
        "summonerId": 40133534,
        "teamId": 200,
        "championId": 55
      },
      {
        "summonerId": 36992578,
        "teamId": 100,
        "championId": 89
      },
      {
        "summonerId": 41947842,
        "teamId": 200,
        "championId": 89
      },
      {
        "summonerId": 36528445,
        "teamId": 100,
        "championId": 121
      },
      {
        "summonerId": 37038277,
        "teamId": 100,
        "championId": 157
      },
      {
        "summonerId": 39375091,
        "teamId": 200,
        "championId": 31
      },
      {
        "summonerId": 32677061,
        "teamId": 200,
        "championId": 29
      },
      {
        "summonerId": 34016398,
        "teamId": 100,
        "championId": 51
      }
    ],
    "stats": {
      "level": 16,
      "goldEarned": 13571,
      "numDeaths": 5,
      "turretsKilled": 1,
      "minionsKilled": 192,
      "championsKilled": 8,
      "goldSpent": 12040,
      "totalDamageDealt": 159707,
      "totalDamageTaken": 15703,
      "doubleKills": 2,
      "tripleKills": 1,
      "killingSprees": 3,
      "largestKillingSpree": 3,
      "team": 100,
      "win": false,
      "neutralMinionsKilled": 19,
      "largestMultiKill": 3,
      "physicalDamageDealtPlayer": 18977,
      "magicDamageDealtPlayer": 140042,
      "physicalDamageTaken": 7271,
      "magicDamageTaken": 7599,
      "timePlayed": 1994,
      "totalHeal": 1839,
      "totalUnitsHealed": 1,
      "assists": 10,
      "item0": 1056,
      "item1": 3157,
      "item2": 3089,
      "item3": 3255,
      "item4": 3174,
      "item6": 3340,
      "sightWardsBought": 1,
      "magicDamageDealtToChampions": 23925,
      "physicalDamageDealtToChampions": 1161,
      "totalDamageDealtToChampions": 25775,
      "trueDamageDealtPlayer": 688,
      "trueDamageDealtToChampions": 688,
      "trueDamageTaken": 832,
      "wardPlaced": 5,
      "neutralMinionsKilledEnemyJungle": 8,
      "neutralMinionsKilledYourJungle": 11,
      "totalTimeCrowdControlDealt": 127
    }
  },
  "40877649": {
    "gameId": 825968901,
    "invalid": false,
    "gameMode": "CLASSIC",
    "gameType": "MATCHED_GAME",
    "subType": "NORMAL",
    "mapId": 1,
    "teamId": 200,
    "championId": 36,
    "spell1": 14,
    "spell2": 4,
    "level": 29,
    "ipEarned": 94,
    "createDate": 1399029593710,
    "fellowPlayers": [
      {
        "summonerId": 40133534,
        "teamId": 200,
        "championId": 55
      },
      {
        "summonerId": 36992578,
        "teamId": 100,
        "championId": 89
      },
      {
        "summonerId": 41947842,
        "teamId": 200,
        "championId": 89
      },
      {
        "summonerId": 36528445,
        "teamId": 100,
        "championId": 121
      },
      {
        "summonerId": 37038277,
        "teamId": 100,
        "championId": 157
      },
      {
        "summonerId": 39375091,
        "teamId": 200,
        "championId": 31
      },
      {
        "summonerId": 32677061,
        "teamId": 200,
        "championId": 29
      },
      {
        "summonerId": 36468440,
        "teamId": 100,
        "championId": 4
      },
      {
        "summonerId": 34016398,
        "teamId": 100,
        "championId": 51
      }
    ],
    "stats": {
      "level": 15,
      "goldEarned": 9200,
      "numDeaths": 6,
      "turretsKilled": 2,
      "minionsKilled": 82,
      "championsKilled": 1,
      "goldSpent": 7525,
      "totalDamageDealt": 51409,
      "totalDamageTaken": 26060,
      "team": 200,
      "win": true,
      "neutralMinionsKilled": 1,
      "largestMultiKill": 1,
      "physicalDamageDealtPlayer": 25420,
      "magicDamageDealtPlayer": 24887,
      "physicalDamageTaken": 17386,
      "magicDamageTaken": 8156,
      "timePlayed": 1994,
      "totalHeal": 3510,
      "totalUnitsHealed": 1,
      "assists": 14,
      "item0": 1054,
      "item1": 1001,
      "item2": 3083,
      "item3": 3065,
      "item4": 1011,
      "item6": 3340,
      "sightWardsBought": 1,
      "magicDamageDealtToChampions": 8508,
      "physicalDamageDealtToChampions": 3817,
      "totalDamageDealtToChampions": 13428,
      "trueDamageDealtPlayer": 1102,
      "trueDamageDealtToChampions": 1102,
      "trueDamageTaken": 518,
      "wardPlaced": 3,
      "neutralMinionsKilledYourJungle": 1,
      "totalTimeCrowdControlDealt": 167
    }
  },
  "40133534": {
    "gameId": 825968901,
    "invalid": false,
    "gameMode": "CLASSIC",
    "gameType": "MATCHED_GAME",
    "subType": "NORMAL",
    "mapId": 1,
    "teamId": 200,
    "championId": 55,
    "spell1": 4,
    "spell2": 14,
    "level": 29,
    "ipEarned": 94,
    "createDate": 1399029593707,
    "fellowPlayers": [
      {
        "summonerId": 40877649,
        "teamId": 200,
        "championId": 36
      },
      {
        "summonerId": 36992578,
        "teamId": 100,
        "championId": 89
      },
      {
        "summonerId": 41947842,
        "teamId": 200,
        "championId": 89
      },
      {
        "summonerId": 36528445,
        "teamId": 100,
        "championId": 121
      },
      {
        "summonerId": 37038277,
        "teamId": 100,
        "championId": 157
      },
      {
        "summonerId": 39375091,
        "teamId": 200,
        "championId": 31
      },
      {
        "summonerId": 32677061,
        "teamId": 200,
        "championId": 29
      },
      {
        "summonerId": 36468440,
        "teamId": 100,
        "championId": 4
      },
      {
        "summonerId": 34016398,
        "teamId": 100,
        "championId": 51
      }
    ],
    "stats": {
      "level": 16,
      "goldEarned": 12239,
      "numDeaths": 6,
      "minionsKilled": 176,
      "championsKilled": 7,
      "goldSpent": 12115,
      "totalDamageDealt": 102029,
      "totalDamageTaken": 16426,
      "doubleKills": 1,
      "tripleKills": 1,
      "killingSprees": 1,
      "largestKillingSpree": 3,
      "team": 200,
      "win": true,
      "largestMultiKill": 3,
      "physicalDamageDealtPlayer": 14774,
      "magicDamageDealtPlayer": 86902,
      "physicalDamageTaken": 10454,
      "magicDamageTaken": 5437,
      "timePlayed": 1994,
      "assists": 14,
      "item0": 3128,
      "item1": 3157,
      "item2": 3145,
      "item3": 3001,
      "item4": 3020,
      "item5": 1026,
      "item6": 3340,
      "magicDamageDealtToChampions": 16608,
      "physicalDamageDealtToChampions": 985,
      "totalDamageDealtToChampions": 17945,
      "trueDamageDealtPlayer": 352,
      "trueDamageDealtToChampions": 352,
      "trueDamageTaken": 534,
      "wardPlaced": 2
    }
  }
}