{
  "38766188": {
    "gameId": 825976448,
    "invalid": false,
    "gameMode": "CLASSIC",
    "gameType": "MATCHED_GAME",
    "subType": "RANKED_SOLO_5x5",
    "mapId": 1,
    "teamId": 100,
    "championId": 55,
    "spell1": 4,
    "spell2": 14,
    "level": 30,
    "ipEarned": 143,
    "createDate": 1399032683669,
    "fellowPlayers": [
      {
        "summonerId": 35005162,
        "teamId": 200,
        "championId": 7
      },
      {
        "summonerId": 35432023,
        "teamId": 100,
        "championId": 25
      },
      {
        "summonerId": 32506223,
        "teamId": 200,
        "championId": 21
      },
      {
        "summonerId": 44684063,
        "teamId": 100,
        "championId": 51
      },
      {
        "summonerId": 37329482,
        "teamId": 200,
        "championId": 80
      },
      {
        "summonerId": 22548476,
        "teamId": 100,
        "championId": 254
      },
      {
        "summonerId": 41579872,
        "teamId": 200,
        "championId": 86
      },
      {
        "summonerId": 31394797,
        "teamId": 200,
        "championId": 412
      },
      {
        "summonerId": 37194093,
        "teamId": 100,
        "championId": 92
      }
    ],
    "stats": {
      "level": 18,
      "goldEarned": 17239,
      "numDeaths": 14,
      "turretsKilled": 1,
      "minionsKilled": 116,
      "championsKilled": 14,
      "goldSpent": 15680,
      "totalDamageDealt": 119479,
      "totalDamageTaken": 32429,
      "doubleKills": 3,
      "tripleKills": 1,
      "killingSprees": 3,
      "largestKillingSpree": 4,
      "team": 100,
      "win": true,
      "neutralMinionsKilled": 5,
      "largestMultiKill": 3,
      "physicalDamageDealtPlayer": 9185,
      "magicDamageDealtPlayer": 109436,
      "physicalDamageTaken": 15649,
      "magicDamageTaken": 16119,
      "timePlayed": 3275,
      "totalHeal": 1247,
      "totalUnitsHealed": 1,
      "assists": 16,
      "item0": 3157,
      "item1": 3128,
      "item2": 3151,
      "item3": 3135,
      "item4": 3020,
      "item5": 1057,
      "item6": 3340,
      "magicDamageDealtToChampions": 40744,
      "physicalDamageDealtToChampions": 951,
      "totalDamageDealtToChampions": 42554,
      "trueDamageDealtPlayer": 858,
      "trueDamageDealtToChampions": 858,
      "trueDamageTaken": 660,
      "wardPlaced": 8,
      "neutralMinionsKilledYourJungle": 5
    }
  },
  "summonerCount": 10,
  "37194093": {
    "gameId": 825976448,
    "invalid": false,
    "gameMode": "CLASSIC",
    "gameType": "MATCHED_GAME",
    "subType": "RANKED_SOLO_5x5",
    "mapId": 1,
    "teamId": 100,
    "championId": 92,
    "spell1": 14,
    "spell2": 4,
    "level": 30,
    "ipEarned": 143,
    "createDate": 1399032683670,
    "fellowPlayers": [
      {
        "summonerId": 35005162,
        "teamId": 200,
        "championId": 7
      },
      {
        "summonerId": 38766188,
        "teamId": 100,
        "championId": 55
      },
      {
        "summonerId": 35432023,
        "teamId": 100,
        "championId": 25
      },
      {
        "summonerId": 32506223,
        "teamId": 200,
        "championId": 21
      },
      {
        "summonerId": 44684063,
        "teamId": 100,
        "championId": 51
      },
      {
        "summonerId": 37329482,
        "teamId": 200,
        "championId": 80
      },
      {
        "summonerId": 22548476,
        "teamId": 100,
        "championId": 254
      },
      {
        "summonerId": 41579872,
        "teamId": 200,
        "championId": 86
      },
      {
        "summonerId": 31394797,
        "teamId": 200,
        "championId": 412
      }
    ],
    "stats": {
      "level": 18,
      "goldEarned": 19106,
      "numDeaths": 10,
      "turretsKilled": 2,
      "minionsKilled": 227,
      "championsKilled": 11,
      "goldSpent": 16255,
      "totalDamageDealt": 199228,
      "totalDamageTaken": 35317,
      "doubleKills": 1,
      "killingSprees": 2,
      "largestKillingSpree": 3,
      "team": 100,
      "win": true,
      "neutralMinionsKilled": 9,
      "largestMultiKill": 2,
      "physicalDamageDealtPlayer": 196482,
      "physicalDamageTaken": 18995,
      "magicDamageTaken": 15188,
      "timePlayed": 3275,
      "totalHeal": 4208,
      "totalUnitsHealed": 1,
      "assists": 17,
      "item0": 3074,
      "item1": 3143,
      "item2": 3071,
      "item3": 3026,
      "item4": 3035,
      "item5": 3275,
      "item6": 3340,
      "sightWardsBought": 2,
      "physicalDamageDealtToChampions": 43580,
      "totalDamageDealtToChampions": 46006,
      "trueDamageDealtPlayer": 2746,
      "trueDamageDealtToChampions": 2426,
      "trueDamageTaken": 1133,
      "wardPlaced": 16,
      "neutralMinionsKilledYourJungle": 9,
      "totalTimeCrowdControlDealt": 228
    }
  },
  "35432023": {
    "gameId": 825976448,
    "invalid": false,
    "gameMode": "CLASSIC",
    "gameType": "MATCHED_GAME",
    "subType": "RANKED_SOLO_5x5",
    "mapId": 1,
    "teamId": 100,
    "championId": 25,
    "spell1": 7,
    "spell2": 4,
    "level": 30,
    "ipEarned": 293,
    "createDate": 1399032683671,
    "fellowPlayers": [
      {
        "summonerId": 35005162,
        "teamId": 200,
        "championId": 7
      },
      {
        "summonerId": 38766188,
        "teamId": 100,
        "championId": 55
      },
      {
        "summonerId": 32506223,
        "teamId": 200,
        "championId": 21
      },
      {
        "summonerId": 44684063,
        "teamId": 100,
        "championId": 51
      },
      {
        "summonerId": 37329482,
        "teamId": 200,
        "championId": 80
      },
      {
        "summonerId": 22548476,
        "teamId": 100,
        "championId": 254
      },
      {
        "summonerId": 41579872,
        "teamId": 200,
        "championId": 86
      },
      {
        "summonerId": 31394797,
        "teamId": 200,
        "championId": 412
      },
      {
        "summonerId": 37194093,
        "teamId": 100,
        "championId": 92
      }
    ],
    "stats": {
      "level": 17,
      "goldEarned": 15916,
      "numDeaths": 15,
      "minionsKilled": 58,
      "championsKilled": 6,
      "goldSpent": 13695,
      "totalDamageDealt": 78571,
      "totalDamageTaken": 36688,
      "team": 100,
      "win": true,
      "largestMultiKill": 1,
      "physicalDamageDealtPlayer": 13410,
      "magicDamageDealtPlayer": 65160,
      "physicalDamageTaken": 20072,
      "magicDamageTaken": 15749,
      "timePlayed": 3275,
      "totalHeal": 4873,
      "totalUnitsHealed": 4,
      "assists": 26,
      "item0": 3069,
      "item1": 3027,
      "item2": 3157,
      "item3": 3102,
      "item4": 3270,
      "item5": 1057,
      "item6": 3340,
      "sightWardsBought": 6,
      "visionWardsBought": 1,
      "magicDamageDealtToChampions": 29304,
      "physicalDamageDealtToChampions": 3358,
      "totalDamageDealtToChampions": 32663,
      "trueDamageTaken": 866,
      "wardPlaced": 19,
      "totalTimeCrowdControlDealt": 234
    }
  },
  "37329482": {
    "gameId": 825976448,
    "invalid": false,
    "gameMode": "CLASSIC",
    "gameType": "MATCHED_GAME",
    "subType": "RANKED_SOLO_5x5",
    "mapId": 1,
    "teamId": 200,
    "championId": 80,
    "spell1": 4,
    "spell2": 11,
    "level": 30,
    "ipEarned": 0,
    "createDate": 1399032683680,
    "fellowPlayers": [
      {
        "summonerId": 35005162,
        "teamId": 200,
        "championId": 7
      },
      {
        "summonerId": 38766188,
        "teamId": 100,
        "championId": 55
      },
      {
        "summonerId": 35432023,
        "teamId": 100,
        "championId": 25
      },
      {
        "summonerId": 32506223,
        "teamId": 200,
        "championId": 21
      },
      {
        "summonerId": 44684063,
        "teamId": 100,
        "championId": 51
      },
      {
        "summonerId": 22548476,
        "teamId": 100,
        "championId": 254
      },
      {
        "summonerId": 41579872,
        "teamId": 200,
        "championId": 86
      },
      {
        "summonerId": 31394797,
        "teamId": 200,
        "championId": 412
      },
      {
        "summonerId": 37194093,
        "teamId": 100,
        "championId": 92
      }
    ],
    "stats": {
      "level": 16,
      "goldEarned": 14831,
      "numDeaths": 11,
      "minionsKilled": 72,
      "championsKilled": 7,
      "goldSpent": 12880,
      "totalDamageDealt": 123234,
      "totalDamageTaken": 34481,
      "doubleKills": 2,
      "killingSprees": 2,
      "largestKillingSpree": 2,
      "team": 200,
      "win": false,
      "neutralMinionsKilled": 42,
      "largestMultiKill": 2,
      "physicalDamageDealtPlayer": 95397,
      "magicDamageDealtPlayer": 14691,
      "physicalDamageTaken": 23256,
      "magicDamageTaken": 10076,
      "largestCriticalStrike": 685,
      "timePlayed": 3275,
      "totalHeal": 4730,
      "totalUnitsHealed": 1,
      "assists": 15,
      "item0": 3209,
      "item1": 3143,
      "item2": 3117,
      "item3": 3071,
      "item4": 3068,
      "item5": 1031,
      "item6": 3340,
      "magicDamageDealtToChampions": 2614,
      "physicalDamageDealtToChampions": 15046,
      "totalDamageDealtToChampions": 19252,
      "trueDamageDealtPlayer": 13146,
      "trueDamageDealtToChampions": 1591,
      "trueDamageTaken": 1148,
      "wardPlaced": 8,
      "neutralMinionsKilledEnemyJungle": 8,
      "neutralMinionsKilledYourJungle": 34,
      "totalTimeCrowdControlDealt": 302
    }
  },
  "22548476": {
    "gameId": 825976448,
    "invalid": false,
    "gameMode": "CLASSIC",
    "gameType": "MATCHED_GAME",
    "subType": "RANKED_SOLO_5x5",
    "mapId": 1,
    "teamId": 100,
    "championId": 254,
    "spell1": 11,
    "spell2": 4,
    "level": 30,
    "ipEarned": 293,
    "createDate": 1399032683674,
    "fellowPlayers": [
      {
        "summonerId": 35005162,
        "teamId": 200,
        "championId": 7
      },
      {
        "summonerId": 38766188,
        "teamId": 100,
        "championId": 55
      },
      {
        "summonerId": 35432023,
        "teamId": 100,
        "championId": 25
      },
      {
        "summonerId": 32506223,
        "teamId": 200,
        "championId": 21
      },
      {
        "summonerId": 44684063,
        "teamId": 100,
        "championId": 51
      },
      {
        "summonerId": 37329482,
        "teamId": 200,
        "championId": 80
      },
      {
        "summonerId": 41579872,
        "teamId": 200,
        "championId": 86
      },
      {
        "summonerId": 31394797,
        "teamId": 200,
        "championId": 412
      },
      {
        "summonerId": 37194093,
        "teamId": 100,
        "championId": 92
      }
    ],
    "stats": {
      "level": 18,
      "goldEarned": 18403,
      "numDeaths": 6,
      "barracksKilled": 1,
      "turretsKilled": 1,
      "minionsKilled": 115,
      "championsKilled": 9,
      "goldSpent": 14685,
      "totalDamageDealt": 192048,
      "totalDamageTaken": 43734,
      "doubleKills": 2,
      "killingSprees": 2,
      "largestKillingSpree": 5,
      "team": 100,
      "win": true,
      "neutralMinionsKilled": 57,
      "largestMultiKill": 2,
      "physicalDamageDealtPlayer": 173537,
      "magicDamageDealtPlayer": 1178,
      "physicalDamageTaken": 28489,
      "magicDamageTaken": 14033,
      "timePlayed": 3275,
      "totalHeal": 5542,
      "totalUnitsHealed": 1,
      "assists": 16,
      "item0": 3207,
      "item1": 3143,
      "item2": 3117,
      "item3": 3071,
      "item4": 3102,
      "item5": 3026,
      "item6": 3340,
      "physicalDamageDealtToChampions": 23535,
      "totalDamageDealtToChampions": 23895,
      "trueDamageDealtPlayer": 17332,
      "trueDamageDealtToChampions": 360,
      "trueDamageTaken": 1211,
      "wardPlaced": 5,
      "neutralMinionsKilledEnemyJungle": 10,
      "neutralMinionsKilledYourJungle": 47,
      "totalTimeCrowdControlDealt": 964
    }
  },
  "44684063": {
    "gameId": 825976448,
    "invalid": false,
    "gameMode": "CLASSIC",
    "gameType": "MATCHED_GAME",
    "subType": "RANKED_SOLO_5x5",
    "mapId": 1,
    "teamId": 100,
    "championId": 51,
    "spell1": 4,
    "spell2": 7,
    "level": 30,
    "ipEarned": 293,
    "createDate": 1399032683673,
    "fellowPlayers": [
      {
        "summonerId": 35005162,
        "teamId": 200,
        "championId": 7
      },
      {
        "summonerId": 38766188,
        "teamId": 100,
        "championId": 55
      },
      {
        "summonerId": 35432023,
        "teamId": 100,
        "championId": 25
      },
      {
        "summonerId": 32506223,
        "teamId": 200,
        "championId": 21
      },
      {
        "summonerId": 37329482,
        "teamId": 200,
        "championId": 80
      },
      {
        "summonerId": 22548476,
        "teamId": 100,
        "championId": 254
      },
      {
        "summonerId": 41579872,
        "teamId": 200,
        "championId": 86
      },
      {
        "summonerId": 31394797,
        "teamId": 200,
        "championId": 412
      },
      {
        "summonerId": 37194093,
        "teamId": 100,
        "championId": 92
      }
    ],
    "stats": {
      "level": 18,
      "goldEarned": 19433,
      "numDeaths": 10,
      "turretsKilled": 3,
      "minionsKilled": 223,
      "championsKilled": 10,
      "goldSpent": 17010,
      "totalDamageDealt": 256859,
      "totalDamageTaken": 30293,
      "killingSprees": 1,
      "largestKillingSpree": 3,
      "team": 100,
      "win": true,
      "neutralMinionsKilled": 18,
      "largestMultiKill": 1,
      "physicalDamageDealtPlayer": 251190,
      "magicDamageDealtPlayer": 4483,
      "physicalDamageTaken": 17618,
      "magicDamageTaken": 12156,
      "largestCriticalStrike": 1246,
      "timePlayed": 3275,
      "totalHeal": 5601,
      "totalUnitsHealed": 5,
      "assists": 19,
      "item0": 3026,
      "item1": 3072,
      "item2": 3085,
      "item3": 3250,
      "item4": 3046,
      "item5": 3031,
      "item6": 3340,
      "magicDamageDealtToChampions": 4306,
      "physicalDamageDealtToChampions": 37071,
      "totalDamageDealtToChampions": 41930,
      "trueDamageDealtPlayer": 1186,
      "trueDamageDealtToChampions": 552,
      "trueDamageTaken": 518,
      "wardKilled": 1,
      "wardPlaced": 9,
      "neutralMinionsKilledYourJungle": 18,
      "totalTimeCrowdControlDealt": 348
    }
  },
  "31394797": {
    "gameId": 825976448,
    "invalid": false,
    "gameMode": "CLASSIC",
    "gameType": "MATCHED_GAME",
    "subType": "RANKED_SOLO_5x5",
    "mapId": 1,
    "teamId": 200,
    "championId": 412,
    "spell1": 14,
    "spell2": 4,
    "level": 30,
    "ipEarned": 92,
    "createDate": 1399032683675,
    "fellowPlayers": [
      {
        "summonerId": 35005162,
        "teamId": 200,
        "championId": 7
      },
      {
        "summonerId": 38766188,
        "teamId": 100,
        "championId": 55
      },
      {
        "summonerId": 35432023,
        "teamId": 100,
        "championId": 25
      },
      {
        "summonerId": 32506223,
        "teamId": 200,
        "championId": 21
      },
      {
        "summonerId": 44684063,
        "teamId": 100,
        "championId": 51
      },
      {
        "summonerId": 37329482,
        "teamId": 200,
        "championId": 80
      },
      {
        "summonerId": 22548476,
        "teamId": 100,
        "championId": 254
      },
      {
        "summonerId": 41579872,
        "teamId": 200,
        "championId": 86
      },
      {
        "summonerId": 37194093,
        "teamId": 100,
        "championId": 92
      }
    ],
    "stats": {
      "level": 18,
      "goldEarned": 14778,
      "numDeaths": 13,
      "turretsKilled": 1,
      "minionsKilled": 23,
      "championsKilled": 3,
      "goldSpent": 14345,
      "totalDamageDealt": 38208,
      "totalDamageTaken": 45937,
      "doubleKills": 1,
      "killingSprees": 1,
      "largestKillingSpree": 2,
      "team": 200,
      "win": false,
      "largestMultiKill": 2,
      "physicalDamageDealtPlayer": 8148,
      "magicDamageDealtPlayer": 29750,
      "physicalDamageTaken": 23574,
      "magicDamageTaken": 21821,
      "timePlayed": 3275,
      "totalHeal": 3400,
      "totalUnitsHealed": 1,
      "assists": 35,
      "item0": 3069,
      "item1": 3143,
      "item2": 3068,
      "item3": 3026,
      "item4": 2045,
      "item5": 3270,
      "item6": 3340,
      "sightWardsBought": 2,
      "magicDamageDealtToChampions": 14279,
      "physicalDamageDealtToChampions": 2172,
      "totalDamageDealtToChampions": 16761,
      "trueDamageDealtPlayer": 310,
      "trueDamageDealtToChampions": 310,
      "trueDamageTaken": 542,
      "wardPlaced": 22,
      "totalTimeCrowdControlDealt": 220
    }
  },
  "32506223": {
    "gameId": 825976448,
    "invalid": false,
    "gameMode": "CLASSIC",
    "gameType": "MATCHED_GAME",
    "subType": "RANKED_SOLO_5x5",
    "mapId": 1,
    "teamId": 200,
    "championId": 21,
    "spell1": 4,
    "spell2": 7,
    "level": 30,
    "ipEarned": 92,
    "createDate": 1399032683676,
    "fellowPlayers": [
      {
        "summonerId": 35005162,
        "teamId": 200,
        "championId": 7
      },
      {
        "summonerId": 38766188,
        "teamId": 100,
        "championId": 55
      },
      {
        "summonerId": 35432023,
        "teamId": 100,
        "championId": 25
      },
      {
        "summonerId": 44684063,
        "teamId": 100,
        "championId": 51
      },
      {
        "summonerId": 37329482,
        "teamId": 200,
        "championId": 80
      },
      {
        "summonerId": 22548476,
        "teamId": 100,
        "championId": 254
      },
      {
        "summonerId": 41579872,
        "teamId": 200,
        "championId": 86
      },
      {
        "summonerId": 31394797,
        "teamId": 200,
        "championId": 412
      },
      {
        "summonerId": 37194093,
        "teamId": 100,
        "championId": 92
      }
    ],
    "stats": {
      "level": 18,
      "goldEarned": 21551,
      "numDeaths": 12,
      "barracksKilled": 1,
      "turretsKilled": 5,
      "minionsKilled": 311,
      "championsKilled": 17,
      "goldSpent": 18040,
      "totalDamageDealt": 253814,
      "totalDamageTaken": 49144,
      "doubleKills": 4,
      "killingSprees": 4,
      "largestKillingSpree": 6,
      "team": 200,
      "win": false,
      "neutralMinionsKilled": 10,
      "largestMultiKill": 2,
      "physicalDamageDealtPlayer": 192362,
      "magicDamageDealtPlayer": 61026,
      "physicalDamageTaken": 35057,
      "magicDamageTaken": 13936,
      "largestCriticalStrike": 786,
      "timePlayed": 3275,
      "totalHeal": 9272,
      "totalUnitsHealed": 5,
      "assists": 16,
      "item0": 3026,
      "item1": 3250,
      "item2": 3072,
      "item3": 3071,
      "item4": 3087,
      "item5": 3035,
      "item6": 3340,
      "magicDamageDealtToChampions": 13055,
      "physicalDamageDealtToChampions": 35932,
      "totalDamageDealtToChampions": 49414,
      "trueDamageDealtPlayer": 426,
      "trueDamageDealtToChampions": 426,
      "trueDamageTaken": 150,
      "wardPlaced": 3,
      "neutralMinionsKilledEnemyJungle": 1,
      "neutralMinionsKilledYourJungle": 9,
      "totalTimeCrowdControlDealt": 591
    }
  },
  "35005162": {
    "gameId": 825976448,
    "invalid": false,
    "gameMode": "CLASSIC",
    "gameType": "MATCHED_GAME",
    "subType": "RANKED_SOLO_5x5",
    "mapId": 1,
    "teamId": 200,
    "championId": 7,
    "spell1": 4,
    "spell2": 14,
    "level": 30,
    "ipEarned": 92,
    "createDate": 1399032683677,
    "fellowPlayers": [
      {
        "summonerId": 38766188,
        "teamId": 100,
        "championId": 55
      },
      {
        "summonerId": 35432023,
        "teamId": 100,
        "championId": 25
      },
      {
        "summonerId": 32506223,
        "teamId": 200,
        "championId": 21
      },
      {
        "summonerId": 44684063,
        "teamId": 100,
        "championId": 51
      },
      {
        "summonerId": 37329482,
        "teamId": 200,
        "championId": 80
      },
      {
        "summonerId": 22548476,
        "teamId": 100,
        "championId": 254
      },
      {
        "summonerId": 41579872,
        "teamId": 200,
        "championId": 86
      },
      {
        "summonerId": 31394797,
        "teamId": 200,
        "championId": 412
      },
      {
        "summonerId": 37194093,
        "teamId": 100,
        "championId": 92
      }
    ],
    "stats": {
      "level": 18,
      "goldEarned": 17569,
      "numDeaths": 9,
      "minionsKilled": 72,
      "championsKilled": 21,
      "goldSpent": 16590,
      "totalDamageDealt": 82817,
      "totalDamageTaken": 34053,
      "doubleKills": 3,
      "killingSprees": 2,
      "largestKillingSpree": 12,
      "team": 200,
      "win": false,
      "neutralMinionsKilled": 10,
      "largestMultiKill": 2,
      "physicalDamageDealtPlayer": 15501,
      "magicDamageDealtPlayer": 66459,
      "physicalDamageTaken": 22175,
      "magicDamageTaken": 10690,
      "timePlayed": 3275,
      "totalHeal": 6597,
      "totalUnitsHealed": 1,
      "assists": 18,
      "item0": 3255,
      "item1": 3151,
      "item2": 3135,
      "item3": 3089,
      "item4": 3026,
      "item5": 3089,
      "item6": 3340,
      "magicDamageDealtToChampions": 33874,
      "physicalDamageDealtToChampions": 1785,
      "totalDamageDealtToChampions": 36515,
      "trueDamageDealtPlayer": 856,
      "trueDamageDealtToChampions": 856,
      "trueDamageTaken": 1187,
      "wardPlaced": 16,
      "neutralMinionsKilledEnemyJungle": 1,
      "neutralMinionsKilledYourJungle": 9,
      "totalTimeCrowdControlDealt": 119
    }
  },
  "41579872": {
    "gameId": 825976448,
    "invalid": false,
    "gameMode": "CLASSIC",
    "gameType": "MATCHED_GAME",
    "subType": "RANKED_SOLO_5x5",
    "mapId": 1,
    "teamId": 200,
    "championId": 86,
    "spell1": 4,
    "spell2": 14,
    "level": 30,
    "ipEarned": 92,
    "createDate": 1399032683679,
    "fellowPlayers": [
      {
        "summonerId": 35005162,
        "teamId": 200,
        "championId": 7
      },
      {
        "summonerId": 38766188,
        "teamId": 100,
        "championId": 55
      },
      {
        "summonerId": 35432023,
        "teamId": 100,
        "championId": 25
      },
      {
        "summonerId": 32506223,
        "teamId": 200,
        "championId": 21
      },
      {
        "summonerId": 44684063,
        "teamId": 100,
        "championId": 51
      },
      {
        "summonerId": 37329482,
        "teamId": 200,
        "championId": 80
      },
      {
        "summonerId": 22548476,
        "teamId": 100,
        "championId": 254
      },
      {
        "summonerId": 31394797,
        "teamId": 200,
        "championId": 412
      },
      {
        "summonerId": 37194093,
        "teamId": 100,
        "championId": 92
      }
    ],
    "stats": {
      "level": 18,
      "goldEarned": 15153,
      "numDeaths": 5,
      "minionsKilled": 122,
      "championsKilled": 7,
      "goldSpent": 15665,
      "totalDamageDealt": 122419,
      "totalDamageTaken": 54694,
      "killingSprees": 2,
      "largestKillingSpree": 3,
      "team": 200,
      "win": false,
      "neutralMinionsKilled": 8,
      "largestMultiKill": 1,
      "physicalDamageDealtPlayer": 89408,
      "magicDamageDealtPlayer": 32808,
      "physicalDamageTaken": 35500,
      "magicDamageTaken": 17829,
      "timePlayed": 3275,
      "totalHeal": 3923,
      "totalUnitsHealed": 1,
      "assists": 19,
      "item0": 3260,
      "item1": 3068,
      "item2": 3143,
      "item3": 3083,
      "item4": 3026,
      "item5": 3067,
      "item6": 3340,
      "magicDamageDealtToChampions": 8813,
      "physicalDamageDealtToChampions": 12952,
      "totalDamageDealtToChampions": 21968,
      "trueDamageDealtPlayer": 202,
      "trueDamageDealtToChampions": 202,
      "trueDamageTaken": 1364,
      "wardPlaced": 11,
      "neutralMinionsKilledYourJungle": 8,
      "totalTimeCrowdControlDealt": 734
    }
  }
}