{
  "20077366": {
    "gameId": 825984181,
    "invalid": false,
    "gameMode": "CLASSIC",
    "gameType": "MATCHED_GAME",
    "subType": "RANKED_SOLO_5x5",
    "mapId": 1,
    "teamId": 100,
    "championId": 53,
    "spell1": 4,
    "spell2": 3,
    "level": 30,
    "ipEarned": 51,
    "createDate": 1399030448511,
    "fellowPlayers": [
      {
        "summonerId": 32949223,
        "teamId": 200,
        "championId": 134
      },
      {
        "summonerId": 24720713,
        "teamId": 100,
        "championId": 92
      },
      {
        "summonerId": 36684140,
        "teamId": 200,
        "championId": 23
      },
      {
        "summonerId": 33303487,
        "teamId": 200,
        "championId": 34
      },
      {
        "summonerId": 34514587,
        "teamId": 100,
        "championId": 102
      },
      {
        "summonerId": 35675018,
        "teamId": 100,
        "championId": 91
      },
      {
        "summonerId": 28576719,
        "teamId": 200,
        "championId": 42
      },
      {
        "summonerId": 33056154,
        "teamId": 200,
        "championId": 122
      },
      {
        "summonerId": 28036769,
        "teamId": 100,
        "championId": 67
      }
    ],
    "stats": {
      "level": 9,
      "goldEarned": 3869,
      "numDeaths": 4,
      "minionsKilled": 6,
      "championsKilled": 1,
      "goldSpent": 2965,
      "totalDamageDealt": 10680,
      "totalDamageTaken": 11056,
      "team": 100,
      "win": false,
      "largestMultiKill": 1,
      "physicalDamageDealtPlayer": 1511,
      "magicDamageDealtPlayer": 9168,
      "physicalDamageTaken": 4981,
      "magicDamageTaken": 5620,
      "timePlayed": 1216,
      "totalHeal": 500,
      "totalUnitsHealed": 1,
      "assists": 1,
      "item0": 3069,
      "item1": 1001,
      "item6": 3340,
      "sightWardsBought": 4,
      "magicDamageDealtToChampions": 2663,
      "physicalDamageDealtToChampions": 987,
      "totalDamageDealtToChampions": 3651,
      "trueDamageTaken": 454,
      "wardPlaced": 7,
      "totalTimeCrowdControlDealt": 37
    }
  },
  "summonerCount": 10,
  "34514587": {
    "gameId": 825984181,
    "invalid": false,
    "gameMode": "CLASSIC",
    "gameType": "MATCHED_GAME",
    "subType": "RANKED_SOLO_5x5",
    "mapId": 1,
    "teamId": 100,
    "championId": 102,
    "spell1": 11,
    "spell2": 4,
    "level": 30,
    "ipEarned": 51,
    "createDate": 1399030448505,
    "fellowPlayers": [
      {
        "summonerId": 32949223,
        "teamId": 200,
        "championId": 134
      },
      {
        "summonerId": 24720713,
        "teamId": 100,
        "championId": 92
      },
      {
        "summonerId": 36684140,
        "teamId": 200,
        "championId": 23
      },
      {
        "summonerId": 33303487,
        "teamId": 200,
        "championId": 34
      },
      {
        "summonerId": 35675018,
        "teamId": 100,
        "championId": 91
      },
      {
        "summonerId": 28576719,
        "teamId": 200,
        "championId": 42
      },
      {
        "summonerId": 20077366,
        "teamId": 100,
        "championId": 53
      },
      {
        "summonerId": 33056154,
        "teamId": 200,
        "championId": 122
      },
      {
        "summonerId": 28036769,
        "teamId": 100,
        "championId": 67
      }
    ],
    "stats": {
      "level": 10,
      "goldEarned": 4737,
      "numDeaths": 5,
      "minionsKilled": 13,
      "championsKilled": 1,
      "goldSpent": 4680,
      "totalDamageDealt": 57988,
      "totalDamageTaken": 14753,
      "team": 100,
      "win": false,
      "neutralMinionsKilled": 56,
      "largestMultiKill": 1,
      "physicalDamageDealtPlayer": 19071,
      "magicDamageDealtPlayer": 31994,
      "physicalDamageTaken": 9175,
      "magicDamageTaken": 3770,
      "timePlayed": 1216,
      "totalHeal": 1488,
      "totalUnitsHealed": 1,
      "assists": 2,
      "item0": 3154,
      "item1": 2003,
      "item2": 3111,
      "item3": 1011,
      "item6": 3340,
      "sightWardsBought": 1,
      "magicDamageDealtToChampions": 2665,
      "physicalDamageDealtToChampions": 2403,
      "totalDamageDealtToChampions": 5498,
      "trueDamageDealtPlayer": 6922,
      "trueDamageDealtToChampions": 430,
      "trueDamageTaken": 1808,
      "wardKilled": 1,
      "wardPlaced": 2,
      "neutralMinionsKilledEnemyJungle": 4,
      "neutralMinionsKilledYourJungle": 52,
      "totalTimeCrowdControlDealt": 314
    }
  },
  "32949223": {
    "gameId": 825984181,
    "invalid": false,
    "gameMode": "CLASSIC",
    "gameType": "MATCHED_GAME",
    "subType": "RANKED_SOLO_5x5",
    "mapId": 1,
    "teamId": 200,
    "championId": 134,
    "spell1": 4,
    "spell2": 14,
    "level": 30,
    "ipEarned": 76,
    "createDate": 1399030448515,
    "fellowPlayers": [
      {
        "summonerId": 24720713,
        "teamId": 100,
        "championId": 92
      },
      {
        "summonerId": 36684140,
        "teamId": 200,
        "championId": 23
      },
      {
        "summonerId": 33303487,
        "teamId": 200,
        "championId": 34
      },
      {
        "summonerId": 34514587,
        "teamId": 100,
        "championId": 102
      },
      {
        "summonerId": 35675018,
        "teamId": 100,
        "championId": 91
      },
      {
        "summonerId": 28576719,
        "teamId": 200,
        "championId": 42
      },
      {
        "summonerId": 20077366,
        "teamId": 100,
        "championId": 53
      },
      {
        "summonerId": 33056154,
        "teamId": 200,
        "championId": 122
      },
      {
        "summonerId": 28036769,
        "teamId": 100,
        "championId": 67
      }
    ],
    "stats": {
      "level": 13,
      "goldEarned": 9545,
      "numDeaths": 2,
      "barracksKilled": 1,
      "turretsKilled": 2,
      "minionsKilled": 135,
      "championsKilled": 9,
      "goldSpent": 9275,
      "totalDamageDealt": 76279,
      "totalDamageTaken": 6571,
      "killingSprees": 2,
      "largestKillingSpree": 6,
      "team": 200,
      "win": true,
      "neutralMinionsKilled": 1,
      "largestMultiKill": 1,
      "physicalDamageDealtPlayer": 14814,
      "magicDamageDealtPlayer": 60930,
      "physicalDamageTaken": 5661,
      "magicDamageTaken": 555,
      "timePlayed": 1216,
      "totalHeal": 196,
      "totalUnitsHealed": 1,
      "assists": 5,
      "item0": 1056,
      "item1": 3174,
      "item2": 3157,
      "item3": 1058,
      "item4": 3020,
      "item6": 3340,
      "magicDamageDealtToChampions": 13922,
      "physicalDamageDealtToChampions": 1348,
      "totalDamageDealtToChampions": 15804,
      "trueDamageDealtPlayer": 534,
      "trueDamageDealtToChampions": 534,
      "trueDamageTaken": 354,
      "wardKilled": 1,
      "wardPlaced": 2,
      "neutralMinionsKilledYourJungle": 1,
      "totalTimeCrowdControlDealt": 164
    }
  },
  "33056154": {
    "gameId": 825984181,
    "invalid": false,
    "gameMode": "CLASSIC",
    "gameType": "MATCHED_GAME",
    "subType": "RANKED_SOLO_5x5",
    "mapId": 1,
    "teamId": 200,
    "championId": 122,
    "spell1": 14,
    "spell2": 4,
    "level": 30,
    "ipEarned": 76,
    "createDate": 1399030448516,
    "fellowPlayers": [
      {
        "summonerId": 32949223,
        "teamId": 200,
        "championId": 134
      },
      {
        "summonerId": 24720713,
        "teamId": 100,
        "championId": 92
      },
      {
        "summonerId": 36684140,
        "teamId": 200,
        "championId": 23
      },
      {
        "summonerId": 33303487,
        "teamId": 200,
        "championId": 34
      },
      {
        "summonerId": 34514587,
        "teamId": 100,
        "championId": 102
      },
      {
        "summonerId": 35675018,
        "teamId": 100,
        "championId": 91
      },
      {
        "summonerId": 28576719,
        "teamId": 200,
        "championId": 42
      },
      {
        "summonerId": 20077366,
        "teamId": 100,
        "championId": 53
      },
      {
        "summonerId": 28036769,
        "teamId": 100,
        "championId": 67
      }
    ],
    "stats": {
      "level": 15,
      "goldEarned": 10053,
      "numDeaths": 4,
      "barracksKilled": 1,
      "minionsKilled": 154,
      "championsKilled": 9,
      "goldSpent": 9370,
      "totalDamageDealt": 87570,
      "totalDamageTaken": 14311,
      "doubleKills": 1,
      "killingSprees": 2,
      "largestKillingSpree": 5,
      "team": 200,
      "win": true,
      "neutralMinionsKilled": 3,
      "largestMultiKill": 2,
      "physicalDamageDealtPlayer": 66384,
      "magicDamageDealtPlayer": 16291,
      "physicalDamageTaken": 12206,
      "magicDamageTaken": 1307,
      "largestCriticalStrike": 308,
      "timePlayed": 1216,
      "totalHeal": 1414,
      "totalUnitsHealed": 1,
      "assists": 2,
      "item0": 1055,
      "item1": 3074,
      "item2": 3047,
      "item3": 3068,
      "item4": 1011,
      "item5": 1037,
      "item6": 3340,
      "magicDamageDealtToChampions": 3008,
      "physicalDamageDealtToChampions": 9838,
      "totalDamageDealtToChampions": 17284,
      "trueDamageDealtPlayer": 4895,
      "trueDamageDealtToChampions": 4437,
      "trueDamageTaken": 798,
      "wardPlaced": 3,
      "neutralMinionsKilledEnemyJungle": 3,
      "totalTimeCrowdControlDealt": 181
    }
  },
  "33303487": {
    "gameId": 825984181,
    "invalid": false,
    "gameMode": "CLASSIC",
    "gameType": "MATCHED_GAME",
    "subType": "RANKED_SOLO_5x5",
    "mapId": 1,
    "teamId": 200,
    "championId": 34,
    "spell1": 14,
    "spell2": 4,
    "level": 30,
    "ipEarned": 76,
    "createDate": 1399030448517,
    "fellowPlayers": [
      {
        "summonerId": 32949223,
        "teamId": 200,
        "championId": 134
      },
      {
        "summonerId": 24720713,
        "teamId": 100,
        "championId": 92
      },
      {
        "summonerId": 36684140,
        "teamId": 200,
        "championId": 23
      },
      {
        "summonerId": 34514587,
        "teamId": 100,
        "championId": 102
      },
      {
        "summonerId": 35675018,
        "teamId": 100,
        "championId": 91
      },
      {
        "summonerId": 28576719,
        "teamId": 200,
        "championId": 42
      },
      {
        "summonerId": 20077366,
        "teamId": 100,
        "championId": 53
      },
      {
        "summonerId": 33056154,
        "teamId": 200,
        "championId": 122
      },
      {
        "summonerId": 28036769,
        "teamId": 100,
        "championId": 67
      }
    ],
    "stats": {
      "level": 11,
      "goldEarned": 6253,
      "minionsKilled": 12,
      "championsKilled": 3,
      "goldSpent": 3615,
      "totalDamageDealt": 24952,
      "totalDamageTaken": 5771,
      "killingSprees": 1,
      "largestKillingSpree": 3,
      "team": 200,
      "win": true,
      "largestMultiKill": 1,
      "physicalDamageDealtPlayer": 4173,
      "magicDamageDealtPlayer": 20635,
      "physicalDamageTaken": 5086,
      "magicDamageTaken": 633,
      "largestCriticalStrike": 331,
      "timePlayed": 1216,
      "totalHeal": 2340,
      "totalUnitsHealed": 1,
      "assists": 8,
      "item0": 2003,
      "item1": 2049,
      "item3": 2043,
      "item4": 3070,
      "item5": 3010,
      "item6": 3341,
      "sightWardsBought": 3,
      "visionWardsBought": 2,
      "magicDamageDealtToChampions": 7654,
      "physicalDamageDealtToChampions": 1014,
      "totalDamageDealtToChampions": 8813,
      "trueDamageDealtPlayer": 144,
      "trueDamageDealtToChampions": 144,
      "trueDamageTaken": 50,
      "wardKilled": 1,
      "wardPlaced": 12,
      "totalTimeCrowdControlDealt": 997
    }
  },
  "28036769": {
    "gameId": 825984181,
    "invalid": false,
    "gameMode": "CLASSIC",
    "gameType": "MATCHED_GAME",
    "subType": "RANKED_SOLO_5x5",
    "mapId": 1,
    "teamId": 100,
    "championId": 67,
    "spell1": 7,
    "spell2": 4,
    "level": 30,
    "ipEarned": 51,
    "createDate": 1399030448507,
    "fellowPlayers": [
      {
        "summonerId": 32949223,
        "teamId": 200,
        "championId": 134
      },
      {
        "summonerId": 24720713,
        "teamId": 100,
        "championId": 92
      },
      {
        "summonerId": 36684140,
        "teamId": 200,
        "championId": 23
      },
      {
        "summonerId": 33303487,
        "teamId": 200,
        "championId": 34
      },
      {
        "summonerId": 34514587,
        "teamId": 100,
        "championId": 102
      },
      {
        "summonerId": 35675018,
        "teamId": 100,
        "championId": 91
      },
      {
        "summonerId": 28576719,
        "teamId": 200,
        "championId": 42
      },
      {
        "summonerId": 20077366,
        "teamId": 100,
        "championId": 53
      },
      {
        "summonerId": 33056154,
        "teamId": 200,
        "championId": 122
      }
    ],
    "stats": {
      "level": 9,
      "goldEarned": 4803,
      "numDeaths": 5,
      "minionsKilled": 99,
      "championsKilled": 1,
      "goldSpent": 4210,
      "totalDamageDealt": 27750,
      "totalDamageTaken": 10435,
      "team": 100,
      "win": false,
      "largestMultiKill": 1,
      "physicalDamageDealtPlayer": 26795,
      "physicalDamageTaken": 3614,
      "magicDamageTaken": 6661,
      "largestCriticalStrike": 71,
      "timePlayed": 1216,
      "totalHeal": 1292,
      "totalUnitsHealed": 2,
      "item6": 3340,
      "physicalDamageDealtToChampions": 2045,
      "totalDamageDealtToChampions": 2152,
      "trueDamageDealtPlayer": 955,
      "trueDamageDealtToChampions": 106,
      "trueDamageTaken": 159,
      "totalTimeCrowdControlDealt": 13
    }
  },
  "36684140": {
    "gameId": 825984181,
    "invalid": false,
    "gameMode": "CLASSIC",
    "gameType": "MATCHED_GAME",
    "subType": "RANKED_SOLO_5x5",
    "mapId": 1,
    "teamId": 200,
    "championId": 23,
    "spell1": 11,
    "spell2": 4,
    "level": 30,
    "ipEarned": 76,
    "createDate": 1399030448513,
    "fellowPlayers": [
      {
        "summonerId": 32949223,
        "teamId": 200,
        "championId": 134
      },
      {
        "summonerId": 24720713,
        "teamId": 100,
        "championId": 92
      },
      {
        "summonerId": 33303487,
        "teamId": 200,
        "championId": 34
      },
      {
        "summonerId": 34514587,
        "teamId": 100,
        "championId": 102
      },
      {
        "summonerId": 35675018,
        "teamId": 100,
        "championId": 91
      },
      {
        "summonerId": 28576719,
        "teamId": 200,
        "championId": 42
      },
      {
        "summonerId": 20077366,
        "teamId": 100,
        "championId": 53
      },
      {
        "summonerId": 33056154,
        "teamId": 200,
        "championId": 122
      },
      {
        "summonerId": 28036769,
        "teamId": 100,
        "championId": 67
      }
    ],
    "stats": {
      "level": 12,
      "goldEarned": 8110,
      "numDeaths": 3,
      "turretsKilled": 2,
      "minionsKilled": 28,
      "championsKilled": 3,
      "goldSpent": 7540,
      "totalDamageDealt": 103851,
      "totalDamageTaken": 18128,
      "killingSprees": 1,
      "largestKillingSpree": 2,
      "team": 200,
      "win": true,
      "neutralMinionsKilled": 70,
      "largestMultiKill": 1,
      "physicalDamageDealtPlayer": 76240,
      "magicDamageDealtPlayer": 17656,
      "physicalDamageTaken": 16227,
      "magicDamageTaken": 1151,
      "largestCriticalStrike": 355,
      "timePlayed": 1216,
      "totalHeal": 6794,
      "totalUnitsHealed": 1,
      "assists": 7,
      "item0": 3093,
      "item1": 3153,
      "item2": 3154,
      "item3": 3006,
      "item6": 3340,
      "sightWardsBought": 2,
      "visionWardsBought": 3,
      "physicalDamageDealtToChampions": 5006,
      "totalDamageDealtToChampions": 5246,
      "trueDamageDealtPlayer": 9954,
      "trueDamageDealtToChampions": 240,
      "trueDamageTaken": 750,
      "wardPlaced": 10,
      "neutralMinionsKilledEnemyJungle": 9,
      "neutralMinionsKilledYourJungle": 61,
      "totalTimeCrowdControlDealt": 436
    }
  },
  "24720713": {
    "gameId": 825984181,
    "invalid": false,
    "gameMode": "CLASSIC",
    "gameType": "MATCHED_GAME",
    "subType": "RANKED_SOLO_5x5",
    "mapId": 1,
    "teamId": 100,
    "championId": 92,
    "spell1": 4,
    "spell2": 14,
    "level": 30,
    "ipEarned": 51,
    "createDate": 1399030448509,
    "fellowPlayers": [
      {
        "summonerId": 32949223,
        "teamId": 200,
        "championId": 134
      },
      {
        "summonerId": 36684140,
        "teamId": 200,
        "championId": 23
      },
      {
        "summonerId": 33303487,
        "teamId": 200,
        "championId": 34
      },
      {
        "summonerId": 34514587,
        "teamId": 100,
        "championId": 102
      },
      {
        "summonerId": 35675018,
        "teamId": 100,
        "championId": 91
      },
      {
        "summonerId": 28576719,
        "teamId": 200,
        "championId": 42
      },
      {
        "summonerId": 20077366,
        "teamId": 100,
        "championId": 53
      },
      {
        "summonerId": 33056154,
        "teamId": 200,
        "championId": 122
      },
      {
        "summonerId": 28036769,
        "teamId": 100,
        "championId": 67
      }
    ],
    "stats": {
      "level": 12,
      "goldEarned": 5692,
      "numDeaths": 6,
      "minionsKilled": 110,
      "championsKilled": 3,
      "goldSpent": 5390,
      "totalDamageDealt": 46855,
      "totalDamageTaken": 14469,
      "killingSprees": 1,
      "largestKillingSpree": 2,
      "team": 100,
      "win": false,
      "neutralMinionsKilled": 3,
      "largestMultiKill": 1,
      "physicalDamageDealtPlayer": 46173,
      "physicalDamageTaken": 8640,
      "magicDamageTaken": 3499,
      "timePlayed": 1216,
      "totalHeal": 576,
      "totalUnitsHealed": 1,
      "assists": 1,
      "item0": 3074,
      "item1": 3275,
      "item2": 1055,
      "item6": 3340,
      "physicalDamageDealtToChampions": 5614,
      "totalDamageDealtToChampions": 6296,
      "trueDamageDealtPlayer": 682,
      "trueDamageDealtToChampions": 682,
      "trueDamageTaken": 2328,
      "wardPlaced": 3,
      "neutralMinionsKilledYourJungle": 3,
      "totalTimeCrowdControlDealt": 46
    }
  },
  "35675018": {
    "gameId": 825984181,
    "invalid": false,
    "gameMode": "CLASSIC",
    "gameType": "MATCHED_GAME",
    "subType": "RANKED_SOLO_5x5",
    "mapId": 1,
    "teamId": 100,
    "championId": 91,
    "spell1": 4,
    "spell2": 14,
    "level": 30,
    "ipEarned": 51,
    "createDate": 1399030448512,
    "fellowPlayers": [
      {
        "summonerId": 32949223,
        "teamId": 200,
        "championId": 134
      },
      {
        "summonerId": 24720713,
        "teamId": 100,
        "championId": 92
      },
      {
        "summonerId": 36684140,
        "teamId": 200,
        "championId": 23
      },
      {
        "summonerId": 33303487,
        "teamId": 200,
        "championId": 34
      },
      {
        "summonerId": 34514587,
        "teamId": 100,
        "championId": 102
      },
      {
        "summonerId": 28576719,
        "teamId": 200,
        "championId": 42
      },
      {
        "summonerId": 20077366,
        "teamId": 100,
        "championId": 53
      },
      {
        "summonerId": 33056154,
        "teamId": 200,
        "championId": 122
      },
      {
        "summonerId": 28036769,
        "teamId": 100,
        "championId": 67
      }
    ],
    "stats": {
      "level": 11,
      "goldEarned": 5621,
      "numDeaths": 11,
      "minionsKilled": 47,
      "championsKilled": 4,
      "goldSpent": 5220,
      "totalDamageDealt": 32538,
      "totalDamageTaken": 17152,
      "killingSprees": 1,
      "largestKillingSpree": 2,
      "team": 100,
      "win": false,
      "largestMultiKill": 1,
      "physicalDamageDealtPlayer": 32118,
      "physicalDamageTaken": 5700,
      "magicDamageTaken": 10251,
      "timePlayed": 1216,
      "totalHeal": 238,
      "totalUnitsHealed": 1,
      "assists": 3,
      "item0": 1055,
      "item1": 1053,
      "item2": 3071,
      "item3": 1029,
      "item4": 1001,
      "item6": 3340,
      "sightWardsBought": 1,
      "physicalDamageDealtToChampions": 7087,
      "totalDamageDealtToChampions": 7507,
      "trueDamageDealtPlayer": 420,
      "trueDamageDealtToChampions": 420,
      "trueDamageTaken": 1200,
      "wardKilled": 1,
      "wardPlaced": 2,
      "totalTimeCrowdControlDealt": 461
    }
  },
  "28576719": {
    "gameId": 825984181,
    "invalid": false,
    "gameMode": "CLASSIC",
    "gameType": "MATCHED_GAME",
    "subType": "RANKED_SOLO_5x5",
    "mapId": 1,
    "teamId": 200,
    "championId": 42,
    "spell1": 4,
    "spell2": 7,
    "level": 30,
    "ipEarned": 76,
    "createDate": 1399030448518,
    "fellowPlayers": [
      {
        "summonerId": 32949223,
        "teamId": 200,
        "championId": 134
      },
      {
        "summonerId": 24720713,
        "teamId": 100,
        "championId": 92
      },
      {
        "summonerId": 36684140,
        "teamId": 200,
        "championId": 23
      },
      {
        "summonerId": 33303487,
        "teamId": 200,
        "championId": 34
      },
      {
        "summonerId": 34514587,
        "teamId": 100,
        "championId": 102
      },
      {
        "summonerId": 35675018,
        "teamId": 100,
        "championId": 91
      },
      {
        "summonerId": 20077366,
        "teamId": 100,
        "championId": 53
      },
      {
        "summonerId": 33056154,
        "teamId": 200,
        "championId": 122
      },
      {
        "summonerId": 28036769,
        "teamId": 100,
        "championId": 67
      }
    ],
    "stats": {
      "level": 11,
      "goldEarned": 8765,
      "numDeaths": 2,
      "turretsKilled": 1,
      "minionsKilled": 131,
      "championsKilled": 7,
      "goldSpent": 8513,
      "totalDamageDealt": 58680,
      "totalDamageTaken": 7995,
      "doubleKills": 2,
      "killingSprees": 2,
      "largestKillingSpree": 4,
      "team": 200,
      "win": true,
      "largestMultiKill": 2,
      "physicalDamageDealtPlayer": 37119,
      "magicDamageDealtPlayer": 18581,
      "physicalDamageTaken": 6314,
      "magicDamageTaken": 1681,
      "largestCriticalStrike": 387,
      "timePlayed": 1216,
      "totalHeal": 1445,
      "totalUnitsHealed": 3,
      "assists": 1,
      "item0": 1055,
      "item1": 3078,
      "item2": 3072,
      "item3": 3020,
      "item6": 3340,
      "magicDamageDealtToChampions": 5217,
      "physicalDamageDealtToChampions": 5045,
      "totalDamageDealtToChampions": 10860,
      "trueDamageDealtPlayer": 2979,
      "trueDamageDealtToChampions": 597,
      "totalTimeCrowdControlDealt": 27
    }
  }
}