{
  "23077201": {
    "gameId": 825976005,
    "invalid": false,
    "gameMode": "CLASSIC",
    "gameType": "MATCHED_GAME",
    "subType": "NORMAL",
    "mapId": 1,
    "teamId": 100,
    "championId": 38,
    "spell1": 12,
    "spell2": 4,
    "level": 30,
    "ipEarned": 230,
    "createDate": 1399030992491,
    "fellowPlayers": [
      {
        "summonerId": 19003919,
        "teamId": 100,
        "championId": 51
      },
      {
        "summonerId": 19795540,
        "teamId": 100,
        "championId": 267
      },
      {
        "summonerId": 36055167,
        "teamId": 200,
        "championId": 238
      },
      {
        "summonerId": 31195638,
        "teamId": 200,
        "championId": 1
      },
      {
        "summonerId": 31263796,
        "teamId": 200,
        "championId": 64
      },
      {
        "summonerId": 19063754,
        "teamId": 100,
        "championId": 102
      },
      {
        "summonerId": 30947343,
        "teamId": 200,
        "championId": 67
      },
      {
        "summonerId": 27606140,
        "teamId": 200,
        "championId": 266
      },
      {
        "summonerId": 24737519,
        "teamId": 100,
        "championId": 157
      }
    ],
    "stats": {
      "level": 16,
      "goldEarned": 11270,
      "numDeaths": 1,
      "turretsKilled": 3,
      "minionsKilled": 169,
      "championsKilled": 8,
      "goldSpent": 11185,
      "totalDamageDealt": 90310,
      "totalDamageTaken": 14507,
      "killingSprees": 1,
      "largestKillingSpree": 7,
      "team": 100,
      "win": true,
      "neutralMinionsKilled": 3,
      "largestMultiKill": 1,
      "physicalDamageDealtPlayer": 29405,
      "magicDamageDealtPlayer": 60414,
      "physicalDamageTaken": 12345,
      "magicDamageTaken": 1849,
      "timePlayed": 1675,
      "totalHeal": 1234,
      "totalUnitsHealed": 1,
      "assists": 1,
      "item0": 3255,
      "item1": 1058,
      "item2": 3100,
      "item3": 3110,
      "item4": 3108,
      "item6": 3340,
      "magicDamageDealtToChampions": 16650,
      "physicalDamageDealtToChampions": 3751,
      "totalDamageDealtToChampions": 20684,
      "trueDamageDealtPlayer": 490,
      "trueDamageDealtToChampions": 282,
      "trueDamageTaken": 312,
      "wardKilled": 1,
      "wardPlaced": 3,
      "neutralMinionsKilledYourJungle": 3,
      "totalTimeCrowdControlDealt": 1149
    }
  },
  "summonerCount": 10,
  "19063754": {
    "gameId": 825976005,
    "invalid": false,
    "gameMode": "CLASSIC",
    "gameType": "MATCHED_GAME",
    "subType": "NORMAL",
    "mapId": 1,
    "teamId": 100,
    "championId": 102,
    "spell1": 11,
    "spell2": 3,
    "level": 30,
    "ipEarned": 80,
    "createDate": 1399030992490,
    "fellowPlayers": [
      {
        "summonerId": 19003919,
        "teamId": 100,
        "championId": 51
      },
      {
        "summonerId": 19795540,
        "teamId": 100,
        "championId": 267
      },
      {
        "summonerId": 36055167,
        "teamId": 200,
        "championId": 238
      },
      {
        "summonerId": 31195638,
        "teamId": 200,
        "championId": 1
      },
      {
        "summonerId": 31263796,
        "teamId": 200,
        "championId": 64
      },
      {
        "summonerId": 30947343,
        "teamId": 200,
        "championId": 67
      },
      {
        "summonerId": 27606140,
        "teamId": 200,
        "championId": 266
      },
      {
        "summonerId": 23077201,
        "teamId": 100,
        "championId": 38
      },
      {
        "summonerId": 24737519,
        "teamId": 100,
        "championId": 157
      }
    ],
    "stats": {
      "level": 16,
      "goldEarned": 10387,
      "numDeaths": 5,
      "turretsKilled": 1,
      "minionsKilled": 39,
      "championsKilled": 4,
      "goldSpent": 8625,
      "totalDamageDealt": 139891,
      "totalDamageTaken": 20529,
      "doubleKills": 1,
      "killingSprees": 1,
      "largestKillingSpree": 2,
      "team": 100,
      "win": true,
      "neutralMinionsKilled": 80,
      "largestMultiKill": 2,
      "physicalDamageDealtPlayer": 40300,
      "magicDamageDealtPlayer": 85945,
      "physicalDamageTaken": 16208,
      "magicDamageTaken": 2439,
      "timePlayed": 1675,
      "totalHeal": 3365,
      "totalUnitsHealed": 1,
      "assists": 9,
      "item0": 3143,
      "item1": 3160,
      "item2": 3068,
      "item3": 3047,
      "item6": 3341,
      "magicDamageDealtToChampions": 6609,
      "physicalDamageDealtToChampions": 4218,
      "totalDamageDealtToChampions": 11341,
      "trueDamageDealtPlayer": 13646,
      "trueDamageDealtToChampions": 514,
      "trueDamageTaken": 1881,
      "wardKilled": 1,
      "wardPlaced": 9,
      "neutralMinionsKilledEnemyJungle": 10,
      "neutralMinionsKilledYourJungle": 70,
      "totalTimeCrowdControlDealt": 394
    }
  },
  "27606140": {
    "gameId": 825976005,
    "invalid": false,
    "gameMode": "CLASSIC",
    "gameType": "MATCHED_GAME",
    "subType": "NORMAL",
    "mapId": 1,
    "teamId": 200,
    "championId": 266,
    "spell1": 12,
    "spell2": 4,
    "level": 30,
    "ipEarned": 54,
    "createDate": 1399030992499,
    "fellowPlayers": [
      {
        "summonerId": 19003919,
        "teamId": 100,
        "championId": 51
      },
      {
        "summonerId": 19795540,
        "teamId": 100,
        "championId": 267
      },
      {
        "summonerId": 36055167,
        "teamId": 200,
        "championId": 238
      },
      {
        "summonerId": 31195638,
        "teamId": 200,
        "championId": 1
      },
      {
        "summonerId": 31263796,
        "teamId": 200,
        "championId": 64
      },
      {
        "summonerId": 19063754,
        "teamId": 100,
        "championId": 102
      },
      {
        "summonerId": 30947343,
        "teamId": 200,
        "championId": 67
      },
      {
        "summonerId": 23077201,
        "teamId": 100,
        "championId": 38
      },
      {
        "summonerId": 24737519,
        "teamId": 100,
        "championId": 157
      }
    ],
    "stats": {
      "level": 15,
      "goldEarned": 8880,
      "numDeaths": 5,
      "turretsKilled": 3,
      "minionsKilled": 166,
      "championsKilled": 3,
      "goldSpent": 8725,
      "totalDamageDealt": 105340,
      "totalDamageTaken": 27968,
      "doubleKills": 1,
      "killingSprees": 1,
      "largestKillingSpree": 2,
      "team": 200,
      "win": false,
      "neutralMinionsKilled": 9,
      "largestMultiKill": 2,
      "physicalDamageDealtPlayer": 77244,
      "magicDamageDealtPlayer": 28096,
      "physicalDamageTaken": 16554,
      "magicDamageTaken": 11232,
      "timePlayed": 1675,
      "totalHeal": 15196,
      "totalUnitsHealed": 1,
      "assists": 1,
      "item0": 3153,
      "item1": 3047,
      "item2": 1055,
      "item3": 3155,
      "item4": 1031,
      "item5": 3211,
      "item6": 3340,
      "magicDamageDealtToChampions": 2593,
      "physicalDamageDealtToChampions": 6726,
      "totalDamageDealtToChampions": 9320,
      "trueDamageTaken": 182,
      "wardPlaced": 4,
      "neutralMinionsKilledEnemyJungle": 1,
      "neutralMinionsKilledYourJungle": 8,
      "totalTimeCrowdControlDealt": 434
    }
  },
  "30947343": {
    "gameId": 825976005,
    "invalid": false,
    "gameMode": "CLASSIC",
    "gameType": "MATCHED_GAME",
    "subType": "NORMAL",
    "mapId": 1,
    "teamId": 200,
    "championId": 67,
    "spell1": 4,
    "spell2": 7,
    "level": 30,
    "ipEarned": 54,
    "createDate": 1399030992498,
    "fellowPlayers": [
      {
        "summonerId": 19003919,
        "teamId": 100,
        "championId": 51
      },
      {
        "summonerId": 19795540,
        "teamId": 100,
        "championId": 267
      },
      {
        "summonerId": 36055167,
        "teamId": 200,
        "championId": 238
      },
      {
        "summonerId": 31195638,
        "teamId": 200,
        "championId": 1
      },
      {
        "summonerId": 31263796,
        "teamId": 200,
        "championId": 64
      },
      {
        "summonerId": 19063754,
        "teamId": 100,
        "championId": 102
      },
      {
        "summonerId": 27606140,
        "teamId": 200,
        "championId": 266
      },
      {
        "summonerId": 23077201,
        "teamId": 100,
        "championId": 38
      },
      {
        "summonerId": 24737519,
        "teamId": 100,
        "championId": 157
      }
    ],
    "stats": {
      "level": 14,
      "goldEarned": 9368,
      "numDeaths": 5,
      "minionsKilled": 160,
      "championsKilled": 4,
      "goldSpent": 8400,
      "totalDamageDealt": 80204,
      "totalDamageTaken": 19432,
      "killingSprees": 1,
      "largestKillingSpree": 2,
      "team": 200,
      "win": false,
      "neutralMinionsKilled": 6,
      "largestMultiKill": 1,
      "physicalDamageDealtPlayer": 72290,
      "physicalDamageTaken": 14026,
      "magicDamageTaken": 5290,
      "largestCriticalStrike": 380,
      "timePlayed": 1675,
      "totalHeal": 4474,
      "totalUnitsHealed": 2,
      "assists": 6,
      "item0": 3153,
      "item1": 3006,
      "item3": 3046,
      "item4": 1055,
      "item5": 1055,
      "item6": 3340,
      "sightWardsBought": 1,
      "physicalDamageDealtToChampions": 8028,
      "totalDamageDealtToChampions": 10106,
      "trueDamageDealtPlayer": 7914,
      "trueDamageDealtToChampions": 2078,
      "trueDamageTaken": 116,
      "wardPlaced": 3,
      "neutralMinionsKilledEnemyJungle": 1,
      "neutralMinionsKilledYourJungle": 5,
      "totalTimeCrowdControlDealt": 89
    }
  },
  "19003919": {
    "gameId": 825976005,
    "invalid": false,
    "gameMode": "CLASSIC",
    "gameType": "MATCHED_GAME",
    "subType": "NORMAL",
    "mapId": 1,
    "teamId": 100,
    "championId": 51,
    "spell1": 7,
    "spell2": 4,
    "level": 30,
    "ipEarned": 80,
    "createDate": 1399030992493,
    "fellowPlayers": [
      {
        "summonerId": 19795540,
        "teamId": 100,
        "championId": 267
      },
      {
        "summonerId": 36055167,
        "teamId": 200,
        "championId": 238
      },
      {
        "summonerId": 31195638,
        "teamId": 200,
        "championId": 1
      },
      {
        "summonerId": 31263796,
        "teamId": 200,
        "championId": 64
      },
      {
        "summonerId": 19063754,
        "teamId": 100,
        "championId": 102
      },
      {
        "summonerId": 30947343,
        "teamId": 200,
        "championId": 67
      },
      {
        "summonerId": 27606140,
        "teamId": 200,
        "championId": 266
      },
      {
        "summonerId": 23077201,
        "teamId": 100,
        "championId": 38
      },
      {
        "summonerId": 24737519,
        "teamId": 100,
        "championId": 157
      }
    ],
    "stats": {
      "level": 15,
      "goldEarned": 12044,
      "numDeaths": 6,
      "turretsKilled": 1,
      "minionsKilled": 172,
      "championsKilled": 8,
      "goldSpent": 10320,
      "totalDamageDealt": 127683,
      "totalDamageTaken": 19171,
      "doubleKills": 1,
      "killingSprees": 3,
      "largestKillingSpree": 3,
      "team": 100,
      "win": true,
      "neutralMinionsKilled": 10,
      "largestMultiKill": 2,
      "physicalDamageDealtPlayer": 117738,
      "magicDamageDealtPlayer": 9353,
      "physicalDamageTaken": 13405,
      "magicDamageTaken": 4460,
      "largestCriticalStrike": 1057,
      "timePlayed": 1675,
      "totalHeal": 1513,
      "totalUnitsHealed": 3,
      "assists": 8,
      "item0": 1055,
      "item1": 3072,
      "item2": 3006,
      "item3": 3087,
      "item4": 3035,
      "item5": 1037,
      "item6": 3340,
      "magicDamageDealtToChampions": 2981,
      "physicalDamageDealtToChampions": 17475,
      "totalDamageDealtToChampions": 20670,
      "trueDamageDealtPlayer": 592,
      "trueDamageDealtToChampions": 214,
      "trueDamageTaken": 1305,
      "wardKilled": 1,
      "wardPlaced": 3,
      "neutralMinionsKilledEnemyJungle": 3,
      "neutralMinionsKilledYourJungle": 7,
      "totalTimeCrowdControlDealt": 172
    }
  },
  "31263796": {
    "gameId": 825976005,
    "invalid": false,
    "gameMode": "CLASSIC",
    "gameType": "MATCHED_GAME",
    "subType": "NORMAL",
    "mapId": 1,
    "teamId": 200,
    "championId": 64,
    "spell1": 4,
    "spell2": 11,
    "level": 30,
    "ipEarned": 54,
    "createDate": 1399030992495,
    "fellowPlayers": [
      {
        "summonerId": 19003919,
        "teamId": 100,
        "championId": 51
      },
      {
        "summonerId": 19795540,
        "teamId": 100,
        "championId": 267
      },
      {
        "summonerId": 36055167,
        "teamId": 200,
        "championId": 238
      },
      {
        "summonerId": 31195638,
        "teamId": 200,
        "championId": 1
      },
      {
        "summonerId": 19063754,
        "teamId": 100,
        "championId": 102
      },
      {
        "summonerId": 30947343,
        "teamId": 200,
        "championId": 67
      },
      {
        "summonerId": 27606140,
        "teamId": 200,
        "championId": 266
      },
      {
        "summonerId": 23077201,
        "teamId": 100,
        "championId": 38
      },
      {
        "summonerId": 24737519,
        "teamId": 100,
        "championId": 157
      }
    ],
    "stats": {
      "level": 15,
      "goldEarned": 11246,
      "numDeaths": 5,
      "turretsKilled": 1,
      "minionsKilled": 43,
      "championsKilled": 14,
      "goldSpent": 10380,
      "totalDamageDealt": 98967,
      "totalDamageTaken": 28498,
      "doubleKills": 2,
      "tripleKills": 1,
      "killingSprees": 3,
      "largestKillingSpree": 7,
      "team": 200,
      "win": false,
      "neutralMinionsKilled": 61,
      "largestMultiKill": 3,
      "physicalDamageDealtPlayer": 69455,
      "magicDamageDealtPlayer": 15241,
      "physicalDamageTaken": 19280,
      "magicDamageTaken": 8738,
      "timePlayed": 1675,
      "totalHeal": 2206,
      "totalUnitsHealed": 1,
      "assists": 7,
      "item0": 3260,
      "item1": 2049,
      "item2": 3143,
      "item3": 3065,
      "item4": 3209,
      "item6": 3340,
      "sightWardsBought": 1,
      "magicDamageDealtToChampions": 1694,
      "physicalDamageDealtToChampions": 13307,
      "totalDamageDealtToChampions": 16487,
      "trueDamageDealtPlayer": 14269,
      "trueDamageDealtToChampions": 1485,
      "trueDamageTaken": 480,
      "wardPlaced": 19,
      "neutralMinionsKilledEnemyJungle": 1,
      "neutralMinionsKilledYourJungle": 60,
      "totalTimeCrowdControlDealt": 1274
    }
  },
  "31195638": {
    "gameId": 825976005,
    "invalid": false,
    "gameMode": "CLASSIC",
    "gameType": "MATCHED_GAME",
    "subType": "NORMAL",
    "mapId": 1,
    "teamId": 200,
    "championId": 1,
    "spell1": 14,
    "spell2": 4,
    "level": 30,
    "ipEarned": 54,
    "createDate": 1399030992497,
    "fellowPlayers": [
      {
        "summonerId": 19003919,
        "teamId": 100,
        "championId": 51
      },
      {
        "summonerId": 19795540,
        "teamId": 100,
        "championId": 267
      },
      {
        "summonerId": 36055167,
        "teamId": 200,
        "championId": 238
      },
      {
        "summonerId": 31263796,
        "teamId": 200,
        "championId": 64
      },
      {
        "summonerId": 19063754,
        "teamId": 100,
        "championId": 102
      },
      {
        "summonerId": 30947343,
        "teamId": 200,
        "championId": 67
      },
      {
        "summonerId": 27606140,
        "teamId": 200,
        "championId": 266
      },
      {
        "summonerId": 23077201,
        "teamId": 100,
        "championId": 38
      },
      {
        "summonerId": 24737519,
        "teamId": 100,
        "championId": 157
      }
    ],
    "stats": {
      "level": 12,
      "goldEarned": 6418,
      "numDeaths": 5,
      "minionsKilled": 18,
      "championsKilled": 1,
      "goldSpent": 6150,
      "totalDamageDealt": 26475,
      "totalDamageTaken": 14643,
      "team": 200,
      "win": false,
      "neutralMinionsKilled": 1,
      "largestMultiKill": 1,
      "physicalDamageDealtPlayer": 3126,
      "magicDamageDealtPlayer": 22580,
      "physicalDamageTaken": 8315,
      "magicDamageTaken": 6246,
      "timePlayed": 1675,
      "totalHeal": 54,
      "totalUnitsHealed": 1,
      "assists": 11,
      "item0": 2049,
      "item1": 1028,
      "item2": 3027,
      "item3": 1056,
      "item5": 3020,
      "item6": 3340,
      "sightWardsBought": 4,
      "magicDamageDealtToChampions": 10244,
      "physicalDamageDealtToChampions": 848,
      "totalDamageDealtToChampions": 11860,
      "trueDamageDealtPlayer": 768,
      "trueDamageDealtToChampions": 768,
      "trueDamageTaken": 82,
      "wardPlaced": 22,
      "neutralMinionsKilledEnemyJungle": 1,
      "totalTimeCrowdControlDealt": 53
    }
  },
  "24737519": {
    "gameId": 825976005,
    "invalid": false,
    "gameMode": "CLASSIC",
    "gameType": "MATCHED_GAME",
    "subType": "NORMAL",
    "mapId": 1,
    "teamId": 100,
    "championId": 157,
    "spell1": 4,
    "spell2": 7,
    "level": 30,
    "ipEarned": 80,
    "createDate": 1399030992487,
    "fellowPlayers": [
      {
        "summonerId": 19003919,
        "teamId": 100,
        "championId": 51
      },
      {
        "summonerId": 19795540,
        "teamId": 100,
        "championId": 267
      },
      {
        "summonerId": 36055167,
        "teamId": 200,
        "championId": 238
      },
      {
        "summonerId": 31195638,
        "teamId": 200,
        "championId": 1
      },
      {
        "summonerId": 31263796,
        "teamId": 200,
        "championId": 64
      },
      {
        "summonerId": 19063754,
        "teamId": 100,
        "championId": 102
      },
      {
        "summonerId": 30947343,
        "teamId": 200,
        "championId": 67
      },
      {
        "summonerId": 27606140,
        "teamId": 200,
        "championId": 266
      },
      {
        "summonerId": 23077201,
        "teamId": 100,
        "championId": 38
      }
    ],
    "stats": {
      "level": 16,
      "goldEarned": 12465,
      "numDeaths": 5,
      "barracksKilled": 1,
      "turretsKilled": 2,
      "minionsKilled": 187,
      "championsKilled": 8,
      "goldSpent": 10245,
      "totalDamageDealt": 139907,
      "totalDamageTaken": 20822,
      "doubleKills": 1,
      "killingSprees": 3,
      "largestKillingSpree": 3,
      "team": 100,
      "win": true,
      "neutralMinionsKilled": 9,
      "largestMultiKill": 2,
      "physicalDamageDealtPlayer": 107008,
      "magicDamageDealtPlayer": 32590,
      "physicalDamageTaken": 15828,
      "magicDamageTaken": 3509,
      "largestCriticalStrike": 613,
      "timePlayed": 1675,
      "totalHeal": 1715,
      "totalUnitsHealed": 1,
      "assists": 9,
      "item0": 3031,
      "item1": 3144,
      "item2": 3265,
      "item4": 1055,
      "item5": 3087,
      "item6": 3340,
      "sightWardsBought": 2,
      "magicDamageDealtToChampions": 5388,
      "physicalDamageDealtToChampions": 16982,
      "totalDamageDealtToChampions": 22371,
      "trueDamageDealtPlayer": 308,
      "trueDamageTaken": 1483,
      "wardKilled": 1,
      "wardPlaced": 15,
      "neutralMinionsKilledEnemyJungle": 1,
      "neutralMinionsKilledYourJungle": 8,
      "totalTimeCrowdControlDealt": 179
    }
  },
  "23077201": {
    "gameId": 825976005,
    "invalid": false,
    "gameMode": "CLASSIC",
    "gameType": "MATCHED_GAME",
    "subType": "NORMAL",
    "mapId": 1,
    "teamId": 100,
    "championId": 38,
    "spell1": 12,
    "spell2": 4,
    "level": 30,
    "ipEarned": 230,
    "createDate": 1399030992491,
    "fellowPlayers": [
      {
        "summonerId": 19003919,
        "teamId": 100,
        "championId": 51
      },
      {
        "summonerId": 19795540,
        "teamId": 100,
        "championId": 267
      },
      {
        "summonerId": 36055167,
        "teamId": 200,
        "championId": 238
      },
      {
        "summonerId": 31195638,
        "teamId": 200,
        "championId": 1
      },
      {
        "summonerId": 31263796,
        "teamId": 200,
        "championId": 64
      },
      {
        "summonerId": 19063754,
        "teamId": 100,
        "championId": 102
      },
      {
        "summonerId": 30947343,
        "teamId": 200,
        "championId": 67
      },
      {
        "summonerId": 27606140,
        "teamId": 200,
        "championId": 266
      },
      {
        "summonerId": 24737519,
        "teamId": 100,
        "championId": 157
      }
    ],
    "stats": {
      "level": 16,
      "goldEarned": 11270,
      "numDeaths": 1,
      "turretsKilled": 3,
      "minionsKilled": 169,
      "championsKilled": 8,
      "goldSpent": 11185,
      "totalDamageDealt": 90310,
      "totalDamageTaken": 14507,
      "killingSprees": 1,
      "largestKillingSpree": 7,
      "team": 100,
      "win": true,
      "neutralMinionsKilled": 3,
      "largestMultiKill": 1,
      "physicalDamageDealtPlayer": 29405,
      "magicDamageDealtPlayer": 60414,
      "physicalDamageTaken": 12345,
      "magicDamageTaken": 1849,
      "timePlayed": 1675,
      "totalHeal": 1234,
      "totalUnitsHealed": 1,
      "assists": 1,
      "item0": 3255,
      "item1": 1058,
      "item2": 3100,
      "item3": 3110,
      "item4": 3108,
      "item6": 3340,
      "magicDamageDealtToChampions": 16650,
      "physicalDamageDealtToChampions": 3751,
      "totalDamageDealtToChampions": 20684,
      "trueDamageDealtPlayer": 490,
      "trueDamageDealtToChampions": 282,
      "trueDamageTaken": 312,
      "wardKilled": 1,
      "wardPlaced": 3,
      "neutralMinionsKilledYourJungle": 3,
      "totalTimeCrowdControlDealt": 1149
    }
  },
  "36055167": {
    "gameId": 825976005,
    "invalid": false,
    "gameMode": "CLASSIC",
    "gameType": "MATCHED_GAME",
    "subType": "NORMAL",
    "mapId": 1,
    "teamId": 200,
    "championId": 238,
    "spell1": 4,
    "spell2": 14,
    "level": 30,
    "ipEarned": 54,
    "createDate": 1399030992494,
    "fellowPlayers": [
      {
        "summonerId": 19003919,
        "teamId": 100,
        "championId": 51
      },
      {
        "summonerId": 19795540,
        "teamId": 100,
        "championId": 267
      },
      {
        "summonerId": 31195638,
        "teamId": 200,
        "championId": 1
      },
      {
        "summonerId": 31263796,
        "teamId": 200,
        "championId": 64
      },
      {
        "summonerId": 19063754,
        "teamId": 100,
        "championId": 102
      },
      {
        "summonerId": 30947343,
        "teamId": 200,
        "championId": 67
      },
      {
        "summonerId": 27606140,
        "teamId": 200,
        "championId": 266
      },
      {
        "summonerId": 23077201,
        "teamId": 100,
        "championId": 38
      },
      {
        "summonerId": 24737519,
        "teamId": 100,
        "championId": 157
      }
    ],
    "stats": {
      "level": 15,
      "goldEarned": 8540,
      "numDeaths": 8,
      "minionsKilled": 135,
      "championsKilled": 2,
      "goldSpent": 7642,
      "totalDamageDealt": 101094,
      "totalDamageTaken": 20839,
      "team": 200,
      "win": false,
      "neutralMinionsKilled": 13,
      "largestMultiKill": 1,
      "physicalDamageDealtPlayer": 96176,
      "magicDamageDealtPlayer": 3866,
      "physicalDamageTaken": 14664,
      "magicDamageTaken": 6024,
      "timePlayed": 1675,
      "totalHeal": 628,
      "totalUnitsHealed": 1,
      "assists": 5,
      "item0": 1055,
      "item1": 3134,
      "item2": 3072,
      "item3": 1037,
      "item4": 3117,
      "item5": 1036,
      "item6": 3340,
      "magicDamageDealtToChampions": 502,
      "physicalDamageDealtToChampions": 13112,
      "totalDamageDealtToChampions": 14667,
      "trueDamageDealtPlayer": 1052,
      "trueDamageDealtToChampions": 1052,
      "trueDamageTaken": 150,
      "wardPlaced": 23,
      "neutralMinionsKilledYourJungle": 13,
      "totalTimeCrowdControlDealt": 147
    }
  }
}