{
  "43463800": {
    "gameId": 825976428,
    "invalid": false,
    "gameMode": "CLASSIC",
    "gameType": "MATCHED_GAME",
    "subType": "RANKED_SOLO_5x5",
    "mapId": 1,
    "teamId": 100,
    "championId": 236,
    "spell1": 4,
    "spell2": 7,
    "level": 30,
    "ipEarned": 55,
    "createDate": 1399031127742,
    "fellowPlayers": [
      {
        "summonerId": 29282023,
        "teamId": 200,
        "championId": 119
      },
      {
        "summonerId": 24123976,
        "teamId": 200,
        "championId": 58
      },
      {
        "summonerId": 22603283,
        "teamId": 100,
        "championId": 92
      },
      {
        "summonerId": 35021728,
        "teamId": 100,
        "championId": 84
      },
      {
        "summonerId": 19454389,
        "teamId": 200,
        "championId": 412
      },
      {
        "summonerId": 19256260,
        "teamId": 100,
        "championId": 25
      },
      {
        "summonerId": 32284119,
        "teamId": 100,
        "championId": 56
      },
      {
        "summonerId": 21587621,
        "teamId": 200,
        "championId": 121
      },
      {
        "summonerId": 27233047,
        "teamId": 200,
        "championId": 238
      }
    ],
    "stats": {
      "level": 14,
      "goldEarned": 8752,
      "numDeaths": 8,
      "turretsKilled": 1,
      "minionsKilled": 146,
      "championsKilled": 4,
      "goldSpent": 8440,
      "totalDamageDealt": 90242,
      "totalDamageTaken": 21774,
      "team": 100,
      "win": false,
      "neutralMinionsKilled": 13,
      "largestMultiKill": 1,
      "physicalDamageDealtPlayer": 77912,
      "magicDamageDealtPlayer": 12017,
      "physicalDamageTaken": 17839,
      "magicDamageTaken": 3719,
      "largestCriticalStrike": 360,
      "timePlayed": 1691,
      "totalHeal": 3713,
      "totalUnitsHealed": 3,
      "assists": 4,
      "item0": 3044,
      "item1": 3086,
      "item2": 3250,
      "item3": 3072,
      "item4": 1055,
      "item5": 1052,
      "item6": 3340,
      "magicDamageDealtToChampions": 1284,
      "physicalDamageDealtToChampions": 10124,
      "totalDamageDealtToChampions": 11477,
      "trueDamageDealtPlayer": 312,
      "trueDamageDealtToChampions": 68,
      "trueDamageTaken": 215,
      "wardPlaced": 9,
      "neutralMinionsKilledYourJungle": 13,
      "totalTimeCrowdControlDealt": 85
    }
  },
  "summonerCount": 10,
  "22603283": {
    "gameId": 825976428,
    "invalid": false,
    "gameMode": "CLASSIC",
    "gameType": "MATCHED_GAME",
    "subType": "RANKED_SOLO_5x5",
    "mapId": 1,
    "teamId": 100,
    "championId": 92,
    "spell1": 4,
    "spell2": 14,
    "level": 30,
    "ipEarned": 55,
    "createDate": 1399031127740,
    "fellowPlayers": [
      {
        "summonerId": 29282023,
        "teamId": 200,
        "championId": 119
      },
      {
        "summonerId": 24123976,
        "teamId": 200,
        "championId": 58
      },
      {
        "summonerId": 35021728,
        "teamId": 100,
        "championId": 84
      },
      {
        "summonerId": 19454389,
        "teamId": 200,
        "championId": 412
      },
      {
        "summonerId": 19256260,
        "teamId": 100,
        "championId": 25
      },
      {
        "summonerId": 32284119,
        "teamId": 100,
        "championId": 56
      },
      {
        "summonerId": 21587621,
        "teamId": 200,
        "championId": 121
      },
      {
        "summonerId": 43463800,
        "teamId": 100,
        "championId": 236
      },
      {
        "summonerId": 27233047,
        "teamId": 200,
        "championId": 238
      }
    ],
    "stats": {
      "level": 15,
      "goldEarned": 10690,
      "numDeaths": 7,
      "turretsKilled": 1,
      "minionsKilled": 198,
      "championsKilled": 7,
      "goldSpent": 9702,
      "totalDamageDealt": 113739,
      "totalDamageTaken": 21786,
      "killingSprees": 2,
      "largestKillingSpree": 2,
      "team": 100,
      "win": false,
      "neutralMinionsKilled": 3,
      "largestMultiKill": 1,
      "physicalDamageDealtPlayer": 112337,
      "physicalDamageTaken": 20440,
      "magicDamageTaken": 1098,
      "timePlayed": 1691,
      "totalHeal": 1349,
      "totalUnitsHealed": 1,
      "assists": 4,
      "item0": 3074,
      "item1": 3158,
      "item2": 1055,
      "item3": 3035,
      "item4": 3134,
      "item5": 3093,
      "item6": 3340,
      "physicalDamageDealtToChampions": 17303,
      "totalDamageDealtToChampions": 18411,
      "trueDamageDealtPlayer": 1402,
      "trueDamageDealtToChampions": 1108,
      "trueDamageTaken": 247,
      "wardPlaced": 5,
      "neutralMinionsKilledEnemyJungle": 3,
      "totalTimeCrowdControlDealt": 187
    }
  },
  "32284119": {
    "gameId": 825976428,
    "invalid": false,
    "gameMode": "CLASSIC",
    "gameType": "MATCHED_GAME",
    "subType": "RANKED_SOLO_5x5",
    "mapId": 1,
    "teamId": 100,
    "championId": 56,
    "spell1": 4,
    "spell2": 11,
    "level": 30,
    "ipEarned": 55,
    "createDate": 1399031127738,
    "fellowPlayers": [
      {
        "summonerId": 29282023,
        "teamId": 200,
        "championId": 119
      },
      {
        "summonerId": 24123976,
        "teamId": 200,
        "championId": 58
      },
      {
        "summonerId": 22603283,
        "teamId": 100,
        "championId": 92
      },
      {
        "summonerId": 35021728,
        "teamId": 100,
        "championId": 84
      },
      {
        "summonerId": 19454389,
        "teamId": 200,
        "championId": 412
      },
      {
        "summonerId": 19256260,
        "teamId": 100,
        "championId": 25
      },
      {
        "summonerId": 21587621,
        "teamId": 200,
        "championId": 121
      },
      {
        "summonerId": 43463800,
        "teamId": 100,
        "championId": 236
      },
      {
        "summonerId": 27233047,
        "teamId": 200,
        "championId": 238
      }
    ],
    "stats": {
      "level": 14,
      "goldEarned": 8560,
      "numDeaths": 8,
      "minionsKilled": 27,
      "championsKilled": 4,
      "goldSpent": 8245,
      "totalDamageDealt": 131165,
      "totalDamageTaken": 25041,
      "team": 100,
      "win": false,
      "neutralMinionsKilled": 89,
      "largestMultiKill": 1,
      "physicalDamageDealtPlayer": 97264,
      "magicDamageDealtPlayer": 24057,
      "physicalDamageTaken": 20909,
      "magicDamageTaken": 3233,
      "timePlayed": 1691,
      "totalHeal": 5084,
      "totalUnitsHealed": 1,
      "assists": 6,
      "item0": 3154,
      "item1": 3143,
      "item2": 3047,
      "item3": 3144,
      "item4": 1042,
      "item5": 1042,
      "item6": 3340,
      "magicDamageDealtToChampions": 1091,
      "physicalDamageDealtToChampions": 6920,
      "totalDamageDealtToChampions": 8389,
      "trueDamageDealtPlayer": 9844,
      "trueDamageDealtToChampions": 378,
      "trueDamageTaken": 899,
      "wardPlaced": 5,
      "neutralMinionsKilledEnemyJungle": 2,
      "neutralMinionsKilledYourJungle": 87,
      "totalTimeCrowdControlDealt": 593
    }
  },
  "21587621": {
    "gameId": 825976428,
    "invalid": false,
    "gameMode": "CLASSIC",
    "gameType": "MATCHED_GAME",
    "subType": "RANKED_SOLO_5x5",
    "mapId": 1,
    "teamId": 200,
    "championId": 121,
    "spell1": 4,
    "spell2": 11,
    "level": 30,
    "ipEarned": 82,
    "createDate": 1399031127745,
    "fellowPlayers": [
      {
        "summonerId": 29282023,
        "teamId": 200,
        "championId": 119
      },
      {
        "summonerId": 24123976,
        "teamId": 200,
        "championId": 58
      },
      {
        "summonerId": 22603283,
        "teamId": 100,
        "championId": 92
      },
      {
        "summonerId": 35021728,
        "teamId": 100,
        "championId": 84
      },
      {
        "summonerId": 19454389,
        "teamId": 200,
        "championId": 412
      },
      {
        "summonerId": 19256260,
        "teamId": 100,
        "championId": 25
      },
      {
        "summonerId": 32284119,
        "teamId": 100,
        "championId": 56
      },
      {
        "summonerId": 43463800,
        "teamId": 100,
        "championId": 236
      },
      {
        "summonerId": 27233047,
        "teamId": 200,
        "championId": 238
      }
    ],
    "stats": {
      "level": 16,
      "goldEarned": 10832,
      "numDeaths": 6,
      "minionsKilled": 11,
      "championsKilled": 7,
      "goldSpent": 10255,
      "totalDamageDealt": 129492,
      "totalDamageTaken": 26085,
      "doubleKills": 1,
      "killingSprees": 3,
      "largestKillingSpree": 2,
      "team": 200,
      "win": true,
      "neutralMinionsKilled": 80,
      "largestMultiKill": 2,
      "physicalDamageDealtPlayer": 115851,
      "magicDamageDealtPlayer": 1323,
      "physicalDamageTaken": 23616,
      "magicDamageTaken": 1782,
      "timePlayed": 1691,
      "totalHeal": 10411,
      "totalUnitsHealed": 1,
      "assists": 6,
      "item0": 3209,
      "item1": 3071,
      "item2": 3035,
      "item3": 3265,
      "item4": 1011,
      "item6": 3340,
      "magicDamageDealtToChampions": 962,
      "physicalDamageDealtToChampions": 9205,
      "totalDamageDealtToChampions": 11028,
      "trueDamageDealtPlayer": 12318,
      "trueDamageDealtToChampions": 860,
      "trueDamageTaken": 686,
      "wardPlaced": 5,
      "neutralMinionsKilledEnemyJungle": 31,
      "neutralMinionsKilledYourJungle": 49,
      "totalTimeCrowdControlDealt": 580
    }
  },
  "24123976": {
    "gameId": 825976428,
    "invalid": false,
    "gameMode": "CLASSIC",
    "gameType": "MATCHED_GAME",
    "subType": "RANKED_SOLO_5x5",
    "mapId": 1,
    "teamId": 200,
    "championId": 58,
    "spell1": 12,
    "spell2": 4,
    "level": 30,
    "ipEarned": 82,
    "createDate": 1399031127747,
    "fellowPlayers": [
      {
        "summonerId": 29282023,
        "teamId": 200,
        "championId": 119
      },
      {
        "summonerId": 22603283,
        "teamId": 100,
        "championId": 92
      },
      {
        "summonerId": 35021728,
        "teamId": 100,
        "championId": 84
      },
      {
        "summonerId": 19454389,
        "teamId": 200,
        "championId": 412
      },
      {
        "summonerId": 19256260,
        "teamId": 100,
        "championId": 25
      },
      {
        "summonerId": 32284119,
        "teamId": 100,
        "championId": 56
      },
      {
        "summonerId": 21587621,
        "teamId": 200,
        "championId": 121
      },
      {
        "summonerId": 43463800,
        "teamId": 100,
        "championId": 236
      },
      {
        "summonerId": 27233047,
        "teamId": 200,
        "championId": 238
      }
    ],
    "stats": {
      "level": 16,
      "goldEarned": 11254,
      "numDeaths": 4,
      "turretsKilled": 3,
      "minionsKilled": 216,
      "championsKilled": 4,
      "goldSpent": 8832,
      "totalDamageDealt": 124637,
      "totalDamageTaken": 22654,
      "killingSprees": 1,
      "largestKillingSpree": 2,
      "team": 200,
      "win": true,
      "largestMultiKill": 1,
      "physicalDamageDealtPlayer": 114350,
      "magicDamageDealtPlayer": 10286,
      "physicalDamageTaken": 18752,
      "magicDamageTaken": 3143,
      "timePlayed": 1691,
      "totalHeal": 4174,
      "totalUnitsHealed": 1,
      "assists": 4,
      "item0": 3074,
      "item1": 1054,
      "item2": 3134,
      "item3": 3047,
      "item4": 3068,
      "item6": 3340,
      "magicDamageDealtToChampions": 1153,
      "physicalDamageDealtToChampions": 11968,
      "totalDamageDealtToChampions": 13122,
      "trueDamageTaken": 758,
      "wardPlaced": 3,
      "totalTimeCrowdControlDealt": 54
    }
  },
  "19256260": {
    "gameId": 825976428,
    "invalid": false,
    "gameMode": "CLASSIC",
    "gameType": "MATCHED_GAME",
    "subType": "RANKED_SOLO_5x5",
    "mapId": 1,
    "teamId": 100,
    "championId": 25,
    "spell1": 3,
    "spell2": 4,
    "level": 30,
    "ipEarned": 55,
    "createDate": 1399031127743,
    "fellowPlayers": [
      {
        "summonerId": 29282023,
        "teamId": 200,
        "championId": 119
      },
      {
        "summonerId": 24123976,
        "teamId": 200,
        "championId": 58
      },
      {
        "summonerId": 22603283,
        "teamId": 100,
        "championId": 92
      },
      {
        "summonerId": 35021728,
        "teamId": 100,
        "championId": 84
      },
      {
        "summonerId": 19454389,
        "teamId": 200,
        "championId": 412
      },
      {
        "summonerId": 32284119,
        "teamId": 100,
        "championId": 56
      },
      {
        "summonerId": 21587621,
        "teamId": 200,
        "championId": 121
      },
      {
        "summonerId": 43463800,
        "teamId": 100,
        "championId": 236
      },
      {
        "summonerId": 27233047,
        "teamId": 200,
        "championId": 238
      }
    ],
    "stats": {
      "level": 13,
      "goldEarned": 7969,
      "numDeaths": 4,
      "turretsKilled": 1,
      "minionsKilled": 21,
      "championsKilled": 3,
      "goldSpent": 6915,
      "totalDamageDealt": 36622,
      "totalDamageTaken": 13950,
      "team": 100,
      "win": false,
      "largestMultiKill": 1,
      "physicalDamageDealtPlayer": 6201,
      "magicDamageDealtPlayer": 30420,
      "physicalDamageTaken": 11646,
      "magicDamageTaken": 1905,
      "timePlayed": 1691,
      "assists": 8,
      "item0": 2003,
      "item1": 3092,
      "item2": 2045,
      "item3": 3255,
      "item4": 1026,
      "item5": 1052,
      "item6": 3341,
      "sightWardsBought": 1,
      "visionWardsBought": 1,
      "magicDamageDealtToChampions": 11179,
      "physicalDamageDealtToChampions": 1740,
      "totalDamageDealtToChampions": 12920,
      "trueDamageTaken": 398,
      "wardKilled": 1,
      "wardPlaced": 13,
      "totalTimeCrowdControlDealt": 100
    }
  },
  "29282023": {
    "gameId": 825976428,
    "invalid": false,
    "gameMode": "CLASSIC",
    "gameType": "MATCHED_GAME",
    "subType": "RANKED_SOLO_5x5",
    "mapId": 1,
    "teamId": 200,
    "championId": 119,
    "spell1": 4,
    "spell2": 7,
    "level": 30,
    "ipEarned": 82,
    "createDate": 1399031127746,
    "fellowPlayers": [
      {
        "summonerId": 24123976,
        "teamId": 200,
        "championId": 58
      },
      {
        "summonerId": 22603283,
        "teamId": 100,
        "championId": 92
      },
      {
        "summonerId": 35021728,
        "teamId": 100,
        "championId": 84
      },
      {
        "summonerId": 19454389,
        "teamId": 200,
        "championId": 412
      },
      {
        "summonerId": 19256260,
        "teamId": 100,
        "championId": 25
      },
      {
        "summonerId": 32284119,
        "teamId": 100,
        "championId": 56
      },
      {
        "summonerId": 21587621,
        "teamId": 200,
        "championId": 121
      },
      {
        "summonerId": 43463800,
        "teamId": 100,
        "championId": 236
      },
      {
        "summonerId": 27233047,
        "teamId": 200,
        "championId": 238
      }
    ],
    "stats": {
      "level": 16,
      "goldEarned": 15996,
      "numDeaths": 3,
      "barracksKilled": 2,
      "turretsKilled": 2,
      "minionsKilled": 210,
      "championsKilled": 11,
      "goldSpent": 12350,
      "totalDamageDealt": 184071,
      "totalDamageTaken": 20046,
      "doubleKills": 2,
      "tripleKills": 1,
      "killingSprees": 1,
      "largestKillingSpree": 9,
      "team": 200,
      "win": true,
      "neutralMinionsKilled": 22,
      "largestMultiKill": 3,
      "physicalDamageDealtPlayer": 169676,
      "magicDamageDealtPlayer": 13715,
      "physicalDamageTaken": 12109,
      "magicDamageTaken": 7869,
      "largestCriticalStrike": 1073,
      "timePlayed": 1691,
      "totalHeal": 2293,
      "totalUnitsHealed": 1,
      "assists": 7,
      "item0": 3250,
      "item1": 3072,
      "item2": 3087,
      "item3": 1055,
      "item4": 1055,
      "item5": 3031,
      "item6": 3340,
      "magicDamageDealtToChampions": 1842,
      "physicalDamageDealtToChampions": 25562,
      "totalDamageDealtToChampions": 27836,
      "trueDamageDealtPlayer": 680,
      "trueDamageDealtToChampions": 432,
      "trueDamageTaken": 68,
      "wardPlaced": 6,
      "neutralMinionsKilledEnemyJungle": 5,
      "neutralMinionsKilledYourJungle": 17,
      "totalTimeCrowdControlDealt": 203
    }
  },
  "35021728": {
    "gameId": 825976428,
    "invalid": false,
    "gameMode": "CLASSIC",
    "gameType": "MATCHED_GAME",
    "subType": "RANKED_SOLO_5x5",
    "mapId": 1,
    "teamId": 100,
    "championId": 84,
    "spell1": 7,
    "spell2": 4,
    "level": 30,
    "ipEarned": 55,
    "createDate": 1399031127739,
    "fellowPlayers": [
      {
        "summonerId": 29282023,
        "teamId": 200,
        "championId": 119
      },
      {
        "summonerId": 24123976,
        "teamId": 200,
        "championId": 58
      },
      {
        "summonerId": 22603283,
        "teamId": 100,
        "championId": 92
      },
      {
        "summonerId": 19454389,
        "teamId": 200,
        "championId": 412
      },
      {
        "summonerId": 19256260,
        "teamId": 100,
        "championId": 25
      },
      {
        "summonerId": 32284119,
        "teamId": 100,
        "championId": 56
      },
      {
        "summonerId": 21587621,
        "teamId": 200,
        "championId": 121
      },
      {
        "summonerId": 43463800,
        "teamId": 100,
        "championId": 236
      },
      {
        "summonerId": 27233047,
        "teamId": 200,
        "championId": 238
      }
    ],
    "stats": {
      "level": 14,
      "goldEarned": 7509,
      "numDeaths": 5,
      "minionsKilled": 128,
      "championsKilled": 3,
      "goldSpent": 7105,
      "totalDamageDealt": 62126,
      "totalDamageTaken": 20061,
      "team": 100,
      "win": false,
      "largestMultiKill": 1,
      "physicalDamageDealtPlayer": 33668,
      "magicDamageDealtPlayer": 28296,
      "physicalDamageTaken": 18122,
      "magicDamageTaken": 1600,
      "timePlayed": 1691,
      "totalHeal": 1652,
      "totalUnitsHealed": 2,
      "assists": 4,
      "item0": 3146,
      "item1": 1026,
      "item2": 3255,
      "item3": 1029,
      "item4": 1052,
      "item6": 3340,
      "sightWardsBought": 2,
      "magicDamageDealtToChampions": 9351,
      "physicalDamageDealtToChampions": 3458,
      "totalDamageDealtToChampions": 12809,
      "trueDamageDealtPlayer": 162,
      "trueDamageTaken": 337,
      "wardKilled": 1,
      "wardPlaced": 9,
      "totalTimeCrowdControlDealt": 431
    }
  },
  "19454389": {
    "gameId": 825976428,
    "invalid": false,
    "gameMode": "CLASSIC",
    "gameType": "MATCHED_GAME",
    "subType": "RANKED_SOLO_5x5",
    "mapId": 1,
    "teamId": 200,
    "championId": 412,
    "spell1": 4,
    "spell2": 3,
    "level": 30,
    "ipEarned": 232,
    "createDate": 1399031127749,
    "fellowPlayers": [
      {
        "summonerId": 29282023,
        "teamId": 200,
        "championId": 119
      },
      {
        "summonerId": 24123976,
        "teamId": 200,
        "championId": 58
      },
      {
        "summonerId": 22603283,
        "teamId": 100,
        "championId": 92
      },
      {
        "summonerId": 35021728,
        "teamId": 100,
        "championId": 84
      },
      {
        "summonerId": 19256260,
        "teamId": 100,
        "championId": 25
      },
      {
        "summonerId": 32284119,
        "teamId": 100,
        "championId": 56
      },
      {
        "summonerId": 21587621,
        "teamId": 200,
        "championId": 121
      },
      {
        "summonerId": 43463800,
        "teamId": 100,
        "championId": 236
      },
      {
        "summonerId": 27233047,
        "teamId": 200,
        "championId": 238
      }
    ],
    "stats": {
      "level": 14,
      "goldEarned": 9143,
      "numDeaths": 7,
      "turretsKilled": 1,
      "minionsKilled": 20,
      "championsKilled": 2,
      "goldSpent": 9220,
      "totalDamageDealt": 24074,
      "totalDamageTaken": 16909,
      "team": 200,
      "win": true,
      "largestMultiKill": 1,
      "physicalDamageDealtPlayer": 6262,
      "magicDamageDealtPlayer": 17631,
      "physicalDamageTaken": 10525,
      "magicDamageTaken": 6249,
      "timePlayed": 1691,
      "totalHeal": 628,
      "totalUnitsHealed": 1,
      "assists": 11,
      "item0": 1054,
      "item1": 2049,
      "item2": 3069,
      "item3": 3117,
      "item4": 3190,
      "item5": 3222,
      "item6": 3340,
      "magicDamageDealtToChampions": 6802,
      "physicalDamageDealtToChampions": 1615,
      "totalDamageDealtToChampions": 8598,
      "trueDamageDealtPlayer": 180,
      "trueDamageDealtToChampions": 180,
      "trueDamageTaken": 135,
      "wardPlaced": 13,
      "totalTimeCrowdControlDealt": 126
    }
  },
  "43463800": {
    "gameId": 825976428,
    "invalid": false,
    "gameMode": "CLASSIC",
    "gameType": "MATCHED_GAME",
    "subType": "RANKED_SOLO_5x5",
    "mapId": 1,
    "teamId": 100,
    "championId": 236,
    "spell1": 4,
    "spell2": 7,
    "level": 30,
    "ipEarned": 55,
    "createDate": 1399031127742,
    "fellowPlayers": [
      {
        "summonerId": 29282023,
        "teamId": 200,
        "championId": 119
      },
      {
        "summonerId": 24123976,
        "teamId": 200,
        "championId": 58
      },
      {
        "summonerId": 22603283,
        "teamId": 100,
        "championId": 92
      },
      {
        "summonerId": 35021728,
        "teamId": 100,
        "championId": 84
      },
      {
        "summonerId": 19454389,
        "teamId": 200,
        "championId": 412
      },
      {
        "summonerId": 19256260,
        "teamId": 100,
        "championId": 25
      },
      {
        "summonerId": 32284119,
        "teamId": 100,
        "championId": 56
      },
      {
        "summonerId": 21587621,
        "teamId": 200,
        "championId": 121
      },
      {
        "summonerId": 27233047,
        "teamId": 200,
        "championId": 238
      }
    ],
    "stats": {
      "level": 14,
      "goldEarned": 8752,
      "numDeaths": 8,
      "turretsKilled": 1,
      "minionsKilled": 146,
      "championsKilled": 4,
      "goldSpent": 8440,
      "totalDamageDealt": 90242,
      "totalDamageTaken": 21774,
      "team": 100,
      "win": false,
      "neutralMinionsKilled": 13,
      "largestMultiKill": 1,
      "physicalDamageDealtPlayer": 77912,
      "magicDamageDealtPlayer": 12017,
      "physicalDamageTaken": 17839,
      "magicDamageTaken": 3719,
      "largestCriticalStrike": 360,
      "timePlayed": 1691,
      "totalHeal": 3713,
      "totalUnitsHealed": 3,
      "assists": 4,
      "item0": 3044,
      "item1": 3086,
      "item2": 3250,
      "item3": 3072,
      "item4": 1055,
      "item5": 1052,
      "item6": 3340,
      "magicDamageDealtToChampions": 1284,
      "physicalDamageDealtToChampions": 10124,
      "totalDamageDealtToChampions": 11477,
      "trueDamageDealtPlayer": 312,
      "trueDamageDealtToChampions": 68,
      "trueDamageTaken": 215,
      "wardPlaced": 9,
      "neutralMinionsKilledYourJungle": 13,
      "totalTimeCrowdControlDealt": 85
    }
  }
}