{
  "41540762": {
    "gameId": 825968813,
    "invalid": false,
    "gameMode": "ARAM",
    "gameType": "MATCHED_GAME",
    "subType": "ARAM_UNRANKED_5x5",
    "mapId": 12,
    "teamId": 200,
    "championId": 64,
    "spell1": 7,
    "spell2": 4,
    "level": 30,
    "ipEarned": 42,
    "createDate": 1399028825120,
    "fellowPlayers": [
      {
        "summonerId": 40989097,
        "teamId": 100,
        "championId": 17
      },
      {
        "summonerId": 36399188,
        "teamId": 100,
        "championId": 54
      },
      {
        "summonerId": 27132497,
        "teamId": 100,
        "championId": 105
      },
      {
        "summonerId": 36635017,
        "teamId": 200,
        "championId": 157
      },
      {
        "summonerId": 38503136,
        "teamId": 200,
        "championId": 31
      },
      {
        "summonerId": 32959705,
        "teamId": 100,
        "championId": 111
      },
      {
        "summonerId": 37100604,
        "teamId": 100,
        "championId": 119
      },
      {
        "summonerId": 41106641,
        "teamId": 200,
        "championId": 23
      },
      {
        "summonerId": 40879424,
        "teamId": 200,
        "championId": 10
      }
    ],
    "stats": {
      "level": 16,
      "goldEarned": 8374,
      "numDeaths": 9,
      "minionsKilled": 20,
      "championsKilled": 4,
      "goldSpent": 6097,
      "totalDamageDealt": 28489,
      "totalDamageTaken": 22566,
      "team": 200,
      "win": false,
      "largestMultiKill": 1,
      "physicalDamageDealtPlayer": 16054,
      "magicDamageDealtPlayer": 12435,
      "physicalDamageTaken": 5251,
      "magicDamageTaken": 17206,
      "timePlayed": 1216,
      "totalHeal": 1892,
      "totalUnitsHealed": 2,
      "assists": 10,
      "item0": 3134,
      "item1": 3143,
      "item2": 3044,
      "item3": 1028,
      "magicDamageDealtToChampions": 2151,
      "physicalDamageDealtToChampions": 8442,
      "totalDamageDealtToChampions": 10594,
      "trueDamageTaken": 108,
      "totalTimeCrowdControlDealt": 319
    }
  },
  "summonerCount": 10,
  "38503136": {
    "gameId": 825968813,
    "invalid": false,
    "gameMode": "ARAM",
    "gameType": "MATCHED_GAME",
    "subType": "ARAM_UNRANKED_5x5",
    "mapId": 12,
    "teamId": 200,
    "championId": 31,
    "spell1": 7,
    "spell2": 4,
    "level": 29,
    "ipEarned": 42,
    "createDate": 1399028825119,
    "fellowPlayers": [
      {
        "summonerId": 40989097,
        "teamId": 100,
        "championId": 17
      },
      {
        "summonerId": 36399188,
        "teamId": 100,
        "championId": 54
      },
      {
        "summonerId": 27132497,
        "teamId": 100,
        "championId": 105
      },
      {
        "summonerId": 36635017,
        "teamId": 200,
        "championId": 157
      },
      {
        "summonerId": 32959705,
        "teamId": 100,
        "championId": 111
      },
      {
        "summonerId": 37100604,
        "teamId": 100,
        "championId": 119
      },
      {
        "summonerId": 41540762,
        "teamId": 200,
        "championId": 64
      },
      {
        "summonerId": 41106641,
        "teamId": 200,
        "championId": 23
      },
      {
        "summonerId": 40879424,
        "teamId": 200,
        "championId": 10
      }
    ],
    "stats": {
      "level": 16,
      "goldEarned": 8535,
      "numDeaths": 11,
      "minionsKilled": 28,
      "championsKilled": 4,
      "goldSpent": 8140,
      "totalDamageDealt": 41112,
      "totalDamageTaken": 20089,
      "team": 200,
      "win": false,
      "largestMultiKill": 1,
      "physicalDamageDealtPlayer": 3111,
      "magicDamageDealtPlayer": 35098,
      "physicalDamageTaken": 6605,
      "magicDamageTaken": 13010,
      "timePlayed": 1216,
      "totalHeal": 2359,
      "totalUnitsHealed": 4,
      "assists": 8,
      "item0": 3001,
      "item1": 3110,
      "item2": 3105,
      "item4": 1001,
      "item5": 1056,
      "magicDamageDealtToChampions": 11594,
      "physicalDamageDealtToChampions": 946,
      "totalDamageDealtToChampions": 15442,
      "trueDamageDealtPlayer": 2902,
      "trueDamageDealtToChampions": 2902,
      "trueDamageTaken": 474,
      "wardKilled": 1,
      "totalTimeCrowdControlDealt": 589
    }
  },
  "41106641": {
    "gameId": 825968813,
    "invalid": false,
    "gameMode": "ARAM",
    "gameType": "MATCHED_GAME",
    "subType": "ARAM_UNRANKED_5x5",
    "mapId": 12,
    "teamId": 200,
    "championId": 23,
    "spell1": 7,
    "spell2": 4,
    "level": 28,
    "ipEarned": 42,
    "createDate": 1399028825123,
    "fellowPlayers": [
      {
        "summonerId": 40989097,
        "teamId": 100,
        "championId": 17
      },
      {
        "summonerId": 36399188,
        "teamId": 100,
        "championId": 54
      },
      {
        "summonerId": 27132497,
        "teamId": 100,
        "championId": 105
      },
      {
        "summonerId": 36635017,
        "teamId": 200,
        "championId": 157
      },
      {
        "summonerId": 38503136,
        "teamId": 200,
        "championId": 31
      },
      {
        "summonerId": 32959705,
        "teamId": 100,
        "championId": 111
      },
      {
        "summonerId": 37100604,
        "teamId": 100,
        "championId": 119
      },
      {
        "summonerId": 41540762,
        "teamId": 200,
        "championId": 64
      },
      {
        "summonerId": 40879424,
        "teamId": 200,
        "championId": 10
      }
    ],
    "stats": {
      "level": 15,
      "goldEarned": 9034,
      "numDeaths": 10,
      "minionsKilled": 32,
      "championsKilled": 2,
      "goldSpent": 8225,
      "totalDamageDealt": 26378,
      "totalDamageTaken": 23937,
      "team": 200,
      "win": false,
      "largestMultiKill": 1,
      "physicalDamageDealtPlayer": 25211,
      "magicDamageDealtPlayer": 1166,
      "physicalDamageTaken": 8490,
      "magicDamageTaken": 14921,
      "largestCriticalStrike": 468,
      "timePlayed": 1216,
      "totalHeal": 3751,
      "totalUnitsHealed": 4,
      "assists": 15,
      "item0": 3074,
      "item1": 2003,
      "item2": 3006,
      "item3": 3087,
      "item4": 3086,
      "magicDamageDealtToChampions": 56,
      "physicalDamageDealtToChampions": 8777,
      "totalDamageDealtToChampions": 8833,
      "trueDamageTaken": 526,
      "totalTimeCrowdControlDealt": 69
    }
  },
  "27132497": {
    "gameId": 825968813,
    "invalid": false,
    "gameMode": "ARAM",
    "gameType": "MATCHED_GAME",
    "subType": "ARAM_UNRANKED_5x5",
    "mapId": 12,
    "teamId": 100,
    "championId": 105,
    "spell1": 4,
    "spell2": 14,
    "level": 18,
    "ipEarned": 61,
    "createDate": 1399028825114,
    "fellowPlayers": [
      {
        "summonerId": 40989097,
        "teamId": 100,
        "championId": 17
      },
      {
        "summonerId": 36399188,
        "teamId": 100,
        "championId": 54
      },
      {
        "summonerId": 36635017,
        "teamId": 200,
        "championId": 157
      },
      {
        "summonerId": 38503136,
        "teamId": 200,
        "championId": 31
      },
      {
        "summonerId": 32959705,
        "teamId": 100,
        "championId": 111
      },
      {
        "summonerId": 37100604,
        "teamId": 100,
        "championId": 119
      },
      {
        "summonerId": 41540762,
        "teamId": 200,
        "championId": 64
      },
      {
        "summonerId": 41106641,
        "teamId": 200,
        "championId": 23
      },
      {
        "summonerId": 40879424,
        "teamId": 200,
        "championId": 10
      }
    ],
    "stats": {
      "level": 16,
      "goldEarned": 9326,
      "numDeaths": 5,
      "turretsKilled": 1,
      "minionsKilled": 15,
      "championsKilled": 4,
      "goldSpent": 7570,
      "totalDamageDealt": 31297,
      "totalDamageTaken": 11190,
      "team": 100,
      "win": true,
      "largestMultiKill": 1,
      "physicalDamageDealtPlayer": 10669,
      "magicDamageDealtPlayer": 19891,
      "physicalDamageTaken": 6228,
      "magicDamageTaken": 4037,
      "timePlayed": 1216,
      "totalHeal": 161,
      "totalUnitsHealed": 1,
      "assists": 19,
      "item0": 3100,
      "item1": 3020,
      "item2": 3135,
      "item3": 1026,
      "item4": 2003,
      "magicDamageDealtToChampions": 10804,
      "physicalDamageDealtToChampions": 1853,
      "totalDamageDealtToChampions": 13393,
      "trueDamageDealtPlayer": 736,
      "trueDamageDealtToChampions": 736,
      "trueDamageTaken": 924,
      "wardPlaced": 1,
      "totalTimeCrowdControlDealt": 213
    }
  },
  "40879424": {
    "gameId": 825968813,
    "invalid": false,
    "gameMode": "ARAM",
    "gameType": "MATCHED_GAME",
    "subType": "ARAM_UNRANKED_5x5",
    "mapId": 12,
    "teamId": 200,
    "championId": 10,
    "spell1": 14,
    "spell2": 7,
    "level": 17,
    "ipEarned": 42,
    "createDate": 1399028825122,
    "fellowPlayers": [
      {
        "summonerId": 40989097,
        "teamId": 100,
        "championId": 17
      },
      {
        "summonerId": 36399188,
        "teamId": 100,
        "championId": 54
      },
      {
        "summonerId": 27132497,
        "teamId": 100,
        "championId": 105
      },
      {
        "summonerId": 36635017,
        "teamId": 200,
        "championId": 157
      },
      {
        "summonerId": 38503136,
        "teamId": 200,
        "championId": 31
      },
      {
        "summonerId": 32959705,
        "teamId": 100,
        "championId": 111
      },
      {
        "summonerId": 37100604,
        "teamId": 100,
        "championId": 119
      },
      {
        "summonerId": 41540762,
        "teamId": 200,
        "championId": 64
      },
      {
        "summonerId": 41106641,
        "teamId": 200,
        "championId": 23
      }
    ],
    "stats": {
      "level": 15,
      "goldEarned": 8275,
      "numDeaths": 9,
      "minionsKilled": 20,
      "championsKilled": 5,
      "goldSpent": 6370,
      "totalDamageDealt": 18909,
      "totalDamageTaken": 15060,
      "team": 200,
      "win": false,
      "largestMultiKill": 1,
      "physicalDamageDealtPlayer": 6167,
      "magicDamageDealtPlayer": 12742,
      "physicalDamageTaken": 5180,
      "magicDamageTaken": 9769,
      "timePlayed": 1216,
      "totalHeal": 1325,
      "totalUnitsHealed": 5,
      "assists": 8,
      "item0": 3146,
      "item1": 3108,
      "item2": 3101,
      "item4": 3006,
      "item6": 2052,
      "magicDamageDealtToChampions": 5167,
      "physicalDamageDealtToChampions": 2878,
      "totalDamageDealtToChampions": 8046,
      "trueDamageTaken": 110,
      "totalTimeCrowdControlDealt": 46
    }
  },
  "32959705": {
    "gameId": 825968813,
    "invalid": false,
    "gameMode": "ARAM",
    "gameType": "MATCHED_GAME",
    "subType": "ARAM_UNRANKED_5x5",
    "mapId": 12,
    "teamId": 100,
    "championId": 111,
    "spell1": 7,
    "spell2": 4,
    "level": 30,
    "ipEarned": 61,
    "createDate": 1399028825113,
    "fellowPlayers": [
      {
        "summonerId": 40989097,
        "teamId": 100,
        "championId": 17
      },
      {
        "summonerId": 36399188,
        "teamId": 100,
        "championId": 54
      },
      {
        "summonerId": 27132497,
        "teamId": 100,
        "championId": 105
      },
      {
        "summonerId": 36635017,
        "teamId": 200,
        "championId": 157
      },
      {
        "summonerId": 38503136,
        "teamId": 200,
        "championId": 31
      },
      {
        "summonerId": 37100604,
        "teamId": 100,
        "championId": 119
      },
      {
        "summonerId": 41540762,
        "teamId": 200,
        "championId": 64
      },
      {
        "summonerId": 41106641,
        "teamId": 200,
        "championId": 23
      },
      {
        "summonerId": 40879424,
        "teamId": 200,
        "championId": 10
      }
    ],
    "stats": {
      "level": 16,
      "goldEarned": 9490,
      "numDeaths": 5,
      "minionsKilled": 30,
      "championsKilled": 3,
      "goldSpent": 8855,
      "totalDamageDealt": 29879,
      "totalDamageTaken": 13122,
      "team": 100,
      "win": true,
      "largestMultiKill": 1,
      "physicalDamageDealtPlayer": 6246,
      "magicDamageDealtPlayer": 23632,
      "physicalDamageTaken": 7613,
      "magicDamageTaken": 5508,
      "timePlayed": 1216,
      "totalHeal": 3717,
      "totalUnitsHealed": 4,
      "assists": 19,
      "item0": 3151,
      "item1": 3157,
      "item2": 1033,
      "item3": 3259,
      "magicDamageDealtToChampions": 11289,
      "physicalDamageDealtToChampions": 784,
      "totalDamageDealtToChampions": 12073,
      "totalTimeCrowdControlDealt": 430
    }
  },
  "37100604": {
    "gameId": 825968813,
    "invalid": false,
    "gameMode": "ARAM",
    "gameType": "MATCHED_GAME",
    "subType": "ARAM_UNRANKED_5x5",
    "mapId": 12,
    "teamId": 100,
    "championId": 119,
    "spell1": 14,
    "spell2": 4,
    "level": 30,
    "ipEarned": 61,
    "createDate": 1399028825116,
    "fellowPlayers": [
      {
        "summonerId": 40989097,
        "teamId": 100,
        "championId": 17
      },
      {
        "summonerId": 36399188,
        "teamId": 100,
        "championId": 54
      },
      {
        "summonerId": 27132497,
        "teamId": 100,
        "championId": 105
      },
      {
        "summonerId": 36635017,
        "teamId": 200,
        "championId": 157
      },
      {
        "summonerId": 38503136,
        "teamId": 200,
        "championId": 31
      },
      {
        "summonerId": 32959705,
        "teamId": 100,
        "championId": 111
      },
      {
        "summonerId": 41540762,
        "teamId": 200,
        "championId": 64
      },
      {
        "summonerId": 41106641,
        "teamId": 200,
        "championId": 23
      },
      {
        "summonerId": 40879424,
        "teamId": 200,
        "championId": 10
      }
    ],
    "stats": {
      "level": 17,
      "goldEarned": 13287,
      "numDeaths": 5,
      "barracksKilled": 1,
      "turretsKilled": 2,
      "minionsKilled": 73,
      "championsKilled": 14,
      "goldSpent": 17970,
      "totalDamageDealt": 75556,
      "totalDamageTaken": 16306,
      "doubleKills": 3,
      "tripleKills": 1,
      "killingSprees": 4,
      "largestKillingSpree": 5,
      "team": 100,
      "win": true,
      "largestMultiKill": 3,
      "physicalDamageDealtPlayer": 63704,
      "magicDamageDealtPlayer": 10958,
      "physicalDamageTaken": 10805,
      "magicDamageTaken": 5500,
      "largestCriticalStrike": 920,
      "timePlayed": 1216,
      "totalHeal": 1847,
      "totalUnitsHealed": 1,
      "assists": 21,
      "item0": 3006,
      "item1": 3087,
      "item2": 3031,
      "item3": 3035,
      "item4": 1042,
      "item5": 3181,
      "item6": 2052,
      "magicDamageDealtToChampions": 2226,
      "physicalDamageDealtToChampions": 20684,
      "totalDamageDealtToChampions": 23805,
      "trueDamageDealtPlayer": 894,
      "trueDamageDealtToChampions": 894,
      "totalTimeCrowdControlDealt": 103
    }
  },
  "36635017": {
    "gameId": 825968813,
    "invalid": false,
    "gameMode": "ARAM",
    "gameType": "MATCHED_GAME",
    "subType": "ARAM_UNRANKED_5x5",
    "mapId": 12,
    "teamId": 200,
    "championId": 157,
    "spell1": 7,
    "spell2": 4,
    "level": 30,
    "ipEarned": 42,
    "createDate": 1399028825124,
    "fellowPlayers": [
      {
        "summonerId": 40989097,
        "teamId": 100,
        "championId": 17
      },
      {
        "summonerId": 36399188,
        "teamId": 100,
        "championId": 54
      },
      {
        "summonerId": 27132497,
        "teamId": 100,
        "championId": 105
      },
      {
        "summonerId": 38503136,
        "teamId": 200,
        "championId": 31
      },
      {
        "summonerId": 32959705,
        "teamId": 100,
        "championId": 111
      },
      {
        "summonerId": 37100604,
        "teamId": 100,
        "championId": 119
      },
      {
        "summonerId": 41540762,
        "teamId": 200,
        "championId": 64
      },
      {
        "summonerId": 41106641,
        "teamId": 200,
        "championId": 23
      },
      {
        "summonerId": 40879424,
        "teamId": 200,
        "championId": 10
      }
    ],
    "stats": {
      "level": 17,
      "goldEarned": 11565,
      "numDeaths": 11,
      "minionsKilled": 70,
      "championsKilled": 13,
      "goldSpent": 12110,
      "totalDamageDealt": 81188,
      "totalDamageTaken": 24725,
      "doubleKills": 3,
      "killingSprees": 4,
      "largestKillingSpree": 3,
      "team": 200,
      "win": false,
      "largestMultiKill": 2,
      "physicalDamageDealtPlayer": 59978,
      "magicDamageDealtPlayer": 21209,
      "physicalDamageTaken": 8498,
      "magicDamageTaken": 15815,
      "largestCriticalStrike": 550,
      "timePlayed": 1216,
      "totalHeal": 3229,
      "totalUnitsHealed": 3,
      "assists": 10,
      "item0": 3153,
      "item1": 3006,
      "item2": 3031,
      "item3": 3087,
      "item4": 1036,
      "magicDamageDealtToChampions": 7423,
      "physicalDamageDealtToChampions": 16561,
      "totalDamageDealtToChampions": 23984,
      "trueDamageTaken": 412,
      "wardPlaced": 8,
      "totalTimeCrowdControlDealt": 75
    }
  },
  "36399188": {
    "gameId": 825968813,
    "invalid": false,
    "gameMode": "ARAM",
    "gameType": "MATCHED_GAME",
    "subType": "ARAM_UNRANKED_5x5",
    "mapId": 12,
    "teamId": 100,
    "championId": 54,
    "spell1": 21,
    "spell2": 7,
    "level": 30,
    "ipEarned": 61,
    "createDate": 1399028825117,
    "fellowPlayers": [
      {
        "summonerId": 40989097,
        "teamId": 100,
        "championId": 17
      },
      {
        "summonerId": 27132497,
        "teamId": 100,
        "championId": 105
      },
      {
        "summonerId": 36635017,
        "teamId": 200,
        "championId": 157
      },
      {
        "summonerId": 38503136,
        "teamId": 200,
        "championId": 31
      },
      {
        "summonerId": 32959705,
        "teamId": 100,
        "championId": 111
      },
      {
        "summonerId": 37100604,
        "teamId": 100,
        "championId": 119
      },
      {
        "summonerId": 41540762,
        "teamId": 200,
        "championId": 64
      },
      {
        "summonerId": 41106641,
        "teamId": 200,
        "championId": 23
      },
      {
        "summonerId": 40879424,
        "teamId": 200,
        "championId": 10
      }
    ],
    "stats": {
      "level": 16,
      "goldEarned": 10945,
      "numDeaths": 7,
      "barracksKilled": 1,
      "minionsKilled": 27,
      "championsKilled": 13,
      "goldSpent": 10400,
      "totalDamageDealt": 57039,
      "totalDamageTaken": 19047,
      "doubleKills": 3,
      "tripleKills": 2,
      "killingSprees": 3,
      "largestKillingSpree": 4,
      "team": 100,
      "win": true,
      "largestMultiKill": 3,
      "physicalDamageDealtPlayer": 10665,
      "magicDamageDealtPlayer": 46374,
      "physicalDamageTaken": 11542,
      "magicDamageTaken": 6224,
      "timePlayed": 1216,
      "totalHeal": 2891,
      "totalUnitsHealed": 4,
      "assists": 23,
      "item0": 3001,
      "item1": 3020,
      "item2": 3089,
      "item3": 3191,
      "item4": 1058,
      "magicDamageDealtToChampions": 26397,
      "physicalDamageDealtToChampions": 1319,
      "totalDamageDealtToChampions": 27717,
      "trueDamageTaken": 1279,
      "totalTimeCrowdControlDealt": 741
    }
  },
  "41540762": {
    "gameId": 825968813,
    "invalid": false,
    "gameMode": "ARAM",
    "gameType": "MATCHED_GAME",
    "subType": "ARAM_UNRANKED_5x5",
    "mapId": 12,
    "teamId": 200,
    "championId": 64,
    "spell1": 7,
    "spell2": 4,
    "level": 30,
    "ipEarned": 42,
    "createDate": 1399028825120,
    "fellowPlayers": [
      {
        "summonerId": 40989097,
        "teamId": 100,
        "championId": 17
      },
      {
        "summonerId": 36399188,
        "teamId": 100,
        "championId": 54
      },
      {
        "summonerId": 27132497,
        "teamId": 100,
        "championId": 105
      },
      {
        "summonerId": 36635017,
        "teamId": 200,
        "championId": 157
      },
      {
        "summonerId": 38503136,
        "teamId": 200,
        "championId": 31
      },
      {
        "summonerId": 32959705,
        "teamId": 100,
        "championId": 111
      },
      {
        "summonerId": 37100604,
        "teamId": 100,
        "championId": 119
      },
      {
        "summonerId": 41106641,
        "teamId": 200,
        "championId": 23
      },
      {
        "summonerId": 40879424,
        "teamId": 200,
        "championId": 10
      }
    ],
    "stats": {
      "level": 16,
      "goldEarned": 8374,
      "numDeaths": 9,
      "minionsKilled": 20,
      "championsKilled": 4,
      "goldSpent": 6097,
      "totalDamageDealt": 28489,
      "totalDamageTaken": 22566,
      "team": 200,
      "win": false,
      "largestMultiKill": 1,
      "physicalDamageDealtPlayer": 16054,
      "magicDamageDealtPlayer": 12435,
      "physicalDamageTaken": 5251,
      "magicDamageTaken": 17206,
      "timePlayed": 1216,
      "totalHeal": 1892,
      "totalUnitsHealed": 2,
      "assists": 10,
      "item0": 3134,
      "item1": 3143,
      "item2": 3044,
      "item3": 1028,
      "magicDamageDealtToChampions": 2151,
      "physicalDamageDealtToChampions": 8442,
      "totalDamageDealtToChampions": 10594,
      "trueDamageTaken": 108,
      "totalTimeCrowdControlDealt": 319
    }
  }
}