{
  "38298197": {
    "gameId": 825976392,
    "invalid": false,
    "gameMode": "CLASSIC",
    "gameType": "MATCHED_GAME",
    "subType": "RANKED_SOLO_5x5",
    "mapId": 1,
    "teamId": 200,
    "championId": 67,
    "spell1": 4,
    "spell2": 7,
    "level": 30,
    "ipEarned": 61,
    "createDate": 1399031371036,
    "fellowPlayers": [
      {
        "summonerId": 29877862,
        "teamId": 200,
        "championId": 1
      },
      {
        "summonerId": 33536215,
        "teamId": 200,
        "championId": 19
      },
      {
        "summonerId": 35253281,
        "teamId": 100,
        "championId": 92
      },
      {
        "summonerId": 19417516,
        "teamId": 200,
        "championId": 90
      },
      {
        "summonerId": 28523991,
        "teamId": 200,
        "championId": 58
      },
      {
        "summonerId": 24229261,
        "teamId": 100,
        "championId": 133
      },
      {
        "summonerId": 40306334,
        "teamId": 100,
        "championId": 25
      },
      {
        "summonerId": 35515849,
        "teamId": 100,
        "championId": 53
      },
      {
        "summonerId": 28446421,
        "teamId": 100,
        "championId": 107
      }
    ],
    "stats": {
      "level": 14,
      "goldEarned": 9066,
      "numDeaths": 13,
      "minionsKilled": 87,
      "championsKilled": 7,
      "goldSpent": 8095,
      "totalDamageDealt": 60279,
      "totalDamageTaken": 28413,
      "killingSprees": 2,
      "largestKillingSpree": 2,
      "team": 200,
      "win": false,
      "neutralMinionsKilled": 7,
      "largestMultiKill": 1,
      "physicalDamageDealtPlayer": 51108,
      "physicalDamageTaken": 21173,
      "magicDamageTaken": 6738,
      "largestCriticalStrike": 315,
      "timePlayed": 1972,
      "totalHeal": 3610,
      "totalUnitsHealed": 4,
      "assists": 5,
      "item0": 1055,
      "item1": 3153,
      "item2": 3006,
      "item3": 3046,
      "item4": 1057,
      "item6": 3340,
      "physicalDamageDealtToChampions": 13137,
      "totalDamageDealtToChampions": 16667,
      "trueDamageDealtPlayer": 9170,
      "trueDamageDealtToChampions": 3529,
      "trueDamageTaken": 502,
      "wardKilled": 1,
      "wardPlaced": 7,
      "neutralMinionsKilledYourJungle": 7,
      "totalTimeCrowdControlDealt": 23
    }
  },
  "summonerCount": 10,
  "28446421": {
    "gameId": 825976392,
    "invalid": false,
    "gameMode": "CLASSIC",
    "gameType": "MATCHED_GAME",
    "subType": "RANKED_SOLO_5x5",
    "mapId": 1,
    "teamId": 100,
    "championId": 107,
    "spell1": 4,
    "spell2": 11,
    "level": 30,
    "ipEarned": 92,
    "createDate": 1399031371031,
    "fellowPlayers": [
      {
        "summonerId": 29877862,
        "teamId": 200,
        "championId": 1
      },
      {
        "summonerId": 33536215,
        "teamId": 200,
        "championId": 19
      },
      {
        "summonerId": 35253281,
        "teamId": 100,
        "championId": 92
      },
      {
        "summonerId": 19417516,
        "teamId": 200,
        "championId": 90
      },
      {
        "summonerId": 28523991,
        "teamId": 200,
        "championId": 58
      },
      {
        "summonerId": 24229261,
        "teamId": 100,
        "championId": 133
      },
      {
        "summonerId": 40306334,
        "teamId": 100,
        "championId": 25
      },
      {
        "summonerId": 35515849,
        "teamId": 100,
        "championId": 53
      },
      {
        "summonerId": 38298197,
        "teamId": 200,
        "championId": 67
      }
    ],
    "stats": {
      "level": 15,
      "goldEarned": 11173,
      "numDeaths": 5,
      "turretsKilled": 2,
      "minionsKilled": 50,
      "championsKilled": 4,
      "goldSpent": 10695,
      "totalDamageDealt": 95745,
      "totalDamageTaken": 26745,
      "killingSprees": 1,
      "largestKillingSpree": 4,
      "team": 100,
      "win": true,
      "neutralMinionsKilled": 51,
      "largestMultiKill": 1,
      "physicalDamageDealtPlayer": 62664,
      "magicDamageDealtPlayer": 25247,
      "physicalDamageTaken": 15356,
      "magicDamageTaken": 10277,
      "timePlayed": 1972,
      "totalHeal": 5925,
      "totalUnitsHealed": 1,
      "assists": 20,
      "item0": 3143,
      "item1": 3074,
      "item2": 3154,
      "item3": 3117,
      "item4": 3144,
      "item6": 3409,
      "sightWardsBought": 2,
      "magicDamageDealtToChampions": 1721,
      "physicalDamageDealtToChampions": 11534,
      "totalDamageDealtToChampions": 13554,
      "trueDamageDealtPlayer": 7834,
      "trueDamageDealtToChampions": 298,
      "trueDamageTaken": 1111,
      "wardKilled": 1,
      "wardPlaced": 5,
      "neutralMinionsKilledEnemyJungle": 4,
      "neutralMinionsKilledYourJungle": 47,
      "totalTimeCrowdControlDealt": 794
    }
  },
  "35515849": {
    "gameId": 825976392,
    "invalid": false,
    "gameMode": "CLASSIC",
    "gameType": "MATCHED_GAME",
    "subType": "RANKED_SOLO_5x5",
    "mapId": 1,
    "teamId": 100,
    "championId": 53,
    "spell1": 4,
    "spell2": 7,
    "level": 30,
    "ipEarned": 92,
    "createDate": 1399031371027,
    "fellowPlayers": [
      {
        "summonerId": 29877862,
        "teamId": 200,
        "championId": 1
      },
      {
        "summonerId": 33536215,
        "teamId": 200,
        "championId": 19
      },
      {
        "summonerId": 35253281,
        "teamId": 100,
        "championId": 92
      },
      {
        "summonerId": 19417516,
        "teamId": 200,
        "championId": 90
      },
      {
        "summonerId": 28523991,
        "teamId": 200,
        "championId": 58
      },
      {
        "summonerId": 24229261,
        "teamId": 100,
        "championId": 133
      },
      {
        "summonerId": 40306334,
        "teamId": 100,
        "championId": 25
      },
      {
        "summonerId": 28446421,
        "teamId": 100,
        "championId": 107
      },
      {
        "summonerId": 38298197,
        "teamId": 200,
        "championId": 67
      }
    ],
    "stats": {
      "level": 17,
      "goldEarned": 11761,
      "numDeaths": 2,
      "minionsKilled": 48,
      "championsKilled": 3,
      "goldSpent": 10325,
      "totalDamageDealt": 58142,
      "totalDamageTaken": 20245,
      "killingSprees": 1,
      "largestKillingSpree": 2,
      "team": 100,
      "win": true,
      "neutralMinionsKilled": 1,
      "largestMultiKill": 1,
      "physicalDamageDealtPlayer": 15198,
      "magicDamageDealtPlayer": 42844,
      "physicalDamageTaken": 10065,
      "magicDamageTaken": 9157,
      "timePlayed": 1972,
      "totalHeal": 5060,
      "totalUnitsHealed": 4,
      "assists": 27,
      "item0": 3069,
      "item1": 2045,
      "item2": 3110,
      "item3": 3211,
      "item4": 3260,
      "item6": 3341,
      "sightWardsBought": 1,
      "visionWardsBought": 2,
      "magicDamageDealtToChampions": 9250,
      "physicalDamageDealtToChampions": 3526,
      "totalDamageDealtToChampions": 12876,
      "trueDamageDealtPlayer": 100,
      "trueDamageDealtToChampions": 100,
      "trueDamageTaken": 1023,
      "wardKilled": 2,
      "wardPlaced": 21,
      "neutralMinionsKilledEnemyJungle": 1,
      "totalTimeCrowdControlDealt": 687
    }
  },
  "24229261": {
    "gameId": 825976392,
    "invalid": false,
    "gameMode": "CLASSIC",
    "gameType": "MATCHED_GAME",
    "subType": "RANKED_SOLO_5x5",
    "mapId": 1,
    "teamId": 100,
    "championId": 133,
    "spell1": 7,
    "spell2": 4,
    "level": 30,
    "ipEarned": 92,
    "createDate": 1399031371032,
    "fellowPlayers": [
      {
        "summonerId": 29877862,
        "teamId": 200,
        "championId": 1
      },
      {
        "summonerId": 33536215,
        "teamId": 200,
        "championId": 19
      },
      {
        "summonerId": 35253281,
        "teamId": 100,
        "championId": 92
      },
      {
        "summonerId": 19417516,
        "teamId": 200,
        "championId": 90
      },
      {
        "summonerId": 28523991,
        "teamId": 200,
        "championId": 58
      },
      {
        "summonerId": 40306334,
        "teamId": 100,
        "championId": 25
      },
      {
        "summonerId": 35515849,
        "teamId": 100,
        "championId": 53
      },
      {
        "summonerId": 28446421,
        "teamId": 100,
        "championId": 107
      },
      {
        "summonerId": 38298197,
        "teamId": 200,
        "championId": 67
      }
    ],
    "stats": {
      "level": 16,
      "goldEarned": 15759,
      "numDeaths": 6,
      "minionsKilled": 165,
      "championsKilled": 19,
      "goldSpent": 15585,
      "totalDamageDealt": 154376,
      "totalDamageTaken": 27344,
      "doubleKills": 4,
      "killingSprees": 5,
      "largestKillingSpree": 6,
      "team": 100,
      "win": true,
      "neutralMinionsKilled": 13,
      "largestMultiKill": 2,
      "physicalDamageDealtPlayer": 142245,
      "magicDamageDealtPlayer": 10713,
      "physicalDamageTaken": 14767,
      "magicDamageTaken": 11710,
      "largestCriticalStrike": 759,
      "timePlayed": 1972,
      "totalHeal": 3927,
      "totalUnitsHealed": 2,
      "assists": 19,
      "item0": 3087,
      "item1": 1037,
      "item2": 3031,
      "item3": 3072,
      "item4": 3250,
      "item5": 3046,
      "item6": 3340,
      "magicDamageDealtToChampions": 3367,
      "physicalDamageDealtToChampions": 44530,
      "totalDamageDealtToChampions": 49092,
      "trueDamageDealtPlayer": 1418,
      "trueDamageDealtToChampions": 1194,
      "trueDamageTaken": 867,
      "wardKilled": 1,
      "wardPlaced": 8,
      "neutralMinionsKilledEnemyJungle": 3,
      "neutralMinionsKilledYourJungle": 10,
      "totalTimeCrowdControlDealt": 416
    }
  },
  "35253281": {
    "gameId": 825976392,
    "invalid": false,
    "gameMode": "CLASSIC",
    "gameType": "MATCHED_GAME",
    "subType": "RANKED_SOLO_5x5",
    "mapId": 1,
    "teamId": 100,
    "championId": 92,
    "spell1": 14,
    "spell2": 4,
    "level": 30,
    "ipEarned": 92,
    "createDate": 1399031371034,
    "fellowPlayers": [
      {
        "summonerId": 29877862,
        "teamId": 200,
        "championId": 1
      },
      {
        "summonerId": 33536215,
        "teamId": 200,
        "championId": 19
      },
      {
        "summonerId": 19417516,
        "teamId": 200,
        "championId": 90
      },
      {
        "summonerId": 28523991,
        "teamId": 200,
        "championId": 58
      },
      {
        "summonerId": 24229261,
        "teamId": 100,
        "championId": 133
      },
      {
        "summonerId": 40306334,
        "teamId": 100,
        "championId": 25
      },
      {
        "summonerId": 35515849,
        "teamId": 100,
        "championId": 53
      },
      {
        "summonerId": 28446421,
        "teamId": 100,
        "championId": 107
      },
      {
        "summonerId": 38298197,
        "teamId": 200,
        "championId": 67
      }
    ],
    "stats": {
      "level": 18,
      "goldEarned": 15973,
      "numDeaths": 6,
      "barracksKilled": 2,
      "turretsKilled": 2,
      "minionsKilled": 201,
      "championsKilled": 21,
      "goldSpent": 13465,
      "totalDamageDealt": 180063,
      "totalDamageTaken": 24358,
      "doubleKills": 5,
      "tripleKills": 1,
      "quadraKills": 1,
      "killingSprees": 4,
      "largestKillingSpree": 7,
      "team": 100,
      "win": true,
      "neutralMinionsKilled": 17,
      "largestMultiKill": 4,
      "physicalDamageDealtPlayer": 178079,
      "physicalDamageTaken": 18845,
      "magicDamageTaken": 3965,
      "timePlayed": 1972,
      "totalHeal": 1663,
      "totalUnitsHealed": 1,
      "assists": 8,
      "item0": 1037,
      "item1": 3071,
      "item2": 3074,
      "item3": 1036,
      "item4": 3111,
      "item5": 3156,
      "item6": 3340,
      "sightWardsBought": 1,
      "physicalDamageDealtToChampions": 34488,
      "totalDamageDealtToChampions": 36020,
      "trueDamageDealtPlayer": 1984,
      "trueDamageDealtToChampions": 1532,
      "trueDamageTaken": 1547,
      "neutralMinionsKilledEnemyJungle": 14,
      "neutralMinionsKilledYourJungle": 3,
      "totalTimeCrowdControlDealt": 309
    }
  },
  "33536215": {
    "gameId": 825976392,
    "invalid": false,
    "gameMode": "CLASSIC",
    "gameType": "MATCHED_GAME",
    "subType": "RANKED_SOLO_5x5",
    "mapId": 1,
    "teamId": 200,
    "championId": 19,
    "spell1": 4,
    "spell2": 11,
    "level": 30,
    "ipEarned": 61,
    "createDate": 1399031371035,
    "fellowPlayers": [
      {
        "summonerId": 29877862,
        "teamId": 200,
        "championId": 1
      },
      {
        "summonerId": 35253281,
        "teamId": 100,
        "championId": 92
      },
      {
        "summonerId": 19417516,
        "teamId": 200,
        "championId": 90
      },
      {
        "summonerId": 28523991,
        "teamId": 200,
        "championId": 58
      },
      {
        "summonerId": 24229261,
        "teamId": 100,
        "championId": 133
      },
      {
        "summonerId": 40306334,
        "teamId": 100,
        "championId": 25
      },
      {
        "summonerId": 35515849,
        "teamId": 100,
        "championId": 53
      },
      {
        "summonerId": 28446421,
        "teamId": 100,
        "championId": 107
      },
      {
        "summonerId": 38298197,
        "teamId": 200,
        "championId": 67
      }
    ],
    "stats": {
      "level": 11,
      "goldEarned": 6873,
      "numDeaths": 9,
      "minionsKilled": 14,
      "championsKilled": 3,
      "goldSpent": 5810,
      "totalDamageDealt": 50901,
      "totalDamageTaken": 35166,
      "killingSprees": 1,
      "largestKillingSpree": 2,
      "team": 200,
      "win": false,
      "neutralMinionsKilled": 37,
      "largestMultiKill": 1,
      "physicalDamageDealtPlayer": 24141,
      "magicDamageDealtPlayer": 18357,
      "physicalDamageTaken": 25176,
      "magicDamageTaken": 8919,
      "timePlayed": 1972,
      "totalHeal": 8886,
      "totalUnitsHealed": 1,
      "assists": 2,
      "item0": 3047,
      "item1": 3207,
      "item2": 3110,
      "item6": 3340,
      "magicDamageDealtToChampions": 6359,
      "physicalDamageDealtToChampions": 1874,
      "totalDamageDealtToChampions": 8297,
      "trueDamageDealtPlayer": 8402,
      "trueDamageDealtToChampions": 64,
      "trueDamageTaken": 1070,
      "wardPlaced": 8,
      "neutralMinionsKilledEnemyJungle": 3,
      "neutralMinionsKilledYourJungle": 34,
      "totalTimeCrowdControlDealt": 353
    }
  },
  "19417516": {
    "gameId": 825976392,
    "invalid": false,
    "gameMode": "CLASSIC",
    "gameType": "MATCHED_GAME",
    "subType": "RANKED_SOLO_5x5",
    "mapId": 1,
    "teamId": 200,
    "championId": 90,
    "spell1": 4,
    "spell2": 14,
    "level": 30,
    "ipEarned": 61,
    "createDate": 1399031371041,
    "fellowPlayers": [
      {
        "summonerId": 29877862,
        "teamId": 200,
        "championId": 1
      },
      {
        "summonerId": 33536215,
        "teamId": 200,
        "championId": 19
      },
      {
        "summonerId": 35253281,
        "teamId": 100,
        "championId": 92
      },
      {
        "summonerId": 28523991,
        "teamId": 200,
        "championId": 58
      },
      {
        "summonerId": 24229261,
        "teamId": 100,
        "championId": 133
      },
      {
        "summonerId": 40306334,
        "teamId": 100,
        "championId": 25
      },
      {
        "summonerId": 35515849,
        "teamId": 100,
        "championId": 53
      },
      {
        "summonerId": 28446421,
        "teamId": 100,
        "championId": 107
      },
      {
        "summonerId": 38298197,
        "teamId": 200,
        "championId": 67
      }
    ],
    "stats": {
      "level": 17,
      "goldEarned": 11179,
      "numDeaths": 13,
      "minionsKilled": 121,
      "championsKilled": 8,
      "goldSpent": 10880,
      "totalDamageDealt": 81491,
      "totalDamageTaken": 30685,
      "doubleKills": 3,
      "killingSprees": 2,
      "largestKillingSpree": 3,
      "team": 200,
      "win": false,
      "neutralMinionsKilled": 2,
      "largestMultiKill": 2,
      "physicalDamageDealtPlayer": 21375,
      "magicDamageDealtPlayer": 58431,
      "physicalDamageTaken": 18487,
      "magicDamageTaken": 11531,
      "timePlayed": 1972,
      "totalHeal": 859,
      "totalUnitsHealed": 1,
      "assists": 9,
      "item0": 1056,
      "item1": 3020,
      "item2": 3027,
      "item3": 3116,
      "item4": 2003,
      "item5": 3135,
      "item6": 3340,
      "magicDamageDealtToChampions": 21895,
      "physicalDamageDealtToChampions": 3051,
      "totalDamageDealtToChampions": 26510,
      "trueDamageDealtPlayer": 1684,
      "trueDamageDealtToChampions": 1564,
      "trueDamageTaken": 666,
      "wardPlaced": 2,
      "neutralMinionsKilledYourJungle": 2,
      "totalTimeCrowdControlDealt": 489
    }
  },
  "40306334": {
    "gameId": 825976392,
    "invalid": false,
    "gameMode": "CLASSIC",
    "gameType": "MATCHED_GAME",
    "subType": "RANKED_SOLO_5x5",
    "mapId": 1,
    "teamId": 100,
    "championId": 25,
    "spell1": 14,
    "spell2": 4,
    "level": 30,
    "ipEarned": 92,
    "createDate": 1399031371029,
    "fellowPlayers": [
      {
        "summonerId": 29877862,
        "teamId": 200,
        "championId": 1
      },
      {
        "summonerId": 33536215,
        "teamId": 200,
        "championId": 19
      },
      {
        "summonerId": 35253281,
        "teamId": 100,
        "championId": 92
      },
      {
        "summonerId": 19417516,
        "teamId": 200,
        "championId": 90
      },
      {
        "summonerId": 28523991,
        "teamId": 200,
        "championId": 58
      },
      {
        "summonerId": 24229261,
        "teamId": 100,
        "championId": 133
      },
      {
        "summonerId": 35515849,
        "teamId": 100,
        "championId": 53
      },
      {
        "summonerId": 28446421,
        "teamId": 100,
        "championId": 107
      },
      {
        "summonerId": 38298197,
        "teamId": 200,
        "championId": 67
      }
    ],
    "stats": {
      "level": 17,
      "goldEarned": 15405,
      "numDeaths": 6,
      "turretsKilled": 2,
      "minionsKilled": 114,
      "championsKilled": 19,
      "goldSpent": 13605,
      "totalDamageDealt": 104832,
      "totalDamageTaken": 21097,
      "doubleKills": 1,
      "killingSprees": 4,
      "largestKillingSpree": 8,
      "team": 100,
      "win": true,
      "neutralMinionsKilled": 3,
      "largestMultiKill": 2,
      "physicalDamageDealtPlayer": 22173,
      "magicDamageDealtPlayer": 80831,
      "physicalDamageTaken": 10992,
      "magicDamageTaken": 9045,
      "timePlayed": 1972,
      "totalHeal": 303,
      "totalUnitsHealed": 1,
      "assists": 28,
      "item0": 1056,
      "item1": 3089,
      "item2": 3255,
      "item3": 3157,
      "item4": 3135,
      "item5": 3174,
      "item6": 3340,
      "magicDamageDealtToChampions": 36646,
      "physicalDamageDealtToChampions": 3427,
      "totalDamageDealtToChampions": 41743,
      "trueDamageDealtPlayer": 1828,
      "trueDamageDealtToChampions": 1670,
      "trueDamageTaken": 1060,
      "wardPlaced": 1,
      "neutralMinionsKilledYourJungle": 3,
      "totalTimeCrowdControlDealt": 285
    }
  },
  "28523991": {
    "gameId": 825976392,
    "invalid": false,
    "gameMode": "CLASSIC",
    "gameType": "MATCHED_GAME",
    "subType": "RANKED_SOLO_5x5",
    "mapId": 1,
    "teamId": 200,
    "championId": 58,
    "spell1": 12,
    "spell2": 4,
    "level": 30,
    "ipEarned": 61,
    "createDate": 1399031371039,
    "fellowPlayers": [
      {
        "summonerId": 29877862,
        "teamId": 200,
        "championId": 1
      },
      {
        "summonerId": 33536215,
        "teamId": 200,
        "championId": 19
      },
      {
        "summonerId": 35253281,
        "teamId": 100,
        "championId": 92
      },
      {
        "summonerId": 19417516,
        "teamId": 200,
        "championId": 90
      },
      {
        "summonerId": 24229261,
        "teamId": 100,
        "championId": 133
      },
      {
        "summonerId": 40306334,
        "teamId": 100,
        "championId": 25
      },
      {
        "summonerId": 35515849,
        "teamId": 100,
        "championId": 53
      },
      {
        "summonerId": 28446421,
        "teamId": 100,
        "championId": 107
      },
      {
        "summonerId": 38298197,
        "teamId": 200,
        "championId": 67
      }
    ],
    "stats": {
      "level": 16,
      "goldEarned": 11018,
      "numDeaths": 16,
      "minionsKilled": 164,
      "championsKilled": 6,
      "goldSpent": 10685,
      "totalDamageDealt": 120692,
      "totalDamageTaken": 53570,
      "killingSprees": 2,
      "largestKillingSpree": 2,
      "team": 200,
      "win": false,
      "neutralMinionsKilled": 8,
      "largestMultiKill": 1,
      "physicalDamageDealtPlayer": 115517,
      "magicDamageDealtPlayer": 4795,
      "physicalDamageTaken": 37482,
      "magicDamageTaken": 13769,
      "timePlayed": 1972,
      "totalHeal": 8432,
      "totalUnitsHealed": 1,
      "assists": 9,
      "item0": 3074,
      "item1": 3143,
      "item2": 2003,
      "item3": 3260,
      "item4": 3211,
      "item5": 1028,
      "item6": 3340,
      "sightWardsBought": 1,
      "magicDamageDealtToChampions": 1667,
      "physicalDamageDealtToChampions": 22046,
      "totalDamageDealtToChampions": 23866,
      "trueDamageDealtPlayer": 380,
      "trueDamageDealtToChampions": 152,
      "trueDamageTaken": 2318,
      "wardPlaced": 7,
      "neutralMinionsKilledYourJungle": 8,
      "totalTimeCrowdControlDealt": 439
    }
  },
  "29877862": {
    "gameId": 825976392,
    "invalid": false,
    "gameMode": "CLASSIC",
    "gameType": "MATCHED_GAME",
    "subType": "RANKED_SOLO_5x5",
    "mapId": 1,
    "teamId": 200,
    "championId": 1,
    "spell1": 4,
    "spell2": 7,
    "level": 30,
    "ipEarned": 61,
    "createDate": 1399031371038,
    "fellowPlayers": [
      {
        "summonerId": 33536215,
        "teamId": 200,
        "championId": 19
      },
      {
        "summonerId": 35253281,
        "teamId": 100,
        "championId": 92
      },
      {
        "summonerId": 19417516,
        "teamId": 200,
        "championId": 90
      },
      {
        "summonerId": 28523991,
        "teamId": 200,
        "championId": 58
      },
      {
        "summonerId": 24229261,
        "teamId": 100,
        "championId": 133
      },
      {
        "summonerId": 40306334,
        "teamId": 100,
        "championId": 25
      },
      {
        "summonerId": 35515849,
        "teamId": 100,
        "championId": 53
      },
      {
        "summonerId": 28446421,
        "teamId": 100,
        "championId": 107
      },
      {
        "summonerId": 38298197,
        "teamId": 200,
        "championId": 67
      }
    ],
    "stats": {
      "level": 14,
      "goldEarned": 8363,
      "numDeaths": 15,
      "minionsKilled": 33,
      "championsKilled": 1,
      "goldSpent": 9185,
      "totalDamageDealt": 38977,
      "totalDamageTaken": 25244,
      "team": 200,
      "win": false,
      "largestMultiKill": 1,
      "physicalDamageDealtPlayer": 3283,
      "magicDamageDealtPlayer": 35694,
      "physicalDamageTaken": 14980,
      "magicDamageTaken": 10026,
      "timePlayed": 1972,
      "totalHeal": 3232,
      "totalUnitsHealed": 4,
      "assists": 8,
      "item0": 3069,
      "item1": 3020,
      "item2": 2004,
      "item3": 3135,
      "item4": 1026,
      "item6": 3341,
      "sightWardsBought": 3,
      "visionWardsBought": 1,
      "magicDamageDealtToChampions": 13672,
      "physicalDamageDealtToChampions": 555,
      "totalDamageDealtToChampions": 14228,
      "trueDamageTaken": 238,
      "wardPlaced": 16,
      "totalTimeCrowdControlDealt": 80
    }
  }
}