{
  "25493030": {
    "gameId": 825984560,
    "invalid": false,
    "gameMode": "CLASSIC",
    "gameType": "MATCHED_GAME",
    "subType": "RANKED_SOLO_5x5",
    "mapId": 1,
    "teamId": 200,
    "championId": 254,
    "spell1": 11,
    "spell2": 4,
    "level": 30,
    "ipEarned": 265,
    "createDate": 1399031973338,
    "fellowPlayers": [
      {
        "summonerId": 28098709,
        "teamId": 100,
        "championId": 92
      },
      {
        "summonerId": 35407497,
        "teamId": 100,
        "championId": 38
      },
      {
        "summonerId": 21514748,
        "teamId": 200,
        "championId": 76
      },
      {
        "summonerId": 19231642,
        "teamId": 200,
        "championId": 80
      },
      {
        "summonerId": 40700124,
        "teamId": 100,
        "championId": 1
      },
      {
        "summonerId": 29598162,
        "teamId": 100,
        "championId": 64
      },
      {
        "summonerId": 35043197,
        "teamId": 100,
        "championId": 21
      },
      {
        "summonerId": 20301275,
        "teamId": 200,
        "championId": 25
      },
      {
        "summonerId": 20314814,
        "teamId": 200,
        "championId": 29
      }
    ],
    "stats": {
      "level": 18,
      "goldEarned": 15676,
      "numDeaths": 3,
      "turretsKilled": 2,
      "minionsKilled": 66,
      "championsKilled": 8,
      "goldSpent": 13602,
      "totalDamageDealt": 251321,
      "totalDamageTaken": 33057,
      "killingSprees": 2,
      "largestKillingSpree": 6,
      "team": 200,
      "win": true,
      "neutralMinionsKilled": 124,
      "largestMultiKill": 1,
      "physicalDamageDealtPlayer": 179990,
      "magicDamageDealtPlayer": 53080,
      "physicalDamageTaken": 23265,
      "magicDamageTaken": 8773,
      "timePlayed": 2579,
      "totalHeal": 7504,
      "totalUnitsHealed": 1,
      "assists": 13,
      "item0": 3153,
      "item1": 3143,
      "item2": 3160,
      "item3": 3111,
      "item4": 3134,
      "item5": 3065,
      "item6": 3340,
      "magicDamageDealtToChampions": 1172,
      "physicalDamageDealtToChampions": 20559,
      "totalDamageDealtToChampions": 22290,
      "trueDamageDealtPlayer": 18250,
      "trueDamageDealtToChampions": 558,
      "trueDamageTaken": 1018,
      "wardPlaced": 14,
      "neutralMinionsKilledEnemyJungle": 17,
      "neutralMinionsKilledYourJungle": 107,
      "totalTimeCrowdControlDealt": 1168
    }
  },
  "summonerCount": 10,
  "21514748": {
    "gameId": 825984560,
    "invalid": false,
    "gameMode": "CLASSIC",
    "gameType": "MATCHED_GAME",
    "subType": "RANKED_SOLO_5x5",
    "mapId": 1,
    "teamId": 200,
    "championId": 76,
    "spell1": 4,
    "spell2": 7,
    "level": 30,
    "ipEarned": 115,
    "createDate": 1399031973333,
    "fellowPlayers": [
      {
        "summonerId": 28098709,
        "teamId": 100,
        "championId": 92
      },
      {
        "summonerId": 35407497,
        "teamId": 100,
        "championId": 38
      },
      {
        "summonerId": 25493030,
        "teamId": 200,
        "championId": 254
      },
      {
        "summonerId": 19231642,
        "teamId": 200,
        "championId": 80
      },
      {
        "summonerId": 40700124,
        "teamId": 100,
        "championId": 1
      },
      {
        "summonerId": 29598162,
        "teamId": 100,
        "championId": 64
      },
      {
        "summonerId": 35043197,
        "teamId": 100,
        "championId": 21
      },
      {
        "summonerId": 20301275,
        "teamId": 200,
        "championId": 25
      },
      {
        "summonerId": 20314814,
        "teamId": 200,
        "championId": 29
      }
    ],
    "stats": {
      "level": 18,
      "goldEarned": 15367,
      "numDeaths": 2,
      "turretsKilled": 1,
      "minionsKilled": 187,
      "championsKilled": 7,
      "goldSpent": 13610,
      "totalDamageDealt": 139396,
      "totalDamageTaken": 25222,
      "doubleKills": 1,
      "killingSprees": 2,
      "largestKillingSpree": 4,
      "team": 200,
      "win": true,
      "neutralMinionsKilled": 7,
      "largestMultiKill": 2,
      "physicalDamageDealtPlayer": 45644,
      "magicDamageDealtPlayer": 93752,
      "physicalDamageTaken": 9720,
      "magicDamageTaken": 15082,
      "timePlayed": 2579,
      "totalHeal": 23749,
      "totalUnitsHealed": 5,
      "assists": 16,
      "item0": 3042,
      "item1": 3157,
      "item2": 3135,
      "item3": 3089,
      "item4": 3255,
      "item6": 3340,
      "magicDamageDealtToChampions": 29593,
      "physicalDamageDealtToChampions": 4076,
      "totalDamageDealtToChampions": 33670,
      "trueDamageTaken": 420,
      "wardPlaced": 12,
      "neutralMinionsKilledEnemyJungle": 2,
      "neutralMinionsKilledYourJungle": 5
    }
  },
  "35407497": {
    "gameId": 825984560,
    "invalid": false,
    "gameMode": "CLASSIC",
    "gameType": "MATCHED_GAME",
    "subType": "RANKED_SOLO_5x5",
    "mapId": 1,
    "teamId": 100,
    "championId": 38,
    "spell1": 4,
    "spell2": 12,
    "level": 30,
    "ipEarned": 75,
    "createDate": 1399031973328,
    "fellowPlayers": [
      {
        "summonerId": 28098709,
        "teamId": 100,
        "championId": 92
      },
      {
        "summonerId": 21514748,
        "teamId": 200,
        "championId": 76
      },
      {
        "summonerId": 25493030,
        "teamId": 200,
        "championId": 254
      },
      {
        "summonerId": 19231642,
        "teamId": 200,
        "championId": 80
      },
      {
        "summonerId": 40700124,
        "teamId": 100,
        "championId": 1
      },
      {
        "summonerId": 29598162,
        "teamId": 100,
        "championId": 64
      },
      {
        "summonerId": 35043197,
        "teamId": 100,
        "championId": 21
      },
      {
        "summonerId": 20301275,
        "teamId": 200,
        "championId": 25
      },
      {
        "summonerId": 20314814,
        "teamId": 200,
        "championId": 29
      }
    ],
    "stats": {
      "level": 18,
      "goldEarned": 13701,
      "numDeaths": 10,
      "turretsKilled": 1,
      "minionsKilled": 221,
      "championsKilled": 8,
      "goldSpent": 13225,
      "totalDamageDealt": 150534,
      "totalDamageTaken": 50555,
      "doubleKills": 1,
      "killingSprees": 2,
      "largestKillingSpree": 3,
      "team": 100,
      "win": false,
      "neutralMinionsKilled": 2,
      "largestMultiKill": 2,
      "physicalDamageDealtPlayer": 25903,
      "magicDamageDealtPlayer": 124070,
      "physicalDamageTaken": 29874,
      "magicDamageTaken": 18395,
      "timePlayed": 2579,
      "totalHeal": 6129,
      "totalUnitsHealed": 1,
      "assists": 8,
      "item0": 3040,
      "item1": 3255,
      "item2": 3089,
      "item3": 3027,
      "item4": 3135,
      "item6": 3340,
      "magicDamageDealtToChampions": 39451,
      "physicalDamageDealtToChampions": 2495,
      "totalDamageDealtToChampions": 42138,
      "trueDamageDealtPlayer": 560,
      "trueDamageDealtToChampions": 192,
      "trueDamageTaken": 2286,
      "wardPlaced": 10,
      "neutralMinionsKilledYourJungle": 2,
      "totalTimeCrowdControlDealt": 690
    }
  },
  "29598162": {
    "gameId": 825984560,
    "invalid": false,
    "gameMode": "CLASSIC",
    "gameType": "MATCHED_GAME",
    "subType": "RANKED_SOLO_5x5",
    "mapId": 1,
    "teamId": 100,
    "championId": 64,
    "spell1": 4,
    "spell2": 11,
    "level": 30,
    "ipEarned": 75,
    "createDate": 1399031973329,
    "fellowPlayers": [
      {
        "summonerId": 28098709,
        "teamId": 100,
        "championId": 92
      },
      {
        "summonerId": 35407497,
        "teamId": 100,
        "championId": 38
      },
      {
        "summonerId": 21514748,
        "teamId": 200,
        "championId": 76
      },
      {
        "summonerId": 25493030,
        "teamId": 200,
        "championId": 254
      },
      {
        "summonerId": 19231642,
        "teamId": 200,
        "championId": 80
      },
      {
        "summonerId": 40700124,
        "teamId": 100,
        "championId": 1
      },
      {
        "summonerId": 35043197,
        "teamId": 100,
        "championId": 21
      },
      {
        "summonerId": 20301275,
        "teamId": 200,
        "championId": 25
      },
      {
        "summonerId": 20314814,
        "teamId": 200,
        "championId": 29
      }
    ],
    "stats": {
      "level": 18,
      "goldEarned": 10794,
      "numDeaths": 10,
      "minionsKilled": 34,
      "championsKilled": 2,
      "goldSpent": 10035,
      "totalDamageDealt": 139135,
      "totalDamageTaken": 40551,
      "team": 100,
      "win": false,
      "neutralMinionsKilled": 83,
      "largestMultiKill": 1,
      "physicalDamageDealtPlayer": 73040,
      "magicDamageDealtPlayer": 53473,
      "physicalDamageTaken": 27442,
      "magicDamageTaken": 11307,
      "timePlayed": 2579,
      "totalHeal": 6100,
      "totalUnitsHealed": 1,
      "assists": 11,
      "item0": 3077,
      "item1": 3160,
      "item2": 1053,
      "item3": 3111,
      "item4": 1028,
      "item5": 3143,
      "item6": 3340,
      "sightWardsBought": 5,
      "magicDamageDealtToChampions": 3188,
      "physicalDamageDealtToChampions": 8708,
      "totalDamageDealtToChampions": 12093,
      "trueDamageDealtPlayer": 12622,
      "trueDamageDealtToChampions": 196,
      "trueDamageTaken": 1802,
      "wardKilled": 1,
      "wardPlaced": 16,
      "neutralMinionsKilledEnemyJungle": 8,
      "neutralMinionsKilledYourJungle": 75,
      "totalTimeCrowdControlDealt": 961
    }
  },
  "40700124": {
    "gameId": 825984560,
    "invalid": false,
    "gameMode": "CLASSIC",
    "gameType": "MATCHED_GAME",
    "subType": "RANKED_SOLO_5x5",
    "mapId": 1,
    "teamId": 100,
    "championId": 1,
    "spell1": 3,
    "spell2": 4,
    "level": 30,
    "ipEarned": 75,
    "createDate": 1399031973331,
    "fellowPlayers": [
      {
        "summonerId": 28098709,
        "teamId": 100,
        "championId": 92
      },
      {
        "summonerId": 35407497,
        "teamId": 100,
        "championId": 38
      },
      {
        "summonerId": 21514748,
        "teamId": 200,
        "championId": 76
      },
      {
        "summonerId": 25493030,
        "teamId": 200,
        "championId": 254
      },
      {
        "summonerId": 19231642,
        "teamId": 200,
        "championId": 80
      },
      {
        "summonerId": 29598162,
        "teamId": 100,
        "championId": 64
      },
      {
        "summonerId": 35043197,
        "teamId": 100,
        "championId": 21
      },
      {
        "summonerId": 20301275,
        "teamId": 200,
        "championId": 25
      },
      {
        "summonerId": 20314814,
        "teamId": 200,
        "championId": 29
      }
    ],
    "stats": {
      "level": 15,
      "goldEarned": 10427,
      "numDeaths": 12,
      "minionsKilled": 23,
      "championsKilled": 3,
      "goldSpent": 9150,
      "totalDamageDealt": 44427,
      "totalDamageTaken": 25080,
      "doubleKills": 1,
      "killingSprees": 1,
      "largestKillingSpree": 2,
      "team": 100,
      "win": false,
      "largestMultiKill": 2,
      "physicalDamageDealtPlayer": 4753,
      "magicDamageDealtPlayer": 39674,
      "physicalDamageTaken": 9730,
      "magicDamageTaken": 13455,
      "timePlayed": 2579,
      "totalHeal": 1065,
      "totalUnitsHealed": 1,
      "assists": 13,
      "item0": 3157,
      "item1": 2049,
      "item2": 3092,
      "item3": 3255,
      "item4": 1011,
      "item6": 3341,
      "magicDamageDealtToChampions": 21406,
      "physicalDamageDealtToChampions": 1408,
      "totalDamageDealtToChampions": 22815,
      "trueDamageTaken": 1895,
      "wardPlaced": 19,
      "totalTimeCrowdControlDealt": 68
    }
  },
  "20314814": {
    "gameId": 825984560,
    "invalid": false,
    "gameMode": "CLASSIC",
    "gameType": "MATCHED_GAME",
    "subType": "RANKED_SOLO_5x5",
    "mapId": 1,
    "teamId": 200,
    "championId": 29,
    "spell1": 4,
    "spell2": 7,
    "level": 30,
    "ipEarned": 265,
    "createDate": 1399031973334,
    "fellowPlayers": [
      {
        "summonerId": 28098709,
        "teamId": 100,
        "championId": 92
      },
      {
        "summonerId": 35407497,
        "teamId": 100,
        "championId": 38
      },
      {
        "summonerId": 21514748,
        "teamId": 200,
        "championId": 76
      },
      {
        "summonerId": 25493030,
        "teamId": 200,
        "championId": 254
      },
      {
        "summonerId": 19231642,
        "teamId": 200,
        "championId": 80
      },
      {
        "summonerId": 40700124,
        "teamId": 100,
        "championId": 1
      },
      {
        "summonerId": 29598162,
        "teamId": 100,
        "championId": 64
      },
      {
        "summonerId": 35043197,
        "teamId": 100,
        "championId": 21
      },
      {
        "summonerId": 20301275,
        "teamId": 200,
        "championId": 25
      }
    ],
    "stats": {
      "level": 18,
      "goldEarned": 18413,
      "numDeaths": 8,
      "turretsKilled": 2,
      "minionsKilled": 247,
      "championsKilled": 17,
      "goldSpent": 16530,
      "totalDamageDealt": 208493,
      "totalDamageTaken": 38078,
      "doubleKills": 2,
      "tripleKills": 1,
      "killingSprees": 4,
      "largestKillingSpree": 6,
      "team": 200,
      "win": true,
      "neutralMinionsKilled": 15,
      "largestMultiKill": 3,
      "physicalDamageDealtPlayer": 171921,
      "magicDamageDealtPlayer": 20442,
      "physicalDamageTaken": 22521,
      "magicDamageTaken": 14823,
      "largestCriticalStrike": 710,
      "timePlayed": 2579,
      "totalHeal": 6173,
      "totalUnitsHealed": 2,
      "assists": 9,
      "item0": 3153,
      "item1": 3085,
      "item2": 3250,
      "item3": 1037,
      "item4": 3087,
      "item5": 3031,
      "item6": 3361,
      "magicDamageDealtToChampions": 3079,
      "physicalDamageDealtToChampions": 32075,
      "totalDamageDealtToChampions": 42382,
      "trueDamageDealtPlayer": 16129,
      "trueDamageDealtToChampions": 7227,
      "trueDamageTaken": 734,
      "wardPlaced": 7,
      "neutralMinionsKilledEnemyJungle": 3,
      "neutralMinionsKilledYourJungle": 12,
      "totalTimeCrowdControlDealt": 1142
    }
  },
  "35043197": {
    "gameId": 825984560,
    "invalid": false,
    "gameMode": "CLASSIC",
    "gameType": "MATCHED_GAME",
    "subType": "RANKED_SOLO_5x5",
    "mapId": 1,
    "teamId": 100,
    "championId": 21,
    "spell1": 7,
    "spell2": 4,
    "level": 30,
    "ipEarned": 75,
    "createDate": 1399031973332,
    "fellowPlayers": [
      {
        "summonerId": 28098709,
        "teamId": 100,
        "championId": 92
      },
      {
        "summonerId": 35407497,
        "teamId": 100,
        "championId": 38
      },
      {
        "summonerId": 21514748,
        "teamId": 200,
        "championId": 76
      },
      {
        "summonerId": 25493030,
        "teamId": 200,
        "championId": 254
      },
      {
        "summonerId": 19231642,
        "teamId": 200,
        "championId": 80
      },
      {
        "summonerId": 40700124,
        "teamId": 100,
        "championId": 1
      },
      {
        "summonerId": 29598162,
        "teamId": 100,
        "championId": 64
      },
      {
        "summonerId": 20301275,
        "teamId": 200,
        "championId": 25
      },
      {
        "summonerId": 20314814,
        "teamId": 200,
        "championId": 29
      }
    ],
    "stats": {
      "level": 18,
      "goldEarned": 14734,
      "numDeaths": 13,
      "minionsKilled": 222,
      "championsKilled": 9,
      "goldSpent": 14845,
      "totalDamageDealt": 187230,
      "totalDamageTaken": 41662,
      "doubleKills": 1,
      "killingSprees": 2,
      "largestKillingSpree": 2,
      "team": 100,
      "win": false,
      "neutralMinionsKilled": 19,
      "largestMultiKill": 2,
      "physicalDamageDealtPlayer": 163583,
      "magicDamageDealtPlayer": 21866,
      "physicalDamageTaken": 25021,
      "magicDamageTaken": 13471,
      "largestCriticalStrike": 877,
      "timePlayed": 2579,
      "totalHeal": 3807,
      "totalUnitsHealed": 3,
      "assists": 7,
      "item0": 3250,
      "item1": 3072,
      "item2": 3031,
      "item3": 3046,
      "item4": 3035,
      "item5": 1031,
      "item6": 3340,
      "magicDamageDealtToChampions": 6054,
      "physicalDamageDealtToChampions": 25596,
      "totalDamageDealtToChampions": 33026,
      "trueDamageDealtPlayer": 1780,
      "trueDamageDealtToChampions": 1376,
      "trueDamageTaken": 3170,
      "wardPlaced": 12,
      "neutralMinionsKilledYourJungle": 19,
      "totalTimeCrowdControlDealt": 324
    }
  },
  "20301275": {
    "gameId": 825984560,
    "invalid": false,
    "gameMode": "CLASSIC",
    "gameType": "MATCHED_GAME",
    "subType": "RANKED_SOLO_5x5",
    "mapId": 1,
    "teamId": 200,
    "championId": 25,
    "spell1": 4,
    "spell2": 14,
    "level": 30,
    "ipEarned": 265,
    "createDate": 1399031973337,
    "fellowPlayers": [
      {
        "summonerId": 28098709,
        "teamId": 100,
        "championId": 92
      },
      {
        "summonerId": 35407497,
        "teamId": 100,
        "championId": 38
      },
      {
        "summonerId": 21514748,
        "teamId": 200,
        "championId": 76
      },
      {
        "summonerId": 25493030,
        "teamId": 200,
        "championId": 254
      },
      {
        "summonerId": 19231642,
        "teamId": 200,
        "championId": 80
      },
      {
        "summonerId": 40700124,
        "teamId": 100,
        "championId": 1
      },
      {
        "summonerId": 29598162,
        "teamId": 100,
        "championId": 64
      },
      {
        "summonerId": 35043197,
        "teamId": 100,
        "championId": 21
      },
      {
        "summonerId": 20314814,
        "teamId": 200,
        "championId": 29
      }
    ],
    "stats": {
      "level": 18,
      "goldEarned": 16214,
      "numDeaths": 11,
      "barracksKilled": 1,
      "minionsKilled": 42,
      "championsKilled": 9,
      "goldSpent": 14815,
      "totalDamageDealt": 68962,
      "totalDamageTaken": 34860,
      "doubleKills": 1,
      "killingSprees": 3,
      "largestKillingSpree": 2,
      "team": 200,
      "win": true,
      "largestMultiKill": 2,
      "physicalDamageDealtPlayer": 9947,
      "magicDamageDealtPlayer": 57713,
      "physicalDamageTaken": 13533,
      "magicDamageTaken": 21009,
      "timePlayed": 2579,
      "totalHeal": 487,
      "totalUnitsHealed": 1,
      "assists": 19,
      "item0": 3157,
      "item1": 3092,
      "item2": 3255,
      "item3": 3027,
      "item4": 3089,
      "item5": 2044,
      "item6": 3340,
      "sightWardsBought": 11,
      "magicDamageDealtToChampions": 26036,
      "physicalDamageDealtToChampions": 1564,
      "totalDamageDealtToChampions": 28902,
      "trueDamageDealtPlayer": 1302,
      "trueDamageDealtToChampions": 1302,
      "trueDamageTaken": 317,
      "wardPlaced": 21,
      "totalTimeCrowdControlDealt": 174
    }
  },
  "19231642": {
    "gameId": 825984560,
    "invalid": false,
    "gameMode": "CLASSIC",
    "gameType": "MATCHED_GAME",
    "subType": "RANKED_SOLO_5x5",
    "mapId": 1,
    "teamId": 200,
    "championId": 80,
    "spell1": 14,
    "spell2": 4,
    "level": 30,
    "ipEarned": 265,
    "createDate": 1399031973336,
    "fellowPlayers": [
      {
        "summonerId": 28098709,
        "teamId": 100,
        "championId": 92
      },
      {
        "summonerId": 35407497,
        "teamId": 100,
        "championId": 38
      },
      {
        "summonerId": 21514748,
        "teamId": 200,
        "championId": 76
      },
      {
        "summonerId": 25493030,
        "teamId": 200,
        "championId": 254
      },
      {
        "summonerId": 40700124,
        "teamId": 100,
        "championId": 1
      },
      {
        "summonerId": 29598162,
        "teamId": 100,
        "championId": 64
      },
      {
        "summonerId": 35043197,
        "teamId": 100,
        "championId": 21
      },
      {
        "summonerId": 20301275,
        "teamId": 200,
        "championId": 25
      },
      {
        "summonerId": 20314814,
        "teamId": 200,
        "championId": 29
      }
    ],
    "stats": {
      "level": 18,
      "goldEarned": 16165,
      "numDeaths": 8,
      "barracksKilled": 1,
      "turretsKilled": 3,
      "minionsKilled": 219,
      "championsKilled": 10,
      "goldSpent": 15105,
      "totalDamageDealt": 195558,
      "totalDamageTaken": 37432,
      "doubleKills": 2,
      "tripleKills": 1,
      "killingSprees": 2,
      "largestKillingSpree": 3,
      "team": 200,
      "win": true,
      "neutralMinionsKilled": 20,
      "largestMultiKill": 3,
      "physicalDamageDealtPlayer": 183846,
      "magicDamageDealtPlayer": 9235,
      "physicalDamageTaken": 25862,
      "magicDamageTaken": 10627,
      "largestCriticalStrike": 970,
      "timePlayed": 2579,
      "totalHeal": 1309,
      "totalUnitsHealed": 1,
      "assists": 10,
      "item0": 3071,
      "item1": 3074,
      "item2": 3022,
      "item3": 3111,
      "item4": 3155,
      "item5": 3075,
      "item6": 3340,
      "magicDamageDealtToChampions": 1373,
      "physicalDamageDealtToChampions": 31713,
      "totalDamageDealtToChampions": 34972,
      "trueDamageDealtPlayer": 2476,
      "trueDamageDealtToChampions": 1886,
      "trueDamageTaken": 942,
      "wardPlaced": 10,
      "neutralMinionsKilledEnemyJungle": 3,
      "neutralMinionsKilledYourJungle": 17,
      "totalTimeCrowdControlDealt": 200
    }
  },
  "25493030": {
    "gameId": 825984560,
    "invalid": false,
    "gameMode": "CLASSIC",
    "gameType": "MATCHED_GAME",
    "subType": "RANKED_SOLO_5x5",
    "mapId": 1,
    "teamId": 200,
    "championId": 254,
    "spell1": 11,
    "spell2": 4,
    "level": 30,
    "ipEarned": 265,
    "createDate": 1399031973338,
    "fellowPlayers": [
      {
        "summonerId": 28098709,
        "teamId": 100,
        "championId": 92
      },
      {
        "summonerId": 35407497,
        "teamId": 100,
        "championId": 38
      },
      {
        "summonerId": 21514748,
        "teamId": 200,
        "championId": 76
      },
      {
        "summonerId": 19231642,
        "teamId": 200,
        "championId": 80
      },
      {
        "summonerId": 40700124,
        "teamId": 100,
        "championId": 1
      },
      {
        "summonerId": 29598162,
        "teamId": 100,
        "championId": 64
      },
      {
        "summonerId": 35043197,
        "teamId": 100,
        "championId": 21
      },
      {
        "summonerId": 20301275,
        "teamId": 200,
        "championId": 25
      },
      {
        "summonerId": 20314814,
        "teamId": 200,
        "championId": 29
      }
    ],
    "stats": {
      "level": 18,
      "goldEarned": 15676,
      "numDeaths": 3,
      "turretsKilled": 2,
      "minionsKilled": 66,
      "championsKilled": 8,
      "goldSpent": 13602,
      "totalDamageDealt": 251321,
      "totalDamageTaken": 33057,
      "killingSprees": 2,
      "largestKillingSpree": 6,
      "team": 200,
      "win": true,
      "neutralMinionsKilled": 124,
      "largestMultiKill": 1,
      "physicalDamageDealtPlayer": 179990,
      "magicDamageDealtPlayer": 53080,
      "physicalDamageTaken": 23265,
      "magicDamageTaken": 8773,
      "timePlayed": 2579,
      "totalHeal": 7504,
      "totalUnitsHealed": 1,
      "assists": 13,
      "item0": 3153,
      "item1": 3143,
      "item2": 3160,
      "item3": 3111,
      "item4": 3134,
      "item5": 3065,
      "item6": 3340,
      "magicDamageDealtToChampions": 1172,
      "physicalDamageDealtToChampions": 20559,
      "totalDamageDealtToChampions": 22290,
      "trueDamageDealtPlayer": 18250,
      "trueDamageDealtToChampions": 558,
      "trueDamageTaken": 1018,
      "wardPlaced": 14,
      "neutralMinionsKilledEnemyJungle": 17,
      "neutralMinionsKilledYourJungle": 107,
      "totalTimeCrowdControlDealt": 1168
    }
  }
}