{
  "29833498": {
    "gameId": 825976434,
    "invalid": false,
    "gameMode": "CLASSIC",
    "gameType": "MATCHED_GAME",
    "subType": "RANKED_SOLO_5x5",
    "mapId": 1,
    "teamId": 100,
    "championId": 89,
    "spell1": 4,
    "spell2": 3,
    "level": 30,
    "ipEarned": 92,
    "createDate": 1399031303695,
    "fellowPlayers": [
      {
        "summonerId": 30934701,
        "teamId": 200,
        "championId": 20
      },
      {
        "summonerId": 22171069,
        "teamId": 200,
        "championId": 236
      },
      {
        "summonerId": 31444471,
        "teamId": 200,
        "championId": 1
      },
      {
        "summonerId": 34282147,
        "teamId": 100,
        "championId": 92
      },
      {
        "summonerId": 29144943,
        "teamId": 100,
        "championId": 51
      },
      {
        "summonerId": 34565217,
        "teamId": 200,
        "championId": 10
      },
      {
        "summonerId": 29836048,
        "teamId": 100,
        "championId": 11
      },
      {
        "summonerId": 28635288,
        "teamId": 200,
        "championId": 98
      },
      {
        "summonerId": 21589617,
        "teamId": 100,
        "championId": 8
      }
    ],
    "stats": {
      "level": 14,
      "goldEarned": 9624,
      "turretsKilled": 1,
      "minionsKilled": 55,
      "championsKilled": 3,
      "goldSpent": 9085,
      "totalDamageDealt": 33429,
      "totalDamageTaken": 14357,
      "killingSprees": 1,
      "largestKillingSpree": 3,
      "team": 100,
      "win": true,
      "largestMultiKill": 1,
      "physicalDamageDealtPlayer": 11934,
      "magicDamageDealtPlayer": 16250,
      "physicalDamageTaken": 7697,
      "magicDamageTaken": 6434,
      "timePlayed": 1972,
      "totalHeal": 2663,
      "totalUnitsHealed": 4,
      "assists": 12,
      "item0": 3401,
      "item1": 3117,
      "item2": 2049,
      "item3": 3068,
      "item4": 3067,
      "item5": 1057,
      "item6": 3341,
      "sightWardsBought": 1,
      "magicDamageDealtToChampions": 6685,
      "physicalDamageDealtToChampions": 1796,
      "totalDamageDealtToChampions": 8554,
      "trueDamageDealtPlayer": 5244,
      "trueDamageDealtToChampions": 72,
      "trueDamageTaken": 225,
      "wardPlaced": 16,
      "totalTimeCrowdControlDealt": 75
    }
  },
  "summonerCount": 10,
  "34565217": {
    "gameId": 825976434,
    "invalid": false,
    "gameMode": "CLASSIC",
    "gameType": "MATCHED_GAME",
    "subType": "RANKED_SOLO_5x5",
    "mapId": 1,
    "teamId": 200,
    "championId": 10,
    "spell1": 4,
    "spell2": 14,
    "level": 30,
    "ipEarned": 61,
    "createDate": 1399031303698,
    "fellowPlayers": [
      {
        "summonerId": 30934701,
        "teamId": 200,
        "championId": 20
      },
      {
        "summonerId": 22171069,
        "teamId": 200,
        "championId": 236
      },
      {
        "summonerId": 31444471,
        "teamId": 200,
        "championId": 1
      },
      {
        "summonerId": 34282147,
        "teamId": 100,
        "championId": 92
      },
      {
        "summonerId": 29833498,
        "teamId": 100,
        "championId": 89
      },
      {
        "summonerId": 29144943,
        "teamId": 100,
        "championId": 51
      },
      {
        "summonerId": 29836048,
        "teamId": 100,
        "championId": 11
      },
      {
        "summonerId": 28635288,
        "teamId": 200,
        "championId": 98
      },
      {
        "summonerId": 21589617,
        "teamId": 100,
        "championId": 8
      }
    ],
    "stats": {
      "level": 16,
      "goldEarned": 11856,
      "numDeaths": 5,
      "turretsKilled": 1,
      "minionsKilled": 136,
      "championsKilled": 8,
      "goldSpent": 11115,
      "totalDamageDealt": 112118,
      "totalDamageTaken": 28299,
      "killingSprees": 3,
      "largestKillingSpree": 4,
      "team": 200,
      "win": false,
      "neutralMinionsKilled": 20,
      "largestMultiKill": 1,
      "physicalDamageDealtPlayer": 24691,
      "magicDamageDealtPlayer": 84428,
      "physicalDamageTaken": 17036,
      "magicDamageTaken": 9886,
      "timePlayed": 1972,
      "totalHeal": 9680,
      "totalUnitsHealed": 4,
      "assists": 11,
      "item0": 1056,
      "item1": 3255,
      "item2": 3115,
      "item3": 3089,
      "item4": 3057,
      "item5": 3113,
      "item6": 3340,
      "magicDamageDealtToChampions": 20563,
      "physicalDamageDealtToChampions": 4923,
      "totalDamageDealtToChampions": 27514,
      "trueDamageDealtPlayer": 2999,
      "trueDamageDealtToChampions": 2027,
      "trueDamageTaken": 1376,
      "wardPlaced": 3,
      "neutralMinionsKilledYourJungle": 20,
      "totalTimeCrowdControlDealt": 387
    }
  },
  "28635288": {
    "gameId": 825976434,
    "invalid": false,
    "gameMode": "CLASSIC",
    "gameType": "MATCHED_GAME",
    "subType": "RANKED_SOLO_5x5",
    "mapId": 1,
    "teamId": 200,
    "championId": 98,
    "spell1": 4,
    "spell2": 14,
    "level": 30,
    "ipEarned": 61,
    "createDate": 1399031303700,
    "fellowPlayers": [
      {
        "summonerId": 30934701,
        "teamId": 200,
        "championId": 20
      },
      {
        "summonerId": 22171069,
        "teamId": 200,
        "championId": 236
      },
      {
        "summonerId": 31444471,
        "teamId": 200,
        "championId": 1
      },
      {
        "summonerId": 34282147,
        "teamId": 100,
        "championId": 92
      },
      {
        "summonerId": 29833498,
        "teamId": 100,
        "championId": 89
      },
      {
        "summonerId": 29144943,
        "teamId": 100,
        "championId": 51
      },
      {
        "summonerId": 34565217,
        "teamId": 200,
        "championId": 10
      },
      {
        "summonerId": 29836048,
        "teamId": 100,
        "championId": 11
      },
      {
        "summonerId": 21589617,
        "teamId": 100,
        "championId": 8
      }
    ],
    "stats": {
      "level": 16,
      "goldEarned": 9546,
      "numDeaths": 3,
      "minionsKilled": 160,
      "championsKilled": 3,
      "goldSpent": 7905,
      "totalDamageDealt": 66297,
      "totalDamageTaken": 19994,
      "team": 200,
      "win": false,
      "neutralMinionsKilled": 6,
      "largestMultiKill": 1,
      "physicalDamageDealtPlayer": 26189,
      "magicDamageDealtPlayer": 39774,
      "physicalDamageTaken": 14229,
      "magicDamageTaken": 4284,
      "timePlayed": 1972,
      "totalHeal": 2017,
      "totalUnitsHealed": 1,
      "assists": 4,
      "item0": 1054,
      "item1": 3260,
      "item2": 3068,
      "item3": 3211,
      "item4": 3082,
      "item5": 1028,
      "item6": 3340,
      "magicDamageDealtToChampions": 5651,
      "physicalDamageDealtToChampions": 1993,
      "totalDamageDealtToChampions": 7978,
      "trueDamageDealtPlayer": 334,
      "trueDamageDealtToChampions": 334,
      "trueDamageTaken": 1480,
      "wardPlaced": 7,
      "neutralMinionsKilledEnemyJungle": 1,
      "neutralMinionsKilledYourJungle": 5,
      "totalTimeCrowdControlDealt": 75
    }
  },
  "29836048": {
    "gameId": 825976434,
    "invalid": false,
    "gameMode": "CLASSIC",
    "gameType": "MATCHED_GAME",
    "subType": "RANKED_SOLO_5x5",
    "mapId": 1,
    "teamId": 100,
    "championId": 11,
    "spell1": 4,
    "spell2": 11,
    "level": 30,
    "ipEarned": 92,
    "createDate": 1399031303690,
    "fellowPlayers": [
      {
        "summonerId": 30934701,
        "teamId": 200,
        "championId": 20
      },
      {
        "summonerId": 22171069,
        "teamId": 200,
        "championId": 236
      },
      {
        "summonerId": 31444471,
        "teamId": 200,
        "championId": 1
      },
      {
        "summonerId": 34282147,
        "teamId": 100,
        "championId": 92
      },
      {
        "summonerId": 29833498,
        "teamId": 100,
        "championId": 89
      },
      {
        "summonerId": 29144943,
        "teamId": 100,
        "championId": 51
      },
      {
        "summonerId": 34565217,
        "teamId": 200,
        "championId": 10
      },
      {
        "summonerId": 28635288,
        "teamId": 200,
        "championId": 98
      },
      {
        "summonerId": 21589617,
        "teamId": 100,
        "championId": 8
      }
    ],
    "stats": {
      "level": 17,
      "goldEarned": 13929,
      "numDeaths": 5,
      "minionsKilled": 64,
      "championsKilled": 9,
      "goldSpent": 21980,
      "totalDamageDealt": 252628,
      "totalDamageTaken": 30555,
      "doubleKills": 3,
      "killingSprees": 3,
      "largestKillingSpree": 4,
      "team": 100,
      "win": true,
      "neutralMinionsKilled": 145,
      "largestMultiKill": 2,
      "physicalDamageDealtPlayer": 181844,
      "magicDamageDealtPlayer": 45898,
      "physicalDamageTaken": 21054,
      "magicDamageTaken": 8865,
      "largestCriticalStrike": 976,
      "timePlayed": 1972,
      "totalHeal": 8026,
      "totalUnitsHealed": 1,
      "assists": 3,
      "item0": 3089,
      "item1": 3100,
      "item2": 3157,
      "item6": 3340,
      "magicDamageDealtToChampions": 2095,
      "physicalDamageDealtToChampions": 15412,
      "totalDamageDealtToChampions": 21072,
      "trueDamageDealtPlayer": 24885,
      "trueDamageDealtToChampions": 3565,
      "trueDamageTaken": 636,
      "wardPlaced": 10,
      "neutralMinionsKilledEnemyJungle": 25,
      "neutralMinionsKilledYourJungle": 120,
      "totalTimeCrowdControlDealt": 339
    }
  },
  "21589617": {
    "gameId": 825976434,
    "invalid": false,
    "gameMode": "CLASSIC",
    "gameType": "MATCHED_GAME",
    "subType": "RANKED_SOLO_5x5",
    "mapId": 1,
    "teamId": 100,
    "championId": 8,
    "spell1": 14,
    "spell2": 4,
    "level": 30,
    "ipEarned": 92,
    "createDate": 1399031303692,
    "fellowPlayers": [
      {
        "summonerId": 30934701,
        "teamId": 200,
        "championId": 20
      },
      {
        "summonerId": 22171069,
        "teamId": 200,
        "championId": 236
      },
      {
        "summonerId": 31444471,
        "teamId": 200,
        "championId": 1
      },
      {
        "summonerId": 34282147,
        "teamId": 100,
        "championId": 92
      },
      {
        "summonerId": 29833498,
        "teamId": 100,
        "championId": 89
      },
      {
        "summonerId": 29144943,
        "teamId": 100,
        "championId": 51
      },
      {
        "summonerId": 34565217,
        "teamId": 200,
        "championId": 10
      },
      {
        "summonerId": 29836048,
        "teamId": 100,
        "championId": 11
      },
      {
        "summonerId": 28635288,
        "teamId": 200,
        "championId": 98
      }
    ],
    "stats": {
      "level": 15,
      "goldEarned": 10176,
      "numDeaths": 8,
      "barracksKilled": 1,
      "turretsKilled": 2,
      "minionsKilled": 138,
      "championsKilled": 4,
      "goldSpent": 10040,
      "totalDamageDealt": 118996,
      "totalDamageTaken": 25258,
      "killingSprees": 1,
      "largestKillingSpree": 2,
      "team": 100,
      "win": true,
      "neutralMinionsKilled": 8,
      "largestMultiKill": 1,
      "physicalDamageDealtPlayer": 16586,
      "magicDamageDealtPlayer": 101511,
      "physicalDamageTaken": 11836,
      "magicDamageTaken": 12915,
      "timePlayed": 1972,
      "totalHeal": 10342,
      "totalUnitsHealed": 1,
      "assists": 6,
      "item0": 1054,
      "item2": 3157,
      "item3": 1058,
      "item4": 3152,
      "item5": 3020,
      "item6": 3340,
      "magicDamageDealtToChampions": 24458,
      "physicalDamageDealtToChampions": 866,
      "totalDamageDealtToChampions": 26224,
      "trueDamageDealtPlayer": 899,
      "trueDamageDealtToChampions": 899,
      "trueDamageTaken": 506,
      "wardPlaced": 9,
      "neutralMinionsKilledEnemyJungle": 2,
      "neutralMinionsKilledYourJungle": 6,
      "totalTimeCrowdControlDealt": 49
    }
  },
  "34282147": {
    "gameId": 825976434,
    "invalid": false,
    "gameMode": "CLASSIC",
    "gameType": "MATCHED_GAME",
    "subType": "RANKED_SOLO_5x5",
    "mapId": 1,
    "teamId": 100,
    "championId": 92,
    "spell1": 4,
    "spell2": 14,
    "level": 30,
    "ipEarned": 92,
    "createDate": 1399031303693,
    "fellowPlayers": [
      {
        "summonerId": 30934701,
        "teamId": 200,
        "championId": 20
      },
      {
        "summonerId": 22171069,
        "teamId": 200,
        "championId": 236
      },
      {
        "summonerId": 31444471,
        "teamId": 200,
        "championId": 1
      },
      {
        "summonerId": 29833498,
        "teamId": 100,
        "championId": 89
      },
      {
        "summonerId": 29144943,
        "teamId": 100,
        "championId": 51
      },
      {
        "summonerId": 34565217,
        "teamId": 200,
        "championId": 10
      },
      {
        "summonerId": 29836048,
        "teamId": 100,
        "championId": 11
      },
      {
        "summonerId": 28635288,
        "teamId": 200,
        "championId": 98
      },
      {
        "summonerId": 21589617,
        "teamId": 100,
        "championId": 8
      }
    ],
    "stats": {
      "level": 17,
      "goldEarned": 11872,
      "numDeaths": 6,
      "turretsKilled": 2,
      "minionsKilled": 201,
      "championsKilled": 5,
      "goldSpent": 10985,
      "totalDamageDealt": 137383,
      "totalDamageTaken": 20466,
      "killingSprees": 2,
      "largestKillingSpree": 3,
      "team": 100,
      "win": true,
      "neutralMinionsKilled": 12,
      "largestMultiKill": 1,
      "physicalDamageDealtPlayer": 135226,
      "magicDamageDealtPlayer": 533,
      "physicalDamageTaken": 10660,
      "magicDamageTaken": 8630,
      "timePlayed": 1972,
      "totalHeal": 841,
      "totalUnitsHealed": 1,
      "assists": 6,
      "item0": 2003,
      "item1": 3074,
      "item2": 3158,
      "item3": 3035,
      "item4": 3072,
      "item6": 3340,
      "sightWardsBought": 3,
      "magicDamageDealtToChampions": 454,
      "physicalDamageDealtToChampions": 18662,
      "totalDamageDealtToChampions": 20313,
      "trueDamageDealtPlayer": 1624,
      "trueDamageDealtToChampions": 1196,
      "trueDamageTaken": 1175,
      "wardPlaced": 10,
      "neutralMinionsKilledEnemyJungle": 2,
      "neutralMinionsKilledYourJungle": 10,
      "totalTimeCrowdControlDealt": 165
    }
  },
  "29144943": {
    "gameId": 825976434,
    "invalid": false,
    "gameMode": "CLASSIC",
    "gameType": "MATCHED_GAME",
    "subType": "RANKED_SOLO_5x5",
    "mapId": 1,
    "teamId": 100,
    "championId": 51,
    "spell1": 4,
    "spell2": 7,
    "level": 30,
    "ipEarned": 92,
    "createDate": 1399031303694,
    "fellowPlayers": [
      {
        "summonerId": 30934701,
        "teamId": 200,
        "championId": 20
      },
      {
        "summonerId": 22171069,
        "teamId": 200,
        "championId": 236
      },
      {
        "summonerId": 31444471,
        "teamId": 200,
        "championId": 1
      },
      {
        "summonerId": 34282147,
        "teamId": 100,
        "championId": 92
      },
      {
        "summonerId": 29833498,
        "teamId": 100,
        "championId": 89
      },
      {
        "summonerId": 34565217,
        "teamId": 200,
        "championId": 10
      },
      {
        "summonerId": 29836048,
        "teamId": 100,
        "championId": 11
      },
      {
        "summonerId": 28635288,
        "teamId": 200,
        "championId": 98
      },
      {
        "summonerId": 21589617,
        "teamId": 100,
        "championId": 8
      }
    ],
    "stats": {
      "level": 15,
      "goldEarned": 10955,
      "numDeaths": 2,
      "turretsKilled": 2,
      "minionsKilled": 197,
      "championsKilled": 1,
      "goldSpent": 9480,
      "totalDamageDealt": 133582,
      "totalDamageTaken": 12909,
      "team": 100,
      "win": true,
      "neutralMinionsKilled": 13,
      "largestMultiKill": 1,
      "physicalDamageDealtPlayer": 123253,
      "magicDamageDealtPlayer": 10328,
      "physicalDamageTaken": 6883,
      "magicDamageTaken": 5752,
      "largestCriticalStrike": 644,
      "timePlayed": 1972,
      "totalHeal": 2199,
      "totalUnitsHealed": 2,
      "assists": 9,
      "item0": 1055,
      "item1": 3072,
      "item2": 3006,
      "item3": 3087,
      "item4": 3035,
      "item6": 3340,
      "magicDamageDealtToChampions": 3508,
      "physicalDamageDealtToChampions": 16510,
      "totalDamageDealtToChampions": 20018,
      "trueDamageTaken": 274,
      "wardKilled": 1,
      "wardPlaced": 5,
      "neutralMinionsKilledEnemyJungle": 5,
      "neutralMinionsKilledYourJungle": 8,
      "totalTimeCrowdControlDealt": 55
    }
  },
  "22171069": {
    "gameId": 825976434,
    "invalid": false,
    "gameMode": "CLASSIC",
    "gameType": "MATCHED_GAME",
    "subType": "RANKED_SOLO_5x5",
    "mapId": 1,
    "teamId": 200,
    "championId": 236,
    "spell1": 4,
    "spell2": 7,
    "level": 30,
    "ipEarned": 61,
    "createDate": 1399031303696,
    "fellowPlayers": [
      {
        "summonerId": 30934701,
        "teamId": 200,
        "championId": 20
      },
      {
        "summonerId": 31444471,
        "teamId": 200,
        "championId": 1
      },
      {
        "summonerId": 34282147,
        "teamId": 100,
        "championId": 92
      },
      {
        "summonerId": 29833498,
        "teamId": 100,
        "championId": 89
      },
      {
        "summonerId": 29144943,
        "teamId": 100,
        "championId": 51
      },
      {
        "summonerId": 34565217,
        "teamId": 200,
        "championId": 10
      },
      {
        "summonerId": 29836048,
        "teamId": 100,
        "championId": 11
      },
      {
        "summonerId": 28635288,
        "teamId": 200,
        "championId": 98
      },
      {
        "summonerId": 21589617,
        "teamId": 100,
        "championId": 8
      }
    ],
    "stats": {
      "level": 15,
      "goldEarned": 10607,
      "numDeaths": 4,
      "turretsKilled": 1,
      "minionsKilled": 173,
      "championsKilled": 5,
      "goldSpent": 8558,
      "totalDamageDealt": 102376,
      "totalDamageTaken": 20274,
      "killingSprees": 1,
      "largestKillingSpree": 3,
      "team": 200,
      "win": false,
      "neutralMinionsKilled": 1,
      "largestMultiKill": 1,
      "physicalDamageDealtPlayer": 92407,
      "magicDamageDealtPlayer": 9968,
      "physicalDamageTaken": 12207,
      "magicDamageTaken": 7562,
      "largestCriticalStrike": 524,
      "timePlayed": 1972,
      "totalHeal": 3121,
      "totalUnitsHealed": 4,
      "assists": 8,
      "item0": 2003,
      "item1": 3078,
      "item2": 3072,
      "item3": 3006,
      "item6": 3340,
      "magicDamageDealtToChampions": 421,
      "physicalDamageDealtToChampions": 14140,
      "totalDamageDealtToChampions": 14561,
      "trueDamageTaken": 505,
      "wardPlaced": 8,
      "neutralMinionsKilledYourJungle": 1
    }
  },
  "31444471": {
    "gameId": 825976434,
    "invalid": false,
    "gameMode": "CLASSIC",
    "gameType": "MATCHED_GAME",
    "subType": "RANKED_SOLO_5x5",
    "mapId": 1,
    "teamId": 200,
    "championId": 1,
    "spell1": 4,
    "spell2": 3,
    "level": 30,
    "ipEarned": 61,
    "createDate": 1399031303699,
    "fellowPlayers": [
      {
        "summonerId": 30934701,
        "teamId": 200,
        "championId": 20
      },
      {
        "summonerId": 22171069,
        "teamId": 200,
        "championId": 236
      },
      {
        "summonerId": 34282147,
        "teamId": 100,
        "championId": 92
      },
      {
        "summonerId": 29833498,
        "teamId": 100,
        "championId": 89
      },
      {
        "summonerId": 29144943,
        "teamId": 100,
        "championId": 51
      },
      {
        "summonerId": 34565217,
        "teamId": 200,
        "championId": 10
      },
      {
        "summonerId": 29836048,
        "teamId": 100,
        "championId": 11
      },
      {
        "summonerId": 28635288,
        "teamId": 200,
        "championId": 98
      },
      {
        "summonerId": 21589617,
        "teamId": 100,
        "championId": 8
      }
    ],
    "stats": {
      "level": 14,
      "goldEarned": 7968,
      "numDeaths": 7,
      "minionsKilled": 21,
      "championsKilled": 2,
      "goldSpent": 6605,
      "totalDamageDealt": 28723,
      "totalDamageTaken": 19179,
      "killingSprees": 1,
      "largestKillingSpree": 2,
      "team": 200,
      "win": false,
      "largestMultiKill": 1,
      "physicalDamageDealtPlayer": 7551,
      "magicDamageDealtPlayer": 21069,
      "physicalDamageTaken": 11921,
      "magicDamageTaken": 6741,
      "timePlayed": 1972,
      "totalHeal": 759,
      "totalUnitsHealed": 1,
      "assists": 6,
      "item0": 2049,
      "item1": 3027,
      "item2": 3020,
      "item3": 3096,
      "item4": 1026,
      "item6": 3340,
      "sightWardsBought": 1,
      "magicDamageDealtToChampions": 9273,
      "physicalDamageDealtToChampions": 1289,
      "totalDamageDealtToChampions": 10635,
      "trueDamageDealtPlayer": 102,
      "trueDamageDealtToChampions": 72,
      "trueDamageTaken": 517,
      "wardPlaced": 14,
      "totalTimeCrowdControlDealt": 103
    }
  },
  "30934701": {
    "gameId": 825976434,
    "invalid": false,
    "gameMode": "CLASSIC",
    "gameType": "MATCHED_GAME",
    "subType": "RANKED_SOLO_5x5",
    "mapId": 1,
    "teamId": 200,
    "championId": 20,
    "spell1": 4,
    "spell2": 11,
    "level": 30,
    "ipEarned": 61,
    "createDate": 1399031303701,
    "fellowPlayers": [
      {
        "summonerId": 22171069,
        "teamId": 200,
        "championId": 236
      },
      {
        "summonerId": 31444471,
        "teamId": 200,
        "championId": 1
      },
      {
        "summonerId": 34282147,
        "teamId": 100,
        "championId": 92
      },
      {
        "summonerId": 29833498,
        "teamId": 100,
        "championId": 89
      },
      {
        "summonerId": 29144943,
        "teamId": 100,
        "championId": 51
      },
      {
        "summonerId": 34565217,
        "teamId": 200,
        "championId": 10
      },
      {
        "summonerId": 29836048,
        "teamId": 100,
        "championId": 11
      },
      {
        "summonerId": 28635288,
        "teamId": 200,
        "championId": 98
      },
      {
        "summonerId": 21589617,
        "teamId": 100,
        "championId": 8
      }
    ],
    "stats": {
      "level": 16,
      "goldEarned": 9879,
      "numDeaths": 3,
      "turretsKilled": 1,
      "minionsKilled": 61,
      "championsKilled": 3,
      "goldSpent": 8470,
      "totalDamageDealt": 111031,
      "totalDamageTaken": 32951,
      "doubleKills": 1,
      "killingSprees": 1,
      "largestKillingSpree": 2,
      "team": 200,
      "win": false,
      "neutralMinionsKilled": 50,
      "largestMultiKill": 2,
      "physicalDamageDealtPlayer": 25740,
      "magicDamageDealtPlayer": 30553,
      "physicalDamageTaken": 22114,
      "magicDamageTaken": 8938,
      "timePlayed": 1972,
      "totalHeal": 10597,
      "totalUnitsHealed": 1,
      "assists": 10,
      "item0": 3207,
      "item1": 3260,
      "item2": 3110,
      "item3": 1056,
      "item4": 1031,
      "item5": 1011,
      "item6": 3341,
      "visionWardsBought": 1,
      "magicDamageDealtToChampions": 6689,
      "physicalDamageDealtToChampions": 378,
      "totalDamageDealtToChampions": 7136,
      "trueDamageDealtPlayer": 54738,
      "trueDamageDealtToChampions": 68,
      "trueDamageTaken": 1899,
      "wardPlaced": 9,
      "neutralMinionsKilledEnemyJungle": 5,
      "neutralMinionsKilledYourJungle": 45,
      "totalTimeCrowdControlDealt": 1342
    }
  }
}