{
  "21925768": {
    "gameId": 825976691,
    "invalid": false,
    "gameMode": "CLASSIC",
    "gameType": "MATCHED_GAME",
    "subType": "RANKED_SOLO_5x5",
    "mapId": 1,
    "teamId": 100,
    "championId": 19,
    "spell1": 4,
    "spell2": 11,
    "level": 30,
    "ipEarned": 82,
    "createDate": 1399032250858,
    "fellowPlayers": [
      {
        "summonerId": 24169060,
        "teamId": 200,
        "championId": 157
      },
      {
        "summonerId": 29226170,
        "teamId": 100,
        "championId": 412
      },
      {
        "summonerId": 22082450,
        "teamId": 100,
        "championId": 222
      },
      {
        "summonerId": 34811584,
        "teamId": 200,
        "championId": 120
      },
      {
        "summonerId": 19829039,
        "teamId": 200,
        "championId": 81
      },
      {
        "summonerId": 31734494,
        "teamId": 200,
        "championId": 16
      },
      {
        "summonerId": 23210718,
        "teamId": 200,
        "championId": 10
      },
      {
        "summonerId": 33083390,
        "teamId": 100,
        "championId": 7
      },
      {
        "summonerId": 34882302,
        "teamId": 100,
        "championId": 107
      }
    ],
    "stats": {
      "level": 18,
      "goldEarned": 19555,
      "numDeaths": 8,
      "minionsKilled": 130,
      "championsKilled": 13,
      "goldSpent": 15025,
      "totalDamageDealt": 237643,
      "totalDamageTaken": 73034,
      "killingSprees": 4,
      "largestKillingSpree": 4,
      "team": 100,
      "win": false,
      "neutralMinionsKilled": 103,
      "largestMultiKill": 1,
      "physicalDamageDealtPlayer": 100980,
      "magicDamageDealtPlayer": 118540,
      "physicalDamageTaken": 43792,
      "magicDamageTaken": 25713,
      "timePlayed": 2871,
      "totalHeal": 40724,
      "totalUnitsHealed": 1,
      "assists": 23,
      "item0": 3160,
      "item1": 3143,
      "item2": 3280,
      "item3": 3110,
      "item4": 3091,
      "item5": 3065,
      "item6": 3362,
      "magicDamageDealtToChampions": 26344,
      "physicalDamageDealtToChampions": 13880,
      "totalDamageDealtToChampions": 42253,
      "trueDamageDealtPlayer": 18122,
      "trueDamageDealtToChampions": 2028,
      "trueDamageTaken": 3529,
      "wardKilled": 2,
      "wardPlaced": 5,
      "neutralMinionsKilledEnemyJungle": 11,
      "neutralMinionsKilledYourJungle": 92,
      "totalTimeCrowdControlDealt": 3640
    }
  },
  "summonerCount": 10,
  "31734494": {
    "gameId": 825976691,
    "invalid": false,
    "gameMode": "CLASSIC",
    "gameType": "MATCHED_GAME",
    "subType": "RANKED_SOLO_5x5",
    "mapId": 1,
    "teamId": 200,
    "championId": 16,
    "spell1": 3,
    "spell2": 4,
    "level": 30,
    "ipEarned": 127,
    "createDate": 1399032250866,
    "fellowPlayers": [
      {
        "summonerId": 24169060,
        "teamId": 200,
        "championId": 157
      },
      {
        "summonerId": 29226170,
        "teamId": 100,
        "championId": 412
      },
      {
        "summonerId": 22082450,
        "teamId": 100,
        "championId": 222
      },
      {
        "summonerId": 34811584,
        "teamId": 200,
        "championId": 120
      },
      {
        "summonerId": 19829039,
        "teamId": 200,
        "championId": 81
      },
      {
        "summonerId": 23210718,
        "teamId": 200,
        "championId": 10
      },
      {
        "summonerId": 33083390,
        "teamId": 100,
        "championId": 7
      },
      {
        "summonerId": 34882302,
        "teamId": 100,
        "championId": 107
      },
      {
        "summonerId": 21925768,
        "teamId": 100,
        "championId": 19
      }
    ],
    "stats": {
      "level": 18,
      "goldEarned": 15732,
      "numDeaths": 9,
      "barracksKilled": 2,
      "minionsKilled": 38,
      "championsKilled": 1,
      "goldSpent": 14175,
      "totalDamageDealt": 69531,
      "totalDamageTaken": 40973,
      "team": 200,
      "win": true,
      "neutralMinionsKilled": 6,
      "largestMultiKill": 1,
      "physicalDamageDealtPlayer": 15205,
      "magicDamageDealtPlayer": 54326,
      "physicalDamageTaken": 24232,
      "magicDamageTaken": 16208,
      "timePlayed": 2871,
      "totalHeal": 29979,
      "totalUnitsHealed": 5,
      "assists": 33,
      "item0": 2045,
      "item1": 3069,
      "item2": 3151,
      "item3": 3116,
      "item4": 3111,
      "item5": 3065,
      "item6": 3340,
      "sightWardsBought": 2,
      "visionWardsBought": 3,
      "magicDamageDealtToChampions": 17863,
      "physicalDamageDealtToChampions": 3272,
      "totalDamageDealtToChampions": 21135,
      "trueDamageTaken": 533,
      "wardPlaced": 24,
      "neutralMinionsKilledEnemyJungle": 1,
      "neutralMinionsKilledYourJungle": 5,
      "totalTimeCrowdControlDealt": 358
    }
  },
  "34811584": {
    "gameId": 825976691,
    "invalid": false,
    "gameMode": "CLASSIC",
    "gameType": "MATCHED_GAME",
    "subType": "RANKED_SOLO_5x5",
    "mapId": 1,
    "teamId": 200,
    "championId": 120,
    "spell1": 6,
    "spell2": 11,
    "level": 30,
    "ipEarned": 127,
    "createDate": 1399032250865,
    "fellowPlayers": [
      {
        "summonerId": 24169060,
        "teamId": 200,
        "championId": 157
      },
      {
        "summonerId": 29226170,
        "teamId": 100,
        "championId": 412
      },
      {
        "summonerId": 22082450,
        "teamId": 100,
        "championId": 222
      },
      {
        "summonerId": 19829039,
        "teamId": 200,
        "championId": 81
      },
      {
        "summonerId": 31734494,
        "teamId": 200,
        "championId": 16
      },
      {
        "summonerId": 23210718,
        "teamId": 200,
        "championId": 10
      },
      {
        "summonerId": 33083390,
        "teamId": 100,
        "championId": 7
      },
      {
        "summonerId": 34882302,
        "teamId": 100,
        "championId": 107
      },
      {
        "summonerId": 21925768,
        "teamId": 100,
        "championId": 19
      }
    ],
    "stats": {
      "level": 18,
      "goldEarned": 20161,
      "numDeaths": 10,
      "barracksKilled": 1,
      "minionsKilled": 124,
      "championsKilled": 7,
      "goldSpent": 22270,
      "totalDamageDealt": 292020,
      "totalDamageTaken": 68029,
      "doubleKills": 1,
      "killingSprees": 1,
      "largestKillingSpree": 4,
      "team": 200,
      "win": true,
      "neutralMinionsKilled": 114,
      "largestMultiKill": 2,
      "physicalDamageDealtPlayer": 182461,
      "magicDamageDealtPlayer": 72569,
      "physicalDamageTaken": 46560,
      "magicDamageTaken": 20307,
      "timePlayed": 2871,
      "totalHeal": 19912,
      "totalUnitsHealed": 1,
      "assists": 24,
      "item0": 3209,
      "item1": 3102,
      "item2": 3143,
      "item3": 3265,
      "item4": 3065,
      "item5": 3068,
      "item6": 3340,
      "magicDamageDealtToChampions": 14321,
      "physicalDamageDealtToChampions": 21446,
      "totalDamageDealtToChampions": 40228,
      "trueDamageDealtPlayer": 36990,
      "trueDamageDealtToChampions": 4460,
      "trueDamageTaken": 1162,
      "wardKilled": 1,
      "wardPlaced": 4,
      "neutralMinionsKilledEnemyJungle": 27,
      "neutralMinionsKilledYourJungle": 87,
      "totalTimeCrowdControlDealt": 1001
    }
  },
  "24169060": {
    "gameId": 825976691,
    "invalid": false,
    "gameMode": "CLASSIC",
    "gameType": "MATCHED_GAME",
    "subType": "RANKED_SOLO_5x5",
    "mapId": 1,
    "teamId": 200,
    "championId": 157,
    "spell1": 14,
    "spell2": 4,
    "level": 30,
    "ipEarned": 127,
    "createDate": 1399032250864,
    "fellowPlayers": [
      {
        "summonerId": 29226170,
        "teamId": 100,
        "championId": 412
      },
      {
        "summonerId": 22082450,
        "teamId": 100,
        "championId": 222
      },
      {
        "summonerId": 34811584,
        "teamId": 200,
        "championId": 120
      },
      {
        "summonerId": 19829039,
        "teamId": 200,
        "championId": 81
      },
      {
        "summonerId": 31734494,
        "teamId": 200,
        "championId": 16
      },
      {
        "summonerId": 23210718,
        "teamId": 200,
        "championId": 10
      },
      {
        "summonerId": 33083390,
        "teamId": 100,
        "championId": 7
      },
      {
        "summonerId": 34882302,
        "teamId": 100,
        "championId": 107
      },
      {
        "summonerId": 21925768,
        "teamId": 100,
        "championId": 19
      }
    ],
    "stats": {
      "level": 18,
      "goldEarned": 23698,
      "numDeaths": 11,
      "barracksKilled": 1,
      "turretsKilled": 1,
      "minionsKilled": 303,
      "championsKilled": 22,
      "goldSpent": 23965,
      "totalDamageDealt": 341303,
      "totalDamageTaken": 48764,
      "doubleKills": 1,
      "killingSprees": 6,
      "largestKillingSpree": 5,
      "team": 200,
      "win": true,
      "neutralMinionsKilled": 55,
      "largestMultiKill": 2,
      "physicalDamageDealtPlayer": 266186,
      "magicDamageDealtPlayer": 71010,
      "physicalDamageTaken": 31185,
      "magicDamageTaken": 16422,
      "largestCriticalStrike": 721,
      "timePlayed": 2871,
      "totalHeal": 2129,
      "totalUnitsHealed": 1,
      "assists": 5,
      "item0": 3102,
      "item1": 3143,
      "item2": 3072,
      "item3": 3172,
      "item4": 3087,
      "item5": 3031,
      "item6": 3364,
      "sightWardsBought": 3,
      "magicDamageDealtToChampions": 9492,
      "physicalDamageDealtToChampions": 45036,
      "totalDamageDealtToChampions": 57534,
      "trueDamageDealtPlayer": 4105,
      "trueDamageDealtToChampions": 3005,
      "trueDamageTaken": 1155,
      "wardKilled": 1,
      "wardPlaced": 22,
      "neutralMinionsKilledEnemyJungle": 12,
      "neutralMinionsKilledYourJungle": 43,
      "totalTimeCrowdControlDealt": 614
    }
  },
  "22082450": {
    "gameId": 825976691,
    "invalid": false,
    "gameMode": "CLASSIC",
    "gameType": "MATCHED_GAME",
    "subType": "RANKED_SOLO_5x5",
    "mapId": 1,
    "teamId": 100,
    "championId": 222,
    "spell1": 7,
    "spell2": 4,
    "level": 30,
    "ipEarned": 82,
    "createDate": 1399032250860,
    "fellowPlayers": [
      {
        "summonerId": 24169060,
        "teamId": 200,
        "championId": 157
      },
      {
        "summonerId": 29226170,
        "teamId": 100,
        "championId": 412
      },
      {
        "summonerId": 34811584,
        "teamId": 200,
        "championId": 120
      },
      {
        "summonerId": 19829039,
        "teamId": 200,
        "championId": 81
      },
      {
        "summonerId": 31734494,
        "teamId": 200,
        "championId": 16
      },
      {
        "summonerId": 23210718,
        "teamId": 200,
        "championId": 10
      },
      {
        "summonerId": 33083390,
        "teamId": 100,
        "championId": 7
      },
      {
        "summonerId": 34882302,
        "teamId": 100,
        "championId": 107
      },
      {
        "summonerId": 21925768,
        "teamId": 100,
        "championId": 19
      }
    ],
    "stats": {
      "level": 18,
      "goldEarned": 19208,
      "numDeaths": 11,
      "turretsKilled": 4,
      "minionsKilled": 235,
      "championsKilled": 18,
      "goldSpent": 19925,
      "totalDamageDealt": 260638,
      "totalDamageTaken": 41401,
      "doubleKills": 3,
      "killingSprees": 6,
      "largestKillingSpree": 6,
      "team": 100,
      "win": false,
      "neutralMinionsKilled": 11,
      "largestMultiKill": 2,
      "physicalDamageDealtPlayer": 252580,
      "magicDamageDealtPlayer": 7085,
      "physicalDamageTaken": 22273,
      "magicDamageTaken": 17593,
      "largestCriticalStrike": 1110,
      "timePlayed": 2871,
      "totalHeal": 6401,
      "totalUnitsHealed": 4,
      "assists": 16,
      "item0": 3046,
      "item1": 3139,
      "item2": 3031,
      "item3": 3072,
      "item4": 3250,
      "item5": 3035,
      "item6": 3340,
      "magicDamageDealtToChampions": 4221,
      "physicalDamageDealtToChampions": 53861,
      "totalDamageDealtToChampions": 58350,
      "trueDamageDealtPlayer": 972,
      "trueDamageDealtToChampions": 268,
      "trueDamageTaken": 1534,
      "wardKilled": 1,
      "wardPlaced": 9,
      "neutralMinionsKilledYourJungle": 11,
      "totalTimeCrowdControlDealt": 497
    }
  },
  "29226170": {
    "gameId": 825976691,
    "invalid": false,
    "gameMode": "CLASSIC",
    "gameType": "MATCHED_GAME",
    "subType": "RANKED_SOLO_5x5",
    "mapId": 1,
    "teamId": 100,
    "championId": 412,
    "spell1": 4,
    "spell2": 3,
    "level": 30,
    "ipEarned": 82,
    "createDate": 1399032250861,
    "fellowPlayers": [
      {
        "summonerId": 24169060,
        "teamId": 200,
        "championId": 157
      },
      {
        "summonerId": 22082450,
        "teamId": 100,
        "championId": 222
      },
      {
        "summonerId": 34811584,
        "teamId": 200,
        "championId": 120
      },
      {
        "summonerId": 19829039,
        "teamId": 200,
        "championId": 81
      },
      {
        "summonerId": 31734494,
        "teamId": 200,
        "championId": 16
      },
      {
        "summonerId": 23210718,
        "teamId": 200,
        "championId": 10
      },
      {
        "summonerId": 33083390,
        "teamId": 100,
        "championId": 7
      },
      {
        "summonerId": 34882302,
        "teamId": 100,
        "championId": 107
      },
      {
        "summonerId": 21925768,
        "teamId": 100,
        "championId": 19
      }
    ],
    "stats": {
      "level": 18,
      "goldEarned": 15811,
      "numDeaths": 10,
      "barracksKilled": 1,
      "minionsKilled": 39,
      "championsKilled": 3,
      "goldSpent": 14990,
      "totalDamageDealt": 59286,
      "totalDamageTaken": 44915,
      "killingSprees": 1,
      "largestKillingSpree": 2,
      "team": 100,
      "win": false,
      "neutralMinionsKilled": 1,
      "largestMultiKill": 1,
      "physicalDamageDealtPlayer": 13944,
      "magicDamageDealtPlayer": 44795,
      "physicalDamageTaken": 21992,
      "magicDamageTaken": 21019,
      "timePlayed": 2871,
      "totalHeal": 6588,
      "totalUnitsHealed": 1,
      "assists": 33,
      "item0": 3069,
      "item1": 2045,
      "item2": 3068,
      "item3": 3270,
      "item4": 3083,
      "item5": 3026,
      "item6": 3362,
      "sightWardsBought": 1,
      "magicDamageDealtToChampions": 18918,
      "physicalDamageDealtToChampions": 3484,
      "totalDamageDealtToChampions": 22487,
      "trueDamageDealtPlayer": 546,
      "trueDamageDealtToChampions": 84,
      "trueDamageTaken": 1903,
      "wardPlaced": 26,
      "neutralMinionsKilledYourJungle": 1,
      "totalTimeCrowdControlDealt": 295
    }
  },
  "34882302": {
    "gameId": 825976691,
    "invalid": false,
    "gameMode": "CLASSIC",
    "gameType": "MATCHED_GAME",
    "subType": "RANKED_SOLO_5x5",
    "mapId": 1,
    "teamId": 100,
    "championId": 107,
    "spell1": 4,
    "spell2": 14,
    "level": 30,
    "ipEarned": 82,
    "createDate": 1399032250857,
    "fellowPlayers": [
      {
        "summonerId": 24169060,
        "teamId": 200,
        "championId": 157
      },
      {
        "summonerId": 29226170,
        "teamId": 100,
        "championId": 412
      },
      {
        "summonerId": 22082450,
        "teamId": 100,
        "championId": 222
      },
      {
        "summonerId": 34811584,
        "teamId": 200,
        "championId": 120
      },
      {
        "summonerId": 19829039,
        "teamId": 200,
        "championId": 81
      },
      {
        "summonerId": 31734494,
        "teamId": 200,
        "championId": 16
      },
      {
        "summonerId": 23210718,
        "teamId": 200,
        "championId": 10
      },
      {
        "summonerId": 33083390,
        "teamId": 100,
        "championId": 7
      },
      {
        "summonerId": 21925768,
        "teamId": 100,
        "championId": 19
      }
    ],
    "stats": {
      "level": 18,
      "goldEarned": 16577,
      "numDeaths": 19,
      "turretsKilled": 1,
      "minionsKilled": 209,
      "championsKilled": 12,
      "goldSpent": 12830,
      "totalDamageDealt": 210058,
      "totalDamageTaken": 54831,
      "doubleKills": 1,
      "killingSprees": 4,
      "largestKillingSpree": 3,
      "team": 100,
      "win": false,
      "neutralMinionsKilled": 26,
      "largestMultiKill": 2,
      "physicalDamageDealtPlayer": 189802,
      "magicDamageDealtPlayer": 18652,
      "physicalDamageTaken": 34934,
      "magicDamageTaken": 18043,
      "timePlayed": 2871,
      "totalHeal": 7025,
      "totalUnitsHealed": 1,
      "assists": 9,
      "item0": 1011,
      "item1": 3074,
      "item2": 3071,
      "item3": 3260,
      "item4": 3035,
      "item5": 3082,
      "item6": 3171,
      "magicDamageDealtToChampions": 2589,
      "physicalDamageDealtToChampions": 26114,
      "totalDamageDealtToChampions": 30263,
      "trueDamageDealtPlayer": 1603,
      "trueDamageDealtToChampions": 1559,
      "trueDamageTaken": 1853,
      "wardPlaced": 9,
      "neutralMinionsKilledEnemyJungle": 5,
      "neutralMinionsKilledYourJungle": 21,
      "totalTimeCrowdControlDealt": 331
    }
  },
  "23210718": {
    "gameId": 825976691,
    "invalid": false,
    "gameMode": "CLASSIC",
    "gameType": "MATCHED_GAME",
    "subType": "RANKED_SOLO_5x5",
    "mapId": 1,
    "teamId": 200,
    "championId": 10,
    "spell1": 14,
    "spell2": 4,
    "level": 30,
    "ipEarned": 277,
    "createDate": 1399032250863,
    "fellowPlayers": [
      {
        "summonerId": 24169060,
        "teamId": 200,
        "championId": 157
      },
      {
        "summonerId": 29226170,
        "teamId": 100,
        "championId": 412
      },
      {
        "summonerId": 22082450,
        "teamId": 100,
        "championId": 222
      },
      {
        "summonerId": 34811584,
        "teamId": 200,
        "championId": 120
      },
      {
        "summonerId": 19829039,
        "teamId": 200,
        "championId": 81
      },
      {
        "summonerId": 31734494,
        "teamId": 200,
        "championId": 16
      },
      {
        "summonerId": 33083390,
        "teamId": 100,
        "championId": 7
      },
      {
        "summonerId": 34882302,
        "teamId": 100,
        "championId": 107
      },
      {
        "summonerId": 21925768,
        "teamId": 100,
        "championId": 19
      }
    ],
    "stats": {
      "level": 18,
      "goldEarned": 17686,
      "numDeaths": 17,
      "minionsKilled": 133,
      "championsKilled": 15,
      "goldSpent": 17030,
      "totalDamageDealt": 205628,
      "totalDamageTaken": 64638,
      "doubleKills": 4,
      "killingSprees": 3,
      "largestKillingSpree": 8,
      "team": 200,
      "win": true,
      "neutralMinionsKilled": 34,
      "largestMultiKill": 2,
      "physicalDamageDealtPlayer": 34820,
      "magicDamageDealtPlayer": 168291,
      "physicalDamageTaken": 31667,
      "magicDamageTaken": 31644,
      "timePlayed": 2871,
      "totalHeal": 15741,
      "totalUnitsHealed": 5,
      "assists": 12,
      "item0": 1026,
      "item1": 3089,
      "item2": 3001,
      "item3": 3255,
      "item4": 3115,
      "item5": 3151,
      "item6": 3340,
      "magicDamageDealtToChampions": 49166,
      "physicalDamageDealtToChampions": 6553,
      "totalDamageDealtToChampions": 58060,
      "trueDamageDealtPlayer": 2516,
      "trueDamageDealtToChampions": 2340,
      "trueDamageTaken": 1326,
      "wardPlaced": 12,
      "neutralMinionsKilledEnemyJungle": 17,
      "neutralMinionsKilledYourJungle": 17,
      "totalTimeCrowdControlDealt": 348
    }
  },
  "21925768": {
    "gameId": 825976691,
    "invalid": false,
    "gameMode": "CLASSIC",
    "gameType": "MATCHED_GAME",
    "subType": "RANKED_SOLO_5x5",
    "mapId": 1,
    "teamId": 100,
    "championId": 19,
    "spell1": 4,
    "spell2": 11,
    "level": 30,
    "ipEarned": 82,
    "createDate": 1399032250858,
    "fellowPlayers": [
      {
        "summonerId": 24169060,
        "teamId": 200,
        "championId": 157
      },
      {
        "summonerId": 29226170,
        "teamId": 100,
        "championId": 412
      },
      {
        "summonerId": 22082450,
        "teamId": 100,
        "championId": 222
      },
      {
        "summonerId": 34811584,
        "teamId": 200,
        "championId": 120
      },
      {
        "summonerId": 19829039,
        "teamId": 200,
        "championId": 81
      },
      {
        "summonerId": 31734494,
        "teamId": 200,
        "championId": 16
      },
      {
        "summonerId": 23210718,
        "teamId": 200,
        "championId": 10
      },
      {
        "summonerId": 33083390,
        "teamId": 100,
        "championId": 7
      },
      {
        "summonerId": 34882302,
        "teamId": 100,
        "championId": 107
      }
    ],
    "stats": {
      "level": 18,
      "goldEarned": 19555,
      "numDeaths": 8,
      "minionsKilled": 130,
      "championsKilled": 13,
      "goldSpent": 15025,
      "totalDamageDealt": 237643,
      "totalDamageTaken": 73034,
      "killingSprees": 4,
      "largestKillingSpree": 4,
      "team": 100,
      "win": false,
      "neutralMinionsKilled": 103,
      "largestMultiKill": 1,
      "physicalDamageDealtPlayer": 100980,
      "magicDamageDealtPlayer": 118540,
      "physicalDamageTaken": 43792,
      "magicDamageTaken": 25713,
      "timePlayed": 2871,
      "totalHeal": 40724,
      "totalUnitsHealed": 1,
      "assists": 23,
      "item0": 3160,
      "item1": 3143,
      "item2": 3280,
      "item3": 3110,
      "item4": 3091,
      "item5": 3065,
      "item6": 3362,
      "magicDamageDealtToChampions": 26344,
      "physicalDamageDealtToChampions": 13880,
      "totalDamageDealtToChampions": 42253,
      "trueDamageDealtPlayer": 18122,
      "trueDamageDealtToChampions": 2028,
      "trueDamageTaken": 3529,
      "wardKilled": 2,
      "wardPlaced": 5,
      "neutralMinionsKilledEnemyJungle": 11,
      "neutralMinionsKilledYourJungle": 92,
      "totalTimeCrowdControlDealt": 3640
    }
  },
  "19829039": {
    "gameId": 825976691,
    "invalid": false,
    "gameMode": "CLASSIC",
    "gameType": "MATCHED_GAME",
    "subType": "RANKED_SOLO_5x5",
    "mapId": 1,
    "teamId": 200,
    "championId": 81,
    "spell1": 4,
    "spell2": 7,
    "level": 30,
    "ipEarned": 277,
    "createDate": 1399032250862,
    "fellowPlayers": [
      {
        "summonerId": 24169060,
        "teamId": 200,
        "championId": 157
      },
      {
        "summonerId": 29226170,
        "teamId": 100,
        "championId": 412
      },
      {
        "summonerId": 22082450,
        "teamId": 100,
        "championId": 222
      },
      {
        "summonerId": 34811584,
        "teamId": 200,
        "championId": 120
      },
      {
        "summonerId": 31734494,
        "teamId": 200,
        "championId": 16
      },
      {
        "summonerId": 23210718,
        "teamId": 200,
        "championId": 10
      },
      {
        "summonerId": 33083390,
        "teamId": 100,
        "championId": 7
      },
      {
        "summonerId": 34882302,
        "teamId": 100,
        "championId": 107
      },
      {
        "summonerId": 21925768,
        "teamId": 100,
        "championId": 19
      }
    ],
    "stats": {
      "level": 18,
      "goldEarned": 20124,
      "numDeaths": 13,
      "turretsKilled": 5,
      "minionsKilled": 251,
      "championsKilled": 17,
      "goldSpent": 18678,
      "totalDamageDealt": 271231,
      "totalDamageTaken": 52772,
      "doubleKills": 1,
      "killingSprees": 6,
      "largestKillingSpree": 3,
      "team": 200,
      "win": true,
      "neutralMinionsKilled": 27,
      "largestMultiKill": 2,
      "physicalDamageDealtPlayer": 237386,
      "magicDamageDealtPlayer": 32885,
      "physicalDamageTaken": 31056,
      "magicDamageTaken": 19193,
      "largestCriticalStrike": 1091,
      "timePlayed": 2871,
      "totalHeal": 4329,
      "totalUnitsHealed": 3,
      "assists": 9,
      "item0": 3031,
      "item1": 3102,
      "item2": 3035,
      "item3": 3078,
      "item4": 3072,
      "item5": 3250,
      "item6": 3361,
      "magicDamageDealtToChampions": 11041,
      "physicalDamageDealtToChampions": 32668,
      "totalDamageDealtToChampions": 44062,
      "trueDamageDealtPlayer": 960,
      "trueDamageDealtToChampions": 352,
      "trueDamageTaken": 2522,
      "wardPlaced": 2,
      "neutralMinionsKilledEnemyJungle": 6,
      "neutralMinionsKilledYourJungle": 21,
      "totalTimeCrowdControlDealt": 105
    }
  }
}