{
  "30163809": {
    "gameId": 825976665,
    "invalid": false,
    "gameMode": "CLASSIC",
    "gameType": "MATCHED_GAME",
    "subType": "RANKED_SOLO_5x5",
    "mapId": 1,
    "teamId": 200,
    "championId": 58,
    "spell1": 4,
    "spell2": 12,
    "level": 30,
    "ipEarned": 62,
    "createDate": 1399031365264,
    "fellowPlayers": [
      {
        "summonerId": 34310726,
        "teamId": 100,
        "championId": 75
      },
      {
        "summonerId": 35323782,
        "teamId": 100,
        "championId": 77
      },
      {
        "summonerId": 32728261,
        "teamId": 100,
        "championId": 51
      },
      {
        "summonerId": 32467388,
        "teamId": 200,
        "championId": 24
      },
      {
        "summonerId": 24063868,
        "teamId": 200,
        "championId": 67
      },
      {
        "summonerId": 40706257,
        "teamId": 200,
        "championId": 7
      },
      {
        "summonerId": 44103130,
        "teamId": 100,
        "championId": 238
      },
      {
        "summonerId": 39540409,
        "teamId": 200,
        "championId": 412
      },
      {
        "summonerId": 22720994,
        "teamId": 100,
        "championId": 53
      }
    ],
    "stats": {
      "level": 16,
      "goldEarned": 12066,
      "numDeaths": 5,
      "turretsKilled": 3,
      "minionsKilled": 232,
      "championsKilled": 2,
      "goldSpent": 11682,
      "totalDamageDealt": 175378,
      "totalDamageTaken": 37812,
      "killingSprees": 1,
      "largestKillingSpree": 2,
      "team": 200,
      "win": false,
      "neutralMinionsKilled": 21,
      "largestMultiKill": 1,
      "physicalDamageDealtPlayer": 153004,
      "magicDamageDealtPlayer": 22374,
      "physicalDamageTaken": 32236,
      "magicDamageTaken": 4256,
      "timePlayed": 2002,
      "totalHeal": 8835,
      "totalUnitsHealed": 1,
      "assists": 6,
      "item0": 3068,
      "item1": 3074,
      "item2": 3082,
      "item3": 3134,
      "item4": 3265,
      "item5": 1011,
      "item6": 3340,
      "magicDamageDealtToChampions": 3894,
      "physicalDamageDealtToChampions": 22555,
      "totalDamageDealtToChampions": 26449,
      "trueDamageTaken": 1320,
      "wardPlaced": 4,
      "neutralMinionsKilledEnemyJungle": 4,
      "neutralMinionsKilledYourJungle": 17,
      "totalTimeCrowdControlDealt": 93
    }
  },
  "summonerCount": 10,
  "22720994": {
    "gameId": 825976665,
    "invalid": false,
    "gameMode": "CLASSIC",
    "gameType": "MATCHED_GAME",
    "subType": "RANKED_SOLO_5x5",
    "mapId": 1,
    "teamId": 100,
    "championId": 53,
    "spell1": 4,
    "spell2": 7,
    "level": 30,
    "ipEarned": 94,
    "createDate": 1399031365256,
    "fellowPlayers": [
      {
        "summonerId": 34310726,
        "teamId": 100,
        "championId": 75
      },
      {
        "summonerId": 35323782,
        "teamId": 100,
        "championId": 77
      },
      {
        "summonerId": 32728261,
        "teamId": 100,
        "championId": 51
      },
      {
        "summonerId": 32467388,
        "teamId": 200,
        "championId": 24
      },
      {
        "summonerId": 24063868,
        "teamId": 200,
        "championId": 67
      },
      {
        "summonerId": 40706257,
        "teamId": 200,
        "championId": 7
      },
      {
        "summonerId": 44103130,
        "teamId": 100,
        "championId": 238
      },
      {
        "summonerId": 30163809,
        "teamId": 200,
        "championId": 58
      },
      {
        "summonerId": 39540409,
        "teamId": 200,
        "championId": 412
      }
    ],
    "stats": {
      "level": 15,
      "goldEarned": 8771,
      "numDeaths": 4,
      "minionsKilled": 25,
      "championsKilled": 2,
      "goldSpent": 7630,
      "totalDamageDealt": 37604,
      "totalDamageTaken": 19527,
      "team": 100,
      "win": true,
      "neutralMinionsKilled": 5,
      "largestMultiKill": 1,
      "physicalDamageDealtPlayer": 9154,
      "magicDamageDealtPlayer": 28072,
      "physicalDamageTaken": 13163,
      "magicDamageTaken": 5742,
      "timePlayed": 2002,
      "totalHeal": 4559,
      "totalUnitsHealed": 3,
      "assists": 13,
      "item0": 3067,
      "item1": 3068,
      "item2": 3111,
      "item3": 1054,
      "item4": 3211,
      "item5": 3301,
      "item6": 3340,
      "sightWardsBought": 5,
      "magicDamageDealtToChampions": 5640,
      "physicalDamageDealtToChampions": 3338,
      "totalDamageDealtToChampions": 9291,
      "trueDamageDealtPlayer": 378,
      "trueDamageDealtToChampions": 312,
      "trueDamageTaken": 621,
      "wardPlaced": 13,
      "neutralMinionsKilledEnemyJungle": 5,
      "totalTimeCrowdControlDealt": 96
    }
  },
  "44103130": {
    "gameId": 825976665,
    "invalid": false,
    "gameMode": "CLASSIC",
    "gameType": "MATCHED_GAME",
    "subType": "RANKED_SOLO_5x5",
    "mapId": 1,
    "teamId": 100,
    "championId": 238,
    "spell1": 4,
    "spell2": 14,
    "level": 30,
    "ipEarned": 94,
    "createDate": 1399031365253,
    "fellowPlayers": [
      {
        "summonerId": 34310726,
        "teamId": 100,
        "championId": 75
      },
      {
        "summonerId": 35323782,
        "teamId": 100,
        "championId": 77
      },
      {
        "summonerId": 32728261,
        "teamId": 100,
        "championId": 51
      },
      {
        "summonerId": 32467388,
        "teamId": 200,
        "championId": 24
      },
      {
        "summonerId": 24063868,
        "teamId": 200,
        "championId": 67
      },
      {
        "summonerId": 40706257,
        "teamId": 200,
        "championId": 7
      },
      {
        "summonerId": 30163809,
        "teamId": 200,
        "championId": 58
      },
      {
        "summonerId": 39540409,
        "teamId": 200,
        "championId": 412
      },
      {
        "summonerId": 22720994,
        "teamId": 100,
        "championId": 53
      }
    ],
    "stats": {
      "level": 16,
      "goldEarned": 12857,
      "numDeaths": 3,
      "turretsKilled": 2,
      "minionsKilled": 160,
      "championsKilled": 10,
      "goldSpent": 13010,
      "totalDamageDealt": 139319,
      "totalDamageTaken": 22443,
      "killingSprees": 3,
      "largestKillingSpree": 4,
      "team": 100,
      "win": true,
      "neutralMinionsKilled": 17,
      "largestMultiKill": 1,
      "physicalDamageDealtPlayer": 131639,
      "magicDamageDealtPlayer": 6157,
      "physicalDamageTaken": 13653,
      "magicDamageTaken": 7157,
      "timePlayed": 2002,
      "totalHeal": 617,
      "totalUnitsHealed": 1,
      "assists": 9,
      "item0": 3035,
      "item1": 3153,
      "item2": 3111,
      "item3": 3155,
      "item4": 1037,
      "item5": 3071,
      "item6": 3340,
      "sightWardsBought": 3,
      "magicDamageDealtToChampions": 1170,
      "physicalDamageDealtToChampions": 21436,
      "totalDamageDealtToChampions": 23936,
      "trueDamageDealtPlayer": 1522,
      "trueDamageDealtToChampions": 1330,
      "trueDamageTaken": 1632,
      "wardPlaced": 31,
      "neutralMinionsKilledEnemyJungle": 7,
      "neutralMinionsKilledYourJungle": 10,
      "totalTimeCrowdControlDealt": 284
    }
  },
  "39540409": {
    "gameId": 825976665,
    "invalid": false,
    "gameMode": "CLASSIC",
    "gameType": "MATCHED_GAME",
    "subType": "RANKED_SOLO_5x5",
    "mapId": 1,
    "teamId": 200,
    "championId": 412,
    "spell1": 4,
    "spell2": 7,
    "level": 30,
    "ipEarned": 62,
    "createDate": 1399031365262,
    "fellowPlayers": [
      {
        "summonerId": 34310726,
        "teamId": 100,
        "championId": 75
      },
      {
        "summonerId": 35323782,
        "teamId": 100,
        "championId": 77
      },
      {
        "summonerId": 32728261,
        "teamId": 100,
        "championId": 51
      },
      {
        "summonerId": 32467388,
        "teamId": 200,
        "championId": 24
      },
      {
        "summonerId": 24063868,
        "teamId": 200,
        "championId": 67
      },
      {
        "summonerId": 40706257,
        "teamId": 200,
        "championId": 7
      },
      {
        "summonerId": 44103130,
        "teamId": 100,
        "championId": 238
      },
      {
        "summonerId": 30163809,
        "teamId": 200,
        "championId": 58
      },
      {
        "summonerId": 22720994,
        "teamId": 100,
        "championId": 53
      }
    ],
    "stats": {
      "level": 14,
      "goldEarned": 8010,
      "numDeaths": 2,
      "turretsKilled": 1,
      "minionsKilled": 42,
      "championsKilled": 3,
      "goldSpent": 7740,
      "totalDamageDealt": 37937,
      "totalDamageTaken": 18186,
      "killingSprees": 1,
      "largestKillingSpree": 2,
      "team": 200,
      "win": false,
      "largestMultiKill": 1,
      "physicalDamageDealtPlayer": 15131,
      "magicDamageDealtPlayer": 22541,
      "physicalDamageTaken": 15582,
      "magicDamageTaken": 2225,
      "timePlayed": 2002,
      "totalHeal": 2717,
      "totalUnitsHealed": 5,
      "assists": 5,
      "item0": 3401,
      "item1": 3067,
      "item2": 2045,
      "item3": 3117,
      "item4": 3105,
      "item6": 3340,
      "sightWardsBought": 1,
      "magicDamageDealtToChampions": 8015,
      "physicalDamageDealtToChampions": 1847,
      "totalDamageDealtToChampions": 9910,
      "trueDamageDealtPlayer": 264,
      "trueDamageDealtToChampions": 48,
      "trueDamageTaken": 378,
      "wardPlaced": 15,
      "totalTimeCrowdControlDealt": 133
    }
  },
  "24063868": {
    "gameId": 825976665,
    "invalid": false,
    "gameMode": "CLASSIC",
    "gameType": "MATCHED_GAME",
    "subType": "RANKED_SOLO_5x5",
    "mapId": 1,
    "teamId": 200,
    "championId": 67,
    "spell1": 4,
    "spell2": 7,
    "level": 30,
    "ipEarned": 62,
    "createDate": 1399031365261,
    "fellowPlayers": [
      {
        "summonerId": 34310726,
        "teamId": 100,
        "championId": 75
      },
      {
        "summonerId": 35323782,
        "teamId": 100,
        "championId": 77
      },
      {
        "summonerId": 32728261,
        "teamId": 100,
        "championId": 51
      },
      {
        "summonerId": 32467388,
        "teamId": 200,
        "championId": 24
      },
      {
        "summonerId": 40706257,
        "teamId": 200,
        "championId": 7
      },
      {
        "summonerId": 44103130,
        "teamId": 100,
        "championId": 238
      },
      {
        "summonerId": 30163809,
        "teamId": 200,
        "championId": 58
      },
      {
        "summonerId": 39540409,
        "teamId": 200,
        "championId": 412
      },
      {
        "summonerId": 22720994,
        "teamId": 100,
        "championId": 53
      }
    ],
    "stats": {
      "level": 14,
      "goldEarned": 9719,
      "numDeaths": 2,
      "minionsKilled": 124,
      "championsKilled": 5,
      "goldSpent": 8680,
      "totalDamageDealt": 70804,
      "totalDamageTaken": 16303,
      "doubleKills": 1,
      "killingSprees": 1,
      "largestKillingSpree": 5,
      "team": 200,
      "win": false,
      "neutralMinionsKilled": 5,
      "largestMultiKill": 2,
      "physicalDamageDealtPlayer": 61904,
      "magicDamageDealtPlayer": 59,
      "physicalDamageTaken": 14889,
      "magicDamageTaken": 1294,
      "largestCriticalStrike": 438,
      "timePlayed": 2002,
      "totalHeal": 2194,
      "totalUnitsHealed": 4,
      "assists": 2,
      "item0": 3153,
      "item1": 1055,
      "item2": 3006,
      "item3": 3046,
      "item4": 1036,
      "item5": 1037,
      "item6": 3340,
      "magicDamageDealtToChampions": 59,
      "physicalDamageDealtToChampions": 9480,
      "totalDamageDealtToChampions": 12341,
      "trueDamageDealtPlayer": 8840,
      "trueDamageDealtToChampions": 2801,
      "trueDamageTaken": 120,
      "wardKilled": 1,
      "wardPlaced": 4,
      "neutralMinionsKilledEnemyJungle": 1,
      "neutralMinionsKilledYourJungle": 4,
      "totalTimeCrowdControlDealt": 34
    }
  },
  "32728261": {
    "gameId": 825976665,
    "invalid": false,
    "gameMode": "CLASSIC",
    "gameType": "MATCHED_GAME",
    "subType": "RANKED_SOLO_5x5",
    "mapId": 1,
    "teamId": 100,
    "championId": 51,
    "spell1": 7,
    "spell2": 4,
    "level": 30,
    "ipEarned": 263,
    "createDate": 1399031365254,
    "fellowPlayers": [
      {
        "summonerId": 34310726,
        "teamId": 100,
        "championId": 75
      },
      {
        "summonerId": 35323782,
        "teamId": 100,
        "championId": 77
      },
      {
        "summonerId": 32467388,
        "teamId": 200,
        "championId": 24
      },
      {
        "summonerId": 24063868,
        "teamId": 200,
        "championId": 67
      },
      {
        "summonerId": 40706257,
        "teamId": 200,
        "championId": 7
      },
      {
        "summonerId": 44103130,
        "teamId": 100,
        "championId": 238
      },
      {
        "summonerId": 30163809,
        "teamId": 200,
        "championId": 58
      },
      {
        "summonerId": 39540409,
        "teamId": 200,
        "championId": 412
      },
      {
        "summonerId": 22720994,
        "teamId": 100,
        "championId": 53
      }
    ],
    "stats": {
      "level": 16,
      "goldEarned": 13362,
      "numDeaths": 4,
      "barracksKilled": 1,
      "turretsKilled": 3,
      "minionsKilled": 181,
      "championsKilled": 9,
      "goldSpent": 11990,
      "totalDamageDealt": 171854,
      "totalDamageTaken": 19020,
      "doubleKills": 3,
      "killingSprees": 3,
      "largestKillingSpree": 3,
      "team": 100,
      "win": true,
      "neutralMinionsKilled": 27,
      "largestMultiKill": 2,
      "physicalDamageDealtPlayer": 169005,
      "magicDamageDealtPlayer": 1713,
      "physicalDamageTaken": 12141,
      "magicDamageTaken": 6248,
      "largestCriticalStrike": 1062,
      "timePlayed": 2002,
      "totalHeal": 3289,
      "totalUnitsHealed": 3,
      "assists": 8,
      "item0": 1038,
      "item1": 3072,
      "item2": 3006,
      "item3": 3046,
      "item4": 3035,
      "item5": 1018,
      "item6": 3340,
      "magicDamageDealtToChampions": 1633,
      "physicalDamageDealtToChampions": 32919,
      "totalDamageDealtToChampions": 35167,
      "trueDamageDealtPlayer": 1136,
      "trueDamageDealtToChampions": 614,
      "trueDamageTaken": 630,
      "wardPlaced": 8,
      "neutralMinionsKilledEnemyJungle": 8,
      "neutralMinionsKilledYourJungle": 19,
      "totalTimeCrowdControlDealt": 225
    }
  },
  "40706257": {
    "gameId": 825976665,
    "invalid": false,
    "gameMode": "CLASSIC",
    "gameType": "MATCHED_GAME",
    "subType": "RANKED_SOLO_5x5",
    "mapId": 1,
    "teamId": 200,
    "championId": 7,
    "spell1": 4,
    "spell2": 14,
    "level": 30,
    "ipEarned": 62,
    "createDate": 1399031365260,
    "fellowPlayers": [
      {
        "summonerId": 34310726,
        "teamId": 100,
        "championId": 75
      },
      {
        "summonerId": 35323782,
        "teamId": 100,
        "championId": 77
      },
      {
        "summonerId": 32728261,
        "teamId": 100,
        "championId": 51
      },
      {
        "summonerId": 32467388,
        "teamId": 200,
        "championId": 24
      },
      {
        "summonerId": 24063868,
        "teamId": 200,
        "championId": 67
      },
      {
        "summonerId": 44103130,
        "teamId": 100,
        "championId": 238
      },
      {
        "summonerId": 30163809,
        "teamId": 200,
        "championId": 58
      },
      {
        "summonerId": 39540409,
        "teamId": 200,
        "championId": 412
      },
      {
        "summonerId": 22720994,
        "teamId": 100,
        "championId": 53
      }
    ],
    "stats": {
      "level": 15,
      "goldEarned": 10021,
      "numDeaths": 8,
      "minionsKilled": 113,
      "championsKilled": 4,
      "goldSpent": 8810,
      "totalDamageDealt": 86086,
      "totalDamageTaken": 18511,
      "killingSprees": 1,
      "largestKillingSpree": 3,
      "team": 200,
      "win": false,
      "neutralMinionsKilled": 3,
      "largestMultiKill": 1,
      "physicalDamageDealtPlayer": 20294,
      "magicDamageDealtPlayer": 64685,
      "physicalDamageTaken": 16882,
      "magicDamageTaken": 1386,
      "timePlayed": 2002,
      "totalHeal": 595,
      "totalUnitsHealed": 1,
      "assists": 9,
      "item0": 3128,
      "item1": 2044,
      "item2": 3089,
      "item3": 1056,
      "item4": 3255,
      "item6": 3340,
      "sightWardsBought": 3,
      "magicDamageDealtToChampions": 16209,
      "physicalDamageDealtToChampions": 2222,
      "totalDamageDealtToChampions": 19538,
      "trueDamageDealtPlayer": 1106,
      "trueDamageDealtToChampions": 1106,
      "trueDamageTaken": 242,
      "wardPlaced": 3,
      "neutralMinionsKilledYourJungle": 3,
      "totalTimeCrowdControlDealt": 96
    }
  },
  "35323782": {
    "gameId": 825976665,
    "invalid": false,
    "gameMode": "CLASSIC",
    "gameType": "MATCHED_GAME",
    "subType": "RANKED_SOLO_5x5",
    "mapId": 1,
    "teamId": 100,
    "championId": 77,
    "spell1": 4,
    "spell2": 11,
    "level": 30,
    "ipEarned": 94,
    "createDate": 1399031365257,
    "fellowPlayers": [
      {
        "summonerId": 34310726,
        "teamId": 100,
        "championId": 75
      },
      {
        "summonerId": 32728261,
        "teamId": 100,
        "championId": 51
      },
      {
        "summonerId": 32467388,
        "teamId": 200,
        "championId": 24
      },
      {
        "summonerId": 24063868,
        "teamId": 200,
        "championId": 67
      },
      {
        "summonerId": 40706257,
        "teamId": 200,
        "championId": 7
      },
      {
        "summonerId": 44103130,
        "teamId": 100,
        "championId": 238
      },
      {
        "summonerId": 30163809,
        "teamId": 200,
        "championId": 58
      },
      {
        "summonerId": 39540409,
        "teamId": 200,
        "championId": 412
      },
      {
        "summonerId": 22720994,
        "teamId": 100,
        "championId": 53
      }
    ],
    "stats": {
      "level": 15,
      "goldEarned": 10150,
      "numDeaths": 4,
      "turretsKilled": 2,
      "minionsKilled": 20,
      "championsKilled": 2,
      "goldSpent": 8933,
      "totalDamageDealt": 123460,
      "totalDamageTaken": 26074,
      "team": 100,
      "win": true,
      "neutralMinionsKilled": 88,
      "largestMultiKill": 1,
      "physicalDamageDealtPlayer": 87781,
      "magicDamageDealtPlayer": 28000,
      "physicalDamageTaken": 17530,
      "magicDamageTaken": 7560,
      "largestCriticalStrike": 384,
      "timePlayed": 2002,
      "totalHeal": 3462,
      "totalUnitsHealed": 1,
      "assists": 10,
      "item0": 3154,
      "item1": 3144,
      "item2": 3078,
      "item3": 3009,
      "item4": 2003,
      "item5": 1042,
      "item6": 3340,
      "physicalDamageDealtToChampions": 10597,
      "totalDamageDealtToChampions": 11185,
      "trueDamageDealtPlayer": 7678,
      "trueDamageDealtToChampions": 588,
      "trueDamageTaken": 983,
      "wardPlaced": 5,
      "neutralMinionsKilledEnemyJungle": 13,
      "neutralMinionsKilledYourJungle": 75,
      "totalTimeCrowdControlDealt": 350
    }
  },
  "32467388": {
    "gameId": 825976665,
    "invalid": false,
    "gameMode": "CLASSIC",
    "gameType": "MATCHED_GAME",
    "subType": "RANKED_SOLO_5x5",
    "mapId": 1,
    "teamId": 200,
    "championId": 24,
    "spell1": 4,
    "spell2": 11,
    "level": 30,
    "ipEarned": 62,
    "createDate": 1399031365263,
    "fellowPlayers": [
      {
        "summonerId": 34310726,
        "teamId": 100,
        "championId": 75
      },
      {
        "summonerId": 35323782,
        "teamId": 100,
        "championId": 77
      },
      {
        "summonerId": 32728261,
        "teamId": 100,
        "championId": 51
      },
      {
        "summonerId": 24063868,
        "teamId": 200,
        "championId": 67
      },
      {
        "summonerId": 40706257,
        "teamId": 200,
        "championId": 7
      },
      {
        "summonerId": 44103130,
        "teamId": 100,
        "championId": 238
      },
      {
        "summonerId": 30163809,
        "teamId": 200,
        "championId": 58
      },
      {
        "summonerId": 39540409,
        "teamId": 200,
        "championId": 412
      },
      {
        "summonerId": 22720994,
        "teamId": 100,
        "championId": 53
      }
    ],
    "stats": {
      "level": 15,
      "goldEarned": 10016,
      "numDeaths": 9,
      "minionsKilled": 33,
      "championsKilled": 4,
      "goldSpent": 9875,
      "totalDamageDealt": 105701,
      "totalDamageTaken": 24669,
      "killingSprees": 1,
      "largestKillingSpree": 2,
      "team": 200,
      "win": false,
      "neutralMinionsKilled": 58,
      "largestMultiKill": 1,
      "physicalDamageDealtPlayer": 57851,
      "magicDamageDealtPlayer": 36994,
      "physicalDamageTaken": 21010,
      "magicDamageTaken": 2516,
      "timePlayed": 2002,
      "totalHeal": 2152,
      "totalUnitsHealed": 1,
      "assists": 5,
      "item0": 3154,
      "item1": 3143,
      "item2": 3144,
      "item3": 3044,
      "item4": 3047,
      "item5": 3086,
      "item6": 3341,
      "magicDamageDealtToChampions": 3013,
      "physicalDamageDealtToChampions": 8638,
      "totalDamageDealtToChampions": 12407,
      "trueDamageDealtPlayer": 10856,
      "trueDamageDealtToChampions": 756,
      "trueDamageTaken": 1143,
      "wardPlaced": 5,
      "neutralMinionsKilledEnemyJungle": 7,
      "neutralMinionsKilledYourJungle": 51,
      "totalTimeCrowdControlDealt": 589
    }
  },
  "34310726": {
    "gameId": 825976665,
    "invalid": false,
    "gameMode": "CLASSIC",
    "gameType": "MATCHED_GAME",
    "subType": "RANKED_SOLO_5x5",
    "mapId": 1,
    "teamId": 100,
    "championId": 75,
    "spell1": 4,
    "spell2": 12,
    "level": 30,
    "ipEarned": 94,
    "createDate": 1399031365259,
    "fellowPlayers": [
      {
        "summonerId": 35323782,
        "teamId": 100,
        "championId": 77
      },
      {
        "summonerId": 32728261,
        "teamId": 100,
        "championId": 51
      },
      {
        "summonerId": 32467388,
        "teamId": 200,
        "championId": 24
      },
      {
        "summonerId": 24063868,
        "teamId": 200,
        "championId": 67
      },
      {
        "summonerId": 40706257,
        "teamId": 200,
        "championId": 7
      },
      {
        "summonerId": 44103130,
        "teamId": 100,
        "championId": 238
      },
      {
        "summonerId": 30163809,
        "teamId": 200,
        "championId": 58
      },
      {
        "summonerId": 39540409,
        "teamId": 200,
        "championId": 412
      },
      {
        "summonerId": 22720994,
        "teamId": 100,
        "championId": 53
      }
    ],
    "stats": {
      "level": 17,
      "goldEarned": 11338,
      "numDeaths": 3,
      "turretsKilled": 3,
      "minionsKilled": 184,
      "championsKilled": 3,
      "goldSpent": 9130,
      "totalDamageDealt": 124541,
      "totalDamageTaken": 30363,
      "doubleKills": 1,
      "tripleKills": 1,
      "killingSprees": 1,
      "largestKillingSpree": 3,
      "team": 100,
      "win": true,
      "neutralMinionsKilled": 9,
      "largestMultiKill": 3,
      "physicalDamageDealtPlayer": 109892,
      "magicDamageDealtPlayer": 14649,
      "physicalDamageTaken": 24647,
      "magicDamageTaken": 4482,
      "timePlayed": 2002,
      "totalHeal": 2268,
      "totalUnitsHealed": 1,
      "assists": 5,
      "item0": 3009,
      "item1": 3065,
      "item2": 1054,
      "item3": 3083,
      "item4": 3044,
      "item5": 1052,
      "item6": 3340,
      "magicDamageDealtToChampions": 2647,
      "physicalDamageDealtToChampions": 6607,
      "totalDamageDealtToChampions": 9255,
      "trueDamageTaken": 1233,
      "wardPlaced": 5,
      "neutralMinionsKilledEnemyJungle": 4,
      "neutralMinionsKilledYourJungle": 5,
      "totalTimeCrowdControlDealt": 120
    }
  }
}