{
  "40200593": {
    "gameId": 825976830,
    "invalid": false,
    "gameMode": "CLASSIC",
    "gameType": "MATCHED_GAME",
    "subType": "RANKED_SOLO_5x5",
    "mapId": 1,
    "teamId": 100,
    "championId": 26,
    "spell1": 3,
    "spell2": 4,
    "level": 30,
    "ipEarned": 103,
    "createDate": 1399031755126,
    "fellowPlayers": [
      {
        "summonerId": 28969135,
        "teamId": 200,
        "championId": 10
      },
      {
        "summonerId": 29826416,
        "teamId": 100,
        "championId": 157
      },
      {
        "summonerId": 23943673,
        "teamId": 100,
        "championId": 5
      },
      {
        "summonerId": 34812761,
        "teamId": 100,
        "championId": 67
      },
      {
        "summonerId": 26253321,
        "teamId": 200,
        "championId": 51
      },
      {
        "summonerId": 23945316,
        "teamId": 100,
        "championId": 92
      },
      {
        "summonerId": 20954292,
        "teamId": 200,
        "championId": 86
      },
      {
        "summonerId": 27482558,
        "teamId": 200,
        "championId": 19
      },
      {
        "summonerId": 25545480,
        "teamId": 200,
        "championId": 412
      }
    ],
    "stats": {
      "level": 16,
      "goldEarned": 11497,
      "numDeaths": 8,
      "minionsKilled": 38,
      "championsKilled": 2,
      "goldSpent": 9415,
      "totalDamageDealt": 43346,
      "totalDamageTaken": 19223,
      "team": 100,
      "win": true,
      "largestMultiKill": 1,
      "physicalDamageDealtPlayer": 5436,
      "magicDamageDealtPlayer": 37910,
      "physicalDamageTaken": 10117,
      "magicDamageTaken": 9073,
      "timePlayed": 2253,
      "totalHeal": 1447,
      "totalUnitsHealed": 1,
      "assists": 19,
      "item0": 2045,
      "item1": 3092,
      "item2": 3040,
      "item3": 3255,
      "item5": 3191,
      "item6": 3340,
      "sightWardsBought": 1,
      "magicDamageDealtToChampions": 16287,
      "physicalDamageDealtToChampions": 2506,
      "totalDamageDealtToChampions": 18793,
      "trueDamageTaken": 32,
      "wardPlaced": 31,
      "totalTimeCrowdControlDealt": 48
    }
  },
  "summonerCount": 10,
  "29826416": {
    "gameId": 825976830,
    "invalid": false,
    "gameMode": "CLASSIC",
    "gameType": "MATCHED_GAME",
    "subType": "RANKED_SOLO_5x5",
    "mapId": 1,
    "teamId": 100,
    "championId": 157,
    "spell1": 7,
    "spell2": 4,
    "level": 30,
    "ipEarned": 103,
    "createDate": 1399031755124,
    "fellowPlayers": [
      {
        "summonerId": 28969135,
        "teamId": 200,
        "championId": 10
      },
      {
        "summonerId": 23943673,
        "teamId": 100,
        "championId": 5
      },
      {
        "summonerId": 40200593,
        "teamId": 100,
        "championId": 26
      },
      {
        "summonerId": 34812761,
        "teamId": 100,
        "championId": 67
      },
      {
        "summonerId": 26253321,
        "teamId": 200,
        "championId": 51
      },
      {
        "summonerId": 23945316,
        "teamId": 100,
        "championId": 92
      },
      {
        "summonerId": 20954292,
        "teamId": 200,
        "championId": 86
      },
      {
        "summonerId": 27482558,
        "teamId": 200,
        "championId": 19
      },
      {
        "summonerId": 25545480,
        "teamId": 200,
        "championId": 412
      }
    ],
    "stats": {
      "level": 18,
      "goldEarned": 13026,
      "numDeaths": 9,
      "turretsKilled": 2,
      "minionsKilled": 165,
      "championsKilled": 7,
      "goldSpent": 12765,
      "totalDamageDealt": 159939,
      "totalDamageTaken": 28040,
      "doubleKills": 1,
      "killingSprees": 2,
      "largestKillingSpree": 2,
      "team": 100,
      "win": true,
      "neutralMinionsKilled": 25,
      "largestMultiKill": 2,
      "physicalDamageDealtPlayer": 131031,
      "magicDamageDealtPlayer": 28240,
      "physicalDamageTaken": 15431,
      "magicDamageTaken": 12129,
      "largestCriticalStrike": 645,
      "timePlayed": 2253,
      "totalHeal": 6039,
      "totalUnitsHealed": 3,
      "assists": 9,
      "item0": 3031,
      "item1": 3087,
      "item2": 3265,
      "item3": 3035,
      "item4": 1053,
      "item6": 3340,
      "magicDamageDealtToChampions": 4350,
      "physicalDamageDealtToChampions": 17668,
      "totalDamageDealtToChampions": 22183,
      "trueDamageDealtPlayer": 668,
      "trueDamageDealtToChampions": 164,
      "trueDamageTaken": 480,
      "wardKilled": 1,
      "wardPlaced": 11,
      "neutralMinionsKilledEnemyJungle": 11,
      "neutralMinionsKilledYourJungle": 14,
      "totalTimeCrowdControlDealt": 114
    }
  },
  "20954292": {
    "gameId": 825976830,
    "invalid": false,
    "gameMode": "CLASSIC",
    "gameType": "MATCHED_GAME",
    "subType": "RANKED_SOLO_5x5",
    "mapId": 1,
    "teamId": 200,
    "championId": 86,
    "spell1": 12,
    "spell2": 4,
    "level": 30,
    "ipEarned": 68,
    "createDate": 1399031755131,
    "fellowPlayers": [
      {
        "summonerId": 28969135,
        "teamId": 200,
        "championId": 10
      },
      {
        "summonerId": 29826416,
        "teamId": 100,
        "championId": 157
      },
      {
        "summonerId": 23943673,
        "teamId": 100,
        "championId": 5
      },
      {
        "summonerId": 40200593,
        "teamId": 100,
        "championId": 26
      },
      {
        "summonerId": 34812761,
        "teamId": 100,
        "championId": 67
      },
      {
        "summonerId": 26253321,
        "teamId": 200,
        "championId": 51
      },
      {
        "summonerId": 23945316,
        "teamId": 100,
        "championId": 92
      },
      {
        "summonerId": 27482558,
        "teamId": 200,
        "championId": 19
      },
      {
        "summonerId": 25545480,
        "teamId": 200,
        "championId": 412
      }
    ],
    "stats": {
      "level": 17,
      "goldEarned": 13613,
      "numDeaths": 7,
      "turretsKilled": 1,
      "minionsKilled": 210,
      "championsKilled": 7,
      "goldSpent": 12765,
      "totalDamageDealt": 138402,
      "totalDamageTaken": 37790,
      "doubleKills": 1,
      "killingSprees": 1,
      "largestKillingSpree": 5,
      "team": 200,
      "win": false,
      "neutralMinionsKilled": 2,
      "largestMultiKill": 2,
      "physicalDamageDealtPlayer": 107198,
      "magicDamageDealtPlayer": 30943,
      "physicalDamageTaken": 30605,
      "magicDamageTaken": 5082,
      "timePlayed": 2253,
      "totalHeal": 5156,
      "totalUnitsHealed": 1,
      "assists": 9,
      "item0": 1011,
      "item1": 3009,
      "item2": 3068,
      "item3": 3071,
      "item4": 3035,
      "item5": 3075,
      "item6": 3340,
      "magicDamageDealtToChampions": 7970,
      "physicalDamageDealtToChampions": 17771,
      "totalDamageDealtToChampions": 25933,
      "trueDamageDealtPlayer": 260,
      "trueDamageDealtToChampions": 192,
      "trueDamageTaken": 2102,
      "wardKilled": 1,
      "wardPlaced": 7,
      "neutralMinionsKilledEnemyJungle": 2,
      "totalTimeCrowdControlDealt": 246
    }
  },
  "23945316": {
    "gameId": 825976830,
    "invalid": false,
    "gameMode": "CLASSIC",
    "gameType": "MATCHED_GAME",
    "subType": "RANKED_SOLO_5x5",
    "mapId": 1,
    "teamId": 100,
    "championId": 92,
    "spell1": 14,
    "spell2": 4,
    "level": 30,
    "ipEarned": 103,
    "createDate": 1399031755123,
    "fellowPlayers": [
      {
        "summonerId": 28969135,
        "teamId": 200,
        "championId": 10
      },
      {
        "summonerId": 29826416,
        "teamId": 100,
        "championId": 157
      },
      {
        "summonerId": 23943673,
        "teamId": 100,
        "championId": 5
      },
      {
        "summonerId": 40200593,
        "teamId": 100,
        "championId": 26
      },
      {
        "summonerId": 34812761,
        "teamId": 100,
        "championId": 67
      },
      {
        "summonerId": 26253321,
        "teamId": 200,
        "championId": 51
      },
      {
        "summonerId": 20954292,
        "teamId": 200,
        "championId": 86
      },
      {
        "summonerId": 27482558,
        "teamId": 200,
        "championId": 19
      },
      {
        "summonerId": 25545480,
        "teamId": 200,
        "championId": 412
      }
    ],
    "stats": {
      "level": 18,
      "goldEarned": 15179,
      "numDeaths": 4,
      "barracksKilled": 1,
      "turretsKilled": 2,
      "minionsKilled": 275,
      "championsKilled": 7,
      "goldSpent": 13460,
      "totalDamageDealt": 201964,
      "totalDamageTaken": 32583,
      "doubleKills": 1,
      "killingSprees": 1,
      "largestKillingSpree": 5,
      "team": 100,
      "win": true,
      "neutralMinionsKilled": 11,
      "largestMultiKill": 2,
      "physicalDamageDealtPlayer": 200184,
      "physicalDamageTaken": 21940,
      "magicDamageTaken": 9947,
      "timePlayed": 2253,
      "totalHeal": 6141,
      "totalUnitsHealed": 1,
      "assists": 9,
      "item0": 3074,
      "item1": 3035,
      "item2": 3265,
      "item3": 1037,
      "item4": 3071,
      "item5": 1011,
      "item6": 3340,
      "sightWardsBought": 2,
      "physicalDamageDealtToChampions": 27277,
      "totalDamageDealtToChampions": 28768,
      "trueDamageDealtPlayer": 1779,
      "trueDamageDealtToChampions": 1491,
      "trueDamageTaken": 695,
      "wardPlaced": 9,
      "neutralMinionsKilledEnemyJungle": 3,
      "neutralMinionsKilledYourJungle": 8,
      "totalTimeCrowdControlDealt": 195
    }
  },
  "27482558": {
    "gameId": 825976830,
    "invalid": false,
    "gameMode": "CLASSIC",
    "gameType": "MATCHED_GAME",
    "subType": "RANKED_SOLO_5x5",
    "mapId": 1,
    "teamId": 200,
    "championId": 19,
    "spell1": 6,
    "spell2": 11,
    "level": 30,
    "ipEarned": 68,
    "createDate": 1399031755128,
    "fellowPlayers": [
      {
        "summonerId": 28969135,
        "teamId": 200,
        "championId": 10
      },
      {
        "summonerId": 29826416,
        "teamId": 100,
        "championId": 157
      },
      {
        "summonerId": 23943673,
        "teamId": 100,
        "championId": 5
      },
      {
        "summonerId": 40200593,
        "teamId": 100,
        "championId": 26
      },
      {
        "summonerId": 34812761,
        "teamId": 100,
        "championId": 67
      },
      {
        "summonerId": 26253321,
        "teamId": 200,
        "championId": 51
      },
      {
        "summonerId": 23945316,
        "teamId": 100,
        "championId": 92
      },
      {
        "summonerId": 20954292,
        "teamId": 200,
        "championId": 86
      },
      {
        "summonerId": 25545480,
        "teamId": 200,
        "championId": 412
      }
    ],
    "stats": {
      "level": 17,
      "goldEarned": 12625,
      "numDeaths": 8,
      "minionsKilled": 50,
      "championsKilled": 9,
      "goldSpent": 12545,
      "totalDamageDealt": 163605,
      "totalDamageTaken": 40573,
      "killingSprees": 3,
      "largestKillingSpree": 4,
      "team": 200,
      "win": false,
      "neutralMinionsKilled": 89,
      "largestMultiKill": 1,
      "physicalDamageDealtPlayer": 90368,
      "magicDamageDealtPlayer": 58866,
      "physicalDamageTaken": 34042,
      "magicDamageTaken": 2992,
      "timePlayed": 2253,
      "totalHeal": 15094,
      "totalUnitsHealed": 1,
      "assists": 5,
      "item0": 3065,
      "item1": 3153,
      "item2": 3160,
      "item3": 3110,
      "item4": 3260,
      "item6": 3340,
      "sightWardsBought": 1,
      "magicDamageDealtToChampions": 10547,
      "physicalDamageDealtToChampions": 10542,
      "totalDamageDealtToChampions": 22256,
      "trueDamageDealtPlayer": 14369,
      "trueDamageDealtToChampions": 1167,
      "trueDamageTaken": 3537,
      "wardPlaced": 9,
      "neutralMinionsKilledEnemyJungle": 6,
      "neutralMinionsKilledYourJungle": 83,
      "totalTimeCrowdControlDealt": 1582
    }
  },
  "26253321": {
    "gameId": 825976830,
    "invalid": false,
    "gameMode": "CLASSIC",
    "gameType": "MATCHED_GAME",
    "subType": "RANKED_SOLO_5x5",
    "mapId": 1,
    "teamId": 200,
    "championId": 51,
    "spell1": 7,
    "spell2": 4,
    "level": 30,
    "ipEarned": 68,
    "createDate": 1399031755132,
    "fellowPlayers": [
      {
        "summonerId": 28969135,
        "teamId": 200,
        "championId": 10
      },
      {
        "summonerId": 29826416,
        "teamId": 100,
        "championId": 157
      },
      {
        "summonerId": 23943673,
        "teamId": 100,
        "championId": 5
      },
      {
        "summonerId": 40200593,
        "teamId": 100,
        "championId": 26
      },
      {
        "summonerId": 34812761,
        "teamId": 100,
        "championId": 67
      },
      {
        "summonerId": 23945316,
        "teamId": 100,
        "championId": 92
      },
      {
        "summonerId": 20954292,
        "teamId": 200,
        "championId": 86
      },
      {
        "summonerId": 27482558,
        "teamId": 200,
        "championId": 19
      },
      {
        "summonerId": 25545480,
        "teamId": 200,
        "championId": 412
      }
    ],
    "stats": {
      "level": 17,
      "goldEarned": 14814,
      "numDeaths": 6,
      "turretsKilled": 1,
      "minionsKilled": 266,
      "championsKilled": 7,
      "goldSpent": 14965,
      "totalDamageDealt": 199727,
      "totalDamageTaken": 24164,
      "killingSprees": 1,
      "largestKillingSpree": 3,
      "team": 200,
      "win": false,
      "neutralMinionsKilled": 21,
      "largestMultiKill": 1,
      "physicalDamageDealtPlayer": 187046,
      "magicDamageDealtPlayer": 12338,
      "physicalDamageTaken": 17532,
      "magicDamageTaken": 5815,
      "largestCriticalStrike": 1165,
      "timePlayed": 2253,
      "totalHeal": 3151,
      "totalUnitsHealed": 3,
      "assists": 4,
      "item0": 1055,
      "item1": 3250,
      "item2": 3072,
      "item3": 3087,
      "item4": 3035,
      "item5": 3031,
      "item6": 3340,
      "magicDamageDealtToChampions": 3187,
      "physicalDamageDealtToChampions": 19781,
      "totalDamageDealtToChampions": 23129,
      "trueDamageDealtPlayer": 342,
      "trueDamageDealtToChampions": 160,
      "trueDamageTaken": 816,
      "wardPlaced": 9,
      "neutralMinionsKilledEnemyJungle": 10,
      "neutralMinionsKilledYourJungle": 11,
      "totalTimeCrowdControlDealt": 138
    }
  },
  "34812761": {
    "gameId": 825976830,
    "invalid": false,
    "gameMode": "CLASSIC",
    "gameType": "MATCHED_GAME",
    "subType": "RANKED_SOLO_5x5",
    "mapId": 1,
    "teamId": 100,
    "championId": 67,
    "spell1": 4,
    "spell2": 7,
    "level": 30,
    "ipEarned": 103,
    "createDate": 1399031755125,
    "fellowPlayers": [
      {
        "summonerId": 28969135,
        "teamId": 200,
        "championId": 10
      },
      {
        "summonerId": 29826416,
        "teamId": 100,
        "championId": 157
      },
      {
        "summonerId": 23943673,
        "teamId": 100,
        "championId": 5
      },
      {
        "summonerId": 40200593,
        "teamId": 100,
        "championId": 26
      },
      {
        "summonerId": 26253321,
        "teamId": 200,
        "championId": 51
      },
      {
        "summonerId": 23945316,
        "teamId": 100,
        "championId": 92
      },
      {
        "summonerId": 20954292,
        "teamId": 200,
        "championId": 86
      },
      {
        "summonerId": 27482558,
        "teamId": 200,
        "championId": 19
      },
      {
        "summonerId": 25545480,
        "teamId": 200,
        "championId": 412
      }
    ],
    "stats": {
      "level": 18,
      "goldEarned": 14511,
      "numDeaths": 3,
      "turretsKilled": 4,
      "minionsKilled": 189,
      "championsKilled": 11,
      "goldSpent": 12460,
      "totalDamageDealt": 147272,
      "totalDamageTaken": 23452,
      "doubleKills": 2,
      "tripleKills": 1,
      "killingSprees": 2,
      "largestKillingSpree": 6,
      "team": 100,
      "win": true,
      "neutralMinionsKilled": 7,
      "largestMultiKill": 3,
      "physicalDamageDealtPlayer": 131732,
      "magicDamageDealtPlayer": 69,
      "physicalDamageTaken": 15071,
      "magicDamageTaken": 8285,
      "largestCriticalStrike": 600,
      "timePlayed": 2253,
      "totalHeal": 4870,
      "totalUnitsHealed": 4,
      "assists": 9,
      "item0": 3153,
      "item1": 3006,
      "item2": 1055,
      "item3": 3046,
      "item4": 3035,
      "item5": 3102,
      "item6": 3340,
      "magicDamageDealtToChampions": 69,
      "physicalDamageDealtToChampions": 25287,
      "totalDamageDealtToChampions": 31920,
      "trueDamageDealtPlayer": 15470,
      "trueDamageDealtToChampions": 6563,
      "trueDamageTaken": 96,
      "wardPlaced": 11,
      "neutralMinionsKilledEnemyJungle": 1,
      "neutralMinionsKilledYourJungle": 6,
      "totalTimeCrowdControlDealt": 44
    }
  },
  "23943673": {
    "gameId": 825976830,
    "invalid": false,
    "gameMode": "CLASSIC",
    "gameType": "MATCHED_GAME",
    "subType": "RANKED_SOLO_5x5",
    "mapId": 1,
    "teamId": 100,
    "championId": 5,
    "spell1": 4,
    "spell2": 11,
    "level": 30,
    "ipEarned": 253,
    "createDate": 1399031755121,
    "fellowPlayers": [
      {
        "summonerId": 28969135,
        "teamId": 200,
        "championId": 10
      },
      {
        "summonerId": 29826416,
        "teamId": 100,
        "championId": 157
      },
      {
        "summonerId": 40200593,
        "teamId": 100,
        "championId": 26
      },
      {
        "summonerId": 34812761,
        "teamId": 100,
        "championId": 67
      },
      {
        "summonerId": 26253321,
        "teamId": 200,
        "championId": 51
      },
      {
        "summonerId": 23945316,
        "teamId": 100,
        "championId": 92
      },
      {
        "summonerId": 20954292,
        "teamId": 200,
        "championId": 86
      },
      {
        "summonerId": 27482558,
        "teamId": 200,
        "championId": 19
      },
      {
        "summonerId": 25545480,
        "teamId": 200,
        "championId": 412
      }
    ],
    "stats": {
      "level": 18,
      "goldEarned": 13075,
      "numDeaths": 7,
      "minionsKilled": 29,
      "championsKilled": 8,
      "goldSpent": 12750,
      "totalDamageDealt": 174287,
      "totalDamageTaken": 38189,
      "doubleKills": 2,
      "killingSprees": 3,
      "largestKillingSpree": 4,
      "team": 100,
      "win": true,
      "neutralMinionsKilled": 96,
      "largestMultiKill": 2,
      "physicalDamageDealtPlayer": 106345,
      "magicDamageDealtPlayer": 56646,
      "physicalDamageTaken": 29744,
      "magicDamageTaken": 8049,
      "largestCriticalStrike": 347,
      "timePlayed": 2253,
      "totalHeal": 13203,
      "totalUnitsHealed": 1,
      "assists": 10,
      "item0": 3153,
      "item1": 3044,
      "item2": 3111,
      "item3": 3071,
      "item4": 3086,
      "item5": 3160,
      "item6": 3340,
      "sightWardsBought": 1,
      "magicDamageDealtToChampions": 4146,
      "physicalDamageDealtToChampions": 16915,
      "totalDamageDealtToChampions": 21757,
      "trueDamageDealtPlayer": 11296,
      "trueDamageDealtToChampions": 696,
      "trueDamageTaken": 396,
      "wardPlaced": 13,
      "neutralMinionsKilledEnemyJungle": 9,
      "neutralMinionsKilledYourJungle": 87,
      "totalTimeCrowdControlDealt": 710
    }
  },
  "25545480": {
    "gameId": 825976830,
    "invalid": false,
    "gameMode": "CLASSIC",
    "gameType": "MATCHED_GAME",
    "subType": "RANKED_SOLO_5x5",
    "mapId": 1,
    "teamId": 200,
    "championId": 412,
    "spell1": 4,
    "spell2": 7,
    "level": 30,
    "ipEarned": 68,
    "createDate": 1399031755129,
    "fellowPlayers": [
      {
        "summonerId": 28969135,
        "teamId": 200,
        "championId": 10
      },
      {
        "summonerId": 29826416,
        "teamId": 100,
        "championId": 157
      },
      {
        "summonerId": 23943673,
        "teamId": 100,
        "championId": 5
      },
      {
        "summonerId": 40200593,
        "teamId": 100,
        "championId": 26
      },
      {
        "summonerId": 34812761,
        "teamId": 100,
        "championId": 67
      },
      {
        "summonerId": 26253321,
        "teamId": 200,
        "championId": 51
      },
      {
        "summonerId": 23945316,
        "teamId": 100,
        "championId": 92
      },
      {
        "summonerId": 20954292,
        "teamId": 200,
        "championId": 86
      },
      {
        "summonerId": 27482558,
        "teamId": 200,
        "championId": 19
      }
    ],
    "stats": {
      "level": 15,
      "goldEarned": 9520,
      "numDeaths": 8,
      "minionsKilled": 27,
      "championsKilled": 3,
      "goldSpent": 8730,
      "totalDamageDealt": 34112,
      "totalDamageTaken": 30162,
      "killingSprees": 1,
      "largestKillingSpree": 3,
      "team": 200,
      "win": false,
      "neutralMinionsKilled": 3,
      "largestMultiKill": 1,
      "physicalDamageDealtPlayer": 7454,
      "magicDamageDealtPlayer": 26658,
      "physicalDamageTaken": 21187,
      "magicDamageTaken": 6967,
      "timePlayed": 2253,
      "totalHeal": 6590,
      "totalUnitsHealed": 5,
      "assists": 12,
      "item0": 3401,
      "item1": 3270,
      "item2": 3068,
      "item3": 2003,
      "item4": 2045,
      "item5": 1057,
      "item6": 3341,
      "sightWardsBought": 1,
      "magicDamageDealtToChampions": 11624,
      "physicalDamageDealtToChampions": 1535,
      "totalDamageDealtToChampions": 13159,
      "trueDamageTaken": 2007,
      "wardKilled": 1,
      "wardPlaced": 6,
      "neutralMinionsKilledYourJungle": 3,
      "totalTimeCrowdControlDealt": 108
    }
  },
  "28969135": {
    "gameId": 825976830,
    "invalid": false,
    "gameMode": "CLASSIC",
    "gameType": "MATCHED_GAME",
    "subType": "RANKED_SOLO_5x5",
    "mapId": 1,
    "teamId": 200,
    "championId": 10,
    "spell1": 3,
    "spell2": 4,
    "level": 30,
    "ipEarned": 68,
    "createDate": 1399031755130,
    "fellowPlayers": [
      {
        "summonerId": 29826416,
        "teamId": 100,
        "championId": 157
      },
      {
        "summonerId": 23943673,
        "teamId": 100,
        "championId": 5
      },
      {
        "summonerId": 40200593,
        "teamId": 100,
        "championId": 26
      },
      {
        "summonerId": 34812761,
        "teamId": 100,
        "championId": 67
      },
      {
        "summonerId": 26253321,
        "teamId": 200,
        "championId": 51
      },
      {
        "summonerId": 23945316,
        "teamId": 100,
        "championId": 92
      },
      {
        "summonerId": 20954292,
        "teamId": 200,
        "championId": 86
      },
      {
        "summonerId": 27482558,
        "teamId": 200,
        "championId": 19
      },
      {
        "summonerId": 25545480,
        "teamId": 200,
        "championId": 412
      }
    ],
    "stats": {
      "level": 17,
      "goldEarned": 12693,
      "numDeaths": 6,
      "turretsKilled": 2,
      "minionsKilled": 163,
      "championsKilled": 5,
      "goldSpent": 11815,
      "totalDamageDealt": 109157,
      "totalDamageTaken": 23423,
      "killingSprees": 1,
      "largestKillingSpree": 3,
      "team": 200,
      "win": false,
      "neutralMinionsKilled": 12,
      "largestMultiKill": 1,
      "physicalDamageDealtPlayer": 30285,
      "magicDamageDealtPlayer": 78872,
      "physicalDamageTaken": 18265,
      "magicDamageTaken": 3996,
      "timePlayed": 2253,
      "totalHeal": 5605,
      "totalUnitsHealed": 2,
      "assists": 10,
      "item0": 3089,
      "item1": 1056,
      "item2": 3115,
      "item3": 3020,
      "item4": 3135,
      "item5": 3057,
      "item6": 3340,
      "sightWardsBought": 2,
      "visionWardsBought": 1,
      "magicDamageDealtToChampions": 14155,
      "physicalDamageDealtToChampions": 4159,
      "totalDamageDealtToChampions": 18315,
      "trueDamageTaken": 1161,
      "wardPlaced": 9,
      "neutralMinionsKilledYourJungle": 12,
      "totalTimeCrowdControlDealt": 115
    }
  }
}