{
  "24540811": {
    "gameId": 825979180,
    "invalid": false,
    "gameMode": "CLASSIC",
    "gameType": "MATCHED_GAME",
    "subType": "NORMAL",
    "mapId": 1,
    "teamId": 200,
    "championId": 55,
    "spell1": 4,
    "spell2": 14,
    "level": 30,
    "ipEarned": 76,
    "createDate": 1399029277112,
    "fellowPlayers": [
      {
        "summonerId": 33449514,
        "teamId": 200,
        "championId": 90
      },
      {
        "summonerId": 44683418,
        "teamId": 100,
        "championId": 53
      },
      {
        "summonerId": 34907335,
        "teamId": 100,
        "championId": 117
      },
      {
        "summonerId": 41789830,
        "teamId": 100,
        "championId": 222
      },
      {
        "summonerId": 41057942,
        "teamId": 100,
        "championId": 58
      },
      {
        "summonerId": 39805479,
        "teamId": 200,
        "championId": 48
      },
      {
        "summonerId": 38488388,
        "teamId": 200,
        "championId": 62
      },
      {
        "summonerId": 38769686,
        "teamId": 200,
        "championId": 222
      },
      {
        "summonerId": 38740987,
        "teamId": 100,
        "championId": 82
      }
    ],
    "stats": {
      "level": 13,
      "goldEarned": 11444,
      "numDeaths": 1,
      "minionsKilled": 69,
      "championsKilled": 21,
      "goldSpent": 10255,
      "totalDamageDealt": 73492,
      "totalDamageTaken": 14661,
      "doubleKills": 6,
      "tripleKills": 2,
      "quadraKills": 1,
      "killingSprees": 2,
      "largestKillingSpree": 13,
      "team": 200,
      "win": true,
      "neutralMinionsKilled": 14,
      "largestMultiKill": 4,
      "physicalDamageDealtPlayer": 13828,
      "magicDamageDealtPlayer": 58176,
      "physicalDamageTaken": 9909,
      "magicDamageTaken": 4111,
      "timePlayed": 1255,
      "totalHeal": 1799,
      "totalUnitsHealed": 1,
      "assists": 6,
      "item0": 3151,
      "item1": 3255,
      "item2": 3146,
      "item3": 1058,
      "item6": 3340,
      "magicDamageDealtToChampions": 19528,
      "physicalDamageDealtToChampions": 2082,
      "totalDamageDealtToChampions": 22414,
      "trueDamageDealtPlayer": 1487,
      "trueDamageDealtToChampions": 803,
      "trueDamageTaken": 640,
      "wardKilled": 1,
      "wardPlaced": 6,
      "neutralMinionsKilledEnemyJungle": 6,
      "neutralMinionsKilledYourJungle": 8,
      "totalTimeCrowdControlDealt": 135
    }
  },
  "summonerCount": 10,
  "39805479": {
    "gameId": 825979180,
    "invalid": false,
    "gameMode": "CLASSIC",
    "gameType": "MATCHED_GAME",
    "subType": "NORMAL",
    "mapId": 1,
    "teamId": 200,
    "championId": 48,
    "spell1": 4,
    "spell2": 11,
    "level": 30,
    "ipEarned": 226,
    "createDate": 1399029277116,
    "fellowPlayers": [
      {
        "summonerId": 33449514,
        "teamId": 200,
        "championId": 90
      },
      {
        "summonerId": 44683418,
        "teamId": 100,
        "championId": 53
      },
      {
        "summonerId": 34907335,
        "teamId": 100,
        "championId": 117
      },
      {
        "summonerId": 41789830,
        "teamId": 100,
        "championId": 222
      },
      {
        "summonerId": 24540811,
        "teamId": 200,
        "championId": 55
      },
      {
        "summonerId": 41057942,
        "teamId": 100,
        "championId": 58
      },
      {
        "summonerId": 38488388,
        "teamId": 200,
        "championId": 62
      },
      {
        "summonerId": 38769686,
        "teamId": 200,
        "championId": 222
      },
      {
        "summonerId": 38740987,
        "teamId": 100,
        "championId": 82
      }
    ],
    "stats": {
      "level": 11,
      "goldEarned": 5898,
      "numDeaths": 3,
      "turretsKilled": 2,
      "minionsKilled": 50,
      "championsKilled": 1,
      "goldSpent": 5575,
      "totalDamageDealt": 45839,
      "totalDamageTaken": 16438,
      "team": 200,
      "win": true,
      "neutralMinionsKilled": 26,
      "largestMultiKill": 1,
      "physicalDamageDealtPlayer": 41082,
      "magicDamageDealtPlayer": 1540,
      "physicalDamageTaken": 9640,
      "magicDamageTaken": 5882,
      "timePlayed": 1255,
      "totalHeal": 4660,
      "totalUnitsHealed": 1,
      "assists": 7,
      "item0": 3144,
      "item1": 3111,
      "item2": 3207,
      "item3": 1042,
      "item4": 1042,
      "item6": 3341,
      "magicDamageDealtToChampions": 1002,
      "physicalDamageDealtToChampions": 2991,
      "totalDamageDealtToChampions": 4065,
      "trueDamageDealtPlayer": 3216,
      "trueDamageDealtToChampions": 72,
      "trueDamageTaken": 916,
      "neutralMinionsKilledEnemyJungle": 7,
      "neutralMinionsKilledYourJungle": 19,
      "totalTimeCrowdControlDealt": 264
    }
  },
  "44683418": {
    "gameId": 825979180,
    "invalid": false,
    "gameMode": "CLASSIC",
    "gameType": "MATCHED_GAME",
    "subType": "NORMAL",
    "mapId": 1,
    "teamId": 100,
    "championId": 53,
    "spell1": 3,
    "spell2": 4,
    "level": 30,
    "ipEarned": 51,
    "createDate": 1399029277109,
    "fellowPlayers": [
      {
        "summonerId": 33449514,
        "teamId": 200,
        "championId": 90
      },
      {
        "summonerId": 34907335,
        "teamId": 100,
        "championId": 117
      },
      {
        "summonerId": 41789830,
        "teamId": 100,
        "championId": 222
      },
      {
        "summonerId": 24540811,
        "teamId": 200,
        "championId": 55
      },
      {
        "summonerId": 41057942,
        "teamId": 100,
        "championId": 58
      },
      {
        "summonerId": 39805479,
        "teamId": 200,
        "championId": 48
      },
      {
        "summonerId": 38488388,
        "teamId": 200,
        "championId": 62
      },
      {
        "summonerId": 38769686,
        "teamId": 200,
        "championId": 222
      },
      {
        "summonerId": 38740987,
        "teamId": 100,
        "championId": 82
      }
    ],
    "stats": {
      "level": 8,
      "goldEarned": 3361,
      "numDeaths": 7,
      "minionsKilled": 2,
      "goldSpent": 2950,
      "totalDamageDealt": 8558,
      "totalDamageTaken": 10614,
      "team": 100,
      "win": false,
      "physicalDamageDealtPlayer": 3058,
      "magicDamageDealtPlayer": 5499,
      "physicalDamageTaken": 7950,
      "magicDamageTaken": 2591,
      "timePlayed": 1255,
      "totalHeal": 371,
      "totalUnitsHealed": 1,
      "assists": 1,
      "item0": 3069,
      "item2": 1027,
      "item4": 2003,
      "item6": 3341,
      "sightWardsBought": 1,
      "visionWardsBought": 1,
      "magicDamageDealtToChampions": 1919,
      "physicalDamageDealtToChampions": 1332,
      "totalDamageDealtToChampions": 3251,
      "trueDamageTaken": 72,
      "wardPlaced": 2,
      "totalTimeCrowdControlDealt": 41
    }
  },
  "41057942": {
    "gameId": 825979180,
    "invalid": false,
    "gameMode": "CLASSIC",
    "gameType": "MATCHED_GAME",
    "subType": "NORMAL",
    "mapId": 1,
    "teamId": 100,
    "championId": 58,
    "spell1": 4,
    "spell2": 14,
    "level": 30,
    "ipEarned": 51,
    "createDate": 1399029277110,
    "fellowPlayers": [
      {
        "summonerId": 33449514,
        "teamId": 200,
        "championId": 90
      },
      {
        "summonerId": 44683418,
        "teamId": 100,
        "championId": 53
      },
      {
        "summonerId": 34907335,
        "teamId": 100,
        "championId": 117
      },
      {
        "summonerId": 41789830,
        "teamId": 100,
        "championId": 222
      },
      {
        "summonerId": 24540811,
        "teamId": 200,
        "championId": 55
      },
      {
        "summonerId": 39805479,
        "teamId": 200,
        "championId": 48
      },
      {
        "summonerId": 38488388,
        "teamId": 200,
        "championId": 62
      },
      {
        "summonerId": 38769686,
        "teamId": 200,
        "championId": 222
      },
      {
        "summonerId": 38740987,
        "teamId": 100,
        "championId": 82
      }
    ],
    "stats": {
      "level": 9,
      "goldEarned": 5468,
      "numDeaths": 9,
      "turretsKilled": 1,
      "minionsKilled": 61,
      "championsKilled": 3,
      "goldSpent": 4775,
      "totalDamageDealt": 38237,
      "totalDamageTaken": 16312,
      "team": 100,
      "win": false,
      "neutralMinionsKilled": 2,
      "largestMultiKill": 1,
      "physicalDamageDealtPlayer": 37203,
      "magicDamageDealtPlayer": 522,
      "physicalDamageTaken": 9807,
      "magicDamageTaken": 5866,
      "timePlayed": 1255,
      "totalHeal": 1112,
      "totalUnitsHealed": 1,
      "assists": 3,
      "item0": 3047,
      "item2": 3074,
      "item6": 3340,
      "magicDamageDealtToChampions": 463,
      "physicalDamageDealtToChampions": 6725,
      "totalDamageDealtToChampions": 7701,
      "trueDamageDealtPlayer": 512,
      "trueDamageDealtToChampions": 512,
      "trueDamageTaken": 638,
      "wardPlaced": 3,
      "neutralMinionsKilledYourJungle": 2,
      "totalTimeCrowdControlDealt": 13
    }
  },
  "38488388": {
    "gameId": 825979180,
    "invalid": false,
    "gameMode": "CLASSIC",
    "gameType": "MATCHED_GAME",
    "subType": "NORMAL",
    "mapId": 1,
    "teamId": 200,
    "championId": 62,
    "spell1": 4,
    "spell2": 14,
    "level": 30,
    "ipEarned": 226,
    "createDate": 1399029277115,
    "fellowPlayers": [
      {
        "summonerId": 33449514,
        "teamId": 200,
        "championId": 90
      },
      {
        "summonerId": 44683418,
        "teamId": 100,
        "championId": 53
      },
      {
        "summonerId": 34907335,
        "teamId": 100,
        "championId": 117
      },
      {
        "summonerId": 41789830,
        "teamId": 100,
        "championId": 222
      },
      {
        "summonerId": 24540811,
        "teamId": 200,
        "championId": 55
      },
      {
        "summonerId": 41057942,
        "teamId": 100,
        "championId": 58
      },
      {
        "summonerId": 39805479,
        "teamId": 200,
        "championId": 48
      },
      {
        "summonerId": 38769686,
        "teamId": 200,
        "championId": 222
      },
      {
        "summonerId": 38740987,
        "teamId": 100,
        "championId": 82
      }
    ],
    "stats": {
      "level": 12,
      "goldEarned": 6925,
      "numDeaths": 3,
      "minionsKilled": 45,
      "championsKilled": 7,
      "goldSpent": 6420,
      "totalDamageDealt": 38311,
      "totalDamageTaken": 11884,
      "killingSprees": 2,
      "largestKillingSpree": 4,
      "team": 200,
      "win": true,
      "largestMultiKill": 1,
      "physicalDamageDealtPlayer": 35462,
      "magicDamageDealtPlayer": 1794,
      "physicalDamageTaken": 5828,
      "magicDamageTaken": 5905,
      "largestCriticalStrike": 243,
      "timePlayed": 1255,
      "totalHeal": 670,
      "totalUnitsHealed": 1,
      "assists": 9,
      "item0": 1054,
      "item1": 3071,
      "item2": 3111,
      "item3": 3086,
      "item4": 1036,
      "item6": 3340,
      "magicDamageDealtToChampions": 492,
      "physicalDamageDealtToChampions": 9094,
      "totalDamageDealtToChampions": 10541,
      "trueDamageDealtPlayer": 1054,
      "trueDamageDealtToChampions": 954,
      "trueDamageTaken": 150,
      "wardPlaced": 1,
      "totalTimeCrowdControlDealt": 52
    }
  },
  "33449514": {
    "gameId": 825979180,
    "invalid": false,
    "gameMode": "CLASSIC",
    "gameType": "MATCHED_GAME",
    "subType": "NORMAL",
    "mapId": 1,
    "teamId": 200,
    "championId": 90,
    "spell1": 4,
    "spell2": 14,
    "level": 30,
    "ipEarned": 76,
    "createDate": 1399029277113,
    "fellowPlayers": [
      {
        "summonerId": 44683418,
        "teamId": 100,
        "championId": 53
      },
      {
        "summonerId": 34907335,
        "teamId": 100,
        "championId": 117
      },
      {
        "summonerId": 41789830,
        "teamId": 100,
        "championId": 222
      },
      {
        "summonerId": 24540811,
        "teamId": 200,
        "championId": 55
      },
      {
        "summonerId": 41057942,
        "teamId": 100,
        "championId": 58
      },
      {
        "summonerId": 39805479,
        "teamId": 200,
        "championId": 48
      },
      {
        "summonerId": 38488388,
        "teamId": 200,
        "championId": 62
      },
      {
        "summonerId": 38769686,
        "teamId": 200,
        "championId": 222
      },
      {
        "summonerId": 38740987,
        "teamId": 100,
        "championId": 82
      }
    ],
    "stats": {
      "level": 11,
      "goldEarned": 5432,
      "numDeaths": 1,
      "minionsKilled": 45,
      "championsKilled": 1,
      "goldSpent": 5510,
      "totalDamageDealt": 36248,
      "totalDamageTaken": 4502,
      "team": 200,
      "win": true,
      "neutralMinionsKilled": 9,
      "largestMultiKill": 1,
      "physicalDamageDealtPlayer": 17224,
      "magicDamageDealtPlayer": 18861,
      "physicalDamageTaken": 3304,
      "magicDamageTaken": 1197,
      "timePlayed": 1255,
      "totalHeal": 368,
      "totalUnitsHealed": 1,
      "assists": 7,
      "item0": 3151,
      "item1": 1058,
      "item2": 1056,
      "item4": 2003,
      "item5": 2004,
      "item6": 3340,
      "magicDamageDealtToChampions": 4074,
      "physicalDamageDealtToChampions": 1768,
      "totalDamageDealtToChampions": 6005,
      "trueDamageDealtPlayer": 162,
      "trueDamageDealtToChampions": 162,
      "wardPlaced": 2,
      "neutralMinionsKilledEnemyJungle": 8,
      "neutralMinionsKilledYourJungle": 1,
      "totalTimeCrowdControlDealt": 21
    }
  },
  "38740987": {
    "gameId": 825979180,
    "invalid": false,
    "gameMode": "CLASSIC",
    "gameType": "MATCHED_GAME",
    "subType": "NORMAL",
    "mapId": 1,
    "teamId": 100,
    "championId": 82,
    "spell1": 14,
    "spell2": 4,
    "level": 30,
    "ipEarned": 51,
    "createDate": 1399029277104,
    "fellowPlayers": [
      {
        "summonerId": 33449514,
        "teamId": 200,
        "championId": 90
      },
      {
        "summonerId": 44683418,
        "teamId": 100,
        "championId": 53
      },
      {
        "summonerId": 34907335,
        "teamId": 100,
        "championId": 117
      },
      {
        "summonerId": 41789830,
        "teamId": 100,
        "championId": 222
      },
      {
        "summonerId": 24540811,
        "teamId": 200,
        "championId": 55
      },
      {
        "summonerId": 41057942,
        "teamId": 100,
        "championId": 58
      },
      {
        "summonerId": 39805479,
        "teamId": 200,
        "championId": 48
      },
      {
        "summonerId": 38488388,
        "teamId": 200,
        "championId": 62
      },
      {
        "summonerId": 38769686,
        "teamId": 200,
        "championId": 222
      }
    ],
    "stats": {
      "level": 11,
      "goldEarned": 6680,
      "numDeaths": 5,
      "turretsKilled": 1,
      "minionsKilled": 86,
      "championsKilled": 4,
      "goldSpent": 5570,
      "totalDamageDealt": 60880,
      "totalDamageTaken": 9121,
      "team": 100,
      "win": false,
      "neutralMinionsKilled": 4,
      "largestMultiKill": 1,
      "physicalDamageDealtPlayer": 7768,
      "magicDamageDealtPlayer": 52523,
      "physicalDamageTaken": 5297,
      "magicDamageTaken": 3562,
      "timePlayed": 1255,
      "totalHeal": 1174,
      "totalUnitsHealed": 1,
      "assists": 4,
      "item0": 3145,
      "item1": 3151,
      "item2": 1026,
      "item3": 1001,
      "item4": 2003,
      "item6": 3340,
      "sightWardsBought": 1,
      "magicDamageDealtToChampions": 10627,
      "physicalDamageDealtToChampions": 954,
      "totalDamageDealtToChampions": 12169,
      "trueDamageDealtPlayer": 588,
      "trueDamageDealtToChampions": 588,
      "trueDamageTaken": 262,
      "wardPlaced": 4,
      "neutralMinionsKilledYourJungle": 4,
      "totalTimeCrowdControlDealt": 3
    }
  },
  "38769686": {
    "gameId": 825979180,
    "invalid": false,
    "gameMode": "CLASSIC",
    "gameType": "MATCHED_GAME",
    "subType": "NORMAL",
    "mapId": 1,
    "teamId": 200,
    "championId": 222,
    "spell1": 7,
    "spell2": 4,
    "level": 30,
    "ipEarned": 76,
    "createDate": 1399029277117,
    "fellowPlayers": [
      {
        "summonerId": 33449514,
        "teamId": 200,
        "championId": 90
      },
      {
        "summonerId": 44683418,
        "teamId": 100,
        "championId": 53
      },
      {
        "summonerId": 34907335,
        "teamId": 100,
        "championId": 117
      },
      {
        "summonerId": 41789830,
        "teamId": 100,
        "championId": 222
      },
      {
        "summonerId": 24540811,
        "teamId": 200,
        "championId": 55
      },
      {
        "summonerId": 41057942,
        "teamId": 100,
        "championId": 58
      },
      {
        "summonerId": 39805479,
        "teamId": 200,
        "championId": 48
      },
      {
        "summonerId": 38488388,
        "teamId": 200,
        "championId": 62
      },
      {
        "summonerId": 38740987,
        "teamId": 100,
        "championId": 82
      }
    ],
    "stats": {
      "level": 12,
      "goldEarned": 7514,
      "numDeaths": 4,
      "turretsKilled": 2,
      "minionsKilled": 109,
      "championsKilled": 5,
      "goldSpent": 5480,
      "totalDamageDealt": 65247,
      "totalDamageTaken": 9645,
      "killingSprees": 1,
      "largestKillingSpree": 2,
      "team": 200,
      "win": true,
      "neutralMinionsKilled": 5,
      "largestMultiKill": 1,
      "physicalDamageDealtPlayer": 64193,
      "magicDamageDealtPlayer": 1054,
      "physicalDamageTaken": 7191,
      "magicDamageTaken": 2339,
      "timePlayed": 1255,
      "totalHeal": 958,
      "totalUnitsHealed": 2,
      "assists": 6,
      "item0": 3072,
      "item1": 3006,
      "item2": 1042,
      "item3": 1042,
      "item6": 3340,
      "magicDamageDealtToChampions": 406,
      "physicalDamageDealtToChampions": 7235,
      "totalDamageDealtToChampions": 7641,
      "trueDamageTaken": 114,
      "wardPlaced": 3,
      "neutralMinionsKilledEnemyJungle": 4,
      "neutralMinionsKilledYourJungle": 1,
      "totalTimeCrowdControlDealt": 66
    }
  },
  "41789830": {
    "gameId": 825979180,
    "invalid": false,
    "gameMode": "CLASSIC",
    "gameType": "MATCHED_GAME",
    "subType": "NORMAL",
    "mapId": 1,
    "teamId": 100,
    "championId": 222,
    "spell1": 4,
    "spell2": 7,
    "level": 30,
    "ipEarned": 51,
    "createDate": 1399029277106,
    "fellowPlayers": [
      {
        "summonerId": 33449514,
        "teamId": 200,
        "championId": 90
      },
      {
        "summonerId": 44683418,
        "teamId": 100,
        "championId": 53
      },
      {
        "summonerId": 34907335,
        "teamId": 100,
        "championId": 117
      },
      {
        "summonerId": 24540811,
        "teamId": 200,
        "championId": 55
      },
      {
        "summonerId": 41057942,
        "teamId": 100,
        "championId": 58
      },
      {
        "summonerId": 39805479,
        "teamId": 200,
        "championId": 48
      },
      {
        "summonerId": 38488388,
        "teamId": 200,
        "championId": 62
      },
      {
        "summonerId": 38769686,
        "teamId": 200,
        "championId": 222
      },
      {
        "summonerId": 38740987,
        "teamId": 100,
        "championId": 82
      }
    ],
    "stats": {
      "level": 9,
      "goldEarned": 4143,
      "numDeaths": 7,
      "minionsKilled": 42,
      "championsKilled": 1,
      "goldSpent": 3000,
      "totalDamageDealt": 30351,
      "totalDamageTaken": 10707,
      "team": 100,
      "win": false,
      "largestMultiKill": 1,
      "physicalDamageDealtPlayer": 29661,
      "magicDamageDealtPlayer": 690,
      "physicalDamageTaken": 4164,
      "magicDamageTaken": 6133,
      "timePlayed": 1255,
      "totalHeal": 747,
      "totalUnitsHealed": 2,
      "assists": 2,
      "item0": 1038,
      "item1": 2003,
      "item2": 1053,
      "item6": 3340,
      "magicDamageDealtToChampions": 419,
      "physicalDamageDealtToChampions": 6804,
      "totalDamageDealtToChampions": 7224,
      "trueDamageTaken": 410,
      "wardPlaced": 4,
      "totalTimeCrowdControlDealt": 60
    }
  },
  "34907335": {
    "gameId": 825979180,
    "invalid": false,
    "gameMode": "CLASSIC",
    "gameType": "MATCHED_GAME",
    "subType": "NORMAL",
    "mapId": 1,
    "teamId": 100,
    "championId": 117,
    "spell1": 4,
    "spell2": 14,
    "level": 30,
    "ipEarned": 51,
    "createDate": 1399029277108,
    "fellowPlayers": [
      {
        "summonerId": 33449514,
        "teamId": 200,
        "championId": 90
      },
      {
        "summonerId": 44683418,
        "teamId": 100,
        "championId": 53
      },
      {
        "summonerId": 41789830,
        "teamId": 100,
        "championId": 222
      },
      {
        "summonerId": 24540811,
        "teamId": 200,
        "championId": 55
      },
      {
        "summonerId": 41057942,
        "teamId": 100,
        "championId": 58
      },
      {
        "summonerId": 39805479,
        "teamId": 200,
        "championId": 48
      },
      {
        "summonerId": 38488388,
        "teamId": 200,
        "championId": 62
      },
      {
        "summonerId": 38769686,
        "teamId": 200,
        "championId": 222
      },
      {
        "summonerId": 38740987,
        "teamId": 100,
        "championId": 82
      }
    ],
    "stats": {
      "level": 11,
      "goldEarned": 6002,
      "numDeaths": 7,
      "minionsKilled": 72,
      "championsKilled": 4,
      "goldSpent": 5115,
      "totalDamageDealt": 43506,
      "totalDamageTaken": 13101,
      "killingSprees": 1,
      "largestKillingSpree": 2,
      "team": 100,
      "win": false,
      "largestMultiKill": 1,
      "physicalDamageDealtPlayer": 10457,
      "magicDamageDealtPlayer": 32328,
      "physicalDamageTaken": 5140,
      "magicDamageTaken": 7350,
      "timePlayed": 1255,
      "totalHeal": 208,
      "totalUnitsHealed": 1,
      "assists": 2,
      "item0": 3174,
      "item1": 2041,
      "item3": 3020,
      "item6": 3340,
      "magicDamageDealtToChampions": 6007,
      "physicalDamageDealtToChampions": 1380,
      "totalDamageDealtToChampions": 8107,
      "trueDamageDealtPlayer": 720,
      "trueDamageDealtToChampions": 720,
      "trueDamageTaken": 609,
      "wardPlaced": 5,
      "totalTimeCrowdControlDealt": 333
    }
  }
}