{
  "34864565": {
    "gameId": 825974913,
    "invalid": false,
    "gameMode": "CLASSIC",
    "gameType": "MATCHED_GAME",
    "subType": "NORMAL",
    "mapId": 1,
    "teamId": 100,
    "championId": 63,
    "spell1": 4,
    "spell2": 14,
    "level": 30,
    "ipEarned": 76,
    "createDate": 1399030196400,
    "fellowPlayers": [
      {
        "summonerId": 28273757,
        "teamId": 100,
        "championId": 59
      },
      {
        "summonerId": 26572912,
        "teamId": 100,
        "championId": 31
      },
      {
        "summonerId": 24510074,
        "teamId": 200,
        "championId": 33
      },
      {
        "summonerId": 25174622,
        "teamId": 200,
        "championId": 4
      },
      {
        "summonerId": 29495556,
        "teamId": 100,
        "championId": 12
      },
      {
        "summonerId": 31177692,
        "teamId": 200,
        "championId": 11
      },
      {
        "summonerId": 31607072,
        "teamId": 200,
        "championId": 13
      },
      {
        "summonerId": 27019297,
        "teamId": 100,
        "championId": 29
      },
      {
        "summonerId": 32264890,
        "teamId": 200,
        "championId": 81
      }
    ],
    "stats": {
      "level": 13,
      "goldEarned": 8102,
      "numDeaths": 3,
      "turretsKilled": 1,
      "minionsKilled": 115,
      "championsKilled": 6,
      "goldSpent": 7000,
      "totalDamageDealt": 59086,
      "totalDamageTaken": 8762,
      "killingSprees": 1,
      "largestKillingSpree": 5,
      "team": 100,
      "win": true,
      "neutralMinionsKilled": 6,
      "largestMultiKill": 1,
      "physicalDamageDealtPlayer": 12583,
      "magicDamageDealtPlayer": 45968,
      "physicalDamageTaken": 2585,
      "magicDamageTaken": 5848,
      "timePlayed": 1233,
      "totalHeal": 235,
      "totalUnitsHealed": 1,
      "assists": 2,
      "item0": 3020,
      "item1": 3151,
      "item2": 1058,
      "item3": 1056,
      "item4": 1026,
      "item6": 3340,
      "magicDamageDealtToChampions": 8648,
      "physicalDamageDealtToChampions": 1077,
      "totalDamageDealtToChampions": 10260,
      "trueDamageDealtPlayer": 534,
      "trueDamageDealtToChampions": 534,
      "trueDamageTaken": 328,
      "wardPlaced": 2,
      "neutralMinionsKilledEnemyJungle": 3,
      "neutralMinionsKilledYourJungle": 3,
      "totalTimeCrowdControlDealt": 19
    }
  },
  "summonerCount": 10,
  "25174622": {
    "gameId": 825974913,
    "invalid": false,
    "gameMode": "CLASSIC",
    "gameType": "MATCHED_GAME",
    "subType": "NORMAL",
    "mapId": 1,
    "teamId": 200,
    "championId": 4,
    "spell1": 4,
    "spell2": 14,
    "level": 30,
    "ipEarned": 51,
    "createDate": 1399030196409,
    "fellowPlayers": [
      {
        "summonerId": 34864565,
        "teamId": 100,
        "championId": 63
      },
      {
        "summonerId": 28273757,
        "teamId": 100,
        "championId": 59
      },
      {
        "summonerId": 26572912,
        "teamId": 100,
        "championId": 31
      },
      {
        "summonerId": 24510074,
        "teamId": 200,
        "championId": 33
      },
      {
        "summonerId": 29495556,
        "teamId": 100,
        "championId": 12
      },
      {
        "summonerId": 31177692,
        "teamId": 200,
        "championId": 11
      },
      {
        "summonerId": 31607072,
        "teamId": 200,
        "championId": 13
      },
      {
        "summonerId": 27019297,
        "teamId": 100,
        "championId": 29
      },
      {
        "summonerId": 32264890,
        "teamId": 200,
        "championId": 81
      }
    ],
    "stats": {
      "level": 13,
      "goldEarned": 7145,
      "numDeaths": 5,
      "minionsKilled": 101,
      "championsKilled": 4,
      "goldSpent": 6275,
      "totalDamageDealt": 77848,
      "totalDamageTaken": 10168,
      "killingSprees": 1,
      "largestKillingSpree": 2,
      "team": 200,
      "win": false,
      "neutralMinionsKilled": 19,
      "largestMultiKill": 1,
      "physicalDamageDealtPlayer": 9982,
      "magicDamageDealtPlayer": 67328,
      "physicalDamageTaken": 5508,
      "magicDamageTaken": 4118,
      "timePlayed": 1233,
      "assists": 2,
      "item0": 1056,
      "item1": 1058,
      "item2": 3100,
      "item3": 3020,
      "item6": 3340,
      "magicDamageDealtToChampions": 7538,
      "physicalDamageDealtToChampions": 889,
      "totalDamageDealtToChampions": 8965,
      "trueDamageDealtPlayer": 538,
      "trueDamageDealtToChampions": 538,
      "trueDamageTaken": 542,
      "wardPlaced": 5,
      "neutralMinionsKilledYourJungle": 19,
      "totalTimeCrowdControlDealt": 206
    }
  },
  "31177692": {
    "gameId": 825974913,
    "invalid": false,
    "gameMode": "CLASSIC",
    "gameType": "MATCHED_GAME",
    "subType": "NORMAL",
    "mapId": 1,
    "teamId": 200,
    "championId": 11,
    "spell1": 7,
    "spell2": 4,
    "level": 30,
    "ipEarned": 0,
    "createDate": 1399030196405,
    "fellowPlayers": [
      {
        "summonerId": 34864565,
        "teamId": 100,
        "championId": 63
      },
      {
        "summonerId": 28273757,
        "teamId": 100,
        "championId": 59
      },
      {
        "summonerId": 26572912,
        "teamId": 100,
        "championId": 31
      },
      {
        "summonerId": 24510074,
        "teamId": 200,
        "championId": 33
      },
      {
        "summonerId": 25174622,
        "teamId": 200,
        "championId": 4
      },
      {
        "summonerId": 29495556,
        "teamId": 100,
        "championId": 12
      },
      {
        "summonerId": 31607072,
        "teamId": 200,
        "championId": 13
      },
      {
        "summonerId": 27019297,
        "teamId": 100,
        "championId": 29
      },
      {
        "summonerId": 32264890,
        "teamId": 200,
        "championId": 81
      }
    ],
    "stats": {
      "level": 8,
      "goldEarned": 3490,
      "numDeaths": 7,
      "minionsKilled": 20,
      "championsKilled": 1,
      "goldSpent": 2500,
      "totalDamageDealt": 16263,
      "totalDamageTaken": 8524,
      "team": 200,
      "win": false,
      "neutralMinionsKilled": 2,
      "largestMultiKill": 1,
      "physicalDamageDealtPlayer": 16263,
      "physicalDamageTaken": 5369,
      "magicDamageTaken": 2304,
      "timePlayed": 1233,
      "totalHeal": 785,
      "totalUnitsHealed": 1,
      "item0": 3006,
      "item1": 1053,
      "item2": 1042,
      "item3": 1051,
      "physicalDamageDealtToChampions": 2515,
      "totalDamageDealtToChampions": 2515,
      "trueDamageTaken": 850,
      "neutralMinionsKilledYourJungle": 2
    }
  },
  "28273757": {
    "gameId": 825974913,
    "invalid": false,
    "gameMode": "CLASSIC",
    "gameType": "MATCHED_GAME",
    "subType": "NORMAL",
    "mapId": 1,
    "teamId": 100,
    "championId": 59,
    "spell1": 11,
    "spell2": 4,
    "level": 30,
    "ipEarned": 76,
    "createDate": 1399030196399,
    "fellowPlayers": [
      {
        "summonerId": 34864565,
        "teamId": 100,
        "championId": 63
      },
      {
        "summonerId": 26572912,
        "teamId": 100,
        "championId": 31
      },
      {
        "summonerId": 24510074,
        "teamId": 200,
        "championId": 33
      },
      {
        "summonerId": 25174622,
        "teamId": 200,
        "championId": 4
      },
      {
        "summonerId": 29495556,
        "teamId": 100,
        "championId": 12
      },
      {
        "summonerId": 31177692,
        "teamId": 200,
        "championId": 11
      },
      {
        "summonerId": 31607072,
        "teamId": 200,
        "championId": 13
      },
      {
        "summonerId": 27019297,
        "teamId": 100,
        "championId": 29
      },
      {
        "summonerId": 32264890,
        "teamId": 200,
        "championId": 81
      }
    ],
    "stats": {
      "level": 14,
      "goldEarned": 8129,
      "turretsKilled": 1,
      "minionsKilled": 11,
      "championsKilled": 5,
      "goldSpent": 6285,
      "totalDamageDealt": 87456,
      "totalDamageTaken": 12443,
      "killingSprees": 1,
      "largestKillingSpree": 5,
      "team": 100,
      "win": true,
      "neutralMinionsKilled": 74,
      "largestMultiKill": 1,
      "physicalDamageDealtPlayer": 68805,
      "magicDamageDealtPlayer": 8371,
      "physicalDamageTaken": 9202,
      "magicDamageTaken": 3031,
      "timePlayed": 1233,
      "totalHeal": 3671,
      "totalUnitsHealed": 1,
      "assists": 4,
      "item0": 3209,
      "item1": 3077,
      "item2": 3111,
      "item3": 1053,
      "item6": 3341,
      "magicDamageDealtToChampions": 738,
      "physicalDamageDealtToChampions": 6443,
      "totalDamageDealtToChampions": 7859,
      "trueDamageDealtPlayer": 10280,
      "trueDamageDealtToChampions": 678,
      "trueDamageTaken": 210,
      "wardKilled": 1,
      "neutralMinionsKilledEnemyJungle": 11,
      "neutralMinionsKilledYourJungle": 63,
      "totalTimeCrowdControlDealt": 538
    }
  },
  "32264890": {
    "gameId": 825974913,
    "invalid": false,
    "gameMode": "CLASSIC",
    "gameType": "MATCHED_GAME",
    "subType": "NORMAL",
    "mapId": 1,
    "teamId": 200,
    "championId": 81,
    "spell1": 4,
    "spell2": 7,
    "level": 30,
    "ipEarned": 51,
    "createDate": 1399030196407,
    "fellowPlayers": [
      {
        "summonerId": 34864565,
        "teamId": 100,
        "championId": 63
      },
      {
        "summonerId": 28273757,
        "teamId": 100,
        "championId": 59
      },
      {
        "summonerId": 26572912,
        "teamId": 100,
        "championId": 31
      },
      {
        "summonerId": 24510074,
        "teamId": 200,
        "championId": 33
      },
      {
        "summonerId": 25174622,
        "teamId": 200,
        "championId": 4
      },
      {
        "summonerId": 29495556,
        "teamId": 100,
        "championId": 12
      },
      {
        "summonerId": 31177692,
        "teamId": 200,
        "championId": 11
      },
      {
        "summonerId": 31607072,
        "teamId": 200,
        "championId": 13
      },
      {
        "summonerId": 27019297,
        "teamId": 100,
        "championId": 29
      }
    ],
    "stats": {
      "level": 10,
      "goldEarned": 4260,
      "numDeaths": 10,
      "minionsKilled": 32,
      "championsKilled": 3,
      "goldSpent": 3100,
      "totalDamageDealt": 18757,
      "totalDamageTaken": 15378,
      "team": 200,
      "win": false,
      "largestMultiKill": 1,
      "physicalDamageDealtPlayer": 17118,
      "magicDamageDealtPlayer": 1638,
      "physicalDamageTaken": 10706,
      "magicDamageTaken": 3266,
      "timePlayed": 1233,
      "totalHeal": 1476,
      "totalUnitsHealed": 3,
      "assists": 1,
      "item0": 1055,
      "item1": 1001,
      "item2": 3044,
      "item4": 1053,
      "item6": 3340,
      "magicDamageDealtToChampions": 1366,
      "physicalDamageDealtToChampions": 5862,
      "totalDamageDealtToChampions": 7229,
      "trueDamageTaken": 1404,
      "wardPlaced": 4
    }
  },
  "31607072": {
    "gameId": 825974913,
    "invalid": false,
    "gameMode": "CLASSIC",
    "gameType": "MATCHED_GAME",
    "subType": "NORMAL",
    "mapId": 1,
    "teamId": 200,
    "championId": 13,
    "spell1": 12,
    "spell2": 4,
    "level": 30,
    "ipEarned": 51,
    "createDate": 1399030196404,
    "fellowPlayers": [
      {
        "summonerId": 34864565,
        "teamId": 100,
        "championId": 63
      },
      {
        "summonerId": 28273757,
        "teamId": 100,
        "championId": 59
      },
      {
        "summonerId": 26572912,
        "teamId": 100,
        "championId": 31
      },
      {
        "summonerId": 24510074,
        "teamId": 200,
        "championId": 33
      },
      {
        "summonerId": 25174622,
        "teamId": 200,
        "championId": 4
      },
      {
        "summonerId": 29495556,
        "teamId": 100,
        "championId": 12
      },
      {
        "summonerId": 31177692,
        "teamId": 200,
        "championId": 11
      },
      {
        "summonerId": 27019297,
        "teamId": 100,
        "championId": 29
      },
      {
        "summonerId": 32264890,
        "teamId": 200,
        "championId": 81
      }
    ],
    "stats": {
      "level": 12,
      "goldEarned": 6943,
      "numDeaths": 8,
      "minionsKilled": 97,
      "championsKilled": 6,
      "goldSpent": 6280,
      "totalDamageDealt": 45899,
      "totalDamageTaken": 17700,
      "killingSprees": 1,
      "largestKillingSpree": 2,
      "team": 200,
      "win": false,
      "largestMultiKill": 1,
      "physicalDamageDealtPlayer": 10898,
      "magicDamageDealtPlayer": 35000,
      "physicalDamageTaken": 8235,
      "magicDamageTaken": 6569,
      "timePlayed": 1233,
      "totalHeal": 382,
      "totalUnitsHealed": 1,
      "assists": 2,
      "item0": 3027,
      "item1": 3070,
      "item2": 3211,
      "item3": 3020,
      "item6": 3340,
      "magicDamageDealtToChampions": 12849,
      "physicalDamageDealtToChampions": 1631,
      "totalDamageDealtToChampions": 14480,
      "trueDamageTaken": 2895,
      "wardPlaced": 5,
      "totalTimeCrowdControlDealt": 31
    }
  },
  "29495556": {
    "gameId": 825974913,
    "invalid": false,
    "gameMode": "CLASSIC",
    "gameType": "MATCHED_GAME",
    "subType": "NORMAL",
    "mapId": 1,
    "teamId": 100,
    "championId": 12,
    "spell1": 3,
    "spell2": 4,
    "level": 30,
    "ipEarned": 226,
    "createDate": 1399030196401,
    "fellowPlayers": [
      {
        "summonerId": 34864565,
        "teamId": 100,
        "championId": 63
      },
      {
        "summonerId": 28273757,
        "teamId": 100,
        "championId": 59
      },
      {
        "summonerId": 26572912,
        "teamId": 100,
        "championId": 31
      },
      {
        "summonerId": 24510074,
        "teamId": 200,
        "championId": 33
      },
      {
        "summonerId": 25174622,
        "teamId": 200,
        "championId": 4
      },
      {
        "summonerId": 31177692,
        "teamId": 200,
        "championId": 11
      },
      {
        "summonerId": 31607072,
        "teamId": 200,
        "championId": 13
      },
      {
        "summonerId": 27019297,
        "teamId": 100,
        "championId": 29
      },
      {
        "summonerId": 32264890,
        "teamId": 200,
        "championId": 81
      }
    ],
    "stats": {
      "level": 12,
      "goldEarned": 9069,
      "numDeaths": 3,
      "minionsKilled": 7,
      "championsKilled": 2,
      "goldSpent": 8910,
      "totalDamageDealt": 17442,
      "totalDamageTaken": 12657,
      "team": 100,
      "win": true,
      "largestMultiKill": 1,
      "physicalDamageDealtPlayer": 6605,
      "magicDamageDealtPlayer": 10836,
      "physicalDamageTaken": 10473,
      "magicDamageTaken": 1959,
      "timePlayed": 1233,
      "totalHeal": 3842,
      "totalUnitsHealed": 29,
      "assists": 19,
      "item0": 3266,
      "item1": 3069,
      "item2": 2049,
      "item3": 3143,
      "item4": 1026,
      "item6": 3341,
      "sightWardsBought": 1,
      "magicDamageDealtToChampions": 5703,
      "physicalDamageDealtToChampions": 1637,
      "totalDamageDealtToChampions": 7341,
      "trueDamageTaken": 225,
      "wardPlaced": 8,
      "totalTimeCrowdControlDealt": 126
    }
  },
  "27019297": {
    "gameId": 825974913,
    "invalid": false,
    "gameMode": "CLASSIC",
    "gameType": "MATCHED_GAME",
    "subType": "NORMAL",
    "mapId": 1,
    "teamId": 100,
    "championId": 29,
    "spell1": 4,
    "spell2": 7,
    "level": 30,
    "ipEarned": 226,
    "createDate": 1399030196403,
    "fellowPlayers": [
      {
        "summonerId": 34864565,
        "teamId": 100,
        "championId": 63
      },
      {
        "summonerId": 28273757,
        "teamId": 100,
        "championId": 59
      },
      {
        "summonerId": 26572912,
        "teamId": 100,
        "championId": 31
      },
      {
        "summonerId": 24510074,
        "teamId": 200,
        "championId": 33
      },
      {
        "summonerId": 25174622,
        "teamId": 200,
        "championId": 4
      },
      {
        "summonerId": 29495556,
        "teamId": 100,
        "championId": 12
      },
      {
        "summonerId": 31177692,
        "teamId": 200,
        "championId": 11
      },
      {
        "summonerId": 31607072,
        "teamId": 200,
        "championId": 13
      },
      {
        "summonerId": 32264890,
        "teamId": 200,
        "championId": 81
      }
    ],
    "stats": {
      "level": 13,
      "goldEarned": 11632,
      "numDeaths": 3,
      "barracksKilled": 1,
      "turretsKilled": 2,
      "minionsKilled": 120,
      "championsKilled": 20,
      "goldSpent": 11455,
      "totalDamageDealt": 98207,
      "totalDamageTaken": 14836,
      "doubleKills": 4,
      "tripleKills": 2,
      "killingSprees": 3,
      "largestKillingSpree": 11,
      "team": 100,
      "win": true,
      "neutralMinionsKilled": 6,
      "largestMultiKill": 3,
      "physicalDamageDealtPlayer": 91459,
      "magicDamageDealtPlayer": 79,
      "physicalDamageTaken": 10206,
      "magicDamageTaken": 4555,
      "largestCriticalStrike": 556,
      "timePlayed": 1233,
      "totalHeal": 1965,
      "totalUnitsHealed": 2,
      "assists": 2,
      "item0": 3153,
      "item1": 3072,
      "item2": 3035,
      "item3": 1055,
      "item4": 3250,
      "item5": 1018,
      "item6": 3340,
      "magicDamageDealtToChampions": 79,
      "physicalDamageDealtToChampions": 19364,
      "totalDamageDealtToChampions": 22618,
      "trueDamageDealtPlayer": 6668,
      "trueDamageDealtToChampions": 3174,
      "trueDamageTaken": 75,
      "wardPlaced": 3,
      "neutralMinionsKilledEnemyJungle": 6,
      "totalTimeCrowdControlDealt": 325
    }
  },
  "24510074": {
    "gameId": 825974913,
    "invalid": false,
    "gameMode": "CLASSIC",
    "gameType": "MATCHED_GAME",
    "subType": "NORMAL",
    "mapId": 1,
    "teamId": 200,
    "championId": 33,
    "spell1": 4,
    "spell2": 11,
    "level": 30,
    "ipEarned": 51,
    "createDate": 1399030196406,
    "fellowPlayers": [
      {
        "summonerId": 34864565,
        "teamId": 100,
        "championId": 63
      },
      {
        "summonerId": 28273757,
        "teamId": 100,
        "championId": 59
      },
      {
        "summonerId": 26572912,
        "teamId": 100,
        "championId": 31
      },
      {
        "summonerId": 25174622,
        "teamId": 200,
        "championId": 4
      },
      {
        "summonerId": 29495556,
        "teamId": 100,
        "championId": 12
      },
      {
        "summonerId": 31177692,
        "teamId": 200,
        "championId": 11
      },
      {
        "summonerId": 31607072,
        "teamId": 200,
        "championId": 13
      },
      {
        "summonerId": 27019297,
        "teamId": 100,
        "championId": 29
      },
      {
        "summonerId": 32264890,
        "teamId": 200,
        "championId": 81
      }
    ],
    "stats": {
      "level": 11,
      "goldEarned": 4191,
      "numDeaths": 8,
      "minionsKilled": 23,
      "goldSpent": 3600,
      "totalDamageDealt": 50336,
      "totalDamageTaken": 19333,
      "team": 200,
      "win": false,
      "neutralMinionsKilled": 33,
      "physicalDamageDealtPlayer": 14126,
      "magicDamageDealtPlayer": 29301,
      "physicalDamageTaken": 12626,
      "magicDamageTaken": 4830,
      "timePlayed": 1233,
      "totalHeal": 1979,
      "totalUnitsHealed": 1,
      "assists": 3,
      "item0": 1080,
      "item1": 1028,
      "item2": 1029,
      "item3": 3111,
      "item4": 1031,
      "item6": 3341,
      "magicDamageDealtToChampions": 3554,
      "physicalDamageDealtToChampions": 827,
      "totalDamageDealtToChampions": 4381,
      "trueDamageDealtPlayer": 6908,
      "trueDamageTaken": 1876,
      "neutralMinionsKilledEnemyJungle": 1,
      "neutralMinionsKilledYourJungle": 32,
      "totalTimeCrowdControlDealt": 440
    }
  },
  "26572912": {
    "gameId": 825974913,
    "invalid": false,
    "gameMode": "CLASSIC",
    "gameType": "MATCHED_GAME",
    "subType": "NORMAL",
    "mapId": 1,
    "teamId": 100,
    "championId": 31,
    "spell1": 14,
    "spell2": 4,
    "level": 30,
    "ipEarned": 76,
    "createDate": 1399030196398,
    "fellowPlayers": [
      {
        "summonerId": 34864565,
        "teamId": 100,
        "championId": 63
      },
      {
        "summonerId": 28273757,
        "teamId": 100,
        "championId": 59
      },
      {
        "summonerId": 24510074,
        "teamId": 200,
        "championId": 33
      },
      {
        "summonerId": 25174622,
        "teamId": 200,
        "championId": 4
      },
      {
        "summonerId": 29495556,
        "teamId": 100,
        "championId": 12
      },
      {
        "summonerId": 31177692,
        "teamId": 200,
        "championId": 11
      },
      {
        "summonerId": 31607072,
        "teamId": 200,
        "championId": 13
      },
      {
        "summonerId": 27019297,
        "teamId": 100,
        "championId": 29
      },
      {
        "summonerId": 32264890,
        "teamId": 200,
        "championId": 81
      }
    ],
    "stats": {
      "level": 13,
      "goldEarned": 7732,
      "numDeaths": 5,
      "turretsKilled": 2,
      "minionsKilled": 136,
      "championsKilled": 5,
      "goldSpent": 7105,
      "totalDamageDealt": 76964,
      "totalDamageTaken": 15202,
      "killingSprees": 1,
      "largestKillingSpree": 2,
      "team": 100,
      "win": true,
      "largestMultiKill": 1,
      "physicalDamageDealtPlayer": 13638,
      "magicDamageDealtPlayer": 58960,
      "physicalDamageTaken": 5287,
      "magicDamageTaken": 9915,
      "timePlayed": 1233,
      "totalHeal": 3819,
      "totalUnitsHealed": 1,
      "item0": 2004,
      "item1": 3113,
      "item2": 3117,
      "item3": 3057,
      "item4": 3089,
      "item6": 3340,
      "magicDamageDealtToChampions": 5917,
      "physicalDamageDealtToChampions": 853,
      "totalDamageDealtToChampions": 9953,
      "trueDamageDealtPlayer": 4364,
      "trueDamageDealtToChampions": 3182,
      "wardPlaced": 3,
      "totalTimeCrowdControlDealt": 260
    }
  }
}