{
  "26635212": {
    "gameId": 825969456,
    "invalid": false,
    "gameMode": "CLASSIC",
    "gameType": "MATCHED_GAME",
    "subType": "RANKED_SOLO_5x5",
    "mapId": 1,
    "teamId": 100,
    "championId": 53,
    "spell1": 3,
    "spell2": 7,
    "level": 30,
    "ipEarned": 61,
    "createDate": 1399029958879,
    "fellowPlayers": [
      {
        "summonerId": 39300601,
        "teamId": 200,
        "championId": 32
      },
      {
        "summonerId": 30940857,
        "teamId": 100,
        "championId": 222
      },
      {
        "summonerId": 32186707,
        "teamId": 100,
        "championId": 69
      },
      {
        "summonerId": 39818015,
        "teamId": 100,
        "championId": 62
      },
      {
        "summonerId": 39496382,
        "teamId": 200,
        "championId": 36
      },
      {
        "summonerId": 27744698,
        "teamId": 100,
        "championId": 58
      },
      {
        "summonerId": 40358047,
        "teamId": 200,
        "championId": 51
      },
      {
        "summonerId": 42222559,
        "teamId": 200,
        "championId": 54
      },
      {
        "summonerId": 39322741,
        "teamId": 200,
        "championId": 157
      }
    ],
    "stats": {
      "level": 13,
      "goldEarned": 9636,
      "numDeaths": 9,
      "minionsKilled": 23,
      "championsKilled": 3,
      "goldSpent": 8950,
      "totalDamageDealt": 26507,
      "totalDamageTaken": 27459,
      "killingSprees": 1,
      "largestKillingSpree": 2,
      "team": 100,
      "win": false,
      "largestMultiKill": 1,
      "physicalDamageDealtPlayer": 5197,
      "magicDamageDealtPlayer": 21309,
      "physicalDamageTaken": 15759,
      "magicDamageTaken": 11013,
      "timePlayed": 1956,
      "totalHeal": 3416,
      "totalUnitsHealed": 4,
      "assists": 14,
      "item0": 2049,
      "item1": 3190,
      "item2": 3069,
      "item3": 3117,
      "item4": 3024,
      "item5": 3082,
      "item6": 3340,
      "sightWardsBought": 3,
      "magicDamageDealtToChampions": 8751,
      "physicalDamageDealtToChampions": 2800,
      "totalDamageDealtToChampions": 11551,
      "trueDamageTaken": 686,
      "wardPlaced": 11,
      "totalTimeCrowdControlDealt": 121
    }
  },
  "summonerCount": 10,
  "39818015": {
    "gameId": 825969456,
    "invalid": false,
    "gameMode": "CLASSIC",
    "gameType": "MATCHED_GAME",
    "subType": "RANKED_SOLO_5x5",
    "mapId": 1,
    "teamId": 100,
    "championId": 62,
    "spell1": 11,
    "spell2": 4,
    "level": 30,
    "ipEarned": 61,
    "createDate": 1399029958880,
    "fellowPlayers": [
      {
        "summonerId": 39300601,
        "teamId": 200,
        "championId": 32
      },
      {
        "summonerId": 30940857,
        "teamId": 100,
        "championId": 222
      },
      {
        "summonerId": 32186707,
        "teamId": 100,
        "championId": 69
      },
      {
        "summonerId": 39496382,
        "teamId": 200,
        "championId": 36
      },
      {
        "summonerId": 27744698,
        "teamId": 100,
        "championId": 58
      },
      {
        "summonerId": 40358047,
        "teamId": 200,
        "championId": 51
      },
      {
        "summonerId": 42222559,
        "teamId": 200,
        "championId": 54
      },
      {
        "summonerId": 39322741,
        "teamId": 200,
        "championId": 157
      },
      {
        "summonerId": 26635212,
        "teamId": 100,
        "championId": 53
      }
    ],
    "stats": {
      "level": 15,
      "goldEarned": 10853,
      "numDeaths": 6,
      "turretsKilled": 1,
      "minionsKilled": 43,
      "championsKilled": 6,
      "goldSpent": 10480,
      "totalDamageDealt": 152708,
      "totalDamageTaken": 27507,
      "doubleKills": 1,
      "killingSprees": 1,
      "largestKillingSpree": 3,
      "team": 100,
      "win": false,
      "neutralMinionsKilled": 98,
      "largestMultiKill": 2,
      "physicalDamageDealtPlayer": 132321,
      "magicDamageDealtPlayer": 6059,
      "physicalDamageTaken": 19618,
      "magicDamageTaken": 7706,
      "timePlayed": 1956,
      "totalHeal": 5415,
      "totalUnitsHealed": 1,
      "assists": 4,
      "item0": 3209,
      "item1": 2003,
      "item2": 3074,
      "item3": 3022,
      "item4": 3111,
      "item5": 1028,
      "item6": 3340,
      "magicDamageDealtToChampions": 349,
      "physicalDamageDealtToChampions": 14482,
      "totalDamageDealtToChampions": 16836,
      "trueDamageDealtPlayer": 14327,
      "trueDamageDealtToChampions": 2003,
      "trueDamageTaken": 182,
      "wardPlaced": 2,
      "neutralMinionsKilledEnemyJungle": 18,
      "neutralMinionsKilledYourJungle": 80,
      "totalTimeCrowdControlDealt": 413
    }
  },
  "40358047": {
    "gameId": 825969456,
    "invalid": false,
    "gameMode": "CLASSIC",
    "gameType": "MATCHED_GAME",
    "subType": "RANKED_SOLO_5x5",
    "mapId": 1,
    "teamId": 200,
    "championId": 51,
    "spell1": 7,
    "spell2": 4,
    "level": 30,
    "ipEarned": 242,
    "createDate": 1399029958885,
    "fellowPlayers": [
      {
        "summonerId": 39300601,
        "teamId": 200,
        "championId": 32
      },
      {
        "summonerId": 30940857,
        "teamId": 100,
        "championId": 222
      },
      {
        "summonerId": 32186707,
        "teamId": 100,
        "championId": 69
      },
      {
        "summonerId": 39818015,
        "teamId": 100,
        "championId": 62
      },
      {
        "summonerId": 39496382,
        "teamId": 200,
        "championId": 36
      },
      {
        "summonerId": 27744698,
        "teamId": 100,
        "championId": 58
      },
      {
        "summonerId": 42222559,
        "teamId": 200,
        "championId": 54
      },
      {
        "summonerId": 39322741,
        "teamId": 200,
        "championId": 157
      },
      {
        "summonerId": 26635212,
        "teamId": 100,
        "championId": 53
      }
    ],
    "stats": {
      "level": 16,
      "goldEarned": 13845,
      "numDeaths": 4,
      "barracksKilled": 1,
      "turretsKilled": 4,
      "minionsKilled": 185,
      "championsKilled": 11,
      "goldSpent": 12090,
      "totalDamageDealt": 159984,
      "totalDamageTaken": 22501,
      "killingSprees": 3,
      "largestKillingSpree": 4,
      "team": 200,
      "win": true,
      "neutralMinionsKilled": 13,
      "largestMultiKill": 1,
      "physicalDamageDealtPlayer": 150087,
      "magicDamageDealtPlayer": 8796,
      "physicalDamageTaken": 13489,
      "magicDamageTaken": 8210,
      "largestCriticalStrike": 943,
      "timePlayed": 1956,
      "totalHeal": 3152,
      "totalUnitsHealed": 3,
      "assists": 7,
      "item0": 3072,
      "item1": 3006,
      "item2": 3087,
      "item3": 3031,
      "item4": 1043,
      "item6": 3340,
      "magicDamageDealtToChampions": 2384,
      "physicalDamageDealtToChampions": 21217,
      "totalDamageDealtToChampions": 23847,
      "trueDamageDealtPlayer": 1100,
      "trueDamageDealtToChampions": 246,
      "trueDamageTaken": 801,
      "wardPlaced": 4,
      "neutralMinionsKilledEnemyJungle": 6,
      "neutralMinionsKilledYourJungle": 7,
      "totalTimeCrowdControlDealt": 181
    }
  },
  "39300601": {
    "gameId": 825969456,
    "invalid": false,
    "gameMode": "CLASSIC",
    "gameType": "MATCHED_GAME",
    "subType": "RANKED_SOLO_5x5",
    "mapId": 1,
    "teamId": 200,
    "championId": 32,
    "spell1": 11,
    "spell2": 4,
    "level": 30,
    "ipEarned": 92,
    "createDate": 1399029958886,
    "fellowPlayers": [
      {
        "summonerId": 30940857,
        "teamId": 100,
        "championId": 222
      },
      {
        "summonerId": 32186707,
        "teamId": 100,
        "championId": 69
      },
      {
        "summonerId": 39818015,
        "teamId": 100,
        "championId": 62
      },
      {
        "summonerId": 39496382,
        "teamId": 200,
        "championId": 36
      },
      {
        "summonerId": 27744698,
        "teamId": 100,
        "championId": 58
      },
      {
        "summonerId": 40358047,
        "teamId": 200,
        "championId": 51
      },
      {
        "summonerId": 42222559,
        "teamId": 200,
        "championId": 54
      },
      {
        "summonerId": 39322741,
        "teamId": 200,
        "championId": 157
      },
      {
        "summonerId": 26635212,
        "teamId": 100,
        "championId": 53
      }
    ],
    "stats": {
      "level": 15,
      "goldEarned": 12114,
      "numDeaths": 3,
      "minionsKilled": 25,
      "championsKilled": 9,
      "goldSpent": 10990,
      "totalDamageDealt": 88164,
      "totalDamageTaken": 25026,
      "killingSprees": 3,
      "largestKillingSpree": 3,
      "team": 200,
      "win": true,
      "neutralMinionsKilled": 55,
      "largestMultiKill": 1,
      "physicalDamageDealtPlayer": 13341,
      "magicDamageDealtPlayer": 66707,
      "physicalDamageTaken": 15861,
      "magicDamageTaken": 7920,
      "timePlayed": 1956,
      "totalHeal": 1653,
      "totalUnitsHealed": 1,
      "assists": 18,
      "item0": 3116,
      "item1": 3027,
      "item2": 3111,
      "item3": 3089,
      "item6": 3340,
      "magicDamageDealtToChampions": 13126,
      "physicalDamageDealtToChampions": 1101,
      "totalDamageDealtToChampions": 14422,
      "trueDamageDealtPlayer": 8116,
      "trueDamageDealtToChampions": 194,
      "trueDamageTaken": 1243,
      "wardPlaced": 6,
      "neutralMinionsKilledEnemyJungle": 5,
      "neutralMinionsKilledYourJungle": 50,
      "totalTimeCrowdControlDealt": 484
    }
  },
  "27744698": {
    "gameId": 825969456,
    "invalid": false,
    "gameMode": "CLASSIC",
    "gameType": "MATCHED_GAME",
    "subType": "RANKED_SOLO_5x5",
    "mapId": 1,
    "teamId": 100,
    "championId": 58,
    "spell1": 14,
    "spell2": 4,
    "level": 30,
    "ipEarned": 61,
    "createDate": 1399029958881,
    "fellowPlayers": [
      {
        "summonerId": 39300601,
        "teamId": 200,
        "championId": 32
      },
      {
        "summonerId": 30940857,
        "teamId": 100,
        "championId": 222
      },
      {
        "summonerId": 32186707,
        "teamId": 100,
        "championId": 69
      },
      {
        "summonerId": 39818015,
        "teamId": 100,
        "championId": 62
      },
      {
        "summonerId": 39496382,
        "teamId": 200,
        "championId": 36
      },
      {
        "summonerId": 40358047,
        "teamId": 200,
        "championId": 51
      },
      {
        "summonerId": 42222559,
        "teamId": 200,
        "championId": 54
      },
      {
        "summonerId": 39322741,
        "teamId": 200,
        "championId": 157
      },
      {
        "summonerId": 26635212,
        "teamId": 100,
        "championId": 53
      }
    ],
    "stats": {
      "level": 16,
      "goldEarned": 10120,
      "numDeaths": 10,
      "turretsKilled": 4,
      "minionsKilled": 203,
      "championsKilled": 1,
      "goldSpent": 9130,
      "totalDamageDealt": 133080,
      "totalDamageTaken": 36903,
      "team": 100,
      "win": false,
      "neutralMinionsKilled": 6,
      "largestMultiKill": 1,
      "physicalDamageDealtPlayer": 101811,
      "magicDamageDealtPlayer": 30827,
      "physicalDamageTaken": 23739,
      "magicDamageTaken": 12347,
      "timePlayed": 1956,
      "totalHeal": 4276,
      "totalUnitsHealed": 1,
      "assists": 5,
      "item0": 1054,
      "item1": 3047,
      "item2": 3068,
      "item3": 3102,
      "item4": 1031,
      "item5": 1011,
      "item6": 3340,
      "magicDamageDealtToChampions": 3004,
      "physicalDamageDealtToChampions": 6787,
      "totalDamageDealtToChampions": 10233,
      "trueDamageDealtPlayer": 442,
      "trueDamageDealtToChampions": 442,
      "trueDamageTaken": 816,
      "wardPlaced": 7,
      "neutralMinionsKilledEnemyJungle": 3,
      "neutralMinionsKilledYourJungle": 3,
      "totalTimeCrowdControlDealt": 33
    }
  },
  "39496382": {
    "gameId": 825969456,
    "invalid": false,
    "gameMode": "CLASSIC",
    "gameType": "MATCHED_GAME",
    "subType": "RANKED_SOLO_5x5",
    "mapId": 1,
    "teamId": 200,
    "championId": 36,
    "spell1": 3,
    "spell2": 4,
    "level": 30,
    "ipEarned": 92,
    "createDate": 1399029958887,
    "fellowPlayers": [
      {
        "summonerId": 39300601,
        "teamId": 200,
        "championId": 32
      },
      {
        "summonerId": 30940857,
        "teamId": 100,
        "championId": 222
      },
      {
        "summonerId": 32186707,
        "teamId": 100,
        "championId": 69
      },
      {
        "summonerId": 39818015,
        "teamId": 100,
        "championId": 62
      },
      {
        "summonerId": 27744698,
        "teamId": 100,
        "championId": 58
      },
      {
        "summonerId": 40358047,
        "teamId": 200,
        "championId": 51
      },
      {
        "summonerId": 42222559,
        "teamId": 200,
        "championId": 54
      },
      {
        "summonerId": 39322741,
        "teamId": 200,
        "championId": 157
      },
      {
        "summonerId": 26635212,
        "teamId": 100,
        "championId": 53
      }
    ],
    "stats": {
      "level": 14,
      "goldEarned": 9157,
      "numDeaths": 8,
      "minionsKilled": 27,
      "championsKilled": 4,
      "goldSpent": 7775,
      "totalDamageDealt": 37016,
      "totalDamageTaken": 35011,
      "killingSprees": 1,
      "largestKillingSpree": 2,
      "team": 200,
      "win": true,
      "neutralMinionsKilled": 1,
      "largestMultiKill": 1,
      "physicalDamageDealtPlayer": 10244,
      "magicDamageDealtPlayer": 26696,
      "physicalDamageTaken": 20301,
      "magicDamageTaken": 13552,
      "timePlayed": 1956,
      "totalHeal": 5452,
      "totalUnitsHealed": 1,
      "assists": 13,
      "item0": 1054,
      "item1": 3083,
      "item2": 3068,
      "item3": 1057,
      "item4": 3047,
      "item6": 3340,
      "visionWardsBought": 1,
      "magicDamageDealtToChampions": 12266,
      "physicalDamageDealtToChampions": 2765,
      "totalDamageDealtToChampions": 15084,
      "trueDamageDealtPlayer": 76,
      "trueDamageDealtToChampions": 52,
      "trueDamageTaken": 1157,
      "wardPlaced": 10,
      "neutralMinionsKilledEnemyJungle": 1,
      "totalTimeCrowdControlDealt": 156
    }
  },
  "39322741": {
    "gameId": 825969456,
    "invalid": false,
    "gameMode": "CLASSIC",
    "gameType": "MATCHED_GAME",
    "subType": "RANKED_SOLO_5x5",
    "mapId": 1,
    "teamId": 200,
    "championId": 157,
    "spell1": 4,
    "spell2": 14,
    "level": 30,
    "ipEarned": 92,
    "createDate": 1399029958889,
    "fellowPlayers": [
      {
        "summonerId": 39300601,
        "teamId": 200,
        "championId": 32
      },
      {
        "summonerId": 30940857,
        "teamId": 100,
        "championId": 222
      },
      {
        "summonerId": 32186707,
        "teamId": 100,
        "championId": 69
      },
      {
        "summonerId": 39818015,
        "teamId": 100,
        "championId": 62
      },
      {
        "summonerId": 39496382,
        "teamId": 200,
        "championId": 36
      },
      {
        "summonerId": 27744698,
        "teamId": 100,
        "championId": 58
      },
      {
        "summonerId": 40358047,
        "teamId": 200,
        "championId": 51
      },
      {
        "summonerId": 42222559,
        "teamId": 200,
        "championId": 54
      },
      {
        "summonerId": 26635212,
        "teamId": 100,
        "championId": 53
      }
    ],
    "stats": {
      "level": 17,
      "goldEarned": 14236,
      "numDeaths": 10,
      "turretsKilled": 2,
      "minionsKilled": 191,
      "championsKilled": 11,
      "goldSpent": 12780,
      "totalDamageDealt": 156014,
      "totalDamageTaken": 24724,
      "doubleKills": 2,
      "killingSprees": 2,
      "largestKillingSpree": 4,
      "team": 200,
      "win": true,
      "neutralMinionsKilled": 13,
      "largestMultiKill": 2,
      "physicalDamageDealtPlayer": 131819,
      "magicDamageDealtPlayer": 23469,
      "physicalDamageTaken": 14377,
      "magicDamageTaken": 9503,
      "largestCriticalStrike": 710,
      "timePlayed": 1956,
      "totalHeal": 1457,
      "totalUnitsHealed": 1,
      "assists": 10,
      "item0": 3074,
      "item1": 3087,
      "item2": 3250,
      "item3": 3031,
      "item4": 1055,
      "item5": 1037,
      "item6": 3340,
      "magicDamageDealtToChampions": 4169,
      "physicalDamageDealtToChampions": 25168,
      "totalDamageDealtToChampions": 29988,
      "trueDamageDealtPlayer": 726,
      "trueDamageDealtToChampions": 650,
      "trueDamageTaken": 843,
      "wardPlaced": 16,
      "neutralMinionsKilledEnemyJungle": 5,
      "neutralMinionsKilledYourJungle": 8,
      "totalTimeCrowdControlDealt": 143
    }
  },
  "30940857": {
    "gameId": 825969456,
    "invalid": false,
    "gameMode": "CLASSIC",
    "gameType": "MATCHED_GAME",
    "subType": "RANKED_SOLO_5x5",
    "mapId": 1,
    "teamId": 100,
    "championId": 222,
    "spell1": 4,
    "spell2": 7,
    "level": 30,
    "ipEarned": 61,
    "createDate": 1399029958884,
    "fellowPlayers": [
      {
        "summonerId": 39300601,
        "teamId": 200,
        "championId": 32
      },
      {
        "summonerId": 32186707,
        "teamId": 100,
        "championId": 69
      },
      {
        "summonerId": 39818015,
        "teamId": 100,
        "championId": 62
      },
      {
        "summonerId": 39496382,
        "teamId": 200,
        "championId": 36
      },
      {
        "summonerId": 27744698,
        "teamId": 100,
        "championId": 58
      },
      {
        "summonerId": 40358047,
        "teamId": 200,
        "championId": 51
      },
      {
        "summonerId": 42222559,
        "teamId": 200,
        "championId": 54
      },
      {
        "summonerId": 39322741,
        "teamId": 200,
        "championId": 157
      },
      {
        "summonerId": 26635212,
        "teamId": 100,
        "championId": 53
      }
    ],
    "stats": {
      "level": 14,
      "goldEarned": 10419,
      "numDeaths": 8,
      "minionsKilled": 122,
      "championsKilled": 8,
      "goldSpent": 9995,
      "totalDamageDealt": 87147,
      "totalDamageTaken": 19647,
      "killingSprees": 1,
      "largestKillingSpree": 3,
      "team": 100,
      "win": false,
      "neutralMinionsKilled": 1,
      "largestMultiKill": 1,
      "physicalDamageDealtPlayer": 83925,
      "magicDamageDealtPlayer": 2483,
      "physicalDamageTaken": 14249,
      "magicDamageTaken": 5144,
      "largestCriticalStrike": 608,
      "timePlayed": 1956,
      "totalHeal": 2989,
      "totalUnitsHealed": 3,
      "assists": 6,
      "item0": 3250,
      "item1": 3035,
      "item2": 3031,
      "item3": 1018,
      "item4": 3086,
      "item6": 3340,
      "magicDamageDealtToChampions": 661,
      "physicalDamageDealtToChampions": 21519,
      "totalDamageDealtToChampions": 22681,
      "trueDamageDealtPlayer": 738,
      "trueDamageDealtToChampions": 500,
      "trueDamageTaken": 254,
      "wardKilled": 1,
      "wardPlaced": 7,
      "neutralMinionsKilledEnemyJungle": 1,
      "totalTimeCrowdControlDealt": 192
    }
  },
  "42222559": {
    "gameId": 825969456,
    "invalid": false,
    "gameMode": "CLASSIC",
    "gameType": "MATCHED_GAME",
    "subType": "RANKED_SOLO_5x5",
    "mapId": 1,
    "teamId": 200,
    "championId": 54,
    "spell1": 3,
    "spell2": 14,
    "level": 30,
    "ipEarned": 242,
    "createDate": 1399029958890,
    "fellowPlayers": [
      {
        "summonerId": 39300601,
        "teamId": 200,
        "championId": 32
      },
      {
        "summonerId": 30940857,
        "teamId": 100,
        "championId": 222
      },
      {
        "summonerId": 32186707,
        "teamId": 100,
        "championId": 69
      },
      {
        "summonerId": 39818015,
        "teamId": 100,
        "championId": 62
      },
      {
        "summonerId": 39496382,
        "teamId": 200,
        "championId": 36
      },
      {
        "summonerId": 27744698,
        "teamId": 100,
        "championId": 58
      },
      {
        "summonerId": 40358047,
        "teamId": 200,
        "championId": 51
      },
      {
        "summonerId": 39322741,
        "teamId": 200,
        "championId": 157
      },
      {
        "summonerId": 26635212,
        "teamId": 100,
        "championId": 53
      }
    ],
    "stats": {
      "level": 16,
      "goldEarned": 11140,
      "numDeaths": 5,
      "turretsKilled": 1,
      "minionsKilled": 66,
      "championsKilled": 8,
      "goldSpent": 10765,
      "totalDamageDealt": 55950,
      "totalDamageTaken": 17081,
      "killingSprees": 3,
      "largestKillingSpree": 2,
      "team": 200,
      "win": true,
      "neutralMinionsKilled": 1,
      "largestMultiKill": 1,
      "physicalDamageDealtPlayer": 30405,
      "magicDamageDealtPlayer": 24413,
      "physicalDamageTaken": 7687,
      "magicDamageTaken": 8700,
      "timePlayed": 1956,
      "totalHeal": 1470,
      "totalUnitsHealed": 1,
      "assists": 17,
      "item0": 3260,
      "item1": 3110,
      "item2": 3025,
      "item3": 3068,
      "item4": 1026,
      "item6": 3340,
      "magicDamageDealtToChampions": 12659,
      "physicalDamageDealtToChampions": 4568,
      "totalDamageDealtToChampions": 18359,
      "trueDamageDealtPlayer": 1131,
      "trueDamageDealtToChampions": 1131,
      "trueDamageTaken": 693,
      "wardPlaced": 4,
      "neutralMinionsKilledEnemyJungle": 1,
      "totalTimeCrowdControlDealt": 1654
    }
  },
  "32186707": {
    "gameId": 825969456,
    "invalid": false,
    "gameMode": "CLASSIC",
    "gameType": "MATCHED_GAME",
    "subType": "RANKED_SOLO_5x5",
    "mapId": 1,
    "teamId": 100,
    "championId": 69,
    "spell1": 4,
    "spell2": 14,
    "level": 30,
    "ipEarned": 61,
    "createDate": 1399029958882,
    "fellowPlayers": [
      {
        "summonerId": 39300601,
        "teamId": 200,
        "championId": 32
      },
      {
        "summonerId": 30940857,
        "teamId": 100,
        "championId": 222
      },
      {
        "summonerId": 39818015,
        "teamId": 100,
        "championId": 62
      },
      {
        "summonerId": 39496382,
        "teamId": 200,
        "championId": 36
      },
      {
        "summonerId": 27744698,
        "teamId": 100,
        "championId": 58
      },
      {
        "summonerId": 40358047,
        "teamId": 200,
        "championId": 51
      },
      {
        "summonerId": 42222559,
        "teamId": 200,
        "championId": 54
      },
      {
        "summonerId": 39322741,
        "teamId": 200,
        "championId": 157
      },
      {
        "summonerId": 26635212,
        "teamId": 100,
        "championId": 53
      }
    ],
    "stats": {
      "level": 15,
      "goldEarned": 11107,
      "numDeaths": 10,
      "minionsKilled": 100,
      "championsKilled": 12,
      "goldSpent": 9740,
      "totalDamageDealt": 90444,
      "totalDamageTaken": 22014,
      "killingSprees": 5,
      "largestKillingSpree": 2,
      "team": 100,
      "win": false,
      "neutralMinionsKilled": 4,
      "largestMultiKill": 1,
      "physicalDamageDealtPlayer": 12580,
      "magicDamageDealtPlayer": 76910,
      "physicalDamageTaken": 13239,
      "magicDamageTaken": 8394,
      "timePlayed": 1956,
      "totalHeal": 757,
      "totalUnitsHealed": 1,
      "assists": 6,
      "item0": 3157,
      "item1": 1056,
      "item2": 1011,
      "item3": 3020,
      "item4": 3151,
      "item5": 1052,
      "item6": 3340,
      "magicDamageDealtToChampions": 35119,
      "physicalDamageDealtToChampions": 1830,
      "totalDamageDealtToChampions": 37844,
      "trueDamageDealtPlayer": 954,
      "trueDamageDealtToChampions": 894,
      "trueDamageTaken": 380,
      "wardPlaced": 2,
      "neutralMinionsKilledYourJungle": 4,
      "totalTimeCrowdControlDealt": 2264
    }
  }
}