{
  "36068675": {
    "gameId": 825969939,
    "invalid": false,
    "gameMode": "CLASSIC",
    "gameType": "MATCHED_GAME",
    "subType": "NORMAL",
    "mapId": 1,
    "teamId": 200,
    "championId": 254,
    "spell1": 4,
    "spell2": 11,
    "level": 30,
    "ipEarned": 76,
    "createDate": 1399029129370,
    "fellowPlayers": [
      {
        "summonerId": 25178536,
        "teamId": 200,
        "championId": 67
      },
      {
        "summonerId": 39677385,
        "teamId": 100,
        "championId": 80
      },
      {
        "summonerId": 33516445,
        "teamId": 100,
        "championId": 18
      },
      {
        "summonerId": 25214984,
        "teamId": 100,
        "championId": 24
      },
      {
        "summonerId": 34231455,
        "teamId": 200,
        "championId": 48
      },
      {
        "summonerId": 26930138,
        "teamId": 200,
        "championId": 412
      },
      {
        "summonerId": 30760278,
        "teamId": 200,
        "championId": 84
      },
      {
        "summonerId": 40373757,
        "teamId": 100,
        "championId": 9
      },
      {
        "summonerId": 24164371,
        "teamId": 100,
        "championId": 238
      }
    ],
    "stats": {
      "level": 12,
      "goldEarned": 6613,
      "numDeaths": 1,
      "minionsKilled": 3,
      "championsKilled": 2,
      "goldSpent": 5872,
      "totalDamageDealt": 78737,
      "totalDamageTaken": 9623,
      "killingSprees": 1,
      "largestKillingSpree": 2,
      "team": 200,
      "win": true,
      "neutralMinionsKilled": 65,
      "largestMultiKill": 1,
      "physicalDamageDealtPlayer": 70536,
      "magicDamageDealtPlayer": 1004,
      "physicalDamageTaken": 8553,
      "magicDamageTaken": 994,
      "timePlayed": 1275,
      "totalHeal": 2473,
      "totalUnitsHealed": 1,
      "assists": 6,
      "item0": 3209,
      "item1": 3134,
      "item2": 3047,
      "item3": 3044,
      "item6": 3341,
      "physicalDamageDealtToChampions": 6118,
      "totalDamageDealtToChampions": 6600,
      "trueDamageDealtPlayer": 7196,
      "trueDamageDealtToChampions": 482,
      "trueDamageTaken": 75,
      "wardKilled": 1,
      "neutralMinionsKilledEnemyJungle": 5,
      "neutralMinionsKilledYourJungle": 60,
      "totalTimeCrowdControlDealt": 371
    }
  },
  "summonerCount": 10,
  "24164371": {
    "gameId": 825969939,
    "invalid": false,
    "gameMode": "CLASSIC",
    "gameType": "MATCHED_GAME",
    "subType": "NORMAL",
    "mapId": 1,
    "teamId": 100,
    "championId": 238,
    "spell1": 14,
    "spell2": 4,
    "level": 30,
    "ipEarned": 51,
    "createDate": 1399029129366,
    "fellowPlayers": [
      {
        "summonerId": 25178536,
        "teamId": 200,
        "championId": 67
      },
      {
        "summonerId": 39677385,
        "teamId": 100,
        "championId": 80
      },
      {
        "summonerId": 33516445,
        "teamId": 100,
        "championId": 18
      },
      {
        "summonerId": 25214984,
        "teamId": 100,
        "championId": 24
      },
      {
        "summonerId": 34231455,
        "teamId": 200,
        "championId": 48
      },
      {
        "summonerId": 26930138,
        "teamId": 200,
        "championId": 412
      },
      {
        "summonerId": 30760278,
        "teamId": 200,
        "championId": 84
      },
      {
        "summonerId": 36068675,
        "teamId": 200,
        "championId": 254
      },
      {
        "summonerId": 40373757,
        "teamId": 100,
        "championId": 9
      }
    ],
    "stats": {
      "level": 11,
      "goldEarned": 5329,
      "numDeaths": 3,
      "minionsKilled": 106,
      "goldSpent": 4862,
      "totalDamageDealt": 62781,
      "totalDamageTaken": 9463,
      "team": 100,
      "win": false,
      "neutralMinionsKilled": 24,
      "physicalDamageDealtPlayer": 59635,
      "magicDamageDealtPlayer": 2536,
      "physicalDamageTaken": 4670,
      "magicDamageTaken": 4332,
      "timePlayed": 1275,
      "totalHeal": 297,
      "totalUnitsHealed": 1,
      "assists": 1,
      "item0": 1042,
      "item1": 3144,
      "item2": 1042,
      "item4": 3134,
      "item5": 3158,
      "item6": 3340,
      "sightWardsBought": 2,
      "magicDamageDealtToChampions": 45,
      "physicalDamageDealtToChampions": 4549,
      "totalDamageDealtToChampions": 5205,
      "trueDamageDealtPlayer": 610,
      "trueDamageDealtToChampions": 610,
      "trueDamageTaken": 460,
      "wardPlaced": 11,
      "neutralMinionsKilledYourJungle": 24,
      "totalTimeCrowdControlDealt": 97
    }
  },
  "40373757": {
    "gameId": 825969939,
    "invalid": false,
    "gameMode": "CLASSIC",
    "gameType": "MATCHED_GAME",
    "subType": "NORMAL",
    "mapId": 1,
    "teamId": 100,
    "championId": 9,
    "spell1": 4,
    "spell2": 7,
    "level": 30,
    "ipEarned": 51,
    "createDate": 1399029129365,
    "fellowPlayers": [
      {
        "summonerId": 25178536,
        "teamId": 200,
        "championId": 67
      },
      {
        "summonerId": 39677385,
        "teamId": 100,
        "championId": 80
      },
      {
        "summonerId": 33516445,
        "teamId": 100,
        "championId": 18
      },
      {
        "summonerId": 25214984,
        "teamId": 100,
        "championId": 24
      },
      {
        "summonerId": 34231455,
        "teamId": 200,
        "championId": 48
      },
      {
        "summonerId": 26930138,
        "teamId": 200,
        "championId": 412
      },
      {
        "summonerId": 30760278,
        "teamId": 200,
        "championId": 84
      },
      {
        "summonerId": 36068675,
        "teamId": 200,
        "championId": 254
      },
      {
        "summonerId": 24164371,
        "teamId": 100,
        "championId": 238
      }
    ],
    "stats": {
      "level": 9,
      "goldEarned": 4310,
      "numDeaths": 4,
      "minionsKilled": 7,
      "championsKilled": 1,
      "goldSpent": 3775,
      "totalDamageDealt": 16213,
      "totalDamageTaken": 8584,
      "team": 100,
      "win": false,
      "neutralMinionsKilled": 1,
      "largestMultiKill": 1,
      "physicalDamageDealtPlayer": 683,
      "magicDamageDealtPlayer": 15529,
      "physicalDamageTaken": 4317,
      "magicDamageTaken": 3759,
      "timePlayed": 1275,
      "totalHeal": 1741,
      "totalUnitsHealed": 3,
      "assists": 2,
      "item0": 1056,
      "item1": 2045,
      "item2": 3098,
      "item3": 3117,
      "item6": 3340,
      "sightWardsBought": 1,
      "magicDamageDealtToChampions": 5587,
      "physicalDamageDealtToChampions": 186,
      "totalDamageDealtToChampions": 5773,
      "trueDamageTaken": 507,
      "wardKilled": 1,
      "wardPlaced": 14,
      "neutralMinionsKilledYourJungle": 1,
      "totalTimeCrowdControlDealt": 215
    }
  },
  "39677385": {
    "gameId": 825969939,
    "invalid": false,
    "gameMode": "CLASSIC",
    "gameType": "MATCHED_GAME",
    "subType": "NORMAL",
    "mapId": 1,
    "teamId": 100,
    "championId": 80,
    "spell1": 11,
    "spell2": 4,
    "level": 30,
    "ipEarned": 51,
    "createDate": 1399029129367,
    "fellowPlayers": [
      {
        "summonerId": 25178536,
        "teamId": 200,
        "championId": 67
      },
      {
        "summonerId": 33516445,
        "teamId": 100,
        "championId": 18
      },
      {
        "summonerId": 25214984,
        "teamId": 100,
        "championId": 24
      },
      {
        "summonerId": 34231455,
        "teamId": 200,
        "championId": 48
      },
      {
        "summonerId": 26930138,
        "teamId": 200,
        "championId": 412
      },
      {
        "summonerId": 30760278,
        "teamId": 200,
        "championId": 84
      },
      {
        "summonerId": 36068675,
        "teamId": 200,
        "championId": 254
      },
      {
        "summonerId": 40373757,
        "teamId": 100,
        "championId": 9
      },
      {
        "summonerId": 24164371,
        "teamId": 100,
        "championId": 238
      }
    ],
    "stats": {
      "level": 10,
      "goldEarned": 4275,
      "numDeaths": 4,
      "minionsKilled": 3,
      "championsKilled": 1,
      "goldSpent": 3950,
      "totalDamageDealt": 53481,
      "totalDamageTaken": 13149,
      "team": 100,
      "win": false,
      "neutralMinionsKilled": 45,
      "largestMultiKill": 1,
      "physicalDamageDealtPlayer": 38619,
      "magicDamageDealtPlayer": 7157,
      "physicalDamageTaken": 11299,
      "magicDamageTaken": 1496,
      "largestCriticalStrike": 246,
      "timePlayed": 1275,
      "totalHeal": 2117,
      "totalUnitsHealed": 1,
      "assists": 1,
      "item0": 3209,
      "item1": 1053,
      "item2": 3117,
      "item3": 2003,
      "item6": 3340,
      "magicDamageDealtToChampions": 909,
      "physicalDamageDealtToChampions": 2168,
      "totalDamageDealtToChampions": 3210,
      "trueDamageDealtPlayer": 7704,
      "trueDamageDealtToChampions": 132,
      "trueDamageTaken": 353,
      "neutralMinionsKilledEnemyJungle": 3,
      "neutralMinionsKilledYourJungle": 42,
      "totalTimeCrowdControlDealt": 273
    }
  },
  "25214984": {
    "gameId": 825969939,
    "invalid": false,
    "gameMode": "CLASSIC",
    "gameType": "MATCHED_GAME",
    "subType": "NORMAL",
    "mapId": 1,
    "teamId": 100,
    "championId": 24,
    "spell1": 4,
    "spell2": 14,
    "level": 30,
    "ipEarned": 51,
    "createDate": 1399029129369,
    "fellowPlayers": [
      {
        "summonerId": 25178536,
        "teamId": 200,
        "championId": 67
      },
      {
        "summonerId": 39677385,
        "teamId": 100,
        "championId": 80
      },
      {
        "summonerId": 33516445,
        "teamId": 100,
        "championId": 18
      },
      {
        "summonerId": 34231455,
        "teamId": 200,
        "championId": 48
      },
      {
        "summonerId": 26930138,
        "teamId": 200,
        "championId": 412
      },
      {
        "summonerId": 30760278,
        "teamId": 200,
        "championId": 84
      },
      {
        "summonerId": 36068675,
        "teamId": 200,
        "championId": 254
      },
      {
        "summonerId": 40373757,
        "teamId": 100,
        "championId": 9
      },
      {
        "summonerId": 24164371,
        "teamId": 100,
        "championId": 238
      }
    ],
    "stats": {
      "level": 12,
      "goldEarned": 5960,
      "numDeaths": 6,
      "minionsKilled": 107,
      "championsKilled": 3,
      "goldSpent": 5900,
      "totalDamageDealt": 52693,
      "totalDamageTaken": 15651,
      "killingSprees": 1,
      "largestKillingSpree": 2,
      "team": 100,
      "win": false,
      "largestMultiKill": 1,
      "physicalDamageDealtPlayer": 42201,
      "magicDamageDealtPlayer": 9911,
      "physicalDamageTaken": 12829,
      "magicDamageTaken": 2045,
      "timePlayed": 1275,
      "totalHeal": 1241,
      "totalUnitsHealed": 1,
      "item0": 3153,
      "item1": 1054,
      "item2": 3047,
      "item3": 1028,
      "item6": 3340,
      "magicDamageDealtToChampions": 4405,
      "physicalDamageDealtToChampions": 7694,
      "totalDamageDealtToChampions": 12679,
      "trueDamageDealtPlayer": 580,
      "trueDamageDealtToChampions": 580,
      "trueDamageTaken": 776,
      "wardPlaced": 5,
      "totalTimeCrowdControlDealt": 70
    }
  },
  "30760278": {
    "gameId": 825969939,
    "invalid": false,
    "gameMode": "CLASSIC",
    "gameType": "MATCHED_GAME",
    "subType": "NORMAL",
    "mapId": 1,
    "teamId": 200,
    "championId": 84,
    "spell1": 4,
    "spell2": 14,
    "level": 30,
    "ipEarned": 76,
    "createDate": 1399029129371,
    "fellowPlayers": [
      {
        "summonerId": 25178536,
        "teamId": 200,
        "championId": 67
      },
      {
        "summonerId": 39677385,
        "teamId": 100,
        "championId": 80
      },
      {
        "summonerId": 33516445,
        "teamId": 100,
        "championId": 18
      },
      {
        "summonerId": 25214984,
        "teamId": 100,
        "championId": 24
      },
      {
        "summonerId": 34231455,
        "teamId": 200,
        "championId": 48
      },
      {
        "summonerId": 26930138,
        "teamId": 200,
        "championId": 412
      },
      {
        "summonerId": 36068675,
        "teamId": 200,
        "championId": 254
      },
      {
        "summonerId": 40373757,
        "teamId": 100,
        "championId": 9
      },
      {
        "summonerId": 24164371,
        "teamId": 100,
        "championId": 238
      }
    ],
    "stats": {
      "level": 13,
      "goldEarned": 7901,
      "numDeaths": 1,
      "minionsKilled": 141,
      "championsKilled": 6,
      "goldSpent": 6040,
      "totalDamageDealt": 60880,
      "totalDamageTaken": 10880,
      "killingSprees": 2,
      "largestKillingSpree": 3,
      "team": 200,
      "win": true,
      "largestMultiKill": 1,
      "physicalDamageDealtPlayer": 35752,
      "magicDamageDealtPlayer": 24486,
      "physicalDamageTaken": 9316,
      "magicDamageTaken": 747,
      "timePlayed": 1275,
      "assists": 2,
      "item0": 3157,
      "item1": 2003,
      "item2": 1001,
      "item3": 3145,
      "item4": 1053,
      "item6": 3340,
      "magicDamageDealtToChampions": 6895,
      "physicalDamageDealtToChampions": 2099,
      "totalDamageDealtToChampions": 9501,
      "trueDamageDealtPlayer": 642,
      "trueDamageDealtToChampions": 506,
      "trueDamageTaken": 817,
      "wardPlaced": 3,
      "totalTimeCrowdControlDealt": 266
    }
  },
  "25178536": {
    "gameId": 825969939,
    "invalid": false,
    "gameMode": "CLASSIC",
    "gameType": "MATCHED_GAME",
    "subType": "NORMAL",
    "mapId": 1,
    "teamId": 200,
    "championId": 67,
    "spell1": 4,
    "spell2": 7,
    "level": 30,
    "ipEarned": 226,
    "createDate": 1399029129372,
    "fellowPlayers": [
      {
        "summonerId": 39677385,
        "teamId": 100,
        "championId": 80
      },
      {
        "summonerId": 33516445,
        "teamId": 100,
        "championId": 18
      },
      {
        "summonerId": 25214984,
        "teamId": 100,
        "championId": 24
      },
      {
        "summonerId": 34231455,
        "teamId": 200,
        "championId": 48
      },
      {
        "summonerId": 26930138,
        "teamId": 200,
        "championId": 412
      },
      {
        "summonerId": 30760278,
        "teamId": 200,
        "championId": 84
      },
      {
        "summonerId": 36068675,
        "teamId": 200,
        "championId": 254
      },
      {
        "summonerId": 40373757,
        "teamId": 100,
        "championId": 9
      },
      {
        "summonerId": 24164371,
        "teamId": 100,
        "championId": 238
      }
    ],
    "stats": {
      "level": 11,
      "goldEarned": 7628,
      "numDeaths": 2,
      "minionsKilled": 147,
      "championsKilled": 5,
      "goldSpent": 7055,
      "totalDamageDealt": 61959,
      "totalDamageTaken": 11573,
      "doubleKills": 2,
      "killingSprees": 1,
      "largestKillingSpree": 5,
      "team": 200,
      "win": true,
      "neutralMinionsKilled": 1,
      "largestMultiKill": 2,
      "physicalDamageDealtPlayer": 57850,
      "magicDamageDealtPlayer": 77,
      "physicalDamageTaken": 7366,
      "magicDamageTaken": 4207,
      "largestCriticalStrike": 312,
      "timePlayed": 1275,
      "totalHeal": 2005,
      "totalUnitsHealed": 2,
      "assists": 1,
      "item0": 1055,
      "item1": 3086,
      "item2": 3153,
      "item3": 1018,
      "item4": 1042,
      "item5": 3006,
      "item6": 3340,
      "magicDamageDealtToChampions": 77,
      "physicalDamageDealtToChampions": 5938,
      "totalDamageDealtToChampions": 6724,
      "trueDamageDealtPlayer": 4030,
      "trueDamageDealtToChampions": 707,
      "wardPlaced": 4,
      "neutralMinionsKilledEnemyJungle": 1,
      "totalTimeCrowdControlDealt": 176
    }
  },
  "34231455": {
    "gameId": 825969939,
    "invalid": false,
    "gameMode": "CLASSIC",
    "gameType": "MATCHED_GAME",
    "subType": "NORMAL",
    "mapId": 1,
    "teamId": 200,
    "championId": 48,
    "spell1": 4,
    "spell2": 14,
    "level": 30,
    "ipEarned": 76,
    "createDate": 1399029129375,
    "fellowPlayers": [
      {
        "summonerId": 25178536,
        "teamId": 200,
        "championId": 67
      },
      {
        "summonerId": 39677385,
        "teamId": 100,
        "championId": 80
      },
      {
        "summonerId": 33516445,
        "teamId": 100,
        "championId": 18
      },
      {
        "summonerId": 25214984,
        "teamId": 100,
        "championId": 24
      },
      {
        "summonerId": 26930138,
        "teamId": 200,
        "championId": 412
      },
      {
        "summonerId": 30760278,
        "teamId": 200,
        "championId": 84
      },
      {
        "summonerId": 36068675,
        "teamId": 200,
        "championId": 254
      },
      {
        "summonerId": 40373757,
        "teamId": 100,
        "championId": 9
      },
      {
        "summonerId": 24164371,
        "teamId": 100,
        "championId": 238
      }
    ],
    "stats": {
      "level": 14,
      "goldEarned": 8338,
      "numDeaths": 2,
      "turretsKilled": 3,
      "minionsKilled": 155,
      "championsKilled": 5,
      "goldSpent": 6365,
      "totalDamageDealt": 87460,
      "totalDamageTaken": 20093,
      "doubleKills": 1,
      "killingSprees": 1,
      "largestKillingSpree": 4,
      "team": 200,
      "win": true,
      "neutralMinionsKilled": 8,
      "largestMultiKill": 2,
      "physicalDamageDealtPlayer": 85344,
      "magicDamageDealtPlayer": 1273,
      "physicalDamageTaken": 15577,
      "magicDamageTaken": 4097,
      "timePlayed": 1275,
      "totalHeal": 6136,
      "totalUnitsHealed": 1,
      "assists": 1,
      "item0": 1031,
      "item1": 3153,
      "item3": 3044,
      "item4": 1001,
      "item6": 3340,
      "sightWardsBought": 1,
      "magicDamageDealtToChampions": 1273,
      "physicalDamageDealtToChampions": 8738,
      "totalDamageDealtToChampions": 10628,
      "trueDamageDealtPlayer": 842,
      "trueDamageDealtToChampions": 616,
      "trueDamageTaken": 418,
      "wardPlaced": 5,
      "neutralMinionsKilledEnemyJungle": 3,
      "neutralMinionsKilledYourJungle": 5,
      "totalTimeCrowdControlDealt": 309
    }
  },
  "26930138": {
    "gameId": 825969939,
    "invalid": false,
    "gameMode": "CLASSIC",
    "gameType": "MATCHED_GAME",
    "subType": "NORMAL",
    "mapId": 1,
    "teamId": 200,
    "championId": 412,
    "spell1": 4,
    "spell2": 14,
    "level": 30,
    "ipEarned": 76,
    "createDate": 1399029129374,
    "fellowPlayers": [
      {
        "summonerId": 25178536,
        "teamId": 200,
        "championId": 67
      },
      {
        "summonerId": 39677385,
        "teamId": 100,
        "championId": 80
      },
      {
        "summonerId": 33516445,
        "teamId": 100,
        "championId": 18
      },
      {
        "summonerId": 25214984,
        "teamId": 100,
        "championId": 24
      },
      {
        "summonerId": 34231455,
        "teamId": 200,
        "championId": 48
      },
      {
        "summonerId": 30760278,
        "teamId": 200,
        "championId": 84
      },
      {
        "summonerId": 36068675,
        "teamId": 200,
        "championId": 254
      },
      {
        "summonerId": 40373757,
        "teamId": 100,
        "championId": 9
      },
      {
        "summonerId": 24164371,
        "teamId": 100,
        "championId": 238
      }
    ],
    "stats": {
      "level": 11,
      "goldEarned": 6333,
      "numDeaths": 1,
      "turretsKilled": 1,
      "minionsKilled": 13,
      "championsKilled": 2,
      "goldSpent": 5365,
      "totalDamageDealt": 15618,
      "totalDamageTaken": 8360,
      "killingSprees": 1,
      "largestKillingSpree": 2,
      "team": 200,
      "win": true,
      "largestMultiKill": 1,
      "physicalDamageDealtPlayer": 4890,
      "magicDamageDealtPlayer": 10309,
      "physicalDamageTaken": 4530,
      "magicDamageTaken": 3758,
      "timePlayed": 1275,
      "totalHeal": 781,
      "totalUnitsHealed": 1,
      "assists": 9,
      "item0": 3069,
      "item1": 2045,
      "item4": 3158,
      "item6": 3341,
      "sightWardsBought": 3,
      "visionWardsBought": 2,
      "magicDamageDealtToChampions": 5173,
      "physicalDamageDealtToChampions": 1411,
      "totalDamageDealtToChampions": 7003,
      "trueDamageDealtPlayer": 418,
      "trueDamageDealtToChampions": 418,
      "trueDamageTaken": 72,
      "wardPlaced": 14,
      "totalTimeCrowdControlDealt": 75
    }
  },
  "36068675": {
    "gameId": 825969939,
    "invalid": false,
    "gameMode": "CLASSIC",
    "gameType": "MATCHED_GAME",
    "subType": "NORMAL",
    "mapId": 1,
    "teamId": 200,
    "championId": 254,
    "spell1": 4,
    "spell2": 11,
    "level": 30,
    "ipEarned": 76,
    "createDate": 1399029129370,
    "fellowPlayers": [
      {
        "summonerId": 25178536,
        "teamId": 200,
        "championId": 67
      },
      {
        "summonerId": 39677385,
        "teamId": 100,
        "championId": 80
      },
      {
        "summonerId": 33516445,
        "teamId": 100,
        "championId": 18
      },
      {
        "summonerId": 25214984,
        "teamId": 100,
        "championId": 24
      },
      {
        "summonerId": 34231455,
        "teamId": 200,
        "championId": 48
      },
      {
        "summonerId": 26930138,
        "teamId": 200,
        "championId": 412
      },
      {
        "summonerId": 30760278,
        "teamId": 200,
        "championId": 84
      },
      {
        "summonerId": 40373757,
        "teamId": 100,
        "championId": 9
      },
      {
        "summonerId": 24164371,
        "teamId": 100,
        "championId": 238
      }
    ],
    "stats": {
      "level": 12,
      "goldEarned": 6613,
      "numDeaths": 1,
      "minionsKilled": 3,
      "championsKilled": 2,
      "goldSpent": 5872,
      "totalDamageDealt": 78737,
      "totalDamageTaken": 9623,
      "killingSprees": 1,
      "largestKillingSpree": 2,
      "team": 200,
      "win": true,
      "neutralMinionsKilled": 65,
      "largestMultiKill": 1,
      "physicalDamageDealtPlayer": 70536,
      "magicDamageDealtPlayer": 1004,
      "physicalDamageTaken": 8553,
      "magicDamageTaken": 994,
      "timePlayed": 1275,
      "totalHeal": 2473,
      "totalUnitsHealed": 1,
      "assists": 6,
      "item0": 3209,
      "item1": 3134,
      "item2": 3047,
      "item3": 3044,
      "item6": 3341,
      "physicalDamageDealtToChampions": 6118,
      "totalDamageDealtToChampions": 6600,
      "trueDamageDealtPlayer": 7196,
      "trueDamageDealtToChampions": 482,
      "trueDamageTaken": 75,
      "wardKilled": 1,
      "neutralMinionsKilledEnemyJungle": 5,
      "neutralMinionsKilledYourJungle": 60,
      "totalTimeCrowdControlDealt": 371
    }
  }
}